FULL_ADDR,COUNTY,TOWN,VILLAGE,NEIGHBORHOOD,ROAD,SECTION,LANE,ALLEY,SUB_ALLEY,TONG,NUMBER,X,Y
金門縣金沙鎮汶沙里13鄰和平路2號,09020,0902002,0902002-001,13鄰,和平路,,,,,,2號,120.412028259141,24.4904731534214
金門縣金沙鎮汶沙里13鄰和平路7號,09020,0902002,0902002-001,13鄰,和平路,,,,,,7號,120.411970516749,24.4905421786076
金門縣金沙鎮汶沙里13鄰和平路8號,09020,0902002,0902002-001,13鄰,和平路,,,,,,8號,120.41196012547,24.4905277825449
金門縣金沙鎮汶沙里13鄰和平路14號,09020,0902002,0902002-001,13鄰,和平路,,,,,,14號,120.411962111795,24.4906735132059
