FULL_ADDR,COUNTY,TOWN,VILLAGE,NEIGHBORHOOD,ROAD,SECTION,LANE,ALLEY,SUB_ALLEY,TONG,NUMBER,X,Y
金門縣金湖鎮瓊林里1鄰瓊義路350號,09020,0902003,0902003-005,1鄰,瓊義路,,,,,,350號,120.375486305237,24.4500352387169
金門縣金湖鎮瓊林里1鄰瓊義路350之1號,09020,0902003,0902003-005,1鄰,瓊義路,,,,,,350之1號,120.375591774411,24.4500484950031
金門縣金湖鎮瓊林里1鄰瓊義路351號,09020,0902003,0902003-005,1鄰,瓊義路,,,,,,351號,120.375084117237,24.4498498433343
金門縣金湖鎮瓊林里1鄰瓊義路423號,09020,0902003,0902003-005,1鄰,瓊義路,,,,,,423號,120.374384381732,24.451398710549
金門縣金湖鎮瓊林里1鄰瓊義路461號,09020,0902003,0902003-005,1鄰,瓊義路,,,,,,461號,120.37424047052,24.4522790439642
金門縣金湖鎮瓊林里1鄰瓊義路461號二樓,09020,0902003,0902003-005,1鄰,瓊義路,,,,,,461號二樓,120.37424047052,24.4522790439642
金門縣金湖鎮瓊林里1鄰瓊義路461號三樓,09020,0902003,0902003-005,1鄰,瓊義路,,,,,,461號三樓,120.37424047052,24.4522790439642
金門縣金湖鎮瓊林里12鄰瓊義路610號,09020,0902003,0902003-005,12鄰,瓊義路,,,,,,610號,120.371028124688,24.4556559849292
