FULL_ADDR,COUNTY,TOWN,VILLAGE,NEIGHBORHOOD,ROAD,SECTION,LANE,ALLEY,SUB_ALLEY,TONG,NUMBER,X,Y
金門縣金沙鎮何斗里16鄰玉章路100號,09020,0902002,0902002-005,16鄰,玉章路,,,,,,100號,120.403351566009,24.4573524886687
金門縣金湖鎮山外里17鄰玉章路956之5號,09020,0902003,0902003-002,17鄰,玉章路,,,,,,956之5號,120.431005424704,24.4699511625649
