FULL_ADDR,COUNTY,TOWN,VILLAGE,NEIGHBORHOOD,ROAD,SECTION,LANE,ALLEY,SUB_ALLEY,TONG,NUMBER,X,Y
金門縣烈嶼鄉林湖村5鄰八青路23巷11號,09020,0902005,0902005-004,5鄰,八青路,,23巷,,,,11號,120.243298016942,24.4269715974783
金門縣烈嶼鄉林湖村5鄰八青路1巷2弄26號,09020,0902005,0902005-004,5鄰,八青路,,1巷,2弄,,,26號,120.244107551762,24.4272957960028
金門縣烈嶼鄉林湖村4鄰八青路1巷4弄2號,09020,0902005,0902005-004,4鄰,八青路,,1巷,4弄,,,2號,120.246790980938,24.4266763656205
金門縣烈嶼鄉林湖村4鄰八青路1巷4弄5號,09020,0902005,0902005-004,4鄰,八青路,,1巷,4弄,,,5號,120.246742745831,24.4261806383719
金門縣烈嶼鄉林湖村4鄰八青路1巷4弄15號,09020,0902005,0902005-004,4鄰,八青路,,1巷,4弄,,,15號,120.246031903445,24.4257263927597
金門縣烈嶼鄉林湖村4鄰八青路1巷5弄9號,09020,0902005,0902005-004,4鄰,八青路,,1巷,5弄,,,9號,120.247285847727,24.4254565420022
金門縣烈嶼鄉林湖村4鄰八青路1巷5弄58號,09020,0902005,0902005-004,4鄰,八青路,,1巷,5弄,,,58號,120.244783271292,24.4237779435629
