FULL_ADDR,COUNTY,TOWN,VILLAGE,NEIGHBORHOOD,ROAD,SECTION,LANE,ALLEY,SUB_ALLEY,TONG,NUMBER,X,Y
金門縣金湖鎮新湖里30鄰環島南路湖前段2號,09020,0902003,0902003-006,30鄰,環島南路湖前段,,,,,,2號,120.409685872271,24.4361607388252
金門縣金湖鎮新湖里30鄰環島南路湖前段4號,09020,0902003,0902003-006,30鄰,環島南路湖前段,,,,,,4號,120.409651125879,24.4361782363729
金門縣金湖鎮新湖里30鄰環島南路湖前段6號,09020,0902003,0902003-006,30鄰,環島南路湖前段,,,,,,6號,120.409617657118,24.4361945651617
金門縣金湖鎮新湖里30鄰環島南路湖前段8號,09020,0902003,0902003-006,30鄰,環島南路湖前段,,,,,,8號,120.409581645067,24.4362085365437
金門縣金湖鎮新湖里30鄰環島南路湖前段10號,09020,0902003,0902003-006,30鄰,環島南路湖前段,,,,,,10號,120.409546910691,24.4362213301383
金門縣金湖鎮新湖里30鄰環島南路湖前段12號,09020,0902003,0902003-006,30鄰,環島南路湖前段,,,,,,12號,120.409512164264,24.4362388276532
金門縣金湖鎮新湖里30鄰環島南路湖前段14號,09020,0902003,0902003-006,30鄰,環島南路湖前段,,,,,,14號,120.409478706444,24.4362527999513
