FULL_ADDR,COUNTY,TOWN,VILLAGE,NEIGHBORHOOD,ROAD,SECTION,LANE,ALLEY,SUB_ALLEY,TONG,NUMBER,X,Y
金門縣金湖鎮瓊林里23鄰中山路8之5號,09020,0902003,0902003-005,23鄰,中山路,,,,,,8之5號,120.362194619034,24.4411713895917
金門縣金湖鎮瓊林里23鄰中山路8之6號,09020,0902003,0902003-005,23鄰,中山路,,,,,,8之6號,120.3625433748,24.4418334796407
金門縣金湖鎮瓊林里23鄰中山路8之7號,09020,0902003,0902003-005,23鄰,中山路,,,,,,8之7號,120.363234341288,24.441743548176
金門縣金湖鎮瓊林里23鄰中山路8之3號,09020,0902003,0902003-005,23鄰,中山路,,,,,,8之3號,120.36267114942,24.4405588968603
金門縣金湖鎮瓊林里23鄰中山路8之8號,09020,0902003,0902003-005,23鄰,中山路,,,,,,8之8號,120.364237497249,24.4414673912283
金門縣金寧鄉后盤村4鄰中山路1巷25號,09020,0902004,0902004-003,4鄰,中山路,,1巷,,,,25號,120.363035183028,24.4427165254628
