FULL_ADDR,COUNTY,TOWN,VILLAGE,NEIGHBORHOOD,ROAD,SECTION,LANE,ALLEY,SUB_ALLEY,TONG,NUMBER,X,Y
金門縣金城鎮南門里11鄰賢城路1號,09020,0902001,0902001-003,11鄰,賢城路,,,,,,1號,120.319045809261,24.4249575015806
金門縣金城鎮南門里11鄰賢城路3號,09020,0902001,0902001-003,11鄰,賢城路,,,,,,3號,120.317508103178,24.4248474581704
金門縣金城鎮南門里11鄰賢城路8號,09020,0902001,0902001-003,11鄰,賢城路,,,,,,8號,120.317904083356,24.4273706202288
