FULL_ADDR,COUNTY,TOWN,VILLAGE,NEIGHBORHOOD,ROAD,SECTION,LANE,ALLEY,SUB_ALLEY,TONG,NUMBER,X,Y
金門縣金湖鎮新湖里19鄰少康路16巷2號,09020,0902003,0902003-006,19鄰,少康路,,16巷,,,,2號,120.428437600852,24.4347834511179
金門縣金湖鎮新湖里19鄰少康路173號,09020,0902003,0902003-006,19鄰,少康路,,,,,,173號,120.426706937911,24.4321430313972
