FULL_ADDR,COUNTY,TOWN,VILLAGE,NEIGHBORHOOD,ROAD,SECTION,LANE,ALLEY,SUB_ALLEY,TONG,NUMBER,X,Y
彰化縣員林鎮南平里16鄰復興一街106號,10007,1000710,1000710-013,16鄰,復興一街,,,,,,106號,120.566793159853,23.9712688495701
彰化縣員林鎮南平里16鄰復興一街108號,10007,1000710,1000710-013,16鄰,復興一街,,,,,,108號,120.566770831095,23.9713932121947
彰化縣員林鎮南平里16鄰復興一街110號,10007,1000710,1000710-013,16鄰,復興一街,,,,,,110號,120.56671237566,23.9714483976241
彰化縣員林鎮南平里16鄰復興一街130號,10007,1000710,1000710-013,16鄰,復興一街,,,,,,130號,120.566248055074,23.9714250541924
彰化縣員林鎮南平里16鄰復興一街132號,10007,1000710,1000710-013,16鄰,復興一街,,,,,,132號,120.56619303496,23.9714226413202
彰化縣員林鎮南平里16鄰復興一街136號,10007,1000710,1000710-013,16鄰,復興一街,,,,,,136號,120.566144821646,23.9714123017663
彰化縣員林鎮南平里16鄰復興一街138號,10007,1000710,1000710-013,16鄰,復興一街,,,,,,138號,120.566095491159,23.9714127943634
彰化縣員林鎮南平里16鄰復興一街140號,10007,1000710,1000710-013,16鄰,復興一街,,,,,,140號,120.565985155556,23.9714081482436
