FULL_ADDR,COUNTY,TOWN,VILLAGE,NEIGHBORHOOD,ROAD,SECTION,LANE,ALLEY,SUB_ALLEY,TONG,NUMBER,X,Y
雲林縣北港鎮中和里1鄰傳廣路360巷36號,10009,1000906,1000906-005,1鄰,傳廣路,,360巷,,,,36號,120.304273085725,23.5668608423516
雲林縣北港鎮中和里1鄰傳廣路360巷165號,10009,1000906,1000906-005,1鄰,傳廣路,,360巷,,,,165號,120.304246740707,23.5667909434745
