FULL_ADDR,COUNTY,TOWN,VILLAGE,NEIGHBORHOOD,ROAD,SECTION,LANE,ALLEY,SUB_ALLEY,TONG,NUMBER,X,Y
彰化縣伸港鄉全興村16鄰西濱路三段1129號,10007,1000705,1000705-008,16鄰,西濱路,三段,,,,,1129號,120.486340069378,24.1817067969012
彰化縣伸港鄉蚵寮村18鄰西濱路二段514號,10007,1000705,1000705-002,18鄰,西濱路,二段,,,,,514號,120.456460518909,24.1530337501169
