FULL_ADDR,COUNTY,TOWN,VILLAGE,NEIGHBORHOOD,ROAD,SECTION,LANE,ALLEY,SUB_ALLEY,TONG,NUMBER,X,Y
苗栗縣後龍鎮校椅里11鄰槺榔九街22號,10005,1000506,1000506-007,11鄰,槺榔九街,,,,,,22號,120.821831970829,24.6127312446548
苗栗縣後龍鎮校椅里11鄰槺榔九街38號,10005,1000506,1000506-007,11鄰,槺榔九街,,,,,,38號,120.82146143263,24.612721686373
苗栗縣後龍鎮校椅里11鄰槺榔九街43號,10005,1000506,1000506-007,11鄰,槺榔九街,,,,,,43號,120.821307446403,24.6124560562495
