FULL_ADDR,COUNTY,TOWN,VILLAGE,NEIGHBORHOOD,ROAD,SECTION,LANE,ALLEY,SUB_ALLEY,TONG,NUMBER,X,Y
苗栗縣竹南鎮頂埔里10鄰科北六路2號,10005,1000504,1000504-020,10鄰,科北六路,,,,,,2號,120.913323253179,24.7131078112993
苗栗縣竹南鎮頂埔里10鄰科北六路6號,10005,1000504,1000504-020,10鄰,科北六路,,,,,,6號,120.91289287641,24.713059411862
