FULL_ADDR,COUNTY,TOWN,VILLAGE,NEIGHBORHOOD,ROAD,SECTION,LANE,ALLEY,SUB_ALLEY,TONG,NUMBER,X,Y
彰化縣二林鎮西平里15鄰培德街36號,10007,1000720,1000720-003,15鄰,培德街,,,,,,36號,120.364573431336,23.8976298943556
彰化縣二林鎮西平里14鄰培德街臨79號,10007,1000720,1000720-003,14鄰,培德街,,,,,,臨79號,120.364777572143,23.8968521389202
彰化縣二林鎮西平里15鄰培德街146號,10007,1000720,1000720-003,15鄰,培德街,,,,,,146號,120.363881599116,23.8965189564368
彰化縣二林鎮西平里15鄰培德街148號,10007,1000720,1000720-003,15鄰,培德街,,,,,,148號,120.363717033157,23.896533535388
彰化縣二林鎮西平里15鄰培德街166號,10007,1000720,1000720-003,15鄰,培德街,,,,,,166號,120.363388307365,23.8965880397499
