FULL_ADDR,COUNTY,TOWN,VILLAGE,NEIGHBORHOOD,ROAD,SECTION,LANE,ALLEY,SUB_ALLEY,TONG,NUMBER,X,Y
苗栗縣頭份鎮尖山里7鄰中華路市場巷1弄1號,10005,1000505,1000505-022,7鄰,中華路市場巷,,,1弄,,,1號,120.879528040892,24.6643963376049
苗栗縣頭份鎮尖山里7鄰中華路市場巷1弄4號,10005,1000505,1000505-022,7鄰,中華路市場巷,,,1弄,,,4號,120.879481479087,24.6645057922155
苗栗縣頭份鎮尖山里7鄰中華路市場巷1弄7號,10005,1000505,1000505-022,7鄰,中華路市場巷,,,1弄,,,7號,120.879457633474,24.6643255587403
苗栗縣頭份鎮尖山里7鄰中華路市場巷1弄9號,10005,1000505,1000505-022,7鄰,中華路市場巷,,,1弄,,,9號,120.879399671173,24.6642383755191
苗栗縣頭份鎮尖山里7鄰中華路市場巷1弄11號,10005,1000505,1000505-022,7鄰,中華路市場巷,,,1弄,,,11號,120.87938065765,24.664211761485
苗栗縣頭份鎮尖山里5鄰中華路市場巷1弄14號,10005,1000505,1000505-022,5鄰,中華路市場巷,,,1弄,,,14號,120.879323650853,24.6642509457367
苗栗縣頭份鎮尖山里5鄰中華路市場巷1弄16號,10005,1000505,1000505-022,5鄰,中華路市場巷,,,1弄,,,16號,120.879264272808,24.6642079571797
苗栗縣頭份鎮尖山里7鄰中華路市場巷1弄18號,10005,1000505,1000505-022,7鄰,中華路市場巷,,,1弄,,,18號,120.879192507954,24.6641106595865
