FULL_ADDR,COUNTY,TOWN,VILLAGE,NEIGHBORHOOD,ROAD,SECTION,LANE,ALLEY,SUB_ALLEY,TONG,NUMBER,X,Y
彰化縣田中鎮三光里1鄰站區六路15號,10007,1000712,1000712-021,1鄰,站區六路,,,,,,15號,120.567808807959,23.8720248118895
彰化縣田中鎮三光里1鄰站區六路17號,10007,1000712,1000712-021,1鄰,站區六路,,,,,,17號,120.567721663744,23.8719807738836
