FULL_ADDR,COUNTY,TOWN,VILLAGE,NEIGHBORHOOD,ROAD,SECTION,LANE,ALLEY,SUB_ALLEY,TONG,NUMBER,X,Y
雲林縣斗六市成功里18鄰中正五街65號,10009,1000901,1000901-038,18鄰,中正五街,,,,,,65號,120.550998812333,23.7026152503349
雲林縣斗六市成功里18鄰中正五街71號,10009,1000901,1000901-038,18鄰,中正五街,,,,,,71號,120.550763697595,23.7025181305299
雲林縣斗六市成功里18鄰中正五街77號,10009,1000901,1000901-038,18鄰,中正五街,,,,,,77號,120.550591268666,23.7024426831641
雲林縣斗六市成功里18鄰中正五街79號,10009,1000901,1000901-038,18鄰,中正五街,,,,,,79號,120.55053989084,23.7024121037669
