FULL_ADDR,COUNTY,TOWN,VILLAGE,NEIGHBORHOOD,ROAD,SECTION,LANE,ALLEY,SUB_ALLEY,TONG,NUMBER,X,Y
彰化縣社頭鄉湳底村10鄰湳底西路16號,10007,1000717,1000717-011,10鄰,湳底西路,,,,,,16號,120.56934321853,23.908935428453
彰化縣社頭鄉湳底村10鄰湳底西路38號,10007,1000717,1000717-011,10鄰,湳底西路,,,,,,38號,120.56921679919,23.9100240425425
彰化縣社頭鄉湳底村10鄰湳底西路40號,10007,1000717,1000717-011,10鄰,湳底西路,,,,,,40號,120.569198312022,23.9101196132751
彰化縣社頭鄉湳底村10鄰湳底西路42號,10007,1000717,1000717-011,10鄰,湳底西路,,,,,,42號,120.569057650766,23.9102123133866
彰化縣社頭鄉湳底村10鄰湳底西路118號,10007,1000717,1000717-011,10鄰,湳底西路,,,,,,118號,120.567727515138,23.9147783232315
彰化縣社頭鄉湳底村10鄰湳底西路120號,10007,1000717,1000717-011,10鄰,湳底西路,,,,,,120號,120.567598300888,23.9150597707087
