FULL_ADDR,COUNTY,TOWN,VILLAGE,NEIGHBORHOOD,ROAD,SECTION,LANE,ALLEY,SUB_ALLEY,TONG,NUMBER,X,Y
苗栗縣頭份鎮自強里16鄰長治街華美巷1號,10005,1000505,1000505-030,16鄰,長治街華美巷,,,,,,1號,120.911097106073,24.6903338335005
苗栗縣頭份鎮自強里16鄰長治街華美巷3號,10005,1000505,1000505-030,16鄰,長治街華美巷,,,,,,3號,120.911072444138,24.6903697713756
苗栗縣頭份鎮自強里16鄰長治街華美巷5號,10005,1000505,1000505-030,16鄰,長治街華美巷,,,,,,5號,120.911047772306,24.6904057092405
苗栗縣頭份鎮自強里16鄰長治街華美巷7號,10005,1000505,1000505-030,16鄰,長治街華美巷,,,,,,7號,120.911023110343,24.6904416471071
