FULL_ADDR,COUNTY,TOWN,VILLAGE,NEIGHBORHOOD,ROAD,SECTION,LANE,ALLEY,SUB_ALLEY,TONG,NUMBER,X,Y
雲林縣北港鎮中和里3鄰更生北路154巷24號,10009,1000906,1000906-005,3鄰,更生北路,,154巷,,,,24號,120.30342646993,23.5667145635899
雲林縣北港鎮中和里3鄰更生北路154巷26號,10009,1000906,1000906-005,3鄰,更生北路,,154巷,,,,26號,120.303437416956,23.566761891772
雲林縣北港鎮中和里3鄰更生北路154巷28號,10009,1000906,1000906-005,3鄰,更生北路,,154巷,,,,28號,120.303462685879,23.5670562083199
