FULL_ADDR,COUNTY,TOWN,VILLAGE,NEIGHBORHOOD,ROAD,SECTION,LANE,ALLEY,SUB_ALLEY,TONG,NUMBER,X,Y
彰化縣伸港鄉溪底村13鄰工六路2號,10007,1000705,1000705-004,13鄰,工六路,,,,,,2號,120.508752248823,24.1657206860218
彰化縣伸港鄉溪底村13鄰工六路2之1號,10007,1000705,1000705-004,13鄰,工六路,,,,,,2之1號,120.50905546942,24.1657431516167
彰化縣伸港鄉溪底村13鄰工六路2之3號,10007,1000705,1000705-004,13鄰,工六路,,,,,,2之3號,120.509276118768,24.1656377689581
彰化縣伸港鄉溪底村13鄰工六路6號,10007,1000705,1000705-004,13鄰,工六路,,,,,,6號,120.506571100301,24.1658075494903
彰化縣伸港鄉溪底村13鄰工六路7號,10007,1000705,1000705-004,13鄰,工六路,,,,,,7號,120.506773897304,24.166046123671
