FULL_ADDR,COUNTY,TOWN,VILLAGE,NEIGHBORHOOD,ROAD,SECTION,LANE,ALLEY,SUB_ALLEY,TONG,NUMBER,X,Y
彰化縣溪州鄉圳寮村11鄰苗環一路275號,10007,1000726,1000726-006,11鄰,苗環一路,,,,,,275號,120.513325080666,23.8279641461681
彰化縣溪州鄉圳寮村11鄰苗環一路419號,10007,1000726,1000726-006,11鄰,苗環一路,,,,,,419號,120.51114677949,23.8295172907355
彰化縣溪州鄉圳寮村11鄰苗環一路425號,10007,1000726,1000726-006,11鄰,苗環一路,,,,,,425號,120.511128225195,23.8297013445317
