FULL_ADDR,COUNTY,TOWN,VILLAGE,NEIGHBORHOOD,ROAD,SECTION,LANE,ALLEY,SUB_ALLEY,TONG,NUMBER,X,Y
彰化縣鹿港鎮東石里25鄰吉安三街48號,10007,1000702,1000702-008,25鄰,吉安三街,,,,,,48號,120.40082427734,24.0606695364435
彰化縣鹿港鎮東石里25鄰吉安三街50號,10007,1000702,1000702-008,25鄰,吉安三街,,,,,,50號,120.400785250586,24.0606460883709
彰化縣鹿港鎮東石里25鄰吉安三街52號,10007,1000702,1000702-008,25鄰,吉安三街,,,,,,52號,120.400743822021,24.0606316600585
彰化縣鹿港鎮東石里25鄰吉安三街56號,10007,1000702,1000702-008,25鄰,吉安三街,,,,,,56號,120.400707243032,24.0606104788447
彰化縣鹿港鎮東石里25鄰吉安三街58號,10007,1000702,1000702-008,25鄰,吉安三街,,,,,,58號,120.400663340749,24.0605993816186
彰化縣鹿港鎮東石里25鄰吉安三街60號,10007,1000702,1000702-008,25鄰,吉安三街,,,,,,60號,120.400618269011,24.0605860225061
彰化縣鹿港鎮東石里25鄰吉安三街118號,10007,1000702,1000702-008,25鄰,吉安三街,,,,,,118號,120.399242398136,24.0601696197331
