FULL_ADDR,COUNTY,TOWN,VILLAGE,NEIGHBORHOOD,ROAD,SECTION,LANE,ALLEY,SUB_ALLEY,TONG,NUMBER,X,Y
新竹縣竹東鎮榮華里33鄰水資路20之1I-(臨),10004,1000402,1000402-023,33鄰,水資路,,,,,,20之1I-(臨),121.083163984993,24.749262616127
新竹縣竹東鎮榮華里35鄰水資路32之1I-(臨),10004,1000402,1000402-023,35鄰,水資路,,,,,,32之1I-(臨),121.082689219482,24.7500148775263
新竹縣竹東鎮榮華里35鄰水資路45之5I-(臨),10004,1000402,1000402-023,35鄰,水資路,,,,,,45之5I-(臨),121.081525334082,24.7500261690323
新竹縣竹東鎮榮華里35鄰水資路45之1I-(臨),10004,1000402,1000402-023,35鄰,水資路,,,,,,45之1I-(臨),121.081573738855,24.7499628516528
新竹縣竹東鎮榮華里35鄰水資路46之1I-(臨),10004,1000402,1000402-023,35鄰,水資路,,,,,,46之1I-(臨),121.081827566358,24.7501587258945
新竹縣竹東鎮榮華里35鄰水資路61之1I-(臨),10004,1000402,1000402-023,35鄰,水資路,,,,,,61之1I-(臨),121.081120669636,24.7503443786897
新竹縣竹東鎮榮華里35鄰水資路77之1I-(臨),10004,1000402,1000402-023,35鄰,水資路,,,,,,77之1I-(臨),121.080150898895,24.7510290034481
新竹縣竹東鎮榮華里35鄰水資路299I-,10004,1000402,1000402-023,35鄰,水資路,,,,,,299I-,121.073130709219,24.7566106900259
