FULL_ADDR,COUNTY,TOWN,VILLAGE,NEIGHBORHOOD,ROAD,SECTION,LANE,ALLEY,SUB_ALLEY,TONG,NUMBER,X,Y
彰化縣埔心鄉舊?村5鄰大展路252號,10007,1000715,1000715-000,5鄰,大展路,,,,,,252號,120.52111681953,23.9548774755694
彰化縣埔心鄉舊?村5鄰大展路256號,10007,1000715,1000715-000,5鄰,大展路,,,,,,256號,120.521100048255,23.9549811622511
彰化縣埔心鄉舊?村5鄰大展路412號,10007,1000715,1000715-000,5鄰,大展路,,,,,,412號,120.520977227371,23.9587224246815
彰化縣埔心鄉舊?村5鄰大展路430號,10007,1000715,1000715-000,5鄰,大展路,,,,,,430號,120.520691903661,23.95901008716
彰化縣埔心鄉舊?村5鄰大展路436號,10007,1000715,1000715-000,5鄰,大展路,,,,,,436號,120.521589324103,23.9595532063392
彰化縣埔心鄉芎蕉村7鄰大展路105巷20號,10007,1000715,1000715-016,7鄰,大展路,,105巷,,,,20號,120.51973286435,23.9522327704697
彰化縣埔心鄉芎蕉村7鄰大展路105巷22號,10007,1000715,1000715-016,7鄰,大展路,,105巷,,,,22號,120.519696467607,23.9522235278904
彰化縣埔心鄉芎蕉村7鄰大展路239號,10007,1000715,1000715-016,7鄰,大展路,,,,,,239號,120.520416879855,23.9542623380068
彰化縣埔心鄉芎蕉村7鄰大展路239號之2,10007,1000715,1000715-016,7鄰,大展路,,,,,,239號之2,120.520688477475,23.9543256425246
