FULL_ADDR,COUNTY,TOWN,VILLAGE,NEIGHBORHOOD,ROAD,SECTION,LANE,ALLEY,SUB_ALLEY,TONG,NUMBER,X,Y
苗栗縣銅鑼鄉九湖村12鄰銅科一路1號,10005,1000510,1000510-005,12鄰,銅科一路,,,,,,1號,120.764688839883,24.4673764396308
苗栗縣銅鑼鄉九湖村12鄰銅科一路3號,10005,1000510,1000510-005,12鄰,銅科一路,,,,,,3號,120.7655094041,24.4662434499951
苗栗縣銅鑼鄉九湖村12鄰銅科一路6號,10005,1000510,1000510-005,12鄰,銅科一路,,,,,,6號,120.767249838405,24.4616881671502
苗栗縣銅鑼鄉九湖村12鄰銅科一路8號,10005,1000510,1000510-005,12鄰,銅科一路,,,,,,8號,120.766075098197,24.4613855533451
苗栗縣銅鑼鄉九湖村12鄰銅科一路8之2號,10005,1000510,1000510-005,12鄰,銅科一路,,,,,,8之2號,120.763973184458,24.4602258452016
苗栗縣銅鑼鄉九湖村12鄰銅科一路10號,10005,1000510,1000510-005,12鄰,銅科一路,,,,,,10號,120.762779887046,24.4595464606718
