FULL_ADDR,COUNTY,TOWN,VILLAGE,NEIGHBORHOOD,ROAD,SECTION,LANE,ALLEY,SUB_ALLEY,TONG,NUMBER,X,Y
彰化縣永靖鄉四芳村2鄰古嶺路2號,10007,1000716,1000716-022,2鄰,古嶺路,,,,,,2號,120.524989022257,23.9267944149734
彰化縣永靖鄉四芳村2鄰古嶺路6號,10007,1000716,1000716-022,2鄰,古嶺路,,,,,,6號,120.5251689703,23.9283901685573
彰化縣永靖鄉四芳村2鄰古嶺路7號,10007,1000716,1000716-022,2鄰,古嶺路,,,,,,7號,120.524473902383,23.9284546567313
彰化縣永靖鄉四芳村2鄰古嶺路10號,10007,1000716,1000716-022,2鄰,古嶺路,,,,,,10號,120.524696059703,23.9288608205788
彰化縣永靖鄉四芳村2鄰古嶺路12號,10007,1000716,1000716-022,2鄰,古嶺路,,,,,,12號,120.524511396064,23.9293697451533
