FULL_ADDR,COUNTY,TOWN,VILLAGE,NEIGHBORHOOD,ROAD,SECTION,LANE,ALLEY,SUB_ALLEY,TONG,NUMBER,X,Y
雲林縣虎尾鎮平和里18鄰大成二街1號,10009,1000903,1000903-008,18鄰,大成二街,,,,,,1號,120.445429102333,23.7125947820646
雲林縣虎尾鎮平和里18鄰大成二街3號,10009,1000903,1000903-008,18鄰,大成二街,,,,,,3號,120.445508174557,23.7125415197556
雲林縣虎尾鎮平和里18鄰大成二街5號,10009,1000903,1000903-008,18鄰,大成二街,,,,,,5號,120.445570471519,23.7125359640256
雲林縣虎尾鎮平和里18鄰大成二街13號,10009,1000903,1000903-008,18鄰,大成二街,,,,,,13號,120.445765161574,23.7125302504696
雲林縣虎尾鎮平和里18鄰大成二街15號,10009,1000903,1000903-008,18鄰,大成二街,,,,,,15號,120.445839913029,23.7125247392409
雲林縣虎尾鎮平和里19鄰大成二街16號,10009,1000903,1000903-008,19鄰,大成二街,,,,,,16號,120.445366811217,23.712343806054
