FULL_ADDR,COUNTY,TOWN,VILLAGE,NEIGHBORHOOD,ROAD,SECTION,LANE,ALLEY,SUB_ALLEY,TONG,NUMBER,X,Y
雲林縣北港鎮新街里5鄰聖母八街18號,10009,1000906,1000906-016,5鄰,聖母八街,,,,,,18號,120.31466657322,23.5935358040026
雲林縣北港鎮新街里5鄰聖母八街20號,10009,1000906,1000906-016,5鄰,聖母八街,,,,,,20號,120.31466051776,23.5935886908082
雲林縣北港鎮新街里5鄰聖母八街22號,10009,1000906,1000906-016,5鄰,聖母八街,,,,,,22號,120.31465448481,23.5936372434989
雲林縣北港鎮新街里5鄰聖母八街26號,10009,1000906,1000906-016,5鄰,聖母八街,,,,,,26號,120.314662487222,23.5936999443126
雲林縣北港鎮新街里5鄰聖母八街42號,10009,1000906,1000906-016,5鄰,聖母八街,,,,,,42號,120.314641418166,23.594096702761
雲林縣北港鎮新街里5鄰聖母八街46號,10009,1000906,1000906-016,5鄰,聖母八街,,,,,,46號,120.314634980141,23.5941477819508
雲林縣北港鎮新街里5鄰聖母八街48號,10009,1000906,1000906-016,5鄰,聖母八街,,,,,,48號,120.314630666629,23.5942048300579
雲林縣北港鎮新街里5鄰聖母八街50號,10009,1000906,1000906-016,5鄰,聖母八街,,,,,,50號,120.314622099312,23.594269715155
