FULL_ADDR,COUNTY,TOWN,VILLAGE,NEIGHBORHOOD,ROAD,SECTION,LANE,ALLEY,SUB_ALLEY,TONG,NUMBER,X,Y
彰化縣芳苑鄉漢寶村4鄰大同二路臨225號,10007,1000723,1000723-026,4鄰,大同二路,,,,,,臨225號,120.358667468093,24.0014197038502
彰化縣芳苑鄉漢寶村6鄰大同二路建856號,10007,1000723,1000723-026,6鄰,大同二路,,,,,,建856號,120.361443977589,24.0108479285521
彰化縣芳苑鄉漢寶村4鄰大同二路321號,10007,1000723,1000723-026,4鄰,大同二路,,,,,,321號,120.359297238618,24.0034326871059
彰化縣芳苑鄉漢寶村4鄰大同二路臨375號,10007,1000723,1000723-026,4鄰,大同二路,,,,,,臨375號,120.359601291434,24.004554028925
彰化縣芳苑鄉漢寶村6鄰大同二路503號,10007,1000723,1000723-026,6鄰,大同二路,,,,,,503號,120.360161973407,24.0070082471309
彰化縣芳苑鄉漢寶村5鄰大同二路809號,10007,1000723,1000723-026,5鄰,大同二路,,,,,,809號,120.361474658012,24.0138515248302
彰化縣芳苑鄉漢寶村6鄰大同二路809號,10007,1000723,1000723-026,6鄰,大同二路,,,,,,809號,120.361994033793,24.013754547329
