FULL_ADDR,COUNTY,TOWN,VILLAGE,NEIGHBORHOOD,ROAD,SECTION,LANE,ALLEY,SUB_ALLEY,TONG,NUMBER,X,Y
新竹縣竹北市新港里9鄰新港一街91I-,10004,1000401,1000401-016,9鄰,新港一街,,,,,,91I-,120.943585717847,24.8491699219823
新竹縣竹北市新港里9鄰新港一街93I-,10004,1000401,1000401-016,9鄰,新港一街,,,,,,93I-,120.943661623059,24.8491436775035
新竹縣竹北市新港里9鄰新港一街107I-臨,10004,1000401,1000401-016,9鄰,新港一街,,,,,,107I-臨,120.94410680386,24.848895378642
新竹縣竹北市新港里8鄰新港一街147I-臨,10004,1000401,1000401-016,8鄰,新港一街,,,,,,147I-臨,120.944887839663,24.8485844541766
新竹縣竹北市新港里8鄰新港一街151I-,10004,1000401,1000401-016,8鄰,新港一街,,,,,,151I-,120.945114953011,24.848520705825
