FULL_ADDR,COUNTY,TOWN,VILLAGE,NEIGHBORHOOD,ROAD,SECTION,LANE,ALLEY,SUB_ALLEY,TONG,NUMBER,X,Y
彰化縣鹿港鎮山崙里21鄰崙工北五路12號,10007,1000702,1000702-025,21鄰,崙工北五路,,,,,,12號,120.404502063291,24.1062652193606
彰化縣鹿港鎮山崙里21鄰崙工北五路68號,10007,1000702,1000702-025,21鄰,崙工北五路,,,,,,68號,120.408352402274,24.1215428199054
