FULL_ADDR,COUNTY,TOWN,VILLAGE,NEIGHBORHOOD,ROAD,SECTION,LANE,ALLEY,SUB_ALLEY,TONG,NUMBER,X,Y
雲林縣虎尾鎮墾地里10鄰科虎一路2之1號,10009,1000903,1000903-015,10鄰,科虎一路,,,,,,2之1號,120.404867002381,23.7365880015264
雲林縣虎尾鎮墾地里10鄰科虎一路8號,10009,1000903,1000903-015,10鄰,科虎一路,,,,,,8號,120.405141876393,23.7360634669141
雲林縣虎尾鎮墾地里10鄰科虎一路11號,10009,1000903,1000903-015,10鄰,科虎一路,,,,,,11號,120.404092086898,23.7389251068177
雲林縣虎尾鎮墾地里10鄰科虎一路16號,10009,1000903,1000903-015,10鄰,科虎一路,,,,,,16號,120.405341670974,23.7365013201703
