FULL_ADDR,COUNTY,TOWN,VILLAGE,NEIGHBORHOOD,ROAD,SECTION,LANE,ALLEY,SUB_ALLEY,TONG,NUMBER,X,Y
雲林縣北港鎮中和里5鄰精誠路59巷2弄1號,10009,1000906,1000906-005,5鄰,精誠路,,59巷,2弄,,,1號,120.304180226241,23.5662648504769
雲林縣北港鎮中和里4鄰精誠路59巷2弄3號,10009,1000906,1000906-005,4鄰,精誠路,,59巷,2弄,,,3號,120.303658984206,23.5666288937495
雲林縣北港鎮中和里4鄰精誠路59巷2弄5號,10009,1000906,1000906-005,4鄰,精誠路,,59巷,2弄,,,5號,120.303611637973,23.5666071911493
雲林縣北港鎮中和里5鄰精誠路152號,10009,1000906,1000906-005,5鄰,精誠路,,,,,,152號,120.304138616963,23.5662921413942
