FULL_ADDR,COUNTY,TOWN,VILLAGE,NEIGHBORHOOD,ROAD,SECTION,LANE,ALLEY,SUB_ALLEY,TONG,NUMBER,X,Y
彰化縣二水鄉上豊村13鄰坑底路1號,10007,1000718,1000718-002,13鄰,坑底路,,,,,,1號,120.62436677542,23.8175133422686
彰化縣二水鄉上豊村8鄰坑底路3號,10007,1000718,1000718-002,8鄰,坑底路,,,,,,3號,120.621613417152,23.8193442911308
彰化縣二水鄉上豊村8鄰坑底路5號,10007,1000718,1000718-002,8鄰,坑底路,,,,,,5號,120.621289390079,23.8195823572212
