FULL_ADDR,COUNTY,TOWN,VILLAGE,NEIGHBORHOOD,ROAD,SECTION,LANE,ALLEY,SUB_ALLEY,TONG,NUMBER,X,Y
彰化縣芳苑鄉王功村15鄰漁富路建153號,10007,1000723,1000723-015,15鄰,漁富路,,,,,,建153號,120.33790846421,23.9736542097055
彰化縣芳苑鄉王功村15鄰漁富路建47號,10007,1000723,1000723-015,15鄰,漁富路,,,,,,建47號,120.340170498165,23.9726506048996
彰化縣芳苑鄉王功村15鄰漁富路建172號,10007,1000723,1000723-015,15鄰,漁富路,,,,,,建172號,120.337783229983,23.9742015613136
彰化縣芳苑鄉王功村15鄰漁富路臨102號,10007,1000723,1000723-015,15鄰,漁富路,,,,,,臨102號,120.341279895432,23.9736929171487
彰化縣芳苑鄉王功村15鄰漁富路建5號,10007,1000723,1000723-015,15鄰,漁富路,,,,,,建5號,120.342443979839,23.972405017238
彰化縣芳苑鄉王功村15鄰漁富路49號,10007,1000723,1000723-015,15鄰,漁富路,,,,,,49號,120.340170743283,23.9731234654884
彰化縣芳苑鄉王功村15鄰漁富路151號,10007,1000723,1000723-015,15鄰,漁富路,,,,,,151號,120.338037610022,23.9738219876913
彰化縣芳苑鄉王功村15鄰漁富路293號,10007,1000723,1000723-015,15鄰,漁富路,,,,,,293號,120.331419897976,23.9759039621915
