FULL_ADDR,COUNTY,TOWN,VILLAGE,NEIGHBORHOOD,ROAD,SECTION,LANE,ALLEY,SUB_ALLEY,TONG,NUMBER,X,Y
彰化縣員林鎮萬年里21鄰萬年六街21號,10007,1000710,1000710-024,21鄰,萬年六街,,,,,,21號,120.579922374134,23.9512891120148
彰化縣員林鎮萬年里21鄰萬年六街25號,10007,1000710,1000710-024,21鄰,萬年六街,,,,,,25號,120.580051042128,23.9513314509707
彰化縣員林鎮萬年里21鄰萬年六街27號,10007,1000710,1000710-024,21鄰,萬年六街,,,,,,27號,120.580103357503,23.9513473956003
彰化縣員林鎮萬年里21鄰萬年六街30號,10007,1000710,1000710-024,21鄰,萬年六街,,,,,,30號,120.580271010624,23.9512137662603
彰化縣員林鎮萬年里21鄰萬年六街42號,10007,1000710,1000710-024,21鄰,萬年六街,,,,,,42號,120.580504334698,23.9513105676792
彰化縣員林鎮萬年里21鄰萬年六街46號,10007,1000710,1000710-024,21鄰,萬年六街,,,,,,46號,120.58056871894,23.9513314210335
