FULL_ADDR,COUNTY,TOWN,VILLAGE,NEIGHBORHOOD,ROAD,SECTION,LANE,ALLEY,SUB_ALLEY,TONG,NUMBER,X,Y
苗栗縣後龍鎮北龍里11鄰龍和路26號,10005,1000506,1000506-003,11鄰,龍和路,,,,,,26號,120.791987797523,24.6158109587154
苗栗縣後龍鎮北龍里11鄰龍和路32號,10005,1000506,1000506-003,11鄰,龍和路,,,,,,32號,120.791990276247,24.6159245445357
苗栗縣後龍鎮大庄里14鄰龍和路16號,10005,1000506,1000506-004,14鄰,龍和路,,,,,,16號,120.791868507061,24.614363313312
苗栗縣後龍鎮大庄里14鄰龍和路18號,10005,1000506,1000506-004,14鄰,龍和路,,,,,,18號,120.791883369152,24.6144060762494
苗栗縣後龍鎮大庄里14鄰龍和路45號,10005,1000506,1000506-004,14鄰,龍和路,,,,,,45號,120.791706627071,24.6156862430732
