FULL_ADDR,COUNTY,TOWN,VILLAGE,NEIGHBORHOOD,ROAD,SECTION,LANE,ALLEY,SUB_ALLEY,TONG,NUMBER,X,Y
彰化縣芳苑鄉後寮村11鄰工區九路1號,10007,1000723,1000723-005,11鄰,工區九路,,,,,,1號,120.349408133719,23.9211307569437
彰化縣芳苑鄉後寮村11鄰工區九路6號,10007,1000723,1000723-005,11鄰,工區九路,,,,,,6號,120.350777555771,23.9212387765643
