FULL_ADDR,COUNTY,TOWN,VILLAGE,NEIGHBORHOOD,ROAD,SECTION,LANE,ALLEY,SUB_ALLEY,TONG,NUMBER,X,Y
新竹縣湖口鄉鳳山村1鄰仁德路4I-,10004,1000405,1000405-015,1鄰,仁德路,,,,,,4I-,121.01206012676,24.8696841086916
新竹縣湖口鄉鳳山村1鄰仁德路8I-,10004,1000405,1000405-015,1鄰,仁德路,,,,,,8I-,121.010711016916,24.8705538405162
新竹縣湖口鄉鳳山村1鄰仁德路8之1I-,10004,1000405,1000405-015,1鄰,仁德路,,,,,,8之1I-,121.010279818856,24.8704794756569
新竹縣湖口鄉鳳山村1鄰仁德路10I-,10004,1000405,1000405-015,1鄰,仁德路,,,,,,10I-,121.009810944654,24.8707735667236
新竹縣湖口鄉鳳山村1鄰仁德路12I-,10004,1000405,1000405-015,1鄰,仁德路,,,,,,12I-,121.009454881515,24.8709670712841
