FULL_ADDR,COUNTY,TOWN,VILLAGE,NEIGHBORHOOD,ROAD,SECTION,LANE,ALLEY,SUB_ALLEY,TONG,NUMBER,X,Y
彰化縣伸港鄉溪底村14鄰文工六街2號,10007,1000705,1000705-004,14鄰,文工六街,,,,,,2號,120.504929796953,24.1741741515351
彰化縣伸港鄉溪底村14鄰文工六街6號,10007,1000705,1000705-004,14鄰,文工六街,,,,,,6號,120.504976947263,24.1741721375973
彰化縣伸港鄉溪底村14鄰文工六街8號,10007,1000705,1000705-004,14鄰,文工六街,,,,,,8號,120.505026347594,24.1741736523152
彰化縣伸港鄉溪底村14鄰文工六街10號,10007,1000705,1000705-004,14鄰,文工六街,,,,,,10號,120.505068188933,24.1741701764543
彰化縣伸港鄉溪底村14鄰文工六街110號,10007,1000705,1000705-004,14鄰,文工六街,,,,,,110號,120.507280028372,24.1742271796401
彰化縣伸港鄉溪底村14鄰文工六街112號,10007,1000705,1000705-004,14鄰,文工六街,,,,,,112號,120.507318807298,24.1742266728859
彰化縣伸港鄉溪底村14鄰文工六街116號,10007,1000705,1000705-004,14鄰,文工六街,,,,,,116號,120.507361022175,24.1742284345086
彰化縣伸港鄉溪底村14鄰文工六街118號,10007,1000705,1000705-004,14鄰,文工六街,,,,,,118號,120.507401968713,24.1742273026951
彰化縣伸港鄉溪底村14鄰文工六街120號,10007,1000705,1000705-004,14鄰,文工六街,,,,,,120號,120.507442616187,24.174227163111
