FULL_ADDR,COUNTY,TOWN,VILLAGE,NEIGHBORHOOD,ROAD,SECTION,LANE,ALLEY,SUB_ALLEY,TONG,NUMBER,X,Y
彰化縣鹿港鎮東石里25鄰環工十六路1號,10007,1000702,1000702-008,25鄰,環工十六路,,,,,,1號,120.387545595749,24.0645660547596
彰化縣鹿港鎮東石里25鄰環工十六路2號,10007,1000702,1000702-008,25鄰,環工十六路,,,,,,2號,120.387187971973,24.0645628171453
彰化縣鹿港鎮東石里25鄰環工十六路3號,10007,1000702,1000702-008,25鄰,環工十六路,,,,,,3號,120.387560422246,24.0644049436738
彰化縣鹿港鎮東石里25鄰環工十六路6號,10007,1000702,1000702-008,25鄰,環工十六路,,,,,,6號,120.387197606763,24.0642733810129
彰化縣鹿港鎮東石里25鄰環工十六路7號,10007,1000702,1000702-008,25鄰,環工十六路,,,,,,7號,120.387563928847,24.0639355318905
彰化縣鹿港鎮東石里25鄰環工十六路8號,10007,1000702,1000702-008,25鄰,環工十六路,,,,,,8號,120.387225711643,24.0639460060862
彰化縣鹿港鎮東石里25鄰環工十六路10號,10007,1000702,1000702-008,25鄰,環工十六路,,,,,,10號,120.38723064426,24.0636320820838
