FULL_ADDR,COUNTY,TOWN,VILLAGE,NEIGHBORHOOD,ROAD,SECTION,LANE,ALLEY,SUB_ALLEY,TONG,NUMBER,X,Y
彰化縣田尾鄉田尾村3鄰田芳路建29號,10007,1000721,1000721-001,3鄰,田芳路,,,,,,建29號,120.523060973312,23.9022254844111
彰化縣田尾鄉田尾村3鄰田芳路1號,10007,1000721,1000721-001,3鄰,田芳路,,,,,,1號,120.521338534026,23.8997739477045
彰化縣田尾鄉田尾村3鄰田芳路50號,10007,1000721,1000721-001,3鄰,田芳路,,,,,,50號,120.521895334449,23.8998623805062
