FULL_ADDR,COUNTY,TOWN,VILLAGE,NEIGHBORHOOD,ROAD,SECTION,LANE,ALLEY,SUB_ALLEY,TONG,NUMBER,X,Y
苗栗縣卓蘭鎮上新里4鄰民有街德安巷1號,10005,1000507,1000507-003,4鄰,民有街德安巷,,,,,,1號,120.832663420868,24.30336213995
苗栗縣卓蘭鎮上新里4鄰民有街德安巷2號,10005,1000507,1000507-003,4鄰,民有街德安巷,,,,,,2號,120.832572923125,24.3032547734057
苗栗縣卓蘭鎮上新里4鄰民有街德安巷3號,10005,1000507,1000507-003,4鄰,民有街德安巷,,,,,,3號,120.832706902928,24.3033357323069
苗栗縣卓蘭鎮上新里4鄰民有街德安巷4號,10005,1000507,1000507-003,4鄰,民有街德安巷,,,,,,4號,120.832610295505,24.3032294425587
苗栗縣卓蘭鎮上新里4鄰民有街德安巷5號,10005,1000507,1000507-003,4鄰,民有街德安巷,,,,,,5號,120.832750286449,24.3033093245426
苗栗縣卓蘭鎮上新里4鄰民有街德安巷6號,10005,1000507,1000507-003,4鄰,民有街德安巷,,,,,,6號,120.832647667987,24.3032040214106
苗栗縣卓蘭鎮上新里4鄰民有街德安巷8號,10005,1000507,1000507-003,4鄰,民有街德安巷,,,,,,8號,120.832685040337,24.3031786905449
