FULL_ADDR,COUNTY,TOWN,VILLAGE,NEIGHBORHOOD,ROAD,SECTION,LANE,ALLEY,SUB_ALLEY,TONG,NUMBER,X,Y
彰化縣溪湖鎮大突里14鄰大政七街25號,10007,1000711,1000711-007,14鄰,大政七街,,,,,,25號,120.474675220626,23.9631426109094
彰化縣溪湖鎮大突里14鄰大政七街27號,10007,1000711,1000711-007,14鄰,大政七街,,,,,,27號,120.474693262758,23.9631833228543
彰化縣溪湖鎮大突里14鄰大政七街29號,10007,1000711,1000711-007,14鄰,大政七街,,,,,,29號,120.474710256707,23.9632232546848
彰化縣溪湖鎮大突里14鄰大政七街31號,10007,1000711,1000711-007,14鄰,大政七街,,,,,,31號,120.474729279919,23.9632594914172
彰化縣溪湖鎮大突里14鄰大政七街33號,10007,1000711,1000711-007,14鄰,大政七街,,,,,,33號,120.474753997298,23.9632944835195
