FULL_ADDR,COUNTY,TOWN,VILLAGE,NEIGHBORHOOD,ROAD,SECTION,LANE,ALLEY,SUB_ALLEY,TONG,NUMBER,X,Y
彰化縣田中鎮龍潭里12鄰廣場三街1號,10007,1000712,1000712-008,12鄰,廣場三街,,,,,,1號,120.574177936853,23.8711936010333
彰化縣田中鎮龍潭里12鄰廣場三街3號,10007,1000712,1000712-008,12鄰,廣場三街,,,,,,3號,120.574262455335,23.8712304044984
彰化縣田中鎮龍潭里12鄰廣場三街5號,10007,1000712,1000712-008,12鄰,廣場三街,,,,,,5號,120.574338938385,23.8712623097383
彰化縣田中鎮龍潭里12鄰廣場三街7號,10007,1000712,1000712-008,12鄰,廣場三街,,,,,,7號,120.574397931892,23.8712978687124
彰化縣田中鎮龍潭里12鄰廣場三街9號,10007,1000712,1000712-008,12鄰,廣場三街,,,,,,9號,120.574458275865,23.8713408356368
