FULL_ADDR,COUNTY,TOWN,VILLAGE,NEIGHBORHOOD,ROAD,SECTION,LANE,ALLEY,SUB_ALLEY,TONG,NUMBER,X,Y
彰化縣北斗鎮大新里9鄰財神路臨151號,10007,1000719,1000719-015,9鄰,財神路,,,,,,臨151號,120.551696728101,23.8698819869712
彰化縣北斗鎮大新里9鄰財神路6號,10007,1000719,1000719-015,9鄰,財神路,,,,,,6號,120.551490933406,23.8670721605728
彰化縣北斗鎮大新里9鄰財神路10號,10007,1000719,1000719-015,9鄰,財神路,,,,,,10號,120.551651186028,23.8674845281267
彰化縣北斗鎮大新里9鄰財神路20號,10007,1000719,1000719-015,9鄰,財神路,,,,,,20號,120.551765377174,23.8684198520514
彰化縣北斗鎮大新里9鄰財神路30號,10007,1000719,1000719-015,9鄰,財神路,,,,,,30號,120.552019064377,23.8691868466374
