FULL_ADDR,COUNTY,TOWN,VILLAGE,NEIGHBORHOOD,ROAD,SECTION,LANE,ALLEY,SUB_ALLEY,TONG,NUMBER,X,Y
苗栗縣竹南鎮公舘里7鄰中華南路138之1號,10005,1000504,1000504-018,7鄰,中華南路,,,,,,138之1號,120.869011075045,24.6556651054686
苗栗縣竹南鎮公舘里7鄰中華南路138之2號,10005,1000504,1000504-018,7鄰,中華南路,,,,,,138之2號,120.869610296201,24.6559222245627
苗栗縣竹南鎮公舘里7鄰中華南路188號,10005,1000504,1000504-018,7鄰,中華南路,,,,,,188號,120.870947604575,24.6565792296554
苗栗縣竹南鎮公舘里7鄰中華南路328之1號,10005,1000504,1000504-018,7鄰,中華南路,,,,,,328之1號,120.873737141867,24.6582099400604
