FULL_ADDR,COUNTY,TOWN,VILLAGE,NEIGHBORHOOD,ROAD,SECTION,LANE,ALLEY,SUB_ALLEY,TONG,NUMBER,X,Y
彰化縣溪湖鎮湖東里34鄰立人南街5號,10007,1000711,1000711-018,34鄰,立人南街,,,,,,5號,120.48457022965,23.9624294245003
彰化縣溪湖鎮湖東里34鄰立人南街7號,10007,1000711,1000711-018,34鄰,立人南街,,,,,,7號,120.48455744981,23.9623816161916
彰化縣溪湖鎮湖東里31鄰立人南街22號,10007,1000711,1000711-018,31鄰,立人南街,,,,,,22號,120.4841321498,23.9625284228492
彰化縣溪湖鎮湖東里31鄰立人南街25號,10007,1000711,1000711-018,31鄰,立人南街,,,,,,25號,120.484237978369,23.9622676759874
彰化縣溪湖鎮湖東里31鄰立人南街30號,10007,1000711,1000711-018,31鄰,立人南街,,,,,,30號,120.483947129045,23.9625661126253
