FULL_ADDR,COUNTY,TOWN,VILLAGE,NEIGHBORHOOD,ROAD,SECTION,LANE,ALLEY,SUB_ALLEY,TONG,NUMBER,X,Y
苗栗縣銅鑼鄉九湖村12鄰銅科六路1號,10005,1000510,1000510-005,12鄰,銅科六路,,,,,,1號,120.759263270622,24.4624747509664
苗栗縣銅鑼鄉九湖村12鄰銅科六路2號,10005,1000510,1000510-005,12鄰,銅科六路,,,,,,2號,120.760658797082,24.4622246883105
苗栗縣銅鑼鄉九湖村12鄰銅科六路6號,10005,1000510,1000510-005,12鄰,銅科六路,,,,,,6號,120.760804247286,24.4618847517762
苗栗縣銅鑼鄉九湖村12鄰銅科六路18號,10005,1000510,1000510-005,12鄰,銅科六路,,,,,,18號,120.756445520764,24.452076840553
苗栗縣銅鑼鄉九湖村12鄰銅科六路20號,10005,1000510,1000510-005,12鄰,銅科六路,,,,,,20號,120.756981936305,24.4528289154087
苗栗縣銅鑼鄉九湖村12鄰銅科六路28號,10005,1000510,1000510-005,12鄰,銅科六路,,,,,,28號,120.756336890384,24.4487598659889
