FULL_ADDR,COUNTY,TOWN,VILLAGE,NEIGHBORHOOD,ROAD,SECTION,LANE,ALLEY,SUB_ALLEY,TONG,NUMBER,X,Y
彰化縣溪湖鎮大庭里11鄰崙子腳路32之45號,10007,1000711,1000711-022,11鄰,崙子腳路,,,,,,32之45號,120.498132341086,23.9486999352829
彰化縣溪湖鎮大庭里11鄰崙子腳路32號之73,10007,1000711,1000711-022,11鄰,崙子腳路,,,,,,32號之73,120.4982461471,23.9481800057236
彰化縣溪湖鎮大庭里3鄰崙子腳路53號之17,10007,1000711,1000711-022,3鄰,崙子腳路,,,,,,53號之17,120.49520614034,23.9485282583223
彰化縣溪湖鎮大庭里6鄰崙子腳路57號之3,10007,1000711,1000711-022,6鄰,崙子腳路,,,,,,57號之3,120.494849418744,23.9480206262478
彰化縣溪湖鎮大庭里5鄰崙子腳路69號,10007,1000711,1000711-022,5鄰,崙子腳路,,,,,,69號,120.493703334211,23.9476035766447
彰化縣溪湖鎮忠覺里7鄰崙子腳路102號,10007,1000711,1000711-020,7鄰,崙子腳路,,,,,,102號,120.489785677311,23.9477546761197
彰化縣溪湖鎮忠覺里3鄰崙子腳路119巷6號,10007,1000711,1000711-020,3鄰,崙子腳路,,119巷,,,,6號,120.48606873525,23.9479539322124
