FULL_ADDR,COUNTY,TOWN,VILLAGE,NEIGHBORHOOD,ROAD,SECTION,LANE,ALLEY,SUB_ALLEY,TONG,NUMBER,X,Y
彰化縣溪湖鎮東寮里19鄰頂新九街1號,10007,1000711,1000711-005,19鄰,頂新九街,,,,,,1號,120.477634512181,23.967750218662
彰化縣溪湖鎮東寮里19鄰頂新九街2號,10007,1000711,1000711-005,19鄰,頂新九街,,,,,,2號,120.477508874904,23.9677431002677
彰化縣溪湖鎮東寮里19鄰頂新九街3號,10007,1000711,1000711-005,19鄰,頂新九街,,,,,,3號,120.477658327652,23.967716827863
彰化縣溪湖鎮東寮里19鄰頂新九街4號,10007,1000711,1000711-005,19鄰,頂新九街,,,,,,4號,120.477532717377,23.9677030188225
彰化縣溪湖鎮東寮里19鄰頂新九街5號,10007,1000711,1000711-005,19鄰,頂新九街,,,,,,5號,120.477676673109,23.967685097907
