FULL_ADDR,COUNTY,TOWN,VILLAGE,NEIGHBORHOOD,ROAD,SECTION,LANE,ALLEY,SUB_ALLEY,TONG,NUMBER,X,Y
彰化縣北斗鎮七星里13鄰五權路臨157號,10007,1000719,1000719-005,13鄰,五權路,,,,,,臨157號,120.528150465644,23.868904699519
彰化縣北斗鎮七星里13鄰五權路臨176號,10007,1000719,1000719-005,13鄰,五權路,,,,,,臨176號,120.528424829163,23.8689235991464
彰化縣北斗鎮五權里10鄰五權路32號,10007,1000719,1000719-004,10鄰,五權路,,,,,,32號,120.527176691919,23.8661321038282
彰化縣北斗鎮五權里10鄰五權路48巷2號,10007,1000719,1000719-004,10鄰,五權路,,48巷,,,,2號,120.527268807065,23.8663327247786
彰化縣北斗鎮五權里10鄰五權路48巷10號,10007,1000719,1000719-004,10鄰,五權路,,48巷,,,,10號,120.527333843847,23.8662815554539
彰化縣北斗鎮五權里10鄰五權路48巷11號,10007,1000719,1000719-004,10鄰,五權路,,48巷,,,,11號,120.527549277479,23.8662310643412
彰化縣北斗鎮五權里10鄰五權路臨63號,10007,1000719,1000719-004,10鄰,五權路,,,,,,臨63號,120.527175311553,23.8668665432473
彰化縣北斗鎮五權里10鄰五權路66號,10007,1000719,1000719-004,10鄰,五權路,,,,,,66號,120.52824523544,23.8662920345611
彰化縣北斗鎮五權里10鄰五權路臨106號,10007,1000719,1000719-004,10鄰,五權路,,,,,,臨106號,120.527853884636,23.8676747816216
