FULL_ADDR,COUNTY,TOWN,VILLAGE,NEIGHBORHOOD,ROAD,SECTION,LANE,ALLEY,SUB_ALLEY,TONG,NUMBER,X,Y
苗栗縣後龍鎮校椅里8鄰槺榔六街15號,10005,1000506,1000506-007,8鄰,槺榔六街,,,,,,15號,120.829306098431,24.6081591333142
苗栗縣後龍鎮校椅里8鄰槺榔六街17號,10005,1000506,1000506-007,8鄰,槺榔六街,,,,,,17號,120.82926320634,24.6081821984635
苗栗縣後龍鎮校椅里8鄰槺榔六街21號,10005,1000506,1000506-007,8鄰,槺榔六街,,,,,,21號,120.82916421105,24.6082117909725
苗栗縣後龍鎮校椅里8鄰槺榔六街22號,10005,1000506,1000506-007,8鄰,槺榔六街,,,,,,22號,120.829421647533,24.6083755950664
苗栗縣後龍鎮校椅里8鄰槺榔六街23號,10005,1000506,1000506-007,8鄰,槺榔六街,,,,,,23號,120.829091065876,24.6081866077817
