FULL_ADDR,COUNTY,TOWN,VILLAGE,NEIGHBORHOOD,ROAD,SECTION,LANE,ALLEY,SUB_ALLEY,TONG,NUMBER,X,Y
彰化縣埤頭鄉中和村2鄰中圍路建113號,10007,1000722,1000722-015,2鄰,中圍路,,,,,,建113號,120.464690229729,23.8476608939781
彰化縣埤頭鄉中和村2鄰中圍路115號,10007,1000722,1000722-015,2鄰,中圍路,,,,,,115號,120.464590269897,23.8476664158057
彰化縣埤頭鄉中和村2鄰中圍路232號,10007,1000722,1000722-015,2鄰,中圍路,,,,,,232號,120.463062848011,23.8483702310897
彰化縣埤頭鄉中和村2鄰中圍路296號,10007,1000722,1000722-015,2鄰,中圍路,,,,,,296號,120.461873120671,23.8485218839385
彰化縣埤頭鄉中和村2鄰中圍路398號,10007,1000722,1000722-015,2鄰,中圍路,,,,,,398號,120.459954216226,23.8490978782427
彰化縣埤頭鄉中和村2鄰中圍路408號,10007,1000722,1000722-015,2鄰,中圍路,,,,,,408號,120.459703358778,23.8490317606694
彰化縣埤頭鄉竹圍村5鄰中圍路686號,10007,1000722,1000722-014,5鄰,中圍路,,,,,,686號,120.454318139717,23.8496126990741
彰化縣埤頭鄉竹圍村4鄰中圍路716號,10007,1000722,1000722-014,4鄰,中圍路,,,,,,716號,120.453714560992,23.8494255821379
