FULL_ADDR,COUNTY,TOWN,VILLAGE,NEIGHBORHOOD,ROAD,SECTION,LANE,ALLEY,SUB_ALLEY,TONG,NUMBER,X,Y
彰化縣員林鎮三和里2鄰條和十街2號,10007,1000710,1000710-018,2鄰,條和十街,,,,,,2號,120.585622963626,23.963355329395
彰化縣員林鎮三和里2鄰條和十街6號,10007,1000710,1000710-018,2鄰,條和十街,,,,,,6號,120.585515645193,23.9633308407085
彰化縣員林鎮三和里3鄰條和十街31號,10007,1000710,1000710-018,3鄰,條和十街,,,,,,31號,120.584698988896,23.9630023990722
彰化縣員林鎮三和里3鄰條和十街33號,10007,1000710,1000710-018,3鄰,條和十街,,,,,,33號,120.58464262783,23.9629901471069
彰化縣員林鎮三和里3鄰條和十街35號,10007,1000710,1000710-018,3鄰,條和十街,,,,,,35號,120.584430785628,23.9628972926785
彰化縣員林鎮三和里3鄰條和十街55號,10007,1000710,1000710-018,3鄰,條和十街,,,,,,55號,120.583992134092,23.9628136656018
彰化縣員林鎮三和里3鄰條和十街63號,10007,1000710,1000710-018,3鄰,條和十街,,,,,,63號,120.583830607348,23.9627799993719
彰化縣員林鎮三和里3鄰條和十街65號,10007,1000710,1000710-018,3鄰,條和十街,,,,,,65號,120.583779658738,23.9627652335152
彰化縣員林鎮三和里3鄰條和十街66號,10007,1000710,1000710-018,3鄰,條和十街,,,,,,66號,120.583846018081,23.962937966427
