FULL_ADDR,COUNTY,TOWN,VILLAGE,NEIGHBORHOOD,ROAD,SECTION,LANE,ALLEY,SUB_ALLEY,TONG,NUMBER,X,Y
新竹縣寶山鄉寶斗村4鄰寶深一路50G-10I-,10004,1000410,1000410-006,4鄰,寶深一路,,50G-,,,,10I-,120.956327199398,24.7239774807115
新竹縣寶山鄉寶斗村4鄰寶深一路62I-,10004,1000410,1000410-006,4鄰,寶深一路,,,,,,62I-,120.95608645921,24.7240992980634
新竹縣寶山鄉寶斗村4鄰寶深一路68G-3I-,10004,1000410,1000410-006,4鄰,寶深一路,,68G-,,,,3I-,120.955963530885,24.7242664738096
新竹縣寶山鄉寶斗村4鄰寶深一路68G-5I-,10004,1000410,1000410-006,4鄰,寶深一路,,68G-,,,,5I-,120.956172680996,24.7245913882053
新竹縣寶山鄉寶斗村4鄰寶深一路68G-7I-,10004,1000410,1000410-006,4鄰,寶深一路,,68G-,,,,7I-,120.956303465192,24.7242904090403
新竹縣寶山鄉寶斗村4鄰寶深一路100G-20I-,10004,1000410,1000410-006,4鄰,寶深一路,,100G-,,,,20I-,120.955680058236,24.7247481624843
