FULL_ADDR,COUNTY,TOWN,VILLAGE,NEIGHBORHOOD,ROAD,SECTION,LANE,ALLEY,SUB_ALLEY,TONG,NUMBER,X,Y
苗栗縣後龍鎮豐富里10鄰新港六路23號,10005,1000506,1000506-006,10鄰,新港六路,,,,,,23號,120.823241802913,24.6022186474145
苗栗縣後龍鎮豐富里11鄰新港六路47號,10005,1000506,1000506-006,11鄰,新港六路,,,,,,47號,120.822730847254,24.602673108812
苗栗縣後龍鎮豐富里11鄰新港六路53巷5號,10005,1000506,1000506-006,11鄰,新港六路,,53巷,,,,5號,120.821977728714,24.6026219294022
苗栗縣後龍鎮豐富里13鄰新港六路169號,10005,1000506,1000506-006,13鄰,新港六路,,,,,,169號,120.820959468522,24.6041669092088
