FULL_ADDR,COUNTY,TOWN,VILLAGE,NEIGHBORHOOD,ROAD,SECTION,LANE,ALLEY,SUB_ALLEY,TONG,NUMBER,X,Y
雲林縣斗六市中和里7鄰鎮前街6號二樓,10009,1000901,1000901-006,7鄰,鎮前街,,,,,,6號二樓,120.541123604239,23.7083537556478
雲林縣斗六市中和里7鄰鎮前街6號三樓,10009,1000901,1000901-006,7鄰,鎮前街,,,,,,6號三樓,120.541123604239,23.7083537556478
雲林縣斗六市中和里7鄰鎮前街6號四樓,10009,1000901,1000901-006,7鄰,鎮前街,,,,,,6號四樓,120.541123604239,23.7083537556478
雲林縣斗六市中和里7鄰鎮前街6號五樓,10009,1000901,1000901-006,7鄰,鎮前街,,,,,,6號五樓,120.541123604239,23.7083537556478
雲林縣斗六市中和里7鄰鎮前街6號六樓,10009,1000901,1000901-006,7鄰,鎮前街,,,,,,6號六樓,120.541123604239,23.7083537556478
雲林縣斗六市中和里7鄰鎮前街6號七樓,10009,1000901,1000901-006,7鄰,鎮前街,,,,,,6號七樓,120.541123604239,23.7083537556478
雲林縣斗六市中和里7鄰鎮前街6號八樓,10009,1000901,1000901-006,7鄰,鎮前街,,,,,,6號八樓,120.541123604239,23.7083537556478
