FULL_ADDR,COUNTY,TOWN,VILLAGE,NEIGHBORHOOD,ROAD,SECTION,LANE,ALLEY,SUB_ALLEY,TONG,NUMBER,X,Y
彰化縣溪湖鎮湖西里1鄰華南街8號,10007,1000711,1000711-011,1鄰,華南街,,,,,,8號,120.477816563858,23.9574285715583
彰化縣溪湖鎮湖西里1鄰華南街10號,10007,1000711,1000711-011,1鄰,華南街,,,,,,10號,120.477756145299,23.9574194811553
