FULL_ADDR,COUNTY,TOWN,VILLAGE,NEIGHBORHOOD,ROAD,SECTION,LANE,ALLEY,SUB_ALLEY,TONG,NUMBER,X,Y
雲林縣北港鎮中和里5鄰知本路二段23號,10009,1000906,1000906-005,5鄰,知本路,二段,,,,,23號,120.303787031292,23.5663768182533
雲林縣北港鎮中和里3鄰知本路二段500號,10009,1000906,1000906-005,3鄰,知本路,二段,,,,,500號,120.303470757381,23.5671008418148
