FULL_ADDR,COUNTY,TOWN,VILLAGE,NEIGHBORHOOD,ROAD,SECTION,LANE,ALLEY,SUB_ALLEY,TONG,NUMBER,X,Y
彰化縣社頭鄉山湖村8鄰山湖路85之1號,10007,1000717,1000717-003,8鄰,山湖路,,,,,,85之1號,120.615140406856,23.8967597079289
彰化縣社頭鄉山湖村8鄰山湖路85號之2,10007,1000717,1000717-003,8鄰,山湖路,,,,,,85號之2,120.614920774136,23.8967129991723
彰化縣社頭鄉山湖村8鄰山湖路106號之1,10007,1000717,1000717-003,8鄰,山湖路,,,,,,106號之1,120.614000916027,23.8960440322453
彰化縣社頭鄉山湖村8鄰山湖路116號,10007,1000717,1000717-003,8鄰,山湖路,,,,,,116號,120.613232111801,23.8958171116848
彰化縣社頭鄉山湖村8鄰山湖路116之1號,10007,1000717,1000717-003,8鄰,山湖路,,,,,,116之1號,120.613229890147,23.8956725428173
彰化縣社頭鄉山湖村8鄰山湖路118號,10007,1000717,1000717-003,8鄰,山湖路,,,,,,118號,120.61308161998,23.8957306815317
彰化縣社頭鄉山湖村8鄰山湖路120之1號,10007,1000717,1000717-003,8鄰,山湖路,,,,,,120之1號,120.612930066173,23.8955061865632
彰化縣社頭鄉山湖村8鄰山湖路131之1號,10007,1000717,1000717-003,8鄰,山湖路,,,,,,131之1號,120.612394449778,23.8958133600198
彰化縣社頭鄉山湖村8鄰山湖路168號,10007,1000717,1000717-003,8鄰,山湖路,,,,,,168號,120.611598975333,23.8953336718747
