FULL_ADDR,COUNTY,TOWN,VILLAGE,NEIGHBORHOOD,ROAD,SECTION,LANE,ALLEY,SUB_ALLEY,TONG,NUMBER,X,Y
彰化縣二林鎮東興里12鄰至誠街9號,10007,1000720,1000720-010,12鄰,至誠街,,,,,,9號,120.377738569535,23.8961229931825
彰化縣二林鎮東興里12鄰至誠街40號,10007,1000720,1000720-010,12鄰,至誠街,,,,,,40號,120.377827543552,23.8950967170133
彰化縣二林鎮東興里12鄰至誠街61號,10007,1000720,1000720-010,12鄰,至誠街,,,,,,61號,120.378571217034,23.895082838041
彰化縣二林鎮東興里6鄰至誠街149號,10007,1000720,1000720-010,6鄰,至誠街,,,,,,149號,120.380153879662,23.8947340087231
彰化縣二林鎮東興里6鄰至誠街151號,10007,1000720,1000720-010,6鄰,至誠街,,,,,,151號,120.379922285655,23.8943072515219
彰化縣二林鎮東興里6鄰至誠街151之1號,10007,1000720,1000720-010,6鄰,至誠街,,,,,,151之1號,120.380033021105,23.8942330251363
