FULL_ADDR,COUNTY,TOWN,VILLAGE,NEIGHBORHOOD,ROAD,SECTION,LANE,ALLEY,SUB_ALLEY,TONG,NUMBER,X,Y
雲林縣虎尾鎮廉使里19鄰學府西路8號,10009,1000903,1000903-022,19鄰,學府西路,,,,,,8號,120.424643059328,23.7303316593218
雲林縣虎尾鎮廉使里19鄰學府西路97之1號,10009,1000903,1000903-022,19鄰,學府西路,,,,,,97之1號,120.419558348436,23.735108085323
雲林縣虎尾鎮廉使里19鄰學府西路99之1號,10009,1000903,1000903-022,19鄰,學府西路,,,,,,99之1號,120.419554953787,23.7351658618493
雲林縣虎尾鎮廉使里19鄰學府西路99之2號,10009,1000903,1000903-022,19鄰,學府西路,,,,,,99之2號,120.419512088822,23.7366718336139
