FULL_ADDR,COUNTY,TOWN,VILLAGE,NEIGHBORHOOD,ROAD,SECTION,LANE,ALLEY,SUB_ALLEY,TONG,NUMBER,X,Y
雲林縣虎尾鎮墾地里10鄰科雲南路1號,10009,1000903,1000903-015,10鄰,科雲南路,,,,,,1號,120.39977070769,23.7330705054321
雲林縣虎尾鎮墾地里10鄰科雲南路51號,10009,1000903,1000903-015,10鄰,科雲南路,,,,,,51號,120.397966042058,23.7331926123188
雲林縣虎尾鎮墾地里10鄰科雲南路168號,10009,1000903,1000903-015,10鄰,科雲南路,,,,,,168號,120.404039683829,23.7356375061258
