FULL_ADDR,COUNTY,TOWN,VILLAGE,NEIGHBORHOOD,ROAD,SECTION,LANE,ALLEY,SUB_ALLEY,TONG,NUMBER,X,Y
彰化縣伸港鄉埤墘村12鄰建興一街21號,10007,1000705,1000705-003,12鄰,建興一街,,,,,,21號,120.491324136521,24.1431566736775
彰化縣伸港鄉埤墘村12鄰建興一街23號,10007,1000705,1000705-003,12鄰,建興一街,,,,,,23號,120.491348309595,24.1431150394584
彰化縣伸港鄉埤墘村12鄰建興一街25號,10007,1000705,1000705-003,12鄰,建興一街,,,,,,25號,120.491364502783,24.1430759068138
彰化縣伸港鄉埤墘村12鄰建興一街27號,10007,1000705,1000705-003,12鄰,建興一街,,,,,,27號,120.491372627704,24.1430367472838
彰化縣伸港鄉埤墘村12鄰建興一街29號,10007,1000705,1000705-003,12鄰,建興一街,,,,,,29號,120.491388830521,24.1429951767917
彰化縣伸港鄉埤墘村12鄰建興一街31號,10007,1000705,1000705-003,12鄰,建興一街,,,,,,31號,120.491410337277,24.1429559715536
彰化縣伸港鄉埤墘村12鄰建興一街33號,10007,1000705,1000705-003,12鄰,建興一街,,,,,,33號,120.491410501965,24.1429143476228
