FULL_ADDR,COUNTY,TOWN,VILLAGE,NEIGHBORHOOD,ROAD,SECTION,LANE,ALLEY,SUB_ALLEY,TONG,NUMBER,X,Y
苗栗縣頭份鎮東庄里15鄰育樂街6號,10005,1000505,1000505-014,15鄰,育樂街,,,,,,6號,120.903808261485,24.6878214515544
苗栗縣頭份鎮東庄里15鄰育樂街6之6號,10005,1000505,1000505-014,15鄰,育樂街,,,,,,6之6號,120.904632574517,24.6881041258864
苗栗縣頭份鎮東庄里15鄰育樂街8號,10005,1000505,1000505-014,15鄰,育樂街,,,,,,8號,120.903538563615,24.6891530192436
苗栗縣頭份鎮東庄里15鄰育樂街8號七樓,10005,1000505,1000505-014,15鄰,育樂街,,,,,,8號七樓,120.903538563615,24.6891530192436
