FULL_ADDR,COUNTY,TOWN,VILLAGE,NEIGHBORHOOD,ROAD,SECTION,LANE,ALLEY,SUB_ALLEY,TONG,NUMBER,X,Y
雲林縣斗六市虎溪里22鄰科工十路3號,10009,1000901,1000901-023,22鄰,科工十路,,,,,,3號,120.50721105089,23.7164278249471
雲林縣斗六市虎溪里19鄰科工十路10號,10009,1000901,1000901-023,19鄰,科工十路,,,,,,10號,120.505584650314,23.7155936209547
