FULL_ADDR,COUNTY,TOWN,VILLAGE,NEIGHBORHOOD,ROAD,SECTION,LANE,ALLEY,SUB_ALLEY,TONG,NUMBER,X,Y
彰化縣溪州鄉圳寮村11鄰苗專三路43號,10007,1000726,1000726-006,11鄰,苗專三路,,,,,,43號,120.518874707745,23.8266341737667
彰化縣溪州鄉圳寮村11鄰苗專三路60號,10007,1000726,1000726-006,11鄰,苗專三路,,,,,,60號,120.51789532168,23.8270850305136
彰化縣溪州鄉圳寮村11鄰苗專三路99號,10007,1000726,1000726-006,11鄰,苗專三路,,,,,,99號,120.516773219754,23.8267649410151
