FULL_ADDR,COUNTY,TOWN,VILLAGE,NEIGHBORHOOD,ROAD,SECTION,LANE,ALLEY,SUB_ALLEY,TONG,NUMBER,X,Y
雲林縣斗南鎮東仁里5鄰東光一街2號,10009,1000902,1000902-001,5鄰,東光一街,,,,,,2號,120.481844283614,23.6770381379412
雲林縣斗南鎮東仁里5鄰東光一街10號,10009,1000902,1000902-001,5鄰,東光一街,,,,,,10號,120.481674800813,23.6770050640101
雲林縣斗南鎮東仁里5鄰東光一街11號,10009,1000902,1000902-001,5鄰,東光一街,,,,,,11號,120.481693801766,23.6768732397198
雲林縣斗南鎮東仁里5鄰東光一街12號,10009,1000902,1000902-001,5鄰,東光一街,,,,,,12號,120.481608136475,23.6770039379674
雲林縣斗南鎮東仁里5鄰東光一街13號,10009,1000902,1000902-001,5鄰,東光一街,,,,,,13號,120.481634172142,23.6768658706111
雲林縣斗南鎮東仁里5鄰東光一街15號,10009,1000902,1000902-001,5鄰,東光一街,,,,,,15號,120.481573980001,23.6768644050239
雲林縣斗南鎮東仁里5鄰東光一街17號,10009,1000902,1000902-001,5鄰,東光一街,,,,,,17號,120.481526330687,23.6768646067405
