FULL_ADDR,COUNTY,TOWN,VILLAGE,NEIGHBORHOOD,ROAD,SECTION,LANE,ALLEY,SUB_ALLEY,TONG,NUMBER,X,Y
彰化縣溪湖鎮湖東里26鄰東興十一街1號,10007,1000711,1000711-018,26鄰,東興十一街,,,,,,1號,120.485708906367,23.9633766327263
彰化縣溪湖鎮湖東里26鄰東興十一街3號,10007,1000711,1000711-018,26鄰,東興十一街,,,,,,3號,120.485760430356,23.9633673244916
彰化縣溪湖鎮湖東里26鄰東興十一街5號,10007,1000711,1000711-018,26鄰,東興十一街,,,,,,5號,120.485807141563,23.9633575486497
彰化縣溪湖鎮湖東里26鄰東興十一街7號,10007,1000711,1000711-018,26鄰,東興十一街,,,,,,7號,120.485853265373,23.9633472290636
彰化縣溪湖鎮湖東里26鄰東興十一街9號,10007,1000711,1000711-018,26鄰,東興十一街,,,,,,9號,120.48590262555,23.9633384552961
