FULL_ADDR,COUNTY,TOWN,VILLAGE,NEIGHBORHOOD,ROAD,SECTION,LANE,ALLEY,SUB_ALLEY,TONG,NUMBER,X,Y
苗栗縣銅鑼鄉中平村13鄰中隆二路2號,10005,1000510,1000510-007,13鄰,中隆二路,,,,,,2號,120.798817057278,24.4961072099839
苗栗縣銅鑼鄉中平村13鄰中隆二路4號,10005,1000510,1000510-007,13鄰,中隆二路,,,,,,4號,120.799357422814,24.4961379050436
苗栗縣銅鑼鄉中平村13鄰中隆二路9號,10005,1000510,1000510-007,13鄰,中隆二路,,,,,,9號,120.800220722584,24.4964886506859
