FULL_ADDR,COUNTY,TOWN,VILLAGE,NEIGHBORHOOD,ROAD,SECTION,LANE,ALLEY,SUB_ALLEY,TONG,NUMBER,X,Y
彰化縣鹿港鎮山崙里21鄰崙工路53號,10007,1000702,1000702-025,21鄰,崙工路,,,,,,53號,120.396138710308,24.1067727938691
彰化縣鹿港鎮山崙里21鄰崙工路57之2號,10007,1000702,1000702-025,21鄰,崙工路,,,,,,57之2號,120.383602355495,24.0956391511326
彰化縣鹿港鎮山崙里21鄰崙工路57號,10007,1000702,1000702-025,21鄰,崙工路,,,,,,57號,120.393524076671,24.1083119257867
