FULL_ADDR,COUNTY,TOWN,VILLAGE,NEIGHBORHOOD,ROAD,SECTION,LANE,ALLEY,SUB_ALLEY,TONG,NUMBER,X,Y
彰化縣溪州鄉柑園村2鄰溪南路2號,10007,1000726,1000726-003,2鄰,溪南路,,,,,,2號,120.541775898377,23.8261375957494
彰化縣溪州鄉柑園村2鄰溪南路6號,10007,1000726,1000726-003,2鄰,溪南路,,,,,,6號,120.541803072942,23.8258370003038
彰化縣溪州鄉柑園村2鄰溪南路11號,10007,1000726,1000726-003,2鄰,溪南路,,,,,,11號,120.54230318478,23.8254102124317
彰化縣溪州鄉柑園村2鄰溪南路12號,10007,1000726,1000726-003,2鄰,溪南路,,,,,,12號,120.54158719149,23.8253622239927
