FULL_ADDR,COUNTY,TOWN,VILLAGE,NEIGHBORHOOD,ROAD,SECTION,LANE,ALLEY,SUB_ALLEY,TONG,NUMBER,X,Y
雲林縣褒忠鄉田洋村15鄰雲橋路2號,10009,1000915,1000915-007,15鄰,雲橋路,,,,,,2號,120.299928422319,23.7253455384797
雲林縣褒忠鄉田洋村15鄰雲橋路3號,10009,1000915,1000915-007,15鄰,雲橋路,,,,,,3號,120.300369079898,23.7254371947697
雲林縣褒忠鄉田洋村15鄰雲橋路5號,10009,1000915,1000915-007,15鄰,雲橋路,,,,,,5號,120.300467548179,23.7257129478364
