FULL_ADDR,COUNTY,TOWN,VILLAGE,NEIGHBORHOOD,ROAD,SECTION,LANE,ALLEY,SUB_ALLEY,TONG,NUMBER,X,Y
新竹縣竹北市東興里36鄰嘉祥三街18I-,10004,1000401,1000401-027,36鄰,嘉祥三街,,,,,,18I-,121.034025189966,24.8145446697167
新竹縣竹北市東興里36鄰嘉祥三街20I-,10004,1000401,1000401-027,36鄰,嘉祥三街,,,,,,20I-,121.034082277921,24.8145836602981
新竹縣竹北市東興里42鄰嘉祥三街28I-,10004,1000401,1000401-027,42鄰,嘉祥三街,,,,,,28I-,121.034465586849,24.8149079702761
新竹縣竹北市東興里42鄰嘉祥三街30I-,10004,1000401,1000401-027,42鄰,嘉祥三街,,,,,,30I-,121.034579261205,24.8149585945175
