FULL_ADDR,COUNTY,TOWN,VILLAGE,NEIGHBORHOOD,ROAD,SECTION,LANE,ALLEY,SUB_ALLEY,TONG,NUMBER,X,Y
彰化縣溪湖鎮西寮里17鄰富貴十五街4號,10007,1000711,1000711-006,17鄰,富貴十五街,,,,,,4號,120.474565688214,23.9675190571733
彰化縣溪湖鎮西寮里17鄰富貴十五街6號,10007,1000711,1000711-006,17鄰,富貴十五街,,,,,,6號,120.474537801994,23.9675456705557
彰化縣溪湖鎮西寮里17鄰富貴十五街8號,10007,1000711,1000711-006,17鄰,富貴十五街,,,,,,8號,120.474506036894,23.9675716837443
彰化縣溪湖鎮西寮里17鄰富貴十五街10號,10007,1000711,1000711-006,17鄰,富貴十五街,,,,,,10號,120.474475559177,23.9676000760556
