FULL_ADDR,COUNTY,TOWN,VILLAGE,NEIGHBORHOOD,ROAD,SECTION,LANE,ALLEY,SUB_ALLEY,TONG,NUMBER,X,Y
雲林縣虎尾鎮墾地里32鄰松園二路20號,10009,1000903,1000903-015,32鄰,松園二路,,,,,,20號,120.409292178586,23.7369152091036
雲林縣虎尾鎮墾地里32鄰松園二路22號,10009,1000903,1000903-015,32鄰,松園二路,,,,,,22號,120.409242552257,23.7369140262422
雲林縣虎尾鎮墾地里32鄰松園二路22之1號,10009,1000903,1000903-015,32鄰,松園二路,,,,,,22之1號,120.409238532182,23.737087739615
雲林縣虎尾鎮墾地里32鄰松園二路22之2號,10009,1000903,1000903-015,32鄰,松園二路,,,,,,22之2號,120.409238555298,23.7371478765716
雲林縣虎尾鎮墾地里32鄰松園二路26號,10009,1000903,1000903-015,32鄰,松園二路,,,,,,26號,120.409145351644,23.7369133839299
雲林縣虎尾鎮墾地里32鄰松園二路26之1號,10009,1000903,1000903-015,32鄰,松園二路,,,,,,26之1號,120.40914132574,23.7370883614142
雲林縣虎尾鎮墾地里32鄰松園二路26之2號,10009,1000903,1000903-015,32鄰,松園二路,,,,,,26之2號,120.409136648886,23.7371466744968
雲林縣虎尾鎮墾地里32鄰松園二路28號,10009,1000903,1000903-015,32鄰,松園二路,,,,,,28號,120.409093077035,23.7369121908999
