FULL_ADDR,COUNTY,TOWN,VILLAGE,NEIGHBORHOOD,ROAD,SECTION,LANE,ALLEY,SUB_ALLEY,TONG,NUMBER,X,Y
新竹縣新埔鎮寶石里11鄰台蓄街25G-13I-,10004,1000403,1000403-002,11鄰,台蓄街,,25G-,,,,13I-,121.071601388299,24.8174002401846
新竹縣新埔鎮寶石里11鄰台蓄街25G-26I-,10004,1000403,1000403-002,11鄰,台蓄街,,25G-,,,,26I-,121.071675174562,24.8170384288677
新竹縣新埔鎮文山里1鄰台蓄街18I-,10004,1000403,1000403-003,1鄰,台蓄街,,,,,,18I-,121.070138356246,24.817645698748
新竹縣新埔鎮文山里1鄰台蓄街20I-,10004,1000403,1000403-003,1鄰,台蓄街,,,,,,20I-,121.070502684686,24.8178103896675
