FULL_ADDR,COUNTY,TOWN,VILLAGE,NEIGHBORHOOD,ROAD,SECTION,LANE,ALLEY,SUB_ALLEY,TONG,NUMBER,X,Y
雲林縣虎尾鎮新興里25鄰行政路6號,10009,1000903,1000903-002,25鄰,行政路,,,,,,6號,120.445084236232,23.7083655121549
雲林縣虎尾鎮新興里25鄰行政路8號(雲林縣虎尾鎮戶政事務所地址),10009,1000903,1000903-002,25鄰,行政路,,,,,,8號(雲林縣虎尾鎮戶政事務所地址),120.444921587374,23.7087265655683
雲林縣虎尾鎮新興里25鄰行政路8號(雲林縣虎尾鎮戶政事務所),10009,1000903,1000903-002,25鄰,行政路,,,,,,8號(雲林縣虎尾鎮戶政事務所),120.444921587374,23.7087265655683
雲林縣虎尾鎮新興里25鄰行政路8號(虎尾鎮戶政事務所),10009,1000903,1000903-002,25鄰,行政路,,,,,,8號(虎尾鎮戶政事務所),120.444921587374,23.7087265655683
雲林縣虎尾鎮新興里25鄰行政路8號,10009,1000903,1000903-002,25鄰,行政路,,,,,,8號,120.444921587374,23.7087265655683
雲林縣虎尾鎮新興里25鄰行政路10號,10009,1000903,1000903-002,25鄰,行政路,,,,,,10號,120.44499111882,23.7088649683075
