FULL_ADDR,COUNTY,TOWN,VILLAGE,NEIGHBORHOOD,ROAD,SECTION,LANE,ALLEY,SUB_ALLEY,TONG,NUMBER,X,Y
新竹縣寶山鄉三峰村8鄰峰城二路42G-11I-,10004,1000410,1000410-003,8鄰,峰城二路,,42G-,,,,11I-,120.98703986415,24.7500658406189
新竹縣寶山鄉三峰村8鄰峰城二路42G-25I-,10004,1000410,1000410-003,8鄰,峰城二路,,42G-,,,,25I-,120.987443303195,24.7495611714692
新竹縣寶山鄉三峰村8鄰峰城二路42G-131I-(臨),10004,1000410,1000410-003,8鄰,峰城二路,,42G-,,,,131I-(臨),120.987981116818,24.7489004060525
新竹縣寶山鄉三峰村8鄰峰城二路42G-139I-(臨),10004,1000410,1000410-003,8鄰,峰城二路,,42G-,,,,139I-(臨),120.988152499418,24.7484465476302
新竹縣寶山鄉三峰村8鄰峰城二路43I-,10004,1000410,1000410-003,8鄰,峰城二路,,,,,,43I-,120.987103089226,24.7505651323239
新竹縣寶山鄉三峰村8鄰峰城二路50I-,10004,1000410,1000410-003,8鄰,峰城二路,,,,,,50I-,120.987591559056,24.7500453921989
