FULL_ADDR,COUNTY,TOWN,VILLAGE,NEIGHBORHOOD,ROAD,SECTION,LANE,ALLEY,SUB_ALLEY,TONG,NUMBER,X,Y
彰化縣北斗鎮中寮里11鄰三合路8號,10007,1000719,1000719-012,11鄰,三合路,,,,,,8號,120.512911388993,23.8903175630265
彰化縣北斗鎮中寮里11鄰三合路90號,10007,1000719,1000719-012,11鄰,三合路,,,,,,90號,120.5103486697,23.8915099888683
彰化縣北斗鎮中寮里11鄰三合路127號,10007,1000719,1000719-012,11鄰,三合路,,,,,,127號,120.508823954632,23.891527070508
彰化縣北斗鎮中寮里11鄰三合路臨168號,10007,1000719,1000719-012,11鄰,三合路,,,,,,臨168號,120.508292810051,23.892137663013
彰化縣北斗鎮中寮里11鄰三合路188號,10007,1000719,1000719-012,11鄰,三合路,,,,,,188號,120.507654829871,23.8921810681064
