FULL_ADDR,COUNTY,TOWN,VILLAGE,NEIGHBORHOOD,ROAD,SECTION,LANE,ALLEY,SUB_ALLEY,TONG,NUMBER,X,Y
新竹縣寶山鄉山湖村8鄰山湖二路66I-,10004,1000410,1000410-007,8鄰,山湖二路,,,,,,66I-,121.038634475304,24.748012180513
新竹縣寶山鄉山湖村8鄰山湖二路71I-,10004,1000410,1000410-007,8鄰,山湖二路,,,,,,71I-,121.038384642986,24.7467480479779
新竹縣寶山鄉山湖村8鄰山湖二路75I-,10004,1000410,1000410-007,8鄰,山湖二路,,,,,,75I-,121.038177129219,24.7467748258945
新竹縣寶山鄉山湖村8鄰山湖二路77I-,10004,1000410,1000410-007,8鄰,山湖二路,,,,,,77I-,121.037909189348,24.7470675136633
新竹縣寶山鄉山湖村8鄰山湖二路98I-,10004,1000410,1000410-007,8鄰,山湖二路,,,,,,98I-,121.038181881337,24.7474433989683
