FULL_ADDR,COUNTY,TOWN,VILLAGE,NEIGHBORHOOD,ROAD,SECTION,LANE,ALLEY,SUB_ALLEY,TONG,NUMBER,X,Y
苗栗縣苗栗市恭敬里6鄰寶樹路8號,10005,1000501,1000501-014,6鄰,寶樹路,,,,,,8號,120.815832531057,24.5485659787201
苗栗縣苗栗市恭敬里6鄰寶樹路8之1號,10005,1000501,1000501-014,6鄰,寶樹路,,,,,,8之1號,120.815764632503,24.5486709560011
苗栗縣苗栗市恭敬里6鄰寶樹路8之2號,10005,1000501,1000501-014,6鄰,寶樹路,,,,,,8之2號,120.815721125659,24.5486675892263
苗栗縣苗栗市恭敬里6鄰寶樹路8之3號,10005,1000501,1000501-014,6鄰,寶樹路,,,,,,8之3號,120.815679074721,24.5486609015852
苗栗縣苗栗市恭敬里6鄰寶樹路10號,10005,1000501,1000501-014,6鄰,寶樹路,,,,,,10號,120.815720006635,24.5484538287427
苗栗縣苗栗市恭敬里6鄰寶樹路12號,10005,1000501,1000501-014,6鄰,寶樹路,,,,,,12號,120.815649538453,24.5484393595649
苗栗縣苗栗市恭敬里7鄰寶樹路16號,10005,1000501,1000501-014,7鄰,寶樹路,,,,,,16號,120.815409253332,24.5485699213643
苗栗縣苗栗市恭敬里7鄰寶樹路18號,10005,1000501,1000501-014,7鄰,寶樹路,,,,,,18號,120.815438143853,24.5483959699042
