FULL_ADDR,COUNTY,TOWN,VILLAGE,NEIGHBORHOOD,ROAD,SECTION,LANE,ALLEY,SUB_ALLEY,TONG,NUMBER,X,Y
雲林縣元長鄉潭東村8鄰瓦■路21之1號,10009,1000917,1000917-009,8鄰,瓦■路,,,,,,21之1號,120.296077509606,23.6469102660114
雲林縣元長鄉潭東村10鄰瓦■路31號,10009,1000917,1000917-009,10鄰,瓦■路,,,,,,31號,120.294363908344,23.6446728164553
雲林縣元長鄉潭東村1鄰瓦■路55之15號,10009,1000917,1000917-009,1鄰,瓦■路,,,,,,55之15號,120.290777758741,23.642498309808
雲林縣元長鄉潭東村4鄰瓦■路63之7號,10009,1000917,1000917-009,4鄰,瓦■路,,,,,,63之7號,120.291833528483,23.6403924827003
雲林縣元長鄉潭東村3鄰瓦■路73之6,10009,1000917,1000917-009,3鄰,瓦■路,,,,,,73之6,120.294757771241,23.6418933508835
雲林縣元長鄉潭東村4鄰瓦■路128之1號,10009,1000917,1000917-009,4鄰,瓦■路,,,,,,128之1號,120.296881828309,23.6391338902191
