FULL_ADDR,COUNTY,TOWN,VILLAGE,NEIGHBORHOOD,ROAD,SECTION,LANE,ALLEY,SUB_ALLEY,TONG,NUMBER,X,Y
雲林縣北港鎮新街里5鄰聖母二路158號,10009,1000906,1000906-016,5鄰,聖母二路,,,,,,158號,120.31022052763,23.5932351216586
雲林縣北港鎮新街里5鄰聖母二路160號,10009,1000906,1000906-016,5鄰,聖母二路,,,,,,160號,120.310216230193,23.5932887384351
雲林縣北港鎮新街里5鄰聖母二路162號,10009,1000906,1000906-016,5鄰,聖母二路,,,,,,162號,120.310211341594,23.5933429846582
雲林縣北港鎮新街里5鄰聖母二路166號,10009,1000906,1000906-016,5鄰,聖母二路,,,,,,166號,120.310209294284,23.5933972434989
