FULL_ADDR,COUNTY,TOWN,VILLAGE,NEIGHBORHOOD,ROAD,SECTION,LANE,ALLEY,SUB_ALLEY,TONG,NUMBER,X,Y
新竹縣竹北市白地里10鄰長青路ㄧ段108G-62H-30I-,10004,1000401,1000401-015,10鄰,長青路ㄧ段,,108G-,62H-,,,30I-,120.956710996049,24.8432361219032
新竹縣竹北市白地里10鄰長青路ㄧ段108G-62H-32I-,10004,1000401,1000401-015,10鄰,長青路ㄧ段,,108G-,62H-,,,32I-,120.956704574549,24.8432078606163
