FULL_ADDR,COUNTY,TOWN,VILLAGE,NEIGHBORHOOD,ROAD,SECTION,LANE,ALLEY,SUB_ALLEY,TONG,NUMBER,X,Y
彰化縣鹿港鎮山崙里21鄰經建八路2號,10007,1000702,1000702-025,21鄰,經建八路,,,,,,2號,120.415425422456,24.116435641555
彰化縣鹿港鎮山崙里21鄰經建八路8號,10007,1000702,1000702-025,21鄰,經建八路,,,,,,8號,120.413794524594,24.1166004942797
彰化縣鹿港鎮山崙里21鄰經建八路10號,10007,1000702,1000702-025,21鄰,經建八路,,,,,,10號,120.412010428809,24.1165342264944
彰化縣鹿港鎮山崙里21鄰經建八路12號,10007,1000702,1000702-025,21鄰,經建八路,,,,,,12號,120.41082673929,24.1165471826582
