FULL_ADDR,COUNTY,TOWN,VILLAGE,NEIGHBORHOOD,ROAD,SECTION,LANE,ALLEY,SUB_ALLEY,TONG,NUMBER,X,Y
雲林縣斗南鎮小東里16鄰東科六街2號,10009,1000902,1000902-021,16鄰,東科六街,,,,,,2號,120.474478575345,23.6859071207961
雲林縣斗南鎮小東里16鄰東科六街13號,10009,1000902,1000902-021,16鄰,東科六街,,,,,,13號,120.474114780562,23.6866501126194
