FULL_ADDR,COUNTY,TOWN,VILLAGE,NEIGHBORHOOD,ROAD,SECTION,LANE,ALLEY,SUB_ALLEY,TONG,NUMBER,X,Y
彰化縣鹿港鎮永安里12鄰安民街2號,10007,1000702,1000702-029,12鄰,安民街,,,,,,2號,120.439612922747,24.0611623944001
彰化縣鹿港鎮永安里12鄰安民街4號,10007,1000702,1000702-029,12鄰,安民街,,,,,,4號,120.439555675171,24.0611440360388
彰化縣鹿港鎮永安里12鄰安民街6號,10007,1000702,1000702-029,12鄰,安民街,,,,,,6號,120.439502274135,24.0611456463111
彰化縣鹿港鎮永安里12鄰安民街8號,10007,1000702,1000702-029,12鄰,安民街,,,,,,8號,120.43947463556,24.0611473509261
彰化縣鹿港鎮永安里12鄰安民街10號,10007,1000702,1000702-029,12鄰,安民街,,,,,,10號,120.439435051592,24.0611599371325
彰化縣鹿港鎮永安里12鄰安民街12號,10007,1000702,1000702-029,12鄰,安民街,,,,,,12號,120.439387621353,24.0611452263548
