FULL_ADDR,COUNTY,TOWN,VILLAGE,NEIGHBORHOOD,ROAD,SECTION,LANE,ALLEY,SUB_ALLEY,TONG,NUMBER,X,Y
彰化縣大村鄉福興村3鄰東美路178號,10007,1000713,1000713-016,3鄰,東美路,,,,,,178號,120.586180477627,23.9870471267829
彰化縣大村鄉福興村3鄰東美路186號,10007,1000713,1000713-016,3鄰,東美路,,,,,,186號,120.585925350174,23.9878158363859
彰化縣大村鄉福興村6鄰東美路286號,10007,1000713,1000713-016,6鄰,東美路,,,,,,286號,120.583138385646,23.991667827011
