FULL_ADDR,COUNTY,TOWN,VILLAGE,NEIGHBORHOOD,ROAD,SECTION,LANE,ALLEY,SUB_ALLEY,TONG,NUMBER,X,Y
雲林縣臺西鄉五港村9鄰中央北三路31號,10009,1000916,1000916-015,9鄰,中央北三路,,,,,,31號,120.187766716296,23.7200719830586
雲林縣臺西鄉五港村9鄰中央北三路33號,10009,1000916,1000916-015,9鄰,中央北三路,,,,,,33號,120.187761178683,23.7201268520556
雲林縣臺西鄉五港村9鄰中央北三路34號,10009,1000916,1000916-015,9鄰,中央北三路,,,,,,34號,120.187984341231,23.7201184526224
雲林縣臺西鄉五港村9鄰中央北三路38號,10009,1000916,1000916-015,9鄰,中央北三路,,,,,,38號,120.187988961782,23.7202116591362
雲林縣臺西鄉五港村9鄰中央北三路40號,10009,1000916,1000916-015,9鄰,中央北三路,,,,,,40號,120.187998794453,23.7203025453937
雲林縣臺西鄉五港村9鄰中央北三路48號,10009,1000916,1000916-015,9鄰,中央北三路,,,,,,48號,120.188064786128,23.7205417164677
