FULL_ADDR,COUNTY,TOWN,VILLAGE,NEIGHBORHOOD,ROAD,SECTION,LANE,ALLEY,SUB_ALLEY,TONG,NUMBER,X,Y
彰化縣員林鎮溝皂里1鄰溝皂九街27號,10007,1000710,1000710-021,1鄰,溝皂九街,,,,,,27號,120.566840382021,23.9492538271442
彰化縣員林鎮溝皂里1鄰溝皂九街29號,10007,1000710,1000710-021,1鄰,溝皂九街,,,,,,29號,120.566852437705,23.9492918751888
彰化縣員林鎮溝皂里1鄰溝皂九街31號,10007,1000710,1000710-021,1鄰,溝皂九街,,,,,,31號,120.566864485557,23.9493322708708
彰化縣員林鎮溝皂里1鄰溝皂九街33號,10007,1000710,1000710-021,1鄰,溝皂九街,,,,,,33號,120.566879214425,23.949364186417
