FULL_ADDR,COUNTY,TOWN,VILLAGE,NEIGHBORHOOD,ROAD,SECTION,LANE,ALLEY,SUB_ALLEY,TONG,NUMBER,X,Y
彰化縣埔鹽鄉天盛村7鄰天盛二路106號,10007,1000714,1000714-018,7鄰,天盛二路,,,,,,106號,120.426720173631,23.9800455766905
彰化縣埔鹽鄉天盛村7鄰天盛二路112號,10007,1000714,1000714-018,7鄰,天盛二路,,,,,,112號,120.426543249728,23.9801163914235
彰化縣埔鹽鄉天盛村4鄰天盛二路156號,10007,1000714,1000714-018,4鄰,天盛二路,,,,,,156號,120.42640295337,23.9804884247741
彰化縣埔鹽鄉天盛村4鄰天盛二路158號,10007,1000714,1000714-018,4鄰,天盛二路,,,,,,158號,120.426361984951,23.9805016530196
彰化縣埔鹽鄉天盛村4鄰天盛二路160號,10007,1000714,1000714-018,4鄰,天盛二路,,,,,,160號,120.426325212097,23.9805172265003
彰化縣埔鹽鄉天盛村4鄰天盛二路166號,10007,1000714,1000714-018,4鄰,天盛二路,,,,,,166號,120.426206992459,23.980521822762
彰化縣埔鹽鄉天盛村4鄰天盛二路216號,10007,1000714,1000714-018,4鄰,天盛二路,,,,,,216號,120.426091765468,23.9808290830854
彰化縣埔鹽鄉天盛村4鄰天盛二路308號,10007,1000714,1000714-018,4鄰,天盛二路,,,,,,308號,120.425635762335,23.980733634497
