FULL_ADDR,COUNTY,TOWN,VILLAGE,NEIGHBORHOOD,ROAD,SECTION,LANE,ALLEY,SUB_ALLEY,TONG,NUMBER,X,Y
苗栗縣造橋鄉談文村5鄰育英五街15號,10005,1000515,1000515-008,5鄰,育英五街,,,,,,15號,120.842182515695,24.6478914145359
苗栗縣造橋鄉談文村5鄰育英五街17號,10005,1000515,1000515-008,5鄰,育英五街,,,,,,17號,120.842062954234,24.6478892936035
