FULL_ADDR,COUNTY,TOWN,VILLAGE,NEIGHBORHOOD,ROAD,SECTION,LANE,ALLEY,SUB_ALLEY,TONG,NUMBER,X,Y
雲林縣崙背鄉西榮村1鄰民德路3之1號,10009,1000912,1000912-002,1鄰,民德路,,,,,,3之1號,120.354443445488,23.7665531462983
雲林縣崙背鄉西榮村1鄰民德路10號,10009,1000912,1000912-002,1鄰,民德路,,,,,,10號,120.354552637491,23.7669294268905
雲林縣崙背鄉西榮村1鄰民德路10之1號,10009,1000912,1000912-002,1鄰,民德路,,,,,,10之1號,120.354794113491,23.7670423107874
