FULL_ADDR,COUNTY,TOWN,VILLAGE,NEIGHBORHOOD,ROAD,SECTION,LANE,ALLEY,SUB_ALLEY,TONG,NUMBER,X,Y
新竹縣寶山鄉油田村5鄰五油路40G-15I-,10004,1000410,1000410-009,5鄰,五油路,,40G-,,,,15I-,121.031693192199,24.7247868451418
新竹縣寶山鄉油田村5鄰五油路40G-50I-,10004,1000410,1000410-009,5鄰,五油路,,40G-,,,,50I-,121.032764776935,24.7253705920902
新竹縣寶山鄉油田村5鄰五油路40G-160I-,10004,1000410,1000410-009,5鄰,五油路,,40G-,,,,160I-,121.029809723568,24.7269180076611
新竹縣寶山鄉油田村5鄰五油路46G-9I-,10004,1000410,1000410-009,5鄰,五油路,,46G-,,,,9I-,121.031333787238,24.7240474689092
新竹縣寶山鄉油田村2鄰五油路101G-18I-,10004,1000410,1000410-009,2鄰,五油路,,101G-,,,,18I-,121.026409284464,24.7187173195693
新竹縣寶山鄉油田村2鄰五油路697I-(臨),10004,1000410,1000410-009,2鄰,五油路,,,,,,697I-(臨),121.022308919747,24.7182670007364
新竹縣寶山鄉油田村2鄰五油路701I-(臨),10004,1000410,1000410-009,2鄰,五油路,,,,,,701I-(臨),121.021440855934,24.7176260879778
