FULL_ADDR,COUNTY,TOWN,VILLAGE,NEIGHBORHOOD,ROAD,SECTION,LANE,ALLEY,SUB_ALLEY,TONG,NUMBER,X,Y
苗栗縣後龍鎮豐富里13鄰豐富六街37號,10005,1000506,1000506-006,13鄰,豐富六街,,,,,,37號,120.820494426178,24.6033071717079
苗栗縣後龍鎮豐富里13鄰豐富六街38號,10005,1000506,1000506-006,13鄰,豐富六街,,,,,,38號,120.820793336589,24.6033885345587
