FULL_ADDR,COUNTY,TOWN,VILLAGE,NEIGHBORHOOD,ROAD,SECTION,LANE,ALLEY,SUB_ALLEY,TONG,NUMBER,X,Y
彰化縣埤頭鄉陸嘉村10鄰陸嘉路303號,10007,1000722,1000722-013,10鄰,陸嘉路,,,,,,303號,120.462801337013,23.8610204788025
彰化縣埤頭鄉陸嘉村10鄰陸嘉路398號,10007,1000722,1000722-013,10鄰,陸嘉路,,,,,,398號,120.460862326025,23.8612227351509
