FULL_ADDR,COUNTY,TOWN,VILLAGE,NEIGHBORHOOD,ROAD,SECTION,LANE,ALLEY,SUB_ALLEY,TONG,NUMBER,X,Y
新竹縣竹北市十興里1鄰莊敬一路2I-,10004,1000401,1000401-021,1鄰,莊敬一路,,,,,,2I-,121.019035752385,24.8237977623547
新竹縣竹北市十興里1鄰莊敬一路2之1I-,10004,1000401,1000401-021,1鄰,莊敬一路,,,,,,2之1I-,121.020089670317,24.8240240616545
新竹縣竹北市十興里1鄰莊敬一路88I-,10004,1000401,1000401-021,1鄰,莊敬一路,,,,,,88I-,121.019969598637,24.8254282950424
新竹縣竹北市竹北里3鄰莊敬一路540G-47I-,10004,1000401,1000401-007,3鄰,莊敬一路,,540G-,,,,47I-,121.023069837824,24.8323093494195
新竹縣竹北市竹北里3鄰莊敬一路540G-49I-,10004,1000401,1000401-007,3鄰,莊敬一路,,540G-,,,,49I-,121.023085462891,24.832273503524
新竹縣竹北市竹北里3鄰莊敬一路540G-51I-,10004,1000401,1000401-007,3鄰,莊敬一路,,540G-,,,,51I-,121.023059825768,24.8322033553727
