FULL_ADDR,COUNTY,TOWN,VILLAGE,NEIGHBORHOOD,ROAD,SECTION,LANE,ALLEY,SUB_ALLEY,TONG,NUMBER,X,Y
苗栗縣銅鑼鄉九湖村12鄰銅科二路6號,10005,1000510,1000510-005,12鄰,銅科二路,,,,,,6號,120.763350075675,24.4660481375873
苗栗縣銅鑼鄉九湖村12鄰銅科二路8號,10005,1000510,1000510-005,12鄰,銅科二路,,,,,,8號,120.762760524469,24.4644908347316
