FULL_ADDR,COUNTY,TOWN,VILLAGE,NEIGHBORHOOD,ROAD,SECTION,LANE,ALLEY,SUB_ALLEY,TONG,NUMBER,X,Y
彰化縣伸港鄉溪底村13鄰工三路1號,10007,1000705,1000705-004,13鄰,工三路,,,,,,1號,120.513466590944,24.1627591499673
彰化縣伸港鄉溪底村13鄰工三路2號,10007,1000705,1000705-004,13鄰,工三路,,,,,,2號,120.513724925636,24.1622891024832
彰化縣伸港鄉溪底村13鄰工三路3號,10007,1000705,1000705-004,13鄰,工三路,,,,,,3號,120.512735592319,24.1627096846548
彰化縣伸港鄉溪底村13鄰工三路5號,10007,1000705,1000705-004,13鄰,工三路,,,,,,5號,120.511856699052,24.1627598761519
彰化縣伸港鄉溪底村13鄰工三路7號,10007,1000705,1000705-004,13鄰,工三路,,,,,,7號,120.510869320114,24.1626389732562
彰化縣伸港鄉溪底村13鄰工三路8號,10007,1000705,1000705-004,13鄰,工三路,,,,,,8號,120.512435282702,24.1623887314748
