FULL_ADDR,COUNTY,TOWN,VILLAGE,NEIGHBORHOOD,ROAD,SECTION,LANE,ALLEY,SUB_ALLEY,TONG,NUMBER,X,Y
彰化縣和美鎮和北里2鄰義和街2號,10007,1000703,1000703-004,2鄰,義和街,,,,,,2號,120.496683839293,24.1148355065451
彰化縣和美鎮和北里2鄰義和街臨5號,10007,1000703,1000703-004,2鄰,義和街,,,,,,臨5號,120.496613754068,24.1148969451436
彰化縣和美鎮和北里2鄰義和街6號,10007,1000703,1000703-004,2鄰,義和街,,,,,,6號,120.496728309616,24.1148592192741
彰化縣和美鎮和北里2鄰義和街7號,10007,1000703,1000703-004,2鄰,義和街,,,,,,7號,120.496652547073,24.1149134158217
彰化縣和美鎮和北里2鄰義和街8號,10007,1000703,1000703-004,2鄰,義和街,,,,,,8號,120.496760582189,24.1148828015213
彰化縣和美鎮和北里2鄰義和街9號,10007,1000703,1000703-004,2鄰,義和街,,,,,,9號,120.496714366412,24.1149532577027
彰化縣和美鎮和北里2鄰義和街10號,10007,1000703,1000703-004,2鄰,義和街,,,,,,10號,120.496794231629,24.1149064785888
彰化縣和美鎮和北里2鄰義和街12號,10007,1000703,1000703-004,2鄰,義和街,,,,,,12號,120.49682777812,24.1149313291072
彰化縣和美鎮和北里2鄰義和街16號,10007,1000703,1000703-004,2鄰,義和街,,,,,,16號,120.496892479252,24.1149637764562
