FULL_ADDR,COUNTY,TOWN,VILLAGE,NEIGHBORHOOD,ROAD,SECTION,LANE,ALLEY,SUB_ALLEY,TONG,NUMBER,X,Y
新竹縣湖口鄉勝利村26鄰工業三路2I-,10004,1000405,1000405-020,26鄰,工業三路,,,,,,2I-,121.015994703939,24.8669219983948
新竹縣湖口鄉勝利村26鄰工業三路3之1I-,10004,1000405,1000405-020,26鄰,工業三路,,,,,,3之1I-,121.017307421722,24.8667866947374
新竹縣湖口鄉勝利村26鄰工業三路3I-,10004,1000405,1000405-020,26鄰,工業三路,,,,,,3I-,121.017311765459,24.8674211299792
新竹縣湖口鄉勝利村26鄰工業三路9I-,10004,1000405,1000405-020,26鄰,工業三路,,,,,,9I-,121.018866904572,24.8657105742367
