FULL_ADDR,COUNTY,TOWN,VILLAGE,NEIGHBORHOOD,ROAD,SECTION,LANE,ALLEY,SUB_ALLEY,TONG,NUMBER,X,Y
雲林縣斗六市三平里8鄰正心一路159號,10009,1000901,1000901-008,8鄰,正心一路,,,,,,159號,120.532200217897,23.7136180889664
雲林縣斗六市正心里1鄰正心一路57號,10009,1000901,1000901-000,1鄰,正心一路,,,,,,57號,120.531062271394,23.7125726160083
雲林縣斗六市正心里1鄰正心一路65號,10009,1000901,1000901-000,1鄰,正心一路,,,,,,65號,120.531196950981,23.7127150614352
