FULL_ADDR,COUNTY,TOWN,VILLAGE,NEIGHBORHOOD,ROAD,SECTION,LANE,ALLEY,SUB_ALLEY,TONG,NUMBER,X,Y
彰化縣大城鄉公館村18鄰大圳路1之1號,10007,1000724,1000724-010,18鄰,大圳路,,,,,,1之1號,120.297171309588,23.8382582696209
彰化縣大城鄉公館村18鄰大圳路2號,10007,1000724,1000724-010,18鄰,大圳路,,,,,,2號,120.297995942414,23.8377800617123
彰化縣大城鄉公館村18鄰大圳路2之1號,10007,1000724,1000724-010,18鄰,大圳路,,,,,,2之1號,120.297762080262,23.8379977944814
彰化縣大城鄉公館村18鄰大圳路3號,10007,1000724,1000724-010,18鄰,大圳路,,,,,,3號,120.298216847855,23.8375693936933
彰化縣大城鄉公館村18鄰大圳路4號,10007,1000724,1000724-010,18鄰,大圳路,,,,,,4號,120.298292598011,23.8379050781452
彰化縣大城鄉公館村18鄰大圳路6號,10007,1000724,1000724-010,18鄰,大圳路,,,,,,6號,120.298633841532,23.8374309764813
彰化縣大城鄉公館村18鄰大圳路8號,10007,1000724,1000724-010,18鄰,大圳路,,,,,,8號,120.298543625579,23.8378610382503
