FULL_ADDR,COUNTY,TOWN,VILLAGE,NEIGHBORHOOD,ROAD,SECTION,LANE,ALLEY,SUB_ALLEY,TONG,NUMBER,X,Y
新竹縣橫山鄉橫山村16鄰中華街9I-,10004,1000408,1000408-001,16鄰,中華街,,,,,,9I-,121.111624925609,24.7208278477151
新竹縣橫山鄉橫山村16鄰中華街11I-,10004,1000408,1000408-001,16鄰,中華街,,,,,,11I-,121.111865396705,24.7204711248448
新竹縣橫山鄉橫山村16鄰中華街11之1I-(臨),10004,1000408,1000408-001,16鄰,中華街,,,,,,11之1I-(臨),121.11266293566,24.7192068696957
新竹縣橫山鄉橫山村16鄰中華街200I-,10004,1000408,1000408-001,16鄰,中華街,,,,,,200I-,121.11395266008,24.7138787738836
新竹縣橫山鄉橫山村16鄰中華街280I-,10004,1000408,1000408-001,16鄰,中華街,,,,,,280I-,121.112960741752,24.7159052969762
