FULL_ADDR,COUNTY,TOWN,VILLAGE,NEIGHBORHOOD,ROAD,SECTION,LANE,ALLEY,SUB_ALLEY,TONG,NUMBER,X,Y
彰化縣田中鎮中潭里4鄰高鐵東一路一段79號,10007,1000712,1000712-007,4鄰,高鐵東一路,一段,,,,,79號,120.582713956131,23.8751870028039
彰化縣田中鎮中潭里4鄰高鐵東一路一段81號,10007,1000712,1000712-007,4鄰,高鐵東一路,一段,,,,,81號,120.582695422513,23.8752711983828
彰化縣社頭鄉里仁村13鄰高鐵東一路二段68號,10007,1000717,1000717-016,13鄰,高鐵東一路,二段,,,,,68號,120.581242455951,23.8791533041232
彰化縣社頭鄉里仁村13鄰高鐵東一路二段136號,10007,1000717,1000717-016,13鄰,高鐵東一路,二段,,,,,136號,120.580043248368,23.879808110829
彰化縣社頭鄉里仁村13鄰高鐵東一路二段138號,10007,1000717,1000717-016,13鄰,高鐵東一路,二段,,,,,138號,120.579989679863,23.8798546474579
彰化縣社頭鄉里仁村13鄰高鐵東一路二段196號,10007,1000717,1000717-016,13鄰,高鐵東一路,二段,,,,,196號,120.578655501761,23.8806117407857
彰化縣社頭鄉里仁村13鄰高鐵東一路二段198號,10007,1000717,1000717-016,13鄰,高鐵東一路,二段,,,,,198號,120.578481779676,23.880706797778
