FULL_ADDR,COUNTY,TOWN,VILLAGE,NEIGHBORHOOD,ROAD,SECTION,LANE,ALLEY,SUB_ALLEY,TONG,NUMBER,X,Y
雲林縣崙背鄉南陽村7鄰興業街1號,10009,1000912,1000912-003,7鄰,興業街,,,,,,1號,120.35479179103,23.7593154071425
雲林縣崙背鄉南陽村7鄰興業街3號,10009,1000912,1000912-003,7鄰,興業街,,,,,,3號,120.354731689754,23.759367906312
雲林縣崙背鄉南陽村7鄰興業街12號,10009,1000912,1000912-003,7鄰,興業街,,,,,,12號,120.354836956862,23.7594667671595
雲林縣崙背鄉南陽村7鄰興業街16號,10009,1000912,1000912-003,7鄰,興業街,,,,,,16號,120.354658023868,23.7595849379929
雲林縣崙背鄉南陽村7鄰興業街18號,10009,1000912,1000912-003,7鄰,興業街,,,,,,18號,120.354600769944,23.7596170243374
