FULL_ADDR,COUNTY,TOWN,VILLAGE,NEIGHBORHOOD,ROAD,SECTION,LANE,ALLEY,SUB_ALLEY,TONG,NUMBER,X,Y
彰化縣埔鹽鄉新興村3鄰興龍路101號,10007,1000714,1000714-014,3鄰,興龍路,,,,,,101號,120.444800274577,24.0197897777046
彰化縣埔鹽鄉新興村3鄰興龍路115號,10007,1000714,1000714-014,3鄰,興龍路,,,,,,115號,120.44467752093,24.0200063604147
