FULL_ADDR,COUNTY,TOWN,VILLAGE,NEIGHBORHOOD,ROAD,SECTION,LANE,ALLEY,SUB_ALLEY,TONG,NUMBER,X,Y
新竹縣寶山鄉雙新村2鄰環南路1G-201I-,10004,1000410,1000410-010,2鄰,環南路,,1G-,,,,201I-,120.989362069023,24.761062772905
新竹縣寶山鄉雙新村2鄰環南路56I-(臨),10004,1000410,1000410-010,2鄰,環南路,,,,,,56I-(臨),120.988786058831,24.7604464337517
新竹縣寶山鄉雙新村2鄰環南路101I-(臨),10004,1000410,1000410-010,2鄰,環南路,,,,,,101I-(臨),120.987697530691,24.760256294767
新竹縣寶山鄉雙新村2鄰環南路106I-(臨),10004,1000410,1000410-010,2鄰,環南路,,,,,,106I-(臨),120.98754532344,24.7606011774725
新竹縣寶山鄉雙新村2鄰環南路199I-(臨),10004,1000410,1000410-010,2鄰,環南路,,,,,,199I-(臨),120.98408591938,24.7602754565988
新竹縣寶山鄉雙新村2鄰環南路201I-,10004,1000410,1000410-010,2鄰,環南路,,,,,,201I-,120.984126170376,24.7602145173301
新竹縣寶山鄉雙新村2鄰環南路209I-,10004,1000410,1000410-010,2鄰,環南路,,,,,,209I-,120.98319289621,24.7599719053946
