FULL_ADDR,COUNTY,TOWN,VILLAGE,NEIGHBORHOOD,ROAD,SECTION,LANE,ALLEY,SUB_ALLEY,TONG,NUMBER,X,Y
雲林縣斗六市成功里23鄰成功三街1號,10009,1000901,1000901-038,23鄰,成功三街,,,,,,1號,120.550857112642,23.7049361135422
雲林縣斗六市成功里23鄰成功三街3號,10009,1000901,1000901-038,23鄰,成功三街,,,,,,3號,120.550613493095,23.7046581935129
雲林縣斗六市成功里23鄰成功三街6號,10009,1000901,1000901-038,23鄰,成功三街,,,,,,6號,120.550855317347,23.7051741321429
雲林縣斗六市成功里23鄰成功三街8號,10009,1000901,1000901-038,23鄰,成功三街,,,,,,8號,120.550808823234,23.7051202702887
雲林縣斗六市成功里23鄰成功三街10號,10009,1000901,1000901-038,23鄰,成功三街,,,,,,10號,120.550763628707,23.705059188405
雲林縣斗六市成功里23鄰成功三街12號,10009,1000901,1000901-038,23鄰,成功三街,,,,,,12號,120.550708051608,23.704994554772
