FULL_ADDR,COUNTY,TOWN,VILLAGE,NEIGHBORHOOD,ROAD,SECTION,LANE,ALLEY,SUB_ALLEY,TONG,NUMBER,X,Y
新竹縣芎林鄉上山村11鄰金獅一街17I-,10004,1000407,1000407-011,11鄰,金獅一街,,,,,,17I-,121.06842410217,24.7898674277549
新竹縣芎林鄉上山村11鄰金獅一街19I-,10004,1000407,1000407-011,11鄰,金獅一街,,,,,,19I-,121.068458160234,24.7899331406286
新竹縣芎林鄉上山村11鄰金獅一街21I-,10004,1000407,1000407-011,11鄰,金獅一街,,,,,,21I-,121.068471835311,24.7899817987036
