FULL_ADDR,COUNTY,TOWN,VILLAGE,NEIGHBORHOOD,ROAD,SECTION,LANE,ALLEY,SUB_ALLEY,TONG,NUMBER,X,Y
苗栗縣竹南鎮中港里13鄰街仔頭1號,10005,1000504,1000504-011,13鄰,街仔頭,,,,,,1號,120.866706758614,24.6827807979306
苗栗縣竹南鎮中港里13鄰街仔頭3號,10005,1000504,1000504-011,13鄰,街仔頭,,,,,,3號,120.866596892794,24.6828474589446
苗栗縣竹南鎮中港里13鄰街仔頭3之1號,10005,1000504,1000504-011,13鄰,街仔頭,,,,,,3之1號,120.866333277597,24.6827664804143
苗栗縣竹南鎮中港里13鄰街仔頭6之1號,10005,1000504,1000504-011,13鄰,街仔頭,,,,,,6之1號,120.866142741065,24.6828393984196
苗栗縣竹南鎮中港里13鄰街仔頭6號,10005,1000504,1000504-011,13鄰,街仔頭,,,,,,6號,120.866274179474,24.6828554151548
