FULL_ADDR,COUNTY,TOWN,VILLAGE,NEIGHBORHOOD,ROAD,SECTION,LANE,ALLEY,SUB_ALLEY,TONG,NUMBER,X,Y
彰化縣鹿港鎮東石里25鄰環工七路1號,10007,1000702,1000702-008,25鄰,環工七路,,,,,,1號,120.39611479702,24.0647515315747
彰化縣鹿港鎮東石里25鄰環工七路2號,10007,1000702,1000702-008,25鄰,環工七路,,,,,,2號,120.395449476792,24.0646872352828
彰化縣鹿港鎮東石里25鄰環工七路5號,10007,1000702,1000702-008,25鄰,環工七路,,,,,,5號,120.39611947534,24.0642772479911
彰化縣鹿港鎮東石里25鄰環工七路6號,10007,1000702,1000702-008,25鄰,環工七路,,,,,,6號,120.395464568387,24.0645094203683
彰化縣鹿港鎮東石里25鄰環工七路7號,10007,1000702,1000702-008,25鄰,環工七路,,,,,,7號,120.396107160335,24.0640091234649
彰化縣鹿港鎮東石里25鄰環工七路8號,10007,1000702,1000702-008,25鄰,環工七路,,,,,,8號,120.395486534931,24.0643124004866
彰化縣鹿港鎮東石里25鄰環工七路12號,10007,1000702,1000702-008,25鄰,環工七路,,,,,,12號,120.39551089309,24.0639197280362
彰化縣鹿港鎮東石里25鄰環工七路18號,10007,1000702,1000702-008,25鄰,環工七路,,,,,,18號,120.39543458641,24.063332169663
