FULL_ADDR,COUNTY,TOWN,VILLAGE,NEIGHBORHOOD,ROAD,SECTION,LANE,ALLEY,SUB_ALLEY,TONG,NUMBER,X,Y
雲林縣斗六市榴南里18鄰斗工五路1號,10009,1000901,1000901-028,18鄰,斗工五路,,,,,,1號,120.59622486113,23.7188416309152
雲林縣斗六市榴南里18鄰斗工五路2之1號,10009,1000901,1000901-028,18鄰,斗工五路,,,,,,2之1號,120.595898320298,23.718660625662
雲林縣斗六市榴南里18鄰斗工五路2號,10009,1000901,1000901-028,18鄰,斗工五路,,,,,,2號,120.595895074069,23.7189184166856
