FULL_ADDR,COUNTY,TOWN,VILLAGE,NEIGHBORHOOD,ROAD,SECTION,LANE,ALLEY,SUB_ALLEY,TONG,NUMBER,X,Y
彰化縣員林鎮三和里3鄰條和十二街51號,10007,1000710,1000710-018,3鄰,條和十二街,,,,,,51號,120.583666722839,23.9640006089404
彰化縣員林鎮三和里3鄰條和十二街53號,10007,1000710,1000710-018,3鄰,條和十二街,,,,,,53號,120.583590028941,23.9639861343689
