FULL_ADDR,COUNTY,TOWN,VILLAGE,NEIGHBORHOOD,ROAD,SECTION,LANE,ALLEY,SUB_ALLEY,TONG,NUMBER,X,Y
雲林縣臺西鄉五港村9鄰中央南三路12之1號,10009,1000916,1000916-015,9鄰,中央南三路,,,,,,12之1號,120.187262573759,23.7171796284567
雲林縣臺西鄉海口村29鄰中央南三路25號,10009,1000916,1000916-004,29鄰,中央南三路,,,,,,25號,120.182428389692,23.7128131196069
雲林縣臺西鄉海口村29鄰中央南三路33號,10009,1000916,1000916-004,29鄰,中央南三路,,,,,,33號,120.182241146215,23.7116236047888
雲林縣臺西鄉海口村29鄰中央南三路36號,10009,1000916,1000916-004,29鄰,中央南三路,,,,,,36號,120.181852212177,23.710540562216
雲林縣臺西鄉海口村29鄰中央南三路37號,10009,1000916,1000916-004,29鄰,中央南三路,,,,,,37號,120.182168261458,23.7108408315961
雲林縣臺西鄉海口村29鄰中央南三路60號,10009,1000916,1000916-004,29鄰,中央南三路,,,,,,60號,120.181162745454,23.7056514361848
