FULL_ADDR,COUNTY,TOWN,VILLAGE,NEIGHBORHOOD,ROAD,SECTION,LANE,ALLEY,SUB_ALLEY,TONG,NUMBER,X,Y
雲林縣斗六市溪洲里13鄰科加二路1號,10009,1000901,1000901-029,13鄰,科加二路,,,,,,1號,120.547590678481,23.7345114140422
雲林縣斗六市溪洲里13鄰科加二路3號,10009,1000901,1000901-029,13鄰,科加二路,,,,,,3號,120.550301909486,23.735483920547
雲林縣斗六市溪洲里13鄰科加二路5號,10009,1000901,1000901-029,13鄰,科加二路,,,,,,5號,120.55146548017,23.7359746783303
雲林縣斗六市溪洲里13鄰科加二路8號,10009,1000901,1000901-029,13鄰,科加二路,,,,,,8號,120.550070156511,23.7349564536941
雲林縣斗六市溪洲里1鄰科加二路16號,10009,1000901,1000901-029,1鄰,科加二路,,,,,,16號,120.550343703326,23.7401543907052
雲林縣斗六市溪洲里1鄰科加二路18號,10009,1000901,1000901-029,1鄰,科加二路,,,,,,18號,120.549987532257,23.7411840034904
