FULL_ADDR,COUNTY,TOWN,VILLAGE,NEIGHBORHOOD,ROAD,SECTION,LANE,ALLEY,SUB_ALLEY,TONG,NUMBER,X,Y
雲林縣斗六市溪洲里13鄰科加三路2號,10009,1000901,1000901-029,13鄰,科加三路,,,,,,2號,120.547605048712,23.7320222027375
雲林縣斗六市溪洲里13鄰科加三路6號,10009,1000901,1000901-029,13鄰,科加三路,,,,,,6號,120.547274528811,23.7328757340216
雲林縣斗六市溪洲里13鄰科加三路8號,10009,1000901,1000901-029,13鄰,科加三路,,,,,,8號,120.546934109452,23.7335386726926
雲林縣斗六市溪洲里1鄰科加三路10號,10009,1000901,1000901-029,1鄰,科加三路,,,,,,10號,120.544288548353,23.7392912738105
雲林縣斗六市溪洲里1鄰科加三路12號,10009,1000901,1000901-029,1鄰,科加三路,,,,,,12號,120.543903632895,23.7402696703381
