FULL_ADDR,COUNTY,TOWN,VILLAGE,NEIGHBORHOOD,ROAD,SECTION,LANE,ALLEY,SUB_ALLEY,TONG,NUMBER,X,Y
雲林縣麥寮鄉施厝村3鄰施厝六街15號,10009,1000913,1000913-011,3鄰,施厝六街,,,,,,15號,120.282923761165,23.7913438130359
雲林縣麥寮鄉施厝村3鄰施厝六街17號,10009,1000913,1000913-011,3鄰,施厝六街,,,,,,17號,120.282458237842,23.7909125029031
雲林縣麥寮鄉施厝村3鄰施厝六街30號,10009,1000913,1000913-011,3鄰,施厝六街,,,,,,30號,120.282960858457,23.7908741706063
雲林縣麥寮鄉施厝村3鄰施厝六街85號,10009,1000913,1000913-011,3鄰,施厝六街,,,,,,85號,120.28472205422,23.7910018821216
雲林縣麥寮鄉施厝村3鄰施厝六街115號,10009,1000913,1000913-011,3鄰,施厝六街,,,,,,115號,120.285230970247,23.791380528743
雲林縣麥寮鄉施厝村3鄰施厝六街150號,10009,1000913,1000913-011,3鄰,施厝六街,,,,,,150號,120.285342741004,23.7905504457725
雲林縣麥寮鄉施厝村3鄰施厝六街152號,10009,1000913,1000913-011,3鄰,施厝六街,,,,,,152號,120.285189137503,23.7906453191363
