FULL_ADDR,COUNTY,TOWN,VILLAGE,NEIGHBORHOOD,ROAD,SECTION,LANE,ALLEY,SUB_ALLEY,TONG,NUMBER,X,Y
雲林縣北港鎮新街里5鄰聖母五街56號,10009,1000906,1000906-016,5鄰,聖母五街,,,,,,56號,120.311727423647,23.5933484459999
雲林縣北港鎮新街里5鄰聖母五街58號,10009,1000906,1000906-016,5鄰,聖母五街,,,,,,58號,120.311718885595,23.5934074618024
雲林縣北港鎮新街里5鄰聖母五街60號,10009,1000906,1000906-016,5鄰,聖母五街,,,,,,60號,120.31172312676,23.5934959707544
雲林縣北港鎮新街里5鄰聖母五街121號,10009,1000906,1000906-016,5鄰,聖母五街,,,,,,121號,120.311453287544,23.5942670770898
雲林縣北港鎮新街里5鄰聖母五街123號,10009,1000906,1000906-016,5鄰,聖母五街,,,,,,123號,120.311449268939,23.5943236749086
雲林縣北港鎮新街里5鄰聖母五街125號,10009,1000906,1000906-016,5鄰,聖母五街,,,,,,125號,120.311444584289,23.5943764773394
