FULL_ADDR,COUNTY,TOWN,VILLAGE,NEIGHBORHOOD,ROAD,SECTION,LANE,ALLEY,SUB_ALLEY,TONG,NUMBER,X,Y
苗栗縣銅鑼鄉中平村18鄰仁興街2號,10005,1000510,1000510-007,18鄰,仁興街,,,,,,2號,120.801834800107,24.4849058175954
苗栗縣銅鑼鄉中平村29鄰仁興街3號,10005,1000510,1000510-007,29鄰,仁興街,,,,,,3號,120.80156466551,24.4853214184673
苗栗縣銅鑼鄉中平村18鄰仁興街6號,10005,1000510,1000510-007,18鄰,仁興街,,,,,,6號,120.802372242277,24.4847693716491
苗栗縣銅鑼鄉中平村29鄰仁興街8號,10005,1000510,1000510-007,29鄰,仁興街,,,,,,8號,120.80299880306,24.4852605442576
