FULL_ADDR,COUNTY,TOWN,VILLAGE,NEIGHBORHOOD,ROAD,SECTION,LANE,ALLEY,SUB_ALLEY,TONG,NUMBER,X,Y
苗栗縣竹南鎮頂埔里10鄰科西一路8號,10005,1000504,1000504-020,10鄰,科西一路,,,,,,8號,120.912914155952,24.7102044874028
苗栗縣竹南鎮頂埔里10鄰科西一路12號,10005,1000504,1000504-020,10鄰,科西一路,,,,,,12號,120.912854172636,24.710940681949
