FULL_ADDR,COUNTY,TOWN,VILLAGE,NEIGHBORHOOD,ROAD,SECTION,LANE,ALLEY,SUB_ALLEY,TONG,NUMBER,X,Y
苗栗縣竹南鎮竹興里13鄰竹興二街1號,10005,1000504,1000504-008,13鄰,竹興二街,,,,,,1號,120.860090060325,24.6923709958721
苗栗縣竹南鎮竹興里13鄰竹興二街2號,10005,1000504,1000504-008,13鄰,竹興二街,,,,,,2號,120.859843089904,24.6926886582805
苗栗縣竹南鎮竹興里13鄰竹興二街6號,10005,1000504,1000504-008,13鄰,竹興二街,,,,,,6號,120.85979650094,24.6927180574854
苗栗縣竹南鎮竹興里13鄰竹興二街8號,10005,1000504,1000504-008,13鄰,竹興二街,,,,,,8號,120.859750803927,24.6927540033426
苗栗縣竹南鎮竹興里13鄰竹興二街10號,10005,1000504,1000504-008,13鄰,竹興二街,,,,,,10號,120.859700622824,24.6927964908286
苗栗縣竹南鎮竹興里13鄰竹興二街12號,10005,1000504,1000504-008,13鄰,竹興二街,,,,,,12號,120.859661189377,24.6928340767129
苗栗縣竹南鎮竹興里13鄰竹興二街13號,10005,1000504,1000504-008,13鄰,竹興二街,,,,,,13號,120.859630389071,24.6925841866711
苗栗縣竹南鎮竹興里13鄰竹興二街16號,10005,1000504,1000504-008,13鄰,竹興二街,,,,,,16號,120.859635838863,24.692862403243
