FULL_ADDR,COUNTY,TOWN,VILLAGE,NEIGHBORHOOD,ROAD,SECTION,LANE,ALLEY,SUB_ALLEY,TONG,NUMBER,X,Y
彰化縣和美鎮山犁里25鄰惠來一路10號,10007,1000703,1000703-015,25鄰,惠來一路,,,,,,10號,120.497472829682,24.1033085164035
彰化縣和美鎮山犁里25鄰惠來一路12號,10007,1000703,1000703-015,25鄰,惠來一路,,,,,,12號,120.497315276674,24.1033016778354
彰化縣和美鎮山犁里25鄰惠來一路16號,10007,1000703,1000703-015,25鄰,惠來一路,,,,,,16號,120.497303765726,24.103302272021
彰化縣和美鎮山犁里25鄰惠來一路18號,10007,1000703,1000703-015,25鄰,惠來一路,,,,,,18號,120.497292165225,24.1033006086054
彰化縣和美鎮山犁里25鄰惠來一路20號,10007,1000703,1000703-015,25鄰,惠來一路,,,,,,20號,120.497281832519,24.1033017484182
彰化縣和美鎮山犁里25鄰惠來一路22號,10007,1000703,1000703-015,25鄰,惠來一路,,,,,,22號,120.497253899517,24.1033011147843
彰化縣和美鎮山犁里25鄰惠來一路26號,10007,1000703,1000703-015,25鄰,惠來一路,,,,,,26號,120.497208163149,24.1033003322863
彰化縣和美鎮山犁里25鄰惠來一路28號,10007,1000703,1000703-015,25鄰,惠來一路,,,,,,28號,120.497162721166,24.1032997313275
彰化縣和美鎮山犁里25鄰惠來一路30號,10007,1000703,1000703-015,25鄰,惠來一路,,,,,,30號,120.497115997291,24.1032999387676
