FULL_ADDR,COUNTY,TOWN,VILLAGE,NEIGHBORHOOD,ROAD,SECTION,LANE,ALLEY,SUB_ALLEY,TONG,NUMBER,X,Y
新竹縣新埔鎮田新里10鄰田新六街39I-,10004,1000403,1000403-007,10鄰,田新六街,,,,,,39I-,121.07676746284,24.8262587002136
新竹縣新埔鎮田新里10鄰田新六街56I-,10004,1000403,1000403-007,10鄰,田新六街,,,,,,56I-,121.076513527461,24.8261270129867
新竹縣新埔鎮田新里10鄰田新六街56I-二樓,10004,1000403,1000403-007,10鄰,田新六街,,,,,,56I-二樓,121.076513527461,24.8261270129867
新竹縣新埔鎮田新里10鄰田新六街56I-三樓,10004,1000403,1000403-007,10鄰,田新六街,,,,,,56I-三樓,121.076513527461,24.8261270129867
新竹縣新埔鎮田新里10鄰田新六街90I-,10004,1000403,1000403-007,10鄰,田新六街,,,,,,90I-,121.076428899231,24.8257343126815
新竹縣新埔鎮田新里10鄰田新六街106I-,10004,1000403,1000403-007,10鄰,田新六街,,,,,,106I-,121.076421406238,24.825292457381
