FULL_ADDR,COUNTY,TOWN,VILLAGE,NEIGHBORHOOD,ROAD,SECTION,LANE,ALLEY,SUB_ALLEY,TONG,NUMBER,X,Y
新竹縣寶山鄉雙溪村7鄰雙園一街1I-,10004,1000410,1000410-001,7鄰,雙園一街,,,,,,1I-,120.996564021398,24.7665927190981
新竹縣寶山鄉雙溪村7鄰雙園一街3I-,10004,1000410,1000410-001,7鄰,雙園一街,,,,,,3I-,120.996609015014,24.7665207616631
新竹縣寶山鄉雙溪村7鄰雙園一街55I-,10004,1000410,1000410-001,7鄰,雙園一街,,,,,,55I-,120.997494828026,24.7654419438291
新竹縣寶山鄉雙溪村7鄰雙園一街62I-,10004,1000410,1000410-001,7鄰,雙園一街,,,,,,62I-,120.997113337065,24.7656468876873
新竹縣寶山鄉雙溪村7鄰雙園一街66I-,10004,1000410,1000410-001,7鄰,雙園一街,,,,,,66I-,120.997178501631,24.7655888346054
新竹縣寶山鄉雙溪村7鄰雙園一街68I-,10004,1000410,1000410-001,7鄰,雙園一街,,,,,,68I-,120.99710216599,24.7655351125841
新竹縣寶山鄉雙溪村7鄰雙園一街70I-,10004,1000410,1000410-001,7鄰,雙園一街,,,,,,70I-,120.997172176703,24.7654334511392
新竹縣寶山鄉雙溪村7鄰雙園一街100I-,10004,1000410,1000410-001,7鄰,雙園一街,,,,,,100I-,120.997044931043,24.7647873572886
