FULL_ADDR,COUNTY,TOWN,VILLAGE,NEIGHBORHOOD,ROAD,SECTION,LANE,ALLEY,SUB_ALLEY,TONG,NUMBER,X,Y
苗栗縣竹南鎮公義里11鄰仁義街1號,10005,1000504,1000504-022,11鄰,仁義街,,,,,,1號,120.90867488662,24.7279953877372
苗栗縣竹南鎮公義里11鄰仁義街5號,10005,1000504,1000504-022,11鄰,仁義街,,,,,,5號,120.909786808769,24.727387535102
苗栗縣竹南鎮公義里11鄰仁義街10號,10005,1000504,1000504-022,11鄰,仁義街,,,,,,10號,120.909513935282,24.727993449579
苗栗縣竹南鎮公義里11鄰仁義街12號,10005,1000504,1000504-022,11鄰,仁義街,,,,,,12號,120.909893301025,24.7280335036185
苗栗縣竹南鎮公義里7鄰仁義街100號,10005,1000504,1000504-022,7鄰,仁義街,,,,,,100號,120.912068340429,24.7271833336877
苗栗縣竹南鎮公義里7鄰仁義街102號,10005,1000504,1000504-022,7鄰,仁義街,,,,,,102號,120.912038916332,24.7274307119876
