FULL_ADDR,COUNTY,TOWN,VILLAGE,NEIGHBORHOOD,ROAD,SECTION,LANE,ALLEY,SUB_ALLEY,TONG,NUMBER,X,Y
雲林縣斗六市成功里23鄰成功一街2號,10009,1000901,1000901-038,23鄰,成功一街,,,,,,2號,120.549835228296,23.7058394590607
雲林縣斗六市成功里23鄰成功一街6號,10009,1000901,1000901-038,23鄰,成功一街,,,,,,6號,120.549814840508,23.7058080665846
雲林縣斗六市成功里23鄰成功一街8號,10009,1000901,1000901-038,23鄰,成功一街,,,,,,8號,120.549778299205,23.7057687712482
雲林縣斗六市成功里23鄰成功一街10號,10009,1000901,1000901-038,23鄰,成功一街,,,,,,10號,120.54974129642,23.7057210769088
雲林縣斗六市成功里23鄰成功一街15號,10009,1000901,1000901-038,23鄰,成功一街,,,,,,15號,120.549631653747,23.7052658399284
雲林縣斗六市成功里23鄰成功一街17號,10009,1000901,1000901-038,23鄰,成功一街,,,,,,17號,120.549615168475,23.7052403281082
