FULL_ADDR,COUNTY,TOWN,VILLAGE,NEIGHBORHOOD,ROAD,SECTION,LANE,ALLEY,SUB_ALLEY,TONG,NUMBER,X,Y
彰化縣鹿港鎮山崙里21鄰崙工北八路1號,10007,1000702,1000702-025,21鄰,崙工北八路,,,,,,1號,120.394329701126,24.1096713837981
彰化縣鹿港鎮山崙里21鄰崙工北八路3號,10007,1000702,1000702-025,21鄰,崙工北八路,,,,,,3號,120.394767345455,24.1103608651948
彰化縣鹿港鎮山崙里21鄰崙工北八路5號,10007,1000702,1000702-025,21鄰,崙工北八路,,,,,,5號,120.395388649597,24.1110084547856
彰化縣鹿港鎮山崙里21鄰崙工北八路7號,10007,1000702,1000702-025,21鄰,崙工北八路,,,,,,7號,120.39738347773,24.11067205503
