FULL_ADDR,COUNTY,TOWN,VILLAGE,NEIGHBORHOOD,ROAD,SECTION,LANE,ALLEY,SUB_ALLEY,TONG,NUMBER,X,Y
雲林縣虎尾鎮墾地里10鄰科虎三路16號,10009,1000903,1000903-015,10鄰,科虎三路,,,,,,16號,120.396312255058,23.7356780491266
雲林縣虎尾鎮墾地里10鄰科虎三路18號,10009,1000903,1000903-015,10鄰,科虎三路,,,,,,18號,120.397172578981,23.7362368674309
雲林縣虎尾鎮墾地里10鄰科虎三路20號,10009,1000903,1000903-015,10鄰,科虎三路,,,,,,20號,120.397135162426,23.7344986689379
雲林縣虎尾鎮墾地里10鄰科虎三路22號,10009,1000903,1000903-015,10鄰,科虎三路,,,,,,22號,120.398626269715,23.7361529372053
雲林縣虎尾鎮墾地里10鄰科虎三路29號,10009,1000903,1000903-015,10鄰,科虎三路,,,,,,29號,120.395423026758,23.7371677363761
雲林縣虎尾鎮墾地里10鄰科虎三路31號,10009,1000903,1000903-015,10鄰,科虎三路,,,,,,31號,120.395569557397,23.7342929857731
