FULL_ADDR,COUNTY,TOWN,VILLAGE,NEIGHBORHOOD,ROAD,SECTION,LANE,ALLEY,SUB_ALLEY,TONG,NUMBER,X,Y
彰化縣大城鄉三豐村7鄰東盛路1號,10007,1000724,1000724-015,7鄰,東盛路,,,,,,1號,120.301574265464,23.8850716509282
彰化縣大城鄉三豐村7鄰東盛路2號,10007,1000724,1000724-015,7鄰,東盛路,,,,,,2號,120.301943523213,23.8843559155819
彰化縣大城鄉三豐村7鄰東盛路3號,10007,1000724,1000724-015,7鄰,東盛路,,,,,,3號,120.302199525178,23.8844445701731
彰化縣大城鄉三豐村7鄰東盛路5號,10007,1000724,1000724-015,7鄰,東盛路,,,,,,5號,120.301294985423,23.8853294867271
彰化縣大城鄉三豐村7鄰東盛路6號,10007,1000724,1000724-015,7鄰,東盛路,,,,,,6號,120.301103588028,23.8855073065868
彰化縣大城鄉三豐村7鄰東盛路6之3號,10007,1000724,1000724-015,7鄰,東盛路,,,,,,6之3號,120.300880126888,23.885389452914
彰化縣大城鄉三豐村7鄰東盛路7號,10007,1000724,1000724-015,7鄰,東盛路,,,,,,7號,120.301806199827,23.8853050172424
彰化縣大城鄉三豐村7鄰東盛路8號,10007,1000724,1000724-015,7鄰,東盛路,,,,,,8號,120.303678635675,23.8856120991275
