FULL_ADDR,COUNTY,TOWN,VILLAGE,NEIGHBORHOOD,ROAD,SECTION,LANE,ALLEY,SUB_ALLEY,TONG,NUMBER,X,Y
苗栗縣銅鑼鄉九湖村12鄰銅科南路1號,10005,1000510,1000510-005,12鄰,銅科南路,,,,,,1號,120.774849086453,24.4629454777472
苗栗縣銅鑼鄉九湖村12鄰銅科南路2號,10005,1000510,1000510-005,12鄰,銅科南路,,,,,,2號,120.775709834519,24.4638354982119
苗栗縣銅鑼鄉九湖村12鄰銅科南路2之10號,10005,1000510,1000510-005,12鄰,銅科南路,,,,,,2之10號,120.772882571605,24.4662848838432
苗栗縣銅鑼鄉九湖村12鄰銅科南路3號,10005,1000510,1000510-005,12鄰,銅科南路,,,,,,3號,120.772325621681,24.4638336621169
苗栗縣銅鑼鄉九湖村12鄰銅科南路6號,10005,1000510,1000510-005,12鄰,銅科南路,,,,,,6號,120.770858651642,24.4626933875082
