FULL_ADDR,COUNTY,TOWN,VILLAGE,NEIGHBORHOOD,ROAD,SECTION,LANE,ALLEY,SUB_ALLEY,TONG,NUMBER,X,Y
新竹縣竹東鎮員山里2鄰工研路199I-,10004,1000402,1000402-017,2鄰,工研路,,,,,,199I-,121.039447735916,24.7817333126486
新竹縣竹東鎮員山里2鄰工研路200I-,10004,1000402,1000402-017,2鄰,工研路,,,,,,200I-,121.039547165374,24.7815481991871
