FULL_ADDR,COUNTY,TOWN,VILLAGE,NEIGHBORHOOD,ROAD,SECTION,LANE,ALLEY,SUB_ALLEY,TONG,NUMBER,X,Y
彰化縣田中鎮沙崙里6鄰新工六路45號,10007,1000712,1000712-017,6鄰,新工六路,,,,,,45號,120.572316973731,23.8450637345094
彰化縣田中鎮沙崙里6鄰新工六路46號,10007,1000712,1000712-017,6鄰,新工六路,,,,,,46號,120.571851630632,23.8455693362137
彰化縣田中鎮沙崙里6鄰新工六路51號,10007,1000712,1000712-017,6鄰,新工六路,,,,,,51號,120.571971204033,23.845176800037
彰化縣田中鎮沙崙里6鄰新工六路77號,10007,1000712,1000712-017,6鄰,新工六路,,,,,,77號,120.57147604319,23.8444884345114
彰化縣田中鎮沙崙里6鄰新工六路90號,10007,1000712,1000712-017,6鄰,新工六路,,,,,,90號,120.571266668146,23.8449483430779
