FULL_ADDR,COUNTY,TOWN,VILLAGE,NEIGHBORHOOD,ROAD,SECTION,LANE,ALLEY,SUB_ALLEY,TONG,NUMBER,X,Y
新竹縣湖口鄉東興村12鄰北湖路1I-,10004,1000405,1000405-019,12鄰,北湖路,,,,,,1I-,121.055400336151,24.9221208211445
新竹縣湖口鄉東興村12鄰北湖路18I-,10004,1000405,1000405-019,12鄰,北湖路,,,,,,18I-,121.056223724916,24.9211425485386
