FULL_ADDR,COUNTY,TOWN,VILLAGE,NEIGHBORHOOD,ROAD,SECTION,LANE,ALLEY,SUB_ALLEY,TONG,NUMBER,X,Y
彰化縣埔鹽鄉天盛村4鄰天盛一路69號,10007,1000714,1000714-018,4鄰,天盛一路,,,,,,69號,120.425070536364,23.9820276454605
彰化縣埔鹽鄉天盛村4鄰天盛一路88號,10007,1000714,1000714-018,4鄰,天盛一路,,,,,,88號,120.425822570765,23.9823592635873
彰化縣埔鹽鄉天盛村4鄰天盛一路139號,10007,1000714,1000714-018,4鄰,天盛一路,,,,,,139號,120.425632525053,23.9830946020807
