FULL_ADDR,COUNTY,TOWN,VILLAGE,NEIGHBORHOOD,ROAD,SECTION,LANE,ALLEY,SUB_ALLEY,TONG,NUMBER,X,Y
苗栗縣通霄鎮五北里8鄰賢德西路22號,10005,1000503,1000503-013,8鄰,賢德西路,,,,,,22號,120.673089942875,24.4773829398261
苗栗縣通霄鎮五北里8鄰賢德西路32號,10005,1000503,1000503-013,8鄰,賢德西路,,,,,,32號,120.671752622721,24.4773789118494
