FULL_ADDR,COUNTY,TOWN,VILLAGE,NEIGHBORHOOD,ROAD,SECTION,LANE,ALLEY,SUB_ALLEY,TONG,NUMBER,X,Y
彰化縣埔心鄉仁里村6鄰仁北路臨208號,10007,1000715,1000715-011,6鄰,仁北路,,,,,,臨208號,120.539815338373,23.9340026795714
彰化縣埔心鄉仁里村8鄰仁北路66號,10007,1000715,1000715-011,8鄰,仁北路,,,,,,66號,120.541064617325,23.9322099957429
彰化縣埔心鄉仁里村8鄰仁北路臨71號,10007,1000715,1000715-011,8鄰,仁北路,,,,,,臨71號,120.540728143876,23.9317823573634
彰化縣埔心鄉仁里村8鄰仁北路101號,10007,1000715,1000715-011,8鄰,仁北路,,,,,,101號,120.539980780679,23.9319697946584
彰化縣埔心鄉仁里村8鄰仁北路116號,10007,1000715,1000715-011,8鄰,仁北路,,,,,,116號,120.54026668479,23.9323241898584
彰化縣埔心鄉仁里村4鄰仁北路306號,10007,1000715,1000715-011,4鄰,仁北路,,,,,,306號,120.538942821707,23.935945334059
彰化縣埔心鄉仁里村4鄰仁北路386號,10007,1000715,1000715-011,4鄰,仁北路,,,,,,386號,120.53833218042,23.9378612481739
