FULL_ADDR,COUNTY,TOWN,VILLAGE,NEIGHBORHOOD,ROAD,SECTION,LANE,ALLEY,SUB_ALLEY,TONG,NUMBER,X,Y
彰化縣線西鄉溝內村11鄰彰濱東五路3號,10007,1000704,1000704-005,11鄰,彰濱東五路,,,,,,3號,120.435126659322,24.134930637628
彰化縣線西鄉溝內村11鄰彰濱東五路5號,10007,1000704,1000704-005,11鄰,彰濱東五路,,,,,,5號,120.433516157551,24.1360005812425
彰化縣線西鄉溝內村11鄰彰濱東五路7號,10007,1000704,1000704-005,11鄰,彰濱東五路,,,,,,7號,120.432893712122,24.1363662975358
彰化縣線西鄉溝內村11鄰彰濱東五路9號,10007,1000704,1000704-005,11鄰,彰濱東五路,,,,,,9號,120.432436044719,24.136469154127
彰化縣線西鄉溝內村11鄰彰濱東五路11號,10007,1000704,1000704-005,11鄰,彰濱東五路,,,,,,11號,120.431789808607,24.1368737831711
彰化縣線西鄉溝內村11鄰彰濱東五路13號,10007,1000704,1000704-005,11鄰,彰濱東五路,,,,,,13號,120.431184430024,24.1375162982996
