FULL_ADDR,COUNTY,TOWN,VILLAGE,NEIGHBORHOOD,ROAD,SECTION,LANE,ALLEY,SUB_ALLEY,TONG,NUMBER,X,Y
彰化縣員林鎮南興里1鄰興仁街6號,10007,1000710,1000710-014,1鄰,興仁街,,,,,,6號,120.563815968551,23.9667064197056
彰化縣員林鎮南興里1鄰興仁街8號,10007,1000710,1000710-014,1鄰,興仁街,,,,,,8號,120.56376030107,23.9667217921424
彰化縣員林鎮南興里1鄰興仁街10號,10007,1000710,1000710-014,1鄰,興仁街,,,,,,10號,120.56372274079,23.9667290895298
彰化縣員林鎮南興里1鄰興仁街31號,10007,1000710,1000710-014,1鄰,興仁街,,,,,,31號,120.56310042269,23.9665925098902
彰化縣員林鎮南興里1鄰興仁街33號,10007,1000710,1000710-014,1鄰,興仁街,,,,,,33號,120.563062272853,23.966599805438
彰化縣員林鎮南興里1鄰興仁街36號,10007,1000710,1000710-014,1鄰,興仁街,,,,,,36號,120.562826004492,23.9668182772016
彰化縣員林鎮南興里8鄰興仁街56號,10007,1000710,1000710-014,8鄰,興仁街,,,,,,56號,120.561836161177,23.9669520701722
彰化縣員林鎮南興里8鄰興仁街58號,10007,1000710,1000710-014,8鄰,興仁街,,,,,,58號,120.561795576641,23.9669528572565
彰化縣員林鎮南興里6鄰興仁街73號,10007,1000710,1000710-014,6鄰,興仁街,,,,,,73號,120.56161915965,23.9667898236002
