FULL_ADDR,COUNTY,TOWN,VILLAGE,NEIGHBORHOOD,ROAD,SECTION,LANE,ALLEY,SUB_ALLEY,TONG,NUMBER,X,Y
雲林縣北港鎮南安里14鄰仁五街83號,10009,1000906,1000906-004,14鄰,仁五街,,,,,,83號,120.299978293648,23.5661590219694
雲林縣北港鎮南安里14鄰仁五街85號,10009,1000906,1000906-004,14鄰,仁五街,,,,,,85號,120.299948927412,23.5658315839217
雲林縣北港鎮南安里14鄰仁五街87號,10009,1000906,1000906-004,14鄰,仁五街,,,,,,87號,120.299951004121,23.565929546636
