FULL_ADDR,COUNTY,TOWN,VILLAGE,NEIGHBORHOOD,ROAD,SECTION,LANE,ALLEY,SUB_ALLEY,TONG,NUMBER,X,Y
彰化縣田尾鄉睦宜村11鄰睦宜路建31號,10007,1000721,1000721-004,11鄰,睦宜路,,,,,,建31號,120.550070351341,23.8791990660488
彰化縣田尾鄉睦宜村11鄰睦宜路22號,10007,1000721,1000721-004,11鄰,睦宜路,,,,,,22號,120.549280417301,23.8787104514121
彰化縣田尾鄉睦宜村11鄰睦宜路53號,10007,1000721,1000721-004,11鄰,睦宜路,,,,,,53號,120.550928566519,23.8802824073558
彰化縣田尾鄉睦宜村11鄰睦宜路103號,10007,1000721,1000721-004,11鄰,睦宜路,,,,,,103號,120.554394333111,23.8792632941308
