FULL_ADDR,COUNTY,TOWN,VILLAGE,NEIGHBORHOOD,ROAD,SECTION,LANE,ALLEY,SUB_ALLEY,TONG,NUMBER,X,Y
彰化縣芳苑鄉永興村1鄰南一路臨35號,10007,1000723,1000723-007,1鄰,南一路,,,,,,臨35號,120.321094489098,23.9389704586332
彰化縣芳苑鄉永興村1鄰南一路臨125號,10007,1000723,1000723-007,1鄰,南一路,,,,,,臨125號,120.325520255267,23.9461260920208
