FULL_ADDR,COUNTY,TOWN,VILLAGE,NEIGHBORHOOD,ROAD,SECTION,LANE,ALLEY,SUB_ALLEY,TONG,NUMBER,X,Y
苗栗縣頭份鎮自強里2鄰五褔街10號,10005,1000505,1000505-030,2鄰,五褔街,,,,,,10號,120.912301753548,24.692180866969
苗栗縣頭份鎮自強里2鄰五褔街22號,10005,1000505,1000505-030,2鄰,五褔街,,,,,,22號,120.91290197423,24.6923743413152
