FULL_ADDR,COUNTY,TOWN,VILLAGE,NEIGHBORHOOD,ROAD,SECTION,LANE,ALLEY,SUB_ALLEY,TONG,NUMBER,X,Y
彰化縣員林鎮萬年里21鄰萬年五街18號,10007,1000710,1000710-024,21鄰,萬年五街,,,,,,18號,120.58014336293,23.9506134088844
彰化縣員林鎮萬年里21鄰萬年五街20號,10007,1000710,1000710-024,21鄰,萬年五街,,,,,,20號,120.580202315359,23.9506428255384
彰化縣員林鎮萬年里21鄰萬年五街22號,10007,1000710,1000710-024,21鄰,萬年五街,,,,,,22號,120.58026943819,23.9506673885857
彰化縣員林鎮萬年里21鄰萬年五街28號,10007,1000710,1000710-024,21鄰,萬年五街,,,,,,28號,120.580472479222,23.9507707890876
彰化縣員林鎮萬年里21鄰萬年五街30號,10007,1000710,1000710-024,21鄰,萬年五街,,,,,,30號,120.580526952968,23.9507876424157
彰化縣員林鎮萬年里21鄰萬年五街31號,10007,1000710,1000710-024,21鄰,萬年五街,,,,,,31號,120.580463757049,23.9509158688861
彰化縣員林鎮萬年里21鄰萬年五街32號,10007,1000710,1000710-024,21鄰,萬年五街,,,,,,32號,120.580596662798,23.9508021896725
