FULL_ADDR,COUNTY,TOWN,VILLAGE,NEIGHBORHOOD,ROAD,SECTION,LANE,ALLEY,SUB_ALLEY,TONG,NUMBER,X,Y
雲林縣虎尾鎮安慶里20鄰民主１８路1號,10009,1000903,1000903-007,20鄰,民主１８路,,,,,,1號,120.431862902009,23.7046460948526
雲林縣虎尾鎮安慶里20鄰民主１８路3號,10009,1000903,1000903-007,20鄰,民主１８路,,,,,,3號,120.431760509819,23.7046042729926
雲林縣虎尾鎮安慶里20鄰民主１８路5號,10009,1000903,1000903-007,20鄰,民主１８路,,,,,,5號,120.431631409472,23.7045932342939
雲林縣虎尾鎮安慶里20鄰民主１８路7號,10009,1000903,1000903-007,20鄰,民主１８路,,,,,,7號,120.431565341628,23.7045645483508
雲林縣虎尾鎮安慶里20鄰民主１８路9號,10009,1000903,1000903-007,20鄰,民主１８路,,,,,,9號,120.431471204051,23.7045640219886
雲林縣虎尾鎮安慶里20鄰民主１８路11號,10009,1000903,1000903-007,20鄰,民主１８路,,,,,,11號,120.431444870171,23.7045083930808
雲林縣虎尾鎮安慶里20鄰民主１８路17號,10009,1000903,1000903-007,20鄰,民主１８路,,,,,,17號,120.431238944842,23.7044166178945
雲林縣虎尾鎮安慶里20鄰民主１８路19號,10009,1000903,1000903-007,20鄰,民主１８路,,,,,,19號,120.431172275504,23.7043909996466
雲林縣虎尾鎮安慶里20鄰民主１８路150號,10009,1000903,1000903-007,20鄰,民主１８路,,,,,,150號,120.431276301348,23.7047345978388
