FULL_ADDR,COUNTY,TOWN,VILLAGE,NEIGHBORHOOD,ROAD,SECTION,LANE,ALLEY,SUB_ALLEY,TONG,NUMBER,X,Y
雲林縣臺西鄉五港村9鄰中央南五路6號之1,10009,1000916,1000916-015,9鄰,中央南五路,,,,,,6號之1,120.197104960474,23.7175955082512
雲林縣臺西鄉五港村9鄰中央南五路17號,10009,1000916,1000916-015,9鄰,中央南五路,,,,,,17號,120.183332305309,23.7196400606465
雲林縣臺西鄉海口村29鄰中央南五路48號,10009,1000916,1000916-004,29鄰,中央南五路,,,,,,48號,120.176766587226,23.7079410558806
雲林縣臺西鄉海口村29鄰中央南五路52號,10009,1000916,1000916-004,29鄰,中央南五路,,,,,,52號,120.176481158821,23.7063055073245
