FULL_ADDR,COUNTY,TOWN,VILLAGE,NEIGHBORHOOD,ROAD,SECTION,LANE,ALLEY,SUB_ALLEY,TONG,NUMBER,X,Y
彰化縣田尾鄉田尾村8鄰吉田路35巷5號,10007,1000721,1000721-001,8鄰,吉田路,,35巷,,,,5號,120.517907823486,23.8999886995108
彰化縣田尾鄉田尾村8鄰吉田路臨39號,10007,1000721,1000721-001,8鄰,吉田路,,,,,,臨39號,120.518242008494,23.9004510717065
