FULL_ADDR,COUNTY,TOWN,VILLAGE,NEIGHBORHOOD,ROAD,SECTION,LANE,ALLEY,SUB_ALLEY,TONG,NUMBER,X,Y
新竹縣寶山鄉三峰村2鄰三峰二路12I-,10004,1000410,1000410-003,2鄰,三峰二路,,,,,,12I-,121.005897302552,24.7316686015079
新竹縣寶山鄉三峰村2鄰三峰二路18G-6I-,10004,1000410,1000410-003,2鄰,三峰二路,,18G-,,,,6I-,121.005882462264,24.7314130896774
新竹縣寶山鄉三峰村2鄰三峰二路18G-10I-,10004,1000410,1000410-003,2鄰,三峰二路,,18G-,,,,10I-,121.005630877572,24.7314383797165
新竹縣寶山鄉三峰村2鄰三峰二路19G-20I-,10004,1000410,1000410-003,2鄰,三峰二路,,19G-,,,,20I-,121.00520743657,24.7303527831731
新竹縣寶山鄉三峰村2鄰三峰二路28G-10I-(臨),10004,1000410,1000410-003,2鄰,三峰二路,,28G-,,,,10I-(臨),121.004586689664,24.7319038451407
