FULL_ADDR,COUNTY,TOWN,VILLAGE,NEIGHBORHOOD,ROAD,SECTION,LANE,ALLEY,SUB_ALLEY,TONG,NUMBER,X,Y
彰化縣伸港鄉泉州村5鄰自強二街1號,10007,1000705,1000705-005,5鄰,自強二街,,,,,,1號,120.481934476211,24.1454391790248
彰化縣伸港鄉泉州村5鄰自強二街3號,10007,1000705,1000705-005,5鄰,自強二街,,,,,,3號,120.481867407653,24.1454542106527
彰化縣伸港鄉泉州村5鄰自強二街5號,10007,1000705,1000705-005,5鄰,自強二街,,,,,,5號,120.481809633722,24.1454579873566
彰化縣伸港鄉泉州村5鄰自強二街7號,10007,1000705,1000705-005,5鄰,自強二街,,,,,,7號,120.481751856147,24.1454626669421
彰化縣伸港鄉泉州村5鄰自強二街9號,10007,1000705,1000705-005,5鄰,自強二街,,,,,,9號,120.481687886961,24.145465519649
彰化縣伸港鄉泉州村5鄰自強二街11號,10007,1000705,1000705-005,5鄰,自強二街,,,,,,11號,120.481613635156,24.145480617064
