FULL_ADDR,COUNTY,TOWN,VILLAGE,NEIGHBORHOOD,ROAD,SECTION,LANE,ALLEY,SUB_ALLEY,TONG,NUMBER,X,Y
彰化縣芬園鄉社口村27鄰公園一街11號,10007,1000709,1000709-004,27鄰,公園一街,,,,,,11號,120.630533145894,24.0140913361947
彰化縣芬園鄉社口村27鄰公園一街25號,10007,1000709,1000709-004,27鄰,公園一街,,,,,,25號,120.630483951285,24.0143481953193
彰化縣芬園鄉社口村27鄰公園一街25號之1,10007,1000709,1000709-004,27鄰,公園一街,,,,,,25號之1,120.630584034428,24.0149963888118
彰化縣芬園鄉社口村27鄰公園一街127號,10007,1000709,1000709-004,27鄰,公園一街,,,,,,127號,120.630506301171,24.0148515498897
彰化縣芬園鄉社口村27鄰公園一街129號,10007,1000709,1000709-004,27鄰,公園一街,,,,,,129號,120.630507880633,24.0148148038997
