FULL_ADDR,COUNTY,TOWN,VILLAGE,NEIGHBORHOOD,ROAD,SECTION,LANE,ALLEY,SUB_ALLEY,TONG,NUMBER,X,Y
新竹縣竹北市新崙里20鄰光銘十四街35I-,10004,1000401,1000401-025,20鄰,光銘十四街,,,,,,35I-,121.000993391963,24.8306318089824
新竹縣竹北市新崙里20鄰光銘十四街37I-,10004,1000401,1000401-025,20鄰,光銘十四街,,,,,,37I-,121.000871901647,24.8306470680535
新竹縣竹北市新崙里20鄰光銘十四街39I-,10004,1000401,1000401-025,20鄰,光銘十四街,,,,,,39I-,121.000748432092,24.8305728537311
新竹縣竹北市新崙里20鄰光銘十四街41I-,10004,1000401,1000401-025,20鄰,光銘十四街,,,,,,41I-,121.000605967923,24.830593890986
新竹縣竹北市新崙里20鄰光銘十四街45I-,10004,1000401,1000401-025,20鄰,光銘十四街,,,,,,45I-,121.00073369182,24.8307123454846
