FULL_ADDR,COUNTY,TOWN,VILLAGE,NEIGHBORHOOD,ROAD,SECTION,LANE,ALLEY,SUB_ALLEY,TONG,NUMBER,X,Y
新竹縣湖口鄉中正村4鄰健康一街1I-,10004,1000405,1000405-018,4鄰,健康一街,,,,,,1I-,121.049539018609,24.8994639052322
新竹縣湖口鄉中正村4鄰健康一街3I-,10004,1000405,1000405-018,4鄰,健康一街,,,,,,3I-,121.049488250305,24.899495792693
新竹縣湖口鄉中正村4鄰健康一街5I-,10004,1000405,1000405-018,4鄰,健康一街,,,,,,5I-,121.049443421278,24.8995276781683
新竹縣湖口鄉中正村4鄰健康一街7I-,10004,1000405,1000405-018,4鄰,健康一街,,,,,,7I-,121.049408290935,24.8995541433174
