FULL_ADDR,COUNTY,TOWN,VILLAGE,NEIGHBORHOOD,ROAD,SECTION,LANE,ALLEY,SUB_ALLEY,TONG,NUMBER,X,Y
新竹縣寶山鄉深井村1鄰深井五路17G-3I-,10004,1000410,1000410-005,1鄰,深井五路,,17G-,,,,3I-,120.942756875558,24.7218837609782
新竹縣寶山鄉深井村1鄰深井五路17G-8I-,10004,1000410,1000410-005,1鄰,深井五路,,17G-,,,,8I-,120.94229615134,24.7223050448812
新竹縣寶山鄉深井村1鄰深井五路17G-20I-,10004,1000410,1000410-005,1鄰,深井五路,,17G-,,,,20I-,120.942187853433,24.72222022354
