FULL_ADDR,COUNTY,TOWN,VILLAGE,NEIGHBORHOOD,ROAD,SECTION,LANE,ALLEY,SUB_ALLEY,TONG,NUMBER,X,Y
雲林縣北港鎮南安里14鄰更生路479巷3號,10009,1000906,1000906-004,14鄰,更生路,,479巷,,,,3號,120.300007631327,23.5660038625982
雲林縣北港鎮南安里13鄰更生路756號,10009,1000906,1000906-004,13鄰,更生路,,,,,,756號,120.302148641067,23.5661389096987
