FULL_ADDR,COUNTY,TOWN,VILLAGE,NEIGHBORHOOD,ROAD,SECTION,LANE,ALLEY,SUB_ALLEY,TONG,NUMBER,X,Y
彰化縣線西鄉寓埔村22鄰彰濱東七路1號,10007,1000704,1000704-003,22鄰,彰濱東七路,,,,,,1號,120.435727841101,24.1382191003981
彰化縣線西鄉寓埔村22鄰彰濱東七路2號,10007,1000704,1000704-003,22鄰,彰濱東七路,,,,,,2號,120.436909913214,24.1394524185871
彰化縣線西鄉寓埔村22鄰彰濱東七路2之1號,10007,1000704,1000704-003,22鄰,彰濱東七路,,,,,,2之1號,120.436239324488,24.1392847108038
彰化縣線西鄉寓埔村22鄰彰濱東七路6號,10007,1000704,1000704-003,22鄰,彰濱東七路,,,,,,6號,120.435802119201,24.139655546893
彰化縣線西鄉寓埔村22鄰彰濱東七路9號,10007,1000704,1000704-003,22鄰,彰濱東七路,,,,,,9號,120.434328561621,24.1399345112184
彰化縣線西鄉寓埔村22鄰彰濱東七路10號,10007,1000704,1000704-003,22鄰,彰濱東七路,,,,,,10號,120.43479264955,24.1403655647115
彰化縣線西鄉寓埔村22鄰彰濱東七路12號,10007,1000704,1000704-003,22鄰,彰濱東七路,,,,,,12號,120.434161287186,24.1407635769312
彰化縣線西鄉寓埔村22鄰彰濱東七路16號,10007,1000704,1000704-003,22鄰,彰濱東七路,,,,,,16號,120.433693898925,24.1402107968081
