FULL_ADDR,COUNTY,TOWN,VILLAGE,NEIGHBORHOOD,ROAD,SECTION,LANE,ALLEY,SUB_ALLEY,TONG,NUMBER,X,Y
新竹縣竹北市新社里19鄰保泰三路53I-,10004,1000401,1000401-011,19鄰,保泰三路,,,,,,53I-,121.001675759597,24.8470236373899
新竹縣竹北市新社里19鄰保泰三路58I-,10004,1000401,1000401-011,19鄰,保泰三路,,,,,,58I-,121.002021379485,24.8469878799853
新竹縣竹北市新社里19鄰保泰三路78I-,10004,1000401,1000401-011,19鄰,保泰三路,,,,,,78I-,121.00204938473,24.8471921960945
新竹縣竹北市新社里19鄰保泰三路80I-,10004,1000401,1000401-011,19鄰,保泰三路,,,,,,80I-,121.002081942716,24.8474617886721
新竹縣竹北市新社里19鄰保泰三路80I-二樓,10004,1000401,1000401-011,19鄰,保泰三路,,,,,,80I-二樓,121.002130030203,24.8474191731561
新竹縣竹北市新社里19鄰保泰三路80I-三樓,10004,1000401,1000401-011,19鄰,保泰三路,,,,,,80I-三樓,121.002130030203,24.8474191731561
新竹縣竹北市新社里19鄰保泰三路80I-四樓,10004,1000401,1000401-011,19鄰,保泰三路,,,,,,80I-四樓,121.002081942716,24.8474617886721
新竹縣竹北市新社里19鄰保泰三路89I-,10004,1000401,1000401-011,19鄰,保泰三路,,,,,,89I-,121.001739305281,24.8485950587486
