FULL_ADDR,COUNTY,TOWN,VILLAGE,NEIGHBORHOOD,ROAD,SECTION,LANE,ALLEY,SUB_ALLEY,TONG,NUMBER,X,Y
雲林縣斗六市三平里15鄰昆明路17號,10009,1000901,1000901-008,15鄰,昆明路,,,,,,17號,120.536162746576,23.7125635189471
雲林縣斗六市三平里15鄰昆明路19號,10009,1000901,1000901-008,15鄰,昆明路,,,,,,19號,120.536196625767,23.7125229867897
