FULL_ADDR,COUNTY,TOWN,VILLAGE,NEIGHBORHOOD,ROAD,SECTION,LANE,ALLEY,SUB_ALLEY,TONG,NUMBER,X,Y
新竹縣竹東鎮中正里11鄰如意街81I-,10004,1000402,1000402-021,11鄰,如意街,,,,,,81I-,121.095944172653,24.7290194282963
新竹縣竹東鎮中正里11鄰如意街91I-,10004,1000402,1000402-021,11鄰,如意街,,,,,,91I-,121.096990703771,24.7291144593063
