FULL_ADDR,COUNTY,TOWN,VILLAGE,NEIGHBORHOOD,ROAD,SECTION,LANE,ALLEY,SUB_ALLEY,TONG,NUMBER,X,Y
新竹縣寶山鄉油田村3鄰油石路7I-(臨),10004,1000410,1000410-009,3鄰,油石路,,,,,,7I-(臨),121.011527966441,24.7131426088211
新竹縣寶山鄉油田村3鄰油石路8G-8I-,10004,1000410,1000410-009,3鄰,油石路,,8G-,,,,8I-,121.011331617522,24.7136637620139
新竹縣寶山鄉油田村3鄰油石路8G-18I-(臨),10004,1000410,1000410-009,3鄰,油石路,,8G-,,,,18I-(臨),121.010808037794,24.7134394367366
新竹縣寶山鄉油田村3鄰油石路28I-,10004,1000410,1000410-009,3鄰,油石路,,,,,,28I-,121.011127970754,24.7132759933527
新竹縣寶山鄉油田村3鄰油石路49G-49I-,10004,1000410,1000410-009,3鄰,油石路,,49G-,,,,49I-,121.008639065521,24.7132804008182
新竹縣寶山鄉油田村3鄰油石路68I-,10004,1000410,1000410-009,3鄰,油石路,,,,,,68I-,121.01056768867,24.7126424879158
