FULL_ADDR,COUNTY,TOWN,VILLAGE,NEIGHBORHOOD,ROAD,SECTION,LANE,ALLEY,SUB_ALLEY,TONG,NUMBER,X,Y
苗栗縣大湖鄉大湖村10鄰中正路金湖巷1號,10005,1000508,1000508-001,10鄰,中正路金湖巷,,,,,,1號,120.868027454419,24.421795099917
苗栗縣大湖鄉大湖村10鄰中正路金湖巷3號,10005,1000508,1000508-001,10鄰,中正路金湖巷,,,,,,3號,120.868012018166,24.421751024631
苗栗縣大湖鄉大湖村9鄰中正路金湖巷6號,10005,1000508,1000508-001,9鄰,中正路金湖巷,,,,,,6號,120.867875856152,24.4218253053029
苗栗縣大湖鄉大湖村9鄰中正路金湖巷6之1號,10005,1000508,1000508-001,9鄰,中正路金湖巷,,,,,,6之1號,120.867694009462,24.4219255496214
苗栗縣大湖鄉大湖村10鄰中正路金湖巷10號,10005,1000508,1000508-001,10鄰,中正路金湖巷,,,,,,10號,120.867822036277,24.421671321823
苗栗縣大湖鄉大湖村10鄰中正路金湖巷11號,10005,1000508,1000508-001,10鄰,中正路金湖巷,,,,,,11號,120.867977393396,24.4215729413157
苗栗縣大湖鄉大湖村10鄰中正路金湖巷15號,10005,1000508,1000508-001,10鄰,中正路金湖巷,,,,,,15號,120.867960970692,24.4215292263254
