FULL_ADDR,COUNTY,TOWN,VILLAGE,NEIGHBORHOOD,ROAD,SECTION,LANE,ALLEY,SUB_ALLEY,TONG,NUMBER,X,Y
苗栗縣苑裡鎮客庄里13鄰民興街1號,10005,1000502,1000502-009,13鄰,民興街,,,,,,1號,120.652978369646,24.4406194924689
苗栗縣苑裡鎮客庄里13鄰民興街2號,10005,1000502,1000502-009,13鄰,民興街,,,,,,2號,120.653137125405,24.4405661795106
苗栗縣苑裡鎮客庄里13鄰民興街3號,10005,1000502,1000502-009,13鄰,民興街,,,,,,3號,120.652999927609,24.4406669258349
苗栗縣苑裡鎮客庄里13鄰民興街5號,10005,1000502,1000502-009,13鄰,民興街,,,,,,5號,120.653021485563,24.4407143682265
苗栗縣苑裡鎮客庄里13鄰民興街6號,10005,1000502,1000502-009,13鄰,民興街,,,,,,6號,120.653154424779,24.4406056756749
苗栗縣苑裡鎮客庄里13鄰民興街7號,10005,1000502,1000502-009,13鄰,民興街,,,,,,7號,120.653043043533,24.440761810615
苗栗縣苑裡鎮客庄里13鄰民興街8號,10005,1000502,1000502-009,13鄰,民興街,,,,,,8號,120.653171724163,24.4406451718371
苗栗縣苑裡鎮客庄里13鄰民興街9號,10005,1000502,1000502-009,13鄰,民興街,,,,,,9號,120.653064601544,24.4408092439714
苗栗縣苑裡鎮客庄里13鄰民興街10號,10005,1000502,1000502-009,13鄰,民興街,,,,,,10號,120.653231859767,24.4408422039412
