FULL_ADDR,COUNTY,TOWN,VILLAGE,NEIGHBORHOOD,ROAD,SECTION,LANE,ALLEY,SUB_ALLEY,TONG,NUMBER,X,Y
彰化縣田尾鄉田尾村3鄰振華路建57號,10007,1000721,1000721-001,3鄰,振華路,,,,,,建57號,120.522680697342,23.8994967688316
彰化縣田尾鄉田尾村3鄰振華路29號,10007,1000721,1000721-001,3鄰,振華路,,,,,,29號,120.524015759513,23.8989338542182
彰化縣田尾鄉田尾村3鄰振華路30號,10007,1000721,1000721-001,3鄰,振華路,,,,,,30號,120.523260088757,23.8998335053884
彰化縣田尾鄉田尾村3鄰振華路148號,10007,1000721,1000721-001,3鄰,振華路,,,,,,148號,120.52180115578,23.900798345776
彰化縣田尾鄉田尾村3鄰振華路156號,10007,1000721,1000721-001,3鄰,振華路,,,,,,156號,120.521319017099,23.9008043405222
彰化縣田尾鄉田尾村3鄰振華路臨300號,10007,1000721,1000721-001,3鄰,振華路,,,,,,臨300號,120.519856439174,23.9023264862336
