FULL_ADDR,COUNTY,TOWN,VILLAGE,NEIGHBORHOOD,ROAD,SECTION,LANE,ALLEY,SUB_ALLEY,TONG,NUMBER,X,Y
新竹縣寶山鄉三峰村2鄰寶峰一路3G-9I-(臨),10004,1000410,1000410-003,2鄰,寶峰一路,,3G-,,,,9I-(臨),121.006139036241,24.7323380704025
新竹縣寶山鄉三峰村2鄰寶峰一路15G-21I-,10004,1000410,1000410-003,2鄰,寶峰一路,,15G-,,,,21I-,121.005729868202,24.7343997913812
新竹縣寶山鄉油田村10鄰寶峰一路39I-,10004,1000410,1000410-009,10鄰,寶峰一路,,,,,,39I-,121.006960543689,24.7344161715399
新竹縣寶山鄉油田村10鄰寶峰一路47I-,10004,1000410,1000410-009,10鄰,寶峰一路,,,,,,47I-,121.007019961842,24.7345035666212
新竹縣寶山鄉油田村10鄰寶峰一路51I-,10004,1000410,1000410-009,10鄰,寶峰一路,,,,,,51I-,121.007144034256,24.7346155166846
新竹縣寶山鄉油田村10鄰寶峰一路53I-,10004,1000410,1000410-009,10鄰,寶峰一路,,,,,,53I-,121.007163319882,24.7347625030556
新竹縣寶山鄉油田村10鄰寶峰一路108G-50I-(臨),10004,1000410,1000410-009,10鄰,寶峰一路,,108G-,,,,50I-(臨),121.008609511432,24.7348185855205
新竹縣寶山鄉油田村10鄰寶峰一路110I-,10004,1000410,1000410-009,10鄰,寶峰一路,,,,,,110I-,121.008592379711,24.7358302526296
