FULL_ADDR,COUNTY,TOWN,VILLAGE,NEIGHBORHOOD,ROAD,SECTION,LANE,ALLEY,SUB_ALLEY,TONG,NUMBER,X,Y
彰化縣田中鎮中潭里8鄰民樂街56號,10007,1000712,1000712-007,8鄰,民樂街,,,,,,56號,120.583270338806,23.8662974280954
彰化縣田中鎮中潭里8鄰民樂街58號,10007,1000712,1000712-007,8鄰,民樂街,,,,,,58號,120.583309661151,23.8663161083449
彰化縣田中鎮中潭里8鄰民樂街60號,10007,1000712,1000712-007,8鄰,民樂街,,,,,,60號,120.583350018582,23.8663273600462
