FULL_ADDR,COUNTY,TOWN,VILLAGE,NEIGHBORHOOD,ROAD,SECTION,LANE,ALLEY,SUB_ALLEY,TONG,NUMBER,X,Y
彰化縣大城鄉大城村1鄰上和路三段102巷528弄建111號,10007,1000724,1000724-005,1鄰,上和路,三段,102巷,528弄,,,建111號,120.314716489122,23.8610197251829
彰化縣大城鄉菜寮村1鄰上和路三段102巷528弄建86號,10007,1000724,1000724-006,1鄰,上和路,三段,102巷,528弄,,,建86號,120.323897679146,23.8711672644735
彰化縣大城鄉菜寮村2鄰上和路三段345巷建118號,10007,1000724,1000724-006,2鄰,上和路,三段,345巷,,,,建118號,120.324950284806,23.8705514799631
彰化縣大城鄉西城村6鄰上和路三段102巷162弄建2號,10007,1000724,1000724-004,6鄰,上和路,三段,102巷,162弄,,,建2號,120.321006378654,23.8658416976277
