FULL_ADDR,COUNTY,TOWN,VILLAGE,NEIGHBORHOOD,ROAD,SECTION,LANE,ALLEY,SUB_ALLEY,TONG,NUMBER,X,Y
彰化縣溪州鄉尾厝村10鄰大學路170號,10007,1000726,1000726-014,10鄰,大學路,,,,,,170號,120.496813608937,23.8583622228738
彰化縣溪州鄉瓦厝村8鄰大學路181號,10007,1000726,1000726-008,8鄰,大學路,,,,,,181號,120.495442137587,23.8589240667537
