FULL_ADDR,COUNTY,TOWN,VILLAGE,NEIGHBORHOOD,ROAD,SECTION,LANE,ALLEY,SUB_ALLEY,TONG,NUMBER,X,Y
苗栗縣竹南鎮海口里3鄰育才路56之5號,10005,1000504,1000504-016,3鄰,育才路,,,,,,56之5號,120.862999163984,24.6765989953911
苗栗縣竹南鎮海口里3鄰育才路56之3號,10005,1000504,1000504-016,3鄰,育才路,,,,,,56之3號,120.862918907732,24.6765913741223
苗栗縣竹南鎮海口里3鄰育才路56之2號,10005,1000504,1000504-016,3鄰,育才路,,,,,,56之2號,120.86306927971,24.676455050666
苗栗縣竹南鎮海口里3鄰育才路56之1號,10005,1000504,1000504-016,3鄰,育才路,,,,,,56之1號,120.863020031313,24.6763924635614
