FULL_ADDR,COUNTY,TOWN,VILLAGE,NEIGHBORHOOD,ROAD,SECTION,LANE,ALLEY,SUB_ALLEY,TONG,NUMBER,X,Y
彰化縣彰化市莿桐里12鄰彰平路108號,10007,1000701,1000701-029,12鄰,彰平路,,,,,,108號,120.51175963564,24.0545462285021
彰化縣秀水鄉安溪村11鄰彰平路21號,10007,1000707,1000707-002,11鄰,彰平路,,,,,,21號,120.512324186001,24.0537773778866
