FULL_ADDR,COUNTY,TOWN,VILLAGE,NEIGHBORHOOD,ROAD,SECTION,LANE,ALLEY,SUB_ALLEY,TONG,NUMBER,X,Y
彰化縣埔鹽鄉天盛村7鄰成功南路臨135號,10007,1000714,1000714-018,7鄰,成功南路,,,,,,臨135號,120.428450680736,23.9785430925427
彰化縣埔鹽鄉天盛村8鄰成功南路59號,10007,1000714,1000714-018,8鄰,成功南路,,,,,,59號,120.427973439745,23.9763508958392
彰化縣埔鹽鄉天盛村7鄰成功南路臨62號,10007,1000714,1000714-018,7鄰,成功南路,,,,,,臨62號,120.428446895681,23.9766391598921
