FULL_ADDR,COUNTY,TOWN,VILLAGE,NEIGHBORHOOD,ROAD,SECTION,LANE,ALLEY,SUB_ALLEY,TONG,NUMBER,X,Y
雲林縣麥寮鄉施厝村3鄰福聖街50號,10009,1000913,1000913-011,3鄰,福聖街,,,,,,50號,120.27979841896,23.7922909034616
雲林縣麥寮鄉施厝村2鄰福聖街333號,10009,1000913,1000913-011,2鄰,福聖街,,,,,,333號,120.282973405202,23.7921803594266
雲林縣麥寮鄉施厝村5鄰福聖街777號,10009,1000913,1000913-011,5鄰,福聖街,,,,,,777號,120.286491549644,23.7925522397634
雲林縣麥寮鄉施厝村7鄰福聖街980號,10009,1000913,1000913-011,7鄰,福聖街,,,,,,980號,120.287942346676,23.7941660555803
