FULL_ADDR,COUNTY,TOWN,VILLAGE,NEIGHBORHOOD,ROAD,SECTION,LANE,ALLEY,SUB_ALLEY,TONG,NUMBER,X,Y
雲林縣口湖鄉湖東村10鄰保定街21號,10009,1000919,1000919-001,10鄰,保定街,,,,,,21號,120.183543298366,23.5847104891874
雲林縣口湖鄉湖東村10鄰保定街41號,10009,1000919,1000919-001,10鄰,保定街,,,,,,41號,120.183496564953,23.5847329706816
雲林縣口湖鄉湖東村10鄰保定街50號,10009,1000919,1000919-001,10鄰,保定街,,,,,,50號,120.183658925289,23.5847891562574
雲林縣口湖鄉湖東村10鄰保定街52號,10009,1000919,1000919-001,10鄰,保定街,,,,,,52號,120.183499541663,23.5848979089779
雲林縣口湖鄉湖東村10鄰保定街63號,10009,1000919,1000919-001,10鄰,保定街,,,,,,63號,120.183312010928,23.5848024573498
