FULL_ADDR,COUNTY,TOWN,VILLAGE,NEIGHBORHOOD,ROAD,SECTION,LANE,ALLEY,SUB_ALLEY,TONG,NUMBER,X,Y
苗栗縣頭份鎮東庄里19鄰華隆街1號,10005,1000505,1000505-014,19鄰,華隆街,,,,,,1號,120.899290968063,24.6865347364827
苗栗縣頭份鎮東庄里19鄰華隆街5號,10005,1000505,1000505-014,19鄰,華隆街,,,,,,5號,120.898707863811,24.6861929851769
苗栗縣頭份鎮東庄里19鄰華隆街19巷9號,10005,1000505,1000505-014,19鄰,華隆街,,19巷,,,,9號,120.899407213544,24.6860246628016
苗栗縣頭份鎮東庄里19鄰華隆街29號,10005,1000505,1000505-014,19鄰,華隆街,,,,,,29號,120.899617357823,24.6856351043971
苗栗縣頭份鎮東庄里19鄰華隆街31號,10005,1000505,1000505-014,19鄰,華隆街,,,,,,31號,120.899640253795,24.685573796409
苗栗縣頭份鎮東庄里19鄰華隆街37號,10005,1000505,1000505-014,19鄰,華隆街,,,,,,37號,120.899686648722,24.6854385134823
