FULL_ADDR,COUNTY,TOWN,VILLAGE,NEIGHBORHOOD,ROAD,SECTION,LANE,ALLEY,SUB_ALLEY,TONG,NUMBER,X,Y
苗栗縣銅鑼鄉中平村13鄰瑞興北街1號,10005,1000510,1000510-007,13鄰,瑞興北街,,,,,,1號,120.798232250608,24.4960706841188
苗栗縣銅鑼鄉中平村13鄰瑞興北街6號,10005,1000510,1000510-007,13鄰,瑞興北街,,,,,,6號,120.79785230917,24.4995970556032
苗栗縣銅鑼鄉中平村13鄰瑞興北街6之1號,10005,1000510,1000510-007,13鄰,瑞興北街,,,,,,6之1號,120.797956489888,24.4985088906663
苗栗縣銅鑼鄉中平村13鄰瑞興北街18號,10005,1000510,1000510-007,13鄰,瑞興北街,,,,,,18號,120.797868641235,24.5027741741294
