FULL_ADDR,COUNTY,TOWN,VILLAGE,NEIGHBORHOOD,ROAD,SECTION,LANE,ALLEY,SUB_ALLEY,TONG,NUMBER,X,Y
新竹縣寶山鄉寶斗村3鄰南興路25G-5I-,10004,1000410,1000410-006,3鄰,南興路,,25G-,,,,5I-,120.956861330346,24.7074859475607
新竹縣寶山鄉寶斗村3鄰南興路25G-9I-,10004,1000410,1000410-006,3鄰,南興路,,25G-,,,,9I-,120.957713496494,24.7077729427314
新竹縣寶山鄉寶斗村3鄰南興路25G-11I-,10004,1000410,1000410-006,3鄰,南興路,,25G-,,,,11I-,120.957679500791,24.7080536364886
新竹縣寶山鄉寶斗村3鄰南興路25G-15I-,10004,1000410,1000410-006,3鄰,南興路,,25G-,,,,15I-,120.957904198472,24.7091035607975
