FULL_ADDR,COUNTY,TOWN,VILLAGE,NEIGHBORHOOD,ROAD,SECTION,LANE,ALLEY,SUB_ALLEY,TONG,NUMBER,X,Y
新竹縣芎林鄉上山村18鄰文德五街12I-,10004,1000407,1000407-011,18鄰,文德五街,,,,,,12I-,121.073748466842,24.7780216720481
新竹縣芎林鄉上山村18鄰文德五街22I-,10004,1000407,1000407-011,18鄰,文德五街,,,,,,22I-,121.073489187256,24.7780465380124
