FULL_ADDR,COUNTY,TOWN,VILLAGE,NEIGHBORHOOD,ROAD,SECTION,LANE,ALLEY,SUB_ALLEY,TONG,NUMBER,X,Y
雲林縣斗南鎮明昌里6鄰東環街2號,10009,1000902,1000902-016,6鄰,東環街,,,,,,2號,120.474799958406,23.6748143742178
雲林縣斗南鎮明昌里6鄰東環街4號,10009,1000902,1000902-016,6鄰,東環街,,,,,,4號,120.474797207608,23.6748525876137
雲林縣斗南鎮明昌里6鄰東環街6號,10009,1000902,1000902-016,6鄰,東環街,,,,,,6號,120.474799662421,23.6748884348163
雲林縣斗南鎮明昌里6鄰東環街11號,10009,1000902,1000902-016,6鄰,東環街,,,,,,11號,120.474667477129,23.6749563685523
雲林縣斗南鎮明昌里6鄰東環街13號,10009,1000902,1000902-016,6鄰,東環街,,,,,,13號,120.474671748128,23.6749915988653
雲林縣斗南鎮明昌里6鄰東環街15號,10009,1000902,1000902-016,6鄰,東環街,,,,,,15號,120.474672070478,23.6750335880634
