FULL_ADDR,COUNTY,TOWN,VILLAGE,NEIGHBORHOOD,ROAD,SECTION,LANE,ALLEY,SUB_ALLEY,TONG,NUMBER,X,Y
苗栗縣竹南鎮新南里17鄰公園五街2號,10005,1000504,1000504-004,17鄰,公園五街,,,,,,2號,120.890212411125,24.6908982686763
苗栗縣竹南鎮新南里17鄰公園五街19之1號,10005,1000504,1000504-004,17鄰,公園五街,,,,,,19之1號,120.889760831545,24.6910428671777
苗栗縣竹南鎮新南里17鄰公園五街19號,10005,1000504,1000504-004,17鄰,公園五街,,,,,,19號,120.889906560655,24.691127410939
苗栗縣竹南鎮新南里17鄰公園五街23號,10005,1000504,1000504-004,17鄰,公園五街,,,,,,23號,120.889928390675,24.6913074059452
苗栗縣頭份鎮後庄里21鄰公園五街58號,10005,1000505,1000505-015,21鄰,公園五街,,,,,,58號,120.890223606352,24.6920730790467
苗栗縣頭份鎮後庄里21鄰公園五街60號,10005,1000505,1000505-015,21鄰,公園五街,,,,,,60號,120.890231559584,24.6921318619844
