FULL_ADDR,COUNTY,TOWN,VILLAGE,NEIGHBORHOOD,ROAD,SECTION,LANE,ALLEY,SUB_ALLEY,TONG,NUMBER,X,Y
彰化縣埔心鄉瓦中村13鄰瓦中一街1號,10007,1000715,1000715-006,13鄰,瓦中一街,,,,,,1號,120.562930770053,23.9547169493062
彰化縣埔心鄉瓦中村13鄰瓦中一街3號,10007,1000715,1000715-006,13鄰,瓦中一街,,,,,,3號,120.562868348412,23.9547263428371
