FULL_ADDR,COUNTY,TOWN,VILLAGE,NEIGHBORHOOD,ROAD,SECTION,LANE,ALLEY,SUB_ALLEY,TONG,NUMBER,X,Y
苗栗縣大湖鄉大湖村5鄰中華路自助巷3號,10005,1000508,1000508-001,5鄰,中華路自助巷,,,,,,3號,120.867148748351,24.4229942031658
苗栗縣大湖鄉大湖村5鄰中華路自助巷4號,10005,1000508,1000508-001,5鄰,中華路自助巷,,,,,,4號,120.86728019148,24.4230019029008
苗栗縣大湖鄉大湖村5鄰中華路自助巷5號,10005,1000508,1000508-001,5鄰,中華路自助巷,,,,,,5號,120.867254009178,24.4229552899839
苗栗縣大湖鄉大湖村5鄰中華路自助巷6號,10005,1000508,1000508-001,5鄰,中華路自助巷,,,,,,6號,120.867231865206,24.4229132854261
苗栗縣大湖鄉大湖村5鄰中華路自助巷7號,10005,1000508,1000508-001,5鄰,中華路自助巷,,,,,,7號,120.867208631592,24.4228759750206
苗栗縣大湖鄉大湖村5鄰中華路自助巷8號,10005,1000508,1000508-001,5鄰,中華路自助巷,,,,,,8號,120.867186487648,24.4228339704558
