FULL_ADDR,COUNTY,TOWN,VILLAGE,NEIGHBORHOOD,ROAD,SECTION,LANE,ALLEY,SUB_ALLEY,TONG,NUMBER,X,Y
苗栗縣頭份鎮後庄里6鄰建安街2號,10005,1000505,1000505-015,6鄰,建安街,,,,,,2號,120.89139468749,24.6977853044915
苗栗縣頭份鎮後庄里6鄰建安街22號,10005,1000505,1000505-015,6鄰,建安街,,,,,,22號,120.890978045244,24.6979920223571
苗栗縣頭份鎮後庄里6鄰建安街30號,10005,1000505,1000505-015,6鄰,建安街,,,,,,30號,120.890833961097,24.6980625584702
