FULL_ADDR,COUNTY,TOWN,VILLAGE,NEIGHBORHOOD,ROAD,SECTION,LANE,ALLEY,SUB_ALLEY,TONG,NUMBER,X,Y
苗栗縣後龍鎮校椅里12鄰高鐵二路93號,10005,1000506,1000506-007,12鄰,高鐵二路,,,,,,93號,120.831698510947,24.6101664895082
苗栗縣後龍鎮校椅里12鄰高鐵二路96號,10005,1000506,1000506-007,12鄰,高鐵二路,,,,,,96號,120.831734085919,24.6102757871296
苗栗縣後龍鎮校椅里12鄰高鐵二路108號,10005,1000506,1000506-007,12鄰,高鐵二路,,,,,,108號,120.832371643958,24.6107960083296
