FULL_ADDR,COUNTY,TOWN,VILLAGE,NEIGHBORHOOD,ROAD,SECTION,LANE,ALLEY,SUB_ALLEY,TONG,NUMBER,X,Y
雲林縣斗六市鎮西里28鄰文興路55號,10009,1000901,1000901-033,28鄰,文興路,,,,,,55號,120.523372082285,23.6960304349479
雲林縣斗六市鎮西里28鄰文興路80號,10009,1000901,1000901-033,28鄰,文興路,,,,,,80號,120.523546639937,23.6963501729084
雲林縣口湖鄉湖東村7鄰文興路40巷10號,10009,1000919,1000919-001,7鄰,文興路,,40巷,,,,10號,120.187917808354,23.5821357353021
雲林縣口湖鄉湖東村7鄰文興路95號,10009,1000919,1000919-001,7鄰,文興路,,,,,,95號,120.187573122981,23.5842327193898
雲林縣口湖鄉湖東村7鄰文興路97號,10009,1000919,1000919-001,7鄰,文興路,,,,,,97號,120.187600127259,23.5842845993049
