FULL_ADDR,COUNTY,TOWN,VILLAGE,NEIGHBORHOOD,ROAD,SECTION,LANE,ALLEY,SUB_ALLEY,TONG,NUMBER,X,Y
雲林縣虎尾鎮墾地里30鄰學府一路230之1號,10009,1000903,1000903-015,30鄰,學府一路,,,,,,230之1號,120.415308040784,23.7390621008969
雲林縣虎尾鎮墾地里29鄰學府一路380號,10009,1000903,1000903-015,29鄰,學府一路,,,,,,380號,120.41897684441,23.737885654777
雲林縣虎尾鎮墾地里29鄰學府一路380號二樓,10009,1000903,1000903-015,29鄰,學府一路,,,,,,380號二樓,120.41897684441,23.737885654777
雲林縣虎尾鎮墾地里32鄰學府一路680號,10009,1000903,1000903-015,32鄰,學府一路,,,,,,680號,120.411299482451,23.7400440230432
雲林縣虎尾鎮墾地里32鄰學府一路682號,10009,1000903,1000903-015,32鄰,學府一路,,,,,,682號,120.411450694288,23.7402059569972
雲林縣虎尾鎮興中里15鄰學府一路58號,10009,1000903,1000903-021,15鄰,學府一路,,,,,,58號,120.425819006743,23.7380437708486
雲林縣虎尾鎮興中里15鄰學府一路58之28號,10009,1000903,1000903-021,15鄰,學府一路,,,,,,58之28號,120.42454308826,23.738110450988
雲林縣虎尾鎮興中里15鄰學府一路230號,10009,1000903,1000903-021,15鄰,學府一路,,,,,,230號,120.421691002687,23.7380437353302
