FULL_ADDR,COUNTY,TOWN,VILLAGE,NEIGHBORHOOD,ROAD,SECTION,LANE,ALLEY,SUB_ALLEY,TONG,NUMBER,X,Y
彰化縣田中鎮梅州里10鄰鎮政街55號,10007,1000712,1000712-019,10鄰,鎮政街,,,,,,55號,120.580927246125,23.8599653366425
彰化縣田中鎮梅州里10鄰鎮政街59號,10007,1000712,1000712-019,10鄰,鎮政街,,,,,,59號,120.580945435792,23.8600487291519
彰化縣田中鎮梅州里10鄰鎮政街61號,10007,1000712,1000712-019,10鄰,鎮政街,,,,,,61號,120.580952615985,23.8601057253325
彰化縣田中鎮梅州里10鄰鎮政街63號,10007,1000712,1000712-019,10鄰,鎮政街,,,,,,63號,120.580956604178,23.8601478140221
彰化縣田中鎮梅州里10鄰鎮政街65號,10007,1000712,1000712-019,10鄰,鎮政街,,,,,,65號,120.580958604379,23.8601974821486
彰化縣田中鎮西路里14鄰鎮政街16號,10007,1000712,1000712-010,14鄰,鎮政街,,,,,,16號,120.581038659662,23.8592393003766
彰化縣田中鎮西路里14鄰鎮政街18號,10007,1000712,1000712-010,14鄰,鎮政街,,,,,,18號,120.581043625033,23.8593133564402
彰化縣田中鎮西路里14鄰鎮政街22號,10007,1000712,1000712-010,14鄰,鎮政街,,,,,,22號,120.581086652178,23.8595500484723
