FULL_ADDR,COUNTY,TOWN,VILLAGE,NEIGHBORHOOD,ROAD,SECTION,LANE,ALLEY,SUB_ALLEY,TONG,NUMBER,X,Y
新竹縣關西鎮北斗里6鄰衡陽路1I-,10004,1000404,1000404-004,6鄰,衡陽路,,,,,,1I-,121.177420878872,24.7922315346075
新竹縣關西鎮北斗里6鄰衡陽路3I-,10004,1000404,1000404-004,6鄰,衡陽路,,,,,,3I-,121.177355460801,24.7922706157144
新竹縣關西鎮北斗里6鄰衡陽路5I-,10004,1000404,1000404-004,6鄰,衡陽路,,,,,,5I-,121.177311451692,24.7922724735766
新竹縣關西鎮北斗里6鄰衡陽路7I-,10004,1000404,1000404-004,6鄰,衡陽路,,,,,,7I-,121.177266453554,24.7922743325971
新竹縣關西鎮北斗里6鄰衡陽路9I-,10004,1000404,1000404-004,6鄰,衡陽路,,,,,,9I-,121.177223434751,24.7922770921212
新竹縣關西鎮北斗里6鄰衡陽路22I-,10004,1000404,1000404-004,6鄰,衡陽路,,,,,,22I-,121.177350899177,24.7924707853073
新竹縣關西鎮北斗里6鄰衡陽路24I-,10004,1000404,1000404-004,6鄰,衡陽路,,,,,,24I-,121.177307216353,24.7924934988608
新竹縣關西鎮北斗里6鄰衡陽路26I-,10004,1000404,1000404-004,6鄰,衡陽路,,,,,,26I-,121.177261715923,24.7924899413119
