FULL_ADDR,COUNTY,TOWN,VILLAGE,NEIGHBORHOOD,ROAD,SECTION,LANE,ALLEY,SUB_ALLEY,TONG,NUMBER,X,Y
彰化縣和美鎮仁愛里4鄰和愛街56號,10007,1000703,1000703-032,4鄰,和愛街,,,,,,56號,120.492218458859,24.1065125034488
彰化縣和美鎮仁愛里4鄰和愛街58號,10007,1000703,1000703-032,4鄰,和愛街,,,,,,58號,120.492184349273,24.1065314417525
彰化縣和美鎮仁愛里4鄰和愛街60號,10007,1000703,1000703-032,4鄰,和愛街,,,,,,60號,120.492147776267,24.1065514553678
彰化縣和美鎮仁愛里4鄰和愛街62號,10007,1000703,1000703-032,4鄰,和愛街,,,,,,62號,120.492106369806,24.1065748840121
彰化縣和美鎮仁愛里4鄰和愛街66號,10007,1000703,1000703-032,4鄰,和愛街,,,,,,66號,120.492067328734,24.1065971467089
彰化縣和美鎮仁愛里4鄰和愛街68號,10007,1000703,1000703-032,4鄰,和愛街,,,,,,68號,120.491826555632,24.1066646071246
彰化縣和美鎮仁愛里4鄰和愛街70號,10007,1000703,1000703-032,4鄰,和愛街,,,,,,70號,120.491784620537,24.1066724133818
彰化縣和美鎮仁愛里4鄰和愛街72號,10007,1000703,1000703-032,4鄰,和愛街,,,,,,72號,120.491746075842,24.106693503848
