FULL_ADDR,COUNTY,TOWN,VILLAGE,NEIGHBORHOOD,ROAD,SECTION,LANE,ALLEY,SUB_ALLEY,TONG,NUMBER,X,Y
雲林縣斗六市長安里10鄰萬年北路1號,10009,1000901,1000901-030,10鄰,萬年北路,,,,,,1號,120.5453762441,23.7282162389383
雲林縣斗六市長安里10鄰萬年北路1之10號,10009,1000901,1000901-030,10鄰,萬年北路,,,,,,1之10號,120.546304405739,23.7285508061635
雲林縣斗六市長安里10鄰萬年北路21號,10009,1000901,1000901-030,10鄰,萬年北路,,,,,,21號,120.54559340871,23.7342383326301
