FULL_ADDR,COUNTY,TOWN,VILLAGE,NEIGHBORHOOD,ROAD,SECTION,LANE,ALLEY,SUB_ALLEY,TONG,NUMBER,X,Y
雲林縣北港鎮光民里14鄰東榮街1號,10009,1000906,1000906-002,14鄰,東榮街,,,,,,1號,120.306344465959,23.5657536660386
雲林縣北港鎮光民里10鄰東榮街2號,10009,1000906,1000906-002,10鄰,東榮街,,,,,,2號,120.306375374111,23.5659490516907
雲林縣北港鎮光民里10鄰東榮街4號,10009,1000906,1000906-002,10鄰,東榮街,,,,,,4號,120.306321276538,23.5659594111011
雲林縣北港鎮光民里14鄰東榮街5號,10009,1000906,1000906-002,14鄰,東榮街,,,,,,5號,120.306225288729,23.5657447727964
雲林縣北港鎮光民里10鄰東榮街6號,10009,1000906,1000906-002,10鄰,東榮街,,,,,,6號,120.306281400475,23.5659458873692
雲林縣北港鎮光民里14鄰東榮街7號,10009,1000906,1000906-002,14鄰,東榮街,,,,,,7號,120.306188053815,23.5657207774248
雲林縣北港鎮光民里10鄰東榮街8號,10009,1000906,1000906-002,10鄰,東榮街,,,,,,8號,120.306240253187,23.5659655147642
雲林縣北港鎮光民里14鄰東榮街9號,10009,1000906,1000906-002,14鄰,東榮街,,,,,,9號,120.306161824942,23.5657535643464
雲林縣北港鎮光民里10鄰東榮街10號,10009,1000906,1000906-002,10鄰,東榮街,,,,,,10號,120.306204042685,23.5659814620309
雲林縣北港鎮光民里14鄰東榮街11號,10009,1000906,1000906-002,14鄰,東榮街,,,,,,11號,120.306116223365,23.565720456836
雲林縣北港鎮光民里10鄰東榮街12號,10009,1000906,1000906-002,10鄰,東榮街,,,,,,12號,120.30615671458,23.5659655934239
雲林縣北港鎮光民里14鄰東榮街13號,10009,1000906,1000906-002,14鄰,東榮街,,,,,,13號,120.306090644408,23.565786159656
雲林縣北港鎮光民里10鄰東榮街14號,10009,1000906,1000906-002,10鄰,東榮街,,,,,,14號,120.306116649995,23.5659879615965
雲林縣北港鎮光民里14鄰東榮街15號,10009,1000906,1000906-002,14鄰,東榮街,,,,,,15號,120.30602609268,23.5657353958692
雲林縣北港鎮光民里14鄰東榮街17號,10009,1000906,1000906-002,14鄰,東榮街,,,,,,17號,120.305999780274,23.5657840745425
雲林縣北港鎮光民里14鄰東榮街19號,10009,1000906,1000906-002,14鄰,東榮街,,,,,,19號,120.305952516448,23.5657634475455
雲林縣北港鎮光民里14鄰東榮街21號,10009,1000906,1000906-002,14鄰,東榮街,,,,,,21號,120.305911711788,23.5657961693503
