FULL_ADDR,COUNTY,TOWN,VILLAGE,NEIGHBORHOOD,ROAD,SECTION,LANE,ALLEY,SUB_ALLEY,TONG,NUMBER,X,Y
雲林縣斗南鎮東仁里15鄰新生二路171巷10號,10009,1000902,1000902-001,15鄰,新生二路,,171巷,,,,10號,120.487277703422,23.676030712647
雲林縣斗南鎮東仁里15鄰新生二路171巷11號,10009,1000902,1000902-001,15鄰,新生二路,,171巷,,,,11號,120.487536985653,23.6762667042591
雲林縣斗南鎮東仁里15鄰新生二路171巷19號,10009,1000902,1000902-001,15鄰,新生二路,,171巷,,,,19號,120.487765144479,23.6761369795254
雲林縣斗南鎮東仁里14鄰新生二路178號,10009,1000902,1000902-001,14鄰,新生二路,,,,,,178號,120.48659290142,23.6758753007462
