FULL_ADDR,COUNTY,TOWN,VILLAGE,NEIGHBORHOOD,ROAD,SECTION,LANE,ALLEY,SUB_ALLEY,TONG,NUMBER,X,Y
彰化縣溪湖鎮湖東里35鄰水源一街2號,10007,1000711,1000711-018,35鄰,水源一街,,,,,,2號,120.485793743784,23.9646915127008
彰化縣溪湖鎮湖東里35鄰水源一街4號,10007,1000711,1000711-018,35鄰,水源一街,,,,,,4號,120.485829933478,23.9646640130697
彰化縣溪湖鎮湖東里35鄰水源一街6號,10007,1000711,1000711-018,35鄰,水源一街,,,,,,6號,120.485874109254,23.9646420571258
彰化縣溪湖鎮湖東里35鄰水源一街8號,10007,1000711,1000711-018,35鄰,水源一街,,,,,,8號,120.485910252566,23.964623767282
彰化縣溪湖鎮湖東里35鄰水源一街10號,10007,1000711,1000711-018,35鄰,水源一街,,,,,,10號,120.485952401951,23.9646073305058
彰化縣溪湖鎮湖東里35鄰水源一街12巷臨6號,10007,1000711,1000711-018,35鄰,水源一街,,12巷,,,,臨6號,120.485811155504,23.9644016287767
彰化縣溪湖鎮湖東里35鄰水源一街12巷2號,10007,1000711,1000711-018,35鄰,水源一街,,12巷,,,,2號,120.485838693857,23.9644743533104
彰化縣溪湖鎮湖東里35鄰水源一街12巷4號,10007,1000711,1000711-018,35鄰,水源一街,,12巷,,,,4號,120.485824818635,23.9644374760146
彰化縣溪湖鎮湖東里35鄰水源一街12巷5號,10007,1000711,1000711-018,35鄰,水源一街,,12巷,,,,5號,120.486063262307,23.9644474844865
