FULL_ADDR,COUNTY,TOWN,VILLAGE,NEIGHBORHOOD,ROAD,SECTION,LANE,ALLEY,SUB_ALLEY,TONG,NUMBER,X,Y
彰化縣北斗鎮中和里10鄰地政東路187巷8號,10007,1000719,1000719-009,10鄰,地政東路,,187巷,,,,8號,120.542589209953,23.8760452321542
彰化縣北斗鎮中和里10鄰地政東路187巷66號,10007,1000719,1000719-009,10鄰,地政東路,,187巷,,,,66號,120.542464746167,23.8751247893149
彰化縣北斗鎮中和里10鄰地政東路187巷69號,10007,1000719,1000719-009,10鄰,地政東路,,187巷,,,,69號,120.5424869016,23.8754758329918
彰化縣北斗鎮中和里1鄰地政東路257號,10007,1000719,1000719-009,1鄰,地政東路,,,,,,257號,120.540837853351,23.8752043893604
彰化縣北斗鎮文昌里7鄰地政東路38巷70號,10007,1000719,1000719-008,7鄰,地政東路,,38巷,,,,70號,120.538758774413,23.8822863671965
