FULL_ADDR,COUNTY,TOWN,VILLAGE,NEIGHBORHOOD,ROAD,SECTION,LANE,ALLEY,SUB_ALLEY,TONG,NUMBER,X,Y
新竹縣寶山鄉油田村7鄰二油路22I-(臨),10004,1000410,1000410-009,7鄰,二油路,,,,,,22I-(臨),121.011980799134,24.7198015290622
新竹縣寶山鄉油田村7鄰二油路39G-9I-(臨),10004,1000410,1000410-009,7鄰,二油路,,39G-,,,,9I-(臨),121.014662638344,24.7152058509803
新竹縣寶山鄉油田村7鄰二油路50I-(臨),10004,1000410,1000410-009,7鄰,二油路,,,,,,50I-(臨),121.012300022127,24.7182988530029
