FULL_ADDR,COUNTY,TOWN,VILLAGE,NEIGHBORHOOD,ROAD,SECTION,LANE,ALLEY,SUB_ALLEY,TONG,NUMBER,X,Y
彰化縣員林鎮三橋里16鄰橋愛東街6號,10007,1000710,1000710-019,16鄰,橋愛東街,,,,,,6號,120.579928432669,23.9712530842449
彰化縣員林鎮三橋里16鄰橋愛東街7號,10007,1000710,1000710-019,16鄰,橋愛東街,,,,,,7號,120.579756345039,23.9712611910973
