FULL_ADDR,COUNTY,TOWN,VILLAGE,NEIGHBORHOOD,ROAD,SECTION,LANE,ALLEY,SUB_ALLEY,TONG,NUMBER,X,Y
彰化縣田尾鄉新厝村3鄰仁豐路臨175號,10007,1000721,1000721-018,3鄰,仁豐路,,,,,,臨175號,120.50818459539,23.9009908074801
彰化縣田尾鄉新厝村3鄰仁豐路臨195號,10007,1000721,1000721-018,3鄰,仁豐路,,,,,,臨195號,120.50743653121,23.901170357487
