FULL_ADDR,COUNTY,TOWN,VILLAGE,NEIGHBORHOOD,ROAD,SECTION,LANE,ALLEY,SUB_ALLEY,TONG,NUMBER,X,Y
彰化縣秀水鄉安溪村9鄰平安三街21號,10007,1000707,1000707-002,9鄰,平安三街,,,,,,21號,120.509218225408,24.0510894438988
彰化縣秀水鄉安溪村9鄰平安三街23號,10007,1000707,1000707-002,9鄰,平安三街,,,,,,23號,120.508934216848,24.0511560812882
彰化縣秀水鄉安溪村9鄰平安三街臨45號,10007,1000707,1000707-002,9鄰,平安三街,,,,,,臨45號,120.508779779672,24.051215143041
彰化縣秀水鄉安溪村9鄰平安三街46號,10007,1000707,1000707-002,9鄰,平安三街,,,,,,46號,120.509098519255,24.0515175994542
彰化縣秀水鄉安溪村9鄰平安三街48號,10007,1000707,1000707-002,9鄰,平安三街,,,,,,48號,120.508945425563,24.0515697492354
彰化縣秀水鄉安溪村9鄰平安三街51號,10007,1000707,1000707-002,9鄰,平安三街,,,,,,51號,120.508600934628,24.0515256914609
彰化縣秀水鄉安溪村9鄰平安三街53號,10007,1000707,1000707-002,9鄰,平安三街,,,,,,53號,120.508439000225,24.0515574693545
彰化縣秀水鄉安溪村9鄰平安三街65號,10007,1000707,1000707-002,9鄰,平安三街,,,,,,65號,120.508257479237,24.0517338424759
