FULL_ADDR,COUNTY,TOWN,VILLAGE,NEIGHBORHOOD,ROAD,SECTION,LANE,ALLEY,SUB_ALLEY,TONG,NUMBER,X,Y
苗栗縣後龍鎮大庄里19鄰光華一街2號,10005,1000506,1000506-004,19鄰,光華一街,,,,,,2號,120.789734176494,24.6122298539727
苗栗縣後龍鎮大庄里19鄰光華一街6號,10005,1000506,1000506-004,19鄰,光華一街,,,,,,6號,120.789741682603,24.6124305297742
