FULL_ADDR,COUNTY,TOWN,VILLAGE,NEIGHBORHOOD,ROAD,SECTION,LANE,ALLEY,SUB_ALLEY,TONG,NUMBER,X,Y
雲林縣虎尾鎮廉使里20鄰虎興東七街56之1號,10009,1000903,1000903-022,20鄰,虎興東七街,,,,,,56之1號,120.415921702318,23.7330716765737
雲林縣虎尾鎮廉使里20鄰虎興東七街56之2號,10009,1000903,1000903-022,20鄰,虎興東七街,,,,,,56之2號,120.415944492393,23.7331299130983
雲林縣虎尾鎮廉使里20鄰虎興東七街56之3號,10009,1000903,1000903-022,20鄰,虎興東七街,,,,,,56之3號,120.415964368602,23.7331817276178
雲林縣虎尾鎮廉使里20鄰虎興東七街56之5號,10009,1000903,1000903-022,20鄰,虎興東七街,,,,,,56之5號,120.415982250592,23.7332408485559
雲林縣虎尾鎮廉使里20鄰虎興東七街56之6號,10009,1000903,1000903-022,20鄰,虎興東七街,,,,,,56之6號,120.416005142829,23.7332981824998
雲林縣虎尾鎮廉使里20鄰虎興東七街56之7號,10009,1000903,1000903-022,20鄰,虎興東七街,,,,,,56之7號,120.416051868348,23.7334217932069
雲林縣虎尾鎮廉使里20鄰虎興東七街56號,10009,1000903,1000903-022,20鄰,虎興東七街,,,,,,56號,120.415847226871,23.7329243938143
