FULL_ADDR,COUNTY,TOWN,VILLAGE,NEIGHBORHOOD,ROAD,SECTION,LANE,ALLEY,SUB_ALLEY,TONG,NUMBER,X,Y
新竹縣寶山鄉寶斗村5鄰深井二路100G-100I-,10004,1000410,1000410-006,5鄰,深井二路,,100G-,,,,100I-,120.948167658014,24.7228975765662
新竹縣寶山鄉深井村1鄰深井二路89G-88I-,10004,1000410,1000410-005,1鄰,深井二路,,89G-,,,,88I-,120.945809838665,24.716262530798
新竹縣寶山鄉深井村1鄰深井二路89G-128I-,10004,1000410,1000410-005,1鄰,深井二路,,89G-,,,,128I-,120.945915806077,24.7132705399352
