FULL_ADDR,COUNTY,TOWN,VILLAGE,NEIGHBORHOOD,ROAD,SECTION,LANE,ALLEY,SUB_ALLEY,TONG,NUMBER,X,Y
彰化縣二林鎮東勢里6鄰小路巷1號,10007,1000720,1000720-021,6鄰,小路,,巷,,,,1號,120.433637796324,23.913406021402
彰化縣二林鎮東勢里6鄰小路2號,10007,1000720,1000720-021,6鄰,小路,,,,,,2號,120.433895726713,23.9133436934109
彰化縣二林鎮東勢里6鄰小路巷3號,10007,1000720,1000720-021,6鄰,小路,,巷,,,,3號,120.433778507669,23.9136759673993
彰化縣二林鎮東勢里6鄰小路巷4號,10007,1000720,1000720-021,6鄰,小路,,巷,,,,4號,120.433867853627,23.9134560517336
彰化縣二林鎮東勢里6鄰小路巷4號之5,10007,1000720,1000720-021,6鄰,小路,,巷,,,,4號之5,120.433806338963,23.9131607359743
彰化縣二林鎮東勢里6鄰小路巷4號之6,10007,1000720,1000720-021,6鄰,小路,,巷,,,,4號之6,120.433794495727,23.9132098663762
彰化縣二林鎮東勢里6鄰小路巷5號,10007,1000720,1000720-021,6鄰,小路,,巷,,,,5號,120.433663677559,23.9138701366591
彰化縣二林鎮東勢里6鄰小路巷6號,10007,1000720,1000720-021,6鄰,小路,,巷,,,,6號,120.433382923552,23.91371086232
