FULL_ADDR,COUNTY,TOWN,VILLAGE,NEIGHBORHOOD,ROAD,SECTION,LANE,ALLEY,SUB_ALLEY,TONG,NUMBER,X,Y
彰化縣伸港鄉什股村23鄰建國九街35號,10007,1000705,1000705-011,23鄰,建國九街,,,,,,35號,120.481190488813,24.1621589065818
彰化縣伸港鄉什股村23鄰建國九街37號,10007,1000705,1000705-011,23鄰,建國九街,,,,,,37號,120.481198481226,24.1622023639202
彰化縣伸港鄉什股村23鄰建國九街39號,10007,1000705,1000705-011,23鄰,建國九街,,,,,,39號,120.481227051872,24.1623649855776
彰化縣伸港鄉什股村23鄰建國九街69號,10007,1000705,1000705-011,23鄰,建國九街,,,,,,69號,120.481383390058,24.1631045521158
彰化縣伸港鄉什股村23鄰建國九街118號,10007,1000705,1000705-011,23鄰,建國九街,,,,,,118號,120.481653761467,24.163070437963
彰化縣伸港鄉什股村23鄰建國九街118之1號,10007,1000705,1000705-011,23鄰,建國九街,,,,,,118之1號,120.481705963924,24.1630592386122
彰化縣伸港鄉什股村23鄰建國九街118之2號,10007,1000705,1000705-011,23鄰,建國九街,,,,,,118之2號,120.481761315083,24.1630481402313
彰化縣伸港鄉什股村23鄰建國九街118之3號,10007,1000705,1000705-011,23鄰,建國九街,,,,,,118之3號,120.481821273947,24.1630413914676
