FULL_ADDR,COUNTY,TOWN,VILLAGE,NEIGHBORHOOD,ROAD,SECTION,LANE,ALLEY,SUB_ALLEY,TONG,NUMBER,X,Y
彰化縣溪湖鎮東寮里8鄰富貴二街35號,10007,1000711,1000711-005,8鄰,富貴二街,,,,,,35號,120.475206709282,23.966391297869
彰化縣溪湖鎮東寮里8鄰富貴二街37號,10007,1000711,1000711-005,8鄰,富貴二街,,,,,,37號,120.47524056039,23.9663547543912
彰化縣溪湖鎮東寮里8鄰富貴二街39號,10007,1000711,1000711-005,8鄰,富貴二街,,,,,,39號,120.475261481856,23.9663324330968
彰化縣溪湖鎮東寮里8鄰富貴二街41號,10007,1000711,1000711-005,8鄰,富貴二街,,,,,,41號,120.475297961057,23.9663020385566
彰化縣溪湖鎮東寮里8鄰富貴二街43號,10007,1000711,1000711-005,8鄰,富貴二街,,,,,,43號,120.475324806889,23.9662726043085
彰化縣溪湖鎮東寮里8鄰富貴二街45號,10007,1000711,1000711-005,8鄰,富貴二街,,,,,,45號,120.475360201194,23.9662431992742
彰化縣溪湖鎮東寮里8鄰富貴二街47號,10007,1000711,1000711-005,8鄰,富貴二街,,,,,,47號,120.47539774511,23.966216781268
彰化縣溪湖鎮東寮里8鄰富貴二街49號,10007,1000711,1000711-005,8鄰,富貴二街,,,,,,49號,120.475435297415,23.9661882865275
