FULL_ADDR,COUNTY,TOWN,VILLAGE,NEIGHBORHOOD,ROAD,SECTION,LANE,ALLEY,SUB_ALLEY,TONG,NUMBER,X,Y
彰化縣線西鄉頂庄村16鄰線工北三路1號,10007,1000704,1000704-002,16鄰,線工北三路,,,,,,1號,120.443694811738,24.1509951117839
彰化縣線西鄉頂庄村16鄰線工北三路8號,10007,1000704,1000704-002,16鄰,線工北三路,,,,,,8號,120.444378751674,24.1505720611537
彰化縣線西鄉頂庄村16鄰線工北三路20號,10007,1000704,1000704-002,16鄰,線工北三路,,,,,,20號,120.444875540523,24.151262880882
彰化縣線西鄉頂庄村16鄰線工北三路22號,10007,1000704,1000704-002,16鄰,線工北三路,,,,,,22號,120.445067757094,24.1515497126416
彰化縣伸港鄉蚵寮村5鄰線工北三路31號,10007,1000705,1000705-002,5鄰,線工北三路,,,,,,31號,120.446098936551,24.1536635631653
彰化縣伸港鄉蚵寮村5鄰線工北三路46號,10007,1000705,1000705-002,5鄰,線工北三路,,,,,,46號,120.446139972724,24.1532064777479
彰化縣伸港鄉蚵寮村5鄰線工北三路66號,10007,1000705,1000705-002,5鄰,線工北三路,,,,,,66號,120.448077620008,24.1551273997675
