FULL_ADDR,COUNTY,TOWN,VILLAGE,NEIGHBORHOOD,ROAD,SECTION,LANE,ALLEY,SUB_ALLEY,TONG,NUMBER,X,Y
雲林縣斗南鎮舊社里15鄰建旭街1號,10009,1000902,1000902-006,15鄰,建旭街,,,,,,1號,120.477607429904,23.6693558826959
雲林縣斗南鎮舊社里15鄰建旭街3號,10009,1000902,1000902-006,15鄰,建旭街,,,,,,3號,120.477578144929,23.6693241799784
雲林縣斗南鎮舊社里15鄰建旭街5號,10009,1000902,1000902-006,15鄰,建旭街,,,,,,5號,120.477553781467,23.6692875275094
雲林縣斗南鎮舊社里15鄰建旭街7號,10009,1000902,1000902-006,15鄰,建旭街,,,,,,7號,120.47752499208,23.6692544719965
雲林縣斗南鎮舊社里9鄰建旭街17號,10009,1000902,1000902-006,9鄰,建旭街,,,,,,17號,120.476798971461,23.6685060779249
