FULL_ADDR,COUNTY,TOWN,VILLAGE,NEIGHBORHOOD,ROAD,SECTION,LANE,ALLEY,SUB_ALLEY,TONG,NUMBER,X,Y
彰化縣埔心鄉瓦南村1鄰瓦南一街22號,10007,1000715,1000715-007,1鄰,瓦南一街,,,,,,22號,120.564244003486,23.949804593203
彰化縣埔心鄉瓦南村1鄰瓦南一街26號,10007,1000715,1000715-007,1鄰,瓦南一街,,,,,,26號,120.564218983527,23.9497654246425
彰化縣埔心鄉瓦南村1鄰瓦南一街38號,10007,1000715,1000715-007,1鄰,瓦南一街,,,,,,38號,120.564135128381,23.9495462222416
彰化縣埔心鄉瓦南村1鄰瓦南一街40號,10007,1000715,1000715-007,1鄰,瓦南一街,,,,,,40號,120.5641208184,23.949477557722
彰化縣埔心鄉瓦南村1鄰瓦南一街42號,10007,1000715,1000715-007,1鄰,瓦南一街,,,,,,42號,120.56412310641,23.9494106559072
