FULL_ADDR,COUNTY,TOWN,VILLAGE,NEIGHBORHOOD,ROAD,SECTION,LANE,ALLEY,SUB_ALLEY,TONG,NUMBER,X,Y
雲林縣虎尾鎮廉使里21鄰站前東路59號,10009,1000903,1000903-022,21鄰,站前東路,,,,,,59號,120.417091373265,23.7304858665144
雲林縣虎尾鎮廉使里20鄰站前東路91號,10009,1000903,1000903-022,20鄰,站前東路,,,,,,91號,120.417186766417,23.7312889553398
雲林縣虎尾鎮廉使里20鄰站前東路93號,10009,1000903,1000903-022,20鄰,站前東路,,,,,,93號,120.417207520185,23.7313861014901
雲林縣虎尾鎮廉使里20鄰站前東路99號,10009,1000903,1000903-022,20鄰,站前東路,,,,,,99號,120.417158224603,23.7314653759614
雲林縣虎尾鎮廉使里20鄰站前東路101號,10009,1000903,1000903-022,20鄰,站前東路,,,,,,101號,120.417188331163,23.7315105470112
雲林縣虎尾鎮廉使里20鄰站前東路107號,10009,1000903,1000903-022,20鄰,站前東路,,,,,,107號,120.417169882488,23.7317111146334
雲林縣虎尾鎮廉使里20鄰站前東路109號,10009,1000903,1000903-022,20鄰,站前東路,,,,,,109號,120.41718077973,23.7318411815805
雲林縣虎尾鎮廉使里19鄰站前東路301號,10009,1000903,1000903-022,19鄰,站前東路,,,,,,301號,120.416198178118,23.7365330325097
