FULL_ADDR,COUNTY,TOWN,VILLAGE,NEIGHBORHOOD,ROAD,SECTION,LANE,ALLEY,SUB_ALLEY,TONG,NUMBER,X,Y
雲林縣虎尾鎮安慶里10鄰民主九路2號,10009,1000903,1000903-007,10鄰,民主九路,,,,,,2號,120.435748029143,23.7022761248429
雲林縣虎尾鎮安慶里10鄰民主九路3號,10009,1000903,1000903-007,10鄰,民主九路,,,,,,3號,120.435547289363,23.7017539318659
雲林縣虎尾鎮安慶里10鄰民主九路7號,10009,1000903,1000903-007,10鄰,民主九路,,,,,,7號,120.434801463064,23.7014987418785
雲林縣虎尾鎮安慶里10鄰民主九路12號,10009,1000903,1000903-007,10鄰,民主九路,,,,,,12號,120.435183972026,23.7020282811036
雲林縣虎尾鎮安慶里10鄰民主九路14號,10009,1000903,1000903-007,10鄰,民主九路,,,,,,14號,120.435071906344,23.701978660656
雲林縣虎尾鎮安慶里10鄰民主九路16號,10009,1000903,1000903-007,10鄰,民主九路,,,,,,16號,120.434945170791,23.7019199569473
雲林縣虎尾鎮安慶里13鄰民主九路36號,10009,1000903,1000903-007,13鄰,民主九路,,,,,,36號,120.434016294451,23.7014308595601
雲林縣虎尾鎮安慶里13鄰民主九路38號,10009,1000903,1000903-007,13鄰,民主九路,,,,,,38號,120.433892308881,23.7014168617133
