FULL_ADDR,COUNTY,TOWN,VILLAGE,NEIGHBORHOOD,ROAD,SECTION,LANE,ALLEY,SUB_ALLEY,TONG,NUMBER,X,Y
雲林縣東勢鄉東南村20鄰北環西路258巷65號,10009,1000914,1000914-001,20鄰,北環西路,,258巷,,,,65號,120.24936049142,23.681413340723
雲林縣東勢鄉東南村20鄰北環西路399之1號,10009,1000914,1000914-001,20鄰,北環西路,,,,,,399之1號,120.248872411793,23.6810299238223
