FULL_ADDR,COUNTY,TOWN,VILLAGE,NEIGHBORHOOD,ROAD,SECTION,LANE,ALLEY,SUB_ALLEY,TONG,NUMBER,X,Y
彰化縣溪湖鎮湖西里20鄰金華二街1號,10007,1000711,1000711-011,20鄰,金華二街,,,,,,1號,120.476147152935,23.9569279125297
彰化縣溪湖鎮湖西里20鄰金華二街2號,10007,1000711,1000711-011,20鄰,金華二街,,,,,,2號,120.476142016784,23.9570367441114
彰化縣溪湖鎮湖西里20鄰金華二街2之1號,10007,1000711,1000711-011,20鄰,金華二街,,,,,,2之1號,120.476098786771,23.9570340051783
彰化縣溪湖鎮湖西里20鄰金華二街3號,10007,1000711,1000711-011,20鄰,金華二街,,,,,,3號,120.476104869674,23.956924310009
彰化縣溪湖鎮湖西里20鄰金華二街5號,10007,1000711,1000711-011,20鄰,金華二街,,,,,,5號,120.47606256894,23.9569250324874
彰化縣溪湖鎮湖西里20鄰金華二街6號,10007,1000711,1000711-011,20鄰,金華二街,,,,,,6號,120.476052729974,23.9570329811971
彰化縣溪湖鎮湖西里20鄰金華二街7號,10007,1000711,1000711-011,20鄰,金華二街,,,,,,7號,120.476017438602,23.9569257362681
彰化縣溪湖鎮湖西里20鄰金華二街8號,10007,1000711,1000711-011,20鄰,金華二街,,,,,,8號,120.476005726462,23.9570328207911
彰化縣溪湖鎮湖西里20鄰金華二街9號,10007,1000711,1000711-011,20鄰,金華二街,,,,,,9號,120.475970438595,23.9569247180732
