FULL_ADDR,COUNTY,TOWN,VILLAGE,NEIGHBORHOOD,ROAD,SECTION,LANE,ALLEY,SUB_ALLEY,TONG,NUMBER,X,Y
雲林縣斗六市明德里18鄰河堤南路一段155號,10009,1000901,1000901-037,18鄰,河堤南路,一段,,,,,155號,120.551862058335,23.7215608562739
雲林縣斗六市明德里18鄰河堤南路一段157號,10009,1000901,1000901-037,18鄰,河堤南路,一段,,,,,157號,120.553071074422,23.7213508012563
雲林縣斗六市明德里18鄰河堤南路一段159號,10009,1000901,1000901-037,18鄰,河堤南路,一段,,,,,159號,120.552565562599,23.7211863535183
雲林縣斗六市明德里3鄰河堤南路二段201號,10009,1000901,1000901-037,3鄰,河堤南路,二段,,,,,201號,120.537815128036,23.7273366385534
雲林縣斗六市明德里12鄰河堤南路二段201之48號,10009,1000901,1000901-037,12鄰,河堤南路,二段,,,,,201之48號,120.542057350727,23.7264255191897
雲林縣斗六市明德里3鄰河堤南路二段201之50號,10009,1000901,1000901-037,3鄰,河堤南路,二段,,,,,201之50號,120.542664973712,23.7263359364836
