FULL_ADDR,COUNTY,TOWN,VILLAGE,NEIGHBORHOOD,ROAD,SECTION,LANE,ALLEY,SUB_ALLEY,TONG,NUMBER,X,Y
彰化縣和美鎮湖內里4鄰工一路1號,10007,1000703,1000703-028,4鄰,工一路,,,,,,1號,120.514307961514,24.1582923910205
彰化縣和美鎮湖內里4鄰工一路1之1號,10007,1000703,1000703-028,4鄰,工一路,,,,,,1之1號,120.514322842576,24.1583907660966
彰化縣和美鎮湖內里4鄰工一路3號,10007,1000703,1000703-028,4鄰,工一路,,,,,,3號,120.513274649124,24.1582258940151
彰化縣和美鎮湖內里4鄰工一路5號,10007,1000703,1000703-028,4鄰,工一路,,,,,,5號,120.512792053157,24.1582805152177
彰化縣和美鎮湖內里4鄰工一路7號,10007,1000703,1000703-028,4鄰,工一路,,,,,,7號,120.51191996325,24.158102110581
彰化縣和美鎮湖內里4鄰工一路9號,10007,1000703,1000703-028,4鄰,工一路,,,,,,9號,120.511374742737,24.158528889991
彰化縣伸港鄉溪底村13鄰工一路2號,10007,1000705,1000705-004,13鄰,工一路,,,,,,2號,120.514556009545,24.1593431830404
彰化縣伸港鄉溪底村13鄰工一路4號,10007,1000705,1000705-004,13鄰,工一路,,,,,,4號,120.51322386826,24.1591095977395
