FULL_ADDR,COUNTY,TOWN,VILLAGE,NEIGHBORHOOD,ROAD,SECTION,LANE,ALLEY,SUB_ALLEY,TONG,NUMBER,X,Y
苗栗縣後龍鎮豐富里13鄰豐富五街23巷1號,10005,1000506,1000506-006,13鄰,豐富五街,,23巷,,,,1號,120.820859090871,24.6030805310111
苗栗縣後龍鎮豐富里13鄰豐富五街23巷3號,10005,1000506,1000506-006,13鄰,豐富五街,,23巷,,,,3號,120.820937766169,24.6031233310013
