FULL_ADDR,COUNTY,TOWN,VILLAGE,NEIGHBORHOOD,ROAD,SECTION,LANE,ALLEY,SUB_ALLEY,TONG,NUMBER,X,Y
雲林縣崙背鄉南陽村15鄰大吉街1號,10009,1000912,1000912-003,15鄰,大吉街,,,,,,1號,120.349240861114,23.7602318676413
雲林縣崙背鄉南陽村16鄰大吉街2號,10009,1000912,1000912-003,16鄰,大吉街,,,,,,2號,120.348893937831,23.7602933322842
雲林縣崙背鄉南陽村15鄰大吉街3號,10009,1000912,1000912-003,15鄰,大吉街,,,,,,3號,120.349236258149,23.7601888499478
雲林縣崙背鄉南陽村16鄰大吉街4號,10009,1000912,1000912-003,16鄰,大吉街,,,,,,4號,120.348883656631,23.7602538934079
雲林縣崙背鄉南陽村15鄰大吉街5號,10009,1000912,1000912-003,15鄰,大吉街,,,,,,5號,120.349225991017,23.7601485352933
雲林縣崙背鄉南陽村16鄰大吉街6號,10009,1000912,1000912-003,16鄰,大吉街,,,,,,6號,120.34887243798,23.7602135837513
雲林縣崙背鄉南陽村15鄰大吉街7號,10009,1000912,1000912-003,15鄰,大吉街,,,,,,7號,120.34921667868,23.7601056061155
雲林縣崙背鄉南陽村16鄰大吉街8號,10009,1000912,1000912-003,16鄰,大吉街,,,,,,8號,120.348860275421,23.7601697576546
