FULL_ADDR,COUNTY,TOWN,VILLAGE,NEIGHBORHOOD,ROAD,SECTION,LANE,ALLEY,SUB_ALLEY,TONG,NUMBER,X,Y
彰化縣鹿港鎮東石里25鄰環工一路1號,10007,1000702,1000702-008,25鄰,環工一路,,,,,,1號,120.396909525872,24.0648998548542
彰化縣鹿港鎮東石里25鄰環工一路2號,10007,1000702,1000702-008,25鄰,環工一路,,,,,,2號,120.397018691885,24.0650859247136
彰化縣鹿港鎮東石里25鄰環工一路6號,10007,1000702,1000702-008,25鄰,環工一路,,,,,,6號,120.396758482351,24.065089684572
彰化縣鹿港鎮東石里25鄰環工一路10號,10007,1000702,1000702-008,25鄰,環工一路,,,,,,10號,120.39634974189,24.0651454078501
彰化縣鹿港鎮東石里25鄰環工一路16號,10007,1000702,1000702-008,25鄰,環工一路,,,,,,16號,120.395689116816,24.0651069545005
彰化縣鹿港鎮東石里25鄰環工一路20號,10007,1000702,1000702-008,25鄰,環工一路,,,,,,20號,120.394606754681,24.0650648439318
彰化縣鹿港鎮東石里25鄰環工一路22號,10007,1000702,1000702-008,25鄰,環工一路,,,,,,22號,120.39404761963,24.0650455656617
