FULL_ADDR,COUNTY,TOWN,VILLAGE,NEIGHBORHOOD,ROAD,SECTION,LANE,ALLEY,SUB_ALLEY,TONG,NUMBER,X,Y
新竹縣竹北市隘口里2鄰高鐵三街2I-,10004,1000401,1000401-005,2鄰,高鐵三街,,,,,,2I-,121.038049608725,24.8055535507211
新竹縣竹北市隘口里2鄰高鐵三街2I-二樓,10004,1000401,1000401-005,2鄰,高鐵三街,,,,,,2I-二樓,121.038049608725,24.8055535507211
新竹縣竹北市隘口里2鄰高鐵三街2I-三樓,10004,1000401,1000401-005,2鄰,高鐵三街,,,,,,2I-三樓,121.038049608725,24.8055535507211
新竹縣竹北市隘口里2鄰高鐵三街2I-四樓,10004,1000401,1000401-005,2鄰,高鐵三街,,,,,,2I-四樓,121.038049608725,24.8055535507211
新竹縣竹北市隘口里2鄰高鐵三街2I-五樓,10004,1000401,1000401-005,2鄰,高鐵三街,,,,,,2I-五樓,121.038049608725,24.8055535507211
新竹縣竹北市隘口里3鄰高鐵三街43I-,10004,1000401,1000401-005,3鄰,高鐵三街,,,,,,43I-,121.038117138516,24.8044907749839
新竹縣竹北市隘口里3鄰高鐵三街62I-,10004,1000401,1000401-005,3鄰,高鐵三街,,,,,,62I-,121.037789048155,24.804501963407
