FULL_ADDR,COUNTY,TOWN,VILLAGE,NEIGHBORHOOD,ROAD,SECTION,LANE,ALLEY,SUB_ALLEY,TONG,NUMBER,X,Y
苗栗縣後龍鎮校椅里8鄰頂椅一街25號,10005,1000506,1000506-007,8鄰,頂椅一街,,,,,,25號,120.828712973242,24.6088242633147
苗栗縣後龍鎮校椅里12鄰頂椅一街207號,10005,1000506,1000506-007,12鄰,頂椅一街,,,,,,207號,120.831599000596,24.6127707520416
苗栗縣後龍鎮校椅里12鄰頂椅一街260號,10005,1000506,1000506-007,12鄰,頂椅一街,,,,,,260號,120.831926853982,24.612796038138
