FULL_ADDR,COUNTY,TOWN,VILLAGE,NEIGHBORHOOD,ROAD,SECTION,LANE,ALLEY,SUB_ALLEY,TONG,NUMBER,X,Y
彰化縣田尾鄉正義村5鄰田義路21號,10007,1000721,1000721-020,5鄰,田義路,,,,,,21號,120.51993347552,23.8920796701742
彰化縣田尾鄉正義村5鄰田義路22號,10007,1000721,1000721-020,5鄰,田義路,,,,,,22號,120.520102177779,23.8923013106482
彰化縣田尾鄉正義村5鄰田義路32號,10007,1000721,1000721-020,5鄰,田義路,,,,,,32號,120.519943588392,23.8927933384621
彰化縣田尾鄉正義村5鄰田義路36號,10007,1000721,1000721-020,5鄰,田義路,,,,,,36號,120.519649618279,23.8927785154964
彰化縣田尾鄉正義村5鄰田義路66號,10007,1000721,1000721-020,5鄰,田義路,,,,,,66號,120.518959117614,23.8934221470939
彰化縣田尾鄉正義村5鄰田義路77號,10007,1000721,1000721-020,5鄰,田義路,,,,,,77號,120.517782644734,23.8942020970968
彰化縣田尾鄉田尾村9鄰田義路157號,10007,1000721,1000721-001,9鄰,田義路,,,,,,157號,120.514575724947,23.8979175665942
彰化縣田尾鄉田尾村9鄰田義路159號,10007,1000721,1000721-001,9鄰,田義路,,,,,,159號,120.514544457456,23.8979512020541
