FULL_ADDR,COUNTY,TOWN,VILLAGE,NEIGHBORHOOD,ROAD,SECTION,LANE,ALLEY,SUB_ALLEY,TONG,NUMBER,X,Y
彰化縣員林鎮大饒里6鄰益民二街1號,10007,1000710,1000710-022,6鄰,益民二街,,,,,,1號,120.576969272321,23.9472273144578
彰化縣員林鎮大饒里6鄰益民二街3號,10007,1000710,1000710-022,6鄰,益民二街,,,,,,3號,120.576983404272,23.9472622071516
彰化縣員林鎮大饒里6鄰益民二街5號,10007,1000710,1000710-022,6鄰,益民二街,,,,,,5號,120.577003520966,23.9472996445796
彰化縣員林鎮大饒里6鄰益民二街9號,10007,1000710,1000710-022,6鄰,益民二街,,,,,,9號,120.577034989037,23.9473810868049
彰化縣員林鎮大饒里6鄰益民二街11號,10007,1000710,1000710-022,6鄰,益民二街,,,,,,11號,120.57705178955,23.9474111109252
彰化縣員林鎮大饒里6鄰益民二街15號,10007,1000710,1000710-022,6鄰,益民二街,,,,,,15號,120.577070991468,23.9475784799549
彰化縣員林鎮大饒里6鄰益民二街25號,10007,1000710,1000710-022,6鄰,益民二街,,,,,,25號,120.577139396908,23.9477815605842
彰化縣員林鎮大饒里6鄰益民二街27號,10007,1000710,1000710-022,6鄰,益民二街,,,,,,27號,120.577157416714,23.9478293761123
彰化縣員林鎮大饒里6鄰益民二街29號,10007,1000710,1000710-022,6鄰,益民二街,,,,,,29號,120.577211596103,23.9478455977306
