FULL_ADDR,COUNTY,TOWN,VILLAGE,NEIGHBORHOOD,ROAD,SECTION,LANE,ALLEY,SUB_ALLEY,TONG,NUMBER,X,Y
新竹縣寶山鄉雙溪村6鄰研新一路2I-,10004,1000410,1000410-001,6鄰,研新一路,,,,,,2I-,120.986914296626,24.7774636846606
新竹縣寶山鄉雙溪村6鄰研新一路8I-,10004,1000410,1000410-001,6鄰,研新一路,,,,,,8I-,120.989880858906,24.7747945931362
新竹縣寶山鄉雙溪村6鄰研新一路9I-,10004,1000410,1000410-001,6鄰,研新一路,,,,,,9I-,120.991626031891,24.7751646048796
新竹縣寶山鄉雙溪村6鄰研新一路10I-,10004,1000410,1000410-001,6鄰,研新一路,,,,,,10I-,120.990326077644,24.7745461539681
新竹縣寶山鄉雙溪村6鄰研新一路12I-,10004,1000410,1000410-001,6鄰,研新一路,,,,,,12I-,120.992391398167,24.7741808834508
新竹縣寶山鄉雙溪村6鄰研新一路16I-,10004,1000410,1000410-001,6鄰,研新一路,,,,,,16I-,120.993651982332,24.7751647947503
新竹縣寶山鄉雙溪村6鄰研新一路18I-,10004,1000410,1000410-001,6鄰,研新一路,,,,,,18I-,120.994494197667,24.7757784154274
新竹縣寶山鄉雙溪村6鄰研新一路20I-,10004,1000410,1000410-001,6鄰,研新一路,,,,,,20I-,120.995331080278,24.7764164988026
