FULL_ADDR,COUNTY,TOWN,VILLAGE,NEIGHBORHOOD,ROAD,SECTION,LANE,ALLEY,SUB_ALLEY,TONG,NUMBER,X,Y
彰化縣伸港鄉什股村17鄰建國十二街臨80號,10007,1000705,1000705-011,17鄰,建國十二街,,,,,,臨80號,120.476154567177,24.1617315041051
彰化縣伸港鄉什股村17鄰建國十二街98號,10007,1000705,1000705-011,17鄰,建國十二街,,,,,,98號,120.47621546046,24.1619540104761
彰化縣伸港鄉什股村17鄰建國十二街100號,10007,1000705,1000705-011,17鄰,建國十二街,,,,,,100號,120.476273775513,24.1620124485965
彰化縣伸港鄉什股村17鄰建國十二街102號,10007,1000705,1000705-011,17鄰,建國十二街,,,,,,102號,120.476283742503,24.1620539265394
