FULL_ADDR,COUNTY,TOWN,VILLAGE,NEIGHBORHOOD,ROAD,SECTION,LANE,ALLEY,SUB_ALLEY,TONG,NUMBER,X,Y
彰化縣鹿港鎮東石里25鄰環工八路1號,10007,1000702,1000702-008,25鄰,環工八路,,,,,,1號,120.392352804534,24.0646967299183
彰化縣鹿港鎮東石里25鄰環工八路3號,10007,1000702,1000702-008,25鄰,環工八路,,,,,,3號,120.392342987725,24.0644635580017
彰化縣鹿港鎮東石里25鄰環工八路5號,10007,1000702,1000702-008,25鄰,環工八路,,,,,,5號,120.392321968708,24.0642078589809
彰化縣鹿港鎮東石里25鄰環工八路6號,10007,1000702,1000702-008,25鄰,環工八路,,,,,,6號,120.39197257771,24.0644400554785
彰化縣鹿港鎮東石里25鄰環工八路8號,10007,1000702,1000702-008,25鄰,環工八路,,,,,,8號,120.391976347088,24.064203596736
彰化縣鹿港鎮東石里25鄰環工八路9號,10007,1000702,1000702-008,25鄰,環工八路,,,,,,9號,120.392330306444,24.0638364323873
彰化縣鹿港鎮東石里25鄰環工八路10號,10007,1000702,1000702-008,25鄰,環工八路,,,,,,10號,120.391971692752,24.0639810094232
彰化縣鹿港鎮東石里25鄰環工八路11號,10007,1000702,1000702-008,25鄰,環工八路,,,,,,11號,120.392319827231,24.0635768926615
彰化縣鹿港鎮東石里25鄰環工八路12號,10007,1000702,1000702-008,25鄰,環工八路,,,,,,12號,120.391983079769,24.0636304523327
