FULL_ADDR,COUNTY,TOWN,VILLAGE,NEIGHBORHOOD,ROAD,SECTION,LANE,ALLEY,SUB_ALLEY,TONG,NUMBER,X,Y
彰化縣芳苑鄉新寶村11鄰漁港一路臨355號,10007,1000723,1000723-020,11鄰,漁港一路,,,,,,臨355號,120.343552242977,23.9768550218362
彰化縣芳苑鄉新寶村11鄰漁港一路512巷55號,10007,1000723,1000723-020,11鄰,漁港一路,,512巷,,,,55號,120.347138863849,23.9809985321631
彰化縣芳苑鄉王功村15鄰漁港一路建251號,10007,1000723,1000723-015,15鄰,漁港一路,,,,,,建251號,120.342579987299,23.974261914971
彰化縣芳苑鄉王功村15鄰漁港一路21號,10007,1000723,1000723-015,15鄰,漁港一路,,,,,,21號,120.34050613065,23.9686664282419
