FULL_ADDR,COUNTY,TOWN,VILLAGE,NEIGHBORHOOD,ROAD,SECTION,LANE,ALLEY,SUB_ALLEY,TONG,NUMBER,X,Y
彰化縣員林鎮南平里16鄰祥平街18號,10007,1000710,1000710-013,16鄰,祥平街,,,,,,18號,120.566360771304,23.9696317650544
彰化縣員林鎮南平里16鄰祥平街90號,10007,1000710,1000710-013,16鄰,祥平街,,,,,,90號,120.564543281403,23.9695477921632
彰化縣員林鎮南平里16鄰祥平街92號,10007,1000710,1000710-013,16鄰,祥平街,,,,,,92號,120.564471726456,23.9695535485575
彰化縣員林鎮南平里16鄰祥平街112號,10007,1000710,1000710-013,16鄰,祥平街,,,,,,112號,120.563966785875,23.9696018670581
彰化縣員林鎮南平里16鄰祥平街116號,10007,1000710,1000710-013,16鄰,祥平街,,,,,,116號,120.563924935078,23.9696282947011
