FULL_ADDR,COUNTY,TOWN,VILLAGE,NEIGHBORHOOD,ROAD,SECTION,LANE,ALLEY,SUB_ALLEY,TONG,NUMBER,X,Y
苗栗縣通霄鎮新埔里7鄰秋茂路1號,10005,1000503,1000503-020,7鄰,秋茂路,,,,,,1號,120.696193536224,24.5388825362
苗栗縣通霄鎮新埔里7鄰秋茂路3號,10005,1000503,1000503-020,7鄰,秋茂路,,,,,,3號,120.696231669361,24.538864347639
苗栗縣通霄鎮新埔里7鄰秋茂路5號,10005,1000503,1000503-020,7鄰,秋茂路,,,,,,5號,120.696269802486,24.5388461590682
苗栗縣通霄鎮新埔里7鄰秋茂路11號,10005,1000503,1000503-020,7鄰,秋茂路,,,,,,11號,120.696396487396,24.5387558637637
苗栗縣通霄鎮新埔里7鄰秋茂路17號,10005,1000503,1000503-020,7鄰,秋茂路,,,,,,17號,120.696663697904,24.5387341092027
苗栗縣通霄鎮新埔里7鄰秋茂路39號,10005,1000503,1000503-020,7鄰,秋茂路,,,,,,39號,120.698230615106,24.5381296286517
