FULL_ADDR,COUNTY,TOWN,VILLAGE,NEIGHBORHOOD,ROAD,SECTION,LANE,ALLEY,SUB_ALLEY,TONG,NUMBER,X,Y
彰化縣和美鎮和北里15鄰惠中街2號,10007,1000703,1000703-004,15鄰,惠中街,,,,,,2號,120.498587092573,24.1188432389672
彰化縣和美鎮和北里15鄰惠中街6號,10007,1000703,1000703-004,15鄰,惠中街,,,,,,6號,120.49853706601,24.1188564379834
彰化縣和美鎮和北里15鄰惠中街8號,10007,1000703,1000703-004,15鄰,惠中街,,,,,,8號,120.498495378792,24.1188754430522
彰化縣和美鎮和北里15鄰惠中街10號,10007,1000703,1000703-004,15鄰,惠中街,,,,,,10號,120.498453706694,24.1188905656005
彰化縣和美鎮和北里15鄰惠中街12號,10007,1000703,1000703-004,15鄰,惠中街,,,,,,12號,120.49837658966,24.1189132465774
彰化縣和美鎮和北里15鄰惠中街16號,10007,1000703,1000703-004,15鄰,惠中街,,,,,,16號,120.498318171251,24.1189340927899
彰化縣和美鎮和北里15鄰惠中街18號,10007,1000703,1000703-004,15鄰,惠中街,,,,,,18號,120.498257686947,24.1189549321945
彰化縣和美鎮和北里15鄰惠中街20號,10007,1000703,1000703-004,15鄰,惠中街,,,,,,20號,120.498199291034,24.1189699997432
