FULL_ADDR,COUNTY,TOWN,VILLAGE,NEIGHBORHOOD,ROAD,SECTION,LANE,ALLEY,SUB_ALLEY,TONG,NUMBER,X,Y
苗栗縣苑裡鎮山脚里7鄰彎麗路99號,10005,1000502,1000502-014,7鄰,彎麗路,,,,,,99號,120.685572844696,24.4144218390482
苗栗縣苑裡鎮山脚里7鄰彎麗路100號,10005,1000502,1000502-014,7鄰,彎麗路,,,,,,100號,120.686322042449,24.4143849297634
苗栗縣苑裡鎮山脚里7鄰彎麗路101號,10005,1000502,1000502-014,7鄰,彎麗路,,,,,,101號,120.685891694287,24.4145180277598
