FULL_ADDR,COUNTY,TOWN,VILLAGE,NEIGHBORHOOD,ROAD,SECTION,LANE,ALLEY,SUB_ALLEY,TONG,NUMBER,X,Y
雲林縣斗六市仁愛里4鄰青海路四段281巷9號六樓,10009,1000901,1000901-002,4鄰,青海路,四段,281巷,,,,9號六樓,120.548380749037,23.7079154007059
雲林縣北港鎮中和里1鄰青海路一段18巷86號,10009,1000906,1000906-005,1鄰,青海路,一段,18巷,,,,86號,120.304341715642,23.5670430423222
雲林縣北港鎮中和里3鄰青海路三段91巷77號,10009,1000906,1000906-005,3鄰,青海路,三段,91巷,,,,77號,120.3034913246,23.5671331877956
雲林縣北港鎮中和里5鄰青海路二段581巷118號,10009,1000906,1000906-005,5鄰,青海路,二段,581巷,,,,118號,120.304039932019,23.5663167478234
