FULL_ADDR,COUNTY,TOWN,VILLAGE,NEIGHBORHOOD,ROAD,SECTION,LANE,ALLEY,SUB_ALLEY,TONG,NUMBER,X,Y
新竹縣寶山鄉雙溪村6鄰研發二路1I-,10004,1000410,1000410-001,6鄰,研發二路,,,,,,1I-,120.999992781033,24.7756713465192
新竹縣寶山鄉雙溪村6鄰研發二路1之1I-,10004,1000410,1000410-001,6鄰,研發二路,,,,,,1之1I-,121.001038750635,24.7769279508823
新竹縣寶山鄉雙溪村6鄰研發二路2I-,10004,1000410,1000410-001,6鄰,研發二路,,,,,,2I-,121.000303887542,24.7751306201002
