FULL_ADDR,COUNTY,TOWN,VILLAGE,NEIGHBORHOOD,ROAD,SECTION,LANE,ALLEY,SUB_ALLEY,TONG,NUMBER,X,Y
彰化縣員林鎮萬年里21鄰萬年七街臨47號,10007,1000710,1000710-024,21鄰,萬年七街,,,,,,臨47號,120.580425286272,23.9520263888306
彰化縣員林鎮萬年里21鄰萬年七街10號,10007,1000710,1000710-024,21鄰,萬年七街,,,,,,10號,120.57963933655,23.9515257223197
彰化縣員林鎮萬年里21鄰萬年七街12號,10007,1000710,1000710-024,21鄰,萬年七街,,,,,,12號,120.579686342711,23.9515428263894
彰化縣員林鎮萬年里21鄰萬年七街15號,10007,1000710,1000710-024,21鄰,萬年七街,,,,,,15號,120.579756032075,23.9517457287432
彰化縣員林鎮萬年里21鄰萬年七街17號,10007,1000710,1000710-024,21鄰,萬年七街,,,,,,17號,120.579794899463,23.9517579345933
彰化縣員林鎮萬年里21鄰萬年七街25號,10007,1000710,1000710-024,21鄰,萬年七街,,,,,,25號,120.579929884755,23.9518216907856
彰化縣員林鎮萬年里21鄰萬年七街27號,10007,1000710,1000710-024,21鄰,萬年七街,,,,,,27號,120.579993992826,23.951836855059
彰化縣員林鎮萬年里21鄰萬年七街29號,10007,1000710,1000710-024,21鄰,萬年七街,,,,,,29號,120.580048660819,23.9518545217425
彰化縣員林鎮萬年里21鄰萬年七街38號,10007,1000710,1000710-024,21鄰,萬年七街,,,,,,38號,120.580134255163,23.9517273499516
