FULL_ADDR,COUNTY,TOWN,VILLAGE,NEIGHBORHOOD,ROAD,SECTION,LANE,ALLEY,SUB_ALLEY,TONG,NUMBER,X,Y
雲林縣崙背鄉東明村18鄰行政街1號,10009,1000912,1000912-001,18鄰,行政街,,,,,,1號,120.359167326558,23.7619859538882
雲林縣崙背鄉東明村18鄰行政街2號,10009,1000912,1000912-001,18鄰,行政街,,,,,,2號,120.35944032273,23.761951690534
雲林縣崙背鄉東明村18鄰行政街6號,10009,1000912,1000912-001,18鄰,行政街,,,,,,6號,120.359011004799,23.7616138328292
雲林縣崙背鄉東明村18鄰行政街8號,10009,1000912,1000912-001,18鄰,行政街,,,,,,8號,120.358598248498,23.7617805193854
雲林縣崙背鄉東明村18鄰行政街68號,10009,1000912,1000912-001,18鄰,行政街,,,,,,68號,120.359529381526,23.7614947169132
