FULL_ADDR,COUNTY,TOWN,VILLAGE,NEIGHBORHOOD,ROAD,SECTION,LANE,ALLEY,SUB_ALLEY,TONG,NUMBER,X,Y
彰化縣芳苑鄉和平村9鄰芳漢路王功段臨429號,10007,1000723,1000723-017,9鄰,芳漢路,,,,,,王功段臨429號,120.338603236379,23.9633249910405
彰化縣芳苑鄉民生村5鄰芳漢路5號,10007,1000723,1000723-018,5鄰,芳漢路,,,,,,5號,120.338572340993,23.9624552992779
彰化縣芳苑鄉王功村11鄰芳漢路31號,10007,1000723,1000723-015,11鄰,芳漢路,,,,,,31號,120.339590291402,23.9642941027512
彰化縣芳苑鄉王功村16鄰芳漢路636巷33號,10007,1000723,1000723-015,16鄰,芳漢路,,636巷,,,,33號,120.344232225313,23.967616982378
