FULL_ADDR,COUNTY,TOWN,VILLAGE,NEIGHBORHOOD,ROAD,SECTION,LANE,ALLEY,SUB_ALLEY,TONG,NUMBER,X,Y
雲林縣虎尾鎮平和里8鄰大成十九街2號,10009,1000903,1000903-008,8鄰,大成十九街,,,,,,2號,120.449509981286,23.7085394276558
雲林縣虎尾鎮平和里9鄰大成十九街5號,10009,1000903,1000903-008,9鄰,大成十九街,,,,,,5號,120.449716302734,23.7085881991138
雲林縣虎尾鎮平和里8鄰大成十九街6號,10009,1000903,1000903-008,8鄰,大成十九街,,,,,,6號,120.449532740591,23.7084907485801
雲林縣虎尾鎮平和里9鄰大成十九街7號,10009,1000903,1000903-008,9鄰,大成十九街,,,,,,7號,120.449739772261,23.7085572206192
雲林縣虎尾鎮平和里9鄰大成十九街17號,10009,1000903,1000903-008,9鄰,大成十九街,,,,,,17號,120.449769380363,23.7083649675545
雲林縣虎尾鎮平和里9鄰大成十九街19號,10009,1000903,1000903-008,9鄰,大成十九街,,,,,,19號,120.449785113201,23.7083268010415
雲林縣虎尾鎮平和里9鄰大成十九街21號,10009,1000903,1000903-008,9鄰,大成十九街,,,,,,21號,120.449803464982,23.7082814743063
雲林縣虎尾鎮平和里9鄰大成十九街23號,10009,1000903,1000903-008,9鄰,大成十九街,,,,,,23號,120.449819218057,23.7082361383297
雲林縣虎尾鎮平和里9鄰大成十九街25號,10009,1000903,1000903-008,9鄰,大成十九街,,,,,,25號,120.449834960899,23.7081955789923
