FULL_ADDR,COUNTY,TOWN,VILLAGE,NEIGHBORHOOD,ROAD,SECTION,LANE,ALLEY,SUB_ALLEY,TONG,NUMBER,X,Y
雲林縣麥寮鄉施厝村20鄰施厝三街36號,10009,1000913,1000913-011,20鄰,施厝三街,,,,,,36號,120.281604643835,23.8007291990539
雲林縣麥寮鄉施厝村20鄰施厝三街50號,10009,1000913,1000913-011,20鄰,施厝三街,,,,,,50號,120.283450509387,23.8003116971452
雲林縣麥寮鄉施厝村20鄰施厝三街305號,10009,1000913,1000913-011,20鄰,施厝三街,,,,,,305號,120.281884338066,23.8004226911668
雲林縣麥寮鄉施厝村20鄰施厝三街605號,10009,1000913,1000913-011,20鄰,施厝三街,,,,,,605號,120.280526562801,23.8006254942225
