FULL_ADDR,COUNTY,TOWN,VILLAGE,NEIGHBORHOOD,ROAD,SECTION,LANE,ALLEY,SUB_ALLEY,TONG,NUMBER,X,Y
彰化縣和美鎮詔安里8鄰皓東路臨15之13號,10007,1000703,1000703-018,8鄰,皓東路,,,,,,臨15之13號,120.529497031653,24.091766233688
彰化縣和美鎮詔安里8鄰皓東路8號,10007,1000703,1000703-018,8鄰,皓東路,,,,,,8號,120.529552392904,24.0920122709446
彰化縣和美鎮詔安里8鄰皓東路10號,10007,1000703,1000703-018,8鄰,皓東路,,,,,,10號,120.529502827514,24.0919836762383
彰化縣和美鎮詔安里8鄰皓東路12號,10007,1000703,1000703-018,8鄰,皓東路,,,,,,12號,120.529453503369,24.0919428927501
彰化縣和美鎮詔安里8鄰皓東路16號,10007,1000703,1000703-018,8鄰,皓東路,,,,,,16號,120.529323947353,24.0918679122376
彰化縣和美鎮詔安里8鄰皓東路18號,10007,1000703,1000703-018,8鄰,皓東路,,,,,,18號,120.529327634443,24.0919086455751
彰化縣和美鎮詔安里8鄰皓東路19號,10007,1000703,1000703-018,8鄰,皓東路,,,,,,19號,120.529444052641,24.091729772997
彰化縣和美鎮詔安里8鄰皓東路20號,10007,1000703,1000703-018,8鄰,皓東路,,,,,,20號,120.529291031862,24.0918855985575
