FULL_ADDR,COUNTY,TOWN,VILLAGE,NEIGHBORHOOD,ROAD,SECTION,LANE,ALLEY,SUB_ALLEY,TONG,NUMBER,X,Y
彰化縣田尾鄉正義村1鄰正田路80號,10007,1000721,1000721-020,1鄰,正田路,,,,,,80號,120.519365433874,23.8953242144164
彰化縣田尾鄉田尾村10鄰正田路81巷36號,10007,1000721,1000721-001,10鄰,正田路,,81巷,,,,36號,120.518172205185,23.8975980968916
彰化縣田尾鄉田尾村10鄰正田路81巷38號,10007,1000721,1000721-001,10鄰,正田路,,81巷,,,,38號,120.517935032264,23.8975901121729
彰化縣田尾鄉田尾村10鄰正田路81巷40號,10007,1000721,1000721-001,10鄰,正田路,,81巷,,,,40號,120.517893675454,23.8976487374045
