FULL_ADDR,COUNTY,TOWN,VILLAGE,NEIGHBORHOOD,ROAD,SECTION,LANE,ALLEY,SUB_ALLEY,TONG,NUMBER,X,Y
彰化縣社頭鄉協和村15鄰後路臨6之20號,10007,1000717,1000717-024,15鄰,後路,,,,,,臨6之20號,120.606763415959,23.9290028635579
彰化縣社頭鄉協和村14鄰後路14之8號,10007,1000717,1000717-024,14鄰,後路,,,,,,14之8號,120.606655529299,23.9317776377521
彰化縣社頭鄉協和村16鄰後路巷28之3號,10007,1000717,1000717-024,16鄰,後路,,巷,,,,28之3號,120.616252413935,23.9319949463002
彰化縣社頭鄉湳雅村7鄰後路臨3之12號,10007,1000717,1000717-021,7鄰,後路,,,,,,臨3之12號,120.605435280725,23.9237421114538
彰化縣社頭鄉湳雅村8鄰後路臨3之110號,10007,1000717,1000717-021,8鄰,後路,,,,,,臨3之110號,120.611350872023,23.9222473560205
