FULL_ADDR,COUNTY,TOWN,VILLAGE,NEIGHBORHOOD,ROAD,SECTION,LANE,ALLEY,SUB_ALLEY,TONG,NUMBER,X,Y
彰化縣和美鎮仁愛里4鄰和健一街26號,10007,1000703,1000703-032,4鄰,和健一街,,,,,,26號,120.492589012171,24.1060118001504
彰化縣和美鎮仁愛里4鄰和健一街28號,10007,1000703,1000703-032,4鄰,和健一街,,,,,,28號,120.49261829205,24.1060452151688
