FULL_ADDR,COUNTY,TOWN,VILLAGE,NEIGHBORHOOD,ROAD,SECTION,LANE,ALLEY,SUB_ALLEY,TONG,NUMBER,X,Y
雲林縣斗六市十三里9鄰竹興路260號,10009,1000901,1000901-031,9鄰,竹興路,,,,,,260號,120.567804452033,23.7557324733171
雲林縣斗六市十三里9鄰竹興路266號,10009,1000901,1000901-031,9鄰,竹興路,,,,,,266號,120.568215323562,23.7563806895605
雲林縣斗六市十三里8鄰竹興路306號,10009,1000901,1000901-031,8鄰,竹興路,,,,,,306號,120.570415238491,23.7591712164601
雲林縣斗六市十三里8鄰竹興路308號,10009,1000901,1000901-031,8鄰,竹興路,,,,,,308號,120.56950135743,23.7581382951019
