FULL_ADDR,COUNTY,TOWN,VILLAGE,NEIGHBORHOOD,ROAD,SECTION,LANE,ALLEY,SUB_ALLEY,TONG,NUMBER,X,Y
彰化縣社頭鄉美雅村3鄰和平一路92巷18號,10007,1000717,1000717-013,3鄰,和平一路,,92巷,,,,18號,120.586814831213,23.8901601313158
彰化縣社頭鄉美雅村3鄰和平一路92巷20號,10007,1000717,1000717-013,3鄰,和平一路,,92巷,,,,20號,120.586813518557,23.8902023860777
彰化縣社頭鄉美雅村3鄰和平一路92巷22號,10007,1000717,1000717-013,3鄰,和平一路,,92巷,,,,22號,120.586812902782,23.8902416629598
彰化縣社頭鄉美雅村3鄰和平一路92巷26號,10007,1000717,1000717-013,3鄰,和平一路,,92巷,,,,26號,120.586806109997,23.8902778532072
彰化縣社頭鄉美雅村3鄰和平一路92巷28號,10007,1000717,1000717-013,3鄰,和平一路,,92巷,,,,28號,120.586804789592,23.8903225459255
