FULL_ADDR,COUNTY,TOWN,VILLAGE,NEIGHBORHOOD,ROAD,SECTION,LANE,ALLEY,SUB_ALLEY,TONG,NUMBER,X,Y
彰化縣田尾鄉溪畔村9鄰公園三街32號,10007,1000721,1000721-012,9鄰,公園三街,,,,,,32號,120.533488749549,23.8979472382815
彰化縣田尾鄉溪畔村9鄰公園三街188號,10007,1000721,1000721-012,9鄰,公園三街,,,,,,188號,120.534415818284,23.8995166645374
