FULL_ADDR,COUNTY,TOWN,VILLAGE,NEIGHBORHOOD,ROAD,SECTION,LANE,ALLEY,SUB_ALLEY,TONG,NUMBER,X,Y
雲林縣斗六市仁愛里4鄰豐榮路18巷38號,10009,1000901,1000901-002,4鄰,豐榮路,,18巷,,,,38號,120.547934429298,23.7076368849063
雲林縣北港鎮中和里5鄰豐榮路45巷4號,10009,1000906,1000906-005,5鄰,豐榮路,,45巷,,,,4號,120.30384333239,23.5663573316159
