FULL_ADDR,COUNTY,TOWN,VILLAGE,NEIGHBORHOOD,ROAD,SECTION,LANE,ALLEY,SUB_ALLEY,TONG,NUMBER,X,Y
彰化縣伸港鄉蚵寮村5鄰彰濱東十二路1號,10007,1000705,1000705-002,5鄰,彰濱東十二路,,,,,,1號,120.451938846072,24.156564215623
彰化縣伸港鄉蚵寮村5鄰彰濱東十二路3號,10007,1000705,1000705-002,5鄰,彰濱東十二路,,,,,,3號,120.448986157029,24.1560502986039
彰化縣伸港鄉蚵寮村5鄰彰濱東十二路3之1號,10007,1000705,1000705-002,5鄰,彰濱東十二路,,,,,,3之1號,120.450792537756,24.1567006772759
