FULL_ADDR,COUNTY,TOWN,VILLAGE,NEIGHBORHOOD,ROAD,SECTION,LANE,ALLEY,SUB_ALLEY,TONG,NUMBER,X,Y
新竹縣湖口鄉勝利村26鄰工業四路1I-,10004,1000405,1000405-020,26鄰,工業四路,,,,,,1I-,121.014786951987,24.8634724960848
新竹縣湖口鄉勝利村26鄰工業四路3I-三樓,10004,1000405,1000405-020,26鄰,工業四路,,,,,,3I-三樓,121.015423255285,24.863412301606
新竹縣湖口鄉勝利村26鄰工業四路3I-四樓,10004,1000405,1000405-020,26鄰,工業四路,,,,,,3I-四樓,121.015423255285,24.863412301606
新竹縣湖口鄉勝利村26鄰工業四路3I-,10004,1000405,1000405-020,26鄰,工業四路,,,,,,3I-,121.015419396307,24.8634159134236
新竹縣湖口鄉勝利村26鄰工業四路5I-,10004,1000405,1000405-020,26鄰,工業四路,,,,,,5I-,121.015830407124,24.86288562379
新竹縣湖口鄉勝利村26鄰工業四路9I-,10004,1000405,1000405-020,26鄰,工業四路,,,,,,9I-,121.017372397883,24.8622364803081
新竹縣湖口鄉鳳山村12鄰工業四路6I-,10004,1000405,1000405-015,12鄰,工業四路,,,,,,6I-,121.017446015634,24.8614776221216
