FULL_ADDR,COUNTY,TOWN,VILLAGE,NEIGHBORHOOD,ROAD,SECTION,LANE,ALLEY,SUB_ALLEY,TONG,NUMBER,X,Y
雲林縣北港鎮新街里5鄰聖母九路12號,10009,1000906,1000906-016,5鄰,聖母九路,,,,,,12號,120.315840023491,23.5939579647327
雲林縣北港鎮新街里5鄰聖母九路13號,10009,1000906,1000906-016,5鄰,聖母九路,,,,,,13號,120.315842021729,23.5940071849237
雲林縣北港鎮新街里5鄰聖母九路15號,10009,1000906,1000906-016,5鄰,聖母九路,,,,,,15號,120.315839311018,23.594057558222
雲林縣北港鎮新街里5鄰聖母九路16號,10009,1000906,1000906-016,5鄰,聖母九路,,,,,,16號,120.315835295602,23.5940950134269
雲林縣北港鎮新街里5鄰聖母九路16之1號,10009,1000906,1000906-016,5鄰,聖母九路,,,,,,16之1號,120.315658302512,23.5940845720088
雲林縣北港鎮新街里5鄰聖母九路16之2號,10009,1000906,1000906-016,5鄰,聖母九路,,,,,,16之2號,120.315554327223,23.5941073199611
