FULL_ADDR,COUNTY,TOWN,VILLAGE,NEIGHBORHOOD,ROAD,SECTION,LANE,ALLEY,SUB_ALLEY,TONG,NUMBER,X,Y
雲林縣虎尾鎮興中里14鄰興中路42之9號,10009,1000903,1000903-021,14鄰,興中路,,,,,,42之9號,120.43503359045,23.7236497793205
雲林縣虎尾鎮興中里12鄰興中路76號,10009,1000903,1000903-021,12鄰,興中路,,,,,,76號,120.436113521295,23.7213900881822
雲林縣虎尾鎮興中里12鄰興中路85之2號,10009,1000903,1000903-021,12鄰,興中路,,,,,,85之2號,120.436597505283,23.7208460118944
