FULL_ADDR,COUNTY,TOWN,VILLAGE,NEIGHBORHOOD,ROAD,SECTION,LANE,ALLEY,SUB_ALLEY,TONG,NUMBER,X,Y
彰化縣田尾鄉豐田村2鄰豐田路建53號,10007,1000721,1000721-002,2鄰,豐田路,,,,,,建53號,120.513704162664,23.8999345723289
彰化縣田尾鄉豐田村4鄰豐田路158號,10007,1000721,1000721-002,4鄰,豐田路,,,,,,158號,120.513363414777,23.9021014714479
彰化縣田尾鄉豐田村4鄰豐田路160號,10007,1000721,1000721-002,4鄰,豐田路,,,,,,160號,120.513128215517,23.9021151110507
彰化縣田尾鄉豐田村4鄰豐田路162號,10007,1000721,1000721-002,4鄰,豐田路,,,,,,162號,120.513007433159,23.9023017019543
