FULL_ADDR,COUNTY,TOWN,VILLAGE,NEIGHBORHOOD,ROAD,SECTION,LANE,ALLEY,SUB_ALLEY,TONG,NUMBER,X,Y
彰化縣溪湖鎮湖東里9鄰東興六街2號,10007,1000711,1000711-018,9鄰,東興六街,,,,,,2號,120.484774231351,23.961163468328
彰化縣溪湖鎮湖東里9鄰東興六街6號,10007,1000711,1000711-018,9鄰,東興六街,,,,,,6號,120.484872867693,23.9611419482371
彰化縣溪湖鎮湖東里9鄰東興六街8號,10007,1000711,1000711-018,9鄰,東興六街,,,,,,8號,120.484973697173,23.9611124895873
