FULL_ADDR,COUNTY,TOWN,VILLAGE,NEIGHBORHOOD,ROAD,SECTION,LANE,ALLEY,SUB_ALLEY,TONG,NUMBER,X,Y
彰化縣芳苑鄉三成村2鄰上林路1號之1,10007,1000723,1000723-011,2鄰,上林路,,,,,,1號之1,120.349081246359,23.8877230795874
彰化縣芳苑鄉三成村4鄰上林路路上段279巷建261號,10007,1000723,1000723-011,4鄰,上林路,,路上段279巷,,,,建261號,120.339412299617,23.8874704072431
彰化縣芳苑鄉三成村2鄰上林路279巷55弄245號,10007,1000723,1000723-011,2鄰,上林路,,279巷,55弄,,,245號,120.344979830914,23.8891938857202
彰化縣芳苑鄉福榮村6鄰上林路20號,10007,1000723,1000723-012,6鄰,上林路,,,,,,20號,120.332677828121,23.8939354771603
彰化縣芳苑鄉路上村2鄰上林路8號,10007,1000723,1000723-009,2鄰,上林路,,,,,,8號,120.333301368598,23.8942979165589
