FULL_ADDR,COUNTY,TOWN,VILLAGE,NEIGHBORHOOD,ROAD,SECTION,LANE,ALLEY,SUB_ALLEY,TONG,NUMBER,X,Y
彰化縣芳苑鄉漢寶村24鄰漢寶一路臨36號,10007,1000723,1000723-026,24鄰,漢寶一路,,,,,,臨36號,120.398102746652,23.9949458002762
彰化縣芳苑鄉漢寶村24鄰漢寶一路2巷9號,10007,1000723,1000723-026,24鄰,漢寶一路,,2巷,,,,9號,120.398445532269,23.9915107839745
彰化縣芳苑鄉漢寶村24鄰漢寶一路6號,10007,1000723,1000723-026,24鄰,漢寶一路,,,,,,6號,120.397272735645,23.9917798651592
彰化縣芳苑鄉漢寶村24鄰漢寶一路8號,10007,1000723,1000723-026,24鄰,漢寶一路,,,,,,8號,120.39764412141,23.9916907517961
彰化縣芳苑鄉漢寶村24鄰漢寶一路26號,10007,1000723,1000723-026,24鄰,漢寶一路,,,,,,26號,120.397866229094,23.9940848809992
彰化縣芳苑鄉漢寶村24鄰漢寶一路62號,10007,1000723,1000723-026,24鄰,漢寶一路,,,,,,62號,120.398803685597,23.9972477213423
