FULL_ADDR,COUNTY,TOWN,VILLAGE,NEIGHBORHOOD,ROAD,SECTION,LANE,ALLEY,SUB_ALLEY,TONG,NUMBER,X,Y
彰化縣二林鎮北平里15鄰三元街19號,10007,1000720,1000720-004,15鄰,三元街,,,,,,19號,120.367233921682,23.9028836566587
彰化縣二林鎮北平里13鄰三元街43號,10007,1000720,1000720-004,13鄰,三元街,,,,,,43號,120.36734935687,23.9034490328815
