FULL_ADDR,COUNTY,TOWN,VILLAGE,NEIGHBORHOOD,ROAD,SECTION,LANE,ALLEY,SUB_ALLEY,TONG,NUMBER,X,Y
新竹縣寶山鄉雙新村10鄰雙林一路71I-,10004,1000410,1000410-010,10鄰,雙林一路,,,,,,71I-,120.977716092,24.7620653009076
新竹縣寶山鄉雙新村10鄰雙林一路88I-(臨),10004,1000410,1000410-010,10鄰,雙林一路,,,,,,88I-(臨),120.977833809405,24.7623341018728
新竹縣寶山鄉雙新村10鄰雙林一路92G-1I-,10004,1000410,1000410-010,10鄰,雙林一路,,92G-,,,,1I-,120.977611230154,24.7628953811471
新竹縣寶山鄉雙新村10鄰雙林一路92G-3I-,10004,1000410,1000410-010,10鄰,雙林一路,,92G-,,,,3I-,120.977794444927,24.7629492192837
新竹縣寶山鄉雙新村10鄰雙林一路92G-5I-,10004,1000410,1000410-010,10鄰,雙林一路,,92G-,,,,5I-,120.978010288136,24.7630149798318
新竹縣寶山鄉雙新村10鄰雙林一路92G-7I-,10004,1000410,1000410-010,10鄰,雙林一路,,92G-,,,,7I-,120.978239181653,24.7630926598075
新竹縣寶山鄉雙新村10鄰雙林一路98I-(臨),10004,1000410,1000410-010,10鄰,雙林一路,,,,,,98I-(臨),120.97750907881,24.7629424052111
