FULL_ADDR,COUNTY,TOWN,VILLAGE,NEIGHBORHOOD,ROAD,SECTION,LANE,ALLEY,SUB_ALLEY,TONG,NUMBER,X,Y
苗栗縣後龍鎮校椅里11鄰頂椅六街53號,10005,1000506,1000506-007,11鄰,頂椅六街,,,,,,53號,120.824423126245,24.6099303890329
苗栗縣後龍鎮校椅里11鄰頂椅六街119號,10005,1000506,1000506-007,11鄰,頂椅六街,,,,,,119號,120.825368468056,24.6112453003869
苗栗縣後龍鎮校椅里11鄰頂椅六街121號,10005,1000506,1000506-007,11鄰,頂椅六街,,,,,,121號,120.825390237318,24.611307480073
苗栗縣後龍鎮校椅里11鄰頂椅六街129號,10005,1000506,1000506-007,11鄰,頂椅六街,,,,,,129號,120.825451395043,24.6115739284165
苗栗縣後龍鎮校椅里11鄰頂椅六街147號,10005,1000506,1000506-007,11鄰,頂椅六街,,,,,,147號,120.82557348315,24.6118440318067
