FULL_ADDR,COUNTY,TOWN,VILLAGE,NEIGHBORHOOD,ROAD,SECTION,LANE,ALLEY,SUB_ALLEY,TONG,NUMBER,X,Y
彰化縣伸港鄉新港村6鄰信義一街1號,10007,1000705,1000705-010,6鄰,信義一街,,,,,,1號,120.486304488521,24.1461211135332
彰化縣伸港鄉新港村6鄰信義一街3號,10007,1000705,1000705-010,6鄰,信義一街,,,,,,3號,120.486265849702,24.1461133087001
彰化縣伸港鄉新港村6鄰信義一街5號,10007,1000705,1000705-010,6鄰,信義一街,,,,,,5號,120.486225156491,24.1461025173184
彰化縣伸港鄉新港村6鄰信義一街7號,10007,1000705,1000705-010,6鄰,信義一街,,,,,,7號,120.486195066554,24.1460976305751
