FULL_ADDR,COUNTY,TOWN,VILLAGE,NEIGHBORHOOD,ROAD,SECTION,LANE,ALLEY,SUB_ALLEY,TONG,NUMBER,X,Y
雲林縣斗六市嘉東里10鄰嘉新三路91號,10009,1000901,1000901-019,10鄰,嘉新三路,,,,,,91號,120.554379963139,23.6848509049894
雲林縣斗六市嘉東里10鄰嘉新三路95號,10009,1000901,1000901-019,10鄰,嘉新三路,,,,,,95號,120.554333833583,23.6848704119822
雲林縣斗六市嘉東里10鄰嘉新三路95之1號,10009,1000901,1000901-019,10鄰,嘉新三路,,,,,,95之1號,120.554311361,23.6849050215951
雲林縣斗六市嘉東里10鄰嘉新三路101號,10009,1000901,1000901-019,10鄰,嘉新三路,,,,,,101號,120.554200447899,23.6850032893001
