FULL_ADDR,COUNTY,TOWN,VILLAGE,NEIGHBORHOOD,ROAD,SECTION,LANE,ALLEY,SUB_ALLEY,TONG,NUMBER,X,Y
彰化縣田尾鄉北曾村13鄰公園東路臨92號,10007,1000721,1000721-011,13鄰,公園東路,,,,,,臨92號,120.534147116537,23.8960076206843
彰化縣田尾鄉北曾村13鄰公園東路臨90號,10007,1000721,1000721-011,13鄰,公園東路,,,,,,臨90號,120.534217321139,23.8959839953902
彰化縣田尾鄉北曾村4鄰公園東路1號,10007,1000721,1000721-011,4鄰,公園東路,,,,,,1號,120.53593032772,23.8951371488293
彰化縣田尾鄉北曾村4鄰公園東路7號,10007,1000721,1000721-011,4鄰,公園東路,,,,,,7號,120.535338069867,23.8949648841138
彰化縣田尾鄉北曾村4鄰公園東路35巷臨56號,10007,1000721,1000721-011,4鄰,公園東路,,35巷,,,,臨56號,120.534778336647,23.8947055808123
彰化縣田尾鄉北曾村13鄰公園東路36巷臨39號,10007,1000721,1000721-011,13鄰,公園東路,,36巷,,,,臨39號,120.535602662955,23.8966355085241
彰化縣田尾鄉溪畔村9鄰公園東路臨200號,10007,1000721,1000721-012,9鄰,公園東路,,,,,,臨200號,120.532266530374,23.8973498374598
