FULL_ADDR,COUNTY,TOWN,VILLAGE,NEIGHBORHOOD,ROAD,SECTION,LANE,ALLEY,SUB_ALLEY,TONG,NUMBER,X,Y
雲林縣崙背鄉西榮村13鄰民正路10號,10009,1000912,1000912-002,13鄰,民正路,,,,,,10號,120.342857411022,23.7655944105205
雲林縣崙背鄉西榮村13鄰民正路18號,10009,1000912,1000912-002,13鄰,民正路,,,,,,18號,120.343265939938,23.7667453259554
雲林縣崙背鄉西榮村13鄰民正路18之1號,10009,1000912,1000912-002,13鄰,民正路,,,,,,18之1號,120.343180126321,23.7665046874479
雲林縣崙背鄉西榮村13鄰民正路52號,10009,1000912,1000912-002,13鄰,民正路,,,,,,52號,120.341948466083,23.7684918918365
