FULL_ADDR,COUNTY,TOWN,VILLAGE,NEIGHBORHOOD,ROAD,SECTION,LANE,ALLEY,SUB_ALLEY,TONG,NUMBER,X,Y
彰化縣北斗鎮中寮里11鄰北勢寮路388號,10007,1000719,1000719-012,11鄰,北勢寮路,,,,,,388號,120.510572933427,23.8921687169378
彰化縣北斗鎮中寮里11鄰北勢寮路421號,10007,1000719,1000719-012,11鄰,北勢寮路,,,,,,421號,120.508836901526,23.8927926025675
彰化縣北斗鎮中寮里11鄰北勢寮路422號,10007,1000719,1000719-012,11鄰,北勢寮路,,,,,,422號,120.5087858825,23.8928086656568
彰化縣北斗鎮大道里4鄰北勢寮路189號,10007,1000719,1000719-013,4鄰,北勢寮路,,,,,,189號,120.517482929692,23.8882511843021
彰化縣北斗鎮大道里4鄰北勢寮路235號,10007,1000719,1000719-013,4鄰,北勢寮路,,,,,,235號,120.515724183781,23.8896443091469
