FULL_ADDR,COUNTY,TOWN,VILLAGE,NEIGHBORHOOD,ROAD,SECTION,LANE,ALLEY,SUB_ALLEY,TONG,NUMBER,X,Y
彰化縣埔心鄉大華村1鄰大華路臨2號,10007,1000715,1000715-010,1鄰,大華路,,,,,,臨2號,120.537051834429,23.9459070214814
彰化縣埔心鄉大華村1鄰大華路120號,10007,1000715,1000715-010,1鄰,大華路,,,,,,120號,120.534752912242,23.9451258365635
