FULL_ADDR,COUNTY,TOWN,VILLAGE,NEIGHBORHOOD,ROAD,SECTION,LANE,ALLEY,SUB_ALLEY,TONG,NUMBER,X,Y
雲林縣大埤鄉怡然村1鄰雲嘉路1號,10009,1000908,1000908-012,1鄰,雲嘉路,,,,,,1號,120.406755442467,23.6325019885702
雲林縣大埤鄉怡然村1鄰雲嘉路1之1號,10009,1000908,1000908-012,1鄰,雲嘉路,,,,,,1之1號,120.406602373101,23.6326933740713
雲林縣大埤鄉怡然村1鄰雲嘉路3號,10009,1000908,1000908-012,1鄰,雲嘉路,,,,,,3號,120.406706509004,23.6316596936511
雲林縣大埤鄉怡然村1鄰雲嘉路5巷3號,10009,1000908,1000908-012,1鄰,雲嘉路,,5巷,,,,3號,120.406863664133,23.6310831175061
雲林縣大埤鄉怡然村1鄰雲嘉路5號,10009,1000908,1000908-012,1鄰,雲嘉路,,,,,,5號,120.406655548387,23.6323767260831
雲林縣大埤鄉怡然村1鄰雲嘉路5巷12號,10009,1000908,1000908-012,1鄰,雲嘉路,,5巷,,,,12號,120.409926887091,23.6319129784311
雲林縣大埤鄉怡然村1鄰雲嘉路5巷16號,10009,1000908,1000908-012,1鄰,雲嘉路,,5巷,,,,16號,120.408437241949,23.6310018087826
雲林縣大埤鄉怡然村1鄰雲嘉路15號,10009,1000908,1000908-012,1鄰,雲嘉路,,,,,,15號,120.408481440556,23.6338168896659
雲林縣大埤鄉怡然村1鄰雲嘉路23號,10009,1000908,1000908-012,1鄰,雲嘉路,,,,,,23號,120.406882969417,23.6290162974145
