FULL_ADDR,COUNTY,TOWN,VILLAGE,NEIGHBORHOOD,ROAD,SECTION,LANE,ALLEY,SUB_ALLEY,TONG,NUMBER,X,Y
雲林縣斗六市鎮北里16鄰育德街12號,10009,1000901,1000901-010,16鄰,育德街,,,,,,12號,120.550383141143,23.7156266310746
雲林縣斗六市鎮北里16鄰育德街22號,10009,1000901,1000901-010,16鄰,育德街,,,,,,22號,120.550150981009,23.7156050524324
雲林縣斗六市鎮北里16鄰育德街28號,10009,1000901,1000901-010,16鄰,育德街,,,,,,28號,120.54972026243,23.7157069911697
雲林縣斗六市鎮北里16鄰育德街56號,10009,1000901,1000901-010,16鄰,育德街,,,,,,56號,120.549567073479,23.7148018935444
