FULL_ADDR,COUNTY,TOWN,VILLAGE,NEIGHBORHOOD,ROAD,SECTION,LANE,ALLEY,SUB_ALLEY,TONG,NUMBER,X,Y
彰化縣溪州鄉三條村5鄰俊智路1巷756弄120號,10007,1000726,1000726-019,5鄰,俊智路,,1巷,756弄,,,120號,120.486379124496,23.8323712673637
彰化縣溪州鄉三條村5鄰俊智路1巷888弄18號,10007,1000726,1000726-019,5鄰,俊智路,,1巷,888弄,,,18號,120.48836701474,23.8273464414909
彰化縣溪州鄉溪厝村14鄰俊智路1巷756弄1號,10007,1000726,1000726-001,14鄰,俊智路,,1巷,756弄,,,1號,120.489337789886,23.8320549959379
彰化縣溪州鄉溪厝村14鄰俊智路1巷756弄36號,10007,1000726,1000726-001,14鄰,俊智路,,1巷,756弄,,,36號,120.48842123552,23.8323474301515
彰化縣溪州鄉溪州村11鄰俊智路67號,10007,1000726,1000726-011,11鄰,俊智路,,,,,,67號,120.48961779695,23.8491681778859
彰化縣溪州鄉溪州村11鄰俊智路99號,10007,1000726,1000726-011,11鄰,俊智路,,,,,,99號,120.489043485616,23.8508229186246
彰化縣溪州鄉溪州村11鄰俊智路123號,10007,1000726,1000726-011,11鄰,俊智路,,,,,,123號,120.489217786403,23.8512474772821
彰化縣溪州鄉溪州村11鄰俊智路237號,10007,1000726,1000726-011,11鄰,俊智路,,,,,,237號,120.489185429683,23.851430027947
