FULL_ADDR,COUNTY,TOWN,VILLAGE,NEIGHBORHOOD,ROAD,SECTION,LANE,ALLEY,SUB_ALLEY,TONG,NUMBER,X,Y
彰化縣溪湖鎮大突里18鄰大公十八街30號,10007,1000711,1000711-007,18鄰,大公十八街,,,,,,30號,120.468832743033,23.9607666554629
彰化縣溪湖鎮大突里18鄰大公十八街32號,10007,1000711,1000711-007,18鄰,大公十八街,,,,,,32號,120.468783343365,23.9607610669186
彰化縣溪湖鎮大突里18鄰大公十八街36號,10007,1000711,1000711-007,18鄰,大公十八街,,,,,,36號,120.468734039367,23.960756110745
彰化縣溪湖鎮大突里18鄰大公十八街38號,10007,1000711,1000711-007,18鄰,大公十八街,,,,,,38號,120.468684730933,23.9607522380636
彰化縣溪湖鎮大突里18鄰大公十八街40號,10007,1000711,1000711-007,18鄰,大公十八街,,,,,,40號,120.468636381359,23.9607541474773
彰化縣溪湖鎮大突里18鄰大公十八街42號,10007,1000711,1000711-007,18鄰,大公十八街,,,,,,42號,120.468585976218,23.9607541535942
