FULL_ADDR,COUNTY,TOWN,VILLAGE,NEIGHBORHOOD,ROAD,SECTION,LANE,ALLEY,SUB_ALLEY,TONG,NUMBER,X,Y
苗栗縣公館鄉館南村16鄰貴南街1號,10005,1000509,1000509-003,16鄰,貴南街,,,,,,1號,120.822318288532,24.5009100300781
苗栗縣公館鄉館南村16鄰貴南街2號,10005,1000509,1000509-003,16鄰,貴南街,,,,,,2號,120.822439272793,24.500832342808
苗栗縣公館鄉館南村16鄰貴南街3號,10005,1000509,1000509-003,16鄰,貴南街,,,,,,3號,120.822432130189,24.5013512284564
苗栗縣公館鄉館南村16鄰貴南街6號,10005,1000509,1000509-003,16鄰,貴南街,,,,,,6號,120.822453912104,24.5008772339312
苗栗縣公館鄉館南村16鄰貴南街8號,10005,1000509,1000509-003,16鄰,貴南街,,,,,,8號,120.822468452624,24.5009222152261
苗栗縣公館鄉館南村16鄰貴南街10號,10005,1000509,1000509-003,16鄰,貴南街,,,,,,10號,120.822482993281,24.5009671062299
