FULL_ADDR,COUNTY,TOWN,VILLAGE,NEIGHBORHOOD,ROAD,SECTION,LANE,ALLEY,SUB_ALLEY,TONG,NUMBER,X,Y
雲林縣臺西鄉五港村9鄰中央北四路47號,10009,1000916,1000916-015,9鄰,中央北四路,,,,,,47號,120.187849636403,23.7205071786592
雲林縣臺西鄉五港村9鄰中央北四路48號,10009,1000916,1000916-015,9鄰,中央北四路,,,,,,48號,120.187854434699,23.720571672968
