FULL_ADDR,COUNTY,TOWN,VILLAGE,NEIGHBORHOOD,ROAD,SECTION,LANE,ALLEY,SUB_ALLEY,TONG,NUMBER,X,Y
苗栗縣竹南鎮頂埔里11鄰科東五路1之1號,10005,1000504,1000504-020,11鄰,科東五路,,,,,,1之1號,120.922508716698,24.7075725479249
苗栗縣竹南鎮頂埔里11鄰科東五路1號,10005,1000504,1000504-020,11鄰,科東五路,,,,,,1號,120.922449220958,24.707486997051
