FULL_ADDR,COUNTY,TOWN,VILLAGE,NEIGHBORHOOD,ROAD,SECTION,LANE,ALLEY,SUB_ALLEY,TONG,NUMBER,X,Y
苗栗縣銅鑼鄉中平村29鄰孝興街2號,10005,1000510,1000510-007,29鄰,孝興街,,,,,,2號,120.800079748733,24.4886703800419
苗栗縣銅鑼鄉中平村17鄰孝興街3號,10005,1000510,1000510-007,17鄰,孝興街,,,,,,3號,120.801134890485,24.4891474638131
