FULL_ADDR,COUNTY,TOWN,VILLAGE,NEIGHBORHOOD,ROAD,SECTION,LANE,ALLEY,SUB_ALLEY,TONG,NUMBER,X,Y
彰化縣鹿港鎮興化里15鄰興化街1號,10007,1000702,1000702-016,15鄰,興化街,,,,,,1號,120.43552622564,24.0510987591547
彰化縣鹿港鎮興化里15鄰興化街19號,10007,1000702,1000702-016,15鄰,興化街,,,,,,19號,120.435300596355,24.0517001761857
