FULL_ADDR,COUNTY,TOWN,VILLAGE,NEIGHBORHOOD,ROAD,SECTION,LANE,ALLEY,SUB_ALLEY,TONG,NUMBER,X,Y
彰化縣埔鹽鄉大有村5鄰大忠二路臨7號,10007,1000714,1000714-013,5鄰,大忠二路,,,,,,臨7號,120.450209263264,24.0162291896024
彰化縣埔鹽鄉新興村7鄰大忠二路臨235號,10007,1000714,1000714-014,7鄰,大忠二路,,,,,,臨235號,120.443201792053,24.0169237941238
彰化縣埔鹽鄉新興村7鄰大忠二路155號,10007,1000714,1000714-014,7鄰,大忠二路,,,,,,155號,120.445691870432,24.0166040651745
彰化縣埔鹽鄉新興村7鄰大忠二路156號,10007,1000714,1000714-014,7鄰,大忠二路,,,,,,156號,120.445751475712,24.0168614886566
彰化縣埔鹽鄉新興村7鄰大忠二路158號,10007,1000714,1000714-014,7鄰,大忠二路,,,,,,158號,120.445701144722,24.0168895772762
