FULL_ADDR,COUNTY,TOWN,VILLAGE,NEIGHBORHOOD,ROAD,SECTION,LANE,ALLEY,SUB_ALLEY,TONG,NUMBER,X,Y
新竹縣峨眉鄉湖光村8鄰快樂路1I-,10004,1000411,1000411-006,8鄰,快樂路,,,,,,1I-,120.985490069953,24.6819538043379
新竹縣峨眉鄉湖光村8鄰快樂路2I-,10004,1000411,1000411-006,8鄰,快樂路,,,,,,2I-,120.98645426986,24.6805475735723
新竹縣峨眉鄉湖光村8鄰快樂路3I-,10004,1000411,1000411-006,8鄰,快樂路,,,,,,3I-,120.988355997192,24.6812178482301
新竹縣峨眉鄉湖光村8鄰快樂路5I-,10004,1000411,1000411-006,8鄰,快樂路,,,,,,5I-,120.990060219146,24.6805512864665
新竹縣峨眉鄉湖光村8鄰快樂路7I-,10004,1000411,1000411-006,8鄰,快樂路,,,,,,7I-,120.990083283306,24.6812909246685
