FULL_ADDR,COUNTY,TOWN,VILLAGE,NEIGHBORHOOD,ROAD,SECTION,LANE,ALLEY,SUB_ALLEY,TONG,NUMBER,X,Y
苗栗縣竹南鎮天文里17鄰文山街17號,10005,1000504,1000504-024,17鄰,文山街,,,,,,17號,120.870133672035,24.6998969655281
苗栗縣竹南鎮龍山里20鄰文山街2號,10005,1000504,1000504-025,20鄰,文山街,,,,,,2號,120.87043767931,24.6998428753114
苗栗縣竹南鎮龍山里20鄰文山街6號,10005,1000504,1000504-025,20鄰,文山街,,,,,,6號,120.870391386626,24.6998818394571
苗栗縣竹南鎮龍山里20鄰文山街8號,10005,1000504,1000504-025,20鄰,文山街,,,,,,8號,120.87034914715,24.6999196333547
苗栗縣竹南鎮龍山里20鄰文山街10號,10005,1000504,1000504-025,20鄰,文山街,,,,,,10號,120.870306207706,24.6999652816304
