FULL_ADDR,COUNTY,TOWN,VILLAGE,NEIGHBORHOOD,ROAD,SECTION,LANE,ALLEY,SUB_ALLEY,TONG,NUMBER,X,Y
苗栗縣頭份鎮東庄里18鄰東桃路66號,10005,1000505,1000505-014,18鄰,東桃路,,,,,,66號,120.902028042993,24.6896265109526
苗栗縣頭份鎮東庄里18鄰東桃路66之1號,10005,1000505,1000505-014,18鄰,東桃路,,,,,,66之1號,120.902267488946,24.6896257641399
苗栗縣頭份鎮東庄里18鄰東桃路77號,10005,1000505,1000505-014,18鄰,東桃路,,,,,,77號,120.901628894228,24.6895224644833
苗栗縣頭份鎮東庄里18鄰東桃路77之1號,10005,1000505,1000505-014,18鄰,東桃路,,,,,,77之1號,120.9010028071,24.6893870731565
苗栗縣頭份鎮蟠桃里8鄰東桃路100之1號,10005,1000505,1000505-017,8鄰,東桃路,,,,,,100之1號,120.90189508565,24.6901724106192
