FULL_ADDR,COUNTY,TOWN,VILLAGE,NEIGHBORHOOD,ROAD,SECTION,LANE,ALLEY,SUB_ALLEY,TONG,NUMBER,X,Y
彰化縣員林鎮三橋里15鄰橋愛一街1號,10007,1000710,1000710-019,15鄰,橋愛一街,,,,,,1號,120.580699775345,23.971172664411
彰化縣員林鎮三橋里16鄰橋愛一街10號,10007,1000710,1000710-019,16鄰,橋愛一街,,,,,,10號,120.580484626079,23.971339301843
彰化縣員林鎮三橋里16鄰橋愛一街20號,10007,1000710,1000710-019,16鄰,橋愛一街,,,,,,20號,120.580201558222,23.9712382106372
彰化縣員林鎮三橋里5鄰橋愛一街40號,10007,1000710,1000710-019,5鄰,橋愛一街,,,,,,40號,120.579539405051,23.9711010465571
彰化縣員林鎮三橋里5鄰橋愛一街42號,10007,1000710,1000710-019,5鄰,橋愛一街,,,,,,42號,120.579472097986,23.9710997786103
彰化縣員林鎮三橋里5鄰橋愛一街46號,10007,1000710,1000710-019,5鄰,橋愛一街,,,,,,46號,120.579412967903,23.9710920318403
彰化縣員林鎮三橋里5鄰橋愛一街48號,10007,1000710,1000710-019,5鄰,橋愛一街,,,,,,48號,120.579351585093,23.9710820215112
彰化縣員林鎮三橋里5鄰橋愛一街50號,10007,1000710,1000710-019,5鄰,橋愛一街,,,,,,50號,120.579296080226,23.971077535234
彰化縣員林鎮三橋里5鄰橋愛一街52號,10007,1000710,1000710-019,5鄰,橋愛一街,,,,,,52號,120.579229878704,23.9710686854753
