FULL_ADDR,COUNTY,TOWN,VILLAGE,NEIGHBORHOOD,ROAD,SECTION,LANE,ALLEY,SUB_ALLEY,TONG,NUMBER,X,Y
彰化縣線西鄉寓埔村22鄰彰濱西二路6號,10007,1000704,1000704-003,22鄰,彰濱西二路,,,,,,6號,120.429612908739,24.1402086958302
彰化縣線西鄉寓埔村22鄰彰濱西二路8號,10007,1000704,1000704-003,22鄰,彰濱西二路,,,,,,8號,120.428787533895,24.1404002774182
彰化縣線西鄉寓埔村22鄰彰濱西二路12號,10007,1000704,1000704-003,22鄰,彰濱西二路,,,,,,12號,120.428132350074,24.1419024354494
彰化縣線西鄉寓埔村22鄰彰濱西二路18號,10007,1000704,1000704-003,22鄰,彰濱西二路,,,,,,18號,120.426246450785,24.1416596088791
彰化縣線西鄉溝內村11鄰彰濱西二路1號,10007,1000704,1000704-005,11鄰,彰濱西二路,,,,,,1號,120.429114007076,24.1380939280738
彰化縣線西鄉溝內村11鄰彰濱西二路85號,10007,1000704,1000704-005,11鄰,彰濱西二路,,,,,,85號,120.427481535856,24.13983512883
