FULL_ADDR,COUNTY,TOWN,VILLAGE,NEIGHBORHOOD,ROAD,SECTION,LANE,ALLEY,SUB_ALLEY,TONG,NUMBER,X,Y
苗栗縣通霄鎮白東里17鄰啓新路39號,10005,1000503,1000503-022,17鄰,啓新路,,,,,,39號,120.710743978455,24.5628545133606
苗栗縣通霄鎮白東里17鄰啓新路50號,10005,1000503,1000503-022,17鄰,啓新路,,,,,,50號,120.711210732829,24.5629410921393
苗栗縣通霄鎮白東里17鄰啓新路51號,10005,1000503,1000503-022,17鄰,啓新路,,,,,,51號,120.711084614017,24.5630496478599
苗栗縣通霄鎮白東里17鄰啓新路53號,10005,1000503,1000503-022,17鄰,啓新路,,,,,,53號,120.711315279918,24.5631131111546
苗栗縣通霄鎮白東里17鄰啓新路60號,10005,1000503,1000503-022,17鄰,啓新路,,,,,,60號,120.711842032156,24.5632975851768
苗栗縣通霄鎮白東里17鄰啓新路63號,10005,1000503,1000503-022,17鄰,啓新路,,,,,,63號,120.711765584704,24.5631841271157
苗栗縣通霄鎮白東里17鄰啓新路68號,10005,1000503,1000503-022,17鄰,啓新路,,,,,,68號,120.711648223628,24.563046303174
苗栗縣通霄鎮白東里17鄰啓新路73號,10005,1000503,1000503-022,17鄰,啓新路,,,,,,73號,120.711492022275,24.5628841172255
