FULL_ADDR,COUNTY,TOWN,VILLAGE,NEIGHBORHOOD,ROAD,SECTION,LANE,ALLEY,SUB_ALLEY,TONG,NUMBER,X,Y
雲林縣斗六市嘉東里10鄰嘉安六街2號,10009,1000901,1000901-019,10鄰,嘉安六街,,,,,,2號,120.553461917288,23.6826398970523
雲林縣斗六市嘉東里10鄰嘉安六街6號,10009,1000901,1000901-019,10鄰,嘉安六街,,,,,,6號,120.553408179826,23.6826132849084
雲林縣斗六市嘉東里10鄰嘉安六街18號,10009,1000901,1000901-019,10鄰,嘉安六街,,,,,,18號,120.55320884866,23.682489670476
雲林縣斗六市嘉東里10鄰嘉安六街28號,10009,1000901,1000901-019,10鄰,嘉安六街,,,,,,28號,120.553118695578,23.6824258950333
