FULL_ADDR,COUNTY,TOWN,VILLAGE,NEIGHBORHOOD,ROAD,SECTION,LANE,ALLEY,SUB_ALLEY,TONG,NUMBER,X,Y
彰化縣伸港鄉什股村25鄰建國二街93號,10007,1000705,1000705-011,25鄰,建國二街,,,,,,93號,120.485986340292,24.1620667005536
彰化縣伸港鄉什股村25鄰建國二街95號,10007,1000705,1000705-011,25鄰,建國二街,,,,,,95號,120.486002927371,24.1621268905361
彰化縣伸港鄉大同村1鄰建國二街108號,10007,1000705,1000705-012,1鄰,建國二街,,,,,,108號,120.486296266889,24.1622791167253
彰化縣伸港鄉大同村1鄰建國二街118號,10007,1000705,1000705-012,1鄰,建國二街,,,,,,118號,120.486390003493,24.1626601010272
