FULL_ADDR,COUNTY,TOWN,VILLAGE,NEIGHBORHOOD,ROAD,SECTION,LANE,ALLEY,SUB_ALLEY,TONG,NUMBER,X,Y
苗栗縣大湖鄉大湖村6鄰中正路福德巷1號,10005,1000508,1000508-001,6鄰,中正路福德巷,,,,,,1號,120.86729586141,24.422633892109
苗栗縣大湖鄉大湖村6鄰中正路福德巷2號,10005,1000508,1000508-001,6鄰,中正路福德巷,,,,,,2號,120.867314752647,24.4226744491574
苗栗縣大湖鄉大湖村6鄰中正路福德巷3號,10005,1000508,1000508-001,6鄰,中正路福德巷,,,,,,3號,120.867333643896,24.4227150062034
苗栗縣大湖鄉大湖村5鄰中正路福德巷5號,10005,1000508,1000508-001,5鄰,中正路福德巷,,,,,,5號,120.867369529287,24.4228186009876
苗栗縣大湖鄉大湖村5鄰中正路福德巷10號,10005,1000508,1000508-001,5鄰,中正路福德巷,,,,,,10號,120.867561522405,24.4228245477157
