FULL_ADDR,COUNTY,TOWN,VILLAGE,NEIGHBORHOOD,ROAD,SECTION,LANE,ALLEY,SUB_ALLEY,TONG,NUMBER,X,Y
雲林縣斗六市公正里25鄰自治街2號,10009,1000901,1000901-034,25鄰,自治街,,,,,,2號,120.545620768178,23.7055677191594
雲林縣斗六市公正里25鄰自治街4號,10009,1000901,1000901-034,25鄰,自治街,,,,,,4號,120.54564923833,23.7054170062512
雲林縣斗六市公正里25鄰自治街6號,10009,1000901,1000901-034,25鄰,自治街,,,,,,6號,120.545652324039,23.7053754785515
雲林縣斗六市公正里24鄰自治街7號,10009,1000901,1000901-034,24鄰,自治街,,,,,,7號,120.545785933708,23.7053054388272
雲林縣斗六市公正里25鄰自治街8號,10009,1000901,1000901-034,25鄰,自治街,,,,,,8號,120.545654181195,23.7053545711486
雲林縣斗六市公正里25鄰自治街8之1號,10009,1000901,1000901-034,25鄰,自治街,,,,,,8之1號,120.545651670895,23.7053318720675
雲林縣斗六市公正里25鄰自治街10號,10009,1000901,1000901-034,25鄰,自治街,,,,,,10號,120.545651627909,23.7052933059639
雲林縣斗六市公正里25鄰自治街12號,10009,1000901,1000901-034,25鄰,自治街,,,,,,12號,120.545650808287,23.7052468004473
