FULL_ADDR,COUNTY,TOWN,VILLAGE,NEIGHBORHOOD,ROAD,SECTION,LANE,ALLEY,SUB_ALLEY,TONG,NUMBER,X,Y
彰化縣田中鎮三光里1鄰三光路6號,10007,1000712,1000712-021,1鄰,三光路,,,,,,6號,120.570027905144,23.8695227047012
彰化縣田中鎮三光里1鄰三光路8號,10007,1000712,1000712-021,1鄰,三光路,,,,,,8號,120.570022563493,23.8695644063479
彰化縣田中鎮三光里1鄰三光路107號,10007,1000712,1000712-021,1鄰,三光路,,,,,,107號,120.568773770649,23.8713560800452
彰化縣田中鎮三光里1鄰三光路109號,10007,1000712,1000712-021,1鄰,三光路,,,,,,109號,120.568737204998,23.871397603875
