FULL_ADDR,COUNTY,TOWN,VILLAGE,NEIGHBORHOOD,ROAD,SECTION,LANE,ALLEY,SUB_ALLEY,TONG,NUMBER,X,Y
苗栗縣苗栗市高苗里11鄰新光街1號,10005,1000501,1000501-009,11鄰,新光街,,,,,,1號,120.81568493875,24.5514098459292
苗栗縣苗栗市高苗里11鄰新光街3號,10005,1000501,1000501-009,11鄰,新光街,,,,,,3號,120.81563952599,24.5514198576166
苗栗縣苗栗市高苗里11鄰新光街5號,10005,1000501,1000501-009,11鄰,新光街,,,,,,5號,120.815590820656,24.5514403297493
苗栗縣苗栗市高苗里10鄰新光街6號,10005,1000501,1000501-009,10鄰,新光街,,,,,,6號,120.815569314734,24.5516200957783
苗栗縣苗栗市高苗里11鄰新光街7號,10005,1000501,1000501-009,11鄰,新光街,,,,,,7號,120.815549603738,24.5514567119111
