FULL_ADDR,COUNTY,TOWN,VILLAGE,NEIGHBORHOOD,ROAD,SECTION,LANE,ALLEY,SUB_ALLEY,TONG,NUMBER,X,Y
新竹縣新埔鎮旱坑里15鄰義民路─段290I-,10004,1000403,1000403-006,15鄰,義民路─段,,,,,,290I-,121.065175217131,24.8315153182923
新竹縣新埔鎮旱坑里15鄰義民路─段312G-3H-1I-,10004,1000403,1000403-006,15鄰,義民路─段,,312G-,3H-,,,1I-,121.065230421583,24.8320802126242
新竹縣新埔鎮旱坑里15鄰義民路─段312G-3H-8I-,10004,1000403,1000403-006,15鄰,義民路─段,,312G-,3H-,,,8I-,121.065295999661,24.8322390870412
新竹縣新埔鎮旱坑里15鄰義民路─段316I-,10004,1000403,1000403-006,15鄰,義民路─段,,,,,,316I-,121.064929342768,24.8318510176966
新竹縣新埔鎮旱坑里15鄰義民路─段330I-,10004,1000403,1000403-006,15鄰,義民路─段,,,,,,330I-,121.064739213975,24.8320861141486
