FULL_ADDR,COUNTY,TOWN,VILLAGE,NEIGHBORHOOD,ROAD,SECTION,LANE,ALLEY,SUB_ALLEY,TONG,NUMBER,X,Y
彰化縣芳苑鄉新寶村11鄰漁港二路建331號,10007,1000723,1000723-020,11鄰,漁港二路,,,,,,建331號,120.339705993311,23.9767605063156
彰化縣芳苑鄉新寶村11鄰漁港二路臨326號,10007,1000723,1000723-020,11鄰,漁港二路,,,,,,臨326號,120.340239120986,23.9763293978696
彰化縣芳苑鄉新寶村11鄰漁港二路325號,10007,1000723,1000723-020,11鄰,漁港二路,,,,,,325號,120.340099743912,23.9768997871939
彰化縣芳苑鄉新寶村11鄰漁港二路329號,10007,1000723,1000723-020,11鄰,漁港二路,,,,,,329號,120.339886249794,23.9767610922858
彰化縣芳苑鄉王功村15鄰漁港二路建26號,10007,1000723,1000723-015,15鄰,漁港二路,,,,,,建26號,120.3376021046,23.9691124616136
彰化縣芳苑鄉王功村15鄰漁港二路建221號,10007,1000723,1000723-015,15鄰,漁港二路,,,,,,建221號,120.338365917035,23.9723195896598
彰化縣芳苑鄉王功村15鄰漁港二路建251號,10007,1000723,1000723-015,15鄰,漁港二路,,,,,,建251號,120.338930182725,23.9734671954334
彰化縣芳苑鄉王功村15鄰漁港二路226號,10007,1000723,1000723-015,15鄰,漁港二路,,,,,,226號,120.339056810078,23.9728440485641
彰化縣芳苑鄉王功村15鄰漁港二路266號,10007,1000723,1000723-015,15鄰,漁港二路,,,,,,266號,120.339258397232,23.9732833477655
