FULL_ADDR,COUNTY,TOWN,VILLAGE,NEIGHBORHOOD,ROAD,SECTION,LANE,ALLEY,SUB_ALLEY,TONG,NUMBER,X,Y
彰化縣埔心鄉瓦南村1鄰瓦南街27號,10007,1000715,1000715-007,1鄰,瓦南街,,,,,,27號,120.563721925943,23.9499174239312
彰化縣埔心鄉瓦南村1鄰瓦南街28號,10007,1000715,1000715-007,1鄰,瓦南街,,,,,,28號,120.56350743495,23.9500094567106
彰化縣埔心鄉瓦南村1鄰瓦南街29號,10007,1000715,1000715-007,1鄰,瓦南街,,,,,,29號,120.563707421321,23.94987747251
彰化縣埔心鄉瓦南村1鄰瓦南街33號,10007,1000715,1000715-007,1鄰,瓦南街,,,,,,33號,120.563670108002,23.9498128058584
彰化縣埔心鄉瓦南村1鄰瓦南街35號,10007,1000715,1000715-007,1鄰,瓦南街,,,,,,35號,120.563675914323,23.9497515123176
彰化縣埔心鄉瓦南村1鄰瓦南街37號,10007,1000715,1000715-007,1鄰,瓦南街,,,,,,37號,120.563684146446,23.9496992551285
彰化縣埔心鄉瓦南村1鄰瓦南街56號,10007,1000715,1000715-007,1鄰,瓦南街,,,,,,56號,120.56359931898,23.9493604996187
