FULL_ADDR,COUNTY,TOWN,VILLAGE,NEIGHBORHOOD,ROAD,SECTION,LANE,ALLEY,SUB_ALLEY,TONG,NUMBER,X,Y
苗栗縣竹南鎮海口里23鄰南北街230號,10005,1000504,1000504-016,23鄰,南北街,,,,,,230號,120.857845742434,24.6720808475479
苗栗縣竹南鎮海口里23鄰南北街232號,10005,1000504,1000504-016,23鄰,南北街,,,,,,232號,120.857910807182,24.6721770292918
苗栗縣竹南鎮海口里23鄰南北街235號,10005,1000504,1000504-016,23鄰,南北街,,,,,,235號,120.857565359217,24.6721730003366
苗栗縣竹南鎮海口里23鄰南北街236號,10005,1000504,1000504-016,23鄰,南北街,,,,,,236號,120.857872748154,24.6722975001504
苗栗縣竹南鎮海口里23鄰南北街237號,10005,1000504,1000504-016,23鄰,南北街,,,,,,237號,120.857636514803,24.6723175098976
苗栗縣竹南鎮海口里23鄰南北街238號,10005,1000504,1000504-016,23鄰,南北街,,,,,,238號,120.8579775045,24.6723149525092
苗栗縣竹南鎮海口里23鄰南北街239號,10005,1000504,1000504-016,23鄰,南北街,,,,,,239號,120.857664130537,24.6723794553049
苗栗縣竹南鎮海口里23鄰南北街250號,10005,1000504,1000504-016,23鄰,南北街,,,,,,250號,120.858159314235,24.6727318467174
苗栗縣竹南鎮海口里23鄰南北街251號,10005,1000504,1000504-016,23鄰,南北街,,,,,,251號,120.857930942573,24.6727455081003
苗栗縣竹南鎮港墘里9鄰南北街150號,10005,1000504,1000504-017,9鄰,南北街,,,,,,150號,120.854784143818,24.6671865416853
苗栗縣竹南鎮港墘里10鄰南北街199號,10005,1000504,1000504-017,10鄰,南北街,,,,,,199號,120.856008289297,24.6698268548468
