FULL_ADDR,COUNTY,TOWN,VILLAGE,NEIGHBORHOOD,ROAD,SECTION,LANE,ALLEY,SUB_ALLEY,TONG,NUMBER,X,Y
苗栗縣銅鑼鄉九湖村12鄰銅科八路2號,10005,1000510,1000510-005,12鄰,銅科八路,,,,,,2號,120.753061829301,24.4686767245849
苗栗縣銅鑼鄉九湖村12鄰銅科八路5號,10005,1000510,1000510-005,12鄰,銅科八路,,,,,,5號,120.752145891436,24.4672604763619
