FULL_ADDR,COUNTY,TOWN,VILLAGE,NEIGHBORHOOD,ROAD,SECTION,LANE,ALLEY,SUB_ALLEY,TONG,NUMBER,X,Y
新竹縣寶山鄉寶山村11鄰寶山三街1I-,10004,1000410,1000410-008,11鄰,寶山三街,,,,,,1I-,121.018087074913,24.7524694673034
新竹縣寶山鄉寶山村11鄰寶山三街2I-,10004,1000410,1000410-008,11鄰,寶山三街,,,,,,2I-,121.017875022247,24.7512750883466
新竹縣寶山鄉寶山村11鄰寶山三街3I-,10004,1000410,1000410-008,11鄰,寶山三街,,,,,,3I-,121.018047802198,24.752326186858
新竹縣寶山鄉寶山村11鄰寶山三街5I-,10004,1000410,1000410-008,11鄰,寶山三街,,,,,,5I-,121.017993499045,24.7521684623138
新竹縣寶山鄉寶山村11鄰寶山三街11I-,10004,1000410,1000410-008,11鄰,寶山三街,,,,,,11I-,121.01798487785,24.7513467629469
新竹縣寶山鄉寶山村11鄰寶山三街13I-,10004,1000410,1000410-008,11鄰,寶山三街,,,,,,13I-,121.018007209944,24.7512587306046
新竹縣寶山鄉寶山村11鄰寶山三街15I-,10004,1000410,1000410-008,11鄰,寶山三街,,,,,,15I-,121.01801104932,24.7511437047186
新竹縣寶山鄉寶山村11鄰寶山三街17I-,10004,1000410,1000410-008,11鄰,寶山三街,,,,,,17I-,121.018154074609,24.7508656942962
