FULL_ADDR,COUNTY,TOWN,VILLAGE,NEIGHBORHOOD,ROAD,SECTION,LANE,ALLEY,SUB_ALLEY,TONG,NUMBER,X,Y
新竹縣竹東鎮商華里13鄰環山路2I-,10004,1000402,1000402-009,13鄰,環山路,,,,,,2I-,121.083972395762,24.7334518473669
新竹縣竹東鎮商華里13鄰環山路3I-,10004,1000402,1000402-009,13鄰,環山路,,,,,,3I-,121.082940320559,24.7328352199534
