FULL_ADDR,COUNTY,TOWN,VILLAGE,NEIGHBORHOOD,ROAD,SECTION,LANE,ALLEY,SUB_ALLEY,TONG,NUMBER,X,Y
花蓮縣瑞穗鄉瑞祥村14鄰文心街221之1號,10015,1001509,1001509-004,14鄰,文心街,,,,,,221之1號,121.370298802024,23.4918396381604
花蓮縣瑞穗鄉瑞祥村14鄰文心街229號,10015,1001509,1001509-004,14鄰,文心街,,,,,,229號,121.370050529758,23.4915654436991
花蓮縣瑞穗鄉瑞祥村13鄰文心街281號,10015,1001509,1001509-004,13鄰,文心街,,,,,,281號,121.368980348287,23.4923145851581
