FULL_ADDR,COUNTY,TOWN,VILLAGE,NEIGHBORHOOD,ROAD,SECTION,LANE,ALLEY,SUB_ALLEY,TONG,NUMBER,X,Y
嘉義縣水上鄉水上村18鄰龍德街2號,10010,1001012,1001012-001,18鄰,龍德街,,,,,,2號,120.393696635012,23.4269732352948
嘉義縣水上鄉水上村18鄰龍德街28號,10010,1001012,1001012-001,18鄰,龍德街,,,,,,28號,120.393040670929,23.4270452741393
嘉義縣水上鄉水上村18鄰龍德街30號,10010,1001012,1001012-001,18鄰,龍德街,,,,,,30號,120.392993659224,23.4270542116114
