FULL_ADDR,COUNTY,TOWN,VILLAGE,NEIGHBORHOOD,ROAD,SECTION,LANE,ALLEY,SUB_ALLEY,TONG,NUMBER,X,Y
花蓮縣鳳林鎮北林里7鄰大華路12號,10015,1001502,1001502-008,7鄰,大華路,,,,,,12號,121.468075961049,23.7659308124838
花蓮縣鳳林鎮北林里8鄰大華路14號,10015,1001502,1001502-008,8鄰,大華路,,,,,,14號,121.466993599741,23.7661646695665
花蓮縣鳳林鎮北林里8鄰大華路15之2號,10015,1001502,1001502-008,8鄰,大華路,,,,,,15之2號,121.467209383073,23.765928713445
花蓮縣鳳林鎮北林里8鄰大華路15號,10015,1001502,1001502-008,8鄰,大華路,,,,,,15號,121.466861628022,23.7659489077233
花蓮縣鳳林鎮北林里8鄰大華路15號之1,10015,1001502,1001502-008,8鄰,大華路,,,,,,15號之1,121.467017996421,23.7659658712988
花蓮縣鳳林鎮北林里8鄰大華路16號,10015,1001502,1001502-008,8鄰,大華路,,,,,,16號,121.466869388154,23.7661907885626
花蓮縣鳳林鎮北林里8鄰大華路17號,10015,1001502,1001502-008,8鄰,大華路,,,,,,17號,121.466396000438,23.7659983159192
花蓮縣鳳林鎮北林里8鄰大華路18號,10015,1001502,1001502-008,8鄰,大華路,,,,,,18號,121.466548210993,23.7663377683797
花蓮縣鳳林鎮北林里8鄰大華路19號,10015,1001502,1001502-008,8鄰,大華路,,,,,,19號,121.466316558757,23.7657746294793
