FULL_ADDR,COUNTY,TOWN,VILLAGE,NEIGHBORHOOD,ROAD,SECTION,LANE,ALLEY,SUB_ALLEY,TONG,NUMBER,X,Y
花蓮縣鳳林鎮長橋里14鄰長二路68號,10015,1001502,1001502-011,14鄰,長二路,,,,,,68號,121.428063397801,23.710072040905
花蓮縣鳳林鎮長橋里14鄰長二路121號,10015,1001502,1001502-011,14鄰,長二路,,,,,,121號,121.433197794972,23.7099368897817
