FULL_ADDR,COUNTY,TOWN,VILLAGE,NEIGHBORHOOD,ROAD,SECTION,LANE,ALLEY,SUB_ALLEY,TONG,NUMBER,X,Y
花蓮縣花蓮市民享里6鄰華國街1號,10015,1001501,1001501-033,6鄰,華國街,,,,,,1號,121.621719776557,24.0038274974694
花蓮縣花蓮市民享里7鄰華國街3之1號,10015,1001501,1001501-033,7鄰,華國街,,,,,,3之1號,121.622183553828,24.003962228045
花蓮縣花蓮市民享里7鄰華國街3號,10015,1001501,1001501-033,7鄰,華國街,,,,,,3號,121.621832009703,24.0038661387947
花蓮縣花蓮市民享里6鄰華國街22號,10015,1001501,1001501-033,6鄰,華國街,,,,,,22號,121.622181491046,24.0037110887985
花蓮縣花蓮市民享里6鄰華國街26號,10015,1001501,1001501-033,6鄰,華國街,,,,,,26號,121.622224820242,24.003724231043
花蓮縣花蓮市民享里6鄰華國街28號,10015,1001501,1001501-033,6鄰,華國街,,,,,,28號,121.622269399536,24.0037377564573
花蓮縣花蓮市民享里6鄰華國街30號,10015,1001501,1001501-033,6鄰,華國街,,,,,,30號,121.622312098812,24.0037507116199
