FULL_ADDR,COUNTY,TOWN,VILLAGE,NEIGHBORHOOD,ROAD,SECTION,LANE,ALLEY,SUB_ALLEY,TONG,NUMBER,X,Y
嘉義縣大埔鄉大埔村15鄰大埔路201號之2,10010,1001017,1001017-001,15鄰,大埔路,,,,,,201號之2,120.587456743252,23.2971983177404
嘉義縣大埔鄉大埔村10鄰大埔路203號附1,10010,1001017,1001017-001,10鄰,大埔路,,,,,,203號附1,120.595378764938,23.3006252523315
嘉義縣大埔鄉大埔村13鄰大埔路278號附1,10010,1001017,1001017-001,13鄰,大埔路,,,,,,278號附1,120.591756644675,23.2991862882084
