FULL_ADDR,COUNTY,TOWN,VILLAGE,NEIGHBORHOOD,ROAD,SECTION,LANE,ALLEY,SUB_ALLEY,TONG,NUMBER,X,Y
屏東縣新園鄉五房村13鄰環堤路一段108之1號,10013,1001317,1001317-013,13鄰,環堤路,一段,,,,,108之1號,120.436689032651,22.497154276467
屏東縣新園鄉五房村7鄰環堤路一段200號,10013,1001317,1001317-013,7鄰,環堤路,一段,,,,,200號,120.435714775196,22.502097321848
屏東縣新園鄉五房村1鄰環堤路一段840號,10013,1001317,1001317-013,1鄰,環堤路,一段,,,,,840號,120.433905496449,22.5087667670684
屏東縣新園鄉新園村11鄰環堤路二段236之3號,10013,1001317,1001317-007,11鄰,環堤路,二段,,,,,236之3號,120.433723848136,22.5252502659496
屏東縣新園鄉新園村11鄰環堤路二段240號,10013,1001317,1001317-007,11鄰,環堤路,二段,,,,,240號,120.433731464087,22.5258382985136
屏東縣新園鄉新園村11鄰環堤路二段350之2號,10013,1001317,1001317-007,11鄰,環堤路,二段,,,,,350之2號,120.434802799139,22.5258653633915
屏東縣新園鄉新園村11鄰環堤路二段350之10號,10013,1001317,1001317-007,11鄰,環堤路,二段,,,,,350之10號,120.434860434228,22.5248641224753
屏東縣新園鄉新東村2鄰環堤路三段666號,10013,1001317,1001317-006,2鄰,環堤路,三段,,,,,666號,120.448142124927,22.5391499595305
