FULL_ADDR,COUNTY,TOWN,VILLAGE,NEIGHBORHOOD,ROAD,SECTION,LANE,ALLEY,SUB_ALLEY,TONG,NUMBER,X,Y
屏東縣屏東市大武里23鄰武進街26號,10013,1001301,1001301-053,23鄰,武進街,,,,,,26號,120.480172000369,22.6610947401134
屏東縣屏東市大武里23鄰武進街32號,10013,1001301,1001301-053,23鄰,武進街,,,,,,32號,120.48003317168,22.6610620494927
