FULL_ADDR,COUNTY,TOWN,VILLAGE,NEIGHBORHOOD,ROAD,SECTION,LANE,ALLEY,SUB_ALLEY,TONG,NUMBER,X,Y
屏東縣佳冬鄉佳冬村1鄰永發街1號,10013,1001321,1001321-001,1鄰,永發街,,,,,,1號,120.571402873397,22.4134631297446
屏東縣佳冬鄉佳冬村1鄰永發街1之1號,10013,1001321,1001321-001,1鄰,永發街,,,,,,1之1號,120.57149506545,22.4132688417631
屏東縣佳冬鄉佳冬村1鄰永發街5號,10013,1001321,1001321-001,1鄰,永發街,,,,,,5號,120.570803039612,22.4132861516407
屏東縣佳冬鄉佳冬村1鄰永發街5之1號,10013,1001321,1001321-001,1鄰,永發街,,,,,,5之1號,120.570784306238,22.4133134664804
屏東縣佳冬鄉佳冬村1鄰永發街5之2號,10013,1001321,1001321-001,1鄰,永發街,,,,,,5之2號,120.570821888903,22.4131894773519
屏東縣佳冬鄉佳冬村1鄰永發街5之3號,10013,1001321,1001321-001,1鄰,永發街,,,,,,5之3號,120.570996217183,22.4132291356801
