FULL_ADDR,COUNTY,TOWN,VILLAGE,NEIGHBORHOOD,ROAD,SECTION,LANE,ALLEY,SUB_ALLEY,TONG,NUMBER,X,Y
花蓮縣吉安鄉永興村9鄰永興一街5號,10015,1001505,1001505-010,9鄰,永興一街,,,,,,5號,121.569856652882,23.9445821531175
花蓮縣吉安鄉永興村9鄰永興一街7號,10015,1001505,1001505-010,9鄰,永興一街,,,,,,7號,121.569939204157,23.9448880408293
花蓮縣吉安鄉永興村9鄰永興一街9號,10015,1001505,1001505-010,9鄰,永興一街,,,,,,9號,121.570094557269,23.9451186154259
花蓮縣吉安鄉永興村9鄰永興一街15巷1號,10015,1001505,1001505-010,9鄰,永興一街,,15巷,,,,1號,121.570111739919,23.9453846463234
花蓮縣吉安鄉永興村9鄰永興一街30號,10015,1001505,1001505-010,9鄰,永興一街,,,,,,30號,121.570750799251,23.9453589772264
花蓮縣吉安鄉永興村9鄰永興一街55號,10015,1001505,1001505-010,9鄰,永興一街,,,,,,55號,121.571152291441,23.9467136914606
花蓮縣吉安鄉稻香村31鄰永興一街158號,10015,1001505,1001505-011,31鄰,永興一街,,,,,,158號,121.573317770822,23.949175417143
花蓮縣吉安鄉稻香村31鄰永興一街160號,10015,1001505,1001505-011,31鄰,永興一街,,,,,,160號,121.573539027296,23.9493100309917
花蓮縣吉安鄉稻香村24鄰永興一街201號,10015,1001505,1001505-011,24鄰,永興一街,,,,,,201號,121.574453902098,23.9516402419624
