FULL_ADDR,COUNTY,TOWN,VILLAGE,NEIGHBORHOOD,ROAD,SECTION,LANE,ALLEY,SUB_ALLEY,TONG,NUMBER,X,Y
花蓮縣吉安鄉干城村7鄰城中一街27號,10015,1001505,1001505-009,7鄰,城中一街,,,,,,27號,121.552494657953,23.9320145033539
花蓮縣吉安鄉干城村8鄰城中一街131之1號,10015,1001505,1001505-009,8鄰,城中一街,,,,,,131之1號,121.54620000208,23.9362770230399
花蓮縣吉安鄉干城村7鄰城中一街138號,10015,1001505,1001505-009,7鄰,城中一街,,,,,,138號,121.545458685402,23.9367395228584
花蓮縣吉安鄉干城村8鄰城中一街200號,10015,1001505,1001505-009,8鄰,城中一街,,,,,,200號,121.54253107926,23.9380278168753
