FULL_ADDR,COUNTY,TOWN,VILLAGE,NEIGHBORHOOD,ROAD,SECTION,LANE,ALLEY,SUB_ALLEY,TONG,NUMBER,X,Y
花蓮縣瑞穗鄉瑞祥村14鄰南元路310號,10015,1001509,1001509-004,14鄰,南元路,,,,,,310號,121.370373172747,23.4944191363534
花蓮縣瑞穗鄉瑞祥村14鄰南元路357號,10015,1001509,1001509-004,14鄰,南元路,,,,,,357號,121.369133613513,23.4892984402693
花蓮縣瑞穗鄉瑞祥村14鄰南元路359號,10015,1001509,1001509-004,14鄰,南元路,,,,,,359號,121.369283836569,23.4892909235715
花蓮縣瑞穗鄉瑞祥村15鄰南元路360號,10015,1001509,1001509-004,15鄰,南元路,,,,,,360號,121.369347791385,23.489004068062
