FULL_ADDR,COUNTY,TOWN,VILLAGE,NEIGHBORHOOD,ROAD,SECTION,LANE,ALLEY,SUB_ALLEY,TONG,NUMBER,X,Y
屏東縣屏東市大洲里4鄰清心路96號,10013,1001301,1001301-051,4鄰,清心路,,,,,,96號,120.461069635529,22.6397818573672
屏東縣屏東市大洲里4鄰清心路116號,10013,1001301,1001301-051,4鄰,清心路,,,,,,116號,120.461113920052,22.6402263245971
屏東縣屏東市大洲里4鄰清心路132號,10013,1001301,1001301-051,4鄰,清心路,,,,,,132號,120.461128073597,22.6406384503607
屏東縣屏東市大洲里2鄰清心路143巷22號,10013,1001301,1001301-051,2鄰,清心路,,143巷,,,,22號,120.460203847607,22.6420737768421
屏東縣屏東市大洲里2鄰清心路161號,10013,1001301,1001301-051,2鄰,清心路,,,,,,161號,120.460894909146,22.6420240842007
