FULL_ADDR,COUNTY,TOWN,VILLAGE,NEIGHBORHOOD,ROAD,SECTION,LANE,ALLEY,SUB_ALLEY,TONG,NUMBER,X,Y
花蓮縣吉安鄉光華村5鄰華城一街21號,10015,1001505,1001505-018,5鄰,華城一街,,,,,,21號,121.570371238982,23.9226112014725
花蓮縣吉安鄉光華村4鄰華城一街196號,10015,1001505,1001505-018,4鄰,華城一街,,,,,,196號,121.566076322563,23.9243304699596
