FULL_ADDR,COUNTY,TOWN,VILLAGE,NEIGHBORHOOD,ROAD,SECTION,LANE,ALLEY,SUB_ALLEY,TONG,NUMBER,X,Y
屏東縣竹田鄉西勢村28鄰過溝二路70號,10013,1001314,1001314-009,28鄰,過溝二路,,,,,,70號,120.516148765042,22.6173289016178
屏東縣竹田鄉西勢村14鄰過溝二路95號,10013,1001314,1001314-009,14鄰,過溝二路,,,,,,95號,120.516294689025,22.6190778220296
屏東縣竹田鄉西勢村14鄰過溝二路99號,10013,1001314,1001314-009,14鄰,過溝二路,,,,,,99號,120.516408217967,22.6194372343893
屏東縣竹田鄉西勢村14鄰過溝二路100號,10013,1001314,1001314-009,14鄰,過溝二路,,,,,,100號,120.517154639742,22.6194033584431
屏東縣竹田鄉西勢村14鄰過溝二路110號,10013,1001314,1001314-009,14鄰,過溝二路,,,,,,110號,120.516819365369,22.6198104573865
屏東縣竹田鄉西勢村14鄰過溝二路112號,10013,1001314,1001314-009,14鄰,過溝二路,,,,,,112號,120.516928461705,22.6201026658364
屏東縣竹田鄉西勢村14鄰過溝二路116號,10013,1001314,1001314-009,14鄰,過溝二路,,,,,,116號,120.517116335608,22.6202883656023
屏東縣竹田鄉西勢村14鄰過溝二路122號,10013,1001314,1001314-009,14鄰,過溝二路,,,,,,122號,120.517250073202,22.6209344801791
