FULL_ADDR,COUNTY,TOWN,VILLAGE,NEIGHBORHOOD,ROAD,SECTION,LANE,ALLEY,SUB_ALLEY,TONG,NUMBER,X,Y
臺東縣達仁鄉森永村2鄰森永路21號,10014,1001415,1001415-005,2鄰,森永路,,,,,,21號,120.864687369625,22.2793165226892
臺東縣達仁鄉森永村2鄰森永路22號,10014,1001415,1001415-005,2鄰,森永路,,,,,,22號,120.864681963091,22.2793884994786
臺東縣達仁鄉森永村2鄰森永路29號,10014,1001415,1001415-005,2鄰,森永路,,,,,,29號,120.864806757485,22.2793896872093
臺東縣達仁鄉森永村2鄰森永路30號,10014,1001415,1001415-005,2鄰,森永路,,,,,,30號,120.864782554719,22.2794306702037
臺東縣達仁鄉森永村4鄰森永路54之1號,10014,1001415,1001415-005,4鄰,森永路,,,,,,54之1號,120.865132573239,22.2814658550887
臺東縣達仁鄉森永村7鄰森永路170號,10014,1001415,1001415-005,7鄰,森永路,,,,,,170號,120.86302980098,22.2816098637234
臺東縣達仁鄉森永村8鄰森永路175號,10014,1001415,1001415-005,8鄰,森永路,,,,,,175號,120.866194761607,22.2830430966555
