FULL_ADDR,COUNTY,TOWN,VILLAGE,NEIGHBORHOOD,ROAD,SECTION,LANE,ALLEY,SUB_ALLEY,TONG,NUMBER,X,Y
屏東縣恆春鎮大光里13鄰漁港街36號,10013,1001304,1001304-013,13鄰,漁港街,,,,,,36號,120.741210980579,21.9445999559631
屏東縣恆春鎮大光里13鄰漁港街38號,10013,1001304,1001304-013,13鄰,漁港街,,,,,,38號,120.741516143949,21.9447546099324
屏東縣恆春鎮大光里13鄰漁港街60號,10013,1001304,1001304-013,13鄰,漁港街,,,,,,60號,120.741717497809,21.9458356777732
屏東縣恆春鎮大光里13鄰漁港街61號,10013,1001304,1001304-013,13鄰,漁港街,,,,,,61號,120.740427735486,21.9458986748807
屏東縣恆春鎮大光里13鄰漁港街65號,10013,1001304,1001304-013,13鄰,漁港街,,,,,,65號,120.74006848896,21.9462565811191
屏東縣恆春鎮大光里13鄰漁港街66號,10013,1001304,1001304-013,13鄰,漁港街,,,,,,66號,120.740975796228,21.9461652566824
屏東縣恆春鎮大光里13鄰漁港街73號,10013,1001304,1001304-013,13鄰,漁港街,,,,,,73號,120.739749741137,21.9463838772784
屏東縣恆春鎮大光里12鄰漁港街80號,10013,1001304,1001304-013,12鄰,漁港街,,,,,,80號,120.739455653128,21.9466323289971
屏東縣恆春鎮大光里13鄰漁港街99號,10013,1001304,1001304-013,13鄰,漁港街,,,,,,99號,120.737324785633,21.9464206622304
