FULL_ADDR,COUNTY,TOWN,VILLAGE,NEIGHBORHOOD,ROAD,SECTION,LANE,ALLEY,SUB_ALLEY,TONG,NUMBER,X,Y
屏東縣高樹鄉菜寮村2鄰圓環路1號,10013,1001311,1001311-008,2鄰,圓環路,,,,,,1號,120.606394906625,22.8515468733772
屏東縣高樹鄉菜寮村2鄰圓環路2號,10013,1001311,1001311-008,2鄰,圓環路,,,,,,2號,120.606209721975,22.8515289860349
屏東縣高樹鄉菜寮村2鄰圓環路3號,10013,1001311,1001311-008,2鄰,圓環路,,,,,,3號,120.605826909731,22.8515506155007
屏東縣高樹鄉菜寮村2鄰圓環路4號,10013,1001311,1001311-008,2鄰,圓環路,,,,,,4號,120.605679738602,22.8513936577234
屏東縣高樹鄉菜寮村2鄰圓環路5號,10013,1001311,1001311-008,2鄰,圓環路,,,,,,5號,120.605707507234,22.8511240681416
屏東縣高樹鄉菜寮村2鄰圓環路5之1號,10013,1001311,1001311-008,2鄰,圓環路,,,,,,5之1號,120.605176450906,22.8511248289984
屏東縣高樹鄉菜寮村2鄰圓環路5號之1,10013,1001311,1001311-008,2鄰,圓環路,,,,,,5號之1,120.605176450906,22.8511248289984
屏東縣高樹鄉菜寮村1鄰圓環路6號,10013,1001311,1001311-008,1鄰,圓環路,,,,,,6號,120.6062222384,22.8509723611953
