FULL_ADDR,COUNTY,TOWN,VILLAGE,NEIGHBORHOOD,ROAD,SECTION,LANE,ALLEY,SUB_ALLEY,TONG,NUMBER,X,Y
屏東縣鹽埔鄉振興村21鄰建成街1之2號,10013,1001310,1001310-007,21鄰,建成街,,,,,,1之2號,120.606807903979,22.726303873836
屏東縣鹽埔鄉振興村21鄰建成街2之1號,10013,1001310,1001310-007,21鄰,建成街,,,,,,2之1號,120.605014020797,22.7257844198743
屏東縣鹽埔鄉振興村21鄰建成街3號,10013,1001310,1001310-007,21鄰,建成街,,,,,,3號,120.606631472731,22.7257690816261
屏東縣鹽埔鄉振興村21鄰建成街3之1號,10013,1001310,1001310-007,21鄰,建成街,,,,,,3之1號,120.606260490913,22.7256915863969
屏東縣鹽埔鄉振興村21鄰建成街4號,10013,1001310,1001310-007,21鄰,建成街,,,,,,4號,120.606161101292,22.7255531688601
屏東縣鹽埔鄉振興村21鄰建成街5號,10013,1001310,1001310-007,21鄰,建成街,,,,,,5號,120.60632146881,22.7259173283768
屏東縣鹽埔鄉振興村21鄰建成街8號,10013,1001310,1001310-007,21鄰,建成街,,,,,,8號,120.606530788708,22.7260831090938
屏東縣鹽埔鄉振興村21鄰建成街12號,10013,1001310,1001310-007,21鄰,建成街,,,,,,12號,120.606388190596,22.7261771309528
