FULL_ADDR,COUNTY,TOWN,VILLAGE,NEIGHBORHOOD,ROAD,SECTION,LANE,ALLEY,SUB_ALLEY,TONG,NUMBER,X,Y
屏東縣屏東市橋南里5鄰民有二路166號,10013,1001301,1001301-020,5鄰,民有二路,,,,,,166號,120.493555678346,22.6667378233665
屏東縣屏東市橋南里5鄰民有二路168號,10013,1001301,1001301-020,5鄰,民有二路,,,,,,168號,120.493529901133,22.6667616736651
屏東縣屏東市橋南里5鄰民有二路170號,10013,1001301,1001301-020,5鄰,民有二路,,,,,,170號,120.493502739716,22.6667914799538
