FULL_ADDR,COUNTY,TOWN,VILLAGE,NEIGHBORHOOD,ROAD,SECTION,LANE,ALLEY,SUB_ALLEY,TONG,NUMBER,X,Y
花蓮縣秀林鄉和平村8鄰和工二路7號,10015,1001511,1001511-009,8鄰,和工二路,,,,,,7號,121.761811696574,24.3096969717078
花蓮縣秀林鄉和平村8鄰和工二路9號,10015,1001511,1001511-009,8鄰,和工二路,,,,,,9號,121.761049335932,24.3099964834899
花蓮縣秀林鄉和平村1鄰和工二路47號,10015,1001511,1001511-009,1鄰,和工二路,,,,,,47號,121.749658054281,24.3146222049223
花蓮縣秀林鄉和平村1鄰和工二路49號,10015,1001511,1001511-009,1鄰,和工二路,,,,,,49號,121.750068529749,24.3145428921726
花蓮縣秀林鄉和平村1鄰和工二路51號,10015,1001511,1001511-009,1鄰,和工二路,,,,,,51號,121.749306713138,24.3149900526146
花蓮縣秀林鄉和平村1鄰和工二路63號,10015,1001511,1001511-009,1鄰,和工二路,,,,,,63號,121.747750994661,24.315741686358
花蓮縣秀林鄉和平村1鄰和工二路65號,10015,1001511,1001511-009,1鄰,和工二路,,,,,,65號,121.747768975425,24.3154980939525
花蓮縣秀林鄉和平村1鄰和工二路67號,10015,1001511,1001511-009,1鄰,和工二路,,,,,,67號,121.74693566728,24.3159371980971
花蓮縣秀林鄉和平村1鄰和工二路71號,10015,1001511,1001511-009,1鄰,和工二路,,,,,,71號,121.745266197496,24.3167684577121
