FULL_ADDR,COUNTY,TOWN,VILLAGE,NEIGHBORHOOD,ROAD,SECTION,LANE,ALLEY,SUB_ALLEY,TONG,NUMBER,X,Y
屏東縣屏東市金泉里2鄰萬全街13號,10013,1001301,1001301-018,2鄰,萬全街,,,,,,13號,120.49155556232,22.6668488890136
屏東縣屏東市金泉里2鄰萬全街15號,10013,1001301,1001301-018,2鄰,萬全街,,,,,,15號,120.491519597664,22.666864488564
屏東縣屏東市金泉里2鄰萬全街17號,10013,1001301,1001301-018,2鄰,萬全街,,,,,,17號,120.491485493838,22.6668768429025
屏東縣屏東市金泉里2鄰萬全街19號,10013,1001301,1001301-018,2鄰,萬全街,,,,,,19號,120.491446907502,22.6668908988676
屏東縣屏東市金泉里2鄰萬全街21號,10013,1001301,1001301-018,2鄰,萬全街,,,,,,21號,120.491412794676,22.6669056914947
屏東縣屏東市金泉里4鄰萬全街54號,10013,1001301,1001301-018,4鄰,萬全街,,,,,,54號,120.490080611717,22.6674105262339
屏東縣屏東市金泉里4鄰萬全街56號,10013,1001301,1001301-018,4鄰,萬全街,,,,,,56號,120.490036987899,22.6673920547208
屏東縣屏東市金泉里4鄰萬全街58號,10013,1001301,1001301-018,4鄰,萬全街,,,,,,58號,120.489998698375,22.6673783865346
屏東縣屏東市金泉里4鄰萬全街60號,10013,1001301,1001301-018,4鄰,萬全街,,,,,,60號,120.489958669655,22.6673613713835
