FULL_ADDR,COUNTY,TOWN,VILLAGE,NEIGHBORHOOD,ROAD,SECTION,LANE,ALLEY,SUB_ALLEY,TONG,NUMBER,X,Y
花蓮縣瑞穗鄉富源村14鄰廣東路一街36之1號,10015,1001509,1001509-009,14鄰,廣東路一街,,,,,,36之1號,121.365422178075,23.5824901942321
花蓮縣瑞穗鄉富源村14鄰廣東路一街36號,10015,1001509,1001509-009,14鄰,廣東路一街,,,,,,36號,121.365811137695,23.5825098130968
花蓮縣瑞穗鄉富源村14鄰廣東路一街37號,10015,1001509,1001509-009,14鄰,廣東路一街,,,,,,37號,121.363695997126,23.5823344683832
花蓮縣瑞穗鄉富源村14鄰廣東路一街50號,10015,1001509,1001509-009,14鄰,廣東路一街,,,,,,50號,121.365585866183,23.5821166830029
花蓮縣瑞穗鄉富源村14鄰廣東路一街50之1號,10015,1001509,1001509-009,14鄰,廣東路一街,,,,,,50之1號,121.365736155121,23.5820948290453
花蓮縣瑞穗鄉富源村14鄰廣東路一街54號,10015,1001509,1001509-009,14鄰,廣東路一街,,,,,,54號,121.365850910594,23.5818649274954
花蓮縣瑞穗鄉富源村11鄰廣東路一街84之10號,10015,1001509,1001509-009,11鄰,廣東路一街,,,,,,84之10號,121.367334819187,23.5813232692444
花蓮縣瑞穗鄉富源村12鄰廣東路一街84號,10015,1001509,1001509-009,12鄰,廣東路一街,,,,,,84號,121.366545603726,23.5818637598754
