FULL_ADDR,COUNTY,TOWN,VILLAGE,NEIGHBORHOOD,ROAD,SECTION,LANE,ALLEY,SUB_ALLEY,TONG,NUMBER,X,Y
嘉義縣東石鄉東石村26鄰黎明七路76號,10010,1001009,1001009-001,26鄰,黎明七路,,,,,,76號,120.140494500084,23.4527463032562
嘉義縣東石鄉東石村26鄰黎明七路88號,10010,1001009,1001009-001,26鄰,黎明七路,,,,,,88號,120.140383533505,23.4529852450474
嘉義縣東石鄉東石村26鄰黎明七路102號,10010,1001009,1001009-001,26鄰,黎明七路,,,,,,102號,120.140071460252,23.4535083209176
