FULL_ADDR,COUNTY,TOWN,VILLAGE,NEIGHBORHOOD,ROAD,SECTION,LANE,ALLEY,SUB_ALLEY,TONG,NUMBER,X,Y
屏東縣新園鄉瓦■村1鄰環東路50號,10013,1001317,1001317-000,1鄰,環東路,,,,,,50號,120.476587037891,22.5542590999629
屏東縣新園鄉瓦?村1鄰環東路19號,10013,1001317,1001317-000,1鄰,環東路,,,,,,19號,120.479386804496,22.5518421962707
屏東縣新園鄉瓦?村1鄰環東路21號,10013,1001317,1001317-000,1鄰,環東路,,,,,,21號,120.479428766297,22.5519826735029
屏東縣新園鄉瓦?村1鄰環東路60之10號,10013,1001317,1001317-000,1鄰,環東路,,,,,,60之10號,120.476974761865,22.5558918066152
屏東縣新園鄉瓦?村1鄰環東路60號,10013,1001317,1001317-000,1鄰,環東路,,,,,,60號,120.476364898586,22.5552554865045
