FULL_ADDR,COUNTY,TOWN,VILLAGE,NEIGHBORHOOD,ROAD,SECTION,LANE,ALLEY,SUB_ALLEY,TONG,NUMBER,X,Y
花蓮縣花蓮市國興里21鄰濟慈路668號,10015,1001501,1001501-044,21鄰,濟慈路,,,,,,668號,121.575894034693,24.0027277600377
花蓮縣花蓮市國興里21鄰濟慈路670號,10015,1001501,1001501-044,21鄰,濟慈路,,,,,,670號,121.575991780428,24.0025399452529
花蓮縣花蓮市國興里26鄰濟慈路766號,10015,1001501,1001501-044,26鄰,濟慈路,,,,,,766號,121.562475339805,23.9981463660687
花蓮縣花蓮市國興里26鄰濟慈路768號,10015,1001501,1001501-044,26鄰,濟慈路,,,,,,768號,121.562310775847,23.9981151865367
花蓮縣花蓮市國興里26鄰濟慈路800之1號,10015,1001501,1001501-044,26鄰,濟慈路,,,,,,800之1號,121.561289486,23.9977921583387
