FULL_ADDR,COUNTY,TOWN,VILLAGE,NEIGHBORHOOD,ROAD,SECTION,LANE,ALLEY,SUB_ALLEY,TONG,NUMBER,X,Y
新竹市北區金雅里5鄰金雅五街10號,10018,1001802,1001802-043,5鄰,金雅五街,,,,,,10號,120.965796570881,24.8245745911585
新竹市北區金雅里5鄰金雅五街12號,10018,1001802,1001802-043,5鄰,金雅五街,,,,,,12號,120.965764407997,24.8246147610416
新竹市北區金雅里5鄰金雅五街16號,10018,1001802,1001802-043,5鄰,金雅五街,,,,,,16號,120.965736203586,24.8246500563838
新竹市北區金雅里5鄰金雅五街18號,10018,1001802,1001802-043,5鄰,金雅五街,,,,,,18號,120.965705426686,24.8246865248478
新竹市北區金雅里5鄰金雅五街20號,10018,1001802,1001802-043,5鄰,金雅五街,,,,,,20號,120.965675935146,24.8247255216066
新竹市北區金雅里5鄰金雅五街22號,10018,1001802,1001802-043,5鄰,金雅五街,,,,,,22號,120.96565040042,24.8247656929855
新竹市北區金雅里5鄰金雅五街41號,10018,1001802,1001802-043,5鄰,金雅五街,,,,,,41號,120.965998252377,24.8243375462712
