FULL_ADDR,COUNTY,TOWN,VILLAGE,NEIGHBORHOOD,ROAD,SECTION,LANE,ALLEY,SUB_ALLEY,TONG,NUMBER,X,Y
新竹市北區士林里6鄰境褔街257號,10018,1001802,1001802-018,6鄰,境褔街,,,,,,257號,120.959539727305,24.8215177524132
新竹市北區福林里1鄰境褔街56巷2弄3號三樓,10018,1001802,1001802-019,1鄰,境褔街,,56巷,2弄,,,3號三樓,120.961643599346,24.8169996730154
新竹市北區福林里1鄰境褔街64號二樓,10018,1001802,1001802-019,1鄰,境褔街,,,,,,64號二樓,120.961237238965,24.8172720514818
新竹市北區福林里4鄰境褔街176巷7號二樓,10018,1001802,1001802-019,4鄰,境褔街,,176巷,,,,7號二樓,120.95989935016,24.8199013690414
