FULL_ADDR,COUNTY,TOWN,VILLAGE,NEIGHBORHOOD,ROAD,SECTION,LANE,ALLEY,SUB_ALLEY,TONG,NUMBER,X,Y
花蓮縣光復鄉大華村12鄰慶華街11號,10015,1001507,1001507-002,12鄰,慶華街,,,,,,11號,121.422590380997,23.6679138077301
花蓮縣光復鄉大華村12鄰慶華街13號,10015,1001507,1001507-002,12鄰,慶華街,,,,,,13號,121.422604136208,23.6679597680158
花蓮縣光復鄉大華村12鄰慶華街15號,10015,1001507,1001507-002,12鄰,慶華街,,,,,,15號,121.422617881654,23.6680057373564
花蓮縣光復鄉大華村12鄰慶華街17號,10015,1001507,1001507-002,12鄰,慶華街,,,,,,17號,121.422631636913,23.6680517066686
花蓮縣光復鄉大華村12鄰慶華街19號,10015,1001507,1001507-002,12鄰,慶華街,,,,,,19號,121.422645392153,23.6680976669494
花蓮縣光復鄉大華村12鄰慶華街21號,10015,1001507,1001507-002,12鄰,慶華街,,,,,,21號,121.422659137628,23.668143636285
花蓮縣光復鄉大華村12鄰慶華街23號,10015,1001507,1001507-002,12鄰,慶華街,,,,,,23號,121.422672892917,23.6681896055923
