FULL_ADDR,COUNTY,TOWN,VILLAGE,NEIGHBORHOOD,ROAD,SECTION,LANE,ALLEY,SUB_ALLEY,TONG,NUMBER,X,Y
屏東縣內埔鄉豐田村29鄰新豐北路5號,10013,1001313,1001313-008,29鄰,新豐北路,,,,,,5號,120.547202116919,22.6385698521419
屏東縣內埔鄉豐田村29鄰新豐北路7號,10013,1001313,1001313-008,29鄰,新豐北路,,,,,,7號,120.547150471215,22.6386542359584
屏東縣內埔鄉豐田村29鄰新豐北路56號,10013,1001313,1001313-008,29鄰,新豐北路,,,,,,56號,120.546732737505,22.6398017016468
屏東縣內埔鄉豐田村29鄰新豐北路58號,10013,1001313,1001313-008,29鄰,新豐北路,,,,,,58號,120.546714668044,22.6398232345252
屏東縣內埔鄉豐田村29鄰新豐北路60號,10013,1001313,1001313-008,29鄰,新豐北路,,,,,,60號,120.546706830029,22.6398399196154
屏東縣內埔鄉豐田村29鄰新豐北路62號,10013,1001313,1001313-008,29鄰,新豐北路,,,,,,62號,120.546693893819,22.6398685111394
屏東縣內埔鄉豐田村29鄰新豐北路66號,10013,1001313,1001313-008,29鄰,新豐北路,,,,,,66號,120.546645898102,22.6399669933609
屏東縣內埔鄉豐田村29鄰新豐北路78號,10013,1001313,1001313-008,29鄰,新豐北路,,,,,,78號,120.546512786177,22.6402095493523
屏東縣內埔鄉豐田村29鄰新豐北路80號,10013,1001313,1001313-008,29鄰,新豐北路,,,,,,80號,120.546525690639,22.640279575664
