FULL_ADDR,COUNTY,TOWN,VILLAGE,NEIGHBORHOOD,ROAD,SECTION,LANE,ALLEY,SUB_ALLEY,TONG,NUMBER,X,Y
屏東縣東港鎮東新里11鄰興安一街1號,10013,1001303,1001303-000,11鄰,興安一街,,,,,,1號,120.466701659327,22.4793681735276
屏東縣東港鎮東新里11鄰興安一街3號,10013,1001303,1001303-000,11鄰,興安一街,,,,,,3號,120.466711923362,22.4793777803842
屏東縣東港鎮東新里11鄰興安一街5號,10013,1001303,1001303-000,11鄰,興安一街,,,,,,5號,120.466722160077,22.4793945216763
屏東縣東港鎮東新里11鄰興安一街7號,10013,1001303,1001303-000,11鄰,興安一街,,,,,,7號,120.46673494171,22.47940648493
屏東縣東港鎮東新里11鄰興安一街9號,10013,1001303,1001303-000,11鄰,興安一街,,,,,,9號,120.466686107643,22.4793944024349
屏東縣東港鎮東新里11鄰興安一街11號,10013,1001303,1001303-000,11鄰,興安一街,,,,,,11號,120.466665539442,22.4794110418385
屏東縣東港鎮東新里11鄰興安一街13號,10013,1001303,1001303-000,11鄰,興安一街,,,,,,13號,120.466626804764,22.4794515534193
屏東縣東港鎮東新里11鄰興安一街15號,10013,1001303,1001303-000,11鄰,興安一街,,,,,,15號,120.466691038373,22.4794517658869
屏東縣東港鎮東新里11鄰興安一街17號,10013,1001303,1001303-000,11鄰,興安一街,,,,,,17號,120.466760601812,22.4794305020651
屏東縣東港鎮東新里11鄰興安一街19號,10013,1001303,1001303-000,11鄰,興安一街,,,,,,19號,120.466768233101,22.4794424482834
屏東縣東港鎮東新里11鄰興安一街21號,10013,1001303,1001303-000,11鄰,興安一街,,,,,,21號,120.466778497146,22.4794520551359
屏東縣東港鎮東新里11鄰興安一街23號,10013,1001303,1001303-000,11鄰,興安一街,,,,,,23號,120.466786128438,22.4794640013534
屏東縣東港鎮東新里11鄰興安一街25號,10013,1001303,1001303-000,11鄰,興安一街,,,,,,25號,120.466796392486,22.4794736082047
