FULL_ADDR,COUNTY,TOWN,VILLAGE,NEIGHBORHOOD,ROAD,SECTION,LANE,ALLEY,SUB_ALLEY,TONG,NUMBER,X,Y
嘉義縣大林鎮大美里19鄰大埔美園區六路1號,10010,1001004,1001004-011,19鄰,大埔美園區六路,,,,,,1號,120.505652352289,23.5929347840313
嘉義縣大林鎮大美里19鄰大埔美園區六路2號,10010,1001004,1001004-011,19鄰,大埔美園區六路,,,,,,2號,120.507007838005,23.5924441582627
嘉義縣大林鎮大美里19鄰大埔美園區六路6號,10010,1001004,1001004-011,19鄰,大埔美園區六路,,,,,,6號,120.507486334776,23.5922437692508
嘉義縣大林鎮大美里19鄰大埔美園區六路8號,10010,1001004,1001004-011,19鄰,大埔美園區六路,,,,,,8號,120.508056461606,23.5919852459746
嘉義縣大林鎮大美里19鄰大埔美園區六路10號,10010,1001004,1001004-011,19鄰,大埔美園區六路,,,,,,10號,120.508531396873,23.5918457937498
嘉義縣大林鎮大美里19鄰大埔美園區六路18號,10010,1001004,1001004-011,19鄰,大埔美園區六路,,,,,,18號,120.514367720316,23.5905961804713
