FULL_ADDR,COUNTY,TOWN,VILLAGE,NEIGHBORHOOD,ROAD,SECTION,LANE,ALLEY,SUB_ALLEY,TONG,NUMBER,X,Y
屏東縣屏東市北興里3鄰北興街16號,10013,1001301,1001301-069,3鄰,北興街,,,,,,16號,120.494694763673,22.6875918567993
屏東縣屏東市北興里3鄰北興街18號,10013,1001301,1001301-069,3鄰,北興街,,,,,,18號,120.494710405829,22.6876788731876
屏東縣屏東市北興里3鄰北興街30號,10013,1001301,1001301-069,3鄰,北興街,,,,,,30號,120.494759232859,22.6879790318849
屏東縣屏東市北興里16鄰北興街31號,10013,1001301,1001301-069,16鄰,北興街,,,,,,31號,120.494401837848,22.687586506795
屏東縣屏東市北興里16鄰北興街33號,10013,1001301,1001301-069,16鄰,北興街,,,,,,33號,120.494406723009,22.6876609363648
屏東縣屏東市北興里16鄰北興街35號,10013,1001301,1001301-069,16鄰,北興街,,,,,,35號,120.49441667235,22.6877079281674
屏東縣屏東市北興里16鄰北興街55號,10013,1001301,1001301-069,16鄰,北興街,,,,,,55號,120.49450293552,22.6886540006473
屏東縣屏東市北興里16鄰北興街56號,10013,1001301,1001301-069,16鄰,北興街,,,,,,56號,120.4949770488,22.6885888494994
屏東縣屏東市北興里15鄰北興街85號,10013,1001301,1001301-069,15鄰,北興街,,,,,,85號,120.494775156589,22.6906708145466
