FULL_ADDR,COUNTY,TOWN,VILLAGE,NEIGHBORHOOD,ROAD,SECTION,LANE,ALLEY,SUB_ALLEY,TONG,NUMBER,X,Y
屏東縣萬丹鄉磚寮村3鄰昌隆路13號,10013,1001305,1001305-017,3鄰,昌隆路,,,,,,13號,120.458420392822,22.6231069152206
屏東縣萬丹鄉磚寮村3鄰昌隆路25號,10013,1001305,1001305-017,3鄰,昌隆路,,,,,,25號,120.458865050967,22.6234053508668
屏東縣萬丹鄉磚寮村3鄰昌隆路27號,10013,1001305,1001305-017,3鄰,昌隆路,,,,,,27號,120.458864891925,22.6234459892804
屏東縣萬丹鄉磚寮村3鄰昌隆路37號,10013,1001305,1001305-017,3鄰,昌隆路,,,,,,37號,120.458929383115,22.623894589861
屏東縣萬丹鄉磚寮村2鄰昌隆路105號,10013,1001305,1001305-017,2鄰,昌隆路,,,,,,105號,120.45914865295,22.6261318257276
屏東縣萬丹鄉磚寮村2鄰昌隆路120號,10013,1001305,1001305-017,2鄰,昌隆路,,,,,,120號,120.459421478413,22.6256459811099
屏東縣萬丹鄉磚寮村2鄰昌隆路180號,10013,1001305,1001305-017,2鄰,昌隆路,,,,,,180號,120.459658862054,22.6271341660049
