FULL_ADDR,COUNTY,TOWN,VILLAGE,NEIGHBORHOOD,ROAD,SECTION,LANE,ALLEY,SUB_ALLEY,TONG,NUMBER,X,Y
花蓮縣光復鄉大安村18鄰大安八街6號,10015,1001507,1001507-001,18鄰,大安八街,,,,,,6號,121.423444220428,23.6632600002607
花蓮縣光復鄉大安村18鄰大安八街7號,10015,1001507,1001507-001,18鄰,大安八街,,,,,,7號,121.423176488795,23.6631065927777
花蓮縣光復鄉大安村18鄰大安八街9號,10015,1001507,1001507-001,18鄰,大安八街,,,,,,9號,121.423202657546,23.6631960969832
