FULL_ADDR,COUNTY,TOWN,VILLAGE,NEIGHBORHOOD,ROAD,SECTION,LANE,ALLEY,SUB_ALLEY,TONG,NUMBER,X,Y
新竹市北區曲溪里6鄰成德一街1號,10018,1001802,1001802-032,6鄰,成德一街,,,,,,1號,120.958053949481,24.7924284104297
新竹市北區曲溪里15鄰成德一街3號,10018,1001802,1001802-032,15鄰,成德一街,,,,,,3號,120.958771304771,24.7912007156497
新竹市北區曲溪里6鄰成德一街61巷15號,10018,1001802,1001802-032,6鄰,成德一街,,61巷,,,,15號,120.957043508484,24.7856676615834
新竹市北區曲溪里6鄰成德一街61巷16號,10018,1001802,1001802-032,6鄰,成德一街,,61巷,,,,16號,120.957176691515,24.7857620490306
