FULL_ADDR,COUNTY,TOWN,VILLAGE,NEIGHBORHOOD,ROAD,SECTION,LANE,ALLEY,SUB_ALLEY,TONG,NUMBER,X,Y
屏東縣竹田鄉頭崙村5鄰玉塘埤三路13號,10013,1001314,1001314-005,5鄰,玉塘埤三路,,,,,,13號,120.529541421754,22.5932503505997
屏東縣竹田鄉頭崙村5鄰玉塘埤三路15號,10013,1001314,1001314-005,5鄰,玉塘埤三路,,,,,,15號,120.529412548227,22.5932523210967
屏東縣竹田鄉頭崙村5鄰玉塘埤三路17號,10013,1001314,1001314-005,5鄰,玉塘埤三路,,,,,,17號,120.529214870363,22.5931524912822
屏東縣竹田鄉頭崙村5鄰玉塘埤三路33號,10013,1001314,1001314-005,5鄰,玉塘埤三路,,,,,,33號,120.528515659121,22.5933309694576
屏東縣竹田鄉頭崙村5鄰玉塘埤三路38號,10013,1001314,1001314-005,5鄰,玉塘埤三路,,,,,,38號,120.52868969478,22.5936046674258
屏東縣竹田鄉頭崙村5鄰玉塘埤三路43號,10013,1001314,1001314-005,5鄰,玉塘埤三路,,,,,,43號,120.528051742654,22.5933582350864
屏東縣竹田鄉頭崙村5鄰玉塘埤三路50號,10013,1001314,1001314-005,5鄰,玉塘埤三路,,,,,,50號,120.528293795763,22.5937073613916
屏東縣竹田鄉頭崙村5鄰玉塘埤三路61號,10013,1001314,1001314-005,5鄰,玉塘埤三路,,,,,,61號,120.527176376944,22.5932285041983
屏東縣竹田鄉頭崙村5鄰玉塘埤三路67號,10013,1001314,1001314-005,5鄰,玉塘埤三路,,,,,,67號,120.526943360128,22.5933669854103
屏東縣竹田鄉頭崙村5鄰玉塘埤三路68號,10013,1001314,1001314-005,5鄰,玉塘埤三路,,,,,,68號,120.527648396216,22.5937054644966
屏東縣竹田鄉頭崙村5鄰玉塘埤三路73號,10013,1001314,1001314-005,5鄰,玉塘埤三路,,,,,,73號,120.526744650444,22.5934272687895
屏東縣竹田鄉頭崙村5鄰玉塘埤三路79號,10013,1001314,1001314-005,5鄰,玉塘埤三路,,,,,,79號,120.526456650198,22.5934897270348
屏東縣竹田鄉頭崙村5鄰玉塘埤三路89號,10013,1001314,1001314-005,5鄰,玉塘埤三路,,,,,,89號,120.526118056744,22.5933871298309
屏東縣竹田鄉頭崙村5鄰玉塘埤三路116號,10013,1001314,1001314-005,5鄰,玉塘埤三路,,,,,,116號,120.525894891718,22.5940565697213
屏東縣竹田鄉頭崙村5鄰玉塘埤三路125號,10013,1001314,1001314-005,5鄰,玉塘埤三路,,,,,,125號,120.524902464053,22.5930932828943
屏東縣竹田鄉頭崙村5鄰玉塘埤三路129號,10013,1001314,1001314-005,5鄰,玉塘埤三路,,,,,,129號,120.524685192596,22.5934325659902
