FULL_ADDR,COUNTY,TOWN,VILLAGE,NEIGHBORHOOD,ROAD,SECTION,LANE,ALLEY,SUB_ALLEY,TONG,NUMBER,X,Y
屏東縣竹田鄉西勢村14鄰南北十二路11之1號,10013,1001314,1001314-009,14鄰,南北十二路,,,,,,11之1號,120.517626428198,22.6227223832014
屏東縣竹田鄉西勢村14鄰南北十二路16號,10013,1001314,1001314-009,14鄰,南北十二路,,,,,,16號,120.51794177152,22.6227879021836
屏東縣竹田鄉西勢村14鄰南北十二路17號,10013,1001314,1001314-009,14鄰,南北十二路,,,,,,17號,120.517773216986,22.6233094741291
