FULL_ADDR,COUNTY,TOWN,VILLAGE,NEIGHBORHOOD,ROAD,SECTION,LANE,ALLEY,SUB_ALLEY,TONG,NUMBER,X,Y
嘉義縣鹿草鄉西井村12鄰文役街122號,10010,1001011,1001011-004,12鄰,文役街,,,,,,122號,120.30884476158,23.4113670662154
嘉義縣鹿草鄉西井村12鄰文役街126號,10010,1001011,1001011-004,12鄰,文役街,,,,,,126號,120.308846847613,23.4114175520929
嘉義縣鹿草鄉西井村12鄰文役街128號,10010,1001011,1001011-004,12鄰,文役街,,,,,,128號,120.308846115479,23.4114643232809
嘉義縣鹿草鄉西井村12鄰文役街130號,10010,1001011,1001011-004,12鄰,文役街,,,,,,130號,120.308846162791,23.4115117300033
