FULL_ADDR,COUNTY,TOWN,VILLAGE,NEIGHBORHOOD,ROAD,SECTION,LANE,ALLEY,SUB_ALLEY,TONG,NUMBER,X,Y
花蓮縣鳳林鎮南平里1鄰農園路5之6號,10015,1001502,1001502-009,1鄰,農園路,,,,,,5之6號,121.456826403274,23.7609450834547
花蓮縣鳳林鎮大榮里2鄰農園路261號,10015,1001502,1001502-007,2鄰,農園路,,,,,,261號,121.464577434033,23.7621791419821
花蓮縣鳳林鎮大榮里2鄰農園路275號,10015,1001502,1001502-007,2鄰,農園路,,,,,,275號,121.46440518689,23.7611917251904
花蓮縣鳳林鎮大榮里2鄰農園路295號,10015,1001502,1001502-007,2鄰,農園路,,,,,,295號,121.464975547526,23.7604110211703
花蓮縣鳳林鎮大榮里3鄰農園路298號,10015,1001502,1001502-007,3鄰,農園路,,,,,,298號,121.464844764329,23.7577289739913
花蓮縣鳳林鎮大榮里4鄰農園路500號,10015,1001502,1001502-007,4鄰,農園路,,,,,,500號,121.4697611056,23.7561726884095
花蓮縣鳳林鎮鳳仁里9鄰農園路5號,10015,1001502,1001502-001,9鄰,農園路,,,,,,5號,121.456026520143,23.7612441793714
花蓮縣鳳林鎮鳳仁里9鄰農園路6號之1,10015,1001502,1001502-001,9鄰,農園路,,,,,,6號之1,121.455822689776,23.7610623365286
