FULL_ADDR,COUNTY,TOWN,VILLAGE,NEIGHBORHOOD,ROAD,SECTION,LANE,ALLEY,SUB_ALLEY,TONG,NUMBER,X,Y
嘉義縣太保市過溝里15鄰嘉太工業區嘉太路1號,10010,1001001,1001001-013,15鄰,嘉太工業區嘉太路,,,,,,1號,120.362030640804,23.5065252769231
嘉義縣太保市過溝里15鄰嘉太工業區嘉太路2號,10010,1001001,1001001-013,15鄰,嘉太工業區嘉太路,,,,,,2號,120.362429665844,23.5065202287109
嘉義縣太保市過溝里15鄰嘉太工業區嘉太路3號,10010,1001001,1001001-013,15鄰,嘉太工業區嘉太路,,,,,,3號,120.361912614986,23.5068383070849
嘉義縣太保市過溝里15鄰嘉太工業區嘉太路4號,10010,1001001,1001001-013,15鄰,嘉太工業區嘉太路,,,,,,4號,120.362532446892,23.5073197840795
嘉義縣太保市過溝里15鄰嘉太工業區嘉太路7號,10010,1001001,1001001-013,15鄰,嘉太工業區嘉太路,,,,,,7號,120.362130582618,23.5079952812499
嘉義縣太保市過溝里15鄰嘉太工業區嘉太路8號,10010,1001001,1001001-013,15鄰,嘉太工業區嘉太路,,,,,,8號,120.362466615585,23.5080792794517
