FULL_ADDR,COUNTY,TOWN,VILLAGE,NEIGHBORHOOD,ROAD,SECTION,LANE,ALLEY,SUB_ALLEY,TONG,NUMBER,X,Y
臺東縣臺東市康樂里11鄰豐康路233巷50號,10014,1001401,1001401-035,11鄰,豐康路,,233巷,,,,50號,121.07950429987,22.7599467774444
臺東縣臺東市豐田里5鄰豐康路333號,10014,1001401,1001401-030,5鄰,豐康路,,,,,,333號,121.078508417956,22.7706801047485
