FULL_ADDR,COUNTY,TOWN,VILLAGE,NEIGHBORHOOD,ROAD,SECTION,LANE,ALLEY,SUB_ALLEY,TONG,NUMBER,X,Y
屏東縣枋寮鄉內寮村5鄰蜈蜞路3號,10013,1001316,1001316-010,5鄰,蜈蜞路,,,,,,3號,120.613190569904,22.3813229409659
屏東縣枋寮鄉內寮村5鄰蜈蜞路5號,10013,1001316,1001316-010,5鄰,蜈蜞路,,,,,,5號,120.61314351521,22.3812016285874
屏東縣枋寮鄉內寮村6鄰蜈蜞路8號,10013,1001316,1001316-010,6鄰,蜈蜞路,,,,,,8號,120.613320750317,22.3807418178223
屏東縣枋寮鄉內寮村5鄰蜈蜞路9號,10013,1001316,1001316-010,5鄰,蜈蜞路,,,,,,9號,120.61328664963,22.3811337845335
屏東縣枋寮鄉內寮村5鄰蜈蜞路11號,10013,1001316,1001316-010,5鄰,蜈蜞路,,,,,,11號,120.613327085072,22.3811202439282
屏東縣枋寮鄉內寮村5鄰蜈蜞路17號,10013,1001316,1001316-010,5鄰,蜈蜞路,,,,,,17號,120.613499977699,22.381072159005
屏東縣枋寮鄉內寮村5鄰蜈蜞路21號,10013,1001316,1001316-010,5鄰,蜈蜞路,,,,,,21號,120.61365356927,22.3810153577726
屏東縣枋寮鄉內寮村5鄰蜈蜞路23號,10013,1001316,1001316-010,5鄰,蜈蜞路,,,,,,23號,120.61369399542,22.3810051586291
屏東縣枋寮鄉內寮村5鄰蜈蜞路25號,10013,1001316,1001316-010,5鄰,蜈蜞路,,,,,,25號,120.613734333678,22.3809916176889
