FULL_ADDR,COUNTY,TOWN,VILLAGE,NEIGHBORHOOD,ROAD,SECTION,LANE,ALLEY,SUB_ALLEY,TONG,NUMBER,X,Y
臺東縣大武鄉大武村4鄰福全街31號,10014,1001410,1001410-003,4鄰,福全街,,,,,,31號,120.906385768832,22.3628760547267
臺東縣大武鄉大武村5鄰福全街38號,10014,1001410,1001410-003,5鄰,福全街,,,,,,38號,120.906348959894,22.3623800805687
臺東縣大武鄉大武村5鄰福全街38之1號,10014,1001410,1001410-003,5鄰,福全街,,,,,,38之1號,120.906171771095,22.3624560137343
臺東縣大武鄉大武村5鄰福全街40號,10014,1001410,1001410-003,5鄰,福全街,,,,,,40號,120.906363504638,22.3624392359279
臺東縣大武鄉大武村5鄰福全街47號,10014,1001410,1001410-003,5鄰,福全街,,,,,,47號,120.905941472942,22.3622366146368
臺東縣大武鄉大武村5鄰福全街59號,10014,1001410,1001410-003,5鄰,福全街,,,,,,59號,120.906093345894,22.3618594953612
臺東縣大武鄉大武村5鄰福全街65之1號,10014,1001410,1001410-003,5鄰,福全街,,,,,,65之1號,120.905962016134,22.3619083695837
