FULL_ADDR,COUNTY,TOWN,VILLAGE,NEIGHBORHOOD,ROAD,SECTION,LANE,ALLEY,SUB_ALLEY,TONG,NUMBER,X,Y
花蓮縣瑞穗鄉瑞美村12鄰瑞益路128之1號,10015,1001509,1001509-002,12鄰,瑞益路,,,,,,128之1號,121.385937456089,23.4954977207563
花蓮縣瑞穗鄉瑞美村11鄰瑞益路131號,10015,1001509,1001509-002,11鄰,瑞益路,,,,,,131號,121.385667801976,23.4956041841958
花蓮縣瑞穗鄉瑞美村11鄰瑞益路131號二樓,10015,1001509,1001509-002,11鄰,瑞益路,,,,,,131號二樓,121.385667801976,23.4956041841958
花蓮縣瑞穗鄉瑞美村11鄰瑞益路131號三樓,10015,1001509,1001509-002,11鄰,瑞益路,,,,,,131號三樓,121.385667801976,23.4956041841958
花蓮縣瑞穗鄉瑞美村11鄰瑞益路131號四樓,10015,1001509,1001509-002,11鄰,瑞益路,,,,,,131號四樓,121.385667801976,23.4956041841958
