FULL_ADDR,COUNTY,TOWN,VILLAGE,NEIGHBORHOOD,ROAD,SECTION,LANE,ALLEY,SUB_ALLEY,TONG,NUMBER,X,Y
屏東縣竹田鄉六巷村3鄰南北五路1號,10013,1001314,1001314-012,3鄰,南北五路,,,,,,1號,120.516971158741,22.6056735978542
屏東縣竹田鄉六巷村3鄰南北五路3巷5之1號,10013,1001314,1001314-012,3鄰,南北五路,,3巷,,,,5之1號,120.516012753468,22.6057677940669
屏東縣竹田鄉六巷村3鄰南北五路8號,10013,1001314,1001314-012,3鄰,南北五路,,,,,,8號,120.517303357525,22.6061938769951
屏東縣竹田鄉六巷村3鄰南北五路10號,10013,1001314,1001314-012,3鄰,南北五路,,,,,,10號,120.517065947134,22.6061886474902
屏東縣竹田鄉六巷村3鄰南北五路13號,10013,1001314,1001314-012,3鄰,南北五路,,,,,,13號,120.516966379462,22.6065969986362
屏東縣竹田鄉六巷村3鄰南北五路15號,10013,1001314,1001314-012,3鄰,南北五路,,,,,,15號,120.516940140576,22.6068411166906
