FULL_ADDR,COUNTY,TOWN,VILLAGE,NEIGHBORHOOD,ROAD,SECTION,LANE,ALLEY,SUB_ALLEY,TONG,NUMBER,X,Y
臺東縣臺東市豐樂里9鄰大仁路2號,10014,1001401,1001401-033,9鄰,大仁路,,,,,,2號,121.133543059785,22.7572924375233
臺東縣臺東市豐樂里9鄰大仁路3號,10014,1001401,1001401-033,9鄰,大仁路,,,,,,3號,121.132139762734,22.7564889972253
臺東縣臺東市豐樂里9鄰大仁路5號,10014,1001401,1001401-033,9鄰,大仁路,,,,,,5號,121.13175204347,22.7563773151251
臺東縣臺東市豐樂里9鄰大仁路6號,10014,1001401,1001401-033,9鄰,大仁路,,,,,,6號,121.133303438508,22.7569124328068
臺東縣臺東市豐樂里9鄰大仁路7號,10014,1001401,1001401-033,9鄰,大仁路,,,,,,7號,121.131672945716,22.7563165114395
臺東縣臺東市豐樂里9鄰大仁路12號,10014,1001401,1001401-033,9鄰,大仁路,,,,,,12號,121.132164523074,22.7561729460452
