FULL_ADDR,COUNTY,TOWN,VILLAGE,NEIGHBORHOOD,ROAD,SECTION,LANE,ALLEY,SUB_ALLEY,TONG,NUMBER,X,Y
嘉義縣水上鄉水上村19鄰一心街1號,10010,1001012,1001012-001,19鄰,一心街,,,,,,1號,120.398180610218,23.4221043166013
嘉義縣水上鄉水上村19鄰一心街2號,10010,1001012,1001012-001,19鄰,一心街,,,,,,2號,120.398267596703,23.4221052838385
嘉義縣水上鄉水上村19鄰一心街2之1號,10010,1001012,1001012-001,19鄰,一心街,,,,,,2之1號,120.398288054086,23.4221471711309
嘉義縣水上鄉水上村19鄰一心街3號,10010,1001012,1001012-001,19鄰,一心街,,,,,,3號,120.398179660307,23.4221412452704
嘉義縣水上鄉水上村19鄰一心街5號,10010,1001012,1001012-001,19鄰,一心街,,,,,,5號,120.398178651153,23.4221912670794
