FULL_ADDR,COUNTY,TOWN,VILLAGE,NEIGHBORHOOD,ROAD,SECTION,LANE,ALLEY,SUB_ALLEY,TONG,NUMBER,X,Y
嘉義縣溪口鄉坪頂村12鄰民族東路82號,10010,1001006,1001006-014,12鄰,民族東路,,,,,,82號,120.400530067372,23.6029321418904
嘉義縣溪口鄉坪頂村12鄰民族東路84號,10010,1001006,1001006-014,12鄰,民族東路,,,,,,84號,120.400729618381,23.6027182399479
嘉義縣溪口鄉坪頂村12鄰民族東路86號,10010,1001006,1001006-014,12鄰,民族東路,,,,,,86號,120.40086160749,23.6026962653143
嘉義縣溪口鄉坪頂村12鄰民族東路88號,10010,1001006,1001006-014,12鄰,民族東路,,,,,,88號,120.40079061102,23.6027082717594
