FULL_ADDR,COUNTY,TOWN,VILLAGE,NEIGHBORHOOD,ROAD,SECTION,LANE,ALLEY,SUB_ALLEY,TONG,NUMBER,X,Y
花蓮縣瑞穗鄉瑞祥村12鄰三多路8之1號,10015,1001509,1001509-004,12鄰,三多路,,,,,,8之1號,121.361346620547,23.4929432651304
花蓮縣瑞穗鄉瑞祥村12鄰三多路8之2號,10015,1001509,1001509-004,12鄰,三多路,,,,,,8之2號,121.36124427556,23.4929314924496
