FULL_ADDR,COUNTY,TOWN,VILLAGE,NEIGHBORHOOD,ROAD,SECTION,LANE,ALLEY,SUB_ALLEY,TONG,NUMBER,X,Y
花蓮縣吉安鄉永興村7鄰稻興三街69號,10015,1001505,1001505-010,7鄰,稻興三街,,,,,,69號,121.565249251559,23.958319718482
花蓮縣吉安鄉永興村7鄰稻興三街75巷16號,10015,1001505,1001505-010,7鄰,稻興三街,,75巷,,,,16號,121.56452132797,23.9579668216345
花蓮縣吉安鄉永興村7鄰稻興三街111巷2號,10015,1001505,1001505-010,7鄰,稻興三街,,111巷,,,,2號,121.563999070685,23.9589510420372
花蓮縣吉安鄉永興村7鄰稻興三街111巷6號,10015,1001505,1001505-010,7鄰,稻興三街,,111巷,,,,6號,121.563933549738,23.9588413957557
花蓮縣吉安鄉稻香村17鄰稻興三街50之1號,10015,1001505,1001505-011,17鄰,稻興三街,,,,,,50之1號,121.566059770035,23.9581232337527
花蓮縣吉安鄉稻香村17鄰稻興三街100號,10015,1001505,1001505-011,17鄰,稻興三街,,,,,,100號,121.565052551468,23.9588389969977
花蓮縣吉安鄉稻香村17鄰稻興三街128之1號,10015,1001505,1001505-011,17鄰,稻興三街,,,,,,128之1號,121.564101141275,23.9592411406189
