FULL_ADDR,COUNTY,TOWN,VILLAGE,NEIGHBORHOOD,ROAD,SECTION,LANE,ALLEY,SUB_ALLEY,TONG,NUMBER,X,Y
屏東縣東港鎮下?里13鄰建安三街66號,10013,1001303,1001303-000,13鄰,建安三街,,,,,,66號,120.491952903997,22.4651927091418
屏東縣東港鎮下?里13鄰建安三街73號,10013,1001303,1001303-000,13鄰,建安三街,,,,,,73號,120.491267741014,22.4652812220274
屏東縣東港鎮下?里13鄰建安三街75號,10013,1001303,1001303-000,13鄰,建安三街,,,,,,75號,120.491136537077,22.465421693171
屏東縣東港鎮下?里13鄰建安三街79號,10013,1001303,1001303-000,13鄰,建安三街,,,,,,79號,120.490994651979,22.4656398881535
屏東縣東港鎮下?里13鄰建安三街115號,10013,1001303,1001303-000,13鄰,建安三街,,,,,,115號,120.490476726787,22.4663092627749
屏東縣東港鎮下?里13鄰建安三街121號,10013,1001303,1001303-000,13鄰,建安三街,,,,,,121號,120.490430186156,22.4665475364081
屏東縣東港鎮下?里13鄰建安三街179號,10013,1001303,1001303-000,13鄰,建安三街,,,,,,179號,120.48952695015,22.467622450148
