FULL_ADDR,COUNTY,TOWN,VILLAGE,NEIGHBORHOOD,ROAD,SECTION,LANE,ALLEY,SUB_ALLEY,TONG,NUMBER,X,Y
屏東縣屏東市橋南里19鄰工業五路1號,10013,1001301,1001301-020,19鄰,工業五路,,,,,,1號,120.502088231334,22.6586254920541
屏東縣屏東市橋南里19鄰工業五路1之1號,10013,1001301,1001301-020,19鄰,工業五路,,,,,,1之1號,120.501979530846,22.6583591947764
屏東縣屏東市橋南里19鄰工業五路2號,10013,1001301,1001301-020,19鄰,工業五路,,,,,,2號,120.50260107635,22.6583133518853
屏東縣屏東市橋南里19鄰工業五路3號,10013,1001301,1001301-020,19鄰,工業五路,,,,,,3號,120.502471602669,22.6586539560821
屏東縣屏東市橋南里19鄰工業五路4號,10013,1001301,1001301-020,19鄰,工業五路,,,,,,4號,120.503124625351,22.6587032137988
屏東縣屏東市橋南里19鄰工業五路5號,10013,1001301,1001301-020,19鄰,工業五路,,,,,,5號,120.502687967782,22.6588806707077
屏東縣屏東市橋南里19鄰工業五路6號,10013,1001301,1001301-020,19鄰,工業五路,,,,,,6號,120.503797562244,22.6590324879198
屏東縣屏東市橋南里19鄰工業五路7號,10013,1001301,1001301-020,19鄰,工業五路,,,,,,7號,120.50305453644,22.6589818701199
屏東縣屏東市橋南里19鄰工業五路8號,10013,1001301,1001301-020,19鄰,工業五路,,,,,,8號,120.504196039365,22.6592985971678
屏東縣屏東市橋南里19鄰工業五路9號,10013,1001301,1001301-020,19鄰,工業五路,,,,,,9號,120.503135800887,22.6592208083502
屏東縣屏東市橋南里19鄰工業五路11號,10013,1001301,1001301-020,19鄰,工業五路,,,,,,11號,120.503416158752,22.6593491934902
屏東縣屏東市橋南里19鄰工業五路13號,10013,1001301,1001301-020,19鄰,工業五路,,,,,,13號,120.503616247492,22.6594757942592
屏東縣屏東市橋南里19鄰工業五路15號,10013,1001301,1001301-020,19鄰,工業五路,,,,,,15號,120.50395869339,22.6595752010318
屏東縣屏東市橋南里19鄰工業五路17號,10013,1001301,1001301-020,19鄰,工業五路,,,,,,17號,120.50398411185,22.6599210722206
屏東縣屏東市橋南里19鄰工業五路17之1號,10013,1001301,1001301-020,19鄰,工業五路,,,,,,17之1號,120.503717094647,22.6599247608792
屏東縣屏東市橋南里19鄰工業五路19號,10013,1001301,1001301-020,19鄰,工業五路,,,,,,19號,120.503124417452,22.6597610907405
屏東縣屏東市橋南里19鄰工業五路21號,10013,1001301,1001301-020,19鄰,工業五路,,,,,,21號,120.502862291472,22.6595955544203
