FULL_ADDR,COUNTY,TOWN,VILLAGE,NEIGHBORHOOD,ROAD,SECTION,LANE,ALLEY,SUB_ALLEY,TONG,NUMBER,X,Y
嘉義縣大埔鄉大埔村4鄰大埔五街125號,10010,1001017,1001017-001,4鄰,大埔五街,,,,,,125號,120.594551121435,23.2984186531015
嘉義縣大埔鄉大埔村5鄰大埔五街157號附2,10010,1001017,1001017-001,5鄰,大埔五街,,,,,,157號附2,120.593594711213,23.2989292756829
嘉義縣大埔鄉大埔村4鄰大埔五街125號附1,10010,1001017,1001017-001,4鄰,大埔五街,,,,,,125號附1,120.594434348965,23.2985294231001
