FULL_ADDR,COUNTY,TOWN,VILLAGE,NEIGHBORHOOD,ROAD,SECTION,LANE,ALLEY,SUB_ALLEY,TONG,NUMBER,X,Y
屏東縣東港鎮興和里6鄰三和四路3號,10013,1001303,1001303-021,6鄰,三和四路,,,,,,3號,120.48585812592,22.490177626987
屏東縣東港鎮興和里6鄰三和四路6號,10013,1001303,1001303-021,6鄰,三和四路,,,,,,6號,120.485897573348,22.4900224186835
屏東縣東港鎮興和里6鄰三和四路7號,10013,1001303,1001303-021,6鄰,三和四路,,,,,,7號,120.485944673225,22.4901634533499
屏東縣東港鎮興和里6鄰三和四路12號,10013,1001303,1001303-021,6鄰,三和四路,,,,,,12號,120.486034912479,22.4900179799103
屏東縣東港鎮興和里6鄰三和四路15號,10013,1001303,1001303-021,6鄰,三和四路,,,,,,15號,120.486074833389,22.4901292794805
