FULL_ADDR,COUNTY,TOWN,VILLAGE,NEIGHBORHOOD,ROAD,SECTION,LANE,ALLEY,SUB_ALLEY,TONG,NUMBER,X,Y
基隆市中正區八斗里13鄰漁港二街401號,10017,1001701,1001701-019,13鄰,漁港二街,,,,,,401號,121.794836583501,25.1445705301442
基隆市中正區八斗里13鄰漁港二街403號,10017,1001701,1001701-019,13鄰,漁港二街,,,,,,403號,121.794815804783,25.1445933913086
基隆市中正區碧砂里11鄰漁港二街2號,10017,1001701,1001701-020,11鄰,漁港二街,,,,,,2號,121.795349547531,25.1408375520716
基隆市中正區碧砂里11鄰漁港二街3號,10017,1001701,1001701-020,11鄰,漁港二街,,,,,,3號,121.793958562198,25.1404170121358
