FULL_ADDR,COUNTY,TOWN,VILLAGE,NEIGHBORHOOD,ROAD,SECTION,LANE,ALLEY,SUB_ALLEY,TONG,NUMBER,X,Y
屏東縣屏東市永光里7鄰太成路16號,10013,1001301,1001301-050,7鄰,太成路,,,,,,16號,120.4745797271,22.6700768224572
屏東縣屏東市永光里7鄰太成路18號,10013,1001301,1001301-050,7鄰,太成路,,,,,,18號,120.474580827726,22.6701199934923
屏東縣屏東市永光里7鄰太成路22號,10013,1001301,1001301-050,7鄰,太成路,,,,,,22號,120.474542593615,22.6701941919015
屏東縣屏東市永光里7鄰太成路24號,10013,1001301,1001301-050,7鄰,太成路,,,,,,24號,120.4745516118,22.6702280871419
