FULL_ADDR,COUNTY,TOWN,VILLAGE,NEIGHBORHOOD,ROAD,SECTION,LANE,ALLEY,SUB_ALLEY,TONG,NUMBER,X,Y
花蓮縣壽豐鄉共和村8鄰農墾一街2號,10015,1001506,1001506-006,8鄰,農墾一街,,,,,,2號,121.512270268343,23.8693420022537
花蓮縣壽豐鄉共和村8鄰農墾一街6號,10015,1001506,1001506-006,8鄰,農墾一街,,,,,,6號,121.5122485373,23.869216618857
花蓮縣壽豐鄉共和村8鄰農墾一街8號,10015,1001506,1001506-006,8鄰,農墾一街,,,,,,8號,121.512169342689,23.8691374228304
花蓮縣壽豐鄉共和村8鄰農墾一街10號,10015,1001506,1001506-006,8鄰,農墾一街,,,,,,10號,121.512061392307,23.869076453612
花蓮縣壽豐鄉共和村8鄰農墾一街15號,10015,1001506,1001506-006,8鄰,農墾一街,,,,,,15號,121.512095302752,23.8685189053748
花蓮縣壽豐鄉共和村8鄰農墾一街16號,10015,1001506,1001506-006,8鄰,農墾一街,,,,,,16號,121.511834642787,23.868647412959
花蓮縣壽豐鄉共和村8鄰農墾一街20號,10015,1001506,1001506-006,8鄰,農墾一街,,,,,,20號,121.511736541411,23.868499095603
花蓮縣壽豐鄉共和村8鄰農墾一街22號,10015,1001506,1001506-006,8鄰,農墾一街,,,,,,22號,121.511664668073,23.868406348791
花蓮縣壽豐鄉共和村8鄰農墾一街27號,10015,1001506,1001506-006,8鄰,農墾一街,,,,,,27號,121.511757408001,23.868014946306
