FULL_ADDR,COUNTY,TOWN,VILLAGE,NEIGHBORHOOD,ROAD,SECTION,LANE,ALLEY,SUB_ALLEY,TONG,NUMBER,X,Y
屏東縣長治鄉德和村6鄰研發一路1號,10013,1001306,1001306-011,6鄰,研發一路,,,,,,1號,120.537840727987,22.7145530324984
屏東縣長治鄉德和村6鄰研發一路2號,10013,1001306,1001306-011,6鄰,研發一路,,,,,,2號,120.537989578901,22.7157963787828
屏東縣長治鄉德和村6鄰研發一路5號,10013,1001306,1001306-011,6鄰,研發一路,,,,,,5號,120.535807352486,22.7153223520591
屏東縣長治鄉德和村6鄰研發一路6號,10013,1001306,1001306-011,6鄰,研發一路,,,,,,6號,120.535632153979,22.7162106596865
屏東縣長治鄉德和村6鄰研發一路7號,10013,1001306,1001306-011,6鄰,研發一路,,,,,,7號,120.535736006898,22.7149160276193
