FULL_ADDR,COUNTY,TOWN,VILLAGE,NEIGHBORHOOD,ROAD,SECTION,LANE,ALLEY,SUB_ALLEY,TONG,NUMBER,X,Y
花蓮縣新城鄉大漢村14鄰華富街2號,10015,1001504,1001504-008,14鄰,華富街,,,,,,2號,121.609261345167,24.0314737162862
花蓮縣新城鄉大漢村14鄰華富街16號,10015,1001504,1001504-008,14鄰,華富街,,,,,,16號,121.609137513467,24.0319027886611
花蓮縣新城鄉大漢村14鄰華富街32號,10015,1001504,1001504-008,14鄰,華富街,,,,,,32號,121.608883402286,24.032029458315
花蓮縣新城鄉大漢村14鄰華富街46之1號,10015,1001504,1001504-008,14鄰,華富街,,,,,,46之1號,121.607917186442,24.0332628289782
