FULL_ADDR,COUNTY,TOWN,VILLAGE,NEIGHBORHOOD,ROAD,SECTION,LANE,ALLEY,SUB_ALLEY,TONG,NUMBER,X,Y
嘉義縣布袋鎮復興里26鄰水產園區一路12號,10010,1001003,1001003-011,26鄰,水產園區一路,,,,,,12號,120.170823252941,23.3184375607229
嘉義縣布袋鎮復興里26鄰水產園區一路21號,10010,1001003,1001003-011,26鄰,水產園區一路,,,,,,21號,120.170829404671,23.3191008260504
