FULL_ADDR,COUNTY,TOWN,VILLAGE,NEIGHBORHOOD,ROAD,SECTION,LANE,ALLEY,SUB_ALLEY,TONG,NUMBER,X,Y
花蓮縣富里鄉東里村9鄰安靜街1之2號,10015,1001510,1001510-002,9鄰,安靜街,,,,,,1之2號,121.304780898877,23.2672593509536
花蓮縣富里鄉東里村9鄰安靜街1之1號,10015,1001510,1001510-002,9鄰,安靜街,,,,,,1之1號,121.30494493019,23.2671609990219
花蓮縣富里鄉東里村9鄰安靜街1號,10015,1001510,1001510-002,9鄰,安靜街,,,,,,1號,121.30496805736,23.2670929285273
花蓮縣富里鄉東里村9鄰安靜街2號,10015,1001510,1001510-002,9鄰,安靜街,,,,,,2號,121.304868600851,23.2668848007212
花蓮縣富里鄉東里村9鄰安靜街6號,10015,1001510,1001510-002,9鄰,安靜街,,,,,,6號,121.304551698542,23.2669945655571
花蓮縣富里鄉東里村9鄰安靜街10號,10015,1001510,1001510-002,9鄰,安靜街,,,,,,10號,121.304759085345,23.2679351699196
花蓮縣富里鄉東里村9鄰安靜街12號,10015,1001510,1001510-002,9鄰,安靜街,,,,,,12號,121.304735582576,23.2678682736203
