FULL_ADDR,COUNTY,TOWN,VILLAGE,NEIGHBORHOOD,ROAD,SECTION,LANE,ALLEY,SUB_ALLEY,TONG,NUMBER,X,Y
屏東縣長治鄉德協村14鄰協和街59巷12號,10013,1001306,1001306-007,14鄰,協和街,,59巷,,,,12號,120.541808029571,22.701077393668
屏東縣長治鄉德榮村11鄰協和街156號,10013,1001306,1001306-010,11鄰,協和街,,,,,,156號,120.538188480033,22.7027285773987
屏東縣長治鄉德榮村11鄰協和街161號,10013,1001306,1001306-010,11鄰,協和街,,,,,,161號,120.536512129753,22.7032621503192
屏東縣長治鄉德榮村11鄰協和街162號,10013,1001306,1001306-010,11鄰,協和街,,,,,,162號,120.536889676883,22.7028620925393
