FULL_ADDR,COUNTY,TOWN,VILLAGE,NEIGHBORHOOD,ROAD,SECTION,LANE,ALLEY,SUB_ALLEY,TONG,NUMBER,X,Y
臺東縣池上鄉福原村5鄰福錦路池西巷8號,10014,1001406,1001406-005,5鄰,福錦路,,池西巷,,,,8號,121.218208614748,23.1179982097314
臺東縣池上鄉福原村5鄰福錦路池西巷10號(農業資料室不得設籍),10014,1001406,1001406-005,5鄰,福錦路,,池西巷,,,,10號(農業資料室不得設籍),121.218494918586,23.1181443794225
臺東縣池上鄉錦園村5鄰福錦路2號,10014,1001406,1001406-006,5鄰,福錦路,,,,,,2號,121.220341559529,23.1088676059015
