FULL_ADDR,COUNTY,TOWN,VILLAGE,NEIGHBORHOOD,ROAD,SECTION,LANE,ALLEY,SUB_ALLEY,TONG,NUMBER,X,Y
花蓮縣吉安鄉永興村7鄰文興街11號,10015,1001505,1001505-010,7鄰,文興街,,,,,,11號,121.564407525846,23.9563132468051
花蓮縣吉安鄉永興村7鄰文興街51號,10015,1001505,1001505-010,7鄰,文興街,,,,,,51號,121.56350201095,23.956895172512
花蓮縣吉安鄉永興村7鄰文興街68之1號,10015,1001505,1001505-010,7鄰,文興街,,,,,,68之1號,121.562933786191,23.9575442087209
