FULL_ADDR,COUNTY,TOWN,VILLAGE,NEIGHBORHOOD,ROAD,SECTION,LANE,ALLEY,SUB_ALLEY,TONG,NUMBER,X,Y
屏東縣枋寮鄉隆山村25鄰實踐街2號,10013,1001316,1001316-006,25鄰,實踐街,,,,,,2號,120.602417578388,22.3678906951737
屏東縣枋寮鄉隆山村25鄰實踐街4號,10013,1001316,1001316-006,25鄰,實踐街,,,,,,4號,120.602359037348,22.3679209868398
屏東縣枋寮鄉隆山村25鄰實踐街6號,10013,1001316,1001316-006,25鄰,實踐街,,,,,,6號,120.602324187065,22.3679519688778
屏東縣枋寮鄉隆山村25鄰實踐街8號,10013,1001316,1001316-006,25鄰,實踐街,,,,,,8號,120.602290713106,22.3679769936356
屏東縣枋寮鄉隆山村25鄰實踐街10號,10013,1001316,1001316-006,25鄰,實踐街,,,,,,10號,120.602262368546,22.3680079916436
屏東縣枋寮鄉隆山村25鄰實踐街12號,10013,1001316,1001316-006,25鄰,實踐街,,,,,,12號,120.602241819229,22.3680294356299
