FULL_ADDR,COUNTY,TOWN,VILLAGE,NEIGHBORHOOD,ROAD,SECTION,LANE,ALLEY,SUB_ALLEY,TONG,NUMBER,X,Y
臺東縣鹿野鄉龍田村2鄰龍二路57號,10014,1001405,1001405-007,2鄰,龍二路,,,,,,57號,121.129523324805,22.9019967502192
臺東縣鹿野鄉龍田村1鄰龍二路81號,10014,1001405,1001405-007,1鄰,龍二路,,,,,,81號,121.129657683135,22.9039381880632
臺東縣鹿野鄉龍田村1鄰龍二路83號,10014,1001405,1001405-007,1鄰,龍二路,,,,,,83號,121.129659780529,22.9039911070154
臺東縣鹿野鄉龍田村1鄰龍二路85號,10014,1001405,1001405-007,1鄰,龍二路,,,,,,85號,121.129661770657,22.9040337309087
臺東縣鹿野鄉龍田村2鄰龍二路86號,10014,1001405,1001405-007,2鄰,龍二路,,,,,,86號,121.129799230502,22.9025104787835
臺東縣鹿野鄉龍田村1鄰龍二路87號,10014,1001405,1001405-007,1鄰,龍二路,,,,,,87號,121.129662408941,22.9040899021495
臺東縣鹿野鄉龍田村1鄰龍二路89巷17號,10014,1001405,1001405-007,1鄰,龍二路,,89巷,,,,17號,121.128645937775,22.9041163577848
臺東縣鹿野鄉龍田村1鄰龍二路89巷19號,10014,1001405,1001405-007,1鄰,龍二路,,89巷,,,,19號,121.128607751964,22.9041444655442
臺東縣鹿野鄉龍田村3鄰龍二路161巷9弄17號,10014,1001405,1001405-007,3鄰,龍二路,,161巷,9弄,,,17號,121.127535506733,22.9116180944183
