FULL_ADDR,COUNTY,TOWN,VILLAGE,NEIGHBORHOOD,ROAD,SECTION,LANE,ALLEY,SUB_ALLEY,TONG,NUMBER,X,Y
屏東縣屏東市華山里7鄰華平路1號,10013,1001301,1001301-060,7鄰,華平路,,,,,,1號,120.506888098017,22.6874334597298
屏東縣屏東市華山里7鄰華平路3號,10013,1001301,1001301-060,7鄰,華平路,,,,,,3號,120.506872380947,22.6874740501612
屏東縣屏東市華山里7鄰華平路5號,10013,1001301,1001301-060,7鄰,華平路,,,,,,5號,120.506861927067,22.687512489399
屏東縣屏東市華山里7鄰華平路7號,10013,1001301,1001301-060,7鄰,華平路,,,,,,7號,120.506850184394,22.6875575171894
屏東縣屏東市華山里7鄰華平路9號,10013,1001301,1001301-060,7鄰,華平路,,,,,,9號,120.506837297422,22.6875959489296
屏東縣屏東市華山里7鄰華平路11號,10013,1001301,1001301-060,7鄰,華平路,,,,,,11號,120.506829358092,22.6876388210295
屏東縣屏東市華山里7鄰華平路13號,10013,1001301,1001301-060,7鄰,華平路,,,,,,13號,120.506813665599,22.6876997309515
屏東縣屏東市華山里7鄰華平路15號,10013,1001301,1001301-060,7鄰,華平路,,,,,,15號,120.50678892203,22.6877606129853
屏東縣屏東市華山里7鄰華平路32巷8號,10013,1001301,1001301-060,7鄰,華平路,,32巷,,,,8號,120.50743389942,22.6880576368674
屏東縣屏東市華山里7鄰華平路32巷8號二樓,10013,1001301,1001301-060,7鄰,華平路,,32巷,,,,8號二樓,120.50743389942,22.6880576368674
