FULL_ADDR,COUNTY,TOWN,VILLAGE,NEIGHBORHOOD,ROAD,SECTION,LANE,ALLEY,SUB_ALLEY,TONG,NUMBER,X,Y
屏東縣恆春鎮網紗里14鄰恒福一街66號,10013,1001304,1001304-005,14鄰,恒福一街,,,,,,66號,120.747054397437,22.010298009327
屏東縣恆春鎮網紗里14鄰恒福一街68號,10013,1001304,1001304-005,14鄰,恒福一街,,,,,,68號,120.746996738886,22.0103141775671
屏東縣恆春鎮網紗里14鄰恒福一街70號,10013,1001304,1001304-005,14鄰,恒福一街,,,,,,70號,120.746941783492,22.0103353174393
屏東縣恆春鎮網紗里14鄰恒福一街72號,10013,1001304,1001304-005,14鄰,恒福一街,,,,,,72號,120.746884120584,22.0103539242139
屏東縣恆春鎮網紗里14鄰恒福一街76號,10013,1001304,1001304-005,14鄰,恒福一街,,,,,,76號,120.746833142858,22.0103713671596
屏東縣恆春鎮網紗里14鄰恒福一街78號,10013,1001304,1001304-005,14鄰,恒福一街,,,,,,78號,120.746772767934,22.0103899697069
屏東縣恆春鎮網紗里14鄰恒福一街80號,10013,1001304,1001304-005,14鄰,恒福一街,,,,,,80號,120.74671781681,22.0104086709288
屏東縣恆春鎮網紗里14鄰恒福一街82號,10013,1001304,1001304-005,14鄰,恒福一街,,,,,,82號,120.746660145017,22.0104322450902
