FULL_ADDR,COUNTY,TOWN,VILLAGE,NEIGHBORHOOD,ROAD,SECTION,LANE,ALLEY,SUB_ALLEY,TONG,NUMBER,X,Y
屏東縣萬丹鄉四維村11鄰公園東街28號,10013,1001305,1001305-007,11鄰,公園東街,,,,,,28號,120.486520910846,22.5949805687781
屏東縣萬丹鄉萬全村1鄰公園東街19號,10013,1001305,1001305-003,1鄰,公園東街,,,,,,19號,120.487644554621,22.5938204306316
屏東縣萬丹鄉萬全村1鄰公園東街29號,10013,1001305,1001305-003,1鄰,公園東街,,,,,,29號,120.485827781623,22.5936356312424
