FULL_ADDR,COUNTY,TOWN,VILLAGE,NEIGHBORHOOD,ROAD,SECTION,LANE,ALLEY,SUB_ALLEY,TONG,NUMBER,X,Y
屏東縣竹田鄉西勢村14鄰東西二路16之1號,10013,1001314,1001314-009,14鄰,東西二路,,,,,,16之1號,120.520200872751,22.6239375392298
屏東縣竹田鄉西勢村14鄰東西二路18號,10013,1001314,1001314-009,14鄰,東西二路,,,,,,18號,120.520425631678,22.6238689439398
