FULL_ADDR,COUNTY,TOWN,VILLAGE,NEIGHBORHOOD,ROAD,SECTION,LANE,ALLEY,SUB_ALLEY,TONG,NUMBER,X,Y
屏東縣長治鄉德和村6鄰園南路1號,10013,1001306,1001306-011,6鄰,園南路,,,,,,1號,120.53570862851,22.7063503623015
屏東縣長治鄉德和村6鄰園南路5號,10013,1001306,1001306-011,6鄰,園南路,,,,,,5號,120.534378969136,22.7061852970479
屏東縣長治鄉德和村6鄰園南路6號,10013,1001306,1001306-011,6鄰,園南路,,,,,,6號,120.535648432486,22.7066512764669
屏東縣長治鄉德和村6鄰園南路7號,10013,1001306,1001306-011,6鄰,園南路,,,,,,7號,120.533288774324,22.7065052444686
屏東縣長治鄉德和村6鄰園南路8號,10013,1001306,1001306-011,6鄰,園南路,,,,,,8號,120.534448527519,22.7070315103404
