FULL_ADDR,COUNTY,TOWN,VILLAGE,NEIGHBORHOOD,ROAD,SECTION,LANE,ALLEY,SUB_ALLEY,TONG,NUMBER,X,Y
新竹市東區科園里22鄰研新三路1號,10018,1001801,1001801-047,22鄰,研新三路,,,,,,1號,120.98817489242,24.7782188556246
新竹市東區科園里22鄰研新三路3號,10018,1001801,1001801-047,22鄰,研新三路,,,,,,3號,120.989566287759,24.7795792154591
新竹市東區科園里22鄰研新三路4號,10018,1001801,1001801-047,22鄰,研新三路,,,,,,4號,120.990702808781,24.7790155414595
