FULL_ADDR,COUNTY,TOWN,VILLAGE,NEIGHBORHOOD,ROAD,SECTION,LANE,ALLEY,SUB_ALLEY,TONG,NUMBER,X,Y
臺東縣成功鎮忠仁里20鄰有恆路1號,10014,1001402,1001402-006,20鄰,有恆路,,,,,,1號,121.381003849928,23.0996692039176
臺東縣成功鎮忠仁里23鄰有恆路5號,10014,1001402,1001402-006,23鄰,有恆路,,,,,,5號,121.38150818231,23.0998213867477
臺東縣成功鎮忠仁里23鄰有恆路6號,10014,1001402,1001402-006,23鄰,有恆路,,,,,,6號,121.381597766479,23.0998623492309
臺東縣成功鎮忠仁里23鄰有恆路9之1號,10014,1001402,1001402-006,23鄰,有恆路,,,,,,9之1號,121.381797593815,23.0999451542193
臺東縣成功鎮忠仁里23鄰有恆路9號,10014,1001402,1001402-006,23鄰,有恆路,,,,,,9號,121.381762682284,23.0999234751852
臺東縣成功鎮忠仁里23鄰有恆路10號,10014,1001402,1001402-006,23鄰,有恆路,,,,,,10號,121.381910897358,23.0999679981889
臺東縣成功鎮忠仁里27鄰有恆路18號,10014,1001402,1001402-006,27鄰,有恆路,,,,,,18號,121.382653710346,23.1003382913922
