FULL_ADDR,COUNTY,TOWN,VILLAGE,NEIGHBORHOOD,ROAD,SECTION,LANE,ALLEY,SUB_ALLEY,TONG,NUMBER,X,Y
嘉義縣溪口鄉坪頂村11鄰成功路20號,10010,1001006,1001006-014,11鄰,成功路,,,,,,20號,120.401962565657,23.6014892644911
嘉義縣溪口鄉坪頂村11鄰成功路21號,10010,1001006,1001006-014,11鄰,成功路,,,,,,21號,120.40185264403,23.6020902196397
嘉義縣溪口鄉坪頂村11鄰成功路2號附1,10010,1001006,1001006-014,11鄰,成功路,,,,,,2號附1,120.402177967015,23.6020878605647
嘉義縣溪口鄉坪頂村11鄰成功路2號,10010,1001006,1001006-014,11鄰,成功路,,,,,,2號,120.402760030463,23.6021247744502
嘉義縣溪口鄉溪東村13鄰成功路81號,10010,1001006,1001006-001,13鄰,成功路,,,,,,81號,120.398337651195,23.6009421480586
