FULL_ADDR,COUNTY,TOWN,VILLAGE,NEIGHBORHOOD,ROAD,SECTION,LANE,ALLEY,SUB_ALLEY,TONG,NUMBER,X,Y
花蓮縣瑞穗鄉瑞祥村14鄰北一路120號,10015,1001509,1001509-004,14鄰,北一路,,,,,,120號,121.368879535248,23.4998892199283
花蓮縣瑞穗鄉瑞祥村14鄰北一路121號,10015,1001509,1001509-004,14鄰,北一路,,,,,,121號,121.368209694587,23.5002683591983
花蓮縣瑞穗鄉瑞祥村14鄰北一路123號,10015,1001509,1001509-004,14鄰,北一路,,,,,,123號,121.368406645856,23.500779165069
