FULL_ADDR,COUNTY,TOWN,VILLAGE,NEIGHBORHOOD,ROAD,SECTION,LANE,ALLEY,SUB_ALLEY,TONG,NUMBER,X,Y
花蓮縣瑞穗鄉瑞祥村15鄰?泉一街8號,10015,1001509,1001509-004,15鄰,?泉一街,,,,,,8號,121.370335225514,23.4892118088943
花蓮縣瑞穗鄉瑞祥村14鄰?泉一街17號,10015,1001509,1001509-004,14鄰,?泉一街,,,,,,17號,121.370561565955,23.4906428941168
