FULL_ADDR,COUNTY,TOWN,VILLAGE,NEIGHBORHOOD,ROAD,SECTION,LANE,ALLEY,SUB_ALLEY,TONG,NUMBER,X,Y
屏東縣屏東市橋南里19鄰工業環路1號,10013,1001301,1001301-020,19鄰,工業環路,,,,,,1號,120.500777153936,22.6615060563699
屏東縣屏東市橋南里19鄰工業環路2之1號,10013,1001301,1001301-020,19鄰,工業環路,,,,,,2之1號,120.500847242762,22.661067644983
屏東縣屏東市橋南里19鄰工業環路2號,10013,1001301,1001301-020,19鄰,工業環路,,,,,,2號,120.50114884204,22.6610269519003
屏東縣屏東市橋南里19鄰工業環路4號,10013,1001301,1001301-020,19鄰,工業環路,,,,,,4號,120.502264213665,22.6607952564432
屏東縣屏東市橋南里19鄰工業環路6號,10013,1001301,1001301-020,19鄰,工業環路,,,,,,6號,120.502723541049,22.6614304697858
屏東縣屏東市橋南里19鄰工業環路7號,10013,1001301,1001301-020,19鄰,工業環路,,,,,,7號,120.5019044914,22.6614381306158
屏東縣屏東市橋南里19鄰工業環路9號,10013,1001301,1001301-020,19鄰,工業環路,,,,,,9號,120.502409675562,22.6613646536633
屏東縣屏東市橋南里19鄰工業環路20號,10013,1001301,1001301-020,19鄰,工業環路,,,,,,20號,120.502511192724,22.662085903981
