FULL_ADDR,COUNTY,TOWN,VILLAGE,NEIGHBORHOOD,ROAD,SECTION,LANE,ALLEY,SUB_ALLEY,TONG,NUMBER,X,Y
花蓮縣光復鄉大華村12鄰華新街1號,10015,1001507,1001507-002,12鄰,華新街,,,,,,1號,121.422565612836,23.6668419838073
花蓮縣光復鄉大華村12鄰華新街2之1號,10015,1001507,1001507-002,12鄰,華新街,,,,,,2之1號,121.42263132207,23.6666729924824
花蓮縣光復鄉大華村12鄰華新街2號,10015,1001507,1001507-002,12鄰,華新街,,,,,,2號,121.422675375826,23.6666597339672
花蓮縣光復鄉大華村12鄰華新街6號,10015,1001507,1001507-002,12鄰,華新街,,,,,,6號,121.422575925779,23.6666863090056
花蓮縣光復鄉大華村12鄰華新街8號,10015,1001507,1001507-002,12鄰,華新街,,,,,,8號,121.422519779305,23.6666980383096
花蓮縣光復鄉大華村12鄰華新街10號,10015,1001507,1001507-002,12鄰,華新街,,,,,,10號,121.422458505605,23.6667097815712
