FULL_ADDR,COUNTY,TOWN,VILLAGE,NEIGHBORHOOD,ROAD,SECTION,LANE,ALLEY,SUB_ALLEY,TONG,NUMBER,X,Y
屏東縣九如鄉後庄村17鄰向陽路66號,10013,1001308,1001308-007,17鄰,向陽路,,,,,,66號,120.503821161103,22.7558085535975
屏東縣九如鄉後庄村17鄰向陽路78巷2號,10013,1001308,1001308-007,17鄰,向陽路,,78巷,,,,2號,120.502709803086,22.7561172908654
