FULL_ADDR,COUNTY,TOWN,VILLAGE,NEIGHBORHOOD,ROAD,SECTION,LANE,ALLEY,SUB_ALLEY,TONG,NUMBER,X,Y
花蓮縣瑞穗鄉瑞穗村15鄰萬生路5號,10015,1001509,1001509-001,15鄰,萬生路,,,,,,5號,121.377751533049,23.5011304766434
花蓮縣瑞穗鄉瑞穗村15鄰萬生路9號,10015,1001509,1001509-001,15鄰,萬生路,,,,,,9號,121.378126017442,23.5009885733545
花蓮縣瑞穗鄉瑞穗村15鄰萬生路15之1號,10015,1001509,1001509-001,15鄰,萬生路,,,,,,15之1號,121.378196823672,23.5012889297768
