FULL_ADDR,COUNTY,TOWN,VILLAGE,NEIGHBORHOOD,ROAD,SECTION,LANE,ALLEY,SUB_ALLEY,TONG,NUMBER,X,Y
嘉義縣民雄鄉双福村4鄰民新東路569號,10010,1001005,1001005-023,4鄰,民新東路,,,,,,569號,120.447810035805,23.539381574747
嘉義縣民雄鄉双福村4鄰民新東路668號,10010,1001005,1001005-023,4鄰,民新東路,,,,,,668號,120.446676780743,23.5416278719689
嘉義縣民雄鄉双福村4鄰民新東路811號,10010,1001005,1001005-023,4鄰,民新東路,,,,,,811號,120.443685126537,23.5423353454747
嘉義縣民雄鄉東湖村15鄰民新東路1300號,10010,1001005,1001005-006,15鄰,民新東路,,,,,,1300號,120.440737210251,23.5469590586762
