FULL_ADDR,COUNTY,TOWN,VILLAGE,NEIGHBORHOOD,ROAD,SECTION,LANE,ALLEY,SUB_ALLEY,TONG,NUMBER,X,Y
花蓮縣鳳林鎮北林里1鄰民安路1號,10015,1001502,1001502-008,1鄰,民安路,,,,,,1號,121.472861015667,23.7676839538363
花蓮縣鳳林鎮北林里1鄰民安路3號,10015,1001502,1001502-008,1鄰,民安路,,,,,,3號,121.47276112044,23.7678552900613
花蓮縣鳳林鎮北林里1鄰民安路6號,10015,1001502,1001502-008,1鄰,民安路,,,,,,6號,121.473336382558,23.7681805999319
花蓮縣鳳林鎮北林里2鄰民安路7號,10015,1001502,1001502-008,2鄰,民安路,,,,,,7號,121.473324486633,23.7690145146346
花蓮縣鳳林鎮北林里3鄰民安路11號,10015,1001502,1001502-008,3鄰,民安路,,,,,,11號,121.473768702359,23.7698748962958
