FULL_ADDR,COUNTY,TOWN,VILLAGE,NEIGHBORHOOD,ROAD,SECTION,LANE,ALLEY,SUB_ALLEY,TONG,NUMBER,X,Y
花蓮縣玉里鎮永昌里7鄰新昌一街2之3號,10015,1001503,1001503-003,7鄰,新昌一街,,,,,,2之3號,121.315535663573,23.3440003089232
花蓮縣玉里鎮永昌里7鄰新昌一街2號,10015,1001503,1001503-003,7鄰,新昌一街,,,,,,2號,121.3152693246,23.3433474888217
花蓮縣玉里鎮永昌里7鄰新昌一街2之1號,10015,1001503,1001503-003,7鄰,新昌一街,,,,,,2之1號,121.315321964293,23.3436478192115
花蓮縣玉里鎮永昌里7鄰新昌一街2之2號,10015,1001503,1001503-003,7鄰,新昌一街,,,,,,2之2號,121.315376932792,23.3437746738107
花蓮縣玉里鎮永昌里7鄰新昌一街3號,10015,1001503,1001503-003,7鄰,新昌一街,,,,,,3號,121.316587943462,23.3426947409894
花蓮縣玉里鎮永昌里7鄰新昌一街4號,10015,1001503,1001503-003,7鄰,新昌一街,,,,,,4號,121.315219706453,23.3433741376388
花蓮縣玉里鎮永昌里7鄰新昌一街23號,10015,1001503,1001503-003,7鄰,新昌一街,,,,,,23號,121.315430792563,23.3429768331524
