FULL_ADDR,COUNTY,TOWN,VILLAGE,NEIGHBORHOOD,ROAD,SECTION,LANE,ALLEY,SUB_ALLEY,TONG,NUMBER,X,Y
臺東縣池上鄉大埔村3鄰埔中二街25號,10014,1001406,1001406-004,3鄰,埔中二街,,,,,,25號,121.212519278964,23.1188385301785
臺東縣池上鄉大埔村3鄰埔中二街27號,10014,1001406,1001406-004,3鄰,埔中二街,,,,,,27號,121.212558096439,23.1188124608473
臺東縣池上鄉大埔村3鄰埔中二街29號,10014,1001406,1001406-004,3鄰,埔中二街,,,,,,29號,121.212707398573,23.1187377936423
臺東縣池上鄉大埔村3鄰埔中二街31號,10014,1001406,1001406-004,3鄰,埔中二街,,,,,,31號,121.2127454563,23.1187129082925
臺東縣池上鄉大埔村3鄰埔中二街33號,10014,1001406,1001406-004,3鄰,埔中二街,,,,,,33號,121.212845659011,23.1186760910133
臺東縣池上鄉大埔村3鄰埔中二街33之1號,10014,1001406,1001406-004,3鄰,埔中二街,,,,,,33之1號,121.212911723181,23.118691480248
臺東縣池上鄉大埔村3鄰埔中二街33之2號,10014,1001406,1001406-004,3鄰,埔中二街,,,,,,33之2號,121.212941856241,23.1187553217462
臺東縣池上鄉大埔村4鄰埔中二街46號,10014,1001406,1001406-004,4鄰,埔中二街,,,,,,46號,121.214078970098,23.1181673203799
