FULL_ADDR,COUNTY,TOWN,VILLAGE,NEIGHBORHOOD,ROAD,SECTION,LANE,ALLEY,SUB_ALLEY,TONG,NUMBER,X,Y
花蓮縣瑞穗鄉瑞穗村18鄰慈安路549號,10015,1001509,1001509-001,18鄰,慈安路,,,,,,549號,121.377465925738,23.5102666787509
花蓮縣瑞穗鄉瑞穗村18鄰慈安路567號,10015,1001509,1001509-001,18鄰,慈安路,,,,,,567號,121.377671708026,23.5097563632392
花蓮縣瑞穗鄉瑞穗村18鄰慈安路569之1號,10015,1001509,1001509-001,18鄰,慈安路,,,,,,569之1號,121.3775595704,23.5094986023947
花蓮縣瑞穗鄉瑞穗村18鄰慈安路569之2號,10015,1001509,1001509-001,18鄰,慈安路,,,,,,569之2號,121.377672810975,23.5092331252815
花蓮縣瑞穗鄉瑞穗村18鄰慈安路569號,10015,1001509,1001509-001,18鄰,慈安路,,,,,,569號,121.377800713156,23.5095696979185
花蓮縣瑞穗鄉瑞穗村18鄰慈安路587之10號,10015,1001509,1001509-001,18鄰,慈安路,,,,,,587之10號,121.379205620444,23.5101618132229
花蓮縣瑞穗鄉瑞穗村18鄰慈安路587號,10015,1001509,1001509-001,18鄰,慈安路,,,,,,587號,121.378182826427,23.5100131557086
花蓮縣瑞穗鄉瑞穗村18鄰慈安路595號,10015,1001509,1001509-001,18鄰,慈安路,,,,,,595號,121.378059132114,23.5102456267415
花蓮縣瑞穗鄉瑞穗村18鄰慈安路603之1號,10015,1001509,1001509-001,18鄰,慈安路,,,,,,603之1號,121.377830730272,23.5102957016006
