FULL_ADDR,COUNTY,TOWN,VILLAGE,NEIGHBORHOOD,ROAD,SECTION,LANE,ALLEY,SUB_ALLEY,TONG,NUMBER,X,Y
屏東縣屏東市潭墘里35鄰航盛街8號,10013,1001301,1001301-075,35鄰,航盛街,,,,,,8號,120.470664608891,22.6795309542398
屏東縣屏東市潭墘里35鄰航盛街12號,10013,1001301,1001301-075,35鄰,航盛街,,,,,,12號,120.470648996631,22.679617779189
屏東縣屏東市潭墘里35鄰航盛街14號,10013,1001301,1001301-075,35鄰,航盛街,,,,,,14號,120.470631038099,22.6796820193107
屏東縣屏東市潭墘里38鄰航盛街26之1號,10013,1001301,1001301-075,38鄰,航盛街,,,,,,26之1號,120.470597590737,22.68056133064
屏東縣屏東市潭墘里38鄰航盛街28號,10013,1001301,1001301-075,38鄰,航盛街,,,,,,28號,120.470495232191,22.6806572607906
屏東縣屏東市潭墘里38鄰航盛街30號,10013,1001301,1001301-075,38鄰,航盛街,,,,,,30號,120.47053582816,22.680805681195
