FULL_ADDR,COUNTY,TOWN,VILLAGE,NEIGHBORHOOD,ROAD,SECTION,LANE,ALLEY,SUB_ALLEY,TONG,NUMBER,X,Y
屏東縣新園鄉五房村15鄰龍洲一路79之1號,10013,1001317,1001317-013,15鄰,龍洲一路,,,,,,79之1號,120.442930797836,22.4983072887887
屏東縣新園鄉五房村15鄰龍洲一路83之1號,10013,1001317,1001317-013,15鄰,龍洲一路,,,,,,83之1號,120.442944961109,22.498411013631
屏東縣新園鄉五房村15鄰龍洲一路89之1號,10013,1001317,1001317-013,15鄰,龍洲一路,,,,,,89之1號,120.443011273927,22.498500920695
屏東縣新園鄉五房村16鄰龍洲一路161之1號,10013,1001317,1001317-013,16鄰,龍洲一路,,,,,,161之1號,120.443114409417,22.5001964859757
屏東縣新園鄉新園村16鄰龍洲一路698號,10013,1001317,1001317-007,16鄰,龍洲一路,,,,,,698號,120.441086134975,22.5089223408736
屏東縣新園鄉新園村16鄰龍洲一路700號,10013,1001317,1001317-007,16鄰,龍洲一路,,,,,,700號,120.440865091185,22.5091196232384
屏東縣新園鄉新園村16鄰龍洲一路702號,10013,1001317,1001317-007,16鄰,龍洲一路,,,,,,702號,120.440896159056,22.5093218445375
