FULL_ADDR,COUNTY,TOWN,VILLAGE,NEIGHBORHOOD,ROAD,SECTION,LANE,ALLEY,SUB_ALLEY,TONG,NUMBER,X,Y
屏東縣枋寮鄉內寮村8鄰瓦?三路6號,10013,1001316,1001316-010,8鄰,瓦?三路,,,,,,6號,120.613519601386,22.3761110469396
屏東縣枋寮鄉內寮村8鄰瓦?三路12號,10013,1001316,1001316-010,8鄰,瓦?三路,,,,,,12號,120.613466093252,22.3763227932827
屏東縣枋寮鄉內寮村8鄰瓦?三路22號,10013,1001316,1001316-010,8鄰,瓦?三路,,,,,,22號,120.613498726477,22.3764615918894
屏東縣枋寮鄉內寮村8鄰瓦?三路26號,10013,1001316,1001316-010,8鄰,瓦?三路,,,,,,26號,120.613511894198,22.3765108438857
屏東縣枋寮鄉內寮村8鄰瓦?三路28號,10013,1001316,1001316-010,8鄰,瓦?三路,,,,,,28號,120.613554696716,22.3765539350606
屏東縣枋寮鄉內寮村8鄰瓦?三路30號,10013,1001316,1001316-010,8鄰,瓦?三路,,,,,,30號,120.613557887891,22.3765939513092
屏東縣枋寮鄉內寮村8鄰瓦?三路40號,10013,1001316,1001316-010,8鄰,瓦?三路,,,,,,40號,120.613594148125,22.3767908297681
