FULL_ADDR,COUNTY,TOWN,VILLAGE,NEIGHBORHOOD,ROAD,SECTION,LANE,ALLEY,SUB_ALLEY,TONG,NUMBER,X,Y
屏東縣屏東市前進里5鄰園東街3號,10013,1001301,1001301-054,5鄰,園東街,,,,,,3號,120.457546290229,22.6419843426962
屏東縣屏東市前進里5鄰園東街6號,10013,1001301,1001301-054,5鄰,園東街,,,,,,6號,120.457785575462,22.6450958298189
屏東縣屏東市前進里5鄰園東街10之3號,10013,1001301,1001301-054,5鄰,園東街,,,,,,10之3號,120.456549004705,22.6466949799597
屏東縣屏東市前進里5鄰園東街10號,10013,1001301,1001301-054,5鄰,園東街,,,,,,10號,120.457554878059,22.6469573915378
屏東縣屏東市前進里5鄰園東街10之1號,10013,1001301,1001301-054,5鄰,園東街,,,,,,10之1號,120.45719010959,22.6468607910481
屏東縣屏東市前進里5鄰園東街10之2號,10013,1001301,1001301-054,5鄰,園東街,,,,,,10之2號,120.45686823852,22.6467667734091
屏東縣屏東市前進里5鄰園東街16號,10013,1001301,1001301-054,5鄰,園東街,,,,,,16號,120.457271690231,22.6489531536977
