FULL_ADDR,COUNTY,TOWN,VILLAGE,NEIGHBORHOOD,ROAD,SECTION,LANE,ALLEY,SUB_ALLEY,TONG,NUMBER,X,Y
花蓮縣瑞穗鄉瑞祥村16鄰九如路86號,10015,1001509,1001509-004,16鄰,九如路,,,,,,86號,121.368254705348,23.5061059779247
花蓮縣瑞穗鄉瑞祥村16鄰九如路88之1號,10015,1001509,1001509-004,16鄰,九如路,,,,,,88之1號,121.367932077581,23.5060030756069
