FULL_ADDR,COUNTY,TOWN,VILLAGE,NEIGHBORHOOD,ROAD,SECTION,LANE,ALLEY,SUB_ALLEY,TONG,NUMBER,X,Y
花蓮縣富里鄉石牌村1鄰富成街2號,10015,1001510,1001510-007,1鄰,富成街,,,,,,2號,121.25146404784,23.1819012121871
花蓮縣富里鄉石牌村1鄰富成街6號,10015,1001510,1001510-007,1鄰,富成街,,,,,,6號,121.251404551452,23.1819485365568
花蓮縣富里鄉石牌村1鄰富成街8號,10015,1001510,1001510-007,1鄰,富成街,,,,,,8號,121.251349751075,23.181999826813
花蓮縣富里鄉石牌村1鄰富成街10號,10015,1001510,1001510-007,1鄰,富成街,,,,,,10號,121.251308983494,23.1820333949323
花蓮縣富里鄉石牌村1鄰富成街12號,10015,1001510,1001510-007,1鄰,富成街,,,,,,12號,121.251274664449,23.1820678557959
花蓮縣富里鄉石牌村1鄰富成街16號,10015,1001510,1001510-007,1鄰,富成街,,,,,,16號,121.251236040222,23.1820984404208
