FULL_ADDR,COUNTY,TOWN,VILLAGE,NEIGHBORHOOD,ROAD,SECTION,LANE,ALLEY,SUB_ALLEY,TONG,NUMBER,X,Y
花蓮縣吉安鄉光華村18鄰華中一路55巷12號,10015,1001505,1001505-018,18鄰,華中一路,,55巷,,,,12號,121.597740462821,23.9338546326429
花蓮縣吉安鄉光華村18鄰華中一路55巷16號,10015,1001505,1001505-018,18鄰,華中一路,,55巷,,,,16號,121.597828576258,23.933700430147
花蓮縣吉安鄉光華村18鄰華中一路55巷18號,10015,1001505,1001505-018,18鄰,華中一路,,55巷,,,,18號,121.598148612893,23.9336469138424
花蓮縣吉安鄉光華村18鄰華中一路75巷3號,10015,1001505,1001505-018,18鄰,華中一路,,75巷,,,,3號,121.598599253488,23.9351190513095
花蓮縣吉安鄉光華村18鄰華中一路75巷5號,10015,1001505,1001505-018,18鄰,華中一路,,75巷,,,,5號,121.598638037513,23.9350361284082
花蓮縣吉安鄉光華村18鄰華中一路75巷9號,10015,1001505,1001505-018,18鄰,華中一路,,75巷,,,,9號,121.598904564237,23.9349455369021
花蓮縣吉安鄉光華村18鄰華中一路100號,10015,1001505,1001505-018,18鄰,華中一路,,,,,,100號,121.598719478976,23.9372647168613
花蓮縣吉安鄉光華村18鄰華中一路117號,10015,1001505,1001505-018,18鄰,華中一路,,,,,,117號,121.599620140767,23.9386351864447
