FULL_ADDR,COUNTY,TOWN,VILLAGE,NEIGHBORHOOD,ROAD,SECTION,LANE,ALLEY,SUB_ALLEY,TONG,NUMBER,X,Y
花蓮縣玉里鎮中城里4鄰城東二街1號,10015,1001503,1001503-001,4鄰,城東二街,,,,,,1號,121.318177364166,23.3282636987756
花蓮縣玉里鎮中城里4鄰城東二街2號,10015,1001503,1001503-001,4鄰,城東二街,,,,,,2號,121.318173088312,23.3284720356582
花蓮縣玉里鎮中城里4鄰城東二街3號,10015,1001503,1001503-001,4鄰,城東二街,,,,,,3號,121.318126802777,23.32823248449
花蓮縣玉里鎮中城里4鄰城東二街5號,10015,1001503,1001503-001,4鄰,城東二街,,,,,,5號,121.318054418607,23.3281943521558
花蓮縣玉里鎮中城里4鄰城東二街6號,10015,1001503,1001503-001,4鄰,城東二街,,,,,,6號,121.31813688105,23.3284610019582
花蓮縣玉里鎮中城里4鄰城東二街8號,10015,1001503,1001503-001,4鄰,城東二街,,,,,,8號,121.318099390753,23.3284450042093
花蓮縣玉里鎮中城里4鄰城東二街8之1號,10015,1001503,1001503-001,4鄰,城東二街,,,,,,8之1號,121.318060439479,23.3284314475886
花蓮縣玉里鎮中城里4鄰城東二街10號,10015,1001503,1001503-001,4鄰,城東二街,,,,,,10號,121.317634640667,23.3284571446369
