FULL_ADDR,COUNTY,TOWN,VILLAGE,NEIGHBORHOOD,ROAD,SECTION,LANE,ALLEY,SUB_ALLEY,TONG,NUMBER,X,Y
花蓮縣瑞穗鄉鶴岡村26鄰興鶴一街256之1號,10015,1001509,1001509-007,26鄰,興鶴一街,,,,,,256之1號,121.396657912701,23.5401573731851
花蓮縣瑞穗鄉鶴岡村26鄰興鶴一街256號,10015,1001509,1001509-007,26鄰,興鶴一街,,,,,,256號,121.39256292584,23.5367407034637
花蓮縣瑞穗鄉鶴岡村26鄰興鶴一街258之1號,10015,1001509,1001509-007,26鄰,興鶴一街,,,,,,258之1號,121.389081906874,23.5343152889687
花蓮縣瑞穗鄉鶴岡村26鄰興鶴一街259號,10015,1001509,1001509-007,26鄰,興鶴一街,,,,,,259號,121.396831060766,23.5433323461062
花蓮縣瑞穗鄉鶴岡村26鄰興鶴一街262之1號,10015,1001509,1001509-007,26鄰,興鶴一街,,,,,,262之1號,121.38975300491,23.5395278249833
