FULL_ADDR,COUNTY,TOWN,VILLAGE,NEIGHBORHOOD,ROAD,SECTION,LANE,ALLEY,SUB_ALLEY,TONG,NUMBER,X,Y
新竹市東區科園里24鄰工業東七路1號,10018,1001801,1001801-047,24鄰,工業東七路,,,,,,1號,121.010729976496,24.7759030887952
新竹市東區科園里24鄰工業東七路5號,10018,1001801,1001801-047,24鄰,工業東七路,,,,,,5號,121.010307054728,24.7750855738662
新竹市東區科園里24鄰工業東七路7號,10018,1001801,1001801-047,24鄰,工業東七路,,,,,,7號,121.010407006549,24.7759663121641
新竹市東區科園里24鄰工業東七路8號,10018,1001801,1001801-047,24鄰,工業東七路,,,,,,8號,121.011480229548,24.7756151093875
新竹市東區科園里24鄰工業東七路9號,10018,1001801,1001801-047,24鄰,工業東七路,,,,,,9號,121.009764867736,24.7753940290391
