FULL_ADDR,COUNTY,TOWN,VILLAGE,NEIGHBORHOOD,ROAD,SECTION,LANE,ALLEY,SUB_ALLEY,TONG,NUMBER,X,Y
屏東縣高樹鄉菜寮村4鄰建成路1號,10013,1001311,1001311-008,4鄰,建成路,,,,,,1號,120.604218864548,22.8501260879335
屏東縣高樹鄉菜寮村4鄰建成路1之2號,10013,1001311,1001311-008,4鄰,建成路,,,,,,1之2號,120.60417248364,22.8503278100076
屏東縣高樹鄉菜寮村4鄰建成路1之1號,10013,1001311,1001311-008,4鄰,建成路,,,,,,1之1號,120.604011494399,22.8502665423517
屏東縣高樹鄉菜寮村5鄰建成路2號,10013,1001311,1001311-008,5鄰,建成路,,,,,,2號,120.603886569588,22.8505713807818
屏東縣高樹鄉菜寮村5鄰建成路3號,10013,1001311,1001311-008,5鄰,建成路,,,,,,3號,120.604226283022,22.8506265908451
屏東縣高樹鄉菜寮村5鄰建成路4號,10013,1001311,1001311-008,5鄰,建成路,,,,,,4號,120.603764633682,22.8506852260739
屏東縣高樹鄉菜寮村8鄰建成路6號,10013,1001311,1001311-008,8鄰,建成路,,,,,,6號,120.603523669903,22.8510187640486
屏東縣高樹鄉菜寮村6鄰建成路7號,10013,1001311,1001311-008,6鄰,建成路,,,,,,7號,120.603607886156,22.8504043406093
