FULL_ADDR,COUNTY,TOWN,VILLAGE,NEIGHBORHOOD,ROAD,SECTION,LANE,ALLEY,SUB_ALLEY,TONG,NUMBER,X,Y
基隆市中正區正砂里19鄰東海街1之6號,10017,1001701,1001701-010,19鄰,東海街,,,,,,1之6號,121.757985067751,25.1417810197412
基隆市中正區正砂里10鄰東海街3號,10017,1001701,1001701-010,10鄰,東海街,,,,,,3號,121.760641599159,25.1428963173384
基隆市中正區正砂里19鄰東海街6號,10017,1001701,1001701-010,19鄰,東海街,,,,,,6號,121.757904268407,25.1412397709892
基隆市中正區正砂里19鄰東海街8號,10017,1001701,1001701-010,19鄰,東海街,,,,,,8號,121.759323084197,25.1422164347353
基隆市中正區正砂里19鄰東海街8之1號,10017,1001701,1001701-010,19鄰,東海街,,,,,,8之1號,121.759639609391,25.1423365956729
基隆市中正區正砂里19鄰東海街8之1號二樓,10017,1001701,1001701-010,19鄰,東海街,,,,,,8之1號二樓,121.759639609391,25.1423365956729
基隆市中正區正砂里19鄰東海街9號,10017,1001701,1001701-010,19鄰,東海街,,,,,,9號,121.759694425265,25.1428606433169
基隆市中正區正砂里19鄰東海街30號,10017,1001701,1001701-010,19鄰,東海街,,,,,,30號,121.757684453802,25.1413299085239
