FULL_ADDR,COUNTY,TOWN,VILLAGE,NEIGHBORHOOD,ROAD,SECTION,LANE,ALLEY,SUB_ALLEY,TONG,NUMBER,X,Y
花蓮縣玉里鎮永昌里7鄰台鳳街2號,10015,1001503,1001503-003,7鄰,台鳳街,,,,,,2號,121.315024883935,23.3443231572837
花蓮縣玉里鎮永昌里7鄰台鳳街3之6號,10015,1001503,1001503-003,7鄰,台鳳街,,,,,,3之6號,121.314267911847,23.3425260783547
花蓮縣玉里鎮永昌里7鄰台鳳街3之2號,10015,1001503,1001503-003,7鄰,台鳳街,,,,,,3之2號,121.314391714768,23.3427968908809
花蓮縣玉里鎮永昌里7鄰台鳳街4號,10015,1001503,1001503-003,7鄰,台鳳街,,,,,,4號,121.314915410423,23.3466414688904
花蓮縣玉里鎮永昌里7鄰台鳳街5號,10015,1001503,1001503-003,7鄰,台鳳街,,,,,,5號,121.31515104957,23.3457757798658
