FULL_ADDR,COUNTY,TOWN,VILLAGE,NEIGHBORHOOD,ROAD,SECTION,LANE,ALLEY,SUB_ALLEY,TONG,NUMBER,X,Y
花蓮縣鳳林鎮長橋里18鄰中園路700巷50之1號,10015,1001502,1001502-011,18鄰,中園路,,700巷,,,,50之1號,121.44528505273,23.6863461584314
花蓮縣鳳林鎮長橋里18鄰中園路800巷55之1號,10015,1001502,1001502-011,18鄰,中園路,,800巷,,,,55之1號,121.436652251532,23.6908334300198
花蓮縣鳳林鎮長橋里18鄰中園路800巷100之1號,10015,1001502,1001502-011,18鄰,中園路,,800巷,,,,100之1號,121.441478099799,23.6946107082854
花蓮縣鳳林鎮長橋里21鄰中園路950之1號,10015,1001502,1001502-011,21鄰,中園路,,,,,,950之1號,121.418664399354,23.6909772008936
