FULL_ADDR,COUNTY,TOWN,VILLAGE,NEIGHBORHOOD,ROAD,SECTION,LANE,ALLEY,SUB_ALLEY,TONG,NUMBER,X,Y
嘉義縣朴子市大葛里24鄰朴子二街6號,10010,1001002,1001002-017,24鄰,朴子二街,,,,,,6號,120.289659612518,23.4586757024069
嘉義縣朴子市大葛里24鄰朴子二街6之1號,10010,1001002,1001002-017,24鄰,朴子二街,,,,,,6之1號,120.28972180457,23.4586683103063
