FULL_ADDR,COUNTY,TOWN,VILLAGE,NEIGHBORHOOD,ROAD,SECTION,LANE,ALLEY,SUB_ALLEY,TONG,NUMBER,X,Y
屏東縣竹田鄉西勢村28鄰過溝一路32之1號,10013,1001314,1001314-009,28鄰,過溝一路,,,,,,32之1號,120.517152802684,22.6154433748497
屏東縣竹田鄉西勢村28鄰過溝一路66號,10013,1001314,1001314-009,28鄰,過溝一路,,,,,,66號,120.517491084328,22.6168757066727
屏東縣竹田鄉西勢村14鄰過溝一路99號,10013,1001314,1001314-009,14鄰,過溝一路,,,,,,99號,120.518187298052,22.6190479341348
屏東縣竹田鄉西勢村14鄰過溝一路101號,10013,1001314,1001314-009,14鄰,過溝一路,,,,,,101號,120.5184869564,22.619285534615
