FULL_ADDR,COUNTY,TOWN,VILLAGE,NEIGHBORHOOD,ROAD,SECTION,LANE,ALLEY,SUB_ALLEY,TONG,NUMBER,X,Y
臺東縣池上鄉福原村11鄰靜修路92號,10014,1001406,1001406-005,11鄰,靜修路,,,,,,92號,121.218631322554,23.1242371946863
臺東縣池上鄉福原村11鄰靜修路96號,10014,1001406,1001406-005,11鄰,靜修路,,,,,,96號,121.218670991045,23.1242118722225
臺東縣池上鄉福原村11鄰靜修路98號,10014,1001406,1001406-005,11鄰,靜修路,,,,,,98號,121.218735396071,23.1241473228647
臺東縣池上鄉福原村11鄰靜修路98之1號,10014,1001406,1001406-005,11鄰,靜修路,,,,,,98之1號,121.218760636724,23.1241118971389
臺東縣池上鄉福原村11鄰靜修路100號,10014,1001406,1001406-005,11鄰,靜修路,,,,,,100號,121.218774048284,23.124061289401
臺東縣池上鄉福原村11鄰靜修路102號,10014,1001406,1001406-005,11鄰,靜修路,,,,,,102號,121.218806944203,23.124032165404
