FULL_ADDR,COUNTY,TOWN,VILLAGE,NEIGHBORHOOD,ROAD,SECTION,LANE,ALLEY,SUB_ALLEY,TONG,NUMBER,X,Y
屏東縣崁頂鄉園寮村3鄰瓦■路7之46號,10013,1001318,1001318-002,3鄰,瓦■路,,,,,,7之46號,120.515270848439,22.51022851718
屏東縣崁頂鄉園寮村3鄰瓦■路7之37號,10013,1001318,1001318-002,3鄰,瓦■路,,,,,,7之37號,120.514741288426,22.5105673935744
屏東縣崁頂鄉園寮村1鄰瓦■路12之1號,10013,1001318,1001318-002,1鄰,瓦■路,,,,,,12之1號,120.517278493466,22.5125283457776
屏東縣崁頂鄉園寮村2鄰瓦■路13之3號,10013,1001318,1001318-002,2鄰,瓦■路,,,,,,13之3號,120.517368780549,22.5130360716004
屏東縣崁頂鄉園寮村1鄰瓦■路16之1號,10013,1001318,1001318-002,1鄰,瓦■路,,,,,,16之1號,120.516942371076,22.5120528461138
屏東縣崁頂鄉園寮村1鄰瓦■路18號,10013,1001318,1001318-002,1鄰,瓦■路,,,,,,18號,120.516456138514,22.5120344989574
屏東縣崁頂鄉園寮村1鄰瓦■路25號,10013,1001318,1001318-002,1鄰,瓦■路,,,,,,25號,120.515310877345,22.5119901457913
