FULL_ADDR,COUNTY,TOWN,VILLAGE,NEIGHBORHOOD,ROAD,SECTION,LANE,ALLEY,SUB_ALLEY,TONG,NUMBER,X,Y
屏東縣竹田鄉六巷村3鄰東西十二路1號,10013,1001314,1001314-012,3鄰,東西十二路,,,,,,1號,120.518184782595,22.608291435508
屏東縣竹田鄉六巷村3鄰東西十二路16號,10013,1001314,1001314-012,3鄰,東西十二路,,,,,,16號,120.516403501481,22.608904970146
屏東縣竹田鄉六巷村3鄰東西十二路28之1號,10013,1001314,1001314-012,3鄰,東西十二路,,,,,,28之1號,120.5146555245,22.6090595422848
屏東縣竹田鄉六巷村3鄰東西十二路32號,10013,1001314,1001314-012,3鄰,東西十二路,,,,,,32號,120.514107041299,22.608833283234
屏東縣竹田鄉六巷村3鄰東西十二路36之1號,10013,1001314,1001314-012,3鄰,東西十二路,,,,,,36之1號,120.513960912238,22.6088975927389
屏東縣竹田鄉六巷村3鄰東西十二路42號,10013,1001314,1001314-012,3鄰,東西十二路,,,,,,42號,120.51344346521,22.6088356983734
