FULL_ADDR,COUNTY,TOWN,VILLAGE,NEIGHBORHOOD,ROAD,SECTION,LANE,ALLEY,SUB_ALLEY,TONG,NUMBER,X,Y
嘉義縣東石鄉東石村26鄰新生三街2號,10010,1001009,1001009-001,26鄰,新生三街,,,,,,2號,120.141465349999,23.4530389675991
嘉義縣東石鄉東石村26鄰新生三街6號,10010,1001009,1001009-001,26鄰,新生三街,,,,,,6號,120.141425630989,23.4530212317744
嘉義縣東石鄉東石村26鄰新生三街8號,10010,1001009,1001009-001,26鄰,新生三街,,,,,,8號,120.141385927752,23.4530010580565
嘉義縣東石鄉東石村26鄰新生三街10號,10010,1001009,1001009-001,26鄰,新生三街,,,,,,10號,120.141344080774,23.4529794278082
嘉義縣東石鄉東石村26鄰新生三街12號,10010,1001009,1001009-001,26鄰,新生三街,,,,,,12號,120.141304377562,23.4529592540701
嘉義縣東石鄉東石村26鄰新生三街16號,10010,1001009,1001009-001,26鄰,新生三街,,,,,,16號,120.141267466408,23.4529462290089
嘉義縣東石鄉東石村26鄰新生三街18號,10010,1001009,1001009-001,26鄰,新生三街,,,,,,18號,120.141221419907,23.4529232211875
嘉義縣東石鄉東石村26鄰新生三街20號,10010,1001009,1001009-001,26鄰,新生三街,,,,,,20號,120.141179477449,23.4529012291898
