FULL_ADDR,COUNTY,TOWN,VILLAGE,NEIGHBORHOOD,ROAD,SECTION,LANE,ALLEY,SUB_ALLEY,TONG,NUMBER,X,Y
花蓮縣鳳林鎮鳳仁里1鄰仁盛路38號,10015,1001502,1001502-001,1鄰,仁盛路,,,,,,38號,121.451814916673,23.7493873356455
花蓮縣鳳林鎮鳳仁里1鄰仁盛路40號,10015,1001502,1001502-001,1鄰,仁盛路,,,,,,40號,121.451784919021,23.7493732467375
花蓮縣鳳林鎮鳳仁里1鄰仁盛路42號,10015,1001502,1001502-001,1鄰,仁盛路,,,,,,42號,121.451754921344,23.749359148794
花蓮縣鳳林鎮鳳仁里1鄰仁盛路46號,10015,1001502,1001502-001,1鄰,仁盛路,,,,,,46號,121.4516949162,23.7493309529178
花蓮縣鳳林鎮鳳仁里1鄰仁盛路47號,10015,1001502,1001502-001,1鄰,仁盛路,,,,,,47號,121.451499938763,23.7489953024368
花蓮縣鳳林鎮鳳仁里1鄰仁盛路49號,10015,1001502,1001502-001,1鄰,仁盛路,,,,,,49號,121.451410024874,23.7489445564027
花蓮縣鳳林鎮鳳仁里1鄰仁盛路51號,10015,1001502,1001502-001,1鄰,仁盛路,,,,,,51號,121.451252644658,23.748883740562
花蓮縣鳳林鎮鳳仁里6鄰仁盛路66號,10015,1001502,1001502-001,6鄰,仁盛路,,,,,,66號,121.451034963631,23.7491017746008
