FULL_ADDR,COUNTY,TOWN,VILLAGE,NEIGHBORHOOD,ROAD,SECTION,LANE,ALLEY,SUB_ALLEY,TONG,NUMBER,X,Y
屏東縣竹田鄉六巷村5鄰玉塘埤一路152號,10013,1001314,1001314-012,5鄰,玉塘埤一路,,,,,,152號,120.524480514113,22.5986571910209
屏東縣竹田鄉六巷村5鄰玉塘埤一路158號,10013,1001314,1001314-012,5鄰,玉塘埤一路,,,,,,158號,120.524311693201,22.5984233307181
屏東縣竹田鄉六巷村5鄰玉塘埤一路165號,10013,1001314,1001314-012,5鄰,玉塘埤一路,,,,,,165號,120.523982991345,22.5978170106822
屏東縣竹田鄉頭崙村5鄰玉塘埤一路90號,10013,1001314,1001314-005,5鄰,玉塘埤一路,,,,,,90號,120.526831698385,22.5982365199057
