FULL_ADDR,COUNTY,TOWN,VILLAGE,NEIGHBORHOOD,ROAD,SECTION,LANE,ALLEY,SUB_ALLEY,TONG,NUMBER,X,Y
花蓮縣新城鄉嘉里村33鄰機場路3號,10015,1001504,1001504-006,33鄰,機場路,,,,,,3號,121.610605510488,24.0262398708107
花蓮縣新城鄉嘉里村33鄰機場路5號,10015,1001504,1001504-006,33鄰,機場路,,,,,,5號,121.611844839418,24.0271069574983
花蓮縣新城鄉嘉里村33鄰機場路6號,10015,1001504,1001504-006,33鄰,機場路,,,,,,6號,121.611023492658,24.0256392793071
