FULL_ADDR,COUNTY,TOWN,VILLAGE,NEIGHBORHOOD,ROAD,SECTION,LANE,ALLEY,SUB_ALLEY,TONG,NUMBER,X,Y
嘉義縣鹿草鄉西井村3鄰鹿環北路415號,10010,1001011,1001011-004,3鄰,鹿環北路,,,,,,415號,120.305206096497,23.4171321697415
嘉義縣鹿草鄉西井村3鄰鹿環北路415號附1,10010,1001011,1001011-004,3鄰,鹿環北路,,,,,,415號附1,120.302494039559,23.4165566244226
嘉義縣鹿草鄉鹿東村9鄰鹿環北路6巷31號,10010,1001011,1001011-002,9鄰,鹿環北路,,6巷,,,,31號,120.312113812173,23.4185201916377
嘉義縣鹿草鄉鹿草村3鄰鹿環北路6巷61號,10010,1001011,1001011-003,3鄰,鹿環北路,,6巷,,,,61號,120.309795586717,23.4183681977847
嘉義縣鹿草鄉鹿草村3鄰鹿環北路6巷91號,10010,1001011,1001011-003,3鄰,鹿環北路,,6巷,,,,91號,120.307301821974,23.4183487614804
