FULL_ADDR,COUNTY,TOWN,VILLAGE,NEIGHBORHOOD,ROAD,SECTION,LANE,ALLEY,SUB_ALLEY,TONG,NUMBER,X,Y
屏東縣屏東市三山里1鄰華新路188巷15號,10013,1001301,1001301-076,1鄰,華新路,,188巷,,,,15號,120.510135406839,22.6897630953408
屏東縣屏東市三山里1鄰華新路199號,10013,1001301,1001301-076,1鄰,華新路,,,,,,199號,120.510586863304,22.6910618488981
屏東縣屏東市華山里7鄰華新路65號,10013,1001301,1001301-060,7鄰,華新路,,,,,,65號,120.506002254059,22.6900674665539
屏東縣屏東市華山里7鄰華新路66號,10013,1001301,1001301-060,7鄰,華新路,,,,,,66號,120.506770069159,22.6899556843281
