FULL_ADDR,COUNTY,TOWN,VILLAGE,NEIGHBORHOOD,ROAD,SECTION,LANE,ALLEY,SUB_ALLEY,TONG,NUMBER,X,Y
新竹市香山區樹下里3鄰竹香南路360巷7號,10018,1001803,1001803-005,3鄰,竹香南路,,360巷,,,,7號,120.935308718227,24.8028452987449
新竹市香山區樹下里3鄰竹香南路376之1號,10018,1001803,1001803-005,3鄰,竹香南路,,,,,,376之1號,120.935629109418,24.8026208951981
新竹市香山區浸水里9鄰竹香南路38巷100之1號,10018,1001803,1001803-004,9鄰,竹香南路,,38巷,,,,100之1號,120.919911715276,24.8030773789678
新竹市香山區浸水里8鄰竹香南路48之1號,10018,1001803,1001803-004,8鄰,竹香南路,,,,,,48之1號,120.920068689857,24.8043086950682
新竹市香山區浸水里1鄰竹香南路188號,10018,1001803,1001803-004,1鄰,竹香南路,,,,,,188號,120.926839624769,24.8028410363831
新竹市香山區浸水里1鄰竹香南路206號,10018,1001803,1001803-004,1鄰,竹香南路,,,,,,206號,120.927547043782,24.8028336159873
新竹市香山區浸水里1鄰竹香南路208之1號,10018,1001803,1001803-004,1鄰,竹香南路,,,,,,208之1號,120.927907231164,24.8030878552291
