FULL_ADDR,COUNTY,TOWN,VILLAGE,NEIGHBORHOOD,ROAD,SECTION,LANE,ALLEY,SUB_ALLEY,TONG,NUMBER,X,Y
屏東縣枋寮鄉東海村29鄰工業一街62號,10013,1001316,1001316-014,29鄰,工業一街,,,,,,62號,120.583904435241,22.4050509646433
屏東縣枋寮鄉東海村29鄰工業一街64號,10013,1001316,1001316-014,29鄰,工業一街,,,,,,64號,120.583866508077,22.4050343398545
屏東縣枋寮鄉東海村29鄰工業一街66號,10013,1001316,1001316-014,29鄰,工業一街,,,,,,66號,120.583827418904,22.4050165380045
屏東縣枋寮鄉東海村29鄰工業一街68號,10013,1001316,1001316-014,29鄰,工業一街,,,,,,68號,120.583790657274,22.4049999161985
屏東縣枋寮鄉東海村29鄰工業一街140號,10013,1001316,1001316-014,29鄰,工業一街,,,,,,140號,120.582227708052,22.4043765225159
