FULL_ADDR,COUNTY,TOWN,VILLAGE,NEIGHBORHOOD,ROAD,SECTION,LANE,ALLEY,SUB_ALLEY,TONG,NUMBER,X,Y
嘉義縣梅山鄉梅北村19鄰吉祥街47號,10010,1001015,1001015-004,19鄰,吉祥街,,,,,,47號,120.553953466876,23.5848069156404
嘉義縣梅山鄉梅北村19鄰吉祥街51號,10010,1001015,1001015-004,19鄰,吉祥街,,,,,,51號,120.554036606613,23.5850508706669
嘉義縣梅山鄉梅北村19鄰吉祥街60號,10010,1001015,1001015-004,19鄰,吉祥街,,,,,,60號,120.554148712039,23.5849282054886
嘉義縣梅山鄉梅北村19鄰吉祥街60號附5,10010,1001015,1001015-004,19鄰,吉祥街,,,,,,60號附5,120.553731508136,23.5843281463017
嘉義縣梅山鄉梅北村19鄰吉祥街64號,10010,1001015,1001015-004,19鄰,吉祥街,,,,,,64號,120.554182783168,23.5849933183671
嘉義縣梅山鄉梅北村19鄰吉祥街65號,10010,1001015,1001015-004,19鄰,吉祥街,,,,,,65號,120.554250999471,23.5855077655477
嘉義縣梅山鄉梅北村19鄰吉祥街66號,10010,1001015,1001015-004,19鄰,吉祥街,,,,,,66號,120.554198732799,23.5850283097543
嘉義縣梅山鄉梅北村19鄰吉祥街83號,10010,1001015,1001015-004,19鄰,吉祥街,,,,,,83號,120.554514700654,23.5861313124224
