FULL_ADDR,COUNTY,TOWN,VILLAGE,NEIGHBORHOOD,ROAD,SECTION,LANE,ALLEY,SUB_ALLEY,TONG,NUMBER,X,Y
花蓮縣瑞穗鄉富源村8鄰至善路31號,10015,1001509,1001509-009,8鄰,至善路,,,,,,31號,121.380440635017,23.5780068798155
花蓮縣瑞穗鄉富源村1鄰至善路43號,10015,1001509,1001509-009,1鄰,至善路,,,,,,43號,121.38057350224,23.5799781593703
花蓮縣瑞穗鄉富源村15鄰至善路101之8號,10015,1001509,1001509-009,15鄰,至善路,,,,,,101之8號,121.378809678521,23.5721906070422
花蓮縣瑞穗鄉富源村15鄰至善路101之12號,10015,1001509,1001509-009,15鄰,至善路,,,,,,101之12號,121.379143091962,23.5731928401458
花蓮縣瑞穗鄉富源村15鄰至善路101號,10015,1001509,1001509-009,15鄰,至善路,,,,,,101號,121.378686954458,23.5709700486004
花蓮縣瑞穗鄉富源村15鄰至善路102號,10015,1001509,1001509-009,15鄰,至善路,,,,,,102號,121.379428358844,23.5746141159213
