FULL_ADDR,COUNTY,TOWN,VILLAGE,NEIGHBORHOOD,ROAD,SECTION,LANE,ALLEY,SUB_ALLEY,TONG,NUMBER,X,Y
嘉義縣中埔鄉和興村33鄰和興路91號,10010,1001013,1001013-009,33鄰,和興路,,,,,,91號,120.453580682681,23.442910253393
嘉義縣中埔鄉和興村33鄰和興路100號,10010,1001013,1001013-009,33鄰,和興路,,,,,,100號,120.451714630647,23.4427902935435
