FULL_ADDR,COUNTY,TOWN,VILLAGE,NEIGHBORHOOD,ROAD,SECTION,LANE,ALLEY,SUB_ALLEY,TONG,NUMBER,X,Y
臺東縣池上鄉福文村9鄰慶西路4號,10014,1001406,1001406-001,9鄰,慶西路,,,,,,4號,121.217888370303,23.1276458095301
臺東縣池上鄉福文村9鄰慶西路15號,10014,1001406,1001406-001,9鄰,慶西路,,,,,,15號,121.217852213484,23.1274097287643
