FULL_ADDR,COUNTY,TOWN,VILLAGE,NEIGHBORHOOD,ROAD,SECTION,LANE,ALLEY,SUB_ALLEY,TONG,NUMBER,X,Y
花蓮縣花蓮市國興里15鄰介義街1號,10015,1001501,1001501-044,15鄰,介義街,,,,,,1號,121.572331113725,23.9940738540101
花蓮縣花蓮市國興里15鄰介義街3號,10015,1001501,1001501-044,15鄰,介義街,,,,,,3號,121.572346458234,23.9941145278335
花蓮縣花蓮市國興里15鄰介義街5號,10015,1001501,1001501-044,15鄰,介義街,,,,,,5號,121.57236079836,23.9941525417654
花蓮縣花蓮市國興里15鄰介義街7號,10015,1001501,1001501-044,15鄰,介義街,,,,,,7號,121.5723757948,23.9941922868681
花蓮縣花蓮市國興里14鄰介義街18號,10015,1001501,1001501-044,14鄰,介義街,,,,,,18號,121.572960789808,23.9950182499266
花蓮縣花蓮市國興里14鄰介義街20號,10015,1001501,1001501-044,14鄰,介義街,,,,,,20號,121.572974415825,23.9950613950914
