FULL_ADDR,COUNTY,TOWN,VILLAGE,NEIGHBORHOOD,ROAD,SECTION,LANE,ALLEY,SUB_ALLEY,TONG,NUMBER,X,Y
嘉義縣義竹鄉龍蛟村15鄰義工一路1號,10010,1001010,1001010-021,15鄰,義工一路,,,,,,1號,120.220433550535,23.3586022464652
嘉義縣義竹鄉龍蛟村15鄰義工一路2號,10010,1001010,1001010-021,15鄰,義工一路,,,,,,2號,120.220209518352,23.3587802806332
嘉義縣義竹鄉龍蛟村15鄰義工一路4號,10010,1001010,1001010-021,15鄰,義工一路,,,,,,4號,120.220309581562,23.3595483077215
嘉義縣義竹鄉龍蛟村15鄰義工一路6號,10010,1001010,1001010-021,15鄰,義工一路,,,,,,6號,120.220589528008,23.3602292809123
嘉義縣義竹鄉龍蛟村15鄰義工一路1號之1,10010,1001010,1001010-021,15鄰,義工一路,,,,,,1號之1,120.220623563712,23.3589402733059
嘉義縣義竹鄉龍蛟村15鄰義工一路2號之1,10010,1001010,1001010-021,15鄰,義工一路,,,,,,2號之1,120.220222502523,23.3591022558411
