FULL_ADDR,COUNTY,TOWN,VILLAGE,NEIGHBORHOOD,ROAD,SECTION,LANE,ALLEY,SUB_ALLEY,TONG,NUMBER,X,Y
澎湖縣馬公市光榮里24鄰頂新三路22號,10016,1001601,1001601-009,24鄰,頂新三路,,,,,,22號,121.569524253032,23.5778293353587
澎湖縣馬公市光榮里24鄰頂新三路26號,10016,1001601,1001601-009,24鄰,頂新三路,,,,,,26號,121.56949132422,23.5779174962564
