FULL_ADDR,COUNTY,TOWN,VILLAGE,NEIGHBORHOOD,ROAD,SECTION,LANE,ALLEY,SUB_ALLEY,TONG,NUMBER,X,Y
屏東縣萬丹鄉水泉村12鄰祥和路405號,10013,1001305,1001305-021,12鄰,祥和路,,,,,,405號,120.495706156586,22.5729048661669
屏東縣萬丹鄉水泉村12鄰祥和路431號,10013,1001305,1001305-021,12鄰,祥和路,,,,,,431號,120.495434909557,22.5731817171995
屏東縣萬丹鄉水泉村12鄰祥和路502號,10013,1001305,1001305-021,12鄰,祥和路,,,,,,502號,120.497412246265,22.5744996615527
屏東縣萬丹鄉水泉村12鄰祥和路562號,10013,1001305,1001305-021,12鄰,祥和路,,,,,,562號,120.498672399907,22.5750747162012
屏東縣萬丹鄉水泉村12鄰祥和路576號,10013,1001305,1001305-021,12鄰,祥和路,,,,,,576號,120.498427749438,22.5752041794358
屏東縣萬丹鄉水泉村12鄰祥和路597號,10013,1001305,1001305-021,12鄰,祥和路,,,,,,597號,120.498109270391,22.5760908392673
屏東縣萬丹鄉水泉村12鄰祥和路656號,10013,1001305,1001305-021,12鄰,祥和路,,,,,,656號,120.498990415639,22.5761708035978
屏東縣萬丹鄉水泉村12鄰祥和路662號,10013,1001305,1001305-021,12鄰,祥和路,,,,,,662號,120.498939507465,22.5758076901328
