FULL_ADDR,COUNTY,TOWN,VILLAGE,NEIGHBORHOOD,ROAD,SECTION,LANE,ALLEY,SUB_ALLEY,TONG,NUMBER,X,Y
屏東縣枋山鄉枋山村12鄰糖?路1號,10013,1001325,1001325-001,12鄰,糖?路,,,,,,1號,120.663127374589,22.2552380622734
屏東縣枋山鄉枋山村12鄰糖?路2號,10013,1001325,1001325-001,12鄰,糖?路,,,,,,2號,120.662393438048,22.2556220021062
屏東縣枋山鄉枋山村12鄰糖?路10巷11號,10013,1001325,1001325-001,12鄰,糖?路,,10巷,,,,11號,120.661610275084,22.2558977294837
屏東縣枋山鄉枋山村12鄰糖?路10巷12號,10013,1001325,1001325-001,12鄰,糖?路,,10巷,,,,12號,120.66140618575,22.2561190267651
屏東縣枋山鄉枋山村12鄰糖?路10巷13號,10013,1001325,1001325-001,12鄰,糖?路,,10巷,,,,13號,120.661536524711,22.2560237454142
屏東縣枋山鄉枋山村12鄰糖?路10巷17號,10013,1001325,1001325-001,12鄰,糖?路,,10巷,,,,17號,120.660884457884,22.2570164788675
