FULL_ADDR,COUNTY,TOWN,VILLAGE,NEIGHBORHOOD,ROAD,SECTION,LANE,ALLEY,SUB_ALLEY,TONG,NUMBER,X,Y
花蓮縣瑞穗鄉舞鶴村2鄰掃叭頂四路15號,10015,1001509,1001509-006,2鄰,掃叭頂四路,,,,,,15號,121.348022072618,23.4576751229716
花蓮縣瑞穗鄉舞鶴村2鄰掃叭頂四路15之1號,10015,1001509,1001509-006,2鄰,掃叭頂四路,,,,,,15之1號,121.347871220373,23.4574293712043
花蓮縣瑞穗鄉舞鶴村2鄰掃叭頂四路16號,10015,1001509,1001509-006,2鄰,掃叭頂四路,,,,,,16號,121.348231773085,23.457391417034
花蓮縣瑞穗鄉舞鶴村2鄰掃叭頂四路53號,10015,1001509,1001509-006,2鄰,掃叭頂四路,,,,,,53號,121.350007213506,23.4581963148662
花蓮縣瑞穗鄉舞鶴村2鄰掃叭頂四路54號,10015,1001509,1001509-006,2鄰,掃叭頂四路,,,,,,54號,121.350241950327,23.4582435482335
花蓮縣瑞穗鄉舞鶴村2鄰掃叭頂四路55號,10015,1001509,1001509-006,2鄰,掃叭頂四路,,,,,,55號,121.35038281026,23.4582986496313
花蓮縣瑞穗鄉舞鶴村1鄰掃叭頂四路56號,10015,1001509,1001509-006,1鄰,掃叭頂四路,,,,,,56號,121.350565442923,23.458178265517
花蓮縣瑞穗鄉舞鶴村1鄰掃叭頂四路57號,10015,1001509,1001509-006,1鄰,掃叭頂四路,,,,,,57號,121.350778662563,23.4581169234192
花蓮縣瑞穗鄉舞鶴村1鄰掃叭頂四路57之1號,10015,1001509,1001509-006,1鄰,掃叭頂四路,,,,,,57之1號,121.350910672133,23.4581046165255
