FULL_ADDR,COUNTY,TOWN,VILLAGE,NEIGHBORHOOD,ROAD,SECTION,LANE,ALLEY,SUB_ALLEY,TONG,NUMBER,X,Y
花蓮縣鳳林鎮鳳義里5鄰忠義路1巷1號,10015,1001502,1001502-002,5鄰,忠義路,,1巷,,,,1號,121.446230418869,23.7466710595385
花蓮縣鳳林鎮鳳義里5鄰忠義路1巷2號,10015,1001502,1001502-002,5鄰,忠義路,,1巷,,,,2號,121.446272086721,23.7469379200477
花蓮縣鳳林鎮鳳義里5鄰忠義路1巷6號,10015,1001502,1001502-002,5鄰,忠義路,,1巷,,,,6號,121.445925697055,23.7470688931272
花蓮縣鳳林鎮鳳義里5鄰忠義路1巷8號,10015,1001502,1001502-002,5鄰,忠義路,,1巷,,,,8號,121.445991990933,23.7472045715769
花蓮縣鳳林鎮鳳義里5鄰忠義路1巷16號,10015,1001502,1001502-002,5鄰,忠義路,,1巷,,,,16號,121.44548672715,23.7474689461393
花蓮縣鳳林鎮鳳義里5鄰忠義路1巷22號,10015,1001502,1001502-002,5鄰,忠義路,,1巷,,,,22號,121.444919705534,23.7491785900687
花蓮縣鳳林鎮鳳義里5鄰忠義路8號,10015,1001502,1001502-002,5鄰,忠義路,,,,,,8號,121.446351432363,23.7471296892003
