FULL_ADDR,COUNTY,TOWN,VILLAGE,NEIGHBORHOOD,ROAD,SECTION,LANE,ALLEY,SUB_ALLEY,TONG,NUMBER,X,Y
臺東縣大武鄉大武村22鄰同心街5號,10014,1001410,1001410-003,22鄰,同心街,,,,,,5號,120.905166813364,22.3569634306622
臺東縣大武鄉大武村22鄰同心街9號,10014,1001410,1001410-003,22鄰,同心街,,,,,,9號,120.905094480469,22.3568584337721
臺東縣大武鄉大武村11鄰同心街16號,10014,1001410,1001410-003,11鄰,同心街,,,,,,16號,120.904763544484,22.3578244332978
臺東縣大武鄉大武村22鄰同心街17號,10014,1001410,1001410-003,22鄰,同心街,,,,,,17號,120.904950092306,22.3567263002129
臺東縣大武鄉大武村11鄰同心街18號,10014,1001410,1001410-003,11鄰,同心街,,,,,,18號,120.904701200165,22.3577658637801
臺東縣大武鄉大武村11鄰同心街22號,10014,1001410,1001410-003,11鄰,同心街,,,,,,22號,120.904556232784,22.3576564888011
臺東縣大武鄉大武村11鄰同心街24號,10014,1001410,1001410-003,11鄰,同心街,,,,,,24號,120.904500442082,22.3576129152783
臺東縣大武鄉大武村11鄰同心街26號,10014,1001410,1001410-003,11鄰,同心街,,,,,,26號,120.904512281802,22.357521948443
臺東縣大武鄉大武村22鄰同心街27號,10014,1001410,1001410-003,22鄰,同心街,,,,,,27號,120.904735438392,22.3564916904603
臺東縣大武鄉大武村11鄰同心街28號,10014,1001410,1001410-003,11鄰,同心街,,,,,,28號,120.904465840272,22.3574943931852
臺東縣大武鄉大武村11鄰同心街30號,10014,1001410,1001410-003,11鄰,同心街,,,,,,30號,120.90432985923,22.3574921453573
臺東縣大武鄉大武村22鄰同心街31號,10014,1001410,1001410-003,22鄰,同心街,,,,,,31號,120.904673754854,22.3564332206588
臺東縣大武鄉大武村22鄰同心街33號,10014,1001410,1001410-003,22鄰,同心街,,,,,,33號,120.904611390715,22.3564047258267
臺東縣大武鄉大武村22鄰同心街35號,10014,1001410,1001410-003,22鄰,同心街,,,,,,35號,120.904574181263,22.3563515989586
臺東縣大武鄉大武村23鄰同心街39號,10014,1001410,1001410-003,23鄰,同心街,,,,,,39號,120.904471166721,22.3562757101399
臺東縣大武鄉大武村23鄰同心街41號,10014,1001410,1001410-003,23鄰,同心街,,,,,,41號,120.90441912677,22.3562429765402
