FULL_ADDR,COUNTY,TOWN,VILLAGE,NEIGHBORHOOD,ROAD,SECTION,LANE,ALLEY,SUB_ALLEY,TONG,NUMBER,X,Y
屏東縣東港鎮南平里5鄰鵬灣大道五段50號,10013,1001303,1001303-015,5鄰,鵬灣大道,五段,,,,,50號,120.474177869007,22.4382198674554
屏東縣東港鎮南平里5鄰鵬灣大道五段75號,10013,1001303,1001303-015,5鄰,鵬灣大道,五段,,,,,75號,120.475983055781,22.4365219279895
屏東縣東港鎮南平里3鄰鵬灣大道五段121號,10013,1001303,1001303-015,3鄰,鵬灣大道,五段,,,,,121號,120.478947501427,22.434133580761
屏東縣東港鎮南平里3鄰鵬灣大道五段151號,10013,1001303,1001303-015,3鄰,鵬灣大道,五段,,,,,151號,120.480508207036,22.4340935434432
屏東縣東港鎮嘉蓮里1鄰鵬灣大道三段260號,10013,1001303,1001303-014,1鄰,鵬灣大道,三段,,,,,260號,120.452720134529,22.4497546665946
屏東縣東港鎮大潭里1鄰鵬灣大道一段190號,10013,1001303,1001303-018,1鄰,鵬灣大道,一段,,,,,190號,120.493665589236,22.4421817878071
屏東縣東港鎮大潭里1鄰鵬灣大道一段200號,10013,1001303,1001303-018,1鄰,鵬灣大道,一段,,,,,200號,120.49213382075,22.442521513665
屏東縣東港鎮大潭里13鄰鵬灣大道二段1號,10013,1001303,1001303-018,13鄰,鵬灣大道,二段,,,,,1號,120.479990923551,22.4492584401111
屏東縣東港鎮大潭里13鄰鵬灣大道二段9號,10013,1001303,1001303-018,13鄰,鵬灣大道,二段,,,,,9號,120.479052259424,22.4542867237011
