FULL_ADDR,COUNTY,TOWN,VILLAGE,NEIGHBORHOOD,ROAD,SECTION,LANE,ALLEY,SUB_ALLEY,TONG,NUMBER,X,Y
新竹市東區科園里24鄰工業東一路2號,10018,1001801,1001801-047,24鄰,工業東一路,,,,,,2號,121.004790921014,24.7782204196282
新竹市東區科園里24鄰工業東一路2號二樓,10018,1001801,1001801-047,24鄰,工業東一路,,,,,,2號二樓,121.004790921014,24.7782204196282
新竹市東區科園里24鄰工業東一路2之1號,10018,1001801,1001801-047,24鄰,工業東一路,,,,,,2之1號,121.004867466849,24.7783086270789
新竹市東區科園里24鄰工業東一路3號,10018,1001801,1001801-047,24鄰,工業東一路,,,,,,3號,121.00500414169,24.7784588593224
新竹市東區科園里24鄰工業東一路8號,10018,1001801,1001801-047,24鄰,工業東一路,,,,,,8號,121.004457540353,24.7777783871594
