FULL_ADDR,COUNTY,TOWN,VILLAGE,NEIGHBORHOOD,ROAD,SECTION,LANE,ALLEY,SUB_ALLEY,TONG,NUMBER,X,Y
花蓮縣鳳林鎮北林里15鄰民國街56之1號,10015,1001502,1001502-008,15鄰,民國街,,,,,,56之1號,121.466499943157,23.7768755975596
花蓮縣鳳林鎮南平里5鄰民國街53號,10015,1001502,1001502-009,5鄰,民國街,,,,,,53號,121.464800374756,23.7763882732851
