FULL_ADDR,COUNTY,TOWN,VILLAGE,NEIGHBORHOOD,ROAD,SECTION,LANE,ALLEY,SUB_ALLEY,TONG,NUMBER,X,Y
嘉義縣民雄鄉三興村7鄰正義一街32號,10010,1001005,1001005-013,7鄰,正義一街,,,,,,32號,120.474964628797,23.5560052492854
嘉義縣民雄鄉三興村7鄰正義一街39號,10010,1001005,1001005-013,7鄰,正義一街,,,,,,39號,120.474943609166,23.5566361833387
嘉義縣民雄鄉三興村7鄰正義一街1號,10010,1001005,1001005-013,7鄰,正義一街,,,,,,1號,120.474783477621,23.555447767502
