FULL_ADDR,COUNTY,TOWN,VILLAGE,NEIGHBORHOOD,ROAD,SECTION,LANE,ALLEY,SUB_ALLEY,TONG,NUMBER,X,Y
花蓮縣鳳林鎮南平里15鄰平利路1號,10015,1001502,1001502-009,15鄰,平利路,,,,,,1號,121.447400803695,23.7939473673302
花蓮縣鳳林鎮南平里15鄰平利路2號,10015,1001502,1001502-009,15鄰,平利路,,,,,,2號,121.446856336009,23.7938153513115
花蓮縣鳳林鎮南平里15鄰平利路3號,10015,1001502,1001502-009,15鄰,平利路,,,,,,3號,121.446615946556,23.7938988398575
花蓮縣鳳林鎮南平里15鄰平利路6號,10015,1001502,1001502-009,15鄰,平利路,,,,,,6號,121.4469515089,23.7930682617738
花蓮縣鳳林鎮南平里15鄰平利路8之1號,10015,1001502,1001502-009,15鄰,平利路,,,,,,8之1號,121.44655644426,23.7944255209401
