FULL_ADDR,COUNTY,TOWN,VILLAGE,NEIGHBORHOOD,ROAD,SECTION,LANE,ALLEY,SUB_ALLEY,TONG,NUMBER,X,Y
嘉義縣太保市舊埤里17鄰新安二街1號,10010,1001001,1001001-010,17鄰,新安二街,,,,,,1號,120.340189649761,23.4986542581268
嘉義縣太保市舊埤里17鄰新安二街2號,10010,1001001,1001001-010,17鄰,新安二街,,,,,,2號,120.340211564743,23.4986182319235
嘉義縣太保市舊埤里17鄰新安二街3號,10010,1001001,1001001-010,17鄰,新安二街,,,,,,3號,120.340226615949,23.4985842534939
嘉義縣太保市舊埤里17鄰新安二街5號,10010,1001001,1001001-010,17鄰,新安二街,,,,,,5號,120.340248613531,23.4985512977505
嘉義縣太保市舊埤里17鄰新安二街6號,10010,1001001,1001001-010,17鄰,新安二街,,,,,,6號,120.340267586354,23.4985162523523
嘉義縣太保市舊埤里17鄰新安二街7號,10010,1001001,1001001-010,17鄰,新安二街,,,,,,7號,120.340286563663,23.4984803039951
嘉義縣太保市舊埤里17鄰新安二街8號,10010,1001001,1001001-010,17鄰,新安二街,,,,,,8號,120.340305526577,23.4984472450953
嘉義縣太保市舊埤里17鄰新安二街9號,10010,1001001,1001001-010,17鄰,新安二街,,,,,,9號,120.340322628818,23.4984142686122
嘉義縣太保市舊埤里17鄰新安二街10號,10010,1001001,1001001-010,17鄰,新安二街,,,,,,10號,120.340340617149,23.4983803026058
