FULL_ADDR,COUNTY,TOWN,VILLAGE,NEIGHBORHOOD,ROAD,SECTION,LANE,ALLEY,SUB_ALLEY,TONG,NUMBER,X,Y
基隆市中正區中正里17鄰彭佳嶼2號,10017,1001701,1001701-023,17鄰,彭佳嶼,,,,,,2號,122.074059196312,25.6280521344862
基隆市中正區中正里17鄰彭佳嶼6號,10017,1001701,1001701-023,17鄰,彭佳嶼,,,,,,6號,122.07888717637,25.6286325380138
基隆市中正區中正里17鄰彭佳嶼3號,10017,1001701,1001701-023,17鄰,彭佳嶼,,,,,,3號,122.073316234056,25.6300714319798
基隆市中正區中正里17鄰彭佳嶼5號,10017,1001701,1001701-023,17鄰,彭佳嶼,,,,,,5號,122.077205420219,25.6325041820291
基隆市中正區中正里17鄰彭佳嶼8號,10017,1001701,1001701-023,17鄰,彭佳嶼,,,,,,8號,122.075655019497,25.6289876468016
基隆市中正區中正里17鄰彭佳嶼10號,10017,1001701,1001701-023,17鄰,彭佳嶼,,,,,,10號,122.075934666245,25.6289268244156
