FULL_ADDR,COUNTY,TOWN,VILLAGE,NEIGHBORHOOD,ROAD,SECTION,LANE,ALLEY,SUB_ALLEY,TONG,NUMBER,X,Y
新竹市東區科園里22鄰研新二路1號,10018,1001801,1001801-047,22鄰,研新二路,,,,,,1號,120.988993900271,24.7761519887331
新竹市東區科園里22鄰研新二路3號,10018,1001801,1001801-047,22鄰,研新二路,,,,,,3號,120.989512841782,24.7765686983164
新竹市東區科園里22鄰研新二路3之1號,10018,1001801,1001801-047,22鄰,研新二路,,,,,,3之1號,120.989729893579,24.7767295136658
新竹市東區科園里22鄰研新二路5號,10018,1001801,1001801-047,22鄰,研新二路,,,,,,5號,120.990045233984,24.7770098746217
