FULL_ADDR,COUNTY,TOWN,VILLAGE,NEIGHBORHOOD,ROAD,SECTION,LANE,ALLEY,SUB_ALLEY,TONG,NUMBER,X,Y
新竹市香山區樹下里2鄰福樹街1號,10018,1001803,1001803-005,2鄰,福樹街,,,,,,1號,120.933532156042,24.8032414181234
新竹市香山區樹下里2鄰福樹街1之1號,10018,1001803,1001803-005,2鄰,福樹街,,,,,,1之1號,120.933458148001,24.8030973787894
新竹市香山區樹下里2鄰福樹街18號,10018,1001803,1001803-005,2鄰,福樹街,,,,,,18號,120.93374650271,24.8028600541147
新竹市香山區樹下里2鄰福樹街20號,10018,1001803,1001803-005,2鄰,福樹街,,,,,,20號,120.933795074706,24.8030341473537
新竹市香山區樹下里2鄰福樹街20之1號,10018,1001803,1001803-005,2鄰,福樹街,,,,,,20之1號,120.933737438473,24.8029791375625
新竹市香山區樹下里2鄰福樹街30之1號,10018,1001803,1001803-005,2鄰,福樹街,,,,,,30之1號,120.934095300183,24.8031669102751
新竹市香山區虎山里2鄰福樹街115巷36之1號,10018,1001803,1001803-002,2鄰,福樹街,,115巷,,,,36之1號,120.93457496302,24.8051640700292
新竹市香山區虎山里1鄰福樹街128號,10018,1001803,1001803-002,1鄰,福樹街,,,,,,128號,120.936275901201,24.805502203468
新竹市香山區虎山里1鄰福樹街181之1號,10018,1001803,1001803-002,1鄰,福樹街,,,,,,181之1號,120.936115660511,24.806082584732
