FULL_ADDR,COUNTY,TOWN,VILLAGE,NEIGHBORHOOD,ROAD,SECTION,LANE,ALLEY,SUB_ALLEY,TONG,NUMBER,X,Y
花蓮縣新城鄉新城村19鄰新興七街8號,10015,1001504,1001504-001,19鄰,新興七街,,,,,,8號,121.641579458397,24.1257487892184
花蓮縣新城鄉新城村19鄰新興七街16號,10015,1001504,1001504-001,19鄰,新興七街,,,,,,16號,121.641370308709,24.1259078566317
花蓮縣新城鄉新城村19鄰新興七街16號二樓,10015,1001504,1001504-001,19鄰,新興七街,,,,,,16號二樓,121.641370308709,24.1259078566317
花蓮縣新城鄉新城村19鄰新興七街16號三樓,10015,1001504,1001504-001,19鄰,新興七街,,,,,,16號三樓,121.641370308709,24.1259078566317
花蓮縣新城鄉新城村19鄰新興七街16號四樓,10015,1001504,1001504-001,19鄰,新興七街,,,,,,16號四樓,121.641370308709,24.1259078566317
花蓮縣新城鄉新城村19鄰新興七街16號五樓,10015,1001504,1001504-001,19鄰,新興七街,,,,,,16號五樓,121.641370308709,24.1259078566317
