FULL_ADDR,COUNTY,TOWN,VILLAGE,NEIGHBORHOOD,ROAD,SECTION,LANE,ALLEY,SUB_ALLEY,TONG,NUMBER,X,Y
屏東縣高樹鄉新南村6鄰東貫路1號,10013,1001311,1001311-019,6鄰,東貫路,,,,,,1號,120.561711089751,22.7861887722831
屏東縣高樹鄉新南村6鄰東貫路2號,10013,1001311,1001311-019,6鄰,東貫路,,,,,,2號,120.561213637849,22.7862677790048
屏東縣高樹鄉新南村6鄰東貫路3號,10013,1001311,1001311-019,6鄰,東貫路,,,,,,3號,120.561276472131,22.785958647136
屏東縣高樹鄉新南村7鄰東貫路3號,10013,1001311,1001311-019,7鄰,東貫路,,,,,,3號,120.561313019788,22.7857986316632
屏東縣高樹鄉新南村6鄰東貫路4號,10013,1001311,1001311-019,6鄰,東貫路,,,,,,4號,120.561118150396,22.7859152251248
屏東縣高樹鄉新南村6鄰東貫路4之1號,10013,1001311,1001311-019,6鄰,東貫路,,,,,,4之1號,120.561000383162,22.7859511146064
屏東縣高樹鄉新南村7鄰東貫路6號,10013,1001311,1001311-019,7鄰,東貫路,,,,,,6號,120.561464875089,22.7858540466625
屏東縣高樹鄉新南村7鄰東貫路7號,10013,1001311,1001311-019,7鄰,東貫路,,,,,,7號,120.561582520161,22.7858867905316
屏東縣高樹鄉新南村7鄰東貫路9號,10013,1001311,1001311-019,7鄰,東貫路,,,,,,9號,120.561715429081,22.7858975411093
