FULL_ADDR,COUNTY,TOWN,VILLAGE,NEIGHBORHOOD,ROAD,SECTION,LANE,ALLEY,SUB_ALLEY,TONG,NUMBER,X,Y
屏東縣枋山鄉楓港村18鄰港新路2號,10013,1001325,1001325-003,18鄰,港新路,,,,,,2號,120.688577598901,22.2056800220561
屏東縣枋山鄉楓港村18鄰港新路100號,10013,1001325,1001325-003,18鄰,港新路,,,,,,100號,120.695737506026,22.2077034387184
屏東縣枋山鄉楓港村18鄰港新路120號,10013,1001325,1001325-003,18鄰,港新路,,,,,,120號,120.697455143811,22.2085107176387
