FULL_ADDR,COUNTY,TOWN,VILLAGE,NEIGHBORHOOD,ROAD,SECTION,LANE,ALLEY,SUB_ALLEY,TONG,NUMBER,X,Y
花蓮縣瑞穗鄉鶴岡村16鄰屋拉力三街109之3號,10015,1001509,1001509-007,16鄰,屋拉力三街,,,,,,109之3號,121.391245101919,23.5117923818303
花蓮縣瑞穗鄉鶴岡村15鄰屋拉力三街113號,10015,1001509,1001509-007,15鄰,屋拉力三街,,,,,,113號,121.392053277117,23.5117115807277
花蓮縣瑞穗鄉鶴岡村15鄰屋拉力三街114號,10015,1001509,1001509-007,15鄰,屋拉力三街,,,,,,114號,121.392327403677,23.5117867695277
花蓮縣瑞穗鄉鶴岡村15鄰屋拉力三街115號,10015,1001509,1001509-007,15鄰,屋拉力三街,,,,,,115號,121.391889739739,23.5115395011921
花蓮縣瑞穗鄉鶴岡村15鄰屋拉力三街115之1號,10015,1001509,1001509-007,15鄰,屋拉力三街,,,,,,115之1號,121.392114830605,23.5114934685636
花蓮縣瑞穗鄉鶴岡村15鄰屋拉力三街116號,10015,1001509,1001509-007,15鄰,屋拉力三街,,,,,,116號,121.391768866033,23.5112744947473
