FULL_ADDR,COUNTY,TOWN,VILLAGE,NEIGHBORHOOD,ROAD,SECTION,LANE,ALLEY,SUB_ALLEY,TONG,NUMBER,X,Y
花蓮縣秀林鄉和平村7鄰克尼布東路3號,10015,1001511,1001511-009,7鄰,克尼布東路,,,,,,3號,121.750067359981,24.3064539086983
花蓮縣秀林鄉和平村7鄰克尼布東路3號三樓之1,10015,1001511,1001511-009,7鄰,克尼布東路,,,,,,3號三樓之1,121.750067359981,24.3064539086983
花蓮縣秀林鄉和平村7鄰克尼布東路3號三樓之2,10015,1001511,1001511-009,7鄰,克尼布東路,,,,,,3號三樓之2,121.750067359981,24.3064539086983
花蓮縣秀林鄉和平村7鄰克尼布東路3號三樓之3,10015,1001511,1001511-009,7鄰,克尼布東路,,,,,,3號三樓之3,121.750067359981,24.3064539086983
花蓮縣秀林鄉和平村7鄰克尼布東路3號四樓之1,10015,1001511,1001511-009,7鄰,克尼布東路,,,,,,3號四樓之1,121.750067359981,24.3064539086983
花蓮縣秀林鄉和平村7鄰克尼布東路3號四樓之2,10015,1001511,1001511-009,7鄰,克尼布東路,,,,,,3號四樓之2,121.750067359981,24.3064539086983
花蓮縣秀林鄉和平村7鄰克尼布東路3號四樓之3,10015,1001511,1001511-009,7鄰,克尼布東路,,,,,,3號四樓之3,121.750067359981,24.3064539086983
