FULL_ADDR,COUNTY,TOWN,VILLAGE,NEIGHBORHOOD,ROAD,SECTION,LANE,ALLEY,SUB_ALLEY,TONG,NUMBER,X,Y
嘉義縣太保市過溝里15鄰嘉太工業區建工路1號,10010,1001001,1001001-013,15鄰,嘉太工業區建工路,,,,,,1號,120.360070620949,23.5093772346458
嘉義縣太保市過溝里15鄰嘉太工業區建工路2號,10010,1001001,1001001-013,15鄰,嘉太工業區建工路,,,,,,2號,120.360851593068,23.5099472398973
嘉義縣太保市過溝里15鄰嘉太工業區建工路2之1號,10010,1001001,1001001-013,15鄰,嘉太工業區建工路,,,,,,2之1號,120.360581331801,23.5093207290249
嘉義縣太保市過溝里15鄰嘉太工業區建工路3號,10010,1001001,1001001-013,15鄰,嘉太工業區建工路,,,,,,3號,120.360255609689,23.509534299843
嘉義縣太保市過溝里15鄰嘉太工業區建工路4號,10010,1001001,1001001-013,15鄰,嘉太工業區建工路,,,,,,4號,120.36072360745,23.5102532751261
嘉義縣太保市過溝里15鄰嘉太工業區建工路6號,10010,1001001,1001001-013,15鄰,嘉太工業區建工路,,,,,,6號,120.36061459598,23.5106042660531
嘉義縣太保市過溝里15鄰嘉太工業區建工路5號,10010,1001001,1001001-013,15鄰,嘉太工業區建工路,,,,,,5號,120.360203588993,23.5101074761953
