FULL_ADDR,COUNTY,TOWN,VILLAGE,NEIGHBORHOOD,ROAD,SECTION,LANE,ALLEY,SUB_ALLEY,TONG,NUMBER,X,Y
臺東縣臺東市中華里14鄰華泰路231號,10014,1001401,1001401-015,14鄰,華泰路,,,,,,231號,121.158116383898,22.7615270523389
臺東縣臺東市中華里18鄰華泰路300號,10014,1001401,1001401-015,18鄰,華泰路,,,,,,300號,121.159077196807,22.7633393025014
臺東縣臺東市中華里18鄰華泰路330號,10014,1001401,1001401-015,18鄰,華泰路,,,,,,330號,121.159363341447,22.764986574967
臺東縣臺東市寶桑里13鄰華泰路336號,10014,1001401,1001401-009,13鄰,華泰路,,,,,,336號,121.153589401841,22.7726380389612
臺東縣臺東市寶桑里13鄰華泰路340號,10014,1001401,1001401-009,13鄰,華泰路,,,,,,340號,121.154049691952,22.7722403229329
臺東縣臺東市寶桑里13鄰華泰路360號,10014,1001401,1001401-009,13鄰,華泰路,,,,,,360號,121.146029687782,22.7790700374721
臺東縣臺東市寶桑里13鄰華泰路380號,10014,1001401,1001401-009,13鄰,華泰路,,,,,,380號,121.15573623147,22.7712975687331
