FULL_ADDR,COUNTY,TOWN,VILLAGE,NEIGHBORHOOD,ROAD,SECTION,LANE,ALLEY,SUB_ALLEY,TONG,NUMBER,X,Y
屏東縣新園鄉共和村19鄰義仁東路30號,10013,1001317,1001317-015,19鄰,義仁東路,,,,,,30號,120.443806093639,22.4738622728141
屏東縣新園鄉共和村19鄰義仁東路113之8號,10013,1001317,1001317-015,19鄰,義仁東路,,,,,,113之8號,120.44220590367,22.4718566445247
屏東縣新園鄉共和村22鄰義仁東路147號,10013,1001317,1001317-015,22鄰,義仁東路,,,,,,147號,120.441175294758,22.4730198855334
