FULL_ADDR,COUNTY,TOWN,VILLAGE,NEIGHBORHOOD,ROAD,SECTION,LANE,ALLEY,SUB_ALLEY,TONG,NUMBER,X,Y
屏東縣長治鄉德和村6鄰園北路1號,10013,1001306,1001306-011,6鄰,園北路,,,,,,1號,120.547064932815,22.717948292991
屏東縣長治鄉德和村6鄰園北路5號,10013,1001306,1001306-011,6鄰,園北路,,,,,,5號,120.546367673098,22.7179391822429
