FULL_ADDR,COUNTY,TOWN,VILLAGE,NEIGHBORHOOD,ROAD,SECTION,LANE,ALLEY,SUB_ALLEY,TONG,NUMBER,X,Y
新竹市東區科園里24鄰篤行一路1號,10018,1001801,1001801-047,24鄰,篤行一路,,,,,,1號,121.025185182799,24.7677599434842
新竹市東區科園里24鄰篤行一路2號,10018,1001801,1001801-047,24鄰,篤行一路,,,,,,2號,121.024676374496,24.7679986557321
新竹市東區科園里24鄰篤行一路6號,10018,1001801,1001801-047,24鄰,篤行一路,,,,,,6號,121.024253214998,24.76832565272
新竹市東區科園里24鄰篤行一路8號,10018,1001801,1001801-047,24鄰,篤行一路,,,,,,8號,121.024147545073,24.7690294539928
新竹市東區科園里24鄰篤行一路10號,10018,1001801,1001801-047,24鄰,篤行一路,,,,,,10號,121.023650903317,24.7688034555491
新竹市東區科園里24鄰篤行一路12號,10018,1001801,1001801-047,24鄰,篤行一路,,,,,,12號,121.022861589439,24.7730274557929
