FULL_ADDR,COUNTY,TOWN,VILLAGE,NEIGHBORHOOD,ROAD,SECTION,LANE,ALLEY,SUB_ALLEY,TONG,NUMBER,X,Y
嘉義縣大林鎮大美里20鄰大埔美園區九路8號,10010,1001004,1001004-011,20鄰,大埔美園區九路,,,,,,8號,120.523136786219,23.5893487846179
嘉義縣大林鎮大美里20鄰大埔美園區九路9號,10010,1001004,1001004-011,20鄰,大埔美園區九路,,,,,,9號,120.526335889652,23.5920942539085
嘉義縣大林鎮大美里20鄰大埔美園區九路12號,10010,1001004,1001004-011,20鄰,大埔美園區九路,,,,,,12號,120.524707590013,23.5894496760589
嘉義縣大林鎮大美里20鄰大埔美園區九路18號,10010,1001004,1001004-011,20鄰,大埔美園區九路,,,,,,18號,120.52540126998,23.5898314115956
嘉義縣大林鎮大美里20鄰大埔美園區九路22號,10010,1001004,1001004-011,20鄰,大埔美園區九路,,,,,,22號,120.526869057721,23.5923230696882
嘉義縣大林鎮大美里20鄰大埔美園區九路26號,10010,1001004,1001004-011,20鄰,大埔美園區九路,,,,,,26號,120.527230743303,23.5931041688858
