FULL_ADDR,COUNTY,TOWN,VILLAGE,NEIGHBORHOOD,ROAD,SECTION,LANE,ALLEY,SUB_ALLEY,TONG,NUMBER,X,Y
臺東縣臺東市知本里1鄰育樂路7之1號,10014,1001401,1001401-045,1鄰,育樂路,,,,,,7之1號,121.064185761102,22.7081630337363
臺東縣臺東市知本里1鄰育樂路66號,10014,1001401,1001401-045,1鄰,育樂路,,,,,,66號,121.062687430324,22.704835951026
臺東縣臺東市知本里1鄰育樂路668之1號,10014,1001401,1001401-045,1鄰,育樂路,,,,,,668之1號,121.060957397883,22.6981073692387
臺東縣臺東市知本里1鄰育樂路668之2號,10014,1001401,1001401-045,1鄰,育樂路,,,,,,668之2號,121.060838695187,22.698054871612
