FULL_ADDR,COUNTY,TOWN,VILLAGE,NEIGHBORHOOD,ROAD,SECTION,LANE,ALLEY,SUB_ALLEY,TONG,NUMBER,X,Y
屏東縣竹田鄉西勢村14鄰東西八路2號,10013,1001314,1001314-009,14鄰,東西八路,,,,,,2號,120.511677521973,22.6146036376322
屏東縣竹田鄉西勢村14鄰東西八路18號,10013,1001314,1001314-009,14鄰,東西八路,,,,,,18號,120.509186716475,22.6148885514747
