FULL_ADDR,COUNTY,TOWN,VILLAGE,NEIGHBORHOOD,ROAD,SECTION,LANE,ALLEY,SUB_ALLEY,TONG,NUMBER,X,Y
澎湖縣馬公市中興里14鄰介壽路7號,10016,1001601,1001601-007,14鄰,介壽路,,,,,,7號,121.561957858344,23.5676627098794
澎湖縣馬公市中興里14鄰介壽路7號之1,10016,1001601,1001601-007,14鄰,介壽路,,,,,,7號之1,121.561567988567,23.5673731428875
澎湖縣馬公市中興里14鄰介壽路9號,10016,1001601,1001601-007,14鄰,介壽路,,,,,,9號,121.561631577383,23.5672263506937
澎湖縣馬公市中興里14鄰介壽路11號,10016,1001601,1001601-007,14鄰,介壽路,,,,,,11號,121.563015832004,23.5683315646338
澎湖縣馬公市中興里14鄰介壽路15號,10016,1001601,1001601-007,14鄰,介壽路,,,,,,15號,121.563448845249,23.5690127196151
澎湖縣馬公市中興里14鄰介壽路17號,10016,1001601,1001601-007,14鄰,介壽路,,,,,,17號,121.563726931706,23.569208560658
澎湖縣馬公市復興里10鄰介壽路1號,10016,1001601,1001601-002,10鄰,介壽路,,,,,,1號,121.560486131037,23.5642069859179
澎湖縣馬公市復興里10鄰介壽路2之1號,10016,1001601,1001601-002,10鄰,介壽路,,,,,,2之1號,121.561771244347,23.5652949883958
