FULL_ADDR,COUNTY,TOWN,VILLAGE,NEIGHBORHOOD,ROAD,SECTION,LANE,ALLEY,SUB_ALLEY,TONG,NUMBER,X,Y
屏東縣竹田鄉西勢村28鄰文筆路7號,10013,1001314,1001314-009,28鄰,文筆路,,,,,,7號,120.517603589098,22.6143215517597
屏東縣竹田鄉西勢村28鄰文筆路30號,10013,1001314,1001314-009,28鄰,文筆路,,,,,,30號,120.516741183113,22.6139000116371
屏東縣竹田鄉西勢村28鄰文筆路55號,10013,1001314,1001314-009,28鄰,文筆路,,,,,,55號,120.516024952613,22.6142098725395
屏東縣竹田鄉西勢村28鄰文筆路65之1號,10013,1001314,1001314-009,28鄰,文筆路,,,,,,65之1號,120.514275408789,22.6142650943568
