FULL_ADDR,COUNTY,TOWN,VILLAGE,NEIGHBORHOOD,ROAD,SECTION,LANE,ALLEY,SUB_ALLEY,TONG,NUMBER,X,Y
嘉義縣大埔鄉和平村7鄰大同一路100號,10010,1001017,1001017-002,7鄰,大同一路,,,,,,100號,120.593906328639,23.3002357648545
嘉義縣大埔鄉大埔村4鄰大同一路1號,10010,1001017,1001017-001,4鄰,大同一路,,,,,,1號,120.594174545159,23.2949983785861
嘉義縣大埔鄉大埔村15鄰大同一路99號,10010,1001017,1001017-001,15鄰,大同一路,,,,,,99號,120.592061190591,23.2955273058642
嘉義縣大埔鄉大埔村15鄰大同一路181號附8,10010,1001017,1001017-001,15鄰,大同一路,,,,,,181號附8,120.59104425837,23.2981873134997
嘉義縣大埔鄉大埔村15鄰大同一路181號附9,10010,1001017,1001017-001,15鄰,大同一路,,,,,,181號附9,120.591523175815,23.2981639993688
嘉義縣大埔鄉大埔村16鄰大同一路181號附6,10010,1001017,1001017-001,16鄰,大同一路,,,,,,181號附6,120.592265669872,23.2964703236804
