FULL_ADDR,COUNTY,TOWN,VILLAGE,NEIGHBORHOOD,ROAD,SECTION,LANE,ALLEY,SUB_ALLEY,TONG,NUMBER,X,Y
嘉義縣布袋鎮岑海里12鄰海順街38號,10010,1001003,1001003-003,12鄰,海順街,,,,,,38號,120.152145461819,23.3824982718208
嘉義縣布袋鎮岑海里12鄰海順街40號,10010,1001003,1001003-003,12鄰,海順街,,,,,,40號,120.152150410543,23.3825353200767
嘉義縣布袋鎮岑海里12鄰海順街42號,10010,1001003,1001003-003,12鄰,海順街,,,,,,42號,120.152157511803,23.3825722897061
嘉義縣布袋鎮岑海里12鄰海順街44號,10010,1001003,1001003-003,12鄰,海順街,,,,,,44號,120.152164515251,23.3826092588047
嘉義縣布袋鎮岑海里12鄰海順街46號,10010,1001003,1001003-003,12鄰,海順街,,,,,,46號,120.152170449041,23.3826452288462
嘉義縣布袋鎮岑海里12鄰海順街48號,10010,1001003,1001003-003,12鄰,海順街,,,,,,48號,120.152176473757,23.3826822829343
嘉義縣布袋鎮岑海里12鄰海順街50號,10010,1001003,1001003-003,12鄰,海順街,,,,,,50號,120.152181520885,23.3827192414261
嘉義縣布袋鎮岑海里12鄰海順街52號,10010,1001003,1001003-003,12鄰,海順街,,,,,,52號,120.152189502511,23.3827562158263
嘉義縣布袋鎮岑海里12鄰海順街54號,10010,1001003,1001003-003,12鄰,海順街,,,,,,54號,120.152195429419,23.3827932693831
