FULL_ADDR,COUNTY,TOWN,VILLAGE,NEIGHBORHOOD,ROAD,SECTION,LANE,ALLEY,SUB_ALLEY,TONG,NUMBER,X,Y
屏東縣萬丹鄉社口村8鄰志田路2號,10013,1001305,1001305-016,8鄰,志田路,,,,,,2號,120.461127064267,22.6085245513368
屏東縣萬丹鄉社口村8鄰志田路200號,10013,1001305,1001305-016,8鄰,志田路,,,,,,200號,120.460129335718,22.6132738869196
屏東縣萬丹鄉社口村8鄰志田路209號,10013,1001305,1001305-016,8鄰,志田路,,,,,,209號,120.457524924213,22.613341235402
屏東縣萬丹鄉社口村8鄰志田路211號,10013,1001305,1001305-016,8鄰,志田路,,,,,,211號,120.459705764495,22.6135113285807
屏東縣萬丹鄉社口村8鄰志田路300號,10013,1001305,1001305-016,8鄰,志田路,,,,,,300號,120.460020088795,22.6148467003386
屏東縣萬丹鄉社口村8鄰志田路368號,10013,1001305,1001305-016,8鄰,志田路,,,,,,368號,120.4598467293,22.6156489628839
