FULL_ADDR,COUNTY,TOWN,VILLAGE,NEIGHBORHOOD,ROAD,SECTION,LANE,ALLEY,SUB_ALLEY,TONG,NUMBER,X,Y
花蓮縣吉安鄉福興村1鄰山腳一街66號,10015,1001505,1001505-007,1鄰,山腳一街,,,,,,66號,121.554423241955,23.9708272609359
花蓮縣吉安鄉福興村1鄰山腳一街280號,10015,1001505,1001505-007,1鄰,山腳一街,,,,,,280號,121.552320349981,23.967441403831
花蓮縣吉安鄉福興村1鄰山腳一街288號,10015,1001505,1001505-007,1鄰,山腳一街,,,,,,288號,121.552088718308,23.967161731887
花蓮縣吉安鄉福興村1鄰山腳一街376之1號,10015,1001505,1001505-007,1鄰,山腳一街,,,,,,376之1號,121.550738081324,23.9659705582167
花蓮縣吉安鄉福興村1鄰山腳一街380號,10015,1001505,1001505-007,1鄰,山腳一街,,,,,,380號,121.550761481084,23.9651159377693
花蓮縣吉安鄉福興村1鄰山腳一街386之1號,10015,1001505,1001505-007,1鄰,山腳一街,,,,,,386之1號,121.550573846512,23.9648730896458
花蓮縣吉安鄉福興村1鄰山腳一街480號,10015,1001505,1001505-007,1鄰,山腳一街,,,,,,480號,121.549146832229,23.9635496242576
