FULL_ADDR,COUNTY,TOWN,VILLAGE,NEIGHBORHOOD,ROAD,SECTION,LANE,ALLEY,SUB_ALLEY,TONG,NUMBER,X,Y
屏東縣枋寮鄉東海村29鄰工業九街171號,10013,1001316,1001316-014,29鄰,工業九街,,,,,,171號,120.579465826216,22.4068273926553
屏東縣枋寮鄉東海村29鄰工業九街321號,10013,1001316,1001316-014,29鄰,工業九街,,,,,,321號,120.575655581845,22.4057086714247
