FULL_ADDR,COUNTY,TOWN,VILLAGE,NEIGHBORHOOD,ROAD,SECTION,LANE,ALLEY,SUB_ALLEY,TONG,NUMBER,X,Y
花蓮縣花蓮市民心里7鄰美工五街1號,10015,1001501,1001501-025,7鄰,美工五街,,,,,,1號,121.634449595146,24.0138398285386
花蓮縣花蓮市民心里7鄰美工五街2號,10015,1001501,1001501-025,7鄰,美工五街,,,,,,2號,121.633232799275,24.0130757542834
花蓮縣花蓮市民心里7鄰美工五街3號,10015,1001501,1001501-025,7鄰,美工五街,,,,,,3號,121.634055491003,24.0134505858427
花蓮縣花蓮市民心里7鄰美工五街4號,10015,1001501,1001501-025,7鄰,美工五街,,,,,,4號,121.632888141755,24.0130076530974
花蓮縣花蓮市民心里7鄰美工五街5號,10015,1001501,1001501-025,7鄰,美工五街,,,,,,5號,121.633511743039,24.0128118520843
花蓮縣花蓮市民心里7鄰美工五街6號,10015,1001501,1001501-025,7鄰,美工五街,,,,,,6號,121.632590185848,24.0126404921074
花蓮縣花蓮市民心里7鄰美工五街7號,10015,1001501,1001501-025,7鄰,美工五街,,,,,,7號,121.633389680385,24.0119726416993
