FULL_ADDR,COUNTY,TOWN,VILLAGE,NEIGHBORHOOD,ROAD,SECTION,LANE,ALLEY,SUB_ALLEY,TONG,NUMBER,X,Y
花蓮縣鳳林鎮林榮里2鄰大成街1號,10015,1001502,1001502-010,2鄰,大成街,,,,,,1號,121.449895970876,23.8045171907085
花蓮縣鳳林鎮林榮里2鄰大成街3號,10015,1001502,1001502-010,2鄰,大成街,,,,,,3號,121.450068095997,23.8043776506145
花蓮縣鳳林鎮林榮里1鄰大成街5號,10015,1001502,1001502-010,1鄰,大成街,,,,,,5號,121.449615875097,23.8043379566297
花蓮縣鳳林鎮林榮里1鄰大成街6號,10015,1001502,1001502-010,1鄰,大成街,,,,,,6號,121.446128056357,23.8029298438294
花蓮縣鳳林鎮林榮里1鄰大成街8號,10015,1001502,1001502-010,1鄰,大成街,,,,,,8號,121.445907359941,23.8033738995454
花蓮縣鳳林鎮林榮里1鄰大成街12號,10015,1001502,1001502-010,1鄰,大成街,,,,,,12號,121.449296443223,23.8044174448895
花蓮縣鳳林鎮林榮里1鄰大成街14號,10015,1001502,1001502-010,1鄰,大成街,,,,,,14號,121.449300633312,23.8043060613613
