FULL_ADDR,COUNTY,TOWN,VILLAGE,NEIGHBORHOOD,ROAD,SECTION,LANE,ALLEY,SUB_ALLEY,TONG,NUMBER,X,Y
花蓮縣新城鄉大漢村6鄰德莊街1號,10015,1001504,1001504-008,6鄰,德莊街,,,,,,1號,121.622049907657,24.0408528682351
花蓮縣新城鄉大漢村6鄰德莊街2號,10015,1001504,1001504-008,6鄰,德莊街,,,,,,2號,121.621928487156,24.0408342827725
花蓮縣新城鄉大漢村6鄰德莊街3號,10015,1001504,1001504-008,6鄰,德莊街,,,,,,3號,121.621796772274,24.0408379959237
花蓮縣新城鄉大漢村6鄰德莊街4號,10015,1001504,1001504-008,6鄰,德莊街,,,,,,4號,121.621672028907,24.0408480371973
花蓮縣新城鄉大漢村6鄰德莊街5號,10015,1001504,1001504-008,6鄰,德莊街,,,,,,5號,121.621562584211,24.0408602916252
花蓮縣新城鄉大漢村6鄰德莊街6號,10015,1001504,1001504-008,6鄰,德莊街,,,,,,6號,121.621437087937,24.0409938006724
花蓮縣新城鄉大漢村6鄰德莊街7號,10015,1001504,1001504-008,6鄰,德莊街,,,,,,7號,121.621279341711,24.0409899171338
花蓮縣新城鄉大漢村6鄰德莊街8號,10015,1001504,1001504-008,6鄰,德莊街,,,,,,8號,121.621017982297,24.0409638536414
花蓮縣新城鄉大漢村6鄰德莊街8之1號,10015,1001504,1001504-008,6鄰,德莊街,,,,,,8之1號,121.620824880674,24.0407838183969
