FULL_ADDR,COUNTY,TOWN,VILLAGE,NEIGHBORHOOD,ROAD,SECTION,LANE,ALLEY,SUB_ALLEY,TONG,NUMBER,X,Y
花蓮縣吉安鄉光華村11鄰華工五路9號,10015,1001505,1001505-018,11鄰,華工五路,,,,,,9號,121.588897193726,23.9299344736365
花蓮縣吉安鄉光華村12鄰華工五路11號,10015,1001505,1001505-018,12鄰,華工五路,,,,,,11號,121.589457070893,23.9309635676236
花蓮縣吉安鄉光華村12鄰華工五路24號,10015,1001505,1001505-018,12鄰,華工五路,,,,,,24號,121.59115829532,23.9323738250422
花蓮縣吉安鄉光華村12鄰華工五路26號,10015,1001505,1001505-018,12鄰,華工五路,,,,,,26號,121.591754166477,23.9332546000715
花蓮縣吉安鄉光華村12鄰華工五路32號,10015,1001505,1001505-018,12鄰,華工五路,,,,,,32號,121.592365347153,23.9341733270173
