FULL_ADDR,COUNTY,TOWN,VILLAGE,NEIGHBORHOOD,ROAD,SECTION,LANE,ALLEY,SUB_ALLEY,TONG,NUMBER,X,Y
嘉義縣太保市南新里12鄰高鐵大道一段200號,10010,1001001,1001001-015,12鄰,高鐵大道,一段,,,,,200號,120.383613659355,23.4874451522661
嘉義縣太保市崙頂里6鄰高鐵大道二段1001號,10010,1001001,1001001-007,6鄰,高鐵大道,二段,,,,,1001號,120.317843990528,23.4525847628807
