FULL_ADDR,COUNTY,TOWN,VILLAGE,NEIGHBORHOOD,ROAD,SECTION,LANE,ALLEY,SUB_ALLEY,TONG,NUMBER,X,Y
花蓮縣吉安鄉永安村32鄰永安二街1號,10015,1001505,1001505-004,32鄰,永安二街,,,,,,1號,121.573899949038,23.9893307328021
花蓮縣吉安鄉永安村32鄰永安二街3號,10015,1001505,1001505-004,32鄰,永安二街,,,,,,3號,121.573951610762,23.9893013749016
花蓮縣吉安鄉永安村32鄰永安二街5號,10015,1001505,1001505-004,32鄰,永安二街,,,,,,5號,121.574005917484,23.9892701109356
花蓮縣吉安鄉永安村32鄰永安二街7號,10015,1001505,1001505-004,32鄰,永安二街,,,,,,7號,121.574049539418,23.9892450268541
花蓮縣吉安鄉永安村32鄰永安二街9號,10015,1001505,1001505-004,32鄰,永安二街,,,,,,9號,121.574108492246,23.9892198853777
花蓮縣吉安鄉永安村32鄰永安二街11之1號,10015,1001505,1001505-004,32鄰,永安二街,,,,,,11之1號,121.574204384393,23.9891475630202
花蓮縣吉安鄉永安村32鄰永安二街11號,10015,1001505,1001505-004,32鄰,永安二街,,,,,,11號,121.574153405509,23.9891757446414
花蓮縣吉安鄉永安村32鄰永安二街15號,10015,1001505,1001505-004,32鄰,永安二街,,,,,,15號,121.574256687444,23.9891077286465
花蓮縣吉安鄉永安村32鄰永安二街17號,10015,1001505,1001505-004,32鄰,永安二街,,,,,,17號,121.574321080937,23.9890906027839
