FULL_ADDR,COUNTY,TOWN,VILLAGE,NEIGHBORHOOD,ROAD,SECTION,LANE,ALLEY,SUB_ALLEY,TONG,NUMBER,X,Y
嘉義縣大林鎮中坑里1鄰大埔美園區十八路2號,10010,1001004,1001004-013,1鄰,大埔美園區十八路,,,,,,2號,120.502800727494,23.582787190528
嘉義縣大林鎮中坑里1鄰大埔美園區十八路3號,10010,1001004,1001004-013,1鄰,大埔美園區十八路,,,,,,3號,120.503366959778,23.5828104472321
嘉義縣大林鎮中坑里1鄰大埔美園區十八路5號,10010,1001004,1001004-013,1鄰,大埔美園區十八路,,,,,,5號,120.505411309705,23.5822619220578
嘉義縣大林鎮中坑里1鄰大埔美園區十八路6號,10010,1001004,1001004-013,1鄰,大埔美園區十八路,,,,,,6號,120.503863065447,23.5823379838531
嘉義縣大林鎮中坑里1鄰大埔美園區十八路7號,10010,1001004,1001004-013,1鄰,大埔美園區十八路,,,,,,7號,120.503696065952,23.5828216302621
