FULL_ADDR,COUNTY,TOWN,VILLAGE,NEIGHBORHOOD,ROAD,SECTION,LANE,ALLEY,SUB_ALLEY,TONG,NUMBER,X,Y
嘉義縣大林鎮大美里19鄰大智二街51號,10010,1001004,1001004-011,19鄰,大智二街,,,,,,51號,120.502702386261,23.588293239191
嘉義縣大林鎮大美里19鄰大智二街53號,10010,1001004,1001004-011,19鄰,大智二街,,,,,,53號,120.502813640998,23.5882535931533
嘉義縣大林鎮大美里19鄰大智二街55號,10010,1001004,1001004-011,19鄰,大智二街,,,,,,55號,120.502923897208,23.5882189102448
嘉義縣大林鎮大美里19鄰大智二街57號,10010,1001004,1001004-011,19鄰,大智二街,,,,,,57號,120.503036712961,23.5881809847071
