FULL_ADDR,COUNTY,TOWN,VILLAGE,NEIGHBORHOOD,ROAD,SECTION,LANE,ALLEY,SUB_ALLEY,TONG,NUMBER,X,Y
花蓮縣新城鄉新城村19鄰新順興路351號,10015,1001504,1001504-001,19鄰,新順興路,,,,,,351號,121.641808639291,24.1268737487739
花蓮縣新城鄉新城村19鄰新順興路353號,10015,1001504,1001504-001,19鄰,新順興路,,,,,,353號,121.64176325175,24.126896512127
