FULL_ADDR,COUNTY,TOWN,VILLAGE,NEIGHBORHOOD,ROAD,SECTION,LANE,ALLEY,SUB_ALLEY,TONG,NUMBER,X,Y
屏東縣萬丹鄉水泉村11鄰泉展街1號,10013,1001305,1001305-021,11鄰,泉展街,,,,,,1號,120.488532308971,22.5774147458814
屏東縣萬丹鄉水泉村11鄰泉展街3號,10013,1001305,1001305-021,11鄰,泉展街,,,,,,3號,120.488454966289,22.5774233500302
屏東縣萬丹鄉水泉村11鄰泉展街5號,10013,1001305,1001305-021,11鄰,泉展街,,,,,,5號,120.488393902904,22.5774213494394
屏東縣萬丹鄉水泉村10鄰泉展街15號,10013,1001305,1001305-021,10鄰,泉展街,,,,,,15號,120.488305787656,22.5774240490951
