FULL_ADDR,COUNTY,TOWN,VILLAGE,NEIGHBORHOOD,ROAD,SECTION,LANE,ALLEY,SUB_ALLEY,TONG,NUMBER,X,Y
澎湖縣馬公市陽明里3鄰永泰街41號,10016,1001601,1001601-012,3鄰,永泰街,,,,,,41號,121.576780703435,23.5685992834858
澎湖縣馬公市陽明里3鄰永泰街43號,10016,1001601,1001601-012,3鄰,永泰街,,,,,,43號,121.576635697529,23.5686768995589
澎湖縣馬公市陽明里3鄰永泰街45號,10016,1001601,1001601-012,3鄰,永泰街,,,,,,45號,121.576508688378,23.5687728062771
澎湖縣馬公市陽明里3鄰永泰街47號,10016,1001601,1001601-012,3鄰,永泰街,,,,,,47號,121.576361827918,23.568883468903
澎湖縣馬公市陽明里3鄰永泰街51號,10016,1001601,1001601-012,3鄰,永泰街,,,,,,51號,121.57623716423,23.5689961440183
