FULL_ADDR,COUNTY,TOWN,VILLAGE,NEIGHBORHOOD,ROAD,SECTION,LANE,ALLEY,SUB_ALLEY,TONG,NUMBER,X,Y
屏東縣竹田鄉鳳明村7鄰鳳昇路15巷7之1號,10013,1001314,1001314-015,7鄰,鳳昇路,,15巷,,,,7之1號,120.504451050125,22.5661339040281
屏東縣竹田鄉鳳明村7鄰鳳昇路15巷29之1號,10013,1001314,1001314-015,7鄰,鳳昇路,,15巷,,,,29之1號,120.501430356458,22.5663430235409
屏東縣竹田鄉鳳明村7鄰鳳昇路36之3號,10013,1001314,1001314-015,7鄰,鳳昇路,,,,,,36之3號,120.505894891114,22.5672685765639
屏東縣竹田鄉鳳明村2鄰鳳昇路368之1號,10013,1001314,1001314-015,2鄰,鳳昇路,,,,,,368之1號,120.505879176559,22.5723325628377
