FULL_ADDR,COUNTY,TOWN,VILLAGE,NEIGHBORHOOD,ROAD,SECTION,LANE,ALLEY,SUB_ALLEY,TONG,NUMBER,X,Y
臺東縣太麻里鄉泰和村17鄰德興路5號,10014,1001409,1001409-005,17鄰,德興路,,,,,,5號,120.998801769583,22.6025671666565
臺東縣太麻里鄉泰和村17鄰德興路13號,10014,1001409,1001409-005,17鄰,德興路,,,,,,13號,120.998536518016,22.6030255874871
