FULL_ADDR,COUNTY,TOWN,VILLAGE,NEIGHBORHOOD,ROAD,SECTION,LANE,ALLEY,SUB_ALLEY,TONG,NUMBER,X,Y
嘉義縣朴子市竹村里11鄰朴子工業區六街二巷2號,10010,1001002,1001002-019,11鄰,朴子工業區六街二巷,,,,,,2號,120.246061547222,23.4407322794057
嘉義縣朴子市竹村里11鄰朴子工業區六街二巷5號,10010,1001002,1001002-019,11鄰,朴子工業區六街二巷,,,,,,5號,120.246069556765,23.440476235999
嘉義縣朴子市竹村里11鄰朴子工業區六街二巷7號,10010,1001002,1001002-019,11鄰,朴子工業區六街二巷,,,,,,7號,120.246067564048,23.4403272364362
