FULL_ADDR,COUNTY,TOWN,VILLAGE,NEIGHBORHOOD,ROAD,SECTION,LANE,ALLEY,SUB_ALLEY,TONG,NUMBER,X,Y
花蓮縣光復鄉大同村8鄰佛袓街73號,10015,1001507,1001507-005,8鄰,佛袓街,,,,,,73號,121.432692414305,23.6660218543129
花蓮縣光復鄉大平村2鄰佛袓街330號,10015,1001507,1001507-003,2鄰,佛袓街,,,,,,330號,121.435939706977,23.6737084791647
花蓮縣光復鄉大平村2鄰佛袓街332號,10015,1001507,1001507-003,2鄰,佛袓街,,,,,,332號,121.435890469953,23.6737229569959
