FULL_ADDR,COUNTY,TOWN,VILLAGE,NEIGHBORHOOD,ROAD,SECTION,LANE,ALLEY,SUB_ALLEY,TONG,NUMBER,X,Y
花蓮縣富里鄉東里村10鄰公界街1號,10015,1001510,1001510-002,10鄰,公界街,,,,,,1號,121.306112120943,23.2671943431661
花蓮縣富里鄉東里村10鄰公界街2號,10015,1001510,1001510-002,10鄰,公界街,,,,,,2號,121.306192266554,23.2671161918107
花蓮縣富里鄉東里村10鄰公界街3號,10015,1001510,1001510-002,10鄰,公界街,,,,,,3號,121.305898140905,23.2667216877186
花蓮縣富里鄉東里村10鄰公界街3之2號,10015,1001510,1001510-002,10鄰,公界街,,,,,,3之2號,121.305412381176,23.2664667135402
花蓮縣富里鄉東里村10鄰公界街3之1號,10015,1001510,1001510-002,10鄰,公界街,,,,,,3之1號,121.305479822897,23.2666469182739
花蓮縣富里鄉東里村10鄰公界街4號,10015,1001510,1001510-002,10鄰,公界街,,,,,,4號,121.305635870255,23.2670211931634
花蓮縣富里鄉東里村10鄰公界街5號,10015,1001510,1001510-002,10鄰,公界街,,,,,,5號,121.305160079405,23.2663583885201
花蓮縣富里鄉東里村10鄰公界街6號,10015,1001510,1001510-002,10鄰,公界街,,,,,,6號,121.305161626428,23.2662351032659
花蓮縣富里鄉東里村10鄰公界街7號,10015,1001510,1001510-002,10鄰,公界街,,,,,,7號,121.305117513395,23.2661524439672
