FULL_ADDR,COUNTY,TOWN,VILLAGE,NEIGHBORHOOD,ROAD,SECTION,LANE,ALLEY,SUB_ALLEY,TONG,NUMBER,X,Y
臺東縣臺東市豐年里11鄰歸綏街102號,10014,1001401,1001401-031,11鄰,歸綏街,,,,,,102號,121.111434324523,22.7693363565922
臺東縣臺東市豐年里11鄰歸綏街104號,10014,1001401,1001401-031,11鄰,歸綏街,,,,,,104號,121.111433315714,22.7692932794897
臺東縣臺東市豐年里11鄰歸綏街106號,10014,1001401,1001401-031,11鄰,歸綏街,,,,,,106號,121.111429005146,22.7692616740447
