FULL_ADDR,COUNTY,TOWN,VILLAGE,NEIGHBORHOOD,ROAD,SECTION,LANE,ALLEY,SUB_ALLEY,TONG,NUMBER,X,Y
澎湖縣馬公市鎖港里6鄰吉慶路7號,10016,1001601,1001601-028,6鄰,吉慶路,,,,,,7號,121.600315372501,23.5296179580809
澎湖縣馬公市鎖港里6鄰吉慶路166之1號,10016,1001601,1001601-028,6鄰,吉慶路,,,,,,166之1號,121.5987859224,23.5284385992712
澎湖縣馬公市鎖港里19鄰吉慶路330號,10016,1001601,1001601-028,19鄰,吉慶路,,,,,,330號,121.597280395905,23.5250462010566
