FULL_ADDR,COUNTY,TOWN,VILLAGE,NEIGHBORHOOD,ROAD,SECTION,LANE,ALLEY,SUB_ALLEY,TONG,NUMBER,X,Y
花蓮縣玉里鎮永昌里7鄰自強六街1號,10015,1001503,1001503-003,7鄰,自強六街,,,,,,1號,121.316228448773,23.3422474586052
花蓮縣玉里鎮永昌里7鄰自強六街3號,10015,1001503,1001503-003,7鄰,自強六街,,,,,,3號,121.316230722161,23.3422906547286
花蓮縣玉里鎮永昌里7鄰自強六街5號,10015,1001503,1001503-003,7鄰,自強六街,,,,,,5號,121.31623299555,23.3423338508517
花蓮縣玉里鎮永昌里7鄰自強六街9號,10015,1001503,1001503-003,7鄰,自強六街,,,,,,9號,121.316237532576,23.3424202521469
花蓮縣玉里鎮永昌里7鄰自強六街11號,10015,1001503,1001503-003,7鄰,自強六街,,,,,,11號,121.316239805992,23.3424634572993
花蓮縣玉里鎮永昌里7鄰自強六街15號,10015,1001503,1001503-003,7鄰,自強六街,,,,,,15號,121.316108448016,23.3425678141897
