FULL_ADDR,COUNTY,TOWN,VILLAGE,NEIGHBORHOOD,ROAD,SECTION,LANE,ALLEY,SUB_ALLEY,TONG,NUMBER,X,Y
臺東縣池上鄉福原村16鄰中華南路66號,10014,1001406,1001406-005,16鄰,中華南路,,,,,,66號,121.21359841086,23.1234202871486
臺東縣池上鄉福原村16鄰中華南路86之1號,10014,1001406,1001406-005,16鄰,中華南路,,,,,,86之1號,121.214130550991,23.12370604188
臺東縣池上鄉福原村16鄰中華南路87號,10014,1001406,1001406-005,16鄰,中華南路,,,,,,87號,121.213974388961,23.123817004476
臺東縣池上鄉福原村16鄰中華南路93號,10014,1001406,1001406-005,16鄰,中華南路,,,,,,93號,121.214205719062,23.1239191511452
臺東縣池上鄉福原村16鄰中華南路95號,10014,1001406,1001406-005,16鄰,中華南路,,,,,,95號,121.214244845331,23.12393927226
臺東縣池上鄉福原村16鄰中華南路97號,10014,1001406,1001406-005,16鄰,中華南路,,,,,,97號,121.21428966827,23.1239744305247
臺東縣池上鄉福原村16鄰中華南路99號,10014,1001406,1001406-005,16鄰,中華南路,,,,,,99號,121.214332203487,23.1240015456637
