FULL_ADDR,COUNTY,TOWN,VILLAGE,NEIGHBORHOOD,ROAD,SECTION,LANE,ALLEY,SUB_ALLEY,TONG,NUMBER,X,Y
屏東縣枋寮鄉東海村29鄰永續街9號,10013,1001316,1001316-014,29鄰,永續街,,,,,,9號,120.569534423686,22.4114153024023
屏東縣佳冬鄉佳冬村1鄰永續街18號,10013,1001321,1001321-001,1鄰,永續街,,,,,,18號,120.569352925416,22.4128204376835
屏東縣佳冬鄉佳冬村1鄰永續街36號,10013,1001321,1001321-001,1鄰,永續街,,,,,,36號,120.568289815089,22.41417138065
屏東縣佳冬鄉佳冬村1鄰永續街58號,10013,1001321,1001321-001,1鄰,永續街,,,,,,58號,120.567748025472,22.4150441539669
