FULL_ADDR,COUNTY,TOWN,VILLAGE,NEIGHBORHOOD,ROAD,SECTION,LANE,ALLEY,SUB_ALLEY,TONG,NUMBER,X,Y
屏東縣東港鎮興農里1鄰環美一街1號,10013,1001303,1001303-020,1鄰,環美一街,,,,,,1號,120.472213364505,22.4871655632068
屏東縣東港鎮興農里1鄰環美一街2號,10013,1001303,1001303-020,1鄰,環美一街,,,,,,2號,120.472629885161,22.4873467345046
屏東縣東港鎮興農里1鄰環美一街3號,10013,1001303,1001303-020,1鄰,環美一街,,,,,,3號,120.472256743363,22.4872588152873
屏東縣東港鎮興農里1鄰環美一街5號,10013,1001303,1001303-020,1鄰,環美一街,,,,,,5號,120.47229229294,22.4873664913947
屏東縣東港鎮興農里1鄰環美一街6號,10013,1001303,1001303-020,1鄰,環美一街,,,,,,6號,120.472662981186,22.4874351663842
屏東縣東港鎮興農里1鄰環美一街7號,10013,1001303,1001303-020,1鄰,環美一街,,,,,,7號,120.472325415456,22.4874478792131
屏東縣東港鎮興農里1鄰環美一街8號,10013,1001303,1001303-020,1鄰,環美一街,,,,,,8號,120.472701272719,22.4875117845853
屏東縣東港鎮興農里1鄰環美一街9號,10013,1001303,1001303-020,1鄰,環美一街,,,,,,9號,120.472356056802,22.4875172476156
屏東縣東港鎮興農里1鄰環美一街11號,10013,1001303,1001303-020,1鄰,環美一街,,,,,,11號,120.472386591754,22.4875890540455
