FULL_ADDR,COUNTY,TOWN,VILLAGE,NEIGHBORHOOD,ROAD,SECTION,LANE,ALLEY,SUB_ALLEY,TONG,NUMBER,X,Y
屏東縣潮州鎮泗林里11鄰潮林路50號,10013,1001302,1001302-019,11鄰,潮林路,,,,,,50號,120.567613962441,22.5537667427678
屏東縣潮州鎮泗林里11鄰潮林路102號,10013,1001302,1001302-019,11鄰,潮林路,,,,,,102號,120.565286563714,22.5515597803973
