FULL_ADDR,COUNTY,TOWN,VILLAGE,NEIGHBORHOOD,ROAD,SECTION,LANE,ALLEY,SUB_ALLEY,TONG,NUMBER,X,Y
屏東縣竹田鄉六巷村1鄰六巷二路5之1號,10013,1001314,1001314-012,1鄰,六巷二路,,,,,,5之1號,120.515073141216,22.6082151462465
屏東縣竹田鄉六巷村1鄰六巷二路11之1號,10013,1001314,1001314-012,1鄰,六巷二路,,,,,,11之1號,120.515344212199,22.6096915318987
屏東縣竹田鄉六巷村1鄰六巷二路21號,10013,1001314,1001314-012,1鄰,六巷二路,,,,,,21號,120.515407484612,22.6122885720968
屏東縣竹田鄉六巷村1鄰六巷二路53號,10013,1001314,1001314-012,1鄰,六巷二路,,,,,,53號,120.515286925945,22.6130772418247
