FULL_ADDR,COUNTY,TOWN,VILLAGE,NEIGHBORHOOD,ROAD,SECTION,LANE,ALLEY,SUB_ALLEY,TONG,NUMBER,X,Y
嘉義縣布袋鎮興中里15鄰上海一街1號,10010,1001003,1001003-004,15鄰,上海一街,,,,,,1號,120.167773528543,23.3793692006779
嘉義縣布袋鎮興中里15鄰上海一街3號,10010,1001003,1001003-004,15鄰,上海一街,,,,,,3號,120.167840510854,23.3793571864636
