FULL_ADDR,COUNTY,TOWN,VILLAGE,NEIGHBORHOOD,ROAD,SECTION,LANE,ALLEY,SUB_ALLEY,TONG,NUMBER,X,Y
花蓮縣花蓮市民勤里29鄰瑞美路1號,10015,1001501,1001501-018,29鄰,瑞美路,,,,,,1號,121.618327062317,23.992773554321
花蓮縣花蓮市民勤里29鄰瑞美路3號,10015,1001501,1001501-018,29鄰,瑞美路,,,,,,3號,121.618125187017,23.9928228099319
花蓮縣花蓮市民勤里29鄰瑞美路5號,10015,1001501,1001501-018,29鄰,瑞美路,,,,,,5號,121.617697738532,23.9927457611123
花蓮縣花蓮市民勤里29鄰瑞美路7號,10015,1001501,1001501-018,29鄰,瑞美路,,,,,,7號,121.617373932193,23.9926783524795
