FULL_ADDR,COUNTY,TOWN,VILLAGE,NEIGHBORHOOD,ROAD,SECTION,LANE,ALLEY,SUB_ALLEY,TONG,NUMBER,X,Y
花蓮縣吉安鄉光華村18鄰華工三路1號,10015,1001505,1001505-018,18鄰,華工三路,,,,,,1號,121.595531120093,23.9341971433373
花蓮縣吉安鄉光華村18鄰華工三路3號,10015,1001505,1001505-018,18鄰,華工三路,,,,,,3號,121.595532957613,23.9348160694124
花蓮縣吉安鄉光華村18鄰華工三路5號,10015,1001505,1001505-018,18鄰,華工三路,,,,,,5號,121.595492433818,23.9352289569372
花蓮縣吉安鄉光華村18鄰華工三路6號,10015,1001505,1001505-018,18鄰,華工三路,,,,,,6號,121.596077472009,23.9376667725509
花蓮縣吉安鄉光華村18鄰華工三路7號,10015,1001505,1001505-018,18鄰,華工三路,,,,,,7號,121.595469627356,23.9357437168405
花蓮縣吉安鄉光華村18鄰華工三路8號,10015,1001505,1001505-018,18鄰,華工三路,,,,,,8號,121.596721235806,23.9376912711068
花蓮縣吉安鄉光華村18鄰華工三路9號,10015,1001505,1001505-018,18鄰,華工三路,,,,,,9號,121.595701232502,23.9361085066443
