FULL_ADDR,COUNTY,TOWN,VILLAGE,NEIGHBORHOOD,ROAD,SECTION,LANE,ALLEY,SUB_ALLEY,TONG,NUMBER,X,Y
花蓮縣鳳林鎮南平里16鄰平勤路2號,10015,1001502,1001502-009,16鄰,平勤路,,,,,,2號,121.448172447779,23.7835573871673
花蓮縣鳳林鎮南平里16鄰平勤路12之1號,10015,1001502,1001502-009,16鄰,平勤路,,,,,,12之1號,121.446600611872,23.7822166331587
花蓮縣鳳林鎮南平里16鄰平勤路32之1號,10015,1001502,1001502-009,16鄰,平勤路,,,,,,32之1號,121.445775214591,23.781014517574
