FULL_ADDR,COUNTY,TOWN,VILLAGE,NEIGHBORHOOD,ROAD,SECTION,LANE,ALLEY,SUB_ALLEY,TONG,NUMBER,X,Y
嘉義縣大林鎮過溪里9鄰大埔美園區五路北段1號,10010,1001004,1001004-012,9鄰,大埔美園區五路北段,,,,,,1號,120.521187444269,23.5981444423208
嘉義縣大林鎮過溪里9鄰大埔美園區五路北段2號,10010,1001004,1001004-012,9鄰,大埔美園區五路北段,,,,,,2號,120.520207697488,23.598064935921
嘉義縣大林鎮過溪里9鄰大埔美園區五路北段3號,10010,1001004,1001004-012,9鄰,大埔美園區五路北段,,,,,,3號,120.522251918009,23.5976913527223
嘉義縣大林鎮過溪里9鄰大埔美園區五路北段6號,10010,1001004,1001004-012,9鄰,大埔美園區五路北段,,,,,,6號,120.521187094671,23.5977818934534
嘉義縣大林鎮過溪里9鄰大埔美園區五路北段8號,10010,1001004,1001004-012,9鄰,大埔美園區五路北段,,,,,,8號,120.522189219298,23.59739082755
