FULL_ADDR,COUNTY,TOWN,VILLAGE,NEIGHBORHOOD,ROAD,SECTION,LANE,ALLEY,SUB_ALLEY,TONG,NUMBER,X,Y
嘉義縣番路鄉觸口村18鄰梅花二路1號,10010,1001016,1001016-007,18鄰,梅花二路,,,,,,1號,120.583985961565,23.4471467312147
嘉義縣番路鄉觸口村18鄰梅花二路2號,10010,1001016,1001016-007,18鄰,梅花二路,,,,,,2號,120.583923767848,23.4471609232122
嘉義縣番路鄉觸口村18鄰梅花二路3號,10010,1001016,1001016-007,18鄰,梅花二路,,,,,,3號,120.583827898771,23.4471773732039
嘉義縣番路鄉觸口村18鄰梅花二路5號,10010,1001016,1001016-007,18鄰,梅花二路,,,,,,5號,120.583770899882,23.4471891408766
嘉義縣番路鄉觸口村18鄰梅花二路6號,10010,1001016,1001016-007,18鄰,梅花二路,,,,,,6號,120.583545448621,23.447236308448
嘉義縣番路鄉觸口村18鄰梅花二路7號,10010,1001016,1001016-007,18鄰,梅花二路,,,,,,7號,120.583493636623,23.4472481801603
嘉義縣番路鄉觸口村18鄰梅花二路8號,10010,1001016,1001016-007,18鄰,梅花二路,,,,,,8號,120.583392550195,23.4472741878215
嘉義縣番路鄉觸口村18鄰梅花二路9號,10010,1001016,1001016-007,18鄰,梅花二路,,,,,,9號,120.583325259643,23.4472907137884
