FULL_ADDR,COUNTY,TOWN,VILLAGE,NEIGHBORHOOD,ROAD,SECTION,LANE,ALLEY,SUB_ALLEY,TONG,NUMBER,X,Y
新竹市北區金雅里2鄰金雅一街2號二樓,10018,1001802,1001802-043,2鄰,金雅一街,,,,,,2號二樓,120.963096232319,24.823837847827
新竹市北區金雅里2鄰金雅一街2號,10018,1001802,1001802-043,2鄰,金雅一街,,,,,,2號,120.963096232319,24.823837847827
新竹市北區金雅里2鄰金雅一街6號,10018,1001802,1001802-043,2鄰,金雅一街,,,,,,6號,120.963082267099,24.8238930090934
新竹市北區金雅里2鄰金雅一街8號,10018,1001802,1001802-043,2鄰,金雅一街,,,,,,8號,120.963070382063,24.8239390519914
新竹市北區金雅里2鄰金雅一街10號,10018,1001802,1001802-043,2鄰,金雅一街,,,,,,10號,120.963056913389,24.8239877127893
新竹市北區金雅里2鄰金雅一街12號,10018,1001802,1001802-043,2鄰,金雅一街,,,,,,12號,120.963034338451,24.8240527130908
新竹市北區金雅里2鄰金雅一街16號,10018,1001802,1001802-043,2鄰,金雅一街,,,,,,16號,120.963003320087,24.8242338190224
新竹市北區金雅里2鄰金雅一街18號,10018,1001802,1001802-043,2鄰,金雅一街,,,,,,18號,120.962965884751,24.8243695998119
新竹市北區金雅里2鄰金雅一街22號,10018,1001802,1001802-043,2鄰,金雅一街,,,,,,22號,120.962844363537,24.8244933516899
