FULL_ADDR,COUNTY,TOWN,VILLAGE,NEIGHBORHOOD,ROAD,SECTION,LANE,ALLEY,SUB_ALLEY,TONG,NUMBER,X,Y
臺東縣鹿野鄉龍田村2鄰南三路17號,10014,1001405,1001405-007,2鄰,南三路,,,,,,17號,121.119391049762,22.9007414158305
臺東縣鹿野鄉龍田村2鄰南三路29號,10014,1001405,1001405-007,2鄰,南三路,,,,,,29號,121.130416653106,22.90025605807
臺東縣鹿野鄉龍田村4鄰南三路115號,10014,1001405,1001405-007,4鄰,南三路,,,,,,115號,121.125976142033,22.9003562427205
臺東縣鹿野鄉龍田村4鄰南三路131號,10014,1001405,1001405-007,4鄰,南三路,,,,,,131號,121.124820008132,22.9005060101845
臺東縣鹿野鄉龍田村4鄰南三路166號,10014,1001405,1001405-007,4鄰,南三路,,,,,,166號,121.125008922286,22.9007210664979
臺東縣鹿野鄉龍田村4鄰南三路168號,10014,1001405,1001405-007,4鄰,南三路,,,,,,168號,121.124755213681,22.9009632922268
臺東縣鹿野鄉龍田村6鄰南三路198號,10014,1001405,1001405-007,6鄰,南三路,,,,,,198號,121.122896759194,22.901391402012
臺東縣鹿野鄉龍田村6鄰南三路199號,10014,1001405,1001405-007,6鄰,南三路,,,,,,199號,121.122192377022,22.9005503977474
