FULL_ADDR,COUNTY,TOWN,VILLAGE,NEIGHBORHOOD,ROAD,SECTION,LANE,ALLEY,SUB_ALLEY,TONG,NUMBER,X,Y
花蓮縣花蓮市民心里7鄰美工三街1號,10015,1001501,1001501-025,7鄰,美工三街,,,,,,1號,121.634030209043,24.0143085537381
花蓮縣花蓮市民心里7鄰美工三街2號,10015,1001501,1001501-025,7鄰,美工三街,,,,,,2號,121.633940238146,24.0148636792823
花蓮縣花蓮市民心里7鄰美工三街4號,10015,1001501,1001501-025,7鄰,美工三街,,,,,,4號,121.620942710066,24.0095595922026
花蓮縣花蓮市民心里7鄰美工三街6號,10015,1001501,1001501-025,7鄰,美工三街,,,,,,6號,121.633526665248,24.0151556778609
花蓮縣花蓮市民心里7鄰美工三街12號,10015,1001501,1001501-025,7鄰,美工三街,,,,,,12號,121.632007319247,24.0164107872155
