FULL_ADDR,COUNTY,TOWN,VILLAGE,NEIGHBORHOOD,ROAD,SECTION,LANE,ALLEY,SUB_ALLEY,TONG,NUMBER,X,Y
新竹市東區科園里24鄰力行六路1號,10018,1001801,1001801-047,24鄰,力行六路,,,,,,1號,121.015549569417,24.7733921580712
新竹市東區科園里24鄰力行六路2號,10018,1001801,1001801-047,24鄰,力行六路,,,,,,2號,121.014524400244,24.7734294590702
新竹市東區科園里24鄰力行六路3號,10018,1001801,1001801-047,24鄰,力行六路,,,,,,3號,121.015111962188,24.7723510181173
新竹市東區科園里24鄰力行六路5號,10018,1001801,1001801-047,24鄰,力行六路,,,,,,5號,121.014150445029,24.7711641143068
新竹市東區科園里24鄰力行六路6號,10018,1001801,1001801-047,24鄰,力行六路,,,,,,6號,121.014593104381,24.7740773487584
新竹市東區科園里24鄰力行六路8號,10018,1001801,1001801-047,24鄰,力行六路,,,,,,8號,121.013280898836,24.7726646666815
新竹市東區科園里24鄰力行六路10號,10018,1001801,1001801-047,24鄰,力行六路,,,,,,10號,121.01429304108,24.7737717576925
