FULL_ADDR,COUNTY,TOWN,VILLAGE,NEIGHBORHOOD,ROAD,SECTION,LANE,ALLEY,SUB_ALLEY,TONG,NUMBER,X,Y
新竹市香山區東香里2鄰香檳東街21號,10018,1001803,1001803-010,2鄰,香檳東街,,,,,,21號,120.95085319356,24.7758762676477
新竹市香山區東香里2鄰香檳東街22之1號,10018,1001803,1001803-010,2鄰,香檳東街,,,,,,22之1號,120.950334361853,24.7752669333244
新竹市香山區東香里2鄰香檳東街111號,10018,1001803,1001803-010,2鄰,香檳東街,,,,,,111號,120.952591913775,24.7773478662806
