FULL_ADDR,COUNTY,TOWN,VILLAGE,NEIGHBORHOOD,ROAD,SECTION,LANE,ALLEY,SUB_ALLEY,TONG,NUMBER,X,Y
新竹市東區科園里24鄰力行二路1號,10018,1001801,1001801-047,24鄰,力行二路,,,,,,1號,121.019692145107,24.7730948084257
新竹市東區科園里24鄰力行二路1之1號,10018,1001801,1001801-047,24鄰,力行二路,,,,,,1之1號,121.020384753244,24.7730773807324
新竹市東區科園里24鄰力行二路2號,10018,1001801,1001801-047,24鄰,力行二路,,,,,,2號,121.018153640154,24.7737287242188
新竹市東區科園里24鄰力行二路3號,10018,1001801,1001801-047,24鄰,力行二路,,,,,,3號,121.019623986085,24.7716759638196
新竹市東區科園里24鄰力行二路5號,10018,1001801,1001801-047,24鄰,力行二路,,,,,,5號,121.019566317298,24.7715624811263
