FULL_ADDR,COUNTY,TOWN,VILLAGE,NEIGHBORHOOD,ROAD,SECTION,LANE,ALLEY,SUB_ALLEY,TONG,NUMBER,X,Y
臺東縣臺東市富岡里8鄰東利路98號,10014,1001401,1001401-001,8鄰,東利路,,,,,,98號,121.162333976157,22.7934795547114
臺東縣臺東市富岡里8鄰東利路100號,10014,1001401,1001401-001,8鄰,東利路,,,,,,100號,121.162776085974,22.793508030275
臺東縣臺東市富岡里8鄰東利路102號,10014,1001401,1001401-001,8鄰,東利路,,,,,,102號,121.162851125326,22.7936075017944
