FULL_ADDR,COUNTY,TOWN,VILLAGE,NEIGHBORHOOD,ROAD,SECTION,LANE,ALLEY,SUB_ALLEY,TONG,NUMBER,X,Y
新竹市北區南寮里22鄰新港北路231號,10018,1001802,1001802-024,22鄰,新港北路,,,,,,231號,120.921194551923,24.8495851261796
新竹市北區南寮里22鄰新港北路251號,10018,1001802,1001802-024,22鄰,新港北路,,,,,,251號,120.920493640706,24.8489024666284
