FULL_ADDR,COUNTY,TOWN,VILLAGE,NEIGHBORHOOD,ROAD,SECTION,LANE,ALLEY,SUB_ALLEY,TONG,NUMBER,X,Y
臺東縣鹿野鄉龍田村2鄰南四路7號,10014,1001405,1001405-007,2鄰,南四路,,,,,,7號,121.133391022397,22.8986962221571
臺東縣鹿野鄉龍田村2鄰南四路17號,10014,1001405,1001405-007,2鄰,南四路,,,,,,17號,121.131518988777,22.8986991368833
臺東縣鹿野鄉龍田村4鄰南四路161號,10014,1001405,1001405-007,4鄰,南四路,,,,,,161號,121.1253263777,22.898459856381
臺東縣鹿野鄉龍田村4鄰南四路165號,10014,1001405,1001405-007,4鄰,南四路,,,,,,165號,121.124931488418,22.8981268390524
