FULL_ADDR,COUNTY,TOWN,VILLAGE,NEIGHBORHOOD,ROAD,SECTION,LANE,ALLEY,SUB_ALLEY,TONG,NUMBER,X,Y
屏東縣佳冬鄉佳冬村1鄰佳農街8巷21號,10013,1001321,1001321-001,1鄰,佳農街,,8巷,,,,21號,120.56501925456,22.4104861842756
屏東縣佳冬鄉佳冬村1鄰佳農街9號,10013,1001321,1001321-001,1鄰,佳農街,,,,,,9號,120.563706374888,22.4104750595175
屏東縣佳冬鄉佳冬村1鄰佳農街12號,10013,1001321,1001321-001,1鄰,佳農街,,,,,,12號,120.56395485049,22.4106879635949
屏東縣佳冬鄉佳冬村1鄰佳農街31號,10013,1001321,1001321-001,1鄰,佳農街,,,,,,31號,120.563721700223,22.4114151600058
屏東縣佳冬鄉佳冬村1鄰佳農街35號,10013,1001321,1001321-001,1鄰,佳農街,,,,,,35號,120.563764988929,22.4117053594395
屏東縣佳冬鄉佳冬村1鄰佳農街65巷21號,10013,1001321,1001321-001,1鄰,佳農街,,65巷,,,,21號,120.561742592943,22.4126414823205
屏東縣佳冬鄉佳冬村1鄰佳農街65巷38號,10013,1001321,1001321-001,1鄰,佳農街,,65巷,,,,38號,120.561733321769,22.4119431639196
屏東縣佳冬鄉佳冬村1鄰佳農街67號,10013,1001321,1001321-001,1鄰,佳農街,,,,,,67號,120.564047698774,22.4136481942645
屏東縣佳冬鄉玉光村28鄰佳農街8巷199號,10013,1001321,1001321-006,28鄰,佳農街,,8巷,,,,199號,120.569704694733,22.4170290177891
