FULL_ADDR,COUNTY,TOWN,VILLAGE,NEIGHBORHOOD,ROAD,SECTION,LANE,ALLEY,SUB_ALLEY,TONG,NUMBER,X,Y
花蓮縣吉安鄉永興村9鄰永吉四街105號,10015,1001505,1001505-010,9鄰,永吉四街,,,,,,105號,121.568640659155,23.9514849032802
花蓮縣吉安鄉永興村6鄰永吉四街259號,10015,1001505,1001505-010,6鄰,永吉四街,,,,,,259號,121.56532010067,23.9534986061763
花蓮縣吉安鄉永興村6鄰永吉四街269號,10015,1001505,1001505-010,6鄰,永吉四街,,,,,,269號,121.564615017779,23.9538723963964
花蓮縣吉安鄉永興村4鄰永吉四街500號,10015,1001505,1001505-010,4鄰,永吉四街,,,,,,500號,121.567023531866,23.953021626228
