FULL_ADDR,COUNTY,TOWN,VILLAGE,NEIGHBORHOOD,ROAD,SECTION,LANE,ALLEY,SUB_ALLEY,TONG,NUMBER,X,Y
屏東縣枋寮鄉內寮村1鄰建興東路1巷16號,10013,1001316,1001316-010,1鄰,建興東路,,1巷,,,,16號,120.610891903041,22.3906657979899
屏東縣枋寮鄉內寮村1鄰建興東路1巷46號,10013,1001316,1001316-010,1鄰,建興東路,,1巷,,,,46號,120.61254089184,22.3953857071843
屏東縣枋寮鄉內寮村1鄰建興東路1巷56號,10013,1001316,1001316-010,1鄰,建興東路,,1巷,,,,56號,120.612988143104,22.3962940596357
屏東縣枋寮鄉內寮村1鄰建興東路1巷58號,10013,1001316,1001316-010,1鄰,建興東路,,1巷,,,,58號,120.613128619558,22.3964202916777
屏東縣枋寮鄉內寮村1鄰建興東路6號,10013,1001316,1001316-010,1鄰,建興東路,,,,,,6號,120.611032048823,22.3894763547651
