FULL_ADDR,COUNTY,TOWN,VILLAGE,NEIGHBORHOOD,ROAD,SECTION,LANE,ALLEY,SUB_ALLEY,TONG,NUMBER,X,Y
澎湖縣馬公市西文里24鄰永壽街78之1號,10016,1001601,1001601-015,24鄰,永壽街,,,,,,78之1號,121.580301423478,23.5644566598309
澎湖縣馬公市西文里24鄰永壽街80號,10016,1001601,1001601-015,24鄰,永壽街,,,,,,80號,121.58082803173,23.5651264540066
澎湖縣馬公市西文里24鄰永壽街81號(馬公市戶政事務所),10016,1001601,1001601-015,24鄰,永壽街,,,,,,81號(馬公市戶政事務所),121.580964847448,23.5655534842801
澎湖縣馬公市西文里24鄰永壽街82號,10016,1001601,1001601-015,24鄰,永壽街,,,,,,82號,121.580879257335,23.5651873219153
澎湖縣馬公市西文里24鄰永壽街86號,10016,1001601,1001601-015,24鄰,永壽街,,,,,,86號,121.58093219833,23.5652528879055
澎湖縣馬公市西文里24鄰永壽街88號,10016,1001601,1001601-015,24鄰,永壽街,,,,,,88號,121.581002125109,23.5653183903987
澎湖縣馬公市西文里24鄰永壽街90號,10016,1001601,1001601-015,24鄰,永壽街,,,,,,90號,121.581056743105,23.5653776834171
澎湖縣馬公市西文里24鄰永壽街92號,10016,1001601,1001601-015,24鄰,永壽街,,,,,,92號,121.581112979023,23.5654306495298
澎湖縣馬公市西文里24鄰永壽街96號,10016,1001601,1001601-015,24鄰,永壽街,,,,,,96號,121.581206847657,23.5654361679809
