FULL_ADDR,COUNTY,TOWN,VILLAGE,NEIGHBORHOOD,ROAD,SECTION,LANE,ALLEY,SUB_ALLEY,TONG,NUMBER,X,Y
臺東縣臺東市豐田里5鄰體中路1號,10014,1001401,1001401-030,5鄰,體中路,,,,,,1號,121.075233717791,22.7644846488603
臺東縣臺東市豐田里5鄰體中路16之1號,10014,1001401,1001401-030,5鄰,體中路,,,,,,16之1號,121.076380721375,22.7666910542557
臺東縣臺東市豐田里5鄰體中路23號,10014,1001401,1001401-030,5鄰,體中路,,,,,,23號,121.075694308365,22.7669885099698
臺東縣臺東市豐田里5鄰體中路30號,10014,1001401,1001401-030,5鄰,體中路,,,,,,30號,121.076234006519,22.7670452026356
臺東縣臺東市豐田里5鄰體中路43之1號,10014,1001401,1001401-030,5鄰,體中路,,,,,,43之1號,121.075188583267,22.7679021076954
臺東縣臺東市豐田里5鄰體中路69巷8之1號,10014,1001401,1001401-030,5鄰,體中路,,69巷,,,,8之1號,121.073987836599,22.7695139786698
臺東縣臺東市豐田里5鄰體中路69巷11號,10014,1001401,1001401-030,5鄰,體中路,,69巷,,,,11號,121.074269245618,22.7689855348766
臺東縣臺東市豐田里5鄰體中路69巷15號,10014,1001401,1001401-030,5鄰,體中路,,69巷,,,,15號,121.073899437458,22.7688931388045
臺東縣臺東市豐田里5鄰體中路71之1號,10014,1001401,1001401-030,5鄰,體中路,,,,,,71之1號,121.074401850171,22.7701468317549
