FULL_ADDR,COUNTY,TOWN,VILLAGE,NEIGHBORHOOD,ROAD,SECTION,LANE,ALLEY,SUB_ALLEY,TONG,NUMBER,X,Y
屏東縣長治鄉德和村6鄰農環路6號,10013,1001306,1001306-011,6鄰,農環路,,,,,,6號,120.542229230453,22.7105247052633
屏東縣長治鄉德和村6鄰農環路9號,10013,1001306,1001306-011,6鄰,農環路,,,,,,9號,120.540727238253,22.7098900457251
屏東縣長治鄉德和村6鄰農環路11號,10013,1001306,1001306-011,6鄰,農環路,,,,,,11號,120.541066705463,22.7098775640405
