FULL_ADDR,COUNTY,TOWN,VILLAGE,NEIGHBORHOOD,ROAD,SECTION,LANE,ALLEY,SUB_ALLEY,TONG,NUMBER,X,Y
新竹市東區科園里24鄰工業東九路2號,10018,1001801,1001801-047,24鄰,工業東九路,,,,,,2號,121.008780161597,24.7731212162282
新竹市東區科園里24鄰工業東九路12號,10018,1001801,1001801-047,24鄰,工業東九路,,,,,,12號,121.007139877701,24.7726038710558
