FULL_ADDR,COUNTY,TOWN,VILLAGE,NEIGHBORHOOD,ROAD,SECTION,LANE,ALLEY,SUB_ALLEY,TONG,NUMBER,X,Y
澎湖縣馬公市復興里6鄰金龍路2號,10016,1001601,1001601-002,6鄰,金龍路,,,,,,2號,121.562414464241,23.5632432798106
澎湖縣馬公市復興里6鄰金龍路2號之1,10016,1001601,1001601-002,6鄰,金龍路,,,,,,2號之1,121.562392833512,23.5632014417654
澎湖縣馬公市復興里10鄰金龍路7號,10016,1001601,1001601-002,10鄰,金龍路,,,,,,7號,121.558422569704,23.5618295431869
