FULL_ADDR,COUNTY,TOWN,VILLAGE,NEIGHBORHOOD,ROAD,SECTION,LANE,ALLEY,SUB_ALLEY,TONG,NUMBER,X,Y
臺東縣池上鄉福原村7鄰忠仁路1號,10014,1001406,1001406-005,7鄰,忠仁路,,,,,,1號,121.217698674804,23.1212739623181
臺東縣池上鄉福原村7鄰忠仁路3號,10014,1001406,1001406-005,7鄰,忠仁路,,,,,,3號,121.217730342405,23.1212341841806
臺東縣池上鄉福原村7鄰忠仁路5號,10014,1001406,1001406-005,7鄰,忠仁路,,,,,,5號,121.217760081894,23.1211975693918
臺東縣池上鄉福原村7鄰忠仁路7號,10014,1001406,1001406-005,7鄰,忠仁路,,,,,,7號,121.217798584979,23.1211523544424
臺東縣池上鄉福原村5鄰忠仁路12號,10014,1001406,1001406-005,5鄰,忠仁路,,,,,,12號,121.217778060739,23.1209217424471
臺東縣池上鄉福原村5鄰忠仁路14號,10014,1001406,1001406-005,5鄰,忠仁路,,,,,,14號,121.217804908382,23.1208900984454
臺東縣池上鄉福原村5鄰忠仁路16號,10014,1001406,1001406-005,5鄰,忠仁路,,,,,,16號,121.217832154133,23.1208570993063
臺東縣池上鄉福原村5鄰忠仁路18號,10014,1001406,1001406-005,5鄰,忠仁路,,,,,,18號,121.217860452863,23.1208231866224
臺東縣池上鄉福原村5鄰忠仁路20號,10014,1001406,1001406-005,5鄰,忠仁路,,,,,,20號,121.217888176272,23.1207897352863
