FULL_ADDR,COUNTY,TOWN,VILLAGE,NEIGHBORHOOD,ROAD,SECTION,LANE,ALLEY,SUB_ALLEY,TONG,NUMBER,X,Y
澎湖縣馬公市西文里24鄰永福街30號,10016,1001601,1001601-015,24鄰,永福街,,,,,,30號,121.578707768561,23.5660247955942
澎湖縣馬公市西文里1鄰永福街52巷6號,10016,1001601,1001601-015,1鄰,永福街,,52巷,,,,6號,121.579807997889,23.5676677709566
澎湖縣馬公市西文里1鄰永福街52巷8號,10016,1001601,1001601-015,1鄰,永福街,,52巷,,,,8號,121.579875892911,23.5676206261297
