FULL_ADDR,COUNTY,TOWN,VILLAGE,NEIGHBORHOOD,ROAD,SECTION,LANE,ALLEY,SUB_ALLEY,TONG,NUMBER,X,Y
屏東縣竹田鄉六巷村1鄰東西十路5號,10013,1001314,1001314-012,1鄰,東西十路,,,,,,5號,120.516931968369,22.611884517271
屏東縣竹田鄉六巷村1鄰東西十路6號,10013,1001314,1001314-012,1鄰,東西十路,,,,,,6號,120.517141786827,22.6121060456376
屏東縣竹田鄉六巷村1鄰東西十路18號,10013,1001314,1001314-012,1鄰,東西十路,,,,,,18號,120.514565217643,22.6122318411773
屏東縣竹田鄉六巷村1鄰東西十路21號,10013,1001314,1001314-012,1鄰,東西十路,,,,,,21號,120.514777935262,22.6118476757748
屏東縣竹田鄉六巷村1鄰東西十路29號,10013,1001314,1001314-012,1鄰,東西十路,,,,,,29號,120.514197700988,22.6117960697685
屏東縣竹田鄉六巷村1鄰東西十路33之1號,10013,1001314,1001314-012,1鄰,東西十路,,,,,,33之1號,120.513737136006,22.6117371479639
屏東縣竹田鄉六巷村1鄰東西十路35號,10013,1001314,1001314-012,1鄰,東西十路,,,,,,35號,120.513453767395,22.6117977899529
屏東縣竹田鄉六巷村1鄰東西十路37號,10013,1001314,1001314-012,1鄰,東西十路,,,,,,37號,120.513286327011,22.6118360250431
