FULL_ADDR,COUNTY,TOWN,VILLAGE,NEIGHBORHOOD,ROAD,SECTION,LANE,ALLEY,SUB_ALLEY,TONG,NUMBER,X,Y
臺東縣鹿野鄉瑞源村11鄰富民路27號,10014,1001405,1001405-003,11鄰,富民路,,,,,,27號,121.15591006901,22.9565333363731
臺東縣鹿野鄉瑞隆村10鄰富民路18之1號,10014,1001405,1001405-005,10鄰,富民路,,,,,,18之1號,121.155678043267,22.9553474547143
