FULL_ADDR,COUNTY,TOWN,VILLAGE,NEIGHBORHOOD,ROAD,SECTION,LANE,ALLEY,SUB_ALLEY,TONG,NUMBER,X,Y
新竹市北區南寮里22鄰新港三路1號,10018,1001802,1001802-024,22鄰,新港三路,,,,,,1號,120.924502873485,24.8463637281174
新竹市北區南寮里22鄰新港三路1之9號,10018,1001802,1001802-024,22鄰,新港三路,,,,,,1之9號,120.924951849688,24.8480717971829
新竹市北區南寮里22鄰新港三路3號,10018,1001802,1001802-024,22鄰,新港三路,,,,,,3號,120.925931286091,24.8493085667344
