FULL_ADDR,COUNTY,TOWN,VILLAGE,NEIGHBORHOOD,ROAD,SECTION,LANE,ALLEY,SUB_ALLEY,TONG,NUMBER,X,Y
嘉義縣鹿草鄉鹿草村10鄰文康街1號,10010,1001011,1001011-003,10鄰,文康街,,,,,,1號,120.309723463788,23.4140888337854
嘉義縣鹿草鄉鹿草村10鄰文康街2號,10010,1001011,1001011-003,10鄰,文康街,,,,,,2號,120.309910336525,23.414223210236
嘉義縣鹿草鄉鹿草村10鄰文康街3號,10010,1001011,1001011-003,10鄰,文康街,,,,,,3號,120.309712906439,23.4141246354855
嘉義縣鹿草鄉鹿草村10鄰文康街5號,10010,1001011,1001011-003,10鄰,文康街,,,,,,5號,120.309688025494,23.4141866506427
嘉義縣鹿草鄉鹿草村10鄰文康街6號,10010,1001011,1001011-003,10鄰,文康街,,,,,,6號,120.309866554989,23.4143072649689
嘉義縣鹿草鄉鹿草村10鄰文康街7號,10010,1001011,1001011-003,10鄰,文康街,,,,,,7號,120.309658604919,23.414237268175
