FULL_ADDR,COUNTY,TOWN,VILLAGE,NEIGHBORHOOD,ROAD,SECTION,LANE,ALLEY,SUB_ALLEY,TONG,NUMBER,X,Y
花蓮縣吉安鄉南華村13鄰華興三街162號,10015,1001505,1001505-008,13鄰,華興三街,,,,,,162號,121.549670650879,23.958847055177
花蓮縣吉安鄉南華村13鄰華興三街163號,10015,1001505,1001505-008,13鄰,華興三街,,,,,,163號,121.550289697992,23.9579715192339
花蓮縣吉安鄉南華村13鄰華興三街165號,10015,1001505,1001505-008,13鄰,華興三街,,,,,,165號,121.550330625568,23.958245882728
