FULL_ADDR,COUNTY,TOWN,VILLAGE,NEIGHBORHOOD,ROAD,SECTION,LANE,ALLEY,SUB_ALLEY,TONG,NUMBER,X,Y
屏東縣潮州鎮三共里15鄰仁化街1號,10013,1001302,1001302-008,15鄰,仁化街,,,,,,1號,120.547623719462,22.558069954903
屏東縣潮州鎮三共里15鄰仁化街3號,10013,1001302,1001302-008,15鄰,仁化街,,,,,,3號,120.547830148501,22.5585166687213
屏東縣潮州鎮三共里13鄰仁化街6號,10013,1001302,1001302-008,13鄰,仁化街,,,,,,6號,120.547751600702,22.557974585623
屏東縣潮州鎮三共里13鄰仁化街8號,10013,1001302,1001302-008,13鄰,仁化街,,,,,,8號,120.547794831866,22.5580159790418
屏東縣潮州鎮三共里13鄰仁化街10號,10013,1001302,1001302-008,13鄰,仁化街,,,,,,10號,120.547819701406,22.5580526246774
屏東縣潮州鎮三共里13鄰仁化街16號,10013,1001302,1001302-008,13鄰,仁化街,,,,,,16號,120.547961411749,22.5583682062976
