FULL_ADDR,COUNTY,TOWN,VILLAGE,NEIGHBORHOOD,ROAD,SECTION,LANE,ALLEY,SUB_ALLEY,TONG,NUMBER,X,Y
新竹市東區科園里22鄰科技路1號,10018,1001801,1001801-047,22鄰,科技路,,,,,,1號,121.004979763936,24.7821556402399
新竹市東區科園里22鄰科技路5號,10018,1001801,1001801-047,22鄰,科技路,,,,,,5號,121.004620313455,24.7830526477117
新竹市東區科園里22鄰科技路5號三樓,10018,1001801,1001801-047,22鄰,科技路,,,,,,5號三樓,121.004620313455,24.7830526477117
新竹市東區科園里22鄰科技路5號五樓,10018,1001801,1001801-047,22鄰,科技路,,,,,,5號五樓,121.004620313455,24.7830526477117
新竹市東區科園里22鄰科技路5號六樓,10018,1001801,1001801-047,22鄰,科技路,,,,,,5號六樓,121.004620313455,24.7830526477117
新竹市東區科園里22鄰科技路5號八樓,10018,1001801,1001801-047,22鄰,科技路,,,,,,5號八樓,121.004620313455,24.7830526477117
新竹市東區科園里22鄰科技路5號四樓之1,10018,1001801,1001801-047,22鄰,科技路,,,,,,5號四樓之1,121.004620313455,24.7830526477117
