FULL_ADDR,COUNTY,TOWN,VILLAGE,NEIGHBORHOOD,ROAD,SECTION,LANE,ALLEY,SUB_ALLEY,TONG,NUMBER,X,Y
花蓮縣鳳林鎮南平里6鄰兆豐路1號,10015,1001502,1001502-009,6鄰,兆豐路,,,,,,1號,121.458300473619,23.7791779683986
花蓮縣鳳林鎮南平里6鄰兆豐路2號,10015,1001502,1001502-009,6鄰,兆豐路,,,,,,2號,121.458115064721,23.777507944509
花蓮縣鳳林鎮南平里6鄰兆豐路6號,10015,1001502,1001502-009,6鄰,兆豐路,,,,,,6號,121.458190859579,23.777689576632
花蓮縣鳳林鎮南平里7鄰兆豐路28號,10015,1001502,1001502-009,7鄰,兆豐路,,,,,,28號,121.459279413528,23.7803241715767
花蓮縣鳳林鎮林榮里13鄰兆豐路499號,10015,1001502,1001502-010,13鄰,兆豐路,,,,,,499號,121.462651458493,23.7908729019248
花蓮縣鳳林鎮林榮里13鄰兆豐路500號,10015,1001502,1001502-010,13鄰,兆豐路,,,,,,500號,121.463309017651,23.7916348626919
花蓮縣鳳林鎮林榮里11鄰兆豐路699號,10015,1001502,1001502-010,11鄰,兆豐路,,,,,,699號,121.461170597937,23.8002402364505
花蓮縣鳳林鎮林榮里14鄰兆豐路800號,10015,1001502,1001502-010,14鄰,兆豐路,,,,,,800號,121.462382390627,23.8035449691796
