FULL_ADDR,COUNTY,TOWN,VILLAGE,NEIGHBORHOOD,ROAD,SECTION,LANE,ALLEY,SUB_ALLEY,TONG,NUMBER,X,Y
花蓮縣壽豐鄉共和村1鄰理想路1號,10015,1001506,1001506-006,1鄰,理想路,,,,,,1號,121.526663404918,23.8661089160316
花蓮縣壽豐鄉共和村1鄰理想路1之1號,10015,1001506,1001506-006,1鄰,理想路,,,,,,1之1號,121.527351682903,23.8656185803227
花蓮縣壽豐鄉共和村1鄰理想路2號,10015,1001506,1001506-006,1鄰,理想路,,,,,,2號,121.525487817455,23.8663206375575
花蓮縣壽豐鄉共和村1鄰理想路6號,10015,1001506,1001506-006,1鄰,理想路,,,,,,6號,121.525729263879,23.8654989525253
花蓮縣壽豐鄉共和村1鄰理想路10之1號,10015,1001506,1001506-006,1鄰,理想路,,,,,,10之1號,121.527261339843,23.8650427819454
花蓮縣壽豐鄉共和村1鄰理想路10之2號,10015,1001506,1001506-006,1鄰,理想路,,,,,,10之2號,121.52736980763,23.8650609209297
花蓮縣壽豐鄉共和村1鄰理想路10之3號,10015,1001506,1001506-006,1鄰,理想路,,,,,,10之3號,121.527512347803,23.8649827791803
