FULL_ADDR,COUNTY,TOWN,VILLAGE,NEIGHBORHOOD,ROAD,SECTION,LANE,ALLEY,SUB_ALLEY,TONG,NUMBER,X,Y
臺東縣鹿野鄉龍田村1鄰北二路18號,10014,1001405,1001405-007,1鄰,北二路,,,,,,18號,121.13247149401,22.9069129338122
臺東縣鹿野鄉龍田村1鄰北二路66號,10014,1001405,1001405-007,1鄰,北二路,,,,,,66號,121.13051941,22.9074841325194
臺東縣鹿野鄉龍田村5鄰北二路220號,10014,1001405,1001405-007,5鄰,北二路,,,,,,220號,121.122409582641,22.9071600589778
臺東縣鹿野鄉龍田村5鄰北二路258號,10014,1001405,1001405-007,5鄰,北二路,,,,,,258號,121.120987188367,22.9072188824948
臺東縣鹿野鄉龍田村12鄰北二路360號,10014,1001405,1001405-007,12鄰,北二路,,,,,,360號,121.116038419902,22.9074894346222
臺東縣鹿野鄉龍田村12鄰北二路368號,10014,1001405,1001405-007,12鄰,北二路,,,,,,368號,121.115412208068,22.907625804691
臺東縣鹿野鄉龍田村12鄰北二路370號,10014,1001405,1001405-007,12鄰,北二路,,,,,,370號,121.115147566219,22.9076084407646
臺東縣鹿野鄉龍田村14鄰北二路626號,10014,1001405,1001405-007,14鄰,北二路,,,,,,626號,121.102333821224,22.9078393144375
