FULL_ADDR,COUNTY,TOWN,VILLAGE,NEIGHBORHOOD,ROAD,SECTION,LANE,ALLEY,SUB_ALLEY,TONG,NUMBER,X,Y
澎湖縣馬公市光榮里24鄰頂新二路41號,10016,1001601,1001601-009,24鄰,頂新二路,,,,,,41號,121.568698787192,23.5774455230895
澎湖縣馬公市光榮里24鄰頂新二路43號,10016,1001601,1001601-009,24鄰,頂新二路,,,,,,43號,121.568634460389,23.5774543367561
澎湖縣馬公市光榮里24鄰頂新二路88號,10016,1001601,1001601-009,24鄰,頂新二路,,,,,,88號,121.568267711858,23.5776690516902
