FULL_ADDR,COUNTY,TOWN,VILLAGE,NEIGHBORHOOD,ROAD,SECTION,LANE,ALLEY,SUB_ALLEY,TONG,NUMBER,X,Y
屏東縣琉球鄉大福村5鄰漁港路5之1號,10013,1001322,1001322-004,5鄰,漁港路,,,,,,5之1號,120.376870440531,22.3371883511024
屏東縣琉球鄉大福村6鄰漁港路55號,10013,1001322,1001322-004,6鄰,漁港路,,,,,,55號,120.374440174732,22.3347125941698
