FULL_ADDR,COUNTY,TOWN,VILLAGE,NEIGHBORHOOD,ROAD,SECTION,LANE,ALLEY,SUB_ALLEY,TONG,NUMBER,X,Y
臺東縣成功鎮忠仁里20鄰海岸路1號,10014,1001402,1001402-006,20鄰,海岸路,,,,,,1號,121.380455661744,23.0997886447327
臺東縣成功鎮忠仁里20鄰海岸路2號,10014,1001402,1001402-006,20鄰,海岸路,,,,,,2號,121.380422358713,23.0998527511226
臺東縣成功鎮忠仁里20鄰海岸路3號,10014,1001402,1001402-006,20鄰,海岸路,,,,,,3號,121.380408418284,23.0998942346379
臺東縣成功鎮忠仁里20鄰海岸路5號,10014,1001402,1001402-006,20鄰,海岸路,,,,,,5號,121.380270715162,23.1000431178669
