FULL_ADDR,COUNTY,TOWN,VILLAGE,NEIGHBORHOOD,ROAD,SECTION,LANE,ALLEY,SUB_ALLEY,TONG,NUMBER,X,Y
嘉義縣朴子市佳禾里9鄰馬稠後園區十三路47號,10010,1001002,1001002-018,9鄰,馬稠後園區十三路,,,,,,47號,120.266145378512,23.4366852468699
嘉義縣朴子市佳禾里9鄰馬稠後園區十三路80號,10010,1001002,1001002-018,9鄰,馬稠後園區十三路,,,,,,80號,120.263025800102,23.4374886440012
嘉義縣朴子市佳禾里9鄰馬稠後園區十三路90號,10010,1001002,1001002-018,9鄰,馬稠後園區十三路,,,,,,90號,120.261663204092,23.4376587364022
