FULL_ADDR,COUNTY,TOWN,VILLAGE,NEIGHBORHOOD,ROAD,SECTION,LANE,ALLEY,SUB_ALLEY,TONG,NUMBER,X,Y
新竹市北區中寮里12鄰中褔路65巷5號,10018,1001802,1001802-028,12鄰,中褔路,,65巷,,,,5號,120.9330833791,24.8404658416297
新竹市北區中寮里12鄰中褔路65巷7號,10018,1001802,1001802-028,12鄰,中褔路,,65巷,,,,7號,120.933058563672,24.8404307996586
