FULL_ADDR,COUNTY,TOWN,VILLAGE,NEIGHBORHOOD,ROAD,SECTION,LANE,ALLEY,SUB_ALLEY,TONG,NUMBER,X,Y
嘉義縣朴子市永和里16鄰四維新路159號,10010,1001002,1001002-009,16鄰,四維新路,,,,,,159號,120.232503371299,23.4595000031798
嘉義縣朴子市竹圍里22鄰四維新路26號,10010,1001002,1001002-010,22鄰,四維新路,,,,,,26號,120.235905671789,23.4600659792252
