FULL_ADDR,COUNTY,TOWN,VILLAGE,NEIGHBORHOOD,ROAD,SECTION,LANE,ALLEY,SUB_ALLEY,TONG,NUMBER,X,Y
屏東縣內埔鄉老埤村24鄰學府路1號,10013,1001313,1001313-015,24鄰,學府路,,,,,,1號,120.596083960359,22.6411956920086
屏東縣內埔鄉老埤村24鄰學府路10號,10013,1001313,1001313-015,24鄰,學府路,,,,,,10號,120.594135994648,22.6412548027076
屏東縣內埔鄉老埤村24鄰學府路12號,10013,1001313,1001313-015,24鄰,學府路,,,,,,12號,120.593922198629,22.641170724802
屏東縣內埔鄉老埤村24鄰學府路18號,10013,1001313,1001313-015,24鄰,學府路,,,,,,18號,120.593719153097,22.6410041306725
屏東縣內埔鄉老埤村24鄰學府路20號,10013,1001313,1001313-015,24鄰,學府路,,,,,,20號,120.593565923333,22.6410022973823
