FULL_ADDR,COUNTY,TOWN,VILLAGE,NEIGHBORHOOD,ROAD,SECTION,LANE,ALLEY,SUB_ALLEY,TONG,NUMBER,X,Y
臺東縣臺東市豐樂里9鄰大道路1號,10014,1001401,1001401-033,9鄰,大道路,,,,,,1號,121.132762201493,22.7574524494968
臺東縣臺東市豐樂里9鄰大道路5號,10014,1001401,1001401-033,9鄰,大道路,,,,,,5號,121.132528898723,22.7575840352183
臺東縣臺東市豐樂里9鄰大道路7號,10014,1001401,1001401-033,9鄰,大道路,,,,,,7號,121.132501140756,22.757850608064
臺東縣臺東市豐樂里9鄰大道路10之2號,10014,1001401,1001401-033,9鄰,大道路,,,,,,10之2號,121.133143593473,22.757984337539
臺東縣臺東市豐樂里9鄰大道路16號,10014,1001401,1001401-033,9鄰,大道路,,,,,,16號,121.13325143227,22.7576373400028
