FULL_ADDR,COUNTY,TOWN,VILLAGE,NEIGHBORHOOD,ROAD,SECTION,LANE,ALLEY,SUB_ALLEY,TONG,NUMBER,X,Y
花蓮縣瑞穗鄉瑞北村8鄰十美街3之11號,10015,1001509,1001509-005,8鄰,十美街,,,,,,3之11號,121.372775287244,23.5100451011097
花蓮縣瑞穗鄉瑞北村8鄰十美街3之2號,10015,1001509,1001509-005,8鄰,十美街,,,,,,3之2號,121.372434762264,23.5104840071602
花蓮縣瑞穗鄉瑞北村8鄰十美街3之3號,10015,1001509,1001509-005,8鄰,十美街,,,,,,3之3號,121.369521496167,23.5094696689924
花蓮縣瑞穗鄉瑞北村8鄰十美街3之6號,10015,1001509,1001509-005,8鄰,十美街,,,,,,3之6號,121.373018774325,23.5104623732465
花蓮縣瑞穗鄉瑞北村8鄰十美街71號,10015,1001509,1001509-005,8鄰,十美街,,,,,,71號,121.371561194785,23.5098054558978
