FULL_ADDR,COUNTY,TOWN,VILLAGE,NEIGHBORHOOD,ROAD,SECTION,LANE,ALLEY,SUB_ALLEY,TONG,NUMBER,X,Y
花蓮縣壽豐鄉豐坪村10鄰東豐街97之1號,10015,1001506,1001506-005,10鄰,東豐街,,,,,,97之1號,121.511024987908,23.8300212909282
花蓮縣壽豐鄉豐坪村11鄰東豐街100號,10015,1001506,1001506-005,11鄰,東豐街,,,,,,100號,121.510744735939,23.8294386950449
花蓮縣壽豐鄉豐坪村5鄰東豐街188號,10015,1001506,1001506-005,5鄰,東豐街,,,,,,188號,121.507991073556,23.8268257418381
花蓮縣壽豐鄉豐坪村5鄰東豐街257號,10015,1001506,1001506-005,5鄰,東豐街,,,,,,257號,121.507759792472,23.8245408105102
花蓮縣壽豐鄉豐坪村5鄰東豐街262號,10015,1001506,1001506-005,5鄰,東豐街,,,,,,262號,121.506835335277,23.8247597937544
