FULL_ADDR,COUNTY,TOWN,VILLAGE,NEIGHBORHOOD,ROAD,SECTION,LANE,ALLEY,SUB_ALLEY,TONG,NUMBER,X,Y
屏東縣新園鄉瓦?村1鄰環南路100之1號,10013,1001317,1001317-000,1鄰,環南路,,,,,,100之1號,120.478227109851,22.5509508737074
屏東縣新園鄉瓦?村10鄰環南路199號,10013,1001317,1001317-000,10鄰,環南路,,,,,,199號,120.470644690654,22.5512357692835
