FULL_ADDR,COUNTY,TOWN,VILLAGE,NEIGHBORHOOD,ROAD,SECTION,LANE,ALLEY,SUB_ALLEY,TONG,NUMBER,X,Y
嘉義縣中埔鄉和美村23鄰幸福十二街35號,10010,1001013,1001013-008,23鄰,幸福十二街,,,,,,35號,120.467184663738,23.4539738278458
嘉義縣中埔鄉和美村23鄰幸福十二街37號,10010,1001013,1001013-008,23鄰,幸福十二街,,,,,,37號,120.467118978462,23.4539763125121
