FULL_ADDR,COUNTY,TOWN,VILLAGE,NEIGHBORHOOD,ROAD,SECTION,LANE,ALLEY,SUB_ALLEY,TONG,NUMBER,X,Y
屏東縣屏東市橋南里19鄰工業六路1號,10013,1001301,1001301-020,19鄰,工業六路,,,,,,1號,120.497527466819,22.6551622725387
屏東縣屏東市橋南里19鄰工業六路5號,10013,1001301,1001301-020,19鄰,工業六路,,,,,,5號,120.496949267565,22.6556526416657
屏東縣屏東市橋南里19鄰工業六路6號,10013,1001301,1001301-020,19鄰,工業六路,,,,,,6號,120.497916819115,22.6554695493951
屏東縣屏東市橋南里19鄰工業六路7號,10013,1001301,1001301-020,19鄰,工業六路,,,,,,7號,120.496504704575,22.6561840674877
屏東縣屏東市橋南里19鄰工業六路8號,10013,1001301,1001301-020,19鄰,工業六路,,,,,,8號,120.496575937532,22.6569289775708
屏東縣屏東市橋南里19鄰工業六路9號,10013,1001301,1001301-020,19鄰,工業六路,,,,,,9號,120.496288452686,22.656463616101
屏東縣屏東市橋南里19鄰工業六路11號,10013,1001301,1001301-020,19鄰,工業六路,,,,,,11號,120.496063942121,22.6567129752952
