FULL_ADDR,COUNTY,TOWN,VILLAGE,NEIGHBORHOOD,ROAD,SECTION,LANE,ALLEY,SUB_ALLEY,TONG,NUMBER,X,Y
屏東縣枋寮鄉內寮村5鄰蜈蜞二路20號,10013,1001316,1001316-010,5鄰,蜈蜞二路,,,,,,20號,120.6138294385,22.3810498255764
屏東縣枋寮鄉內寮村5鄰蜈蜞二路21號,10013,1001316,1001316-010,5鄰,蜈蜞二路,,,,,,21號,120.613957046521,22.3813297387738
屏東縣枋寮鄉內寮村5鄰蜈蜞二路35號,10013,1001316,1001316-010,5鄰,蜈蜞二路,,,,,,35號,120.614901230824,22.3813737133609
屏東縣枋寮鄉內寮村5鄰蜈蜞二路36號,10013,1001316,1001316-010,5鄰,蜈蜞二路,,,,,,36號,120.614806981988,22.3808984432134
