FULL_ADDR,COUNTY,TOWN,VILLAGE,NEIGHBORHOOD,ROAD,SECTION,LANE,ALLEY,SUB_ALLEY,TONG,NUMBER,X,Y
臺東縣臺東市卑南里18鄰南平街6號,10014,1001401,1001401-005,18鄰,南平街,,,,,,6號,121.123064382798,22.7808900217778
臺東縣臺東市卑南里17鄰南平街7號,10014,1001401,1001401-005,17鄰,南平街,,,,,,7號,121.122962170161,22.7807715239201
臺東縣臺東市卑南里18鄰南平街8號,10014,1001401,1001401-005,18鄰,南平街,,,,,,8號,121.123017744268,22.7809257391047
臺東縣臺東市卑南里17鄰南平街9號,10014,1001401,1001401-005,17鄰,南平街,,,,,,9號,121.122901988212,22.7808115684532
臺東縣臺東市卑南里18鄰南平街10號,10014,1001401,1001401-005,18鄰,南平街,,,,,,10號,121.122950115082,22.7809477906712
臺東縣臺東市卑南里18鄰南平街12號,10014,1001401,1001401-005,18鄰,南平街,,,,,,12號,121.122787878052,22.7810780518801
臺東縣臺東市卑南里17鄰南平街23之1號,10014,1001401,1001401-005,17鄰,南平街,,,,,,23之1號,121.122310459177,22.7812097288402
臺東縣臺東市卑南里17鄰南平街35號,10014,1001401,1001401-005,17鄰,南平街,,,,,,35號,121.122056442186,22.781388375319
