FULL_ADDR,COUNTY,TOWN,VILLAGE,NEIGHBORHOOD,ROAD,SECTION,LANE,ALLEY,SUB_ALLEY,TONG,NUMBER,X,Y
屏東縣潮州鎮富春里5鄰田單路15號,10013,1001302,1001302-014,5鄰,田單路,,,,,,15號,120.543387853128,22.538414468473
屏東縣潮州鎮富春里5鄰田單路65號,10013,1001302,1001302-014,5鄰,田單路,,,,,,65號,120.542559121373,22.5389846834949
屏東縣潮州鎮富春里5鄰田單路65之5號,10013,1001302,1001302-014,5鄰,田單路,,,,,,65之5號,120.542304048629,22.539476150546
