FULL_ADDR,COUNTY,TOWN,VILLAGE,NEIGHBORHOOD,ROAD,SECTION,LANE,ALLEY,SUB_ALLEY,TONG,NUMBER,X,Y
屏東縣萬丹鄉?北村8鄰北順路21號,10013,1001305,1001305-000,8鄰,北順路,,,,,,21號,120.465099597896,22.6026079658359
屏東縣萬丹鄉?北村8鄰北順路23號,10013,1001305,1001305-000,8鄰,北順路,,,,,,23號,120.464941461374,22.6026796861659
屏東縣萬丹鄉?北村8鄰北順路25號,10013,1001305,1001305-000,8鄰,北順路,,,,,,25號,120.464788703454,22.6026935361525
屏東縣萬丹鄉?北村8鄰北順路26之1號,10013,1001305,1001305-000,8鄰,北順路,,,,,,26之1號,120.4653271925,22.6031122873357
屏東縣萬丹鄉?北村8鄰北順路32號,10013,1001305,1001305-000,8鄰,北順路,,,,,,32號,120.464811302593,22.6029614681883
屏東縣萬丹鄉?北村11鄰北順路121號,10013,1001305,1001305-000,11鄰,北順路,,,,,,121號,120.46098054755,22.6019146143888
屏東縣萬丹鄉?北村11鄰北順路146號,10013,1001305,1001305-000,11鄰,北順路,,,,,,146號,120.462508466821,22.6030644038485
屏東縣萬丹鄉?北村11鄰北順路152號,10013,1001305,1001305-000,11鄰,北順路,,,,,,152號,120.46242043447,22.6034171271473
