FULL_ADDR,COUNTY,TOWN,VILLAGE,NEIGHBORHOOD,ROAD,SECTION,LANE,ALLEY,SUB_ALLEY,TONG,NUMBER,X,Y
嘉義縣水上鄉民生村5鄰福德街8號,10010,1001012,1001012-019,5鄰,福德街,,,,,,8號,120.436806111721,23.446127046749
嘉義縣水上鄉民生村4鄰福德街17號,10010,1001012,1001012-019,4鄰,福德街,,,,,,17號,120.436297834438,23.4448666208464
嘉義縣水上鄉民生村4鄰福德街18號,10010,1001012,1001012-019,4鄰,福德街,,,,,,18號,120.437139691987,23.4456562559704
嘉義縣水上鄉民生村4鄰福德街20號,10010,1001012,1001012-019,4鄰,福德街,,,,,,20號,120.437189497425,23.445589433535
嘉義縣水上鄉民生村4鄰福德街22號,10010,1001012,1001012-019,4鄰,福德街,,,,,,22號,120.437236836589,23.4455272074516
嘉義縣水上鄉民生村4鄰福德街26號,10010,1001012,1001012-019,4鄰,福德街,,,,,,26號,120.437266821976,23.4454722330229
嘉義縣水上鄉民生村4鄰福德街28號,10010,1001012,1001012-019,4鄰,福德街,,,,,,28號,120.437321978726,23.4453897177651
嘉義縣水上鄉民生村4鄰福德街30號,10010,1001012,1001012-019,4鄰,福德街,,,,,,30號,120.437348862818,23.4453506248074
嘉義縣水上鄉民生村4鄰福德街32號,10010,1001012,1001012-019,4鄰,福德街,,,,,,32號,120.437375661261,23.4453086419596
