FULL_ADDR,COUNTY,TOWN,VILLAGE,NEIGHBORHOOD,ROAD,SECTION,LANE,ALLEY,SUB_ALLEY,TONG,NUMBER,X,Y
臺東縣關山鎮新福里6鄰環鎮路5號,10014,1001403,1001403-003,6鄰,環鎮路,,,,,,5號,121.170370081986,23.0425893353078
臺東縣關山鎮新福里6鄰環鎮路8號,10014,1001403,1001403-003,6鄰,環鎮路,,,,,,8號,121.170561694576,23.0436475221262
臺東縣關山鎮新福里6鄰環鎮路9號,10014,1001403,1001403-003,6鄰,環鎮路,,,,,,9號,121.17031627634,23.0446536213559
臺東縣關山鎮新福里6鄰環鎮路10號,10014,1001403,1001403-003,6鄰,環鎮路,,,,,,10號,121.169955753302,23.04452929579
