FULL_ADDR,COUNTY,TOWN,VILLAGE,NEIGHBORHOOD,ROAD,SECTION,LANE,ALLEY,SUB_ALLEY,TONG,NUMBER,X,Y
新竹市北區南寮里22鄰新港南路97號,10018,1001802,1001802-024,22鄰,新港南路,,,,,,97號,120.919735795952,24.8461444679149
新竹市北區南寮里22鄰新港南路99號,10018,1001802,1001802-024,22鄰,新港南路,,,,,,99號,120.919523552698,24.8464572837614
新竹市北區南寮里22鄰新港南路101號,10018,1001802,1001802-024,22鄰,新港南路,,,,,,101號,120.919974354859,24.8462975397159
新竹市北區海濱里17鄰新港南路25巷10號,10018,1001802,1001802-029,17鄰,新港南路,,25巷,,,,10號,120.920387668633,24.841632158733
