FULL_ADDR,COUNTY,TOWN,VILLAGE,NEIGHBORHOOD,ROAD,SECTION,LANE,ALLEY,SUB_ALLEY,TONG,NUMBER,X,Y
新竹市東區科園里24鄰力行七路1號,10018,1001801,1001801-047,24鄰,力行七路,,,,,,1號,121.012964688868,24.7739299703478
新竹市東區科園里24鄰力行七路6號,10018,1001801,1001801-047,24鄰,力行七路,,,,,,6號,121.014038864197,24.7743527757373
新竹市東區科園里24鄰力行七路8號,10018,1001801,1001801-047,24鄰,力行七路,,,,,,8號,121.013525005957,24.7749754390831
