FULL_ADDR,COUNTY,TOWN,VILLAGE,NEIGHBORHOOD,ROAD,SECTION,LANE,ALLEY,SUB_ALLEY,TONG,NUMBER,X,Y
臺東縣鹿野鄉瑞源村9鄰育才路8號,10014,1001405,1001405-003,9鄰,育才路,,,,,,8號,121.157070690099,22.9565357946672
臺東縣鹿野鄉瑞源村9鄰育才路10號,10014,1001405,1001405-003,9鄰,育才路,,,,,,10號,121.15699989866,22.9564569358818
臺東縣鹿野鄉瑞源村9鄰育才路10之1號,10014,1001405,1001405-003,9鄰,育才路,,,,,,10之1號,121.156924780877,22.9565162520142
