FULL_ADDR,COUNTY,TOWN,VILLAGE,NEIGHBORHOOD,ROAD,SECTION,LANE,ALLEY,SUB_ALLEY,TONG,NUMBER,X,Y
花蓮縣吉安鄉永安村32鄰永安一街2號,10015,1001505,1001505-004,32鄰,永安一街,,,,,,2號,121.573995190054,23.9894661768659
花蓮縣吉安鄉永安村32鄰永安一街6號,10015,1001505,1001505-004,32鄰,永安一街,,,,,,6號,121.57403407803,23.9894373182043
花蓮縣吉安鄉永安村32鄰永安一街8號,10015,1001505,1001505-004,32鄰,永安一街,,,,,,8號,121.574100492257,23.9894104332414
花蓮縣吉安鄉永安村32鄰永安一街10號,10015,1001505,1001505-004,32鄰,永安一街,,,,,,10號,121.574148097055,23.9893748602533
花蓮縣吉安鄉永安村32鄰永安一街12號,10015,1001505,1001505-004,32鄰,永安一街,,,,,,12號,121.574200353026,23.9893687053082
花蓮縣吉安鄉永安村32鄰永安一街16號,10015,1001505,1001505-004,32鄰,永安一街,,,,,,16號,121.574254700562,23.9893466509729
花蓮縣吉安鄉永安村32鄰永安一街18號,10015,1001505,1001505-004,32鄰,永安一街,,,,,,18號,121.574309640534,23.9893252264503
花蓮縣吉安鄉永安村32鄰永安一街18之1號,10015,1001505,1001505-004,32鄰,永安一街,,,,,,18之1號,121.574377381089,23.9893093521304
花蓮縣吉安鄉永安村32鄰永安一街22號,10015,1001505,1001505-004,32鄰,永安一街,,,,,,22號,121.574426369636,23.9892755797323
