FULL_ADDR,COUNTY,TOWN,VILLAGE,NEIGHBORHOOD,ROAD,SECTION,LANE,ALLEY,SUB_ALLEY,TONG,NUMBER,X,Y
屏東縣長治鄉德和村6鄰園東一街2號,10013,1001306,1001306-011,6鄰,園東一街,,,,,,2號,120.542366907988,22.7091076150494
屏東縣長治鄉德和村6鄰園東一街10號,10013,1001306,1001306-011,6鄰,園東一街,,,,,,10號,120.540173127612,22.7093802873062
屏東縣長治鄉德和村6鄰園東一街12號,10013,1001306,1001306-011,6鄰,園東一街,,,,,,12號,120.539979827949,22.7094042051712
