FULL_ADDR,COUNTY,TOWN,VILLAGE,NEIGHBORHOOD,ROAD,SECTION,LANE,ALLEY,SUB_ALLEY,TONG,NUMBER,X,Y
新竹市東區科園里22鄰研發六路1號,10018,1001801,1001801-047,22鄰,研發六路,,,,,,1號,120.995522023321,24.7823364095836
新竹市東區科園里22鄰研發六路7號,10018,1001801,1001801-047,22鄰,研發六路,,,,,,7號,120.995799406918,24.7828581830572
新竹市東區科園里22鄰研發六路20號,10018,1001801,1001801-047,22鄰,研發六路,,,,,,20號,120.996439482876,24.7820430032117
