FULL_ADDR,COUNTY,TOWN,VILLAGE,NEIGHBORHOOD,ROAD,SECTION,LANE,ALLEY,SUB_ALLEY,TONG,NUMBER,X,Y
屏東縣恆春鎮城南里13鄰文教東路6號,10013,1001304,1001304-001,13鄰,文教東路,,,,,,6號,120.748823704167,22.0032481684345
屏東縣恆春鎮城南里13鄰文教東路15號,10013,1001304,1001304-001,13鄰,文教東路,,,,,,15號,120.749235992941,22.003749973463
屏東縣恆春鎮城南里13鄰文教東路18號,10013,1001304,1001304-001,13鄰,文教東路,,,,,,18號,120.749735116115,22.0037809924437
屏東縣恆春鎮城南里13鄰文教東路20號,10013,1001304,1001304-001,13鄰,文教東路,,,,,,20號,120.749795570507,22.0038808859793
