FULL_ADDR,COUNTY,TOWN,VILLAGE,NEIGHBORHOOD,ROAD,SECTION,LANE,ALLEY,SUB_ALLEY,TONG,NUMBER,X,Y
屏東縣長治鄉德和村6鄰農園路5號,10013,1001306,1001306-011,6鄰,農園路,,,,,,5號,120.54367928745,22.7168762781881
屏東縣長治鄉德和村6鄰農園路8號,10013,1001306,1001306-011,6鄰,農園路,,,,,,8號,120.544722396272,22.717389584851
屏東縣長治鄉德和村6鄰農園路12號,10013,1001306,1001306-011,6鄰,農園路,,,,,,12號,120.542554282475,22.7180142931965
屏東縣長治鄉德和村6鄰農園路16號,10013,1001306,1001306-011,6鄰,農園路,,,,,,16號,120.541025986317,22.7180908306096
屏東縣長治鄉德和村6鄰農園路17號,10013,1001306,1001306-011,6鄰,農園路,,,,,,17號,120.542933006132,22.7169740282851
屏東縣長治鄉德和村6鄰農園路26號,10013,1001306,1001306-011,6鄰,農園路,,,,,,26號,120.537561725017,22.7187880561136
屏東縣長治鄉德和村6鄰農園路27號,10013,1001306,1001306-011,6鄰,農園路,,,,,,27號,120.54213759675,22.7171791013987
屏東縣長治鄉德和村6鄰農園路30號,10013,1001306,1001306-011,6鄰,農園路,,,,,,30號,120.535398030361,22.7190684235209
屏東縣長治鄉德和村6鄰農園路35號,10013,1001306,1001306-011,6鄰,農園路,,,,,,35號,120.537255445715,22.7177827591658
