FULL_ADDR,COUNTY,TOWN,VILLAGE,NEIGHBORHOOD,ROAD,SECTION,LANE,ALLEY,SUB_ALLEY,TONG,NUMBER,X,Y
嘉義縣大林鎮西林里12鄰中興一路5號,10010,1001004,1001004-002,12鄰,中興一路,,,,,,5號,120.453965652931,23.6039662656894
嘉義縣大林鎮西林里12鄰中興一路7號,10010,1001004,1001004-002,12鄰,中興一路,,,,,,7號,120.453843645896,23.6039692679004
嘉義縣大林鎮西林里18鄰中興一路16號,10010,1001004,1001004-002,18鄰,中興一路,,,,,,16號,120.453697682501,23.604149259339
嘉義縣大林鎮西林里18鄰中興一路46號,10010,1001004,1001004-002,18鄰,中興一路,,,,,,46號,120.452896494235,23.6042062154218
嘉義縣大林鎮西林里18鄰中興一路22號,10010,1001004,1001004-002,18鄰,中興一路,,,,,,22號,120.453589838462,23.6041394889176
嘉義縣大林鎮西林里18鄰中興一路26號,10010,1001004,1001004-002,18鄰,中興一路,,,,,,26號,120.453537797619,23.6041417438103
嘉義縣大林鎮西林里18鄰中興一路28號,10010,1001004,1001004-002,18鄰,中興一路,,,,,,28號,120.453493792028,23.6041439366695
嘉義縣大林鎮西林里18鄰中興一路30號,10010,1001004,1001004-002,18鄰,中興一路,,,,,,30號,120.453400400952,23.6041460459717
嘉義縣大林鎮西林里18鄰中興一路60號,10010,1001004,1001004-002,18鄰,中興一路,,,,,,60號,120.452660210568,23.6041674577028
