FULL_ADDR,COUNTY,TOWN,VILLAGE,NEIGHBORHOOD,ROAD,SECTION,LANE,ALLEY,SUB_ALLEY,TONG,NUMBER,X,Y
嘉義縣六腳鄉蒜頭村2鄰樹仁路1號,10010,1001008,1001008-001,2鄰,樹仁路,,,,,,1號,120.291682510204,23.5004802754265
嘉義縣六腳鄉蒜頭村2鄰樹仁路1之1號,10010,1001008,1001008-001,2鄰,樹仁路,,,,,,1之1號,120.291802349305,23.5008304226646
嘉義縣六腳鄉蒜頭村2鄰樹仁路1之2號,10010,1001008,1001008-001,2鄰,樹仁路,,,,,,1之2號,120.292837452433,23.5011573310679
