FULL_ADDR,COUNTY,TOWN,VILLAGE,NEIGHBORHOOD,ROAD,SECTION,LANE,ALLEY,SUB_ALLEY,TONG,NUMBER,X,Y
新竹市東區科園里22鄰研新一路1號,10018,1001801,1001801-047,22鄰,研新一路,,,,,,1號,120.988672307888,24.7772525575153
新竹市東區科園里22鄰研新一路2號,10018,1001801,1001801-047,22鄰,研新一路,,,,,,2號,120.988222080503,24.7759467990105
