FULL_ADDR,COUNTY,TOWN,VILLAGE,NEIGHBORHOOD,ROAD,SECTION,LANE,ALLEY,SUB_ALLEY,TONG,NUMBER,X,Y
新竹市東區科園里24鄰科技五路2號,10018,1001801,1001801-047,24鄰,科技五路,,,,,,2號,121.005784860672,24.7841102226597
新竹市東區科園里24鄰科技五路6號,10018,1001801,1001801-047,24鄰,科技五路,,,,,,6號,121.005086446787,24.7839694011716
新竹市東區科園里24鄰科技五路6號五樓之1,10018,1001801,1001801-047,24鄰,科技五路,,,,,,6號五樓之1,121.005086446787,24.7839694011716
新竹市東區科園里24鄰科技五路6號五樓之2,10018,1001801,1001801-047,24鄰,科技五路,,,,,,6號五樓之2,121.005086446787,24.7839694011716
新竹市東區科園里24鄰科技五路6號七樓之1,10018,1001801,1001801-047,24鄰,科技五路,,,,,,6號七樓之1,121.005086446787,24.7839694011716
新竹市東區科園里24鄰科技五路8號,10018,1001801,1001801-047,24鄰,科技五路,,,,,,8號,121.005898525163,24.7847922419498
