FULL_ADDR,COUNTY,TOWN,VILLAGE,NEIGHBORHOOD,ROAD,SECTION,LANE,ALLEY,SUB_ALLEY,TONG,NUMBER,X,Y
花蓮縣鳳林鎮鳳義里2鄰鳳凰路52號,10015,1001502,1001502-002,2鄰,鳳凰路,,,,,,52號,121.443952709735,23.7513849484327
花蓮縣鳳林鎮鳳義里2鄰鳳凰路58之1號,10015,1001502,1001502-002,2鄰,鳳凰路,,,,,,58之1號,121.442382246453,23.7519245420899
花蓮縣鳳林鎮鳳義里2鄰鳳凰路58號,10015,1001502,1001502-002,2鄰,鳳凰路,,,,,,58號,121.44367568779,23.7514656837884
花蓮縣鳳林鎮鳳義里6鄰鳳凰路98之1號,10015,1001502,1001502-002,6鄰,鳳凰路,,,,,,98之1號,121.440837039803,23.7524348007033
花蓮縣鳳林鎮鳳義里6鄰鳳凰路101號,10015,1001502,1001502-002,6鄰,鳳凰路,,,,,,101號,121.43751371464,23.7528139206356
花蓮縣鳳林鎮鳳義里6鄰鳳凰路103號,10015,1001502,1001502-002,6鄰,鳳凰路,,,,,,103號,121.437410919546,23.7529677163441
花蓮縣鳳林鎮鳳義里9鄰鳳凰路300號,10015,1001502,1001502-002,9鄰,鳳凰路,,,,,,300號,121.430029665815,23.7569344986806
