FULL_ADDR,COUNTY,TOWN,VILLAGE,NEIGHBORHOOD,ROAD,SECTION,LANE,ALLEY,SUB_ALLEY,TONG,NUMBER,X,Y
屏東縣來義鄉南和村1鄰白鷺路8號,10013,1001330,1001330-007,1鄰,白鷺路,,,,,,8號,120.662232462033,22.4440122597223
屏東縣來義鄉南和村1鄰白鷺路50號,10013,1001330,1001330-007,1鄰,白鷺路,,,,,,50號,120.660277597156,22.4519561971169
