FULL_ADDR,COUNTY,TOWN,VILLAGE,NEIGHBORHOOD,ROAD,SECTION,LANE,ALLEY,SUB_ALLEY,TONG,NUMBER,X,Y
臺東縣臺東市豐樂里9鄰大正路1號,10014,1001401,1001401-033,9鄰,大正路,,,,,,1號,121.134143627173,22.7561474000171
臺東縣臺東市豐樂里9鄰大正路1巷2號,10014,1001401,1001401-033,9鄰,大正路,,1巷,,,,2號,121.134136539047,22.755809122907
臺東縣臺東市豐樂里9鄰大正路1巷6號,10014,1001401,1001401-033,9鄰,大正路,,1巷,,,,6號,121.134236703687,22.7556546899877
臺東縣臺東市豐樂里9鄰大正路3號,10014,1001401,1001401-033,9鄰,大正路,,,,,,3號,121.133578171163,22.7556076126359
臺東縣臺東市豐樂里9鄰大正路6號,10014,1001401,1001401-033,9鄰,大正路,,,,,,6號,121.133810479906,22.7565093708776
臺東縣臺東市豐樂里9鄰大正路10號,10014,1001401,1001401-033,9鄰,大正路,,,,,,10號,121.133329182122,22.7558062316877
臺東縣臺東市豐樂里9鄰大正路12號,10014,1001401,1001401-033,9鄰,大正路,,,,,,12號,121.133197043832,22.7555042550923
臺東縣臺東市豐樂里8鄰大正路16號,10014,1001401,1001401-033,8鄰,大正路,,,,,,16號,121.13289116692,22.755027203609
