FULL_ADDR,COUNTY,TOWN,VILLAGE,NEIGHBORHOOD,ROAD,SECTION,LANE,ALLEY,SUB_ALLEY,TONG,NUMBER,X,Y
屏東縣屏東市前進里5鄰南一路3號,10013,1001301,1001301-054,5鄰,南一路,,,,,,3號,120.455827818717,22.6394926862186
屏東縣屏東市前進里5鄰南一路5號,10013,1001301,1001301-054,5鄰,南一路,,,,,,5號,120.456736930366,22.6397803312055
屏東縣屏東市前進里5鄰南一路7號,10013,1001301,1001301-054,5鄰,南一路,,,,,,7號,120.457198669736,22.6399038115188
屏東縣屏東市大洲里10鄰南一路2號,10013,1001301,1001301-051,10鄰,南一路,,,,,,2號,120.456170365878,22.6383582180019
屏東縣屏東市大洲里10鄰南一路6號,10013,1001301,1001301-051,10鄰,南一路,,,,,,6號,120.456223726395,22.6389892043922
屏東縣屏東市大洲里10鄰南一路8號,10013,1001301,1001301-051,10鄰,南一路,,,,,,8號,120.4569155067,22.6392480252144
