FULL_ADDR,COUNTY,TOWN,VILLAGE,NEIGHBORHOOD,ROAD,SECTION,LANE,ALLEY,SUB_ALLEY,TONG,NUMBER,X,Y
新竹市香山區東香里7鄰華德福街160巷25號,10018,1001803,1001803-010,7鄰,華德福街,,160巷,,,,25號,120.95950342218,24.7511301061101
新竹市香山區東香里7鄰華德福街168號,10018,1001803,1001803-010,7鄰,華德福街,,,,,,168號,120.960363752976,24.7506342100233
