FULL_ADDR,COUNTY,TOWN,VILLAGE,NEIGHBORHOOD,ROAD,SECTION,LANE,ALLEY,SUB_ALLEY,TONG,NUMBER,X,Y
基隆市信義區孝忠里30鄰槓子寮路1之2號,10017,1001707,1001707-020,30鄰,槓子寮路,,,,,,1之2號,121.779017427221,25.1438379237508
基隆市信義區孝忠里30鄰槓子寮路1之1號,10017,1001707,1001707-020,30鄰,槓子寮路,,,,,,1之1號,121.778999216149,25.143859505375
基隆市信義區孝忠里30鄰槓子寮路1之3號,10017,1001707,1001707-020,30鄰,槓子寮路,,,,,,1之3號,121.779051467899,25.1438258282077
基隆市信義區孝忠里30鄰槓子寮路3巷1之3號,10017,1001707,1001707-020,30鄰,槓子寮路,,3巷,,,,1之3號,121.778483937798,25.1428828922968
基隆市信義區孝忠里30鄰槓子寮路3巷1之1號,10017,1001707,1001707-020,30鄰,槓子寮路,,3巷,,,,1之1號,121.777939377624,25.1434971972969
基隆市信義區孝忠里30鄰槓子寮路3巷1之2號,10017,1001707,1001707-020,30鄰,槓子寮路,,3巷,,,,1之2號,121.778273745956,25.143268575581
