FULL_ADDR,COUNTY,TOWN,VILLAGE,NEIGHBORHOOD,ROAD,SECTION,LANE,ALLEY,SUB_ALLEY,TONG,NUMBER,X,Y
屏東縣萬丹鄉上村村6鄰上安路38號,10013,1001305,1001305-014,6鄰,上安路,,,,,,38號,120.471886460921,22.5988142391745
屏東縣萬丹鄉上村村6鄰上安路39號,10013,1001305,1001305-014,6鄰,上安路,,,,,,39號,120.471398452239,22.5991326891529
屏東縣萬丹鄉上村村5鄰上安路68號,10013,1001305,1001305-014,5鄰,上安路,,,,,,68號,120.471797710681,22.5993621240061
屏東縣萬丹鄉上村村5鄰上安路96號,10013,1001305,1001305-014,5鄰,上安路,,,,,,96號,120.471895144817,22.5999797980346
屏東縣萬丹鄉上村村5鄰上安路101號,10013,1001305,1001305-014,5鄰,上安路,,,,,,101號,120.471592358346,22.6005683401408
屏東縣萬丹鄉上村村6鄰上安路122號,10013,1001305,1001305-014,6鄰,上安路,,,,,,122號,120.47208409874,22.6005732991181
屏東縣萬丹鄉上村村6鄰上安路126號,10013,1001305,1001305-014,6鄰,上安路,,,,,,126號,120.47205563422,22.6006920523948
屏東縣萬丹鄉上村村1鄰上安路230號,10013,1001305,1001305-014,1鄰,上安路,,,,,,230號,120.471985932887,22.6031048838129
