FULL_ADDR,COUNTY,TOWN,VILLAGE,NEIGHBORHOOD,ROAD,SECTION,LANE,ALLEY,SUB_ALLEY,TONG,NUMBER,X,Y
花蓮縣花蓮市民立里7鄰文苑路6號,10015,1001501,1001501-001,7鄰,文苑路,,,,,,6號,121.630076255959,23.9902218413664
花蓮縣花蓮市民立里7鄰文苑路8號,10015,1001501,1001501-001,7鄰,文苑路,,,,,,8號,121.629890918585,23.9905294517012
花蓮縣花蓮市民立里7鄰文苑路10號,10015,1001501,1001501-001,7鄰,文苑路,,,,,,10號,121.629666167435,23.9906463549144
花蓮縣花蓮市民立里7鄰文苑路12號,10015,1001501,1001501-001,7鄰,文苑路,,,,,,12號,121.628943181008,23.99102241787
