FULL_ADDR,COUNTY,TOWN,VILLAGE,NEIGHBORHOOD,ROAD,SECTION,LANE,ALLEY,SUB_ALLEY,TONG,NUMBER,X,Y
澎湖縣馬公市啟明里24鄰海安街1號,10016,1001601,1001601-005,24鄰,海安街,,,,,,1號,121.5682455754,23.562278636338
澎湖縣馬公市啟明里24鄰海安街2號,10016,1001601,1001601-005,24鄰,海安街,,,,,,2號,121.569186336587,23.5631056916094
澎湖縣馬公市啟明里24鄰海安街2號之1,10016,1001601,1001601-005,24鄰,海安街,,,,,,2號之1,121.570014538327,23.5639921632597
澎湖縣馬公市啟明里25鄰海安街8號,10016,1001601,1001601-005,25鄰,海安街,,,,,,8號,121.570536616981,23.5644193795946
澎湖縣馬公市啟明里25鄰海安街16號,10016,1001601,1001601-005,25鄰,海安街,,,,,,16號,121.570193542874,23.5641253011438
澎湖縣馬公市啟明里25鄰海安街18號,10016,1001601,1001601-005,25鄰,海安街,,,,,,18號,121.571145682027,23.5650178764945
