FULL_ADDR,COUNTY,TOWN,VILLAGE,NEIGHBORHOOD,ROAD,SECTION,LANE,ALLEY,SUB_ALLEY,TONG,NUMBER,X,Y
花蓮縣玉里鎮中城里3鄰忠孝五街6號,10015,1001503,1001503-001,3鄰,忠孝五街,,,,,,6號,121.319191273651,23.3241301361191
花蓮縣玉里鎮中城里3鄰忠孝五街8號,10015,1001503,1001503-001,3鄰,忠孝五街,,,,,,8號,121.319206500472,23.3241841783498
