FULL_ADDR,COUNTY,TOWN,VILLAGE,NEIGHBORHOOD,ROAD,SECTION,LANE,ALLEY,SUB_ALLEY,TONG,NUMBER,X,Y
屏東縣內埔鄉東寧村19鄰和寧路11號,10013,1001313,1001313-007,19鄰,和寧路,,,,,,11號,120.564827912235,22.6169249904399
屏東縣內埔鄉東寧村19鄰和寧路12號,10013,1001313,1001313-007,19鄰,和寧路,,,,,,12號,120.564796554257,22.6168744221895
屏東縣內埔鄉東寧村19鄰和寧路14號,10013,1001313,1001313-007,19鄰,和寧路,,,,,,14號,120.564731053711,22.6169472149066
屏東縣內埔鄉東寧村19鄰和寧路17號,10013,1001313,1001313-007,19鄰,和寧路,,,,,,17號,120.565098460481,22.6170093508102
屏東縣內埔鄉東寧村19鄰和寧路20號,10013,1001313,1001313-007,19鄰,和寧路,,,,,,20號,120.564919936321,22.6172645341002
屏東縣內埔鄉東寧村19鄰和寧路26號,10013,1001313,1001313-007,19鄰,和寧路,,,,,,26號,120.564877129333,22.6174210153236
屏東縣內埔鄉東寧村19鄰和寧路35號,10013,1001313,1001313-007,19鄰,和寧路,,,,,,35號,120.564564242569,22.6170041091231
屏東縣內埔鄉東寧村19鄰和寧路45號,10013,1001313,1001313-007,19鄰,和寧路,,,,,,45號,120.564192735562,22.6171010868254
屏東縣內埔鄉東寧村19鄰和寧路68號,10013,1001313,1001313-007,19鄰,和寧路,,,,,,68號,120.563929800172,22.6169162307565
