FULL_ADDR,COUNTY,TOWN,VILLAGE,NEIGHBORHOOD,ROAD,SECTION,LANE,ALLEY,SUB_ALLEY,TONG,NUMBER,X,Y
臺北市北投區中心里1鄰七星街1號,63,6301200,6301200-027,1鄰,七星街,,,,,,1號,121.503478345908,25.1366181698809
臺北市北投區中心里1鄰七星街3號,63,6301200,6301200-027,1鄰,七星街,,,,,,3號,121.502124414693,25.1366494972558
臺北市北投區中心里1鄰七星街3號地下一層,63,6301200,6301200-027,1鄰,七星街,,,,,,3號地下一層,121.502124414693,25.1366494972558
