FULL_ADDR,COUNTY,TOWN,VILLAGE,NEIGHBORHOOD,ROAD,SECTION,LANE,ALLEY,SUB_ALLEY,TONG,NUMBER,X,Y
臺北市士林區陽明里8鄰國泰街3號,63,6301100,6301100-046,8鄰,國泰街,,,,,,3號,121.543123299661,25.1360346713163
臺北市士林區陽明里8鄰國泰街4號,63,6301100,6301100-046,8鄰,國泰街,,,,,,4號,121.543436719116,25.1362831357343
臺北市士林區陽明里8鄰國泰街5號,63,6301100,6301100-046,8鄰,國泰街,,,,,,5號,121.542943473625,25.1362456507051
臺北市士林區陽明里8鄰國泰街6號,63,6301100,6301100-046,8鄰,國泰街,,,,,,6號,121.543274747331,25.1364592952174
臺北市士林區陽明里8鄰國泰街9號,63,6301100,6301100-046,8鄰,國泰街,,,,,,9號,121.542538263426,25.1366554741031
臺北市士林區陽明里8鄰國泰街10號,63,6301100,6301100-046,8鄰,國泰街,,,,,,10號,121.542801570158,25.1368599333614
