FULL_ADDR,COUNTY,TOWN,VILLAGE,NEIGHBORHOOD,ROAD,SECTION,LANE,ALLEY,SUB_ALLEY,TONG,NUMBER,X,Y
臺北市士林區陽明里9鄰和平路7號,63,6301100,6301100-046,9鄰,和平路,,,,,,7號,121.547081047719,25.1396476715397
臺北市士林區陽明里16鄰和平路10號,63,6301100,6301100-046,16鄰,和平路,,,,,,10號,121.547471316639,25.1390741514146
臺北市士林區陽明里16鄰和平路16號,63,6301100,6301100-046,16鄰,和平路,,,,,,16號,121.549560079285,25.1402886934288
臺北市士林區陽明里9鄰和平路25號,63,6301100,6301100-046,9鄰,和平路,,,,,,25號,121.549404510979,25.1403876388925
臺北市士林區陽明里16鄰和平路36號,63,6301100,6301100-046,16鄰,和平路,,,,,,36號,121.549722352736,25.1402601625612
