FULL_ADDR,COUNTY,TOWN,VILLAGE,NEIGHBORHOOD,ROAD,SECTION,LANE,ALLEY,SUB_ALLEY,TONG,NUMBER,X,Y
臺北市中正區建國里4鄰凱達格蘭大道2號,63,6300500,6300500-022,4鄰,凱達格蘭大道,,,,,,2號,121.516342328164,25.038952287934
臺北市中正區黎明里4鄰凱達格蘭大道1號,63,6300500,6300500-024,4鄰,凱達格蘭大道,,,,,,1號,121.515866426815,25.0398143096153
臺北市中正區黎明里9鄰凱達格蘭大道3號,63,6300500,6300500-024,9鄰,凱達格蘭大道,,,,,,3號,121.515587835644,25.0402777331169
