FULL_ADDR,COUNTY,TOWN,VILLAGE,NEIGHBORHOOD,ROAD,SECTION,LANE,ALLEY,SUB_ALLEY,TONG,NUMBER,X,Y
臺北市北投區一德里14鄰學園路1號,63,6301200,6301200-037,14鄰,學園路,,,,,,1號,121.466368128178,25.1300852789563
臺北市北投區一德里14鄰學園路2號,63,6301200,6301200-037,14鄰,學園路,,,,,,2號,121.467618037176,25.1327891912436
