FULL_ADDR,COUNTY,TOWN,VILLAGE,NEIGHBORHOOD,ROAD,SECTION,LANE,ALLEY,SUB_ALLEY,TONG,NUMBER,X,Y
臺北市北投區湖山里13鄰新生街5號,63,6301200,6301200-040,13鄰,新生街,,,,,,5號,121.538558796523,25.154456697541
臺北市北投區湖山里13鄰新生街7號,63,6301200,6301200-040,13鄰,新生街,,,,,,7號,121.538377977166,25.1545170710458
臺北市北投區湖山里13鄰新生街9號,63,6301200,6301200-040,13鄰,新生街,,,,,,9號,121.53818660775,25.1545655394613
臺北市北投區湖山里13鄰新生街11號,63,6301200,6301200-040,13鄰,新生街,,,,,,11號,121.538292647255,25.1548219330836
臺北市北投區湖山里13鄰新生街臨19號,63,6301200,6301200-040,13鄰,新生街,,,,,,臨19號,121.538395276893,25.1553074520058
