FULL_ADDR,COUNTY,TOWN,VILLAGE,NEIGHBORHOOD,ROAD,SECTION,LANE,ALLEY,SUB_ALLEY,TONG,NUMBER,X,Y
臺北市北投區開明里19鄰翠雲街19號,63,6301200,6301200-029,19鄰,翠雲街,,,,,,19號,121.506368038676,25.1439685157468
臺北市北投區開明里19鄰翠雲街21號,63,6301200,6301200-029,19鄰,翠雲街,,,,,,21號,121.506114091542,25.1439813858121
臺北市北投區開明里19鄰翠雲街26巷1號,63,6301200,6301200-029,19鄰,翠雲街,,26巷,,,,1號,121.506525707523,25.1443237456751
臺北市北投區開明里19鄰翠雲街26巷3號,63,6301200,6301200-029,19鄰,翠雲街,,26巷,,,,3號,121.506664376205,25.144463971955
臺北市北投區開明里19鄰翠雲街26巷5號,63,6301200,6301200-029,19鄰,翠雲街,,26巷,,,,5號,121.506809747601,25.1445755123223
臺北市北投區開明里19鄰翠雲街26巷7號,63,6301200,6301200-029,19鄰,翠雲街,,26巷,,,,7號,121.507004075331,25.1446586383553
臺北市北投區開明里19鄰翠雲街26巷9號,63,6301200,6301200-029,19鄰,翠雲街,,26巷,,,,9號,121.507220655274,25.1447327425519
臺北市北投區開明里19鄰翠雲街26巷11號,63,6301200,6301200-029,19鄰,翠雲街,,26巷,,,,11號,121.507098615009,25.1447891943253
