FULL_ADDR,COUNTY,TOWN,VILLAGE,NEIGHBORHOOD,ROAD,SECTION,LANE,ALLEY,SUB_ALLEY,TONG,NUMBER,X,Y
臺北市北投區立賢里11鄰立賢路8號,63,6301200,6301200-016,11鄰,立賢路,,,,,,8號,121.503744261625,25.115767222169
臺北市北投區立賢里11鄰立賢路16號,63,6301200,6301200-016,11鄰,立賢路,,,,,,16號,121.502642596474,25.1149804344642
臺北市北投區立賢里4鄰立賢路77號,63,6301200,6301200-016,4鄰,立賢路,,,,,,77號,121.503705463506,25.1143813681396
臺北市北投區立賢里11鄰立賢路178號,63,6301200,6301200-016,11鄰,立賢路,,,,,,178號,121.501584974355,25.114189247884
臺北市北投區立賢里11鄰立賢路200號,63,6301200,6301200-016,11鄰,立賢路,,,,,,200號,121.500882740549,25.1137296598549
臺北市北投區吉慶里1鄰立賢路111號(臨時建物),63,6301200,6301200-014,1鄰,立賢路,,,,,,111號(臨時建物),121.502778613126,25.1133977161834
