FULL_ADDR,COUNTY,TOWN,VILLAGE,NEIGHBORHOOD,ROAD,SECTION,LANE,ALLEY,SUB_ALLEY,TONG,NUMBER,X,Y
臺北市北投區開明里19鄰翠華街1號,63,6301200,6301200-029,19鄰,翠華街,,,,,,1號,121.505986039003,25.1448833925327
臺北市北投區開明里19鄰翠華街3號,63,6301200,6301200-029,19鄰,翠華街,,,,,,3號,121.506125012872,25.1449360943774
臺北市北投區開明里19鄰翠華街5號,63,6301200,6301200-029,19鄰,翠華街,,,,,,5號,121.506241828222,25.1449840144126
臺北市北投區開明里19鄰翠華街7號,63,6301200,6301200-029,19鄰,翠華街,,,,,,7號,121.50641602981,25.1450524402107
臺北市北投區開明里19鄰翠華街9號,63,6301200,6301200-029,19鄰,翠華街,,,,,,9號,121.506542264766,25.1451020163201
臺北市北投區開明里19鄰翠華街11號,63,6301200,6301200-029,19鄰,翠華街,,,,,,11號,121.506666403415,25.1451507779593
臺北市北投區開明里19鄰翠華街16巷1號,63,6301200,6301200-029,19鄰,翠華街,,16巷,,,,1號,121.507584161724,25.1448959800097
臺北市北投區開明里19鄰翠華街18號,63,6301200,6301200-029,19鄰,翠華街,,,,,,18號,121.507480895886,25.1452820370352
