FULL_ADDR,COUNTY,TOWN,VILLAGE,NEIGHBORHOOD,ROAD,SECTION,LANE,ALLEY,SUB_ALLEY,TONG,NUMBER,X,Y
臺北市士林區福林里3鄰自祥街8號,63,6301100,6301100-003,3鄰,自祥街,,,,,,8號,121.533667313642,25.0962371885001
臺北市士林區福林里3鄰自祥街8號二樓,63,6301100,6301100-003,3鄰,自祥街,,,,,,8號二樓,121.533667313642,25.0962371885001
臺北市士林區福林里3鄰自祥街8號三樓,63,6301100,6301100-003,3鄰,自祥街,,,,,,8號三樓,121.533667313642,25.0962371885001
臺北市士林區福林里3鄰自祥街8號四樓,63,6301100,6301100-003,3鄰,自祥街,,,,,,8號四樓,121.533667313642,25.0962371885001
臺北市士林區福林里3鄰自祥街8號五樓,63,6301100,6301100-003,3鄰,自祥街,,,,,,8號五樓,121.533667313642,25.0962371885001
臺北市士林區福林里3鄰自祥街8號六樓,63,6301100,6301100-003,3鄰,自祥街,,,,,,8號六樓,121.533667313642,25.0962371885001
臺北市士林區福林里3鄰自祥街36號,63,6301100,6301100-003,3鄰,自祥街,,,,,,36號,121.534984547526,25.0958559351915
