FULL_ADDR,COUNTY,TOWN,VILLAGE,NEIGHBORHOOD,ROAD,SECTION,LANE,ALLEY,SUB_ALLEY,TONG,NUMBER,X,Y
臺北市北投區開明里21鄰進賢路2之1號,63,6301200,6301200-029,21鄰,進賢路,,,,,,2之1號,121.5047354844,25.1410149959467
臺北市北投區開明里21鄰進賢路2號,63,6301200,6301200-029,21鄰,進賢路,,,,,,2號,121.504859599221,25.1409561688012
臺北市北投區開明里21鄰進賢路6號,63,6301200,6301200-029,21鄰,進賢路,,,,,,6號,121.504653421065,25.1410381628921
臺北市北投區開明里21鄰進賢路8號,63,6301200,6301200-029,21鄰,進賢路,,,,,,8號,121.504538116112,25.1410612478295
臺北市北投區開明里21鄰進賢路10號,63,6301200,6301200-029,21鄰,進賢路,,,,,,10號,121.504425728471,25.1411103260765
臺北市北投區開明里21鄰進賢路12號,63,6301200,6301200-029,21鄰,進賢路,,,,,,12號,121.504380884338,25.1411210150644
