FULL_ADDR,COUNTY,TOWN,VILLAGE,NEIGHBORHOOD,ROAD,SECTION,LANE,ALLEY,SUB_ALLEY,TONG,NUMBER,X,Y
高雄市鳳山區南成里42鄰七成街67號,64,6401200,6401200-055,42鄰,七成街,,,,,,67號,120.349897334699,22.5881396870516
高雄市鳳山區南成里41鄰七成街132號,64,6401200,6401200-055,41鄰,七成街,,,,,,132號,120.348243445361,22.5884120362912
高雄市鳳山區南成里41鄰七成街136號,64,6401200,6401200-055,41鄰,七成街,,,,,,136號,120.348194608565,22.5884154504425
高雄市鳳山區南成里41鄰七成街138號,64,6401200,6401200-055,41鄰,七成街,,,,,,138號,120.34814773378,22.5884152602259
高雄市鳳山區南成里41鄰七成街140號,64,6401200,6401200-055,41鄰,七成街,,,,,,140號,120.348103873763,22.5884150822308
高雄市鳳山區南成里41鄰七成街142號,64,6401200,6401200-055,41鄰,七成街,,,,,,142號,120.348056034974,22.5884130819176
高雄市鳳山區南成里41鄰七成街146號,64,6401200,6401200-055,41鄰,七成街,,,,,,146號,120.348006145422,22.5884128794236
