FULL_ADDR,COUNTY,TOWN,VILLAGE,NEIGHBORHOOD,ROAD,SECTION,LANE,ALLEY,SUB_ALLEY,TONG,NUMBER,X,Y
高雄市仁武區文武里24鄰仁發六路2號,64,6401700,6401700-007,24鄰,仁發六路,,,,,,2號,120.359942042361,22.6979759675646
高雄市仁武區文武里24鄰仁發六路6號,64,6401700,6401700-007,24鄰,仁發六路,,,,,,6號,120.36094325286,22.6977287354589
高雄市仁武區文武里24鄰仁發六路18號,64,6401700,6401700-007,24鄰,仁發六路,,,,,,18號,120.363962376832,22.697273967594
高雄市仁武區文武里24鄰仁發六路28號,64,6401700,6401700-007,24鄰,仁發六路,,,,,,28號,120.365122198827,22.6970740280673
