FULL_ADDR,COUNTY,TOWN,VILLAGE,NEIGHBORHOOD,ROAD,SECTION,LANE,ALLEY,SUB_ALLEY,TONG,NUMBER,X,Y
高雄市大寮區上寮里19鄰上發六路1號,64,6401400,6401400-004,19鄰,上發六路,,,,,,1號,120.434811020585,22.5956464202477
高雄市大寮區上寮里19鄰上發六路2號,64,6401400,6401400-004,19鄰,上發六路,,,,,,2號,120.434690346988,22.5960215898998
高雄市大寮區上寮里19鄰上發六路17號,64,6401400,6401400-004,19鄰,上發六路,,,,,,17號,120.432375664928,22.5953616663829
高雄市大寮區上寮里19鄰上發六路18號,64,6401400,6401400-004,19鄰,上發六路,,,,,,18號,120.432763158602,22.5957850485885
高雄市大寮區上寮里19鄰上發六路29號三樓,64,6401400,6401400-004,19鄰,上發六路,,,,,,29號三樓,120.428833177259,22.5950425981939
高雄市大寮區上寮里19鄰上發六路29號四樓,64,6401400,6401400-004,19鄰,上發六路,,,,,,29號四樓,120.428833177259,22.5950425981939
高雄市大寮區上寮里19鄰上發六路29號,64,6401400,6401400-004,19鄰,上發六路,,,,,,29號,120.428833177259,22.5950425981939
高雄市大寮區上寮里19鄰上發六路30號,64,6401400,6401400-004,19鄰,上發六路,,,,,,30號,120.431125687571,22.59567242106
