FULL_ADDR,COUNTY,TOWN,VILLAGE,NEIGHBORHOOD,ROAD,SECTION,LANE,ALLEY,SUB_ALLEY,TONG,NUMBER,X,Y
高雄市左營區永清里1鄰世運大道301號,64,6400300,6400300-013,1鄰,世運大道,,,,,,301號,120.297316028872,22.7001845281462
高雄市左營區永清里1鄰世運大道399號,64,6400300,6400300-013,1鄰,世運大道,,,,,,399號,120.295076562568,22.7001597412752
高雄市左營區莒光里2鄰世運大道100號,64,6400300,6400300-015,2鄰,世運大道,,,,,,100號,120.295279592776,22.7015429936402
