FULL_ADDR,COUNTY,TOWN,VILLAGE,NEIGHBORHOOD,ROAD,SECTION,LANE,ALLEY,SUB_ALLEY,TONG,NUMBER,X,Y
高雄市三民區德西里5鄰中峰街13號,64,6400500,6400500-079,5鄰,中峰街,,,,,,13號,120.288650747276,22.6418157678135
高雄市三民區德西里5鄰中峰街15號,64,6400500,6400500-079,5鄰,中峰街,,,,,,15號,120.288665894683,22.6418971108633
高雄市三民區德西里5鄰中峰街16號,64,6400500,6400500-079,5鄰,中峰街,,,,,,16號,120.288968570073,22.6418803108668
高雄市三民區德西里5鄰中峰街17號,64,6400500,6400500-079,5鄰,中峰街,,,,,,17號,120.28871046071,22.641933431179
高雄市三民區德西里5鄰中峰街18號,64,6400500,6400500-079,5鄰,中峰街,,,,,,18號,120.288982698324,22.6419706800202
高雄市三民區德西里5鄰中峰街19號,64,6400500,6400500-079,5鄰,中峰街,,,,,,19號,120.288735253608,22.6420328783118
