FULL_ADDR,COUNTY,TOWN,VILLAGE,NEIGHBORHOOD,ROAD,SECTION,LANE,ALLEY,SUB_ALLEY,TONG,NUMBER,X,Y
高雄市大樹區統嶺里11鄰信誼路1號,64,6401500,6401500-018,11鄰,信誼路,,,,,,1號,120.419236663238,22.7658028155761
高雄市大樹區統嶺里11鄰信誼路100號,64,6401500,6401500-018,11鄰,信誼路,,,,,,100號,120.419288390746,22.7657291328076
