FULL_ADDR,COUNTY,TOWN,VILLAGE,NEIGHBORHOOD,ROAD,SECTION,LANE,ALLEY,SUB_ALLEY,TONG,NUMBER,X,Y
高雄市大寮區上寮里19鄰上發五路1號,64,6401400,6401400-004,19鄰,上發五路,,,,,,1號,120.427801158979,22.5931626694659
高雄市大寮區上寮里19鄰上發五路1號二樓,64,6401400,6401400-004,19鄰,上發五路,,,,,,1號二樓,120.427801158979,22.5931626694659
高雄市大寮區上寮里19鄰上發五路1號三樓,64,6401400,6401400-004,19鄰,上發五路,,,,,,1號三樓,120.427801158979,22.5931626694659
高雄市大寮區上寮里19鄰上發五路1號四樓,64,6401400,6401400-004,19鄰,上發五路,,,,,,1號四樓,120.427801158979,22.5931626694659
高雄市大寮區上寮里19鄰上發五路9號,64,6401400,6401400-004,19鄰,上發五路,,,,,,9號,120.426003784726,22.5944227456694
高雄市大寮區上寮里19鄰上發五路25號,64,6401400,6401400-004,19鄰,上發五路,,,,,,25號,120.426331600819,22.595113063013
