FULL_ADDR,COUNTY,TOWN,VILLAGE,NEIGHBORHOOD,ROAD,SECTION,LANE,ALLEY,SUB_ALLEY,TONG,NUMBER,X,Y
高雄市前鎮區鎮北里1鄰中六路1號,64,6400900,6400900-023,1鄰,中六路,,,,,,1號,120.292363027937,22.5998817343853
高雄市前鎮區鎮北里1鄰中六路3號,64,6400900,6400900-023,1鄰,中六路,,,,,,3號,120.29180288776,22.5996654177772
高雄市前鎮區鎮北里1鄰中六路5號,64,6400900,6400900-023,1鄰,中六路,,,,,,5號,120.291109373173,22.5994157741753
高雄市前鎮區鎮北里1鄰中六路6號,64,6400900,6400900-023,1鄰,中六路,,,,,,6號,120.289676683923,22.5993893673234
高雄市前鎮區鎮北里1鄰中六路7號,64,6400900,6400900-023,1鄰,中六路,,,,,,7號,120.29052371272,22.5992096084068
高雄市前鎮區鎮北里1鄰中六路9號,64,6400900,6400900-023,1鄰,中六路,,,,,,9號,120.290095061807,22.5990958957095
高雄市前鎮區鎮北里1鄰中六路11號,64,6400900,6400900-023,1鄰,中六路,,,,,,11號,120.289866792016,22.5990490103731
