FULL_ADDR,COUNTY,TOWN,VILLAGE,NEIGHBORHOOD,ROAD,SECTION,LANE,ALLEY,SUB_ALLEY,TONG,NUMBER,X,Y
高雄市前鎮區鎮北里1鄰中四路1號,64,6400900,6400900-023,1鄰,中四路,,,,,,1號,120.291260446877,22.6012715453504
高雄市前鎮區鎮北里1鄰中四路3號,64,6400900,6400900-023,1鄰,中四路,,,,,,3號,120.290822602371,22.6010449462955
高雄市前鎮區鎮北里1鄰中四路5號,64,6400900,6400900-023,1鄰,中四路,,,,,,5號,120.290255333443,22.6008641737289
高雄市前鎮區鎮北里1鄰中四路6號,64,6400900,6400900-023,1鄰,中四路,,,,,,6號,120.290234877749,22.6013633905304
