FULL_ADDR,COUNTY,TOWN,VILLAGE,NEIGHBORHOOD,ROAD,SECTION,LANE,ALLEY,SUB_ALLEY,TONG,NUMBER,X,Y
高雄市鳥松區仁美里19鄰仁聖路3號,64,6401800,6401800-005,19鄰,仁聖路,,,,,,3號,120.396888909723,22.6502624553282
高雄市鳥松區仁美里19鄰仁聖路7號,64,6401800,6401800-005,19鄰,仁聖路,,,,,,7號,120.396325066498,22.6504426641808
高雄市鳥松區仁美里19鄰仁聖路15號,64,6401800,6401800-005,19鄰,仁聖路,,,,,,15號,120.396787107547,22.65058112965
