FULL_ADDR,COUNTY,TOWN,VILLAGE,NEIGHBORHOOD,ROAD,SECTION,LANE,ALLEY,SUB_ALLEY,TONG,NUMBER,X,Y
高雄市大寮區上寮里19鄰上發三路13號,64,6401400,6401400-004,19鄰,上發三路,,,,,,13號,120.431367102951,22.5950756124758
高雄市大寮區上寮里19鄰上發三路25號,64,6401400,6401400-004,19鄰,上發三路,,,,,,25號,120.431709090227,22.5973674151004
高雄市大寮區上寮里19鄰上發三路31號,64,6401400,6401400-004,19鄰,上發三路,,,,,,31號,120.431511939464,22.597913446558
