FULL_ADDR,COUNTY,TOWN,VILLAGE,NEIGHBORHOOD,ROAD,SECTION,LANE,ALLEY,SUB_ALLEY,TONG,NUMBER,X,Y
高雄市鳥松區仁美里24鄰仁愛二路6號,64,6401800,6401800-005,24鄰,仁愛二路,,,,,,6號,120.394757035428,22.6499314790164
高雄市鳥松區仁美里24鄰仁愛二路10號,64,6401800,6401800-005,24鄰,仁愛二路,,,,,,10號,120.394872452139,22.6499927822168
