FULL_ADDR,COUNTY,TOWN,VILLAGE,NEIGHBORHOOD,ROAD,SECTION,LANE,ALLEY,SUB_ALLEY,TONG,NUMBER,X,Y
高雄市大寮區內坑里5鄰保福路11之1號,64,6401400,6401400-002,5鄰,保福路,,,,,,11之1號,120.391810083492,22.5895554319903
高雄市大寮區內坑里5鄰保福路16之1號,64,6401400,6401400-002,5鄰,保福路,,,,,,16之1號,120.391109124734,22.5898102455617
高雄市大寮區內坑里5鄰保福路18之1號,64,6401400,6401400-002,5鄰,保福路,,,,,,18之1號,120.391234563979,22.5894604147655
高雄市大寮區拷潭里1鄰保福路151之1號,64,6401400,6401400-001,1鄰,保福路,,,,,,151之1號,120.392269181842,22.5850641444986
高雄市大寮區拷潭里1鄰保福路207號,64,6401400,6401400-001,1鄰,保福路,,,,,,207號,120.392345559866,22.5834373457439
高雄市大寮區拷潭里1鄰保福路309巷36之1號,64,6401400,6401400-001,1鄰,保福路,,309巷,,,,36之1號,120.392946859906,22.5797069877751
