FULL_ADDR,COUNTY,TOWN,VILLAGE,NEIGHBORHOOD,ROAD,SECTION,LANE,ALLEY,SUB_ALLEY,TONG,NUMBER,X,Y
高雄市鳳山區南成里35鄰國慶五街58號,64,6401200,6401200-055,35鄰,國慶五街,,,,,,58號,120.341836142449,22.5862186406845
高雄市鳳山區南成里34鄰國慶五街122號,64,6401200,6401200-055,34鄰,國慶五街,,,,,,122號,120.340327322913,22.5866255287192
高雄市鳳山區南成里34鄰國慶五街126號,64,6401200,6401200-055,34鄰,國慶五街,,,,,,126號,120.340273141035,22.5866384730861
高雄市鳳山區南成里34鄰國慶五街128號,64,6401200,6401200-055,34鄰,國慶五街,,,,,,128號,120.340241265868,22.5866478967399
高雄市鳳山區南成里34鄰國慶五街130號,64,6401200,6401200-055,34鄰,國慶五街,,,,,,130號,120.340193528592,22.586665581615
