FULL_ADDR,COUNTY,TOWN,VILLAGE,NEIGHBORHOOD,ROAD,SECTION,LANE,ALLEY,SUB_ALLEY,TONG,NUMBER,X,Y
高雄市小港區山明里1鄰利昌街1號,64,6401100,6401100-022,1鄰,利昌街,,,,,,1號,120.369914358853,22.5572813556548
高雄市小港區山明里1鄰利昌街2號,64,6401100,6401100-022,1鄰,利昌街,,,,,,2號,120.368952354606,22.5566854124722
高雄市小港區山明里1鄰利昌街3號,64,6401100,6401100-022,1鄰,利昌街,,,,,,3號,120.368386334129,22.5563721588016
高雄市小港區山明里1鄰利昌街4號,64,6401100,6401100-022,1鄰,利昌街,,,,,,4號,120.367021323126,22.5551778714515
高雄市小港區山明里1鄰利昌街5號,64,6401100,6401100-022,1鄰,利昌街,,,,,,5號,120.364584035251,22.5535793725408
