FULL_ADDR,COUNTY,TOWN,VILLAGE,NEIGHBORHOOD,ROAD,SECTION,LANE,ALLEY,SUB_ALLEY,TONG,NUMBER,X,Y
高雄市大社區保安里1鄰安康街27號,64,6401600,6401600-009,1鄰,安康街,,,,,,27號,120.349884378765,22.7341243009107
高雄市大社區保安里1鄰安康街29號,64,6401600,6401600-009,1鄰,安康街,,,,,,29號,120.349891687561,22.7341639750973
高雄市大社區保安里1鄰安康街31號,64,6401600,6401600-009,1鄰,安康街,,,,,,31號,120.349899093714,22.7342036496794
高雄市大社區保安里1鄰安康街33號,64,6401600,6401600-009,1鄰,安康街,,,,,,33號,120.349906689883,22.734244318403
高雄市大社區保安里1鄰安康街33之8號,64,6401600,6401600-009,1鄰,安康街,,,,,,33之8號,120.350038704531,22.7346766999469
高雄市大社區保安里1鄰安康街35號,64,6401600,6401600-009,1鄰,安康街,,,,,,35號,120.349885257248,22.7343235743197
