FULL_ADDR,COUNTY,TOWN,VILLAGE,NEIGHBORHOOD,ROAD,SECTION,LANE,ALLEY,SUB_ALLEY,TONG,NUMBER,X,Y
高雄市鳳山區瑞竹里10鄰勝利南路2之2號,64,6401200,6401200-018,10鄰,勝利南路,,,,,,2之2號,120.37390004088,22.6260131279205
高雄市鳳山區瑞竹里10鄰勝利南路4號,64,6401200,6401200-018,10鄰,勝利南路,,,,,,4號,120.373897113385,22.6260795830223
高雄市鳳山區瑞竹里10鄰勝利南路7之1號,64,6401200,6401200-018,10鄰,勝利南路,,,,,,7之1號,120.373676723333,22.626456209221
高雄市鳳山區瑞竹里10鄰勝利南路14號,64,6401200,6401200-018,10鄰,勝利南路,,,,,,14號,120.373932891566,22.6263848726451
高雄市鳳山區瑞竹里10鄰勝利南路16號,64,6401200,6401200-018,10鄰,勝利南路,,,,,,16號,120.373935302957,22.6264323839473
高雄市鳳山區瑞竹里10鄰勝利南路18號,64,6401200,6401200-018,10鄰,勝利南路,,,,,,18號,120.373935077214,22.6264822329595
高雄市鳳山區瑞竹里10鄰勝利南路20號,64,6401200,6401200-018,10鄰,勝利南路,,,,,,20號,120.373939070763,22.6265455542968
