FULL_ADDR,COUNTY,TOWN,VILLAGE,NEIGHBORHOOD,ROAD,SECTION,LANE,ALLEY,SUB_ALLEY,TONG,NUMBER,X,Y
高雄市阿蓮區崗山里9鄰崗山八街6號,64,6402300,6402300-005,9鄰,崗山八街,,,,,,6號,120.324082122191,22.8584638379801
高雄市阿蓮區崗山里9鄰崗山八街8號,64,6402300,6402300-005,9鄰,崗山八街,,,,,,8號,120.323949369001,22.8583744866672
高雄市阿蓮區崗山里9鄰崗山八街36號,64,6402300,6402300-005,9鄰,崗山八街,,,,,,36號,120.32343255833,22.8583235982459
高雄市阿蓮區崗山里9鄰崗山八街100號,64,6402300,6402300-005,9鄰,崗山八街,,,,,,100號,120.32227182087,22.8581221929837
高雄市阿蓮區崗山里9鄰崗山八街132號,64,6402300,6402300-005,9鄰,崗山八街,,,,,,132號,120.321610672408,22.8581178861385
高雄市阿蓮區崗山里9鄰崗山八街161號,64,6402300,6402300-005,9鄰,崗山八街,,,,,,161號,120.320735300635,22.8571517860949
高雄市阿蓮區崗山里9鄰崗山八街215號,64,6402300,6402300-005,9鄰,崗山八街,,,,,,215號,120.319268154953,22.8571786052251
