FULL_ADDR,COUNTY,TOWN,VILLAGE,NEIGHBORHOOD,ROAD,SECTION,LANE,ALLEY,SUB_ALLEY,TONG,NUMBER,X,Y
高雄市阿蓮區崗山里9鄰崗山五街15號,64,6402300,6402300-005,9鄰,崗山五街,,,,,,15號,120.324912164952,22.858836327492
高雄市阿蓮區崗山里9鄰崗山五街39號,64,6402300,6402300-005,9鄰,崗山五街,,,,,,39號,120.32537469697,22.8589850066867
高雄市阿蓮區崗山里9鄰崗山五街61號,64,6402300,6402300-005,9鄰,崗山五街,,,,,,61號,120.325971456771,22.8586618246969
高雄市阿蓮區崗山里9鄰崗山五街75號,64,6402300,6402300-005,9鄰,崗山五街,,,,,,75號,120.326334796911,22.85896568481
高雄市阿蓮區崗山里9鄰崗山五街136號,64,6402300,6402300-005,9鄰,崗山五街,,,,,,136號,120.326976037372,22.8581655629369
高雄市阿蓮區崗山里9鄰崗山五街176號,64,6402300,6402300-005,9鄰,崗山五街,,,,,,176號,120.327745500911,22.8581983265804
