FULL_ADDR,COUNTY,TOWN,VILLAGE,NEIGHBORHOOD,ROAD,SECTION,LANE,ALLEY,SUB_ALLEY,TONG,NUMBER,X,Y
高雄市前鎮區鎮北里1鄰南七路1號,64,6400900,6400900-023,1鄰,南七路,,,,,,1號,120.29644325114,22.5898785272904
高雄市前鎮區鎮北里1鄰南七路2號,64,6400900,6400900-023,1鄰,南七路,,,,,,2號,120.296311761068,22.5902334906213
高雄市前鎮區鎮北里1鄰南七路3號,64,6400900,6400900-023,1鄰,南七路,,,,,,3號,120.295678797855,22.589619996
高雄市前鎮區鎮北里1鄰南七路4號,64,6400900,6400900-023,1鄰,南七路,,,,,,4號,120.295750657409,22.5900618679895
高雄市前鎮區鎮北里1鄰南七路6號,64,6400900,6400900-023,1鄰,南七路,,,,,,6號,120.295318947089,22.5899481471746
