FULL_ADDR,COUNTY,TOWN,VILLAGE,NEIGHBORHOOD,ROAD,SECTION,LANE,ALLEY,SUB_ALLEY,TONG,NUMBER,X,Y
高雄市橋頭區頂鹽里1鄰北堺西路10之36號,64,6402000,6402000-013,1鄰,北堺西路,,,,,,10之36號,120.273166564437,22.7313594668778
高雄市橋頭區頂鹽里1鄰北堺西路10號,64,6402000,6402000-013,1鄰,北堺西路,,,,,,10號,120.271955598274,22.7311393000489
高雄市橋頭區頂鹽里1鄰北堺西路10之26號,64,6402000,6402000-013,1鄰,北堺西路,,,,,,10之26號,120.272687882104,22.7313413957236
