FULL_ADDR,COUNTY,TOWN,VILLAGE,NEIGHBORHOOD,ROAD,SECTION,LANE,ALLEY,SUB_ALLEY,TONG,NUMBER,X,Y
高雄市前鎮區鎮北里1鄰大華一路2號,64,6400900,6400900-023,1鄰,大華一路,,,,,,2號,120.294283935146,22.5980790989193
高雄市前鎮區鎮北里1鄰大華一路11號,64,6400900,6400900-023,1鄰,大華一路,,,,,,11號,120.292356738025,22.6015687227333
高雄市前鎮區鎮北里1鄰大華一路22號,64,6400900,6400900-023,1鄰,大華一路,,,,,,22號,120.294254917469,22.5985781165368
高雄市前鎮區鎮北里1鄰大華一路32之1號,64,6400900,6400900-023,1鄰,大華一路,,,,,,32之1號,120.293965868059,22.6005033929584
高雄市前鎮區鎮北里1鄰大華一路38號,64,6400900,6400900-023,1鄰,大華一路,,,,,,38號,120.293313750026,22.6014537055578
高雄市前鎮區鎮北里14鄰大華一路100號,64,6400900,6400900-023,14鄰,大華一路,,,,,,100號,120.293010627628,22.6017906159479
