FULL_ADDR,COUNTY,TOWN,VILLAGE,NEIGHBORHOOD,ROAD,SECTION,LANE,ALLEY,SUB_ALLEY,TONG,NUMBER,X,Y
高雄市前鎮區忠純里2鄰忠勤路8號,64,6400900,6400900-024,2鄰,忠勤路,,,,,,8號,120.302771376347,22.6034335243522
高雄市前鎮區忠純里29鄰忠勤路23號,64,6400900,6400900-024,29鄰,忠勤路,,,,,,23號,120.302630153178,22.6042458284681
