FULL_ADDR,COUNTY,TOWN,VILLAGE,NEIGHBORHOOD,ROAD,SECTION,LANE,ALLEY,SUB_ALLEY,TONG,NUMBER,X,Y
高雄市燕巢區深水里9鄰師大路98號,64,6402100,6402100-011,9鄰,師大路,,,,,,98號,120.404899127504,22.7922096966672
高雄市燕巢區深水里9鄰師大路99號,64,6402100,6402100-011,9鄰,師大路,,,,,,99號,120.404222680018,22.7922422193993
高雄市燕巢區深水里9鄰師大路100號,64,6402100,6402100-011,9鄰,師大路,,,,,,100號,120.404684105384,22.7926782341689
