FULL_ADDR,COUNTY,TOWN,VILLAGE,NEIGHBORHOOD,ROAD,SECTION,LANE,ALLEY,SUB_ALLEY,TONG,NUMBER,X,Y
高雄市路竹區北嶺里10鄰北嶺一路1號,64,6402400,6402400-005,10鄰,北嶺一路,,,,,,1號,120.277106450113,22.8227129959861
高雄市路竹區北嶺里5鄰北嶺一路2號,64,6402400,6402400-005,5鄰,北嶺一路,,,,,,2號,120.27831687305,22.8206953041061
高雄市路竹區北嶺里5鄰北嶺一路122巷115號,64,6402400,6402400-005,5鄰,北嶺一路,,122巷,,,,115號,120.282323732622,22.8218928661852
