FULL_ADDR,COUNTY,TOWN,VILLAGE,NEIGHBORHOOD,ROAD,SECTION,LANE,ALLEY,SUB_ALLEY,TONG,NUMBER,X,Y
高雄市大寮區忠義里48鄰商協福利路55號,64,6401400,6401400-018,48鄰,商協福利路,,,,,,55號,120.382700128328,22.6187331928179
高雄市大寮區忠義里48鄰商協福利路56號,64,6401400,6401400-018,48鄰,商協福利路,,,,,,56號,120.382670374088,22.6187087855061
高雄市大寮區忠義里48鄰商協福利路59之1號,64,6401400,6401400-018,48鄰,商協福利路,,,,,,59之1號,120.382478345953,22.6185146972588
