FULL_ADDR,COUNTY,TOWN,VILLAGE,NEIGHBORHOOD,ROAD,SECTION,LANE,ALLEY,SUB_ALLEY,TONG,NUMBER,X,Y
高雄市小港區小港里12鄰平和一路8號,64,6401100,6401100-001,12鄰,平和一路,,,,,,8號,120.335617796693,22.5593723852535
高雄市小港區小港里12鄰平和一路10號,64,6401100,6401100-001,12鄰,平和一路,,,,,,10號,120.335553465492,22.5593648044749
高雄市小港區小港里12鄰平和一路12號,64,6401100,6401100-001,12鄰,平和一路,,,,,,12號,120.335433483229,22.5594455858518
