FULL_ADDR,COUNTY,TOWN,VILLAGE,NEIGHBORHOOD,ROAD,SECTION,LANE,ALLEY,SUB_ALLEY,TONG,NUMBER,X,Y
高雄市前鎮區鎮北里1鄰國華二街2號,64,6400900,6400900-023,1鄰,國華二街,,,,,,2號,120.299601261524,22.5857629401063
高雄市前鎮區鎮北里1鄰國華二街2之3號,64,6400900,6400900-023,1鄰,國華二街,,,,,,2之3號,120.29979609291,22.5851778668312
高雄市前鎮區鎮北里1鄰國華二街2之5號,64,6400900,6400900-023,1鄰,國華二街,,,,,,2之5號,120.299801683629,22.5853685659799
