FULL_ADDR,COUNTY,TOWN,VILLAGE,NEIGHBORHOOD,ROAD,SECTION,LANE,ALLEY,SUB_ALLEY,TONG,NUMBER,X,Y
高雄市楠梓區瑞屏里1鄰內環西路8號,64,6400400,6400400-013,1鄰,內環西路,,,,,,8號,120.30072540259,22.7180787797393
高雄市楠梓區瑞屏里1鄰內環西路56號,64,6400400,6400400-013,1鄰,內環西路,,,,,,56號,120.299159697248,22.7216605865759
高雄市楠梓區瑞屏里1鄰內環西路58號,64,6400400,6400400-013,1鄰,內環西路,,,,,,58號,120.298942384872,22.7221454788274
