FULL_ADDR,COUNTY,TOWN,VILLAGE,NEIGHBORHOOD,ROAD,SECTION,LANE,ALLEY,SUB_ALLEY,TONG,NUMBER,X,Y
高雄市大寮區內坑里5鄰崇善路1號,64,6401400,6401400-002,5鄰,崇善路,,,,,,1號,120.397258991041,22.5913728388248
高雄市大寮區內坑里5鄰崇善路3號,64,6401400,6401400-002,5鄰,崇善路,,,,,,3號,120.397245995169,22.5914091843583
高雄市大寮區內坑里5鄰崇善路5號,64,6401400,6401400-002,5鄰,崇善路,,,,,,5號,120.397232999289,22.5914455298904
高雄市大寮區內坑里5鄰崇善路7號,64,6401400,6401400-002,5鄰,崇善路,,,,,,7號,120.39721931398,22.5914838596196
高雄市大寮區內坑里5鄰崇善路9號,64,6401400,6401400-002,5鄰,崇善路,,,,,,9號,120.397206318086,22.5915202051489
