FULL_ADDR,COUNTY,TOWN,VILLAGE,NEIGHBORHOOD,ROAD,SECTION,LANE,ALLEY,SUB_ALLEY,TONG,NUMBER,X,Y
高雄市茄萣區光定里4鄰內灣路161之18號,64,6402600,6402600-008,4鄰,內灣路,,,,,,161之18號,120.194638247636,22.8935832416555
高雄市茄萣區光定里4鄰內灣路161之58號,64,6402600,6402600-008,4鄰,內灣路,,,,,,161之58號,120.191861999422,22.8927455674783
高雄市茄萣區吉定里13鄰內灣路161之80號,64,6402600,6402600-010,13鄰,內灣路,,,,,,161之80號,120.19706898772,22.8908288546366
高雄市茄萣區吉定里17鄰內灣路161之100號,64,6402600,6402600-010,17鄰,內灣路,,,,,,161之100號,120.204848472404,22.8907014843347
高雄市茄萣區大定里9鄰內灣路161號,64,6402600,6402600-009,9鄰,內灣路,,,,,,161號,120.194181303281,22.894521135375
