FULL_ADDR,COUNTY,TOWN,VILLAGE,NEIGHBORHOOD,ROAD,SECTION,LANE,ALLEY,SUB_ALLEY,TONG,NUMBER,X,Y
高雄市前鎮區鎮北里14鄰建南街2號,64,6400900,6400900-023,14鄰,建南街,,,,,,2號,120.301761464117,22.5914095131462
高雄市前鎮區鎮北里1鄰建南街9號,64,6400900,6400900-023,1鄰,建南街,,,,,,9號,120.300432506634,22.5906591742339
