FULL_ADDR,COUNTY,TOWN,VILLAGE,NEIGHBORHOOD,ROAD,SECTION,LANE,ALLEY,SUB_ALLEY,TONG,NUMBER,X,Y
高雄市燕巢區安招里12鄰安慶路2號,64,6402100,6402100-003,12鄰,安慶路,,,,,,2號,120.341801489097,22.7884689908159
高雄市燕巢區安招里12鄰安慶路4號,64,6402100,6402100-003,12鄰,安慶路,,,,,,4號,120.341810819864,22.7884323652513
高雄市燕巢區安招里12鄰安慶路6號,64,6402100,6402100-003,12鄰,安慶路,,,,,,6號,120.341820745376,22.788393574806
高雄市燕巢區安招里12鄰安慶路8號,64,6402100,6402100-003,12鄰,安慶路,,,,,,8號,120.341830274381,22.7883562276131
高雄市燕巢區安招里12鄰安慶路10號,64,6402100,6402100-003,12鄰,安慶路,,,,,,10號,120.341811414,22.7883085587626
高雄市燕巢區安招里12鄰安慶路12號,64,6402100,6402100-003,12鄰,安慶路,,,,,,12號,120.341824705096,22.7882381752511
