FULL_ADDR,COUNTY,TOWN,VILLAGE,NEIGHBORHOOD,ROAD,SECTION,LANE,ALLEY,SUB_ALLEY,TONG,NUMBER,X,Y
高雄市田寮區新興里8鄰崗南路3號,64,6402200,6402200-010,8鄰,崗南路,,,,,,3號,120.359652298128,22.8496223642894
高雄市田寮區新興里8鄰崗南路3之28號,64,6402200,6402200-010,8鄰,崗南路,,,,,,3之28號,120.359442829522,22.8490727283937
高雄市田寮區新興里8鄰崗南路3之2號,64,6402200,6402200-010,8鄰,崗南路,,,,,,3之2號,120.362565952364,22.849563285252
高雄市田寮區新興里8鄰崗南路3之30號,64,6402200,6402200-010,8鄰,崗南路,,,,,,3之30號,120.359263853946,22.8488613173038
高雄市田寮區新興里8鄰崗南路4號,64,6402200,6402200-010,8鄰,崗南路,,,,,,4號,120.358617714729,22.8484616980921
高雄市田寮區新興里8鄰崗南路4之1號,64,6402200,6402200-010,8鄰,崗南路,,,,,,4之1號,120.358806120594,22.8485110321326
高雄市田寮區新興里8鄰崗南路4之5號,64,6402200,6402200-010,8鄰,崗南路,,,,,,4之5號,120.358805214617,22.8487042543339
高雄市田寮區新興里8鄰崗南路5號,64,6402200,6402200-010,8鄰,崗南路,,,,,,5號,120.357385036935,22.8489382249607
