FULL_ADDR,COUNTY,TOWN,VILLAGE,NEIGHBORHOOD,ROAD,SECTION,LANE,ALLEY,SUB_ALLEY,TONG,NUMBER,X,Y
高雄市前鎮區鎮北里1鄰南四路1號,64,6400900,6400900-023,1鄰,南四路,,,,,,1號,120.295007946925,22.5940240141184
高雄市前鎮區鎮北里1鄰南四路2號,64,6400900,6400900-023,1鄰,南四路,,,,,,2號,120.294157872238,22.5942037842155
高雄市前鎮區鎮北里1鄰南四路3號,64,6400900,6400900-023,1鄰,南四路,,,,,,3號,120.294693824039,22.5938592060911
高雄市前鎮區鎮北里1鄰南四路4號,64,6400900,6400900-023,1鄰,南四路,,,,,,4號,120.293402760862,22.5939252076047
高雄市前鎮區鎮北里1鄰南四路5號,64,6400900,6400900-023,1鄰,南四路,,,,,,5號,120.29434844417,22.5937687996111
高雄市前鎮區鎮北里1鄰南四路6號,64,6400900,6400900-023,1鄰,南四路,,,,,,6號,120.293110303528,22.5937518855792
高雄市前鎮區鎮北里1鄰南四路7號,64,6400900,6400900-023,1鄰,南四路,,,,,,7號,120.293820963184,22.5936632600345
