FULL_ADDR,COUNTY,TOWN,VILLAGE,NEIGHBORHOOD,ROAD,SECTION,LANE,ALLEY,SUB_ALLEY,TONG,NUMBER,X,Y
高雄市鳳山區海光里24鄰勝國街61號,64,6401200,6401200-022,24鄰,勝國街,,,,,,61號,120.371183392445,22.6330978886716
高雄市鳳山區海光里24鄰勝國街61號二樓,64,6401200,6401200-022,24鄰,勝國街,,,,,,61號二樓,120.371183392445,22.6330978886716
高雄市鳳山區海光里24鄰勝國街61號三樓,64,6401200,6401200-022,24鄰,勝國街,,,,,,61號三樓,120.371183392445,22.6330978886716
高雄市鳳山區海光里24鄰勝國街63號,64,6401200,6401200-022,24鄰,勝國街,,,,,,63號,120.371194154498,22.6333197265015
高雄市鳳山區海光里24鄰勝國街65號,64,6401200,6401200-022,24鄰,勝國街,,,,,,65號,120.371719861071,22.633323683244
高雄市鳳山區海光里24鄰勝國街67號,64,6401200,6401200-022,24鄰,勝國街,,,,,,67號,120.371732791999,22.6330900176349
高雄市鳳山區海光里24鄰勝國街67號二樓,64,6401200,6401200-022,24鄰,勝國街,,,,,,67號二樓,120.371732791999,22.6330900176349
