FULL_ADDR,COUNTY,TOWN,VILLAGE,NEIGHBORHOOD,ROAD,SECTION,LANE,ALLEY,SUB_ALLEY,TONG,NUMBER,X,Y
高雄市林園區五福里13鄰工業三路1號,64,6401300,6401300-023,13鄰,工業三路,,,,,,1號,120.415068016449,22.4894155458852
高雄市林園區五福里13鄰工業三路3號,64,6401300,6401300-023,13鄰,工業三路,,,,,,3號,120.414845771887,22.4933206363921
高雄市林園區五福里13鄰工業三路5號,64,6401300,6401300-023,13鄰,工業三路,,,,,,5號,120.415340787012,22.492294825392
高雄市林園區五福里13鄰工業三路7號,64,6401300,6401300-023,13鄰,工業三路,,,,,,7號,120.414973963922,22.4948919492743
高雄市林園區五福里13鄰工業三路9號,64,6401300,6401300-023,13鄰,工業三路,,,,,,9號,120.414888741642,22.496391530705
