FULL_ADDR,COUNTY,TOWN,VILLAGE,NEIGHBORHOOD,ROAD,SECTION,LANE,ALLEY,SUB_ALLEY,TONG,NUMBER,X,Y
高雄市鳥松區坔埔里17鄰埔安街1號,64,6401800,6401800-004,17鄰,埔安街,,,,,,1號,120.377162464764,22.6655975438684
高雄市鳥松區坔埔里17鄰埔安街26號,64,6401800,6401800-004,17鄰,埔安街,,,,,,26號,120.378052488882,22.6651519029719
高雄市鳥松區坔埔里17鄰埔安街36號,64,6401800,6401800-004,17鄰,埔安街,,,,,,36號,120.378149347373,22.6655040172447
高雄市鳥松區坔埔里17鄰埔安街125號,64,6401800,6401800-004,17鄰,埔安街,,,,,,125號,120.378574510744,22.6673946356996
