FULL_ADDR,COUNTY,TOWN,VILLAGE,NEIGHBORHOOD,ROAD,SECTION,LANE,ALLEY,SUB_ALLEY,TONG,NUMBER,X,Y
高雄市鳥松區鳥松里16鄰忠仁路1之6號,64,6401800,6401800-001,16鄰,忠仁路,,,,,,1之6號,120.364182624074,22.6555503067025
高雄市鳥松區鳥松里16鄰忠仁路2之1號,64,6401800,6401800-001,16鄰,忠仁路,,,,,,2之1號,120.36441543429,22.655979160537
高雄市鳥松區鳥松里16鄰忠仁路82之1號,64,6401800,6401800-001,16鄰,忠仁路,,,,,,82之1號,120.363614730661,22.6556205151948
