FULL_ADDR,COUNTY,TOWN,VILLAGE,NEIGHBORHOOD,ROAD,SECTION,LANE,ALLEY,SUB_ALLEY,TONG,NUMBER,X,Y
高雄市旗山區大林里15鄰合和街2號,64,6403000,6403000-006,15鄰,合和街,,,,,,2號,120.5082440635,22.9511822911193
高雄市旗山區大林里15鄰合和街4號,64,6403000,6403000-006,15鄰,合和街,,,,,,4號,120.508176214849,22.9511067478769
高雄市旗山區大林里15鄰合和街6號,64,6403000,6403000-006,15鄰,合和街,,,,,,6號,120.508149054608,22.9508243864469
高雄市旗山區大林里15鄰合和街8號,64,6403000,6403000-006,15鄰,合和街,,,,,,8號,120.508149418309,22.9506806030009
高雄市旗山區大林里15鄰合和街10號,64,6403000,6403000-006,15鄰,合和街,,,,,,10號,120.507960624857,22.950675673909
高雄市旗山區大林里15鄰合和街14號,64,6403000,6403000-006,15鄰,合和街,,,,,,14號,120.508004762696,22.9504263957533
高雄市旗山區大林里15鄰合和街16號,64,6403000,6403000-006,15鄰,合和街,,,,,,16號,120.508280241799,22.9503588703704
