FULL_ADDR,COUNTY,TOWN,VILLAGE,NEIGHBORHOOD,ROAD,SECTION,LANE,ALLEY,SUB_ALLEY,TONG,NUMBER,X,Y
高雄市鳳山區南成里33鄰國慶八街35號,64,6401200,6401200-055,33鄰,國慶八街,,,,,,35號,120.340491414726,22.5877468860892
高雄市鳳山區南成里33鄰國慶八街37號,64,6401200,6401200-055,33鄰,國慶八街,,,,,,37號,120.340457757298,22.5877506672566
高雄市鳳山區南成里33鄰國慶八街39號,64,6401200,6401200-055,33鄰,國慶八街,,,,,,39號,120.340421863795,22.5877502128309
高雄市鳳山區南成里33鄰國慶八街41號,64,6401200,6401200-055,33鄰,國慶八街,,,,,,41號,120.340372924695,22.5877547078782
高雄市鳳山區南成里33鄰國慶八街58號,64,6401200,6401200-055,33鄰,國慶八街,,,,,,58號,120.340406021876,22.5880135755909
高雄市鳳山區南成里31鄰國慶八街190號,64,6401200,6401200-055,31鄰,國慶八街,,,,,,190號,120.338406478108,22.5885720336577
