FULL_ADDR,COUNTY,TOWN,VILLAGE,NEIGHBORHOOD,ROAD,SECTION,LANE,ALLEY,SUB_ALLEY,TONG,NUMBER,X,Y
高雄市前鎮區興邦里21鄰凱旺街2號,64,6400900,6400900-021,21鄰,凱旺街,,,,,,2號,120.32083786007,22.5919215464264
高雄市前鎮區興邦里21鄰凱旺街6號,64,6400900,6400900-021,21鄰,凱旺街,,,,,,6號,120.320775074046,22.591992623825
高雄市前鎮區興邦里21鄰凱旺街8號,64,6400900,6400900-021,21鄰,凱旺街,,,,,,8號,120.320712359518,22.5920689393335
