FULL_ADDR,COUNTY,TOWN,VILLAGE,NEIGHBORHOOD,ROAD,SECTION,LANE,ALLEY,SUB_ALLEY,TONG,NUMBER,X,Y
高雄市鳳山區忠義里14鄰忠水街3號,64,6401200,6401200-019,14鄰,忠水街,,,,,,3號,120.350502593244,22.6279558161131
高雄市鳳山區忠義里18鄰忠水街21號,64,6401200,6401200-019,18鄰,忠水街,,,,,,21號,120.350498116533,22.6285359331501
高雄市鳳山區忠義里18鄰忠水街23號,64,6401200,6401200-019,18鄰,忠水街,,,,,,23號,120.350499114807,22.6286133306876
高雄市鳳山區忠義里18鄰忠水街25號,64,6401200,6401200-019,18鄰,忠水街,,,,,,25號,120.350497376964,22.628693336062
高雄市鳳山區忠義里18鄰忠水街27號,64,6401200,6401200-019,18鄰,忠水街,,,,,,27號,120.350495492619,22.6287838165077
