FULL_ADDR,COUNTY,TOWN,VILLAGE,NEIGHBORHOOD,ROAD,SECTION,LANE,ALLEY,SUB_ALLEY,TONG,NUMBER,X,Y
高雄市楠梓區瑞屏里1鄰北內環東路1號,64,6400400,6400400-013,1鄰,北內環東路,,,,,,1號,120.31023179884,22.7257006155525
高雄市楠梓區瑞屏里1鄰北內環東路2號,64,6400400,6400400-013,1鄰,北內環東路,,,,,,2號,120.31032256677,22.7248578212978
高雄市楠梓區瑞屏里1鄰北內環東路3號,64,6400400,6400400-013,1鄰,北內環東路,,,,,,3號,120.310803184127,22.7257303521678
