FULL_ADDR,COUNTY,TOWN,VILLAGE,NEIGHBORHOOD,ROAD,SECTION,LANE,ALLEY,SUB_ALLEY,TONG,NUMBER,X,Y
高雄市燕巢區角宿里17鄰寶頂東街1號,64,6402100,6402100-004,17鄰,寶頂東街,,,,,,1號,120.322890451276,22.7735190723379
高雄市燕巢區角宿里17鄰寶頂東街3號,64,6402100,6402100-004,17鄰,寶頂東街,,,,,,3號,120.322956158599,22.7735440947791
高雄市燕巢區角宿里17鄰寶頂東街5號,64,6402100,6402100-004,17鄰,寶頂東街,,,,,,5號,120.322799301593,22.773696587446
高雄市燕巢區角宿里17鄰寶頂東街7號,64,6402100,6402100-004,17鄰,寶頂東街,,,,,,7號,120.322865693767,22.7737209806927
