FULL_ADDR,COUNTY,TOWN,VILLAGE,NEIGHBORHOOD,ROAD,SECTION,LANE,ALLEY,SUB_ALLEY,TONG,NUMBER,X,Y
高雄市三民區德東里12鄰喜峰街102號,64,6400500,6400500-056,12鄰,喜峰街,,,,,,102號,120.299295979025,22.6437319555979
高雄市三民區德行里10鄰喜峰街23號,64,6400500,6400500-057,10鄰,喜峰街,,,,,,23號,120.301303297171,22.6433343182679
