FULL_ADDR,COUNTY,TOWN,VILLAGE,NEIGHBORHOOD,ROAD,SECTION,LANE,ALLEY,SUB_ALLEY,TONG,NUMBER,X,Y
高雄市岡山區岡山里14鄰大寶街27號,64,6401900,6401900-002,14鄰,大寶街,,,,,,27號,120.289702136571,22.8053665016337
高雄市岡山區岡山里14鄰大寶街28號,64,6401900,6401900-002,14鄰,大寶街,,,,,,28號,120.290134047212,22.8047238302882
高雄市岡山區岡山里14鄰大寶街33號,64,6401900,6401900-002,14鄰,大寶街,,,,,,33號,120.289479971035,22.8054763155653
高雄市岡山區岡山里14鄰大寶街50號,64,6401900,6401900-002,14鄰,大寶街,,,,,,50號,120.290396747076,22.8052129160099
高雄市岡山區岡山里14鄰大寶街60號,64,6401900,6401900-002,14鄰,大寶街,,,,,,60號,120.289747831013,22.8076945792279
高雄市岡山區岡山里14鄰大寶街77號,64,6401900,6401900-002,14鄰,大寶街,,,,,,77號,120.291157898044,22.8064688281299
高雄市岡山區岡山里14鄰大寶街100號,64,6401900,6401900-002,14鄰,大寶街,,,,,,100號,120.289952763431,22.80801625428
高雄市岡山區岡山里14鄰大寶街100之1號,64,6401900,6401900-002,14鄰,大寶街,,,,,,100之1號,120.290951832324,22.8076686932678
高雄市岡山區岡山里14鄰大寶街100之2號,64,6401900,6401900-002,14鄰,大寶街,,,,,,100之2號,120.291461305395,22.8083359620952
