FULL_ADDR,COUNTY,TOWN,VILLAGE,NEIGHBORHOOD,ROAD,SECTION,LANE,ALLEY,SUB_ALLEY,TONG,NUMBER,X,Y
高雄市前鎮區鎮北里1鄰南三路1號,64,6400900,6400900-023,1鄰,南三路,,,,,,1號,120.294043902609,22.5953340996242
高雄市前鎮區鎮北里1鄰南三路2號,64,6400900,6400900-023,1鄰,南三路,,,,,,2號,120.294158258779,22.5959442112288
高雄市前鎮區鎮北里1鄰南三路2號二樓,64,6400900,6400900-023,1鄰,南三路,,,,,,2號二樓,120.294158258779,22.5959442112288
高雄市前鎮區鎮北里1鄰南三路2號三樓,64,6400900,6400900-023,1鄰,南三路,,,,,,2號三樓,120.294158258779,22.5959442112288
高雄市前鎮區鎮北里1鄰南三路2號四樓,64,6400900,6400900-023,1鄰,南三路,,,,,,2號四樓,120.294158258779,22.5959442112288
高雄市前鎮區鎮北里1鄰南三路2號五樓,64,6400900,6400900-023,1鄰,南三路,,,,,,2號五樓,120.294158258779,22.5959442112288
高雄市前鎮區鎮北里1鄰南三路4號,64,6400900,6400900-023,1鄰,南三路,,,,,,4號,120.293745336573,22.5957760952577
高雄市前鎮區鎮北里1鄰南三路5號,64,6400900,6400900-023,1鄰,南三路,,,,,,5號,120.293269798094,22.5950960950524
高雄市前鎮區鎮北里1鄰南三路8號,64,6400900,6400900-023,1鄰,南三路,,,,,,8號,120.29237068815,22.5955003417023
