FULL_ADDR,COUNTY,TOWN,VILLAGE,NEIGHBORHOOD,ROAD,SECTION,LANE,ALLEY,SUB_ALLEY,TONG,NUMBER,X,Y
高雄市三民區本和里4鄰大園街2號,64,6400500,6400500-009,4鄰,大園街,,,,,,2號,120.324820794722,22.6550473500071
高雄市三民區本和里4鄰大園街6號,64,6400500,6400500-009,4鄰,大園街,,,,,,6號,120.324881876273,22.6551215325114
高雄市三民區本和里4鄰大園街8號,64,6400500,6400500-009,4鄰,大園街,,,,,,8號,120.32493618963,22.6551830074033
高雄市三民區本和里4鄰大園街10號,64,6400500,6400500-009,4鄰,大園街,,,,,,10號,120.325004050548,22.6552656621084
高雄市三民區本和里4鄰大園街36之1號,64,6400500,6400500-009,4鄰,大園街,,,,,,36之1號,120.325139612459,22.6554776684266
