FULL_ADDR,COUNTY,TOWN,VILLAGE,NEIGHBORHOOD,ROAD,SECTION,LANE,ALLEY,SUB_ALLEY,TONG,NUMBER,X,Y
高雄市仁武區文武里32鄰文學五街38之1號,64,6401700,6401700-007,32鄰,文學五街,,,,,,38之1號,120.353995866538,22.6992233215872
高雄市仁武區文武里52鄰文學五街76號,64,6401700,6401700-007,52鄰,文學五街,,,,,,76號,120.354260220037,22.6985788760999
