FULL_ADDR,COUNTY,TOWN,VILLAGE,NEIGHBORHOOD,ROAD,SECTION,LANE,ALLEY,SUB_ALLEY,TONG,NUMBER,X,Y
高雄市岡山區本洲里2鄰文興路2號,64,6401900,6401900-025,2鄰,文興路,,,,,,2號,120.256397511005,22.8224717671731
高雄市岡山區本洲里2鄰文興路3號,64,6401900,6401900-025,2鄰,文興路,,,,,,3號,120.257949627492,22.822565694793
高雄市岡山區本洲里2鄰文興路6號,64,6401900,6401900-025,2鄰,文興路,,,,,,6號,120.25623902623,22.8210168615652
高雄市岡山區本洲里2鄰文興路6之6號,64,6401900,6401900-025,2鄰,文興路,,,,,,6之6號,120.254692663927,22.8209968132758
高雄市岡山區本洲里2鄰文興路6之8號,64,6401900,6401900-025,2鄰,文興路,,,,,,6之8號,120.254775713145,22.8218644815033
高雄市永安區保寧里11鄰文興路8號,64,6402700,6402700-005,11鄰,文興路,,,,,,8號,120.254195913924,22.822736904932
