FULL_ADDR,COUNTY,TOWN,VILLAGE,NEIGHBORHOOD,ROAD,SECTION,LANE,ALLEY,SUB_ALLEY,TONG,NUMBER,X,Y
高雄市左營區新光里22鄰文寧街330巷1號,64,6400300,6400300-042,22鄰,文寧街,,330巷,,,,1號,120.302931198134,22.6815714351492
高雄市左營區新光里22鄰文寧街330巷3號,64,6400300,6400300-042,22鄰,文寧街,,330巷,,,,3號,120.302990367595,22.6815366900362
高雄市左營區新光里22鄰文寧街332號,64,6400300,6400300-042,22鄰,文寧街,,,,,,332號,120.302781493445,22.681662146154
高雄市左營區新光里22鄰文寧街336號,64,6400300,6400300-042,22鄰,文寧街,,,,,,336號,120.302813140863,22.6817045292239
高雄市左營區新光里22鄰文寧街338號,64,6400300,6400300-042,22鄰,文寧街,,,,,,338號,120.302840262479,22.681741248441
高雄市左營區新光里22鄰文寧街340號,64,6400300,6400300-042,22鄰,文寧街,,,,,,340號,120.302871952671,22.6817751790211
高雄市左營區新光里22鄰文寧街346號,64,6400300,6400300-042,22鄰,文寧街,,,,,,346號,120.302878206655,22.6818451665002
高雄市左營區新光里22鄰文寧街348號,64,6400300,6400300-042,22鄰,文寧街,,,,,,348號,120.30291350076,22.681895801358
高雄市左營區新光里21鄰文寧街356號,64,6400300,6400300-042,21鄰,文寧街,,,,,,356號,120.304581030458,22.678993510644
