FULL_ADDR,COUNTY,TOWN,VILLAGE,NEIGHBORHOOD,ROAD,SECTION,LANE,ALLEY,SUB_ALLEY,TONG,NUMBER,X,Y
高雄市仁武區赤山里21鄰慈惠七街26號,64,6401700,6401700-015,21鄰,慈惠七街,,,,,,26號,120.350691705591,22.6736442314946
高雄市仁武區赤山里21鄰慈惠七街28號,64,6401700,6401700-015,21鄰,慈惠七街,,,,,,28號,120.350641645173,22.6736117708852
高雄市仁武區赤山里21鄰慈惠七街30號,64,6401700,6401700-015,21鄰,慈惠七街,,,,,,30號,120.350596736627,22.6735805232021
高雄市仁武區赤山里21鄰慈惠七街32號,64,6401700,6401700-015,21鄰,慈惠七街,,,,,,32號,120.350545374875,22.6735516424731
