FULL_ADDR,COUNTY,TOWN,VILLAGE,NEIGHBORHOOD,ROAD,SECTION,LANE,ALLEY,SUB_ALLEY,TONG,NUMBER,X,Y
高雄市鳳山區曹公里5鄰曹謹路50號,64,6401200,6401200-041,5鄰,曹謹路,,,,,,50號,120.359435258867,22.6307697769892
高雄市鳳山區曹公里5鄰曹謹路152號,64,6401200,6401200-041,5鄰,曹謹路,,,,,,152號,120.35783691549,22.6309988174776
高雄市鳳山區曹公里15鄰曹謹路222號,64,6401200,6401200-041,15鄰,曹謹路,,,,,,222號,120.356393773094,22.631407273642
