FULL_ADDR,COUNTY,TOWN,VILLAGE,NEIGHBORHOOD,ROAD,SECTION,LANE,ALLEY,SUB_ALLEY,TONG,NUMBER,X,Y
高雄市旗津區南汕里3鄰旗港路9號,64,6401000,6401000-009,3鄰,旗港路,,,,,,9號,120.284800519791,22.5900694189263
高雄市旗津區南汕里3鄰旗港路10號,64,6401000,6401000-009,3鄰,旗港路,,,,,,10號,120.285648003177,22.5895746684561
高雄市旗津區南汕里3鄰旗港路11號,64,6401000,6401000-009,3鄰,旗港路,,,,,,11號,120.284882793218,22.590069875558
高雄市旗津區南汕里3鄰旗港路12號,64,6401000,6401000-009,3鄰,旗港路,,,,,,12號,120.285637161684,22.5895855654512
高雄市旗津區南汕里3鄰旗港路13號,64,6401000,6401000-009,3鄰,旗港路,,,,,,13號,120.285067982212,22.5901790683841
高雄市旗津區南汕里3鄰旗港路15號,64,6401000,6401000-009,3鄰,旗港路,,,,,,15號,120.285265715098,22.5903244576901
高雄市旗津區南汕里3鄰旗港路16號,64,6401000,6401000-009,3鄰,旗港路,,,,,,16號,120.285792451092,22.5894598261771
高雄市旗津區南汕里3鄰旗港路33號,64,6401000,6401000-009,3鄰,旗港路,,,,,,33號,120.285112860126,22.5902100357364
