FULL_ADDR,COUNTY,TOWN,VILLAGE,NEIGHBORHOOD,ROAD,SECTION,LANE,ALLEY,SUB_ALLEY,TONG,NUMBER,X,Y
高雄市岡山區本洲里10鄰本工東一路1號,64,6401900,6401900-025,10鄰,本工東一路,,,,,,1號,120.274128814752,22.8086413280072
高雄市岡山區本洲里10鄰本工東一路3號,64,6401900,6401900-025,10鄰,本工東一路,,,,,,3號,120.273581786073,22.8080406597208
高雄市岡山區本洲里10鄰本工東一路6號,64,6401900,6401900-025,10鄰,本工東一路,,,,,,6號,120.274922707739,22.8083216870325
高雄市岡山區本洲里10鄰本工東一路8號,64,6401900,6401900-025,10鄰,本工東一路,,,,,,8號,120.274314993584,22.8070697403559
