FULL_ADDR,COUNTY,TOWN,VILLAGE,NEIGHBORHOOD,ROAD,SECTION,LANE,ALLEY,SUB_ALLEY,TONG,NUMBER,X,Y
高雄市大寮區過溪里6鄰正忠街5號,64,6401400,6401400-013,6鄰,正忠街,,,,,,5號,120.419995483733,22.5754491385614
高雄市大寮區過溪里6鄰正忠街8號,64,6401400,6401400-013,6鄰,正忠街,,,,,,8號,120.419699156899,22.5753432743636
高雄市大寮區過溪里6鄰正忠街10號,64,6401400,6401400-013,6鄰,正忠街,,,,,,10號,120.419695401887,22.5753157346561
高雄市大寮區過溪里6鄰正忠街12號,64,6401400,6401400-013,6鄰,正忠街,,,,,,12號,120.419643642517,22.5752753693206
高雄市大寮區過溪里6鄰正忠街16號,64,6401400,6401400-013,6鄰,正忠街,,,,,,16號,120.419639937622,22.5752358638655
高雄市大寮區過溪里6鄰正忠街18號,64,6401400,6401400-013,6鄰,正忠街,,,,,,18號,120.419608132857,22.5751769037343
