FULL_ADDR,COUNTY,TOWN,VILLAGE,NEIGHBORHOOD,ROAD,SECTION,LANE,ALLEY,SUB_ALLEY,TONG,NUMBER,X,Y
高雄市鳳山區武慶里14鄰漢泰中路100巷49弄27之1號,64,6401200,6401200-064,14鄰,漢泰中路,,100巷,49弄,,,27之1號,120.334014908179,22.6143342535181
高雄市鳳山區武慶里14鄰漢泰中路100巷49弄27之4號,64,6401200,6401200-064,14鄰,漢泰中路,,100巷,49弄,,,27之4號,120.334289289661,22.614338101142
高雄市鳳山區武慶里14鄰漢泰中路100巷49弄27之5號,64,6401200,6401200-064,14鄰,漢泰中路,,100巷,49弄,,,27之5號,120.334449078837,22.6143435501799
高雄市鳳山區武慶里14鄰漢泰中路100巷49弄28之1號,64,6401200,6401200-064,14鄰,漢泰中路,,100巷,49弄,,,28之1號,120.334373604968,22.6143418825515
高雄市鳳山區武慶里14鄰漢泰中路100巷49弄28之2號,64,6401200,6401200-064,14鄰,漢泰中路,,100巷,49弄,,,28之2號,120.334527409555,22.6143377341037
高雄市鳳山區武慶里14鄰漢泰中路100巷49弄28之3號,64,6401200,6401200-064,14鄰,漢泰中路,,100巷,49弄,,,28之3號,120.334661208065,22.6143472292959
