FULL_ADDR,COUNTY,TOWN,VILLAGE,NEIGHBORHOOD,ROAD,SECTION,LANE,ALLEY,SUB_ALLEY,TONG,NUMBER,X,Y
高雄市鳥松區大華里30鄰應安路301號,64,6401800,6401800-003,30鄰,應安路,,,,,,301號,120.341254442854,22.6495815625253
高雄市鳥松區大華里30鄰應安路303號,64,6401800,6401800-003,30鄰,應安路,,,,,,303號,120.341404981849,22.649754216175
高雄市鳥松區大華里30鄰應安路331號,64,6401800,6401800-003,30鄰,應安路,,,,,,331號,120.34189217946,22.6503707390798
高雄市鳥松區大華里30鄰應安路333號,64,6401800,6401800-003,30鄰,應安路,,,,,,333號,120.341956907685,22.6504468628039
高雄市鳥松區大華里30鄰應安路335號,64,6401800,6401800-003,30鄰,應安路,,,,,,335號,120.342036437399,22.6505448835223
高雄市鳥松區大華里30鄰應安路337號,64,6401800,6401800-003,30鄰,應安路,,,,,,337號,120.34207789178,22.6505966641996
高雄市鳥松區大華里30鄰應安路339號,64,6401800,6401800-003,30鄰,應安路,,,,,,339號,120.34211769627,22.6506598348519
