FULL_ADDR,COUNTY,TOWN,VILLAGE,NEIGHBORHOOD,ROAD,SECTION,LANE,ALLEY,SUB_ALLEY,TONG,NUMBER,X,Y
高雄市前鎮區明正里27鄰明安路25號,64,6400900,6400900-003,27鄰,明安路,,,,,,25號,120.336151083856,22.5801729559453
高雄市前鎮區明正里27鄰明安路28號,64,6400900,6400900-003,27鄰,明安路,,,,,,28號,120.335629772865,22.5798427129577
高雄市前鎮區明正里27鄰明安路33之1號,64,6400900,6400900-003,27鄰,明安路,,,,,,33之1號,120.336314319331,22.5796334089067
高雄市前鎮區明正里27鄰明安路36號,64,6400900,6400900-003,27鄰,明安路,,,,,,36號,120.334728621158,22.5798568652669
