FULL_ADDR,COUNTY,TOWN,VILLAGE,NEIGHBORHOOD,ROAD,SECTION,LANE,ALLEY,SUB_ALLEY,TONG,NUMBER,X,Y
高雄市前鎮區仁愛里1鄰新大路1號,64,6400900,6400900-005,1鄰,新大路,,,,,,1號,120.316712751618,22.580384091687
高雄市前鎮區仁愛里1鄰新大路2號,64,6400900,6400900-005,1鄰,新大路,,,,,,2號,120.316477895335,22.5807283836806
高雄市前鎮區仁愛里1鄰新大路3號,64,6400900,6400900-005,1鄰,新大路,,,,,,3號,120.316293560822,22.5800826770343
高雄市前鎮區仁愛里1鄰新大路5號,64,6400900,6400900-005,1鄰,新大路,,,,,,5號,120.315730306169,22.5796602949821
高雄市前鎮區仁愛里1鄰新大路5之1號,64,6400900,6400900-005,1鄰,新大路,,,,,,5之1號,120.315877193574,22.5795051850795
高雄市前鎮區仁愛里1鄰新大路6號,64,6400900,6400900-005,1鄰,新大路,,,,,,6號,120.316018937389,22.5804235570928
高雄市前鎮區仁愛里1鄰新大路9號,64,6400900,6400900-005,1鄰,新大路,,,,,,9號,120.314776461199,22.5789777855953
高雄市前鎮區仁愛里1鄰新大路10號,64,6400900,6400900-005,1鄰,新大路,,,,,,10號,120.315015775084,22.5796618200087
高雄市前鎮區仁愛里1鄰新大路12號,64,6400900,6400900-005,1鄰,新大路,,,,,,12號,120.314471057905,22.5792892269605
