FULL_ADDR,COUNTY,TOWN,VILLAGE,NEIGHBORHOOD,ROAD,SECTION,LANE,ALLEY,SUB_ALLEY,TONG,NUMBER,X,Y
高雄市岡山區本洲里10鄰洲港路1號,64,6401900,6401900-025,10鄰,洲港路,,,,,,1號,120.278108247611,22.8040346053346
高雄市岡山區本洲里12鄰洲港路158之1號,64,6401900,6401900-025,12鄰,洲港路,,,,,,158之1號,120.264006589898,22.799269548551
高雄市岡山區本洲里12鄰洲港路168巷8號,64,6401900,6401900-025,12鄰,洲港路,,168巷,,,,8號,120.262613140369,22.7996033781611
高雄市岡山區本洲里12鄰洲港路168巷26號,64,6401900,6401900-025,12鄰,洲港路,,168巷,,,,26號,120.262287528637,22.800255314573
