FULL_ADDR,COUNTY,TOWN,VILLAGE,NEIGHBORHOOD,ROAD,SECTION,LANE,ALLEY,SUB_ALLEY,TONG,NUMBER,X,Y
高雄市前鎮區明孝里19鄰漁港北二路3號,64,6400900,6400900-002,19鄰,漁港北二路,,,,,,3號,120.311079077743,22.5718703775356
高雄市前鎮區明孝里19鄰漁港北二路3之1號,64,6400900,6400900-002,19鄰,漁港北二路,,,,,,3之1號,120.31043098925,22.5720446100879
高雄市前鎮區明孝里19鄰漁港北二路5號,64,6400900,6400900-002,19鄰,漁港北二路,,,,,,5號,120.311484303799,22.5721373383412
