FULL_ADDR,COUNTY,TOWN,VILLAGE,NEIGHBORHOOD,ROAD,SECTION,LANE,ALLEY,SUB_ALLEY,TONG,NUMBER,X,Y
高雄市仁武區文武里55鄰文學九街1號,64,6401700,6401700-007,55鄰,文學九街,,,,,,1號,120.35711132488,22.7008911011097
高雄市仁武區文武里55鄰文學九街3號,64,6401700,6401700-007,55鄰,文學九街,,,,,,3號,120.357195463558,22.7008191034439
高雄市仁武區文武里55鄰文學九街15之1號,64,6401700,6401700-007,55鄰,文學九街,,,,,,15之1號,120.357263477921,22.700498101386
高雄市仁武區文武里55鄰文學九街17之1號,64,6401700,6401700-007,55鄰,文學九街,,,,,,17之1號,120.357278472226,22.7004510847074
高雄市仁武區文武里55鄰文學九街19之1號,64,6401700,6401700-007,55鄰,文學九街,,,,,,19之1號,120.357313570653,22.7003779236969
高雄市仁武區文武里33鄰文學九街30號,64,6401700,6401700-007,33鄰,文學九街,,,,,,30號,120.357073381999,22.7003516367812
高雄市仁武區文武里33鄰文學九街32號,64,6401700,6401700-007,33鄰,文學九街,,,,,,32號,120.357099469979,22.7002800561049
高雄市仁武區文武里33鄰文學九街36號,64,6401700,6401700-007,33鄰,文學九街,,,,,,36號,120.357128088361,22.7002168570251
高雄市仁武區文武里33鄰文學九街38號,64,6401700,6401700-007,33鄰,文學九街,,,,,,38號,120.357158001198,22.7001536631396
