FULL_ADDR,COUNTY,TOWN,VILLAGE,NEIGHBORHOOD,ROAD,SECTION,LANE,ALLEY,SUB_ALLEY,TONG,NUMBER,X,Y
高雄市岡山區華崗里8鄰拕子北街1號,64,6401900,6401900-028,8鄰,拕子北街,,,,,,1號,120.324551690438,22.8263978307518
高雄市岡山區華崗里7鄰拕子北街39之1號,64,6401900,6401900-028,7鄰,拕子北街,,,,,,39之1號,120.322831545692,22.8268297719161
高雄市岡山區華崗里6鄰拕子北街61號,64,6401900,6401900-028,6鄰,拕子北街,,,,,,61號,120.322104153048,22.8268595495415
高雄市岡山區華崗里6鄰拕子北街63號,64,6401900,6401900-028,6鄰,拕子北街,,,,,,63號,120.322065917099,22.8268690494679
高雄市岡山區華崗里6鄰拕子北街65號,64,6401900,6401900-028,6鄰,拕子北街,,,,,,65號,120.322030021876,22.8268780175164
高雄市岡山區華崗里6鄰拕子北街67號,64,6401900,6401900-028,6鄰,拕子北街,,,,,,67號,120.321991875286,22.826889143293
高雄市岡山區華崗里6鄰拕子北街89號,64,6401900,6401900-028,6鄰,拕子北街,,,,,,89號,120.321274087118,22.826926940942
