FULL_ADDR,COUNTY,TOWN,VILLAGE,NEIGHBORHOOD,ROAD,SECTION,LANE,ALLEY,SUB_ALLEY,TONG,NUMBER,X,Y
高雄市大寮區潮寮里10鄰潮順路11號,64,6401400,6401400-014,10鄰,潮順路,,,,,,11號,120.430811537732,22.5654654923635
高雄市大寮區潮寮里10鄰潮順路13號,64,6401400,6401400-014,10鄰,潮順路,,,,,,13號,120.430833199428,22.5655253988498
高雄市大寮區潮寮里10鄰潮順路15號,64,6401400,6401400-014,10鄰,潮順路,,,,,,15號,120.430941778537,22.565751944365
