FULL_ADDR,COUNTY,TOWN,VILLAGE,NEIGHBORHOOD,ROAD,SECTION,LANE,ALLEY,SUB_ALLEY,TONG,NUMBER,X,Y
高雄市仁武區文武里32鄰文中四街70號,64,6401700,6401700-007,32鄰,文中四街,,,,,,70號,120.354703954676,22.6996787056539
高雄市仁武區文武里32鄰文中四街72號,64,6401700,6401700-007,32鄰,文中四街,,,,,,72號,120.354743009056,22.6996942152885
高雄市仁武區文武里32鄰文中四街76號,64,6401700,6401700-007,32鄰,文中四街,,,,,,76號,120.354784241062,22.699701967316
高雄市仁武區文武里32鄰文中四街78號,64,6401700,6401700-007,32鄰,文中四街,,,,,,78號,120.354839726315,22.6997213360622
高雄市仁武區文武里32鄰文中四街80號,64,6401700,6401700-007,32鄰,文中四街,,,,,,80號,120.354895327097,22.6997368220658
