FULL_ADDR,COUNTY,TOWN,VILLAGE,NEIGHBORHOOD,ROAD,SECTION,LANE,ALLEY,SUB_ALLEY,TONG,NUMBER,X,Y
高雄市前鎮區鎮北里1鄰東十四街1號,64,6400900,6400900-023,1鄰,東十四街,,,,,,1號,120.288576367973,22.6063758684552
高雄市前鎮區鎮北里1鄰東十四街1之2號,64,6400900,6400900-023,1鄰,東十四街,,,,,,1之2號,120.288576367973,22.6063758684552
高雄市前鎮區鎮北里1鄰東十四街1之3號,64,6400900,6400900-023,1鄰,東十四街,,,,,,1之3號,120.288576367973,22.6063758684552
高雄市前鎮區鎮北里1鄰東十四街2號,64,6400900,6400900-023,1鄰,東十四街,,,,,,2號,120.28831986201,22.6062625432328
高雄市前鎮區鎮北里1鄰東十四街2之2號,64,6400900,6400900-023,1鄰,東十四街,,,,,,2之2號,120.28831986201,22.6062625432328
高雄市前鎮區鎮北里1鄰東十四街2之3號,64,6400900,6400900-023,1鄰,東十四街,,,,,,2之3號,120.28831986201,22.6062625432328
