FULL_ADDR,COUNTY,TOWN,VILLAGE,NEIGHBORHOOD,ROAD,SECTION,LANE,ALLEY,SUB_ALLEY,TONG,NUMBER,X,Y
高雄市林園區廣應里33鄰清水嚴路251巷7號,64,6401300,6401300-022,33鄰,清水嚴路,,251巷,,,,7號,120.38766777159,22.5224963020768
高雄市林園區廣應里34鄰清水嚴路265巷10號,64,6401300,6401300-022,34鄰,清水嚴路,,265巷,,,,10號,120.387234280942,22.5222862193842
高雄市林園區廣應里34鄰清水嚴路269號,64,6401300,6401300-022,34鄰,清水嚴路,,,,,,269號,120.387142074815,22.5226291332772
高雄市林園區王公里5鄰清水嚴路17號,64,6401300,6401300-013,5鄰,清水嚴路,,,,,,17號,120.394876440067,22.5169807395293
高雄市林園區王公里5鄰清水嚴路35號,64,6401300,6401300-013,5鄰,清水嚴路,,,,,,35號,120.394610411367,22.517222581158
高雄市林園區王公里5鄰清水嚴路41號,64,6401300,6401300-013,5鄰,清水嚴路,,,,,,41號,120.394520241881,22.517303791378
高雄市林園區王公里5鄰清水嚴路139號,64,6401300,6401300-013,5鄰,清水嚴路,,,,,,139號,120.394556699533,22.5172799965109
