FULL_ADDR,COUNTY,TOWN,VILLAGE,NEIGHBORHOOD,ROAD,SECTION,LANE,ALLEY,SUB_ALLEY,TONG,NUMBER,X,Y
高雄市大寮區後庄里17鄰民華街3號,64,6401400,6401400-010,17鄰,民華街,,,,,,3號,120.382511394851,22.6303040698145
高雄市大寮區後庄里17鄰民華街5號,64,6401400,6401400-010,17鄰,民華街,,,,,,5號,120.382498974814,22.6304732679188
高雄市大寮區後庄里17鄰民華街11號,64,6401400,6401400-010,17鄰,民華街,,,,,,11號,120.38201687621,22.6314362329091
高雄市大寮區後庄里17鄰民華街55號,64,6401400,6401400-010,17鄰,民華街,,,,,,55號,120.380885215123,22.6326948412973
