FULL_ADDR,COUNTY,TOWN,VILLAGE,NEIGHBORHOOD,ROAD,SECTION,LANE,ALLEY,SUB_ALLEY,TONG,NUMBER,X,Y
高雄市岡山區本洲里10鄰本工西一路1號,64,6401900,6401900-025,10鄰,本工西一路,,,,,,1號,120.269596577121,22.8131045992294
高雄市岡山區本洲里10鄰本工西一路3號,64,6401900,6401900-025,10鄰,本工西一路,,,,,,3號,120.270225106983,22.8141942004528
高雄市岡山區本洲里10鄰本工西一路11號,64,6401900,6401900-025,10鄰,本工西一路,,,,,,11號,120.270650287872,22.814563414327
