FULL_ADDR,COUNTY,TOWN,VILLAGE,NEIGHBORHOOD,ROAD,SECTION,LANE,ALLEY,SUB_ALLEY,TONG,NUMBER,X,Y
高雄市永安區維新里13鄰永工七路1號,64,6402700,6402700-006,13鄰,永工七路,,,,,,1號,120.253524825644,22.8166955027646
高雄市永安區維新里13鄰永工七路3號,64,6402700,6402700-006,13鄰,永工七路,,,,,,3號,120.252932019764,22.8166745558886
高雄市永安區維新里13鄰永工七路6號,64,6402700,6402700-006,13鄰,永工七路,,,,,,6號,120.252337965255,22.8174212845783
