FULL_ADDR,COUNTY,TOWN,VILLAGE,NEIGHBORHOOD,ROAD,SECTION,LANE,ALLEY,SUB_ALLEY,TONG,NUMBER,X,Y
高雄市旗山區三協里14鄰成功四街1號,64,6403000,6403000-016,14鄰,成功四街,,,,,,1號,120.465149155801,22.8800805115856
高雄市旗山區三協里14鄰成功四街2號,64,6403000,6403000-016,14鄰,成功四街,,,,,,2號,120.46520275896,22.8799660664823
高雄市旗山區三協里14鄰成功四街3號,64,6403000,6403000-016,14鄰,成功四街,,,,,,3號,120.465250543723,22.879864045957
高雄市旗山區三協里14鄰成功四街4號,64,6403000,6403000-016,14鄰,成功四街,,,,,,4號,120.465296569186,22.8797657762283
高雄市旗山區三協里14鄰成功四街5號,64,6403000,6403000-016,14鄰,成功四街,,,,,,5號,120.465342103081,22.8796685794726
高雄市旗山區三協里14鄰成功四街7號,64,6403000,6403000-016,14鄰,成功四街,,,,,,7號,120.465436237226,22.8794675948553
高雄市旗山區三協里14鄰成功四街8號,64,6403000,6403000-016,14鄰,成功四街,,,,,,8號,120.465485358311,22.8793627070091
高雄市旗山區三協里14鄰成功四街9號,64,6403000,6403000-016,14鄰,成功四街,,,,,,9號,120.465531088581,22.8792650683509
