FULL_ADDR,COUNTY,TOWN,VILLAGE,NEIGHBORHOOD,ROAD,SECTION,LANE,ALLEY,SUB_ALLEY,TONG,NUMBER,X,Y
高雄市前鎮區明正里29鄰明龍街1號,64,6400900,6400900-003,29鄰,明龍街,,,,,,1號,120.337368096314,22.5856503343177
高雄市前鎮區明正里29鄰明龍街57號,64,6400900,6400900-003,29鄰,明龍街,,,,,,57號,120.337621594127,22.5864282342833
高雄市前鎮區明正里29鄰明龍街61號,64,6400900,6400900-003,29鄰,明龍街,,,,,,61號,120.337636398018,22.5865253761721
高雄市前鎮區明正里29鄰明龍街63號,64,6400900,6400900-003,29鄰,明龍街,,,,,,63號,120.337661474586,22.5866402065519
高雄市前鎮區明正里29鄰明龍街67號,64,6400900,6400900-003,29鄰,明龍街,,,,,,67號,120.337675550446,22.5867086004728
高雄市前鎮區明正里30鄰明龍街69號,64,6400900,6400900-003,30鄰,明龍街,,,,,,69號,120.337713458636,22.5868530776023
高雄市鳳山區南成里34鄰明龍街26號,64,6401200,6401200-055,34鄰,明龍街,,,,,,26號,120.338356883695,22.5883268244483
高雄市鳳山區南成里31鄰明龍街127號,64,6401200,6401200-055,31鄰,明龍街,,,,,,127號,120.338112653039,22.5881927317274
高雄市鳳山區南成里31鄰明龍街129號,64,6401200,6401200-055,31鄰,明龍街,,,,,,129號,120.338123861916,22.5882363694659
