FULL_ADDR,COUNTY,TOWN,VILLAGE,NEIGHBORHOOD,ROAD,SECTION,LANE,ALLEY,SUB_ALLEY,TONG,NUMBER,X,Y
高雄市岡山區本洲里10鄰本工南一路1號,64,6401900,6401900-025,10鄰,本工南一路,,,,,,1號,120.272881146031,22.8056165841685
高雄市岡山區本洲里10鄰本工南一路2號,64,6401900,6401900-025,10鄰,本工南一路,,,,,,2號,120.272836354072,22.8050448429717
高雄市岡山區本洲里10鄰本工南一路3號,64,6401900,6401900-025,10鄰,本工南一路,,,,,,3號,120.272390047623,22.805101595019
高雄市岡山區本洲里10鄰本工南一路5號,64,6401900,6401900-025,10鄰,本工南一路,,,,,,5號,120.271827589717,22.8051081479219
高雄市岡山區本洲里10鄰本工南一路6號,64,6401900,6401900-025,10鄰,本工南一路,,,,,,6號,120.271805893717,22.8041685213276
高雄市岡山區本洲里10鄰本工南一路6之1號,64,6401900,6401900-025,10鄰,本工南一路,,,,,,6之1號,120.270428231567,22.8034005234811
高雄市岡山區本洲里10鄰本工南一路8號,64,6401900,6401900-025,10鄰,本工南一路,,,,,,8號,120.269676205147,22.805238460126
高雄市岡山區本洲里10鄰本工南一路18號,64,6401900,6401900-025,10鄰,本工南一路,,,,,,18號,120.267864177056,22.8062434549804
