FULL_ADDR,COUNTY,TOWN,VILLAGE,NEIGHBORHOOD,ROAD,SECTION,LANE,ALLEY,SUB_ALLEY,TONG,NUMBER,X,Y
高雄市大寮區潮寮里10鄰潮仁路40號,64,6401400,6401400-014,10鄰,潮仁路,,,,,,40號,120.430405569601,22.5664128419674
高雄市大寮區潮寮里10鄰潮仁路42號,64,6401400,6401400-014,10鄰,潮仁路,,,,,,42號,120.430488645993,22.5663806250312
高雄市大寮區潮寮里10鄰潮仁路48號,64,6401400,6401400-014,10鄰,潮仁路,,,,,,48號,120.430571876026,22.5663583425972
高雄市大寮區潮寮里10鄰潮仁路50號,64,6401400,6401400-014,10鄰,潮仁路,,,,,,50號,120.430644215534,22.5663360215481
高雄市大寮區潮寮里11鄰潮仁路51號,64,6401400,6401400-014,11鄰,潮仁路,,,,,,51號,120.430894832691,22.5664460023905
高雄市大寮區潮寮里11鄰潮仁路53號,64,6401400,6401400-014,11鄰,潮仁路,,,,,,53號,120.431145088286,22.5663834911645
高雄市大寮區潮寮里11鄰潮仁路78號,64,6401400,6401400-014,11鄰,潮仁路,,,,,,78號,120.431208089175,22.5661013174894
