FULL_ADDR,COUNTY,TOWN,VILLAGE,NEIGHBORHOOD,ROAD,SECTION,LANE,ALLEY,SUB_ALLEY,TONG,NUMBER,X,Y
高雄市小港區山明里1鄰沿海二路2號,64,6401100,6401100-022,1鄰,沿海二路,,,,,,2號,120.370838089337,22.5431692348048
高雄市小港區山明里1鄰沿海二路2之1號,64,6401100,6401100-022,1鄰,沿海二路,,,,,,2之1號,120.370989101422,22.542879871259
高雄市小港區山明里1鄰沿海二路4號,64,6401100,6401100-022,1鄰,沿海二路,,,,,,4號,120.369347630318,22.5452947370987
高雄市小港區山明里1鄰沿海二路10號,64,6401100,6401100-022,1鄰,沿海二路,,,,,,10號,120.366285524204,22.5496356666142
高雄市小港區山明里1鄰沿海二路12號,64,6401100,6401100-022,1鄰,沿海二路,,,,,,12號,120.365709056611,22.5504733629779
高雄市小港區山明里1鄰沿海二路20號,64,6401100,6401100-022,1鄰,沿海二路,,,,,,20號,120.363759799262,22.5529672903159
