FULL_ADDR,COUNTY,TOWN,VILLAGE,NEIGHBORHOOD,ROAD,SECTION,LANE,ALLEY,SUB_ALLEY,TONG,NUMBER,X,Y
高雄市小港區松金里1鄰松園一路51號,64,6401100,6401100-024,1鄰,松園一路,,,,,,51號,120.369135923969,22.5696582059873
高雄市小港區松金里1鄰松園一路53號,64,6401100,6401100-024,1鄰,松園一路,,,,,,53號,120.369130953976,22.5697246805179
高雄市小港區松金里1鄰松園一路55號,64,6401100,6401100-024,1鄰,松園一路,,,,,,55號,120.369131997235,22.5697945832743
高雄市小港區松金里1鄰松園一路57號,64,6401100,6401100-024,1鄰,松園一路,,,,,,57號,120.369132653186,22.5698641232765
高雄市小港區松金里1鄰松園一路59號,64,6401100,6401100-024,1鄰,松園一路,,,,,,59號,120.369135937851,22.5699329511289
高雄市小港區松金里1鄰松園一路102號,64,6401100,6401100-024,1鄰,松園一路,,,,,,102號,120.369588178452,22.5708144191158
