FULL_ADDR,COUNTY,TOWN,VILLAGE,NEIGHBORHOOD,ROAD,SECTION,LANE,ALLEY,SUB_ALLEY,TONG,NUMBER,X,Y
高雄市大寮區會結里10鄰會春街88之1號,64,6401400,6401400-015,10鄰,會春街,,,,,,88之1號,120.417335789342,22.5554009506351
高雄市大寮區會結里10鄰會春街102號,64,6401400,6401400-015,10鄰,會春街,,,,,,102號,120.417589011217,22.5562033609768
高雄市大寮區會結里10鄰會春街182之1號,64,6401400,6401400-015,10鄰,會春街,,,,,,182之1號,120.419183209069,22.5569459586791
高雄市大寮區會結里10鄰會春街186之1號,64,6401400,6401400-015,10鄰,會春街,,,,,,186之1號,120.419293124282,22.556981937425
高雄市大寮區會結里10鄰會春街192之1號,64,6401400,6401400-015,10鄰,會春街,,,,,,192之1號,120.419587162953,22.5571419429908
