FULL_ADDR,COUNTY,TOWN,VILLAGE,NEIGHBORHOOD,ROAD,SECTION,LANE,ALLEY,SUB_ALLEY,TONG,NUMBER,X,Y
高雄市岡山區本洲里10鄰本工七路1號,64,6401900,6401900-025,10鄰,本工七路,,,,,,1號,120.266900432449,22.8078671235556
高雄市岡山區本洲里10鄰本工七路2號,64,6401900,6401900-025,10鄰,本工七路,,,,,,2號,120.268338504716,22.8078518222147
高雄市岡山區本洲里10鄰本工七路6號,64,6401900,6401900-025,10鄰,本工七路,,,,,,6號,120.26775022543,22.80824615336
高雄市岡山區本洲里10鄰本工七路8號,64,6401900,6401900-025,10鄰,本工七路,,,,,,8號,120.267219383448,22.8083163188879
高雄市岡山區本洲里10鄰本工七路10號,64,6401900,6401900-025,10鄰,本工七路,,,,,,10號,120.266977486826,22.8084850692723
高雄市岡山區本洲里10鄰本工七路16號,64,6401900,6401900-025,10鄰,本工七路,,,,,,16號,120.266587061972,22.8085631296961
高雄市岡山區本洲里10鄰本工七路20號,64,6401900,6401900-025,10鄰,本工七路,,,,,,20號,120.266074714558,22.8086862676973
