FULL_ADDR,COUNTY,TOWN,VILLAGE,NEIGHBORHOOD,ROAD,SECTION,LANE,ALLEY,SUB_ALLEY,TONG,NUMBER,X,Y
高雄市仁武區文武里32鄰文學六街9號,64,6401700,6401700-007,32鄰,文學六街,,,,,,9號,120.355188384966,22.7001330952098
高雄市仁武區文武里32鄰文學六街11號,64,6401700,6401700-007,32鄰,文學六街,,,,,,11號,120.355220111387,22.7000506827088
高雄市仁武區文武里32鄰文學六街33號,64,6401700,6401700-007,32鄰,文學六街,,,,,,33號,120.355482660273,22.6994582445972
高雄市仁武區文武里32鄰文學六街35號,64,6401700,6401700-007,32鄰,文學六街,,,,,,35號,120.35551091351,22.6993899961938
高雄市仁武區文武里32鄰文學六街37號,64,6401700,6401700-007,32鄰,文學六街,,,,,,37號,120.355540633411,22.6993203087834
