FULL_ADDR,COUNTY,TOWN,VILLAGE,NEIGHBORHOOD,ROAD,SECTION,LANE,ALLEY,SUB_ALLEY,TONG,NUMBER,X,Y
高雄市大社區保安里1鄰文福街27號,64,6401600,6401600-009,1鄰,文福街,,,,,,27號,120.349321606393,22.7339022504327
高雄市大社區保安里1鄰文福街29號,64,6401600,6401600-009,1鄰,文福街,,,,,,29號,120.349319569108,22.7339418865935
高雄市大社區保安里1鄰文福街31號,64,6401600,6401600-009,1鄰,文福街,,,,,,31號,120.34931576467,22.733974354272
高雄市大社區保安里1鄰文福街33號,64,6401600,6401600-009,1鄰,文福街,,,,,,33號,120.34931383499,22.7340118235198
高雄市大社區保安里1鄰文福街35號,64,6401600,6401600-009,1鄰,文福街,,,,,,35號,120.349315148481,22.7340407991201
高雄市大社區保安里1鄰文福街37號,64,6401600,6401600-009,1鄰,文福街,,,,,,37號,120.34931332427,22.7340765529777
高雄市大社區保安里1鄰文福街37之1號,64,6401600,6401600-009,1鄰,文福街,,,,,,37之1號,120.349312729888,22.7341198704772
