FULL_ADDR,COUNTY,TOWN,VILLAGE,NEIGHBORHOOD,ROAD,SECTION,LANE,ALLEY,SUB_ALLEY,TONG,NUMBER,X,Y
高雄市旗山區三協里14鄰成功三街1號,64,6403000,6403000-016,14鄰,成功三街,,,,,,1號,120.465280157397,22.8801240190218
高雄市旗山區三協里14鄰成功三街2號,64,6403000,6403000-016,14鄰,成功三街,,,,,,2號,120.465329367269,22.8800189509245
高雄市旗山區三協里14鄰成功三街3號,64,6403000,6403000-016,14鄰,成功三街,,,,,,3號,120.465376346075,22.8799186434647
高雄市旗山區三協里14鄰成功三街4號,64,6403000,6403000-016,14鄰,成功三街,,,,,,4號,120.465421948859,22.8798212753382
高雄市旗山區三協里14鄰成功三街5號,64,6403000,6403000-016,14鄰,成功三街,,,,,,5號,120.465469782489,22.8797191646
高雄市旗山區三協里14鄰成功三街6號,64,6403000,6403000-016,14鄰,成功三街,,,,,,6號,120.465516515387,22.87961938004
高雄市旗山區三協里14鄰成功三街7號,64,6403000,6403000-016,14鄰,成功三街,,,,,,7號,120.465564525818,22.879516881547
高雄市旗山區三協里14鄰成功三街8號,64,6403000,6403000-016,14鄰,成功三街,,,,,,8號,120.46561134703,22.8794169076086
高雄市旗山區三協里14鄰成功三街9號,64,6403000,6403000-016,14鄰,成功三街,,,,,,9號,120.465659632533,22.8793138139869
