FULL_ADDR,COUNTY,TOWN,VILLAGE,NEIGHBORHOOD,ROAD,SECTION,LANE,ALLEY,SUB_ALLEY,TONG,NUMBER,X,Y
高雄市大寮區忠義里47鄰果協路148號,64,6401400,6401400-018,47鄰,果協路,,,,,,148號,120.383548164339,22.6171401689827
高雄市大寮區忠義里47鄰果協路151之8號,64,6401400,6401400-018,47鄰,果協路,,,,,,151之8號,120.383198307985,22.6166088069874
