FULL_ADDR,COUNTY,TOWN,VILLAGE,NEIGHBORHOOD,ROAD,SECTION,LANE,ALLEY,SUB_ALLEY,TONG,NUMBER,X,Y
高雄市小港區松金里1鄰松園三路11號,64,6401100,6401100-024,1鄰,松園三路,,,,,,11號,120.366937750999,22.5710369970906
高雄市小港區松金里1鄰松園三路60號,64,6401100,6401100-024,1鄰,松園三路,,,,,,60號,120.367923879929,22.5696564154161
高雄市小港區松金里1鄰松園三路62號,64,6401100,6401100-024,1鄰,松園三路,,,,,,62號,120.367924776091,22.5697093938091
高雄市小港區松金里1鄰松園三路66號,64,6401100,6401100-024,1鄰,松園三路,,,,,,66號,120.367925662529,22.5697623721635
高雄市小港區松金里1鄰松園三路68號,64,6401100,6401100-024,1鄰,松園三路,,,,,,68號,120.367926548968,22.5698153505176
高雄市小港區松金里1鄰松園三路70號,64,6401100,6401100-024,1鄰,松園三路,,,,,,70號,120.367927435365,22.569868337902
高雄市小港區松金里1鄰松園三路72號,64,6401100,6401100-024,1鄰,松園三路,,,,,,72號,120.367928321804,22.5699213162554
高雄市小港區松金里1鄰松園三路76號,64,6401100,6401100-024,1鄰,松園三路,,,,,,76號,120.367929208242,22.5699742946085
