FULL_ADDR,COUNTY,TOWN,VILLAGE,NEIGHBORHOOD,ROAD,SECTION,LANE,ALLEY,SUB_ALLEY,TONG,NUMBER,X,Y
高雄市前鎮區明正里28鄰明鳳一街13號,64,6400900,6400900-003,28鄰,明鳳一街,,,,,,13號,120.338316420068,22.5842563689075
高雄市前鎮區明正里28鄰明鳳一街15號,64,6400900,6400900-003,28鄰,明鳳一街,,,,,,15號,120.338320884714,22.5842907945673
