FULL_ADDR,COUNTY,TOWN,VILLAGE,NEIGHBORHOOD,ROAD,SECTION,LANE,ALLEY,SUB_ALLEY,TONG,NUMBER,X,Y
高雄市前鎮區鎮北里1鄰東十三街1號,64,6400900,6400900-023,1鄰,東十三街,,,,,,1號,120.288996355921,22.6061939275753
高雄市前鎮區鎮北里1鄰東十三街1之2號,64,6400900,6400900-023,1鄰,東十三街,,,,,,1之2號,120.288996355921,22.6061939275753
高雄市前鎮區鎮北里1鄰東十三街1之3號,64,6400900,6400900-023,1鄰,東十三街,,,,,,1之3號,120.288996355921,22.6061939275753
高雄市前鎮區鎮北里1鄰東十三街2號,64,6400900,6400900-023,1鄰,東十三街,,,,,,2號,120.288614352439,22.6059893426882
高雄市前鎮區鎮北里1鄰東十三街2之2號,64,6400900,6400900-023,1鄰,東十三街,,,,,,2之2號,120.288614352439,22.6059893426882
高雄市前鎮區鎮北里1鄰東十三街2之3號,64,6400900,6400900-023,1鄰,東十三街,,,,,,2之3號,120.288614352439,22.6059893426882
