FULL_ADDR,COUNTY,TOWN,VILLAGE,NEIGHBORHOOD,ROAD,SECTION,LANE,ALLEY,SUB_ALLEY,TONG,NUMBER,X,Y
高雄市前鎮區仁愛里1鄰新福路3號,64,6400900,6400900-005,1鄰,新福路,,,,,,3號,120.317541343494,22.5794828939297
高雄市前鎮區仁愛里1鄰新福路5號,64,6400900,6400900-005,1鄰,新福路,,,,,,5號,120.31738573752,22.5796809186362
高雄市前鎮區仁愛里1鄰新福路7號,64,6400900,6400900-005,1鄰,新福路,,,,,,7號,120.317132280379,22.5797944509965
高雄市前鎮區仁愛里1鄰新福路11號,64,6400900,6400900-005,1鄰,新福路,,,,,,11號,120.316865920187,22.5802014999154
高雄市前鎮區仁愛里1鄰新福路17號,64,6400900,6400900-005,1鄰,新福路,,,,,,17號,120.31634739447,22.580895087065
高雄市前鎮區仁愛里1鄰新福路19號,64,6400900,6400900-005,1鄰,新福路,,,,,,19號,120.316190243078,22.5810903044022
高雄市前鎮區仁愛里1鄰新福路21號,64,6400900,6400900-005,1鄰,新福路,,,,,,21號,120.316073640932,22.5812918983135
