FULL_ADDR,COUNTY,TOWN,VILLAGE,NEIGHBORHOOD,ROAD,SECTION,LANE,ALLEY,SUB_ALLEY,TONG,NUMBER,X,Y
高雄市仁武區文武里40鄰文教一街7號,64,6401700,6401700-007,40鄰,文教一街,,,,,,7號,120.350054051521,22.6983620890445
高雄市仁武區文武里40鄰文教一街8號,64,6401700,6401700-007,40鄰,文教一街,,,,,,8號,120.349863241431,22.6982887976702
高雄市仁武區文武里40鄰文教一街9號,64,6401700,6401700-007,40鄰,文教一街,,,,,,9號,120.350067751391,22.6983258414016
