FULL_ADDR,COUNTY,TOWN,VILLAGE,NEIGHBORHOOD,ROAD,SECTION,LANE,ALLEY,SUB_ALLEY,TONG,NUMBER,X,Y
高雄市小港區港口里24鄰玉豐街1號,64,6401100,6401100-002,24鄰,玉豐街,,,,,,1號,120.330298262046,22.5660128751805
高雄市小港區港口里24鄰玉豐街1之1號,64,6401100,6401100-002,24鄰,玉豐街,,,,,,1之1號,120.330435610454,22.5658614591236
高雄市小港區港口里24鄰玉豐街4號,64,6401100,6401100-002,24鄰,玉豐街,,,,,,4號,120.329349283995,22.5656607820202
