FULL_ADDR,COUNTY,TOWN,VILLAGE,NEIGHBORHOOD,ROAD,SECTION,LANE,ALLEY,SUB_ALLEY,TONG,NUMBER,X,Y
高雄市仁武區灣內里1鄰灣內街17號,64,6401700,6401700-002,1鄰,灣內街,,,,,,17號,120.351747275198,22.6867611061244
高雄市仁武區灣內里1鄰灣內街19號,64,6401700,6401700-002,1鄰,灣內街,,,,,,19號,120.351656901836,22.6868770553357
高雄市仁武區灣內里1鄰灣內街21號,64,6401700,6401700-002,1鄰,灣內街,,,,,,21號,120.351641279713,22.6869085091485
