FULL_ADDR,COUNTY,TOWN,VILLAGE,NEIGHBORHOOD,ROAD,SECTION,LANE,ALLEY,SUB_ALLEY,TONG,NUMBER,X,Y
高雄市鳥松區仁美里13鄰美勝三街12號,64,6401800,6401800-005,13鄰,美勝三街,,,,,,12號,120.391399822763,22.6521176516969
高雄市鳥松區仁美里13鄰美勝三街15號,64,6401800,6401800-005,13鄰,美勝三街,,,,,,15號,120.39132058138,22.6524094510386
高雄市鳥松區仁美里13鄰美勝三街17號,64,6401800,6401800-005,13鄰,美勝三街,,,,,,17號,120.391401804323,22.6523810867845
高雄市鳥松區仁美里13鄰美勝三街19號,64,6401800,6401800-005,13鄰,美勝三街,,,,,,19號,120.391475307972,22.6523491079648
高雄市鳥松區仁美里13鄰美勝三街25號,64,6401800,6401800-005,13鄰,美勝三街,,,,,,25號,120.39166716239,22.6522801458155
高雄市鳥松區仁美里13鄰美勝三街27號,64,6401800,6401800-005,13鄰,美勝三街,,,,,,27號,120.391776147546,22.6522377897055
高雄市鳥松區仁美里13鄰美勝三街29號,64,6401800,6401800-005,13鄰,美勝三街,,,,,,29號,120.391892167421,22.652197609534
