FULL_ADDR,COUNTY,TOWN,VILLAGE,NEIGHBORHOOD,ROAD,SECTION,LANE,ALLEY,SUB_ALLEY,TONG,NUMBER,X,Y
高雄市永安區新港里1鄰石斑路121號,64,6402700,6402700-003,1鄰,石斑路,,,,,,121號,120.209783878494,22.8166103186471
高雄市永安區新港里1鄰石斑路320之1號,64,6402700,6402700-003,1鄰,石斑路,,,,,,320之1號,120.21018412809,22.816484523375
高雄市永安區新港里5鄰石斑路486之1號,64,6402700,6402700-003,5鄰,石斑路,,,,,,486之1號,120.208576683127,22.8207034058239
