FULL_ADDR,COUNTY,TOWN,VILLAGE,NEIGHBORHOOD,ROAD,SECTION,LANE,ALLEY,SUB_ALLEY,TONG,NUMBER,X,Y
高雄市鳥松區夢裡里10鄰琅環一街6之1號,64,6401800,6401800-002,10鄰,琅環一街,,,,,,6之1號,120.361408885373,22.6658951164814
高雄市鳥松區夢裡里10鄰琅環一街20號,64,6401800,6401800-002,10鄰,琅環一街,,,,,,20號,120.361206392841,22.6663987650812
高雄市鳥松區夢裡里10鄰琅環一街21號,64,6401800,6401800-002,10鄰,琅環一街,,,,,,21號,120.360991193399,22.6663428736299
高雄市鳥松區夢裡里10鄰琅環一街22號,64,6401800,6401800-002,10鄰,琅環一街,,,,,,22號,120.361187132776,22.6664393265091
高雄市鳥松區夢裡里10鄰琅環一街23號,64,6401800,6401800-002,10鄰,琅環一街,,,,,,23號,120.360956888943,22.6664129777099
高雄市鳥松區夢裡里10鄰琅環一街26號,64,6401800,6401800-002,10鄰,琅環一街,,,,,,26號,120.361174774301,22.6664814506782
高雄市鳥松區夢裡里10鄰琅環一街28號,64,6401800,6401800-002,10鄰,琅環一街,,,,,,28號,120.361159205145,22.6665234717351
高雄市鳥松區夢裡里10鄰琅環一街30號,64,6401800,6401800-002,10鄰,琅環一街,,,,,,30號,120.361135039317,22.6665517318163
