FULL_ADDR,COUNTY,TOWN,VILLAGE,NEIGHBORHOOD,ROAD,SECTION,LANE,ALLEY,SUB_ALLEY,TONG,NUMBER,X,Y
高雄市阿蓮區玉庫里10鄰玉崑十六街28號,64,6402300,6402300-011,10鄰,玉崑十六街,,,,,,28號,120.309659988492,22.8373454000985
高雄市阿蓮區玉庫里10鄰玉崑十六街30號,64,6402300,6402300-011,10鄰,玉崑十六街,,,,,,30號,120.309523581938,22.8373391466723
高雄市阿蓮區玉庫里10鄰玉崑十六街60號,64,6402300,6402300-011,10鄰,玉崑十六街,,,,,,60號,120.309062230055,22.8371599772366
高雄市阿蓮區玉庫里10鄰玉崑十六街90號,64,6402300,6402300-011,10鄰,玉崑十六街,,,,,,90號,120.308450618985,22.8372136005092
高雄市阿蓮區玉庫里10鄰玉崑十六街91號,64,6402300,6402300-011,10鄰,玉崑十六街,,,,,,91號,120.307936430226,22.8369446343221
高雄市阿蓮區玉庫里10鄰玉崑十六街150號,64,6402300,6402300-011,10鄰,玉崑十六街,,,,,,150號,120.307381806129,22.8372540630761
高雄市阿蓮區玉庫里10鄰玉崑十六街155號,64,6402300,6402300-011,10鄰,玉崑十六街,,,,,,155號,120.306667662924,22.836966993021
