FULL_ADDR,COUNTY,TOWN,VILLAGE,NEIGHBORHOOD,ROAD,SECTION,LANE,ALLEY,SUB_ALLEY,TONG,NUMBER,X,Y
高雄市橋頭區甲南里24鄰甲典街33巷3之2號,64,6402000,6402000-012,24鄰,甲典街,,33巷,,,,3之2號,120.292766607703,22.7377905875961
高雄市橋頭區甲南里25鄰甲典街60之1號,64,6402000,6402000-012,25鄰,甲典街,,,,,,60之1號,120.290906589645,22.7389105762167
