FULL_ADDR,COUNTY,TOWN,VILLAGE,NEIGHBORHOOD,ROAD,SECTION,LANE,ALLEY,SUB_ALLEY,TONG,NUMBER,X,Y
高雄市苓雅區奏捷里8鄰福成街2號,64,6400800,6400800-038,8鄰,福成街,,,,,,2號,120.324981938014,22.6256045142975
高雄市苓雅區奏捷里8鄰福成街2之1號,64,6400800,6400800-038,8鄰,福成街,,,,,,2之1號,120.325039802636,22.6256177439379
高雄市苓雅區奏捷里8鄰福成街2之2號,64,6400800,6400800-038,8鄰,福成街,,,,,,2之2號,120.32509516195,22.6256360382805
高雄市苓雅區奏捷里8鄰福成街2之3號,64,6400800,6400800-038,8鄰,福成街,,,,,,2之3號,120.325161265753,22.625645347086
高雄市苓雅區奏捷里8鄰福成街2之4號,64,6400800,6400800-038,8鄰,福成街,,,,,,2之4號,120.32521464522,22.6256726637761
高雄市苓雅區奏捷里8鄰福成街2之5號,64,6400800,6400800-038,8鄰,福成街,,,,,,2之5號,120.325094054059,22.6254644409693
高雄市苓雅區奏捷里8鄰福成街2之6號,64,6400800,6400800-038,8鄰,福成街,,,,,,2之6號,120.325201864037,22.6255010173618
高雄市苓雅區奏捷里8鄰福成街2之7號,64,6400800,6400800-038,8鄰,福成街,,,,,,2之7號,120.325287334884,22.6255284690124
