FULL_ADDR,COUNTY,TOWN,VILLAGE,NEIGHBORHOOD,ROAD,SECTION,LANE,ALLEY,SUB_ALLEY,TONG,NUMBER,X,Y
高雄市湖內區公舘里3鄰福生二街12號,64,6402500,6402500-004,3鄰,福生二街,,,,,,12號,120.227555805719,22.9061409173972
高雄市湖內區公舘里3鄰福生二街16號,64,6402500,6402500-004,3鄰,福生二街,,,,,,16號,120.227497630239,22.9061825530667
高雄市湖內區公舘里3鄰福生二街18號,64,6402500,6402500-004,3鄰,福生二街,,,,,,18號,120.227442334862,22.9062216561824
高雄市湖內區公舘里3鄰福生二街28號,64,6402500,6402500-004,3鄰,福生二街,,,,,,28號,120.227192456316,22.9062989140321
高雄市湖內區公舘里3鄰福生二街29號,64,6402500,6402500-004,3鄰,福生二街,,,,,,29號,120.227259005079,22.9059596996515
高雄市湖內區公舘里3鄰福生二街35號,64,6402500,6402500-004,3鄰,福生二街,,,,,,35號,120.227065303795,22.9060831042704
