FULL_ADDR,COUNTY,TOWN,VILLAGE,NEIGHBORHOOD,ROAD,SECTION,LANE,ALLEY,SUB_ALLEY,TONG,NUMBER,X,Y
高雄市鳳山區福祥里16鄰福誠一街1號,64,6401200,6401200-077,16鄰,福誠一街,,,,,,1號,120.325548740821,22.5927530371147
高雄市鳳山區福誠里30鄰福誠一街102號,64,6401200,6401200-049,30鄰,福誠一街,,,,,,102號,120.323696251848,22.5917019242219
高雄市鳳山區福誠里30鄰福誠一街106號,64,6401200,6401200-049,30鄰,福誠一街,,,,,,106號,120.323588505725,22.5916278337295
高雄市鳳山區福誠里31鄰福誠一街108號,64,6401200,6401200-049,31鄰,福誠一街,,,,,,108號,120.323480750036,22.5915537340955
高雄市鳳山區福誠里31鄰福誠一街110號,64,6401200,6401200-049,31鄰,福誠一街,,,,,,110號,120.323373004189,22.5914796344323
高雄市鳳山區福誠里31鄰福誠一街112號,64,6401200,6401200-049,31鄰,福誠一街,,,,,,112號,120.323265248733,22.591405534658
高雄市鳳山區福誠里31鄰福誠一街116號,64,6401200,6401200-049,31鄰,福誠一街,,,,,,116號,120.323157503119,22.5913314348545
高雄市鳳山區福誠里31鄰福誠一街118號,64,6401200,6401200-049,31鄰,福誠一街,,,,,,118號,120.323049747895,22.5912573349398
高雄市鳳山區福誠里31鄰福誠一街120號,64,6401200,6401200-049,31鄰,福誠一街,,,,,,120號,120.322941992788,22.591183234955
