FULL_ADDR,COUNTY,TOWN,VILLAGE,NEIGHBORHOOD,ROAD,SECTION,LANE,ALLEY,SUB_ALLEY,TONG,NUMBER,X,Y
高雄市湖內區大湖里1鄰環球北路55之1號,64,6402500,6402500-006,1鄰,環球北路,,,,,,55之1號,120.250787340015,22.8821554140718
高雄市湖內區大湖里4鄰環球北路66巷99號,64,6402500,6402500-006,4鄰,環球北路,,66巷,,,,99號,120.250004874499,22.8873380577149
高雄市湖內區大湖里4鄰環球北路66巷123號,64,6402500,6402500-006,4鄰,環球北路,,66巷,,,,123號,120.250550357875,22.8905977763027
