FULL_ADDR,COUNTY,TOWN,VILLAGE,NEIGHBORHOOD,ROAD,SECTION,LANE,ALLEY,SUB_ALLEY,TONG,NUMBER,X,Y
高雄市林園區溪州里17鄰石化一路1號,64,6401300,6401300-003,17鄰,石化一路,,,,,,1號,120.410588305509,22.5071918055089
高雄市林園區溪州里17鄰石化一路1之1號,64,6401300,6401300-003,17鄰,石化一路,,,,,,1之1號,120.412376599756,22.5072935523792
