FULL_ADDR,COUNTY,TOWN,VILLAGE,NEIGHBORHOOD,ROAD,SECTION,LANE,ALLEY,SUB_ALLEY,TONG,NUMBER,X,Y
高雄市楠梓區瑞屏里1鄰經二路3號,64,6400400,6400400-013,1鄰,經二路,,,,,,3號,120.307960396543,22.719635610751
高雄市楠梓區瑞屏里1鄰經二路11號,64,6400400,6400400-013,1鄰,經二路,,,,,,11號,120.307771381905,22.7200170574458
高雄市楠梓區瑞屏里1鄰經二路15號,64,6400400,6400400-013,1鄰,經二路,,,,,,15號,120.30658634308,22.7234737706989
高雄市楠梓區瑞屏里1鄰經二路85號,64,6400400,6400400-013,1鄰,經二路,,,,,,85號,120.307061966454,22.7217698017579
