FULL_ADDR,COUNTY,TOWN,VILLAGE,NEIGHBORHOOD,ROAD,SECTION,LANE,ALLEY,SUB_ALLEY,TONG,NUMBER,X,Y
高雄市燕巢區南燕里27鄰燕新五街51號,64,6402100,6402100-008,27鄰,燕新五街,,,,,,51號,120.357482449146,22.7891134036709
高雄市燕巢區南燕里27鄰燕新五街53號,64,6402100,6402100-008,27鄰,燕新五街,,,,,,53號,120.357546010374,22.7891255168095
高雄市燕巢區南燕里27鄰燕新五街55號,64,6402100,6402100-008,27鄰,燕新五街,,,,,,55號,120.357611410101,22.7891318758187
高雄市燕巢區南燕里27鄰燕新五街57號,64,6402100,6402100-008,27鄰,燕新五街,,,,,,57號,120.35768234081,22.7891405327766
高雄市燕巢區南燕里27鄰燕新五街59號,64,6402100,6402100-008,27鄰,燕新五街,,,,,,59號,120.357767286566,22.7890431187913
高雄市燕巢區南燕里27鄰燕新五街61號,64,6402100,6402100-008,27鄰,燕新五街,,,,,,61號,120.357820048321,22.7890486592358
