FULL_ADDR,COUNTY,TOWN,VILLAGE,NEIGHBORHOOD,ROAD,SECTION,LANE,ALLEY,SUB_ALLEY,TONG,NUMBER,X,Y
高雄市路竹區北嶺里10鄰路科九路6號,64,6402400,6402400-005,10鄰,路科九路,,,,,,6號,120.251016583429,22.8292308816118
高雄市路竹區北嶺里10鄰路科九路8號,64,6402400,6402400-005,10鄰,路科九路,,,,,,8號,120.250720808766,22.830400768027
高雄市路竹區後鄉里10鄰路科九路13號,64,6402400,6402400-004,10鄰,路科九路,,,,,,13號,120.247929429837,22.8373750497842
高雄市路竹區後鄉里10鄰路科九路17號,64,6402400,6402400-004,10鄰,路科九路,,,,,,17號,120.247319314545,22.8400983826065
高雄市路竹區後鄉里10鄰路科九路23號,64,6402400,6402400-004,10鄰,路科九路,,,,,,23號,120.247878760215,22.8418778053934
高雄市路竹區後鄉里10鄰路科九路36號,64,6402400,6402400-004,10鄰,路科九路,,,,,,36號,120.251640092751,22.843028748525
