FULL_ADDR,COUNTY,TOWN,VILLAGE,NEIGHBORHOOD,ROAD,SECTION,LANE,ALLEY,SUB_ALLEY,TONG,NUMBER,X,Y
高雄市小港區店鎮里17鄰茂大街3號,64,6401100,6401100-010,17鄰,茂大街,,,,,,3號,120.365729569038,22.5557656027081
高雄市小港區店鎮里17鄰茂大街3之1號,64,6401100,6401100-010,17鄰,茂大街,,,,,,3之1號,120.366337879932,22.5561397105005
高雄市小港區店鎮里17鄰茂大街4號,64,6401100,6401100-010,17鄰,茂大街,,,,,,4號,120.364886474401,22.555157262714
高雄市小港區店鎮里17鄰茂大街5號,64,6401100,6401100-010,17鄰,茂大街,,,,,,5號,120.362737326788,22.5553626471052
高雄市小港區店鎮里6鄰茂大街6號,64,6401100,6401100-010,6鄰,茂大街,,,,,,6號,120.363179861068,22.5546330824123
高雄市小港區店鎮里6鄰茂大街6之1號,64,6401100,6401100-010,6鄰,茂大街,,,,,,6之1號,120.363448570296,22.5541101766281
