FULL_ADDR,COUNTY,TOWN,VILLAGE,NEIGHBORHOOD,ROAD,SECTION,LANE,ALLEY,SUB_ALLEY,TONG,NUMBER,X,Y
高雄市大寮區過溪里9鄰華七街1之1號,64,6401400,6401400-013,9鄰,華七街,,,,,,1之1號,120.418520547391,22.5822472243712
高雄市大寮區過溪里9鄰華七街2號,64,6401400,6401400-013,9鄰,華七街,,,,,,2號,120.418265144677,22.5825083759222
高雄市大寮區過溪里9鄰華七街20之1號,64,6401400,6401400-013,9鄰,華七街,,,,,,20之1號,120.418293539314,22.5815823620477
高雄市大寮區過溪里9鄰華七街27號,64,6401400,6401400-013,9鄰,華七街,,,,,,27號,120.418639081358,22.5805119180849
高雄市大寮區過溪里9鄰華七街42之1號,64,6401400,6401400-013,9鄰,華七街,,,,,,42之1號,120.418305945488,22.5809066171589
高雄市大寮區過溪里9鄰華七街66號,64,6401400,6401400-013,9鄰,華七街,,,,,,66號,120.418172789545,22.5800228335861
高雄市大寮區過溪里9鄰華七街128號,64,6401400,6401400-013,9鄰,華七街,,,,,,128號,120.417809400932,22.5785100095678
