FULL_ADDR,COUNTY,TOWN,VILLAGE,NEIGHBORHOOD,ROAD,SECTION,LANE,ALLEY,SUB_ALLEY,TONG,NUMBER,X,Y
高雄市路竹區後鄉里10鄰路科十路11號,64,6402400,6402400-004,10鄰,路科十路,,,,,,11號,120.250118229794,22.837818828938
高雄市路竹區竹南里23鄰路科十路1號,64,6402400,6402400-019,23鄰,路科十路,,,,,,1號,120.26257373927,22.8412371989707
高雄市路竹區竹南里23鄰路科十路9號,64,6402400,6402400-019,23鄰,路科十路,,,,,,9號,120.256643925868,22.8399516957415
