FULL_ADDR,COUNTY,TOWN,VILLAGE,NEIGHBORHOOD,ROAD,SECTION,LANE,ALLEY,SUB_ALLEY,TONG,NUMBER,X,Y
高雄市鳥松區華美里18鄰華榮三街2之1號,64,6401800,6401800-007,18鄰,華榮三街,,,,,,2之1號,120.39497659432,22.6591677259707
高雄市鳥松區華美里18鄰華榮三街6號,64,6401800,6401800-007,18鄰,華榮三街,,,,,,6號,120.39488674805,22.659235803793
高雄市鳥松區華美里14鄰華榮三街16號,64,6401800,6401800-007,14鄰,華榮三街,,,,,,16號,120.394328298243,22.6592489468853
