FULL_ADDR,COUNTY,TOWN,VILLAGE,NEIGHBORHOOD,ROAD,SECTION,LANE,ALLEY,SUB_ALLEY,TONG,NUMBER,X,Y
高雄市前鎮區明孝里26鄰興漁四路2號,64,6400900,6400900-002,26鄰,興漁四路,,,,,,2號,120.318925886285,22.5676490908779
高雄市前鎮區明孝里26鄰興漁四路3號,64,6400900,6400900-002,26鄰,興漁四路,,,,,,3號,120.318477747717,22.567548259376
高雄市前鎮區明孝里26鄰興漁四路4號,64,6400900,6400900-002,26鄰,興漁四路,,,,,,4號,120.31855054012,22.5680130838118
高雄市前鎮區明孝里26鄰興漁四路5號,64,6400900,6400900-002,26鄰,興漁四路,,,,,,5號,120.318227316994,22.5679349968114
高雄市前鎮區明孝里26鄰興漁四路7號,64,6400900,6400900-002,26鄰,興漁四路,,,,,,7號,120.317999095261,22.5681574047948
