FULL_ADDR,COUNTY,TOWN,VILLAGE,NEIGHBORHOOD,ROAD,SECTION,LANE,ALLEY,SUB_ALLEY,TONG,NUMBER,X,Y
高雄市大社區三奶里15鄰興工路1號,64,6401600,6401600-005,15鄰,興工路,,,,,,1號,120.341323793548,22.7241523140574
高雄市大社區三奶里15鄰興工路1之3號,64,6401600,6401600-005,15鄰,興工路,,,,,,1之3號,120.339974528909,22.7269568995111
高雄市大社區三奶里15鄰興工路2號,64,6401600,6401600-005,15鄰,興工路,,,,,,2號,120.340075504668,22.7251254541835
高雄市大社區三奶里15鄰興工路3號,64,6401600,6401600-005,15鄰,興工路,,,,,,3號,120.342980310429,22.7193931231481
高雄市大社區三奶里15鄰興工路3之1號,64,6401600,6401600-005,15鄰,興工路,,,,,,3之1號,120.343063004841,22.7182817012536
高雄市大社區三奶里15鄰興工路4號,64,6401600,6401600-005,15鄰,興工路,,,,,,4號,120.341507379593,22.721490208434
高雄市大社區三奶里15鄰興工路5號,64,6401600,6401600-005,15鄰,興工路,,,,,,5號,120.343355869641,22.7173317973222
