FULL_ADDR,COUNTY,TOWN,VILLAGE,NEIGHBORHOOD,ROAD,SECTION,LANE,ALLEY,SUB_ALLEY,TONG,NUMBER,X,Y
高雄市前鎮區信義里7鄰衙和三街1號,64,6400900,6400900-010,7鄰,衙和三街,,,,,,1號,120.315528808189,22.5840982231984
高雄市前鎮區信義里19鄰衙和三街6號,64,6400900,6400900-010,19鄰,衙和三街,,,,,,6號,120.315590479661,22.5839671065878
高雄市前鎮區信義里19鄰衙和三街8號,64,6400900,6400900-010,19鄰,衙和三街,,,,,,8號,120.315622017558,22.583988743158
高雄市前鎮區信義里19鄰衙和三街10號,64,6400900,6400900-010,19鄰,衙和三街,,,,,,10號,120.315660554606,22.5840010988332
高雄市前鎮區信義里19鄰衙和三街12號,64,6400900,6400900-010,19鄰,衙和三街,,,,,,12號,120.315699312258,22.5840357343002
高雄市前鎮區信義里19鄰衙和三街18號,64,6400900,6400900-010,19鄰,衙和三街,,,,,,18號,120.315740392891,22.584090319549
高雄市前鎮區信義里3鄰衙和三街30號,64,6400900,6400900-010,3鄰,衙和三街,,,,,,30號,120.315964203026,22.5842456352767
