FULL_ADDR,COUNTY,TOWN,VILLAGE,NEIGHBORHOOD,ROAD,SECTION,LANE,ALLEY,SUB_ALLEY,TONG,NUMBER,X,Y
高雄市楠梓區瑞屏里1鄰西五街10號,64,6400400,6400400-013,1鄰,西五街,,,,,,10號,120.301268502963,22.7212568476298
高雄市楠梓區瑞屏里1鄰西五街26號,64,6400400,6400400-013,1鄰,西五街,,,,,,26號,120.300163292465,22.7208260417642
