FULL_ADDR,COUNTY,TOWN,VILLAGE,NEIGHBORHOOD,ROAD,SECTION,LANE,ALLEY,SUB_ALLEY,TONG,NUMBER,X,Y
高雄市楠梓區瑞屏里1鄰西六街51之1號,64,6400400,6400400-013,1鄰,西六街,,,,,,51之1號,120.299646394122,22.7211121248868
高雄市楠梓區瑞屏里1鄰西六街51號,64,6400400,6400400-013,1鄰,西六街,,,,,,51號,120.300166872529,22.7212896872755
高雄市楠梓區瑞屏里1鄰西六街52號,64,6400400,6400400-013,1鄰,西六街,,,,,,52號,120.299585750628,22.7213028559437
