FULL_ADDR,COUNTY,TOWN,VILLAGE,NEIGHBORHOOD,ROAD,SECTION,LANE,ALLEY,SUB_ALLEY,TONG,NUMBER,X,Y
高雄市路竹區後鄉里10鄰路17號一樓,64,6402400,6402400-004,10鄰,路,,,,,,17號一樓,120.256477240912,22.8308760991375
高雄市路竹區後鄉里10鄰路17號二樓,64,6402400,6402400-004,10鄰,路,,,,,,17號二樓,120.256477240912,22.8308760991375
