FULL_ADDR,COUNTY,TOWN,VILLAGE,NEIGHBORHOOD,ROAD,SECTION,LANE,ALLEY,SUB_ALLEY,TONG,NUMBER,X,Y
高雄市苓雅區苓東里2鄰苓東路3號,64,6400800,6400800-006,2鄰,苓東路,,,,,,3號,120.295777163338,22.6130204449291
高雄市苓雅區苓東里2鄰苓東路5號,64,6400800,6400800-006,2鄰,苓東路,,,,,,5號,120.295739265524,22.613011247941
高雄市苓雅區苓東里2鄰苓東路7號,64,6400800,6400800-006,2鄰,苓東路,,,,,,7號,120.295703368752,22.6129930290341
高雄市苓雅區苓東里2鄰苓東路9號,64,6400800,6400800-006,2鄰,苓東路,,,,,,9號,120.295655753998,22.6129837893846
高雄市苓雅區苓東里1鄰苓東路14號,64,6400800,6400800-006,1鄰,苓東路,,,,,,14號,120.295629668832,22.6135487884414
高雄市苓雅區苓東里1鄰苓東路16號,64,6400800,6400800-006,1鄰,苓東路,,,,,,16號,120.295450232462,22.6132267249677
高雄市苓雅區苓東里1鄰苓東路18號,64,6400800,6400800-006,1鄰,苓東路,,,,,,18號,120.295399745633,22.6132084419423
高雄市苓雅區苓東里1鄰苓東路20號,64,6400800,6400800-006,1鄰,苓東路,,,,,,20號,120.29534921282,22.6131991893898
