FULL_ADDR,COUNTY,TOWN,VILLAGE,NEIGHBORHOOD,ROAD,SECTION,LANE,ALLEY,SUB_ALLEY,TONG,NUMBER,X,Y
高雄市苓雅區苓東里10鄰苓中街60號,64,6400800,6400800-006,10鄰,苓中街,,,,,,60號,120.293178251567,22.6135328360717
高雄市苓雅區苓東里10鄰苓中街60之1號,64,6400800,6400800-006,10鄰,苓中街,,,,,,60之1號,120.293144198346,22.6135326860912
高雄市苓雅區苓東里10鄰苓中街60之2號,64,6400800,6400800-006,10鄰,苓中街,,,,,,60之2號,120.293112100195,22.6135325447149
高雄市苓雅區苓東里10鄰苓中街60之3號,64,6400800,6400800-006,10鄰,苓中街,,,,,,60之3號,120.293077037882,22.6135414209625
