FULL_ADDR,COUNTY,TOWN,VILLAGE,NEIGHBORHOOD,ROAD,SECTION,LANE,ALLEY,SUB_ALLEY,TONG,NUMBER,X,Y
高雄市小港區坪頂里15鄰高坪十六街2號,64,6401100,6401100-027,15鄰,高坪十六街,,,,,,2號,120.384079818714,22.548000212064
高雄市小港區坪頂里15鄰高坪十六街6號,64,6401100,6401100-027,15鄰,高坪十六街,,,,,,6號,120.383699800272,22.5480804859442
高雄市小港區坪頂里15鄰高坪十六街53之1號,64,6401100,6401100-027,15鄰,高坪十六街,,,,,,53之1號,120.383182242948,22.5478620591283
