FULL_ADDR,COUNTY,TOWN,VILLAGE,NEIGHBORHOOD,ROAD,SECTION,LANE,ALLEY,SUB_ALLEY,TONG,NUMBER,X,Y
高雄市茄萣區崎漏里36鄰順漁路100號,64,6402600,6402600-015,36鄰,順漁路,,,,,,100號,120.212987220633,22.8777578650034
高雄市茄萣區崎漏里36鄰順漁路102號,64,6402600,6402600-015,36鄰,順漁路,,,,,,102號,120.213021634705,22.8782833084582
