FULL_ADDR,COUNTY,TOWN,VILLAGE,NEIGHBORHOOD,ROAD,SECTION,LANE,ALLEY,SUB_ALLEY,TONG,NUMBER,X,Y
高雄市鼓山區龍水里12鄰龍水一街46號,64,6400200,6400200-016,12鄰,龍水一街,,,,,,46號,120.283437785213,22.6488551549469
高雄市鼓山區龍水里12鄰龍水一街50號,64,6400200,6400200-016,12鄰,龍水一街,,,,,,50號,120.283305364601,22.6488820612092
高雄市鼓山區龍水里12鄰龍水一街52號,64,6400200,6400200-016,12鄰,龍水一街,,,,,,52號,120.283262429016,22.6488876307761
高雄市鼓山區龍水里12鄰龍水一街56號,64,6400200,6400200-016,12鄰,龍水一街,,,,,,56號,120.283216080053,22.6488910086848
高雄市鼓山區龍水里12鄰龍水一街58號,64,6400200,6400200-016,12鄰,龍水一街,,,,,,58號,120.283173546625,22.6489015739667
高雄市鼓山區龍水里12鄰龍水一街60號,64,6400200,6400200-016,12鄰,龍水一街,,,,,,60號,120.283053820174,22.6489046236682
高雄市鼓山區龍水里12鄰龍水一街62號,64,6400200,6400200-016,12鄰,龍水一街,,,,,,62號,120.283015176713,22.6489080359831
高雄市鼓山區龍水里12鄰龍水一街66號,64,6400200,6400200-016,12鄰,龍水一街,,,,,,66號,120.282976542979,22.6489114483322
高雄市鼓山區龍水里12鄰龍水一街68號,64,6400200,6400200-016,12鄰,龍水一街,,,,,,68號,120.282930175388,22.6489184112362
