FULL_ADDR,COUNTY,TOWN,VILLAGE,NEIGHBORHOOD,ROAD,SECTION,LANE,ALLEY,SUB_ALLEY,TONG,NUMBER,X,Y
高雄市小港區坪頂里15鄰高坪九街150號,64,6401100,6401100-027,15鄰,高坪九街,,,,,,150號,120.381890046873,22.5454465142349
高雄市小港區坪頂里15鄰高坪九街152號,64,6401100,6401100-027,15鄰,高坪九街,,,,,,152號,120.381889876511,22.5454956867075
高雄市小港區坪頂里15鄰高坪九街156號,64,6401100,6401100-027,15鄰,高坪九街,,,,,,156號,120.381889743167,22.5455321799703
高雄市小港區坪頂里15鄰高坪九街158號,64,6401100,6401100-027,15鄰,高坪九街,,,,,,158號,120.381889621193,22.5455683030107
高雄市小港區坪頂里15鄰高坪九街160號,64,6401100,6401100-027,15鄰,高坪九街,,,,,,160號,120.381889489497,22.5456044260135
高雄市小港區坪頂里15鄰高坪九街162號,64,6401100,6401100-027,15鄰,高坪九街,,,,,,162號,120.381889357801,22.5456405490162
高雄市小港區坪頂里15鄰高坪九街166號,64,6401100,6401100-027,15鄰,高坪九街,,,,,,166號,120.381889235826,22.5456766720561
高雄市小港區坪頂里15鄰高坪九街168號,64,6401100,6401100-027,15鄰,高坪九街,,,,,,168號,120.381889104129,22.5457127950585
高雄市小港區坪頂里15鄰高坪九街170號,64,6401100,6401100-027,15鄰,高坪九街,,,,,,170號,120.381888886853,22.5457681354382
