FULL_ADDR,COUNTY,TOWN,VILLAGE,NEIGHBORHOOD,ROAD,SECTION,LANE,ALLEY,SUB_ALLEY,TONG,NUMBER,X,Y
高雄市鳳山區過埤里49鄰頂新三街27號,64,6401200,6401200-040,49鄰,頂新三街,,,,,,27號,120.364984163805,22.58882930454
高雄市鳳山區過埤里49鄰頂新三街29號,64,6401200,6401200-040,49鄰,頂新三街,,,,,,29號,120.364976662134,22.5889212717291
高雄市鳳山區過埤里49鄰頂新三街51號,64,6401200,6401200-040,49鄰,頂新三街,,,,,,51號,120.364909989388,22.5892640072553
