FULL_ADDR,COUNTY,TOWN,VILLAGE,NEIGHBORHOOD,ROAD,SECTION,LANE,ALLEY,SUB_ALLEY,TONG,NUMBER,X,Y
高雄市小港區鳳森里6鄰鴻星一路21號,64,6401100,6401100-035,6鄰,鴻星一路,,,,,,21號,120.332884609133,22.5293926636792
高雄市小港區鳳森里6鄰鴻星一路23號,64,6401100,6401100-035,6鄰,鴻星一路,,,,,,23號,120.331612828148,22.5300736404477
高雄市小港區鳳森里6鄰鴻星一路23之1號,64,6401100,6401100-035,6鄰,鴻星一路,,,,,,23之1號,120.331183117607,22.5298389503101
高雄市小港區鳳森里6鄰鴻星一路25號,64,6401100,6401100-035,6鄰,鴻星一路,,,,,,25號,120.332143953226,22.5301016733301
高雄市小港區鳳森里6鄰鴻星一路32號,64,6401100,6401100-035,6鄰,鴻星一路,,,,,,32號,120.333875079671,22.5292733142778
高雄市小港區鳳森里6鄰鴻星一路36號,64,6401100,6401100-035,6鄰,鴻星一路,,,,,,36號,120.333092070771,22.5298757699145
高雄市小港區鳳源里15鄰鴻星一路26號,64,6401100,6401100-038,15鄰,鴻星一路,,,,,,26號,120.339242884956,22.5244050563683
高雄市小港區鳳源里15鄰鴻星一路28號,64,6401100,6401100-038,15鄰,鴻星一路,,,,,,28號,120.3378914362,22.5252970794522
