FULL_ADDR,COUNTY,TOWN,VILLAGE,NEIGHBORHOOD,ROAD,SECTION,LANE,ALLEY,SUB_ALLEY,TONG,NUMBER,X,Y
高雄市小港區鳳森里6鄰鴻星二路1號,64,6401100,6401100-035,6鄰,鴻星二路,,,,,,1號,120.33288635884,22.5313358351562
高雄市小港區鳳森里6鄰鴻星二路2號,64,6401100,6401100-035,6鄰,鴻星二路,,,,,,2號,120.332693187598,22.531965296042
高雄市小港區鳳森里6鄰鴻星二路10號,64,6401100,6401100-035,6鄰,鴻星二路,,,,,,10號,120.332031856688,22.5315050327608
高雄市小港區鳳森里6鄰鴻星二路12號,64,6401100,6401100-035,6鄰,鴻星二路,,,,,,12號,120.331064242129,22.5308050260545
高雄市小港區鳳森里6鄰鴻星二路15號,64,6401100,6401100-035,6鄰,鴻星二路,,,,,,15號,120.330282257155,22.5294971804896
高雄市小港區鳳森里6鄰鴻星二路18號,64,6401100,6401100-035,6鄰,鴻星二路,,,,,,18號,120.330331191657,22.5302153350521
高雄市小港區鳳森里6鄰鴻星二路21號,64,6401100,6401100-035,6鄰,鴻星二路,,,,,,21號,120.329029461621,22.5286398139202
高雄市小港區鳳森里6鄰鴻星二路38號,64,6401100,6401100-035,6鄰,鴻星二路,,,,,,38號,120.326963512043,22.5297710596091
