FULL_ADDR,COUNTY,TOWN,VILLAGE,NEIGHBORHOOD,ROAD,SECTION,LANE,ALLEY,SUB_ALLEY,TONG,NUMBER,X,Y
高雄市大寮區會結里7鄰鳳凰街11號,64,6401400,6401400-015,7鄰,鳳凰街,,,,,,11號,120.422663646972,22.5503089022124
高雄市大寮區會結里7鄰鳳凰街37號,64,6401400,6401400-015,7鄰,鳳凰街,,,,,,37號,120.421441923344,22.550409758588
高雄市大寮區會結里4鄰鳳凰街80巷12號,64,6401400,6401400-015,4鄰,鳳凰街,,80巷,,,,12號,120.422224149645,22.5507908033349
高雄市大寮區會結里7鄰鳳凰街100巷9號,64,6401400,6401400-015,7鄰,鳳凰街,,100巷,,,,9號,120.421238842057,22.5507976464167
高雄市大寮區會結里7鄰鳳凰街102號,64,6401400,6401400-015,7鄰,鳳凰街,,,,,,102號,120.420516966838,22.5506983983582
