FULL_ADDR,COUNTY,TOWN,VILLAGE,NEIGHBORHOOD,ROAD,SECTION,LANE,ALLEY,SUB_ALLEY,TONG,NUMBER,X,Y
高雄市大寮區內坑里14鄰鎮潭路126之1號,64,6401400,6401400-002,14鄰,鎮潭路,,,,,,126之1號,120.381112951289,22.5873563844439
高雄市大寮區拷潭里10鄰鎮潭路319之1號,64,6401400,6401400-001,10鄰,鎮潭路,,,,,,319之1號,120.381051369247,22.5832909180989
