FULL_ADDR,COUNTY,TOWN,VILLAGE,NEIGHBORHOOD,ROAD,SECTION,LANE,ALLEY,SUB_ALLEY,TONG,NUMBER,X,Y
新北市瑞芳區頌德里3鄰?崎路41號之1,65,6501200,6501200-022,3鄰,?崎路,,,,,,41號之1,121.843205056881,25.109194248901
新北市瑞芳區頌德里2鄰?崎路56號,65,6501200,6501200-022,2鄰,?崎路,,,,,,56號,121.842370033265,25.110625709725
新北市瑞芳區頌德里2鄰?崎路65號,65,6501200,6501200-022,2鄰,?崎路,,,,,,65號,121.843056678773,25.1093409134018
新北市瑞芳區福住里1鄰?崎路31號,65,6501200,6501200-021,1鄰,?崎路,,,,,,31號,121.843375861645,25.1084204177533
