FULL_ADDR,COUNTY,TOWN,VILLAGE,NEIGHBORHOOD,ROAD,SECTION,LANE,ALLEY,SUB_ALLEY,TONG,NUMBER,X,Y
新北市林口區南勢里20鄰井泉街58號,65,6501700,6501700-008,20鄰,井泉街,,,,,,58號,121.357888780552,25.069039715624
新北市林口區南勢里20鄰井泉街60號,65,6501700,6501700-008,20鄰,井泉街,,,,,,60號,121.357935496185,25.0690221769813
新北市林口區南勢里20鄰井泉街62號,65,6501700,6501700-008,20鄰,井泉街,,,,,,62號,121.357985152769,25.0690038185154
新北市林口區南勢里20鄰井泉街64號,65,6501700,6501700-008,20鄰,井泉街,,,,,,64號,121.358044290778,25.068984534349
