FULL_ADDR,COUNTY,TOWN,VILLAGE,NEIGHBORHOOD,ROAD,SECTION,LANE,ALLEY,SUB_ALLEY,TONG,NUMBER,X,Y
新北市瑞芳區碩仁里9鄰中坑路3號,65,6501200,6501200-017,9鄰,中坑路,,,,,,3號,121.799229383469,25.0760796648995
新北市瑞芳區碩仁里9鄰中坑路14號,65,6501200,6501200-017,9鄰,中坑路,,,,,,14號,121.802689433098,25.0753642046271
