FULL_ADDR,COUNTY,TOWN,VILLAGE,NEIGHBORHOOD,ROAD,SECTION,LANE,ALLEY,SUB_ALLEY,TONG,NUMBER,X,Y
新北市三重區碧華里7鄰仁勇街18號之1,65,6500200,6500200-108,7鄰,仁勇街,,,,,,18號之1,121.485483209357,25.0852567224932
新北市三重區碧華里3鄰仁勇街20號,65,6500200,6500200-108,3鄰,仁勇街,,,,,,20號,121.484934836626,25.0848755975226
新北市三重區碧華里3鄰仁勇街22號,65,6500200,6500200-108,3鄰,仁勇街,,,,,,22號,121.484903991223,25.0848646660094
新北市三重區碧華里3鄰仁勇街36號,65,6500200,6500200-108,3鄰,仁勇街,,,,,,36號,121.484628786314,25.0847747684429
新北市三重區碧華里3鄰仁勇街38號,65,6500200,6500200-108,3鄰,仁勇街,,,,,,38號,121.484580507229,25.0847577637413
新北市三重區碧華里3鄰仁勇街40號,65,6500200,6500200-108,3鄰,仁勇街,,,,,,40號,121.484540273516,25.0847504767519
新北市三重區碧華里5鄰仁勇街81之1號,65,6500200,6500200-108,5鄰,仁勇街,,,,,,81之1號,121.484212572421,25.0848111590604
