FULL_ADDR,COUNTY,TOWN,VILLAGE,NEIGHBORHOOD,ROAD,SECTION,LANE,ALLEY,SUB_ALLEY,TONG,NUMBER,X,Y
新北市貢寮區福隆里19鄰內隆林街1號,65,6502600,6502600-006,19鄰,內隆林街,,,,,,1號,121.959241693514,25.003546582876
新北市貢寮區福隆里19鄰內隆林街3號,65,6502600,6502600-006,19鄰,內隆林街,,,,,,3號,121.964231385186,24.9964443401802
新北市貢寮區福隆里18鄰內隆林街4號,65,6502600,6502600-006,18鄰,內隆林街,,,,,,4號,121.960705396114,24.996865768259
新北市貢寮區福隆里19鄰內隆林街5號,65,6502600,6502600-006,19鄰,內隆林街,,,,,,5號,121.958944194595,25.0022304773639
新北市貢寮區福隆里18鄰內隆林街10號,65,6502600,6502600-006,18鄰,內隆林街,,,,,,10號,121.958945270645,25.0010929975839
新北市貢寮區福隆里18鄰內隆林街11號,65,6502600,6502600-006,18鄰,內隆林街,,,,,,11號,121.953524696545,24.9931384389725
新北市貢寮區福隆里18鄰內隆林街11號之6,65,6502600,6502600-006,18鄰,內隆林街,,,,,,11號之6,121.953926918674,24.9900664825193
