FULL_ADDR,COUNTY,TOWN,VILLAGE,NEIGHBORHOOD,ROAD,SECTION,LANE,ALLEY,SUB_ALLEY,TONG,NUMBER,X,Y
新北市貢寮區和美里11鄰北勢坑街2號之1,65,6502600,6502600-011,11鄰,北勢坑街,,,,,,2號之1,121.902719199707,25.0966738963124
新北市貢寮區和美里11鄰北勢坑街2號之6,65,6502600,6502600-011,11鄰,北勢坑街,,,,,,2號之6,121.90884268297,25.0935547893899
新北市貢寮區和美里11鄰北勢坑街2號之12,65,6502600,6502600-011,11鄰,北勢坑街,,,,,,2號之12,121.909335899829,25.0911658952118
新北市貢寮區和美里12鄰北勢坑街16號,65,6502600,6502600-011,12鄰,北勢坑街,,,,,,16號,121.893766012782,25.0960544049495
新北市貢寮區和美里12鄰北勢坑街18之1號,65,6502600,6502600-011,12鄰,北勢坑街,,,,,,18之1號,121.89385447955,25.0963871690469
