FULL_ADDR,COUNTY,TOWN,VILLAGE,NEIGHBORHOOD,ROAD,SECTION,LANE,ALLEY,SUB_ALLEY,TONG,NUMBER,X,Y
新北市林口區東林里26鄰工二工業區工九路1之1號,65,6501700,6501700-001,26鄰,工二工業區工九路,,,,,,1之1號,121.401436583339,25.0761719764956
新北市林口區東林里26鄰工二工業區工九路2號,65,6501700,6501700-001,26鄰,工二工業區工九路,,,,,,2號,121.401019619718,25.0757556920515
新北市林口區東林里26鄰工二工業區工九路6號,65,6501700,6501700-001,26鄰,工二工業區工九路,,,,,,6號,121.401503073704,25.0755500584734
新北市林口區東林里26鄰工二工業區工九路9號,65,6501700,6501700-001,26鄰,工二工業區工九路,,,,,,9號,121.402330116288,25.0757005900723
新北市林口區東林里26鄰工二工業區工九路10號十二樓,65,6501700,6501700-001,26鄰,工二工業區工九路,,,,,,10號十二樓,121.402157190547,25.0755268889287
新北市林口區東林里26鄰工二工業區工九路20號,65,6501700,6501700-001,26鄰,工二工業區工九路,,,,,,20號,121.403546073045,25.07558966338
新北市林口區東林里26鄰工二工業區工九路28號,65,6501700,6501700-001,26鄰,工二工業區工九路,,,,,,28號,121.405083773438,25.0756543663558
新北市林口區東林里26鄰工二工業區工九路28之1號,65,6501700,6501700-001,26鄰,工二工業區工九路,,,,,,28之1號,121.405527321936,25.0756977585159
