FULL_ADDR,COUNTY,TOWN,VILLAGE,NEIGHBORHOOD,ROAD,SECTION,LANE,ALLEY,SUB_ALLEY,TONG,NUMBER,X,Y
新北市貢寮區和美里10鄰南勢坑街1號,65,6502600,6502600-011,10鄰,南勢坑街,,,,,,1號,121.908143699203,25.0847880239299
新北市貢寮區和美里10鄰南勢坑街2號,65,6502600,6502600-011,10鄰,南勢坑街,,,,,,2號,121.908289999962,25.0847400036084
新北市貢寮區和美里10鄰南勢坑街3號,65,6502600,6502600-011,10鄰,南勢坑街,,,,,,3號,121.908313214845,25.0847258356934
新北市貢寮區和美里10鄰南勢坑街4號,65,6502600,6502600-011,10鄰,南勢坑街,,,,,,4號,121.908050811048,25.0846737025007
