FULL_ADDR,COUNTY,TOWN,VILLAGE,NEIGHBORHOOD,ROAD,SECTION,LANE,ALLEY,SUB_ALLEY,TONG,NUMBER,X,Y
新北市林口區東林里8鄰工二路1號,65,6501700,6501700-001,8鄰,工二路,,,,,,1號,121.40002342371,25.0806460561271
新北市林口區東林里8鄰工二路1號二樓,65,6501700,6501700-001,8鄰,工二路,,,,,,1號二樓,121.40002342371,25.0806460561271
新北市林口區東林里8鄰工二路1號三樓,65,6501700,6501700-001,8鄰,工二路,,,,,,1號三樓,121.40002342371,25.0806460561271
新北市林口區東林里8鄰工二路1號四樓,65,6501700,6501700-001,8鄰,工二路,,,,,,1號四樓,121.40002342371,25.0806460561271
新北市林口區東林里8鄰工二路1號五樓,65,6501700,6501700-001,8鄰,工二路,,,,,,1號五樓,121.40002342371,25.0806460561271
新北市林口區東林里8鄰工二路3號,65,6501700,6501700-001,8鄰,工二路,,,,,,3號,121.400219225671,25.0808343269309
