FULL_ADDR,COUNTY,TOWN,VILLAGE,NEIGHBORHOOD,ROAD,SECTION,LANE,ALLEY,SUB_ALLEY,TONG,NUMBER,X,Y
新北市八里區訊塘里11鄰商港五路65號,65,6502300,6502300-007,11鄰,商港五路,,,,,,65號,121.399288415942,25.1537629787562
新北市八里區訊塘里11鄰商港五路67號,65,6502300,6502300-007,11鄰,商港五路,,,,,,67號,121.398429036108,25.1530375331553
新北市八里區訊塘里11鄰商港五路75號,65,6502300,6502300-007,11鄰,商港五路,,,,,,75號,121.397673726279,25.1524043428349
新北市八里區訊塘里7鄰商港五路91號,65,6502300,6502300-007,7鄰,商港五路,,,,,,91號,121.395931146942,25.1510835141878
新北市八里區訊塘里7鄰商港五路99號,65,6502300,6502300-007,7鄰,商港五路,,,,,,99號,121.394762294397,25.1503383640324
新北市八里區訊塘里7鄰商港五路99號二樓,65,6502300,6502300-007,7鄰,商港五路,,,,,,99號二樓,121.394762294397,25.1503383640324
