FULL_ADDR,COUNTY,TOWN,VILLAGE,NEIGHBORHOOD,ROAD,SECTION,LANE,ALLEY,SUB_ALLEY,TONG,NUMBER,X,Y
新北市林口區東林里21鄰工二工業區工六路22之1號,65,6501700,6501700-001,21鄰,工二工業區工六路,,,,,,22之1號,121.398155711205,25.0787763856482
新北市林口區東林里21鄰工二工業區工六路22之1號三樓,65,6501700,6501700-001,21鄰,工二工業區工六路,,,,,,22之1號三樓,121.398155711205,25.0787763856482
新北市林口區東林里21鄰工二工業區工六路22之1號四樓,65,6501700,6501700-001,21鄰,工二工業區工六路,,,,,,22之1號四樓,121.398155711205,25.0787763856482
新北市林口區東林里10鄰工二工業區工六路90號四樓,65,6501700,6501700-001,10鄰,工二工業區工六路,,,,,,90號四樓,121.400764105212,25.0768100687067
新北市林口區東林里10鄰工二工業區工六路100號,65,6501700,6501700-001,10鄰,工二工業區工六路,,,,,,100號,121.401139882799,25.076530056986
新北市林口區東林里10鄰工二工業區工六路100號二樓,65,6501700,6501700-001,10鄰,工二工業區工六路,,,,,,100號二樓,121.401139882799,25.076530056986
新北市林口區東林里10鄰工二工業區工六路100號三樓,65,6501700,6501700-001,10鄰,工二工業區工六路,,,,,,100號三樓,121.401139882799,25.076530056986
新北市林口區東林里10鄰工二工業區工六路100號四樓,65,6501700,6501700-001,10鄰,工二工業區工六路,,,,,,100號四樓,121.401139882799,25.076530056986
