FULL_ADDR,COUNTY,TOWN,VILLAGE,NEIGHBORHOOD,ROAD,SECTION,LANE,ALLEY,SUB_ALLEY,TONG,NUMBER,X,Y
新北市林口區東林里20鄰工五路11號,65,6501700,6501700-001,20鄰,工五路,,,,,,11號,121.402195134767,25.0776812000745
新北市林口區東林里20鄰工五路13號,65,6501700,6501700-001,20鄰,工五路,,,,,,13號,121.402229425903,25.0778660213394
