FULL_ADDR,COUNTY,TOWN,VILLAGE,NEIGHBORHOOD,ROAD,SECTION,LANE,ALLEY,SUB_ALLEY,TONG,NUMBER,X,Y
新北市林口區南勢里11鄰南福路68號,65,6501700,6501700-008,11鄰,南福路,,,,,,68號,121.356344532346,25.0782096320369
新北市林口區南勢里11鄰南福路68號之1,65,6501700,6501700-008,11鄰,南福路,,,,,,68號之1,121.356173869438,25.0780541723763
新北市林口區南勢里11鄰南福路69號,65,6501700,6501700-008,11鄰,南福路,,,,,,69號,121.356233973426,25.0785678149094
新北市林口區南勢里11鄰南福路90號,65,6501700,6501700-008,11鄰,南福路,,,,,,90號,121.356696209704,25.0787547754488
