FULL_ADDR,COUNTY,TOWN,VILLAGE,NEIGHBORHOOD,ROAD,SECTION,LANE,ALLEY,SUB_ALLEY,TONG,NUMBER,X,Y
新北市深坑區土庫里1鄰大坪街11號,65,6501800,6501800-003,1鄰,大坪街,,,,,,11號,121.630563335876,25.0203360834923
新北市深坑區土庫里1鄰大坪街17號之1,65,6501800,6501800-003,1鄰,大坪街,,,,,,17號之1,121.630698876216,25.0209062932722
新北市深坑區土庫里1鄰大坪街18號,65,6501800,6501800-003,1鄰,大坪街,,,,,,18號,121.630903493523,25.0212027666957
新北市深坑區土庫里1鄰大坪街19號,65,6501800,6501800-003,1鄰,大坪街,,,,,,19號,121.630696720201,25.0211374624597
新北市深坑區土庫里1鄰大坪街25號,65,6501800,6501800-003,1鄰,大坪街,,,,,,25號,121.63078791073,25.0213263207519
新北市深坑區土庫里1鄰大坪街27號,65,6501800,6501800-003,1鄰,大坪街,,,,,,27號,121.63083788416,25.0215737707474
新北市深坑區土庫里1鄰大坪街29號,65,6501800,6501800-003,1鄰,大坪街,,,,,,29號,121.630773510407,25.0216748964327
