FULL_ADDR,COUNTY,TOWN,VILLAGE,NEIGHBORHOOD,ROAD,SECTION,LANE,ALLEY,SUB_ALLEY,TONG,NUMBER,X,Y
新北市三芝區新庄里10鄰光隆街1號,65,6502100,6502100-004,10鄰,光隆街,,,,,,1號,121.519139890025,25.2641863156636
新北市三芝區新庄里10鄰光隆街2號,65,6502100,6502100-004,10鄰,光隆街,,,,,,2號,121.51915905821,25.2644188273784
新北市三芝區新庄里10鄰光隆街3號,65,6502100,6502100-004,10鄰,光隆街,,,,,,3號,121.519238816469,25.2641874122947
新北市三芝區新庄里10鄰光隆街4號,65,6502100,6502100-004,10鄰,光隆街,,,,,,4號,121.519235234234,25.2644233447598
新北市三芝區新庄里10鄰光隆街5號,65,6502100,6502100-004,10鄰,光隆街,,,,,,5號,121.51932660766,25.2642081403944
新北市三芝區新庄里10鄰光隆街6號,65,6502100,6502100-004,10鄰,光隆街,,,,,,6號,121.519324578846,25.2644242041972
新北市三芝區新庄里10鄰光隆街7號,65,6502100,6502100-004,10鄰,光隆街,,,,,,7號,121.519410537539,25.2642066713248
新北市三芝區新庄里10鄰光隆街8號,65,6502100,6502100-004,10鄰,光隆街,,,,,,8號,121.519534499737,25.2643757037994
新北市三芝區新庄里10鄰光隆街9號,65,6502100,6502100-004,10鄰,光隆街,,,,,,9號,121.519514518367,25.2642024231205
