FULL_ADDR,COUNTY,TOWN,VILLAGE,NEIGHBORHOOD,ROAD,SECTION,LANE,ALLEY,SUB_ALLEY,TONG,NUMBER,X,Y
新北市金山區重和里3鄰名(流)路1之8號,65,6502700,6502700-007,3鄰,名(流)路,,,,,,1之8號,121.595575137398,25.2028825253196
新北市金山區重和里3鄰名(流)路1之6號,65,6502700,6502700-007,3鄰,名(流)路,,,,,,1之6號,121.594878835401,25.2020514375861
新北市金山區重和里3鄰名(流)路1之2號,65,6502700,6502700-007,3鄰,名(流)路,,,,,,1之2號,121.594210997306,25.2011639831231
