FULL_ADDR,COUNTY,TOWN,VILLAGE,NEIGHBORHOOD,ROAD,SECTION,LANE,ALLEY,SUB_ALLEY,TONG,NUMBER,X,Y
新北市萬里區龜吼里9鄰光宇二路1號,65,6502800,6502800-002,9鄰,光宇二路,,,,,,1號,121.677416939471,25.1922559077044
新北市萬里區龜吼里9鄰光宇二路3號,65,6502800,6502800-002,9鄰,光宇二路,,,,,,3號,121.677664867121,25.1922625367486
新北市萬里區龜吼里9鄰光宇二路5號,65,6502800,6502800-002,9鄰,光宇二路,,,,,,5號,121.677751488741,25.1924760278192
新北市萬里區龜吼里9鄰光宇二路6號,65,6502800,6502800-002,9鄰,光宇二路,,,,,,6號,121.678110508883,25.1924743825084
新北市萬里區龜吼里9鄰光宇二路7號,65,6502800,6502800-002,9鄰,光宇二路,,,,,,7號,121.677867933738,25.1926659980589
