FULL_ADDR,COUNTY,TOWN,VILLAGE,NEIGHBORHOOD,ROAD,SECTION,LANE,ALLEY,SUB_ALLEY,TONG,NUMBER,X,Y
新北市三峽區龍埔里31鄰國成街15號,65,6500900,6500900-009,31鄰,國成街,,,,,,15號,121.372843980789,24.9401912896694
新北市三峽區龍埔里31鄰國成街17號,65,6500900,6500900-009,31鄰,國成街,,,,,,17號,121.372908353806,24.9403323507424
