FULL_ADDR,COUNTY,TOWN,VILLAGE,NEIGHBORHOOD,ROAD,SECTION,LANE,ALLEY,SUB_ALLEY,TONG,NUMBER,X,Y
新北市八里區大崁里4鄰大崁二街4號之1,65,6502300,6502300-003,4鄰,大崁二街,,,,,,4號之1,121.418643433415,25.1569384733967
新北市八里區大崁里4鄰大崁二街6號,65,6502300,6502300-003,4鄰,大崁二街,,,,,,6號,121.418612139513,25.1569970842303
新北市八里區大崁里4鄰大崁二街12之1號,65,6502300,6502300-003,4鄰,大崁二街,,,,,,12之1號,121.418376622603,25.1573677545038
新北市八里區大崁里4鄰大崁二街26號,65,6502300,6502300-003,4鄰,大崁二街,,,,,,26號,121.418010361873,25.1578832415101
新北市八里區大崁里4鄰大崁二街28號,65,6502300,6502300-003,4鄰,大崁二街,,,,,,28號,121.417984271648,25.1579286998458
新北市八里區大崁里4鄰大崁二街30號二樓,65,6502300,6502300-003,4鄰,大崁二街,,,,,,30號二樓,121.41795553249,25.1579669996507
新北市八里區大崁里4鄰大崁二街30號三樓,65,6502300,6502300-003,4鄰,大崁二街,,,,,,30號三樓,121.41795553249,25.1579669996507
新北市八里區大崁里4鄰大崁二街30號四樓,65,6502300,6502300-003,4鄰,大崁二街,,,,,,30號四樓,121.41795553249,25.1579669996507
