FULL_ADDR,COUNTY,TOWN,VILLAGE,NEIGHBORHOOD,ROAD,SECTION,LANE,ALLEY,SUB_ALLEY,TONG,NUMBER,X,Y
新北市林口區東林里20鄰工二工業區工五路4號,65,6501700,6501700-001,20鄰,工二工業區工五路,,,,,,4號,121.40177712876,25.0769228111635
新北市林口區東林里20鄰工二工業區工五路10號,65,6501700,6501700-001,20鄰,工二工業區工五路,,,,,,10號,121.402661549397,25.0778390267379
新北市林口區東林里20鄰工二工業區工五路10之1號,65,6501700,6501700-001,20鄰,工二工業區工五路,,,,,,10之1號,121.40271624929,25.0779636592935
新北市林口區東林里20鄰工二工業區工五路10號二樓,65,6501700,6501700-001,20鄰,工二工業區工五路,,,,,,10號二樓,121.402661549397,25.0778390267379
新北市林口區東林里20鄰工二工業區工五路15號,65,6501700,6501700-001,20鄰,工二工業區工五路,,,,,,15號,121.402425802699,25.0779838594722
