FULL_ADDR,COUNTY,TOWN,VILLAGE,NEIGHBORHOOD,ROAD,SECTION,LANE,ALLEY,SUB_ALLEY,TONG,NUMBER,X,Y
新北市林口區東林里20鄰工二工業區工七路7號,65,6501700,6501700-001,20鄰,工二工業區工七路,,,,,,7號,121.39971774059,25.0789439190688
新北市林口區東林里20鄰工二工業區工七路7之1號,65,6501700,6501700-001,20鄰,工二工業區工七路,,,,,,7之1號,121.39971774059,25.0789439190688
新北市林口區東林里20鄰工二工業區工七路8號,65,6501700,6501700-001,20鄰,工二工業區工七路,,,,,,8號,121.400091255699,25.0790720276012
新北市林口區東林里20鄰工二工業區工七路10號,65,6501700,6501700-001,20鄰,工二工業區工七路,,,,,,10號,121.399855598838,25.0792210093467
