FULL_ADDR,COUNTY,TOWN,VILLAGE,NEIGHBORHOOD,ROAD,SECTION,LANE,ALLEY,SUB_ALLEY,TONG,NUMBER,X,Y
新北市萬里區大鵬里8鄰大鵬街61號,65,6502800,6502800-004,8鄰,大鵬街,,,,,,61號,121.645111089234,25.2105055433835
新北市萬里區大鵬里8鄰大鵬街111號,65,6502800,6502800-004,8鄰,大鵬街,,,,,,111號,121.643293892326,25.209577318418
