FULL_ADDR,COUNTY,TOWN,VILLAGE,NEIGHBORHOOD,ROAD,SECTION,LANE,ALLEY,SUB_ALLEY,TONG,NUMBER,X,Y
新北市瑞芳區上天里7鄰滴水子路17之1號,65,6501200,6501200-010,7鄰,滴水子路,,,,,,17之1號,121.782487034798,25.0842664678243
新北市瑞芳區上天里7鄰滴水子路17號,65,6501200,6501200-010,7鄰,滴水子路,,,,,,17號,121.781642138959,25.0852114374258
新北市瑞芳區上天里7鄰滴水子路25之1號,65,6501200,6501200-010,7鄰,滴水子路,,,,,,25之1號,121.775792241097,25.081725459397
新北市瑞芳區上天里7鄰滴水子路27號,65,6501200,6501200-010,7鄰,滴水子路,,,,,,27號,121.772471666337,25.0816744443474
新北市瑞芳區上天里7鄰滴水子路29號,65,6501200,6501200-010,7鄰,滴水子路,,,,,,29號,121.771052777768,25.0827797656632
