FULL_ADDR,COUNTY,TOWN,VILLAGE,NEIGHBORHOOD,ROAD,SECTION,LANE,ALLEY,SUB_ALLEY,TONG,NUMBER,X,Y
新北市新店區粗坑里19鄰桃李一路3號,65,6500600,6500600-025,19鄰,桃李一路,,,,,,3號,121.55356589987,24.9326014269487
新北市新店區粗坑里19鄰桃李一路5號,65,6500600,6500600-025,19鄰,桃李一路,,,,,,5號,121.553694074146,24.9326675816287
新北市新店區粗坑里19鄰桃李一路7號,65,6500600,6500600-025,19鄰,桃李一路,,,,,,7號,121.553827158989,24.9326647073649
