FULL_ADDR,COUNTY,TOWN,VILLAGE,NEIGHBORHOOD,ROAD,SECTION,LANE,ALLEY,SUB_ALLEY,TONG,NUMBER,X,Y
新北市石門區石門里8鄰海園路37號,65,6502200,6502200-005,8鄰,海園路,,,,,,37號,121.557615539496,25.2902178705592
新北市石門區石門里8鄰海園路38號,65,6502200,6502200-005,8鄰,海園路,,,,,,38號,121.557255962544,25.2897246759966
