FULL_ADDR,COUNTY,TOWN,VILLAGE,NEIGHBORHOOD,ROAD,SECTION,LANE,ALLEY,SUB_ALLEY,TONG,NUMBER,X,Y
新北市三芝區興華里19鄰楓林六街1號,65,6502100,6502100-013,19鄰,楓林六街,,,,,,1號,121.494672112275,25.1951066952212
新北市三芝區興華里19鄰楓林六街2號,65,6502100,6502100-013,19鄰,楓林六街,,,,,,2號,121.494874037704,25.1951114371157
新北市三芝區興華里19鄰楓林六街3號,65,6502100,6502100-013,19鄰,楓林六街,,,,,,3號,121.49467616139,25.1950352638986
新北市三芝區興華里19鄰楓林六街4號,65,6502100,6502100-013,19鄰,楓林六街,,,,,,4號,121.494872647452,25.1950509487738
新北市三芝區興華里19鄰楓林六街5號,65,6502100,6502100-013,19鄰,楓林六街,,,,,,5號,121.49466264255,25.1949303041772
新北市三芝區興華里19鄰楓林六街6號,65,6502100,6502100-013,19鄰,楓林六街,,,,,,6號,121.494871406885,25.1949464897625
新北市三芝區興華里19鄰楓林六街7號,65,6502100,6502100-013,19鄰,楓林六街,,,,,,7號,121.494661366348,25.1948777607494
新北市三芝區興華里19鄰楓林六街8號,65,6502100,6502100-013,19鄰,楓林六街,,,,,,8號,121.494877070815,25.1948696357327
新北市三芝區興華里19鄰楓林六街10號,65,6502100,6502100-013,19鄰,楓林六街,,,,,,10號,121.49487638529,25.1948215144681
