FULL_ADDR,COUNTY,TOWN,VILLAGE,NEIGHBORHOOD,ROAD,SECTION,LANE,ALLEY,SUB_ALLEY,TONG,NUMBER,X,Y
新北市深坑區昇高里2鄰旺?路11號之2,65,6501800,6501800-004,2鄰,旺?路,,,,,,11號之2,121.629976469285,25.0055011553188
新北市深坑區昇高里3鄰旺?路40號之1,65,6501800,6501800-004,3鄰,旺?路,,,,,,40號之1,121.626884287144,25.0042394915724
新北市深坑區昇高里4鄰旺?路45巷13號之1,65,6501800,6501800-004,4鄰,旺?路,,45巷,,,,13號之1,121.627752998393,25.0030872761988
