FULL_ADDR,COUNTY,TOWN,VILLAGE,NEIGHBORHOOD,ROAD,SECTION,LANE,ALLEY,SUB_ALLEY,TONG,NUMBER,X,Y
新北市新店區粗坑里19鄰桃李二路1號,65,6500600,6500600-025,19鄰,桃李二路,,,,,,1號,121.554338335991,24.9327780598338
新北市新店區粗坑里19鄰桃李二路1之1號,65,6500600,6500600-025,19鄰,桃李二路,,,,,,1之1號,121.554338335991,24.9327780598338
新北市新店區粗坑里19鄰桃李二路2號,65,6500600,6500600-025,19鄰,桃李二路,,,,,,2號,121.554607897997,24.9328881184263
新北市新店區粗坑里19鄰桃李二路3號,65,6500600,6500600-025,19鄰,桃李二路,,,,,,3號,121.554330289364,24.9330218911689
新北市新店區粗坑里19鄰桃李二路5號,65,6500600,6500600-025,19鄰,桃李二路,,,,,,5號,121.55442416668,24.9331745135297
新北市新店區粗坑里19鄰桃李二路6號,65,6500600,6500600-025,19鄰,桃李二路,,,,,,6號,121.554499268532,24.9329969608051
