FULL_ADDR,COUNTY,TOWN,VILLAGE,NEIGHBORHOOD,ROAD,SECTION,LANE,ALLEY,SUB_ALLEY,TONG,NUMBER,X,Y
新北市貢寮區吉林里5鄰枋?街42號之6,65,6502600,6502600-002,5鄰,枋?街,,,,,,42號之6,121.888241342825,24.9991757867422
新北市貢寮區吉林里5鄰枋?街42之2號,65,6502600,6502600-002,5鄰,枋?街,,,,,,42之2號,121.888978873359,25.0011755257964
