FULL_ADDR,COUNTY,TOWN,VILLAGE,NEIGHBORHOOD,ROAD,SECTION,LANE,ALLEY,SUB_ALLEY,TONG,NUMBER,X,Y
新北市板橋區中正里24鄰新月二街80號,65,6500100,6500100-010,24鄰,新月二街,,,,,,80號,121.454027742148,25.0271910010473
新北市板橋區中正里24鄰新月二街81號,65,6500100,6500100-010,24鄰,新月二街,,,,,,81號,121.454071998596,25.0269746980432
新北市板橋區中正里24鄰新月二街83號,65,6500100,6500100-010,24鄰,新月二街,,,,,,83號,121.453992873431,25.027028166237
新北市板橋區中正里24鄰新月二街85號,65,6500100,6500100-010,24鄰,新月二街,,,,,,85號,121.453920453787,25.0270852799637
新北市板橋區中正里24鄰新月二街87號,65,6500100,6500100-010,24鄰,新月二街,,,,,,87號,121.453838646412,25.0271387481093
新北市板橋區中正里24鄰新月二街89號,65,6500100,6500100-010,24鄰,新月二街,,,,,,89號,121.453742086888,25.0272067984428
新北市板橋區中正里24鄰新月二街91號,65,6500100,6500100-010,24鄰,新月二街,,,,,,91號,121.453658938408,25.0272614817191
