FULL_ADDR,COUNTY,TOWN,VILLAGE,NEIGHBORHOOD,ROAD,SECTION,LANE,ALLEY,SUB_ALLEY,TONG,NUMBER,X,Y
新北市三芝區錫板里16鄰番婆林47號之7,65,6502100,6502100-008,16鄰,番婆林,,,,,,47號之7,121.490893363953,25.2414510746835
新北市三芝區錫板里16鄰番婆林47號之8,65,6502100,6502100-008,16鄰,番婆林,,,,,,47號之8,121.490673422814,25.241972686877
