FULL_ADDR,COUNTY,TOWN,VILLAGE,NEIGHBORHOOD,ROAD,SECTION,LANE,ALLEY,SUB_ALLEY,TONG,NUMBER,X,Y
新北市新店區直潭里18鄰直潭十街6號,65,6500600,6500600-029,18鄰,直潭十街,,,,,,6號,121.532258688521,24.939412406645
新北市新店區直潭里18鄰直潭十街10號,65,6500600,6500600-029,18鄰,直潭十街,,,,,,10號,121.532391292733,24.9391778388841
新北市新店區直潭里15鄰直潭十街20之1號,65,6500600,6500600-029,15鄰,直潭十街,,,,,,20之1號,121.533797525303,24.9384582714192
新北市新店區直潭里15鄰直潭十街20號,65,6500600,6500600-029,15鄰,直潭十街,,,,,,20號,121.533904770891,24.9384195778706
新北市新店區直潭里15鄰直潭十街23號,65,6500600,6500600-029,15鄰,直潭十街,,,,,,23號,121.53372550503,24.9388151181024
新北市新店區直潭里14鄰直潭十街25號,65,6500600,6500600-029,14鄰,直潭十街,,,,,,25號,121.534311568328,24.9385877183369
新北市新店區直潭里20鄰直潭十街26號,65,6500600,6500600-029,20鄰,直潭十街,,,,,,26號,121.534263062943,24.938274970218
新北市新店區直潭里14鄰直潭十街27號,65,6500600,6500600-029,14鄰,直潭十街,,,,,,27號,121.534541795211,24.9385140369399
