FULL_ADDR,COUNTY,TOWN,VILLAGE,NEIGHBORHOOD,ROAD,SECTION,LANE,ALLEY,SUB_ALLEY,TONG,NUMBER,X,Y
新北市八里區埤頭里25鄰狀元路38號,65,6502300,6502300-004,25鄰,狀元路,,,,,,38號,121.411105317897,25.1539924291621
新北市八里區埤頭里25鄰狀元路38號地下一層,65,6502300,6502300-004,25鄰,狀元路,,,,,,38號地下一層,121.411105317897,25.1539924291621
新北市八里區埤頭里25鄰狀元路38號二樓,65,6502300,6502300-004,25鄰,狀元路,,,,,,38號二樓,121.411105317897,25.1539924291621
新北市八里區埤頭里25鄰狀元路52號,65,6502300,6502300-004,25鄰,狀元路,,,,,,52號,121.410792095162,25.1542865843065
