FULL_ADDR,COUNTY,TOWN,VILLAGE,NEIGHBORHOOD,ROAD,SECTION,LANE,ALLEY,SUB_ALLEY,TONG,NUMBER,X,Y
新北市瑞芳區頌德里6鄰石埤巷35號,65,6501200,6501200-022,6鄰,石埤巷,,,,,,35號,121.841726303101,25.1079176639056
新北市瑞芳區頌德里6鄰石埤巷37號,65,6501200,6501200-022,6鄰,石埤巷,,,,,,37號,121.841755270926,25.1078832968549
新北市瑞芳區頌德里9鄰石埤巷50號,65,6501200,6501200-022,9鄰,石埤巷,,,,,,50號,121.838279664517,25.1096615065652
新北市瑞芳區頌德里6鄰石埤巷54號,65,6501200,6501200-022,6鄰,石埤巷,,,,,,54號,121.840959995953,25.1082721420072
新北市瑞芳區頌德里5鄰石埤巷35號,65,6501200,6501200-022,5鄰,石埤巷,,,,,,35號,121.841726303101,25.1079182710975
