FULL_ADDR,COUNTY,TOWN,VILLAGE,NEIGHBORHOOD,ROAD,SECTION,LANE,ALLEY,SUB_ALLEY,TONG,NUMBER,X,Y
新北市新店區塗潭里6鄰環湖路5號之5,65,6500600,6500600-021,6鄰,環湖路,,,,,,5號之5,121.527392864228,24.9252111439486
新北市新店區塗潭里6鄰環湖路5號之6,65,6500600,6500600-021,6鄰,環湖路,,,,,,5號之6,121.527851521969,24.9255078944983
新北市新店區塗潭里6鄰環湖路5號之1,65,6500600,6500600-021,6鄰,環湖路,,,,,,5號之1,121.528189480305,24.9254884354678
新北市新店區塗潭里6鄰環湖路5號,65,6500600,6500600-021,6鄰,環湖路,,,,,,5號,121.531245094742,24.9225216845304
新北市新店區塗潭里6鄰環湖路5號之2,65,6500600,6500600-021,6鄰,環湖路,,,,,,5號之2,121.530042886734,24.9223773834625
新北市新店區塗潭里6鄰環湖路5之3號,65,6500600,6500600-021,6鄰,環湖路,,,,,,5之3號,121.529815362499,24.9221772684742
