FULL_ADDR,COUNTY,TOWN,VILLAGE,NEIGHBORHOOD,ROAD,SECTION,LANE,ALLEY,SUB_ALLEY,TONG,NUMBER,X,Y
新北市新店區直潭里15鄰直潭九街10號,65,6500600,6500600-029,15鄰,直潭九街,,,,,,10號,121.534102395527,24.9392589033356
新北市新店區直潭里15鄰直潭九街12號,65,6500600,6500600-029,15鄰,直潭九街,,,,,,12號,121.534020587504,24.9392345775068
新北市新店區直潭里18鄰直潭九街16號,65,6500600,6500600-029,18鄰,直潭九街,,,,,,16號,121.533932074713,24.9392212015848
新北市新店區直潭里18鄰直潭九街18號,65,6500600,6500600-029,18鄰,直潭九街,,,,,,18號,121.533792599511,24.9391652623312
新北市新店區直潭里18鄰直潭九街22號,65,6500600,6500600-029,18鄰,直潭九街,,,,,,22號,121.533609379207,24.9391460122082
