FULL_ADDR,COUNTY,TOWN,VILLAGE,NEIGHBORHOOD,ROAD,SECTION,LANE,ALLEY,SUB_ALLEY,TONG,NUMBER,X,Y
新北市五股區成州里11鄰疏洪北路600號,65,6501500,6501500-005,11鄰,疏洪北路,,,,,,600號,121.451585322684,25.0987873429793
新北市五股區更寮里11鄰疏洪北路6號之1,65,6501500,6501500-002,11鄰,疏洪北路,,,,,,6號之1,121.450776977051,25.0747910145311
新北市五股區更寮里11鄰疏洪北路9號,65,6501500,6501500-002,11鄰,疏洪北路,,,,,,9號,121.450966000557,25.075532319976
