FULL_ADDR,COUNTY,TOWN,VILLAGE,NEIGHBORHOOD,ROAD,SECTION,LANE,ALLEY,SUB_ALLEY,TONG,NUMBER,X,Y
新北市金山區五湖里11鄰玉爐路7號,65,6502700,6502700-006,11鄰,玉爐路,,,,,,7號,121.628344285608,25.2194690707873
新北市金山區五湖里11鄰玉爐路7號六樓之1,65,6502700,6502700-006,11鄰,玉爐路,,,,,,7號六樓之1,121.628353673412,25.2194205439162
