FULL_ADDR,COUNTY,TOWN,VILLAGE,NEIGHBORHOOD,ROAD,SECTION,LANE,ALLEY,SUB_ALLEY,TONG,NUMBER,X,Y
新北市新店區華城里6鄰禾和一街61號,65,6500600,6500600-069,6鄰,禾和一街,,,,,,61號,121.506560146809,24.9247343956684
新北市新店區華城里6鄰禾和一街63號,65,6500600,6500600-069,6鄰,禾和一街,,,,,,63號,121.506426036358,24.9245300744125
新北市新店區華城里6鄰禾和一街65號,65,6500600,6500600-069,6鄰,禾和一街,,,,,,65號,121.506281197071,24.9241992678518
