FULL_ADDR,COUNTY,TOWN,VILLAGE,NEIGHBORHOOD,ROAD,SECTION,LANE,ALLEY,SUB_ALLEY,TONG,NUMBER,X,Y
新北市三峽區竹崙里1鄰竹安路1號,65,6500900,6500900-022,1鄰,竹安路,,,,,,1號,121.430876021843,24.922442406772
新北市三峽區竹崙里1鄰竹安路1之1號,65,6500900,6500900-022,1鄰,竹安路,,,,,,1之1號,121.436295288499,24.9222535581489
新北市三峽區竹崙里1鄰竹安路2號,65,6500900,6500900-022,1鄰,竹安路,,,,,,2號,121.431691894915,24.923118048046
新北市三峽區竹崙里1鄰竹安路3號,65,6500900,6500900-022,1鄰,竹安路,,,,,,3號,121.431982590272,24.9222672892262
新北市三峽區竹崙里1鄰竹安路5號,65,6500900,6500900-022,1鄰,竹安路,,,,,,5號,121.432167837465,24.9228636715659
