FULL_ADDR,COUNTY,TOWN,VILLAGE,NEIGHBORHOOD,ROAD,SECTION,LANE,ALLEY,SUB_ALLEY,TONG,NUMBER,X,Y
新北市貢寮區仁里里3鄰研海街36號,65,6502600,6502600-007,3鄰,研海街,,,,,,36號,121.928234670141,25.038213183909
新北市貢寮區仁里里4鄰研海街62號,65,6502600,6502600-007,4鄰,研海街,,,,,,62號,121.926423776109,25.0383136673204
