FULL_ADDR,COUNTY,TOWN,VILLAGE,NEIGHBORHOOD,ROAD,SECTION,LANE,ALLEY,SUB_ALLEY,TONG,NUMBER,X,Y
新北市萬里區龜吼里3鄰聽濤路5號,65,6502800,6502800-002,3鄰,聽濤路,,,,,,5號,121.685828871464,25.1879610622587
新北市萬里區龜吼里3鄰聽濤路7號,65,6502800,6502800-002,3鄰,聽濤路,,,,,,7號,121.685890107666,25.1878481916477
新北市萬里區龜吼里3鄰聽濤路9號,65,6502800,6502800-002,3鄰,聽濤路,,,,,,9號,121.685933350892,25.1877373004382
新北市萬里區龜吼里3鄰聽濤路21號,65,6502800,6502800-002,3鄰,聽濤路,,,,,,21號,121.686226850988,25.1870863308599
新北市萬里區龜吼里3鄰聽濤路22號,65,6502800,6502800-002,3鄰,聽濤路,,,,,,22號,121.686185015169,25.1867471393992
新北市萬里區龜吼里3鄰聽濤路23號,65,6502800,6502800-002,3鄰,聽濤路,,,,,,23號,121.686276067494,25.1869754117531
新北市萬里區龜吼里3鄰聽濤路25號,65,6502800,6502800-002,3鄰,聽濤路,,,,,,25號,121.686329303871,25.1868662798011
