FULL_ADDR,COUNTY,TOWN,VILLAGE,NEIGHBORHOOD,ROAD,SECTION,LANE,ALLEY,SUB_ALLEY,TONG,NUMBER,X,Y
新北市三芝區茂長里2鄰芝柏一街1號,65,6502100,6502100-006,2鄰,芝柏一街,,,,,,1號,121.511750469911,25.2559982496885
新北市三芝區茂長里2鄰芝柏一街2號,65,6502100,6502100-006,2鄰,芝柏一街,,,,,,2號,121.511794092581,25.256012724956
新北市三芝區茂長里2鄰芝柏一街3之1號,65,6502100,6502100-006,2鄰,芝柏一街,,,,,,3之1號,121.511881334537,25.2560408630485
新北市三芝區茂長里2鄰芝柏一街3號,65,6502100,6502100-006,2鄰,芝柏一街,,,,,,3號,121.511837711856,25.2560263877167
新北市三芝區茂長里2鄰芝柏一街5號,65,6502100,6502100-006,2鄰,芝柏一街,,,,,,5號,121.511924049347,25.2560536260444
