FULL_ADDR,COUNTY,TOWN,VILLAGE,NEIGHBORHOOD,ROAD,SECTION,LANE,ALLEY,SUB_ALLEY,TONG,NUMBER,X,Y
新北市五股區成泰里5鄰芳洲六路1號,65,6501500,6501500-018,5鄰,芳洲六路,,,,,,1號,121.445138840985,25.0871913034598
新北市五股區成泰里5鄰芳洲六路3號,65,6501500,6501500-018,5鄰,芳洲六路,,,,,,3號,121.445213943005,25.0871937324045
新北市五股區成泰里5鄰芳洲六路5號,65,6501500,6501500-018,5鄰,芳洲六路,,,,,,5號,121.445280998484,25.0871888745018
新北市五股區成泰里5鄰芳洲六路7號,65,6501500,6501500-018,5鄰,芳洲六路,,,,,,7號,121.445356100767,25.0871864453528
