FULL_ADDR,COUNTY,TOWN,VILLAGE,NEIGHBORHOOD,ROAD,SECTION,LANE,ALLEY,SUB_ALLEY,TONG,NUMBER,X,Y
新北市石碇區豐田里4鄰華梵路1之2號,65,6501900,6501900-006,4鄰,華梵路,,,,,,1之2號,121.692104541334,24.9800187573079
新北市石碇區豐田里4鄰華梵路1號,65,6501900,6501900-006,4鄰,華梵路,,,,,,1號,121.692104543211,24.980018754681
新北市石碇區豐田里4鄰華梵路1之1號,65,6501900,6501900-006,4鄰,華梵路,,,,,,1之1號,121.692108821863,24.9799945750882
新北市石碇區豐田里4鄰華梵路2號,65,6501900,6501900-006,4鄰,華梵路,,,,,,2號,121.69163355066,24.9775932657435
新北市石碇區豐田里4鄰華梵路3號,65,6501900,6501900-006,4鄰,華梵路,,,,,,3號,121.691849022973,24.9775713205981
