FULL_ADDR,COUNTY,TOWN,VILLAGE,NEIGHBORHOOD,ROAD,SECTION,LANE,ALLEY,SUB_ALLEY,TONG,NUMBER,X,Y
新北市雙溪區雙溪里16鄰警政街2號,65,6502500,6502500-001,16鄰,警政街,,,,,,2號,121.86504408879,25.0355325003618
新北市雙溪區雙溪里16鄰警政街6號,65,6502500,6502500-001,16鄰,警政街,,,,,,6號,121.865129919798,25.0355713875286
新北市雙溪區雙溪里16鄰警政街8號,65,6502500,6502500-001,16鄰,警政街,,,,,,8號,121.865214409901,25.0356163513961
新北市雙溪區雙溪里16鄰警政街8號二樓,65,6502500,6502500-001,16鄰,警政街,,,,,,8號二樓,121.865214409901,25.0356163513961
新北市雙溪區雙溪里16鄰警政街10號,65,6502500,6502500-001,16鄰,警政街,,,,,,10號,121.865296216774,25.0356442936317
新北市雙溪區雙溪里16鄰警政街10號二樓,65,6502500,6502500-001,16鄰,警政街,,,,,,10號二樓,121.865296216774,25.0356442936317
