FULL_ADDR,COUNTY,TOWN,VILLAGE,NEIGHBORHOOD,ROAD,SECTION,LANE,ALLEY,SUB_ALLEY,TONG,NUMBER,X,Y
新北市板橋區柏翠里14鄰華江二路65號,65,6500100,6500100-041,14鄰,華江二路,,,,,,65號,121.475117147002,25.0360473094795
新北市板橋區柏翠里14鄰華江二路67號,65,6500100,6500100-041,14鄰,華江二路,,,,,,67號,121.475093543595,25.036134796406
新北市板橋區柏翠里14鄰華江二路69號,65,6500100,6500100-041,14鄰,華江二路,,,,,,69號,121.475076377392,25.0362164508292
新北市板橋區柏翠里14鄰華江二路77號,65,6500100,6500100-041,14鄰,華江二路,,,,,,77號,121.474979817868,25.0366385741213
新北市板橋區柏翠里14鄰華江二路79號,65,6500100,6500100-041,14鄰,華江二路,,,,,,79號,121.474958360195,25.036706619186
