FULL_ADDR,COUNTY,TOWN,VILLAGE,NEIGHBORHOOD,ROAD,SECTION,LANE,ALLEY,SUB_ALLEY,TONG,NUMBER,X,Y
新北市三峽區中埔里11鄰鳶峰路95號,65,6500900,6500900-004,11鄰,鳶峰路,,,,,,95號,121.363014086983,24.9317093067329
新北市三峽區中埔里11鄰鳶峰路107號,65,6500900,6500900-004,11鄰,鳶峰路,,,,,,107號,121.363099998053,24.9298007735489
新北市三峽區中埔里11鄰鳶峰路109號,65,6500900,6500900-004,11鄰,鳶峰路,,,,,,109號,121.361607777981,24.9298761259443
新北市三峽區中埔里11鄰鳶峰路117號,65,6500900,6500900-004,11鄰,鳶峰路,,,,,,117號,121.360980677382,24.9292286479666
新北市三峽區中埔里11鄰鳶峰路118號,65,6500900,6500900-004,11鄰,鳶峰路,,,,,,118號,121.362773895198,24.9323543637084
新北市三峽區中埔里11鄰鳶峰路121號,65,6500900,6500900-004,11鄰,鳶峰路,,,,,,121號,121.360633116856,24.9294616140113
新北市三峽區中埔里11鄰鳶峰路150號,65,6500900,6500900-004,11鄰,鳶峰路,,,,,,150號,121.361702674549,24.9315793513042
新北市三峽區中埔里11鄰鳶峰路179號,65,6500900,6500900-004,11鄰,鳶峰路,,,,,,179號,121.357256001247,24.9316464815702
新北市三峽區永舘里5鄰鳶峰路85號,65,6500900,6500900-006,5鄰,鳶峰路,,,,,,85號,121.363559675047,24.9320631752395
