FULL_ADDR,COUNTY,TOWN,VILLAGE,NEIGHBORHOOD,ROAD,SECTION,LANE,ALLEY,SUB_ALLEY,TONG,NUMBER,X,Y
臺中市神岡區圳前里3鄰三民東街88號,66,6601600,圳前里,3鄰,三民東街,,,,,,88號,120.661856353337,24.269604336848
臺中市神岡區圳前里5鄰三民東街96巷1號,66,6601600,圳前里,5鄰,三民東街,,96巷,,,,1號,120.662631511669,24.270189712276
臺中市神岡區圳前里5鄰三民東街98號,66,6601600,圳前里,5鄰,三民東街,,,,,,98號,120.662524223679,24.27065575777
臺中市神岡區圳前里9鄰三民東街8號,66,6601600,圳前里,9鄰,三民東街,,,,,,8號,120.65723036595,24.264554925239
臺中市神岡區圳前里4鄰三民東街78巷16號,66,6601600,圳前里,4鄰,三民東街,,78巷,,,,16號,120.6598999396,24.266887543144
臺中市神岡區圳前里4鄰三民東街80號,66,6601600,圳前里,4鄰,三民東街,,,,,,80號,120.659902116325,24.267547416813
臺中市神岡區圳前里5鄰三民東街99號,66,6601600,圳前里,5鄰,三民東街,,,,,,99號,120.662700176177,24.270667488811
