FULL_ADDR,COUNTY,TOWN,VILLAGE,NEIGHBORHOOD,ROAD,SECTION,LANE,ALLEY,SUB_ALLEY,TONG,NUMBER,X,Y
臺中市北區光大里7鄰中央街60號,66,6600500,光大里,7鄰,中央街,,,,,,60號,120.676251140407,24.149301875763
臺中市北區光大里7鄰中央街62號,66,6600500,光大里,7鄰,中央街,,,,,,62號,120.676218201843,24.149330699666
臺中市北區光大里7鄰中央街66號,66,6600500,光大里,7鄰,中央街,,,,,,66號,120.676185161223,24.149360968034
臺中市北區光大里7鄰中央街68號,66,6600500,光大里,7鄰,中央街,,,,,,68號,120.676153507297,24.149387627615
臺中市北區光大里7鄰中央街70號,66,6600500,光大里,7鄰,中央街,,,,,,70號,120.676123627072,24.14941329773
臺中市北區光大里7鄰中央街72號,66,6600500,光大里,7鄰,中央街,,,,,,72號,120.676093349818,24.149440321392
臺中市北區光大里7鄰中央街76號,66,6600500,光大里,7鄰,中央街,,,,,,76號,120.676061888535,24.149468615666
臺中市北區光大里7鄰中央街78號,66,6600500,光大里,7鄰,中央街,,,,,,78號,120.676030034114,24.149496719484
