FULL_ADDR,COUNTY,TOWN,VILLAGE,NEIGHBORHOOD,ROAD,SECTION,LANE,ALLEY,SUB_ALLEY,TONG,NUMBER,X,Y
臺中市清水區槺榔里17鄰中橫十三路12號,66,6601200,槺榔里,17鄰,中橫十三路,,,,,,12號,120.531502786113,24.278078024462
臺中市清水區槺榔里17鄰中橫十三路13號,66,6601200,槺榔里,17鄰,中橫十三路,,,,,,13號,120.530506029911,24.278326038043
臺中市清水區槺榔里17鄰中橫十三路15號,66,6601200,槺榔里,17鄰,中橫十三路,,,,,,15號,120.529678055858,24.279787384829
臺中市清水區槺榔里17鄰中橫十三路16號,66,6601200,槺榔里,17鄰,中橫十三路,,,,,,16號,120.531569841121,24.278439880599
臺中市清水區槺榔里17鄰中橫十三路21號,66,6601200,槺榔里,17鄰,中橫十三路,,,,,,21號,120.529699345636,24.279720599653
臺中市清水區槺榔里17鄰中橫十三路23號,66,6601200,槺榔里,17鄰,中橫十三路,,,,,,23號,120.52890385214,24.28058770549
臺中市清水區槺榔里17鄰中橫十三路28號,66,6601200,槺榔里,17鄰,中橫十三路,,,,,,28號,120.530463321718,24.279535030878
