FULL_ADDR,COUNTY,TOWN,VILLAGE,NEIGHBORHOOD,ROAD,SECTION,LANE,ALLEY,SUB_ALLEY,TONG,NUMBER,X,Y
臺中市大里區仁化里34鄰仁堤一街6號,66,6602800,仁化里,34鄰,仁堤一街,,,,,,6號,120.698994555956,24.09847986591
臺中市大里區仁化里34鄰仁堤一街8號,66,6602800,仁化里,34鄰,仁堤一街,,,,,,8號,120.698968307933,24.098515660855
臺中市大里區仁化里34鄰仁堤一街10號,66,6602800,仁化里,34鄰,仁堤一街,,,,,,10號,120.698939287613,24.098559215601
臺中市大里區仁化里34鄰仁堤一街12號,66,6602800,仁化里,34鄰,仁堤一街,,,,,,12號,120.69891086821,24.098598166541
臺中市大里區仁化里34鄰仁堤一街16號,66,6602800,仁化里,34鄰,仁堤一街,,,,,,16號,120.698887174595,24.098635230615
臺中市大里區仁化里34鄰仁堤一街18號,66,6602800,仁化里,34鄰,仁堤一街,,,,,,18號,120.698860719233,24.098675539821
