FULL_ADDR,COUNTY,TOWN,VILLAGE,NEIGHBORHOOD,ROAD,SECTION,LANE,ALLEY,SUB_ALLEY,TONG,NUMBER,X,Y
臺中市大里區健民里16鄰仁化工一路76號,66,6602800,健民里,16鄰,仁化工一路,,,,,,76號,120.726048287505,24.089733094349
臺中市大里區健民里16鄰仁化工一路96號,66,6602800,健民里,16鄰,仁化工一路,,,,,,96號,120.72573015618,24.089736587271
臺中市大里區健民里16鄰仁化工一路130號,66,6602800,健民里,16鄰,仁化工一路,,,,,,130號,120.725704242821,24.090286025088
臺中市大里區健民里16鄰仁化工一路150號,66,6602800,健民里,16鄰,仁化工一路,,,,,,150號,120.725820407346,24.090728204611
