FULL_ADDR,COUNTY,TOWN,VILLAGE,NEIGHBORHOOD,ROAD,SECTION,LANE,ALLEY,SUB_ALLEY,TONG,NUMBER,X,Y
臺中市清水區槺榔里17鄰中橫十四路83號,66,6601200,槺榔里,17鄰,中橫十四路,,,,,,83號,120.531390634422,24.279417788049
臺中市清水區槺榔里17鄰中橫十四路78號,66,6601200,槺榔里,17鄰,中橫十四路,,,,,,78號,120.530911982068,24.279935454763
臺中市清水區槺榔里17鄰中橫十四路81號,66,6601200,槺榔里,17鄰,中橫十四路,,,,,,81號,120.532218790202,24.279658922365
臺中市清水區槺榔里17鄰中橫十四路85號,66,6601200,槺榔里,17鄰,中橫十四路,,,,,,85號,120.53111095292,24.279563485072
