FULL_ADDR,COUNTY,TOWN,VILLAGE,NEIGHBORHOOD,ROAD,SECTION,LANE,ALLEY,SUB_ALLEY,TONG,NUMBER,X,Y
臺中市梧棲區下寮里2鄰中橫四路2號,66,6601400,下寮里,2鄰,中橫四路,,,,,,2號,120.527490027201,24.262697703303
臺中市梧棲區下寮里2鄰中橫四路6號,66,6601400,下寮里,2鄰,中橫四路,,,,,,6號,120.526522925027,24.263046124732
臺中市梧棲區下寮里2鄰中橫四路10號,66,6601400,下寮里,2鄰,中橫四路,,,,,,10號,120.525960335818,24.263053500595
臺中市梧棲區下寮里2鄰中橫四路16號,66,6601400,下寮里,2鄰,中橫四路,,,,,,16號,120.525995316824,24.262884775207
