FULL_ADDR,COUNTY,TOWN,VILLAGE,NEIGHBORHOOD,ROAD,SECTION,LANE,ALLEY,SUB_ALLEY,TONG,NUMBER,X,Y
臺中市烏日區烏日里20鄰一德街1號,66,6602300,烏日里,20鄰,一德街,,,,,,1號,120.625542032395,24.102521150769
臺中市烏日區烏日里20鄰一德街39號,66,6602300,烏日里,20鄰,一德街,,,,,,39號,120.625617410643,24.10265061734
臺中市烏日區烏日里20鄰一德街41號,66,6602300,烏日里,20鄰,一德街,,,,,,41號,120.625636186525,24.10270815306
臺中市烏日區烏日里20鄰一德街51號,66,6602300,烏日里,20鄰,一德街,,,,,,51號,120.62565545099,24.10299794234
臺中市烏日區烏日里20鄰一德街65號,66,6602300,烏日里,20鄰,一德街,,,,,,65號,120.625785148784,24.103211460425
