FULL_ADDR,COUNTY,TOWN,VILLAGE,NEIGHBORHOOD,ROAD,SECTION,LANE,ALLEY,SUB_ALLEY,TONG,NUMBER,X,Y
臺中市梧棲區草湳里13鄰大通路1號,66,6601400,草湳里,13鄰,大通路,,,,,,1號,120.514603802336,24.240192925657
臺中市梧棲區草湳里13鄰大通路2號,66,6601400,草湳里,13鄰,大通路,,,,,,2號,120.515251680396,24.24069362146
臺中市梧棲區草湳里13鄰大通路7號,66,6601400,草湳里,13鄰,大通路,,,,,,7號,120.513369009085,24.240089292389
臺中市梧棲區草湳里13鄰大通路8號,66,6601400,草湳里,13鄰,大通路,,,,,,8號,120.512344466579,24.241541075574
臺中市梧棲區草湳里13鄰大通路16號,66,6601400,草湳里,13鄰,大通路,,,,,,16號,120.51130393988,24.241915667725
臺中市梧棲區草湳里13鄰大通路31號,66,6601400,草湳里,13鄰,大通路,,,,,,31號,120.508249413483,24.242447473174
