FULL_ADDR,COUNTY,TOWN,VILLAGE,NEIGHBORHOOD,ROAD,SECTION,LANE,ALLEY,SUB_ALLEY,TONG,NUMBER,X,Y
臺中市太平區豐年里19鄰大源二七街1號,66,6602700,豐年里,19鄰,大源二七街,,,,,,1號,120.724775622865,24.140709779218
臺中市太平區豐年里19鄰大源二七街2號,66,6602700,豐年里,19鄰,大源二七街,,,,,,2號,120.724725847145,24.140612262867
臺中市太平區豐年里19鄰大源二七街3號,66,6602700,豐年里,19鄰,大源二七街,,,,,,3號,120.724944878348,24.140702048146
臺中市太平區豐年里19鄰大源二七街4號,66,6602700,豐年里,19鄰,大源二七街,,,,,,4號,120.724786373544,24.140605870866
臺中市太平區豐年里19鄰大源二七街5號,66,6602700,豐年里,19鄰,大源二七街,,,,,,5號,120.72502171603,24.140706069184
臺中市太平區豐年里19鄰大源二七街6號,66,6602700,豐年里,19鄰,大源二七街,,,,,,6號,120.724860767151,24.140602483517
臺中市太平區豐年里19鄰大源二七街8號,66,6602700,豐年里,19鄰,大源二七街,,,,,,8號,120.724939582316,24.140601993488
