FULL_ADDR,COUNTY,TOWN,VILLAGE,NEIGHBORHOOD,ROAD,SECTION,LANE,ALLEY,SUB_ALLEY,TONG,NUMBER,X,Y
臺中市清水區吳厝里6鄰大楊南街37號,66,6601200,吳厝里,6鄰,大楊南街,,,,,,37號,120.605972137957,24.276932894966
臺中市清水區吳厝里3鄰大楊南街15號,66,6601200,吳厝里,3鄰,大楊南街,,,,,,15號,120.605427858473,24.274360760306
臺中市清水區吳厝里6鄰大楊南街28號,66,6601200,吳厝里,6鄰,大楊南街,,,,,,28號,120.60716422563,24.276664628274
臺中市清水區吳厝里6鄰大楊南街30號,66,6601200,吳厝里,6鄰,大楊南街,,,,,,30號,120.607171125507,24.277056337901
臺中市清水區吳厝里6鄰大楊南街39號,66,6601200,吳厝里,6鄰,大楊南街,,,,,,39號,120.606581836891,24.27706326525
臺中市清水區吳厝里7鄰大楊南街81號,66,6601200,吳厝里,7鄰,大楊南街,,,,,,81號,120.608376516963,24.280778067947
臺中市清水區吳厝里8鄰大楊南街98號,66,6601200,吳厝里,8鄰,大楊南街,,,,,,98號,120.609231616565,24.281127916309
