FULL_ADDR,COUNTY,TOWN,VILLAGE,NEIGHBORHOOD,ROAD,SECTION,LANE,ALLEY,SUB_ALLEY,TONG,NUMBER,X,Y
臺中市梧棲區草湳里27鄰建國中二街220巷1號,66,6601400,草湳里,27鄰,建國中二街,,220巷,,,,1號,120.528382728251,24.249807989641
臺中市梧棲區草湳里27鄰建國中二街220巷3號,66,6601400,草湳里,27鄰,建國中二街,,220巷,,,,3號,120.528424531631,24.249794665887
臺中市梧棲區草湳里27鄰建國中二街220巷5號,66,6601400,草湳里,27鄰,建國中二街,,220巷,,,,5號,120.528462677747,24.24978503271
臺中市梧棲區草湳里27鄰建國中二街222之1號,66,6601400,草湳里,27鄰,建國中二街,,,,,,222之1號,120.528222046183,24.249785984216
臺中市梧棲區草湳里27鄰建國中二街222號,66,6601400,草湳里,27鄰,建國中二街,,,,,,222號,120.528213027473,24.24974812441
臺中市梧棲區草湳里27鄰建國中二街226之1號,66,6601400,草湳里,27鄰,建國中二街,,,,,,226之1號,120.528243034566,24.249862615883
臺中市梧棲區草湳里27鄰建國中二街226號,66,6601400,草湳里,27鄰,建國中二街,,,,,,226號,120.528230861285,24.249825649205
臺中市梧棲區草湳里27鄰建國中二街230號,66,6601400,草湳里,27鄰,建國中二街,,,,,,230號,120.528251273144,24.24989839658
