FULL_ADDR,COUNTY,TOWN,VILLAGE,NEIGHBORHOOD,ROAD,SECTION,LANE,ALLEY,SUB_ALLEY,TONG,NUMBER,X,Y
臺中市清水區海濱里14鄰北橫七路2之2號,66,6601200,海濱里,14鄰,北橫七路,,,,,,2之2號,120.532031926642,24.287935224846
臺中市清水區海濱里14鄰北橫七路2號,66,6601200,海濱里,14鄰,北橫七路,,,,,,2號,120.531453301999,24.288987365197
臺中市清水區海濱里14鄰北橫七路2之1號,66,6601200,海濱里,14鄰,北橫七路,,,,,,2之1號,120.531521004445,24.287952846398
臺中市清水區海濱里14鄰北橫七路6號,66,6601200,海濱里,14鄰,北橫七路,,,,,,6號,120.531051108287,24.288607338501
臺中市清水區海濱里14鄰北橫七路7號,66,6601200,海濱里,14鄰,北橫七路,,,,,,7號,120.53049143834,24.290336692897
