FULL_ADDR,COUNTY,TOWN,VILLAGE,NEIGHBORHOOD,ROAD,SECTION,LANE,ALLEY,SUB_ALLEY,TONG,NUMBER,X,Y
臺中市清水區海濱里14鄰北橫十二路16號,66,6601200,海濱里,14鄰,北橫十二路,,,,,,16號,120.516334175862,24.289238189028
臺中市清水區海濱里14鄰北橫十二路2之20號,66,6601200,海濱里,14鄰,北橫十二路,,,,,,2之20號,120.520099636689,24.28700325385
臺中市清水區海濱里14鄰北橫十二路6號,66,6601200,海濱里,14鄰,北橫十二路,,,,,,6號,120.522135991457,24.28818568358
臺中市清水區海濱里14鄰北橫十二路8號,66,6601200,海濱里,14鄰,北橫十二路,,,,,,8號,120.518233484514,24.289377210772
臺中市清水區海濱里14鄰北橫十二路8之7號,66,6601200,海濱里,14鄰,北橫十二路,,,,,,8之7號,120.519382712368,24.288607504835
臺中市清水區海濱里14鄰北橫十二路15號,66,6601200,海濱里,14鄰,北橫十二路,,,,,,15號,120.517031550409,24.289854272191
