FULL_ADDR,COUNTY,TOWN,VILLAGE,NEIGHBORHOOD,ROAD,SECTION,LANE,ALLEY,SUB_ALLEY,TONG,NUMBER,X,Y
臺中市北屯區廍子里2鄰太祥二街15號,66,6600800,廍子里,2鄰,太祥二街,,,,,,15號,120.731867470306,24.165780563649
臺中市北屯區廍子里2鄰太祥二街7號,66,6600800,廍子里,2鄰,太祥二街,,,,,,7號,120.732167021889,24.1657937219
臺中市北屯區廍子里2鄰太祥二街9號,66,6600800,廍子里,2鄰,太祥二街,,,,,,9號,120.7320972845,24.165783938073
臺中市北屯區廍子里2鄰太祥二街11號,66,6600800,廍子里,2鄰,太祥二街,,,,,,11號,120.732003377294,24.165785163636
