FULL_ADDR,COUNTY,TOWN,VILLAGE,NEIGHBORHOOD,ROAD,SECTION,LANE,ALLEY,SUB_ALLEY,TONG,NUMBER,X,Y
臺中市大甲區日南里19鄰幼九路6號,66,6601100,日南里,19鄰,幼九路,,,,,,6號,120.655353648238,24.39357257388
臺中市大甲區日南里19鄰幼九路7號,66,6601100,日南里,19鄰,幼九路,,,,,,7號,120.656714848826,24.396923817551
臺中市大甲區日南里19鄰幼九路9號,66,6601100,日南里,19鄰,幼九路,,,,,,9號,120.65709169687,24.397440678565
臺中市大甲區日南里19鄰幼九路11之1號,66,6601100,日南里,19鄰,幼九路,,,,,,11之1號,120.657600295219,24.397952662918
臺中市大甲區日南里19鄰幼九路11號,66,6601100,日南里,19鄰,幼九路,,,,,,11號,120.657380308401,24.397789715675
臺中市大甲區日南里19鄰幼九路12號,66,6601100,日南里,19鄰,幼九路,,,,,,12號,120.656133967552,24.395380852135
臺中市大甲區日南里19鄰幼九路13號,66,6601100,日南里,19鄰,幼九路,,,,,,13號,120.657729871053,24.398108236531
臺中市大甲區日南里19鄰幼九路16號,66,6601100,日南里,19鄰,幼九路,,,,,,16號,120.657650459596,24.396227505784
臺中市大甲區日南里19鄰幼九路18號,66,6601100,日南里,19鄰,幼九路,,,,,,18號,120.657757635744,24.397605709009
臺中市大甲區日南里19鄰幼九路20號,66,6601100,日南里,19鄰,幼九路,,,,,,20號,120.658546618461,24.398498272863
