FULL_ADDR,COUNTY,TOWN,VILLAGE,NEIGHBORHOOD,ROAD,SECTION,LANE,ALLEY,SUB_ALLEY,TONG,NUMBER,X,Y
臺中市西屯區協和里12鄰工業區九路8號,66,6600600,協和里,12鄰,工業區九路,,,,,,8號,120.602082511208,24.172993646924
臺中市西屯區協和里12鄰工業區九路8號二樓,66,6600600,協和里,12鄰,工業區九路,,,,,,8號二樓,120.602082511208,24.172993646924
臺中市西屯區協和里12鄰工業區九路8號六樓,66,6600600,協和里,12鄰,工業區九路,,,,,,8號六樓,120.602082511208,24.172993646924
臺中市西屯區協和里12鄰工業區九路2號,66,6600600,協和里,12鄰,工業區九路,,,,,,2號,120.602457656494,24.174236478181
臺中市西屯區協和里12鄰工業區九路2之1號,66,6600600,協和里,12鄰,工業區九路,,,,,,2之1號,120.602158863707,24.173541631326
臺中市西屯區協和里12鄰工業區九路10號,66,6600600,協和里,12鄰,工業區九路,,,,,,10號,120.602204481801,24.171772382646
臺中市西屯區協和里12鄰工業區九路12號,66,6600600,協和里,12鄰,工業區九路,,,,,,12號,120.601344212571,24.171773377923
臺中市西屯區協和里12鄰工業區九路14號,66,6600600,協和里,12鄰,工業區九路,,,,,,14號,120.601230539359,24.171330386665
臺中市西屯區協和里12鄰工業區九路15號,66,6600600,協和里,12鄰,工業區九路,,,,,,15號,120.601742469821,24.169786732589
臺中市西屯區協和里12鄰工業區九路16號,66,6600600,協和里,12鄰,工業區九路,,,,,,16號,120.601104378679,24.171137011823
臺中市西屯區協和里12鄰工業區九路18號,66,6600600,協和里,12鄰,工業區九路,,,,,,18號,120.60103552212,24.170840582687
臺中市西屯區協和里12鄰工業區九路20號,66,6600600,協和里,12鄰,工業區九路,,,,,,20號,120.600867249313,24.170549500532
臺中市西屯區協和里12鄰工業區九路22號,66,6600600,協和里,12鄰,工業區九路,,,,,,22號,120.600778463815,24.170300684421
臺中市西屯區協和里12鄰工業區九路26號,66,6600600,協和里,12鄰,工業區九路,,,,,,26號,120.6006183424,24.16963589442
