FULL_ADDR,COUNTY,TOWN,VILLAGE,NEIGHBORHOOD,ROAD,SECTION,LANE,ALLEY,SUB_ALLEY,TONG,NUMBER,X,Y
臺中市太平區德隆里18鄰工業十八路1之1號,66,6602700,德隆里,18鄰,工業十八路,,,,,,1之1號,120.719063500882,24.105255703575
臺中市太平區德隆里18鄰工業十八路1號,66,6602700,德隆里,18鄰,工業十八路,,,,,,1號,120.719122777806,24.105228363208
臺中市太平區德隆里18鄰工業十八路3之1號,66,6602700,德隆里,18鄰,工業十八路,,,,,,3之1號,120.718775841588,24.105405694308
臺中市太平區德隆里18鄰工業十八路6號,66,6602700,德隆里,18鄰,工業十八路,,,,,,6號,120.718684994337,24.105970676045
臺中市太平區德隆里18鄰工業十八路7號,66,6602700,德隆里,18鄰,工業十八路,,,,,,7號,120.718392934347,24.105579382698
臺中市太平區德隆里18鄰工業十八路8號,66,6602700,德隆里,18鄰,工業十八路,,,,,,8號,120.718514915711,24.106330725437
臺中市太平區德隆里18鄰工業十八路9號,66,6602700,德隆里,18鄰,工業十八路,,,,,,9號,120.718087256148,24.106075498257
