FULL_ADDR,COUNTY,TOWN,VILLAGE,NEIGHBORHOOD,ROAD,SECTION,LANE,ALLEY,SUB_ALLEY,TONG,NUMBER,X,Y
臺中市后里區泰安里1鄰圳頭路2號,66,6601500,泰安里,1鄰,圳頭路,,,,,,2號,120.757333360196,24.324230900414
臺中市后里區泰安里1鄰圳頭路11號,66,6601500,泰安里,1鄰,圳頭路,,,,,,11號,120.75477086755,24.319464930113
臺中市后里區泰安里1鄰圳頭路3號,66,6601500,泰安里,1鄰,圳頭路,,,,,,3號,120.7573409896,24.323177211812
臺中市后里區泰安里1鄰圳頭路3之1號,66,6601500,泰安里,1鄰,圳頭路,,,,,,3之1號,120.757429152444,24.322825423835
臺中市后里區泰安里1鄰圳頭路5號,66,6601500,泰安里,1鄰,圳頭路,,,,,,5號,120.755474764344,24.322677379693
臺中市后里區泰安里1鄰圳頭路6號,66,6601500,泰安里,1鄰,圳頭路,,,,,,6號,120.755415762325,24.322141576618
臺中市后里區泰安里1鄰圳頭路12號,66,6601500,泰安里,1鄰,圳頭路,,,,,,12號,120.755222735112,24.31876643322
