FULL_ADDR,COUNTY,TOWN,VILLAGE,NEIGHBORHOOD,ROAD,SECTION,LANE,ALLEY,SUB_ALLEY,TONG,NUMBER,X,Y
臺中市大里區大元里7鄰大衛一街6號,66,6602800,大元里,7鄰,大衛一街,,,,,,6號,120.681221401772,24.09501439013
臺中市大里區大元里7鄰大衛一街7號,66,6602800,大元里,7鄰,大衛一街,,,,,,7號,120.681195927917,24.095212622026
臺中市大里區大元里7鄰大衛一街8號,66,6602800,大元里,7鄰,大衛一街,,,,,,8號,120.681311700002,24.095092230992
臺中市大里區大元里7鄰大衛一街9號,66,6602800,大元里,7鄰,大衛一街,,,,,,9號,120.681271711319,24.095273367129
臺中市大里區大元里7鄰大衛一街10號,66,6602800,大元里,7鄰,大衛一街,,,,,,10號,120.681395608454,24.095208433318
臺中市大里區大元里7鄰大衛一街11號,66,6602800,大元里,7鄰,大衛一街,,,,,,11號,120.681345829162,24.095331490205
臺中市大里區大元里7鄰大衛一街12號,66,6602800,大元里,7鄰,大衛一街,,,,,,12號,120.681493578945,24.095286290062
臺中市大里區大元里7鄰大衛一街13號,66,6602800,大元里,7鄰,大衛一街,,,,,,13號,120.681421608016,24.095394131392
