FULL_ADDR,COUNTY,TOWN,VILLAGE,NEIGHBORHOOD,ROAD,SECTION,LANE,ALLEY,SUB_ALLEY,TONG,NUMBER,X,Y
臺中市霧峰區北勢里6鄰峰東路388號,66,6602600,北勢里,6鄰,峰東路,,,,,,388號,120.674006491585,24.033862263252
臺中市霧峰區北勢里6鄰峰東路398號,66,6602600,北勢里,6鄰,峰東路,,,,,,398號,120.674319332209,24.034419539541
臺中市霧峰區南勢里7鄰峰東路76號,66,6602600,南勢里,7鄰,峰東路,,,,,,76號,120.670477371618,24.029183429806
臺中市霧峰區南勢里2鄰峰東路268號,66,6602600,南勢里,2鄰,峰東路,,,,,,268號,120.672566084489,24.031731033031
臺中市霧峰區南勢里2鄰峰東路268號二樓,66,6602600,南勢里,2鄰,峰東路,,,,,,268號二樓,120.672566084489,24.031731033031
臺中市霧峰區南勢里2鄰峰東路268號三樓,66,6602600,南勢里,2鄰,峰東路,,,,,,268號三樓,120.672566084489,24.031731033031
