FULL_ADDR,COUNTY,TOWN,VILLAGE,NEIGHBORHOOD,ROAD,SECTION,LANE,ALLEY,SUB_ALLEY,TONG,NUMBER,X,Y
臺中市西屯區西平里24鄰凱旋路777號,66,6600600,西平里,24鄰,凱旋路,,,,,,777號,120.646012970539,24.189278616705
臺中市西屯區港尾里11鄰凱旋路999號,66,6600600,港尾里,11鄰,凱旋路,,,,,,999號,120.647550111066,24.195530464638
臺中市西屯區港尾里16鄰凱旋路600號,66,6600600,港尾里,16鄰,凱旋路,,,,,,600號,120.652320007872,24.187242889221
臺中市西屯區鵬程里12鄰凱旋路199號,66,6600600,鵬程里,12鄰,凱旋路,,,,,,199號,120.651036501542,24.179515126351
