FULL_ADDR,COUNTY,TOWN,VILLAGE,NEIGHBORHOOD,ROAD,SECTION,LANE,ALLEY,SUB_ALLEY,TONG,NUMBER,X,Y
臺中市太平區豐年里19鄰大源二九街8號,66,6602700,豐年里,19鄰,大源二九街,,,,,,8號,120.724936093351,24.140285084356
臺中市太平區豐年里19鄰大源二九街1號,66,6602700,豐年里,19鄰,大源二九街,,,,,,1號,120.724685401437,24.140385101965
臺中市太平區豐年里19鄰大源二九街2號,66,6602700,豐年里,19鄰,大源二九街,,,,,,2號,120.724694822377,24.140304848097
臺中市太平區豐年里19鄰大源二九街3號,66,6602700,豐年里,19鄰,大源二九街,,,,,,3號,120.724755568033,24.140379810881
臺中市太平區豐年里19鄰大源二九街4號,66,6602700,豐年里,19鄰,大源二九街,,,,,,4號,120.724770106385,24.140299114767
臺中市太平區豐年里19鄰大源二九街5號,66,6602700,豐年里,19鄰,大源二九街,,,,,,5號,120.724836071994,24.140371739301
臺中市太平區豐年里19鄰大源二九街6號,66,6602700,豐年里,19鄰,大源二九街,,,,,,6號,120.724844995844,24.140293832156
臺中市太平區豐年里19鄰大源二九街7號,66,6602700,豐年里,19鄰,大源二九街,,,,,,7號,120.724915983842,24.140364479253
