FULL_ADDR,COUNTY,TOWN,VILLAGE,NEIGHBORHOOD,ROAD,SECTION,LANE,ALLEY,SUB_ALLEY,TONG,NUMBER,X,Y
臺中市大甲區孟春里7鄰北堤西路70巷8號,66,6601100,孟春里,7鄰,北堤西路,,70巷,,,,8號,120.645690209459,24.381183937605
臺中市大甲區孟春里7鄰北堤西路18號,66,6601100,孟春里,7鄰,北堤西路,,,,,,18號,120.646723708079,24.378397062195
臺中市大甲區建興里3鄰北堤西路360號,66,6601100,建興里,3鄰,北堤西路,,,,,,360號,120.612655106057,24.403449227514
臺中市大甲區建興里7鄰北堤西路386號,66,6601100,建興里,7鄰,北堤西路,,,,,,386號,120.602703981816,24.409284068127
臺中市大甲區龍泉里1鄰北堤西路297號,66,6601100,龍泉里,1鄰,北堤西路,,,,,,297號,120.635517771317,24.389592609505
臺中市大甲區龍泉里1鄰北堤西路298號,66,6601100,龍泉里,1鄰,北堤西路,,,,,,298號,120.635470164222,24.389626335637
