FULL_ADDR,COUNTY,TOWN,VILLAGE,NEIGHBORHOOD,ROAD,SECTION,LANE,ALLEY,SUB_ALLEY,TONG,NUMBER,X,Y
臺中市梧棲區草湳里13鄰大成路1號,66,6601400,草湳里,13鄰,大成路,,,,,,1號,120.512461430152,24.234208492875
臺中市梧棲區草湳里13鄰大成路16號,66,6601400,草湳里,13鄰,大成路,,,,,,16號,120.508406435392,24.236170047537
臺中市梧棲區草湳里13鄰大成路18號,66,6601400,草湳里,13鄰,大成路,,,,,,18號,120.507948413397,24.236300843551
