FULL_ADDR,COUNTY,TOWN,VILLAGE,NEIGHBORHOOD,ROAD,SECTION,LANE,ALLEY,SUB_ALLEY,TONG,NUMBER,X,Y
臺中市和平區南勢里10鄰巴新街7號,66,6602900,南勢里,10鄰,巴新街,,,,,,7號,120.882540318477,24.176000025892
臺中市和平區南勢里10鄰巴新街30號,66,6602900,南勢里,10鄰,巴新街,,,,,,30號,120.883166894598,24.176877447442
臺中市和平區南勢里10鄰巴新街8之8號,66,6602900,南勢里,10鄰,巴新街,,,,,,8之8號,120.883484369253,24.176214782017
臺中市和平區南勢里10鄰巴新街8號,66,6602900,南勢里,10鄰,巴新街,,,,,,8號,120.883107854419,24.176078972243
臺中市和平區南勢里10鄰巴新街9號,66,6602900,南勢里,10鄰,巴新街,,,,,,9號,120.88255803728,24.176231480035
臺中市和平區南勢里10鄰巴新街10號,66,6602900,南勢里,10鄰,巴新街,,,,,,10號,120.883068961438,24.176220892958
臺中市和平區南勢里10鄰巴新街15號,66,6602900,南勢里,10鄰,巴新街,,,,,,15號,120.882784647815,24.176830183389
