FULL_ADDR,COUNTY,TOWN,VILLAGE,NEIGHBORHOOD,ROAD,SECTION,LANE,ALLEY,SUB_ALLEY,TONG,NUMBER,X,Y
臺中市東區泉源里1鄰復興東路60號,66,6600200,泉源里,1鄰,復興東路,,,,,,60號,120.694189406511,24.140031286076
臺中市東區泉源里1鄰復興東路68號,66,6600200,泉源里,1鄰,復興東路,,,,,,68號,120.69444899996,24.140159913947
臺中市東區泉源里3鄰復興東路72號,66,6600200,泉源里,3鄰,復興東路,,,,,,72號,120.694802665573,24.140297993559
臺中市東區泉源里1鄰復興東路171號,66,6600200,泉源里,1鄰,復興東路,,,,,,171號,120.694258176578,24.140360822684
