FULL_ADDR,COUNTY,TOWN,VILLAGE,NEIGHBORHOOD,ROAD,SECTION,LANE,ALLEY,SUB_ALLEY,TONG,NUMBER,X,Y
臺中市北屯區水景里9鄰和順二路39號,66,6600800,水景里,9鄰,和順二路,,,,,,39號,120.723442042172,24.168200500696
臺中市北屯區水景里9鄰和順二路47號,66,6600800,水景里,9鄰,和順二路,,,,,,47號,120.723217834554,24.168200834423
臺中市北屯區水景里9鄰和順二路69號,66,6600800,水景里,9鄰,和順二路,,,,,,69號,120.722727721153,24.168240874147
臺中市北屯區水景里9鄰和順二路76號,66,6600800,水景里,9鄰,和順二路,,,,,,76號,120.723106705441,24.168490148494
臺中市北屯區水景里9鄰和順二路92號,66,6600800,水景里,9鄰,和順二路,,,,,,92號,120.722834765841,24.168500381413
臺中市北屯區水景里9鄰和順二路59號,66,6600800,水景里,9鄰,和順二路,,,,,,59號,120.722964169432,24.168238883921
臺中市北屯區水景里9鄰和順二路70號,66,6600800,水景里,9鄰,和順二路,,,,,,70號,120.723230860857,24.168476595099
