FULL_ADDR,COUNTY,TOWN,VILLAGE,NEIGHBORHOOD,ROAD,SECTION,LANE,ALLEY,SUB_ALLEY,TONG,NUMBER,X,Y
臺中市西屯區協和里12鄰工業區十七路1號,66,6600600,協和里,12鄰,工業區十七路,,,,,,1號,120.590985387846,24.178229758409
臺中市西屯區協和里12鄰工業區十七路2之1號,66,6600600,協和里,12鄰,工業區十七路,,,,,,2之1號,120.591783391763,24.179344657154
臺中市西屯區協和里12鄰工業區十七路2號,66,6600600,協和里,12鄰,工業區十七路,,,,,,2號,120.591180517677,24.179293101372
臺中市西屯區協和里12鄰工業區十七路2之2號,66,6600600,協和里,12鄰,工業區十七路,,,,,,2之2號,120.59183408622,24.179683027185
臺中市西屯區協和里12鄰工業區十七路4號,66,6600600,協和里,12鄰,工業區十七路,,,,,,4號,120.590364061661,24.178934716746
臺中市西屯區協和里12鄰工業區十七路6號,66,6600600,協和里,12鄰,工業區十七路,,,,,,6號,120.5899288089,24.178573190959
