FULL_ADDR,COUNTY,TOWN,VILLAGE,NEIGHBORHOOD,ROAD,SECTION,LANE,ALLEY,SUB_ALLEY,TONG,NUMBER,X,Y
臺中市霧峰區南勢里5鄰峰北路368號,66,6602600,南勢里,5鄰,峰北路,,,,,,368號,120.674959480556,24.0250377434
臺中市霧峰區南勢里7鄰峰北路688號,66,6602600,南勢里,7鄰,峰北路,,,,,,688號,120.670575677938,24.02933616659
臺中市霧峰區南勢里3鄰峰北路296號,66,6602600,南勢里,3鄰,峰北路,,,,,,296號,120.67860778295,24.022830893831
臺中市霧峰區南勢里6鄰峰北路666號,66,6602600,南勢里,6鄰,峰北路,,,,,,666號,120.671138615633,24.026565571162
臺中市霧峰區南勢里6鄰峰北路668號,66,6602600,南勢里,6鄰,峰北路,,,,,,668號,120.671181398199,24.026686052605
臺中市霧峰區南勢里6鄰峰北路670號,66,6602600,南勢里,6鄰,峰北路,,,,,,670號,120.671112154414,24.02682435248
