FULL_ADDR,COUNTY,TOWN,VILLAGE,NEIGHBORHOOD,ROAD,SECTION,LANE,ALLEY,SUB_ALLEY,TONG,NUMBER,X,Y
臺中市霧峰區坑口里8鄰復興一街15號,66,6602600,坑口里,8鄰,復興一街,,,,,,15號,120.710487216323,24.041170349324
臺中市霧峰區坑口里8鄰復興一街17號,66,6602600,坑口里,8鄰,復興一街,,,,,,17號,120.710550248439,24.041232202841
臺中市霧峰區坑口里8鄰復興一街29號,66,6602600,坑口里,8鄰,復興一街,,,,,,29號,120.710727274459,24.042077594707
臺中市霧峰區坑口里8鄰復興一街16之8號,66,6602600,坑口里,8鄰,復興一街,,,,,,16之8號,120.711534950504,24.042617219432
臺中市霧峰區坑口里8鄰復興一街16號,66,6602600,坑口里,8鄰,復興一街,,,,,,16號,120.711005810841,24.042108098397
臺中市霧峰區坑口里8鄰復興一街16之5號,66,6602600,坑口里,8鄰,復興一街,,,,,,16之5號,120.711475979886,24.042208525661
臺中市霧峰區坑口里8鄰復興一街18號,66,6602600,坑口里,8鄰,復興一街,,,,,,18號,120.711127866136,24.042907417048
