FULL_ADDR,COUNTY,TOWN,VILLAGE,NEIGHBORHOOD,ROAD,SECTION,LANE,ALLEY,SUB_ALLEY,TONG,NUMBER,X,Y
臺中市大肚區大東里14鄰平和東街50號,66,6602400,大東里,14鄰,平和東街,,,,,,50號,120.547841022676,24.148077827138
臺中市大肚區大東里14鄰平和東街56號,66,6602400,大東里,14鄰,平和東街,,,,,,56號,120.5484013263,24.148302245799
臺中市大肚區大東里7鄰平和東街3號,66,6602400,大東里,7鄰,平和東街,,,,,,3號,120.546337619783,24.148609339983
臺中市大肚區大東里7鄰平和東街5號,66,6602400,大東里,7鄰,平和東街,,,,,,5號,120.546410686488,24.14857444254
臺中市大肚區大東里14鄰平和東街41號,66,6602400,大東里,14鄰,平和東街,,,,,,41號,120.548228775255,24.148492883629
臺中市大肚區大東里14鄰平和東街60號,66,6602400,大東里,14鄰,平和東街,,,,,,60號,120.548563599405,24.148315709871
臺中市大肚區大東里14鄰平和東街62號,66,6602400,大東里,14鄰,平和東街,,,,,,62號,120.54873393214,24.148340466061
