FULL_ADDR,COUNTY,TOWN,VILLAGE,NEIGHBORHOOD,ROAD,SECTION,LANE,ALLEY,SUB_ALLEY,TONG,NUMBER,X,Y
臺中市大甲區日南里19鄰工三路15號,66,6601100,日南里,19鄰,工三路,,,,,,15號,120.647374560572,24.410131622754
臺中市大甲區日南里19鄰工三路16號,66,6601100,日南里,19鄰,工三路,,,,,,16號,120.647058823578,24.409888188106
臺中市大甲區日南里19鄰工三路18號,66,6601100,日南里,19鄰,工三路,,,,,,18號,120.647396186442,24.409623070719
臺中市大甲區日南里19鄰工三路20號,66,6601100,日南里,19鄰,工三路,,,,,,20號,120.647725644875,24.4095054677
