FULL_ADDR,COUNTY,TOWN,VILLAGE,NEIGHBORHOOD,ROAD,SECTION,LANE,ALLEY,SUB_ALLEY,TONG,NUMBER,X,Y
臺中市大甲區日南里19鄰幼六路1號,66,6601100,日南里,19鄰,幼六路,,,,,,1號,120.650794025219,24.398673681605
臺中市大甲區日南里19鄰幼六路5號,66,6601100,日南里,19鄰,幼六路,,,,,,5號,120.65171149137,24.400112216921
臺中市大甲區日南里19鄰幼六路9之2號,66,6601100,日南里,19鄰,幼六路,,,,,,9之2號,120.652577740792,24.400824833511
臺中市大甲區日南里19鄰幼六路9號,66,6601100,日南里,19鄰,幼六路,,,,,,9號,120.65259785757,24.400861438053
臺中市大甲區日南里19鄰幼六路16號,66,6601100,日南里,19鄰,幼六路,,,,,,16號,120.653943306374,24.401688874552
臺中市大甲區日南里19鄰幼六路20號,66,6601100,日南里,19鄰,幼六路,,,,,,20號,120.655136154284,24.403611294899
