FULL_ADDR,COUNTY,TOWN,VILLAGE,NEIGHBORHOOD,ROAD,SECTION,LANE,ALLEY,SUB_ALLEY,TONG,NUMBER,X,Y
臺中市西屯區協和里12鄰工業區十一路8號,66,6600600,協和里,12鄰,工業區十一路,,,,,,8號,120.599403930555,24.176403347278
臺中市西屯區協和里12鄰工業區十一路13之1號,66,6600600,協和里,12鄰,工業區十一路,,,,,,13之1號,120.59975675265,24.1749352281
臺中市西屯區協和里12鄰工業區十一路13之2號,66,6600600,協和里,12鄰,工業區十一路,,,,,,13之2號,120.599683837017,24.174757287401
臺中市西屯區協和里12鄰工業區十一路13號,66,6600600,協和里,12鄰,工業區十一路,,,,,,13號,120.599864656258,24.175103581241
臺中市西屯區協和里12鄰工業區十一路13之3號,66,6600600,協和里,12鄰,工業區十一路,,,,,,13之3號,120.600159293402,24.175407374807
臺中市西屯區協和里12鄰工業區十一路13之5號,66,6600600,協和里,12鄰,工業區十一路,,,,,,13之5號,120.600542329285,24.176253875146
臺中市西屯區協和里12鄰工業區十一路15號,66,6600600,協和里,12鄰,工業區十一路,,,,,,15號,120.599702119243,24.174424120883
臺中市西屯區協和里12鄰工業區十一路17號,66,6600600,協和里,12鄰,工業區十一路,,,,,,17號,120.59953146985,24.174231521921
