FULL_ADDR,COUNTY,TOWN,VILLAGE,NEIGHBORHOOD,ROAD,SECTION,LANE,ALLEY,SUB_ALLEY,TONG,NUMBER,X,Y
臺中市太平區永隆里12鄰園區一路21號,66,6602700,永隆里,12鄰,園區一路,,,,,,21號,120.727269798261,24.100061730622
臺中市太平區永隆里12鄰園區一路23號,66,6602700,永隆里,12鄰,園區一路,,,,,,23號,120.727383791945,24.10022577228
臺中市太平區德隆里4鄰園區一路1號,66,6602700,德隆里,4鄰,園區一路,,,,,,1號,120.726504028234,24.098806306259
臺中市太平區德隆里4鄰園區一路3號,66,6602700,德隆里,4鄰,園區一路,,,,,,3號,120.726633636831,24.098959261244
臺中市太平區德隆里4鄰園區一路7號,66,6602700,德隆里,4鄰,園區一路,,,,,,7號,120.72676420176,24.099215189019
臺中市太平區德隆里4鄰園區一路17號,66,6602700,德隆里,4鄰,園區一路,,,,,,17號,120.727128982733,24.099719563332
