FULL_ADDR,COUNTY,TOWN,VILLAGE,NEIGHBORHOOD,ROAD,SECTION,LANE,ALLEY,SUB_ALLEY,TONG,NUMBER,X,Y
臺中市大甲區龍泉里10鄰吉祥三街168巷5號,66,6601100,龍泉里,10鄰,吉祥三街,,168巷,,,,5號,120.63377701459,24.407707351557
臺中市大甲區龍泉里10鄰吉祥三街168巷6號,66,6601100,龍泉里,10鄰,吉祥三街,,168巷,,,,6號,120.633774575462,24.407571902034
臺中市大甲區龍泉里10鄰吉祥三街168巷7號,66,6601100,龍泉里,10鄰,吉祥三街,,168巷,,,,7號,120.633825781132,24.40768514085
臺中市大甲區龍泉里10鄰吉祥三街168巷8號,66,6601100,龍泉里,10鄰,吉祥三街,,168巷,,,,8號,120.633825781786,24.4075474761
臺中市大甲區龍泉里10鄰吉祥三街168巷9號,66,6601100,龍泉里,10鄰,吉祥三街,,168巷,,,,9號,120.63387211072,24.407660721165
臺中市大甲區龍泉里10鄰吉祥三街107號,66,6601100,龍泉里,10鄰,吉祥三街,,,,,,107號,120.635713934952,24.406145027274
臺中市大甲區龍泉里10鄰吉祥三街125號,66,6601100,龍泉里,10鄰,吉祥三街,,,,,,125號,120.634925008312,24.406410511314
臺中市大甲區龍泉里9鄰吉祥三街208號,66,6601100,龍泉里,9鄰,吉祥三街,,,,,,208號,120.632429570296,24.407807269612
臺中市大甲區龍泉里9鄰吉祥三街251號,66,6601100,龍泉里,9鄰,吉祥三街,,,,,,251號,120.630386346694,24.408066555622
