FULL_ADDR,COUNTY,TOWN,VILLAGE,NEIGHBORHOOD,ROAD,SECTION,LANE,ALLEY,SUB_ALLEY,TONG,NUMBER,X,Y
臺中市梧棲區大庄里47鄰光華東街36號,66,6601400,大庄里,47鄰,光華東街,,,,,,36號,120.551743628011,24.245732373791
臺中市梧棲區大庄里47鄰光華東街38號,66,6601400,大庄里,47鄰,光華東街,,,,,,38號,120.551766782959,24.245784720509
臺中市梧棲區大庄里47鄰光華東街50號,66,6601400,大庄里,47鄰,光華東街,,,,,,50號,120.552087396415,24.245871630694
臺中市梧棲區大庄里47鄰光華東街52號,66,6601400,大庄里,47鄰,光華東街,,,,,,52號,120.552093757812,24.24591101631
臺中市梧棲區大庄里47鄰光華東街56號,66,6601400,大庄里,47鄰,光華東街,,,,,,56號,120.552100513423,24.245950312796
臺中市梧棲區大庄里47鄰光華東街58號,66,6601400,大庄里,47鄰,光華東街,,,,,,58號,120.552059799599,24.246003699416
臺中市梧棲區大庄里47鄰光華東街60號,66,6601400,大庄里,47鄰,光華東街,,,,,,60號,120.552112638976,24.24603088809
臺中市梧棲區大庄里47鄰光華東街62號,66,6601400,大庄里,47鄰,光華東街,,,,,,62號,120.552124723952,24.246066859492
