FULL_ADDR,COUNTY,TOWN,VILLAGE,NEIGHBORHOOD,ROAD,SECTION,LANE,ALLEY,SUB_ALLEY,TONG,NUMBER,X,Y
臺中市北屯區平陽里3鄰平陽街31號,66,6600800,平陽里,3鄰,平陽街,,,,,,31號,120.677694406867,24.177935055792
臺中市北屯區平陽里3鄰平陽街31號二樓之1,66,6600800,平陽里,3鄰,平陽街,,,,,,31號二樓之1,120.677694406867,24.177935055792
臺中市北屯區平陽里3鄰平陽街31號二樓之2,66,6600800,平陽里,3鄰,平陽街,,,,,,31號二樓之2,120.677694406867,24.177935055792
臺中市北屯區平陽里3鄰平陽街35號,66,6600800,平陽里,3鄰,平陽街,,,,,,35號,120.67782870078,24.177878717016
臺中市北屯區平陽里3鄰平陽街37號,66,6600800,平陽里,3鄰,平陽街,,,,,,37號,120.677878687329,24.177875382466
臺中市北屯區平陽里3鄰平陽街39號,66,6600800,平陽里,3鄰,平陽街,,,,,,39號,120.677929893531,24.177866479413
