FULL_ADDR,COUNTY,TOWN,VILLAGE,NEIGHBORHOOD,ROAD,SECTION,LANE,ALLEY,SUB_ALLEY,TONG,NUMBER,X,Y
臺中市大甲區龍泉里6鄰吉祥一街9號,66,6601100,龍泉里,6鄰,吉祥一街,,,,,,9號,120.637810372588,24.401653362384
臺中市大甲區龍泉里6鄰吉祥一街12號,66,6601100,龍泉里,6鄰,吉祥一街,,,,,,12號,120.638227651637,24.402086730675
臺中市大甲區龍泉里6鄰吉祥一街28號,66,6601100,龍泉里,6鄰,吉祥一街,,,,,,28號,120.63788410106,24.402179359551
臺中市大甲區龍泉里3鄰吉祥一街121號,66,6601100,龍泉里,3鄰,吉祥一街,,,,,,121號,120.633080947894,24.40336090555
