FULL_ADDR,COUNTY,TOWN,VILLAGE,NEIGHBORHOOD,ROAD,SECTION,LANE,ALLEY,SUB_ALLEY,TONG,NUMBER,X,Y
臺中市西屯區西墩里18鄰僑大一街15號,66,6600600,西墩里,18鄰,僑大一街,,,,,,15號,120.64254302283,24.187938534957
臺中市西屯區西墩里18鄰僑大一街33號,66,6600600,西墩里,18鄰,僑大一街,,,,,,33號,120.642197547215,24.187933471683
臺中市西屯區西墩里18鄰僑大一街58號,66,6600600,西墩里,18鄰,僑大一街,,,,,,58號,120.641712751946,24.188330612699
臺中市西屯區西墩里18鄰僑大一街72巷2號,66,6600600,西墩里,18鄰,僑大一街,,72巷,,,,2號,120.641520218622,24.188191109787
臺中市西屯區西墩里18鄰僑大一街72巷8號,66,6600600,西墩里,18鄰,僑大一街,,72巷,,,,8號,120.641536122939,24.188276383192
臺中市西屯區西墩里18鄰僑大一街72巷10號,66,6600600,西墩里,18鄰,僑大一街,,72巷,,,,10號,120.641484535006,24.188350491235
臺中市西屯區西墩里18鄰僑大一街72巷12號,66,6600600,西墩里,18鄰,僑大一街,,72巷,,,,12號,120.641490265311,24.188381601406
臺中市西屯區西墩里18鄰僑大一街72巷16號,66,6600600,西墩里,18鄰,僑大一街,,72巷,,,,16號,120.641543655841,24.188423261457
臺中市西屯區西墩里18鄰僑大一街72巷22號,66,6600600,西墩里,18鄰,僑大一街,,72巷,,,,22號,120.641584208035,24.188539969413
