FULL_ADDR,COUNTY,TOWN,VILLAGE,NEIGHBORHOOD,ROAD,SECTION,LANE,ALLEY,SUB_ALLEY,TONG,NUMBER,X,Y
臺中市清水區吳厝里6鄰吳厝三街22號,66,6601200,吳厝里,6鄰,吳厝三街,,,,,,22號,120.608844522194,24.275052804145
臺中市清水區吳厝里6鄰吳厝三街36號,66,6601200,吳厝里,6鄰,吳厝三街,,,,,,36號,120.607999626528,24.275028353155
臺中市清水區吳厝里3鄰吳厝三街119巷7號,66,6601200,吳厝里,3鄰,吳厝三街,,119巷,,,,7號,120.604056779431,24.274578463123
臺中市清水區吳厝里3鄰吳厝三街119巷9號,66,6601200,吳厝里,3鄰,吳厝三街,,119巷,,,,9號,120.604056780076,24.27410534678
臺中市清水區吳厝里6鄰吳厝三街159號,66,6601200,吳厝里,6鄰,吳厝三街,,,,,,159號,120.603334902408,24.275574577817
