FULL_ADDR,COUNTY,TOWN,VILLAGE,NEIGHBORHOOD,ROAD,SECTION,LANE,ALLEY,SUB_ALLEY,TONG,NUMBER,X,Y
臺中市大甲區西岐里4鄰如意一街108巷28號,66,6601100,西岐里,4鄰,如意一街,,108巷,,,,28號,120.628593279844,24.413079392814
臺中市大甲區西岐里5鄰如意一街36巷18號,66,6601100,西岐里,5鄰,如意一街,,36巷,,,,18號,120.629965643688,24.415734243685
臺中市大甲區西岐里4鄰如意一街106號,66,6601100,西岐里,4鄰,如意一街,,,,,,106號,120.629170428256,24.412850000248
臺中市大甲區西岐里4鄰如意一街108巷18號,66,6601100,西岐里,4鄰,如意一街,,108巷,,,,18號,120.62880051216,24.413002197822
臺中市大甲區西岐里4鄰如意一街108巷36號,66,6601100,西岐里,4鄰,如意一街,,108巷,,,,36號,120.628535286462,24.413391697785
