FULL_ADDR,COUNTY,TOWN,VILLAGE,NEIGHBORHOOD,ROAD,SECTION,LANE,ALLEY,SUB_ALLEY,TONG,NUMBER,X,Y
臺中市大里區國光里5鄰六桂一路24號,66,6602800,國光里,5鄰,六桂一路,,,,,,24號,120.680991809645,24.108207618674
臺中市大里區國光里5鄰六桂一路26號,66,6602800,國光里,5鄰,六桂一路,,,,,,26號,120.681027508013,24.108211575814
臺中市大里區國光里5鄰六桂一路28號,66,6602800,國光里,5鄰,六桂一路,,,,,,28號,120.681065949311,24.108220143642
臺中市大里區國光里5鄰六桂一路30號,66,6602800,國光里,5鄰,六桂一路,,,,,,30號,120.681102042727,24.108223469535
臺中市大里區國光里5鄰六桂一路32號,66,6602800,國光里,5鄰,六桂一路,,,,,,32號,120.681150806532,24.108234587103
臺中市大里區國光里5鄰六桂一路34號,66,6602800,國光里,5鄰,六桂一路,,,,,,34號,120.681189549884,24.10824035643
臺中市大里區國光里5鄰六桂一路36號,66,6602800,國光里,5鄰,六桂一路,,,,,,36號,120.681234588864,24.108246138879
臺中市大里區國光里5鄰六桂一路38之1號,66,6602800,國光里,5鄰,六桂一路,,,,,,38之1號,120.681303123101,24.108258019986
臺中市大里區國光里5鄰六桂一路38號,66,6602800,國光里,5鄰,六桂一路,,,,,,38號,120.681271065263,24.108253709329
