FULL_ADDR,COUNTY,TOWN,VILLAGE,NEIGHBORHOOD,ROAD,SECTION,LANE,ALLEY,SUB_ALLEY,TONG,NUMBER,X,Y
臺中市太平區太平里7鄰太平十三街5號,66,6602700,太平里,7鄰,太平十三街,,,,,,5號,120.718112998698,24.122270163842
臺中市太平區太平里7鄰太平十三街20號,66,6602700,太平里,7鄰,太平十三街,,,,,,20號,120.717812290702,24.122090213278
臺中市太平區太平里7鄰太平十三街32號,66,6602700,太平里,7鄰,太平十三街,,,,,,32號,120.717550775373,24.121901720588
臺中市太平區太平里7鄰太平十三街38號,66,6602700,太平里,7鄰,太平十三街,,,,,,38號,120.717484586566,24.121757670173
臺中市太平區太平里7鄰太平十三街42號,66,6602700,太平里,7鄰,太平十三街,,,,,,42號,120.717402766662,24.121653319999
臺中市太平區太平里7鄰太平十三街48號,66,6602700,太平里,7鄰,太平十三街,,,,,,48號,120.717253959288,24.121544782589
