FULL_ADDR,COUNTY,TOWN,VILLAGE,NEIGHBORHOOD,ROAD,SECTION,LANE,ALLEY,SUB_ALLEY,TONG,NUMBER,X,Y
臺中市大甲區日南里5鄰幼二路32巷1號,66,6601100,日南里,5鄰,幼二路,,32巷,,,,1號,120.647041515453,24.40539770109
臺中市大甲區日南里5鄰幼二路36號,66,6601100,日南里,5鄰,幼二路,,,,,,36號,120.647253608343,24.40585660587
臺中市大甲區日南里11鄰幼二路125號,66,6601100,日南里,11鄰,幼二路,,,,,,125號,120.646360683885,24.404875293703
臺中市大甲區日南里10鄰幼二路131號,66,6601100,日南里,10鄰,幼二路,,,,,,131號,120.646542298088,24.405192734405
臺中市大甲區日南里12鄰幼二路137號,66,6601100,日南里,12鄰,幼二路,,,,,,137號,120.645854504565,24.404041791843
臺中市大甲區日南里7鄰幼二路153號,66,6601100,日南里,7鄰,幼二路,,,,,,153號,120.646996366492,24.406039935821
臺中市大甲區日南里7鄰幼二路155號,66,6601100,日南里,7鄰,幼二路,,,,,,155號,120.647066104803,24.406065587204
