FULL_ADDR,COUNTY,TOWN,VILLAGE,NEIGHBORHOOD,ROAD,SECTION,LANE,ALLEY,SUB_ALLEY,TONG,NUMBER,X,Y
臺中市梧棲區草湳里13鄰南橫一路101號,66,6601400,草湳里,13鄰,南橫一路,,,,,,101號,120.518131256529,24.250503276183
臺中市梧棲區草湳里13鄰南橫一路468號,66,6601400,草湳里,13鄰,南橫一路,,,,,,468號,120.514062344728,24.252636976679
臺中市梧棲區草湳里13鄰南橫一路1號,66,6601400,草湳里,13鄰,南橫一路,,,,,,1號,120.521611244549,24.249235804684
臺中市梧棲區草湳里13鄰南橫一路500號,66,6601400,草湳里,13鄰,南橫一路,,,,,,500號,120.513511784413,24.252793948024
