FULL_ADDR,COUNTY,TOWN,VILLAGE,NEIGHBORHOOD,ROAD,SECTION,LANE,ALLEY,SUB_ALLEY,TONG,NUMBER,X,Y
臺中市北屯區仁美里9鄰崇德十三路1號,66,6600800,仁美里,9鄰,崇德十三路,,,,,,1號,120.687565845882,24.193865814178
臺中市北屯區仁美里9鄰崇德十三路15號,66,6600800,仁美里,9鄰,崇德十三路,,,,,,15號,120.68714261071,24.193873072318
臺中市北屯區仁美里9鄰崇德十三路33號,66,6600800,仁美里,9鄰,崇德十三路,,,,,,33號,120.686837090036,24.193898106019
臺中市北屯區仁美里9鄰崇德十三路33號二樓,66,6600800,仁美里,9鄰,崇德十三路,,,,,,33號二樓,120.686837090032,24.193898106019
臺中市北屯區仁美里9鄰崇德十三路68號,66,6600800,仁美里,9鄰,崇德十三路,,,,,,68號,120.685508928625,24.194162221928
