FULL_ADDR,COUNTY,TOWN,VILLAGE,NEIGHBORHOOD,ROAD,SECTION,LANE,ALLEY,SUB_ALLEY,TONG,NUMBER,X,Y
臺中市北屯區舊社里1鄰敦富九街8號,66,6600800,舊社里,1鄰,敦富九街,,,,,,8號,120.70810063413,24.190780925696
臺中市北屯區舊社里1鄰敦富九街8號二樓,66,6600800,舊社里,1鄰,敦富九街,,,,,,8號二樓,120.70810063413,24.190780925696
臺中市北屯區舊社里1鄰敦富九街8號三樓,66,6600800,舊社里,1鄰,敦富九街,,,,,,8號三樓,120.70810063413,24.190780925696
臺中市北屯區舊社里1鄰敦富九街18號,66,6600800,舊社里,1鄰,敦富九街,,,,,,18號,120.707846360525,24.190778966773
臺中市北屯區舊社里1鄰敦富九街18號二樓,66,6600800,舊社里,1鄰,敦富九街,,,,,,18號二樓,120.707846360525,24.190778966773
