FULL_ADDR,COUNTY,TOWN,VILLAGE,NEIGHBORHOOD,ROAD,SECTION,LANE,ALLEY,SUB_ALLEY,TONG,NUMBER,X,Y
臺中市北屯區仁美里19鄰松強二街28號,66,6600800,仁美里,19鄰,松強二街,,,,,,28號,120.691855861643,24.190062744834
臺中市北屯區松強里8鄰松強二街15號,66,6600800,松強里,8鄰,松強二街,,,,,,15號,120.692061964749,24.189846883316
臺中市北屯區松強里8鄰松強二街16號,66,6600800,松強里,8鄰,松強二街,,,,,,16號,120.69206220843,24.190057798451
臺中市北屯區松強里8鄰松強二街17號,66,6600800,松強里,8鄰,松強二街,,,,,,17號,120.691935230362,24.189796054313
臺中市北屯區松強里8鄰松強二街18號,66,6600800,松強里,8鄰,松強二街,,,,,,18號,120.691951262506,24.190054459181
