FULL_ADDR,COUNTY,TOWN,VILLAGE,NEIGHBORHOOD,ROAD,SECTION,LANE,ALLEY,SUB_ALLEY,TONG,NUMBER,X,Y
臺中市北屯區同榮里11鄰榮昌街66號,66,6600800,同榮里,11鄰,榮昌街,,,,,,66號,120.678809718887,24.197341879659
臺中市北屯區同榮里11鄰榮昌街89號,66,6600800,同榮里,11鄰,榮昌街,,,,,,89號,120.677643323459,24.197101559355
臺中市北屯區同榮里11鄰榮昌街102號,66,6600800,同榮里,11鄰,榮昌街,,,,,,102號,120.677607357649,24.197279937367
臺中市北屯區同榮里11鄰榮昌街106號,66,6600800,同榮里,11鄰,榮昌街,,,,,,106號,120.677554445104,24.197320745981
