FULL_ADDR,COUNTY,TOWN,VILLAGE,NEIGHBORHOOD,ROAD,SECTION,LANE,ALLEY,SUB_ALLEY,TONG,NUMBER,X,Y
臺中市北屯區同榮里10鄰敦和六街116號,66,6600800,同榮里,10鄰,敦和六街,,,,,,116號,120.672953664263,24.194143364114
臺中市北屯區后庄里23鄰敦和六街27號,66,6600800,后庄里,23鄰,敦和六街,,,,,,27號,120.674751877454,24.193950266126
臺中市北屯區后庄里23鄰敦和六街29號,66,6600800,后庄里,23鄰,敦和六街,,,,,,29號,120.674645662422,24.193949280967
臺中市北屯區后庄里23鄰敦和六街35號,66,6600800,后庄里,23鄰,敦和六街,,,,,,35號,120.674463808478,24.193946472812
