FULL_ADDR,COUNTY,TOWN,VILLAGE,NEIGHBORHOOD,ROAD,SECTION,LANE,ALLEY,SUB_ALLEY,TONG,NUMBER,X,Y
臺中市南區崇倫里17鄰慶順一街46號,66,6600300,崇倫里,17鄰,慶順一街,,,,,,46號,120.656620412924,24.12559243446
臺中市南區崇倫里17鄰慶順一街48號,66,6600300,崇倫里,17鄰,慶順一街,,,,,,48號,120.656590908584,24.125658534992
臺中市南區崇倫里5鄰慶順一街138號,66,6600300,崇倫里,5鄰,慶順一街,,,,,,138號,120.655736613751,24.127428588699
臺中市南區崇倫里5鄰慶順一街138號二樓,66,6600300,崇倫里,5鄰,慶順一街,,,,,,138號二樓,120.655736613751,24.127428588699
臺中市南區崇倫里5鄰慶順一街138號三樓,66,6600300,崇倫里,5鄰,慶順一街,,,,,,138號三樓,120.655736613751,24.127428588699
臺中市南區崇倫里5鄰慶順一街138號四樓,66,6600300,崇倫里,5鄰,慶順一街,,,,,,138號四樓,120.655736613751,24.127428588699
