FULL_ADDR,COUNTY,TOWN,VILLAGE,NEIGHBORHOOD,ROAD,SECTION,LANE,ALLEY,SUB_ALLEY,TONG,NUMBER,X,Y
臺中市大甲區日南里19鄰東九街3號,66,6601100,日南里,19鄰,東九街,,,,,,3號,120.662293033534,24.402166668094
臺中市大甲區日南里19鄰東九街5號,66,6601100,日南里,19鄰,東九街,,,,,,5號,120.662232268317,24.40262285811
臺中市大甲區日南里19鄰東九街6號,66,6601100,日南里,19鄰,東九街,,,,,,6號,120.662637958861,24.402485501381
臺中市大甲區日南里19鄰東九街7號,66,6601100,日南里,19鄰,東九街,,,,,,7號,120.662021945615,24.403036729525
臺中市大甲區日南里19鄰東九街8號,66,6601100,日南里,19鄰,東九街,,,,,,8號,120.662544386054,24.402848403057
