FULL_ADDR,COUNTY,TOWN,VILLAGE,NEIGHBORHOOD,ROAD,SECTION,LANE,ALLEY,SUB_ALLEY,TONG,NUMBER,X,Y
臺中市北屯區松強里8鄰松柏五街17號,66,6600800,松強里,8鄰,松柏五街,,,,,,17號,120.695988200445,24.189855974398
臺中市北屯區松強里8鄰松柏五街19號,66,6600800,松強里,8鄰,松柏五街,,,,,,19號,120.695941932892,24.189856586397
臺中市北屯區松強里8鄰松柏五街20號,66,6600800,松強里,8鄰,松柏五街,,,,,,20號,120.696101188899,24.190172513054
臺中市北屯區松強里8鄰松柏五街21號,66,6600800,松強里,8鄰,松柏五街,,,,,,21號,120.695884264928,24.189857193695
臺中市北屯區松強里8鄰松柏五街22號,66,6600800,松強里,8鄰,松柏五街,,,,,,22號,120.696039497857,24.190206764473
臺中市北屯區松強里8鄰松柏五街28號,66,6600800,松強里,8鄰,松柏五街,,,,,,28號,120.695914348408,24.190051653872
臺中市北屯區松強里8鄰松柏五街62號,66,6600800,松強里,8鄰,松柏五街,,,,,,62號,120.695371494036,24.190065657859
臺中市北屯區松強里8鄰松柏五街66號,66,6600800,松強里,8鄰,松柏五街,,,,,,66號,120.695313021801,24.190064186602
臺中市北屯區松強里8鄰松柏五街68號,66,6600800,松強里,8鄰,松柏五街,,,,,,68號,120.695256158756,24.19006320612
