FULL_ADDR,COUNTY,TOWN,VILLAGE,NEIGHBORHOOD,ROAD,SECTION,LANE,ALLEY,SUB_ALLEY,TONG,NUMBER,X,Y
臺中市清水區武鹿里14鄰清海街121號,66,6601200,武鹿里,14鄰,清海街,,,,,,121號,120.55179364984,24.276307993114
臺中市清水區武鹿里14鄰清海街123號,66,6601200,武鹿里,14鄰,清海街,,,,,,123號,120.551747382158,24.27632999597
臺中市清水區武鹿里14鄰清海街125號,66,6601200,武鹿里,14鄰,清海街,,,,,,125號,120.551699101555,24.276347117179
臺中市清水區武鹿里14鄰清海街127號,66,6601200,武鹿里,14鄰,清海街,,,,,,127號,120.551654845239,24.276365451108
臺中市清水區武鹿里14鄰清海街129號,66,6601200,武鹿里,14鄰,清海街,,,,,,129號,120.551611259579,24.276387461832
臺中市清水區武鹿里14鄰清海街131號,66,6601200,武鹿里,14鄰,清海街,,,,,,131號,120.551553592437,24.276413746899
