FULL_ADDR,COUNTY,TOWN,VILLAGE,NEIGHBORHOOD,ROAD,SECTION,LANE,ALLEY,SUB_ALLEY,TONG,NUMBER,X,Y
臺中市大甲區日南里19鄰東一街1號,66,6601100,日南里,19鄰,東一街,,,,,,1號,120.663849830523,24.401919640188
臺中市大甲區日南里19鄰東一街2號,66,6601100,日南里,19鄰,東一街,,,,,,2號,120.663390838619,24.402003430065
臺中市大甲區日南里19鄰東一街3號,66,6601100,日南里,19鄰,東一街,,,,,,3號,120.663211352772,24.401647288462
臺中市大甲區日南里19鄰東一街5號,66,6601100,日南里,19鄰,東一街,,,,,,5號,120.662416684271,24.401383407305
臺中市大甲區日南里19鄰東一街6號,66,6601100,日南里,19鄰,東一街,,,,,,6號,120.662991067248,24.401836217779
臺中市大甲區日南里19鄰東一街7號,66,6601100,日南里,19鄰,東一街,,,,,,7號,120.66201902722,24.401243564076
臺中市大甲區日南里19鄰東一街8號,66,6601100,日南里,19鄰,東一街,,,,,,8號,120.662511349854,24.401655129315
臺中市大甲區日南里19鄰東一街9號,66,6601100,日南里,19鄰,東一街,,,,,,9號,120.661523162472,24.400995694103
臺中市大甲區日南里19鄰東一街10號,66,6601100,日南里,19鄰,東一街,,,,,,10號,120.662000364462,24.401476470588
臺中市大甲區日南里19鄰東一街11之1號,66,6601100,日南里,19鄰,東一街,,,,,,11之1號,120.661151761769,24.400854634199
臺中市大甲區日南里19鄰東一街11之2號,66,6601100,日南里,19鄰,東一街,,,,,,11之2號,120.661120062559,24.400847972103
臺中市大甲區日南里19鄰東一街11號,66,6601100,日南里,19鄰,東一街,,,,,,11號,120.661185898262,24.400860182146
臺中市大甲區日南里19鄰東一街12號,66,6601100,日南里,19鄰,東一街,,,,,,12號,120.661356311284,24.401283183631
臺中市大甲區日南里19鄰東一街15之1號,66,6601100,日南里,19鄰,東一街,,,,,,15之1號,120.660188647206,24.399621471581
臺中市大甲區日南里19鄰東一街15號,66,6601100,日南里,19鄰,東一街,,,,,,15號,120.660422997533,24.400412720843
臺中市大甲區日南里19鄰東一街16號,66,6601100,日南里,19鄰,東一街,,,,,,16號,120.661086653995,24.40115596677
臺中市大甲區日南里19鄰東一街17號,66,6601100,日南里,19鄰,東一街,,,,,,17號,120.660308544373,24.399384503577
臺中市大甲區日南里19鄰東一街18號,66,6601100,日南里,19鄰,東一街,,,,,,18號,120.660658260836,24.401005586587
