FULL_ADDR,COUNTY,TOWN,VILLAGE,NEIGHBORHOOD,ROAD,SECTION,LANE,ALLEY,SUB_ALLEY,TONG,NUMBER,X,Y
臺中市后里區月眉里11鄰月眉南路188號,66,6601500,月眉里,11鄰,月眉南路,,,,,,188號,120.690669901725,24.321862893004
臺中市后里區月眉里11鄰月眉南路197號,66,6601500,月眉里,11鄰,月眉南路,,,,,,197號,120.689631838671,24.320963976042
臺中市后里區月眉里11鄰月眉南路199號,66,6601500,月眉里,11鄰,月眉南路,,,,,,199號,120.689445080498,24.321160699599
