FULL_ADDR,COUNTY,TOWN,VILLAGE,NEIGHBORHOOD,ROAD,SECTION,LANE,ALLEY,SUB_ALLEY,TONG,NUMBER,X,Y
臺中市西屯區惠來里7鄰惠中六街9號,66,6600600,惠來里,7鄰,惠中六街,,,,,,9號,120.641531914654,24.160400835363
臺中市西屯區惠來里7鄰惠中六街1號,66,6600600,惠來里,7鄰,惠中六街,,,,,,1號,120.641329562423,24.159931469761
臺中市西屯區惠來里7鄰惠中六街3號,66,6600600,惠來里,7鄰,惠中六街,,,,,,3號,120.641456024737,24.160145823929
臺中市西屯區惠來里7鄰惠中六街23號,66,6600600,惠來里,7鄰,惠中六街,,,,,,23號,120.641711118262,24.160543954898
