FULL_ADDR,COUNTY,TOWN,VILLAGE,NEIGHBORHOOD,ROAD,SECTION,LANE,ALLEY,SUB_ALLEY,TONG,NUMBER,X,Y
臺中市南屯區春社里15鄰永新路33號,66,6600700,春社里,15鄰,永新路,,,,,,33號,120.591550415969,24.139824573901
臺中市南屯區春社里15鄰永新路63號,66,6600700,春社里,15鄰,永新路,,,,,,63號,120.592056085863,24.139977554317
臺中市南屯區春社里15鄰永新路67號,66,6600700,春社里,15鄰,永新路,,,,,,67號,120.591925130683,24.139974035059
臺中市南屯區春社里15鄰永新路69號,66,6600700,春社里,15鄰,永新路,,,,,,69號,120.59176224726,24.140020289885
臺中市南屯區春社里15鄰永新路71號,66,6600700,春社里,15鄰,永新路,,,,,,71號,120.591788963138,24.139942158906
臺中市南屯區春社里15鄰永新路73號,66,6600700,春社里,15鄰,永新路,,,,,,73號,120.591634015609,24.139997554366
臺中市南屯區春社里15鄰永新路75號,66,6600700,春社里,15鄰,永新路,,,,,,75號,120.591639159671,24.139926598147
臺中市南屯區春社里15鄰永新路77號,66,6600700,春社里,15鄰,永新路,,,,,,77號,120.591491415341,24.139929083211
臺中市南屯區春社里15鄰永新路79號,66,6600700,春社里,15鄰,永新路,,,,,,79號,120.591490542511,24.139996303712
