FULL_ADDR,COUNTY,TOWN,VILLAGE,NEIGHBORHOOD,ROAD,SECTION,LANE,ALLEY,SUB_ALLEY,TONG,NUMBER,X,Y
臺中市太平區中興里6鄰永義五街10號,66,6602700,中興里,6鄰,永義五街,,,,,,10號,120.713578056027,24.129646023739
臺中市太平區中興里6鄰永義五街11號,66,6602700,中興里,6鄰,永義五街,,,,,,11號,120.71358087463,24.129794110358
臺中市太平區中興里6鄰永義五街15號,66,6602700,中興里,6鄰,永義五街,,,,,,15號,120.713790688541,24.130256084063
臺中市太平區中興里6鄰永義五街21號,66,6602700,中興里,6鄰,永義五街,,,,,,21號,120.714014321457,24.129774642761
