FULL_ADDR,COUNTY,TOWN,VILLAGE,NEIGHBORHOOD,ROAD,SECTION,LANE,ALLEY,SUB_ALLEY,TONG,NUMBER,X,Y
臺中市神岡區豐洲里35鄰東洲三街19號,66,6601600,豐洲里,35鄰,東洲三街,,,,,,19號,120.710864189195,24.260600787411
臺中市神岡區豐洲里35鄰東洲三街10號,66,6601600,豐洲里,35鄰,東洲三街,,,,,,10號,120.711067915208,24.260944022058
臺中市神岡區豐洲里35鄰東洲三街21號,66,6601600,豐洲里,35鄰,東洲三街,,,,,,21號,120.710926731736,24.2606236418
臺中市神岡區豐洲里35鄰東洲三街28號,66,6601600,豐洲里,35鄰,東洲三街,,,,,,28號,120.71058243511,24.260657921
