FULL_ADDR,COUNTY,TOWN,VILLAGE,NEIGHBORHOOD,ROAD,SECTION,LANE,ALLEY,SUB_ALLEY,TONG,NUMBER,X,Y
臺中市北屯區后庄里5鄰榮貴街18號,66,6600800,后庄里,5鄰,榮貴街,,,,,,18號,120.667836070442,24.192910323389
臺中市北屯區后庄里5鄰榮貴街37號,66,6600800,后庄里,5鄰,榮貴街,,,,,,37號,120.667444467457,24.193366006317
臺中市北屯區后庄里5鄰榮貴街39號,66,6600800,后庄里,5鄰,榮貴街,,,,,,39號,120.667428374096,24.19344429993
臺中市北屯區后庄里5鄰榮貴街158號,66,6600800,后庄里,5鄰,榮貴街,,,,,,158號,120.667619664552,24.194940953792
