FULL_ADDR,COUNTY,TOWN,VILLAGE,NEIGHBORHOOD,ROAD,SECTION,LANE,ALLEY,SUB_ALLEY,TONG,NUMBER,X,Y
臺中市大安區松雅里6鄰松三街2號,66,6602200,松雅里,6鄰,松三街,,,,,,2號,120.603284699961,24.361872034974
臺中市大安區松雅里6鄰松三街10號,66,6602200,松雅里,6鄰,松三街,,,,,,10號,120.603324462028,24.362023383882
臺中市大安區松雅里6鄰松三街20號,66,6602200,松雅里,6鄰,松三街,,,,,,20號,120.603358572733,24.362203114217
臺中市大安區松雅里5鄰松三街30號,66,6602200,松雅里,5鄰,松三街,,,,,,30號,120.603373114386,24.362514734208
