FULL_ADDR,COUNTY,TOWN,VILLAGE,NEIGHBORHOOD,ROAD,SECTION,LANE,ALLEY,SUB_ALLEY,TONG,NUMBER,X,Y
臺中市沙鹿區興安里20鄰新站一路52號,66,6601300,興安里,20鄰,新站一路,,,,,,52號,120.555071239696,24.235942808696
臺中市沙鹿區興安里20鄰新站一路56號,66,6601300,興安里,20鄰,新站一路,,,,,,56號,120.554995536834,24.235962568829
臺中市沙鹿區興安里20鄰新站一路58號,66,6601300,興安里,20鄰,新站一路,,,,,,58號,120.554878719635,24.236004573821
臺中市沙鹿區興安里20鄰新站一路60號,66,6601300,興安里,20鄰,新站一路,,,,,,60號,120.554728981141,24.236053335519
