FULL_ADDR,COUNTY,TOWN,VILLAGE,NEIGHBORHOOD,ROAD,SECTION,LANE,ALLEY,SUB_ALLEY,TONG,NUMBER,X,Y
臺中市豐原區翁明里5鄰明仁街22巷5號,66,6600900,翁明里,5鄰,明仁街,,22巷,,,,5號,120.72495946174,24.255466621723
臺中市豐原區翁明里5鄰明仁街22巷6號,66,6600900,翁明里,5鄰,明仁街,,22巷,,,,6號,120.725045576339,24.255499589533
臺中市豐原區翁明里5鄰明仁街22巷12號,66,6600900,翁明里,5鄰,明仁街,,22巷,,,,12號,120.72495617019,24.255640816258
臺中市豐原區翁明里5鄰明仁街42之1號,66,6600900,翁明里,5鄰,明仁街,,,,,,42之1號,120.725137138835,24.255389165273
臺中市豐原區翁明里5鄰明仁街42號,66,6600900,翁明里,5鄰,明仁街,,,,,,42號,120.725043261516,24.255350043623
臺中市豐原區豐原里12鄰明仁街46號,66,6600900,豐原里,12鄰,明仁街,,,,,,46號,120.725120007753,24.255232026114
臺中市豐原區豐原里12鄰明仁街50號,66,6600900,豐原里,12鄰,明仁街,,,,,,50號,120.725236236974,24.255147244161
