FULL_ADDR,COUNTY,TOWN,VILLAGE,NEIGHBORHOOD,ROAD,SECTION,LANE,ALLEY,SUB_ALLEY,TONG,NUMBER,X,Y
臺中市霧峰區本堂里8鄰法治北街1號,66,6602600,本堂里,8鄰,法治北街,,,,,,1號,120.70016819063,24.060332092763
臺中市霧峰區本堂里8鄰法治北街2號,66,6602600,本堂里,8鄰,法治北街,,,,,,2號,120.700091081763,24.060263083292
臺中市霧峰區本堂里8鄰法治北街3號,66,6602600,本堂里,8鄰,法治北街,,,,,,3號,120.700209187522,24.060318628939
臺中市霧峰區本堂里8鄰法治北街4號,66,6602600,本堂里,8鄰,法治北街,,,,,,4號,120.700125950322,24.06022389168
臺中市霧峰區本堂里8鄰法治北街5號,66,6602600,本堂里,8鄰,法治北街,,,,,,5號,120.700253176258,24.060304078403
臺中市霧峰區本堂里8鄰法治北街7號,66,6602600,本堂里,8鄰,法治北街,,,,,,7號,120.70029319901,24.060290883531
臺中市霧峰區本堂里8鄰法治北街8號,66,6602600,本堂里,8鄰,法治北街,,,,,,8號,120.700267565123,24.060184367389
臺中市霧峰區本堂里8鄰法治北街10號,66,6602600,本堂里,8鄰,法治北街,,,,,,10號,120.700448763236,24.060184487384
臺中市霧峰區本堂里8鄰法治北街12號,66,6602600,本堂里,8鄰,法治北街,,,,,,12號,120.700398077467,24.060388200334
