FULL_ADDR,COUNTY,TOWN,VILLAGE,NEIGHBORHOOD,ROAD,SECTION,LANE,ALLEY,SUB_ALLEY,TONG,NUMBER,X,Y
臺中市東勢區中寧里4鄰正一街1號,66,6601000,中寧里,4鄰,正一街,,,,,,1號,120.825167951921,24.257460599
臺中市東勢區中寧里4鄰正一街2號,66,6601000,中寧里,4鄰,正一街,,,,,,2號,120.825374254316,24.257036939952
臺中市東勢區中寧里4鄰正一街7號,66,6601000,中寧里,4鄰,正一街,,,,,,7號,120.82559274416,24.257365403721
臺中市東勢區中寧里4鄰正一街7號二樓,66,6601000,中寧里,4鄰,正一街,,,,,,7號二樓,120.825631747969,24.257379100656
臺中市東勢區中寧里4鄰正一街8號,66,6601000,中寧里,4鄰,正一街,,,,,,8號,120.825639897582,24.257095781278
臺中市東勢區中寧里4鄰正一街9號,66,6601000,中寧里,4鄰,正一街,,,,,,9號,120.825381514149,24.257531191163
