FULL_ADDR,COUNTY,TOWN,VILLAGE,NEIGHBORHOOD,ROAD,SECTION,LANE,ALLEY,SUB_ALLEY,TONG,NUMBER,X,Y
臺中市北屯區同榮里33鄰洲際一街116號,66,6600800,同榮里,33鄰,洲際一街,,,,,,116號,120.681998133962,24.19808118169
臺中市北屯區同榮里33鄰洲際一街118號,66,6600800,同榮里,33鄰,洲際一街,,,,,,118號,120.68199276951,24.198208401676
臺中市北屯區同榮里33鄰洲際一街120號,66,6600800,同榮里,33鄰,洲際一街,,,,,,120號,120.681998133352,24.198477520667
臺中市北屯區同榮里33鄰洲際一街122號,66,6600800,同榮里,33鄰,洲際一街,,,,,,122號,120.681998133769,24.198560698127
