FULL_ADDR,COUNTY,TOWN,VILLAGE,NEIGHBORHOOD,ROAD,SECTION,LANE,ALLEY,SUB_ALLEY,TONG,NUMBER,X,Y
臺中市豐原區翁明里3鄰明興街3號,66,6600900,翁明里,3鄰,明興街,,,,,,3號,120.727363975364,24.256450230888
臺中市豐原區翁明里3鄰明興街5號,66,6600900,翁明里,3鄰,明興街,,,,,,5號,120.72731043252,24.256527424926
臺中市豐原區翁明里3鄰明興街6號,66,6600900,翁明里,3鄰,明興街,,,,,,6號,120.727564546626,24.256653828652
臺中市豐原區翁明里3鄰明興街7號,66,6600900,翁明里,3鄰,明興街,,,,,,7號,120.72715551215,24.256714683756
臺中市豐原區翁明里3鄰明興街10號,66,6600900,翁明里,3鄰,明興街,,,,,,10號,120.727388973641,24.256733305206
