FULL_ADDR,COUNTY,TOWN,VILLAGE,NEIGHBORHOOD,ROAD,SECTION,LANE,ALLEY,SUB_ALLEY,TONG,NUMBER,X,Y
臺中市北屯區大德里15鄰榮德二路262號,66,6600800,大德里,15鄰,榮德二路,,,,,,262號,120.670763030475,24.185913376305
臺中市北屯區大德里15鄰榮德二路266號,66,6600800,大德里,15鄰,榮德二路,,,,,,266號,120.670732856098,24.185890737988
臺中市北屯區大德里15鄰榮德二路268號,66,6600800,大德里,15鄰,榮德二路,,,,,,268號,120.670702681367,24.185876677461
臺中市北屯區大德里15鄰榮德二路270號,66,6600800,大德里,15鄰,榮德二路,,,,,,270號,120.670661106564,24.185853427602
臺中市北屯區仁和里5鄰榮德二路60號,66,6600800,仁和里,5鄰,榮德二路,,,,,,60號,120.673887133257,24.187900442701
臺中市北屯區仁和里8鄰榮德二路101號,66,6600800,仁和里,8鄰,榮德二路,,,,,,101號,120.672632103976,24.186784589556
