FULL_ADDR,COUNTY,TOWN,VILLAGE,NEIGHBORHOOD,ROAD,SECTION,LANE,ALLEY,SUB_ALLEY,TONG,NUMBER,X,Y
臺中市西屯區惠來里7鄰惠中七街28號,66,6600600,惠來里,7鄰,惠中七街,,,,,,28號,120.641495047495,24.160716412031
臺中市西屯區惠來里4鄰惠中七街36號,66,6600600,惠來里,4鄰,惠中七街,,,,,,36號,120.641910948475,24.161262594145
臺中市西屯區惠來里4鄰惠中七街36號二樓之1,66,6600600,惠來里,4鄰,惠中七街,,,,,,36號二樓之1,120.641910948475,24.161262594145
臺中市西屯區惠來里4鄰惠中七街36號二樓之2,66,6600600,惠來里,4鄰,惠中七街,,,,,,36號二樓之2,120.641910948475,24.161262594145
臺中市西屯區惠來里4鄰惠中七街36號三樓之1,66,6600600,惠來里,4鄰,惠中七街,,,,,,36號三樓之1,120.641910948475,24.161262594145
