FULL_ADDR,COUNTY,TOWN,VILLAGE,NEIGHBORHOOD,ROAD,SECTION,LANE,ALLEY,SUB_ALLEY,TONG,NUMBER,X,Y
臺中市西屯區潮洋里20鄰朝富三街2號,66,6600600,潮洋里,20鄰,朝富三街,,,,,,2號,120.63603849057,24.165269428818
臺中市西屯區潮洋里20鄰朝富三街8號,66,6600600,潮洋里,20鄰,朝富三街,,,,,,8號,120.636120472034,24.165373785954
臺中市西屯區潮洋里20鄰朝富三街21號,66,6600600,潮洋里,20鄰,朝富三街,,,,,,21號,120.636134110703,24.165839656115
臺中市西屯區潮洋里20鄰朝富三街32號,66,6600600,潮洋里,20鄰,朝富三街,,,,,,32號,120.63632367663,24.165705861125
臺中市西屯區潮洋里20鄰朝富三街32號二樓,66,6600600,潮洋里,20鄰,朝富三街,,,,,,32號二樓,120.63632367663,24.165705861125
