FULL_ADDR,COUNTY,TOWN,VILLAGE,NEIGHBORHOOD,ROAD,SECTION,LANE,ALLEY,SUB_ALLEY,TONG,NUMBER,X,Y
臺中市北屯區仁和里3鄰敦和五街60號,66,6600800,仁和里,3鄰,敦和五街,,,,,,60號,120.673818737649,24.191320985054
臺中市北屯區仁和里3鄰敦和五街62號,66,6600800,仁和里,3鄰,敦和五街,,,,,,62號,120.673867017137,24.191339580276
臺中市北屯區仁和里3鄰敦和五街66號,66,6600800,仁和里,3鄰,敦和五街,,,,,,66號,120.673954993126,24.191186903207
臺中市北屯區仁和里3鄰敦和五街68號,66,6600800,仁和里,3鄰,敦和五街,,,,,,68號,120.674046188832,24.191227034647
臺中市北屯區仁和里3鄰敦和五街70號,66,6600800,仁和里,3鄰,敦和五街,,,,,,70號,120.673947482963,24.191371869482
臺中市北屯區仁和里3鄰敦和五街72號,66,6600800,仁和里,3鄰,敦和五街,,,,,,72號,120.673998981713,24.191391446708
臺中市北屯區仁和里3鄰敦和五街120號,66,6600800,仁和里,3鄰,敦和五街,,,,,,120號,120.674968063429,24.191939009688
臺中市北屯區后庄里23鄰敦和五街26號,66,6600800,后庄里,23鄰,敦和五街,,,,,,26號,120.673286989107,24.19162644355
臺中市北屯區后庄里23鄰敦和五街28號,66,6600800,后庄里,23鄰,敦和五街,,,,,,28號,120.673339292629,24.191567730063
