FULL_ADDR,COUNTY,TOWN,VILLAGE,NEIGHBORHOOD,ROAD,SECTION,LANE,ALLEY,SUB_ALLEY,TONG,NUMBER,X,Y
臺中市北屯區仁和里3鄰榮德三路50號,66,6600800,仁和里,3鄰,榮德三路,,,,,,50號,120.674585848653,24.192887385411
臺中市北屯區后庄里23鄰榮德三路58號,66,6600800,后庄里,23鄰,榮德三路,,,,,,58號,120.674403727357,24.192871059835
臺中市北屯區后庄里1鄰榮德三路139號,66,6600800,后庄里,1鄰,榮德三路,,,,,,139號,120.672052502495,24.191377501517
臺中市北屯區后庄里7鄰榮德三路372號,66,6600800,后庄里,7鄰,榮德三路,,,,,,372號,120.669042527567,24.190212398127
臺中市北屯區后庄里7鄰榮德三路376號,66,6600800,后庄里,7鄰,榮德三路,,,,,,376號,120.668956697315,24.190171291171
臺中市北屯區后庄里7鄰榮德三路378號,66,6600800,后庄里,7鄰,榮德三路,,,,,,378號,120.668877303478,24.190132139439
臺中市北屯區后庄里7鄰榮德三路380號,66,6600800,后庄里,7鄰,榮德三路,,,,,,380號,120.668645560345,24.190004919311
