FULL_ADDR,COUNTY,TOWN,VILLAGE,NEIGHBORHOOD,ROAD,SECTION,LANE,ALLEY,SUB_ALLEY,TONG,NUMBER,X,Y
臺中市太平區長億里12鄰永祥北街7號,66,6602700,長億里,12鄰,永祥北街,,,,,,7號,120.721000220306,24.114443753006
臺中市太平區長億里12鄰永祥北街9號,66,6602700,長億里,12鄰,永祥北街,,,,,,9號,120.721023381634,24.114469167832
臺中市太平區長億里12鄰永祥北街11號,66,6602700,長億里,12鄰,永祥北街,,,,,,11號,120.721052935733,24.114495316676
臺中市太平區長億里12鄰永祥北街13號,66,6602700,長億里,12鄰,永祥北街,,,,,,13號,120.72108083783,24.114512071952
臺中市太平區長億里12鄰永祥北街15號,66,6602700,長億里,12鄰,永祥北街,,,,,,15號,120.721108611431,24.11454273222
