FULL_ADDR,COUNTY,TOWN,VILLAGE,NEIGHBORHOOD,ROAD,SECTION,LANE,ALLEY,SUB_ALLEY,TONG,NUMBER,X,Y
臺中市北屯區松強里8鄰松觀街22號,66,6600800,松強里,8鄰,松觀街,,,,,,22號,120.692980194981,24.186306246129
臺中市北屯區松強里8鄰松觀街37號,66,6600800,松強里,8鄰,松觀街,,,,,,37號,120.69247084946,24.186105663559
臺中市北屯區松強里8鄰松觀街39號,66,6600800,松強里,8鄰,松觀街,,,,,,39號,120.692408061032,24.18610622311
臺中市北屯區松強里8鄰松觀街51號,66,6600800,松強里,8鄰,松觀街,,,,,,51號,120.692342956782,24.186104638023
臺中市北屯區松強里5鄰松觀街98號二樓之1,66,6600800,松強里,5鄰,松觀街,,,,,,98號二樓之1,120.691517516627,24.186321577638
臺中市北屯區松強里5鄰松觀街98號二樓之2,66,6600800,松強里,5鄰,松觀街,,,,,,98號二樓之2,120.691517516627,24.186321577638
臺中市北屯區松強里5鄰松觀街98號二樓之3,66,6600800,松強里,5鄰,松觀街,,,,,,98號二樓之3,120.691517516627,24.186321577638
臺中市北屯區松強里5鄰松觀街98號三樓之1,66,6600800,松強里,5鄰,松觀街,,,,,,98號三樓之1,120.691517516627,24.186321577638
臺中市北屯區松強里5鄰松觀街98號三樓之2,66,6600800,松強里,5鄰,松觀街,,,,,,98號三樓之2,120.691517516627,24.186321577638
臺中市北屯區松強里5鄰松觀街98號三樓之3,66,6600800,松強里,5鄰,松觀街,,,,,,98號三樓之3,120.691517516627,24.186321577638
臺中市北屯區松強里5鄰松觀街98號四樓之1,66,6600800,松強里,5鄰,松觀街,,,,,,98號四樓之1,120.691517516627,24.186321577638
臺中市北屯區松強里5鄰松觀街98號四樓之2,66,6600800,松強里,5鄰,松觀街,,,,,,98號四樓之2,120.691517516627,24.186321577638
臺中市北屯區松強里5鄰松觀街98號四樓之3,66,6600800,松強里,5鄰,松觀街,,,,,,98號四樓之3,120.691517516627,24.186321577638
臺中市北屯區松強里5鄰松觀街98號五樓之1,66,6600800,松強里,5鄰,松觀街,,,,,,98號五樓之1,120.691517516627,24.186321577638
臺中市北屯區松強里5鄰松觀街98號五樓之2,66,6600800,松強里,5鄰,松觀街,,,,,,98號五樓之2,120.691517516627,24.186321577638
臺中市北屯區松強里5鄰松觀街98號五樓之3,66,6600800,松強里,5鄰,松觀街,,,,,,98號五樓之3,120.691517516627,24.186321577638
臺中市北屯區松強里5鄰松觀街108號,66,6600800,松強里,5鄰,松觀街,,,,,,108號,120.691382878234,24.186337386264
