FULL_ADDR,COUNTY,TOWN,VILLAGE,NEIGHBORHOOD,ROAD,SECTION,LANE,ALLEY,SUB_ALLEY,TONG,NUMBER,X,Y
臺中市北屯區松強里8鄰松強路1號,66,6600800,松強里,8鄰,松強路,,,,,,1號,120.692324638704,24.188432906695
臺中市北屯區松強里8鄰松強路25號,66,6600800,松強里,8鄰,松強路,,,,,,25號,120.692283673723,24.189017559424
臺中市北屯區松強里8鄰松強路68號,66,6600800,松強里,8鄰,松強路,,,,,,68號,120.692663043865,24.189650147795
臺中市北屯區松強里8鄰松強路70號,66,6600800,松強里,8鄰,松強路,,,,,,70號,120.69277390796,24.189653405116
臺中市北屯區松強里8鄰松強路72號,66,6600800,松強里,8鄰,松強路,,,,,,72號,120.692886561455,24.189651772098
臺中市北屯區松強里8鄰松強路83號,66,6600800,松強里,8鄰,松強路,,,,,,83號,120.692320980471,24.190160279481
臺中市北屯區松強里8鄰松強路85號,66,6600800,松強里,8鄰,松強路,,,,,,85號,120.692327076359,24.190229230236
