FULL_ADDR,COUNTY,TOWN,VILLAGE,NEIGHBORHOOD,ROAD,SECTION,LANE,ALLEY,SUB_ALLEY,TONG,NUMBER,X,Y
臺中市北屯區同榮里10鄰洲際五街100號,66,6600800,同榮里,10鄰,洲際五街,,,,,,100號,120.672345808229,24.194506993745
臺中市北屯區同榮里6鄰洲際五街217號,66,6600800,同榮里,6鄰,洲際五街,,,,,,217號,120.672121971364,24.198255004469
臺中市北屯區同榮里6鄰洲際五街219號,66,6600800,同榮里,6鄰,洲際五街,,,,,,219號,120.672118753002,24.198356784226
臺中市北屯區后庄里23鄰洲際五街7號,66,6600800,后庄里,23鄰,洲際五街,,,,,,7號,120.671963624287,24.19344747398
