FULL_ADDR,COUNTY,TOWN,VILLAGE,NEIGHBORHOOD,ROAD,SECTION,LANE,ALLEY,SUB_ALLEY,TONG,NUMBER,X,Y
臺中市南屯區文山里39鄰精科三路1號,66,6600700,文山里,39鄰,精科三路,,,,,,1號,120.596786118107,24.150198327772
臺中市南屯區文山里39鄰精科三路2號,66,6600700,文山里,39鄰,精科三路,,,,,,2號,120.597362689318,24.149606068313
臺中市南屯區文山里39鄰精科三路3號,66,6600700,文山里,39鄰,精科三路,,,,,,3號,120.596998766912,24.150861835111
臺中市南屯區文山里39鄰精科三路5號,66,6600700,文山里,39鄰,精科三路,,,,,,5號,120.597096144057,24.1511708655
臺中市南屯區文山里39鄰精科三路6號,66,6600700,文山里,39鄰,精科三路,,,,,,6號,120.597587657796,24.150116706055
臺中市南屯區文山里39鄰精科三路7號,66,6600700,文山里,39鄰,精科三路,,,,,,7號,120.597220968289,24.151613158729
臺中市南屯區文山里39鄰精科三路8號,66,6600700,文山里,39鄰,精科三路,,,,,,8號,120.597706027579,24.150524309609
臺中市南屯區文山里39鄰精科三路10號,66,6600700,文山里,39鄰,精科三路,,,,,,10號,120.597848842112,24.151081321288
