FULL_ADDR,COUNTY,TOWN,VILLAGE,NEIGHBORHOOD,ROAD,SECTION,LANE,ALLEY,SUB_ALLEY,TONG,NUMBER,X,Y
臺中市西屯區大石里5鄰石平街50號,66,6600600,大石里,5鄰,石平街,,,,,,50號,120.664001047584,24.179953280491
臺中市西屯區大石里5鄰石平街60號,66,6600600,大石里,5鄰,石平街,,,,,,60號,120.663979053608,24.180176191584
臺中市西屯區大石里10鄰石平街86號,66,6600600,大石里,10鄰,石平街,,,,,,86號,120.664027333207,24.180756093932
臺中市西屯區大石里5鄰石平街11號,66,6600600,大石里,5鄰,石平街,,,,,,11號,120.6637683214,24.179242435418
臺中市西屯區大石里5鄰石平街38號,66,6600600,大石里,5鄰,石平街,,,,,,38號,120.663974893272,24.179813829108
臺中市西屯區大石里5鄰石平街58號,66,6600600,大石里,5鄰,石平街,,,,,,58號,120.663984417553,24.180100339548
