FULL_ADDR,COUNTY,TOWN,VILLAGE,NEIGHBORHOOD,ROAD,SECTION,LANE,ALLEY,SUB_ALLEY,TONG,NUMBER,X,Y
臺中市大里區中新里12鄰翠堤路24號,66,6602800,中新里,12鄰,翠堤路,,,,,,24號,120.688906305716,24.100890736061
臺中市大里區中新里12鄰翠堤路24號二樓,66,6602800,中新里,12鄰,翠堤路,,,,,,24號二樓,120.688906305716,24.100890736061
臺中市大里區中新里12鄰翠堤路24號三樓,66,6602800,中新里,12鄰,翠堤路,,,,,,24號三樓,120.688906305716,24.100890736061
臺中市大里區中新里12鄰翠堤路24號四樓,66,6602800,中新里,12鄰,翠堤路,,,,,,24號四樓,120.688906305716,24.100890736061
臺中市大里區中新里12鄰翠堤路26號,66,6602800,中新里,12鄰,翠堤路,,,,,,26號,120.688966837049,24.100875238436
臺中市大里區中新里12鄰翠堤路26號二樓,66,6602800,中新里,12鄰,翠堤路,,,,,,26號二樓,120.688966837049,24.100875238436
臺中市大里區中新里12鄰翠堤路26號三樓,66,6602800,中新里,12鄰,翠堤路,,,,,,26號三樓,120.688966837049,24.100875238436
臺中市大里區中新里12鄰翠堤路26號四樓,66,6602800,中新里,12鄰,翠堤路,,,,,,26號四樓,120.688966837049,24.100875238436
臺中市大里區中新里12鄰翠堤路30號,66,6602800,中新里,12鄰,翠堤路,,,,,,30號,120.689004156526,24.100858880918
臺中市大里區中新里12鄰翠堤路30號二樓,66,6602800,中新里,12鄰,翠堤路,,,,,,30號二樓,120.689004156526,24.100858880918
臺中市大里區中新里12鄰翠堤路30號三樓,66,6602800,中新里,12鄰,翠堤路,,,,,,30號三樓,120.689004156526,24.100858880918
臺中市大里區中新里12鄰翠堤路30號四樓,66,6602800,中新里,12鄰,翠堤路,,,,,,30號四樓,120.689004156526,24.100858880918
臺中市大里區中新里12鄰翠堤路32號,66,6602800,中新里,12鄰,翠堤路,,,,,,32號,120.689042677285,24.100833857639
臺中市大里區中新里12鄰翠堤路32號二樓,66,6602800,中新里,12鄰,翠堤路,,,,,,32號二樓,120.689042677285,24.100833857639
臺中市大里區中新里12鄰翠堤路32號三樓,66,6602800,中新里,12鄰,翠堤路,,,,,,32號三樓,120.689042677285,24.100833857639
臺中市大里區中新里12鄰翠堤路32號四樓,66,6602800,中新里,12鄰,翠堤路,,,,,,32號四樓,120.689042677285,24.100833857639
