FULL_ADDR,COUNTY,TOWN,VILLAGE,NEIGHBORHOOD,ROAD,SECTION,LANE,ALLEY,SUB_ALLEY,TONG,NUMBER,X,Y
臺中市北屯區同榮里33鄰瑞昌街26號,66,6600800,同榮里,33鄰,瑞昌街,,,,,,26號,120.679506361463,24.19994931406
臺中市北屯區同榮里33鄰瑞昌街28號,66,6600800,同榮里,33鄰,瑞昌街,,,,,,28號,120.679496607809,24.2000427282
臺中市北屯區同榮里33鄰瑞昌街57號,66,6600800,同榮里,33鄰,瑞昌街,,,,,,57號,120.678643757292,24.200026349793
臺中市北屯區同榮里33鄰瑞昌街59號,66,6600800,同榮里,33鄰,瑞昌街,,,,,,59號,120.678585022287,24.200024320746
臺中市北屯區同榮里33鄰瑞昌街61號,66,6600800,同榮里,33鄰,瑞昌街,,,,,,61號,120.678524672581,24.200025547827
臺中市北屯區同榮里33鄰瑞昌街63號,66,6600800,同榮里,33鄰,瑞昌街,,,,,,63號,120.678461031279,24.20003060537
臺中市北屯區同榮里33鄰瑞昌街65號,66,6600800,同榮里,33鄰,瑞昌街,,,,,,65號,120.678381174844,24.200024324045
臺中市北屯區同榮里33鄰瑞昌街83號,66,6600800,同榮里,33鄰,瑞昌街,,,,,,83號,120.677935258018,24.199991292297
臺中市北屯區同榮里33鄰瑞昌街166號,66,6600800,同榮里,33鄰,瑞昌街,,,,,,166號,120.67733840496,24.200264356221
