FULL_ADDR,COUNTY,TOWN,VILLAGE,NEIGHBORHOOD,ROAD,SECTION,LANE,ALLEY,SUB_ALLEY,TONG,NUMBER,X,Y
臺中市梧棲區草湳里13鄰緯一路1號,66,6601400,草湳里,13鄰,緯一路,,,,,,1號,120.511128676005,24.231653637736
臺中市梧棲區草湳里13鄰緯一路2號,66,6601400,草湳里,13鄰,緯一路,,,,,,2號,120.51173228504,24.232031230046
臺中市梧棲區草湳里13鄰緯一路6號,66,6601400,草湳里,13鄰,緯一路,,,,,,6號,120.511162129193,24.232289799037
臺中市梧棲區草湳里13鄰緯一路8號,66,6601400,草湳里,13鄰,緯一路,,,,,,8號,120.510819383348,24.232347224546
