FULL_ADDR,COUNTY,TOWN,VILLAGE,NEIGHBORHOOD,ROAD,SECTION,LANE,ALLEY,SUB_ALLEY,TONG,NUMBER,X,Y
臺中市大雅區橫山里13鄰科雅七路8號,66,6601800,橫山里,13鄰,科雅七路,,,,,,8號,120.619525193989,24.218017154507
臺中市大雅區橫山里13鄰科雅七路10號,66,6601800,橫山里,13鄰,科雅七路,,,,,,10號,120.620090067574,24.217830757534
臺中市大雅區橫山里13鄰科雅七路16號,66,6601800,橫山里,13鄰,科雅七路,,,,,,16號,120.619490764746,24.218812946199
臺中市大雅區橫山里13鄰科雅七路20號,66,6601800,橫山里,13鄰,科雅七路,,,,,,20號,120.618489861347,24.21879209482
臺中市大雅區橫山里13鄰科雅七路2號,66,6601800,橫山里,13鄰,科雅七路,,,,,,2號,120.617325782917,24.217949640548
