FULL_ADDR,COUNTY,TOWN,VILLAGE,NEIGHBORHOOD,ROAD,SECTION,LANE,ALLEY,SUB_ALLEY,TONG,NUMBER,X,Y
臺中市西屯區林厝里2鄰科園一路14號,66,6600600,林厝里,2鄰,科園一路,,,,,,14號,120.608369179726,24.202714052271
臺中市西屯區林厝里2鄰科園一路1之2號,66,6600600,林厝里,2鄰,科園一路,,,,,,1之2號,120.607073341674,24.201627772199
臺中市西屯區林厝里2鄰科園一路1號,66,6600600,林厝里,2鄰,科園一路,,,,,,1號,120.606315004135,24.200909113163
臺中市西屯區林厝里2鄰科園一路2號,66,6600600,林厝里,2鄰,科園一路,,,,,,2號,120.608161548777,24.200766642603
臺中市西屯區林厝里2鄰科園一路3號,66,6600600,林厝里,2鄰,科園一路,,,,,,3號,120.607468156776,24.202072647122
臺中市西屯區林厝里2鄰科園一路5號,66,6600600,林厝里,2鄰,科園一路,,,,,,5號,120.60772864962,24.203240603585
臺中市西屯區林厝里2鄰科園一路8號,66,6600600,林厝里,2鄰,科園一路,,,,,,8號,120.608243012212,24.201891691666
臺中市西屯區林厝里2鄰科園一路15號,66,6600600,林厝里,2鄰,科園一路,,,,,,15號,120.607487487355,24.204606957613
臺中市西屯區林厝里2鄰科園一路16號,66,6600600,林厝里,2鄰,科園一路,,,,,,16號,120.608632434487,24.205805765659
