FULL_ADDR,COUNTY,TOWN,VILLAGE,NEIGHBORHOOD,ROAD,SECTION,LANE,ALLEY,SUB_ALLEY,TONG,NUMBER,X,Y
臺中市大甲區福德里10鄰福順街51巷1之5號,66,6601100,福德里,10鄰,福順街,,51巷,,,,1之5號,120.619317591679,24.431661957653
臺中市大甲區福德里10鄰福順街31號,66,6601100,福德里,10鄰,福順街,,,,,,31號,120.618697330488,24.430774684386
臺中市大甲區福德里10鄰福順街35號,66,6601100,福德里,10鄰,福順街,,,,,,35號,120.618904530829,24.430955162108
臺中市大甲區福德里10鄰福順街51巷1號,66,6601100,福德里,10鄰,福順街,,51巷,,,,1號,120.619496782582,24.431647646086
臺中市大甲區福德里10鄰福順街51巷10號,66,6601100,福德里,10鄰,福順街,,51巷,,,,10號,120.620831848137,24.43062586126
臺中市大甲區福德里10鄰福順街51巷17號,66,6601100,福德里,10鄰,福順街,,51巷,,,,17號,120.62229520631,24.430128767312
臺中市大甲區福德里10鄰福順街51巷22號,66,6601100,福德里,10鄰,福順街,,51巷,,,,22號,120.622399644023,24.42972671652
