FULL_ADDR,COUNTY,TOWN,VILLAGE,NEIGHBORHOOD,ROAD,SECTION,LANE,ALLEY,SUB_ALLEY,TONG,NUMBER,X,Y
臺中市后里區公館里11鄰眉豐路28號,66,6601500,公館里,11鄰,眉豐路,,,,,,28號,120.725387722951,24.326931781013
臺中市后里區公館里13鄰眉豐路380號,66,6601500,公館里,13鄰,眉豐路,,,,,,380號,120.717726173735,24.331001352041
臺中市后里區公館里11鄰眉豐路6號,66,6601500,公館里,11鄰,眉豐路,,,,,,6號,120.726026553811,24.325902640216
臺中市后里區公館里11鄰眉豐路8號,66,6601500,公館里,11鄰,眉豐路,,,,,,8號,120.726078793243,24.326517942861
臺中市后里區公館里11鄰眉豐路120號,66,6601500,公館里,11鄰,眉豐路,,,,,,120號,120.723021514946,24.32745703964
臺中市后里區公館里11鄰眉豐路166號,66,6601500,公館里,11鄰,眉豐路,,,,,,166號,120.721880264941,24.328570988079
臺中市后里區公館里13鄰眉豐路410號,66,6601500,公館里,13鄰,眉豐路,,,,,,410號,120.718363810326,24.331559623913
臺中市后里區公館里13鄰眉豐路466巷36號,66,6601500,公館里,13鄰,眉豐路,,466巷,,,,36號,120.719060571878,24.331549692111
