FULL_ADDR,COUNTY,TOWN,VILLAGE,NEIGHBORHOOD,ROAD,SECTION,LANE,ALLEY,SUB_ALLEY,TONG,NUMBER,X,Y
臺中市大里區立仁里3鄰甲堤二街1號,66,6602800,立仁里,3鄰,甲堤二街,,,,,,1號,120.696777721954,24.106256591713
臺中市大里區立仁里3鄰甲堤二街3號,66,6602800,立仁里,3鄰,甲堤二街,,,,,,3號,120.696812207383,24.106242601406
臺中市大里區立仁里3鄰甲堤二街5號,66,6602800,立仁里,3鄰,甲堤二街,,,,,,5號,120.696854356428,24.106221610473
臺中市大里區立仁里3鄰甲堤二街7號,66,6602800,立仁里,3鄰,甲堤二街,,,,,,7號,120.696890757686,24.106211118313
臺中市大里區立仁里3鄰甲堤二街9號,66,6602800,立仁里,3鄰,甲堤二街,,,,,,9號,120.696934822536,24.106193634552
臺中市大里區立仁里3鄰甲堤二街11號,66,6602800,立仁里,3鄰,甲堤二街,,,,,,11號,120.696969308306,24.106176140814
臺中市大里區立仁里3鄰甲堤二街13號,66,6602800,立仁里,3鄰,甲堤二街,,,,,,13號,120.697009542038,24.106174396654
臺中市大里區立仁里3鄰甲堤二街15號,66,6602800,立仁里,3鄰,甲堤二街,,,,,,15號,120.697059353803,24.106163903952
