FULL_ADDR,COUNTY,TOWN,VILLAGE,NEIGHBORHOOD,ROAD,SECTION,LANE,ALLEY,SUB_ALLEY,TONG,NUMBER,X,Y
臺中市神岡區神洲里1鄰豐工三路1號,66,6601600,神洲里,1鄰,豐工三路,,,,,,1號,120.697243138619,24.277426248335
臺中市神岡區神洲里1鄰豐工三路5號,66,6601600,神洲里,1鄰,豐工三路,,,,,,5號,120.697291558802,24.277914885842
臺中市神岡區神洲里1鄰豐工三路6號,66,6601600,神洲里,1鄰,豐工三路,,,,,,6號,120.697641277196,24.277604120743
臺中市神岡區神洲里1鄰豐工三路7號,66,6601600,神洲里,1鄰,豐工三路,,,,,,7號,120.697305683475,24.278154403554
臺中市神岡區神洲里1鄰豐工三路8號,66,6601600,神洲里,1鄰,豐工三路,,,,,,8號,120.697636024979,24.27797086599
臺中市神岡區神洲里1鄰豐工三路9號,66,6601600,神洲里,1鄰,豐工三路,,,,,,9號,120.697131645577,24.27898541726
臺中市神岡區神洲里1鄰豐工三路10號,66,6601600,神洲里,1鄰,豐工三路,,,,,,10號,120.697629831732,24.279110343339
