FULL_ADDR,COUNTY,TOWN,VILLAGE,NEIGHBORHOOD,ROAD,SECTION,LANE,ALLEY,SUB_ALLEY,TONG,NUMBER,X,Y
臺中市大里區西湖里5鄰西湖一街6巷1號,66,6602800,西湖里,5鄰,西湖一街,,6巷,,,,1號,120.690713475446,24.077603015257
臺中市大里區西湖里5鄰西湖一街6巷2號,66,6602800,西湖里,5鄰,西湖一街,,6巷,,,,2號,120.690731700265,24.077754204234
臺中市大里區西湖里5鄰西湖一街6巷3號,66,6602800,西湖里,5鄰,西湖一街,,6巷,,,,3號,120.690665257826,24.077614655973
臺中市大里區西湖里5鄰西湖一街6巷5號,66,6602800,西湖里,5鄰,西湖一街,,6巷,,,,5號,120.690615888211,24.077614556125
臺中市大里區西湖里5鄰西湖一街6巷7號,66,6602800,西湖里,5鄰,西湖一街,,6巷,,,,7號,120.690565630884,24.077615537993
臺中市大里區西湖里5鄰西湖一街6巷8號,66,6602800,西湖里,5鄰,西湖一街,,6巷,,,,8號,120.690648572161,24.077723787654
臺中市大里區西湖里5鄰西湖一街6巷10號,66,6602800,西湖里,5鄰,西湖一街,,6巷,,,,10號,120.690596944015,24.077722238529
臺中市大里區西湖里5鄰西湖一街6巷12號,66,6602800,西湖里,5鄰,西湖一街,,6巷,,,,12號,120.690553770153,24.077722151193
臺中市大里區西湖里5鄰西湖一街17號,66,6602800,西湖里,5鄰,西湖一街,,,,,,17號,120.690893905435,24.077603054917
