FULL_ADDR,COUNTY,TOWN,VILLAGE,NEIGHBORHOOD,ROAD,SECTION,LANE,ALLEY,SUB_ALLEY,TONG,NUMBER,X,Y
臺中市豐原區社皮里27鄰西勢五街2號,66,6600900,社皮里,27鄰,西勢五街,,,,,,2號,120.704376982514,24.243391717578
臺中市豐原區社皮里27鄰西勢五街12號,66,6600900,社皮里,27鄰,西勢五街,,,,,,12號,120.704379664833,24.243287769488
臺中市豐原區社皮里27鄰西勢五街16號,66,6600900,社皮里,27鄰,西勢五街,,,,,,16號,120.704378323772,24.243242530538
臺中市豐原區社皮里27鄰西勢五街18號,66,6600900,社皮里,27鄰,西勢五街,,,,,,18號,120.70437832407,24.243198504107
臺中市豐原區社皮里27鄰西勢五街20號,66,6600900,社皮里,27鄰,西勢五街,,,,,,20號,120.704378323617,24.243156933621
臺中市豐原區社皮里27鄰西勢五街22號,66,6600900,社皮里,27鄰,西勢五街,,,,,,22號,120.704381006196,24.243111684428
臺中市豐原區社皮里27鄰西勢五街26號,66,6600900,社皮里,27鄰,西勢五街,,,,,,26號,120.704378323676,24.243035869963
臺中市豐原區社皮里27鄰西勢五街28號,66,6600900,社皮里,27鄰,西勢五街,,,,,,28號,120.704374412469,24.242934374034
