FULL_ADDR,COUNTY,TOWN,VILLAGE,NEIGHBORHOOD,ROAD,SECTION,LANE,ALLEY,SUB_ALLEY,TONG,NUMBER,X,Y
臺中市北屯區仁美里5鄰豐美街99號,66,6600800,仁美里,5鄰,豐美街,,,,,,99號,120.692223689755,24.193899868942
臺中市北屯區仁美里5鄰豐美街101號,66,6600800,仁美里,5鄰,豐美街,,,,,,101號,120.692211498005,24.194028872477
臺中市北屯區仁美里5鄰豐美街288號,66,6600800,仁美里,5鄰,豐美街,,,,,,288號,120.692507028607,24.196960664917
臺中市北屯區仁美里5鄰豐美街288號五樓之1,66,6600800,仁美里,5鄰,豐美街,,,,,,288號五樓之1,120.692507028607,24.196960664917
臺中市北屯區仁美里5鄰豐美街288號五樓之2,66,6600800,仁美里,5鄰,豐美街,,,,,,288號五樓之2,120.692507028607,24.196960664917
臺中市北屯區仁美里5鄰豐美街288號五樓之3,66,6600800,仁美里,5鄰,豐美街,,,,,,288號五樓之3,120.692507028607,24.196960664917
臺中市北屯區仁美里5鄰豐美街290號,66,6600800,仁美里,5鄰,豐美街,,,,,,290號,120.692509710512,24.197420611725
