FULL_ADDR,COUNTY,TOWN,VILLAGE,NEIGHBORHOOD,ROAD,SECTION,LANE,ALLEY,SUB_ALLEY,TONG,NUMBER,X,Y
臺中市梧棲區草湳里13鄰自立三街68號,66,6601400,草湳里,13鄰,自立三街,,,,,,68號,120.520011484389,24.231931811745
臺中市梧棲區草湳里22鄰自立三街12巷55弄2號,66,6601400,草湳里,22鄰,自立三街,,12巷,55弄,,,2號,120.520440007723,24.232735595807
臺中市梧棲區草湳里13鄰自立三街63號,66,6601400,草湳里,13鄰,自立三街,,,,,,63號,120.519397969588,24.231546898092
臺中市梧棲區草湳里13鄰自立三街65號,66,6601400,草湳里,13鄰,自立三街,,,,,,65號,120.519233987176,24.231601963399
臺中市梧棲區草湳里13鄰自立三街67號,66,6601400,草湳里,13鄰,自立三街,,,,,,67號,120.519421032365,24.231880370137
臺中市梧棲區草湳里13鄰自立三街69號,66,6601400,草湳里,13鄰,自立三街,,,,,,69號,120.519434331809,24.232068704808
臺中市梧棲區草湳里11鄰自立三街220號,66,6601400,草湳里,11鄰,自立三街,,,,,,220號,120.52155517698,24.234749811372
臺中市梧棲區草湳里11鄰自立三街222之1號,66,6601400,草湳里,11鄰,自立三街,,,,,,222之1號,120.521622231728,24.23530256634
臺中市梧棲區草湳里11鄰自立三街222號,66,6601400,草湳里,11鄰,自立三街,,,,,,222號,120.52152824263,24.235116687005
