FULL_ADDR,COUNTY,TOWN,VILLAGE,NEIGHBORHOOD,ROAD,SECTION,LANE,ALLEY,SUB_ALLEY,TONG,NUMBER,X,Y
臺中市新社區協成里17鄰華豐五街15之1號,66,6601900,協成里,17鄰,華豐五街,,,,,,15之1號,120.807850380702,24.213172701791
臺中市新社區協成里17鄰華豐五街15號,66,6601900,協成里,17鄰,華豐五街,,,,,,15號,120.807098302454,24.21317836065
臺中市新社區協成里17鄰華豐五街60之2號,66,6601900,協成里,17鄰,華豐五街,,,,,,60之2號,120.807519101337,24.2178342954
臺中市新社區協成里17鄰華豐五街60之5號,66,6601900,協成里,17鄰,華豐五街,,,,,,60之5號,120.80526629138,24.216397797505
臺中市新社區協成里17鄰華豐五街60之1號,66,6601900,協成里,17鄰,華豐五街,,,,,,60之1號,120.805337012863,24.21708454716
臺中市新社區協成里17鄰華豐五街60號,66,6601900,協成里,17鄰,華豐五街,,,,,,60號,120.806911799564,24.217349042212
臺中市新社區協成里17鄰華豐五街61號,66,6601900,協成里,17鄰,華豐五街,,,,,,61號,120.807181703452,24.21860831953
臺中市新社區協成里17鄰華豐五街70號,66,6601900,協成里,17鄰,華豐五街,,,,,,70號,120.804655571628,24.218430871222
臺中市新社區協成里17鄰華豐五街72號,66,6601900,協成里,17鄰,華豐五街,,,,,,72號,120.804754297613,24.218389842339
