FULL_ADDR,COUNTY,TOWN,VILLAGE,NEIGHBORHOOD,ROAD,SECTION,LANE,ALLEY,SUB_ALLEY,TONG,NUMBER,X,Y
臺中市豐原區朴子里1鄰萬順三街5號,66,6600900,朴子里,1鄰,萬順三街,,,,,,5號,120.760170654188,24.277365603092
臺中市豐原區朴子里1鄰萬順三街10號,66,6600900,朴子里,1鄰,萬順三街,,,,,,10號,120.760418840925,24.277528104646
臺中市豐原區朴子里1鄰萬順三街12號,66,6600900,朴子里,1鄰,萬順三街,,,,,,12號,120.760394597932,24.277564427016
臺中市豐原區朴子里1鄰萬順三街16號,66,6600900,朴子里,1鄰,萬順三街,,,,,,16號,120.760373810469,24.277602343967
臺中市豐原區朴子里1鄰萬順三街18號,66,6600900,朴子里,1鄰,萬順三街,,,,,,18號,120.760352165782,24.277636304775
臺中市豐原區朴子里1鄰萬順三街20號,66,6600900,朴子里,1鄰,萬順三街,,,,,,20號,120.760371199869,24.277819699718
