FULL_ADDR,COUNTY,TOWN,VILLAGE,NEIGHBORHOOD,ROAD,SECTION,LANE,ALLEY,SUB_ALLEY,TONG,NUMBER,X,Y
臺中市大肚區瑞井里11鄰華南路35巷91號,66,6602400,瑞井里,11鄰,華南路,,35巷,,,,91號,120.570277422365,24.154227173505
臺中市大肚區瑞井里11鄰華南路47號,66,6602400,瑞井里,11鄰,華南路,,,,,,47號,120.569904595429,24.155434332797
臺中市大肚區瑞井里11鄰華南路35巷121號,66,6602400,瑞井里,11鄰,華南路,,35巷,,,,121號,120.569014612068,24.154397849093
臺中市大肚區瑞井里11鄰華南路49號,66,6602400,瑞井里,11鄰,華南路,,,,,,49號,120.569621564793,24.15561128409
臺中市大肚區瑞井里11鄰華南路51號,66,6602400,瑞井里,11鄰,華南路,,,,,,51號,120.569396259297,24.155562333078
