FULL_ADDR,COUNTY,TOWN,VILLAGE,NEIGHBORHOOD,ROAD,SECTION,LANE,ALLEY,SUB_ALLEY,TONG,NUMBER,X,Y
臺中市大肚區王田里2鄰興中路55號,66,6602400,王田里,2鄰,興中路,,,,,,55號,120.584987759172,24.115534764456
臺中市大肚區王田里2鄰興中路57號,66,6602400,王田里,2鄰,興中路,,,,,,57號,120.584811431359,24.115298223802
臺中市大肚區王田里2鄰興中路58號,66,6602400,王田里,2鄰,興中路,,,,,,58號,120.58570789437,24.115496764344
臺中市大肚區王田里2鄰興中路60號,66,6602400,王田里,2鄰,興中路,,,,,,60號,120.585085330473,24.115707633242
臺中市大肚區王田里2鄰興中路61號,66,6602400,王田里,2鄰,興中路,,,,,,61號,120.585057191084,24.115483143017
臺中市大肚區王田里2鄰興中路63號,66,6602400,王田里,2鄰,興中路,,,,,,63號,120.58529836203,24.115658388052
臺中市大肚區王田里2鄰興中路65號,66,6602400,王田里,2鄰,興中路,,,,,,65號,120.585474939492,24.115635490431
