FULL_ADDR,COUNTY,TOWN,VILLAGE,NEIGHBORHOOD,ROAD,SECTION,LANE,ALLEY,SUB_ALLEY,TONG,NUMBER,X,Y
臺中市霧峰區北柳里25鄰霧工二路2號,66,6602600,北柳里,25鄰,霧工二路,,,,,,2號,120.679048400313,24.061753414756
臺中市霧峰區北柳里25鄰霧工二路3號,66,6602600,北柳里,25鄰,霧工二路,,,,,,3號,120.679426507111,24.061059881672
臺中市霧峰區北柳里25鄰霧工二路6之1號,66,6602600,北柳里,25鄰,霧工二路,,,,,,6之1號,120.679020615269,24.061443783145
臺中市霧峰區北柳里25鄰霧工二路6號,66,6602600,北柳里,25鄰,霧工二路,,,,,,6號,120.679060736874,24.061300507335
臺中市霧峰區南柳里8鄰霧工二路18號,66,6602600,南柳里,8鄰,霧工二路,,,,,,18號,120.678516022557,24.059348297813
臺中市霧峰區南柳里8鄰霧工二路20號,66,6602600,南柳里,8鄰,霧工二路,,,,,,20號,120.678669943835,24.059177802615
臺中市霧峰區南柳里8鄰霧工二路22號,66,6602600,南柳里,8鄰,霧工二路,,,,,,22號,120.678529138014,24.05896622769
臺中市霧峰區南柳里8鄰霧工二路26號,66,6602600,南柳里,8鄰,霧工二路,,,,,,26號,120.678469707502,24.058728873073
