FULL_ADDR,COUNTY,TOWN,VILLAGE,NEIGHBORHOOD,ROAD,SECTION,LANE,ALLEY,SUB_ALLEY,TONG,NUMBER,X,Y
臺中市霧峰區北柳里25鄰霧工五路5號,66,6602600,北柳里,25鄰,霧工五路,,,,,,5號,120.67796811499,24.062455972025
臺中市霧峰區北柳里25鄰霧工五路3號,66,6602600,北柳里,25鄰,霧工五路,,,,,,3號,120.67823456815,24.06291237316
臺中市霧峰區北柳里25鄰霧工五路9號,66,6602600,北柳里,25鄰,霧工五路,,,,,,9號,120.677555969625,24.06201844198
臺中市霧峰區北柳里25鄰霧工五路11號,66,6602600,北柳里,25鄰,霧工五路,,,,,,11號,120.677448681138,24.061810268596
臺中市霧峰區北柳里25鄰霧工五路13號,66,6602600,北柳里,25鄰,霧工五路,,,,,,13號,120.677266290709,24.061491877303
臺中市霧峰區北柳里25鄰霧工五路13號二樓,66,6602600,北柳里,25鄰,霧工五路,,,,,,13號二樓,120.677266290709,24.061491877303
臺中市霧峰區北柳里25鄰霧工五路13號三樓,66,6602600,北柳里,25鄰,霧工五路,,,,,,13號三樓,120.677266290709,24.061491877303
臺中市霧峰區北柳里25鄰霧工五路13號四樓,66,6602600,北柳里,25鄰,霧工五路,,,,,,13號四樓,120.677266290709,24.061491877303
臺中市霧峰區北柳里25鄰霧工五路15號,66,6602600,北柳里,25鄰,霧工五路,,,,,,15號,120.677072668446,24.061250528101
