FULL_ADDR,COUNTY,TOWN,VILLAGE,NEIGHBORHOOD,ROAD,SECTION,LANE,ALLEY,SUB_ALLEY,TONG,NUMBER,X,Y
臺中市龍井區南寮里1鄰鄉界路101號,66,6602500,南寮里,1鄰,鄉界路,,,,,,101號,120.571723268678,24.176283505114
臺中市龍井區南寮里1鄰鄉界路115號,66,6602500,南寮里,1鄰,鄉界路,,,,,,115號,120.572407664316,24.176054187838
臺中市龍井區南寮里1鄰鄉界路123號,66,6602500,南寮里,1鄰,鄉界路,,,,,,123號,120.574294567566,24.175828256201
