FULL_ADDR,COUNTY,TOWN,VILLAGE,NEIGHBORHOOD,ROAD,SECTION,LANE,ALLEY,SUB_ALLEY,TONG,NUMBER,X,Y
臺中市北屯區仁美里29鄰長生二街6號,66,6600800,仁美里,29鄰,長生二街,,,,,,6號,120.687620044013,24.194068803702
臺中市北屯區仁美里9鄰長生二街47號,66,6600800,仁美里,9鄰,長生二街,,,,,,47號,120.687479510771,24.194745737105
臺中市北屯區仁美里9鄰長生二街49號,66,6600800,仁美里,9鄰,長生二街,,,,,,49號,120.687479830069,24.194788401006
臺中市北屯區仁美里29鄰長生二街50號,66,6600800,仁美里,29鄰,長生二街,,,,,,50號,120.687713739583,24.194795246099
臺中市北屯區仁美里9鄰長生二街51號,66,6600800,仁美里,9鄰,長生二街,,,,,,51號,120.68748267781,24.194839702062
臺中市北屯區仁美里27鄰長生二街77號,66,6600800,仁美里,27鄰,長生二街,,,,,,77號,120.687638399378,24.195611237311
臺中市北屯區仁美里27鄰長生二街126號,66,6600800,仁美里,27鄰,長生二街,,,,,,126號,120.688031626283,24.196292884873
臺中市北屯區仁美里27鄰長生二街128號,66,6600800,仁美里,27鄰,長生二街,,,,,,128號,120.68799407466,24.196387073441
