FULL_ADDR,COUNTY,TOWN,VILLAGE,NEIGHBORHOOD,ROAD,SECTION,LANE,ALLEY,SUB_ALLEY,TONG,NUMBER,X,Y
臺中市霧峰區南柳里8鄰霧工七路1號,66,6602600,南柳里,8鄰,霧工七路,,,,,,1號,120.678144697949,24.05948319334
臺中市霧峰區南柳里8鄰霧工七路1號二樓,66,6602600,南柳里,8鄰,霧工七路,,,,,,1號二樓,120.678144697949,24.05948319334
臺中市霧峰區南柳里8鄰霧工七路7號,66,6602600,南柳里,8鄰,霧工七路,,,,,,7號,120.677691755665,24.059467269387
臺中市霧峰區南柳里8鄰霧工七路8號,66,6602600,南柳里,8鄰,霧工七路,,,,,,8號,120.678194765389,24.059701449222
臺中市霧峰區南柳里8鄰霧工七路9號,66,6602600,南柳里,8鄰,霧工七路,,,,,,9號,120.677359529843,24.059516023476
臺中市霧峰區南柳里8鄰霧工七路10之1號,66,6602600,南柳里,8鄰,霧工七路,,,,,,10之1號,120.677639269661,24.059987316174
臺中市霧峰區南柳里8鄰霧工七路10號,66,6602600,南柳里,8鄰,霧工七路,,,,,,10號,120.677833059193,24.059825366376
臺中市霧峰區南柳里8鄰霧工七路11號,66,6602600,南柳里,8鄰,霧工七路,,,,,,11號,120.676882382152,24.059606096538
臺中市霧峰區南柳里8鄰霧工七路12號,66,6602600,南柳里,8鄰,霧工七路,,,,,,12號,120.676870806474,24.060137028565
