FULL_ADDR,COUNTY,TOWN,VILLAGE,NEIGHBORHOOD,ROAD,SECTION,LANE,ALLEY,SUB_ALLEY,TONG,NUMBER,X,Y
臺中市后里區廣福里9鄰馬場路1號,66,6601500,廣福里,9鄰,馬場路,,,,,,1號,120.725994152896,24.297467713536
臺中市后里區廣福里7鄰馬場路18號,66,6601500,廣福里,7鄰,馬場路,,,,,,18號,120.734055539415,24.299081996977
臺中市后里區廣福里9鄰馬場路292號,66,6601500,廣福里,9鄰,馬場路,,,,,,292號,120.727899242547,24.298532289298
臺中市后里區廣福里9鄰馬場路300號,66,6601500,廣福里,9鄰,馬場路,,,,,,300號,120.72490940898,24.298535130458
