FULL_ADDR,COUNTY,TOWN,VILLAGE,NEIGHBORHOOD,ROAD,SECTION,LANE,ALLEY,SUB_ALLEY,TONG,NUMBER,X,Y
臺中市北屯區水景里36鄰青雲街1號,66,6600800,水景里,36鄰,青雲街,,,,,,1號,120.710724189816,24.165523442995
臺中市北屯區水景里36鄰青雲街2號,66,6600800,水景里,36鄰,青雲街,,,,,,2號,120.710905127363,24.165664155593
臺中市北屯區水景里36鄰青雲街3號,66,6600800,水景里,36鄰,青雲街,,,,,,3號,120.710721507997,24.165596855195
臺中市北屯區水景里36鄰青雲街5號,66,6600800,水景里,36鄰,青雲街,,,,,,5號,120.710724190514,24.165662927712
