FULL_ADDR,COUNTY,TOWN,VILLAGE,NEIGHBORHOOD,ROAD,SECTION,LANE,ALLEY,SUB_ALLEY,TONG,NUMBER,X,Y
臺中市南屯區豐樂里35鄰龍富二路298號,66,6600700,豐樂里,35鄰,龍富二路,,,,,,298號,120.64469043524,24.12279014979
臺中市南屯區豐樂里35鄰龍富二路408號,66,6600700,豐樂里,35鄰,龍富二路,,,,,,408號,120.646741349402,24.124161448772
臺中市南屯區豐樂里35鄰龍富二路416號,66,6600700,豐樂里,35鄰,龍富二路,,,,,,416號,120.646979090622,24.124292977704
