FULL_ADDR,COUNTY,TOWN,VILLAGE,NEIGHBORHOOD,ROAD,SECTION,LANE,ALLEY,SUB_ALLEY,TONG,NUMBER,X,Y
臺中市大甲區西岐里3鄰順帆五街30巷8號,66,6601100,西岐里,3鄰,順帆五街,,30巷,,,,8號,120.63220141466,24.410046144017
臺中市大甲區西岐里3鄰順帆五街30巷28號,66,6601100,西岐里,3鄰,順帆五街,,30巷,,,,28號,120.631536474879,24.410304119116
臺中市大甲區西岐里3鄰順帆五街30巷30號,66,6601100,西岐里,3鄰,順帆五街,,30巷,,,,30號,120.631474691679,24.410303399918
臺中市大甲區西岐里3鄰順帆五街30巷36號,66,6601100,西岐里,3鄰,順帆五街,,30巷,,,,36號,120.631418870445,24.410377662733
臺中市大甲區西岐里3鄰順帆五街30巷60號,66,6601100,西岐里,3鄰,順帆五街,,30巷,,,,60號,120.63089179122,24.410671174457
