FULL_ADDR,COUNTY,TOWN,VILLAGE,NEIGHBORHOOD,ROAD,SECTION,LANE,ALLEY,SUB_ALLEY,TONG,NUMBER,X,Y
臺中市龍井區東海里12鄰都會南街52號,66,6602500,東海里,12鄰,都會南街,,,,,,52號,120.584566890944,24.18803531309
臺中市龍井區東海里12鄰都會南街159號,66,6602500,東海里,12鄰,都會南街,,,,,,159號,120.586506128166,24.190785407502
臺中市龍井區東海里12鄰都會南街7號,66,6602500,東海里,12鄰,都會南街,,,,,,7號,120.583610761814,24.187859903619
臺中市龍井區東海里12鄰都會南街46號,66,6602500,東海里,12鄰,都會南街,,,,,,46號,120.584276504865,24.18789632054
臺中市龍井區東海里12鄰都會南街151號,66,6602500,東海里,12鄰,都會南街,,,,,,151號,120.585783738702,24.189900246306
臺中市龍井區東海里12鄰都會南街305巷100號,66,6602500,東海里,12鄰,都會南街,,305巷,,,,100號,120.586217880778,24.192987125654
