FULL_ADDR,COUNTY,TOWN,VILLAGE,NEIGHBORHOOD,ROAD,SECTION,LANE,ALLEY,SUB_ALLEY,TONG,NUMBER,X,Y
臺中市南區福興里9鄰高院路51號,66,6600300,福興里,9鄰,高院路,,,,,,51號,120.668031324627,24.126782572115
臺中市南區福興里9鄰高院路52號,66,6600300,福興里,9鄰,高院路,,,,,,52號,120.668026429652,24.126838001544
臺中市南區福興里7鄰高院路53號,66,6600300,福興里,7鄰,高院路,,,,,,53號,120.667973531408,24.126917380748
臺中市南區福興里7鄰高院路55號,66,6600300,福興里,7鄰,高院路,,,,,,55號,120.667900907336,24.127076328615
臺中市南區福興里7鄰高院路56號,66,6600300,福興里,7鄰,高院路,,,,,,56號,120.667814237822,24.127188013488
臺中市南區福興里7鄰高院路57號,66,6600300,福興里,7鄰,高院路,,,,,,57號,120.667734226979,24.127372760044
