FULL_ADDR,COUNTY,TOWN,VILLAGE,NEIGHBORHOOD,ROAD,SECTION,LANE,ALLEY,SUB_ALLEY,TONG,NUMBER,X,Y
臺南市仁德區文賢里3鄰三甲三街1號,67,6702700,6702700-000,3鄰,三甲三街,,,,,,1號,120.2391286861,22.929225594769
臺南市仁德區文賢里3鄰三甲三街2號,67,6702700,6702700-000,3鄰,三甲三街,,,,,,2號,120.238975886948,22.9291259810818
臺南市仁德區文賢里3鄰三甲三街11號,67,6702700,6702700-000,3鄰,三甲三街,,,,,,11號,120.239282171884,22.9288182528367
臺南市仁德區文賢里3鄰三甲三街12號,67,6702700,6702700-000,3鄰,三甲三街,,,,,,12號,120.238781915465,22.9290144305162
臺南市仁德區文賢里3鄰三甲三街31號,67,6702700,6702700-000,3鄰,三甲三街,,,,,,31號,120.238837508307,22.9287487559225
臺南市仁德區文賢里3鄰三甲三街36號,67,6702700,6702700-000,3鄰,三甲三街,,,,,,36號,120.238495373916,22.9289990595115
臺南市仁德區文賢里3鄰三甲三街50號,67,6702700,6702700-000,3鄰,三甲三街,,,,,,50號,120.238191801624,22.9290479920125
