FULL_ADDR,COUNTY,TOWN,VILLAGE,NEIGHBORHOOD,ROAD,SECTION,LANE,ALLEY,SUB_ALLEY,TONG,NUMBER,X,Y
臺南市歸仁區沙崙里4鄰五條寮街198號,67,6702800,6702800-010,4鄰,五條寮街,,,,,,198號,120.321302610556,22.9256662259858
臺南市歸仁區沙崙里4鄰五條寮街199號,67,6702800,6702800-010,4鄰,五條寮街,,,,,,199號,120.319780210717,22.9216586222074
