FULL_ADDR,COUNTY,TOWN,VILLAGE,NEIGHBORHOOD,ROAD,SECTION,LANE,ALLEY,SUB_ALLEY,TONG,NUMBER,X,Y
臺南市新市區豐華里5鄰中心路2號,67,6702000,6702000-005,5鄰,中心路,,,,,,2號,120.260757806783,23.1034439803227
臺南市新市區豐華里5鄰中心路6號,67,6702000,6702000-005,5鄰,中心路,,,,,,6號,120.260757806783,23.1034439803227
臺南市新市區豐華里5鄰中心路8號,67,6702000,6702000-005,5鄰,中心路,,,,,,8號,120.260757806783,23.1034439803227
臺南市新市區豐華里5鄰中心路10號,67,6702000,6702000-005,5鄰,中心路,,,,,,10號,120.260757806783,23.1034439803227
