FULL_ADDR,COUNTY,TOWN,VILLAGE,NEIGHBORHOOD,ROAD,SECTION,LANE,ALLEY,SUB_ALLEY,TONG,NUMBER,X,Y
臺南市下營區新興里4鄰中興北路3巷11號,67,6700800,6700800-005,4鄰,中興北路,,3巷,,,,11號,120.273389025912,23.2419904054385
臺南市下營區新興里4鄰中興北路252號,67,6700800,6700800-005,4鄰,中興北路,,,,,,252號,120.275736575645,23.2442441057137
