FULL_ADDR,COUNTY,TOWN,VILLAGE,NEIGHBORHOOD,ROAD,SECTION,LANE,ALLEY,SUB_ALLEY,TONG,NUMBER,X,Y
臺南市歸仁區後市里6鄰中山六街9號,67,6702800,6702800-004,6鄰,中山六街,,,,,,9號,120.292879000942,22.9675753313897
臺南市歸仁區後市里8鄰中山六街10號,67,6702800,6702800-004,8鄰,中山六街,,,,,,10號,120.29310146978,22.968208443808
臺南市歸仁區後市里6鄰中山六街11號,67,6702800,6702800-004,6鄰,中山六街,,,,,,11號,120.292891790227,22.9676476307619
臺南市歸仁區後市里8鄰中山六街12號,67,6702800,6702800-004,8鄰,中山六街,,,,,,12號,120.293112056016,22.9682355818796
臺南市歸仁區後市里6鄰中山六街13號,67,6702800,6702800-004,6鄰,中山六街,,,,,,13號,120.292901260301,22.9677018547465
臺南市歸仁區後市里6鄰中山六街15號,67,6702800,6702800-004,6鄰,中山六街,,,,,,15號,120.292921410473,22.9677651566492
臺南市歸仁區後市里8鄰中山六街17號,67,6702800,6702800-004,8鄰,中山六街,,,,,,17號,120.292981427489,22.9682259691614
臺南市歸仁區後市里8鄰中山六街18號,67,6702800,6702800-004,8鄰,中山六街,,,,,,18號,120.293122219696,22.9683439906923
臺南市歸仁區後市里8鄰中山六街20號,67,6702800,6702800-004,8鄰,中山六街,,,,,,20號,120.293221689179,22.9683444341147
