FULL_ADDR,COUNTY,TOWN,VILLAGE,NEIGHBORHOOD,ROAD,SECTION,LANE,ALLEY,SUB_ALLEY,TONG,NUMBER,X,Y
臺南市學甲區新榮里7鄰仁利街48號,67,6701300,6701300-002,7鄰,仁利街,,,,,,48號,120.179224851348,23.2220984872399
臺南市學甲區新榮里7鄰仁利街50號,67,6701300,6701300-002,7鄰,仁利街,,,,,,50號,120.179187250745,23.2221279991079
臺南市學甲區新榮里7鄰仁利街52號,67,6701300,6701300-002,7鄰,仁利街,,,,,,52號,120.179153430063,23.2221624971138
臺南市學甲區新榮里7鄰仁利街72號,67,6701300,6701300-002,7鄰,仁利街,,,,,,72號,120.178782490698,23.2224437357
臺南市學甲區新榮里7鄰仁利街86號,67,6701300,6701300-002,7鄰,仁利街,,,,,,86號,120.178593038174,23.2225884875637
臺南市學甲區新榮里7鄰仁利街88號,67,6701300,6701300-002,7鄰,仁利街,,,,,,88號,120.178512570606,23.2226298752686
臺南市學甲區新榮里7鄰仁利街90號,67,6701300,6701300-002,7鄰,仁利街,,,,,,90號,120.178452950144,23.2226653218813
