FULL_ADDR,COUNTY,TOWN,VILLAGE,NEIGHBORHOOD,ROAD,SECTION,LANE,ALLEY,SUB_ALLEY,TONG,NUMBER,X,Y
臺南市安南區國安里9鄰九份子大道6號,67,6703500,6703500-049,9鄰,九份子大道,,,,,,6號,120.185192106006,23.0217608181059
臺南市安南區國安里9鄰九份子大道8號,67,6703500,6703500-049,9鄰,九份子大道,,,,,,8號,120.183607176575,23.0225064809316
臺南市安南區海南里1鄰九份子大道390號,67,6703500,6703500-017,1鄰,九份子大道,,,,,,390號,120.178732976807,23.0192012725737
