FULL_ADDR,COUNTY,TOWN,VILLAGE,NEIGHBORHOOD,ROAD,SECTION,LANE,ALLEY,SUB_ALLEY,TONG,NUMBER,X,Y
臺南市東區大智里2鄰信東街2號,67,6703200,6703200-003,2鄰,信東街,,,,,,2號,120.234951094312,22.9609765954846
臺南市東區大智里2鄰信東街6號,67,6703200,6703200-003,2鄰,信東街,,,,,,6號,120.234938653723,22.9610905871171
臺南市東區大智里2鄰信東街9號,67,6703200,6703200-003,2鄰,信東街,,,,,,9號,120.234823563056,22.9610252852201
臺南市東區大智里2鄰信東街11號,67,6703200,6703200-003,2鄰,信東街,,,,,,11號,120.234831401495,22.9611053307623
