FULL_ADDR,COUNTY,TOWN,VILLAGE,NEIGHBORHOOD,ROAD,SECTION,LANE,ALLEY,SUB_ALLEY,TONG,NUMBER,X,Y
臺南市歸仁區看西里3鄰仁愛十六街6號,67,6702800,6702800-007,3鄰,仁愛十六街,,,,,,6號,120.300163821272,22.9605052254867
臺南市歸仁區看西里3鄰仁愛十六街26號,67,6702800,6702800-007,3鄰,仁愛十六街,,,,,,26號,120.299786312109,22.9603586227691
臺南市歸仁區看西里3鄰仁愛十六街36號,67,6702800,6702800-007,3鄰,仁愛十六街,,,,,,36號,120.299566117595,22.9603215292276
