FULL_ADDR,COUNTY,TOWN,VILLAGE,NEIGHBORHOOD,ROAD,SECTION,LANE,ALLEY,SUB_ALLEY,TONG,NUMBER,X,Y
臺南市關廟區新光里8鄰九芎林街151巷59號,67,6702900,6702900-006,8鄰,九芎林街,,151巷,,,,59號,120.366545342821,22.9664035007395
臺南市關廟區新光里8鄰九芎林街155號,67,6702900,6702900-006,8鄰,九芎林街,,,,,,155號,120.366924528115,22.9652673665612
臺南市關廟區新光里8鄰九芎林街165號,67,6702900,6702900-006,8鄰,九芎林街,,,,,,165號,120.367331452161,22.9652942756849
臺南市關廟區新光里8鄰九芎林街208號,67,6702900,6702900-006,8鄰,九芎林街,,,,,,208號,120.36814390845,22.9653749055253
臺南市關廟區新光里8鄰九芎林街219號,67,6702900,6702900-006,8鄰,九芎林街,,,,,,219號,120.368201208878,22.9657196432746
臺南市關廟區新光里8鄰九芎林街300號,67,6702900,6702900-006,8鄰,九芎林街,,,,,,300號,120.367764549211,22.968458987286
