FULL_ADDR,COUNTY,TOWN,VILLAGE,NEIGHBORHOOD,ROAD,SECTION,LANE,ALLEY,SUB_ALLEY,TONG,NUMBER,X,Y
臺南市新市區三舍里6鄰大業一路1號,67,6702000,6702000-006,6鄰,大業一路,,,,,,1號,120.288736102815,23.0919503852907
臺南市新市區三舍里6鄰大業一路2號,67,6702000,6702000-006,6鄰,大業一路,,,,,,2號,120.288072346785,23.0905062728866
臺南市新市區三舍里6鄰大業一路5號,67,6702000,6702000-006,6鄰,大業一路,,,,,,5號,120.289464829813,23.0917707153604
臺南市新市區三舍里6鄰大業一路13號,67,6702000,6702000-006,6鄰,大業一路,,,,,,13號,120.288626268688,23.0873370193378
臺南市新市區社內里17鄰大業一路7號,67,6702000,6702000-003,17鄰,大業一路,,,,,,7號,120.289619423565,23.0903819419011
臺南市新市區社內里17鄰大業一路8號,67,6702000,6702000-003,17鄰,大業一路,,,,,,8號,120.287874143461,23.0885533319857
臺南市新市區社內里17鄰大業一路9號,67,6702000,6702000-003,17鄰,大業一路,,,,,,9號,120.289627511277,23.0890846165532
