FULL_ADDR,COUNTY,TOWN,VILLAGE,NEIGHBORHOOD,ROAD,SECTION,LANE,ALLEY,SUB_ALLEY,TONG,NUMBER,X,Y
臺南市善化區胡厝里14鄰北園一路2號,67,6701900,6701900-010,14鄰,北園一路,,,,,,2號,120.267855579201,23.1216706271864
臺南市善化區胡厝里14鄰北園一路7號,67,6701900,6701900-010,14鄰,北園一路,,,,,,7號,120.266244978851,23.1233356952655
臺南市善化區胡厝里14鄰北園一路11號,67,6701900,6701900-010,14鄰,北園一路,,,,,,11號,120.264928493535,23.1257563086576
臺南市安定區蘇林里1鄰北園一路1號,67,6702100,6702100-001,1鄰,北園一路,,,,,,1號,120.267005614809,23.1202838128329
