FULL_ADDR,COUNTY,TOWN,VILLAGE,NEIGHBORHOOD,ROAD,SECTION,LANE,ALLEY,SUB_ALLEY,TONG,NUMBER,X,Y
臺南市東區東智里12鄰崇吉三街1號,67,6703200,6703200-033,12鄰,崇吉三街,,,,,,1號,120.227322098378,22.9627954981638
臺南市東區東智里12鄰崇吉三街3號,67,6703200,6703200-033,12鄰,崇吉三街,,,,,,3號,120.227249657525,22.9627930682454
臺南市東區東智里12鄰崇吉三街5號,67,6703200,6703200-033,12鄰,崇吉三街,,,,,,5號,120.227174569952,22.9627930635509
臺南市東區東智里12鄰崇吉三街7號,67,6703200,6703200-033,12鄰,崇吉三街,,,,,,7號,120.227091374375,22.9627955477616
