FULL_ADDR,COUNTY,TOWN,VILLAGE,NEIGHBORHOOD,ROAD,SECTION,LANE,ALLEY,SUB_ALLEY,TONG,NUMBER,X,Y
臺南市安平區王城里13鄰大平路1號,67,6703600,6703600-000,13鄰,大平路,,,,,,1號,120.15308243202,22.9997114853183
臺南市安平區王城里13鄰大平路3號,67,6703600,6703600-000,13鄰,大平路,,,,,,3號,120.153092822766,22.9996719892722
臺南市安平區王城里13鄰大平路5號,67,6703600,6703600-000,13鄰,大平路,,,,,,5號,120.153103055688,22.9996421545319
臺南市安平區王城里13鄰大平路7號,67,6703600,6703600-000,13鄰,大平路,,,,,,7號,120.153110449776,22.9995983080382
臺南市安平區王城里13鄰大平路11號,67,6703600,6703600-000,13鄰,大平路,,,,,,11號,120.153130114848,22.9995106411247
臺南市安平區王城里13鄰大平路13號,67,6703600,6703600-000,13鄰,大平路,,,,,,13號,120.153138396985,22.9994807959504
臺南市安平區王城里13鄰大平路15號,67,6703600,6703600-000,13鄰,大平路,,,,,,15號,120.153149714067,22.999449160993
臺南市安平區王城里13鄰大平路17號,67,6703600,6703600-000,13鄰,大平路,,,,,,17號,120.153162082574,22.9994053410918
臺南市安平區金城里6鄰大平路66號,67,6703600,6703600-002,6鄰,大平路,,,,,,66號,120.153604257514,22.9967269537148
