FULL_ADDR,COUNTY,TOWN,VILLAGE,NEIGHBORHOOD,ROAD,SECTION,LANE,ALLEY,SUB_ALLEY,TONG,NUMBER,X,Y
臺南市新市區新和里37鄰富安五街16號,67,6702000,6702000-002,37鄰,富安五街,,,,,,16號,120.291777404086,23.0814883511488
臺南市新市區新和里37鄰富安五街18號,67,6702000,6702000-002,37鄰,富安五街,,,,,,18號,120.291742086275,23.0815228686163
臺南市新市區新和里37鄰富安五街20號,67,6702000,6702000-002,37鄰,富安五街,,,,,,20號,120.291708740798,23.0815535119497
臺南市新市區新和里37鄰富安五街22號,67,6702000,6702000-002,37鄰,富安五街,,,,,,22號,120.291661596876,23.0816097390598
