FULL_ADDR,COUNTY,TOWN,VILLAGE,NEIGHBORHOOD,ROAD,SECTION,LANE,ALLEY,SUB_ALLEY,TONG,NUMBER,X,Y
臺南市六甲區甲東里20鄰工研路2號,67,6700900,6700900-002,20鄰,工研路,,,,,,2號,120.366082468901,23.2210563521469
臺南市六甲區甲東里20鄰工研路7號,67,6700900,6700900-002,20鄰,工研路,,,,,,7號,120.369107893925,23.2297924097641
臺南市六甲區甲東里20鄰工研路8號,67,6700900,6700900-002,20鄰,工研路,,,,,,8號,120.370108845889,23.2297098255859
臺南市六甲區甲東里20鄰工研路11號,67,6700900,6700900-002,20鄰,工研路,,,,,,11號,120.368359298676,23.2325602869352
