FULL_ADDR,COUNTY,TOWN,VILLAGE,NEIGHBORHOOD,ROAD,SECTION,LANE,ALLEY,SUB_ALLEY,TONG,NUMBER,X,Y
臺南市柳營區大農里6鄰工二路2號,67,6700400,6700400-010,6鄰,工二路,,,,,,2號,120.361628876536,23.2802053730362
臺南市柳營區大農里6鄰工二路5號,67,6700400,6700400-010,6鄰,工二路,,,,,,5號,120.358893758319,23.2802119211538
臺南市柳營區大農里6鄰工二路6號,67,6700400,6700400-010,6鄰,工二路,,,,,,6號,120.360994700885,23.2803869140807
臺南市柳營區大農里6鄰工二路8號,67,6700400,6700400-010,6鄰,工二路,,,,,,8號,120.360344652587,23.2807191892572
臺南市柳營區大農里6鄰工二路10號,67,6700400,6700400-010,6鄰,工二路,,,,,,10號,120.359607725593,23.2807809287872
臺南市柳營區大農里6鄰工二路26號,67,6700400,6700400-010,6鄰,工二路,,,,,,26號,120.356368671267,23.2814246103924
