FULL_ADDR,COUNTY,TOWN,VILLAGE,NEIGHBORHOOD,ROAD,SECTION,LANE,ALLEY,SUB_ALLEY,TONG,NUMBER,X,Y
臺南市安定區港南里12鄰定順路121巷55號,67,6702100,6702100-009,12鄰,定順路,,121巷,,,,55號,120.245017545491,23.0851064946314
臺南市安定區港南里12鄰定順路179號,67,6702100,6702100-009,12鄰,定順路,,,,,,179號,120.246796999513,23.0870818358375
臺南市安定區港南里12鄰定順路185號,67,6702100,6702100-009,12鄰,定順路,,,,,,185號,120.246715095987,23.0875393612081
