FULL_ADDR,COUNTY,TOWN,VILLAGE,NEIGHBORHOOD,ROAD,SECTION,LANE,ALLEY,SUB_ALLEY,TONG,NUMBER,X,Y
臺南市新市區豐華里5鄰堤塘港路1號,67,6702000,6702000-005,5鄰,堤塘港路,,,,,,1號,120.263148864084,23.0901640188217
臺南市新市區豐華里5鄰堤塘港路3號,67,6702000,6702000-005,5鄰,堤塘港路,,,,,,3號,120.263073662643,23.0911743181014
臺南市新市區豐華里5鄰堤塘港路5號,67,6702000,6702000-005,5鄰,堤塘港路,,,,,,5號,120.264586124703,23.0914424299899
臺南市新市區豐華里5鄰堤塘港路6號,67,6702000,6702000-005,5鄰,堤塘港路,,,,,,6號,120.26562952214,23.0909304925193
臺南市新市區豐華里5鄰堤塘港路9號,67,6702000,6702000-005,5鄰,堤塘港路,,,,,,9號,120.261942154841,23.0939303504092
臺南市新市區豐華里5鄰堤塘港路12號,67,6702000,6702000-005,5鄰,堤塘港路,,,,,,12號,120.264826097104,23.0931201685901
臺南市新市區豐華里5鄰堤塘港路27號,67,6702000,6702000-005,5鄰,堤塘港路,,,,,,27號,120.267873465222,23.097631415227
臺南市新市區豐華里5鄰堤塘港路30號,67,6702000,6702000-005,5鄰,堤塘港路,,,,,,30號,120.266782869667,23.0963457937948
