FULL_ADDR,COUNTY,TOWN,VILLAGE,NEIGHBORHOOD,ROAD,SECTION,LANE,ALLEY,SUB_ALLEY,TONG,NUMBER,X,Y
臺南市新市區社內里17鄰奇業路1號,67,6702000,6702000-003,17鄰,奇業路,,,,,,1號,120.280805992568,23.087137431323
臺南市新市區社內里17鄰奇業路2號,67,6702000,6702000-003,17鄰,奇業路,,,,,,2號,120.281132611867,23.0893345970952
