FULL_ADDR,COUNTY,TOWN,VILLAGE,NEIGHBORHOOD,ROAD,SECTION,LANE,ALLEY,SUB_ALLEY,TONG,NUMBER,X,Y
臺南市安平區金城里10鄰安港路1號,67,6703600,6703600-002,10鄰,安港路,,,,,,1號,120.165416797248,22.9704834587868
臺南市安平區金城里11鄰安港路202號,67,6703600,6703600-002,11鄰,安港路,,,,,,202號,120.147230480503,22.9909596835467
