FULL_ADDR,COUNTY,TOWN,VILLAGE,NEIGHBORHOOD,ROAD,SECTION,LANE,ALLEY,SUB_ALLEY,TONG,NUMBER,X,Y
臺南市安定區蘇林里1鄰北園二路7號,67,6702100,6702100-001,1鄰,北園二路,,,,,,7號,120.266626590155,23.116820457946
臺南市安定區蘇林里1鄰北園二路8號,67,6702100,6702100-001,1鄰,北園二路,,,,,,8號,120.263163064037,23.1161909968169
臺南市安定區蘇林里1鄰北園二路11號,67,6702100,6702100-001,1鄰,北園二路,,,,,,11號,120.265883512706,23.1165749054396
