FULL_ADDR,COUNTY,TOWN,VILLAGE,NEIGHBORHOOD,ROAD,SECTION,LANE,ALLEY,SUB_ALLEY,TONG,NUMBER,X,Y
臺南市佳里區鎮山里6鄰平等東街33號,67,6701200,6701200-003,6鄰,平等東街,,,,,,33號,120.182574240936,23.1574021177932
臺南市佳里區鎮山里6鄰平等東街35巷15號,67,6701200,6701200-003,6鄰,平等東街,,35巷,,,,15號,120.182468928797,23.157311994591
臺南市佳里區鎮山里6鄰平等東街35巷17號,67,6701200,6701200-003,6鄰,平等東街,,35巷,,,,17號,120.182471222813,23.1572719136592
臺南市佳里區鎮山里6鄰平等東街35巷19號,67,6701200,6701200-003,6鄰,平等東街,,35巷,,,,19號,120.18246101519,23.1572482023082
臺南市佳里區鎮山里6鄰平等東街35巷21號,67,6701200,6701200-003,6鄰,平等東街,,35巷,,,,21號,120.182463228104,23.1572214852339
