FULL_ADDR,COUNTY,TOWN,VILLAGE,NEIGHBORHOOD,ROAD,SECTION,LANE,ALLEY,SUB_ALLEY,TONG,NUMBER,X,Y
臺南市仁德區土庫里9鄰大利路7號,67,6702700,6702700-002,9鄰,大利路,,,,,,7號,120.254069114477,22.9867533455885
臺南市仁德區太子里9鄰大利路39號,67,6702700,6702700-001,9鄰,大利路,,,,,,39號,120.254116854797,22.9875619552554
臺南市仁德區太子里9鄰大利路43號,67,6702700,6702700-001,9鄰,大利路,,,,,,43號,120.254144449652,22.9876521163985
臺南市仁德區太子里9鄰大利路47號,67,6702700,6702700-001,9鄰,大利路,,,,,,47號,120.254249204609,22.9877759622014
臺南市仁德區太子里9鄰大利路53號,67,6702700,6702700-001,9鄰,大利路,,,,,,53號,120.254252681584,22.9880309015463
臺南市仁德區太子里9鄰大利路56號,67,6702700,6702700-001,9鄰,大利路,,,,,,56號,120.254426622451,22.9879532475269
臺南市仁德區太子里9鄰大利路58號,67,6702700,6702700-001,9鄰,大利路,,,,,,58號,120.254457376525,22.9882319743808
臺南市仁德區太子里9鄰大利路61號,67,6702700,6702700-001,9鄰,大利路,,,,,,61號,120.254174328774,22.9883387339979
臺南市仁德區太子里9鄰大利路65號,67,6702700,6702700-001,9鄰,大利路,,,,,,65號,120.254268052867,22.9883755668978
臺南市仁德區太子里9鄰大利路67號,67,6702700,6702700-001,9鄰,大利路,,,,,,67號,120.253889043831,22.9885330756417
臺南市仁德區太子里9鄰大利路70號,67,6702700,6702700-001,9鄰,大利路,,,,,,70號,120.254465530184,22.9883812822034
臺南市仁德區太子里9鄰大利路72號,67,6702700,6702700-001,9鄰,大利路,,,,,,72號,120.254471219875,22.9885174846181
臺南市仁德區太子里9鄰大利路76號,67,6702700,6702700-001,9鄰,大利路,,,,,,76號,120.254473376542,22.9885865759102
臺南市仁德區太子里9鄰大利路78號,67,6702700,6702700-001,9鄰,大利路,,,,,,78號,120.254468474698,22.9887332938376
臺南市仁德區太子里9鄰大利路82巷9號,67,6702700,6702700-001,9鄰,大利路,,82巷,,,,9號,120.254736992048,22.9889817140309
臺南市仁德區太子里9鄰大利路82巷11號,67,6702700,6702700-001,9鄰,大利路,,82巷,,,,11號,120.254840352904,22.9889688354443
臺南市仁德區太子里9鄰大利路82巷13號,67,6702700,6702700-001,9鄰,大利路,,82巷,,,,13號,120.254924579923,22.9889590273916
