FULL_ADDR,COUNTY,TOWN,VILLAGE,NEIGHBORHOOD,ROAD,SECTION,LANE,ALLEY,SUB_ALLEY,TONG,NUMBER,X,Y
臺南市歸仁區南興里9鄰大德一街1號,67,6702800,6702800-018,9鄰,大德一街,,,,,,1號,120.274964833277,22.9733552514252
臺南市歸仁區南興里9鄰大德一街47號,67,6702800,6702800-018,9鄰,大德一街,,,,,,47號,120.274889335432,22.9723523664895
臺南市歸仁區南興里9鄰大德一街56號,67,6702800,6702800-018,9鄰,大德一街,,,,,,56號,120.274667038042,22.9724147420246
