FULL_ADDR,COUNTY,TOWN,VILLAGE,NEIGHBORHOOD,ROAD,SECTION,LANE,ALLEY,SUB_ALLEY,TONG,NUMBER,X,Y
臺南市安南區城北里9鄰尊安一街11號,67,6703500,6703500-028,9鄰,尊安一街,,,,,,11號,120.130474349562,23.0638445631113
臺南市安南區城北里9鄰尊安一街12號,67,6703500,6703500-028,9鄰,尊安一街,,,,,,12號,120.130502962357,23.0640541247977
臺南市安南區城北里9鄰尊安一街13號,67,6703500,6703500-028,9鄰,尊安一街,,,,,,13號,120.130421421069,23.0638957425509
臺南市安南區城北里9鄰尊安一街15號,67,6703500,6703500-028,9鄰,尊安一街,,,,,,15號,120.130369355322,23.0638885933186
臺南市安南區城北里9鄰尊安一街22號,67,6703500,6703500-028,9鄰,尊安一街,,,,,,22號,120.130307740397,23.0641980714426
臺南市安南區城北里9鄰尊安一街38號,67,6703500,6703500-028,9鄰,尊安一街,,,,,,38號,120.129920489677,23.063989154417
