FULL_ADDR,COUNTY,TOWN,VILLAGE,NEIGHBORHOOD,ROAD,SECTION,LANE,ALLEY,SUB_ALLEY,TONG,NUMBER,X,Y
臺南市柳營區大農里6鄰工六路1號,67,6700400,6700400-010,6鄰,工六路,,,,,,1號,120.356481078009,23.2736338757785
臺南市柳營區大農里6鄰工六路2號,67,6700400,6700400-010,6鄰,工六路,,,,,,2號,120.3588309669,23.2736652552921
臺南市柳營區大農里6鄰工六路6號,67,6700400,6700400-010,6鄰,工六路,,,,,,6號,120.357778515901,23.2738591615585
臺南市柳營區大農里6鄰工六路8號,67,6700400,6700400-010,6鄰,工六路,,,,,,8號,120.356063015817,23.2748162687037
臺南市柳營區大農里6鄰工六路12號,67,6700400,6700400-010,6鄰,工六路,,,,,,12號,120.354387649317,23.2745800232525
