FULL_ADDR,COUNTY,TOWN,VILLAGE,NEIGHBORHOOD,ROAD,SECTION,LANE,ALLEY,SUB_ALLEY,TONG,NUMBER,X,Y
臺南市新市區豐華里5鄰南科一路1之1號,67,6702000,6702000-005,5鄰,南科一路,,,,,,1之1號,120.285470786634,23.0924228190889
臺南市新市區豐華里5鄰南科一路1號,67,6702000,6702000-005,5鄰,南科一路,,,,,,1號,120.284375015368,23.0931222978662
臺南市新市區豐華里5鄰南科一路1號四樓,67,6702000,6702000-005,5鄰,南科一路,,,,,,1號四樓,120.284375015368,23.0931222978662
臺南市新市區豐華里5鄰南科一路3號,67,6702000,6702000-005,5鄰,南科一路,,,,,,3號,120.282941125098,23.0931376454724
臺南市新市區豐華里5鄰南科一路6號,67,6702000,6702000-005,5鄰,南科一路,,,,,,6號,120.284119237339,23.0939399913797
臺南市新市區豐華里5鄰南科一路8號,67,6702000,6702000-005,5鄰,南科一路,,,,,,8號,120.282569173909,23.0936256601806
