FULL_ADDR,COUNTY,TOWN,VILLAGE,NEIGHBORHOOD,ROAD,SECTION,LANE,ALLEY,SUB_ALLEY,TONG,NUMBER,X,Y
臺南市安南區原佃里1鄰原佃五街2號,67,6703500,6703500-011,1鄰,原佃五街,,,,,,2號,120.198214371887,23.0467425790218
臺南市安南區原佃里1鄰原佃五街8號,67,6703500,6703500-011,1鄰,原佃五街,,,,,,8號,120.19793127456,23.0467309394411
臺南市安南區原佃里1鄰原佃五街10號,67,6703500,6703500-011,1鄰,原佃五街,,,,,,10號,120.197747218826,23.0467849086077
臺南市安南區原佃里1鄰原佃五街12號,67,6703500,6703500-011,1鄰,原佃五街,,,,,,12號,120.197629543129,23.0468176325195
臺南市安南區原佃里1鄰原佃五街16號,67,6703500,6703500-011,1鄰,原佃五街,,,,,,16號,120.19757824884,23.0468453654515
臺南市安南區原佃里1鄰原佃五街18號,67,6703500,6703500-011,1鄰,原佃五街,,,,,,18號,120.197391976642,23.0469110620342
臺南市安南區原佃里1鄰原佃五街20號,67,6703500,6703500-011,1鄰,原佃五街,,,,,,20號,120.197331442764,23.0469336911527
臺南市安南區原佃里1鄰原佃五街22號,67,6703500,6703500-011,1鄰,原佃五街,,,,,,22號,120.197306982507,23.0469448545763
臺南市安南區原佃里1鄰原佃五街56號,67,6703500,6703500-011,1鄰,原佃五街,,,,,,56號,120.196498355598,23.0471934994278
