FULL_ADDR,COUNTY,TOWN,VILLAGE,NEIGHBORHOOD,ROAD,SECTION,LANE,ALLEY,SUB_ALLEY,TONG,NUMBER,X,Y
臺南市安平區金城里10鄰城平路1號,67,6703600,6703600-002,10鄰,城平路,,,,,,1號,120.152708384392,22.9927369313418
臺南市安平區金城里10鄰城平路2號,67,6703600,6703600-002,10鄰,城平路,,,,,,2號,120.152174595624,22.99306033142
