FULL_ADDR,COUNTY,TOWN,VILLAGE,NEIGHBORHOOD,ROAD,SECTION,LANE,ALLEY,SUB_ALLEY,TONG,NUMBER,X,Y
臺南市東區德高里10鄰德昌一街1號,67,6703200,6703200-026,10鄰,德昌一街,,,,,,1號,120.23801209925,22.9661447876672
臺南市東區德高里10鄰德昌一街2號,67,6703200,6703200-026,10鄰,德昌一街,,,,,,2號,120.238034397249,22.9663074387074
臺南市東區德高里10鄰德昌一街3號,67,6703200,6703200-026,10鄰,德昌一街,,,,,,3號,120.237924254095,22.9661587235514
臺南市東區德高里10鄰德昌一街6號,67,6703200,6703200-026,10鄰,德昌一街,,,,,,6號,120.237941548448,22.9663093403672
臺南市東區德高里10鄰德昌一街31號,67,6703200,6703200-026,10鄰,德昌一街,,,,,,31號,120.237121433896,22.9662361350978
臺南市東區德高里10鄰德昌一街33號,67,6703200,6703200-026,10鄰,德昌一街,,,,,,33號,120.237043965877,22.9662428962439
臺南市東區德高里10鄰德昌一街35號,67,6703200,6703200-026,10鄰,德昌一街,,,,,,35號,120.23697428548,22.9662521329841
臺南市東區德高里10鄰德昌一街37號,67,6703200,6703200-026,10鄰,德昌一街,,,,,,37號,120.236896830624,22.9662565462655
臺南市東區德高里10鄰德昌一街39號,67,6703200,6703200-026,10鄰,德昌一街,,,,,,39號,120.236823125684,22.9662704592821
