FULL_ADDR,COUNTY,TOWN,VILLAGE,NEIGHBORHOOD,ROAD,SECTION,LANE,ALLEY,SUB_ALLEY,TONG,NUMBER,X,Y
臺南市柳營區東昇里15鄰天生街10號,67,6700400,6700400-004,15鄰,天生街,,,,,,10號,120.318328297601,23.2764022249006
臺南市柳營區東昇里15鄰天生街12號,67,6700400,6700400-004,15鄰,天生街,,,,,,12號,120.318274031673,23.2764056914737
臺南市柳營區東昇里15鄰天生街36號,67,6700400,6700400-004,15鄰,天生街,,,,,,36號,120.317550157916,23.2764203344033
臺南市柳營區東昇里15鄰天生街38之1號,67,6700400,6700400-004,15鄰,天生街,,,,,,38之1號,120.31745700963,23.2764965938183
臺南市柳營區東昇里15鄰天生街38號,67,6700400,6700400-004,15鄰,天生街,,,,,,38號,120.317481362777,23.2764553424386
臺南市柳營區東昇里15鄰天生街42號,67,6700400,6700400-004,15鄰,天生街,,,,,,42號,120.317430127312,23.2765546299499
