FULL_ADDR,COUNTY,TOWN,VILLAGE,NEIGHBORHOOD,ROAD,SECTION,LANE,ALLEY,SUB_ALLEY,TONG,NUMBER,X,Y
臺南市安南區媽祖宮里3鄰工業八路8號,67,6703500,6703500-000,3鄰,工業八路,,,,,,8號,120.138112847757,23.0350479395748
臺南市安南區媽祖宮里3鄰工業八路18號,67,6703500,6703500-000,3鄰,工業八路,,,,,,18號,120.13785630333,23.0342876618884
臺南市安南區媽祖宮里3鄰工業八路26號,67,6703500,6703500-000,3鄰,工業八路,,,,,,26號,120.137776664366,23.0338008729415
臺南市安南區媽祖宮里3鄰工業八路28號,67,6703500,6703500-000,3鄰,工業八路,,,,,,28號,120.137684295721,23.0333214191435
