FULL_ADDR,COUNTY,TOWN,VILLAGE,NEIGHBORHOOD,ROAD,SECTION,LANE,ALLEY,SUB_ALLEY,TONG,NUMBER,X,Y
臺南市新市區豐華里5鄰南科六路1號,67,6702000,6702000-005,5鄰,南科六路,,,,,,1號,120.282764872874,23.1063322125848
臺南市新市區豐華里5鄰南科六路2號,67,6702000,6702000-005,5鄰,南科六路,,,,,,2號,120.280828421353,23.1060299216025
臺南市新市區豐華里5鄰南科六路2之1號,67,6702000,6702000-005,5鄰,南科六路,,,,,,2之1號,120.282657961829,23.1065926069216
臺南市新市區豐華里5鄰南科六路6之1號,67,6702000,6702000-005,5鄰,南科六路,,,,,,6之1號,120.279701040963,23.1059864024101
臺南市新市區豐華里5鄰南科六路6號,67,6702000,6702000-005,5鄰,南科六路,,,,,,6號,120.280067965183,23.1059738089867
臺南市新市區豐華里5鄰南科六路9號,67,6702000,6702000-005,5鄰,南科六路,,,,,,9號,120.280762395692,23.1056331081457
