FULL_ADDR,COUNTY,TOWN,VILLAGE,NEIGHBORHOOD,ROAD,SECTION,LANE,ALLEY,SUB_ALLEY,TONG,NUMBER,X,Y
臺南市善化區南關里9鄰善美三街195號,67,6701900,6701900-005,9鄰,善美三街,,,,,,195號,120.285529357397,23.1245067530617
臺南市善化區南關里9鄰善美三街199號,67,6701900,6701900-005,9鄰,善美三街,,,,,,199號,120.28534561291,23.1247275194299
臺南市善化區南關里9鄰善美三街201號,67,6701900,6701900-005,9鄰,善美三街,,,,,,201號,120.285390438861,23.1247621272279
