FULL_ADDR,COUNTY,TOWN,VILLAGE,NEIGHBORHOOD,ROAD,SECTION,LANE,ALLEY,SUB_ALLEY,TONG,NUMBER,X,Y
臺南市柳營區大農里6鄰工五路2號,67,6700400,6700400-010,6鄰,工五路,,,,,,2號,120.359624171248,23.275297150194
臺南市柳營區大農里6鄰工五路3號,67,6700400,6700400-010,6鄰,工五路,,,,,,3號,120.358430697818,23.2749327904678
臺南市柳營區大農里6鄰工五路5號,67,6700400,6700400-010,6鄰,工五路,,,,,,5號,120.357864463511,23.275096446715
臺南市柳營區大農里6鄰工五路8號,67,6700400,6700400-010,6鄰,工五路,,,,,,8號,120.356404726505,23.2758949525723
臺南市柳營區大農里6鄰工五路10號,67,6700400,6700400-010,6鄰,工五路,,,,,,10號,120.355715777942,23.2760258604504
