FULL_ADDR,COUNTY,TOWN,VILLAGE,NEIGHBORHOOD,ROAD,SECTION,LANE,ALLEY,SUB_ALLEY,TONG,NUMBER,X,Y
臺南市善化區南關里9鄰大利三路3之1號,67,6701900,6701900-005,9鄰,大利三路,,,,,,3之1號,120.274258601046,23.1195001236415
臺南市善化區南關里9鄰大利三路3號,67,6701900,6701900-005,9鄰,大利三路,,,,,,3號,120.274124019371,23.1197993939247
臺南市善化區南關里9鄰大利三路5號,67,6701900,6701900-005,9鄰,大利三路,,,,,,5號,120.273910396426,23.1203634238617
臺南市善化區南關里9鄰大利三路6號,67,6701900,6701900-005,9鄰,大利三路,,,,,,6號,120.274710230691,23.1198283677622
臺南市善化區南關里9鄰大利三路8號,67,6701900,6701900-005,9鄰,大利三路,,,,,,8號,120.274585558306,23.1204274831702
