FULL_ADDR,COUNTY,TOWN,VILLAGE,NEIGHBORHOOD,ROAD,SECTION,LANE,ALLEY,SUB_ALLEY,TONG,NUMBER,X,Y
臺南市善化區南關里9鄰南科八路1號,67,6701900,6701900-005,9鄰,南科八路,,,,,,1號,120.281732941026,23.1182933241073
臺南市善化區南關里9鄰南科八路2號,67,6701900,6701900-005,9鄰,南科八路,,,,,,2號,120.281027316605,23.1174978083285
臺南市善化區南關里9鄰南科八路5號,67,6701900,6701900-005,9鄰,南科八路,,,,,,5號,120.281024989397,23.1170366301185
臺南市善化區南關里9鄰南科八路11號,67,6701900,6701900-005,9鄰,南科八路,,,,,,11號,120.276485629825,23.113873944031
臺南市善化區南關里9鄰南科八路12號,67,6701900,6701900-005,9鄰,南科八路,,,,,,12號,120.276276450695,23.1155430121656
