FULL_ADDR,COUNTY,TOWN,VILLAGE,NEIGHBORHOOD,ROAD,SECTION,LANE,ALLEY,SUB_ALLEY,TONG,NUMBER,X,Y
臺南市學甲區慈福里8鄰太平路5號,67,6701300,6701300-005,8鄰,太平路,,,,,,5號,120.184993155782,23.2333940371907
臺南市學甲區慈福里8鄰太平路8號,67,6701300,6701300-005,8鄰,太平路,,,,,,8號,120.185039046901,23.2336408799977
臺南市學甲區慈福里8鄰太平路9號,67,6701300,6701300-005,8鄰,太平路,,,,,,9號,120.184743097093,23.2334126961442
臺南市學甲區慈福里8鄰太平路10號,67,6701300,6701300-005,8鄰,太平路,,,,,,10號,120.184949573919,23.2336197376705
臺南市學甲區慈福里8鄰太平路13號,67,6701300,6701300-005,8鄰,太平路,,,,,,13號,120.184675397065,23.2334586679917
臺南市學甲區慈福里8鄰太平路19號,67,6701300,6701300-005,8鄰,太平路,,,,,,19號,120.18449810566,23.2334979308793
