FULL_ADDR,COUNTY,TOWN,VILLAGE,NEIGHBORHOOD,ROAD,SECTION,LANE,ALLEY,SUB_ALLEY,TONG,NUMBER,X,Y
臺南市安平區建平里7鄰建平十六街101號,67,6703600,6703600-005,7鄰,建平十六街,,,,,,101號,120.184687142491,22.996599040403
臺南市安平區建平里7鄰建平十六街103號,67,6703600,6703600-005,7鄰,建平十六街,,,,,,103號,120.18463284743,22.9966095067543
臺南市安平區建平里7鄰建平十六街105號,67,6703600,6703600-005,7鄰,建平十六街,,,,,,105號,120.18458246794,22.9966176454168
臺南市安平區建平里7鄰建平十六街107號,67,6703600,6703600-005,7鄰,建平十六街,,,,,,107號,120.184529581772,22.9966208949042
