FULL_ADDR,COUNTY,TOWN,VILLAGE,NEIGHBORHOOD,ROAD,SECTION,LANE,ALLEY,SUB_ALLEY,TONG,NUMBER,X,Y
臺南市南區文南里14鄰南豐街2號,67,6703300,6703300-035,14鄰,南豐街,,,,,,2號,120.188332591481,22.983528701607
臺南市南區文南里14鄰南豐街8號,67,6703300,6703300-035,14鄰,南豐街,,,,,,8號,120.188343033096,22.983641992809
臺南市南區文南里14鄰南豐街10號,67,6703300,6703300-035,14鄰,南豐街,,,,,,10號,120.188348305162,22.9836900600566
臺南市南區文南里14鄰南豐街12號,67,6703300,6703300-035,14鄰,南豐街,,,,,,12號,120.188355461009,22.9837329897828
臺南市南區文南里14鄰南豐街14號,67,6703300,6703300-035,14鄰,南豐街,,,,,,14號,120.188353310718,22.9837827347377
