FULL_ADDR,COUNTY,TOWN,VILLAGE,NEIGHBORHOOD,ROAD,SECTION,LANE,ALLEY,SUB_ALLEY,TONG,NUMBER,X,Y
臺南市安南區塩田里5鄰塩安一街2號,67,6703500,6703500-019,5鄰,塩安一街,,,,,,2號,120.144993930874,23.033410937369
臺南市安南區塩田里5鄰塩安一街6號,67,6703500,6703500-019,5鄰,塩安一街,,,,,,6號,120.145058896763,23.0334284454475
臺南市安南區塩田里5鄰塩安一街8號,67,6703500,6703500-019,5鄰,塩安一街,,,,,,8號,120.145128438991,23.0334474230275
臺南市安南區塩田里5鄰塩安一街10號,67,6703500,6703500-019,5鄰,塩安一街,,,,,,10號,120.145188703124,23.0334678855463
臺南市安南區塩田里5鄰塩安一街12號,67,6703500,6703500-019,5鄰,塩安一街,,,,,,12號,120.145239654419,23.0334953411246
臺南市安南區塩田里5鄰塩安一街18號,67,6703500,6703500-019,5鄰,塩安一街,,,,,,18號,120.145306189926,23.033511503084
臺南市安南區塩田里5鄰塩安一街20號,67,6703500,6703500-019,5鄰,塩安一街,,,,,,20號,120.145364866352,23.0335362010579
臺南市安南區塩田里5鄰塩安一街22號,67,6703500,6703500-019,5鄰,塩安一街,,,,,,22號,120.145425077039,23.0335651513966
