FULL_ADDR,COUNTY,TOWN,VILLAGE,NEIGHBORHOOD,ROAD,SECTION,LANE,ALLEY,SUB_ALLEY,TONG,NUMBER,X,Y
臺南市永康區三民里1鄰平道十六街376號,67,6703100,6703100-009,1鄰,平道十六街,,,,,,376號,120.245928801574,23.0493639661046
臺南市永康區三民里1鄰平道十六街378號,67,6703100,6703100-009,1鄰,平道十六街,,,,,,378號,120.245823821013,23.0493438700437
臺南市永康區三民里1鄰平道十六街380號,67,6703100,6703100-009,1鄰,平道十六街,,,,,,380號,120.245733750544,23.0493272764874
臺南市永康區三民里1鄰平道十六街382號,67,6703100,6703100-009,1鄰,平道十六街,,,,,,382號,120.245620404186,23.0492324611774
臺南市永康區三民里1鄰平道十六街386號,67,6703100,6703100-009,1鄰,平道十六街,,,,,,386號,120.245622707839,23.0491517427673
臺南市永康區三民里1鄰平道十六街388號,67,6703100,6703100-009,1鄰,平道十六街,,,,,,388號,120.245479032059,23.0491063580994
