FULL_ADDR,COUNTY,TOWN,VILLAGE,NEIGHBORHOOD,ROAD,SECTION,LANE,ALLEY,SUB_ALLEY,TONG,NUMBER,X,Y
臺南市新市區三舍里8鄰大順五路1號,67,6702000,6702000-006,8鄰,大順五路,,,,,,1號,120.289200278147,23.1019808995056
臺南市新市區三舍里8鄰大順五路3號,67,6702000,6702000-006,8鄰,大順五路,,,,,,3號,120.289282452332,23.1030421298631
臺南市新市區三舍里8鄰大順五路5號,67,6702000,6702000-006,8鄰,大順五路,,,,,,5號,120.289135348147,23.1033932814764
