FULL_ADDR,COUNTY,TOWN,VILLAGE,NEIGHBORHOOD,ROAD,SECTION,LANE,ALLEY,SUB_ALLEY,TONG,NUMBER,X,Y
臺南市安南區城中里5鄰安清路一段351之1號,67,6703500,6703500-029,5鄰,安清路,一段,,,,,351之1號,120.128370782352,23.0540664632914
臺南市安南區城中里5鄰安清路一段406號,67,6703500,6703500-029,5鄰,安清路,一段,,,,,406號,120.128595364292,23.0545893612799
臺南市安南區城中里5鄰安清路一段801巷35號,67,6703500,6703500-029,5鄰,安清路,一段,801巷,,,,35號,120.125091552144,23.0505096059819
臺南市安南區城中里5鄰安清路一段801巷121號,67,6703500,6703500-029,5鄰,安清路,一段,801巷,,,,121號,120.124897092677,23.0488014187817
臺南市安南區城北里8鄰安清路一段30之1號,67,6703500,6703500-028,8鄰,安清路,一段,,,,,30之1號,120.13305585866,23.0580663054769
臺南市安南區城南里18鄰安清路二段641巷330號,67,6703500,6703500-030,18鄰,安清路,二段,641巷,,,,330號,120.115388514195,23.0350037713244
臺南市安南區城西里7鄰安清路三段500號,67,6703500,6703500-031,7鄰,安清路,三段,,,,,500號,120.093171079021,23.0469220564732
