FULL_ADDR,COUNTY,TOWN,VILLAGE,NEIGHBORHOOD,ROAD,SECTION,LANE,ALLEY,SUB_ALLEY,TONG,NUMBER,X,Y
臺南市安南區佃西里12鄰公塭六街12巷275號,67,6703500,6703500-023,12鄰,公塭六街,,12巷,,,,275號,120.17061841747,23.0768852701118
臺南市安南區公(塭)里1鄰公塭六街2號,67,6703500,6703500-000,1鄰,公塭六街,,,,,,2號,120.167162850607,23.0727693732328
臺南市安南區公(塭)里1鄰公塭六街12巷29號,67,6703500,6703500-000,1鄰,公塭六街,,12巷,,,,29號,120.16615162526,23.0733788914453
臺南市安南區公(塭)里1鄰公塭六街76號,67,6703500,6703500-000,1鄰,公塭六街,,,,,,76號,120.165263472537,23.0727684701907
