FULL_ADDR,COUNTY,TOWN,VILLAGE,NEIGHBORHOOD,ROAD,SECTION,LANE,ALLEY,SUB_ALLEY,TONG,NUMBER,X,Y
臺南市歸仁區歸仁里3鄰和平五街15號,67,6702800,6702800-003,3鄰,和平五街,,,,,,15號,120.295770916331,22.96713596458
臺南市歸仁區歸仁里3鄰和平五街17號,67,6702800,6702800-003,3鄰,和平五街,,,,,,17號,120.295740685661,22.9671358303137
臺南市歸仁區歸仁里3鄰和平五街20號,67,6702800,6702800-003,3鄰,和平五街,,,,,,20號,120.295748417397,22.9672622888053
臺南市歸仁區歸仁里3鄰和平五街21號,67,6702800,6702800-003,3鄰,和平五街,,,,,,21號,120.295380382792,22.9670348963646
臺南市歸仁區歸仁里3鄰和平五街22號,67,6702800,6702800-003,3鄰,和平五街,,,,,,22號,120.295748417397,22.9672622888053
臺南市歸仁區歸仁里3鄰和平五街25號,67,6702800,6702800-003,3鄰,和平五街,,,,,,25號,120.295240557296,22.9671065173214
臺南市歸仁區歸仁里3鄰和平五街37號,67,6702800,6702800-003,3鄰,和平五街,,,,,,37號,120.295348363255,22.9673611089716
臺南市歸仁區歸仁里3鄰和平五街39號,67,6702800,6702800-003,3鄰,和平五街,,,,,,39號,120.295362506933,22.9674357620686
