FULL_ADDR,COUNTY,TOWN,VILLAGE,NEIGHBORHOOD,ROAD,SECTION,LANE,ALLEY,SUB_ALLEY,TONG,NUMBER,X,Y
臺南市新市區豐華里5鄰大利一路3號,67,6702000,6702000-005,5鄰,大利一路,,,,,,3號,120.279697377127,23.1071308628452
臺南市新市區豐華里5鄰大利一路5號,67,6702000,6702000-005,5鄰,大利一路,,,,,,5號,120.279507085029,23.1077034066415
臺南市新市區豐華里5鄰大利一路6號,67,6702000,6702000-005,5鄰,大利一路,,,,,,6號,120.2800653295,23.1059737969639
臺南市新市區豐華里5鄰大利一路7號,67,6702000,6702000-005,5鄰,大利一路,,,,,,7號,120.279095172361,23.108663142561
臺南市新市區豐華里5鄰大利一路9號,67,6702000,6702000-005,5鄰,大利一路,,,,,,9號,120.278366661465,23.1108651470524
臺南市新市區豐華里5鄰大利一路16號,67,6702000,6702000-005,5鄰,大利一路,,,,,,16號,120.279432507313,23.1095684170687
