FULL_ADDR,COUNTY,TOWN,VILLAGE,NEIGHBORHOOD,ROAD,SECTION,LANE,ALLEY,SUB_ALLEY,TONG,NUMBER,X,Y
臺南市善化區南關里9鄰大利二路1號,67,6701900,6701900-005,9鄰,大利二路,,,,,,1號,120.27899810938,23.1142620003882
臺南市善化區南關里9鄰大利二路1之1號,67,6701900,6701900-005,9鄰,大利二路,,,,,,1之1號,120.279096216303,23.1144462113709
臺南市善化區南關里9鄰大利二路3號,67,6701900,6701900-005,9鄰,大利二路,,,,,,3號,120.278527843509,23.1150292159121
臺南市善化區南關里9鄰大利二路6號,67,6701900,6701900-005,9鄰,大利二路,,,,,,6號,120.278079126587,23.1141574738583
臺南市善化區南關里9鄰大利二路10號,67,6701900,6701900-005,9鄰,大利二路,,,,,,10號,120.27737853151,23.115038404464
