FULL_ADDR,COUNTY,TOWN,VILLAGE,NEIGHBORHOOD,ROAD,SECTION,LANE,ALLEY,SUB_ALLEY,TONG,NUMBER,X,Y
臺南市白河區外角里2鄰民智街2號,67,6700300,6700300-003,2鄰,民智街,,,,,,2號,120.421710603414,23.3509134644385
臺南市白河區外角里2鄰民智街4號,67,6700300,6700300-003,2鄰,民智街,,,,,,4號,120.421672850289,23.3509139570816
臺南市白河區外角里2鄰民智街6號,67,6700300,6700300-003,2鄰,民智街,,,,,,6號,120.42162992869,23.3509109992152
臺南市白河區外角里2鄰民智街8號,67,6700300,6700300-003,2鄰,民智街,,,,,,8號,120.421589743898,23.3509084126491
臺南市白河區外角里2鄰民智街10號,67,6700300,6700300-003,2鄰,民智街,,,,,,10號,120.421546030911,23.3509075287397
臺南市白河區外角里2鄰民智街12號,67,6700300,6700300-003,2鄰,民智街,,,,,,12號,120.421504172973,23.3509073740742
