FULL_ADDR,COUNTY,TOWN,VILLAGE,NEIGHBORHOOD,ROAD,SECTION,LANE,ALLEY,SUB_ALLEY,TONG,NUMBER,X,Y
臺南市中西區赤嵌里2鄰慈音街3號,67,6703700,6703700-005,2鄰,慈音街,,,,,,3號,120.206690310299,22.9963203006994
臺南市中西區赤嵌里2鄰慈音街5號,67,6703700,6703700-005,2鄰,慈音街,,,,,,5號,120.206651650725,22.9963260669737
臺南市中西區赤嵌里2鄰慈音街7號,67,6703700,6703700-005,2鄰,慈音街,,,,,,7號,120.20660304587,22.9963645628179
臺南市中西區赤嵌里2鄰慈音街9號,67,6703700,6703700-005,2鄰,慈音街,,,,,,9號,120.206499276702,22.9964623812129
臺南市中西區赤嵌里5鄰慈音街18號,67,6703700,6703700-005,5鄰,慈音街,,,,,,18號,120.205977238289,22.9967964989987
臺南市中西區赤嵌里5鄰慈音街20號,67,6703700,6703700-005,5鄰,慈音街,,,,,,20號,120.2059276385,22.9968049192922
臺南市中西區赤嵌里5鄰慈音街22號,67,6703700,6703700-005,5鄰,慈音街,,,,,,22號,120.205375488143,22.9970004521284
