FULL_ADDR,COUNTY,TOWN,VILLAGE,NEIGHBORHOOD,ROAD,SECTION,LANE,ALLEY,SUB_ALLEY,TONG,NUMBER,X,Y
臺南市東山區東中里1鄰民享街1號,67,6700600,6700600-002,1鄰,民享街,,,,,,1號,120.40347609383,23.3202209281975
臺南市東山區東中里1鄰民享街3號,67,6700600,6700600-002,1鄰,民享街,,,,,,3號,120.403578979309,23.3202157211745
臺南市東山區東中里1鄰民享街11號,67,6700600,6700600-002,1鄰,民享街,,,,,,11號,120.404039651801,23.3203599676384
