FULL_ADDR,COUNTY,TOWN,VILLAGE,NEIGHBORHOOD,ROAD,SECTION,LANE,ALLEY,SUB_ALLEY,TONG,NUMBER,X,Y
臺南市安南區東和里4鄰慶州街88巷6號,67,6703500,6703500-001,4鄰,慶州街,,88巷,,,,6號,120.227604197454,23.0603096693904
臺南市安南區東和里4鄰慶州街88巷188號,67,6703500,6703500-001,4鄰,慶州街,,88巷,,,,188號,120.228905584106,23.0580361943005
