FULL_ADDR,COUNTY,TOWN,VILLAGE,NEIGHBORHOOD,ROAD,SECTION,LANE,ALLEY,SUB_ALLEY,TONG,NUMBER,X,Y
臺南市安南區佃東里6鄰新吉二路1號,67,6703500,6703500-022,6鄰,新吉二路,,,,,,1號,120.184950389592,23.0760994833058
臺南市安南區佃東里6鄰新吉二路18號,67,6703500,6703500-022,6鄰,新吉二路,,,,,,18號,120.185045152219,23.0764888948146
臺南市安南區佃東里6鄰新吉二路35號,67,6703500,6703500-022,6鄰,新吉二路,,,,,,35號,120.184516365013,23.0758421456759
臺南市安南區佃東里6鄰新吉二路58號,67,6703500,6703500-022,6鄰,新吉二路,,,,,,58號,120.184655723725,23.0764913101352
臺南市安南區佃東里6鄰新吉二路68號,67,6703500,6703500-022,6鄰,新吉二路,,,,,,68號,120.183943547102,23.0766058357799
臺南市安南區佃東里6鄰新吉二路69號,67,6703500,6703500-022,6鄰,新吉二路,,,,,,69號,120.184152201362,23.0757984565492
臺南市安南區佃東里6鄰新吉二路88號,67,6703500,6703500-022,6鄰,新吉二路,,,,,,88號,120.183533416303,23.0765939642681
臺南市安南區佃東里6鄰新吉二路89號,67,6703500,6703500-022,6鄰,新吉二路,,,,,,89號,120.18370772933,23.075849527977
臺南市安南區佃東里6鄰新吉二路100號,67,6703500,6703500-022,6鄰,新吉二路,,,,,,100號,120.183077509853,23.0764209402243
