FULL_ADDR,COUNTY,TOWN,VILLAGE,NEIGHBORHOOD,ROAD,SECTION,LANE,ALLEY,SUB_ALLEY,TONG,NUMBER,X,Y
臺南市安南區淵中里1鄰本淵一街5號,67,6703500,6703500-047,1鄰,本淵一街,,,,,,5號,120.174758721339,23.0474836509299
臺南市安南區淵中里2鄰本淵一街6號,67,6703500,6703500-047,2鄰,本淵一街,,,,,,6號,120.173650171111,23.0489363917254
臺南市安南區淵中里2鄰本淵一街6之3號,67,6703500,6703500-047,2鄰,本淵一街,,,,,,6之3號,120.173574413519,23.0488306154101
臺南市安南區淵中里2鄰本淵一街50巷30號,67,6703500,6703500-047,2鄰,本淵一街,,50巷,,,,30號,120.172783248598,23.0482248982819
臺南市安南區淵中里1鄰本淵一街60號,67,6703500,6703500-047,1鄰,本淵一街,,,,,,60號,120.17517199497,23.0456509952534
臺南市安南區淵中里1鄰本淵一街66號,67,6703500,6703500-047,1鄰,本淵一街,,,,,,66號,120.175367083668,23.0453085102477
臺南市安南區淵中里1鄰本淵一街70號,67,6703500,6703500-047,1鄰,本淵一街,,,,,,70號,120.174868688879,23.0459943601772
