FULL_ADDR,COUNTY,TOWN,VILLAGE,NEIGHBORHOOD,ROAD,SECTION,LANE,ALLEY,SUB_ALLEY,TONG,NUMBER,X,Y
臺南市永康區西灣里36鄰永善二街55號,67,6703100,6703100-014,36鄰,永善二街,,,,,,55號,120.259637042599,23.014937545138
臺南市永康區西灣里21鄰永善二街158號,67,6703100,6703100-014,21鄰,永善二街,,,,,,158號,120.259529446069,23.0159014664196
