FULL_ADDR,COUNTY,TOWN,VILLAGE,NEIGHBORHOOD,ROAD,SECTION,LANE,ALLEY,SUB_ALLEY,TONG,NUMBER,X,Y
臺南市新市區豐華里5鄰曼陀林路1號,67,6702000,6702000-005,5鄰,曼陀林路,,,,,,1號,120.25442331622,23.0943088737938
臺南市新市區豐華里5鄰曼陀林路6號,67,6702000,6702000-005,5鄰,曼陀林路,,,,,,6號,120.255080293807,23.0935380051372
臺南市新市區豐華里5鄰曼陀林路9號,67,6702000,6702000-005,5鄰,曼陀林路,,,,,,9號,120.254124641318,23.0949248507382
臺南市新市區豐華里5鄰曼陀林路9號,67,6702000,6702000-005,5鄰,曼陀林路,,,,,,9號,120.254124641318,23.0949248507382
