FULL_ADDR,COUNTY,TOWN,VILLAGE,NEIGHBORHOOD,ROAD,SECTION,LANE,ALLEY,SUB_ALLEY,TONG,NUMBER,X,Y
臺南市仁德區仁德里19鄰文山二街2號,67,6702700,6702700-004,19鄰,文山二街,,,,,,2號,120.245954560529,22.9745966661065
臺南市仁德區仁德里19鄰文山二街6號,67,6702700,6702700-004,19鄰,文山二街,,,,,,6號,120.24605157744,22.9746003784362
臺南市仁德區仁德里20鄰文山二街55號,67,6702700,6702700-004,20鄰,文山二街,,,,,,55號,120.247258977443,22.974787081955
