FULL_ADDR,COUNTY,TOWN,VILLAGE,NEIGHBORHOOD,ROAD,SECTION,LANE,ALLEY,SUB_ALLEY,TONG,NUMBER,X,Y
臺南市仁德區仁德里19鄰文山三街1號,67,6702700,6702700-004,19鄰,文山三街,,,,,,1號,120.245968636027,22.9742569259359
臺南市仁德區仁德里19鄰文山三街3號,67,6702700,6702700-004,19鄰,文山三街,,,,,,3號,120.246088484941,22.9742585795855
臺南市仁德區仁德里19鄰文山三街8號,67,6702700,6702700-004,19鄰,文山三街,,,,,,8號,120.246081095852,22.9741313989615
