FULL_ADDR,COUNTY,TOWN,VILLAGE,NEIGHBORHOOD,ROAD,SECTION,LANE,ALLEY,SUB_ALLEY,TONG,NUMBER,X,Y
臺南市新營區嘉芳里6鄰新圳路2號,67,6700100,6700100-021,6鄰,新圳路,,,,,,2號,120.284189624568,23.3011302718966
臺南市新營區嘉芳里6鄰新圳路8號,67,6700100,6700100-021,6鄰,新圳路,,,,,,8號,120.2836297479,23.3003803099816
臺南市新營區嘉芳里6鄰新圳路10號,67,6700100,6700100-021,6鄰,新圳路,,,,,,10號,120.282032071201,23.3000992165167
臺南市新營區太北里5鄰新圳路25號,67,6700100,6700100-019,5鄰,新圳路,,,,,,25號,120.278183536164,23.2994760039965
