FULL_ADDR,COUNTY,TOWN,VILLAGE,NEIGHBORHOOD,ROAD,SECTION,LANE,ALLEY,SUB_ALLEY,TONG,NUMBER,X,Y
臺南市仁德區新田里7鄰新田一街2號,67,6702700,6702700-006,7鄰,新田一街,,,,,,2號,120.257961699391,22.9499105327494
臺南市仁德區新田里7鄰新田一街61巷46號,67,6702700,6702700-006,7鄰,新田一街,,61巷,,,,46號,120.258032898655,22.9511052082769
臺南市仁德區新田里7鄰新田一街61巷75號,67,6702700,6702700-006,7鄰,新田一街,,61巷,,,,75號,120.257092171701,22.95143817643
臺南市仁德區新田里7鄰新田一街159號,67,6702700,6702700-006,7鄰,新田一街,,,,,,159號,120.260465226705,22.9509655790959
臺南市仁德區新田里7鄰新田一街161號,67,6702700,6702700-006,7鄰,新田一街,,,,,,161號,120.260647129526,22.9509205531702
臺南市仁德區新田里1鄰新田一街216號,67,6702700,6702700-006,1鄰,新田一街,,,,,,216號,120.262263509983,22.9507436796552
臺南市仁德區新田里1鄰新田一街230號,67,6702700,6702700-006,1鄰,新田一街,,,,,,230號,120.262722310886,22.9495874094468
臺南市仁德區新田里1鄰新田一街231號,67,6702700,6702700-006,1鄰,新田一街,,,,,,231號,120.262859207947,22.9502540279756
臺南市仁德區新田里1鄰新田一街232號,67,6702700,6702700-006,1鄰,新田一街,,,,,,232號,120.262695758893,22.9499348611556
