FULL_ADDR,COUNTY,TOWN,VILLAGE,NEIGHBORHOOD,ROAD,SECTION,LANE,ALLEY,SUB_ALLEY,TONG,NUMBER,X,Y
臺南市麻豆區麻口里3鄰朝天二街35號,67,6700700,6700700-022,3鄰,朝天二街,,,,,,35號,120.218868212287,23.1696066590651
臺南市麻豆區麻口里3鄰朝天二街75號,67,6700700,6700700-022,3鄰,朝天二街,,,,,,75號,120.218007599747,23.1697385599789
臺南市麻豆區麻口里3鄰朝天二街107號,67,6700700,6700700-022,3鄰,朝天二街,,,,,,107號,120.217182873539,23.1697284127081
臺南市麻豆區麻口里3鄰朝天二街166號,67,6700700,6700700-022,3鄰,朝天二街,,,,,,166號,120.21641511212,23.1699320127088
臺南市麻豆區麻口里3鄰朝天二街186號,67,6700700,6700700-022,3鄰,朝天二街,,,,,,186號,120.216147237664,23.1699449470068
