FULL_ADDR,COUNTY,TOWN,VILLAGE,NEIGHBORHOOD,ROAD,SECTION,LANE,ALLEY,SUB_ALLEY,TONG,NUMBER,X,Y
臺南市永康區王行里9鄰永科北路8號,67,6703100,6703100-006,9鄰,永科北路,,,,,,8號,120.28114965257,23.0497980986336
臺南市永康區王行里9鄰永科北路109號,67,6703100,6703100-006,9鄰,永科北路,,,,,,109號,120.277703353589,23.0466288739873
臺南市永康區王行里9鄰永科北路129號,67,6703100,6703100-006,9鄰,永科北路,,,,,,129號,120.276985563344,23.045771790172
臺南市永康區王行里9鄰永科北路176號,67,6703100,6703100-006,9鄰,永科北路,,,,,,176號,120.276501041017,23.0467134088253
