FULL_ADDR,COUNTY,TOWN,VILLAGE,NEIGHBORHOOD,ROAD,SECTION,LANE,ALLEY,SUB_ALLEY,TONG,NUMBER,X,Y
臺南市永康區三民里8鄰正北五路127號,67,6703100,6703100-009,8鄰,正北五路,,,,,,127號,120.26299360763,23.0521987127427
臺南市永康區三民里8鄰正北五路136號,67,6703100,6703100-009,8鄰,正北五路,,,,,,136號,120.263744450196,23.0525838253116
臺南市永康區三民里8鄰正北五路168號,67,6703100,6703100-009,8鄰,正北五路,,,,,,168號,120.263148170391,23.0548713655468
臺南市永康區蔦松里9鄰正北五路91號,67,6703100,6703100-008,9鄰,正北五路,,,,,,91號,120.264546792534,23.0504588801899
臺南市永康區蔦松里9鄰正北五路99號,67,6703100,6703100-008,9鄰,正北五路,,,,,,99號,120.264067024058,23.0508658947473
臺南市永康區蔦松里9鄰正北五路103號,67,6703100,6703100-008,9鄰,正北五路,,,,,,103號,120.263888907979,23.0509974477565
臺南市永康區蔦松里9鄰正北五路105號,67,6703100,6703100-008,9鄰,正北五路,,,,,,105號,120.263841829058,23.0510416569528
臺南市永康區蔦松里9鄰正北五路107號,67,6703100,6703100-008,9鄰,正北五路,,,,,,107號,120.263786651995,23.0511036178397
臺南市永康區蔦松里9鄰正北五路113號,67,6703100,6703100-008,9鄰,正北五路,,,,,,113號,120.263517477363,23.0513994564761
