FULL_ADDR,COUNTY,TOWN,VILLAGE,NEIGHBORHOOD,ROAD,SECTION,LANE,ALLEY,SUB_ALLEY,TONG,NUMBER,X,Y
臺南市新營區民榮里23鄰新榮二街8號,67,6700100,6700100-015,23鄰,新榮二街,,,,,,8號,120.301275926141,23.3009834855513
臺南市新營區民榮里23鄰新榮二街26號,67,6700100,6700100-015,23鄰,新榮二街,,,,,,26號,120.301665132681,23.3006623090813
