FULL_ADDR,COUNTY,TOWN,VILLAGE,NEIGHBORHOOD,ROAD,SECTION,LANE,ALLEY,SUB_ALLEY,TONG,NUMBER,X,Y
臺南市安南區學東里11鄰慈興五街7號,67,6703500,6703500-026,11鄰,慈興五街,,,,,,7號,120.14273975555,23.0781168546767
臺南市安南區學東里11鄰慈興五街9號,67,6703500,6703500-026,11鄰,慈興五街,,,,,,9號,120.142749752543,23.0781718109791
臺南市安南區學東里11鄰慈興五街11號,67,6703500,6703500-026,11鄰,慈興五街,,,,,,11號,120.142757257303,23.0782196201015
臺南市安南區學東里11鄰慈興五街19號,67,6703500,6703500-026,11鄰,慈興五街,,,,,,19號,120.142799819459,23.0783413037935
臺南市安南區學東里11鄰慈興五街21號,67,6703500,6703500-026,11鄰,慈興五街,,,,,,21號,120.142807303922,23.0783769223806
臺南市安南區學東里11鄰慈興五街23號,67,6703500,6703500-026,11鄰,慈興五街,,,,,,23號,120.142819170996,23.0784140095395
臺南市安南區學東里11鄰慈興五街25號,67,6703500,6703500-026,11鄰,慈興五街,,,,,,25號,120.142822174692,23.0784482493205
臺南市安南區學東里11鄰慈興五街27號,67,6703500,6703500-026,11鄰,慈興五街,,,,,,27號,120.142832587011,23.0784838837935
臺南市安南區學東里11鄰慈興五街29號,67,6703500,6703500-026,11鄰,慈興五街,,,,,,29號,120.14284007149,23.078519502379
