FULL_ADDR,COUNTY,TOWN,VILLAGE,NEIGHBORHOOD,ROAD,SECTION,LANE,ALLEY,SUB_ALLEY,TONG,NUMBER,X,Y
臺南市安南區海南里4鄰永續六街21號,67,6703500,6703500-017,4鄰,永續六街,,,,,,21號,120.18156230195,23.0172932445446
臺南市安南區海南里4鄰永續六街23號,67,6703500,6703500-017,4鄰,永續六街,,,,,,23號,120.181514140819,23.0172719554556
臺南市安南區海南里3鄰永續六街26號,67,6703500,6703500-017,3鄰,永續六街,,,,,,26號,120.181519903007,23.0174325399482
臺南市安南區海南里3鄰永續六街28號,67,6703500,6703500-017,3鄰,永續六街,,,,,,28號,120.181479147051,23.0174127339491
臺南市安南區海南里3鄰永續六街50號三樓,67,6703500,6703500-017,3鄰,永續六街,,,,,,50號三樓,120.181187443461,23.0172697240664
臺南市安南區海南里3鄰永續六街50號四樓,67,6703500,6703500-017,3鄰,永續六街,,,,,,50號四樓,120.181187443461,23.0172697240664
臺南市安南區海南里3鄰永續六街50號五樓,67,6703500,6703500-017,3鄰,永續六街,,,,,,50號五樓,120.181187443461,23.0172697240664
