FULL_ADDR,COUNTY,TOWN,VILLAGE,NEIGHBORHOOD,ROAD,SECTION,LANE,ALLEY,SUB_ALLEY,TONG,NUMBER,X,Y
臺南市安定區新吉里11鄰新吉五路98號,67,6702100,6702100-013,11鄰,新吉五路,,,,,,98號,120.193545023467,23.0813652012265
臺南市安定區新吉里11鄰新吉五路106號,67,6702100,6702100-013,11鄰,新吉五路,,,,,,106號,120.19341802161,23.0814181007706
臺南市安南區佃東里6鄰新吉五路77號,67,6703500,6703500-022,6鄰,新吉五路,,,,,,77號,120.193350592075,23.0804670758887
