FULL_ADDR,COUNTY,TOWN,VILLAGE,NEIGHBORHOOD,ROAD,SECTION,LANE,ALLEY,SUB_ALLEY,TONG,NUMBER,X,Y
臺南市歸仁區沙崙里3鄰沙崙一街35號,67,6702800,6702800-010,3鄰,沙崙一街,,,,,,35號,120.309866640115,22.9412635559606
臺南市歸仁區沙崙里3鄰沙崙一街70號,67,6702800,6702800-010,3鄰,沙崙一街,,,,,,70號,120.310600039935,22.9388590724379
臺南市歸仁區沙崙里3鄰沙崙一街73號,67,6702800,6702800-010,3鄰,沙崙一街,,,,,,73號,120.311060809467,22.9390359910342
臺南市歸仁區沙崙里3鄰沙崙一街75巷2號,67,6702800,6702800-010,3鄰,沙崙一街,,75巷,,,,2號,120.311360933835,22.9391867457897
臺南市歸仁區沙崙里3鄰沙崙一街75巷8號,67,6702800,6702800-010,3鄰,沙崙一街,,75巷,,,,8號,120.311594420939,22.9393656565672
臺南市歸仁區沙崙里3鄰沙崙一街81號,67,6702800,6702800-010,3鄰,沙崙一街,,,,,,81號,120.311353962777,22.9387144282828
臺南市歸仁區沙崙里3鄰沙崙一街131巷20號,67,6702800,6702800-010,3鄰,沙崙一街,,131巷,,,,20號,120.311924609465,22.9376964735755
