FULL_ADDR,COUNTY,TOWN,VILLAGE,NEIGHBORHOOD,ROAD,SECTION,LANE,ALLEY,SUB_ALLEY,TONG,NUMBER,X,Y
臺南市中西區大涼里1鄰星鑽街61號,67,6703700,6703700-031,1鄰,星鑽街,,,,,,61號,120.191066678625,22.9944492599178
臺南市中西區大涼里1鄰星鑽街61號二樓,67,6703700,6703700-031,1鄰,星鑽街,,,,,,61號二樓,120.191066678625,22.9944492599178
臺南市中西區大涼里1鄰星鑽街61號三樓,67,6703700,6703700-031,1鄰,星鑽街,,,,,,61號三樓,120.191066678625,22.9944492599178
臺南市中西區大涼里1鄰星鑽街61號四樓,67,6703700,6703700-031,1鄰,星鑽街,,,,,,61號四樓,120.191066678625,22.9944492599178
