FULL_ADDR,COUNTY,TOWN,VILLAGE,NEIGHBORHOOD,ROAD,SECTION,LANE,ALLEY,SUB_ALLEY,TONG,NUMBER,X,Y
臺南市新營區民榮里23鄰新榮五街50號,67,6700100,6700100-015,23鄰,新榮五街,,,,,,50號,120.299419915374,23.3000112598833
臺南市新營區民榮里23鄰新榮五街59號,67,6700100,6700100-015,23鄰,新榮五街,,,,,,59號,120.299931593328,23.2998817080621
臺南市新營區民榮里23鄰新榮五街61號,67,6700100,6700100-015,23鄰,新榮五街,,,,,,61號,120.299998641172,23.2998288210964
臺南市新營區民榮里23鄰新榮五街100號,67,6700100,6700100-015,23鄰,新榮五街,,,,,,100號,120.30031342365,23.2991202929762
