FULL_ADDR,COUNTY,TOWN,VILLAGE,NEIGHBORHOOD,ROAD,SECTION,LANE,ALLEY,SUB_ALLEY,TONG,NUMBER,X,Y
臺南市永康區王行里16鄰永科三路8號,67,6703100,6703100-006,16鄰,永科三路,,,,,,8號,120.279223479876,23.0422158040362
臺南市永康區王行里16鄰永科三路10號,67,6703100,6703100-006,16鄰,永科三路,,,,,,10號,120.278650217722,23.0421633439092
臺南市永康區王行里16鄰永科三路18號,67,6703100,6703100-006,16鄰,永科三路,,,,,,18號,120.278348456627,23.0421016456977
臺南市永康區王行里16鄰永科三路19號,67,6703100,6703100-006,16鄰,永科三路,,,,,,19號,120.279846583436,23.0416845969018
臺南市永康區王行里16鄰永科三路28號,67,6703100,6703100-006,16鄰,永科三路,,,,,,28號,120.277578641382,23.0422213031673
臺南市永康區王行里16鄰永科三路77號,67,6703100,6703100-006,16鄰,永科三路,,,,,,77號,120.278660282371,23.0409878397245
臺南市永康區王行里16鄰永科三路99號,67,6703100,6703100-006,16鄰,永科三路,,,,,,99號,120.278016553458,23.040793462652
