FULL_ADDR,COUNTY,TOWN,VILLAGE,NEIGHBORHOOD,ROAD,SECTION,LANE,ALLEY,SUB_ALLEY,TONG,NUMBER,X,Y
臺南市新營區新東里1鄰東愛街3號,67,6700100,6700100-029,1鄰,東愛街,,,,,,3號,120.328911176951,23.314715041442
臺南市新營區新東里1鄰東愛街79巷1號,67,6700100,6700100-029,1鄰,東愛街,,79巷,,,,1號,120.331043088814,23.3173186398292
臺南市新營區新東里1鄰東愛街79巷30號,67,6700100,6700100-029,1鄰,東愛街,,79巷,,,,30號,120.33110048177,23.3181199314225
臺南市新營區新東里1鄰東愛街81號,67,6700100,6700100-029,1鄰,東愛街,,,,,,81號,120.331271171825,23.3175191750404
臺南市新營區新東里1鄰東愛街89號,67,6700100,6700100-029,1鄰,東愛街,,,,,,89號,120.331532764147,23.3178035604732
臺南市新營區新東里1鄰東愛街99號,67,6700100,6700100-029,1鄰,東愛街,,,,,,99號,120.331736039165,23.3179990227387
臺南市新營區新東里1鄰東愛街120號,67,6700100,6700100-029,1鄰,東愛街,,,,,,120號,120.331108648467,23.3171131271296
臺南市新營區新東里1鄰東愛街156號,67,6700100,6700100-029,1鄰,東愛街,,,,,,156號,120.331863959369,23.3178364872719
