FULL_ADDR,COUNTY,TOWN,VILLAGE,NEIGHBORHOOD,ROAD,SECTION,LANE,ALLEY,SUB_ALLEY,TONG,NUMBER,X,Y
臺南市東山區東中里18鄰民富街66號,67,6700600,6700600-002,18鄰,民富街,,,,,,66號,120.40119712591,23.3196016262171
臺南市東山區東中里18鄰民富街68號,67,6700600,6700600-002,18鄰,民富街,,,,,,68號,120.401147587918,23.3196156140744
