FULL_ADDR,COUNTY,TOWN,VILLAGE,NEIGHBORHOOD,ROAD,SECTION,LANE,ALLEY,SUB_ALLEY,TONG,NUMBER,X,Y
臺南市柳營區東昇里16鄰東南七街1號,67,6700400,6700400-004,16鄰,東南七街,,,,,,1號,120.318823425805,23.2786022712156
臺南市柳營區東昇里16鄰東南七街3號,67,6700400,6700400-004,16鄰,東南七街,,,,,,3號,120.318822758428,23.2786373949253
臺南市柳營區東昇里16鄰東南七街5號,67,6700400,6700400-004,16鄰,東南七街,,,,,,5號,120.318820707017,23.2786755828189
臺南市柳營區東昇里14鄰東南七街6號,67,6700400,6700400-004,14鄰,東南七街,,,,,,6號,120.319061705477,23.2785304334357
臺南市柳營區東昇里16鄰東南七街7號,67,6700400,6700400-004,16鄰,東南七街,,,,,,7號,120.318816019726,23.2787131271721
臺南市柳營區東昇里14鄰東南七街10號,67,6700400,6700400-004,14鄰,東南七街,,,,,,10號,120.319086447826,23.2786240913515
臺南市柳營區東昇里14鄰東南七街12號,67,6700400,6700400-004,14鄰,東南七街,,,,,,12號,120.319087817995,23.2786622037968
