FULL_ADDR,COUNTY,TOWN,VILLAGE,NEIGHBORHOOD,ROAD,SECTION,LANE,ALLEY,SUB_ALLEY,TONG,NUMBER,X,Y
臺南市安平區國平里18鄰永華七街17號,67,6703600,6703600-010,18鄰,永華七街,,,,,,17號,120.172578338921,22.9894783376611
臺南市安平區國平里18鄰永華七街50號,67,6703600,6703600-010,18鄰,永華七街,,,,,,50號,120.172926904241,22.98986655514
臺南市安平區國平里18鄰永華七街52號,67,6703600,6703600-010,18鄰,永華七街,,,,,,52號,120.172940333078,22.9899357054287
臺南市安平區國平里18鄰永華七街56號,67,6703600,6703600-010,18鄰,永華七街,,,,,,56號,120.172951001339,22.9900097175545
臺南市安平區國平里18鄰永華七街58號,67,6703600,6703600-010,18鄰,永華七街,,,,,,58號,120.172991303355,22.9902146400644
臺南市安平區國平里18鄰永華七街60號,67,6703600,6703600-010,18鄰,永華七街,,,,,,60號,120.173007305133,22.990293736875
臺南市安平區國平里18鄰永華七街62號,67,6703600,6703600-010,18鄰,永華七街,,,,,,62號,120.173009989972,22.9903974163187
臺南市安平區國平里18鄰永華七街66號,67,6703600,6703600-010,18鄰,永華七街,,,,,,66號,120.173090503558,22.9902295156796
臺南市安平區國平里18鄰永華七街68號,67,6703600,6703600-010,18鄰,永華七街,,,,,,68號,120.173103947903,22.99029613761
