FULL_ADDR,COUNTY,TOWN,VILLAGE,NEIGHBORHOOD,ROAD,SECTION,LANE,ALLEY,SUB_ALLEY,TONG,NUMBER,X,Y
臺南市關廟區五甲里12鄰民安街61號,67,6702900,6702900-007,12鄰,民安街,,,,,,61號,120.329914264178,22.9565361902126
臺南市關廟區五甲里12鄰民安街65號,67,6702900,6702900-007,12鄰,民安街,,,,,,65號,120.329802492913,22.9565206373116
臺南市關廟區五甲里12鄰民安街67號,67,6702900,6702900-007,12鄰,民安街,,,,,,67號,120.329765483083,22.9565114505819
臺南市關廟區五甲里12鄰民安街69號,67,6702900,6702900-007,12鄰,民安街,,,,,,69號,120.329728428763,22.9565112940091
臺南市關廟區五甲里12鄰民安街71號,67,6702900,6702900-007,12鄰,民安街,,,,,,71號,120.329690443826,22.9565021031416
臺南市關廟區五甲里12鄰民安街73號,67,6702900,6702900-007,12鄰,民安街,,,,,,73號,120.329649533555,22.9564928999023
臺南市關廟區五甲里12鄰民安街75號,67,6702900,6702900-007,12鄰,民安街,,,,,,75號,120.329608578787,22.9564927268179
臺南市關廟區五甲里12鄰民安街77號,67,6702900,6702900-007,12鄰,民安街,,,,,,77號,120.329555878151,22.9565015344305
臺南市關廟區五甲里12鄰民安街79號,67,6702900,6702900-007,12鄰,民安街,,,,,,79號,120.329510978418,22.9565103749999
