FULL_ADDR,COUNTY,TOWN,VILLAGE,NEIGHBORHOOD,ROAD,SECTION,LANE,ALLEY,SUB_ALLEY,TONG,NUMBER,X,Y
臺南市永康區西灣里21鄰永善三街1號,67,6703100,6703100-014,21鄰,永善三街,,,,,,1號,120.257027056912,23.0136583818116
臺南市永康區西灣里36鄰永善三街8號,67,6703100,6703100-014,36鄰,永善三街,,,,,,8號,120.257207917697,23.0136589595842
臺南市永康區西灣里39鄰永善三街25號,67,6703100,6703100-014,39鄰,永善三街,,,,,,25號,120.256802616344,23.014382994402
