FULL_ADDR,COUNTY,TOWN,VILLAGE,NEIGHBORHOOD,ROAD,SECTION,LANE,ALLEY,SUB_ALLEY,TONG,NUMBER,X,Y
臺南市南區鯤鯓里1鄰清水路222之1號,67,6703300,6703300-036,1鄰,清水路,,,,,,222之1號,120.173785649119,22.9583508981882
臺南市南區鯤鯓里1鄰清水路222號,67,6703300,6703300-036,1鄰,清水路,,,,,,222號,120.172862104152,22.9580312041256
臺南市南區鯤鯓里5鄰清水路288號,67,6703300,6703300-036,5鄰,清水路,,,,,,288號,120.171725102415,22.9565437884297
臺南市南區鯤鯓里1鄰清水路397號,67,6703300,6703300-036,1鄰,清水路,,,,,,397號,120.172536002398,22.9567203155663
