FULL_ADDR,COUNTY,TOWN,VILLAGE,NEIGHBORHOOD,ROAD,SECTION,LANE,ALLEY,SUB_ALLEY,TONG,NUMBER,X,Y
臺南市仁德區仁德里26鄰文忠路67號,67,6702700,6702700-004,26鄰,文忠路,,,,,,67號,120.238703741138,22.9729993326728
臺南市仁德區仁德里26鄰文忠路69號,67,6702700,6702700-004,26鄰,文忠路,,,,,,69號,120.238682445683,22.9732667955092
臺南市仁德區仁德里26鄰文忠路81號,67,6702700,6702700-004,26鄰,文忠路,,,,,,81號,120.23877171833,22.973556010293
臺南市仁德區仁德里26鄰文忠路85號,67,6702700,6702700-004,26鄰,文忠路,,,,,,85號,120.238789691144,22.9736554288934
臺南市仁德區仁德里26鄰文忠路89號一樓,67,6702700,6702700-004,26鄰,文忠路,,,,,,89號一樓,120.238848987708,22.9738118459219
臺南市仁德區仁德里26鄰文忠路89號二樓,67,6702700,6702700-004,26鄰,文忠路,,,,,,89號二樓,120.238848987708,22.9738118459219
