FULL_ADDR,COUNTY,TOWN,VILLAGE,NEIGHBORHOOD,ROAD,SECTION,LANE,ALLEY,SUB_ALLEY,TONG,NUMBER,X,Y
臺南市永康區王行里16鄰永科王田大道269號,67,6703100,6703100-006,16鄰,永科王田大道,,,,,,269號,120.278050706217,23.0382844896477
臺南市永康區王行里16鄰永科王田大道350號,67,6703100,6703100-006,16鄰,永科王田大道,,,,,,350號,120.279667045115,23.037188819952
