FULL_ADDR,COUNTY,TOWN,VILLAGE,NEIGHBORHOOD,ROAD,SECTION,LANE,ALLEY,SUB_ALLEY,TONG,NUMBER,X,Y
臺南市安定區新吉里5鄰新吉六路27號,67,6702100,6702100-013,5鄰,新吉六路,,,,,,27號,120.192105001157,23.084013750901
臺南市安定區新吉里5鄰新吉六路36號,67,6702100,6702100-013,5鄰,新吉六路,,,,,,36號,120.192276635804,23.0844140263164
臺南市安定區新吉里5鄰新吉六路53號,67,6702100,6702100-013,5鄰,新吉六路,,,,,,53號,120.191668656956,23.0841215038879
臺南市安定區新吉里5鄰新吉六路91號,67,6702100,6702100-013,5鄰,新吉六路,,,,,,91號,120.190482600062,23.0846404341293
臺南市安定區新吉里5鄰新吉六路99號,67,6702100,6702100-013,5鄰,新吉六路,,,,,,99號,120.189991692003,23.0848459686328
