FULL_ADDR,COUNTY,TOWN,VILLAGE,NEIGHBORHOOD,ROAD,SECTION,LANE,ALLEY,SUB_ALLEY,TONG,NUMBER,X,Y
臺南市永康區蔦松里8鄰永運五路2號,67,6703100,6703100-008,8鄰,永運五路,,,,,,2號,120.247630778888,23.0439001697317
臺南市永康區蔦松里8鄰永運五路6巷1號,67,6703100,6703100-008,8鄰,永運五路,,6巷,,,,1號,120.247473021261,23.0445286395002
臺南市永康區蔦松里8鄰永運五路6巷3號,67,6703100,6703100-008,8鄰,永運五路,,6巷,,,,3號,120.247573690376,23.0445338141553
