FULL_ADDR,COUNTY,TOWN,VILLAGE,NEIGHBORHOOD,ROAD,SECTION,LANE,ALLEY,SUB_ALLEY,TONG,NUMBER,X,Y
臺南市中西區大涼里13鄰美學街52號,67,6703700,6703700-031,13鄰,美學街,,,,,,52號,120.18899270712,22.9906459182751
臺南市中西區大涼里13鄰美學街88號,67,6703700,6703700-031,13鄰,美學街,,,,,,88號,120.189235592031,22.9915082730933
