FULL_ADDR,COUNTY,TOWN,VILLAGE,NEIGHBORHOOD,ROAD,SECTION,LANE,ALLEY,SUB_ALLEY,TONG,NUMBER,X,Y
臺南市柳營區光福里3鄰福安一街2號,67,6700400,6700400-002,3鄰,福安一街,,,,,,2號,120.313745419554,23.2773225428029
臺南市柳營區光福里2鄰福安一街7號,67,6700400,6700400-002,2鄰,福安一街,,,,,,7號,120.313625869631,23.2770760435695
臺南市柳營區光福里3鄰福安一街8號,67,6700400,6700400-002,3鄰,福安一街,,,,,,8號,120.313626919217,23.277309924405
臺南市柳營區光福里2鄰福安一街22號,67,6700400,6700400-002,2鄰,福安一街,,,,,,22號,120.313285056783,23.277204764779
臺南市柳營區光福里2鄰福安一街25號,67,6700400,6700400-002,2鄰,福安一街,,,,,,25號,120.31316587066,23.277020934797
臺南市柳營區光福里2鄰福安一街29號,67,6700400,6700400-002,2鄰,福安一街,,,,,,29號,120.313098201095,23.2770077257643
臺南市柳營區光福里2鄰福安一街32號,67,6700400,6700400-002,2鄰,福安一街,,,,,,32號,120.313114812106,23.2771803612021
臺南市柳營區光福里2鄰福安一街42號,67,6700400,6700400-002,2鄰,福安一街,,,,,,42號,120.312782968807,23.2771229225879
臺南市柳營區光福里2鄰福安一街50號,67,6700400,6700400-002,2鄰,福安一街,,,,,,50號,120.312639952436,23.2771068550026
