FULL_ADDR,COUNTY,TOWN,VILLAGE,NEIGHBORHOOD,ROAD,SECTION,LANE,ALLEY,SUB_ALLEY,TONG,NUMBER,X,Y
臺南市永康區王行里14鄰經建路1號,67,6703100,6703100-006,14鄰,經建路,,,,,,1號,120.273707094896,23.0487897328476
臺南市永康區王行里14鄰經建路2號之1,67,6703100,6703100-006,14鄰,經建路,,,,,,2號之1,120.274558220181,23.0500023287617
臺南市永康區王行里14鄰經建路2號,67,6703100,6703100-006,14鄰,經建路,,,,,,2號,120.274165800746,23.049848008273
臺南市永康區王行里14鄰經建路3號,67,6703100,6703100-006,14鄰,經建路,,,,,,3號,120.273333947552,23.048481624709
臺南市永康區王行里14鄰經建路5號,67,6703100,6703100-006,14鄰,經建路,,,,,,5號,120.272935032889,23.0482114142751
臺南市永康區王行里14鄰經建路7號,67,6703100,6703100-006,14鄰,經建路,,,,,,7號,120.272802619401,23.0480841120605
臺南市永康區王行里14鄰經建路9號,67,6703100,6703100-006,14鄰,經建路,,,,,,9號,120.272466519937,23.0477826740212
臺南市永康區王行里14鄰經建路11號,67,6703100,6703100-006,14鄰,經建路,,,,,,11號,120.27216234221,23.0474426427678
臺南市永康區王行里14鄰經建路17號,67,6703100,6703100-006,14鄰,經建路,,,,,,17號,120.27188915025,23.0472381159244
