FULL_ADDR,COUNTY,TOWN,VILLAGE,NEIGHBORHOOD,ROAD,SECTION,LANE,ALLEY,SUB_ALLEY,TONG,NUMBER,X,Y
臺南市新市區豐華里5鄰王甲路1號,67,6702000,6702000-005,5鄰,王甲路,,,,,,1號,120.259767622546,23.1012431303164
臺南市新市區豐華里5鄰王甲路11號,67,6702000,6702000-005,5鄰,王甲路,,,,,,11號,120.255822744218,23.1007467996799
臺南市新市區豐華里5鄰王甲路18號,67,6702000,6702000-005,5鄰,王甲路,,,,,,18號,120.255748767735,23.1013993264592
