FULL_ADDR,COUNTY,TOWN,VILLAGE,NEIGHBORHOOD,ROAD,SECTION,LANE,ALLEY,SUB_ALLEY,TONG,NUMBER,X,Y
臺南市新營區三仙里9鄰育德五街32號,67,6700100,6700100-003,9鄰,育德五街,,,,,,32號,120.310692052177,23.3124903759855
臺南市新營區三仙里9鄰育德五街54號,67,6700100,6700100-003,9鄰,育德五街,,,,,,54號,120.310421400846,23.3125703646111
臺南市新營區三仙里9鄰育德五街56號,67,6700100,6700100-003,9鄰,育德五街,,,,,,56號,120.310421390081,23.3126103671382
臺南市新營區三仙里9鄰育德五街58號,67,6700100,6700100-003,9鄰,育德五街,,,,,,58號,120.310401434013,23.3126503722193
臺南市新營區三仙里9鄰育德五街60號,67,6700100,6700100-003,9鄰,育德五街,,,,,,60號,120.310391255283,23.312690330013
臺南市新營區三仙里9鄰育德五街62號,67,6700100,6700100-003,9鄰,育德五街,,,,,,62號,120.310381272083,23.312730288666
臺南市新營區三仙里9鄰育德五街66號,67,6700100,6700100-003,9鄰,育德五街,,,,,,66號,120.310371231558,23.3128003167201
