FULL_ADDR,COUNTY,TOWN,VILLAGE,NEIGHBORHOOD,ROAD,SECTION,LANE,ALLEY,SUB_ALLEY,TONG,NUMBER,X,Y
臺南市東山區東中里9鄰育群街1號,67,6700600,6700600-002,9鄰,育群街,,,,,,1號,120.408113759021,23.3156577542845
臺南市東山區東中里9鄰育群街60號,67,6700600,6700600-002,9鄰,育群街,,,,,,60號,120.406159174532,23.3166424914056
臺南市東山區東中里9鄰育群街81號,67,6700600,6700600-002,9鄰,育群街,,,,,,81號,120.406108765684,23.3163466569309
