FULL_ADDR,COUNTY,TOWN,VILLAGE,NEIGHBORHOOD,ROAD,SECTION,LANE,ALLEY,SUB_ALLEY,TONG,NUMBER,X,Y
臺南市東區復興里11鄰裕忠二街1號,67,6703200,6703200-042,11鄰,裕忠二街,,,,,,1號,120.241529759339,22.9797671143306
臺南市東區復興里11鄰裕忠二街3號,67,6703200,6703200-042,11鄰,裕忠二街,,,,,,3號,120.241465439689,22.9797757464228
臺南市東區復興里11鄰裕忠二街5號,67,6703200,6703200-042,11鄰,裕忠二街,,,,,,5號,120.241411010879,22.9796897892703
臺南市東區復興里11鄰裕忠二街7號,67,6703200,6703200-042,11鄰,裕忠二街,,,,,,7號,120.241296440024,22.9797376427741
臺南市東區復興里11鄰裕忠二街8號,67,6703200,6703200-042,11鄰,裕忠二街,,,,,,8號,120.241342990789,22.9799768951472
臺南市東區復興里11鄰裕忠二街9號,67,6703200,6703200-042,11鄰,裕忠二街,,,,,,9號,120.241237388003,22.9797635476822
臺南市東區復興里11鄰裕忠二街11號,67,6703200,6703200-042,11鄰,裕忠二街,,,,,,11號,120.241191759577,22.9797783193801
臺南市東區復興里11鄰裕忠二街15號,67,6703200,6703200-042,11鄰,裕忠二街,,,,,,15號,120.241108803264,22.9797361123463
臺南市東區復興里11鄰裕忠二街16號,67,6703200,6703200-042,11鄰,裕忠二街,,,,,,16號,120.241168292195,22.980051099833
