FULL_ADDR,COUNTY,TOWN,VILLAGE,NEIGHBORHOOD,ROAD,SECTION,LANE,ALLEY,SUB_ALLEY,TONG,NUMBER,X,Y
臺南市仁德區成功里5鄰虎山一街5號,67,6702700,6702700-012,5鄰,虎山一街,,,,,,5號,120.229688207541,22.9414613760073
臺南市仁德區成功里5鄰虎山一街15號,67,6702700,6702700-012,5鄰,虎山一街,,,,,,15號,120.229752929165,22.9423263347717
臺南市仁德區成功里5鄰虎山一街16號,67,6702700,6702700-012,5鄰,虎山一街,,,,,,16號,120.230092461566,22.9420277271857
臺南市仁德區成功里5鄰虎山一街17巷16號,67,6702700,6702700-012,5鄰,虎山一街,,17巷,,,,16號,120.229154710315,22.9428337283724
臺南市仁德區成功里5鄰虎山一街38號,67,6702700,6702700-012,5鄰,虎山一街,,,,,,38號,120.230486017803,22.9435901502578
臺南市仁德區成功里5鄰虎山一街50號,67,6702700,6702700-012,5鄰,虎山一街,,,,,,50號,120.230560318478,22.9439689674871
臺南市仁德區成功里5鄰虎山一街66號,67,6702700,6702700-012,5鄰,虎山一街,,,,,,66號,120.230685527074,22.944363111971
臺南市仁德區成功里5鄰虎山一街72號,67,6702700,6702700-012,5鄰,虎山一街,,,,,,72號,120.230736489155,22.9446965745035
臺南市仁德區成功里5鄰虎山一街100號,67,6702700,6702700-012,5鄰,虎山一街,,,,,,100號,120.230313739484,22.945295576529
