FULL_ADDR,COUNTY,TOWN,VILLAGE,NEIGHBORHOOD,ROAD,SECTION,LANE,ALLEY,SUB_ALLEY,TONG,NUMBER,X,Y
臺南市善化區光文里12鄰華中街28號,67,6701900,6701900-003,12鄰,華中街,,,,,,28號,120.295249593028,23.1334391859417
臺南市善化區光文里12鄰華中街30號,67,6701900,6701900-003,12鄰,華中街,,,,,,30號,120.295230704441,23.1334849744727
臺南市善化區光文里12鄰華中街32號,67,6701900,6701900-003,12鄰,華中街,,,,,,32號,120.29524501282,23.1335309113772
臺南市善化區光文里12鄰華中街36號,67,6701900,6701900-003,12鄰,華中街,,,,,,36號,120.295238564378,23.1335690799162
