FULL_ADDR,COUNTY,TOWN,VILLAGE,NEIGHBORHOOD,ROAD,SECTION,LANE,ALLEY,SUB_ALLEY,TONG,NUMBER,X,Y
臺南市安南區梅花里3鄰草湖二路173號,67,6703500,6703500-044,3鄰,草湖二路,,,,,,173號,120.198338312611,23.0388089356822
臺南市安南區梅花里3鄰草湖二路175號,67,6703500,6703500-044,3鄰,草湖二路,,,,,,175號,120.198391547261,23.0388484862962
