FULL_ADDR,COUNTY,TOWN,VILLAGE,NEIGHBORHOOD,ROAD,SECTION,LANE,ALLEY,SUB_ALLEY,TONG,NUMBER,X,Y
臺南市麻豆區麻口里4鄰麻柚一路240號,67,6700700,6700700-022,4鄰,麻柚一路,,,,,,240號,120.224726525513,23.1802476181993
臺南市麻豆區麻口里4鄰麻柚一路251號,67,6700700,6700700-022,4鄰,麻柚一路,,,,,,251號,120.222689049958,23.1794380595922
臺南市麻豆區麻口里4鄰麻柚一路270號,67,6700700,6700700-022,4鄰,麻柚一路,,,,,,270號,120.223498008429,23.1802616102156
