FULL_ADDR,COUNTY,TOWN,VILLAGE,NEIGHBORHOOD,ROAD,SECTION,LANE,ALLEY,SUB_ALLEY,TONG,NUMBER,X,Y
臺南市關廟區下湖里3鄰關仁路5號,67,6702900,6702900-017,3鄰,關仁路,,,,,,5號,120.318281934685,22.9746765044524
臺南市關廟區下湖里3鄰關仁路27號,67,6702900,6702900-017,3鄰,關仁路,,,,,,27號,120.316247726172,22.973475741727
臺南市關廟區下湖里3鄰關仁路30號,67,6702900,6702900-017,3鄰,關仁路,,,,,,30號,120.315383488234,22.9735081331157
臺南市關廟區下湖里3鄰關仁路35號,67,6702900,6702900-017,3鄰,關仁路,,,,,,35號,120.315744934403,22.9724392398659
