FULL_ADDR,COUNTY,TOWN,VILLAGE,NEIGHBORHOOD,ROAD,SECTION,LANE,ALLEY,SUB_ALLEY,TONG,NUMBER,X,Y
臺南市歸仁區武東里10鄰高鐵六路55號,67,6702800,6702800-012,10鄰,高鐵六路,,,,,,55號,120.279336138807,22.9247191446965
臺南市歸仁區武東里10鄰高鐵六路61號,67,6702800,6702800-012,10鄰,高鐵六路,,,,,,61號,120.279086378127,22.9247728250216
臺南市歸仁區武東里10鄰高鐵六路63號,67,6702800,6702800-012,10鄰,高鐵六路,,,,,,63號,120.279046360432,22.9247816736558
