FULL_ADDR,COUNTY,TOWN,VILLAGE,NEIGHBORHOOD,ROAD,SECTION,LANE,ALLEY,SUB_ALLEY,TONG,NUMBER,X,Y
臺南市麻豆區麻口里5鄰麻柚二路381號,67,6700700,6700700-022,5鄰,麻柚二路,,,,,,381號,120.22357665429,23.1824419191514
臺南市麻豆區麻口里5鄰麻柚二路466號,67,6700700,6700700-022,5鄰,麻柚二路,,,,,,466號,120.224270687681,23.1828222508665
