FULL_ADDR,COUNTY,TOWN,VILLAGE,NEIGHBORHOOD,ROAD,SECTION,LANE,ALLEY,SUB_ALLEY,TONG,NUMBER,X,Y
臺南市東山區東中里4鄰龍鳳一街1號,67,6700600,6700600-002,4鄰,龍鳳一街,,,,,,1號,120.401233875122,23.3230097894411
臺南市東山區東中里4鄰龍鳳一街3號,67,6700600,6700600-002,4鄰,龍鳳一街,,,,,,3號,120.401372373799,23.3236770053977
臺南市東山區東中里4鄰龍鳳一街8號,67,6700600,6700600-002,4鄰,龍鳳一街,,,,,,8號,120.402027796482,23.322911865405
臺南市東山區東中里4鄰龍鳳一街28號,67,6700600,6700600-002,4鄰,龍鳳一街,,,,,,28號,120.402140036826,23.3233514238829
臺南市東山區東中里4鄰龍鳳一街32號,67,6700600,6700600-002,4鄰,龍鳳一街,,,,,,32號,120.402051115088,23.3235788218506
