FULL_ADDR,COUNTY,TOWN,VILLAGE,NEIGHBORHOOD,ROAD,SECTION,LANE,ALLEY,SUB_ALLEY,TONG,NUMBER,X,Y
臺南市安南區頂安里22鄰頂順六街106號,67,6703500,6703500-008,22鄰,頂順六街,,,,,,106號,120.210190930947,23.0457487669348
臺南市安南區頂安里22鄰頂順六街108號,67,6703500,6703500-008,22鄰,頂順六街,,,,,,108號,120.21013088262,23.0457053032175
臺南市安南區頂安里22鄰頂順六街166號,67,6703500,6703500-008,22鄰,頂順六街,,,,,,166號,120.209542479481,23.0452910428971
臺南市安南區頂安里22鄰頂順六街168號,67,6703500,6703500-008,22鄰,頂順六街,,,,,,168號,120.209480861976,23.0452490159102
