FULL_ADDR,COUNTY,TOWN,VILLAGE,NEIGHBORHOOD,ROAD,SECTION,LANE,ALLEY,SUB_ALLEY,TONG,NUMBER,X,Y
臺南市南區鹽埕里5鄰鹽館街9號,67,6703300,6703300-000,5鄰,鹽館街,,,,,,9號,120.187917212092,22.9666192801026
臺南市南區鹽埕里5鄰鹽館街9號二樓之1,67,6703300,6703300-000,5鄰,鹽館街,,,,,,9號二樓之1,120.187917212092,22.9666192801026
臺南市南區鹽埕里5鄰鹽館街9號二樓之2,67,6703300,6703300-000,5鄰,鹽館街,,,,,,9號二樓之2,120.187917212092,22.9666192801026
臺南市南區鹽埕里5鄰鹽館街9號三樓之1,67,6703300,6703300-000,5鄰,鹽館街,,,,,,9號三樓之1,120.187917212092,22.9666192801026
臺南市南區鹽埕里5鄰鹽館街9號三樓之2,67,6703300,6703300-000,5鄰,鹽館街,,,,,,9號三樓之2,120.187917212092,22.9666192801026
臺南市南區鹽埕里5鄰鹽館街9號四樓之1,67,6703300,6703300-000,5鄰,鹽館街,,,,,,9號四樓之1,120.187917212092,22.9666192801026
臺南市南區鹽埕里5鄰鹽館街9號四樓之2,67,6703300,6703300-000,5鄰,鹽館街,,,,,,9號四樓之2,120.187917212092,22.9666192801026
臺南市南區鹽埕里5鄰鹽館街9號五樓之1,67,6703300,6703300-000,5鄰,鹽館街,,,,,,9號五樓之1,120.187917212092,22.9666192801026
臺南市南區鹽埕里5鄰鹽館街9號五樓之2,67,6703300,6703300-000,5鄰,鹽館街,,,,,,9號五樓之2,120.187917212092,22.9666192801026
