FULL_ADDR,COUNTY,TOWN,VILLAGE,NEIGHBORHOOD,ROAD,SECTION,LANE,ALLEY,SUB_ALLEY,TONG,NUMBER,X,Y
臺南市歸仁區武東里10鄰高鐵一路2號,67,6702800,6702800-012,10鄰,高鐵一路,,,,,,2號,120.282687816057,22.922816821075
臺南市歸仁區武東里3鄰高鐵一路101號,67,6702800,6702800-012,3鄰,高鐵一路,,,,,,101號,120.282350191129,22.9194890639908
