FULL_ADDR,COUNTY,TOWN,VILLAGE,NEIGHBORHOOD,ROAD,SECTION,LANE,ALLEY,SUB_ALLEY,TONG,NUMBER,X,Y
臺南市官田區渡拔里24鄰隆林路760號,67,6701000,6701000-000,24鄰,隆林路,,,,,,760號,120.318331501838,23.1757341457241
臺南市官田區渡拔里24鄰隆林路789號,67,6701000,6701000-000,24鄰,隆林路,,,,,,789號,120.319737314827,23.1759797034531
臺南市官田區渡拔里24鄰隆林路795巷26號,67,6701000,6701000-000,24鄰,隆林路,,795巷,,,,26號,120.319460459542,23.1751790729585
臺南市官田區渡拔里24鄰隆林路795巷31弄11號,67,6701000,6701000-000,24鄰,隆林路,,795巷,31弄,,,11號,120.320010237958,23.1755487020066
臺南市官田區渡拔里24鄰隆林路795巷57號,67,6701000,6701000-000,24鄰,隆林路,,795巷,,,,57號,120.31989360471,23.1746622557128
臺南市官田區渡拔里24鄰隆林路839號,67,6701000,6701000-000,24鄰,隆林路,,,,,,839號,120.318789390955,23.1747102184462
臺南市官田區隆田里12鄰隆林路28號,67,6701000,6701000-006,12鄰,隆林路,,,,,,28號,120.31478766264,23.1905271904678
臺南市官田區隆田里12鄰隆林路60號,67,6701000,6701000-006,12鄰,隆林路,,,,,,60號,120.315091715979,23.1882504976442
