FULL_ADDR,COUNTY,TOWN,VILLAGE,NEIGHBORHOOD,ROAD,SECTION,LANE,ALLEY,SUB_ALLEY,TONG,NUMBER,X,Y
臺南市安南區頂安里22鄰頂順三街33號,67,6703500,6703500-008,22鄰,頂順三街,,,,,,33號,120.210426876292,23.0470697823836
臺南市安南區頂安里22鄰頂順三街35號,67,6703500,6703500-008,22鄰,頂順三街,,,,,,35號,120.210377514631,23.0470342282835
臺南市安南區頂安里22鄰頂順三街37號,67,6703500,6703500-008,22鄰,頂順三街,,,,,,37號,120.210328187218,23.0469928047845
臺南市安南區頂安里22鄰頂順三街39號,67,6703500,6703500-008,22鄰,頂順三街,,,,,,39號,120.210274520782,23.0469592157753
臺南市安南區頂安里22鄰頂順三街111號,67,6703500,6703500-008,22鄰,頂順三街,,,,,,111號,120.209283561619,23.0462690611663
臺南市安南區頂安里22鄰頂順三街150號,67,6703500,6703500-008,22鄰,頂順三街,,,,,,150號,120.209107691407,23.04627558637
臺南市安南區頂安里22鄰頂順三街152號,67,6703500,6703500-008,22鄰,頂順三街,,,,,,152號,120.209041209182,23.0462310967578
