FULL_ADDR,COUNTY,TOWN,VILLAGE,NEIGHBORHOOD,ROAD,SECTION,LANE,ALLEY,SUB_ALLEY,TONG,NUMBER,X,Y
臺南市官田區二鎮里2鄰鎮東路350號,67,6701000,6701000-002,2鄰,鎮東路,,,,,,350號,120.339848844453,23.2181907898266
臺南市官田區二鎮里2鄰鎮東路360巷65弄2號,67,6701000,6701000-002,2鄰,鎮東路,,360巷,65弄,,,2號,120.341638442287,23.2179954775571
臺南市官田區二鎮里2鄰鎮東路360巷65弄47號,67,6701000,6701000-002,2鄰,鎮東路,,360巷,65弄,,,47號,120.342676590594,23.2182028168893
臺南市官田區二鎮里9鄰鎮東路616號,67,6701000,6701000-002,9鄰,鎮東路,,,,,,616號,120.341152267482,23.2222990692748
