FULL_ADDR,COUNTY,TOWN,VILLAGE,NEIGHBORHOOD,ROAD,SECTION,LANE,ALLEY,SUB_ALLEY,TONG,NUMBER,X,Y
臺南市安南區鹿耳里2鄰鹿耳一路55號,67,6703500,6703500-035,2鄰,鹿耳一路,,,,,,55號,120.130038183886,23.0314829555186
臺南市安南區鹿耳里2鄰鹿耳一路65號,67,6703500,6703500-035,2鄰,鹿耳一路,,,,,,65號,120.130022300072,23.0308719904379
臺南市安南區鹿耳里2鄰鹿耳一路128號,67,6703500,6703500-035,2鄰,鹿耳一路,,,,,,128號,120.129575340647,23.03148284797
臺南市安南區鹿耳里2鄰鹿耳一路136號,67,6703500,6703500-035,2鄰,鹿耳一路,,,,,,136號,120.12934063776,23.0311734539161
