FULL_ADDR,COUNTY,TOWN,VILLAGE,NEIGHBORHOOD,ROAD,SECTION,LANE,ALLEY,SUB_ALLEY,TONG,NUMBER,X,Y
桃園市蘆竹區中興里12鄰中興七街58號,68,6800500,6800500-036,12鄰,中興七街,,,,,,58號,121.261242763921,25.0136891763293
桃園市蘆竹區中興里12鄰中興七街89號,68,6800500,6800500-036,12鄰,中興七街,,,,,,89號,121.261085390291,25.0140469736057
桃園市蘆竹區中興里12鄰中興七街101號,68,6800500,6800500-036,12鄰,中興七街,,,,,,101號,121.261544065925,25.013596828835
桃園市蘆竹區中興里12鄰中興七街103號,68,6800500,6800500-036,12鄰,中興七街,,,,,,103號,121.261595578967,25.0135462699974
桃園市蘆竹區中興里12鄰中興七街105號,68,6800500,6800500-036,12鄰,中興七街,,,,,,105號,121.261649180842,25.0134995896379
桃園市蘆竹區中興里12鄰中興七街107號,68,6800500,6800500-036,12鄰,中興七街,,,,,,107號,121.261702885774,25.0134548050219
桃園市蘆竹區中興里12鄰中興七街109號,68,6800500,6800500-036,12鄰,中興七街,,,,,,109號,121.26175005168,25.0134101221795
