FULL_ADDR,COUNTY,TOWN,VILLAGE,NEIGHBORHOOD,ROAD,SECTION,LANE,ALLEY,SUB_ALLEY,TONG,NUMBER,X,Y
桃園市觀音區富源里18鄰中央一街10號,68,6801200,6801200-015,18鄰,中央一街,,,,,,10號,121.147594986757,24.9679526421068
桃園市觀音區富源里18鄰中央一街30巷1號,68,6801200,6801200-015,18鄰,中央一街,,30巷,,,,1號,121.147832806618,24.9680505449183
桃園市觀音區富源里18鄰中央一街30巷2號,68,6801200,6801200-015,18鄰,中央一街,,30巷,,,,2號,121.147743419532,24.9680083807141
桃園市觀音區富源里18鄰中央一街30巷3號,68,6801200,6801200-015,18鄰,中央一街,,30巷,,,,3號,121.147860273309,24.9679942707021
桃園市觀音區富源里18鄰中央一街30巷6號,68,6801200,6801200-015,18鄰,中央一街,,30巷,,,,6號,121.147771981008,24.9679565293445
桃園市觀音區富源里18鄰中央一街50巷1號,68,6801200,6801200-015,18鄰,中央一街,,50巷,,,,1號,121.148043840438,24.9681110061135
桃園市觀音區富源里18鄰中央一街60號,68,6801200,6801200-015,18鄰,中央一街,,,,,,60號,121.148052678287,24.9682130182667
