FULL_ADDR,COUNTY,TOWN,VILLAGE,NEIGHBORHOOD,ROAD,SECTION,LANE,ALLEY,SUB_ALLEY,TONG,NUMBER,X,Y
桃園市新屋區新屋里4鄰中華路臨370之1號,68,6801100,6801100-001,4鄰,中華路臨,,,,,,370之1號,121.106878292052,24.9753471204221
桃園市新屋區新屋里4鄰中華路臨394之1號,68,6801100,6801100-001,4鄰,中華路臨,,,,,,394之1號,121.106557896269,24.9754938810669
