FULL_ADDR,COUNTY,TOWN,VILLAGE,NEIGHBORHOOD,ROAD,SECTION,LANE,ALLEY,SUB_ALLEY,TONG,NUMBER,X,Y
桃園市桃園區明德里7鄰中埔七街1號,68,6800100,6800100-073,7鄰,中埔七街,,,,,,1號,121.295263694417,25.0203515890139
桃園市桃園區明德里7鄰中埔七街3號,68,6800100,6800100-073,7鄰,中埔七街,,,,,,3號,121.295239532265,25.0203990354694
桃園市桃園區明德里7鄰中埔七街5號,68,6800100,6800100-073,7鄰,中埔七街,,,,,,5號,121.295218124144,25.0204379898687
