FULL_ADDR,COUNTY,TOWN,VILLAGE,NEIGHBORHOOD,ROAD,SECTION,LANE,ALLEY,SUB_ALLEY,TONG,NUMBER,X,Y
桃園市大溪區中新里14鄰中庄街21之5號,68,6800300,6800300-014,14鄰,中庄街,,,,,,21之5號,121.321466423356,24.9307255610724
桃園市大溪區中新里14鄰中庄街21之6號,68,6800300,6800300-014,14鄰,中庄街,,,,,,21之6號,121.321345331046,24.9306872710049
桃園市大溪區中新里14鄰中庄街21之3號,68,6800300,6800300-014,14鄰,中庄街,,,,,,21之3號,121.321824992839,24.9310101742743
桃園市大溪區中新里14鄰中庄街21之10號,68,6800300,6800300-014,14鄰,中庄街,,,,,,21之10號,121.320672592073,24.9299409896802
桃園市大溪區中新里14鄰中庄街21之1號,68,6800300,6800300-014,14鄰,中庄街,,,,,,21之1號,121.322346792825,24.9316208093813
