FULL_ADDR,COUNTY,TOWN,VILLAGE,NEIGHBORHOOD,ROAD,SECTION,LANE,ALLEY,SUB_ALLEY,TONG,NUMBER,X,Y
桃園市蘆竹區上竹里5鄰上竹五街12號,68,6800500,6800500-022,5鄰,上竹五街,,,,,,12號,121.26363102951,25.0216993828627
桃園市蘆竹區上興里6鄰上竹五街122號,68,6800500,6800500-037,6鄰,上竹五街,,,,,,122號,121.263440024316,25.0209714088777
桃園市蘆竹區上興里6鄰上竹五街124號,68,6800500,6800500-037,6鄰,上竹五街,,,,,,124號,121.263409387598,25.0209158488603
桃園市蘆竹區上興里6鄰上竹五街126號,68,6800500,6800500-037,6鄰,上竹五街,,,,,,126號,121.263358002193,25.0208415467362
桃園市蘆竹區上興里6鄰上竹五街128號,68,6800500,6800500-037,6鄰,上竹五街,,,,,,128號,121.263316782197,25.0207947628918
桃園市蘆竹區上興里14鄰上竹五街136號,68,6800500,6800500-037,14鄰,上竹五街,,,,,,136號,121.263225018418,25.0206036157952
