FULL_ADDR,COUNTY,TOWN,VILLAGE,NEIGHBORHOOD,ROAD,SECTION,LANE,ALLEY,SUB_ALLEY,TONG,NUMBER,X,Y
桃園市中壢區仁福里22鄰仁福一街51號,68,6800200,6800200-072,22鄰,仁福一街,,,,,,51號,121.256889881703,24.9418060780297
桃園市中壢區仁福里22鄰仁福一街53號,68,6800200,6800200-072,22鄰,仁福一街,,,,,,53號,121.256841793917,24.941823766289
桃園市中壢區仁福里22鄰仁福一街55號,68,6800200,6800200-072,22鄰,仁福一街,,,,,,55號,121.256801037989,24.9418435184288
桃園市中壢區仁福里22鄰仁福一街57號,68,6800200,6800200-072,22鄰,仁福一街,,,,,,57號,121.256755331175,24.9418633693718
桃園市中壢區仁福里22鄰仁福一街59號,68,6800200,6800200-072,22鄰,仁福一街,,,,,,59號,121.25671209969,24.9418831257527
桃園市中壢區仁福里22鄰仁福一街61號,68,6800200,6800200-072,22鄰,仁福一街,,,,,,61號,121.256666473723,24.9418942189867
桃園市中壢區仁福里22鄰仁福一街63號,68,6800200,6800200-072,22鄰,仁福一街,,,,,,63號,121.256627995233,24.9419139671567
