FULL_ADDR,COUNTY,TOWN,VILLAGE,NEIGHBORHOOD,ROAD,SECTION,LANE,ALLEY,SUB_ALLEY,TONG,NUMBER,X,Y
桃園市新屋區下田里7鄰中山西路二段552巷22弄13號,68,6801100,6801100-012,7鄰,中山西路,二段,552巷,22弄,,,13號,121.065447401527,24.9824390761434
桃園市新屋區下田里7鄰中山西路二段552巷22弄21號,68,6801100,6801100-012,7鄰,中山西路,二段,552巷,22弄,,,21號,121.065539889736,24.9825715723601
桃園市新屋區下田里7鄰中山西路二段552巷22弄27號,68,6801100,6801100-012,7鄰,中山西路,二段,552巷,22弄,,,27號,121.065651202445,24.9827113732185
桃園市新屋區下田里7鄰中山西路二段552巷30號,68,6801100,6801100-012,7鄰,中山西路,二段,552巷,,,,30號,121.065282144436,24.9823747762234
桃園市新屋區下田里7鄰中山西路二段552巷32號,68,6801100,6801100-012,7鄰,中山西路,二段,552巷,,,,32號,121.06522743708,24.9825071565553
桃園市新屋區下田里7鄰中山西路二段552巷36號,68,6801100,6801100-012,7鄰,中山西路,二段,552巷,,,,36號,121.065212642351,24.9826275116112
桃園市新屋區下田里7鄰中山西路二段552巷38號,68,6801100,6801100-012,7鄰,中山西路,二段,552巷,,,,38號,121.064908229741,24.9825946910142
桃園市新屋區下田里3鄰中山西路二段553號,68,6801100,6801100-012,3鄰,中山西路,二段,,,,,553號,121.064661415554,24.9815160851205
桃園市新屋區下田里7鄰中山西路二段556號,68,6801100,6801100-012,7鄰,中山西路,二段,,,,,556號,121.064829082848,24.9818348953185
桃園市新屋區下田里7鄰中山西路二段560號,68,6801100,6801100-012,7鄰,中山西路,二段,,,,,560號,121.064763417616,24.9818495499142
桃園市新屋區下田里7鄰中山西路二段600號,68,6801100,6801100-012,7鄰,中山西路,二段,,,,,600號,121.063744770705,24.9820924925013
桃園市新屋區下田里7鄰中山西路二段602號,68,6801100,6801100-012,7鄰,中山西路,二段,,,,,602號,121.06359817728,24.9822987638827
桃園市新屋區下田里7鄰中山西路二段692號,68,6801100,6801100-012,7鄰,中山西路,二段,,,,,692號,121.061589006513,24.9826007962584
桃園市新屋區下田里7鄰中山西路二段696號,68,6801100,6801100-012,7鄰,中山西路,二段,,,,,696號,121.061489765724,24.9826251236875
桃園市新屋區下田里3鄰中山西路二段780號,68,6801100,6801100-012,3鄰,中山西路,二段,,,,,780號,121.059553464762,24.9830825675168
桃園市新屋區下田里3鄰中山西路二段800巷17號,68,6801100,6801100-012,3鄰,中山西路,二段,800巷,,,,17號,121.059193812274,24.9835315127431
桃園市新屋區下田里3鄰中山西路二段800巷30號,68,6801100,6801100-012,3鄰,中山西路,二段,800巷,,,,30號,121.059436608646,24.9835549801053
桃園市新屋區下田里3鄰中山西路二段800巷33號,68,6801100,6801100-012,3鄰,中山西路,二段,800巷,,,,33號,121.059318895557,24.983770869011
桃園市新屋區下田里3鄰中山西路二段800巷35號,68,6801100,6801100-012,3鄰,中山西路,二段,800巷,,,,35號,121.059296378077,24.983807768023
桃園市新屋區下田里3鄰中山西路二段800巷37號,68,6801100,6801100-012,3鄰,中山西路,二段,800巷,,,,37號,121.05927387049,24.9838446670275
桃園市新屋區下田里3鄰中山西路二段800巷39號,68,6801100,6801100-012,3鄰,中山西路,二段,800巷,,,,39號,121.059251362893,24.9838815750569
桃園市新屋區下田里3鄰中山西路二段800巷41號,68,6801100,6801100-012,3鄰,中山西路,二段,800巷,,,,41號,121.059228845374,24.9839184740582
桃園市新屋區下田里3鄰中山西路二段800巷43號,68,6801100,6801100-012,3鄰,中山西路,二段,800巷,,,,43號,121.059206337746,24.9839553730521
桃園市新屋區下田里3鄰中山西路二段800巷45號,68,6801100,6801100-012,3鄰,中山西路,二段,800巷,,,,45號,121.059183820204,24.9839922810747
桃園市新屋區下田里3鄰中山西路二段800巷46號,68,6801100,6801100-012,3鄰,中山西路,二段,800巷,,,,46號,121.059453004878,24.9838486673872
桃園市新屋區下田里3鄰中山西路二段800巷47號,68,6801100,6801100-012,3鄰,中山西路,二段,800巷,,,,47號,121.059161312549,24.9840291800614
桃園市新屋區下田里3鄰中山西路二段800巷48號,68,6801100,6801100-012,3鄰,中山西路,二段,800巷,,,,48號,121.059430685037,24.9838845280743
桃園市新屋區下田里3鄰中山西路二段800巷49號,68,6801100,6801100-012,3鄰,中山西路,二段,800巷,,,,49號,121.059157914296,24.9840692584751
桃園市新屋區下田里3鄰中山西路二段800巷50號,68,6801100,6801100-012,3鄰,中山西路,二段,800巷,,,,50號,121.059408365183,24.9839203887579
桃園市新屋區下田里3鄰中山西路二段800巷52號,68,6801100,6801100-012,3鄰,中山西路,二段,800巷,,,,52號,121.059386045316,24.983956249438
桃園市新屋區下田里3鄰中山西路二段800巷56號,68,6801100,6801100-012,3鄰,中山西路,二段,800巷,,,,56號,121.059363725436,24.9839921101146
桃園市新屋區下田里3鄰中山西路二段800巷58號,68,6801100,6801100-012,3鄰,中山西路,二段,800巷,,,,58號,121.059341405543,24.9840279707877
桃園市新屋區下田里3鄰中山西路二段800巷60號,68,6801100,6801100-012,3鄰,中山西路,二段,800巷,,,,60號,121.059319085638,24.9840638314573
桃園市新屋區下田里3鄰中山西路二段800巷62號,68,6801100,6801100-012,3鄰,中山西路,二段,800巷,,,,62號,121.059296765719,24.9840996921234
桃園市新屋區下田里3鄰中山西路二段800巷66號,68,6801100,6801100-012,3鄰,中山西路,二段,800巷,,,,66號,121.059279592602,24.9841476668474
桃園市新屋區下田里3鄰中山西路二段800巷68號,68,6801100,6801100-012,3鄰,中山西路,二段,800巷,,,,68號,121.059259501716,24.9841841495792
桃園市新屋區下田里3鄰中山西路二段800巷70號,68,6801100,6801100-012,3鄰,中山西路,二段,800巷,,,,70號,121.059554174824,24.9839398137708
桃園市新屋區下田里3鄰中山西路二段800巷72號,68,6801100,6801100-012,3鄰,中山西路,二段,800巷,,,,72號,121.059585682193,24.9839556008586
桃園市新屋區下田里3鄰中山西路二段834號,68,6801100,6801100-012,3鄰,中山西路,二段,,,,,834號,121.058179462301,24.9834860484331
桃園市新屋區下田里3鄰中山西路二段835號,68,6801100,6801100-012,3鄰,中山西路,二段,,,,,835號,121.058032413371,24.9831672227551
桃園市新屋區下田里3鄰中山西路二段837號,68,6801100,6801100-012,3鄰,中山西路,二段,,,,,837號,121.057990814753,24.9831769896408
桃園市新屋區下田里2鄰中山西路二段913巷72號,68,6801100,6801100-012,2鄰,中山西路,二段,913巷,,,,72號,121.056180950277,24.9826834691525
桃園市新屋區下田里1鄰中山西路二段913巷119之1號,68,6801100,6801100-012,1鄰,中山西路,二段,913巷,,,,119之1號,121.05550238013,24.9819224489279
桃園市新屋區下田里1鄰中山西路二段913巷150號,68,6801100,6801100-012,1鄰,中山西路,二段,913巷,,,,150號,121.055011840193,24.982092635844
桃園市新屋區下田里1鄰中山西路二段913巷152號,68,6801100,6801100-012,1鄰,中山西路,二段,913巷,,,,152號,121.055149308156,24.9820488875083
桃園市新屋區下田里2鄰中山西路二段915號,68,6801100,6801100-012,2鄰,中山西路,二段,,,,,915號,121.056286020382,24.9834943603806
桃園市新屋區下田里2鄰中山西路二段931號,68,6801100,6801100-012,2鄰,中山西路,二段,,,,,931號,121.056049588237,24.9837422791792
桃園市新屋區下田里2鄰中山西路二段939號,68,6801100,6801100-012,2鄰,中山西路,二段,,,,,939號,121.055907979029,24.9838317135961
桃園市新屋區下田里5鄰中山西路二段976號,68,6801100,6801100-012,5鄰,中山西路,二段,,,,,976號,121.054788897427,24.9846162462254
桃園市新屋區下田里4鄰中山西路二段1046號,68,6801100,6801100-012,4鄰,中山西路,二段,,,,,1046號,121.053203425989,24.9851354126459
桃園市新屋區下田里1鄰中山西路二段1061之2號,68,6801100,6801100-012,1鄰,中山西路,二段,,,,,1061之2號,121.052731046839,24.9849566379058
桃園市新屋區下田里1鄰中山西路二段1061之3號,68,6801100,6801100-012,1鄰,中山西路,二段,,,,,1061之3號,121.052663499697,24.9849789619668
桃園市新屋區下田里1鄰中山西路二段1061之1號,68,6801100,6801100-012,1鄰,中山西路,二段,,,,,1061之1號,121.052796714156,24.984939641236
桃園市新屋區下田里4鄰中山西路二段1062號,68,6801100,6801100-012,4鄰,中山西路,二段,,,,,1062號,121.052833085595,24.9852127373786
桃園市新屋區下田里4鄰中山西路二段1064號,68,6801100,6801100-012,4鄰,中山西路,二段,,,,,1064號,121.052791291193,24.9852305381537
桃園市新屋區下田里4鄰中山西路二段1066號,68,6801100,6801100-012,4鄰,中山西路,二段,,,,,1066號,121.052735429353,24.985245183963
桃園市新屋區下田里4鄰中山西路二段1068號,68,6801100,6801100-012,4鄰,中山西路,二段,,,,,1068號,121.052688878001,24.9852578402079
桃園市新屋區下田里4鄰中山西路二段1072號,68,6801100,6801100-012,4鄰,中山西路,二段,,,,,1072號,121.052574473923,24.9852734997943
桃園市新屋區下田里4鄰中山西路二段1076號,68,6801100,6801100-012,4鄰,中山西路,二段,,,,,1076號,121.0525343604,24.985284167469
桃園市新屋區下田里1鄰中山西路二段1077巷17弄26號,68,6801100,6801100-012,1鄰,中山西路,二段,1077巷,17弄,,,26號,121.052605649763,24.9845114016541
桃園市新屋區下田里1鄰中山西路二段1077巷36號,68,6801100,6801100-012,1鄰,中山西路,二段,1077巷,,,,36號,121.051946810007,24.9847086327322
桃園市新屋區下田里1鄰中山西路二段1077巷48號,68,6801100,6801100-012,1鄰,中山西路,二段,1077巷,,,,48號,121.052014544684,24.9844257493338
桃園市新屋區下田里1鄰中山西路二段1077巷51號,68,6801100,6801100-012,1鄰,中山西路,二段,1077巷,,,,51號,121.052149461416,24.9841959293587
桃園市新屋區下田里1鄰中山西路二段1077巷53號,68,6801100,6801100-012,1鄰,中山西路,二段,1077巷,,,,53號,121.05219252473,24.9841341600111
桃園市新屋區下田里1鄰中山西路二段1077巷55號,68,6801100,6801100-012,1鄰,中山西路,二段,1077巷,,,,55號,121.052226881564,24.9840972218048
桃園市新屋區下田里1鄰中山西路二段1077巷57號,68,6801100,6801100-012,1鄰,中山西路,二段,1077巷,,,,57號,121.052244091018,24.9840350100916
桃園市新屋區下田里1鄰中山西路二段1077巷59號,68,6801100,6801100-012,1鄰,中山西路,二段,1077巷,,,,59號,121.052274081907,24.983980468027
桃園市新屋區下田里1鄰中山西路二段1077巷61號,68,6801100,6801100-012,1鄰,中山西路,二段,1077巷,,,,61號,121.052308432105,24.983928000956
桃園市新屋區下田里1鄰中山西路二段1077巷63號,68,6801100,6801100-012,1鄰,中山西路,二段,1077巷,,,,63號,121.052327724952,24.9838735529234
桃園市新屋區下田里1鄰中山西路二段1077巷65號,68,6801100,6801100-012,1鄰,中山西路,二段,1077巷,,,,65號,121.052364254515,24.9838215364925
桃園市新屋區下田里1鄰中山西路二段1077巷67號,68,6801100,6801100-012,1鄰,中山西路,二段,1077巷,,,,67號,121.052383835821,24.9837466299961
桃園市新屋區下田里1鄰中山西路二段1077巷69號,68,6801100,6801100-012,1鄰,中山西路,二段,1077巷,,,,69號,121.052412144071,24.9836954831724
桃園市新屋區下田里1鄰中山西路二段1077巷70號,68,6801100,6801100-012,1鄰,中山西路,二段,1077巷,,,,70號,121.052100654773,24.9840272959479
桃園市新屋區下田里1鄰中山西路二段1077巷72號,68,6801100,6801100-012,1鄰,中山西路,二段,1077巷,,,,72號,121.0521281726,24.9839805192021
桃園市新屋區下田里1鄰中山西路二段1077巷76號,68,6801100,6801100-012,1鄰,中山西路,二段,1077巷,,,,76號,121.052156092418,24.9839474654777
桃園市新屋區下田里1鄰中山西路二段1077巷78號,68,6801100,6801100-012,1鄰,中山西路,二段,1077巷,,,,78號,121.05217321266,24.9839085470742
桃園市新屋區下田里1鄰中山西路二段1077巷80號,68,6801100,6801100-012,1鄰,中山西路,二段,1077巷,,,,80號,121.052192512958,24.983871614152
桃園市新屋區下田里1鄰中山西路二段1077巷82號,68,6801100,6801100-012,1鄰,中山西路,二段,1077巷,,,,82號,121.052211814883,24.9838385634386
桃園市新屋區下田里1鄰中山西路二段1077巷86號,68,6801100,6801100-012,1鄰,中山西路,二段,1077巷,,,,86號,121.052233296825,24.9838074079214
桃園市新屋區下田里1鄰中山西路二段1077巷88號,68,6801100,6801100-012,1鄰,中山西路,二段,1077巷,,,,88號,121.05225903571,24.9837704727304
桃園市新屋區下田里1鄰中山西路二段1077巷90號,68,6801100,6801100-012,1鄰,中山西路,二段,1077巷,,,,90號,121.052282696854,24.9837393164407
桃園市新屋區下田里1鄰中山西路二段1077巷92號,68,6801100,6801100-012,1鄰,中山西路,二段,1077巷,,,,92號,121.052299818708,24.9837043705171
桃園市新屋區下田里1鄰中山西路二段1077巷96號,68,6801100,6801100-012,1鄰,中山西路,二段,1077巷,,,,96號,121.052312677837,24.9836615713816
桃園市新屋區下田里4鄰中山西路二段1078號,68,6801100,6801100-012,4鄰,中山西路,二段,,,,,1078號,121.052476219889,24.9852980917134
桃園市新屋區下田里4鄰中山西路二段1080之2號,68,6801100,6801100-012,4鄰,中山西路,二段,,,,,1080之2號,121.052535252882,24.9854263192808
桃園市新屋區下田里4鄰中山西路二段1080號,68,6801100,6801100-012,4鄰,中山西路,二段,,,,,1080號,121.052433730476,24.9853122812738
桃園市新屋區下田里4鄰中山西路二段1080之5號,68,6801100,6801100-012,4鄰,中山西路,二段,,,,,1080之5號,121.052452105146,24.9854514385259
桃園市新屋區下田里4鄰中山西路二段1080之3號,68,6801100,6801100-012,4鄰,中山西路,二段,,,,,1080之3號,121.052493674064,24.9854388743967
桃園市新屋區下田里4鄰中山西路二段1080之1號,68,6801100,6801100-012,4鄰,中山西路,二段,,,,,1080之1號,121.052576821783,24.9854137551284
桃園市新屋區下田里4鄰中山西路二段1082號,68,6801100,6801100-012,4鄰,中山西路,二段,,,,,1082號,121.052346073528,24.9853322648901
桃園市新屋區下田里1鄰中山西路二段1083號,68,6801100,6801100-012,1鄰,中山西路,二段,,,,,1083號,121.052161084912,24.9851451079459
桃園市新屋區下田里1鄰中山西路二段1085號,68,6801100,6801100-012,1鄰,中山西路,二段,,,,,1085號,121.052116109425,24.9851598580479
桃園市新屋區下田里1鄰中山西路二段1087號,68,6801100,6801100-012,1鄰,中山西路,二段,,,,,1087號,121.052071143834,24.9851746081328
桃園市新屋區下田里1鄰中山西路二段1089號,68,6801100,6801100-012,1鄰,中山西路,二段,,,,,1089號,121.052026168325,24.9851893582077
桃園市新屋區下田里1鄰中山西路二段1091號,68,6801100,6801100-012,1鄰,中山西路,二段,,,,,1091號,121.051981192806,24.9852041082689
桃園市新屋區下田里1鄰中山西路二段1093號,68,6801100,6801100-012,1鄰,中山西路,二段,,,,,1093號,121.051936227182,24.9852188583131
桃園市新屋區下田里1鄰中山西路二段1095號,68,6801100,6801100-012,1鄰,中山西路,二段,,,,,1095號,121.051891251642,24.9852336083471
桃園市新屋區下田里1鄰中山西路二段1097號,68,6801100,6801100-012,1鄰,中山西路,二段,,,,,1097號,121.051846285996,24.985248358364
桃園市新屋區下田里1鄰中山西路二段1099號,68,6801100,6801100-012,1鄰,中山西路,二段,,,,,1099號,121.05180131043,24.9852630993425
桃園市新屋區下田里1鄰中山西路二段1101號,68,6801100,6801100-012,1鄰,中山西路,二段,,,,,1101號,121.051756334858,24.9852778493357
桃園市新屋區下田里1鄰中山西路二段1103號,68,6801100,6801100-012,1鄰,中山西路,二段,,,,,1103號,121.05171136918,24.9852925993118
桃園市新屋區下田里1鄰中山西路二段1105號,68,6801100,6801100-012,1鄰,中山西路,二段,,,,,1105號,121.051666393586,24.9853073492779
桃園市新屋區下田里4鄰中山西路二段1106號,68,6801100,6801100-012,4鄰,中山西路,二段,,,,,1106號,121.051794382653,24.9857035250617
桃園市新屋區下田里1鄰中山西路二段1107號,68,6801100,6801100-012,1鄰,中山西路,二段,,,,,1107號,121.051621417981,24.9853220992303
桃園市新屋區下田里1鄰中山西路二段1109號,68,6801100,6801100-012,1鄰,中山西路,二段,,,,,1109號,121.051576452271,24.9853368491656
桃園市新屋區下田里1鄰中山西路二段1111號,68,6801100,6801100-012,1鄰,中山西路,二段,,,,,1111號,121.051531476644,24.9853515990908
桃園市新屋區下田里1鄰中山西路二段1113號,68,6801100,6801100-012,1鄰,中山西路,二段,,,,,1113號,121.051486510912,24.985366348999
桃園市新屋區下田里4鄰中山西路二段1124號,68,6801100,6801100-012,4鄰,中山西路,二段,,,,,1124號,121.051254141692,24.9857455135755
桃園市新屋區下田里4鄰中山西路二段1157號,68,6801100,6801100-012,4鄰,中山西路,二段,,,,,1157號,121.050354597846,24.9857346254352
桃園市新屋區下田里4鄰中山西路二段1158號,68,6801100,6801100-012,4鄰,中山西路,二段,,,,,1158號,121.050371850188,24.9860179307133
桃園市新屋區下田里4鄰中山西路二段1161號,68,6801100,6801100-012,4鄰,中山西路,二段,,,,,1161號,121.05023484951,24.9857640081957
桃園市新屋區下田里4鄰中山西路二段1165號,68,6801100,6801100-012,4鄰,中山西路,二段,,,,,1165號,121.05013735467,24.9858063932857
桃園市新屋區下田里4鄰中山西路二段1167號,68,6801100,6801100-012,4鄰,中山西路,二段,,,,,1167號,121.050096360389,24.9858201121981
桃園市新屋區下田里4鄰中山西路二段1169號,68,6801100,6801100-012,4鄰,中山西路,二段,,,,,1169號,121.050055356193,24.9858338311025
桃園市新屋區下田里4鄰中山西路二段1171號,68,6801100,6801100-012,4鄰,中山西路,二段,,,,,1171號,121.050014361894,24.9858475499923
桃園市新屋區下田里4鄰中山西路二段1173號,68,6801100,6801100-012,4鄰,中山西路,二段,,,,,1173號,121.04997335768,24.985861268874
桃園市新屋區下田里4鄰中山西路二段1175號,68,6801100,6801100-012,4鄰,中山西路,二段,,,,,1175號,121.049932363362,24.9858749877412
桃園市新屋區下田里4鄰中山西路二段1176號,68,6801100,6801100-012,4鄰,中山西路,二段,,,,,1176號,121.04994397345,24.9861460975929
桃園市新屋區下田里4鄰中山西路二段1177號,68,6801100,6801100-012,4鄰,中山西路,二段,,,,,1177號,121.04989135913,24.9858887066003
桃園市新屋區下田里4鄰中山西路二段1179號,68,6801100,6801100-012,4鄰,中山西路,二段,,,,,1179號,121.049850354888,24.9859024254482
桃園市新屋區下田里4鄰中山西路二段1181巷6弄2號,68,6801100,6801100-012,4鄰,中山西路,二段,1181巷,6弄,,,2號,121.049676018671,24.9857419678581
桃園市新屋區下田里4鄰中山西路二段1181巷6弄6號,68,6801100,6801100-012,4鄰,中山西路,二段,1181巷,6弄,,,6號,121.049639134611,24.9857541233599
桃園市新屋區下田里4鄰中山西路二段1181巷6弄8號,68,6801100,6801100-012,4鄰,中山西路,二段,1181巷,6弄,,,8號,121.049602250543,24.9857662788525
桃園市新屋區下田里4鄰中山西路二段1181巷6弄10號,68,6801100,6801100-012,4鄰,中山西路,二段,1181巷,6弄,,,10號,121.049565376374,24.9857784343327
桃園市新屋區下田里4鄰中山西路二段1181巷6弄12號,68,6801100,6801100-012,4鄰,中山西路,二段,1181巷,6弄,,,12號,121.049528492292,24.985790589807
桃園市新屋區下田里4鄰中山西路二段1192號,68,6801100,6801100-012,4鄰,中山西路,二段,,,,,1192號,121.049610210656,24.9862991502746
桃園市新屋區下田里4鄰中山西路二段1196號,68,6801100,6801100-012,4鄰,中山西路,二段,,,,,1196號,121.049493530145,24.9863229338084
桃園市新屋區下田里4鄰中山西路二段1196之1號,68,6801100,6801100-012,4鄰,中山西路,二段,,,,,1196之1號,121.049461340274,24.986332695179
桃園市新屋區下田里4鄰中山西路二段1208號,68,6801100,6801100-012,4鄰,中山西路,二段,,,,,1208號,121.049225314627,24.9864056325987
桃園市新屋區下田里4鄰中山西路二段1209號,68,6801100,6801100-012,4鄰,中山西路,二段,,,,,1209號,121.049068406687,24.9861552366764
桃園市新屋區下田里4鄰中山西路二段1210號,68,6801100,6801100-012,4鄰,中山西路,二段,,,,,1210號,121.049177079751,24.98642144824
桃園市新屋區下田里4鄰中山西路二段1211號,68,6801100,6801100-012,4鄰,中山西路,二段,,,,,1211號,121.048966489372,24.9861880433265
桃園市新屋區下田里4鄰中山西路二段1211之1號,68,6801100,6801100-012,4鄰,中山西路,二段,,,,,1211之1號,121.048896760962,24.9862087412821
桃園市新屋區下田里4鄰中山西路二段1212號,68,6801100,6801100-012,4鄰,中山西路,二段,,,,,1212號,121.049126072212,24.9864397024481
桃園市新屋區下田里4鄰中山西路二段1214號,68,6801100,6801100-012,4鄰,中山西路,二段,,,,,1214號,121.049073776403,24.9864566930878
桃園市新屋區下田里4鄰中山西路二段1216號,68,6801100,6801100-012,4鄰,中山西路,二段,,,,,1216號,121.049012169139,24.986473686776
桃園市新屋區下田里4鄰中山西路二段1218號,68,6801100,6801100-012,4鄰,中山西路,二段,,,,,1218號,121.048954426582,24.9864943808103
桃園市新屋區下田里4鄰中山西路二段1219號,68,6801100,6801100-012,4鄰,中山西路,二段,,,,,1219號,121.048813663058,24.9862378400003
桃園市新屋區下田里4鄰中山西路二段1220號,68,6801100,6801100-012,4鄰,中山西路,二段,,,,,1220號,121.048906190673,24.9865077586968
桃園市新屋區下田里4鄰中山西路二段1221號,68,6801100,6801100-012,4鄰,中山西路,二段,,,,,1221號,121.048761367327,24.9862549208146
桃園市新屋區下田里4鄰中山西路二段1222號,68,6801100,6801100-012,4鄰,中山西路,二段,,,,,1222號,121.048857857621,24.9865260119339
桃園市新屋區下田里4鄰中山西路二段1222之1號,68,6801100,6801100-012,4鄰,中山西路,二段,,,,,1222之1號,121.048813682565,24.9865381244816
桃園市新屋區下田里4鄰中山西路二段1225號,68,6801100,6801100-012,4鄰,中山西路,二段,,,,,1225號,121.048651328535,24.9862913412683
桃園市新屋區下田里4鄰中山西路二段1226號,68,6801100,6801100-012,4鄰,中山西路,二段,,,,,1226號,121.048766735801,24.9865551132588
桃園市新屋區下田里4鄰中山西路二段1227號,68,6801100,6801100-012,4鄰,中山西路,二段,,,,,1227號,121.048601706821,24.9863071571767
桃園市新屋區下田里4鄰中山西路二段1228號,68,6801100,6801100-012,4鄰,中山西路,二段,,,,,1228號,121.048721075852,24.9865697542167
桃園市新屋區下田里4鄰中山西路二段1229號,68,6801100,6801100-012,4鄰,中山西路,二段,,,,,1229號,121.048552085095,24.9863229730685
桃園市新屋區下田里4鄰中山西路二段1231號,68,6801100,6801100-012,4鄰,中山西路,二段,,,,,1231號,121.048516232138,24.9863381524681
桃園市新屋區下田里4鄰中山西路二段1233號,68,6801100,6801100-012,4鄰,中山西路,二段,,,,,1233號,121.048474335232,24.9863497224688
桃園市新屋區下田里4鄰中山西路二段1234號,68,6801100,6801100-012,4鄰,中山西路,二段,,,,,1234號,121.048589641697,24.9866098832691
桃園市新屋區下田里4鄰中山西路二段1235號,68,6801100,6801100-012,4鄰,中山西路,二段,,,,,1235號,121.048434122052,24.986360659922
桃園市新屋區下田里4鄰中山西路二段1237號,68,6801100,6801100-012,4鄰,中山西路,二段,,,,,1237號,121.048387175303,24.9863776485799
桃園市新屋區下田里4鄰中山西路二段1239號,68,6801100,6801100-012,4鄰,中山西路,二段,,,,,1239號,121.048341614891,24.9863934630809
桃園市新屋區下田里4鄰中山西路二段1242號,68,6801100,6801100-012,4鄰,中山西路,二段,,,,,1242號,121.048388476759,24.9866657443044
桃園市新屋區下田里4鄰中山西路二段1250號,68,6801100,6801100-012,4鄰,中山西路,二段,,,,,1250號,121.048297598341,24.9868113115801
桃園市新屋區下田里4鄰中山西路二段1252號,68,6801100,6801100-012,4鄰,中山西路,二段,,,,,1252號,121.048267911598,24.9868899585458
桃園市新屋區下田里4鄰中山西路二段1256號,68,6801100,6801100-012,4鄰,中山西路,二段,,,,,1256號,121.048155572057,24.9868706741702
桃園市新屋區下田里4鄰中山西路二段1272號,68,6801100,6801100-012,4鄰,中山西路,二段,,,,,1272號,121.047713888654,24.986915145861
桃園市新屋區下田里4鄰中山西路二段1272之1號,68,6801100,6801100-012,4鄰,中山西路,二段,,,,,1272之1號,121.047921829283,24.9869599501785
桃園市新屋區下田里4鄰中山西路二段1274號,68,6801100,6801100-012,4鄰,中山西路,二段,,,,,1274號,121.047638017873,24.9869354840589
桃園市新屋區下田里4鄰中山西路二段1276號,68,6801100,6801100-012,4鄰,中山西路,二段,,,,,1276號,121.047603549634,24.9869459680282
桃園市新屋區下田里4鄰中山西路二段1278號,68,6801100,6801100-012,4鄰,中山西路,二段,,,,,1278號,121.047559771544,24.9869606983114
桃園市新屋區下田里4鄰中山西路二段1280號,68,6801100,6801100-012,4鄰,中山西路,二段,,,,,1280號,121.047524116605,24.9869764191115
桃園市新屋區下田里4鄰中山西路二段1309號,68,6801100,6801100-012,4鄰,中山西路,二段,,,,,1309號,121.046732799976,24.986873384846
桃園市新屋區下田里4鄰中山西路二段1315號,68,6801100,6801100-012,4鄰,中山西路,二段,,,,,1315號,121.046617019355,24.9869222647842
桃園市新屋區下田里4鄰中山西路二段1317號,68,6801100,6801100-012,4鄰,中山西路,二段,,,,,1317號,121.046568284298,24.9869265233884
桃園市新屋區下田里4鄰中山西路二段1319號,68,6801100,6801100-012,4鄰,中山西路,二段,,,,,1319號,121.04652668347,24.9869361967844
桃園市新屋區下田里4鄰中山西路二段1320號,68,6801100,6801100-012,4鄰,中山西路,二段,,,,,1320號,121.046651671173,24.9873980504136
桃園市新屋區下田里4鄰中山西路二段1321號,68,6801100,6801100-012,4鄰,中山西路,二段,,,,,1321號,121.046467449552,24.9869439797122
桃園市新屋區下田里4鄰中山西路二段1323號,68,6801100,6801100-012,4鄰,中山西路,二段,,,,,1323號,121.04642426527,24.9869576260685
桃園市新屋區下田里4鄰中山西路二段1325號,68,6801100,6801100-012,4鄰,中山西路,二段,,,,,1325號,121.046377118647,24.9869712736471
桃園市新屋區下田里4鄰中山西路二段1329號,68,6801100,6801100-012,4鄰,中山西路,二段,,,,,1329號,121.046263902599,24.9869915324938
桃園市新屋區下田里4鄰中山西路二段1329號二樓,68,6801100,6801100-012,4鄰,中山西路,二段,,,,,1329號二樓,121.046263902599,24.9869915324938
桃園市新屋區下田里4鄰中山西路二段1329號三樓,68,6801100,6801100-012,4鄰,中山西路,二段,,,,,1329號三樓,121.046263902599,24.9869915324938
桃園市新屋區下田里4鄰中山西路二段1329號四樓,68,6801100,6801100-012,4鄰,中山西路,二段,,,,,1329號四樓,121.046263902599,24.9869915324938
桃園市新屋區下田里4鄰中山西路二段1329號五樓,68,6801100,6801100-012,4鄰,中山西路,二段,,,,,1329號五樓,121.046263902599,24.9869915324938
桃園市新屋區下田里4鄰中山西路二段1333號,68,6801100,6801100-012,4鄰,中山西路,二段,,,,,1333號,121.046139207643,24.9870436650535
桃園市新屋區後湖里8鄰中山西路一段1號,68,6801100,6801100-003,8鄰,中山西路,一段,,,,,1號,121.096631764687,24.9738033148187
桃園市新屋區後湖里7鄰中山西路一段2號,68,6801100,6801100-003,7鄰,中山西路,一段,,,,,2號,121.096679332786,24.974089032986
桃園市新屋區後湖里8鄰中山西路一段3號,68,6801100,6801100-003,8鄰,中山西路,一段,,,,,3號,121.096584136384,24.9738207705487
桃園市新屋區後湖里7鄰中山西路一段4號,68,6801100,6801100-003,7鄰,中山西路,一段,,,,,4號,121.096631003357,24.9740966482235
桃園市新屋區後湖里8鄰中山西路一段5號,68,6801100,6801100-003,8鄰,中山西路,一段,,,,,5號,121.096537288542,24.973822967751
桃園市新屋區後湖里7鄰中山西路一段6號,68,6801100,6801100-003,7鄰,中山西路,一段,,,,,6號,121.096582574804,24.9741041732257
桃園市新屋區後湖里8鄰中山西路一段7號,68,6801100,6801100-003,8鄰,中山西路,一段,,,,,7號,121.096497074776,24.973822452117
桃園市新屋區後湖里7鄰中山西路一段8號,68,6801100,6801100-003,7鄰,中山西路,一段,,,,,8號,121.096536521774,24.9741096201384
桃園市新屋區後湖里8鄰中山西路一段9號,68,6801100,6801100-003,8鄰,中山西路,一段,,,,,9號,121.096444490122,24.9738348551073
桃園市新屋區後湖里7鄰中山西路一段10號,68,6801100,6801100-003,7鄰,中山西路,一段,,,,,10號,121.09648809828,24.9741236455587
桃園市新屋區後湖里8鄰中山西路一段11號,68,6801100,6801100-003,8鄰,中山西路,一段,,,,,11號,121.096399725579,24.9738412942677
桃園市新屋區後湖里7鄰中山西路一段12號,68,6801100,6801100-003,7鄰,中山西路,一段,,,,,12號,121.09644442654,24.9741344176591
桃園市新屋區後湖里8鄰中山西路一段13號,68,6801100,6801100-003,8鄰,中山西路,一段,,,,,13號,121.096352387128,24.9738494504776
桃園市新屋區後湖里7鄰中山西路一段14號,68,6801100,6801100-003,7鄰,中山西路,一段,,,,,14號,121.096392530511,24.974140951721
桃園市新屋區後湖里8鄰中山西路一段15號,68,6801100,6801100-003,8鄰,中山西路,一段,,,,,15號,121.096303444016,24.973832057321
桃園市新屋區後湖里7鄰中山西路一段16號,68,6801100,6801100-003,7鄰,中山西路,一段,,,,,16號,121.096348857069,24.974149556977
桃園市新屋區後湖里8鄰中山西路一段17號,68,6801100,6801100-003,8鄰,中山西路,一段,,,,,17號,121.09625986853,24.9738391276586
桃園市新屋區後湖里7鄰中山西路一段18號,68,6801100,6801100-003,7鄰,中山西路,一段,,,,,18號,121.096298051328,24.9741570834251
桃園市新屋區後湖里8鄰中山西路一段19號,68,6801100,6801100-003,8鄰,中山西路,一段,,,,,19號,121.09620995118,24.9738425907194
桃園市新屋區後湖里7鄰中山西路一段20號,68,6801100,6801100-003,7鄰,中山西路,一段,,,,,20號,121.096256753407,24.9741636105841
桃園市新屋區後湖里7鄰中山西路一段22號,68,6801100,6801100-003,7鄰,中山西路,一段,,,,,22號,121.096203670395,24.9741722218811
桃園市新屋區後湖里7鄰中山西路一段24號,68,6801100,6801100-003,7鄰,中山西路,一段,,,,,24號,121.096162275874,24.9741819090184
桃園市新屋區後湖里7鄰中山西路一段26號,68,6801100,6801100-003,7鄰,中山西路,一段,,,,,26號,121.096112759485,24.9741916916719
桃園市新屋區後湖里7鄰中山西路一段28號,68,6801100,6801100-003,7鄰,中山西路,一段,,,,,28號,121.096067894134,24.9741960542643
桃園市新屋區後湖里8鄰中山西路一段29號,68,6801100,6801100-003,8鄰,中山西路,一段,,,,,29號,121.09596097163,24.9738766079326
桃園市新屋區後湖里7鄰中山西路一段30號,68,6801100,6801100-003,7鄰,中山西路,一段,,,,,30號,121.096018284501,24.9742133305233
桃園市新屋區後湖里8鄰中山西路一段31號,68,6801100,6801100-003,8鄰,中山西路,一段,,,,,31號,121.095908384588,24.9738860313612
桃園市新屋區後湖里7鄰中山西路一段32號,68,6801100,6801100-003,7鄰,中山西路,一段,,,,,32號,121.095971042828,24.9742187780278
桃園市新屋區後湖里7鄰中山西路一段34號,68,6801100,6801100-003,7鄰,中山西路,一段,,,,,34號,121.095924993018,24.9742284681
桃園市新屋區後湖里8鄰中山西路一段35號,68,6801100,6801100-003,8鄰,中山西路,一段,,,,,35號,121.095800936789,24.9739105675217
桃園市新屋區後湖里7鄰中山西路一段36號,68,6801100,6801100-003,7鄰,中山西路,一段,,,,,36號,121.09587310028,24.9742393356136
桃園市新屋區後湖里8鄰中山西路一段37號,68,6801100,6801100-003,8鄰,中山西路,一段,,,,,37號,121.095747260894,24.9739208944347
桃園市新屋區後湖里7鄰中山西路一段38號,68,6801100,6801100-003,7鄰,中山西路,一段,,,,,38號,121.095828238191,24.9742479414824
桃園市新屋區後湖里7鄰中山西路一段40號,68,6801100,6801100-003,7鄰,中山西路,一段,,,,,40號,121.095784564671,24.974256546573
桃園市新屋區後湖里7鄰中山西路一段42之1號,68,6801100,6801100-003,7鄰,中山西路,一段,,,,,42之1號,121.095691272289,24.9742706005953
桃園市新屋區後湖里7鄰中山西路一段42號,68,6801100,6801100-003,7鄰,中山西路,一段,,,,,42號,121.095738512386,24.9742630766472
桃園市新屋區後湖里8鄰中山西路一段43號,68,6801100,6801100-003,8鄰,中山西路,一段,,,,,43號,121.095607937941,24.9739691053763
桃園市新屋區後湖里7鄰中山西路一段46號,68,6801100,6801100-003,7鄰,中山西路,一段,,,,,46號,121.09563749376,24.9742765036157
桃園市新屋區後湖里8鄰中山西路一段47號,68,6801100,6801100-003,8鄰,中山西路,一段,,,,,47號,121.09551464701,24.9739847844001
桃園市新屋區後湖里7鄰中山西路一段48號,68,6801100,6801100-003,7鄰,中山西路,一段,,,,,48號,121.095591439786,24.9742808668281
桃園市新屋區後湖里8鄰中山西路一段49號,68,6801100,6801100-003,8鄰,中山西路,一段,,,,,49號,121.095464633249,24.9739917683514
桃園市新屋區後湖里7鄰中山西路一段50號,68,6801100,6801100-003,7鄰,中山西路,一段,,,,,50號,121.095544198835,24.9742873073213
桃園市新屋區後湖里7鄰中山西路一段52號,68,6801100,6801100-003,7鄰,中山西路,一段,,,,,52號,121.095495870094,24.9742960055988
桃園市新屋區後湖里7鄰中山西路一段54號,68,6801100,6801100-003,7鄰,中山西路,一段,,,,,54號,121.095452199879,24.9743089442246
桃園市新屋區後湖里7鄰中山西路一段56號,68,6801100,6801100-003,7鄰,中山西路,一段,,,,,56號,121.095403771169,24.9743164688435
桃園市新屋區後湖里7鄰中山西路一段60號,68,6801100,6801100-003,7鄰,中山西路,一段,,,,,60號,121.095311446778,24.9743014505409
桃園市新屋區後湖里8鄰中山西路一段61號,68,6801100,6801100-003,8鄰,中山西路,一段,,,,,61號,121.095202758491,24.9740017770049
桃園市新屋區後湖里7鄰中山西路一段62號,68,6801100,6801100-003,7鄰,中山西路,一段,,,,,62號,121.095265095986,24.9743062652627
桃園市新屋區後湖里8鄰中山西路一段63號,68,6801100,6801100-003,8鄰,中山西路,一段,,,,,63號,121.095141056371,24.9740078654808
桃園市新屋區後湖里7鄰中山西路一段64號,68,6801100,6801100-003,7鄰,中山西路,一段,,,,,64號,121.095217556683,24.9743111710143
桃園市新屋區後湖里7鄰中山西路一段66號,68,6801100,6801100-003,7鄰,中山西路,一段,,,,,66號,121.095167244448,24.9743166202276
桃園市新屋區後湖里7鄰中山西路一段68號,68,6801100,6801100-003,7鄰,中山西路,一段,,,,,68號,121.095121683251,24.9743178230378
桃園市新屋區後湖里7鄰中山西路一段70號,68,6801100,6801100-003,7鄰,中山西路,一段,,,,,70號,121.095075336678,24.9743281450253
桃園市新屋區後湖里7鄰中山西路一段72號,68,6801100,6801100-003,7鄰,中山西路,一段,,,,,72號,121.095027797845,24.9743336827045
桃園市新屋區後湖里7鄰中山西路一段74號,68,6801100,6801100-003,7鄰,中山西路,一段,,,,,74號,121.09497679177,24.9743385003079
桃園市新屋區後湖里8鄰中山西路一段75號,68,6801100,6801100-003,8鄰,中山西路,一段,,,,,75號,121.094823754091,24.9740691902258
桃園市新屋區後湖里7鄰中山西路一段76號,68,6801100,6801100-003,7鄰,中山西路,一段,,,,,76號,121.094932523801,24.9743470152438
桃園市新屋區後湖里8鄰中山西路一段77號,68,6801100,6801100-003,8鄰,中山西路,一段,,,,,77號,121.094773936899,24.9740742778546
桃園市新屋區後湖里7鄰中山西路一段78號,68,6801100,6801100-003,7鄰,中山西路,一段,,,,,78號,121.094885579658,24.9743530942027
桃園市新屋區後湖里8鄰中山西路一段79號,68,6801100,6801100-003,8鄰,中山西路,一段,,,,,79號,121.094735115329,24.9740810738676
桃園市新屋區後湖里7鄰中山西路一段80號,68,6801100,6801100-003,7鄰,中山西路,一段,,,,,80號,121.094838638279,24.9743627845073
桃園市新屋區後湖里8鄰中山西路一段81號,68,6801100,6801100-003,8鄰,中山西路,一段,,,,,81號,121.09469153842,24.9740865186341
桃園市新屋區後湖里7鄰中山西路一段82號,68,6801100,6801100-003,7鄰,中山西路,一段,,,,,82號,121.094791101289,24.9743707597793
桃園市新屋區後湖里7鄰中山西路一段84號,68,6801100,6801100-003,7鄰,中山西路,一段,,,,,84號,121.094740094706,24.9743749453136
桃園市新屋區後湖里7鄰中山西路一段86號,68,6801100,6801100-003,7鄰,中山西路,一段,,,,,86號,121.094695131988,24.9743816549399
桃園市新屋區後湖里8鄰中山西路一段87號,68,6801100,6801100-003,8鄰,中山西路,一段,,,,,87號,121.094576103771,24.9741587289749
桃園市新屋區後湖里8鄰中山西路一段89號,68,6801100,6801100-003,8鄰,中山西路,一段,,,,,89號,121.094509645171,24.974162111689
桃園市新屋區後湖里7鄰中山西路一段90號,68,6801100,6801100-003,7鄰,中山西路,一段,,,,,90號,121.094598583778,24.9744126837514
桃園市新屋區後湖里8鄰中山西路一段91號,68,6801100,6801100-003,8鄰,中山西路,一段,,,,,91號,121.094458046376,24.9741689157403
桃園市新屋區後湖里7鄰中山西路一段92號,68,6801100,6801100-003,7鄰,中山西路,一段,,,,,92號,121.094543623182,24.9744272543975
桃園市新屋區後湖里8鄰中山西路一段93號,68,6801100,6801100-003,8鄰,中山西路,一段,,,,,93號,121.09441378353,24.9741841115394
桃園市新屋區後湖里7鄰中山西路一段94號,68,6801100,6801100-003,7鄰,中山西路,一段,,,,,94號,121.094489336874,24.9744169061954
桃園市新屋區後湖里8鄰中山西路一段99號,68,6801100,6801100-003,8鄰,中山西路,一段,,,,,99號,121.094266989946,24.9741782458113
桃園市新屋區後湖里7鄰中山西路一段100號,68,6801100,6801100-003,7鄰,中山西路,一段,,,,,100號,121.094336339265,24.9744586241726
桃園市新屋區後湖里8鄰中山西路一段101號,68,6801100,6801100-003,8鄰,中山西路,一段,,,,,101號,121.094211835994,24.9741989557738
桃園市新屋區後湖里7鄰中山西路一段102號,68,6801100,6801100-003,7鄰,中山西路,一段,,,,,102號,121.094284446082,24.9744692202808
桃園市新屋區後湖里8鄰中山西路一段103號,68,6801100,6801100-003,8鄰,中山西路,一段,,,,,103號,121.094167567815,24.9742071996304
桃園市新屋區後湖里7鄰中山西路一段104號,68,6801100,6801100-003,7鄰,中山西路,一段,,,,,104號,121.094240871493,24.9744779151401
桃園市新屋區後湖里7鄰中山西路一段106號,68,6801100,6801100-003,7鄰,中山西路,一段,,,,,106號,121.094187591275,24.9744880606722
桃園市新屋區後湖里7鄰中山西路一段106之1號,68,6801100,6801100-003,7鄰,中山西路,一段,,,,,106之1號,121.094140254352,24.9744987441316
桃園市新屋區後湖里7鄰中山西路一段106之2號,68,6801100,6801100-003,7鄰,中山西路,一段,,,,,106之2號,121.094086278308,24.9745056398414
桃園市新屋區後湖里8鄰中山西路一段107號,68,6801100,6801100-003,8鄰,中山西路,一段,,,,,107號,121.094073087256,24.9742219756631
桃園市新屋區後湖里8鄰中山西路一段111號,68,6801100,6801100-003,8鄰,中山西路,一段,,,,,111號,121.093954845925,24.9742509412305
桃園市新屋區後湖里7鄰中山西路一段112號,68,6801100,6801100-003,7鄰,中山西路,一段,,,,,112號,121.094033294455,24.9745147920064
桃園市新屋區後湖里8鄰中山西路一段113號,68,6801100,6801100-003,8鄰,中山西路,一段,,,,,113號,121.093907909172,24.974266770555
桃園市新屋區後湖里8鄰中山西路一段115號,68,6801100,6801100-003,8鄰,中山西路,一段,,,,,115號,121.093863347229,24.9742795287095
桃園市新屋區後湖里7鄰中山西路一段116巷11號,68,6801100,6801100-003,7鄰,中山西路,一段,116巷,,,,11號,121.094058245918,24.9747638699548
桃園市新屋區後湖里7鄰中山西路一段116巷13號,68,6801100,6801100-003,7鄰,中山西路,一段,116巷,,,,13號,121.094152528109,24.9747481912166
桃園市新屋區後湖里7鄰中山西路一段116巷26號,68,6801100,6801100-003,7鄰,中山西路,一段,116巷,,,,26號,121.094326139005,24.9747206349665
桃園市新屋區後湖里8鄰中山西路一段117號,68,6801100,6801100-003,8鄰,中山西路,一段,,,,,117號,121.093819078313,24.9742868696224
桃園市新屋區後湖里8鄰中山西路一段119號,68,6801100,6801100-003,8鄰,中山西路,一段,,,,,119號,121.093713849642,24.9742345711426
桃園市新屋區後湖里8鄰中山西路一段125號,68,6801100,6801100-003,8鄰,中山西路,一段,,,,,125號,121.093552846244,24.9742989546543
桃園市新屋區後湖里8鄰中山西路一段125之1號,68,6801100,6801100-003,8鄰,中山西路,一段,,,,,125之1號,121.093412717142,24.9743306420655
桃園市新屋區後湖里7鄰中山西路一段170巷16號,68,6801100,6801100-003,7鄰,中山西路,一段,170巷,,,,16號,121.093790235179,24.9747828181246
桃園市新屋區後湖里7鄰中山西路一段170巷28號,68,6801100,6801100-003,7鄰,中山西路,一段,170巷,,,,28號,121.093466345522,24.9753055859142
桃園市新屋區後湖里6鄰中山西路一段170巷152之3號,68,6801100,6801100-003,6鄰,中山西路,一段,170巷,,,,152之3號,121.095153482492,24.9763841336656
桃園市新屋區後湖里6鄰中山西路一段170巷152之2號,68,6801100,6801100-003,6鄰,中山西路,一段,170巷,,,,152之2號,121.095232894313,24.9767361906055
桃園市新屋區後湖里6鄰中山西路一段170巷152號,68,6801100,6801100-003,6鄰,中山西路,一段,170巷,,,,152號,121.094850647307,24.977106779725
桃園市新屋區後湖里6鄰中山西路一段170巷153弄22號,68,6801100,6801100-003,6鄰,中山西路,一段,170巷,153弄,,,22號,121.093711518027,24.9776937153367
桃園市新屋區後湖里7鄰中山西路一段280巷20號,68,6801100,6801100-003,7鄰,中山西路,一段,280巷,,,,20號,121.091395721602,24.975162146174
桃園市新屋區後湖里7鄰中山西路一段280巷45之1號,68,6801100,6801100-003,7鄰,中山西路,一段,280巷,,,,45之1號,121.090684964872,24.9758611988092
桃園市新屋區後湖里7鄰中山西路一段280巷45號,68,6801100,6801100-003,7鄰,中山西路,一段,280巷,,,,45號,121.091095330377,24.9757322935005
桃園市新屋區後湖里7鄰中山西路一段280巷111號,68,6801100,6801100-003,7鄰,中山西路,一段,280巷,,,,111號,121.091655903602,24.9771412832602
桃園市新屋區後湖里7鄰中山西路一段280巷113之18號,68,6801100,6801100-003,7鄰,中山西路,一段,280巷,,,,113之18號,121.091376900428,24.9775728318642
桃園市新屋區後湖里7鄰中山西路一段296號,68,6801100,6801100-003,7鄰,中山西路,一段,,,,,296號,121.090687899452,24.9751354035349
桃園市新屋區後湖里7鄰中山西路一段300號,68,6801100,6801100-003,7鄰,中山西路,一段,,,,,300號,121.09033879336,24.9753268374161
桃園市新屋區後湖里7鄰中山西路一段328號,68,6801100,6801100-003,7鄰,中山西路,一段,,,,,328號,121.089015560742,24.9754113278195
桃園市新屋區後湖里7鄰中山西路一段330號,68,6801100,6801100-003,7鄰,中山西路,一段,,,,,330號,121.088965940278,24.9754156008316
桃園市新屋區後湖里7鄰中山西路一段336號,68,6801100,6801100-003,7鄰,中山西路,一段,,,,,336號,121.088662208502,24.9754873772875
桃園市新屋區後湖里7鄰中山西路一段346號,68,6801100,6801100-003,7鄰,中山西路,一段,,,,,346號,121.088441069275,24.9755395124407
桃園市新屋區後湖里7鄰中山西路一段378號,68,6801100,6801100-003,7鄰,中山西路,一段,,,,,378號,121.087829120391,24.9756456876396
桃園市新屋區後湖里7鄰中山西路一段390之1號,68,6801100,6801100-003,7鄰,中山西路,一段,,,,,390之1號,121.0873204935,24.975772655372
桃園市新屋區後湖里7鄰中山西路一段390號,68,6801100,6801100-003,7鄰,中山西路,一段,,,,,390號,121.087381700694,24.9757652161657
桃園市新屋區後湖里7鄰中山西路一段396號,68,6801100,6801100-003,7鄰,中山西路,一段,,,,,396號,121.087259785559,24.9757857821558
桃園市新屋區後湖里7鄰中山西路一段396之1號,68,6801100,6801100-003,7鄰,中山西路,一段,,,,,396之1號,121.087202446933,24.9758012543266
桃園市新屋區後湖里7鄰中山西路一段400號,68,6801100,6801100-003,7鄰,中山西路,一段,,,,,400號,121.087078353411,24.9758229048528
桃園市新屋區後湖里7鄰中山西路一段404號,68,6801100,6801100-003,7鄰,中山西路,一段,,,,,404號,121.087000219922,24.9758462438204
桃園市新屋區後湖里7鄰中山西路一段406號,68,6801100,6801100-003,7鄰,中山西路,一段,,,,,406號,121.086938515641,24.9758511552066
桃園市新屋區後湖里7鄰中山西路一段408號,68,6801100,6801100-003,7鄰,中山西路,一段,,,,,408號,121.086812444585,24.975877862573
桃園市新屋區後湖里7鄰中山西路一段420號,68,6801100,6801100-003,7鄰,中山西路,一段,,,,,420號,121.086710581455,24.9761028195109
桃園市新屋區後湖里7鄰中山西路一段424號,68,6801100,6801100-003,7鄰,中山西路,一段,,,,,424號,121.086525272182,24.9759789673292
桃園市新屋區後湖里7鄰中山西路一段424之1號,68,6801100,6801100-003,7鄰,中山西路,一段,,,,,424之1號,121.086586576743,24.9759689101556
桃園市新屋區後湖里7鄰中山西路一段426號,68,6801100,6801100-003,7鄰,中山西路,一段,,,,,426號,121.086479914566,24.9759890152146
桃園市新屋區後湖里7鄰中山西路一段426號一樓,68,6801100,6801100-003,7鄰,中山西路,一段,,,,,426號一樓,121.086479914566,24.9759890152146
桃園市新屋區後湖里7鄰中山西路一段428號,68,6801100,6801100-003,7鄰,中山西路,一段,,,,,428號,121.086419788423,24.9759845359278
桃園市新屋區後湖里7鄰中山西路一段432號,68,6801100,6801100-003,7鄰,中山西路,一段,,,,,432號,121.086338386264,24.9760081472976
桃園市新屋區後湖里7鄰中山西路一段436號,68,6801100,6801100-003,7鄰,中山西路,一段,,,,,436號,121.086284712374,24.9760237975576
桃園市新屋區東明里4鄰中山西路一段59巷75號,68,6801100,6801100-009,4鄰,中山西路,一段,59巷,,,,75號,121.09555919652,24.9725458985875
桃園市新屋區東明里4鄰中山西路一段59巷77號,68,6801100,6801100-009,4鄰,中山西路,一段,59巷,,,,77號,121.095638319834,24.9725265269895
桃園市新屋區東明里4鄰中山西路一段59巷80號,68,6801100,6801100-009,4鄰,中山西路,一段,59巷,,,,80號,121.095308568724,24.9728800200397
桃園市新屋區東明里4鄰中山西路一段109巷36號,68,6801100,6801100-009,4鄰,中山西路,一段,109巷,,,,36號,121.093641403099,24.9737859952127
桃園市新屋區東明里4鄰中山西路一段109巷95號,68,6801100,6801100-009,4鄰,中山西路,一段,109巷,,,,95號,121.092760923151,24.9729331813464
桃園市新屋區東明里4鄰中山西路一段109巷99號,68,6801100,6801100-009,4鄰,中山西路,一段,109巷,,,,99號,121.092746087449,24.9728295444658
桃園市新屋區東明里4鄰中山西路一段127號,68,6801100,6801100-009,4鄰,中山西路,一段,,,,,127號,121.093186728872,24.9742516045684
桃園市新屋區東明里4鄰中山西路一段173巷30號,68,6801100,6801100-009,4鄰,中山西路,一段,173巷,,,,30號,121.09217691162,24.9740885482102
桃園市新屋區東明里4鄰中山西路一段173巷43弄7號,68,6801100,6801100-009,4鄰,中山西路,一段,173巷,43弄,,,7號,121.092539807837,24.9739356527268
桃園市新屋區東明里4鄰中山西路一段173巷43弄21號,68,6801100,6801100-009,4鄰,中山西路,一段,173巷,43弄,,,21號,121.092789756934,24.9738722983067
桃園市新屋區東明里4鄰中山西路一段173巷43弄28之1號,68,6801100,6801100-009,4鄰,中山西路,一段,173巷,43弄,,,28之1號,121.093116453476,24.9735268480526
桃園市新屋區東明里4鄰中山西路一段173巷43弄72號,68,6801100,6801100-009,4鄰,中山西路,一段,173巷,43弄,,,72號,121.093737277106,24.9733884141224
桃園市新屋區東明里4鄰中山西路一段173巷43弄72號二樓之1,68,6801100,6801100-009,4鄰,中山西路,一段,173巷,43弄,,,72號二樓之1,121.093737277106,24.9733884141224
桃園市新屋區東明里4鄰中山西路一段173巷43弄72號二樓之2,68,6801100,6801100-009,4鄰,中山西路,一段,173巷,43弄,,,72號二樓之2,121.093737277106,24.9733884141224
桃園市新屋區東明里4鄰中山西路一段173巷43弄72號二樓之3,68,6801100,6801100-009,4鄰,中山西路,一段,173巷,43弄,,,72號二樓之3,121.093737277106,24.9733884141224
桃園市新屋區東明里4鄰中山西路一段173巷43弄72號二樓之5,68,6801100,6801100-009,4鄰,中山西路,一段,173巷,43弄,,,72號二樓之5,121.093737277106,24.9733884141224
桃園市新屋區東明里4鄰中山西路一段173巷43弄72號三樓之1,68,6801100,6801100-009,4鄰,中山西路,一段,173巷,43弄,,,72號三樓之1,121.093737277106,24.9733884141224
桃園市新屋區東明里4鄰中山西路一段173巷43弄72號三樓之2,68,6801100,6801100-009,4鄰,中山西路,一段,173巷,43弄,,,72號三樓之2,121.093737277106,24.9733884141224
桃園市新屋區東明里4鄰中山西路一段173巷43弄72號三樓之3,68,6801100,6801100-009,4鄰,中山西路,一段,173巷,43弄,,,72號三樓之3,121.093737277106,24.9733884141224
桃園市新屋區東明里4鄰中山西路一段173巷43弄72號三樓之5,68,6801100,6801100-009,4鄰,中山西路,一段,173巷,43弄,,,72號三樓之5,121.093737277106,24.9733884141224
桃園市新屋區東明里4鄰中山西路一段173巷43弄72號四樓之1,68,6801100,6801100-009,4鄰,中山西路,一段,173巷,43弄,,,72號四樓之1,121.093737277106,24.9733884141224
桃園市新屋區東明里4鄰中山西路一段173巷43弄72號四樓之2,68,6801100,6801100-009,4鄰,中山西路,一段,173巷,43弄,,,72號四樓之2,121.093737277106,24.9733884141224
桃園市新屋區東明里4鄰中山西路一段173巷43弄72號四樓之3,68,6801100,6801100-009,4鄰,中山西路,一段,173巷,43弄,,,72號四樓之3,121.093737277106,24.9733884141224
桃園市新屋區東明里4鄰中山西路一段173巷43弄72號四樓之5,68,6801100,6801100-009,4鄰,中山西路,一段,173巷,43弄,,,72號四樓之5,121.093737277106,24.9733884141224
桃園市新屋區東明里4鄰中山西路一段173巷43弄72號五樓之1,68,6801100,6801100-009,4鄰,中山西路,一段,173巷,43弄,,,72號五樓之1,121.093737277106,24.9733884141224
桃園市新屋區東明里4鄰中山西路一段173巷43弄72號五樓之2,68,6801100,6801100-009,4鄰,中山西路,一段,173巷,43弄,,,72號五樓之2,121.093737277106,24.9733884141224
桃園市新屋區東明里4鄰中山西路一段173巷43弄72號五樓之3,68,6801100,6801100-009,4鄰,中山西路,一段,173巷,43弄,,,72號五樓之3,121.093737277106,24.9733884141224
桃園市新屋區東明里4鄰中山西路一段173巷43弄72號五樓之5,68,6801100,6801100-009,4鄰,中山西路,一段,173巷,43弄,,,72號五樓之5,121.093737277106,24.9733884141224
桃園市新屋區東明里4鄰中山西路一段173巷43弄76號,68,6801100,6801100-009,4鄰,中山西路,一段,173巷,43弄,,,76號,121.093595167791,24.9732887396284
桃園市新屋區東明里4鄰中山西路一段173巷43弄76號二樓之1,68,6801100,6801100-009,4鄰,中山西路,一段,173巷,43弄,,,76號二樓之1,121.093595167791,24.9732887396284
桃園市新屋區東明里4鄰中山西路一段173巷43弄76號二樓之2,68,6801100,6801100-009,4鄰,中山西路,一段,173巷,43弄,,,76號二樓之2,121.093595167791,24.9732887396284
桃園市新屋區東明里4鄰中山西路一段173巷43弄76號三樓之1,68,6801100,6801100-009,4鄰,中山西路,一段,173巷,43弄,,,76號三樓之1,121.093595167791,24.9732887396284
桃園市新屋區東明里4鄰中山西路一段173巷43弄76號三樓之2,68,6801100,6801100-009,4鄰,中山西路,一段,173巷,43弄,,,76號三樓之2,121.093595167791,24.9732887396284
桃園市新屋區東明里4鄰中山西路一段173巷43弄76號四樓之1,68,6801100,6801100-009,4鄰,中山西路,一段,173巷,43弄,,,76號四樓之1,121.093595167791,24.9732887396284
桃園市新屋區東明里4鄰中山西路一段173巷43弄76號四樓之2,68,6801100,6801100-009,4鄰,中山西路,一段,173巷,43弄,,,76號四樓之2,121.093595167791,24.9732887396284
桃園市新屋區東明里4鄰中山西路一段173巷43弄76號五樓之1,68,6801100,6801100-009,4鄰,中山西路,一段,173巷,43弄,,,76號五樓之1,121.093595167791,24.9732887396284
桃園市新屋區東明里4鄰中山西路一段173巷43弄76號五樓之2,68,6801100,6801100-009,4鄰,中山西路,一段,173巷,43弄,,,76號五樓之2,121.093595167791,24.9732887396284
桃園市新屋區東明里4鄰中山西路一段173巷43弄88號,68,6801100,6801100-009,4鄰,中山西路,一段,173巷,43弄,,,88號,121.094022250192,24.9734066523774
桃園市新屋區東明里4鄰中山西路一段173巷43弄176號,68,6801100,6801100-009,4鄰,中山西路,一段,173巷,43弄,,,176號,121.095127306606,24.9732583359482
桃園市新屋區東明里4鄰中山西路一段173巷43弄236號,68,6801100,6801100-009,4鄰,中山西路,一段,173巷,43弄,,,236號,121.09618412329,24.9729812071225
桃園市新屋區東明里4鄰中山西路一段173巷56弄6號,68,6801100,6801100-009,4鄰,中山西路,一段,173巷,56弄,,,6號,121.092132412293,24.973919563982
桃園市新屋區東明里4鄰中山西路一段173巷56弄111號,68,6801100,6801100-009,4鄰,中山西路,一段,173巷,56弄,,,111號,121.08949401869,24.97315502268
桃園市新屋區東明里4鄰中山西路一段173巷56弄201號,68,6801100,6801100-009,4鄰,中山西路,一段,173巷,56弄,,,201號,121.08793027003,24.9733057357432
桃園市新屋區東明里4鄰中山西路一段173巷56弄205號,68,6801100,6801100-009,4鄰,中山西路,一段,173巷,56弄,,,205號,121.087705176936,24.9736435309752
桃園市新屋區東明里4鄰中山西路一段173巷56弄282號,68,6801100,6801100-009,4鄰,中山西路,一段,173巷,56弄,,,282號,121.087394495525,24.9742478947045
桃園市新屋區東明里4鄰中山西路一段173巷56弄286號,68,6801100,6801100-009,4鄰,中山西路,一段,173巷,56弄,,,286號,121.087259091739,24.9742406611185
桃園市新屋區東明里4鄰中山西路一段173巷103號,68,6801100,6801100-009,4鄰,中山西路,一段,173巷,,,,103號,121.092251567908,24.9716632007186
桃園市新屋區東明里4鄰中山西路一段173巷145弄5號,68,6801100,6801100-009,4鄰,中山西路,一段,173巷,145弄,,,5號,121.092239624143,24.9721164342619
桃園市新屋區東明里4鄰中山西路一段173巷145弄91號,68,6801100,6801100-009,4鄰,中山西路,一段,173巷,145弄,,,91號,121.094163789296,24.9717156323719
桃園市新屋區東明里4鄰中山西路一段173巷145弄145號,68,6801100,6801100-009,4鄰,中山西路,一段,173巷,145弄,,,145號,121.095323674319,24.9717886563887
桃園市新屋區東明里4鄰中山西路一段173巷145弄159號,68,6801100,6801100-009,4鄰,中山西路,一段,173巷,145弄,,,159號,121.095610391743,24.9717615678868
桃園市新屋區東明里4鄰中山西路一段173巷145弄160號,68,6801100,6801100-009,4鄰,中山西路,一段,173巷,145弄,,,160號,121.094904712175,24.9711466429976
桃園市新屋區東明里4鄰中山西路一段173巷145弄187號,68,6801100,6801100-009,4鄰,中山西路,一段,173巷,145弄,,,187號,121.096249833166,24.9717617878761
桃園市新屋區東明里4鄰中山西路一段173巷145弄258號,68,6801100,6801100-009,4鄰,中山西路,一段,173巷,145弄,,,258號,121.096567693006,24.9710274821094
桃園市新屋區東明里4鄰中山西路一段173巷145弄270號,68,6801100,6801100-009,4鄰,中山西路,一段,173巷,145弄,,,270號,121.096764784591,24.9712694058045
桃園市新屋區東明里4鄰中山西路一段173巷182弄36號,68,6801100,6801100-009,4鄰,中山西路,一段,173巷,182弄,,,36號,121.091365552469,24.9719988816184
桃園市新屋區東明里4鄰中山西路一段173巷182弄42號,68,6801100,6801100-009,4鄰,中山西路,一段,173巷,182弄,,,42號,121.09127165981,24.9721374350035
桃園市新屋區東明里4鄰中山西路一段173巷182弄50號,68,6801100,6801100-009,4鄰,中山西路,一段,173巷,182弄,,,50號,121.091184500856,24.9721399260795
桃園市新屋區東明里4鄰中山西路一段173巷182弄66號,68,6801100,6801100-009,4鄰,中山西路,一段,173巷,182弄,,,66號,121.090959163724,24.9725349665205
桃園市新屋區東明里4鄰中山西路一段173巷182弄76號,68,6801100,6801100-009,4鄰,中山西路,一段,173巷,182弄,,,76號,121.090776129146,24.9720000547128
桃園市新屋區東明里4鄰中山西路一段173巷182弄92號,68,6801100,6801100-009,4鄰,中山西路,一段,173巷,182弄,,,92號,121.090450924044,24.9722213583775
桃園市新屋區東明里4鄰中山西路一段173巷182弄100號,68,6801100,6801100-009,4鄰,中山西路,一段,173巷,182弄,,,100號,121.090318057437,24.9721592332979
桃園市新屋區東明里4鄰中山西路一段173巷182弄151號,68,6801100,6801100-009,4鄰,中山西路,一段,173巷,182弄,,,151號,121.088837521395,24.9717581792674
桃園市新屋區東明里4鄰中山西路一段173巷182弄170之22號,68,6801100,6801100-009,4鄰,中山西路,一段,173巷,182弄,,,170之22號,121.088786523596,24.9730154156666
桃園市新屋區東明里4鄰中山西路一段173巷182弄170之28號,68,6801100,6801100-009,4鄰,中山西路,一段,173巷,182弄,,,170之28號,121.088538817445,24.9727533781946
桃園市新屋區東明里4鄰中山西路一段189號,68,6801100,6801100-009,4鄰,中山西路,一段,,,,,189號,121.091994549892,24.9746017453366
桃園市新屋區東明里4鄰中山西路一段281號,68,6801100,6801100-009,4鄰,中山西路,一段,,,,,281號,121.090707506599,24.9747240574217
桃園市新屋區東明里4鄰中山西路一段289號,68,6801100,6801100-009,4鄰,中山西路,一段,,,,,289號,121.09051461651,24.9748009162733
桃園市新屋區東明里4鄰中山西路一段295巷5號,68,6801100,6801100-009,4鄰,中山西路,一段,295巷,,,,5號,121.090105471795,24.9746986920586
桃園市新屋區東明里4鄰中山西路一段301號,68,6801100,6801100-009,4鄰,中山西路,一段,,,,,301號,121.089511896518,24.9750025851446
桃園市新屋區東明里4鄰中山西路一段361號,68,6801100,6801100-009,4鄰,中山西路,一段,,,,,361號,121.087999873509,24.9752172792402
桃園市新屋區東明里4鄰中山西路一段379號,68,6801100,6801100-009,4鄰,中山西路,一段,,,,,379號,121.087637923835,24.9753214097031
桃園市新屋區東明里5鄰中山西路一段411號,68,6801100,6801100-009,5鄰,中山西路,一段,,,,,411號,121.086683058043,24.9754137876376
桃園市新屋區東明里10鄰中山西路一段438號,68,6801100,6801100-009,10鄰,中山西路,一段,,,,,438號,121.086098696345,24.9760221898594
桃園市新屋區東明里9鄰中山西路一段474號,68,6801100,6801100-009,9鄰,中山西路,一段,,,,,474號,121.08472265303,24.9765304659863
桃園市新屋區東明里5鄰中山西路一段511號,68,6801100,6801100-009,5鄰,中山西路,一段,,,,,511號,121.084743197186,24.9758672276477
桃園市新屋區東明里5鄰中山西路一段517號,68,6801100,6801100-009,5鄰,中山西路,一段,,,,,517號,121.084470902515,24.975710468709
桃園市新屋區東明里5鄰中山西路一段519號,68,6801100,6801100-009,5鄰,中山西路,一段,,,,,519號,121.084382364922,24.9757286660156
桃園市新屋區東明里5鄰中山西路一段521號,68,6801100,6801100-009,5鄰,中山西路,一段,,,,,521號,121.084307295535,24.9757432442807
桃園市新屋區東明里10鄰中山西路一段526號,68,6801100,6801100-009,10鄰,中山西路,一段,,,,,526號,121.083998270252,24.9764848316166
桃園市新屋區東明里10鄰中山西路一段528號,68,6801100,6801100-009,10鄰,中山西路,一段,,,,,528號,121.08394695277,24.9764705956838
桃園市新屋區東明里10鄰中山西路一段530號,68,6801100,6801100-009,10鄰,中山西路,一段,,,,,530號,121.083896742852,24.9764829026197
桃園市新屋區東明里10鄰中山西路一段532號,68,6801100,6801100-009,10鄰,中山西路,一段,,,,,532號,121.08386168424,24.9764903256655
桃園市新屋區東明里5鄰中山西路一段533號,68,6801100,6801100-009,5鄰,中山西路,一段,,,,,533號,121.083914380951,24.9762015675742
桃園市新屋區東明里10鄰中山西路一段534號,68,6801100,6801100-009,10鄰,中山西路,一段,,,,,534號,121.083807114645,24.9765004682099
桃園市新屋區東明里10鄰中山西路一段536號,68,6801100,6801100-009,10鄰,中山西路,一段,,,,,536號,121.083755907782,24.9765032958343
桃園市新屋區東明里5鄰中山西路一段537號,68,6801100,6801100-009,5鄰,中山西路,一段,,,,,537號,121.083696198427,24.9762367206124
桃園市新屋區東明里10鄰中山西路一段538號,68,6801100,6801100-009,10鄰,中山西路,一段,,,,,538號,121.083706680876,24.976504587499
桃園市新屋區東明里10鄰中山西路一段540號,68,6801100,6801100-009,10鄰,中山西路,一段,,,,,540號,121.08365985327,24.976538560625
桃園市新屋區東明里5鄰中山西路一段541號,68,6801100,6801100-009,5鄰,中山西路,一段,,,,,541號,121.083646581167,24.9762464991774
桃園市新屋區東明里10鄰中山西路一段542號,68,6801100,6801100-009,10鄰,中山西路,一段,,,,,542號,121.083614100539,24.9765508649606
桃園市新屋區東明里5鄰中山西路一段543號,68,6801100,6801100-009,5鄰,中山西路,一段,,,,,543號,121.083594984065,24.9762579942348
桃園市新屋區東明里10鄰中山西路一段544號,68,6801100,6801100-009,10鄰,中山西路,一段,,,,,544號,121.083577664283,24.9765717410367
桃園市新屋區東明里5鄰中山西路一段545號,68,6801100,6801100-009,5鄰,中山西路,一段,,,,,545號,121.083547348208,24.9762684036425
桃園市新屋區東明里10鄰中山西路一段546號,68,6801100,6801100-009,10鄰,中山西路,一段,,,,,546號,121.083526451167,24.9765653596127
桃園市新屋區東明里5鄰中山西路一段547號,68,6801100,6801100-009,5鄰,中山西路,一段,,,,,547號,121.083506446804,24.9762774549967
桃園市新屋區東明里10鄰中山西路一段548號,68,6801100,6801100-009,10鄰,中山西路,一段,,,,,548號,121.083473167941,24.976573695632
桃園市新屋區東明里5鄰中山西路一段549號,68,6801100,6801100-009,5鄰,中山西路,一段,,,,,549號,121.083457523651,24.9762884068021
桃園市新屋區東明里10鄰中山西路一段550號,68,6801100,6801100-009,10鄰,中山西路,一段,,,,,550號,121.083390883665,24.9766125638891
桃園市新屋區東明里5鄰中山西路一段551號,68,6801100,6801100-009,5鄰,中山西路,一段,,,,,551號,121.08340850144,24.976299358647
桃園市新屋區東明里10鄰中山西路一段552號,68,6801100,6801100-009,10鄰,中山西路,一段,,,,,552號,121.083340971452,24.9766258635953
桃園市新屋區東明里5鄰中山西路一段553號,68,6801100,6801100-009,5鄰,中山西路,一段,,,,,553號,121.083367004927,24.9763072366036
桃園市新屋區東明里10鄰中山西路一段554號,68,6801100,6801100-009,10鄰,中山西路,一段,,,,,554號,121.083292838723,24.9766341063824
桃園市新屋區東明里5鄰中山西路一段555號,68,6801100,6801100-009,5鄰,中山西路,一段,,,,,555號,121.083322736294,24.9763170120654
桃園市新屋區東明里10鄰中山西路一段556號,68,6801100,6801100-009,10鄰,中山西路,一段,,,,,556號,121.083248958024,24.9766317835425
桃園市新屋區東明里5鄰中山西路一段557號,68,6801100,6801100-009,5鄰,中山西路,一段,,,,,557號,121.083281834918,24.976326153642
桃園市新屋區東明里10鄰中山西路一段558號,68,6801100,6801100-009,10鄰,中山西路,一段,,,,,558號,121.083210521732,24.9766244920238
桃園市新屋區東明里5鄰中山西路一段559號,68,6801100,6801100-009,5鄰,中山西路,一段,,,,,559號,121.083216769057,24.9763407257603
桃園市新屋區東明里10鄰中山西路一段560號,68,6801100,6801100-009,10鄰,中山西路,一段,,,,,560號,121.083174691586,24.976663063336
桃園市新屋區東明里5鄰中山西路一段561號,68,6801100,6801100-009,5鄰,中山西路,一段,,,,,561號,121.083161804186,24.97635222255
桃園市新屋區東明里10鄰中山西路一段562號,68,6801100,6801100-009,10鄰,中山西路,一段,,,,,562號,121.083125268754,24.9766676954278
桃園市新屋區東明里5鄰中山西路一段563號,68,6801100,6801100-009,5鄰,中山西路,一段,,,,,563號,121.083115455052,24.976361367124
桃園市新屋區東明里10鄰中山西路一段564號,68,6801100,6801100-009,10鄰,中山西路,一段,,,,,564號,121.083078411817,24.9766583320437
桃園市新屋區東明里5鄰中山西路一段565號,68,6801100,6801100-009,5鄰,中山西路,一段,,,,,565號,121.083071285793,24.9763716841599
桃園市新屋區東明里10鄰中山西路一段566號,68,6801100,6801100-009,10鄰,中山西路,一段,,,,,566號,121.083046622967,24.9766675587538
桃園市新屋區東明里5鄰中山西路一段567號,68,6801100,6801100-009,5鄰,中山西路,一段,,,,,567號,121.083020282945,24.9763832689705
桃園市新屋區東明里10鄰中山西路一段568號,68,6801100,6801100-009,10鄰,中山西路,一段,,,,,568號,121.082997102351,24.9766740868226
桃園市新屋區東明里5鄰中山西路一段569號,68,6801100,6801100-009,5鄰,中山西路,一段,,,,,569號,121.082962644965,24.9763966631425
桃園市新屋區東明里10鄰中山西路一段570號,68,6801100,6801100-009,10鄰,中山西路,一段,,,,,570號,121.08296017682,24.9767040817092
桃園市新屋區東明里10鄰中山西路一段572號,68,6801100,6801100-009,10鄰,中山西路,一段,,,,,572號,121.082913316796,24.9766901137884
桃園市新屋區東明里10鄰中山西路一段574號,68,6801100,6801100-009,10鄰,中山西路,一段,,,,,574號,121.082861900423,24.976676058105
桃園市新屋區東明里9鄰中山西路一段575號,68,6801100,6801100-009,9鄰,中山西路,一段,,,,,575號,121.082636315038,24.9764551681434
桃園市新屋區東明里9鄰中山西路一段577號,68,6801100,6801100-009,9鄰,中山西路,一段,,,,,577號,121.082539462782,24.9764828487945
桃園市新屋區東明里9鄰中山西路一段579號,68,6801100,6801100-009,9鄰,中山西路,一段,,,,,579號,121.08249034353,24.9764970506166
桃園市新屋區東明里9鄰中山西路一段580號,68,6801100,6801100-009,9鄰,中山西路,一段,,,,,580號,121.082581137839,24.9767422117578
桃園市新屋區東明里9鄰中山西路一段582號,68,6801100,6801100-009,9鄰,中山西路,一段,,,,,582號,121.082529741664,24.9767584011048
桃園市新屋區東明里9鄰中山西路一段584號,68,6801100,6801100-009,9鄰,中山西路,一段,,,,,584號,121.0824910181,24.9767659161437
桃園市新屋區東明里9鄰中山西路一段586號,68,6801100,6801100-009,9鄰,中山西路,一段,,,,,586號,121.08243762676,24.9767608898131
桃園市新屋區東明里9鄰中山西路一段588號,68,6801100,6801100-009,9鄰,中山西路,一段,,,,,588號,121.082383464734,24.9767884564314
桃園市新屋區東明里9鄰中山西路一段592號,68,6801100,6801100-009,9鄰,中山西路,一段,,,,,592號,121.082352862174,24.976794341827
桃園市新屋區東明里9鄰中山西路一段594號,68,6801100,6801100-009,9鄰,中山西路,一段,,,,,594號,121.082318693809,24.9768002291882
桃園市新屋區東明里9鄰中山西路一段596號,68,6801100,6801100-009,9鄰,中山西路,一段,,,,,596號,121.082279522898,24.9768797910896
桃園市新屋區東明里9鄰中山西路一段598號,68,6801100,6801100-009,9鄰,中山西路,一段,,,,,598號,121.082252132466,24.9768007174001
桃園市新屋區東明里9鄰中山西路一段600號,68,6801100,6801100-009,9鄰,中山西路,一段,,,,,600號,121.082217965775,24.9768091326907
桃園市新屋區東明里9鄰中山西路一段602號,68,6801100,6801100-009,9鄰,中山西路,一段,,,,,602號,121.082122507822,24.9768488200782
桃園市新屋區東明里9鄰中山西路一段606號,68,6801100,6801100-009,9鄰,中山西路,一段,,,,,606號,121.082019929634,24.9769057555807
桃園市新屋區東明里9鄰中山西路一段612號,68,6801100,6801100-009,9鄰,中山西路,一段,,,,,612號,121.08187195367,24.9769133306129
桃園市新屋區東明里9鄰中山西路一段614號,68,6801100,6801100-009,9鄰,中山西路,一段,,,,,614號,121.081827474475,24.9769047780841
桃園市新屋區東明里9鄰中山西路一段628號,68,6801100,6801100-009,9鄰,中山西路,一段,,,,,628號,121.08141222738,24.9770116312157
桃園市新屋區東明里9鄰中山西路一段635巷20號,68,6801100,6801100-009,9鄰,中山西路,一段,635巷,,,,20號,121.080096196633,24.9767832944823
桃園市新屋區東明里9鄰中山西路一段635巷22號,68,6801100,6801100-009,9鄰,中山西路,一段,635巷,,,,22號,121.080054309971,24.9768011029714
桃園市新屋區東明里9鄰中山西路一段635巷26號,68,6801100,6801100-009,9鄰,中山西路,一段,635巷,,,,26號,121.080005585046,24.9768130466606
桃園市新屋區東明里9鄰中山西路一段635巷28號,68,6801100,6801100-009,9鄰,中山西路,一段,635巷,,,,28號,121.079945369308,24.9768234616763
桃園市新屋區東明里9鄰中山西路一段635巷30號,68,6801100,6801100-009,9鄰,中山西路,一段,635巷,,,,30號,121.079783047221,24.9767025681295
桃園市新屋區東明里9鄰中山西路一段635巷32號,68,6801100,6801100-009,9鄰,中山西路,一段,635巷,,,,32號,121.079831478646,24.9766963125657
桃園市新屋區東明里9鄰中山西路一段635巷36號,68,6801100,6801100-009,9鄰,中山西路,一段,635巷,,,,36號,121.07989427004,24.9766865282021
桃園市新屋區東明里9鄰中山西路一段635巷38號,68,6801100,6801100-009,9鄰,中山西路,一段,635巷,,,,38號,121.079949228189,24.9766639276835
桃園市新屋區東明里9鄰中山西路一段635巷40號,68,6801100,6801100-009,9鄰,中山西路,一段,635巷,,,,40號,121.080008062347,24.9766615486894
桃園市新屋區東明里9鄰中山西路一段635巷50號,68,6801100,6801100-009,9鄰,中山西路,一段,635巷,,,,50號,121.080173324467,24.976580836118
桃園市新屋區東明里9鄰中山西路一段660號,68,6801100,6801100-009,9鄰,中山西路,一段,,,,,660號,121.080713444446,24.9771890587464
桃園市新屋區東明里9鄰中山西路一段699巷13號,68,6801100,6801100-009,9鄰,中山西路,一段,699巷,,,,13號,121.079517283933,24.9768378655515
桃園市新屋區東明里9鄰中山西路一段699巷19號,68,6801100,6801100-009,9鄰,中山西路,一段,699巷,,,,19號,121.079416397653,24.9767549483619
桃園市新屋區東明里9鄰中山西路一段699巷30號,68,6801100,6801100-009,9鄰,中山西路,一段,699巷,,,,30號,121.079091470798,24.9769980757315
桃園市新屋區東明里9鄰中山西路一段699巷53號,68,6801100,6801100-009,9鄰,中山西路,一段,699巷,,,,53號,121.078716466932,24.9765318670755
桃園市新屋區東明里9鄰中山西路一段699巷73號,68,6801100,6801100-009,9鄰,中山西路,一段,699巷,,,,73號,121.078266022264,24.9764294516018
桃園市新屋區東明里9鄰中山西路一段699巷89號,68,6801100,6801100-009,9鄰,中山西路,一段,699巷,,,,89號,121.077957573984,24.9761037782709
桃園市新屋區東明里9鄰中山西路一段699巷92號,68,6801100,6801100-009,9鄰,中山西路,一段,699巷,,,,92號,121.078128859151,24.9766193007401
桃園市新屋區東明里9鄰中山西路一段699巷112號,68,6801100,6801100-009,9鄰,中山西路,一段,699巷,,,,112號,121.077751607149,24.9765083585782
桃園市新屋區東明里8鄰中山西路一段699巷227號,68,6801100,6801100-009,8鄰,中山西路,一段,699巷,,,,227號,121.07839506263,24.9748327099614
桃園市新屋區東明里9鄰中山西路一段754號,68,6801100,6801100-009,9鄰,中山西路,一段,,,,,754號,121.078474287123,24.9776201885949
桃園市新屋區東明里9鄰中山西路一段755巷15號,68,6801100,6801100-009,9鄰,中山西路,一段,755巷,,,,15號,121.078457605357,24.9772429003594
桃園市新屋區東明里9鄰中山西路一段755巷17號,68,6801100,6801100-009,9鄰,中山西路,一段,755巷,,,,17號,121.078494295538,24.9771522358325
桃園市新屋區東明里9鄰中山西路一段755巷19號,68,6801100,6801100-009,9鄰,中山西路,一段,755巷,,,,19號,121.078539896005,24.9770549758592
桃園市新屋區東明里9鄰中山西路一段755巷21號,68,6801100,6801100-009,9鄰,中山西路,一段,755巷,,,,21號,121.07860045998,24.9769687226252
桃園市新屋區東明里9鄰中山西路一段755巷23號,68,6801100,6801100-009,9鄰,中山西路,一段,755巷,,,,23號,121.07864427705,24.9768709218551
桃園市新屋區東明里9鄰中山西路一段756號,68,6801100,6801100-009,9鄰,中山西路,一段,,,,,756號,121.078422289898,24.9776271678681
桃園市新屋區東明里9鄰中山西路一段758號,68,6801100,6801100-009,9鄰,中山西路,一段,,,,,758號,121.07839138727,24.9776290801096
桃園市新屋區東明里9鄰中山西路一段758之1號,68,6801100,6801100-009,9鄰,中山西路,一段,,,,,758之1號,121.078359302324,24.9776409242119
桃園市新屋區東明里9鄰中山西路一段766號,68,6801100,6801100-009,9鄰,中山西路,一段,,,,,766號,121.078278157396,24.9777621280893
桃園市新屋區東明里9鄰中山西路一段770號,68,6801100,6801100-009,9鄰,中山西路,一段,,,,,770號,121.078210334459,24.977804687522
桃園市新屋區東明里9鄰中山西路二段33巷75號,68,6801100,6801100-009,9鄰,中山西路,二段,33巷,,,,75號,121.076640222619,24.976276002015
桃園市新屋區東明里9鄰中山西路二段33巷81弄49號,68,6801100,6801100-009,9鄰,中山西路,二段,33巷,81弄,,,49號,121.076963314365,24.9757850511524
桃園市新屋區東明里9鄰中山西路二段33巷81弄50號,68,6801100,6801100-009,9鄰,中山西路,二段,33巷,81弄,,,50號,121.07631940534,24.9759625199906
桃園市新屋區東明里9鄰中山西路二段33巷81弄52號,68,6801100,6801100-009,9鄰,中山西路,二段,33巷,81弄,,,52號,121.076215331839,24.9760070833534
桃園市新屋區永安里14鄰中山西路843之1號,68,6801100,6801100-016,14鄰,中山西路,,,,,,843之1號,121.025900757986,24.9882986353241
桃園市新屋區永安里2鄰中山西路三段1號,68,6801100,6801100-016,2鄰,中山西路,三段,,,,,1號,121.045987063166,24.9870682693837
桃園市新屋區永安里2鄰中山西路三段3號,68,6801100,6801100-016,2鄰,中山西路,三段,,,,,3號,121.045957446025,24.9870717996074
桃園市新屋區永安里2鄰中山西路三段5號,68,6801100,6801100-016,2鄰,中山西路,三段,,,,,5號,121.045923866582,24.9870754213318
桃園市新屋區永安里2鄰中山西路三段7號,68,6801100,6801100-016,2鄰,中山西路,三段,,,,,7號,121.045882957487,24.987080850988
桃園市新屋區永安里2鄰中山西路三段9號,68,6801100,6801100-016,2鄰,中山西路,三段,,,,,9號,121.045844722529,24.9870851061177
桃園市新屋區永安里2鄰中山西路三段11號,68,6801100,6801100-016,2鄰,中山西路,三段,,,,,11號,121.045809855554,24.9870893602008
桃園市新屋區永安里2鄰中山西路三段13號,68,6801100,6801100-016,2鄰,中山西路,三段,,,,,13號,121.045771026709,24.9870948794698
桃園市新屋區永安里2鄰中山西路三段15號,68,6801100,6801100-016,2鄰,中山西路,三段,,,,,15號,121.045725363032,24.9871009425327
桃園市新屋區永安里2鄰中山西路三段17號,68,6801100,6801100-016,2鄰,中山西路,三段,,,,,17號,121.045695250183,24.9871033894489
桃園市新屋區永安里2鄰中山西路三段19號,68,6801100,6801100-016,2鄰,中山西路,三段,,,,,19號,121.045652954051,24.9871082777639
桃園市新屋區永安里2鄰中山西路三段20號,68,6801100,6801100-016,2鄰,中山西路,三段,,,,,20號,121.045693258021,24.9873416494404
桃園市新屋區永安里2鄰中山西路三段21號,68,6801100,6801100-016,2鄰,中山西路,三段,,,,,21號,121.045608775773,24.9871130763598
桃園市新屋區永安里2鄰中山西路三段24號,68,6801100,6801100-016,2鄰,中山西路,三段,,,,,24號,121.04562283027,24.9873495257523
桃園市新屋區永安里2鄰中山西路三段25號,68,6801100,6801100-016,2鄰,中山西路,三段,,,,,25號,121.045512891499,24.9871246620618
桃園市新屋區永安里2鄰中山西路三段26號,68,6801100,6801100-016,2鄰,中山西路,三段,,,,,26號,121.04558598204,24.9873537803903
桃園市新屋區永安里5鄰中山西路三段27號,68,6801100,6801100-016,5鄰,中山西路,三段,,,,,27號,121.045476637683,24.987128916491
桃園市新屋區永安里2鄰中山西路三段28號,68,6801100,6801100-016,2鄰,中山西路,三段,,,,,28號,121.045545667223,24.9873593000556
桃園市新屋區永安里2鄰中山西路三段29號,68,6801100,6801100-016,2鄰,中山西路,三段,,,,,29號,121.045418294933,24.9871361570251
桃園市新屋區永安里2鄰中山西路三段31號,68,6801100,6801100-016,2鄰,中山西路,三段,,,,,31號,121.045370055506,24.9871416790612
桃園市新屋區永安里2鄰中山西路三段32號,68,6801100,6801100-016,2鄰,中山西路,三段,,,,,32號,121.045466622017,24.98736898461
桃園市新屋區永安里2鄰中山西路三段33號,68,6801100,6801100-016,2鄰,中山西路,三段,,,,,33號,121.045320429223,24.98714711122
桃園市新屋區永安里2鄰中山西路三段34號,68,6801100,6801100-016,2鄰,中山西路,三段,,,,,34號,121.045422344613,24.9873738734647
桃園市新屋區永安里2鄰中山西路三段35號,68,6801100,6801100-016,2鄰,中山西路,三段,,,,,35號,121.045274765306,24.9871526324409
桃園市新屋區永安里2鄰中山西路三段36號,68,6801100,6801100-016,2鄰,中山西路,三段,,,,,36號,121.045384802727,24.9873774962769
桃園市新屋區永安里2鄰中山西路三段37號,68,6801100,6801100-016,2鄰,中山西路,三段,,,,,37號,121.045225832424,24.9871580643572
桃園市新屋區永安里2鄰中山西路三段38號,68,6801100,6801100-016,2鄰,中山西路,三段,,,,,38號,121.045345181271,24.9873829253925
桃園市新屋區永安里2鄰中山西路三段39號,68,6801100,6801100-016,2鄰,中山西路,三段,,,,,39號,121.045191659278,24.9871635820602
桃園市新屋區永安里2鄰中山西路三段40號,68,6801100,6801100-016,2鄰,中山西路,三段,,,,,40號,121.04530496526,24.9873878129747
桃園市新屋區永安里2鄰中山西路三段42號,68,6801100,6801100-016,2鄰,中山西路,三段,,,,,42號,121.045270791591,24.9873920667204
桃園市新屋區永安里2鄰中山西路三段46號,68,6801100,6801100-016,2鄰,中山西路,三段,,,,,46號,121.045192340035,24.9873999452693
桃園市新屋區永安里2鄰中山西路三段46之1號,68,6801100,6801100-016,2鄰,中山西路,三段,,,,,46之1號,121.045150044243,24.9874060974167
桃園市新屋區永安里2鄰中山西路三段50號,68,6801100,6801100-016,2鄰,中山西路,三段,,,,,50號,121.045111214807,24.9874103525382
桃園市新屋區永安里2鄰中山西路三段51號,68,6801100,6801100-016,2鄰,中山西路,三段,,,,,51號,121.044981071189,24.9871915436045
桃園市新屋區永安里2鄰中山西路三段52號,68,6801100,6801100-016,2鄰,中山西路,三段,,,,,52號,121.045060201815,24.9874164170183
桃園市新屋區永安里5鄰中山西路三段53號,68,6801100,6801100-016,5鄰,中山西路,三段,,,,,53號,121.044940161587,24.9871957993101
桃園市新屋區永安里5鄰中山西路三段54號,68,6801100,6801100-016,5鄰,中山西路,三段,,,,,54號,121.045029395893,24.9874200377011
桃園市新屋區永安里5鄰中山西路三段55號,68,6801100,6801100-016,5鄰,中山西路,三段,,,,,55號,121.044899251294,24.9871981590414
桃園市新屋區永安里5鄰中山西路三段57號,68,6801100,6801100-016,5鄰,中山西路,三段,,,,,57號,121.04484566289,24.987204314509
桃園市新屋區永安里5鄰中山西路三段59號,68,6801100,6801100-016,5鄰,中山西路,三段,,,,,59號,121.044801385291,24.9872085711914
桃園市新屋區永安里5鄰中山西路三段61號,68,6801100,6801100-016,5鄰,中山西路,三段,,,,,61號,121.044775234704,24.9872109264446
桃園市新屋區永安里5鄰中山西路三段62號,68,6801100,6801100-016,5鄰,中山西路,三段,,,,,62號,121.044849955053,24.9875673450278
桃園市新屋區永安里5鄰中山西路三段63巷5號,68,6801100,6801100-016,5鄰,中山西路,三段,63巷,,,,5號,121.044728683591,24.986708356681
桃園市新屋區永安里5鄰中山西路三段63巷7號,68,6801100,6801100-016,5鄰,中山西路,三段,63巷,,,,7號,121.044741960668,24.986744827414
桃園市新屋區永安里5鄰中山西路三段63巷9號,68,6801100,6801100-016,5鄰,中山西路,三段,63巷,,,,9號,121.044755237753,24.9867812981456
桃園市新屋區永安里5鄰中山西路三段63巷11號,68,6801100,6801100-016,5鄰,中山西路,三段,63巷,,,,11號,121.044768514842,24.9868177598475
桃園市新屋區永安里5鄰中山西路三段63巷13號,68,6801100,6801100-016,5鄰,中山西路,三段,63巷,,,,13號,121.044781791942,24.9868542305763
桃園市新屋區永安里5鄰中山西路三段63巷15號,68,6801100,6801100-016,5鄰,中山西路,三段,63巷,,,,15號,121.044795069051,24.9868907013039
桃園市新屋區永安里5鄰中山西路三段63巷16弄2號,68,6801100,6801100-016,5鄰,中山西路,三段,63巷,16弄,,,2號,121.044510999045,24.9868061724013
桃園市新屋區永安里5鄰中山西路三段63巷16弄3號,68,6801100,6801100-016,5鄰,中山西路,三段,63巷,16弄,,,3號,121.044406474111,24.986754470912
桃園市新屋區永安里5鄰中山西路三段63巷16弄5號,68,6801100,6801100-016,5鄰,中山西路,三段,63巷,16弄,,,5號,121.044352786591,24.986759994244
桃園市新屋區永安里5鄰中山西路三段63巷16弄6號,68,6801100,6801100-016,5鄰,中山西路,三段,63巷,16弄,,,6號,121.044423153442,24.986859014771
桃園市新屋區永安里5鄰中山西路三段63巷16弄7號,68,6801100,6801100-016,5鄰,中山西路,三段,63巷,16弄,,,7號,121.044299792893,24.9867666910418
桃園市新屋區永安里5鄰中山西路三段63巷16弄8號,68,6801100,6801100-016,5鄰,中山西路,三段,63巷,16弄,,,8號,121.044369565583,24.9868663437587
桃園市新屋區永安里5鄰中山西路三段63巷16弄9號,68,6801100,6801100-016,5鄰,中山西路,三段,63巷,16弄,,,9號,121.044250859893,24.98677149065
桃園市新屋區永安里5鄰中山西路三段63巷16弄10號,68,6801100,6801100-016,5鄰,中山西路,三段,63巷,16弄,,,10號,121.044318552778,24.9868724079847
桃園市新屋區永安里5鄰中山西路三段63巷16弄12號,68,6801100,6801100-016,5鄰,中山西路,三段,63巷,16弄,,,12號,121.044272294762,24.9868784707789
桃園市新屋區永安里5鄰中山西路三段63巷17號,68,6801100,6801100-016,5鄰,中山西路,三段,63巷,,,,17號,121.044808346163,24.9869271630016
桃園市新屋區永安里5鄰中山西路三段63巷19號,68,6801100,6801100-016,5鄰,中山西路,三段,63巷,,,,19號,121.044821623287,24.9869636337264
桃園市新屋區永安里5鄰中山西路三段63巷21號,68,6801100,6801100-016,5鄰,中山西路,三段,63巷,,,,21號,121.044834900419,24.9870001044497
桃園市新屋區永安里5鄰中山西路三段63巷23號,68,6801100,6801100-016,5鄰,中山西路,三段,63巷,,,,23號,121.044848177555,24.9870365661434
桃園市新屋區永安里5鄰中山西路三段63巷25號,68,6801100,6801100-016,5鄰,中山西路,三段,63巷,,,,25號,121.044861454703,24.987073036864
桃園市新屋區永安里5鄰中山西路三段63巷27號,68,6801100,6801100-016,5鄰,中山西路,三段,63巷,,,,27號,121.044919120306,24.987056018999
桃園市新屋區永安里5鄰中山西路三段63巷29號,68,6801100,6801100-016,5鄰,中山西路,三段,63巷,,,,29號,121.044905853049,24.9870195482804
桃園市新屋區永安里5鄰中山西路三段63巷31號,68,6801100,6801100-016,5鄰,中山西路,三段,63巷,,,,31號,121.04489259571,24.9869830865859
桃園市新屋區永安里5鄰中山西路三段63巷33號,68,6801100,6801100-016,5鄰,中山西路,三段,63巷,,,,33號,121.044879328469,24.9869466158646
桃園市新屋區永安里5鄰中山西路三段63巷35號,68,6801100,6801100-016,5鄰,中山西路,三段,63巷,,,,35號,121.044866071141,24.986910145139
桃園市新屋區永安里5鄰中山西路三段63巷37號,68,6801100,6801100-016,5鄰,中山西路,三段,63巷,,,,37號,121.044852803919,24.9868736834434
桃園市新屋區永安里5鄰中山西路三段63巷39號,68,6801100,6801100-016,5鄰,中山西路,三段,63巷,,,,39號,121.044839546607,24.986837212715
桃園市新屋區永安里5鄰中山西路三段63巷41號,68,6801100,6801100-016,5鄰,中山西路,三段,63巷,,,,41號,121.044826279398,24.9868007419882
桃園市新屋區永安里5鄰中山西路三段63巷43號,68,6801100,6801100-016,5鄰,中山西路,三段,63巷,,,,43號,121.044813022105,24.9867642802855
桃園市新屋區永安里5鄰中山西路三段63巷45號,68,6801100,6801100-016,5鄰,中山西路,三段,63巷,,,,45號,121.044799764817,24.9867278095529
桃園市新屋區永安里5鄰中山西路三段65號,68,6801100,6801100-016,5鄰,中山西路,三段,,,,,65號,121.044698167209,24.9872109496117
桃園市新屋區永安里5鄰中山西路三段71號,68,6801100,6801100-016,5鄰,中山西路,三段,,,,,71號,121.044561967271,24.987226158163
桃園市新屋區永安里5鄰中山西路三段72號,68,6801100,6801100-016,5鄰,中山西路,三段,,,,,72號,121.044602866863,24.987468648635
桃園市新屋區永安里5鄰中山西路三段73號,68,6801100,6801100-016,5鄰,中山西路,三段,,,,,73號,121.044470836936,24.9872358458068
桃園市新屋區永安里5鄰中山西路三段74號,68,6801100,6801100-016,5鄰,中山西路,三段,,,,,74號,121.044556618394,24.9874742962082
桃園市新屋區永安里5鄰中山西路三段75號,68,6801100,6801100-016,5鄰,中山西路,三段,,,,,75號,121.044392980686,24.9872462517075
桃園市新屋區永安里5鄰中山西路三段76號,68,6801100,6801100-016,5鄰,中山西路,三段,,,,,76號,121.044510280749,24.9874798896233
桃園市新屋區永安里5鄰中山西路三段78號,68,6801100,6801100-016,5鄰,中山西路,三段,,,,,78號,121.044463943099,24.987485483024
桃園市新屋區永安里5鄰中山西路三段80號,68,6801100,6801100-016,5鄰,中山西路,三段,,,,,80號,121.044417615352,24.9874910764073
桃園市新屋區永安里5鄰中山西路三段82號,68,6801100,6801100-016,5鄰,中山西路,三段,,,,,82號,121.044371277694,24.9874966697792
桃園市新屋區永安里5鄰中山西路三段84號,68,6801100,6801100-016,5鄰,中山西路,三段,,,,,84號,121.044324940028,24.9875022541082
桃園市新屋區永安里5鄰中山西路三段85號,68,6801100,6801100-016,5鄰,中山西路,三段,,,,,85號,121.044249549173,24.9872608301421
桃園市新屋區永安里5鄰中山西路三段86號,68,6801100,6801100-016,5鄰,中山西路,三段,,,,,86號,121.044278602362,24.9875078474511
桃園市新屋區永安里5鄰中山西路三段87號,68,6801100,6801100-016,5鄰,中山西路,三段,,,,,87號,121.044204578769,24.9872668925322
桃園市新屋區永安里5鄰中山西路三段88號,68,6801100,6801100-016,5鄰,中山西路,三段,,,,,88號,121.044232274597,24.9875134407767
桃園市新屋區永安里5鄰中山西路三段89號,68,6801100,6801100-016,5鄰,中山西路,三段,,,,,89號,121.044159706774,24.9872711492002
桃園市新屋區永安里5鄰中山西路三段90號,68,6801100,6801100-016,5鄰,中山西路,三段,,,,,90號,121.044185936922,24.9875190340909
桃園市新屋區永安里5鄰中山西路三段91號,68,6801100,6801100-016,5鄰,中山西路,三段,,,,,91號,121.044079866021,24.9872723465616
桃園市新屋區永安里5鄰中山西路三段92號,68,6801100,6801100-016,5鄰,中山西路,三段,,,,,92號,121.044139599243,24.9875246273906
桃園市新屋區永安里5鄰中山西路三段96之1號,68,6801100,6801100-016,5鄰,中山西路,三段,,,,,96之1號,121.043799891722,24.9888514053123
桃園市新屋區永安里5鄰中山西路三段98號,68,6801100,6801100-016,5鄰,中山西路,三段,,,,,98號,121.043988334641,24.9875471077429
桃園市新屋區永安里5鄰中山西路三段104號,68,6801100,6801100-016,5鄰,中山西路,三段,,,,,104號,121.043830046926,24.9875701768558
桃園市新屋區永安里6鄰中山西路三段188號,68,6801100,6801100-016,6鄰,中山西路,三段,,,,,188號,121.04219811556,24.9877517581684
桃園市新屋區永安里6鄰中山西路三段190號,68,6801100,6801100-016,6鄰,中山西路,三段,,,,,190號,121.042143437748,24.987759718651
桃園市新屋區永安里6鄰中山西路三段196號,68,6801100,6801100-016,6鄰,中山西路,三段,,,,,196號,121.042000813486,24.9878203395089
桃園市新屋區永安里6鄰中山西路三段198號,68,6801100,6801100-016,6鄰,中山西路,三段,,,,,198號,121.041920182057,24.9878279460962
桃園市新屋區永安里6鄰中山西路三段206號,68,6801100,6801100-016,6鄰,中山西路,三段,,,,,206號,121.041611208848,24.9878034755723
桃園市新屋區永安里6鄰中山西路三段220號,68,6801100,6801100-016,6鄰,中山西路,三段,,,,,220號,121.04121875617,24.9878602831157
桃園市新屋區永安里7鄰中山西路三段221巷10號,68,6801100,6801100-016,7鄰,中山西路,三段,221巷,,,,10號,121.040975659853,24.9872459678791
桃園市新屋區永安里7鄰中山西路三段221巷71號,68,6801100,6801100-016,7鄰,中山西路,三段,221巷,,,,71號,121.040771663389,24.986839565476
桃園市新屋區永安里7鄰中山西路三段221巷75號,68,6801100,6801100-016,7鄰,中山西路,三段,221巷,,,,75號,121.040721292316,24.9866892564522
桃園市新屋區永安里7鄰中山西路三段221巷77弄5號,68,6801100,6801100-016,7鄰,中山西路,三段,221巷,77弄,,,5號,121.040812991619,24.9866030101375
桃園市新屋區永安里7鄰中山西路三段221巷79之1號,68,6801100,6801100-016,7鄰,中山西路,三段,221巷,,,,79之1號,121.040544316195,24.9865111744888
桃園市新屋區永安里7鄰中山西路三段221巷81號,68,6801100,6801100-016,7鄰,中山西路,三段,221巷,,,,81號,121.040438988742,24.9864229054168
桃園市新屋區永安里7鄰中山西路三段221巷86之1號,68,6801100,6801100-016,7鄰,中山西路,三段,221巷,,,,86之1號,121.040156584867,24.9864539492888
桃園市新屋區永安里7鄰中山西路三段221巷96號,68,6801100,6801100-016,7鄰,中山西路,三段,221巷,,,,96號,121.040088614172,24.9860960819195
桃園市新屋區永安里6鄰中山西路三段222號,68,6801100,6801100-016,6鄰,中山西路,三段,,,,,222號,121.041153380385,24.9878697810245
桃園市新屋區永安里6鄰中山西路三段224號,68,6801100,6801100-016,6鄰,中山西路,三段,,,,,224號,121.041095830282,24.9878793670277
桃園市新屋區永安里7鄰中山西路三段225號,68,6801100,6801100-016,7鄰,中山西路,三段,,,,,225號,121.041230650919,24.9875862679992
桃園市新屋區永安里7鄰中山西路三段227號,68,6801100,6801100-016,7鄰,中山西路,三段,,,,,227號,121.04117290007,24.9875875479635
桃園市新屋區永安里6鄰中山西路三段228號,68,6801100,6801100-016,6鄰,中山西路,三段,,,,,228號,121.041017504226,24.9879686794718
桃園市新屋區永安里7鄰中山西路三段229號,68,6801100,6801100-016,7鄰,中山西路,三段,,,,,229號,121.041118721672,24.9876078768344
桃園市新屋區永安里6鄰中山西路三段230號,68,6801100,6801100-016,6鄰,中山西路,三段,,,,,230號,121.040957376945,24.9879734810819
桃園市新屋區永安里7鄰中山西路三段231號,68,6801100,6801100-016,7鄰,中山西路,三段,,,,,231號,121.041062357185,24.9876078021133
桃園市新屋區永安里6鄰中山西路三段232號,68,6801100,6801100-016,6鄰,中山西路,三段,,,,,232號,121.04088417544,24.9879830713099
桃園市新屋區永安里7鄰中山西路三段233號,68,6801100,6801100-016,7鄰,中山西路,三段,,,,,233號,121.041016099362,24.9876157598583
桃園市新屋區永安里7鄰中山西路三段235之1號,68,6801100,6801100-016,7鄰,中山西路,三段,,,,,235之1號,121.040975881487,24.9876157709374
桃園市新屋區永安里7鄰中山西路三段237之1號,68,6801100,6801100-016,7鄰,中山西路,三段,,,,,237之1號,121.040941012966,24.9876163222378
桃園市新屋區永安里7鄰中山西路三段239號,68,6801100,6801100-016,7鄰,中山西路,三段,,,,,239號,121.040818573986,24.987609404006
桃園市新屋區永安里7鄰中山西路三段243號,68,6801100,6801100-016,7鄰,中山西路,三段,,,,,243號,121.040724873699,24.9876377788412
桃園市新屋區永安里6鄰中山西路三段246號,68,6801100,6801100-016,6鄰,中山西路,三段,,,,,246號,121.04076776477,24.9879338984882
桃園市新屋區永安里6鄰中山西路三段248號,68,6801100,6801100-016,6鄰,中山西路,三段,,,,,248號,121.040710312863,24.9879410466485
桃園市新屋區永安里6鄰中山西路三段250號,68,6801100,6801100-016,6鄰,中山西路,三段,,,,,250號,121.040665832996,24.987933926377
桃園市新屋區永安里7鄰中山西路三段251號,68,6801100,6801100-016,7鄰,中山西路,三段,,,,,251號,121.0405381445,24.9876277180194
桃園市新屋區永安里6鄰中山西路三段252號,68,6801100,6801100-016,6鄰,中山西路,三段,,,,,252號,121.040614922096,24.9879505525286
桃園市新屋區永安里6鄰中山西路三段254號,68,6801100,6801100-016,6鄰,中山西路,三段,,,,,254號,121.040567870606,24.9879553504121
桃園市新屋區永安里7鄰中山西路三段255號,68,6801100,6801100-016,7鄰,中山西路,三段,,,,,255號,121.040354189066,24.9876179270631
桃園市新屋區永安里6鄰中山西路三段256號,68,6801100,6801100-016,6鄰,中山西路,三段,,,,,256號,121.040523396986,24.9879672800116
桃園市新屋區永安里6鄰中山西路三段258號,68,6801100,6801100-016,6鄰,中山西路,三段,,,,,258號,121.040464749012,24.987952037981
桃園市新屋區永安里6鄰中山西路三段260號,68,6801100,6801100-016,6鄰,中山西路,三段,,,,,260號,121.040425333154,24.9879815715478
桃園市新屋區永安里6鄰中山西路三段262號,68,6801100,6801100-016,6鄰,中山西路,三段,,,,,262號,121.040360047076,24.9879628102046
桃園市新屋區永安里6鄰中山西路三段264號,68,6801100,6801100-016,6鄰,中山西路,三段,,,,,264號,121.040318247234,24.9879723013508
桃園市新屋區永安里6鄰中山西路三段312號,68,6801100,6801100-016,6鄰,中山西路,三段,,,,,312號,121.039088077601,24.9881157296235
桃園市新屋區永安里6鄰中山西路三段316號,68,6801100,6801100-016,6鄰,中山西路,三段,,,,,316號,121.039029931157,24.9881198979469
桃園市新屋區永安里8鄰中山西路三段321巷75號,68,6801100,6801100-016,8鄰,中山西路,三段,321巷,,,,75號,121.038752637179,24.9864530575126
桃園市新屋區永安里8鄰中山西路三段321巷85號,68,6801100,6801100-016,8鄰,中山西路,三段,321巷,,,,85號,121.038822415713,24.9862706656885
桃園市新屋區永安里8鄰中山西路三段321巷89號,68,6801100,6801100-016,8鄰,中山西路,三段,321巷,,,,89號,121.038973940342,24.9861637298514
桃園市新屋區永安里8鄰中山西路三段321巷91號,68,6801100,6801100-016,8鄰,中山西路,三段,321巷,,,,91號,121.038952528721,24.9864299829137
桃園市新屋區永安里8鄰中山西路三段321巷93號,68,6801100,6801100-016,8鄰,中山西路,三段,321巷,,,,93號,121.039081209874,24.9864457488738
桃園市新屋區永安里8鄰中山西路三段321巷95號,68,6801100,6801100-016,8鄰,中山西路,三段,321巷,,,,95號,121.039248922588,24.9864700814119
桃園市新屋區永安里8鄰中山西路三段321巷96號,68,6801100,6801100-016,8鄰,中山西路,三段,321巷,,,,96號,121.0385327198,24.9864245848778
桃園市新屋區永安里8鄰中山西路三段321巷110號,68,6801100,6801100-016,8鄰,中山西路,三段,321巷,,,,110號,121.039473500016,24.9858908502777
桃園市新屋區永安里6鄰中山西路三段336之1號,68,6801100,6801100-016,6鄰,中山西路,三段,,,,,336之1號,121.038450652342,24.9881826155287
桃園市新屋區永安里6鄰中山西路三段336之2號,68,6801100,6801100-016,6鄰,中山西路,三段,,,,,336之2號,121.038404889542,24.9881909334698
桃園市新屋區永安里6鄰中山西路三段336號,68,6801100,6801100-016,6鄰,中山西路,三段,,,,,336號,121.038498594438,24.9881742970098
桃園市新屋區永安里8鄰中山西路三段376號,68,6801100,6801100-016,8鄰,中山西路,三段,,,,,376號,121.036602183326,24.9884394880872
桃園市新屋區永安里8鄰中山西路三段378號,68,6801100,6801100-016,8鄰,中山西路,三段,,,,,378號,121.036551861729,24.9884415769867
桃園市新屋區永安里8鄰中山西路三段380號,68,6801100,6801100-016,8鄰,中山西路,三段,,,,,380號,121.036499262988,24.9884478194895
桃園市新屋區永安里8鄰中山西路三段435號,68,6801100,6801100-016,8鄰,中山西路,三段,,,,,435號,121.036172432842,24.9879968406347
桃園市新屋區永安里8鄰中山西路三段437號,68,6801100,6801100-016,8鄰,中山西路,三段,,,,,437號,121.035984661671,24.9881511814452
桃園市新屋區永安里8鄰中山西路三段451巷12號,68,6801100,6801100-016,8鄰,中山西路,三段,451巷,,,,12號,121.035394867861,24.9878225087032
桃園市新屋區永安里8鄰中山西路三段451巷66號,68,6801100,6801100-016,8鄰,中山西路,三段,451巷,,,,66號,121.035085399536,24.9870960668922
桃園市新屋區永安里8鄰中山西路三段459號,68,6801100,6801100-016,8鄰,中山西路,三段,,,,,459號,121.035486695323,24.9881668298641
桃園市新屋區永安里8鄰中山西路三段463號,68,6801100,6801100-016,8鄰,中山西路,三段,,,,,463號,121.035256293,24.9882001994084
桃園市新屋區永安里8鄰中山西路三段467號,68,6801100,6801100-016,8鄰,中山西路,三段,,,,,467號,121.03512831395,24.9882197310082
桃園市新屋區永安里8鄰中山西路三段499號,68,6801100,6801100-016,8鄰,中山西路,三段,,,,,499號,121.03450675164,24.9883444682939
桃園市新屋區永安里8鄰中山西路三段501號,68,6801100,6801100-016,8鄰,中山西路,三段,,,,,501號,121.034415520297,24.9883529761123
桃園市新屋區永安里8鄰中山西路三段503號,68,6801100,6801100-016,8鄰,中山西路,三段,,,,,503號,121.034369953975,24.9883565980014
桃園市新屋區永安里8鄰中山西路三段505巷18號,68,6801100,6801100-016,8鄰,中山西路,三段,505巷,,,,18號,121.033891318374,24.9880663545606
桃園市新屋區永安里9鄰中山西路三段516號,68,6801100,6801100-016,9鄰,中山西路,三段,,,,,516號,121.034300802363,24.9886842544325
桃園市新屋區永安里9鄰中山西路三段516之1號,68,6801100,6801100-016,9鄰,中山西路,三段,,,,,516之1號,121.034258208856,24.988692028664
桃園市新屋區永安里9鄰中山西路三段518號,68,6801100,6801100-016,9鄰,中山西路,三段,,,,,518號,121.034206996428,24.98869718663
桃園市新屋區永安里9鄰中山西路三段518之1號,68,6801100,6801100-016,9鄰,中山西路,三段,,,,,518之1號,121.03415855839,24.9887049621763
桃園市新屋區永安里9鄰中山西路三段520號,68,6801100,6801100-016,9鄰,中山西路,三段,,,,,520號,121.034101005858,24.9887091284376
桃園市新屋區永安里9鄰中山西路三段532號,68,6801100,6801100-016,9鄰,中山西路,三段,,,,,532號,121.03366078275,24.9887024573677
桃園市新屋區永安里9鄰中山西路三段532之2號,68,6801100,6801100-016,9鄰,中山西路,三段,,,,,532之2號,121.033571631167,24.9887103322105
桃園市新屋區永安里9鄰中山西路三段532之1號,68,6801100,6801100-016,9鄰,中山西路,三段,,,,,532之1號,121.033775760367,24.9889526984325
桃園市新屋區永安里9鄰中山西路三段548號,68,6801100,6801100-016,9鄰,中山西路,三段,,,,,548號,121.033414032615,24.9887304107182
桃園市新屋區永安里9鄰中山西路三段548號一樓,68,6801100,6801100-016,9鄰,中山西路,三段,,,,,548號一樓,121.033414032615,24.9887304107182
桃園市新屋區永安里9鄰中山西路三段550號,68,6801100,6801100-016,9鄰,中山西路,三段,,,,,550號,121.033351033418,24.9887407172212
桃園市新屋區永安里9鄰中山西路三段552號,68,6801100,6801100-016,9鄰,中山西路,三段,,,,,552號,121.033304773187,24.9887431652482
桃園市新屋區永安里8鄰中山西路三段553巷17號,68,6801100,6801100-016,8鄰,中山西路,三段,553巷,,,,17號,121.03345259242,24.9880928167454
桃園市新屋區永安里12鄰中山西路三段553巷82號,68,6801100,6801100-016,12鄰,中山西路,三段,553巷,,,,82號,121.032219788817,24.9876673998667
桃園市新屋區永安里9鄰中山西路三段554號,68,6801100,6801100-016,9鄰,中山西路,三段,,,,,554號,121.033247121087,24.9887456158064
桃園市新屋區永安里9鄰中山西路三段556號,68,6801100,6801100-016,9鄰,中山西路,三段,,,,,556號,121.033180058626,24.9887492421321
桃園市新屋區永安里9鄰中山西路三段558號,68,6801100,6801100-016,9鄰,中山西路,三段,,,,,558號,121.033123764793,24.9887559988843
桃園市新屋區永安里9鄰中山西路三段560號,68,6801100,6801100-016,9鄰,中山西路,三段,,,,,560號,121.033076157876,24.9887604514438
桃園市新屋區永安里9鄰中山西路三段562號,68,6801100,6801100-016,9鄰,中山西路,三段,,,,,562號,121.033028550957,24.9887649130164
桃園市新屋區永安里9鄰中山西路三段564號,68,6801100,6801100-016,9鄰,中山西路,三段,,,,,564號,121.032980944034,24.9887693655455
桃園市新屋區永安里9鄰中山西路三段568巷10號,68,6801100,6801100-016,9鄰,中山西路,三段,568巷,,,,10號,121.033211109654,24.9889179759134
桃園市新屋區永安里9鄰中山西路三段568巷11號,68,6801100,6801100-016,9鄰,中山西路,三段,568巷,,,,11號,121.033224337297,24.9891139794175
桃園市新屋區永安里9鄰中山西路三段570之1號,68,6801100,6801100-016,9鄰,中山西路,三段,,,,,570之1號,121.032881204735,24.9887842483556
桃園市新屋區永安里9鄰中山西路三段570號,68,6801100,6801100-016,9鄰,中山西路,三段,,,,,570號,121.032833361033,24.9887923844751
桃園市新屋區永安里9鄰中山西路三段572號,68,6801100,6801100-016,9鄰,中山西路,三段,,,,,572號,121.032780365523,24.9887979034794
桃園市新屋區永安里12鄰中山西路三段573號,68,6801100,6801100-016,12鄰,中山西路,三段,,,,,573號,121.032696200765,24.988559662638
桃園市新屋區永安里9鄰中山西路三段574號,68,6801100,6801100-016,9鄰,中山西路,三段,,,,,574號,121.032730144303,24.9888057692375
桃園市新屋區永安里12鄰中山西路三段575號,68,6801100,6801100-016,12鄰,中山西路,三段,,,,,575號,121.032655982889,24.9885608451603
桃園市新屋區永安里9鄰中山西路三段576號,68,6801100,6801100-016,9鄰,中山西路,三段,,,,,576號,121.032679825879,24.9888206771483
桃園市新屋區永安里12鄰中山西路三段577號,68,6801100,6801100-016,12鄰,中山西路,三段,,,,,577號,121.032610417081,24.9885669041774
桃園市新屋區永安里9鄰中山西路三段578號,68,6801100,6801100-016,9鄰,中山西路,三段,,,,,578號,121.032626036728,24.9888218626422
桃園市新屋區永安里12鄰中山西路三段579號,68,6801100,6801100-016,12鄰,中山西路,三段,,,,,579號,121.032560789826,24.9885729640692
桃園市新屋區永安里9鄰中山西路三段580號,68,6801100,6801100-016,9鄰,中山西路,三段,,,,,580號,121.032580568859,24.9888240394186
桃園市新屋區永安里12鄰中山西路三段581號,68,6801100,6801100-016,12鄰,中山西路,三段,,,,,581號,121.032511459437,24.9885778501882
桃園市新屋區永安里9鄰中山西路三段582號,68,6801100,6801100-016,9鄰,中山西路,三段,,,,,582號,121.032523620354,24.9888277174042
桃園市新屋區永安里12鄰中山西路三段583號,68,6801100,6801100-016,12鄰,中山西路,三段,,,,,583號,121.03245757261,24.9885839109762
桃園市新屋區永安里9鄰中山西路三段584號,68,6801100,6801100-016,9鄰,中山西路,三段,,,,,584號,121.032475567725,24.9888325761468
桃園市新屋區永安里12鄰中山西路三段585號,68,6801100,6801100-016,12鄰,中山西路,三段,,,,,585號,121.032403883921,24.9885900619854
桃園市新屋區永安里9鄰中山西路三段586號,68,6801100,6801100-016,9鄰,中山西路,三段,,,,,586號,121.032427515095,24.9888374439022
桃園市新屋區永安里9鄰中山西路三段588號,68,6801100,6801100-016,9鄰,中山西路,三段,,,,,588號,121.032379452552,24.9888423026159
桃園市新屋區永安里12鄰中山西路三段591號,68,6801100,6801100-016,12鄰,中山西路,三段,,,,,591號,121.032261737194,24.9886046285864
桃園市新屋區永安里12鄰中山西路三段593號,68,6801100,6801100-016,12鄰,中山西路,三段,,,,,593號,121.032220133735,24.9886106866249
桃園市新屋區永安里12鄰中山西路三段595號,68,6801100,6801100-016,12鄰,中山西路,三段,,,,,595號,121.032174567582,24.9886155718172
桃園市新屋區永安里12鄰中山西路三段597號,68,6801100,6801100-016,12鄰,中山西路,三段,,,,,597號,121.032129298604,24.9886204569313
桃園市新屋區永安里12鄰中山西路三段599號,68,6801100,6801100-016,12鄰,中山西路,三段,,,,,599號,121.032082048102,24.9886240784835
桃園市新屋區永安里12鄰中山西路三段601號,68,6801100,6801100-016,12鄰,中山西路,三段,,,,,601號,121.032043118934,24.9886289622046
桃園市新屋區永安里12鄰中山西路三段603巷1號,68,6801100,6801100-016,12鄰,中山西路,三段,603巷,,,,1號,121.03205192327,24.9882007434932
桃園市新屋區永安里12鄰中山西路三段603巷36號,68,6801100,6801100-016,12鄰,中山西路,三段,603巷,,,,36號,121.031738682709,24.9877561621061
桃園市新屋區永安里12鄰中山西路三段603巷36之1號,68,6801100,6801100-016,12鄰,中山西路,三段,603巷,,,,36之1號,121.031282723666,24.9877926430892
桃園市新屋區永安里9鄰中山西路三段606號,68,6801100,6801100-016,9鄰,中山西路,三段,,,,,606號,121.031790803071,24.9889714633576
桃園市新屋區永安里12鄰中山西路三段617號,68,6801100,6801100-016,12鄰,中山西路,三段,,,,,617號,121.031534053647,24.988637467355
桃園市新屋區永安里9鄰中山西路三段618號,68,6801100,6801100-016,9鄰,中山西路,三段,,,,,618號,121.031316803175,24.9889784254432
桃園市新屋區永安里12鄰中山西路三段619號,68,6801100,6801100-016,12鄰,中山西路,三段,,,,,619號,121.031491062363,24.9886398238416
桃園市新屋區永安里12鄰中山西路三段621號,68,6801100,6801100-016,12鄰,中山西路,三段,,,,,621號,121.031448170712,24.9886444373936
桃園市新屋區永安里12鄰中山西路三段629號,68,6801100,6801100-016,12鄰,中山西路,三段,,,,,629號,121.031139219976,24.9887091456742
桃園市新屋區永安里12鄰中山西路三段641之1號,68,6801100,6801100-016,12鄰,中山西路,三段,,,,,641之1號,121.031053438545,24.9887261369828
桃園市新屋區永安里12鄰中山西路三段643號,68,6801100,6801100-016,12鄰,中山西路,三段,,,,,643號,121.030991726793,24.9887359005147
桃園市新屋區永安里12鄰中山西路三段645號,68,6801100,6801100-016,12鄰,中山西路,三段,,,,,645號,121.030939422043,24.9887310360648
桃園市新屋區永安里12鄰中山西路三段647號,68,6801100,6801100-016,12鄰,中山西路,三段,,,,,647號,121.030852243729,24.9887079414716
桃園市新屋區永安里12鄰中山西路三段649號,68,6801100,6801100-016,12鄰,中山西路,三段,,,,,649號,121.030814660113,24.9885475146678
桃園市新屋區永安里9鄰中山西路三段650號,68,6801100,6801100-016,9鄰,中山西路,三段,,,,,650號,121.030656707394,24.989137643215
桃園市新屋區永安里9鄰中山西路三段652之2號,68,6801100,6801100-016,9鄰,中山西路,三段,,,,,652之2號,121.030511873665,24.9891054416112
桃園市新屋區永安里9鄰中山西路三段652號,68,6801100,6801100-016,9鄰,中山西路,三段,,,,,652號,121.030559510861,24.9890622761075
桃園市新屋區永安里9鄰中山西路三段656號,68,6801100,6801100-016,9鄰,中山西路,三段,,,,,656號,121.030445491472,24.9890567921573
桃園市新屋區永安里9鄰中山西路三段658號,68,6801100,6801100-016,9鄰,中山西路,三段,,,,,658號,121.030387147834,24.9890677284405
桃園市新屋區永安里9鄰中山西路三段660號,68,6801100,6801100-016,9鄰,中山西路,三段,,,,,660號,121.030329496121,24.989072615535
桃園市新屋區永安里9鄰中山西路三段662號,68,6801100,6801100-016,9鄰,中山西路,三段,,,,,662號,121.030273231686,24.9890793080041
桃園市新屋區永安里9鄰中山西路三段664號,68,6801100,6801100-016,9鄰,中山西路,三段,,,,,664號,121.030234301838,24.9890822952889
桃園市新屋區永安里9鄰中山西路三段666號,68,6801100,6801100-016,9鄰,中山西路,三段,,,,,666號,121.030181999507,24.9890878132271
桃園市新屋區永安里9鄰中山西路三段668號,68,6801100,6801100-016,9鄰,中山西路,三段,,,,,668號,121.030133758762,24.9890938720281
桃園市新屋區永安里12鄰中山西路三段669號,68,6801100,6801100-016,12鄰,中山西路,三段,,,,,669號,121.030373712066,24.9888126790159
桃園市新屋區永安里9鄰中山西路三段670號,68,6801100,6801100-016,9鄰,中山西路,三段,,,,,670號,121.030065112816,24.9891047199869
桃園市新屋區永安里9鄰中山西路三段672號,68,6801100,6801100-016,9鄰,中山西路,三段,,,,,672號,121.030026480179,24.9891078877253
桃園市新屋區永安里9鄰中山西路三段674號,68,6801100,6801100-016,9鄰,中山西路,三段,,,,,674號,121.029972097983,24.9891151214043
桃園市新屋區永安里12鄰中山西路三段675號,68,6801100,6801100-016,12鄰,中山西路,三段,,,,,675號,121.029850391823,24.9888647884662
桃園市新屋區永安里9鄰中山西路三段676號,68,6801100,6801100-016,9鄰,中山西路,三段,,,,,676號,121.029921876039,24.9891212708197
桃園市新屋區永安里12鄰中山西路三段677號,68,6801100,6801100-016,12鄰,中山西路,三段,,,,,677號,121.029803438927,24.9888708469019
桃園市新屋區永安里9鄰中山西路三段678號,68,6801100,6801100-016,9鄰,中山西路,三段,,,,,678號,121.029868879952,24.9891255248119
桃園市新屋區永安里12鄰中山西路三段679號,68,6801100,6801100-016,12鄰,中山西路,三段,,,,,679號,121.02975787256,24.9888756410703
桃園市新屋區永安里12鄰中山西路三段681號,68,6801100,6801100-016,12鄰,中山西路,三段,,,,,681號,121.02971894322,24.9888805241833
桃園市新屋區永安里9鄰中山西路三段684號,68,6801100,6801100-016,9鄰,中山西路,三段,,,,,684號,121.029674432096,24.9891546351457
桃園市新屋區永安里13鄰中山西路三段695號,68,6801100,6801100-016,13鄰,中山西路,三段,,,,,695號,121.029326100677,24.9889182776119
桃園市新屋區永安里9鄰中山西路三段696號,68,6801100,6801100-016,9鄰,中山西路,三段,,,,,696號,121.029378644833,24.9891801539084
桃園市新屋區永安里13鄰中山西路三段697號,68,6801100,6801100-016,13鄰,中山西路,三段,,,,,697號,121.029283178995,24.9889223217569
桃園市新屋區永安里9鄰中山西路三段698號,68,6801100,6801100-016,9鄰,中山西路,三段,,,,,698號,121.029318119044,24.9891798047094
桃園市新屋區永安里13鄰中山西路三段699號,68,6801100,6801100-016,13鄰,中山西路,三段,,,,,699號,121.029240267218,24.9889263749159
桃園市新屋區永安里9鄰中山西路三段700號,68,6801100,6801100-016,9鄰,中山西路,三段,,,,,700號,121.029269087686,24.9891940792254
桃園市新屋區永安里13鄰中山西路三段701號,68,6801100,6801100-016,13鄰,中山西路,三段,,,,,701號,121.029197345532,24.9889304280645
桃園市新屋區永安里9鄰中山西路三段702號,68,6801100,6801100-016,9鄰,中山西路,三段,,,,,702號,121.029227188003,24.9892056438062
桃園市新屋區永安里13鄰中山西路三段703號,68,6801100,6801100-016,13鄰,中山西路,三段,,,,,703號,121.029154433749,24.9889344811988
桃園市新屋區永安里9鄰中山西路三段704號,68,6801100,6801100-016,9鄰,中山西路,三段,,,,,704號,121.02918073012,24.9892111602444
桃園市新屋區永安里13鄰中山西路三段705號,68,6801100,6801100-016,13鄰,中山西路,三段,,,,,705號,121.029111521964,24.9889385343208
桃園市新屋區永安里13鄰中山西路三段707號,68,6801100,6801100-016,13鄰,中山西路,三段,,,,,707號,121.02906860027,24.9889425874322
桃園市新屋區永安里9鄰中山西路三段710號,68,6801100,6801100-016,9鄰,中山西路,三段,,,,,710號,121.028954470915,24.9891858346497
桃園市新屋區永安里13鄰中山西路三段713號,68,6801100,6801100-016,13鄰,中山西路,三段,,,,,713號,121.028911922914,24.9889668140541
桃園市新屋區永安里13鄰中山西路三段715號,68,6801100,6801100-016,13鄰,中山西路,三段,,,,,715號,121.028861006988,24.9889705255796
桃園市新屋區永安里13鄰中山西路三段717號,68,6801100,6801100-016,13鄰,中山西路,三段,,,,,717號,121.028801965855,24.9889643977096
桃園市新屋區永安里13鄰中山西路三段719號,68,6801100,6801100-016,13鄰,中山西路,三段,,,,,719號,121.02874966563,24.9889790338233
桃園市新屋區永安里10鄰中山西路三段720號,68,6801100,6801100-016,10鄰,中山西路,三段,,,,,720號,121.028723880455,24.9892779689666
桃園市新屋區永安里13鄰中山西路三段721號,68,6801100,6801100-016,13鄰,中山西路,三段,,,,,721號,121.028704098343,24.988980216311
桃園市新屋區永安里10鄰中山西路三段722號,68,6801100,6801100-016,10鄰,中山西路,三段,,,,,722號,121.028698023618,24.9892687649924
桃園市新屋區永安里13鄰中山西路三段723號,68,6801100,6801100-016,13鄰,中山西路,三段,,,,,723號,121.028666553799,24.98897661219
桃園市新屋區永安里10鄰中山西路三段724號,68,6801100,6801100-016,10鄰,中山西路,三段,,,,,724號,121.028619660731,24.9892415143309
桃園市新屋區永安里13鄰中山西路三段725號,68,6801100,6801100-016,13鄰,中山西路,三段,,,,,725號,121.028620886888,24.9889753570047
桃園市新屋區永安里10鄰中山西路三段726號,68,6801100,6801100-016,10鄰,中山西路,三段,,,,,726號,121.028583205166,24.9892352917451
桃園市新屋區永安里13鄰中山西路三段727號,68,6801100,6801100-016,13鄰,中山西路,三段,,,,,727號,121.028575318766,24.988972928095
桃園市新屋區永安里10鄰中山西路三段728號,68,6801100,6801100-016,10鄰,中山西路,三段,,,,,728號,121.028534760851,24.9892183276595
桃園市新屋區永安里13鄰中山西路三段729號,68,6801100,6801100-016,13鄰,中山西路,三段,,,,,729號,121.028529750084,24.9889680615046
桃園市新屋區永安里10鄰中山西路三段730號,68,6801100,6801100-016,10鄰,中山西路,三段,,,,,730號,121.028417175491,24.9892139262465
桃園市新屋區永安里13鄰中山西路三段731號,68,6801100,6801100-016,13鄰,中山西路,三段,,,,,731號,121.028481407458,24.9889620217399
桃園市新屋區永安里13鄰中山西路三段733號,68,6801100,6801100-016,13鄰,中山西路,三段,,,,,733號,121.02842920121,24.9889547187223
桃園市新屋區永安里13鄰中山西路三段735號,68,6801100,6801100-016,13鄰,中山西路,三段,,,,,735號,121.028380858863,24.9889498526162
桃園市新屋區永安里11鄰中山西路三段736號,68,6801100,6801100-016,11鄰,中山西路,三段,,,,,736號,121.028312462059,24.9891837913661
桃園市新屋區永安里13鄰中山西路三段737號,68,6801100,6801100-016,13鄰,中山西路,三段,,,,,737號,121.028325878659,24.9889412861159
桃園市新屋區永安里11鄰中山西路三段738號,68,6801100,6801100-016,11鄰,中山西路,三段,,,,,738號,121.028254806742,24.9891735099538
桃園市新屋區永安里11鄰中山西路三段742號,68,6801100,6801100-016,11鄰,中山西路,三段,,,,,742號,121.028184470615,24.989158265304
桃園市新屋區永安里11鄰中山西路三段744號,68,6801100,6801100-016,11鄰,中山西路,三段,,,,,744號,121.028137513806,24.9891479818195
桃園市新屋區永安里11鄰中山西路三段746號,68,6801100,6801100-016,11鄰,中山西路,三段,,,,,746號,121.028098581134,24.9891388704967
桃園市新屋區永安里11鄰中山西路三段748號,68,6801100,6801100-016,11鄰,中山西路,三段,,,,,748號,121.028057667391,24.9891303012409
桃園市新屋區永安里11鄰中山西路三段750號,68,6801100,6801100-016,11鄰,中山西路,三段,,,,,750號,121.028017446828,24.989120648436
桃園市新屋區永安里11鄰中山西路三段752號,68,6801100,6801100-016,11鄰,中山西路,三段,,,,,752號,121.027974551896,24.9891120795303
桃園市新屋區永安里11鄰中山西路三段754號,68,6801100,6801100-016,11鄰,中山西路,三段,,,,,754號,121.027930269742,24.9891017954775
桃園市新屋區永安里11鄰中山西路三段756號,68,6801100,6801100-016,11鄰,中山西路,三段,,,,,756號,121.027890049035,24.9890914203665
桃園市新屋區永安里11鄰中山西路三段758號,68,6801100,6801100-016,11鄰,中山西路,三段,,,,,758號,121.027841804354,24.9890805050423
桃園市新屋區永安里14鄰中山西路三段759號,68,6801100,6801100-016,14鄰,中山西路,三段,,,,,759號,121.027892368191,24.9888331175391
桃園市新屋區永安里11鄰中山西路三段760號,68,6801100,6801100-016,11鄰,中山西路,三段,,,,,760號,121.02779484746,24.9890695894619
桃園市新屋區永安里11鄰中山西路三段762號,68,6801100,6801100-016,11鄰,中山西路,三段,,,,,762號,121.02775125902,24.9890604789176
桃園市新屋區永安里13鄰中山西路三段763號,68,6801100,6801100-016,13鄰,中山西路,三段,,,,,763號,121.027806181174,24.9888109238151
桃園市新屋區永安里11鄰中山西路三段764號,68,6801100,6801100-016,11鄰,中山西路,三段,,,,,764號,121.027703608439,24.9890482994624
桃園市新屋區永安里14鄰中山西路三段765號,68,6801100,6801100-016,14鄰,中山西路,三段,,,,,765號,121.027750209744,24.9887991070647
桃園市新屋區永安里11鄰中山西路三段766號,68,6801100,6801100-016,11鄰,中山西路,三段,,,,,766號,121.027651995873,24.9890379264072
桃園市新屋區永安里13鄰中山西路三段767號,68,6801100,6801100-016,13鄰,中山西路,三段,,,,,767號,121.027707710655,24.988788190625
桃園市新屋區永安里11鄰中山西路三段768號,68,6801100,6801100-016,11鄰,中山西路,三段,,,,,768號,121.027594339853,24.9890239430968
桃園市新屋區永安里11鄰中山西路三段770號,68,6801100,6801100-016,11鄰,中山西路,三段,,,,,770號,121.027546689442,24.9890123955789
桃園市新屋區永安里14鄰中山西路三段771之1號,68,6801100,6801100-016,14鄰,中山西路,三段,,,,,771之1號,121.027586631945,24.9886641629623
桃園市新屋區永安里14鄰中山西路三段771號,68,6801100,6801100-016,14鄰,中山西路,三段,,,,,771號,121.027625482359,24.9887492935271
桃園市新屋區永安里11鄰中山西路三段774號,68,6801100,6801100-016,11鄰,中山西路,三段,,,,,774號,121.027493788604,24.9889996753245
桃園市新屋區永安里11鄰中山西路三段776號,68,6801100,6801100-016,11鄰,中山西路,三段,,,,,776號,121.027448119551,24.9889887593966
桃園市新屋區永安里11鄰中山西路三段778號,68,6801100,6801100-016,11鄰,中山西路,三段,,,,,778號,121.027393138194,24.9889747755147
桃園市新屋區永安里11鄰中山西路三段780號,68,6801100,6801100-016,11鄰,中山西路,三段,,,,,780號,121.027349549676,24.9889650328649
桃園市新屋區永安里11鄰中山西路三段782號,68,6801100,6801100-016,11鄰,中山西路,三段,,,,,782號,121.027307347745,24.9889541162565
桃園市新屋區永安里11鄰中山西路三段784號,68,6801100,6801100-016,11鄰,中山西路,三段,,,,,784號,121.027269802432,24.988946810141
桃園市新屋區永安里11鄰中山西路三段786號,68,6801100,6801100-016,11鄰,中山西路,三段,,,,,786號,121.027220864304,24.9889352627546
桃園市新屋區永安里11鄰中山西路三段788號,68,6801100,6801100-016,11鄰,中山西路,三段,,,,,788號,121.027184606383,24.988926150703
桃園市新屋區永安里11鄰中山西路三段790號,68,6801100,6801100-016,11鄰,中山西路,三段,,,,,790號,121.027122294377,24.9889109040845
桃園市新屋區永安里11鄰中山西路三段792號,68,6801100,6801100-016,11鄰,中山西路,三段,,,,,792號,121.027075337216,24.9888981825977
桃園市新屋區永安里11鄰中山西路三段794號,68,6801100,6801100-016,11鄰,中山西路,三段,,,,,794號,121.027025012286,24.9888866353991
桃園市新屋區永安里11鄰中山西路三段798號,68,6801100,6801100-016,11鄰,中山西路,三段,,,,,798號,121.026939915517,24.9888666077905
桃園市新屋區永安里11鄰中山西路三段800號,68,6801100,6801100-016,11鄰,中山西路,三段,,,,,800號,121.026893652321,24.9888562335034
桃園市新屋區永安里11鄰中山西路三段802號,68,6801100,6801100-016,11鄰,中山西路,三段,,,,,802號,121.026837284111,24.9888416176788
桃園市新屋區永安里11鄰中山西路三段804號,68,6801100,6801100-016,11鄰,中山西路,三段,,,,,804號,121.026784284358,24.9888288971896
桃園市新屋區永安里11鄰中山西路三段806號,68,6801100,6801100-016,11鄰,中山西路,三段,,,,,806號,121.026734058407,24.9888167178869
桃園市新屋區永安里11鄰中山西路三段808號,68,6801100,6801100-016,11鄰,中山西路,三段,,,,,808號,121.026685120516,24.9888058023117
桃園市新屋區永安里11鄰中山西路三段810之1號,68,6801100,6801100-016,11鄰,中山西路,三段,,,,,810之1號,121.026546435979,24.9888018546218
桃園市新屋區永安里11鄰中山西路三段810號,68,6801100,6801100-016,11鄰,中山西路,三段,,,,,810號,121.026639451606,24.9887948861353
桃園市新屋區永安里14鄰中山西路三段829號,68,6801100,6801100-016,14鄰,中山西路,三段,,,,,829號,121.02623361557,24.988383895364
桃園市新屋區永安里14鄰中山西路三段831號,68,6801100,6801100-016,14鄰,中山西路,三段,,,,,831號,121.026202607804,24.9883736987392
桃園市新屋區永安里16鄰中山西路三段832號,68,6801100,6801100-016,16鄰,中山西路,三段,,,,,832號,121.02609895863,24.9886865508752
桃園市新屋區永安里14鄰中山西路三段833號,68,6801100,6801100-016,14鄰,中山西路,三段,,,,,833號,121.026154363283,24.9883615188911
桃園市新屋區永安里14鄰中山西路三段835號,68,6801100,6801100-016,14鄰,中山西路,三段,,,,,835號,121.026085113586,24.9883275842757
桃園市新屋區永安里16鄰中山西路三段836號,68,6801100,6801100-016,16鄰,中山西路,三段,,,,,836號,121.026021687215,24.9886634517136
桃園市新屋區永安里16鄰中山西路三段838號,68,6801100,6801100-016,16鄰,中山西路,三段,,,,,838號,121.025950556844,24.9886371012185
桃園市新屋區永安里16鄰中山西路三段840號,68,6801100,6801100-016,16鄰,中山西路,三段,,,,,840號,121.025896565577,24.9886191441159
桃園市新屋區永安里14鄰中山西路三段843號,68,6801100,6801100-016,14鄰,中山西路,三段,,,,,843號,121.025949401405,24.9883237257917
桃園市新屋區永安里16鄰中山西路三段848號,68,6801100,6801100-016,16鄰,中山西路,三段,,,,,848號,121.025719634322,24.9885674420913
桃園市新屋區永安里16鄰中山西路三段852巷10號,68,6801100,6801100-016,16鄰,中山西路,三段,852巷,,,,10號,121.02519700126,24.9890795318208
桃園市新屋區永安里16鄰中山西路三段852巷16號,68,6801100,6801100-016,16鄰,中山西路,三段,852巷,,,,16號,121.024976900039,24.989129495952
桃園市新屋區永安里16鄰中山西路三段852巷18號,68,6801100,6801100-016,16鄰,中山西路,三段,852巷,,,,18號,121.024944353869,24.989350426242
桃園市新屋區永安里16鄰中山西路三段852巷20號,68,6801100,6801100-016,16鄰,中山西路,三段,852巷,,,,20號,121.024876302211,24.9893638899422
桃園市新屋區永安里16鄰中山西路三段852巷22號,68,6801100,6801100-016,16鄰,中山西路,三段,852巷,,,,22號,121.024763923659,24.989142983855
桃園市新屋區永安里16鄰中山西路三段852巷25號,68,6801100,6801100-016,16鄰,中山西路,三段,852巷,,,,25號,121.025000416071,24.9888315549508
桃園市新屋區永安里16鄰中山西路三段852巷27號,68,6801100,6801100-016,16鄰,中山西路,三段,852巷,,,,27號,121.024938279478,24.988702188465
桃園市新屋區永安里15鄰中山西路三段852巷195之1號,68,6801100,6801100-016,15鄰,中山西路,三段,852巷,,,,195之1號,121.021789675676,24.9893132731952
桃園市新屋區永安里14鄰中山西路三段855號,68,6801100,6801100-016,14鄰,中山西路,三段,,,,,855號,121.025392461054,24.98818523598
桃園市新屋區永安里16鄰中山西路三段856之1號,68,6801100,6801100-016,16鄰,中山西路,三段,,,,,856之1號,121.025403082082,24.9887728021867
桃園市新屋區永安里16鄰中山西路三段856號,68,6801100,6801100-016,16鄰,中山西路,三段,,,,,856號,121.025556174586,24.9885122164685
桃園市新屋區永安里16鄰中山西路三段860之1號,68,6801100,6801100-016,16鄰,中山西路,三段,,,,,860之1號,121.025395888608,24.9884750469163
桃園市新屋區永安里16鄰中山西路三段860號,68,6801100,6801100-016,16鄰,中山西路,三段,,,,,860號,121.025453638945,24.9884684463206
桃園市新屋區永安里16鄰中山西路三段864號,68,6801100,6801100-016,16鄰,中山西路,三段,,,,,864號,121.025297221751,24.988457548633
桃園市新屋區永安里16鄰中山西路三段868號,68,6801100,6801100-016,16鄰,中山西路,三段,,,,,868號,121.025250265356,24.9884468128163
桃園市新屋區永安里16鄰中山西路三段870號,68,6801100,6801100-016,16鄰,中山西路,三段,,,,,870號,121.025177355587,24.9884370745016
桃園市新屋區永安里14鄰中山西路三段871之1號,68,6801100,6801100-016,14鄰,中山西路,三段,,,,,871之1號,121.025027105852,24.9880638659381
桃園市新屋區永安里16鄰中山西路三段872號,68,6801100,6801100-016,16鄰,中山西路,三段,,,,,872號,121.025125343634,24.988408914696
桃園市新屋區永安里16鄰中山西路三段874號,68,6801100,6801100-016,16鄰,中山西路,三段,,,,,874號,121.025082147556,24.9883785865714
桃園市新屋區永安里16鄰中山西路三段876號,68,6801100,6801100-016,16鄰,中山西路,三段,,,,,876號,121.025036873994,24.9883618013781
桃園市新屋區永安里16鄰中山西路三段882號,68,6801100,6801100-016,16鄰,中山西路,三段,,,,,882號,121.02491909167,24.9883584806406
桃園市新屋區永安里16鄰中山西路三段884號,68,6801100,6801100-016,16鄰,中山西路,三段,,,,,884號,121.024838851202,24.988346847424
桃園市新屋區永安里16鄰中山西路三段886號,68,6801100,6801100-016,16鄰,中山西路,三段,,,,,886號,121.02478862218,24.9883174232272
桃園市新屋區永安里16鄰中山西路三段894號,68,6801100,6801100-016,16鄰,中山西路,三段,,,,,894號,121.024619121846,24.9882686077404
桃園市新屋區永安里16鄰中山西路三段896號,68,6801100,6801100-016,16鄰,中山西路,三段,,,,,896號,121.024565429851,24.9882594076488
桃園市新屋區永安里16鄰中山西路三段902號,68,6801100,6801100-016,16鄰,中山西路,三段,,,,,902號,121.024370866756,24.9882059012476
桃園市新屋區永安里16鄰中山西路三段904號,68,6801100,6801100-016,16鄰,中山西路,三段,,,,,904號,121.02431558746,24.9881845129904
桃園市新屋區永安里16鄰中山西路三段906號,68,6801100,6801100-016,16鄰,中山西路,三段,,,,,906號,121.024268532513,24.9881754019909
桃園市新屋區永安里16鄰中山西路三段908號,68,6801100,6801100-016,16鄰,中山西路,三段,,,,,908號,121.02422157511,24.9881585265396
桃園市新屋區永安里16鄰中山西路三段910號,68,6801100,6801100-016,16鄰,中山西路,三段,,,,,910號,121.024157876726,24.988141744076
桃園市新屋區永安里14鄰中山西路三段913號,68,6801100,6801100-016,14鄰,中山西路,三段,,,,,913號,121.024117908362,24.987898344983
桃園市新屋區永安里14鄰中山西路三段915號,68,6801100,6801100-016,14鄰,中山西路,三段,,,,,915號,121.024074913904,24.9878838162256
桃園市新屋區永安里14鄰中山西路三段917號,68,6801100,6801100-016,14鄰,中山西路,三段,,,,,917號,121.024017754314,24.98787082457
桃園市新屋區永安里14鄰中山西路三段919號,68,6801100,6801100-016,14鄰,中山西路,三段,,,,,919號,121.023973076171,24.9878578308824
桃園市新屋區永安里14鄰中山西路三段923巷6號,68,6801100,6801100-016,14鄰,中山西路,三段,923巷,,,,6號,121.023822779441,24.9877322700153
桃園市新屋區永安里14鄰中山西路三段923巷8號,68,6801100,6801100-016,14鄰,中山西路,三段,923巷,,,,8號,121.023850301481,24.9876475792418
桃園市新屋區永安里14鄰中山西路三段923巷9號,68,6801100,6801100-016,14鄰,中山西路,三段,923巷,,,,9號,121.024164863639,24.9873981641621
桃園市新屋區永安里14鄰中山西路三段923巷10號,68,6801100,6801100-016,14鄰,中山西路,三段,923巷,,,,10號,121.023852959172,24.9875600033626
桃園市新屋區永安里14鄰中山西路三段923巷11號,68,6801100,6801100-016,14鄰,中山西路,三段,923巷,,,,11號,121.024199213078,24.9872760043616
桃園市新屋區永安里14鄰中山西路三段923巷12號,68,6801100,6801100-016,14鄰,中山西路,三段,923巷,,,,12號,121.023872761426,24.9875107954219
桃園市新屋區永安里14鄰中山西路三段923巷13號,68,6801100,6801100-016,14鄰,中山西路,三段,923巷,,,,13號,121.024299361272,24.9872759880431
桃園市新屋區永安里14鄰中山西路三段923巷15號,68,6801100,6801100-016,14鄰,中山西路,三段,923巷,,,,15號,121.024406641361,24.9872743453762
桃園市新屋區永安里14鄰中山西路三段923巷16號,68,6801100,6801100-016,14鄰,中山西路,三段,923巷,,,,16號,121.023884243989,24.9874680892598
桃園市新屋區永安里14鄰中山西路三段923巷17號,68,6801100,6801100-016,14鄰,中山西路,三段,923巷,,,,17號,121.024517487877,24.9872743271561
桃園市新屋區永安里14鄰中山西路三段923巷18號,68,6801100,6801100-016,14鄰,中山西路,三段,923巷,,,,18號,121.023896816451,24.9874267371813
桃園市新屋區永安里14鄰中山西路三段923巷19號,68,6801100,6801100-016,14鄰,中山西路,三段,923巷,,,,19號,121.024571178275,24.9872776588082
桃園市新屋區永安里14鄰中山西路三段923巷20弄2號,68,6801100,6801100-016,14鄰,中山西路,三段,923巷,20弄,,,2號,121.02390660147,24.9873140612086
桃園市新屋區永安里14鄰中山西路三段923巷20弄6號,68,6801100,6801100-016,14鄰,中山西路,三段,923巷,20弄,,,6號,121.023834180892,24.9872686599846
桃園市新屋區永安里14鄰中山西路三段923巷20弄8號,68,6801100,6801100-016,14鄰,中山西路,三段,923巷,20弄,,,8號,121.023770975308,24.9872362581461
桃園市新屋區永安里14鄰中山西路三段923巷20弄10號,68,6801100,6801100-016,14鄰,中山西路,三段,923巷,20弄,,,10號,121.023722433689,24.9872209176156
桃園市新屋區永安里14鄰中山西路三段923巷20弄12號,68,6801100,6801100-016,14鄰,中山西路,三段,923巷,20弄,,,12號,121.023679538243,24.9872046733312
桃園市新屋區永安里14鄰中山西路三段923巷20弄16號,68,6801100,6801100-016,14鄰,中山西路,三段,923巷,20弄,,,16號,121.023638424479,24.9871812060331
桃園市新屋區永安里14鄰中山西路三段923巷20弄18號,68,6801100,6801100-016,14鄰,中山西路,三段,923巷,20弄,,,18號,121.023592854014,24.9871625244811
桃園市新屋區永安里14鄰中山西路三段923巷20弄20號,68,6801100,6801100-016,14鄰,中山西路,三段,923巷,20弄,,,20號,121.023546293305,24.9871455584673
桃園市新屋區永安里14鄰中山西路三段923巷20弄22號,68,6801100,6801100-016,14鄰,中山西路,三段,923巷,20弄,,,22號,121.023500723176,24.9871285019985
桃園市新屋區永安里14鄰中山西路三段923巷20弄26號,68,6801100,6801100-016,14鄰,中山西路,三段,923巷,20弄,,,26號,121.023451587265,24.9871130711892
桃園市新屋區永安里14鄰中山西路三段923巷20弄28號,68,6801100,6801100-016,14鄰,中山西路,三段,923巷,20弄,,,28號,121.023406810261,24.9870993550738
桃園市新屋區永安里14鄰中山西路三段923巷20弄30號,68,6801100,6801100-016,14鄰,中山西路,三段,923巷,20弄,,,30號,121.023360348949,24.9870839238136
桃園市新屋區永安里14鄰中山西路三段923巷20弄32號,68,6801100,6801100-016,14鄰,中山西路,三段,923巷,20弄,,,32號,121.023315670854,24.9870693048154
桃園市新屋區永安里14鄰中山西路三段923巷20弄36號,68,6801100,6801100-016,14鄰,中山西路,三段,923巷,20弄,,,36號,121.023259800718,24.9870629033955
桃園市新屋區永安里14鄰中山西路三段923巷23號,68,6801100,6801100-016,14鄰,中山西路,三段,923巷,,,,23號,121.024707087257,24.9872808865299
桃園市新屋區永安里14鄰中山西路三段923巷25號,68,6801100,6801100-016,14鄰,中山西路,三段,923巷,,,,25號,121.024774348015,24.9872808753481
桃園市新屋區永安里16鄰中山西路三段934號,68,6801100,6801100-016,16鄰,中山西路,三段,,,,,934號,121.023408109169,24.9882045209716
桃園市新屋區永安里16鄰中山西路三段946號,68,6801100,6801100-016,16鄰,中山西路,三段,,,,,946號,121.023274236649,24.9879739567176
桃園市新屋區永安里16鄰中山西路三段948號,68,6801100,6801100-016,16鄰,中山西路,三段,,,,,948號,121.023231929161,24.9879247585654
桃園市新屋區永安里16鄰中山西路三段960號,68,6801100,6801100-016,16鄰,中山西路,三段,,,,,960號,121.022198937891,24.9879066788788
桃園市新屋區永安里16鄰中山西路三段966號,68,6801100,6801100-016,16鄰,中山西路,三段,,,,,966號,121.022112952982,24.9878974827153
桃園市新屋區永安里16鄰中山西路三段966之1號,68,6801100,6801100-016,16鄰,中山西路,三段,,,,,966之1號,121.021992099191,24.9878876596713
桃園市新屋區永安里16鄰中山西路三段970號,68,6801100,6801100-016,16鄰,中山西路,三段,,,,,970號,121.021469477655,24.9879681790028
桃園市新屋區永安里19鄰中山西路三段1086號,68,6801100,6801100-016,19鄰,中山西路,三段,,,,,1086號,121.020338059245,24.9881793315621
桃園市新屋區永安里19鄰中山西路三段1096號,68,6801100,6801100-016,19鄰,中山西路,三段,,,,,1096號,121.019755973298,24.9880940916253
桃園市新屋區永安里19鄰中山西路三段1098號,68,6801100,6801100-016,19鄰,中山西路,三段,,,,,1098號,121.019718356202,24.9882533575324
桃園市新屋區永安里19鄰中山西路三段1102號,68,6801100,6801100-016,19鄰,中山西路,三段,,,,,1102號,121.019653968782,24.9882605887672
桃園市新屋區永安里19鄰中山西路三段1104號,68,6801100,6801100-016,19鄰,中山西路,三段,,,,,1104號,121.019562512777,24.9881074792094
桃園市新屋區永安里19鄰中山西路三段1106號,68,6801100,6801100-016,19鄰,中山西路,三段,,,,,1106號,121.019514866048,24.9881122705154
桃園市新屋區永安里19鄰中山西路三段1108號,68,6801100,6801100-016,19鄰,中山西路,三段,,,,,1108號,121.019461870032,24.988116520802
桃園市新屋區永安里19鄰中山西路三段1110號,68,6801100,6801100-016,19鄰,中山西路,三段,,,,,1110號,121.019400850596,24.9881232097831
桃園市新屋區永安里19鄰中山西路三段1111號,68,6801100,6801100-016,19鄰,中山西路,三段,,,,,1111號,121.019325231833,24.9878892938576
桃園市新屋區永安里19鄰中山西路三段1112號,68,6801100,6801100-016,19鄰,中山西路,三段,,,,,1112號,121.019341812254,24.9881293567779
桃園市新屋區永安里19鄰中山西路三段1116號,68,6801100,6801100-016,19鄰,中山西路,三段,,,,,1116號,121.019286835702,24.988137850606
桃園市新屋區永安里19鄰中山西路三段1120號,68,6801100,6801100-016,19鄰,中山西路,三段,,,,,1120號,121.019193027803,24.9881456271553
桃園市新屋區永安里19鄰中山西路三段1121之1號,68,6801100,6801100-016,19鄰,中山西路,三段,,,,,1121之1號,121.019205076227,24.987908720466
桃園市新屋區永安里19鄰中山西路三段1121號,68,6801100,6801100-016,19鄰,中山西路,三段,,,,,1121號,121.019171495667,24.9879117041668
桃園市新屋區永安里19鄰中山西路三段1122之1號,68,6801100,6801100-016,19鄰,中山西路,三段,,,,,1122之1號,121.019144688035,24.9881530366672
桃園市新屋區永安里19鄰中山西路三段1125號,68,6801100,6801100-016,19鄰,中山西路,三段,,,,,1125號,121.019042820948,24.9879312220254
桃園市新屋區永安里19鄰中山西路三段1127號,68,6801100,6801100-016,19鄰,中山西路,三段,,,,,1127號,121.019008546882,24.9879336640744
桃園市新屋區永安里19鄰中山西路三段1131號,68,6801100,6801100-016,19鄰,中山西路,三段,,,,,1131號,121.018926131109,24.9879427029756
桃園市新屋區永安里19鄰中山西路三段1132號,68,6801100,6801100-016,19鄰,中山西路,三段,,,,,1132號,121.018945583579,24.9881833975611
桃園市新屋區永安里19鄰中山西路三段1134號,68,6801100,6801100-016,19鄰,中山西路,三段,,,,,1134號,121.018903286191,24.9881894519657
桃園市新屋區永安里19鄰中山西路三段1136號,68,6801100,6801100-016,19鄰,中山西路,三段,,,,,1136號,121.018860394085,24.9881931590506
桃園市新屋區永安里19鄰中山西路三段1138號,68,6801100,6801100-016,19鄰,中山西路,三段,,,,,1138號,121.018823842032,24.9881985807166
桃園市新屋區永安里19鄰中山西路三段1139號,68,6801100,6801100-016,19鄰,中山西路,三段,,,,,1139號,121.018761795686,24.9879664684686
桃園市新屋區永安里19鄰中山西路三段1141號,68,6801100,6801100-016,19鄰,中山西路,三段,,,,,1141號,121.018716922457,24.987970085478
桃園市新屋區永安里19鄰中山西路三段1145號,68,6801100,6801100-016,19鄰,中山西路,三段,,,,,1145號,121.018641837666,24.9879834569301
桃園市新屋區永安里19鄰中山西路三段1147號,68,6801100,6801100-016,19鄰,中山西路,三段,,,,,1147號,121.01860092735,24.9879907750507
桃園市新屋區永安里19鄰中山西路三段1148號,68,6801100,6801100-016,19鄰,中山西路,三段,,,,,1148號,121.018600269229,24.9882253328827
桃園市新屋區永安里19鄰中山西路三段1152號,68,6801100,6801100-016,19鄰,中山西路,三段,,,,,1152號,121.018364912237,24.9882788102217
桃園市新屋區永安里19鄰中山西路三段1153號,68,6801100,6801100-016,19鄰,中山西路,三段,,,,,1153號,121.018188077527,24.9875120501731
桃園市新屋區永安里19鄰中山西路三段1156號,68,6801100,6801100-016,19鄰,中山西路,三段,,,,,1156號,121.018260908621,24.9883377784499
桃園市新屋區永安里19鄰中山西路三段1160號,68,6801100,6801100-016,19鄰,中山西路,三段,,,,,1160號,121.017861034736,24.9885380768138
桃園市新屋區永安里19鄰中山西路三段1160之1號,68,6801100,6801100-016,19鄰,中山西路,三段,,,,,1160之1號,121.01747975665,24.9885535606448
桃園市新屋區永安里19鄰中山西路三段1165號,68,6801100,6801100-016,19鄰,中山西路,三段,,,,,1165號,121.01503459245,24.9879239165216
桃園市新屋區赤欄里8鄰中山西路二段1巷80號,68,6801100,6801100-014,8鄰,中山西路,二段,1巷,,,,80號,121.076817657046,24.9768131007142
桃園市新屋區赤欄里8鄰中山西路二段4巷1號,68,6801100,6801100-014,8鄰,中山西路,二段,4巷,,,,1號,121.078004023036,24.9778231234335
桃園市新屋區赤欄里8鄰中山西路二段4巷1號二樓之1,68,6801100,6801100-014,8鄰,中山西路,二段,4巷,,,,1號二樓之1,121.078004023036,24.9778231234335
桃園市新屋區赤欄里8鄰中山西路二段4巷1號二樓之2,68,6801100,6801100-014,8鄰,中山西路,二段,4巷,,,,1號二樓之2,121.078004023036,24.9778231234335
桃園市新屋區赤欄里8鄰中山西路二段4巷3號,68,6801100,6801100-014,8鄰,中山西路,二段,4巷,,,,3號,121.078066956542,24.9778804208091
桃園市新屋區赤欄里8鄰中山西路二段4巷3號二樓,68,6801100,6801100-014,8鄰,中山西路,二段,4巷,,,,3號二樓,121.078066956542,24.9778804208091
桃園市新屋區赤欄里8鄰中山西路二段4巷5號,68,6801100,6801100-014,8鄰,中山西路,二段,4巷,,,,5號,121.078084503664,24.9779043368768
桃園市新屋區赤欄里8鄰中山西路二段4巷5號二樓,68,6801100,6801100-014,8鄰,中山西路,二段,4巷,,,,5號二樓,121.078084503664,24.9779043368768
桃園市新屋區赤欄里8鄰中山西路二段6之4號,68,6801100,6801100-014,8鄰,中山西路,二段,,,,,6之4號,121.077718342384,24.9777948333838
桃園市新屋區赤欄里8鄰中山西路二段6號,68,6801100,6801100-014,8鄰,中山西路,二段,,,,,6號,121.077914735977,24.977756179434
桃園市新屋區赤欄里8鄰中山西路二段6之1號,68,6801100,6801100-014,8鄰,中山西路,二段,,,,,6之1號,121.077881559972,24.9777657669033
桃園市新屋區赤欄里8鄰中山西路二段6之2號,68,6801100,6801100-014,8鄰,中山西路,二段,,,,,6之2號,121.077832535824,24.9777753626522
桃園市新屋區赤欄里8鄰中山西路二段6之3號,68,6801100,6801100-014,8鄰,中山西路,二段,,,,,6之3號,121.077778360002,24.977783335964
桃園市新屋區赤欄里8鄰中山西路二段6之5號,68,6801100,6801100-014,8鄰,中山西路,二段,,,,,6之5號,121.077656444376,24.9778088597135
桃園市新屋區赤欄里8鄰中山西路二段6之6號,68,6801100,6801100-014,8鄰,中山西路,二段,,,,,6之6號,121.077619800592,24.9778169141048
桃園市新屋區赤欄里8鄰中山西路二段6號二樓,68,6801100,6801100-014,8鄰,中山西路,二段,,,,,6號二樓,121.077914735977,24.977756179434
桃園市新屋區赤欄里8鄰中山西路二段8號,68,6801100,6801100-014,8鄰,中山西路,二段,,,,,8號,121.077562063888,24.9778328341903
桃園市新屋區赤欄里8鄰中山西路二段8號二樓,68,6801100,6801100-014,8鄰,中山西路,二段,,,,,8號二樓,121.077562063888,24.9778328341903
桃園市新屋區赤欄里8鄰中山西路二段10號,68,6801100,6801100-014,8鄰,中山西路,二段,,,,,10號,121.077505800825,24.9778294327011
桃園市新屋區赤欄里8鄰中山西路二段10號二樓,68,6801100,6801100-014,8鄰,中山西路,二段,,,,,10號二樓,121.077505800825,24.9778294327011
桃園市新屋區赤欄里8鄰中山西路二段12號,68,6801100,6801100-014,8鄰,中山西路,二段,,,,,12號,121.077450927813,24.9778313572259
桃園市新屋區赤欄里8鄰中山西路二段12號二樓,68,6801100,6801100-014,8鄰,中山西路,二段,,,,,12號二樓,121.077450927813,24.9778313572259
桃園市新屋區赤欄里8鄰中山西路二段14號,68,6801100,6801100-014,8鄰,中山西路,二段,,,,,14號,121.077568532208,24.9778806813623
桃園市新屋區赤欄里8鄰中山西路二段14號二樓,68,6801100,6801100-014,8鄰,中山西路,二段,,,,,14號二樓,121.077568532208,24.9778806813623
桃園市新屋區赤欄里8鄰中山西路二段16號,68,6801100,6801100-014,8鄰,中山西路,二段,,,,,16號,121.077619240284,24.9778710848223
桃園市新屋區赤欄里8鄰中山西路二段16號二樓,68,6801100,6801100-014,8鄰,中山西路,二段,,,,,16號二樓,121.077619240284,24.9778710848223
桃園市新屋區赤欄里8鄰中山西路二段18號,68,6801100,6801100-014,8鄰,中山西路,二段,,,,,18號,121.07767173331,24.9778647375592
桃園市新屋區赤欄里8鄰中山西路二段18號二樓,68,6801100,6801100-014,8鄰,中山西路,二段,,,,,18號二樓,121.07767173331,24.9778647375592
桃園市新屋區赤欄里8鄰中山西路二段20之8號,68,6801100,6801100-014,8鄰,中山西路,二段,,,,,20之8號,121.077986817053,24.9780260006881
桃園市新屋區赤欄里8鄰中山西路二段20號,68,6801100,6801100-014,8鄰,中山西路,二段,,,,,20號,121.07771372489,24.9778551455347
桃園市新屋區赤欄里8鄰中山西路二段20之6號,68,6801100,6801100-014,8鄰,中山西路,二段,,,,,20之6號,121.077992883194,24.9780640973745
桃園市新屋區赤欄里8鄰中山西路二段20之10號,68,6801100,6801100-014,8鄰,中山西路,二段,,,,,20之10號,121.077935804564,24.9780241314395
桃園市新屋區赤欄里8鄰中山西路二段20之12號,68,6801100,6801100-014,8鄰,中山西路,二段,,,,,20之12號,121.077885767577,24.9779984266766
桃園市新屋區赤欄里8鄰中山西路二段20之14號,68,6801100,6801100-014,8鄰,中山西路,二段,,,,,20之14號,121.077858217123,24.9779757797947
桃園市新屋區赤欄里8鄰中山西路二段20之16號,68,6801100,6801100-014,8鄰,中山西路,二段,,,,,20之16號,121.077792121302,24.9779300403413
桃園市新屋區赤欄里8鄰中山西路二段20之18號,68,6801100,6801100-014,8鄰,中山西路,二段,,,,,20之18號,121.077762791597,24.9779131725499
桃園市新屋區赤欄里8鄰中山西路二段20之20號,68,6801100,6801100-014,8鄰,中山西路,二段,,,,,20之20號,121.077744959755,24.977908938514
桃園市新屋區赤欄里8鄰中山西路二段20之1號二樓,68,6801100,6801100-014,8鄰,中山西路,二段,,,,,20之1號二樓,121.077666724802,24.9779333560439
桃園市新屋區赤欄里8鄰中山西路二段20之2號二樓,68,6801100,6801100-014,8鄰,中山西路,二段,,,,,20之2號二樓,121.077684448917,24.9779237766871
桃園市新屋區赤欄里8鄰中山西路二段20之4號二樓,68,6801100,6801100-014,8鄰,中山西路,二段,,,,,20之4號二樓,121.077754887045,24.977944234389
桃園市新屋區赤欄里8鄰中山西路二段20之5號二樓,68,6801100,6801100-014,8鄰,中山西路,二段,,,,,20之5號二樓,121.077980820594,24.9780984116288
桃園市新屋區赤欄里8鄰中山西路二段20之6號二樓,68,6801100,6801100-014,8鄰,中山西路,二段,,,,,20之6號二樓,121.077992883194,24.9780640973745
桃園市新屋區赤欄里8鄰中山西路二段20號二樓,68,6801100,6801100-014,8鄰,中山西路,二段,,,,,20號二樓,121.07771372489,24.9778551455347
桃園市新屋區赤欄里8鄰中山西路二段20之3號二樓,68,6801100,6801100-014,8鄰,中山西路,二段,,,,,20之3號二樓,121.078100526355,24.9780238645404
桃園市新屋區赤欄里8鄰中山西路二段33巷9號,68,6801100,6801100-014,8鄰,中山西路,二段,33巷,,,,9號,121.077206295607,24.9773931552628
桃園市新屋區赤欄里8鄰中山西路二段33巷10號,68,6801100,6801100-014,8鄰,中山西路,二段,33巷,,,,10號,121.076699011862,24.9776388998205
桃園市新屋區赤欄里8鄰中山西路二段33巷12號,68,6801100,6801100-014,8鄰,中山西路,二段,33巷,,,,12號,121.07664951291,24.9775217366232
桃園市新屋區赤欄里8鄰中山西路二段33巷25號,68,6801100,6801100-014,8鄰,中山西路,二段,33巷,,,,25號,121.076954276131,24.9771780485815
桃園市新屋區赤欄里8鄰中山西路二段33巷33號,68,6801100,6801100-014,8鄰,中山西路,二段,33巷,,,,33號,121.076943657773,24.9769867421632
桃園市新屋區赤欄里8鄰中山西路二段33巷39號,68,6801100,6801100-014,8鄰,中山西路,二段,33巷,,,,39號,121.076887960395,24.976936663291
桃園市新屋區赤欄里8鄰中山西路二段33巷41號,68,6801100,6801100-014,8鄰,中山西路,二段,33巷,,,,41號,121.076839010812,24.9769064434068
桃園市新屋區赤欄里8鄰中山西路二段33巷98弄6號,68,6801100,6801100-014,8鄰,中山西路,二段,33巷,98弄,,,6號,121.076282660265,24.9764479962356
桃園市新屋區赤欄里8鄰中山西路二段33巷98弄8號,68,6801100,6801100-014,8鄰,中山西路,二段,33巷,98弄,,,8號,121.076382659719,24.9765422015192
桃園市新屋區赤欄里8鄰中山西路二段33巷98弄10號,68,6801100,6801100-014,8鄰,中山西路,二段,33巷,98弄,,,10號,121.076342590886,24.9766173384102
桃園市新屋區赤欄里8鄰中山西路二段33巷98弄12號,68,6801100,6801100-014,8鄰,中山西路,二段,33巷,98弄,,,12號,121.076270809303,24.9766654063235
桃園市新屋區赤欄里8鄰中山西路二段33巷98弄16號,68,6801100,6801100-014,8鄰,中山西路,二段,33巷,98弄,,,16號,121.076234137497,24.976627596087
桃園市新屋區赤欄里8鄰中山西路二段33巷98弄18號,68,6801100,6801100-014,8鄰,中山西路,二段,33巷,98弄,,,18號,121.076175757547,24.9765634340055
桃園市新屋區赤欄里8鄰中山西路二段33巷116號,68,6801100,6801100-014,8鄰,中山西路,二段,33巷,,,,116號,121.075978418436,24.9761893976998
桃園市新屋區赤欄里8鄰中山西路二段33巷140弄6號,68,6801100,6801100-014,8鄰,中山西路,二段,33巷,140弄,,,6號,121.075822296633,24.9761574264551
桃園市新屋區赤欄里8鄰中山西路二段33巷140弄8號,68,6801100,6801100-014,8鄰,中山西路,二段,33巷,140弄,,,8號,121.075866397857,24.9763582860289
桃園市新屋區赤欄里8鄰中山西路二段33巷140弄10號,68,6801100,6801100-014,8鄰,中山西路,二段,33巷,140弄,,,10號,121.075671385539,24.9760617118472
桃園市新屋區赤欄里8鄰中山西路二段33巷140弄12號,68,6801100,6801100-014,8鄰,中山西路,二段,33巷,140弄,,,12號,121.075696794556,24.9763090772675
桃園市新屋區赤欄里8鄰中山西路二段33巷140弄20號,68,6801100,6801100-014,8鄰,中山西路,二段,33巷,140弄,,,20號,121.075530684787,24.9761413235624
桃園市新屋區赤欄里8鄰中山西路二段117巷26號,68,6801100,6801100-014,8鄰,中山西路,二段,117巷,,,,26號,121.075008302094,24.977945824249
桃園市新屋區赤欄里8鄰中山西路二段117巷46弄8號,68,6801100,6801100-014,8鄰,中山西路,二段,117巷,46弄,,,8號,121.074768293171,24.9779321315328
桃園市新屋區赤欄里8鄰中山西路二段117巷46弄16號,68,6801100,6801100-014,8鄰,中山西路,二段,117巷,46弄,,,16號,121.074596722971,24.9779091951767
桃園市新屋區赤欄里8鄰中山西路二段117巷46弄18號,68,6801100,6801100-014,8鄰,中山西路,二段,117巷,46弄,,,18號,121.074531959469,24.9779355002739
桃園市新屋區赤欄里8鄰中山西路二段117巷47號,68,6801100,6801100-014,8鄰,中山西路,二段,117巷,,,,47號,121.074860115602,24.9774447320945
桃園市新屋區赤欄里8鄰中山西路二段117巷49之1號,68,6801100,6801100-014,8鄰,中山西路,二段,117巷,,,,49之1號,121.07481224429,24.9773953707842
桃園市新屋區赤欄里8鄰中山西路二段117巷51號,68,6801100,6801100-014,8鄰,中山西路,二段,117巷,,,,51號,121.074800914631,24.9773327193456
桃園市新屋區赤欄里8鄰中山西路二段117巷95弄19號,68,6801100,6801100-014,8鄰,中山西路,二段,117巷,95弄,,,19號,121.07485665528,24.9764734579523
桃園市新屋區赤欄里8鄰中山西路二段117巷95弄29號,68,6801100,6801100-014,8鄰,中山西路,二段,117巷,95弄,,,29號,121.074937939572,24.9764146421321
桃園市新屋區赤欄里8鄰中山西路二段117巷95弄31號,68,6801100,6801100-014,8鄰,中山西路,二段,117巷,95弄,,,31號,121.075033622608,24.9762528951771
桃園市新屋區赤欄里8鄰中山西路二段117巷95弄39號,68,6801100,6801100-014,8鄰,中山西路,二段,117巷,95弄,,,39號,121.075253343712,24.9764632364216
桃園市新屋區赤欄里8鄰中山西路二段117巷95弄43號,68,6801100,6801100-014,8鄰,中山西路,二段,117巷,95弄,,,43號,121.075425242156,24.9763778309876
桃園市新屋區赤欄里8鄰中山西路二段117巷102號,68,6801100,6801100-014,8鄰,中山西路,二段,117巷,,,,102號,121.074331254713,24.9770658943659
桃園市新屋區赤欄里8鄰中山西路二段117巷118號,68,6801100,6801100-014,8鄰,中山西路,二段,117巷,,,,118號,121.074291285108,24.9766489825351
桃園市新屋區赤欄里8鄰中山西路二段136號,68,6801100,6801100-014,8鄰,中山西路,二段,,,,,136號,121.074666151106,24.9787185567925
桃園市新屋區赤欄里8鄰中山西路二段180號,68,6801100,6801100-014,8鄰,中山西路,二段,,,,,180號,121.073359255232,24.9790383606526
桃園市新屋區赤欄里8鄰中山西路二段198號,68,6801100,6801100-014,8鄰,中山西路,二段,,,,,198號,121.072991519843,24.979281315189
桃園市新屋區赤欄里8鄰中山西路二段200號,68,6801100,6801100-014,8鄰,中山西路,二段,,,,,200號,121.07294398177,24.9792930754158
桃園市新屋區赤欄里8鄰中山西路二段202號,68,6801100,6801100-014,8鄰,中山西路,二段,,,,,202號,121.072879801713,24.9793027672437
桃園市新屋區赤欄里8鄰中山西路二段207巷21號,68,6801100,6801100-014,8鄰,中山西路,二段,207巷,,,,21號,121.073381594454,24.9782922423518
桃園市新屋區赤欄里8鄰中山西路二段207巷23號,68,6801100,6801100-014,8鄰,中山西路,二段,207巷,,,,23號,121.073306881853,24.9782451508929
桃園市新屋區赤欄里8鄰中山西路二段207巷33號,68,6801100,6801100-014,8鄰,中山西路,二段,207巷,,,,33號,121.073157537182,24.9781193684062
桃園市新屋區赤欄里8鄰中山西路二段207巷42號,68,6801100,6801100-014,8鄰,中山西路,二段,207巷,,,,42號,121.072928683282,24.9782098550296
桃園市新屋區赤欄里8鄰中山西路二段207巷138之1號,68,6801100,6801100-014,8鄰,中山西路,二段,207巷,,,,138之1號,121.071882612335,24.9772032452452
桃園市新屋區赤欄里8鄰中山西路二段207巷201弄18號,68,6801100,6801100-014,8鄰,中山西路,二段,207巷,201弄,,,18號,121.071252331057,24.9744116937943
桃園市新屋區赤欄里8鄰中山西路二段207巷201弄75號,68,6801100,6801100-014,8鄰,中山西路,二段,207巷,201弄,,,75號,121.072340945117,24.9743693672685
桃園市新屋區赤欄里8鄰中山西路二段207巷201弄77號,68,6801100,6801100-014,8鄰,中山西路,二段,207巷,201弄,,,77號,121.072379775416,24.9742059341882
桃園市新屋區赤欄里8鄰中山西路二段207巷201弄99號,68,6801100,6801100-014,8鄰,中山西路,二段,207巷,201弄,,,99號,121.072881779083,24.9742538107035
桃園市新屋區赤欄里7鄰中山西路二段207巷232弄12號,68,6801100,6801100-014,7鄰,中山西路,二段,207巷,232弄,,,12號,121.071243359385,24.9758598547878
桃園市新屋區赤欄里7鄰中山西路二段207巷232弄20號,68,6801100,6801100-014,7鄰,中山西路,二段,207巷,232弄,,,20號,121.071069467136,24.9759267481194
桃園市新屋區赤欄里7鄰中山西路二段207巷232弄22號,68,6801100,6801100-014,7鄰,中山西路,二段,207巷,232弄,,,22號,121.071004698682,24.9759439329995
桃園市新屋區赤欄里7鄰中山西路二段207巷232弄26號,68,6801100,6801100-014,7鄰,中山西路,二段,207巷,232弄,,,26號,121.070943205262,24.9759723115158
桃園市新屋區赤欄里7鄰中山西路二段207巷232弄28號,68,6801100,6801100-014,7鄰,中山西路,二段,207巷,232弄,,,28號,121.070855839994,24.9759659429545
桃園市新屋區赤欄里7鄰中山西路二段207巷232弄30號,68,6801100,6801100-014,7鄰,中山西路,二段,207巷,232弄,,,30號,121.070828967407,24.9759132298429
桃園市新屋區赤欄里8鄰中山西路二段207巷245弄31號,68,6801100,6801100-014,8鄰,中山西路,二段,207巷,245弄,,,31號,121.071378418753,24.9737239394337
桃園市新屋區赤欄里8鄰中山西路二段207巷245弄33號,68,6801100,6801100-014,8鄰,中山西路,二段,207巷,245弄,,,33號,121.071649256804,24.9734540404411
桃園市新屋區赤欄里8鄰中山西路二段207巷295弄19號,68,6801100,6801100-014,8鄰,中山西路,二段,207巷,295弄,,,19號,121.070930503227,24.9729945676513
桃園市新屋區赤欄里8鄰中山西路二段207巷295弄27號,68,6801100,6801100-014,8鄰,中山西路,二段,207巷,295弄,,,27號,121.071068549369,24.972777819953
桃園市新屋區赤欄里8鄰中山西路二段207巷295弄35號,68,6801100,6801100-014,8鄰,中山西路,二段,207巷,295弄,,,35號,121.07139193579,24.9731181266137
桃園市新屋區赤欄里8鄰中山西路二段207巷295弄51號,68,6801100,6801100-014,8鄰,中山西路,二段,207巷,295弄,,,51號,121.071601704596,24.9724110109978
桃園市新屋區赤欄里8鄰中山西路二段207巷295弄59號,68,6801100,6801100-014,8鄰,中山西路,二段,207巷,295弄,,,59號,121.071706147917,24.9723232948552
桃園市新屋區赤欄里8鄰中山西路二段207巷295弄61號,68,6801100,6801100-014,8鄰,中山西路,二段,207巷,295弄,,,61號,121.071746636627,24.9722865297138
桃園市新屋區赤欄里8鄰中山西路二段207巷295弄63號,68,6801100,6801100-014,8鄰,中山西路,二段,207巷,295弄,,,63號,121.071764142556,24.972242914048
桃園市新屋區赤欄里8鄰中山西路二段207巷295弄71號,68,6801100,6801100-014,8鄰,中山西路,二段,207巷,295弄,,,71號,121.071924028653,24.9722860829881
桃園市新屋區赤欄里8鄰中山西路二段207巷295弄73號,68,6801100,6801100-014,8鄰,中山西路,二段,207巷,295弄,,,73號,121.071996531618,24.9724578586184
桃園市新屋區赤欄里8鄰中山西路二段207巷295弄75號,68,6801100,6801100-014,8鄰,中山西路,二段,207巷,295弄,,,75號,121.072094901793,24.9724867922177
桃園市新屋區赤欄里8鄰中山西路二段207巷295弄77號,68,6801100,6801100-014,8鄰,中山西路,二段,207巷,295弄,,,77號,121.072158787188,24.9724873029732
桃園市新屋區赤欄里8鄰中山西路二段207巷295弄79號,68,6801100,6801100-014,8鄰,中山西路,二段,207巷,295弄,,,79號,121.072249614218,24.9724894257439
桃園市新屋區赤欄里8鄰中山西路二段207巷295弄90號,68,6801100,6801100-014,8鄰,中山西路,二段,207巷,295弄,,,90號,121.072023082345,24.9721283087498
桃園市新屋區赤欄里8鄰中山西路二段207巷295弄106號,68,6801100,6801100-014,8鄰,中山西路,二段,207巷,295弄,,,106號,121.071944431585,24.971944347739
桃園市新屋區赤欄里8鄰中山西路二段207巷312弄16號,68,6801100,6801100-014,8鄰,中山西路,二段,207巷,312弄,,,16號,121.070435028961,24.9737926435222
桃園市新屋區赤欄里8鄰中山西路二段218號,68,6801100,6801100-014,8鄰,中山西路,二段,,,,,218號,121.072468302965,24.9794099547222
桃園市新屋區赤欄里8鄰中山西路二段222號,68,6801100,6801100-014,8鄰,中山西路,二段,,,,,222號,121.07238065764,24.9794370825746
桃園市新屋區赤欄里8鄰中山西路二段233號,68,6801100,6801100-014,8鄰,中山西路,二段,,,,,233號,121.07286478799,24.9788700432209
桃園市新屋區赤欄里8鄰中山西路二段235號,68,6801100,6801100-014,8鄰,中山西路,二段,,,,,235號,121.072815567938,24.9788847836036
桃園市新屋區赤欄里8鄰中山西路二段237號,68,6801100,6801100-014,8鄰,中山西路,二段,,,,,237號,121.072761989012,24.9788985329764
桃園市新屋區赤欄里8鄰中山西路二段239號,68,6801100,6801100-014,8鄰,中山西路,二段,,,,,239號,121.072715443599,24.9789137234388
桃園市新屋區赤欄里8鄰中山西路二段241號,68,6801100,6801100-014,8鄰,中山西路,二段,,,,,241號,121.072670086531,24.9789284618863
桃園市新屋區赤欄里8鄰中山西路二段243號,68,6801100,6801100-014,8鄰,中山西路,二段,,,,,243號,121.072625224659,24.9789431097944
桃園市新屋區赤欄里8鄰中山西路二段245號,68,6801100,6801100-014,8鄰,中山西路,二段,,,,,245號,121.07257540992,24.9789573086836
桃園市新屋區赤欄里6鄰中山西路二段246號,68,6801100,6801100-014,6鄰,中山西路,二段,,,,,246號,121.071858334239,24.9795714074228
桃園市新屋區赤欄里8鄰中山西路二段247號,68,6801100,6801100-014,8鄰,中山西路,二段,,,,,247號,121.072535302248,24.9789715028264
桃園市新屋區赤欄里8鄰中山西路二段249號,68,6801100,6801100-014,8鄰,中山西路,二段,,,,,249號,121.072487666363,24.9789852492043
桃園市新屋區赤欄里8鄰中山西路二段251號,68,6801100,6801100-014,8鄰,中山西路,二段,,,,,251號,121.072441714614,24.9789994461676
桃園市新屋區赤欄里8鄰中山西路二段253號,68,6801100,6801100-014,8鄰,中山西路,二段,,,,,253號,121.072372487938,24.979017536648
桃園市新屋區赤欄里8鄰中山西路二段255巷2號,68,6801100,6801100-014,8鄰,中山西路,二段,255巷,,,,2號,121.072204728291,24.9790762124552
桃園市新屋區赤欄里8鄰中山西路二段255巷17號,68,6801100,6801100-014,8鄰,中山西路,二段,255巷,,,,17號,121.072266295239,24.9788325059656
桃園市新屋區赤欄里8鄰中山西路二段255巷19號,68,6801100,6801100-014,8鄰,中山西路,二段,255巷,,,,19號,121.072314923086,24.9788212871295
桃園市新屋區赤欄里8鄰中山西路二段255巷21號,68,6801100,6801100-014,8鄰,中山西路,二段,255巷,,,,21號,121.072366323472,24.978808532101
桃園市新屋區赤欄里8鄰中山西路二段255巷23號,68,6801100,6801100-014,8鄰,中山西路,二段,255巷,,,,23號,121.07241504829,24.9787937921075
桃園市新屋區赤欄里8鄰中山西路二段255巷25號,68,6801100,6801100-014,8鄰,中山西路,二段,255巷,,,,25號,121.072462091545,24.9787830254143
桃園市新屋區赤欄里8鄰中山西路二段255巷27號,68,6801100,6801100-014,8鄰,中山西路,二段,255巷,,,,27號,121.072507547001,24.9787672035735
桃園市新屋區赤欄里8鄰中山西路二段255巷28號,68,6801100,6801100-014,8鄰,中山西路,二段,255巷,,,,28號,121.072259479013,24.9786943746961
桃園市新屋區赤欄里8鄰中山西路二段255巷29號,68,6801100,6801100-014,8鄰,中山西路,二段,255巷,,,,29號,121.072552408771,24.9787524654167
桃園市新屋區赤欄里8鄰中山西路二段255巷30號,68,6801100,6801100-014,8鄰,中山西路,二段,255巷,,,,30號,121.072286492871,24.9786477750161
桃園市新屋區赤欄里8鄰中山西路二段255巷31號,68,6801100,6801100-014,8鄰,中山西路,二段,255巷,,,,31號,121.072603313846,24.9787397105477
桃園市新屋區赤欄里8鄰中山西路二段255巷32號,68,6801100,6801100-014,8鄰,中山西路,二段,255巷,,,,32號,121.072347598551,24.9786321261913
桃園市新屋區赤欄里8鄰中山西路二段255巷33號,68,6801100,6801100-014,8鄰,中山西路,二段,255巷,,,,33號,121.072656296979,24.9787235238536
桃園市新屋區赤欄里8鄰中山西路二段255巷35號,68,6801100,6801100-014,8鄰,中山西路,二段,255巷,,,,35號,121.072707103299,24.9787113107016
桃園市新屋區赤欄里8鄰中山西路二段255巷36號,68,6801100,6801100-014,8鄰,中山西路,二段,255巷,,,,36號,121.07240860601,24.9786179219339
桃園市新屋區赤欄里8鄰中山西路二段255巷37號,68,6801100,6801100-014,8鄰,中山西路,二段,255巷,,,,37號,121.07276117624,24.9786955748581
桃園市新屋區赤欄里8鄰中山西路二段255巷38號,68,6801100,6801100-014,8鄰,中山西路,二段,255巷,,,,38號,121.072466540847,24.9786002883537
桃園市新屋區赤欄里8鄰中山西路二段255巷39號,68,6801100,6801100-014,8鄰,中山西路,二段,255巷,,,,39號,121.072817724925,24.9786789349434
桃園市新屋區赤欄里8鄰中山西路二段255巷40號,68,6801100,6801100-014,8鄰,中山西路,二段,255巷,,,,40號,121.072511402244,24.978585008505
桃園市新屋區赤欄里8鄰中山西路二段255巷41號,68,6801100,6801100-014,8鄰,中山西路,二段,255巷,,,,41號,121.072870209873,24.9786578730788
桃園市新屋區赤欄里8鄰中山西路二段255巷42號,68,6801100,6801100-014,8鄰,中山西路,二段,255巷,,,,42號,121.072561117524,24.978570358265
桃園市新屋區赤欄里8鄰中山西路二段255巷43號,68,6801100,6801100-014,8鄰,中山西路,二段,255巷,,,,43號,121.072943194696,24.9786303909849
桃園市新屋區赤欄里8鄰中山西路二段255巷46號,68,6801100,6801100-014,8鄰,中山西路,二段,255巷,,,,46號,121.072609716616,24.9785103859645
桃園市新屋區赤欄里8鄰中山西路二段255巷48號,68,6801100,6801100-014,8鄰,中山西路,二段,255巷,,,,48號,121.07267725878,24.9784917544912
桃園市新屋區赤欄里8鄰中山西路二段255巷50號,68,6801100,6801100-014,8鄰,中山西路,二段,255巷,,,,50號,121.072752427034,24.9784716747157
桃園市新屋區赤欄里8鄰中山西路二段255巷52號,68,6801100,6801100-014,8鄰,中山西路,二段,255巷,,,,52號,121.072833045803,24.9784561967216
桃園市新屋區赤欄里8鄰中山西路二段255巷56號,68,6801100,6801100-014,8鄰,中山西路,二段,255巷,,,,56號,121.07288860593,24.978443078341
桃園市新屋區赤欄里6鄰中山西路二段265巷142號,68,6801100,6801100-014,6鄰,中山西路,二段,265巷,,,,142號,121.070105724189,24.977862895409
桃園市新屋區赤欄里6鄰中山西路二段265巷146號,68,6801100,6801100-014,6鄰,中山西路,二段,265巷,,,,146號,121.069993418098,24.9778941865387
桃園市新屋區赤欄里6鄰中山西路二段265巷158號,68,6801100,6801100-014,6鄰,中山西路,二段,265巷,,,,158號,121.069862308682,24.977954557874
桃園市新屋區赤欄里6鄰中山西路二段265巷160號,68,6801100,6801100-014,6鄰,中山西路,二段,265巷,,,,160號,121.069801206535,24.9779764352778
桃園市新屋區赤欄里2鄰中山西路二段266巷181號,68,6801100,6801100-014,2鄰,中山西路,二段,266巷,,,,181號,121.072363484022,24.9830797888178
桃園市新屋區赤欄里2鄰中山西路二段266巷183號,68,6801100,6801100-014,2鄰,中山西路,二段,266巷,,,,183號,121.072333804532,24.9831092629091
桃園市新屋區赤欄里2鄰中山西路二段266巷185號,68,6801100,6801100-014,2鄰,中山西路,二段,266巷,,,,185號,121.072304134938,24.983138746018
桃園市新屋區赤欄里2鄰中山西路二段266巷187號,68,6801100,6801100-014,2鄰,中山西路,二段,266巷,,,,187號,121.072274465325,24.9831682200926
桃園市新屋區赤欄里2鄰中山西路二段266巷189號,68,6801100,6801100-014,2鄰,中山西路,二段,266巷,,,,189號,121.072244795703,24.9831977031895
桃園市新屋區赤欄里2鄰中山西路二段266巷191號,68,6801100,6801100-014,2鄰,中山西路,二段,266巷,,,,191號,121.072215126062,24.983227177252
桃園市新屋區赤欄里2鄰中山西路二段266巷193號,68,6801100,6801100-014,2鄰,中山西路,二段,266巷,,,,193號,121.072185446506,24.9832566603418
桃園市新屋區赤欄里2鄰中山西路二段266巷195號,68,6801100,6801100-014,2鄰,中山西路,二段,266巷,,,,195號,121.072155776836,24.9832861343923
桃園市新屋區赤欄里2鄰中山西路二段266巷197號,68,6801100,6801100-014,2鄰,中山西路,二段,266巷,,,,197號,121.072126107158,24.9833156174653
桃園市新屋區赤欄里2鄰中山西路二段266巷199號,68,6801100,6801100-014,2鄰,中山西路,二段,266巷,,,,199號,121.072230708242,24.9833472203036
桃園市新屋區赤欄里2鄰中山西路二段266巷201號,68,6801100,6801100-014,2鄰,中山西路,二段,266巷,,,,201號,121.072259546018,24.9833180445794
桃園市新屋區赤欄里2鄰中山西路二段266巷203號,68,6801100,6801100-014,2鄰,中山西路,二段,266巷,,,,203號,121.07228838378,24.9832888688496
桃園市新屋區赤欄里2鄰中山西路二段266巷205號,68,6801100,6801100-014,2鄰,中山西路,二段,266巷,,,,205號,121.072317211629,24.9832597021472
桃園市新屋區赤欄里2鄰中山西路二段266巷207號,68,6801100,6801100-014,2鄰,中山西路,二段,266巷,,,,207號,121.072346049364,24.983230526406
桃園市新屋區赤欄里2鄰中山西路二段266巷209號,68,6801100,6801100-014,2鄰,中山西路,二段,266巷,,,,209號,121.07237487718,24.9832013506639
桃園市新屋區赤欄里2鄰中山西路二段266巷211號,68,6801100,6801100-014,2鄰,中山西路,二段,266巷,,,,211號,121.072403714888,24.9831721749114
桃園市新屋區赤欄里2鄰中山西路二段266巷213號,68,6801100,6801100-014,2鄰,中山西路,二段,266巷,,,,213號,121.072446625541,24.9831551535566
桃園市新屋區赤欄里2鄰中山西路二段266巷215號,68,6801100,6801100-014,2鄰,中山西路,二段,266巷,,,,215號,121.072473450979,24.9831235501307
桃園市新屋區赤欄里2鄰中山西路二段266巷217號,68,6801100,6801100-014,2鄰,中山西路,二段,266巷,,,,217號,121.072600764712,24.983170941346
桃園市新屋區赤欄里2鄰中山西路二段266巷219號,68,6801100,6801100-014,2鄰,中山西路,二段,266巷,,,,219號,121.072634358688,24.9831952113474
桃園市新屋區赤欄里2鄰中山西路二段266巷352號,68,6801100,6801100-014,2鄰,中山西路,二段,266巷,,,,352號,121.073489471571,24.9851429391164
桃園市新屋區赤欄里2鄰中山西路二段266巷388號,68,6801100,6801100-014,2鄰,中山西路,二段,266巷,,,,388號,121.073534216874,24.9855948785014
桃園市新屋區赤欄里2鄰中山西路二段266巷396號,68,6801100,6801100-014,2鄰,中山西路,二段,266巷,,,,396號,121.073654957531,24.9857443290214
桃園市新屋區赤欄里6鄰中山西路二段268號,68,6801100,6801100-014,6鄰,中山西路,二段,,,,,268號,121.07141774176,24.9797296165142
桃園市新屋區赤欄里6鄰中山西路二段270號,68,6801100,6801100-014,6鄰,中山西路,二段,,,,,270號,121.071364357706,24.9797386705203
桃園市新屋區赤欄里6鄰中山西路二段272號,68,6801100,6801100-014,6鄰,中山西路,二段,,,,,272號,121.071326332399,24.9797574678236
桃園市新屋區赤欄里6鄰中山西路二段274號,68,6801100,6801100-014,6鄰,中山西路,二段,,,,,274號,121.071275425472,24.9797679651553
桃園市新屋區赤欄里6鄰中山西路二段280號,68,6801100,6801100-014,6鄰,中山西路,二段,,,,,280號,121.07110657564,24.9798282653561
桃園市新屋區赤欄里8鄰中山西路二段283號,68,6801100,6801100-014,8鄰,中山西路,二段,,,,,283號,121.070877478993,24.9795033521141
桃園市新屋區赤欄里6鄰中山西路二段286號,68,6801100,6801100-014,6鄰,中山西路,二段,,,,,286號,121.070981287059,24.9798507155921
桃園市新屋區赤欄里8鄰中山西路二段287號,68,6801100,6801100-014,8鄰,中山西路,二段,,,,,287號,121.070760835058,24.9795726554604
桃園市新屋區赤欄里6鄰中山西路二段288號,68,6801100,6801100-014,6鄰,中山西路,二段,,,,,288號,121.070925935074,24.9798827928061
桃園市新屋區赤欄里6鄰中山西路二段290號,68,6801100,6801100-014,6鄰,中山西路,二段,,,,,290號,121.070847905347,24.9799241800497
桃園市新屋區赤欄里6鄰中山西路二段296之1號,68,6801100,6801100-014,6鄰,中山西路,二段,,,,,296之1號,121.070819113936,24.9801545985813
桃園市新屋區赤欄里8鄰中山西路二段301號,68,6801100,6801100-014,8鄰,中山西路,二段,,,,,301號,121.070417445933,24.9796171477606
桃園市新屋區赤欄里8鄰中山西路二段303號,68,6801100,6801100-014,8鄰,中山西路,二段,,,,,303號,121.070284139738,24.9796493518781
桃園市新屋區赤欄里6鄰中山西路二段376號,68,6801100,6801100-014,6鄰,中山西路,二段,,,,,376號,121.068967720607,24.9806922064187
桃園市新屋區赤欄里6鄰中山西路二段378號,68,6801100,6801100-014,6鄰,中山西路,二段,,,,,378號,121.068927475748,24.9808174489937
桃園市新屋區赤欄里8鄰中山西路二段382巷36號,68,6801100,6801100-014,8鄰,中山西路,二段,382巷,,,,36號,121.069596954182,24.9811284367548
桃園市新屋區赤欄里6鄰中山西路二段382巷38號,68,6801100,6801100-014,6鄰,中山西路,二段,382巷,,,,38號,121.069625830772,24.9812207837947
桃園市新屋區赤欄里6鄰中山西路二段384之3號,68,6801100,6801100-014,6鄰,中山西路,二段,,,,,384之3號,121.068573095586,24.9808763875706
桃園市新屋區赤欄里6鄰中山西路二段384號,68,6801100,6801100-014,6鄰,中山西路,二段,,,,,384號,121.068763822706,24.9807870086887
桃園市新屋區赤欄里6鄰中山西路二段427巷31弄48號,68,6801100,6801100-014,6鄰,中山西路,二段,427巷,31弄,,,48號,121.068455919077,24.9796304316784
桃園市新屋區赤欄里6鄰中山西路二段427巷103弄63號,68,6801100,6801100-014,6鄰,中山西路,二段,427巷,103弄,,,63號,121.06839478933,24.9787088403171
桃園市新屋區赤欄里6鄰中山西路二段427巷103弄160號,68,6801100,6801100-014,6鄰,中山西路,二段,427巷,103弄,,,160號,121.069184889977,24.9779391648287
桃園市新屋區赤欄里7鄰中山西路二段427巷191弄37號,68,6801100,6801100-014,7鄰,中山西路,二段,427巷,191弄,,,37號,121.06738421731,24.9771680621174
桃園市新屋區赤欄里7鄰中山西路二段427巷191弄128號,68,6801100,6801100-014,7鄰,中山西路,二段,427巷,191弄,,,128號,121.068983838428,24.9762028247524
桃園市新屋區赤欄里7鄰中山西路二段427巷320號,68,6801100,6801100-014,7鄰,中山西路,二段,427巷,,,,320號,121.065951836125,24.9758432431195
桃園市新屋區赤欄里6鄰中山西路二段430號,68,6801100,6801100-014,6鄰,中山西路,二段,,,,,430號,121.06796323544,24.9810776394999
桃園市新屋區赤欄里6鄰中山西路二段446號,68,6801100,6801100-014,6鄰,中山西路,二段,,,,,446號,121.067303755957,24.9812946207914
桃園市新屋區赤欄里6鄰中山西路二段451號,68,6801100,6801100-014,6鄰,中山西路,二段,,,,,451號,121.066872990721,24.9807810086041
桃園市新屋區赤欄里8鄰中山西路二段498號,68,6801100,6801100-014,8鄰,中山西路,二段,,,,,498號,121.066132639675,24.9816573651867
桃園市新屋區赤欄里6鄰中山西路二段514號,68,6801100,6801100-014,6鄰,中山西路,二段,,,,,514號,121.0656595429,24.981629496307
桃園市新屋區赤欄里6鄰中山西路二段518號,68,6801100,6801100-014,6鄰,中山西路,二段,,,,,518號,121.065573079078,24.981648945486
桃園市新屋區赤欄里6鄰中山西路二段522之1號,68,6801100,6801100-014,6鄰,中山西路,二段,,,,,522之1號,121.065470472342,24.9816739090408
桃園市新屋區赤欄里6鄰中山西路二段522號,68,6801100,6801100-014,6鄰,中山西路,二段,,,,,522號,121.065514743982,24.9816635068997
桃園市新屋區赤欄里6鄰中山西路二段524之1號,68,6801100,6801100-014,6鄰,中山西路,二段,,,,,524之1號,121.065370539355,24.9816976073745
桃園市新屋區赤欄里6鄰中山西路二段524號,68,6801100,6801100-014,6鄰,中山西路,二段,,,,,524號,121.065420852351,24.9816853969277
桃園市新屋區赤欄里6鄰中山西路二段528號,68,6801100,6801100-014,6鄰,中山西路,二段,,,,,528號,121.065330329192,24.9817085493941
桃園市新屋區赤欄里6鄰中山西路二段530號,68,6801100,6801100-014,6鄰,中山西路,二段,,,,,530號,121.065279421186,24.9817194960951
桃園市新屋區赤欄里6鄰中山西路二段532號,68,6801100,6801100-014,6鄰,中山西路,二段,,,,,532號,121.065231088242,24.9817298096621
桃園市新屋區赤欄里6鄰中山西路二段534號,68,6801100,6801100-014,6鄰,中山西路,二段,,,,,534號,121.065187509553,24.9817394891432
桃園市新屋區赤欄里6鄰中山西路二段536號,68,6801100,6801100-014,6鄰,中山西路,二段,,,,,536號,121.065150666247,24.9817486239596
桃園市新屋區赤欄里6鄰中山西路二段538號,68,6801100,6801100-014,6鄰,中山西路,二段,,,,,538號,121.065109762052,24.9817583925313
桃園市新屋區赤欄里6鄰中山西路二段538之1號,68,6801100,6801100-014,6鄰,中山西路,二段,,,,,538之1號,121.06507153193,24.9817674376506
桃園市新屋區赤欄里6鄰中山西路二段542號,68,6801100,6801100-014,6鄰,中山西路,二段,,,,,542號,121.065035282315,24.9817753984867
桃園市新屋區赤欄里6鄰中山西路二段544號,68,6801100,6801100-014,6鄰,中山西路,二段,,,,,544號,121.065003092916,24.9817814615766
桃園市新屋區赤欄里6鄰中山西路二段546號,68,6801100,6801100-014,6鄰,中山西路,二段,,,,,546號,121.064974965681,24.9817893285665
桃園市新屋區赤欄里6鄰中山西路二段548號,68,6801100,6801100-014,6鄰,中山西路,二段,,,,,548號,121.064946739104,24.9817966538905
桃園市新屋區赤欄里6鄰中山西路二段550號,68,6801100,6801100-014,6鄰,中山西路,二段,,,,,550號,121.064907914017,24.9818045255353
