FULL_ADDR,COUNTY,TOWN,VILLAGE,NEIGHBORHOOD,ROAD,SECTION,LANE,ALLEY,SUB_ALLEY,TONG,NUMBER,X,Y
桃園市蘆竹區上竹里5鄰上竹六街8號,68,6800500,6800500-022,5鄰,上竹六街,,,,,,8號,121.263293945554,25.0223984090661
桃園市蘆竹區上竹里5鄰上竹六街12號,68,6800500,6800500-022,5鄰,上竹六街,,,,,,12號,121.263130971552,25.0221766015747
桃園市蘆竹區上竹里5鄰上竹六街14號,68,6800500,6800500-022,5鄰,上竹六街,,,,,,14號,121.263075773021,25.0221265019456
桃園市蘆竹區上竹里5鄰上竹六街16號,68,6800500,6800500-022,5鄰,上竹六街,,,,,,16號,121.263032261034,25.022073763414
桃園市蘆竹區上竹里5鄰上竹六街18號,68,6800500,6800500-022,5鄰,上竹六街,,,,,,18號,121.263000675497,25.0220379769646
桃園市蘆竹區上竹里5鄰上竹六街20號二樓,68,6800500,6800500-022,5鄰,上竹六街,,,,,,20號二樓,121.2629485795,25.0220023170693
