FULL_ADDR,COUNTY,TOWN,VILLAGE,NEIGHBORHOOD,ROAD,SECTION,LANE,ALLEY,SUB_ALLEY,TONG,NUMBER,X,Y
桃園市中壢區中榮里16鄰中榮路3號,68,6800200,6800200-050,16鄰,中榮路,,,,,,3號,121.221447352855,24.9552511785275
桃園市中壢區中榮里16鄰中榮路5號,68,6800200,6800200-050,16鄰,中榮路,,,,,,5號,121.221436098272,24.9552154428211
桃園市中壢區中榮里16鄰中榮路7號,68,6800200,6800200-050,16鄰,中榮路,,,,,,7號,121.221419201771,24.9551813406109
桃園市中壢區中榮里16鄰中榮路9號,68,6800200,6800200-050,16鄰,中榮路,,,,,,9號,121.221411602187,24.9551404532851
桃園市中壢區中榮里16鄰中榮路11號,68,6800200,6800200-050,16鄰,中榮路,,,,,,11號,121.221391035382,24.9551029257372
桃園市中壢區中榮里16鄰中榮路13號,68,6800200,6800200-050,16鄰,中榮路,,,,,,13號,121.221372260529,24.9550706319914
桃園市中壢區中榮里16鄰中榮路15號,68,6800200,6800200-050,16鄰,中榮路,,,,,,15號,121.221359121148,24.9550330934005
桃園市中壢區中榮里16鄰中榮路17號,68,6800200,6800200-050,16鄰,中榮路,,,,,,17號,121.221366478488,24.954993899239
桃園市中壢區中榮里16鄰中榮路19號,68,6800200,6800200-050,16鄰,中榮路,,,,,,19號,121.221334643547,24.9549683961908
桃園市中壢區中榮里16鄰中榮路21號,68,6800200,6800200-050,16鄰,中榮路,,,,,,21號,121.221303069243,24.9549224885787
桃園市中壢區中榮里16鄰中榮路23號,68,6800200,6800200-050,16鄰,中榮路,,,,,,23號,121.221292206503,24.954884314611
