FULL_ADDR,COUNTY,TOWN,VILLAGE,NEIGHBORHOOD,ROAD,SECTION,LANE,ALLEY,SUB_ALLEY,TONG,NUMBER,X,Y
桃園市平鎮區山峰里25鄰中豐路山頂段興峰巷2弄1號,68,6801000,6801000-015,25鄰,中豐路山頂段,,興峰巷,2弄,,,1號,121.211571845127,24.897940227492
桃園市平鎮區山峰里25鄰中豐路山頂段興峰巷2弄2號,68,6801000,6801000-015,25鄰,中豐路山頂段,,興峰巷,2弄,,,2號,121.211484028746,24.8979313235187
桃園市平鎮區山峰里25鄰中豐路山頂段興峰巷2弄3號,68,6801000,6801000-015,25鄰,中豐路山頂段,,興峰巷,2弄,,,3號,121.211579364286,24.8978799066745
桃園市平鎮區山峰里25鄰中豐路山頂段興峰巷2弄4號,68,6801000,6801000-015,25鄰,中豐路山頂段,,興峰巷,2弄,,,4號,121.211489975702,24.8978777762836
桃園市平鎮區山峰里25鄰中豐路山頂段興峰巷2弄5號,68,6801000,6801000-015,25鄰,中豐路山頂段,,興峰巷,2弄,,,5號,121.211586390044,24.8978204894025
桃園市平鎮區山峰里25鄰中豐路山頂段興峰巷2弄6號,68,6801000,6801000-015,25鄰,中豐路山頂段,,興峰巷,2弄,,,6號,121.211496909286,24.8978223316715
桃園市平鎮區山峰里25鄰中豐路山頂段興峰巷2弄7號,68,6801000,6801000-015,25鄰,中豐路山頂段,,興峰巷,2弄,,,7號,121.211592923635,24.8977626979516
桃園市平鎮區山峰里25鄰中豐路山頂段興峰巷2弄8號,68,6801000,6801000-015,25鄰,中豐路山頂段,,興峰巷,2弄,,,8號,121.211503342086,24.8977634569512
桃園市平鎮區山峰里25鄰中豐路山頂段興峰巷2弄9號,68,6801000,6801000-015,25鄰,中豐路山頂段,,興峰巷,2弄,,,9號,121.211599956153,24.8977072531938
桃園市平鎮區山峰里25鄰中豐路山頂段興峰巷2弄10號,68,6801000,6801000-015,25鄰,中豐路山頂段,,興峰巷,2弄,,,10號,121.211510074301,24.8977060263604
桃園市平鎮區山峰里25鄰中豐路山頂段興峰巷2弄11號,68,6801000,6801000-015,25鄰,中豐路山頂段,,興峰巷,2弄,,,11號,121.211606878905,24.8976454886642
桃園市平鎮區山峰里25鄰中豐路山頂段興峰巷2弄12號,68,6801000,6801000-015,25鄰,中豐路山頂段,,興峰巷,2弄,,,12號,121.211517592707,24.8976452541217
桃園市平鎮區山峰里25鄰中豐路山頂段興峰巷2弄13號,68,6801000,6801000-015,25鄰,中豐路山頂段,,興峰巷,2弄,,,13號,121.211614393105,24.8975822787404
桃園市平鎮區山峰里25鄰中豐路山頂段興峰巷2弄14號,68,6801000,6801000-015,25鄰,中豐路山頂段,,興峰巷,2弄,,,14號,121.211523442034,24.8975925195838
桃園市平鎮區山峰里25鄰中豐路山頂段興峰巷2弄15號,68,6801000,6801000-015,25鄰,中豐路山頂段,,興峰巷,2弄,,,15號,121.211622494596,24.897515185742
桃園市平鎮區山峰里25鄰中豐路山頂段興峰巷2弄16號,68,6801000,6801000-015,25鄰,中豐路山頂段,,興峰巷,2弄,,,16號,121.211529394803,24.8975424031541
桃園市平鎮區山峰里25鄰中豐路山頂段興峰巷2弄18號,68,6801000,6801000-015,25鄰,中豐路山頂段,,興峰巷,2弄,,,18號,121.211534754575,24.8974928292725
桃園市平鎮區山峰里25鄰中豐路山頂段興峰巷4弄22衖1號,68,6801000,6801000-015,25鄰,中豐路山頂段,,興峰巷,4弄,,,22衖1號,121.211721432649,24.8974288235299
桃園市平鎮區山峰里25鄰中豐路山頂段興峰巷4弄22衖2號,68,6801000,6801000-015,25鄰,中豐路山頂段,,興峰巷,4弄,,,22衖2號,121.211661339644,24.8974239431286
桃園市平鎮區山峰里25鄰中豐路山頂段興峰巷4弄22衖3號,68,6801000,6801000-015,25鄰,中豐路山頂段,,興峰巷,4弄,,,22衖3號,121.211605503043,24.8974190566669
桃園市平鎮區山峰里25鄰中豐路山頂段興峰巷4弄22衖5號,68,6801000,6801000-015,25鄰,中豐路山頂段,,興峰巷,4弄,,,22衖5號,121.211495611757,24.8974093714397
桃園市平鎮區山峰里25鄰中豐路山頂段興峰巷4弄22衖6號,68,6801000,6801000-015,25鄰,中豐路山頂段,,興峰巷,4弄,,,22衖6號,121.211448883576,24.89740546514
桃園市平鎮區山峰里25鄰中豐路山頂段興峰巷4弄1號,68,6801000,6801000-015,25鄰,中豐路山頂段,,興峰巷,4弄,,,1號,121.211845639141,24.8978803414227
桃園市平鎮區山峰里25鄰中豐路山頂段興峰巷4弄2號,68,6801000,6801000-015,25鄰,中豐路山頂段,,興峰巷,4弄,,,2號,121.211740296224,24.8979259944196
桃園市平鎮區山峰里25鄰中豐路山頂段興峰巷4弄3號,68,6801000,6801000-015,25鄰,中豐路山頂段,,興峰巷,4弄,,,3號,121.211849233224,24.8978402499292
桃園市平鎮區山峰里25鄰中豐路山頂段興峰巷4弄4號,68,6801000,6801000-015,25鄰,中豐路山頂段,,興峰巷,4弄,,,4號,121.211744578627,24.897883193412
桃園市平鎮區山峰里25鄰中豐路山頂段興峰巷4弄5號,68,6801000,6801000-015,25鄰,中豐路山頂段,,興峰巷,4弄,,,5號,121.211854019609,24.8978027749979
桃園市平鎮區山峰里25鄰中豐路山頂段興峰巷4弄6號,68,6801000,6801000-015,25鄰,中豐路山頂段,,興峰巷,4弄,,,6號,121.211749945565,24.8978378628943
桃園市平鎮區山峰里25鄰中豐路山頂段興峰巷4弄7號,68,6801000,6801000-015,25鄰,中豐路山頂段,,興峰巷,4弄,,,7號,121.211858310136,24.8977647590622
桃園市平鎮區山峰里25鄰中豐路山頂段興峰巷4弄8號,68,6801000,6801000-015,25鄰,中豐路山頂段,,興峰巷,4弄,,,8號,121.211754321095,24.8977916309366
桃園市平鎮區山峰里25鄰中豐路山頂段興峰巷4弄9號,68,6801000,6801000-015,25鄰,中豐路山頂段,,興峰巷,4弄,,,9號,121.211862108348,24.8977282786646
桃園市平鎮區山峰里25鄰中豐路山頂段興峰巷4弄10號,68,6801000,6801000-015,25鄰,中豐路山頂段,,興峰巷,4弄,,,10號,121.211759491285,24.8977470229746
桃園市平鎮區山峰里25鄰中豐路山頂段興峰巷4弄11號,68,6801000,6801000-015,25鄰,中豐路山頂段,,興峰巷,4弄,,,11號,121.211866399024,24.8976903530128
桃園市平鎮區山峰里25鄰中豐路山頂段興峰巷4弄12號,68,6801000,6801000-015,25鄰,中豐路山頂段,,興峰巷,4弄,,,12號,121.211764365129,24.8977027765715
桃園市平鎮區山峰里25鄰中豐路山頂段興峰巷4弄13號,68,6801000,6801000-015,25鄰,中豐路山頂段,,興峰巷,4弄,,,13號,121.211870591636,24.897652969208
桃園市平鎮區山峰里25鄰中豐路山頂段興峰巷4弄14號,68,6801000,6801000-015,25鄰,中豐路山頂段,,興峰巷,4弄,,,14號,121.211768742652,24.8976577183103
桃園市平鎮區山峰里25鄰中豐路山頂段興峰巷4弄15號,68,6801000,6801000-015,25鄰,中豐路山頂段,,興峰巷,4弄,,,15號,121.211874879841,24.8976135990045
桃園市平鎮區山峰里25鄰中豐路山頂段興峰巷4弄16號,68,6801000,6801000-015,25鄰,中豐路山頂段,,興峰巷,4弄,,,16號,121.21177411219,24.8976139226262
桃園市平鎮區山峰里25鄰中豐路山頂段興峰巷4弄17號,68,6801000,6801000-015,25鄰,中豐路山頂段,,興峰巷,4弄,,,17號,121.211879659584,24.89757224184
桃園市平鎮區山峰里25鄰中豐路山頂段興峰巷4弄18號,68,6801000,6801000-015,25鄰,中豐路山頂段,,興峰巷,4弄,,,18號,121.211778391337,24.8975692256426
桃園市平鎮區山峰里25鄰中豐路山頂段興峰巷4弄19號,68,6801000,6801000-015,25鄰,中豐路山頂段,,興峰巷,4弄,,,19號,121.211885019987,24.8975231193692
桃園市平鎮區山峰里25鄰中豐路山頂段興峰巷4弄20號,68,6801000,6801000-015,25鄰,中豐路山頂段,,興峰巷,4弄,,,20號,121.211784350626,24.8975229914345
桃園市平鎮區山峰里25鄰中豐路山頂段興峰巷4弄21號,68,6801000,6801000-015,25鄰,中豐路山頂段,,興峰巷,4弄,,,21號,121.211895467095,24.8974385077997
桃園市平鎮區山峰里25鄰中豐路山頂段興峰巷4弄23號,68,6801000,6801000-015,25鄰,中豐路山頂段,,興峰巷,4弄,,,23號,121.211900341649,24.8973947128129
桃園市平鎮區山峰里25鄰中豐路山頂段興峰巷4弄24號,68,6801000,6801000-015,25鄰,中豐路山頂段,,興峰巷,4弄,,,24號,121.211792876092,24.8974143668773
桃園市平鎮區山峰里25鄰中豐路山頂段興峰巷4弄26號,68,6801000,6801000-015,25鄰,中豐路山頂段,,興峰巷,4弄,,,26號,121.211803621752,24.8973306577357
桃園市平鎮區山峰里25鄰中豐路山頂段興峰巷4弄27號,68,6801000,6801000-015,25鄰,中豐路山頂段,,興峰巷,4弄,,,27號,121.211909988526,24.8973052270053
桃園市平鎮區山峰里26鄰中豐路山頂段興峰巷5號,68,6801000,6801000-015,26鄰,中豐路山頂段,,興峰巷,,,,5號,121.21143205711,24.8980454267022
桃園市平鎮區山峰里26鄰中豐路山頂段興峰巷5之1號,68,6801000,6801000-015,26鄰,中豐路山頂段,,興峰巷,,,,5之1號,121.211441956912,24.8982785276697
桃園市平鎮區山峰里26鄰中豐路山頂段興峰巷6弄1號,68,6801000,6801000-015,26鄰,中豐路山頂段,,興峰巷,6弄,,,1號,121.212095413755,24.8978407127607
桃園市平鎮區山峰里26鄰中豐路山頂段興峰巷6弄2號,68,6801000,6801000-015,26鄰,中豐路山頂段,,興峰巷,6弄,,,2號,121.212016757976,24.8978633054265
桃園市平鎮區山峰里26鄰中豐路山頂段興峰巷6弄3號,68,6801000,6801000-015,26鄰,中豐路山頂段,,興峰巷,6弄,,,3號,121.212102444356,24.8977842748524
桃園市平鎮區山峰里26鄰中豐路山頂段興峰巷6弄4號,68,6801000,6801000-015,26鄰,中豐路山頂段,,興峰巷,6弄,,,4號,121.21202211664,24.897813189824
桃園市平鎮區山峰里26鄰中豐路山頂段興峰巷6弄5號,68,6801000,6801000-015,26鄰,中豐路山頂段,,興峰巷,6弄,,,5號,121.212108479224,24.8977244075416
桃園市平鎮區山峰里26鄰中豐路山頂段興峰巷6弄6號,68,6801000,6801000-015,26鄰,中豐路山頂段,,興峰巷,6弄,,,6號,121.212027083981,24.897765783317
桃園市平鎮區山峰里26鄰中豐路山頂段興峰巷6弄8號,68,6801000,6801000-015,26鄰,中豐路山頂段,,興峰巷,6弄,,,8號,121.212032441712,24.897715126007
桃園市平鎮區山峰里26鄰中豐路山頂段興峰巷6弄9號,68,6801000,6801000-015,26鄰,中豐路山頂段,,興峰巷,6弄,,,9號,121.212200491154,24.8976398605539
桃園市平鎮區山峰里26鄰中豐路山頂段興峰巷6弄10號,68,6801000,6801000-015,26鄰,中豐路山頂段,,興峰巷,6弄,,,10號,121.212038296221,24.8976655514064
桃園市平鎮區山峰里26鄰中豐路山頂段興峰巷6弄11號,68,6801000,6801000-015,26鄰,中豐路山頂段,,興峰巷,6弄,,,11號,121.212168842945,24.8975980134742
桃園市平鎮區山峰里26鄰中豐路山頂段興峰巷6弄12號,68,6801000,6801000-015,26鄰,中豐路山頂段,,興峰巷,6弄,,,12號,121.212043653943,24.8976148940953
桃園市平鎮區山峰里26鄰中豐路山頂段興峰巷6弄13號,68,6801000,6801000-015,26鄰,中豐路山頂段,,興峰巷,6弄,,,13號,121.212144121708,24.8974970200826
桃園市平鎮區山峰里26鄰中豐路山頂段興峰巷6弄14號,68,6801000,6801000-015,26鄰,中豐路山頂段,,興峰巷,6弄,,,14號,121.21205067052,24.8975502403029
桃園市平鎮區山峰里26鄰中豐路山頂段興峰巷6弄16號,68,6801000,6801000-015,26鄰,中豐路山頂段,,興峰巷,6弄,,,16號,121.212059110804,24.897449831758
桃園市平鎮區山峰里26鄰中豐路山頂段興峰巷6弄18號,68,6801000,6801000-015,26鄰,中豐路山頂段,,興峰巷,6弄,,,18號,121.212064455399,24.8973915002666
桃園市平鎮區山峰里26鄰中豐路山頂段興峰巷7號,68,6801000,6801000-015,26鄰,中豐路山頂段,,興峰巷,,,,7號,121.211531266715,24.8980600024878
桃園市平鎮區山峰里26鄰中豐路山頂段興峰巷8弄1號,68,6801000,6801000-015,26鄰,中豐路山頂段,,興峰巷,8弄,,,1號,121.212316768622,24.8977949847663
桃園市平鎮區山峰里26鄰中豐路山頂段興峰巷8弄2號,68,6801000,6801000-015,26鄰,中豐路山頂段,,興峰巷,8弄,,,2號,121.212206481778,24.8977857520513
桃園市平鎮區山峰里26鄰中豐路山頂段興峰巷8弄3號,68,6801000,6801000-015,26鄰,中豐路山頂段,,興峰巷,8弄,,,3號,121.212288296234,24.8977580085661
桃園市平鎮區山峰里26鄰中豐路山頂段興峰巷8弄7號,68,6801000,6801000-015,26鄰,中豐路山頂段,,興峰巷,8弄,,,7號,121.212227775654,24.8976768384613
桃園市平鎮區山峰里26鄰中豐路山頂段興峰巷9號,68,6801000,6801000-015,26鄰,中豐路山頂段,,興峰巷,,,,9號,121.211588097623,24.8980673252513
桃園市平鎮區山峰里26鄰中豐路山頂段興峰巷10號,68,6801000,6801000-015,26鄰,中豐路山頂段,,興峰巷,,,,10號,121.212344647109,24.897831961806
桃園市平鎮區山峰里26鄰中豐路山頂段興峰巷11號,68,6801000,6801000-015,26鄰,中豐路山頂段,,興峰巷,,,,11號,121.211641266034,24.8980746531881
桃園市平鎮區山峰里26鄰中豐路山頂段興峰巷13號,68,6801000,6801000-015,26鄰,中豐路山頂段,,興峰巷,,,,13號,121.211778000844,24.8980945926579
桃園市平鎮區山峰里26鄰中豐路山頂段興峰巷19號,68,6801000,6801000-015,26鄰,中豐路山頂段,,興峰巷,,,,19號,121.211839467181,24.8979759616434
桃園市平鎮區山峰里26鄰中豐路山頂段興峰巷21號,68,6801000,6801000-015,26鄰,中豐路山頂段,,興峰巷,,,,21號,121.211925762904,24.8979638312407
桃園市平鎮區山峰里26鄰中豐路山頂段興峰巷23號,68,6801000,6801000-015,26鄰,中豐路山頂段,,興峰巷,,,,23號,121.211988603595,24.8979545329382
桃園市平鎮區山峰里26鄰中豐路山頂段興峰巷25號,68,6801000,6801000-015,26鄰,中豐路山頂段,,興峰巷,,,,25號,121.212050257364,24.8979457780039
桃園市平鎮區山峰里26鄰中豐路山頂段興峰巷27號,68,6801000,6801000-015,26鄰,中豐路山頂段,,興峰巷,,,,27號,121.212109832408,24.8979370259993
桃園市平鎮區山峰里26鄰中豐路山頂段興峰巷29號,68,6801000,6801000-015,26鄰,中豐路山頂段,,興峰巷,,,,29號,121.212163469028,24.8979287338382
桃園市平鎮區山峰里26鄰中豐路山頂段興峰巷31號,68,6801000,6801000-015,26鄰,中豐路山頂段,,興峰巷,,,,31號,121.212217603197,24.8979219757895
桃園市平鎮區山峰里26鄰中豐路山頂段興峰巷33號,68,6801000,6801000-015,26鄰,中豐路山頂段,,興峰巷,,,,33號,121.212271833721,24.8979136827448
桃園市平鎮區山峰里24鄰中豐路山頂段289號,68,6801000,6801000-015,24鄰,中豐路山頂段,,,,,,289號,121.211170101508,24.8979075718452
桃園市平鎮區山峰里24鄰中豐路山頂段291號,68,6801000,6801000-015,24鄰,中豐路山頂段,,,,,,291號,121.211174887333,24.8978696455123
桃園市平鎮區山峰里24鄰中豐路山頂段293號,68,6801000,6801000-015,24鄰,中豐路山頂段,,,,,,293號,121.21118086176,24.8978321689202
桃園市平鎮區山峰里24鄰中豐路山頂段295號,68,6801000,6801000-015,24鄰,中豐路山頂段,,,,,,295號,121.21118614159,24.8977937001794
桃園市平鎮區山峰里24鄰中豐路山頂段297號,68,6801000,6801000-015,24鄰,中豐路山頂段,,,,,,297號,121.211191526239,24.8977586621073
桃園市平鎮區山峰里24鄰中豐路山頂段299號,68,6801000,6801000-015,24鄰,中豐路山頂段,,,,,,299號,121.211196410271,24.8977202842107
桃園市平鎮區山峰里24鄰中豐路山頂段301號,68,6801000,6801000-015,24鄰,中豐路山頂段,,,,,,301號,121.211201790767,24.8976828084577
桃園市平鎮區山峰里24鄰中豐路山頂段303號,68,6801000,6801000-015,24鄰,中豐路山頂段,,,,,,303號,121.211207764409,24.8976448804415
桃園市平鎮區山峰里24鄰中豐路山頂段305號,68,6801000,6801000-015,24鄰,中豐路山頂段,,,,,,305號,121.211213145667,24.89760785611
桃園市平鎮區山峰里24鄰中豐路山頂段307號,68,6801000,6801000-015,24鄰,中豐路山頂段,,,,,,307號,121.211218520315,24.8975669495467
桃園市平鎮區山峰里24鄰中豐路山頂段309號,68,6801000,6801000-015,24鄰,中豐路山頂段,,,,,,309號,121.211223902488,24.8975304669213
桃園市平鎮區山峰里24鄰中豐路山頂段311號,68,6801000,6801000-015,24鄰,中豐路山頂段,,,,,,311號,121.211229085457,24.8974932623001
桃園市平鎮區山峰里24鄰中豐路山頂段313號,68,6801000,6801000-015,24鄰,中豐路山頂段,,,,,,313號,121.211234464244,24.8974547934159
桃園市平鎮區山峰里24鄰中豐路山頂段315號,68,6801000,6801000-015,24鄰,中豐路山頂段,,,,,,315號,121.21124034057,24.8974178586665
桃園市平鎮區山峰里24鄰中豐路山頂段317號,68,6801000,6801000-015,24鄰,中豐路山頂段,,,,,,317號,121.211245622668,24.8973807441885
桃園市平鎮區山峰里24鄰中豐路山頂段319號,68,6801000,6801000-015,24鄰,中豐路山頂段,,,,,,319號,121.211251498066,24.8973432677315
桃園市平鎮區山峰里24鄰中豐路山頂段321號,68,6801000,6801000-015,24鄰,中豐路山頂段,,,,,,321號,121.21125794571,24.8972930603251
桃園市平鎮區山峰里24鄰中豐路山頂段321之1號,68,6801000,6801000-015,24鄰,中豐路山頂段,,,,,,321之1號,121.21125794571,24.8972930603251
桃園市平鎮區山峰里24鄰中豐路山頂段321之2號,68,6801000,6801000-015,24鄰,中豐路山頂段,,,,,,321之2號,121.21125794571,24.8972930603251
桃園市平鎮區山峰里24鄰中豐路山頂段321之3號,68,6801000,6801000-015,24鄰,中豐路山頂段,,,,,,321之3號,121.21125794571,24.8972930603251
桃園市平鎮區山峰里24鄰中豐路山頂段321之4號,68,6801000,6801000-015,24鄰,中豐路山頂段,,,,,,321之4號,121.21125794571,24.8972930603251
桃園市平鎮區山峰里24鄰中豐路山頂段323之3號,68,6801000,6801000-015,24鄰,中豐路山頂段,,,,,,323之3號,121.21126420767,24.8972500759549
桃園市平鎮區山峰里24鄰中豐路山頂段323之4號,68,6801000,6801000-015,24鄰,中豐路山頂段,,,,,,323之4號,121.21126420767,24.8972500759549
桃園市平鎮區山峰里24鄰中豐路山頂段323號,68,6801000,6801000-015,24鄰,中豐路山頂段,,,,,,323號,121.21126420767,24.8972500759549
桃園市平鎮區山峰里24鄰中豐路山頂段323之1號,68,6801000,6801000-015,24鄰,中豐路山頂段,,,,,,323之1號,121.21126420767,24.8972500759549
桃園市平鎮區山峰里24鄰中豐路山頂段323之2號,68,6801000,6801000-015,24鄰,中豐路山頂段,,,,,,323之2號,121.21126420767,24.8972500759549
桃園市平鎮區山峰里23鄰中豐路山頂段327巷1號,68,6801000,6801000-015,23鄰,中豐路山頂段,,327巷,,,,1號,121.211417161368,24.8972618671776
桃園市平鎮區山峰里23鄰中豐路山頂段327巷2弄1衖1號,68,6801000,6801000-015,23鄰,中豐路山頂段,,327巷,2弄,,,1衖1號,121.21147143009,24.8969856094578
桃園市平鎮區山峰里23鄰中豐路山頂段327巷2弄1衖3號,68,6801000,6801000-015,23鄰,中豐路山頂段,,327巷,2弄,,,1衖3號,121.211510041285,24.8969895272575
桃園市平鎮區山峰里23鄰中豐路山頂段327巷2弄1衖5號,68,6801000,6801000-015,23鄰,中豐路山頂段,,327巷,2弄,,,1衖5號,121.21155191978,24.8969938918382
桃園市平鎮區山峰里23鄰中豐路山頂段327巷2弄1衖7號,68,6801000,6801000-015,23鄰,中豐路山頂段,,327巷,2弄,,,1衖7號,121.211595876208,24.8969978020372
桃園市平鎮區山峰里23鄰中豐路山頂段327巷2弄1衖9號,68,6801000,6801000-015,23鄰,中豐路山頂段,,327巷,2弄,,,1衖9號,121.211636170938,24.8970021688402
桃園市平鎮區山峰里23鄰中豐路山頂段327巷3號,68,6801000,6801000-015,23鄰,中豐路山頂段,,327巷,,,,3號,121.211466464819,24.8972667629693
桃園市平鎮區山峰里23鄰中豐路山頂段327巷4號,68,6801000,6801000-015,23鄰,中豐路山頂段,,327巷,,,,4號,121.211448936508,24.8971459869171
桃園市平鎮區山峰里23鄰中豐路山頂段327巷5號,68,6801000,6801000-015,23鄰,中豐路山頂段,,327巷,,,,5號,121.211513192948,24.8972706692639
桃園市平鎮區山峰里23鄰中豐路山頂段327巷6號,68,6801000,6801000-015,23鄰,中豐路山頂段,,327巷,,,,6號,121.211491804144,24.8971498986893
桃園市平鎮區山峰里23鄰中豐路山頂段327巷7號,68,6801000,6801000-015,23鄰,中豐路山頂段,,327巷,,,,7號,121.211562000554,24.8972750240188
桃園市平鎮區山峰里23鄰中豐路山頂段327巷8號,68,6801000,6801000-015,23鄰,中豐路山頂段,,327巷,,,,8號,121.211533088777,24.8971542641167
桃園市平鎮區山峰里23鄰中豐路山頂段327巷9號,68,6801000,6801000-015,23鄰,中豐路山頂段,,327巷,,,,9號,121.211608630472,24.8972793818461
桃園市平鎮區山峰里23鄰中豐路山頂段327巷10號,68,6801000,6801000-015,23鄰,中豐路山頂段,,327巷,,,,10號,121.211574470707,24.8971576362633
桃園市平鎮區山峰里23鄰中豐路山頂段327巷11號,68,6801000,6801000-015,23鄰,中豐路山頂段,,327巷,,,,11號,121.211657439008,24.8972842782765
桃園市平鎮區山峰里23鄰中豐路山頂段327巷12號,68,6801000,6801000-015,23鄰,中豐路山頂段,,327巷,,,,12號,121.211614665732,24.8971615517897
桃園市平鎮區山峰里23鄰中豐路山頂段327巷13號,68,6801000,6801000-015,23鄰,中豐路山頂段,,327巷,,,,13號,121.211704662849,24.8972886352312
桃園市平鎮區山峰里23鄰中豐路山頂段327巷14號,68,6801000,6801000-015,23鄰,中豐路山頂段,,327巷,,,,14號,121.211654860759,24.8971654673053
桃園市平鎮區山峰里23鄰中豐路山頂段327巷15號,68,6801000,6801000-015,23鄰,中豐路山頂段,,327巷,,,,15號,121.211750302148,24.8972925429963
桃園市平鎮區山峰里23鄰中豐路山頂段327巷16號,68,6801000,6801000-015,23鄰,中豐路山頂段,,327巷,,,,16號,121.211697235017,24.897170282565
桃園市平鎮區山峰里23鄰中豐路山頂段327巷18號,68,6801000,6801000-015,23鄰,中豐路山頂段,,327巷,,,,18號,121.211739705955,24.8971737434053
桃園市平鎮區山峰里23鄰中豐路山頂段327巷20號,68,6801000,6801000-015,23鄰,中豐路山頂段,,327巷,,,,20號,121.211779405907,24.8971775693052
桃園市平鎮區山峰里23鄰中豐路山頂段327巷22號,68,6801000,6801000-015,23鄰,中豐路山頂段,,327巷,,,,22號,121.211826529954,24.8971814749399
桃園市平鎮區山峰里24鄰中豐路山頂段329之1號,68,6801000,6801000-015,24鄰,中豐路山頂段,,,,,,329之1號,121.211283384091,24.8971179623247
桃園市平鎮區山峰里24鄰中豐路山頂段329號,68,6801000,6801000-015,24鄰,中豐路山頂段,,,,,,329號,121.211277908191,24.8971575147658
桃園市平鎮區山峰里24鄰中豐路山頂段331號,68,6801000,6801000-015,24鄰,中豐路山頂段,,,,,,331號,121.211288267148,24.8970790427154
桃園市平鎮區山峰里24鄰中豐路山頂段333號,68,6801000,6801000-015,24鄰,中豐路山頂段,,,,,,333號,121.211294637448,24.8970415655546
桃園市平鎮區山峰里24鄰中豐路山頂段335號,68,6801000,6801000-015,24鄰,中豐路山頂段,,,,,,335號,121.211300015427,24.8970026452437
桃園市平鎮區山峰里24鄰中豐路山頂段337號,68,6801000,6801000-015,24鄰,中豐路山頂段,,,,,,337號,121.211305395863,24.8969651694838
桃園市平鎮區山峰里24鄰中豐路山頂段339號,68,6801000,6801000-015,24鄰,中豐路山頂段,,,,,,339號,121.211310775987,24.8969275131547
桃園市平鎮區山峰里24鄰中豐路山頂段341號,68,6801000,6801000-015,24鄰,中豐路山頂段,,,,,,341號,121.211316155648,24.8968895859717
桃園市平鎮區山峰里24鄰中豐路山頂段343之1號,68,6801000,6801000-015,24鄰,中豐路山頂段,,,,,,343之1號,121.211327112162,24.8968132799021
桃園市平鎮區山峰里24鄰中豐路山頂段343號,68,6801000,6801000-015,24鄰,中豐路山頂段,,,,,,343號,121.211321536074,24.8968521102108
桃園市平鎮區山峰里22鄰中豐路山頂段345巷2號,68,6801000,6801000-015,22鄰,中豐路山頂段,,345巷,,,,2號,121.211577078159,24.8967709433011
桃園市平鎮區山峰里22鄰中豐路山頂段345巷4號,68,6801000,6801000-015,22鄰,中豐路山頂段,,345巷,,,,4號,121.211611974165,24.8968020420306
桃園市平鎮區山峰里22鄰中豐路山頂段345巷6號,68,6801000,6801000-015,22鄰,中豐路山頂段,,345巷,,,,6號,121.211656533523,24.896811278153
桃園市平鎮區山峰里22鄰中豐路山頂段345巷8號,68,6801000,6801000-015,22鄰,中豐路山頂段,,345巷,,,,8號,121.211699411057,24.8968210583563
桃園市平鎮區山峰里22鄰中豐路山頂段345巷9號,68,6801000,6801000-015,22鄰,中豐路山頂段,,345巷,,,,9號,121.211751015892,24.8969565927157
桃園市平鎮區山峰里22鄰中豐路山頂段345巷10號,68,6801000,6801000-015,22鄰,中豐路山頂段,,345巷,,,,10號,121.211740703134,24.8968298476655
桃園市平鎮區山峰里22鄰中豐路山頂段345巷11號,68,6801000,6801000-015,22鄰,中豐路山頂段,,345巷,,,,11號,121.211795576085,24.8969662802183
桃園市平鎮區山峰里22鄰中豐路山頂段345巷12號,68,6801000,6801000-015,22鄰,中豐路山頂段,,345巷,,,,12號,121.211784767583,24.8968390844518
桃園市平鎮區山峰里22鄰中豐路山頂段345巷13號,68,6801000,6801000-015,22鄰,中豐路山頂段,,345巷,,,,13號,121.211840137981,24.8969769608365
桃園市平鎮區山峰里22鄰中豐路山頂段345巷14號,68,6801000,6801000-015,22鄰,中豐路山頂段,,345巷,,,,14號,121.211827149284,24.8968483236139
桃園市平鎮區山峰里22鄰中豐路山頂段345巷15號,68,6801000,6801000-015,22鄰,中豐路山頂段,,345巷,,,,15號,121.21188083713,24.8969862926563
桃園市平鎮區山峰里22鄰中豐路山頂段345巷16號,68,6801000,6801000-015,22鄰,中豐路山頂段,,345巷,,,,16號,121.211870125367,24.896857832774
桃園市平鎮區山峰里22鄰中豐路山頂段345巷17號,68,6801000,6801000-015,22鄰,中豐路山頂段,,345巷,,,,17號,121.211921140188,24.8969955347428
桃園市平鎮區山峰里22鄰中豐路山頂段345巷18號,68,6801000,6801000-015,22鄰,中豐路山頂段,,345巷,,,,18號,121.211914091004,24.896867159947
桃園市平鎮區山峰里22鄰中豐路山頂段345巷19號,68,6801000,6801000-015,22鄰,中豐路山頂段,,345巷,,,,19號,121.211968869648,24.8970062108237
桃園市平鎮區山峰里22鄰中豐路山頂段345巷20號,68,6801000,6801000-015,22鄰,中豐路山頂段,,345巷,,,,20號,121.211958155479,24.8968763966819
桃園市平鎮區山峰里22鄰中豐路山頂段345巷21弄1號,68,6801000,6801000-015,22鄰,中豐路山頂段,,345巷,21弄,,,1號,121.211930098634,24.8971406094886
桃園市平鎮區山峰里22鄰中豐路山頂段345巷21弄2號,68,6801000,6801000-015,22鄰,中豐路山頂段,,345巷,21弄,,,2號,121.212064737406,24.8971509815052
桃園市平鎮區山峰里22鄰中豐路山頂段345巷21弄4號,68,6801000,6801000-015,22鄰,中豐路山頂段,,345巷,21弄,,,4號,121.212051839973,24.897191808506
桃園市平鎮區山峰里22鄰中豐路山頂段345巷21弄6號,68,6801000,6801000-015,22鄰,中豐路山頂段,,345巷,21弄,,,6號,121.21203904414,24.8972341702006
桃園市平鎮區山峰里22鄰中豐路山頂段345巷22號,68,6801000,6801000-015,22鄰,中豐路山頂段,,345巷,,,,22號,121.212001032133,24.8968856350913
桃園市平鎮區山峰里22鄰中豐路山頂段345巷23號,68,6801000,6801000-015,22鄰,中豐路山頂段,,345巷,,,,23號,121.212055713747,24.8970257694892
桃園市平鎮區山峰里22鄰中豐路山頂段345巷24號,68,6801000,6801000-015,22鄰,中豐路山頂段,,345巷,,,,24號,121.212044503633,24.8968954143511
桃園市平鎮區山峰里22鄰中豐路山頂段345巷25號,68,6801000,6801000-015,22鄰,中豐路山頂段,,345巷,,,,25號,121.212099779215,24.8970355478883
桃園市平鎮區山峰里22鄰中豐路山頂段345巷26號,68,6801000,6801000-015,22鄰,中豐路山頂段,,345巷,,,,26號,121.2120873803,24.8969046527357
桃園市平鎮區山峰里22鄰中豐路山頂段345巷27號,68,6801000,6801000-015,22鄰,中豐路山頂段,,345巷,,,,27號,121.212144835318,24.8970457762893
桃園市平鎮區山峰里22鄰中豐路山頂段345巷28號,68,6801000,6801000-015,22鄰,中豐路山頂段,,345巷,,,,28號,121.212128672277,24.8969133516527
桃園市平鎮區山峰里22鄰中豐路山頂段345巷29號,68,6801000,6801000-015,22鄰,中豐路山頂段,,345巷,,,,29號,121.212188308428,24.8970564583511
桃園市平鎮區山峰里22鄰中豐路山頂段345巷30號,68,6801000,6801000-015,22鄰,中豐路山頂段,,345巷,,,,30號,121.212175905251,24.8969231255266
桃園市平鎮區山峰里22鄰中豐路山頂段345巷31號,68,6801000,6801000-015,22鄰,中豐路山頂段,,345巷,,,,31號,121.212248316337,24.8970695545674
桃園市平鎮區山峰里22鄰中豐路山頂段345巷32號,68,6801000,6801000-015,22鄰,中豐路山頂段,,345巷,,,,32號,121.212219377549,24.8969333561575
桃園市平鎮區山峰里22鄰中豐路山頂段345巷33號,68,6801000,6801000-015,22鄰,中豐路山頂段,,345巷,,,,33號,121.212344073105,24.8970913575032
桃園市平鎮區山峰里22鄰中豐路山頂段345巷34號,68,6801000,6801000-015,22鄰,中豐路山頂段,,345巷,,,,34號,121.212262847229,24.89694205194
桃園市平鎮區山峰里22鄰中豐路山頂段345巷36號,68,6801000,6801000-015,22鄰,中豐路山頂段,,345巷,,,,36號,121.212307309397,24.8969522811371
桃園市平鎮區山峰里22鄰中豐路山頂段345巷38號,68,6801000,6801000-015,22鄰,中豐路山頂段,,345巷,,,,38號,121.212350284316,24.8969610678826
桃園市平鎮區山峰里22鄰中豐路山頂段345巷40號,68,6801000,6801000-015,22鄰,中豐路山頂段,,345巷,,,,40號,121.212403955566,24.8969732702076
桃園市平鎮區山峰里24鄰中豐路山頂段347號,68,6801000,6801000-015,24鄰,中豐路山頂段,,,,,,347號,121.211338560363,24.8967350771563
桃園市平鎮區山峰里24鄰中豐路山頂段349號,68,6801000,6801000-015,24鄰,中豐路山頂段,,,,,,349號,121.211343346863,24.8966976022351
桃園市平鎮區山峰里24鄰中豐路山頂段351號,68,6801000,6801000-015,24鄰,中豐路山頂段,,,,,,351號,121.211349813653,24.8966586803786
桃園市平鎮區山峰里24鄰中豐路山頂段353之1號,68,6801000,6801000-015,24鄰,中豐路山頂段,,,,,,353之1號,121.211354798733,24.8966215663141
桃園市平鎮區山峰里24鄰中豐路山頂段355號,68,6801000,6801000-015,24鄰,中豐路山頂段,,,,,,355號,121.211359587683,24.8965855359432
桃園市平鎮區山峰里24鄰中豐路山頂段357號,68,6801000,6801000-015,24鄰,中豐路山頂段,,,,,,357號,121.211365458091,24.8965451703754
桃園市平鎮區山峰里21鄰中豐路山頂段359巷1號,68,6801000,6801000-015,21鄰,中豐路山頂段,,359巷,,,,1號,121.211614691653,24.896596098825
桃園市平鎮區山峰里21鄰中豐路山頂段359巷2號,68,6801000,6801000-015,21鄰,中豐路山頂段,,359巷,,,,2號,121.211562496439,24.8964624612257
桃園市平鎮區山峰里21鄰中豐路山頂段359巷3號,68,6801000,6801000-015,21鄰,中豐路山頂段,,359巷,,,,3號,121.21166350577,24.8966044260651
桃園市平鎮區山峰里21鄰中豐路山頂段359巷4號,68,6801000,6801000-015,21鄰,中豐路山頂段,,359巷,,,,4號,121.211608634512,24.8964688060154
桃園市平鎮區山峰里21鄰中豐路山頂段359巷5號,68,6801000,6801000-015,21鄰,中豐路山頂段,,359巷,,,,5號,121.211707468685,24.8966122184641
桃園市平鎮區山峰里21鄰中豐路山頂段359巷6號,68,6801000,6801000-015,21鄰,中豐路山頂段,,359巷,,,,6號,121.211652100755,24.8964756060039
桃園市平鎮區山峰里21鄰中豐路山頂段359巷7號,68,6801000,6801000-015,21鄰,中豐路山頂段,,359巷,,,,7號,121.211750345999,24.896621908369
桃園市平鎮區山峰里21鄰中豐路山頂段359巷8號,68,6801000,6801000-015,21鄰,中豐路山頂段,,359巷,,,,8號,121.211696659075,24.8964843004088
桃園市平鎮區山峰里21鄰中豐路山頂段359巷9號,68,6801000,6801000-015,21鄰,中豐路山頂段,,359巷,,,,9號,121.211792727623,24.8966311475416
桃園市平鎮區山峰里21鄰中豐路山頂段359巷10號,68,6801000,6801000-015,21鄰,中豐路山頂段,,359巷,,,,10號,121.211739040648,24.8964935395972
桃園市平鎮區山峰里21鄰中豐路山頂段359巷11號,68,6801000,6801000-015,21鄰,中豐路山頂段,,359巷,,,,11號,121.211838378238,24.8966418266162
桃園市平鎮區山峰里21鄰中豐路山頂段359巷12號,68,6801000,6801000-015,21鄰,中豐路山頂段,,359巷,,,,12號,121.211783006146,24.8965028668102
桃園市平鎮區山峰里21鄰中豐路山頂段359巷13號,68,6801000,6801000-015,21鄰,中豐路山頂段,,359巷,,,,13號,121.211880165192,24.8966506151848
桃園市平鎮區山峰里21鄰中豐路山頂段359巷14號,68,6801000,6801000-015,21鄰,中豐路山頂段,,359巷,,,,14號,121.211825884199,24.896513008116
桃園市平鎮區山峰里21鄰中豐路山頂段359巷15號,68,6801000,6801000-015,21鄰,中豐路山頂段,,359巷,,,,15號,121.211923140748,24.8966598534769
桃園市平鎮區山峰里21鄰中豐路山頂段359巷16號,68,6801000,6801000-015,21鄰,中豐路山頂段,,359巷,,,,16號,121.211869851252,24.8965232381478
桃園市平鎮區山峰里21鄰中豐路山頂段359巷17號,68,6801000,6801000-015,21鄰,中豐路山頂段,,359巷,,,,17號,121.211967602016,24.8966696313541
桃園市平鎮區山峰里21鄰中豐路山頂段359巷18號,68,6801000,6801000-015,21鄰,中豐路山頂段,,359巷,,,,18號,121.211912826763,24.8965324764434
桃園市平鎮區山峰里21鄰中豐路山頂段359巷19號,68,6801000,6801000-015,21鄰,中豐路山頂段,,359巷,,,,19號,121.212009984443,24.8966793218871
桃園市平鎮區山峰里21鄰中豐路山頂段359巷20號,68,6801000,6801000-015,21鄰,中豐路山頂段,,359巷,,,,20號,121.211956792133,24.8965417133204
桃園市平鎮區山峰里21鄰中豐路山頂段359巷21號,68,6801000,6801000-015,21鄰,中豐路山頂段,,359巷,,,,21號,121.212052664296,24.8966892828393
桃園市平鎮區山峰里21鄰中豐路山頂段359巷22號,68,6801000,6801000-015,21鄰,中豐路山頂段,,359巷,,,,22號,121.211999669597,24.8965514934382
桃園市平鎮區山峰里21鄰中豐路山頂段359巷23號,68,6801000,6801000-015,21鄰,中豐路山頂段,,359巷,,,,23號,121.212096135731,24.8966990620848
桃園市平鎮區山峰里21鄰中豐路山頂段359巷24號,68,6801000,6801000-015,21鄰,中豐路山頂段,,359巷,,,,24號,121.212042645898,24.8965611831185
桃園市平鎮區山峰里21鄰中豐路山頂段359巷25號,68,6801000,6801000-015,21鄰,中豐路山頂段,,359巷,,,,25號,121.212141092726,24.8967092906289
桃園市平鎮區山峰里21鄰中豐路山頂段359巷26號,68,6801000,6801000-015,21鄰,中豐路山頂段,,359巷,,,,26號,121.212085225956,24.8965706927802
桃園市平鎮區山峰里21鄰中豐路山頂段359巷27號,68,6801000,6801000-015,21鄰,中豐路山頂段,,359巷,,,,27號,121.212183969335,24.8967185289863
桃園市平鎮區山峰里21鄰中豐路山頂段359巷28號,68,6801000,6801000-015,21鄰,中豐路山頂段,,359巷,,,,28號,121.212128696425,24.8965799303099
桃園市平鎮區山峰里21鄰中豐路山頂段359巷29號,68,6801000,6801000-015,21鄰,中豐路山頂段,,359巷,,,,29號,121.212226351023,24.8967277680352
桃園市平鎮區山峰里21鄰中豐路山頂段359巷30號,68,6801000,6801000-015,21鄰,中豐路山頂段,,359巷,,,,30號,121.212174345506,24.896589706437
桃園市平鎮區山峰里21鄰中豐路山頂段359巷31號,68,6801000,6801000-015,21鄰,中豐路山頂段,,359巷,,,,31號,121.212270317258,24.8967374562414
桃園市平鎮區山峰里21鄰中豐路山頂段359巷32號,68,6801000,6801000-015,21鄰,中豐路山頂段,,359巷,,,,32號,121.212216727921,24.8965993969115
桃園市平鎮區山峰里21鄰中豐路山頂段359巷33號,68,6801000,6801000-015,21鄰,中豐路山頂段,,359巷,,,,33號,121.212313096599,24.8967476878313
桃園市平鎮區山峰里21鄰中豐路山頂段359巷34號,68,6801000,6801000-015,21鄰,中豐路山頂段,,359巷,,,,34號,121.212260100351,24.8966091762502
桃園市平鎮區山峰里21鄰中豐路山頂段359巷35號,68,6801000,6801000-015,21鄰,中豐路山頂段,,359巷,,,,35號,121.212357061303,24.8967564731672
桃園市平鎮區山峰里21鄰中豐路山頂段359巷36號,68,6801000,6801000-015,21鄰,中豐路山頂段,,359巷,,,,36號,121.212303373648,24.8966188654326
桃園市平鎮區山峰里21鄰中豐路山頂段359巷37號,68,6801000,6801000-015,21鄰,中豐路山頂段,,359巷,,,,37號,121.212400039402,24.8967671558726
桃園市平鎮區山峰里21鄰中豐路山頂段359巷38號,68,6801000,6801000-015,21鄰,中豐路山頂段,,359巷,,,,38號,121.212347340005,24.8966286439008
桃園市平鎮區山峰里21鄰中豐路山頂段359巷39號,68,6801000,6801000-015,21鄰,中豐路山頂段,,359巷,,,,39號,121.212445589586,24.8967769320569
桃園市平鎮區山峰里21鄰中豐路山頂段359巷40號,68,6801000,6801000-015,21鄰,中豐路山頂段,,359巷,,,,40號,121.212390217373,24.8966383336214
桃園市平鎮區山峰里21鄰中豐路山頂段359巷41號,68,6801000,6801000-015,21鄰,中豐路山頂段,,359巷,,,,41號,121.212495496688,24.8967876048694
桃園市平鎮區山峰里21鄰中豐路山頂段359巷42號,68,6801000,6801000-015,21鄰,中豐路山頂段,,359巷,,,,42號,121.212433688816,24.8966481127686
桃園市平鎮區山峰里21鄰中豐路山頂段359巷44號,68,6801000,6801000-015,21鄰,中豐路山頂段,,359巷,,,,44號,121.212475476586,24.8966573525924
桃園市平鎮區山峰里21鄰中豐路山頂段359巷46號,68,6801000,6801000-015,21鄰,中豐路山頂段,,359巷,,,,46號,121.212520036727,24.8966670398794
桃園市平鎮區山峰里21鄰中豐路山頂段359巷48號,68,6801000,6801000-015,21鄰,中豐路山頂段,,359巷,,,,48號,121.212564003889,24.8966772697057
桃園市平鎮區山峰里24鄰中豐路山頂段361號,68,6801000,6801000-015,24鄰,中豐路山頂段,,,,,,361號,121.211379044257,24.8964436711474
桃園市平鎮區山峰里24鄰中豐路山頂段363號,68,6801000,6801000-015,24鄰,中豐路山頂段,,,,,,363號,121.211385994419,24.8963979772523
桃園市平鎮區山峰里24鄰中豐路山頂段365號,68,6801000,6801000-015,24鄰,中豐路山頂段,,,,,,365號,121.211391957953,24.8963541807326
桃園市平鎮區山峰里24鄰中豐路山頂段367號,68,6801000,6801000-015,24鄰,中豐路山頂段,,,,,,367號,121.211396744423,24.8963167058079
桃園市平鎮區山峰里24鄰中豐路山頂段369號,68,6801000,6801000-015,24鄰,中豐路山頂段,,,,,,369號,121.211402122956,24.8962781466279
桃園市平鎮區山峰里24鄰中豐路山頂段373號,68,6801000,6801000-015,24鄰,中豐路山頂段,,,,,,373號,121.211415621765,24.8961835091531
桃園市平鎮區山峰里20鄰中豐路山頂段375巷1之3號,68,6801000,6801000-015,20鄰,中豐路山頂段,,375巷,,,,1之3號,121.211953006103,24.8962954220895
桃園市平鎮區山峰里20鄰中豐路山頂段375巷1之5號,68,6801000,6801000-015,20鄰,中豐路山頂段,,375巷,,,,1之5號,121.212022213534,24.8963051647994
桃園市平鎮區山峰里20鄰中豐路山頂段375巷1之2號,68,6801000,6801000-015,20鄰,中豐路山頂段,,375巷,,,,1之2號,121.211858054224,24.8962808405288
桃園市平鎮區山峰里16鄰中豐路山頂段375巷2弄1號,68,6801000,6801000-015,16鄰,中豐路山頂段,,375巷,2弄,,,1號,121.211618696054,24.8960998885296
桃園市平鎮區山峰里16鄰中豐路山頂段375巷2弄3號,68,6801000,6801000-015,16鄰,中豐路山頂段,,375巷,2弄,,,3號,121.211632603548,24.896012834368
桃園市平鎮區山峰里16鄰中豐路山頂段375巷2弄4號,68,6801000,6801000-015,16鄰,中豐路山頂段,,375巷,2弄,,,4號,121.211641721257,24.89596126888
桃園市平鎮區山峰里16鄰中豐路山頂段375巷2弄5號,68,6801000,6801000-015,16鄰,中豐路山頂段,,375巷,2弄,,,5號,121.211652108213,24.8958994091365
桃園市平鎮區山峰里16鄰中豐路山頂段375巷2弄5之2號,68,6801000,6801000-015,16鄰,中豐路山頂段,,375巷,2弄,,,5之2號,121.211815475563,24.895924005616
桃園市平鎮區山峰里16鄰中豐路山頂段375巷2弄6之1號,68,6801000,6801000-015,16鄰,中豐路山頂段,,375巷,2弄,,,6之1號,121.211823990961,24.8958675655985
桃園市平鎮區山峰里16鄰中豐路山頂段375巷2弄6號,68,6801000,6801000-015,16鄰,中豐路山頂段,,375巷,2弄,,,6號,121.211664154502,24.8958238237653
桃園市平鎮區山峰里20鄰中豐路山頂段375巷3號,68,6801000,6801000-015,20鄰,中豐路山頂段,,375巷,,,,3號,121.21206528303,24.8963115138083
桃園市平鎮區山峰里16鄰中豐路山頂段375巷4弄2號,68,6801000,6801000-015,16鄰,中豐路山頂段,,375巷,4弄,,,2號,121.211798935509,24.8960344472652
桃園市平鎮區山峰里16鄰中豐路山頂段375巷4弄4號,68,6801000,6801000-015,16鄰,中豐路山頂段,,375巷,4弄,,,4號,121.211929866237,24.896018822685
桃園市平鎮區山峰里16鄰中豐路山頂段375巷4號,68,6801000,6801000-015,16鄰,中豐路山頂段,,375巷,,,,4號,121.211739380636,24.8961125377532
桃園市平鎮區山峰里16鄰中豐路山頂段375巷4弄6號,68,6801000,6801000-015,16鄰,中豐路山頂段,,375巷,4弄,,,6號,121.211941617263,24.895944321129
桃園市平鎮區山峰里16鄰中豐路山頂段375巷4弄7號,68,6801000,6801000-015,16鄰,中豐路山頂段,,375巷,4弄,,,7號,121.211948577057,24.8959044054121
桃園市平鎮區山峰里16鄰中豐路山頂段375巷4弄8號,68,6801000,6801000-015,16鄰,中豐路山頂段,,375巷,4弄,,,8號,121.211953963109,24.8958703604347
桃園市平鎮區山峰里16鄰中豐路山頂段375巷4弄9號,68,6801000,6801000-015,16鄰,中豐路山頂段,,375巷,4弄,,,9號,121.211959341604,24.895831891518
桃園市平鎮區山峰里16鄰中豐路山頂段375巷4弄10號,68,6801000,6801000-015,16鄰,中豐路山頂段,,375巷,4弄,,,10號,121.211965808158,24.8957929696319
桃園市平鎮區山峰里16鄰中豐路山頂段375巷4弄11號,68,6801000,6801000-015,16鄰,中豐路山頂段,,375巷,4弄,,,11號,121.211971683421,24.895755583425
桃園市平鎮區山峰里16鄰中豐路山頂段375巷4弄13號,68,6801000,6801000-015,16鄰,中豐路山頂段,,375巷,4弄,,,13號,121.211978639803,24.8957136814475
桃園市平鎮區山峰里20鄰中豐路山頂段375巷5號,68,6801000,6801000-015,20鄰,中豐路山頂段,,375巷,,,,5號,121.212107164554,24.8963177742087
桃園市平鎮區山峰里16鄰中豐路山頂段375巷6之2號,68,6801000,6801000-015,16鄰,中豐路山頂段,,375巷,,,,6之2號,121.211982210598,24.8961237494212
桃園市平鎮區山峰里16鄰中豐路山頂段375巷6之4號,68,6801000,6801000-015,16鄰,中豐路山頂段,,375巷,,,,6之4號,121.212103210088,24.8961468709261
桃園市平鎮區山峰里16鄰中豐路山頂段375巷6之3號,68,6801000,6801000-015,16鄰,中豐路山頂段,,375巷,,,,6之3號,121.212046374326,24.8961362078262
桃園市平鎮區山峰里16鄰中豐路山頂段375巷6之6號,68,6801000,6801000-015,16鄰,中豐路山頂段,,375巷,,,,6之6號,121.21219014827,24.8961639014138
桃園市平鎮區山峰里20鄰中豐路山頂段375巷7號,68,6801000,6801000-015,20鄰,中豐路山頂段,,375巷,,,,7號,121.21215270946,24.8963245710969
桃園市平鎮區山峰里17鄰中豐路山頂段375巷8弄1號,68,6801000,6801000-015,17鄰,中豐路山頂段,,375巷,8弄,,,1號,121.212337159439,24.8961165636849
桃園市平鎮區山峰里17鄰中豐路山頂段375巷8弄3號,68,6801000,6801000-015,17鄰,中豐路山頂段,,375巷,8弄,,,3號,121.212344211922,24.8960730364318
桃園市平鎮區山峰里17鄰中豐路山頂段375巷8弄4號,68,6801000,6801000-015,17鄰,中豐路山頂段,,375巷,8弄,,,4號,121.212221666979,24.8960723079216
桃園市平鎮區山峰里17鄰中豐路山頂段375巷8弄5號,68,6801000,6801000-015,17鄰,中豐路山頂段,,375巷,8弄,,,5號,121.212351756545,24.8960278833535
桃園市平鎮區山峰里17鄰中豐路山頂段375巷8弄7號,68,6801000,6801000-015,17鄰,中豐路山頂段,,375巷,8弄,,,7號,121.21235979686,24.8959831809926
桃園市平鎮區山峰里17鄰中豐路山頂段375巷8弄8號,68,6801000,6801000-015,17鄰,中豐路山頂段,,375巷,8弄,,,8號,121.212234008503,24.8959959095258
桃園市平鎮區山峰里17鄰中豐路山頂段375巷8弄9號,68,6801000,6801000-015,17鄰,中豐路山頂段,,375巷,8弄,,,9號,121.212366751424,24.8959402858699
桃園市平鎮區山峰里17鄰中豐路山頂段375巷8弄10號,68,6801000,6801000-015,17鄰,中豐路山頂段,,375巷,8弄,,,10號,121.212240476676,24.8959579807583
桃園市平鎮區山峰里17鄰中豐路山頂段375巷8弄11號,68,6801000,6801000-015,17鄰,中豐路山頂段,,375巷,8弄,,,11號,121.212373709073,24.895899196436
桃園市平鎮區山峰里17鄰中豐路山頂段375巷8弄12號,68,6801000,6801000-015,17鄰,中豐路山頂段,,375巷,8弄,,,12號,121.212245759498,24.8959214982314
桃園市平鎮區山峰里17鄰中豐路山頂段375巷8弄13號,68,6801000,6801000-015,17鄰,中豐路山頂段,,375巷,8弄,,,13號,121.212380568196,24.8958583779958
桃園市平鎮區山峰里17鄰中豐路山頂段375巷8弄14號,68,6801000,6801000-015,17鄰,中豐路山頂段,,375巷,8弄,,,14號,121.212251141301,24.8958850155633
桃園市平鎮區山峰里17鄰中豐路山頂段375巷8弄15號,68,6801000,6801000-015,17鄰,中豐路山頂段,,375巷,8弄,,,15號,121.212387037863,24.8958213520663
桃園市平鎮區山峰里17鄰中豐路山頂段375巷8弄16號,68,6801000,6801000-015,17鄰,中豐路山頂段,,375巷,8弄,,,16號,121.21225760931,24.8958469965101
桃園市平鎮區山峰里17鄰中豐路山頂段375巷8弄17號,68,6801000,6801000-015,17鄰,中豐路山頂段,,375巷,8弄,,,17號,121.21239448656,24.8957780048147
桃園市平鎮區山峰里17鄰中豐路山頂段375巷8弄18號,68,6801000,6801000-015,17鄰,中豐路山頂段,,375巷,8弄,,,18號,121.212264572393,24.8958090670369
桃園市平鎮區山峰里17鄰中豐路山頂段375巷8弄20號,68,6801000,6801000-015,17鄰,中豐路山頂段,,375巷,8弄,,,20號,121.212272111009,24.8957603928667
桃園市平鎮區山峰里17鄰中豐路山頂段375巷8弄22號,68,6801000,6801000-015,17鄰,中豐路山頂段,,375巷,8弄,,,22號,121.212323200257,24.8957101218948
桃園市平鎮區山峰里20鄰中豐路山頂段375巷9號,68,6801000,6801000-015,20鄰,中豐路山頂段,,375巷,,,,9號,121.212205580817,24.8963322603991
桃園市平鎮區山峰里17鄰中豐路山頂段375巷10號,68,6801000,6801000-015,17鄰,中豐路山頂段,,375巷,,,,10號,121.21231187949,24.8962096831636
桃園市平鎮區山峰里17鄰中豐路山頂段375巷12號,68,6801000,6801000-015,17鄰,中豐路山頂段,,375巷,,,,12號,121.21237791845,24.8962188885088
桃園市平鎮區山峰里20鄰中豐路山頂段375巷13號,68,6801000,6801000-015,20鄰,中豐路山頂段,,375巷,,,,13號,121.212277462586,24.8963429923185
桃園市平鎮區山峰里17鄰中豐路山頂段375巷14號,68,6801000,6801000-015,17鄰,中豐路山頂段,,375巷,,,,14號,121.212446531959,24.8962286318672
桃園市平鎮區山峰里17鄰中豐路山頂段375巷16弄1號,68,6801000,6801000-015,17鄰,中豐路山頂段,,375巷,16弄,,,1號,121.212578766773,24.8962230264603
桃園市平鎮區山峰里17鄰中豐路山頂段375巷16弄2號,68,6801000,6801000-015,17鄰,中豐路山頂段,,375巷,16弄,,,2號,121.212584722457,24.8961748962406
桃園市平鎮區山峰里17鄰中豐路山頂段375巷22號,68,6801000,6801000-015,17鄰,中豐路山頂段,,375巷,,,,22號,121.212764195252,24.8962399162686
桃園市平鎮區山峰里17鄰中豐路山頂段375巷24弄1號,68,6801000,6801000-015,17鄰,中豐路山頂段,,375巷,24弄,,,1號,121.212659571708,24.8959533212615
桃園市平鎮區山峰里17鄰中豐路山頂段375巷24弄2號,68,6801000,6801000-015,17鄰,中豐路山頂段,,375巷,24弄,,,2號,121.21273807081,24.8960711211631
桃園市平鎮區山峰里17鄰中豐路山頂段375巷24弄3號,68,6801000,6801000-015,17鄰,中豐路山頂段,,375巷,24弄,,,3號,121.212591351027,24.8959416814619
桃園市平鎮區山峰里17鄰中豐路山頂段375巷24弄4號,68,6801000,6801000-015,17鄰,中豐路山頂段,,375巷,24弄,,,4號,121.212693021666,24.8960647751697
桃園市平鎮區山峰里17鄰中豐路山頂段375巷24弄6號,68,6801000,6801000-015,17鄰,中豐路山頂段,,375巷,24弄,,,6號,121.212648564734,24.8960574351872
桃園市平鎮區山峰里17鄰中豐路山頂段375巷24弄8號,68,6801000,6801000-015,17鄰,中豐路山頂段,,375巷,24弄,,,8號,121.212605595211,24.8960516279118
桃園市平鎮區山峰里17鄰中豐路山頂段375巷24弄10號,68,6801000,6801000-015,17鄰,中豐路山頂段,,375巷,24弄,,,10號,121.212556784651,24.8960452872364
桃園市平鎮區山峰里17鄰中豐路山頂段375巷26號,68,6801000,6801000-015,17鄰,中豐路山頂段,,375巷,,,,26號,121.212787495917,24.8959739946569
桃園市平鎮區山峰里20鄰中豐路山頂段375巷27號,68,6801000,6801000-015,20鄰,中豐路山頂段,,375巷,,,,27號,121.212352017739,24.8963541718221
桃園市平鎮區山峰里17鄰中豐路山頂段375巷28號,68,6801000,6801000-015,17鄰,中豐路山頂段,,375巷,,,,28號,121.212793858281,24.8959321837757
桃園市平鎮區山峰里20鄰中豐路山頂段375巷29號,68,6801000,6801000-015,20鄰,中豐路山頂段,,375巷,,,,29號,121.212420532491,24.8963640056172
桃園市平鎮區山峰里17鄰中豐路山頂段375巷30號,68,6801000,6801000-015,17鄰,中豐路山頂段,,375巷,,,,30號,121.212800324578,24.8958932618557
桃園市平鎮區山峰里20鄰中豐路山頂段375巷31號,68,6801000,6801000-015,20鄰,中豐路山頂段,,375巷,,,,31號,121.212468256804,24.8963717924378
桃園市平鎮區山峰里17鄰中豐路山頂段375巷32號,68,6801000,6801000-015,17鄰,中豐路山頂段,,375巷,,,,32號,121.212805699562,24.8958528969366
桃園市平鎮區山峰里20鄰中豐路山頂段375巷33號,68,6801000,6801000-015,20鄰,中豐路山頂段,,375巷,,,,33號,121.212512316197,24.8963781399079
桃園市平鎮區山峰里17鄰中豐路山頂段375巷34號,68,6801000,6801000-015,17鄰,中豐路山頂段,,375巷,,,,34號,121.212812658144,24.895812439474
桃園市平鎮區山峰里20鄰中豐路山頂段375巷35號,68,6801000,6801000-015,20鄰,中豐路山頂段,,375巷,,,,35號,121.212556771535,24.8963844868009
桃園市平鎮區山峰里20鄰中豐路山頂段375巷37號,68,6801000,6801000-015,20鄰,中豐路山頂段,,375巷,,,,37號,121.212600830783,24.8963907439603
桃園市平鎮區山峰里20鄰中豐路山頂段375巷39號,68,6801000,6801000-015,20鄰,中豐路山頂段,,375巷,,,,39號,121.21264320744,24.8963970937891
桃園市平鎮區山峰里20鄰中豐路山頂段375巷41號,68,6801000,6801000-015,20鄰,中豐路山頂段,,375巷,,,,41號,121.212687167865,24.8964034413485
桃園市平鎮區山峰里20鄰中豐路山頂段375巷43弄1號,68,6801000,6801000-015,20鄰,中豐路山頂段,,375巷,43弄,,,1號,121.212315701243,24.897170938671
桃園市平鎮區山峰里20鄰中豐路山頂段375巷43弄2號,68,6801000,6801000-015,20鄰,中豐路山頂段,,375巷,43弄,,,2號,121.212840589562,24.8964000626252
桃園市平鎮區山峰里20鄰中豐路山頂段375巷43弄3號,68,6801000,6801000-015,20鄰,中豐路山頂段,,375巷,43弄,,,3號,121.212297949414,24.8972093349137
桃園市平鎮區山峰里20鄰中豐路山頂段375巷43弄4號,68,6801000,6801000-015,20鄰,中豐路山頂段,,375巷,43弄,,,4號,121.212820764267,24.896441351
桃園市平鎮區山峰里20鄰中豐路山頂段375巷43弄5號,68,6801000,6801000-015,20鄰,中豐路山頂段,,375巷,43弄,,,5號,121.212280295788,24.8972472795912
桃園市平鎮區山峰里20鄰中豐路山頂段375巷43弄6號,68,6801000,6801000-015,20鄰,中豐路山頂段,,375巷,43弄,,,6號,121.212803605989,24.89647938532
桃園市平鎮區山峰里20鄰中豐路山頂段375巷43弄7號,68,6801000,6801000-015,20鄰,中豐路山頂段,,375巷,43弄,,,7號,121.212263628768,24.8972833268849
桃園市平鎮區山峰里20鄰中豐路山頂段375巷43弄8號,68,6801000,6801000-015,20鄰,中豐路山頂段,,375巷,43弄,,,8號,121.212785949215,24.8965153438012
桃園市平鎮區山峰里20鄰中豐路山頂段375巷43弄9號,68,6801000,6801000-015,20鄰,中豐路山頂段,,375巷,43弄,,,9號,121.212246964208,24.8973208187277
桃園市平鎮區山峰里20鄰中豐路山頂段375巷43弄10號,68,6801000,6801000-015,20鄰,中豐路山頂段,,375巷,43弄,,,10號,121.212768689146,24.896551753138
桃園市平鎮區山峰里20鄰中豐路山頂段375巷43弄11號,68,6801000,6801000-015,20鄰,中豐路山頂段,,375巷,43弄,,,11號,121.212229804555,24.8973582209882
桃園市平鎮區山峰里20鄰中豐路山頂段375巷43弄12號,68,6801000,6801000-015,20鄰,中豐路山頂段,,375巷,43弄,,,12號,121.212750836857,24.8965891564484
桃園市平鎮區山峰里20鄰中豐路山頂段375巷43弄13號,68,6801000,6801000-015,20鄰,中豐路山頂段,,375巷,43弄,,,13號,121.212207320636,24.8974079095335
桃園市平鎮區山峰里20鄰中豐路山頂段375巷43弄14號,68,6801000,6801000-015,20鄰,中豐路山頂段,,375巷,43弄,,,14號,121.212733576148,24.8966252046431
桃園市平鎮區山峰里20鄰中豐路山頂段375巷43弄16號,68,6801000,6801000-015,20鄰,中豐路山頂段,,375巷,43弄,,,16號,121.212714736614,24.8966641441959
桃園市平鎮區山峰里20鄰中豐路山頂段375巷43弄18號,68,6801000,6801000-015,20鄰,中豐路山頂段,,375巷,43弄,,,18號,121.212698564879,24.8967002811185
桃園市平鎮區山峰里20鄰中豐路山頂段375巷43弄20號,68,6801000,6801000-015,20鄰,中豐路山頂段,,375巷,43弄,,,20號,121.212680417293,24.8967386779724
桃園市平鎮區山峰里20鄰中豐路山頂段375巷43弄22號,68,6801000,6801000-015,20鄰,中豐路山頂段,,375巷,43弄,,,22號,121.212662762303,24.8967757198517
桃園市平鎮區山峰里20鄰中豐路山頂段375巷43弄24號,68,6801000,6801000-015,20鄰,中豐路山頂段,,375巷,43弄,,,24號,121.21264490964,24.8968129425799
桃園市平鎮區山峰里20鄰中豐路山頂段375巷43弄26號,68,6801000,6801000-015,20鄰,中豐路山頂段,,375巷,43弄,,,26號,121.21262774832,24.8968492614739
桃園市平鎮區山峰里20鄰中豐路山頂段375巷43弄28號,68,6801000,6801000-015,20鄰,中豐路山頂段,,375巷,43弄,,,28號,121.212609995086,24.89688675491
桃園市平鎮區山峰里20鄰中豐路山頂段375巷43弄30號,68,6801000,6801000-015,20鄰,中豐路山頂段,,375巷,43弄,,,30號,121.212591845899,24.896924248908
桃園市平鎮區山峰里20鄰中豐路山頂段375巷43弄32號,68,6801000,6801000-015,20鄰,中豐路山頂段,,375巷,43弄,,,32號,121.212574487195,24.8969609292154
桃園市平鎮區山峰里20鄰中豐路山頂段375巷43弄34號,68,6801000,6801000-015,20鄰,中豐路山頂段,,375巷,43弄,,,34號,121.212556438828,24.8969995064812
桃園市平鎮區山峰里20鄰中豐路山頂段375巷43弄36號,68,6801000,6801000-015,20鄰,中豐路山頂段,,375巷,43弄,,,36號,121.212538189695,24.8970364589066
桃園市平鎮區山峰里20鄰中豐路山頂段375巷43弄38號,68,6801000,6801000-015,20鄰,中豐路山頂段,,375巷,43弄,,,38號,121.212521426111,24.8970738606371
桃園市平鎮區山峰里20鄰中豐路山頂段375巷43弄40號,68,6801000,6801000-015,20鄰,中豐路山頂段,,375巷,43弄,,,40號,121.212503669413,24.897109367802
桃園市平鎮區山峰里20鄰中豐路山頂段375巷43弄42號,68,6801000,6801000-015,20鄰,中豐路山頂段,,375巷,43弄,,,42號,121.21248433805,24.8971502040025
桃園市平鎮區山峰里20鄰中豐路山頂段375巷43弄42之1號,68,6801000,6801000-015,20鄰,中豐路山頂段,,375巷,43弄,,,42之1號,121.212467176173,24.8971862520237
桃園市平鎮區山峰里20鄰中豐路山頂段375巷43弄46號,68,6801000,6801000-015,20鄰,中豐路山頂段,,375巷,43弄,,,46號,121.212449520902,24.8972232035919
桃園市平鎮區山峰里20鄰中豐路山頂段375巷43弄48號,68,6801000,6801000-015,20鄰,中豐路山頂段,,375巷,43弄,,,48號,121.212432459845,24.8972603348814
桃園市平鎮區山峰里20鄰中豐路山頂段375巷43弄50號,68,6801000,6801000-015,20鄰,中豐路山頂段,,375巷,43弄,,,50號,121.212414608127,24.8972981895716
桃園市平鎮區山峰里20鄰中豐路山頂段375巷43弄52號,68,6801000,6801000-015,20鄰,中豐路山頂段,,375巷,43弄,,,52號,121.212396359681,24.897335593401
桃園市平鎮區山峰里20鄰中豐路山頂段375巷43弄54號,68,6801000,6801000-015,20鄰,中豐路山頂段,,375巷,43弄,,,54號,121.212378312131,24.8973747123508
桃園市平鎮區山峰里20鄰中豐路山頂段375巷43弄56號,68,6801000,6801000-015,20鄰,中豐路山頂段,,375巷,43弄,,,56號,121.212360161413,24.897411393759
桃園市平鎮區山峰里20鄰中豐路山頂段375巷43弄58號,68,6801000,6801000-015,20鄰,中豐路山頂段,,375巷,43弄,,,58號,121.212343594154,24.8974478923422
桃園市平鎮區山峰里20鄰中豐路山頂段375巷43弄60號,68,6801000,6801000-015,20鄰,中豐路山頂段,,375巷,43弄,,,60號,121.212325344892,24.8974848447402
桃園市平鎮區山峰里20鄰中豐路山頂段375巷43弄62號,68,6801000,6801000-015,20鄰,中豐路山頂段,,375巷,43弄,,,62號,121.212307593948,24.8975237826894
桃園市平鎮區山峰里20鄰中豐路山頂段375巷45號,68,6801000,6801000-015,20鄰,中豐路山頂段,,375巷,,,,45號,121.213305153125,24.896644883285
桃園市平鎮區山峰里18鄰中豐路山頂段375巷47弄2衖15號,68,6801000,6801000-015,18鄰,中豐路山頂段,,375巷,47弄,,,2衖15號,121.213230152565,24.895855902396
桃園市平鎮區山峰里18鄰中豐路山頂段375巷47弄2衖2號,68,6801000,6801000-015,18鄰,中豐路山頂段,,375巷,47弄,,,2衖2號,121.213081337243,24.8961204685224
桃園市平鎮區山峰里18鄰中豐路山頂段375巷47弄2衖3號,68,6801000,6801000-015,18鄰,中豐路山頂段,,375巷,47弄,,,2衖3號,121.2132033411,24.8960942922649
桃園市平鎮區山峰里18鄰中豐路山頂段375巷47弄2衖4號,68,6801000,6801000-015,18鄰,中豐路山頂段,,375巷,47弄,,,2衖4號,121.21308611901,24.8960805558653
桃園市平鎮區山峰里18鄰中豐路山頂段375巷47弄2衖5號,68,6801000,6801000-015,18鄰,中豐路山頂段,,375巷,47弄,,,2衖5號,121.213208218556,24.896052483489
桃園市平鎮區山峰里18鄰中豐路山頂段375巷47弄2衖7號,68,6801000,6801000-015,18鄰,中豐路山頂段,,375巷,47弄,,,2衖7號,121.213213001985,24.8960135639569
桃園市平鎮區山峰里18鄰中豐路山頂段375巷47弄2衖8號,68,6801000,6801000-015,18鄰,中豐路山頂段,,375巷,47弄,,,2衖8號,121.213094492546,24.8959994682641
桃園市平鎮區山峰里18鄰中豐路山頂段375巷47弄2衖9號,68,6801000,6801000-015,18鄰,中豐路山頂段,,375巷,47弄,,,2衖9號,121.213216795562,24.8959746458389
桃園市平鎮區山峰里18鄰中豐路山頂段375巷47弄4衖1號,68,6801000,6801000-015,18鄰,中豐路山頂段,,375巷,47弄,,,4衖1號,121.21336817657,24.8961664649688
桃園市平鎮區山峰里18鄰中豐路山頂段375巷47弄4衖2號,68,6801000,6801000-015,18鄰,中豐路山頂段,,375巷,47弄,,,4衖2號,121.213372465029,24.8961275461402
桃園市平鎮區山峰里18鄰中豐路山頂段375巷47弄4衖3號,68,6801000,6801000-015,18鄰,中豐路山頂段,,375巷,47弄,,,4衖3號,121.213376751777,24.8960876341822
桃園市平鎮區山峰里18鄰中豐路山頂段375巷47弄4衖4號,68,6801000,6801000-015,18鄰,中豐路山頂段,,375巷,47弄,,,4衖4號,121.213382127357,24.8960477206669
桃園市平鎮區山峰里18鄰中豐路山頂段375巷47弄4衖6號,68,6801000,6801000-015,18鄰,中豐路山頂段,,375巷,47弄,,,4衖6號,121.213391196696,24.8959684377484
桃園市平鎮區山峰里18鄰中豐路山頂段375巷47弄4衖7號,68,6801000,6801000-015,18鄰,中豐路山頂段,,375巷,47弄,,,4衖7號,121.213396077342,24.8959285249398
桃園市平鎮區山峰里18鄰中豐路山頂段375巷47弄4衖8號,68,6801000,6801000-015,18鄰,中豐路山頂段,,375巷,47弄,,,4衖8號,121.213400859001,24.8958886122724
桃園市平鎮區山峰里18鄰中豐路山頂段375巷47弄4衖9號,68,6801000,6801000-015,18鄰,中豐路山頂段,,375巷,47弄,,,4衖9號,121.213405146664,24.8958492420192
桃園市平鎮區山峰里18鄰中豐路山頂段375巷47弄4衖5號,68,6801000,6801000-015,18鄰,中豐路山頂段,,375巷,47弄,,,4衖5號,121.213386909956,24.8960083497073
桃園市平鎮區山峰里18鄰中豐路山頂段375巷47弄2衖6號,68,6801000,6801000-015,18鄰,中豐路山頂段,,375巷,47弄,,,2衖6號,121.21308961428,24.8960408256145
桃園市平鎮區山峰里18鄰中豐路山頂段375巷47弄2衖10號,68,6801000,6801000-015,18鄰,中豐路山頂段,,375巷,47弄,,,2衖10號,121.213098185471,24.8959595571611
桃園市平鎮區山峰里18鄰中豐路山頂段375巷47弄2衖11號,68,6801000,6801000-015,18鄰,中豐路山頂段,,375巷,47弄,,,2衖11號,121.213221084062,24.8959357270134
桃園市平鎮區山峰里18鄰中豐路山頂段375巷47弄2衖12號,68,6801000,6801000-015,18鄰,中豐路山頂段,,375巷,47弄,,,2衖12號,121.213102472302,24.8959196452096
桃園市平鎮區山峰里18鄰中豐路山頂段375巷47弄2衖13號,68,6801000,6801000-015,18鄰,中豐路山頂段,,375巷,47弄,,,2衖13號,121.213225864847,24.8958952726445
桃園市平鎮區山峰里18鄰中豐路山頂段375巷47弄2衖14號,68,6801000,6801000-015,18鄰,中豐路山頂段,,375巷,47弄,,,2衖14號,121.213106260952,24.8958778379909
桃園市平鎮區山峰里18鄰中豐路山頂段375巷47弄2衖16號,68,6801000,6801000-015,18鄰,中豐路山頂段,,375巷,47弄,,,2衖16號,121.213109569089,24.8958444279336
桃園市平鎮區山峰里18鄰中豐路山頂段375巷47弄2衖1號,68,6801000,6801000-015,18鄰,中豐路山頂段,,375巷,47弄,,,2衖1號,121.213199053521,24.8961337527959
桃園市平鎮區山峰里19鄰中豐路山頂段375巷47弄1號,68,6801000,6801000-015,19鄰,中豐路山頂段,,375巷,47弄,,,1號,121.212888859041,24.8962062428466
桃園市平鎮區山峰里19鄰中豐路山頂段375巷47弄3號,68,6801000,6801000-015,19鄰,中豐路山頂段,,375巷,47弄,,,3號,121.212935487827,24.8962101488399
桃園市平鎮區山峰里19鄰中豐路山頂段375巷47弄5號,68,6801000,6801000-015,19鄰,中豐路山頂段,,375巷,47弄,,,5號,121.212981127539,24.8962145076537
桃園市平鎮區山峰里19鄰中豐路山頂段375巷47弄7號,68,6801000,6801000-015,19鄰,中豐路山頂段,,375巷,47弄,,,7號,121.21303963702,24.8962198412113
桃園市平鎮區山峰里19鄰中豐路山頂段375巷47弄9號,68,6801000,6801000-015,19鄰,中豐路山頂段,,375巷,47弄,,,9號,121.21308676167,24.8962242881574
桃園市平鎮區山峰里19鄰中豐路山頂段375巷47弄11號,68,6801000,6801000-015,19鄰,中豐路山頂段,,375巷,47弄,,,11號,121.213132896318,24.896228646218
桃園市平鎮區山峰里19鄰中豐路山頂段375巷47弄13號,68,6801000,6801000-015,19鄰,中豐路山頂段,,375巷,47弄,,,13號,121.213181703566,24.8962330004461
桃園市平鎮區山峰里19鄰中豐路山頂段375巷47弄15號,68,6801000,6801000-015,19鄰,中豐路山頂段,,375巷,47弄,,,15號,121.213240806974,24.8962383330762
桃園市平鎮區山峰里19鄰中豐路山頂段375巷47弄17號,68,6801000,6801000-015,19鄰,中豐路山頂段,,375巷,47弄,,,17號,121.21328961516,24.8962432289757
桃園市平鎮區山峰里19鄰中豐路山頂段375巷47弄19號,68,6801000,6801000-015,19鄰,中豐路山頂段,,375巷,47弄,,,19號,121.213359806617,24.8962495388405
桃園市平鎮區山峰里19鄰中豐路山頂段375巷49號,68,6801000,6801000-015,19鄰,中豐路山頂段,,375巷,,,,49號,121.212897295777,24.896104209121
桃園市平鎮區山峰里19鄰中豐路山頂段375巷51號,68,6801000,6801000-015,19鄰,中豐路山頂段,,375巷,,,,51號,121.212901583452,24.8960647485979
桃園市平鎮區山峰里19鄰中豐路山頂段375巷53號,68,6801000,6801000-015,19鄰,中豐路山頂段,,375巷,,,,53號,121.212906560767,24.8960233911121
桃園市平鎮區山峰里19鄰中豐路山頂段375巷55號,68,6801000,6801000-015,19鄰,中豐路山頂段,,375巷,,,,55號,121.212912428169,24.8959815809325
桃園市平鎮區山峰里19鄰中豐路山頂段375巷57號,68,6801000,6801000-015,19鄰,中豐路山頂段,,375巷,,,,57號,121.212916715835,24.8959421204084
桃園市平鎮區山峰里19鄰中豐路山頂段375巷59號,68,6801000,6801000-015,19鄰,中豐路山頂段,,375巷,,,,59號,121.21292209419,24.8959037417438
桃園市平鎮區山峰里19鄰中豐路山頂段375巷61號,68,6801000,6801000-015,19鄰,中豐路山頂段,,375巷,,,,61號,121.212926974055,24.8958632872424
桃園市平鎮區山峰里19鄰中豐路山頂段375巷63號,68,6801000,6801000-015,19鄰,中豐路山頂段,,375巷,,,,63號,121.21293126512,24.8958258129755
桃園市平鎮區山峰里16鄰中豐路山頂段377號,68,6801000,6801000-015,16鄰,中豐路山頂段,,,,,,377號,121.211428922738,24.8960889622411
桃園市平鎮區山峰里16鄰中豐路山頂段379號,68,6801000,6801000-015,16鄰,中豐路山頂段,,,,,,379號,121.21143272595,24.8960553709488
桃園市平鎮區山峰里16鄰中豐路山頂段381號,68,6801000,6801000-015,16鄰,中豐路山頂段,,,,,,381號,121.211437517471,24.8960208754089
桃園市平鎮區山峰里16鄰中豐路山頂段385號,68,6801000,6801000-015,16鄰,中豐路山頂段,,,,,,385號,121.211447790325,24.8959500776571
桃園市平鎮區山峰里16鄰中豐路山頂段385之1號,68,6801000,6801000-015,16鄰,中豐路山頂段,,,,,,385之1號,121.211441921662,24.8959914363601
桃園市平鎮區山峰里16鄰中豐路山頂段387號,68,6801000,6801000-015,16鄰,中豐路山頂段,,,,,,387號,121.211453749664,24.8959038434519
桃園市平鎮區山峰里16鄰中豐路山頂段391號,68,6801000,6801000-015,16鄰,中豐路山頂段,,,,,,391號,121.211460203155,24.8958571571225
桃園市平鎮區山峰里16鄰中豐路山頂段393號,68,6801000,6801000-015,16鄰,中豐路山頂段,,,,,,393號,121.211466068422,24.8958138121597
桃園市平鎮區山峰里16鄰中豐路山頂段395號,68,6801000,6801000-015,16鄰,中豐路山頂段,,,,,,395號,121.211471934608,24.8957710089032
桃園市平鎮區山峰里14鄰中豐路山頂段397巷1之1號,68,6801000,6801000-015,14鄰,中豐路山頂段,,397巷,,,,1之1號,121.211671041256,24.8957410229363
桃園市平鎮區山峰里14鄰中豐路山頂段397巷1號,68,6801000,6801000-015,14鄰,中豐路山頂段,,397巷,,,,1號,121.211816328701,24.8957858688324
桃園市平鎮區山峰里14鄰中豐路山頂段399號,68,6801000,6801000-015,14鄰,中豐路山頂段,,,,,,399號,121.211480050677,24.8957124929215
桃園市平鎮區山峰里14鄰中豐路山頂段401號,68,6801000,6801000-015,14鄰,中豐路山頂段,,,,,,401號,121.211485426852,24.8956725794686
桃園市平鎮區山峰里14鄰中豐路山頂段403號,68,6801000,6801000-015,14鄰,中豐路山頂段,,,,,,403號,121.211491591979,24.8956309494879
桃園市平鎮區山峰里14鄰中豐路山頂段405號,68,6801000,6801000-015,14鄰,中豐路山頂段,,,,,,405號,121.211497557133,24.8955881460893
桃園市平鎮區山峰里14鄰中豐路山頂段407號,68,6801000,6801000-015,14鄰,中豐路山頂段,,,,,,407號,121.21150293745,24.8955506703159
桃園市平鎮區山峰里14鄰中豐路山頂段409號,68,6801000,6801000-015,14鄰,中豐路山頂段,,,,,,409號,121.211509403365,24.895511297025
桃園市平鎮區山峰里14鄰中豐路山頂段411號,68,6801000,6801000-015,14鄰,中豐路山頂段,,,,,,411號,121.21151477783,24.8954703904408
桃園市平鎮區山峰里14鄰中豐路山頂段413號,68,6801000,6801000-015,14鄰,中豐路山頂段,,,,,,413號,121.21151956177,24.8954314709566
桃園市平鎮區山峰里14鄰中豐路山頂段415巷1號,68,6801000,6801000-015,14鄰,中豐路山頂段,,415巷,,,,1號,121.21184041688,24.895516244552
桃園市平鎮區山峰里14鄰中豐路山頂段415巷2號,68,6801000,6801000-015,14鄰,中豐路山頂段,,415巷,,,,2號,121.211882200065,24.8955230468655
桃園市平鎮區山峰里14鄰中豐路山頂段415巷4號,68,6801000,6801000-015,14鄰,中豐路山頂段,,415巷,,,,4號,121.211963782748,24.895534306873
桃園市平鎮區山峰里14鄰中豐路山頂段415巷5號,68,6801000,6801000-015,14鄰,中豐路山頂段,,415巷,,,,5號,121.212004572708,24.8955391242997
桃園市平鎮區山峰里14鄰中豐路山頂段415巷7號,68,6801000,6801000-015,14鄰,中豐路山頂段,,415巷,,,,7號,121.212088730553,24.895551283427
桃園市平鎮區山峰里14鄰中豐路山頂段415巷8號,68,6801000,6801000-015,14鄰,中豐路山頂段,,415巷,,,,8號,121.212131105973,24.8955570916972
桃園市平鎮區山峰里14鄰中豐路山頂段415巷9號,68,6801000,6801000-015,14鄰,中豐路山頂段,,415巷,,,,9號,121.212172392721,24.895562991788
桃園市平鎮區山峰里14鄰中豐路山頂段415巷11號,68,6801000,6801000-015,14鄰,中豐路山頂段,,415巷,,,,11號,121.212261796009,24.8955746919356
桃園市平鎮區山峰里14鄰中豐路山頂段415巷12號,68,6801000,6801000-015,14鄰,中豐路山頂段,,415巷,,,,12號,121.212304662971,24.8955785131941
桃園市平鎮區山峰里14鄰中豐路山頂段415巷13號,68,6801000,6801000-015,14鄰,中豐路山頂段,,415巷,,,,13號,121.212346540243,24.8955824261333
桃園市平鎮區山峰里14鄰中豐路山頂段415巷14號,68,6801000,6801000-015,14鄰,中豐路山頂段,,415巷,,,,14號,121.212385646568,24.8955867041434
桃園市平鎮區山峰里14鄰中豐路山頂段415巷15號,68,6801000,6801000-015,14鄰,中豐路山頂段,,415巷,,,,15號,121.212430197202,24.8955910646775
桃園市平鎮區山峰里15鄰中豐路山頂段415巷16號,68,6801000,6801000-015,15鄰,中豐路山頂段,,415巷,,,,16號,121.212471084637,24.8955949789908
桃園市平鎮區山峰里15鄰中豐路山頂段415巷17號,68,6801000,6801000-015,15鄰,中豐路山頂段,,415巷,,,,17號,121.212513456843,24.8955988911784
桃園市平鎮區山峰里15鄰中豐路山頂段415巷18號,68,6801000,6801000-015,15鄰,中豐路山頂段,,415巷,,,,18號,121.212555829824,24.8956032547762
桃園市平鎮區山峰里15鄰中豐路山頂段415巷19號,68,6801000,6801000-015,15鄰,中豐路山頂段,,415巷,,,,19號,121.212595529452,24.8956071707474
桃園市平鎮區山峰里15鄰中豐路山頂段415巷20號,68,6801000,6801000-015,15鄰,中豐路山頂段,,415巷,,,,20號,121.212640374889,24.895610266813
桃園市平鎮區山峰里15鄰中豐路山頂段415巷21號,68,6801000,6801000-015,15鄰,中豐路山頂段,,415巷,,,,21號,121.212681655799,24.8956127359528
桃園市平鎮區山峰里15鄰中豐路山頂段415巷22號,68,6801000,6801000-015,15鄰,中豐路山頂段,,415巷,,,,22號,121.212724024614,24.8956146618222
桃園市平鎮區山峰里15鄰中豐路山頂段415巷23號,68,6801000,6801000-015,15鄰,中豐路山頂段,,415巷,,,,23號,121.212764810605,24.8956171316446
桃園市平鎮區山峰里15鄰中豐路山頂段415巷24號,68,6801000,6801000-015,15鄰,中豐路山頂段,,415巷,,,,24號,121.212808763176,24.8956190552317
桃園市平鎮區山峰里15鄰中豐路山頂段415巷26號,68,6801000,6801000-015,15鄰,中豐路山頂段,,415巷,,,,26號,121.212893998989,24.8956248021539
桃園市平鎮區山峰里15鄰中豐路山頂段415巷29號,68,6801000,6801000-015,15鄰,中豐路山頂段,,415巷,,,,29號,121.212953500512,24.8956315788868
桃園市平鎮區山峰里15鄰中豐路山頂段415巷30號,68,6801000,6801000-015,15鄰,中豐路山頂段,,415巷,,,,30號,121.213046165144,24.89564020423
桃園市平鎮區山峰里15鄰中豐路山頂段415巷31號,68,6801000,6801000-015,15鄰,中豐路山頂段,,415巷,,,,31號,121.213025384288,24.8957590485438
桃園市平鎮區山峰里15鄰中豐路山頂段415巷33號,68,6801000,6801000-015,15鄰,中豐路山頂段,,415巷,,,,33號,121.213147640351,24.8956493586389
桃園市平鎮區山峰里15鄰中豐路山頂段415巷34號,68,6801000,6801000-015,15鄰,中豐路山頂段,,415巷,,,,34號,121.213192784941,24.8956537180966
桃園市平鎮區山峰里15鄰中豐路山頂段415巷36號,68,6801000,6801000-015,15鄰,中豐路山頂段,,415巷,,,,36號,121.213273867627,24.8956619084216
桃園市平鎮區山峰里15鄰中豐路山頂段415巷37號,68,6801000,6801000-015,15鄰,中豐路山頂段,,415巷,,,,37號,121.213314655659,24.8956655517915
桃園市平鎮區山峰里15鄰中豐路山頂段415巷38號,68,6801000,6801000-015,15鄰,中豐路山頂段,,415巷,,,,38號,121.213356530353,24.895667929611
桃園市平鎮區山峰里15鄰中豐路山頂段415巷39號,68,6801000,6801000-015,15鄰,中豐路山頂段,,415巷,,,,39號,121.213399396757,24.8956713894166
桃園市平鎮區山峰里15鄰中豐路山頂段415巷40號,68,6801000,6801000-015,15鄰,中豐路山頂段,,415巷,,,,40號,121.213440677546,24.8956737680617
桃園市平鎮區山峰里15鄰中豐路山頂段415巷41號,68,6801000,6801000-015,15鄰,中豐路山頂段,,415巷,,,,41號,121.213484136931,24.8956766852867
桃園市平鎮區山峰里15鄰中豐路山頂段415巷42號,68,6801000,6801000-015,15鄰,中豐路山頂段,,415巷,,,,42號,121.21352551764,24.8956796054735
桃園市平鎮區山峰里12鄰中豐路山頂段417號,68,6801000,6801000-015,12鄰,中豐路山頂段,,,,,,417號,121.211528154103,24.8953620298466
桃園市平鎮區山峰里12鄰中豐路山頂段419號,68,6801000,6801000-015,12鄰,中豐路山頂段,,,,,,419號,121.211535098307,24.8953129051285
桃園市平鎮區山峰里12鄰中豐路山頂段421巷1號,68,6801000,6801000-015,12鄰,中豐路山頂段,,421巷,,,,1號,121.211689365226,24.8953415774638
桃園市平鎮區山峰里12鄰中豐路山頂段421巷2號,68,6801000,6801000-015,12鄰,中豐路山頂段,,421巷,,,,2號,121.211893992527,24.8952988532278
桃園市平鎮區山峰里12鄰中豐路山頂段421巷3之1號,68,6801000,6801000-015,12鄰,中豐路山頂段,,421巷,,,,3之1號,121.21178164964,24.8953595937418
桃園市平鎮區山峰里12鄰中豐路山頂段421巷3之2號,68,6801000,6801000-015,12鄰,中豐路山頂段,,421巷,,,,3之2號,121.211830466516,24.8953698169058
桃園市平鎮區山峰里12鄰中豐路山頂段421巷3號,68,6801000,6801000-015,12鄰,中豐路山頂段,,421巷,,,,3號,121.211738181163,24.8953512589513
桃園市平鎮區山峰里12鄰中豐路山頂段421巷4號,68,6801000,6801000-015,12鄰,中豐路山頂段,,421巷,,,,4號,121.211934785027,24.8953052055104
桃園市平鎮區山峰里12鄰中豐路山頂段421巷5號,68,6801000,6801000-015,12鄰,中豐路山頂段,,421巷,,,,5號,121.211914032328,24.895383150674
桃園市平鎮區山峰里12鄰中豐路山頂段421巷6號,68,6801000,6801000-015,12鄰,中豐路山頂段,,421巷,,,,6號,121.211977756728,24.895312457533
桃園市平鎮區山峰里12鄰中豐路山頂段421巷7號,68,6801000,6801000-015,12鄰,中豐路山頂段,,421巷,,,,7號,121.211999179287,24.8953949473092
桃園市平鎮區山峰里12鄰中豐路山頂段421巷8號,68,6801000,6801000-015,12鄰,中豐路山頂段,,421巷,,,,8號,121.212014192228,24.8953178228515
桃園市平鎮區山峰里12鄰中豐路山頂段421巷9號,68,6801000,6801000-015,12鄰,中豐路山頂段,,421巷,,,,9號,121.212043137629,24.8954003019325
桃園市平鎮區山峰里12鄰中豐路山頂段421巷10號,68,6801000,6801000-015,12鄰,中豐路山頂段,,421巷,,,,10號,121.212060332364,24.8953256120568
桃園市平鎮區山峰里12鄰中豐路山頂段421巷11號,68,6801000,6801000-015,12鄰,中豐路山頂段,,421巷,,,,11號,121.212083431854,24.895404668619
桃園市平鎮區山峰里12鄰中豐路山頂段421巷12號,68,6801000,6801000-015,12鄰,中豐路山頂段,,421巷,,,,12號,121.212117162819,24.8953333860519
桃園市平鎮區山峰里12鄰中豐路山頂段421巷13號,68,6801000,6801000-015,12鄰,中豐路山頂段,,421巷,,,,13號,121.212123133101,24.8954095778456
桃園市平鎮區山峰里12鄰中豐路山頂段421巷14號,68,6801000,6801000-015,12鄰,中豐路山頂段,,421巷,,,,14號,121.212203791442,24.8953433747704
桃園市平鎮區山峰里12鄰中豐路山頂段421巷15號,68,6801000,6801000-015,12鄰,中豐路山頂段,,421巷,,,,15號,121.212167584678,24.8954139385994
桃園市平鎮區山峰里12鄰中豐路山頂段421巷16號,68,6801000,6801000-015,12鄰,中豐路山頂段,,421巷,,,,16號,121.21224675746,24.8953472861899
桃園市平鎮區山峰里12鄰中豐路山頂段421巷17號,68,6801000,6801000-015,12鄰,中豐路山頂段,,421巷,,,,17號,121.212209167253,24.895419206267
桃園市平鎮區山峰里12鄰中豐路山頂段421巷20號,68,6801000,6801000-015,12鄰,中豐路山頂段,,421巷,,,,20號,121.212289626968,24.8953526422894
桃園市平鎮區山峰里12鄰中豐路山頂段421巷21號,68,6801000,6801000-015,12鄰,中豐路山頂段,,421巷,,,,21號,121.212272230848,24.8954252559292
桃園市平鎮區山峰里12鄰中豐路山頂段421巷22號,68,6801000,6801000-015,12鄰,中豐路山頂段,,421巷,,,,22號,121.212335663207,24.8953575424469
桃園市平鎮區山峰里12鄰中豐路山頂段421巷22之1號,68,6801000,6801000-015,12鄰,中豐路山頂段,,421巷,,,,22之1號,121.21238021453,24.895362354419
桃園市平鎮區山峰里12鄰中豐路山頂段421巷23號,68,6801000,6801000-015,12鄰,中豐路山頂段,,421巷,,,,23號,121.212336089259,24.8954330198428
桃園市平鎮區山峰里12鄰中豐路山頂段421巷26號,68,6801000,6801000-015,12鄰,中豐路山頂段,,421巷,,,,26號,121.212424666099,24.8953667150963
桃園市平鎮區山峰里12鄰中豐路山頂段421巷27號,68,6801000,6801000-015,12鄰,中豐路山頂段,,421巷,,,,27號,121.212419746425,24.8954418389627
桃園市平鎮區山峰里12鄰中豐路山頂段421巷28號,68,6801000,6801000-015,12鄰,中豐路山頂段,,421巷,,,,28號,121.21246654423,24.8953711697092
桃園市平鎮區山峰里12鄰中豐路山頂段421巷29號,68,6801000,6801000-015,12鄰,中豐路山頂段,,421巷,,,,29號,121.21246033732,24.8954460245555
桃園市平鎮區山峰里12鄰中豐路山頂段421巷30號,68,6801000,6801000-015,12鄰,中豐路山頂段,,421巷,,,,30號,121.212507828304,24.8953755348717
桃園市平鎮區山峰里12鄰中豐路山頂段421巷31號,68,6801000,6801000-015,12鄰,中豐路山頂段,,421巷,,,,31號,121.212502612654,24.8954512008701
桃園市平鎮區山峰里12鄰中豐路山頂段421巷32之1號,68,6801000,6801000-015,12鄰,中豐路山頂段,,421巷,,,,32之1號,121.212593664801,24.8953853439222
桃園市平鎮區山峰里12鄰中豐路山頂段421巷32之2號,68,6801000,6801000-015,12鄰,中豐路山頂段,,421巷,,,,32之2號,121.212636631619,24.8953897066516
桃園市平鎮區山峰里12鄰中豐路山頂段421巷32號,68,6801000,6801000-015,12鄰,中豐路山頂段,,421巷,,,,32號,121.212550796816,24.895380890755
桃園市平鎮區山峰里12鄰中豐路山頂段421巷34號,68,6801000,6801000-015,12鄰,中豐路山頂段,,421巷,,,,34號,121.212680092588,24.8953936172408
桃園市平鎮區山峰里12鄰中豐路山頂段421巷35號,68,6801000,6801000-015,12鄰,中豐路山頂段,,421巷,,,,35號,121.212562705508,24.8954565323623
桃園市平鎮區山峰里12鄰中豐路山頂段421巷36號,68,6801000,6801000-015,12鄰,中豐路山頂段,,421巷,,,,36號,121.212724543405,24.8953975264063
桃園市平鎮區山峰里12鄰中豐路山頂段421巷38號,68,6801000,6801000-015,12鄰,中豐路山頂段,,421巷,,,,38號,121.212766319942,24.89540044624
桃園市平鎮區山峰里12鄰中豐路山頂段421巷39號,68,6801000,6801000-015,12鄰,中豐路山頂段,,421巷,,,,39號,121.212669623132,24.8954647764978
桃園市平鎮區山峰里13鄰中豐路山頂段421巷40號,68,6801000,6801000-015,13鄰,中豐路山頂段,,421巷,,,,40號,121.212808887274,24.8954027329415
桃園市平鎮區山峰里13鄰中豐路山頂段421巷42號,68,6801000,6801000-015,13鄰,中豐路山頂段,,421巷,,,,42號,121.212851256947,24.8954052004821
桃園市平鎮區山峰里13鄰中豐路山頂段421巷43號,68,6801000,6801000-015,13鄰,中豐路山頂段,,421巷,,,,43號,121.212731992951,24.8954702852461
桃園市平鎮區山峰里13鄰中豐路山頂段421巷44號,68,6801000,6801000-015,13鄰,中豐路山頂段,,421巷,,,,44號,121.212893725607,24.8954076678694
桃園市平鎮區山峰里13鄰中豐路山頂段421巷45號,68,6801000,6801000-015,13鄰,中豐路山頂段,,421巷,,,,45號,121.212794164497,24.8954756136816
桃園市平鎮區山峰里13鄰中豐路山頂段421巷46號,68,6801000,6801000-015,13鄰,中豐路山頂段,,421巷,,,,46號,121.212948370903,24.8954110207152
桃園市平鎮區山峰里13鄰中豐路山頂段421巷47號,68,6801000,6801000-015,13鄰,中豐路山頂段,,421巷,,,,47號,121.212835645192,24.8954791659104
桃園市平鎮區山峰里13鄰中豐路山頂段421巷49號,68,6801000,6801000-015,13鄰,中豐路山頂段,,421巷,,,,49號,121.212877422533,24.8954825371352
桃園市平鎮區山峰里13鄰中豐路山頂段421巷52號,68,6801000,6801000-015,13鄰,中豐路山頂段,,421巷,,,,52號,121.213047861424,24.8954173792001
桃園市平鎮區山峰里13鄰中豐路山頂段421巷53號,68,6801000,6801000-015,13鄰,中豐路山頂段,,421巷,,,,53號,121.213002955327,24.895494275577
桃園市平鎮區山峰里13鄰中豐路山頂段421巷54號,68,6801000,6801000-015,13鄰,中豐路山頂段,,421巷,,,,54號,121.21312814556,24.8954217787887
桃園市平鎮區山峰里13鄰中豐路山頂段421巷55號,68,6801000,6801000-015,13鄰,中豐路山頂段,,421巷,,,,55號,121.213047505019,24.8954980942201
桃園市平鎮區山峰里13鄰中豐路山頂段421巷56號,68,6801000,6801000-015,13鄰,中豐路山頂段,,421巷,,,,56號,121.213181205412,24.895424140682
桃園市平鎮區山峰里13鄰中豐路山頂段421巷57號,68,6801000,6801000-015,13鄰,中豐路山頂段,,421巷,,,,57號,121.213088690479,24.8955026399316
桃園市平鎮區山峰里13鄰中豐路山頂段421巷58號,68,6801000,6801000-015,13鄰,中豐路山頂段,,421巷,,,,58號,121.213224663928,24.8954266065609
桃園市平鎮區山峰里13鄰中豐路山頂段421巷59號,68,6801000,6801000-015,13鄰,中豐路山頂段,,421巷,,,,59號,121.213144623396,24.8955064422899
桃園市平鎮區山峰里13鄰中豐路山頂段421巷60號,68,6801000,6801000-015,13鄰,中豐路山頂段,,421巷,,,,60號,121.213265747129,24.8954292563914
桃園市平鎮區山峰里13鄰中豐路山頂段421巷61號,68,6801000,6801000-015,13鄰,中豐路山頂段,,421巷,,,,61號,121.213218770708,24.8955109408797
桃園市平鎮區山峰里13鄰中豐路山頂段421巷62號,68,6801000,6801000-015,13鄰,中豐路山頂段,,421巷,,,,62號,121.21330910744,24.8954321738095
桃園市平鎮區山峰里13鄰中豐路山頂段421巷63號,68,6801000,6801000-015,13鄰,中豐路山頂段,,421巷,,,,63號,121.213277276454,24.8955142880885
桃園市平鎮區山峰里13鄰中豐路山頂段421巷64號,68,6801000,6801000-015,13鄰,中豐路山頂段,,421巷,,,,64號,121.213351576893,24.8954350924887
桃園市平鎮區山峰里13鄰中豐路山頂段421巷65號,68,6801000,6801000-015,13鄰,中豐路山頂段,,421巷,,,,65號,121.213322813679,24.8955167509676
桃園市平鎮區山峰里13鄰中豐路山頂段421巷66號,68,6801000,6801000-015,13鄰,中豐路山頂段,,421巷,,,,66號,121.213395035416,24.895437558318
桃園市平鎮區山峰里13鄰中豐路山頂段421巷67號,68,6801000,6801000-015,13鄰,中豐路山頂段,,421巷,,,,67號,121.213362014964,24.8955186811842
桃園市平鎮區山峰里13鄰中豐路山頂段421巷68號,68,6801000,6801000-015,13鄰,中豐路山頂段,,421巷,,,,68號,121.213434831205,24.8954398488042
桃園市平鎮區山峰里13鄰中豐路山頂段421巷69號,68,6801000,6801000-015,13鄰,中豐路山頂段,,421巷,,,,69號,121.213403791556,24.895521600839
桃園市平鎮區山峰里13鄰中豐路山頂段421巷70號,68,6801000,6801000-015,13鄰,中豐路山頂段,,421巷,,,,70號,121.213477697532,24.895443308588
桃園市平鎮區山峰里13鄰中豐路山頂段421巷71號,68,6801000,6801000-015,13鄰,中豐路山頂段,,421巷,,,,71號,121.213448339716,24.8955245165177
桃園市平鎮區山峰里13鄰中豐路山頂段421巷72號,68,6801000,6801000-015,13鄰,中豐路山頂段,,421巷,,,,72號,121.213517394961,24.8954459603316
桃園市平鎮區山峰里13鄰中豐路山頂段421巷73號,68,6801000,6801000-015,13鄰,中豐路山頂段,,421巷,,,,73號,121.213487541938,24.8955269884081
桃園市平鎮區山峰里13鄰中豐路山頂段421巷74號,68,6801000,6801000-015,13鄰,中豐路山頂段,,421巷,,,,74號,121.213558179979,24.8954478882306
桃園市平鎮區山峰里13鄰中豐路山頂段421巷75號,68,6801000,6801000-015,13鄰,中豐路山頂段,,421巷,,,,75號,121.213530405656,24.8955289133406
桃園市平鎮區山峰里10鄰中豐路山頂段425號,68,6801000,6801000-015,10鄰,中豐路山頂段,,,,,,425號,121.21154830304,24.8952200737414
桃園市平鎮區山峰里10鄰中豐路山頂段427號,68,6801000,6801000-015,10鄰,中豐路山頂段,,,,,,427號,121.211555241382,24.8951675182113
桃園市平鎮區山峰里10鄰中豐路山頂段429號,68,6801000,6801000-015,10鄰,中豐路山頂段,,,,,,429號,121.211561010063,24.8951256179332
桃園市平鎮區山峰里10鄰中豐路山頂段433號,68,6801000,6801000-015,10鄰,中豐路山頂段,,,,,,433號,121.211571468589,24.8950476874107
桃園市平鎮區山峰里10鄰中豐路山頂段435號,68,6801000,6801000-015,10鄰,中豐路山頂段,,,,,,435號,121.211577226488,24.8949994672177
桃園市平鎮區山峰里10鄰中豐路山頂段437號,68,6801000,6801000-015,10鄰,中豐路山頂段,,,,,,437號,121.211585540428,24.8949409509442
桃園市平鎮區山峰里10鄰中豐路山頂段441巷1之4號,68,6801000,6801000-015,10鄰,中豐路山頂段,,441巷,,,,1之4號,121.211860596307,24.8949863350276
桃園市平鎮區山峰里10鄰中豐路山頂段441巷1之1號,68,6801000,6801000-015,10鄰,中豐路山頂段,,441巷,,,,1之1號,121.211717622139,24.8949624319332
桃園市平鎮區山峰里10鄰中豐路山頂段441巷1號,68,6801000,6801000-015,10鄰,中豐路山頂段,,441巷,,,,1號,121.211902384043,24.8950538989318
桃園市平鎮區山峰里10鄰中豐路山頂段441巷1之2號,68,6801000,6801000-015,10鄰,中豐路山頂段,,441巷,,,,1之2號,121.211764850026,24.8949696779794
桃園市平鎮區山峰里10鄰中豐路山頂段441巷1之3號,68,6801000,6801000-015,10鄰,中豐路山頂段,,441巷,,,,1之3號,121.211810693219,24.8949775579691
桃園市平鎮區山峰里10鄰中豐路山頂段441巷2號,68,6801000,6801000-015,10鄰,中豐路山頂段,,441巷,,,,2號,121.211725020671,24.8948895616835
桃園市平鎮區山峰里10鄰中豐路山頂段441巷3號,68,6801000,6801000-015,10鄰,中豐路山頂段,,441巷,,,,3號,121.211949051545,24.8950227747189
桃園市平鎮區山峰里10鄰中豐路山頂段441巷4號,68,6801000,6801000-015,10鄰,中豐路山頂段,,441巷,,,,4號,121.211770071806,24.8948973525249
桃園市平鎮區山峰里10鄰中豐路山頂段441巷5號,68,6801000,6801000-015,10鄰,中豐路山頂段,,441巷,,,,5號,121.211989742351,24.8950275922917
桃園市平鎮區山峰里10鄰中豐路山頂段441巷6號,68,6801000,6801000-015,10鄰,中豐路山頂段,,441巷,,,,6號,121.211811458842,24.894904155422
桃園市平鎮區山峰里10鄰中豐路山頂段441巷7號,68,6801000,6801000-015,10鄰,中豐路山頂段,,441巷,,,,7號,121.212030532299,24.8950324999973
桃園市平鎮區山峰里10鄰中豐路山頂段441巷8號,68,6801000,6801000-015,10鄰,中豐路山頂段,,441巷,,,,8號,121.211860272922,24.8949128437419
桃園市平鎮區山峰里10鄰中豐路山頂段441巷9號,68,6801000,6801000-015,10鄰,中豐路山頂段,,441巷,,,,9號,121.212071816246,24.8950368652814
桃園市平鎮區山峰里10鄰中豐路山頂段441巷10弄1號,68,6801000,6801000-015,10鄰,中豐路山頂段,,441巷,10弄,,,1號,121.211966441671,24.8948306241791
桃園市平鎮區山峰里10鄰中豐路山頂段441巷10弄2號,68,6801000,6801000-015,10鄰,中豐路山頂段,,441巷,10弄,,,2號,121.211855942108,24.8948111893186
桃園市平鎮區山峰里10鄰中豐路山頂段441巷10弄3號,68,6801000,6801000-015,10鄰,中豐路山頂段,,441巷,10弄,,,3號,121.21197498514,24.8947907062059
桃園市平鎮區山峰里10鄰中豐路山頂段441巷10弄4號,68,6801000,6801000-015,10鄰,中豐路山頂段,,441巷,10弄,,,4號,121.211863989922,24.8947708206315
桃園市平鎮區山峰里10鄰中豐路山頂段441巷10弄5號,68,6801000,6801000-015,10鄰,中豐路山頂段,,441巷,10弄,,,5號,121.211984116033,24.89474699544
桃園市平鎮區山峰里10鄰中豐路山頂段441巷10弄6號,68,6801000,6801000-015,10鄰,中豐路山頂段,,441巷,10弄,,,6號,121.211872527565,24.8947274718533
桃園市平鎮區山峰里10鄰中豐路山頂段441巷11弄1號,68,6801000,6801000-015,10鄰,中豐路山頂段,,441巷,11弄,,,1號,121.21211088156,24.8950751807536
桃園市平鎮區山峰里10鄰中豐路山頂段441巷12號,68,6801000,6801000-015,10鄰,中豐路山頂段,,441巷,,,,12號,121.211935325491,24.8949260090177
桃園市平鎮區山峰里10鄰中豐路山頂段441巷14號,68,6801000,6801000-015,10鄰,中豐路山頂段,,441巷,,,,14號,121.211977209161,24.894933804295
桃園市平鎮區山峰里10鄰中豐路山頂段441巷16號,68,6801000,6801000-015,10鄰,中豐路山頂段,,441巷,,,,16號,121.212023844843,24.8949420442323
桃園市平鎮區山峰里10鄰中豐路山頂段441巷20號,68,6801000,6801000-015,10鄰,中豐路山頂段,,441巷,,,,20號,121.212266602111,24.8949699582233
桃園市平鎮區山峰里11鄰中豐路山頂段441巷21號,68,6801000,6801000-015,11鄰,中豐路山頂段,,441巷,,,,21號,121.212163097685,24.895047298836
桃園市平鎮區山峰里11鄰中豐路山頂段441巷23號,68,6801000,6801000-015,11鄰,中豐路山頂段,,441巷,,,,23號,121.212213291141,24.8950521931214
桃園市平鎮區山峰里11鄰中豐路山頂段441巷25號,68,6801000,6801000-015,11鄰,中豐路山頂段,,441巷,,,,25號,121.212258932873,24.8950579967115
桃園市平鎮區山峰里11鄰中豐路山頂段441巷26之2號,68,6801000,6801000-015,11鄰,中豐路山頂段,,441巷,,,,26之2號,121.212403923327,24.8949874586242
桃園市平鎮區山峰里11鄰中豐路山頂段441巷26號,68,6801000,6801000-015,11鄰,中豐路山頂段,,441巷,,,,26號,121.212308382664,24.8949753158673
桃園市平鎮區山峰里11鄰中豐路山頂段441巷27號,68,6801000,6801000-015,11鄰,中豐路山頂段,,441巷,,,,27號,121.212306453456,24.895062714198
桃園市平鎮區山峰里11鄰中豐路山頂段441巷28弄2號,68,6801000,6801000-015,11鄰,中豐路山頂段,,441巷,28弄,,,2號,121.21242380654,24.8948643722792
桃園市平鎮區山峰里11鄰中豐路山頂段441巷28弄3號,68,6801000,6801000-015,11鄰,中豐路山頂段,,441巷,28弄,,,3號,121.212499700846,24.8949644802357
桃園市平鎮區山峰里11鄰中豐路山頂段441巷28弄4號,68,6801000,6801000-015,11鄰,中豐路山頂段,,441巷,28弄,,,4號,121.212429169863,24.8948171457473
桃園市平鎮區山峰里11鄰中豐路山頂段441巷28弄5號,68,6801000,6801000-015,11鄰,中豐路山頂段,,441巷,28弄,,,5號,121.212505559838,24.8949177044194
桃園市平鎮區山峰里11鄰中豐路山頂段441巷28弄7號,68,6801000,6801000-015,11鄰,中豐路山頂段,,441巷,28弄,,,7號,121.212511423153,24.894873456568
桃園市平鎮區山峰里11鄰中豐路山頂段441巷28弄9號,68,6801000,6801000-015,11鄰,中豐路山頂段,,441巷,28弄,,,9號,121.212517381274,24.8948267708943
桃園市平鎮區山峰里11鄰中豐路山頂段441巷29號,68,6801000,6801000-015,11鄰,中豐路山頂段,,441巷,,,,29號,121.212354866753,24.8950685138154
桃園市平鎮區山峰里11鄰中豐路山頂段441巷31號,68,6801000,6801000-015,11鄰,中豐路山頂段,,441巷,,,,31號,121.212406348564,24.8950743090493
桃園市平鎮區山峰里11鄰中豐路山頂段441巷33之3號,68,6801000,6801000-015,11鄰,中豐路山頂段,,441巷,,,,33之3號,121.212594652184,24.8950948966599
桃園市平鎮區山峰里11鄰中豐路山頂段441巷33號,68,6801000,6801000-015,11鄰,中豐路山頂段,,441巷,,,,33號,121.212462284977,24.8950802784924
桃園市平鎮區山峰里11鄰中豐路山頂段441巷33之1號,68,6801000,6801000-015,11鄰,中豐路山頂段,,441巷,,,,33之1號,121.212506737375,24.8950851808529
桃園市平鎮區山峰里11鄰中豐路山頂段441巷33之2號,68,6801000,6801000-015,11鄰,中豐路山頂段,,441巷,,,,33之2號,121.212550794458,24.8950904449021
桃園市平鎮區山峰里11鄰中豐路山頂段441巷34弄1號,68,6801000,6801000-015,11鄰,中豐路山頂段,,441巷,34弄,,,1號,121.212674804476,24.8950224644067
桃園市平鎮區山峰里11鄰中豐路山頂段441巷34弄2號,68,6801000,6801000-015,11鄰,中豐路山頂段,,441巷,34弄,,,2號,121.212678603144,24.8949864353995
桃園市平鎮區山峰里11鄰中豐路山頂段441巷34弄3之1號,68,6801000,6801000-015,11鄰,中豐路山頂段,,441巷,34弄,,,3之1號,121.212685523517,24.8949236776727
桃園市平鎮區山峰里11鄰中豐路山頂段441巷34弄3之4號,68,6801000,6801000-015,11鄰,中豐路山頂段,,441巷,34弄,,,3之4號,121.212685523517,24.8949236776727
桃園市平鎮區山峰里11鄰中豐路山頂段441巷34弄3之2號,68,6801000,6801000-015,11鄰,中豐路山頂段,,441巷,34弄,,,3之2號,121.212685523517,24.8949236776727
桃園市平鎮區山峰里11鄰中豐路山頂段441巷34弄3之3號,68,6801000,6801000-015,11鄰,中豐路山頂段,,441巷,34弄,,,3之3號,121.212685523517,24.8949236776727
桃園市平鎮區山峰里11鄰中豐路山頂段441巷34弄3號,68,6801000,6801000-015,11鄰,中豐路山頂段,,441巷,34弄,,,3號,121.212685523517,24.8949236776727
桃園市平鎮區山峰里11鄰中豐路山頂段441巷34弄4之1號,68,6801000,6801000-015,11鄰,中豐路山頂段,,441巷,34弄,,,4之1號,121.212693624266,24.8948565845973
桃園市平鎮區山峰里11鄰中豐路山頂段441巷34弄4之2號,68,6801000,6801000-015,11鄰,中豐路山頂段,,441巷,34弄,,,4之2號,121.212693624266,24.8948565845973
桃園市平鎮區山峰里11鄰中豐路山頂段441巷34弄4之3號,68,6801000,6801000-015,11鄰,中豐路山頂段,,441巷,34弄,,,4之3號,121.212693624266,24.8948565845973
桃園市平鎮區山峰里11鄰中豐路山頂段441巷34弄4號,68,6801000,6801000-015,11鄰,中豐路山頂段,,441巷,34弄,,,4號,121.212693624266,24.8948565845973
桃園市平鎮區山峰里11鄰中豐路山頂段441巷35弄1號,68,6801000,6801000-015,11鄰,中豐路山頂段,,441巷,35弄,,,1號,121.212673752309,24.8951016455832
桃園市平鎮區山峰里11鄰中豐路山頂段441巷35弄2號,68,6801000,6801000-015,11鄰,中豐路山頂段,,441巷,35弄,,,2號,121.212665126764,24.8951513144576
桃園市平鎮區山峰里11鄰中豐路山頂段441巷36號,68,6801000,6801000-015,11鄰,中豐路山頂段,,441巷,,,,36號,121.212819788219,24.8950059161735
桃園市平鎮區山峰里11鄰中豐路山頂段441巷37號,68,6801000,6801000-015,11鄰,中豐路山頂段,,441巷,,,,37號,121.212802093401,24.8951350485205
桃園市平鎮區山峰里11鄰中豐路山頂段441巷38號,68,6801000,6801000-015,11鄰,中豐路山頂段,,441巷,,,,38號,121.21286215946,24.8950093768413
桃園市平鎮區山峰里11鄰中豐路山頂段441巷39號,68,6801000,6801000-015,11鄰,中豐路山頂段,,441巷,,,,39號,121.21284288326,24.895139865719
桃園市平鎮區山峰里11鄰中豐路山頂段441巷40號,68,6801000,6801000-015,11鄰,中豐路山頂段,,441巷,,,,40號,121.212906114295,24.8950127449529
桃園市平鎮區山峰里11鄰中豐路山頂段441巷42號,68,6801000,6801000-015,11鄰,中豐路山頂段,,441巷,,,,42號,121.212947989691,24.8950156645955
桃園市平鎮區山峰里11鄰中豐路山頂段441巷43號,68,6801000,6801000-015,11鄰,中豐路山頂段,,441巷,,,,43號,121.21292436168,24.8951481459567
桃園市平鎮區山峰里11鄰中豐路山頂段441巷45號,68,6801000,6801000-015,11鄰,中豐路山頂段,,441巷,,,,45號,121.212986039855,24.8951544681489
桃園市平鎮區山峰里11鄰中豐路山頂段441巷47號,68,6801000,6801000-015,11鄰,中豐路山頂段,,441巷,,,,47號,121.213048807482,24.8951611498989
桃園市平鎮區山峰里11鄰中豐路山頂段441巷49號,68,6801000,6801000-015,11鄰,中豐路山頂段,,441巷,,,,49號,121.21309335721,24.8951650588137
桃園市平鎮區山峰里11鄰中豐路山頂段441巷51號,68,6801000,6801000-015,11鄰,中豐路山頂段,,441巷,,,,51號,121.213137313036,24.8951689685636
桃園市平鎮區山峰里11鄰中豐路山頂段441巷53號,68,6801000,6801000-015,11鄰,中豐路山頂段,,441巷,,,,53號,121.213175714665,24.8952240776548
桃園市平鎮區山峰里11鄰中豐路山頂段441巷55號,68,6801000,6801000-015,11鄰,中豐路山頂段,,441巷,,,,55號,121.21326581224,24.8952366790572
桃園市平鎮區山峰里11鄰中豐路山頂段441巷57號,68,6801000,6801000-015,11鄰,中豐路山頂段,,441巷,,,,57號,121.213348485233,24.895248839597
桃園市平鎮區山峰里11鄰中豐路山頂段441巷59號,68,6801000,6801000-015,11鄰,中豐路山頂段,,441巷,,,,59號,121.213445019463,24.8952629665278
桃園市平鎮區山峰里11鄰中豐路山頂段441巷61號,68,6801000,6801000-015,11鄰,中豐路山頂段,,441巷,,,,61號,121.213553337042,24.8952795142197
桃園市平鎮區山峰里5鄰中豐路山頂段443號,68,6801000,6801000-015,5鄰,中豐路山頂段,,,,,,443號,121.21159540502,24.8948630212603
桃園市平鎮區山峰里5鄰中豐路山頂段445號,68,6801000,6801000-015,5鄰,中豐路山頂段,,,,,,445號,121.211601270042,24.8948195860026
桃園市平鎮區山峰里5鄰中豐路山頂段447號,68,6801000,6801000-015,5鄰,中豐路山頂段,,,,,,447號,121.211607729117,24.8947762401867
桃園市平鎮區山峰里5鄰中豐路山頂段449號,68,6801000,6801000-015,5鄰,中豐路山頂段,,,,,,449號,121.211613097827,24.8947319930694
桃園市平鎮區山峰里5鄰中豐路山頂段451號,68,6801000,6801000-015,5鄰,中豐路山頂段,,,,,,451號,121.211619459603,24.8946896405223
桃園市平鎮區山峰里5鄰中豐路山頂段453號,68,6801000,6801000-015,5鄰,中豐路山頂段,,,,,,453號,121.211627189142,24.8946367227246
桃園市平鎮區山峰里5鄰中豐路山頂段455號,68,6801000,6801000-015,5鄰,中豐路山頂段,,,,,,455號,121.211634419908,24.8945815485159
桃園市平鎮區山峰里5鄰中豐路山頂段457號,68,6801000,6801000-015,5鄰,中豐路山頂段,,,,,,457號,121.211642148511,24.8945280890098
桃園市平鎮區山峰里5鄰中豐路山頂段459號,68,6801000,6801000-015,5鄰,中豐路山頂段,,,,,,459號,121.211648591088,24.8944750827506
桃園市平鎮區山峰里5鄰中豐路山頂段461號,68,6801000,6801000-015,5鄰,中豐路山頂段,,,,,,461號,121.211656614783,24.894420539408
桃園市平鎮區山峰里5鄰中豐路山頂段463號,68,6801000,6801000-015,5鄰,中豐路山頂段,,,,,,463號,121.211663654483,24.8943694282793
桃園市平鎮區山峰里5鄰中豐路山頂段465號,68,6801000,6801000-015,5鄰,中豐路山頂段,,,,,,465號,121.211671083647,24.8943145246398
桃園市平鎮區山峰里5鄰中豐路山頂段467號,68,6801000,6801000-015,5鄰,中豐路山頂段,,,,,,467號,121.211678614098,24.8942609751264
桃園市平鎮區山峰里5鄰中豐路山頂段469巷1弄1號,68,6801000,6801000-015,5鄰,中豐路山頂段,,469巷,1弄,,,1號,121.211839206676,24.8942849435396
桃園市平鎮區山峰里5鄰中豐路山頂段469巷1弄2號,68,6801000,6801000-015,5鄰,中豐路山頂段,,469巷,1弄,,,2號,121.211969417525,24.8943125663269
桃園市平鎮區山峰里5鄰中豐路山頂段469巷1弄3號,68,6801000,6801000-015,5鄰,中豐路山頂段,,469巷,1弄,,,3號,121.211830589939,24.8943399391578
桃園市平鎮區山峰里5鄰中豐路山頂段469巷1弄4號,68,6801000,6801000-015,5鄰,中豐路山頂段,,469巷,1弄,,,4號,121.211961877332,24.8943603376466
桃園市平鎮區山峰里5鄰中豐路山頂段469巷1弄5號,68,6801000,6801000-015,5鄰,中豐路山頂段,,469巷,1弄,,,5號,121.211821475657,24.8943934006415
桃園市平鎮區山峰里5鄰中豐路山頂段469巷1弄6號,68,6801000,6801000-015,5鄰,中豐路山頂段,,469巷,1弄,,,6號,121.211953848689,24.894411901617
桃園市平鎮區山峰里5鄰中豐路山頂段469巷1弄7號,68,6801000,6801000-015,5鄰,中豐路山頂段,,469巷,1弄,,,7號,121.211813051943,24.8944455068734
桃園市平鎮區山峰里5鄰中豐路山頂段469巷1弄8號,68,6801000,6801000-015,5鄰,中豐路山頂段,,469巷,1弄,,,8號,121.211944733839,24.8944650019694
桃園市平鎮區山峰里5鄰中豐路山頂段469巷1弄9號,68,6801000,6801000-015,5鄰,中豐路山頂段,,469巷,1弄,,,9號,121.211804728593,24.8944984255244
桃園市平鎮區山峰里5鄰中豐路山頂段469巷1弄10號,68,6801000,6801000-015,5鄰,中豐路山頂段,,469巷,1弄,,,10號,121.211936312484,24.8945184624747
桃園市平鎮區山峰里5鄰中豐路山頂段469巷1弄11號,68,6801000,6801000-015,5鄰,中豐路山頂段,,469巷,1弄,,,11號,121.211795616907,24.8945534218417
桃園市平鎮區山峰里5鄰中豐路山頂段469巷1弄12號,68,6801000,6801000-015,5鄰,中豐路山頂段,,469巷,1弄,,,12號,121.211927699165,24.8945754443553
桃園市平鎮區山峰里5鄰中豐路山頂段469巷1弄13號,68,6801000,6801000-015,5鄰,中豐路山頂段,,469巷,1弄,,,13號,121.211786996745,24.8946064311971
桃園市平鎮區山峰里5鄰中豐路山頂段469巷1弄14號,68,6801000,6801000-015,5鄰,中豐路山頂段,,469巷,1弄,,,14號,121.211919671265,24.894627459745
桃園市平鎮區山峰里5鄰中豐路山頂段469巷1弄15號,68,6801000,6801000-015,5鄰,中豐路山頂段,,469巷,1弄,,,15號,121.211778376575,24.8946594405516
桃園市平鎮區山峰里5鄰中豐路山頂段469巷1弄16號,68,6801000,6801000-015,5鄰,中豐路山頂段,,469巷,1弄,,,16號,121.211911053771,24.8946820039429
桃園市平鎮區山峰里4鄰中豐路山頂段469巷2號,68,6801000,6801000-015,4鄰,中豐路山頂段,,469巷,,,,2號,121.211918078827,24.8940540818965
桃園市平鎮區山峰里6鄰中豐路山頂段469巷3弄1號,68,6801000,6801000-015,6鄰,中豐路山頂段,,469巷,3弄,,,1號,121.212125248367,24.8943303115505
桃園市平鎮區山峰里6鄰中豐路山頂段469巷3弄2號,68,6801000,6801000-015,6鄰,中豐路山頂段,,469巷,3弄,,,2號,121.212212822057,24.8945461480494
桃園市平鎮區山峰里6鄰中豐路山頂段469巷3弄3號,68,6801000,6801000-015,6鄰,中豐路山頂段,,469巷,3弄,,,3號,121.212116630057,24.8943843140548
桃園市平鎮區山峰里6鄰中豐路山頂段469巷3弄4號,68,6801000,6801000-015,6鄰,中豐路山頂段,,469巷,3弄,,,4號,121.212260543034,24.8945524001069
桃園市平鎮區山峰里6鄰中豐路山頂段469巷3弄5號,68,6801000,6801000-015,6鄰,中豐路山頂段,,469巷,3弄,,,5號,121.212108107484,24.8944364204433
桃園市平鎮區山峰里6鄰中豐路山頂段469巷3弄6號,68,6801000,6801000-015,6鄰,中豐路山頂段,,469巷,3弄,,,6號,121.212311530634,24.8945587377863
桃園市平鎮區山峰里6鄰中豐路山頂段469巷3弄7號,68,6801000,6801000-015,6鄰,中豐路山頂段,,469巷,3弄,,,7號,121.212098894332,24.8944898820832
桃園市平鎮區山峰里6鄰中豐路山頂段469巷3弄8號,68,6801000,6801000-015,6鄰,中豐路山頂段,,469巷,3弄,,,8號,121.212359252547,24.894565531519
桃園市平鎮區山峰里6鄰中豐路山頂段469巷3弄9號,68,6801000,6801000-015,6鄰,中豐路山頂段,,469巷,3弄,,,9號,121.21209027276,24.8945419886107
桃園市平鎮區山峰里6鄰中豐路山頂段469巷3弄10號,68,6801000,6801000-015,6鄰,中豐路山頂段,,469巷,3弄,,,10號,121.212407566823,24.8945714215463
桃園市平鎮區山峰里6鄰中豐路山頂段469巷3弄11號,68,6801000,6801000-015,6鄰,中豐路山頂段,,469巷,3弄,,,11號,121.212082147027,24.894594636141
桃園市平鎮區山峰里6鄰中豐路山頂段469巷3弄12號,68,6801000,6801000-015,6鄰,中豐路山頂段,,469巷,3弄,,,12號,121.212456872487,24.8945782129934
桃園市平鎮區山峰里6鄰中豐路山頂段469巷3弄13號,68,6801000,6801000-015,6鄰,中豐路山頂段,,469巷,3弄,,,13號,121.21207362859,24.8946491802073
桃園市平鎮區山峰里6鄰中豐路山頂段469巷3弄14號,68,6801000,6801000-015,6鄰,中豐路山頂段,,469巷,3弄,,,14號,121.212506275594,24.8945841014385
桃園市平鎮區山峰里6鄰中豐路山頂段469巷3弄15號,68,6801000,6801000-015,6鄰,中豐路山頂段,,469巷,3弄,,,15號,121.212063923881,24.8947046288056
桃園市平鎮區山峰里6鄰中豐路山頂段469巷3弄16號,68,6801000,6801000-015,6鄰,中豐路山頂段,,469巷,3弄,,,16號,121.21255558034,24.8945903511461
桃園市平鎮區山峰里6鄰中豐路山頂段469巷3弄17號,68,6801000,6801000-015,6鄰,中豐路山頂段,,469巷,3弄,,,17號,121.21219541575,24.8946706754054
桃園市平鎮區山峰里6鄰中豐路山頂段469巷3弄18號,68,6801000,6801000-015,6鄰,中豐路山頂段,,469巷,3弄,,,18號,121.212670696169,24.8945888328603
桃園市平鎮區山峰里6鄰中豐路山頂段469巷3弄19號,68,6801000,6801000-015,6鄰,中豐路山頂段,,469巷,3弄,,,19號,121.212240462203,24.894675757571
桃園市平鎮區山峰里6鄰中豐路山頂段469巷3弄20號,68,6801000,6801000-015,6鄰,中豐路山頂段,,469巷,3弄,,,20號,121.212720001079,24.894595172798
桃園市平鎮區山峰里6鄰中豐路山頂段469巷3弄21號,68,6801000,6801000-015,6鄰,中豐路山頂段,,469巷,3弄,,,21號,121.212290856413,24.8946823669551
桃園市平鎮區山峰里6鄰中豐路山頂段469巷3弄22號,68,6801000,6801000-015,6鄰,中豐路山頂段,,469巷,3弄,,,22號,121.212769404824,24.8946014222937
桃園市平鎮區山峰里6鄰中豐路山頂段469巷3弄23號,68,6801000,6801000-015,6鄰,中豐路山頂段,,469巷,3弄,,,23號,121.212342338987,24.8946887039193
桃園市平鎮區山峰里6鄰中豐路山頂段469巷3弄24號,68,6801000,6801000-015,6鄰,中豐路山頂段,,469巷,3弄,,,24號,121.212819204663,24.8946077614928
桃園市平鎮區山峰里6鄰中豐路山頂段469巷3弄25號,68,6801000,6801000-015,6鄰,中豐路山頂段,,469巷,3弄,,,25號,121.212389068178,24.8946937836455
桃園市平鎮區山峰里6鄰中豐路山頂段469巷3弄26號,68,6801000,6801000-015,6鄰,中豐路山頂段,,469巷,3弄,,,26號,121.212865936783,24.8946145564748
桃園市平鎮區山峰里6鄰中豐路山頂段469巷3弄27號,68,6801000,6801000-015,6鄰,中豐路山頂段,,469巷,3弄,,,27號,121.212438868036,24.8947001229714
桃園市平鎮區山峰里6鄰中豐路山頂段469巷3弄28號,68,6801000,6801000-015,6鄰,中豐路山頂段,,469巷,3弄,,,28號,121.212916925367,24.8946214356537
桃園市平鎮區山峰里6鄰中豐路山頂段469巷3弄29號,68,6801000,6801000-015,6鄰,中豐路山頂段,,469巷,3弄,,,29號,121.212489360786,24.8947064612939
桃園市平鎮區山峰里6鄰中豐路山頂段469巷3弄30號,68,6801000,6801000-015,6鄰,中豐路山頂段,,469巷,3弄,,,30號,121.212965736158,24.8946282276386
桃園市平鎮區山峰里6鄰中豐路山頂段469巷3弄31號,68,6801000,6801000-015,6鄰,中豐路山頂段,,469巷,3弄,,,31號,121.212537081993,24.8947128035468
桃園市平鎮區山峰里6鄰中豐路山頂段469巷3弄32號,68,6801000,6801000-015,6鄰,中豐路山頂段,,469巷,3弄,,,32號,121.213013951347,24.8946340273259
桃園市平鎮區山峰里6鄰中豐路山頂段469巷3弄33號,68,6801000,6801000-015,6鄰,中豐路山頂段,,469巷,3弄,,,33號,121.212592921429,24.894720037066
桃園市平鎮區山峰里6鄰中豐路山頂段469巷3弄35號,68,6801000,6801000-015,6鄰,中豐路山頂段,,469巷,3弄,,,35號,121.212651911809,24.8947176056113
桃園市平鎮區山峰里6鄰中豐路山頂段469巷3弄37號,68,6801000,6801000-015,6鄰,中豐路山頂段,,469巷,3弄,,,37號,121.212702886193,24.894716178691
桃園市平鎮區山峰里6鄰中豐路山頂段469巷3弄39號,68,6801000,6801000-015,6鄰,中豐路山頂段,,469巷,3弄,,,39號,121.212751399904,24.8947228808845
桃園市平鎮區山峰里6鄰中豐路山頂段469巷3弄41號,68,6801000,6801000-015,6鄰,中豐路山頂段,,469巷,3弄,,,41號,121.212799913,24.8947292219242
桃園市平鎮區山峰里6鄰中豐路山頂段469巷3弄43號,68,6801000,6801000-015,6鄰,中豐路山頂段,,469巷,3弄,,,43號,121.21285040578,24.8947355601244
桃園市平鎮區山峰里6鄰中豐路山頂段469巷3弄45號,68,6801000,6801000-015,6鄰,中豐路山頂段,,469巷,3弄,,,45號,121.21289812686,24.8947418119772
桃園市平鎮區山峰里6鄰中豐路山頂段469巷3弄47號,68,6801000,6801000-015,6鄰,中豐路山頂段,,469巷,3弄,,,47號,121.212946342245,24.8947477019704
桃園市平鎮區山峰里6鄰中豐路山頂段469巷3弄49號,68,6801000,6801000-015,6鄰,中豐路山頂段,,469巷,3弄,,,49號,121.212990896778,24.8947545000204
桃園市平鎮區山峰里4鄰中豐路山頂段469巷4號,68,6801000,6801000-015,4鄰,中豐路山頂段,,469巷,,,,4號,121.21200846444,24.8940678302718
桃園市平鎮區山峰里7鄰中豐路山頂段469巷5號,68,6801000,6801000-015,7鄰,中豐路山頂段,,469巷,,,,5號,121.212240821944,24.8943650873981
桃園市平鎮區山峰里4鄰中豐路山頂段469巷6號,68,6801000,6801000-015,4鄰,中豐路山頂段,,469巷,,,,6號,121.212098859956,24.8940815695498
桃園市平鎮區山峰里7鄰中豐路山頂段469巷7號,68,6801000,6801000-015,7鄰,中豐路山頂段,,469巷,,,,7號,121.212289136909,24.8943714288869
桃園市平鎮區山峰里4鄰中豐路山頂段469巷8號,68,6801000,6801000-015,4鄰,中豐路山頂段,,469巷,,,,8號,121.212189245608,24.8940953178154
桃園市平鎮區山峰里7鄰中豐路山頂段469巷9號,68,6801000,6801000-015,7鄰,中豐路山頂段,,469巷,,,,9號,121.212336857977,24.894377771205
桃園市平鎮區山峰里4鄰中豐路山頂段469巷10號,68,6801000,6801000-015,4鄰,中豐路山頂段,,469巷,,,,10號,121.212279641178,24.894109066012
桃園市平鎮區山峰里7鄰中豐路山頂段469巷11號,68,6801000,6801000-015,7鄰,中豐路山頂段,,469巷,,,,11號,121.212387252379,24.8943845611266
桃園市平鎮區山峰里27鄰中豐路山頂段469巷12弄1號,68,6801000,6801000-015,27鄰,中豐路山頂段,,469巷,12弄,,,1號,121.2125286879,24.8940072405457
桃園市平鎮區山峰里27鄰中豐路山頂段469巷12弄3號,68,6801000,6801000-015,27鄰,中豐路山頂段,,469巷,12弄,,,3號,121.21253494326,24.8939665312904
桃園市平鎮區山峰里27鄰中豐路山頂段469巷12弄5號,68,6801000,6801000-015,27鄰,中豐路山頂段,,469巷,12弄,,,5號,121.212541198615,24.8939258220347
桃園市平鎮區山峰里27鄰中豐路山頂段469巷12弄7號,68,6801000,6801000-015,27鄰,中豐路山頂段,,469巷,12弄,,,7號,121.212547453967,24.8938851127785
桃園市平鎮區山峰里7鄰中豐路山頂段469巷13號,68,6801000,6801000-015,7鄰,中豐路山頂段,,469巷,,,,13號,121.212434479311,24.8943913555403
桃園市平鎮區山峰里27鄰中豐路山頂段469巷14號,68,6801000,6801000-015,27鄰,中豐路山頂段,,469巷,,,,14號,121.212465246549,24.8941155100211
桃園市平鎮區山峰里7鄰中豐路山頂段469巷15號,68,6801000,6801000-015,7鄰,中豐路山頂段,,469巷,,,,15號,121.212483883115,24.8943976954158
桃園市平鎮區山峰里27鄰中豐路山頂段469巷16號,68,6801000,6801000-015,27鄰,中豐路山頂段,,469巷,,,,16號,121.212505572322,24.8941211947082
桃園市平鎮區山峰里7鄰中豐路山頂段469巷17號,68,6801000,6801000-015,7鄰,中豐路山頂段,,469巷,,,,17號,121.212534278461,24.8944050269945
桃園市平鎮區山峰里27鄰中豐路山頂段469巷18號,68,6801000,6801000-015,27鄰,中豐路山頂段,,469巷,,,,18號,121.212545898083,24.894126870356
桃園市平鎮區山峰里7鄰中豐路山頂段469巷19號,68,6801000,6801000-015,7鄰,中豐路山頂段,,469巷,,,,19號,121.212585266014,24.8944113645807
桃園市平鎮區山峰里27鄰中豐路山頂段469巷20號,68,6801000,6801000-015,27鄰,中豐路山頂段,,469巷,,,,20號,121.212586213949,24.8941325460069
桃園市平鎮區山峰里7鄰中豐路山頂段469巷21號,68,6801000,6801000-015,7鄰,中豐路山頂段,,469巷,,,,21號,121.212699490978,24.8944099378274
桃園市平鎮區山峰里27鄰中豐路山頂段469巷22號,68,6801000,6801000-015,27鄰,中豐路山頂段,,469巷,,,,22號,121.212626539717,24.8941382216327
桃園市平鎮區山峰里7鄰中豐路山頂段469巷23號,68,6801000,6801000-015,7鄰,中豐路山頂段,,469巷,,,,23號,121.212747806911,24.8944168208742
桃園市平鎮區山峰里27鄰中豐路山頂段469巷24號,68,6801000,6801000-015,27鄰,中豐路山頂段,,469巷,,,,24號,121.212666865489,24.8941438972477
桃園市平鎮區山峰里7鄰中豐路山頂段469巷25號,68,6801000,6801000-015,7鄰,中豐路山頂段,,469巷,,,,25號,121.212798202124,24.8944240620791
桃園市平鎮區山峰里27鄰中豐路山頂段469巷26號,68,6801000,6801000-015,27鄰,中豐路山頂段,,469巷,,,,26號,121.212707181366,24.8941495728658
桃園市平鎮區山峰里7鄰中豐路山頂段469巷27號,68,6801000,6801000-015,7鄰,中豐路山頂段,,469巷,,,,27號,121.212846518067,24.8944309450939
桃園市平鎮區山峰里27鄰中豐路山頂段469巷28弄1號,68,6801000,6801000-015,27鄰,中豐路山頂段,,469巷,28弄,,,1號,121.212858638675,24.894052815467
桃園市平鎮區山峰里27鄰中豐路山頂段469巷28弄2號,68,6801000,6801000-015,27鄰,中豐路山頂段,,469巷,28弄,,,2號,121.21271563286,24.894033030349
桃園市平鎮區山峰里27鄰中豐路山頂段469巷28弄3號,68,6801000,6801000-015,27鄰,中豐路山頂段,,469巷,28弄,,,3號,121.212866773853,24.8940116611222
桃園市平鎮區山峰里27鄰中豐路山頂段469巷28弄4號,68,6801000,6801000-015,27鄰,中豐路山頂段,,469巷,28弄,,,4號,121.212722967356,24.8939924820606
桃園市平鎮區山峰里27鄰中豐路山頂段469巷28弄5號,68,6801000,6801000-015,27鄰,中豐路山頂段,,469巷,28弄,,,5號,121.212874819864,24.8939704617616
桃園市平鎮區山峰里27鄰中豐路山頂段469巷28弄6號,68,6801000,6801000-015,27鄰,中豐路山頂段,,469巷,28弄,,,6號,121.212730291949,24.8939519337857
桃園市平鎮區山峰里27鄰中豐路山頂段469巷28弄7號,68,6801000,6801000-015,27鄰,中豐路山頂段,,469巷,28弄,,,7號,121.212882865885,24.8939292714288
桃園市平鎮區山峰里27鄰中豐路山頂段469巷28弄8號,68,6801000,6801000-015,27鄰,中豐路山頂段,,469巷,28弄,,,8號,121.212737626435,24.8939113854961
桃園市平鎮區山峰里7鄰中豐路山頂段469巷29號,68,6801000,6801000-015,7鄰,中豐路山頂段,,469巷,,,,29號,121.212894734877,24.8944377379497
桃園市平鎮區山峰里27鄰中豐路山頂段469巷30號,68,6801000,6801000-015,27鄰,中豐路山頂段,,469巷,,,,30號,121.212823990473,24.8941660006496
桃園市平鎮區山峰里7鄰中豐路山頂段469巷31號,68,6801000,6801000-015,7鄰,中豐路山頂段,,469巷,,,,31號,121.212944635189,24.8944449798111
桃園市平鎮區山峰里27鄰中豐路山頂段469巷32號,68,6801000,6801000-015,27鄰,中豐路山頂段,,469巷,,,,32號,121.212864494294,24.8941715947008
桃園市平鎮區山峰里7鄰中豐路山頂段469巷33號,68,6801000,6801000-015,7鄰,中豐路山頂段,,469巷,,,,33號,121.212991467168,24.8944523163199
桃園市平鎮區山峰里27鄰中豐路山頂段469巷34號,68,6801000,6801000-015,27鄰,中豐路山頂段,,469巷,,,,34號,121.212904998118,24.8941771887411
桃園市平鎮區山峰里7鄰中豐路山頂段469巷35號,68,6801000,6801000-015,7鄰,中豐路山頂段,,469巷,,,,35號,121.213042553901,24.8944587438928
桃園市平鎮區山峰里27鄰中豐路山頂段469巷36號,68,6801000,6801000-015,27鄰,中豐路山頂段,,469巷,,,,36號,121.212945501945,24.8941827827703
桃園市平鎮區山峰里7鄰中豐路山頂段469巷37弄2號,68,6801000,6801000-015,7鄰,中豐路山頂段,,469巷,37弄,,,2號,121.213147296463,24.8944689770601
桃園市平鎮區山峰里7鄰中豐路山頂段469巷37弄4號,68,6801000,6801000-015,7鄰,中豐路山頂段,,469巷,37弄,,,4號,121.213140352167,24.8945176504318
桃園市平鎮區山峰里7鄰中豐路山頂段469巷37弄6號,68,6801000,6801000-015,7鄰,中豐路山頂段,,469巷,37弄,,,6號,121.213132813963,24.8945663246512
桃園市平鎮區山峰里7鄰中豐路山頂段469巷37弄8號,68,6801000,6801000-015,7鄰,中豐路山頂段,,469巷,37弄,,,8號,121.21312478502,24.8946174372577
桃園市平鎮區山峰里7鄰中豐路山頂段469巷37弄10號,68,6801000,6801000-015,7鄰,中豐路山頂段,,469巷,37弄,,,10號,121.213117937521,24.8946648465035
桃園市平鎮區山峰里7鄰中豐路山頂段469巷37弄12號,68,6801000,6801000-015,7鄰,中豐路山頂段,,469巷,37弄,,,12號,121.213110503243,24.8947164096828
桃園市平鎮區山峰里7鄰中豐路山頂段469巷37弄12之1號,68,6801000,6801000-015,7鄰,中豐路山頂段,,469巷,37弄,,,12之1號,121.213103560625,24.8947660761807
桃園市平鎮區山峰里7鄰中豐路山頂段469巷37弄16號,68,6801000,6801000-015,7鄰,中豐路山頂段,,469巷,37弄,,,16號,121.213095530727,24.8948166470775
桃園市平鎮區山峰里27鄰中豐路山頂段469巷38號,68,6801000,6801000-015,27鄰,中豐路山頂段,,469巷,,,,38號,121.212985995893,24.8941883858311
桃園市平鎮區山峰里8鄰中豐路山頂段469巷39弄1號,68,6801000,6801000-015,8鄰,中豐路山頂段,,469巷,39弄,,,1號,121.213297072126,24.8944765275356
桃園市平鎮區山峰里8鄰中豐路山頂段469巷39弄2號,68,6801000,6801000-015,8鄰,中豐路山頂段,,469巷,39弄,,,2號,121.213403571444,24.8944722221753
桃園市平鎮區山峰里8鄰中豐路山頂段469巷39弄3號,68,6801000,6801000-015,8鄰,中豐路山頂段,,469巷,39弄,,,3號,121.213287959398,24.8945305308106
桃園市平鎮區山峰里8鄰中豐路山頂段469巷39弄4號,68,6801000,6801000-015,8鄰,中豐路山頂段,,469巷,39弄,,,4號,121.21339603676,24.8945228826661
桃園市平鎮區山峰里8鄰中豐路山頂段469巷39弄5號,68,6801000,6801000-015,8鄰,中豐路山頂段,,469巷,39弄,,,5號,121.213280422027,24.8945796564593
桃園市平鎮區山峰里8鄰中豐路山頂段469巷39弄6號,68,6801000,6801000-015,8鄰,中豐路山頂段,,469巷,39弄,,,6號,121.21338859764,24.8945715567561
桃園市平鎮區山峰里8鄰中豐路山頂段469巷39弄7號,68,6801000,6801000-015,8鄰,中豐路山頂段,,469巷,39弄,,,7號,121.213272390662,24.8946293245216
桃園市平鎮區山峰里8鄰中豐路山頂段469巷39弄8號,68,6801000,6801000-015,8鄰,中豐路山頂段,,469巷,39弄,,,8號,121.213380469817,24.8946226695172
桃園市平鎮區山峰里8鄰中豐路山頂段469巷39弄9號,68,6801000,6801000-015,8鄰,中豐路山頂段,,469巷,39弄,,,9號,121.213264658258,24.894680165857
桃園市平鎮區山峰里8鄰中豐路山頂段469巷39弄10號,68,6801000,6801000-015,8鄰,中豐路山頂段,,469巷,39弄,,,10號,121.213372142624,24.8946729700002
桃園市平鎮區山峰里8鄰中豐路山頂段469巷39弄11號,68,6801000,6801000-015,8鄰,中豐路山頂段,,469巷,39弄,,,11號,121.213256631067,24.8947322715987
桃園市平鎮區山峰里8鄰中豐路山頂段469巷39弄12號,68,6801000,6801000-015,8鄰,中豐路山頂段,,469巷,39弄,,,12號,121.213364109583,24.8947216449374
桃園市平鎮區山峰里8鄰中豐路山頂段469巷39弄13號,68,6801000,6801000-015,8鄰,中豐路山頂段,,469巷,39弄,,,13號,121.213248499769,24.8947813980934
桃園市平鎮區山峰里8鄰中豐路山頂段469巷39弄14號,68,6801000,6801000-015,8鄰,中豐路山頂段,,469巷,39弄,,,14號,121.213356672301,24.8947714024385
桃園市平鎮區山峰里8鄰中豐路山頂段469巷39弄15號,68,6801000,6801000-015,8鄰,中豐路山頂段,,469巷,39弄,,,15號,121.213240466672,24.8948300730236
桃園市平鎮區山峰里8鄰中豐路山頂段469巷39弄16號,68,6801000,6801000-015,8鄰,中豐路山頂段,,469巷,39弄,,,16號,121.213347463077,24.894826850408
桃園市平鎮區山峰里27鄰中豐路山頂段469巷40號,68,6801000,6801000-015,27鄰,中豐路山頂段,,469巷,,,,40號,121.213026499728,24.8941939798383
桃園市平鎮區山峰里9鄰中豐路山頂段469巷41弄1號,68,6801000,6801000-015,9鄰,中豐路山頂段,,469巷,41弄,,,1號,121.213550574804,24.8944793249374
桃園市平鎮區山峰里9鄰中豐路山頂段469巷41弄2號,68,6801000,6801000-015,9鄰,中豐路山頂段,,469巷,41弄,,,2號,121.213664801368,24.8944788002896
桃園市平鎮區山峰里9鄰中豐路山頂段469巷41弄3號,68,6801000,6801000-015,9鄰,中豐路山頂段,,469巷,41弄,,,3號,121.213543629734,24.8945274566199
桃園市平鎮區山峰里9鄰中豐路山頂段469巷41弄4號,68,6801000,6801000-015,9鄰,中豐路山頂段,,469巷,41弄,,,4號,121.213656778553,24.8945333437338
桃園市平鎮區山峰里9鄰中豐路山頂段469巷41弄5號,68,6801000,6801000-015,9鄰,中豐路山頂段,,469巷,41弄,,,5號,121.213536094173,24.8945775754102
桃園市平鎮區山峰里9鄰中豐路山頂段469巷41弄6號,68,6801000,6801000-015,9鄰,中豐路山頂段,,469巷,41弄,,,6號,121.213648549684,24.894583192668
桃園市平鎮區山峰里9鄰中豐路山頂段469巷41弄7號,68,6801000,6801000-015,9鄰,中豐路山頂段,,469巷,41弄,,,7號,121.213528559537,24.8946282359066
桃園市平鎮區山峰里9鄰中豐路山頂段469巷41弄8號,68,6801000,6801000-015,9鄰,中豐路山頂段,,469巷,41弄,,,8號,121.213641108174,24.8946304222181
桃園市平鎮區山峰里9鄰中豐路山頂段469巷41弄9號,68,6801000,6801000-015,9鄰,中豐路山頂段,,469巷,41弄,,,9號,121.213520132178,24.8946778142633
桃園市平鎮區山峰里9鄰中豐路山頂段469巷41弄10號,68,6801000,6801000-015,9鄰,中豐路山頂段,,469巷,41弄,,,10號,121.213632780154,24.8946801810081
桃園市平鎮區山峰里9鄰中豐路山頂段469巷41弄11號,68,6801000,6801000-015,9鄰,中豐路山頂段,,469巷,41弄,,,11號,121.213513187241,24.8947260362278
桃園市平鎮區山峰里9鄰中豐路山頂段469巷41弄12號,68,6801000,6801000-015,9鄰,中豐路山頂段,,469巷,41弄,,,12號,121.21362524462,24.8947302998016
桃園市平鎮區山峰里9鄰中豐路山頂段469巷41弄13號,68,6801000,6801000-015,9鄰,中豐路山頂段,,469巷,41弄,,,13號,121.213505650879,24.894775703593
桃園市平鎮區山峰里9鄰中豐路山頂段469巷41弄14號,68,6801000,6801000-015,9鄰,中豐路山頂段,,469巷,41弄,,,14號,121.213617213228,24.8947798775962
桃園市平鎮區山峰里9鄰中豐路山頂段469巷41弄15號,68,6801000,6801000-015,9鄰,中豐路山頂段,,469巷,41弄,,,15號,121.213497031433,24.8948287130408
桃園市平鎮區山峰里9鄰中豐路山頂段469巷41弄16號,68,6801000,6801000-015,9鄰,中豐路山頂段,,469巷,41弄,,,16號,121.213609672711,24.8948271072853
桃園市平鎮區山峰里27鄰中豐路山頂段469巷42號,68,6801000,6801000-015,27鄰,中豐路山頂段,,469巷,,,,42號,121.213067003566,24.8941995738344
桃園市平鎮區山峰里27鄰中豐路山頂段469巷44弄1號,68,6801000,6801000-015,27鄰,中豐路山頂段,,469巷,44弄,,,1號,121.213262130557,24.8941076019583
桃園市平鎮區山峰里27鄰中豐路山頂段469巷44弄2號,68,6801000,6801000-015,27鄰,中豐路山頂段,,469巷,44弄,,,2號,121.213038169557,24.8940784077859
桃園市平鎮區山峰里27鄰中豐路山頂段469巷44弄3號,68,6801000,6801000-015,27鄰,中豐路山頂段,,469巷,44弄,,,3號,121.213270639369,24.8940650657025
桃園市平鎮區山峰里27鄰中豐路山頂段469巷44弄4號,68,6801000,6801000-015,27鄰,中豐路山頂段,,469巷,44弄,,,4號,121.213046214678,24.8940367208806
桃園市平鎮區山峰里27鄰中豐路山頂段469巷44弄5號,68,6801000,6801000-015,27鄰,中豐路山頂段,,469巷,44弄,,,5號,121.213279138261,24.8940225204317
桃園市平鎮區山峰里27鄰中豐路山頂段469巷44弄6號,68,6801000,6801000-015,27鄰,中豐路山頂段,,469巷,44弄,,,6號,121.213054259809,24.893995043003
桃園市平鎮區山峰里27鄰中豐路山頂段469巷44弄7號,68,6801000,6801000-015,27鄰,中豐路山頂段,,469巷,44弄,,,7號,121.213287637163,24.8939799841887
桃園市平鎮區山峰里27鄰中豐路山頂段469巷44弄8號,68,6801000,6801000-015,27鄰,中豐路山頂段,,469巷,44弄,,,8號,121.21306230492,24.8939533560964
桃園市平鎮區山峰里27鄰中豐路山頂段469巷44弄9號,68,6801000,6801000-015,27鄰,中豐路山頂段,,469巷,44弄,,,9號,121.213296145942,24.8939374389024
桃園市平鎮區山峰里27鄰中豐路山頂段469巷44弄10號,68,6801000,6801000-015,27鄰,中豐路山頂段,,469巷,44弄,,,10號,121.213116128651,24.8938994153831
桃園市平鎮區山峰里27鄰中豐路山頂段469巷44弄11號,68,6801000,6801000-015,27鄰,中豐路山頂段,,469巷,44弄,,,11號,121.213304644832,24.893894902658
桃園市平鎮區山峰里27鄰中豐路山頂段469巷44弄12號,68,6801000,6801000-015,27鄰,中豐路山頂段,,469巷,44弄,,,12號,121.213124761528,24.8938541704159
桃園市平鎮區山峰里27鄰中豐路山頂段469巷44弄13號,68,6801000,6801000-015,27鄰,中豐路山頂段,,469巷,44弄,,,13號,121.2133131536,24.8938523573703
桃園市平鎮區山峰里27鄰中豐路山頂段469巷44弄14號,68,6801000,6801000-015,27鄰,中豐路山頂段,,469巷,44弄,,,14號,121.213146719242,24.893729185019
桃園市平鎮區山峰里27鄰中豐路山頂段469巷44弄15號,68,6801000,6801000-015,27鄰,中豐路山頂段,,469巷,44弄,,,15號,121.213321652479,24.8938098211245
桃園市平鎮區山峰里27鄰中豐路山頂段469巷44弄16號,68,6801000,6801000-015,27鄰,中豐路山頂段,,469巷,44弄,,,16號,121.213153194619,24.893695680143
桃園市平鎮區山峰里27鄰中豐路山頂段469巷44弄17號,68,6801000,6801000-015,27鄰,中豐路山頂段,,469巷,44弄,,,17號,121.213330151336,24.8937672758496
桃園市平鎮區山峰里27鄰中豐路山頂段469巷44弄18號,68,6801000,6801000-015,27鄰,中豐路山頂段,,469巷,44弄,,,18號,121.213159575041,24.8936645228046
桃園市平鎮區山峰里27鄰中豐路山頂段469巷44弄19號,68,6801000,6801000-015,27鄰,中豐路山頂段,,469巷,44弄,,,19號,121.213338660102,24.8937247395883
桃園市平鎮區山峰里27鄰中豐路山頂段469巷44弄21號,68,6801000,6801000-015,27鄰,中豐路山頂段,,469巷,44弄,,,21號,121.213347158949,24.893682194312
桃園市平鎮區山峰里27鄰中豐路山頂段469巷46號,68,6801000,6801000-015,27鄰,中豐路山頂段,,469巷,,,,46號,121.213213182987,24.8942112555418
桃園市平鎮區山峰里27鄰中豐路山頂段469巷48號,68,6801000,6801000-015,27鄰,中豐路山頂段,,469巷,,,,48號,121.213258044907,24.8942127082198
桃園市平鎮區山峰里27鄰中豐路山頂段469巷50號,68,6801000,6801000-015,27鄰,中豐路山頂段,,469巷,,,,50號,121.213302906845,24.8942141699127
桃園市平鎮區山峰里27鄰中豐路山頂段469巷52號,68,6801000,6801000-015,27鄰,中豐路山頂段,,469巷,,,,52號,121.213347758884,24.8942156316063
桃園市平鎮區山峰里27鄰中豐路山頂段469巷54號,68,6801000,6801000-015,27鄰,中豐路山頂段,,469巷,,,,54號,121.213392620823,24.8942170932723
桃園市平鎮區山峰里27鄰中豐路山頂段469巷56號,68,6801000,6801000-015,27鄰,中豐路山頂段,,469巷,,,,56號,121.213437482763,24.8942185549248
桃園市平鎮區山峰里27鄰中豐路山頂段469巷58號,68,6801000,6801000-015,27鄰,中豐路山頂段,,469巷,,,,58號,121.213482344689,24.8942200075353
桃園市平鎮區山峰里27鄰中豐路山頂段469巷60號,68,6801000,6801000-015,27鄰,中豐路山頂段,,469巷,,,,60號,121.213527206631,24.8942214691608
桃園市平鎮區山峰里27鄰中豐路山頂段469巷62號,68,6801000,6801000-015,27鄰,中豐路山頂段,,469巷,,,,62號,121.213572058675,24.894222930787
桃園市平鎮區山峰里27鄰中豐路山頂段469巷64弄2號,68,6801000,6801000-015,27鄰,中豐路山頂段,,469巷,64弄,,,2號,121.213491245114,24.8941116802452
桃園市平鎮區山峰里27鄰中豐路山頂段469巷64弄2號二樓,68,6801000,6801000-015,27鄰,中豐路山頂段,,469巷,64弄,,,2號二樓,121.213491245114,24.8941116802452
桃園市平鎮區山峰里27鄰中豐路山頂段469巷64弄2號三樓,68,6801000,6801000-015,27鄰,中豐路山頂段,,469巷,64弄,,,2號三樓,121.213491245114,24.8941116802452
桃園市平鎮區山峰里27鄰中豐路山頂段469巷64弄2號四樓,68,6801000,6801000-015,27鄰,中豐路山頂段,,469巷,64弄,,,2號四樓,121.213491245114,24.8941116802452
桃園市平鎮區山峰里27鄰中豐路山頂段469巷64弄4號,68,6801000,6801000-015,27鄰,中豐路山頂段,,469巷,64弄,,,4號,121.213503605854,24.8940470187134
桃園市平鎮區山峰里27鄰中豐路山頂段469巷64弄4號二樓,68,6801000,6801000-015,27鄰,中豐路山頂段,,469巷,64弄,,,4號二樓,121.213503605854,24.8940470187134
桃園市平鎮區山峰里27鄰中豐路山頂段469巷64弄4號三樓,68,6801000,6801000-015,27鄰,中豐路山頂段,,469巷,64弄,,,4號三樓,121.213503605854,24.8940470187134
桃園市平鎮區山峰里27鄰中豐路山頂段469巷64弄4號四樓,68,6801000,6801000-015,27鄰,中豐路山頂段,,469巷,64弄,,,4號四樓,121.213503605854,24.8940470187134
桃園市平鎮區山峰里27鄰中豐路山頂段469巷64弄6號,68,6801000,6801000-015,27鄰,中豐路山頂段,,469巷,64弄,,,6號,121.213517051826,24.8939802790792
桃園市平鎮區山峰里27鄰中豐路山頂段469巷64弄6號二樓,68,6801000,6801000-015,27鄰,中豐路山頂段,,469巷,64弄,,,6號二樓,121.213517051826,24.8939802790792
桃園市平鎮區山峰里27鄰中豐路山頂段469巷64弄6號三樓,68,6801000,6801000-015,27鄰,中豐路山頂段,,469巷,64弄,,,6號三樓,121.213517051826,24.8939802790792
桃園市平鎮區山峰里27鄰中豐路山頂段469巷64弄6號四樓,68,6801000,6801000-015,27鄰,中豐路山頂段,,469巷,64弄,,,6號四樓,121.213517051826,24.8939802790792
桃園市平鎮區山峰里27鄰中豐路山頂段469巷64弄8號,68,6801000,6801000-015,27鄰,中豐路山頂段,,469巷,64弄,,,8號,121.213529904041,24.8939136305776
桃園市平鎮區山峰里27鄰中豐路山頂段469巷64弄8號二樓,68,6801000,6801000-015,27鄰,中豐路山頂段,,469巷,64弄,,,8號二樓,121.213529904041,24.8939136305776
桃園市平鎮區山峰里27鄰中豐路山頂段469巷64弄8號三樓,68,6801000,6801000-015,27鄰,中豐路山頂段,,469巷,64弄,,,8號三樓,121.213529904041,24.8939136305776
桃園市平鎮區山峰里27鄰中豐路山頂段469巷64弄8號四樓,68,6801000,6801000-015,27鄰,中豐路山頂段,,469巷,64弄,,,8號四樓,121.213529904041,24.8939136305776
桃園市平鎮區山峰里4鄰中豐路山頂段479號,68,6801000,6801000-015,4鄰,中豐路山頂段,,,,,,479號,121.211813729612,24.8940304671111
桃園市平鎮區山峰里4鄰中豐路山頂段481號,68,6801000,6801000-015,4鄰,中豐路山頂段,,,,,,481號,121.211795864502,24.8939442705692
桃園市平鎮區山峰里4鄰中豐路山頂段483號,68,6801000,6801000-015,4鄰,中豐路山頂段,,,,,,483號,121.211815184819,24.8938971145277
桃園市平鎮區山峰里4鄰中豐路山頂段485巷1號,68,6801000,6801000-015,4鄰,中豐路山頂段,,485巷,,,,1號,121.211925386457,24.8939164595635
桃園市平鎮區山峰里4鄰中豐路山頂段485巷2號,68,6801000,6801000-015,4鄰,中豐路山頂段,,485巷,,,,2號,121.211954997767,24.893809430125
桃園市平鎮區山峰里4鄰中豐路山頂段485巷3號,68,6801000,6801000-015,4鄰,中豐路山頂段,,485巷,,,,3號,121.211973705394,24.8939252388373
桃園市平鎮區山峰里4鄰中豐路山頂段485巷4號,68,6801000,6801000-015,4鄰,中豐路山頂段,,485巷,,,,4號,121.212000147506,24.8938172207601
桃園市平鎮區山峰里4鄰中豐路山頂段485巷5號,68,6801000,6801000-015,4鄰,中豐路山頂段,,485巷,,,,5號,121.212017668148,24.8939334825763
桃園市平鎮區山峰里4鄰中豐路山頂段485巷6號,68,6801000,6801000-015,4鄰,中豐路山頂段,,485巷,,,,6號,121.212043020484,24.8938249243318
桃園市平鎮區山峰里4鄰中豐路山頂段485巷7號,68,6801000,6801000-015,4鄰,中豐路山頂段,,485巷,,,,7號,121.212060144463,24.8939407352829
桃園市平鎮區山峰里4鄰中豐路山頂段485巷8號,68,6801000,6801000-015,4鄰,中豐路山頂段,,485巷,,,,8號,121.212088071251,24.8938327150809
桃園市平鎮區山峰里4鄰中豐路山頂段485巷9號,68,6801000,6801000-015,4鄰,中豐路山頂段,,485巷,,,,9號,121.21210361154,24.8939485282774
桃園市平鎮區山峰里4鄰中豐路山頂段485巷10號,68,6801000,6801000-015,4鄰,中豐路山頂段,,485巷,,,,10號,121.212131538292,24.8938405080676
桃園市平鎮區山峰里4鄰中豐路山頂段485巷11號,68,6801000,6801000-015,4鄰,中豐路山頂段,,485巷,,,,11號,121.212149257953,24.8939573112927
桃園市平鎮區山峰里4鄰中豐路山頂段485巷12號,68,6801000,6801000-015,4鄰,中豐路山頂段,,485巷,,,,12號,121.212176589996,24.8938488404967
桃園市平鎮區山峰里4鄰中豐路山頂段485巷13號,68,6801000,6801000-015,4鄰,中豐路山頂段,,485巷,,,,13號,121.212195398362,24.8939655518834
桃園市平鎮區山峰里4鄰中豐路山頂段485巷14號,68,6801000,6801000-015,4鄰,中豐路山頂段,,485巷,,,,14號,121.212223225437,24.8938571706599
桃園市平鎮區山峰里4鄰中豐路山頂段485巷15號,68,6801000,6801000-015,4鄰,中豐路山頂段,,485巷,,,,15號,121.212237775097,24.893972443542
桃園市平鎮區山峰里4鄰中豐路山頂段485巷16號,68,6801000,6801000-015,4鄰,中豐路山頂段,,485巷,,,,16號,121.21226560368,24.8938649651559
桃園市平鎮區山峰里4鄰中豐路山頂段485巷17號,68,6801000,6801000-015,4鄰,中豐路山頂段,,485巷,,,,17號,121.212286588838,24.8939811317257
桃園市平鎮區山峰里4鄰中豐路山頂段485巷18號,68,6801000,6801000-015,4鄰,中豐路山頂段,,485巷,,,,18號,121.212309664643,24.8938727572457
桃園市平鎮區山峰里4鄰中豐路山頂段485巷19號,68,6801000,6801000-015,4鄰,中豐路山頂段,,485巷,,,,19號,121.212341244455,24.8939908949975
桃園市平鎮區山峰里4鄰中豐路山頂段485巷20號,68,6801000,6801000-015,4鄰,中豐路山頂段,,485巷,,,,20號,121.212364320214,24.8938825205095
桃園市平鎮區山峰里4鄰中豐路山頂段487號,68,6801000,6801000-015,4鄰,中豐路山頂段,,,,,,487號,121.211855893118,24.8937963892865
桃園市平鎮區山峰里4鄰中豐路山頂段489號,68,6801000,6801000-015,4鄰,中豐路山頂段,,,,,,489號,121.211875804669,24.8937476975569
桃園市平鎮區山峰里4鄰中豐路山頂段491號,68,6801000,6801000-015,4鄰,中豐路山頂段,,,,,,491號,121.211932024502,24.8936881200989
桃園市平鎮區山峰里4鄰中豐路山頂段493號,68,6801000,6801000-015,4鄰,中豐路山頂段,,,,,,493號,121.211950255761,24.8936408753007
桃園市平鎮區山峰里4鄰中豐路山頂段495巷1號,68,6801000,6801000-015,4鄰,中豐路山頂段,,495巷,,,,1號,121.212108647251,24.8936689364535
桃園市平鎮區山峰里4鄰中豐路山頂段495巷2號,68,6801000,6801000-015,4鄰,中豐路山頂段,,495巷,,,,2號,121.212136410768,24.8935581086165
桃園市平鎮區山峰里4鄰中豐路山頂段495巷3號,68,6801000,6801000-015,4鄰,中豐路山頂段,,495巷,,,,3號,121.212168946542,24.8936797390704
桃園市平鎮區山峰里4鄰中豐路山頂段495巷4號,68,6801000,6801000-015,4鄰,中豐路山頂段,,495巷,,,,4號,121.212197135803,24.8935690099303
桃園市平鎮區山峰里4鄰中豐路山頂段495巷5號,68,6801000,6801000-015,4鄰,中豐路山頂段,,495巷,,,,5號,121.212229245843,24.8936905416628
桃園市平鎮區山峰里4鄰中豐路山頂段495巷6號,68,6801000,6801000-015,4鄰,中豐路山頂段,,495巷,,,,6號,121.212257860849,24.8935799112194
桃園市平鎮區山峰里4鄰中豐路山頂段495巷7號,68,6801000,6801000-015,4鄰,中豐路山頂段,,495巷,,,,7號,121.212289535256,24.8937013442449
桃園市平鎮區山峰里4鄰中豐路山頂段495巷8號,68,6801000,6801000-015,4鄰,中豐路山頂段,,495巷,,,,8號,121.212318585905,24.8935908124837
桃園市平鎮區山峰里4鄰中豐路山頂段495巷9號,68,6801000,6801000-015,4鄰,中豐路山頂段,,495巷,,,,9號,121.212349834577,24.8937121467884
桃園市平鎮區山峰里4鄰中豐路山頂段495巷10號,68,6801000,6801000-015,4鄰,中豐路山頂段,,495巷,,,,10號,121.212379310972,24.8936017137232
桃園市平鎮區山峰里4鄰中豐路山頂段495巷11號,68,6801000,6801000-015,4鄰,中豐路山頂段,,495巷,,,,11號,121.212410074472,24.8937229223067
桃園市平鎮區山峰里4鄰中豐路山頂段495巷12號,68,6801000,6801000-015,4鄰,中豐路山頂段,,495巷,,,,12號,121.21244003605,24.893612614938
桃園市平鎮區山峰里4鄰中豐路山頂段495巷13號,68,6801000,6801000-015,4鄰,中豐路山頂段,,495巷,,,,13號,121.212566236868,24.8937497131308
桃園市平鎮區山峰里4鄰中豐路山頂段495巷14號,68,6801000,6801000-015,4鄰,中豐路山頂段,,495巷,,,,14號,121.21259909191,24.893641324674
桃園市平鎮區山峰里4鄰中豐路山頂段495巷15號,68,6801000,6801000-015,4鄰,中豐路山頂段,,495巷,,,,15號,121.21262708035,24.8937603432459
桃園市平鎮區山峰里4鄰中豐路山頂段495巷16號,68,6801000,6801000-015,4鄰,中豐路山頂段,,495巷,,,,16號,121.212659252606,24.8936521002047
桃園市平鎮區山峰里4鄰中豐路山頂段495巷17號,68,6801000,6801000-015,4鄰,中豐路山頂段,,495巷,,,,17號,121.212687933755,24.8937709823505
桃園市平鎮區山峰里4鄰中豐路山頂段495巷18號,68,6801000,6801000-015,4鄰,中豐路山頂段,,495巷,,,,18號,121.212719403398,24.8936628666967
桃園市平鎮區山峰里4鄰中豐路山頂段495巷19號,68,6801000,6801000-015,4鄰,中豐路山頂段,,495巷,,,,19號,121.212748777273,24.8937816214443
桃園市平鎮區山峰里4鄰中豐路山頂段495巷20號,68,6801000,6801000-015,4鄰,中豐路山頂段,,495巷,,,,20號,121.212779564114,24.8936736421787
桃園市平鎮區山峰里4鄰中豐路山頂段495巷21號,68,6801000,6801000-015,4鄰,中豐路山頂段,,495巷,,,,21號,121.212809620785,24.8937922514847
桃園市平鎮區山峰里4鄰中豐路山頂段495巷22號,68,6801000,6801000-015,4鄰,中豐路山頂段,,495巷,,,,22號,121.21283972484,24.8936844176364
桃園市平鎮區山峰里4鄰中豐路山頂段495巷23號,68,6801000,6801000-015,4鄰,中豐路山頂段,,495巷,,,,23號,121.212870474221,24.8938028905146
桃園市平鎮區山峰里4鄰中豐路山頂段495巷24號,68,6801000,6801000-015,4鄰,中豐路山頂段,,495巷,,,,24號,121.212899885576,24.8936951930698
桃園市平鎮區山峰里4鄰中豐路山頂段495巷25號,68,6801000,6801000-015,4鄰,中豐路山頂段,,495巷,,,,25號,121.212931317769,24.8938135295337
桃園市平鎮區山峰里4鄰中豐路山頂段495巷26號,68,6801000,6801000-015,4鄰,中豐路山頂段,,495巷,,,,26號,121.212960036425,24.8937059684929
桃園市平鎮區山峰里4鄰中豐路山頂段495巷27號,68,6801000,6801000-015,4鄰,中豐路山頂段,,495巷,,,,27號,121.212992171211,24.8938241594853
桃園市平鎮區山峰里4鄰中豐路山頂段495巷28號,68,6801000,6801000-015,4鄰,中豐路山頂段,,495巷,,,,28號,121.213020197182,24.8937167438775
桃園市平鎮區山峰里4鄰中豐路山頂段497號,68,6801000,6801000-015,4鄰,中豐路山頂段,,,,,,497號,121.211993920098,24.8935323813354
桃園市平鎮區山峰里4鄰中豐路山頂段499號,68,6801000,6801000-015,4鄰,中豐路山頂段,,,,,,499號,121.212010579301,24.8934920004007
桃園市平鎮區山峰里4鄰中豐路山頂段515號,68,6801000,6801000-015,4鄰,中豐路山頂段,,,,,,515號,121.212033048571,24.8934340959739
桃園市平鎮區山峰里4鄰中豐路山頂段523號,68,6801000,6801000-015,4鄰,中豐路山頂段,,,,,,523號,121.212108841408,24.8932437583652
桃園市平鎮區山峰里4鄰中豐路山頂段531號,68,6801000,6801000-015,4鄰,中豐路山頂段,,,,,,531號,121.212165711903,24.8931017499433
桃園市平鎮區山峰里4鄰中豐路山頂段533號,68,6801000,6801000-015,4鄰,中豐路山頂段,,,,,,533號,121.212200602992,24.8930146658633
桃園市平鎮區山峰里4鄰中豐路山頂段535號,68,6801000,6801000-015,4鄰,中豐路山頂段,,,,,,535號,121.212461959426,24.8930969948005
桃園市平鎮區山峰里3鄰中豐路山頂段575號,68,6801000,6801000-015,3鄰,中豐路山頂段,,,,,,575號,121.212507982349,24.8921114715011
桃園市平鎮區山峰里3鄰中豐路山頂段577號,68,6801000,6801000-015,3鄰,中豐路山頂段,,,,,,577號,121.212517115337,24.8920692052416
桃園市平鎮區山峰里3鄰中豐路山頂段579號,68,6801000,6801000-015,3鄰,中豐路山頂段,,,,,,579號,121.2125267423,24.8920263965696
桃園市平鎮區山峰里3鄰中豐路山頂段581號,68,6801000,6801000-015,3鄰,中豐路山頂段,,,,,,581號,121.212534790495,24.8919864792565
桃園市平鎮區山峰里3鄰中豐路山頂段583巷9號,68,6801000,6801000-015,3鄰,中豐路山頂段,,583巷,,,,9號,121.212837891057,24.8921123556253
桃園市平鎮區山峰里3鄰中豐路山頂段587號,68,6801000,6801000-015,3鄰,中豐路山頂段,,,,,,587號,121.212559582633,24.8918402729644
桃園市平鎮區山峰里3鄰中豐路山頂段589號,68,6801000,6801000-015,3鄰,中豐路山頂段,,,,,,589號,121.212568713729,24.8917969232863
桃園市平鎮區山峰里3鄰中豐路山頂段591號,68,6801000,6801000-015,3鄰,中豐路山頂段,,,,,,591號,121.212577346666,24.8917516783376
桃園市平鎮區山峰里3鄰中豐路山頂段623之1號,68,6801000,6801000-015,3鄰,中豐路山頂段,,,,,,623之1號,121.212644833266,24.8912204370814
桃園市平鎮區湧光里1鄰中豐路山頂段174號,68,6801000,6801000-016,1鄰,中豐路山頂段,,,,,,174號,121.210755294178,24.899916721046
桃園市平鎮區湧光里1鄰中豐路山頂段176號,68,6801000,6801000-016,1鄰,中豐路山頂段,,,,,,176號,121.210742449451,24.8998724094295
桃園市平鎮區湧光里1鄰中豐路山頂段178號,68,6801000,6801000-016,1鄰,中豐路山頂段,,,,,,178號,121.210731197738,24.8998335126403
桃園市平鎮區湧光里1鄰中豐路山頂段180號,68,6801000,6801000-016,1鄰,中豐路山頂段,,,,,,180號,121.21072084091,24.8997969619869
桃園市平鎮區湧光里1鄰中豐路山頂段182號,68,6801000,6801000-016,1鄰,中豐路山頂段,,,,,,182號,121.210711172251,24.8997576115367
桃園市平鎮區湧光里1鄰中豐路山頂段184號,68,6801000,6801000-016,1鄰,中豐路山頂段,,,,,,184號,121.210704772498,24.899719610739
桃園市平鎮區湧光里1鄰中豐路山頂段186號,68,6801000,6801000-016,1鄰,中豐路山頂段,,,,,,186號,121.210697775604,24.8996797148065
桃園市平鎮區湧光里1鄰中豐路山頂段188號,68,6801000,6801000-016,1鄰,中豐路山頂段,,,,,,188號,121.210692667299,24.8996444207235
桃園市平鎮區湧光里1鄰中豐路山頂段190號,68,6801000,6801000-016,1鄰,中豐路山頂段,,,,,,190號,121.210686765102,24.8996079540608
桃園市平鎮區湧光里1鄰中豐路山頂段192號,68,6801000,6801000-016,1鄰,中豐路山頂段,,,,,,192號,121.210680362913,24.8995685087103
桃園市平鎮區湧光里1鄰中豐路山頂段194號,68,6801000,6801000-016,1鄰,中豐路山頂段,,,,,,194號,121.210674659619,24.8995325834737
桃園市平鎮區湧光里1鄰中豐路山頂段196號,68,6801000,6801000-016,1鄰,中豐路山頂段,,,,,,196號,121.210668558231,24.8994953948137
桃園市平鎮區湧光里1鄰中豐路山頂段198號,68,6801000,6801000-016,1鄰,中豐路山頂段,,,,,,198號,121.210664731113,24.8994567583878
桃園市平鎮區湧光里1鄰中豐路山頂段200號,68,6801000,6801000-016,1鄰,中豐路山頂段,,,,,,200號,121.210663178568,24.899416854765
桃園市平鎮區湧光里1鄰中豐路山頂段202號,68,6801000,6801000-016,1鄰,中豐路山頂段,,,,,,202號,121.210661531173,24.8993793889614
桃園市平鎮區湧光里1鄰中豐路山頂段204號,68,6801000,6801000-016,1鄰,中豐路山頂段,,,,,,204號,121.210659385471,24.8993399375989
桃園市平鎮區湧光里1鄰中豐路山頂段206號,68,6801000,6801000-016,1鄰,中豐路山頂段,,,,,,206號,121.210657831397,24.8992991311311
桃園市平鎮區湧光里1鄰中豐路山頂段208號,68,6801000,6801000-016,1鄰,中豐路山頂段,,,,,,208號,121.210655085949,24.8992562497981
桃園市平鎮區湧光里1鄰中豐路山頂段210號,68,6801000,6801000-016,1鄰,中豐路山頂段,,,,,,210號,121.210652419572,24.8992016313484
桃園市平鎮區湧光里1鄰中豐路山頂段216號,68,6801000,6801000-016,1鄰,中豐路山頂段,,,,,,216號,121.2106977196,24.898946964663
桃園市平鎮區湧光里2鄰中豐路山頂段218號,68,6801000,6801000-016,2鄰,中豐路山頂段,,,,,,218號,121.210703378101,24.8988982029586
桃園市平鎮區湧光里2鄰中豐路山頂段222號,68,6801000,6801000-016,2鄰,中豐路山頂段,,,,,,222號,121.210708456775,24.8988577482609
桃園市平鎮區湧光里2鄰中豐路山頂段224號,68,6801000,6801000-016,2鄰,中豐路山頂段,,,,,,224號,121.210715503847,24.8988106097183
桃園市平鎮區湧光里2鄰中豐路山頂段226號,68,6801000,6801000-016,2鄰,中豐路山頂段,,,,,,226號,121.210722149295,24.8987601312101
桃園市平鎮區湧光里2鄰中豐路山頂段230號,68,6801000,6801000-016,2鄰,中豐路山頂段,,,,,,230號,121.210729678723,24.8987055886432
桃園市平鎮區湧光里2鄰中豐路山頂段232號,68,6801000,6801000-016,2鄰,中豐路山頂段,,,,,,232號,121.210735535329,24.898656916941
桃園市平鎮區湧光里2鄰中豐路山頂段234號,68,6801000,6801000-016,2鄰,中豐路山頂段,,,,,,234號,121.210740817628,24.8986198024857
桃園市平鎮區湧光里2鄰中豐路山頂段236號,68,6801000,6801000-016,2鄰,中豐路山頂段,,,,,,236號,121.210746396733,24.8985825973263
桃園市平鎮區湧光里2鄰中豐路山頂段238號,68,6801000,6801000-016,2鄰,中豐路山頂段,,,,,,238號,121.210750985505,24.8985451227112
桃園市平鎮區湧光里2鄰中豐路山頂段240號,68,6801000,6801000-016,2鄰,中豐路山頂段,,,,,,240號,121.210756363716,24.8985062024262
桃園市平鎮區湧光里2鄰中豐路山頂段242號,68,6801000,6801000-016,2鄰,中豐路山頂段,,,,,,242號,121.21076135027,24.8984698106646
桃園市平鎮區湧光里2鄰中豐路山頂段244號,68,6801000,6801000-016,2鄰,中豐路山頂段,,,,,,244號,121.210766728475,24.8984308903789
桃園市平鎮區湧光里2鄰中豐路山頂段246號,68,6801000,6801000-016,2鄰,中豐路山頂段,,,,,,246號,121.210772011063,24.8983939564904
桃園市平鎮區湧光里2鄰中豐路山頂段248號,68,6801000,6801000-016,2鄰,中豐路山頂段,,,,,,248號,121.210776795494,24.8983551273274
桃園市平鎮區湧光里2鄰中豐路山頂段250號,68,6801000,6801000-016,2鄰,中豐路山頂段,,,,,,250號,121.21078197495,24.898315755898
桃園市平鎮區湧光里2鄰中豐路山頂段252號,68,6801000,6801000-016,2鄰,中豐路山頂段,,,,,,252號,121.210787848076,24.8982768349117
桃園市平鎮區湧光里2鄰中豐路山頂段254號,68,6801000,6801000-016,2鄰,中豐路山頂段,,,,,,254號,121.210792732099,24.8982383667456
桃園市平鎮區湧光里2鄰中豐路山頂段256號,68,6801000,6801000-016,2鄰,中豐路山頂段,,,,,,256號,121.210801145753,24.8981799406818
桃園市平鎮區湧光里2鄰中豐路山頂段258號,68,6801000,6801000-016,2鄰,中豐路山頂段,,,,,,258號,121.210809742653,24.8981128470306
桃園市平鎮區湧光里2鄰中豐路山頂段260號,68,6801000,6801000-016,2鄰,中豐路山頂段,,,,,,260號,121.210814526909,24.8980739275806
桃園市平鎮區湧光里2鄰中豐路山頂段262號,68,6801000,6801000-016,2鄰,中豐路山頂段,,,,,,262號,121.210819906615,24.8980359101356
桃園市平鎮區湧光里2鄰中豐路山頂段264號,68,6801000,6801000-016,2鄰,中豐路山頂段,,,,,,264號,121.210825880544,24.89799807242
桃園市平鎮區湧光里2鄰中豐路山頂段266號,68,6801000,6801000-016,2鄰,中豐路山頂段,,,,,,266號,121.210830269151,24.8979593340973
桃園市平鎮區湧光里2鄰中豐路山頂段270號,68,6801000,6801000-016,2鄰,中豐路山頂段,,,,,,270號,121.210843669123,24.8978644259781
桃園市平鎮區湧光里2鄰中豐路山頂段272號,68,6801000,6801000-016,2鄰,中豐路山頂段,,,,,,272號,121.210850898881,24.8978083489832
桃園市平鎮區湧光里2鄰中豐路山頂段274號,68,6801000,6801000-016,2鄰,中豐路山頂段,,,,,,274號,121.210856276111,24.8977688869844
桃園市平鎮區湧光里2鄰中豐路山頂段276號,68,6801000,6801000-016,2鄰,中豐路山頂段,,,,,,276號,121.210861555885,24.8977303279698
桃園市平鎮區湧光里2鄰中豐路山頂段278號,68,6801000,6801000-016,2鄰,中豐路山頂段,,,,,,278號,121.210866245879,24.8976942074742
桃園市平鎮區湧光里2鄰中豐路山頂段280號,68,6801000,6801000-016,2鄰,中豐路山頂段,,,,,,280號,121.210871521813,24.8976533913475
桃園市平鎮區湧光里2鄰中豐路山頂段282號,68,6801000,6801000-016,2鄰,中豐路山頂段,,,,,,282號,121.210876901484,24.8976153738986
桃園市平鎮區湧光里2鄰中豐路山頂段284號,68,6801000,6801000-016,2鄰,中豐路山頂段,,,,,,284號,121.210881788829,24.8975788919845
桃園市平鎮區湧光里2鄰中豐路山頂段284之1號,68,6801000,6801000-016,2鄰,中豐路山頂段,,,,,,284之1號,121.21088716696,24.8975399716903
桃園市平鎮區湧光里3鄰中豐路山頂段286巷1之1號,68,6801000,6801000-016,3鄰,中豐路山頂段,,286巷,,,,1之1號,121.210762274556,24.8974401127368
桃園市平鎮區湧光里3鄰中豐路山頂段286巷1號,68,6801000,6801000-016,3鄰,中豐路山頂段,,286巷,,,,1號,121.210676939518,24.8974349064524
桃園市平鎮區湧光里2鄰中豐路山頂段286巷2號,68,6801000,6801000-016,2鄰,中豐路山頂段,,286巷,,,,2號,121.210700682255,24.897543304819
桃園市平鎮區湧光里2鄰中豐路山頂段286巷2之1號,68,6801000,6801000-016,2鄰,中豐路山頂段,,286巷,,,,2之1號,121.210754917625,24.8975379014283
桃園市平鎮區湧光里2鄰中豐路山頂段286巷4號,68,6801000,6801000-016,2鄰,中豐路山頂段,,286巷,,,,4號,121.210655764603,24.8975563692328
桃園市平鎮區湧光里2鄰中豐路山頂段286巷6號,68,6801000,6801000-016,2鄰,中豐路山頂段,,286巷,,,,6號,121.210608572862,24.8975709716824
桃園市平鎮區湧光里3鄰中豐路山頂段286巷7弄3號,68,6801000,6801000-016,3鄰,中豐路山頂段,,286巷,7弄,,,3號,121.210612616523,24.8973872366655
桃園市平鎮區湧光里3鄰中豐路山頂段286巷7弄4號,68,6801000,6801000-016,3鄰,中豐路山頂段,,286巷,7弄,,,4號,121.210441642802,24.8973144375939
桃園市平鎮區湧光里3鄰中豐路山頂段286巷7弄5號,68,6801000,6801000-016,3鄰,中豐路山頂段,,286巷,7弄,,,5號,121.210594927622,24.8973463626748
桃園市平鎮區湧光里3鄰中豐路山頂段286巷7弄6號,68,6801000,6801000-016,3鄰,中豐路山頂段,,286巷,7弄,,,6號,121.210423359287,24.8972731129973
桃園市平鎮區湧光里3鄰中豐路山頂段286巷7弄7號,68,6801000,6801000-016,3鄰,中豐路山頂段,,286巷,7弄,,,7號,121.210576645277,24.8973057603732
桃園市平鎮區湧光里3鄰中豐路山頂段286巷7弄9號,68,6801000,6801000-016,3鄰,中豐路山頂段,,286巷,7弄,,,9號,121.210558960076,24.8972670532046
桃園市平鎮區湧光里3鄰中豐路山頂段286巷7弄11號,68,6801000,6801000-016,3鄰,中豐路山頂段,,286巷,7弄,,,11號,121.210539084332,24.8972207652118
桃園市平鎮區湧光里2鄰中豐路山頂段286巷8號,68,6801000,6801000-016,2鄰,中豐路山頂段,,286巷,,,,8號,121.210565140136,24.8975841242577
桃園市平鎮區湧光里3鄰中豐路山頂段286巷9號,68,6801000,6801000-016,3鄰,中豐路山頂段,,286巷,,,,9號,121.210566221441,24.8979881466271
桃園市平鎮區湧光里2鄰中豐路山頂段286巷10號,68,6801000,6801000-016,2鄰,中豐路山頂段,,286巷,,,,10號,121.210516858761,24.8975982767927
桃園市平鎮區湧光里3鄰中豐路山頂段286巷11號,68,6801000,6801000-016,3鄰,中豐路山頂段,,286巷,,,,11號,121.210469928623,24.8974752849883
桃園市平鎮區湧光里2鄰中豐路山頂段286巷12號,68,6801000,6801000-016,2鄰,中豐路山頂段,,286巷,,,,12號,121.210473426015,24.8976114293413
桃園市平鎮區湧光里3鄰中豐路山頂段286巷13號,68,6801000,6801000-016,3鄰,中豐路山頂段,,286巷,,,,13號,121.210424314853,24.8974864543363
桃園市平鎮區湧光里2鄰中豐路山頂段286巷14號,68,6801000,6801000-016,2鄰,中豐路山頂段,,286巷,,,,14號,121.210428311259,24.8976250356729
桃園市平鎮區湧光里3鄰中豐路山頂段286巷15號,68,6801000,6801000-016,3鄰,中豐路山頂段,,286巷,,,,15號,121.21038137217,24.8974967170576
桃園市平鎮區湧光里2鄰中豐路山頂段286巷16弄1號,68,6801000,6801000-016,2鄰,中豐路山頂段,,286巷,16弄,,,1號,121.210498969573,24.8977895249633
桃園市平鎮區湧光里2鄰中豐路山頂段286巷16弄3號,68,6801000,6801000-016,2鄰,中豐路山頂段,,286巷,16弄,,,3號,121.210512404541,24.8978318495192
桃園市平鎮區湧光里2鄰中豐路山頂段286巷16弄5號,68,6801000,6801000-016,2鄰,中豐路山頂段,,286巷,16弄,,,5號,121.210531699472,24.8978858125277
桃園市平鎮區湧光里2鄰中豐路山頂段286巷16弄7號,68,6801000,6801000-016,2鄰,中豐路山頂段,,286巷,16弄,,,7號,121.21054960968,24.8979404094799
桃園市平鎮區湧光里2鄰中豐路山頂段286巷16弄11號,68,6801000,6801000-016,2鄰,中豐路山頂段,,286巷,16弄,,,11號,121.21058124514,24.8980333580428
桃園市平鎮區湧光里2鄰中豐路山頂段286巷16弄13號,68,6801000,6801000-016,2鄰,中豐路山頂段,,286巷,16弄,,,13號,121.210599451433,24.8980874128618
桃園市平鎮區湧光里3鄰中豐路山頂段288號,68,6801000,6801000-016,3鄰,中豐路山頂段,,,,,,288號,121.210897029576,24.8974605072398
桃園市平鎮區湧光里3鄰中豐路山頂段290號,68,6801000,6801000-016,3鄰,中豐路山頂段,,,,,,290號,121.210902405244,24.8974201423932
桃園市平鎮區湧光里3鄰中豐路山頂段292號,68,6801000,6801000-016,3鄰,中豐路山頂段,,,,,,292號,121.210907786737,24.8973832083555
桃園市平鎮區湧光里3鄰中豐路山頂段294號,68,6801000,6801000-016,3鄰,中豐路山頂段,,,,,,294號,121.210912079227,24.8973461855722
桃園市平鎮區湧光里3鄰中豐路山頂段296號,68,6801000,6801000-016,3鄰,中豐路山頂段,,,,,,296號,121.210917453197,24.8973048275955
桃園市平鎮區湧光里3鄰中豐路山頂段298號,68,6801000,6801000-016,3鄰,中豐路山頂段,,,,,,298號,121.210927220166,24.8972273495387
桃園市平鎮區湧光里3鄰中豐路山頂段300號,68,6801000,6801000-016,3鄰,中豐路山頂段,,,,,,300號,121.210934743741,24.8971694664265
桃園市平鎮區湧光里3鄰中豐路山頂段302巷2號,68,6801000,6801000-016,3鄰,中豐路山頂段,,302巷,,,,2號,121.210845644046,24.8971622792964
桃園市平鎮區湧光里3鄰中豐路山頂段302巷4號,68,6801000,6801000-016,3鄰,中豐路山頂段,,302巷,,,,4號,121.210804955801,24.8971593573909
桃園市平鎮區湧光里3鄰中豐路山頂段302巷6號,68,6801000,6801000-016,3鄰,中豐路山頂段,,302巷,,,,6號,121.210767335352,24.8971559797177
桃園市平鎮區湧光里3鄰中豐路山頂段302巷8號,68,6801000,6801000-016,3鄰,中豐路山頂段,,302巷,,,,8號,121.210724977532,24.8971608246309
桃園市平鎮區湧光里3鄰中豐路山頂段302巷10號,68,6801000,6801000-016,3鄰,中豐路山頂段,,302巷,,,,10號,121.21068421758,24.8971739734661
桃園市平鎮區湧光里5鄰中豐路山頂段302巷11弄2號,68,6801000,6801000-016,5鄰,中豐路山頂段,,302巷,11弄,,,2號,121.21067559248,24.8970494830745
桃園市平鎮區湧光里5鄰中豐路山頂段302巷11弄3號,68,6801000,6801000-016,5鄰,中豐路山頂段,,302巷,11弄,,,3號,121.210772353954,24.8970218998834
桃園市平鎮區湧光里5鄰中豐路山頂段302巷11弄4號,68,6801000,6801000-016,5鄰,中豐路山頂段,,302巷,11弄,,,4號,121.210634341766,24.8970650702754
桃園市平鎮區湧光里5鄰中豐路山頂段302巷11弄5之2號,68,6801000,6801000-016,5鄰,中豐路山頂段,,302巷,11弄,,,5之2號,121.210748705985,24.896969297318
桃園市平鎮區湧光里5鄰中豐路山頂段302巷11弄5號,68,6801000,6801000-016,5鄰,中豐路山頂段,,302巷,11弄,,,5號,121.210748705985,24.896969297318
桃園市平鎮區湧光里5鄰中豐路山頂段302巷11弄5之1號,68,6801000,6801000-016,5鄰,中豐路山頂段,,302巷,11弄,,,5之1號,121.210748705985,24.896969297318
桃園市平鎮區湧光里5鄰中豐路山頂段302巷11弄5之3號,68,6801000,6801000-016,5鄰,中豐路山頂段,,302巷,11弄,,,5之3號,121.210748705985,24.896969297318
桃園市平鎮區湧光里5鄰中豐路山頂段302巷11弄6號,68,6801000,6801000-016,5鄰,中豐路山頂段,,302巷,11弄,,,6號,121.210597344061,24.8970786651995
桃園市平鎮區湧光里5鄰中豐路山頂段302巷11弄7之2號,68,6801000,6801000-016,5鄰,中豐路山頂段,,302巷,11弄,,,7之2號,121.210726147032,24.8969167834952
桃園市平鎮區湧光里5鄰中豐路山頂段302巷11弄7之3號,68,6801000,6801000-016,5鄰,中豐路山頂段,,302巷,11弄,,,7之3號,121.210726147032,24.8969167834952
桃園市平鎮區湧光里5鄰中豐路山頂段302巷11弄8號,68,6801000,6801000-016,5鄰,中豐路山頂段,,302巷,11弄,,,8號,121.210559258423,24.8970928033576
桃園市平鎮區湧光里5鄰中豐路山頂段302巷11弄9之3號,68,6801000,6801000-016,5鄰,中豐路山頂段,,302巷,11弄,,,9之3號,121.210704684295,24.8968686017852
桃園市平鎮區湧光里5鄰中豐路山頂段302巷11弄9之2號,68,6801000,6801000-016,5鄰,中豐路山頂段,,302巷,11弄,,,9之2號,121.210704684295,24.8968686017852
桃園市平鎮區湧光里5鄰中豐路山頂段302巷11弄9之1號,68,6801000,6801000-016,5鄰,中豐路山頂段,,302巷,11弄,,,9之1號,121.210704684295,24.8968686017852
桃園市平鎮區湧光里5鄰中豐路山頂段302巷11弄9號,68,6801000,6801000-016,5鄰,中豐路山頂段,,302巷,11弄,,,9號,121.210704684295,24.8968686017852
桃園市平鎮區湧光里5鄰中豐路山頂段302巷11弄10號,68,6801000,6801000-016,5鄰,中豐路山頂段,,302巷,11弄,,,10號,121.210518403623,24.8971083899678
桃園市平鎮區湧光里5鄰中豐路山頂段302巷11弄11之2號,68,6801000,6801000-016,5鄰,中豐路山頂段,,302巷,11弄,,,11之2號,121.210683419241,24.8968202392232
桃園市平鎮區湧光里5鄰中豐路山頂段302巷11弄11之1號,68,6801000,6801000-016,5鄰,中豐路山頂段,,302巷,11弄,,,11之1號,121.210683419241,24.8968202392232
桃園市平鎮區湧光里5鄰中豐路山頂段302巷11弄11之3號,68,6801000,6801000-016,5鄰,中豐路山頂段,,302巷,11弄,,,11之3號,121.210683419241,24.8968202392232
桃園市平鎮區湧光里5鄰中豐路山頂段302巷11弄11號,68,6801000,6801000-016,5鄰,中豐路山頂段,,302巷,11弄,,,11號,121.210683419241,24.8968202392232
桃園市平鎮區湧光里5鄰中豐路山頂段302巷11弄12號,68,6801000,6801000-016,5鄰,中豐路山頂段,,302巷,11弄,,,12號,121.210479823804,24.8971229802263
桃園市平鎮區湧光里5鄰中豐路山頂段302巷11弄13號,68,6801000,6801000-016,5鄰,中豐路山頂段,,302巷,11弄,,,13號,121.210664637421,24.8967769290941
桃園市平鎮區湧光里5鄰中豐路山頂段302巷11弄15號,68,6801000,6801000-016,5鄰,中豐路山頂段,,302巷,11弄,,,15號,121.210649034642,24.8967403858256
桃園市平鎮區湧光里5鄰中豐路山頂段302巷11弄16號,68,6801000,6801000-016,5鄰,中豐路山頂段,,302巷,11弄,,,16號,121.210573998521,24.8969708982409
桃園市平鎮區湧光里5鄰中豐路山頂段302巷11弄17號,68,6801000,6801000-016,5鄰,中豐路山頂段,,302巷,11弄,,,17號,121.210632937863,24.8967043849606
桃園市平鎮區湧光里5鄰中豐路山頂段302巷11弄18號,68,6801000,6801000-016,5鄰,中豐路山頂段,,302巷,11弄,,,18號,121.210543924937,24.8969815942704
桃園市平鎮區湧光里5鄰中豐路山頂段302巷11弄19號,68,6801000,6801000-016,5鄰,中豐路山頂段,,302巷,11弄,,,19號,121.2106179307,24.8966688339791
桃園市平鎮區湧光里5鄰中豐路山頂段302巷11弄20號,68,6801000,6801000-016,5鄰,中豐路山頂段,,302巷,11弄,,,20號,121.21051494111,24.8969928304645
桃園市平鎮區湧光里5鄰中豐路山頂段302巷11弄23號,68,6801000,6801000-016,5鄰,中豐路山頂段,,302巷,11弄,,,23號,121.210578296437,24.8965869114252
桃園市平鎮區湧光里5鄰中豐路山頂段302巷11弄24號,68,6801000,6801000-016,5鄰,中豐路山頂段,,302巷,11弄,,,24號,121.210456773783,24.897014309986
桃園市平鎮區湧光里5鄰中豐路山頂段302巷11弄25號,68,6801000,6801000-016,5鄰,中豐路山頂段,,302巷,11弄,,,25號,121.210558921544,24.8965440535415
桃園市平鎮區湧光里5鄰中豐路山頂段302巷11弄26號,68,6801000,6801000-016,5鄰,中豐路山頂段,,302巷,11弄,,,26號,121.210428084143,24.897023920624
桃園市平鎮區湧光里5鄰中豐路山頂段302巷11弄27號,68,6801000,6801000-016,5鄰,中豐路山頂段,,302巷,11弄,,,27號,121.210541234468,24.896504172668
桃園市平鎮區湧光里5鄰中豐路山頂段302巷11弄28號,68,6801000,6801000-016,5鄰,中豐路山頂段,,302巷,11弄,,,28號,121.210555712564,24.8969281291072
桃園市平鎮區湧光里5鄰中豐路山頂段302巷11弄29號,68,6801000,6801000-016,5鄰,中豐路山頂段,,302巷,11弄,,,29號,121.210525329138,24.8964642892784
桃園市平鎮區湧光里5鄰中豐路山頂段302巷11弄31號,68,6801000,6801000-016,5鄰,中豐路山頂段,,302巷,11弄,,,31號,121.210505265519,24.896423870045
桃園市平鎮區湧光里5鄰中豐路山頂段302巷11弄32號,68,6801000,6801000-016,5鄰,中豐路山頂段,,302巷,11弄,,,32號,121.210496161006,24.8969505134441
桃園市平鎮區湧光里5鄰中豐路山頂段302巷11弄36號,68,6801000,6801000-016,5鄰,中豐路山頂段,,302巷,11弄,,,36號,121.210436607744,24.8969719046281
桃園市平鎮區湧光里5鄰中豐路山頂段302巷11弄38號,68,6801000,6801000-016,5鄰,中豐路山頂段,,302巷,11弄,,,38號,121.21040871015,24.8969816044302
桃園市平鎮區湧光里5鄰中豐路山頂段302巷11弄42號,68,6801000,6801000-016,5鄰,中豐路山頂段,,302巷,11弄,,,42號,121.210532167824,24.896877964047
桃園市平鎮區湧光里5鄰中豐路山頂段302巷11弄48號,68,6801000,6801000-016,5鄰,中豐路山頂段,,302巷,11弄,,,48號,121.210443037639,24.8969110436856
桃園市平鎮區湧光里5鄰中豐路山頂段302巷11弄56號,68,6801000,6801000-016,5鄰,中豐路山頂段,,302巷,11弄,,,56號,121.210542872271,24.8968278409455
桃園市平鎮區湧光里5鄰中豐路山頂段302巷11弄60號,68,6801000,6801000-016,5鄰,中豐路山頂段,,302巷,11弄,,,60號,121.210485495993,24.896848777654
桃園市平鎮區湧光里5鄰中豐路山頂段302巷11弄62號,68,6801000,6801000-016,5鄰,中豐路山頂段,,302巷,11弄,,,62號,121.210454928421,24.8968600160705
桃園市平鎮區湧光里5鄰中豐路山頂段302巷11弄68號,68,6801000,6801000-016,5鄰,中豐路山頂段,,302巷,11弄,,,68號,121.210368469157,24.8968920987661
桃園市平鎮區湧光里3鄰中豐路山頂段302巷12號,68,6801000,6801000-016,3鄰,中豐路山頂段,,302巷,,,,12號,121.210645038022,24.8971851337964
桃園市平鎮區湧光里4鄰中豐路山頂段304號,68,6801000,6801000-016,4鄰,中豐路山頂段,,,,,,304號,121.210948048248,24.8970767252559
桃園市平鎮區湧光里4鄰中豐路山頂段306號,68,6801000,6801000-016,4鄰,中豐路山頂段,,,,,,306號,121.210952833344,24.8970383475034
桃園市平鎮區湧光里4鄰中豐路山頂段308號,68,6801000,6801000-016,4鄰,中豐路山頂段,,,,,,308號,121.210957617517,24.8969994280438
桃園市平鎮區湧光里4鄰中豐路山頂段310號,68,6801000,6801000-016,4鄰,中豐路山頂段,,,,,,310號,121.210964086898,24.8969619507561
桃園市平鎮區湧光里4鄰中豐路山頂段312號,68,6801000,6801000-016,4鄰,中豐路山頂段,,,,,,312號,121.21096896959,24.8969227603024
桃園市平鎮區湧光里4鄰中豐路山頂段314號,68,6801000,6801000-016,4鄰,中豐路山頂段,,,,,,314號,121.210974338613,24.8968785132188
桃園市平鎮區湧光里4鄰中豐路山頂段316號,68,6801000,6801000-016,4鄰,中豐路山頂段,,,,,,316號,121.210980202408,24.8968341751505
桃園市平鎮區湧光里4鄰中豐路山頂段318號,68,6801000,6801000-016,4鄰,中豐路山頂段,,,,,,318號,121.210986066352,24.8967899273661
桃園市平鎮區湧光里4鄰中豐路山頂段320號,68,6801000,6801000-016,4鄰,中豐路山頂段,,,,,,320號,121.210992030045,24.8967461308637
桃園市平鎮區湧光里4鄰中豐路山頂段322號,68,6801000,6801000-016,4鄰,中豐路山頂段,,,,,,322號,121.210997497732,24.8967017030694
桃園市平鎮區湧光里4鄰中豐路山頂段324號,68,6801000,6801000-016,4鄰,中豐路山頂段,,,,,,324號,121.211004452959,24.8966588982954
桃園市平鎮區湧光里4鄰中豐路山頂段326號,68,6801000,6801000-016,4鄰,中豐路山頂段,,,,,,326號,121.211010405897,24.896608781879
桃園市平鎮區湧光里5鄰中豐路山頂段328巷1號,68,6801000,6801000-016,5鄰,中豐路山頂段,,328巷,,,,1號,121.210938045479,24.8964911529619
桃園市平鎮區湧光里4鄰中豐路山頂段328巷2號,68,6801000,6801000-016,4鄰,中豐路山頂段,,328巷,,,,2號,121.210919720534,24.8966002427627
桃園市平鎮區湧光里5鄰中豐路山頂段328巷3號,68,6801000,6801000-016,5鄰,中豐路山頂段,,328巷,,,,3號,121.210891415879,24.8964867949225
桃園市平鎮區湧光里4鄰中豐路山頂段328巷4號,68,6801000,6801000-016,4鄰,中豐路山頂段,,328巷,,,,4號,121.210872996049,24.8965983225383
桃園市平鎮區湧光里5鄰中豐路山頂段328巷5號,68,6801000,6801000-016,5鄰,中豐路山頂段,,328巷,,,,5號,121.210832913718,24.8964857941774
桃園市平鎮區湧光里4鄰中豐路山頂段328巷6號,68,6801000,6801000-016,4鄰,中豐路山頂段,,328巷,,,,6號,121.210824803191,24.8966060648351
桃園市平鎮區湧光里5鄰中豐路山頂段328巷7號,68,6801000,6801000-016,5鄰,中豐路山頂段,,328巷,,,,7號,121.210778187103,24.8964930942672
桃園市平鎮區湧光里4鄰中豐路山頂段328巷8號,68,6801000,6801000-016,4鄰,中豐路山頂段,,328巷,,,,8號,121.210780188825,24.8966226499602
桃園市平鎮區湧光里5鄰中豐路山頂段328巷9號,68,6801000,6801000-016,5鄰,中豐路山頂段,,328巷,,,,9號,121.210739014359,24.8965081368537
桃園市平鎮區湧光里4鄰中豐路山頂段328巷10號,68,6801000,6801000-016,4鄰,中豐路山頂段,,328巷,,,,10號,121.21052526569,24.8967187116072
桃園市平鎮區湧光里5鄰中豐路山頂段328巷11號,68,6801000,6801000-016,5鄰,中豐路山頂段,,328巷,,,,11號,121.210702017751,24.8965222735104
桃園市平鎮區湧光里4鄰中豐路山頂段328巷12號,68,6801000,6801000-016,4鄰,中豐路山頂段,,328巷,,,,12號,121.210486685226,24.8967328504452
桃園市平鎮區湧光里5鄰中豐路山頂段328巷13號,68,6801000,6801000-016,5鄰,中豐路山頂段,,328巷,,,,13號,121.210478364203,24.8966124224155
桃園市平鎮區湧光里4鄰中豐路山頂段328巷14號,68,6801000,6801000-016,4鄰,中豐路山頂段,,328巷,,,,14號,121.210446718956,24.8967469912276
桃園市平鎮區湧光里5鄰中豐路山頂段328巷15號,68,6801000,6801000-016,5鄰,中豐路山頂段,,328巷,,,,15號,121.210438694927,24.8966265627769
桃園市平鎮區湧光里4鄰中豐路山頂段328巷16號,68,6801000,6801000-016,4鄰,中豐路山頂段,,328巷,,,,16號,121.210408634167,24.8967615807697
桃園市平鎮區湧光里5鄰中豐路山頂段328巷17號,68,6801000,6801000-016,5鄰,中豐路山頂段,,328巷,,,,17號,121.210400609256,24.8966406106101
桃園市平鎮區湧光里4鄰中豐路山頂段328巷18號,68,6801000,6801000-016,4鄰,中豐路山頂段,,328巷,,,,18號,121.2103689656,24.896776172535
桃園市平鎮區湧光里5鄰中豐路山頂段328巷19號,68,6801000,6801000-016,5鄰,中豐路山頂段,,328巷,,,,19號,121.210361929051,24.8966542981331
桃園市平鎮區湧光里5鄰中豐路山頂段328巷21號,68,6801000,6801000-016,5鄰,中豐路山頂段,,328巷,,,,21號,121.21032275544,24.8966688891884
桃園市平鎮區湧光里5鄰中豐路山頂段328巷23號,68,6801000,6801000-016,5鄰,中豐路山頂段,,328巷,,,,23號,121.210281503125,24.8966834831628
桃園市平鎮區湧光里6鄰中豐路山頂段330號,68,6801000,6801000-016,6鄰,中豐路山頂段,,,,,,330號,121.211024681267,24.8965049343063
桃園市平鎮區湧光里6鄰中豐路山頂段332號,68,6801000,6801000-016,6鄰,中豐路山頂段,,,,,,332號,121.211032115132,24.8964525586766
桃園市平鎮區湧光里6鄰中豐路山頂段334號,68,6801000,6801000-016,6鄰,中豐路山頂段,,,,,,334號,121.211039064501,24.89640632309
桃園市平鎮區湧光里6鄰中豐路山頂段336號,68,6801000,6801000-016,6鄰,中豐路山頂段,,,,,,336號,121.211044438391,24.8963649651041
桃園市平鎮區湧光里6鄰中豐路山頂段338號,68,6801000,6801000-016,6鄰,中豐路山頂段,,,,,,338號,121.211050304747,24.8963221618662
桃園市平鎮區湧光里6鄰中豐路山頂段340號,68,6801000,6801000-016,6鄰,中豐路山頂段,,,,,,340號,121.211056268396,24.8962783653588
桃園市平鎮區湧光里6鄰中豐路山頂段342號,68,6801000,6801000-016,6鄰,中豐路山頂段,,,,,,342號,121.211062133977,24.8962351106977
桃園市平鎮區湧光里7鄰中豐路山頂段358號,68,6801000,6801000-016,7鄰,中豐路山頂段,,,,,,358號,121.209895976607,24.8941210238841
桃園市平鎮區湧光里39鄰中豐路山頂段360號,68,6801000,6801000-016,39鄰,中豐路山頂段,,,,,,360號,121.211948462346,24.8925903248395
桃園市平鎮區湧光里39鄰中豐路山頂段362號,68,6801000,6801000-016,39鄰,中豐路山頂段,,,,,,362號,121.211967200066,24.8925499409531
桃園市平鎮區湧光里39鄰中豐路山頂段364號,68,6801000,6801000-016,39鄰,中豐路山頂段,,,,,,364號,121.21199027973,24.8925017864099
桃園市平鎮區湧光里39鄰中豐路山頂段366巷2號,68,6801000,6801000-016,39鄰,中豐路山頂段,,366巷,,,,2號,121.211856362995,24.8924475348902
桃園市平鎮區湧光里39鄰中豐路山頂段366巷4號,68,6801000,6801000-016,39鄰,中豐路山頂段,,366巷,,,,4號,121.211815158722,24.8924313421278
桃園市平鎮區湧光里39鄰中豐路山頂段366巷6號,68,6801000,6801000-016,39鄰,中豐路山頂段,,366巷,,,,6號,121.211773853168,24.8924137952268
桃園市平鎮區湧光里39鄰中豐路山頂段366巷8號,68,6801000,6801000-016,39鄰,中豐路山頂段,,366巷,,,,8號,121.211734531732,24.8923988637563
桃園市平鎮區湧光里39鄰中豐路山頂段366巷10號,68,6801000,6801000-016,39鄰,中豐路山頂段,,366巷,,,,10號,121.211692732983,24.8923823106643
桃園市平鎮區湧光里39鄰中豐路山頂段366巷12號,68,6801000,6801000-016,39鄰,中豐路山頂段,,366巷,,,,12號,121.211651923296,24.8923653047342
桃園市平鎮區湧光里39鄰中豐路山頂段366巷14號,68,6801000,6801000-016,39鄰,中豐路山頂段,,366巷,,,,14號,121.211607946965,24.8923487547066
桃園市平鎮區湧光里39鄰中豐路山頂段366巷15號,68,6801000,6801000-016,39鄰,中豐路山頂段,,366巷,,,,15號,121.211646363114,24.8922390945651
桃園市平鎮區湧光里39鄰中豐路山頂段366巷16號,68,6801000,6801000-016,39鄰,中豐路山頂段,,366巷,,,,16號,121.211562483608,24.8923308525032
桃園市平鎮區湧光里39鄰中豐路山頂段366巷17號,68,6801000,6801000-016,39鄰,中豐路山頂段,,366巷,,,,17號,121.211592678293,24.8922176829254
桃園市平鎮區湧光里39鄰中豐路山頂段366巷18號,68,6801000,6801000-016,39鄰,中豐路山頂段,,366巷,,,,18號,121.211516721472,24.8923118672924
桃園市平鎮區湧光里39鄰中豐路山頂段366巷19號,68,6801000,6801000-016,39鄰,中豐路山頂段,,366巷,,,,19號,121.211545430697,24.8921982484054
桃園市平鎮區湧光里39鄰中豐路山頂段366巷20號,68,6801000,6801000-016,39鄰,中豐路山頂段,,366巷,,,,20號,121.211476011583,24.892295312596
桃園市平鎮區湧光里39鄰中豐路山頂段366巷21號,68,6801000,6801000-016,39鄰,中豐路山頂段,,366巷,,,,21號,121.211504720841,24.8921816937163
桃園市平鎮區湧光里39鄰中豐路山頂段366巷22號,68,6801000,6801000-016,39鄰,中豐路山頂段,,366巷,,,,22號,121.211433520644,24.8922791215506
桃園市平鎮區湧光里39鄰中豐路山頂段366巷23號,68,6801000,6801000-016,39鄰,中豐路山頂段,,366巷,,,,23號,121.211462822445,24.8921646892765
桃園市平鎮區湧光里39鄰中豐路山頂段366巷24號,68,6801000,6801000-016,39鄰,中豐路山頂段,,366巷,,,,24號,121.211392215963,24.8922620259655
桃園市平鎮區湧光里39鄰中豐路山頂段366巷26號,68,6801000,6801000-016,39鄰,中豐路山頂段,,366巷,,,,26號,121.211348239702,24.8922454758607
桃園市平鎮區湧光里39鄰中豐路山頂段366巷28號,68,6801000,6801000-016,39鄰,中豐路山頂段,,366巷,,,,28號,121.211309311378,24.8922288283106
桃園市平鎮區湧光里39鄰中豐路山頂段366巷30號,68,6801000,6801000-016,39鄰,中豐路山頂段,,366巷,,,,30號,121.211268404194,24.8922126349754
桃園市平鎮區湧光里39鄰中豐路山頂段366巷32號,68,6801000,6801000-016,39鄰,中豐路山頂段,,366巷,,,,32號,121.211226604647,24.8921955400445
桃園市平鎮區湧光里39鄰中豐路山頂段366巷34號,68,6801000,6801000-016,39鄰,中豐路山頂段,,366巷,,,,34號,121.211184707052,24.892178986949
桃園市平鎮區湧光里39鄰中豐路山頂段366巷36號,68,6801000,6801000-016,39鄰,中豐路山頂段,,366巷,,,,36號,121.211141620917,24.8921619840996
桃園市平鎮區湧光里39鄰中豐路山頂段366巷38號,68,6801000,6801000-016,39鄰,中豐路山頂段,,366巷,,,,38號,121.211099328338,24.8921459732472
桃園市平鎮區湧光里39鄰中豐路山頂段366巷40號,68,6801000,6801000-016,39鄰,中豐路山頂段,,366巷,,,,40號,121.211056934946,24.8921288791084
桃園市平鎮區湧光里39鄰中豐路山頂段368號,68,6801000,6801000-016,39鄰,中豐路山頂段,,,,,,368號,121.211949965598,24.8923112526084
桃園市平鎮區湧光里39鄰中豐路山頂段376號,68,6801000,6801000-016,39鄰,中豐路山頂段,,,,,,376號,121.212025628227,24.8921609113376
桃園市平鎮區湧光里39鄰中豐路山頂段378號,68,6801000,6801000-016,39鄰,中豐路山頂段,,,,,,378號,121.212113543511,24.8921141994848
桃園市平鎮區湧光里39鄰中豐路山頂段380號,68,6801000,6801000-016,39鄰,中豐路山頂段,,,,,,380號,121.212120506438,24.8920762700005
桃園市平鎮區湧光里39鄰中豐路山頂段382號,68,6801000,6801000-016,39鄰,中豐路山頂段,,,,,,382號,121.212127469206,24.8920382502311
桃園市平鎮區湧光里39鄰中豐路山頂段384號,68,6801000,6801000-016,39鄰,中豐路山頂段,,,,,,384號,121.212133940764,24.8920023979931
桃園市平鎮區湧光里39鄰中豐路山頂段386號,68,6801000,6801000-016,39鄰,中豐路山頂段,,,,,,386號,121.212140900285,24.891962482248
桃園市平鎮區湧光里39鄰中豐路山頂段388號,68,6801000,6801000-016,39鄰,中豐路山頂段,,,,,,388號,121.212147073964,24.8919260887242
桃園市平鎮區湧光里39鄰中豐路山頂段390號,68,6801000,6801000-016,39鄰,中豐路山頂段,,,,,,390號,121.212153938506,24.8918885205162
桃園市平鎮區湧光里39鄰中豐路山頂段392號,68,6801000,6801000-016,39鄰,中豐路山頂段,,,,,,392號,121.212160901408,24.891850591029
桃園市平鎮區湧光里39鄰中豐路山頂段394號,68,6801000,6801000-016,39鄰,中豐路山頂段,,,,,,394號,121.212167864152,24.8918125712568
桃園市平鎮區湧光里39鄰中豐路山頂段396號,68,6801000,6801000-016,39鄰,中豐路山頂段,,,,,,396號,121.212174133713,24.8917743719002
桃園市平鎮區湧光里39鄰中豐路山頂段398號,68,6801000,6801000-016,39鄰,中豐路山頂段,,,,,,398號,121.212181692189,24.8917374346968
桃園市平鎮區湧光里39鄰中豐路山頂段400號,68,6801000,6801000-016,39鄰,中豐路山頂段,,,,,,400號,121.212188655075,24.8916995052077
桃園市平鎮區湧光里39鄰中豐路山頂段402號,68,6801000,6801000-016,39鄰,中豐路山頂段,,,,,,402號,121.212194530704,24.8916624801113
桃園市平鎮區湧光里39鄰中豐路山頂段404號,68,6801000,6801000-016,39鄰,中豐路山頂段,,,,,,404號,121.212201495279,24.891625543751
桃園市平鎮區湧光里39鄰中豐路山頂段406巷2弄1號,68,6801000,6801000-016,39鄰,中豐路山頂段,,406巷,2弄,,,1號,121.211992699626,24.8917161252297
桃園市平鎮區湧光里39鄰中豐路山頂段406巷2弄2號,68,6801000,6801000-016,39鄰,中豐路山頂段,,406巷,2弄,,,2號,121.211961180782,24.8917491239282
桃園市平鎮區湧光里39鄰中豐路山頂段406巷2弄3號,68,6801000,6801000-016,39鄰,中豐路山頂段,,406巷,2弄,,,3號,121.211954510453,24.8917845250187
桃園市平鎮區湧光里39鄰中豐路山頂段406巷2弄5號,68,6801000,6801000-016,39鄰,中豐路山頂段,,406巷,2弄,,,5號,121.211948731418,24.8918201956972
桃園市平鎮區湧光里39鄰中豐路山頂段406巷2弄6號,68,6801000,6801000-016,39鄰,中豐路山頂段,,406巷,2弄,,,6號,121.211942259353,24.8918557770747
桃園市平鎮區湧光里39鄰中豐路山頂段406巷2弄7號,68,6801000,6801000-016,39鄰,中豐路山頂段,,406巷,2弄,,,7號,121.211972913725,24.8918961810985
桃園市平鎮區湧光里39鄰中豐路山頂段406巷2弄8號,68,6801000,6801000-016,39鄰,中豐路山頂段,,406巷,2弄,,,8號,121.211967133148,24.891930948932
桃園市平鎮區湧光里39鄰中豐路山頂段406巷2弄9號,68,6801000,6801000-016,39鄰,中豐路山頂段,,406巷,2弄,,,9號,121.211960663549,24.8919679748621
桃園市平鎮區湧光里39鄰中豐路山頂段406巷2弄10號,68,6801000,6801000-016,39鄰,中豐路山頂段,,406巷,2弄,,,10號,121.211953711984,24.8920125853939
桃園市平鎮區湧光里39鄰中豐路山頂段406巷2弄11號,68,6801000,6801000-016,39鄰,中豐路山頂段,,406巷,2弄,,,11號,121.211942437272,24.8920759812894
桃園市平鎮區湧光里39鄰中豐路山頂段406巷6號,68,6801000,6801000-016,39鄰,中豐路山頂段,,406巷,,,,6號,121.211999846519,24.8916120167745
桃園市平鎮區湧光里39鄰中豐路山頂段406巷8號,68,6801000,6801000-016,39鄰,中豐路山頂段,,406巷,,,,8號,121.21195857774,24.8916158673522
桃園市平鎮區湧光里39鄰中豐路山頂段406巷10號,68,6801000,6801000-016,39鄰,中豐路山頂段,,406巷,,,,10號,121.211916715994,24.8916202604689
桃園市平鎮區湧光里39鄰中豐路山頂段406巷12號,68,6801000,6801000-016,39鄰,中豐路山頂段,,406巷,,,,12號,121.211873763755,24.89162366199
桃園市平鎮區湧光里39鄰中豐路山頂段406巷14號,68,6801000,6801000-016,39鄰,中豐路山頂段,,406巷,,,,14號,121.211832496816,24.8916285959471
桃園市平鎮區湧光里39鄰中豐路山頂段406巷20弄1號,68,6801000,6801000-016,39鄰,中豐路山頂段,,406巷,20弄,,,1號,121.211573661685,24.8916878287711
桃園市平鎮區湧光里39鄰中豐路山頂段406巷20弄2號,68,6801000,6801000-016,39鄰,中豐路山頂段,,406巷,20弄,,,2號,121.211699177904,24.891634111924
桃園市平鎮區湧光里39鄰中豐路山頂段406巷20弄3號,68,6801000,6801000-016,39鄰,中豐路山頂段,,406巷,20弄,,,3號,121.211584529901,24.8917343100034
桃園市平鎮區湧光里39鄰中豐路山頂段406巷20弄5號,68,6801000,6801000-016,39鄰,中豐路山頂段,,406巷,20弄,,,5號,121.21159519216,24.8917760967202
桃園市平鎮區湧光里39鄰中豐路山頂段406巷20弄6號,68,6801000,6801000-016,39鄰,中豐路山頂段,,406巷,20弄,,,6號,121.211708251718,24.8916731020595
桃園市平鎮區湧光里39鄰中豐路山頂段406巷20弄7號,68,6801000,6801000-016,39鄰,中豐路山頂段,,406巷,20弄,,,7號,121.21160646001,24.8918247442173
桃園市平鎮區湧光里39鄰中豐路山頂段406巷20弄8號,68,6801000,6801000-016,39鄰,中豐路山頂段,,406巷,20弄,,,8號,121.211717424365,24.8917120017692
桃園市平鎮區湧光里39鄰中豐路山頂段406巷20弄9號,68,6801000,6801000-016,39鄰,中豐路山頂段,,406巷,20弄,,,9號,121.211615629406,24.8918617479578
桃園市平鎮區湧光里39鄰中豐路山頂段406巷20弄10號,68,6801000,6801000-016,39鄰,中豐路山頂段,,406巷,20弄,,,10號,121.211727592683,24.8917543308856
桃園市平鎮區湧光里39鄰中豐路山頂段406巷20弄11號,68,6801000,6801000-016,39鄰,中豐路山頂段,,406巷,20弄,,,11號,121.211626888962,24.8919055200887
桃園市平鎮區湧光里39鄰中豐路山頂段406巷20弄12號,68,6801000,6801000-016,39鄰,中豐路山頂段,,406巷,20弄,,,12號,121.211737261174,24.8917937715986
桃園市平鎮區湧光里39鄰中豐路山頂段406巷20弄13號,68,6801000,6801000-016,39鄰,中豐路山頂段,,406巷,20弄,,,13號,121.211635964466,24.8919455033569
桃園市平鎮區湧光里39鄰中豐路山頂段406巷20弄14號,68,6801000,6801000-016,39鄰,中豐路山頂段,,406巷,20弄,,,14號,121.211746338244,24.8918346577057
桃園市平鎮區湧光里39鄰中豐路山頂段406巷20弄15號,68,6801000,6801000-016,39鄰,中豐路山頂段,,406巷,20弄,,,15號,121.211646228373,24.8919858460779
桃園市平鎮區湧光里39鄰中豐路山頂段406巷20弄16號,68,6801000,6801000-016,39鄰,中豐路山頂段,,406巷,20弄,,,16號,121.211756008287,24.8918750012622
桃園市平鎮區湧光里39鄰中豐路山頂段406巷20弄18號,68,6801000,6801000-016,39鄰,中豐路山頂段,,406巷,20弄,,,18號,121.211766175863,24.8919168789523
桃園市平鎮區湧光里39鄰中豐路山頂段406巷20弄20號,68,6801000,6801000-016,39鄰,中豐路山頂段,,406巷,20弄,,,20號,121.211774754656,24.8919557794997
桃園市平鎮區湧光里39鄰中豐路山頂段406巷20弄22號,68,6801000,6801000-016,39鄰,中豐路山頂段,,406巷,20弄,,,22號,121.211785015374,24.8919942262359
桃園市平鎮區湧光里39鄰中豐路山頂段406巷20弄24號,68,6801000,6801000-016,39鄰,中豐路山頂段,,406巷,20弄,,,24號,121.211794091706,24.8920346609162
桃園市平鎮區湧光里39鄰中豐路山頂段406巷20弄26號,68,6801000,6801000-016,39鄰,中豐路山頂段,,406巷,20弄,,,26號,121.211803762704,24.8920755461754
桃園市平鎮區湧光里39鄰中豐路山頂段406巷20弄28號,68,6801000,6801000-016,39鄰,中豐路山頂段,,406巷,20弄,,,28號,121.211813431091,24.8921148965969
桃園市平鎮區湧光里39鄰中豐路山頂段406巷20弄30號,68,6801000,6801000-016,39鄰,中豐路山頂段,,406巷,20弄,,,30號,121.211822509135,24.8921563244044
桃園市平鎮區湧光里39鄰中豐路山頂段406巷20弄32號,68,6801000,6801000-016,39鄰,中豐路山頂段,,406巷,20弄,,,32號,121.211832778049,24.8921995562153
桃園市平鎮區湧光里39鄰中豐路山頂段406巷22號,68,6801000,6801000-016,39鄰,中豐路山頂段,,406巷,,,,22號,121.211551496211,24.8916335087801
桃園市平鎮區湧光里39鄰中豐路山頂段406巷26號,68,6801000,6801000-016,39鄰,中豐路山頂段,,406巷,,,,26號,121.211420965254,24.8917649677682
桃園市平鎮區湧光里40鄰中豐路山頂段406巷66號,68,6801000,6801000-016,40鄰,中豐路山頂段,,406巷,,,,66號,121.211074078492,24.8916746323426
桃園市平鎮區湧光里40鄰中豐路山頂段406巷66號四樓,68,6801000,6801000-016,40鄰,中豐路山頂段,,406巷,,,,66號四樓,121.211074078492,24.8916746323426
桃園市平鎮區湧光里40鄰中豐路山頂段406巷66號三樓,68,6801000,6801000-016,40鄰,中豐路山頂段,,406巷,,,,66號三樓,121.211074078492,24.8916746323426
桃園市平鎮區湧光里40鄰中豐路山頂段406巷66號五樓,68,6801000,6801000-016,40鄰,中豐路山頂段,,406巷,,,,66號五樓,121.211074078492,24.8916746323426
桃園市平鎮區湧光里40鄰中豐路山頂段406巷66號二樓,68,6801000,6801000-016,40鄰,中豐路山頂段,,406巷,,,,66號二樓,121.211074078492,24.8916746323426
桃園市平鎮區湧光里40鄰中豐路山頂段406巷68號,68,6801000,6801000-016,40鄰,中豐路山頂段,,406巷,,,,68號,121.211059635797,24.8917379423723
桃園市平鎮區湧光里40鄰中豐路山頂段406巷68號二樓,68,6801000,6801000-016,40鄰,中豐路山頂段,,406巷,,,,68號二樓,121.211059635797,24.8917379423723
桃園市平鎮區湧光里40鄰中豐路山頂段406巷68號三樓,68,6801000,6801000-016,40鄰,中豐路山頂段,,406巷,,,,68號三樓,121.211059635797,24.8917379423723
桃園市平鎮區湧光里40鄰中豐路山頂段406巷68號五樓,68,6801000,6801000-016,40鄰,中豐路山頂段,,406巷,,,,68號五樓,121.211059635797,24.8917379423723
桃園市平鎮區湧光里40鄰中豐路山頂段406巷68號四樓,68,6801000,6801000-016,40鄰,中豐路山頂段,,406巷,,,,68號四樓,121.211059635797,24.8917379423723
桃園市平鎮區湧光里40鄰中豐路山頂段406巷70號,68,6801000,6801000-016,40鄰,中豐路山頂段,,406巷,,,,70號,121.211040853551,24.8918104675804
桃園市平鎮區湧光里40鄰中豐路山頂段406巷70號二樓,68,6801000,6801000-016,40鄰,中豐路山頂段,,406巷,,,,70號二樓,121.211040853551,24.8918104675804
桃園市平鎮區湧光里40鄰中豐路山頂段406巷70號三樓,68,6801000,6801000-016,40鄰,中豐路山頂段,,406巷,,,,70號三樓,121.211040853551,24.8918104675804
桃園市平鎮區湧光里40鄰中豐路山頂段406巷70號五樓,68,6801000,6801000-016,40鄰,中豐路山頂段,,406巷,,,,70號五樓,121.211040853551,24.8918104675804
桃園市平鎮區湧光里40鄰中豐路山頂段406巷70號四樓,68,6801000,6801000-016,40鄰,中豐路山頂段,,406巷,,,,70號四樓,121.211040853551,24.8918104675804
桃園市平鎮區湧光里40鄰中豐路山頂段406巷72號,68,6801000,6801000-016,40鄰,中豐路山頂段,,406巷,,,,72號,121.211026215776,24.8918754932918
桃園市平鎮區湧光里40鄰中豐路山頂段406巷72號二樓,68,6801000,6801000-016,40鄰,中豐路山頂段,,406巷,,,,72號二樓,121.211026215776,24.8918754932918
桃園市平鎮區湧光里40鄰中豐路山頂段406巷72號三樓,68,6801000,6801000-016,40鄰,中豐路山頂段,,406巷,,,,72號三樓,121.211026215776,24.8918754932918
桃園市平鎮區湧光里40鄰中豐路山頂段406巷72號四樓,68,6801000,6801000-016,40鄰,中豐路山頂段,,406巷,,,,72號四樓,121.211026215776,24.8918754932918
桃園市平鎮區湧光里40鄰中豐路山頂段406巷72號五樓,68,6801000,6801000-016,40鄰,中豐路山頂段,,406巷,,,,72號五樓,121.211026215776,24.8918754932918
桃園市平鎮區湧光里40鄰中豐路山頂段406巷74號,68,6801000,6801000-016,40鄰,中豐路山頂段,,406巷,,,,74號,121.21095482762,24.8918624126483
桃園市平鎮區湧光里40鄰中豐路山頂段406巷74號二樓,68,6801000,6801000-016,40鄰,中豐路山頂段,,406巷,,,,74號二樓,121.21095482762,24.8918624126483
桃園市平鎮區湧光里40鄰中豐路山頂段406巷74號三樓,68,6801000,6801000-016,40鄰,中豐路山頂段,,406巷,,,,74號三樓,121.21095482762,24.8918624126483
桃園市平鎮區湧光里40鄰中豐路山頂段406巷74號五樓,68,6801000,6801000-016,40鄰,中豐路山頂段,,406巷,,,,74號五樓,121.21095482762,24.8918624126483
桃園市平鎮區湧光里40鄰中豐路山頂段406巷74號四樓,68,6801000,6801000-016,40鄰,中豐路山頂段,,406巷,,,,74號四樓,121.21095482762,24.8918624126483
桃園市平鎮區湧光里40鄰中豐路山頂段406巷76號,68,6801000,6801000-016,40鄰,中豐路山頂段,,406巷,,,,76號,121.21090874396,24.8918288015751
桃園市平鎮區湧光里40鄰中豐路山頂段406巷76號二樓,68,6801000,6801000-016,40鄰,中豐路山頂段,,406巷,,,,76號二樓,121.21090874396,24.8918288015751
桃園市平鎮區湧光里40鄰中豐路山頂段406巷76號五樓,68,6801000,6801000-016,40鄰,中豐路山頂段,,406巷,,,,76號五樓,121.21090874396,24.8918288015751
桃園市平鎮區湧光里40鄰中豐路山頂段406巷76號四樓,68,6801000,6801000-016,40鄰,中豐路山頂段,,406巷,,,,76號四樓,121.21090874396,24.8918288015751
桃園市平鎮區湧光里40鄰中豐路山頂段406巷76號三樓,68,6801000,6801000-016,40鄰,中豐路山頂段,,406巷,,,,76號三樓,121.21090874396,24.8918288015751
桃園市平鎮區湧光里40鄰中豐路山頂段406巷78號,68,6801000,6801000-016,40鄰,中豐路山頂段,,406巷,,,,78號,121.210854581093,24.8918171410946
桃園市平鎮區湧光里40鄰中豐路山頂段406巷78號二樓,68,6801000,6801000-016,40鄰,中豐路山頂段,,406巷,,,,78號二樓,121.210854581093,24.8918171410946
桃園市平鎮區湧光里40鄰中豐路山頂段406巷78號三樓,68,6801000,6801000-016,40鄰,中豐路山頂段,,406巷,,,,78號三樓,121.210854581093,24.8918171410946
桃園市平鎮區湧光里40鄰中豐路山頂段406巷78號五樓,68,6801000,6801000-016,40鄰,中豐路山頂段,,406巷,,,,78號五樓,121.210854581093,24.8918171410946
桃園市平鎮區湧光里40鄰中豐路山頂段406巷78號四樓,68,6801000,6801000-016,40鄰,中豐路山頂段,,406巷,,,,78號四樓,121.210854581093,24.8918171410946
桃園市平鎮區湧光里40鄰中豐路山頂段406巷80號,68,6801000,6801000-016,40鄰,中豐路山頂段,,406巷,,,,80號,121.210779427397,24.8918015377143
桃園市平鎮區湧光里40鄰中豐路山頂段406巷80號二樓,68,6801000,6801000-016,40鄰,中豐路山頂段,,406巷,,,,80號二樓,121.210779427397,24.8918015377143
桃園市平鎮區湧光里40鄰中豐路山頂段406巷80號三樓,68,6801000,6801000-016,40鄰,中豐路山頂段,,406巷,,,,80號三樓,121.210779427397,24.8918015377143
桃園市平鎮區湧光里40鄰中豐路山頂段406巷80號五樓,68,6801000,6801000-016,40鄰,中豐路山頂段,,406巷,,,,80號五樓,121.210779427397,24.8918015377143
桃園市平鎮區湧光里40鄰中豐路山頂段406巷80號四樓,68,6801000,6801000-016,40鄰,中豐路山頂段,,406巷,,,,80號四樓,121.210779427397,24.8918015377143
桃園市平鎮區湧光里40鄰中豐路山頂段406巷82號,68,6801000,6801000-016,40鄰,中豐路山頂段,,406巷,,,,82號,121.21071348069,24.8917869144288
桃園市平鎮區湧光里40鄰中豐路山頂段406巷82號二樓,68,6801000,6801000-016,40鄰,中豐路山頂段,,406巷,,,,82號二樓,121.21071348069,24.8917869144288
桃園市平鎮區湧光里40鄰中豐路山頂段406巷82號三樓,68,6801000,6801000-016,40鄰,中豐路山頂段,,406巷,,,,82號三樓,121.21071348069,24.8917869144288
桃園市平鎮區湧光里40鄰中豐路山頂段406巷82號五樓,68,6801000,6801000-016,40鄰,中豐路山頂段,,406巷,,,,82號五樓,121.21071348069,24.8917869144288
桃園市平鎮區湧光里40鄰中豐路山頂段406巷82號四樓,68,6801000,6801000-016,40鄰,中豐路山頂段,,406巷,,,,82號四樓,121.21071348069,24.8917869144288
桃園市平鎮區湧光里40鄰中豐路山頂段406巷84號,68,6801000,6801000-016,40鄰,中豐路山頂段,,406巷,,,,84號,121.210651793576,24.8917742713658
桃園市平鎮區湧光里40鄰中豐路山頂段406巷84號二樓,68,6801000,6801000-016,40鄰,中豐路山頂段,,406巷,,,,84號二樓,121.210651793576,24.8917742713658
桃園市平鎮區湧光里40鄰中豐路山頂段406巷84號三樓,68,6801000,6801000-016,40鄰,中豐路山頂段,,406巷,,,,84號三樓,121.210651793576,24.8917742713658
桃園市平鎮區湧光里40鄰中豐路山頂段406巷84號四樓,68,6801000,6801000-016,40鄰,中豐路山頂段,,406巷,,,,84號四樓,121.210651793576,24.8917742713658
桃園市平鎮區湧光里40鄰中豐路山頂段406巷84號五樓,68,6801000,6801000-016,40鄰,中豐路山頂段,,406巷,,,,84號五樓,121.210651793576,24.8917742713658
桃園市平鎮區湧光里40鄰中豐路山頂段406巷86號,68,6801000,6801000-016,40鄰,中豐路山頂段,,406巷,,,,86號,121.210632881134,24.8916534970746
桃園市平鎮區湧光里40鄰中豐路山頂段406巷86號二樓,68,6801000,6801000-016,40鄰,中豐路山頂段,,406巷,,,,86號二樓,121.210632881134,24.8916534970746
桃園市平鎮區湧光里40鄰中豐路山頂段406巷86號三樓,68,6801000,6801000-016,40鄰,中豐路山頂段,,406巷,,,,86號三樓,121.210632881134,24.8916534970746
桃園市平鎮區湧光里40鄰中豐路山頂段406巷86號五樓,68,6801000,6801000-016,40鄰,中豐路山頂段,,406巷,,,,86號五樓,121.210632881134,24.8916534970746
桃園市平鎮區湧光里40鄰中豐路山頂段406巷86號四樓,68,6801000,6801000-016,40鄰,中豐路山頂段,,406巷,,,,86號四樓,121.210632881134,24.8916534970746
桃園市平鎮區湧光里40鄰中豐路山頂段406巷88號,68,6801000,6801000-016,40鄰,中豐路山頂段,,406巷,,,,88號,121.210701560326,24.8916451842139
桃園市平鎮區湧光里40鄰中豐路山頂段406巷88號二樓,68,6801000,6801000-016,40鄰,中豐路山頂段,,406巷,,,,88號二樓,121.210701560326,24.8916451842139
桃園市平鎮區湧光里40鄰中豐路山頂段406巷88號三樓,68,6801000,6801000-016,40鄰,中豐路山頂段,,406巷,,,,88號三樓,121.210701560326,24.8916451842139
桃園市平鎮區湧光里40鄰中豐路山頂段406巷88號五樓,68,6801000,6801000-016,40鄰,中豐路山頂段,,406巷,,,,88號五樓,121.210701560326,24.8916451842139
桃園市平鎮區湧光里40鄰中豐路山頂段406巷88號四樓,68,6801000,6801000-016,40鄰,中豐路山頂段,,406巷,,,,88號四樓,121.210701560326,24.8916451842139
桃園市平鎮區湧光里40鄰中豐路山頂段406巷90號,68,6801000,6801000-016,40鄰,中豐路山頂段,,406巷,,,,90號,121.210772425531,24.8916418338951
桃園市平鎮區湧光里40鄰中豐路山頂段406巷90號三樓,68,6801000,6801000-016,40鄰,中豐路山頂段,,406巷,,,,90號三樓,121.210772425531,24.8916418338951
桃園市平鎮區湧光里40鄰中豐路山頂段406巷90號五樓,68,6801000,6801000-016,40鄰,中豐路山頂段,,406巷,,,,90號五樓,121.210772425531,24.8916418338951
桃園市平鎮區湧光里40鄰中豐路山頂段406巷90號四樓,68,6801000,6801000-016,40鄰,中豐路山頂段,,406巷,,,,90號四樓,121.210772425531,24.8916418338951
桃園市平鎮區湧光里40鄰中豐路山頂段406巷90號二樓,68,6801000,6801000-016,40鄰,中豐路山頂段,,406巷,,,,90號二樓,121.210772425531,24.8916418338951
桃園市平鎮區湧光里40鄰中豐路山頂段406巷92號,68,6801000,6801000-016,40鄰,中豐路山頂段,,406巷,,,,92號,121.210828766673,24.8916539427526
桃園市平鎮區湧光里40鄰中豐路山頂段406巷92號二樓,68,6801000,6801000-016,40鄰,中豐路山頂段,,406巷,,,,92號二樓,121.210828766673,24.8916539427526
桃園市平鎮區湧光里40鄰中豐路山頂段406巷92號三樓,68,6801000,6801000-016,40鄰,中豐路山頂段,,406巷,,,,92號三樓,121.210828766673,24.8916539427526
桃園市平鎮區湧光里40鄰中豐路山頂段406巷92號五樓,68,6801000,6801000-016,40鄰,中豐路山頂段,,406巷,,,,92號五樓,121.210828766673,24.8916539427526
桃園市平鎮區湧光里40鄰中豐路山頂段406巷92號四樓,68,6801000,6801000-016,40鄰,中豐路山頂段,,406巷,,,,92號四樓,121.210828766673,24.8916539427526
桃園市平鎮區湧豐里1鄰中豐路山頂段2號,68,6801000,6801000-029,1鄰,中豐路山頂段,,,,,,2號,121.210582131617,24.902289826172
桃園市平鎮區湧豐里1鄰中豐路山頂段62號,68,6801000,6801000-029,1鄰,中豐路山頂段,,,,,,62號,121.211494492396,24.9023873972397
桃園市平鎮區湧豐里1鄰中豐路山頂段64號,68,6801000,6801000-029,1鄰,中豐路山頂段,,,,,,64號,121.211479967698,24.9023450743471
桃園市平鎮區湧豐里1鄰中豐路山頂段66號,68,6801000,6801000-029,1鄰,中豐路山頂段,,,,,,66號,121.211447341079,24.9023105415861
桃園市平鎮區湧豐里1鄰中豐路山頂段68號,68,6801000,6801000-029,1鄰,中豐路山頂段,,,,,,68號,121.211434515539,24.9022777864491
桃園市平鎮區湧豐里1鄰中豐路山頂段72號,68,6801000,6801000-029,1鄰,中豐路山頂段,,,,,,72號,121.211386871504,24.9022021954577
桃園市平鎮區湧豐里1鄰中豐路山頂段80號,68,6801000,6801000-029,1鄰,中豐路山頂段,,,,,,80號,121.211357774602,24.9021477047754
桃園市平鎮區湧豐里1鄰中豐路山頂段80號二樓,68,6801000,6801000-029,1鄰,中豐路山頂段,,,,,,80號二樓,121.211357774602,24.9021477047754
桃園市平鎮區湧豐里1鄰中豐路山頂段80號三樓,68,6801000,6801000-029,1鄰,中豐路山頂段,,,,,,80號三樓,121.211357774602,24.9021477047754
桃園市平鎮區湧豐里1鄰中豐路山頂段82號,68,6801000,6801000-029,1鄰,中豐路山頂段,,,,,,82號,121.211344404954,24.902086059324
桃園市平鎮區湧豐里1鄰中豐路山頂段84號,68,6801000,6801000-029,1鄰,中豐路山頂段,,,,,,84號,121.211295090213,24.9020175128674
桃園市平鎮區湧豐里1鄰中豐路山頂段86號,68,6801000,6801000-029,1鄰,中豐路山頂段,,,,,,86號,121.211296678043,24.901961714726
桃園市平鎮區湧豐里1鄰中豐路山頂段88號,68,6801000,6801000-029,1鄰,中豐路山頂段,,,,,,88號,121.21128501909,24.9019164083603
桃園市平鎮區湧豐里2鄰中豐路山頂段90巷1號,68,6801000,6801000-029,2鄰,中豐路山頂段,,90巷,,,,1號,121.211143192111,24.9018150389517
桃園市平鎮區湧豐里1鄰中豐路山頂段90巷2號,68,6801000,6801000-029,1鄰,中豐路山頂段,,90巷,,,,2號,121.211164123951,24.9019578395917
桃園市平鎮區湧豐里2鄰中豐路山頂段90巷3號,68,6801000,6801000-029,2鄰,中豐路山頂段,,90巷,,,,3號,121.211091341236,24.901826668755
桃園市平鎮區湧豐里1鄰中豐路山頂段90巷4號,68,6801000,6801000-029,1鄰,中豐路山頂段,,90巷,,,,4號,121.211124434313,24.9019609654393
桃園市平鎮區湧豐里2鄰中豐路山頂段90巷5號,68,6801000,6801000-029,2鄰,中豐路山頂段,,90巷,,,,5號,121.211048499172,24.9018387372198
桃園市平鎮區湧豐里1鄰中豐路山頂段90巷6號,68,6801000,6801000-029,1鄰,中豐路山頂段,,90巷,,,,6號,121.211086440243,24.9019715825007
桃園市平鎮區湧豐里2鄰中豐路山頂段90巷7號,68,6801000,6801000-029,2鄰,中豐路山頂段,,90巷,,,,7號,121.211001164039,24.9018281505876
桃園市平鎮區湧豐里1鄰中豐路山頂段90巷8號,68,6801000,6801000-029,1鄰,中豐路山頂段,,90巷,,,,8號,121.211041707037,24.9019776045699
桃園市平鎮區湧豐里2鄰中豐路山頂段90巷9號,68,6801000,6801000-029,2鄰,中豐路山頂段,,90巷,,,,9號,121.210953268585,24.9018373370642
桃園市平鎮區湧豐里1鄰中豐路山頂段90巷10號,68,6801000,6801000-029,1鄰,中豐路山頂段,,90巷,,,,10號,121.211003712955,24.9019882216102
桃園市平鎮區湧豐里2鄰中豐路山頂段90巷11號,68,6801000,6801000-029,2鄰,中豐路山頂段,,90巷,,,,11號,121.210905977188,24.9018524814563
桃園市平鎮區湧豐里1鄰中豐路山頂段90巷12弄1號,68,6801000,6801000-029,1鄰,中豐路山頂段,,90巷,12弄,,,1號,121.210891065828,24.9021067440177
桃園市平鎮區湧豐里1鄰中豐路山頂段90巷12弄3號,68,6801000,6801000-029,1鄰,中豐路山頂段,,90巷,12弄,,,3號,121.210901330206,24.9021469964466
桃園市平鎮區湧豐里1鄰中豐路山頂段90巷12弄5號,68,6801000,6801000-029,1鄰,中豐路山頂段,,90巷,12弄,,,5號,121.210906343832,24.9021847283283
桃園市平鎮區湧豐里1鄰中豐路山頂段90巷12弄7號,68,6801000,6801000-029,1鄰,中豐路山頂段,,90巷,12弄,,,7號,121.210919677675,24.9022254278393
桃園市平鎮區湧豐里1鄰中豐路山頂段90巷12弄9號,68,6801000,6801000-029,1鄰,中豐路山頂段,,90巷,12弄,,,9號,121.210929447122,24.9022656809653
桃園市平鎮區湧豐里1鄰中豐路山頂段90巷12弄11號,68,6801000,6801000-029,1鄰,中豐路山頂段,,90巷,12弄,,,11號,121.210945066344,24.9023114331808
桃園市平鎮區湧豐里2鄰中豐路山頂段90巷13號,68,6801000,6801000-029,2鄰,中豐路山頂段,,90巷,,,,13號,121.21086994651,24.9018534352328
桃園市平鎮區湧豐里1鄰中豐路山頂段90巷14號,68,6801000,6801000-029,1鄰,中豐路山頂段,,90巷,,,,14號,121.210907427583,24.9020069563874
桃園市平鎮區湧豐里2鄰中豐路山頂段90巷15號,68,6801000,6801000-029,2鄰,中豐路山頂段,,90巷,,,,15號,121.210825314933,24.901860991932
桃園市平鎮區湧豐里1鄰中豐路山頂段90巷16號,68,6801000,6801000-029,1鄰,中豐路山頂段,,90巷,,,,16號,121.210852817011,24.902025722494
桃園市平鎮區湧豐里2鄰中豐路山頂段90巷17號,68,6801000,6801000-029,2鄰,中豐路山頂段,,90巷,,,,17號,121.21076633507,24.9018716385656
桃園市平鎮區湧豐里1鄰中豐路山頂段90巷18號,68,6801000,6801000-029,1鄰,中豐路山頂段,,90巷,,,,18號,121.210818086952,24.9020348000356
桃園市平鎮區湧豐里2鄰中豐路山頂段90巷19號,68,6801000,6801000-029,2鄰,中豐路山頂段,,90巷,,,,19號,121.21068625033,24.901870487696
桃園市平鎮區湧豐里1鄰中豐路山頂段90巷20號,68,6801000,6801000-029,1鄰,中豐路山頂段,,90巷,,,,20號,121.210776815897,24.9020393725794
桃園市平鎮區湧豐里2鄰中豐路山頂段90巷21號,68,6801000,6801000-029,2鄰,中豐路山頂段,,90巷,,,,21號,121.210639925798,24.9018720879457
桃園市平鎮區湧豐里1鄰中豐路山頂段90巷22弄1號,68,6801000,6801000-029,1鄰,中豐路山頂段,,90巷,22弄,,,1號,121.210667510406,24.9021438959821
桃園市平鎮區湧豐里1鄰中豐路山頂段90巷22弄2號,68,6801000,6801000-029,1鄰,中豐路山頂段,,90巷,22弄,,,2號,121.210796662073,24.9021260177715
桃園市平鎮區湧豐里1鄰中豐路山頂段90巷22弄3號,68,6801000,6801000-029,1鄰,中豐路山頂段,,90巷,22弄,,,3號,121.210671134118,24.9021792824346
桃園市平鎮區湧豐里1鄰中豐路山頂段90巷22弄4號,68,6801000,6801000-029,1鄰,中豐路山頂段,,90巷,22弄,,,4號,121.210804949999,24.9021682592613
桃園市平鎮區湧豐里1鄰中豐路山頂段90巷22弄5號,68,6801000,6801000-029,1鄰,中豐路山頂段,,90巷,22弄,,,5號,121.210682785055,24.9022199843437
桃園市平鎮區湧豐里1鄰中豐路山頂段90巷22弄6號,68,6801000,6801000-029,1鄰,中豐路山頂段,,90巷,22弄,,,6號,121.210812141373,24.902205988069
桃園市平鎮區湧豐里1鄰中豐路山頂段90巷22弄7號,68,6801000,6801000-029,1鄰,中豐路山頂段,,90巷,22弄,,,7號,121.210689395178,24.9022652076011
桃園市平鎮區湧豐里1鄰中豐路山頂段90巷22弄8號,68,6801000,6801000-029,1鄰,中豐路山頂段,,90巷,22弄,,,8號,121.210820424095,24.9022451598878
桃園市平鎮區湧豐里1鄰中豐路山頂段90巷22弄10號,68,6801000,6801000-029,1鄰,中豐路山頂段,,90巷,22弄,,,10號,121.210827117922,24.902281354559
桃園市平鎮區湧豐里2鄰中豐路山頂段90巷23號,68,6801000,6801000-029,2鄰,中豐路山頂段,,90巷,,,,23號,121.210593619189,24.9018842514561
桃園市平鎮區湧豐里1鄰中豐路山頂段90巷24號,68,6801000,6801000-029,1鄰,中豐路山頂段,,90巷,,,,24號,121.210669011776,24.9020369968755
桃園市平鎮區湧豐里2鄰中豐路山頂段90巷25號,68,6801000,6801000-029,2鄰,中豐路山頂段,,90巷,,,,25號,121.210545609223,24.9018843192171
桃園市平鎮區湧豐里1鄰中豐路山頂段90巷26號,68,6801000,6801000-029,1鄰,中豐路山頂段,,90巷,,,,26號,121.210627753586,24.9020491532679
桃園市平鎮區湧豐里2鄰中豐路山頂段90巷27號,68,6801000,6801000-029,2鄰,中豐路山頂段,,90巷,,,,27號,121.210496043599,24.9019010015275
桃園市平鎮區湧豐里1鄰中豐路山頂段90巷28號,68,6801000,6801000-029,1鄰,中豐路山頂段,,90巷,,,,28號,121.210579756271,24.9020567146455
桃園市平鎮區湧豐里2鄰中豐路山頂段90巷29號,68,6801000,6801000-029,2鄰,中豐路山頂段,,90巷,,,,29號,121.210437088853,24.9019848688221
桃園市平鎮區湧豐里1鄰中豐路山頂段90巷30號,68,6801000,6801000-029,1鄰,中豐路山頂段,,90巷,,,,30號,121.210531751446,24.9020598520721
桃園市平鎮區湧豐里2鄰中豐路山頂段90巷31號,68,6801000,6801000-029,2鄰,中豐路山頂段,,90巷,,,,31號,121.210394122119,24.9019818597438
桃園市平鎮區湧豐里1鄰中豐路山頂段90巷32弄2之1號,68,6801000,6801000-029,1鄰,中豐路山頂段,,90巷,32弄,,,2之1號,121.210560440329,24.9021658057256
桃園市平鎮區湧豐里1鄰中豐路山頂段90巷32弄2號,68,6801000,6801000-029,1鄰,中豐路山頂段,,90巷,32弄,,,2號,121.210563776232,24.902206609664
桃園市平鎮區湧豐里1鄰中豐路山頂段90巷32弄6號,68,6801000,6801000-029,1鄰,中豐路山頂段,,90巷,32弄,,,6號,121.210577698697,24.9022442386983
桃園市平鎮區湧豐里2鄰中豐路山頂段90巷33號,68,6801000,6801000-029,2鄰,中豐路山頂段,,90巷,,,,33號,121.210346112115,24.9019819274408
桃園市平鎮區湧豐里1鄰中豐路山頂段90巷34號,68,6801000,6801000-029,1鄰,中豐路山頂段,,90巷,,,,34號,121.210445222885,24.9021699408156
桃園市平鎮區湧豐里2鄰中豐路山頂段90巷35號,68,6801000,6801000-029,2鄰,中豐路山頂段,,90巷,,,,35號,121.210296518275,24.9019819973549
桃園市平鎮區湧豐里1鄰中豐路山頂段90巷36號,68,6801000,6801000-029,1鄰,中豐路山頂段,,90巷,,,,36號,121.210407106589,24.9021669248995
桃園市平鎮區湧豐里2鄰中豐路山頂段90巷37號,68,6801000,6801000-029,2鄰,中豐路山頂段,,90巷,,,,37號,121.210250188648,24.9019806180985
桃園市平鎮區湧豐里1鄰中豐路山頂段90巷38號,68,6801000,6801000-029,1鄰,中豐路山頂段,,90巷,,,,38號,121.210354253815,24.9021716039447
桃園市平鎮區湧豐里2鄰中豐路山頂段90巷39號,68,6801000,6801000-029,2鄰,中豐路山頂段,,90巷,,,,39號,121.210197239251,24.9019866514932
桃園市平鎮區湧豐里1鄰中豐路山頂段90巷40號,68,6801000,6801000-029,1鄰,中豐路山頂段,,90巷,,,,40號,121.210291382408,24.9021641086698
桃園市平鎮區湧豐里2鄰中豐路山頂段90巷41號,68,6801000,6801000-029,2鄰,中豐路山頂段,,90巷,,,,41號,121.210147637765,24.9019822071376
桃園市平鎮區湧豐里1鄰中豐路山頂段90巷42號,68,6801000,6801000-029,1鄰,中豐路山頂段,,90巷,,,,42號,121.210249999605,24.9021611876024
桃園市平鎮區湧豐里1鄰中豐路山頂段90巷42之1號,68,6801000,6801000-029,1鄰,中豐路山頂段,,90巷,,,,42之1號,121.210201994577,24.9021642346387
桃園市平鎮區湧豐里1鄰中豐路山頂段90巷46號,68,6801000,6801000-029,1鄰,中豐路山頂段,,90巷,,,,46號,121.210157332269,24.9021537342582
桃園市平鎮區湧豐里2鄰中豐路山頂段92號,68,6801000,6801000-029,2鄰,中豐路山頂段,,,,,,92號,121.211290100151,24.9018192549163
桃園市平鎮區湧豐里2鄰中豐路山頂段94號,68,6801000,6801000-029,2鄰,中豐路山頂段,,,,,,94號,121.211276748249,24.9017679921617
桃園市平鎮區湧豐里2鄰中豐路山頂段96號,68,6801000,6801000-029,2鄰,中豐路山頂段,,,,,,96號,121.211265308818,24.901735325329
桃園市平鎮區湧豐里2鄰中豐路山頂段98號,68,6801000,6801000-029,2鄰,中豐路山頂段,,,,,,98號,121.211258604597,24.9016930816205
桃園市平鎮區湧豐里2鄰中豐路山頂段126號,68,6801000,6801000-029,2鄰,中豐路山頂段,,,,,,126號,121.210912392802,24.90114247411
桃園市平鎮區湧豐里2鄰中豐路山頂段126號地下一層,68,6801000,6801000-029,2鄰,中豐路山頂段,,,,,,126號地下一層,121.210912392802,24.90114247411
桃園市平鎮區湧豐里2鄰中豐路山頂段126號二樓,68,6801000,6801000-029,2鄰,中豐路山頂段,,,,,,126號二樓,121.210912392802,24.90114247411
桃園市平鎮區湧豐里2鄰中豐路山頂段126號四樓,68,6801000,6801000-029,2鄰,中豐路山頂段,,,,,,126號四樓,121.210912392802,24.90114247411
桃園市平鎮區湧豐里2鄰中豐路山頂段126號五樓,68,6801000,6801000-029,2鄰,中豐路山頂段,,,,,,126號五樓,121.210912392802,24.90114247411
桃園市平鎮區湧豐里2鄰中豐路山頂段126號六樓,68,6801000,6801000-029,2鄰,中豐路山頂段,,,,,,126號六樓,121.210912392802,24.90114247411
桃園市平鎮區湧豐里2鄰中豐路山頂段126號三樓,68,6801000,6801000-029,2鄰,中豐路山頂段,,,,,,126號三樓,121.210912392802,24.90114247411
桃園市平鎮區湧豐里2鄰中豐路山頂段128號,68,6801000,6801000-029,2鄰,中豐路山頂段,,,,,,128號,121.210800784244,24.9011726966258
桃園市平鎮區湧豐里2鄰中豐路山頂段128號三樓,68,6801000,6801000-029,2鄰,中豐路山頂段,,,,,,128號三樓,121.210800784244,24.9011726966258
桃園市平鎮區湧豐里2鄰中豐路山頂段128號二樓,68,6801000,6801000-029,2鄰,中豐路山頂段,,,,,,128號二樓,121.210800784244,24.9011726966258
桃園市平鎮區湧豐里2鄰中豐路山頂段130號,68,6801000,6801000-029,2鄰,中豐路山頂段,,,,,,130號,121.210992834657,24.9011210531988
桃園市平鎮區湧豐里2鄰中豐路山頂段132號,68,6801000,6801000-029,2鄰,中豐路山頂段,,,,,,132號,121.210596951889,24.9010481208419
桃園市平鎮區湧豐里2鄰中豐路山頂段136號,68,6801000,6801000-029,2鄰,中豐路山頂段,,,,,,136號,121.210959357661,24.9009936186429
桃園市平鎮區湧豐里2鄰中豐路山頂段136號二樓,68,6801000,6801000-029,2鄰,中豐路山頂段,,,,,,136號二樓,121.210959357661,24.9009936186429
桃園市平鎮區湧豐里2鄰中豐路山頂段136號三樓,68,6801000,6801000-029,2鄰,中豐路山頂段,,,,,,136號三樓,121.210959357661,24.9009936186429
桃園市平鎮區湧豐里2鄰中豐路山頂段136號四樓,68,6801000,6801000-029,2鄰,中豐路山頂段,,,,,,136號四樓,121.210959357661,24.9009936186429
桃園市平鎮區湧豐里2鄰中豐路山頂段136號五樓,68,6801000,6801000-029,2鄰,中豐路山頂段,,,,,,136號五樓,121.210959357661,24.9009936186429
桃園市平鎮區湧豐里2鄰中豐路山頂段136號六樓,68,6801000,6801000-029,2鄰,中豐路山頂段,,,,,,136號六樓,121.210959357661,24.9009936186429
桃園市平鎮區湧豐里2鄰中豐路山頂段136號七樓,68,6801000,6801000-029,2鄰,中豐路山頂段,,,,,,136號七樓,121.210959357661,24.9009936186429
桃園市平鎮區湧豐里2鄰中豐路山頂段150之3號,68,6801000,6801000-029,2鄰,中豐路山頂段,,,,,,150之3號,121.210988800453,24.9006695454684
桃園市平鎮區湧豐里2鄰中豐路山頂段150之2號,68,6801000,6801000-029,2鄰,中豐路山頂段,,,,,,150之2號,121.211009204104,24.9007347924024
桃園市平鎮區湧豐里2鄰中豐路山頂段150號,68,6801000,6801000-029,2鄰,中豐路山頂段,,,,,,150號,121.210870808243,24.9009040911852
桃園市平鎮區湧豐里2鄰中豐路山頂段150之1號,68,6801000,6801000-029,2鄰,中豐路山頂段,,,,,,150之1號,121.21102742158,24.9007950767703
桃園市平鎮區湧豐里2鄰中豐路山頂段156號,68,6801000,6801000-029,2鄰,中豐路山頂段,,,,,,156號,121.210797857258,24.9006150125961
桃園市平鎮區湧豐里2鄰中豐路山頂段156之1號,68,6801000,6801000-029,2鄰,中豐路山頂段,,,,,,156之1號,121.210776404516,24.9005148269597
桃園市平鎮區湧豐里2鄰中豐路山頂段156之2號,68,6801000,6801000-029,2鄰,中豐路山頂段,,,,,,156之2號,121.21078282074,24.9005624881826
桃園市平鎮區湧豐里2鄰中豐路山頂段156號三樓之1,68,6801000,6801000-029,2鄰,中豐路山頂段,,,,,,156號三樓之1,121.210797857258,24.9006150125961
桃園市平鎮區湧豐里2鄰中豐路山頂段156號二樓之1,68,6801000,6801000-029,2鄰,中豐路山頂段,,,,,,156號二樓之1,121.210797857258,24.9006150125961
桃園市平鎮區湧豐里2鄰中豐路山頂段156號二樓之2,68,6801000,6801000-029,2鄰,中豐路山頂段,,,,,,156號二樓之2,121.210797857258,24.9006150125961
桃園市平鎮區湧豐里2鄰中豐路山頂段156號三樓,68,6801000,6801000-029,2鄰,中豐路山頂段,,,,,,156號三樓,121.210797857258,24.9006150125961
桃園市平鎮區湧豐里2鄰中豐路山頂段156號二樓之3,68,6801000,6801000-029,2鄰,中豐路山頂段,,,,,,156號二樓之3,121.210797857258,24.9006150125961
桃園市平鎮區湧豐里2鄰中豐路山頂段156號二樓之5,68,6801000,6801000-029,2鄰,中豐路山頂段,,,,,,156號二樓之5,121.210797857258,24.9006150125961
桃園市平鎮區湧豐里2鄰中豐路山頂段158號,68,6801000,6801000-029,2鄰,中豐路山頂段,,,,,,158號,121.2108970191,24.9004255455806
桃園市平鎮區湧豐里2鄰中豐路山頂段160號,68,6801000,6801000-029,2鄰,中豐路山頂段,,,,,,160號,121.210887354324,24.9003885425408
桃園市平鎮區湧豐里2鄰中豐路山頂段162號,68,6801000,6801000-029,2鄰,中豐路山頂段,,,,,,162號,121.210878284404,24.9003520803671
桃園市平鎮區湧豐里2鄰中豐路山頂段164號,68,6801000,6801000-029,2鄰,中豐路山頂段,,,,,,164號,121.210869118722,24.9003175143055
桃園市平鎮區湧豐里2鄰中豐路山頂段166號,68,6801000,6801000-029,2鄰,中豐路山頂段,,,,,,166號,121.210860545289,24.9002819542751
桃園市平鎮區湧豐里2鄰中豐路山頂段168號,68,6801000,6801000-029,2鄰,中豐路山頂段,,,,,,168號,121.210851967106,24.9002435954269
桃園市平鎮區湧豐里2鄰中豐路山頂段170號,68,6801000,6801000-029,2鄰,中豐路山頂段,,,,,,170號,121.210843389542,24.9002055977156
桃園市平鎮區福林里14鄰中豐路山頂段171號,68,6801000,6801000-032,14鄰,中豐路山頂段,,,,,,171號,121.21119502863,24.9002243310074
桃園市平鎮區福林里14鄰中豐路山頂段173號,68,6801000,6801000-032,14鄰,中豐路山頂段,,,,,,173號,121.211190416023,24.900189577951
桃園市平鎮區福林里14鄰中豐路山頂段175號,68,6801000,6801000-032,14鄰,中豐路山頂段,,,,,,175號,121.211175107928,24.9001520412091
桃園市平鎮區福林里14鄰中豐路山頂段177號,68,6801000,6801000-032,14鄰,中豐路山頂段,,,,,,177號,121.211159799841,24.9001145044653
桃園市平鎮區福林里14鄰中豐路山頂段179號,68,6801000,6801000-032,14鄰,中豐路山頂段,,,,,,179號,121.211152109246,24.9000742484003
桃園市平鎮區福林里14鄰中豐路山頂段181號,68,6801000,6801000-032,14鄰,中豐路山頂段,,,,,,181號,121.211139862743,24.9000325542278
桃園市平鎮區福林里14鄰中豐路山頂段183號,68,6801000,6801000-032,14鄰,中豐路山頂段,,,,,,183號,121.211132167245,24.8999894090597
桃園市平鎮區福林里14鄰中豐路山頂段185號,68,6801000,6801000-032,14鄰,中豐路山頂段,,,,,,185號,121.211124590705,24.8999580007259
桃園市平鎮區福林里14鄰中豐路山頂段187之1號,68,6801000,6801000-032,14鄰,中豐路山頂段,,,,,,187之1號,121.211095370127,24.8998886131818
桃園市平鎮區福林里14鄰中豐路山頂段187號,68,6801000,6801000-032,14鄰,中豐路山頂段,,,,,,187號,121.211118888953,24.8999230686378
桃園市平鎮區福林里14鄰中豐路山頂段189號,68,6801000,6801000-032,14鄰,中豐路山頂段,,,,,,189號,121.211090749423,24.899849075046
桃園市平鎮區福林里14鄰中豐路山頂段191號,68,6801000,6801000-032,14鄰,中豐路山頂段,,,,,,191號,121.211084538927,24.8998060180579
桃園市平鎮區福林里14鄰中豐路山頂段193號,68,6801000,6801000-032,14鄰,中豐路山頂段,,,,,,193號,121.211078439092,24.8997698225456
桃園市平鎮區福林里14鄰中豐路山頂段195號,68,6801000,6801000-032,14鄰,中豐路山頂段,,,,,,195號,121.211067689285,24.8997350781653
桃園市平鎮區福林里14鄰中豐路山頂段197號,68,6801000,6801000-032,14鄰,中豐路山頂段,,,,,,197號,121.21105385904,24.8996933862239
桃園市平鎮區福林里14鄰中豐路山頂段197之1號,68,6801000,6801000-032,14鄰,中豐路山頂段,,,,,,197之1號,121.211038759002,24.8996617176726
桃園市平鎮區福林里14鄰中豐路山頂段199號,68,6801000,6801000-032,14鄰,中豐路山頂段,,,,,,199號,121.211024848206,24.8996308599993
桃園市平鎮區福林里14鄰中豐路山頂段201號,68,6801000,6801000-032,14鄰,中豐路山頂段,,,,,,201號,121.211003476037,24.8995780737078
桃園市平鎮區福林里15鄰中豐路山頂段205巷2弄20衖9號,68,6801000,6801000-032,15鄰,中豐路山頂段,,205巷,2弄,,,20衖9號,121.21158785677,24.8992035579789
桃園市平鎮區福林里15鄰中豐路山頂段205巷2弄20衖8號,68,6801000,6801000-032,15鄰,中豐路山頂段,,205巷,2弄,,,20衖8號,121.211362281792,24.8990978835187
桃園市平鎮區福林里15鄰中豐路山頂段205巷2弄20衖7號,68,6801000,6801000-032,15鄰,中豐路山頂段,,205巷,2弄,,,20衖7號,121.211598612985,24.8992420039852
桃園市平鎮區福林里15鄰中豐路山頂段205巷2弄20衖13號,68,6801000,6801000-032,15鄰,中豐路山頂段,,205巷,2弄,,,20衖13號,121.211552964748,24.8991171147617
桃園市平鎮區福林里15鄰中豐路山頂段205巷2弄20衖10號,68,6801000,6801000-032,15鄰,中豐路山頂段,,205巷,2弄,,,20衖10號,121.211351520129,24.8990561872546
桃園市平鎮區福林里15鄰中豐路山頂段205巷2弄20衖15號,68,6801000,6801000-032,15鄰,中豐路山頂段,,205巷,2弄,,,20衖15號,121.211537551074,24.8990756959612
桃園市平鎮區福林里15鄰中豐路山頂段205巷2弄20衖17號,68,6801000,6801000-032,15鄰,中豐路山頂段,,205巷,2弄,,,20衖17號,121.211518375122,24.8990338310691
桃園市平鎮區福林里15鄰中豐路山頂段205巷2弄20衖2號,68,6801000,6801000-032,15鄰,中豐路山頂段,,205巷,2弄,,,20衖2號,121.211388316468,24.8992146749727
桃園市平鎮區福林里15鄰中豐路山頂段205巷2弄20衖3號,68,6801000,6801000-032,15鄰,中豐路山頂段,,205巷,2弄,,,20衖3號,121.211639932031,24.8993241946952
桃園市平鎮區福林里15鄰中豐路山頂段205巷2弄20衖4號,68,6801000,6801000-032,15鄰,中豐路山頂段,,205巷,2弄,,,20衖4號,121.211376081813,24.8991799327159
桃園市平鎮區福林里15鄰中豐路山頂段205巷2弄20衖5號,68,6801000,6801000-032,15鄰,中豐路山頂段,,205巷,2弄,,,20衖5號,121.211621151186,24.8992818778344
桃園市平鎮區福林里15鄰中豐路山頂段205巷2弄20衖6號,68,6801000,6801000-032,15鄰,中豐路山頂段,,205巷,2弄,,,20衖6號,121.21136532721,24.8991423895372
桃園市平鎮區福林里15鄰中豐路山頂段205巷2弄1號,68,6801000,6801000-032,15鄰,中豐路山頂段,,205巷,2弄,,,1號,121.21140518054,24.8995264942501
桃園市平鎮區福林里15鄰中豐路山頂段205巷2弄2號,68,6801000,6801000-032,15鄰,中豐路山頂段,,205巷,2弄,,,2號,121.211277718179,24.8994302507943
桃園市平鎮區福林里15鄰中豐路山頂段205巷2弄3號,68,6801000,6801000-032,15鄰,中豐路山頂段,,205巷,2弄,,,3號,121.211451275755,24.8995070177322
桃園市平鎮區福林里15鄰中豐路山頂段205巷2弄6號,68,6801000,6801000-032,15鄰,中豐路山頂段,,205巷,2弄,,,6號,121.211342374031,24.8994400905364
桃園市平鎮區福林里15鄰中豐路山頂段205巷2弄7號,68,6801000,6801000-032,15鄰,中豐路山頂段,,205巷,2弄,,,7號,121.211536057145,24.8994769230535
桃園市平鎮區福林里15鄰中豐路山頂段205巷2弄8號,68,6801000,6801000-032,15鄰,中豐路山頂段,,205巷,2弄,,,8號,121.211384311589,24.8994205296435
桃園市平鎮區福林里15鄰中豐路山頂段205巷2弄9號,68,6801000,6801000-032,15鄰,中豐路山頂段,,205巷,2弄,,,9號,121.211580075273,24.8994584425718
桃園市平鎮區福林里15鄰中豐路山頂段205巷2弄10號,68,6801000,6801000-032,15鄰,中豐路山頂段,,205巷,2弄,,,10號,121.211440713171,24.89940790016
桃園市平鎮區福林里15鄰中豐路山頂段205巷2弄12號,68,6801000,6801000-032,15鄰,中豐路山頂段,,205巷,2弄,,,12號,121.211477498732,24.8993856380026
桃園市平鎮區福林里15鄰中豐路山頂段205巷2弄14號,68,6801000,6801000-032,15鄰,中豐路山頂段,,205巷,2弄,,,14號,121.211526867091,24.8993700390618
桃園市平鎮區福林里15鄰中豐路山頂段205巷2弄17號,68,6801000,6801000-032,15鄰,中豐路山頂段,,205巷,2弄,,,17號,121.211750186421,24.8994296712984
桃園市平鎮區福林里15鄰中豐路山頂段205巷4號,68,6801000,6801000-032,15鄰,中豐路山頂段,,205巷,,,,4號,121.211309891933,24.8995481169793
桃園市平鎮區福林里15鄰中豐路山頂段205巷6號,68,6801000,6801000-032,15鄰,中豐路山頂段,,205巷,,,,6號,121.211335681784,24.8995792286545
桃園市平鎮區福林里15鄰中豐路山頂段205巷8號,68,6801000,6801000-032,15鄰,中豐路山頂段,,205巷,,,,8號,121.211352863092,24.8996123387819
桃園市平鎮區福林里15鄰中豐路山頂段205巷12號,68,6801000,6801000-032,15鄰,中豐路山頂段,,205巷,,,,12號,121.211391398139,24.8996873107291
桃園市平鎮區福林里15鄰中豐路山頂段205巷14弄1號,68,6801000,6801000-032,15鄰,中豐路山頂段,,205巷,14弄,,,1號,121.211503553297,24.8996301821746
桃園市平鎮區福林里15鄰中豐路山頂段205巷14弄2號,68,6801000,6801000-032,15鄰,中豐路山頂段,,205巷,14弄,,,2號,121.211547799689,24.8997455935041
桃園市平鎮區福林里15鄰中豐路山頂段205巷14弄3號,68,6801000,6801000-032,15鄰,中豐路山頂段,,205巷,14弄,,,3號,121.211547659239,24.899605110799
桃園市平鎮區福林里15鄰中豐路山頂段205巷14弄4號,68,6801000,6801000-032,15鄰,中豐路山頂段,,205巷,14弄,,,4號,121.211611710475,24.8997247374062
桃園市平鎮區福林里15鄰中豐路山頂段205巷14弄5號,68,6801000,6801000-032,15鄰,中豐路山頂段,,205巷,14弄,,,5號,121.211605456414,24.899598167207
桃園市平鎮區福林里15鄰中豐路山頂段205巷14弄6號,68,6801000,6801000-032,15鄰,中豐路山頂段,,205巷,14弄,,,6號,121.211675604455,24.8996940402789
桃園市平鎮區福林里15鄰中豐路山頂段205巷14弄7號,68,6801000,6801000-032,15鄰,中豐路山頂段,,205巷,14弄,,,7號,121.211672459446,24.8995912105326
桃園市平鎮區福林里15鄰中豐路山頂段205巷14弄8號,68,6801000,6801000-032,15鄰,中豐路山頂段,,205巷,14弄,,,8號,121.211767111237,24.8996605051113
桃園市平鎮區福林里15鄰中豐路山頂段205巷16號,68,6801000,6801000-032,15鄰,中豐路山頂段,,205巷,,,,16號,121.211445759612,24.8997553986045
桃園市平鎮區福林里15鄰中豐路山頂段205巷18號,68,6801000,6801000-032,15鄰,中豐路山頂段,,205巷,,,,18號,121.211464136366,24.8997929309713
桃園市平鎮區福林里15鄰中豐路山頂段205巷19號,68,6801000,6801000-032,15鄰,中豐路山頂段,,205巷,,,,19號,121.211326658555,24.8998027862122
桃園市平鎮區福林里15鄰中豐路山頂段205巷22號,68,6801000,6801000-032,15鄰,中豐路山頂段,,205巷,,,,22號,121.211637851283,24.8998455011786
桃園市平鎮區福林里15鄰中豐路山頂段205巷24號,68,6801000,6801000-032,15鄰,中豐路山頂段,,205巷,,,,24號,121.211705097389,24.8998649072593
桃園市平鎮區福林里15鄰中豐路山頂段205巷26號,68,6801000,6801000-032,15鄰,中豐路山頂段,,205巷,,,,26號,121.211721887965,24.8999009972897
桃園市平鎮區福林里15鄰中豐路山頂段205巷28號,68,6801000,6801000-032,15鄰,中豐路山頂段,,205巷,,,,28號,121.211735720769,24.8999440434327
桃園市平鎮區福林里15鄰中豐路山頂段205巷30號,68,6801000,6801000-032,15鄰,中豐路山頂段,,205巷,,,,30號,121.211749454748,24.899987179999
桃園市平鎮區福林里15鄰中豐路山頂段205巷32號,68,6801000,6801000-032,15鄰,中豐路山頂段,,205巷,,,,32號,121.211780023497,24.900034265193
桃園市平鎮區福林里14鄰中豐路山頂段211號,68,6801000,6801000-032,14鄰,中豐路山頂段,,,,,,211號,121.211015401188,24.8994308025836
桃園市平鎮區福林里14鄰中豐路山頂段213號,68,6801000,6801000-032,14鄰,中豐路山頂段,,,,,,213號,121.211016906863,24.8993848455683
桃園市平鎮區福林里14鄰中豐路山頂段215號,68,6801000,6801000-032,14鄰,中豐路山頂段,,,,,,215號,121.21101833028,24.8993487296958
桃園市平鎮區福林里14鄰中豐路山頂段217號,68,6801000,6801000-032,14鄰,中豐路山頂段,,,,,,217號,121.211024398897,24.8993083638747
桃園市平鎮區福林里14鄰中豐路山頂段219號,68,6801000,6801000-032,14鄰,中豐路山頂段,,,,,,219號,121.211028989913,24.8992722435216
桃園市平鎮區福林里14鄰中豐路山頂段219之1號,68,6801000,6801000-032,14鄰,中豐路山頂段,,,,,,219之1號,121.211028989913,24.8992722435216
桃園市平鎮區福林里14鄰中豐路山頂段221號,68,6801000,6801000-032,14鄰,中豐路山頂段,,,,,,221號,121.211031898138,24.8992361255484
桃園市平鎮區福林里14鄰中豐路山頂段223號,68,6801000,6801000-032,14鄰,中豐路山頂段,,,,,,223號,121.211031829522,24.8991957684067
桃園市平鎮區福林里14鄰中豐路山頂段225號,68,6801000,6801000-032,14鄰,中豐路山頂段,,,,,,225號,121.211047087381,24.8991456388444
桃園市平鎮區福林里14鄰中豐路山頂段227號,68,6801000,6801000-032,14鄰,中豐路山頂段,,,,,,227號,121.211025649302,24.8991122638455
桃園市平鎮區福林里14鄰中豐路山頂段229號,68,6801000,6801000-032,14鄰,中豐路山頂段,,,,,,229號,121.211013313315,24.8990760771468
桃園市平鎮區福林里14鄰中豐路山頂段231號,68,6801000,6801000-032,14鄰,中豐路山頂段,,,,,,231號,121.211001083536,24.8990441336754
桃園市平鎮區福林里14鄰中豐路山頂段235號,68,6801000,6801000-032,14鄰,中豐路山頂段,,,,,,235號,121.211121270551,24.8989953905195
桃園市平鎮區福林里14鄰中豐路山頂段237號,68,6801000,6801000-032,14鄰,中豐路山頂段,,,,,,237號,121.211052836974,24.8989176619641
桃園市平鎮區福林里14鄰中豐路山頂段241號,68,6801000,6801000-032,14鄰,中豐路山頂段,,,,,,241號,121.211049117339,24.8988840813342
桃園市平鎮區福林里14鄰中豐路山頂段243號,68,6801000,6801000-032,14鄰,中豐路山頂段,,,,,,243號,121.211056673957,24.8988456093825
桃園市平鎮區福林里14鄰中豐路山頂段245號,68,6801000,6801000-032,14鄰,中豐路山頂段,,,,,,245號,121.211059870222,24.8988042544893
桃園市平鎮區福林里14鄰中豐路山頂段247號,68,6801000,6801000-032,14鄰,中豐路山頂段,,,,,,247號,121.211061466572,24.8987534219701
桃園市平鎮區福林里14鄰中豐路山頂段251巷1號,68,6801000,6801000-032,14鄰,中豐路山頂段,,251巷,,,,1號,121.211215477424,24.8988036731552
桃園市平鎮區福林里14鄰中豐路山頂段251巷2之1號,68,6801000,6801000-032,14鄰,中豐路山頂段,,251巷,,,,2之1號,121.211203584378,24.8986205927086
桃園市平鎮區福林里14鄰中豐路山頂段251巷3號,68,6801000,6801000-032,14鄰,中豐路山頂段,,251巷,,,,3號,121.211260376539,24.8988376469042
桃園市平鎮區福林里14鄰中豐路山頂段251巷5號,68,6801000,6801000-032,14鄰,中豐路山頂段,,251巷,,,,5號,121.211304353132,24.8988530233073
桃園市平鎮區福林里14鄰中豐路山頂段251巷6號,68,6801000,6801000-032,14鄰,中豐路山頂段,,251巷,,,,6號,121.211247553051,24.898631364623
桃園市平鎮區福林里14鄰中豐路山頂段251巷7號,68,6801000,6801000-032,14鄰,中豐路山頂段,,251巷,,,,7號,121.211365355997,24.8988686464327
桃園市平鎮區福林里14鄰中豐路山頂段251巷8號,68,6801000,6801000-032,14鄰,中豐路山頂段,,251巷,,,,8號,121.211296676894,24.8986467337415
桃園市平鎮區福林里14鄰中豐路山頂段251巷9號,68,6801000,6801000-032,14鄰,中豐路山頂段,,251巷,,,,9號,121.211411004786,24.8988777907942
桃園市平鎮區福林里14鄰中豐路山頂段251巷10號,68,6801000,6801000-032,14鄰,中豐路山頂段,,251巷,,,,10號,121.211337284175,24.8986599480752
桃園市平鎮區福林里14鄰中豐路山頂段251巷11號,68,6801000,6801000-032,14鄰,中豐路山頂段,,251巷,,,,11號,121.2114534783,24.8988824254091
桃園市平鎮區福林里14鄰中豐路山頂段251巷12號,68,6801000,6801000-032,14鄰,中豐路山頂段,,251巷,,,,12號,121.21137384837,24.898682196591
桃園市平鎮區福林里14鄰中豐路山頂段251巷13號,68,6801000,6801000-032,14鄰,中豐路山頂段,,251巷,,,,13號,121.211488741287,24.8988961889823
桃園市平鎮區福林里14鄰中豐路山頂段251巷14號,68,6801000,6801000-032,14鄰,中豐路山頂段,,251巷,,,,14號,121.211421284856,24.8986948595189
桃園市平鎮區福林里14鄰中豐路山頂段251巷15號,68,6801000,6801000-032,14鄰,中豐路山頂段,,251巷,,,,15號,121.211564664648,24.8988961716317
桃園市平鎮區福林里14鄰中豐路山頂段251巷16號,68,6801000,6801000-032,14鄰,中豐路山頂段,,251巷,,,,16號,121.211461893242,24.8987087058094
桃園市平鎮區福林里15鄰中豐路山頂段251巷17之1號,68,6801000,6801000-032,15鄰,中豐路山頂段,,251巷,,,,17之1號,121.211683206561,24.8989277836969
桃園市平鎮區福林里14鄰中豐路山頂段251巷17號,68,6801000,6801000-032,14鄰,中豐路山頂段,,251巷,,,,17號,121.211602183866,24.8989559771511
桃園市平鎮區福林里14鄰中豐路山頂段251巷17號二樓,68,6801000,6801000-032,14鄰,中豐路山頂段,,251巷,,,,17號二樓,121.211602183866,24.8989559771511
桃園市平鎮區福林里14鄰中豐路山頂段251巷18號,68,6801000,6801000-032,14鄰,中豐路山頂段,,251巷,,,,18號,121.211504173956,24.8987164103617
桃園市平鎮區福林里11鄰中豐路山頂段253號,68,6801000,6801000-032,11鄰,中豐路山頂段,,,,,,253號,121.211051587452,24.8986485251736
桃園市平鎮區福林里11鄰中豐路山頂段255號,68,6801000,6801000-032,11鄰,中豐路山頂段,,,,,,255號,121.211058237207,24.898600664899
桃園市平鎮區福林里11鄰中豐路山頂段259號,68,6801000,6801000-032,11鄰,中豐路山頂段,,,,,,259號,121.211067677628,24.8985639959739
桃園市平鎮區福林里11鄰中豐路山頂段261號,68,6801000,6801000-032,11鄰,中豐路山頂段,,,,,,261號,121.211070580147,24.8985245374723
桃園市平鎮區福林里11鄰中豐路山頂段263號,68,6801000,6801000-032,11鄰,中豐路山頂段,,,,,,263號,121.21107872682,24.8984838075666
桃園市平鎮區福林里11鄰中豐路山頂段265號,68,6801000,6801000-032,11鄰,中豐路山頂段,,,,,,265號,121.211086341091,24.8984210489565
桃園市平鎮區福林里11鄰中豐路山頂段267號,68,6801000,6801000-032,11鄰,中豐路山頂段,,,,,,267號,121.211078676308,24.8984541039852
桃園市平鎮區福林里11鄰中豐路山頂段269號,68,6801000,6801000-032,11鄰,中豐路山頂段,,,,,,269號,121.2110907261,24.8983802340867
桃園市平鎮區福林里11鄰中豐路山頂段271號,68,6801000,6801000-032,11鄰,中豐路山頂段,,,,,,271號,121.211087884763,24.8983392488705
桃園市平鎮區福林里11鄰中豐路山頂段273號,68,6801000,6801000-032,11鄰,中豐路山頂段,,,,,,273號,121.211091197804,24.8983083668295
桃園市平鎮區福林里11鄰中豐路山頂段275號,68,6801000,6801000-032,11鄰,中豐路山頂段,,,,,,275號,121.211107351173,24.8982610348133
桃園市平鎮區福林里11鄰中豐路山頂段277號,68,6801000,6801000-032,11鄰,中豐路山頂段,,,,,,277號,121.211112331318,24.8982209413772
桃園市平鎮區福林里11鄰中豐路山頂段279號,68,6801000,6801000-032,11鄰,中豐路山頂段,,,,,,279號,121.211152106234,24.8981522687519
桃園市平鎮區福林里11鄰中豐路山頂段281號,68,6801000,6801000-032,11鄰,中豐路山頂段,,,,,,281號,121.211158873341,24.8981152424635
桃園市平鎮區福林里11鄰中豐路山頂段285號,68,6801000,6801000-032,11鄰,中豐路山頂段,,,,,,285號,121.211178451715,24.898044702433
桃園市平鎮區福林里11鄰中豐路山頂段287號,68,6801000,6801000-032,11鄰,中豐路山頂段,,,,,,287號,121.21118343444,24.8980061438292
桃園市平鎮區莊敬里25鄰中豐路山頂段1巷2號,68,6801000,6801000-014,25鄰,中豐路山頂段,,1巷,,,,2號,121.212033717754,24.904314207989
桃園市平鎮區莊敬里25鄰中豐路山頂段1巷4號,68,6801000,6801000-014,25鄰,中豐路山頂段,,1巷,,,,4號,121.212042309089,24.9043598797776
桃園市平鎮區莊敬里25鄰中豐路山頂段1巷6號,68,6801000,6801000-014,25鄰,中豐路山頂段,,1巷,,,,6號,121.21205040069,24.9044027534537
桃園市平鎮區莊敬里25鄰中豐路山頂段1巷8號,68,6801000,6801000-014,25鄰,中豐路山頂段,,1巷,,,,8號,121.212058393922,24.9044459884072
桃園市平鎮區莊敬里25鄰中豐路山頂段1巷10號,68,6801000,6801000-014,25鄰,中豐路山頂段,,1巷,,,,10號,121.212066981265,24.9044893128
桃園市平鎮區莊敬里25鄰中豐路山頂段1巷20號,68,6801000,6801000-014,25鄰,中豐路山頂段,,1巷,,,,20號,121.212119694804,24.9046921975951
桃園市平鎮區莊敬里25鄰中豐路山頂段1巷22之1號,68,6801000,6801000-014,25鄰,中豐路山頂段,,1巷,,,,22之1號,121.212144589554,24.9047780228302
桃園市平鎮區莊敬里25鄰中豐路山頂段1巷22號,68,6801000,6801000-014,25鄰,中豐路山頂段,,1巷,,,,22號,121.212131645595,24.9047341629313
桃園市平鎮區莊敬里25鄰中豐路山頂段1巷28號,68,6801000,6801000-014,25鄰,中豐路山頂段,,1巷,,,,28號,121.21217126851,24.904865199791
桃園市平鎮區莊敬里25鄰中豐路山頂段1巷30號,68,6801000,6801000-014,25鄰,中豐路山頂段,,1巷,,,,30號,121.212183122658,24.9049085195281
桃園市平鎮區莊敬里25鄰中豐路山頂段1巷32號,68,6801000,6801000-014,25鄰,中豐路山頂段,,1巷,,,,32號,121.212316065109,24.9049639456793
桃園市平鎮區莊敬里25鄰中豐路山頂段1巷34號,68,6801000,6801000-014,25鄰,中豐路山頂段,,1巷,,,,34號,121.21219335336,24.9050444735482
桃園市平鎮區莊敬里25鄰中豐路山頂段1巷36號,68,6801000,6801000-014,25鄰,中豐路山頂段,,1巷,,,,36號,121.212209472535,24.9050926625824
桃園市平鎮區莊敬里25鄰中豐路山頂段1巷38號,68,6801000,6801000-014,25鄰,中豐路山頂段,,1巷,,,,38號,121.212222908124,24.905134535512
桃園市平鎮區莊敬里25鄰中豐路山頂段1巷40號,68,6801000,6801000-014,25鄰,中豐路山頂段,,1巷,,,,40號,121.212236238862,24.9051729777755
桃園市平鎮區莊敬里25鄰中豐路山頂段1巷41號,68,6801000,6801000-014,25鄰,中豐路山頂段,,1巷,,,,41號,121.212147000556,24.9053197268552
桃園市平鎮區莊敬里25鄰中豐路山頂段1巷41號二樓,68,6801000,6801000-014,25鄰,中豐路山頂段,,1巷,,,,41號二樓,121.212147000556,24.9053197268552
桃園市平鎮區莊敬里25鄰中豐路山頂段1巷41號三樓,68,6801000,6801000-014,25鄰,中豐路山頂段,,1巷,,,,41號三樓,121.212147000556,24.9053197268552
桃園市平鎮區莊敬里25鄰中豐路山頂段1巷42弄1號,68,6801000,6801000-014,25鄰,中豐路山頂段,,1巷,42弄,,,1號,121.212294698378,24.9053202390162
桃園市平鎮區莊敬里25鄰中豐路山頂段1巷42弄2號,68,6801000,6801000-014,25鄰,中豐路山頂段,,1巷,42弄,,,2號,121.212358010539,24.9051215228432
桃園市平鎮區莊敬里25鄰中豐路山頂段1巷42弄3號,68,6801000,6801000-014,25鄰,中豐路山頂段,,1巷,42弄,,,3號,121.212327516411,24.9052924749457
桃園市平鎮區莊敬里25鄰中豐路山頂段1巷42弄4號,68,6801000,6801000-014,25鄰,中豐路山頂段,,1巷,42弄,,,4號,121.212399923268,24.9050864327592
桃園市平鎮區莊敬里25鄰中豐路山頂段1巷42弄5號,68,6801000,6801000-014,25鄰,中豐路山頂段,,1巷,42弄,,,5號,121.212363399946,24.9052628105281
桃園市平鎮區莊敬里25鄰中豐路山頂段1巷42弄6號,68,6801000,6801000-014,25鄰,中豐路山頂段,,1巷,42弄,,,6號,121.212442231322,24.9050509809621
桃園市平鎮區莊敬里25鄰中豐路山頂段1巷42弄7號,68,6801000,6801000-014,25鄰,中豐路山頂段,,1巷,42弄,,,7號,121.212399875717,24.9052321521283
桃園市平鎮區莊敬里25鄰中豐路山頂段1巷42弄8號,68,6801000,6801000-014,25鄰,中豐路山頂段,,1巷,42弄,,,8號,121.212485132996,24.9050153477383
桃園市平鎮區莊敬里25鄰中豐路山頂段1巷42弄9號,68,6801000,6801000-014,25鄰,中豐路山頂段,,1巷,42弄,,,9號,121.212435264255,24.9052024883981
桃園市平鎮區莊敬里25鄰中豐路山頂段1巷42弄10號,68,6801000,6801000-014,25鄰,中豐路山頂段,,1巷,42弄,,,10號,121.212518446639,24.9049880343423
桃園市平鎮區莊敬里25鄰中豐路山頂段1巷42弄11號,68,6801000,6801000-014,25鄰,中豐路山頂段,,1巷,42弄,,,11號,121.212471247504,24.9051732752353
桃園市平鎮區莊敬里25鄰中豐路山頂段1巷42弄12號,68,6801000,6801000-014,25鄰,中豐路山頂段,,1巷,42弄,,,12號,121.21255067151,24.9049608127746
桃園市平鎮區莊敬里25鄰中豐路山頂段1巷42弄14號,68,6801000,6801000-014,25鄰,中豐路山頂段,,1巷,42弄,,,14號,121.21258714792,24.9049306057504
桃園市平鎮區莊敬里25鄰中豐路山頂段1巷42弄15號,68,6801000,6801000-014,25鄰,中豐路山頂段,,1巷,42弄,,,15號,121.212548745913,24.9051080696588
桃園市平鎮區莊敬里25鄰中豐路山頂段1巷42弄16號,68,6801000,6801000-014,25鄰,中豐路山頂段,,1巷,42弄,,,16號,121.21261986772,24.9049033834625
桃園市平鎮區莊敬里25鄰中豐路山頂段1巷42弄17號,68,6801000,6801000-014,25鄰,中豐路山頂段,,1巷,42弄,,,17號,121.212582056473,24.9050789505618
桃園市平鎮區莊敬里25鄰中豐路山頂段1巷42弄18號,68,6801000,6801000-014,25鄰,中豐路山頂段,,1巷,42弄,,,18號,121.212651993554,24.9048761620141
桃園市平鎮區莊敬里25鄰中豐路山頂段1巷42弄19號,68,6801000,6801000-014,25鄰,中豐路山頂段,,1巷,42弄,,,19號,121.212615272048,24.9050521789916
桃園市平鎮區莊敬里25鄰中豐路山頂段1巷42弄20號,68,6801000,6801000-014,25鄰,中豐路山頂段,,1巷,42弄,,,20號,121.212686888519,24.9048474017729
桃園市平鎮區莊敬里25鄰中豐路山頂段1巷42弄21號,68,6801000,6801000-014,25鄰,中豐路山頂段,,1巷,42弄,,,21號,121.212648485906,24.9050244142861
桃園市平鎮區莊敬里25鄰中豐路山頂段1巷42弄23號,68,6801000,6801000-014,25鄰,中豐路山頂段,,1巷,42弄,,,23號,121.212682292155,24.9049957458829
桃園市平鎮區莊敬里25鄰中豐路山頂段1巷42弄25號,68,6801000,6801000-014,25鄰,中豐路山頂段,,1巷,42弄,,,25號,121.212717187146,24.9049669856349
桃園市平鎮區莊敬里25鄰中豐路山頂段1巷42弄27號,68,6801000,6801000-014,25鄰,中豐路山頂段,,1巷,42弄,,,27號,121.212752081347,24.9049377739571
桃園市平鎮區莊敬里25鄰中豐路山頂段1巷43號,68,6801000,6801000-014,25鄰,中豐路山頂段,,1巷,,,,43號,121.212151830449,24.9053654942645
桃園市平鎮區莊敬里25鄰中豐路山頂段1巷43號二樓,68,6801000,6801000-014,25鄰,中豐路山頂段,,1巷,,,,43號二樓,121.212151830449,24.9053654942645
桃園市平鎮區莊敬里25鄰中豐路山頂段1巷43號三樓,68,6801000,6801000-014,25鄰,中豐路山頂段,,1巷,,,,43號三樓,121.212151830449,24.9053654942645
桃園市平鎮區莊敬里25鄰中豐路山頂段1巷45號,68,6801000,6801000-014,25鄰,中豐路山頂段,,1巷,,,,45號,121.21215715855,24.9054131569408
桃園市平鎮區莊敬里25鄰中豐路山頂段1巷45號二樓,68,6801000,6801000-014,25鄰,中豐路山頂段,,1巷,,,,45號二樓,121.21215715855,24.9054131569408
桃園市平鎮區莊敬里25鄰中豐路山頂段1巷45號三樓,68,6801000,6801000-014,25鄰,中豐路山頂段,,1巷,,,,45號三樓,121.21215715855,24.9054131569408
桃園市平鎮區莊敬里24鄰中豐路山頂段1巷46弄1號,68,6801000,6801000-014,24鄰,中豐路山頂段,,1巷,46弄,,,1號,121.212406230432,24.9055325198467
桃園市平鎮區莊敬里24鄰中豐路山頂段1巷46弄2號,68,6801000,6801000-014,24鄰,中豐路山頂段,,1巷,46弄,,,2號,121.21235767646,24.9054469089162
桃園市平鎮區莊敬里24鄰中豐路山頂段1巷46弄2之1號,68,6801000,6801000-014,24鄰,中豐路山頂段,,1巷,46弄,,,2之1號,121.212413921562,24.9053991585862
桃園市平鎮區莊敬里24鄰中豐路山頂段1巷46弄3號,68,6801000,6801000-014,24鄰,中豐路山頂段,,1巷,46弄,,,3號,121.212466234022,24.9054828681698
桃園市平鎮區莊敬里24鄰中豐路山頂段1巷46弄5號,68,6801000,6801000-014,24鄰,中豐路山頂段,,1巷,46弄,,,5號,121.212519910397,24.9054381008495
桃園市平鎮區莊敬里24鄰中豐路山頂段1巷46弄6號,68,6801000,6801000-014,24鄰,中豐路山頂段,,1巷,46弄,,,6號,121.212463842083,24.9053578274472
桃園市平鎮區莊敬里24鄰中豐路山頂段1巷46弄7號,68,6801000,6801000-014,24鄰,中豐路山頂段,,1巷,46弄,,,7號,121.212575170611,24.9053933312528
桃園市平鎮區莊敬里24鄰中豐路山頂段1巷46弄8號,68,6801000,6801000-014,24鄰,中豐路山頂段,,1巷,46弄,,,8號,121.212512673656,24.9053164978427
桃園市平鎮區莊敬里24鄰中豐路山頂段1巷46弄9號,68,6801000,6801000-014,24鄰,中豐路山頂段,,1巷,46弄,,,9號,121.212632601966,24.9053446763045
桃園市平鎮區莊敬里24鄰中豐路山頂段1巷46弄10號,68,6801000,6801000-014,24鄰,中豐路山頂段,,1巷,46弄,,,10號,121.212561505197,24.9052751682223
桃園市平鎮區莊敬里24鄰中豐路山頂段1巷46弄11號,68,6801000,6801000-014,24鄰,中豐路山頂段,,1巷,46弄,,,11號,121.212731159136,24.9052639116706
桃園市平鎮區莊敬里24鄰中豐路山頂段1巷46弄12號,68,6801000,6801000-014,24鄰,中豐路山頂段,,1巷,46弄,,,12號,121.212658181197,24.9051942257472
桃園市平鎮區莊敬里24鄰中豐路山頂段1巷46弄13號,68,6801000,6801000-014,24鄰,中豐路山頂段,,1巷,46弄,,,13號,121.212784737258,24.9052196861022
桃園市平鎮區莊敬里24鄰中豐路山頂段1巷46弄14號,68,6801000,6801000-014,24鄰,中豐路山頂段,,1巷,46弄,,,14號,121.21271077094,24.9051509044597
桃園市平鎮區莊敬里24鄰中豐路山頂段1巷46弄15號,68,6801000,6801000-014,24鄰,中豐路山頂段,,1巷,46弄,,,15號,121.212839007357,24.9051749178198
桃園市平鎮區莊敬里24鄰中豐路山頂段1巷46弄16號,68,6801000,6801000-014,24鄰,中豐路山頂段,,1巷,46弄,,,16號,121.212761678708,24.9051081272598
桃園市平鎮區莊敬里24鄰中豐路山頂段1巷46弄17號,68,6801000,6801000-014,24鄰,中豐路山頂段,,1巷,46弄,,,17號,121.212882996324,24.9051383800855
桃園市平鎮區莊敬里24鄰中豐路山頂段1巷46弄18號,68,6801000,6801000-014,24鄰,中豐路山頂段,,1巷,46弄,,,18號,121.212815354815,24.9050633598327
桃園市平鎮區莊敬里24鄰中豐路山頂段1巷46弄19號,68,6801000,6801000-014,24鄰,中豐路山頂段,,1巷,46弄,,,19號,121.212919075806,24.90510763184
桃園市平鎮區莊敬里25鄰中豐路山頂段1巷47號,68,6801000,6801000-014,25鄰,中豐路山頂段,,1巷,,,,47號,121.212161397892,24.9054609114496
桃園市平鎮區莊敬里25鄰中豐路山頂段1巷47號二樓,68,6801000,6801000-014,25鄰,中豐路山頂段,,1巷,,,,47號二樓,121.212161397892,24.9054609114496
桃園市平鎮區莊敬里25鄰中豐路山頂段1巷47號三樓,68,6801000,6801000-014,25鄰,中豐路山頂段,,1巷,,,,47號三樓,121.212161397892,24.9054609114496
桃園市平鎮區莊敬里24鄰中豐路山頂段1巷48弄1號,68,6801000,6801000-014,24鄰,中豐路山頂段,,1巷,48弄,,,1號,121.212527470185,24.9057483078537
桃園市平鎮區莊敬里24鄰中豐路山頂段1巷48弄2號,68,6801000,6801000-014,24鄰,中豐路山頂段,,1巷,48弄,,,2號,121.212460475126,24.9056462011557
桃園市平鎮區莊敬里24鄰中豐路山頂段1巷48弄3號,68,6801000,6801000-014,24鄰,中豐路山頂段,,1巷,48弄,,,3號,121.212592910072,24.9056937730155
桃園市平鎮區莊敬里24鄰中豐路山頂段1巷48弄4號,68,6801000,6801000-014,24鄰,中豐路山頂段,,1巷,48弄,,,4號,121.212496456177,24.9056156337225
桃園市平鎮區莊敬里24鄰中豐路山頂段1巷48弄5號,68,6801000,6801000-014,24鄰,中豐路山頂段,,1巷,48弄,,,5號,121.212645993464,24.9056495482032
桃園市平鎮區莊敬里24鄰中豐路山頂段1巷48弄6號,68,6801000,6801000-014,24鄰,中豐路山頂段,,1巷,48弄,,,6號,121.212529670985,24.9055883204661
桃園市平鎮區莊敬里24鄰中豐路山頂段1巷48弄7號,68,6801000,6801000-014,24鄰,中豐路山頂段,,1巷,48弄,,,7號,121.212681382061,24.9056198844159
桃園市平鎮區莊敬里24鄰中豐路山頂段1巷48弄8號,68,6801000,6801000-014,24鄰,中豐路山頂段,,1巷,48弄,,,8號,121.212560807863,24.9055615518706
桃園市平鎮區莊敬里24鄰中豐路山頂段1巷48弄9號,68,6801000,6801000-014,24鄰,中豐路山頂段,,1巷,48弄,,,9號,121.212714101093,24.9055921204027
桃園市平鎮區莊敬里24鄰中豐路山頂段1巷48弄10號,68,6801000,6801000-014,24鄰,中豐路山頂段,,1巷,48弄,,,10號,121.212595702422,24.9055324305146
桃園市平鎮區莊敬里24鄰中豐路山頂段1巷48弄11號,68,6801000,6801000-014,24鄰,中豐路山頂段,,1巷,48弄,,,11號,121.212747414065,24.9055643555352
桃園市平鎮區莊敬里24鄰中豐路山頂段1巷48弄12號,68,6801000,6801000-014,24鄰,中豐路山頂段,,1巷,48弄,,,12號,121.212626246864,24.9055065655953
桃園市平鎮區莊敬里24鄰中豐路山頂段1巷48弄13號,68,6801000,6801000-014,24鄰,中豐路山頂段,,1巷,48弄,,,13號,121.212781123147,24.9055366803798
桃園市平鎮區莊敬里24鄰中豐路山頂段1巷48弄14號,68,6801000,6801000-014,24鄰,中豐路山頂段,,1巷,48弄,,,14號,121.212660052475,24.9054774457764
桃園市平鎮區莊敬里24鄰中豐路山頂段1巷48弄15號,68,6801000,6801000-014,24鄰,中豐路山頂段,,1巷,48弄,,,15號,121.212814434386,24.9055079223695
桃園市平鎮區莊敬里24鄰中豐路山頂段1巷48弄16號,68,6801000,6801000-014,24鄰,中豐路山頂段,,1巷,48弄,,,16號,121.212693365428,24.9054496809206
桃園市平鎮區莊敬里24鄰中豐路山頂段1巷48弄17號,68,6801000,6801000-014,24鄰,中豐路山頂段,,1巷,48弄,,,17號,121.212888967695,24.9054454293861
桃園市平鎮區莊敬里24鄰中豐路山頂段1巷48弄18號,68,6801000,6801000-014,24鄰,中豐路山頂段,,1巷,48弄,,,18號,121.212724404018,24.9054233638538
桃園市平鎮區莊敬里24鄰中豐路山頂段1巷48弄19號,68,6801000,6801000-014,24鄰,中豐路山頂段,,1巷,48弄,,,19號,121.212920106163,24.9054196538436
桃園市平鎮區莊敬里24鄰中豐路山頂段1巷48弄20號,68,6801000,6801000-014,24鄰,中豐路山頂段,,1巷,48弄,,,20號,121.212801112212,24.9053591524054
桃園市平鎮區莊敬里24鄰中豐路山頂段1巷48弄21號,68,6801000,6801000-014,24鄰,中豐路山頂段,,1巷,48弄,,,21號,121.212954408967,24.905391887517
桃園市平鎮區莊敬里24鄰中豐路山頂段1巷48弄22號,68,6801000,6801000-014,24鄰,中豐路山頂段,,1巷,48弄,,,22號,121.21283284138,24.9053314800622
桃園市平鎮區莊敬里24鄰中豐路山頂段1巷48弄23號,68,6801000,6801000-014,24鄰,中豐路山頂段,,1巷,48弄,,,23號,121.212986040666,24.9053651181263
桃園市平鎮區莊敬里24鄰中豐路山頂段1巷48弄24號,68,6801000,6801000-014,24鄰,中豐路山頂段,,1巷,48弄,,,24號,121.212864473864,24.9053051621188
桃園市平鎮區莊敬里24鄰中豐路山頂段1巷48弄25號,68,6801000,6801000-014,24鄰,中豐路山頂段,,1巷,48弄,,,25號,121.213021527318,24.9053350026952
桃園市平鎮區莊敬里24鄰中豐路山頂段1巷48弄26號,68,6801000,6801000-014,24鄰,中豐路山頂段,,1巷,48弄,,,26號,121.212897688663,24.9052779390648
桃園市平鎮區莊敬里24鄰中豐路山頂段1巷48弄28號,68,6801000,6801000-014,24鄰,中豐路山頂段,,1巷,48弄,,,28號,121.212935743999,24.905244840597
桃園市平鎮區莊敬里25鄰中豐路山頂段1巷49號,68,6801000,6801000-014,25鄰,中豐路山頂段,,1巷,,,,49號,121.212168009507,24.9055065860389
桃園市平鎮區莊敬里26鄰中豐路山頂段1巷50弄1號,68,6801000,6801000-014,26鄰,中豐路山頂段,,1巷,50弄,,,1號,121.212695374635,24.9059288182466
桃園市平鎮區莊敬里26鄰中豐路山頂段1巷50弄3號,68,6801000,6801000-014,26鄰,中豐路山頂段,,1巷,50弄,,,3號,121.212725919308,24.9059030435921
桃園市平鎮區莊敬里26鄰中豐路山頂段1巷50弄5號,68,6801000,6801000-014,26鄰,中豐路山頂段,,1巷,50弄,,,5號,121.212761900212,24.9058723858116
桃園市平鎮區莊敬里26鄰中豐路山頂段1巷50弄6號,68,6801000,6801000-014,26鄰,中豐路山頂段,,1巷,50弄,,,6號,121.212736053664,24.9057514413571
桃園市平鎮區莊敬里26鄰中豐路山頂段1巷50弄7號,68,6801000,6801000-014,26鄰,中豐路山頂段,,1巷,50弄,,,7號,121.212793533777,24.9058466095901
桃園市平鎮區莊敬里26鄰中豐路山頂段1巷50弄8號,68,6801000,6801000-014,26鄰,中豐路山頂段,,1巷,50弄,,,8號,121.212776287026,24.9057183398251
桃園市平鎮區莊敬里26鄰中豐路山頂段1巷50弄9號,68,6801000,6801000-014,26鄰,中豐路山頂段,,1巷,50弄,,,9號,121.212826747807,24.9058188448468
桃園市平鎮區莊敬里26鄰中豐路山頂段1巷50弄10號,68,6801000,6801000-014,26鄰,中豐路山頂段,,1巷,50弄,,,10號,121.212808511254,24.9056906667818
桃園市平鎮區莊敬里26鄰中豐路山頂段1巷50弄11號,68,6801000,6801000-014,26鄰,中豐路山頂段,,1巷,50弄,,,11號,121.212859467787,24.9057916225083
桃園市平鎮區莊敬里26鄰中豐路山頂段1巷50弄12號,68,6801000,6801000-014,26鄰,中豐路山頂段,,1巷,50弄,,,12號,121.212843406874,24.9056621773589
桃園市平鎮區莊敬里26鄰中豐路山頂段1巷50弄13號,68,6801000,6801000-014,26鄰,中豐路山頂段,,1巷,50弄,,,13號,121.212891693564,24.9057648522908
桃園市平鎮區莊敬里26鄰中豐路山頂段1巷50弄14號,68,6801000,6801000-014,26鄰,中豐路山頂段,,1巷,50弄,,,14號,121.212876621308,24.9056346834572
桃園市平鎮區莊敬里26鄰中豐路山頂段1巷50弄15號,68,6801000,6801000-014,26鄰,中豐路山頂段,,1巷,50弄,,,15號,121.21292381956,24.9057376307858
桃園市平鎮區莊敬里26鄰中豐路山頂段1巷50弄16號,68,6801000,6801000-014,26鄰,中豐路山頂段,,1巷,50弄,,,16號,121.212911515657,24.9056054717437
桃園市平鎮區莊敬里26鄰中豐路山頂段1巷50弄17號,68,6801000,6801000-014,26鄰,中豐路山頂段,,1巷,50弄,,,17號,121.212956045309,24.9057108605544
桃園市平鎮區莊敬里26鄰中豐路山頂段1巷50弄18號,68,6801000,6801000-014,26鄰,中豐路山頂段,,1巷,50弄,,,18號,121.212988125958,24.9055418923323
桃園市平鎮區莊敬里26鄰中豐路山頂段1巷50弄19號,68,6801000,6801000-014,26鄰,中豐路山頂段,,1巷,50弄,,,19號,121.212990940435,24.9056821002442
桃園市平鎮區莊敬里26鄰中豐路山頂段1巷50弄20號,68,6801000,6801000-014,26鄰,中豐路山頂段,,1巷,50弄,,,20號,121.213020251875,24.9055146708063
桃園市平鎮區莊敬里26鄰中豐路山頂段1巷50弄21號,68,6801000,6801000-014,26鄰,中豐路山頂段,,1巷,50弄,,,21號,121.213065078563,24.9056200591612
桃園市平鎮區莊敬里26鄰中豐路山頂段1巷50弄22號,68,6801000,6801000-014,26鄰,中豐路山頂段,,1巷,50弄,,,22號,121.213052972508,24.9054878998468
桃園市平鎮區莊敬里26鄰中豐路山頂段1巷50弄23號,68,6801000,6801000-014,26鄰,中豐路山頂段,,1巷,50弄,,,23號,121.213101061937,24.9055909361327
桃園市平鎮區莊敬里26鄰中豐路山頂段1巷50弄24號,68,6801000,6801000-014,26鄰,中豐路山頂段,,1巷,50弄,,,24號,121.213085693127,24.9054611288802
桃園市平鎮區莊敬里26鄰中豐路山頂段1巷50弄25號,68,6801000,6801000-014,26鄰,中豐路山頂段,,1巷,50弄,,,25號,121.213133780866,24.905563172028
桃園市平鎮區莊敬里26鄰中豐路山頂段1巷50弄26號,68,6801000,6801000-014,26鄰,中豐路山頂段,,1巷,50弄,,,26號,121.213120587378,24.9054319171177
桃園市平鎮區莊敬里26鄰中豐路山頂段1巷50弄27號,68,6801000,6801000-014,26鄰,中豐路山頂段,,1巷,50弄,,,27號,121.213167488931,24.9055349550798
桃園市平鎮區莊敬里26鄰中豐路山頂段1巷50弄28號,68,6801000,6801000-014,26鄰,中豐路山頂段,,1巷,50弄,,,28號,121.213152219051,24.9054051476921
桃園市平鎮區莊敬里26鄰中豐路山頂段1巷50弄29號,68,6801000,6801000-014,26鄰,中豐路山頂段,,1巷,50弄,,,29號,121.213201296748,24.9055071894042
桃園市平鎮區莊敬里26鄰中豐路山頂段1巷50弄30號,68,6801000,6801000-014,26鄰,中豐路山頂段,,1巷,50弄,,,30號,121.213184346292,24.9053787386899
桃園市平鎮區莊敬里26鄰中豐路山頂段1巷50弄31號,68,6801000,6801000-014,26鄰,中豐路山頂段,,1巷,50弄,,,31號,121.213235696022,24.9054779783225
桃園市平鎮區莊敬里26鄰中豐路山頂段1巷50弄32號,68,6801000,6801000-014,26鄰,中豐路山頂段,,1巷,50弄,,,32號,121.213218054295,24.90535052173
桃園市平鎮區莊敬里26鄰中豐路山頂段1巷50弄33號,68,6801000,6801000-014,26鄰,中豐路山頂段,,1巷,50弄,,,33號,121.213268911716,24.9054512968928
桃園市平鎮區莊敬里26鄰中豐路山頂段1巷50弄34號,68,6801000,6801000-014,26鄰,中豐路山頂段,,1巷,50弄,,,34號,121.213134118591,24.905298728048
桃園市平鎮區莊敬里26鄰中豐路山頂段1巷50弄35號,68,6801000,6801000-014,26鄰,中豐路山頂段,,1巷,50弄,,,35號,121.213302719488,24.9054235311942
桃園市平鎮區莊敬里26鄰中豐路山頂段1巷50弄36號,68,6801000,6801000-014,26鄰,中豐路山頂段,,1巷,50弄,,,36號,121.213106749882,24.905271501208
桃園市平鎮區莊敬里26鄰中豐路山頂段1巷50弄37號,68,6801000,6801000-014,26鄰,中豐路山頂段,,1巷,50弄,,,37號,121.213355309101,24.9053802096816
桃園市平鎮區莊敬里25鄰中豐路山頂段1巷51號,68,6801000,6801000-014,25鄰,中豐路山頂段,,1巷,,,,51號,121.212171253065,24.9055509111495
桃園市平鎮區莊敬里28鄰中豐路山頂段1巷52弄1號,68,6801000,6801000-014,28鄰,中豐路山頂段,,1巷,52弄,,,1號,121.21286634464,24.9061071572397
桃園市平鎮區莊敬里28鄰中豐路山頂段1巷52弄2號,68,6801000,6801000-014,28鄰,中豐路山頂段,,1巷,52弄,,,2號,121.212797015858,24.9060298822847
桃園市平鎮區莊敬里28鄰中豐路山頂段1巷52弄3號,68,6801000,6801000-014,28鄰,中豐路山頂段,,1巷,52弄,,,3號,121.212902821617,24.9060771307099
桃園市平鎮區莊敬里28鄰中豐路山頂段1巷52弄4號,68,6801000,6801000-014,28鄰,中豐路山頂段,,1巷,52弄,,,4號,121.212829141942,24.9060026608005
桃園市平鎮區莊敬里28鄰中豐路山頂段1巷52弄5號,68,6801000,6801000-014,28鄰,中豐路山頂段,,1巷,52弄,,,5號,121.212936826697,24.9060488231063
桃園市平鎮區莊敬里28鄰中豐路山頂段1巷52弄6號,68,6801000,6801000-014,28鄰,中豐路山頂段,,1巷,52弄,,,6號,121.212862949188,24.9059744437803
桃園市平鎮區莊敬里28鄰中豐路山頂段1巷52弄7號,68,6801000,6801000-014,28鄰,中豐路山頂段,,1巷,52弄,,,7號,121.212968557714,24.9060221438636
桃園市平鎮區莊敬里28鄰中豐路山頂段1巷52弄8號,68,6801000,6801000-014,28鄰,中豐路山頂段,,1巷,52弄,,,8號,121.212895272145,24.905946590009
桃園市平鎮區莊敬里28鄰中豐路山頂段1巷52弄9號,68,6801000,6801000-014,28鄰,中豐路山頂段,,1巷,52弄,,,9號,121.213002266715,24.9059943783752
桃園市平鎮區莊敬里28鄰中豐路山頂段1巷52弄10號,68,6801000,6801000-014,28鄰,中豐路山頂段,,1巷,52弄,,,10號,121.212926903068,24.9059192789258
桃園市平鎮區莊敬里28鄰中豐路山頂段1巷52弄11號,68,6801000,6801000-014,28鄰,中豐路山頂段,,1巷,52弄,,,11號,121.213034986702,24.9059671559988
桃園市平鎮區莊敬里28鄰中豐路山頂段1巷52弄12號,68,6801000,6801000-014,28鄰,中豐路山頂段,,1巷,52弄,,,12號,121.212958634829,24.9058930511067
桃園市平鎮區莊敬里28鄰中豐路山頂段1巷52弄13號,68,6801000,6801000-014,28鄰,中豐路山頂段,,1巷,52弄,,,13號,121.213066715817,24.9059393933231
桃園市平鎮區莊敬里28鄰中豐路山頂段1巷52弄14號,68,6801000,6801000-014,28鄰,中豐路山頂段,,1巷,52弄,,,14號,121.212992936979,24.9058648333504
桃園市平鎮區莊敬里28鄰中豐路山頂段1巷52弄15號,68,6801000,6801000-014,28鄰,中豐路山頂段,,1巷,52弄,,,15號,121.213102600134,24.9059101801519
桃園市平鎮區莊敬里28鄰中豐路山頂段1巷52弄16號,68,6801000,6801000-014,28鄰,中豐路山頂段,,1巷,52弄,,,16號,121.213024568789,24.9058380639525
桃園市平鎮區莊敬里28鄰中豐路山頂段1巷52弄17號,68,6801000,6801000-014,28鄰,中豐路山頂段,,1巷,52弄,,,17號,121.213134231157,24.9058829593093
桃園市平鎮區莊敬里28鄰中豐路山頂段1巷52弄18號,68,6801000,6801000-014,28鄰,中豐路山頂段,,1巷,52弄,,,18號,121.213057879277,24.9058088544672
桃園市平鎮區莊敬里28鄰中豐路山頂段1巷52弄19號,68,6801000,6801000-014,28鄰,中豐路山頂段,,1巷,52弄,,,19號,121.213167544112,24.9058551943492
桃園市平鎮區莊敬里28鄰中豐路山頂段1巷52弄20號,68,6801000,6801000-014,28鄰,中豐路山頂段,,1巷,52弄,,,20號,121.213091587425,24.9057806375365
桃園市平鎮區莊敬里26鄰中豐路山頂段1巷52弄21號,68,6801000,6801000-014,26鄰,中豐路山頂段,,1巷,52弄,,,21號,121.213245438856,24.9057901684192
桃園市平鎮區莊敬里26鄰中豐路山頂段1巷52弄22號,68,6801000,6801000-014,26鄰,中豐路山頂段,,1巷,52弄,,,22號,121.213165429513,24.9057191385347
桃園市平鎮區莊敬里26鄰中豐路山頂段1巷52弄23號,68,6801000,6801000-014,26鄰,中豐路山頂段,,1巷,52弄,,,23號,121.213280332386,24.9057605051986
桃園市平鎮區莊敬里26鄰中豐路山頂段1巷52弄24號,68,6801000,6801000-014,26鄰,中豐路山頂段,,1巷,52弄,,,24號,121.213200816609,24.905688662066
桃園市平鎮區莊敬里26鄰中豐路山頂段1巷52弄25號,68,6801000,6801000-014,26鄰,中豐路山頂段,,1巷,52弄,,,25號,121.213317302106,24.9057293041633
桃園市平鎮區莊敬里26鄰中豐路山頂段1巷52弄26號,68,6801000,6801000-014,26鄰,中豐路山頂段,,1巷,52弄,,,26號,121.213235116165,24.9056589997046
桃園市平鎮區莊敬里26鄰中豐路山頂段1巷52弄27號,68,6801000,6801000-014,26鄰,中豐路山頂段,,1巷,52弄,,,27號,121.21335328452,24.9056996393685
桃園市平鎮區莊敬里26鄰中豐路山頂段1巷52弄28號,68,6801000,6801000-014,26鄰,中豐路山頂段,,1巷,52弄,,,28號,121.213268923224,24.9056307825923
桃園市平鎮區莊敬里26鄰中豐路山頂段1巷52弄29號,68,6801000,6801000-014,26鄰,中豐路山頂段,,1巷,52弄,,,29號,121.213390255912,24.9056694314429
桃園市平鎮區莊敬里26鄰中豐路山頂段1巷52弄30號,68,6801000,6801000-014,26鄰,中豐路山頂段,,1巷,52弄,,,30號,121.213302136313,24.9056025663217
桃園市平鎮區莊敬里26鄰中豐路山頂段1巷52弄31號,68,6801000,6801000-014,26鄰,中豐路山頂段,,1巷,52弄,,,31號,121.213425742552,24.9056393159169
桃園市平鎮區莊敬里26鄰中豐路山頂段1巷52弄32號,68,6801000,6801000-014,26鄰,中豐路山頂段,,1巷,52弄,,,32號,121.213333867914,24.9055763384227
桃園市平鎮區莊敬里26鄰中豐路山頂段1巷52弄33號,68,6801000,6801000-014,26鄰,中豐路山頂段,,1巷,52弄,,,33號,121.213462713132,24.9056086565516
桃園市平鎮區莊敬里26鄰中豐路山頂段1巷52弄34號,68,6801000,6801000-014,26鄰,中豐路山頂段,,1巷,52弄,,,34號,121.213367673997,24.905547579582
桃園市平鎮區莊敬里26鄰中豐路山頂段1巷52弄35號,68,6801000,6801000-014,26鄰,中豐路山頂段,,1巷,52弄,,,35號,121.213500276871,24.9055775449054
桃園市平鎮區莊敬里26鄰中豐路山頂段1巷52弄36號,68,6801000,6801000-014,26鄰,中豐路山頂段,,1巷,52弄,,,36號,121.213400886265,24.9055189118676
桃園市平鎮區莊敬里26鄰中豐路山頂段1巷52弄37號,68,6801000,6801000-014,26鄰,中豐路山頂段,,1巷,52弄,,,37號,121.213536750742,24.9055458931023
桃園市平鎮區莊敬里26鄰中豐路山頂段1巷52弄38號,68,6801000,6801000-014,26鄰,中豐路山頂段,,1巷,52弄,,,38號,121.213434692317,24.9054901530117
桃園市平鎮區莊敬里26鄰中豐路山頂段1巷52弄39號,68,6801000,6801000-014,26鄰,中豐路山頂段,,1巷,52弄,,,39號,121.213571250494,24.9055175846456
桃園市平鎮區莊敬里26鄰中豐路山頂段1巷52弄40號,68,6801000,6801000-014,26鄰,中豐路山頂段,,1巷,52弄,,,40號,121.213479769358,24.9054531621237
桃園市平鎮區莊敬里25鄰中豐路山頂段1巷53號,68,6801000,6801000-014,25鄰,中豐路山頂段,,1巷,,,,53號,121.212173900046,24.9055937022705
桃園市平鎮區莊敬里25鄰中豐路山頂段1巷55號,68,6801000,6801000-014,25鄰,中豐路山頂段,,1巷,,,,55號,121.212176847557,24.9056385695088
桃園市平鎮區莊敬里28鄰中豐路山頂段1巷56弄1號,68,6801000,6801000-014,28鄰,中豐路山頂段,,1巷,56弄,,,1號,121.213013304913,24.906311803123
桃園市平鎮區莊敬里28鄰中豐路山頂段1巷56弄2號,68,6801000,6801000-014,28鄰,中豐路山頂段,,1巷,56弄,,,2號,121.212968489481,24.9062130958046
桃園市平鎮區莊敬里28鄰中豐路山頂段1巷56弄3號,68,6801000,6801000-014,28鄰,中豐路山頂段,,1巷,56弄,,,3號,121.21304760639,24.9062831339334
桃園市平鎮區莊敬里28鄰中豐路山頂段1巷56弄4號,68,6801000,6801000-014,28鄰,中豐路山頂段,,1巷,56弄,,,4號,121.213000715343,24.9061863255644
桃園市平鎮區莊敬里28鄰中豐路山頂段1巷56弄5號,68,6801000,6801000-014,28鄰,中豐路山頂段,,1巷,56弄,,,5號,121.213080921177,24.9062563621209
桃園市平鎮區莊敬里28鄰中豐路山頂段1巷56弄6號,68,6801000,6801000-014,28鄰,中豐路山頂段,,1巷,56弄,,,6號,121.213035610747,24.9061576555292
桃園市平鎮區莊敬里28鄰中豐路山頂段1巷56弄7號,68,6801000,6801000-014,28鄰,中豐路山頂段,,1巷,56弄,,,7號,121.213114827272,24.9062280546188
桃園市平鎮區莊敬里28鄰中豐路山頂段1巷56弄8號,68,6801000,6801000-014,28鄰,中豐路山頂段,,1巷,56弄,,,8號,121.213068824805,24.9061298907329
桃園市平鎮區莊敬里28鄰中豐路山頂段1巷56弄9號,68,6801000,6801000-014,28鄰,中豐路山頂段,,1巷,56弄,,,9號,121.213151798878,24.906197846753
桃園市平鎮區莊敬里28鄰中豐路山頂段1巷56弄10號,68,6801000,6801000-014,28鄰,中豐路山頂段,,1巷,56弄,,,10號,121.2131026311,24.9061011319529
桃園市平鎮區莊敬里28鄰中豐路山頂段1巷56弄11號,68,6801000,6801000-014,28鄰,中豐路山頂段,,1巷,56弄,,,11號,121.213186199286,24.90616917739
桃園市平鎮區莊敬里28鄰中豐路山頂段1巷56弄12號,68,6801000,6801000-014,28鄰,中豐路山頂段,,1巷,56弄,,,12號,121.213138021421,24.9060724611866
桃園市平鎮區莊敬里28鄰中豐路山頂段1巷56弄13號,68,6801000,6801000-014,28鄰,中豐路山頂段,,1巷,56弄,,,13號,121.213218918347,24.9061414132679
桃園市平鎮區莊敬里28鄰中豐路山頂段1巷56弄14號,68,6801000,6801000-014,28鄰,中豐路山頂段,,1巷,56弄,,,14號,121.21317024814,24.9060462326159
桃園市平鎮區莊敬里28鄰中豐路山頂段1巷56弄15號,68,6801000,6801000-014,28鄰,中豐路山頂段,,1巷,56弄,,,15號,121.213261820326,24.9061058701092
桃園市平鎮區莊敬里28鄰中豐路山頂段1巷56弄16號,68,6801000,6801000-014,28鄰,中豐路山頂段,,1巷,56弄,,,16號,121.213205041836,24.9060160278487
桃園市平鎮區莊敬里28鄰中豐路山頂段1巷56弄17號,68,6801000,6801000-014,28鄰,中豐路山頂段,,1巷,56弄,,,17號,121.21331381799,24.90606354259
桃園市平鎮區莊敬里28鄰中豐路山頂段1巷56弄18號,68,6801000,6801000-014,28鄰,中豐路山頂段,,1巷,56弄,,,18號,121.21323776256,24.9059892568499
桃園市平鎮區莊敬里26鄰中豐路山頂段1巷56弄19號,68,6801000,6801000-014,26鄰,中豐路山頂段,,1巷,56弄,,,19號,121.21333963965,24.9058817628447
桃園市平鎮區莊敬里28鄰中豐路山頂段1巷56弄20號,68,6801000,6801000-014,28鄰,中豐路山頂段,,1巷,56弄,,,20號,121.213273745844,24.9059600434963
桃園市平鎮區莊敬里26鄰中豐路山頂段1巷56弄21號,68,6801000,6801000-014,26鄰,中豐路山頂段,,1巷,56弄,,,21號,121.213373940779,24.9058530032953
桃園市平鎮區莊敬里26鄰中豐路山頂段1巷56弄23號,68,6801000,6801000-014,26鄰,中豐路山頂段,,1巷,56弄,,,23號,121.213409624528,24.9058223457843
桃園市平鎮區莊敬里26鄰中豐路山頂段1巷56弄25號,68,6801000,6801000-014,26鄰,中豐路山頂段,,1巷,56弄,,,25號,121.213453613088,24.9057855370315
桃園市平鎮區莊敬里26鄰中豐路山頂段1巷56弄27號,68,6801000,6801000-014,26鄰,中豐路山頂段,,1巷,56弄,,,27號,121.213484588689,24.9057226546505
桃園市平鎮區莊敬里25鄰中豐路山頂段1巷57號,68,6801000,6801000-014,25鄰,中豐路山頂段,,1巷,,,,57號,121.212179692373,24.9056812700633
桃園市平鎮區莊敬里28鄰中豐路山頂段1巷58弄1號,68,6801000,6801000-014,28鄰,中豐路山頂段,,1巷,58弄,,,1號,121.213279002555,24.9065418296647
桃園市平鎮區莊敬里28鄰中豐路山頂段1巷58弄2號,68,6801000,6801000-014,28鄰,中豐路山頂段,,1巷,58弄,,,2號,121.213200381402,24.9064724229459
桃園市平鎮區莊敬里28鄰中豐路山頂段1巷58弄3號,68,6801000,6801000-014,28鄰,中豐路山頂段,,1巷,58弄,,,3號,121.213311670784,24.9064844522623
桃園市平鎮區莊敬里28鄰中豐路山頂段1巷58弄4號,68,6801000,6801000-014,28鄰,中豐路山頂段,,1巷,58弄,,,4號,121.213222886705,24.9064344712663
桃園市平鎮區莊敬里28鄰中豐路山頂段1巷58弄5號,68,6801000,6801000-014,28鄰,中豐路山頂段,,1巷,58弄,,,5號,121.213336248703,24.9064428862198
桃園市平鎮區莊敬里28鄰中豐路山頂段1巷58弄6號,68,6801000,6801000-014,28鄰,中豐路山頂段,,1巷,58弄,,,6號,121.213245984246,24.9063955256064
桃園市平鎮區莊敬里28鄰中豐路山頂段1巷58弄7號,68,6801000,6801000-014,28鄰,中豐路山頂段,,1巷,58弄,,,7號,121.213358751319,24.9064033996862
桃園市平鎮區莊敬里28鄰中豐路山頂段1巷58弄8號,68,6801000,6801000-014,28鄰,中豐路山頂段,,1巷,58弄,,,8號,121.213269575962,24.9063561278136
桃園市平鎮區莊敬里28鄰中豐路山頂段1巷58弄9號,68,6801000,6801000-014,28鄰,中豐路山頂段,,1巷,58弄,,,9號,121.213382343002,24.9063640018758
桃園市平鎮區莊敬里28鄰中豐路山頂段1巷58弄10號,68,6801000,6801000-014,28鄰,中豐路山頂段,,1巷,58弄,,,10號,121.21329207874,24.9063167315739
桃園市平鎮區莊敬里28鄰中豐路山頂段1巷58弄11號,68,6801000,6801000-014,28鄰,中豐路山頂段,,1巷,58弄,,,11號,121.213405437995,24.906323611642
桃園市平鎮區莊敬里28鄰中豐路山頂段1巷58弄12號,68,6801000,6801000-014,28鄰,中豐路山頂段,,1巷,58弄,,,12號,121.213314682979,24.9062787797385
桃園市平鎮區莊敬里28鄰中豐路山頂段1巷58弄13號,68,6801000,6801000-014,28鄰,中豐路山頂段,,1巷,58弄,,,13號,121.213428535614,24.9062847562381
桃園市平鎮區莊敬里28鄰中豐路山頂段1巷58弄14號,68,6801000,6801000-014,28鄰,中豐路山頂段,,1巷,58弄,,,14號,121.21333768147,24.9062398342055
桃園市平鎮區莊敬里28鄰中豐路山頂段1巷58弄15號,68,6801000,6801000-014,28鄰,中豐路山頂段,,1巷,58弄,,,15號,121.213453014772,24.9062433708862
桃園市平鎮區莊敬里28鄰中豐路山頂段1巷58弄16號,68,6801000,6801000-014,28鄰,中豐路山頂段,,1巷,58弄,,,16號,121.213361373363,24.9062011585309
桃園市平鎮區莊敬里28鄰中豐路山頂段1巷58弄17號,68,6801000,6801000-014,28鄰,中豐路山頂段,,1巷,58弄,,,17號,121.213475616464,24.906203974477
桃園市平鎮區莊敬里28鄰中豐路山頂段1巷58弄18號,68,6801000,6801000-014,28鄰,中豐路山頂段,,1巷,58弄,,,18號,121.213384371825,24.9061622129905
桃園市平鎮區莊敬里28鄰中豐路山頂段1巷58弄19號,68,6801000,6801000-014,28鄰,中豐路山頂段,,1巷,58弄,,,19號,121.213498612249,24.9061634940857
桃園市平鎮區莊敬里28鄰中豐路山頂段1巷58弄20號,68,6801000,6801000-014,28鄰,中豐路山頂段,,1巷,58弄,,,20號,121.213406875307,24.9061232681546
桃園市平鎮區莊敬里28鄰中豐路山頂段1巷58弄21號,68,6801000,6801000-014,28鄰,中豐路山頂段,,1巷,58弄,,,21號,121.213521214689,24.9061245490911
桃園市平鎮區莊敬里28鄰中豐路山頂段1巷58弄22號,68,6801000,6801000-014,28鄰,中豐路山頂段,,1巷,58弄,,,22號,121.213431551651,24.9060814311005
桃園市平鎮區莊敬里28鄰中豐路山頂段1巷58弄23號,68,6801000,6801000-014,28鄰,中豐路山頂段,,1巷,58弄,,,23號,121.213544510065,24.906085603101
桃園市平鎮區莊敬里28鄰中豐路山頂段1巷58弄24號,68,6801000,6801000-014,28鄰,中豐路山頂段,,1巷,58弄,,,24號,121.21348524817,24.9059908891367
桃園市平鎮區莊敬里28鄰中豐路山頂段1巷58弄25號,68,6801000,6801000-014,28鄰,中豐路山頂段,,1巷,58弄,,,25號,121.213568689681,24.9060427736052
桃園市平鎮區莊敬里28鄰中豐路山頂段1巷58弄26號,68,6801000,6801000-014,28鄰,中豐路山頂段,,1巷,58弄,,,26號,121.213507258334,24.9059529381213
桃園市平鎮區莊敬里28鄰中豐路山頂段1巷58弄27號,68,6801000,6801000-014,28鄰,中豐路山頂段,,1巷,58弄,,,27號,121.213590700761,24.9060053642838
桃園市平鎮區莊敬里28鄰中豐路山頂段1巷58弄28號,68,6801000,6801000-014,28鄰,中豐路山頂段,,1巷,58弄,,,28號,121.213527889267,24.9059188713127
桃園市平鎮區莊敬里28鄰中豐路山頂段1巷58弄29號,68,6801000,6801000-014,28鄰,中豐路山頂段,,1巷,58弄,,,29號,121.213614290585,24.9059649733079
桃園市平鎮區莊敬里28鄰中豐路山頂段1巷58弄30號,68,6801000,6801000-014,28鄰,中豐路山頂段,,1巷,58弄,,,30號,121.213548911964,24.9058823662573
桃園市平鎮區莊敬里28鄰中豐路山頂段1巷58弄31號,68,6801000,6801000-014,28鄰,中豐路山頂段,,1巷,58弄,,,31號,121.213637088451,24.9059245834624
桃園市平鎮區莊敬里28鄰中豐路山頂段1巷58弄32號,68,6801000,6801000-014,28鄰,中豐路山頂段,,1巷,58弄,,,32號,121.213570430389,24.9058463119119
桃園市平鎮區莊敬里28鄰中豐路山頂段1巷58弄33號,68,6801000,6801000-014,28鄰,中豐路山頂段,,1巷,58弄,,,33號,121.213660677312,24.9058836507729
桃園市平鎮區莊敬里28鄰中豐路山頂段1巷58弄34號,68,6801000,6801000-014,28鄰,中豐路山頂段,,1巷,58弄,,,34號,121.213590761822,24.9058108009702
桃園市平鎮區莊敬里28鄰中豐路山頂段1巷58弄35號,68,6801000,6801000-014,28鄰,中豐路山頂段,,1巷,58弄,,,35號,121.21368317988,24.9058442544731
桃園市平鎮區莊敬里28鄰中豐路山頂段1巷58弄36號,68,6801000,6801000-014,28鄰,中豐路山頂段,,1巷,58弄,,,36號,121.213612380615,24.9057755590358
桃園市平鎮區莊敬里28鄰中豐路山頂段1巷58弄37號,68,6801000,6801000-014,28鄰,中豐路山頂段,,1巷,58弄,,,37號,121.213707759881,24.9058040426326
桃園市平鎮區莊敬里28鄰中豐路山頂段1巷58弄38號,68,6801000,6801000-014,28鄰,中豐路山頂段,,1巷,58弄,,,38號,121.213632811017,24.9057400479465
桃園市平鎮區莊敬里28鄰中豐路山頂段1巷58弄39號,68,6801000,6801000-014,28鄰,中豐路山頂段,,1巷,58弄,,,39號,121.213729175056,24.905765550729
桃園市平鎮區莊敬里28鄰中豐路山頂段1巷58弄40號,68,6801000,6801000-014,28鄰,中豐路山頂段,,1巷,58弄,,,40號,121.213653141482,24.9057039952899
桃園市平鎮區莊敬里28鄰中豐路山頂段1巷58弄41號,68,6801000,6801000-014,28鄰,中豐路山頂段,,1巷,58弄,,,41號,121.21375385122,24.9057237136208
桃園市平鎮區莊敬里28鄰中豐路山頂段1巷58弄42號,68,6801000,6801000-014,28鄰,中豐路山頂段,,1巷,58弄,,,42號,121.213674067756,24.9056690251919
桃園市平鎮區莊敬里28鄰中豐路山頂段1巷58弄43號,68,6801000,6801000-014,28鄰,中豐路山頂段,,1巷,58弄,,,43號,121.213775862189,24.9056863042712
桃園市平鎮區莊敬里28鄰中豐路山頂段1巷58弄44號,68,6801000,6801000-014,28鄰,中豐路山頂段,,1巷,58弄,,,44號,121.213696574324,24.9056319762821
桃園市平鎮區莊敬里28鄰中豐路山頂段1巷58弄45號,68,6801000,6801000-014,28鄰,中豐路山頂段,,1巷,58弄,,,45號,121.213800536611,24.9056434740273
桃園市平鎮區莊敬里28鄰中豐路山頂段1巷58弄46號,68,6801000,6801000-014,28鄰,中豐路山頂段,,1巷,58弄,,,46號,121.213722333638,24.9055867970979
桃園市平鎮區莊敬里25鄰中豐路山頂段1巷59號,68,6801000,6801000-014,25鄰,中豐路山頂段,,1巷,,,,59號,121.212182341521,24.9057253251642
桃園市平鎮區莊敬里25鄰中豐路山頂段1巷61號,68,6801000,6801000-014,25鄰,中豐路山頂段,,1巷,,,,61號,121.212184892605,24.9057699221117
桃園市平鎮區莊敬里25鄰中豐路山頂段1巷63號,68,6801000,6801000-014,25鄰,中豐路山頂段,,1巷,,,,63號,121.212188135714,24.9058139763672
桃園市平鎮區莊敬里25鄰中豐路山頂段1巷65號,68,6801000,6801000-014,25鄰,中豐路山頂段,,1巷,,,,65號,121.212342207737,24.9057210348852
桃園市平鎮區莊敬里13鄰中豐路山頂段3號,68,6801000,6801000-014,13鄰,中豐路山頂段,,,,,,3號,121.212042455443,24.9040400012805
桃園市平鎮區莊敬里13鄰中豐路山頂段3號十樓之1,68,6801000,6801000-014,13鄰,中豐路山頂段,,,,,,3號十樓之1,121.212042455443,24.9040400012805
桃園市平鎮區莊敬里13鄰中豐路山頂段3號十樓之2,68,6801000,6801000-014,13鄰,中豐路山頂段,,,,,,3號十樓之2,121.212042455443,24.9040400012805
桃園市平鎮區莊敬里13鄰中豐路山頂段3號二樓,68,6801000,6801000-014,13鄰,中豐路山頂段,,,,,,3號二樓,121.212042455443,24.9040400012805
桃園市平鎮區莊敬里13鄰中豐路山頂段3號三樓,68,6801000,6801000-014,13鄰,中豐路山頂段,,,,,,3號三樓,121.212042455443,24.9040400012805
桃園市平鎮區莊敬里13鄰中豐路山頂段3號四樓之1,68,6801000,6801000-014,13鄰,中豐路山頂段,,,,,,3號四樓之1,121.212042455443,24.9040400012805
桃園市平鎮區莊敬里13鄰中豐路山頂段3號四樓之2,68,6801000,6801000-014,13鄰,中豐路山頂段,,,,,,3號四樓之2,121.212042455443,24.9040400012805
桃園市平鎮區莊敬里13鄰中豐路山頂段3號五樓之1,68,6801000,6801000-014,13鄰,中豐路山頂段,,,,,,3號五樓之1,121.212042455443,24.9040400012805
桃園市平鎮區莊敬里13鄰中豐路山頂段3號五樓之2,68,6801000,6801000-014,13鄰,中豐路山頂段,,,,,,3號五樓之2,121.212042455443,24.9040400012805
桃園市平鎮區莊敬里13鄰中豐路山頂段3號六樓之1,68,6801000,6801000-014,13鄰,中豐路山頂段,,,,,,3號六樓之1,121.212042455443,24.9040400012805
桃園市平鎮區莊敬里13鄰中豐路山頂段3號六樓之2,68,6801000,6801000-014,13鄰,中豐路山頂段,,,,,,3號六樓之2,121.212042455443,24.9040400012805
桃園市平鎮區莊敬里13鄰中豐路山頂段3號七樓之1,68,6801000,6801000-014,13鄰,中豐路山頂段,,,,,,3號七樓之1,121.212042455443,24.9040400012805
桃園市平鎮區莊敬里13鄰中豐路山頂段3號七樓之2,68,6801000,6801000-014,13鄰,中豐路山頂段,,,,,,3號七樓之2,121.212042455443,24.9040400012805
桃園市平鎮區莊敬里13鄰中豐路山頂段3號八樓之1,68,6801000,6801000-014,13鄰,中豐路山頂段,,,,,,3號八樓之1,121.212042455443,24.9040400012805
桃園市平鎮區莊敬里13鄰中豐路山頂段3號八樓之2,68,6801000,6801000-014,13鄰,中豐路山頂段,,,,,,3號八樓之2,121.212042455443,24.9040400012805
桃園市平鎮區莊敬里13鄰中豐路山頂段3號九樓之1,68,6801000,6801000-014,13鄰,中豐路山頂段,,,,,,3號九樓之1,121.212042455443,24.9040400012805
桃園市平鎮區莊敬里13鄰中豐路山頂段3號九樓之2,68,6801000,6801000-014,13鄰,中豐路山頂段,,,,,,3號九樓之2,121.212042455443,24.9040400012805
桃園市平鎮區莊敬里13鄰中豐路山頂段3號十一樓之1,68,6801000,6801000-014,13鄰,中豐路山頂段,,,,,,3號十一樓之1,121.212042455443,24.9040400012805
桃園市平鎮區莊敬里13鄰中豐路山頂段3號十一樓之2,68,6801000,6801000-014,13鄰,中豐路山頂段,,,,,,3號十一樓之2,121.212042455443,24.9040400012805
桃園市平鎮區莊敬里13鄰中豐路山頂段3號十二樓之1,68,6801000,6801000-014,13鄰,中豐路山頂段,,,,,,3號十二樓之1,121.212042455443,24.9040400012805
桃園市平鎮區莊敬里13鄰中豐路山頂段3號十二樓之2,68,6801000,6801000-014,13鄰,中豐路山頂段,,,,,,3號十二樓之2,121.212042455443,24.9040400012805
桃園市平鎮區莊敬里13鄰中豐路山頂段5號,68,6801000,6801000-014,13鄰,中豐路山頂段,,,,,,5號,121.212054184795,24.9038365734285
桃園市平鎮區莊敬里13鄰中豐路山頂段5號十樓之1,68,6801000,6801000-014,13鄰,中豐路山頂段,,,,,,5號十樓之1,121.212054184795,24.9038365734285
桃園市平鎮區莊敬里13鄰中豐路山頂段5號十樓之2,68,6801000,6801000-014,13鄰,中豐路山頂段,,,,,,5號十樓之2,121.212054184795,24.9038365734285
桃園市平鎮區莊敬里13鄰中豐路山頂段5號三樓之2,68,6801000,6801000-014,13鄰,中豐路山頂段,,,,,,5號三樓之2,121.212054184795,24.9038365734285
桃園市平鎮區莊敬里13鄰中豐路山頂段5號四樓之1,68,6801000,6801000-014,13鄰,中豐路山頂段,,,,,,5號四樓之1,121.212054184795,24.9038365734285
桃園市平鎮區莊敬里13鄰中豐路山頂段5號四樓之2,68,6801000,6801000-014,13鄰,中豐路山頂段,,,,,,5號四樓之2,121.212054184795,24.9038365734285
桃園市平鎮區莊敬里13鄰中豐路山頂段5號五樓之1,68,6801000,6801000-014,13鄰,中豐路山頂段,,,,,,5號五樓之1,121.212054184795,24.9038365734285
桃園市平鎮區莊敬里13鄰中豐路山頂段5號五樓之2,68,6801000,6801000-014,13鄰,中豐路山頂段,,,,,,5號五樓之2,121.212054184795,24.9038365734285
桃園市平鎮區莊敬里13鄰中豐路山頂段5號六樓之1,68,6801000,6801000-014,13鄰,中豐路山頂段,,,,,,5號六樓之1,121.212054184795,24.9038365734285
桃園市平鎮區莊敬里13鄰中豐路山頂段5號六樓之2,68,6801000,6801000-014,13鄰,中豐路山頂段,,,,,,5號六樓之2,121.212054184795,24.9038365734285
桃園市平鎮區莊敬里13鄰中豐路山頂段5號七樓之1,68,6801000,6801000-014,13鄰,中豐路山頂段,,,,,,5號七樓之1,121.212054184795,24.9038365734285
桃園市平鎮區莊敬里13鄰中豐路山頂段5號七樓之2,68,6801000,6801000-014,13鄰,中豐路山頂段,,,,,,5號七樓之2,121.212054184795,24.9038365734285
桃園市平鎮區莊敬里13鄰中豐路山頂段5號八樓之1,68,6801000,6801000-014,13鄰,中豐路山頂段,,,,,,5號八樓之1,121.212054184795,24.9038365734285
桃園市平鎮區莊敬里13鄰中豐路山頂段5號八樓之2,68,6801000,6801000-014,13鄰,中豐路山頂段,,,,,,5號八樓之2,121.212054184795,24.9038365734285
桃園市平鎮區莊敬里13鄰中豐路山頂段5號九樓之1,68,6801000,6801000-014,13鄰,中豐路山頂段,,,,,,5號九樓之1,121.212054184795,24.9038365734285
桃園市平鎮區莊敬里13鄰中豐路山頂段5號九樓之2,68,6801000,6801000-014,13鄰,中豐路山頂段,,,,,,5號九樓之2,121.212054184795,24.9038365734285
桃園市平鎮區莊敬里13鄰中豐路山頂段5號十一樓之1,68,6801000,6801000-014,13鄰,中豐路山頂段,,,,,,5號十一樓之1,121.212054184795,24.9038365734285
桃園市平鎮區莊敬里13鄰中豐路山頂段5號十一樓之2,68,6801000,6801000-014,13鄰,中豐路山頂段,,,,,,5號十一樓之2,121.212054184795,24.9038365734285
桃園市平鎮區莊敬里13鄰中豐路山頂段5號十二樓之1,68,6801000,6801000-014,13鄰,中豐路山頂段,,,,,,5號十二樓之1,121.212054184795,24.9038365734285
桃園市平鎮區莊敬里13鄰中豐路山頂段5號十二樓之2,68,6801000,6801000-014,13鄰,中豐路山頂段,,,,,,5號十二樓之2,121.212054184795,24.9038365734285
桃園市平鎮區莊敬里13鄰中豐路山頂段7之1號,68,6801000,6801000-014,13鄰,中豐路山頂段,,,,,,7之1號,121.21212504199,24.9036507572889
桃園市平鎮區莊敬里13鄰中豐路山頂段7號,68,6801000,6801000-014,13鄰,中豐路山頂段,,,,,,7號,121.212064950892,24.9036487661742
桃園市平鎮區莊敬里13鄰中豐路山頂段7號十樓之1,68,6801000,6801000-014,13鄰,中豐路山頂段,,,,,,7號十樓之1,121.212064950892,24.9036487661742
桃園市平鎮區莊敬里13鄰中豐路山頂段7號十樓之2,68,6801000,6801000-014,13鄰,中豐路山頂段,,,,,,7號十樓之2,121.212064950892,24.9036487661742
桃園市平鎮區莊敬里13鄰中豐路山頂段7號二樓,68,6801000,6801000-014,13鄰,中豐路山頂段,,,,,,7號二樓,121.212064950892,24.9036487661742
桃園市平鎮區莊敬里13鄰中豐路山頂段7號三樓之1,68,6801000,6801000-014,13鄰,中豐路山頂段,,,,,,7號三樓之1,121.212064950892,24.9036487661742
桃園市平鎮區莊敬里13鄰中豐路山頂段7號三樓之2,68,6801000,6801000-014,13鄰,中豐路山頂段,,,,,,7號三樓之2,121.212064950892,24.9036487661742
桃園市平鎮區莊敬里13鄰中豐路山頂段7號四樓之1,68,6801000,6801000-014,13鄰,中豐路山頂段,,,,,,7號四樓之1,121.212064950892,24.9036487661742
桃園市平鎮區莊敬里13鄰中豐路山頂段7號四樓之2,68,6801000,6801000-014,13鄰,中豐路山頂段,,,,,,7號四樓之2,121.212064950892,24.9036487661742
桃園市平鎮區莊敬里13鄰中豐路山頂段7號五樓之1,68,6801000,6801000-014,13鄰,中豐路山頂段,,,,,,7號五樓之1,121.212064950892,24.9036487661742
桃園市平鎮區莊敬里13鄰中豐路山頂段7號五樓之2,68,6801000,6801000-014,13鄰,中豐路山頂段,,,,,,7號五樓之2,121.212064950892,24.9036487661742
桃園市平鎮區莊敬里13鄰中豐路山頂段7號六樓之1,68,6801000,6801000-014,13鄰,中豐路山頂段,,,,,,7號六樓之1,121.212064950892,24.9036487661742
桃園市平鎮區莊敬里13鄰中豐路山頂段7號六樓之2,68,6801000,6801000-014,13鄰,中豐路山頂段,,,,,,7號六樓之2,121.212064950892,24.9036487661742
桃園市平鎮區莊敬里13鄰中豐路山頂段7號七樓之1,68,6801000,6801000-014,13鄰,中豐路山頂段,,,,,,7號七樓之1,121.212064950892,24.9036487661742
桃園市平鎮區莊敬里13鄰中豐路山頂段7號七樓之2,68,6801000,6801000-014,13鄰,中豐路山頂段,,,,,,7號七樓之2,121.212064950892,24.9036487661742
桃園市平鎮區莊敬里13鄰中豐路山頂段7號八樓之1,68,6801000,6801000-014,13鄰,中豐路山頂段,,,,,,7號八樓之1,121.212064950892,24.9036487661742
桃園市平鎮區莊敬里13鄰中豐路山頂段7號八樓之2,68,6801000,6801000-014,13鄰,中豐路山頂段,,,,,,7號八樓之2,121.212064950892,24.9036487661742
桃園市平鎮區莊敬里13鄰中豐路山頂段7號九樓之1,68,6801000,6801000-014,13鄰,中豐路山頂段,,,,,,7號九樓之1,121.212064950892,24.9036487661742
桃園市平鎮區莊敬里13鄰中豐路山頂段7號九樓之2,68,6801000,6801000-014,13鄰,中豐路山頂段,,,,,,7號九樓之2,121.212064950892,24.9036487661742
桃園市平鎮區莊敬里13鄰中豐路山頂段7號十一樓之1,68,6801000,6801000-014,13鄰,中豐路山頂段,,,,,,7號十一樓之1,121.212064950892,24.9036487661742
桃園市平鎮區莊敬里13鄰中豐路山頂段7號十一樓之2,68,6801000,6801000-014,13鄰,中豐路山頂段,,,,,,7號十一樓之2,121.212064950892,24.9036487661742
桃園市平鎮區莊敬里13鄰中豐路山頂段7號十二樓之1,68,6801000,6801000-014,13鄰,中豐路山頂段,,,,,,7號十二樓之1,121.212064950892,24.9036487661742
桃園市平鎮區莊敬里13鄰中豐路山頂段7號十二樓之2,68,6801000,6801000-014,13鄰,中豐路山頂段,,,,,,7號十二樓之2,121.212064950892,24.9036487661742
桃園市平鎮區莊敬里13鄰中豐路山頂段9號十樓之1,68,6801000,6801000-014,13鄰,中豐路山頂段,,,,,,9號十樓之1,121.212227999598,24.9036546736653
桃園市平鎮區莊敬里13鄰中豐路山頂段9號十樓之2,68,6801000,6801000-014,13鄰,中豐路山頂段,,,,,,9號十樓之2,121.212227999598,24.9036546736653
桃園市平鎮區莊敬里13鄰中豐路山頂段9號二樓之1,68,6801000,6801000-014,13鄰,中豐路山頂段,,,,,,9號二樓之1,121.212227999598,24.9036546736653
桃園市平鎮區莊敬里13鄰中豐路山頂段9號二樓之2,68,6801000,6801000-014,13鄰,中豐路山頂段,,,,,,9號二樓之2,121.212227999598,24.9036546736653
桃園市平鎮區莊敬里13鄰中豐路山頂段9號三樓之1,68,6801000,6801000-014,13鄰,中豐路山頂段,,,,,,9號三樓之1,121.212227999598,24.9036546736653
桃園市平鎮區莊敬里13鄰中豐路山頂段9號三樓之2,68,6801000,6801000-014,13鄰,中豐路山頂段,,,,,,9號三樓之2,121.212227999598,24.9036546736653
桃園市平鎮區莊敬里13鄰中豐路山頂段9號四樓之1,68,6801000,6801000-014,13鄰,中豐路山頂段,,,,,,9號四樓之1,121.212227999598,24.9036546736653
桃園市平鎮區莊敬里13鄰中豐路山頂段9號四樓之2,68,6801000,6801000-014,13鄰,中豐路山頂段,,,,,,9號四樓之2,121.212227999598,24.9036546736653
桃園市平鎮區莊敬里13鄰中豐路山頂段9號五樓之1,68,6801000,6801000-014,13鄰,中豐路山頂段,,,,,,9號五樓之1,121.212227999598,24.9036546736653
桃園市平鎮區莊敬里13鄰中豐路山頂段9號五樓之2,68,6801000,6801000-014,13鄰,中豐路山頂段,,,,,,9號五樓之2,121.212227999598,24.9036546736653
桃園市平鎮區莊敬里13鄰中豐路山頂段9號六樓之1,68,6801000,6801000-014,13鄰,中豐路山頂段,,,,,,9號六樓之1,121.212227999598,24.9036546736653
桃園市平鎮區莊敬里13鄰中豐路山頂段9號六樓之2,68,6801000,6801000-014,13鄰,中豐路山頂段,,,,,,9號六樓之2,121.212227999598,24.9036546736653
桃園市平鎮區莊敬里13鄰中豐路山頂段9號七樓之1,68,6801000,6801000-014,13鄰,中豐路山頂段,,,,,,9號七樓之1,121.212227999598,24.9036546736653
桃園市平鎮區莊敬里13鄰中豐路山頂段9號七樓之2,68,6801000,6801000-014,13鄰,中豐路山頂段,,,,,,9號七樓之2,121.212227999598,24.9036546736653
桃園市平鎮區莊敬里13鄰中豐路山頂段9號八樓之1,68,6801000,6801000-014,13鄰,中豐路山頂段,,,,,,9號八樓之1,121.212227999598,24.9036546736653
桃園市平鎮區莊敬里13鄰中豐路山頂段9號八樓之2,68,6801000,6801000-014,13鄰,中豐路山頂段,,,,,,9號八樓之2,121.212227999598,24.9036546736653
桃園市平鎮區莊敬里13鄰中豐路山頂段9號九樓之1,68,6801000,6801000-014,13鄰,中豐路山頂段,,,,,,9號九樓之1,121.212227999598,24.9036546736653
桃園市平鎮區莊敬里13鄰中豐路山頂段9號九樓之2,68,6801000,6801000-014,13鄰,中豐路山頂段,,,,,,9號九樓之2,121.212227999598,24.9036546736653
桃園市平鎮區莊敬里13鄰中豐路山頂段9號十一樓之1,68,6801000,6801000-014,13鄰,中豐路山頂段,,,,,,9號十一樓之1,121.212227999598,24.9036546736653
桃園市平鎮區莊敬里13鄰中豐路山頂段9號十一樓之2,68,6801000,6801000-014,13鄰,中豐路山頂段,,,,,,9號十一樓之2,121.212227999598,24.9036546736653
桃園市平鎮區莊敬里13鄰中豐路山頂段11號十樓之1,68,6801000,6801000-014,13鄰,中豐路山頂段,,,,,,11號十樓之1,121.212221616709,24.9038005826449
桃園市平鎮區莊敬里13鄰中豐路山頂段11號十樓之2,68,6801000,6801000-014,13鄰,中豐路山頂段,,,,,,11號十樓之2,121.212221616709,24.9038005826449
桃園市平鎮區莊敬里13鄰中豐路山頂段11號二樓之1,68,6801000,6801000-014,13鄰,中豐路山頂段,,,,,,11號二樓之1,121.212221616709,24.9038005826449
桃園市平鎮區莊敬里13鄰中豐路山頂段11號二樓之2,68,6801000,6801000-014,13鄰,中豐路山頂段,,,,,,11號二樓之2,121.212221616709,24.9038005826449
桃園市平鎮區莊敬里13鄰中豐路山頂段11號三樓之1,68,6801000,6801000-014,13鄰,中豐路山頂段,,,,,,11號三樓之1,121.212221616709,24.9038005826449
桃園市平鎮區莊敬里13鄰中豐路山頂段11號三樓之2,68,6801000,6801000-014,13鄰,中豐路山頂段,,,,,,11號三樓之2,121.212221616709,24.9038005826449
桃園市平鎮區莊敬里13鄰中豐路山頂段11號四樓之1,68,6801000,6801000-014,13鄰,中豐路山頂段,,,,,,11號四樓之1,121.212221616709,24.9038005826449
桃園市平鎮區莊敬里13鄰中豐路山頂段11號四樓之2,68,6801000,6801000-014,13鄰,中豐路山頂段,,,,,,11號四樓之2,121.212221616709,24.9038005826449
桃園市平鎮區莊敬里13鄰中豐路山頂段11號五樓之1,68,6801000,6801000-014,13鄰,中豐路山頂段,,,,,,11號五樓之1,121.212221616709,24.9038005826449
桃園市平鎮區莊敬里13鄰中豐路山頂段11號五樓之2,68,6801000,6801000-014,13鄰,中豐路山頂段,,,,,,11號五樓之2,121.212221616709,24.9038005826449
桃園市平鎮區莊敬里13鄰中豐路山頂段11號六樓之1,68,6801000,6801000-014,13鄰,中豐路山頂段,,,,,,11號六樓之1,121.212221616709,24.9038005826449
桃園市平鎮區莊敬里13鄰中豐路山頂段11號六樓之2,68,6801000,6801000-014,13鄰,中豐路山頂段,,,,,,11號六樓之2,121.212221616709,24.9038005826449
桃園市平鎮區莊敬里13鄰中豐路山頂段11號七樓之1,68,6801000,6801000-014,13鄰,中豐路山頂段,,,,,,11號七樓之1,121.212221616709,24.9038005826449
桃園市平鎮區莊敬里13鄰中豐路山頂段11號七樓之2,68,6801000,6801000-014,13鄰,中豐路山頂段,,,,,,11號七樓之2,121.212221616709,24.9038005826449
桃園市平鎮區莊敬里13鄰中豐路山頂段11號八樓之1,68,6801000,6801000-014,13鄰,中豐路山頂段,,,,,,11號八樓之1,121.212221616709,24.9038005826449
桃園市平鎮區莊敬里13鄰中豐路山頂段11號八樓之2,68,6801000,6801000-014,13鄰,中豐路山頂段,,,,,,11號八樓之2,121.212221616709,24.9038005826449
桃園市平鎮區莊敬里13鄰中豐路山頂段11號九樓之1,68,6801000,6801000-014,13鄰,中豐路山頂段,,,,,,11號九樓之1,121.212221616709,24.9038005826449
桃園市平鎮區莊敬里13鄰中豐路山頂段11號九樓之2,68,6801000,6801000-014,13鄰,中豐路山頂段,,,,,,11號九樓之2,121.212221616709,24.9038005826449
桃園市平鎮區莊敬里13鄰中豐路山頂段11號十一樓之1,68,6801000,6801000-014,13鄰,中豐路山頂段,,,,,,11號十一樓之1,121.212221616709,24.9038005826449
桃園市平鎮區莊敬里13鄰中豐路山頂段11號十一樓之2,68,6801000,6801000-014,13鄰,中豐路山頂段,,,,,,11號十一樓之2,121.212221616709,24.9038005826449
桃園市平鎮區莊敬里13鄰中豐路山頂段13號十樓之1,68,6801000,6801000-014,13鄰,中豐路山頂段,,,,,,13號十樓之1,121.212212983717,24.9039621140561
桃園市平鎮區莊敬里13鄰中豐路山頂段13號十樓之2,68,6801000,6801000-014,13鄰,中豐路山頂段,,,,,,13號十樓之2,121.212212983717,24.9039621140561
桃園市平鎮區莊敬里13鄰中豐路山頂段13號二樓之1,68,6801000,6801000-014,13鄰,中豐路山頂段,,,,,,13號二樓之1,121.212212983717,24.9039621140561
桃園市平鎮區莊敬里13鄰中豐路山頂段13號二樓之2,68,6801000,6801000-014,13鄰,中豐路山頂段,,,,,,13號二樓之2,121.212212983717,24.9039621140561
桃園市平鎮區莊敬里13鄰中豐路山頂段13號三樓之1,68,6801000,6801000-014,13鄰,中豐路山頂段,,,,,,13號三樓之1,121.212212983717,24.9039621140561
桃園市平鎮區莊敬里13鄰中豐路山頂段13號三樓之2,68,6801000,6801000-014,13鄰,中豐路山頂段,,,,,,13號三樓之2,121.212212983717,24.9039621140561
桃園市平鎮區莊敬里13鄰中豐路山頂段13號四樓之1,68,6801000,6801000-014,13鄰,中豐路山頂段,,,,,,13號四樓之1,121.212212983717,24.9039621140561
桃園市平鎮區莊敬里13鄰中豐路山頂段13號四樓之2,68,6801000,6801000-014,13鄰,中豐路山頂段,,,,,,13號四樓之2,121.212212983717,24.9039621140561
桃園市平鎮區莊敬里13鄰中豐路山頂段13號五樓之1,68,6801000,6801000-014,13鄰,中豐路山頂段,,,,,,13號五樓之1,121.212212983717,24.9039621140561
桃園市平鎮區莊敬里13鄰中豐路山頂段13號五樓之2,68,6801000,6801000-014,13鄰,中豐路山頂段,,,,,,13號五樓之2,121.212212983717,24.9039621140561
桃園市平鎮區莊敬里13鄰中豐路山頂段13號六樓之1,68,6801000,6801000-014,13鄰,中豐路山頂段,,,,,,13號六樓之1,121.212212983717,24.9039621140561
桃園市平鎮區莊敬里13鄰中豐路山頂段13號六樓之2,68,6801000,6801000-014,13鄰,中豐路山頂段,,,,,,13號六樓之2,121.212212983717,24.9039621140561
桃園市平鎮區莊敬里13鄰中豐路山頂段13號七樓之1,68,6801000,6801000-014,13鄰,中豐路山頂段,,,,,,13號七樓之1,121.212212983717,24.9039621140561
桃園市平鎮區莊敬里13鄰中豐路山頂段13號七樓之2,68,6801000,6801000-014,13鄰,中豐路山頂段,,,,,,13號七樓之2,121.212212983717,24.9039621140561
桃園市平鎮區莊敬里13鄰中豐路山頂段13號八樓之1,68,6801000,6801000-014,13鄰,中豐路山頂段,,,,,,13號八樓之1,121.212212983717,24.9039621140561
桃園市平鎮區莊敬里13鄰中豐路山頂段13號八樓之2,68,6801000,6801000-014,13鄰,中豐路山頂段,,,,,,13號八樓之2,121.212212983717,24.9039621140561
桃園市平鎮區莊敬里13鄰中豐路山頂段13號九樓之1,68,6801000,6801000-014,13鄰,中豐路山頂段,,,,,,13號九樓之1,121.212212983717,24.9039621140561
桃園市平鎮區莊敬里13鄰中豐路山頂段13號九樓之2,68,6801000,6801000-014,13鄰,中豐路山頂段,,,,,,13號九樓之2,121.212212983717,24.9039621140561
桃園市平鎮區莊敬里13鄰中豐路山頂段13號十一樓之1,68,6801000,6801000-014,13鄰,中豐路山頂段,,,,,,13號十一樓之1,121.212212983717,24.9039621140561
桃園市平鎮區莊敬里13鄰中豐路山頂段13號十一樓之2,68,6801000,6801000-014,13鄰,中豐路山頂段,,,,,,13號十一樓之2,121.212212983717,24.9039621140561
桃園市平鎮區莊敬里13鄰中豐路山頂段15號十樓之1,68,6801000,6801000-014,13鄰,中豐路山頂段,,,,,,15號十樓之1,121.212601383063,24.9039368230774
桃園市平鎮區莊敬里13鄰中豐路山頂段15號十樓之2,68,6801000,6801000-014,13鄰,中豐路山頂段,,,,,,15號十樓之2,121.212601383063,24.9039368230774
桃園市平鎮區莊敬里13鄰中豐路山頂段15號十樓之3,68,6801000,6801000-014,13鄰,中豐路山頂段,,,,,,15號十樓之3,121.212601383063,24.9039368230774
桃園市平鎮區莊敬里13鄰中豐路山頂段15號三樓之1,68,6801000,6801000-014,13鄰,中豐路山頂段,,,,,,15號三樓之1,121.212601383063,24.9039368230774
桃園市平鎮區莊敬里13鄰中豐路山頂段15號三樓之2,68,6801000,6801000-014,13鄰,中豐路山頂段,,,,,,15號三樓之2,121.212601383063,24.9039368230774
桃園市平鎮區莊敬里13鄰中豐路山頂段15號三樓之3,68,6801000,6801000-014,13鄰,中豐路山頂段,,,,,,15號三樓之3,121.212601383063,24.9039368230774
桃園市平鎮區莊敬里13鄰中豐路山頂段15號四樓之1,68,6801000,6801000-014,13鄰,中豐路山頂段,,,,,,15號四樓之1,121.212601383063,24.9039368230774
桃園市平鎮區莊敬里13鄰中豐路山頂段15號四樓之2,68,6801000,6801000-014,13鄰,中豐路山頂段,,,,,,15號四樓之2,121.212601383063,24.9039368230774
桃園市平鎮區莊敬里13鄰中豐路山頂段15號四樓之3,68,6801000,6801000-014,13鄰,中豐路山頂段,,,,,,15號四樓之3,121.212601383063,24.9039368230774
桃園市平鎮區莊敬里13鄰中豐路山頂段15號五樓之1,68,6801000,6801000-014,13鄰,中豐路山頂段,,,,,,15號五樓之1,121.212601383063,24.9039368230774
桃園市平鎮區莊敬里13鄰中豐路山頂段15號五樓之2,68,6801000,6801000-014,13鄰,中豐路山頂段,,,,,,15號五樓之2,121.212601383063,24.9039368230774
桃園市平鎮區莊敬里13鄰中豐路山頂段15號五樓之3,68,6801000,6801000-014,13鄰,中豐路山頂段,,,,,,15號五樓之3,121.212601383063,24.9039368230774
桃園市平鎮區莊敬里13鄰中豐路山頂段15號六樓之1,68,6801000,6801000-014,13鄰,中豐路山頂段,,,,,,15號六樓之1,121.212601383063,24.9039368230774
桃園市平鎮區莊敬里13鄰中豐路山頂段15號六樓之2,68,6801000,6801000-014,13鄰,中豐路山頂段,,,,,,15號六樓之2,121.212601383063,24.9039368230774
桃園市平鎮區莊敬里13鄰中豐路山頂段15號六樓之3,68,6801000,6801000-014,13鄰,中豐路山頂段,,,,,,15號六樓之3,121.212601383063,24.9039368230774
桃園市平鎮區莊敬里13鄰中豐路山頂段15號七樓之1,68,6801000,6801000-014,13鄰,中豐路山頂段,,,,,,15號七樓之1,121.212601383063,24.9039368230774
桃園市平鎮區莊敬里13鄰中豐路山頂段15號七樓之2,68,6801000,6801000-014,13鄰,中豐路山頂段,,,,,,15號七樓之2,121.212601383063,24.9039368230774
桃園市平鎮區莊敬里13鄰中豐路山頂段15號七樓之3,68,6801000,6801000-014,13鄰,中豐路山頂段,,,,,,15號七樓之3,121.212601383063,24.9039368230774
桃園市平鎮區莊敬里13鄰中豐路山頂段15號八樓之1,68,6801000,6801000-014,13鄰,中豐路山頂段,,,,,,15號八樓之1,121.212601383063,24.9039368230774
桃園市平鎮區莊敬里13鄰中豐路山頂段15號八樓之2,68,6801000,6801000-014,13鄰,中豐路山頂段,,,,,,15號八樓之2,121.212601383063,24.9039368230774
桃園市平鎮區莊敬里13鄰中豐路山頂段15號八樓之3,68,6801000,6801000-014,13鄰,中豐路山頂段,,,,,,15號八樓之3,121.212601383063,24.9039368230774
桃園市平鎮區莊敬里13鄰中豐路山頂段15號九樓之1,68,6801000,6801000-014,13鄰,中豐路山頂段,,,,,,15號九樓之1,121.212601383063,24.9039368230774
桃園市平鎮區莊敬里13鄰中豐路山頂段15號九樓之2,68,6801000,6801000-014,13鄰,中豐路山頂段,,,,,,15號九樓之2,121.212601383063,24.9039368230774
桃園市平鎮區莊敬里13鄰中豐路山頂段15號九樓之3,68,6801000,6801000-014,13鄰,中豐路山頂段,,,,,,15號九樓之3,121.212601383063,24.9039368230774
桃園市平鎮區莊敬里13鄰中豐路山頂段15號十一樓之1,68,6801000,6801000-014,13鄰,中豐路山頂段,,,,,,15號十一樓之1,121.212601383063,24.9039368230774
桃園市平鎮區莊敬里13鄰中豐路山頂段15號十一樓之2,68,6801000,6801000-014,13鄰,中豐路山頂段,,,,,,15號十一樓之2,121.212601383063,24.9039368230774
桃園市平鎮區莊敬里13鄰中豐路山頂段15號十一樓之3,68,6801000,6801000-014,13鄰,中豐路山頂段,,,,,,15號十一樓之3,121.212601383063,24.9039368230774
桃園市平鎮區莊敬里13鄰中豐路山頂段17號十樓之1,68,6801000,6801000-014,13鄰,中豐路山頂段,,,,,,17號十樓之1,121.212568145553,24.9037772472881
桃園市平鎮區莊敬里13鄰中豐路山頂段17號十樓之2,68,6801000,6801000-014,13鄰,中豐路山頂段,,,,,,17號十樓之2,121.212568145553,24.9037772472881
桃園市平鎮區莊敬里13鄰中豐路山頂段17號三樓之1,68,6801000,6801000-014,13鄰,中豐路山頂段,,,,,,17號三樓之1,121.212568145553,24.9037772472881
桃園市平鎮區莊敬里13鄰中豐路山頂段17號三樓之2,68,6801000,6801000-014,13鄰,中豐路山頂段,,,,,,17號三樓之2,121.212568145553,24.9037772472881
桃園市平鎮區莊敬里13鄰中豐路山頂段17號四樓之1,68,6801000,6801000-014,13鄰,中豐路山頂段,,,,,,17號四樓之1,121.212568145553,24.9037772472881
桃園市平鎮區莊敬里13鄰中豐路山頂段17號四樓之2,68,6801000,6801000-014,13鄰,中豐路山頂段,,,,,,17號四樓之2,121.212568145553,24.9037772472881
桃園市平鎮區莊敬里13鄰中豐路山頂段17號五樓之1,68,6801000,6801000-014,13鄰,中豐路山頂段,,,,,,17號五樓之1,121.212568145553,24.9037772472881
桃園市平鎮區莊敬里13鄰中豐路山頂段17號五樓之2,68,6801000,6801000-014,13鄰,中豐路山頂段,,,,,,17號五樓之2,121.212568145553,24.9037772472881
桃園市平鎮區莊敬里13鄰中豐路山頂段17號六樓之1,68,6801000,6801000-014,13鄰,中豐路山頂段,,,,,,17號六樓之1,121.212568145553,24.9037772472881
桃園市平鎮區莊敬里13鄰中豐路山頂段17號六樓之2,68,6801000,6801000-014,13鄰,中豐路山頂段,,,,,,17號六樓之2,121.212568145553,24.9037772472881
桃園市平鎮區莊敬里13鄰中豐路山頂段17號七樓之1,68,6801000,6801000-014,13鄰,中豐路山頂段,,,,,,17號七樓之1,121.212568145553,24.9037772472881
桃園市平鎮區莊敬里13鄰中豐路山頂段17號七樓之2,68,6801000,6801000-014,13鄰,中豐路山頂段,,,,,,17號七樓之2,121.212568145553,24.9037772472881
桃園市平鎮區莊敬里13鄰中豐路山頂段17號八樓之1,68,6801000,6801000-014,13鄰,中豐路山頂段,,,,,,17號八樓之1,121.212568145553,24.9037772472881
桃園市平鎮區莊敬里13鄰中豐路山頂段17號八樓之2,68,6801000,6801000-014,13鄰,中豐路山頂段,,,,,,17號八樓之2,121.212568145553,24.9037772472881
桃園市平鎮區莊敬里13鄰中豐路山頂段17號九樓之1,68,6801000,6801000-014,13鄰,中豐路山頂段,,,,,,17號九樓之1,121.212568145553,24.9037772472881
桃園市平鎮區莊敬里13鄰中豐路山頂段17號九樓之2,68,6801000,6801000-014,13鄰,中豐路山頂段,,,,,,17號九樓之2,121.212568145553,24.9037772472881
桃園市平鎮區莊敬里13鄰中豐路山頂段17號十一樓之1,68,6801000,6801000-014,13鄰,中豐路山頂段,,,,,,17號十一樓之1,121.212568145553,24.9037772472881
桃園市平鎮區莊敬里13鄰中豐路山頂段17號十一樓之2,68,6801000,6801000-014,13鄰,中豐路山頂段,,,,,,17號十一樓之2,121.212568145553,24.9037772472881
桃園市平鎮區莊敬里13鄰中豐路山頂段19號十樓之1,68,6801000,6801000-014,13鄰,中豐路山頂段,,,,,,19號十樓之1,121.212574557883,24.9036487631795
桃園市平鎮區莊敬里13鄰中豐路山頂段19號十樓之2,68,6801000,6801000-014,13鄰,中豐路山頂段,,,,,,19號十樓之2,121.212574557883,24.9036487631795
桃園市平鎮區莊敬里13鄰中豐路山頂段19號三樓之1,68,6801000,6801000-014,13鄰,中豐路山頂段,,,,,,19號三樓之1,121.212574557883,24.9036487631795
桃園市平鎮區莊敬里13鄰中豐路山頂段19號三樓之2,68,6801000,6801000-014,13鄰,中豐路山頂段,,,,,,19號三樓之2,121.212574557883,24.9036487631795
桃園市平鎮區莊敬里13鄰中豐路山頂段19號四樓之1,68,6801000,6801000-014,13鄰,中豐路山頂段,,,,,,19號四樓之1,121.212574557883,24.9036487631795
桃園市平鎮區莊敬里13鄰中豐路山頂段19號四樓之2,68,6801000,6801000-014,13鄰,中豐路山頂段,,,,,,19號四樓之2,121.212574557883,24.9036487631795
桃園市平鎮區莊敬里13鄰中豐路山頂段19號五樓之1,68,6801000,6801000-014,13鄰,中豐路山頂段,,,,,,19號五樓之1,121.212574557883,24.9036487631795
桃園市平鎮區莊敬里13鄰中豐路山頂段19號五樓之2,68,6801000,6801000-014,13鄰,中豐路山頂段,,,,,,19號五樓之2,121.212574557883,24.9036487631795
桃園市平鎮區莊敬里13鄰中豐路山頂段19號六樓之1,68,6801000,6801000-014,13鄰,中豐路山頂段,,,,,,19號六樓之1,121.212574557883,24.9036487631795
桃園市平鎮區莊敬里13鄰中豐路山頂段19號六樓之2,68,6801000,6801000-014,13鄰,中豐路山頂段,,,,,,19號六樓之2,121.212574557883,24.9036487631795
桃園市平鎮區莊敬里13鄰中豐路山頂段19號七樓之1,68,6801000,6801000-014,13鄰,中豐路山頂段,,,,,,19號七樓之1,121.212574557883,24.9036487631795
桃園市平鎮區莊敬里13鄰中豐路山頂段19號七樓之2,68,6801000,6801000-014,13鄰,中豐路山頂段,,,,,,19號七樓之2,121.212574557883,24.9036487631795
桃園市平鎮區莊敬里13鄰中豐路山頂段19號八樓之1,68,6801000,6801000-014,13鄰,中豐路山頂段,,,,,,19號八樓之1,121.212574557883,24.9036487631795
桃園市平鎮區莊敬里13鄰中豐路山頂段19號八樓之2,68,6801000,6801000-014,13鄰,中豐路山頂段,,,,,,19號八樓之2,121.212574557883,24.9036487631795
桃園市平鎮區莊敬里13鄰中豐路山頂段19號九樓之1,68,6801000,6801000-014,13鄰,中豐路山頂段,,,,,,19號九樓之1,121.212574557883,24.9036487631795
桃園市平鎮區莊敬里13鄰中豐路山頂段19號九樓之2,68,6801000,6801000-014,13鄰,中豐路山頂段,,,,,,19號九樓之2,121.212574557883,24.9036487631795
桃園市平鎮區莊敬里13鄰中豐路山頂段19號十一樓之1,68,6801000,6801000-014,13鄰,中豐路山頂段,,,,,,19號十一樓之1,121.212574557883,24.9036487631795
桃園市平鎮區莊敬里13鄰中豐路山頂段19號十一樓之2,68,6801000,6801000-014,13鄰,中豐路山頂段,,,,,,19號十一樓之2,121.212574557883,24.9036487631795
桃園市平鎮區莊敬里10鄰中豐路山頂段21號,68,6801000,6801000-014,10鄰,中豐路山頂段,,,,,,21號,121.21205618444,24.903442658907
桃園市平鎮區莊敬里10鄰中豐路山頂段21號十樓,68,6801000,6801000-014,10鄰,中豐路山頂段,,,,,,21號十樓,121.21205618444,24.903442658907
桃園市平鎮區莊敬里10鄰中豐路山頂段21號二樓,68,6801000,6801000-014,10鄰,中豐路山頂段,,,,,,21號二樓,121.21205618444,24.903442658907
桃園市平鎮區莊敬里10鄰中豐路山頂段21號三樓,68,6801000,6801000-014,10鄰,中豐路山頂段,,,,,,21號三樓,121.21205618444,24.903442658907
桃園市平鎮區莊敬里10鄰中豐路山頂段21號四樓,68,6801000,6801000-014,10鄰,中豐路山頂段,,,,,,21號四樓,121.21205618444,24.903442658907
桃園市平鎮區莊敬里10鄰中豐路山頂段21號五樓,68,6801000,6801000-014,10鄰,中豐路山頂段,,,,,,21號五樓,121.21205618444,24.903442658907
桃園市平鎮區莊敬里10鄰中豐路山頂段21號六樓,68,6801000,6801000-014,10鄰,中豐路山頂段,,,,,,21號六樓,121.21205618444,24.903442658907
桃園市平鎮區莊敬里10鄰中豐路山頂段21號七樓,68,6801000,6801000-014,10鄰,中豐路山頂段,,,,,,21號七樓,121.21205618444,24.903442658907
桃園市平鎮區莊敬里10鄰中豐路山頂段21號八樓,68,6801000,6801000-014,10鄰,中豐路山頂段,,,,,,21號八樓,121.21205618444,24.903442658907
桃園市平鎮區莊敬里10鄰中豐路山頂段21號九樓,68,6801000,6801000-014,10鄰,中豐路山頂段,,,,,,21號九樓,121.21205618444,24.903442658907
桃園市平鎮區莊敬里10鄰中豐路山頂段21號十一樓,68,6801000,6801000-014,10鄰,中豐路山頂段,,,,,,21號十一樓,121.21205618444,24.903442658907
桃園市平鎮區莊敬里10鄰中豐路山頂段21號十二樓,68,6801000,6801000-014,10鄰,中豐路山頂段,,,,,,21號十二樓,121.21205618444,24.903442658907
桃園市平鎮區莊敬里10鄰中豐路山頂段21號十三樓,68,6801000,6801000-014,10鄰,中豐路山頂段,,,,,,21號十三樓,121.21205618444,24.903442658907
桃園市平鎮區莊敬里10鄰中豐路山頂段21號十四樓,68,6801000,6801000-014,10鄰,中豐路山頂段,,,,,,21號十四樓,121.21205618444,24.903442658907
桃園市平鎮區莊敬里10鄰中豐路山頂段21號十五樓,68,6801000,6801000-014,10鄰,中豐路山頂段,,,,,,21號十五樓,121.21205618444,24.903442658907
桃園市平鎮區莊敬里10鄰中豐路山頂段23號,68,6801000,6801000-014,10鄰,中豐路山頂段,,,,,,23號,121.212059107826,24.9033576066623
桃園市平鎮區莊敬里10鄰中豐路山頂段23號十樓,68,6801000,6801000-014,10鄰,中豐路山頂段,,,,,,23號十樓,121.212059107826,24.9033576066623
桃園市平鎮區莊敬里10鄰中豐路山頂段23號二樓,68,6801000,6801000-014,10鄰,中豐路山頂段,,,,,,23號二樓,121.212059107826,24.9033576066623
桃園市平鎮區莊敬里10鄰中豐路山頂段23號三樓,68,6801000,6801000-014,10鄰,中豐路山頂段,,,,,,23號三樓,121.212059107826,24.9033576066623
桃園市平鎮區莊敬里10鄰中豐路山頂段23號四樓,68,6801000,6801000-014,10鄰,中豐路山頂段,,,,,,23號四樓,121.212059107826,24.9033576066623
桃園市平鎮區莊敬里10鄰中豐路山頂段23號五樓,68,6801000,6801000-014,10鄰,中豐路山頂段,,,,,,23號五樓,121.212059107826,24.9033576066623
桃園市平鎮區莊敬里10鄰中豐路山頂段23號六樓,68,6801000,6801000-014,10鄰,中豐路山頂段,,,,,,23號六樓,121.212059107826,24.9033576066623
桃園市平鎮區莊敬里10鄰中豐路山頂段23號七樓,68,6801000,6801000-014,10鄰,中豐路山頂段,,,,,,23號七樓,121.212059107826,24.9033576066623
桃園市平鎮區莊敬里10鄰中豐路山頂段23號八樓,68,6801000,6801000-014,10鄰,中豐路山頂段,,,,,,23號八樓,121.212059107826,24.9033576066623
桃園市平鎮區莊敬里10鄰中豐路山頂段23號九樓,68,6801000,6801000-014,10鄰,中豐路山頂段,,,,,,23號九樓,121.212059107826,24.9033576066623
桃園市平鎮區莊敬里10鄰中豐路山頂段23號十一樓,68,6801000,6801000-014,10鄰,中豐路山頂段,,,,,,23號十一樓,121.212059107826,24.9033576066623
桃園市平鎮區莊敬里10鄰中豐路山頂段23號十二樓,68,6801000,6801000-014,10鄰,中豐路山頂段,,,,,,23號十二樓,121.212059107826,24.9033576066623
桃園市平鎮區莊敬里10鄰中豐路山頂段23號十三樓,68,6801000,6801000-014,10鄰,中豐路山頂段,,,,,,23號十三樓,121.212059107826,24.9033576066623
桃園市平鎮區莊敬里10鄰中豐路山頂段23號十四樓,68,6801000,6801000-014,10鄰,中豐路山頂段,,,,,,23號十四樓,121.212059107826,24.9033576066623
桃園市平鎮區莊敬里10鄰中豐路山頂段23號十五樓,68,6801000,6801000-014,10鄰,中豐路山頂段,,,,,,23號十五樓,121.212059107826,24.9033576066623
桃園市平鎮區莊敬里10鄰中豐路山頂段25號十樓,68,6801000,6801000-014,10鄰,中豐路山頂段,,,,,,25號十樓,121.212060746026,24.903273549374
桃園市平鎮區莊敬里10鄰中豐路山頂段25號四樓,68,6801000,6801000-014,10鄰,中豐路山頂段,,,,,,25號四樓,121.212060746026,24.903273549374
桃園市平鎮區莊敬里10鄰中豐路山頂段25號五樓,68,6801000,6801000-014,10鄰,中豐路山頂段,,,,,,25號五樓,121.212060746026,24.903273549374
桃園市平鎮區莊敬里10鄰中豐路山頂段25號六樓,68,6801000,6801000-014,10鄰,中豐路山頂段,,,,,,25號六樓,121.212060746026,24.903273549374
桃園市平鎮區莊敬里10鄰中豐路山頂段25號七樓,68,6801000,6801000-014,10鄰,中豐路山頂段,,,,,,25號七樓,121.212060746026,24.903273549374
桃園市平鎮區莊敬里10鄰中豐路山頂段25號八樓,68,6801000,6801000-014,10鄰,中豐路山頂段,,,,,,25號八樓,121.212060746026,24.903273549374
桃園市平鎮區莊敬里10鄰中豐路山頂段25號九樓,68,6801000,6801000-014,10鄰,中豐路山頂段,,,,,,25號九樓,121.212060746026,24.903273549374
桃園市平鎮區莊敬里10鄰中豐路山頂段25號十一樓,68,6801000,6801000-014,10鄰,中豐路山頂段,,,,,,25號十一樓,121.212060746026,24.903273549374
桃園市平鎮區莊敬里10鄰中豐路山頂段25號十二樓,68,6801000,6801000-014,10鄰,中豐路山頂段,,,,,,25號十二樓,121.212060746026,24.903273549374
桃園市平鎮區莊敬里10鄰中豐路山頂段25號十三樓,68,6801000,6801000-014,10鄰,中豐路山頂段,,,,,,25號十三樓,121.212060746026,24.903273549374
桃園市平鎮區莊敬里10鄰中豐路山頂段25號十四樓,68,6801000,6801000-014,10鄰,中豐路山頂段,,,,,,25號十四樓,121.212060746026,24.903273549374
桃園市平鎮區莊敬里10鄰中豐路山頂段25號十五樓,68,6801000,6801000-014,10鄰,中豐路山頂段,,,,,,25號十五樓,121.212060746026,24.903273549374
桃園市平鎮區莊敬里10鄰中豐路山頂段27號,68,6801000,6801000-014,10鄰,中豐路山頂段,,,,,,27號,121.212062868995,24.9031835326121
桃園市平鎮區莊敬里10鄰中豐路山頂段27號十樓,68,6801000,6801000-014,10鄰,中豐路山頂段,,,,,,27號十樓,121.212062868995,24.9031835326121
桃園市平鎮區莊敬里10鄰中豐路山頂段27號二樓,68,6801000,6801000-014,10鄰,中豐路山頂段,,,,,,27號二樓,121.212062868995,24.9031835326121
桃園市平鎮區莊敬里10鄰中豐路山頂段27號三樓,68,6801000,6801000-014,10鄰,中豐路山頂段,,,,,,27號三樓,121.212062868995,24.9031835326121
桃園市平鎮區莊敬里10鄰中豐路山頂段27號四樓,68,6801000,6801000-014,10鄰,中豐路山頂段,,,,,,27號四樓,121.212062868995,24.9031835326121
桃園市平鎮區莊敬里10鄰中豐路山頂段27號五樓,68,6801000,6801000-014,10鄰,中豐路山頂段,,,,,,27號五樓,121.212062868995,24.9031835326121
桃園市平鎮區莊敬里10鄰中豐路山頂段27號六樓,68,6801000,6801000-014,10鄰,中豐路山頂段,,,,,,27號六樓,121.212062868995,24.9031835326121
桃園市平鎮區莊敬里10鄰中豐路山頂段27號七樓,68,6801000,6801000-014,10鄰,中豐路山頂段,,,,,,27號七樓,121.212062868995,24.9031835326121
桃園市平鎮區莊敬里10鄰中豐路山頂段27號八樓,68,6801000,6801000-014,10鄰,中豐路山頂段,,,,,,27號八樓,121.212062868995,24.9031835326121
桃園市平鎮區莊敬里10鄰中豐路山頂段27號九樓,68,6801000,6801000-014,10鄰,中豐路山頂段,,,,,,27號九樓,121.212062868995,24.9031835326121
桃園市平鎮區莊敬里10鄰中豐路山頂段27號十一樓,68,6801000,6801000-014,10鄰,中豐路山頂段,,,,,,27號十一樓,121.212062868995,24.9031835326121
桃園市平鎮區莊敬里10鄰中豐路山頂段27號十二樓,68,6801000,6801000-014,10鄰,中豐路山頂段,,,,,,27號十二樓,121.212062868995,24.9031835326121
桃園市平鎮區莊敬里10鄰中豐路山頂段27號十三樓,68,6801000,6801000-014,10鄰,中豐路山頂段,,,,,,27號十三樓,121.212062868995,24.9031835326121
桃園市平鎮區莊敬里10鄰中豐路山頂段27號十四樓,68,6801000,6801000-014,10鄰,中豐路山頂段,,,,,,27號十四樓,121.212062868995,24.9031835326121
桃園市平鎮區莊敬里10鄰中豐路山頂段27號十五樓,68,6801000,6801000-014,10鄰,中豐路山頂段,,,,,,27號十五樓,121.212062868995,24.9031835326121
桃園市平鎮區莊敬里4鄰中豐路山頂段75之1號,68,6801000,6801000-014,4鄰,中豐路山頂段,,,,,,75之1號,121.211811432111,24.902197530493
桃園市平鎮區莊敬里4鄰中豐路山頂段75號,68,6801000,6801000-014,4鄰,中豐路山頂段,,,,,,75號,121.21179804602,24.9021553865834
桃園市平鎮區莊敬里4鄰中豐路山頂段83號,68,6801000,6801000-014,4鄰,中豐路山頂段,,,,,,83號,121.211785788482,24.9021132771841
桃園市平鎮區莊敬里4鄰中豐路山頂段85號,68,6801000,6801000-014,4鄰,中豐路山頂段,,,,,,85號,121.211773540852,24.9020711677694
桃園市平鎮區莊敬里4鄰中豐路山頂段87號,68,6801000,6801000-014,4鄰,中豐路山頂段,,,,,,87號,121.211761283331,24.9020290583676
桃園市平鎮區莊敬里4鄰中豐路山頂段89號,68,6801000,6801000-014,4鄰,中豐路山頂段,,,,,,89號,121.211749035718,24.9019869489503
桃園市平鎮區莊敬里4鄰中豐路山頂段91號,68,6801000,6801000-014,4鄰,中豐路山頂段,,,,,,91號,121.211736778214,24.9019448395458
桃園市平鎮區莊敬里4鄰中豐路山頂段93號,68,6801000,6801000-014,4鄰,中豐路山頂段,,,,,,93號,121.211724530618,24.901902730126
桃園市平鎮區莊敬里4鄰中豐路山頂段95號,68,6801000,6801000-014,4鄰,中豐路山頂段,,,,,,95號,121.211712273131,24.9018606207189
桃園市平鎮區莊敬里4鄰中豐路山頂段99號,68,6801000,6801000-014,4鄰,中豐路山頂段,,,,,,99號,121.211700025567,24.9018185203249
桃園市平鎮區莊敬里4鄰中豐路山頂段101號,68,6801000,6801000-014,4鄰,中豐路山頂段,,,,,,101號,121.211687777996,24.9017764109012
桃園市平鎮區莊敬里4鄰中豐路山頂段103巷1號,68,6801000,6801000-014,4鄰,中豐路山頂段,,103巷,,,,1號,121.211891366843,24.9016468614074
桃園市平鎮區莊敬里4鄰中豐路山頂段103巷2之1號,68,6801000,6801000-014,4鄰,中豐路山頂段,,103巷,,,,2之1號,121.211783974029,24.9015952808063
桃園市平鎮區莊敬里4鄰中豐路山頂段103巷2號,68,6801000,6801000-014,4鄰,中豐路山頂段,,103巷,,,,2號,121.211797950411,24.9016643286988
桃園市平鎮區莊敬里4鄰中豐路山頂段103巷3號,68,6801000,6801000-014,4鄰,中豐路山頂段,,103巷,,,,3號,121.211878373523,24.9015738396044
桃園市平鎮區莊敬里4鄰中豐路山頂段103巷5號,68,6801000,6801000-014,4鄰,中豐路山頂段,,103巷,,,,5號,121.211851034321,24.9015052621172
桃園市平鎮區莊敬里4鄰中豐路山頂段103巷6號,68,6801000,6801000-014,4鄰,中豐路山頂段,,103巷,,,,6號,121.211761980144,24.9015266054302
桃園市平鎮區莊敬里4鄰中豐路山頂段103巷7號,68,6801000,6801000-014,4鄰,中豐路山頂段,,103巷,,,,7號,121.211821034767,24.9014439111709
桃園市平鎮區莊敬里4鄰中豐路山頂段103巷8號,68,6801000,6801000-014,4鄰,中豐路山頂段,,103巷,,,,8號,121.211745925023,24.9014575604831
桃園市平鎮區莊敬里4鄰中豐路山頂段105號,68,6801000,6801000-014,4鄰,中豐路山頂段,,,,,,105號,121.211669542499,24.9017116395042
桃園市平鎮區莊敬里4鄰中豐路山頂段107號,68,6801000,6801000-014,4鄰,中豐路山頂段,,,,,,107號,121.211657693925,24.9016712990898
桃園市平鎮區莊敬里4鄰中豐路山頂段109號,68,6801000,6801000-014,4鄰,中豐路山頂段,,,,,,109號,121.211645946658,24.9016323127997
桃園市平鎮區莊敬里4鄰中豐路山頂段111號,68,6801000,6801000-014,4鄰,中豐路山頂段,,,,,,111號,121.211636276635,24.9015924207156
桃園市平鎮區莊敬里4鄰中豐路山頂段113號,68,6801000,6801000-014,4鄰,中豐路山頂段,,,,,,113號,121.211622802549,24.9015508457041
桃園市平鎮區莊敬里4鄰中豐路山頂段115號,68,6801000,6801000-014,4鄰,中豐路山頂段,,,,,,115號,121.211611775894,24.9015106666314
桃園市平鎮區莊敬里4鄰中豐路山頂段117號,68,6801000,6801000-014,4鄰,中豐路山頂段,,,,,,117號,121.211600749231,24.9014704785293
桃園市平鎮區莊敬里4鄰中豐路山頂段119號,68,6801000,6801000-014,4鄰,中豐路山頂段,,,,,,119號,121.211589079375,24.9014304267651
桃園市平鎮區莊敬里4鄰中豐路山頂段121號,68,6801000,6801000-014,4鄰,中豐路山頂段,,,,,,121號,121.211577826329,24.9013909883441
桃園市平鎮區莊敬里4鄰中豐路山頂段123號,68,6801000,6801000-014,4鄰,中豐路山頂段,,,,,,123號,121.211564885088,24.9013483923542
桃園市平鎮區莊敬里4鄰中豐路山頂段125號,68,6801000,6801000-014,4鄰,中豐路山頂段,,,,,,125號,121.21155293113,24.9013042601244
桃園市平鎮區莊敬里4鄰中豐路山頂段127號,68,6801000,6801000-014,4鄰,中豐路山頂段,,,,,,127號,121.211541184085,24.9012653641081
桃園市平鎮區莊敬里4鄰中豐路山頂段129號,68,6801000,6801000-014,4鄰,中豐路山頂段,,,,,,129號,121.211529933531,24.9012273702329
桃園市平鎮區莊敬里4鄰中豐路山頂段131號,68,6801000,6801000-014,4鄰,中豐路山頂段,,,,,,131號,121.211519179161,24.9011900979302
桃園市平鎮區莊敬里4鄰中豐路山頂段133號,68,6801000,6801000-014,4鄰,中豐路山頂段,,,,,,133號,121.211509021655,24.9011545401883
桃園市平鎮區莊敬里4鄰中豐路山頂段135號,68,6801000,6801000-014,4鄰,中豐路山頂段,,,,,,135號,121.211496573715,24.9011109503606
桃園市平鎮區莊敬里4鄰中豐路山頂段137號,68,6801000,6801000-014,4鄰,中豐路山頂段,,,,,,137號,121.211485117057,24.9010681716881
桃園市平鎮區莊敬里4鄰中豐路山頂段139號,68,6801000,6801000-014,4鄰,中豐路山頂段,,,,,,139號,121.211471676476,24.9010229581416
桃園市平鎮區莊敬里4鄰中豐路山頂段141之1號,68,6801000,6801000-014,4鄰,中豐路山頂段,,,,,,141之1號,121.21143443498,24.9008940844747
桃園市平鎮區莊敬里4鄰中豐路山頂段143號,68,6801000,6801000-014,4鄰,中豐路山頂段,,,,,,143號,121.211418300208,24.9008362348921
桃園市平鎮區莊敬里4鄰中豐路山頂段145號,68,6801000,6801000-014,4鄰,中豐路山頂段,,,,,,145號,121.211407346852,24.9007983308686
桃園市平鎮區莊敬里4鄰中豐路山頂段147號,68,6801000,6801000-014,4鄰,中豐路山頂段,,,,,,147號,121.211396790842,24.9007612388428
桃園市平鎮區莊敬里4鄰中豐路山頂段149號,68,6801000,6801000-014,4鄰,中豐路山頂段,,,,,,149號,121.211386039628,24.9007257722159
桃園市平鎮區莊敬里4鄰中豐路山頂段151號,68,6801000,6801000-014,4鄰,中豐路山頂段,,,,,,151號,121.211375283347,24.9006873262024
桃園市平鎮區莊敬里4鄰中豐路山頂段153號,68,6801000,6801000-014,4鄰,中豐路山頂段,,,,,,153號,121.211362639831,24.9006450909069
桃園市平鎮區莊敬里4鄰中豐路山頂段153之1號,68,6801000,6801000-014,4鄰,中豐路山頂段,,,,,,153之1號,121.211362639831,24.9006450909069
桃園市平鎮區莊敬里4鄰中豐路山頂段155號,68,6801000,6801000-014,4鄰,中豐路山頂段,,,,,,155號,121.211349093434,24.9005958146877
桃園市平鎮區莊敬里4鄰中豐路山頂段157號,68,6801000,6801000-014,4鄰,中豐路山頂段,,,,,,157號,121.211337243536,24.9005545713962
桃園市平鎮區莊敬里4鄰中豐路山頂段159號,68,6801000,6801000-014,4鄰,中豐路山頂段,,,,,,159號,121.211326490667,24.9005181116352
桃園市平鎮區莊敬里4鄰中豐路山頂段161號,68,6801000,6801000-014,4鄰,中豐路山頂段,,,,,,161號,121.211316230133,24.9004801163372
桃園市平鎮區莊敬里4鄰中豐路山頂段163號,68,6801000,6801000-014,4鄰,中豐路山頂段,,,,,,163號,121.211305575497,24.900443205012
