FULL_ADDR,COUNTY,TOWN,VILLAGE,NEIGHBORHOOD,ROAD,SECTION,LANE,ALLEY,SUB_ALLEY,TONG,NUMBER,X,Y
桃園市新屋區東明里5鄰上庄路43號,68,6801100,6801100-009,5鄰,上庄路,,,,,,43號,121.086195390116,24.9746316690933
桃園市新屋區東明里5鄰上庄路55號,68,6801100,6801100-009,5鄰,上庄路,,,,,,55號,121.086136239571,24.9747470863673
桃園市新屋區東明里4鄰上庄路121號,68,6801100,6801100-009,4鄰,上庄路,,,,,,121號,121.086523951762,24.9739497434712
桃園市新屋區東明里3鄰上庄路353號,68,6801100,6801100-009,3鄰,上庄路,,,,,,353號,121.086181831002,24.969386260989
桃園市新屋區東明里3鄰上庄路450號,68,6801100,6801100-009,3鄰,上庄路,,,,,,450號,121.08570323127,24.9690737929885
桃園市新屋區東明里3鄰上庄路462號,68,6801100,6801100-009,3鄰,上庄路,,,,,,462號,121.085817515825,24.9687707335964
桃園市新屋區東明里3鄰上庄路490號,68,6801100,6801100-009,3鄰,上庄路,,,,,,490號,121.086261594304,24.9685808802984
桃園市新屋區東明里6鄰上庄路579號,68,6801100,6801100-009,6鄰,上庄路,,,,,,579號,121.082997677124,24.9680825611851
桃園市新屋區東明里6鄰上庄路645號,68,6801100,6801100-009,6鄰,上庄路,,,,,,645號,121.081441646488,24.9679865454732
