FULL_ADDR,COUNTY,TOWN,VILLAGE,NEIGHBORHOOD,ROAD,SECTION,LANE,ALLEY,SUB_ALLEY,TONG,NUMBER,X,Y
桃園市新屋區永安里7鄰中山西路三段臨243號,68,6801100,6801100-016,7鄰,中山西路三段臨,,,,,,243號,121.04073684274,24.9875859525708
桃園市新屋區永安里6鄰中山西路三段臨358號,68,6801100,6801100-016,6鄰,中山西路三段臨,,,,,,358號,121.037986993521,24.9883050693665
桃園市新屋區永安里6鄰中山西路三段臨360號,68,6801100,6801100-016,6鄰,中山西路三段臨,,,,,,360號,121.037930627609,24.9883013821017
桃園市新屋區永安里6鄰中山西路三段臨362號,68,6801100,6801100-016,6鄰,中山西路三段臨,,,,,,362號,121.037886351451,24.988312408023
桃園市新屋區永安里6鄰中山西路三段臨364號,68,6801100,6801100-016,6鄰,中山西路三段臨,,,,,,364號,121.037828007721,24.9883197358654
桃園市新屋區永安里9鄰中山西路三段臨556號,68,6801100,6801100-016,9鄰,中山西路三段臨,,,,,,556號,121.03324347603,24.988820552302
桃園市新屋區永安里11鄰中山西路三段臨782號,68,6801100,6801100-016,11鄰,中山西路三段臨,,,,,,782號,121.027400867428,24.9889863304378
