FULL_ADDR,COUNTY,TOWN,VILLAGE,NEIGHBORHOOD,ROAD,SECTION,LANE,ALLEY,SUB_ALLEY,TONG,NUMBER,X,Y
桃園市大溪區仁和里7鄰仁和路一段23巷1號,68,6800300,6800300-027,7鄰,仁和路,一段,23巷,,,,1號,121.278409399408,24.897477383545
桃園市大溪區仁和里7鄰仁和路一段23巷2號,68,6800300,6800300-027,7鄰,仁和路,一段,23巷,,,,2號,121.278222568693,24.8976785244826
桃園市大溪區仁和里7鄰仁和路一段23巷3號,68,6800300,6800300-027,7鄰,仁和路,一段,23巷,,,,3號,121.278422842173,24.8974246323859
桃園市大溪區仁和里7鄰仁和路一段23巷4號,68,6800300,6800300-027,7鄰,仁和路,一段,23巷,,,,4號,121.278255598184,24.8976201391848
桃園市大溪區仁和里7鄰仁和路一段23巷5號,68,6800300,6800300-027,7鄰,仁和路,一段,23巷,,,,5號,121.278433500777,24.8973662887893
桃園市大溪區仁和里7鄰仁和路一段23巷6號,68,6800300,6800300-027,7鄰,仁和路,一段,23巷,,,,6號,121.278271709999,24.8975657579436
桃園市大溪區仁和里7鄰仁和路一段23巷7號,68,6800300,6800300-027,7鄰,仁和路,一段,23巷,,,,7號,121.278445165427,24.8973151660643
桃園市大溪區仁和里7鄰仁和路一段23巷8號,68,6800300,6800300-027,7鄰,仁和路,一段,23巷,,,,8號,121.278288711052,24.8975106527669
桃園市大溪區仁和里7鄰仁和路一段23巷9號,68,6800300,6800300-027,7鄰,仁和路,一段,23巷,,,,9號,121.278454951167,24.897264859404
桃園市大溪區仁和里7鄰仁和路一段23巷10號,68,6800300,6800300-027,7鄰,仁和路,一段,23巷,,,,10號,121.278297609643,24.897461972891
桃園市大溪區仁和里7鄰仁和路一段23巷11號,68,6800300,6800300-027,7鄰,仁和路,一段,23巷,,,,11號,121.27846572331,24.8972130160674
桃園市大溪區仁和里7鄰仁和路一段23巷12號,68,6800300,6800300-027,7鄰,仁和路,一段,23巷,,,,12號,121.278315513282,24.8974121025212
桃園市大溪區仁和里7鄰仁和路一段23巷13號,68,6800300,6800300-027,7鄰,仁和路,一段,23巷,,,,13號,121.278486752449,24.8971444509764
桃園市大溪區仁和里7鄰仁和路一段23巷14號,68,6800300,6800300-027,7鄰,仁和路,一段,23巷,,,,14號,121.278328950614,24.8973569137018
桃園市大溪區仁和里7鄰仁和路一段23巷16號,68,6800300,6800300-027,7鄰,仁和路,一段,23巷,,,,16號,121.278340507413,24.8973018186732
桃園市大溪區仁和里7鄰仁和路一段23巷18號,68,6800300,6800300-027,7鄰,仁和路,一段,23巷,,,,18號,121.278354841058,24.897249065857
桃園市大溪區仁和里7鄰仁和路一段23巷20號,68,6800300,6800300-027,7鄰,仁和路,一段,23巷,,,,20號,121.278367400445,24.8971996568713
桃園市大溪區仁和里7鄰仁和路一段23巷22號,68,6800300,6800300-027,7鄰,仁和路,一段,23巷,,,,22號,121.278381629615,24.8971444665687
桃園市大溪區仁和里7鄰仁和路一段23巷24號,68,6800300,6800300-027,7鄰,仁和路,一段,23巷,,,,24號,121.27839418149,24.8970917170721
桃園市大溪區仁和里7鄰仁和路一段23巷26號,68,6800300,6800300-027,7鄰,仁和路,一段,23巷,,,,26號,121.278411204295,24.8970463625514
桃園市大溪區仁和里7鄰仁和路一段25號,68,6800300,6800300-027,7鄰,仁和路,一段,,,,,25號,121.278444301213,24.8976359480663
桃園市大溪區仁和里7鄰仁和路一段27號,68,6800300,6800300-027,7鄰,仁和路,一段,,,,,27號,121.278411129082,24.8976748322465
桃園市大溪區仁和里7鄰仁和路一段29號,68,6800300,6800300-027,7鄰,仁和路,一段,,,,,29號,121.278381711304,24.8977105494618
桃園市大溪區仁和里7鄰仁和路一段31號,68,6800300,6800300-027,7鄰,仁和路,一段,,,,,31號,121.27834991137,24.8977433820151
桃園市大溪區仁和里7鄰仁和路一段33號,68,6800300,6800300-027,7鄰,仁和路,一段,,,,,33號,121.278317721954,24.8977791043881
桃園市大溪區仁和里7鄰仁和路一段35號,68,6800300,6800300-027,7鄰,仁和路,一段,,,,,35號,121.278288201293,24.8978131063736
桃園市大溪區仁和里7鄰仁和路一段37巷1號,68,6800300,6800300-027,7鄰,仁和路,一段,37巷,,,,1號,121.278061366296,24.8977432880222
桃園市大溪區仁和里7鄰仁和路一段39號,68,6800300,6800300-027,7鄰,仁和路,一段,,,,,39號,121.2781964923,24.8979243271682
桃園市大溪區仁和里7鄰仁和路一段41號,68,6800300,6800300-027,7鄰,仁和路,一段,,,,,41號,121.278155805374,24.8979669269614
桃園市大溪區仁和里7鄰仁和路一段43號,68,6800300,6800300-027,7鄰,仁和路,一段,,,,,43號,121.278127171047,24.8979989410063
桃園市大溪區仁和里7鄰仁和路一段45號,68,6800300,6800300-027,7鄰,仁和路,一段,,,,,45號,121.278095869544,24.8980333976948
桃園市大溪區仁和里7鄰仁和路一段47號,68,6800300,6800300-027,7鄰,仁和路,一段,,,,,47號,121.278057936967,24.898068318156
桃園市大溪區仁和里7鄰仁和路一段49號,68,6800300,6800300-027,7鄰,仁和路,一段,,,,,49號,121.27802900806,24.8981014161434
桃園市大溪區仁和里7鄰仁和路一段51號,68,6800300,6800300-027,7鄰,仁和路,一段,,,,,51號,121.278001256457,24.8981298171444
桃園市大溪區仁和里7鄰仁和路一段53號,68,6800300,6800300-027,7鄰,仁和路,一段,,,,,53號,121.277967286708,24.8981662650333
桃園市大溪區仁和里7鄰仁和路一段55號,68,6800300,6800300-027,7鄰,仁和路,一段,,,,,55號,121.27793598067,24.8981987354404
桃園市大溪區仁和里7鄰仁和路一段57號,68,6800300,6800300-027,7鄰,仁和路,一段,,,,,57號,121.277905567312,24.8982320167375
桃園市大溪區仁和里7鄰仁和路一段59號,68,6800300,6800300-027,7鄰,仁和路,一段,,,,,59號,121.277876050068,24.8982676437532
桃園市大溪區仁和里7鄰仁和路一段61號,68,6800300,6800300-027,7鄰,仁和路,一段,,,,,61號,121.2778447458,24.8983009266971
桃園市大溪區仁和里7鄰仁和路一段63號,68,6800300,6800300-027,7鄰,仁和路,一段,,,,,63號,121.277816209495,24.898332579362
桃園市大溪區仁和里7鄰仁和路一段65號,68,6800300,6800300-027,7鄰,仁和路,一段,,,,,65號,121.277785794051,24.8983649577948
桃園市大溪區仁和里7鄰仁和路一段67號,68,6800300,6800300-027,7鄰,仁和路,一段,,,,,67號,121.277752219311,24.8984010437616
桃園市大溪區仁和里7鄰仁和路一段69號,68,6800300,6800300-027,7鄰,仁和路,一段,,,,,69號,121.277722700368,24.8984359484749
桃園市大溪區仁和里7鄰仁和路一段71號,68,6800300,6800300-027,7鄰,仁和路,一段,,,,,71號,121.277691495003,24.8984692312023
桃園市大溪區仁和里7鄰仁和路一段73號,68,6800300,6800300-027,7鄰,仁和路,一段,,,,,73號,121.277659297737,24.8985016129254
桃園市大溪區仁和里7鄰仁和路一段75號,68,6800300,6800300-027,7鄰,仁和路,一段,,,,,75號,121.277590436448,24.8985608773143
桃園市大溪區仁和里7鄰仁和路一段75號二樓之1,68,6800300,6800300-027,7鄰,仁和路,一段,,,,,75號二樓之1,121.277590436448,24.8985608773143
桃園市大溪區仁和里7鄰仁和路一段75號三樓之1,68,6800300,6800300-027,7鄰,仁和路,一段,,,,,75號三樓之1,121.277590436448,24.8985608773143
桃園市大溪區仁和里7鄰仁和路一段75號三樓之2,68,6800300,6800300-027,7鄰,仁和路,一段,,,,,75號三樓之2,121.277590436448,24.8985608773143
桃園市大溪區仁和里7鄰仁和路一段75號四樓之1,68,6800300,6800300-027,7鄰,仁和路,一段,,,,,75號四樓之1,121.277590436448,24.8985608773143
桃園市大溪區仁和里7鄰仁和路一段75號四樓之2,68,6800300,6800300-027,7鄰,仁和路,一段,,,,,75號四樓之2,121.277590436448,24.8985608773143
桃園市大溪區仁和里7鄰仁和路一段75號五樓之1,68,6800300,6800300-027,7鄰,仁和路,一段,,,,,75號五樓之1,121.277590436448,24.8985608773143
桃園市大溪區仁和里7鄰仁和路一段75號二樓之2,68,6800300,6800300-027,7鄰,仁和路,一段,,,,,75號二樓之2,121.277590436448,24.8985608773143
桃園市大溪區仁和里7鄰仁和路一段75號五樓之2,68,6800300,6800300-027,7鄰,仁和路,一段,,,,,75號五樓之2,121.277590436448,24.8985608773143
桃園市大溪區仁和里8鄰仁和路一段87號,68,6800300,6800300-027,8鄰,仁和路,一段,,,,,87號,121.27738481941,24.8988171256069
桃園市大溪區仁和里8鄰仁和路一段89號,68,6800300,6800300-027,8鄰,仁和路,一段,,,,,89號,121.277350842029,24.8988503231317
桃園市大溪區仁和里8鄰仁和路一段91號,68,6800300,6800300-027,8鄰,仁和路,一段,,,,,91號,121.277322215563,24.8988860386655
桃園市大溪區仁和里8鄰仁和路一段93號,68,6800300,6800300-027,8鄰,仁和路,一段,,,,,93號,121.277291796426,24.8989168821697
桃園市大溪區仁和里8鄰仁和路一段95號,68,6800300,6800300-027,8鄰,仁和路,一段,,,,,95號,121.277264051531,24.8989484429731
桃園市大溪區仁和里8鄰仁和路一段97號,68,6800300,6800300-027,8鄰,仁和路,一段,,,,,97號,121.277232750558,24.8989833509003
桃園市大溪區仁和里8鄰仁和路一段99號,68,6800300,6800300-027,8鄰,仁和路,一段,,,,,99號,121.277204228457,24.8990215038951
桃園市大溪區仁和里8鄰仁和路一段101號,68,6800300,6800300-027,8鄰,仁和路,一段,,,,,101號,121.277174992665,24.8990503589208
桃園市大溪區仁和里8鄰仁和路一段103號,68,6800300,6800300-027,8鄰,仁和路,一段,,,,,103號,121.277147260612,24.8990876978778
桃園市大溪區仁和里8鄰仁和路一段105號,68,6800300,6800300-027,8鄰,仁和路,一段,,,,,105號,121.277117833873,24.8991197131996
桃園市大溪區仁和里8鄰仁和路一段107號,68,6800300,6800300-027,8鄰,仁和路,一段,,,,,107號,121.277087815816,24.8991529033105
桃園市大溪區仁和里8鄰仁和路一段109號,68,6800300,6800300-027,8鄰,仁和路,一段,,,,,109號,121.277057006452,24.8991863657377
桃園市大溪區仁和里8鄰仁和路一段111號,68,6800300,6800300-027,8鄰,仁和路,一段,,,,,111號,121.277028869318,24.8992196426283
桃園市大溪區仁和里8鄰仁和路一段113號,68,6800300,6800300-027,8鄰,仁和路,一段,,,,,113號,121.276996670477,24.8992514825044
桃園市大溪區仁和里8鄰仁和路一段115號,68,6800300,6800300-027,8鄰,仁和路,一段,,,,,115號,121.27696487623,24.89928720385
桃園市大溪區仁和里8鄰仁和路一段117號,68,6800300,6800300-027,8鄰,仁和路,一段,,,,,117號,121.276939903815,24.8993192108679
桃園市大溪區仁和里8鄰仁和路一段119號,68,6800300,6800300-027,8鄰,仁和路,一段,,,,,119號,121.276908796805,24.8993524029638
桃園市大溪區仁和里8鄰仁和路一段121號,68,6800300,6800300-027,8鄰,仁和路,一段,,,,,121號,121.276880162039,24.899384507053
桃園市大溪區仁和里8鄰仁和路一段123號,68,6800300,6800300-027,8鄰,仁和路,一段,,,,,123號,121.27685024385,24.8994181483522
桃園市大溪區仁和里8鄰仁和路一段125號,68,6800300,6800300-027,8鄰,仁和路,一段,,,,,125號,121.276817352001,24.8994499894753
桃園市大溪區仁和里8鄰仁和路一段127號,68,6800300,6800300-027,8鄰,仁和路,一段,,,,,127號,121.276788328287,24.899485254221
桃園市大溪區仁和里8鄰仁和路一段129號,68,6800300,6800300-027,8鄰,仁和路,一段,,,,,129號,121.276760586359,24.8995182594744
桃園市大溪區仁和里8鄰仁和路一段131號,68,6800300,6800300-027,8鄰,仁和路,一段,,,,,131號,121.276731954939,24.8995518983628
桃園市大溪區仁和里8鄰仁和路一段133號,68,6800300,6800300-027,8鄰,仁和路,一段,,,,,133號,121.276698469704,24.8995840114132
桃園市大溪區仁和里8鄰仁和路一段135號,68,6800300,6800300-027,8鄰,仁和路,一段,,,,,135號,121.276669839058,24.8996180114257
桃園市大溪區仁和里8鄰仁和路一段137號,68,6800300,6800300-027,8鄰,仁和路,一段,,,,,137號,121.276645754771,24.8996488430504
桃園市大溪區仁和里8鄰仁和路一段141號,68,6800300,6800300-027,8鄰,仁和路,一段,,,,,141號,121.276559539782,24.8997391969572
桃園市大溪區仁和里8鄰仁和路一段143號,68,6800300,6800300-027,8鄰,仁和路,一段,,,,,143號,121.276530910872,24.8997740094988
桃園市大溪區仁和里8鄰仁和路一段145號,68,6800300,6800300-027,8鄰,仁和路,一段,,,,,145號,121.276503261161,24.8998040351493
桃園市大溪區仁和里9鄰仁和路一段151號,68,6800300,6800300-027,9鄰,仁和路,一段,,,,,151號,121.274068774383,24.9017861155064
桃園市大溪區仁和里9鄰仁和路一段159之1號,68,6800300,6800300-027,9鄰,仁和路,一段,,,,,159之1號,121.276020252241,24.9002280019903
桃園市大溪區仁和里9鄰仁和路一段159號,68,6800300,6800300-027,9鄰,仁和路,一段,,,,,159號,121.276159635419,24.9003204660967
桃園市大溪區仁和里9鄰仁和路一段175號,68,6800300,6800300-027,9鄰,仁和路,一段,,,,,175號,121.275803256678,24.9008010769255
桃園市大溪區仁和里9鄰仁和路一段179號,68,6800300,6800300-027,9鄰,仁和路,一段,,,,,179號,121.275780554775,24.900830551588
桃園市大溪區仁和里9鄰仁和路一段181號,68,6800300,6800300-027,9鄰,仁和路,一段,,,,,181號,121.275765473557,24.9008593801712
桃園市大溪區仁和里9鄰仁和路一段183號,68,6800300,6800300-027,9鄰,仁和路,一段,,,,,183號,121.275752254657,24.9008798991507
桃園市大溪區仁和里9鄰仁和路一段185號,68,6800300,6800300-027,9鄰,仁和路,一段,,,,,185號,121.275733338555,24.9009202912149
桃園市大溪區仁和里9鄰仁和路一段187號,68,6800300,6800300-027,9鄰,仁和路,一段,,,,,187號,121.275713819084,24.9009564410272
桃園市大溪區仁和里9鄰仁和路一段189號,68,6800300,6800300-027,9鄰,仁和路,一段,,,,,189號,121.275692336478,24.9010000880653
桃園市大溪區仁和里9鄰仁和路一段191號,68,6800300,6800300-027,9鄰,仁和路,一段,,,,,191號,121.275669654165,24.9010384105404
桃園市大溪區仁和里9鄰仁和路一段197之1號,68,6800300,6800300-027,9鄰,仁和路,一段,,,,,197之1號,121.275171427574,24.9012099677012
桃園市大溪區仁和里9鄰仁和路一段199號,68,6800300,6800300-027,9鄰,仁和路,一段,,,,,199號,121.27538109455,24.9013921357965
桃園市大溪區仁和里9鄰仁和路一段201號,68,6800300,6800300-027,9鄰,仁和路,一段,,,,,201號,121.275335700775,24.9014111792891
桃園市大溪區仁和里9鄰仁和路一段203號,68,6800300,6800300-027,9鄰,仁和路,一段,,,,,203號,121.275297239205,24.9014315642418
桃園市大溪區仁和里9鄰仁和路一段205號,68,6800300,6800300-027,9鄰,仁和路,一段,,,,,205號,121.275260648398,24.9014474315159
桃園市大溪區仁和里9鄰仁和路一段207號,68,6800300,6800300-027,9鄰,仁和路,一段,,,,,207號,121.27521475964,24.9014664758851
桃園市大溪區仁和里9鄰仁和路一段209號,68,6800300,6800300-027,9鄰,仁和路,一段,,,,,209號,121.275159083184,24.901491045637
桃園市大溪區仁和里9鄰仁和路一段211號,68,6800300,6800300-027,9鄰,仁和路,一段,,,,,211號,121.27511813503,24.9015061083534
桃園市大溪區仁和里9鄰仁和路一段213號,68,6800300,6800300-027,9鄰,仁和路,一段,,,,,213號,121.27508203632,24.9015207106955
桃園市大溪區仁和里9鄰仁和路一段219號,68,6800300,6800300-027,9鄰,仁和路,一段,,,,,219號,121.274968140352,24.9015390678055
桃園市大溪區仁和里9鄰仁和路一段223號,68,6800300,6800300-027,9鄰,仁和路,一段,,,,,223號,121.274901772614,24.9015634765969
桃園市大溪區仁和里9鄰仁和路一段225號,68,6800300,6800300-027,9鄰,仁和路,一段,,,,,225號,121.274859305979,24.9015633742705
桃園市大溪區仁和里9鄰仁和路一段227號,68,6800300,6800300-027,9鄰,仁和路,一段,,,,,227號,121.274810454846,24.901585764494
桃園市大溪區仁和里9鄰仁和路一段229號,68,6800300,6800300-027,9鄰,仁和路,一段,,,,,229號,121.274774845423,24.9015978378992
桃園市大溪區仁和里9鄰仁和路一段231號,68,6800300,6800300-027,9鄰,仁和路,一段,,,,,231號,121.274734494918,24.9016146148125
桃園市大溪區仁和里9鄰仁和路一段233號,68,6800300,6800300-027,9鄰,仁和路,一段,,,,,233號,121.274691462707,24.9016273338568
桃園市大溪區仁和里9鄰仁和路一段235號,68,6800300,6800300-027,9鄰,仁和路,一段,,,,,235號,121.274638988285,24.9016675167114
桃園市大溪區仁和里9鄰仁和路一段237號,68,6800300,6800300-027,9鄰,仁和路,一段,,,,,237號,121.274581096113,24.9016750265859
桃園市大溪區仁和里9鄰仁和路一段239巷1號,68,6800300,6800300-027,9鄰,仁和路,一段,239巷,,,,1號,121.274559962688,24.9015187832766
桃園市大溪區仁和里9鄰仁和路一段239巷3號,68,6800300,6800300-027,9鄰,仁和路,一段,239巷,,,,3號,121.274538900159,24.9014840625627
桃園市大溪區仁和里9鄰仁和路一段239巷5號,68,6800300,6800300-027,9鄰,仁和路,一段,239巷,,,,5號,121.274517822265,24.901442389979
桃園市大溪區仁和里9鄰仁和路一段239巷7號,68,6800300,6800300-027,9鄰,仁和路,一段,239巷,,,,7號,121.27446808077,24.9014202715455
桃園市大溪區仁和里9鄰仁和路一段239巷9號,68,6800300,6800300-027,9鄰,仁和路,一段,239巷,,,,9號,121.274477669456,24.9013695141012
桃園市大溪區仁和里9鄰仁和路一段239巷11號,68,6800300,6800300-027,9鄰,仁和路,一段,239巷,,,,11號,121.274451155808,24.9013317337345
桃園市大溪區仁和里9鄰仁和路一段239巷13號,68,6800300,6800300-027,9鄰,仁和路,一段,239巷,,,,13號,121.274431070252,24.901291142724
桃園市大溪區仁和里9鄰仁和路一段239巷15號,68,6800300,6800300-027,9鄰,仁和路,一段,239巷,,,,15號,121.274415263379,24.9012605654038
桃園市大溪區仁和里9鄰仁和路一段239巷17弄1號,68,6800300,6800300-027,9鄰,仁和路,一段,239巷,17弄,,,1號,121.274544186678,24.9012336943354
桃園市大溪區仁和里9鄰仁和路一段239巷17弄2號,68,6800300,6800300-027,9鄰,仁和路,一段,239巷,17弄,,,2號,121.2745575259,24.9011779643441
桃園市大溪區仁和里9鄰仁和路一段239巷17弄3號,68,6800300,6800300-027,9鄰,仁和路,一段,239巷,17弄,,,3號,121.274630090533,24.9012700111104
桃園市大溪區仁和里9鄰仁和路一段239巷17弄9號,68,6800300,6800300-027,9鄰,仁和路,一段,239巷,17弄,,,9號,121.27471400707,24.9013029006894
桃園市大溪區仁和里9鄰仁和路一段239巷17弄15號,68,6800300,6800300-027,9鄰,仁和路,一段,239巷,17弄,,,15號,121.274805734096,24.9014208236898
桃園市大溪區仁和里9鄰仁和路一段239巷17弄20號,68,6800300,6800300-027,9鄰,仁和路,一段,239巷,17弄,,,20號,121.274918024155,24.9013478476335
桃園市大溪區仁和里9鄰仁和路一段239巷19號,68,6800300,6800300-027,9鄰,仁和路,一段,239巷,,,,19號,121.274365074328,24.901215064111
桃園市大溪區仁和里9鄰仁和路一段239巷21號,68,6800300,6800300-027,9鄰,仁和路,一段,239巷,,,,21號,121.274345980102,24.9011751032556
桃園市大溪區仁和里9鄰仁和路一段239巷23號,68,6800300,6800300-027,9鄰,仁和路,一段,239巷,,,,23號,121.274324906118,24.9011351460377
桃園市大溪區仁和里9鄰仁和路一段239巷24號,68,6800300,6800300-027,9鄰,仁和路,一段,239巷,,,,24號,121.274206805739,24.901176984228
桃園市大溪區仁和里9鄰仁和路一段239巷25號,68,6800300,6800300-027,9鄰,仁和路,一段,239巷,,,,25號,121.274301955356,24.9010969979541
桃園市大溪區仁和里9鄰仁和路一段241號,68,6800300,6800300-027,9鄰,仁和路,一段,,,,,241號,121.274464287758,24.9017193905637
桃園市大溪區仁和里9鄰仁和路一段243號,68,6800300,6800300-027,9鄰,仁和路,一段,,,,,243號,121.274418980133,24.9017327457061
桃園市大溪區仁和里9鄰仁和路一段245號,68,6800300,6800300-027,9鄰,仁和路,一段,,,,,245號,121.274373570315,24.9017446564732
桃園市大溪區仁和里17鄰仁和路一段253號,68,6800300,6800300-027,17鄰,仁和路,一段,,,,,253號,121.274075189836,24.901822398028
桃園市大溪區仁和里17鄰仁和路一段255號,68,6800300,6800300-027,17鄰,仁和路,一段,,,,,255號,121.273997645563,24.9018511605986
桃園市大溪區仁和里17鄰仁和路一段257號,68,6800300,6800300-027,17鄰,仁和路,一段,,,,,257號,121.273917882198,24.9018163670238
桃園市大溪區仁和里17鄰仁和路一段259之1號,68,6800300,6800300-027,17鄰,仁和路,一段,,,,,259之1號,121.273858472698,24.9016297680568
桃園市大溪區仁和里17鄰仁和路一段259號,68,6800300,6800300-027,17鄰,仁和路,一段,,,,,259號,121.273857452053,24.9018401324602
桃園市大溪區仁和里17鄰仁和路一段275號,68,6800300,6800300-027,17鄰,仁和路,一段,,,,,275號,121.273413501541,24.9019828737089
桃園市大溪區仁和里17鄰仁和路一段281號,68,6800300,6800300-027,17鄰,仁和路,一段,,,,,281號,121.273281787039,24.9020463140776
桃園市大溪區仁和里17鄰仁和路一段285之1號,68,6800300,6800300-027,17鄰,仁和路,一段,,,,,285之1號,121.273039995459,24.9021095946894
桃園市大溪區仁和里17鄰仁和路一段295巷1號,68,6800300,6800300-027,17鄰,仁和路,一段,295巷,,,,1號,121.27303146276,24.9018307219517
桃園市大溪區仁和里17鄰仁和路一段295巷2號,68,6800300,6800300-027,17鄰,仁和路,一段,295巷,,,,2號,121.272990985941,24.9018352199544
桃園市大溪區仁和里17鄰仁和路一段295巷3號,68,6800300,6800300-027,17鄰,仁和路,一段,295巷,,,,3號,121.272947351196,24.9018441476569
桃園市大溪區仁和里17鄰仁和路一段295巷5號,68,6800300,6800300-027,17鄰,仁和路,一段,295巷,,,,5號,121.272905313374,24.9018590311926
桃園市大溪區仁和里17鄰仁和路一段295巷6號,68,6800300,6800300-027,17鄰,仁和路,一段,295巷,,,,6號,121.272863262441,24.9018679559733
桃園市大溪區仁和里17鄰仁和路一段295巷7號,68,6800300,6800300-027,17鄰,仁和路,一段,295巷,,,,7號,121.272821309895,24.9018766097093
桃園市大溪區仁和里17鄰仁和路一段295巷8號,68,6800300,6800300-027,17鄰,仁和路,一段,295巷,,,,8號,121.27277440848,24.9018855433348
桃園市大溪區仁和里17鄰仁和路一段295巷9號,68,6800300,6800300-027,17鄰,仁和路,一段,295巷,,,,9號,121.272732357528,24.9018944680788
桃園市大溪區仁和里17鄰仁和路一段295巷10號,68,6800300,6800300-027,17鄰,仁和路,一段,295巷,,,,10號,121.272907084896,24.9017643196675
桃園市大溪區仁和里17鄰仁和路一段295巷11號,68,6800300,6800300-027,17鄰,仁和路,一段,295巷,,,,11號,121.272885995389,24.9017171395272
桃園市大溪區仁和里17鄰仁和路一段301號,68,6800300,6800300-027,17鄰,仁和路,一段,,,,,301號,121.272374237332,24.9023564753432
桃園市大溪區仁和里17鄰仁和路一段303號,68,6800300,6800300-027,17鄰,仁和路,一段,,,,,303號,121.272162462856,24.9023405203591
桃園市大溪區仁和里17鄰仁和路一段311巷30號,68,6800300,6800300-027,17鄰,仁和路,一段,311巷,,,,30號,121.27202016279,24.9017750581303
桃園市大溪區仁和里17鄰仁和路一段311巷62之1號,68,6800300,6800300-027,17鄰,仁和路,一段,311巷,,,,62之1號,121.271979143305,24.9016222814979
桃園市大溪區仁和里17鄰仁和路一段311巷66之1號,68,6800300,6800300-027,17鄰,仁和路,一段,311巷,,,,66之1號,121.271944280866,24.9015688064233
桃園市大溪區仁和里17鄰仁和路一段311巷68弄11號,68,6800300,6800300-027,17鄰,仁和路,一段,311巷,68弄,,,11號,121.271680115152,24.90149516424
桃園市大溪區仁和里17鄰仁和路一段311巷68弄12之1號,68,6800300,6800300-027,17鄰,仁和路,一段,311巷,68弄,,,12之1號,121.271808367768,24.9016136545718
桃園市大溪區仁和里17鄰仁和路一段311巷68弄13號,68,6800300,6800300-027,17鄰,仁和路,一段,311巷,68弄,,,13號,121.271634791294,24.901501205535
桃園市大溪區仁和里17鄰仁和路一段311巷68弄15號,68,6800300,6800300-027,17鄰,仁和路,一段,311巷,68弄,,,15號,121.271592750067,24.9015145538739
桃園市大溪區仁和里17鄰仁和路一段311巷68弄16號,68,6800300,6800300-027,17鄰,仁和路,一段,311巷,68弄,,,16號,121.271751765458,24.9016226055493
桃園市大溪區仁和里17鄰仁和路一段311巷68弄17號,68,6800300,6800300-027,17鄰,仁和路,一段,311巷,68弄,,,17號,121.271545848697,24.9015234871132
桃園市大溪區仁和里17鄰仁和路一段311巷68弄18號,68,6800300,6800300-027,17鄰,仁和路,一段,311巷,68弄,,,18號,121.271696756648,24.901635977537
桃園市大溪區仁和里17鄰仁和路一段311巷68弄19號,68,6800300,6800300-027,17鄰,仁和路,一段,311巷,68弄,,,19號,121.27149894732,24.9015324203379
桃園市大溪區仁和里17鄰仁和路一段311巷68弄20號,68,6800300,6800300-027,17鄰,仁和路,一段,311巷,68弄,,,20號,121.271626614761,24.9016549746873
桃園市大溪區仁和里17鄰仁和路一段311巷68弄21號,68,6800300,6800300-027,17鄰,仁和路,一段,311巷,68弄,,,21號,121.271458473895,24.9015384527527
桃園市大溪區仁和里17鄰仁和路一段311巷68弄22號,68,6800300,6800300-027,17鄰,仁和路,一段,311巷,68弄,,,22號,121.271584573483,24.9016683230241
桃園市大溪區仁和里17鄰仁和路一段311巷68弄23號,68,6800300,6800300-027,17鄰,仁和路,一段,311巷,68弄,,,23號,121.271408296197,24.9015429679764
桃園市大溪區仁和里17鄰仁和路一段311巷68弄25號,68,6800300,6800300-027,17鄰,仁和路,一段,311巷,68弄,,,25號,121.271364671109,24.9015563191325
桃園市大溪區仁和里17鄰仁和路一段311巷68弄26號,68,6800300,6800300-027,17鄰,仁和路,一段,311巷,68弄,,,26號,121.271539249557,24.9016743642905
桃園市大溪區仁和里17鄰仁和路一段311巷68弄27號,68,6800300,6800300-027,17鄰,仁和路,一段,311巷,68弄,,,27號,121.271317769706,24.9015652523004
桃園市大溪區仁和里17鄰仁和路一段311巷68弄28號,68,6800300,6800300-027,17鄰,仁和路,一段,311巷,68弄,,,28號,121.271497198584,24.9016832886868
桃園市大溪區仁和里17鄰仁和路一段311巷68弄29號,68,6800300,6800300-027,17鄰,仁和路,一段,311巷,68弄,,,29號,121.271275715596,24.9015727320901
桃園市大溪區仁和里17鄰仁和路一段311巷68弄30號,68,6800300,6800300-027,17鄰,仁和路,一段,311巷,68弄,,,30號,121.271455157281,24.9016966369872
桃園市大溪區仁和里17鄰仁和路一段311巷68弄32號,68,6800300,6800300-027,17鄰,仁和路,一段,311巷,68弄,,,32號,121.27140340221,24.9017041344635
桃園市大溪區仁和里17鄰仁和路一段311巷109號,68,6800300,6800300-027,17鄰,仁和路,一段,311巷,,,,109號,121.271833294892,24.9003398773118
桃園市大溪區仁和里17鄰仁和路一段311巷110弄21號,68,6800300,6800300-027,17鄰,仁和路,一段,311巷,110弄,,,21號,121.271338740546,24.9008340010792
桃園市大溪區仁和里17鄰仁和路一段311巷115號,68,6800300,6800300-027,17鄰,仁和路,一段,311巷,,,,115號,121.27169097134,24.8999427950054
桃園市大溪區仁和里17鄰仁和路一段311巷119號,68,6800300,6800300-027,17鄰,仁和路,一段,311巷,,,,119號,121.271641073448,24.8997582543004
桃園市大溪區仁和里17鄰仁和路一段311巷121號,68,6800300,6800300-027,17鄰,仁和路,一段,311巷,,,,121號,121.27161002103,24.8996361560618
桃園市大溪區仁和里17鄰仁和路一段311巷148號,68,6800300,6800300-027,17鄰,仁和路,一段,311巷,,,,148號,121.271538200159,24.9000636027667
桃園市大溪區仁和里17鄰仁和路一段311巷148之1號,68,6800300,6800300-027,17鄰,仁和路,一段,311巷,,,,148之1號,121.271523264794,24.9001595119578
桃園市大溪區仁和里17鄰仁和路一段311巷148之2號,68,6800300,6800300-027,17鄰,仁和路,一段,311巷,,,,148之2號,121.271576117167,24.9001561655268
桃園市大溪區仁和里17鄰仁和路一段311巷198之5號,68,6800300,6800300-027,17鄰,仁和路,一段,311巷,,,,198之5號,121.271061544431,24.8984190364667
桃園市大溪區仁和里17鄰仁和路一段315號,68,6800300,6800300-027,17鄰,仁和路,一段,,,,,315號,121.271060529455,24.9025774463918
桃園市大溪區仁和里17鄰仁和路一段335號,68,6800300,6800300-027,17鄰,仁和路,一段,,,,,335號,121.270764246576,24.9026203277722
桃園市大溪區仁和里17鄰仁和路一段339號,68,6800300,6800300-027,17鄰,仁和路,一段,,,,,339號,121.270718028004,24.9026248355807
桃園市大溪區仁愛里1鄰仁和路一段16巷11弄12號,68,6800300,6800300-018,1鄰,仁和路,一段,16巷,11弄,,,12號,121.276817053406,24.9004256930508
桃園市大溪區仁愛里1鄰仁和路一段16巷11弄32號,68,6800300,6800300-018,1鄰,仁和路,一段,16巷,11弄,,,32號,121.276679370772,24.9006522912988
桃園市大溪區仁愛里1鄰仁和路一段16巷11弄36號,68,6800300,6800300-018,1鄰,仁和路,一段,16巷,11弄,,,36號,121.27669416312,24.9007160046149
桃園市大溪區仁愛里1鄰仁和路一段16巷11弄38號,68,6800300,6800300-018,1鄰,仁和路,一段,16巷,11弄,,,38號,121.276522839867,24.9007721179703
桃園市大溪區仁愛里1鄰仁和路一段16巷11弄40號,68,6800300,6800300-018,1鄰,仁和路,一段,16巷,11弄,,,40號,121.276595314974,24.9009122854989
桃園市大溪區仁愛里1鄰仁和路一段16巷25之3號,68,6800300,6800300-018,1鄰,仁和路,一段,16巷,,,,25之3號,121.276879005498,24.9006409965471
桃園市大溪區仁愛里1鄰仁和路一段16巷25之1號,68,6800300,6800300-018,1鄰,仁和路,一段,16巷,,,,25之1號,121.276901891988,24.9006056528936
桃園市大溪區仁愛里1鄰仁和路一段16巷25之2號,68,6800300,6800300-018,1鄰,仁和路,一段,16巷,,,,25之2號,121.276756210416,24.9005745042455
桃園市大溪區仁愛里1鄰仁和路一段16巷25號,68,6800300,6800300-018,1鄰,仁和路,一段,16巷,,,,25號,121.276927955351,24.9005744564199
桃園市大溪區仁愛里1鄰仁和路一段16巷25之1號二樓,68,6800300,6800300-018,1鄰,仁和路,一段,16巷,,,,25之1號二樓,121.276901891988,24.9006056528936
桃園市大溪區仁愛里1鄰仁和路一段16巷25之1號三樓,68,6800300,6800300-018,1鄰,仁和路,一段,16巷,,,,25之1號三樓,121.276901891988,24.9006056528936
桃園市大溪區仁愛里1鄰仁和路一段16巷29號,68,6800300,6800300-018,1鄰,仁和路,一段,16巷,,,,29號,121.277198780646,24.9004382561205
桃園市大溪區仁愛里1鄰仁和路一段16巷31號,68,6800300,6800300-018,1鄰,仁和路,一段,16巷,,,,31號,121.277234569755,24.9004625663965
桃園市大溪區仁愛里1鄰仁和路一段16巷33號,68,6800300,6800300-018,1鄰,仁和路,一段,16巷,,,,33號,121.277276600569,24.9004893027414
桃園市大溪區仁愛里1鄰仁和路一段16巷35號,68,6800300,6800300-018,1鄰,仁和路,一段,16巷,,,,35號,121.277307044354,24.9005136229336
桃園市大溪區仁愛里1鄰仁和路一段16巷37弄5號,68,6800300,6800300-018,1鄰,仁和路,一段,16巷,37弄,,,5號,121.277176029997,24.9006673497722
桃園市大溪區仁愛里1鄰仁和路一段16巷37弄7號,68,6800300,6800300-018,1鄰,仁和路,一段,16巷,37弄,,,7號,121.277140222696,24.9006349139259
桃園市大溪區仁愛里1鄰仁和路一段16巷37弄9號,68,6800300,6800300-018,1鄰,仁和路,一段,16巷,37弄,,,9號,121.277099170656,24.9006032100864
桃園市大溪區仁愛里2鄰仁和路一段16巷37弄10號,68,6800300,6800300-018,2鄰,仁和路,一段,16巷,37弄,,,10號,121.275431689177,24.9006834908356
桃園市大溪區仁愛里1鄰仁和路一段16巷37弄11號,68,6800300,6800300-018,1鄰,仁和路,一段,16巷,37弄,,,11號,121.277070999987,24.9005772605125
桃園市大溪區仁愛里2鄰仁和路一段16巷37弄12號,68,6800300,6800300-018,2鄰,仁和路,一段,16巷,37弄,,,12號,121.277274847609,24.900679444829
桃園市大溪區仁愛里1鄰仁和路一段16巷37弄13號,68,6800300,6800300-018,1鄰,仁和路,一段,16巷,37弄,,,13號,121.277046869228,24.900631656499
桃園市大溪區仁愛里1鄰仁和路一段16巷37弄15號,68,6800300,6800300-018,1鄰,仁和路,一段,16巷,37弄,,,15號,121.277080778395,24.9006563314394
桃園市大溪區仁愛里2鄰仁和路一段16巷37弄16號,68,6800300,6800300-018,2鄰,仁和路,一段,16巷,37弄,,,16號,121.277247982525,24.9007062189195
桃園市大溪區仁愛里1鄰仁和路一段16巷37弄17號,68,6800300,6800300-018,1鄰,仁和路,一段,16巷,37弄,,,17號,121.277111218757,24.9006791168435
桃園市大溪區仁愛里2鄰仁和路一段16巷37弄18號,68,6800300,6800300-018,2鄰,仁和路,一段,16巷,37弄,,,18號,121.277222907486,24.900736691337
桃園市大溪區仁愛里1鄰仁和路一段16巷37弄19號,68,6800300,6800300-018,1鄰,仁和路,一段,16巷,37弄,,,19號,121.277139770896,24.9006985652279
桃園市大溪區仁愛里2鄰仁和路一段16巷37弄20號,68,6800300,6800300-018,2鄰,仁和路,一段,16巷,37弄,,,20號,121.277197932027,24.9007674344184
桃園市大溪區仁愛里1鄰仁和路一段16巷37弄21號,68,6800300,6800300-018,1鄰,仁和路,一段,16巷,37弄,,,21號,121.276945300129,24.9008947530793
桃園市大溪區仁愛里2鄰仁和路一段16巷37弄22號,68,6800300,6800300-018,2鄰,仁和路,一段,16巷,37弄,,,22號,121.277173830513,24.9007905919871
桃園市大溪區仁愛里1鄰仁和路一段16巷37弄23號,68,6800300,6800300-018,1鄰,仁和路,一段,16巷,37弄,,,23號,121.27688724039,24.9008712966275
桃園市大溪區仁愛里1鄰仁和路一段16巷37弄25號,68,6800300,6800300-018,1鄰,仁和路,一段,16巷,37弄,,,25號,121.27683175598,24.9008485576492
桃園市大溪區仁愛里2鄰仁和路一段16巷37弄26號,68,6800300,6800300-018,2鄰,仁和路,一段,16巷,37弄,,,26號,121.277146089004,24.90082386816
桃園市大溪區仁愛里2鄰仁和路一段16巷37弄28號,68,6800300,6800300-018,2鄰,仁和路,一段,16巷,37弄,,,28號,121.277119220031,24.9008489268318
桃園市大溪區仁愛里2鄰仁和路一段16巷37弄30號,68,6800300,6800300-018,2鄰,仁和路,一段,16巷,37弄,,,30號,121.27709602833,24.9008805694262
桃園市大溪區仁愛里2鄰仁和路一段16巷37弄38號,68,6800300,6800300-018,2鄰,仁和路,一段,16巷,37弄,,,38號,121.277007328645,24.9009666848311
桃園市大溪區仁愛里2鄰仁和路一段16巷37弄40號,68,6800300,6800300-018,2鄰,仁和路,一段,16巷,37弄,,,40號,121.276981846458,24.900992192325
桃園市大溪區仁愛里2鄰仁和路一段16巷37弄42號,68,6800300,6800300-018,2鄰,仁和路,一段,16巷,37弄,,,42號,121.276949229034,24.9010141016861
桃園市大溪區仁愛里2鄰仁和路一段16巷39號,68,6800300,6800300-018,2鄰,仁和路,一段,16巷,,,,39號,121.277389222669,24.9005659253746
桃園市大溪區仁愛里2鄰仁和路一段16巷41號,68,6800300,6800300-018,2鄰,仁和路,一段,16巷,,,,41號,121.277428767346,24.9005875200904
桃園市大溪區仁愛里2鄰仁和路一段16巷43號,68,6800300,6800300-018,2鄰,仁和路,一段,16巷,,,,43號,121.277464372292,24.9006179699881
桃園市大溪區仁愛里2鄰仁和路一段16巷45號,68,6800300,6800300-018,2鄰,仁和路,一段,16巷,,,,45號,121.277503862218,24.9006593370565
桃園市大溪區仁愛里2鄰仁和路一段16巷47號,68,6800300,6800300-018,2鄰,仁和路,一段,16巷,,,,47號,121.277557190326,24.9006916499368
桃園市大溪區仁愛里2鄰仁和路一段16巷49號,68,6800300,6800300-018,2鄰,仁和路,一段,16巷,,,,49號,121.277600734582,24.9007311134652
桃園市大溪區仁愛里2鄰仁和路一段16巷51弄3號,68,6800300,6800300-018,2鄰,仁和路,一段,16巷,51弄,,,3號,121.277533809749,24.9008158344
桃園市大溪區仁愛里2鄰仁和路一段16巷51弄5號,68,6800300,6800300-018,2鄰,仁和路,一段,16巷,51弄,,,5號,121.277470699434,24.9008357240541
桃園市大溪區仁愛里2鄰仁和路一段16巷51弄6號,68,6800300,6800300-018,2鄰,仁和路,一段,16巷,51弄,,,6號,121.277577334052,24.9008463598218
桃園市大溪區仁愛里2鄰仁和路一段16巷51弄8號,68,6800300,6800300-018,2鄰,仁和路,一段,16巷,51弄,,,8號,121.277549482749,24.9008747609186
桃園市大溪區仁愛里2鄰仁和路一段16巷53號,68,6800300,6800300-018,2鄰,仁和路,一段,16巷,,,,53號,121.277658026315,24.9007652246207
桃園市大溪區仁愛里2鄰仁和路一段16巷55號,68,6800300,6800300-018,2鄰,仁和路,一段,16巷,,,,55號,121.277707423058,24.9008100942859
桃園市大溪區仁愛里2鄰仁和路一段16巷67號,68,6800300,6800300-018,2鄰,仁和路,一段,16巷,,,,67號,121.277972593681,24.9010221298053
桃園市大溪區仁愛里2鄰仁和路一段16巷69號,68,6800300,6800300-018,2鄰,仁和路,一段,16巷,,,,69號,121.278000374145,24.9010505176096
桃園市大溪區仁愛里2鄰仁和路一段16巷71號,68,6800300,6800300-018,2鄰,仁和路,一段,16巷,,,,71號,121.278030722862,24.9010764629456
桃園市大溪區仁愛里2鄰仁和路一段16巷73號,68,6800300,6800300-018,2鄰,仁和路,一段,16巷,,,,73號,121.27805582156,24.9011007929417
桃園市大溪區仁愛里2鄰仁和路一段16巷75號,68,6800300,6800300-018,2鄰,仁和路,一段,16巷,,,,75號,121.278089748452,24.9011332320686
桃園市大溪區仁愛里2鄰仁和路一段16巷77號,68,6800300,6800300-018,2鄰,仁和路,一段,16巷,,,,77號,121.278120606717,24.901165676908
桃園市大溪區仁愛里2鄰仁和路一段16巷79號,68,6800300,6800300-018,2鄰,仁和路,一段,16巷,,,,79號,121.278130433847,24.9012219960123
桃園市大溪區仁愛里2鄰仁和路一段16巷81號,68,6800300,6800300-018,2鄰,仁和路,一段,16巷,,,,81號,121.278168030655,24.901257678515
桃園市大溪區仁愛里2鄰仁和路一段16巷83號,68,6800300,6800300-018,2鄰,仁和路,一段,16巷,,,,83號,121.278206415752,24.90129173442
桃園市大溪區仁愛里2鄰仁和路一段16巷85號,68,6800300,6800300-018,2鄰,仁和路,一段,16巷,,,,85號,121.278242232629,24.9013282327814
桃園市大溪區仁愛里2鄰仁和路一段16巷87號,68,6800300,6800300-018,2鄰,仁和路,一段,16巷,,,,87號,121.278277948717,24.9013639187629
桃園市大溪區仁愛里2鄰仁和路一段16巷89號,68,6800300,6800300-018,2鄰,仁和路,一段,16巷,,,,89號,121.278318216485,24.9013987836856
桃園市大溪區仁愛里2鄰仁和路一段16巷91號,68,6800300,6800300-018,2鄰,仁和路,一段,16巷,,,,91號,121.278351250806,24.9014304118569
桃園市大溪區仁愛里2鄰仁和路一段16巷93號,68,6800300,6800300-018,2鄰,仁和路,一段,16巷,,,,93號,121.278395949619,24.9014547955088
桃園市大溪區仁愛里2鄰仁和路一段16巷95號,68,6800300,6800300-018,2鄰,仁和路,一段,16巷,,,,95號,121.278431766396,24.9014912035391
桃園市大溪區仁愛里2鄰仁和路一段16巷97號,68,6800300,6800300-018,2鄰,仁和路,一段,16巷,,,,97號,121.278468857693,24.9015221018376
桃園市大溪區仁愛里2鄰仁和路一段16巷99號,68,6800300,6800300-018,2鄰,仁和路,一段,16巷,,,,99號,121.278497457441,24.9015625861165
桃園市大溪區仁愛里2鄰仁和路一段16巷101號,68,6800300,6800300-018,2鄰,仁和路,一段,16巷,,,,101號,121.278534147146,24.9015909571867
桃園市大溪區仁愛里2鄰仁和路一段16巷103號,68,6800300,6800300-018,2鄰,仁和路,一段,16巷,,,,103號,121.278567181574,24.9016225853085
桃園市大溪區仁愛里2鄰仁和路一段16巷105號,68,6800300,6800300-018,2鄰,仁和路,一段,16巷,,,,105號,121.278604784102,24.9016607053636
桃園市大溪區仁愛里2鄰仁和路一段16巷107號,68,6800300,6800300-018,2鄰,仁和路,一段,16巷,,,,107號,121.278635140391,24.9016899007941
桃園市大溪區仁愛里2鄰仁和路一段16巷109號,68,6800300,6800300-018,2鄰,仁和路,一段,16巷,,,,109號,121.27866960268,24.9017402150807
桃園市大溪區仁愛里2鄰仁和路一段16巷111號,68,6800300,6800300-018,2鄰,仁和路,一段,16巷,,,,111號,121.278707997188,24.9017783336294
桃園市大溪區仁愛里2鄰仁和路一段16巷119號,68,6800300,6800300-018,2鄰,仁和路,一段,16巷,,,,119號,121.278750039713,24.9018099448808
桃園市大溪區仁愛里2鄰仁和路一段16巷121號,68,6800300,6800300-018,2鄰,仁和路,一段,16巷,,,,121號,121.278790309584,24.9018456222271
桃園市大溪區仁愛里1鄰仁和路一段152號,68,6800300,6800300-018,1鄰,仁和路,一段,,,,,152號,121.276567583055,24.9000614972004
桃園市大溪區仁愛里1鄰仁和路一段154號,68,6800300,6800300-018,1鄰,仁和路,一段,,,,,154號,121.276548560106,24.9000981879093
桃園市大溪區仁愛里1鄰仁和路一段156號,68,6800300,6800300-018,1鄰,仁和路,一段,,,,,156號,121.276523617393,24.9001436471696
桃園市大溪區仁愛里1鄰仁和路一段158號,68,6800300,6800300-018,1鄰,仁和路,一段,,,,,158號,121.276512819053,24.9001842048573
桃園市大溪區仁愛里1鄰仁和路一段160號,68,6800300,6800300-018,1鄰,仁和路,一段,,,,,160號,121.276480606758,24.9002101761625
桃園市大溪區仁愛里1鄰仁和路一段168號,68,6800300,6800300-018,1鄰,仁和路,一段,,,,,168號,121.276436813022,24.9002806791051
桃園市大溪區仁愛里1鄰仁和路一段170號,68,6800300,6800300-018,1鄰,仁和路,一段,,,,,170號,121.276370031448,24.9003855326717
桃園市大溪區仁愛里1鄰仁和路一段172號,68,6800300,6800300-018,1鄰,仁和路,一段,,,,,172號,121.276336005036,24.9004414817105
桃園市大溪區仁愛里1鄰仁和路一段174號,68,6800300,6800300-018,1鄰,仁和路,一段,,,,,174號,121.276311052931,24.9004827878715
桃園市大溪區仁愛里1鄰仁和路一段176號,68,6800300,6800300-018,1鄰,仁和路,一段,,,,,176號,121.276290040635,24.900515238866
桃園市大溪區仁愛里1鄰仁和路一段186號,68,6800300,6800300-018,1鄰,仁和路,一段,,,,,186號,121.27612109373,24.9007495686661
桃園市大溪區仁愛里1鄰仁和路一段188號,68,6800300,6800300-018,1鄰,仁和路,一段,,,,,188號,121.276104537419,24.900782733662
桃園市大溪區仁愛里1鄰仁和路一段192號,68,6800300,6800300-018,1鄰,仁和路,一段,,,,,192號,121.276095408835,24.900817510029
桃園市大溪區仁愛里1鄰仁和路一段194號,68,6800300,6800300-018,1鄰,仁和路,一段,,,,,194號,121.276079541008,24.9008486874922
桃園市大溪區仁愛里1鄰仁和路一段196號,68,6800300,6800300-018,1鄰,仁和路,一段,,,,,196號,121.276045316564,24.9009047271138
桃園市大溪區仁愛里1鄰仁和路一段198號,68,6800300,6800300-018,1鄰,仁和路,一段,,,,,198號,121.276016998665,24.9009460394517
桃園市大溪區仁愛里1鄰仁和路一段200之1號,68,6800300,6800300-018,1鄰,仁和路,一段,,,,,200之1號,121.276137248053,24.9013365675778
桃園市大溪區仁愛里1鄰仁和路一段200之3號,68,6800300,6800300-018,1鄰,仁和路,一段,,,,,200之3號,121.276278001555,24.9012435849792
桃園市大溪區仁愛里1鄰仁和路一段200號,68,6800300,6800300-018,1鄰,仁和路,一段,,,,,200號,121.27591510735,24.9011098231533
桃園市大溪區仁愛里1鄰仁和路一段210號,68,6800300,6800300-018,1鄰,仁和路,一段,,,,,210號,121.275871630013,24.9011893537752
桃園市大溪區仁愛里1鄰仁和路一段214號,68,6800300,6800300-018,1鄰,仁和路,一段,,,,,214號,121.275819902854,24.9012537318661
桃園市大溪區仁愛里6鄰仁和路一段224號,68,6800300,6800300-018,6鄰,仁和路,一段,,,,,224號,121.275479454936,24.9015548271662
桃園市大溪區仁愛里6鄰仁和路一段226號,68,6800300,6800300-018,6鄰,仁和路,一段,,,,,226號,121.275441284902,24.9015727739402
桃園市大溪區仁愛里6鄰仁和路一段228號,68,6800300,6800300-018,6鄰,仁和路,一段,,,,,228號,121.275410733998,24.9015893523747
桃園市大溪區仁愛里6鄰仁和路一段230號,68,6800300,6800300-018,6鄰,仁和路,一段,,,,,230號,121.275377807351,24.9016059351881
桃園市大溪區仁愛里6鄰仁和路一段232號,68,6800300,6800300-018,6鄰,仁和路,一段,,,,,232號,121.275340037649,24.9016258674529
桃園市大溪區仁愛里6鄰仁和路一段234號,68,6800300,6800300-018,6鄰,仁和路,一段,,,,,234號,121.275305230594,24.9016426342893
桃園市大溪區仁愛里6鄰仁和路一段236號,68,6800300,6800300-018,6鄰,仁和路,一段,,,,,236號,121.27527794569,24.9016589358169
桃園市大溪區仁愛里6鄰仁和路一段238號,68,6800300,6800300-018,6鄰,仁和路,一段,,,,,238號,121.27523312291,24.9016676858099
桃園市大溪區仁愛里6鄰仁和路一段240號,68,6800300,6800300-018,6鄰,仁和路,一段,,,,,240號,121.275195239362,24.901680937207
桃園市大溪區仁愛里6鄰仁和路一段242號,68,6800300,6800300-018,6鄰,仁和路,一段,,,,,242號,121.275147934638,24.9016864415162
桃園市大溪區仁愛里6鄰仁和路一段244號,68,6800300,6800300-018,6鄰,仁和路,一段,,,,,244號,121.27511143552,24.9016990583484
桃園市大溪區仁愛里6鄰仁和路一段246號,68,6800300,6800300-018,6鄰,仁和路,一段,,,,,246號,121.27507175694,24.9017063542576
桃園市大溪區仁愛里6鄰仁和路一段248號,68,6800300,6800300-018,6鄰,仁和路,一段,,,,,248號,121.27503683523,24.9017160790644
桃園市大溪區仁愛里6鄰仁和路一段250號,68,6800300,6800300-018,6鄰,仁和路,一段,,,,,250號,121.275016953444,24.9017228870407
桃園市大溪區仁愛里6鄰仁和路一段252號,68,6800300,6800300-018,6鄰,仁和路,一段,,,,,252號,121.274988573802,24.9017365722876
桃園市大溪區仁愛里6鄰仁和路一段254號,68,6800300,6800300-018,6鄰,仁和路,一段,,,,,254號,121.274921996985,24.9017560158347
桃園市大溪區仁愛里6鄰仁和路一段260號,68,6800300,6800300-018,6鄰,仁和路,一段,,,,,260號,121.274811489595,24.9017848395655
桃園市大溪區仁愛里6鄰仁和路一段262號,68,6800300,6800300-018,6鄰,仁和路,一段,,,,,262號,121.274765902807,24.9018062306338
桃園市大溪區仁愛里6鄰仁和路一段264號,68,6800300,6800300-018,6鄰,仁和路,一段,,,,,264號,121.274723566655,24.9018203929551
桃園市大溪區仁愛里6鄰仁和路一段266號,68,6800300,6800300-018,6鄰,仁和路,一段,,,,,266號,121.274687662387,24.9018334600103
桃園市大溪區仁愛里6鄰仁和路一段268號,68,6800300,6800300-018,6鄰,仁和路,一段,,,,,268號,121.274644823879,24.9018442827135
桃園市大溪區仁愛里6鄰仁和路一段270號,68,6800300,6800300-018,6鄰,仁和路,一段,,,,,270號,121.274601403015,24.9018603429683
桃園市大溪區仁愛里6鄰仁和路一段272號,68,6800300,6800300-018,6鄰,仁和路,一段,,,,,272號,121.274555298647,24.9018715327943
桃園市大溪區仁愛里6鄰仁和路一段274號,68,6800300,6800300-018,6鄰,仁和路,一段,,,,,274號,121.274512365318,24.9018842516053
桃園市大溪區仁愛里6鄰仁和路一段276號,68,6800300,6800300-018,6鄰,仁和路,一段,,,,,276號,121.274464095949,24.9019012235848
桃園市大溪區仁愛里6鄰仁和路一段286號,68,6800300,6800300-018,6鄰,仁和路,一段,,,,,286號,121.274167582723,24.9020177841572
桃園市大溪區仁愛里6鄰仁和路一段288號,68,6800300,6800300-018,6鄰,仁和路,一段,,,,,288號,121.274138000889,24.9020250612638
桃園市大溪區仁愛里6鄰仁和路一段290號,68,6800300,6800300-018,6鄰,仁和路,一段,,,,,290號,121.274103183387,24.9020372233384
桃園市大溪區仁愛里6鄰仁和路一段292號,68,6800300,6800300-018,6鄰,仁和路,一段,,,,,292號,121.27406451068,24.9020518301643
桃園市大溪區仁愛里6鄰仁和路一段294號,68,6800300,6800300-018,6鄰,仁和路,一段,,,,,294號,121.274035035396,24.9020625378598
桃園市大溪區仁愛里6鄰仁和路一段296號,68,6800300,6800300-018,6鄰,仁和路,一段,,,,,296號,121.273989535798,24.9020786920396
桃園市大溪區仁愛里6鄰仁和路一段298號,68,6800300,6800300-018,6鄰,仁和路,一段,,,,,298號,121.273956896032,24.9020908500808
桃園市大溪區仁愛里6鄰仁和路一段300號,68,6800300,6800300-018,6鄰,仁和路,一段,,,,,300號,121.27391881085,24.9021025666912
桃園市大溪區仁愛里6鄰仁和路一段302號,68,6800300,6800300-018,6鄰,仁和路,一段,,,,,302號,121.273875881956,24.9021173618513
桃園市大溪區仁愛里6鄰仁和路一段304號,68,6800300,6800300-018,6鄰,仁和路,一段,,,,,304號,121.273834533297,24.9021305289806
桃園市大溪區仁愛里6鄰仁和路一段306號,68,6800300,6800300-018,6鄰,仁和路,一段,,,,,306號,121.273782193423,24.9021421814351
桃園市大溪區仁愛里6鄰仁和路一段308號,68,6800300,6800300-018,6鄰,仁和路,一段,,,,,308號,121.27372857763,24.9021588018511
桃園市大溪區仁愛里6鄰仁和路一段310號,68,6800300,6800300-018,6鄰,仁和路,一段,,,,,310號,121.27367733916,24.9021761401618
桃園市大溪區仁愛里6鄰仁和路一段312號,68,6800300,6800300-018,6鄰,仁和路,一段,,,,,312號,121.27364093555,24.9021873119107
桃園市大溪區仁愛里6鄰仁和路一段314號,68,6800300,6800300-018,6鄰,仁和路,一段,,,,,314號,121.273594236039,24.9021980511105
桃園市大溪區仁愛里6鄰仁和路一段316號,68,6800300,6800300-018,6鄰,仁和路,一段,,,,,316號,121.273550316383,24.9022124868568
桃園市大溪區仁愛里6鄰仁和路一段318號,68,6800300,6800300-018,6鄰,仁和路,一段,,,,,318號,121.273504718672,24.9022290924908
桃園市大溪區仁愛里6鄰仁和路一段320號,68,6800300,6800300-018,6鄰,仁和路,一段,,,,,320號,121.273460208638,24.9022451544112
桃園市大溪區仁愛里6鄰仁和路一段322號,68,6800300,6800300-018,6鄰,仁和路,一段,,,,,322號,121.273414603146,24.9022582389426
桃園市大溪區仁愛里6鄰仁和路一段324號,68,6800300,6800300-018,6鄰,仁和路,一段,,,,,324號,121.273366328308,24.9022728631851
桃園市大溪區仁愛里6鄰仁和路一段326號,68,6800300,6800300-018,6鄰,仁和路,一段,,,,,326號,121.273326173778,24.9022889170849
桃園市大溪區仁愛里7鄰仁和路一段328巷11弄2號,68,6800300,6800300-018,7鄰,仁和路,一段,328巷,11弄,,,2號,121.273331774115,24.9026293690761
桃園市大溪區仁愛里7鄰仁和路一段328巷11弄6號,68,6800300,6800300-018,7鄰,仁和路,一段,328巷,11弄,,,6號,121.273285274378,24.9026410106573
桃園市大溪區仁愛里7鄰仁和路一段328巷11弄8號,68,6800300,6800300-018,7鄰,仁和路,一段,328巷,11弄,,,8號,121.273238682203,24.9026556317765
桃園市大溪區仁愛里7鄰仁和路一段328巷11弄10號,68,6800300,6800300-018,7鄰,仁和路,一段,328巷,11弄,,,10號,121.2731954507,24.9026679896187
桃園市大溪區仁愛里7鄰仁和路一段328巷12弄1號,68,6800300,6800300-018,7鄰,仁和路,一段,328巷,12弄,,,1號,121.27343706659,24.9026143694993
桃園市大溪區仁愛里7鄰仁和路一段328巷12弄3號,68,6800300,6800300-018,7鄰,仁和路,一段,328巷,12弄,,,3號,121.273483754134,24.9025981230253
桃園市大溪區仁愛里7鄰仁和路一段328巷12弄5號,68,6800300,6800300-018,7鄰,仁和路,一段,328巷,12弄,,,5號,121.273530540656,24.9025818763554
桃園市大溪區仁愛里7鄰仁和路一段328巷12弄7號,68,6800300,6800300-018,7鄰,仁和路,一段,328巷,12弄,,,7號,121.273575936334,24.9025633751128
桃園市大溪區仁愛里7鄰仁和路一段328巷12弄9號,68,6800300,6800300-018,7鄰,仁和路,一段,328巷,12弄,,,9號,121.273621344738,24.9025506520307
桃園市大溪區仁愛里7鄰仁和路一段328巷12弄11號,68,6800300,6800300-018,7鄰,仁和路,一段,328巷,12弄,,,11號,121.273669324077,24.9025366602382
桃園市大溪區仁愛里7鄰仁和路一段328巷25弄1號,68,6800300,6800300-018,7鄰,仁和路,一段,328巷,25弄,,,1號,121.273408209383,24.9028158467446
桃園市大溪區仁愛里7鄰仁和路一段328巷25弄2號,68,6800300,6800300-018,7鄰,仁和路,一段,328巷,25弄,,,2號,121.273443831064,24.9029438949311
桃園市大溪區仁愛里7鄰仁和路一段328巷25弄3號,68,6800300,6800300-018,7鄰,仁和路,一段,328巷,25弄,,,3號,121.273363996296,24.9028319983766
桃園市大溪區仁愛里7鄰仁和路一段328巷25弄5號,68,6800300,6800300-018,7鄰,仁和路,一段,328巷,25弄,,,5號,121.273314727354,24.9028448187377
桃園市大溪區仁愛里7鄰仁和路一段328巷25弄6號,68,6800300,6800300-018,7鄰,仁和路,一段,328巷,25弄,,,6號,121.273410002141,24.9029556036111
桃園市大溪區仁愛里7鄰仁和路一段328巷25弄7號,68,6800300,6800300-018,7鄰,仁和路,一段,328巷,25弄,,,7號,121.273268034525,24.9028587177759
桃園市大溪區仁愛里7鄰仁和路一段328巷25弄8號,68,6800300,6800300-018,7鄰,仁和路,一段,328巷,25弄,,,8號,121.273358265961,24.9029718593129
桃園市大溪區仁愛里7鄰仁和路一段328巷25弄9號,68,6800300,6800300-018,7鄰,仁和路,一段,328巷,25弄,,,9號,121.273221346854,24.9028749641828
桃園市大溪區仁愛里7鄰仁和路一段328巷25弄10號,68,6800300,6800300-018,7鄰,仁和路,一段,328巷,25弄,,,10號,121.27330900949,24.9029903675624
桃園市大溪區仁愛里7鄰仁和路一段328巷25弄12號,68,6800300,6800300-018,7鄰,仁和路,一段,328巷,25弄,,,12號,121.273266083198,24.9030065168082
桃園市大溪區仁愛里7鄰仁和路一段328巷25弄15號,68,6800300,6800300-018,7鄰,仁和路,一段,328巷,25弄,,,15號,121.272962073706,24.9029570558291
桃園市大溪區仁愛里7鄰仁和路一段328巷25弄16號,68,6800300,6800300-018,7鄰,仁和路,一段,328巷,25弄,,,16號,121.273216599301,24.9030116633623
桃園市大溪區仁愛里7鄰仁和路一段328巷25弄18號,68,6800300,6800300-018,7鄰,仁和路,一段,328巷,25弄,,,18號,121.27326464927,24.9031195554214
桃園市大溪區仁愛里7鄰仁和路一段328巷25弄20號,68,6800300,6800300-018,7鄰,仁和路,一段,328巷,25弄,,,20號,121.273277519797,24.9031653060031
桃園市大溪區仁愛里7鄰仁和路一段328巷25弄22號,68,6800300,6800300-018,7鄰,仁和路,一段,328巷,25弄,,,22號,121.273289286331,24.9032041969964
桃園市大溪區仁愛里7鄰仁和路一段328巷25弄26號,68,6800300,6800300-018,7鄰,仁和路,一段,328巷,25弄,,,26號,121.273307584241,24.9032421731799
桃園市大溪區仁愛里7鄰仁和路一段328巷26弄1號,68,6800300,6800300-018,7鄰,仁和路,一段,328巷,26弄,,,1號,121.273551921662,24.9028958460769
桃園市大溪區仁愛里7鄰仁和路一段328巷26弄2號,68,6800300,6800300-018,7鄰,仁和路,一段,328巷,26弄,,,2號,121.273507912409,24.9027799113943
桃園市大溪區仁愛里7鄰仁和路一段328巷26弄3號,68,6800300,6800300-018,7鄰,仁和路,一段,328巷,26弄,,,3號,121.273598616463,24.9028828497898
桃園市大溪區仁愛里7鄰仁和路一段328巷26弄5號,68,6800300,6800300-018,7鄰,仁和路,一段,328巷,26弄,,,5號,121.273634020626,24.9028672559516
桃園市大溪區仁愛里7鄰仁和路一段328巷26弄6號,68,6800300,6800300-018,7鄰,仁和路,一段,328巷,26弄,,,6號,121.273553318313,24.902766014641
桃園市大溪區仁愛里7鄰仁和路一段328巷26弄7號,68,6800300,6800300-018,7鄰,仁和路,一段,328巷,26弄,,,7號,121.273693281155,24.9028515280568
桃園市大溪區仁愛里7鄰仁和路一段328巷26弄8號,68,6800300,6800300-018,7鄰,仁和路,一段,328巷,26弄,,,8號,121.273597521001,24.9027451681866
桃園市大溪區仁愛里7鄰仁和路一段328巷26弄9號,68,6800300,6800300-018,7鄰,仁和路,一段,328巷,26弄,,,9號,121.273737496595,24.9028364597352
桃園市大溪區仁愛里7鄰仁和路一段328巷26弄10號,68,6800300,6800300-018,7鄰,仁和路,一段,328巷,26弄,,,10號,121.273636399922,24.9027341724766
桃園市大溪區仁愛里7鄰仁和路一段328巷26弄11號,68,6800300,6800300-018,7鄰,仁和路,一段,328巷,26弄,,,11號,121.273781605465,24.9028179607913
桃園市大溪區仁愛里7鄰仁和路一段328巷26弄12號,68,6800300,6800300-018,7鄰,仁和路,一段,328巷,26弄,,,12號,121.273692193354,24.9027173675296
桃園市大溪區仁愛里7鄰仁和路一段328巷26弄16號,68,6800300,6800300-018,7鄰,仁和路,一段,328巷,26弄,,,16號,121.273740175537,24.9027046396896
桃園市大溪區仁愛里7鄰仁和路一段328巷31號,68,6800300,6800300-018,7鄰,仁和路,一段,328巷,,,,31號,121.273480192612,24.9030482872549
桃園市大溪區仁愛里7鄰仁和路一段328巷32號,68,6800300,6800300-018,7鄰,仁和路,一段,328巷,,,,32號,121.273590793666,24.9030163946663
桃園市大溪區仁愛里7鄰仁和路一段328巷33號,68,6800300,6800300-018,7鄰,仁和路,一段,328巷,,,,33號,121.273499198808,24.9030932140107
桃園市大溪區仁愛里7鄰仁和路一段328巷35號,68,6800300,6800300-018,7鄰,仁和路,一段,328巷,,,,35號,121.273511966052,24.9031369785057
桃園市大溪區仁愛里7鄰仁和路一段328巷36號,68,6800300,6800300-018,7鄰,仁和路,一段,328巷,,,,36號,121.273608009118,24.9030572618972
桃園市大溪區仁愛里7鄰仁和路一段328巷37號,68,6800300,6800300-018,7鄰,仁和路,一段,328巷,,,,37號,121.273528494931,24.9031807361026
桃園市大溪區仁愛里7鄰仁和路一段328巷38號,68,6800300,6800300-018,7鄰,仁和路,一段,328巷,,,,38號,121.273618695414,24.9031000370719
桃園市大溪區仁愛里7鄰仁和路一段328巷40號,68,6800300,6800300-018,7鄰,仁和路,一段,328巷,,,,40號,121.273634811444,24.9031361212459
桃園市大溪區仁愛里6鄰仁和路一段330號,68,6800300,6800300-018,6鄰,仁和路,一段,,,,,330號,121.273191844238,24.9023337635902
桃園市大溪區仁愛里6鄰仁和路一段332號,68,6800300,6800300-018,6鄰,仁和路,一段,,,,,332號,121.273134082643,24.9023558084455
桃園市大溪區仁愛里6鄰仁和路一段338之1號,68,6800300,6800300-018,6鄰,仁和路,一段,,,,,338之1號,121.27299867858,24.9027222495702
桃園市大溪區仁愛里7鄰仁和路一段376號,68,6800300,6800300-018,7鄰,仁和路,一段,,,,,376號,121.273028634146,24.9028397449613
桃園市大溪區仁愛里8鄰仁和路一段430號,68,6800300,6800300-018,8鄰,仁和路,一段,,,,,430號,121.271195546437,24.9028466998008
桃園市大溪區仁愛里8鄰仁和路一段438號,68,6800300,6800300-018,8鄰,仁和路,一段,,,,,438號,121.270874883841,24.9028769859104
桃園市大溪區仁愛里8鄰仁和路一段442之1號,68,6800300,6800300-018,8鄰,仁和路,一段,,,,,442之1號,121.2707058114,24.9029237892326
桃園市大溪區仁愛里8鄰仁和路一段446號,68,6800300,6800300-018,8鄰,仁和路,一段,,,,,446號,121.270647562203,24.9029495356712
桃園市大溪區仁愛里8鄰仁和路一段448號,68,6800300,6800300-018,8鄰,仁和路,一段,,,,,448號,121.270596692744,24.9029548644392
桃園市大溪區南興里12鄰仁和路二段1號,68,6800300,6800300-021,12鄰,仁和路,二段,,,,,1號,121.270025918813,24.9026841427148
桃園市大溪區南興里12鄰仁和路二段2巷50號,68,6800300,6800300-021,12鄰,仁和路,二段,2巷,,,,50號,121.270576026639,24.9039641905895
桃園市大溪區南興里12鄰仁和路二段2巷60號,68,6800300,6800300-021,12鄰,仁和路,二段,2巷,,,,60號,121.270382877124,24.9040469703827
桃園市大溪區南興里12鄰仁和路二段2巷68之1號,68,6800300,6800300-021,12鄰,仁和路,二段,2巷,,,,68之1號,121.270285159256,24.9043134862467
桃園市大溪區南興里12鄰仁和路二段2巷72號,68,6800300,6800300-021,12鄰,仁和路,二段,2巷,,,,72號,121.270378805756,24.9044045940104
桃園市大溪區南興里12鄰仁和路二段8號,68,6800300,6800300-021,12鄰,仁和路,二段,,,,,8號,121.270262735639,24.9029262176676
桃園市大溪區南興里12鄰仁和路二段12之1號,68,6800300,6800300-021,12鄰,仁和路,二段,,,,,12之1號,121.270096028044,24.9029681406614
桃園市大溪區南興里12鄰仁和路二段16號,68,6800300,6800300-021,12鄰,仁和路,二段,,,,,16號,121.26997421725,24.9029894876818
桃園市大溪區南興里12鄰仁和路二段18號,68,6800300,6800300-021,12鄰,仁和路,二段,,,,,18號,121.269934332499,24.9029933517959
桃園市大溪區南興里12鄰仁和路二段22號,68,6800300,6800300-021,12鄰,仁和路,二段,,,,,22號,121.269706312542,24.9030182312521
桃園市大溪區南興里12鄰仁和路二段24號,68,6800300,6800300-021,12鄰,仁和路,二段,,,,,24號,121.269658407025,24.9030209360959
桃園市大溪區南興里12鄰仁和路二段26號,68,6800300,6800300-021,12鄰,仁和路,二段,,,,,26號,121.269616138254,24.9030210124914
桃園市大溪區南興里12鄰仁和路二段28號,68,6800300,6800300-021,12鄰,仁和路,二段,,,,,28號,121.269570137471,24.9030347285557
桃園市大溪區南興里12鄰仁和路二段30號,68,6800300,6800300-021,12鄰,仁和路,二段,,,,,30號,121.269484021173,24.9030372315296
桃園市大溪區南興里12鄰仁和路二段32號,68,6800300,6800300-021,12鄰,仁和路,二段,,,,,32號,121.269433343724,24.903039851024
桃園市大溪區南興里12鄰仁和路二段33號,68,6800300,6800300-021,12鄰,仁和路,二段,,,,,33號,121.269650721548,24.9027184974003
桃園市大溪區南興里12鄰仁和路二段33號二樓,68,6800300,6800300-021,12鄰,仁和路,二段,,,,,33號二樓,121.269650721548,24.9027184974003
桃園市大溪區南興里12鄰仁和路二段33號三樓,68,6800300,6800300-021,12鄰,仁和路,二段,,,,,33號三樓,121.269650721548,24.9027184974003
桃園市大溪區南興里12鄰仁和路二段33號四樓,68,6800300,6800300-021,12鄰,仁和路,二段,,,,,33號四樓,121.269650721548,24.9027184974003
桃園市大溪區南興里12鄰仁和路二段33號五樓,68,6800300,6800300-021,12鄰,仁和路,二段,,,,,33號五樓,121.269650721548,24.9027184974003
桃園市大溪區南興里12鄰仁和路二段33號六樓,68,6800300,6800300-021,12鄰,仁和路,二段,,,,,33號六樓,121.269650721548,24.9027184974003
桃園市大溪區南興里12鄰仁和路二段33號七樓,68,6800300,6800300-021,12鄰,仁和路,二段,,,,,33號七樓,121.269650721548,24.9027184974003
桃園市大溪區南興里12鄰仁和路二段34號,68,6800300,6800300-021,12鄰,仁和路,二段,,,,,34號,121.269374252309,24.9030425759781
桃園市大溪區南興里12鄰仁和路二段36號,68,6800300,6800300-021,12鄰,仁和路,二段,,,,,36號,121.269323574855,24.9030451954352
桃園市大溪區南興里12鄰仁和路二段37巷16號,68,6800300,6800300-021,12鄰,仁和路,二段,37巷,,,,16號,121.269097441765,24.9025707980582
桃園市大溪區南興里12鄰仁和路二段37巷18號,68,6800300,6800300-021,12鄰,仁和路,二段,37巷,,,,18號,121.269102769059,24.9024711145144
桃園市大溪區南興里12鄰仁和路二段37巷25號,68,6800300,6800300-021,12鄰,仁和路,二段,37巷,,,,25號,121.269412927286,24.9021166400397
桃園市大溪區南興里12鄰仁和路二段37巷27號二樓,68,6800300,6800300-021,12鄰,仁和路,二段,37巷,,,,27號二樓,121.269401230182,24.9018355156454
桃園市大溪區南興里12鄰仁和路二段37巷27號三樓,68,6800300,6800300-021,12鄰,仁和路,二段,37巷,,,,27號三樓,121.269401230182,24.9018355156454
桃園市大溪區南興里12鄰仁和路二段37巷30號,68,6800300,6800300-021,12鄰,仁和路,二段,37巷,,,,30號,121.269057236822,24.9021986281429
桃園市大溪區南興里12鄰仁和路二段37巷32號,68,6800300,6800300-021,12鄰,仁和路,二段,37巷,,,,32號,121.269014275648,24.9020161506254
桃園市大溪區南興里12鄰仁和路二段37巷35號,68,6800300,6800300-021,12鄰,仁和路,二段,37巷,,,,35號,121.269303133323,24.9016538600291
桃園市大溪區南興里12鄰仁和路二段37巷36號,68,6800300,6800300-021,12鄰,仁和路,二段,37巷,,,,36號,121.26900089791,24.9018726226006
桃園市大溪區南興里12鄰仁和路二段37巷37號,68,6800300,6800300-021,12鄰,仁和路,二段,37巷,,,,37號,121.269293272211,24.9015344316052
桃園市大溪區南興里12鄰仁和路二段37巷39號,68,6800300,6800300-021,12鄰,仁和路,二段,37巷,,,,39號,121.269290575731,24.9014322345623
桃園市大溪區南興里12鄰仁和路二段37巷56號,68,6800300,6800300-021,12鄰,仁和路,二段,37巷,,,,56號,121.269008883578,24.9016292918222
桃園市大溪區南興里12鄰仁和路二段37巷56號地下室,68,6800300,6800300-021,12鄰,仁和路,二段,37巷,,,,56號地下室,121.269008883578,24.9016292918222
桃園市大溪區南興里12鄰仁和路二段37巷66號,68,6800300,6800300-021,12鄰,仁和路,二段,37巷,,,,66號,121.269008934461,24.9013787525929
桃園市大溪區南興里12鄰仁和路二段37巷82號,68,6800300,6800300-021,12鄰,仁和路,二段,37巷,,,,82號,121.268979428438,24.9011013619003
桃園市大溪區南興里12鄰仁和路二段38號,68,6800300,6800300-021,12鄰,仁和路,二段,,,,,38號,121.269276658436,24.9030475372336
桃園市大溪區南興里12鄰仁和路二段39號,68,6800300,6800300-021,12鄰,仁和路,二段,,,,,39號,121.269160303753,24.9027548647516
桃園市大溪區南興里12鄰仁和路二段40號,68,6800300,6800300-021,12鄰,仁和路,二段,,,,,40號,121.269225590502,24.9030526853241
桃園市大溪區南興里12鄰仁和路二段41號,68,6800300,6800300-021,12鄰,仁和路,二段,,,,,41號,121.26911190592,24.9027587440043
桃園市大溪區南興里12鄰仁和路二段42號,68,6800300,6800300-021,12鄰,仁和路,二段,,,,,42號,121.26909448379,24.9030783820517
桃園市大溪區南興里12鄰仁和路二段43號,68,6800300,6800300-021,12鄰,仁和路,二段,,,,,43號,121.26906866241,24.902765773898
桃園市大溪區南興里12鄰仁和路二段44號,68,6800300,6800300-021,12鄰,仁和路,二段,,,,,44號,121.269035408789,24.903088690728
桃園市大溪區南興里12鄰仁和路二段45號,68,6800300,6800300-021,12鄰,仁和路,二段,,,,,45號,121.269015212953,24.9027682176804
桃園市大溪區南興里12鄰仁和路二段46號,68,6800300,6800300-021,12鄰,仁和路,二段,,,,,46號,121.268979100219,24.9030965567155
桃園市大溪區南興里12鄰仁和路二段47號,68,6800300,6800300-021,12鄰,仁和路,二段,,,,,47號,121.268963674435,24.9027845617899
桃園市大溪區南興里12鄰仁和路二段49號,68,6800300,6800300-021,12鄰,仁和路,二段,,,,,49號,121.268912011677,24.9027892594232
桃園市大溪區南興里12鄰仁和路二段51號,68,6800300,6800300-021,12鄰,仁和路,二段,,,,,51號,121.268796829063,24.9028086975639
桃園市大溪區南興里12鄰仁和路二段52號,68,6800300,6800300-021,12鄰,仁和路,二段,,,,,52號,121.268989329309,24.9031574802117
桃園市大溪區南興里12鄰仁和路二段54號,68,6800300,6800300-021,12鄰,仁和路,二段,,,,,54號,121.26889647395,24.9031107900244
桃園市大溪區南興里12鄰仁和路二段56號,68,6800300,6800300-021,12鄰,仁和路,二段,,,,,56號,121.268841641803,24.9031147710718
桃園市大溪區南興里12鄰仁和路二段60巷2之7號,68,6800300,6800300-021,12鄰,仁和路,二段,60巷,,,,2之7號,121.269532385425,24.9033368882047
桃園市大溪區南興里12鄰仁和路二段60巷2號,68,6800300,6800300-021,12鄰,仁和路,二段,60巷,,,,2號,121.269047950646,24.9036227903329
桃園市大溪區南興里12鄰仁和路二段60巷2之8號,68,6800300,6800300-021,12鄰,仁和路,二段,60巷,,,,2之8號,121.269443818464,24.9033505908437
桃園市大溪區南興里12鄰仁和路二段60巷2之1號,68,6800300,6800300-021,12鄰,仁和路,二段,60巷,,,,2之1號,121.269037654009,24.9035764027469
桃園市大溪區南興里12鄰仁和路二段60巷6號,68,6800300,6800300-021,12鄰,仁和路,二段,60巷,,,,6號,121.269032380451,24.9035182691362
桃園市大溪區南興里12鄰仁和路二段60巷8號,68,6800300,6800300-021,12鄰,仁和路,二段,60巷,,,,8號,121.26900768011,24.9034487947279
桃園市大溪區南興里12鄰仁和路二段60巷10號,68,6800300,6800300-021,12鄰,仁和路,二段,60巷,,,,10號,121.268997388395,24.9034046642378
桃園市大溪區南興里12鄰仁和路二段60巷12號,68,6800300,6800300-021,12鄰,仁和路,二段,60巷,,,,12號,121.268994718947,24.9033605200033
桃園市大溪區南興里12鄰仁和路二段60巷13號,68,6800300,6800300-021,12鄰,仁和路,二段,60巷,,,,13號,121.268960705721,24.9032417671204
桃園市大溪區南興里12鄰仁和路二段60巷14號,68,6800300,6800300-021,12鄰,仁和路,二段,60巷,,,,14號,121.268750167304,24.9033856986628
桃園市大溪區南興里12鄰仁和路二段60巷15號,68,6800300,6800300-021,12鄰,仁和路,二段,60巷,,,,15號,121.268921500875,24.9032396709712
桃園市大溪區南興里12鄰仁和路二段60巷16號,68,6800300,6800300-021,12鄰,仁和路,二段,60巷,,,,16號,121.268757979084,24.9034274862451
桃園市大溪區南興里12鄰仁和路二段60巷17號,68,6800300,6800300-021,12鄰,仁和路,二段,60巷,,,,17號,121.268865507586,24.9032560230771
桃園市大溪區南興里12鄰仁和路二段60巷18號,68,6800300,6800300-021,12鄰,仁和路,二段,60巷,,,,18號,121.268773324118,24.9034738647569
桃園市大溪區南興里12鄰仁和路二段60巷20號,68,6800300,6800300-021,12鄰,仁和路,二段,60巷,,,,20號,121.26876076088,24.9035235437835
桃園市大溪區南興里12鄰仁和路二段60巷21號,68,6800300,6800300-021,12鄰,仁和路,二段,60巷,,,,21號,121.268674095265,24.9033182127025
桃園市大溪區南興里12鄰仁和路二段60巷22號,68,6800300,6800300-021,12鄰,仁和路,二段,60巷,,,,22號,121.268765803089,24.9035663294818
桃園市大溪區南興里12鄰仁和路二段60巷23號,68,6800300,6800300-021,12鄰,仁和路,二段,60巷,,,,23號,121.268634141571,24.9032902965014
桃園市大溪區南興里12鄰仁和路二段60巷24號,68,6800300,6800300-021,12鄰,仁和路,二段,60巷,,,,24號,121.268580064594,24.9035517670675
桃園市大溪區南興里12鄰仁和路二段60巷25號,68,6800300,6800300-021,12鄰,仁和路,二段,60巷,,,,25號,121.268585740385,24.903292731041
桃園市大溪區南興里12鄰仁和路二段60巷26號,68,6800300,6800300-021,12鄰,仁和路,二段,60巷,,,,26號,121.268577375164,24.9034983235731
桃園市大溪區南興里12鄰仁和路二段60巷27號,68,6800300,6800300-021,12鄰,仁和路,二段,60巷,,,,27號,121.268537339196,24.903295165565
桃園市大溪區南興里12鄰仁和路二段60巷28號,68,6800300,6800300-021,12鄰,仁和路,二段,60巷,,,,28號,121.268574705863,24.9034541793304
桃園市大溪區南興里12鄰仁和路二段60巷29號,68,6800300,6800300-021,12鄰,仁和路,二段,60巷,,,,29號,121.268491516637,24.9032998525413
桃園市大溪區南興里12鄰仁和路二段60巷30號,68,6800300,6800300-021,12鄰,仁和路,二段,60巷,,,,30號,121.268577189146,24.9034123732045
桃園市大溪區南興里12鄰仁和路二段60巷31號,68,6800300,6800300-021,12鄰,仁和路,二段,60巷,,,,31號,121.268438393007,24.903315747901
桃園市大溪區南興里12鄰仁和路二段60巷32號,68,6800300,6800300-021,12鄰,仁和路,二段,60巷,,,,32號,121.26850756123,24.9034408478255
桃園市大溪區南興里12鄰仁和路二段60巷33號,68,6800300,6800300-021,12鄰,仁和路,二段,60巷,,,,33號,121.268392575513,24.9033227822311
桃園市大溪區南興里12鄰仁和路二段60巷34號,68,6800300,6800300-021,12鄰,仁和路,二段,60巷,,,,34號,121.268456596191,24.90344789144
桃園市大溪區南興里12鄰仁和路二段60巷35號,68,6800300,6800300-021,12鄰,仁和路,二段,60巷,,,,35號,121.268349311655,24.9033205126653
桃園市大溪區南興里12鄰仁和路二段60巷36號,68,6800300,6800300-021,12鄰,仁和路,二段,60巷,,,,36號,121.26840058771,24.9034572915042
桃園市大溪區南興里12鄰仁和路二段60巷37號,68,6800300,6800300-021,12鄰,仁和路,二段,60巷,,,,37號,121.268300915525,24.9033252944968
桃園市大溪區南興里12鄰仁和路二段60巷38號,68,6800300,6800300-021,12鄰,仁和路,二段,60巷,,,,38號,121.268352602134,24.9034688439405
桃園市大溪區南興里12鄰仁和路二段60巷39號,68,6800300,6800300-021,12鄰,仁和路,二段,60巷,,,,39號,121.268242417887,24.9033280179356
桃園市大溪區南興里12鄰仁和路二段60巷40號,68,6800300,6800300-021,12鄰,仁和路,二段,60巷,,,,40號,121.268299048292,24.9034689402628
桃園市大溪區南興里12鄰仁和路二段60巷41號,68,6800300,6800300-021,12鄰,仁和路,二段,60巷,,,,41號,121.268201757827,24.903339647436
桃園市大溪區南興里12鄰仁和路二段60巷43號,68,6800300,6800300-021,12鄰,仁和路,二段,60巷,,,,43號,121.268158420142,24.9033490246295
桃園市大溪區南興里12鄰仁和路二段61巷21之1號,68,6800300,6800300-021,12鄰,仁和路,二段,61巷,,,,21之1號,121.271241964043,24.9056958082925
桃園市大溪區南興里12鄰仁和路二段61巷21號,68,6800300,6800300-021,12鄰,仁和路,二段,61巷,,,,21號,121.271324311687,24.9058251262417
桃園市大溪區南興里12鄰仁和路二段61巷27號,68,6800300,6800300-021,12鄰,仁和路,二段,61巷,,,,27號,121.271358377093,24.905468441244
桃園市大溪區南興里12鄰仁和路二段62號,68,6800300,6800300-021,12鄰,仁和路,二段,,,,,62號,121.268704994694,24.9030962381074
桃園市大溪區南興里12鄰仁和路二段64號,68,6800300,6800300-021,12鄰,仁和路,二段,,,,,64號,121.26865401984,24.9030986773042
桃園市大溪區南興里12鄰仁和路二段66號,68,6800300,6800300-021,12鄰,仁和路,二段,,,,,66號,121.268610469638,24.9031012836845
桃園市大溪區南興里12鄰仁和路二段68號,68,6800300,6800300-021,12鄰,仁和路,二段,,,,,68號,121.26854839987,24.9031000411625
桃園市大溪區南興里12鄰仁和路二段70號,68,6800300,6800300-021,12鄰,仁和路,二段,,,,,70號,121.268523302862,24.903121574014
桃園市大溪區南興里12鄰仁和路二段72號,68,6800300,6800300-021,12鄰,仁和路,二段,,,,,72號,121.268472327798,24.9031239228648
桃園市大溪區南興里12鄰仁和路二段74號,68,6800300,6800300-021,12鄰,仁和路,二段,,,,,74號,121.268412067573,24.9031354974085
桃園市大溪區南興里12鄰仁和路二段76號,68,6800300,6800300-021,12鄰,仁和路,二段,,,,,76號,121.268366250144,24.9031425317302
桃園市大溪區南興里12鄰仁和路二段78號,68,6800300,6800300-021,12鄰,仁和路,二段,,,,,78號,121.268317266194,24.9031501134391
桃園市大溪區南興里12鄰仁和路二段80號,68,6800300,6800300-021,12鄰,仁和路,二段,,,,,80號,121.268271428652,24.9031478484791
桃園市大溪區南興里12鄰仁和路二段82號,68,6800300,6800300-021,12鄰,仁和路,二段,,,,,82號,121.268230357667,24.9031525268305
桃園市大溪區南興里12鄰仁和路二段84號,68,6800300,6800300-021,12鄰,仁和路,二段,,,,,84號,121.268179397802,24.903161917734
桃園市大溪區南興里12鄰仁和路二段86號,68,6800300,6800300-021,12鄰,仁和路,二段,,,,,86號,121.268150892715,24.9031638649438
桃園市大溪區南興里12鄰仁和路二段88號,68,6800300,6800300-021,12鄰,仁和路,二段,,,,,88號,121.268084882424,24.903171477179
桃園市大溪區南興里12鄰仁和路二段89號,68,6800300,6800300-021,12鄰,仁和路,二段,,,,,89號,121.267985283908,24.9028899689174
桃園市大溪區南興里12鄰仁和路二段91號,68,6800300,6800300-021,12鄰,仁和路,二段,,,,,91號,121.267914041119,24.9029040006651
桃園市大溪區南興里12鄰仁和路二段92號,68,6800300,6800300-021,12鄰,仁和路,二段,,,,,92號,121.267966024399,24.9031852333704
桃園市大溪區南興里12鄰仁和路二段93號,68,6800300,6800300-021,12鄰,仁和路,二段,,,,,93號,121.267817743899,24.9029134728556
桃園市大溪區南興里12鄰仁和路二段94號,68,6800300,6800300-021,12鄰,仁和路,二段,,,,,94號,121.267922676808,24.9031900060108
桃園市大溪區南興里12鄰仁和路二段96號,68,6800300,6800300-021,12鄰,仁和路,二段,,,,,96號,121.267864768293,24.9031904711343
桃園市大溪區南興里12鄰仁和路二段98號,68,6800300,6800300-021,12鄰,仁和路,二段,,,,,98號,121.267806295062,24.903204479903
桃園市大溪區南興里12鄰仁和路二段99號,68,6800300,6800300-021,12鄰,仁和路,二段,,,,,99號,121.267681691813,24.9029411634767
桃園市大溪區南興里12鄰仁和路二段100巷50號,68,6800300,6800300-021,12鄰,仁和路,二段,100巷,,,,50號,121.268218156623,24.9043316623869
桃園市大溪區南興里12鄰仁和路二段100巷52號,68,6800300,6800300-021,12鄰,仁和路,二段,100巷,,,,52號,121.26804999522,24.9034267737431
桃園市大溪區南興里12鄰仁和路二段100巷73之1號,68,6800300,6800300-021,12鄰,仁和路,二段,100巷,,,,73之1號,121.267543178559,24.9047658781381
桃園市大溪區南興里12鄰仁和路二段100巷75號,68,6800300,6800300-021,12鄰,仁和路,二段,100巷,,,,75號,121.267624838656,24.904945668354
桃園市大溪區南興里12鄰仁和路二段100巷77之1號,68,6800300,6800300-021,12鄰,仁和路,二段,100巷,,,,77之1號,121.267647055811,24.9055163157794
桃園市大溪區南興里12鄰仁和路二段100巷96號,68,6800300,6800300-021,12鄰,仁和路,二段,100巷,,,,96號,121.268324424176,24.9056364410681
桃園市大溪區南興里12鄰仁和路二段100巷132之8號,68,6800300,6800300-021,12鄰,仁和路,二段,100巷,,,,132之8號,121.268269467188,24.9061326522732
桃園市大溪區南興里12鄰仁和路二段100巷150號,68,6800300,6800300-021,12鄰,仁和路,二段,100巷,,,,150號,121.267389910755,24.905855252876
桃園市大溪區南興里24鄰仁和路二段101號,68,6800300,6800300-021,24鄰,仁和路,二段,,,,,101號,121.267630700839,24.9029361087504
桃園市大溪區南興里24鄰仁和路二段103號,68,6800300,6800300-021,24鄰,仁和路,二段,,,,,103號,121.267584859492,24.9029320378983
桃園市大溪區南興里24鄰仁和路二段105號,68,6800300,6800300-021,24鄰,仁和路,二段,,,,,105號,121.267538937065,24.902936273339
桃園市大溪區南興里24鄰仁和路二段107號,68,6800300,6800300-021,24鄰,仁和路,二段,,,,,107號,121.267488546655,24.9029342871554
桃園市大溪區南興里24鄰仁和路二段109巷1號,68,6800300,6800300-021,24鄰,仁和路,二段,109巷,,,,1號,121.267510017237,24.9028376443879
桃園市大溪區南興里24鄰仁和路二段109巷2號,68,6800300,6800300-021,24鄰,仁和路,二段,109巷,,,,2號,121.26731954342,24.9028759955238
桃園市大溪區南興里24鄰仁和路二段109巷3號,68,6800300,6800300-021,24鄰,仁和路,二段,109巷,,,,3號,121.267507659313,24.9028000000356
桃園市大溪區南興里24鄰仁和路二段109巷4號,68,6800300,6800300-021,24鄰,仁和路,二段,109巷,,,,4號,121.267312528357,24.9028361926881
桃園市大溪區南興里24鄰仁和路二段109巷5號,68,6800300,6800300-021,24鄰,仁和路,二段,109巷,,,,5號,121.267503042528,24.902770665895
桃園市大溪區南興里24鄰仁和路二段109巷6號,68,6800300,6800300-021,24鄰,仁和路,二段,109巷,,,,6號,121.267317104263,24.9028006124488
桃園市大溪區南興里24鄰仁和路二段109巷7號,68,6800300,6800300-021,24鄰,仁和路,二段,109巷,,,,7號,121.267624216697,24.9027753239296
桃園市大溪區南興里24鄰仁和路二段109巷8號,68,6800300,6800300-021,24鄰,仁和路,二段,109巷,,,,8號,121.267316502158,24.9027508668416
桃園市大溪區南興里24鄰仁和路二段109巷9號,68,6800300,6800300-021,24鄰,仁和路,二段,109巷,,,,9號,121.267673612472,24.9027751450276
桃園市大溪區南興里24鄰仁和路二段109巷10號,68,6800300,6800300-021,24鄰,仁和路,二段,109巷,,,,10號,121.267320960983,24.9027068903654
桃園市大溪區南興里24鄰仁和路二段109巷11號,68,6800300,6800300-021,24鄰,仁和路,二段,109巷,,,,11號,121.267640512805,24.9026662311818
桃園市大溪區南興里24鄰仁和路二段109巷12號,68,6800300,6800300-021,24鄰,仁和路,二段,109巷,,,,12號,121.267323643434,24.9026654450341
桃園市大溪區南興里24鄰仁和路二段109巷13號,68,6800300,6800300-021,24鄰,仁和路,二段,109巷,,,,13號,121.267532146577,24.9026792459284
桃園市大溪區南興里24鄰仁和路二段109巷14號,68,6800300,6800300-021,24鄰,仁和路,二段,109巷,,,,14號,121.267321276625,24.9026236476125
桃園市大溪區南興里24鄰仁和路二段109巷15號,68,6800300,6800300-021,24鄰,仁和路,二段,109巷,,,,15號,121.267529785926,24.9026403375994
桃園市大溪區南興里24鄰仁和路二段109巷16號,68,6800300,6800300-021,24鄰,仁和路,二段,109巷,,,,16號,121.267321195529,24.9025859991761
桃園市大溪區南興里24鄰仁和路二段109巷17號,68,6800300,6800300-021,24鄰,仁和路,二段,109巷,,,,17號,121.267531990484,24.9026068381457
桃園市大溪區南興里24鄰仁和路二段109巷18號,68,6800300,6800300-021,24鄰,仁和路,二段,109巷,,,,18號,121.267316056037,24.9025437553003
桃園市大溪區南興里24鄰仁和路二段109巷19號,68,6800300,6800300-021,24鄰,仁和路,二段,109巷,,,,19號,121.267535551313,24.9025596130358
桃園市大溪區南興里24鄰仁和路二段109巷20號,68,6800300,6800300-021,24鄰,仁和路,二段,109巷,,,,20號,121.267325072855,24.9025018471962
桃園市大溪區南興里24鄰仁和路二段109巷21號,68,6800300,6800300-021,24鄰,仁和路,二段,109巷,,,,21號,121.267640300183,24.9025676410344
桃園市大溪區南興里24鄰仁和路二段109巷22號,68,6800300,6800300-021,24鄰,仁和路,二段,109巷,,,,22號,121.267315866623,24.9024558186633
桃園市大溪區南興里24鄰仁和路二段109巷23號,68,6800300,6800300-021,24鄰,仁和路,二段,109巷,,,,23號,121.267624027094,24.9024578844349
桃園市大溪區南興里24鄰仁和路二段109巷24號,68,6800300,6800300-021,24鄰,仁和路,二段,109巷,,,,24號,121.26732170157,24.9024073255011
桃園市大溪區南興里24鄰仁和路二段109巷25號,68,6800300,6800300-021,24鄰,仁和路,二段,109巷,,,,25號,121.267526656101,24.9024742199741
桃園市大溪區南興里24鄰仁和路二段109巷26號,68,6800300,6800300-021,24鄰,仁和路,二段,109巷,,,,26號,121.267316958822,24.9023654420508
桃園市大溪區南興里24鄰仁和路二段109巷27號,68,6800300,6800300-021,24鄰,仁和路,二段,109巷,,,,27號,121.26752429351,24.9024344088037
桃園市大溪區南興里24鄰仁和路二段109巷28號,68,6800300,6800300-021,24鄰,仁和路,二段,109巷,,,,28號,121.267314596496,24.90232572116
桃園市大溪區南興里24鄰仁和路二段109巷29號,68,6800300,6800300-021,24鄰,仁和路,二段,109巷,,,,29號,121.267519568987,24.9024010120587
桃園市大溪區南興里24鄰仁和路二段109巷30號,68,6800300,6800300-021,24鄰,仁和路,二段,109巷,,,,30號,121.267321453615,24.9022922133713
桃園市大溪區南興里24鄰仁和路二段109巷31號,68,6800300,6800300-021,24鄰,仁和路,二段,109巷,,,,31號,121.267528155709,24.9023433049484
桃園市大溪區南興里24鄰仁和路二段109巷32號,68,6800300,6800300-021,24鄰,仁和路,二段,109巷,,,,32號,121.267315797604,24.9022399488539
桃園市大溪區南興里24鄰仁和路二段109巷33號,68,6800300,6800300-021,24鄰,仁和路,二段,109巷,,,,33號,121.267523538937,24.9023139708065
桃園市大溪區南興里24鄰仁和路二段109巷34號,68,6800300,6800300-021,24鄰,仁和路,二段,109巷,,,,34號,121.26731342614,24.9021959846131
桃園市大溪區南興里24鄰仁和路二段109巷35號,68,6800300,6800300-021,24鄰,仁和路,二段,109巷,,,,35號,121.267620490786,24.9023328469263
桃園市大溪區南興里24鄰仁和路二段109巷36號,68,6800300,6800300-021,24鄰,仁和路,二段,109巷,,,,36號,121.267313331629,24.9021521065767
桃園市大溪區南興里24鄰仁和路二段109巷37號,68,6800300,6800300-021,24鄰,仁和路,二段,109巷,,,,37號,121.26762207001,24.9021929936021
桃園市大溪區南興里24鄰仁和路二段109巷38號,68,6800300,6800300-021,24鄰,仁和路,二段,109巷,,,,38號,121.26731324587,24.9021122913212
桃園市大溪區南興里24鄰仁和路二段109巷39號,68,6800300,6800300-021,24鄰,仁和路,二段,109巷,,,,39號,121.267503644243,24.9022231804016
桃園市大溪區南興里24鄰仁和路二段109巷40號,68,6800300,6800300-021,24鄰,仁和路,二段,109巷,,,,40號,121.267313155832,24.902070489817
桃園市大溪區南興里24鄰仁和路二段109巷41號,68,6800300,6800300-021,24鄰,仁和路,二段,109巷,,,,41號,121.267499018529,24.9021896931933
桃園市大溪區南興里24鄰仁和路二段109巷43號,68,6800300,6800300-021,24鄰,仁和路,二段,109巷,,,,43號,121.267496557159,24.9021499724823
桃園市大溪區南興里24鄰仁和路二段111號,68,6800300,6800300-021,24鄰,仁和路,二段,,,,,111號,121.267385259599,24.9029616479035
桃園市大溪區南興里24鄰仁和路二段113號,68,6800300,6800300-021,24鄰,仁和路,二段,,,,,113號,121.267330225594,24.9029638230698
桃園市大溪區南興里24鄰仁和路二段115號,68,6800300,6800300-021,24鄰,仁和路,二段,,,,,115號,121.267279731713,24.9029597604608
桃園市大溪區南興里24鄰仁和路二段121號,68,6800300,6800300-021,24鄰,仁和路,二段,,,,,121號,121.267169627739,24.9029474081521
桃園市大溪區南興里24鄰仁和路二段124號,68,6800300,6800300-021,24鄰,仁和路,二段,,,,,124號,121.267054513657,24.9032748950763
桃園市大溪區南興里24鄰仁和路二段126號,68,6800300,6800300-021,24鄰,仁和路,二段,,,,,126號,121.267006822078,24.9032850922887
桃園市大溪區南興里24鄰仁和路二段128號,68,6800300,6800300-021,24鄰,仁和路,二段,,,,,128號,121.266952990955,24.9032943073442
桃園市大溪區南興里24鄰仁和路二段130號,68,6800300,6800300-021,24鄰,仁和路,二段,,,,,130號,121.266915542792,24.9033725606064
桃園市大溪區南興里24鄰仁和路二段132號,68,6800300,6800300-021,24鄰,仁和路,二段,,,,,132號,121.266862070866,24.9033186662175
桃園市大溪區南興里24鄰仁和路二段134號,68,6800300,6800300-021,24鄰,仁和路,二段,,,,,134號,121.266815372263,24.9033303061425
桃園市大溪區南興里24鄰仁和路二段135號,68,6800300,6800300-021,24鄰,仁和路,二段,,,,,135號,121.266824005306,24.9029716812065
桃園市大溪區南興里24鄰仁和路二段136之3號,68,6800300,6800300-021,24鄰,仁和路,二段,,,,,136之3號,121.266907573092,24.9035792357656
桃園市大溪區南興里24鄰仁和路二段138號,68,6800300,6800300-021,24鄰,仁和路,二段,,,,,138號,121.266727047022,24.9033645012885
桃園市大溪區南興里24鄰仁和路二段140號,68,6800300,6800300-021,24鄰,仁和路,二段,,,,,140號,121.26666936414,24.9033778762089
桃園市大溪區南興里24鄰仁和路二段144號,68,6800300,6800300-021,24鄰,仁和路,二段,,,,,144號,121.266584870553,24.9033986120518
桃園市大溪區南興里24鄰仁和路二段146號,68,6800300,6800300-021,24鄰,仁和路,二段,,,,,146號,121.266537969841,24.9034083562797
桃園市大溪區南興里24鄰仁和路二段148號,68,6800300,6800300-021,24鄰,仁和路,二段,,,,,148號,121.266489667551,24.9034107899631
桃園市大溪區南興里24鄰仁和路二段149巷6號,68,6800300,6800300-021,24鄰,仁和路,二段,149巷,,,,6號,121.266365359285,24.9030069894249
桃園市大溪區南興里24鄰仁和路二段149巷8號,68,6800300,6800300-021,24鄰,仁和路,二段,149巷,,,,8號,121.266365193987,24.9029299771534
桃園市大溪區南興里24鄰仁和路二段149巷10號,68,6800300,6800300-021,24鄰,仁和路,二段,149巷,,,,10號,121.266364301849,24.9028371664139
桃園市大溪區南興里24鄰仁和路二段149巷12號,68,6800300,6800300-021,24鄰,仁和路,二段,149巷,,,,12號,121.266364780844,24.9027374916131
桃園市大溪區南興里24鄰仁和路二段149巷14號,68,6800300,6800300-021,24鄰,仁和路,二段,149巷,,,,14號,121.266363307203,24.9026965954237
桃園市大溪區南興里24鄰仁和路二段149巷16號,68,6800300,6800300-021,24鄰,仁和路,二段,149巷,,,,16號,121.266366420974,24.9026253554943
桃園市大溪區南興里24鄰仁和路二段149巷18號,68,6800300,6800300-021,24鄰,仁和路,二段,149巷,,,,18號,121.266309302853,24.9024866000962
桃園市大溪區南興里24鄰仁和路二段149巷22號,68,6800300,6800300-021,24鄰,仁和路,二段,149巷,,,,22號,121.266350862533,24.9022945813216
桃園市大溪區南興里24鄰仁和路二段150號,68,6800300,6800300-021,24鄰,仁和路,二段,,,,,150號,121.266448099128,24.903414385301
桃園市大溪區南興里12鄰仁和路二段152巷18號,68,6800300,6800300-021,12鄰,仁和路,二段,152巷,,,,18號,121.266711275129,24.9036718574494
桃園市大溪區南興里12鄰仁和路二段152巷28號,68,6800300,6800300-021,12鄰,仁和路,二段,152巷,,,,28號,121.266415553309,24.904024133705
桃園市大溪區南興里12鄰仁和路二段152巷30號,68,6800300,6800300-021,12鄰,仁和路,二段,152巷,,,,30號,121.266403442281,24.9043310318524
桃園市大溪區南興里12鄰仁和路二段152巷36號,68,6800300,6800300-021,12鄰,仁和路,二段,152巷,,,,36號,121.26669144244,24.9039321827069
桃園市大溪區南興里13鄰仁和路二段156號,68,6800300,6800300-021,13鄰,仁和路,二段,,,,,156號,121.266092112081,24.9035453912968
桃園市大溪區南興里24鄰仁和路二段157之1號,68,6800300,6800300-021,24鄰,仁和路,二段,,,,,157之1號,121.265974636314,24.9032806161724
桃園市大溪區南興里13鄰仁和路二段158號,68,6800300,6800300-021,13鄰,仁和路,二段,,,,,158號,121.266044225432,24.9035570331
桃園市大溪區南興里25鄰仁和路二段159巷18弄2號,68,6800300,6800300-021,25鄰,仁和路,二段,159巷,18弄,,,2號,121.265788546045,24.9031476880967
桃園市大溪區南興里25鄰仁和路二段159巷18弄6號,68,6800300,6800300-021,25鄰,仁和路,二段,159巷,18弄,,,6號,121.265746373501,24.9031464992434
桃園市大溪區南興里25鄰仁和路二段159巷18弄8號,68,6800300,6800300-021,25鄰,仁和路,二段,159巷,18弄,,,8號,121.265701434256,24.9031476626993
桃園市大溪區南興里25鄰仁和路二段159巷18弄10號,68,6800300,6800300-021,25鄰,仁和路,二段,159巷,18弄,,,10號,121.265660551291,24.9031477355061
桃園市大溪區南興里25鄰仁和路二段159巷18弄12號,68,6800300,6800300-021,25鄰,仁和路,二段,159巷,18弄,,,12號,121.265619567789,24.9031470862059
桃園市大溪區南興里25鄰仁和路二段159巷18弄16號,68,6800300,6800300-021,25鄰,仁和路,二段,159巷,18弄,,,16號,121.26557739911,24.9031477029853
桃園市大溪區南興里25鄰仁和路二段159巷20號,68,6800300,6800300-021,25鄰,仁和路,二段,159巷,,,,20號,121.265584733594,24.9030594820981
桃園市大溪區南興里25鄰仁和路二段159巷22號,68,6800300,6800300-021,25鄰,仁和路,二段,159巷,,,,22號,121.265627306707,24.903062837109
桃園市大溪區南興里25鄰仁和路二段159巷26號,68,6800300,6800300-021,25鄰,仁和路,二段,159巷,,,,26號,121.265669864166,24.9030588791016
桃園市大溪區南興里25鄰仁和路二段159巷28弄1號,68,6800300,6800300-021,25鄰,仁和路,二段,159巷,28弄,,,1號,121.265802986295,24.9027721696677
桃園市大溪區南興里25鄰仁和路二段159巷28弄2號,68,6800300,6800300-021,25鄰,仁和路,二段,159巷,28弄,,,2號,121.265795970221,24.9028703212817
桃園市大溪區南興里25鄰仁和路二段159巷28弄3號,68,6800300,6800300-021,25鄰,仁和路,二段,159巷,28弄,,,3號,121.265764075131,24.9027684470454
桃園市大溪區南興里25鄰仁和路二段159巷28弄5號,68,6800300,6800300-021,25鄰,仁和路,二段,159巷,28弄,,,5號,121.265722895901,24.9027687912494
桃園市大溪區南興里25鄰仁和路二段159巷28弄6號,68,6800300,6800300-021,25鄰,仁和路,二段,159巷,28弄,,,6號,121.265760435321,24.9028715582839
桃園市大溪區南興里25鄰仁和路二段159巷28弄7號,68,6800300,6800300-021,25鄰,仁和路,二段,159巷,28弄,,,7號,121.265680625656,24.9027681442569
桃園市大溪區南興里25鄰仁和路二段159巷28弄8號,68,6800300,6800300-021,25鄰,仁和路,二段,159巷,28弄,,,8號,121.265718060058,24.9028681126737
桃園市大溪區南興里25鄰仁和路二段159巷28弄9號,68,6800300,6800300-021,25鄰,仁和路,二段,159巷,28弄,,,9號,121.265633699212,24.9027657901398
桃園市大溪區南興里25鄰仁和路二段159巷28弄10號,68,6800300,6800300-021,25鄰,仁和路,二段,159巷,28弄,,,10號,121.265672621711,24.9028672907531
桃園市大溪區南興里25鄰仁和路二段159巷28弄11號,68,6800300,6800300-021,25鄰,仁和路,二段,159巷,28弄,,,11號,121.265597467353,24.9027651323721
桃園市大溪區南興里25鄰仁和路二段159巷28弄12號,68,6800300,6800300-021,25鄰,仁和路,二段,159巷,28弄,,,12號,121.265631539505,24.9028667319156
桃園市大溪區南興里25鄰仁和路二段159巷28弄16號,68,6800300,6800300-021,25鄰,仁和路,二段,159巷,28弄,,,16號,121.265588771765,24.9028649120862
桃園市大溪區南興里25鄰仁和路二段159巷28號,68,6800300,6800300-021,25鄰,仁和路,二段,159巷,,,,28號,121.265702437921,24.9030616199068
桃園市大溪區南興里25鄰仁和路二段159巷30號,68,6800300,6800300-021,25鄰,仁和路,二段,159巷,,,,30號,121.265745003304,24.903061363523
桃園市大溪區南興里25鄰仁和路二段159巷32號,68,6800300,6800300-021,25鄰,仁和路,二段,159巷,,,,32號,121.265792316154,24.9030592026973
桃園市大溪區南興里25鄰仁和路二段159巷33號,68,6800300,6800300-021,25鄰,仁和路,二段,159巷,,,,33號,121.265979096485,24.9026366098034
桃園市大溪區南興里25鄰仁和路二段159巷35號,68,6800300,6800300-021,25鄰,仁和路,二段,159巷,,,,35號,121.265989943288,24.9025707731555
桃園市大溪區南興里25鄰仁和路二段159巷38弄1號,68,6800300,6800300-021,25鄰,仁和路,二段,159巷,38弄,,,1號,121.265822792646,24.9024987532893
桃園市大溪區南興里25鄰仁和路二段159巷38弄2號,68,6800300,6800300-021,25鄰,仁和路,二段,159巷,38弄,,,2號,121.265810685966,24.9025772319836
桃園市大溪區南興里25鄰仁和路二段159巷38弄3號,68,6800300,6800300-021,25鄰,仁和路,二段,159巷,38弄,,,3號,121.265783884275,24.9024962946477
桃園市大溪區南興里25鄰仁和路二段159巷38弄5號,68,6800300,6800300-021,25鄰,仁和路,二段,159巷,38弄,,,5號,121.265741016318,24.902493843049
桃園市大溪區南興里25鄰仁和路二段159巷38弄6號,68,6800300,6800300-021,25鄰,仁和路,二段,159巷,38弄,,,6號,121.265771179765,24.9025729687165
桃園市大溪區南興里25鄰仁和路二段159巷38弄7號,68,6800300,6800300-021,25鄰,仁和路,二段,159巷,38弄,,,7號,121.265683302611,24.9024926818578
桃園市大溪區南興里25鄰仁和路二段159巷38弄8號,68,6800300,6800300-021,25鄰,仁和路,二段,159巷,38弄,,,8號,121.265731573224,24.902568073627
桃園市大溪區南興里25鄰仁和路二段159巷38弄9號,68,6800300,6800300-021,25鄰,仁和路,二段,159巷,38弄,,,9號,121.265631034499,24.9024920526549
桃園市大溪區南興里25鄰仁和路二段159巷38弄10號,68,6800300,6800300-021,25鄰,仁和路,二段,159巷,38弄,,,10號,121.265689304399,24.9025680586246
桃園市大溪區南興里25鄰仁和路二段159巷38弄12號,68,6800300,6800300-021,25鄰,仁和路,二段,159巷,38弄,,,12號,121.265648420272,24.9025674994383
桃園市大溪區南興里25鄰仁和路二段159巷38弄13號,68,6800300,6800300-021,25鄰,仁和路,二段,159巷,38弄,,,13號,121.265549863904,24.9024926485783
桃園市大溪區南興里25鄰仁和路二段159巷38弄15號,68,6800300,6800300-021,25鄰,仁和路,二段,159巷,38弄,,,15號,121.26550155538,24.9024920122821
桃園市大溪區南興里25鄰仁和路二段159巷38弄16號,68,6800300,6800300-021,25鄰,仁和路,二段,159巷,38弄,,,16號,121.265606841671,24.9025662192023
桃園市大溪區南興里25鄰仁和路二段159巷38弄17號,68,6800300,6800300-021,25鄰,仁和路,二段,159巷,38弄,,,17號,121.26545601741,24.9024908293343
桃園市大溪區南興里25鄰仁和路二段159巷38弄18號,68,6800300,6800300-021,25鄰,仁和路,二段,159巷,38弄,,,18號,121.265565272344,24.9025692725882
桃園市大溪區南興里25鄰仁和路二段159巷38弄19號,68,6800300,6800300-021,25鄰,仁和路,二段,159巷,38弄,,,19號,121.265415732461,24.9024927066962
桃園市大溪區南興里25鄰仁和路二段159巷38弄20號,68,6800300,6800300-021,25鄰,仁和路,二段,159巷,38弄,,,20號,121.265504630245,24.9025874373977
桃園市大溪區南興里25鄰仁和路二段159巷38弄21號,68,6800300,6800300-021,25鄰,仁和路,二段,159巷,38弄,,,21號,121.265376235373,24.9024926866739
桃園市大溪區南興里25鄰仁和路二段159巷38弄23號,68,6800300,6800300-021,25鄰,仁和路,二段,159巷,38弄,,,23號,121.265388145059,24.9023682536129
桃園市大溪區南興里25鄰仁和路二段159巷38弄25號,68,6800300,6800300-021,25鄰,仁和路,二段,159巷,38弄,,,25號,121.265390034882,24.9023261777297
桃園市大溪區南興里25鄰仁和路二段159巷38弄27號,68,6800300,6800300-021,25鄰,仁和路,二段,159巷,38弄,,,27號,121.265393805504,24.9022840985004
桃園市大溪區南興里25鄰仁和路二段159巷38弄29號,68,6800300,6800300-021,25鄰,仁和路,二段,159巷,38弄,,,29號,121.265395394493,24.9022402174641
桃園市大溪區南興里25鄰仁和路二段159巷38弄31號,68,6800300,6800300-021,25鄰,仁和路,二段,159巷,38弄,,,31號,121.265399687668,24.9022110479714
桃園市大溪區南興里25鄰仁和路二段159巷38弄33號,68,6800300,6800300-021,25鄰,仁和路,二段,159巷,38弄,,,33號,121.265399590166,24.9021654545315
桃園市大溪區南興里25鄰仁和路二段159巷38弄35號,68,6800300,6800300-021,25鄰,仁和路,二段,159巷,38弄,,,35號,121.265401674099,24.9021215726139
桃園市大溪區南興里25鄰仁和路二段159巷38弄38號,68,6800300,6800300-021,25鄰,仁和路,二段,159巷,38弄,,,38號,121.265272259455,24.9022441381178
桃園市大溪區南興里25鄰仁和路二段159巷38弄38號二樓,68,6800300,6800300-021,25鄰,仁和路,二段,159巷,38弄,,,38號二樓,121.265272259455,24.9022441381178
桃園市大溪區南興里25鄰仁和路二段159巷38弄38號三樓,68,6800300,6800300-021,25鄰,仁和路,二段,159巷,38弄,,,38號三樓,121.265272259455,24.9022441381178
桃園市大溪區南興里26鄰仁和路二段159巷38弄41號,68,6800300,6800300-021,26鄰,仁和路,二段,159巷,38弄,,,41號,121.26538822779,24.9019903230383
桃園市大溪區南興里26鄰仁和路二段159巷38弄41號二樓,68,6800300,6800300-021,26鄰,仁和路,二段,159巷,38弄,,,41號二樓,121.26538822779,24.9019903230383
桃園市大溪區南興里26鄰仁和路二段159巷38弄41號三樓,68,6800300,6800300-021,26鄰,仁和路,二段,159巷,38弄,,,41號三樓,121.26538822779,24.9019903230383
桃園市大溪區南興里26鄰仁和路二段159巷38弄41號四樓,68,6800300,6800300-021,26鄰,仁和路,二段,159巷,38弄,,,41號四樓,121.26538822779,24.9019903230383
桃園市大溪區南興里26鄰仁和路二段159巷38弄43號,68,6800300,6800300-021,26鄰,仁和路,二段,159巷,38弄,,,43號,121.265388907727,24.9019379568851
桃園市大溪區南興里26鄰仁和路二段159巷38弄43號四樓,68,6800300,6800300-021,26鄰,仁和路,二段,159巷,38弄,,,43號四樓,121.265388907727,24.9019379568851
桃園市大溪區南興里26鄰仁和路二段159巷38弄43號二樓,68,6800300,6800300-021,26鄰,仁和路,二段,159巷,38弄,,,43號二樓,121.265388907727,24.9019379568851
桃園市大溪區南興里26鄰仁和路二段159巷38弄43號三樓,68,6800300,6800300-021,26鄰,仁和路,二段,159巷,38弄,,,43號三樓,121.265388907727,24.9019379568851
桃園市大溪區南興里26鄰仁和路二段159巷38弄47號,68,6800300,6800300-021,26鄰,仁和路,二段,159巷,38弄,,,47號,121.265390313357,24.901854621896
桃園市大溪區南興里25鄰仁和路二段159巷39號,68,6800300,6800300-021,25鄰,仁和路,二段,159巷,,,,39號,121.265914616408,24.9024805327762
桃園市大溪區南興里25鄰仁和路二段159巷41號,68,6800300,6800300-021,25鄰,仁和路,二段,159巷,,,,41號,121.265916711964,24.9024421581808
桃園市大溪區南興里25鄰仁和路二段159巷42號,68,6800300,6800300-021,25鄰,仁和路,二段,159巷,,,,42號,121.265836190017,24.9023758523794
桃園市大溪區南興里25鄰仁和路二段159巷43號,68,6800300,6800300-021,25鄰,仁和路,二段,159巷,,,,43號,121.26591869963,24.9023996306961
桃園市大溪區南興里25鄰仁和路二段159巷45號,68,6800300,6800300-021,25鄰,仁和路,二段,159巷,,,,45號,121.265919303956,24.9023582793737
桃園市大溪區南興里25鄰仁和路二段159巷46號,68,6800300,6800300-021,25鄰,仁和路,二段,159巷,,,,46號,121.265838874505,24.9023351293411
桃園市大溪區南興里26鄰仁和路二段159巷47號,68,6800300,6800300-021,26鄰,仁和路,二段,159巷,,,,47號,121.265921308451,24.9023236065995
桃園市大溪區南興里25鄰仁和路二段159巷48號,68,6800300,6800300-021,25鄰,仁和路,二段,159巷,,,,48號,121.265838884919,24.9022937790769
桃園市大溪區南興里26鄰仁和路二段159巷49號,68,6800300,6800300-021,26鄰,仁和路,二段,159巷,,,,49號,121.265924083967,24.9022791817378
桃園市大溪區南興里25鄰仁和路二段159巷50號,68,6800300,6800300-021,25鄰,仁和路,二段,159巷,,,,50號,121.26583950745,24.9022609144534
桃園市大溪區南興里26鄰仁和路二段159巷51號,68,6800300,6800300-021,26鄰,仁和路,二段,159巷,,,,51號,121.26592399401,24.9022371996617
桃園市大溪區南興里25鄰仁和路二段159巷52號,68,6800300,6800300-021,25鄰,仁和路,二段,159巷,,,,52號,121.265838925282,24.9022201972353
桃園市大溪區南興里26鄰仁和路二段159巷53號,68,6800300,6800300-021,26鄰,仁和路,二段,159巷,,,,53號,121.265924701192,24.9021976538427
桃園市大溪區南興里26鄰仁和路二段159巷55號,68,6800300,6800300-021,26鄰,仁和路,二段,159巷,,,,55號,121.265929369306,24.902158732954
桃園市大溪區南興里25鄰仁和路二段159巷56號,68,6800300,6800300-021,25鄰,仁和路,二段,159巷,,,,56號,121.265842892568,24.9021775759383
桃園市大溪區南興里26鄰仁和路二段159巷57號,68,6800300,6800300-021,26鄰,仁和路,二段,159巷,,,,57號,121.265931452084,24.9021143996104
桃園市大溪區南興里25鄰仁和路二段159巷58號,68,6800300,6800300-021,25鄰,仁和路,二段,159巷,,,,58號,121.26584419642,24.9021392930374
桃園市大溪區南興里26鄰仁和路二段159巷59號,68,6800300,6800300-021,26鄰,仁和路,二段,159巷,,,,59號,121.265932755715,24.9020760264246
桃園市大溪區南興里26鄰仁和路二段159巷60弄3號,68,6800300,6800300-021,26鄰,仁和路,二段,159巷,60弄,,,3號,121.265641762361,24.9020468412721
桃園市大溪區南興里26鄰仁和路二段159巷60弄5號,68,6800300,6800300-021,26鄰,仁和路,二段,159巷,60弄,,,5號,121.26564108127,24.9020061242278
桃園市大溪區南興里25鄰仁和路二段159巷60弄6號,68,6800300,6800300-021,25鄰,仁和路,二段,159巷,60弄,,,6號,121.265635692609,24.9021246772176
桃園市大溪區南興里26鄰仁和路二段159巷60弄7號,68,6800300,6800300-021,26鄰,仁和路,二段,159巷,60弄,,,7號,121.265644457387,24.9019647679685
桃園市大溪區南興里25鄰仁和路二段159巷60弄8號,68,6800300,6800300-021,25鄰,仁和路,二段,159巷,60弄,,,8號,121.265634390046,24.9021635921056
桃園市大溪區南興里26鄰仁和路二段159巷60弄9號,68,6800300,6800300-021,26鄰,仁和路,二段,159巷,60弄,,,9號,121.265645076104,24.9019300976631
桃園市大溪區南興里25鄰仁和路二段159巷60弄10號,68,6800300,6800300-021,25鄰,仁和路,二段,159巷,60弄,,,10號,121.265632988492,24.9022025071696
桃園市大溪區南興里26鄰仁和路二段159巷60弄11號,68,6800300,6800300-021,26鄰,仁和路,二段,159巷,60弄,,,11號,121.265644397525,24.9018905543107
桃園市大溪區南興里25鄰仁和路二段159巷60弄12號,68,6800300,6800300-021,25鄰,仁和路,二段,159巷,60弄,,,12號,121.265631693851,24.9022451237027
桃園市大溪區南興里26鄰仁和路二段159巷60弄13號,68,6800300,6800300-021,26鄰,仁和路,二段,159巷,60弄,,,13號,121.265647776151,24.9018503717433
桃園市大溪區南興里25鄰仁和路二段159巷60弄16號,68,6800300,6800300-021,25鄰,仁和路,二段,159巷,60弄,,,16號,121.265630985222,24.9022840375326
桃園市大溪區南興里25鄰仁和路二段159巷60弄18號,68,6800300,6800300-021,25鄰,仁和路,二段,159巷,60弄,,,18號,121.265626318364,24.9023235904004
桃園市大溪區南興里26鄰仁和路二段159巷60弄19號,68,6800300,6800300-021,26鄰,仁和路,二段,159巷,60弄,,,19號,121.265575323452,24.9019464730347
桃園市大溪區南興里26鄰仁和路二段159巷60弄19號三樓,68,6800300,6800300-021,26鄰,仁和路,二段,159巷,60弄,,,19號三樓,121.265575323452,24.9019464730347
桃園市大溪區南興里26鄰仁和路二段159巷60弄19號四樓,68,6800300,6800300-021,26鄰,仁和路,二段,159巷,60弄,,,19號四樓,121.265575323452,24.9019464730347
桃園市大溪區南興里26鄰仁和路二段159巷60弄19號二樓,68,6800300,6800300-021,26鄰,仁和路,二段,159巷,60弄,,,19號二樓,121.265575323452,24.9019464730347
桃園市大溪區南興里25鄰仁和路二段159巷60弄20號,68,6800300,6800300-021,25鄰,仁和路,二段,159巷,60弄,,,20號,121.265621664449,24.9023691922982
桃園市大溪區南興里25鄰仁和路二段159巷60弄22號,68,6800300,6800300-021,25鄰,仁和路,二段,159巷,60弄,,,22號,121.265565327382,24.9023636949598
桃園市大溪區南興里13鄰仁和路二段159巷60弄25號,68,6800300,6800300-021,13鄰,仁和路,二段,159巷,60弄,,,25號,121.265510595673,24.9020443662305
桃園市大溪區南興里25鄰仁和路二段159巷60弄26號,68,6800300,6800300-021,25鄰,仁和路,二段,159巷,60弄,,,26號,121.265565944963,24.9023284829522
桃園市大溪區南興里25鄰仁和路二段159巷60弄28號,68,6800300,6800300-021,25鄰,仁和路,二段,159巷,60弄,,,28號,121.265570009982,24.9022852294979
桃園市大溪區南興里25鄰仁和路二段159巷60弄30號,68,6800300,6800300-021,25鄰,仁和路,二段,159巷,60弄,,,30號,121.265570019328,24.9022433375284
桃園市大溪區南興里25鄰仁和路二段159巷60弄32號,68,6800300,6800300-021,25鄰,仁和路,二段,159巷,60弄,,,32號,121.265571323071,24.9022049643455
桃園市大溪區南興里25鄰仁和路二段159巷60弄36號,68,6800300,6800300-021,25鄰,仁和路,二段,159巷,60弄,,,36號,121.265572716916,24.9021624379203
桃園市大溪區南興里25鄰仁和路二段159巷60弄38號,68,6800300,6800300-021,25鄰,仁和路,二段,159巷,60弄,,,38號,121.265577385139,24.9021235170415
桃園市大溪區南興里26鄰仁和路二段159巷61號,68,6800300,6800300-021,26鄰,仁和路,二段,159巷,,,,61號,121.265934145372,24.9020316040316
桃園市大溪區南興里26鄰仁和路二段159巷62號,68,6800300,6800300-021,26鄰,仁和路,二段,159巷,,,,62號,121.265800633117,24.9020432177896
桃園市大溪區南興里26鄰仁和路二段159巷63號,68,6800300,6800300-021,26鄰,仁和路,二段,159巷,,,,63號,121.265932780352,24.9019951315742
桃園市大溪區南興里26鄰仁和路二段159巷65號,68,6800300,6800300-021,26鄰,仁和路,二段,159巷,,,,65號,121.265934783678,24.901959917094
桃園市大溪區南興里26鄰仁和路二段159巷66號,68,6800300,6800300-021,26鄰,仁和路,二段,159巷,,,,66號,121.265796693448,24.9020062984958
桃園市大溪區南興里26鄰仁和路二段159巷67號,68,6800300,6800300-021,26鄰,仁和路,二段,159巷,,,,67號,121.265934803154,24.9019228101777
桃園市大溪區南興里26鄰仁和路二段159巷68號,68,6800300,6800300-021,26鄰,仁和路,二段,159巷,,,,68號,121.265803935316,24.9019673730245
桃園市大溪區南興里26鄰仁和路二段159巷69號,68,6800300,6800300-021,26鄰,仁和路,二段,159巷,,,,69號,121.265939475124,24.9018856949681
桃園市大溪區南興里26鄰仁和路二段159巷70號,68,6800300,6800300-021,26鄰,仁和路,二段,159巷,,,,70號,121.265800891192,24.9019326189601
桃園市大溪區南興里26鄰仁和路二段159巷71號,68,6800300,6800300-021,26鄰,仁和路,二段,159巷,,,,71號,121.26594077759,24.9018467800768
桃園市大溪區南興里26鄰仁和路二段159巷72號,68,6800300,6800300-021,26鄰,仁和路,二段,159巷,,,,72號,121.265803874778,24.9018928885154
桃園市大溪區南興里26鄰仁和路二段159巷75號,68,6800300,6800300-021,26鄰,仁和路,二段,159巷,,,,75號,121.265996662859,24.9017801408575
桃園市大溪區南興里26鄰仁和路二段159巷76號,68,6800300,6800300-021,26鄰,仁和路,二段,159巷,,,,76號,121.265803883272,24.9018506354082
桃園市大溪區南興里26鄰仁和路二段159巷77號,68,6800300,6800300-021,26鄰,仁和路,二段,159巷,,,,77號,121.265993591983,24.9017329275991
桃園市大溪區南興里26鄰仁和路二段159巷78號,68,6800300,6800300-021,26鄰,仁和路,二段,159巷,,,,78號,121.265840885284,24.9017950445833
桃園市大溪區南興里26鄰仁和路二段159巷79號,68,6800300,6800300-021,26鄰,仁和路,二段,159巷,,,,79號,121.265994972908,24.9016844424218
桃園市大溪區南興里26鄰仁和路二段159巷80號,68,6800300,6800300-021,26鄰,仁和路,二段,159巷,,,,80號,121.265844263844,24.9017548620115
桃園市大溪區南興里26鄰仁和路二段159巷81號,68,6800300,6800300-021,26鄰,仁和路,二段,159巷,,,,81號,121.265998828751,24.9016360431161
桃園市大溪區南興里26鄰仁和路二段159巷82弄5號,68,6800300,6800300-021,26鄰,仁和路,二段,159巷,82弄,,,5號,121.265729559855,24.9016277653703
桃園市大溪區南興里26鄰仁和路二段159巷82弄7號,68,6800300,6800300-021,26鄰,仁和路,二段,159巷,82弄,,,7號,121.265689367608,24.9016265729701
桃園市大溪區南興里26鄰仁和路二段159巷82弄8號,68,6800300,6800300-021,26鄰,仁和路,二段,159巷,82弄,,,8號,121.265725398403,24.9017646439134
桃園市大溪區南興里26鄰仁和路二段159巷82弄9號,68,6800300,6800300-021,26鄰,仁和路,二段,159巷,82弄,,,9號,121.265645116812,24.9016253877856
桃園市大溪區南興里26鄰仁和路二段159巷82弄10號,68,6800300,6800300-021,26鄰,仁和路,二段,159巷,82弄,,,10號,121.265671541166,24.9017613993057
桃園市大溪區南興里26鄰仁和路二段159巷82弄11號,68,6800300,6800300-021,26鄰,仁和路,二段,159巷,82弄,,,11號,121.265596811137,24.90162592521
桃園市大溪區南興里26鄰仁和路二段159巷82弄12號,68,6800300,6800300-021,26鄰,仁和路,二段,159巷,82弄,,,12號,121.265641455429,24.901764703115
桃園市大溪區南興里26鄰仁和路二段159巷82弄13號,68,6800300,6800300-021,26鄰,仁和路,二段,159巷,82弄,,,13號,121.265548799532,24.9016251078294
桃園市大溪區南興里26鄰仁和路二段159巷82弄15號,68,6800300,6800300-021,26鄰,仁和路,二段,159巷,82弄,,,15號,121.265505636843,24.9016235595292
桃園市大溪區南興里26鄰仁和路二段159巷82弄16號,68,6800300,6800300-021,26鄰,仁和路,二段,159巷,82弄,,,16號,121.265593339371,24.9017613579723
桃園市大溪區南興里26鄰仁和路二段159巷82弄17號,68,6800300,6800300-021,26鄰,仁和路,二段,159巷,82弄,,,17號,121.265462668851,24.9016204760355
桃園市大溪區南興里26鄰仁和路二段159巷82弄18號,68,6800300,6800300-021,26鄰,仁和路,二段,159巷,82弄,,,18號,121.2655432586,24.9017650584933
桃園市大溪區南興里26鄰仁和路二段159巷82弄19號,68,6800300,6800300-021,26鄰,仁和路,二段,159巷,82弄,,,19號,121.265419110982,24.901619289551
桃園市大溪區南興里26鄰仁和路二段159巷82弄20號,68,6800300,6800300-021,26鄰,仁和路,二段,159巷,82弄,,,20號,121.265500594285,24.9017651344239
桃園市大溪區南興里26鄰仁和路二段159巷82弄21號,68,6800300,6800300-021,26鄰,仁和路,二段,159巷,82弄,,,21號,121.265372888131,24.9016217191696
桃園市大溪區南興里26鄰仁和路二段159巷82弄22號,68,6800300,6800300-021,26鄰,仁和路,二段,159巷,82弄,,,22號,121.265458021621,24.9017617793725
桃園市大溪區南興里26鄰仁和路二段159巷82弄26號,68,6800300,6800300-021,26鄰,仁和路,二段,159巷,82弄,,,26號,121.265402598329,24.9017668436179
桃園市大溪區南興里26鄰仁和路二段159巷82弄28號,68,6800300,6800300-021,26鄰,仁和路,二段,159巷,82弄,,,28號,121.265361807664,24.9017635756534
桃園市大溪區南興里26鄰仁和路二段159巷83號,68,6800300,6800300-021,26鄰,仁和路,二段,159巷,,,,83號,121.266000588021,24.9015793413844
桃園市大溪區南興里26鄰仁和路二段159巷86號,68,6800300,6800300-021,26鄰,仁和路,二段,159巷,,,,86號,121.265848240368,24.90167034874
桃園市大溪區南興里26鄰仁和路二段159巷87號,68,6800300,6800300-021,26鄰,仁和路,二段,159巷,,,,87號,121.265992029718,24.9014658691671
桃園市大溪區南興里26鄰仁和路二段159巷88號,68,6800300,6800300-021,26鄰,仁和路,二段,159巷,,,,88號,121.265851609833,24.9016259228173
桃園市大溪區南興里26鄰仁和路二段159巷89號,68,6800300,6800300-021,26鄰,仁和路,二段,159巷,,,,89號,121.265985317743,24.9014286839651
桃園市大溪區南興里26鄰仁和路二段159巷90號,68,6800300,6800300-021,26鄰,仁和路,二段,159巷,,,,90號,121.26585429817,24.9015870054558
桃園市大溪區南興里26鄰仁和路二段159巷91號,68,6800300,6800300-021,26鄰,仁和路,二段,159巷,,,,91號,121.265984512788,24.9013764107386
桃園市大溪區南興里26鄰仁和路二段159巷92號,68,6800300,6800300-021,26鄰,仁和路,二段,159巷,,,,92號,121.265858970346,24.901549980531
桃園市大溪區南興里26鄰仁和路二段159巷93號,68,6800300,6800300-021,26鄰,仁和路,二段,159巷,,,,93號,121.265979697474,24.9013466254746
桃園市大溪區南興里26鄰仁和路二段159巷95號,68,6800300,6800300-021,26鄰,仁和路,二段,159巷,,,,95號,121.265969227032,24.9013108915219
桃園市大溪區南興里26鄰仁和路二段159巷96弄5號,68,6800300,6800300-021,26鄰,仁和路,二段,159巷,96弄,,,5號,121.26578990949,24.9014732715642
桃園市大溪區南興里26鄰仁和路二段159巷96弄7號,68,6800300,6800300-021,26鄰,仁和路,二段,159巷,96弄,,,7號,121.265734971813,24.9014739111321
桃園市大溪區南興里26鄰仁和路二段159巷96弄8號,68,6800300,6800300-021,26鄰,仁和路,二段,159巷,96弄,,,8號,121.265787946734,24.9015274456944
桃園市大溪區南興里26鄰仁和路二段159巷96弄9號,68,6800300,6800300-021,26鄰,仁和路,二段,159巷,96弄,,,9號,121.265690728802,24.9014763373224
桃園市大溪區南興里26鄰仁和路二段159巷96弄10號,68,6800300,6800300-021,26鄰,仁和路,二段,159巷,96弄,,,10號,121.265732908691,24.9015274534498
桃園市大溪區南興里26鄰仁和路二段159巷96弄11號,68,6800300,6800300-021,26鄰,仁和路,二段,159巷,96弄,,,11號,121.265645786297,24.9014756950759
桃園市大溪區南興里26鄰仁和路二段159巷96弄12號,68,6800300,6800300-021,26鄰,仁和路,二段,159巷,96弄,,,12號,121.265684004097,24.9015256445748
桃園市大溪區南興里26鄰仁和路二段159巷96弄13號,68,6800300,6800300-021,26鄰,仁和路,二段,159巷,96弄,,,13號,121.265583417881,24.9014732781492
桃園市大溪區南興里26鄰仁和路二段159巷96弄15號,68,6800300,6800300-021,26鄰,仁和路,二段,159巷,96弄,,,15號,121.265535112459,24.9014739058372
桃園市大溪區南興里26鄰仁和路二段159巷96弄16號,68,6800300,6800300-021,26鄰,仁和路,二段,159巷,96弄,,,16號,121.26563837638,24.9015286149219
桃園市大溪區南興里26鄰仁和路二段159巷96弄17號,68,6800300,6800300-021,26鄰,仁和路,二段,159巷,96弄,,,17號,121.265486808388,24.9014751654978
桃園市大溪區南興里26鄰仁和路二段159巷96弄18號,68,6800300,6800300-021,26鄰,仁和路,二段,159巷,96弄,,,18號,121.265567997562,24.9015298236268
桃園市大溪區南興里26鄰仁和路二段159巷96弄19號,68,6800300,6800300-021,26鄰,仁和路,二段,159巷,96弄,,,19號,121.26543454978,24.9014787795726
桃園市大溪區南興里26鄰仁和路二段159巷96弄20號,68,6800300,6800300-021,26鄰,仁和路,二段,159巷,96弄,,,20號,121.265523746801,24.901528638406
桃園市大溪區南興里26鄰仁和路二段159巷96弄21號,68,6800300,6800300-021,26鄰,仁和路,二段,159巷,96弄,,,21號,121.265384960008,24.9014805831941
桃園市大溪區南興里26鄰仁和路二段159巷96弄22號,68,6800300,6800300-021,26鄰,仁和路,二段,159巷,96弄,,,22號,121.265482863017,24.9015280791714
桃園市大溪區南興里26鄰仁和路二段159巷96弄26號,68,6800300,6800300-021,26鄰,仁和路,二段,159巷,96弄,,,26號,121.265427131857,24.9015279977629
桃園市大溪區南興里26鄰仁和路二段159巷96弄28號,68,6800300,6800300-021,26鄰,仁和路,二段,159巷,96弄,,,28號,121.265380205886,24.9015256435618
桃園市大溪區南興里26鄰仁和路二段159巷97號,68,6800300,6800300-021,26鄰,仁和路,二段,159巷,,,,97號,121.265978737422,24.9012681700505
桃園市大溪區南興里26鄰仁和路二段159巷98號,68,6800300,6800300-021,26鄰,仁和路,二段,159巷,,,,98號,121.265857680716,24.9014562676333
桃園市大溪區南興里26鄰仁和路二段159巷99號,68,6800300,6800300-021,26鄰,仁和路,二段,159巷,,,,99號,121.265970728549,24.9012262923705
桃園市大溪區南興里26鄰仁和路二段159巷100號,68,6800300,6800300-021,26鄰,仁和路,二段,159巷,,,,100號,121.265855015721,24.9014136581502
桃園市大溪區南興里26鄰仁和路二段159巷101號,68,6800300,6800300-021,26鄰,仁和路,二段,159巷,,,,101號,121.265973301793,24.9011798816057
桃園市大溪區南興里26鄰仁和路二段159巷102號,68,6800300,6800300-021,26鄰,仁和路,二段,159巷,,,,102號,121.265852939633,24.9013687002232
桃園市大溪區南興里26鄰仁和路二段159巷106號,68,6800300,6800300-021,26鄰,仁和路,二段,159巷,,,,106號,121.265852959135,24.9013315933038
桃園市大溪區南興里26鄰仁和路二段159巷108弄5號,68,6800300,6800300-021,26鄰,仁和路,二段,159巷,108弄,,,5號,121.265724347614,24.9012276342349
桃園市大溪區南興里26鄰仁和路二段159巷108弄7號,68,6800300,6800300-021,26鄰,仁和路,二段,159巷,108弄,,,7號,121.265680404749,24.9012315044374
桃園市大溪區南興里26鄰仁和路二段159巷108弄8號,68,6800300,6800300-021,26鄰,仁和路,二段,159巷,108弄,,,8號,121.265723145584,24.9013597224415
桃園市大溪區南興里26鄰仁和路二段159巷108弄9號,68,6800300,6800300-021,26鄰,仁和路,二段,159巷,108弄,,,9號,121.265634074365,24.9012298715299
桃園市大溪區南興里26鄰仁和路二段159巷108弄10號,68,6800300,6800300-021,26鄰,仁和路,二段,159巷,108弄,,,10號,121.2656787986,24.9013598014191
桃園市大溪區南興里26鄰仁和路二段159巷108弄11號,68,6800300,6800300-021,26鄰,仁和路,二段,159巷,108弄,,,11號,121.265587846641,24.9012299538287
桃園市大溪區南興里26鄰仁和路二段159巷108弄12號,68,6800300,6800300-021,26鄰,仁和路,二段,159巷,108弄,,,12號,121.265630591052,24.901359887257
桃園市大溪區南興里26鄰仁和路二段159巷108弄13號,68,6800300,6800300-021,26鄰,仁和路,二段,159巷,108弄,,,13號,121.265547059626,24.9012283110261
桃園市大溪區南興里26鄰仁和路二段159巷108弄15號,68,6800300,6800300-021,26鄰,仁和路,二段,159巷,108弄,,,15號,121.265493411419,24.9012301219064
桃園市大溪區南興里26鄰仁和路二段159巷108弄16號,68,6800300,6800300-021,26鄰,仁和路,二段,159巷,108弄,,,16號,121.265593569239,24.9013599531672
桃園市大溪區南興里26鄰仁和路二段159巷108弄17號,68,6800300,6800300-021,26鄰,仁和路,二段,159巷,108弄,,,17號,121.265456184522,24.9012268476246
桃園市大溪區南興里26鄰仁和路二段159巷108弄18號,68,6800300,6800300-021,26鄰,仁和路,二段,159巷,108弄,,,18號,121.265547238807,24.9013583202331
桃園市大溪區南興里26鄰仁和路二段159巷108弄20號,68,6800300,6800300-021,26鄰,仁和路,二段,159巷,108弄,,,20號,121.265504677291,24.9013601113845
桃園市大溪區南興里26鄰仁和路二段159巷108弄22號,68,6800300,6800300-021,26鄰,仁和路,二段,159巷,108弄,,,22號,121.265454698564,24.9013651659591
桃園市大溪區南興里26鄰仁和路二段159巷108弄26號,68,6800300,6800300-021,26鄰,仁和路,二段,159巷,108弄,,,26號,121.265412133376,24.9013652416872
桃園市大溪區南興里26鄰仁和路二段159巷108弄28號,68,6800300,6800300-021,26鄰,仁和路,二段,159巷,108弄,,,28號,121.265378774146,24.9013653010284
桃園市大溪區南興里26鄰仁和路二段159巷110號,68,6800300,6800300-021,26鄰,仁和路,二段,159巷,,,,110號,121.265844865401,24.9012500809204
桃園市大溪區南興里26鄰仁和路二段159巷112號,68,6800300,6800300-021,26鄰,仁和路,二段,159巷,,,,112號,121.265841602616,24.9012056668131
桃園市大溪區南興里13鄰仁和路二段160號,68,6800300,6800300-021,13鄰,仁和路,二段,,,,,160號,121.266016726573,24.9035666522792
桃園市大溪區南興里13鄰仁和路二段161號,68,6800300,6800300-021,13鄰,仁和路,二段,,,,,161號,121.265774865133,24.9033693605936
桃園市大溪區南興里13鄰仁和路二段162號,68,6800300,6800300-021,13鄰,仁和路,二段,,,,,162號,121.265972009542,24.9035791912511
桃園市大溪區南興里13鄰仁和路二段164之1號,68,6800300,6800300-021,13鄰,仁和路,二段,,,,,164之1號,121.265880696373,24.9036050850631
桃園市大溪區南興里13鄰仁和路二段164號,68,6800300,6800300-021,13鄰,仁和路,二段,,,,,164號,121.26591819214,24.9035949063838
桃園市大溪區南興里13鄰仁和路二段165號,68,6800300,6800300-021,13鄰,仁和路,二段,,,,,165號,121.265693041432,24.9033888271948
桃園市大溪區南興里13鄰仁和路二段166之1號,68,6800300,6800300-021,13鄰,仁和路,二段,,,,,166之1號,121.265837278956,24.9036235804464
桃園市大溪區南興里13鄰仁和路二段167號,68,6800300,6800300-021,13鄰,仁和路,二段,,,,,167號,121.265646049584,24.9034022729641
桃園市大溪區南興里13鄰仁和路二段168號,68,6800300,6800300-021,13鄰,仁和路,二段,,,,,168號,121.265780892595,24.9036415572165
桃園市大溪區南興里13鄰仁和路二段169號,68,6800300,6800300-021,13鄰,仁和路,二段,,,,,169號,121.265607169532,24.9034131763144
桃園市大溪區南興里13鄰仁和路二段170號,68,6800300,6800300-021,13鄰,仁和路,二段,,,,,170號,121.265746570303,24.9036544387393
桃園市大溪區南興里13鄰仁和路二段171號,68,6800300,6800300-021,13鄰,仁和路,二段,,,,,171號,121.265560268734,24.9034229202356
桃園市大溪區南興里13鄰仁和路二段172號,68,6800300,6800300-021,13鄰,仁和路,二段,,,,,172號,121.265695138279,24.9036746637608
桃園市大溪區南興里13鄰仁和路二段174號,68,6800300,6800300-021,13鄰,仁和路,二段,,,,,174號,121.265643701407,24.9036926316642
桃園市大溪區南興里13鄰仁和路二段179號,68,6800300,6800300-021,13鄰,仁和路,二段,,,,,179號,121.26535773586,24.9034703187757
桃園市大溪區南興里13鄰仁和路二段181號,68,6800300,6800300-021,13鄰,仁和路,二段,,,,,181號,121.265254457128,24.9034556958066
桃園市大溪區南興里13鄰仁和路二段184號,68,6800300,6800300-021,13鄰,仁和路,二段,,,,,184號,121.265422598354,24.9037127071966
桃園市大溪區南興里13鄰仁和路二段186號,68,6800300,6800300-021,13鄰,仁和路,二段,,,,,186號,121.265373636193,24.9037306706042
桃園市大溪區南興里13鄰仁和路二段188之1號,68,6800300,6800300-021,13鄰,仁和路,二段,,,,,188之1號,121.26530980109,24.9037372846167
桃園市大溪區南興里11鄰仁和路二段190巷7號,68,6800300,6800300-021,11鄰,仁和路,二段,190巷,,,,7號,121.266753889497,24.905029748171
桃園市大溪區南興里11鄰仁和路二段190巷17號,68,6800300,6800300-021,11鄰,仁和路,二段,190巷,,,,17號,121.266885558239,24.9041595327038
桃園市大溪區南興里11鄰仁和路二段190巷21號,68,6800300,6800300-021,11鄰,仁和路,二段,190巷,,,,21號,121.266923304883,24.9039898208717
桃園市大溪區南興里11鄰仁和路二段190巷21號二樓,68,6800300,6800300-021,11鄰,仁和路,二段,190巷,,,,21號二樓,121.266923304883,24.9039898208717
桃園市大溪區南興里11鄰仁和路二段190巷21號三樓,68,6800300,6800300-021,11鄰,仁和路,二段,190巷,,,,21號三樓,121.266923304883,24.9039898208717
桃園市大溪區南興里11鄰仁和路二段190巷27號,68,6800300,6800300-021,11鄰,仁和路,二段,190巷,,,,27號,121.264929335933,24.904412926645
桃園市大溪區南興里11鄰仁和路二段190巷29號,68,6800300,6800300-021,11鄰,仁和路,二段,190巷,,,,29號,121.265178091252,24.9045006022078
桃園市大溪區南興里11鄰仁和路二段190巷31號,68,6800300,6800300-021,11鄰,仁和路,二段,190巷,,,,31號,121.265277983137,24.9045049388283
桃園市大溪區南興里12鄰仁和路二段190巷32弄22號,68,6800300,6800300-021,12鄰,仁和路,二段,190巷,32弄,,,22號,121.26648265233,24.9044771510293
桃園市大溪區南興里12鄰仁和路二段190巷32弄48號,68,6800300,6800300-021,12鄰,仁和路,二段,190巷,32弄,,,48號,121.266697530811,24.904416005669
桃園市大溪區南興里12鄰仁和路二段190巷32弄56號,68,6800300,6800300-021,12鄰,仁和路,二段,190巷,32弄,,,56號,121.266860754537,24.9052843394496
桃園市大溪區南興里12鄰仁和路二段190巷32弄86號二樓,68,6800300,6800300-021,12鄰,仁和路,二段,190巷,32弄,,,86號二樓,121.266954983763,24.9059232033727
桃園市大溪區南興里12鄰仁和路二段190巷32弄86號三樓,68,6800300,6800300-021,12鄰,仁和路,二段,190巷,32弄,,,86號三樓,121.266956465736,24.9059218464557
桃園市大溪區南興里12鄰仁和路二段190巷32弄86號四樓,68,6800300,6800300-021,12鄰,仁和路,二段,190巷,32弄,,,86號四樓,121.266954983763,24.9059232033727
桃園市大溪區南興里12鄰仁和路二段190巷32弄86號五樓,68,6800300,6800300-021,12鄰,仁和路,二段,190巷,32弄,,,86號五樓,121.266956468649,24.9059232007155
桃園市大溪區南興里12鄰仁和路二段190巷32弄86號六樓,68,6800300,6800300-021,12鄰,仁和路,二段,190巷,32弄,,,86號六樓,121.266959333603,24.9059204870585
桃園市大溪區南興里12鄰仁和路二段190巷32弄88號,68,6800300,6800300-021,12鄰,仁和路,二段,190巷,32弄,,,88號,121.266980371441,24.9060363744874
桃園市大溪區南興里12鄰仁和路二段190巷32弄89號,68,6800300,6800300-021,12鄰,仁和路,二段,190巷,32弄,,,89號,121.266707722117,24.9065323425927
桃園市大溪區南興里12鄰仁和路二段190巷32弄95號,68,6800300,6800300-021,12鄰,仁和路,二段,190巷,32弄,,,95號,121.266697931211,24.9067670090528
桃園市大溪區南興里12鄰仁和路二段190巷32弄135號,68,6800300,6800300-021,12鄰,仁和路,二段,190巷,32弄,,,135號,121.266736292439,24.9078497202494
桃園市大溪區南興里12鄰仁和路二段190巷32弄163號,68,6800300,6800300-021,12鄰,仁和路,二段,190巷,32弄,,,163號,121.267393575875,24.9088421221699
桃園市大溪區南興里27鄰仁和路二段190巷37號,68,6800300,6800300-021,27鄰,仁和路,二段,190巷,,,,37號,121.265438912423,24.9044440717698
桃園市大溪區南興里27鄰仁和路二段190巷51弄1號,68,6800300,6800300-021,27鄰,仁和路,二段,190巷,51弄,,,1號,121.265355111138,24.9047427009289
桃園市大溪區南興里27鄰仁和路二段190巷51弄2號,68,6800300,6800300-021,27鄰,仁和路,二段,190巷,51弄,,,2號,121.265315822199,24.9048403681937
桃園市大溪區南興里27鄰仁和路二段190巷51弄3號,68,6800300,6800300-021,27鄰,仁和路,二段,190巷,51弄,,,3號,121.265317507299,24.904748816864
桃園市大溪區南興里27鄰仁和路二段190巷51弄5號,68,6800300,6800300-021,27鄰,仁和路,二段,190巷,51弄,,,5號,121.265267930501,24.9047573014733
桃園市大溪區南興里27鄰仁和路二段190巷51弄6號,68,6800300,6800300-021,27鄰,仁和路,二段,190巷,51弄,,,6號,121.265270890249,24.9048452331691
桃園市大溪區南興里27鄰仁和路二段190巷51弄7號,68,6800300,6800300-021,27鄰,仁和路,二段,190巷,51弄,,,7號,121.26522368631,24.9047597275339
桃園市大溪區南興里27鄰仁和路二段190巷51弄8號,68,6800300,6800300-021,27鄰,仁和路,二段,190巷,51弄,,,8號,121.265228629718,24.904849461391
桃園市大溪區南興里27鄰仁和路二段190巷51弄9號,68,6800300,6800300-021,27鄰,仁和路,二段,190巷,51弄,,,9號,121.265182023806,24.9047658506507
桃園市大溪區南興里27鄰仁和路二段190巷51弄10號,68,6800300,6800300-021,27鄰,仁和路,二段,190巷,51弄,,,10號,121.265187062124,24.9048536883692
桃園市大溪區南興里27鄰仁和路二段190巷51弄11號,68,6800300,6800300-021,27鄰,仁和路,二段,190巷,51弄,,,11號,121.265139173207,24.9047718855831
桃園市大溪區南興里27鄰仁和路二段190巷51弄12號,68,6800300,6800300-021,27鄰,仁和路,二段,190巷,51弄,,,12號,121.265142141932,24.9048640606304
桃園市大溪區南興里27鄰仁和路二段190巷51弄13號,68,6800300,6800300-021,27鄰,仁和路,二段,190巷,51弄,,,13號,121.265094939423,24.9047791869421
桃園市大溪區南興里27鄰仁和路二段190巷51弄15號,68,6800300,6800300-021,27鄰,仁和路,二段,190巷,51弄,,,15號,121.265056040763,24.9047816034538
桃園市大溪區南興里27鄰仁和路二段190巷51弄16號,68,6800300,6800300-021,27鄰,仁和路,二段,190巷,51弄,,,16號,121.265098602406,24.9048719927472
桃園市大溪區南興里27鄰仁和路二段190巷51弄17號,68,6800300,6800300-021,27鄰,仁和路,二段,190巷,51弄,,,17號,121.26501446933,24.9047840247035
桃園市大溪區南興里27鄰仁和路二段190巷51弄18號,68,6800300,6800300-021,27鄰,仁和路,二段,190巷,51弄,,,18號,121.265054364534,24.9048773981302
桃園市大溪區南興里27鄰仁和路二段190巷51弄19號,68,6800300,6800300-021,27鄰,仁和路,二段,190巷,51弄,,,19號,121.264966169169,24.9047877218741
桃園市大溪區南興里27鄰仁和路二段190巷51弄20號,68,6800300,6800300-021,27鄰,仁和路,二段,190巷,51弄,,,20號,121.265016066348,24.9048828832327
桃園市大溪區南興里27鄰仁和路二段190巷51弄21號,68,6800300,6800300-021,27鄰,仁和路,二段,190巷,51弄,,,21號,121.264920546788,24.9047937616669
桃園市大溪區南興里27鄰仁和路二段190巷51弄22號,68,6800300,6800300-021,27鄰,仁和路,二段,190巷,51弄,,,22號,121.264973221098,24.9048914460701
桃園市大溪區南興里27鄰仁和路二段190巷51弄23號,68,6800300,6800300-021,27鄰,仁和路,二段,190巷,51弄,,,23號,121.264878988452,24.9048023221917
桃園市大溪區南興里27鄰仁和路二段190巷51弄25號,68,6800300,6800300-021,27鄰,仁和路,二段,190巷,51弄,,,25號,121.264832063564,24.9048010512375
桃園市大溪區南興里27鄰仁和路二段190巷51弄26號,68,6800300,6800300-021,27鄰,仁和路,二段,190巷,51弄,,,26號,121.264926896678,24.9048932437474
桃園市大溪區南興里27鄰仁和路二段190巷51弄27號,68,6800300,6800300-021,27鄰,仁和路,二段,190巷,51弄,,,27號,121.264777042945,24.9048099064854
桃園市大溪區南興里27鄰仁和路二段190巷51弄28號,68,6800300,6800300-021,27鄰,仁和路,二段,190巷,51弄,,,28號,121.264884043517,24.9048981049147
桃園市大溪區南興里27鄰仁和路二段190巷51弄30號,68,6800300,6800300-021,27鄰,仁和路,二段,190巷,51弄,,,30號,121.264836441259,24.9049041481975
桃園市大溪區南興里27鄰仁和路二段190巷51弄32號,68,6800300,6800300-021,27鄰,仁和路,二段,190巷,51弄,,,32號,121.264790429605,24.9049133485941
桃園市大溪區南興里27鄰仁和路二段190巷65弄1號,68,6800300,6800300-021,27鄰,仁和路,二段,190巷,65弄,,,1號,121.265253129921,24.9051040196964
桃園市大溪區南興里27鄰仁和路二段190巷65弄3號,68,6800300,6800300-021,27鄰,仁和路,二段,190巷,65弄,,,3號,121.26520215397,24.9051063674365
桃園市大溪區南興里27鄰仁和路二段190巷65弄5號,68,6800300,6800300-021,27鄰,仁和路,二段,190巷,65弄,,,5號,121.265149894018,24.9051100717067
桃園市大溪區南興里27鄰仁和路二段190巷65弄6號,68,6800300,6800300-021,27鄰,仁和路,二段,190巷,65弄,,,6號,121.265218258181,24.9051842541987
桃園市大溪區南興里27鄰仁和路二段190巷65弄7號,68,6800300,6800300-021,27鄰,仁和路,二段,190巷,65弄,,,7號,121.265104263813,24.905112500196
桃園市大溪區南興里27鄰仁和路二段190巷65弄8號,68,6800300,6800300-021,27鄰,仁和路,二段,190巷,65弄,,,8號,121.265148510205,24.9052036990354
桃園市大溪區南興里27鄰仁和路二段190巷65弄9號,68,6800300,6800300-021,27鄰,仁和路,二段,190巷,65弄,,,9號,121.265053288048,24.9051149381693
桃園市大溪區南興里27鄰仁和路二段190巷65弄10號,68,6800300,6800300-021,27鄰,仁和路,二段,190巷,65弄,,,10號,121.265104258136,24.9052025137015
桃園市大溪區南興里27鄰仁和路二段190巷65弄11號,68,6800300,6800300-021,27鄰,仁和路,二段,190巷,65弄,,,11號,121.265006360534,24.9051124935789
桃園市大溪區南興里27鄰仁和路二段190巷65弄12號,68,6800300,6800300-021,27鄰,仁和路,二段,190巷,65弄,,,12號,121.264955475275,24.9052036808732
桃園市大溪區南興里27鄰仁和路二段190巷65弄13號,68,6800300,6800300-021,27鄰,仁和路,二段,190巷,65弄,,,13號,121.264960834521,24.9051173595168
桃園市大溪區南興里27鄰仁和路二段190巷65弄15號,68,6800300,6800300-021,27鄰,仁和路,二段,190巷,65弄,,,15號,121.264912529025,24.9051186190027
桃園市大溪區南興里27鄰仁和路二段190巷65弄16號,68,6800300,6800300-021,27鄰,仁和路,二段,190巷,65弄,,,16號,121.264955462069,24.9052438574317
桃園市大溪區南興里27鄰仁和路二段190巷65弄17號,68,6800300,6800300-021,27鄰,仁和路,二段,190巷,65弄,,,17號,121.264862933935,24.9051186167817
桃園市大溪區南興里27鄰仁和路二段190巷65弄18號,68,6800300,6800300-021,27鄰,仁和路,二段,190巷,65弄,,,18號,121.264952786491,24.9052889140733
桃園市大溪區南興里27鄰仁和路二段190巷65弄19號,68,6800300,6800300-021,27鄰,仁和路,二段,190巷,65弄,,,19號,121.264795806699,24.905113680026
桃園市大溪區南興里27鄰仁和路二段190巷65弄20號,68,6800300,6800300-021,27鄰,仁和路,二段,190巷,65弄,,,20號,121.264960830384,24.9053472234747
桃園市大溪區南興里27鄰仁和路二段190巷65弄22號,68,6800300,6800300-021,27鄰,仁和路,二段,190巷,65弄,,,22號,121.264994357353,24.9053788537277
桃園市大溪區南興里27鄰仁和路二段190巷65弄26號,68,6800300,6800300-021,27鄰,仁和路,二段,190巷,65弄,,,26號,121.264990277581,24.9054153358506
桃園市大溪區南興里27鄰仁和路二段190巷65弄32號,68,6800300,6800300-021,27鄰,仁和路,二段,190巷,65弄,,,32號,121.26488565508,24.905513931597
桃園市大溪區南興里27鄰仁和路二段190巷65弄36號,68,6800300,6800300-021,27鄰,仁和路,二段,190巷,65弄,,,36號,121.264884363293,24.9054652706285
桃園市大溪區南興里27鄰仁和路二段190巷65弄38號,68,6800300,6800300-021,27鄰,仁和路,二段,190巷,65弄,,,38號,121.264877634655,24.9054202306873
桃園市大溪區南興里27鄰仁和路二段190巷65弄40號,68,6800300,6800300-021,27鄰,仁和路,二段,190巷,65弄,,,40號,121.264876259491,24.9053788828983
桃園市大溪區南興里27鄰仁和路二段190巷65弄42號,68,6800300,6800300-021,27鄰,仁和路,二段,190巷,65弄,,,42號,121.26487359223,24.9053350997259
桃園市大溪區南興里27鄰仁和路二段190巷65弄46號,68,6800300,6800300-021,27鄰,仁和路,二段,190巷,65弄,,,46號,121.264870919767,24.905288878885
桃園市大溪區南興里27鄰仁和路二段190巷65弄48號,68,6800300,6800300-021,27鄰,仁和路,二段,190巷,65弄,,,48號,121.264866879535,24.905251147201
桃園市大溪區南興里27鄰仁和路二段190巷65弄50號,68,6800300,6800300-021,27鄰,仁和路,二段,190巷,65弄,,,50號,121.264870943728,24.9052073520758
桃園市大溪區南興里11鄰仁和路二段190巷89號,68,6800300,6800300-021,11鄰,仁和路,二段,190巷,,,,89號,121.265096581043,24.9057329478696
桃園市大溪區南興里28鄰仁和路二段190巷95號,68,6800300,6800300-021,28鄰,仁和路,二段,190巷,,,,95號,121.264656712549,24.9059443622726
桃園市大溪區南興里28鄰仁和路二段190巷97號,68,6800300,6800300-021,28鄰,仁和路,二段,190巷,,,,97號,121.264450389047,24.9058873976195
桃園市大溪區南興里28鄰仁和路二段190巷99號,68,6800300,6800300-021,28鄰,仁和路,二段,190巷,,,,99號,121.264301082506,24.9058754738423
桃園市大溪區南興里10鄰仁和路二段190巷109弄20號,68,6800300,6800300-021,10鄰,仁和路,二段,190巷,109弄,,,20號,121.264492028203,24.9062880959834
桃園市大溪區南興里10鄰仁和路二段190巷109弄22號,68,6800300,6800300-021,10鄰,仁和路,二段,190巷,109弄,,,22號,121.26448404478,24.9064438506192
桃園市大溪區南興里10鄰仁和路二段190巷110弄8號,68,6800300,6800300-021,10鄰,仁和路,二段,190巷,110弄,,,8號,121.265270878872,24.9060901640074
桃園市大溪區南興里10鄰仁和路二段190巷110弄9號,68,6800300,6800300-021,10鄰,仁和路,二段,190巷,110弄,,,9號,121.26521926111,24.9062555664071
桃園市大溪區南興里10鄰仁和路二段190巷110弄10號,68,6800300,6800300-021,10鄰,仁和路,二段,190巷,110弄,,,10號,121.265269573656,24.906127905181
桃園市大溪區南興里10鄰仁和路二段190巷110弄11號,68,6800300,6800300-021,10鄰,仁和路,二段,190巷,110弄,,,11號,121.265213273117,24.9063255474123
桃園市大溪區南興里10鄰仁和路二段190巷110弄12號,68,6800300,6800300-021,10鄰,仁和路,二段,190巷,110弄,,,12號,121.2652729209,24.9061655477966
桃園市大溪區南興里10鄰仁和路二段190巷110弄13號,68,6800300,6800300-021,10鄰,仁和路,二段,190巷,110弄,,,13號,121.265210576579,24.9063607630965
桃園市大溪區南興里10鄰仁和路二段190巷110弄15號,68,6800300,6800300-021,10鄰,仁和路,二段,190巷,110弄,,,15號,121.26520986144,24.9063966975325
桃園市大溪區南興里10鄰仁和路二段190巷110弄16號,68,6800300,6800300-021,10鄰,仁和路,二段,190巷,110弄,,,16號,121.265272896026,24.9062002170256
桃園市大溪區南興里10鄰仁和路二段190巷110弄17號,68,6800300,6800300-021,10鄰,仁和路,二段,190巷,110弄,,,17號,121.265208562571,24.9064374180758
桃園市大溪區南興里10鄰仁和路二段190巷110弄18號,68,6800300,6800300-021,10鄰,仁和路,二段,190巷,110弄,,,18號,121.265273578384,24.9062415660375
桃園市大溪區南興里10鄰仁和路二段190巷110弄19號,68,6800300,6800300-021,10鄰,仁和路,二段,190巷,110弄,,,19號,121.265206572102,24.9064787718388
桃園市大溪區南興里10鄰仁和路二段190巷110弄20號,68,6800300,6800300-021,10鄰,仁和路,二段,190巷,110弄,,,20號,121.265271584079,24.9062811141224
桃園市大溪區南興里10鄰仁和路二段190巷110弄22號,68,6800300,6800300-021,10鄰,仁和路,二段,190巷,110弄,,,22號,121.265276314718,24.9063175805808
桃園市大溪區南興里10鄰仁和路二段190巷110弄26號,68,6800300,6800300-021,10鄰,仁和路,二段,190巷,110弄,,,26號,121.265277584666,24.9063559491641
桃園市大溪區南興里10鄰仁和路二段190巷110弄28號,68,6800300,6800300-021,10鄰,仁和路,二段,190巷,110弄,,,28號,121.265276275396,24.9063917943726
桃園市大溪區南興里10鄰仁和路二段190巷110弄30號,68,6800300,6800300-021,10鄰,仁和路,二段,190巷,110弄,,,30號,121.265272893839,24.9064307129333
桃園市大溪區南興里10鄰仁和路二段190巷110弄32號,68,6800300,6800300-021,10鄰,仁和路,二段,190巷,110弄,,,32號,121.26527357118,24.9064697145602
桃園市大溪區南興里10鄰仁和路二段190巷110弄68號,68,6800300,6800300-021,10鄰,仁和路,二段,190巷,110弄,,,68號,121.265477112241,24.9065210853849
桃園市大溪區南興里10鄰仁和路二段190巷130號,68,6800300,6800300-021,10鄰,仁和路,二段,190巷,,,,130號,121.265003703879,24.9063251975818
桃園市大溪區南興里10鄰仁和路二段190巷132號,68,6800300,6800300-021,10鄰,仁和路,二段,190巷,,,,132號,121.264976848025,24.9063581087863
桃園市大溪區南興里10鄰仁和路二段190巷136號,68,6800300,6800300-021,10鄰,仁和路,二段,190巷,,,,136號,121.264955444282,24.9063945313912
桃園市大溪區南興里10鄰仁和路二段190巷148號,68,6800300,6800300-021,10鄰,仁和路,二段,190巷,,,,148號,121.265009697249,24.9067211740165
桃園市大溪區南興里10鄰仁和路二段190巷150號,68,6800300,6800300-021,10鄰,仁和路,二段,190巷,,,,150號,121.265135788542,24.9068014835773
桃園市大溪區南興里10鄰仁和路二段190巷152號,68,6800300,6800300-021,10鄰,仁和路,二段,190巷,,,,152號,121.265342964706,24.9068859824664
桃園市大溪區南興里10鄰仁和路二段190巷152之1號,68,6800300,6800300-021,10鄰,仁和路,二段,190巷,,,,152之1號,121.265495223336,24.9069352776472
桃園市大溪區南興里10鄰仁和路二段190巷156之1號,68,6800300,6800300-021,10鄰,仁和路,二段,190巷,,,,156之1號,121.265716132001,24.9070066603446
桃園市大溪區南興里10鄰仁和路二段190巷156號,68,6800300,6800300-021,10鄰,仁和路,二段,190巷,,,,156號,121.265736299364,24.9069476687559
桃園市大溪區南興里10鄰仁和路二段190巷158之1號,68,6800300,6800300-021,10鄰,仁和路,二段,190巷,,,,158之1號,121.265599193674,24.9071791310885
桃園市大溪區南興里10鄰仁和路二段190巷158號,68,6800300,6800300-021,10鄰,仁和路,二段,190巷,,,,158號,121.265630333152,24.9071125360954
桃園市大溪區南興里10鄰仁和路二段190巷165號,68,6800300,6800300-021,10鄰,仁和路,二段,190巷,,,,165號,121.264615417031,24.9078402258882
桃園市大溪區南興里10鄰仁和路二段190巷211號,68,6800300,6800300-021,10鄰,仁和路,二段,190巷,,,,211號,121.264113213945,24.909279615876
桃園市大溪區南興里10鄰仁和路二段190巷212號,68,6800300,6800300-021,10鄰,仁和路,二段,190巷,,,,212號,121.265046221312,24.9088507355939
桃園市大溪區南興里10鄰仁和路二段190巷216號,68,6800300,6800300-021,10鄰,仁和路,二段,190巷,,,,216號,121.265038658837,24.9089252335821
桃園市大溪區南興里10鄰仁和路二段190巷220號,68,6800300,6800300-021,10鄰,仁和路,二段,190巷,,,,220號,121.265150046917,24.9090728310219
桃園市大溪區南興里10鄰仁和路二段190巷222號,68,6800300,6800300-021,10鄰,仁和路,二段,190巷,,,,222號,121.264064500652,24.9092760907511
桃園市大溪區南興里10鄰仁和路二段190巷225弄8之1號,68,6800300,6800300-021,10鄰,仁和路,二段,190巷,225弄,,,8之1號,121.264492699956,24.9093430453022
桃園市大溪區南興里10鄰仁和路二段190巷227號,68,6800300,6800300-021,10鄰,仁和路,二段,190巷,,,,227號,121.264841470911,24.9094402946269
桃園市大溪區南興里10鄰仁和路二段190巷248號,68,6800300,6800300-021,10鄰,仁和路,二段,190巷,,,,248號,121.26513092407,24.9091576419718
桃園市大溪區南興里3鄰仁和路二段190巷271號十樓,68,6800300,6800300-021,3鄰,仁和路,二段,190巷,,,,271號十樓,121.264623619265,24.9105718531733
桃園市大溪區南興里3鄰仁和路二段190巷271號二樓,68,6800300,6800300-021,3鄰,仁和路,二段,190巷,,,,271號二樓,121.264623619265,24.9105718531733
桃園市大溪區南興里3鄰仁和路二段190巷271號三樓,68,6800300,6800300-021,3鄰,仁和路,二段,190巷,,,,271號三樓,121.264623619265,24.9105718531733
桃園市大溪區南興里3鄰仁和路二段190巷271號四樓,68,6800300,6800300-021,3鄰,仁和路,二段,190巷,,,,271號四樓,121.264623619265,24.9105718531733
桃園市大溪區南興里3鄰仁和路二段190巷271號五樓,68,6800300,6800300-021,3鄰,仁和路,二段,190巷,,,,271號五樓,121.264623619265,24.9105718531733
桃園市大溪區南興里3鄰仁和路二段190巷271號六樓,68,6800300,6800300-021,3鄰,仁和路,二段,190巷,,,,271號六樓,121.264623619265,24.9105718531733
桃園市大溪區南興里3鄰仁和路二段190巷271號七樓,68,6800300,6800300-021,3鄰,仁和路,二段,190巷,,,,271號七樓,121.264623619265,24.9105718531733
桃園市大溪區南興里3鄰仁和路二段190巷271號八樓,68,6800300,6800300-021,3鄰,仁和路,二段,190巷,,,,271號八樓,121.264623619265,24.9105718531733
桃園市大溪區南興里3鄰仁和路二段190巷271號九樓,68,6800300,6800300-021,3鄰,仁和路,二段,190巷,,,,271號九樓,121.264623619265,24.9105718531733
桃園市大溪區南興里3鄰仁和路二段190巷271號十一樓,68,6800300,6800300-021,3鄰,仁和路,二段,190巷,,,,271號十一樓,121.264623619265,24.9105718531733
桃園市大溪區南興里3鄰仁和路二段190巷273號十樓,68,6800300,6800300-021,3鄰,仁和路,二段,190巷,,,,273號十樓,121.264574851538,24.9105430487157
桃園市大溪區南興里3鄰仁和路二段190巷273號二樓,68,6800300,6800300-021,3鄰,仁和路,二段,190巷,,,,273號二樓,121.264574851538,24.9105430487157
桃園市大溪區南興里3鄰仁和路二段190巷273號三樓,68,6800300,6800300-021,3鄰,仁和路,二段,190巷,,,,273號三樓,121.264574851538,24.9105430487157
桃園市大溪區南興里3鄰仁和路二段190巷273號四樓,68,6800300,6800300-021,3鄰,仁和路,二段,190巷,,,,273號四樓,121.264574851538,24.9105430487157
桃園市大溪區南興里3鄰仁和路二段190巷273號五樓,68,6800300,6800300-021,3鄰,仁和路,二段,190巷,,,,273號五樓,121.264574851538,24.9105430487157
桃園市大溪區南興里3鄰仁和路二段190巷273號六樓,68,6800300,6800300-021,3鄰,仁和路,二段,190巷,,,,273號六樓,121.264574851538,24.9105430487157
桃園市大溪區南興里3鄰仁和路二段190巷273號七樓,68,6800300,6800300-021,3鄰,仁和路,二段,190巷,,,,273號七樓,121.264574851538,24.9105430487157
桃園市大溪區南興里3鄰仁和路二段190巷273號八樓,68,6800300,6800300-021,3鄰,仁和路,二段,190巷,,,,273號八樓,121.264574851538,24.9105430487157
桃園市大溪區南興里3鄰仁和路二段190巷273號九樓,68,6800300,6800300-021,3鄰,仁和路,二段,190巷,,,,273號九樓,121.264574851538,24.9105430487157
桃園市大溪區南興里3鄰仁和路二段190巷273號十一樓,68,6800300,6800300-021,3鄰,仁和路,二段,190巷,,,,273號十一樓,121.264574851538,24.9105430487157
桃園市大溪區南興里3鄰仁和路二段190巷275號十樓,68,6800300,6800300-021,3鄰,仁和路,二段,190巷,,,,275號十樓,121.264474912273,24.9106580675691
桃園市大溪區南興里3鄰仁和路二段190巷275號二樓,68,6800300,6800300-021,3鄰,仁和路,二段,190巷,,,,275號二樓,121.264474912273,24.9106580675691
桃園市大溪區南興里3鄰仁和路二段190巷275號三樓,68,6800300,6800300-021,3鄰,仁和路,二段,190巷,,,,275號三樓,121.264474912273,24.9106580675691
桃園市大溪區南興里3鄰仁和路二段190巷275號四樓,68,6800300,6800300-021,3鄰,仁和路,二段,190巷,,,,275號四樓,121.264474912273,24.9106580675691
桃園市大溪區南興里3鄰仁和路二段190巷275號五樓,68,6800300,6800300-021,3鄰,仁和路,二段,190巷,,,,275號五樓,121.264474912273,24.9106580675691
桃園市大溪區南興里3鄰仁和路二段190巷275號六樓,68,6800300,6800300-021,3鄰,仁和路,二段,190巷,,,,275號六樓,121.264474912273,24.9106580675691
桃園市大溪區南興里3鄰仁和路二段190巷275號七樓,68,6800300,6800300-021,3鄰,仁和路,二段,190巷,,,,275號七樓,121.264474912273,24.9106580675691
桃園市大溪區南興里3鄰仁和路二段190巷275號八樓,68,6800300,6800300-021,3鄰,仁和路,二段,190巷,,,,275號八樓,121.264474912273,24.9106580675691
桃園市大溪區南興里3鄰仁和路二段190巷275號九樓,68,6800300,6800300-021,3鄰,仁和路,二段,190巷,,,,275號九樓,121.264474912273,24.9106580675691
桃園市大溪區南興里3鄰仁和路二段190巷275號十一樓,68,6800300,6800300-021,3鄰,仁和路,二段,190巷,,,,275號十一樓,121.264474912273,24.9106580675691
桃園市大溪區南興里3鄰仁和路二段190巷277號十樓,68,6800300,6800300-021,3鄰,仁和路,二段,190巷,,,,277號十樓,121.264541897644,24.9106879231602
桃園市大溪區南興里3鄰仁和路二段190巷277號二樓,68,6800300,6800300-021,3鄰,仁和路,二段,190巷,,,,277號二樓,121.264541897644,24.9106879231602
桃園市大溪區南興里3鄰仁和路二段190巷277號三樓,68,6800300,6800300-021,3鄰,仁和路,二段,190巷,,,,277號三樓,121.264541897644,24.9106879231602
桃園市大溪區南興里3鄰仁和路二段190巷277號四樓,68,6800300,6800300-021,3鄰,仁和路,二段,190巷,,,,277號四樓,121.264541897644,24.9106879231602
桃園市大溪區南興里3鄰仁和路二段190巷277號五樓,68,6800300,6800300-021,3鄰,仁和路,二段,190巷,,,,277號五樓,121.264541897644,24.9106879231602
桃園市大溪區南興里3鄰仁和路二段190巷277號六樓,68,6800300,6800300-021,3鄰,仁和路,二段,190巷,,,,277號六樓,121.264541897644,24.9106879231602
桃園市大溪區南興里3鄰仁和路二段190巷277號七樓,68,6800300,6800300-021,3鄰,仁和路,二段,190巷,,,,277號七樓,121.264541897644,24.9106879231602
桃園市大溪區南興里3鄰仁和路二段190巷277號八樓,68,6800300,6800300-021,3鄰,仁和路,二段,190巷,,,,277號八樓,121.264541897644,24.9106879231602
桃園市大溪區南興里3鄰仁和路二段190巷277號九樓,68,6800300,6800300-021,3鄰,仁和路,二段,190巷,,,,277號九樓,121.264541897644,24.9106879231602
桃園市大溪區南興里3鄰仁和路二段190巷277號十一樓,68,6800300,6800300-021,3鄰,仁和路,二段,190巷,,,,277號十一樓,121.264541897644,24.9106879231602
桃園市大溪區南興里3鄰仁和路二段190巷279號,68,6800300,6800300-021,3鄰,仁和路,二段,190巷,,,,279號,121.264512352914,24.9108066993914
桃園市大溪區南興里3鄰仁和路二段190巷281號,68,6800300,6800300-021,3鄰,仁和路,二段,190巷,,,,281號,121.264469125383,24.9108226660798
桃園市大溪區南興里3鄰仁和路二段190巷283弄2號,68,6800300,6800300-021,3鄰,仁和路,二段,190巷,283弄,,,2號,121.26437571476,24.9108425136542
桃園市大溪區南興里3鄰仁和路二段190巷283弄3號,68,6800300,6800300-021,3鄰,仁和路,二段,190巷,283弄,,,3號,121.264432514399,24.9107381346178
桃園市大溪區南興里3鄰仁和路二段190巷283弄6號,68,6800300,6800300-021,3鄰,仁和路,二段,190巷,283弄,,,6號,121.264358922036,24.9108132913108
桃園市大溪區南興里3鄰仁和路二段190巷283弄8號,68,6800300,6800300-021,3鄰,仁和路,二段,190巷,283弄,,,8號,121.264350820797,24.9107745737114
桃園市大溪區南興里3鄰仁和路二段190巷283弄10號,68,6800300,6800300-021,3鄰,仁和路,二段,190巷,283弄,,,10號,121.264338660715,24.9107358633047
桃園市大溪區南興里3鄰仁和路二段190巷283弄12號,68,6800300,6800300-021,3鄰,仁和路,二段,190巷,283弄,,,12號,121.26432403997,24.9107038382945
桃園市大溪區南興里3鄰仁和路二段190巷287號,68,6800300,6800300-021,3鄰,仁和路,二段,190巷,,,,287號,121.264224487133,24.9108610190558
桃園市大溪區南興里10鄰仁和路二段190巷295弄50號,68,6800300,6800300-021,10鄰,仁和路,二段,190巷,295弄,,,50號,121.26266767872,24.9112888272464
桃園市大溪區南興里10鄰仁和路二段190巷295弄75號,68,6800300,6800300-021,10鄰,仁和路,二段,190巷,295弄,,,75號,121.262311352583,24.9115997614308
桃園市大溪區南興里3鄰仁和路二段190巷300號十樓,68,6800300,6800300-021,3鄰,仁和路,二段,190巷,,,,300號十樓,121.26491587122,24.9110420766268
桃園市大溪區南興里3鄰仁和路二段190巷300號二樓,68,6800300,6800300-021,3鄰,仁和路,二段,190巷,,,,300號二樓,121.26491587122,24.9110420766268
桃園市大溪區南興里3鄰仁和路二段190巷300號三樓,68,6800300,6800300-021,3鄰,仁和路,二段,190巷,,,,300號三樓,121.26491587122,24.9110420766268
桃園市大溪區南興里3鄰仁和路二段190巷300號四樓,68,6800300,6800300-021,3鄰,仁和路,二段,190巷,,,,300號四樓,121.26491587122,24.9110420766268
桃園市大溪區南興里3鄰仁和路二段190巷300號五樓,68,6800300,6800300-021,3鄰,仁和路,二段,190巷,,,,300號五樓,121.26491587122,24.9110420766268
桃園市大溪區南興里3鄰仁和路二段190巷300號六樓,68,6800300,6800300-021,3鄰,仁和路,二段,190巷,,,,300號六樓,121.26491587122,24.9110420766268
桃園市大溪區南興里3鄰仁和路二段190巷300號七樓,68,6800300,6800300-021,3鄰,仁和路,二段,190巷,,,,300號七樓,121.26491587122,24.9110420766268
桃園市大溪區南興里3鄰仁和路二段190巷300號八樓,68,6800300,6800300-021,3鄰,仁和路,二段,190巷,,,,300號八樓,121.26491587122,24.9110420766268
桃園市大溪區南興里3鄰仁和路二段190巷300號九樓,68,6800300,6800300-021,3鄰,仁和路,二段,190巷,,,,300號九樓,121.26491587122,24.9110420766268
桃園市大溪區南興里3鄰仁和路二段190巷300號十一樓,68,6800300,6800300-021,3鄰,仁和路,二段,190巷,,,,300號十一樓,121.26491587122,24.9110420766268
桃園市大溪區南興里3鄰仁和路二段190巷302號十樓,68,6800300,6800300-021,3鄰,仁和路,二段,190巷,,,,302號十樓,121.264960950437,24.9111051052629
桃園市大溪區南興里3鄰仁和路二段190巷302號二樓,68,6800300,6800300-021,3鄰,仁和路,二段,190巷,,,,302號二樓,121.264960950437,24.9111051052629
桃園市大溪區南興里3鄰仁和路二段190巷302號三樓,68,6800300,6800300-021,3鄰,仁和路,二段,190巷,,,,302號三樓,121.264960950437,24.9111051052629
桃園市大溪區南興里3鄰仁和路二段190巷302號四樓,68,6800300,6800300-021,3鄰,仁和路,二段,190巷,,,,302號四樓,121.264960950437,24.9111051052629
桃園市大溪區南興里3鄰仁和路二段190巷302號五樓,68,6800300,6800300-021,3鄰,仁和路,二段,190巷,,,,302號五樓,121.264960950437,24.9111051052629
桃園市大溪區南興里3鄰仁和路二段190巷302號六樓,68,6800300,6800300-021,3鄰,仁和路,二段,190巷,,,,302號六樓,121.264960950437,24.9111051052629
桃園市大溪區南興里3鄰仁和路二段190巷302號七樓,68,6800300,6800300-021,3鄰,仁和路,二段,190巷,,,,302號七樓,121.264960950437,24.9111051052629
桃園市大溪區南興里3鄰仁和路二段190巷302號八樓,68,6800300,6800300-021,3鄰,仁和路,二段,190巷,,,,302號八樓,121.264960950437,24.9111051052629
桃園市大溪區南興里3鄰仁和路二段190巷302號九樓,68,6800300,6800300-021,3鄰,仁和路,二段,190巷,,,,302號九樓,121.264960950437,24.9111051052629
桃園市大溪區南興里3鄰仁和路二段190巷302號十一樓,68,6800300,6800300-021,3鄰,仁和路,二段,190巷,,,,302號十一樓,121.264960950437,24.9111051052629
桃園市大溪區南興里3鄰仁和路二段190巷306號十樓,68,6800300,6800300-021,3鄰,仁和路,二段,190巷,,,,306號十樓,121.264886634553,24.9111659082971
桃園市大溪區南興里3鄰仁和路二段190巷306號二樓,68,6800300,6800300-021,3鄰,仁和路,二段,190巷,,,,306號二樓,121.264886634553,24.9111659082971
桃園市大溪區南興里3鄰仁和路二段190巷306號三樓,68,6800300,6800300-021,3鄰,仁和路,二段,190巷,,,,306號三樓,121.264886634553,24.9111659082971
桃園市大溪區南興里3鄰仁和路二段190巷306號四樓,68,6800300,6800300-021,3鄰,仁和路,二段,190巷,,,,306號四樓,121.264886634553,24.9111659082971
桃園市大溪區南興里3鄰仁和路二段190巷306號五樓,68,6800300,6800300-021,3鄰,仁和路,二段,190巷,,,,306號五樓,121.264886634553,24.9111659082971
桃園市大溪區南興里3鄰仁和路二段190巷306號六樓,68,6800300,6800300-021,3鄰,仁和路,二段,190巷,,,,306號六樓,121.264886634553,24.9111659082971
桃園市大溪區南興里3鄰仁和路二段190巷306號七樓,68,6800300,6800300-021,3鄰,仁和路,二段,190巷,,,,306號七樓,121.264886634553,24.9111659082971
桃園市大溪區南興里3鄰仁和路二段190巷306號八樓,68,6800300,6800300-021,3鄰,仁和路,二段,190巷,,,,306號八樓,121.264886634553,24.9111659082971
桃園市大溪區南興里3鄰仁和路二段190巷306號九樓,68,6800300,6800300-021,3鄰,仁和路,二段,190巷,,,,306號九樓,121.264886634553,24.9111659082971
桃園市大溪區南興里3鄰仁和路二段190巷306號十一樓,68,6800300,6800300-021,3鄰,仁和路,二段,190巷,,,,306號十一樓,121.264886634553,24.9111659082971
桃園市大溪區南興里3鄰仁和路二段190巷308號,68,6800300,6800300-021,3鄰,仁和路,二段,190巷,,,,308號,121.264762235523,24.9112311338519
桃園市大溪區南興里3鄰仁和路二段190巷308號十樓,68,6800300,6800300-021,3鄰,仁和路,二段,190巷,,,,308號十樓,121.264762235523,24.9112311338519
桃園市大溪區南興里3鄰仁和路二段190巷308號二樓,68,6800300,6800300-021,3鄰,仁和路,二段,190巷,,,,308號二樓,121.264762235523,24.9112311338519
桃園市大溪區南興里3鄰仁和路二段190巷308號三樓,68,6800300,6800300-021,3鄰,仁和路,二段,190巷,,,,308號三樓,121.264762235523,24.9112311338519
桃園市大溪區南興里3鄰仁和路二段190巷308號四樓,68,6800300,6800300-021,3鄰,仁和路,二段,190巷,,,,308號四樓,121.264762235523,24.9112311338519
桃園市大溪區南興里3鄰仁和路二段190巷308號五樓,68,6800300,6800300-021,3鄰,仁和路,二段,190巷,,,,308號五樓,121.264762235523,24.9112311338519
桃園市大溪區南興里3鄰仁和路二段190巷308號六樓,68,6800300,6800300-021,3鄰,仁和路,二段,190巷,,,,308號六樓,121.264762235523,24.9112311338519
桃園市大溪區南興里3鄰仁和路二段190巷308號七樓,68,6800300,6800300-021,3鄰,仁和路,二段,190巷,,,,308號七樓,121.264762235523,24.9112311338519
桃園市大溪區南興里3鄰仁和路二段190巷308號八樓,68,6800300,6800300-021,3鄰,仁和路,二段,190巷,,,,308號八樓,121.264762235523,24.9112311338519
桃園市大溪區南興里3鄰仁和路二段190巷308號九樓,68,6800300,6800300-021,3鄰,仁和路,二段,190巷,,,,308號九樓,121.264762235523,24.9112311338519
桃園市大溪區南興里3鄰仁和路二段190巷310號,68,6800300,6800300-021,3鄰,仁和路,二段,190巷,,,,310號,121.264643997653,24.9112145508163
桃園市大溪區南興里3鄰仁和路二段190巷310號十樓,68,6800300,6800300-021,3鄰,仁和路,二段,190巷,,,,310號十樓,121.264643997653,24.9112145508163
桃園市大溪區南興里3鄰仁和路二段190巷310號二樓,68,6800300,6800300-021,3鄰,仁和路,二段,190巷,,,,310號二樓,121.264643997653,24.9112145508163
桃園市大溪區南興里3鄰仁和路二段190巷310號三樓,68,6800300,6800300-021,3鄰,仁和路,二段,190巷,,,,310號三樓,121.264643997653,24.9112145508163
桃園市大溪區南興里3鄰仁和路二段190巷310號四樓,68,6800300,6800300-021,3鄰,仁和路,二段,190巷,,,,310號四樓,121.264643997653,24.9112145508163
桃園市大溪區南興里3鄰仁和路二段190巷310號五樓,68,6800300,6800300-021,3鄰,仁和路,二段,190巷,,,,310號五樓,121.264643997653,24.9112145508163
桃園市大溪區南興里3鄰仁和路二段190巷310號六樓,68,6800300,6800300-021,3鄰,仁和路,二段,190巷,,,,310號六樓,121.264643997653,24.9112145508163
桃園市大溪區南興里3鄰仁和路二段190巷310號七樓,68,6800300,6800300-021,3鄰,仁和路,二段,190巷,,,,310號七樓,121.264643997653,24.9112145508163
桃園市大溪區南興里3鄰仁和路二段190巷310號八樓,68,6800300,6800300-021,3鄰,仁和路,二段,190巷,,,,310號八樓,121.264643997653,24.9112145508163
桃園市大溪區南興里3鄰仁和路二段190巷310號九樓,68,6800300,6800300-021,3鄰,仁和路,二段,190巷,,,,310號九樓,121.264643997653,24.9112145508163
桃園市大溪區南興里3鄰仁和路二段190巷312號,68,6800300,6800300-021,3鄰,仁和路,二段,190巷,,,,312號,121.264625723514,24.9112798587719
桃園市大溪區南興里3鄰仁和路二段190巷312號十樓,68,6800300,6800300-021,3鄰,仁和路,二段,190巷,,,,312號十樓,121.264625723514,24.9112798587719
桃園市大溪區南興里3鄰仁和路二段190巷312號二樓,68,6800300,6800300-021,3鄰,仁和路,二段,190巷,,,,312號二樓,121.264625723514,24.9112798587719
桃園市大溪區南興里3鄰仁和路二段190巷312號三樓,68,6800300,6800300-021,3鄰,仁和路,二段,190巷,,,,312號三樓,121.264625723514,24.9112798587719
桃園市大溪區南興里3鄰仁和路二段190巷312號四樓,68,6800300,6800300-021,3鄰,仁和路,二段,190巷,,,,312號四樓,121.264625723514,24.9112798587719
桃園市大溪區南興里3鄰仁和路二段190巷312號五樓,68,6800300,6800300-021,3鄰,仁和路,二段,190巷,,,,312號五樓,121.264625723514,24.9112798587719
桃園市大溪區南興里3鄰仁和路二段190巷312號六樓,68,6800300,6800300-021,3鄰,仁和路,二段,190巷,,,,312號六樓,121.264625723514,24.9112798587719
桃園市大溪區南興里3鄰仁和路二段190巷312號七樓,68,6800300,6800300-021,3鄰,仁和路,二段,190巷,,,,312號七樓,121.264625723514,24.9112798587719
桃園市大溪區南興里3鄰仁和路二段190巷312號八樓,68,6800300,6800300-021,3鄰,仁和路,二段,190巷,,,,312號八樓,121.264625723514,24.9112798587719
桃園市大溪區南興里3鄰仁和路二段190巷312號九樓,68,6800300,6800300-021,3鄰,仁和路,二段,190巷,,,,312號九樓,121.264625723514,24.9112798587719
桃園市大溪區南興里10鄰仁和路二段190巷315號,68,6800300,6800300-021,10鄰,仁和路,二段,190巷,,,,315號,121.263975433008,24.9116156046407
桃園市大溪區南興里3鄰仁和路二段190巷316號,68,6800300,6800300-021,3鄰,仁和路,二段,190巷,,,,316號,121.264751272945,24.9112897478068
桃園市大溪區南興里3鄰仁和路二段190巷316號十樓,68,6800300,6800300-021,3鄰,仁和路,二段,190巷,,,,316號十樓,121.264751272945,24.9112897478068
桃園市大溪區南興里3鄰仁和路二段190巷316號二樓,68,6800300,6800300-021,3鄰,仁和路,二段,190巷,,,,316號二樓,121.264751272945,24.9112897478068
桃園市大溪區南興里3鄰仁和路二段190巷316號三樓,68,6800300,6800300-021,3鄰,仁和路,二段,190巷,,,,316號三樓,121.264751272945,24.9112897478068
桃園市大溪區南興里3鄰仁和路二段190巷316號四樓,68,6800300,6800300-021,3鄰,仁和路,二段,190巷,,,,316號四樓,121.264751272945,24.9112897478068
桃園市大溪區南興里3鄰仁和路二段190巷316號五樓,68,6800300,6800300-021,3鄰,仁和路,二段,190巷,,,,316號五樓,121.264751272945,24.9112897478068
桃園市大溪區南興里3鄰仁和路二段190巷316號六樓,68,6800300,6800300-021,3鄰,仁和路,二段,190巷,,,,316號六樓,121.264751272945,24.9112897478068
桃園市大溪區南興里3鄰仁和路二段190巷316號七樓,68,6800300,6800300-021,3鄰,仁和路,二段,190巷,,,,316號七樓,121.264751272945,24.9112897478068
桃園市大溪區南興里3鄰仁和路二段190巷316號八樓,68,6800300,6800300-021,3鄰,仁和路,二段,190巷,,,,316號八樓,121.264751272945,24.9112897478068
桃園市大溪區南興里3鄰仁和路二段190巷316號九樓,68,6800300,6800300-021,3鄰,仁和路,二段,190巷,,,,316號九樓,121.264751272945,24.9112897478068
桃園市大溪區南興里3鄰仁和路二段190巷318號,68,6800300,6800300-021,3鄰,仁和路,二段,190巷,,,,318號,121.264646591006,24.9109452282103
桃園市大溪區南興里3鄰仁和路二段190巷326號,68,6800300,6800300-021,3鄰,仁和路,二段,190巷,,,,326號,121.264422706123,24.9109203456899
桃園市大溪區南興里3鄰仁和路二段190巷328號,68,6800300,6800300-021,3鄰,仁和路,二段,190巷,,,,328號,121.264379087366,24.9109385701529
桃園市大溪區南興里3鄰仁和路二段190巷330號,68,6800300,6800300-021,3鄰,仁和路,二段,190巷,,,,330號,121.264330808067,24.9109531914916
桃園市大溪區南興里3鄰仁和路二段190巷332號,68,6800300,6800300-021,3鄰,仁和路,二段,190巷,,,,332號,121.264291246795,24.9109707767482
桃園市大溪區南興里3鄰仁和路二段190巷336號,68,6800300,6800300-021,3鄰,仁和路,二段,190巷,,,,336號,121.264199730313,24.9111363396867
桃園市大溪區南興里2鄰仁和路二段190巷375號,68,6800300,6800300-021,2鄰,仁和路,二段,190巷,,,,375號,121.264497233364,24.9131872515171
桃園市大溪區南興里3鄰仁和路二段190巷382弄25號,68,6800300,6800300-021,3鄰,仁和路,二段,190巷,382弄,,,25號,121.265145967298,24.9117495867493
桃園市大溪區南興里3鄰仁和路二段190巷386號,68,6800300,6800300-021,3鄰,仁和路,二段,190巷,,,,386號,121.264680219374,24.9120444698577
桃園市大溪區南興里3鄰仁和路二段190巷388號,68,6800300,6800300-021,3鄰,仁和路,二段,190巷,,,,388號,121.26469022198,24.9120926639051
桃園市大溪區南興里3鄰仁和路二段190巷390號,68,6800300,6800300-021,3鄰,仁和路,二段,190巷,,,,390號,121.26469971092,24.9121321012893
桃園市大溪區南興里3鄰仁和路二段190巷392號,68,6800300,6800300-021,3鄰,仁和路,二段,190巷,,,,392號,121.264706928127,24.9121739803797
桃園市大溪區南興里3鄰仁和路二段190巷396弄11號,68,6800300,6800300-021,3鄰,仁和路,二段,190巷,396弄,,,11號,121.264961685339,24.9126078856017
桃園市大溪區南興里3鄰仁和路二段190巷396弄16號,68,6800300,6800300-021,3鄰,仁和路,二段,190巷,396弄,,,16號,121.26490212852,24.9121630705509
桃園市大溪區南興里3鄰仁和路二段190巷396弄17號,68,6800300,6800300-021,3鄰,仁和路,二段,190巷,396弄,,,17號,121.265226339747,24.9125304027271
桃園市大溪區南興里3鄰仁和路二段190巷396弄18號,68,6800300,6800300-021,3鄰,仁和路,二段,190巷,396弄,,,18號,121.265036152714,24.9121542554437
桃園市大溪區南興里3鄰仁和路二段190巷396弄19號,68,6800300,6800300-021,3鄰,仁和路,二段,190巷,396弄,,,19號,121.265090892573,24.9124294348763
桃園市大溪區南興里3鄰仁和路二段190巷396弄23號,68,6800300,6800300-021,3鄰,仁和路,二段,190巷,396弄,,,23號,121.265097039144,24.9123408550911
桃園市大溪區南興里3鄰仁和路二段190巷402號,68,6800300,6800300-021,3鄰,仁和路,二段,190巷,,,,402號,121.264713037804,24.9123927283083
桃園市大溪區南興里3鄰仁和路二段190巷406號,68,6800300,6800300-021,3鄰,仁和路,二段,190巷,,,,406號,121.264819562658,24.9124868862578
桃園市大溪區南興里3鄰仁和路二段190巷408號,68,6800300,6800300-021,3鄰,仁和路,二段,190巷,,,,408號,121.264739994806,24.912592118395
桃園市大溪區南興里1鄰仁和路二段190巷415弄55號,68,6800300,6800300-021,1鄰,仁和路,二段,190巷,415弄,,,55號,121.263241201925,24.9142432715474
桃園市大溪區南興里1鄰仁和路二段190巷415弄69號,68,6800300,6800300-021,1鄰,仁和路,二段,190巷,415弄,,,69號,121.262803106027,24.9141388630278
桃園市大溪區南興里1鄰仁和路二段190巷415弄70號,68,6800300,6800300-021,1鄰,仁和路,二段,190巷,415弄,,,70號,121.263482722533,24.914458353541
桃園市大溪區南興里1鄰仁和路二段190巷415弄72號,68,6800300,6800300-021,1鄰,仁和路,二段,190巷,415弄,,,72號,121.263388641804,24.9146768270243
桃園市大溪區南興里1鄰仁和路二段190巷415弄75號,68,6800300,6800300-021,1鄰,仁和路,二段,190巷,415弄,,,75號,121.262386189891,24.9139376312332
桃園市大溪區南興里1鄰仁和路二段190巷415弄76號,68,6800300,6800300-021,1鄰,仁和路,二段,190巷,415弄,,,76號,121.263338174401,24.9145475388263
桃園市大溪區南興里1鄰仁和路二段190巷415弄80號,68,6800300,6800300-021,1鄰,仁和路,二段,190巷,415弄,,,80號,121.263233546141,24.9146009912404
桃園市大溪區南興里1鄰仁和路二段190巷415弄82號,68,6800300,6800300-021,1鄰,仁和路,二段,190巷,415弄,,,82號,121.263145688366,24.9143931313877
桃園市大溪區南興里1鄰仁和路二段190巷415弄86號,68,6800300,6800300-021,1鄰,仁和路,二段,190巷,415弄,,,86號,121.263036048934,24.9143710245917
桃園市大溪區南興里1鄰仁和路二段190巷415弄88號,68,6800300,6800300-021,1鄰,仁和路,二段,190巷,415弄,,,88號,121.262799485574,24.9144860123439
桃園市大溪區南興里1鄰仁和路二段190巷415弄95號,68,6800300,6800300-021,1鄰,仁和路,二段,190巷,415弄,,,95號,121.262131654608,24.9135121176947
桃園市大溪區南興里1鄰仁和路二段190巷415弄102之1號,68,6800300,6800300-021,1鄰,仁和路,二段,190巷,415弄,,,102之1號,121.261547258181,24.9147769427119
桃園市大溪區南興里1鄰仁和路二段190巷415弄109號,68,6800300,6800300-021,1鄰,仁和路,二段,190巷,415弄,,,109號,121.261917290916,24.9132160910675
桃園市大溪區南興里2鄰仁和路二段190巷416之1號,68,6800300,6800300-021,2鄰,仁和路,二段,190巷,,,,416之1號,121.264802388977,24.9126967373704
桃園市大溪區南興里2鄰仁和路二段190巷418號,68,6800300,6800300-021,2鄰,仁和路,二段,190巷,,,,418號,121.264722625064,24.9127565568625
桃園市大溪區南興里2鄰仁和路二段190巷420號,68,6800300,6800300-021,2鄰,仁和路,二段,190巷,,,,420號,121.264665409555,24.9129911266218
桃園市大溪區南興里2鄰仁和路二段190巷420之1號,68,6800300,6800300-021,2鄰,仁和路,二段,190巷,,,,420之1號,121.264962217277,24.9129496105697
桃園市大溪區南興里2鄰仁和路二段190巷422號,68,6800300,6800300-021,2鄰,仁和路,二段,190巷,,,,422號,121.264673504879,24.9130269551054
桃園市大溪區南興里2鄰仁和路二段190巷426號,68,6800300,6800300-021,2鄰,仁和路,二段,190巷,,,,426號,121.264620507564,24.9131042421844
桃園市大溪區南興里2鄰仁和路二段190巷446弄11號,68,6800300,6800300-021,2鄰,仁和路,二段,190巷,446弄,,,11號,121.264984987784,24.9135988041637
桃園市大溪區南興里2鄰仁和路二段190巷446弄15號,68,6800300,6800300-021,2鄰,仁和路,二段,190巷,446弄,,,15號,121.265380099405,24.9135094424998
桃園市大溪區南興里2鄰仁和路二段190巷446弄17號,68,6800300,6800300-021,2鄰,仁和路,二段,190巷,446弄,,,17號,121.26537582546,24.9135940464431
桃園市大溪區南興里2鄰仁和路二段190巷448號,68,6800300,6800300-021,2鄰,仁和路,二段,190巷,,,,448號,121.264581301642,24.913567199102
桃園市大溪區南興里2鄰仁和路二段190巷450號,68,6800300,6800300-021,2鄰,仁和路,二段,190巷,,,,450號,121.264647983927,24.9136398498948
桃園市大溪區南興里2鄰仁和路二段190巷452號,68,6800300,6800300-021,2鄰,仁和路,二段,190巷,,,,452號,121.264574305821,24.9137219587144
桃園市大溪區南興里2鄰仁和路二段190巷456號,68,6800300,6800300-021,2鄰,仁和路,二段,190巷,,,,456號,121.264570258975,24.9138204660069
桃園市大溪區南興里1鄰仁和路二段190巷462號,68,6800300,6800300-021,1鄰,仁和路,二段,190巷,,,,462號,121.264720800475,24.9138499023912
桃園市大溪區南興里1鄰仁和路二段190巷466號,68,6800300,6800300-021,1鄰,仁和路,二段,190巷,,,,466號,121.26483286073,24.913846724064
桃園市大溪區南興里1鄰仁和路二段190巷468號,68,6800300,6800300-021,1鄰,仁和路,二段,190巷,,,,468號,121.264910142359,24.9139222450088
桃園市大溪區南興里1鄰仁和路二段190巷470號,68,6800300,6800300-021,1鄰,仁和路,二段,190巷,,,,470號,121.264803914247,24.9140140721664
桃園市大溪區南興里1鄰仁和路二段190巷471弄26號,68,6800300,6800300-021,1鄰,仁和路,二段,190巷,471弄,,,26號,121.266712868699,24.9141295748425
桃園市大溪區南興里1鄰仁和路二段190巷471弄42號,68,6800300,6800300-021,1鄰,仁和路,二段,190巷,471弄,,,42號,121.266530674025,24.9144814673562
桃園市大溪區南興里1鄰仁和路二段190巷471弄46號,68,6800300,6800300-021,1鄰,仁和路,二段,190巷,471弄,,,46號,121.266511773969,24.9147159692716
桃園市大溪區南興里1鄰仁和路二段190巷476號,68,6800300,6800300-021,1鄰,仁和路,二段,190巷,,,,476號,121.264818998746,24.9141703274051
桃園市大溪區南興里1鄰仁和路二段190巷476之1號,68,6800300,6800300-021,1鄰,仁和路,二段,190巷,,,,476之1號,121.264941262951,24.9140312530926
桃園市大溪區南興里1鄰仁和路二段190巷478號,68,6800300,6800300-021,1鄰,仁和路,二段,190巷,,,,478號,121.265059602739,24.9140479259716
桃園市大溪區南興里1鄰仁和路二段190巷480號,68,6800300,6800300-021,1鄰,仁和路,二段,190巷,,,,480號,121.265117367354,24.914163025988
桃園市大溪區南興里1鄰仁和路二段190巷482號,68,6800300,6800300-021,1鄰,仁和路,二段,190巷,,,,482號,121.265079299581,24.9142776643541
桃園市大溪區南興里2鄰仁和路二段190巷508之7號,68,6800300,6800300-021,2鄰,仁和路,二段,190巷,,,,508之7號,121.265521180434,24.913651750218
桃園市大溪區南興里2鄰仁和路二段190巷508之2號,68,6800300,6800300-021,2鄰,仁和路,二段,190巷,,,,508之2號,121.265430141651,24.9138093679905
桃園市大溪區南興里2鄰仁和路二段190巷508之3號,68,6800300,6800300-021,2鄰,仁和路,二段,190巷,,,,508之3號,121.265505318519,24.9137339371182
桃園市大溪區南興里2鄰仁和路二段190巷508之1號,68,6800300,6800300-021,2鄰,仁和路,二段,190巷,,,,508之1號,121.265414090373,24.9139881593547
桃園市大溪區南興里2鄰仁和路二段190巷508之6號,68,6800300,6800300-021,2鄰,仁和路,二段,190巷,,,,508之6號,121.265404811793,24.9138621390663
桃園市大溪區南興里2鄰仁和路二段190巷508之5號,68,6800300,6800300-021,2鄰,仁和路,二段,190巷,,,,508之5號,121.265648277251,24.9136433983064
桃園市大溪區南興里2鄰仁和路二段190巷546號,68,6800300,6800300-021,2鄰,仁和路,二段,190巷,,,,546號,121.266639263997,24.9134624156614
桃園市大溪區南興里2鄰仁和路二段190巷552號,68,6800300,6800300-021,2鄰,仁和路,二段,190巷,,,,552號,121.266865178789,24.9134161471999
桃園市大溪區南興里4鄰仁和路二段190巷562號,68,6800300,6800300-021,4鄰,仁和路,二段,190巷,,,,562號,121.267100524069,24.9134278239899
桃園市大溪區南興里4鄰仁和路二段190巷580號,68,6800300,6800300-021,4鄰,仁和路,二段,190巷,,,,580號,121.268290316035,24.9127067550399
桃園市大溪區南興里4鄰仁和路二段190巷581之7號,68,6800300,6800300-021,4鄰,仁和路,二段,190巷,,,,581之7號,121.269024467722,24.9134739319984
桃園市大溪區南興里4鄰仁和路二段190巷581之1號,68,6800300,6800300-021,4鄰,仁和路,二段,190巷,,,,581之1號,121.268673709084,24.9131970305602
桃園市大溪區南興里4鄰仁和路二段190巷598號,68,6800300,6800300-021,4鄰,仁和路,二段,190巷,,,,598號,121.268911028229,24.9125666897305
桃園市大溪區南興里4鄰仁和路二段190巷602弄12號,68,6800300,6800300-021,4鄰,仁和路,二段,190巷,602弄,,,12號,121.268674969085,24.9120876155368
桃園市大溪區南興里4鄰仁和路二段190巷605之3號,68,6800300,6800300-021,4鄰,仁和路,二段,190巷,,,,605之3號,121.270947665125,24.9126339671508
桃園市大溪區南興里4鄰仁和路二段190巷616號,68,6800300,6800300-021,4鄰,仁和路,二段,190巷,,,,616號,121.269968920326,24.9122475197762
桃園市大溪區南興里11鄰仁和路二段192號,68,6800300,6800300-021,11鄰,仁和路,二段,,,,,192號,121.265061036999,24.903783862123
桃園市大溪區南興里13鄰仁和路二段193號,68,6800300,6800300-021,13鄰,仁和路,二段,,,,,193號,121.26469118949,24.9036832197265
桃園市大溪區南興里11鄰仁和路二段194號,68,6800300,6800300-021,11鄰,仁和路,二段,,,,,194號,121.265024819305,24.9037899755205
桃園市大溪區南興里13鄰仁和路二段195號,68,6800300,6800300-021,13鄰,仁和路,二段,,,,,195號,121.264659058922,24.90370268787
桃園市大溪區南興里11鄰仁和路二段196號,68,6800300,6800300-021,11鄰,仁和路,二段,,,,,196號,121.264983952899,24.9037979028537
桃園市大溪區南興里13鄰仁和路二段197號,68,6800300,6800300-021,13鄰,仁和路,二段,,,,,197號,121.264621475961,24.903718464019
桃園市大溪區南興里11鄰仁和路二段198號,68,6800300,6800300-021,11鄰,仁和路,二段,,,,,198號,121.264943006771,24.9038148587539
桃園市大溪區南興里13鄰仁和路二段199號,68,6800300,6800300-021,13鄰,仁和路,二段,,,,,199號,121.264574507161,24.9037428338194
桃園市大溪區南興里11鄰仁和路二段200號,68,6800300,6800300-021,11鄰,仁和路,二段,,,,,200號,121.264899466251,24.9038221588225
桃園市大溪區南興里13鄰仁和路二段201號,68,6800300,6800300-021,13鄰,仁和路,二段,,,,,201號,121.264540987993,24.903761040419
桃園市大溪區南興里11鄰仁和路二段202號,68,6800300,6800300-021,11鄰,仁和路,二段,,,,,202號,121.264855149407,24.9038367732903
桃園市大溪區南興里13鄰仁和路二段203號,68,6800300,6800300-021,13鄰,仁和路,二段,,,,,203號,121.264494037249,24.9037938968927
桃園市大溪區南興里11鄰仁和路二段204號,68,6800300,6800300-021,11鄰,仁和路,二段,,,,,204號,121.264816290148,24.9038575173942
桃園市大溪區南興里13鄰仁和路二段205號,68,6800300,6800300-021,13鄰,仁和路,二段,,,,,205號,121.264456555924,24.9038109368012
桃園市大溪區南興里11鄰仁和路二段206號,68,6800300,6800300-021,11鄰,仁和路,二段,,,,,206號,121.264769313436,24.9038781856106
桃園市大溪區南興里13鄰仁和路二段207號,68,6800300,6800300-021,13鄰,仁和路,二段,,,,,207號,121.264423039414,24.9038304073508
桃園市大溪區南興里11鄰仁和路二段208號,68,6800300,6800300-021,11鄰,仁和路,二段,,,,,208號,121.264730442207,24.9038933320828
桃園市大溪區南興里13鄰仁和路二段209號,68,6800300,6800300-021,13鄰,仁和路,二段,,,,,209號,121.264380129155,24.9038547698965
桃園市大溪區南興里11鄰仁和路二段210號,68,6800300,6800300-021,11鄰,仁和路,二段,,,,,210號,121.264683470667,24.903916437941
桃園市大溪區南興里13鄰仁和路二段211號,68,6800300,6800300-021,13鄰,仁和路,二段,,,,,211號,121.264337137965,24.9038876193038
桃園市大溪區南興里13鄰仁和路二段213號,68,6800300,6800300-021,13鄰,仁和路,二段,,,,,213號,121.26429966159,24.9039070065578
桃園市大溪區南興里13鄰仁和路二段215號,68,6800300,6800300-021,13鄰,仁和路,二段,,,,,215號,121.264260718796,24.9039350636992
桃園市大溪區南興里11鄰仁和路二段216號,68,6800300,6800300-021,11鄰,仁和路,二段,,,,,216號,121.264562849267,24.9039858097245
桃園市大溪區南興里13鄰仁和路二段217號,68,6800300,6800300-021,13鄰,仁和路,二段,,,,,217號,121.26422582923,24.9039605856894
桃園市大溪區南興里11鄰仁和路二段218號,68,6800300,6800300-021,11鄰,仁和路,二段,,,,,218號,121.264523903815,24.9040126029577
桃園市大溪區南興里13鄰仁和路二段219號,68,6800300,6800300-021,13鄰,仁和路,二段,,,,,219號,121.264181639692,24.9039885618186
桃園市大溪區南興里11鄰仁和路二段220號,68,6800300,6800300-021,11鄰,仁和路,二段,,,,,220號,121.264494444544,24.9040314343384
桃園市大溪區南興里13鄰仁和路二段221號,68,6800300,6800300-021,13鄰,仁和路,二段,,,,,221號,121.264148042165,24.9040165191805
桃園市大溪區南興里11鄰仁和路二段222號,68,6800300,6800300-021,11鄰,仁和路,二段,,,,,222號,121.264459547302,24.9040533450219
桃園市大溪區南興里13鄰仁和路二段223號,68,6800300,6800300-021,13鄰,仁和路,二段,,,,,223號,121.264114528049,24.9040371633535
桃園市大溪區南興里11鄰仁和路二段224號,68,6800300,6800300-021,11鄰,仁和路,二段,,,,,224號,121.264424650049,24.9040752556972
桃園市大溪區南興里11鄰仁和路二段226之1號,68,6800300,6800300-021,11鄰,仁和路,二段,,,,,226之1號,121.264468965605,24.904199318142
桃園市大溪區南興里11鄰仁和路二段228之1號,68,6800300,6800300-021,11鄰,仁和路,二段,,,,,228之1號,121.264599010072,24.9043708083989
桃園市大溪區南興里11鄰仁和路二段228之2號,68,6800300,6800300-021,11鄰,仁和路,二段,,,,,228之2號,121.264349534415,24.9041305525667
桃園市大溪區南興里11鄰仁和路二段228號,68,6800300,6800300-021,11鄰,仁和路,二段,,,,,228號,121.264525268682,24.9042813770874
桃園市大溪區南興里11鄰仁和路二段229號,68,6800300,6800300-021,11鄰,仁和路,二段,,,,,229號,121.26395893829,24.9041418074575
桃園市大溪區南興里11鄰仁和路二段230號,68,6800300,6800300-021,11鄰,仁和路,二段,,,,,230號,121.264266405628,24.9041883012712
桃園市大溪區南興里11鄰仁和路二段232號,68,6800300,6800300-021,11鄰,仁和路,二段,,,,,232號,121.264251192747,24.9042497215864
桃園市大溪區南興里11鄰仁和路二段232之1號,68,6800300,6800300-021,11鄰,仁和路,二段,,,,,232之1號,121.264206876249,24.9042646067148
桃園市大溪區南興里11鄰仁和路二段233號,68,6800300,6800300-021,11鄰,仁和路,二段,,,,,233號,121.263871851012,24.9042001949379
桃園市大溪區南興里11鄰仁和路二段236號,68,6800300,6800300-021,11鄰,仁和路,二段,,,,,236號,121.264168086716,24.9042717175878
桃園市大溪區南興里11鄰仁和路二段239號,68,6800300,6800300-021,11鄰,仁和路,二段,,,,,239號,121.26373095797,24.9043266616247
桃園市大溪區南興里11鄰仁和路二段241號,68,6800300,6800300-021,11鄰,仁和路,二段,,,,,241號,121.263698847804,24.9043558802371
桃園市大溪區南興里11鄰仁和路二段246巷20號,68,6800300,6800300-021,11鄰,仁和路,二段,246巷,,,,20號,121.263994202069,24.9048039808536
桃園市大溪區南興里11鄰仁和路二段246巷29號,68,6800300,6800300-021,11鄰,仁和路,二段,246巷,,,,29號,121.263880894165,24.9050545398468
桃園市大溪區南興里11鄰仁和路二段246巷30號,68,6800300,6800300-021,11鄰,仁和路,二段,246巷,,,,30號,121.264485357329,24.9048303767523
桃園市大溪區南興里11鄰仁和路二段246巷31號,68,6800300,6800300-021,11鄰,仁和路,二段,246巷,,,,31號,121.263886912583,24.9050916360707
桃園市大溪區南興里11鄰仁和路二段246巷33號,68,6800300,6800300-021,11鄰,仁和路,二段,246巷,,,,33號,121.263896994853,24.9051311627828
桃園市大溪區南興里11鄰仁和路二段246巷38弄1號,68,6800300,6800300-021,11鄰,仁和路,二段,246巷,38弄,,,1號,121.264039165751,24.9051396687962
桃園市大溪區南興里11鄰仁和路二段246巷38弄2號,68,6800300,6800300-021,11鄰,仁和路,二段,246巷,38弄,,,2號,121.263996214962,24.9050521689874
桃園市大溪區南興里11鄰仁和路二段246巷38弄3號,68,6800300,6800300-021,11鄰,仁和路,二段,246巷,38弄,,,3號,121.264085393976,24.9051391355452
桃園市大溪區南興里11鄰仁和路二段246巷38弄5號,68,6800300,6800300-021,11鄰,仁和路,二段,246巷,38弄,,,5號,121.264128955571,24.9051414961007
桃園市大溪區南興里11鄰仁和路二段246巷38弄6號,68,6800300,6800300-021,11鄰,仁和路,二段,246巷,38弄,,,6號,121.264042446805,24.9050533511462
桃園市大溪區南興里11鄰仁和路二段246巷38弄7號,68,6800300,6800300-021,11鄰,仁和路,二段,246巷,38弄,,,7號,121.264171918219,24.9051415103108
桃園市大溪區南興里11鄰仁和路二段246巷38弄8號,68,6800300,6800300-021,11鄰,仁和路,二段,246巷,38弄,,,8號,121.264084713791,24.9050521026321
桃園市大溪區南興里11鄰仁和路二段246巷38弄9號,68,6800300,6800300-021,11鄰,仁和路,二段,246巷,38弄,,,9號,121.264215476164,24.9051421554447
桃園市大溪區南興里11鄰仁和路二段246巷38弄10號,68,6800300,6800300-021,11鄰,仁和路,二段,246巷,38弄,,,10號,121.264130351876,24.9050533760991
桃園市大溪區南興里11鄰仁和路二段246巷38弄11號,68,6800300,6800300-021,11鄰,仁和路,二段,246巷,38弄,,,11號,121.264260419802,24.9051427078269
桃園市大溪區南興里11鄰仁和路二段246巷38弄12號,68,6800300,6800300-021,11鄰,仁和路,二段,246巷,38弄,,,12號,121.26417796307,24.9050514861057
桃園市大溪區南興里11鄰仁和路二段246巷38弄13號,68,6800300,6800300-021,11鄰,仁和路,二段,246巷,38弄,,,13號,121.264313352451,24.9052224254174
桃園市大溪區南興里11鄰仁和路二段246巷38弄15號,68,6800300,6800300-021,11鄰,仁和路,二段,246巷,38弄,,,15號,121.264353643692,24.9052230762987
桃園市大溪區南興里11鄰仁和路二段246巷38弄16號,68,6800300,6800300-021,11鄰,仁和路,二段,246巷,38弄,,,16號,121.264218155263,24.9050521371993
桃園市大溪區南興里11鄰仁和路二段246巷38弄17號,68,6800300,6800300-021,11鄰,仁和路,二段,246巷,38弄,,,17號,121.264396507183,24.9052230003353
桃園市大溪區南興里11鄰仁和路二段246巷38弄18號,68,6800300,6800300-021,11鄰,仁和路,二段,246巷,38弄,,,18號,121.264264383262,24.9050515136091
桃園市大溪區南興里11鄰仁和路二段246巷38弄19號,68,6800300,6800300-021,11鄰,仁和路,二段,246巷,38弄,,,19號,121.264440062463,24.9052223814273
桃園市大溪區南興里11鄰仁和路二段246巷38弄20號,68,6800300,6800300-021,11鄰,仁和路,二段,246巷,38弄,,,20號,121.264308036128,24.9050502625766
桃園市大溪區南興里11鄰仁和路二段246巷38弄21號,68,6800300,6800300-021,11鄰,仁和路,二段,246巷,38弄,,,21號,121.26448569792,24.9052223908089
桃園市大溪區南興里11鄰仁和路二段246巷38弄22號,68,6800300,6800300-021,11鄰,仁和路,二段,246巷,38弄,,,22號,121.264353573876,24.9050509041627
桃園市大溪區南興里11鄰仁和路二段246巷38弄23號,68,6800300,6800300-021,11鄰,仁和路,二段,246巷,38弄,,,23號,121.26452994364,24.9052205969539
桃園市大溪區南興里11鄰仁和路二段246巷38弄25號,68,6800300,6800300-021,11鄰,仁和路,二段,246巷,38弄,,,25號,121.264576265494,24.9052175354228
桃園市大溪區南興里11鄰仁和路二段246巷38弄26號,68,6800300,6800300-021,11鄰,仁和路,二段,246巷,38弄,,,26號,121.264403233275,24.9051275578546
桃園市大溪區南興里11鄰仁和路二段246巷38弄27號,68,6800300,6800300-021,11鄰,仁和路,二段,246巷,38弄,,,27號,121.264623191693,24.9052193481602
桃園市大溪區南興里11鄰仁和路二段246巷38弄28號,68,6800300,6800300-021,11鄰,仁和路,二段,246巷,38弄,,,28號,121.264443429341,24.9051300145675
桃園市大溪區南興里11鄰仁和路二段246巷38弄29號,68,6800300,6800300-021,11鄰,仁和路,二段,246巷,38弄,,,29號,121.264669417248,24.9052175507518
桃園市大溪區南興里11鄰仁和路二段246巷38弄30號,68,6800300,6800300-021,11鄰,仁和路,二段,246巷,38弄,,,30號,121.264487683881,24.9051323737898
桃園市大溪區南興里11鄰仁和路二段246巷38弄31號,68,6800300,6800300-021,11鄰,仁和路,二段,246巷,38弄,,,31號,121.26472306334,24.9052139344743
桃園市大溪區南興里11鄰仁和路二段246巷38弄32號,68,6800300,6800300-021,11鄰,仁和路,二段,246巷,38弄,,,32號,121.264531932264,24.9051318439106
桃園市大溪區南興里11鄰仁和路二段246巷38弄36號,68,6800300,6800300-021,11鄰,仁和路,二段,246巷,38弄,,,36號,121.264576874552,24.9051317642094
桃園市大溪區南興里11鄰仁和路二段246巷38弄38號,68,6800300,6800300-021,11鄰,仁和路,二段,246巷,38弄,,,38號,121.264623800911,24.9051336672309
桃園市大溪區南興里11鄰仁和路二段246巷38弄40號,68,6800300,6800300-021,11鄰,仁和路,二段,246巷,38弄,,,40號,121.264665380173,24.9051348574495
桃園市大溪區南興里11鄰仁和路二段246巷38弄42號,68,6800300,6800300-021,11鄰,仁和路,二段,246巷,38弄,,,42號,121.264716358458,24.9051335933007
桃園市大溪區南興里11鄰仁和路二段246巷39號,68,6800300,6800300-021,11鄰,仁和路,二段,246巷,,,,39號,121.263899609431,24.9051968851673
桃園市大溪區南興里11鄰仁和路二段246巷45弄1號,68,6800300,6800300-021,11鄰,仁和路,二段,246巷,45弄,,,1號,121.263876208986,24.9053185395851
桃園市大溪區南興里11鄰仁和路二段246巷45弄2號,68,6800300,6800300-021,11鄰,仁和路,二段,246巷,45弄,,,2號,121.263874786773,24.905394561525
桃園市大溪區南興里11鄰仁和路二段246巷45弄3號,68,6800300,6800300-021,11鄰,仁和路,二段,246巷,45弄,,,3號,121.263809781147,24.9053166708171
桃園市大溪區南興里11鄰仁和路二段246巷45弄5號,68,6800300,6800300-021,11鄰,仁和路,二段,246巷,45弄,,,5號,121.263752757739,24.9053148756768
桃園市大溪區南興里11鄰仁和路二段246巷45弄6號,68,6800300,6800300-021,11鄰,仁和路,二段,246巷,45弄,,,6號,121.263810441756,24.9053945850448
桃園市大溪區南興里11鄰仁和路二段246巷45弄7號,68,6800300,6800300-021,11鄰,仁和路,二段,246巷,45弄,,,7號,121.263696431113,24.90531488497
桃園市大溪區南興里11鄰仁和路二段246巷45弄8號,68,6800300,6800300-021,11鄰,仁和路,二段,246巷,45弄,,,8號,121.263752131224,24.9053927018963
桃園市大溪區南興里11鄰仁和路二段246巷45弄10號,68,6800300,6800300-021,11鄰,仁和路,二段,246巷,45弄,,,10號,121.26369847869,24.905393338453
桃園市大溪區南興里11鄰仁和路二段246巷46號,68,6800300,6800300-021,11鄰,仁和路,二段,246巷,,,,46號,121.264788817809,24.9051786068791
桃園市大溪區南興里11鄰仁和路二段246巷48號,68,6800300,6800300-021,11鄰,仁和路,二段,246巷,,,,48號,121.264246972171,24.9052893534353
桃園市大溪區南興里11鄰仁和路二段246巷50號,68,6800300,6800300-021,11鄰,仁和路,二段,246巷,,,,50號,121.264269093555,24.9053574789333
桃園市大溪區南興里11鄰仁和路二段246巷52弄36號,68,6800300,6800300-021,11鄰,仁和路,二段,246巷,52弄,,,36號,121.264485032097,24.9054673334285
桃園市大溪區南興里28鄰仁和路二段246巷55弄1號,68,6800300,6800300-021,28鄰,仁和路,二段,246巷,55弄,,,1號,121.263847985596,24.9054997901992
桃園市大溪區南興里28鄰仁和路二段246巷55弄1號二樓,68,6800300,6800300-021,28鄰,仁和路,二段,246巷,55弄,,,1號二樓,121.263847985596,24.9054997901992
桃園市大溪區南興里28鄰仁和路二段246巷55弄1號三樓,68,6800300,6800300-021,28鄰,仁和路,二段,246巷,55弄,,,1號三樓,121.263847985596,24.9054997901992
桃園市大溪區南興里28鄰仁和路二段246巷55弄1號四樓,68,6800300,6800300-021,28鄰,仁和路,二段,246巷,55弄,,,1號四樓,121.263847985596,24.9054997901992
桃園市大溪區南興里28鄰仁和路二段246巷55弄2號,68,6800300,6800300-021,28鄰,仁和路,二段,246巷,55弄,,,2號,121.263848242075,24.9056204096365
桃園市大溪區南興里28鄰仁和路二段246巷55弄2號二樓,68,6800300,6800300-021,28鄰,仁和路,二段,246巷,55弄,,,2號二樓,121.263848242075,24.9056204096365
桃園市大溪區南興里28鄰仁和路二段246巷55弄2號三樓,68,6800300,6800300-021,28鄰,仁和路,二段,246巷,55弄,,,2號三樓,121.263848242075,24.9056204096365
桃園市大溪區南興里28鄰仁和路二段246巷55弄2號四樓,68,6800300,6800300-021,28鄰,仁和路,二段,246巷,55弄,,,2號四樓,121.263848242075,24.9056204096365
桃園市大溪區南興里28鄰仁和路二段246巷55弄3號,68,6800300,6800300-021,28鄰,仁和路,二段,246巷,55弄,,,3號,121.263754833625,24.905499774359
桃園市大溪區南興里28鄰仁和路二段246巷55弄3號二樓,68,6800300,6800300-021,28鄰,仁和路,二段,246巷,55弄,,,3號二樓,121.263754833625,24.905499774359
桃園市大溪區南興里28鄰仁和路二段246巷55弄3號三樓,68,6800300,6800300-021,28鄰,仁和路,二段,246巷,55弄,,,3號三樓,121.263754833625,24.905499774359
桃園市大溪區南興里28鄰仁和路二段246巷55弄3號四樓,68,6800300,6800300-021,28鄰,仁和路,二段,246巷,55弄,,,3號四樓,121.263754833625,24.905499774359
桃園市大溪區南興里28鄰仁和路二段246巷55弄6號,68,6800300,6800300-021,28鄰,仁和路,二段,246巷,55弄,,,6號,121.2637550856,24.905618317265
桃園市大溪區南興里28鄰仁和路二段246巷55弄6號二樓,68,6800300,6800300-021,28鄰,仁和路,二段,246巷,55弄,,,6號二樓,121.2637550856,24.905618317265
桃園市大溪區南興里28鄰仁和路二段246巷55弄6號三樓,68,6800300,6800300-021,28鄰,仁和路,二段,246巷,55弄,,,6號三樓,121.2637550856,24.905618317265
桃園市大溪區南興里28鄰仁和路二段246巷55弄6號四樓,68,6800300,6800300-021,28鄰,仁和路,二段,246巷,55弄,,,6號四樓,121.2637550856,24.905618317265
桃園市大溪區南興里11鄰仁和路二段246巷56號,68,6800300,6800300-021,11鄰,仁和路,二段,246巷,,,,56號,121.264014323924,24.9053282264916
桃園市大溪區南興里28鄰仁和路二段246巷80號,68,6800300,6800300-021,28鄰,仁和路,二段,246巷,,,,80號,121.263995494666,24.9055976683148
桃園市大溪區南興里28鄰仁和路二段246巷82號,68,6800300,6800300-021,28鄰,仁和路,二段,246巷,,,,82號,121.263994872337,24.9056773904953
桃園市大溪區南興里28鄰仁和路二段246巷88號,68,6800300,6800300-021,28鄰,仁和路,二段,246巷,,,,88號,121.264046438703,24.9058128160338
桃園市大溪區南興里28鄰仁和路二段246巷88號二樓,68,6800300,6800300-021,28鄰,仁和路,二段,246巷,,,,88號二樓,121.264046438703,24.9058128160338
桃園市大溪區南興里28鄰仁和路二段246巷88號三樓,68,6800300,6800300-021,28鄰,仁和路,二段,246巷,,,,88號三樓,121.264046438703,24.9058128160338
桃園市大溪區南興里28鄰仁和路二段246巷88號五樓,68,6800300,6800300-021,28鄰,仁和路,二段,246巷,,,,88號五樓,121.264046438703,24.9058128160338
桃園市大溪區南興里28鄰仁和路二段246巷88號四樓,68,6800300,6800300-021,28鄰,仁和路,二段,246巷,,,,88號四樓,121.264046438703,24.9058128160338
桃園市大溪區南興里28鄰仁和路二段246巷90號,68,6800300,6800300-021,28鄰,仁和路,二段,246巷,,,,90號,121.264132250866,24.9058059830763
桃園市大溪區南興里28鄰仁和路二段246巷90號二樓,68,6800300,6800300-021,28鄰,仁和路,二段,246巷,,,,90號二樓,121.264132250866,24.9058059830763
桃園市大溪區南興里28鄰仁和路二段246巷90號三樓,68,6800300,6800300-021,28鄰,仁和路,二段,246巷,,,,90號三樓,121.264132250866,24.9058059830763
桃園市大溪區南興里28鄰仁和路二段246巷90號五樓,68,6800300,6800300-021,28鄰,仁和路,二段,246巷,,,,90號五樓,121.264132250866,24.9058059830763
桃園市大溪區南興里28鄰仁和路二段246巷90號四樓,68,6800300,6800300-021,28鄰,仁和路,二段,246巷,,,,90號四樓,121.264132250866,24.9058059830763
桃園市大溪區南興里28鄰仁和路二段246巷92號,68,6800300,6800300-021,28鄰,仁和路,二段,246巷,,,,92號,121.264200833542,24.9057969234767
桃園市大溪區南興里28鄰仁和路二段246巷92號二樓,68,6800300,6800300-021,28鄰,仁和路,二段,246巷,,,,92號二樓,121.264200833542,24.9057969234767
桃園市大溪區南興里28鄰仁和路二段246巷92號三樓,68,6800300,6800300-021,28鄰,仁和路,二段,246巷,,,,92號三樓,121.264200833542,24.9057969234767
桃園市大溪區南興里28鄰仁和路二段246巷92號五樓,68,6800300,6800300-021,28鄰,仁和路,二段,246巷,,,,92號五樓,121.264200833542,24.9057969234767
桃園市大溪區南興里28鄰仁和路二段246巷92號四樓,68,6800300,6800300-021,28鄰,仁和路,二段,246巷,,,,92號四樓,121.264200833542,24.9057969234767
桃園市大溪區南興里28鄰仁和路二段246巷96號,68,6800300,6800300-021,28鄰,仁和路,二段,246巷,,,,96號,121.264259738801,24.9057990762479
桃園市大溪區南興里28鄰仁和路二段246巷96號二樓,68,6800300,6800300-021,28鄰,仁和路,二段,246巷,,,,96號二樓,121.264259738801,24.9057990762479
桃園市大溪區南興里28鄰仁和路二段246巷96號三樓,68,6800300,6800300-021,28鄰,仁和路,二段,246巷,,,,96號三樓,121.264259738801,24.9057990762479
桃園市大溪區南興里28鄰仁和路二段246巷96號五樓,68,6800300,6800300-021,28鄰,仁和路,二段,246巷,,,,96號五樓,121.264259738801,24.9057990762479
桃園市大溪區南興里28鄰仁和路二段246巷96號四樓,68,6800300,6800300-021,28鄰,仁和路,二段,246巷,,,,96號四樓,121.264259738801,24.9057990762479
桃園市大溪區南興里28鄰仁和路二段246巷100號,68,6800300,6800300-021,28鄰,仁和路,二段,246巷,,,,100號,121.264044847232,24.9059022906366
桃園市大溪區南興里10鄰仁和路二段246巷108號,68,6800300,6800300-021,10鄰,仁和路,二段,246巷,,,,108號,121.264133162853,24.9060483949245
桃園市大溪區南興里11鄰仁和路二段252號,68,6800300,6800300-021,11鄰,仁和路,二段,,,,,252號,121.263742720768,24.9045514488946
桃園市大溪區南興里11鄰仁和路二段254號,68,6800300,6800300-021,11鄰,仁和路,二段,,,,,254號,121.263712578671,24.9045751566839
桃園市大溪區南興里11鄰仁和路二段256號,68,6800300,6800300-021,11鄰,仁和路,二段,,,,,256號,121.263674333463,24.9046055598322
桃園市大溪區南興里11鄰仁和路二段258號,68,6800300,6800300-021,11鄰,仁和路,二段,,,,,258號,121.263632713512,24.9046317255697
桃園市大溪區南興里11鄰仁和路二段260號,68,6800300,6800300-021,11鄰,仁和路,二段,,,,,260號,121.263598524424,24.9046609478339
桃園市大溪區南興里11鄰仁和路二段262號,68,6800300,6800300-021,11鄰,仁和路,二段,,,,,262號,121.263562344943,24.9046852079668
桃園市大溪區南興里11鄰仁和路二段264號,68,6800300,6800300-021,11鄰,仁和路,二段,,,,,264號,121.263522810282,24.9047144396578
桃園市大溪區南興里11鄰仁和路二段266號,68,6800300,6800300-021,11鄰,仁和路,二段,,,,,266號,121.263487921687,24.904740593464
桃園市大溪區南興里11鄰仁和路二段268號,68,6800300,6800300-021,11鄰,仁和路,二段,,,,,268號,121.263451747528,24.9047673815228
桃園市大溪區南興里11鄰仁和路二段270號,68,6800300,6800300-021,11鄰,仁和路,二段,,,,,270號,121.263414787745,24.9047971503441
桃園市大溪區南興里11鄰仁和路二段272號,68,6800300,6800300-021,11鄰,仁和路,二段,,,,,272號,121.263373274332,24.9048269271955
桃園市大溪區南興里11鄰仁和路二段274號,68,6800300,6800300-021,11鄰,仁和路,二段,,,,,274號,121.263336408523,24.9048543484381
桃園市大溪區南興里11鄰仁和路二段275巷1號,68,6800300,6800300-021,11鄰,仁和路,二段,275巷,,,,1號,121.262076716684,24.9052672703411
桃園市大溪區南興里11鄰仁和路二段275巷2號,68,6800300,6800300-021,11鄰,仁和路,二段,275巷,,,,2號,121.262030143332,24.9052919095007
桃園市大溪區南興里11鄰仁和路二段276號,68,6800300,6800300-021,11鄰,仁和路,二段,,,,,276號,121.263300136456,24.9048816783392
桃園市大溪區南興里11鄰仁和路二段277號,68,6800300,6800300-021,11鄰,仁和路,二段,,,,,277號,121.262216783338,24.905451114014
桃園市大溪區南興里11鄰仁和路二段278號,68,6800300,6800300-021,11鄰,仁和路,二段,,,,,278號,121.263262576332,24.9049084687984
桃園市大溪區南興里11鄰仁和路二段279號,68,6800300,6800300-021,11鄰,仁和路,二段,,,,,279號,121.262183881922,24.9054809656814
桃園市大溪區南興里11鄰仁和路二段280號,68,6800300,6800300-021,11鄰,仁和路,二段,,,,,280號,121.263227097507,24.9049364292724
桃園市大溪區南興里11鄰仁和路二段281號,68,6800300,6800300-021,11鄰,仁和路,二段,,,,,281號,121.262147303857,24.9055042330444
桃園市大溪區南興里11鄰仁和路二段282號,68,6800300,6800300-021,11鄰,仁和路,二段,,,,,282號,121.2631895385,24.9049637614175
桃園市大溪區南興里11鄰仁和路二段283號,68,6800300,6800300-021,11鄰,仁和路,二段,,,,,283號,121.262108352255,24.9055285879812
桃園市大溪區南興里11鄰仁和路二段284號,68,6800300,6800300-021,11鄰,仁和路,二段,,,,,284號,121.263155349215,24.9049929835804
桃園市大溪區南興里11鄰仁和路二段285號,68,6800300,6800300-021,11鄰,仁和路,二段,,,,,285號,121.262075436682,24.9055517586071
桃園市大溪區南興里11鄰仁和路二段286號,68,6800300,6800300-021,11鄰,仁和路,二段,,,,,286號,121.263120459123,24.9050185053128
桃園市大溪區南興里11鄰仁和路二段287巷1號,68,6800300,6800300-021,11鄰,仁和路,二段,287巷,,,,1號,121.261906162334,24.9054593338581
桃園市大溪區南興里11鄰仁和路二段287巷2號,68,6800300,6800300-021,11鄰,仁和路,二段,287巷,,,,2號,121.261865919037,24.9054814338907
桃園市大溪區南興里11鄰仁和路二段287巷3號,68,6800300,6800300-021,11鄰,仁和路,二段,287巷,,,,3號,121.261834211339,24.9055140822012
桃園市大溪區南興里11鄰仁和路二段287巷4號,68,6800300,6800300-021,11鄰,仁和路,二段,287巷,,,,4號,121.261795765109,24.9055434018094
桃園市大溪區南興里11鄰仁和路二段289號,68,6800300,6800300-021,11鄰,仁和路,二段,,,,,289號,121.262016914908,24.9055905031129
桃園市大溪區南興里11鄰仁和路二段291號,68,6800300,6800300-021,11鄰,仁和路,二段,,,,,291號,121.261980350694,24.9056203611688
桃園市大溪區南興里11鄰仁和路二段292號,68,6800300,6800300-021,11鄰,仁和路,二段,,,,,292號,121.262985631085,24.9051115553824
桃園市大溪區南興里11鄰仁和路二段293號,68,6800300,6800300-021,11鄰,仁和路,二段,,,,,293號,121.261944971892,24.9056490434376
桃園市大溪區南興里11鄰仁和路二段295號,68,6800300,6800300-021,11鄰,仁和路,二段,,,,,295號,121.261904731018,24.9056723171729
桃園市大溪區南興里11鄰仁和路二段298號,68,6800300,6800300-021,11鄰,仁和路,二段,,,,,298號,121.26297467428,24.9053131796688
桃園市大溪區南興里11鄰仁和路二段300號,68,6800300,6800300-021,11鄰,仁和路,二段,,,,,300號,121.26337032345,24.9053488662758
桃園市大溪區南興里11鄰仁和路二段303號,68,6800300,6800300-021,11鄰,仁和路,二段,,,,,303號,121.261763318574,24.9057889419171
桃園市大溪區南興里11鄰仁和路二段305號,68,6800300,6800300-021,11鄰,仁和路,二段,,,,,305號,121.261729118251,24.9058131981333
桃園市大溪區南興里11鄰仁和路二段307號,68,6800300,6800300-021,11鄰,仁和路,二段,,,,,307號,121.261691354378,24.9058375508775
桃園市大溪區南興里11鄰仁和路二段309號,68,6800300,6800300-021,11鄰,仁和路,二段,,,,,309號,121.261651108636,24.9058585674441
桃園市大溪區南興里11鄰仁和路二段311巷5號,68,6800300,6800300-021,11鄰,仁和路,二段,311巷,,,,5號,121.26149690382,24.9056360160415
桃園市大溪區南興里11鄰仁和路二段311巷7號,68,6800300,6800300-021,11鄰,仁和路,二段,311巷,,,,7號,121.26146916614,24.9056736229551
桃園市大溪區南興里11鄰仁和路二段313號,68,6800300,6800300-021,11鄰,仁和路,二段,,,,,313號,121.261602320393,24.9059127333394
桃園市大溪區南興里11鄰仁和路二段315號,68,6800300,6800300-021,11鄰,仁和路,二段,,,,,315號,121.261562090979,24.905941514308
桃園市大溪區南興里11鄰仁和路二段317號,68,6800300,6800300-021,11鄰,仁和路,二段,,,,,317號,121.261520659554,24.9059636163307
桃園市大溪區南興里11鄰仁和路二段319號,68,6800300,6800300-021,11鄰,仁和路,二段,,,,,319號,121.261480430103,24.9059923972774
桃園市大溪區南興里11鄰仁和路二段327號,68,6800300,6800300-021,11鄰,仁和路,二段,,,,,327號,121.261280288516,24.9058618356436
桃園市大溪區南興里11鄰仁和路二段329號,68,6800300,6800300-021,11鄰,仁和路,二段,,,,,329號,121.26124852711,24.9058220758684
桃園市大溪區南興里11鄰仁和路二段330號,68,6800300,6800300-021,11鄰,仁和路,二段,,,,,330號,121.262194684977,24.9058149988122
桃園市大溪區南興里11鄰仁和路二段349號,68,6800300,6800300-021,11鄰,仁和路,二段,,,,,349號,121.260387768457,24.9056254969268
桃園市大溪區南興里11鄰仁和路二段349號十樓,68,6800300,6800300-021,11鄰,仁和路,二段,,,,,349號十樓,121.260387768457,24.9056254969268
桃園市大溪區南興里11鄰仁和路二段349號六樓,68,6800300,6800300-021,11鄰,仁和路,二段,,,,,349號六樓,121.260387768457,24.9056254969268
桃園市大溪區南興里11鄰仁和路二段349號二樓,68,6800300,6800300-021,11鄰,仁和路,二段,,,,,349號二樓,121.260387768457,24.9056254969268
桃園市大溪區南興里11鄰仁和路二段349號五樓之1,68,6800300,6800300-021,11鄰,仁和路,二段,,,,,349號五樓之1,121.260387768457,24.9056254969268
桃園市大溪區南興里11鄰仁和路二段349號四樓,68,6800300,6800300-021,11鄰,仁和路,二段,,,,,349號四樓,121.260387768457,24.9056254969268
桃園市大溪區南興里11鄰仁和路二段349號五樓,68,6800300,6800300-021,11鄰,仁和路,二段,,,,,349號五樓,121.260387768457,24.9056254969268
桃園市大溪區南興里11鄰仁和路二段349號七樓,68,6800300,6800300-021,11鄰,仁和路,二段,,,,,349號七樓,121.260387768457,24.9056254969268
桃園市大溪區南興里11鄰仁和路二段350號,68,6800300,6800300-021,11鄰,仁和路,二段,,,,,350號,121.261966545059,24.9061145116863
桃園市大溪區南興里9鄰仁和路二段365號,68,6800300,6800300-021,9鄰,仁和路,二段,,,,,365號,121.260224267136,24.9069163971261
桃園市大溪區南興里9鄰仁和路二段365號三樓,68,6800300,6800300-021,9鄰,仁和路,二段,,,,,365號三樓,121.260224267136,24.9069163971261
桃園市大溪區南興里9鄰仁和路二段365號四樓,68,6800300,6800300-021,9鄰,仁和路,二段,,,,,365號四樓,121.260224267136,24.9069163971261
桃園市大溪區南興里9鄰仁和路二段365號五樓,68,6800300,6800300-021,9鄰,仁和路,二段,,,,,365號五樓,121.260224267136,24.9069163971261
桃園市大溪區南興里28鄰仁和路二段368號,68,6800300,6800300-021,28鄰,仁和路,二段,,,,,368號,121.261047351877,24.9067527180307
桃園市大溪區南興里28鄰仁和路二段372號,68,6800300,6800300-021,28鄰,仁和路,二段,,,,,372號,121.261049794401,24.9070667227128
桃園市大溪區南興里9鄰仁和路二段375巷85號,68,6800300,6800300-021,9鄰,仁和路,二段,375巷,,,,85號,121.257326409732,24.9063357495363
桃園市大溪區南興里9鄰仁和路二段375巷97號,68,6800300,6800300-021,9鄰,仁和路,二段,375巷,,,,97號,121.256961782042,24.9061272794722
桃園市大溪區南興里8鄰仁和路二段375巷222弄5號,68,6800300,6800300-021,8鄰,仁和路,二段,375巷,222弄,,,5號,121.255047273049,24.9060870479822
桃園市大溪區南興里8鄰仁和路二段375巷222弄7號,68,6800300,6800300-021,8鄰,仁和路,二段,375巷,222弄,,,7號,121.255123341819,24.9062038361816
桃園市大溪區南興里8鄰仁和路二段375巷222弄17號,68,6800300,6800300-021,8鄰,仁和路,二段,375巷,222弄,,,17號,121.255155442129,24.9063130253802
桃園市大溪區南興里8鄰仁和路二段375巷222弄19號,68,6800300,6800300-021,8鄰,仁和路,二段,375巷,222弄,,,19號,121.255164279345,24.9064223446484
桃園市大溪區南興里8鄰仁和路二段375巷222弄37之2號,68,6800300,6800300-021,8鄰,仁和路,二段,375巷,222弄,,,37之2號,121.255120083162,24.9069781205765
桃園市大溪區南興里9鄰仁和路二段375巷225弄50之1號,68,6800300,6800300-021,9鄰,仁和路,二段,375巷,225弄,,,50之1號,121.253812679161,24.9064003639797
桃園市大溪區南興里9鄰仁和路二段375巷225弄56號,68,6800300,6800300-021,9鄰,仁和路,二段,375巷,225弄,,,56號,121.25476640228,24.9049646609474
桃園市大溪區南興里9鄰仁和路二段375巷225弄75之1號,68,6800300,6800300-021,9鄰,仁和路,二段,375巷,225弄,,,75之1號,121.255079489549,24.9049044479445
桃園市大溪區南興里9鄰仁和路二段375巷225弄75號,68,6800300,6800300-021,9鄰,仁和路,二段,375巷,225弄,,,75號,121.255166029218,24.9047700470458
桃園市大溪區南興里9鄰仁和路二段375巷225弄75號二樓,68,6800300,6800300-021,9鄰,仁和路,二段,375巷,225弄,,,75號二樓,121.255166029218,24.9047700470458
桃園市大溪區南興里9鄰仁和路二段375巷225弄88號,68,6800300,6800300-021,9鄰,仁和路,二段,375巷,225弄,,,88號,121.254980960436,24.9045998162498
桃園市大溪區南興里9鄰仁和路二段375巷225弄90之1號,68,6800300,6800300-021,9鄰,仁和路,二段,375巷,225弄,,,90之1號,121.254726143643,24.9044975982004
桃園市大溪區南興里8鄰仁和路二段375巷230號,68,6800300,6800300-021,8鄰,仁和路,二段,375巷,,,,230號,121.254909118482,24.9061545459914
桃園市大溪區南興里8鄰仁和路二段375巷232號,68,6800300,6800300-021,8鄰,仁和路,二段,375巷,,,,232號,121.254614695872,24.9059531729245
桃園市大溪區南興里8鄰仁和路二段375巷236號,68,6800300,6800300-021,8鄰,仁和路,二段,375巷,,,,236號,121.254462628678,24.9059462999321
桃園市大溪區南興里9鄰仁和路二段383號,68,6800300,6800300-021,9鄰,仁和路,二段,,,,,383號,121.259817848413,24.9072235306451
桃園市大溪區南興里9鄰仁和路二段385號,68,6800300,6800300-021,9鄰,仁和路,二段,,,,,385號,121.259776434771,24.9072544800194
桃園市大溪區南興里9鄰仁和路二段387號,68,6800300,6800300-021,9鄰,仁和路,二段,,,,,387號,121.259738091611,24.907286236595
桃園市大溪區南興里9鄰仁和路二段389號,68,6800300,6800300-021,9鄰,仁和路,二段,,,,,389號,121.25970398966,24.9073105824602
桃園市大溪區南興里9鄰仁和路二段391號,68,6800300,6800300-021,9鄰,仁和路,二段,,,,,391號,121.259671089413,24.9073415169832
桃園市大溪區南興里28鄰仁和路二段392號,68,6800300,6800300-021,28鄰,仁和路,二段,,,,,392號,121.260317464049,24.9071260553428
桃園市大溪區南興里9鄰仁和路二段393號,68,6800300,6800300-021,9鄰,仁和路,二段,,,,,393號,121.25963679757,24.9073697453906
桃園市大溪區南興里28鄰仁和路二段394號,68,6800300,6800300-021,28鄰,仁和路,二段,,,,,394號,121.260274766113,24.9071581807926
桃園市大溪區南興里28鄰仁和路二段396號,68,6800300,6800300-021,28鄰,仁和路,二段,,,,,396號,121.26024185677,24.9071846915238
桃園市大溪區南興里9鄰仁和路二段397號,68,6800300,6800300-021,9鄰,仁和路,二段,,,,,397號,121.259600223002,24.907395178948
桃園市大溪區南興里9鄰仁和路二段397之1號,68,6800300,6800300-021,9鄰,仁和路,二段,,,,,397之1號,121.259558717054,24.9074293786591
桃園市大溪區南興里28鄰仁和路二段398號,68,6800300,6800300-021,28鄰,仁和路,二段,,,,,398號,121.260200429427,24.9072090502819
桃園市大溪區南興里9鄰仁和路二段399號,68,6800300,6800300-021,9鄰,仁和路,二段,,,,,399號,121.259481907521,24.9074814257906
桃園市大溪區南興里28鄰仁和路二段400號,68,6800300,6800300-021,28鄰,仁和路,二段,,,,,400號,121.260162575111,24.9072378267298
桃園市大溪區南興里9鄰仁和路二段403巷22號,68,6800300,6800300-021,9鄰,仁和路,二段,403巷,,,,22號,121.259125013802,24.9071874483563
桃園市大溪區南興里9鄰仁和路二段403巷23號,68,6800300,6800300-021,9鄰,仁和路,二段,403巷,,,,23號,121.259177414336,24.9071083585128
桃園市大溪區南興里9鄰仁和路二段403巷25號,68,6800300,6800300-021,9鄰,仁和路,二段,403巷,,,,25號,121.259073217811,24.9070819959148
桃園市大溪區南興里9鄰仁和路二段403巷26號,68,6800300,6800300-021,9鄰,仁和路,二段,403巷,,,,26號,121.259084206608,24.9071770462529
桃園市大溪區南興里9鄰仁和路二段403巷27號,68,6800300,6800300-021,9鄰,仁和路,二段,403巷,,,,27號,121.2590232005,24.9070698041029
桃園市大溪區南興里9鄰仁和路二段403巷28號,68,6800300,6800300-021,9鄰,仁和路,二段,403巷,,,,28號,121.259042106663,24.9071638475684
桃園市大溪區南興里9鄰仁和路二段403巷29號,68,6800300,6800300-021,9鄰,仁和路,二段,403巷,,,,29號,121.258976946267,24.9070582377314
桃園市大溪區南興里9鄰仁和路二段403巷30號,68,6800300,6800300-021,9鄰,仁和路,二段,403巷,,,,30號,121.258998817486,24.9071500189462
桃園市大溪區南興里9鄰仁和路二段403巷31號,68,6800300,6800300-021,9鄰,仁和路,二段,403巷,,,,31號,121.25893237022,24.9070444113236
桃園市大溪區南興里9鄰仁和路二段403巷32號,68,6800300,6800300-021,9鄰,仁和路,二段,403巷,,,,32號,121.258958011258,24.9071400682282
桃園市大溪區南興里9鄰仁和路二段403巷33號,68,6800300,6800300-021,9鄰,仁和路,二段,403巷,,,,33號,121.2588830425,24.907030593149
桃園市大溪區南興里9鄰仁和路二段403巷35號,68,6800300,6800300-021,9鄰,仁和路,二段,403巷,,,,35號,121.258832829501,24.9070194850248
桃園市大溪區南興里9鄰仁和路二段403巷36號,68,6800300,6800300-021,9鄰,仁和路,二段,403巷,,,,36號,121.258911063862,24.9071284127555
桃園市大溪區南興里9鄰仁和路二段403巷37號,68,6800300,6800300-021,9鄰,仁和路,二段,403巷,,,,37號,121.258787071401,24.9070084594394
桃園市大溪區南興里9鄰仁和路二段403巷38號,68,6800300,6800300-021,9鄰,仁和路,二段,403巷,,,,38號,121.258868967342,24.9071168391342
桃園市大溪區南興里9鄰仁和路二段403巷39號,68,6800300,6800300-021,9鄰,仁和路,二段,403巷,,,,39號,121.258740418603,24.9069956297047
桃園市大溪區南興里9鄰仁和路二段403巷40號,68,6800300,6800300-021,9鄰,仁和路,二段,403巷,,,,40號,121.25882855353,24.9071051722969
桃園市大溪區南興里9鄰仁和路二段403巷41號,68,6800300,6800300-021,9鄰,仁和路,二段,403巷,,,,41號,121.258692180979,24.9069823512819
桃園市大溪區南興里9鄰仁和路二段403巷42號,68,6800300,6800300-021,9鄰,仁和路,二段,403巷,,,,42號,121.258785863065,24.9070935996826
桃園市大溪區南興里9鄰仁和路二段403巷43號,68,6800300,6800300-021,9鄰,仁和路,二段,403巷,,,,43號,121.258640379606,24.9069690790226
桃園市大溪區南興里9鄰仁和路二段403巷45號,68,6800300,6800300-021,9鄰,仁和路,二段,403巷,,,,45號,121.25859649771,24.9069557930164
桃園市大溪區南興里9鄰仁和路二段403巷46號,68,6800300,6800300-021,9鄰,仁和路,二段,403巷,,,,46號,121.258740701161,24.9070836564612
桃園市大溪區南興里9鄰仁和路二段403巷47號,68,6800300,6800300-021,9鄰,仁和路,二段,403巷,,,,47號,121.258548361556,24.9069436880676
桃園市大溪區南興里9鄰仁和路二段403巷48號,68,6800300,6800300-021,9鄰,仁和路,二段,403巷,,,,48號,121.258699795793,24.9070736155598
桃園市大溪區南興里9鄰仁和路二段403巷49號,68,6800300,6800300-021,9鄰,仁和路,二段,403巷,,,,49號,121.25850042321,24.9069314924761
桃園市大溪區南興里9鄰仁和路二段403巷50號,68,6800300,6800300-021,9鄰,仁和路,二段,403巷,,,,50號,121.258654629198,24.9070614152115
桃園市大溪區南興里9鄰仁和路二段403巷51號,68,6800300,6800300-021,9鄰,仁和路,二段,403巷,,,,51號,121.258454069895,24.906919835829
桃園市大溪區南興里9鄰仁和路二段403巷52號,68,6800300,6800300-021,9鄰,仁和路,二段,403巷,,,,52號,121.258611343486,24.9070492115886
桃園市大溪區南興里9鄰仁和路二段403巷53號,68,6800300,6800300-021,9鄰,仁和路,二段,403巷,,,,53號,121.258405335108,24.9069054747621
桃園市大溪區南興里9鄰仁和路二段403巷55號,68,6800300,6800300-021,9鄰,仁和路,二段,403巷,,,,55號,121.258345016991,24.9068905920343
桃園市大溪區南興里9鄰仁和路二段403巷56號,68,6800300,6800300-021,9鄰,仁和路,二段,403巷,,,,56號,121.258567470971,24.9070404397757
桃園市大溪區南興里9鄰仁和路二段403巷58號,68,6800300,6800300-021,9鄰,仁和路,二段,403巷,,,,58號,121.258526066149,24.9070282328676
桃園市大溪區南興里9鄰仁和路二段403巷60號,68,6800300,6800300-021,9鄰,仁和路,二段,403巷,,,,60號,121.258483970827,24.9070172008411
桃園市大溪區南興里9鄰仁和路二段403巷62號,68,6800300,6800300-021,9鄰,仁和路,二段,403巷,,,,62號,121.258442568277,24.9070060773181
桃園市大溪區南興里9鄰仁和路二段403巷66號,68,6800300,6800300-021,9鄰,仁和路,二段,403巷,,,,66號,121.258398688833,24.9069939649462
桃園市大溪區南興里9鄰仁和路二段403巷68號,68,6800300,6800300-021,9鄰,仁和路,二段,403巷,,,,68號,121.258341933118,24.9069784440561
桃園市大溪區南興里28鄰仁和路二段404號,68,6800300,6800300-021,28鄰,仁和路,二段,,,,,404號,121.260087073497,24.9072997128846
桃園市大溪區南興里9鄰仁和路二段407之1號,68,6800300,6800300-021,9鄰,仁和路,二段,,,,,407之1號,121.259314835291,24.9075904186777
桃園市大溪區南興里28鄰仁和路二段412號,68,6800300,6800300-021,28鄰,仁和路,二段,,,,,412號,121.259900663192,24.9077700580844
桃園市大溪區南興里9鄰仁和路二段413號,68,6800300,6800300-021,9鄰,仁和路,二段,,,,,413號,121.259194118109,24.9076644810807
桃園市大溪區南興里9鄰仁和路二段423號,68,6800300,6800300-021,9鄰,仁和路,二段,,,,,423號,121.258987444019,24.9077717367223
桃園市大溪區南興里22鄰仁和路二段429號,68,6800300,6800300-021,22鄰,仁和路,二段,,,,,429號,121.258872465098,24.9079392331991
桃園市大溪區南興里28鄰仁和路二段430號,68,6800300,6800300-021,28鄰,仁和路,二段,,,,,430號,121.258431340599,24.90850707406
桃園市大溪區南興里22鄰仁和路二段431號,68,6800300,6800300-021,22鄰,仁和路,二段,,,,,431號,121.258823139549,24.9079740782663
桃園市大溪區南興里10鄰仁和路二段432巷55號,68,6800300,6800300-021,10鄰,仁和路,二段,432巷,,,,55號,121.260205761762,24.9091851844988
桃園市大溪區南興里10鄰仁和路二段432巷56號,68,6800300,6800300-021,10鄰,仁和路,二段,432巷,,,,56號,121.260186283214,24.9089131918075
桃園市大溪區南興里10鄰仁和路二段432巷81弄13號,68,6800300,6800300-021,10鄰,仁和路,二段,432巷,81弄,,,13號,121.261004610962,24.9098230017433
桃園市大溪區南興里10鄰仁和路二段432巷81弄15號,68,6800300,6800300-021,10鄰,仁和路,二段,432巷,81弄,,,15號,121.26093270136,24.9098517476843
桃園市大溪區南興里10鄰仁和路二段432巷81弄17號,68,6800300,6800300-021,10鄰,仁和路,二段,432巷,81弄,,,17號,121.260842484365,24.9098837758426
桃園市大溪區南興里10鄰仁和路二段432巷81弄19號,68,6800300,6800300-021,10鄰,仁和路,二段,432巷,81弄,,,19號,121.26075711128,24.9099125452432
桃園市大溪區南興里10鄰仁和路二段432巷81弄50號,68,6800300,6800300-021,10鄰,仁和路,二段,432巷,81弄,,,50號,121.260596961546,24.9107731442928
桃園市大溪區南興里10鄰仁和路二段432巷81弄52號,68,6800300,6800300-021,10鄰,仁和路,二段,432巷,81弄,,,52號,121.260499921074,24.9107147192954
桃園市大溪區南興里10鄰仁和路二段432巷112號,68,6800300,6800300-021,10鄰,仁和路,二段,432巷,,,,112號,121.262569948169,24.9095953562068
桃園市大溪區南興里10鄰仁和路二段432巷160號,68,6800300,6800300-021,10鄰,仁和路,二段,432巷,,,,160號,121.263897906018,24.9098880617253
桃園市大溪區南興里10鄰仁和路二段432巷180號,68,6800300,6800300-021,10鄰,仁和路,二段,432巷,,,,180號,121.26404380841,24.9102053333782
桃園市大溪區南興里10鄰仁和路二段432巷182號,68,6800300,6800300-021,10鄰,仁和路,二段,432巷,,,,182號,121.264048630704,24.9102849555869
桃園市大溪區南興里22鄰仁和路二段433號,68,6800300,6800300-021,22鄰,仁和路,二段,,,,,433號,121.258787761792,24.9080039334808
桃園市大溪區南興里22鄰仁和路二段435號,68,6800300,6800300-021,22鄰,仁和路,二段,,,,,435號,121.258751784216,24.9080309909128
桃園市大溪區南興里28鄰仁和路二段436號,68,6800300,6800300-021,28鄰,仁和路,二段,,,,,436號,121.258258260699,24.9086796363459
桃園市大溪區南興里22鄰仁和路二段437巷1號,68,6800300,6800300-021,22鄰,仁和路,二段,437巷,,,,1號,121.258574284282,24.9079821840263
桃園市大溪區南興里22鄰仁和路二段437巷2號,68,6800300,6800300-021,22鄰,仁和路,二段,437巷,,,,2號,121.258543740843,24.9079566864996
桃園市大溪區南興里22鄰仁和路二段437巷3號,68,6800300,6800300-021,22鄰,仁和路,二段,437巷,,,,3號,121.258507847221,24.9079290314143
桃園市大溪區南興里22鄰仁和路二段437巷5號,68,6800300,6800300-021,22鄰,仁和路,二段,437巷,,,,5號,121.258485526712,24.9079065892924
桃園市大溪區南興里22鄰仁和路二段437巷6號,68,6800300,6800300-021,22鄰,仁和路,二段,437巷,,,,6號,121.258576395589,24.9078552405764
桃園市大溪區南興里22鄰仁和路二段437巷7號,68,6800300,6800300-021,22鄰,仁和路,二段,437巷,,,,7號,121.258616677125,24.9078983266612
桃園市大溪區南興里22鄰仁和路二段437巷8號,68,6800300,6800300-021,22鄰,仁和路,二段,437巷,,,,8號,121.258646540215,24.9079298744039
桃園市大溪區南興里22鄰仁和路二段437號,68,6800300,6800300-021,22鄰,仁和路,二段,,,,,437號,121.258708203273,24.9080672705264
桃園市大溪區南興里22鄰仁和路二段439號,68,6800300,6800300-021,22鄰,仁和路,二段,,,,,439號,121.25866608463,24.9080927134704
桃園市大溪區南興里22鄰仁和路二段441號,68,6800300,6800300-021,22鄰,仁和路,二段,,,,,441號,121.258635063678,24.9081231027996
桃園市大溪區南興里22鄰仁和路二段443號,68,6800300,6800300-021,22鄰,仁和路,二段,,,,,443號,121.258588021632,24.908161194066
桃園市大溪區南興里22鄰仁和路二段445號,68,6800300,6800300-021,22鄰,仁和路,二段,,,,,445號,121.258478600288,24.9082407436528
桃園市大溪區南興里22鄰仁和路二段447號,68,6800300,6800300-021,22鄰,仁和路,二段,,,,,447號,121.258426806606,24.9082789333865
桃園市大溪區南興里22鄰仁和路二段449號,68,6800300,6800300-021,22鄰,仁和路,二段,,,,,449號,121.258388078087,24.9083161073431
桃園市大溪區南興里22鄰仁和路二段451號,68,6800300,6800300-021,22鄰,仁和路,二段,,,,,451號,121.258356947676,24.9083415311651
桃園市大溪區南興里22鄰仁和路二段453號,68,6800300,6800300-021,22鄰,仁和路,二段,,,,,453號,121.25832343913,24.9083658756871
桃園市大溪區南興里22鄰仁和路二段455號,68,6800300,6800300-021,22鄰,仁和路,二段,,,,,455號,121.258291117189,24.9083895861565
桃園市大溪區南興里22鄰仁和路二段457號,68,6800300,6800300-021,22鄰,仁和路,二段,,,,,457號,121.258264930826,24.9084122928679
桃園市大溪區南興里22鄰仁和路二段459巷5號,68,6800300,6800300-021,22鄰,仁和路,二段,459巷,,,,5號,121.25816379262,24.9082861601513
桃園市大溪區南興里22鄰仁和路二段459巷7號,68,6800300,6800300-021,22鄰,仁和路,二段,459巷,,,,7號,121.258175992024,24.9082496641622
桃園市大溪區南興里22鄰仁和路二段459巷8號,68,6800300,6800300-021,22鄰,仁和路,二段,459巷,,,,8號,121.258049006344,24.9084518499716
桃園市大溪區南興里22鄰仁和路二段459巷9號,68,6800300,6800300-021,22鄰,仁和路,二段,459巷,,,,9號,121.258186904495,24.9082131703995
桃園市大溪區南興里22鄰仁和路二段459巷11號,68,6800300,6800300-021,22鄰,仁和路,二段,459巷,,,,11號,121.258201581186,24.9081778438166
桃園市大溪區南興里22鄰仁和路二段459巷12弄2號,68,6800300,6800300-021,22鄰,仁和路,二段,459巷,12弄,,,2號,121.258016604436,24.9083419396934
桃園市大溪區南興里22鄰仁和路二段459巷12弄6號,68,6800300,6800300-021,22鄰,仁和路,二段,459巷,12弄,,,6號,121.257955688132,24.9083253424474
桃園市大溪區南興里22鄰仁和路二段459巷12弄8號,68,6800300,6800300-021,22鄰,仁和路,二段,459巷,12弄,,,8號,121.257880019237,24.9083075969854
桃園市大溪區南興里22鄰仁和路二段459巷13號,68,6800300,6800300-021,22鄰,仁和路,二段,459巷,,,,13號,121.258216151733,24.9081390866108
桃園市大溪區南興里22鄰仁和路二段459巷17弄1號,68,6800300,6800300-021,22鄰,仁和路,二段,459巷,17弄,,,1號,121.258249130838,24.9080506411439
桃園市大溪區南興里22鄰仁和路二段459巷17弄2號,68,6800300,6800300-021,22鄰,仁和路,二段,459巷,17弄,,,2號,121.25827078214,24.9079893908711
桃園市大溪區南興里22鄰仁和路二段459巷17弄3號,68,6800300,6800300-021,22鄰,仁和路,二段,459巷,17弄,,,3號,121.258312505735,24.9080594695601
桃園市大溪區南興里22鄰仁和路二段459巷17弄5號,68,6800300,6800300-021,22鄰,仁和路,二段,459巷,17弄,,,5號,121.258374706624,24.9080749810243
桃園市大溪區南興里22鄰仁和路二段459巷17弄6號,68,6800300,6800300-021,22鄰,仁和路,二段,459巷,17弄,,,6號,121.25832931776,24.9080037350043
桃園市大溪區南興里22鄰仁和路二段459巷17弄7號,68,6800300,6800300-021,22鄰,仁和路,二段,459巷,17弄,,,7號,121.25842343491,24.9080860015866
桃園市大溪區南興里22鄰仁和路二段459巷17弄9號,68,6800300,6800300-021,22鄰,仁和路,二段,459巷,17弄,,,9號,121.258478307995,24.9081004422902
桃園市大溪區南興里22鄰仁和路二段459巷18弄1號,68,6800300,6800300-021,22鄰,仁和路,二段,459巷,18弄,,,1號,121.258105054415,24.908174489782
桃園市大溪區南興里22鄰仁和路二段459巷18弄2號,68,6800300,6800300-021,22鄰,仁和路,二段,459巷,18弄,,,2號,121.258086754158,24.9082286920531
桃園市大溪區南興里22鄰仁和路二段459巷18弄3號,68,6800300,6800300-021,22鄰,仁和路,二段,459巷,18弄,,,3號,121.258070884104,24.9081662427444
桃園市大溪區南興里22鄰仁和路二段459巷18弄5號,68,6800300,6800300-021,22鄰,仁和路,二段,459巷,18弄,,,5號,121.258038594501,24.9081579021612
桃園市大溪區南興里22鄰仁和路二段459巷18弄6號,68,6800300,6800300-021,22鄰,仁和路,二段,459巷,18弄,,,6號,121.258025247314,24.9082137209749
桃園市大溪區南興里22鄰仁和路二段459巷18弄7號,68,6800300,6800300-021,22鄰,仁和路,二段,459巷,18弄,,,7號,121.258003234953,24.9081490251749
桃園市大溪區南興里22鄰仁和路二段459巷18弄8號,68,6800300,6800300-021,22鄰,仁和路,二段,459巷,18弄,,,8號,121.257978293963,24.9081993566923
桃園市大溪區南興里22鄰仁和路二段459巷18弄9號,68,6800300,6800300-021,22鄰,仁和路,二段,459巷,18弄,,,9號,121.257969160271,24.9081391528302
桃園市大溪區南興里22鄰仁和路二段459巷18弄10號,68,6800300,6800300-021,22鄰,仁和路,二段,459巷,18弄,,,10號,121.257930753603,24.9081883339306
桃園市大溪區南興里22鄰仁和路二段459巷18弄11號,68,6800300,6800300-021,22鄰,仁和路,二段,459巷,18弄,,,11號,121.257934993169,24.9081324405897
桃園市大溪區南興里22鄰仁和路二段459巷18弄12號,68,6800300,6800300-021,22鄰,仁和路,二段,459巷,18弄,,,12號,121.257891132794,24.9081772974618
桃園市大溪區南興里22鄰仁和路二段459巷18弄13號,68,6800300,6800300-021,22鄰,仁和路,二段,459巷,18弄,,,13號,121.257902701519,24.9081231068527
桃園市大溪區南興里22鄰仁和路二段459巷18弄15號,68,6800300,6800300-021,22鄰,仁和路,二段,459巷,18弄,,,15號,121.257867344243,24.9081153132422
桃園市大溪區南興里22鄰仁和路二段459巷23弄1號,68,6800300,6800300-021,22鄰,仁和路,二段,459巷,23弄,,,1號,121.258297106889,24.9078429943628
桃園市大溪區南興里22鄰仁和路二段459巷23弄2號,68,6800300,6800300-021,22鄰,仁和路,二段,459巷,23弄,,,2號,121.258285102244,24.9077827954893
桃園市大溪區南興里22鄰仁和路二段459巷23弄3號,68,6800300,6800300-021,22鄰,仁和路,二段,459巷,23弄,,,3號,121.258340976473,24.9078502314237
桃園市大溪區南興里22鄰仁和路二段459巷23弄5號,68,6800300,6800300-021,22鄰,仁和路,二段,459巷,23弄,,,5號,121.258387327683,24.9078607144095
桃園市大溪區南興里22鄰仁和路二段459巷23弄6號,68,6800300,6800300-021,22鄰,仁和路,二段,459巷,23弄,,,6號,121.258340365139,24.9077943464711
桃園市大溪區南興里22鄰仁和路二段459巷23弄7號,68,6800300,6800300-021,22鄰,仁和路,二段,459巷,23弄,,,7號,121.25842030436,24.9078662549128
桃園市大溪區南興里22鄰仁和路二段459巷23弄8號,68,6800300,6800300-021,22鄰,仁和路,二段,459巷,23弄,,,8號,121.258401973062,24.9078104006583
桃園市大溪區南興里22鄰仁和路二段459巷23弄10號,68,6800300,6800300-021,22鄰,仁和路,二段,459巷,23弄,,,10號,121.258464768929,24.9078264527616
桃園市大溪區南興里22鄰仁和路二段459巷26弄1號,68,6800300,6800300-021,22鄰,仁和路,二段,459巷,26弄,,,1號,121.258168482104,24.9079707888179
桃園市大溪區南興里22鄰仁和路二段459巷26弄2號,68,6800300,6800300-021,22鄰,仁和路,二段,459巷,26弄,,,2號,121.258151964927,24.9080255297181
桃園市大溪區南興里22鄰仁和路二段459巷26弄3號,68,6800300,6800300-021,22鄰,仁和路,二段,459巷,26弄,,,3號,121.258131243027,24.9079625471048
桃園市大溪區南興里22鄰仁和路二段459巷26弄5號,68,6800300,6800300-021,22鄰,仁和路,二段,459巷,26弄,,,5號,121.258096577615,24.907954210645
桃園市大溪區南興里22鄰仁和路二段459巷26弄6號,68,6800300,6800300-021,22鄰,仁和路,二段,459巷,26弄,,,6號,121.258117892521,24.9080167408154
桃園市大溪區南興里22鄰仁和路二段459巷26弄7號,68,6800300,6800300-021,22鄰,仁和路,二段,459巷,26弄,,,7號,121.25806300133,24.9079459625771
桃園市大溪區南興里22鄰仁和路二段459巷26弄8號,68,6800300,6800300-021,22鄰,仁和路,二段,459巷,26弄,,,8號,121.258083720939,24.9080078617921
桃園市大溪區南興里22鄰仁和路二段459巷26弄9號,68,6800300,6800300-021,22鄰,仁和路,二段,459巷,26弄,,,9號,121.25802883315,24.9079387086534
桃園市大溪區南興里22鄰仁和路二段459巷26弄10號,68,6800300,6800300-021,22鄰,仁和路,二段,459巷,26弄,,,10號,121.258050836285,24.9079989805346
桃園市大溪區南興里22鄰仁和路二段459巷26弄11號,68,6800300,6800300-021,22鄰,仁和路,二段,459巷,26弄,,,11號,121.257995355868,24.907930460399
桃園市大溪區南興里22鄰仁和路二段459巷26弄12號,68,6800300,6800300-021,22鄰,仁和路,二段,459巷,26弄,,,12號,121.258017851702,24.9079896480209
桃園市大溪區南興里22鄰仁和路二段459巷26弄13號,68,6800300,6800300-021,22鄰,仁和路,二段,459巷,26弄,,,13號,121.257961482238,24.9079220322538
桃園市大溪區南興里22鄰仁和路二段459巷26弄15號,68,6800300,6800300-021,22鄰,仁和路,二段,459巷,26弄,,,15號,121.257925529924,24.9079136979795
桃園市大溪區南興里22鄰仁和路二段459巷26弄16號,68,6800300,6800300-021,22鄰,仁和路,二段,459巷,26弄,,,16號,121.257982496709,24.9079829378456
桃園市大溪區南興里22鄰仁和路二段459巷26弄17號,68,6800300,6800300-021,22鄰,仁和路,二段,459巷,26弄,,,17號,121.257892649998,24.9079070737873
桃園市大溪區南興里22鄰仁和路二段459巷26弄18號,68,6800300,6800300-021,22鄰,仁和路,二段,459巷,26弄,,,18號,121.257952682201,24.9079746832469
桃園市大溪區南興里22鄰仁和路二段459巷26弄19號,68,6800300,6800300-021,22鄰,仁和路,二段,459巷,26弄,,,19號,121.257856004735,24.9078987406942
桃園市大溪區南興里22鄰仁和路二段459巷26弄20號,68,6800300,6800300-021,22鄰,仁和路,二段,459巷,26弄,,,20號,121.257916130278,24.9079636414769
桃園市大溪區南興里22鄰仁和路二段459巷26弄21號,68,6800300,6800300-021,22鄰,仁和路,二段,459巷,26弄,,,21號,121.257828662856,24.9078893983839
桃園市大溪區南興里22鄰仁和路二段459巷26弄22號,68,6800300,6800300-021,22鄰,仁和路,二段,459巷,26弄,,,22號,121.25786789818,24.9079531615964
桃園市大溪區南興里22鄰仁和路二段459巷26弄23號,68,6800300,6800300-021,22鄰,仁和路,二段,459巷,26弄,,,23號,121.257797562395,24.9078815973984
桃園市大溪區南興里22鄰仁和路二段459巷32弄1號,68,6800300,6800300-021,22鄰,仁和路,二段,459巷,32弄,,,1號,121.258206451415,24.907759096586
桃園市大溪區南興里22鄰仁和路二段459巷32弄2號,68,6800300,6800300-021,22鄰,仁和路,二段,459巷,32弄,,,2號,121.258219351475,24.9078214607406
桃園市大溪區南興里22鄰仁和路二段459巷32弄3號,68,6800300,6800300-021,22鄰,仁和路,二段,459巷,32弄,,,3號,121.258154654276,24.9077479909782
桃園市大溪區南興里22鄰仁和路二段459巷32弄5號,68,6800300,6800300-021,22鄰,仁和路,二段,459巷,32弄,,,5號,121.258120579504,24.9077380283828
桃園市大溪區南興里22鄰仁和路二段459巷32弄6號,68,6800300,6800300-021,22鄰,仁和路,二段,459巷,32弄,,,6號,121.258177255909,24.9078104286307
桃園市大溪區南興里22鄰仁和路二段459巷32弄7號,68,6800300,6800300-021,22鄰,仁和路,二段,459巷,32弄,,,7號,121.258071551395,24.9077255636891
桃園市大溪區南興里22鄰仁和路二段459巷32弄8號,68,6800300,6800300-021,22鄰,仁和路,二段,459巷,32弄,,,8號,121.258142490603,24.9078016409322
桃園市大溪區南興里22鄰仁和路二段459巷32弄9號,68,6800300,6800300-021,22鄰,仁和路,二段,459巷,32弄,,,9號,121.258019749775,24.9077122912175
桃園市大溪區南興里22鄰仁和路二段459巷32弄10號,68,6800300,6800300-021,22鄰,仁和路,二段,459巷,32弄,,,10號,121.25810406459,24.9077938526876
桃園市大溪區南興里22鄰仁和路二段459巷32弄11號,68,6800300,6800300-021,22鄰,仁和路,二段,459巷,32弄,,,11號,121.257986172434,24.9077035014274
桃園市大溪區南興里22鄰仁和路二段459巷32弄12號,68,6800300,6800300-021,22鄰,仁和路,二段,459巷,32弄,,,12號,121.258073657282,24.9077861408445
桃園市大溪區南興里22鄰仁和路二段459巷32弄13號,68,6800300,6800300-021,22鄰,仁和路,二段,459巷,32弄,,,13號,121.257951411676,24.9076968805005
桃園市大溪區南興里22鄰仁和路二段459巷32弄15號,68,6800300,6800300-021,22鄰,仁和路,二段,459巷,32弄,,,15號,121.257910011385,24.9076869305245
桃園市大溪區南興里22鄰仁和路二段459巷32弄16號,68,6800300,6800300-021,22鄰,仁和路,二段,459巷,32弄,,,16號,121.258041266531,24.9077767170236
桃園市大溪區南興里22鄰仁和路二段459巷32弄17號,68,6800300,6800300-021,22鄰,仁和路,二段,459巷,32弄,,,17號,121.257874063834,24.9076808533376
桃園市大溪區南興里22鄰仁和路二段459巷32弄18號,68,6800300,6800300-021,22鄰,仁和路,二段,459巷,32弄,,,18號,121.258004124262,24.9077673916985
桃園市大溪區南興里22鄰仁和路二段459巷32弄19號,68,6800300,6800300-021,22鄰,仁和路,二段,459巷,32弄,,,19號,121.257843559826,24.9076742250266
桃園市大溪區南興里22鄰仁和路二段459巷32弄20號,68,6800300,6800300-021,22鄰,仁和路,二段,459巷,32弄,,,20號,121.257971243056,24.9077601355351
桃園市大溪區南興里22鄰仁和路二段459巷32弄21號,68,6800300,6800300-021,22鄰,仁和路,二段,459巷,32弄,,,21號,121.257811271492,24.9076664260966
桃園市大溪區南興里22鄰仁和路二段459巷32弄22號,68,6800300,6800300-021,22鄰,仁和路,二段,459巷,32弄,,,22號,121.257937667958,24.9077524291424
桃園市大溪區南興里22鄰仁和路二段459巷32弄23號,68,6800300,6800300-021,22鄰,仁和路,二段,459巷,32弄,,,23號,121.25777403478,24.9076592677015
桃園市大溪區南興里22鄰仁和路二段459巷32弄26號,68,6800300,6800300-021,22鄰,仁和路,二段,459巷,32弄,,,26號,121.257903501152,24.9077458071775
桃園市大溪區南興里22鄰仁和路二段459巷32弄27號,68,6800300,6800300-021,22鄰,仁和路,二段,459巷,32弄,,,27號,121.25773323298,24.9076514834663
桃園市大溪區南興里22鄰仁和路二段459巷32弄28號,68,6800300,6800300-021,22鄰,仁和路,二段,459巷,32弄,,,28號,121.257870021491,24.9077363852019
桃園市大溪區南興里22鄰仁和路二段459巷32弄30號,68,6800300,6800300-021,22鄰,仁和路,二段,459巷,32弄,,,30號,121.257835851128,24.9077280478249
桃園市大溪區南興里22鄰仁和路二段459巷32弄32號,68,6800300,6800300-021,22鄰,仁和路,二段,459巷,32弄,,,32號,121.257790100918,24.9077209041493
桃園市大溪區南興里28鄰仁和路二段460號,68,6800300,6800300-021,28鄰,仁和路,二段,,,,,460號,121.257754987523,24.9090693615009
桃園市大溪區南興里22鄰仁和路二段461號,68,6800300,6800300-021,22鄰,仁和路,二段,,,,,461號,121.258203345568,24.9084548331254
桃園市大溪區南興里22鄰仁和路二段463號,68,6800300,6800300-021,22鄰,仁和路,二段,,,,,463號,121.258169241867,24.9084786369369
桃園市大溪區南興里28鄰仁和路二段466號,68,6800300,6800300-021,28鄰,仁和路,二段,,,,,466號,121.257669965064,24.909124040137
桃園市大溪區南興里28鄰仁和路二段468號,68,6800300,6800300-021,28鄰,仁和路,二段,,,,,468號,121.257644187162,24.9091528853681
桃園市大溪區南興里28鄰仁和路二段470號,68,6800300,6800300-021,28鄰,仁和路,二段,,,,,470號,121.257601579518,24.9091814888079
桃園市大溪區南興里28鄰仁和路二段472之1號,68,6800300,6800300-021,28鄰,仁和路,二段,,,,,472之1號,121.25751785903,24.9092434781399
桃園市大溪區南興里28鄰仁和路二段472號,68,6800300,6800300-021,28鄰,仁和路,二段,,,,,472號,121.257559174718,24.9092124392779
桃園市大溪區南興里28鄰仁和路二段476號,68,6800300,6800300-021,28鄰,仁和路,二段,,,,,476號,121.257498698755,24.9092650891739
桃園市大溪區南興里8鄰仁和路二段477號,68,6800300,6800300-021,8鄰,仁和路,二段,,,,,477號,121.257855474137,24.908691347871
桃園市大溪區南興里28鄰仁和路二段478號,68,6800300,6800300-021,28鄰,仁和路,二段,,,,,478號,121.257408705681,24.9093098449653
桃園市大溪區南興里8鄰仁和路二段483號,68,6800300,6800300-021,8鄰,仁和路,二段,,,,,483號,121.257738348642,24.9087797580983
桃園市大溪區南興里8鄰仁和路二段507之1號,68,6800300,6800300-021,8鄰,仁和路,二段,,,,,507之1號,121.257270773949,24.9091517242085
桃園市大溪區南興里8鄰仁和路二段509巷21弄1號,68,6800300,6800300-021,8鄰,仁和路,二段,509巷,21弄,,,1號,121.256724038982,24.9086336215256
桃園市大溪區南興里8鄰仁和路二段509巷21弄2號,68,6800300,6800300-021,8鄰,仁和路,二段,509巷,21弄,,,2號,121.256619482487,24.9086250438594
桃園市大溪區南興里8鄰仁和路二段509巷21弄3號,68,6800300,6800300-021,8鄰,仁和路,二段,509巷,21弄,,,3號,121.256714660439,24.9085983364875
桃園市大溪區南興里8鄰仁和路二段509巷21弄5號,68,6800300,6800300-021,8鄰,仁和路,二段,509巷,21弄,,,5號,121.256704588939,24.9085630526411
桃園市大溪區南興里8鄰仁和路二段509巷21弄6號,68,6800300,6800300-021,8鄰,仁和路,二段,509巷,21弄,,,6號,121.256614137732,24.9085776537726
桃園市大溪區南興里8鄰仁和路二段509巷21弄7號,68,6800300,6800300-021,8鄰,仁和路,二段,509巷,21弄,,,7號,121.256694606913,24.9085231641383
桃園市大溪區南興里8鄰仁和路二段509巷21弄8號,68,6800300,6800300-021,8鄰,仁和路,二段,509巷,21弄,,,8號,121.256609405622,24.908539291066
桃園市大溪區南興里8鄰仁和路二段509巷21弄9號,68,6800300,6800300-021,8鄰,仁和路,二段,509巷,21弄,,,9號,121.256688580193,24.9084811020037
桃園市大溪區南興里8鄰仁和路二段509巷21弄10號,68,6800300,6800300-021,8鄰,仁和路,二段,509巷,21弄,,,10號,121.2565966501,24.9084985947684
桃園市大溪區南興里8鄰仁和路二段509巷21弄11號,68,6800300,6800300-021,8鄰,仁和路,二段,509巷,21弄,,,11號,121.256678794113,24.9084402200342
桃園市大溪區南興里8鄰仁和路二段509巷21弄12號,68,6800300,6800300-021,8鄰,仁和路,二段,509巷,21弄,,,12號,121.256593302802,24.9084596879725
桃園市大溪區南興里8鄰仁和路二段509巷21弄13號,68,6800300,6800300-021,8鄰,仁和路,二段,509巷,21弄,,,13號,121.256667824589,24.9084015069245
桃園市大溪區南興里8鄰仁和路二段509巷21弄15號,68,6800300,6800300-021,8鄰,仁和路,二段,509巷,21弄,,,15號,121.256661712711,24.9083661259764
桃園市大溪區南興里8鄰仁和路二段509巷21弄16號,68,6800300,6800300-021,8鄰,仁和路,二段,509巷,21弄,,,16號,121.256585295109,24.9084170875347
桃園市大溪區南興里8鄰仁和路二段509巷21弄17號,68,6800300,6800300-021,8鄰,仁和路,二段,509巷,21弄,,,17號,121.256652020975,24.9083229867334
桃園市大溪區南興里8鄰仁和路二段509巷21弄18號,68,6800300,6800300-021,8鄰,仁和路,二段,509巷,21弄,,,18號,121.256571856542,24.9083811774796
桃園市大溪區南興里8鄰仁和路二段509巷21弄19號,68,6800300,6800300-021,8鄰,仁和路,二段,509巷,21弄,,,19號,121.256642239403,24.9082842715771
桃園市大溪區南興里8鄰仁和路二段509巷21弄20號,68,6800300,6800300-021,8鄰,仁和路,二段,509巷,21弄,,,20號,121.256565831365,24.9083398376111
桃園市大溪區南興里8鄰仁和路二段509巷21弄21號,68,6800300,6800300-021,8鄰,仁和路,二段,509巷,21弄,,,21號,121.256636116146,24.9082433833016
桃園市大溪區南興里8鄰仁和路二段509巷21弄22號,68,6800300,6800300-021,8鄰,仁和路,二段,509巷,21弄,,,22號,121.256559808618,24.9082996714345
桃園市大溪區南興里8鄰仁和路二段509巷21弄23號,68,6800300,6800300-021,8鄰,仁和路,二段,509巷,21弄,,,23號,121.256626408369,24.9081924796294
桃園市大溪區南興里8鄰仁和路二段509巷21弄26號,68,6800300,6800300-021,8鄰,仁和路,二段,509巷,21弄,,,26號,121.256551022994,24.9082638436582
桃園市大溪區南興里8鄰仁和路二段509巷21弄28號,68,6800300,6800300-021,8鄰,仁和路,二段,509巷,21弄,,,28號,121.256544402557,24.9082218728214
桃園市大溪區南興里8鄰仁和路二段509巷21弄30號,68,6800300,6800300-021,8鄰,仁和路,二段,509巷,21弄,,,30號,121.256528277363,24.9081792863398
桃園市大溪區南興里8鄰仁和路二段509巷21弄32號,68,6800300,6800300-021,8鄰,仁和路,二段,509巷,21弄,,,32號,121.256524237136,24.9081403807322
桃園市大溪區南興里8鄰仁和路二段509巷27弄1號,68,6800300,6800300-021,8鄰,仁和路,二段,509巷,27弄,,,1號,121.256438033275,24.9086292381408
桃園市大溪區南興里8鄰仁和路二段509巷27弄3號,68,6800300,6800300-021,8鄰,仁和路,二段,509巷,27弄,,,3號,121.25642338272,24.9085816834761
桃園市大溪區南興里8鄰仁和路二段509巷27弄5號,68,6800300,6800300-021,8鄰,仁和路,二段,509巷,27弄,,,5號,121.256416060016,24.9085351996251
桃園市大溪區南興里8鄰仁和路二段509巷27弄6號,68,6800300,6800300-021,8鄰,仁和路,二段,509巷,27弄,,,6號,121.256329416102,24.9085718234201
桃園市大溪區南興里8鄰仁和路二段509巷27弄7號,68,6800300,6800300-021,8鄰,仁和路,二段,509巷,27弄,,,7號,121.256405088326,24.9084954030877
桃園市大溪區南興里8鄰仁和路二段509巷27弄8號,68,6800300,6800300-021,8鄰,仁和路,二段,509巷,27弄,,,8號,121.256322084294,24.9085209156467
桃園市大溪區南興里8鄰仁和路二段509巷27弄9號,68,6800300,6800300-021,8鄰,仁和路,二段,509巷,27弄,,,9號,121.256401423953,24.9084467461224
桃園市大溪區南興里8鄰仁和路二段509巷27弄10號,68,6800300,6800300-021,8鄰,仁和路,二段,509巷,27弄,,,10號,121.25631108988,24.9084701044506
桃園市大溪區南興里8鄰仁和路二段509巷27弄11號,68,6800300,6800300-021,8鄰,仁和路,二段,509巷,27弄,,,11號,121.256389243819,24.908397020382
桃園市大溪區南興里8鄰仁和路二段509巷27弄12號,68,6800300,6800300-021,8鄰,仁和路,二段,509巷,27弄,,,12號,121.25630136394,24.908410352923
桃園市大溪區南興里8鄰仁和路二段509巷27弄13號,68,6800300,6800300-021,8鄰,仁和路,二段,509巷,27弄,,,13號,121.256383122879,24.9083572155044
桃園市大溪區南興里8鄰仁和路二段509巷27弄15號,68,6800300,6800300-021,8鄰,仁和路,二段,509巷,27弄,,,15號,121.256373426576,24.9083118191417
桃園市大溪區南興里8鄰仁和路二段509巷27弄16號,68,6800300,6800300-021,8鄰,仁和路,二段,509巷,27弄,,,16號,121.256290378497,24.9083638753578
桃園市大溪區南興里8鄰仁和路二段509巷27弄17號,68,6800300,6800300-021,8鄰,仁和路,二段,509巷,27弄,,,17號,121.256362149915,24.9082681408967
桃園市大溪區南興里8鄰仁和路二段509巷27弄18號,68,6800300,6800300-021,8鄰,仁和路,二段,509巷,27弄,,,18號,121.256280565143,24.9083097216079
桃園市大溪區南興里8鄰仁和路二段509巷27弄19號,68,6800300,6800300-021,8鄰,仁和路,二段,509巷,27弄,,,19號,121.256359086622,24.9082229137012
桃園市大溪區南興里8鄰仁和路二段509巷27弄20號,68,6800300,6800300-021,8鄰,仁和路,二段,509巷,27弄,,,20號,121.256267677192,24.9082527743242
桃園市大溪區南興里8鄰仁和路二段509巷27弄21號,68,6800300,6800300-021,8鄰,仁和路,二段,509巷,27弄,,,21號,121.25634998188,24.9081763426227
桃園市大溪區南興里8鄰仁和路二段509巷27弄22號,68,6800300,6800300-021,8鄰,仁和路,二段,509巷,27弄,,,22號,121.256254302299,24.9081997101026
桃園市大溪區南興里8鄰仁和路二段509巷27弄23號,68,6800300,6800300-021,8鄰,仁和路,二段,509巷,27弄,,,23號,121.256335308657,24.9081177732937
桃園市大溪區南興里8鄰仁和路二段509巷27弄26號,68,6800300,6800300-021,8鄰,仁和路,二段,509巷,27弄,,,26號,121.256244560559,24.908132284426
桃園市大溪區南興里8鄰仁和路二段509巷29號,68,6800300,6800300-021,8鄰,仁和路,二段,509巷,,,,29號,121.256300133316,24.9086292945835
桃園市大溪區南興里8鄰仁和路二段509巷33弄1號,68,6800300,6800300-021,8鄰,仁和路,二段,509巷,33弄,,,1號,121.256186749734,24.9086126964737
桃園市大溪區南興里8鄰仁和路二段509巷33弄2號,68,6800300,6800300-021,8鄰,仁和路,二段,509巷,33弄,,,2號,121.256090406267,24.9086503299168
桃園市大溪區南興里8鄰仁和路二段509巷33弄3號,68,6800300,6800300-021,8鄰,仁和路,二段,509巷,33弄,,,3號,121.256174576566,24.9085663112254
桃園市大溪區南興里8鄰仁和路二段509巷33弄5號,68,6800300,6800300-021,8鄰,仁和路,二段,509巷,33弄,,,5號,121.256163591156,24.9085198336517
桃園市大溪區南興里8鄰仁和路二段509巷33弄6號,68,6800300,6800300-021,8鄰,仁和路,二段,509巷,33弄,,,6號,121.256083086106,24.9086050197412
桃園市大溪區南興里8鄰仁和路二段509巷33弄7號,68,6800300,6800300-021,8鄰,仁和路,二段,509巷,33弄,,,7號,121.256154990757,24.9084777759142
桃園市大溪區南興里8鄰仁和路二段509巷33弄8號,68,6800300,6800300-021,8鄰,仁和路,二段,509巷,33弄,,,8號,121.256074541304,24.9085419256506
桃園市大溪區南興里8鄰仁和路二段509巷33弄9號,68,6800300,6800300-021,8鄰,仁和路,二段,509巷,33弄,,,9號,121.256142803822,24.908424709644
桃園市大溪區南興里8鄰仁和路二段517巷63弄3號,68,6800300,6800300-021,8鄰,仁和路,二段,517巷,63弄,,,3號,121.255622837225,24.908594794496
桃園市大溪區南興里8鄰仁和路二段517巷63弄48號,68,6800300,6800300-021,8鄰,仁和路,二段,517巷,63弄,,,48號,121.255257781134,24.9074581978581
桃園市大溪區南興里8鄰仁和路二段517巷63弄50號,68,6800300,6800300-021,8鄰,仁和路,二段,517巷,63弄,,,50號,121.25521066698,24.9074616189944
桃園市大溪區南興里8鄰仁和路二段517巷63弄52號,68,6800300,6800300-021,8鄰,仁和路,二段,517巷,63弄,,,52號,121.255161671198,24.9074646821971
桃園市大溪區南興里8鄰仁和路二段517巷63弄56號,68,6800300,6800300-021,8鄰,仁和路,二段,517巷,63弄,,,56號,121.255111378471,24.9074628722459
桃園市大溪區南興里8鄰仁和路二段517巷63弄58號,68,6800300,6800300-021,8鄰,仁和路,二段,517巷,63弄,,,58號,121.255061086858,24.9074616039821
桃園市大溪區南興里8鄰仁和路二段517巷63弄60號,68,6800300,6800300-021,8鄰,仁和路,二段,517巷,63弄,,,60號,121.255004761823,24.9074628739779
桃園市大溪區南興里8鄰仁和路二段517巷63弄62號,68,6800300,6800300-021,8鄰,仁和路,二段,517巷,63弄,,,62號,121.254955857422,24.9074622352977
桃園市大溪區南興里8鄰仁和路二段517巷63弄66號,68,6800300,6800300-021,8鄰,仁和路,二段,517巷,63弄,,,66號,121.254906856625,24.9074628607474
桃園市大溪區南興里8鄰仁和路二段517巷63弄68號,68,6800300,6800300-021,8鄰,仁和路,二段,517巷,63弄,,,68號,121.254862935513,24.9072857978634
桃園市大溪區南興里8鄰仁和路二段517巷63弄70號,68,6800300,6800300-021,8鄰,仁和路,二段,517巷,63弄,,,70號,121.254913818232,24.9072857109188
桃園市大溪區南興里8鄰仁和路二段517巷63弄72號,68,6800300,6800300-021,8鄰,仁和路,二段,517巷,63弄,,,72號,121.254964601957,24.9072856241261
桃園市大溪區南興里8鄰仁和路二段517巷63弄76號,68,6800300,6800300-021,8鄰,仁和路,二段,517巷,63弄,,,76號,121.255020822352,24.9072816457937
桃園市大溪區南興里8鄰仁和路二段517巷63弄78號,68,6800300,6800300-021,8鄰,仁和路,二段,517巷,63弄,,,78號,121.255067840606,24.9072797597159
桃園市大溪區南興里8鄰仁和路二段517巷63弄80號,68,6800300,6800300-021,8鄰,仁和路,二段,517巷,63弄,,,80號,121.255120112017,24.9072810245919
桃園市大溪區南興里8鄰仁和路二段517巷63弄82號,68,6800300,6800300-021,8鄰,仁和路,二段,517巷,63弄,,,82號,121.255170403371,24.9072822025524
桃園市大溪區南興里8鄰仁和路二段517巷63弄86號,68,6800300,6800300-021,8鄰,仁和路,二段,517巷,63弄,,,86號,121.255218018184,24.907281579388
桃園市大溪區南興里8鄰仁和路二段517巷63弄88號,68,6800300,6800300-021,8鄰,仁和路,二段,517巷,63弄,,,88號,121.255265631882,24.907280414504
桃園市大溪區南興里23鄰仁和路二段517巷95弄11號,68,6800300,6800300-021,23鄰,仁和路,二段,517巷,95弄,,,11號,121.254726776924,24.9083261966008
桃園市大溪區南興里23鄰仁和路二段517巷95弄13號,68,6800300,6800300-021,23鄰,仁和路,二段,517巷,95弄,,,13號,121.25479518969,24.9083297814157
桃園市大溪區南興里23鄰仁和路二段517巷95弄15號,68,6800300,6800300-021,23鄰,仁和路,二段,517巷,95弄,,,15號,121.254843511777,24.9083359284871
桃園市大溪區南興里23鄰仁和路二段517巷95弄17號,68,6800300,6800300-021,23鄰,仁和路,二段,517巷,95弄,,,17號,121.254889054235,24.9083382883495
桃園市大溪區南興里23鄰仁和路二段517巷95弄19號,68,6800300,6800300-021,23鄰,仁和路,二段,517巷,95弄,,,19號,121.254941435103,24.9083444284535
桃園市大溪區南興里23鄰仁和路二段517巷95弄21號,68,6800300,6800300-021,23鄰,仁和路,二段,517巷,95弄,,,21號,121.254988371095,24.9083504875625
桃園市大溪區南興里23鄰仁和路二段517巷95弄23號,68,6800300,6800300-021,23鄰,仁和路,二段,517巷,95弄,,,23號,121.255031240895,24.9083529422346
桃園市大溪區南興里23鄰仁和路二段517巷95弄25號,68,6800300,6800300-021,23鄰,仁和路,二段,517巷,95弄,,,25號,121.25506783526,24.9081920832227
桃園市大溪區南興里23鄰仁和路二段517巷95弄27號,68,6800300,6800300-021,23鄰,仁和路,二段,517巷,95弄,,,27號,121.255022887933,24.9081902641032
桃園市大溪區南興里23鄰仁和路二段517巷95弄29號,68,6800300,6800300-021,23鄰,仁和路,二段,517巷,95弄,,,29號,121.254967250332,24.9081890049495
桃園市大溪區南興里23鄰仁和路二段517巷95弄31號,68,6800300,6800300-021,23鄰,仁和路,二段,517巷,95弄,,,31號,121.254912897247,24.9081865698832
桃園市大溪區南興里23鄰仁和路二段517巷95弄33號,68,6800300,6800300-021,23鄰,仁和路,二段,517巷,95弄,,,33號,121.254865273368,24.9081829496029
桃園市大溪區南興里23鄰仁和路二段517巷95弄35號,68,6800300,6800300-021,23鄰,仁和路,二段,517巷,95弄,,,35號,121.254863919593,24.9080540258496
桃園市大溪區南興里23鄰仁和路二段517巷95弄37號,68,6800300,6800300-021,23鄰,仁和路,二段,517巷,95弄,,,37號,121.254878002276,24.9079700373311
桃園市大溪區南興里23鄰仁和路二段517巷95弄39號,68,6800300,6800300-021,23鄰,仁和路,二段,517巷,95弄,,,39號,121.254789539872,24.9079888773226
桃園市大溪區南興里23鄰仁和路二段517巷95弄41號,68,6800300,6800300-021,23鄰,仁和路,二段,517巷,95弄,,,41號,121.25478615758,24.9080290596409
桃園市大溪區南興里23鄰仁和路二段517巷95弄43號,68,6800300,6800300-021,23鄰,仁和路,二段,517巷,95弄,,,43號,121.254781488175,24.908069153873
桃園市大溪區南興里23鄰仁和路二段517巷95弄45號,68,6800300,6800300-021,23鄰,仁和路,二段,517巷,95弄,,,45號,121.254772757592,24.9081080813446
桃園市大溪區南興里23鄰仁和路二段517巷95弄47號,68,6800300,6800300-021,23鄰,仁和路,二段,517巷,95弄,,,47號,121.254768686039,24.9081500705264
桃園市大溪區南興里23鄰仁和路二段517巷111之1號,68,6800300,6800300-021,23鄰,仁和路,二段,517巷,,,,111之1號,121.253905103862,24.9082215133774
桃園市大溪區南興里23鄰仁和路二段517巷115弄2號,68,6800300,6800300-021,23鄰,仁和路,二段,517巷,115弄,,,2號,121.25374079151,24.9081823387089
桃園市大溪區南興里23鄰仁和路二段517巷115弄6號,68,6800300,6800300-021,23鄰,仁和路,二段,517巷,115弄,,,6號,121.253738742013,24.9081483049897
桃園市大溪區南興里23鄰仁和路二段517巷115弄8號,68,6800300,6800300-021,23鄰,仁和路,二段,517巷,115弄,,,8號,121.253747524648,24.9080862646907
桃園市大溪區南興里23鄰仁和路二段517巷115弄10號,68,6800300,6800300-021,23鄰,仁和路,二段,517巷,115弄,,,10號,121.253757585521,24.9080199788509
桃園市大溪區南興里23鄰仁和路二段517巷115弄12號,68,6800300,6800300-021,23鄰,仁和路,二段,517巷,115弄,,,12號,121.253757510202,24.9079347505366
桃園市大溪區南興里23鄰仁和路二段517巷115弄15號,68,6800300,6800300-021,23鄰,仁和路,二段,517巷,115弄,,,15號,121.253902802934,24.9079195160924
桃園市大溪區南興里23鄰仁和路二段517巷115弄16號,68,6800300,6800300-021,23鄰,仁和路,二段,517巷,115弄,,,16號,121.253768904147,24.9078910335191
桃園市大溪區南興里23鄰仁和路二段517巷115弄18號,68,6800300,6800300-021,23鄰,仁和路,二段,517巷,115弄,,,18號,121.253776289568,24.9078234882469
桃園市大溪區南興里23鄰仁和路二段517巷115弄20號,68,6800300,6800300-021,23鄰,仁和路,二段,517巷,115弄,,,20號,121.25378169898,24.9077578423075
桃園市大溪區南興里23鄰仁和路二段517巷115弄22號,68,6800300,6800300-021,23鄰,仁和路,二段,517巷,115弄,,,22號,121.253787700874,24.9076914730843
桃園市大溪區南興里23鄰仁和路二段517巷115弄26號,68,6800300,6800300-021,23鄰,仁和路,二段,517巷,115弄,,,26號,121.253789749468,24.9076282705394
桃園市大溪區南興里23鄰仁和路二段517巷115弄27號,68,6800300,6800300-021,23鄰,仁和路,二段,517巷,115弄,,,27號,121.253954480692,24.9074855214408
桃園市大溪區南興里23鄰仁和路二段517巷115弄28號,68,6800300,6800300-021,23鄰,仁和路,二段,517巷,115弄,,,28號,121.253797732706,24.9075626202186
桃園市大溪區南興里23鄰仁和路二段517巷115弄30號,68,6800300,6800300-021,23鄰,仁和路,二段,517巷,115弄,,,30號,121.253801075416,24.9075029365612
桃園市大溪區南興里23鄰仁和路二段517巷115弄31之1號,68,6800300,6800300-021,23鄰,仁和路,二段,517巷,115弄,,,31之1號,121.253929290956,24.9074150522285
桃園市大溪區南興里23鄰仁和路二段517巷115弄33號,68,6800300,6800300-021,23鄰,仁和路,二段,517巷,115弄,,,33號,121.253941010367,24.9073369362951
桃園市大溪區南興里23鄰仁和路二段517巷115弄36號,68,6800300,6800300-021,23鄰,仁和路,二段,517巷,115弄,,,36號,121.253796538526,24.907365982886
桃園市大溪區南興里23鄰仁和路二段517巷115弄38號,68,6800300,6800300-021,23鄰,仁和路,二段,517巷,115弄,,,38號,121.253797366686,24.9072868923648
桃園市大溪區南興里23鄰仁和路二段517巷115弄39號,68,6800300,6800300-021,23鄰,仁和路,二段,517巷,115弄,,,39號,121.253925025,24.9072170658578
桃園市大溪區南興里23鄰仁和路二段517巷115弄40號,68,6800300,6800300-021,23鄰,仁和路,二段,517巷,115弄,,,40號,121.25379203175,24.9072437455101
桃園市大溪區南興里23鄰仁和路二段517巷115弄42號,68,6800300,6800300-021,23鄰,仁和路,二段,517巷,115弄,,,42號,121.253792343514,24.9072025753043
桃園市大溪區南興里23鄰仁和路二段517巷115弄46號,68,6800300,6800300-021,23鄰,仁和路,二段,517巷,115弄,,,46號,121.253782960375,24.9071645815457
桃園市大溪區南興里23鄰仁和路二段517巷115弄48號,68,6800300,6800300-021,23鄰,仁和路,二段,517巷,115弄,,,48號,121.253787017644,24.9071154599419
桃園市大溪區南興里23鄰仁和路二段517巷115弄50號,68,6800300,6800300-021,23鄰,仁和路,二段,517巷,115弄,,,50號,121.253783681437,24.9070331262653
桃園市大溪區南興里23鄰仁和路二段517巷115弄52號,68,6800300,6800300-021,23鄰,仁和路,二段,517巷,115弄,,,52號,121.253776728462,24.9069732795513
桃園市大溪區南興里23鄰仁和路二段517巷115弄56號,68,6800300,6800300-021,23鄰,仁和路,二段,517巷,115弄,,,56號,121.253779278668,24.9069133263848
桃園市大溪區南興里23鄰仁和路二段517巷115弄58號,68,6800300,6800300-021,23鄰,仁和路,二段,517巷,115弄,,,58號,121.25377392012,24.9068586231667
桃園市大溪區南興里23鄰仁和路二段517巷115弄60號,68,6800300,6800300-021,23鄰,仁和路,二段,517巷,115弄,,,60號,121.253784295777,24.9068010943644
桃園市大溪區南興里23鄰仁和路二段517巷115弄62號,68,6800300,6800300-021,23鄰,仁和路,二段,517巷,115弄,,,62號,121.253774775825,24.9067445925376
桃園市大溪區南興里23鄰仁和路二段517巷115弄66號,68,6800300,6800300-021,23鄰,仁和路,二段,517巷,115弄,,,66號,121.253775647577,24.9066868090499
桃園市大溪區南興里23鄰仁和路二段517巷115弄68號,68,6800300,6800300-021,23鄰,仁和路,二段,517巷,115弄,,,68號,121.253776576404,24.9066085309098
桃園市大溪區南興里23鄰仁和路二段517巷121弄1號,68,6800300,6800300-021,23鄰,仁和路,二段,517巷,121弄,,,1號,121.253659006863,24.9081749842061
桃園市大溪區南興里23鄰仁和路二段517巷121弄2號,68,6800300,6800300-021,23鄰,仁和路,二段,517巷,121弄,,,2號,121.253512260246,24.9082055692275
桃園市大溪區南興里23鄰仁和路二段517巷121弄3號,68,6800300,6800300-021,23鄰,仁和路,二段,517巷,121弄,,,3號,121.253656179093,24.9081476328521
桃園市大溪區南興里23鄰仁和路二段517巷121弄5號,68,6800300,6800300-021,23鄰,仁和路,二段,517巷,121弄,,,5號,121.253659319466,24.9080857827214
桃園市大溪區南興里23鄰仁和路二段517巷121弄6號,68,6800300,6800300-021,23鄰,仁和路,二段,517巷,121弄,,,6號,121.253516155935,24.9081257512271
桃園市大溪區南興里23鄰仁和路二段517巷121弄7號,68,6800300,6800300-021,23鄰,仁和路,二段,517巷,121弄,,,7號,121.253667642477,24.9079925951012
桃園市大溪區南興里23鄰仁和路二段517巷121弄8號,68,6800300,6800300-021,23鄰,仁和路,二段,517巷,121弄,,,8號,121.253518157446,24.9080394359708
桃園市大溪區南興里23鄰仁和路二段517巷121弄9號,68,6800300,6800300-021,23鄰,仁和路,二段,517巷,121弄,,,9號,121.253671694462,24.9079408552679
桃園市大溪區南興里23鄰仁和路二段517巷121弄10號,68,6800300,6800300-021,23鄰,仁和路,二段,517巷,121弄,,,10號,121.253519462562,24.9079998891996
桃園市大溪區南興里23鄰仁和路二段517巷121弄11號,68,6800300,6800300-021,23鄰,仁和路,二段,517巷,121弄,,,11號,121.253677088982,24.9078678963243
桃園市大溪區南興里23鄰仁和路二段517巷121弄12號,68,6800300,6800300-021,23鄰,仁和路,二段,517巷,121弄,,,12號,121.253525567475,24.9079354157848
桃園市大溪區南興里23鄰仁和路二段517巷121弄13號,68,6800300,6800300-021,23鄰,仁和路,二段,517巷,121弄,,,13號,121.253683812692,24.90781561024
桃園市大溪區南興里23鄰仁和路二段517巷121弄15號,68,6800300,6800300-021,23鄰,仁和路,二段,517巷,121弄,,,15號,121.25368784362,24.9077535780227
桃園市大溪區南興里23鄰仁和路二段517巷121弄16號,68,6800300,6800300-021,23鄰,仁和路,二段,517巷,121弄,,,16號,121.253530187469,24.9078709448931
桃園市大溪區南興里23鄰仁和路二段517巷121弄17號,68,6800300,6800300-021,23鄰,仁和路,二段,517巷,121弄,,,17號,121.253689789396,24.9076884796824
桃園市大溪區南興里23鄰仁和路二段517巷121弄18號,68,6800300,6800300-021,23鄰,仁和路,二段,517巷,121弄,,,18號,121.253530846406,24.9078058487426
桃園市大溪區南興里23鄰仁和路二段517巷121弄19號,68,6800300,6800300-021,23鄰,仁和路,二段,517巷,121弄,,,19號,121.253697865407,24.9076197595408
桃園市大溪區南興里23鄰仁和路二段517巷121弄20號,68,6800300,6800300-021,23鄰,仁和路,二段,517巷,121弄,,,20號,121.253538240809,24.9077426371152
桃園市大溪區南興里23鄰仁和路二段517巷121弄21號,68,6800300,6800300-021,23鄰,仁和路,二段,517巷,121弄,,,21號,121.253699917739,24.9075583626774
桃園市大溪區南興里23鄰仁和路二段517巷121弄22號,68,6800300,6800300-021,23鄰,仁和路,二段,517巷,121弄,,,22號,121.253545630038,24.9076768975334
桃園市大溪區南興里23鄰仁和路二段517巷121弄23號,68,6800300,6800300-021,23鄰,仁和路,二段,517巷,121弄,,,23號,121.253709990597,24.9074979453001
桃園市大溪區南興里23鄰仁和路二段517巷121弄26號,68,6800300,6800300-021,23鄰,仁和路,二段,517巷,121弄,,,26號,121.25354836544,24.9076106241548
桃園市大溪區南興里23鄰仁和路二段517巷121弄27號,68,6800300,6800300-021,23鄰,仁和路,二段,517巷,121弄,,,27號,121.253693504371,24.9073750963068
桃園市大溪區南興里23鄰仁和路二段517巷121弄28號,68,6800300,6800300-021,23鄰,仁和路,二段,517巷,121弄,,,28號,121.253556351203,24.9075461475386
桃園市大溪區南興里23鄰仁和路二段517巷121弄29號,68,6800300,6800300-021,23鄰,仁和路,二段,517巷,121弄,,,29號,121.253683374945,24.9073110116275
桃園市大溪區南興里23鄰仁和路二段517巷121弄30號,68,6800300,6800300-021,23鄰,仁和路,二段,517巷,121弄,,,30號,121.25355662762,24.9074876427948
桃園市大溪區南興里23鄰仁和路二段517巷121弄31號,68,6800300,6800300-021,23鄰,仁和路,二段,517巷,121弄,,,31號,121.25368534287,24.907256747371
桃園市大溪區南興里23鄰仁和路二段517巷121弄33號,68,6800300,6800300-021,23鄰,仁和路,二段,517巷,121弄,,,33號,121.25368314568,24.9071988788223
桃園市大溪區南興里23鄰仁和路二段517巷121弄35號,68,6800300,6800300-021,23鄰,仁和路,二段,517巷,121弄,,,35號,121.253679875069,24.9071485959864
桃園市大溪區南興里23鄰仁和路二段517巷121弄36之1號,68,6800300,6800300-021,23鄰,仁和路,二段,517巷,121弄,,,36之1號,121.253486011806,24.9072776710697
桃園市大溪區南興里23鄰仁和路二段517巷121弄37號,68,6800300,6800300-021,23鄰,仁和路,二段,517巷,121弄,,,37號,121.253687617104,24.9071102119595
桃園市大溪區南興里23鄰仁和路二段517巷121弄39號,68,6800300,6800300-021,23鄰,仁和路,二段,517巷,121弄,,,39號,121.253682860485,24.907059389944
桃園市大溪區南興里23鄰仁和路二段517巷121弄41號,68,6800300,6800300-021,23鄰,仁和路,二段,517巷,121弄,,,41號,121.25368011881,24.9070257185333
桃園市大溪區南興里23鄰仁和路二段517巷121弄43號,68,6800300,6800300-021,23鄰,仁和路,二段,517巷,121弄,,,43號,121.25368060497,24.9069729916291
桃園市大溪區南興里23鄰仁和路二段517巷121弄45號,68,6800300,6800300-021,23鄰,仁和路,二段,517巷,121弄,,,45號,121.253679829928,24.9068844239704
桃園市大溪區南興里23鄰仁和路二段517巷121弄47號,68,6800300,6800300-021,23鄰,仁和路,二段,517巷,121弄,,,47號,121.253673798777,24.906839653174
桃園市大溪區南興里23鄰仁和路二段517巷121弄49號,68,6800300,6800300-021,23鄰,仁和路,二段,517巷,121弄,,,49號,121.253677069671,24.9067932414396
桃園市大溪區南興里23鄰仁和路二段517巷121弄51號,68,6800300,6800300-021,23鄰,仁和路,二段,517巷,121弄,,,51號,121.253672176053,24.9067238210716
桃園市大溪區南興里23鄰仁和路二段517巷121弄53號,68,6800300,6800300-021,23鄰,仁和路,二段,517巷,121弄,,,53號,121.253671568308,24.9066686583472
桃園市大溪區南興里23鄰仁和路二段517巷127弄1號,68,6800300,6800300-021,23鄰,仁和路,二段,517巷,127弄,,,1號,121.253400768254,24.9081938411352
桃園市大溪區南興里23鄰仁和路二段517巷127弄3號,68,6800300,6800300-021,23鄰,仁和路,二段,517巷,127弄,,,3號,121.253406863463,24.9081245826716
桃園市大溪區南興里23鄰仁和路二段517巷127弄5號,68,6800300,6800300-021,23鄰,仁和路,二段,517巷,127弄,,,5號,121.253414853018,24.9080619117476
桃園市大溪區南興里23鄰仁和路二段517巷127弄7號,68,6800300,6800300-021,23鄰,仁和路,二段,517巷,127弄,,,7號,121.253418877819,24.9079968098806
桃園市大溪區南興里23鄰仁和路二段517巷127弄9號,68,6800300,6800300-021,23鄰,仁和路,二段,517巷,127弄,,,9號,121.253421615691,24.9079317101994
桃園市大溪區南興里23鄰仁和路二段517巷127弄11號,68,6800300,6800300-021,23鄰,仁和路,二段,517巷,127弄,,,11號,121.253426929989,24.9078678701215
桃園市大溪區南興里23鄰仁和路二段517巷127弄13號,68,6800300,6800300-021,23鄰,仁和路,二段,517巷,127弄,,,13號,121.253431641651,24.9077997877014
桃園市大溪區南興里23鄰仁和路二段517巷127弄15號,68,6800300,6800300-021,23鄰,仁和路,二段,517巷,127弄,,,15號,121.25344368753,24.9077359361849
桃園市大溪區南興里23鄰仁和路二段517巷127弄17號,68,6800300,6800300-021,23鄰,仁和路,二段,517巷,127弄,,,17號,121.253444352783,24.9076739096912
桃園市大溪區南興里23鄰仁和路二段517巷127弄19之1號,68,6800300,6800300-021,23鄰,仁和路,二段,517巷,127弄,,,19之1號,121.253449129672,24.9075893051178
桃園市大溪區南興里23鄰仁和路二段519之1號,68,6800300,6800300-021,23鄰,仁和路,二段,,,,,519之1號,121.256755383851,24.9094291531839
桃園市大溪區南興里23鄰仁和路二段521之1號,68,6800300,6800300-021,23鄰,仁和路,二段,,,,,521之1號,121.256629202723,24.9094955487506
桃園市大溪區南興里23鄰仁和路二段525號,68,6800300,6800300-021,23鄰,仁和路,二段,,,,,525號,121.257332747746,24.9085325375829
桃園市大溪區南興里23鄰仁和路二段526號,68,6800300,6800300-021,23鄰,仁和路,二段,,,,,526號,121.256040207712,24.9104691940703
桃園市大溪區南興里23鄰仁和路二段528號,68,6800300,6800300-021,23鄰,仁和路,二段,,,,,528號,121.25594370873,24.9105281347865
桃園市大溪區南興里23鄰仁和路二段532號,68,6800300,6800300-021,23鄰,仁和路,二段,,,,,532號,121.255803974646,24.910503907447
桃園市大溪區南興里23鄰仁和路二段534號,68,6800300,6800300-021,23鄰,仁和路,二段,,,,,534號,121.255755631032,24.9105357704329
桃園市大溪區南興里23鄰仁和路二段535號,68,6800300,6800300-021,23鄰,仁和路,二段,,,,,535號,121.256193033623,24.9097381702812
桃園市大溪區南興里23鄰仁和路二段536號,68,6800300,6800300-021,23鄰,仁和路,二段,,,,,536號,121.255715400246,24.9105652721019
桃園市大溪區南興里23鄰仁和路二段537號,68,6800300,6800300-021,23鄰,仁和路,二段,,,,,537號,121.256064249621,24.9098387876044
桃園市大溪區南興里23鄰仁和路二段538號,68,6800300,6800300-021,23鄰,仁和路,二段,,,,,538號,121.255675169441,24.9105947737601
桃園市大溪區南興里23鄰仁和路二段539號,68,6800300,6800300-021,23鄰,仁和路,二段,,,,,539號,121.255924799202,24.9099517017877
桃園市大溪區南興里23鄰仁和路二段540號,68,6800300,6800300-021,23鄰,仁和路,二段,,,,,540號,121.255626929964,24.9106291644869
桃園市大溪區南興里23鄰仁和路二段541號,68,6800300,6800300-021,23鄰,仁和路,二段,,,,,541號,121.255853007989,24.909990466645
桃園市大溪區南興里23鄰仁和路二段541之3號,68,6800300,6800300-021,23鄰,仁和路,二段,,,,,541之3號,121.255853007989,24.909990466645
桃園市大溪區南興里23鄰仁和路二段542號,68,6800300,6800300-021,23鄰,仁和路,二段,,,,,542號,121.255549105628,24.9106709189199
桃園市大溪區南興里23鄰仁和路二段543號,68,6800300,6800300-021,23鄰,仁和路,二段,,,,,543號,121.255839343015,24.910132778192
桃園市大溪區南興里23鄰仁和路二段545號,68,6800300,6800300-021,23鄰,仁和路,二段,,,,,545號,121.255799431147,24.9101728426041
桃園市大溪區南興里23鄰仁和路二段546之1號,68,6800300,6800300-021,23鄰,仁和路,二段,,,,,546之1號,121.255470572649,24.9107050906428
桃園市大溪區南興里23鄰仁和路二段548巷17號,68,6800300,6800300-021,23鄰,仁和路,二段,548巷,,,,17號,121.256230085489,24.9112372778598
桃園市大溪區南興里23鄰仁和路二段548巷19號,68,6800300,6800300-021,23鄰,仁和路,二段,548巷,,,,19號,121.256366331788,24.911297895366
桃園市大溪區南興里7鄰仁和路二段548巷19之9號,68,6800300,6800300-021,7鄰,仁和路,二段,548巷,,,,19之9號,121.256721467525,24.9125097124691
桃園市大溪區南興里7鄰仁和路二段548巷30號,68,6800300,6800300-021,7鄰,仁和路,二段,548巷,,,,30號,121.257045621977,24.910615350498
桃園市大溪區南興里7鄰仁和路二段548巷79號,68,6800300,6800300-021,7鄰,仁和路,二段,548巷,,,,79號,121.257897625281,24.911681491723
桃園市大溪區南興里7鄰仁和路二段548巷80號,68,6800300,6800300-021,7鄰,仁和路,二段,548巷,,,,80號,121.258073343538,24.9113473164231
桃園市大溪區南興里7鄰仁和路二段548巷115號,68,6800300,6800300-021,7鄰,仁和路,二段,548巷,,,,115號,121.258720649773,24.9117570788496
桃園市大溪區南興里7鄰仁和路二段548巷117號,68,6800300,6800300-021,7鄰,仁和路,二段,548巷,,,,117號,121.258793156374,24.9117764544673
桃園市大溪區南興里7鄰仁和路二段548巷205之1號,68,6800300,6800300-021,7鄰,仁和路,二段,548巷,,,,205之1號,121.261570703015,24.9125149196798
桃園市大溪區南興里2鄰仁和路二段548巷236號,68,6800300,6800300-021,2鄰,仁和路,二段,548巷,,,,236號,121.262778961123,24.9123682506336
桃園市大溪區南興里2鄰仁和路二段548巷248號,68,6800300,6800300-021,2鄰,仁和路,二段,548巷,,,,248號,121.263093272788,24.9121782801185
桃園市大溪區南興里2鄰仁和路二段548巷255號,68,6800300,6800300-021,2鄰,仁和路,二段,548巷,,,,255號,121.263498584442,24.9129308062417
桃園市大溪區南興里2鄰仁和路二段548巷270號,68,6800300,6800300-021,2鄰,仁和路,二段,548巷,,,,270號,121.2635570801,24.9121328608189
桃園市大溪區南興里23鄰仁和路二段549號,68,6800300,6800300-021,23鄰,仁和路,二段,,,,,549號,121.255705465977,24.9102122774068
桃園市大溪區南興里23鄰仁和路二段550號,68,6800300,6800300-021,23鄰,仁和路,二段,,,,,550號,121.255264938427,24.9109849629831
桃園市大溪區南興里23鄰仁和路二段553號,68,6800300,6800300-021,23鄰,仁和路,二段,,,,,553號,121.255669197531,24.9102909772314
桃園市大溪區南興里23鄰仁和路二段555號,68,6800300,6800300-021,23鄰,仁和路,二段,,,,,555號,121.255634332681,24.9103302203889
桃園市大溪區南興里23鄰仁和路二段561號,68,6800300,6800300-021,23鄰,仁和路,二段,,,,,561號,121.255448551037,24.9103950919767
桃園市大溪區南興里23鄰仁和路二段563號,68,6800300,6800300-021,23鄰,仁和路,二段,,,,,563號,121.255411018211,24.9104367773282
桃園市大溪區南興里23鄰仁和路二段565號,68,6800300,6800300-021,23鄰,仁和路,二段,,,,,565號,121.255374153242,24.9104662731423
桃園市大溪區南興里23鄰仁和路二段567號,68,6800300,6800300-021,23鄰,仁和路,二段,,,,,567號,121.255334185927,24.9104795230787
桃園市大溪區南興里23鄰仁和路二段571巷23號,68,6800300,6800300-021,23鄰,仁和路,二段,571巷,,,,23號,121.254833448306,24.9104730664072
桃園市大溪區南興里23鄰仁和路二段571巷26號,68,6800300,6800300-021,23鄰,仁和路,二段,571巷,,,,26號,121.254037157759,24.9106846969719
桃園市大溪區南興里23鄰仁和路二段571巷32號,68,6800300,6800300-021,23鄰,仁和路,二段,571巷,,,,32號,121.254190317696,24.9103040681312
桃園市大溪區南興里23鄰仁和路二段571巷36號,68,6800300,6800300-021,23鄰,仁和路,二段,571巷,,,,36號,121.254273593319,24.9100721662945
桃園市大溪區南興里23鄰仁和路二段571巷41號,68,6800300,6800300-021,23鄰,仁和路,二段,571巷,,,,41號,121.254604435657,24.9101672130395
桃園市大溪區南興里23鄰仁和路二段571巷60號,68,6800300,6800300-021,23鄰,仁和路,二段,571巷,,,,60號,121.254323530632,24.9095137627818
桃園市大溪區南興里23鄰仁和路二段573號,68,6800300,6800300-021,23鄰,仁和路,二段,,,,,573號,121.254904506243,24.9107516527131
桃園市大溪區南興里23鄰仁和路二段579之1號,68,6800300,6800300-021,23鄰,仁和路,二段,,,,,579之1號,121.254747693588,24.9109435942526
桃園市大溪區南興里23鄰仁和路二段588號,68,6800300,6800300-021,23鄰,仁和路,二段,,,,,588號,121.255143318803,24.9113931659283
桃園市大溪區南興里23鄰仁和路二段589之1號,68,6800300,6800300-021,23鄰,仁和路,二段,,,,,589之1號,121.254691514142,24.911016549646
桃園市大溪區南興里23鄰仁和路二段591之1號,68,6800300,6800300-021,23鄰,仁和路,二段,,,,,591之1號,121.254641762962,24.9110381222621
桃園市大溪區南興里23鄰仁和路二段593之1號,68,6800300,6800300-021,23鄰,仁和路,二段,,,,,593之1號,121.254603886541,24.9110573271993
