FULL_ADDR,COUNTY,TOWN,VILLAGE,NEIGHBORHOOD,ROAD,SECTION,LANE,ALLEY,SUB_ALLEY,TONG,NUMBER,X,Y
桃園市觀音區大潭里16鄰保生五街70號,68,6801200,6801200-004,16鄰,保生五街,,,,,,70號,121.058122061513,25.025706540187
桃園市觀音區大潭里16鄰保生五街77號,68,6801200,6801200-004,16鄰,保生五街,,,,,,77號,121.058570090068,25.025802606531
桃園市觀音區大潭里16鄰保生五街108號,68,6801200,6801200-004,16鄰,保生五街,,,,,,108號,121.058685471151,25.0263055302937
