FULL_ADDR,COUNTY,TOWN,VILLAGE,NEIGHBORHOOD,ROAD,SECTION,LANE,ALLEY,SUB_ALLEY,TONG,NUMBER,X,Y
桃園市觀音區富源里7鄰富源一路126之1號,68,6801200,6801200-015,7鄰,富源一路,,,,,,126之1號,121.133135688863,24.985503478384
桃園市觀音區富源里7鄰富源一路126之3號,68,6801200,6801200-015,7鄰,富源一路,,,,,,126之3號,121.133479138705,24.985980140285
桃園市觀音區富源里7鄰富源一路126號,68,6801200,6801200-015,7鄰,富源一路,,,,,,126號,121.133244794953,24.985268913593
桃園市觀音區富源里7鄰富源一路126之2號,68,6801200,6801200-015,7鄰,富源一路,,,,,,126之2號,121.133142018272,24.9858618995783
桃園市觀音區富源里7鄰富源一路126之5號,68,6801200,6801200-015,7鄰,富源一路,,,,,,126之5號,121.132759852189,24.9855821804964
