FULL_ADDR,COUNTY,TOWN,VILLAGE,NEIGHBORHOOD,ROAD,SECTION,LANE,ALLEY,SUB_ALLEY,TONG,NUMBER,X,Y
桃園市中壢區忠孝里18鄰元生二街126號,68,6800200,6800200-057,18鄰,元生二街,,,,,,126號,121.254206994916,24.9764317872248
桃園市中壢區忠孝里3鄰元生二街190號,68,6800200,6800200-057,3鄰,元生二街,,,,,,190號,121.253731232769,24.9775765815234
桃園市中壢區忠孝里3鄰元生二街192號,68,6800200,6800200-057,3鄰,元生二街,,,,,,192號,121.253675231891,24.977654862498
