FULL_ADDR,COUNTY,TOWN,VILLAGE,NEIGHBORHOOD,ROAD,SECTION,LANE,ALLEY,SUB_ALLEY,TONG,NUMBER,X,Y
桃園市新屋區後庄里3鄰後庄三路15號,68,6801100,6801100-021,3鄰,後庄三路,,,,,,15號,121.021743099842,24.9531462533048
桃園市新屋區後庄里3鄰後庄三路90號,68,6801100,6801100-021,3鄰,後庄三路,,,,,,90號,121.021764641559,24.9551317842238
桃園市新屋區後庄里3鄰後庄三路130巷50號,68,6801100,6801100-021,3鄰,後庄三路,,130巷,,,,50號,121.021616239319,24.9554064508727
