FULL_ADDR,COUNTY,TOWN,VILLAGE,NEIGHBORHOOD,ROAD,SECTION,LANE,ALLEY,SUB_ALLEY,TONG,NUMBER,X,Y
桃園市平鎮區湧光里28鄰工業十一路1號,68,6801000,6801000-016,28鄰,工業十一路,,,,,,1號,121.206863800968,24.8967295205124
桃園市平鎮區湧光里28鄰工業十一路1之1號,68,6801000,6801000-016,28鄰,工業十一路,,,,,,1之1號,121.206554459985,24.896425779894
桃園市平鎮區湧光里28鄰工業十一路2號,68,6801000,6801000-016,28鄰,工業十一路,,,,,,2號,121.20568070207,24.8969557843344
桃園市平鎮區湧光里28鄰工業十一路3號,68,6801000,6801000-016,28鄰,工業十一路,,,,,,3號,121.206105775311,24.8958396400108
桃園市平鎮區湧光里28鄰工業十一路3之1號,68,6801000,6801000-016,28鄰,工業十一路,,,,,,3之1號,121.206331324777,24.8959362037971
桃園市平鎮區湧光里28鄰工業十一路5號,68,6801000,6801000-016,28鄰,工業十一路,,,,,,5號,121.205875291015,24.895811247646
桃園市平鎮區湧光里28鄰工業十一路7號,68,6801000,6801000-016,28鄰,工業十一路,,,,,,7號,121.205367039937,24.8957139890913
桃園市平鎮區湧光里28鄰工業十一路10號,68,6801000,6801000-016,28鄰,工業十一路,,,,,,10號,121.20551697398,24.8964742507663
桃園市平鎮區湧光里28鄰工業十一路12號,68,6801000,6801000-016,28鄰,工業十一路,,,,,,12號,121.205549163131,24.8962465084019
