FULL_ADDR,COUNTY,TOWN,VILLAGE,NEIGHBORHOOD,ROAD,SECTION,LANE,ALLEY,SUB_ALLEY,TONG,NUMBER,X,Y
桃園市新屋區下埔里3鄰忠恕路7號,68,6801100,6801100-011,3鄰,忠恕路,,,,,,7號,121.049147950701,25.0115608063777
桃園市新屋區下埔里3鄰忠恕路11號,68,6801100,6801100-011,3鄰,忠恕路,,,,,,11號,121.049147651933,25.0113080122093
桃園市新屋區下埔里3鄰忠恕路13號,68,6801100,6801100-011,3鄰,忠恕路,,,,,,13號,121.049200828757,25.0112378442153
桃園市新屋區下埔里3鄰忠恕路21號,68,6801100,6801100-011,3鄰,忠恕路,,,,,,21號,121.049285588794,25.0113595185343
桃園市新屋區下埔里2鄰忠恕路27號,68,6801100,6801100-011,2鄰,忠恕路,,,,,,27號,121.049498860492,25.0114996582357
桃園市新屋區下埔里2鄰忠恕路31巷6號,68,6801100,6801100-011,2鄰,忠恕路,,31巷,,,,6號,121.050453143367,25.0121389972855
桃園市新屋區下埔里2鄰忠恕路35號,68,6801100,6801100-011,2鄰,忠恕路,,,,,,35號,121.050592708291,25.0120495690494
桃園市新屋區下埔里2鄰忠恕路37號,68,6801100,6801100-011,2鄰,忠恕路,,,,,,37號,121.050675684547,25.0121656455807
桃園市新屋區下埔里2鄰忠恕路39號,68,6801100,6801100-011,2鄰,忠恕路,,,,,,39號,121.050725940589,25.0122222362992
桃園市新屋區下埔里2鄰忠恕路50巷37號,68,6801100,6801100-011,2鄰,忠恕路,,50巷,,,,37號,121.051394976623,25.0111707436285
桃園市新屋區下埔里1鄰忠恕路51號,68,6801100,6801100-011,1鄰,忠恕路,,,,,,51號,121.050805241222,25.0123141179895
桃園市新屋區下埔里1鄰忠恕路61號,68,6801100,6801100-011,1鄰,忠恕路,,,,,,61號,121.050887876644,25.0125639046035
桃園市新屋區下埔里1鄰忠恕路65號,68,6801100,6801100-011,1鄰,忠恕路,,,,,,65號,121.050915884544,25.0127280306934
桃園市新屋區下埔里2鄰忠恕路75號,68,6801100,6801100-011,2鄰,忠恕路,,,,,,75號,121.051260219443,25.0130523918283
桃園市新屋區下埔里1鄰忠恕路125巷10號,68,6801100,6801100-011,1鄰,忠恕路,,125巷,,,,10號,121.053425336503,25.0135990194541
桃園市新屋區下埔里1鄰忠恕路132號,68,6801100,6801100-011,1鄰,忠恕路,,,,,,132號,121.053764055932,25.0128386188367
