FULL_ADDR,COUNTY,TOWN,VILLAGE,NEIGHBORHOOD,ROAD,SECTION,LANE,ALLEY,SUB_ALLEY,TONG,NUMBER,X,Y
桃園市觀音區大堀里10鄰同心路105號,68,6801200,6801200-013,10鄰,同心路,,,,,,105號,121.126803254485,25.0149255083269
桃園市觀音區大堀里10鄰同心路126號,68,6801200,6801200-013,10鄰,同心路,,,,,,126號,121.12743471383,25.0159997032365
桃園市觀音區大堀里10鄰同心路128號,68,6801200,6801200-013,10鄰,同心路,,,,,,128號,121.127430527368,25.0162634248895
桃園市觀音區大堀里10鄰同心路130號,68,6801200,6801200-013,10鄰,同心路,,,,,,130號,121.127337074459,25.0163411487461
桃園市觀音區大堀里10鄰同心路150號,68,6801200,6801200-013,10鄰,同心路,,,,,,150號,121.126432792253,25.0155060758312
桃園市觀音區大堀里10鄰同心路161號,68,6801200,6801200-013,10鄰,同心路,,,,,,161號,121.125759897834,25.0146934629364
桃園市觀音區大堀里10鄰同心路168號,68,6801200,6801200-013,10鄰,同心路,,,,,,168號,121.126128823551,25.0153237807414
桃園市觀音區大堀里10鄰同心路206號,68,6801200,6801200-013,10鄰,同心路,,,,,,206號,121.125385620422,25.0148385937472
桃園市觀音區大堀里10鄰同心路208號,68,6801200,6801200-013,10鄰,同心路,,,,,,208號,121.125482871995,25.0148913275633
桃園市觀音區大堀里10鄰同心路210號,68,6801200,6801200-013,10鄰,同心路,,,,,,210號,121.125417931244,25.0149465455726
桃園市觀音區大堀里10鄰同心路212號,68,6801200,6801200-013,10鄰,同心路,,,,,,212號,121.125344440087,25.0150703862246
桃園市觀音區大堀里10鄰同心路216號,68,6801200,6801200-013,10鄰,同心路,,,,,,216號,121.125297033012,25.0150245621579
桃園市觀音區大堀里10鄰同心路218號,68,6801200,6801200-013,10鄰,同心路,,,,,,218號,121.125237854619,25.0149977075263
桃園市觀音區大堀里10鄰同心路232號,68,6801200,6801200-013,10鄰,同心路,,,,,,232號,121.125210090642,25.01439039374
桃園市觀音區大堀里10鄰同心路236號,68,6801200,6801200-013,10鄰,同心路,,,,,,236號,121.125223186248,25.0143094886846
