FULL_ADDR,COUNTY,TOWN,VILLAGE,NEIGHBORHOOD,ROAD,SECTION,LANE,ALLEY,SUB_ALLEY,TONG,NUMBER,X,Y
桃園市大園區內海里2鄰內海路50號,68,6800600,6800600-017,2鄰,內海路,,,,,,50號,121.19053454753,25.0923412288274
桃園市大園區內海里2鄰內海路53號,68,6800600,6800600-017,2鄰,內海路,,,,,,53號,121.190055961679,25.0920687384491
桃園市大園區內海里2鄰內海路55號,68,6800600,6800600-017,2鄰,內海路,,,,,,55號,121.189710165312,25.0920767647285
桃園市大園區內海里2鄰內海路67號,68,6800600,6800600-017,2鄰,內海路,,,,,,67號,121.189604681386,25.0925937662306
桃園市大園區內海里2鄰內海路127號,68,6800600,6800600-017,2鄰,內海路,,,,,,127號,121.188196667275,25.0918241861842
