FULL_ADDR,COUNTY,TOWN,VILLAGE,NEIGHBORHOOD,ROAD,SECTION,LANE,ALLEY,SUB_ALLEY,TONG,NUMBER,X,Y
桃園市八德區霄裡里15鄰官路缺街51號,68,6800800,6800800-010,15鄰,官路缺街,,,,,,51號,121.255897859496,24.9172875270654
桃園市八德區霄裡里15鄰官路缺街53號,68,6800800,6800800-010,15鄰,官路缺街,,,,,,53號,121.255929861348,24.9173472403166
桃園市八德區霄裡里15鄰官路缺街57號,68,6800800,6800800-010,15鄰,官路缺街,,,,,,57號,121.255947581463,24.9175385222142
桃園市八德區霄裡里15鄰官路缺街65號,68,6800800,6800800-010,15鄰,官路缺街,,,,,,65號,121.256074957188,24.9177588679368
桃園市八德區霄裡里15鄰官路缺街69號,68,6800800,6800800-010,15鄰,官路缺街,,,,,,69號,121.255962840563,24.9177365796467
桃園市八德區霄裡里15鄰官路缺街118巷25號,68,6800800,6800800-010,15鄰,官路缺街,,118巷,,,,25號,121.256963707121,24.9182396374835
桃園市八德區霄裡里15鄰官路缺街118巷59號,68,6800800,6800800-010,15鄰,官路缺街,,118巷,,,,59號,121.257553987017,24.9179660510671
