FULL_ADDR,COUNTY,TOWN,VILLAGE,NEIGHBORHOOD,ROAD,SECTION,LANE,ALLEY,SUB_ALLEY,TONG,NUMBER,X,Y
桃園市中壢區內厝里5鄰內厝二路57巷3號,68,6800200,6800200-051,5鄰,內厝二路,,57巷,,,,3號,121.191878299475,24.9781624687704
桃園市中壢區內厝里5鄰內厝二路57巷15號,68,6800200,6800200-051,5鄰,內厝二路,,57巷,,,,15號,121.191858254688,24.9778196871464
桃園市中壢區內厝里5鄰內厝二路113號,68,6800200,6800200-051,5鄰,內厝二路,,,,,,113號,121.191113146994,24.9776598502098
桃園市中壢區內厝里5鄰內厝二路115號,68,6800200,6800200-051,5鄰,內厝二路,,,,,,115號,121.191070115525,24.9775675451485
桃園市中壢區內厝里5鄰內厝二路139號,68,6800200,6800200-051,5鄰,內厝二路,,,,,,139號,121.19087778921,24.9770091158638
桃園市中壢區內厝里5鄰內厝二路151號,68,6800200,6800200-051,5鄰,內厝二路,,,,,,151號,121.190700444439,24.9769797300735
桃園市中壢區內厝里5鄰內厝二路155號,68,6800200,6800200-051,5鄰,內厝二路,,,,,,155號,121.190484672623,24.9769531017603
