FULL_ADDR,COUNTY,TOWN,VILLAGE,NEIGHBORHOOD,ROAD,SECTION,LANE,ALLEY,SUB_ALLEY,TONG,NUMBER,X,Y
桃園市平鎮區湧安里21鄰工業十二路1之1號,68,6801000,6801000-030,21鄰,工業十二路,,,,,,1之1號,121.203864791314,24.8970078426816
桃園市平鎮區湧安里21鄰工業十二路1號,68,6801000,6801000-030,21鄰,工業十二路,,,,,,1號,121.203882040031,24.8972642276681
桃園市平鎮區湧安里21鄰工業十二路1之1號三樓,68,6801000,6801000-030,21鄰,工業十二路,,,,,,1之1號三樓,121.203864791314,24.8970078426816
桃園市平鎮區湧安里21鄰工業十二路1之1號二樓,68,6801000,6801000-030,21鄰,工業十二路,,,,,,1之1號二樓,121.203864791314,24.8970078426816
桃園市平鎮區湧安里21鄰工業十二路2號,68,6801000,6801000-030,21鄰,工業十二路,,,,,,2號,121.203063857126,24.8971658496313
桃園市平鎮區湧安里21鄰工業十二路3號,68,6801000,6801000-030,21鄰,工業十二路,,,,,,3號,121.204168085296,24.8966472823093
桃園市平鎮區湧安里21鄰工業十二路5號,68,6801000,6801000-030,21鄰,工業十二路,,,,,,5號,121.203696273199,24.8962571749028
桃園市平鎮區湧安里21鄰工業十二路6號,68,6801000,6801000-030,21鄰,工業十二路,,,,,,6號,121.203267706388,24.8964024857189
