FULL_ADDR,COUNTY,TOWN,VILLAGE,NEIGHBORHOOD,ROAD,SECTION,LANE,ALLEY,SUB_ALLEY,TONG,NUMBER,X,Y
桃園市觀音區樹林里22鄰國光路6號,68,6801200,6801200-022,22鄰,國光路,,,,,,6號,121.1052785731,25.0586779647898
桃園市觀音區樹林里22鄰國光路8號,68,6801200,6801200-022,22鄰,國光路,,,,,,8號,121.104960208463,25.0590214461568
桃園市觀音區樹林里22鄰國光路10號,68,6801200,6801200-022,22鄰,國光路,,,,,,10號,121.104629656041,25.0593711649449
