FULL_ADDR,COUNTY,TOWN,VILLAGE,NEIGHBORHOOD,ROAD,SECTION,LANE,ALLEY,SUB_ALLEY,TONG,NUMBER,X,Y
桃園市桃園區朝陽里8鄰公六街13號,68,6800100,6800100-039,8鄰,公六街,,,,,,13號,121.312238050382,24.9976804711029
桃園市桃園區朝陽里8鄰公六街17號,68,6800100,6800100-039,8鄰,公六街,,,,,,17號,121.312160961743,24.9977920420784
桃園市桃園區朝陽里8鄰公六街21號,68,6800100,6800100-039,8鄰,公六街,,,,,,21號,121.31206797413,24.9978845063712
