FULL_ADDR,COUNTY,TOWN,VILLAGE,NEIGHBORHOOD,ROAD,SECTION,LANE,ALLEY,SUB_ALLEY,TONG,NUMBER,X,Y
桃園市大園區北港里14鄰工六路1號,68,6800600,6800600-018,14鄰,工六路,,,,,,1號,121.174885262611,25.0735638548295
桃園市大園區北港里14鄰工六路3號,68,6800600,6800600-018,14鄰,工六路,,,,,,3號,121.175249199644,25.0738703866681
桃園市大園區北港里14鄰工六路5號,68,6800600,6800600-018,14鄰,工六路,,,,,,5號,121.175575278732,25.0739038573478
桃園市大園區北港里14鄰工六路6號,68,6800600,6800600-018,14鄰,工六路,,,,,,6號,121.175212446682,25.0733295466335
桃園市大園區北港里14鄰工六路7號,68,6800600,6800600-018,14鄰,工六路,,,,,,7號,121.175963365697,25.0739742697084
桃園市大園區北港里14鄰工六路8號,68,6800600,6800600-018,14鄰,工六路,,,,,,8號,121.175836189751,25.0734225225211
