FULL_ADDR,COUNTY,TOWN,VILLAGE,NEIGHBORHOOD,ROAD,SECTION,LANE,ALLEY,SUB_ALLEY,TONG,NUMBER,X,Y
桃園市大園區南港里13鄰園十街33號,68,6800600,6800600-019,13鄰,園十街,,,,,,33號,121.17480793148,25.050363071156
桃園市大園區南港里29鄰園十街78號,68,6800600,6800600-019,29鄰,園十街,,,,,,78號,121.17501628473,25.0498929933696
