FULL_ADDR,COUNTY,TOWN,VILLAGE,NEIGHBORHOOD,ROAD,SECTION,LANE,ALLEY,SUB_ALLEY,TONG,NUMBER,X,Y
桃園市大園區南港里13鄰園九街30號,68,6800600,6800600-019,13鄰,園九街,,,,,,30號,121.176671110791,25.0515603659218
桃園市大園區南港里13鄰園九街32號,68,6800600,6800600-019,13鄰,園九街,,,,,,32號,121.17662189765,25.0515913914893
桃園市大園區南港里13鄰園九街36號,68,6800600,6800600-019,13鄰,園九街,,,,,,36號,121.176578712847,25.0516103119627
桃園市大園區南港里13鄰園九街38號,68,6800600,6800600-019,13鄰,園九街,,,,,,38號,121.176538536107,25.0516535149548
桃園市大園區南港里13鄰園九街42號,68,6800600,6800600-019,13鄰,園九街,,,,,,42號,121.176448176455,25.0517427315631
