FULL_ADDR,COUNTY,TOWN,VILLAGE,NEIGHBORHOOD,ROAD,SECTION,LANE,ALLEY,SUB_ALLEY,TONG,NUMBER,X,Y
桃園市桃園區中埔里1鄰大興西路三段6號,68,6800100,6800100-017,1鄰,大興西路,三段,,,,,6號,121.291742836711,25.0069758144637
桃園市桃園區中埔里1鄰大興西路三段6之1號十樓,68,6800100,6800100-017,1鄰,大興西路,三段,,,,,6之1號十樓,121.291641859628,25.007050766809
桃園市桃園區中埔里1鄰大興西路三段6號十樓,68,6800100,6800100-017,1鄰,大興西路,三段,,,,,6號十樓,121.291742836711,25.0069758144637
桃園市桃園區中埔里1鄰大興西路三段6之1號二樓,68,6800100,6800100-017,1鄰,大興西路,三段,,,,,6之1號二樓,121.291641859628,25.007050766809
桃園市桃園區中埔里1鄰大興西路三段6號二樓,68,6800100,6800100-017,1鄰,大興西路,三段,,,,,6號二樓,121.291742836711,25.0069758144637
桃園市桃園區中埔里1鄰大興西路三段6之1號三樓,68,6800100,6800100-017,1鄰,大興西路,三段,,,,,6之1號三樓,121.291641859628,25.007050766809
桃園市桃園區中埔里1鄰大興西路三段6號三樓,68,6800100,6800100-017,1鄰,大興西路,三段,,,,,6號三樓,121.291742836711,25.0069758144637
桃園市桃園區中埔里1鄰大興西路三段6之1號四樓,68,6800100,6800100-017,1鄰,大興西路,三段,,,,,6之1號四樓,121.291641859628,25.007050766809
桃園市桃園區中埔里1鄰大興西路三段6號四樓,68,6800100,6800100-017,1鄰,大興西路,三段,,,,,6號四樓,121.291742836711,25.0069758144637
桃園市桃園區中埔里1鄰大興西路三段6之1號五樓,68,6800100,6800100-017,1鄰,大興西路,三段,,,,,6之1號五樓,121.291641859628,25.007050766809
桃園市桃園區中埔里1鄰大興西路三段6號五樓,68,6800100,6800100-017,1鄰,大興西路,三段,,,,,6號五樓,121.291742836711,25.0069758144637
桃園市桃園區中埔里1鄰大興西路三段6之1號六樓,68,6800100,6800100-017,1鄰,大興西路,三段,,,,,6之1號六樓,121.291641859628,25.007050766809
桃園市桃園區中埔里1鄰大興西路三段6號六樓,68,6800100,6800100-017,1鄰,大興西路,三段,,,,,6號六樓,121.291742836711,25.0069758144637
桃園市桃園區中埔里1鄰大興西路三段6之1號七樓,68,6800100,6800100-017,1鄰,大興西路,三段,,,,,6之1號七樓,121.291641859628,25.007050766809
桃園市桃園區中埔里1鄰大興西路三段6號七樓,68,6800100,6800100-017,1鄰,大興西路,三段,,,,,6號七樓,121.291742836711,25.0069758144637
桃園市桃園區中埔里1鄰大興西路三段6之1號八樓,68,6800100,6800100-017,1鄰,大興西路,三段,,,,,6之1號八樓,121.291641859628,25.007050766809
桃園市桃園區中埔里1鄰大興西路三段6號八樓,68,6800100,6800100-017,1鄰,大興西路,三段,,,,,6號八樓,121.291742836711,25.0069758144637
桃園市桃園區中埔里1鄰大興西路三段6之1號九樓,68,6800100,6800100-017,1鄰,大興西路,三段,,,,,6之1號九樓,121.291641859628,25.007050766809
桃園市桃園區中埔里1鄰大興西路三段6號九樓,68,6800100,6800100-017,1鄰,大興西路,三段,,,,,6號九樓,121.291742836711,25.0069758144637
桃園市桃園區中埔里1鄰大興西路三段6之1號十一樓,68,6800100,6800100-017,1鄰,大興西路,三段,,,,,6之1號十一樓,121.291641859628,25.007050766809
桃園市桃園區中埔里1鄰大興西路三段6號十一樓,68,6800100,6800100-017,1鄰,大興西路,三段,,,,,6號十一樓,121.291742836711,25.0069758144637
桃園市桃園區中埔里1鄰大興西路三段6之1號十二樓,68,6800100,6800100-017,1鄰,大興西路,三段,,,,,6之1號十二樓,121.291641859628,25.007050766809
桃園市桃園區中埔里1鄰大興西路三段6號十二樓,68,6800100,6800100-017,1鄰,大興西路,三段,,,,,6號十二樓,121.291742836711,25.0069758144637
桃園市桃園區中埔里1鄰大興西路三段6之1號十三樓,68,6800100,6800100-017,1鄰,大興西路,三段,,,,,6之1號十三樓,121.291641859628,25.007050766809
桃園市桃園區中埔里1鄰大興西路三段6號十三樓,68,6800100,6800100-017,1鄰,大興西路,三段,,,,,6號十三樓,121.291742836711,25.0069758144637
桃園市桃園區中埔里1鄰大興西路三段6之1號十四樓,68,6800100,6800100-017,1鄰,大興西路,三段,,,,,6之1號十四樓,121.291641859628,25.007050766809
桃園市桃園區中埔里1鄰大興西路三段6號十四樓,68,6800100,6800100-017,1鄰,大興西路,三段,,,,,6號十四樓,121.291742836711,25.0069758144637
桃園市桃園區中埔里1鄰大興西路三段6之1號十五樓,68,6800100,6800100-017,1鄰,大興西路,三段,,,,,6之1號十五樓,121.291641859628,25.007050766809
桃園市桃園區中埔里1鄰大興西路三段6號十五樓,68,6800100,6800100-017,1鄰,大興西路,三段,,,,,6號十五樓,121.291742836711,25.0069758144637
桃園市桃園區中埔里1鄰大興西路三段6之1號十六樓,68,6800100,6800100-017,1鄰,大興西路,三段,,,,,6之1號十六樓,121.291641859628,25.007050766809
桃園市桃園區中埔里1鄰大興西路三段6號十六樓,68,6800100,6800100-017,1鄰,大興西路,三段,,,,,6號十六樓,121.291742836711,25.0069758144637
桃園市桃園區中埔里1鄰大興西路三段6之1號十七樓,68,6800100,6800100-017,1鄰,大興西路,三段,,,,,6之1號十七樓,121.291641859628,25.007050766809
桃園市桃園區中埔里1鄰大興西路三段6號十七樓,68,6800100,6800100-017,1鄰,大興西路,三段,,,,,6號十七樓,121.291742836711,25.0069758144637
桃園市桃園區中埔里1鄰大興西路三段6之1號十八樓,68,6800100,6800100-017,1鄰,大興西路,三段,,,,,6之1號十八樓,121.291641859628,25.007050766809
桃園市桃園區中埔里1鄰大興西路三段6號十八樓,68,6800100,6800100-017,1鄰,大興西路,三段,,,,,6號十八樓,121.291742836711,25.0069758144637
桃園市桃園區中埔里1鄰大興西路三段6之1號十九樓,68,6800100,6800100-017,1鄰,大興西路,三段,,,,,6之1號十九樓,121.291641859628,25.007050766809
桃園市桃園區中埔里1鄰大興西路三段6號十九樓,68,6800100,6800100-017,1鄰,大興西路,三段,,,,,6號十九樓,121.291742836711,25.0069758144637
桃園市桃園區中埔里1鄰大興西路三段6之1號二十樓,68,6800100,6800100-017,1鄰,大興西路,三段,,,,,6之1號二十樓,121.291641859628,25.007050766809
桃園市桃園區中埔里1鄰大興西路三段6號二十樓,68,6800100,6800100-017,1鄰,大興西路,三段,,,,,6號二十樓,121.291742836711,25.0069758144637
桃園市桃園區中埔里1鄰大興西路三段6之1號二十一樓,68,6800100,6800100-017,1鄰,大興西路,三段,,,,,6之1號二十一樓,121.291641859628,25.007050766809
桃園市桃園區中埔里1鄰大興西路三段6號二十一樓,68,6800100,6800100-017,1鄰,大興西路,三段,,,,,6號二十一樓,121.291742836711,25.0069758144637
桃園市桃園區中埔里1鄰大興西路三段6之1號二十二樓,68,6800100,6800100-017,1鄰,大興西路,三段,,,,,6之1號二十二樓,121.291641859628,25.007050766809
桃園市桃園區中埔里1鄰大興西路三段6號二十二樓,68,6800100,6800100-017,1鄰,大興西路,三段,,,,,6號二十二樓,121.291742836711,25.0069758144637
桃園市桃園區中埔里1鄰大興西路三段8號,68,6800100,6800100-017,1鄰,大興西路,三段,,,,,8號,121.291696094834,25.0069426820025
桃園市桃園區中埔里1鄰大興西路三段8之1號十樓,68,6800100,6800100-017,1鄰,大興西路,三段,,,,,8之1號十樓,121.291604899554,25.0070064200484
桃園市桃園區中埔里1鄰大興西路三段8號十樓,68,6800100,6800100-017,1鄰,大興西路,三段,,,,,8號十樓,121.291696094834,25.0069426820025
桃園市桃園區中埔里1鄰大興西路三段8之1號二樓,68,6800100,6800100-017,1鄰,大興西路,三段,,,,,8之1號二樓,121.291604899554,25.0070064200484
桃園市桃園區中埔里1鄰大興西路三段8號二樓,68,6800100,6800100-017,1鄰,大興西路,三段,,,,,8號二樓,121.291696094834,25.0069426820025
桃園市桃園區中埔里1鄰大興西路三段8之1號三樓,68,6800100,6800100-017,1鄰,大興西路,三段,,,,,8之1號三樓,121.291604899554,25.0070064200484
桃園市桃園區中埔里1鄰大興西路三段8號三樓,68,6800100,6800100-017,1鄰,大興西路,三段,,,,,8號三樓,121.291696094834,25.0069426820025
桃園市桃園區中埔里1鄰大興西路三段8之1號四樓,68,6800100,6800100-017,1鄰,大興西路,三段,,,,,8之1號四樓,121.291604899554,25.0070064200484
桃園市桃園區中埔里1鄰大興西路三段8號四樓,68,6800100,6800100-017,1鄰,大興西路,三段,,,,,8號四樓,121.291696094834,25.0069426820025
桃園市桃園區中埔里1鄰大興西路三段8之1號五樓,68,6800100,6800100-017,1鄰,大興西路,三段,,,,,8之1號五樓,121.291604899554,25.0070064200484
桃園市桃園區中埔里1鄰大興西路三段8號五樓,68,6800100,6800100-017,1鄰,大興西路,三段,,,,,8號五樓,121.291696094834,25.0069426820025
桃園市桃園區中埔里1鄰大興西路三段8之1號六樓,68,6800100,6800100-017,1鄰,大興西路,三段,,,,,8之1號六樓,121.291604899554,25.0070064200484
桃園市桃園區中埔里1鄰大興西路三段8號六樓,68,6800100,6800100-017,1鄰,大興西路,三段,,,,,8號六樓,121.291696094834,25.0069426820025
桃園市桃園區中埔里1鄰大興西路三段8之1號七樓,68,6800100,6800100-017,1鄰,大興西路,三段,,,,,8之1號七樓,121.291604899554,25.0070064200484
桃園市桃園區中埔里1鄰大興西路三段8號七樓,68,6800100,6800100-017,1鄰,大興西路,三段,,,,,8號七樓,121.291696094834,25.0069426820025
桃園市桃園區中埔里1鄰大興西路三段8之1號八樓,68,6800100,6800100-017,1鄰,大興西路,三段,,,,,8之1號八樓,121.291604899554,25.0070064200484
桃園市桃園區中埔里1鄰大興西路三段8號八樓,68,6800100,6800100-017,1鄰,大興西路,三段,,,,,8號八樓,121.291696094834,25.0069426820025
桃園市桃園區中埔里1鄰大興西路三段8之1號九樓,68,6800100,6800100-017,1鄰,大興西路,三段,,,,,8之1號九樓,121.291604899554,25.0070064200484
桃園市桃園區中埔里1鄰大興西路三段8號九樓,68,6800100,6800100-017,1鄰,大興西路,三段,,,,,8號九樓,121.291696094834,25.0069426820025
桃園市桃園區中埔里1鄰大興西路三段8之1號十一樓,68,6800100,6800100-017,1鄰,大興西路,三段,,,,,8之1號十一樓,121.291604899554,25.0070064200484
桃園市桃園區中埔里1鄰大興西路三段8號十一樓,68,6800100,6800100-017,1鄰,大興西路,三段,,,,,8號十一樓,121.291696094834,25.0069426820025
桃園市桃園區中埔里1鄰大興西路三段8之1號十二樓,68,6800100,6800100-017,1鄰,大興西路,三段,,,,,8之1號十二樓,121.291604899554,25.0070064200484
桃園市桃園區中埔里1鄰大興西路三段8號十二樓,68,6800100,6800100-017,1鄰,大興西路,三段,,,,,8號十二樓,121.291696094834,25.0069426820025
桃園市桃園區中埔里1鄰大興西路三段8之1號十三樓,68,6800100,6800100-017,1鄰,大興西路,三段,,,,,8之1號十三樓,121.291604899554,25.0070064200484
桃園市桃園區中埔里1鄰大興西路三段8號十三樓,68,6800100,6800100-017,1鄰,大興西路,三段,,,,,8號十三樓,121.291696094834,25.0069426820025
桃園市桃園區中埔里1鄰大興西路三段8之1號十四樓,68,6800100,6800100-017,1鄰,大興西路,三段,,,,,8之1號十四樓,121.291604899554,25.0070064200484
桃園市桃園區中埔里1鄰大興西路三段8號十四樓,68,6800100,6800100-017,1鄰,大興西路,三段,,,,,8號十四樓,121.291696094834,25.0069426820025
桃園市桃園區中埔里1鄰大興西路三段8之1號十五樓,68,6800100,6800100-017,1鄰,大興西路,三段,,,,,8之1號十五樓,121.291604899554,25.0070064200484
桃園市桃園區中埔里1鄰大興西路三段8號十五樓,68,6800100,6800100-017,1鄰,大興西路,三段,,,,,8號十五樓,121.291696094834,25.0069426820025
桃園市桃園區中埔里1鄰大興西路三段8之1號十六樓,68,6800100,6800100-017,1鄰,大興西路,三段,,,,,8之1號十六樓,121.291604899554,25.0070064200484
桃園市桃園區中埔里1鄰大興西路三段8號十六樓,68,6800100,6800100-017,1鄰,大興西路,三段,,,,,8號十六樓,121.291696094834,25.0069426820025
桃園市桃園區中埔里1鄰大興西路三段8之1號十七樓,68,6800100,6800100-017,1鄰,大興西路,三段,,,,,8之1號十七樓,121.291604899554,25.0070064200484
桃園市桃園區中埔里1鄰大興西路三段8號十七樓,68,6800100,6800100-017,1鄰,大興西路,三段,,,,,8號十七樓,121.291696094834,25.0069426820025
桃園市桃園區中埔里1鄰大興西路三段8之1號十八樓,68,6800100,6800100-017,1鄰,大興西路,三段,,,,,8之1號十八樓,121.291604899554,25.0070064200484
桃園市桃園區中埔里1鄰大興西路三段8號十八樓,68,6800100,6800100-017,1鄰,大興西路,三段,,,,,8號十八樓,121.291696094834,25.0069426820025
桃園市桃園區中埔里1鄰大興西路三段8之1號十九樓,68,6800100,6800100-017,1鄰,大興西路,三段,,,,,8之1號十九樓,121.291604899554,25.0070064200484
桃園市桃園區中埔里1鄰大興西路三段8號十九樓,68,6800100,6800100-017,1鄰,大興西路,三段,,,,,8號十九樓,121.291696094834,25.0069426820025
桃園市桃園區中埔里1鄰大興西路三段8之1號二十樓,68,6800100,6800100-017,1鄰,大興西路,三段,,,,,8之1號二十樓,121.291604899554,25.0070064200484
桃園市桃園區中埔里1鄰大興西路三段8號二十樓,68,6800100,6800100-017,1鄰,大興西路,三段,,,,,8號二十樓,121.291696094834,25.0069426820025
桃園市桃園區中埔里1鄰大興西路三段8之1號二十一樓,68,6800100,6800100-017,1鄰,大興西路,三段,,,,,8之1號二十一樓,121.291604899554,25.0070064200484
桃園市桃園區中埔里1鄰大興西路三段8號二十一樓,68,6800100,6800100-017,1鄰,大興西路,三段,,,,,8號二十一樓,121.291696094834,25.0069426820025
桃園市桃園區中埔里1鄰大興西路三段8之1號二十二樓,68,6800100,6800100-017,1鄰,大興西路,三段,,,,,8之1號二十二樓,121.291604899554,25.0070064200484
桃園市桃園區中埔里1鄰大興西路三段8號二十二樓,68,6800100,6800100-017,1鄰,大興西路,三段,,,,,8號二十二樓,121.291696094834,25.0069426820025
桃園市桃園區中埔里1鄰大興西路三段10號,68,6800100,6800100-017,1鄰,大興西路,三段,,,,,10號,121.291650812854,25.0068984418563
桃園市桃園區中埔里1鄰大興西路三段10之1號十樓,68,6800100,6800100-017,1鄰,大興西路,三段,,,,,10之1號十樓,121.291557246436,25.0069649832954
桃園市桃園區中埔里1鄰大興西路三段10號十樓,68,6800100,6800100-017,1鄰,大興西路,三段,,,,,10號十樓,121.291650812854,25.0068984418563
桃園市桃園區中埔里1鄰大興西路三段10之1號二樓,68,6800100,6800100-017,1鄰,大興西路,三段,,,,,10之1號二樓,121.291557246436,25.0069649832954
桃園市桃園區中埔里1鄰大興西路三段10號二樓,68,6800100,6800100-017,1鄰,大興西路,三段,,,,,10號二樓,121.291650812854,25.0068984418563
桃園市桃園區中埔里1鄰大興西路三段10之1號三樓,68,6800100,6800100-017,1鄰,大興西路,三段,,,,,10之1號三樓,121.291557246436,25.0069649832954
桃園市桃園區中埔里1鄰大興西路三段10號三樓,68,6800100,6800100-017,1鄰,大興西路,三段,,,,,10號三樓,121.291650812854,25.0068984418563
桃園市桃園區中埔里1鄰大興西路三段10之1號四樓,68,6800100,6800100-017,1鄰,大興西路,三段,,,,,10之1號四樓,121.291557246436,25.0069649832954
桃園市桃園區中埔里1鄰大興西路三段10號四樓,68,6800100,6800100-017,1鄰,大興西路,三段,,,,,10號四樓,121.291650812854,25.0068984418563
桃園市桃園區中埔里1鄰大興西路三段10之1號五樓,68,6800100,6800100-017,1鄰,大興西路,三段,,,,,10之1號五樓,121.291557246436,25.0069649832954
桃園市桃園區中埔里1鄰大興西路三段10號五樓,68,6800100,6800100-017,1鄰,大興西路,三段,,,,,10號五樓,121.291650812854,25.0068984418563
桃園市桃園區中埔里1鄰大興西路三段10之1號六樓,68,6800100,6800100-017,1鄰,大興西路,三段,,,,,10之1號六樓,121.291557246436,25.0069649832954
桃園市桃園區中埔里1鄰大興西路三段10號六樓,68,6800100,6800100-017,1鄰,大興西路,三段,,,,,10號六樓,121.291650812854,25.0068984418563
桃園市桃園區中埔里1鄰大興西路三段10之1號七樓,68,6800100,6800100-017,1鄰,大興西路,三段,,,,,10之1號七樓,121.291557246436,25.0069649832954
桃園市桃園區中埔里1鄰大興西路三段10號七樓,68,6800100,6800100-017,1鄰,大興西路,三段,,,,,10號七樓,121.291650812854,25.0068984418563
桃園市桃園區中埔里1鄰大興西路三段10之1號八樓,68,6800100,6800100-017,1鄰,大興西路,三段,,,,,10之1號八樓,121.291557246436,25.0069649832954
桃園市桃園區中埔里1鄰大興西路三段10號八樓,68,6800100,6800100-017,1鄰,大興西路,三段,,,,,10號八樓,121.291650812854,25.0068984418563
桃園市桃園區中埔里1鄰大興西路三段10之1號九樓,68,6800100,6800100-017,1鄰,大興西路,三段,,,,,10之1號九樓,121.291557246436,25.0069649832954
桃園市桃園區中埔里1鄰大興西路三段10號九樓,68,6800100,6800100-017,1鄰,大興西路,三段,,,,,10號九樓,121.291650812854,25.0068984418563
桃園市桃園區中埔里1鄰大興西路三段10之1號十一樓,68,6800100,6800100-017,1鄰,大興西路,三段,,,,,10之1號十一樓,121.291557246436,25.0069649832954
桃園市桃園區中埔里1鄰大興西路三段10號十一樓,68,6800100,6800100-017,1鄰,大興西路,三段,,,,,10號十一樓,121.291650812854,25.0068984418563
桃園市桃園區中埔里1鄰大興西路三段10之1號十二樓,68,6800100,6800100-017,1鄰,大興西路,三段,,,,,10之1號十二樓,121.291557246436,25.0069649832954
桃園市桃園區中埔里1鄰大興西路三段10號十二樓,68,6800100,6800100-017,1鄰,大興西路,三段,,,,,10號十二樓,121.291650812854,25.0068984418563
桃園市桃園區中埔里1鄰大興西路三段10之1號十三樓,68,6800100,6800100-017,1鄰,大興西路,三段,,,,,10之1號十三樓,121.291557246436,25.0069649832954
桃園市桃園區中埔里1鄰大興西路三段10號十三樓,68,6800100,6800100-017,1鄰,大興西路,三段,,,,,10號十三樓,121.291650812854,25.0068984418563
桃園市桃園區中埔里1鄰大興西路三段10之1號十四樓,68,6800100,6800100-017,1鄰,大興西路,三段,,,,,10之1號十四樓,121.291557246436,25.0069649832954
桃園市桃園區中埔里1鄰大興西路三段10號十四樓,68,6800100,6800100-017,1鄰,大興西路,三段,,,,,10號十四樓,121.291650812854,25.0068984418563
桃園市桃園區中埔里1鄰大興西路三段10之1號十五樓,68,6800100,6800100-017,1鄰,大興西路,三段,,,,,10之1號十五樓,121.291557246436,25.0069649832954
桃園市桃園區中埔里1鄰大興西路三段10號十五樓,68,6800100,6800100-017,1鄰,大興西路,三段,,,,,10號十五樓,121.291650812854,25.0068984418563
桃園市桃園區中埔里1鄰大興西路三段10之1號十六樓,68,6800100,6800100-017,1鄰,大興西路,三段,,,,,10之1號十六樓,121.291557246436,25.0069649832954
桃園市桃園區中埔里1鄰大興西路三段10號十六樓,68,6800100,6800100-017,1鄰,大興西路,三段,,,,,10號十六樓,121.291650812854,25.0068984418563
桃園市桃園區中埔里1鄰大興西路三段10之1號十七樓,68,6800100,6800100-017,1鄰,大興西路,三段,,,,,10之1號十七樓,121.291557246436,25.0069649832954
桃園市桃園區中埔里1鄰大興西路三段10號十七樓,68,6800100,6800100-017,1鄰,大興西路,三段,,,,,10號十七樓,121.291650812854,25.0068984418563
桃園市桃園區中埔里1鄰大興西路三段10之1號十八樓,68,6800100,6800100-017,1鄰,大興西路,三段,,,,,10之1號十八樓,121.291557246436,25.0069649832954
桃園市桃園區中埔里1鄰大興西路三段10號十八樓,68,6800100,6800100-017,1鄰,大興西路,三段,,,,,10號十八樓,121.291650812854,25.0068984418563
桃園市桃園區中埔里1鄰大興西路三段10之1號十九樓,68,6800100,6800100-017,1鄰,大興西路,三段,,,,,10之1號十九樓,121.291557246436,25.0069649832954
桃園市桃園區中埔里1鄰大興西路三段10號十九樓,68,6800100,6800100-017,1鄰,大興西路,三段,,,,,10號十九樓,121.291650812854,25.0068984418563
桃園市桃園區中埔里1鄰大興西路三段10之1號二十樓,68,6800100,6800100-017,1鄰,大興西路,三段,,,,,10之1號二十樓,121.291557246436,25.0069649832954
桃園市桃園區中埔里1鄰大興西路三段10號二十樓,68,6800100,6800100-017,1鄰,大興西路,三段,,,,,10號二十樓,121.291650812854,25.0068984418563
桃園市桃園區中埔里1鄰大興西路三段10之1號二十一樓,68,6800100,6800100-017,1鄰,大興西路,三段,,,,,10之1號二十一樓,121.291557246436,25.0069649832954
桃園市桃園區中埔里1鄰大興西路三段10號二十一樓,68,6800100,6800100-017,1鄰,大興西路,三段,,,,,10號二十一樓,121.291650812854,25.0068984418563
桃園市桃園區中埔里1鄰大興西路三段10之1號二十二樓,68,6800100,6800100-017,1鄰,大興西路,三段,,,,,10之1號二十二樓,121.291557246436,25.0069649832954
桃園市桃園區中埔里1鄰大興西路三段10號二十二樓,68,6800100,6800100-017,1鄰,大興西路,三段,,,,,10號二十二樓,121.291650812854,25.0068984418563
桃園市桃園區中埔里1鄰大興西路三段12號,68,6800100,6800100-017,1鄰,大興西路,三段,,,,,12號,121.291592556185,25.0068558522269
桃園市桃園區中埔里1鄰大興西路三段12之1號十樓,68,6800100,6800100-017,1鄰,大興西路,三段,,,,,12之1號十樓,121.291479555902,25.0069158410584
桃園市桃園區中埔里1鄰大興西路三段12號十樓,68,6800100,6800100-017,1鄰,大興西路,三段,,,,,12號十樓,121.291592556185,25.0068558522269
桃園市桃園區中埔里1鄰大興西路三段12之1號二樓,68,6800100,6800100-017,1鄰,大興西路,三段,,,,,12之1號二樓,121.291479555902,25.0069158410584
桃園市桃園區中埔里1鄰大興西路三段12號二樓,68,6800100,6800100-017,1鄰,大興西路,三段,,,,,12號二樓,121.291592556185,25.0068558522269
桃園市桃園區中埔里1鄰大興西路三段12之1號三樓,68,6800100,6800100-017,1鄰,大興西路,三段,,,,,12之1號三樓,121.291479555902,25.0069158410584
桃園市桃園區中埔里1鄰大興西路三段12號三樓,68,6800100,6800100-017,1鄰,大興西路,三段,,,,,12號三樓,121.291592556185,25.0068558522269
桃園市桃園區中埔里1鄰大興西路三段12之1號四樓,68,6800100,6800100-017,1鄰,大興西路,三段,,,,,12之1號四樓,121.291479555902,25.0069158410584
桃園市桃園區中埔里1鄰大興西路三段12號四樓,68,6800100,6800100-017,1鄰,大興西路,三段,,,,,12號四樓,121.291592556185,25.0068558522269
桃園市桃園區中埔里1鄰大興西路三段12之1號五樓,68,6800100,6800100-017,1鄰,大興西路,三段,,,,,12之1號五樓,121.291479555902,25.0069158410584
桃園市桃園區中埔里1鄰大興西路三段12號五樓,68,6800100,6800100-017,1鄰,大興西路,三段,,,,,12號五樓,121.291592556185,25.0068558522269
桃園市桃園區中埔里1鄰大興西路三段12之1號六樓,68,6800100,6800100-017,1鄰,大興西路,三段,,,,,12之1號六樓,121.291479555902,25.0069158410584
桃園市桃園區中埔里1鄰大興西路三段12號六樓,68,6800100,6800100-017,1鄰,大興西路,三段,,,,,12號六樓,121.291592556185,25.0068558522269
桃園市桃園區中埔里1鄰大興西路三段12之1號七樓,68,6800100,6800100-017,1鄰,大興西路,三段,,,,,12之1號七樓,121.291479555902,25.0069158410584
桃園市桃園區中埔里1鄰大興西路三段12號七樓,68,6800100,6800100-017,1鄰,大興西路,三段,,,,,12號七樓,121.291592556185,25.0068558522269
桃園市桃園區中埔里1鄰大興西路三段12之1號八樓,68,6800100,6800100-017,1鄰,大興西路,三段,,,,,12之1號八樓,121.291479555902,25.0069158410584
桃園市桃園區中埔里1鄰大興西路三段12號八樓,68,6800100,6800100-017,1鄰,大興西路,三段,,,,,12號八樓,121.291592556185,25.0068558522269
桃園市桃園區中埔里1鄰大興西路三段12之1號九樓,68,6800100,6800100-017,1鄰,大興西路,三段,,,,,12之1號九樓,121.291479555902,25.0069158410584
桃園市桃園區中埔里1鄰大興西路三段12號九樓,68,6800100,6800100-017,1鄰,大興西路,三段,,,,,12號九樓,121.291592556185,25.0068558522269
桃園市桃園區中埔里1鄰大興西路三段12之1號十一樓,68,6800100,6800100-017,1鄰,大興西路,三段,,,,,12之1號十一樓,121.291479555902,25.0069158410584
桃園市桃園區中埔里1鄰大興西路三段12號十一樓,68,6800100,6800100-017,1鄰,大興西路,三段,,,,,12號十一樓,121.291592556185,25.0068558522269
桃園市桃園區中埔里1鄰大興西路三段12之1號十二樓,68,6800100,6800100-017,1鄰,大興西路,三段,,,,,12之1號十二樓,121.291479555902,25.0069158410584
桃園市桃園區中埔里1鄰大興西路三段12號十二樓,68,6800100,6800100-017,1鄰,大興西路,三段,,,,,12號十二樓,121.291592556185,25.0068558522269
桃園市桃園區中埔里1鄰大興西路三段12之1號十三樓,68,6800100,6800100-017,1鄰,大興西路,三段,,,,,12之1號十三樓,121.291479555902,25.0069158410584
桃園市桃園區中埔里1鄰大興西路三段12號十三樓,68,6800100,6800100-017,1鄰,大興西路,三段,,,,,12號十三樓,121.291592556185,25.0068558522269
桃園市桃園區中埔里1鄰大興西路三段12之1號十四樓,68,6800100,6800100-017,1鄰,大興西路,三段,,,,,12之1號十四樓,121.291479555902,25.0069158410584
桃園市桃園區中埔里1鄰大興西路三段12號十四樓,68,6800100,6800100-017,1鄰,大興西路,三段,,,,,12號十四樓,121.291592556185,25.0068558522269
桃園市桃園區中埔里1鄰大興西路三段12之1號十五樓,68,6800100,6800100-017,1鄰,大興西路,三段,,,,,12之1號十五樓,121.291479555902,25.0069158410584
桃園市桃園區中埔里1鄰大興西路三段12號十五樓,68,6800100,6800100-017,1鄰,大興西路,三段,,,,,12號十五樓,121.291592556185,25.0068558522269
桃園市桃園區中埔里1鄰大興西路三段12之1號十六樓,68,6800100,6800100-017,1鄰,大興西路,三段,,,,,12之1號十六樓,121.291479555902,25.0069158410584
桃園市桃園區中埔里1鄰大興西路三段12號十六樓,68,6800100,6800100-017,1鄰,大興西路,三段,,,,,12號十六樓,121.291592556185,25.0068558522269
桃園市桃園區中埔里1鄰大興西路三段12之1號十七樓,68,6800100,6800100-017,1鄰,大興西路,三段,,,,,12之1號十七樓,121.291479555902,25.0069158410584
桃園市桃園區中埔里1鄰大興西路三段12號十七樓,68,6800100,6800100-017,1鄰,大興西路,三段,,,,,12號十七樓,121.291592556185,25.0068558522269
桃園市桃園區中埔里1鄰大興西路三段12之1號十八樓,68,6800100,6800100-017,1鄰,大興西路,三段,,,,,12之1號十八樓,121.291479555902,25.0069158410584
桃園市桃園區中埔里1鄰大興西路三段12號十八樓,68,6800100,6800100-017,1鄰,大興西路,三段,,,,,12號十八樓,121.291592556185,25.0068558522269
桃園市桃園區中埔里1鄰大興西路三段12之1號十九樓,68,6800100,6800100-017,1鄰,大興西路,三段,,,,,12之1號十九樓,121.291479555902,25.0069158410584
桃園市桃園區中埔里1鄰大興西路三段12號十九樓,68,6800100,6800100-017,1鄰,大興西路,三段,,,,,12號十九樓,121.291592556185,25.0068558522269
桃園市桃園區中埔里1鄰大興西路三段12之1號二十樓,68,6800100,6800100-017,1鄰,大興西路,三段,,,,,12之1號二十樓,121.291479555902,25.0069158410584
桃園市桃園區中埔里1鄰大興西路三段12號二十樓,68,6800100,6800100-017,1鄰,大興西路,三段,,,,,12號二十樓,121.291592556185,25.0068558522269
桃園市桃園區中埔里1鄰大興西路三段12之1號二十一樓,68,6800100,6800100-017,1鄰,大興西路,三段,,,,,12之1號二十一樓,121.291479555902,25.0069158410584
桃園市桃園區中埔里1鄰大興西路三段12號二十一樓,68,6800100,6800100-017,1鄰,大興西路,三段,,,,,12號二十一樓,121.291592556185,25.0068558522269
桃園市桃園區中埔里1鄰大興西路三段12之1號二十二樓,68,6800100,6800100-017,1鄰,大興西路,三段,,,,,12之1號二十二樓,121.291479555902,25.0069158410584
桃園市桃園區中埔里1鄰大興西路三段12號二十二樓,68,6800100,6800100-017,1鄰,大興西路,三段,,,,,12號二十二樓,121.291592556185,25.0068558522269
桃園市桃園區中埔里1鄰大興西路三段16號,68,6800100,6800100-017,1鄰,大興西路,三段,,,,,16號,121.291545865729,25.0068024962273
桃園市桃園區中埔里1鄰大興西路三段16之1號十樓,68,6800100,6800100-017,1鄰,大興西路,三段,,,,,16之1號十樓,121.291444582925,25.00687383772
桃園市桃園區中埔里1鄰大興西路三段16號十樓,68,6800100,6800100-017,1鄰,大興西路,三段,,,,,16號十樓,121.291545865729,25.0068024962273
桃園市桃園區中埔里1鄰大興西路三段16之1號二樓,68,6800100,6800100-017,1鄰,大興西路,三段,,,,,16之1號二樓,121.291444582925,25.00687383772
桃園市桃園區中埔里1鄰大興西路三段16號二樓,68,6800100,6800100-017,1鄰,大興西路,三段,,,,,16號二樓,121.291545865729,25.0068024962273
桃園市桃園區中埔里1鄰大興西路三段16之1號三樓,68,6800100,6800100-017,1鄰,大興西路,三段,,,,,16之1號三樓,121.291444582925,25.00687383772
桃園市桃園區中埔里1鄰大興西路三段16號三樓,68,6800100,6800100-017,1鄰,大興西路,三段,,,,,16號三樓,121.291545865729,25.0068024962273
桃園市桃園區中埔里1鄰大興西路三段16之1號四樓,68,6800100,6800100-017,1鄰,大興西路,三段,,,,,16之1號四樓,121.291444582925,25.00687383772
桃園市桃園區中埔里1鄰大興西路三段16號四樓,68,6800100,6800100-017,1鄰,大興西路,三段,,,,,16號四樓,121.291545865729,25.0068024962273
桃園市桃園區中埔里1鄰大興西路三段16之1號五樓,68,6800100,6800100-017,1鄰,大興西路,三段,,,,,16之1號五樓,121.291444582925,25.00687383772
桃園市桃園區中埔里1鄰大興西路三段16號五樓,68,6800100,6800100-017,1鄰,大興西路,三段,,,,,16號五樓,121.291545865729,25.0068024962273
桃園市桃園區中埔里1鄰大興西路三段16之1號六樓,68,6800100,6800100-017,1鄰,大興西路,三段,,,,,16之1號六樓,121.291444582925,25.00687383772
桃園市桃園區中埔里1鄰大興西路三段16號六樓,68,6800100,6800100-017,1鄰,大興西路,三段,,,,,16號六樓,121.291545865729,25.0068024962273
桃園市桃園區中埔里1鄰大興西路三段16之1號七樓,68,6800100,6800100-017,1鄰,大興西路,三段,,,,,16之1號七樓,121.291444582925,25.00687383772
桃園市桃園區中埔里1鄰大興西路三段16號七樓,68,6800100,6800100-017,1鄰,大興西路,三段,,,,,16號七樓,121.291545865729,25.0068024962273
桃園市桃園區中埔里1鄰大興西路三段16之1號八樓,68,6800100,6800100-017,1鄰,大興西路,三段,,,,,16之1號八樓,121.291444582925,25.00687383772
桃園市桃園區中埔里1鄰大興西路三段16號八樓,68,6800100,6800100-017,1鄰,大興西路,三段,,,,,16號八樓,121.291545865729,25.0068024962273
桃園市桃園區中埔里1鄰大興西路三段16之1號九樓,68,6800100,6800100-017,1鄰,大興西路,三段,,,,,16之1號九樓,121.291444582925,25.00687383772
桃園市桃園區中埔里1鄰大興西路三段16號九樓,68,6800100,6800100-017,1鄰,大興西路,三段,,,,,16號九樓,121.291545865729,25.0068024962273
桃園市桃園區中埔里1鄰大興西路三段16之1號十一樓,68,6800100,6800100-017,1鄰,大興西路,三段,,,,,16之1號十一樓,121.291444582925,25.00687383772
桃園市桃園區中埔里1鄰大興西路三段16號十一樓,68,6800100,6800100-017,1鄰,大興西路,三段,,,,,16號十一樓,121.291545865729,25.0068024962273
桃園市桃園區中埔里1鄰大興西路三段16之1號十二樓,68,6800100,6800100-017,1鄰,大興西路,三段,,,,,16之1號十二樓,121.291444582925,25.00687383772
桃園市桃園區中埔里1鄰大興西路三段16號十二樓,68,6800100,6800100-017,1鄰,大興西路,三段,,,,,16號十二樓,121.291545865729,25.0068024962273
桃園市桃園區中埔里1鄰大興西路三段16之1號十三樓,68,6800100,6800100-017,1鄰,大興西路,三段,,,,,16之1號十三樓,121.291444582925,25.00687383772
桃園市桃園區中埔里1鄰大興西路三段16號十三樓,68,6800100,6800100-017,1鄰,大興西路,三段,,,,,16號十三樓,121.291545865729,25.0068024962273
桃園市桃園區中埔里1鄰大興西路三段16之1號十四樓,68,6800100,6800100-017,1鄰,大興西路,三段,,,,,16之1號十四樓,121.291444582925,25.00687383772
桃園市桃園區中埔里1鄰大興西路三段16號十四樓,68,6800100,6800100-017,1鄰,大興西路,三段,,,,,16號十四樓,121.291545865729,25.0068024962273
桃園市桃園區中埔里1鄰大興西路三段16之1號十五樓,68,6800100,6800100-017,1鄰,大興西路,三段,,,,,16之1號十五樓,121.291444582925,25.00687383772
桃園市桃園區中埔里1鄰大興西路三段16號十五樓,68,6800100,6800100-017,1鄰,大興西路,三段,,,,,16號十五樓,121.291545865729,25.0068024962273
桃園市桃園區中埔里1鄰大興西路三段16之1號十六樓,68,6800100,6800100-017,1鄰,大興西路,三段,,,,,16之1號十六樓,121.291444582925,25.00687383772
桃園市桃園區中埔里1鄰大興西路三段16號十六樓,68,6800100,6800100-017,1鄰,大興西路,三段,,,,,16號十六樓,121.291545865729,25.0068024962273
桃園市桃園區中埔里1鄰大興西路三段16之1號十七樓,68,6800100,6800100-017,1鄰,大興西路,三段,,,,,16之1號十七樓,121.291444582925,25.00687383772
桃園市桃園區中埔里1鄰大興西路三段16號十七樓,68,6800100,6800100-017,1鄰,大興西路,三段,,,,,16號十七樓,121.291545865729,25.0068024962273
桃園市桃園區中埔里1鄰大興西路三段16之1號十八樓,68,6800100,6800100-017,1鄰,大興西路,三段,,,,,16之1號十八樓,121.291444582925,25.00687383772
桃園市桃園區中埔里1鄰大興西路三段16號十八樓,68,6800100,6800100-017,1鄰,大興西路,三段,,,,,16號十八樓,121.291545865729,25.0068024962273
桃園市桃園區中埔里1鄰大興西路三段16之1號十九樓,68,6800100,6800100-017,1鄰,大興西路,三段,,,,,16之1號十九樓,121.291444582925,25.00687383772
桃園市桃園區中埔里1鄰大興西路三段16號十九樓,68,6800100,6800100-017,1鄰,大興西路,三段,,,,,16號十九樓,121.291545865729,25.0068024962273
桃園市桃園區中埔里1鄰大興西路三段16之1號二十樓,68,6800100,6800100-017,1鄰,大興西路,三段,,,,,16之1號二十樓,121.291444582925,25.00687383772
桃園市桃園區中埔里1鄰大興西路三段16號二十樓,68,6800100,6800100-017,1鄰,大興西路,三段,,,,,16號二十樓,121.291545865729,25.0068024962273
桃園市桃園區中埔里1鄰大興西路三段16之1號二十一樓,68,6800100,6800100-017,1鄰,大興西路,三段,,,,,16之1號二十一樓,121.291444582925,25.00687383772
桃園市桃園區中埔里1鄰大興西路三段16號二十一樓,68,6800100,6800100-017,1鄰,大興西路,三段,,,,,16號二十一樓,121.291545865729,25.0068024962273
桃園市桃園區中埔里1鄰大興西路三段16之1號二十二樓,68,6800100,6800100-017,1鄰,大興西路,三段,,,,,16之1號二十二樓,121.291444582925,25.00687383772
桃園市桃園區中埔里1鄰大興西路三段16號二十二樓,68,6800100,6800100-017,1鄰,大興西路,三段,,,,,16號二十二樓,121.291545865729,25.0068024962273
桃園市桃園區中埔里1鄰大興西路三段18號,68,6800100,6800100-017,1鄰,大興西路,三段,,,,,18號,121.291473130225,25.0067538859701
桃園市桃園區中埔里1鄰大興西路三段18之1號十樓,68,6800100,6800100-017,1鄰,大興西路,三段,,,,,18之1號十樓,121.291370071133,25.0068282102322
桃園市桃園區中埔里1鄰大興西路三段18號十樓,68,6800100,6800100-017,1鄰,大興西路,三段,,,,,18號十樓,121.291473130225,25.0067538859701
桃園市桃園區中埔里1鄰大興西路三段18之1號二樓,68,6800100,6800100-017,1鄰,大興西路,三段,,,,,18之1號二樓,121.291370071133,25.0068282102322
桃園市桃園區中埔里1鄰大興西路三段18號二樓,68,6800100,6800100-017,1鄰,大興西路,三段,,,,,18號二樓,121.291473130225,25.0067538859701
桃園市桃園區中埔里1鄰大興西路三段18之1號三樓,68,6800100,6800100-017,1鄰,大興西路,三段,,,,,18之1號三樓,121.291370071133,25.0068282102322
桃園市桃園區中埔里1鄰大興西路三段18號三樓,68,6800100,6800100-017,1鄰,大興西路,三段,,,,,18號三樓,121.291473130225,25.0067538859701
桃園市桃園區中埔里1鄰大興西路三段18之1號四樓,68,6800100,6800100-017,1鄰,大興西路,三段,,,,,18之1號四樓,121.291370071133,25.0068282102322
桃園市桃園區中埔里1鄰大興西路三段18號四樓,68,6800100,6800100-017,1鄰,大興西路,三段,,,,,18號四樓,121.291473130225,25.0067538859701
桃園市桃園區中埔里1鄰大興西路三段18之1號五樓,68,6800100,6800100-017,1鄰,大興西路,三段,,,,,18之1號五樓,121.291370071133,25.0068282102322
桃園市桃園區中埔里1鄰大興西路三段18號五樓,68,6800100,6800100-017,1鄰,大興西路,三段,,,,,18號五樓,121.291473130225,25.0067538859701
桃園市桃園區中埔里1鄰大興西路三段18之1號六樓,68,6800100,6800100-017,1鄰,大興西路,三段,,,,,18之1號六樓,121.291370071133,25.0068282102322
桃園市桃園區中埔里1鄰大興西路三段18號六樓,68,6800100,6800100-017,1鄰,大興西路,三段,,,,,18號六樓,121.291473130225,25.0067538859701
桃園市桃園區中埔里1鄰大興西路三段18之1號七樓,68,6800100,6800100-017,1鄰,大興西路,三段,,,,,18之1號七樓,121.291370071133,25.0068282102322
桃園市桃園區中埔里1鄰大興西路三段18號七樓,68,6800100,6800100-017,1鄰,大興西路,三段,,,,,18號七樓,121.291473130225,25.0067538859701
桃園市桃園區中埔里1鄰大興西路三段18之1號八樓,68,6800100,6800100-017,1鄰,大興西路,三段,,,,,18之1號八樓,121.291370071133,25.0068282102322
桃園市桃園區中埔里1鄰大興西路三段18號八樓,68,6800100,6800100-017,1鄰,大興西路,三段,,,,,18號八樓,121.291473130225,25.0067538859701
桃園市桃園區中埔里1鄰大興西路三段18之1號九樓,68,6800100,6800100-017,1鄰,大興西路,三段,,,,,18之1號九樓,121.291370071133,25.0068282102322
桃園市桃園區中埔里1鄰大興西路三段18號九樓,68,6800100,6800100-017,1鄰,大興西路,三段,,,,,18號九樓,121.291473130225,25.0067538859701
桃園市桃園區中埔里1鄰大興西路三段18之1號十一樓,68,6800100,6800100-017,1鄰,大興西路,三段,,,,,18之1號十一樓,121.291370071133,25.0068282102322
桃園市桃園區中埔里1鄰大興西路三段18號十一樓,68,6800100,6800100-017,1鄰,大興西路,三段,,,,,18號十一樓,121.291473130225,25.0067538859701
桃園市桃園區中埔里1鄰大興西路三段18之1號十二樓,68,6800100,6800100-017,1鄰,大興西路,三段,,,,,18之1號十二樓,121.291370071133,25.0068282102322
桃園市桃園區中埔里1鄰大興西路三段18號十二樓,68,6800100,6800100-017,1鄰,大興西路,三段,,,,,18號十二樓,121.291473130225,25.0067538859701
桃園市桃園區中埔里1鄰大興西路三段18之1號十三樓,68,6800100,6800100-017,1鄰,大興西路,三段,,,,,18之1號十三樓,121.291370071133,25.0068282102322
桃園市桃園區中埔里1鄰大興西路三段18號十三樓,68,6800100,6800100-017,1鄰,大興西路,三段,,,,,18號十三樓,121.291473130225,25.0067538859701
桃園市桃園區中埔里1鄰大興西路三段18之1號十四樓,68,6800100,6800100-017,1鄰,大興西路,三段,,,,,18之1號十四樓,121.291370071133,25.0068282102322
桃園市桃園區中埔里1鄰大興西路三段18號十四樓,68,6800100,6800100-017,1鄰,大興西路,三段,,,,,18號十四樓,121.291473130225,25.0067538859701
桃園市桃園區中埔里1鄰大興西路三段18之1號十五樓,68,6800100,6800100-017,1鄰,大興西路,三段,,,,,18之1號十五樓,121.291370071133,25.0068282102322
桃園市桃園區中埔里1鄰大興西路三段18號十五樓,68,6800100,6800100-017,1鄰,大興西路,三段,,,,,18號十五樓,121.291473130225,25.0067538859701
桃園市桃園區中埔里1鄰大興西路三段18之1號十六樓,68,6800100,6800100-017,1鄰,大興西路,三段,,,,,18之1號十六樓,121.291370071133,25.0068282102322
桃園市桃園區中埔里1鄰大興西路三段18號十六樓,68,6800100,6800100-017,1鄰,大興西路,三段,,,,,18號十六樓,121.291473130225,25.0067538859701
桃園市桃園區中埔里1鄰大興西路三段18之1號十七樓,68,6800100,6800100-017,1鄰,大興西路,三段,,,,,18之1號十七樓,121.291370071133,25.0068282102322
桃園市桃園區中埔里1鄰大興西路三段18號十七樓,68,6800100,6800100-017,1鄰,大興西路,三段,,,,,18號十七樓,121.291473130225,25.0067538859701
桃園市桃園區中埔里1鄰大興西路三段18之1號十八樓,68,6800100,6800100-017,1鄰,大興西路,三段,,,,,18之1號十八樓,121.291370071133,25.0068282102322
桃園市桃園區中埔里1鄰大興西路三段18號十八樓,68,6800100,6800100-017,1鄰,大興西路,三段,,,,,18號十八樓,121.291473130225,25.0067538859701
桃園市桃園區中埔里1鄰大興西路三段18之1號十九樓,68,6800100,6800100-017,1鄰,大興西路,三段,,,,,18之1號十九樓,121.291370071133,25.0068282102322
桃園市桃園區中埔里1鄰大興西路三段18號十九樓,68,6800100,6800100-017,1鄰,大興西路,三段,,,,,18號十九樓,121.291473130225,25.0067538859701
桃園市桃園區中埔里1鄰大興西路三段18之1號二十樓,68,6800100,6800100-017,1鄰,大興西路,三段,,,,,18之1號二十樓,121.291370071133,25.0068282102322
桃園市桃園區中埔里1鄰大興西路三段18號二十樓,68,6800100,6800100-017,1鄰,大興西路,三段,,,,,18號二十樓,121.291473130225,25.0067538859701
桃園市桃園區中埔里1鄰大興西路三段18之1號二十一樓,68,6800100,6800100-017,1鄰,大興西路,三段,,,,,18之1號二十一樓,121.291370071133,25.0068282102322
桃園市桃園區中埔里1鄰大興西路三段18號二十一樓,68,6800100,6800100-017,1鄰,大興西路,三段,,,,,18號二十一樓,121.291473130225,25.0067538859701
桃園市桃園區中埔里1鄰大興西路三段18之1號二十二樓,68,6800100,6800100-017,1鄰,大興西路,三段,,,,,18之1號二十二樓,121.291370071133,25.0068282102322
桃園市桃園區中埔里1鄰大興西路三段18號二十二樓,68,6800100,6800100-017,1鄰,大興西路,三段,,,,,18號二十二樓,121.291473130225,25.0067538859701
桃園市桃園區中埔里1鄰大興西路三段20號,68,6800100,6800100-017,1鄰,大興西路,三段,,,,,20號,121.291393458187,25.0067046572856
桃園市桃園區中埔里1鄰大興西路三段20之1號十樓,68,6800100,6800100-017,1鄰,大興西路,三段,,,,,20之1號十樓,121.291302083515,25.0067763404024
桃園市桃園區中埔里1鄰大興西路三段20號十樓,68,6800100,6800100-017,1鄰,大興西路,三段,,,,,20號十樓,121.291393458187,25.0067046572856
桃園市桃園區中埔里1鄰大興西路三段20之1號二樓,68,6800100,6800100-017,1鄰,大興西路,三段,,,,,20之1號二樓,121.291302083515,25.0067763404024
桃園市桃園區中埔里1鄰大興西路三段20號二樓,68,6800100,6800100-017,1鄰,大興西路,三段,,,,,20號二樓,121.291393458187,25.0067046572856
桃園市桃園區中埔里1鄰大興西路三段20之1號三樓,68,6800100,6800100-017,1鄰,大興西路,三段,,,,,20之1號三樓,121.291302083515,25.0067763404024
桃園市桃園區中埔里1鄰大興西路三段20號三樓,68,6800100,6800100-017,1鄰,大興西路,三段,,,,,20號三樓,121.291393458187,25.0067046572856
桃園市桃園區中埔里1鄰大興西路三段20之1號四樓,68,6800100,6800100-017,1鄰,大興西路,三段,,,,,20之1號四樓,121.291302083515,25.0067763404024
桃園市桃園區中埔里1鄰大興西路三段20號四樓,68,6800100,6800100-017,1鄰,大興西路,三段,,,,,20號四樓,121.291393458187,25.0067046572856
桃園市桃園區中埔里1鄰大興西路三段20之1號五樓,68,6800100,6800100-017,1鄰,大興西路,三段,,,,,20之1號五樓,121.291302083515,25.0067763404024
桃園市桃園區中埔里1鄰大興西路三段20號五樓,68,6800100,6800100-017,1鄰,大興西路,三段,,,,,20號五樓,121.291393458187,25.0067046572856
桃園市桃園區中埔里1鄰大興西路三段20之1號六樓,68,6800100,6800100-017,1鄰,大興西路,三段,,,,,20之1號六樓,121.291302083515,25.0067763404024
桃園市桃園區中埔里1鄰大興西路三段20號六樓,68,6800100,6800100-017,1鄰,大興西路,三段,,,,,20號六樓,121.291393458187,25.0067046572856
桃園市桃園區中埔里1鄰大興西路三段20之1號七樓,68,6800100,6800100-017,1鄰,大興西路,三段,,,,,20之1號七樓,121.291302083515,25.0067763404024
桃園市桃園區中埔里1鄰大興西路三段20號七樓,68,6800100,6800100-017,1鄰,大興西路,三段,,,,,20號七樓,121.291393458187,25.0067046572856
桃園市桃園區中埔里1鄰大興西路三段20之1號八樓,68,6800100,6800100-017,1鄰,大興西路,三段,,,,,20之1號八樓,121.291302083515,25.0067763404024
桃園市桃園區中埔里1鄰大興西路三段20號八樓,68,6800100,6800100-017,1鄰,大興西路,三段,,,,,20號八樓,121.291393458187,25.0067046572856
桃園市桃園區中埔里1鄰大興西路三段20之1號九樓,68,6800100,6800100-017,1鄰,大興西路,三段,,,,,20之1號九樓,121.291302083515,25.0067763404024
桃園市桃園區中埔里1鄰大興西路三段20號九樓,68,6800100,6800100-017,1鄰,大興西路,三段,,,,,20號九樓,121.291393458187,25.0067046572856
桃園市桃園區中埔里1鄰大興西路三段20之1號十一樓,68,6800100,6800100-017,1鄰,大興西路,三段,,,,,20之1號十一樓,121.291302083515,25.0067763404024
桃園市桃園區中埔里1鄰大興西路三段20號十一樓,68,6800100,6800100-017,1鄰,大興西路,三段,,,,,20號十一樓,121.291393458187,25.0067046572856
桃園市桃園區中埔里1鄰大興西路三段20之1號十二樓,68,6800100,6800100-017,1鄰,大興西路,三段,,,,,20之1號十二樓,121.291302083515,25.0067763404024
桃園市桃園區中埔里1鄰大興西路三段20號十二樓,68,6800100,6800100-017,1鄰,大興西路,三段,,,,,20號十二樓,121.291393458187,25.0067046572856
桃園市桃園區中埔里1鄰大興西路三段20之1號十三樓,68,6800100,6800100-017,1鄰,大興西路,三段,,,,,20之1號十三樓,121.291302083515,25.0067763404024
桃園市桃園區中埔里1鄰大興西路三段20號十三樓,68,6800100,6800100-017,1鄰,大興西路,三段,,,,,20號十三樓,121.291393458187,25.0067046572856
桃園市桃園區中埔里1鄰大興西路三段20之1號十四樓,68,6800100,6800100-017,1鄰,大興西路,三段,,,,,20之1號十四樓,121.291302083515,25.0067763404024
桃園市桃園區中埔里1鄰大興西路三段20號十四樓,68,6800100,6800100-017,1鄰,大興西路,三段,,,,,20號十四樓,121.291393458187,25.0067046572856
桃園市桃園區中埔里1鄰大興西路三段20之1號十五樓,68,6800100,6800100-017,1鄰,大興西路,三段,,,,,20之1號十五樓,121.291302083515,25.0067763404024
桃園市桃園區中埔里1鄰大興西路三段20號十五樓,68,6800100,6800100-017,1鄰,大興西路,三段,,,,,20號十五樓,121.291393458187,25.0067046572856
桃園市桃園區中埔里1鄰大興西路三段20之1號十六樓,68,6800100,6800100-017,1鄰,大興西路,三段,,,,,20之1號十六樓,121.291302083515,25.0067763404024
桃園市桃園區中埔里1鄰大興西路三段20號十六樓,68,6800100,6800100-017,1鄰,大興西路,三段,,,,,20號十六樓,121.291393458187,25.0067046572856
桃園市桃園區中埔里1鄰大興西路三段20之1號十七樓,68,6800100,6800100-017,1鄰,大興西路,三段,,,,,20之1號十七樓,121.291302083515,25.0067763404024
桃園市桃園區中埔里1鄰大興西路三段20號十七樓,68,6800100,6800100-017,1鄰,大興西路,三段,,,,,20號十七樓,121.291393458187,25.0067046572856
桃園市桃園區中埔里1鄰大興西路三段20之1號十八樓,68,6800100,6800100-017,1鄰,大興西路,三段,,,,,20之1號十八樓,121.291302083515,25.0067763404024
桃園市桃園區中埔里1鄰大興西路三段20號十八樓,68,6800100,6800100-017,1鄰,大興西路,三段,,,,,20號十八樓,121.291393458187,25.0067046572856
桃園市桃園區中埔里1鄰大興西路三段20之1號十九樓,68,6800100,6800100-017,1鄰,大興西路,三段,,,,,20之1號十九樓,121.291302083515,25.0067763404024
桃園市桃園區中埔里1鄰大興西路三段20號十九樓,68,6800100,6800100-017,1鄰,大興西路,三段,,,,,20號十九樓,121.291393458187,25.0067046572856
桃園市桃園區中埔里1鄰大興西路三段20之1號二十樓,68,6800100,6800100-017,1鄰,大興西路,三段,,,,,20之1號二十樓,121.291302083515,25.0067763404024
桃園市桃園區中埔里1鄰大興西路三段20號二十樓,68,6800100,6800100-017,1鄰,大興西路,三段,,,,,20號二十樓,121.291393458187,25.0067046572856
桃園市桃園區中埔里1鄰大興西路三段20之1號二十一樓,68,6800100,6800100-017,1鄰,大興西路,三段,,,,,20之1號二十一樓,121.291302083515,25.0067763404024
桃園市桃園區中埔里1鄰大興西路三段20號二十一樓,68,6800100,6800100-017,1鄰,大興西路,三段,,,,,20號二十一樓,121.291393458187,25.0067046572856
桃園市桃園區中埔里1鄰大興西路三段20之1號二十二樓,68,6800100,6800100-017,1鄰,大興西路,三段,,,,,20之1號二十二樓,121.291302083515,25.0067763404024
桃園市桃園區中埔里1鄰大興西路三段20號二十二樓,68,6800100,6800100-017,1鄰,大興西路,三段,,,,,20號二十二樓,121.291393458187,25.0067046572856
桃園市桃園區中埔里1鄰大興西路三段22號,68,6800100,6800100-017,1鄰,大興西路,三段,,,,,22號,121.291299269414,25.0066333376567
桃園市桃園區中埔里1鄰大興西路三段22號十樓,68,6800100,6800100-017,1鄰,大興西路,三段,,,,,22號十樓,121.291299269414,25.0066333376567
桃園市桃園區中埔里1鄰大興西路三段22之1號十樓,68,6800100,6800100-017,1鄰,大興西路,三段,,,,,22之1號十樓,121.291234172036,25.0067147198287
桃園市桃園區中埔里1鄰大興西路三段22號二樓,68,6800100,6800100-017,1鄰,大興西路,三段,,,,,22號二樓,121.291299269414,25.0066333376567
桃園市桃園區中埔里1鄰大興西路三段22之1號二樓,68,6800100,6800100-017,1鄰,大興西路,三段,,,,,22之1號二樓,121.291234172036,25.0067147198287
桃園市桃園區中埔里1鄰大興西路三段22號三樓,68,6800100,6800100-017,1鄰,大興西路,三段,,,,,22號三樓,121.291299269414,25.0066333376567
桃園市桃園區中埔里1鄰大興西路三段22之1號三樓,68,6800100,6800100-017,1鄰,大興西路,三段,,,,,22之1號三樓,121.291234172036,25.0067147198287
桃園市桃園區中埔里1鄰大興西路三段22號四樓,68,6800100,6800100-017,1鄰,大興西路,三段,,,,,22號四樓,121.291299269414,25.0066333376567
桃園市桃園區中埔里1鄰大興西路三段22之1號四樓,68,6800100,6800100-017,1鄰,大興西路,三段,,,,,22之1號四樓,121.291234172036,25.0067147198287
桃園市桃園區中埔里1鄰大興西路三段22號五樓,68,6800100,6800100-017,1鄰,大興西路,三段,,,,,22號五樓,121.291299269414,25.0066333376567
桃園市桃園區中埔里1鄰大興西路三段22之1號五樓,68,6800100,6800100-017,1鄰,大興西路,三段,,,,,22之1號五樓,121.291234172036,25.0067147198287
桃園市桃園區中埔里1鄰大興西路三段22號六樓,68,6800100,6800100-017,1鄰,大興西路,三段,,,,,22號六樓,121.291299269414,25.0066333376567
桃園市桃園區中埔里1鄰大興西路三段22之1號六樓,68,6800100,6800100-017,1鄰,大興西路,三段,,,,,22之1號六樓,121.291234172036,25.0067147198287
桃園市桃園區中埔里1鄰大興西路三段22號七樓,68,6800100,6800100-017,1鄰,大興西路,三段,,,,,22號七樓,121.291299269414,25.0066333376567
桃園市桃園區中埔里1鄰大興西路三段22之1號七樓,68,6800100,6800100-017,1鄰,大興西路,三段,,,,,22之1號七樓,121.291234172036,25.0067147198287
桃園市桃園區中埔里1鄰大興西路三段22號八樓,68,6800100,6800100-017,1鄰,大興西路,三段,,,,,22號八樓,121.291299269414,25.0066333376567
桃園市桃園區中埔里1鄰大興西路三段22之1號八樓,68,6800100,6800100-017,1鄰,大興西路,三段,,,,,22之1號八樓,121.291234172036,25.0067147198287
桃園市桃園區中埔里1鄰大興西路三段22號九樓,68,6800100,6800100-017,1鄰,大興西路,三段,,,,,22號九樓,121.291299269414,25.0066333376567
桃園市桃園區中埔里1鄰大興西路三段22之1號九樓,68,6800100,6800100-017,1鄰,大興西路,三段,,,,,22之1號九樓,121.291234172036,25.0067147198287
桃園市桃園區中埔里1鄰大興西路三段22號十一樓,68,6800100,6800100-017,1鄰,大興西路,三段,,,,,22號十一樓,121.291299269414,25.0066333376567
桃園市桃園區中埔里1鄰大興西路三段22之1號十一樓,68,6800100,6800100-017,1鄰,大興西路,三段,,,,,22之1號十一樓,121.291234172036,25.0067147198287
桃園市桃園區中埔里1鄰大興西路三段22號十二樓,68,6800100,6800100-017,1鄰,大興西路,三段,,,,,22號十二樓,121.291299269414,25.0066333376567
桃園市桃園區中埔里1鄰大興西路三段22之1號十二樓,68,6800100,6800100-017,1鄰,大興西路,三段,,,,,22之1號十二樓,121.291234172036,25.0067147198287
桃園市桃園區中埔里1鄰大興西路三段22號十三樓,68,6800100,6800100-017,1鄰,大興西路,三段,,,,,22號十三樓,121.291299269414,25.0066333376567
桃園市桃園區中埔里1鄰大興西路三段22之1號十三樓,68,6800100,6800100-017,1鄰,大興西路,三段,,,,,22之1號十三樓,121.291234172036,25.0067147198287
桃園市桃園區中埔里1鄰大興西路三段22號十四樓,68,6800100,6800100-017,1鄰,大興西路,三段,,,,,22號十四樓,121.291299269414,25.0066333376567
桃園市桃園區中埔里1鄰大興西路三段22之1號十四樓,68,6800100,6800100-017,1鄰,大興西路,三段,,,,,22之1號十四樓,121.291234172036,25.0067147198287
桃園市桃園區中埔里1鄰大興西路三段22號十五樓,68,6800100,6800100-017,1鄰,大興西路,三段,,,,,22號十五樓,121.291299269414,25.0066333376567
桃園市桃園區中埔里1鄰大興西路三段22之1號十五樓,68,6800100,6800100-017,1鄰,大興西路,三段,,,,,22之1號十五樓,121.291234172036,25.0067147198287
桃園市桃園區中埔里1鄰大興西路三段22號十六樓,68,6800100,6800100-017,1鄰,大興西路,三段,,,,,22號十六樓,121.291299269414,25.0066333376567
桃園市桃園區中埔里1鄰大興西路三段22之1號十六樓,68,6800100,6800100-017,1鄰,大興西路,三段,,,,,22之1號十六樓,121.291234172036,25.0067147198287
桃園市桃園區中埔里1鄰大興西路三段22號十七樓,68,6800100,6800100-017,1鄰,大興西路,三段,,,,,22號十七樓,121.291299269414,25.0066333376567
桃園市桃園區中埔里1鄰大興西路三段22之1號十七樓,68,6800100,6800100-017,1鄰,大興西路,三段,,,,,22之1號十七樓,121.291234172036,25.0067147198287
桃園市桃園區中埔里1鄰大興西路三段22號十八樓,68,6800100,6800100-017,1鄰,大興西路,三段,,,,,22號十八樓,121.291299269414,25.0066333376567
桃園市桃園區中埔里1鄰大興西路三段22之1號十八樓,68,6800100,6800100-017,1鄰,大興西路,三段,,,,,22之1號十八樓,121.291234172036,25.0067147198287
桃園市桃園區中埔里1鄰大興西路三段22號十九樓,68,6800100,6800100-017,1鄰,大興西路,三段,,,,,22號十九樓,121.291299269414,25.0066333376567
桃園市桃園區中埔里1鄰大興西路三段22之1號十九樓,68,6800100,6800100-017,1鄰,大興西路,三段,,,,,22之1號十九樓,121.291234172036,25.0067147198287
桃園市桃園區中埔里1鄰大興西路三段22號二十樓,68,6800100,6800100-017,1鄰,大興西路,三段,,,,,22號二十樓,121.291299269414,25.0066333376567
桃園市桃園區中埔里1鄰大興西路三段22之1號二十樓,68,6800100,6800100-017,1鄰,大興西路,三段,,,,,22之1號二十樓,121.291234172036,25.0067147198287
桃園市桃園區中埔里1鄰大興西路三段22號二十一樓,68,6800100,6800100-017,1鄰,大興西路,三段,,,,,22號二十一樓,121.291299269414,25.0066333376567
桃園市桃園區中埔里1鄰大興西路三段22之1號二十一樓,68,6800100,6800100-017,1鄰,大興西路,三段,,,,,22之1號二十一樓,121.291234172036,25.0067147198287
桃園市桃園區中埔里1鄰大興西路三段22號二十二樓,68,6800100,6800100-017,1鄰,大興西路,三段,,,,,22號二十二樓,121.291299269414,25.0066333376567
桃園市桃園區中埔里1鄰大興西路三段22之1號二十二樓,68,6800100,6800100-017,1鄰,大興西路,三段,,,,,22之1號二十二樓,121.291234172036,25.0067147198287
桃園市桃園區中埔里15鄰大興西路三段68號,68,6800100,6800100-017,15鄰,大興西路,三段,,,,,68號,121.290961512394,25.0063740740322
桃園市桃園區中埔里15鄰大興西路三段70號,68,6800100,6800100-017,15鄰,大興西路,三段,,,,,70號,121.290917592172,25.0063189067495
桃園市桃園區中埔里15鄰大興西路三段72號,68,6800100,6800100-017,15鄰,大興西路,三段,,,,,72號,121.290890743501,25.0062768873842
桃園市桃園區中埔里15鄰大興西路三段76號,68,6800100,6800100-017,15鄰,大興西路,三段,,,,,76號,121.290866361244,25.0062304393235
桃園市桃園區中埔里15鄰大興西路三段88號,68,6800100,6800100-017,15鄰,大興西路,三段,,,,,88號,121.29049811749,25.0058978341517
桃園市桃園區中埔里1鄰大興西路三段88號九樓,68,6800100,6800100-017,1鄰,大興西路,三段,,,,,88號九樓,121.29049811749,25.0058978341517
桃園市桃園區中埔里11鄰大興西路二段288號,68,6800100,6800100-017,11鄰,大興西路,二段,,,,,288號,121.295002013898,25.0093630577837
桃園市桃園區中埔里11鄰大興西路二段288號三樓,68,6800100,6800100-017,11鄰,大興西路,二段,,,,,288號三樓,121.295002013898,25.0093630577837
桃園市桃園區中埔里11鄰大興西路二段288號四樓,68,6800100,6800100-017,11鄰,大興西路,二段,,,,,288號四樓,121.295002013898,25.0093630577837
桃園市桃園區中埔里11鄰大興西路二段290號,68,6800100,6800100-017,11鄰,大興西路,二段,,,,,290號,121.294975682053,25.0093308790029
桃園市桃園區中埔里11鄰大興西路二段300號,68,6800100,6800100-017,11鄰,大興西路,二段,,,,,300號,121.294725165957,25.0091008833102
桃園市桃園區中埔里11鄰大興西路二段302號,68,6800100,6800100-017,11鄰,大興西路,二段,,,,,302號,121.294671255279,25.0090535915888
桃園市桃園區中埔里11鄰大興西路二段306巷1號,68,6800100,6800100-017,11鄰,大興西路,二段,306巷,,,,1號,121.294262345789,25.0090425741424
桃園市桃園區中埔里11鄰大興西路二段306巷2號,68,6800100,6800100-017,11鄰,大興西路,二段,306巷,,,,2號,121.294510837616,25.0090473186865
桃園市桃園區中埔里11鄰大興西路二段306巷5號,68,6800100,6800100-017,11鄰,大興西路,二段,306巷,,,,5號,121.294321317409,25.0091349071878
桃園市桃園區中埔里11鄰大興西路二段306巷6號,68,6800100,6800100-017,11鄰,大興西路,二段,306巷,,,,6號,121.294513626096,25.0090948922767
桃園市桃園區中埔里11鄰大興西路二段306巷10號,68,6800100,6800100-017,11鄰,大興西路,二段,306巷,,,,10號,121.294479940806,25.0091781095707
桃園市桃園區中埔里11鄰大興西路二段306巷12號,68,6800100,6800100-017,11鄰,大興西路,二段,306巷,,,,12號,121.294798833684,25.0092898800694
桃園市桃園區中埔里11鄰大興西路二段306巷16號,68,6800100,6800100-017,11鄰,大興西路,二段,306巷,,,,16號,121.294685693217,25.0093744285599
桃園市桃園區中埔里11鄰大興西路二段306巷17號,68,6800100,6800100-017,11鄰,大興西路,二段,306巷,,,,17號,121.294253119607,25.0092453678929
桃園市桃園區中埔里11鄰大興西路二段306巷18號,68,6800100,6800100-017,11鄰,大興西路,二段,306巷,,,,18號,121.29465230109,25.0094143997803
桃園市桃園區中埔里11鄰大興西路二段306巷20號,68,6800100,6800100-017,11鄰,大興西路,二段,306巷,,,,20號,121.29461890894,25.0094543709932
桃園市桃園區中埔里11鄰大興西路二段306巷24號,68,6800100,6800100-017,11鄰,大興西路,二段,306巷,,,,24號,121.294561432898,25.009532308736
桃園市桃園區中埔里11鄰大興西路二段306巷26號,68,6800100,6800100-017,11鄰,大興西路,二段,306巷,,,,26號,121.294529627612,25.0095729990492
桃園市桃園區中埔里11鄰大興西路二段306巷28號,68,6800100,6800100-017,11鄰,大興西路,二段,306巷,,,,28號,121.294497921381,25.0096136891594
桃園市桃園區中埔里11鄰大興西路二段306巷30號,68,6800100,6800100-017,11鄰,大興西路,二段,306巷,,,,30號,121.294492809045,25.0096718414951
桃園市桃園區中埔里11鄰大興西路二段306巷32號,68,6800100,6800100-017,11鄰,大興西路,二段,306巷,,,,32號,121.294625449645,25.0098288516617
桃園市桃園區中埔里11鄰大興西路二段306巷34號,68,6800100,6800100-017,11鄰,大興西路,二段,306巷,,,,34號,121.294423494807,25.0093556273092
桃園市桃園區中埔里11鄰大興西路二段306巷46號,68,6800100,6800100-017,11鄰,大興西路,二段,306巷,,,,46號,121.294261209011,25.0095634186941
桃園市桃園區中埔里11鄰大興西路二段308號,68,6800100,6800100-017,11鄰,大興西路,二段,,,,,308號,121.294471395439,25.0089599126115
桃園市桃園區中埔里11鄰大興西路二段322號,68,6800100,6800100-017,11鄰,大興西路,二段,,,,,322號,121.293917012368,25.0087690676887
桃園市桃園區中埔里11鄰大興西路二段324號,68,6800100,6800100-017,11鄰,大興西路,二段,,,,,324號,121.29394607113,25.0085734573826
桃園市桃園區中寧里14鄰大興西路二段1號一樓,68,6800100,6800100-049,14鄰,大興西路,二段,,,,,1號一樓,121.299987059846,25.0119600950101
桃園市桃園區中寧里14鄰大興西路二段1號二樓,68,6800100,6800100-049,14鄰,大興西路,二段,,,,,1號二樓,121.299987059846,25.0119600950101
桃園市桃園區中寧里14鄰大興西路二段1號三樓,68,6800100,6800100-049,14鄰,大興西路,二段,,,,,1號三樓,121.299987059846,25.0119600950101
桃園市桃園區中寧里14鄰大興西路二段1號九樓之2,68,6800100,6800100-049,14鄰,大興西路,二段,,,,,1號九樓之2,121.299987059846,25.0119600950101
桃園市桃園區中寧里14鄰大興西路二段1號四樓,68,6800100,6800100-049,14鄰,大興西路,二段,,,,,1號四樓,121.299987059846,25.0119600950101
桃園市桃園區中寧里14鄰大興西路二段1號五樓,68,6800100,6800100-049,14鄰,大興西路,二段,,,,,1號五樓,121.299987059846,25.0119600950101
桃園市桃園區中寧里14鄰大興西路二段1號六樓,68,6800100,6800100-049,14鄰,大興西路,二段,,,,,1號六樓,121.299987059846,25.0119600950101
桃園市桃園區中寧里14鄰大興西路二段1號七樓,68,6800100,6800100-049,14鄰,大興西路,二段,,,,,1號七樓,121.299987059846,25.0119600950101
桃園市桃園區中寧里14鄰大興西路二段1號八樓,68,6800100,6800100-049,14鄰,大興西路,二段,,,,,1號八樓,121.299987059846,25.0119600950101
桃園市桃園區中寧里14鄰大興西路二段1號十樓,68,6800100,6800100-049,14鄰,大興西路,二段,,,,,1號十樓,121.299987059846,25.0119600950101
桃園市桃園區中寧里14鄰大興西路二段1號十一樓,68,6800100,6800100-049,14鄰,大興西路,二段,,,,,1號十一樓,121.299987059846,25.0119600950101
桃園市桃園區中寧里14鄰大興西路二段1號九樓之1,68,6800100,6800100-049,14鄰,大興西路,二段,,,,,1號九樓之1,121.299987059846,25.0119600950101
桃園市桃園區中寧里14鄰大興西路二段1號十二樓,68,6800100,6800100-049,14鄰,大興西路,二段,,,,,1號十二樓,121.299987059846,25.0119600950101
桃園市桃園區中寧里10鄰大興西路二段2號,68,6800100,6800100-049,10鄰,大興西路,二段,,,,,2號,121.299814756447,25.0122833843498
桃園市桃園區中寧里14鄰大興西路二段3號一樓,68,6800100,6800100-049,14鄰,大興西路,二段,,,,,3號一樓,121.299877713907,25.0119339529451
桃園市桃園區中寧里14鄰大興西路二段3號二樓,68,6800100,6800100-049,14鄰,大興西路,二段,,,,,3號二樓,121.299877713907,25.0119339529451
桃園市桃園區中寧里14鄰大興西路二段3號三樓,68,6800100,6800100-049,14鄰,大興西路,二段,,,,,3號三樓,121.299877713907,25.0119339529451
桃園市桃園區中寧里14鄰大興西路二段3號四樓,68,6800100,6800100-049,14鄰,大興西路,二段,,,,,3號四樓,121.299877713907,25.0119339529451
桃園市桃園區中寧里14鄰大興西路二段3號五樓,68,6800100,6800100-049,14鄰,大興西路,二段,,,,,3號五樓,121.299877713907,25.0119339529451
桃園市桃園區中寧里14鄰大興西路二段3號六樓,68,6800100,6800100-049,14鄰,大興西路,二段,,,,,3號六樓,121.299877713907,25.0119339529451
桃園市桃園區中寧里14鄰大興西路二段3號七樓,68,6800100,6800100-049,14鄰,大興西路,二段,,,,,3號七樓,121.299877713907,25.0119339529451
桃園市桃園區中寧里14鄰大興西路二段3號八樓,68,6800100,6800100-049,14鄰,大興西路,二段,,,,,3號八樓,121.299877713907,25.0119339529451
桃園市桃園區中寧里14鄰大興西路二段3號十樓,68,6800100,6800100-049,14鄰,大興西路,二段,,,,,3號十樓,121.299877713907,25.0119339529451
桃園市桃園區中寧里14鄰大興西路二段3號十一樓,68,6800100,6800100-049,14鄰,大興西路,二段,,,,,3號十一樓,121.299877713907,25.0119339529451
桃園市桃園區中寧里14鄰大興西路二段3號九樓之1,68,6800100,6800100-049,14鄰,大興西路,二段,,,,,3號九樓之1,121.299877713907,25.0119339529451
桃園市桃園區中寧里14鄰大興西路二段3號九樓之2,68,6800100,6800100-049,14鄰,大興西路,二段,,,,,3號九樓之2,121.299877713907,25.0119339529451
桃園市桃園區中寧里10鄰大興西路二段4號,68,6800100,6800100-049,10鄰,大興西路,二段,,,,,4號,121.299772608726,25.0122670378339
桃園市桃園區中寧里10鄰大興西路二段6號七樓之4,68,6800100,6800100-049,10鄰,大興西路,二段,,,,,6號七樓之4,121.299568040581,25.0123599900156
桃園市桃園區中寧里10鄰大興西路二段6號七樓之5,68,6800100,6800100-049,10鄰,大興西路,二段,,,,,6號七樓之5,121.299568040581,25.0123599900156
桃園市桃園區中寧里10鄰大興西路二段6號九樓之1,68,6800100,6800100-049,10鄰,大興西路,二段,,,,,6號九樓之1,121.299568040581,25.0123599900156
桃園市桃園區中寧里10鄰大興西路二段6號九樓之2,68,6800100,6800100-049,10鄰,大興西路,二段,,,,,6號九樓之2,121.299568040581,25.0123599900156
桃園市桃園區中寧里10鄰大興西路二段6號九樓之3,68,6800100,6800100-049,10鄰,大興西路,二段,,,,,6號九樓之3,121.299568040581,25.0123599900156
桃園市桃園區中寧里10鄰大興西路二段6號九樓之4,68,6800100,6800100-049,10鄰,大興西路,二段,,,,,6號九樓之4,121.299568040581,25.0123599900156
桃園市桃園區中寧里10鄰大興西路二段6號二十樓之1,68,6800100,6800100-049,10鄰,大興西路,二段,,,,,6號二十樓之1,121.299568040581,25.0123599900156
桃園市桃園區中寧里10鄰大興西路二段6號二十樓之2,68,6800100,6800100-049,10鄰,大興西路,二段,,,,,6號二十樓之2,121.299568040581,25.0123599900156
桃園市桃園區中寧里10鄰大興西路二段6號八樓之2,68,6800100,6800100-049,10鄰,大興西路,二段,,,,,6號八樓之2,121.299568040581,25.0123599900156
桃園市桃園區中寧里10鄰大興西路二段6號二十樓之3,68,6800100,6800100-049,10鄰,大興西路,二段,,,,,6號二十樓之3,121.299568040581,25.0123599900156
桃園市桃園區中寧里10鄰大興西路二段6號二十樓之5,68,6800100,6800100-049,10鄰,大興西路,二段,,,,,6號二十樓之5,121.299568040581,25.0123599900156
桃園市桃園區中寧里10鄰大興西路二段6號二樓,68,6800100,6800100-049,10鄰,大興西路,二段,,,,,6號二樓,121.299568040581,25.0123599900156
桃園市桃園區中寧里10鄰大興西路二段6號八樓之1,68,6800100,6800100-049,10鄰,大興西路,二段,,,,,6號八樓之1,121.299568040581,25.0123599900156
桃園市桃園區中寧里10鄰大興西路二段6號八樓之3,68,6800100,6800100-049,10鄰,大興西路,二段,,,,,6號八樓之3,121.299568040581,25.0123599900156
桃園市桃園區中寧里10鄰大興西路二段6號八樓之4,68,6800100,6800100-049,10鄰,大興西路,二段,,,,,6號八樓之4,121.299568040581,25.0123599900156
桃園市桃園區中寧里10鄰大興西路二段6號八樓之5,68,6800100,6800100-049,10鄰,大興西路,二段,,,,,6號八樓之5,121.299568040581,25.0123599900156
桃園市桃園區中寧里10鄰大興西路二段6號十一樓之1,68,6800100,6800100-049,10鄰,大興西路,二段,,,,,6號十一樓之1,121.299568040581,25.0123599900156
桃園市桃園區中寧里10鄰大興西路二段6號十一樓之2,68,6800100,6800100-049,10鄰,大興西路,二段,,,,,6號十一樓之2,121.299568040581,25.0123599900156
桃園市桃園區中寧里10鄰大興西路二段6號十一樓之3,68,6800100,6800100-049,10鄰,大興西路,二段,,,,,6號十一樓之3,121.299568040581,25.0123599900156
桃園市桃園區中寧里10鄰大興西路二段6號十一樓之4,68,6800100,6800100-049,10鄰,大興西路,二段,,,,,6號十一樓之4,121.299568040581,25.0123599900156
桃園市桃園區中寧里10鄰大興西路二段6號十一樓之5,68,6800100,6800100-049,10鄰,大興西路,二段,,,,,6號十一樓之5,121.299568040581,25.0123599900156
桃園市桃園區中寧里10鄰大興西路二段6號五樓之1,68,6800100,6800100-049,10鄰,大興西路,二段,,,,,6號五樓之1,121.299568040581,25.0123599900156
桃園市桃園區中寧里10鄰大興西路二段6號十二樓之1,68,6800100,6800100-049,10鄰,大興西路,二段,,,,,6號十二樓之1,121.299568040581,25.0123599900156
桃園市桃園區中寧里10鄰大興西路二段6號六樓之1,68,6800100,6800100-049,10鄰,大興西路,二段,,,,,6號六樓之1,121.299568040581,25.0123599900156
桃園市桃園區中寧里10鄰大興西路二段6號十二樓之2,68,6800100,6800100-049,10鄰,大興西路,二段,,,,,6號十二樓之2,121.299568040581,25.0123599900156
桃園市桃園區中寧里10鄰大興西路二段6號十二樓之3,68,6800100,6800100-049,10鄰,大興西路,二段,,,,,6號十二樓之3,121.299568040581,25.0123599900156
桃園市桃園區中寧里10鄰大興西路二段6號十二樓之4,68,6800100,6800100-049,10鄰,大興西路,二段,,,,,6號十二樓之4,121.299568040581,25.0123599900156
桃園市桃園區中寧里10鄰大興西路二段6號十二樓之5,68,6800100,6800100-049,10鄰,大興西路,二段,,,,,6號十二樓之5,121.299568040581,25.0123599900156
桃園市桃園區中寧里10鄰大興西路二段6號十八樓之1,68,6800100,6800100-049,10鄰,大興西路,二段,,,,,6號十八樓之1,121.299568040581,25.0123599900156
桃園市桃園區中寧里10鄰大興西路二段6號十八樓之3,68,6800100,6800100-049,10鄰,大興西路,二段,,,,,6號十八樓之3,121.299568040581,25.0123599900156
桃園市桃園區中寧里10鄰大興西路二段6號十八樓之4,68,6800100,6800100-049,10鄰,大興西路,二段,,,,,6號十八樓之4,121.299568040581,25.0123599900156
桃園市桃園區中寧里10鄰大興西路二段6號十八樓之5,68,6800100,6800100-049,10鄰,大興西路,二段,,,,,6號十八樓之5,121.299568040581,25.0123599900156
桃園市桃園區中寧里10鄰大興西路二段6號十三樓之2,68,6800100,6800100-049,10鄰,大興西路,二段,,,,,6號十三樓之2,121.299568040581,25.0123599900156
桃園市桃園區中寧里10鄰大興西路二段6號十六樓之4,68,6800100,6800100-049,10鄰,大興西路,二段,,,,,6號十六樓之4,121.299568040581,25.0123599900156
桃園市桃園區中寧里10鄰大興西路二段6號十四樓之1,68,6800100,6800100-049,10鄰,大興西路,二段,,,,,6號十四樓之1,121.299568040581,25.0123599900156
桃園市桃園區中寧里10鄰大興西路二段6號十四樓之2,68,6800100,6800100-049,10鄰,大興西路,二段,,,,,6號十四樓之2,121.299568040581,25.0123599900156
桃園市桃園區中寧里10鄰大興西路二段6號十四樓之3,68,6800100,6800100-049,10鄰,大興西路,二段,,,,,6號十四樓之3,121.299568040581,25.0123599900156
桃園市桃園區中寧里10鄰大興西路二段6號十四樓之4,68,6800100,6800100-049,10鄰,大興西路,二段,,,,,6號十四樓之4,121.299568040581,25.0123599900156
桃園市桃園區中寧里10鄰大興西路二段6號十四樓之5,68,6800100,6800100-049,10鄰,大興西路,二段,,,,,6號十四樓之5,121.299568040581,25.0123599900156
桃園市桃園區中寧里10鄰大興西路二段6號十樓之1,68,6800100,6800100-049,10鄰,大興西路,二段,,,,,6號十樓之1,121.299568040581,25.0123599900156
桃園市桃園區中寧里10鄰大興西路二段6號十樓之2,68,6800100,6800100-049,10鄰,大興西路,二段,,,,,6號十樓之2,121.299568040581,25.0123599900156
桃園市桃園區中寧里10鄰大興西路二段6號十樓之3,68,6800100,6800100-049,10鄰,大興西路,二段,,,,,6號十樓之3,121.299568040581,25.0123599900156
桃園市桃園區中寧里10鄰大興西路二段6號一樓,68,6800100,6800100-049,10鄰,大興西路,二段,,,,,6號一樓,121.299568040581,25.0123599900156
桃園市桃園區中寧里10鄰大興西路二段6號七樓之1,68,6800100,6800100-049,10鄰,大興西路,二段,,,,,6號七樓之1,121.299568040581,25.0123599900156
桃園市桃園區中寧里10鄰大興西路二段6號七樓之2,68,6800100,6800100-049,10鄰,大興西路,二段,,,,,6號七樓之2,121.299568040581,25.0123599900156
桃園市桃園區中寧里10鄰大興西路二段6號七樓之3,68,6800100,6800100-049,10鄰,大興西路,二段,,,,,6號七樓之3,121.299568040581,25.0123599900156
桃園市桃園區中寧里10鄰大興西路二段6號十九樓之2,68,6800100,6800100-049,10鄰,大興西路,二段,,,,,6號十九樓之2,121.299568040581,25.0123599900156
桃園市桃園區中寧里10鄰大興西路二段6號四樓之5,68,6800100,6800100-049,10鄰,大興西路,二段,,,,,6號四樓之5,121.299568040581,25.0123599900156
桃園市桃園區中寧里10鄰大興西路二段6號九樓之5,68,6800100,6800100-049,10鄰,大興西路,二段,,,,,6號九樓之5,121.299568040581,25.0123599900156
桃園市桃園區中寧里10鄰大興西路二段6號二十樓之4,68,6800100,6800100-049,10鄰,大興西路,二段,,,,,6號二十樓之4,121.299568040581,25.0123599900156
桃園市桃園區中寧里10鄰大興西路二段6號十七樓之1,68,6800100,6800100-049,10鄰,大興西路,二段,,,,,6號十七樓之1,121.299568040581,25.0123599900156
桃園市桃園區中寧里10鄰大興西路二段6號十七樓之2,68,6800100,6800100-049,10鄰,大興西路,二段,,,,,6號十七樓之2,121.299568040581,25.0123599900156
桃園市桃園區中寧里10鄰大興西路二段6號十七樓之3,68,6800100,6800100-049,10鄰,大興西路,二段,,,,,6號十七樓之3,121.299568040581,25.0123599900156
桃園市桃園區中寧里10鄰大興西路二段6號十七樓之4,68,6800100,6800100-049,10鄰,大興西路,二段,,,,,6號十七樓之4,121.299568040581,25.0123599900156
桃園市桃園區中寧里10鄰大興西路二段6號十七樓之5,68,6800100,6800100-049,10鄰,大興西路,二段,,,,,6號十七樓之5,121.299568040581,25.0123599900156
桃園市桃園區中寧里10鄰大興西路二段6號十九樓之1,68,6800100,6800100-049,10鄰,大興西路,二段,,,,,6號十九樓之1,121.299568040581,25.0123599900156
桃園市桃園區中寧里10鄰大興西路二段6號十八樓之2,68,6800100,6800100-049,10鄰,大興西路,二段,,,,,6號十八樓之2,121.299568040581,25.0123599900156
桃園市桃園區中寧里10鄰大興西路二段6號十九樓之3,68,6800100,6800100-049,10鄰,大興西路,二段,,,,,6號十九樓之3,121.299568040581,25.0123599900156
桃園市桃園區中寧里10鄰大興西路二段6號十三樓之1,68,6800100,6800100-049,10鄰,大興西路,二段,,,,,6號十三樓之1,121.299568040581,25.0123599900156
桃園市桃園區中寧里10鄰大興西路二段6號十三樓之3,68,6800100,6800100-049,10鄰,大興西路,二段,,,,,6號十三樓之3,121.299568040581,25.0123599900156
桃園市桃園區中寧里10鄰大興西路二段6號十九樓之4,68,6800100,6800100-049,10鄰,大興西路,二段,,,,,6號十九樓之4,121.299568040581,25.0123599900156
桃園市桃園區中寧里10鄰大興西路二段6號十六樓之5,68,6800100,6800100-049,10鄰,大興西路,二段,,,,,6號十六樓之5,121.299568040581,25.0123599900156
桃園市桃園區中寧里10鄰大興西路二段6號十三樓之4,68,6800100,6800100-049,10鄰,大興西路,二段,,,,,6號十三樓之4,121.299568040581,25.0123599900156
桃園市桃園區中寧里10鄰大興西路二段6號十九樓之5,68,6800100,6800100-049,10鄰,大興西路,二段,,,,,6號十九樓之5,121.299568040581,25.0123599900156
桃園市桃園區中寧里10鄰大興西路二段6號十三樓之5,68,6800100,6800100-049,10鄰,大興西路,二段,,,,,6號十三樓之5,121.299568040581,25.0123599900156
桃園市桃園區中寧里10鄰大興西路二段6號十五樓之1,68,6800100,6800100-049,10鄰,大興西路,二段,,,,,6號十五樓之1,121.299568040581,25.0123599900156
桃園市桃園區中寧里10鄰大興西路二段6號十五樓之2,68,6800100,6800100-049,10鄰,大興西路,二段,,,,,6號十五樓之2,121.299568040581,25.0123599900156
桃園市桃園區中寧里10鄰大興西路二段6號十五樓之3,68,6800100,6800100-049,10鄰,大興西路,二段,,,,,6號十五樓之3,121.299568040581,25.0123599900156
桃園市桃園區中寧里10鄰大興西路二段6號十五樓之4,68,6800100,6800100-049,10鄰,大興西路,二段,,,,,6號十五樓之4,121.299568040581,25.0123599900156
桃園市桃園區中寧里10鄰大興西路二段6號十五樓之5,68,6800100,6800100-049,10鄰,大興西路,二段,,,,,6號十五樓之5,121.299568040581,25.0123599900156
桃園市桃園區中寧里10鄰大興西路二段6號十六樓之1,68,6800100,6800100-049,10鄰,大興西路,二段,,,,,6號十六樓之1,121.299568040581,25.0123599900156
桃園市桃園區中寧里10鄰大興西路二段6號十六樓之2,68,6800100,6800100-049,10鄰,大興西路,二段,,,,,6號十六樓之2,121.299568040581,25.0123599900156
桃園市桃園區中寧里10鄰大興西路二段6號十六樓之3,68,6800100,6800100-049,10鄰,大興西路,二段,,,,,6號十六樓之3,121.299568040581,25.0123599900156
桃園市桃園區中寧里10鄰大興西路二段6號十樓之4,68,6800100,6800100-049,10鄰,大興西路,二段,,,,,6號十樓之4,121.299568040581,25.0123599900156
桃園市桃園區中寧里10鄰大興西路二段6號十樓之5,68,6800100,6800100-049,10鄰,大興西路,二段,,,,,6號十樓之5,121.299568040581,25.0123599900156
桃園市桃園區中寧里10鄰大興西路二段6號三樓之1,68,6800100,6800100-049,10鄰,大興西路,二段,,,,,6號三樓之1,121.299568040581,25.0123599900156
桃園市桃園區中寧里10鄰大興西路二段6號三樓之2,68,6800100,6800100-049,10鄰,大興西路,二段,,,,,6號三樓之2,121.299568040581,25.0123599900156
桃園市桃園區中寧里10鄰大興西路二段6號三樓之3,68,6800100,6800100-049,10鄰,大興西路,二段,,,,,6號三樓之3,121.299568040581,25.0123599900156
桃園市桃園區中寧里10鄰大興西路二段6號三樓之4,68,6800100,6800100-049,10鄰,大興西路,二段,,,,,6號三樓之4,121.299568040581,25.0123599900156
桃園市桃園區中寧里10鄰大興西路二段6號三樓之5,68,6800100,6800100-049,10鄰,大興西路,二段,,,,,6號三樓之5,121.299568040581,25.0123599900156
桃園市桃園區中寧里10鄰大興西路二段6號五樓之2,68,6800100,6800100-049,10鄰,大興西路,二段,,,,,6號五樓之2,121.299568040581,25.0123599900156
桃園市桃園區中寧里10鄰大興西路二段6號五樓之3,68,6800100,6800100-049,10鄰,大興西路,二段,,,,,6號五樓之3,121.299568040581,25.0123599900156
桃園市桃園區中寧里10鄰大興西路二段6號五樓之4,68,6800100,6800100-049,10鄰,大興西路,二段,,,,,6號五樓之4,121.299568040581,25.0123599900156
桃園市桃園區中寧里10鄰大興西路二段6號五樓之5,68,6800100,6800100-049,10鄰,大興西路,二段,,,,,6號五樓之5,121.299568040581,25.0123599900156
桃園市桃園區中寧里10鄰大興西路二段6號六樓之2,68,6800100,6800100-049,10鄰,大興西路,二段,,,,,6號六樓之2,121.299568040581,25.0123599900156
桃園市桃園區中寧里10鄰大興西路二段6號六樓之3,68,6800100,6800100-049,10鄰,大興西路,二段,,,,,6號六樓之3,121.299568040581,25.0123599900156
桃園市桃園區中寧里10鄰大興西路二段6號六樓之4,68,6800100,6800100-049,10鄰,大興西路,二段,,,,,6號六樓之4,121.299568040581,25.0123599900156
桃園市桃園區中寧里10鄰大興西路二段6號六樓之5,68,6800100,6800100-049,10鄰,大興西路,二段,,,,,6號六樓之5,121.299568040581,25.0123599900156
桃園市桃園區中寧里10鄰大興西路二段6號四樓之1,68,6800100,6800100-049,10鄰,大興西路,二段,,,,,6號四樓之1,121.299568040581,25.0123599900156
桃園市桃園區中寧里10鄰大興西路二段6號四樓之2,68,6800100,6800100-049,10鄰,大興西路,二段,,,,,6號四樓之2,121.299568040581,25.0123599900156
桃園市桃園區中寧里10鄰大興西路二段6號四樓之3,68,6800100,6800100-049,10鄰,大興西路,二段,,,,,6號四樓之3,121.299568040581,25.0123599900156
桃園市桃園區中寧里10鄰大興西路二段6號四樓之4,68,6800100,6800100-049,10鄰,大興西路,二段,,,,,6號四樓之4,121.299568040581,25.0123599900156
桃園市桃園區中寧里11鄰大興西路二段7號,68,6800100,6800100-049,11鄰,大興西路,二段,,,,,7號,121.29975374345,25.0118422046217
桃園市桃園區中寧里11鄰大興西路二段7號六樓之1,68,6800100,6800100-049,11鄰,大興西路,二段,,,,,7號六樓之1,121.29975374345,25.0118422046217
桃園市桃園區中寧里11鄰大興西路二段7號六樓之2,68,6800100,6800100-049,11鄰,大興西路,二段,,,,,7號六樓之2,121.29975374345,25.0118422046217
桃園市桃園區中寧里11鄰大興西路二段7號六樓之4,68,6800100,6800100-049,11鄰,大興西路,二段,,,,,7號六樓之4,121.29975374345,25.0118422046217
桃園市桃園區中寧里11鄰大興西路二段7號四樓之1,68,6800100,6800100-049,11鄰,大興西路,二段,,,,,7號四樓之1,121.29975374345,25.0118422046217
桃園市桃園區中寧里11鄰大興西路二段7號四樓之2,68,6800100,6800100-049,11鄰,大興西路,二段,,,,,7號四樓之2,121.29975374345,25.0118422046217
桃園市桃園區中寧里11鄰大興西路二段7號四樓之3,68,6800100,6800100-049,11鄰,大興西路,二段,,,,,7號四樓之3,121.29975374345,25.0118422046217
桃園市桃園區中寧里11鄰大興西路二段7號四樓之4,68,6800100,6800100-049,11鄰,大興西路,二段,,,,,7號四樓之4,121.29975374345,25.0118422046217
桃園市桃園區中寧里11鄰大興西路二段7號八樓之3,68,6800100,6800100-049,11鄰,大興西路,二段,,,,,7號八樓之3,121.29975374345,25.0118422046217
桃園市桃園區中寧里11鄰大興西路二段7號十二樓之3,68,6800100,6800100-049,11鄰,大興西路,二段,,,,,7號十二樓之3,121.29975374345,25.0118422046217
桃園市桃園區中寧里11鄰大興西路二段7號八樓之4,68,6800100,6800100-049,11鄰,大興西路,二段,,,,,7號八樓之4,121.29975374345,25.0118422046217
桃園市桃園區中寧里11鄰大興西路二段7號十一樓之1,68,6800100,6800100-049,11鄰,大興西路,二段,,,,,7號十一樓之1,121.29975374345,25.0118422046217
桃園市桃園區中寧里11鄰大興西路二段7號十一樓之3,68,6800100,6800100-049,11鄰,大興西路,二段,,,,,7號十一樓之3,121.29975374345,25.0118422046217
桃園市桃園區中寧里11鄰大興西路二段7號十一樓之4,68,6800100,6800100-049,11鄰,大興西路,二段,,,,,7號十一樓之4,121.29975374345,25.0118422046217
桃園市桃園區中寧里11鄰大興西路二段7號十四樓之2,68,6800100,6800100-049,11鄰,大興西路,二段,,,,,7號十四樓之2,121.29975374345,25.0118422046217
桃園市桃園區中寧里11鄰大興西路二段7號十四樓之3,68,6800100,6800100-049,11鄰,大興西路,二段,,,,,7號十四樓之3,121.29975374345,25.0118422046217
桃園市桃園區中寧里11鄰大興西路二段7號十四樓之4,68,6800100,6800100-049,11鄰,大興西路,二段,,,,,7號十四樓之4,121.29975374345,25.0118422046217
桃園市桃園區中寧里11鄰大興西路二段7號十樓之1,68,6800100,6800100-049,11鄰,大興西路,二段,,,,,7號十樓之1,121.29975374345,25.0118422046217
桃園市桃園區中寧里11鄰大興西路二段7號十樓之2,68,6800100,6800100-049,11鄰,大興西路,二段,,,,,7號十樓之2,121.29975374345,25.0118422046217
桃園市桃園區中寧里11鄰大興西路二段7號十樓之3,68,6800100,6800100-049,11鄰,大興西路,二段,,,,,7號十樓之3,121.29975374345,25.0118422046217
桃園市桃園區中寧里11鄰大興西路二段7號十樓之4,68,6800100,6800100-049,11鄰,大興西路,二段,,,,,7號十樓之4,121.29975374345,25.0118422046217
桃園市桃園區中寧里11鄰大興西路二段7號三樓之1,68,6800100,6800100-049,11鄰,大興西路,二段,,,,,7號三樓之1,121.29975374345,25.0118422046217
桃園市桃園區中寧里11鄰大興西路二段7號三樓之4,68,6800100,6800100-049,11鄰,大興西路,二段,,,,,7號三樓之4,121.29975374345,25.0118422046217
桃園市桃園區中寧里11鄰大興西路二段7號五樓之1,68,6800100,6800100-049,11鄰,大興西路,二段,,,,,7號五樓之1,121.29975374345,25.0118422046217
桃園市桃園區中寧里11鄰大興西路二段7號五樓之2,68,6800100,6800100-049,11鄰,大興西路,二段,,,,,7號五樓之2,121.29975374345,25.0118422046217
桃園市桃園區中寧里11鄰大興西路二段7號五樓之3,68,6800100,6800100-049,11鄰,大興西路,二段,,,,,7號五樓之3,121.29975374345,25.0118422046217
桃園市桃園區中寧里11鄰大興西路二段7號六樓之3,68,6800100,6800100-049,11鄰,大興西路,二段,,,,,7號六樓之3,121.29975374345,25.0118422046217
桃園市桃園區中寧里11鄰大興西路二段7號五樓之4,68,6800100,6800100-049,11鄰,大興西路,二段,,,,,7號五樓之4,121.29975374345,25.0118422046217
桃園市桃園區中寧里11鄰大興西路二段7號七樓之1,68,6800100,6800100-049,11鄰,大興西路,二段,,,,,7號七樓之1,121.29975374345,25.0118422046217
桃園市桃園區中寧里11鄰大興西路二段7號七樓之2,68,6800100,6800100-049,11鄰,大興西路,二段,,,,,7號七樓之2,121.29975374345,25.0118422046217
桃園市桃園區中寧里11鄰大興西路二段7號七樓之3,68,6800100,6800100-049,11鄰,大興西路,二段,,,,,7號七樓之3,121.29975374345,25.0118422046217
桃園市桃園區中寧里11鄰大興西路二段7號七樓之4,68,6800100,6800100-049,11鄰,大興西路,二段,,,,,7號七樓之4,121.29975374345,25.0118422046217
桃園市桃園區中寧里11鄰大興西路二段7號九樓之1,68,6800100,6800100-049,11鄰,大興西路,二段,,,,,7號九樓之1,121.29975374345,25.0118422046217
桃園市桃園區中寧里11鄰大興西路二段7號九樓之2,68,6800100,6800100-049,11鄰,大興西路,二段,,,,,7號九樓之2,121.29975374345,25.0118422046217
桃園市桃園區中寧里11鄰大興西路二段7號九樓之3,68,6800100,6800100-049,11鄰,大興西路,二段,,,,,7號九樓之3,121.29975374345,25.0118422046217
桃園市桃園區中寧里11鄰大興西路二段7號九樓之4,68,6800100,6800100-049,11鄰,大興西路,二段,,,,,7號九樓之4,121.29975374345,25.0118422046217
桃園市桃園區中寧里11鄰大興西路二段7號二樓,68,6800100,6800100-049,11鄰,大興西路,二段,,,,,7號二樓,121.29975374345,25.0118422046217
桃園市桃園區中寧里11鄰大興西路二段7號八樓之1,68,6800100,6800100-049,11鄰,大興西路,二段,,,,,7號八樓之1,121.29975374345,25.0118422046217
桃園市桃園區中寧里11鄰大興西路二段7號十二樓之2,68,6800100,6800100-049,11鄰,大興西路,二段,,,,,7號十二樓之2,121.29975374345,25.0118422046217
桃園市桃園區中寧里11鄰大興西路二段7號十二樓之4,68,6800100,6800100-049,11鄰,大興西路,二段,,,,,7號十二樓之4,121.29975374345,25.0118422046217
桃園市桃園區中寧里11鄰大興西路二段7號十三樓之1,68,6800100,6800100-049,11鄰,大興西路,二段,,,,,7號十三樓之1,121.29975374345,25.0118422046217
桃園市桃園區中寧里11鄰大興西路二段7號十七樓之1,68,6800100,6800100-049,11鄰,大興西路,二段,,,,,7號十七樓之1,121.29975374345,25.0118422046217
桃園市桃園區中寧里11鄰大興西路二段7號十三樓之2,68,6800100,6800100-049,11鄰,大興西路,二段,,,,,7號十三樓之2,121.29975374345,25.0118422046217
桃園市桃園區中寧里11鄰大興西路二段7號十三樓之3,68,6800100,6800100-049,11鄰,大興西路,二段,,,,,7號十三樓之3,121.29975374345,25.0118422046217
桃園市桃園區中寧里11鄰大興西路二段7號十三樓之4,68,6800100,6800100-049,11鄰,大興西路,二段,,,,,7號十三樓之4,121.29975374345,25.0118422046217
桃園市桃園區中寧里11鄰大興西路二段7號十五樓之1,68,6800100,6800100-049,11鄰,大興西路,二段,,,,,7號十五樓之1,121.29975374345,25.0118422046217
桃園市桃園區中寧里11鄰大興西路二段7號十五樓之2,68,6800100,6800100-049,11鄰,大興西路,二段,,,,,7號十五樓之2,121.29975374345,25.0118422046217
桃園市桃園區中寧里11鄰大興西路二段7號十五樓之3,68,6800100,6800100-049,11鄰,大興西路,二段,,,,,7號十五樓之3,121.29975374345,25.0118422046217
桃園市桃園區中寧里11鄰大興西路二段7號十五樓之4,68,6800100,6800100-049,11鄰,大興西路,二段,,,,,7號十五樓之4,121.29975374345,25.0118422046217
桃園市桃園區中寧里11鄰大興西路二段7號十六樓之1,68,6800100,6800100-049,11鄰,大興西路,二段,,,,,7號十六樓之1,121.29975374345,25.0118422046217
桃園市桃園區中寧里11鄰大興西路二段7號十六樓之2,68,6800100,6800100-049,11鄰,大興西路,二段,,,,,7號十六樓之2,121.29975374345,25.0118422046217
桃園市桃園區中寧里11鄰大興西路二段7號十六樓之4,68,6800100,6800100-049,11鄰,大興西路,二段,,,,,7號十六樓之4,121.29975374345,25.0118422046217
桃園市桃園區中寧里11鄰大興西路二段7號十四樓之1,68,6800100,6800100-049,11鄰,大興西路,二段,,,,,7號十四樓之1,121.29975374345,25.0118422046217
桃園市桃園區中寧里11鄰大興西路二段7號十七樓之2,68,6800100,6800100-049,11鄰,大興西路,二段,,,,,7號十七樓之2,121.29975374345,25.0118422046217
桃園市桃園區中寧里11鄰大興西路二段7號十一樓之2,68,6800100,6800100-049,11鄰,大興西路,二段,,,,,7號十一樓之2,121.29975374345,25.0118422046217
桃園市桃園區中寧里11鄰大興西路二段7號三樓之2,68,6800100,6800100-049,11鄰,大興西路,二段,,,,,7號三樓之2,121.29975374345,25.0118422046217
桃園市桃園區中寧里11鄰大興西路二段7號三樓之3,68,6800100,6800100-049,11鄰,大興西路,二段,,,,,7號三樓之3,121.29975374345,25.0118422046217
桃園市桃園區中寧里11鄰大興西路二段7號十七樓之3,68,6800100,6800100-049,11鄰,大興西路,二段,,,,,7號十七樓之3,121.29975374345,25.0118422046217
桃園市桃園區中寧里11鄰大興西路二段7號十七樓之4,68,6800100,6800100-049,11鄰,大興西路,二段,,,,,7號十七樓之4,121.29975374345,25.0118422046217
桃園市桃園區中寧里11鄰大興西路二段7號十二樓之1,68,6800100,6800100-049,11鄰,大興西路,二段,,,,,7號十二樓之1,121.29975374345,25.0118422046217
桃園市桃園區中寧里11鄰大興西路二段7號八樓之2,68,6800100,6800100-049,11鄰,大興西路,二段,,,,,7號八樓之2,121.29975374345,25.0118422046217
桃園市桃園區中寧里11鄰大興西路二段7號十六樓之3,68,6800100,6800100-049,11鄰,大興西路,二段,,,,,7號十六樓之3,121.29975374345,25.0118422046217
桃園市桃園區中寧里10鄰大興西路二段8號,68,6800100,6800100-049,10鄰,大興西路,二段,,,,,8號,121.299441290861,25.012143656661
桃園市桃園區中寧里10鄰大興西路二段16號,68,6800100,6800100-049,10鄰,大興西路,二段,,,,,16號,121.299287001446,25.0120922351627
桃園市桃園區中寧里10鄰大興西路二段18號,68,6800100,6800100-049,10鄰,大興西路,二段,,,,,18號,121.299234700739,25.0120564078229
桃園市桃園區中寧里10鄰大興西路二段18號二樓,68,6800100,6800100-049,10鄰,大興西路,二段,,,,,18號二樓,121.299234700739,25.0120564078229
桃園市桃園區中寧里10鄰大興西路二段18號三樓,68,6800100,6800100-049,10鄰,大興西路,二段,,,,,18號三樓,121.299234700739,25.0120564078229
桃園市桃園區中寧里10鄰大興西路二段18號四樓,68,6800100,6800100-049,10鄰,大興西路,二段,,,,,18號四樓,121.299234700739,25.0120564078229
桃園市桃園區中寧里10鄰大興西路二段18號五樓,68,6800100,6800100-049,10鄰,大興西路,二段,,,,,18號五樓,121.299234700739,25.0120564078229
桃園市桃園區中寧里8鄰大興西路二段20之2號十六樓,68,6800100,6800100-049,8鄰,大興西路,二段,,,,,20之2號十六樓,121.299017930416,25.0124702491669
桃園市桃園區中寧里8鄰大興西路二段20之2號十四樓,68,6800100,6800100-049,8鄰,大興西路,二段,,,,,20之2號十四樓,121.299017930416,25.0124702491669
桃園市桃園區中寧里8鄰大興西路二段20之2號十樓,68,6800100,6800100-049,8鄰,大興西路,二段,,,,,20之2號十樓,121.299017930416,25.0124702491669
桃園市桃園區中寧里8鄰大興西路二段20之2號三樓,68,6800100,6800100-049,8鄰,大興西路,二段,,,,,20之2號三樓,121.299017930416,25.0124702491669
桃園市桃園區中寧里8鄰大興西路二段20之2號五樓,68,6800100,6800100-049,8鄰,大興西路,二段,,,,,20之2號五樓,121.299017930416,25.0124702491669
桃園市桃園區中寧里8鄰大興西路二段20之2號六樓,68,6800100,6800100-049,8鄰,大興西路,二段,,,,,20之2號六樓,121.299017930416,25.0124702491669
桃園市桃園區中寧里8鄰大興西路二段20之2號四樓,68,6800100,6800100-049,8鄰,大興西路,二段,,,,,20之2號四樓,121.299017930416,25.0124702491669
桃園市桃園區中寧里8鄰大興西路二段20之3號七樓,68,6800100,6800100-049,8鄰,大興西路,二段,,,,,20之3號七樓,121.298990623479,25.0125270920034
桃園市桃園區中寧里8鄰大興西路二段20之3號九樓,68,6800100,6800100-049,8鄰,大興西路,二段,,,,,20之3號九樓,121.298990623479,25.0125270920034
桃園市桃園區中寧里8鄰大興西路二段20之3號二樓,68,6800100,6800100-049,8鄰,大興西路,二段,,,,,20之3號二樓,121.298990623479,25.0125270920034
桃園市桃園區中寧里8鄰大興西路二段20之3號十一樓,68,6800100,6800100-049,8鄰,大興西路,二段,,,,,20之3號十一樓,121.298990623479,25.0125270920034
桃園市桃園區中寧里8鄰大興西路二段20之3號十七樓,68,6800100,6800100-049,8鄰,大興西路,二段,,,,,20之3號十七樓,121.298990623479,25.0125270920034
桃園市桃園區中寧里8鄰大興西路二段20之3號十二樓,68,6800100,6800100-049,8鄰,大興西路,二段,,,,,20之3號十二樓,121.298990623479,25.0125270920034
桃園市桃園區中寧里8鄰大興西路二段20號二樓,68,6800100,6800100-049,8鄰,大興西路,二段,,,,,20號二樓,121.299060959823,25.0123597466762
桃園市桃園區中寧里8鄰大興西路二段20號八樓,68,6800100,6800100-049,8鄰,大興西路,二段,,,,,20號八樓,121.299060959823,25.0123597466762
桃園市桃園區中寧里8鄰大興西路二段20號十一樓,68,6800100,6800100-049,8鄰,大興西路,二段,,,,,20號十一樓,121.299060959823,25.0123597466762
桃園市桃園區中寧里8鄰大興西路二段20號十七樓,68,6800100,6800100-049,8鄰,大興西路,二段,,,,,20號十七樓,121.299060959823,25.0123597466762
桃園市桃園區中寧里8鄰大興西路二段20號十二樓,68,6800100,6800100-049,8鄰,大興西路,二段,,,,,20號十二樓,121.299060959823,25.0123597466762
桃園市桃園區中寧里8鄰大興西路二段20號十三樓,68,6800100,6800100-049,8鄰,大興西路,二段,,,,,20號十三樓,121.299060959823,25.0123597466762
桃園市桃園區中寧里8鄰大興西路二段20號十五樓,68,6800100,6800100-049,8鄰,大興西路,二段,,,,,20號十五樓,121.299060959823,25.0123597466762
桃園市桃園區中寧里8鄰大興西路二段20號十六樓,68,6800100,6800100-049,8鄰,大興西路,二段,,,,,20號十六樓,121.299060959823,25.0123597466762
桃園市桃園區中寧里8鄰大興西路二段20號十四樓,68,6800100,6800100-049,8鄰,大興西路,二段,,,,,20號十四樓,121.299060959823,25.0123597466762
桃園市桃園區中寧里8鄰大興西路二段20號十樓,68,6800100,6800100-049,8鄰,大興西路,二段,,,,,20號十樓,121.299060959823,25.0123597466762
桃園市桃園區中寧里8鄰大興西路二段20號三樓,68,6800100,6800100-049,8鄰,大興西路,二段,,,,,20號三樓,121.299060959823,25.0123597466762
桃園市桃園區中寧里8鄰大興西路二段20號五樓,68,6800100,6800100-049,8鄰,大興西路,二段,,,,,20號五樓,121.299060959823,25.0123597466762
桃園市桃園區中寧里8鄰大興西路二段20號六樓,68,6800100,6800100-049,8鄰,大興西路,二段,,,,,20號六樓,121.299060959823,25.0123597466762
桃園市桃園區中寧里8鄰大興西路二段20之1號七樓,68,6800100,6800100-049,8鄰,大興西路,二段,,,,,20之1號七樓,121.299037899701,25.0124109834427
桃園市桃園區中寧里8鄰大興西路二段20之1號九樓,68,6800100,6800100-049,8鄰,大興西路,二段,,,,,20之1號九樓,121.299037899701,25.0124109834427
桃園市桃園區中寧里8鄰大興西路二段20之1號二樓,68,6800100,6800100-049,8鄰,大興西路,二段,,,,,20之1號二樓,121.299037899701,25.0124109834427
桃園市桃園區中寧里8鄰大興西路二段20之1號八樓,68,6800100,6800100-049,8鄰,大興西路,二段,,,,,20之1號八樓,121.299037899701,25.0124109834427
桃園市桃園區中寧里8鄰大興西路二段20之1號十七樓,68,6800100,6800100-049,8鄰,大興西路,二段,,,,,20之1號十七樓,121.299037899701,25.0124109834427
桃園市桃園區中寧里8鄰大興西路二段20之1號十二樓,68,6800100,6800100-049,8鄰,大興西路,二段,,,,,20之1號十二樓,121.299037899701,25.0124109834427
桃園市桃園區中寧里8鄰大興西路二段20之1號十三樓,68,6800100,6800100-049,8鄰,大興西路,二段,,,,,20之1號十三樓,121.299037899701,25.0124109834427
桃園市桃園區中寧里8鄰大興西路二段20之1號十五樓,68,6800100,6800100-049,8鄰,大興西路,二段,,,,,20之1號十五樓,121.299037899701,25.0124109834427
桃園市桃園區中寧里8鄰大興西路二段20之1號十六樓,68,6800100,6800100-049,8鄰,大興西路,二段,,,,,20之1號十六樓,121.299037899701,25.0124109834427
桃園市桃園區中寧里8鄰大興西路二段20之1號十樓,68,6800100,6800100-049,8鄰,大興西路,二段,,,,,20之1號十樓,121.299037899701,25.0124109834427
桃園市桃園區中寧里8鄰大興西路二段20之1號三樓,68,6800100,6800100-049,8鄰,大興西路,二段,,,,,20之1號三樓,121.299037899701,25.0124109834427
桃園市桃園區中寧里8鄰大興西路二段20之1號五樓,68,6800100,6800100-049,8鄰,大興西路,二段,,,,,20之1號五樓,121.299037899701,25.0124109834427
桃園市桃園區中寧里8鄰大興西路二段20之1號六樓,68,6800100,6800100-049,8鄰,大興西路,二段,,,,,20之1號六樓,121.299037899701,25.0124109834427
桃園市桃園區中寧里8鄰大興西路二段20號四樓,68,6800100,6800100-049,8鄰,大興西路,二段,,,,,20號四樓,121.299060959823,25.0123597466762
桃園市桃園區中寧里8鄰大興西路二段20之1號四樓,68,6800100,6800100-049,8鄰,大興西路,二段,,,,,20之1號四樓,121.299037899701,25.0124109834427
桃園市桃園區中寧里8鄰大興西路二段20之4號十樓,68,6800100,6800100-049,8鄰,大興西路,二段,,,,,20之4號十樓,121.29897135338,25.0125887036699
桃園市桃園區中寧里8鄰大興西路二段20之4號三樓,68,6800100,6800100-049,8鄰,大興西路,二段,,,,,20之4號三樓,121.29897135338,25.0125887036699
桃園市桃園區中寧里8鄰大興西路二段20之4號五樓,68,6800100,6800100-049,8鄰,大興西路,二段,,,,,20之4號五樓,121.29897135338,25.0125887036699
桃園市桃園區中寧里8鄰大興西路二段20之4號六樓,68,6800100,6800100-049,8鄰,大興西路,二段,,,,,20之4號六樓,121.29897135338,25.0125887036699
桃園市桃園區中寧里8鄰大興西路二段20之4號四樓,68,6800100,6800100-049,8鄰,大興西路,二段,,,,,20之4號四樓,121.29897135338,25.0125887036699
桃園市桃園區中寧里8鄰大興西路二段20之5號七樓,68,6800100,6800100-049,8鄰,大興西路,二段,,,,,20之5號七樓,121.298944214606,25.0126331774048
桃園市桃園區中寧里8鄰大興西路二段20之5號九樓,68,6800100,6800100-049,8鄰,大興西路,二段,,,,,20之5號九樓,121.298944214606,25.0126331774048
桃園市桃園區中寧里8鄰大興西路二段20之2號十七樓,68,6800100,6800100-049,8鄰,大興西路,二段,,,,,20之2號十七樓,121.299017930416,25.0124702491669
桃園市桃園區中寧里8鄰大興西路二段20之5號二樓,68,6800100,6800100-049,8鄰,大興西路,二段,,,,,20之5號二樓,121.298944214606,25.0126331774048
桃園市桃園區中寧里8鄰大興西路二段20之5號八樓,68,6800100,6800100-049,8鄰,大興西路,二段,,,,,20之5號八樓,121.298944214606,25.0126331774048
桃園市桃園區中寧里8鄰大興西路二段20之3號八樓,68,6800100,6800100-049,8鄰,大興西路,二段,,,,,20之3號八樓,121.298990623479,25.0125270920034
桃園市桃園區中寧里8鄰大興西路二段20之5號十七樓,68,6800100,6800100-049,8鄰,大興西路,二段,,,,,20之5號十七樓,121.298944214606,25.0126331774048
桃園市桃園區中寧里8鄰大興西路二段20之5號十二樓,68,6800100,6800100-049,8鄰,大興西路,二段,,,,,20之5號十二樓,121.298944214606,25.0126331774048
桃園市桃園區中寧里8鄰大興西路二段20之5號十三樓,68,6800100,6800100-049,8鄰,大興西路,二段,,,,,20之5號十三樓,121.298944214606,25.0126331774048
桃園市桃園區中寧里8鄰大興西路二段20之5號十五樓,68,6800100,6800100-049,8鄰,大興西路,二段,,,,,20之5號十五樓,121.298944214606,25.0126331774048
桃園市桃園區中寧里8鄰大興西路二段20之5號十六樓,68,6800100,6800100-049,8鄰,大興西路,二段,,,,,20之5號十六樓,121.298944214606,25.0126331774048
桃園市桃園區中寧里8鄰大興西路二段20之5號十樓,68,6800100,6800100-049,8鄰,大興西路,二段,,,,,20之5號十樓,121.298944214606,25.0126331774048
桃園市桃園區中寧里8鄰大興西路二段20之5號三樓,68,6800100,6800100-049,8鄰,大興西路,二段,,,,,20之5號三樓,121.298944214606,25.0126331774048
桃園市桃園區中寧里8鄰大興西路二段20之5號五樓,68,6800100,6800100-049,8鄰,大興西路,二段,,,,,20之5號五樓,121.298944214606,25.0126331774048
桃園市桃園區中寧里8鄰大興西路二段20之5號六樓,68,6800100,6800100-049,8鄰,大興西路,二段,,,,,20之5號六樓,121.298944214606,25.0126331774048
桃園市桃園區中寧里8鄰大興西路二段20之5號四樓,68,6800100,6800100-049,8鄰,大興西路,二段,,,,,20之5號四樓,121.298944214606,25.0126331774048
桃園市桃園區中寧里8鄰大興西路二段20號九樓,68,6800100,6800100-049,8鄰,大興西路,二段,,,,,20號九樓,121.299060959823,25.0123597466762
桃園市桃園區中寧里8鄰大興西路二段20之5號十一樓,68,6800100,6800100-049,8鄰,大興西路,二段,,,,,20之5號十一樓,121.298944214606,25.0126331774048
桃園市桃園區中寧里8鄰大興西路二段20之5號十四樓,68,6800100,6800100-049,8鄰,大興西路,二段,,,,,20之5號十四樓,121.298944214606,25.0126331774048
桃園市桃園區中寧里8鄰大興西路二段20號七樓,68,6800100,6800100-049,8鄰,大興西路,二段,,,,,20號七樓,121.299060959823,25.0123597466762
桃園市桃園區中寧里8鄰大興西路二段20之1號十一樓,68,6800100,6800100-049,8鄰,大興西路,二段,,,,,20之1號十一樓,121.299037899701,25.0124109834427
桃園市桃園區中寧里8鄰大興西路二段20之1號十四樓,68,6800100,6800100-049,8鄰,大興西路,二段,,,,,20之1號十四樓,121.299037899701,25.0124109834427
桃園市桃園區中寧里8鄰大興西路二段20之3號六樓,68,6800100,6800100-049,8鄰,大興西路,二段,,,,,20之3號六樓,121.298990623479,25.0125270920034
桃園市桃園區中寧里8鄰大興西路二段20之4號十一樓,68,6800100,6800100-049,8鄰,大興西路,二段,,,,,20之4號十一樓,121.29897135338,25.0125887036699
桃園市桃園區中寧里8鄰大興西路二段20之3號十三樓,68,6800100,6800100-049,8鄰,大興西路,二段,,,,,20之3號十三樓,121.298990623479,25.0125270920034
桃園市桃園區中寧里8鄰大興西路二段20之3號十五樓,68,6800100,6800100-049,8鄰,大興西路,二段,,,,,20之3號十五樓,121.298990623479,25.0125270920034
桃園市桃園區中寧里8鄰大興西路二段20之3號十六樓,68,6800100,6800100-049,8鄰,大興西路,二段,,,,,20之3號十六樓,121.298990623479,25.0125270920034
桃園市桃園區中寧里8鄰大興西路二段20之3號十四樓,68,6800100,6800100-049,8鄰,大興西路,二段,,,,,20之3號十四樓,121.298990623479,25.0125270920034
桃園市桃園區中寧里8鄰大興西路二段20之3號十樓,68,6800100,6800100-049,8鄰,大興西路,二段,,,,,20之3號十樓,121.298990623479,25.0125270920034
桃園市桃園區中寧里8鄰大興西路二段20之3號三樓,68,6800100,6800100-049,8鄰,大興西路,二段,,,,,20之3號三樓,121.298990623479,25.0125270920034
桃園市桃園區中寧里8鄰大興西路二段20之3號五樓,68,6800100,6800100-049,8鄰,大興西路,二段,,,,,20之3號五樓,121.298990623479,25.0125270920034
桃園市桃園區中寧里8鄰大興西路二段20之3號四樓,68,6800100,6800100-049,8鄰,大興西路,二段,,,,,20之3號四樓,121.298990623479,25.0125270920034
桃園市桃園區中寧里8鄰大興西路二段20之4號七樓,68,6800100,6800100-049,8鄰,大興西路,二段,,,,,20之4號七樓,121.29897135338,25.0125887036699
桃園市桃園區中寧里8鄰大興西路二段20之4號九樓,68,6800100,6800100-049,8鄰,大興西路,二段,,,,,20之4號九樓,121.29897135338,25.0125887036699
桃園市桃園區中寧里8鄰大興西路二段20之4號二樓,68,6800100,6800100-049,8鄰,大興西路,二段,,,,,20之4號二樓,121.29897135338,25.0125887036699
桃園市桃園區中寧里8鄰大興西路二段20之4號八樓,68,6800100,6800100-049,8鄰,大興西路,二段,,,,,20之4號八樓,121.29897135338,25.0125887036699
桃園市桃園區中寧里8鄰大興西路二段20之4號十七樓,68,6800100,6800100-049,8鄰,大興西路,二段,,,,,20之4號十七樓,121.29897135338,25.0125887036699
桃園市桃園區中寧里8鄰大興西路二段20之4號十二樓,68,6800100,6800100-049,8鄰,大興西路,二段,,,,,20之4號十二樓,121.29897135338,25.0125887036699
桃園市桃園區中寧里8鄰大興西路二段20之4號十三樓,68,6800100,6800100-049,8鄰,大興西路,二段,,,,,20之4號十三樓,121.29897135338,25.0125887036699
桃園市桃園區中寧里8鄰大興西路二段20之4號十五樓,68,6800100,6800100-049,8鄰,大興西路,二段,,,,,20之4號十五樓,121.29897135338,25.0125887036699
桃園市桃園區中寧里8鄰大興西路二段20之4號十六樓,68,6800100,6800100-049,8鄰,大興西路,二段,,,,,20之4號十六樓,121.29897135338,25.0125887036699
桃園市桃園區中寧里8鄰大興西路二段20之4號十四樓,68,6800100,6800100-049,8鄰,大興西路,二段,,,,,20之4號十四樓,121.29897135338,25.0125887036699
桃園市桃園區中寧里8鄰大興西路二段20之2號七樓,68,6800100,6800100-049,8鄰,大興西路,二段,,,,,20之2號七樓,121.299017930416,25.0124702491669
桃園市桃園區中寧里8鄰大興西路二段20之2號九樓,68,6800100,6800100-049,8鄰,大興西路,二段,,,,,20之2號九樓,121.299017930416,25.0124702491669
桃園市桃園區中寧里8鄰大興西路二段20之2號二樓,68,6800100,6800100-049,8鄰,大興西路,二段,,,,,20之2號二樓,121.299017930416,25.0124702491669
桃園市桃園區中寧里8鄰大興西路二段20之2號八樓,68,6800100,6800100-049,8鄰,大興西路,二段,,,,,20之2號八樓,121.299017930416,25.0124702491669
桃園市桃園區中寧里8鄰大興西路二段20之2號十一樓,68,6800100,6800100-049,8鄰,大興西路,二段,,,,,20之2號十一樓,121.299017930416,25.0124702491669
桃園市桃園區中寧里8鄰大興西路二段20之2號十二樓,68,6800100,6800100-049,8鄰,大興西路,二段,,,,,20之2號十二樓,121.299017930416,25.0124702491669
桃園市桃園區中寧里8鄰大興西路二段20之2號十三樓,68,6800100,6800100-049,8鄰,大興西路,二段,,,,,20之2號十三樓,121.299017930416,25.0124702491669
桃園市桃園區中寧里8鄰大興西路二段20之2號十五樓,68,6800100,6800100-049,8鄰,大興西路,二段,,,,,20之2號十五樓,121.299017930416,25.0124702491669
桃園市桃園區中寧里8鄰大興西路二段22之2號五樓,68,6800100,6800100-049,8鄰,大興西路,二段,,,,,22之2號五樓,121.299123967701,25.0128891290305
桃園市桃園區中寧里8鄰大興西路二段22之1號一樓,68,6800100,6800100-049,8鄰,大興西路,二段,,,,,22之1號一樓,121.29916716426,25.0128067041529
桃園市桃園區中寧里8鄰大興西路二段22之4號十七樓,68,6800100,6800100-049,8鄰,大興西路,二段,,,,,22之4號十七樓,121.299060095482,25.0130664827765
桃園市桃園區中寧里8鄰大興西路二段22之5號七樓,68,6800100,6800100-049,8鄰,大興西路,二段,,,,,22之5號七樓,121.298955923037,25.0130904366336
桃園市桃園區中寧里8鄰大興西路二段22之1號七樓,68,6800100,6800100-049,8鄰,大興西路,二段,,,,,22之1號七樓,121.29916716426,25.0128067041529
桃園市桃園區中寧里8鄰大興西路二段22之5號九樓,68,6800100,6800100-049,8鄰,大興西路,二段,,,,,22之5號九樓,121.298955923037,25.0130904366336
桃園市桃園區中寧里8鄰大興西路二段22之1號九樓,68,6800100,6800100-049,8鄰,大興西路,二段,,,,,22之1號九樓,121.29916716426,25.0128067041529
桃園市桃園區中寧里8鄰大興西路二段22之5號二樓,68,6800100,6800100-049,8鄰,大興西路,二段,,,,,22之5號二樓,121.298955923037,25.0130904366336
桃園市桃園區中寧里8鄰大興西路二段22之1號二樓,68,6800100,6800100-049,8鄰,大興西路,二段,,,,,22之1號二樓,121.29916716426,25.0128067041529
桃園市桃園區中寧里8鄰大興西路二段22之5號十一樓,68,6800100,6800100-049,8鄰,大興西路,二段,,,,,22之5號十一樓,121.298955923037,25.0130904366336
桃園市桃園區中寧里8鄰大興西路二段22之1號十一樓,68,6800100,6800100-049,8鄰,大興西路,二段,,,,,22之1號十一樓,121.29916716426,25.0128067041529
桃園市桃園區中寧里8鄰大興西路二段22之5號十二樓,68,6800100,6800100-049,8鄰,大興西路,二段,,,,,22之5號十二樓,121.298955923037,25.0130904366336
桃園市桃園區中寧里8鄰大興西路二段22之1號十七樓,68,6800100,6800100-049,8鄰,大興西路,二段,,,,,22之1號十七樓,121.29916716426,25.0128067041529
桃園市桃園區中寧里8鄰大興西路二段22之5號十三樓,68,6800100,6800100-049,8鄰,大興西路,二段,,,,,22之5號十三樓,121.298955923037,25.0130904366336
桃園市桃園區中寧里8鄰大興西路二段22之1號十二樓,68,6800100,6800100-049,8鄰,大興西路,二段,,,,,22之1號十二樓,121.29916716426,25.0128067041529
桃園市桃園區中寧里8鄰大興西路二段22之5號十五樓,68,6800100,6800100-049,8鄰,大興西路,二段,,,,,22之5號十五樓,121.298955923037,25.0130904366336
桃園市桃園區中寧里8鄰大興西路二段22之5號十六樓,68,6800100,6800100-049,8鄰,大興西路,二段,,,,,22之5號十六樓,121.298955923037,25.0130904366336
桃園市桃園區中寧里8鄰大興西路二段22之5號十四樓,68,6800100,6800100-049,8鄰,大興西路,二段,,,,,22之5號十四樓,121.298955923037,25.0130904366336
桃園市桃園區中寧里8鄰大興西路二段22之5號十樓,68,6800100,6800100-049,8鄰,大興西路,二段,,,,,22之5號十樓,121.298955923037,25.0130904366336
桃園市桃園區中寧里8鄰大興西路二段22之5號三樓,68,6800100,6800100-049,8鄰,大興西路,二段,,,,,22之5號三樓,121.298955923037,25.0130904366336
桃園市桃園區中寧里8鄰大興西路二段22之3號四樓,68,6800100,6800100-049,8鄰,大興西路,二段,,,,,22之3號四樓,121.29910323091,25.012958778837
桃園市桃園區中寧里8鄰大興西路二段22之4號一樓,68,6800100,6800100-049,8鄰,大興西路,二段,,,,,22之4號一樓,121.299060095482,25.0130664827765
桃園市桃園區中寧里8鄰大興西路二段22之4號七樓,68,6800100,6800100-049,8鄰,大興西路,二段,,,,,22之4號七樓,121.299060095482,25.0130664827765
桃園市桃園區中寧里8鄰大興西路二段22之4號二樓,68,6800100,6800100-049,8鄰,大興西路,二段,,,,,22之4號二樓,121.299060095482,25.0130664827765
桃園市桃園區中寧里8鄰大興西路二段22之4號八樓,68,6800100,6800100-049,8鄰,大興西路,二段,,,,,22之4號八樓,121.299060095482,25.0130664827765
桃園市桃園區中寧里8鄰大興西路二段22之4號十一樓,68,6800100,6800100-049,8鄰,大興西路,二段,,,,,22之4號十一樓,121.299060095482,25.0130664827765
桃園市桃園區中寧里8鄰大興西路二段22之4號十二樓,68,6800100,6800100-049,8鄰,大興西路,二段,,,,,22之4號十二樓,121.299060095482,25.0130664827765
桃園市桃園區中寧里8鄰大興西路二段22之4號十三樓,68,6800100,6800100-049,8鄰,大興西路,二段,,,,,22之4號十三樓,121.299060095482,25.0130664827765
桃園市桃園區中寧里8鄰大興西路二段22之4號十五樓,68,6800100,6800100-049,8鄰,大興西路,二段,,,,,22之4號十五樓,121.299060095482,25.0130664827765
桃園市桃園區中寧里8鄰大興西路二段22之4號十六樓,68,6800100,6800100-049,8鄰,大興西路,二段,,,,,22之4號十六樓,121.299060095482,25.0130664827765
桃園市桃園區中寧里8鄰大興西路二段22之4號十四樓,68,6800100,6800100-049,8鄰,大興西路,二段,,,,,22之4號十四樓,121.299060095482,25.0130664827765
桃園市桃園區中寧里8鄰大興西路二段22之4號十樓,68,6800100,6800100-049,8鄰,大興西路,二段,,,,,22之4號十樓,121.299060095482,25.0130664827765
桃園市桃園區中寧里8鄰大興西路二段22之4號三樓,68,6800100,6800100-049,8鄰,大興西路,二段,,,,,22之4號三樓,121.299060095482,25.0130664827765
桃園市桃園區中寧里8鄰大興西路二段22之4號五樓,68,6800100,6800100-049,8鄰,大興西路,二段,,,,,22之4號五樓,121.299060095482,25.0130664827765
桃園市桃園區中寧里8鄰大興西路二段22之4號六樓,68,6800100,6800100-049,8鄰,大興西路,二段,,,,,22之4號六樓,121.299060095482,25.0130664827765
桃園市桃園區中寧里8鄰大興西路二段22之4號九樓,68,6800100,6800100-049,8鄰,大興西路,二段,,,,,22之4號九樓,121.299060095482,25.0130664827765
桃園市桃園區中寧里8鄰大興西路二段22之1號八樓,68,6800100,6800100-049,8鄰,大興西路,二段,,,,,22之1號八樓,121.29916716426,25.0128067041529
桃園市桃園區中寧里8鄰大興西路二段22之2號二樓,68,6800100,6800100-049,8鄰,大興西路,二段,,,,,22之2號二樓,121.299123967701,25.0128891290305
桃園市桃園區中寧里8鄰大興西路二段22之2號十三樓,68,6800100,6800100-049,8鄰,大興西路,二段,,,,,22之2號十三樓,121.299123967701,25.0128891290305
桃園市桃園區中寧里8鄰大興西路二段22之3號十一樓,68,6800100,6800100-049,8鄰,大興西路,二段,,,,,22之3號十一樓,121.29910323091,25.012958778837
桃園市桃園區中寧里8鄰大興西路二段22號十六樓,68,6800100,6800100-049,8鄰,大興西路,二段,,,,,22號十六樓,121.299110250388,25.0127071463444
桃園市桃園區中寧里8鄰大興西路二段22之2號三樓,68,6800100,6800100-049,8鄰,大興西路,二段,,,,,22之2號三樓,121.299123967701,25.0128891290305
桃園市桃園區中寧里8鄰大興西路二段22之2號六樓,68,6800100,6800100-049,8鄰,大興西路,二段,,,,,22之2號六樓,121.299123967701,25.0128891290305
桃園市桃園區中寧里8鄰大興西路二段22之2號四樓,68,6800100,6800100-049,8鄰,大興西路,二段,,,,,22之2號四樓,121.299123967701,25.0128891290305
桃園市桃園區中寧里8鄰大興西路二段22之3號一樓,68,6800100,6800100-049,8鄰,大興西路,二段,,,,,22之3號一樓,121.29910323091,25.012958778837
桃園市桃園區中寧里8鄰大興西路二段22之3號七樓,68,6800100,6800100-049,8鄰,大興西路,二段,,,,,22之3號七樓,121.29910323091,25.012958778837
桃園市桃園區中寧里8鄰大興西路二段22之3號九樓,68,6800100,6800100-049,8鄰,大興西路,二段,,,,,22之3號九樓,121.29910323091,25.012958778837
桃園市桃園區中寧里8鄰大興西路二段22之3號二樓,68,6800100,6800100-049,8鄰,大興西路,二段,,,,,22之3號二樓,121.29910323091,25.012958778837
桃園市桃園區中寧里8鄰大興西路二段22之3號八樓,68,6800100,6800100-049,8鄰,大興西路,二段,,,,,22之3號八樓,121.29910323091,25.012958778837
桃園市桃園區中寧里8鄰大興西路二段22之3號十七樓,68,6800100,6800100-049,8鄰,大興西路,二段,,,,,22之3號十七樓,121.29910323091,25.012958778837
桃園市桃園區中寧里8鄰大興西路二段22之3號十二樓,68,6800100,6800100-049,8鄰,大興西路,二段,,,,,22之3號十二樓,121.29910323091,25.012958778837
桃園市桃園區中寧里8鄰大興西路二段22之3號十八樓,68,6800100,6800100-049,8鄰,大興西路,二段,,,,,22之3號十八樓,121.29910323091,25.012958778837
桃園市桃園區中寧里8鄰大興西路二段22號十一樓,68,6800100,6800100-049,8鄰,大興西路,二段,,,,,22號十一樓,121.299110250388,25.0127071463444
桃園市桃園區中寧里8鄰大興西路二段22之3號十三樓,68,6800100,6800100-049,8鄰,大興西路,二段,,,,,22之3號十三樓,121.29910323091,25.012958778837
桃園市桃園區中寧里8鄰大興西路二段22號十二樓,68,6800100,6800100-049,8鄰,大興西路,二段,,,,,22號十二樓,121.299110250388,25.0127071463444
桃園市桃園區中寧里8鄰大興西路二段22之3號十六樓,68,6800100,6800100-049,8鄰,大興西路,二段,,,,,22之3號十六樓,121.29910323091,25.012958778837
桃園市桃園區中寧里8鄰大興西路二段22號十三樓,68,6800100,6800100-049,8鄰,大興西路,二段,,,,,22號十三樓,121.299110250388,25.0127071463444
桃園市桃園區中寧里8鄰大興西路二段22之3號十四樓,68,6800100,6800100-049,8鄰,大興西路,二段,,,,,22之3號十四樓,121.29910323091,25.012958778837
桃園市桃園區中寧里8鄰大興西路二段22號十五樓,68,6800100,6800100-049,8鄰,大興西路,二段,,,,,22號十五樓,121.299110250388,25.0127071463444
桃園市桃園區中寧里8鄰大興西路二段22之3號十樓,68,6800100,6800100-049,8鄰,大興西路,二段,,,,,22之3號十樓,121.29910323091,25.012958778837
桃園市桃園區中寧里8鄰大興西路二段22之3號三樓,68,6800100,6800100-049,8鄰,大興西路,二段,,,,,22之3號三樓,121.29910323091,25.012958778837
桃園市桃園區中寧里8鄰大興西路二段22之3號五樓,68,6800100,6800100-049,8鄰,大興西路,二段,,,,,22之3號五樓,121.29910323091,25.012958778837
桃園市桃園區中寧里8鄰大興西路二段22之3號六樓,68,6800100,6800100-049,8鄰,大興西路,二段,,,,,22之3號六樓,121.29910323091,25.012958778837
桃園市桃園區中寧里8鄰大興西路二段22號十四樓,68,6800100,6800100-049,8鄰,大興西路,二段,,,,,22號十四樓,121.299110250388,25.0127071463444
桃園市桃園區中寧里8鄰大興西路二段22號十樓,68,6800100,6800100-049,8鄰,大興西路,二段,,,,,22號十樓,121.299110250388,25.0127071463444
桃園市桃園區中寧里8鄰大興西路二段22號三樓,68,6800100,6800100-049,8鄰,大興西路,二段,,,,,22號三樓,121.299110250388,25.0127071463444
桃園市桃園區中寧里8鄰大興西路二段22號五樓,68,6800100,6800100-049,8鄰,大興西路,二段,,,,,22號五樓,121.299110250388,25.0127071463444
桃園市桃園區中寧里8鄰大興西路二段22號六樓,68,6800100,6800100-049,8鄰,大興西路,二段,,,,,22號六樓,121.299110250388,25.0127071463444
桃園市桃園區中寧里8鄰大興西路二段22號四樓,68,6800100,6800100-049,8鄰,大興西路,二段,,,,,22號四樓,121.299110250388,25.0127071463444
桃園市桃園區中寧里8鄰大興西路二段22之5號六樓,68,6800100,6800100-049,8鄰,大興西路,二段,,,,,22之5號六樓,121.298955923037,25.0130904366336
桃園市桃園區中寧里8鄰大興西路二段22之1號十三樓,68,6800100,6800100-049,8鄰,大興西路,二段,,,,,22之1號十三樓,121.29916716426,25.0128067041529
桃園市桃園區中寧里8鄰大興西路二段22之5號四樓,68,6800100,6800100-049,8鄰,大興西路,二段,,,,,22之5號四樓,121.298955923037,25.0130904366336
桃園市桃園區中寧里8鄰大興西路二段22之1號十五樓,68,6800100,6800100-049,8鄰,大興西路,二段,,,,,22之1號十五樓,121.29916716426,25.0128067041529
桃園市桃園區中寧里8鄰大興西路二段22號七樓,68,6800100,6800100-049,8鄰,大興西路,二段,,,,,22號七樓,121.299110250388,25.0127071463444
桃園市桃園區中寧里8鄰大興西路二段22之1號十六樓,68,6800100,6800100-049,8鄰,大興西路,二段,,,,,22之1號十六樓,121.29916716426,25.0128067041529
桃園市桃園區中寧里8鄰大興西路二段22號九樓,68,6800100,6800100-049,8鄰,大興西路,二段,,,,,22號九樓,121.299110250388,25.0127071463444
桃園市桃園區中寧里8鄰大興西路二段22之1號十四樓,68,6800100,6800100-049,8鄰,大興西路,二段,,,,,22之1號十四樓,121.29916716426,25.0128067041529
桃園市桃園區中寧里8鄰大興西路二段22之1號十樓,68,6800100,6800100-049,8鄰,大興西路,二段,,,,,22之1號十樓,121.29916716426,25.0128067041529
桃園市桃園區中寧里8鄰大興西路二段22之1號三樓,68,6800100,6800100-049,8鄰,大興西路,二段,,,,,22之1號三樓,121.29916716426,25.0128067041529
桃園市桃園區中寧里8鄰大興西路二段22之3號十五樓,68,6800100,6800100-049,8鄰,大興西路,二段,,,,,22之3號十五樓,121.29910323091,25.012958778837
桃園市桃園區中寧里8鄰大興西路二段22之1號五樓,68,6800100,6800100-049,8鄰,大興西路,二段,,,,,22之1號五樓,121.29916716426,25.0128067041529
桃園市桃園區中寧里8鄰大興西路二段22之1號六樓,68,6800100,6800100-049,8鄰,大興西路,二段,,,,,22之1號六樓,121.29916716426,25.0128067041529
桃園市桃園區中寧里8鄰大興西路二段22之1號四樓,68,6800100,6800100-049,8鄰,大興西路,二段,,,,,22之1號四樓,121.29916716426,25.0128067041529
桃園市桃園區中寧里8鄰大興西路二段22之2號一樓,68,6800100,6800100-049,8鄰,大興西路,二段,,,,,22之2號一樓,121.299123967701,25.0128891290305
桃園市桃園區中寧里8鄰大興西路二段22之2號七樓,68,6800100,6800100-049,8鄰,大興西路,二段,,,,,22之2號七樓,121.299123967701,25.0128891290305
桃園市桃園區中寧里8鄰大興西路二段22之2號九樓,68,6800100,6800100-049,8鄰,大興西路,二段,,,,,22之2號九樓,121.299123967701,25.0128891290305
桃園市桃園區中寧里8鄰大興西路二段22之2號八樓,68,6800100,6800100-049,8鄰,大興西路,二段,,,,,22之2號八樓,121.299123967701,25.0128891290305
桃園市桃園區中寧里8鄰大興西路二段22之2號十一樓,68,6800100,6800100-049,8鄰,大興西路,二段,,,,,22之2號十一樓,121.299123967701,25.0128891290305
桃園市桃園區中寧里8鄰大興西路二段22之2號十七樓,68,6800100,6800100-049,8鄰,大興西路,二段,,,,,22之2號十七樓,121.299123967701,25.0128891290305
桃園市桃園區中寧里8鄰大興西路二段22之2號十二樓,68,6800100,6800100-049,8鄰,大興西路,二段,,,,,22之2號十二樓,121.299123967701,25.0128891290305
桃園市桃園區中寧里8鄰大興西路二段22之2號十八樓,68,6800100,6800100-049,8鄰,大興西路,二段,,,,,22之2號十八樓,121.299123967701,25.0128891290305
桃園市桃園區中寧里8鄰大興西路二段22之2號十五樓,68,6800100,6800100-049,8鄰,大興西路,二段,,,,,22之2號十五樓,121.299123967701,25.0128891290305
桃園市桃園區中寧里8鄰大興西路二段22之2號十六樓,68,6800100,6800100-049,8鄰,大興西路,二段,,,,,22之2號十六樓,121.299123967701,25.0128891290305
桃園市桃園區中寧里8鄰大興西路二段22之2號十四樓,68,6800100,6800100-049,8鄰,大興西路,二段,,,,,22之2號十四樓,121.299123967701,25.0128891290305
桃園市桃園區中寧里8鄰大興西路二段22之2號十樓,68,6800100,6800100-049,8鄰,大興西路,二段,,,,,22之2號十樓,121.299123967701,25.0128891290305
桃園市桃園區中寧里8鄰大興西路二段22號二樓,68,6800100,6800100-049,8鄰,大興西路,二段,,,,,22號二樓,121.299110250388,25.0127071463444
桃園市桃園區中寧里8鄰大興西路二段22之4號四樓,68,6800100,6800100-049,8鄰,大興西路,二段,,,,,22之4號四樓,121.299060095482,25.0130664827765
桃園市桃園區中寧里8鄰大興西路二段22之5號八樓,68,6800100,6800100-049,8鄰,大興西路,二段,,,,,22之5號八樓,121.298955923037,25.0130904366336
桃園市桃園區中寧里8鄰大興西路二段22之5號五樓,68,6800100,6800100-049,8鄰,大興西路,二段,,,,,22之5號五樓,121.298955923037,25.0130904366336
桃園市桃園區中寧里8鄰大興西路二段22號八樓,68,6800100,6800100-049,8鄰,大興西路,二段,,,,,22號八樓,121.299110250388,25.0127071463444
桃園市桃園區中寧里9鄰大興西路二段24之1號三樓,68,6800100,6800100-049,9鄰,大興西路,二段,,,,,24之1號三樓,121.298768909432,25.0129458181853
桃園市桃園區中寧里9鄰大興西路二段24之1號五樓,68,6800100,6800100-049,9鄰,大興西路,二段,,,,,24之1號五樓,121.298768909432,25.0129458181853
桃園市桃園區中寧里9鄰大興西路二段24之1號六樓,68,6800100,6800100-049,9鄰,大興西路,二段,,,,,24之1號六樓,121.298768909432,25.0129458181853
桃園市桃園區中寧里9鄰大興西路二段24之1號四樓,68,6800100,6800100-049,9鄰,大興西路,二段,,,,,24之1號四樓,121.298768909432,25.0129458181853
桃園市桃園區中寧里9鄰大興西路二段24號七樓,68,6800100,6800100-049,9鄰,大興西路,二段,,,,,24號七樓,121.298888397522,25.0130275549236
桃園市桃園區中寧里9鄰大興西路二段24號九樓,68,6800100,6800100-049,9鄰,大興西路,二段,,,,,24號九樓,121.298888397522,25.0130275549236
桃園市桃園區中寧里9鄰大興西路二段24號二樓,68,6800100,6800100-049,9鄰,大興西路,二段,,,,,24號二樓,121.298888397522,25.0130275549236
桃園市桃園區中寧里9鄰大興西路二段24號八樓,68,6800100,6800100-049,9鄰,大興西路,二段,,,,,24號八樓,121.298888397522,25.0130275549236
桃園市桃園區中寧里9鄰大興西路二段24號十二樓,68,6800100,6800100-049,9鄰,大興西路,二段,,,,,24號十二樓,121.298888397522,25.0130275549236
桃園市桃園區中寧里9鄰大興西路二段24號十三樓,68,6800100,6800100-049,9鄰,大興西路,二段,,,,,24號十三樓,121.298888397522,25.0130275549236
桃園市桃園區中寧里9鄰大興西路二段24號十五樓,68,6800100,6800100-049,9鄰,大興西路,二段,,,,,24號十五樓,121.298888397522,25.0130275549236
桃園市桃園區中寧里9鄰大興西路二段24號十六樓,68,6800100,6800100-049,9鄰,大興西路,二段,,,,,24號十六樓,121.298888397522,25.0130275549236
桃園市桃園區中寧里9鄰大興西路二段24號十樓,68,6800100,6800100-049,9鄰,大興西路,二段,,,,,24號十樓,121.298888397522,25.0130275549236
桃園市桃園區中寧里9鄰大興西路二段24號十一樓,68,6800100,6800100-049,9鄰,大興西路,二段,,,,,24號十一樓,121.298888397522,25.0130275549236
桃園市桃園區中寧里9鄰大興西路二段24號三樓,68,6800100,6800100-049,9鄰,大興西路,二段,,,,,24號三樓,121.298888397522,25.0130275549236
桃園市桃園區中寧里9鄰大興西路二段24號十四樓,68,6800100,6800100-049,9鄰,大興西路,二段,,,,,24號十四樓,121.298888397522,25.0130275549236
桃園市桃園區中寧里9鄰大興西路二段24號五樓,68,6800100,6800100-049,9鄰,大興西路,二段,,,,,24號五樓,121.298888397522,25.0130275549236
桃園市桃園區中寧里9鄰大興西路二段24號六樓,68,6800100,6800100-049,9鄰,大興西路,二段,,,,,24號六樓,121.298888397522,25.0130275549236
桃園市桃園區中寧里9鄰大興西路二段24號四樓,68,6800100,6800100-049,9鄰,大興西路,二段,,,,,24號四樓,121.298888397522,25.0130275549236
桃園市桃園區中寧里9鄰大興西路二段24之1號二樓,68,6800100,6800100-049,9鄰,大興西路,二段,,,,,24之1號二樓,121.298768909432,25.0129458181853
桃園市桃園區中寧里9鄰大興西路二段24之1號十三樓,68,6800100,6800100-049,9鄰,大興西路,二段,,,,,24之1號十三樓,121.298768909432,25.0129458181853
桃園市桃園區中寧里9鄰大興西路二段24之1號七樓,68,6800100,6800100-049,9鄰,大興西路,二段,,,,,24之1號七樓,121.298768909432,25.0129458181853
桃園市桃園區中寧里9鄰大興西路二段24之1號九樓,68,6800100,6800100-049,9鄰,大興西路,二段,,,,,24之1號九樓,121.298768909432,25.0129458181853
桃園市桃園區中寧里9鄰大興西路二段24之1號八樓,68,6800100,6800100-049,9鄰,大興西路,二段,,,,,24之1號八樓,121.298768909432,25.0129458181853
桃園市桃園區中寧里9鄰大興西路二段24之1號十一樓,68,6800100,6800100-049,9鄰,大興西路,二段,,,,,24之1號十一樓,121.298768909432,25.0129458181853
桃園市桃園區中寧里9鄰大興西路二段24之1號十二樓,68,6800100,6800100-049,9鄰,大興西路,二段,,,,,24之1號十二樓,121.298768909432,25.0129458181853
桃園市桃園區中寧里9鄰大興西路二段24之1號十五樓,68,6800100,6800100-049,9鄰,大興西路,二段,,,,,24之1號十五樓,121.298768909432,25.0129458181853
桃園市桃園區中寧里9鄰大興西路二段24之1號十六樓,68,6800100,6800100-049,9鄰,大興西路,二段,,,,,24之1號十六樓,121.298768909432,25.0129458181853
桃園市桃園區中寧里9鄰大興西路二段24之1號十四樓,68,6800100,6800100-049,9鄰,大興西路,二段,,,,,24之1號十四樓,121.298768909432,25.0129458181853
桃園市桃園區中寧里9鄰大興西路二段24之1號十樓,68,6800100,6800100-049,9鄰,大興西路,二段,,,,,24之1號十樓,121.298768909432,25.0129458181853
桃園市桃園區中寧里14鄰大興西路二段25號,68,6800100,6800100-049,14鄰,大興西路,二段,,,,,25號,121.299644449639,25.0117966514583
桃園市桃園區中寧里9鄰大興西路二段26之1號二樓,68,6800100,6800100-049,9鄰,大興西路,二段,,,,,26之1號二樓,121.298826945948,25.0121992427202
桃園市桃園區中寧里9鄰大興西路二段26之1號八樓,68,6800100,6800100-049,9鄰,大興西路,二段,,,,,26之1號八樓,121.298826945948,25.0121992427202
桃園市桃園區中寧里9鄰大興西路二段26之1號十一樓,68,6800100,6800100-049,9鄰,大興西路,二段,,,,,26之1號十一樓,121.298826945948,25.0121992427202
桃園市桃園區中寧里9鄰大興西路二段26之1號十七樓,68,6800100,6800100-049,9鄰,大興西路,二段,,,,,26之1號十七樓,121.298826945948,25.0121992427202
桃園市桃園區中寧里9鄰大興西路二段26之1號十二樓,68,6800100,6800100-049,9鄰,大興西路,二段,,,,,26之1號十二樓,121.298826945948,25.0121992427202
桃園市桃園區中寧里9鄰大興西路二段26之1號十三樓,68,6800100,6800100-049,9鄰,大興西路,二段,,,,,26之1號十三樓,121.298826945948,25.0121992427202
桃園市桃園區中寧里9鄰大興西路二段26之1號十五樓,68,6800100,6800100-049,9鄰,大興西路,二段,,,,,26之1號十五樓,121.298826945948,25.0121992427202
桃園市桃園區中寧里9鄰大興西路二段26之1號十六樓,68,6800100,6800100-049,9鄰,大興西路,二段,,,,,26之1號十六樓,121.298826945948,25.0121992427202
桃園市桃園區中寧里9鄰大興西路二段26之1號十四樓,68,6800100,6800100-049,9鄰,大興西路,二段,,,,,26之1號十四樓,121.298826945948,25.0121992427202
桃園市桃園區中寧里9鄰大興西路二段26之1號三樓,68,6800100,6800100-049,9鄰,大興西路,二段,,,,,26之1號三樓,121.298826945948,25.0121992427202
桃園市桃園區中寧里9鄰大興西路二段26之1號五樓,68,6800100,6800100-049,9鄰,大興西路,二段,,,,,26之1號五樓,121.298826945948,25.0121992427202
桃園市桃園區中寧里9鄰大興西路二段26之1號六樓,68,6800100,6800100-049,9鄰,大興西路,二段,,,,,26之1號六樓,121.298826945948,25.0121992427202
桃園市桃園區中寧里9鄰大興西路二段26之1號四樓,68,6800100,6800100-049,9鄰,大興西路,二段,,,,,26之1號四樓,121.298826945948,25.0121992427202
桃園市桃園區中寧里9鄰大興西路二段26之2號一樓,68,6800100,6800100-049,9鄰,大興西路,二段,,,,,26之2號一樓,121.298796116767,25.0122745103094
桃園市桃園區中寧里9鄰大興西路二段26之2號九樓,68,6800100,6800100-049,9鄰,大興西路,二段,,,,,26之2號九樓,121.298796116767,25.0122745103094
桃園市桃園區中寧里9鄰大興西路二段26之2號二樓,68,6800100,6800100-049,9鄰,大興西路,二段,,,,,26之2號二樓,121.298796116767,25.0122745103094
桃園市桃園區中寧里9鄰大興西路二段26之2號八樓,68,6800100,6800100-049,9鄰,大興西路,二段,,,,,26之2號八樓,121.298796116767,25.0122745103094
桃園市桃園區中寧里9鄰大興西路二段26之2號十一樓,68,6800100,6800100-049,9鄰,大興西路,二段,,,,,26之2號十一樓,121.298796116767,25.0122745103094
桃園市桃園區中寧里10鄰大興西路二段26之6號四樓,68,6800100,6800100-049,10鄰,大興西路,二段,,,,,26之6號四樓,121.298678627336,25.012568165697
桃園市桃園區中寧里9鄰大興西路二段26之5號一樓,68,6800100,6800100-049,9鄰,大興西路,二段,,,,,26之5號一樓,121.298722136824,25.0124921503999
桃園市桃園區中寧里9鄰大興西路二段26之5號七樓,68,6800100,6800100-049,9鄰,大興西路,二段,,,,,26之5號七樓,121.298722136824,25.0124921503999
桃園市桃園區中寧里9鄰大興西路二段26之5號九樓,68,6800100,6800100-049,9鄰,大興西路,二段,,,,,26之5號九樓,121.298722136824,25.0124921503999
桃園市桃園區中寧里9鄰大興西路二段26之5號二樓,68,6800100,6800100-049,9鄰,大興西路,二段,,,,,26之5號二樓,121.298722136824,25.0124921503999
桃園市桃園區中寧里9鄰大興西路二段26之5號八樓,68,6800100,6800100-049,9鄰,大興西路,二段,,,,,26之5號八樓,121.298722136824,25.0124921503999
桃園市桃園區中寧里9鄰大興西路二段26之5號十一樓,68,6800100,6800100-049,9鄰,大興西路,二段,,,,,26之5號十一樓,121.298722136824,25.0124921503999
桃園市桃園區中寧里9鄰大興西路二段26之5號十七樓,68,6800100,6800100-049,9鄰,大興西路,二段,,,,,26之5號十七樓,121.298722136824,25.0124921503999
桃園市桃園區中寧里9鄰大興西路二段26之5號十二樓,68,6800100,6800100-049,9鄰,大興西路,二段,,,,,26之5號十二樓,121.298722136824,25.0124921503999
桃園市桃園區中寧里9鄰大興西路二段26之5號十三樓,68,6800100,6800100-049,9鄰,大興西路,二段,,,,,26之5號十三樓,121.298722136824,25.0124921503999
桃園市桃園區中寧里9鄰大興西路二段26之5號十五樓,68,6800100,6800100-049,9鄰,大興西路,二段,,,,,26之5號十五樓,121.298722136824,25.0124921503999
桃園市桃園區中寧里9鄰大興西路二段26之5號十六樓,68,6800100,6800100-049,9鄰,大興西路,二段,,,,,26之5號十六樓,121.298722136824,25.0124921503999
桃園市桃園區中寧里9鄰大興西路二段26之5號十四樓,68,6800100,6800100-049,9鄰,大興西路,二段,,,,,26之5號十四樓,121.298722136824,25.0124921503999
桃園市桃園區中寧里9鄰大興西路二段26之5號十樓,68,6800100,6800100-049,9鄰,大興西路,二段,,,,,26之5號十樓,121.298722136824,25.0124921503999
桃園市桃園區中寧里9鄰大興西路二段26之5號五樓,68,6800100,6800100-049,9鄰,大興西路,二段,,,,,26之5號五樓,121.298722136824,25.0124921503999
桃園市桃園區中寧里9鄰大興西路二段26之5號四樓,68,6800100,6800100-049,9鄰,大興西路,二段,,,,,26之5號四樓,121.298722136824,25.0124921503999
桃園市桃園區中寧里9鄰大興西路二段26號一樓,68,6800100,6800100-049,9鄰,大興西路,二段,,,,,26號一樓,121.298842931876,25.0121315887157
桃園市桃園區中寧里10鄰大興西路二段26之7號十三樓,68,6800100,6800100-049,10鄰,大興西路,二段,,,,,26之7號十三樓,121.298650861299,25.0126400866348
桃園市桃園區中寧里9鄰大興西路二段26號七樓,68,6800100,6800100-049,9鄰,大興西路,二段,,,,,26號七樓,121.298842931876,25.0121315887157
桃園市桃園區中寧里10鄰大興西路二段26之7號十五樓,68,6800100,6800100-049,10鄰,大興西路,二段,,,,,26之7號十五樓,121.298650861299,25.0126400866348
桃園市桃園區中寧里9鄰大興西路二段26號九樓,68,6800100,6800100-049,9鄰,大興西路,二段,,,,,26號九樓,121.298842931876,25.0121315887157
桃園市桃園區中寧里10鄰大興西路二段26之7號十六樓,68,6800100,6800100-049,10鄰,大興西路,二段,,,,,26之7號十六樓,121.298650861299,25.0126400866348
桃園市桃園區中寧里10鄰大興西路二段26之7號十四樓,68,6800100,6800100-049,10鄰,大興西路,二段,,,,,26之7號十四樓,121.298650861299,25.0126400866348
桃園市桃園區中寧里10鄰大興西路二段26之7號十樓,68,6800100,6800100-049,10鄰,大興西路,二段,,,,,26之7號十樓,121.298650861299,25.0126400866348
桃園市桃園區中寧里10鄰大興西路二段26之7號三樓,68,6800100,6800100-049,10鄰,大興西路,二段,,,,,26之7號三樓,121.298650861299,25.0126400866348
桃園市桃園區中寧里10鄰大興西路二段26之7號五樓,68,6800100,6800100-049,10鄰,大興西路,二段,,,,,26之7號五樓,121.298650861299,25.0126400866348
桃園市桃園區中寧里10鄰大興西路二段26之7號四樓,68,6800100,6800100-049,10鄰,大興西路,二段,,,,,26之7號四樓,121.298650861299,25.0126400866348
桃園市桃園區中寧里10鄰大興西路二段26之8號一樓,68,6800100,6800100-049,10鄰,大興西路,二段,,,,,26之8號一樓,121.298617444969,25.0127108452357
桃園市桃園區中寧里10鄰大興西路二段26之8號七樓,68,6800100,6800100-049,10鄰,大興西路,二段,,,,,26之8號七樓,121.298617444969,25.0127108452357
桃園市桃園區中寧里10鄰大興西路二段26之8號九樓,68,6800100,6800100-049,10鄰,大興西路,二段,,,,,26之8號九樓,121.298617444969,25.0127108452357
桃園市桃園區中寧里10鄰大興西路二段26之8號二樓,68,6800100,6800100-049,10鄰,大興西路,二段,,,,,26之8號二樓,121.298617444969,25.0127108452357
桃園市桃園區中寧里10鄰大興西路二段26之8號十一樓,68,6800100,6800100-049,10鄰,大興西路,二段,,,,,26之8號十一樓,121.298617444969,25.0127108452357
桃園市桃園區中寧里10鄰大興西路二段26之8號十七樓,68,6800100,6800100-049,10鄰,大興西路,二段,,,,,26之8號十七樓,121.298617444969,25.0127108452357
桃園市桃園區中寧里10鄰大興西路二段26之8號十二樓,68,6800100,6800100-049,10鄰,大興西路,二段,,,,,26之8號十二樓,121.298617444969,25.0127108452357
桃園市桃園區中寧里10鄰大興西路二段26之6號二樓,68,6800100,6800100-049,10鄰,大興西路,二段,,,,,26之6號二樓,121.298678627336,25.012568165697
桃園市桃園區中寧里10鄰大興西路二段26之8號十三樓,68,6800100,6800100-049,10鄰,大興西路,二段,,,,,26之8號十三樓,121.298617444969,25.0127108452357
桃園市桃園區中寧里10鄰大興西路二段26之8號十五樓,68,6800100,6800100-049,10鄰,大興西路,二段,,,,,26之8號十五樓,121.298617444969,25.0127108452357
桃園市桃園區中寧里9鄰大興西路二段26之5號六樓,68,6800100,6800100-049,9鄰,大興西路,二段,,,,,26之5號六樓,121.298722136824,25.0124921503999
桃園市桃園區中寧里10鄰大興西路二段26之9號一樓,68,6800100,6800100-049,10鄰,大興西路,二段,,,,,26之9號一樓,121.298594318268,25.0127756244984
桃園市桃園區中寧里9鄰大興西路二段26之1號九樓,68,6800100,6800100-049,9鄰,大興西路,二段,,,,,26之1號九樓,121.298826945948,25.0121992427202
桃園市桃園區中寧里10鄰大興西路二段26之9號十七樓,68,6800100,6800100-049,10鄰,大興西路,二段,,,,,26之9號十七樓,121.298594318268,25.0127756244984
桃園市桃園區中寧里10鄰大興西路二段26之9號十樓,68,6800100,6800100-049,10鄰,大興西路,二段,,,,,26之9號十樓,121.298594318268,25.0127756244984
桃園市桃園區中寧里9鄰大興西路二段26之1號一樓,68,6800100,6800100-049,9鄰,大興西路,二段,,,,,26之1號一樓,121.298826945948,25.0121992427202
桃園市桃園區中寧里9鄰大興西路二段26之1號七樓,68,6800100,6800100-049,9鄰,大興西路,二段,,,,,26之1號七樓,121.298826945948,25.0121992427202
桃園市桃園區中寧里9鄰大興西路二段26之3號十樓,68,6800100,6800100-049,9鄰,大興西路,二段,,,,,26之3號十樓,121.298774398729,25.0123481344948
桃園市桃園區中寧里9鄰大興西路二段26之3號三樓,68,6800100,6800100-049,9鄰,大興西路,二段,,,,,26之3號三樓,121.298774398729,25.0123481344948
桃園市桃園區中寧里9鄰大興西路二段26之3號五樓,68,6800100,6800100-049,9鄰,大興西路,二段,,,,,26之3號五樓,121.298774398729,25.0123481344948
桃園市桃園區中寧里9鄰大興西路二段26之3號六樓,68,6800100,6800100-049,9鄰,大興西路,二段,,,,,26之3號六樓,121.298774398729,25.0123481344948
桃園市桃園區中寧里9鄰大興西路二段26之3號四樓,68,6800100,6800100-049,9鄰,大興西路,二段,,,,,26之3號四樓,121.298774398729,25.0123481344948
桃園市桃園區中寧里9鄰大興西路二段26之4號一樓,68,6800100,6800100-049,9鄰,大興西路,二段,,,,,26之4號一樓,121.298741685918,25.0124229544416
桃園市桃園區中寧里9鄰大興西路二段26之4號七樓,68,6800100,6800100-049,9鄰,大興西路,二段,,,,,26之4號七樓,121.298741685918,25.0124229544416
桃園市桃園區中寧里9鄰大興西路二段26之4號二樓,68,6800100,6800100-049,9鄰,大興西路,二段,,,,,26之4號二樓,121.298741685918,25.0124229544416
桃園市桃園區中寧里9鄰大興西路二段26之1號十樓,68,6800100,6800100-049,9鄰,大興西路,二段,,,,,26之1號十樓,121.298826945948,25.0121992427202
桃園市桃園區中寧里9鄰大興西路二段26之5號十八樓,68,6800100,6800100-049,9鄰,大興西路,二段,,,,,26之5號十八樓,121.298722136824,25.0124921503999
桃園市桃園區中寧里9鄰大興西路二段26之4號八樓,68,6800100,6800100-049,9鄰,大興西路,二段,,,,,26之4號八樓,121.298741685918,25.0124229544416
桃園市桃園區中寧里9鄰大興西路二段26之2號七樓,68,6800100,6800100-049,9鄰,大興西路,二段,,,,,26之2號七樓,121.298796116767,25.0122745103094
桃園市桃園區中寧里9鄰大興西路二段26之5號三樓,68,6800100,6800100-049,9鄰,大興西路,二段,,,,,26之5號三樓,121.298722136824,25.0124921503999
桃園市桃園區中寧里9鄰大興西路二段26之4號十一樓,68,6800100,6800100-049,9鄰,大興西路,二段,,,,,26之4號十一樓,121.298741685918,25.0124229544416
桃園市桃園區中寧里9鄰大興西路二段26之4號十七樓,68,6800100,6800100-049,9鄰,大興西路,二段,,,,,26之4號十七樓,121.298741685918,25.0124229544416
桃園市桃園區中寧里9鄰大興西路二段26之4號十二樓,68,6800100,6800100-049,9鄰,大興西路,二段,,,,,26之4號十二樓,121.298741685918,25.0124229544416
桃園市桃園區中寧里9鄰大興西路二段26之4號十三樓,68,6800100,6800100-049,9鄰,大興西路,二段,,,,,26之4號十三樓,121.298741685918,25.0124229544416
桃園市桃園區中寧里9鄰大興西路二段26之4號十五樓,68,6800100,6800100-049,9鄰,大興西路,二段,,,,,26之4號十五樓,121.298741685918,25.0124229544416
桃園市桃園區中寧里9鄰大興西路二段26之4號十六樓,68,6800100,6800100-049,9鄰,大興西路,二段,,,,,26之4號十六樓,121.298741685918,25.0124229544416
桃園市桃園區中寧里9鄰大興西路二段26之4號十四樓,68,6800100,6800100-049,9鄰,大興西路,二段,,,,,26之4號十四樓,121.298741685918,25.0124229544416
桃園市桃園區中寧里9鄰大興西路二段26之4號十樓,68,6800100,6800100-049,9鄰,大興西路,二段,,,,,26之4號十樓,121.298741685918,25.0124229544416
桃園市桃園區中寧里9鄰大興西路二段26之4號三樓,68,6800100,6800100-049,9鄰,大興西路,二段,,,,,26之4號三樓,121.298741685918,25.0124229544416
桃園市桃園區中寧里9鄰大興西路二段26之4號五樓,68,6800100,6800100-049,9鄰,大興西路,二段,,,,,26之4號五樓,121.298741685918,25.0124229544416
桃園市桃園區中寧里9鄰大興西路二段26之4號六樓,68,6800100,6800100-049,9鄰,大興西路,二段,,,,,26之4號六樓,121.298741685918,25.0124229544416
桃園市桃園區中寧里10鄰大興西路二段26之9號四樓,68,6800100,6800100-049,10鄰,大興西路,二段,,,,,26之9號四樓,121.298594318268,25.0127756244984
桃園市桃園區中寧里10鄰大興西路二段26之6號十七樓,68,6800100,6800100-049,10鄰,大興西路,二段,,,,,26之6號十七樓,121.298678627336,25.012568165697
桃園市桃園區中寧里10鄰大興西路二段26之6號十二樓,68,6800100,6800100-049,10鄰,大興西路,二段,,,,,26之6號十二樓,121.298678627336,25.012568165697
桃園市桃園區中寧里10鄰大興西路二段26之6號十八樓,68,6800100,6800100-049,10鄰,大興西路,二段,,,,,26之6號十八樓,121.298678627336,25.012568165697
桃園市桃園區中寧里10鄰大興西路二段26之6號十三樓,68,6800100,6800100-049,10鄰,大興西路,二段,,,,,26之6號十三樓,121.298678627336,25.012568165697
桃園市桃園區中寧里10鄰大興西路二段26之6號十五樓,68,6800100,6800100-049,10鄰,大興西路,二段,,,,,26之6號十五樓,121.298678627336,25.012568165697
桃園市桃園區中寧里10鄰大興西路二段26之6號十四樓,68,6800100,6800100-049,10鄰,大興西路,二段,,,,,26之6號十四樓,121.298678627336,25.012568165697
桃園市桃園區中寧里10鄰大興西路二段26之6號十樓,68,6800100,6800100-049,10鄰,大興西路,二段,,,,,26之6號十樓,121.298678627336,25.012568165697
桃園市桃園區中寧里10鄰大興西路二段26之6號三樓,68,6800100,6800100-049,10鄰,大興西路,二段,,,,,26之6號三樓,121.298678627336,25.012568165697
桃園市桃園區中寧里10鄰大興西路二段26之6號五樓,68,6800100,6800100-049,10鄰,大興西路,二段,,,,,26之6號五樓,121.298678627336,25.012568165697
桃園市桃園區中寧里10鄰大興西路二段26之6號六樓,68,6800100,6800100-049,10鄰,大興西路,二段,,,,,26之6號六樓,121.298678627336,25.012568165697
桃園市桃園區中寧里10鄰大興西路二段26之7號一樓,68,6800100,6800100-049,10鄰,大興西路,二段,,,,,26之7號一樓,121.298650861299,25.0126400866348
桃園市桃園區中寧里10鄰大興西路二段26之7號七樓,68,6800100,6800100-049,10鄰,大興西路,二段,,,,,26之7號七樓,121.298650861299,25.0126400866348
桃園市桃園區中寧里10鄰大興西路二段26之7號九樓,68,6800100,6800100-049,10鄰,大興西路,二段,,,,,26之7號九樓,121.298650861299,25.0126400866348
桃園市桃園區中寧里10鄰大興西路二段26之7號二樓,68,6800100,6800100-049,10鄰,大興西路,二段,,,,,26之7號二樓,121.298650861299,25.0126400866348
桃園市桃園區中寧里10鄰大興西路二段26之7號八樓,68,6800100,6800100-049,10鄰,大興西路,二段,,,,,26之7號八樓,121.298650861299,25.0126400866348
桃園市桃園區中寧里10鄰大興西路二段26之7號十一樓,68,6800100,6800100-049,10鄰,大興西路,二段,,,,,26之7號十一樓,121.298650861299,25.0126400866348
桃園市桃園區中寧里10鄰大興西路二段26之7號十七樓,68,6800100,6800100-049,10鄰,大興西路,二段,,,,,26之7號十七樓,121.298650861299,25.0126400866348
桃園市桃園區中寧里10鄰大興西路二段26之7號十二樓,68,6800100,6800100-049,10鄰,大興西路,二段,,,,,26之7號十二樓,121.298650861299,25.0126400866348
桃園市桃園區中寧里9鄰大興西路二段26之4號九樓,68,6800100,6800100-049,9鄰,大興西路,二段,,,,,26之4號九樓,121.298741685918,25.0124229544416
桃園市桃園區中寧里9鄰大興西路二段26之4號四樓,68,6800100,6800100-049,9鄰,大興西路,二段,,,,,26之4號四樓,121.298741685918,25.0124229544416
桃園市桃園區中寧里9鄰大興西路二段26之2號十七樓,68,6800100,6800100-049,9鄰,大興西路,二段,,,,,26之2號十七樓,121.298796116767,25.0122745103094
桃園市桃園區中寧里9鄰大興西路二段26之2號十二樓,68,6800100,6800100-049,9鄰,大興西路,二段,,,,,26之2號十二樓,121.298796116767,25.0122745103094
桃園市桃園區中寧里9鄰大興西路二段26之2號十三樓,68,6800100,6800100-049,9鄰,大興西路,二段,,,,,26之2號十三樓,121.298796116767,25.0122745103094
桃園市桃園區中寧里9鄰大興西路二段26之2號十五樓,68,6800100,6800100-049,9鄰,大興西路,二段,,,,,26之2號十五樓,121.298796116767,25.0122745103094
桃園市桃園區中寧里9鄰大興西路二段26之2號十六樓,68,6800100,6800100-049,9鄰,大興西路,二段,,,,,26之2號十六樓,121.298796116767,25.0122745103094
桃園市桃園區中寧里9鄰大興西路二段26之2號十四樓,68,6800100,6800100-049,9鄰,大興西路,二段,,,,,26之2號十四樓,121.298796116767,25.0122745103094
桃園市桃園區中寧里9鄰大興西路二段26之2號十樓,68,6800100,6800100-049,9鄰,大興西路,二段,,,,,26之2號十樓,121.298796116767,25.0122745103094
桃園市桃園區中寧里9鄰大興西路二段26之2號三樓,68,6800100,6800100-049,9鄰,大興西路,二段,,,,,26之2號三樓,121.298796116767,25.0122745103094
桃園市桃園區中寧里9鄰大興西路二段26之2號六樓,68,6800100,6800100-049,9鄰,大興西路,二段,,,,,26之2號六樓,121.298796116767,25.0122745103094
桃園市桃園區中寧里10鄰大興西路二段26之6號十六樓,68,6800100,6800100-049,10鄰,大興西路,二段,,,,,26之6號十六樓,121.298678627336,25.012568165697
桃園市桃園區中寧里9鄰大興西路二段26之2號四樓,68,6800100,6800100-049,9鄰,大興西路,二段,,,,,26之2號四樓,121.298796116767,25.0122745103094
桃園市桃園區中寧里9鄰大興西路二段26之3號一樓,68,6800100,6800100-049,9鄰,大興西路,二段,,,,,26之3號一樓,121.298774398729,25.0123481344948
桃園市桃園區中寧里9鄰大興西路二段26之3號七樓,68,6800100,6800100-049,9鄰,大興西路,二段,,,,,26之3號七樓,121.298774398729,25.0123481344948
桃園市桃園區中寧里9鄰大興西路二段26之3號九樓,68,6800100,6800100-049,9鄰,大興西路,二段,,,,,26之3號九樓,121.298774398729,25.0123481344948
桃園市桃園區中寧里9鄰大興西路二段26之3號八樓,68,6800100,6800100-049,9鄰,大興西路,二段,,,,,26之3號八樓,121.298774398729,25.0123481344948
桃園市桃園區中寧里9鄰大興西路二段26之3號十一樓,68,6800100,6800100-049,9鄰,大興西路,二段,,,,,26之3號十一樓,121.298774398729,25.0123481344948
桃園市桃園區中寧里9鄰大興西路二段26之3號十七樓,68,6800100,6800100-049,9鄰,大興西路,二段,,,,,26之3號十七樓,121.298774398729,25.0123481344948
桃園市桃園區中寧里9鄰大興西路二段26之3號十二樓,68,6800100,6800100-049,9鄰,大興西路,二段,,,,,26之3號十二樓,121.298774398729,25.0123481344948
桃園市桃園區中寧里9鄰大興西路二段26之3號十三樓,68,6800100,6800100-049,9鄰,大興西路,二段,,,,,26之3號十三樓,121.298774398729,25.0123481344948
桃園市桃園區中寧里9鄰大興西路二段26號二樓,68,6800100,6800100-049,9鄰,大興西路,二段,,,,,26號二樓,121.298842931876,25.0121315887157
桃園市桃園區中寧里9鄰大興西路二段26號八樓,68,6800100,6800100-049,9鄰,大興西路,二段,,,,,26號八樓,121.298842931876,25.0121315887157
桃園市桃園區中寧里9鄰大興西路二段26之2號五樓,68,6800100,6800100-049,9鄰,大興西路,二段,,,,,26之2號五樓,121.298796116767,25.0122745103094
桃園市桃園區中寧里9鄰大興西路二段26之3號二樓,68,6800100,6800100-049,9鄰,大興西路,二段,,,,,26之3號二樓,121.298774398729,25.0123481344948
桃園市桃園區中寧里9鄰大興西路二段26之3號十六樓,68,6800100,6800100-049,9鄰,大興西路,二段,,,,,26之3號十六樓,121.298774398729,25.0123481344948
桃園市桃園區中寧里9鄰大興西路二段26之3號十五樓,68,6800100,6800100-049,9鄰,大興西路,二段,,,,,26之3號十五樓,121.298774398729,25.0123481344948
桃園市桃園區中寧里9鄰大興西路二段26之3號十四樓,68,6800100,6800100-049,9鄰,大興西路,二段,,,,,26之3號十四樓,121.298774398729,25.0123481344948
桃園市桃園區中寧里9鄰大興西路二段26號十一樓,68,6800100,6800100-049,9鄰,大興西路,二段,,,,,26號十一樓,121.298842931876,25.0121315887157
桃園市桃園區中寧里9鄰大興西路二段26號十七樓,68,6800100,6800100-049,9鄰,大興西路,二段,,,,,26號十七樓,121.298842931876,25.0121315887157
桃園市桃園區中寧里9鄰大興西路二段26號十二樓,68,6800100,6800100-049,9鄰,大興西路,二段,,,,,26號十二樓,121.298842931876,25.0121315887157
桃園市桃園區中寧里9鄰大興西路二段26號十三樓,68,6800100,6800100-049,9鄰,大興西路,二段,,,,,26號十三樓,121.298842931876,25.0121315887157
桃園市桃園區中寧里9鄰大興西路二段26號十六樓,68,6800100,6800100-049,9鄰,大興西路,二段,,,,,26號十六樓,121.298842931876,25.0121315887157
桃園市桃園區中寧里10鄰大興西路二段26之8號十六樓,68,6800100,6800100-049,10鄰,大興西路,二段,,,,,26之8號十六樓,121.298617444969,25.0127108452357
桃園市桃園區中寧里9鄰大興西路二段26號十四樓,68,6800100,6800100-049,9鄰,大興西路,二段,,,,,26號十四樓,121.298842931876,25.0121315887157
桃園市桃園區中寧里10鄰大興西路二段26之8號十四樓,68,6800100,6800100-049,10鄰,大興西路,二段,,,,,26之8號十四樓,121.298617444969,25.0127108452357
桃園市桃園區中寧里9鄰大興西路二段26號十樓,68,6800100,6800100-049,9鄰,大興西路,二段,,,,,26號十樓,121.298842931876,25.0121315887157
桃園市桃園區中寧里10鄰大興西路二段26之8號十樓,68,6800100,6800100-049,10鄰,大興西路,二段,,,,,26之8號十樓,121.298617444969,25.0127108452357
桃園市桃園區中寧里9鄰大興西路二段26號三樓,68,6800100,6800100-049,9鄰,大興西路,二段,,,,,26號三樓,121.298842931876,25.0121315887157
桃園市桃園區中寧里10鄰大興西路二段26之8號三樓,68,6800100,6800100-049,10鄰,大興西路,二段,,,,,26之8號三樓,121.298617444969,25.0127108452357
桃園市桃園區中寧里9鄰大興西路二段26號五樓,68,6800100,6800100-049,9鄰,大興西路,二段,,,,,26號五樓,121.298842931876,25.0121315887157
桃園市桃園區中寧里10鄰大興西路二段26之8號五樓,68,6800100,6800100-049,10鄰,大興西路,二段,,,,,26之8號五樓,121.298617444969,25.0127108452357
桃園市桃園區中寧里10鄰大興西路二段26之8號六樓,68,6800100,6800100-049,10鄰,大興西路,二段,,,,,26之8號六樓,121.298617444969,25.0127108452357
桃園市桃園區中寧里10鄰大興西路二段26之8號四樓,68,6800100,6800100-049,10鄰,大興西路,二段,,,,,26之8號四樓,121.298617444969,25.0127108452357
桃園市桃園區中寧里9鄰大興西路二段26號六樓,68,6800100,6800100-049,9鄰,大興西路,二段,,,,,26號六樓,121.298842931876,25.0121315887157
桃園市桃園區中寧里9鄰大興西路二段26號四樓,68,6800100,6800100-049,9鄰,大興西路,二段,,,,,26號四樓,121.298842931876,25.0121315887157
桃園市桃園區中寧里10鄰大興西路二段26之9號七樓,68,6800100,6800100-049,10鄰,大興西路,二段,,,,,26之9號七樓,121.298594318268,25.0127756244984
桃園市桃園區中寧里10鄰大興西路二段26之6號一樓,68,6800100,6800100-049,10鄰,大興西路,二段,,,,,26之6號一樓,121.298678627336,25.012568165697
桃園市桃園區中寧里10鄰大興西路二段26之9號九樓,68,6800100,6800100-049,10鄰,大興西路,二段,,,,,26之9號九樓,121.298594318268,25.0127756244984
桃園市桃園區中寧里10鄰大興西路二段26之6號七樓,68,6800100,6800100-049,10鄰,大興西路,二段,,,,,26之6號七樓,121.298678627336,25.012568165697
桃園市桃園區中寧里10鄰大興西路二段26之9號二樓,68,6800100,6800100-049,10鄰,大興西路,二段,,,,,26之9號二樓,121.298594318268,25.0127756244984
桃園市桃園區中寧里10鄰大興西路二段26之6號九樓,68,6800100,6800100-049,10鄰,大興西路,二段,,,,,26之6號九樓,121.298678627336,25.012568165697
桃園市桃園區中寧里10鄰大興西路二段26之9號八樓,68,6800100,6800100-049,10鄰,大興西路,二段,,,,,26之9號八樓,121.298594318268,25.0127756244984
桃園市桃園區中寧里10鄰大興西路二段26之6號八樓,68,6800100,6800100-049,10鄰,大興西路,二段,,,,,26之6號八樓,121.298678627336,25.012568165697
桃園市桃園區中寧里10鄰大興西路二段26之9號十一樓,68,6800100,6800100-049,10鄰,大興西路,二段,,,,,26之9號十一樓,121.298594318268,25.0127756244984
桃園市桃園區中寧里10鄰大興西路二段26之7號六樓,68,6800100,6800100-049,10鄰,大興西路,二段,,,,,26之7號六樓,121.298650861299,25.0126400866348
桃園市桃園區中寧里10鄰大興西路二段26之6號十一樓,68,6800100,6800100-049,10鄰,大興西路,二段,,,,,26之6號十一樓,121.298678627336,25.012568165697
桃園市桃園區中寧里10鄰大興西路二段26之9號十二樓,68,6800100,6800100-049,10鄰,大興西路,二段,,,,,26之9號十二樓,121.298594318268,25.0127756244984
桃園市桃園區中寧里10鄰大興西路二段26之8號八樓,68,6800100,6800100-049,10鄰,大興西路,二段,,,,,26之8號八樓,121.298617444969,25.0127108452357
桃園市桃園區中寧里10鄰大興西路二段26之9號十三樓,68,6800100,6800100-049,10鄰,大興西路,二段,,,,,26之9號十三樓,121.298594318268,25.0127756244984
桃園市桃園區中寧里10鄰大興西路二段26之9號十五樓,68,6800100,6800100-049,10鄰,大興西路,二段,,,,,26之9號十五樓,121.298594318268,25.0127756244984
桃園市桃園區中寧里10鄰大興西路二段26之9號十六樓,68,6800100,6800100-049,10鄰,大興西路,二段,,,,,26之9號十六樓,121.298594318268,25.0127756244984
桃園市桃園區中寧里10鄰大興西路二段26之9號十四樓,68,6800100,6800100-049,10鄰,大興西路,二段,,,,,26之9號十四樓,121.298594318268,25.0127756244984
桃園市桃園區中寧里10鄰大興西路二段26之9號三樓,68,6800100,6800100-049,10鄰,大興西路,二段,,,,,26之9號三樓,121.298594318268,25.0127756244984
桃園市桃園區中寧里10鄰大興西路二段26之9號五樓,68,6800100,6800100-049,10鄰,大興西路,二段,,,,,26之9號五樓,121.298594318268,25.0127756244984
桃園市桃園區中寧里9鄰大興西路二段26號十五樓,68,6800100,6800100-049,9鄰,大興西路,二段,,,,,26號十五樓,121.298842931876,25.0121315887157
桃園市桃園區中寧里10鄰大興西路二段26之9號六樓,68,6800100,6800100-049,10鄰,大興西路,二段,,,,,26之9號六樓,121.298594318268,25.0127756244984
桃園市桃園區中寧里11鄰大興西路二段27號,68,6800100,6800100-049,11鄰,大興西路,二段,,,,,27號,121.299589429345,25.0117833101599
桃園市桃園區中寧里10鄰大興西路二段28號十五樓,68,6800100,6800100-049,10鄰,大興西路,二段,,,,,28號十五樓,121.299150933807,25.0120372558164
桃園市桃園區中寧里10鄰大興西路二段28號十六樓,68,6800100,6800100-049,10鄰,大興西路,二段,,,,,28號十六樓,121.299150933807,25.0120372558164
桃園市桃園區中寧里10鄰大興西路二段28號十四樓,68,6800100,6800100-049,10鄰,大興西路,二段,,,,,28號十四樓,121.299150933807,25.0120372558164
桃園市桃園區中寧里10鄰大興西路二段28號十樓,68,6800100,6800100-049,10鄰,大興西路,二段,,,,,28號十樓,121.299150933807,25.0120372558164
桃園市桃園區中寧里10鄰大興西路二段28號三樓,68,6800100,6800100-049,10鄰,大興西路,二段,,,,,28號三樓,121.299150933807,25.0120372558164
桃園市桃園區中寧里10鄰大興西路二段28號五樓,68,6800100,6800100-049,10鄰,大興西路,二段,,,,,28號五樓,121.299150933807,25.0120372558164
桃園市桃園區中寧里10鄰大興西路二段28號六樓,68,6800100,6800100-049,10鄰,大興西路,二段,,,,,28號六樓,121.299150933807,25.0120372558164
桃園市桃園區中寧里10鄰大興西路二段28號四樓,68,6800100,6800100-049,10鄰,大興西路,二段,,,,,28號四樓,121.299150933807,25.0120372558164
桃園市桃園區中寧里10鄰大興西路二段28之1號七樓,68,6800100,6800100-049,10鄰,大興西路,二段,,,,,28之1號七樓,121.299110684904,25.0120275862249
桃園市桃園區中寧里10鄰大興西路二段28之1號九樓,68,6800100,6800100-049,10鄰,大興西路,二段,,,,,28之1號九樓,121.299110684904,25.0120275862249
桃園市桃園區中寧里10鄰大興西路二段28之1號八樓,68,6800100,6800100-049,10鄰,大興西路,二段,,,,,28之1號八樓,121.299110684904,25.0120275862249
桃園市桃園區中寧里10鄰大興西路二段28之1號十一樓,68,6800100,6800100-049,10鄰,大興西路,二段,,,,,28之1號十一樓,121.299110684904,25.0120275862249
桃園市桃園區中寧里10鄰大興西路二段28之1號十七樓,68,6800100,6800100-049,10鄰,大興西路,二段,,,,,28之1號十七樓,121.299110684904,25.0120275862249
桃園市桃園區中寧里10鄰大興西路二段28之1號十二樓,68,6800100,6800100-049,10鄰,大興西路,二段,,,,,28之1號十二樓,121.299110684904,25.0120275862249
桃園市桃園區中寧里10鄰大興西路二段28之1號十五樓,68,6800100,6800100-049,10鄰,大興西路,二段,,,,,28之1號十五樓,121.299110684904,25.0120275862249
桃園市桃園區中寧里10鄰大興西路二段28之1號十六樓,68,6800100,6800100-049,10鄰,大興西路,二段,,,,,28之1號十六樓,121.299110684904,25.0120275862249
桃園市桃園區中寧里10鄰大興西路二段28之1號十四樓,68,6800100,6800100-049,10鄰,大興西路,二段,,,,,28之1號十四樓,121.299110684904,25.0120275862249
桃園市桃園區中寧里10鄰大興西路二段28之1號十樓,68,6800100,6800100-049,10鄰,大興西路,二段,,,,,28之1號十樓,121.299110684904,25.0120275862249
桃園市桃園區中寧里10鄰大興西路二段28之1號三樓,68,6800100,6800100-049,10鄰,大興西路,二段,,,,,28之1號三樓,121.299110684904,25.0120275862249
桃園市桃園區中寧里10鄰大興西路二段28之1號五樓,68,6800100,6800100-049,10鄰,大興西路,二段,,,,,28之1號五樓,121.299110684904,25.0120275862249
桃園市桃園區中寧里10鄰大興西路二段28之1號六樓,68,6800100,6800100-049,10鄰,大興西路,二段,,,,,28之1號六樓,121.299110684904,25.0120275862249
桃園市桃園區中寧里10鄰大興西路二段28之1號四樓,68,6800100,6800100-049,10鄰,大興西路,二段,,,,,28之1號四樓,121.299110684904,25.0120275862249
桃園市桃園區中寧里10鄰大興西路二段28號七樓,68,6800100,6800100-049,10鄰,大興西路,二段,,,,,28號七樓,121.299150933807,25.0120372558164
桃園市桃園區中寧里10鄰大興西路二段28號九樓,68,6800100,6800100-049,10鄰,大興西路,二段,,,,,28號九樓,121.299150933807,25.0120372558164
桃園市桃園區中寧里10鄰大興西路二段28號八樓,68,6800100,6800100-049,10鄰,大興西路,二段,,,,,28號八樓,121.299150933807,25.0120372558164
桃園市桃園區中寧里10鄰大興西路二段28號十一樓,68,6800100,6800100-049,10鄰,大興西路,二段,,,,,28號十一樓,121.299150933807,25.0120372558164
桃園市桃園區中寧里10鄰大興西路二段28號十七樓,68,6800100,6800100-049,10鄰,大興西路,二段,,,,,28號十七樓,121.299150933807,25.0120372558164
桃園市桃園區中寧里10鄰大興西路二段28號十二樓,68,6800100,6800100-049,10鄰,大興西路,二段,,,,,28號十二樓,121.299150933807,25.0120372558164
桃園市桃園區中寧里10鄰大興西路二段28之1號十三樓,68,6800100,6800100-049,10鄰,大興西路,二段,,,,,28之1號十三樓,121.299110684904,25.0120275862249
桃園市桃園區中寧里10鄰大興西路二段28號十三樓,68,6800100,6800100-049,10鄰,大興西路,二段,,,,,28號十三樓,121.299110684904,25.0120275862249
桃園市桃園區中寧里11鄰大興西路二段29號,68,6800100,6800100-049,11鄰,大興西路,二段,,,,,29號,121.299510364365,25.0117419392918
桃園市桃園區中寧里11鄰大興西路二段29號二樓,68,6800100,6800100-049,11鄰,大興西路,二段,,,,,29號二樓,121.299510364365,25.0117419392918
桃園市桃園區中寧里11鄰大興西路二段29號四樓,68,6800100,6800100-049,11鄰,大興西路,二段,,,,,29號四樓,121.299510364365,25.0117419392918
桃園市桃園區中寧里11鄰大興西路二段29號五樓,68,6800100,6800100-049,11鄰,大興西路,二段,,,,,29號五樓,121.299510364365,25.0117419392918
桃園市桃園區中寧里11鄰大興西路二段29號六樓,68,6800100,6800100-049,11鄰,大興西路,二段,,,,,29號六樓,121.299510364365,25.0117419392918
桃園市桃園區中寧里11鄰大興西路二段29號七樓,68,6800100,6800100-049,11鄰,大興西路,二段,,,,,29號七樓,121.299510364365,25.0117419392918
桃園市桃園區中寧里11鄰大興西路二段29號三樓,68,6800100,6800100-049,11鄰,大興西路,二段,,,,,29號三樓,121.299510364365,25.0117419392918
桃園市桃園區中寧里10鄰大興西路二段30之1號九樓,68,6800100,6800100-049,10鄰,大興西路,二段,,,,,30之1號九樓,121.299051694424,25.0120931599552
桃園市桃園區中寧里10鄰大興西路二段30之1號二樓,68,6800100,6800100-049,10鄰,大興西路,二段,,,,,30之1號二樓,121.299051694424,25.0120931599552
桃園市桃園區中寧里10鄰大興西路二段30之1號八樓,68,6800100,6800100-049,10鄰,大興西路,二段,,,,,30之1號八樓,121.299051694424,25.0120931599552
桃園市桃園區中寧里10鄰大興西路二段30之1號十一樓,68,6800100,6800100-049,10鄰,大興西路,二段,,,,,30之1號十一樓,121.299051694424,25.0120931599552
桃園市桃園區中寧里10鄰大興西路二段30之1號十二樓,68,6800100,6800100-049,10鄰,大興西路,二段,,,,,30之1號十二樓,121.299051694424,25.0120931599552
桃園市桃園區中寧里10鄰大興西路二段30之1號十三樓,68,6800100,6800100-049,10鄰,大興西路,二段,,,,,30之1號十三樓,121.299051694424,25.0120931599552
桃園市桃園區中寧里10鄰大興西路二段30之1號十五樓,68,6800100,6800100-049,10鄰,大興西路,二段,,,,,30之1號十五樓,121.299051694424,25.0120931599552
桃園市桃園區中寧里10鄰大興西路二段30之1號十六樓,68,6800100,6800100-049,10鄰,大興西路,二段,,,,,30之1號十六樓,121.299051694424,25.0120931599552
桃園市桃園區中寧里10鄰大興西路二段30之1號十四樓,68,6800100,6800100-049,10鄰,大興西路,二段,,,,,30之1號十四樓,121.299051694424,25.0120931599552
桃園市桃園區中寧里10鄰大興西路二段30之1號十樓,68,6800100,6800100-049,10鄰,大興西路,二段,,,,,30之1號十樓,121.299051694424,25.0120931599552
桃園市桃園區中寧里10鄰大興西路二段30號六樓,68,6800100,6800100-049,10鄰,大興西路,二段,,,,,30號六樓,121.299109302615,25.0121113715221
桃園市桃園區中寧里10鄰大興西路二段30號四樓,68,6800100,6800100-049,10鄰,大興西路,二段,,,,,30號四樓,121.299109302615,25.0121113715221
桃園市桃園區中寧里10鄰大興西路二段30號七樓,68,6800100,6800100-049,10鄰,大興西路,二段,,,,,30號七樓,121.299109302615,25.0121113715221
桃園市桃園區中寧里10鄰大興西路二段30號十七樓,68,6800100,6800100-049,10鄰,大興西路,二段,,,,,30號十七樓,121.299109302615,25.0121113715221
桃園市桃園區中寧里10鄰大興西路二段30號五樓,68,6800100,6800100-049,10鄰,大興西路,二段,,,,,30號五樓,121.299109302615,25.0121113715221
桃園市桃園區中寧里10鄰大興西路二段30之1號三樓,68,6800100,6800100-049,10鄰,大興西路,二段,,,,,30之1號三樓,121.299051694424,25.0120931599552
桃園市桃園區中寧里10鄰大興西路二段30之1號五樓,68,6800100,6800100-049,10鄰,大興西路,二段,,,,,30之1號五樓,121.299051694424,25.0120931599552
桃園市桃園區中寧里10鄰大興西路二段30之1號六樓,68,6800100,6800100-049,10鄰,大興西路,二段,,,,,30之1號六樓,121.299051694424,25.0120931599552
桃園市桃園區中寧里10鄰大興西路二段30之1號四樓,68,6800100,6800100-049,10鄰,大興西路,二段,,,,,30之1號四樓,121.299051694424,25.0120931599552
桃園市桃園區中寧里10鄰大興西路二段30號九樓,68,6800100,6800100-049,10鄰,大興西路,二段,,,,,30號九樓,121.299109302615,25.0121113715221
桃園市桃園區中寧里10鄰大興西路二段30號二樓,68,6800100,6800100-049,10鄰,大興西路,二段,,,,,30號二樓,121.299109302615,25.0121113715221
桃園市桃園區中寧里10鄰大興西路二段30號八樓,68,6800100,6800100-049,10鄰,大興西路,二段,,,,,30號八樓,121.299109302615,25.0121113715221
桃園市桃園區中寧里10鄰大興西路二段30號十一樓,68,6800100,6800100-049,10鄰,大興西路,二段,,,,,30號十一樓,121.299109302615,25.0121113715221
桃園市桃園區中寧里10鄰大興西路二段30號十二樓,68,6800100,6800100-049,10鄰,大興西路,二段,,,,,30號十二樓,121.299109302615,25.0121113715221
桃園市桃園區中寧里10鄰大興西路二段30號十三樓,68,6800100,6800100-049,10鄰,大興西路,二段,,,,,30號十三樓,121.299109302615,25.0121113715221
桃園市桃園區中寧里10鄰大興西路二段30號十五樓,68,6800100,6800100-049,10鄰,大興西路,二段,,,,,30號十五樓,121.299109302615,25.0121113715221
桃園市桃園區中寧里10鄰大興西路二段30號十六樓,68,6800100,6800100-049,10鄰,大興西路,二段,,,,,30號十六樓,121.299109302615,25.0121113715221
桃園市桃園區中寧里10鄰大興西路二段30號十四樓,68,6800100,6800100-049,10鄰,大興西路,二段,,,,,30號十四樓,121.299109302615,25.0121113715221
桃園市桃園區中寧里10鄰大興西路二段30號十樓,68,6800100,6800100-049,10鄰,大興西路,二段,,,,,30號十樓,121.299109302615,25.0121113715221
桃園市桃園區中寧里10鄰大興西路二段30號三樓,68,6800100,6800100-049,10鄰,大興西路,二段,,,,,30號三樓,121.299109302615,25.0121113715221
桃園市桃園區中寧里10鄰大興西路二段30之1號七樓,68,6800100,6800100-049,10鄰,大興西路,二段,,,,,30之1號七樓,121.299051694424,25.0120931599552
桃園市桃園區中寧里10鄰大興西路二段30之1號十七樓,68,6800100,6800100-049,10鄰,大興西路,二段,,,,,30之1號十七樓,121.299051694424,25.0120931599552
桃園市桃園區中寧里11鄰大興西路二段31號,68,6800100,6800100-049,11鄰,大興西路,二段,,,,,31號,121.299370721861,25.0116426384436
桃園市桃園區中寧里11鄰大興西路二段31號二樓,68,6800100,6800100-049,11鄰,大興西路,二段,,,,,31號二樓,121.299370721861,25.0116426384436
桃園市桃園區中寧里11鄰大興西路二段31號三樓,68,6800100,6800100-049,11鄰,大興西路,二段,,,,,31號三樓,121.299370721861,25.0116426384436
桃園市桃園區中寧里11鄰大興西路二段31號四樓,68,6800100,6800100-049,11鄰,大興西路,二段,,,,,31號四樓,121.299370721861,25.0116426384436
桃園市桃園區中寧里11鄰大興西路二段31號六樓,68,6800100,6800100-049,11鄰,大興西路,二段,,,,,31號六樓,121.299370721861,25.0116426384436
桃園市桃園區中寧里11鄰大興西路二段31號七樓,68,6800100,6800100-049,11鄰,大興西路,二段,,,,,31號七樓,121.299370721861,25.0116426384436
桃園市桃園區中寧里11鄰大興西路二段31號五樓,68,6800100,6800100-049,11鄰,大興西路,二段,,,,,31號五樓,121.299370721861,25.0116426384436
桃園市桃園區中寧里10鄰大興西路二段32號二樓,68,6800100,6800100-049,10鄰,大興西路,二段,,,,,32號二樓,121.298997715377,25.0120597735445
桃園市桃園區中寧里10鄰大興西路二段32號八樓,68,6800100,6800100-049,10鄰,大興西路,二段,,,,,32號八樓,121.298997715377,25.0120597735445
桃園市桃園區中寧里10鄰大興西路二段32號十一樓,68,6800100,6800100-049,10鄰,大興西路,二段,,,,,32號十一樓,121.298997715377,25.0120597735445
桃園市桃園區中寧里10鄰大興西路二段32號十七樓,68,6800100,6800100-049,10鄰,大興西路,二段,,,,,32號十七樓,121.298997715377,25.0120597735445
桃園市桃園區中寧里10鄰大興西路二段32號十二樓,68,6800100,6800100-049,10鄰,大興西路,二段,,,,,32號十二樓,121.298997715377,25.0120597735445
桃園市桃園區中寧里10鄰大興西路二段32號十三樓,68,6800100,6800100-049,10鄰,大興西路,二段,,,,,32號十三樓,121.298997715377,25.0120597735445
桃園市桃園區中寧里10鄰大興西路二段32號十五樓,68,6800100,6800100-049,10鄰,大興西路,二段,,,,,32號十五樓,121.298997715377,25.0120597735445
桃園市桃園區中寧里10鄰大興西路二段32號十六樓,68,6800100,6800100-049,10鄰,大興西路,二段,,,,,32號十六樓,121.298997715377,25.0120597735445
桃園市桃園區中寧里10鄰大興西路二段32號十四樓,68,6800100,6800100-049,10鄰,大興西路,二段,,,,,32號十四樓,121.298997715377,25.0120597735445
桃園市桃園區中寧里10鄰大興西路二段32號三樓,68,6800100,6800100-049,10鄰,大興西路,二段,,,,,32號三樓,121.298997715377,25.0120597735445
桃園市桃園區中寧里10鄰大興西路二段32號五樓,68,6800100,6800100-049,10鄰,大興西路,二段,,,,,32號五樓,121.298997715377,25.0120597735445
桃園市桃園區中寧里10鄰大興西路二段32號六樓,68,6800100,6800100-049,10鄰,大興西路,二段,,,,,32號六樓,121.298997715377,25.0120597735445
桃園市桃園區中寧里10鄰大興西路二段32號四樓,68,6800100,6800100-049,10鄰,大興西路,二段,,,,,32號四樓,121.298997715377,25.0120597735445
桃園市桃園區中寧里10鄰大興西路二段32之1號十五樓,68,6800100,6800100-049,10鄰,大興西路,二段,,,,,32之1號十五樓,121.298981638712,25.0120080737737
桃園市桃園區中寧里10鄰大興西路二段32之1號七樓,68,6800100,6800100-049,10鄰,大興西路,二段,,,,,32之1號七樓,121.298981638712,25.0120080737737
桃園市桃園區中寧里10鄰大興西路二段32之1號九樓,68,6800100,6800100-049,10鄰,大興西路,二段,,,,,32之1號九樓,121.298981638712,25.0120080737737
桃園市桃園區中寧里10鄰大興西路二段32之1號八樓,68,6800100,6800100-049,10鄰,大興西路,二段,,,,,32之1號八樓,121.298981638712,25.0120080737737
桃園市桃園區中寧里10鄰大興西路二段32之1號十一樓,68,6800100,6800100-049,10鄰,大興西路,二段,,,,,32之1號十一樓,121.298981638712,25.0120080737737
桃園市桃園區中寧里10鄰大興西路二段32之1號十七樓,68,6800100,6800100-049,10鄰,大興西路,二段,,,,,32之1號十七樓,121.298981638712,25.0120080737737
桃園市桃園區中寧里10鄰大興西路二段32之1號十二樓,68,6800100,6800100-049,10鄰,大興西路,二段,,,,,32之1號十二樓,121.298981638712,25.0120080737737
桃園市桃園區中寧里10鄰大興西路二段32之1號十三樓,68,6800100,6800100-049,10鄰,大興西路,二段,,,,,32之1號十三樓,121.298981638712,25.0120080737737
桃園市桃園區中寧里10鄰大興西路二段32之1號十六樓,68,6800100,6800100-049,10鄰,大興西路,二段,,,,,32之1號十六樓,121.298981638712,25.0120080737737
桃園市桃園區中寧里10鄰大興西路二段32之1號十四樓,68,6800100,6800100-049,10鄰,大興西路,二段,,,,,32之1號十四樓,121.298981638712,25.0120080737737
桃園市桃園區中寧里10鄰大興西路二段32之1號十樓,68,6800100,6800100-049,10鄰,大興西路,二段,,,,,32之1號十樓,121.298981638712,25.0120080737737
桃園市桃園區中寧里10鄰大興西路二段32之1號三樓,68,6800100,6800100-049,10鄰,大興西路,二段,,,,,32之1號三樓,121.298981638712,25.0120080737737
桃園市桃園區中寧里10鄰大興西路二段32之1號五樓,68,6800100,6800100-049,10鄰,大興西路,二段,,,,,32之1號五樓,121.298981638712,25.0120080737737
桃園市桃園區中寧里10鄰大興西路二段32之1號六樓,68,6800100,6800100-049,10鄰,大興西路,二段,,,,,32之1號六樓,121.298981638712,25.0120080737737
桃園市桃園區中寧里10鄰大興西路二段32號七樓,68,6800100,6800100-049,10鄰,大興西路,二段,,,,,32號七樓,121.298997715377,25.0120597735445
桃園市桃園區中寧里10鄰大興西路二段32號九樓,68,6800100,6800100-049,10鄰,大興西路,二段,,,,,32號九樓,121.298997715377,25.0120597735445
桃園市桃園區中寧里10鄰大興西路二段32號十樓,68,6800100,6800100-049,10鄰,大興西路,二段,,,,,32號十樓,121.298997715377,25.0120597735445
桃園市桃園區中寧里10鄰大興西路二段32之1號二樓,68,6800100,6800100-049,10鄰,大興西路,二段,,,,,32之1號二樓,121.298981638712,25.0120080737737
桃園市桃園區中寧里10鄰大興西路二段32之1號四樓,68,6800100,6800100-049,10鄰,大興西路,二段,,,,,32之1號四樓,121.298981638712,25.0120080737737
桃園市桃園區中寧里10鄰大興西路二段34號,68,6800100,6800100-049,10鄰,大興西路,二段,,,,,34號,121.298933422568,25.0118586622422
桃園市桃園區中寧里11鄰大興西路二段35號,68,6800100,6800100-049,11鄰,大興西路,二段,,,,,35號,121.299216646133,25.0115973556705
桃園市桃園區中寧里11鄰大興西路二段35號十七樓之2,68,6800100,6800100-049,11鄰,大興西路,二段,,,,,35號十七樓之2,121.299216646133,25.0115973556705
桃園市桃園區中寧里11鄰大興西路二段35號十七樓之3,68,6800100,6800100-049,11鄰,大興西路,二段,,,,,35號十七樓之3,121.299216646133,25.0115973556705
桃園市桃園區中寧里11鄰大興西路二段35號十七樓之4,68,6800100,6800100-049,11鄰,大興西路,二段,,,,,35號十七樓之4,121.299216646133,25.0115973556705
桃園市桃園區中寧里11鄰大興西路二段35號十九樓之1,68,6800100,6800100-049,11鄰,大興西路,二段,,,,,35號十九樓之1,121.299216646133,25.0115973556705
桃園市桃園區中寧里14鄰大興西路二段35號十一樓之7,68,6800100,6800100-049,14鄰,大興西路,二段,,,,,35號十一樓之7,121.299216646133,25.0115973556705
桃園市桃園區中寧里11鄰大興西路二段35號十九樓之2,68,6800100,6800100-049,11鄰,大興西路,二段,,,,,35號十九樓之2,121.299216646133,25.0115973556705
桃園市桃園區中寧里11鄰大興西路二段35號十九樓之3,68,6800100,6800100-049,11鄰,大興西路,二段,,,,,35號十九樓之3,121.299216646133,25.0115973556705
桃園市桃園區中寧里11鄰大興西路二段35號十二樓之1,68,6800100,6800100-049,11鄰,大興西路,二段,,,,,35號十二樓之1,121.299216646133,25.0115973556705
桃園市桃園區中寧里14鄰大興西路二段35號六樓之8,68,6800100,6800100-049,14鄰,大興西路,二段,,,,,35號六樓之8,121.299216646133,25.0115973556705
桃園市桃園區中寧里11鄰大興西路二段35號十二樓之2,68,6800100,6800100-049,11鄰,大興西路,二段,,,,,35號十二樓之2,121.299216646133,25.0115973556705
桃園市桃園區中寧里14鄰大興西路二段35號六樓之9,68,6800100,6800100-049,14鄰,大興西路,二段,,,,,35號六樓之9,121.299216646133,25.0115973556705
桃園市桃園區中寧里11鄰大興西路二段35號十二樓之3,68,6800100,6800100-049,11鄰,大興西路,二段,,,,,35號十二樓之3,121.299216646133,25.0115973556705
桃園市桃園區中寧里14鄰大興西路二段35號六樓之10,68,6800100,6800100-049,14鄰,大興西路,二段,,,,,35號六樓之10,121.299216646133,25.0115973556705
桃園市桃園區中寧里11鄰大興西路二段35號十二樓之4,68,6800100,6800100-049,11鄰,大興西路,二段,,,,,35號十二樓之4,121.299216646133,25.0115973556705
桃園市桃園區中寧里14鄰大興西路二段35號七樓之5,68,6800100,6800100-049,14鄰,大興西路,二段,,,,,35號七樓之5,121.299216646133,25.0115973556705
桃園市桃園區中寧里11鄰大興西路二段35號十八樓之1,68,6800100,6800100-049,11鄰,大興西路,二段,,,,,35號十八樓之1,121.299216646133,25.0115973556705
桃園市桃園區中寧里14鄰大興西路二段35號七樓之6,68,6800100,6800100-049,14鄰,大興西路,二段,,,,,35號七樓之6,121.299216646133,25.0115973556705
桃園市桃園區中寧里11鄰大興西路二段35號十八樓之2,68,6800100,6800100-049,11鄰,大興西路,二段,,,,,35號十八樓之2,121.299216646133,25.0115973556705
桃園市桃園區中寧里14鄰大興西路二段35號七樓之7,68,6800100,6800100-049,14鄰,大興西路,二段,,,,,35號七樓之7,121.299216646133,25.0115973556705
桃園市桃園區中寧里11鄰大興西路二段35號十八樓之3,68,6800100,6800100-049,11鄰,大興西路,二段,,,,,35號十八樓之3,121.299216646133,25.0115973556705
桃園市桃園區中寧里14鄰大興西路二段35號七樓之10,68,6800100,6800100-049,14鄰,大興西路,二段,,,,,35號七樓之10,121.299216646133,25.0115973556705
桃園市桃園區中寧里11鄰大興西路二段35號十三樓之1,68,6800100,6800100-049,11鄰,大興西路,二段,,,,,35號十三樓之1,121.299216646133,25.0115973556705
桃園市桃園區中寧里14鄰大興西路二段35號八樓之5,68,6800100,6800100-049,14鄰,大興西路,二段,,,,,35號八樓之5,121.299216646133,25.0115973556705
桃園市桃園區中寧里11鄰大興西路二段35號十三樓之2,68,6800100,6800100-049,11鄰,大興西路,二段,,,,,35號十三樓之2,121.299216646133,25.0115973556705
桃園市桃園區中寧里11鄰大興西路二段35號十三樓之3,68,6800100,6800100-049,11鄰,大興西路,二段,,,,,35號十三樓之3,121.299216646133,25.0115973556705
桃園市桃園區中寧里14鄰大興西路二段35號十七樓之8,68,6800100,6800100-049,14鄰,大興西路,二段,,,,,35號十七樓之8,121.299216646133,25.0115973556705
桃園市桃園區中寧里11鄰大興西路二段35號十三樓之4,68,6800100,6800100-049,11鄰,大興西路,二段,,,,,35號十三樓之4,121.299216646133,25.0115973556705
桃園市桃園區中寧里11鄰大興西路二段35號十五樓之1,68,6800100,6800100-049,11鄰,大興西路,二段,,,,,35號十五樓之1,121.299216646133,25.0115973556705
桃園市桃園區中寧里14鄰大興西路二段35號八樓之6,68,6800100,6800100-049,14鄰,大興西路,二段,,,,,35號八樓之6,121.299216646133,25.0115973556705
桃園市桃園區中寧里11鄰大興西路二段35號十五樓之2,68,6800100,6800100-049,11鄰,大興西路,二段,,,,,35號十五樓之2,121.299216646133,25.0115973556705
桃園市桃園區中寧里14鄰大興西路二段35號八樓之7,68,6800100,6800100-049,14鄰,大興西路,二段,,,,,35號八樓之7,121.299216646133,25.0115973556705
桃園市桃園區中寧里11鄰大興西路二段35號十五樓之3,68,6800100,6800100-049,11鄰,大興西路,二段,,,,,35號十五樓之3,121.299216646133,25.0115973556705
桃園市桃園區中寧里14鄰大興西路二段35號八樓之8,68,6800100,6800100-049,14鄰,大興西路,二段,,,,,35號八樓之8,121.299216646133,25.0115973556705
桃園市桃園區中寧里11鄰大興西路二段35號十五樓之4,68,6800100,6800100-049,11鄰,大興西路,二段,,,,,35號十五樓之4,121.299216646133,25.0115973556705
桃園市桃園區中寧里14鄰大興西路二段35號八樓之9,68,6800100,6800100-049,14鄰,大興西路,二段,,,,,35號八樓之9,121.299216646133,25.0115973556705
桃園市桃園區中寧里11鄰大興西路二段35號十六樓之2,68,6800100,6800100-049,11鄰,大興西路,二段,,,,,35號十六樓之2,121.299216646133,25.0115973556705
桃園市桃園區中寧里14鄰大興西路二段35號八樓之10,68,6800100,6800100-049,14鄰,大興西路,二段,,,,,35號八樓之10,121.299216646133,25.0115973556705
桃園市桃園區中寧里11鄰大興西路二段35號十六樓之3,68,6800100,6800100-049,11鄰,大興西路,二段,,,,,35號十六樓之3,121.299216646133,25.0115973556705
桃園市桃園區中寧里14鄰大興西路二段35號九樓之5,68,6800100,6800100-049,14鄰,大興西路,二段,,,,,35號九樓之5,121.299216646133,25.0115973556705
桃園市桃園區中寧里11鄰大興西路二段35號十九樓之4,68,6800100,6800100-049,11鄰,大興西路,二段,,,,,35號十九樓之4,121.299216646133,25.0115973556705
桃園市桃園區中寧里14鄰大興西路二段35號九樓之6,68,6800100,6800100-049,14鄰,大興西路,二段,,,,,35號九樓之6,121.299216646133,25.0115973556705
桃園市桃園區中寧里11鄰大興西路二段35號十八樓之4,68,6800100,6800100-049,11鄰,大興西路,二段,,,,,35號十八樓之4,121.299216646133,25.0115973556705
桃園市桃園區中寧里14鄰大興西路二段35號九樓之7,68,6800100,6800100-049,14鄰,大興西路,二段,,,,,35號九樓之7,121.299216646133,25.0115973556705
桃園市桃園區中寧里11鄰大興西路二段35號十六樓之1,68,6800100,6800100-049,11鄰,大興西路,二段,,,,,35號十六樓之1,121.299216646133,25.0115973556705
桃園市桃園區中寧里14鄰大興西路二段35號九樓之8,68,6800100,6800100-049,14鄰,大興西路,二段,,,,,35號九樓之8,121.299216646133,25.0115973556705
桃園市桃園區中寧里14鄰大興西路二段35號九樓之9,68,6800100,6800100-049,14鄰,大興西路,二段,,,,,35號九樓之9,121.299216646133,25.0115973556705
桃園市桃園區中寧里14鄰大興西路二段35號九樓之10,68,6800100,6800100-049,14鄰,大興西路,二段,,,,,35號九樓之10,121.299216646133,25.0115973556705
桃園市桃園區中寧里14鄰大興西路二段35號十九樓之8,68,6800100,6800100-049,14鄰,大興西路,二段,,,,,35號十九樓之8,121.299216646133,25.0115973556705
桃園市桃園區中寧里14鄰大興西路二段35號十九樓之9,68,6800100,6800100-049,14鄰,大興西路,二段,,,,,35號十九樓之9,121.299216646133,25.0115973556705
桃園市桃園區中寧里11鄰大興西路二段35號二十一樓之2,68,6800100,6800100-049,11鄰,大興西路,二段,,,,,35號二十一樓之2,121.299216646133,25.0115973556705
桃園市桃園區中寧里11鄰大興西路二段35號二十一樓之3,68,6800100,6800100-049,11鄰,大興西路,二段,,,,,35號二十一樓之3,121.299216646133,25.0115973556705
桃園市桃園區中寧里11鄰大興西路二段35號二十一樓之4,68,6800100,6800100-049,11鄰,大興西路,二段,,,,,35號二十一樓之4,121.299216646133,25.0115973556705
桃園市桃園區中寧里11鄰大興西路二段35號二十二樓之1,68,6800100,6800100-049,11鄰,大興西路,二段,,,,,35號二十二樓之1,121.299216646133,25.0115973556705
桃園市桃園區中寧里11鄰大興西路二段35號二十二樓之2,68,6800100,6800100-049,11鄰,大興西路,二段,,,,,35號二十二樓之2,121.299216646133,25.0115973556705
桃園市桃園區中寧里11鄰大興西路二段35號二十二樓之3,68,6800100,6800100-049,11鄰,大興西路,二段,,,,,35號二十二樓之3,121.299216646133,25.0115973556705
桃園市桃園區中寧里11鄰大興西路二段35號二十二樓之4,68,6800100,6800100-049,11鄰,大興西路,二段,,,,,35號二十二樓之4,121.299216646133,25.0115973556705
桃園市桃園區中寧里11鄰大興西路二段35號二十三樓之1,68,6800100,6800100-049,11鄰,大興西路,二段,,,,,35號二十三樓之1,121.299216646133,25.0115973556705
桃園市桃園區中寧里14鄰大興西路二段35號十一樓之9,68,6800100,6800100-049,14鄰,大興西路,二段,,,,,35號十一樓之9,121.299216646133,25.0115973556705
桃園市桃園區中寧里11鄰大興西路二段35號二十三樓之2,68,6800100,6800100-049,11鄰,大興西路,二段,,,,,35號二十三樓之2,121.299216646133,25.0115973556705
桃園市桃園區中寧里11鄰大興西路二段35號二十三樓之3,68,6800100,6800100-049,11鄰,大興西路,二段,,,,,35號二十三樓之3,121.299216646133,25.0115973556705
桃園市桃園區中寧里14鄰大興西路二段35號七樓之8,68,6800100,6800100-049,14鄰,大興西路,二段,,,,,35號七樓之8,121.299216646133,25.0115973556705
桃園市桃園區中寧里11鄰大興西路二段35號二十三樓之4,68,6800100,6800100-049,11鄰,大興西路,二段,,,,,35號二十三樓之4,121.299216646133,25.0115973556705
桃園市桃園區中寧里11鄰大興西路二段35號二十樓之1,68,6800100,6800100-049,11鄰,大興西路,二段,,,,,35號二十樓之1,121.299216646133,25.0115973556705
桃園市桃園區中寧里14鄰大興西路二段35號十三樓之6,68,6800100,6800100-049,14鄰,大興西路,二段,,,,,35號十三樓之6,121.299216646133,25.0115973556705
桃園市桃園區中寧里11鄰大興西路二段35號二十樓之2,68,6800100,6800100-049,11鄰,大興西路,二段,,,,,35號二十樓之2,121.299216646133,25.0115973556705
桃園市桃園區中寧里14鄰大興西路二段35號十三樓之8,68,6800100,6800100-049,14鄰,大興西路,二段,,,,,35號十三樓之8,121.299216646133,25.0115973556705
桃園市桃園區中寧里11鄰大興西路二段35號二十樓之3,68,6800100,6800100-049,11鄰,大興西路,二段,,,,,35號二十樓之3,121.299216646133,25.0115973556705
桃園市桃園區中寧里11鄰大興西路二段35號二樓之1,68,6800100,6800100-049,11鄰,大興西路,二段,,,,,35號二樓之1,121.299216646133,25.0115973556705
桃園市桃園區中寧里11鄰大興西路二段35號二樓之2,68,6800100,6800100-049,11鄰,大興西路,二段,,,,,35號二樓之2,121.299216646133,25.0115973556705
桃園市桃園區中寧里14鄰大興西路二段35號十一樓之5,68,6800100,6800100-049,14鄰,大興西路,二段,,,,,35號十一樓之5,121.299216646133,25.0115973556705
桃園市桃園區中寧里11鄰大興西路二段35號二樓之3,68,6800100,6800100-049,11鄰,大興西路,二段,,,,,35號二樓之3,121.299216646133,25.0115973556705
桃園市桃園區中寧里14鄰大興西路二段35號十三樓之9,68,6800100,6800100-049,14鄰,大興西路,二段,,,,,35號十三樓之9,121.299216646133,25.0115973556705
桃園市桃園區中寧里11鄰大興西路二段35號八樓之1,68,6800100,6800100-049,11鄰,大興西路,二段,,,,,35號八樓之1,121.299216646133,25.0115973556705
桃園市桃園區中寧里14鄰大興西路二段35號十三樓之10,68,6800100,6800100-049,14鄰,大興西路,二段,,,,,35號十三樓之10,121.299216646133,25.0115973556705
桃園市桃園區中寧里11鄰大興西路二段35號八樓之2,68,6800100,6800100-049,11鄰,大興西路,二段,,,,,35號八樓之2,121.299216646133,25.0115973556705
桃園市桃園區中寧里14鄰大興西路二段35號十四樓之5,68,6800100,6800100-049,14鄰,大興西路,二段,,,,,35號十四樓之5,121.299216646133,25.0115973556705
桃園市桃園區中寧里11鄰大興西路二段35號八樓之3,68,6800100,6800100-049,11鄰,大興西路,二段,,,,,35號八樓之3,121.299216646133,25.0115973556705
桃園市桃園區中寧里14鄰大興西路二段35號十五樓之9,68,6800100,6800100-049,14鄰,大興西路,二段,,,,,35號十五樓之9,121.299216646133,25.0115973556705
桃園市桃園區中寧里14鄰大興西路二段35號十四樓之6,68,6800100,6800100-049,14鄰,大興西路,二段,,,,,35號十四樓之6,121.299216646133,25.0115973556705
桃園市桃園區中寧里11鄰大興西路二段35號八樓之4,68,6800100,6800100-049,11鄰,大興西路,二段,,,,,35號八樓之4,121.299216646133,25.0115973556705
桃園市桃園區中寧里14鄰大興西路二段35號十五樓之10,68,6800100,6800100-049,14鄰,大興西路,二段,,,,,35號十五樓之10,121.299216646133,25.0115973556705
桃園市桃園區中寧里14鄰大興西路二段35號十四樓之7,68,6800100,6800100-049,14鄰,大興西路,二段,,,,,35號十四樓之7,121.299216646133,25.0115973556705
桃園市桃園區中寧里11鄰大興西路二段35號十一樓之1,68,6800100,6800100-049,11鄰,大興西路,二段,,,,,35號十一樓之1,121.299216646133,25.0115973556705
桃園市桃園區中寧里14鄰大興西路二段35號十六樓之5,68,6800100,6800100-049,14鄰,大興西路,二段,,,,,35號十六樓之5,121.299216646133,25.0115973556705
桃園市桃園區中寧里14鄰大興西路二段35號十四樓之8,68,6800100,6800100-049,14鄰,大興西路,二段,,,,,35號十四樓之8,121.299216646133,25.0115973556705
桃園市桃園區中寧里11鄰大興西路二段35號十一樓之2,68,6800100,6800100-049,11鄰,大興西路,二段,,,,,35號十一樓之2,121.299216646133,25.0115973556705
桃園市桃園區中寧里14鄰大興西路二段35號十六樓之6,68,6800100,6800100-049,14鄰,大興西路,二段,,,,,35號十六樓之6,121.299216646133,25.0115973556705
桃園市桃園區中寧里14鄰大興西路二段35號十四樓之9,68,6800100,6800100-049,14鄰,大興西路,二段,,,,,35號十四樓之9,121.299216646133,25.0115973556705
桃園市桃園區中寧里14鄰大興西路二段35號十四樓之10,68,6800100,6800100-049,14鄰,大興西路,二段,,,,,35號十四樓之10,121.299216646133,25.0115973556705
桃園市桃園區中寧里14鄰大興西路二段35號十五樓之5,68,6800100,6800100-049,14鄰,大興西路,二段,,,,,35號十五樓之5,121.299216646133,25.0115973556705
桃園市桃園區中寧里14鄰大興西路二段35號十五樓之6,68,6800100,6800100-049,14鄰,大興西路,二段,,,,,35號十五樓之6,121.299216646133,25.0115973556705
桃園市桃園區中寧里14鄰大興西路二段35號六樓之5,68,6800100,6800100-049,14鄰,大興西路,二段,,,,,35號六樓之5,121.299216646133,25.0115973556705
桃園市桃園區中寧里14鄰大興西路二段35號十八樓之10,68,6800100,6800100-049,14鄰,大興西路,二段,,,,,35號十八樓之10,121.299216646133,25.0115973556705
桃園市桃園區中寧里14鄰大興西路二段35號十五樓之7,68,6800100,6800100-049,14鄰,大興西路,二段,,,,,35號十五樓之7,121.299216646133,25.0115973556705
桃園市桃園區中寧里14鄰大興西路二段35號二十二樓之6,68,6800100,6800100-049,14鄰,大興西路,二段,,,,,35號二十二樓之6,121.299216646133,25.0115973556705
桃園市桃園區中寧里14鄰大興西路二段35號二十二樓之7,68,6800100,6800100-049,14鄰,大興西路,二段,,,,,35號二十二樓之7,121.299216646133,25.0115973556705
桃園市桃園區中寧里11鄰大興西路二段35號三樓之4,68,6800100,6800100-049,11鄰,大興西路,二段,,,,,35號三樓之4,121.299216646133,25.0115973556705
桃園市桃園區中寧里14鄰大興西路二段35號十五樓之8,68,6800100,6800100-049,14鄰,大興西路,二段,,,,,35號十五樓之8,121.299216646133,25.0115973556705
桃園市桃園區中寧里11鄰大興西路二段35號六樓之4,68,6800100,6800100-049,11鄰,大興西路,二段,,,,,35號六樓之4,121.299216646133,25.0115973556705
桃園市桃園區中寧里14鄰大興西路二段35號二十二樓之8,68,6800100,6800100-049,14鄰,大興西路,二段,,,,,35號二十二樓之8,121.299216646133,25.0115973556705
桃園市桃園區中寧里14鄰大興西路二段35號二十二樓之9,68,6800100,6800100-049,14鄰,大興西路,二段,,,,,35號二十二樓之9,121.299216646133,25.0115973556705
桃園市桃園區中寧里14鄰大興西路二段35號二十二樓之10,68,6800100,6800100-049,14鄰,大興西路,二段,,,,,35號二十二樓之10,121.299216646133,25.0115973556705
桃園市桃園區中寧里14鄰大興西路二段35號十樓之7,68,6800100,6800100-049,14鄰,大興西路,二段,,,,,35號十樓之7,121.299216646133,25.0115973556705
桃園市桃園區中寧里14鄰大興西路二段35號二十三樓之5,68,6800100,6800100-049,14鄰,大興西路,二段,,,,,35號二十三樓之5,121.299216646133,25.0115973556705
桃園市桃園區中寧里14鄰大興西路二段35號二十三樓之6,68,6800100,6800100-049,14鄰,大興西路,二段,,,,,35號二十三樓之6,121.299216646133,25.0115973556705
桃園市桃園區中寧里14鄰大興西路二段35號二十三樓之7,68,6800100,6800100-049,14鄰,大興西路,二段,,,,,35號二十三樓之7,121.299216646133,25.0115973556705
桃園市桃園區中寧里14鄰大興西路二段35號十樓之8,68,6800100,6800100-049,14鄰,大興西路,二段,,,,,35號十樓之8,121.299216646133,25.0115973556705
桃園市桃園區中寧里14鄰大興西路二段35號十樓之9,68,6800100,6800100-049,14鄰,大興西路,二段,,,,,35號十樓之9,121.299216646133,25.0115973556705
桃園市桃園區中寧里14鄰大興西路二段35號十樓之10,68,6800100,6800100-049,14鄰,大興西路,二段,,,,,35號十樓之10,121.299216646133,25.0115973556705
桃園市桃園區中寧里14鄰大興西路二段35號二十三樓之8,68,6800100,6800100-049,14鄰,大興西路,二段,,,,,35號二十三樓之8,121.299216646133,25.0115973556705
桃園市桃園區中寧里14鄰大興西路二段35號二十樓之5,68,6800100,6800100-049,14鄰,大興西路,二段,,,,,35號二十樓之5,121.299216646133,25.0115973556705
桃園市桃園區中寧里14鄰大興西路二段35號二十三樓之9,68,6800100,6800100-049,14鄰,大興西路,二段,,,,,35號二十三樓之9,121.299216646133,25.0115973556705
桃園市桃園區中寧里14鄰大興西路二段35號二十一樓之7,68,6800100,6800100-049,14鄰,大興西路,二段,,,,,35號二十一樓之7,121.299216646133,25.0115973556705
桃園市桃園區中寧里14鄰大興西路二段35號三樓之10,68,6800100,6800100-049,14鄰,大興西路,二段,,,,,35號三樓之10,121.299216646133,25.0115973556705
桃園市桃園區中寧里14鄰大興西路二段35號四樓之5,68,6800100,6800100-049,14鄰,大興西路,二段,,,,,35號四樓之5,121.299216646133,25.0115973556705
桃園市桃園區中寧里14鄰大興西路二段35號四樓之6,68,6800100,6800100-049,14鄰,大興西路,二段,,,,,35號四樓之6,121.299216646133,25.0115973556705
桃園市桃園區中寧里14鄰大興西路二段35號四樓之7,68,6800100,6800100-049,14鄰,大興西路,二段,,,,,35號四樓之7,121.299216646133,25.0115973556705
桃園市桃園區中寧里14鄰大興西路二段35號十一樓之6,68,6800100,6800100-049,14鄰,大興西路,二段,,,,,35號十一樓之6,121.299216646133,25.0115973556705
桃園市桃園區中寧里14鄰大興西路二段35號四樓之8,68,6800100,6800100-049,14鄰,大興西路,二段,,,,,35號四樓之8,121.299216646133,25.0115973556705
桃園市桃園區中寧里14鄰大興西路二段35號四樓之9,68,6800100,6800100-049,14鄰,大興西路,二段,,,,,35號四樓之9,121.299216646133,25.0115973556705
桃園市桃園區中寧里14鄰大興西路二段35號四樓之10,68,6800100,6800100-049,14鄰,大興西路,二段,,,,,35號四樓之10,121.299216646133,25.0115973556705
桃園市桃園區中寧里11鄰大興西路二段35號二十樓之4,68,6800100,6800100-049,11鄰,大興西路,二段,,,,,35號二十樓之4,121.299216646133,25.0115973556705
桃園市桃園區中寧里14鄰大興西路二段35號五樓之5,68,6800100,6800100-049,14鄰,大興西路,二段,,,,,35號五樓之5,121.299216646133,25.0115973556705
桃園市桃園區中寧里14鄰大興西路二段35號五樓之6,68,6800100,6800100-049,14鄰,大興西路,二段,,,,,35號五樓之6,121.299216646133,25.0115973556705
桃園市桃園區中寧里14鄰大興西路二段35號五樓之7,68,6800100,6800100-049,14鄰,大興西路,二段,,,,,35號五樓之7,121.299216646133,25.0115973556705
桃園市桃園區中寧里14鄰大興西路二段35號五樓之8,68,6800100,6800100-049,14鄰,大興西路,二段,,,,,35號五樓之8,121.299216646133,25.0115973556705
桃園市桃園區中寧里14鄰大興西路二段35號五樓之9,68,6800100,6800100-049,14鄰,大興西路,二段,,,,,35號五樓之9,121.299216646133,25.0115973556705
桃園市桃園區中寧里14鄰大興西路二段35號五樓之10,68,6800100,6800100-049,14鄰,大興西路,二段,,,,,35號五樓之10,121.299216646133,25.0115973556705
桃園市桃園區中寧里14鄰大興西路二段35號六樓之6,68,6800100,6800100-049,14鄰,大興西路,二段,,,,,35號六樓之6,121.299216646133,25.0115973556705
桃園市桃園區中寧里14鄰大興西路二段35號三樓之6,68,6800100,6800100-049,14鄰,大興西路,二段,,,,,35號三樓之6,121.299216646133,25.0115973556705
桃園市桃園區中寧里14鄰大興西路二段35號六樓之7,68,6800100,6800100-049,14鄰,大興西路,二段,,,,,35號六樓之7,121.299216646133,25.0115973556705
桃園市桃園區中寧里14鄰大興西路二段35號十八樓之5,68,6800100,6800100-049,14鄰,大興西路,二段,,,,,35號十八樓之5,121.299216646133,25.0115973556705
桃園市桃園區中寧里14鄰大興西路二段35號十八樓之6,68,6800100,6800100-049,14鄰,大興西路,二段,,,,,35號十八樓之6,121.299216646133,25.0115973556705
桃園市桃園區中寧里14鄰大興西路二段35號十八樓之7,68,6800100,6800100-049,14鄰,大興西路,二段,,,,,35號十八樓之7,121.299216646133,25.0115973556705
桃園市桃園區中寧里14鄰大興西路二段35號十八樓之8,68,6800100,6800100-049,14鄰,大興西路,二段,,,,,35號十八樓之8,121.299216646133,25.0115973556705
桃園市桃園區中寧里14鄰大興西路二段35號十八樓之9,68,6800100,6800100-049,14鄰,大興西路,二段,,,,,35號十八樓之9,121.299216646133,25.0115973556705
桃園市桃園區中寧里11鄰大興西路二段35號七樓之2,68,6800100,6800100-049,11鄰,大興西路,二段,,,,,35號七樓之2,121.299216646133,25.0115973556705
桃園市桃園區中寧里11鄰大興西路二段35號七樓之3,68,6800100,6800100-049,11鄰,大興西路,二段,,,,,35號七樓之3,121.299216646133,25.0115973556705
桃園市桃園區中寧里11鄰大興西路二段35號七樓之4,68,6800100,6800100-049,11鄰,大興西路,二段,,,,,35號七樓之4,121.299216646133,25.0115973556705
桃園市桃園區中寧里11鄰大興西路二段35號九樓之1,68,6800100,6800100-049,11鄰,大興西路,二段,,,,,35號九樓之1,121.299216646133,25.0115973556705
桃園市桃園區中寧里11鄰大興西路二段35號九樓之2,68,6800100,6800100-049,11鄰,大興西路,二段,,,,,35號九樓之2,121.299216646133,25.0115973556705
桃園市桃園區中寧里11鄰大興西路二段35號九樓之3,68,6800100,6800100-049,11鄰,大興西路,二段,,,,,35號九樓之3,121.299216646133,25.0115973556705
桃園市桃園區中寧里11鄰大興西路二段35號九樓之4,68,6800100,6800100-049,11鄰,大興西路,二段,,,,,35號九樓之4,121.299216646133,25.0115973556705
桃園市桃園區中寧里14鄰大興西路二段35號十九樓之5,68,6800100,6800100-049,14鄰,大興西路,二段,,,,,35號十九樓之5,121.299216646133,25.0115973556705
桃園市桃園區中寧里14鄰大興西路二段35號十九樓之6,68,6800100,6800100-049,14鄰,大興西路,二段,,,,,35號十九樓之6,121.299216646133,25.0115973556705
桃園市桃園區中寧里14鄰大興西路二段35號十九樓之7,68,6800100,6800100-049,14鄰,大興西路,二段,,,,,35號十九樓之7,121.299216646133,25.0115973556705
桃園市桃園區中寧里14鄰大興西路二段35號七樓之9,68,6800100,6800100-049,14鄰,大興西路,二段,,,,,35號七樓之9,121.299216646133,25.0115973556705
桃園市桃園區中寧里14鄰大興西路二段35號十二樓之5,68,6800100,6800100-049,14鄰,大興西路,二段,,,,,35號十二樓之5,121.299216646133,25.0115973556705
桃園市桃園區中寧里14鄰大興西路二段35號十二樓之6,68,6800100,6800100-049,14鄰,大興西路,二段,,,,,35號十二樓之6,121.299216646133,25.0115973556705
桃園市桃園區中寧里14鄰大興西路二段35號十二樓之7,68,6800100,6800100-049,14鄰,大興西路,二段,,,,,35號十二樓之7,121.299216646133,25.0115973556705
桃園市桃園區中寧里14鄰大興西路二段35號十二樓之8,68,6800100,6800100-049,14鄰,大興西路,二段,,,,,35號十二樓之8,121.299216646133,25.0115973556705
桃園市桃園區中寧里14鄰大興西路二段35號十二樓之9,68,6800100,6800100-049,14鄰,大興西路,二段,,,,,35號十二樓之9,121.299216646133,25.0115973556705
桃園市桃園區中寧里14鄰大興西路二段35號十樓之5,68,6800100,6800100-049,14鄰,大興西路,二段,,,,,35號十樓之5,121.299216646133,25.0115973556705
桃園市桃園區中寧里14鄰大興西路二段35號十二樓之10,68,6800100,6800100-049,14鄰,大興西路,二段,,,,,35號十二樓之10,121.299216646133,25.0115973556705
桃園市桃園區中寧里14鄰大興西路二段35號十樓之6,68,6800100,6800100-049,14鄰,大興西路,二段,,,,,35號十樓之6,121.299216646133,25.0115973556705
桃園市桃園區中寧里14鄰大興西路二段35號十三樓之5,68,6800100,6800100-049,14鄰,大興西路,二段,,,,,35號十三樓之5,121.299216646133,25.0115973556705
桃園市桃園區中寧里11鄰大興西路二段35號十六樓之4,68,6800100,6800100-049,11鄰,大興西路,二段,,,,,35號十六樓之4,121.299216646133,25.0115973556705
桃園市桃園區中寧里11鄰大興西路二段35號十四樓之1,68,6800100,6800100-049,11鄰,大興西路,二段,,,,,35號十四樓之1,121.299216646133,25.0115973556705
桃園市桃園區中寧里11鄰大興西路二段35號十四樓之2,68,6800100,6800100-049,11鄰,大興西路,二段,,,,,35號十四樓之2,121.299216646133,25.0115973556705
桃園市桃園區中寧里11鄰大興西路二段35號十四樓之3,68,6800100,6800100-049,11鄰,大興西路,二段,,,,,35號十四樓之3,121.299216646133,25.0115973556705
桃園市桃園區中寧里11鄰大興西路二段35號十四樓之4,68,6800100,6800100-049,11鄰,大興西路,二段,,,,,35號十四樓之4,121.299216646133,25.0115973556705
桃園市桃園區中寧里14鄰大興西路二段35號二十三樓之10,68,6800100,6800100-049,14鄰,大興西路,二段,,,,,35號二十三樓之10,121.299216646133,25.0115973556705
桃園市桃園區中寧里11鄰大興西路二段35號十樓之1,68,6800100,6800100-049,11鄰,大興西路,二段,,,,,35號十樓之1,121.299216646133,25.0115973556705
桃園市桃園區中寧里11鄰大興西路二段35號十樓之2,68,6800100,6800100-049,11鄰,大興西路,二段,,,,,35號十樓之2,121.299216646133,25.0115973556705
桃園市桃園區中寧里11鄰大興西路二段35號十樓之3,68,6800100,6800100-049,11鄰,大興西路,二段,,,,,35號十樓之3,121.299216646133,25.0115973556705
桃園市桃園區中寧里11鄰大興西路二段35號十樓之4,68,6800100,6800100-049,11鄰,大興西路,二段,,,,,35號十樓之4,121.299216646133,25.0115973556705
桃園市桃園區中寧里11鄰大興西路二段35號三樓之1,68,6800100,6800100-049,11鄰,大興西路,二段,,,,,35號三樓之1,121.299216646133,25.0115973556705
桃園市桃園區中寧里11鄰大興西路二段35號三樓之3,68,6800100,6800100-049,11鄰,大興西路,二段,,,,,35號三樓之3,121.299216646133,25.0115973556705
桃園市桃園區中寧里11鄰大興西路二段35號五樓之1,68,6800100,6800100-049,11鄰,大興西路,二段,,,,,35號五樓之1,121.299216646133,25.0115973556705
桃園市桃園區中寧里11鄰大興西路二段35號五樓之2,68,6800100,6800100-049,11鄰,大興西路,二段,,,,,35號五樓之2,121.299216646133,25.0115973556705
桃園市桃園區中寧里11鄰大興西路二段35號五樓之3,68,6800100,6800100-049,11鄰,大興西路,二段,,,,,35號五樓之3,121.299216646133,25.0115973556705
桃園市桃園區中寧里11鄰大興西路二段35號五樓之4,68,6800100,6800100-049,11鄰,大興西路,二段,,,,,35號五樓之4,121.299216646133,25.0115973556705
桃園市桃園區中寧里11鄰大興西路二段35號六樓之1,68,6800100,6800100-049,11鄰,大興西路,二段,,,,,35號六樓之1,121.299216646133,25.0115973556705
桃園市桃園區中寧里11鄰大興西路二段35號六樓之2,68,6800100,6800100-049,11鄰,大興西路,二段,,,,,35號六樓之2,121.299216646133,25.0115973556705
桃園市桃園區中寧里11鄰大興西路二段35號六樓之3,68,6800100,6800100-049,11鄰,大興西路,二段,,,,,35號六樓之3,121.299216646133,25.0115973556705
桃園市桃園區中寧里11鄰大興西路二段35號七樓之1,68,6800100,6800100-049,11鄰,大興西路,二段,,,,,35號七樓之1,121.299216646133,25.0115973556705
桃園市桃園區中寧里11鄰大興西路二段35號四樓之1,68,6800100,6800100-049,11鄰,大興西路,二段,,,,,35號四樓之1,121.299216646133,25.0115973556705
桃園市桃園區中寧里11鄰大興西路二段35號四樓之2,68,6800100,6800100-049,11鄰,大興西路,二段,,,,,35號四樓之2,121.299216646133,25.0115973556705
桃園市桃園區中寧里11鄰大興西路二段35號四樓之3,68,6800100,6800100-049,11鄰,大興西路,二段,,,,,35號四樓之3,121.299216646133,25.0115973556705
桃園市桃園區中寧里11鄰大興西路二段35號四樓之4,68,6800100,6800100-049,11鄰,大興西路,二段,,,,,35號四樓之4,121.299216646133,25.0115973556705
桃園市桃園區中寧里11鄰大興西路二段35號三樓之2,68,6800100,6800100-049,11鄰,大興西路,二段,,,,,35號三樓之2,121.299216646133,25.0115973556705
桃園市桃園區中寧里14鄰大興西路二段35號十九樓之10,68,6800100,6800100-049,14鄰,大興西路,二段,,,,,35號十九樓之10,121.299216646133,25.0115973556705
桃園市桃園區中寧里11鄰大興西路二段35號二十一樓之1,68,6800100,6800100-049,11鄰,大興西路,二段,,,,,35號二十一樓之1,121.299216646133,25.0115973556705
桃園市桃園區中寧里14鄰大興西路二段35號三樓之7,68,6800100,6800100-049,14鄰,大興西路,二段,,,,,35號三樓之7,121.299216646133,25.0115973556705
桃園市桃園區中寧里14鄰大興西路二段35號三樓之8,68,6800100,6800100-049,14鄰,大興西路,二段,,,,,35號三樓之8,121.299216646133,25.0115973556705
桃園市桃園區中寧里14鄰大興西路二段35號三樓之9,68,6800100,6800100-049,14鄰,大興西路,二段,,,,,35號三樓之9,121.299216646133,25.0115973556705
桃園市桃園區中寧里14鄰大興西路二段35號十六樓之7,68,6800100,6800100-049,14鄰,大興西路,二段,,,,,35號十六樓之7,121.299216646133,25.0115973556705
桃園市桃園區中寧里14鄰大興西路二段35號十六樓之8,68,6800100,6800100-049,14鄰,大興西路,二段,,,,,35號十六樓之8,121.299216646133,25.0115973556705
桃園市桃園區中寧里14鄰大興西路二段35號十六樓之9,68,6800100,6800100-049,14鄰,大興西路,二段,,,,,35號十六樓之9,121.299216646133,25.0115973556705
桃園市桃園區中寧里14鄰大興西路二段35號十六樓之10,68,6800100,6800100-049,14鄰,大興西路,二段,,,,,35號十六樓之10,121.299216646133,25.0115973556705
桃園市桃園區中寧里14鄰大興西路二段35號十七樓之5,68,6800100,6800100-049,14鄰,大興西路,二段,,,,,35號十七樓之5,121.299216646133,25.0115973556705
桃園市桃園區中寧里14鄰大興西路二段35號十七樓之6,68,6800100,6800100-049,14鄰,大興西路,二段,,,,,35號十七樓之6,121.299216646133,25.0115973556705
桃園市桃園區中寧里14鄰大興西路二段35號十七樓之7,68,6800100,6800100-049,14鄰,大興西路,二段,,,,,35號十七樓之7,121.299216646133,25.0115973556705
桃園市桃園區中寧里14鄰大興西路二段35號二樓之5,68,6800100,6800100-049,14鄰,大興西路,二段,,,,,35號二樓之5,121.299216646133,25.0115973556705
桃園市桃園區中寧里14鄰大興西路二段35號十一樓之8,68,6800100,6800100-049,14鄰,大興西路,二段,,,,,35號十一樓之8,121.299216646133,25.0115973556705
桃園市桃園區中寧里14鄰大興西路二段35號二十樓之6,68,6800100,6800100-049,14鄰,大興西路,二段,,,,,35號二十樓之6,121.299216646133,25.0115973556705
桃園市桃園區中寧里14鄰大興西路二段35號二十樓之7,68,6800100,6800100-049,14鄰,大興西路,二段,,,,,35號二十樓之7,121.299216646133,25.0115973556705
桃園市桃園區中寧里14鄰大興西路二段35號二十樓之8,68,6800100,6800100-049,14鄰,大興西路,二段,,,,,35號二十樓之8,121.299216646133,25.0115973556705
桃園市桃園區中寧里14鄰大興西路二段35號三樓之5,68,6800100,6800100-049,14鄰,大興西路,二段,,,,,35號三樓之5,121.299216646133,25.0115973556705
桃園市桃園區中寧里14鄰大興西路二段35號二十樓之9,68,6800100,6800100-049,14鄰,大興西路,二段,,,,,35號二十樓之9,121.299216646133,25.0115973556705
桃園市桃園區中寧里14鄰大興西路二段35號二十樓之10,68,6800100,6800100-049,14鄰,大興西路,二段,,,,,35號二十樓之10,121.299216646133,25.0115973556705
桃園市桃園區中寧里14鄰大興西路二段35號二十一樓之5,68,6800100,6800100-049,14鄰,大興西路,二段,,,,,35號二十一樓之5,121.299216646133,25.0115973556705
桃園市桃園區中寧里14鄰大興西路二段35號二十一樓之6,68,6800100,6800100-049,14鄰,大興西路,二段,,,,,35號二十一樓之6,121.299216646133,25.0115973556705
桃園市桃園區中寧里14鄰大興西路二段35號十一樓之10,68,6800100,6800100-049,14鄰,大興西路,二段,,,,,35號十一樓之10,121.299216646133,25.0115973556705
桃園市桃園區中寧里14鄰大興西路二段35號二十一樓之8,68,6800100,6800100-049,14鄰,大興西路,二段,,,,,35號二十一樓之8,121.299216646133,25.0115973556705
桃園市桃園區中寧里14鄰大興西路二段35號二十一樓之9,68,6800100,6800100-049,14鄰,大興西路,二段,,,,,35號二十一樓之9,121.299216646133,25.0115973556705
桃園市桃園區中寧里14鄰大興西路二段35號二十一樓之10,68,6800100,6800100-049,14鄰,大興西路,二段,,,,,35號二十一樓之10,121.299216646133,25.0115973556705
桃園市桃園區中寧里14鄰大興西路二段35號二十二樓之5,68,6800100,6800100-049,14鄰,大興西路,二段,,,,,35號二十二樓之5,121.299216646133,25.0115973556705
桃園市桃園區中寧里14鄰大興西路二段35號十七樓之9,68,6800100,6800100-049,14鄰,大興西路,二段,,,,,35號十七樓之9,121.299216646133,25.0115973556705
桃園市桃園區中寧里14鄰大興西路二段35號十七樓之10,68,6800100,6800100-049,14鄰,大興西路,二段,,,,,35號十七樓之10,121.299216646133,25.0115973556705
桃園市桃園區中寧里11鄰大興西路二段35號十一樓之3,68,6800100,6800100-049,11鄰,大興西路,二段,,,,,35號十一樓之3,121.299216646133,25.0115973556705
桃園市桃園區中寧里11鄰大興西路二段35號十一樓之4,68,6800100,6800100-049,11鄰,大興西路,二段,,,,,35號十一樓之4,121.299216646133,25.0115973556705
桃園市桃園區中寧里11鄰大興西路二段35號十七樓之1,68,6800100,6800100-049,11鄰,大興西路,二段,,,,,35號十七樓之1,121.299216646133,25.0115973556705
桃園市桃園區中寧里10鄰大興西路二段36號,68,6800100,6800100-049,10鄰,大興西路,二段,,,,,36號,121.298804318792,25.0118562132169
桃園市桃園區中寧里14鄰大興西路二段37號,68,6800100,6800100-049,14鄰,大興西路,二段,,,,,37號,121.299294378505,25.0116204019524
桃園市桃園區中寧里11鄰大興西路二段39號,68,6800100,6800100-049,11鄰,大興西路,二段,,,,,39號,121.299070416865,25.0114782055519
桃園市桃園區中寧里16鄰大興西路二段55號八樓之4,68,6800100,6800100-049,16鄰,大興西路,二段,,,,,55號八樓之4,121.298926260398,25.0114784953872
桃園市桃園區中寧里16鄰大興西路二段55之1號六樓之4,68,6800100,6800100-049,16鄰,大興西路,二段,,,,,55之1號六樓之4,121.299092695953,25.0110636719777
桃園市桃園區中寧里16鄰大興西路二段55之1號一樓之1,68,6800100,6800100-049,16鄰,大興西路,二段,,,,,55之1號一樓之1,121.299092695953,25.0110636719777
桃園市桃園區中寧里16鄰大興西路二段55之1號一樓之2,68,6800100,6800100-049,16鄰,大興西路,二段,,,,,55之1號一樓之2,121.299092695953,25.0110636719777
桃園市桃園區中寧里16鄰大興西路二段55之1號七樓之1,68,6800100,6800100-049,16鄰,大興西路,二段,,,,,55之1號七樓之1,121.299092695953,25.0110636719777
桃園市桃園區中寧里16鄰大興西路二段55之1號七樓之2,68,6800100,6800100-049,16鄰,大興西路,二段,,,,,55之1號七樓之2,121.299092695953,25.0110636719777
桃園市桃園區中寧里16鄰大興西路二段55之1號七樓之4,68,6800100,6800100-049,16鄰,大興西路,二段,,,,,55之1號七樓之4,121.299092695953,25.0110636719777
桃園市桃園區中寧里16鄰大興西路二段55之1號九樓之1,68,6800100,6800100-049,16鄰,大興西路,二段,,,,,55之1號九樓之1,121.299092695953,25.0110636719777
桃園市桃園區中寧里16鄰大興西路二段55之1號九樓之2,68,6800100,6800100-049,16鄰,大興西路,二段,,,,,55之1號九樓之2,121.299092695953,25.0110636719777
桃園市桃園區中寧里16鄰大興西路二段55之1號九樓之3,68,6800100,6800100-049,16鄰,大興西路,二段,,,,,55之1號九樓之3,121.299092695953,25.0110636719777
桃園市桃園區中寧里16鄰大興西路二段55號七樓之4,68,6800100,6800100-049,16鄰,大興西路,二段,,,,,55號七樓之4,121.298926260398,25.0114784953872
桃園市桃園區中寧里16鄰大興西路二段55號十二樓之2,68,6800100,6800100-049,16鄰,大興西路,二段,,,,,55號十二樓之2,121.298926260398,25.0114784953872
桃園市桃園區中寧里16鄰大興西路二段55之1號五樓之3,68,6800100,6800100-049,16鄰,大興西路,二段,,,,,55之1號五樓之3,121.299092695953,25.0110636719777
桃園市桃園區中寧里16鄰大興西路二段55之1號五樓之4,68,6800100,6800100-049,16鄰,大興西路,二段,,,,,55之1號五樓之4,121.299092695953,25.0110636719777
桃園市桃園區中寧里16鄰大興西路二段55之1號六樓之1,68,6800100,6800100-049,16鄰,大興西路,二段,,,,,55之1號六樓之1,121.299092695953,25.0110636719777
桃園市桃園區中寧里16鄰大興西路二段55之1號六樓之2,68,6800100,6800100-049,16鄰,大興西路,二段,,,,,55之1號六樓之2,121.299092695953,25.0110636719777
桃園市桃園區中寧里16鄰大興西路二段55之1號六樓之3,68,6800100,6800100-049,16鄰,大興西路,二段,,,,,55之1號六樓之3,121.299092695953,25.0110636719777
桃園市桃園區中寧里16鄰大興西路二段55號十一樓之1,68,6800100,6800100-049,16鄰,大興西路,二段,,,,,55號十一樓之1,121.298926260398,25.0114784953872
桃園市桃園區中寧里16鄰大興西路二段55號十一樓之2,68,6800100,6800100-049,16鄰,大興西路,二段,,,,,55號十一樓之2,121.298926260398,25.0114784953872
桃園市桃園區中寧里16鄰大興西路二段55之1號四樓之1,68,6800100,6800100-049,16鄰,大興西路,二段,,,,,55之1號四樓之1,121.299092695953,25.0110636719777
桃園市桃園區中寧里16鄰大興西路二段55號十一樓之3,68,6800100,6800100-049,16鄰,大興西路,二段,,,,,55號十一樓之3,121.298926260398,25.0114784953872
桃園市桃園區中寧里16鄰大興西路二段55之1號四樓之2,68,6800100,6800100-049,16鄰,大興西路,二段,,,,,55之1號四樓之2,121.299092695953,25.0110636719777
桃園市桃園區中寧里16鄰大興西路二段55號十一樓之4,68,6800100,6800100-049,16鄰,大興西路,二段,,,,,55號十一樓之4,121.298926260398,25.0114784953872
桃園市桃園區中寧里16鄰大興西路二段55之1號四樓之3,68,6800100,6800100-049,16鄰,大興西路,二段,,,,,55之1號四樓之3,121.299092695953,25.0110636719777
桃園市桃園區中寧里16鄰大興西路二段55號十一樓之5,68,6800100,6800100-049,16鄰,大興西路,二段,,,,,55號十一樓之5,121.298926260398,25.0114784953872
桃園市桃園區中寧里16鄰大興西路二段55之1號四樓之4,68,6800100,6800100-049,16鄰,大興西路,二段,,,,,55之1號四樓之4,121.299092695953,25.0110636719777
桃園市桃園區中寧里16鄰大興西路二段55號一樓之1,68,6800100,6800100-049,16鄰,大興西路,二段,,,,,55號一樓之1,121.298926260398,25.0114784953872
桃園市桃園區中寧里16鄰大興西路二段55之1號十樓之1,68,6800100,6800100-049,16鄰,大興西路,二段,,,,,55之1號十樓之1,121.299092695953,25.0110636719777
桃園市桃園區中寧里16鄰大興西路二段55之1號五樓之2,68,6800100,6800100-049,16鄰,大興西路,二段,,,,,55之1號五樓之2,121.299092695953,25.0110636719777
桃園市桃園區中寧里16鄰大興西路二段55號十二樓之1,68,6800100,6800100-049,16鄰,大興西路,二段,,,,,55號十二樓之1,121.298926260398,25.0114784953872
桃園市桃園區中寧里16鄰大興西路二段55號三樓之4,68,6800100,6800100-049,16鄰,大興西路,二段,,,,,55號三樓之4,121.298926260398,25.0114784953872
桃園市桃園區中寧里16鄰大興西路二段55號五樓之1,68,6800100,6800100-049,16鄰,大興西路,二段,,,,,55號五樓之1,121.298926260398,25.0114784953872
桃園市桃園區中寧里16鄰大興西路二段55號五樓之2,68,6800100,6800100-049,16鄰,大興西路,二段,,,,,55號五樓之2,121.298926260398,25.0114784953872
桃園市桃園區中寧里16鄰大興西路二段55號五樓之3,68,6800100,6800100-049,16鄰,大興西路,二段,,,,,55號五樓之3,121.298926260398,25.0114784953872
桃園市桃園區中寧里16鄰大興西路二段55號五樓之4,68,6800100,6800100-049,16鄰,大興西路,二段,,,,,55號五樓之4,121.298926260398,25.0114784953872
桃園市桃園區中寧里16鄰大興西路二段55號五樓之5,68,6800100,6800100-049,16鄰,大興西路,二段,,,,,55號五樓之5,121.298926260398,25.0114784953872
桃園市桃園區中寧里16鄰大興西路二段55號六樓之1,68,6800100,6800100-049,16鄰,大興西路,二段,,,,,55號六樓之1,121.298926260398,25.0114784953872
桃園市桃園區中寧里16鄰大興西路二段55號六樓之2,68,6800100,6800100-049,16鄰,大興西路,二段,,,,,55號六樓之2,121.298926260398,25.0114784953872
桃園市桃園區中寧里16鄰大興西路二段55號六樓之3,68,6800100,6800100-049,16鄰,大興西路,二段,,,,,55號六樓之3,121.298926260398,25.0114784953872
桃園市桃園區中寧里16鄰大興西路二段55號六樓之4,68,6800100,6800100-049,16鄰,大興西路,二段,,,,,55號六樓之4,121.298926260398,25.0114784953872
桃園市桃園區中寧里16鄰大興西路二段55號六樓之5,68,6800100,6800100-049,16鄰,大興西路,二段,,,,,55號六樓之5,121.298926260398,25.0114784953872
桃園市桃園區中寧里16鄰大興西路二段55號四樓之1,68,6800100,6800100-049,16鄰,大興西路,二段,,,,,55號四樓之1,121.298926260398,25.0114784953872
桃園市桃園區中寧里16鄰大興西路二段55號四樓之2,68,6800100,6800100-049,16鄰,大興西路,二段,,,,,55號四樓之2,121.298926260398,25.0114784953872
桃園市桃園區中寧里16鄰大興西路二段55號四樓之3,68,6800100,6800100-049,16鄰,大興西路,二段,,,,,55號四樓之3,121.298926260398,25.0114784953872
桃園市桃園區中寧里16鄰大興西路二段55號四樓之4,68,6800100,6800100-049,16鄰,大興西路,二段,,,,,55號四樓之4,121.298926260398,25.0114784953872
桃園市桃園區中寧里16鄰大興西路二段55號四樓之5,68,6800100,6800100-049,16鄰,大興西路,二段,,,,,55號四樓之5,121.298926260398,25.0114784953872
桃園市桃園區中寧里16鄰大興西路二段55號十四樓之3,68,6800100,6800100-049,16鄰,大興西路,二段,,,,,55號十四樓之3,121.298926260398,25.0114784953872
桃園市桃園區中寧里16鄰大興西路二段55號三樓之2,68,6800100,6800100-049,16鄰,大興西路,二段,,,,,55號三樓之2,121.298926260398,25.0114784953872
桃園市桃園區中寧里16鄰大興西路二段55號十三樓之5,68,6800100,6800100-049,16鄰,大興西路,二段,,,,,55號十三樓之5,121.298926260398,25.0114784953872
桃園市桃園區中寧里16鄰大興西路二段55號十五樓之1,68,6800100,6800100-049,16鄰,大興西路,二段,,,,,55號十五樓之1,121.298926260398,25.0114784953872
桃園市桃園區中寧里16鄰大興西路二段55號十五樓之2,68,6800100,6800100-049,16鄰,大興西路,二段,,,,,55號十五樓之2,121.298926260398,25.0114784953872
桃園市桃園區中寧里16鄰大興西路二段55號十五樓之3,68,6800100,6800100-049,16鄰,大興西路,二段,,,,,55號十五樓之3,121.298926260398,25.0114784953872
桃園市桃園區中寧里16鄰大興西路二段55號十五樓之4,68,6800100,6800100-049,16鄰,大興西路,二段,,,,,55號十五樓之4,121.298926260398,25.0114784953872
桃園市桃園區中寧里16鄰大興西路二段55號十五樓之5,68,6800100,6800100-049,16鄰,大興西路,二段,,,,,55號十五樓之5,121.298926260398,25.0114784953872
桃園市桃園區中寧里16鄰大興西路二段55號十四樓之1,68,6800100,6800100-049,16鄰,大興西路,二段,,,,,55號十四樓之1,121.298926260398,25.0114784953872
桃園市桃園區中寧里16鄰大興西路二段55號十四樓之2,68,6800100,6800100-049,16鄰,大興西路,二段,,,,,55號十四樓之2,121.298926260398,25.0114784953872
桃園市桃園區中寧里16鄰大興西路二段55之1號九樓之4,68,6800100,6800100-049,16鄰,大興西路,二段,,,,,55之1號九樓之4,121.299092695953,25.0110636719777
桃園市桃園區中寧里16鄰大興西路二段55之1號二樓之1,68,6800100,6800100-049,16鄰,大興西路,二段,,,,,55之1號二樓之1,121.299092695953,25.0110636719777
桃園市桃園區中寧里16鄰大興西路二段55號一樓之2,68,6800100,6800100-049,16鄰,大興西路,二段,,,,,55號一樓之2,121.298926260398,25.0114784953872
桃園市桃園區中寧里16鄰大興西路二段55號七樓之1,68,6800100,6800100-049,16鄰,大興西路,二段,,,,,55號七樓之1,121.298926260398,25.0114784953872
桃園市桃園區中寧里16鄰大興西路二段55號七樓之2,68,6800100,6800100-049,16鄰,大興西路,二段,,,,,55號七樓之2,121.298926260398,25.0114784953872
桃園市桃園區中寧里16鄰大興西路二段55號七樓之3,68,6800100,6800100-049,16鄰,大興西路,二段,,,,,55號七樓之3,121.298926260398,25.0114784953872
桃園市桃園區中寧里16鄰大興西路二段55號七樓之5,68,6800100,6800100-049,16鄰,大興西路,二段,,,,,55號七樓之5,121.298926260398,25.0114784953872
桃園市桃園區中寧里16鄰大興西路二段55號十四樓之4,68,6800100,6800100-049,16鄰,大興西路,二段,,,,,55號十四樓之4,121.298926260398,25.0114784953872
桃園市桃園區中寧里16鄰大興西路二段55之1號二樓之2,68,6800100,6800100-049,16鄰,大興西路,二段,,,,,55之1號二樓之2,121.299092695953,25.0110636719777
桃園市桃園區中寧里16鄰大興西路二段55號九樓之1,68,6800100,6800100-049,16鄰,大興西路,二段,,,,,55號九樓之1,121.298926260398,25.0114784953872
桃園市桃園區中寧里16鄰大興西路二段55號十四樓之5,68,6800100,6800100-049,16鄰,大興西路,二段,,,,,55號十四樓之5,121.298926260398,25.0114784953872
桃園市桃園區中寧里16鄰大興西路二段55之1號二樓之3,68,6800100,6800100-049,16鄰,大興西路,二段,,,,,55之1號二樓之3,121.299092695953,25.0110636719777
桃園市桃園區中寧里16鄰大興西路二段55號九樓之2,68,6800100,6800100-049,16鄰,大興西路,二段,,,,,55號九樓之2,121.298926260398,25.0114784953872
桃園市桃園區中寧里16鄰大興西路二段55號十樓之1,68,6800100,6800100-049,16鄰,大興西路,二段,,,,,55號十樓之1,121.298926260398,25.0114784953872
桃園市桃園區中寧里16鄰大興西路二段55之1號二樓之4,68,6800100,6800100-049,16鄰,大興西路,二段,,,,,55之1號二樓之4,121.299092695953,25.0110636719777
桃園市桃園區中寧里16鄰大興西路二段55號九樓之3,68,6800100,6800100-049,16鄰,大興西路,二段,,,,,55號九樓之3,121.298926260398,25.0114784953872
桃園市桃園區中寧里16鄰大興西路二段55號十樓之2,68,6800100,6800100-049,16鄰,大興西路,二段,,,,,55號十樓之2,121.298926260398,25.0114784953872
桃園市桃園區中寧里16鄰大興西路二段55之1號八樓之1,68,6800100,6800100-049,16鄰,大興西路,二段,,,,,55之1號八樓之1,121.299092695953,25.0110636719777
桃園市桃園區中寧里16鄰大興西路二段55號九樓之4,68,6800100,6800100-049,16鄰,大興西路,二段,,,,,55號九樓之4,121.298926260398,25.0114784953872
桃園市桃園區中寧里16鄰大興西路二段55號十樓之3,68,6800100,6800100-049,16鄰,大興西路,二段,,,,,55號十樓之3,121.298926260398,25.0114784953872
桃園市桃園區中寧里16鄰大興西路二段55之1號八樓之2,68,6800100,6800100-049,16鄰,大興西路,二段,,,,,55之1號八樓之2,121.299092695953,25.0110636719777
桃園市桃園區中寧里16鄰大興西路二段55號十樓之4,68,6800100,6800100-049,16鄰,大興西路,二段,,,,,55號十樓之4,121.298926260398,25.0114784953872
桃園市桃園區中寧里16鄰大興西路二段55之1號八樓之3,68,6800100,6800100-049,16鄰,大興西路,二段,,,,,55之1號八樓之3,121.299092695953,25.0110636719777
桃園市桃園區中寧里16鄰大興西路二段55號十樓之5,68,6800100,6800100-049,16鄰,大興西路,二段,,,,,55號十樓之5,121.298926260398,25.0114784953872
桃園市桃園區中寧里16鄰大興西路二段55之1號八樓之4,68,6800100,6800100-049,16鄰,大興西路,二段,,,,,55之1號八樓之4,121.299092695953,25.0110636719777
桃園市桃園區中寧里16鄰大興西路二段55號三樓之1,68,6800100,6800100-049,16鄰,大興西路,二段,,,,,55號三樓之1,121.298926260398,25.0114784953872
桃園市桃園區中寧里16鄰大興西路二段55之1號十一樓,68,6800100,6800100-049,16鄰,大興西路,二段,,,,,55之1號十一樓,121.299092695953,25.0110636719777
桃園市桃園區中寧里16鄰大興西路二段55號九樓之5,68,6800100,6800100-049,16鄰,大興西路,二段,,,,,55號九樓之5,121.298926260398,25.0114784953872
桃園市桃園區中寧里16鄰大興西路二段55號二樓,68,6800100,6800100-049,16鄰,大興西路,二段,,,,,55號二樓,121.298926260398,25.0114784953872
桃園市桃園區中寧里16鄰大興西路二段55號八樓之2,68,6800100,6800100-049,16鄰,大興西路,二段,,,,,55號八樓之2,121.298926260398,25.0114784953872
桃園市桃園區中寧里16鄰大興西路二段55號三樓之3,68,6800100,6800100-049,16鄰,大興西路,二段,,,,,55號三樓之3,121.298926260398,25.0114784953872
桃園市桃園區中寧里16鄰大興西路二段55之1號十樓之2,68,6800100,6800100-049,16鄰,大興西路,二段,,,,,55之1號十樓之2,121.299092695953,25.0110636719777
桃園市桃園區中寧里16鄰大興西路二段55之1號十樓之3,68,6800100,6800100-049,16鄰,大興西路,二段,,,,,55之1號十樓之3,121.299092695953,25.0110636719777
桃園市桃園區中寧里16鄰大興西路二段55之1號十樓之4,68,6800100,6800100-049,16鄰,大興西路,二段,,,,,55之1號十樓之4,121.299092695953,25.0110636719777
桃園市桃園區中寧里16鄰大興西路二段55之1號三樓之1,68,6800100,6800100-049,16鄰,大興西路,二段,,,,,55之1號三樓之1,121.299092695953,25.0110636719777
桃園市桃園區中寧里16鄰大興西路二段55號十二樓之3,68,6800100,6800100-049,16鄰,大興西路,二段,,,,,55號十二樓之3,121.298926260398,25.0114784953872
桃園市桃園區中寧里16鄰大興西路二段55之1號三樓之2,68,6800100,6800100-049,16鄰,大興西路,二段,,,,,55之1號三樓之2,121.299092695953,25.0110636719777
桃園市桃園區中寧里16鄰大興西路二段55號八樓之3,68,6800100,6800100-049,16鄰,大興西路,二段,,,,,55號八樓之3,121.298926260398,25.0114784953872
桃園市桃園區中寧里16鄰大興西路二段55之1號三樓之3,68,6800100,6800100-049,16鄰,大興西路,二段,,,,,55之1號三樓之3,121.299092695953,25.0110636719777
桃園市桃園區中寧里16鄰大興西路二段55號十二樓之4,68,6800100,6800100-049,16鄰,大興西路,二段,,,,,55號十二樓之4,121.298926260398,25.0114784953872
桃園市桃園區中寧里16鄰大興西路二段55之1號三樓之4,68,6800100,6800100-049,16鄰,大興西路,二段,,,,,55之1號三樓之4,121.299092695953,25.0110636719777
桃園市桃園區中寧里16鄰大興西路二段55之1號五樓之1,68,6800100,6800100-049,16鄰,大興西路,二段,,,,,55之1號五樓之1,121.299092695953,25.0110636719777
桃園市桃園區中寧里16鄰大興西路二段55號八樓之5,68,6800100,6800100-049,16鄰,大興西路,二段,,,,,55號八樓之5,121.298926260398,25.0114784953872
桃園市桃園區中寧里16鄰大興西路二段55號十三樓之2,68,6800100,6800100-049,16鄰,大興西路,二段,,,,,55號十三樓之2,121.298926260398,25.0114784953872
桃園市桃園區中寧里16鄰大興西路二段55號十三樓之3,68,6800100,6800100-049,16鄰,大興西路,二段,,,,,55號十三樓之3,121.298926260398,25.0114784953872
桃園市桃園區中寧里16鄰大興西路二段55號十二樓之5,68,6800100,6800100-049,16鄰,大興西路,二段,,,,,55號十二樓之5,121.298926260398,25.0114784953872
桃園市桃園區中寧里16鄰大興西路二段55號十三樓之4,68,6800100,6800100-049,16鄰,大興西路,二段,,,,,55號十三樓之4,121.298926260398,25.0114784953872
桃園市桃園區中寧里16鄰大興西路二段55號十三樓之1,68,6800100,6800100-049,16鄰,大興西路,二段,,,,,55號十三樓之1,121.298926260398,25.0114784953872
桃園市桃園區中寧里16鄰大興西路二段55之1號七樓之3,68,6800100,6800100-049,16鄰,大興西路,二段,,,,,55之1號七樓之3,121.299092695953,25.0110636719777
桃園市桃園區中寧里16鄰大興西路二段55號八樓之1,68,6800100,6800100-049,16鄰,大興西路,二段,,,,,55號八樓之1,121.298926260398,25.0114784953872
桃園市桃園區中寧里15鄰大興西路二段57之1號,68,6800100,6800100-049,15鄰,大興西路,二段,,,,,57之1號,121.299422296964,25.0106846331054
桃園市桃園區中寧里15鄰大興西路二段57之1號十樓之4,68,6800100,6800100-049,15鄰,大興西路,二段,,,,,57之1號十樓之4,121.299422296964,25.0106846331054
桃園市桃園區中寧里15鄰大興西路二段57之1號十樓之5,68,6800100,6800100-049,15鄰,大興西路,二段,,,,,57之1號十樓之5,121.299422296964,25.0106846331054
桃園市桃園區中寧里15鄰大興西路二段57之1號十樓之6,68,6800100,6800100-049,15鄰,大興西路,二段,,,,,57之1號十樓之6,121.299422296964,25.0106846331054
桃園市桃園區中寧里15鄰大興西路二段57之1號三樓之1,68,6800100,6800100-049,15鄰,大興西路,二段,,,,,57之1號三樓之1,121.299422296964,25.0106846331054
桃園市桃園區中寧里15鄰大興西路二段57之1號三樓之3,68,6800100,6800100-049,15鄰,大興西路,二段,,,,,57之1號三樓之3,121.299422296964,25.0106846331054
桃園市桃園區中寧里15鄰大興西路二段57之1號三樓之4,68,6800100,6800100-049,15鄰,大興西路,二段,,,,,57之1號三樓之4,121.299422296964,25.0106846331054
桃園市桃園區中寧里16鄰大興西路二段57號四樓之3,68,6800100,6800100-049,16鄰,大興西路,二段,,,,,57號四樓之3,121.299188230131,25.0108282928627
桃園市桃園區中寧里15鄰大興西路二段57之1號三樓之6,68,6800100,6800100-049,15鄰,大興西路,二段,,,,,57之1號三樓之6,121.299422296964,25.0106846331054
桃園市桃園區中寧里16鄰大興西路二段57號四樓之4,68,6800100,6800100-049,16鄰,大興西路,二段,,,,,57號四樓之4,121.299188230131,25.0108282928627
桃園市桃園區中寧里15鄰大興西路二段57之1號五樓之1,68,6800100,6800100-049,15鄰,大興西路,二段,,,,,57之1號五樓之1,121.299422296964,25.0106846331054
桃園市桃園區中寧里15鄰大興西路二段57之1號五樓之2,68,6800100,6800100-049,15鄰,大興西路,二段,,,,,57之1號五樓之2,121.299422296964,25.0106846331054
桃園市桃園區中寧里15鄰大興西路二段57之1號五樓之3,68,6800100,6800100-049,15鄰,大興西路,二段,,,,,57之1號五樓之3,121.299422296964,25.0106846331054
桃園市桃園區中寧里15鄰大興西路二段57之1號五樓之4,68,6800100,6800100-049,15鄰,大興西路,二段,,,,,57之1號五樓之4,121.299422296964,25.0106846331054
桃園市桃園區中寧里16鄰大興西路二段57號七樓之1,68,6800100,6800100-049,16鄰,大興西路,二段,,,,,57號七樓之1,121.299188230131,25.0108282928627
桃園市桃園區中寧里15鄰大興西路二段57之1號五樓之5,68,6800100,6800100-049,15鄰,大興西路,二段,,,,,57之1號五樓之5,121.299422296964,25.0106846331054
桃園市桃園區中寧里15鄰大興西路二段57之1號三樓之5,68,6800100,6800100-049,15鄰,大興西路,二段,,,,,57之1號三樓之5,121.299422296964,25.0106846331054
桃園市桃園區中寧里16鄰大興西路二段57號九樓之1,68,6800100,6800100-049,16鄰,大興西路,二段,,,,,57號九樓之1,121.299188230131,25.0108282928627
桃園市桃園區中寧里16鄰大興西路二段57號九樓之2,68,6800100,6800100-049,16鄰,大興西路,二段,,,,,57號九樓之2,121.299188230131,25.0108282928627
桃園市桃園區中寧里16鄰大興西路二段57號九樓之3,68,6800100,6800100-049,16鄰,大興西路,二段,,,,,57號九樓之3,121.299188230131,25.0108282928627
桃園市桃園區中寧里16鄰大興西路二段57號九樓之4,68,6800100,6800100-049,16鄰,大興西路,二段,,,,,57號九樓之4,121.299188230131,25.0108282928627
桃園市桃園區中寧里16鄰大興西路二段57號八樓之2,68,6800100,6800100-049,16鄰,大興西路,二段,,,,,57號八樓之2,121.299188230131,25.0108282928627
桃園市桃園區中寧里16鄰大興西路二段57號二樓之1,68,6800100,6800100-049,16鄰,大興西路,二段,,,,,57號二樓之1,121.299188230131,25.0108282928627
桃園市桃園區中寧里16鄰大興西路二段57號二樓之2,68,6800100,6800100-049,16鄰,大興西路,二段,,,,,57號二樓之2,121.299188230131,25.0108282928627
桃園市桃園區中寧里16鄰大興西路二段57號二樓之3,68,6800100,6800100-049,16鄰,大興西路,二段,,,,,57號二樓之3,121.299188230131,25.0108282928627
桃園市桃園區中寧里16鄰大興西路二段57號二樓之4,68,6800100,6800100-049,16鄰,大興西路,二段,,,,,57號二樓之4,121.299188230131,25.0108282928627
桃園市桃園區中寧里16鄰大興西路二段57號八樓之1,68,6800100,6800100-049,16鄰,大興西路,二段,,,,,57號八樓之1,121.299188230131,25.0108282928627
桃園市桃園區中寧里16鄰大興西路二段57號八樓之3,68,6800100,6800100-049,16鄰,大興西路,二段,,,,,57號八樓之3,121.299188230131,25.0108282928627
桃園市桃園區中寧里16鄰大興西路二段57號八樓之4,68,6800100,6800100-049,16鄰,大興西路,二段,,,,,57號八樓之4,121.299188230131,25.0108282928627
桃園市桃園區中寧里16鄰大興西路二段57號十一樓,68,6800100,6800100-049,16鄰,大興西路,二段,,,,,57號十一樓,121.299188230131,25.0108282928627
桃園市桃園區中寧里15鄰大興西路二段57之1號七樓之5,68,6800100,6800100-049,15鄰,大興西路,二段,,,,,57之1號七樓之5,121.299422296964,25.0106846331054
桃園市桃園區中寧里15鄰大興西路二段57之1號九樓之1,68,6800100,6800100-049,15鄰,大興西路,二段,,,,,57之1號九樓之1,121.299422296964,25.0106846331054
桃園市桃園區中寧里15鄰大興西路二段57之1號九樓之2,68,6800100,6800100-049,15鄰,大興西路,二段,,,,,57之1號九樓之2,121.299422296964,25.0106846331054
桃園市桃園區中寧里15鄰大興西路二段57之1號九樓之3,68,6800100,6800100-049,15鄰,大興西路,二段,,,,,57之1號九樓之3,121.299422296964,25.0106846331054
桃園市桃園區中寧里15鄰大興西路二段57之1號九樓之4,68,6800100,6800100-049,15鄰,大興西路,二段,,,,,57之1號九樓之4,121.299422296964,25.0106846331054
桃園市桃園區中寧里15鄰大興西路二段57之1號九樓之5,68,6800100,6800100-049,15鄰,大興西路,二段,,,,,57之1號九樓之5,121.299422296964,25.0106846331054
桃園市桃園區中寧里15鄰大興西路二段57之1號九樓之6,68,6800100,6800100-049,15鄰,大興西路,二段,,,,,57之1號九樓之6,121.299422296964,25.0106846331054
桃園市桃園區中寧里15鄰大興西路二段57之1號二樓之1,68,6800100,6800100-049,15鄰,大興西路,二段,,,,,57之1號二樓之1,121.299422296964,25.0106846331054
桃園市桃園區中寧里15鄰大興西路二段57之1號二樓之2,68,6800100,6800100-049,15鄰,大興西路,二段,,,,,57之1號二樓之2,121.299422296964,25.0106846331054
桃園市桃園區中寧里15鄰大興西路二段57之1號二樓之3,68,6800100,6800100-049,15鄰,大興西路,二段,,,,,57之1號二樓之3,121.299422296964,25.0106846331054
桃園市桃園區中寧里15鄰大興西路二段57之1號二樓之4,68,6800100,6800100-049,15鄰,大興西路,二段,,,,,57之1號二樓之4,121.299422296964,25.0106846331054
桃園市桃園區中寧里16鄰大興西路二段57號七樓之3,68,6800100,6800100-049,16鄰,大興西路,二段,,,,,57號七樓之3,121.299188230131,25.0108282928627
桃園市桃園區中寧里15鄰大興西路二段57之1號二樓之5,68,6800100,6800100-049,15鄰,大興西路,二段,,,,,57之1號二樓之5,121.299422296964,25.0106846331054
桃園市桃園區中寧里15鄰大興西路二段57之1號二樓之6,68,6800100,6800100-049,15鄰,大興西路,二段,,,,,57之1號二樓之6,121.299422296964,25.0106846331054
桃園市桃園區中寧里15鄰大興西路二段57之1號八樓之1,68,6800100,6800100-049,15鄰,大興西路,二段,,,,,57之1號八樓之1,121.299422296964,25.0106846331054
桃園市桃園區中寧里15鄰大興西路二段57之1號八樓之3,68,6800100,6800100-049,15鄰,大興西路,二段,,,,,57之1號八樓之3,121.299422296964,25.0106846331054
桃園市桃園區中寧里15鄰大興西路二段57之1號八樓之4,68,6800100,6800100-049,15鄰,大興西路,二段,,,,,57之1號八樓之4,121.299422296964,25.0106846331054
桃園市桃園區中寧里15鄰大興西路二段57之1號八樓之5,68,6800100,6800100-049,15鄰,大興西路,二段,,,,,57之1號八樓之5,121.299422296964,25.0106846331054
桃園市桃園區中寧里15鄰大興西路二段57之1號八樓之6,68,6800100,6800100-049,15鄰,大興西路,二段,,,,,57之1號八樓之6,121.299422296964,25.0106846331054
桃園市桃園區中寧里15鄰大興西路二段57之1號十一樓之1,68,6800100,6800100-049,15鄰,大興西路,二段,,,,,57之1號十一樓之1,121.299422296964,25.0106846331054
桃園市桃園區中寧里16鄰大興西路二段57號三樓之1,68,6800100,6800100-049,16鄰,大興西路,二段,,,,,57號三樓之1,121.299188230131,25.0108282928627
桃園市桃園區中寧里16鄰大興西路二段57號三樓之2,68,6800100,6800100-049,16鄰,大興西路,二段,,,,,57號三樓之2,121.299188230131,25.0108282928627
桃園市桃園區中寧里16鄰大興西路二段57號三樓之3,68,6800100,6800100-049,16鄰,大興西路,二段,,,,,57號三樓之3,121.299188230131,25.0108282928627
桃園市桃園區中寧里16鄰大興西路二段57號三樓之4,68,6800100,6800100-049,16鄰,大興西路,二段,,,,,57號三樓之4,121.299188230131,25.0108282928627
桃園市桃園區中寧里16鄰大興西路二段57號五樓之1,68,6800100,6800100-049,16鄰,大興西路,二段,,,,,57號五樓之1,121.299188230131,25.0108282928627
桃園市桃園區中寧里16鄰大興西路二段57號五樓之2,68,6800100,6800100-049,16鄰,大興西路,二段,,,,,57號五樓之2,121.299188230131,25.0108282928627
桃園市桃園區中寧里16鄰大興西路二段57號五樓之3,68,6800100,6800100-049,16鄰,大興西路,二段,,,,,57號五樓之3,121.299188230131,25.0108282928627
桃園市桃園區中寧里16鄰大興西路二段57號六樓之1,68,6800100,6800100-049,16鄰,大興西路,二段,,,,,57號六樓之1,121.299188230131,25.0108282928627
桃園市桃園區中寧里16鄰大興西路二段57號六樓之2,68,6800100,6800100-049,16鄰,大興西路,二段,,,,,57號六樓之2,121.299188230131,25.0108282928627
桃園市桃園區中寧里16鄰大興西路二段57號六樓之3,68,6800100,6800100-049,16鄰,大興西路,二段,,,,,57號六樓之3,121.299188230131,25.0108282928627
桃園市桃園區中寧里16鄰大興西路二段57號六樓之4,68,6800100,6800100-049,16鄰,大興西路,二段,,,,,57號六樓之4,121.299188230131,25.0108282928627
桃園市桃園區中寧里16鄰大興西路二段57號四樓之1,68,6800100,6800100-049,16鄰,大興西路,二段,,,,,57號四樓之1,121.299188230131,25.0108282928627
桃園市桃園區中寧里15鄰大興西路二段57之1號三樓之2,68,6800100,6800100-049,15鄰,大興西路,二段,,,,,57之1號三樓之2,121.299422296964,25.0106846331054
桃園市桃園區中寧里16鄰大興西路二段57號四樓之2,68,6800100,6800100-049,16鄰,大興西路,二段,,,,,57號四樓之2,121.299188230131,25.0108282928627
桃園市桃園區中寧里16鄰大興西路二段57號一樓之1,68,6800100,6800100-049,16鄰,大興西路,二段,,,,,57號一樓之1,121.299188230131,25.0108282928627
桃園市桃園區中寧里16鄰大興西路二段57號一樓之2,68,6800100,6800100-049,16鄰,大興西路,二段,,,,,57號一樓之2,121.299188230131,25.0108282928627
桃園市桃園區中寧里16鄰大興西路二段57號七樓之2,68,6800100,6800100-049,16鄰,大興西路,二段,,,,,57號七樓之2,121.299188230131,25.0108282928627
桃園市桃園區中寧里16鄰大興西路二段57號七樓之4,68,6800100,6800100-049,16鄰,大興西路,二段,,,,,57號七樓之4,121.299188230131,25.0108282928627
桃園市桃園區中寧里15鄰大興西路二段57之1號七樓之1,68,6800100,6800100-049,15鄰,大興西路,二段,,,,,57之1號七樓之1,121.299422296964,25.0106846331054
桃園市桃園區中寧里15鄰大興西路二段57之1號七樓之2,68,6800100,6800100-049,15鄰,大興西路,二段,,,,,57之1號七樓之2,121.299422296964,25.0106846331054
桃園市桃園區中寧里15鄰大興西路二段57之1號七樓之3,68,6800100,6800100-049,15鄰,大興西路,二段,,,,,57之1號七樓之3,121.299422296964,25.0106846331054
桃園市桃園區中寧里15鄰大興西路二段57之1號七樓之4,68,6800100,6800100-049,15鄰,大興西路,二段,,,,,57之1號七樓之4,121.299422296964,25.0106846331054
桃園市桃園區中寧里15鄰大興西路二段57之1號七樓之6,68,6800100,6800100-049,15鄰,大興西路,二段,,,,,57之1號七樓之6,121.299422296964,25.0106846331054
桃園市桃園區中寧里15鄰大興西路二段57之1號五樓之6,68,6800100,6800100-049,15鄰,大興西路,二段,,,,,57之1號五樓之6,121.299422296964,25.0106846331054
桃園市桃園區中寧里15鄰大興西路二段57之1號六樓之1,68,6800100,6800100-049,15鄰,大興西路,二段,,,,,57之1號六樓之1,121.299422296964,25.0106846331054
桃園市桃園區中寧里15鄰大興西路二段57之1號六樓之2,68,6800100,6800100-049,15鄰,大興西路,二段,,,,,57之1號六樓之2,121.299422296964,25.0106846331054
桃園市桃園區中寧里15鄰大興西路二段57之1號六樓之3,68,6800100,6800100-049,15鄰,大興西路,二段,,,,,57之1號六樓之3,121.299422296964,25.0106846331054
桃園市桃園區中寧里15鄰大興西路二段57之1號六樓之4,68,6800100,6800100-049,15鄰,大興西路,二段,,,,,57之1號六樓之4,121.299422296964,25.0106846331054
桃園市桃園區中寧里15鄰大興西路二段57之1號六樓之5,68,6800100,6800100-049,15鄰,大興西路,二段,,,,,57之1號六樓之5,121.299422296964,25.0106846331054
桃園市桃園區中寧里15鄰大興西路二段57之1號八樓之2,68,6800100,6800100-049,15鄰,大興西路,二段,,,,,57之1號八樓之2,121.299422296964,25.0106846331054
桃園市桃園區中寧里15鄰大興西路二段57之1號六樓之6,68,6800100,6800100-049,15鄰,大興西路,二段,,,,,57之1號六樓之6,121.299422296964,25.0106846331054
桃園市桃園區中寧里15鄰大興西路二段57之1號四樓之1,68,6800100,6800100-049,15鄰,大興西路,二段,,,,,57之1號四樓之1,121.299422296964,25.0106846331054
桃園市桃園區中寧里15鄰大興西路二段57之1號四樓之2,68,6800100,6800100-049,15鄰,大興西路,二段,,,,,57之1號四樓之2,121.299422296964,25.0106846331054
桃園市桃園區中寧里15鄰大興西路二段57之1號四樓之3,68,6800100,6800100-049,15鄰,大興西路,二段,,,,,57之1號四樓之3,121.299422296964,25.0106846331054
桃園市桃園區中寧里16鄰大興西路二段57號五樓之4,68,6800100,6800100-049,16鄰,大興西路,二段,,,,,57號五樓之4,121.299188230131,25.0108282928627
桃園市桃園區中寧里15鄰大興西路二段57之1號四樓之4,68,6800100,6800100-049,15鄰,大興西路,二段,,,,,57之1號四樓之4,121.299422296964,25.0106846331054
桃園市桃園區中寧里15鄰大興西路二段57之1號四樓之5,68,6800100,6800100-049,15鄰,大興西路,二段,,,,,57之1號四樓之5,121.299422296964,25.0106846331054
桃園市桃園區中寧里15鄰大興西路二段57之1號四樓之6,68,6800100,6800100-049,15鄰,大興西路,二段,,,,,57之1號四樓之6,121.299422296964,25.0106846331054
桃園市桃園區中寧里16鄰大興西路二段57號十樓之1,68,6800100,6800100-049,16鄰,大興西路,二段,,,,,57號十樓之1,121.299188230131,25.0108282928627
桃園市桃園區中寧里16鄰大興西路二段57號十樓之2,68,6800100,6800100-049,16鄰,大興西路,二段,,,,,57號十樓之2,121.299188230131,25.0108282928627
桃園市桃園區中寧里16鄰大興西路二段57號十樓之3,68,6800100,6800100-049,16鄰,大興西路,二段,,,,,57號十樓之3,121.299188230131,25.0108282928627
桃園市桃園區中寧里16鄰大興西路二段57號十樓之4,68,6800100,6800100-049,16鄰,大興西路,二段,,,,,57號十樓之4,121.299188230131,25.0108282928627
桃園市桃園區中寧里15鄰大興西路二段57之1號十一樓之2,68,6800100,6800100-049,15鄰,大興西路,二段,,,,,57之1號十一樓之2,121.299422296964,25.0106846331054
桃園市桃園區中寧里15鄰大興西路二段57之1號十一樓之3,68,6800100,6800100-049,15鄰,大興西路,二段,,,,,57之1號十一樓之3,121.299422296964,25.0106846331054
桃園市桃園區中寧里15鄰大興西路二段57之1號十一樓之4,68,6800100,6800100-049,15鄰,大興西路,二段,,,,,57之1號十一樓之4,121.299422296964,25.0106846331054
桃園市桃園區中寧里15鄰大興西路二段57之1號十樓之1,68,6800100,6800100-049,15鄰,大興西路,二段,,,,,57之1號十樓之1,121.299422296964,25.0106846331054
桃園市桃園區中寧里15鄰大興西路二段57之1號十樓之2,68,6800100,6800100-049,15鄰,大興西路,二段,,,,,57之1號十樓之2,121.299422296964,25.0106846331054
桃園市桃園區中寧里15鄰大興西路二段57之1號十樓之3,68,6800100,6800100-049,15鄰,大興西路,二段,,,,,57之1號十樓之3,121.299422296964,25.0106846331054
桃園市桃園區中寧里15鄰大興西路二段59之1號地下室壹層,68,6800100,6800100-049,15鄰,大興西路,二段,,,,,59之1號地下室壹層,121.299355388808,25.0111211953272
桃園市桃園區中寧里15鄰大興西路二段59之1號十樓之5,68,6800100,6800100-049,15鄰,大興西路,二段,,,,,59之1號十樓之5,121.299355388808,25.0111211953272
桃園市桃園區中寧里15鄰大興西路二段59之1號十樓之7,68,6800100,6800100-049,15鄰,大興西路,二段,,,,,59之1號十樓之7,121.299355388808,25.0111211953272
桃園市桃園區中寧里15鄰大興西路二段59之1號十樓之8,68,6800100,6800100-049,15鄰,大興西路,二段,,,,,59之1號十樓之8,121.299355388808,25.0111211953272
桃園市桃園區中寧里15鄰大興西路二段59之1號三樓之1,68,6800100,6800100-049,15鄰,大興西路,二段,,,,,59之1號三樓之1,121.299355388808,25.0111211953272
桃園市桃園區中寧里15鄰大興西路二段59之1號三樓之2,68,6800100,6800100-049,15鄰,大興西路,二段,,,,,59之1號三樓之2,121.299355388808,25.0111211953272
桃園市桃園區中寧里15鄰大興西路二段59之1號三樓之3,68,6800100,6800100-049,15鄰,大興西路,二段,,,,,59之1號三樓之3,121.299355388808,25.0111211953272
桃園市桃園區中寧里15鄰大興西路二段59之1號三樓之4,68,6800100,6800100-049,15鄰,大興西路,二段,,,,,59之1號三樓之4,121.299355388808,25.0111211953272
桃園市桃園區中寧里15鄰大興西路二段59之1號三樓之5,68,6800100,6800100-049,15鄰,大興西路,二段,,,,,59之1號三樓之5,121.299355388808,25.0111211953272
桃園市桃園區中寧里15鄰大興西路二段59之1號六樓之7,68,6800100,6800100-049,15鄰,大興西路,二段,,,,,59之1號六樓之7,121.299355388808,25.0111211953272
桃園市桃園區中寧里15鄰大興西路二段59號五樓之2,68,6800100,6800100-049,15鄰,大興西路,二段,,,,,59號五樓之2,121.299620568616,25.0109377481553
桃園市桃園區中寧里15鄰大興西路二段59號五樓之6,68,6800100,6800100-049,15鄰,大興西路,二段,,,,,59號五樓之6,121.299620568616,25.0109377481553
桃園市桃園區中寧里15鄰大興西路二段59號二樓之1,68,6800100,6800100-049,15鄰,大興西路,二段,,,,,59號二樓之1,121.299620568616,25.0109377481553
桃園市桃園區中寧里15鄰大興西路二段59之1號九樓之4,68,6800100,6800100-049,15鄰,大興西路,二段,,,,,59之1號九樓之4,121.299355388808,25.0111211953272
桃園市桃園區中寧里15鄰大興西路二段59號二樓之2,68,6800100,6800100-049,15鄰,大興西路,二段,,,,,59號二樓之2,121.299620568616,25.0109377481553
桃園市桃園區中寧里15鄰大興西路二段59號二樓之3,68,6800100,6800100-049,15鄰,大興西路,二段,,,,,59號二樓之3,121.299620568616,25.0109377481553
桃園市桃園區中寧里15鄰大興西路二段59號二樓之4,68,6800100,6800100-049,15鄰,大興西路,二段,,,,,59號二樓之4,121.299620568616,25.0109377481553
桃園市桃園區中寧里15鄰大興西路二段59號二樓之5,68,6800100,6800100-049,15鄰,大興西路,二段,,,,,59號二樓之5,121.299620568616,25.0109377481553
桃園市桃園區中寧里15鄰大興西路二段59號二樓之6,68,6800100,6800100-049,15鄰,大興西路,二段,,,,,59號二樓之6,121.299620568616,25.0109377481553
桃園市桃園區中寧里15鄰大興西路二段59號二樓之7,68,6800100,6800100-049,15鄰,大興西路,二段,,,,,59號二樓之7,121.299620568616,25.0109377481553
桃園市桃園區中寧里15鄰大興西路二段59號六樓之5,68,6800100,6800100-049,15鄰,大興西路,二段,,,,,59號六樓之5,121.299620568616,25.0109377481553
桃園市桃園區中寧里15鄰大興西路二段59號二樓之8,68,6800100,6800100-049,15鄰,大興西路,二段,,,,,59號二樓之8,121.299620568616,25.0109377481553
桃園市桃園區中寧里15鄰大興西路二段59號六樓之6,68,6800100,6800100-049,15鄰,大興西路,二段,,,,,59號六樓之6,121.299620568616,25.0109377481553
桃園市桃園區中寧里15鄰大興西路二段59號八樓之1,68,6800100,6800100-049,15鄰,大興西路,二段,,,,,59號八樓之1,121.299620568616,25.0109377481553
桃園市桃園區中寧里15鄰大興西路二段59號六樓之7,68,6800100,6800100-049,15鄰,大興西路,二段,,,,,59號六樓之7,121.299620568616,25.0109377481553
桃園市桃園區中寧里15鄰大興西路二段59號六樓之8,68,6800100,6800100-049,15鄰,大興西路,二段,,,,,59號六樓之8,121.299620568616,25.0109377481553
桃園市桃園區中寧里15鄰大興西路二段59之1號三樓之7,68,6800100,6800100-049,15鄰,大興西路,二段,,,,,59之1號三樓之7,121.299355388808,25.0111211953272
桃園市桃園區中寧里15鄰大興西路二段59之1號六樓之1,68,6800100,6800100-049,15鄰,大興西路,二段,,,,,59之1號六樓之1,121.299355388808,25.0111211953272
桃園市桃園區中寧里15鄰大興西路二段59號八樓之3,68,6800100,6800100-049,15鄰,大興西路,二段,,,,,59號八樓之3,121.299620568616,25.0109377481553
桃園市桃園區中寧里15鄰大興西路二段59號八樓之4,68,6800100,6800100-049,15鄰,大興西路,二段,,,,,59號八樓之4,121.299620568616,25.0109377481553
桃園市桃園區中寧里15鄰大興西路二段59號四樓之1,68,6800100,6800100-049,15鄰,大興西路,二段,,,,,59號四樓之1,121.299620568616,25.0109377481553
桃園市桃園區中寧里15鄰大興西路二段59號八樓之5,68,6800100,6800100-049,15鄰,大興西路,二段,,,,,59號八樓之5,121.299620568616,25.0109377481553
桃園市桃園區中寧里15鄰大興西路二段59號四樓之2,68,6800100,6800100-049,15鄰,大興西路,二段,,,,,59號四樓之2,121.299620568616,25.0109377481553
桃園市桃園區中寧里15鄰大興西路二段59號八樓之6,68,6800100,6800100-049,15鄰,大興西路,二段,,,,,59號八樓之6,121.299620568616,25.0109377481553
桃園市桃園區中寧里15鄰大興西路二段59號四樓之3,68,6800100,6800100-049,15鄰,大興西路,二段,,,,,59號四樓之3,121.299620568616,25.0109377481553
桃園市桃園區中寧里15鄰大興西路二段59號八樓之7,68,6800100,6800100-049,15鄰,大興西路,二段,,,,,59號八樓之7,121.299620568616,25.0109377481553
桃園市桃園區中寧里15鄰大興西路二段59號四樓之5,68,6800100,6800100-049,15鄰,大興西路,二段,,,,,59號四樓之5,121.299620568616,25.0109377481553
桃園市桃園區中寧里15鄰大興西路二段59號八樓之8,68,6800100,6800100-049,15鄰,大興西路,二段,,,,,59號八樓之8,121.299620568616,25.0109377481553
桃園市桃園區中寧里15鄰大興西路二段59號四樓之6,68,6800100,6800100-049,15鄰,大興西路,二段,,,,,59號四樓之6,121.299620568616,25.0109377481553
桃園市桃園區中寧里15鄰大興西路二段59號四樓之7,68,6800100,6800100-049,15鄰,大興西路,二段,,,,,59號四樓之7,121.299620568616,25.0109377481553
桃園市桃園區中寧里15鄰大興西路二段59號四樓之8,68,6800100,6800100-049,15鄰,大興西路,二段,,,,,59號四樓之8,121.299620568616,25.0109377481553
桃園市桃園區中寧里15鄰大興西路二段59之1號六樓之2,68,6800100,6800100-049,15鄰,大興西路,二段,,,,,59之1號六樓之2,121.299355388808,25.0111211953272
桃園市桃園區中寧里15鄰大興西路二段59之1號六樓之3,68,6800100,6800100-049,15鄰,大興西路,二段,,,,,59之1號六樓之3,121.299355388808,25.0111211953272
桃園市桃園區中寧里15鄰大興西路二段59號十一樓之1,68,6800100,6800100-049,15鄰,大興西路,二段,,,,,59號十一樓之1,121.299620568616,25.0109377481553
桃園市桃園區中寧里15鄰大興西路二段59之1號八樓之2,68,6800100,6800100-049,15鄰,大興西路,二段,,,,,59之1號八樓之2,121.299355388808,25.0111211953272
桃園市桃園區中寧里15鄰大興西路二段59之1號十樓之6,68,6800100,6800100-049,15鄰,大興西路,二段,,,,,59之1號十樓之6,121.299355388808,25.0111211953272
桃園市桃園區中寧里15鄰大興西路二段59之1號八樓之3,68,6800100,6800100-049,15鄰,大興西路,二段,,,,,59之1號八樓之3,121.299355388808,25.0111211953272
桃園市桃園區中寧里15鄰大興西路二段59之1號八樓之4,68,6800100,6800100-049,15鄰,大興西路,二段,,,,,59之1號八樓之4,121.299355388808,25.0111211953272
桃園市桃園區中寧里15鄰大興西路二段59之1號八樓之5,68,6800100,6800100-049,15鄰,大興西路,二段,,,,,59之1號八樓之5,121.299355388808,25.0111211953272
桃園市桃園區中寧里15鄰大興西路二段59之1號八樓之6,68,6800100,6800100-049,15鄰,大興西路,二段,,,,,59之1號八樓之6,121.299355388808,25.0111211953272
桃園市桃園區中寧里15鄰大興西路二段59之1號八樓之7,68,6800100,6800100-049,15鄰,大興西路,二段,,,,,59之1號八樓之7,121.299355388808,25.0111211953272
桃園市桃園區中寧里15鄰大興西路二段59之1號七樓之4,68,6800100,6800100-049,15鄰,大興西路,二段,,,,,59之1號七樓之4,121.299355388808,25.0111211953272
桃園市桃園區中寧里15鄰大興西路二段59之1號八樓之8,68,6800100,6800100-049,15鄰,大興西路,二段,,,,,59之1號八樓之8,121.299355388808,25.0111211953272
桃園市桃園區中寧里15鄰大興西路二段59之1號七樓之5,68,6800100,6800100-049,15鄰,大興西路,二段,,,,,59之1號七樓之5,121.299355388808,25.0111211953272
桃園市桃園區中寧里15鄰大興西路二段59之1號七樓之6,68,6800100,6800100-049,15鄰,大興西路,二段,,,,,59之1號七樓之6,121.299355388808,25.0111211953272
桃園市桃園區中寧里15鄰大興西路二段59之1號五樓之1,68,6800100,6800100-049,15鄰,大興西路,二段,,,,,59之1號五樓之1,121.299355388808,25.0111211953272
桃園市桃園區中寧里15鄰大興西路二段59之1號七樓之7,68,6800100,6800100-049,15鄰,大興西路,二段,,,,,59之1號七樓之7,121.299355388808,25.0111211953272
桃園市桃園區中寧里15鄰大興西路二段59之1號七樓之8,68,6800100,6800100-049,15鄰,大興西路,二段,,,,,59之1號七樓之8,121.299355388808,25.0111211953272
桃園市桃園區中寧里15鄰大興西路二段59之1號九樓之1,68,6800100,6800100-049,15鄰,大興西路,二段,,,,,59之1號九樓之1,121.299355388808,25.0111211953272
桃園市桃園區中寧里15鄰大興西路二段59之1號九樓之2,68,6800100,6800100-049,15鄰,大興西路,二段,,,,,59之1號九樓之2,121.299355388808,25.0111211953272
桃園市桃園區中寧里15鄰大興西路二段59之1號九樓之3,68,6800100,6800100-049,15鄰,大興西路,二段,,,,,59之1號九樓之3,121.299355388808,25.0111211953272
桃園市桃園區中寧里15鄰大興西路二段59之1號十一樓之1,68,6800100,6800100-049,15鄰,大興西路,二段,,,,,59之1號十一樓之1,121.299355388808,25.0111211953272
桃園市桃園區中寧里15鄰大興西路二段59之1號九樓之5,68,6800100,6800100-049,15鄰,大興西路,二段,,,,,59之1號九樓之5,121.299355388808,25.0111211953272
桃園市桃園區中寧里15鄰大興西路二段59之1號十一樓之2,68,6800100,6800100-049,15鄰,大興西路,二段,,,,,59之1號十一樓之2,121.299355388808,25.0111211953272
桃園市桃園區中寧里15鄰大興西路二段59之1號九樓之6,68,6800100,6800100-049,15鄰,大興西路,二段,,,,,59之1號九樓之6,121.299355388808,25.0111211953272
桃園市桃園區中寧里15鄰大興西路二段59之1號十一樓之3,68,6800100,6800100-049,15鄰,大興西路,二段,,,,,59之1號十一樓之3,121.299355388808,25.0111211953272
桃園市桃園區中寧里15鄰大興西路二段59之1號十樓之1,68,6800100,6800100-049,15鄰,大興西路,二段,,,,,59之1號十樓之1,121.299355388808,25.0111211953272
桃園市桃園區中寧里15鄰大興西路二段59之1號十樓之2,68,6800100,6800100-049,15鄰,大興西路,二段,,,,,59之1號十樓之2,121.299355388808,25.0111211953272
桃園市桃園區中寧里15鄰大興西路二段59號三樓之4,68,6800100,6800100-049,15鄰,大興西路,二段,,,,,59號三樓之4,121.299620568616,25.0109377481553
桃園市桃園區中寧里15鄰大興西路二段59之1號九樓之7,68,6800100,6800100-049,15鄰,大興西路,二段,,,,,59之1號九樓之7,121.299355388808,25.0111211953272
桃園市桃園區中寧里15鄰大興西路二段59號三樓之5,68,6800100,6800100-049,15鄰,大興西路,二段,,,,,59號三樓之5,121.299620568616,25.0109377481553
桃園市桃園區中寧里15鄰大興西路二段59之1號九樓之8,68,6800100,6800100-049,15鄰,大興西路,二段,,,,,59之1號九樓之8,121.299355388808,25.0111211953272
桃園市桃園區中寧里15鄰大興西路二段59號三樓之6,68,6800100,6800100-049,15鄰,大興西路,二段,,,,,59號三樓之6,121.299620568616,25.0109377481553
桃園市桃園區中寧里15鄰大興西路二段59之1號二樓之1,68,6800100,6800100-049,15鄰,大興西路,二段,,,,,59之1號二樓之1,121.299355388808,25.0111211953272
桃園市桃園區中寧里15鄰大興西路二段59號三樓之7,68,6800100,6800100-049,15鄰,大興西路,二段,,,,,59號三樓之7,121.299620568616,25.0109377481553
桃園市桃園區中寧里15鄰大興西路二段59之1號二樓之2,68,6800100,6800100-049,15鄰,大興西路,二段,,,,,59之1號二樓之2,121.299355388808,25.0111211953272
桃園市桃園區中寧里15鄰大興西路二段59號三樓之8,68,6800100,6800100-049,15鄰,大興西路,二段,,,,,59號三樓之8,121.299620568616,25.0109377481553
桃園市桃園區中寧里15鄰大興西路二段59之1號二樓之3,68,6800100,6800100-049,15鄰,大興西路,二段,,,,,59之1號二樓之3,121.299355388808,25.0111211953272
桃園市桃園區中寧里15鄰大興西路二段59之1號四樓之5,68,6800100,6800100-049,15鄰,大興西路,二段,,,,,59之1號四樓之5,121.299355388808,25.0111211953272
桃園市桃園區中寧里15鄰大興西路二段59號五樓之1,68,6800100,6800100-049,15鄰,大興西路,二段,,,,,59號五樓之1,121.299620568616,25.0109377481553
桃園市桃園區中寧里15鄰大興西路二段59之1號四樓之6,68,6800100,6800100-049,15鄰,大興西路,二段,,,,,59之1號四樓之6,121.299355388808,25.0111211953272
桃園市桃園區中寧里15鄰大興西路二段59號五樓之3,68,6800100,6800100-049,15鄰,大興西路,二段,,,,,59號五樓之3,121.299620568616,25.0109377481553
桃園市桃園區中寧里15鄰大興西路二段59號五樓之4,68,6800100,6800100-049,15鄰,大興西路,二段,,,,,59號五樓之4,121.299620568616,25.0109377481553
桃園市桃園區中寧里15鄰大興西路二段59之1號四樓之7,68,6800100,6800100-049,15鄰,大興西路,二段,,,,,59之1號四樓之7,121.299355388808,25.0111211953272
桃園市桃園區中寧里15鄰大興西路二段59之1號四樓之8,68,6800100,6800100-049,15鄰,大興西路,二段,,,,,59之1號四樓之8,121.299355388808,25.0111211953272
桃園市桃園區中寧里15鄰大興西路二段59號一樓之1,68,6800100,6800100-049,15鄰,大興西路,二段,,,,,59號一樓之1,121.299620568616,25.0109377481553
桃園市桃園區中寧里15鄰大興西路二段59號一樓之2,68,6800100,6800100-049,15鄰,大興西路,二段,,,,,59號一樓之2,121.299620568616,25.0109377481553
桃園市桃園區中寧里15鄰大興西路二段59號七樓之1,68,6800100,6800100-049,15鄰,大興西路,二段,,,,,59號七樓之1,121.299620568616,25.0109377481553
桃園市桃園區中寧里15鄰大興西路二段59號五樓之5,68,6800100,6800100-049,15鄰,大興西路,二段,,,,,59號五樓之5,121.299620568616,25.0109377481553
桃園市桃園區中寧里15鄰大興西路二段59號七樓之2,68,6800100,6800100-049,15鄰,大興西路,二段,,,,,59號七樓之2,121.299620568616,25.0109377481553
桃園市桃園區中寧里15鄰大興西路二段59號五樓之7,68,6800100,6800100-049,15鄰,大興西路,二段,,,,,59號五樓之7,121.299620568616,25.0109377481553
桃園市桃園區中寧里15鄰大興西路二段59號七樓之3,68,6800100,6800100-049,15鄰,大興西路,二段,,,,,59號七樓之3,121.299620568616,25.0109377481553
桃園市桃園區中寧里15鄰大興西路二段59號五樓之8,68,6800100,6800100-049,15鄰,大興西路,二段,,,,,59號五樓之8,121.299620568616,25.0109377481553
桃園市桃園區中寧里15鄰大興西路二段59號七樓之4,68,6800100,6800100-049,15鄰,大興西路,二段,,,,,59號七樓之4,121.299620568616,25.0109377481553
桃園市桃園區中寧里15鄰大興西路二段59號七樓之5,68,6800100,6800100-049,15鄰,大興西路,二段,,,,,59號七樓之5,121.299620568616,25.0109377481553
桃園市桃園區中寧里15鄰大興西路二段59號七樓之7,68,6800100,6800100-049,15鄰,大興西路,二段,,,,,59號七樓之7,121.299620568616,25.0109377481553
桃園市桃園區中寧里15鄰大興西路二段59號七樓之8,68,6800100,6800100-049,15鄰,大興西路,二段,,,,,59號七樓之8,121.299620568616,25.0109377481553
桃園市桃園區中寧里15鄰大興西路二段59號九樓之1,68,6800100,6800100-049,15鄰,大興西路,二段,,,,,59號九樓之1,121.299620568616,25.0109377481553
桃園市桃園區中寧里15鄰大興西路二段59號六樓之1,68,6800100,6800100-049,15鄰,大興西路,二段,,,,,59號六樓之1,121.299620568616,25.0109377481553
桃園市桃園區中寧里15鄰大興西路二段59號九樓之2,68,6800100,6800100-049,15鄰,大興西路,二段,,,,,59號九樓之2,121.299620568616,25.0109377481553
桃園市桃園區中寧里15鄰大興西路二段59號六樓之2,68,6800100,6800100-049,15鄰,大興西路,二段,,,,,59號六樓之2,121.299620568616,25.0109377481553
桃園市桃園區中寧里15鄰大興西路二段59號九樓之3,68,6800100,6800100-049,15鄰,大興西路,二段,,,,,59號九樓之3,121.299620568616,25.0109377481553
桃園市桃園區中寧里15鄰大興西路二段59號六樓之3,68,6800100,6800100-049,15鄰,大興西路,二段,,,,,59號六樓之3,121.299620568616,25.0109377481553
桃園市桃園區中寧里15鄰大興西路二段59號九樓之4,68,6800100,6800100-049,15鄰,大興西路,二段,,,,,59號九樓之4,121.299620568616,25.0109377481553
桃園市桃園區中寧里15鄰大興西路二段59號六樓之4,68,6800100,6800100-049,15鄰,大興西路,二段,,,,,59號六樓之4,121.299620568616,25.0109377481553
桃園市桃園區中寧里15鄰大興西路二段59號九樓之5,68,6800100,6800100-049,15鄰,大興西路,二段,,,,,59號九樓之5,121.299620568616,25.0109377481553
桃園市桃園區中寧里15鄰大興西路二段59之1號十一樓之4,68,6800100,6800100-049,15鄰,大興西路,二段,,,,,59之1號十一樓之4,121.299355388808,25.0111211953272
桃園市桃園區中寧里15鄰大興西路二段59號九樓之6,68,6800100,6800100-049,15鄰,大興西路,二段,,,,,59號九樓之6,121.299620568616,25.0109377481553
桃園市桃園區中寧里15鄰大興西路二段59號九樓之8,68,6800100,6800100-049,15鄰,大興西路,二段,,,,,59號九樓之8,121.299620568616,25.0109377481553
桃園市桃園區中寧里15鄰大興西路二段59之1號一樓之3,68,6800100,6800100-049,15鄰,大興西路,二段,,,,,59之1號一樓之3,121.299355388808,25.0111211953272
桃園市桃園區中寧里15鄰大興西路二段59號七樓之6,68,6800100,6800100-049,15鄰,大興西路,二段,,,,,59號七樓之6,121.299620568616,25.0109377481553
桃園市桃園區中寧里15鄰大興西路二段59號九樓之7,68,6800100,6800100-049,15鄰,大興西路,二段,,,,,59號九樓之7,121.299620568616,25.0109377481553
桃園市桃園區中寧里15鄰大興西路二段59之1號三樓之6,68,6800100,6800100-049,15鄰,大興西路,二段,,,,,59之1號三樓之6,121.299355388808,25.0111211953272
桃園市桃園區中寧里15鄰大興西路二段59之1號三樓之8,68,6800100,6800100-049,15鄰,大興西路,二段,,,,,59之1號三樓之8,121.299355388808,25.0111211953272
桃園市桃園區中寧里15鄰大興西路二段59之1號五樓之2,68,6800100,6800100-049,15鄰,大興西路,二段,,,,,59之1號五樓之2,121.299355388808,25.0111211953272
桃園市桃園區中寧里15鄰大興西路二段59之1號五樓之3,68,6800100,6800100-049,15鄰,大興西路,二段,,,,,59之1號五樓之3,121.299355388808,25.0111211953272
桃園市桃園區中寧里15鄰大興西路二段59之1號五樓之4,68,6800100,6800100-049,15鄰,大興西路,二段,,,,,59之1號五樓之4,121.299355388808,25.0111211953272
桃園市桃園區中寧里15鄰大興西路二段59之1號五樓之5,68,6800100,6800100-049,15鄰,大興西路,二段,,,,,59之1號五樓之5,121.299355388808,25.0111211953272
桃園市桃園區中寧里15鄰大興西路二段59之1號五樓之6,68,6800100,6800100-049,15鄰,大興西路,二段,,,,,59之1號五樓之6,121.299355388808,25.0111211953272
桃園市桃園區中寧里15鄰大興西路二段59之1號五樓之7,68,6800100,6800100-049,15鄰,大興西路,二段,,,,,59之1號五樓之7,121.299355388808,25.0111211953272
桃園市桃園區中寧里15鄰大興西路二段59號八樓之2,68,6800100,6800100-049,15鄰,大興西路,二段,,,,,59號八樓之2,121.299620568616,25.0109377481553
桃園市桃園區中寧里15鄰大興西路二段59之1號五樓之8,68,6800100,6800100-049,15鄰,大興西路,二段,,,,,59之1號五樓之8,121.299355388808,25.0111211953272
桃園市桃園區中寧里15鄰大興西路二段59號十一樓之2,68,6800100,6800100-049,15鄰,大興西路,二段,,,,,59號十一樓之2,121.299620568616,25.0109377481553
桃園市桃園區中寧里15鄰大興西路二段59之1號一樓之1,68,6800100,6800100-049,15鄰,大興西路,二段,,,,,59之1號一樓之1,121.299355388808,25.0111211953272
桃園市桃園區中寧里15鄰大興西路二段59之1號一樓之2,68,6800100,6800100-049,15鄰,大興西路,二段,,,,,59之1號一樓之2,121.299355388808,25.0111211953272
桃園市桃園區中寧里15鄰大興西路二段59之1號七樓之1,68,6800100,6800100-049,15鄰,大興西路,二段,,,,,59之1號七樓之1,121.299355388808,25.0111211953272
桃園市桃園區中寧里15鄰大興西路二段59之1號二樓之4,68,6800100,6800100-049,15鄰,大興西路,二段,,,,,59之1號二樓之4,121.299355388808,25.0111211953272
桃園市桃園區中寧里15鄰大興西路二段59之1號七樓之2,68,6800100,6800100-049,15鄰,大興西路,二段,,,,,59之1號七樓之2,121.299355388808,25.0111211953272
桃園市桃園區中寧里15鄰大興西路二段59之1號七樓之3,68,6800100,6800100-049,15鄰,大興西路,二段,,,,,59之1號七樓之3,121.299355388808,25.0111211953272
桃園市桃園區中寧里15鄰大興西路二段59之1號二樓之6,68,6800100,6800100-049,15鄰,大興西路,二段,,,,,59之1號二樓之6,121.299355388808,25.0111211953272
桃園市桃園區中寧里15鄰大興西路二段59號十一樓之3,68,6800100,6800100-049,15鄰,大興西路,二段,,,,,59號十一樓之3,121.299620568616,25.0109377481553
桃園市桃園區中寧里15鄰大興西路二段59號十一樓之4,68,6800100,6800100-049,15鄰,大興西路,二段,,,,,59號十一樓之4,121.299620568616,25.0109377481553
桃園市桃園區中寧里15鄰大興西路二段59號十樓之1,68,6800100,6800100-049,15鄰,大興西路,二段,,,,,59號十樓之1,121.299620568616,25.0109377481553
桃園市桃園區中寧里15鄰大興西路二段59號十樓之2,68,6800100,6800100-049,15鄰,大興西路,二段,,,,,59號十樓之2,121.299620568616,25.0109377481553
桃園市桃園區中寧里15鄰大興西路二段59號十樓之3,68,6800100,6800100-049,15鄰,大興西路,二段,,,,,59號十樓之3,121.299620568616,25.0109377481553
桃園市桃園區中寧里15鄰大興西路二段59號十樓之4,68,6800100,6800100-049,15鄰,大興西路,二段,,,,,59號十樓之4,121.299620568616,25.0109377481553
桃園市桃園區中寧里15鄰大興西路二段59號十樓之5,68,6800100,6800100-049,15鄰,大興西路,二段,,,,,59號十樓之5,121.299620568616,25.0109377481553
桃園市桃園區中寧里15鄰大興西路二段59號十樓之6,68,6800100,6800100-049,15鄰,大興西路,二段,,,,,59號十樓之6,121.299620568616,25.0109377481553
桃園市桃園區中寧里15鄰大興西路二段59號十樓之8,68,6800100,6800100-049,15鄰,大興西路,二段,,,,,59號十樓之8,121.299620568616,25.0109377481553
桃園市桃園區中寧里15鄰大興西路二段59號三樓之1,68,6800100,6800100-049,15鄰,大興西路,二段,,,,,59號三樓之1,121.299620568616,25.0109377481553
桃園市桃園區中寧里15鄰大興西路二段59號三樓之2,68,6800100,6800100-049,15鄰,大興西路,二段,,,,,59號三樓之2,121.299620568616,25.0109377481553
桃園市桃園區中寧里15鄰大興西路二段59之1號二樓之7,68,6800100,6800100-049,15鄰,大興西路,二段,,,,,59之1號二樓之7,121.299355388808,25.0111211953272
桃園市桃園區中寧里15鄰大興西路二段59之1號二樓之8,68,6800100,6800100-049,15鄰,大興西路,二段,,,,,59之1號二樓之8,121.299355388808,25.0111211953272
桃園市桃園區中寧里15鄰大興西路二段59之1號八樓之1,68,6800100,6800100-049,15鄰,大興西路,二段,,,,,59之1號八樓之1,121.299355388808,25.0111211953272
桃園市桃園區中寧里15鄰大興西路二段59之1號六樓之4,68,6800100,6800100-049,15鄰,大興西路,二段,,,,,59之1號六樓之4,121.299355388808,25.0111211953272
桃園市桃園區中寧里15鄰大興西路二段59號三樓之3,68,6800100,6800100-049,15鄰,大興西路,二段,,,,,59號三樓之3,121.299620568616,25.0109377481553
桃園市桃園區中寧里15鄰大興西路二段59之1號六樓之5,68,6800100,6800100-049,15鄰,大興西路,二段,,,,,59之1號六樓之5,121.299355388808,25.0111211953272
桃園市桃園區中寧里15鄰大興西路二段59之1號六樓之6,68,6800100,6800100-049,15鄰,大興西路,二段,,,,,59之1號六樓之6,121.299355388808,25.0111211953272
桃園市桃園區中寧里15鄰大興西路二段59號十樓之7,68,6800100,6800100-049,15鄰,大興西路,二段,,,,,59號十樓之7,121.299620568616,25.0109377481553
桃園市桃園區中寧里15鄰大興西路二段59號四樓之4,68,6800100,6800100-049,15鄰,大興西路,二段,,,,,59號四樓之4,121.299620568616,25.0109377481553
桃園市桃園區中寧里15鄰大興西路二段59之1號六樓之8,68,6800100,6800100-049,15鄰,大興西路,二段,,,,,59之1號六樓之8,121.299355388808,25.0111211953272
桃園市桃園區中寧里15鄰大興西路二段59之1號二樓之5,68,6800100,6800100-049,15鄰,大興西路,二段,,,,,59之1號二樓之5,121.299355388808,25.0111211953272
桃園市桃園區中寧里15鄰大興西路二段59之1號十樓之3,68,6800100,6800100-049,15鄰,大興西路,二段,,,,,59之1號十樓之3,121.299355388808,25.0111211953272
桃園市桃園區中寧里15鄰大興西路二段59之1號四樓之1,68,6800100,6800100-049,15鄰,大興西路,二段,,,,,59之1號四樓之1,121.299355388808,25.0111211953272
桃園市桃園區中寧里15鄰大興西路二段59之1號十樓之4,68,6800100,6800100-049,15鄰,大興西路,二段,,,,,59之1號十樓之4,121.299355388808,25.0111211953272
桃園市桃園區中寧里15鄰大興西路二段59之1號四樓之2,68,6800100,6800100-049,15鄰,大興西路,二段,,,,,59之1號四樓之2,121.299355388808,25.0111211953272
桃園市桃園區中寧里15鄰大興西路二段59之1號四樓之3,68,6800100,6800100-049,15鄰,大興西路,二段,,,,,59之1號四樓之3,121.299355388808,25.0111211953272
桃園市桃園區中寧里15鄰大興西路二段59之1號四樓之4,68,6800100,6800100-049,15鄰,大興西路,二段,,,,,59之1號四樓之4,121.299355388808,25.0111211953272
桃園市桃園區中寧里14鄰大興西路二段61號六樓,68,6800100,6800100-049,14鄰,大興西路,二段,,,,,61號六樓,121.298807694975,25.0114089449885
桃園市桃園區中寧里14鄰大興西路二段61號七樓,68,6800100,6800100-049,14鄰,大興西路,二段,,,,,61號七樓,121.298807694975,25.0114089449885
桃園市桃園區中寧里14鄰大興西路二段61號十七樓,68,6800100,6800100-049,14鄰,大興西路,二段,,,,,61號十七樓,121.298807694975,25.0114089449885
桃園市桃園區中寧里14鄰大興西路二段61號十八樓,68,6800100,6800100-049,14鄰,大興西路,二段,,,,,61號十八樓,121.298807694975,25.0114089449885
桃園市桃園區中寧里14鄰大興西路二段61號一樓,68,6800100,6800100-049,14鄰,大興西路,二段,,,,,61號一樓,121.298805294199,25.0113994701084
桃園市桃園區中寧里14鄰大興西路二段61號二樓,68,6800100,6800100-049,14鄰,大興西路,二段,,,,,61號二樓,121.298807694975,25.0114089449885
桃園市桃園區中寧里14鄰大興西路二段61號三樓,68,6800100,6800100-049,14鄰,大興西路,二段,,,,,61號三樓,121.298807694975,25.0114089449885
桃園市桃園區中寧里14鄰大興西路二段61號四樓,68,6800100,6800100-049,14鄰,大興西路,二段,,,,,61號四樓,121.298807694975,25.0114089449885
桃園市桃園區中寧里14鄰大興西路二段61號五樓,68,6800100,6800100-049,14鄰,大興西路,二段,,,,,61號五樓,121.298807694975,25.0114089449885
桃園市桃園區中寧里14鄰大興西路二段61號八樓,68,6800100,6800100-049,14鄰,大興西路,二段,,,,,61號八樓,121.298807694975,25.0114089449885
桃園市桃園區中寧里14鄰大興西路二段61號九樓,68,6800100,6800100-049,14鄰,大興西路,二段,,,,,61號九樓,121.298807694975,25.0114089449885
桃園市桃園區中寧里14鄰大興西路二段61號十樓,68,6800100,6800100-049,14鄰,大興西路,二段,,,,,61號十樓,121.298807694975,25.0114089449885
桃園市桃園區中寧里14鄰大興西路二段61號十一樓,68,6800100,6800100-049,14鄰,大興西路,二段,,,,,61號十一樓,121.298807694975,25.0114089449885
桃園市桃園區中寧里14鄰大興西路二段61號十二樓,68,6800100,6800100-049,14鄰,大興西路,二段,,,,,61號十二樓,121.298807694975,25.0114089449885
桃園市桃園區中寧里14鄰大興西路二段61號十三樓,68,6800100,6800100-049,14鄰,大興西路,二段,,,,,61號十三樓,121.298807694975,25.0114089449885
桃園市桃園區中寧里14鄰大興西路二段61號十四樓,68,6800100,6800100-049,14鄰,大興西路,二段,,,,,61號十四樓,121.298807694975,25.0114089449885
桃園市桃園區中寧里14鄰大興西路二段61號十五樓,68,6800100,6800100-049,14鄰,大興西路,二段,,,,,61號十五樓,121.298807694975,25.0114089449885
桃園市桃園區中寧里14鄰大興西路二段61號十六樓,68,6800100,6800100-049,14鄰,大興西路,二段,,,,,61號十六樓,121.298807694975,25.0114089449885
桃園市桃園區中寧里14鄰大興西路二段63號十八樓,68,6800100,6800100-049,14鄰,大興西路,二段,,,,,63號十八樓,121.298715963113,25.0113735578141
桃園市桃園區中寧里14鄰大興西路二段63號一樓,68,6800100,6800100-049,14鄰,大興西路,二段,,,,,63號一樓,121.298715950227,25.0113682311491
桃園市桃園區中寧里14鄰大興西路二段63號三樓,68,6800100,6800100-049,14鄰,大興西路,二段,,,,,63號三樓,121.298715963113,25.0113735578141
桃園市桃園區中寧里14鄰大興西路二段63號四樓,68,6800100,6800100-049,14鄰,大興西路,二段,,,,,63號四樓,121.298715963113,25.0113735578141
桃園市桃園區中寧里14鄰大興西路二段63號五樓,68,6800100,6800100-049,14鄰,大興西路,二段,,,,,63號五樓,121.298715963113,25.0113735578141
桃園市桃園區中寧里14鄰大興西路二段63號六樓,68,6800100,6800100-049,14鄰,大興西路,二段,,,,,63號六樓,121.298715963113,25.0113735578141
桃園市桃園區中寧里14鄰大興西路二段63號七樓,68,6800100,6800100-049,14鄰,大興西路,二段,,,,,63號七樓,121.298715963113,25.0113735578141
桃園市桃園區中寧里14鄰大興西路二段63號八樓,68,6800100,6800100-049,14鄰,大興西路,二段,,,,,63號八樓,121.298715963113,25.0113735578141
桃園市桃園區中寧里14鄰大興西路二段63號九樓,68,6800100,6800100-049,14鄰,大興西路,二段,,,,,63號九樓,121.298715963113,25.0113735578141
桃園市桃園區中寧里14鄰大興西路二段63號十樓,68,6800100,6800100-049,14鄰,大興西路,二段,,,,,63號十樓,121.298715963113,25.0113735578141
桃園市桃園區中寧里14鄰大興西路二段63號十一樓,68,6800100,6800100-049,14鄰,大興西路,二段,,,,,63號十一樓,121.298715963113,25.0113735578141
桃園市桃園區中寧里14鄰大興西路二段63號十三樓,68,6800100,6800100-049,14鄰,大興西路,二段,,,,,63號十三樓,121.298715963113,25.0113735578141
桃園市桃園區中寧里14鄰大興西路二段63號十四樓,68,6800100,6800100-049,14鄰,大興西路,二段,,,,,63號十四樓,121.298715963113,25.0113735578141
桃園市桃園區中寧里14鄰大興西路二段63號十五樓,68,6800100,6800100-049,14鄰,大興西路,二段,,,,,63號十五樓,121.298715963113,25.0113735578141
桃園市桃園區中寧里14鄰大興西路二段63號十七樓,68,6800100,6800100-049,14鄰,大興西路,二段,,,,,63號十七樓,121.298715963113,25.0113735578141
桃園市桃園區中寧里14鄰大興西路二段63號二樓,68,6800100,6800100-049,14鄰,大興西路,二段,,,,,63號二樓,121.298715963113,25.0113735578141
桃園市桃園區中寧里14鄰大興西路二段63號十二樓,68,6800100,6800100-049,14鄰,大興西路,二段,,,,,63號十二樓,121.298715963113,25.0113735578141
桃園市桃園區中寧里14鄰大興西路二段63號十六樓,68,6800100,6800100-049,14鄰,大興西路,二段,,,,,63號十六樓,121.298715963113,25.0113735578141
桃園市桃園區中寧里14鄰大興西路二段65號地下一層之2,68,6800100,6800100-049,14鄰,大興西路,二段,,,,,65號地下一層之2,121.298657911199,25.011335575027
桃園市桃園區中寧里14鄰大興西路二段65號地下一層之3,68,6800100,6800100-049,14鄰,大興西路,二段,,,,,65號地下一層之3,121.298657911199,25.011335575027
桃園市桃園區中寧里14鄰大興西路二段65號一樓,68,6800100,6800100-049,14鄰,大興西路,二段,,,,,65號一樓,121.298657911199,25.011335575027
桃園市桃園區中寧里14鄰大興西路二段65號二樓,68,6800100,6800100-049,14鄰,大興西路,二段,,,,,65號二樓,121.298641261543,25.0113336222393
桃園市桃園區中寧里14鄰大興西路二段65號三樓,68,6800100,6800100-049,14鄰,大興西路,二段,,,,,65號三樓,121.298641261543,25.0113336222393
桃園市桃園區中寧里14鄰大興西路二段65號四樓,68,6800100,6800100-049,14鄰,大興西路,二段,,,,,65號四樓,121.298641261543,25.0113336222393
桃園市桃園區中寧里14鄰大興西路二段65號五樓,68,6800100,6800100-049,14鄰,大興西路,二段,,,,,65號五樓,121.298641261543,25.0113336222393
桃園市桃園區中寧里14鄰大興西路二段65號六樓,68,6800100,6800100-049,14鄰,大興西路,二段,,,,,65號六樓,121.298641261543,25.0113336222393
桃園市桃園區中寧里14鄰大興西路二段65號七樓,68,6800100,6800100-049,14鄰,大興西路,二段,,,,,65號七樓,121.298641261543,25.0113336222393
桃園市桃園區中寧里14鄰大興西路二段65號八樓,68,6800100,6800100-049,14鄰,大興西路,二段,,,,,65號八樓,121.298641261543,25.0113336222393
桃園市桃園區中寧里14鄰大興西路二段65號九樓,68,6800100,6800100-049,14鄰,大興西路,二段,,,,,65號九樓,121.298641261543,25.0113336222393
桃園市桃園區中寧里14鄰大興西路二段65號十一樓,68,6800100,6800100-049,14鄰,大興西路,二段,,,,,65號十一樓,121.298641261543,25.0113336222393
桃園市桃園區中寧里14鄰大興西路二段65號十二樓,68,6800100,6800100-049,14鄰,大興西路,二段,,,,,65號十二樓,121.298641261543,25.0113336222393
桃園市桃園區中寧里14鄰大興西路二段65號十三樓,68,6800100,6800100-049,14鄰,大興西路,二段,,,,,65號十三樓,121.298641261543,25.0113336222393
桃園市桃園區中寧里14鄰大興西路二段65號十四樓,68,6800100,6800100-049,14鄰,大興西路,二段,,,,,65號十四樓,121.298641261543,25.0113336222393
桃園市桃園區中寧里14鄰大興西路二段65號十五樓,68,6800100,6800100-049,14鄰,大興西路,二段,,,,,65號十五樓,121.298641261543,25.0113336222393
桃園市桃園區中寧里14鄰大興西路二段65號十六樓,68,6800100,6800100-049,14鄰,大興西路,二段,,,,,65號十六樓,121.298641261543,25.0113336222393
桃園市桃園區中寧里14鄰大興西路二段65號地下一層之1,68,6800100,6800100-049,14鄰,大興西路,二段,,,,,65號地下一層之1,121.298657911199,25.011335575027
桃園市桃園區中寧里14鄰大興西路二段65號十七樓,68,6800100,6800100-049,14鄰,大興西路,二段,,,,,65號十七樓,121.298641261543,25.0113336222393
桃園市桃園區中寧里14鄰大興西路二段65號十八樓,68,6800100,6800100-049,14鄰,大興西路,二段,,,,,65號十八樓,121.298641261543,25.0113336222393
桃園市桃園區中寧里14鄰大興西路二段65號十樓,68,6800100,6800100-049,14鄰,大興西路,二段,,,,,65號十樓,121.298641261543,25.0113336222393
桃園市桃園區中寧里17鄰大興西路二段67號十二樓之2,68,6800100,6800100-049,17鄰,大興西路,二段,,,,,67號十二樓之2,121.298856297289,25.010899290654
桃園市桃園區中寧里17鄰大興西路二段67號九樓之2,68,6800100,6800100-049,17鄰,大興西路,二段,,,,,67號九樓之2,121.298856297289,25.010899290654
桃園市桃園區中寧里17鄰大興西路二段67號二樓之1,68,6800100,6800100-049,17鄰,大興西路,二段,,,,,67號二樓之1,121.298856297289,25.010899290654
桃園市桃園區中寧里17鄰大興西路二段67號二樓之2,68,6800100,6800100-049,17鄰,大興西路,二段,,,,,67號二樓之2,121.298856297289,25.010899290654
桃園市桃園區中寧里17鄰大興西路二段67號八樓之1,68,6800100,6800100-049,17鄰,大興西路,二段,,,,,67號八樓之1,121.298856297289,25.010899290654
桃園市桃園區中寧里17鄰大興西路二段67號八樓之2,68,6800100,6800100-049,17鄰,大興西路,二段,,,,,67號八樓之2,121.298856297289,25.010899290654
桃園市桃園區中寧里17鄰大興西路二段67號十一樓之1,68,6800100,6800100-049,17鄰,大興西路,二段,,,,,67號十一樓之1,121.298856297289,25.010899290654
桃園市桃園區中寧里17鄰大興西路二段67號十一樓之2,68,6800100,6800100-049,17鄰,大興西路,二段,,,,,67號十一樓之2,121.298856297289,25.010899290654
桃園市桃園區中寧里17鄰大興西路二段67號十二樓之1,68,6800100,6800100-049,17鄰,大興西路,二段,,,,,67號十二樓之1,121.298856297289,25.010899290654
桃園市桃園區中寧里17鄰大興西路二段67號十三樓之1,68,6800100,6800100-049,17鄰,大興西路,二段,,,,,67號十三樓之1,121.298856297289,25.010899290654
桃園市桃園區中寧里17鄰大興西路二段67號十三樓之2,68,6800100,6800100-049,17鄰,大興西路,二段,,,,,67號十三樓之2,121.298856297289,25.010899290654
桃園市桃園區中寧里17鄰大興西路二段67號十五樓之2,68,6800100,6800100-049,17鄰,大興西路,二段,,,,,67號十五樓之2,121.298856297289,25.010899290654
桃園市桃園區中寧里17鄰大興西路二段67號十六樓之1,68,6800100,6800100-049,17鄰,大興西路,二段,,,,,67號十六樓之1,121.298856297289,25.010899290654
桃園市桃園區中寧里17鄰大興西路二段67號十六樓之2,68,6800100,6800100-049,17鄰,大興西路,二段,,,,,67號十六樓之2,121.298856297289,25.010899290654
桃園市桃園區中寧里17鄰大興西路二段67號十四樓之1,68,6800100,6800100-049,17鄰,大興西路,二段,,,,,67號十四樓之1,121.298856297289,25.010899290654
桃園市桃園區中寧里17鄰大興西路二段67號六樓之2,68,6800100,6800100-049,17鄰,大興西路,二段,,,,,67號六樓之2,121.298856297289,25.010899290654
桃園市桃園區中寧里17鄰大興西路二段67號十五樓之1,68,6800100,6800100-049,17鄰,大興西路,二段,,,,,67號十五樓之1,121.298856297289,25.010899290654
桃園市桃園區中寧里17鄰大興西路二段67號一樓之1,68,6800100,6800100-049,17鄰,大興西路,二段,,,,,67號一樓之1,121.298856297289,25.010899290654
桃園市桃園區中寧里17鄰大興西路二段67號一樓之2,68,6800100,6800100-049,17鄰,大興西路,二段,,,,,67號一樓之2,121.298856297289,25.010899290654
桃園市桃園區中寧里17鄰大興西路二段67號七樓之1,68,6800100,6800100-049,17鄰,大興西路,二段,,,,,67號七樓之1,121.298856297289,25.010899290654
桃園市桃園區中寧里17鄰大興西路二段67號七樓之2,68,6800100,6800100-049,17鄰,大興西路,二段,,,,,67號七樓之2,121.298856297289,25.010899290654
桃園市桃園區中寧里17鄰大興西路二段67號九樓之1,68,6800100,6800100-049,17鄰,大興西路,二段,,,,,67號九樓之1,121.298856297289,25.010899290654
桃園市桃園區中寧里17鄰大興西路二段67號十四樓之2,68,6800100,6800100-049,17鄰,大興西路,二段,,,,,67號十四樓之2,121.298856297289,25.010899290654
桃園市桃園區中寧里17鄰大興西路二段67號十樓之1,68,6800100,6800100-049,17鄰,大興西路,二段,,,,,67號十樓之1,121.298856297289,25.010899290654
桃園市桃園區中寧里17鄰大興西路二段67號十樓之2,68,6800100,6800100-049,17鄰,大興西路,二段,,,,,67號十樓之2,121.298856297289,25.010899290654
桃園市桃園區中寧里17鄰大興西路二段67號三樓之1,68,6800100,6800100-049,17鄰,大興西路,二段,,,,,67號三樓之1,121.298856297289,25.010899290654
桃園市桃園區中寧里17鄰大興西路二段67號三樓之2,68,6800100,6800100-049,17鄰,大興西路,二段,,,,,67號三樓之2,121.298856297289,25.010899290654
桃園市桃園區中寧里17鄰大興西路二段67號五樓之1,68,6800100,6800100-049,17鄰,大興西路,二段,,,,,67號五樓之1,121.298856297289,25.010899290654
桃園市桃園區中寧里17鄰大興西路二段67號五樓之2,68,6800100,6800100-049,17鄰,大興西路,二段,,,,,67號五樓之2,121.298856297289,25.010899290654
桃園市桃園區中寧里17鄰大興西路二段67號六樓之1,68,6800100,6800100-049,17鄰,大興西路,二段,,,,,67號六樓之1,121.298856297289,25.010899290654
桃園市桃園區中寧里17鄰大興西路二段67號四樓之1,68,6800100,6800100-049,17鄰,大興西路,二段,,,,,67號四樓之1,121.298856297289,25.010899290654
桃園市桃園區中寧里17鄰大興西路二段67號四樓之2,68,6800100,6800100-049,17鄰,大興西路,二段,,,,,67號四樓之2,121.298856297289,25.010899290654
桃園市桃園區中寧里17鄰大興西路二段69巷1號,68,6800100,6800100-049,17鄰,大興西路,二段,69巷,,,,1號,121.298682063837,25.0112035329254
桃園市桃園區中寧里17鄰大興西路二段69巷2號,68,6800100,6800100-049,17鄰,大興西路,二段,69巷,,,,2號,121.298453310859,25.0111689624162
桃園市桃園區中寧里17鄰大興西路二段69巷3號,68,6800100,6800100-049,17鄰,大興西路,二段,69巷,,,,3號,121.298696728604,25.0111631470165
桃園市桃園區中寧里17鄰大興西路二段69巷5號,68,6800100,6800100-049,17鄰,大興西路,二段,69巷,,,,5號,121.298995995906,25.0107767668072
桃園市桃園區中寧里17鄰大興西路二段69巷7號,68,6800100,6800100-049,17鄰,大興西路,二段,69巷,,,,7號,121.29902115274,25.0107322970399
桃園市桃園區中寧里17鄰大興西路二段69巷12號,68,6800100,6800100-049,17鄰,大興西路,二段,69巷,,,,12號,121.29839486246,25.0107618135334
桃園市桃園區中寧里17鄰大興西路二段69巷13號,68,6800100,6800100-049,17鄰,大興西路,二段,69巷,,,,13號,121.299089706583,25.0106884622608
桃園市桃園區中寧里17鄰大興西路二段69巷17號,68,6800100,6800100-049,17鄰,大興西路,二段,69巷,,,,17號,121.299125723481,25.0105054766615
桃園市桃園區中寧里17鄰大興西路二段69巷21號,68,6800100,6800100-049,17鄰,大興西路,二段,69巷,,,,21號,121.299148242792,25.010394744525
桃園市桃園區中寧里17鄰大興西路二段69巷23號,68,6800100,6800100-049,17鄰,大興西路,二段,69巷,,,,23號,121.299108259088,25.0103307240843
桃園市桃園區中寧里17鄰大興西路二段69巷26號,68,6800100,6800100-049,17鄰,大興西路,二段,69巷,,,,26號,121.298839634757,25.0104825782584
桃園市桃園區中寧里24鄰大興西路二段69巷62號二樓,68,6800100,6800100-049,24鄰,大興西路,二段,69巷,,,,62號二樓,121.299094466727,25.0096676238509
桃園市桃園區中寧里24鄰大興西路二段69巷62號十一樓,68,6800100,6800100-049,24鄰,大興西路,二段,69巷,,,,62號十一樓,121.299094466727,25.0096676238509
桃園市桃園區中寧里24鄰大興西路二段69巷62號十二樓,68,6800100,6800100-049,24鄰,大興西路,二段,69巷,,,,62號十二樓,121.299094466727,25.0096676238509
桃園市桃園區中寧里24鄰大興西路二段69巷62號十三樓,68,6800100,6800100-049,24鄰,大興西路,二段,69巷,,,,62號十三樓,121.299094466727,25.0096676238509
桃園市桃園區中寧里24鄰大興西路二段69巷62號十四樓,68,6800100,6800100-049,24鄰,大興西路,二段,69巷,,,,62號十四樓,121.299094466727,25.0096676238509
桃園市桃園區中寧里24鄰大興西路二段69巷62號十五樓,68,6800100,6800100-049,24鄰,大興西路,二段,69巷,,,,62號十五樓,121.299094466727,25.0096676238509
桃園市桃園區中寧里24鄰大興西路二段69巷62號九樓,68,6800100,6800100-049,24鄰,大興西路,二段,69巷,,,,62號九樓,121.299094466727,25.0096676238509
桃園市桃園區中寧里24鄰大興西路二段69巷62號三樓,68,6800100,6800100-049,24鄰,大興西路,二段,69巷,,,,62號三樓,121.299094466727,25.0096676238509
桃園市桃園區中寧里24鄰大興西路二段69巷62號四樓,68,6800100,6800100-049,24鄰,大興西路,二段,69巷,,,,62號四樓,121.299094466727,25.0096676238509
桃園市桃園區中寧里24鄰大興西路二段69巷62號五樓,68,6800100,6800100-049,24鄰,大興西路,二段,69巷,,,,62號五樓,121.299094466727,25.0096676238509
桃園市桃園區中寧里24鄰大興西路二段69巷62號六樓,68,6800100,6800100-049,24鄰,大興西路,二段,69巷,,,,62號六樓,121.299094466727,25.0096676238509
桃園市桃園區中寧里24鄰大興西路二段69巷62號七樓,68,6800100,6800100-049,24鄰,大興西路,二段,69巷,,,,62號七樓,121.299094466727,25.0096676238509
桃園市桃園區中寧里24鄰大興西路二段69巷62號八樓,68,6800100,6800100-049,24鄰,大興西路,二段,69巷,,,,62號八樓,121.299094466727,25.0096676238509
桃園市桃園區中寧里24鄰大興西路二段69巷62號十樓,68,6800100,6800100-049,24鄰,大興西路,二段,69巷,,,,62號十樓,121.299094466727,25.0096676238509
桃園市桃園區中寧里24鄰大興西路二段69巷66號,68,6800100,6800100-049,24鄰,大興西路,二段,69巷,,,,66號,121.299041341633,25.0097000519644
桃園市桃園區中寧里24鄰大興西路二段69巷66號三樓,68,6800100,6800100-049,24鄰,大興西路,二段,69巷,,,,66號三樓,121.299041341633,25.0097000519644
桃園市桃園區中寧里24鄰大興西路二段69巷66號四樓,68,6800100,6800100-049,24鄰,大興西路,二段,69巷,,,,66號四樓,121.299041341633,25.0097000519644
桃園市桃園區中寧里24鄰大興西路二段69巷66號五樓,68,6800100,6800100-049,24鄰,大興西路,二段,69巷,,,,66號五樓,121.299041341633,25.0097000519644
桃園市桃園區中寧里24鄰大興西路二段69巷66號六樓,68,6800100,6800100-049,24鄰,大興西路,二段,69巷,,,,66號六樓,121.299041341633,25.0097000519644
桃園市桃園區中寧里24鄰大興西路二段69巷66號八樓,68,6800100,6800100-049,24鄰,大興西路,二段,69巷,,,,66號八樓,121.299041341633,25.0097000519644
桃園市桃園區中寧里24鄰大興西路二段69巷66號二樓,68,6800100,6800100-049,24鄰,大興西路,二段,69巷,,,,66號二樓,121.299041341633,25.0097000519644
桃園市桃園區中寧里24鄰大興西路二段69巷66號七樓,68,6800100,6800100-049,24鄰,大興西路,二段,69巷,,,,66號七樓,121.299041341633,25.0097000519644
桃園市桃園區中寧里24鄰大興西路二段69巷66號九樓,68,6800100,6800100-049,24鄰,大興西路,二段,69巷,,,,66號九樓,121.299041341633,25.0097000519644
桃園市桃園區中寧里24鄰大興西路二段69巷66號十樓,68,6800100,6800100-049,24鄰,大興西路,二段,69巷,,,,66號十樓,121.299041341633,25.0097000519644
桃園市桃園區中寧里24鄰大興西路二段69巷66號十一樓,68,6800100,6800100-049,24鄰,大興西路,二段,69巷,,,,66號十一樓,121.299041341633,25.0097000519644
桃園市桃園區中寧里24鄰大興西路二段69巷66號十二樓,68,6800100,6800100-049,24鄰,大興西路,二段,69巷,,,,66號十二樓,121.299041341633,25.0097000519644
桃園市桃園區中寧里24鄰大興西路二段69巷66號十三樓,68,6800100,6800100-049,24鄰,大興西路,二段,69巷,,,,66號十三樓,121.299041341633,25.0097000519644
桃園市桃園區中寧里24鄰大興西路二段69巷66號十四樓,68,6800100,6800100-049,24鄰,大興西路,二段,69巷,,,,66號十四樓,121.299041341633,25.0097000519644
桃園市桃園區中寧里24鄰大興西路二段69巷66號十五樓,68,6800100,6800100-049,24鄰,大興西路,二段,69巷,,,,66號十五樓,121.299041341633,25.0097000519644
桃園市桃園區中寧里24鄰大興西路二段69巷68號九樓,68,6800100,6800100-049,24鄰,大興西路,二段,69巷,,,,68號九樓,121.29898813055,25.0097378972068
桃園市桃園區中寧里24鄰大興西路二段69巷68號十樓,68,6800100,6800100-049,24鄰,大興西路,二段,69巷,,,,68號十樓,121.29898813055,25.0097378972068
桃園市桃園區中寧里24鄰大興西路二段69巷68號十二樓,68,6800100,6800100-049,24鄰,大興西路,二段,69巷,,,,68號十二樓,121.29898813055,25.0097378972068
桃園市桃園區中寧里24鄰大興西路二段69巷68號二樓,68,6800100,6800100-049,24鄰,大興西路,二段,69巷,,,,68號二樓,121.29898813055,25.0097378972068
桃園市桃園區中寧里24鄰大興西路二段69巷68號三樓,68,6800100,6800100-049,24鄰,大興西路,二段,69巷,,,,68號三樓,121.29898813055,25.0097378972068
桃園市桃園區中寧里24鄰大興西路二段69巷68號四樓,68,6800100,6800100-049,24鄰,大興西路,二段,69巷,,,,68號四樓,121.29898813055,25.0097378972068
桃園市桃園區中寧里24鄰大興西路二段69巷68號五樓,68,6800100,6800100-049,24鄰,大興西路,二段,69巷,,,,68號五樓,121.29898813055,25.0097378972068
桃園市桃園區中寧里24鄰大興西路二段69巷68號六樓,68,6800100,6800100-049,24鄰,大興西路,二段,69巷,,,,68號六樓,121.29898813055,25.0097378972068
桃園市桃園區中寧里24鄰大興西路二段69巷68號七樓,68,6800100,6800100-049,24鄰,大興西路,二段,69巷,,,,68號七樓,121.29898813055,25.0097378972068
桃園市桃園區中寧里24鄰大興西路二段69巷68號八樓,68,6800100,6800100-049,24鄰,大興西路,二段,69巷,,,,68號八樓,121.29898813055,25.0097378972068
桃園市桃園區中寧里24鄰大興西路二段69巷68號十三樓,68,6800100,6800100-049,24鄰,大興西路,二段,69巷,,,,68號十三樓,121.29898813055,25.0097378972068
桃園市桃園區中寧里24鄰大興西路二段69巷68號十四樓,68,6800100,6800100-049,24鄰,大興西路,二段,69巷,,,,68號十四樓,121.29898813055,25.0097378972068
桃園市桃園區中寧里24鄰大興西路二段69巷68號十五樓,68,6800100,6800100-049,24鄰,大興西路,二段,69巷,,,,68號十五樓,121.29898813055,25.0097378972068
桃園市桃園區中寧里24鄰大興西路二段69巷68號十一樓,68,6800100,6800100-049,24鄰,大興西路,二段,69巷,,,,68號十一樓,121.29898813055,25.0097378972068
桃園市桃園區中寧里24鄰大興西路二段69巷70號十樓,68,6800100,6800100-049,24鄰,大興西路,二段,69巷,,,,70號十樓,121.298943915612,25.0097675988852
桃園市桃園區中寧里24鄰大興西路二段69巷70號十一樓,68,6800100,6800100-049,24鄰,大興西路,二段,69巷,,,,70號十一樓,121.298943915612,25.0097675988852
桃園市桃園區中寧里24鄰大興西路二段69巷70號十二樓,68,6800100,6800100-049,24鄰,大興西路,二段,69巷,,,,70號十二樓,121.298943915612,25.0097675988852
桃園市桃園區中寧里24鄰大興西路二段69巷70號十三樓,68,6800100,6800100-049,24鄰,大興西路,二段,69巷,,,,70號十三樓,121.298943915612,25.0097675988852
桃園市桃園區中寧里24鄰大興西路二段69巷70號十四樓,68,6800100,6800100-049,24鄰,大興西路,二段,69巷,,,,70號十四樓,121.298943915612,25.0097675988852
桃園市桃園區中寧里24鄰大興西路二段69巷70號十五樓,68,6800100,6800100-049,24鄰,大興西路,二段,69巷,,,,70號十五樓,121.298943915612,25.0097675988852
桃園市桃園區中寧里24鄰大興西路二段69巷70號三樓,68,6800100,6800100-049,24鄰,大興西路,二段,69巷,,,,70號三樓,121.298943915612,25.0097675988852
桃園市桃園區中寧里24鄰大興西路二段69巷70號四樓,68,6800100,6800100-049,24鄰,大興西路,二段,69巷,,,,70號四樓,121.298943915612,25.0097675988852
桃園市桃園區中寧里24鄰大興西路二段69巷70號五樓,68,6800100,6800100-049,24鄰,大興西路,二段,69巷,,,,70號五樓,121.298943915612,25.0097675988852
桃園市桃園區中寧里24鄰大興西路二段69巷70號六樓,68,6800100,6800100-049,24鄰,大興西路,二段,69巷,,,,70號六樓,121.298943915612,25.0097675988852
桃園市桃園區中寧里24鄰大興西路二段69巷70號七樓,68,6800100,6800100-049,24鄰,大興西路,二段,69巷,,,,70號七樓,121.298943915612,25.0097675988852
桃園市桃園區中寧里24鄰大興西路二段69巷70號八樓,68,6800100,6800100-049,24鄰,大興西路,二段,69巷,,,,70號八樓,121.298943915612,25.0097675988852
桃園市桃園區中寧里24鄰大興西路二段69巷70號九樓,68,6800100,6800100-049,24鄰,大興西路,二段,69巷,,,,70號九樓,121.298943915612,25.0097675988852
桃園市桃園區中寧里24鄰大興西路二段69巷70號二樓,68,6800100,6800100-049,24鄰,大興西路,二段,69巷,,,,70號二樓,121.298943915612,25.0097675988852
桃園市桃園區中寧里24鄰大興西路二段69巷72號二樓,68,6800100,6800100-049,24鄰,大興西路,二段,69巷,,,,72號二樓,121.298911157279,25.0097004942409
桃園市桃園區中寧里24鄰大興西路二段69巷72號三樓,68,6800100,6800100-049,24鄰,大興西路,二段,69巷,,,,72號三樓,121.298911157279,25.0097004942409
桃園市桃園區中寧里24鄰大興西路二段69巷72號四樓,68,6800100,6800100-049,24鄰,大興西路,二段,69巷,,,,72號四樓,121.298911157279,25.0097004942409
桃園市桃園區中寧里24鄰大興西路二段69巷72號十四樓,68,6800100,6800100-049,24鄰,大興西路,二段,69巷,,,,72號十四樓,121.298911157279,25.0097004942409
桃園市桃園區中寧里24鄰大興西路二段69巷72號十五樓,68,6800100,6800100-049,24鄰,大興西路,二段,69巷,,,,72號十五樓,121.298911157279,25.0097004942409
桃園市桃園區中寧里24鄰大興西路二段69巷72號八樓,68,6800100,6800100-049,24鄰,大興西路,二段,69巷,,,,72號八樓,121.298911157279,25.0097004942409
桃園市桃園區中寧里24鄰大興西路二段69巷72號五樓,68,6800100,6800100-049,24鄰,大興西路,二段,69巷,,,,72號五樓,121.298911157279,25.0097004942409
桃園市桃園區中寧里24鄰大興西路二段69巷72號六樓,68,6800100,6800100-049,24鄰,大興西路,二段,69巷,,,,72號六樓,121.298911157279,25.0097004942409
桃園市桃園區中寧里24鄰大興西路二段69巷72號七樓,68,6800100,6800100-049,24鄰,大興西路,二段,69巷,,,,72號七樓,121.298911157279,25.0097004942409
桃園市桃園區中寧里24鄰大興西路二段69巷72號九樓,68,6800100,6800100-049,24鄰,大興西路,二段,69巷,,,,72號九樓,121.298911157279,25.0097004942409
桃園市桃園區中寧里24鄰大興西路二段69巷72號十樓,68,6800100,6800100-049,24鄰,大興西路,二段,69巷,,,,72號十樓,121.298911157279,25.0097004942409
桃園市桃園區中寧里24鄰大興西路二段69巷72號十一樓,68,6800100,6800100-049,24鄰,大興西路,二段,69巷,,,,72號十一樓,121.298911157279,25.0097004942409
桃園市桃園區中寧里24鄰大興西路二段69巷72號十二樓,68,6800100,6800100-049,24鄰,大興西路,二段,69巷,,,,72號十二樓,121.298911157279,25.0097004942409
桃園市桃園區中寧里24鄰大興西路二段69巷72號十三樓,68,6800100,6800100-049,24鄰,大興西路,二段,69巷,,,,72號十三樓,121.298911157279,25.0097004942409
桃園市桃園區中寧里24鄰大興西路二段69巷76號十四樓,68,6800100,6800100-049,24鄰,大興西路,二段,69巷,,,,76號十四樓,121.299002822425,25.0096678984114
桃園市桃園區中寧里24鄰大興西路二段69巷76號十五樓,68,6800100,6800100-049,24鄰,大興西路,二段,69巷,,,,76號十五樓,121.299002822425,25.0096678984114
桃園市桃園區中寧里24鄰大興西路二段69巷76號七樓,68,6800100,6800100-049,24鄰,大興西路,二段,69巷,,,,76號七樓,121.299002822425,25.0096678984114
桃園市桃園區中寧里24鄰大興西路二段69巷76號八樓,68,6800100,6800100-049,24鄰,大興西路,二段,69巷,,,,76號八樓,121.299002822425,25.0096678984114
桃園市桃園區中寧里24鄰大興西路二段69巷76號九樓,68,6800100,6800100-049,24鄰,大興西路,二段,69巷,,,,76號九樓,121.299002822425,25.0096678984114
桃園市桃園區中寧里24鄰大興西路二段69巷76號十樓,68,6800100,6800100-049,24鄰,大興西路,二段,69巷,,,,76號十樓,121.299002822425,25.0096678984114
桃園市桃園區中寧里24鄰大興西路二段69巷76號十一樓,68,6800100,6800100-049,24鄰,大興西路,二段,69巷,,,,76號十一樓,121.299002822425,25.0096678984114
桃園市桃園區中寧里24鄰大興西路二段69巷76號十二樓,68,6800100,6800100-049,24鄰,大興西路,二段,69巷,,,,76號十二樓,121.299002822425,25.0096678984114
桃園市桃園區中寧里24鄰大興西路二段69巷76號十三樓,68,6800100,6800100-049,24鄰,大興西路,二段,69巷,,,,76號十三樓,121.299002822425,25.0096678984114
桃園市桃園區中寧里24鄰大興西路二段69巷76號二樓,68,6800100,6800100-049,24鄰,大興西路,二段,69巷,,,,76號二樓,121.299002822425,25.0096678984114
桃園市桃園區中寧里24鄰大興西路二段69巷76號三樓,68,6800100,6800100-049,24鄰,大興西路,二段,69巷,,,,76號三樓,121.299002822425,25.0096678984114
桃園市桃園區中寧里24鄰大興西路二段69巷76號四樓,68,6800100,6800100-049,24鄰,大興西路,二段,69巷,,,,76號四樓,121.299002822425,25.0096678984114
桃園市桃園區中寧里24鄰大興西路二段69巷76號五樓,68,6800100,6800100-049,24鄰,大興西路,二段,69巷,,,,76號五樓,121.299002822425,25.0096678984114
桃園市桃園區中寧里24鄰大興西路二段69巷76號六樓,68,6800100,6800100-049,24鄰,大興西路,二段,69巷,,,,76號六樓,121.299002822425,25.0096678984114
桃園市桃園區中寧里24鄰大興西路二段69巷78號三樓,68,6800100,6800100-049,24鄰,大興西路,二段,69巷,,,,78號三樓,121.299044256255,25.0095944150941
桃園市桃園區中寧里24鄰大興西路二段69巷78號四樓,68,6800100,6800100-049,24鄰,大興西路,二段,69巷,,,,78號四樓,121.299044256255,25.0095944150941
桃園市桃園區中寧里24鄰大興西路二段69巷78號五樓,68,6800100,6800100-049,24鄰,大興西路,二段,69巷,,,,78號五樓,121.299044256255,25.0095944150941
桃園市桃園區中寧里24鄰大興西路二段69巷78號六樓,68,6800100,6800100-049,24鄰,大興西路,二段,69巷,,,,78號六樓,121.299044256255,25.0095944150941
桃園市桃園區中寧里24鄰大興西路二段69巷78號七樓,68,6800100,6800100-049,24鄰,大興西路,二段,69巷,,,,78號七樓,121.299044256255,25.0095944150941
桃園市桃園區中寧里24鄰大興西路二段69巷78號九樓,68,6800100,6800100-049,24鄰,大興西路,二段,69巷,,,,78號九樓,121.299044256255,25.0095944150941
桃園市桃園區中寧里24鄰大興西路二段69巷78號八樓,68,6800100,6800100-049,24鄰,大興西路,二段,69巷,,,,78號八樓,121.299044256255,25.0095944150941
桃園市桃園區中寧里24鄰大興西路二段69巷78號十樓,68,6800100,6800100-049,24鄰,大興西路,二段,69巷,,,,78號十樓,121.299044256255,25.0095944150941
桃園市桃園區中寧里24鄰大興西路二段69巷78號十一樓,68,6800100,6800100-049,24鄰,大興西路,二段,69巷,,,,78號十一樓,121.299044256255,25.0095944150941
桃園市桃園區中寧里24鄰大興西路二段69巷78號二樓,68,6800100,6800100-049,24鄰,大興西路,二段,69巷,,,,78號二樓,121.299044256255,25.0095944150941
桃園市桃園區中寧里24鄰大興西路二段69巷78號十二樓,68,6800100,6800100-049,24鄰,大興西路,二段,69巷,,,,78號十二樓,121.299044256255,25.0095944150941
桃園市桃園區中寧里24鄰大興西路二段69巷78號十三樓,68,6800100,6800100-049,24鄰,大興西路,二段,69巷,,,,78號十三樓,121.299044256255,25.0095944150941
桃園市桃園區中寧里24鄰大興西路二段69巷78號十四樓,68,6800100,6800100-049,24鄰,大興西路,二段,69巷,,,,78號十四樓,121.299044256255,25.0095944150941
桃園市桃園區中寧里24鄰大興西路二段69巷78號十五樓,68,6800100,6800100-049,24鄰,大興西路,二段,69巷,,,,78號十五樓,121.299044256255,25.0095944150941
桃園市桃園區中寧里24鄰大興西路二段69巷80號十樓,68,6800100,6800100-049,24鄰,大興西路,二段,69巷,,,,80號十樓,121.298955161581,25.0094200773377
桃園市桃園區中寧里24鄰大興西路二段69巷80號十一樓,68,6800100,6800100-049,24鄰,大興西路,二段,69巷,,,,80號十一樓,121.298955161581,25.0094200773377
桃園市桃園區中寧里24鄰大興西路二段69巷80號十二樓,68,6800100,6800100-049,24鄰,大興西路,二段,69巷,,,,80號十二樓,121.298955161581,25.0094200773377
桃園市桃園區中寧里24鄰大興西路二段69巷80號十三樓,68,6800100,6800100-049,24鄰,大興西路,二段,69巷,,,,80號十三樓,121.298955161581,25.0094200773377
桃園市桃園區中寧里24鄰大興西路二段69巷80號十四樓,68,6800100,6800100-049,24鄰,大興西路,二段,69巷,,,,80號十四樓,121.298955161581,25.0094200773377
桃園市桃園區中寧里24鄰大興西路二段69巷80號十五樓,68,6800100,6800100-049,24鄰,大興西路,二段,69巷,,,,80號十五樓,121.298955161581,25.0094200773377
桃園市桃園區中寧里24鄰大興西路二段69巷80號二樓,68,6800100,6800100-049,24鄰,大興西路,二段,69巷,,,,80號二樓,121.298955161581,25.0094200773377
桃園市桃園區中寧里24鄰大興西路二段69巷80號三樓,68,6800100,6800100-049,24鄰,大興西路,二段,69巷,,,,80號三樓,121.298955161581,25.0094200773377
桃園市桃園區中寧里24鄰大興西路二段69巷80號四樓,68,6800100,6800100-049,24鄰,大興西路,二段,69巷,,,,80號四樓,121.298955161581,25.0094200773377
桃園市桃園區中寧里24鄰大興西路二段69巷80號六樓,68,6800100,6800100-049,24鄰,大興西路,二段,69巷,,,,80號六樓,121.298955161581,25.0094200773377
桃園市桃園區中寧里24鄰大興西路二段69巷80號七樓,68,6800100,6800100-049,24鄰,大興西路,二段,69巷,,,,80號七樓,121.298955161581,25.0094200773377
桃園市桃園區中寧里24鄰大興西路二段69巷80號八樓,68,6800100,6800100-049,24鄰,大興西路,二段,69巷,,,,80號八樓,121.298955161581,25.0094200773377
桃園市桃園區中寧里24鄰大興西路二段69巷80號九樓,68,6800100,6800100-049,24鄰,大興西路,二段,69巷,,,,80號九樓,121.298955161581,25.0094200773377
桃園市桃園區中寧里24鄰大興西路二段69巷80號五樓,68,6800100,6800100-049,24鄰,大興西路,二段,69巷,,,,80號五樓,121.298955161581,25.0094200773377
桃園市桃園區中寧里24鄰大興西路二段69巷82號九樓,68,6800100,6800100-049,24鄰,大興西路,二段,69巷,,,,82號九樓,121.29898167592,25.0093635069311
桃園市桃園區中寧里24鄰大興西路二段69巷82號十樓,68,6800100,6800100-049,24鄰,大興西路,二段,69巷,,,,82號十樓,121.29898167592,25.0093635069311
桃園市桃園區中寧里24鄰大興西路二段69巷82號十一樓,68,6800100,6800100-049,24鄰,大興西路,二段,69巷,,,,82號十一樓,121.29898167592,25.0093635069311
桃園市桃園區中寧里24鄰大興西路二段69巷82號十二樓,68,6800100,6800100-049,24鄰,大興西路,二段,69巷,,,,82號十二樓,121.29898167592,25.0093635069311
桃園市桃園區中寧里24鄰大興西路二段69巷82號十三樓,68,6800100,6800100-049,24鄰,大興西路,二段,69巷,,,,82號十三樓,121.29898167592,25.0093635069311
桃園市桃園區中寧里24鄰大興西路二段69巷82號十四樓,68,6800100,6800100-049,24鄰,大興西路,二段,69巷,,,,82號十四樓,121.29898167592,25.0093635069311
桃園市桃園區中寧里24鄰大興西路二段69巷82號十五樓,68,6800100,6800100-049,24鄰,大興西路,二段,69巷,,,,82號十五樓,121.29898167592,25.0093635069311
桃園市桃園區中寧里24鄰大興西路二段69巷82號八樓,68,6800100,6800100-049,24鄰,大興西路,二段,69巷,,,,82號八樓,121.29898167592,25.0093635069311
桃園市桃園區中寧里24鄰大興西路二段69巷82號二樓,68,6800100,6800100-049,24鄰,大興西路,二段,69巷,,,,82號二樓,121.29898167592,25.0093635069311
桃園市桃園區中寧里24鄰大興西路二段69巷82號三樓,68,6800100,6800100-049,24鄰,大興西路,二段,69巷,,,,82號三樓,121.29898167592,25.0093635069311
桃園市桃園區中寧里24鄰大興西路二段69巷82號四樓,68,6800100,6800100-049,24鄰,大興西路,二段,69巷,,,,82號四樓,121.29898167592,25.0093635069311
桃園市桃園區中寧里24鄰大興西路二段69巷82號五樓,68,6800100,6800100-049,24鄰,大興西路,二段,69巷,,,,82號五樓,121.29898167592,25.0093635069311
桃園市桃園區中寧里24鄰大興西路二段69巷82號六樓,68,6800100,6800100-049,24鄰,大興西路,二段,69巷,,,,82號六樓,121.29898167592,25.0093635069311
桃園市桃園區中寧里24鄰大興西路二段69巷82號七樓,68,6800100,6800100-049,24鄰,大興西路,二段,69巷,,,,82號七樓,121.29898167592,25.0093635069311
桃園市桃園區中寧里24鄰大興西路二段69巷86號四樓,68,6800100,6800100-049,24鄰,大興西路,二段,69巷,,,,86號四樓,121.299002264978,25.0093148933289
桃園市桃園區中寧里24鄰大興西路二段69巷86號五樓,68,6800100,6800100-049,24鄰,大興西路,二段,69巷,,,,86號五樓,121.299002264978,25.0093148933289
桃園市桃園區中寧里24鄰大興西路二段69巷86號六樓,68,6800100,6800100-049,24鄰,大興西路,二段,69巷,,,,86號六樓,121.299002264978,25.0093148933289
桃園市桃園區中寧里24鄰大興西路二段69巷86號七樓,68,6800100,6800100-049,24鄰,大興西路,二段,69巷,,,,86號七樓,121.299002264978,25.0093148933289
桃園市桃園區中寧里24鄰大興西路二段69巷86號八樓,68,6800100,6800100-049,24鄰,大興西路,二段,69巷,,,,86號八樓,121.299002264978,25.0093148933289
桃園市桃園區中寧里24鄰大興西路二段69巷86號十樓,68,6800100,6800100-049,24鄰,大興西路,二段,69巷,,,,86號十樓,121.299002264978,25.0093148933289
桃園市桃園區中寧里24鄰大興西路二段69巷86號十一樓,68,6800100,6800100-049,24鄰,大興西路,二段,69巷,,,,86號十一樓,121.299002264978,25.0093148933289
桃園市桃園區中寧里24鄰大興西路二段69巷86號九樓,68,6800100,6800100-049,24鄰,大興西路,二段,69巷,,,,86號九樓,121.299002264978,25.0093148933289
桃園市桃園區中寧里24鄰大興西路二段69巷86號三樓,68,6800100,6800100-049,24鄰,大興西路,二段,69巷,,,,86號三樓,121.299002264978,25.0093148933289
桃園市桃園區中寧里24鄰大興西路二段69巷86號二樓,68,6800100,6800100-049,24鄰,大興西路,二段,69巷,,,,86號二樓,121.299002264978,25.0093148933289
桃園市桃園區中寧里24鄰大興西路二段69巷86號十二樓,68,6800100,6800100-049,24鄰,大興西路,二段,69巷,,,,86號十二樓,121.299002264978,25.0093148933289
桃園市桃園區中寧里24鄰大興西路二段69巷86號十三樓,68,6800100,6800100-049,24鄰,大興西路,二段,69巷,,,,86號十三樓,121.299002264978,25.0093148933289
桃園市桃園區中寧里24鄰大興西路二段69巷86號十四樓,68,6800100,6800100-049,24鄰,大興西路,二段,69巷,,,,86號十四樓,121.299002264978,25.0093148933289
桃園市桃園區中寧里24鄰大興西路二段69巷86號十五樓,68,6800100,6800100-049,24鄰,大興西路,二段,69巷,,,,86號十五樓,121.299002264978,25.0093148933289
桃園市桃園區中寧里24鄰大興西路二段69巷88號三樓,68,6800100,6800100-049,24鄰,大興西路,二段,69巷,,,,88號三樓,121.299022748606,25.0092636617311
桃園市桃園區中寧里24鄰大興西路二段69巷88號十四樓,68,6800100,6800100-049,24鄰,大興西路,二段,69巷,,,,88號十四樓,121.299022748606,25.0092636617311
桃園市桃園區中寧里24鄰大興西路二段69巷88號十五樓,68,6800100,6800100-049,24鄰,大興西路,二段,69巷,,,,88號十五樓,121.299022748606,25.0092636617311
桃園市桃園區中寧里24鄰大興西路二段69巷88號十二樓,68,6800100,6800100-049,24鄰,大興西路,二段,69巷,,,,88號十二樓,121.299022748606,25.0092636617311
桃園市桃園區中寧里24鄰大興西路二段69巷88號二樓,68,6800100,6800100-049,24鄰,大興西路,二段,69巷,,,,88號二樓,121.299022748606,25.0092636617311
桃園市桃園區中寧里24鄰大興西路二段69巷88號七樓,68,6800100,6800100-049,24鄰,大興西路,二段,69巷,,,,88號七樓,121.299022748606,25.0092636617311
桃園市桃園區中寧里24鄰大興西路二段69巷88號八樓,68,6800100,6800100-049,24鄰,大興西路,二段,69巷,,,,88號八樓,121.299022748606,25.0092636617311
桃園市桃園區中寧里24鄰大興西路二段69巷88號九樓,68,6800100,6800100-049,24鄰,大興西路,二段,69巷,,,,88號九樓,121.299022748606,25.0092636617311
桃園市桃園區中寧里24鄰大興西路二段69巷88號十樓,68,6800100,6800100-049,24鄰,大興西路,二段,69巷,,,,88號十樓,121.299022748606,25.0092636617311
桃園市桃園區中寧里24鄰大興西路二段69巷88號十一樓,68,6800100,6800100-049,24鄰,大興西路,二段,69巷,,,,88號十一樓,121.299022748606,25.0092636617311
桃園市桃園區中寧里24鄰大興西路二段69巷88號十三樓,68,6800100,6800100-049,24鄰,大興西路,二段,69巷,,,,88號十三樓,121.299022748606,25.0092636617311
桃園市桃園區中寧里24鄰大興西路二段69巷88號四樓,68,6800100,6800100-049,24鄰,大興西路,二段,69巷,,,,88號四樓,121.299022748606,25.0092636617311
桃園市桃園區中寧里24鄰大興西路二段69巷88號五樓,68,6800100,6800100-049,24鄰,大興西路,二段,69巷,,,,88號五樓,121.299022748606,25.0092636617311
桃園市桃園區中寧里24鄰大興西路二段69巷88號六樓,68,6800100,6800100-049,24鄰,大興西路,二段,69巷,,,,88號六樓,121.299022748606,25.0092636617311
桃園市桃園區中寧里24鄰大興西路二段69巷90號三樓,68,6800100,6800100-049,24鄰,大興西路,二段,69巷,,,,90號三樓,121.299102634166,25.0093173097115
桃園市桃園區中寧里24鄰大興西路二段69巷90號四樓,68,6800100,6800100-049,24鄰,大興西路,二段,69巷,,,,90號四樓,121.299102634166,25.0093173097115
桃園市桃園區中寧里24鄰大興西路二段69巷90號二樓,68,6800100,6800100-049,24鄰,大興西路,二段,69巷,,,,90號二樓,121.299102634166,25.0093173097115
桃園市桃園區中寧里24鄰大興西路二段69巷90號五樓,68,6800100,6800100-049,24鄰,大興西路,二段,69巷,,,,90號五樓,121.299102634166,25.0093173097115
桃園市桃園區中寧里24鄰大興西路二段69巷90號六樓,68,6800100,6800100-049,24鄰,大興西路,二段,69巷,,,,90號六樓,121.299102634166,25.0093173097115
桃園市桃園區中寧里24鄰大興西路二段69巷90號七樓,68,6800100,6800100-049,24鄰,大興西路,二段,69巷,,,,90號七樓,121.299102634166,25.0093173097115
桃園市桃園區中寧里24鄰大興西路二段69巷90號八樓,68,6800100,6800100-049,24鄰,大興西路,二段,69巷,,,,90號八樓,121.299102634166,25.0093173097115
桃園市桃園區中寧里24鄰大興西路二段69巷90號九樓,68,6800100,6800100-049,24鄰,大興西路,二段,69巷,,,,90號九樓,121.299102634166,25.0093173097115
桃園市桃園區中寧里24鄰大興西路二段69巷90號十樓,68,6800100,6800100-049,24鄰,大興西路,二段,69巷,,,,90號十樓,121.299102634166,25.0093173097115
桃園市桃園區中寧里24鄰大興西路二段69巷90號十一樓,68,6800100,6800100-049,24鄰,大興西路,二段,69巷,,,,90號十一樓,121.299102634166,25.0093173097115
桃園市桃園區中寧里24鄰大興西路二段69巷90號十三樓,68,6800100,6800100-049,24鄰,大興西路,二段,69巷,,,,90號十三樓,121.299102634166,25.0093173097115
桃園市桃園區中寧里24鄰大興西路二段69巷90號十四樓,68,6800100,6800100-049,24鄰,大興西路,二段,69巷,,,,90號十四樓,121.299102634166,25.0093173097115
桃園市桃園區中寧里24鄰大興西路二段69巷90號十二樓,68,6800100,6800100-049,24鄰,大興西路,二段,69巷,,,,90號十二樓,121.299102634166,25.0093173097115
桃園市桃園區中寧里24鄰大興西路二段69巷90號十五樓,68,6800100,6800100-049,24鄰,大興西路,二段,69巷,,,,90號十五樓,121.299102634166,25.0093173097115
桃園市桃園區中寧里24鄰大興西路二段69巷92號十二樓,68,6800100,6800100-049,24鄰,大興西路,二段,69巷,,,,92號十二樓,121.299308716687,25.0093196938793
桃園市桃園區中寧里24鄰大興西路二段69巷92號十三樓,68,6800100,6800100-049,24鄰,大興西路,二段,69巷,,,,92號十三樓,121.299308716687,25.0093196938793
桃園市桃園區中寧里24鄰大興西路二段69巷92號十四樓,68,6800100,6800100-049,24鄰,大興西路,二段,69巷,,,,92號十四樓,121.299308716687,25.0093196938793
桃園市桃園區中寧里24鄰大興西路二段69巷92號二樓,68,6800100,6800100-049,24鄰,大興西路,二段,69巷,,,,92號二樓,121.299308716687,25.0093196938793
桃園市桃園區中寧里24鄰大興西路二段69巷92號三樓,68,6800100,6800100-049,24鄰,大興西路,二段,69巷,,,,92號三樓,121.299308716687,25.0093196938793
桃園市桃園區中寧里24鄰大興西路二段69巷92號四樓,68,6800100,6800100-049,24鄰,大興西路,二段,69巷,,,,92號四樓,121.299308716687,25.0093196938793
桃園市桃園區中寧里24鄰大興西路二段69巷92號五樓,68,6800100,6800100-049,24鄰,大興西路,二段,69巷,,,,92號五樓,121.299308716687,25.0093196938793
桃園市桃園區中寧里24鄰大興西路二段69巷92號六樓,68,6800100,6800100-049,24鄰,大興西路,二段,69巷,,,,92號六樓,121.299308716687,25.0093196938793
桃園市桃園區中寧里24鄰大興西路二段69巷92號七樓,68,6800100,6800100-049,24鄰,大興西路,二段,69巷,,,,92號七樓,121.299308716687,25.0093196938793
桃園市桃園區中寧里24鄰大興西路二段69巷92號八樓,68,6800100,6800100-049,24鄰,大興西路,二段,69巷,,,,92號八樓,121.299308716687,25.0093196938793
桃園市桃園區中寧里24鄰大興西路二段69巷92號九樓,68,6800100,6800100-049,24鄰,大興西路,二段,69巷,,,,92號九樓,121.299308716687,25.0093196938793
桃園市桃園區中寧里24鄰大興西路二段69巷92號十樓,68,6800100,6800100-049,24鄰,大興西路,二段,69巷,,,,92號十樓,121.299308716687,25.0093196938793
桃園市桃園區中寧里24鄰大興西路二段69巷92號十一樓,68,6800100,6800100-049,24鄰,大興西路,二段,69巷,,,,92號十一樓,121.299308716687,25.0093196938793
桃園市桃園區中寧里24鄰大興西路二段69巷96號五樓,68,6800100,6800100-049,24鄰,大興西路,二段,69巷,,,,96號五樓,121.299351427906,25.0092419646072
桃園市桃園區中寧里24鄰大興西路二段69巷96號六樓,68,6800100,6800100-049,24鄰,大興西路,二段,69巷,,,,96號六樓,121.299351427906,25.0092419646072
桃園市桃園區中寧里24鄰大興西路二段69巷96號七樓,68,6800100,6800100-049,24鄰,大興西路,二段,69巷,,,,96號七樓,121.299351427906,25.0092419646072
桃園市桃園區中寧里24鄰大興西路二段69巷96號八樓,68,6800100,6800100-049,24鄰,大興西路,二段,69巷,,,,96號八樓,121.299351427906,25.0092419646072
桃園市桃園區中寧里24鄰大興西路二段69巷96號九樓,68,6800100,6800100-049,24鄰,大興西路,二段,69巷,,,,96號九樓,121.299351427906,25.0092419646072
桃園市桃園區中寧里24鄰大興西路二段69巷96號十樓,68,6800100,6800100-049,24鄰,大興西路,二段,69巷,,,,96號十樓,121.299351427906,25.0092419646072
桃園市桃園區中寧里24鄰大興西路二段69巷96號十一樓,68,6800100,6800100-049,24鄰,大興西路,二段,69巷,,,,96號十一樓,121.299351427906,25.0092419646072
桃園市桃園區中寧里24鄰大興西路二段69巷96號十三樓,68,6800100,6800100-049,24鄰,大興西路,二段,69巷,,,,96號十三樓,121.299351427906,25.0092419646072
桃園市桃園區中寧里24鄰大興西路二段69巷96號二樓,68,6800100,6800100-049,24鄰,大興西路,二段,69巷,,,,96號二樓,121.299351427906,25.0092419646072
桃園市桃園區中寧里24鄰大興西路二段69巷96號三樓,68,6800100,6800100-049,24鄰,大興西路,二段,69巷,,,,96號三樓,121.299351427906,25.0092419646072
桃園市桃園區中寧里24鄰大興西路二段69巷96號四樓,68,6800100,6800100-049,24鄰,大興西路,二段,69巷,,,,96號四樓,121.299351427906,25.0092419646072
桃園市桃園區中寧里24鄰大興西路二段69巷96號十四樓,68,6800100,6800100-049,24鄰,大興西路,二段,69巷,,,,96號十四樓,121.299351427906,25.0092419646072
桃園市桃園區中寧里24鄰大興西路二段69巷96號十二樓,68,6800100,6800100-049,24鄰,大興西路,二段,69巷,,,,96號十二樓,121.299351427906,25.0092419646072
桃園市桃園區中寧里24鄰大興西路二段69巷98號九樓,68,6800100,6800100-049,24鄰,大興西路,二段,69巷,,,,98號九樓,121.299380877719,25.0091703109738
桃園市桃園區中寧里24鄰大興西路二段69巷98號十樓,68,6800100,6800100-049,24鄰,大興西路,二段,69巷,,,,98號十樓,121.299380877719,25.0091703109738
桃園市桃園區中寧里24鄰大興西路二段69巷98號十一樓,68,6800100,6800100-049,24鄰,大興西路,二段,69巷,,,,98號十一樓,121.299380877719,25.0091703109738
桃園市桃園區中寧里24鄰大興西路二段69巷98號十二樓,68,6800100,6800100-049,24鄰,大興西路,二段,69巷,,,,98號十二樓,121.299380877719,25.0091703109738
桃園市桃園區中寧里24鄰大興西路二段69巷98號十三樓,68,6800100,6800100-049,24鄰,大興西路,二段,69巷,,,,98號十三樓,121.299380877719,25.0091703109738
桃園市桃園區中寧里24鄰大興西路二段69巷98號十四樓,68,6800100,6800100-049,24鄰,大興西路,二段,69巷,,,,98號十四樓,121.299380877719,25.0091703109738
桃園市桃園區中寧里24鄰大興西路二段69巷98號二樓,68,6800100,6800100-049,24鄰,大興西路,二段,69巷,,,,98號二樓,121.299380877719,25.0091703109738
桃園市桃園區中寧里24鄰大興西路二段69巷98號三樓,68,6800100,6800100-049,24鄰,大興西路,二段,69巷,,,,98號三樓,121.299380877719,25.0091703109738
桃園市桃園區中寧里24鄰大興西路二段69巷98號四樓,68,6800100,6800100-049,24鄰,大興西路,二段,69巷,,,,98號四樓,121.299380877719,25.0091703109738
桃園市桃園區中寧里24鄰大興西路二段69巷98號七樓,68,6800100,6800100-049,24鄰,大興西路,二段,69巷,,,,98號七樓,121.299380877719,25.0091703109738
桃園市桃園區中寧里24鄰大興西路二段69巷98號五樓,68,6800100,6800100-049,24鄰,大興西路,二段,69巷,,,,98號五樓,121.299380877719,25.0091703109738
桃園市桃園區中寧里24鄰大興西路二段69巷98號六樓,68,6800100,6800100-049,24鄰,大興西路,二段,69巷,,,,98號六樓,121.299380877719,25.0091703109738
桃園市桃園區中寧里24鄰大興西路二段69巷98號八樓,68,6800100,6800100-049,24鄰,大興西路,二段,69巷,,,,98號八樓,121.299380877719,25.0091703109738
桃園市桃園區中寧里24鄰大興西路二段69巷100號五樓,68,6800100,6800100-049,24鄰,大興西路,二段,69巷,,,,100號五樓,121.299434512623,25.0091848288299
桃園市桃園區中寧里24鄰大興西路二段69巷100號六樓,68,6800100,6800100-049,24鄰,大興西路,二段,69巷,,,,100號六樓,121.299434512623,25.0091848288299
桃園市桃園區中寧里24鄰大興西路二段69巷100號七樓,68,6800100,6800100-049,24鄰,大興西路,二段,69巷,,,,100號七樓,121.299434512623,25.0091848288299
桃園市桃園區中寧里24鄰大興西路二段69巷100號八樓,68,6800100,6800100-049,24鄰,大興西路,二段,69巷,,,,100號八樓,121.299434512623,25.0091848288299
桃園市桃園區中寧里24鄰大興西路二段69巷100號九樓,68,6800100,6800100-049,24鄰,大興西路,二段,69巷,,,,100號九樓,121.299434512623,25.0091848288299
桃園市桃園區中寧里24鄰大興西路二段69巷100號四樓,68,6800100,6800100-049,24鄰,大興西路,二段,69巷,,,,100號四樓,121.299434512623,25.0091848288299
桃園市桃園區中寧里24鄰大興西路二段69巷100號二樓,68,6800100,6800100-049,24鄰,大興西路,二段,69巷,,,,100號二樓,121.299434512623,25.0091848288299
桃園市桃園區中寧里24鄰大興西路二段69巷100號三樓,68,6800100,6800100-049,24鄰,大興西路,二段,69巷,,,,100號三樓,121.299434512623,25.0091848288299
桃園市桃園區中寧里24鄰大興西路二段69巷100號十樓,68,6800100,6800100-049,24鄰,大興西路,二段,69巷,,,,100號十樓,121.299434512623,25.0091848288299
桃園市桃園區中寧里24鄰大興西路二段69巷100號十一樓,68,6800100,6800100-049,24鄰,大興西路,二段,69巷,,,,100號十一樓,121.299434512623,25.0091848288299
桃園市桃園區中寧里24鄰大興西路二段69巷100號十二樓,68,6800100,6800100-049,24鄰,大興西路,二段,69巷,,,,100號十二樓,121.299434512623,25.0091848288299
桃園市桃園區中寧里24鄰大興西路二段69巷100號十三樓,68,6800100,6800100-049,24鄰,大興西路,二段,69巷,,,,100號十三樓,121.299434512623,25.0091848288299
桃園市桃園區中寧里24鄰大興西路二段69巷100號十四樓,68,6800100,6800100-049,24鄰,大興西路,二段,69巷,,,,100號十四樓,121.299434512623,25.0091848288299
桃園市桃園區中寧里24鄰大興西路二段69巷102號十三樓,68,6800100,6800100-049,24鄰,大興西路,二段,69巷,,,,102號十三樓,121.299252912242,25.0091049328305
桃園市桃園區中寧里24鄰大興西路二段69巷102號十五樓,68,6800100,6800100-049,24鄰,大興西路,二段,69巷,,,,102號十五樓,121.299252912242,25.0091049328305
桃園市桃園區中寧里24鄰大興西路二段69巷102號五樓,68,6800100,6800100-049,24鄰,大興西路,二段,69巷,,,,102號五樓,121.299252912242,25.0091049328305
桃園市桃園區中寧里24鄰大興西路二段69巷102號六樓,68,6800100,6800100-049,24鄰,大興西路,二段,69巷,,,,102號六樓,121.299252912242,25.0091049328305
桃園市桃園區中寧里24鄰大興西路二段69巷102號七樓,68,6800100,6800100-049,24鄰,大興西路,二段,69巷,,,,102號七樓,121.299252912242,25.0091049328305
桃園市桃園區中寧里24鄰大興西路二段69巷102號九樓,68,6800100,6800100-049,24鄰,大興西路,二段,69巷,,,,102號九樓,121.299252912242,25.0091049328305
桃園市桃園區中寧里24鄰大興西路二段69巷102號十樓,68,6800100,6800100-049,24鄰,大興西路,二段,69巷,,,,102號十樓,121.299252912242,25.0091049328305
桃園市桃園區中寧里24鄰大興西路二段69巷102號十一樓,68,6800100,6800100-049,24鄰,大興西路,二段,69巷,,,,102號十一樓,121.299252912242,25.0091049328305
桃園市桃園區中寧里24鄰大興西路二段69巷102號十二樓,68,6800100,6800100-049,24鄰,大興西路,二段,69巷,,,,102號十二樓,121.299252912242,25.0091049328305
桃園市桃園區中寧里24鄰大興西路二段69巷102號二樓,68,6800100,6800100-049,24鄰,大興西路,二段,69巷,,,,102號二樓,121.299252912242,25.0091049328305
桃園市桃園區中寧里24鄰大興西路二段69巷102號十四樓,68,6800100,6800100-049,24鄰,大興西路,二段,69巷,,,,102號十四樓,121.299252912242,25.0091049328305
桃園市桃園區中寧里24鄰大興西路二段69巷102號八樓,68,6800100,6800100-049,24鄰,大興西路,二段,69巷,,,,102號八樓,121.299252912242,25.0091049328305
桃園市桃園區中寧里24鄰大興西路二段69巷102號三樓,68,6800100,6800100-049,24鄰,大興西路,二段,69巷,,,,102號三樓,121.299252912242,25.0091049328305
桃園市桃園區中寧里24鄰大興西路二段69巷102號四樓,68,6800100,6800100-049,24鄰,大興西路,二段,69巷,,,,102號四樓,121.299252912242,25.0091049328305
桃園市桃園區中寧里24鄰大興西路二段69巷106號二樓,68,6800100,6800100-049,24鄰,大興西路,二段,69巷,,,,106號二樓,121.299184815113,25.0090915273973
桃園市桃園區中寧里24鄰大興西路二段69巷106號三樓,68,6800100,6800100-049,24鄰,大興西路,二段,69巷,,,,106號三樓,121.299184815113,25.0090915273973
桃園市桃園區中寧里24鄰大興西路二段69巷106號四樓,68,6800100,6800100-049,24鄰,大興西路,二段,69巷,,,,106號四樓,121.299184815113,25.0090915273973
桃園市桃園區中寧里24鄰大興西路二段69巷106號五樓,68,6800100,6800100-049,24鄰,大興西路,二段,69巷,,,,106號五樓,121.299184815113,25.0090915273973
桃園市桃園區中寧里24鄰大興西路二段69巷106號七樓,68,6800100,6800100-049,24鄰,大興西路,二段,69巷,,,,106號七樓,121.299184815113,25.0090915273973
桃園市桃園區中寧里24鄰大興西路二段69巷106號十樓,68,6800100,6800100-049,24鄰,大興西路,二段,69巷,,,,106號十樓,121.299184815113,25.0090915273973
桃園市桃園區中寧里24鄰大興西路二段69巷106號十五樓,68,6800100,6800100-049,24鄰,大興西路,二段,69巷,,,,106號十五樓,121.299184815113,25.0090915273973
桃園市桃園區中寧里24鄰大興西路二段69巷106號六樓,68,6800100,6800100-049,24鄰,大興西路,二段,69巷,,,,106號六樓,121.299184815113,25.0090915273973
桃園市桃園區中寧里24鄰大興西路二段69巷106號八樓,68,6800100,6800100-049,24鄰,大興西路,二段,69巷,,,,106號八樓,121.299184815113,25.0090915273973
桃園市桃園區中寧里24鄰大興西路二段69巷106號九樓,68,6800100,6800100-049,24鄰,大興西路,二段,69巷,,,,106號九樓,121.299184815113,25.0090915273973
桃園市桃園區中寧里24鄰大興西路二段69巷106號十一樓,68,6800100,6800100-049,24鄰,大興西路,二段,69巷,,,,106號十一樓,121.299184815113,25.0090915273973
桃園市桃園區中寧里24鄰大興西路二段69巷106號十二樓,68,6800100,6800100-049,24鄰,大興西路,二段,69巷,,,,106號十二樓,121.299184815113,25.0090915273973
桃園市桃園區中寧里24鄰大興西路二段69巷106號十三樓,68,6800100,6800100-049,24鄰,大興西路,二段,69巷,,,,106號十三樓,121.299184815113,25.0090915273973
桃園市桃園區中寧里24鄰大興西路二段69巷106號十四樓,68,6800100,6800100-049,24鄰,大興西路,二段,69巷,,,,106號十四樓,121.299184815113,25.0090915273973
桃園市桃園區中寧里25鄰大興西路二段69巷108號十五樓,68,6800100,6800100-049,25鄰,大興西路,二段,69巷,,,,108號十五樓,121.299110833452,25.009061973125
桃園市桃園區中寧里25鄰大興西路二段69巷108號七樓,68,6800100,6800100-049,25鄰,大興西路,二段,69巷,,,,108號七樓,121.299110833452,25.009061973125
桃園市桃園區中寧里25鄰大興西路二段69巷108號八樓,68,6800100,6800100-049,25鄰,大興西路,二段,69巷,,,,108號八樓,121.299110833452,25.009061973125
桃園市桃園區中寧里25鄰大興西路二段69巷108號九樓,68,6800100,6800100-049,25鄰,大興西路,二段,69巷,,,,108號九樓,121.299110833452,25.009061973125
桃園市桃園區中寧里25鄰大興西路二段69巷108號十樓,68,6800100,6800100-049,25鄰,大興西路,二段,69巷,,,,108號十樓,121.299110833452,25.009061973125
桃園市桃園區中寧里25鄰大興西路二段69巷108號十一樓,68,6800100,6800100-049,25鄰,大興西路,二段,69巷,,,,108號十一樓,121.299110833452,25.009061973125
桃園市桃園區中寧里25鄰大興西路二段69巷108號十二樓,68,6800100,6800100-049,25鄰,大興西路,二段,69巷,,,,108號十二樓,121.299110833452,25.009061973125
桃園市桃園區中寧里25鄰大興西路二段69巷108號四樓,68,6800100,6800100-049,25鄰,大興西路,二段,69巷,,,,108號四樓,121.299110833452,25.009061973125
桃園市桃園區中寧里25鄰大興西路二段69巷108號二樓,68,6800100,6800100-049,25鄰,大興西路,二段,69巷,,,,108號二樓,121.299110833452,25.009061973125
桃園市桃園區中寧里25鄰大興西路二段69巷108號三樓,68,6800100,6800100-049,25鄰,大興西路,二段,69巷,,,,108號三樓,121.299110833452,25.009061973125
桃園市桃園區中寧里25鄰大興西路二段69巷108號五樓,68,6800100,6800100-049,25鄰,大興西路,二段,69巷,,,,108號五樓,121.299110833452,25.009061973125
桃園市桃園區中寧里25鄰大興西路二段69巷108號六樓,68,6800100,6800100-049,25鄰,大興西路,二段,69巷,,,,108號六樓,121.299110833452,25.009061973125
桃園市桃園區中寧里25鄰大興西路二段69巷108號十三樓,68,6800100,6800100-049,25鄰,大興西路,二段,69巷,,,,108號十三樓,121.299110833452,25.009061973125
桃園市桃園區中寧里25鄰大興西路二段69巷108號十四樓,68,6800100,6800100-049,25鄰,大興西路,二段,69巷,,,,108號十四樓,121.299110833452,25.009061973125
桃園市桃園區中寧里25鄰大興西路二段69巷110號二樓,68,6800100,6800100-049,25鄰,大興西路,二段,69巷,,,,110號二樓,121.299019130798,25.0090379617038
桃園市桃園區中寧里25鄰大興西路二段69巷110號三樓,68,6800100,6800100-049,25鄰,大興西路,二段,69巷,,,,110號三樓,121.299019130798,25.0090379617038
桃園市桃園區中寧里25鄰大興西路二段69巷110號十一樓,68,6800100,6800100-049,25鄰,大興西路,二段,69巷,,,,110號十一樓,121.299019130798,25.0090379617038
桃園市桃園區中寧里25鄰大興西路二段69巷110號十二樓,68,6800100,6800100-049,25鄰,大興西路,二段,69巷,,,,110號十二樓,121.299019130798,25.0090379617038
桃園市桃園區中寧里25鄰大興西路二段69巷110號十三樓,68,6800100,6800100-049,25鄰,大興西路,二段,69巷,,,,110號十三樓,121.299019130798,25.0090379617038
桃園市桃園區中寧里25鄰大興西路二段69巷110號十四樓,68,6800100,6800100-049,25鄰,大興西路,二段,69巷,,,,110號十四樓,121.299019130798,25.0090379617038
桃園市桃園區中寧里25鄰大興西路二段69巷110號十五樓,68,6800100,6800100-049,25鄰,大興西路,二段,69巷,,,,110號十五樓,121.299019130798,25.0090379617038
桃園市桃園區中寧里25鄰大興西路二段69巷110號十樓,68,6800100,6800100-049,25鄰,大興西路,二段,69巷,,,,110號十樓,121.299019130798,25.0090379617038
桃園市桃園區中寧里25鄰大興西路二段69巷110號四樓,68,6800100,6800100-049,25鄰,大興西路,二段,69巷,,,,110號四樓,121.299019130798,25.0090379617038
桃園市桃園區中寧里25鄰大興西路二段69巷110號五樓,68,6800100,6800100-049,25鄰,大興西路,二段,69巷,,,,110號五樓,121.299019130798,25.0090379617038
桃園市桃園區中寧里25鄰大興西路二段69巷110號六樓,68,6800100,6800100-049,25鄰,大興西路,二段,69巷,,,,110號六樓,121.299019130798,25.0090379617038
桃園市桃園區中寧里25鄰大興西路二段69巷110號七樓,68,6800100,6800100-049,25鄰,大興西路,二段,69巷,,,,110號七樓,121.299019130798,25.0090379617038
桃園市桃園區中寧里25鄰大興西路二段69巷110號八樓,68,6800100,6800100-049,25鄰,大興西路,二段,69巷,,,,110號八樓,121.299019130798,25.0090379617038
桃園市桃園區中寧里25鄰大興西路二段69巷110號九樓,68,6800100,6800100-049,25鄰,大興西路,二段,69巷,,,,110號九樓,121.299019130798,25.0090379617038
桃園市桃園區中寧里25鄰大興西路二段69巷112號七樓,68,6800100,6800100-049,25鄰,大興西路,二段,69巷,,,,112號七樓,121.298948016035,25.0090057833809
桃園市桃園區中寧里25鄰大興西路二段69巷112號八樓,68,6800100,6800100-049,25鄰,大興西路,二段,69巷,,,,112號八樓,121.298948016035,25.0090057833809
桃園市桃園區中寧里25鄰大興西路二段69巷112號十樓,68,6800100,6800100-049,25鄰,大興西路,二段,69巷,,,,112號十樓,121.298948016035,25.0090057833809
桃園市桃園區中寧里25鄰大興西路二段69巷112號十一樓,68,6800100,6800100-049,25鄰,大興西路,二段,69巷,,,,112號十一樓,121.298948016035,25.0090057833809
桃園市桃園區中寧里25鄰大興西路二段69巷112號二樓,68,6800100,6800100-049,25鄰,大興西路,二段,69巷,,,,112號二樓,121.298948016035,25.0090057833809
桃園市桃園區中寧里25鄰大興西路二段69巷112號三樓,68,6800100,6800100-049,25鄰,大興西路,二段,69巷,,,,112號三樓,121.298948016035,25.0090057833809
桃園市桃園區中寧里25鄰大興西路二段69巷112號十二樓,68,6800100,6800100-049,25鄰,大興西路,二段,69巷,,,,112號十二樓,121.298948016035,25.0090057833809
桃園市桃園區中寧里25鄰大興西路二段69巷112號十三樓,68,6800100,6800100-049,25鄰,大興西路,二段,69巷,,,,112號十三樓,121.298948016035,25.0090057833809
桃園市桃園區中寧里25鄰大興西路二段69巷112號十四樓,68,6800100,6800100-049,25鄰,大興西路,二段,69巷,,,,112號十四樓,121.298948016035,25.0090057833809
桃園市桃園區中寧里25鄰大興西路二段69巷112號十五樓,68,6800100,6800100-049,25鄰,大興西路,二段,69巷,,,,112號十五樓,121.298948016035,25.0090057833809
桃園市桃園區中寧里25鄰大興西路二段69巷112號九樓,68,6800100,6800100-049,25鄰,大興西路,二段,69巷,,,,112號九樓,121.298948016035,25.0090057833809
桃園市桃園區中寧里25鄰大興西路二段69巷112號四樓,68,6800100,6800100-049,25鄰,大興西路,二段,69巷,,,,112號四樓,121.298948016035,25.0090057833809
桃園市桃園區中寧里25鄰大興西路二段69巷112號五樓,68,6800100,6800100-049,25鄰,大興西路,二段,69巷,,,,112號五樓,121.298948016035,25.0090057833809
桃園市桃園區中寧里25鄰大興西路二段69巷112號六樓,68,6800100,6800100-049,25鄰,大興西路,二段,69巷,,,,112號六樓,121.298948016035,25.0090057833809
桃園市桃園區中寧里25鄰大興西路二段69巷116號十二樓,68,6800100,6800100-049,25鄰,大興西路,二段,69巷,,,,116號十二樓,121.298874034699,25.0089763192719
桃園市桃園區中寧里25鄰大興西路二段69巷116號十五樓,68,6800100,6800100-049,25鄰,大興西路,二段,69巷,,,,116號十五樓,121.298874034699,25.0089763192719
桃園市桃園區中寧里25鄰大興西路二段69巷116號二樓,68,6800100,6800100-049,25鄰,大興西路,二段,69巷,,,,116號二樓,121.298874034699,25.0089763192719
桃園市桃園區中寧里25鄰大興西路二段69巷116號七樓,68,6800100,6800100-049,25鄰,大興西路,二段,69巷,,,,116號七樓,121.298874034699,25.0089763192719
桃園市桃園區中寧里25鄰大興西路二段69巷116號八樓,68,6800100,6800100-049,25鄰,大興西路,二段,69巷,,,,116號八樓,121.298874034699,25.0089763192719
桃園市桃園區中寧里25鄰大興西路二段69巷116號九樓,68,6800100,6800100-049,25鄰,大興西路,二段,69巷,,,,116號九樓,121.298874034699,25.0089763192719
桃園市桃園區中寧里25鄰大興西路二段69巷116號十樓,68,6800100,6800100-049,25鄰,大興西路,二段,69巷,,,,116號十樓,121.298874034699,25.0089763192719
桃園市桃園區中寧里25鄰大興西路二段69巷116號十一樓,68,6800100,6800100-049,25鄰,大興西路,二段,69巷,,,,116號十一樓,121.298874034699,25.0089763192719
桃園市桃園區中寧里25鄰大興西路二段69巷116號十三樓,68,6800100,6800100-049,25鄰,大興西路,二段,69巷,,,,116號十三樓,121.298874034699,25.0089763192719
桃園市桃園區中寧里25鄰大興西路二段69巷116號十四樓,68,6800100,6800100-049,25鄰,大興西路,二段,69巷,,,,116號十四樓,121.298874034699,25.0089763192719
桃園市桃園區中寧里25鄰大興西路二段69巷116號三樓,68,6800100,6800100-049,25鄰,大興西路,二段,69巷,,,,116號三樓,121.298874034699,25.0089763192719
桃園市桃園區中寧里25鄰大興西路二段69巷116號四樓,68,6800100,6800100-049,25鄰,大興西路,二段,69巷,,,,116號四樓,121.298874034699,25.0089763192719
桃園市桃園區中寧里25鄰大興西路二段69巷116號五樓,68,6800100,6800100-049,25鄰,大興西路,二段,69巷,,,,116號五樓,121.298874034699,25.0089763192719
桃園市桃園區中寧里25鄰大興西路二段69巷116號六樓,68,6800100,6800100-049,25鄰,大興西路,二段,69巷,,,,116號六樓,121.298874034699,25.0089763192719
桃園市桃園區中寧里25鄰大興西路二段69巷118號二樓,68,6800100,6800100-049,25鄰,大興西路,二段,69巷,,,,118號二樓,121.298791142802,25.0089494009493
桃園市桃園區中寧里25鄰大興西路二段69巷118號四樓,68,6800100,6800100-049,25鄰,大興西路,二段,69巷,,,,118號四樓,121.298791142802,25.0089494009493
桃園市桃園區中寧里25鄰大興西路二段69巷118號六樓,68,6800100,6800100-049,25鄰,大興西路,二段,69巷,,,,118號六樓,121.298791142802,25.0089494009493
桃園市桃園區中寧里25鄰大興西路二段69巷118號七樓,68,6800100,6800100-049,25鄰,大興西路,二段,69巷,,,,118號七樓,121.298791142802,25.0089494009493
桃園市桃園區中寧里25鄰大興西路二段69巷118號八樓,68,6800100,6800100-049,25鄰,大興西路,二段,69巷,,,,118號八樓,121.298791142802,25.0089494009493
桃園市桃園區中寧里25鄰大興西路二段69巷118號十五樓,68,6800100,6800100-049,25鄰,大興西路,二段,69巷,,,,118號十五樓,121.298791142802,25.0089494009493
桃園市桃園區中寧里25鄰大興西路二段69巷118號十一樓,68,6800100,6800100-049,25鄰,大興西路,二段,69巷,,,,118號十一樓,121.298791142802,25.0089494009493
桃園市桃園區中寧里25鄰大興西路二段69巷118號九樓,68,6800100,6800100-049,25鄰,大興西路,二段,69巷,,,,118號九樓,121.298791142802,25.0089494009493
桃園市桃園區中寧里25鄰大興西路二段69巷118號十樓,68,6800100,6800100-049,25鄰,大興西路,二段,69巷,,,,118號十樓,121.298791142802,25.0089494009493
桃園市桃園區中寧里25鄰大興西路二段69巷118號十二樓,68,6800100,6800100-049,25鄰,大興西路,二段,69巷,,,,118號十二樓,121.298791142802,25.0089494009493
桃園市桃園區中寧里25鄰大興西路二段69巷118號十三樓,68,6800100,6800100-049,25鄰,大興西路,二段,69巷,,,,118號十三樓,121.298791142802,25.0089494009493
桃園市桃園區中寧里25鄰大興西路二段69巷118號三樓,68,6800100,6800100-049,25鄰,大興西路,二段,69巷,,,,118號三樓,121.298791142802,25.0089494009493
桃園市桃園區中寧里25鄰大興西路二段69巷118號十四樓,68,6800100,6800100-049,25鄰,大興西路,二段,69巷,,,,118號十四樓,121.298791142802,25.0089494009493
桃園市桃園區中寧里25鄰大興西路二段69巷118號五樓,68,6800100,6800100-049,25鄰,大興西路,二段,69巷,,,,118號五樓,121.298791142802,25.0089494009493
桃園市桃園區中寧里25鄰大興西路二段69巷120號八樓,68,6800100,6800100-049,25鄰,大興西路,二段,69巷,,,,120號八樓,121.298753227734,25.0089211282783
桃園市桃園區中寧里25鄰大興西路二段69巷120號九樓,68,6800100,6800100-049,25鄰,大興西路,二段,69巷,,,,120號九樓,121.298753227734,25.0089211282783
桃園市桃園區中寧里25鄰大興西路二段69巷120號十一樓,68,6800100,6800100-049,25鄰,大興西路,二段,69巷,,,,120號十一樓,121.298753227734,25.0089211282783
桃園市桃園區中寧里25鄰大興西路二段69巷120號十二樓,68,6800100,6800100-049,25鄰,大興西路,二段,69巷,,,,120號十二樓,121.298753227734,25.0089211282783
桃園市桃園區中寧里25鄰大興西路二段69巷120號十三樓,68,6800100,6800100-049,25鄰,大興西路,二段,69巷,,,,120號十三樓,121.298753227734,25.0089211282783
桃園市桃園區中寧里25鄰大興西路二段69巷120號十四樓,68,6800100,6800100-049,25鄰,大興西路,二段,69巷,,,,120號十四樓,121.298753227734,25.0089211282783
桃園市桃園區中寧里25鄰大興西路二段69巷120號二樓,68,6800100,6800100-049,25鄰,大興西路,二段,69巷,,,,120號二樓,121.298753227734,25.0089211282783
桃園市桃園區中寧里25鄰大興西路二段69巷120號三樓,68,6800100,6800100-049,25鄰,大興西路,二段,69巷,,,,120號三樓,121.298753227734,25.0089211282783
桃園市桃園區中寧里25鄰大興西路二段69巷120號四樓,68,6800100,6800100-049,25鄰,大興西路,二段,69巷,,,,120號四樓,121.298753227734,25.0089211282783
桃園市桃園區中寧里25鄰大興西路二段69巷120號五樓,68,6800100,6800100-049,25鄰,大興西路,二段,69巷,,,,120號五樓,121.298753227734,25.0089211282783
桃園市桃園區中寧里25鄰大興西路二段69巷120號六樓,68,6800100,6800100-049,25鄰,大興西路,二段,69巷,,,,120號六樓,121.298753227734,25.0089211282783
桃園市桃園區中寧里25鄰大興西路二段69巷120號七樓,68,6800100,6800100-049,25鄰,大興西路,二段,69巷,,,,120號七樓,121.298753227734,25.0089211282783
桃園市桃園區中寧里25鄰大興西路二段69巷120號十樓,68,6800100,6800100-049,25鄰,大興西路,二段,69巷,,,,120號十樓,121.298753227734,25.0089211282783
桃園市桃園區中寧里25鄰大興西路二段69巷120號十五樓,68,6800100,6800100-049,25鄰,大興西路,二段,69巷,,,,120號十五樓,121.298753227734,25.0089211282783
桃園市桃園區中寧里25鄰大興西路二段69巷122號九樓,68,6800100,6800100-049,25鄰,大興西路,二段,69巷,,,,122號九樓,121.298719721451,25.0089952275787
桃園市桃園區中寧里25鄰大興西路二段69巷122號十樓,68,6800100,6800100-049,25鄰,大興西路,二段,69巷,,,,122號十樓,121.298719721451,25.0089952275787
桃園市桃園區中寧里25鄰大興西路二段69巷122號十一樓,68,6800100,6800100-049,25鄰,大興西路,二段,69巷,,,,122號十一樓,121.298719721451,25.0089952275787
桃園市桃園區中寧里25鄰大興西路二段69巷122號十二樓,68,6800100,6800100-049,25鄰,大興西路,二段,69巷,,,,122號十二樓,121.298719721451,25.0089952275787
桃園市桃園區中寧里25鄰大興西路二段69巷122號十三樓,68,6800100,6800100-049,25鄰,大興西路,二段,69巷,,,,122號十三樓,121.298719721451,25.0089952275787
桃園市桃園區中寧里25鄰大興西路二段69巷122號十五樓,68,6800100,6800100-049,25鄰,大興西路,二段,69巷,,,,122號十五樓,121.298719721451,25.0089952275787
桃園市桃園區中寧里25鄰大興西路二段69巷122號十四樓,68,6800100,6800100-049,25鄰,大興西路,二段,69巷,,,,122號十四樓,121.298719721451,25.0089952275787
桃園市桃園區中寧里25鄰大興西路二段69巷122號二樓,68,6800100,6800100-049,25鄰,大興西路,二段,69巷,,,,122號二樓,121.298719721451,25.0089952275787
桃園市桃園區中寧里25鄰大興西路二段69巷122號三樓,68,6800100,6800100-049,25鄰,大興西路,二段,69巷,,,,122號三樓,121.298719721451,25.0089952275787
桃園市桃園區中寧里25鄰大興西路二段69巷122號四樓,68,6800100,6800100-049,25鄰,大興西路,二段,69巷,,,,122號四樓,121.298719721451,25.0089952275787
桃園市桃園區中寧里25鄰大興西路二段69巷122號五樓,68,6800100,6800100-049,25鄰,大興西路,二段,69巷,,,,122號五樓,121.298719721451,25.0089952275787
桃園市桃園區中寧里25鄰大興西路二段69巷122號七樓,68,6800100,6800100-049,25鄰,大興西路,二段,69巷,,,,122號七樓,121.298719721451,25.0089952275787
桃園市桃園區中寧里25鄰大興西路二段69巷122號八樓,68,6800100,6800100-049,25鄰,大興西路,二段,69巷,,,,122號八樓,121.298719721451,25.0089952275787
桃園市桃園區中寧里25鄰大興西路二段69巷122號六樓,68,6800100,6800100-049,25鄰,大興西路,二段,69巷,,,,122號六樓,121.298719721451,25.0089952275787
桃園市桃園區中寧里25鄰大興西路二段69巷126號,68,6800100,6800100-049,25鄰,大興西路,二段,69巷,,,,126號,121.29869027435,25.0090681450408
桃園市桃園區中寧里25鄰大興西路二段69巷126號十二樓,68,6800100,6800100-049,25鄰,大興西路,二段,69巷,,,,126號十二樓,121.29869027435,25.0090681450408
桃園市桃園區中寧里25鄰大興西路二段69巷126號十三樓,68,6800100,6800100-049,25鄰,大興西路,二段,69巷,,,,126號十三樓,121.29869027435,25.0090681450408
桃園市桃園區中寧里25鄰大興西路二段69巷126號十四樓,68,6800100,6800100-049,25鄰,大興西路,二段,69巷,,,,126號十四樓,121.29869027435,25.0090681450408
桃園市桃園區中寧里25鄰大興西路二段69巷126號十五樓,68,6800100,6800100-049,25鄰,大興西路,二段,69巷,,,,126號十五樓,121.29869027435,25.0090681450408
桃園市桃園區中寧里25鄰大興西路二段69巷126號二樓,68,6800100,6800100-049,25鄰,大興西路,二段,69巷,,,,126號二樓,121.29869027435,25.0090681450408
桃園市桃園區中寧里25鄰大興西路二段69巷126號三樓,68,6800100,6800100-049,25鄰,大興西路,二段,69巷,,,,126號三樓,121.29869027435,25.0090681450408
桃園市桃園區中寧里25鄰大興西路二段69巷126號四樓,68,6800100,6800100-049,25鄰,大興西路,二段,69巷,,,,126號四樓,121.29869027435,25.0090681450408
桃園市桃園區中寧里25鄰大興西路二段69巷126號五樓,68,6800100,6800100-049,25鄰,大興西路,二段,69巷,,,,126號五樓,121.29869027435,25.0090681450408
桃園市桃園區中寧里25鄰大興西路二段69巷126號六樓,68,6800100,6800100-049,25鄰,大興西路,二段,69巷,,,,126號六樓,121.29869027435,25.0090681450408
桃園市桃園區中寧里25鄰大興西路二段69巷126號七樓,68,6800100,6800100-049,25鄰,大興西路,二段,69巷,,,,126號七樓,121.29869027435,25.0090681450408
桃園市桃園區中寧里25鄰大興西路二段69巷126號八樓,68,6800100,6800100-049,25鄰,大興西路,二段,69巷,,,,126號八樓,121.29869027435,25.0090681450408
桃園市桃園區中寧里25鄰大興西路二段69巷126號九樓,68,6800100,6800100-049,25鄰,大興西路,二段,69巷,,,,126號九樓,121.29869027435,25.0090681450408
桃園市桃園區中寧里25鄰大興西路二段69巷126號十樓,68,6800100,6800100-049,25鄰,大興西路,二段,69巷,,,,126號十樓,121.29869027435,25.0090681450408
桃園市桃園區中寧里25鄰大興西路二段69巷126號十一樓,68,6800100,6800100-049,25鄰,大興西路,二段,69巷,,,,126號十一樓,121.29869027435,25.0090681450408
桃園市桃園區中寧里25鄰大興西路二段69巷128號,68,6800100,6800100-049,25鄰,大興西路,二段,69巷,,,,128號,121.298656701446,25.0091556966154
桃園市桃園區中寧里25鄰大興西路二段69巷128號十三樓,68,6800100,6800100-049,25鄰,大興西路,二段,69巷,,,,128號十三樓,121.298656701446,25.0091556966154
桃園市桃園區中寧里25鄰大興西路二段69巷128號十二樓,68,6800100,6800100-049,25鄰,大興西路,二段,69巷,,,,128號十二樓,121.298656701446,25.0091556966154
桃園市桃園區中寧里25鄰大興西路二段69巷128號十四樓,68,6800100,6800100-049,25鄰,大興西路,二段,69巷,,,,128號十四樓,121.298656701446,25.0091556966154
桃園市桃園區中寧里25鄰大興西路二段69巷128號十五樓,68,6800100,6800100-049,25鄰,大興西路,二段,69巷,,,,128號十五樓,121.298656701446,25.0091556966154
桃園市桃園區中寧里25鄰大興西路二段69巷128號五樓,68,6800100,6800100-049,25鄰,大興西路,二段,69巷,,,,128號五樓,121.298656701446,25.0091556966154
桃園市桃園區中寧里25鄰大興西路二段69巷128號二樓,68,6800100,6800100-049,25鄰,大興西路,二段,69巷,,,,128號二樓,121.298656701446,25.0091556966154
桃園市桃園區中寧里25鄰大興西路二段69巷128號三樓,68,6800100,6800100-049,25鄰,大興西路,二段,69巷,,,,128號三樓,121.298656701446,25.0091556966154
桃園市桃園區中寧里25鄰大興西路二段69巷128號四樓,68,6800100,6800100-049,25鄰,大興西路,二段,69巷,,,,128號四樓,121.298656701446,25.0091556966154
桃園市桃園區中寧里25鄰大興西路二段69巷128號十一樓,68,6800100,6800100-049,25鄰,大興西路,二段,69巷,,,,128號十一樓,121.298656701446,25.0091556966154
桃園市桃園區中寧里25鄰大興西路二段69巷128號六樓,68,6800100,6800100-049,25鄰,大興西路,二段,69巷,,,,128號六樓,121.298656701446,25.0091556966154
桃園市桃園區中寧里25鄰大興西路二段69巷128號七樓,68,6800100,6800100-049,25鄰,大興西路,二段,69巷,,,,128號七樓,121.298656701446,25.0091556966154
桃園市桃園區中寧里25鄰大興西路二段69巷128號八樓,68,6800100,6800100-049,25鄰,大興西路,二段,69巷,,,,128號八樓,121.298656701446,25.0091556966154
桃園市桃園區中寧里25鄰大興西路二段69巷128號九樓,68,6800100,6800100-049,25鄰,大興西路,二段,69巷,,,,128號九樓,121.298656701446,25.0091556966154
桃園市桃園區中寧里25鄰大興西路二段69巷128號十樓,68,6800100,6800100-049,25鄰,大興西路,二段,69巷,,,,128號十樓,121.298656701446,25.0091556966154
桃園市桃園區中寧里25鄰大興西路二段69巷130號,68,6800100,6800100-049,25鄰,大興西路,二段,69巷,,,,130號,121.298632574839,25.0092164151864
桃園市桃園區中寧里25鄰大興西路二段69巷130號七樓,68,6800100,6800100-049,25鄰,大興西路,二段,69巷,,,,130號七樓,121.298632574839,25.0092164151864
桃園市桃園區中寧里25鄰大興西路二段69巷130號八樓,68,6800100,6800100-049,25鄰,大興西路,二段,69巷,,,,130號八樓,121.298632574839,25.0092164151864
桃園市桃園區中寧里25鄰大興西路二段69巷130號九樓,68,6800100,6800100-049,25鄰,大興西路,二段,69巷,,,,130號九樓,121.298632574839,25.0092164151864
桃園市桃園區中寧里25鄰大興西路二段69巷130號十樓,68,6800100,6800100-049,25鄰,大興西路,二段,69巷,,,,130號十樓,121.298632574839,25.0092164151864
桃園市桃園區中寧里25鄰大興西路二段69巷130號十一樓,68,6800100,6800100-049,25鄰,大興西路,二段,69巷,,,,130號十一樓,121.298632574839,25.0092164151864
桃園市桃園區中寧里25鄰大興西路二段69巷130號十二樓,68,6800100,6800100-049,25鄰,大興西路,二段,69巷,,,,130號十二樓,121.298632574839,25.0092164151864
桃園市桃園區中寧里25鄰大興西路二段69巷130號六樓,68,6800100,6800100-049,25鄰,大興西路,二段,69巷,,,,130號六樓,121.298632574839,25.0092164151864
桃園市桃園區中寧里25鄰大興西路二段69巷130號二樓,68,6800100,6800100-049,25鄰,大興西路,二段,69巷,,,,130號二樓,121.298632574839,25.0092164151864
桃園市桃園區中寧里25鄰大興西路二段69巷130號三樓,68,6800100,6800100-049,25鄰,大興西路,二段,69巷,,,,130號三樓,121.298632574839,25.0092164151864
桃園市桃園區中寧里25鄰大興西路二段69巷130號四樓,68,6800100,6800100-049,25鄰,大興西路,二段,69巷,,,,130號四樓,121.298632574839,25.0092164151864
桃園市桃園區中寧里25鄰大興西路二段69巷130號五樓,68,6800100,6800100-049,25鄰,大興西路,二段,69巷,,,,130號五樓,121.298632574839,25.0092164151864
桃園市桃園區中寧里25鄰大興西路二段69巷130號十五樓,68,6800100,6800100-049,25鄰,大興西路,二段,69巷,,,,130號十五樓,121.298632574839,25.0092164151864
桃園市桃園區中寧里25鄰大興西路二段69巷130號十三樓,68,6800100,6800100-049,25鄰,大興西路,二段,69巷,,,,130號十三樓,121.298632574839,25.0092164151864
桃園市桃園區中寧里25鄰大興西路二段69巷130號十四樓,68,6800100,6800100-049,25鄰,大興西路,二段,69巷,,,,130號十四樓,121.298632574839,25.0092164151864
桃園市桃園區中寧里25鄰大興西路二段69巷132號,68,6800100,6800100-049,25鄰,大興西路,二段,69巷,,,,132號,121.298599045047,25.0092808542324
桃園市桃園區中寧里25鄰大興西路二段69巷132號十三樓,68,6800100,6800100-049,25鄰,大興西路,二段,69巷,,,,132號十三樓,121.298599045047,25.0092808542324
桃園市桃園區中寧里25鄰大興西路二段69巷132號十四樓,68,6800100,6800100-049,25鄰,大興西路,二段,69巷,,,,132號十四樓,121.298599045047,25.0092808542324
桃園市桃園區中寧里25鄰大興西路二段69巷132號五樓,68,6800100,6800100-049,25鄰,大興西路,二段,69巷,,,,132號五樓,121.298599045047,25.0092808542324
桃園市桃園區中寧里25鄰大興西路二段69巷132號十五樓,68,6800100,6800100-049,25鄰,大興西路,二段,69巷,,,,132號十五樓,121.298599045047,25.0092808542324
桃園市桃園區中寧里25鄰大興西路二段69巷132號六樓,68,6800100,6800100-049,25鄰,大興西路,二段,69巷,,,,132號六樓,121.298599045047,25.0092808542324
桃園市桃園區中寧里25鄰大興西路二段69巷132號七樓,68,6800100,6800100-049,25鄰,大興西路,二段,69巷,,,,132號七樓,121.298599045047,25.0092808542324
桃園市桃園區中寧里25鄰大興西路二段69巷132號八樓,68,6800100,6800100-049,25鄰,大興西路,二段,69巷,,,,132號八樓,121.298599045047,25.0092808542324
桃園市桃園區中寧里25鄰大興西路二段69巷132號九樓,68,6800100,6800100-049,25鄰,大興西路,二段,69巷,,,,132號九樓,121.298599045047,25.0092808542324
桃園市桃園區中寧里25鄰大興西路二段69巷132號十樓,68,6800100,6800100-049,25鄰,大興西路,二段,69巷,,,,132號十樓,121.298599045047,25.0092808542324
桃園市桃園區中寧里25鄰大興西路二段69巷132號十一樓,68,6800100,6800100-049,25鄰,大興西路,二段,69巷,,,,132號十一樓,121.298599045047,25.0092808542324
桃園市桃園區中寧里25鄰大興西路二段69巷132號十二樓,68,6800100,6800100-049,25鄰,大興西路,二段,69巷,,,,132號十二樓,121.298599045047,25.0092808542324
桃園市桃園區中寧里25鄰大興西路二段69巷132號二樓,68,6800100,6800100-049,25鄰,大興西路,二段,69巷,,,,132號二樓,121.298599045047,25.0092808542324
桃園市桃園區中寧里25鄰大興西路二段69巷132號三樓,68,6800100,6800100-049,25鄰,大興西路,二段,69巷,,,,132號三樓,121.298599045047,25.0092808542324
桃園市桃園區中寧里25鄰大興西路二段69巷132號四樓,68,6800100,6800100-049,25鄰,大興西路,二段,69巷,,,,132號四樓,121.298599045047,25.0092808542324
桃園市桃園區中寧里25鄰大興西路二段69巷136號二樓,68,6800100,6800100-049,25鄰,大興西路,二段,69巷,,,,136號二樓,121.298537899731,25.0093562729402
桃園市桃園區中寧里25鄰大興西路二段69巷136號三樓,68,6800100,6800100-049,25鄰,大興西路,二段,69巷,,,,136號三樓,121.298537899731,25.0093562729402
桃園市桃園區中寧里25鄰大興西路二段69巷136號四樓,68,6800100,6800100-049,25鄰,大興西路,二段,69巷,,,,136號四樓,121.298537899731,25.0093562729402
桃園市桃園區中寧里25鄰大興西路二段69巷136號五樓,68,6800100,6800100-049,25鄰,大興西路,二段,69巷,,,,136號五樓,121.298537899731,25.0093562729402
桃園市桃園區中寧里25鄰大興西路二段69巷136號十五樓,68,6800100,6800100-049,25鄰,大興西路,二段,69巷,,,,136號十五樓,121.298537899731,25.0093562729402
桃園市桃園區中寧里25鄰大興西路二段69巷136號六樓,68,6800100,6800100-049,25鄰,大興西路,二段,69巷,,,,136號六樓,121.298537899731,25.0093562729402
桃園市桃園區中寧里25鄰大興西路二段69巷136號七樓,68,6800100,6800100-049,25鄰,大興西路,二段,69巷,,,,136號七樓,121.298537899731,25.0093562729402
桃園市桃園區中寧里25鄰大興西路二段69巷136號八樓,68,6800100,6800100-049,25鄰,大興西路,二段,69巷,,,,136號八樓,121.298537899731,25.0093562729402
桃園市桃園區中寧里25鄰大興西路二段69巷136號九樓,68,6800100,6800100-049,25鄰,大興西路,二段,69巷,,,,136號九樓,121.298537899731,25.0093562729402
桃園市桃園區中寧里25鄰大興西路二段69巷136號十樓,68,6800100,6800100-049,25鄰,大興西路,二段,69巷,,,,136號十樓,121.298537899731,25.0093562729402
桃園市桃園區中寧里25鄰大興西路二段69巷136號十一樓,68,6800100,6800100-049,25鄰,大興西路,二段,69巷,,,,136號十一樓,121.298537899731,25.0093562729402
桃園市桃園區中寧里25鄰大興西路二段69巷136號十二樓,68,6800100,6800100-049,25鄰,大興西路,二段,69巷,,,,136號十二樓,121.298537899731,25.0093562729402
桃園市桃園區中寧里25鄰大興西路二段69巷136號十三樓,68,6800100,6800100-049,25鄰,大興西路,二段,69巷,,,,136號十三樓,121.298537899731,25.0093562729402
桃園市桃園區中寧里25鄰大興西路二段69巷136號十四樓,68,6800100,6800100-049,25鄰,大興西路,二段,69巷,,,,136號十四樓,121.298537899731,25.0093562729402
桃園市桃園區中寧里25鄰大興西路二段69巷138號,68,6800100,6800100-049,25鄰,大興西路,二段,69巷,,,,138號,121.298505553078,25.0094183622337
桃園市桃園區中寧里25鄰大興西路二段69巷138號九樓,68,6800100,6800100-049,25鄰,大興西路,二段,69巷,,,,138號九樓,121.298505553078,25.0094183622337
桃園市桃園區中寧里25鄰大興西路二段69巷138號十樓,68,6800100,6800100-049,25鄰,大興西路,二段,69巷,,,,138號十樓,121.298505553078,25.0094183622337
桃園市桃園區中寧里25鄰大興西路二段69巷138號十一樓,68,6800100,6800100-049,25鄰,大興西路,二段,69巷,,,,138號十一樓,121.298505553078,25.0094183622337
桃園市桃園區中寧里25鄰大興西路二段69巷138號十二樓,68,6800100,6800100-049,25鄰,大興西路,二段,69巷,,,,138號十二樓,121.298505553078,25.0094183622337
桃園市桃園區中寧里25鄰大興西路二段69巷138號十三樓,68,6800100,6800100-049,25鄰,大興西路,二段,69巷,,,,138號十三樓,121.298505553078,25.0094183622337
桃園市桃園區中寧里25鄰大興西路二段69巷138號十四樓,68,6800100,6800100-049,25鄰,大興西路,二段,69巷,,,,138號十四樓,121.298505553078,25.0094183622337
桃園市桃園區中寧里25鄰大興西路二段69巷138號十五樓,68,6800100,6800100-049,25鄰,大興西路,二段,69巷,,,,138號十五樓,121.298505553078,25.0094183622337
桃園市桃園區中寧里25鄰大興西路二段69巷138號二樓,68,6800100,6800100-049,25鄰,大興西路,二段,69巷,,,,138號二樓,121.298505553078,25.0094183622337
桃園市桃園區中寧里25鄰大興西路二段69巷138號三樓,68,6800100,6800100-049,25鄰,大興西路,二段,69巷,,,,138號三樓,121.298505553078,25.0094183622337
桃園市桃園區中寧里25鄰大興西路二段69巷138號四樓,68,6800100,6800100-049,25鄰,大興西路,二段,69巷,,,,138號四樓,121.298505553078,25.0094183622337
桃園市桃園區中寧里25鄰大興西路二段69巷138號五樓,68,6800100,6800100-049,25鄰,大興西路,二段,69巷,,,,138號五樓,121.298505553078,25.0094183622337
桃園市桃園區中寧里25鄰大興西路二段69巷138號六樓,68,6800100,6800100-049,25鄰,大興西路,二段,69巷,,,,138號六樓,121.298505553078,25.0094183622337
桃園市桃園區中寧里25鄰大興西路二段69巷138號七樓,68,6800100,6800100-049,25鄰,大興西路,二段,69巷,,,,138號七樓,121.298505553078,25.0094183622337
桃園市桃園區中寧里25鄰大興西路二段69巷138號八樓,68,6800100,6800100-049,25鄰,大興西路,二段,69巷,,,,138號八樓,121.298505553078,25.0094183622337
桃園市桃園區中寧里10鄰大興西路二段72號,68,6800100,6800100-049,10鄰,大興西路,二段,,,,,72號,121.298452069742,25.012090211552
桃園市桃園區中寧里10鄰大興西路二段76巷1號,68,6800100,6800100-049,10鄰,大興西路,二段,76巷,,,,1號,121.298465633971,25.0117583947089
桃園市桃園區中寧里10鄰大興西路二段76巷2號,68,6800100,6800100-049,10鄰,大興西路,二段,76巷,,,,2號,121.298599424161,25.0117732033753
桃園市桃園區中寧里10鄰大興西路二段76巷3號,68,6800100,6800100-049,10鄰,大興西路,二段,76巷,,,,3號,121.298426857141,25.011824830454
桃園市桃園區中寧里10鄰大興西路二段76巷3號二樓,68,6800100,6800100-049,10鄰,大興西路,二段,76巷,,,,3號二樓,121.298426857141,25.011824830454
桃園市桃園區中寧里10鄰大興西路二段76巷5號,68,6800100,6800100-049,10鄰,大興西路,二段,76巷,,,,5號,121.298258373559,25.0122134751699
桃園市桃園區中寧里10鄰大興西路二段76巷6號,68,6800100,6800100-049,10鄰,大興西路,二段,76巷,,,,6號,121.298534304964,25.0118856460295
桃園市桃園區中寧里10鄰大興西路二段76巷6號二樓,68,6800100,6800100-049,10鄰,大興西路,二段,76巷,,,,6號二樓,121.298534304964,25.0118856460295
桃園市桃園區中寧里10鄰大興西路二段76巷7號,68,6800100,6800100-049,10鄰,大興西路,二段,76巷,,,,7號,121.298209485056,25.0123186624946
桃園市桃園區中寧里10鄰大興西路二段76巷7號三樓,68,6800100,6800100-049,10鄰,大興西路,二段,76巷,,,,7號三樓,121.298209485056,25.0123186624946
桃園市桃園區中寧里10鄰大興西路二段76巷7號二樓,68,6800100,6800100-049,10鄰,大興西路,二段,76巷,,,,7號二樓,121.298209485056,25.0123186624946
桃園市桃園區中寧里10鄰大興西路二段76巷8號,68,6800100,6800100-049,10鄰,大興西路,二段,76巷,,,,8號,121.29838518646,25.012251771569
桃園市桃園區中寧里10鄰大興西路二段76巷8號二樓,68,6800100,6800100-049,10鄰,大興西路,二段,76巷,,,,8號二樓,121.29838518646,25.012251771569
桃園市桃園區中寧里10鄰大興西路二段76巷10號,68,6800100,6800100-049,10鄰,大興西路,二段,76巷,,,,10號,121.298355612934,25.0123137649646
桃園市桃園區中寧里10鄰大興西路二段76巷12號,68,6800100,6800100-049,10鄰,大興西路,二段,76巷,,,,12號,121.298311379585,25.0124183110012
桃園市桃園區中寧里10鄰大興西路二段76巷12號二樓,68,6800100,6800100-049,10鄰,大興西路,二段,76巷,,,,12號二樓,121.298311379585,25.0124183110012
桃園市桃園區中寧里10鄰大興西路二段76巷12號三樓,68,6800100,6800100-049,10鄰,大興西路,二段,76巷,,,,12號三樓,121.298311379585,25.0124183110012
桃園市桃園區中寧里10鄰大興西路二段78號,68,6800100,6800100-049,10鄰,大興西路,二段,,,,,78號,121.298359937566,25.0117252924161
桃園市桃園區中寧里7鄰大興西路二段80巷9號,68,6800100,6800100-049,7鄰,大興西路,二段,80巷,,,,9號,121.297947332928,25.0119522782934
桃園市桃園區中寧里7鄰大興西路二段80巷11號五樓,68,6800100,6800100-049,7鄰,大興西路,二段,80巷,,,,11號五樓,121.297975265383,25.012072388856
桃園市桃園區中寧里7鄰大興西路二段80巷11號六樓,68,6800100,6800100-049,7鄰,大興西路,二段,80巷,,,,11號六樓,121.297975265383,25.012072388856
桃園市桃園區中寧里7鄰大興西路二段80巷11號四樓,68,6800100,6800100-049,7鄰,大興西路,二段,80巷,,,,11號四樓,121.297975265383,25.012072388856
桃園市桃園區中寧里7鄰大興西路二段80巷11之1號一樓,68,6800100,6800100-049,7鄰,大興西路,二段,80巷,,,,11之1號一樓,121.29785562923,25.0120107847439
桃園市桃園區中寧里7鄰大興西路二段80巷11之1號七樓,68,6800100,6800100-049,7鄰,大興西路,二段,80巷,,,,11之1號七樓,121.29785562923,25.0120107847439
桃園市桃園區中寧里7鄰大興西路二段80巷11之1號三樓,68,6800100,6800100-049,7鄰,大興西路,二段,80巷,,,,11之1號三樓,121.29785562923,25.0120107847439
桃園市桃園區中寧里7鄰大興西路二段80巷11之1號二樓,68,6800100,6800100-049,7鄰,大興西路,二段,80巷,,,,11之1號二樓,121.29785562923,25.0120107847439
桃園市桃園區中寧里7鄰大興西路二段80巷11號三樓,68,6800100,6800100-049,7鄰,大興西路,二段,80巷,,,,11號三樓,121.297975265383,25.012072388856
桃園市桃園區中寧里7鄰大興西路二段80巷11之1號五樓,68,6800100,6800100-049,7鄰,大興西路,二段,80巷,,,,11之1號五樓,121.29785562923,25.0120107847439
桃園市桃園區中寧里7鄰大興西路二段80巷11之1號六樓,68,6800100,6800100-049,7鄰,大興西路,二段,80巷,,,,11之1號六樓,121.29785562923,25.0120107847439
桃園市桃園區中寧里7鄰大興西路二段80巷11之1號四樓,68,6800100,6800100-049,7鄰,大興西路,二段,80巷,,,,11之1號四樓,121.29785562923,25.0120107847439
桃園市桃園區中寧里7鄰大興西路二段80巷11號一樓,68,6800100,6800100-049,7鄰,大興西路,二段,80巷,,,,11號一樓,121.297975265383,25.012072388856
桃園市桃園區中寧里7鄰大興西路二段80巷11號七樓,68,6800100,6800100-049,7鄰,大興西路,二段,80巷,,,,11號七樓,121.297975265383,25.012072388856
桃園市桃園區中寧里7鄰大興西路二段80巷11號二樓,68,6800100,6800100-049,7鄰,大興西路,二段,80巷,,,,11號二樓,121.297975265383,25.012072388856
桃園市桃園區中寧里7鄰大興西路二段80巷13之1號一樓,68,6800100,6800100-049,7鄰,大興西路,二段,80巷,,,,13之1號一樓,121.297826554363,25.0120742215654
桃園市桃園區中寧里7鄰大興西路二段80巷13之1號七樓,68,6800100,6800100-049,7鄰,大興西路,二段,80巷,,,,13之1號七樓,121.297826554363,25.0120742215654
桃園市桃園區中寧里7鄰大興西路二段80巷13之1號三樓,68,6800100,6800100-049,7鄰,大興西路,二段,80巷,,,,13之1號三樓,121.297826554363,25.0120742215654
桃園市桃園區中寧里7鄰大興西路二段80巷13之1號五樓,68,6800100,6800100-049,7鄰,大興西路,二段,80巷,,,,13之1號五樓,121.297826554363,25.0120742215654
桃園市桃園區中寧里7鄰大興西路二段80巷13之1號六樓,68,6800100,6800100-049,7鄰,大興西路,二段,80巷,,,,13之1號六樓,121.297826554363,25.0120742215654
桃園市桃園區中寧里7鄰大興西路二段80巷13之1號四樓,68,6800100,6800100-049,7鄰,大興西路,二段,80巷,,,,13之1號四樓,121.297826554363,25.0120742215654
桃園市桃園區中寧里7鄰大興西路二段80巷13號七樓,68,6800100,6800100-049,7鄰,大興西路,二段,80巷,,,,13號七樓,121.297953141212,25.0121421315762
桃園市桃園區中寧里7鄰大興西路二段80巷13號六樓,68,6800100,6800100-049,7鄰,大興西路,二段,80巷,,,,13號六樓,121.297953141212,25.0121421315762
桃園市桃園區中寧里7鄰大興西路二段80巷13號二樓,68,6800100,6800100-049,7鄰,大興西路,二段,80巷,,,,13號二樓,121.297953141212,25.0121421315762
桃園市桃園區中寧里7鄰大興西路二段80巷13號五樓,68,6800100,6800100-049,7鄰,大興西路,二段,80巷,,,,13號五樓,121.297953141212,25.0121421315762
桃園市桃園區中寧里7鄰大興西路二段80巷13號四樓,68,6800100,6800100-049,7鄰,大興西路,二段,80巷,,,,13號四樓,121.297953141212,25.0121421315762
桃園市桃園區中寧里7鄰大興西路二段80巷13之1號二樓,68,6800100,6800100-049,7鄰,大興西路,二段,80巷,,,,13之1號二樓,121.297826554363,25.0120742215654
桃園市桃園區中寧里7鄰大興西路二段80巷13號三樓,68,6800100,6800100-049,7鄰,大興西路,二段,80巷,,,,13號三樓,121.297953141212,25.0121421315762
桃園市桃園區中寧里7鄰大興西路二段80巷15之1號六樓,68,6800100,6800100-049,7鄰,大興西路,二段,80巷,,,,15之1號六樓,121.297782827587,25.0121424727141
桃園市桃園區中寧里7鄰大興西路二段80巷15之1號四樓,68,6800100,6800100-049,7鄰,大興西路,二段,80巷,,,,15之1號四樓,121.297782827587,25.0121424727141
桃園市桃園區中寧里7鄰大興西路二段80巷15號七樓,68,6800100,6800100-049,7鄰,大興西路,二段,80巷,,,,15號七樓,121.297913758633,25.0122040542563
桃園市桃園區中寧里7鄰大興西路二段80巷15號二樓,68,6800100,6800100-049,7鄰,大興西路,二段,80巷,,,,15號二樓,121.297913758633,25.0122040542563
桃園市桃園區中寧里7鄰大興西路二段80巷15號三樓,68,6800100,6800100-049,7鄰,大興西路,二段,80巷,,,,15號三樓,121.297913758633,25.0122040542563
桃園市桃園區中寧里7鄰大興西路二段80巷15號五樓,68,6800100,6800100-049,7鄰,大興西路,二段,80巷,,,,15號五樓,121.297913758633,25.0122040542563
桃園市桃園區中寧里7鄰大興西路二段80巷15號六樓,68,6800100,6800100-049,7鄰,大興西路,二段,80巷,,,,15號六樓,121.297913758633,25.0122040542563
桃園市桃園區中寧里7鄰大興西路二段80巷15號四樓,68,6800100,6800100-049,7鄰,大興西路,二段,80巷,,,,15號四樓,121.297913758633,25.0122040542563
桃園市桃園區中寧里7鄰大興西路二段80巷15之1號一樓,68,6800100,6800100-049,7鄰,大興西路,二段,80巷,,,,15之1號一樓,121.297782827587,25.0121424727141
桃園市桃園區中寧里7鄰大興西路二段80巷15之1號七樓,68,6800100,6800100-049,7鄰,大興西路,二段,80巷,,,,15之1號七樓,121.297782827587,25.0121424727141
桃園市桃園區中寧里7鄰大興西路二段80巷15之1號二樓,68,6800100,6800100-049,7鄰,大興西路,二段,80巷,,,,15之1號二樓,121.297782827587,25.0121424727141
桃園市桃園區中寧里7鄰大興西路二段80巷15之1號三樓,68,6800100,6800100-049,7鄰,大興西路,二段,80巷,,,,15之1號三樓,121.297782827587,25.0121424727141
桃園市桃園區中寧里7鄰大興西路二段80巷15之1號五樓,68,6800100,6800100-049,7鄰,大興西路,二段,80巷,,,,15之1號五樓,121.297782827587,25.0121424727141
桃園市桃園區中寧里7鄰大興西路二段80巷17之1號一樓,68,6800100,6800100-049,7鄰,大興西路,二段,80巷,,,,17之1號一樓,121.297754646306,25.0122067202776
桃園市桃園區中寧里7鄰大興西路二段80巷17之1號七樓,68,6800100,6800100-049,7鄰,大興西路,二段,80巷,,,,17之1號七樓,121.297754646306,25.0122067202776
桃園市桃園區中寧里7鄰大興西路二段80巷17之1號二樓,68,6800100,6800100-049,7鄰,大興西路,二段,80巷,,,,17之1號二樓,121.297754646306,25.0122067202776
桃園市桃園區中寧里7鄰大興西路二段80巷17之1號三樓,68,6800100,6800100-049,7鄰,大興西路,二段,80巷,,,,17之1號三樓,121.297754646306,25.0122067202776
桃園市桃園區中寧里7鄰大興西路二段80巷17之1號四樓,68,6800100,6800100-049,7鄰,大興西路,二段,80巷,,,,17之1號四樓,121.297754646306,25.0122067202776
桃園市桃園區中寧里7鄰大興西路二段80巷17號一樓,68,6800100,6800100-049,7鄰,大興西路,二段,80巷,,,,17號一樓,121.297895776701,25.0122659340576
桃園市桃園區中寧里7鄰大興西路二段80巷17號七樓,68,6800100,6800100-049,7鄰,大興西路,二段,80巷,,,,17號七樓,121.297895776701,25.0122659340576
桃園市桃園區中寧里7鄰大興西路二段80巷17號二樓,68,6800100,6800100-049,7鄰,大興西路,二段,80巷,,,,17號二樓,121.297895776701,25.0122659340576
桃園市桃園區中寧里7鄰大興西路二段80巷17之1號六樓,68,6800100,6800100-049,7鄰,大興西路,二段,80巷,,,,17之1號六樓,121.297754646306,25.0122067202776
桃園市桃園區中寧里7鄰大興西路二段80巷17之1號五樓,68,6800100,6800100-049,7鄰,大興西路,二段,80巷,,,,17之1號五樓,121.297754646306,25.0122067202776
桃園市桃園區中寧里7鄰大興西路二段80巷17號三樓,68,6800100,6800100-049,7鄰,大興西路,二段,80巷,,,,17號三樓,121.297895776701,25.0122659340576
桃園市桃園區中寧里7鄰大興西路二段80巷17號五樓,68,6800100,6800100-049,7鄰,大興西路,二段,80巷,,,,17號五樓,121.297895776701,25.0122659340576
桃園市桃園區中寧里7鄰大興西路二段80巷17號六樓,68,6800100,6800100-049,7鄰,大興西路,二段,80巷,,,,17號六樓,121.297895776701,25.0122659340576
桃園市桃園區中寧里7鄰大興西路二段80巷17號四樓,68,6800100,6800100-049,7鄰,大興西路,二段,80巷,,,,17號四樓,121.297895776701,25.0122659340576
桃園市桃園區中寧里7鄰大興西路二段80巷19號,68,6800100,6800100-049,7鄰,大興西路,二段,80巷,,,,19號,121.297864307389,25.0123225141816
桃園市桃園區中寧里7鄰大興西路二段80巷21號,68,6800100,6800100-049,7鄰,大興西路,二段,80巷,,,,21號,121.297847665025,25.0123647096237
桃園市桃園區中寧里7鄰大興西路二段80巷23號,68,6800100,6800100-049,7鄰,大興西路,二段,80巷,,,,23號,121.29782576654,25.0124048390842
桃園市桃園區中寧里7鄰大興西路二段80巷25弄1號,68,6800100,6800100-049,7鄰,大興西路,二段,80巷,25弄,,,1號,121.297744463044,25.0123390050996
桃園市桃園區中寧里7鄰大興西路二段80巷25弄3號,68,6800100,6800100-049,7鄰,大興西路,二段,80巷,25弄,,,3號,121.297699522253,25.0123147186923
桃園市桃園區中寧里7鄰大興西路二段80巷25弄5號,68,6800100,6800100-049,7鄰,大興西路,二段,80巷,25弄,,,5號,121.297655206629,25.0123031609073
桃園市桃園區中寧里7鄰大興西路二段80巷27號,68,6800100,6800100-049,7鄰,大興西路,二段,80巷,,,,27號,121.2976474895,25.012759827195
桃園市桃園區中寧里7鄰大興西路二段80巷29號,68,6800100,6800100-049,7鄰,大興西路,二段,80巷,,,,29號,121.297521513259,25.013027768038
桃園市桃園區中寧里7鄰大興西路二段80巷31號,68,6800100,6800100-049,7鄰,大興西路,二段,80巷,,,,31號,121.297502700542,25.0130739402281
桃園市桃園區中寧里7鄰大興西路二段80巷33號,68,6800100,6800100-049,7鄰,大興西路,二段,80巷,,,,33號,121.297490119933,25.0131160372188
桃園市桃園區中寧里6鄰大興西路二段80巷36號,68,6800100,6800100-049,6鄰,大興西路,二段,80巷,,,,36號,121.297722667979,25.0132027850822
桃園市桃園區中寧里7鄰大興西路二段82之1號,68,6800100,6800100-049,7鄰,大興西路,二段,,,,,82之1號,121.298169250105,25.0115351779583
桃園市桃園區中寧里7鄰大興西路二段82號,68,6800100,6800100-049,7鄰,大興西路,二段,,,,,82號,121.298240411924,25.0115863159472
桃園市桃園區中寧里7鄰大興西路二段82號二樓,68,6800100,6800100-049,7鄰,大興西路,二段,,,,,82號二樓,121.298240411924,25.0115863159472
桃園市桃園區中寧里7鄰大興西路二段82號三樓,68,6800100,6800100-049,7鄰,大興西路,二段,,,,,82號三樓,121.298240411924,25.0115863159472
桃園市桃園區中寧里7鄰大興西路二段86號,68,6800100,6800100-049,7鄰,大興西路,二段,,,,,86號,121.298049159529,25.0114903675244
桃園市桃園區中寧里17鄰大興西路二段93號,68,6800100,6800100-049,17鄰,大興西路,二段,,,,,93號,121.298193605537,25.0111586494381
桃園市桃園區中寧里7鄰大興西路二段94號,68,6800100,6800100-049,7鄰,大興西路,二段,,,,,94號,121.297808971621,25.0116443296358
桃園市桃園區中寧里7鄰大興西路二段94號二樓,68,6800100,6800100-049,7鄰,大興西路,二段,,,,,94號二樓,121.297808971621,25.0116443296358
桃園市桃園區中寧里17鄰大興西路二段95號,68,6800100,6800100-049,17鄰,大興西路,二段,,,,,95號,121.298100155736,25.0111091811921
桃園市桃園區中寧里7鄰大興西路二段96巷1之3號,68,6800100,6800100-049,7鄰,大興西路,二段,96巷,,,,1之3號,121.297567083626,25.0114630743615
桃園市桃園區中寧里7鄰大興西路二段96巷1之4號,68,6800100,6800100-049,7鄰,大興西路,二段,96巷,,,,1之4號,121.297567083626,25.0114630743615
桃園市桃園區中寧里7鄰大興西路二段96巷1號,68,6800100,6800100-049,7鄰,大興西路,二段,96巷,,,,1號,121.297567083626,25.0114630743615
桃園市桃園區中寧里7鄰大興西路二段96巷1之1號,68,6800100,6800100-049,7鄰,大興西路,二段,96巷,,,,1之1號,121.297567083626,25.0114630743615
桃園市桃園區中寧里7鄰大興西路二段96巷1之2號,68,6800100,6800100-049,7鄰,大興西路,二段,96巷,,,,1之2號,121.297567083626,25.0114630743615
桃園市桃園區中寧里7鄰大興西路二段96巷3之1號,68,6800100,6800100-049,7鄰,大興西路,二段,96巷,,,,3之1號,121.297560352635,25.0115067847532
桃園市桃園區中寧里7鄰大興西路二段96巷3之2號,68,6800100,6800100-049,7鄰,大興西路,二段,96巷,,,,3之2號,121.297560352635,25.0115067847532
桃園市桃園區中寧里7鄰大興西路二段96巷3之3號,68,6800100,6800100-049,7鄰,大興西路,二段,96巷,,,,3之3號,121.297560352635,25.0115067847532
桃園市桃園區中寧里7鄰大興西路二段96巷3號,68,6800100,6800100-049,7鄰,大興西路,二段,96巷,,,,3號,121.297560352635,25.0115067847532
桃園市桃園區中寧里7鄰大興西路二段96巷5之1號,68,6800100,6800100-049,7鄰,大興西路,二段,96巷,,,,5之1號,121.297541543203,25.0115542209099
桃園市桃園區中寧里7鄰大興西路二段96巷5之2號,68,6800100,6800100-049,7鄰,大興西路,二段,96巷,,,,5之2號,121.297541543203,25.0115542209099
桃園市桃園區中寧里7鄰大興西路二段96巷5之3號,68,6800100,6800100-049,7鄰,大興西路,二段,96巷,,,,5之3號,121.297541543203,25.0115542209099
桃園市桃園區中寧里7鄰大興西路二段96巷5號,68,6800100,6800100-049,7鄰,大興西路,二段,96巷,,,,5號,121.297541543203,25.0115542209099
桃園市桃園區中寧里7鄰大興西路二段96巷7之1號,68,6800100,6800100-049,7鄰,大興西路,二段,96巷,,,,7之1號,121.297520345909,25.0115975088279
桃園市桃園區中寧里7鄰大興西路二段96巷7之2號,68,6800100,6800100-049,7鄰,大興西路,二段,96巷,,,,7之2號,121.297520345909,25.0115975088279
桃園市桃園區中寧里7鄰大興西路二段96巷7之3號,68,6800100,6800100-049,7鄰,大興西路,二段,96巷,,,,7之3號,121.297520345909,25.0115975088279
桃園市桃園區中寧里7鄰大興西路二段96巷7號,68,6800100,6800100-049,7鄰,大興西路,二段,96巷,,,,7號,121.297520345909,25.0115975088279
桃園市桃園區中寧里7鄰大興西路二段96巷9之3號,68,6800100,6800100-049,7鄰,大興西路,二段,96巷,,,,9之3號,121.297500646716,25.0116457593052
桃園市桃園區中寧里7鄰大興西路二段96巷9號,68,6800100,6800100-049,7鄰,大興西路,二段,96巷,,,,9號,121.297500646716,25.0116457593052
桃園市桃園區中寧里7鄰大興西路二段96巷9之1號,68,6800100,6800100-049,7鄰,大興西路,二段,96巷,,,,9之1號,121.297500646716,25.0116457593052
桃園市桃園區中寧里7鄰大興西路二段96巷9之2號,68,6800100,6800100-049,7鄰,大興西路,二段,96巷,,,,9之2號,121.297500646716,25.0116457593052
桃園市桃園區中寧里7鄰大興西路二段96巷11之1號,68,6800100,6800100-049,7鄰,大興西路,二段,96巷,,,,11之1號,121.297484115789,25.011693100613
桃園市桃園區中寧里7鄰大興西路二段96巷11號,68,6800100,6800100-049,7鄰,大興西路,二段,96巷,,,,11號,121.297484115789,25.011693100613
桃園市桃園區中寧里7鄰大興西路二段96巷11之2號,68,6800100,6800100-049,7鄰,大興西路,二段,96巷,,,,11之2號,121.297484115789,25.011693100613
桃園市桃園區中寧里7鄰大興西路二段96巷11之3號,68,6800100,6800100-049,7鄰,大興西路,二段,96巷,,,,11之3號,121.297484115789,25.011693100613
桃園市桃園區中寧里7鄰大興西路二段96巷13之1號,68,6800100,6800100-049,7鄰,大興西路,二段,96巷,,,,13之1號,121.297454775232,25.0117285501987
桃園市桃園區中寧里7鄰大興西路二段96巷13之2號,68,6800100,6800100-049,7鄰,大興西路,二段,96巷,,,,13之2號,121.297454775232,25.0117285501987
桃園市桃園區中寧里7鄰大興西路二段96巷13之3號,68,6800100,6800100-049,7鄰,大興西路,二段,96巷,,,,13之3號,121.297454775232,25.0117285501987
桃園市桃園區中寧里7鄰大興西路二段96巷13之4號,68,6800100,6800100-049,7鄰,大興西路,二段,96巷,,,,13之4號,121.297454775232,25.0117285501987
桃園市桃園區中寧里7鄰大興西路二段96巷13號,68,6800100,6800100-049,7鄰,大興西路,二段,96巷,,,,13號,121.297454775232,25.0117285501987
桃園市桃園區中寧里7鄰大興西路二段96巷15之1號,68,6800100,6800100-049,7鄰,大興西路,二段,96巷,,,,15之1號,121.297446870706,25.011778673017
桃園市桃園區中寧里7鄰大興西路二段96巷15之2號,68,6800100,6800100-049,7鄰,大興西路,二段,96巷,,,,15之2號,121.297446870706,25.011778673017
桃園市桃園區中寧里7鄰大興西路二段96巷15之3號,68,6800100,6800100-049,7鄰,大興西路,二段,96巷,,,,15之3號,121.297446870706,25.011778673017
桃園市桃園區中寧里7鄰大興西路二段96巷15號,68,6800100,6800100-049,7鄰,大興西路,二段,96巷,,,,15號,121.297446870706,25.011778673017
桃園市桃園區中寧里7鄰大興西路二段96巷17之3號,68,6800100,6800100-049,7鄰,大興西路,二段,96巷,,,,17之3號,121.297432412093,25.0118225794235
桃園市桃園區中寧里7鄰大興西路二段96巷17之1號,68,6800100,6800100-049,7鄰,大興西路,二段,96巷,,,,17之1號,121.297432412093,25.0118225794235
桃園市桃園區中寧里7鄰大興西路二段96巷17之2號,68,6800100,6800100-049,7鄰,大興西路,二段,96巷,,,,17之2號,121.297432412093,25.0118225794235
桃園市桃園區中寧里7鄰大興西路二段96巷17之4號,68,6800100,6800100-049,7鄰,大興西路,二段,96巷,,,,17之4號,121.297432412093,25.0118225794235
桃園市桃園區中寧里7鄰大興西路二段96巷17號,68,6800100,6800100-049,7鄰,大興西路,二段,96巷,,,,17號,121.297432412093,25.0118225794235
桃園市桃園區中寧里7鄰大興西路二段96巷19之1號,68,6800100,6800100-049,7鄰,大興西路,二段,96巷,,,,19之1號,121.297410424492,25.0118668620174
桃園市桃園區中寧里7鄰大興西路二段96巷19之2號,68,6800100,6800100-049,7鄰,大興西路,二段,96巷,,,,19之2號,121.297410424492,25.0118668620174
桃園市桃園區中寧里7鄰大興西路二段96巷19之3號,68,6800100,6800100-049,7鄰,大興西路,二段,96巷,,,,19之3號,121.297410424492,25.0118668620174
桃園市桃園區中寧里7鄰大興西路二段96巷19之4號,68,6800100,6800100-049,7鄰,大興西路,二段,96巷,,,,19之4號,121.297410424492,25.0118668620174
桃園市桃園區中寧里7鄰大興西路二段96巷19號,68,6800100,6800100-049,7鄰,大興西路,二段,96巷,,,,19號,121.297410424492,25.0118668620174
桃園市桃園區中寧里7鄰大興西路二段96巷21之1號,68,6800100,6800100-049,7鄰,大興西路,二段,96巷,,,,21之1號,121.297381796327,25.0119101647755
桃園市桃園區中寧里7鄰大興西路二段96巷21之2號,68,6800100,6800100-049,7鄰,大興西路,二段,96巷,,,,21之2號,121.297381796327,25.0119101647755
桃園市桃園區中寧里7鄰大興西路二段96巷21之4號,68,6800100,6800100-049,7鄰,大興西路,二段,96巷,,,,21之4號,121.297381796327,25.0119101647755
桃園市桃園區中寧里7鄰大興西路二段96巷21號,68,6800100,6800100-049,7鄰,大興西路,二段,96巷,,,,21號,121.297381796327,25.0119101647755
桃園市桃園區中寧里7鄰大興西路二段96巷21之3號,68,6800100,6800100-049,7鄰,大興西路,二段,96巷,,,,21之3號,121.297381796327,25.0119101647755
桃園市桃園區中寧里7鄰大興西路二段96巷23之1號,68,6800100,6800100-049,7鄰,大興西路,二段,96巷,,,,23之1號,121.297359808693,25.0119544473617
桃園市桃園區中寧里7鄰大興西路二段96巷23之2號,68,6800100,6800100-049,7鄰,大興西路,二段,96巷,,,,23之2號,121.297359808693,25.0119544473617
桃園市桃園區中寧里7鄰大興西路二段96巷23之3號,68,6800100,6800100-049,7鄰,大興西路,二段,96巷,,,,23之3號,121.297359808693,25.0119544473617
桃園市桃園區中寧里7鄰大興西路二段96巷23之4號,68,6800100,6800100-049,7鄰,大興西路,二段,96巷,,,,23之4號,121.297359808693,25.0119544473617
桃園市桃園區中寧里7鄰大興西路二段96巷23號,68,6800100,6800100-049,7鄰,大興西路,二段,96巷,,,,23號,121.297359808693,25.0119544473617
桃園市桃園區中寧里7鄰大興西路二段96巷25之2號,68,6800100,6800100-049,7鄰,大興西路,二段,96巷,,,,25之2號,121.297363194333,25.0120026516578
桃園市桃園區中寧里7鄰大興西路二段96巷25之1號,68,6800100,6800100-049,7鄰,大興西路,二段,96巷,,,,25之1號,121.297363194333,25.0120026516578
桃園市桃園區中寧里7鄰大興西路二段96巷25之3號,68,6800100,6800100-049,7鄰,大興西路,二段,96巷,,,,25之3號,121.297363194333,25.0120026516578
桃園市桃園區中寧里7鄰大興西路二段96巷25之4號,68,6800100,6800100-049,7鄰,大興西路,二段,96巷,,,,25之4號,121.297363194333,25.0120026516578
桃園市桃園區中寧里7鄰大興西路二段96巷25號,68,6800100,6800100-049,7鄰,大興西路,二段,96巷,,,,25號,121.297363194333,25.0120026516578
桃園市桃園區中寧里7鄰大興西路二段96巷26號,68,6800100,6800100-049,7鄰,大興西路,二段,96巷,,,,26號,121.297609812834,25.0118442535337
桃園市桃園區中寧里7鄰大興西路二段96巷27號,68,6800100,6800100-049,7鄰,大興西路,二段,96巷,,,,27號,121.297329126663,25.0120500280122
桃園市桃園區中寧里7鄰大興西路二段96巷27之2號,68,6800100,6800100-049,7鄰,大興西路,二段,96巷,,,,27之2號,121.297329126663,25.0120500280122
桃園市桃園區中寧里7鄰大興西路二段96巷27之1號,68,6800100,6800100-049,7鄰,大興西路,二段,96巷,,,,27之1號,121.297329126663,25.0120500280122
桃園市桃園區中寧里7鄰大興西路二段96巷27之3號,68,6800100,6800100-049,7鄰,大興西路,二段,96巷,,,,27之3號,121.297329126663,25.0120500280122
桃園市桃園區中寧里7鄰大興西路二段96巷27之4號,68,6800100,6800100-049,7鄰,大興西路,二段,96巷,,,,27之4號,121.297329126663,25.0120500280122
桃園市桃園區中寧里7鄰大興西路二段96巷28號,68,6800100,6800100-049,7鄰,大興西路,二段,96巷,,,,28號,121.297559275725,25.0119644309125
桃園市桃園區中寧里7鄰大興西路二段96巷29號,68,6800100,6800100-049,7鄰,大興西路,二段,96巷,,,,29號,121.297210361579,25.0123501851911
桃園市桃園區中寧里7鄰大興西路二段96巷30號,68,6800100,6800100-049,7鄰,大興西路,二段,96巷,,,,30號,121.297519009473,25.012070864725
桃園市桃園區中寧里7鄰大興西路二段96巷31號,68,6800100,6800100-049,7鄰,大興西路,二段,96巷,,,,31號,121.297194134635,25.0124004149086
桃園市桃園區中寧里7鄰大興西路二段96巷33號,68,6800100,6800100-049,7鄰,大興西路,二段,96巷,,,,33號,121.297170563348,25.0124454228931
桃園市桃園區中寧里7鄰大興西路二段96巷35號,68,6800100,6800100-049,7鄰,大興西路,二段,96巷,,,,35號,121.297147980646,25.0124895260694
桃園市桃園區中寧里7鄰大興西路二段96巷36號,68,6800100,6800100-049,7鄰,大興西路,二段,96巷,,,,36號,121.297444986687,25.0123538691
桃園市桃園區中寧里7鄰大興西路二段96巷38號,68,6800100,6800100-049,7鄰,大興西路,二段,96巷,,,,38號,121.29729114454,25.0125291449707
桃園市桃園區中寧里7鄰大興西路二段98號,68,6800100,6800100-049,7鄰,大興西路,二段,,,,,98號,121.297657026767,25.0112497364346
桃園市桃園區中寧里7鄰大興西路二段98之1號,68,6800100,6800100-049,7鄰,大興西路,二段,,,,,98之1號,121.297657026767,25.0112497364346
桃園市桃園區中寧里7鄰大興西路二段98之2號,68,6800100,6800100-049,7鄰,大興西路,二段,,,,,98之2號,121.297657026767,25.0112497364346
桃園市桃園區中寧里7鄰大興西路二段98之3號,68,6800100,6800100-049,7鄰,大興西路,二段,,,,,98之3號,121.297657026767,25.0112497364346
桃園市桃園區中寧里7鄰大興西路二段98之4號,68,6800100,6800100-049,7鄰,大興西路,二段,,,,,98之4號,121.297657026767,25.0112497364346
桃園市桃園區中寧里17鄰大興西路二段99號二樓,68,6800100,6800100-049,17鄰,大興西路,二段,,,,,99號二樓,121.297985556527,25.0109995365691
桃園市桃園區中寧里17鄰大興西路二段99號三樓之1,68,6800100,6800100-049,17鄰,大興西路,二段,,,,,99號三樓之1,121.297985556527,25.0109995365691
桃園市桃園區中寧里17鄰大興西路二段99號三樓之2,68,6800100,6800100-049,17鄰,大興西路,二段,,,,,99號三樓之2,121.297985556527,25.0109995365691
桃園市桃園區中寧里17鄰大興西路二段99號五樓之1,68,6800100,6800100-049,17鄰,大興西路,二段,,,,,99號五樓之1,121.297985556527,25.0109995365691
桃園市桃園區中寧里17鄰大興西路二段99號五樓之2,68,6800100,6800100-049,17鄰,大興西路,二段,,,,,99號五樓之2,121.297985556527,25.0109995365691
桃園市桃園區中寧里17鄰大興西路二段99號六樓之2,68,6800100,6800100-049,17鄰,大興西路,二段,,,,,99號六樓之2,121.297985556527,25.0109995365691
桃園市桃園區中寧里17鄰大興西路二段99號四樓之2,68,6800100,6800100-049,17鄰,大興西路,二段,,,,,99號四樓之2,121.297985556527,25.0109995365691
桃園市桃園區中寧里17鄰大興西路二段99號一樓,68,6800100,6800100-049,17鄰,大興西路,二段,,,,,99號一樓,121.297985556527,25.0109995365691
桃園市桃園區中寧里17鄰大興西路二段99號七樓之1,68,6800100,6800100-049,17鄰,大興西路,二段,,,,,99號七樓之1,121.297985556527,25.0109995365691
桃園市桃園區中寧里17鄰大興西路二段99號七樓之2,68,6800100,6800100-049,17鄰,大興西路,二段,,,,,99號七樓之2,121.297985556527,25.0109995365691
桃園市桃園區中寧里17鄰大興西路二段99號六樓之1,68,6800100,6800100-049,17鄰,大興西路,二段,,,,,99號六樓之1,121.297985556527,25.0109995365691
桃園市桃園區中寧里17鄰大興西路二段99號四樓之1,68,6800100,6800100-049,17鄰,大興西路,二段,,,,,99號四樓之1,121.297985556527,25.0109995365691
桃園市桃園區中寧里17鄰大興西路二段101號,68,6800100,6800100-049,17鄰,大興西路,二段,,,,,101號,121.29790611104,25.0108821473926
桃園市桃園區中寧里17鄰大興西路二段103號,68,6800100,6800100-049,17鄰,大興西路,二段,,,,,103號,121.297823911587,25.0109373846027
桃園市桃園區中寧里4鄰大興西路二段104之2號,68,6800100,6800100-049,4鄰,大興西路,二段,,,,,104之2號,121.297508079968,25.0111944202127
桃園市桃園區中寧里4鄰大興西路二段104之3號,68,6800100,6800100-049,4鄰,大興西路,二段,,,,,104之3號,121.297508079968,25.0111944202127
桃園市桃園區中寧里4鄰大興西路二段104號,68,6800100,6800100-049,4鄰,大興西路,二段,,,,,104號,121.297508079968,25.0111944202127
桃園市桃園區中寧里4鄰大興西路二段104之1號,68,6800100,6800100-049,4鄰,大興西路,二段,,,,,104之1號,121.297508079968,25.0111944202127
桃園市桃園區中寧里4鄰大興西路二段104之4號,68,6800100,6800100-049,4鄰,大興西路,二段,,,,,104之4號,121.297508079968,25.0111944202127
桃園市桃園區中寧里17鄰大興西路二段105號,68,6800100,6800100-049,17鄰,大興西路,二段,,,,,105號,121.297751439033,25.0108765887593
桃園市桃園區中寧里17鄰大興西路二段105之1號七樓,68,6800100,6800100-049,17鄰,大興西路,二段,,,,,105之1號七樓,121.29778789582,25.0107930040746
桃園市桃園區中寧里17鄰大興西路二段105之1號九樓,68,6800100,6800100-049,17鄰,大興西路,二段,,,,,105之1號九樓,121.29778789582,25.0107930040746
桃園市桃園區中寧里17鄰大興西路二段105之1號八樓,68,6800100,6800100-049,17鄰,大興西路,二段,,,,,105之1號八樓,121.29778789582,25.0107930040746
桃園市桃園區中寧里17鄰大興西路二段105之1號十一樓,68,6800100,6800100-049,17鄰,大興西路,二段,,,,,105之1號十一樓,121.29778789582,25.0107930040746
桃園市桃園區中寧里17鄰大興西路二段105之1號十二樓,68,6800100,6800100-049,17鄰,大興西路,二段,,,,,105之1號十二樓,121.29778789582,25.0107930040746
桃園市桃園區中寧里17鄰大興西路二段105號七樓,68,6800100,6800100-049,17鄰,大興西路,二段,,,,,105號七樓,121.297751439033,25.0108765887593
桃園市桃園區中寧里17鄰大興西路二段105號八樓,68,6800100,6800100-049,17鄰,大興西路,二段,,,,,105號八樓,121.297751439033,25.0108765887593
桃園市桃園區中寧里17鄰大興西路二段105號六樓,68,6800100,6800100-049,17鄰,大興西路,二段,,,,,105號六樓,121.297751439033,25.0108765887593
桃園市桃園區中寧里17鄰大興西路二段105號四樓,68,6800100,6800100-049,17鄰,大興西路,二段,,,,,105號四樓,121.297751439033,25.0108765887593
桃園市桃園區中寧里17鄰大興西路二段105之1號十樓,68,6800100,6800100-049,17鄰,大興西路,二段,,,,,105之1號十樓,121.29778789582,25.0107930040746
桃園市桃園區中寧里17鄰大興西路二段105之1號三樓,68,6800100,6800100-049,17鄰,大興西路,二段,,,,,105之1號三樓,121.29778789582,25.0107930040746
桃園市桃園區中寧里17鄰大興西路二段105之1號五樓,68,6800100,6800100-049,17鄰,大興西路,二段,,,,,105之1號五樓,121.29778789582,25.0107930040746
桃園市桃園區中寧里17鄰大興西路二段105之1號六樓,68,6800100,6800100-049,17鄰,大興西路,二段,,,,,105之1號六樓,121.29778789582,25.0107930040746
桃園市桃園區中寧里17鄰大興西路二段105之1號四樓,68,6800100,6800100-049,17鄰,大興西路,二段,,,,,105之1號四樓,121.29778789582,25.0107930040746
桃園市桃園區中寧里17鄰大興西路二段105號九樓,68,6800100,6800100-049,17鄰,大興西路,二段,,,,,105號九樓,121.297751439033,25.0108765887593
桃園市桃園區中寧里17鄰大興西路二段105號二樓,68,6800100,6800100-049,17鄰,大興西路,二段,,,,,105號二樓,121.297751439033,25.0108765887593
桃園市桃園區中寧里17鄰大興西路二段105號十一樓,68,6800100,6800100-049,17鄰,大興西路,二段,,,,,105號十一樓,121.297751439033,25.0108765887593
桃園市桃園區中寧里17鄰大興西路二段105號十二樓,68,6800100,6800100-049,17鄰,大興西路,二段,,,,,105號十二樓,121.297751439033,25.0108765887593
桃園市桃園區中寧里17鄰大興西路二段105號十樓,68,6800100,6800100-049,17鄰,大興西路,二段,,,,,105號十樓,121.297751439033,25.0108765887593
桃園市桃園區中寧里17鄰大興西路二段105號三樓,68,6800100,6800100-049,17鄰,大興西路,二段,,,,,105號三樓,121.297751439033,25.0108765887593
桃園市桃園區中寧里17鄰大興西路二段105號五樓,68,6800100,6800100-049,17鄰,大興西路,二段,,,,,105號五樓,121.297751439033,25.0108765887593
桃園市桃園區中寧里4鄰大興西路二段106之2號,68,6800100,6800100-049,4鄰,大興西路,二段,,,,,106之2號,121.297453520317,25.0111664513673
桃園市桃園區中寧里4鄰大興西路二段106之1號,68,6800100,6800100-049,4鄰,大興西路,二段,,,,,106之1號,121.297453520317,25.0111664513673
桃園市桃園區中寧里4鄰大興西路二段106之3號,68,6800100,6800100-049,4鄰,大興西路,二段,,,,,106之3號,121.297453520317,25.0111664513673
桃園市桃園區中寧里4鄰大興西路二段106之4號,68,6800100,6800100-049,4鄰,大興西路,二段,,,,,106之4號,121.297453520317,25.0111664513673
桃園市桃園區中寧里4鄰大興西路二段106號,68,6800100,6800100-049,4鄰,大興西路,二段,,,,,106號,121.297453520317,25.0111664513673
桃園市桃園區中寧里17鄰大興西路二段107號,68,6800100,6800100-049,17鄰,大興西路,二段,,,,,107號,121.297621338717,25.0107890941954
桃園市桃園區中寧里17鄰大興西路二段107號七樓,68,6800100,6800100-049,17鄰,大興西路,二段,,,,,107號七樓,121.297621338717,25.0107890941954
桃園市桃園區中寧里17鄰大興西路二段107號九樓,68,6800100,6800100-049,17鄰,大興西路,二段,,,,,107號九樓,121.297621338717,25.0107890941954
桃園市桃園區中寧里17鄰大興西路二段107號二樓,68,6800100,6800100-049,17鄰,大興西路,二段,,,,,107號二樓,121.297621338717,25.0107890941954
桃園市桃園區中寧里17鄰大興西路二段107號八樓,68,6800100,6800100-049,17鄰,大興西路,二段,,,,,107號八樓,121.297621338717,25.0107890941954
桃園市桃園區中寧里17鄰大興西路二段107號十一樓,68,6800100,6800100-049,17鄰,大興西路,二段,,,,,107號十一樓,121.297621338717,25.0107890941954
桃園市桃園區中寧里17鄰大興西路二段107號十二樓,68,6800100,6800100-049,17鄰,大興西路,二段,,,,,107號十二樓,121.297621338717,25.0107890941954
桃園市桃園區中寧里17鄰大興西路二段107之1號七樓,68,6800100,6800100-049,17鄰,大興西路,二段,,,,,107之1號七樓,121.297660252822,25.0107384578845
桃園市桃園區中寧里17鄰大興西路二段107之1號九樓,68,6800100,6800100-049,17鄰,大興西路,二段,,,,,107之1號九樓,121.297660252822,25.0107384578845
桃園市桃園區中寧里17鄰大興西路二段107之1號八樓,68,6800100,6800100-049,17鄰,大興西路,二段,,,,,107之1號八樓,121.297660252822,25.0107384578845
桃園市桃園區中寧里17鄰大興西路二段107之1號十一樓,68,6800100,6800100-049,17鄰,大興西路,二段,,,,,107之1號十一樓,121.297660252822,25.0107384578845
桃園市桃園區中寧里17鄰大興西路二段107之1號十二樓,68,6800100,6800100-049,17鄰,大興西路,二段,,,,,107之1號十二樓,121.297660252822,25.0107384578845
桃園市桃園區中寧里17鄰大興西路二段107之1號十樓,68,6800100,6800100-049,17鄰,大興西路,二段,,,,,107之1號十樓,121.297660252822,25.0107384578845
桃園市桃園區中寧里17鄰大興西路二段107之1號五樓,68,6800100,6800100-049,17鄰,大興西路,二段,,,,,107之1號五樓,121.297660252822,25.0107384578845
桃園市桃園區中寧里17鄰大興西路二段107之1號六樓,68,6800100,6800100-049,17鄰,大興西路,二段,,,,,107之1號六樓,121.297660252822,25.0107384578845
桃園市桃園區中寧里17鄰大興西路二段107之1號四樓,68,6800100,6800100-049,17鄰,大興西路,二段,,,,,107之1號四樓,121.297660252822,25.0107384578845
桃園市桃園區中寧里17鄰大興西路二段107號三樓,68,6800100,6800100-049,17鄰,大興西路,二段,,,,,107號三樓,121.297621338717,25.0107890941954
桃園市桃園區中寧里17鄰大興西路二段107號五樓,68,6800100,6800100-049,17鄰,大興西路,二段,,,,,107號五樓,121.297621338717,25.0107890941954
桃園市桃園區中寧里17鄰大興西路二段107號六樓,68,6800100,6800100-049,17鄰,大興西路,二段,,,,,107號六樓,121.297621338717,25.0107890941954
桃園市桃園區中寧里17鄰大興西路二段107號四樓,68,6800100,6800100-049,17鄰,大興西路,二段,,,,,107號四樓,121.297621338717,25.0107890941954
桃園市桃園區中寧里17鄰大興西路二段107號十樓,68,6800100,6800100-049,17鄰,大興西路,二段,,,,,107號十樓,121.297621338717,25.0107890941954
桃園市桃園區中寧里17鄰大興西路二段107之1號三樓,68,6800100,6800100-049,17鄰,大興西路,二段,,,,,107之1號三樓,121.297660252822,25.0107384578845
桃園市桃園區中寧里4鄰大興西路二段108之3號,68,6800100,6800100-049,4鄰,大興西路,二段,,,,,108之3號,121.297418175849,25.0111360967186
桃園市桃園區中寧里4鄰大興西路二段108號,68,6800100,6800100-049,4鄰,大興西路,二段,,,,,108號,121.297418175849,25.0111360967186
桃園市桃園區中寧里4鄰大興西路二段108之2號,68,6800100,6800100-049,4鄰,大興西路,二段,,,,,108之2號,121.297418175849,25.0111360967186
桃園市桃園區中寧里4鄰大興西路二段108之1號,68,6800100,6800100-049,4鄰,大興西路,二段,,,,,108之1號,121.297418175849,25.0111360967186
桃園市桃園區中寧里4鄰大興西路二段108之4號,68,6800100,6800100-049,4鄰,大興西路,二段,,,,,108之4號,121.297418175849,25.0111360967186
桃園市桃園區中寧里4鄰大興西路二段110之2號,68,6800100,6800100-049,4鄰,大興西路,二段,,,,,110之2號,121.297377983833,25.0111087310905
桃園市桃園區中寧里4鄰大興西路二段110之3號,68,6800100,6800100-049,4鄰,大興西路,二段,,,,,110之3號,121.297377983833,25.0111087310905
桃園市桃園區中寧里4鄰大興西路二段110號,68,6800100,6800100-049,4鄰,大興西路,二段,,,,,110號,121.297377983833,25.0111087310905
桃園市桃園區中寧里4鄰大興西路二段110之1號,68,6800100,6800100-049,4鄰,大興西路,二段,,,,,110之1號,121.297377983833,25.0111087310905
桃園市桃園區中寧里4鄰大興西路二段110之4號,68,6800100,6800100-049,4鄰,大興西路,二段,,,,,110之4號,121.297377983833,25.0111087310905
桃園市桃園區中寧里4鄰大興西路二段112巷1之1號,68,6800100,6800100-049,4鄰,大興西路,二段,112巷,,,,1之1號,121.297160175795,25.011257952698
桃園市桃園區中寧里4鄰大興西路二段112巷1之2號,68,6800100,6800100-049,4鄰,大興西路,二段,112巷,,,,1之2號,121.297160175795,25.011257952698
桃園市桃園區中寧里4鄰大興西路二段112巷1之3號,68,6800100,6800100-049,4鄰,大興西路,二段,112巷,,,,1之3號,121.297160175795,25.011257952698
桃園市桃園區中寧里4鄰大興西路二段112巷1之4號,68,6800100,6800100-049,4鄰,大興西路,二段,112巷,,,,1之4號,121.297160175795,25.011257952698
桃園市桃園區中寧里4鄰大興西路二段112巷1號,68,6800100,6800100-049,4鄰,大興西路,二段,112巷,,,,1號,121.297160175795,25.011257952698
桃園市桃園區中寧里4鄰大興西路二段112巷2之2號,68,6800100,6800100-049,4鄰,大興西路,二段,112巷,,,,2之2號,121.297330326627,25.0113139491393
桃園市桃園區中寧里4鄰大興西路二段112巷2之4號,68,6800100,6800100-049,4鄰,大興西路,二段,112巷,,,,2之4號,121.297330326627,25.0113139491393
桃園市桃園區中寧里4鄰大興西路二段112巷2之1號,68,6800100,6800100-049,4鄰,大興西路,二段,112巷,,,,2之1號,121.297330326627,25.0113139491393
桃園市桃園區中寧里4鄰大興西路二段112巷2之3號,68,6800100,6800100-049,4鄰,大興西路,二段,112巷,,,,2之3號,121.297330326627,25.0113139491393
桃園市桃園區中寧里4鄰大興西路二段112巷2號,68,6800100,6800100-049,4鄰,大興西路,二段,112巷,,,,2號,121.297330326627,25.0113139491393
桃園市桃園區中寧里4鄰大興西路二段112巷3之4號,68,6800100,6800100-049,4鄰,大興西路,二段,112巷,,,,3之4號,121.297121894013,25.011324477405
桃園市桃園區中寧里4鄰大興西路二段112巷3之1號,68,6800100,6800100-049,4鄰,大興西路,二段,112巷,,,,3之1號,121.297121894013,25.011324477405
桃園市桃園區中寧里4鄰大興西路二段112巷3之3號,68,6800100,6800100-049,4鄰,大興西路,二段,112巷,,,,3之3號,121.297121894013,25.011324477405
桃園市桃園區中寧里4鄰大興西路二段112巷3號,68,6800100,6800100-049,4鄰,大興西路,二段,112巷,,,,3號,121.297121894013,25.011324477405
桃園市桃園區中寧里4鄰大興西路二段112巷3之2號,68,6800100,6800100-049,4鄰,大興西路,二段,112巷,,,,3之2號,121.297121894013,25.011324477405
桃園市桃園區中寧里4鄰大興西路二段112巷4之2號,68,6800100,6800100-049,4鄰,大興西路,二段,112巷,,,,4之2號,121.297327931716,25.0113891595855
桃園市桃園區中寧里4鄰大興西路二段112巷4之4號,68,6800100,6800100-049,4鄰,大興西路,二段,112巷,,,,4之4號,121.297327931716,25.0113891595855
桃園市桃園區中寧里4鄰大興西路二段112巷4號,68,6800100,6800100-049,4鄰,大興西路,二段,112巷,,,,4號,121.297327931716,25.0113891595855
桃園市桃園區中寧里4鄰大興西路二段112巷4之3號,68,6800100,6800100-049,4鄰,大興西路,二段,112巷,,,,4之3號,121.297327931716,25.0113891595855
桃園市桃園區中寧里4鄰大興西路二段112巷4之1號,68,6800100,6800100-049,4鄰,大興西路,二段,112巷,,,,4之1號,121.297327931716,25.0113891595855
桃園市桃園區中寧里4鄰大興西路二段112巷5之2號,68,6800100,6800100-049,4鄰,大興西路,二段,112巷,,,,5之2號,121.297103744715,25.0113992679094
桃園市桃園區中寧里4鄰大興西路二段112巷5之3號,68,6800100,6800100-049,4鄰,大興西路,二段,112巷,,,,5之3號,121.297103744715,25.0113992679094
桃園市桃園區中寧里4鄰大興西路二段112巷5之4號,68,6800100,6800100-049,4鄰,大興西路,二段,112巷,,,,5之4號,121.297103744715,25.0113992679094
桃園市桃園區中寧里4鄰大興西路二段112巷5之1號,68,6800100,6800100-049,4鄰,大興西路,二段,112巷,,,,5之1號,121.297103744715,25.0113992679094
桃園市桃園區中寧里4鄰大興西路二段112巷5號,68,6800100,6800100-049,4鄰,大興西路,二段,112巷,,,,5號,121.297103744715,25.0113992679094
桃園市桃園區中寧里4鄰大興西路二段112巷6號,68,6800100,6800100-049,4鄰,大興西路,二段,112巷,,,,6號,121.29727686519,25.011454084799
桃園市桃園區中寧里4鄰大興西路二段112巷6之3號,68,6800100,6800100-049,4鄰,大興西路,二段,112巷,,,,6之3號,121.29727686519,25.011454084799
桃園市桃園區中寧里4鄰大興西路二段112巷6之1號,68,6800100,6800100-049,4鄰,大興西路,二段,112巷,,,,6之1號,121.29727686519,25.011454084799
桃園市桃園區中寧里4鄰大興西路二段112巷6之4號,68,6800100,6800100-049,4鄰,大興西路,二段,112巷,,,,6之4號,121.29727686519,25.011454084799
桃園市桃園區中寧里4鄰大興西路二段112巷6之2號,68,6800100,6800100-049,4鄰,大興西路,二段,112巷,,,,6之2號,121.29727686519,25.011454084799
桃園市桃園區中寧里4鄰大興西路二段112巷7之1號,68,6800100,6800100-049,4鄰,大興西路,二段,112巷,,,,7之1號,121.297073397025,25.0114691172195
桃園市桃園區中寧里4鄰大興西路二段112巷7之2號,68,6800100,6800100-049,4鄰,大興西路,二段,112巷,,,,7之2號,121.297073397025,25.0114691172195
桃園市桃園區中寧里4鄰大興西路二段112巷7之3號,68,6800100,6800100-049,4鄰,大興西路,二段,112巷,,,,7之3號,121.297073397025,25.0114691172195
桃園市桃園區中寧里4鄰大興西路二段112巷7號,68,6800100,6800100-049,4鄰,大興西路,二段,112巷,,,,7號,121.297073397025,25.0114691172195
桃園市桃園區中寧里4鄰大興西路二段112巷7之4號,68,6800100,6800100-049,4鄰,大興西路,二段,112巷,,,,7之4號,121.297073397025,25.0114691172195
桃園市桃園區中寧里4鄰大興西路二段112巷8之4號,68,6800100,6800100-049,4鄰,大興西路,二段,112巷,,,,8之4號,121.297226995355,25.0115222577875
桃園市桃園區中寧里4鄰大興西路二段112巷8之1號,68,6800100,6800100-049,4鄰,大興西路,二段,112巷,,,,8之1號,121.297226995355,25.0115222577875
桃園市桃園區中寧里4鄰大興西路二段112巷8之2號,68,6800100,6800100-049,4鄰,大興西路,二段,112巷,,,,8之2號,121.297226995355,25.0115222577875
桃園市桃園區中寧里4鄰大興西路二段112巷8號,68,6800100,6800100-049,4鄰,大興西路,二段,112巷,,,,8號,121.297226995355,25.0115222577875
桃園市桃園區中寧里4鄰大興西路二段112巷8之3號,68,6800100,6800100-049,4鄰,大興西路,二段,112巷,,,,8之3號,121.297226995355,25.0115222577875
桃園市桃園區中寧里4鄰大興西路二段112巷9之2號,68,6800100,6800100-049,4鄰,大興西路,二段,112巷,,,,9之2號,121.297046524152,25.0115419389181
桃園市桃園區中寧里4鄰大興西路二段112巷9之3號,68,6800100,6800100-049,4鄰,大興西路,二段,112巷,,,,9之3號,121.297046524152,25.0115419389181
桃園市桃園區中寧里4鄰大興西路二段112巷9之4號,68,6800100,6800100-049,4鄰,大興西路,二段,112巷,,,,9之4號,121.297046524152,25.0115419389181
桃園市桃園區中寧里4鄰大興西路二段112巷9號,68,6800100,6800100-049,4鄰,大興西路,二段,112巷,,,,9號,121.297046524152,25.0115419389181
桃園市桃園區中寧里4鄰大興西路二段112巷9之1號,68,6800100,6800100-049,4鄰,大興西路,二段,112巷,,,,9之1號,121.297046524152,25.0115419389181
桃園市桃園區中寧里4鄰大興西路二段112巷10之2號,68,6800100,6800100-049,4鄰,大興西路,二段,112巷,,,,10之2號,121.29721924741,25.0115963052514
桃園市桃園區中寧里4鄰大興西路二段112巷10之3號,68,6800100,6800100-049,4鄰,大興西路,二段,112巷,,,,10之3號,121.29721924741,25.0115963052514
桃園市桃園區中寧里4鄰大興西路二段112巷10之4號,68,6800100,6800100-049,4鄰,大興西路,二段,112巷,,,,10之4號,121.29721924741,25.0115963052514
桃園市桃園區中寧里4鄰大興西路二段112巷10號,68,6800100,6800100-049,4鄰,大興西路,二段,112巷,,,,10號,121.29721924741,25.0115963052514
桃園市桃園區中寧里4鄰大興西路二段112巷10之1號,68,6800100,6800100-049,4鄰,大興西路,二段,112巷,,,,10之1號,121.29721924741,25.0115963052514
桃園市桃園區中寧里4鄰大興西路二段112巷11之3號,68,6800100,6800100-049,4鄰,大興西路,二段,112巷,,,,11之3號,121.297004673506,25.0116076581759
桃園市桃園區中寧里4鄰大興西路二段112巷11之4號,68,6800100,6800100-049,4鄰,大興西路,二段,112巷,,,,11之4號,121.297004673506,25.0116076581759
桃園市桃園區中寧里4鄰大興西路二段112巷11號,68,6800100,6800100-049,4鄰,大興西路,二段,112巷,,,,11號,121.297004673506,25.0116076581759
桃園市桃園區中寧里4鄰大興西路二段112巷11之1號,68,6800100,6800100-049,4鄰,大興西路,二段,112巷,,,,11之1號,121.297004673506,25.0116076581759
桃園市桃園區中寧里4鄰大興西路二段112巷11之2號,68,6800100,6800100-049,4鄰,大興西路,二段,112巷,,,,11之2號,121.297004673506,25.0116076581759
桃園市桃園區中寧里4鄰大興西路二段112巷12之1號,68,6800100,6800100-049,4鄰,大興西路,二段,112巷,,,,12之1號,121.297171349027,25.011660321267
桃園市桃園區中寧里4鄰大興西路二段112巷12號,68,6800100,6800100-049,4鄰,大興西路,二段,112巷,,,,12號,121.297171349027,25.011660321267
桃園市桃園區中寧里4鄰大興西路二段112巷12之2號,68,6800100,6800100-049,4鄰,大興西路,二段,112巷,,,,12之2號,121.297171349027,25.011660321267
桃園市桃園區中寧里4鄰大興西路二段112巷12之3號,68,6800100,6800100-049,4鄰,大興西路,二段,112巷,,,,12之3號,121.297171349027,25.011660321267
桃園市桃園區中寧里4鄰大興西路二段112巷12之4號,68,6800100,6800100-049,4鄰,大興西路,二段,112巷,,,,12之4號,121.297171349027,25.011660321267
桃園市桃園區中寧里4鄰大興西路二段112巷13之1號,68,6800100,6800100-049,4鄰,大興西路,二段,112巷,,,,13之1號,121.296986822847,25.0116830800479
桃園市桃園區中寧里4鄰大興西路二段112巷13之2號,68,6800100,6800100-049,4鄰,大興西路,二段,112巷,,,,13之2號,121.296986822847,25.0116830800479
桃園市桃園區中寧里4鄰大興西路二段112巷13之3號,68,6800100,6800100-049,4鄰,大興西路,二段,112巷,,,,13之3號,121.296986822847,25.0116830800479
桃園市桃園區中寧里4鄰大興西路二段112巷13之4號,68,6800100,6800100-049,4鄰,大興西路,二段,112巷,,,,13之4號,121.296986822847,25.0116830800479
桃園市桃園區中寧里4鄰大興西路二段112巷13號,68,6800100,6800100-049,4鄰,大興西路,二段,112巷,,,,13號,121.296986822847,25.0116830800479
桃園市桃園區中寧里4鄰大興西路二段112巷14之2號,68,6800100,6800100-049,4鄰,大興西路,二段,112巷,,,,14之2號,121.297145252058,25.0117261896477
桃園市桃園區中寧里4鄰大興西路二段112巷14之3號,68,6800100,6800100-049,4鄰,大興西路,二段,112巷,,,,14之3號,121.297145252058,25.0117261896477
桃園市桃園區中寧里4鄰大興西路二段112巷14號,68,6800100,6800100-049,4鄰,大興西路,二段,112巷,,,,14號,121.297145252058,25.0117261896477
桃園市桃園區中寧里4鄰大興西路二段112巷14之1號,68,6800100,6800100-049,4鄰,大興西路,二段,112巷,,,,14之1號,121.297145252058,25.0117261896477
桃園市桃園區中寧里4鄰大興西路二段112巷15之1號,68,6800100,6800100-049,4鄰,大興西路,二段,112巷,,,,15之1號,121.296945958983,25.0117471722257
桃園市桃園區中寧里4鄰大興西路二段112巷15之2號,68,6800100,6800100-049,4鄰,大興西路,二段,112巷,,,,15之2號,121.296945958983,25.0117471722257
桃園市桃園區中寧里4鄰大興西路二段112巷15之3號,68,6800100,6800100-049,4鄰,大興西路,二段,112巷,,,,15之3號,121.296945958983,25.0117471722257
桃園市桃園區中寧里4鄰大興西路二段112巷15之4號,68,6800100,6800100-049,4鄰,大興西路,二段,112巷,,,,15之4號,121.296945958983,25.0117471722257
桃園市桃園區中寧里4鄰大興西路二段112巷15號,68,6800100,6800100-049,4鄰,大興西路,二段,112巷,,,,15號,121.296945958983,25.0117471722257
桃園市桃園區中寧里4鄰大興西路二段112巷16之1號,68,6800100,6800100-049,4鄰,大興西路,二段,112巷,,,,16之1號,121.297104224429,25.0118045468933
桃園市桃園區中寧里4鄰大興西路二段112巷16之2號,68,6800100,6800100-049,4鄰,大興西路,二段,112巷,,,,16之2號,121.297104224429,25.0118045468933
桃園市桃園區中寧里4鄰大興西路二段112巷16之3號,68,6800100,6800100-049,4鄰,大興西路,二段,112巷,,,,16之3號,121.297104224429,25.0118045468933
桃園市桃園區中寧里4鄰大興西路二段112巷16號,68,6800100,6800100-049,4鄰,大興西路,二段,112巷,,,,16號,121.297104224429,25.0118045468933
桃園市桃園區中寧里4鄰大興西路二段112巷17之1號,68,6800100,6800100-049,4鄰,大興西路,二段,112巷,,,,17之1號,121.296897671689,25.0118143488313
桃園市桃園區中寧里4鄰大興西路二段112巷17之2號,68,6800100,6800100-049,4鄰,大興西路,二段,112巷,,,,17之2號,121.296897671689,25.0118143488313
桃園市桃園區中寧里4鄰大興西路二段112巷17之3號,68,6800100,6800100-049,4鄰,大興西路,二段,112巷,,,,17之3號,121.296897671689,25.0118143488313
桃園市桃園區中寧里4鄰大興西路二段112巷17之4號,68,6800100,6800100-049,4鄰,大興西路,二段,112巷,,,,17之4號,121.296897671689,25.0118143488313
桃園市桃園區中寧里4鄰大興西路二段112巷17號,68,6800100,6800100-049,4鄰,大興西路,二段,112巷,,,,17號,121.296897671689,25.0118143488313
桃園市桃園區中寧里4鄰大興西路二段112巷18之1號,68,6800100,6800100-049,4鄰,大興西路,二段,112巷,,,,18之1號,121.297091675521,25.0118598250973
桃園市桃園區中寧里4鄰大興西路二段112巷18之2號,68,6800100,6800100-049,4鄰,大興西路,二段,112巷,,,,18之2號,121.297091675521,25.0118598250973
桃園市桃園區中寧里4鄰大興西路二段112巷18之3號,68,6800100,6800100-049,4鄰,大興西路,二段,112巷,,,,18之3號,121.297091675521,25.0118598250973
桃園市桃園區中寧里4鄰大興西路二段112巷18號,68,6800100,6800100-049,4鄰,大興西路,二段,112巷,,,,18號,121.297091675521,25.0118598250973
桃園市桃園區中寧里4鄰大興西路二段112巷19之3號,68,6800100,6800100-049,4鄰,大興西路,二段,112巷,,,,19之3號,121.296906498037,25.0119002805294
桃園市桃園區中寧里4鄰大興西路二段112巷19之4號,68,6800100,6800100-049,4鄰,大興西路,二段,112巷,,,,19之4號,121.296906498037,25.0119002805294
桃園市桃園區中寧里4鄰大興西路二段112巷19之1號,68,6800100,6800100-049,4鄰,大興西路,二段,112巷,,,,19之1號,121.296906498037,25.0119002805294
桃園市桃園區中寧里4鄰大興西路二段112巷19號,68,6800100,6800100-049,4鄰,大興西路,二段,112巷,,,,19號,121.296906498037,25.0119002805294
桃園市桃園區中寧里4鄰大興西路二段112巷19之2號,68,6800100,6800100-049,4鄰,大興西路,二段,112巷,,,,19之2號,121.296906498037,25.0119002805294
桃園市桃園區中寧里4鄰大興西路二段112巷20之1號,68,6800100,6800100-049,4鄰,大興西路,二段,112巷,,,,20之1號,121.297050648249,25.0119383628924
桃園市桃園區中寧里4鄰大興西路二段112巷20之3號,68,6800100,6800100-049,4鄰,大興西路,二段,112巷,,,,20之3號,121.297050648249,25.0119383628924
桃園市桃園區中寧里4鄰大興西路二段112巷20之2號,68,6800100,6800100-049,4鄰,大興西路,二段,112巷,,,,20之2號,121.297050648249,25.0119383628924
桃園市桃園區中寧里4鄰大興西路二段112巷20號,68,6800100,6800100-049,4鄰,大興西路,二段,112巷,,,,20號,121.297050648249,25.0119383628924
桃園市桃園區中寧里4鄰大興西路二段114號,68,6800100,6800100-049,4鄰,大興西路,二段,,,,,114號,121.297282097009,25.0110345296841
桃園市桃園區中寧里4鄰大興西路二段114之1號,68,6800100,6800100-049,4鄰,大興西路,二段,,,,,114之1號,121.297282097009,25.0110345296841
桃園市桃園區中寧里4鄰大興西路二段114之2號,68,6800100,6800100-049,4鄰,大興西路,二段,,,,,114之2號,121.297282097009,25.0110345296841
桃園市桃園區中寧里4鄰大興西路二段114之4號,68,6800100,6800100-049,4鄰,大興西路,二段,,,,,114之4號,121.297282097009,25.0110345296841
桃園市桃園區中寧里4鄰大興西路二段114之3號,68,6800100,6800100-049,4鄰,大興西路,二段,,,,,114之3號,121.297282097009,25.0110345296841
桃園市桃園區中寧里4鄰大興西路二段116之2號,68,6800100,6800100-049,4鄰,大興西路,二段,,,,,116之2號,121.297238446732,25.0110110530956
桃園市桃園區中寧里4鄰大興西路二段116之3號,68,6800100,6800100-049,4鄰,大興西路,二段,,,,,116之3號,121.297238446732,25.0110110530956
桃園市桃園區中寧里4鄰大興西路二段116之4號,68,6800100,6800100-049,4鄰,大興西路,二段,,,,,116之4號,121.297238446732,25.0110110530956
桃園市桃園區中寧里4鄰大興西路二段116號,68,6800100,6800100-049,4鄰,大興西路,二段,,,,,116號,121.297238446732,25.0110110530956
桃園市桃園區中寧里4鄰大興西路二段116之1號,68,6800100,6800100-049,4鄰,大興西路,二段,,,,,116之1號,121.297238446732,25.0110110530956
桃園市桃園區中寧里4鄰大興西路二段118之2號,68,6800100,6800100-049,4鄰,大興西路,二段,,,,,118之2號,121.297194895547,25.010987576296
桃園市桃園區中寧里4鄰大興西路二段118之4號,68,6800100,6800100-049,4鄰,大興西路,二段,,,,,118之4號,121.297194895547,25.010987576296
桃園市桃園區中寧里4鄰大興西路二段118號,68,6800100,6800100-049,4鄰,大興西路,二段,,,,,118號,121.297194895547,25.010987576296
桃園市桃園區中寧里4鄰大興西路二段118之1號,68,6800100,6800100-049,4鄰,大興西路,二段,,,,,118之1號,121.297194895547,25.010987576296
桃園市桃園區中寧里4鄰大興西路二段118之3號,68,6800100,6800100-049,4鄰,大興西路,二段,,,,,118之3號,121.297194895547,25.010987576296
桃園市桃園區中寧里4鄰大興西路二段120號,68,6800100,6800100-049,4鄰,大興西路,二段,,,,,120號,121.297089922806,25.0109254005469
桃園市桃園區中寧里17鄰大興西路二段127號,68,6800100,6800100-049,17鄰,大興西路,二段,,,,,127號,121.297504079097,25.0106852326218
桃園市桃園區中寧里17鄰大興西路二段129號,68,6800100,6800100-049,17鄰,大興西路,二段,,,,,129號,121.297465156278,25.0106500098626
桃園市桃園區中寧里17鄰大興西路二段131號,68,6800100,6800100-049,17鄰,大興西路,二段,,,,,131號,121.2974021402,25.0106074320772
桃園市桃園區中寧里17鄰大興西路二段133號,68,6800100,6800100-049,17鄰,大興西路,二段,,,,,133號,121.29731624633,25.0105685113199
桃園市桃園區中寧里17鄰大興西路二段135號,68,6800100,6800100-049,17鄰,大興西路,二段,,,,,135號,121.297249188879,25.0105345184247
桃園市桃園區中寧里20鄰大興西路二段139巷21號,68,6800100,6800100-049,20鄰,大興西路,二段,139巷,,,,21號,121.297491013195,25.0099499947039
桃園市桃園區中寧里20鄰大興西路二段139巷21號二樓,68,6800100,6800100-049,20鄰,大興西路,二段,139巷,,,,21號二樓,121.297491013195,25.0099499947039
桃園市桃園區中寧里20鄰大興西路二段139巷21號十一樓,68,6800100,6800100-049,20鄰,大興西路,二段,139巷,,,,21號十一樓,121.297491013195,25.0099499947039
桃園市桃園區中寧里20鄰大興西路二段139巷21號三樓,68,6800100,6800100-049,20鄰,大興西路,二段,139巷,,,,21號三樓,121.297491013195,25.0099499947039
桃園市桃園區中寧里20鄰大興西路二段139巷21號四樓,68,6800100,6800100-049,20鄰,大興西路,二段,139巷,,,,21號四樓,121.297491013195,25.0099499947039
桃園市桃園區中寧里20鄰大興西路二段139巷21號五樓,68,6800100,6800100-049,20鄰,大興西路,二段,139巷,,,,21號五樓,121.297491013195,25.0099499947039
桃園市桃園區中寧里20鄰大興西路二段139巷21號六樓,68,6800100,6800100-049,20鄰,大興西路,二段,139巷,,,,21號六樓,121.297491013195,25.0099499947039
桃園市桃園區中寧里20鄰大興西路二段139巷21號七樓,68,6800100,6800100-049,20鄰,大興西路,二段,139巷,,,,21號七樓,121.297491013195,25.0099499947039
桃園市桃園區中寧里20鄰大興西路二段139巷21號八樓,68,6800100,6800100-049,20鄰,大興西路,二段,139巷,,,,21號八樓,121.297491013195,25.0099499947039
桃園市桃園區中寧里20鄰大興西路二段139巷21號九樓,68,6800100,6800100-049,20鄰,大興西路,二段,139巷,,,,21號九樓,121.297491013195,25.0099499947039
桃園市桃園區中寧里20鄰大興西路二段139巷21號十樓,68,6800100,6800100-049,20鄰,大興西路,二段,139巷,,,,21號十樓,121.297491013195,25.0099499947039
桃園市桃園區中寧里20鄰大興西路二段139巷21號十二樓,68,6800100,6800100-049,20鄰,大興西路,二段,139巷,,,,21號十二樓,121.297491013195,25.0099499947039
桃園市桃園區中寧里20鄰大興西路二段139巷23號,68,6800100,6800100-049,20鄰,大興西路,二段,139巷,,,,23號,121.29746517657,25.0100003339693
桃園市桃園區中寧里20鄰大興西路二段139巷23號十一樓,68,6800100,6800100-049,20鄰,大興西路,二段,139巷,,,,23號十一樓,121.29746517657,25.0100003339693
桃園市桃園區中寧里20鄰大興西路二段139巷23號七樓,68,6800100,6800100-049,20鄰,大興西路,二段,139巷,,,,23號七樓,121.29746517657,25.0100003339693
桃園市桃園區中寧里20鄰大興西路二段139巷23號八樓,68,6800100,6800100-049,20鄰,大興西路,二段,139巷,,,,23號八樓,121.29746517657,25.0100003339693
桃園市桃園區中寧里20鄰大興西路二段139巷23號九樓,68,6800100,6800100-049,20鄰,大興西路,二段,139巷,,,,23號九樓,121.29746517657,25.0100003339693
桃園市桃園區中寧里20鄰大興西路二段139巷23號十樓,68,6800100,6800100-049,20鄰,大興西路,二段,139巷,,,,23號十樓,121.29746517657,25.0100003339693
桃園市桃園區中寧里20鄰大興西路二段139巷23號十二樓,68,6800100,6800100-049,20鄰,大興西路,二段,139巷,,,,23號十二樓,121.29746517657,25.0100003339693
桃園市桃園區中寧里20鄰大興西路二段139巷23號二樓,68,6800100,6800100-049,20鄰,大興西路,二段,139巷,,,,23號二樓,121.29746517657,25.0100003339693
桃園市桃園區中寧里20鄰大興西路二段139巷23號三樓,68,6800100,6800100-049,20鄰,大興西路,二段,139巷,,,,23號三樓,121.29746517657,25.0100003339693
桃園市桃園區中寧里20鄰大興西路二段139巷23號四樓,68,6800100,6800100-049,20鄰,大興西路,二段,139巷,,,,23號四樓,121.29746517657,25.0100003339693
桃園市桃園區中寧里20鄰大興西路二段139巷23號五樓,68,6800100,6800100-049,20鄰,大興西路,二段,139巷,,,,23號五樓,121.29746517657,25.0100003339693
桃園市桃園區中寧里20鄰大興西路二段139巷23號六樓,68,6800100,6800100-049,20鄰,大興西路,二段,139巷,,,,23號六樓,121.29746517657,25.0100003339693
桃園市桃園區中寧里20鄰大興西路二段139巷25號三樓,68,6800100,6800100-049,20鄰,大興西路,二段,139巷,,,,25號三樓,121.297447242562,25.01008207588
桃園市桃園區中寧里20鄰大興西路二段139巷25號四樓,68,6800100,6800100-049,20鄰,大興西路,二段,139巷,,,,25號四樓,121.297447242562,25.01008207588
桃園市桃園區中寧里20鄰大興西路二段139巷25號五樓,68,6800100,6800100-049,20鄰,大興西路,二段,139巷,,,,25號五樓,121.297447242562,25.01008207588
桃園市桃園區中寧里20鄰大興西路二段139巷25號六樓,68,6800100,6800100-049,20鄰,大興西路,二段,139巷,,,,25號六樓,121.297447242562,25.01008207588
桃園市桃園區中寧里20鄰大興西路二段139巷25號八樓,68,6800100,6800100-049,20鄰,大興西路,二段,139巷,,,,25號八樓,121.297447242562,25.01008207588
桃園市桃園區中寧里20鄰大興西路二段139巷25號九樓,68,6800100,6800100-049,20鄰,大興西路,二段,139巷,,,,25號九樓,121.297447242562,25.01008207588
桃園市桃園區中寧里20鄰大興西路二段139巷25號十樓,68,6800100,6800100-049,20鄰,大興西路,二段,139巷,,,,25號十樓,121.297447242562,25.01008207588
桃園市桃園區中寧里20鄰大興西路二段139巷25號二樓,68,6800100,6800100-049,20鄰,大興西路,二段,139巷,,,,25號二樓,121.297447242562,25.01008207588
桃園市桃園區中寧里20鄰大興西路二段139巷25號十一樓,68,6800100,6800100-049,20鄰,大興西路,二段,139巷,,,,25號十一樓,121.297447242562,25.01008207588
桃園市桃園區中寧里20鄰大興西路二段139巷25號十二樓,68,6800100,6800100-049,20鄰,大興西路,二段,139巷,,,,25號十二樓,121.297447242562,25.01008207588
桃園市桃園區中寧里20鄰大興西路二段139巷25號七樓,68,6800100,6800100-049,20鄰,大興西路,二段,139巷,,,,25號七樓,121.297447242562,25.01008207588
桃園市桃園區中寧里20鄰大興西路二段139巷27號七樓,68,6800100,6800100-049,20鄰,大興西路,二段,139巷,,,,27號七樓,121.297485475003,25.010242071019
桃園市桃園區中寧里20鄰大興西路二段139巷27號八樓,68,6800100,6800100-049,20鄰,大興西路,二段,139巷,,,,27號八樓,121.297485475003,25.010242071019
桃園市桃園區中寧里20鄰大興西路二段139巷27號九樓,68,6800100,6800100-049,20鄰,大興西路,二段,139巷,,,,27號九樓,121.297485475003,25.010242071019
桃園市桃園區中寧里20鄰大興西路二段139巷27號十樓,68,6800100,6800100-049,20鄰,大興西路,二段,139巷,,,,27號十樓,121.297485475003,25.010242071019
桃園市桃園區中寧里20鄰大興西路二段139巷27號十二樓,68,6800100,6800100-049,20鄰,大興西路,二段,139巷,,,,27號十二樓,121.297485475003,25.010242071019
桃園市桃園區中寧里20鄰大興西路二段139巷27號十一樓,68,6800100,6800100-049,20鄰,大興西路,二段,139巷,,,,27號十一樓,121.297485475003,25.010242071019
桃園市桃園區中寧里20鄰大興西路二段139巷27號二樓,68,6800100,6800100-049,20鄰,大興西路,二段,139巷,,,,27號二樓,121.297485475003,25.010242071019
桃園市桃園區中寧里20鄰大興西路二段139巷27號三樓,68,6800100,6800100-049,20鄰,大興西路,二段,139巷,,,,27號三樓,121.297485475003,25.010242071019
桃園市桃園區中寧里20鄰大興西路二段139巷27號五樓,68,6800100,6800100-049,20鄰,大興西路,二段,139巷,,,,27號五樓,121.297485475003,25.010242071019
桃園市桃園區中寧里20鄰大興西路二段139巷27號六樓,68,6800100,6800100-049,20鄰,大興西路,二段,139巷,,,,27號六樓,121.297485475003,25.010242071019
桃園市桃園區中寧里20鄰大興西路二段139巷27號四樓,68,6800100,6800100-049,20鄰,大興西路,二段,139巷,,,,27號四樓,121.297485475003,25.010242071019
桃園市桃園區中寧里20鄰大興西路二段139巷29號,68,6800100,6800100-049,20鄰,大興西路,二段,139巷,,,,29號,121.297558624266,25.0102960944283
桃園市桃園區中寧里20鄰大興西路二段139巷29號三樓,68,6800100,6800100-049,20鄰,大興西路,二段,139巷,,,,29號三樓,121.297558624266,25.0102960944283
桃園市桃園區中寧里20鄰大興西路二段139巷29號五樓,68,6800100,6800100-049,20鄰,大興西路,二段,139巷,,,,29號五樓,121.297558624266,25.0102960944283
桃園市桃園區中寧里20鄰大興西路二段139巷29號六樓,68,6800100,6800100-049,20鄰,大興西路,二段,139巷,,,,29號六樓,121.297558624266,25.0102960944283
桃園市桃園區中寧里20鄰大興西路二段139巷29號七樓,68,6800100,6800100-049,20鄰,大興西路,二段,139巷,,,,29號七樓,121.297558624266,25.0102960944283
桃園市桃園區中寧里20鄰大興西路二段139巷29號八樓,68,6800100,6800100-049,20鄰,大興西路,二段,139巷,,,,29號八樓,121.297558624266,25.0102960944283
桃園市桃園區中寧里20鄰大興西路二段139巷29號九樓,68,6800100,6800100-049,20鄰,大興西路,二段,139巷,,,,29號九樓,121.297558624266,25.0102960944283
桃園市桃園區中寧里20鄰大興西路二段139巷29號二樓,68,6800100,6800100-049,20鄰,大興西路,二段,139巷,,,,29號二樓,121.297558624266,25.0102960944283
桃園市桃園區中寧里20鄰大興西路二段139巷29號四樓,68,6800100,6800100-049,20鄰,大興西路,二段,139巷,,,,29號四樓,121.297558624266,25.0102960944283
桃園市桃園區中寧里20鄰大興西路二段139巷29號十樓,68,6800100,6800100-049,20鄰,大興西路,二段,139巷,,,,29號十樓,121.297558624266,25.0102960944283
桃園市桃園區中寧里20鄰大興西路二段139巷29號十一樓,68,6800100,6800100-049,20鄰,大興西路,二段,139巷,,,,29號十一樓,121.297558624266,25.0102960944283
桃園市桃園區中寧里20鄰大興西路二段139巷29號十二樓,68,6800100,6800100-049,20鄰,大興西路,二段,139巷,,,,29號十二樓,121.297558624266,25.0102960944283
桃園市桃園區中寧里20鄰大興西路二段139巷31號六樓,68,6800100,6800100-049,20鄰,大興西路,二段,139巷,,,,31號六樓,121.297611554314,25.0103469080792
桃園市桃園區中寧里20鄰大興西路二段139巷31號七樓,68,6800100,6800100-049,20鄰,大興西路,二段,139巷,,,,31號七樓,121.297611554314,25.0103469080792
桃園市桃園區中寧里20鄰大興西路二段139巷31號八樓,68,6800100,6800100-049,20鄰,大興西路,二段,139巷,,,,31號八樓,121.297611554314,25.0103469080792
桃園市桃園區中寧里20鄰大興西路二段139巷31號九樓,68,6800100,6800100-049,20鄰,大興西路,二段,139巷,,,,31號九樓,121.297611554314,25.0103469080792
桃園市桃園區中寧里20鄰大興西路二段139巷31號十一樓,68,6800100,6800100-049,20鄰,大興西路,二段,139巷,,,,31號十一樓,121.297611554314,25.0103469080792
桃園市桃園區中寧里20鄰大興西路二段139巷31號十二樓,68,6800100,6800100-049,20鄰,大興西路,二段,139巷,,,,31號十二樓,121.297611554314,25.0103469080792
桃園市桃園區中寧里20鄰大興西路二段139巷31號十樓,68,6800100,6800100-049,20鄰,大興西路,二段,139巷,,,,31號十樓,121.297611554314,25.0103469080792
桃園市桃園區中寧里20鄰大興西路二段139巷31號二樓,68,6800100,6800100-049,20鄰,大興西路,二段,139巷,,,,31號二樓,121.297611554314,25.0103469080792
桃園市桃園區中寧里20鄰大興西路二段139巷31號三樓,68,6800100,6800100-049,20鄰,大興西路,二段,139巷,,,,31號三樓,121.297611554314,25.0103469080792
桃園市桃園區中寧里20鄰大興西路二段139巷31號四樓,68,6800100,6800100-049,20鄰,大興西路,二段,139巷,,,,31號四樓,121.297611554314,25.0103469080792
桃園市桃園區中寧里20鄰大興西路二段139巷31號五樓,68,6800100,6800100-049,20鄰,大興西路,二段,139巷,,,,31號五樓,121.297611554314,25.0103469080792
桃園市桃園區中寧里20鄰大興西路二段139巷33號三樓,68,6800100,6800100-049,20鄰,大興西路,二段,139巷,,,,33號三樓,121.297656270693,25.0104017105985
桃園市桃園區中寧里20鄰大興西路二段139巷33號四樓,68,6800100,6800100-049,20鄰,大興西路,二段,139巷,,,,33號四樓,121.297656270693,25.0104017105985
桃園市桃園區中寧里20鄰大興西路二段139巷33號六樓,68,6800100,6800100-049,20鄰,大興西路,二段,139巷,,,,33號六樓,121.297656270693,25.0104017105985
桃園市桃園區中寧里20鄰大興西路二段139巷33號七樓,68,6800100,6800100-049,20鄰,大興西路,二段,139巷,,,,33號七樓,121.297656270693,25.0104017105985
桃園市桃園區中寧里20鄰大興西路二段139巷33號八樓,68,6800100,6800100-049,20鄰,大興西路,二段,139巷,,,,33號八樓,121.297656270693,25.0104017105985
桃園市桃園區中寧里20鄰大興西路二段139巷33號九樓,68,6800100,6800100-049,20鄰,大興西路,二段,139巷,,,,33號九樓,121.297656270693,25.0104017105985
桃園市桃園區中寧里20鄰大興西路二段139巷33號五樓,68,6800100,6800100-049,20鄰,大興西路,二段,139巷,,,,33號五樓,121.297656270693,25.0104017105985
桃園市桃園區中寧里20鄰大興西路二段139巷33號二樓,68,6800100,6800100-049,20鄰,大興西路,二段,139巷,,,,33號二樓,121.297656270693,25.0104017105985
桃園市桃園區中寧里20鄰大興西路二段139巷33號十樓,68,6800100,6800100-049,20鄰,大興西路,二段,139巷,,,,33號十樓,121.297656270693,25.0104017105985
桃園市桃園區中寧里20鄰大興西路二段139巷33號十一樓,68,6800100,6800100-049,20鄰,大興西路,二段,139巷,,,,33號十一樓,121.297656270693,25.0104017105985
桃園市桃園區中寧里20鄰大興西路二段139巷33號十二樓,68,6800100,6800100-049,20鄰,大興西路,二段,139巷,,,,33號十二樓,121.297656270693,25.0104017105985
桃園市桃園區中寧里20鄰大興西路二段139巷35號七樓,68,6800100,6800100-049,20鄰,大興西路,二段,139巷,,,,35號七樓,121.297695747846,25.0104613988686
桃園市桃園區中寧里20鄰大興西路二段139巷35號九樓,68,6800100,6800100-049,20鄰,大興西路,二段,139巷,,,,35號九樓,121.297695747846,25.0104613988686
桃園市桃園區中寧里20鄰大興西路二段139巷35號十樓,68,6800100,6800100-049,20鄰,大興西路,二段,139巷,,,,35號十樓,121.297695747846,25.0104613988686
桃園市桃園區中寧里20鄰大興西路二段139巷35號十一樓,68,6800100,6800100-049,20鄰,大興西路,二段,139巷,,,,35號十一樓,121.297695747846,25.0104613988686
桃園市桃園區中寧里20鄰大興西路二段139巷35號十二樓,68,6800100,6800100-049,20鄰,大興西路,二段,139巷,,,,35號十二樓,121.297695747846,25.0104613988686
桃園市桃園區中寧里20鄰大興西路二段139巷35號二樓,68,6800100,6800100-049,20鄰,大興西路,二段,139巷,,,,35號二樓,121.297695747846,25.0104613988686
桃園市桃園區中寧里20鄰大興西路二段139巷35號三樓,68,6800100,6800100-049,20鄰,大興西路,二段,139巷,,,,35號三樓,121.297695747846,25.0104613988686
桃園市桃園區中寧里20鄰大興西路二段139巷35號四樓,68,6800100,6800100-049,20鄰,大興西路,二段,139巷,,,,35號四樓,121.297695747846,25.0104613988686
桃園市桃園區中寧里20鄰大興西路二段139巷35號五樓,68,6800100,6800100-049,20鄰,大興西路,二段,139巷,,,,35號五樓,121.297695747846,25.0104613988686
桃園市桃園區中寧里20鄰大興西路二段139巷35號六樓,68,6800100,6800100-049,20鄰,大興西路,二段,139巷,,,,35號六樓,121.297695747846,25.0104613988686
桃園市桃園區中寧里20鄰大興西路二段139巷35號八樓,68,6800100,6800100-049,20鄰,大興西路,二段,139巷,,,,35號八樓,121.297695747846,25.0104613988686
桃園市桃園區中寧里20鄰大興西路二段139巷37號十一樓,68,6800100,6800100-049,20鄰,大興西路,二段,139巷,,,,37號十一樓,121.297758824901,25.0105292556231
桃園市桃園區中寧里20鄰大興西路二段139巷37號七樓,68,6800100,6800100-049,20鄰,大興西路,二段,139巷,,,,37號七樓,121.297758824901,25.0105292556231
桃園市桃園區中寧里20鄰大興西路二段139巷37號八樓,68,6800100,6800100-049,20鄰,大興西路,二段,139巷,,,,37號八樓,121.297758824901,25.0105292556231
桃園市桃園區中寧里20鄰大興西路二段139巷37號九樓,68,6800100,6800100-049,20鄰,大興西路,二段,139巷,,,,37號九樓,121.297758824901,25.0105292556231
桃園市桃園區中寧里20鄰大興西路二段139巷37號十樓,68,6800100,6800100-049,20鄰,大興西路,二段,139巷,,,,37號十樓,121.297758824901,25.0105292556231
桃園市桃園區中寧里20鄰大興西路二段139巷37號二樓,68,6800100,6800100-049,20鄰,大興西路,二段,139巷,,,,37號二樓,121.297758824901,25.0105292556231
桃園市桃園區中寧里20鄰大興西路二段139巷37號三樓,68,6800100,6800100-049,20鄰,大興西路,二段,139巷,,,,37號三樓,121.297758824901,25.0105292556231
桃園市桃園區中寧里20鄰大興西路二段139巷37號四樓,68,6800100,6800100-049,20鄰,大興西路,二段,139巷,,,,37號四樓,121.297758824901,25.0105292556231
桃園市桃園區中寧里20鄰大興西路二段139巷37號五樓,68,6800100,6800100-049,20鄰,大興西路,二段,139巷,,,,37號五樓,121.297758824901,25.0105292556231
桃園市桃園區中寧里20鄰大興西路二段139巷37號六樓,68,6800100,6800100-049,20鄰,大興西路,二段,139巷,,,,37號六樓,121.297758824901,25.0105292556231
桃園市桃園區中寧里20鄰大興西路二段139巷39號五樓,68,6800100,6800100-049,20鄰,大興西路,二段,139巷,,,,39號五樓,121.29783227669,25.0105853547947
桃園市桃園區中寧里20鄰大興西路二段139巷39號七樓,68,6800100,6800100-049,20鄰,大興西路,二段,139巷,,,,39號七樓,121.29783227669,25.0105853547947
桃園市桃園區中寧里20鄰大興西路二段139巷39號八樓,68,6800100,6800100-049,20鄰,大興西路,二段,139巷,,,,39號八樓,121.29783227669,25.0105853547947
桃園市桃園區中寧里20鄰大興西路二段139巷39號九樓,68,6800100,6800100-049,20鄰,大興西路,二段,139巷,,,,39號九樓,121.29783227669,25.0105853547947
桃園市桃園區中寧里20鄰大興西路二段139巷39號十樓,68,6800100,6800100-049,20鄰,大興西路,二段,139巷,,,,39號十樓,121.29783227669,25.0105853547947
桃園市桃園區中寧里20鄰大興西路二段139巷39號十一樓,68,6800100,6800100-049,20鄰,大興西路,二段,139巷,,,,39號十一樓,121.29783227669,25.0105853547947
桃園市桃園區中寧里20鄰大興西路二段139巷39號六樓,68,6800100,6800100-049,20鄰,大興西路,二段,139巷,,,,39號六樓,121.29783227669,25.0105853547947
桃園市桃園區中寧里20鄰大興西路二段139巷39號二樓,68,6800100,6800100-049,20鄰,大興西路,二段,139巷,,,,39號二樓,121.29783227669,25.0105853547947
桃園市桃園區中寧里20鄰大興西路二段139巷39號四樓,68,6800100,6800100-049,20鄰,大興西路,二段,139巷,,,,39號四樓,121.29783227669,25.0105853547947
桃園市桃園區中寧里20鄰大興西路二段139巷39號三樓,68,6800100,6800100-049,20鄰,大興西路,二段,139巷,,,,39號三樓,121.29783227669,25.0105853547947
桃園市桃園區中寧里20鄰大興西路二段139巷41號二樓,68,6800100,6800100-049,20鄰,大興西路,二段,139巷,,,,41號二樓,121.297897464478,25.010542430132
桃園市桃園區中寧里20鄰大興西路二段139巷41號十一樓,68,6800100,6800100-049,20鄰,大興西路,二段,139巷,,,,41號十一樓,121.297897464478,25.010542430132
桃園市桃園區中寧里20鄰大興西路二段139巷41號三樓,68,6800100,6800100-049,20鄰,大興西路,二段,139巷,,,,41號三樓,121.297897464478,25.010542430132
桃園市桃園區中寧里20鄰大興西路二段139巷41號四樓,68,6800100,6800100-049,20鄰,大興西路,二段,139巷,,,,41號四樓,121.297897464478,25.010542430132
桃園市桃園區中寧里20鄰大興西路二段139巷41號五樓,68,6800100,6800100-049,20鄰,大興西路,二段,139巷,,,,41號五樓,121.297897464478,25.010542430132
桃園市桃園區中寧里20鄰大興西路二段139巷41號六樓,68,6800100,6800100-049,20鄰,大興西路,二段,139巷,,,,41號六樓,121.297897464478,25.010542430132
桃園市桃園區中寧里20鄰大興西路二段139巷41號七樓,68,6800100,6800100-049,20鄰,大興西路,二段,139巷,,,,41號七樓,121.297897464478,25.010542430132
桃園市桃園區中寧里20鄰大興西路二段139巷41號八樓,68,6800100,6800100-049,20鄰,大興西路,二段,139巷,,,,41號八樓,121.297897464478,25.010542430132
桃園市桃園區中寧里20鄰大興西路二段139巷41號九樓,68,6800100,6800100-049,20鄰,大興西路,二段,139巷,,,,41號九樓,121.297897464478,25.010542430132
桃園市桃園區中寧里20鄰大興西路二段139巷41號十樓,68,6800100,6800100-049,20鄰,大興西路,二段,139巷,,,,41號十樓,121.297897464478,25.010542430132
桃園市桃園區中寧里20鄰大興西路二段139巷43號七樓,68,6800100,6800100-049,20鄰,大興西路,二段,139巷,,,,43號七樓,121.297959296059,25.0105046582909
桃園市桃園區中寧里20鄰大興西路二段139巷43號十樓,68,6800100,6800100-049,20鄰,大興西路,二段,139巷,,,,43號十樓,121.297959296059,25.0105046582909
桃園市桃園區中寧里20鄰大興西路二段139巷43號十一樓,68,6800100,6800100-049,20鄰,大興西路,二段,139巷,,,,43號十一樓,121.297959296059,25.0105046582909
桃園市桃園區中寧里20鄰大興西路二段139巷43號十二樓,68,6800100,6800100-049,20鄰,大興西路,二段,139巷,,,,43號十二樓,121.297959296059,25.0105046582909
桃園市桃園區中寧里20鄰大興西路二段139巷43號二樓,68,6800100,6800100-049,20鄰,大興西路,二段,139巷,,,,43號二樓,121.297959296059,25.0105046582909
桃園市桃園區中寧里20鄰大興西路二段139巷43號三樓,68,6800100,6800100-049,20鄰,大興西路,二段,139巷,,,,43號三樓,121.297959296059,25.0105046582909
桃園市桃園區中寧里20鄰大興西路二段139巷43號四樓,68,6800100,6800100-049,20鄰,大興西路,二段,139巷,,,,43號四樓,121.297959296059,25.0105046582909
桃園市桃園區中寧里20鄰大興西路二段139巷43號五樓,68,6800100,6800100-049,20鄰,大興西路,二段,139巷,,,,43號五樓,121.297959296059,25.0105046582909
桃園市桃園區中寧里20鄰大興西路二段139巷43號六樓,68,6800100,6800100-049,20鄰,大興西路,二段,139巷,,,,43號六樓,121.297959296059,25.0105046582909
桃園市桃園區中寧里20鄰大興西路二段139巷43號八樓,68,6800100,6800100-049,20鄰,大興西路,二段,139巷,,,,43號八樓,121.297959296059,25.0105046582909
桃園市桃園區中寧里20鄰大興西路二段139巷43號九樓,68,6800100,6800100-049,20鄰,大興西路,二段,139巷,,,,43號九樓,121.297959296059,25.0105046582909
桃園市桃園區中寧里20鄰大興西路二段139巷45號八樓,68,6800100,6800100-049,20鄰,大興西路,二段,139巷,,,,45號八樓,121.298012297001,25.0104615774281
桃園市桃園區中寧里20鄰大興西路二段139巷45號九樓,68,6800100,6800100-049,20鄰,大興西路,二段,139巷,,,,45號九樓,121.298012297001,25.0104615774281
桃園市桃園區中寧里20鄰大興西路二段139巷45號十樓,68,6800100,6800100-049,20鄰,大興西路,二段,139巷,,,,45號十樓,121.298012297001,25.0104615774281
桃園市桃園區中寧里20鄰大興西路二段139巷45號十一樓,68,6800100,6800100-049,20鄰,大興西路,二段,139巷,,,,45號十一樓,121.298012297001,25.0104615774281
桃園市桃園區中寧里20鄰大興西路二段139巷45號十二樓,68,6800100,6800100-049,20鄰,大興西路,二段,139巷,,,,45號十二樓,121.298012297001,25.0104615774281
桃園市桃園區中寧里20鄰大興西路二段139巷45號二樓,68,6800100,6800100-049,20鄰,大興西路,二段,139巷,,,,45號二樓,121.298012297001,25.0104615774281
桃園市桃園區中寧里20鄰大興西路二段139巷45號三樓,68,6800100,6800100-049,20鄰,大興西路,二段,139巷,,,,45號三樓,121.298012297001,25.0104615774281
桃園市桃園區中寧里20鄰大興西路二段139巷45號四樓,68,6800100,6800100-049,20鄰,大興西路,二段,139巷,,,,45號四樓,121.298012297001,25.0104615774281
桃園市桃園區中寧里20鄰大興西路二段139巷45號六樓,68,6800100,6800100-049,20鄰,大興西路,二段,139巷,,,,45號六樓,121.298012297001,25.0104615774281
桃園市桃園區中寧里20鄰大興西路二段139巷45號五樓,68,6800100,6800100-049,20鄰,大興西路,二段,139巷,,,,45號五樓,121.298012297001,25.0104615774281
桃園市桃園區中寧里20鄰大興西路二段139巷45號七樓,68,6800100,6800100-049,20鄰,大興西路,二段,139巷,,,,45號七樓,121.298012297001,25.0104615774281
桃園市桃園區中寧里20鄰大興西路二段139巷47號三樓,68,6800100,6800100-049,20鄰,大興西路,二段,139巷,,,,47號三樓,121.298059379073,25.0104291617926
桃園市桃園區中寧里20鄰大興西路二段139巷47號四樓,68,6800100,6800100-049,20鄰,大興西路,二段,139巷,,,,47號四樓,121.298059379073,25.0104291617926
桃園市桃園區中寧里20鄰大興西路二段139巷47號五樓,68,6800100,6800100-049,20鄰,大興西路,二段,139巷,,,,47號五樓,121.298059379073,25.0104291617926
桃園市桃園區中寧里20鄰大興西路二段139巷47號十二樓,68,6800100,6800100-049,20鄰,大興西路,二段,139巷,,,,47號十二樓,121.298059379073,25.0104291617926
桃園市桃園區中寧里20鄰大興西路二段139巷47號六樓,68,6800100,6800100-049,20鄰,大興西路,二段,139巷,,,,47號六樓,121.298059379073,25.0104291617926
桃園市桃園區中寧里20鄰大興西路二段139巷47號七樓,68,6800100,6800100-049,20鄰,大興西路,二段,139巷,,,,47號七樓,121.298059379073,25.0104291617926
桃園市桃園區中寧里20鄰大興西路二段139巷47號八樓,68,6800100,6800100-049,20鄰,大興西路,二段,139巷,,,,47號八樓,121.298059379073,25.0104291617926
桃園市桃園區中寧里20鄰大興西路二段139巷47號二樓,68,6800100,6800100-049,20鄰,大興西路,二段,139巷,,,,47號二樓,121.298059379073,25.0104291617926
桃園市桃園區中寧里20鄰大興西路二段139巷47號九樓,68,6800100,6800100-049,20鄰,大興西路,二段,139巷,,,,47號九樓,121.298059379073,25.0104291617926
桃園市桃園區中寧里20鄰大興西路二段139巷47號十樓,68,6800100,6800100-049,20鄰,大興西路,二段,139巷,,,,47號十樓,121.298059379073,25.0104291617926
桃園市桃園區中寧里20鄰大興西路二段139巷47號十一樓,68,6800100,6800100-049,20鄰,大興西路,二段,139巷,,,,47號十一樓,121.298059379073,25.0104291617926
桃園市桃園區中寧里20鄰大興西路二段139巷49號九樓,68,6800100,6800100-049,20鄰,大興西路,二段,139巷,,,,49號九樓,121.298109401137,25.0103833783782
桃園市桃園區中寧里20鄰大興西路二段139巷49號十樓,68,6800100,6800100-049,20鄰,大興西路,二段,139巷,,,,49號十樓,121.298109401137,25.0103833783782
桃園市桃園區中寧里20鄰大興西路二段139巷49號十一樓,68,6800100,6800100-049,20鄰,大興西路,二段,139巷,,,,49號十一樓,121.298109401137,25.0103833783782
桃園市桃園區中寧里20鄰大興西路二段139巷49號十二樓,68,6800100,6800100-049,20鄰,大興西路,二段,139巷,,,,49號十二樓,121.298109401137,25.0103833783782
桃園市桃園區中寧里20鄰大興西路二段139巷49號二樓,68,6800100,6800100-049,20鄰,大興西路,二段,139巷,,,,49號二樓,121.298109401137,25.0103833783782
桃園市桃園區中寧里20鄰大興西路二段139巷49號三樓,68,6800100,6800100-049,20鄰,大興西路,二段,139巷,,,,49號三樓,121.298109401137,25.0103833783782
桃園市桃園區中寧里20鄰大興西路二段139巷49號四樓,68,6800100,6800100-049,20鄰,大興西路,二段,139巷,,,,49號四樓,121.298109401137,25.0103833783782
桃園市桃園區中寧里20鄰大興西路二段139巷49號五樓,68,6800100,6800100-049,20鄰,大興西路,二段,139巷,,,,49號五樓,121.298109401137,25.0103833783782
桃園市桃園區中寧里20鄰大興西路二段139巷49號六樓,68,6800100,6800100-049,20鄰,大興西路,二段,139巷,,,,49號六樓,121.298109401137,25.0103833783782
桃園市桃園區中寧里20鄰大興西路二段139巷49號七樓,68,6800100,6800100-049,20鄰,大興西路,二段,139巷,,,,49號七樓,121.298109401137,25.0103833783782
桃園市桃園區中寧里20鄰大興西路二段139巷49號八樓,68,6800100,6800100-049,20鄰,大興西路,二段,139巷,,,,49號八樓,121.298109401137,25.0103833783782
桃園市桃園區中寧里21鄰大興西路二段139巷51號二樓,68,6800100,6800100-049,21鄰,大興西路,二段,139巷,,,,51號二樓,121.298165367706,25.010337583029
桃園市桃園區中寧里21鄰大興西路二段139巷51號三樓,68,6800100,6800100-049,21鄰,大興西路,二段,139巷,,,,51號三樓,121.298165367706,25.010337583029
桃園市桃園區中寧里21鄰大興西路二段139巷51號四樓,68,6800100,6800100-049,21鄰,大興西路,二段,139巷,,,,51號四樓,121.298165367706,25.010337583029
桃園市桃園區中寧里21鄰大興西路二段139巷51號五樓,68,6800100,6800100-049,21鄰,大興西路,二段,139巷,,,,51號五樓,121.298165367706,25.010337583029
桃園市桃園區中寧里21鄰大興西路二段139巷51號七樓,68,6800100,6800100-049,21鄰,大興西路,二段,139巷,,,,51號七樓,121.298165367706,25.010337583029
桃園市桃園區中寧里21鄰大興西路二段139巷51號八樓,68,6800100,6800100-049,21鄰,大興西路,二段,139巷,,,,51號八樓,121.298165367706,25.010337583029
桃園市桃園區中寧里21鄰大興西路二段139巷51號九樓,68,6800100,6800100-049,21鄰,大興西路,二段,139巷,,,,51號九樓,121.298165367706,25.010337583029
桃園市桃園區中寧里21鄰大興西路二段139巷51號十樓,68,6800100,6800100-049,21鄰,大興西路,二段,139巷,,,,51號十樓,121.298165367706,25.010337583029
桃園市桃園區中寧里21鄰大興西路二段139巷51號十一樓,68,6800100,6800100-049,21鄰,大興西路,二段,139巷,,,,51號十一樓,121.298165367706,25.010337583029
桃園市桃園區中寧里21鄰大興西路二段139巷51號六樓,68,6800100,6800100-049,21鄰,大興西路,二段,139巷,,,,51號六樓,121.298165367706,25.010337583029
桃園市桃園區中寧里21鄰大興西路二段139巷53號四樓,68,6800100,6800100-049,21鄰,大興西路,二段,139巷,,,,53號四樓,121.298222211742,25.0102859175099
桃園市桃園區中寧里21鄰大興西路二段139巷53號五樓,68,6800100,6800100-049,21鄰,大興西路,二段,139巷,,,,53號五樓,121.298222211742,25.0102859175099
桃園市桃園區中寧里21鄰大興西路二段139巷53號六樓,68,6800100,6800100-049,21鄰,大興西路,二段,139巷,,,,53號六樓,121.298222211742,25.0102859175099
桃園市桃園區中寧里21鄰大興西路二段139巷53號八樓,68,6800100,6800100-049,21鄰,大興西路,二段,139巷,,,,53號八樓,121.298222211742,25.0102859175099
桃園市桃園區中寧里21鄰大興西路二段139巷53號九樓,68,6800100,6800100-049,21鄰,大興西路,二段,139巷,,,,53號九樓,121.298222211742,25.0102859175099
桃園市桃園區中寧里21鄰大興西路二段139巷53號十樓,68,6800100,6800100-049,21鄰,大興西路,二段,139巷,,,,53號十樓,121.298222211742,25.0102859175099
桃園市桃園區中寧里21鄰大興西路二段139巷53號十一樓,68,6800100,6800100-049,21鄰,大興西路,二段,139巷,,,,53號十一樓,121.298222211742,25.0102859175099
桃園市桃園區中寧里21鄰大興西路二段139巷53號七樓,68,6800100,6800100-049,21鄰,大興西路,二段,139巷,,,,53號七樓,121.298222211742,25.0102859175099
桃園市桃園區中寧里21鄰大興西路二段139巷53號三樓,68,6800100,6800100-049,21鄰,大興西路,二段,139巷,,,,53號三樓,121.298222211742,25.0102859175099
桃園市桃園區中寧里21鄰大興西路二段139巷53號二樓,68,6800100,6800100-049,21鄰,大興西路,二段,139巷,,,,53號二樓,121.298222211742,25.0102859175099
桃園市桃園區中寧里21鄰大興西路二段139巷55號二樓,68,6800100,6800100-049,21鄰,大興西路,二段,139巷,,,,55號二樓,121.298170960308,25.0102328436393
桃園市桃園區中寧里21鄰大興西路二段139巷55號三樓,68,6800100,6800100-049,21鄰,大興西路,二段,139巷,,,,55號三樓,121.298170960308,25.0102328436393
桃園市桃園區中寧里21鄰大興西路二段139巷55號四樓,68,6800100,6800100-049,21鄰,大興西路,二段,139巷,,,,55號四樓,121.298170960308,25.0102328436393
桃園市桃園區中寧里21鄰大興西路二段139巷55號五樓,68,6800100,6800100-049,21鄰,大興西路,二段,139巷,,,,55號五樓,121.298170960308,25.0102328436393
桃園市桃園區中寧里21鄰大興西路二段139巷55號七樓,68,6800100,6800100-049,21鄰,大興西路,二段,139巷,,,,55號七樓,121.298170960308,25.0102328436393
桃園市桃園區中寧里21鄰大興西路二段139巷55號八樓,68,6800100,6800100-049,21鄰,大興西路,二段,139巷,,,,55號八樓,121.298170960308,25.0102328436393
桃園市桃園區中寧里21鄰大興西路二段139巷55號九樓,68,6800100,6800100-049,21鄰,大興西路,二段,139巷,,,,55號九樓,121.298170960308,25.0102328436393
桃園市桃園區中寧里21鄰大興西路二段139巷55號六樓,68,6800100,6800100-049,21鄰,大興西路,二段,139巷,,,,55號六樓,121.298170960308,25.0102328436393
桃園市桃園區中寧里21鄰大興西路二段139巷55號十樓,68,6800100,6800100-049,21鄰,大興西路,二段,139巷,,,,55號十樓,121.298170960308,25.0102328436393
桃園市桃園區中寧里21鄰大興西路二段139巷55號十一樓,68,6800100,6800100-049,21鄰,大興西路,二段,139巷,,,,55號十一樓,121.298170960308,25.0102328436393
桃園市桃園區中寧里21鄰大興西路二段139巷57號四樓,68,6800100,6800100-049,21鄰,大興西路,二段,139巷,,,,57號四樓,121.298123683492,25.0101845467771
桃園市桃園區中寧里21鄰大興西路二段139巷57號八樓,68,6800100,6800100-049,21鄰,大興西路,二段,139巷,,,,57號八樓,121.298123683492,25.0101845467771
桃園市桃園區中寧里21鄰大興西路二段139巷57號十樓,68,6800100,6800100-049,21鄰,大興西路,二段,139巷,,,,57號十樓,121.298123683492,25.0101845467771
桃園市桃園區中寧里21鄰大興西路二段139巷57號十一樓,68,6800100,6800100-049,21鄰,大興西路,二段,139巷,,,,57號十一樓,121.298123683492,25.0101845467771
桃園市桃園區中寧里21鄰大興西路二段139巷57號十二樓,68,6800100,6800100-049,21鄰,大興西路,二段,139巷,,,,57號十二樓,121.298123683492,25.0101845467771
桃園市桃園區中寧里21鄰大興西路二段139巷57號九樓,68,6800100,6800100-049,21鄰,大興西路,二段,139巷,,,,57號九樓,121.298123683492,25.0101845467771
桃園市桃園區中寧里21鄰大興西路二段139巷57號二樓,68,6800100,6800100-049,21鄰,大興西路,二段,139巷,,,,57號二樓,121.298123683492,25.0101845467771
桃園市桃園區中寧里21鄰大興西路二段139巷57號三樓,68,6800100,6800100-049,21鄰,大興西路,二段,139巷,,,,57號三樓,121.298123683492,25.0101845467771
桃園市桃園區中寧里21鄰大興西路二段139巷57號五樓,68,6800100,6800100-049,21鄰,大興西路,二段,139巷,,,,57號五樓,121.298123683492,25.0101845467771
桃園市桃園區中寧里21鄰大興西路二段139巷57號六樓,68,6800100,6800100-049,21鄰,大興西路,二段,139巷,,,,57號六樓,121.298123683492,25.0101845467771
桃園市桃園區中寧里21鄰大興西路二段139巷57號七樓,68,6800100,6800100-049,21鄰,大興西路,二段,139巷,,,,57號七樓,121.298123683492,25.0101845467771
桃園市桃園區中寧里21鄰大興西路二段139巷59號六樓,68,6800100,6800100-049,21鄰,大興西路,二段,139巷,,,,59號六樓,121.298064623261,25.0101389820036
桃園市桃園區中寧里21鄰大興西路二段139巷59號七樓,68,6800100,6800100-049,21鄰,大興西路,二段,139巷,,,,59號七樓,121.298064623261,25.0101389820036
桃園市桃園區中寧里21鄰大興西路二段139巷59號八樓,68,6800100,6800100-049,21鄰,大興西路,二段,139巷,,,,59號八樓,121.298064623261,25.0101389820036
桃園市桃園區中寧里21鄰大興西路二段139巷59號九樓,68,6800100,6800100-049,21鄰,大興西路,二段,139巷,,,,59號九樓,121.298064623261,25.0101389820036
桃園市桃園區中寧里21鄰大興西路二段139巷59號十樓,68,6800100,6800100-049,21鄰,大興西路,二段,139巷,,,,59號十樓,121.298064623261,25.0101389820036
桃園市桃園區中寧里21鄰大興西路二段139巷59號十一樓,68,6800100,6800100-049,21鄰,大興西路,二段,139巷,,,,59號十一樓,121.298064623261,25.0101389820036
桃園市桃園區中寧里21鄰大興西路二段139巷59號十二樓,68,6800100,6800100-049,21鄰,大興西路,二段,139巷,,,,59號十二樓,121.298064623261,25.0101389820036
桃園市桃園區中寧里21鄰大興西路二段139巷59號二樓,68,6800100,6800100-049,21鄰,大興西路,二段,139巷,,,,59號二樓,121.298064623261,25.0101389820036
桃園市桃園區中寧里21鄰大興西路二段139巷59號三樓,68,6800100,6800100-049,21鄰,大興西路,二段,139巷,,,,59號三樓,121.298064623261,25.0101389820036
桃園市桃園區中寧里21鄰大興西路二段139巷59號五樓,68,6800100,6800100-049,21鄰,大興西路,二段,139巷,,,,59號五樓,121.298064623261,25.0101389820036
桃園市桃園區中寧里21鄰大興西路二段139巷59號四樓,68,6800100,6800100-049,21鄰,大興西路,二段,139巷,,,,59號四樓,121.298064623261,25.0101389820036
桃園市桃園區中寧里21鄰大興西路二段139巷61號二樓,68,6800100,6800100-049,21鄰,大興西路,二段,139巷,,,,61號二樓,121.297996607281,25.0100772745096
桃園市桃園區中寧里21鄰大興西路二段139巷61號十一樓,68,6800100,6800100-049,21鄰,大興西路,二段,139巷,,,,61號十一樓,121.297996607281,25.0100772745096
桃園市桃園區中寧里21鄰大興西路二段139巷61號十二樓,68,6800100,6800100-049,21鄰,大興西路,二段,139巷,,,,61號十二樓,121.297996607281,25.0100772745096
桃園市桃園區中寧里21鄰大興西路二段139巷61號三樓,68,6800100,6800100-049,21鄰,大興西路,二段,139巷,,,,61號三樓,121.297996607281,25.0100772745096
桃園市桃園區中寧里21鄰大興西路二段139巷61號四樓,68,6800100,6800100-049,21鄰,大興西路,二段,139巷,,,,61號四樓,121.297996607281,25.0100772745096
桃園市桃園區中寧里21鄰大興西路二段139巷61號五樓,68,6800100,6800100-049,21鄰,大興西路,二段,139巷,,,,61號五樓,121.297996607281,25.0100772745096
桃園市桃園區中寧里21鄰大興西路二段139巷61號六樓,68,6800100,6800100-049,21鄰,大興西路,二段,139巷,,,,61號六樓,121.297996607281,25.0100772745096
桃園市桃園區中寧里21鄰大興西路二段139巷61號七樓,68,6800100,6800100-049,21鄰,大興西路,二段,139巷,,,,61號七樓,121.297996607281,25.0100772745096
桃園市桃園區中寧里21鄰大興西路二段139巷61號八樓,68,6800100,6800100-049,21鄰,大興西路,二段,139巷,,,,61號八樓,121.297996607281,25.0100772745096
桃園市桃園區中寧里21鄰大興西路二段139巷61號九樓,68,6800100,6800100-049,21鄰,大興西路,二段,139巷,,,,61號九樓,121.297996607281,25.0100772745096
桃園市桃園區中寧里21鄰大興西路二段139巷61號十樓,68,6800100,6800100-049,21鄰,大興西路,二段,139巷,,,,61號十樓,121.297996607281,25.0100772745096
桃園市桃園區中寧里21鄰大興西路二段139巷63號八樓,68,6800100,6800100-049,21鄰,大興西路,二段,139巷,,,,63號八樓,121.297901981,25.0099915147504
桃園市桃園區中寧里21鄰大興西路二段139巷63號九樓,68,6800100,6800100-049,21鄰,大興西路,二段,139巷,,,,63號九樓,121.297901981,25.0099915147504
桃園市桃園區中寧里21鄰大興西路二段139巷63號十樓,68,6800100,6800100-049,21鄰,大興西路,二段,139巷,,,,63號十樓,121.297901981,25.0099915147504
桃園市桃園區中寧里21鄰大興西路二段139巷63號十一樓,68,6800100,6800100-049,21鄰,大興西路,二段,139巷,,,,63號十一樓,121.297901981,25.0099915147504
桃園市桃園區中寧里21鄰大興西路二段139巷63號十二樓,68,6800100,6800100-049,21鄰,大興西路,二段,139巷,,,,63號十二樓,121.297901981,25.0099915147504
桃園市桃園區中寧里21鄰大興西路二段139巷63號三樓,68,6800100,6800100-049,21鄰,大興西路,二段,139巷,,,,63號三樓,121.297901981,25.0099915147504
桃園市桃園區中寧里21鄰大興西路二段139巷63號二樓,68,6800100,6800100-049,21鄰,大興西路,二段,139巷,,,,63號二樓,121.297901981,25.0099915147504
桃園市桃園區中寧里21鄰大興西路二段139巷63號四樓,68,6800100,6800100-049,21鄰,大興西路,二段,139巷,,,,63號四樓,121.297901981,25.0099915147504
桃園市桃園區中寧里21鄰大興西路二段139巷63號五樓,68,6800100,6800100-049,21鄰,大興西路,二段,139巷,,,,63號五樓,121.297901981,25.0099915147504
桃園市桃園區中寧里21鄰大興西路二段139巷63號六樓,68,6800100,6800100-049,21鄰,大興西路,二段,139巷,,,,63號六樓,121.297901981,25.0099915147504
桃園市桃園區中寧里21鄰大興西路二段139巷63號七樓,68,6800100,6800100-049,21鄰,大興西路,二段,139巷,,,,63號七樓,121.297901981,25.0099915147504
桃園市桃園區中寧里21鄰大興西路二段139巷65號五樓,68,6800100,6800100-049,21鄰,大興西路,二段,139巷,,,,65號五樓,121.29784882649,25.0099297774167
桃園市桃園區中寧里21鄰大興西路二段139巷65號六樓,68,6800100,6800100-049,21鄰,大興西路,二段,139巷,,,,65號六樓,121.29784882649,25.0099297774167
桃園市桃園區中寧里21鄰大興西路二段139巷65號七樓,68,6800100,6800100-049,21鄰,大興西路,二段,139巷,,,,65號七樓,121.29784882649,25.0099297774167
桃園市桃園區中寧里21鄰大興西路二段139巷65號八樓,68,6800100,6800100-049,21鄰,大興西路,二段,139巷,,,,65號八樓,121.29784882649,25.0099297774167
桃園市桃園區中寧里21鄰大興西路二段139巷65號九樓,68,6800100,6800100-049,21鄰,大興西路,二段,139巷,,,,65號九樓,121.29784882649,25.0099297774167
桃園市桃園區中寧里21鄰大興西路二段139巷65號十樓,68,6800100,6800100-049,21鄰,大興西路,二段,139巷,,,,65號十樓,121.29784882649,25.0099297774167
桃園市桃園區中寧里21鄰大興西路二段139巷65號十一樓,68,6800100,6800100-049,21鄰,大興西路,二段,139巷,,,,65號十一樓,121.29784882649,25.0099297774167
桃園市桃園區中寧里21鄰大興西路二段139巷65號十二樓,68,6800100,6800100-049,21鄰,大興西路,二段,139巷,,,,65號十二樓,121.29784882649,25.0099297774167
桃園市桃園區中寧里21鄰大興西路二段139巷65號二樓,68,6800100,6800100-049,21鄰,大興西路,二段,139巷,,,,65號二樓,121.29784882649,25.0099297774167
桃園市桃園區中寧里21鄰大興西路二段139巷65號三樓,68,6800100,6800100-049,21鄰,大興西路,二段,139巷,,,,65號三樓,121.29784882649,25.0099297774167
桃園市桃園區中寧里21鄰大興西路二段139巷65號四樓,68,6800100,6800100-049,21鄰,大興西路,二段,139巷,,,,65號四樓,121.29784882649,25.0099297774167
桃園市桃園區中寧里21鄰大興西路二段139巷67號九樓,68,6800100,6800100-049,21鄰,大興西路,二段,139巷,,,,67號九樓,121.297796449178,25.0098616284197
桃園市桃園區中寧里21鄰大興西路二段139巷67號二樓,68,6800100,6800100-049,21鄰,大興西路,二段,139巷,,,,67號二樓,121.297796449178,25.0098616284197
桃園市桃園區中寧里21鄰大興西路二段139巷67號十二樓,68,6800100,6800100-049,21鄰,大興西路,二段,139巷,,,,67號十二樓,121.297796449178,25.0098616284197
桃園市桃園區中寧里21鄰大興西路二段139巷67號三樓,68,6800100,6800100-049,21鄰,大興西路,二段,139巷,,,,67號三樓,121.297796449178,25.0098616284197
桃園市桃園區中寧里21鄰大興西路二段139巷67號四樓,68,6800100,6800100-049,21鄰,大興西路,二段,139巷,,,,67號四樓,121.297796449178,25.0098616284197
桃園市桃園區中寧里21鄰大興西路二段139巷67號五樓,68,6800100,6800100-049,21鄰,大興西路,二段,139巷,,,,67號五樓,121.297796449178,25.0098616284197
桃園市桃園區中寧里21鄰大興西路二段139巷67號六樓,68,6800100,6800100-049,21鄰,大興西路,二段,139巷,,,,67號六樓,121.297796449178,25.0098616284197
桃園市桃園區中寧里21鄰大興西路二段139巷67號七樓,68,6800100,6800100-049,21鄰,大興西路,二段,139巷,,,,67號七樓,121.297796449178,25.0098616284197
桃園市桃園區中寧里21鄰大興西路二段139巷67號八樓,68,6800100,6800100-049,21鄰,大興西路,二段,139巷,,,,67號八樓,121.297796449178,25.0098616284197
桃園市桃園區中寧里21鄰大興西路二段139巷67號十樓,68,6800100,6800100-049,21鄰,大興西路,二段,139巷,,,,67號十樓,121.297796449178,25.0098616284197
桃園市桃園區中寧里21鄰大興西路二段139巷67號十一樓,68,6800100,6800100-049,21鄰,大興西路,二段,139巷,,,,67號十一樓,121.297796449178,25.0098616284197
桃園市桃園區中寧里21鄰大興西路二段139巷69號二樓,68,6800100,6800100-049,21鄰,大興西路,二段,139巷,,,,69號二樓,121.297746597999,25.0098138782855
桃園市桃園區中寧里21鄰大興西路二段139巷69號三樓,68,6800100,6800100-049,21鄰,大興西路,二段,139巷,,,,69號三樓,121.297746597999,25.0098138782855
桃園市桃園區中寧里21鄰大興西路二段139巷69號四樓,68,6800100,6800100-049,21鄰,大興西路,二段,139巷,,,,69號四樓,121.297746597999,25.0098138782855
桃園市桃園區中寧里21鄰大興西路二段139巷69號五樓,68,6800100,6800100-049,21鄰,大興西路,二段,139巷,,,,69號五樓,121.297746597999,25.0098138782855
桃園市桃園區中寧里21鄰大興西路二段139巷69號七樓,68,6800100,6800100-049,21鄰,大興西路,二段,139巷,,,,69號七樓,121.297746597999,25.0098138782855
桃園市桃園區中寧里21鄰大興西路二段139巷69號八樓,68,6800100,6800100-049,21鄰,大興西路,二段,139巷,,,,69號八樓,121.297746597999,25.0098138782855
桃園市桃園區中寧里21鄰大興西路二段139巷69號九樓,68,6800100,6800100-049,21鄰,大興西路,二段,139巷,,,,69號九樓,121.297746597999,25.0098138782855
桃園市桃園區中寧里21鄰大興西路二段139巷69號十樓,68,6800100,6800100-049,21鄰,大興西路,二段,139巷,,,,69號十樓,121.297746597999,25.0098138782855
桃園市桃園區中寧里21鄰大興西路二段139巷69號十一樓,68,6800100,6800100-049,21鄰,大興西路,二段,139巷,,,,69號十一樓,121.297746597999,25.0098138782855
桃園市桃園區中寧里21鄰大興西路二段139巷69號十二樓,68,6800100,6800100-049,21鄰,大興西路,二段,139巷,,,,69號十二樓,121.297746597999,25.0098138782855
桃園市桃園區中寧里21鄰大興西路二段139巷69號六樓,68,6800100,6800100-049,21鄰,大興西路,二段,139巷,,,,69號六樓,121.297746597999,25.0098138782855
桃園市桃園區中寧里21鄰大興西路二段139巷71號二樓,68,6800100,6800100-049,21鄰,大興西路,二段,139巷,,,,71號二樓,121.297573331514,25.0097798272794
桃園市桃園區中寧里21鄰大興西路二段139巷71號四樓,68,6800100,6800100-049,21鄰,大興西路,二段,139巷,,,,71號四樓,121.297573331514,25.0097798272794
桃園市桃園區中寧里21鄰大興西路二段139巷71號五樓,68,6800100,6800100-049,21鄰,大興西路,二段,139巷,,,,71號五樓,121.297573331514,25.0097798272794
桃園市桃園區中寧里21鄰大興西路二段139巷71號六樓,68,6800100,6800100-049,21鄰,大興西路,二段,139巷,,,,71號六樓,121.297573331514,25.0097798272794
桃園市桃園區中寧里21鄰大興西路二段139巷71號七樓,68,6800100,6800100-049,21鄰,大興西路,二段,139巷,,,,71號七樓,121.297573331514,25.0097798272794
桃園市桃園區中寧里21鄰大興西路二段139巷71號八樓,68,6800100,6800100-049,21鄰,大興西路,二段,139巷,,,,71號八樓,121.297573331514,25.0097798272794
桃園市桃園區中寧里21鄰大興西路二段139巷71號九樓,68,6800100,6800100-049,21鄰,大興西路,二段,139巷,,,,71號九樓,121.297573331514,25.0097798272794
桃園市桃園區中寧里21鄰大興西路二段139巷71號三樓,68,6800100,6800100-049,21鄰,大興西路,二段,139巷,,,,71號三樓,121.297573331514,25.0097798272794
桃園市桃園區中寧里21鄰大興西路二段139巷71號十樓,68,6800100,6800100-049,21鄰,大興西路,二段,139巷,,,,71號十樓,121.297573331514,25.0097798272794
桃園市桃園區中寧里21鄰大興西路二段139巷71號十一樓,68,6800100,6800100-049,21鄰,大興西路,二段,139巷,,,,71號十一樓,121.297573331514,25.0097798272794
桃園市桃園區中寧里21鄰大興西路二段139巷71號十二樓,68,6800100,6800100-049,21鄰,大興西路,二段,139巷,,,,71號十二樓,121.297573331514,25.0097798272794
桃園市桃園區中寧里21鄰大興西路二段139巷73號五樓,68,6800100,6800100-049,21鄰,大興西路,二段,139巷,,,,73號五樓,121.297551442742,25.0098238388568
桃園市桃園區中寧里21鄰大興西路二段139巷73號七樓,68,6800100,6800100-049,21鄰,大興西路,二段,139巷,,,,73號七樓,121.297551442742,25.0098238388568
桃園市桃園區中寧里21鄰大興西路二段139巷73號八樓,68,6800100,6800100-049,21鄰,大興西路,二段,139巷,,,,73號八樓,121.297551442742,25.0098238388568
桃園市桃園區中寧里21鄰大興西路二段139巷73號九樓,68,6800100,6800100-049,21鄰,大興西路,二段,139巷,,,,73號九樓,121.297551442742,25.0098238388568
桃園市桃園區中寧里21鄰大興西路二段139巷73號十樓,68,6800100,6800100-049,21鄰,大興西路,二段,139巷,,,,73號十樓,121.297551442742,25.0098238388568
桃園市桃園區中寧里21鄰大興西路二段139巷73號十一樓,68,6800100,6800100-049,21鄰,大興西路,二段,139巷,,,,73號十一樓,121.297551442742,25.0098238388568
桃園市桃園區中寧里21鄰大興西路二段139巷73號十二樓,68,6800100,6800100-049,21鄰,大興西路,二段,139巷,,,,73號十二樓,121.297551442742,25.0098238388568
桃園市桃園區中寧里21鄰大興西路二段139巷73號二樓,68,6800100,6800100-049,21鄰,大興西路,二段,139巷,,,,73號二樓,121.297551442742,25.0098238388568
桃園市桃園區中寧里21鄰大興西路二段139巷73號三樓,68,6800100,6800100-049,21鄰,大興西路,二段,139巷,,,,73號三樓,121.297551442742,25.0098238388568
桃園市桃園區中寧里21鄰大興西路二段139巷73號四樓,68,6800100,6800100-049,21鄰,大興西路,二段,139巷,,,,73號四樓,121.297551442742,25.0098238388568
桃園市桃園區中寧里21鄰大興西路二段139巷73號六樓,68,6800100,6800100-049,21鄰,大興西路,二段,139巷,,,,73號六樓,121.297551442742,25.0098238388568
桃園市桃園區中寧里21鄰大興西路二段139巷75號二樓,68,6800100,6800100-049,21鄰,大興西路,二段,139巷,,,,75號二樓,121.297517510484,25.0098860213913
桃園市桃園區中寧里21鄰大興西路二段139巷75號三樓,68,6800100,6800100-049,21鄰,大興西路,二段,139巷,,,,75號三樓,121.297517510484,25.0098860213913
桃園市桃園區中寧里21鄰大興西路二段139巷75號四樓,68,6800100,6800100-049,21鄰,大興西路,二段,139巷,,,,75號四樓,121.297517510484,25.0098860213913
桃園市桃園區中寧里21鄰大興西路二段139巷75號五樓,68,6800100,6800100-049,21鄰,大興西路,二段,139巷,,,,75號五樓,121.297517510484,25.0098860213913
桃園市桃園區中寧里21鄰大興西路二段139巷75號六樓,68,6800100,6800100-049,21鄰,大興西路,二段,139巷,,,,75號六樓,121.297517510484,25.0098860213913
桃園市桃園區中寧里21鄰大興西路二段139巷75號七樓,68,6800100,6800100-049,21鄰,大興西路,二段,139巷,,,,75號七樓,121.297517510484,25.0098860213913
桃園市桃園區中寧里21鄰大興西路二段139巷75號八樓,68,6800100,6800100-049,21鄰,大興西路,二段,139巷,,,,75號八樓,121.297517510484,25.0098860213913
桃園市桃園區中寧里21鄰大興西路二段139巷75號九樓,68,6800100,6800100-049,21鄰,大興西路,二段,139巷,,,,75號九樓,121.297517510484,25.0098860213913
桃園市桃園區中寧里21鄰大興西路二段139巷75號十樓,68,6800100,6800100-049,21鄰,大興西路,二段,139巷,,,,75號十樓,121.297517510484,25.0098860213913
桃園市桃園區中寧里21鄰大興西路二段139巷75號十一樓,68,6800100,6800100-049,21鄰,大興西路,二段,139巷,,,,75號十一樓,121.297517510484,25.0098860213913
桃園市桃園區中寧里21鄰大興西路二段139巷75號十二樓,68,6800100,6800100-049,21鄰,大興西路,二段,139巷,,,,75號十二樓,121.297517510484,25.0098860213913
桃園市桃園區中寧里21鄰大興西路二段139巷77號,68,6800100,6800100-049,21鄰,大興西路,二段,139巷,,,,77號,121.29764143125,25.0097942265546
桃園市桃園區中寧里21鄰大興西路二段139巷79號,68,6800100,6800100-049,21鄰,大興西路,二段,139巷,,,,79號,121.297620630153,25.009837333136
桃園市桃園區中寧里22鄰大興西路二段139巷81號十樓之2,68,6800100,6800100-049,22鄰,大興西路,二段,139巷,,,,81號十樓之2,121.297814113196,25.009585869011
桃園市桃園區中寧里22鄰大興西路二段139巷81號十一樓之1,68,6800100,6800100-049,22鄰,大興西路,二段,139巷,,,,81號十一樓之1,121.297814113196,25.009585869011
桃園市桃園區中寧里22鄰大興西路二段139巷81號十一樓之2,68,6800100,6800100-049,22鄰,大興西路,二段,139巷,,,,81號十一樓之2,121.297814113196,25.009585869011
桃園市桃園區中寧里22鄰大興西路二段139巷81號十二樓,68,6800100,6800100-049,22鄰,大興西路,二段,139巷,,,,81號十二樓,121.297814113196,25.009585869011
桃園市桃園區中寧里22鄰大興西路二段139巷81號五樓之2,68,6800100,6800100-049,22鄰,大興西路,二段,139巷,,,,81號五樓之2,121.297814113196,25.009585869011
桃園市桃園區中寧里22鄰大興西路二段139巷81號六樓之1,68,6800100,6800100-049,22鄰,大興西路,二段,139巷,,,,81號六樓之1,121.297814113196,25.009585869011
桃園市桃園區中寧里22鄰大興西路二段139巷81號六樓之2,68,6800100,6800100-049,22鄰,大興西路,二段,139巷,,,,81號六樓之2,121.297814113196,25.009585869011
桃園市桃園區中寧里22鄰大興西路二段139巷81號七樓之1,68,6800100,6800100-049,22鄰,大興西路,二段,139巷,,,,81號七樓之1,121.297814113196,25.009585869011
桃園市桃園區中寧里22鄰大興西路二段139巷81號七樓之2,68,6800100,6800100-049,22鄰,大興西路,二段,139巷,,,,81號七樓之2,121.297814113196,25.009585869011
桃園市桃園區中寧里22鄰大興西路二段139巷81號八樓之1,68,6800100,6800100-049,22鄰,大興西路,二段,139巷,,,,81號八樓之1,121.297814113196,25.009585869011
桃園市桃園區中寧里22鄰大興西路二段139巷81號九樓之1,68,6800100,6800100-049,22鄰,大興西路,二段,139巷,,,,81號九樓之1,121.297814113196,25.009585869011
桃園市桃園區中寧里22鄰大興西路二段139巷81號九樓之2,68,6800100,6800100-049,22鄰,大興西路,二段,139巷,,,,81號九樓之2,121.297814113196,25.009585869011
桃園市桃園區中寧里22鄰大興西路二段139巷81號十樓之1,68,6800100,6800100-049,22鄰,大興西路,二段,139巷,,,,81號十樓之1,121.297814113196,25.009585869011
桃園市桃園區中寧里22鄰大興西路二段139巷81號八樓之2,68,6800100,6800100-049,22鄰,大興西路,二段,139巷,,,,81號八樓之2,121.297814113196,25.009585869011
桃園市桃園區中寧里22鄰大興西路二段139巷81號四樓之1,68,6800100,6800100-049,22鄰,大興西路,二段,139巷,,,,81號四樓之1,121.297814113196,25.009585869011
桃園市桃園區中寧里22鄰大興西路二段139巷81號二樓之1,68,6800100,6800100-049,22鄰,大興西路,二段,139巷,,,,81號二樓之1,121.297814113196,25.009585869011
桃園市桃園區中寧里22鄰大興西路二段139巷81號二樓之2,68,6800100,6800100-049,22鄰,大興西路,二段,139巷,,,,81號二樓之2,121.297814113196,25.009585869011
桃園市桃園區中寧里22鄰大興西路二段139巷81號三樓之1,68,6800100,6800100-049,22鄰,大興西路,二段,139巷,,,,81號三樓之1,121.297814113196,25.009585869011
桃園市桃園區中寧里22鄰大興西路二段139巷81號三樓之2,68,6800100,6800100-049,22鄰,大興西路,二段,139巷,,,,81號三樓之2,121.297814113196,25.009585869011
桃園市桃園區中寧里22鄰大興西路二段139巷81號四樓之2,68,6800100,6800100-049,22鄰,大興西路,二段,139巷,,,,81號四樓之2,121.297814113196,25.009585869011
桃園市桃園區中寧里22鄰大興西路二段139巷81號五樓之1,68,6800100,6800100-049,22鄰,大興西路,二段,139巷,,,,81號五樓之1,121.297814113196,25.009585869011
桃園市桃園區中寧里22鄰大興西路二段139巷83號五樓之1,68,6800100,6800100-049,22鄰,大興西路,二段,139巷,,,,83號五樓之1,121.297941916898,25.0097074949732
桃園市桃園區中寧里22鄰大興西路二段139巷83號五樓之2,68,6800100,6800100-049,22鄰,大興西路,二段,139巷,,,,83號五樓之2,121.297941916898,25.0097074949732
桃園市桃園區中寧里22鄰大興西路二段139巷83號六樓之1,68,6800100,6800100-049,22鄰,大興西路,二段,139巷,,,,83號六樓之1,121.297941916898,25.0097074949732
桃園市桃園區中寧里22鄰大興西路二段139巷83號六樓之2,68,6800100,6800100-049,22鄰,大興西路,二段,139巷,,,,83號六樓之2,121.297941916898,25.0097074949732
桃園市桃園區中寧里22鄰大興西路二段139巷83號七樓之1,68,6800100,6800100-049,22鄰,大興西路,二段,139巷,,,,83號七樓之1,121.297941916898,25.0097074949732
桃園市桃園區中寧里22鄰大興西路二段139巷83號七樓之2,68,6800100,6800100-049,22鄰,大興西路,二段,139巷,,,,83號七樓之2,121.297941916898,25.0097074949732
桃園市桃園區中寧里22鄰大興西路二段139巷83號二樓之1,68,6800100,6800100-049,22鄰,大興西路,二段,139巷,,,,83號二樓之1,121.297941916898,25.0097074949732
桃園市桃園區中寧里22鄰大興西路二段139巷83號二樓之2,68,6800100,6800100-049,22鄰,大興西路,二段,139巷,,,,83號二樓之2,121.297941916898,25.0097074949732
桃園市桃園區中寧里22鄰大興西路二段139巷83號三樓之1,68,6800100,6800100-049,22鄰,大興西路,二段,139巷,,,,83號三樓之1,121.297941916898,25.0097074949732
桃園市桃園區中寧里22鄰大興西路二段139巷83號三樓之2,68,6800100,6800100-049,22鄰,大興西路,二段,139巷,,,,83號三樓之2,121.297941916898,25.0097074949732
桃園市桃園區中寧里22鄰大興西路二段139巷83號四樓之1,68,6800100,6800100-049,22鄰,大興西路,二段,139巷,,,,83號四樓之1,121.297941916898,25.0097074949732
桃園市桃園區中寧里22鄰大興西路二段139巷83號四樓之2,68,6800100,6800100-049,22鄰,大興西路,二段,139巷,,,,83號四樓之2,121.297941916898,25.0097074949732
桃園市桃園區中寧里22鄰大興西路二段139巷83號十一樓之2,68,6800100,6800100-049,22鄰,大興西路,二段,139巷,,,,83號十一樓之2,121.297941916898,25.0097074949732
桃園市桃園區中寧里22鄰大興西路二段139巷83號八樓之1,68,6800100,6800100-049,22鄰,大興西路,二段,139巷,,,,83號八樓之1,121.297941916898,25.0097074949732
桃園市桃園區中寧里22鄰大興西路二段139巷83號八樓之2,68,6800100,6800100-049,22鄰,大興西路,二段,139巷,,,,83號八樓之2,121.297941916898,25.0097074949732
桃園市桃園區中寧里22鄰大興西路二段139巷83號九樓之1,68,6800100,6800100-049,22鄰,大興西路,二段,139巷,,,,83號九樓之1,121.297941916898,25.0097074949732
桃園市桃園區中寧里22鄰大興西路二段139巷83號九樓之2,68,6800100,6800100-049,22鄰,大興西路,二段,139巷,,,,83號九樓之2,121.297941916898,25.0097074949732
桃園市桃園區中寧里22鄰大興西路二段139巷83號十樓之1,68,6800100,6800100-049,22鄰,大興西路,二段,139巷,,,,83號十樓之1,121.297941916898,25.0097074949732
桃園市桃園區中寧里22鄰大興西路二段139巷83號十樓之2,68,6800100,6800100-049,22鄰,大興西路,二段,139巷,,,,83號十樓之2,121.297941916898,25.0097074949732
桃園市桃園區中寧里22鄰大興西路二段139巷83號十一樓之1,68,6800100,6800100-049,22鄰,大興西路,二段,139巷,,,,83號十一樓之1,121.297941916898,25.0097074949732
桃園市桃園區中寧里22鄰大興西路二段139巷85號五樓之1,68,6800100,6800100-049,22鄰,大興西路,二段,139巷,,,,85號五樓之1,121.298086304484,25.0098038083661
桃園市桃園區中寧里22鄰大興西路二段139巷85號五樓之2,68,6800100,6800100-049,22鄰,大興西路,二段,139巷,,,,85號五樓之2,121.298086304484,25.0098038083661
桃園市桃園區中寧里22鄰大興西路二段139巷85號六樓之1,68,6800100,6800100-049,22鄰,大興西路,二段,139巷,,,,85號六樓之1,121.298086304484,25.0098038083661
桃園市桃園區中寧里22鄰大興西路二段139巷85號六樓之2,68,6800100,6800100-049,22鄰,大興西路,二段,139巷,,,,85號六樓之2,121.298086304484,25.0098038083661
桃園市桃園區中寧里22鄰大興西路二段139巷85號十一樓之1,68,6800100,6800100-049,22鄰,大興西路,二段,139巷,,,,85號十一樓之1,121.298086304484,25.0098038083661
桃園市桃園區中寧里22鄰大興西路二段139巷85號十一樓之2,68,6800100,6800100-049,22鄰,大興西路,二段,139巷,,,,85號十一樓之2,121.298086304484,25.0098038083661
桃園市桃園區中寧里22鄰大興西路二段139巷85號十二樓之1,68,6800100,6800100-049,22鄰,大興西路,二段,139巷,,,,85號十二樓之1,121.298086304484,25.0098038083661
桃園市桃園區中寧里22鄰大興西路二段139巷85號十二樓之2,68,6800100,6800100-049,22鄰,大興西路,二段,139巷,,,,85號十二樓之2,121.298086304484,25.0098038083661
桃園市桃園區中寧里22鄰大興西路二段139巷85號二樓之2,68,6800100,6800100-049,22鄰,大興西路,二段,139巷,,,,85號二樓之2,121.298086304484,25.0098038083661
桃園市桃園區中寧里22鄰大興西路二段139巷85號三樓之2,68,6800100,6800100-049,22鄰,大興西路,二段,139巷,,,,85號三樓之2,121.298086304484,25.0098038083661
桃園市桃園區中寧里22鄰大興西路二段139巷85號四樓之1,68,6800100,6800100-049,22鄰,大興西路,二段,139巷,,,,85號四樓之1,121.298086304484,25.0098038083661
桃園市桃園區中寧里22鄰大興西路二段139巷85號四樓之2,68,6800100,6800100-049,22鄰,大興西路,二段,139巷,,,,85號四樓之2,121.298086304484,25.0098038083661
桃園市桃園區中寧里22鄰大興西路二段139巷85號十樓之2,68,6800100,6800100-049,22鄰,大興西路,二段,139巷,,,,85號十樓之2,121.298086304484,25.0098038083661
桃園市桃園區中寧里22鄰大興西路二段139巷85號七樓之2,68,6800100,6800100-049,22鄰,大興西路,二段,139巷,,,,85號七樓之2,121.298086304484,25.0098038083661
桃園市桃園區中寧里22鄰大興西路二段139巷85號八樓之1,68,6800100,6800100-049,22鄰,大興西路,二段,139巷,,,,85號八樓之1,121.298086304484,25.0098038083661
桃園市桃園區中寧里22鄰大興西路二段139巷85號八樓之2,68,6800100,6800100-049,22鄰,大興西路,二段,139巷,,,,85號八樓之2,121.298086304484,25.0098038083661
桃園市桃園區中寧里22鄰大興西路二段139巷85號九樓之1,68,6800100,6800100-049,22鄰,大興西路,二段,139巷,,,,85號九樓之1,121.298086304484,25.0098038083661
桃園市桃園區中寧里22鄰大興西路二段139巷85號二樓之1,68,6800100,6800100-049,22鄰,大興西路,二段,139巷,,,,85號二樓之1,121.298086304484,25.0098038083661
桃園市桃園區中寧里22鄰大興西路二段139巷85號九樓之2,68,6800100,6800100-049,22鄰,大興西路,二段,139巷,,,,85號九樓之2,121.298086304484,25.0098038083661
桃園市桃園區中寧里22鄰大興西路二段139巷85號十樓之1,68,6800100,6800100-049,22鄰,大興西路,二段,139巷,,,,85號十樓之1,121.298086304484,25.0098038083661
桃園市桃園區中寧里22鄰大興西路二段139巷85號三樓之1,68,6800100,6800100-049,22鄰,大興西路,二段,139巷,,,,85號三樓之1,121.298086304484,25.0098038083661
桃園市桃園區中寧里22鄰大興西路二段139巷85號七樓之1,68,6800100,6800100-049,22鄰,大興西路,二段,139巷,,,,85號七樓之1,121.298086304484,25.0098038083661
桃園市桃園區中寧里22鄰大興西路二段139巷87號六樓之1,68,6800100,6800100-049,22鄰,大興西路,二段,139巷,,,,87號六樓之1,121.298236934082,25.0099821762685
桃園市桃園區中寧里22鄰大興西路二段139巷87號六樓之2,68,6800100,6800100-049,22鄰,大興西路,二段,139巷,,,,87號六樓之2,121.298236934082,25.0099821762685
桃園市桃園區中寧里22鄰大興西路二段139巷87號七樓之1,68,6800100,6800100-049,22鄰,大興西路,二段,139巷,,,,87號七樓之1,121.298236934082,25.0099821762685
桃園市桃園區中寧里22鄰大興西路二段139巷87號二樓之1,68,6800100,6800100-049,22鄰,大興西路,二段,139巷,,,,87號二樓之1,121.298236934082,25.0099821762685
桃園市桃園區中寧里22鄰大興西路二段139巷87號二樓之2,68,6800100,6800100-049,22鄰,大興西路,二段,139巷,,,,87號二樓之2,121.298236934082,25.0099821762685
桃園市桃園區中寧里22鄰大興西路二段139巷87號四樓之2,68,6800100,6800100-049,22鄰,大興西路,二段,139巷,,,,87號四樓之2,121.298236934082,25.0099821762685
桃園市桃園區中寧里22鄰大興西路二段139巷87號三樓之1,68,6800100,6800100-049,22鄰,大興西路,二段,139巷,,,,87號三樓之1,121.298236934082,25.0099821762685
桃園市桃園區中寧里22鄰大興西路二段139巷87號三樓之2,68,6800100,6800100-049,22鄰,大興西路,二段,139巷,,,,87號三樓之2,121.298236934082,25.0099821762685
桃園市桃園區中寧里22鄰大興西路二段139巷87號十樓之2,68,6800100,6800100-049,22鄰,大興西路,二段,139巷,,,,87號十樓之2,121.298236934082,25.0099821762685
桃園市桃園區中寧里22鄰大興西路二段139巷87號十一樓之1,68,6800100,6800100-049,22鄰,大興西路,二段,139巷,,,,87號十一樓之1,121.298236934082,25.0099821762685
桃園市桃園區中寧里22鄰大興西路二段139巷87號十一樓之2,68,6800100,6800100-049,22鄰,大興西路,二段,139巷,,,,87號十一樓之2,121.298236934082,25.0099821762685
桃園市桃園區中寧里22鄰大興西路二段139巷87號十二樓之1,68,6800100,6800100-049,22鄰,大興西路,二段,139巷,,,,87號十二樓之1,121.298236934082,25.0099821762685
桃園市桃園區中寧里22鄰大興西路二段139巷87號十二樓之2,68,6800100,6800100-049,22鄰,大興西路,二段,139巷,,,,87號十二樓之2,121.298236934082,25.0099821762685
桃園市桃園區中寧里22鄰大興西路二段139巷87號七樓之2,68,6800100,6800100-049,22鄰,大興西路,二段,139巷,,,,87號七樓之2,121.298236934082,25.0099821762685
桃園市桃園區中寧里22鄰大興西路二段139巷87號八樓之1,68,6800100,6800100-049,22鄰,大興西路,二段,139巷,,,,87號八樓之1,121.298236934082,25.0099821762685
桃園市桃園區中寧里22鄰大興西路二段139巷87號八樓之2,68,6800100,6800100-049,22鄰,大興西路,二段,139巷,,,,87號八樓之2,121.298236934082,25.0099821762685
桃園市桃園區中寧里22鄰大興西路二段139巷87號九樓之1,68,6800100,6800100-049,22鄰,大興西路,二段,139巷,,,,87號九樓之1,121.298236934082,25.0099821762685
桃園市桃園區中寧里22鄰大興西路二段139巷87號九樓之2,68,6800100,6800100-049,22鄰,大興西路,二段,139巷,,,,87號九樓之2,121.298236934082,25.0099821762685
桃園市桃園區中寧里22鄰大興西路二段139巷87號十樓之1,68,6800100,6800100-049,22鄰,大興西路,二段,139巷,,,,87號十樓之1,121.298236934082,25.0099821762685
桃園市桃園區中寧里22鄰大興西路二段139巷87號四樓之1,68,6800100,6800100-049,22鄰,大興西路,二段,139巷,,,,87號四樓之1,121.298236934082,25.0099821762685
桃園市桃園區中寧里22鄰大興西路二段139巷87號五樓之1,68,6800100,6800100-049,22鄰,大興西路,二段,139巷,,,,87號五樓之1,121.298236934082,25.0099821762685
桃園市桃園區中寧里22鄰大興西路二段139巷87號五樓之2,68,6800100,6800100-049,22鄰,大興西路,二段,139巷,,,,87號五樓之2,121.298236934082,25.0099821762685
桃園市桃園區中寧里22鄰大興西路二段139巷89號五樓之2,68,6800100,6800100-049,22鄰,大興西路,二段,139巷,,,,89號五樓之2,121.298328092012,25.0101085700812
桃園市桃園區中寧里22鄰大興西路二段139巷89號六樓之1,68,6800100,6800100-049,22鄰,大興西路,二段,139巷,,,,89號六樓之1,121.298328092012,25.0101085700812
桃園市桃園區中寧里22鄰大興西路二段139巷89號六樓之2,68,6800100,6800100-049,22鄰,大興西路,二段,139巷,,,,89號六樓之2,121.298328092012,25.0101085700812
桃園市桃園區中寧里22鄰大興西路二段139巷89號七樓之1,68,6800100,6800100-049,22鄰,大興西路,二段,139巷,,,,89號七樓之1,121.298328092012,25.0101085700812
桃園市桃園區中寧里22鄰大興西路二段139巷89號七樓之2,68,6800100,6800100-049,22鄰,大興西路,二段,139巷,,,,89號七樓之2,121.298328092012,25.0101085700812
桃園市桃園區中寧里22鄰大興西路二段139巷89號八樓之1,68,6800100,6800100-049,22鄰,大興西路,二段,139巷,,,,89號八樓之1,121.298328092012,25.0101085700812
桃園市桃園區中寧里22鄰大興西路二段139巷89號二樓之1,68,6800100,6800100-049,22鄰,大興西路,二段,139巷,,,,89號二樓之1,121.298328092012,25.0101085700812
桃園市桃園區中寧里22鄰大興西路二段139巷89號二樓之2,68,6800100,6800100-049,22鄰,大興西路,二段,139巷,,,,89號二樓之2,121.298328092012,25.0101085700812
桃園市桃園區中寧里22鄰大興西路二段139巷89號十二樓之1,68,6800100,6800100-049,22鄰,大興西路,二段,139巷,,,,89號十二樓之1,121.298328092012,25.0101085700812
桃園市桃園區中寧里22鄰大興西路二段139巷89號三樓之1,68,6800100,6800100-049,22鄰,大興西路,二段,139巷,,,,89號三樓之1,121.298328092012,25.0101085700812
桃園市桃園區中寧里22鄰大興西路二段139巷89號十二樓之2,68,6800100,6800100-049,22鄰,大興西路,二段,139巷,,,,89號十二樓之2,121.298328092012,25.0101085700812
桃園市桃園區中寧里22鄰大興西路二段139巷89號三樓之2,68,6800100,6800100-049,22鄰,大興西路,二段,139巷,,,,89號三樓之2,121.298328092012,25.0101085700812
桃園市桃園區中寧里22鄰大興西路二段139巷89號四樓之1,68,6800100,6800100-049,22鄰,大興西路,二段,139巷,,,,89號四樓之1,121.298328092012,25.0101085700812
桃園市桃園區中寧里22鄰大興西路二段139巷89號四樓之2,68,6800100,6800100-049,22鄰,大興西路,二段,139巷,,,,89號四樓之2,121.298328092012,25.0101085700812
桃園市桃園區中寧里22鄰大興西路二段139巷89號八樓之2,68,6800100,6800100-049,22鄰,大興西路,二段,139巷,,,,89號八樓之2,121.298328092012,25.0101085700812
桃園市桃園區中寧里22鄰大興西路二段139巷89號九樓之1,68,6800100,6800100-049,22鄰,大興西路,二段,139巷,,,,89號九樓之1,121.298328092012,25.0101085700812
桃園市桃園區中寧里22鄰大興西路二段139巷89號九樓之2,68,6800100,6800100-049,22鄰,大興西路,二段,139巷,,,,89號九樓之2,121.298328092012,25.0101085700812
桃園市桃園區中寧里22鄰大興西路二段139巷89號十樓之1,68,6800100,6800100-049,22鄰,大興西路,二段,139巷,,,,89號十樓之1,121.298328092012,25.0101085700812
桃園市桃園區中寧里22鄰大興西路二段139巷89號十樓之2,68,6800100,6800100-049,22鄰,大興西路,二段,139巷,,,,89號十樓之2,121.298328092012,25.0101085700812
桃園市桃園區中寧里22鄰大興西路二段139巷89號十一樓之1,68,6800100,6800100-049,22鄰,大興西路,二段,139巷,,,,89號十一樓之1,121.298328092012,25.0101085700812
桃園市桃園區中寧里22鄰大興西路二段139巷89號十一樓之2,68,6800100,6800100-049,22鄰,大興西路,二段,139巷,,,,89號十一樓之2,121.298328092012,25.0101085700812
桃園市桃園區中寧里22鄰大興西路二段139巷89號五樓之1,68,6800100,6800100-049,22鄰,大興西路,二段,139巷,,,,89號五樓之1,121.298328092012,25.0101085700812
桃園市桃園區中寧里22鄰大興西路二段139巷91號,68,6800100,6800100-049,22鄰,大興西路,二段,139巷,,,,91號,121.298553425077,25.0100817552883
桃園市桃園區中寧里22鄰大興西路二段139巷91號九樓之1,68,6800100,6800100-049,22鄰,大興西路,二段,139巷,,,,91號九樓之1,121.298553425077,25.0100817552883
桃園市桃園區中寧里22鄰大興西路二段139巷91號九樓之2,68,6800100,6800100-049,22鄰,大興西路,二段,139巷,,,,91號九樓之2,121.298553425077,25.0100817552883
桃園市桃園區中寧里22鄰大興西路二段139巷91號四樓之1,68,6800100,6800100-049,22鄰,大興西路,二段,139巷,,,,91號四樓之1,121.298553425077,25.0100817552883
桃園市桃園區中寧里22鄰大興西路二段139巷91號四樓之2,68,6800100,6800100-049,22鄰,大興西路,二段,139巷,,,,91號四樓之2,121.298553425077,25.0100817552883
桃園市桃園區中寧里22鄰大興西路二段139巷91號五樓之1,68,6800100,6800100-049,22鄰,大興西路,二段,139巷,,,,91號五樓之1,121.298553425077,25.0100817552883
桃園市桃園區中寧里22鄰大興西路二段139巷91號五樓之2,68,6800100,6800100-049,22鄰,大興西路,二段,139巷,,,,91號五樓之2,121.298553425077,25.0100817552883
桃園市桃園區中寧里22鄰大興西路二段139巷91號六樓之1,68,6800100,6800100-049,22鄰,大興西路,二段,139巷,,,,91號六樓之1,121.298553425077,25.0100817552883
桃園市桃園區中寧里22鄰大興西路二段139巷91號六樓之2,68,6800100,6800100-049,22鄰,大興西路,二段,139巷,,,,91號六樓之2,121.298553425077,25.0100817552883
桃園市桃園區中寧里22鄰大興西路二段139巷91號七樓之1,68,6800100,6800100-049,22鄰,大興西路,二段,139巷,,,,91號七樓之1,121.298553425077,25.0100817552883
桃園市桃園區中寧里22鄰大興西路二段139巷91號二樓之2,68,6800100,6800100-049,22鄰,大興西路,二段,139巷,,,,91號二樓之2,121.298553425077,25.0100817552883
桃園市桃園區中寧里22鄰大興西路二段139巷91號二樓之1,68,6800100,6800100-049,22鄰,大興西路,二段,139巷,,,,91號二樓之1,121.298553425077,25.0100817552883
桃園市桃園區中寧里22鄰大興西路二段139巷91號七樓之2,68,6800100,6800100-049,22鄰,大興西路,二段,139巷,,,,91號七樓之2,121.298553425077,25.0100817552883
桃園市桃園區中寧里22鄰大興西路二段139巷91號十樓之1,68,6800100,6800100-049,22鄰,大興西路,二段,139巷,,,,91號十樓之1,121.298553425077,25.0100817552883
桃園市桃園區中寧里22鄰大興西路二段139巷91號三樓之1,68,6800100,6800100-049,22鄰,大興西路,二段,139巷,,,,91號三樓之1,121.298553425077,25.0100817552883
桃園市桃園區中寧里22鄰大興西路二段139巷91號三樓之2,68,6800100,6800100-049,22鄰,大興西路,二段,139巷,,,,91號三樓之2,121.298553425077,25.0100817552883
桃園市桃園區中寧里22鄰大興西路二段139巷91號十樓之2,68,6800100,6800100-049,22鄰,大興西路,二段,139巷,,,,91號十樓之2,121.298553425077,25.0100817552883
桃園市桃園區中寧里22鄰大興西路二段139巷91號十一樓之1,68,6800100,6800100-049,22鄰,大興西路,二段,139巷,,,,91號十一樓之1,121.298553425077,25.0100817552883
桃園市桃園區中寧里22鄰大興西路二段139巷91號十一樓之2,68,6800100,6800100-049,22鄰,大興西路,二段,139巷,,,,91號十一樓之2,121.298553425077,25.0100817552883
桃園市桃園區中寧里22鄰大興西路二段139巷91號八樓之1,68,6800100,6800100-049,22鄰,大興西路,二段,139巷,,,,91號八樓之1,121.298553425077,25.0100817552883
桃園市桃園區中寧里22鄰大興西路二段139巷91號八樓之2,68,6800100,6800100-049,22鄰,大興西路,二段,139巷,,,,91號八樓之2,121.298553425077,25.0100817552883
桃園市桃園區中寧里22鄰大興西路二段139巷93號八樓之1,68,6800100,6800100-049,22鄰,大興西路,二段,139巷,,,,93號八樓之1,121.298730506609,25.0099724282199
桃園市桃園區中寧里22鄰大興西路二段139巷93號八樓之2,68,6800100,6800100-049,22鄰,大興西路,二段,139巷,,,,93號八樓之2,121.298730506609,25.0099724282199
桃園市桃園區中寧里22鄰大興西路二段139巷93號九樓之1,68,6800100,6800100-049,22鄰,大興西路,二段,139巷,,,,93號九樓之1,121.298730506609,25.0099724282199
桃園市桃園區中寧里22鄰大興西路二段139巷93號九樓之2,68,6800100,6800100-049,22鄰,大興西路,二段,139巷,,,,93號九樓之2,121.298730506609,25.0099724282199
桃園市桃園區中寧里22鄰大興西路二段139巷93號十樓之1,68,6800100,6800100-049,22鄰,大興西路,二段,139巷,,,,93號十樓之1,121.298730506609,25.0099724282199
桃園市桃園區中寧里22鄰大興西路二段139巷93號十樓之2,68,6800100,6800100-049,22鄰,大興西路,二段,139巷,,,,93號十樓之2,121.298730506609,25.0099724282199
桃園市桃園區中寧里22鄰大興西路二段139巷93號十一樓之1,68,6800100,6800100-049,22鄰,大興西路,二段,139巷,,,,93號十一樓之1,121.298730506609,25.0099724282199
桃園市桃園區中寧里22鄰大興西路二段139巷93號六樓之1,68,6800100,6800100-049,22鄰,大興西路,二段,139巷,,,,93號六樓之1,121.298730506609,25.0099724282199
桃園市桃園區中寧里22鄰大興西路二段139巷93號四樓之1,68,6800100,6800100-049,22鄰,大興西路,二段,139巷,,,,93號四樓之1,121.298730506609,25.0099724282199
桃園市桃園區中寧里22鄰大興西路二段139巷93號四樓之2,68,6800100,6800100-049,22鄰,大興西路,二段,139巷,,,,93號四樓之2,121.298730506609,25.0099724282199
桃園市桃園區中寧里22鄰大興西路二段139巷93號五樓之1,68,6800100,6800100-049,22鄰,大興西路,二段,139巷,,,,93號五樓之1,121.298730506609,25.0099724282199
桃園市桃園區中寧里22鄰大興西路二段139巷93號五樓之2,68,6800100,6800100-049,22鄰,大興西路,二段,139巷,,,,93號五樓之2,121.298730506609,25.0099724282199
桃園市桃園區中寧里22鄰大興西路二段139巷93號六樓之2,68,6800100,6800100-049,22鄰,大興西路,二段,139巷,,,,93號六樓之2,121.298730506609,25.0099724282199
桃園市桃園區中寧里22鄰大興西路二段139巷93號七樓之1,68,6800100,6800100-049,22鄰,大興西路,二段,139巷,,,,93號七樓之1,121.298730506609,25.0099724282199
桃園市桃園區中寧里22鄰大興西路二段139巷93號七樓之2,68,6800100,6800100-049,22鄰,大興西路,二段,139巷,,,,93號七樓之2,121.298730506609,25.0099724282199
桃園市桃園區中寧里22鄰大興西路二段139巷93號二樓之1,68,6800100,6800100-049,22鄰,大興西路,二段,139巷,,,,93號二樓之1,121.298730506609,25.0099724282199
桃園市桃園區中寧里22鄰大興西路二段139巷93號二樓之2,68,6800100,6800100-049,22鄰,大興西路,二段,139巷,,,,93號二樓之2,121.298730506609,25.0099724282199
桃園市桃園區中寧里22鄰大興西路二段139巷93號三樓之1,68,6800100,6800100-049,22鄰,大興西路,二段,139巷,,,,93號三樓之1,121.298730506609,25.0099724282199
桃園市桃園區中寧里22鄰大興西路二段139巷93號三樓之2,68,6800100,6800100-049,22鄰,大興西路,二段,139巷,,,,93號三樓之2,121.298730506609,25.0099724282199
桃園市桃園區中寧里22鄰大興西路二段139巷93號十一樓之2,68,6800100,6800100-049,22鄰,大興西路,二段,139巷,,,,93號十一樓之2,121.298730506609,25.0099724282199
桃園市桃園區中寧里22鄰大興西路二段139巷95號十樓之2,68,6800100,6800100-049,22鄰,大興西路,二段,139巷,,,,95號十樓之2,121.298743917571,25.0097414575887
桃園市桃園區中寧里22鄰大興西路二段139巷95號十一樓之2,68,6800100,6800100-049,22鄰,大興西路,二段,139巷,,,,95號十一樓之2,121.298743917571,25.0097414575887
桃園市桃園區中寧里22鄰大興西路二段139巷95號十二樓之1,68,6800100,6800100-049,22鄰,大興西路,二段,139巷,,,,95號十二樓之1,121.298743917571,25.0097414575887
桃園市桃園區中寧里22鄰大興西路二段139巷95號四樓之1,68,6800100,6800100-049,22鄰,大興西路,二段,139巷,,,,95號四樓之1,121.298743917571,25.0097414575887
桃園市桃園區中寧里22鄰大興西路二段139巷95號五樓之2,68,6800100,6800100-049,22鄰,大興西路,二段,139巷,,,,95號五樓之2,121.298743917571,25.0097414575887
桃園市桃園區中寧里22鄰大興西路二段139巷95號六樓之1,68,6800100,6800100-049,22鄰,大興西路,二段,139巷,,,,95號六樓之1,121.298743917571,25.0097414575887
桃園市桃園區中寧里22鄰大興西路二段139巷95號六樓之2,68,6800100,6800100-049,22鄰,大興西路,二段,139巷,,,,95號六樓之2,121.298743917571,25.0097414575887
桃園市桃園區中寧里22鄰大興西路二段139巷95號七樓之1,68,6800100,6800100-049,22鄰,大興西路,二段,139巷,,,,95號七樓之1,121.298743917571,25.0097414575887
桃園市桃園區中寧里22鄰大興西路二段139巷95號七樓之2,68,6800100,6800100-049,22鄰,大興西路,二段,139巷,,,,95號七樓之2,121.298743917571,25.0097414575887
桃園市桃園區中寧里22鄰大興西路二段139巷95號八樓之1,68,6800100,6800100-049,22鄰,大興西路,二段,139巷,,,,95號八樓之1,121.298743917571,25.0097414575887
桃園市桃園區中寧里22鄰大興西路二段139巷95號八樓之2,68,6800100,6800100-049,22鄰,大興西路,二段,139巷,,,,95號八樓之2,121.298743917571,25.0097414575887
桃園市桃園區中寧里22鄰大興西路二段139巷95號十二樓之2,68,6800100,6800100-049,22鄰,大興西路,二段,139巷,,,,95號十二樓之2,121.298743917571,25.0097414575887
桃園市桃園區中寧里22鄰大興西路二段139巷95號二樓之1,68,6800100,6800100-049,22鄰,大興西路,二段,139巷,,,,95號二樓之1,121.298743917571,25.0097414575887
桃園市桃園區中寧里22鄰大興西路二段139巷95號二樓之2,68,6800100,6800100-049,22鄰,大興西路,二段,139巷,,,,95號二樓之2,121.298743917571,25.0097414575887
桃園市桃園區中寧里22鄰大興西路二段139巷95號三樓之1,68,6800100,6800100-049,22鄰,大興西路,二段,139巷,,,,95號三樓之1,121.298743917571,25.0097414575887
桃園市桃園區中寧里22鄰大興西路二段139巷95號三樓之2,68,6800100,6800100-049,22鄰,大興西路,二段,139巷,,,,95號三樓之2,121.298743917571,25.0097414575887
桃園市桃園區中寧里22鄰大興西路二段139巷95號四樓之2,68,6800100,6800100-049,22鄰,大興西路,二段,139巷,,,,95號四樓之2,121.298743917571,25.0097414575887
桃園市桃園區中寧里22鄰大興西路二段139巷95號五樓之1,68,6800100,6800100-049,22鄰,大興西路,二段,139巷,,,,95號五樓之1,121.298743917571,25.0097414575887
桃園市桃園區中寧里22鄰大興西路二段139巷95號十一樓之1,68,6800100,6800100-049,22鄰,大興西路,二段,139巷,,,,95號十一樓之1,121.298743917571,25.0097414575887
桃園市桃園區中寧里22鄰大興西路二段139巷95號九樓之1,68,6800100,6800100-049,22鄰,大興西路,二段,139巷,,,,95號九樓之1,121.298743917571,25.0097414575887
桃園市桃園區中寧里22鄰大興西路二段139巷95號九樓之2,68,6800100,6800100-049,22鄰,大興西路,二段,139巷,,,,95號九樓之2,121.298743917571,25.0097414575887
桃園市桃園區中寧里22鄰大興西路二段139巷95號十樓之1,68,6800100,6800100-049,22鄰,大興西路,二段,139巷,,,,95號十樓之1,121.298743917571,25.0097414575887
桃園市桃園區中寧里22鄰大興西路二段139巷97號十樓之1,68,6800100,6800100-049,22鄰,大興西路,二段,139巷,,,,97號十樓之1,121.298625886558,25.0096053674329
桃園市桃園區中寧里22鄰大興西路二段139巷97號十樓之2,68,6800100,6800100-049,22鄰,大興西路,二段,139巷,,,,97號十樓之2,121.298625886558,25.0096053674329
桃園市桃園區中寧里22鄰大興西路二段139巷97號十一樓之1,68,6800100,6800100-049,22鄰,大興西路,二段,139巷,,,,97號十一樓之1,121.298625886558,25.0096053674329
桃園市桃園區中寧里22鄰大興西路二段139巷97號十一樓之2,68,6800100,6800100-049,22鄰,大興西路,二段,139巷,,,,97號十一樓之2,121.298625886558,25.0096053674329
桃園市桃園區中寧里22鄰大興西路二段139巷97號十二樓之1,68,6800100,6800100-049,22鄰,大興西路,二段,139巷,,,,97號十二樓之1,121.298625886558,25.0096053674329
桃園市桃園區中寧里22鄰大興西路二段139巷97號十二樓之2,68,6800100,6800100-049,22鄰,大興西路,二段,139巷,,,,97號十二樓之2,121.298625886558,25.0096053674329
桃園市桃園區中寧里22鄰大興西路二段139巷97號五樓之2,68,6800100,6800100-049,22鄰,大興西路,二段,139巷,,,,97號五樓之2,121.298625886558,25.0096053674329
桃園市桃園區中寧里22鄰大興西路二段139巷97號六樓之1,68,6800100,6800100-049,22鄰,大興西路,二段,139巷,,,,97號六樓之1,121.298625886558,25.0096053674329
桃園市桃園區中寧里22鄰大興西路二段139巷97號六樓之2,68,6800100,6800100-049,22鄰,大興西路,二段,139巷,,,,97號六樓之2,121.298625886558,25.0096053674329
桃園市桃園區中寧里22鄰大興西路二段139巷97號七樓之1,68,6800100,6800100-049,22鄰,大興西路,二段,139巷,,,,97號七樓之1,121.298625886558,25.0096053674329
桃園市桃園區中寧里22鄰大興西路二段139巷97號七樓之2,68,6800100,6800100-049,22鄰,大興西路,二段,139巷,,,,97號七樓之2,121.298625886558,25.0096053674329
桃園市桃園區中寧里22鄰大興西路二段139巷97號八樓之2,68,6800100,6800100-049,22鄰,大興西路,二段,139巷,,,,97號八樓之2,121.298625886558,25.0096053674329
桃園市桃園區中寧里22鄰大興西路二段139巷97號九樓之1,68,6800100,6800100-049,22鄰,大興西路,二段,139巷,,,,97號九樓之1,121.298625886558,25.0096053674329
桃園市桃園區中寧里22鄰大興西路二段139巷97號九樓之2,68,6800100,6800100-049,22鄰,大興西路,二段,139巷,,,,97號九樓之2,121.298625886558,25.0096053674329
桃園市桃園區中寧里22鄰大興西路二段139巷97號八樓之1,68,6800100,6800100-049,22鄰,大興西路,二段,139巷,,,,97號八樓之1,121.298625886558,25.0096053674329
桃園市桃園區中寧里22鄰大興西路二段139巷97號二樓之1,68,6800100,6800100-049,22鄰,大興西路,二段,139巷,,,,97號二樓之1,121.298625886558,25.0096053674329
桃園市桃園區中寧里22鄰大興西路二段139巷97號三樓之1,68,6800100,6800100-049,22鄰,大興西路,二段,139巷,,,,97號三樓之1,121.298625886558,25.0096053674329
桃園市桃園區中寧里22鄰大興西路二段139巷97號三樓之2,68,6800100,6800100-049,22鄰,大興西路,二段,139巷,,,,97號三樓之2,121.298625886558,25.0096053674329
桃園市桃園區中寧里22鄰大興西路二段139巷97號四樓之1,68,6800100,6800100-049,22鄰,大興西路,二段,139巷,,,,97號四樓之1,121.298625886558,25.0096053674329
桃園市桃園區中寧里22鄰大興西路二段139巷97號四樓之2,68,6800100,6800100-049,22鄰,大興西路,二段,139巷,,,,97號四樓之2,121.298625886558,25.0096053674329
桃園市桃園區中寧里22鄰大興西路二段139巷97號五樓之1,68,6800100,6800100-049,22鄰,大興西路,二段,139巷,,,,97號五樓之1,121.298625886558,25.0096053674329
桃園市桃園區中寧里22鄰大興西路二段139巷97號二樓之2,68,6800100,6800100-049,22鄰,大興西路,二段,139巷,,,,97號二樓之2,121.298625886558,25.0096053674329
桃園市桃園區中寧里22鄰大興西路二段139巷99號二樓之1,68,6800100,6800100-049,22鄰,大興西路,二段,139巷,,,,99號二樓之1,121.298298623074,25.0096394288802
桃園市桃園區中寧里22鄰大興西路二段139巷99號二樓之2,68,6800100,6800100-049,22鄰,大興西路,二段,139巷,,,,99號二樓之2,121.298298623074,25.0096394288802
桃園市桃園區中寧里22鄰大興西路二段139巷99號三樓之1,68,6800100,6800100-049,22鄰,大興西路,二段,139巷,,,,99號三樓之1,121.298298623074,25.0096394288802
桃園市桃園區中寧里22鄰大興西路二段139巷99號十二樓之2,68,6800100,6800100-049,22鄰,大興西路,二段,139巷,,,,99號十二樓之2,121.298298623074,25.0096394288802
桃園市桃園區中寧里22鄰大興西路二段139巷99號九樓之1,68,6800100,6800100-049,22鄰,大興西路,二段,139巷,,,,99號九樓之1,121.298298623074,25.0096394288802
桃園市桃園區中寧里22鄰大興西路二段139巷99號九樓之2,68,6800100,6800100-049,22鄰,大興西路,二段,139巷,,,,99號九樓之2,121.298298623074,25.0096394288802
桃園市桃園區中寧里22鄰大興西路二段139巷99號十樓之1,68,6800100,6800100-049,22鄰,大興西路,二段,139巷,,,,99號十樓之1,121.298298623074,25.0096394288802
桃園市桃園區中寧里22鄰大興西路二段139巷99號十樓之2,68,6800100,6800100-049,22鄰,大興西路,二段,139巷,,,,99號十樓之2,121.298298623074,25.0096394288802
桃園市桃園區中寧里22鄰大興西路二段139巷99號十一樓之1,68,6800100,6800100-049,22鄰,大興西路,二段,139巷,,,,99號十一樓之1,121.298298623074,25.0096394288802
桃園市桃園區中寧里22鄰大興西路二段139巷99號十一樓之2,68,6800100,6800100-049,22鄰,大興西路,二段,139巷,,,,99號十一樓之2,121.298298623074,25.0096394288802
桃園市桃園區中寧里22鄰大興西路二段139巷99號十二樓之1,68,6800100,6800100-049,22鄰,大興西路,二段,139巷,,,,99號十二樓之1,121.298298623074,25.0096394288802
桃園市桃園區中寧里22鄰大興西路二段139巷99號八樓之1,68,6800100,6800100-049,22鄰,大興西路,二段,139巷,,,,99號八樓之1,121.298298623074,25.0096394288802
桃園市桃園區中寧里22鄰大興西路二段139巷99號三樓之2,68,6800100,6800100-049,22鄰,大興西路,二段,139巷,,,,99號三樓之2,121.298298623074,25.0096394288802
桃園市桃園區中寧里22鄰大興西路二段139巷99號四樓之1,68,6800100,6800100-049,22鄰,大興西路,二段,139巷,,,,99號四樓之1,121.298298623074,25.0096394288802
桃園市桃園區中寧里22鄰大興西路二段139巷99號四樓之2,68,6800100,6800100-049,22鄰,大興西路,二段,139巷,,,,99號四樓之2,121.298298623074,25.0096394288802
桃園市桃園區中寧里22鄰大興西路二段139巷99號五樓之1,68,6800100,6800100-049,22鄰,大興西路,二段,139巷,,,,99號五樓之1,121.298298623074,25.0096394288802
桃園市桃園區中寧里22鄰大興西路二段139巷99號五樓之2,68,6800100,6800100-049,22鄰,大興西路,二段,139巷,,,,99號五樓之2,121.298298623074,25.0096394288802
桃園市桃園區中寧里22鄰大興西路二段139巷99號六樓之1,68,6800100,6800100-049,22鄰,大興西路,二段,139巷,,,,99號六樓之1,121.298298623074,25.0096394288802
桃園市桃園區中寧里22鄰大興西路二段139巷99號六樓之2,68,6800100,6800100-049,22鄰,大興西路,二段,139巷,,,,99號六樓之2,121.298298623074,25.0096394288802
桃園市桃園區中寧里22鄰大興西路二段139巷99號八樓之2,68,6800100,6800100-049,22鄰,大興西路,二段,139巷,,,,99號八樓之2,121.298298623074,25.0096394288802
桃園市桃園區中寧里22鄰大興西路二段139巷99號七樓之1,68,6800100,6800100-049,22鄰,大興西路,二段,139巷,,,,99號七樓之1,121.298298623074,25.0096394288802
桃園市桃園區中寧里22鄰大興西路二段139巷99號七樓之2,68,6800100,6800100-049,22鄰,大興西路,二段,139巷,,,,99號七樓之2,121.298298623074,25.0096394288802
桃園市桃園區中寧里22鄰大興西路二段139巷101號六樓之2,68,6800100,6800100-049,22鄰,大興西路,二段,139巷,,,,101號六樓之2,121.298169456571,25.0094869291989
桃園市桃園區中寧里22鄰大興西路二段139巷101號七樓之2,68,6800100,6800100-049,22鄰,大興西路,二段,139巷,,,,101號七樓之2,121.298169456571,25.0094869291989
桃園市桃園區中寧里22鄰大興西路二段139巷101號二樓之2,68,6800100,6800100-049,22鄰,大興西路,二段,139巷,,,,101號二樓之2,121.298169456571,25.0094869291989
桃園市桃園區中寧里22鄰大興西路二段139巷101號三樓之1,68,6800100,6800100-049,22鄰,大興西路,二段,139巷,,,,101號三樓之1,121.298169456571,25.0094869291989
桃園市桃園區中寧里22鄰大興西路二段139巷101號三樓之2,68,6800100,6800100-049,22鄰,大興西路,二段,139巷,,,,101號三樓之2,121.298169456571,25.0094869291989
桃園市桃園區中寧里22鄰大興西路二段139巷101號四樓之1,68,6800100,6800100-049,22鄰,大興西路,二段,139巷,,,,101號四樓之1,121.298169456571,25.0094869291989
桃園市桃園區中寧里22鄰大興西路二段139巷101號四樓之2,68,6800100,6800100-049,22鄰,大興西路,二段,139巷,,,,101號四樓之2,121.298169456571,25.0094869291989
桃園市桃園區中寧里22鄰大興西路二段139巷101號十一樓之1,68,6800100,6800100-049,22鄰,大興西路,二段,139巷,,,,101號十一樓之1,121.298169456571,25.0094869291989
桃園市桃園區中寧里22鄰大興西路二段139巷101號十一樓之2,68,6800100,6800100-049,22鄰,大興西路,二段,139巷,,,,101號十一樓之2,121.298169456571,25.0094869291989
桃園市桃園區中寧里22鄰大興西路二段139巷101號七樓之1,68,6800100,6800100-049,22鄰,大興西路,二段,139巷,,,,101號七樓之1,121.298169456571,25.0094869291989
桃園市桃園區中寧里22鄰大興西路二段139巷101號八樓之1,68,6800100,6800100-049,22鄰,大興西路,二段,139巷,,,,101號八樓之1,121.298169456571,25.0094869291989
桃園市桃園區中寧里22鄰大興西路二段139巷101號九樓之1,68,6800100,6800100-049,22鄰,大興西路,二段,139巷,,,,101號九樓之1,121.298169456571,25.0094869291989
桃園市桃園區中寧里22鄰大興西路二段139巷101號九樓之2,68,6800100,6800100-049,22鄰,大興西路,二段,139巷,,,,101號九樓之2,121.298169456571,25.0094869291989
桃園市桃園區中寧里22鄰大興西路二段139巷101號十樓之1,68,6800100,6800100-049,22鄰,大興西路,二段,139巷,,,,101號十樓之1,121.298169456571,25.0094869291989
桃園市桃園區中寧里22鄰大興西路二段139巷101號十樓之2,68,6800100,6800100-049,22鄰,大興西路,二段,139巷,,,,101號十樓之2,121.298169456571,25.0094869291989
桃園市桃園區中寧里22鄰大興西路二段139巷101號二樓之1,68,6800100,6800100-049,22鄰,大興西路,二段,139巷,,,,101號二樓之1,121.298169456571,25.0094869291989
桃園市桃園區中寧里22鄰大興西路二段139巷101號八樓之2,68,6800100,6800100-049,22鄰,大興西路,二段,139巷,,,,101號八樓之2,121.298169456571,25.0094869291989
桃園市桃園區中寧里22鄰大興西路二段139巷101號五樓之1,68,6800100,6800100-049,22鄰,大興西路,二段,139巷,,,,101號五樓之1,121.298169456571,25.0094869291989
桃園市桃園區中寧里22鄰大興西路二段139巷101號五樓之2,68,6800100,6800100-049,22鄰,大興西路,二段,139巷,,,,101號五樓之2,121.298169456571,25.0094869291989
桃園市桃園區中寧里22鄰大興西路二段139巷101號六樓之1,68,6800100,6800100-049,22鄰,大興西路,二段,139巷,,,,101號六樓之1,121.298169456571,25.0094869291989
桃園市桃園區中寧里22鄰大興西路二段139巷103號四樓之1,68,6800100,6800100-049,22鄰,大興西路,二段,139巷,,,,103號四樓之1,121.298025094075,25.0093598293533
桃園市桃園區中寧里22鄰大興西路二段139巷103號四樓之2,68,6800100,6800100-049,22鄰,大興西路,二段,139巷,,,,103號四樓之2,121.298025094075,25.0093598293533
桃園市桃園區中寧里22鄰大興西路二段139巷103號五樓之1,68,6800100,6800100-049,22鄰,大興西路,二段,139巷,,,,103號五樓之1,121.298025094075,25.0093598293533
桃園市桃園區中寧里22鄰大興西路二段139巷103號五樓之2,68,6800100,6800100-049,22鄰,大興西路,二段,139巷,,,,103號五樓之2,121.298025094075,25.0093598293533
桃園市桃園區中寧里22鄰大興西路二段139巷103號六樓之1,68,6800100,6800100-049,22鄰,大興西路,二段,139巷,,,,103號六樓之1,121.298025094075,25.0093598293533
桃園市桃園區中寧里22鄰大興西路二段139巷103號六樓之2,68,6800100,6800100-049,22鄰,大興西路,二段,139巷,,,,103號六樓之2,121.298025094075,25.0093598293533
桃園市桃園區中寧里22鄰大興西路二段139巷103號二樓之1,68,6800100,6800100-049,22鄰,大興西路,二段,139巷,,,,103號二樓之1,121.298025094075,25.0093598293533
桃園市桃園區中寧里22鄰大興西路二段139巷103號三樓之1,68,6800100,6800100-049,22鄰,大興西路,二段,139巷,,,,103號三樓之1,121.298025094075,25.0093598293533
桃園市桃園區中寧里22鄰大興西路二段139巷103號三樓之2,68,6800100,6800100-049,22鄰,大興西路,二段,139巷,,,,103號三樓之2,121.298025094075,25.0093598293533
桃園市桃園區中寧里22鄰大興西路二段139巷103號十樓之1,68,6800100,6800100-049,22鄰,大興西路,二段,139巷,,,,103號十樓之1,121.298025094075,25.0093598293533
桃園市桃園區中寧里22鄰大興西路二段139巷103號十樓之2,68,6800100,6800100-049,22鄰,大興西路,二段,139巷,,,,103號十樓之2,121.298025094075,25.0093598293533
桃園市桃園區中寧里22鄰大興西路二段139巷103號九樓之2,68,6800100,6800100-049,22鄰,大興西路,二段,139巷,,,,103號九樓之2,121.298025094075,25.0093598293533
桃園市桃園區中寧里22鄰大興西路二段139巷103號十一樓之1,68,6800100,6800100-049,22鄰,大興西路,二段,139巷,,,,103號十一樓之1,121.298025094075,25.0093598293533
桃園市桃園區中寧里22鄰大興西路二段139巷103號十一樓之2,68,6800100,6800100-049,22鄰,大興西路,二段,139巷,,,,103號十一樓之2,121.298025094075,25.0093598293533
桃園市桃園區中寧里22鄰大興西路二段139巷103號二樓之2,68,6800100,6800100-049,22鄰,大興西路,二段,139巷,,,,103號二樓之2,121.298025094075,25.0093598293533
桃園市桃園區中寧里22鄰大興西路二段139巷103號七樓之1,68,6800100,6800100-049,22鄰,大興西路,二段,139巷,,,,103號七樓之1,121.298025094075,25.0093598293533
桃園市桃園區中寧里22鄰大興西路二段139巷103號七樓之2,68,6800100,6800100-049,22鄰,大興西路,二段,139巷,,,,103號七樓之2,121.298025094075,25.0093598293533
桃園市桃園區中寧里22鄰大興西路二段139巷103號八樓之1,68,6800100,6800100-049,22鄰,大興西路,二段,139巷,,,,103號八樓之1,121.298025094075,25.0093598293533
桃園市桃園區中寧里22鄰大興西路二段139巷103號八樓之2,68,6800100,6800100-049,22鄰,大興西路,二段,139巷,,,,103號八樓之2,121.298025094075,25.0093598293533
桃園市桃園區中寧里22鄰大興西路二段139巷103號九樓之1,68,6800100,6800100-049,22鄰,大興西路,二段,139巷,,,,103號九樓之1,121.298025094075,25.0093598293533
桃園市桃園區中寧里22鄰大興西路二段139巷105號六樓,68,6800100,6800100-049,22鄰,大興西路,二段,139巷,,,,105號六樓,121.297928453292,25.0092601700653
桃園市桃園區中寧里22鄰大興西路二段139巷105號二樓,68,6800100,6800100-049,22鄰,大興西路,二段,139巷,,,,105號二樓,121.297928453292,25.0092601700653
桃園市桃園區中寧里22鄰大興西路二段139巷105號三樓,68,6800100,6800100-049,22鄰,大興西路,二段,139巷,,,,105號三樓,121.297928453292,25.0092601700653
桃園市桃園區中寧里22鄰大興西路二段139巷105號七樓,68,6800100,6800100-049,22鄰,大興西路,二段,139巷,,,,105號七樓,121.297928453292,25.0092601700653
桃園市桃園區中寧里22鄰大興西路二段139巷105號八樓,68,6800100,6800100-049,22鄰,大興西路,二段,139巷,,,,105號八樓,121.297928453292,25.0092601700653
桃園市桃園區中寧里22鄰大興西路二段139巷105號九樓,68,6800100,6800100-049,22鄰,大興西路,二段,139巷,,,,105號九樓,121.297928453292,25.0092601700653
桃園市桃園區中寧里22鄰大興西路二段139巷105號十一樓,68,6800100,6800100-049,22鄰,大興西路,二段,139巷,,,,105號十一樓,121.297928453292,25.0092601700653
桃園市桃園區中寧里22鄰大興西路二段139巷105號十二樓,68,6800100,6800100-049,22鄰,大興西路,二段,139巷,,,,105號十二樓,121.297928453292,25.0092601700653
桃園市桃園區中寧里22鄰大興西路二段139巷105號十樓,68,6800100,6800100-049,22鄰,大興西路,二段,139巷,,,,105號十樓,121.297928453292,25.0092601700653
桃園市桃園區中寧里22鄰大興西路二段139巷105號四樓,68,6800100,6800100-049,22鄰,大興西路,二段,139巷,,,,105號四樓,121.297928453292,25.0092601700653
桃園市桃園區中寧里22鄰大興西路二段139巷105號五樓,68,6800100,6800100-049,22鄰,大興西路,二段,139巷,,,,105號五樓,121.297928453292,25.0092601700653
桃園市桃園區中寧里23鄰大興西路二段139巷111號,68,6800100,6800100-049,23鄰,大興西路,二段,139巷,,,,111號,121.298035515643,25.0090391235193
桃園市桃園區中寧里23鄰大興西路二段139巷111號三樓,68,6800100,6800100-049,23鄰,大興西路,二段,139巷,,,,111號三樓,121.298035515643,25.0090391235193
桃園市桃園區中寧里23鄰大興西路二段139巷111號八樓,68,6800100,6800100-049,23鄰,大興西路,二段,139巷,,,,111號八樓,121.298035515643,25.0090391235193
桃園市桃園區中寧里23鄰大興西路二段139巷111號十二樓,68,6800100,6800100-049,23鄰,大興西路,二段,139巷,,,,111號十二樓,121.298035515643,25.0090391235193
桃園市桃園區中寧里23鄰大興西路二段139巷111號四樓,68,6800100,6800100-049,23鄰,大興西路,二段,139巷,,,,111號四樓,121.298035515643,25.0090391235193
桃園市桃園區中寧里23鄰大興西路二段139巷111號五樓,68,6800100,6800100-049,23鄰,大興西路,二段,139巷,,,,111號五樓,121.298035515643,25.0090391235193
桃園市桃園區中寧里23鄰大興西路二段139巷111號六樓,68,6800100,6800100-049,23鄰,大興西路,二段,139巷,,,,111號六樓,121.298035515643,25.0090391235193
桃園市桃園區中寧里23鄰大興西路二段139巷111號七樓,68,6800100,6800100-049,23鄰,大興西路,二段,139巷,,,,111號七樓,121.298035515643,25.0090391235193
桃園市桃園區中寧里23鄰大興西路二段139巷111號九樓,68,6800100,6800100-049,23鄰,大興西路,二段,139巷,,,,111號九樓,121.298035515643,25.0090391235193
桃園市桃園區中寧里23鄰大興西路二段139巷111號十樓,68,6800100,6800100-049,23鄰,大興西路,二段,139巷,,,,111號十樓,121.298035515643,25.0090391235193
桃園市桃園區中寧里23鄰大興西路二段139巷111號十一樓,68,6800100,6800100-049,23鄰,大興西路,二段,139巷,,,,111號十一樓,121.298035515643,25.0090391235193
桃園市桃園區中寧里23鄰大興西路二段139巷113號九樓,68,6800100,6800100-049,23鄰,大興西路,二段,139巷,,,,113號九樓,121.298018532099,25.0090629019622
桃園市桃園區中寧里23鄰大興西路二段139巷113號十樓,68,6800100,6800100-049,23鄰,大興西路,二段,139巷,,,,113號十樓,121.298018532099,25.0090629019622
桃園市桃園區中寧里23鄰大興西路二段139巷113號十一樓,68,6800100,6800100-049,23鄰,大興西路,二段,139巷,,,,113號十一樓,121.298018532099,25.0090629019622
桃園市桃園區中寧里23鄰大興西路二段139巷113號十二樓,68,6800100,6800100-049,23鄰,大興西路,二段,139巷,,,,113號十二樓,121.298018532099,25.0090629019622
桃園市桃園區中寧里23鄰大興西路二段139巷113號三樓,68,6800100,6800100-049,23鄰,大興西路,二段,139巷,,,,113號三樓,121.298018532099,25.0090629019622
桃園市桃園區中寧里23鄰大興西路二段139巷113號四樓,68,6800100,6800100-049,23鄰,大興西路,二段,139巷,,,,113號四樓,121.298018532099,25.0090629019622
桃園市桃園區中寧里23鄰大興西路二段139巷113號五樓,68,6800100,6800100-049,23鄰,大興西路,二段,139巷,,,,113號五樓,121.298018532099,25.0090629019622
桃園市桃園區中寧里23鄰大興西路二段139巷113號六樓,68,6800100,6800100-049,23鄰,大興西路,二段,139巷,,,,113號六樓,121.298018532099,25.0090629019622
桃園市桃園區中寧里23鄰大興西路二段139巷113號七樓,68,6800100,6800100-049,23鄰,大興西路,二段,139巷,,,,113號七樓,121.298018532099,25.0090629019622
桃園市桃園區中寧里23鄰大興西路二段139巷113號八樓,68,6800100,6800100-049,23鄰,大興西路,二段,139巷,,,,113號八樓,121.298018532099,25.0090629019622
桃園市桃園區中寧里23鄰大興西路二段139巷115號三樓,68,6800100,6800100-049,23鄰,大興西路,二段,139巷,,,,115號三樓,121.297933224418,25.0090201884892
桃園市桃園區中寧里23鄰大興西路二段139巷115號四樓,68,6800100,6800100-049,23鄰,大興西路,二段,139巷,,,,115號四樓,121.297933224418,25.0090201884892
桃園市桃園區中寧里23鄰大興西路二段139巷115號五樓,68,6800100,6800100-049,23鄰,大興西路,二段,139巷,,,,115號五樓,121.297933224418,25.0090201884892
桃園市桃園區中寧里23鄰大興西路二段139巷115號六樓,68,6800100,6800100-049,23鄰,大興西路,二段,139巷,,,,115號六樓,121.297933224418,25.0090201884892
桃園市桃園區中寧里23鄰大興西路二段139巷115號七樓,68,6800100,6800100-049,23鄰,大興西路,二段,139巷,,,,115號七樓,121.297933224418,25.0090201884892
桃園市桃園區中寧里23鄰大興西路二段139巷115號八樓,68,6800100,6800100-049,23鄰,大興西路,二段,139巷,,,,115號八樓,121.297933224418,25.0090201884892
桃園市桃園區中寧里23鄰大興西路二段139巷115號九樓,68,6800100,6800100-049,23鄰,大興西路,二段,139巷,,,,115號九樓,121.297933224418,25.0090201884892
桃園市桃園區中寧里23鄰大興西路二段139巷115號十樓,68,6800100,6800100-049,23鄰,大興西路,二段,139巷,,,,115號十樓,121.297933224418,25.0090201884892
桃園市桃園區中寧里23鄰大興西路二段139巷115號十一樓,68,6800100,6800100-049,23鄰,大興西路,二段,139巷,,,,115號十一樓,121.297933224418,25.0090201884892
桃園市桃園區中寧里23鄰大興西路二段139巷115號十二樓,68,6800100,6800100-049,23鄰,大興西路,二段,139巷,,,,115號十二樓,121.297933224418,25.0090201884892
桃園市桃園區中寧里23鄰大興西路二段139巷117號十一樓,68,6800100,6800100-049,23鄰,大興西路,二段,139巷,,,,117號十一樓,121.297955503549,25.0089738287148
桃園市桃園區中寧里23鄰大興西路二段139巷117號十二樓,68,6800100,6800100-049,23鄰,大興西路,二段,139巷,,,,117號十二樓,121.297955503549,25.0089738287148
桃園市桃園區中寧里23鄰大興西路二段139巷117號四樓,68,6800100,6800100-049,23鄰,大興西路,二段,139巷,,,,117號四樓,121.297955503549,25.0089738287148
桃園市桃園區中寧里23鄰大興西路二段139巷117號五樓,68,6800100,6800100-049,23鄰,大興西路,二段,139巷,,,,117號五樓,121.297955503549,25.0089738287148
桃園市桃園區中寧里23鄰大興西路二段139巷117號六樓,68,6800100,6800100-049,23鄰,大興西路,二段,139巷,,,,117號六樓,121.297955503549,25.0089738287148
桃園市桃園區中寧里23鄰大興西路二段139巷117號七樓,68,6800100,6800100-049,23鄰,大興西路,二段,139巷,,,,117號七樓,121.297955503549,25.0089738287148
桃園市桃園區中寧里23鄰大興西路二段139巷117號八樓,68,6800100,6800100-049,23鄰,大興西路,二段,139巷,,,,117號八樓,121.297955503549,25.0089738287148
桃園市桃園區中寧里23鄰大興西路二段139巷117號九樓,68,6800100,6800100-049,23鄰,大興西路,二段,139巷,,,,117號九樓,121.297955503549,25.0089738287148
桃園市桃園區中寧里23鄰大興西路二段139巷117號十樓,68,6800100,6800100-049,23鄰,大興西路,二段,139巷,,,,117號十樓,121.297955503549,25.0089738287148
桃園市桃園區中寧里23鄰大興西路二段139巷117號三樓,68,6800100,6800100-049,23鄰,大興西路,二段,139巷,,,,117號三樓,121.297955503549,25.0089738287148
桃園市桃園區中寧里23鄰大興西路二段139巷119號三樓,68,6800100,6800100-049,23鄰,大興西路,二段,139巷,,,,119號三樓,121.297978966765,25.00892548034
桃園市桃園區中寧里23鄰大興西路二段139巷119號四樓,68,6800100,6800100-049,23鄰,大興西路,二段,139巷,,,,119號四樓,121.297978966765,25.00892548034
桃園市桃園區中寧里23鄰大興西路二段139巷119號五樓,68,6800100,6800100-049,23鄰,大興西路,二段,139巷,,,,119號五樓,121.297978966765,25.00892548034
桃園市桃園區中寧里23鄰大興西路二段139巷119號六樓,68,6800100,6800100-049,23鄰,大興西路,二段,139巷,,,,119號六樓,121.297978966765,25.00892548034
桃園市桃園區中寧里23鄰大興西路二段139巷119號七樓,68,6800100,6800100-049,23鄰,大興西路,二段,139巷,,,,119號七樓,121.297978966765,25.00892548034
桃園市桃園區中寧里23鄰大興西路二段139巷119號八樓,68,6800100,6800100-049,23鄰,大興西路,二段,139巷,,,,119號八樓,121.297978966765,25.00892548034
桃園市桃園區中寧里23鄰大興西路二段139巷119號十二樓,68,6800100,6800100-049,23鄰,大興西路,二段,139巷,,,,119號十二樓,121.297978966765,25.00892548034
桃園市桃園區中寧里23鄰大興西路二段139巷119號九樓,68,6800100,6800100-049,23鄰,大興西路,二段,139巷,,,,119號九樓,121.297978966765,25.00892548034
桃園市桃園區中寧里23鄰大興西路二段139巷119號十樓,68,6800100,6800100-049,23鄰,大興西路,二段,139巷,,,,119號十樓,121.297978966765,25.00892548034
桃園市桃園區中寧里23鄰大興西路二段139巷119號十一樓,68,6800100,6800100-049,23鄰,大興西路,二段,139巷,,,,119號十一樓,121.297978966765,25.00892548034
桃園市桃園區中寧里23鄰大興西路二段139巷121號八樓,68,6800100,6800100-049,23鄰,大興西路,二段,139巷,,,,121號八樓,121.297997183806,25.0088791286974
桃園市桃園區中寧里23鄰大興西路二段139巷121號九樓,68,6800100,6800100-049,23鄰,大興西路,二段,139巷,,,,121號九樓,121.297997183806,25.0088791286974
桃園市桃園區中寧里23鄰大興西路二段139巷121號十一樓,68,6800100,6800100-049,23鄰,大興西路,二段,139巷,,,,121號十一樓,121.297997183806,25.0088791286974
桃園市桃園區中寧里23鄰大興西路二段139巷121號十二樓,68,6800100,6800100-049,23鄰,大興西路,二段,139巷,,,,121號十二樓,121.297997183806,25.0088791286974
桃園市桃園區中寧里23鄰大興西路二段139巷121號十樓,68,6800100,6800100-049,23鄰,大興西路,二段,139巷,,,,121號十樓,121.297997183806,25.0088791286974
桃園市桃園區中寧里23鄰大興西路二段139巷121號三樓,68,6800100,6800100-049,23鄰,大興西路,二段,139巷,,,,121號三樓,121.297997183806,25.0088791286974
桃園市桃園區中寧里23鄰大興西路二段139巷121號四樓,68,6800100,6800100-049,23鄰,大興西路,二段,139巷,,,,121號四樓,121.297997183806,25.0088791286974
桃園市桃園區中寧里23鄰大興西路二段139巷121號五樓,68,6800100,6800100-049,23鄰,大興西路,二段,139巷,,,,121號五樓,121.297997183806,25.0088791286974
桃園市桃園區中寧里23鄰大興西路二段139巷121號六樓,68,6800100,6800100-049,23鄰,大興西路,二段,139巷,,,,121號六樓,121.297997183806,25.0088791286974
桃園市桃園區中寧里23鄰大興西路二段139巷121號七樓,68,6800100,6800100-049,23鄰,大興西路,二段,139巷,,,,121號七樓,121.297997183806,25.0088791286974
桃園市桃園區中寧里23鄰大興西路二段139巷123號八樓,68,6800100,6800100-049,23鄰,大興西路,二段,139巷,,,,123號八樓,121.29812220837,25.008834729784
桃園市桃園區中寧里23鄰大興西路二段139巷123號十樓,68,6800100,6800100-049,23鄰,大興西路,二段,139巷,,,,123號十樓,121.29812220837,25.008834729784
桃園市桃園區中寧里23鄰大興西路二段139巷123號十一樓,68,6800100,6800100-049,23鄰,大興西路,二段,139巷,,,,123號十一樓,121.29812220837,25.008834729784
桃園市桃園區中寧里23鄰大興西路二段139巷123號十二樓,68,6800100,6800100-049,23鄰,大興西路,二段,139巷,,,,123號十二樓,121.29812220837,25.008834729784
桃園市桃園區中寧里23鄰大興西路二段139巷123號三樓,68,6800100,6800100-049,23鄰,大興西路,二段,139巷,,,,123號三樓,121.29812220837,25.008834729784
桃園市桃園區中寧里23鄰大興西路二段139巷123號四樓,68,6800100,6800100-049,23鄰,大興西路,二段,139巷,,,,123號四樓,121.29812220837,25.008834729784
桃園市桃園區中寧里23鄰大興西路二段139巷123號五樓,68,6800100,6800100-049,23鄰,大興西路,二段,139巷,,,,123號五樓,121.29812220837,25.008834729784
桃園市桃園區中寧里23鄰大興西路二段139巷123號六樓,68,6800100,6800100-049,23鄰,大興西路,二段,139巷,,,,123號六樓,121.29812220837,25.008834729784
桃園市桃園區中寧里23鄰大興西路二段139巷123號七樓,68,6800100,6800100-049,23鄰,大興西路,二段,139巷,,,,123號七樓,121.29812220837,25.008834729784
桃園市桃園區中寧里23鄰大興西路二段139巷123號九樓,68,6800100,6800100-049,23鄰,大興西路,二段,139巷,,,,123號九樓,121.29812220837,25.008834729784
桃園市桃園區中寧里23鄰大興西路二段139巷125號六樓,68,6800100,6800100-049,23鄰,大興西路,二段,139巷,,,,125號六樓,121.298086985647,25.0088956510783
桃園市桃園區中寧里23鄰大興西路二段139巷125號七樓,68,6800100,6800100-049,23鄰,大興西路,二段,139巷,,,,125號七樓,121.298086985647,25.0088956510783
桃園市桃園區中寧里23鄰大興西路二段139巷125號九樓,68,6800100,6800100-049,23鄰,大興西路,二段,139巷,,,,125號九樓,121.298086985647,25.0088956510783
桃園市桃園區中寧里23鄰大興西路二段139巷125號十樓,68,6800100,6800100-049,23鄰,大興西路,二段,139巷,,,,125號十樓,121.298086985647,25.0088956510783
桃園市桃園區中寧里23鄰大興西路二段139巷125號十一樓,68,6800100,6800100-049,23鄰,大興西路,二段,139巷,,,,125號十一樓,121.298086985647,25.0088956510783
桃園市桃園區中寧里23鄰大興西路二段139巷125號十二樓,68,6800100,6800100-049,23鄰,大興西路,二段,139巷,,,,125號十二樓,121.298086985647,25.0088956510783
桃園市桃園區中寧里23鄰大興西路二段139巷125號三樓,68,6800100,6800100-049,23鄰,大興西路,二段,139巷,,,,125號三樓,121.298086985647,25.0088956510783
桃園市桃園區中寧里23鄰大興西路二段139巷125號四樓,68,6800100,6800100-049,23鄰,大興西路,二段,139巷,,,,125號四樓,121.298086985647,25.0088956510783
桃園市桃園區中寧里23鄰大興西路二段139巷125號五樓,68,6800100,6800100-049,23鄰,大興西路,二段,139巷,,,,125號五樓,121.298086985647,25.0088956510783
桃園市桃園區中寧里23鄰大興西路二段139巷125號八樓,68,6800100,6800100-049,23鄰,大興西路,二段,139巷,,,,125號八樓,121.298086985647,25.0088956510783
桃園市桃園區中寧里23鄰大興西路二段139巷127號十樓,68,6800100,6800100-049,23鄰,大興西路,二段,139巷,,,,127號十樓,121.29813302182,25.0092100142343
桃園市桃園區中寧里23鄰大興西路二段139巷127號十一樓,68,6800100,6800100-049,23鄰,大興西路,二段,139巷,,,,127號十一樓,121.29813302182,25.0092100142343
桃園市桃園區中寧里23鄰大興西路二段139巷127號十二樓,68,6800100,6800100-049,23鄰,大興西路,二段,139巷,,,,127號十二樓,121.29813302182,25.0092100142343
桃園市桃園區中寧里23鄰大興西路二段139巷127號十三樓,68,6800100,6800100-049,23鄰,大興西路,二段,139巷,,,,127號十三樓,121.29813302182,25.0092100142343
桃園市桃園區中寧里23鄰大興西路二段139巷127號三樓,68,6800100,6800100-049,23鄰,大興西路,二段,139巷,,,,127號三樓,121.29813302182,25.0092100142343
桃園市桃園區中寧里23鄰大興西路二段139巷127號四樓,68,6800100,6800100-049,23鄰,大興西路,二段,139巷,,,,127號四樓,121.29813302182,25.0092100142343
桃園市桃園區中寧里23鄰大興西路二段139巷127號五樓,68,6800100,6800100-049,23鄰,大興西路,二段,139巷,,,,127號五樓,121.29813302182,25.0092100142343
桃園市桃園區中寧里23鄰大興西路二段139巷127號六樓,68,6800100,6800100-049,23鄰,大興西路,二段,139巷,,,,127號六樓,121.29813302182,25.0092100142343
桃園市桃園區中寧里23鄰大興西路二段139巷127號七樓,68,6800100,6800100-049,23鄰,大興西路,二段,139巷,,,,127號七樓,121.29813302182,25.0092100142343
桃園市桃園區中寧里23鄰大興西路二段139巷127號八樓,68,6800100,6800100-049,23鄰,大興西路,二段,139巷,,,,127號八樓,121.29813302182,25.0092100142343
桃園市桃園區中寧里23鄰大興西路二段139巷127號九樓,68,6800100,6800100-049,23鄰,大興西路,二段,139巷,,,,127號九樓,121.29813302182,25.0092100142343
桃園市桃園區中寧里23鄰大興西路二段139巷129號七樓,68,6800100,6800100-049,23鄰,大興西路,二段,139巷,,,,129號七樓,121.298203845591,25.009244811735
桃園市桃園區中寧里23鄰大興西路二段139巷129號八樓,68,6800100,6800100-049,23鄰,大興西路,二段,139巷,,,,129號八樓,121.298203845591,25.009244811735
桃園市桃園區中寧里23鄰大興西路二段139巷129號九樓,68,6800100,6800100-049,23鄰,大興西路,二段,139巷,,,,129號九樓,121.298203845591,25.009244811735
桃園市桃園區中寧里23鄰大興西路二段139巷129號十樓,68,6800100,6800100-049,23鄰,大興西路,二段,139巷,,,,129號十樓,121.298203845591,25.009244811735
桃園市桃園區中寧里23鄰大興西路二段139巷129號十一樓,68,6800100,6800100-049,23鄰,大興西路,二段,139巷,,,,129號十一樓,121.298203845591,25.009244811735
桃園市桃園區中寧里23鄰大興西路二段139巷129號十二樓,68,6800100,6800100-049,23鄰,大興西路,二段,139巷,,,,129號十二樓,121.298203845591,25.009244811735
桃園市桃園區中寧里23鄰大興西路二段139巷129號十三樓,68,6800100,6800100-049,23鄰,大興西路,二段,139巷,,,,129號十三樓,121.298203845591,25.009244811735
桃園市桃園區中寧里23鄰大興西路二段139巷129號四樓,68,6800100,6800100-049,23鄰,大興西路,二段,139巷,,,,129號四樓,121.298203845591,25.009244811735
桃園市桃園區中寧里23鄰大興西路二段139巷129號五樓,68,6800100,6800100-049,23鄰,大興西路,二段,139巷,,,,129號五樓,121.298203845591,25.009244811735
桃園市桃園區中寧里23鄰大興西路二段139巷129號六樓,68,6800100,6800100-049,23鄰,大興西路,二段,139巷,,,,129號六樓,121.298203845591,25.009244811735
桃園市桃園區中寧里23鄰大興西路二段139巷129號三樓,68,6800100,6800100-049,23鄰,大興西路,二段,139巷,,,,129號三樓,121.298203845591,25.009244811735
桃園市桃園區中寧里23鄰大興西路二段139巷131號三樓,68,6800100,6800100-049,23鄰,大興西路,二段,139巷,,,,131號三樓,121.298283566514,25.0092714658943
桃園市桃園區中寧里23鄰大興西路二段139巷131號四樓,68,6800100,6800100-049,23鄰,大興西路,二段,139巷,,,,131號四樓,121.298283566514,25.0092714658943
桃園市桃園區中寧里23鄰大興西路二段139巷131號八樓,68,6800100,6800100-049,23鄰,大興西路,二段,139巷,,,,131號八樓,121.298283566514,25.0092714658943
桃園市桃園區中寧里23鄰大興西路二段139巷131號五樓,68,6800100,6800100-049,23鄰,大興西路,二段,139巷,,,,131號五樓,121.298283566514,25.0092714658943
桃園市桃園區中寧里23鄰大興西路二段139巷131號六樓,68,6800100,6800100-049,23鄰,大興西路,二段,139巷,,,,131號六樓,121.298283566514,25.0092714658943
桃園市桃園區中寧里23鄰大興西路二段139巷131號七樓,68,6800100,6800100-049,23鄰,大興西路,二段,139巷,,,,131號七樓,121.298283566514,25.0092714658943
桃園市桃園區中寧里23鄰大興西路二段139巷131號九樓,68,6800100,6800100-049,23鄰,大興西路,二段,139巷,,,,131號九樓,121.298283566514,25.0092714658943
桃園市桃園區中寧里23鄰大興西路二段139巷131號十樓,68,6800100,6800100-049,23鄰,大興西路,二段,139巷,,,,131號十樓,121.298283566514,25.0092714658943
桃園市桃園區中寧里23鄰大興西路二段139巷131號十一樓,68,6800100,6800100-049,23鄰,大興西路,二段,139巷,,,,131號十一樓,121.298283566514,25.0092714658943
桃園市桃園區中寧里23鄰大興西路二段139巷131號十二樓,68,6800100,6800100-049,23鄰,大興西路,二段,139巷,,,,131號十二樓,121.298283566514,25.0092714658943
桃園市桃園區中寧里23鄰大興西路二段139巷131號十三樓,68,6800100,6800100-049,23鄰,大興西路,二段,139巷,,,,131號十三樓,121.298283566514,25.0092714658943
桃園市桃園區中寧里23鄰大興西路二段139巷133號十樓,68,6800100,6800100-049,23鄰,大興西路,二段,139巷,,,,133號十樓,121.298363169201,25.0092901753507
桃園市桃園區中寧里23鄰大興西路二段139巷133號十一樓,68,6800100,6800100-049,23鄰,大興西路,二段,139巷,,,,133號十一樓,121.298363169201,25.0092901753507
桃園市桃園區中寧里23鄰大興西路二段139巷133號十二樓,68,6800100,6800100-049,23鄰,大興西路,二段,139巷,,,,133號十二樓,121.298363169201,25.0092901753507
桃園市桃園區中寧里23鄰大興西路二段139巷133號十三樓,68,6800100,6800100-049,23鄰,大興西路,二段,139巷,,,,133號十三樓,121.298363169201,25.0092901753507
桃園市桃園區中寧里23鄰大興西路二段139巷133號三樓,68,6800100,6800100-049,23鄰,大興西路,二段,139巷,,,,133號三樓,121.298363169201,25.0092901753507
桃園市桃園區中寧里23鄰大興西路二段139巷133號四樓,68,6800100,6800100-049,23鄰,大興西路,二段,139巷,,,,133號四樓,121.298363169201,25.0092901753507
桃園市桃園區中寧里23鄰大興西路二段139巷133號五樓,68,6800100,6800100-049,23鄰,大興西路,二段,139巷,,,,133號五樓,121.298363169201,25.0092901753507
桃園市桃園區中寧里23鄰大興西路二段139巷133號六樓,68,6800100,6800100-049,23鄰,大興西路,二段,139巷,,,,133號六樓,121.298363169201,25.0092901753507
桃園市桃園區中寧里23鄰大興西路二段139巷133號七樓,68,6800100,6800100-049,23鄰,大興西路,二段,139巷,,,,133號七樓,121.298363169201,25.0092901753507
桃園市桃園區中寧里23鄰大興西路二段139巷133號八樓,68,6800100,6800100-049,23鄰,大興西路,二段,139巷,,,,133號八樓,121.298363169201,25.0092901753507
桃園市桃園區中寧里23鄰大興西路二段139巷133號九樓,68,6800100,6800100-049,23鄰,大興西路,二段,139巷,,,,133號九樓,121.298363169201,25.0092901753507
桃園市桃園區中寧里23鄰大興西路二段139巷135號,68,6800100,6800100-049,23鄰,大興西路,二段,139巷,,,,135號,121.298398356995,25.0092148087967
桃園市桃園區中寧里23鄰大興西路二段139巷135號十樓,68,6800100,6800100-049,23鄰,大興西路,二段,139巷,,,,135號十樓,121.298398356995,25.0092148087967
桃園市桃園區中寧里23鄰大興西路二段139巷135號十一樓,68,6800100,6800100-049,23鄰,大興西路,二段,139巷,,,,135號十一樓,121.298398356995,25.0092148087967
桃園市桃園區中寧里23鄰大興西路二段139巷135號九樓,68,6800100,6800100-049,23鄰,大興西路,二段,139巷,,,,135號九樓,121.298398356995,25.0092148087967
桃園市桃園區中寧里23鄰大興西路二段139巷135號二樓,68,6800100,6800100-049,23鄰,大興西路,二段,139巷,,,,135號二樓,121.298398356995,25.0092148087967
桃園市桃園區中寧里23鄰大興西路二段139巷135號三樓,68,6800100,6800100-049,23鄰,大興西路,二段,139巷,,,,135號三樓,121.298398356995,25.0092148087967
桃園市桃園區中寧里23鄰大興西路二段139巷135號四樓,68,6800100,6800100-049,23鄰,大興西路,二段,139巷,,,,135號四樓,121.298398356995,25.0092148087967
桃園市桃園區中寧里23鄰大興西路二段139巷135號十二樓,68,6800100,6800100-049,23鄰,大興西路,二段,139巷,,,,135號十二樓,121.298398356995,25.0092148087967
桃園市桃園區中寧里23鄰大興西路二段139巷135號十三樓,68,6800100,6800100-049,23鄰,大興西路,二段,139巷,,,,135號十三樓,121.298398356995,25.0092148087967
桃園市桃園區中寧里23鄰大興西路二段139巷135號五樓,68,6800100,6800100-049,23鄰,大興西路,二段,139巷,,,,135號五樓,121.298398356995,25.0092148087967
桃園市桃園區中寧里23鄰大興西路二段139巷135號六樓,68,6800100,6800100-049,23鄰,大興西路,二段,139巷,,,,135號六樓,121.298398356995,25.0092148087967
桃園市桃園區中寧里23鄰大興西路二段139巷135號七樓,68,6800100,6800100-049,23鄰,大興西路,二段,139巷,,,,135號七樓,121.298398356995,25.0092148087967
桃園市桃園區中寧里23鄰大興西路二段139巷135號八樓,68,6800100,6800100-049,23鄰,大興西路,二段,139巷,,,,135號八樓,121.298398356995,25.0092148087967
桃園市桃園區中寧里23鄰大興西路二段139巷137號,68,6800100,6800100-049,23鄰,大興西路,二段,139巷,,,,137號,121.298420502441,25.0091541845211
桃園市桃園區中寧里23鄰大興西路二段139巷137號六樓,68,6800100,6800100-049,23鄰,大興西路,二段,139巷,,,,137號六樓,121.298420502441,25.0091541845211
桃園市桃園區中寧里23鄰大興西路二段139巷137號七樓,68,6800100,6800100-049,23鄰,大興西路,二段,139巷,,,,137號七樓,121.298420502441,25.0091541845211
桃園市桃園區中寧里23鄰大興西路二段139巷137號八樓,68,6800100,6800100-049,23鄰,大興西路,二段,139巷,,,,137號八樓,121.298420502441,25.0091541845211
桃園市桃園區中寧里23鄰大興西路二段139巷137號九樓,68,6800100,6800100-049,23鄰,大興西路,二段,139巷,,,,137號九樓,121.298420502441,25.0091541845211
桃園市桃園區中寧里23鄰大興西路二段139巷137號十一樓,68,6800100,6800100-049,23鄰,大興西路,二段,139巷,,,,137號十一樓,121.298420502441,25.0091541845211
桃園市桃園區中寧里23鄰大興西路二段139巷137號十二樓,68,6800100,6800100-049,23鄰,大興西路,二段,139巷,,,,137號十二樓,121.298420502441,25.0091541845211
桃園市桃園區中寧里23鄰大興西路二段139巷137號十三樓,68,6800100,6800100-049,23鄰,大興西路,二段,139巷,,,,137號十三樓,121.298420502441,25.0091541845211
桃園市桃園區中寧里23鄰大興西路二段139巷137號二樓,68,6800100,6800100-049,23鄰,大興西路,二段,139巷,,,,137號二樓,121.298420502441,25.0091541845211
桃園市桃園區中寧里23鄰大興西路二段139巷137號三樓,68,6800100,6800100-049,23鄰,大興西路,二段,139巷,,,,137號三樓,121.298420502441,25.0091541845211
桃園市桃園區中寧里23鄰大興西路二段139巷137號四樓,68,6800100,6800100-049,23鄰,大興西路,二段,139巷,,,,137號四樓,121.298420502441,25.0091541845211
桃園市桃園區中寧里23鄰大興西路二段139巷137號五樓,68,6800100,6800100-049,23鄰,大興西路,二段,139巷,,,,137號五樓,121.298420502441,25.0091541845211
桃園市桃園區中寧里23鄰大興西路二段139巷137號十樓,68,6800100,6800100-049,23鄰,大興西路,二段,139巷,,,,137號十樓,121.298420502441,25.0091541845211
桃園市桃園區中寧里23鄰大興西路二段139巷139號,68,6800100,6800100-049,23鄰,大興西路,二段,139巷,,,,139號,121.298478625086,25.0090579165705
桃園市桃園區中寧里23鄰大興西路二段139巷139號十一樓,68,6800100,6800100-049,23鄰,大興西路,二段,139巷,,,,139號十一樓,121.298478625086,25.0090579165705
桃園市桃園區中寧里23鄰大興西路二段139巷139號十二樓,68,6800100,6800100-049,23鄰,大興西路,二段,139巷,,,,139號十二樓,121.298478625086,25.0090579165705
桃園市桃園區中寧里23鄰大興西路二段139巷139號十三樓,68,6800100,6800100-049,23鄰,大興西路,二段,139巷,,,,139號十三樓,121.298478625086,25.0090579165705
桃園市桃園區中寧里23鄰大興西路二段139巷139號七樓,68,6800100,6800100-049,23鄰,大興西路,二段,139巷,,,,139號七樓,121.298478625086,25.0090579165705
桃園市桃園區中寧里23鄰大興西路二段139巷139號二樓,68,6800100,6800100-049,23鄰,大興西路,二段,139巷,,,,139號二樓,121.298478625086,25.0090579165705
桃園市桃園區中寧里23鄰大興西路二段139巷139號三樓,68,6800100,6800100-049,23鄰,大興西路,二段,139巷,,,,139號三樓,121.298478625086,25.0090579165705
桃園市桃園區中寧里23鄰大興西路二段139巷139號四樓,68,6800100,6800100-049,23鄰,大興西路,二段,139巷,,,,139號四樓,121.298478625086,25.0090579165705
桃園市桃園區中寧里23鄰大興西路二段139巷139號五樓,68,6800100,6800100-049,23鄰,大興西路,二段,139巷,,,,139號五樓,121.298478625086,25.0090579165705
桃園市桃園區中寧里23鄰大興西路二段139巷139號六樓,68,6800100,6800100-049,23鄰,大興西路,二段,139巷,,,,139號六樓,121.298478625086,25.0090579165705
桃園市桃園區中寧里23鄰大興西路二段139巷139號八樓,68,6800100,6800100-049,23鄰,大興西路,二段,139巷,,,,139號八樓,121.298478625086,25.0090579165705
桃園市桃園區中寧里23鄰大興西路二段139巷139號九樓,68,6800100,6800100-049,23鄰,大興西路,二段,139巷,,,,139號九樓,121.298478625086,25.0090579165705
桃園市桃園區中寧里23鄰大興西路二段139巷139號十樓,68,6800100,6800100-049,23鄰,大興西路,二段,139巷,,,,139號十樓,121.298478625086,25.0090579165705
桃園市桃園區中寧里23鄰大興西路二段139巷141號,68,6800100,6800100-049,23鄰,大興西路,二段,139巷,,,,141號,121.298530223122,25.0089676203664
桃園市桃園區中寧里23鄰大興西路二段139巷141號五樓,68,6800100,6800100-049,23鄰,大興西路,二段,139巷,,,,141號五樓,121.298530223122,25.0089676203664
桃園市桃園區中寧里23鄰大興西路二段139巷141號六樓,68,6800100,6800100-049,23鄰,大興西路,二段,139巷,,,,141號六樓,121.298530223122,25.0089676203664
桃園市桃園區中寧里23鄰大興西路二段139巷141號七樓,68,6800100,6800100-049,23鄰,大興西路,二段,139巷,,,,141號七樓,121.298530223122,25.0089676203664
桃園市桃園區中寧里23鄰大興西路二段139巷141號八樓,68,6800100,6800100-049,23鄰,大興西路,二段,139巷,,,,141號八樓,121.298530223122,25.0089676203664
桃園市桃園區中寧里23鄰大興西路二段139巷141號九樓,68,6800100,6800100-049,23鄰,大興西路,二段,139巷,,,,141號九樓,121.298530223122,25.0089676203664
桃園市桃園區中寧里23鄰大興西路二段139巷141號十樓,68,6800100,6800100-049,23鄰,大興西路,二段,139巷,,,,141號十樓,121.298530223122,25.0089676203664
桃園市桃園區中寧里23鄰大興西路二段139巷141號十一樓,68,6800100,6800100-049,23鄰,大興西路,二段,139巷,,,,141號十一樓,121.298530223122,25.0089676203664
桃園市桃園區中寧里23鄰大興西路二段139巷141號十二樓,68,6800100,6800100-049,23鄰,大興西路,二段,139巷,,,,141號十二樓,121.298530223122,25.0089676203664
桃園市桃園區中寧里23鄰大興西路二段139巷141號二樓,68,6800100,6800100-049,23鄰,大興西路,二段,139巷,,,,141號二樓,121.298530223122,25.0089676203664
桃園市桃園區中寧里23鄰大興西路二段139巷141號三樓,68,6800100,6800100-049,23鄰,大興西路,二段,139巷,,,,141號三樓,121.298530223122,25.0089676203664
桃園市桃園區中寧里23鄰大興西路二段139巷141號四樓,68,6800100,6800100-049,23鄰,大興西路,二段,139巷,,,,141號四樓,121.298530223122,25.0089676203664
桃園市桃園區中寧里23鄰大興西路二段139巷141號十三樓,68,6800100,6800100-049,23鄰,大興西路,二段,139巷,,,,141號十三樓,121.298530223122,25.0089676203664
桃園市桃園區中寧里23鄰大興西路二段139巷143號二樓,68,6800100,6800100-049,23鄰,大興西路,二段,139巷,,,,143號二樓,121.29856279355,25.0089161840008
桃園市桃園區中寧里23鄰大興西路二段139巷143號三樓,68,6800100,6800100-049,23鄰,大興西路,二段,139巷,,,,143號三樓,121.29856279355,25.0089161840008
桃園市桃園區中寧里23鄰大興西路二段139巷143號四樓,68,6800100,6800100-049,23鄰,大興西路,二段,139巷,,,,143號四樓,121.29856279355,25.0089161840008
桃園市桃園區中寧里23鄰大興西路二段139巷143號五樓,68,6800100,6800100-049,23鄰,大興西路,二段,139巷,,,,143號五樓,121.29856279355,25.0089161840008
桃園市桃園區中寧里23鄰大興西路二段139巷143號六樓,68,6800100,6800100-049,23鄰,大興西路,二段,139巷,,,,143號六樓,121.29856279355,25.0089161840008
桃園市桃園區中寧里23鄰大興西路二段139巷143號七樓,68,6800100,6800100-049,23鄰,大興西路,二段,139巷,,,,143號七樓,121.29856279355,25.0089161840008
桃園市桃園區中寧里23鄰大興西路二段139巷143號九樓,68,6800100,6800100-049,23鄰,大興西路,二段,139巷,,,,143號九樓,121.29856279355,25.0089161840008
桃園市桃園區中寧里23鄰大興西路二段139巷143號十樓,68,6800100,6800100-049,23鄰,大興西路,二段,139巷,,,,143號十樓,121.29856279355,25.0089161840008
桃園市桃園區中寧里23鄰大興西路二段139巷143號十二樓,68,6800100,6800100-049,23鄰,大興西路,二段,139巷,,,,143號十二樓,121.29856279355,25.0089161840008
桃園市桃園區中寧里23鄰大興西路二段139巷143號八樓,68,6800100,6800100-049,23鄰,大興西路,二段,139巷,,,,143號八樓,121.29856279355,25.0089161840008
桃園市桃園區中寧里23鄰大興西路二段139巷143號十一樓,68,6800100,6800100-049,23鄰,大興西路,二段,139巷,,,,143號十一樓,121.29856279355,25.0089161840008
桃園市桃園區中寧里23鄰大興西路二段139巷145號六樓,68,6800100,6800100-049,23鄰,大興西路,二段,139巷,,,,145號六樓,121.298598099838,25.0088489426229
桃園市桃園區中寧里23鄰大興西路二段139巷145號七樓,68,6800100,6800100-049,23鄰,大興西路,二段,139巷,,,,145號七樓,121.298598099838,25.0088489426229
桃園市桃園區中寧里23鄰大興西路二段139巷145號八樓,68,6800100,6800100-049,23鄰,大興西路,二段,139巷,,,,145號八樓,121.298598099838,25.0088489426229
桃園市桃園區中寧里23鄰大興西路二段139巷145號九樓,68,6800100,6800100-049,23鄰,大興西路,二段,139巷,,,,145號九樓,121.298598099838,25.0088489426229
桃園市桃園區中寧里23鄰大興西路二段139巷145號十樓,68,6800100,6800100-049,23鄰,大興西路,二段,139巷,,,,145號十樓,121.298598099838,25.0088489426229
桃園市桃園區中寧里23鄰大興西路二段139巷145號十一樓,68,6800100,6800100-049,23鄰,大興西路,二段,139巷,,,,145號十一樓,121.298598099838,25.0088489426229
桃園市桃園區中寧里23鄰大興西路二段139巷145號十二樓,68,6800100,6800100-049,23鄰,大興西路,二段,139巷,,,,145號十二樓,121.298598099838,25.0088489426229
桃園市桃園區中寧里23鄰大興西路二段139巷145號二樓,68,6800100,6800100-049,23鄰,大興西路,二段,139巷,,,,145號二樓,121.298598099838,25.0088489426229
桃園市桃園區中寧里23鄰大興西路二段139巷145號三樓,68,6800100,6800100-049,23鄰,大興西路,二段,139巷,,,,145號三樓,121.298598099838,25.0088489426229
桃園市桃園區中寧里23鄰大興西路二段139巷145號四樓,68,6800100,6800100-049,23鄰,大興西路,二段,139巷,,,,145號四樓,121.298598099838,25.0088489426229
桃園市桃園區中寧里23鄰大興西路二段139巷145號五樓,68,6800100,6800100-049,23鄰,大興西路,二段,139巷,,,,145號五樓,121.298598099838,25.0088489426229
桃園市桃園區中寧里23鄰大興西路二段139巷147號八樓,68,6800100,6800100-049,23鄰,大興西路,二段,139巷,,,,147號八樓,121.298537635583,25.0088371466593
桃園市桃園區中寧里23鄰大興西路二段139巷147號三樓,68,6800100,6800100-049,23鄰,大興西路,二段,139巷,,,,147號三樓,121.298537635583,25.0088371466593
桃園市桃園區中寧里23鄰大興西路二段139巷147號四樓,68,6800100,6800100-049,23鄰,大興西路,二段,139巷,,,,147號四樓,121.298537635583,25.0088371466593
桃園市桃園區中寧里23鄰大興西路二段139巷147號五樓,68,6800100,6800100-049,23鄰,大興西路,二段,139巷,,,,147號五樓,121.298537635583,25.0088371466593
桃園市桃園區中寧里23鄰大興西路二段139巷147號六樓,68,6800100,6800100-049,23鄰,大興西路,二段,139巷,,,,147號六樓,121.298537635583,25.0088371466593
桃園市桃園區中寧里23鄰大興西路二段139巷147號七樓,68,6800100,6800100-049,23鄰,大興西路,二段,139巷,,,,147號七樓,121.298537635583,25.0088371466593
桃園市桃園區中寧里23鄰大興西路二段139巷147號九樓,68,6800100,6800100-049,23鄰,大興西路,二段,139巷,,,,147號九樓,121.298537635583,25.0088371466593
桃園市桃園區中寧里23鄰大興西路二段139巷147號十樓,68,6800100,6800100-049,23鄰,大興西路,二段,139巷,,,,147號十樓,121.298537635583,25.0088371466593
桃園市桃園區中寧里23鄰大興西路二段139巷147號十一樓,68,6800100,6800100-049,23鄰,大興西路,二段,139巷,,,,147號十一樓,121.298537635583,25.0088371466593
桃園市桃園區中寧里23鄰大興西路二段139巷147號二樓,68,6800100,6800100-049,23鄰,大興西路,二段,139巷,,,,147號二樓,121.298537635583,25.0088371466593
桃園市桃園區中寧里23鄰大興西路二段139巷147號十二樓,68,6800100,6800100-049,23鄰,大興西路,二段,139巷,,,,147號十二樓,121.298537635583,25.0088371466593
桃園市桃園區中寧里23鄰大興西路二段139巷149號十樓,68,6800100,6800100-049,23鄰,大興西路,二段,139巷,,,,149號十樓,121.298387598623,25.0088216482416
桃園市桃園區中寧里23鄰大興西路二段139巷149號十二樓,68,6800100,6800100-049,23鄰,大興西路,二段,139巷,,,,149號十二樓,121.298387598623,25.0088216482416
桃園市桃園區中寧里23鄰大興西路二段139巷149號十一樓,68,6800100,6800100-049,23鄰,大興西路,二段,139巷,,,,149號十一樓,121.298387598623,25.0088216482416
桃園市桃園區中寧里23鄰大興西路二段139巷149號三樓,68,6800100,6800100-049,23鄰,大興西路,二段,139巷,,,,149號三樓,121.298387598623,25.0088216482416
桃園市桃園區中寧里23鄰大興西路二段139巷149號七樓,68,6800100,6800100-049,23鄰,大興西路,二段,139巷,,,,149號七樓,121.298387598623,25.0088216482416
桃園市桃園區中寧里23鄰大興西路二段139巷149號四樓,68,6800100,6800100-049,23鄰,大興西路,二段,139巷,,,,149號四樓,121.298387598623,25.0088216482416
桃園市桃園區中寧里23鄰大興西路二段139巷149號五樓,68,6800100,6800100-049,23鄰,大興西路,二段,139巷,,,,149號五樓,121.298387598623,25.0088216482416
桃園市桃園區中寧里23鄰大興西路二段139巷149號六樓,68,6800100,6800100-049,23鄰,大興西路,二段,139巷,,,,149號六樓,121.298387598623,25.0088216482416
桃園市桃園區中寧里23鄰大興西路二段139巷149號八樓,68,6800100,6800100-049,23鄰,大興西路,二段,139巷,,,,149號八樓,121.298387598623,25.0088216482416
桃園市桃園區中寧里23鄰大興西路二段139巷149號九樓,68,6800100,6800100-049,23鄰,大興西路,二段,139巷,,,,149號九樓,121.298387598623,25.0088216482416
桃園市桃園區中寧里23鄰大興西路二段139巷151號六樓,68,6800100,6800100-049,23鄰,大興西路,二段,139巷,,,,151號六樓,121.298451250477,25.0088405702211
桃園市桃園區中寧里23鄰大興西路二段139巷151號八樓,68,6800100,6800100-049,23鄰,大興西路,二段,139巷,,,,151號八樓,121.298451250477,25.0088405702211
桃園市桃園區中寧里23鄰大興西路二段139巷151號九樓,68,6800100,6800100-049,23鄰,大興西路,二段,139巷,,,,151號九樓,121.298451250477,25.0088405702211
桃園市桃園區中寧里23鄰大興西路二段139巷151號十樓,68,6800100,6800100-049,23鄰,大興西路,二段,139巷,,,,151號十樓,121.298451250477,25.0088405702211
桃園市桃園區中寧里23鄰大興西路二段139巷151號十一樓,68,6800100,6800100-049,23鄰,大興西路,二段,139巷,,,,151號十一樓,121.298451250477,25.0088405702211
桃園市桃園區中寧里23鄰大興西路二段139巷151號十二樓,68,6800100,6800100-049,23鄰,大興西路,二段,139巷,,,,151號十二樓,121.298451250477,25.0088405702211
桃園市桃園區中寧里23鄰大興西路二段139巷151號三樓,68,6800100,6800100-049,23鄰,大興西路,二段,139巷,,,,151號三樓,121.298451250477,25.0088405702211
桃園市桃園區中寧里23鄰大興西路二段139巷151號四樓,68,6800100,6800100-049,23鄰,大興西路,二段,139巷,,,,151號四樓,121.298451250477,25.0088405702211
桃園市桃園區中寧里23鄰大興西路二段139巷151號五樓,68,6800100,6800100-049,23鄰,大興西路,二段,139巷,,,,151號五樓,121.298451250477,25.0088405702211
桃園市桃園區中寧里23鄰大興西路二段139巷151號七樓,68,6800100,6800100-049,23鄰,大興西路,二段,139巷,,,,151號七樓,121.298451250477,25.0088405702211
桃園市桃園區中寧里23鄰大興西路二段139巷153號九樓,68,6800100,6800100-049,23鄰,大興西路,二段,139巷,,,,153號九樓,121.298472710166,25.0087831974969
桃園市桃園區中寧里23鄰大興西路二段139巷153號十樓,68,6800100,6800100-049,23鄰,大興西路,二段,139巷,,,,153號十樓,121.298472710166,25.0087831974969
桃園市桃園區中寧里23鄰大興西路二段139巷153號十一樓,68,6800100,6800100-049,23鄰,大興西路,二段,139巷,,,,153號十一樓,121.298472710166,25.0087831974969
桃園市桃園區中寧里23鄰大興西路二段139巷153號十二樓,68,6800100,6800100-049,23鄰,大興西路,二段,139巷,,,,153號十二樓,121.298472710166,25.0087831974969
桃園市桃園區中寧里23鄰大興西路二段139巷153號六樓,68,6800100,6800100-049,23鄰,大興西路,二段,139巷,,,,153號六樓,121.298472710166,25.0087831974969
桃園市桃園區中寧里23鄰大興西路二段139巷153號三樓,68,6800100,6800100-049,23鄰,大興西路,二段,139巷,,,,153號三樓,121.298472710166,25.0087831974969
桃園市桃園區中寧里23鄰大興西路二段139巷153號四樓,68,6800100,6800100-049,23鄰,大興西路,二段,139巷,,,,153號四樓,121.298472710166,25.0087831974969
桃園市桃園區中寧里23鄰大興西路二段139巷153號五樓,68,6800100,6800100-049,23鄰,大興西路,二段,139巷,,,,153號五樓,121.298472710166,25.0087831974969
桃園市桃園區中寧里23鄰大興西路二段139巷153號七樓,68,6800100,6800100-049,23鄰,大興西路,二段,139巷,,,,153號七樓,121.298472710166,25.0087831974969
桃園市桃園區中寧里23鄰大興西路二段139巷153號八樓,68,6800100,6800100-049,23鄰,大興西路,二段,139巷,,,,153號八樓,121.298472710166,25.0087831974969
桃園市桃園區中寧里23鄰大興西路二段139巷155號七樓,68,6800100,6800100-049,23鄰,大興西路,二段,139巷,,,,155號七樓,121.298411043972,25.0087659869178
桃園市桃園區中寧里23鄰大興西路二段139巷155號八樓,68,6800100,6800100-049,23鄰,大興西路,二段,139巷,,,,155號八樓,121.298411043972,25.0087659869178
桃園市桃園區中寧里23鄰大興西路二段139巷155號九樓,68,6800100,6800100-049,23鄰,大興西路,二段,139巷,,,,155號九樓,121.298411043972,25.0087659869178
桃園市桃園區中寧里23鄰大興西路二段139巷155號十樓,68,6800100,6800100-049,23鄰,大興西路,二段,139巷,,,,155號十樓,121.298411043972,25.0087659869178
桃園市桃園區中寧里23鄰大興西路二段139巷155號十一樓,68,6800100,6800100-049,23鄰,大興西路,二段,139巷,,,,155號十一樓,121.298411043972,25.0087659869178
桃園市桃園區中寧里23鄰大興西路二段139巷155號十二樓,68,6800100,6800100-049,23鄰,大興西路,二段,139巷,,,,155號十二樓,121.298411043972,25.0087659869178
桃園市桃園區中寧里23鄰大興西路二段139巷155號六樓,68,6800100,6800100-049,23鄰,大興西路,二段,139巷,,,,155號六樓,121.298411043972,25.0087659869178
桃園市桃園區中寧里23鄰大興西路二段139巷155號三樓,68,6800100,6800100-049,23鄰,大興西路,二段,139巷,,,,155號三樓,121.298411043972,25.0087659869178
桃園市桃園區中寧里23鄰大興西路二段139巷155號四樓,68,6800100,6800100-049,23鄰,大興西路,二段,139巷,,,,155號四樓,121.298411043972,25.0087659869178
桃園市桃園區中寧里23鄰大興西路二段139巷155號五樓,68,6800100,6800100-049,23鄰,大興西路,二段,139巷,,,,155號五樓,121.298411043972,25.0087659869178
桃園市桃園區中寧里23鄰大興西路二段139巷157號五樓,68,6800100,6800100-049,23鄰,大興西路,二段,139巷,,,,157號五樓,121.29835203841,25.0087428123023
桃園市桃園區中寧里23鄰大興西路二段139巷157號六樓,68,6800100,6800100-049,23鄰,大興西路,二段,139巷,,,,157號六樓,121.29835203841,25.0087428123023
桃園市桃園區中寧里23鄰大興西路二段139巷157號八樓,68,6800100,6800100-049,23鄰,大興西路,二段,139巷,,,,157號八樓,121.29835203841,25.0087428123023
桃園市桃園區中寧里23鄰大興西路二段139巷157號九樓,68,6800100,6800100-049,23鄰,大興西路,二段,139巷,,,,157號九樓,121.29835203841,25.0087428123023
桃園市桃園區中寧里23鄰大興西路二段139巷157號十樓,68,6800100,6800100-049,23鄰,大興西路,二段,139巷,,,,157號十樓,121.29835203841,25.0087428123023
桃園市桃園區中寧里23鄰大興西路二段139巷157號十一樓,68,6800100,6800100-049,23鄰,大興西路,二段,139巷,,,,157號十一樓,121.29835203841,25.0087428123023
桃園市桃園區中寧里23鄰大興西路二段139巷157號十二樓,68,6800100,6800100-049,23鄰,大興西路,二段,139巷,,,,157號十二樓,121.29835203841,25.0087428123023
桃園市桃園區中寧里23鄰大興西路二段139巷157號七樓,68,6800100,6800100-049,23鄰,大興西路,二段,139巷,,,,157號七樓,121.29835203841,25.0087428123023
桃園市桃園區中寧里23鄰大興西路二段139巷157號三樓,68,6800100,6800100-049,23鄰,大興西路,二段,139巷,,,,157號三樓,121.29835203841,25.0087428123023
桃園市桃園區中寧里23鄰大興西路二段139巷157號四樓,68,6800100,6800100-049,23鄰,大興西路,二段,139巷,,,,157號四樓,121.29835203841,25.0087428123023
桃園市桃園區中寧里23鄰大興西路二段139巷159號六樓,68,6800100,6800100-049,23鄰,大興西路,二段,139巷,,,,159號六樓,121.298299566111,25.0087172772034
桃園市桃園區中寧里23鄰大興西路二段139巷159號十二樓,68,6800100,6800100-049,23鄰,大興西路,二段,139巷,,,,159號十二樓,121.298299566111,25.0087172772034
桃園市桃園區中寧里23鄰大興西路二段139巷159號七樓,68,6800100,6800100-049,23鄰,大興西路,二段,139巷,,,,159號七樓,121.298299566111,25.0087172772034
桃園市桃園區中寧里23鄰大興西路二段139巷159號三樓,68,6800100,6800100-049,23鄰,大興西路,二段,139巷,,,,159號三樓,121.298299566111,25.0087172772034
桃園市桃園區中寧里23鄰大興西路二段139巷159號四樓,68,6800100,6800100-049,23鄰,大興西路,二段,139巷,,,,159號四樓,121.298299566111,25.0087172772034
桃園市桃園區中寧里23鄰大興西路二段139巷159號五樓,68,6800100,6800100-049,23鄰,大興西路,二段,139巷,,,,159號五樓,121.298299566111,25.0087172772034
桃園市桃園區中寧里23鄰大興西路二段139巷159號八樓,68,6800100,6800100-049,23鄰,大興西路,二段,139巷,,,,159號八樓,121.298299566111,25.0087172772034
桃園市桃園區中寧里23鄰大興西路二段139巷159號九樓,68,6800100,6800100-049,23鄰,大興西路,二段,139巷,,,,159號九樓,121.298299566111,25.0087172772034
桃園市桃園區中寧里23鄰大興西路二段139巷159號十樓,68,6800100,6800100-049,23鄰,大興西路,二段,139巷,,,,159號十樓,121.298299566111,25.0087172772034
桃園市桃園區中寧里23鄰大興西路二段139巷159號十一樓,68,6800100,6800100-049,23鄰,大興西路,二段,139巷,,,,159號十一樓,121.298299566111,25.0087172772034
桃園市桃園區中寧里23鄰大興西路二段139巷161號十樓,68,6800100,6800100-049,23鄰,大興西路,二段,139巷,,,,161號十樓,121.298221004807,25.0087604094276
桃園市桃園區中寧里23鄰大興西路二段139巷161號十一樓,68,6800100,6800100-049,23鄰,大興西路,二段,139巷,,,,161號十一樓,121.298221004807,25.0087604094276
桃園市桃園區中寧里23鄰大興西路二段139巷161號十二樓,68,6800100,6800100-049,23鄰,大興西路,二段,139巷,,,,161號十二樓,121.298221004807,25.0087604094276
桃園市桃園區中寧里23鄰大興西路二段139巷161號三樓,68,6800100,6800100-049,23鄰,大興西路,二段,139巷,,,,161號三樓,121.298221004807,25.0087604094276
桃園市桃園區中寧里23鄰大興西路二段139巷161號四樓,68,6800100,6800100-049,23鄰,大興西路,二段,139巷,,,,161號四樓,121.298221004807,25.0087604094276
桃園市桃園區中寧里23鄰大興西路二段139巷161號五樓,68,6800100,6800100-049,23鄰,大興西路,二段,139巷,,,,161號五樓,121.298221004807,25.0087604094276
桃園市桃園區中寧里23鄰大興西路二段139巷161號六樓,68,6800100,6800100-049,23鄰,大興西路,二段,139巷,,,,161號六樓,121.298221004807,25.0087604094276
桃園市桃園區中寧里23鄰大興西路二段139巷161號七樓,68,6800100,6800100-049,23鄰,大興西路,二段,139巷,,,,161號七樓,121.298221004807,25.0087604094276
桃園市桃園區中寧里23鄰大興西路二段139巷161號八樓,68,6800100,6800100-049,23鄰,大興西路,二段,139巷,,,,161號八樓,121.298221004807,25.0087604094276
桃園市桃園區中寧里23鄰大興西路二段139巷161號九樓,68,6800100,6800100-049,23鄰,大興西路,二段,139巷,,,,161號九樓,121.298221004807,25.0087604094276
桃園市桃園區中寧里23鄰大興西路二段139巷163號三樓,68,6800100,6800100-049,23鄰,大興西路,二段,139巷,,,,163號三樓,121.298285258465,25.0087823998915
桃園市桃園區中寧里23鄰大興西路二段139巷163號四樓,68,6800100,6800100-049,23鄰,大興西路,二段,139巷,,,,163號四樓,121.298285258465,25.0087823998915
桃園市桃園區中寧里23鄰大興西路二段139巷163號五樓,68,6800100,6800100-049,23鄰,大興西路,二段,139巷,,,,163號五樓,121.298285258465,25.0087823998915
桃園市桃園區中寧里23鄰大興西路二段139巷163號六樓,68,6800100,6800100-049,23鄰,大興西路,二段,139巷,,,,163號六樓,121.298285258465,25.0087823998915
桃園市桃園區中寧里23鄰大興西路二段139巷163號七樓,68,6800100,6800100-049,23鄰,大興西路,二段,139巷,,,,163號七樓,121.298285258465,25.0087823998915
桃園市桃園區中寧里23鄰大興西路二段139巷163號八樓,68,6800100,6800100-049,23鄰,大興西路,二段,139巷,,,,163號八樓,121.298285258465,25.0087823998915
桃園市桃園區中寧里23鄰大興西路二段139巷163號九樓,68,6800100,6800100-049,23鄰,大興西路,二段,139巷,,,,163號九樓,121.298285258465,25.0087823998915
桃園市桃園區中寧里23鄰大興西路二段139巷163號十樓,68,6800100,6800100-049,23鄰,大興西路,二段,139巷,,,,163號十樓,121.298285258465,25.0087823998915
桃園市桃園區中寧里23鄰大興西路二段139巷163號十一樓,68,6800100,6800100-049,23鄰,大興西路,二段,139巷,,,,163號十一樓,121.298285258465,25.0087823998915
桃園市桃園區中寧里23鄰大興西路二段139巷163號十二樓,68,6800100,6800100-049,23鄰,大興西路,二段,139巷,,,,163號十二樓,121.298285258465,25.0087823998915
桃園市桃園區中寧里23鄰大興西路二段139巷165號十二樓,68,6800100,6800100-049,23鄰,大興西路,二段,139巷,,,,165號十二樓,121.298155362507,25.0086967110057
桃園市桃園區中寧里23鄰大興西路二段139巷165號五樓,68,6800100,6800100-049,23鄰,大興西路,二段,139巷,,,,165號五樓,121.298155362507,25.0086967110057
桃園市桃園區中寧里23鄰大興西路二段139巷165號六樓,68,6800100,6800100-049,23鄰,大興西路,二段,139巷,,,,165號六樓,121.298155362507,25.0086967110057
桃園市桃園區中寧里23鄰大興西路二段139巷165號七樓,68,6800100,6800100-049,23鄰,大興西路,二段,139巷,,,,165號七樓,121.298155362507,25.0086967110057
桃園市桃園區中寧里23鄰大興西路二段139巷165號九樓,68,6800100,6800100-049,23鄰,大興西路,二段,139巷,,,,165號九樓,121.298155362507,25.0086967110057
桃園市桃園區中寧里23鄰大興西路二段139巷165號十樓,68,6800100,6800100-049,23鄰,大興西路,二段,139巷,,,,165號十樓,121.298155362507,25.0086967110057
桃園市桃園區中寧里23鄰大興西路二段139巷165號十一樓,68,6800100,6800100-049,23鄰,大興西路,二段,139巷,,,,165號十一樓,121.298155362507,25.0086967110057
桃園市桃園區中寧里23鄰大興西路二段139巷165號三樓,68,6800100,6800100-049,23鄰,大興西路,二段,139巷,,,,165號三樓,121.298155362507,25.0086967110057
桃園市桃園區中寧里23鄰大興西路二段139巷165號四樓,68,6800100,6800100-049,23鄰,大興西路,二段,139巷,,,,165號四樓,121.298155362507,25.0086967110057
桃園市桃園區中寧里23鄰大興西路二段139巷165號八樓,68,6800100,6800100-049,23鄰,大興西路,二段,139巷,,,,165號八樓,121.298155362507,25.0086967110057
桃園市桃園區中寧里23鄰大興西路二段139巷167號,68,6800100,6800100-049,23鄰,大興西路,二段,139巷,,,,167號,121.298145601969,25.0087575812676
桃園市桃園區中寧里23鄰大興西路二段139巷167號三樓,68,6800100,6800100-049,23鄰,大興西路,二段,139巷,,,,167號三樓,121.298145601969,25.0087575812676
桃園市桃園區中寧里23鄰大興西路二段139巷167號四樓,68,6800100,6800100-049,23鄰,大興西路,二段,139巷,,,,167號四樓,121.298145601969,25.0087575812676
桃園市桃園區中寧里23鄰大興西路二段139巷167號五樓,68,6800100,6800100-049,23鄰,大興西路,二段,139巷,,,,167號五樓,121.298145601969,25.0087575812676
桃園市桃園區中寧里23鄰大興西路二段139巷167號六樓,68,6800100,6800100-049,23鄰,大興西路,二段,139巷,,,,167號六樓,121.298145601969,25.0087575812676
桃園市桃園區中寧里23鄰大興西路二段139巷167號七樓,68,6800100,6800100-049,23鄰,大興西路,二段,139巷,,,,167號七樓,121.298145601969,25.0087575812676
桃園市桃園區中寧里23鄰大興西路二段139巷167號八樓,68,6800100,6800100-049,23鄰,大興西路,二段,139巷,,,,167號八樓,121.298145601969,25.0087575812676
桃園市桃園區中寧里23鄰大興西路二段139巷167號九樓,68,6800100,6800100-049,23鄰,大興西路,二段,139巷,,,,167號九樓,121.298145601969,25.0087575812676
桃園市桃園區中寧里23鄰大興西路二段139巷167號十樓,68,6800100,6800100-049,23鄰,大興西路,二段,139巷,,,,167號十樓,121.298145601969,25.0087575812676
桃園市桃園區中寧里23鄰大興西路二段139巷167號十一樓,68,6800100,6800100-049,23鄰,大興西路,二段,139巷,,,,167號十一樓,121.298145601969,25.0087575812676
桃園市桃園區中寧里23鄰大興西路二段139巷167號十二樓,68,6800100,6800100-049,23鄰,大興西路,二段,139巷,,,,167號十二樓,121.298145601969,25.0087575812676
桃園市桃園區中寧里23鄰大興西路二段139巷169號,68,6800100,6800100-049,23鄰,大興西路,二段,139巷,,,,169號,121.298050050045,25.0087805240851
桃園市桃園區中寧里23鄰大興西路二段139巷169號七樓,68,6800100,6800100-049,23鄰,大興西路,二段,139巷,,,,169號七樓,121.298050050045,25.0087805240851
桃園市桃園區中寧里23鄰大興西路二段139巷169號十一樓,68,6800100,6800100-049,23鄰,大興西路,二段,139巷,,,,169號十一樓,121.298050050045,25.0087805240851
桃園市桃園區中寧里23鄰大興西路二段139巷169號十二樓,68,6800100,6800100-049,23鄰,大興西路,二段,139巷,,,,169號十二樓,121.298050050045,25.0087805240851
桃園市桃園區中寧里23鄰大興西路二段139巷169號三樓,68,6800100,6800100-049,23鄰,大興西路,二段,139巷,,,,169號三樓,121.298050050045,25.0087805240851
桃園市桃園區中寧里23鄰大興西路二段139巷169號四樓,68,6800100,6800100-049,23鄰,大興西路,二段,139巷,,,,169號四樓,121.298050050045,25.0087805240851
桃園市桃園區中寧里23鄰大興西路二段139巷169號五樓,68,6800100,6800100-049,23鄰,大興西路,二段,139巷,,,,169號五樓,121.298050050045,25.0087805240851
桃園市桃園區中寧里23鄰大興西路二段139巷169號六樓,68,6800100,6800100-049,23鄰,大興西路,二段,139巷,,,,169號六樓,121.298050050045,25.0087805240851
桃園市桃園區中寧里23鄰大興西路二段139巷169號八樓,68,6800100,6800100-049,23鄰,大興西路,二段,139巷,,,,169號八樓,121.298050050045,25.0087805240851
桃園市桃園區中寧里23鄰大興西路二段139巷169號九樓,68,6800100,6800100-049,23鄰,大興西路,二段,139巷,,,,169號九樓,121.298050050045,25.0087805240851
桃園市桃園區中寧里23鄰大興西路二段139巷169號十樓,68,6800100,6800100-049,23鄰,大興西路,二段,139巷,,,,169號十樓,121.298050050045,25.0087805240851
桃園市桃園區中寧里23鄰大興西路二段139巷171號,68,6800100,6800100-049,23鄰,大興西路,二段,139巷,,,,171號,121.298087554735,25.008720952469
桃園市桃園區中寧里23鄰大興西路二段139巷171號三樓,68,6800100,6800100-049,23鄰,大興西路,二段,139巷,,,,171號三樓,121.298087554735,25.008720952469
桃園市桃園區中寧里23鄰大興西路二段139巷171號四樓,68,6800100,6800100-049,23鄰,大興西路,二段,139巷,,,,171號四樓,121.298087554735,25.008720952469
桃園市桃園區中寧里23鄰大興西路二段139巷171號五樓,68,6800100,6800100-049,23鄰,大興西路,二段,139巷,,,,171號五樓,121.298087554735,25.008720952469
桃園市桃園區中寧里23鄰大興西路二段139巷171號六樓,68,6800100,6800100-049,23鄰,大興西路,二段,139巷,,,,171號六樓,121.298087554735,25.008720952469
桃園市桃園區中寧里23鄰大興西路二段139巷171號七樓,68,6800100,6800100-049,23鄰,大興西路,二段,139巷,,,,171號七樓,121.298087554735,25.008720952469
桃園市桃園區中寧里23鄰大興西路二段139巷171號八樓,68,6800100,6800100-049,23鄰,大興西路,二段,139巷,,,,171號八樓,121.298087554735,25.008720952469
桃園市桃園區中寧里23鄰大興西路二段139巷171號九樓,68,6800100,6800100-049,23鄰,大興西路,二段,139巷,,,,171號九樓,121.298087554735,25.008720952469
桃園市桃園區中寧里23鄰大興西路二段139巷171號十樓,68,6800100,6800100-049,23鄰,大興西路,二段,139巷,,,,171號十樓,121.298087554735,25.008720952469
桃園市桃園區中寧里23鄰大興西路二段139巷171號十一樓,68,6800100,6800100-049,23鄰,大興西路,二段,139巷,,,,171號十一樓,121.298087554735,25.008720952469
桃園市桃園區中寧里23鄰大興西路二段139巷171號十二樓,68,6800100,6800100-049,23鄰,大興西路,二段,139巷,,,,171號十二樓,121.298087554735,25.008720952469
桃園市桃園區中寧里23鄰大興西路二段139巷173號,68,6800100,6800100-049,23鄰,大興西路,二段,139巷,,,,173號,121.298111017853,25.0086726040726
桃園市桃園區中寧里23鄰大興西路二段139巷173號四樓,68,6800100,6800100-049,23鄰,大興西路,二段,139巷,,,,173號四樓,121.298111017853,25.0086726040726
桃園市桃園區中寧里23鄰大興西路二段139巷173號五樓,68,6800100,6800100-049,23鄰,大興西路,二段,139巷,,,,173號五樓,121.298111017853,25.0086726040726
桃園市桃園區中寧里23鄰大興西路二段139巷173號六樓,68,6800100,6800100-049,23鄰,大興西路,二段,139巷,,,,173號六樓,121.298111017853,25.0086726040726
桃園市桃園區中寧里23鄰大興西路二段139巷173號七樓,68,6800100,6800100-049,23鄰,大興西路,二段,139巷,,,,173號七樓,121.298111017853,25.0086726040726
桃園市桃園區中寧里23鄰大興西路二段139巷173號八樓,68,6800100,6800100-049,23鄰,大興西路,二段,139巷,,,,173號八樓,121.298111017853,25.0086726040726
桃園市桃園區中寧里23鄰大興西路二段139巷173號九樓,68,6800100,6800100-049,23鄰,大興西路,二段,139巷,,,,173號九樓,121.298111017853,25.0086726040726
桃園市桃園區中寧里23鄰大興西路二段139巷173號十樓,68,6800100,6800100-049,23鄰,大興西路,二段,139巷,,,,173號十樓,121.298111017853,25.0086726040726
桃園市桃園區中寧里23鄰大興西路二段139巷173號十一樓,68,6800100,6800100-049,23鄰,大興西路,二段,139巷,,,,173號十一樓,121.298111017853,25.0086726040726
桃園市桃園區中寧里23鄰大興西路二段139巷173號十二樓,68,6800100,6800100-049,23鄰,大興西路,二段,139巷,,,,173號十二樓,121.298111017853,25.0086726040726
桃園市桃園區中寧里23鄰大興西路二段139巷173號三樓,68,6800100,6800100-049,23鄰,大興西路,二段,139巷,,,,173號三樓,121.298111017853,25.0086726040726
桃園市桃園區中成里11鄰大興西路三段100號十樓,68,6800100,6800100-029,11鄰,大興西路,三段,,,,,100號十樓,121.289899270061,25.0054534558891
桃園市桃園區中成里11鄰大興西路三段100號三樓,68,6800100,6800100-029,11鄰,大興西路,三段,,,,,100號三樓,121.289899270061,25.0054534558891
桃園市桃園區中成里11鄰大興西路三段100號四樓,68,6800100,6800100-029,11鄰,大興西路,三段,,,,,100號四樓,121.289899270061,25.0054534558891
桃園市桃園區中成里11鄰大興西路三段100號五樓,68,6800100,6800100-029,11鄰,大興西路,三段,,,,,100號五樓,121.289899270061,25.0054534558891
桃園市桃園區中成里11鄰大興西路三段100號六樓,68,6800100,6800100-029,11鄰,大興西路,三段,,,,,100號六樓,121.289899270061,25.0054534558891
桃園市桃園區中成里11鄰大興西路三段100號七樓,68,6800100,6800100-029,11鄰,大興西路,三段,,,,,100號七樓,121.289899270061,25.0054534558891
桃園市桃園區中成里11鄰大興西路三段100號八樓,68,6800100,6800100-029,11鄰,大興西路,三段,,,,,100號八樓,121.289899270061,25.0054534558891
桃園市桃園區中成里11鄰大興西路三段100號九樓,68,6800100,6800100-029,11鄰,大興西路,三段,,,,,100號九樓,121.289899270061,25.0054534558891
桃園市桃園區中成里11鄰大興西路三段100號十一樓,68,6800100,6800100-029,11鄰,大興西路,三段,,,,,100號十一樓,121.289899270061,25.0054534558891
桃園市桃園區中成里11鄰大興西路三段100號十二樓,68,6800100,6800100-029,11鄰,大興西路,三段,,,,,100號十二樓,121.289899270061,25.0054534558891
桃園市桃園區中成里11鄰大興西路三段100號十三樓,68,6800100,6800100-029,11鄰,大興西路,三段,,,,,100號十三樓,121.289899270061,25.0054534558891
桃園市桃園區中成里11鄰大興西路三段100號十四樓,68,6800100,6800100-029,11鄰,大興西路,三段,,,,,100號十四樓,121.289899270061,25.0054534558891
桃園市桃園區中成里11鄰大興西路三段100號十五樓,68,6800100,6800100-029,11鄰,大興西路,三段,,,,,100號十五樓,121.289899270061,25.0054534558891
桃園市桃園區中成里11鄰大興西路三段100號十六樓,68,6800100,6800100-029,11鄰,大興西路,三段,,,,,100號十六樓,121.289899270061,25.0054534558891
桃園市桃園區中成里11鄰大興西路三段100號十七樓,68,6800100,6800100-029,11鄰,大興西路,三段,,,,,100號十七樓,121.289899270061,25.0054534558891
桃園市桃園區中成里11鄰大興西路三段100號十八樓,68,6800100,6800100-029,11鄰,大興西路,三段,,,,,100號十八樓,121.289899270061,25.0054534558891
桃園市桃園區中成里11鄰大興西路三段100號十九樓,68,6800100,6800100-029,11鄰,大興西路,三段,,,,,100號十九樓,121.289899270061,25.0054534558891
桃園市桃園區中成里11鄰大興西路三段100號二十樓,68,6800100,6800100-029,11鄰,大興西路,三段,,,,,100號二十樓,121.289899270061,25.0054534558891
桃園市桃園區中成里11鄰大興西路三段100號二十一樓,68,6800100,6800100-029,11鄰,大興西路,三段,,,,,100號二十一樓,121.289899270061,25.0054534558891
桃園市桃園區中成里11鄰大興西路三段100號二十二樓,68,6800100,6800100-029,11鄰,大興西路,三段,,,,,100號二十二樓,121.289899270061,25.0054534558891
桃園市桃園區中成里11鄰大興西路三段100號二十三樓,68,6800100,6800100-029,11鄰,大興西路,三段,,,,,100號二十三樓,121.289899270061,25.0054534558891
桃園市桃園區中成里11鄰大興西路三段100號二十四樓,68,6800100,6800100-029,11鄰,大興西路,三段,,,,,100號二十四樓,121.289899270061,25.0054534558891
桃園市桃園區中成里11鄰大興西路三段100號二十五樓,68,6800100,6800100-029,11鄰,大興西路,三段,,,,,100號二十五樓,121.289899270061,25.0054534558891
桃園市桃園區中成里11鄰大興西路三段100號二十六樓,68,6800100,6800100-029,11鄰,大興西路,三段,,,,,100號二十六樓,121.289899270061,25.0054534558891
桃園市桃園區中成里11鄰大興西路三段100號二十七樓,68,6800100,6800100-029,11鄰,大興西路,三段,,,,,100號二十七樓,121.289899270061,25.0054534558891
桃園市桃園區中成里11鄰大興西路三段100號二十八樓,68,6800100,6800100-029,11鄰,大興西路,三段,,,,,100號二十八樓,121.289899270061,25.0054534558891
桃園市桃園區中成里11鄰大興西路三段100號二十九樓,68,6800100,6800100-029,11鄰,大興西路,三段,,,,,100號二十九樓,121.289899270061,25.0054534558891
桃園市桃園區中成里11鄰大興西路三段102號十樓,68,6800100,6800100-029,11鄰,大興西路,三段,,,,,102號十樓,121.28998195885,25.0055222709244
桃園市桃園區中成里11鄰大興西路三段102號三樓,68,6800100,6800100-029,11鄰,大興西路,三段,,,,,102號三樓,121.28998195885,25.0055222709244
桃園市桃園區中成里11鄰大興西路三段102號四樓,68,6800100,6800100-029,11鄰,大興西路,三段,,,,,102號四樓,121.28998195885,25.0055222709244
桃園市桃園區中成里11鄰大興西路三段102號五樓,68,6800100,6800100-029,11鄰,大興西路,三段,,,,,102號五樓,121.28998195885,25.0055222709244
桃園市桃園區中成里11鄰大興西路三段102號六樓,68,6800100,6800100-029,11鄰,大興西路,三段,,,,,102號六樓,121.28998195885,25.0055222709244
桃園市桃園區中成里11鄰大興西路三段102號七樓,68,6800100,6800100-029,11鄰,大興西路,三段,,,,,102號七樓,121.28998195885,25.0055222709244
桃園市桃園區中成里11鄰大興西路三段102號八樓,68,6800100,6800100-029,11鄰,大興西路,三段,,,,,102號八樓,121.28998195885,25.0055222709244
桃園市桃園區中成里11鄰大興西路三段102號九樓,68,6800100,6800100-029,11鄰,大興西路,三段,,,,,102號九樓,121.28998195885,25.0055222709244
桃園市桃園區中成里11鄰大興西路三段102號十一樓,68,6800100,6800100-029,11鄰,大興西路,三段,,,,,102號十一樓,121.28998195885,25.0055222709244
桃園市桃園區中成里11鄰大興西路三段102號十二樓,68,6800100,6800100-029,11鄰,大興西路,三段,,,,,102號十二樓,121.28998195885,25.0055222709244
桃園市桃園區中成里11鄰大興西路三段102號十三樓,68,6800100,6800100-029,11鄰,大興西路,三段,,,,,102號十三樓,121.28998195885,25.0055222709244
桃園市桃園區中成里11鄰大興西路三段102號十四樓,68,6800100,6800100-029,11鄰,大興西路,三段,,,,,102號十四樓,121.28998195885,25.0055222709244
桃園市桃園區中成里11鄰大興西路三段102號十五樓,68,6800100,6800100-029,11鄰,大興西路,三段,,,,,102號十五樓,121.28998195885,25.0055222709244
桃園市桃園區中成里11鄰大興西路三段102號十六樓,68,6800100,6800100-029,11鄰,大興西路,三段,,,,,102號十六樓,121.28998195885,25.0055222709244
桃園市桃園區中成里11鄰大興西路三段102號十七樓,68,6800100,6800100-029,11鄰,大興西路,三段,,,,,102號十七樓,121.28998195885,25.0055222709244
桃園市桃園區中成里11鄰大興西路三段102號十八樓,68,6800100,6800100-029,11鄰,大興西路,三段,,,,,102號十八樓,121.28998195885,25.0055222709244
桃園市桃園區中成里11鄰大興西路三段102號十九樓,68,6800100,6800100-029,11鄰,大興西路,三段,,,,,102號十九樓,121.28998195885,25.0055222709244
桃園市桃園區中成里11鄰大興西路三段102號二十樓,68,6800100,6800100-029,11鄰,大興西路,三段,,,,,102號二十樓,121.28998195885,25.0055222709244
桃園市桃園區中成里11鄰大興西路三段102號二十一樓,68,6800100,6800100-029,11鄰,大興西路,三段,,,,,102號二十一樓,121.28998195885,25.0055222709244
桃園市桃園區中成里11鄰大興西路三段102號二十二樓,68,6800100,6800100-029,11鄰,大興西路,三段,,,,,102號二十二樓,121.28998195885,25.0055222709244
桃園市桃園區中成里11鄰大興西路三段102號二十三樓,68,6800100,6800100-029,11鄰,大興西路,三段,,,,,102號二十三樓,121.28998195885,25.0055222709244
桃園市桃園區中成里11鄰大興西路三段102號二十四樓,68,6800100,6800100-029,11鄰,大興西路,三段,,,,,102號二十四樓,121.28998195885,25.0055222709244
桃園市桃園區中成里11鄰大興西路三段102號二十五樓,68,6800100,6800100-029,11鄰,大興西路,三段,,,,,102號二十五樓,121.28998195885,25.0055222709244
桃園市桃園區中成里11鄰大興西路三段106號十樓,68,6800100,6800100-029,11鄰,大興西路,三段,,,,,106號十樓,121.290084832497,25.0054534552384
桃園市桃園區中成里11鄰大興西路三段106號三樓,68,6800100,6800100-029,11鄰,大興西路,三段,,,,,106號三樓,121.290084832497,25.0054534552384
桃園市桃園區中成里11鄰大興西路三段106號四樓,68,6800100,6800100-029,11鄰,大興西路,三段,,,,,106號四樓,121.290084832497,25.0054534552384
桃園市桃園區中成里11鄰大興西路三段106號五樓,68,6800100,6800100-029,11鄰,大興西路,三段,,,,,106號五樓,121.290084832497,25.0054534552384
桃園市桃園區中成里11鄰大興西路三段106號六樓,68,6800100,6800100-029,11鄰,大興西路,三段,,,,,106號六樓,121.290084832497,25.0054534552384
桃園市桃園區中成里11鄰大興西路三段106號七樓,68,6800100,6800100-029,11鄰,大興西路,三段,,,,,106號七樓,121.290084832497,25.0054534552384
桃園市桃園區中成里11鄰大興西路三段106號八樓,68,6800100,6800100-029,11鄰,大興西路,三段,,,,,106號八樓,121.290084832497,25.0054534552384
桃園市桃園區中成里11鄰大興西路三段106號九樓,68,6800100,6800100-029,11鄰,大興西路,三段,,,,,106號九樓,121.290084832497,25.0054534552384
桃園市桃園區中成里11鄰大興西路三段106號十一樓,68,6800100,6800100-029,11鄰,大興西路,三段,,,,,106號十一樓,121.290084832497,25.0054534552384
桃園市桃園區中成里11鄰大興西路三段106號十二樓,68,6800100,6800100-029,11鄰,大興西路,三段,,,,,106號十二樓,121.290084832497,25.0054534552384
桃園市桃園區中成里11鄰大興西路三段106號十三樓,68,6800100,6800100-029,11鄰,大興西路,三段,,,,,106號十三樓,121.290084832497,25.0054534552384
桃園市桃園區中成里11鄰大興西路三段106號十四樓,68,6800100,6800100-029,11鄰,大興西路,三段,,,,,106號十四樓,121.290084832497,25.0054534552384
桃園市桃園區中成里11鄰大興西路三段106號十五樓,68,6800100,6800100-029,11鄰,大興西路,三段,,,,,106號十五樓,121.290084832497,25.0054534552384
桃園市桃園區中成里11鄰大興西路三段108號十樓,68,6800100,6800100-029,11鄰,大興西路,三段,,,,,108號十樓,121.289984277284,25.005370410377
桃園市桃園區中成里11鄰大興西路三段108號二樓,68,6800100,6800100-029,11鄰,大興西路,三段,,,,,108號二樓,121.289984277284,25.005370410377
桃園市桃園區中成里11鄰大興西路三段108號三樓,68,6800100,6800100-029,11鄰,大興西路,三段,,,,,108號三樓,121.289984277284,25.005370410377
桃園市桃園區中成里11鄰大興西路三段108號四樓,68,6800100,6800100-029,11鄰,大興西路,三段,,,,,108號四樓,121.289984277284,25.005370410377
桃園市桃園區中成里11鄰大興西路三段108號五樓,68,6800100,6800100-029,11鄰,大興西路,三段,,,,,108號五樓,121.289984277284,25.005370410377
桃園市桃園區中成里11鄰大興西路三段108號六樓,68,6800100,6800100-029,11鄰,大興西路,三段,,,,,108號六樓,121.289984277284,25.005370410377
桃園市桃園區中成里11鄰大興西路三段108號七樓,68,6800100,6800100-029,11鄰,大興西路,三段,,,,,108號七樓,121.289984277284,25.005370410377
桃園市桃園區中成里11鄰大興西路三段108號八樓,68,6800100,6800100-029,11鄰,大興西路,三段,,,,,108號八樓,121.289984277284,25.005370410377
桃園市桃園區中成里11鄰大興西路三段108號九樓,68,6800100,6800100-029,11鄰,大興西路,三段,,,,,108號九樓,121.289984277284,25.005370410377
桃園市桃園區中成里11鄰大興西路三段108號十一樓,68,6800100,6800100-029,11鄰,大興西路,三段,,,,,108號十一樓,121.289984277284,25.005370410377
桃園市桃園區中成里11鄰大興西路三段108號十二樓,68,6800100,6800100-029,11鄰,大興西路,三段,,,,,108號十二樓,121.289984277284,25.005370410377
桃園市桃園區中成里11鄰大興西路三段108號十三樓,68,6800100,6800100-029,11鄰,大興西路,三段,,,,,108號十三樓,121.289984277284,25.005370410377
桃園市桃園區中成里11鄰大興西路三段108號十四樓,68,6800100,6800100-029,11鄰,大興西路,三段,,,,,108號十四樓,121.289984277284,25.005370410377
桃園市桃園區中成里11鄰大興西路三段108號十五樓,68,6800100,6800100-029,11鄰,大興西路,三段,,,,,108號十五樓,121.289984277284,25.005370410377
桃園市桃園區中成里11鄰大興西路三段108號十六樓,68,6800100,6800100-029,11鄰,大興西路,三段,,,,,108號十六樓,121.289984277284,25.005370410377
桃園市桃園區中成里11鄰大興西路三段108號十七樓,68,6800100,6800100-029,11鄰,大興西路,三段,,,,,108號十七樓,121.289984277284,25.005370410377
桃園市桃園區中成里11鄰大興西路三段108號十八樓,68,6800100,6800100-029,11鄰,大興西路,三段,,,,,108號十八樓,121.289984277284,25.005370410377
桃園市桃園區中成里11鄰大興西路三段108號十九樓,68,6800100,6800100-029,11鄰,大興西路,三段,,,,,108號十九樓,121.289984277284,25.005370410377
桃園市桃園區中成里11鄰大興西路三段108號二十樓,68,6800100,6800100-029,11鄰,大興西路,三段,,,,,108號二十樓,121.289984277284,25.005370410377
桃園市桃園區中成里11鄰大興西路三段108號二十一樓,68,6800100,6800100-029,11鄰,大興西路,三段,,,,,108號二十一樓,121.289984277284,25.005370410377
桃園市桃園區中成里11鄰大興西路三段108號二十二樓,68,6800100,6800100-029,11鄰,大興西路,三段,,,,,108號二十二樓,121.289984277284,25.005370410377
桃園市桃園區中成里11鄰大興西路三段108號二十三樓,68,6800100,6800100-029,11鄰,大興西路,三段,,,,,108號二十三樓,121.289984277284,25.005370410377
桃園市桃園區中成里11鄰大興西路三段108號二十四樓,68,6800100,6800100-029,11鄰,大興西路,三段,,,,,108號二十四樓,121.289984277284,25.005370410377
桃園市桃園區中成里11鄰大興西路三段108號二十五樓,68,6800100,6800100-029,11鄰,大興西路,三段,,,,,108號二十五樓,121.289984277284,25.005370410377
桃園市桃園區中成里11鄰大興西路三段110號,68,6800100,6800100-029,11鄰,大興西路,三段,,,,,110號,121.289876905114,25.0052954139197
桃園市桃園區中成里11鄰大興西路三段110號十樓,68,6800100,6800100-029,11鄰,大興西路,三段,,,,,110號十樓,121.289876905114,25.0052954139197
桃園市桃園區中成里11鄰大興西路三段110號二樓,68,6800100,6800100-029,11鄰,大興西路,三段,,,,,110號二樓,121.289876905114,25.0052954139197
桃園市桃園區中成里11鄰大興西路三段110號三樓,68,6800100,6800100-029,11鄰,大興西路,三段,,,,,110號三樓,121.289876905114,25.0052954139197
桃園市桃園區中成里11鄰大興西路三段110號四樓,68,6800100,6800100-029,11鄰,大興西路,三段,,,,,110號四樓,121.289876905114,25.0052954139197
桃園市桃園區中成里11鄰大興西路三段110號五樓,68,6800100,6800100-029,11鄰,大興西路,三段,,,,,110號五樓,121.289876905114,25.0052954139197
桃園市桃園區中成里11鄰大興西路三段110號六樓,68,6800100,6800100-029,11鄰,大興西路,三段,,,,,110號六樓,121.289876905114,25.0052954139197
桃園市桃園區中成里11鄰大興西路三段110號七樓,68,6800100,6800100-029,11鄰,大興西路,三段,,,,,110號七樓,121.289876905114,25.0052954139197
桃園市桃園區中成里11鄰大興西路三段110號八樓,68,6800100,6800100-029,11鄰,大興西路,三段,,,,,110號八樓,121.289876905114,25.0052954139197
桃園市桃園區中成里11鄰大興西路三段110號九樓,68,6800100,6800100-029,11鄰,大興西路,三段,,,,,110號九樓,121.289876905114,25.0052954139197
桃園市桃園區中成里11鄰大興西路三段110號十一樓,68,6800100,6800100-029,11鄰,大興西路,三段,,,,,110號十一樓,121.289876905114,25.0052954139197
桃園市桃園區中成里11鄰大興西路三段110號十二樓,68,6800100,6800100-029,11鄰,大興西路,三段,,,,,110號十二樓,121.289876905114,25.0052954139197
桃園市桃園區中成里11鄰大興西路三段110號十三樓,68,6800100,6800100-029,11鄰,大興西路,三段,,,,,110號十三樓,121.289876905114,25.0052954139197
桃園市桃園區中成里11鄰大興西路三段110號十四樓,68,6800100,6800100-029,11鄰,大興西路,三段,,,,,110號十四樓,121.289876905114,25.0052954139197
桃園市桃園區中成里11鄰大興西路三段110號十五樓,68,6800100,6800100-029,11鄰,大興西路,三段,,,,,110號十五樓,121.289876905114,25.0052954139197
桃園市桃園區中成里11鄰大興西路三段110號十六樓,68,6800100,6800100-029,11鄰,大興西路,三段,,,,,110號十六樓,121.289876905114,25.0052954139197
桃園市桃園區中成里11鄰大興西路三段110號十七樓,68,6800100,6800100-029,11鄰,大興西路,三段,,,,,110號十七樓,121.289876905114,25.0052954139197
桃園市桃園區中成里11鄰大興西路三段110號十八樓,68,6800100,6800100-029,11鄰,大興西路,三段,,,,,110號十八樓,121.289876905114,25.0052954139197
桃園市桃園區中成里11鄰大興西路三段110號十九樓,68,6800100,6800100-029,11鄰,大興西路,三段,,,,,110號十九樓,121.289876905114,25.0052954139197
桃園市桃園區中成里11鄰大興西路三段110號二十樓,68,6800100,6800100-029,11鄰,大興西路,三段,,,,,110號二十樓,121.289876905114,25.0052954139197
桃園市桃園區中成里11鄰大興西路三段110號二十一樓,68,6800100,6800100-029,11鄰,大興西路,三段,,,,,110號二十一樓,121.289876905114,25.0052954139197
桃園市桃園區中成里11鄰大興西路三段110號二十二樓,68,6800100,6800100-029,11鄰,大興西路,三段,,,,,110號二十二樓,121.289876905114,25.0052954139197
桃園市桃園區中成里11鄰大興西路三段110號二十三樓,68,6800100,6800100-029,11鄰,大興西路,三段,,,,,110號二十三樓,121.289876905114,25.0052954139197
桃園市桃園區中成里11鄰大興西路三段110號二十四樓,68,6800100,6800100-029,11鄰,大興西路,三段,,,,,110號二十四樓,121.289876905114,25.0052954139197
桃園市桃園區中成里11鄰大興西路三段110號二十五樓,68,6800100,6800100-029,11鄰,大興西路,三段,,,,,110號二十五樓,121.289876905114,25.0052954139197
桃園市桃園區中成里11鄰大興西路三段110號二十六樓,68,6800100,6800100-029,11鄰,大興西路,三段,,,,,110號二十六樓,121.289876905114,25.0052954139197
桃園市桃園區中成里11鄰大興西路三段110號二十七樓,68,6800100,6800100-029,11鄰,大興西路,三段,,,,,110號二十七樓,121.289876905114,25.0052954139197
桃園市桃園區中成里11鄰大興西路三段110號二十八樓,68,6800100,6800100-029,11鄰,大興西路,三段,,,,,110號二十八樓,121.289876905114,25.0052954139197
桃園市桃園區中成里11鄰大興西路三段112號,68,6800100,6800100-029,11鄰,大興西路,三段,,,,,112號,121.289762999215,25.0052225066212
桃園市桃園區中成里11鄰大興西路三段112號十樓,68,6800100,6800100-029,11鄰,大興西路,三段,,,,,112號十樓,121.289762999215,25.0052225066212
桃園市桃園區中成里11鄰大興西路三段112號二樓,68,6800100,6800100-029,11鄰,大興西路,三段,,,,,112號二樓,121.289762999215,25.0052225066212
桃園市桃園區中成里11鄰大興西路三段112號三樓,68,6800100,6800100-029,11鄰,大興西路,三段,,,,,112號三樓,121.289762999215,25.0052225066212
桃園市桃園區中成里11鄰大興西路三段112號四樓,68,6800100,6800100-029,11鄰,大興西路,三段,,,,,112號四樓,121.289762999215,25.0052225066212
桃園市桃園區中成里11鄰大興西路三段112號五樓,68,6800100,6800100-029,11鄰,大興西路,三段,,,,,112號五樓,121.289762999215,25.0052225066212
桃園市桃園區中成里11鄰大興西路三段112號六樓,68,6800100,6800100-029,11鄰,大興西路,三段,,,,,112號六樓,121.289762999215,25.0052225066212
桃園市桃園區中成里11鄰大興西路三段112號七樓,68,6800100,6800100-029,11鄰,大興西路,三段,,,,,112號七樓,121.289762999215,25.0052225066212
桃園市桃園區中成里11鄰大興西路三段112號八樓,68,6800100,6800100-029,11鄰,大興西路,三段,,,,,112號八樓,121.289762999215,25.0052225066212
桃園市桃園區中成里11鄰大興西路三段112號九樓,68,6800100,6800100-029,11鄰,大興西路,三段,,,,,112號九樓,121.289762999215,25.0052225066212
桃園市桃園區中成里11鄰大興西路三段112號十一樓,68,6800100,6800100-029,11鄰,大興西路,三段,,,,,112號十一樓,121.289762999215,25.0052225066212
桃園市桃園區中成里11鄰大興西路三段112號十二樓,68,6800100,6800100-029,11鄰,大興西路,三段,,,,,112號十二樓,121.289762999215,25.0052225066212
桃園市桃園區中成里11鄰大興西路三段112號十三樓,68,6800100,6800100-029,11鄰,大興西路,三段,,,,,112號十三樓,121.289762999215,25.0052225066212
桃園市桃園區中成里11鄰大興西路三段112號十四樓,68,6800100,6800100-029,11鄰,大興西路,三段,,,,,112號十四樓,121.289762999215,25.0052225066212
桃園市桃園區中成里11鄰大興西路三段112號十五樓,68,6800100,6800100-029,11鄰,大興西路,三段,,,,,112號十五樓,121.289762999215,25.0052225066212
桃園市桃園區中成里11鄰大興西路三段112號十六樓,68,6800100,6800100-029,11鄰,大興西路,三段,,,,,112號十六樓,121.289762999215,25.0052225066212
桃園市桃園區中成里11鄰大興西路三段112號十七樓,68,6800100,6800100-029,11鄰,大興西路,三段,,,,,112號十七樓,121.289762999215,25.0052225066212
桃園市桃園區中成里11鄰大興西路三段112號十八樓,68,6800100,6800100-029,11鄰,大興西路,三段,,,,,112號十八樓,121.289762999215,25.0052225066212
桃園市桃園區中成里11鄰大興西路三段112號十九樓,68,6800100,6800100-029,11鄰,大興西路,三段,,,,,112號十九樓,121.289762999215,25.0052225066212
桃園市桃園區中成里11鄰大興西路三段112號二十樓,68,6800100,6800100-029,11鄰,大興西路,三段,,,,,112號二十樓,121.289762999215,25.0052225066212
桃園市桃園區中成里11鄰大興西路三段112號二十一樓,68,6800100,6800100-029,11鄰,大興西路,三段,,,,,112號二十一樓,121.289762999215,25.0052225066212
桃園市桃園區中成里11鄰大興西路三段112號二十二樓,68,6800100,6800100-029,11鄰,大興西路,三段,,,,,112號二十二樓,121.289762999215,25.0052225066212
桃園市桃園區中成里11鄰大興西路三段112號二十三樓,68,6800100,6800100-029,11鄰,大興西路,三段,,,,,112號二十三樓,121.289762999215,25.0052225066212
桃園市桃園區中成里11鄰大興西路三段112號二十四樓,68,6800100,6800100-029,11鄰,大興西路,三段,,,,,112號二十四樓,121.289762999215,25.0052225066212
桃園市桃園區中成里11鄰大興西路三段112號二十五樓,68,6800100,6800100-029,11鄰,大興西路,三段,,,,,112號二十五樓,121.289762999215,25.0052225066212
桃園市桃園區中成里11鄰大興西路三段112號二十六樓,68,6800100,6800100-029,11鄰,大興西路,三段,,,,,112號二十六樓,121.289762999215,25.0052225066212
桃園市桃園區中成里11鄰大興西路三段112號二十七樓,68,6800100,6800100-029,11鄰,大興西路,三段,,,,,112號二十七樓,121.289762999215,25.0052225066212
桃園市桃園區中成里11鄰大興西路三段112號二十八樓,68,6800100,6800100-029,11鄰,大興西路,三段,,,,,112號二十八樓,121.289762999215,25.0052225066212
桃園市桃園區中成里11鄰大興西路三段112號二十九樓,68,6800100,6800100-029,11鄰,大興西路,三段,,,,,112號二十九樓,121.289762999215,25.0052225066212
桃園市桃園區中成里11鄰大興西路三段116號,68,6800100,6800100-029,11鄰,大興西路,三段,,,,,116號,121.289657887112,25.005139470411
桃園市桃園區中成里11鄰大興西路三段116號十樓,68,6800100,6800100-029,11鄰,大興西路,三段,,,,,116號十樓,121.289657887112,25.005139470411
桃園市桃園區中成里11鄰大興西路三段116號二樓,68,6800100,6800100-029,11鄰,大興西路,三段,,,,,116號二樓,121.289657887112,25.005139470411
桃園市桃園區中成里11鄰大興西路三段116號三樓,68,6800100,6800100-029,11鄰,大興西路,三段,,,,,116號三樓,121.289657887112,25.005139470411
桃園市桃園區中成里11鄰大興西路三段116號四樓,68,6800100,6800100-029,11鄰,大興西路,三段,,,,,116號四樓,121.289657887112,25.005139470411
桃園市桃園區中成里11鄰大興西路三段116號五樓,68,6800100,6800100-029,11鄰,大興西路,三段,,,,,116號五樓,121.289657887112,25.005139470411
桃園市桃園區中成里11鄰大興西路三段116號六樓,68,6800100,6800100-029,11鄰,大興西路,三段,,,,,116號六樓,121.289657887112,25.005139470411
桃園市桃園區中成里11鄰大興西路三段116號七樓,68,6800100,6800100-029,11鄰,大興西路,三段,,,,,116號七樓,121.289657887112,25.005139470411
桃園市桃園區中成里11鄰大興西路三段116號八樓,68,6800100,6800100-029,11鄰,大興西路,三段,,,,,116號八樓,121.289657887112,25.005139470411
桃園市桃園區中成里11鄰大興西路三段116號九樓,68,6800100,6800100-029,11鄰,大興西路,三段,,,,,116號九樓,121.289657887112,25.005139470411
桃園市桃園區中成里11鄰大興西路三段116號十一樓,68,6800100,6800100-029,11鄰,大興西路,三段,,,,,116號十一樓,121.289657887112,25.005139470411
桃園市桃園區中成里11鄰大興西路三段116號十二樓,68,6800100,6800100-029,11鄰,大興西路,三段,,,,,116號十二樓,121.289657887112,25.005139470411
桃園市桃園區中成里11鄰大興西路三段116號十三樓,68,6800100,6800100-029,11鄰,大興西路,三段,,,,,116號十三樓,121.289657887112,25.005139470411
桃園市桃園區中成里11鄰大興西路三段116號十四樓,68,6800100,6800100-029,11鄰,大興西路,三段,,,,,116號十四樓,121.289657887112,25.005139470411
桃園市桃園區中成里11鄰大興西路三段116號十五樓,68,6800100,6800100-029,11鄰,大興西路,三段,,,,,116號十五樓,121.289657887112,25.005139470411
桃園市桃園區中成里11鄰大興西路三段116號十六樓,68,6800100,6800100-029,11鄰,大興西路,三段,,,,,116號十六樓,121.289657887112,25.005139470411
桃園市桃園區中成里11鄰大興西路三段116號十七樓,68,6800100,6800100-029,11鄰,大興西路,三段,,,,,116號十七樓,121.289657887112,25.005139470411
桃園市桃園區中成里11鄰大興西路三段116號十八樓,68,6800100,6800100-029,11鄰,大興西路,三段,,,,,116號十八樓,121.289657887112,25.005139470411
桃園市桃園區中成里11鄰大興西路三段116號十九樓,68,6800100,6800100-029,11鄰,大興西路,三段,,,,,116號十九樓,121.289657887112,25.005139470411
桃園市桃園區中成里11鄰大興西路三段116號二十樓,68,6800100,6800100-029,11鄰,大興西路,三段,,,,,116號二十樓,121.289657887112,25.005139470411
桃園市桃園區中成里11鄰大興西路三段116號二十一樓,68,6800100,6800100-029,11鄰,大興西路,三段,,,,,116號二十一樓,121.289657887112,25.005139470411
桃園市桃園區中成里11鄰大興西路三段116號二十二樓,68,6800100,6800100-029,11鄰,大興西路,三段,,,,,116號二十二樓,121.289657887112,25.005139470411
桃園市桃園區中成里11鄰大興西路三段116號二十三樓,68,6800100,6800100-029,11鄰,大興西路,三段,,,,,116號二十三樓,121.289657887112,25.005139470411
桃園市桃園區中成里11鄰大興西路三段116號二十四樓,68,6800100,6800100-029,11鄰,大興西路,三段,,,,,116號二十四樓,121.289657887112,25.005139470411
桃園市桃園區中成里11鄰大興西路三段116號二十五樓,68,6800100,6800100-029,11鄰,大興西路,三段,,,,,116號二十五樓,121.289657887112,25.005139470411
桃園市桃園區中成里11鄰大興西路三段116號二十六樓,68,6800100,6800100-029,11鄰,大興西路,三段,,,,,116號二十六樓,121.289657887112,25.005139470411
桃園市桃園區中成里11鄰大興西路三段116號二十七樓,68,6800100,6800100-029,11鄰,大興西路,三段,,,,,116號二十七樓,121.289657887112,25.005139470411
桃園市桃園區中成里11鄰大興西路三段116號二十八樓,68,6800100,6800100-029,11鄰,大興西路,三段,,,,,116號二十八樓,121.289657887112,25.005139470411
桃園市桃園區中成里11鄰大興西路三段116號二十九樓,68,6800100,6800100-029,11鄰,大興西路,三段,,,,,116號二十九樓,121.289657887112,25.005139470411
桃園市桃園區中成里11鄰大興西路三段118號,68,6800100,6800100-029,11鄰,大興西路,三段,,,,,118號,121.28954833111,25.0050624917377
桃園市桃園區中成里11鄰大興西路三段118號十樓,68,6800100,6800100-029,11鄰,大興西路,三段,,,,,118號十樓,121.28954833111,25.0050624917377
桃園市桃園區中成里11鄰大興西路三段118號二樓,68,6800100,6800100-029,11鄰,大興西路,三段,,,,,118號二樓,121.28954833111,25.0050624917377
桃園市桃園區中成里11鄰大興西路三段118號三樓,68,6800100,6800100-029,11鄰,大興西路,三段,,,,,118號三樓,121.28954833111,25.0050624917377
桃園市桃園區中成里11鄰大興西路三段118號四樓,68,6800100,6800100-029,11鄰,大興西路,三段,,,,,118號四樓,121.28954833111,25.0050624917377
桃園市桃園區中成里11鄰大興西路三段118號五樓,68,6800100,6800100-029,11鄰,大興西路,三段,,,,,118號五樓,121.28954833111,25.0050624917377
桃園市桃園區中成里11鄰大興西路三段118號六樓,68,6800100,6800100-029,11鄰,大興西路,三段,,,,,118號六樓,121.28954833111,25.0050624917377
桃園市桃園區中成里11鄰大興西路三段118號七樓,68,6800100,6800100-029,11鄰,大興西路,三段,,,,,118號七樓,121.28954833111,25.0050624917377
桃園市桃園區中成里11鄰大興西路三段118號八樓,68,6800100,6800100-029,11鄰,大興西路,三段,,,,,118號八樓,121.28954833111,25.0050624917377
桃園市桃園區中成里11鄰大興西路三段118號九樓,68,6800100,6800100-029,11鄰,大興西路,三段,,,,,118號九樓,121.28954833111,25.0050624917377
桃園市桃園區中成里11鄰大興西路三段118號十一樓,68,6800100,6800100-029,11鄰,大興西路,三段,,,,,118號十一樓,121.28954833111,25.0050624917377
桃園市桃園區中成里11鄰大興西路三段118號十二樓,68,6800100,6800100-029,11鄰,大興西路,三段,,,,,118號十二樓,121.28954833111,25.0050624917377
桃園市桃園區中成里11鄰大興西路三段118號十三樓,68,6800100,6800100-029,11鄰,大興西路,三段,,,,,118號十三樓,121.28954833111,25.0050624917377
桃園市桃園區中成里11鄰大興西路三段118號十四樓,68,6800100,6800100-029,11鄰,大興西路,三段,,,,,118號十四樓,121.28954833111,25.0050624917377
桃園市桃園區中成里11鄰大興西路三段118號十五樓,68,6800100,6800100-029,11鄰,大興西路,三段,,,,,118號十五樓,121.28954833111,25.0050624917377
桃園市桃園區中成里11鄰大興西路三段118號十六樓,68,6800100,6800100-029,11鄰,大興西路,三段,,,,,118號十六樓,121.28954833111,25.0050624917377
桃園市桃園區中成里11鄰大興西路三段118號十七樓,68,6800100,6800100-029,11鄰,大興西路,三段,,,,,118號十七樓,121.28954833111,25.0050624917377
桃園市桃園區中成里11鄰大興西路三段118號十八樓,68,6800100,6800100-029,11鄰,大興西路,三段,,,,,118號十八樓,121.28954833111,25.0050624917377
桃園市桃園區中成里11鄰大興西路三段118號十九樓,68,6800100,6800100-029,11鄰,大興西路,三段,,,,,118號十九樓,121.28954833111,25.0050624917377
桃園市桃園區中成里11鄰大興西路三段118號二十樓,68,6800100,6800100-029,11鄰,大興西路,三段,,,,,118號二十樓,121.28954833111,25.0050624917377
桃園市桃園區中成里11鄰大興西路三段118號二十一樓,68,6800100,6800100-029,11鄰,大興西路,三段,,,,,118號二十一樓,121.28954833111,25.0050624917377
桃園市桃園區中成里11鄰大興西路三段118號二十二樓,68,6800100,6800100-029,11鄰,大興西路,三段,,,,,118號二十二樓,121.28954833111,25.0050624917377
桃園市桃園區中成里11鄰大興西路三段118號二十三樓,68,6800100,6800100-029,11鄰,大興西路,三段,,,,,118號二十三樓,121.28954833111,25.0050624917377
桃園市桃園區中成里11鄰大興西路三段118號二十四樓,68,6800100,6800100-029,11鄰,大興西路,三段,,,,,118號二十四樓,121.28954833111,25.0050624917377
桃園市桃園區中成里11鄰大興西路三段118號二十五樓,68,6800100,6800100-029,11鄰,大興西路,三段,,,,,118號二十五樓,121.28954833111,25.0050624917377
桃園市桃園區中成里11鄰大興西路三段118號二十六樓,68,6800100,6800100-029,11鄰,大興西路,三段,,,,,118號二十六樓,121.28954833111,25.0050624917377
桃園市桃園區中成里11鄰大興西路三段118號二十七樓,68,6800100,6800100-029,11鄰,大興西路,三段,,,,,118號二十七樓,121.28954833111,25.0050624917377
桃園市桃園區中成里11鄰大興西路三段118號二十八樓,68,6800100,6800100-029,11鄰,大興西路,三段,,,,,118號二十八樓,121.28954833111,25.0050624917377
桃園市桃園區中成里11鄰大興西路三段118號二十九樓,68,6800100,6800100-029,11鄰,大興西路,三段,,,,,118號二十九樓,121.28954833111,25.0050624917377
桃園市桃園區中成里11鄰大興西路三段120號十樓,68,6800100,6800100-029,11鄰,大興西路,三段,,,,,120號十樓,121.289445575596,25.0051394322979
桃園市桃園區中成里11鄰大興西路三段120號三樓,68,6800100,6800100-029,11鄰,大興西路,三段,,,,,120號三樓,121.289445575596,25.0051394322979
桃園市桃園區中成里11鄰大興西路三段120號四樓,68,6800100,6800100-029,11鄰,大興西路,三段,,,,,120號四樓,121.289445575596,25.0051394322979
桃園市桃園區中成里11鄰大興西路三段120號五樓,68,6800100,6800100-029,11鄰,大興西路,三段,,,,,120號五樓,121.289445575596,25.0051394322979
桃園市桃園區中成里11鄰大興西路三段120號六樓,68,6800100,6800100-029,11鄰,大興西路,三段,,,,,120號六樓,121.289445575596,25.0051394322979
桃園市桃園區中成里11鄰大興西路三段120號七樓,68,6800100,6800100-029,11鄰,大興西路,三段,,,,,120號七樓,121.289445575596,25.0051394322979
桃園市桃園區中成里11鄰大興西路三段120號八樓,68,6800100,6800100-029,11鄰,大興西路,三段,,,,,120號八樓,121.289445575596,25.0051394322979
桃園市桃園區中成里11鄰大興西路三段120號九樓,68,6800100,6800100-029,11鄰,大興西路,三段,,,,,120號九樓,121.289445575596,25.0051394322979
桃園市桃園區中成里11鄰大興西路三段120號十一樓,68,6800100,6800100-029,11鄰,大興西路,三段,,,,,120號十一樓,121.289445575596,25.0051394322979
桃園市桃園區中成里11鄰大興西路三段120號十二樓,68,6800100,6800100-029,11鄰,大興西路,三段,,,,,120號十二樓,121.289445575596,25.0051394322979
桃園市桃園區中成里11鄰大興西路三段120號十三樓,68,6800100,6800100-029,11鄰,大興西路,三段,,,,,120號十三樓,121.289445575596,25.0051394322979
桃園市桃園區中成里11鄰大興西路三段120號十四樓,68,6800100,6800100-029,11鄰,大興西路,三段,,,,,120號十四樓,121.289445575596,25.0051394322979
桃園市桃園區中成里11鄰大興西路三段120號十五樓,68,6800100,6800100-029,11鄰,大興西路,三段,,,,,120號十五樓,121.289445575596,25.0051394322979
桃園市桃園區中成里11鄰大興西路三段120號十六樓,68,6800100,6800100-029,11鄰,大興西路,三段,,,,,120號十六樓,121.289445575596,25.0051394322979
桃園市桃園區中成里11鄰大興西路三段120號十七樓,68,6800100,6800100-029,11鄰,大興西路,三段,,,,,120號十七樓,121.289445575596,25.0051394322979
桃園市桃園區中成里11鄰大興西路三段120號十八樓,68,6800100,6800100-029,11鄰,大興西路,三段,,,,,120號十八樓,121.289445575596,25.0051394322979
桃園市桃園區中成里11鄰大興西路三段120號十九樓,68,6800100,6800100-029,11鄰,大興西路,三段,,,,,120號十九樓,121.289445575596,25.0051394322979
桃園市桃園區中成里11鄰大興西路三段120號二十樓,68,6800100,6800100-029,11鄰,大興西路,三段,,,,,120號二十樓,121.289445575596,25.0051394322979
桃園市桃園區中成里11鄰大興西路三段120號二十一樓,68,6800100,6800100-029,11鄰,大興西路,三段,,,,,120號二十一樓,121.289445575596,25.0051394322979
桃園市桃園區中成里11鄰大興西路三段120號二十二樓,68,6800100,6800100-029,11鄰,大興西路,三段,,,,,120號二十二樓,121.289445575596,25.0051394322979
桃園市桃園區中成里11鄰大興西路三段120號二十三樓,68,6800100,6800100-029,11鄰,大興西路,三段,,,,,120號二十三樓,121.289445575596,25.0051394322979
桃園市桃園區中成里11鄰大興西路三段120號二十四樓,68,6800100,6800100-029,11鄰,大興西路,三段,,,,,120號二十四樓,121.289445575596,25.0051394322979
桃園市桃園區中成里11鄰大興西路三段120號二十五樓,68,6800100,6800100-029,11鄰,大興西路,三段,,,,,120號二十五樓,121.289445575596,25.0051394322979
桃園市桃園區中成里11鄰大興西路三段120號二十六樓,68,6800100,6800100-029,11鄰,大興西路,三段,,,,,120號二十六樓,121.289445575596,25.0051394322979
桃園市桃園區中成里11鄰大興西路三段120號二十七樓,68,6800100,6800100-029,11鄰,大興西路,三段,,,,,120號二十七樓,121.289445575596,25.0051394322979
桃園市桃園區中成里11鄰大興西路三段120號二十八樓,68,6800100,6800100-029,11鄰,大興西路,三段,,,,,120號二十八樓,121.289445575596,25.0051394322979
桃園市桃園區中成里11鄰大興西路三段120號二十九樓,68,6800100,6800100-029,11鄰,大興西路,三段,,,,,120號二十九樓,121.289445575596,25.0051394322979
桃園市桃園區中成里11鄰大興西路三段122號十樓,68,6800100,6800100-029,11鄰,大興西路,三段,,,,,122號十樓,121.289329379407,25.0052305733664
桃園市桃園區中成里11鄰大興西路三段122號三樓,68,6800100,6800100-029,11鄰,大興西路,三段,,,,,122號三樓,121.289329379407,25.0052305733664
桃園市桃園區中成里11鄰大興西路三段122號四樓,68,6800100,6800100-029,11鄰,大興西路,三段,,,,,122號四樓,121.289329379407,25.0052305733664
桃園市桃園區中成里11鄰大興西路三段122號五樓,68,6800100,6800100-029,11鄰,大興西路,三段,,,,,122號五樓,121.289329379407,25.0052305733664
桃園市桃園區中成里11鄰大興西路三段122號六樓,68,6800100,6800100-029,11鄰,大興西路,三段,,,,,122號六樓,121.289329379407,25.0052305733664
桃園市桃園區中成里11鄰大興西路三段122號七樓,68,6800100,6800100-029,11鄰,大興西路,三段,,,,,122號七樓,121.289329379407,25.0052305733664
桃園市桃園區中成里11鄰大興西路三段122號八樓,68,6800100,6800100-029,11鄰,大興西路,三段,,,,,122號八樓,121.289329379407,25.0052305733664
桃園市桃園區中成里11鄰大興西路三段122號九樓,68,6800100,6800100-029,11鄰,大興西路,三段,,,,,122號九樓,121.289329379407,25.0052305733664
桃園市桃園區中成里11鄰大興西路三段122號十一樓,68,6800100,6800100-029,11鄰,大興西路,三段,,,,,122號十一樓,121.289329379407,25.0052305733664
桃園市桃園區中成里11鄰大興西路三段122號十二樓,68,6800100,6800100-029,11鄰,大興西路,三段,,,,,122號十二樓,121.289329379407,25.0052305733664
桃園市桃園區中成里11鄰大興西路三段122號十三樓,68,6800100,6800100-029,11鄰,大興西路,三段,,,,,122號十三樓,121.289329379407,25.0052305733664
桃園市桃園區中成里11鄰大興西路三段122號十四樓,68,6800100,6800100-029,11鄰,大興西路,三段,,,,,122號十四樓,121.289329379407,25.0052305733664
桃園市桃園區中成里11鄰大興西路三段122號十五樓,68,6800100,6800100-029,11鄰,大興西路,三段,,,,,122號十五樓,121.289329379407,25.0052305733664
桃園市桃園區中成里11鄰大興西路三段122號十六樓,68,6800100,6800100-029,11鄰,大興西路,三段,,,,,122號十六樓,121.289329379407,25.0052305733664
桃園市桃園區中成里11鄰大興西路三段122號十七樓,68,6800100,6800100-029,11鄰,大興西路,三段,,,,,122號十七樓,121.289329379407,25.0052305733664
桃園市桃園區中成里11鄰大興西路三段122號十八樓,68,6800100,6800100-029,11鄰,大興西路,三段,,,,,122號十八樓,121.289329379407,25.0052305733664
桃園市桃園區中成里11鄰大興西路三段122號十九樓,68,6800100,6800100-029,11鄰,大興西路,三段,,,,,122號十九樓,121.289329379407,25.0052305733664
桃園市桃園區中成里11鄰大興西路三段122號二十樓,68,6800100,6800100-029,11鄰,大興西路,三段,,,,,122號二十樓,121.289329379407,25.0052305733664
桃園市桃園區中成里11鄰大興西路三段122號二十一樓,68,6800100,6800100-029,11鄰,大興西路,三段,,,,,122號二十一樓,121.289329379407,25.0052305733664
桃園市桃園區中成里11鄰大興西路三段122號二十二樓,68,6800100,6800100-029,11鄰,大興西路,三段,,,,,122號二十二樓,121.289329379407,25.0052305733664
桃園市桃園區中成里11鄰大興西路三段122號二十三樓,68,6800100,6800100-029,11鄰,大興西路,三段,,,,,122號二十三樓,121.289329379407,25.0052305733664
桃園市桃園區中成里11鄰大興西路三段122號二十四樓,68,6800100,6800100-029,11鄰,大興西路,三段,,,,,122號二十四樓,121.289329379407,25.0052305733664
桃園市桃園區中成里11鄰大興西路三段122號二十五樓,68,6800100,6800100-029,11鄰,大興西路,三段,,,,,122號二十五樓,121.289329379407,25.0052305733664
桃園市桃園區中成里11鄰大興西路三段122號二十六樓,68,6800100,6800100-029,11鄰,大興西路,三段,,,,,122號二十六樓,121.289329379407,25.0052305733664
桃園市桃園區中成里11鄰大興西路三段122號二十七樓,68,6800100,6800100-029,11鄰,大興西路,三段,,,,,122號二十七樓,121.289329379407,25.0052305733664
桃園市桃園區中成里11鄰大興西路三段122號二十八樓,68,6800100,6800100-029,11鄰,大興西路,三段,,,,,122號二十八樓,121.289329379407,25.0052305733664
桃園市桃園區中成里11鄰大興西路三段122號二十九樓,68,6800100,6800100-029,11鄰,大興西路,三段,,,,,122號二十九樓,121.289329379407,25.0052305733664
桃園市桃園區中成里11鄰大興西路三段166號,68,6800100,6800100-029,11鄰,大興西路,三段,,,,,166號,121.289275715326,25.0049485433039
桃園市桃園區中成里11鄰大興西路三段168號,68,6800100,6800100-029,11鄰,大興西路,三段,,,,,168號,121.288908769068,25.0048707102608
桃園市桃園區中成里11鄰大興西路三段170號,68,6800100,6800100-029,11鄰,大興西路,三段,,,,,170號,121.288489781204,25.0049499794375
桃園市桃園區中成里11鄰大興西路三段172號,68,6800100,6800100-029,11鄰,大興西路,三段,,,,,172號,121.288393228467,25.0050529990397
桃園市桃園區中成里11鄰大興西路三段176號,68,6800100,6800100-029,11鄰,大興西路,三段,,,,,176號,121.288326322742,25.0049967921387
桃園市桃園區中成里11鄰大興西路三段178號,68,6800100,6800100-029,11鄰,大興西路,三段,,,,,178號,121.288262994605,25.0049452729908
桃園市桃園區中成里11鄰大興西路三段180號,68,6800100,6800100-029,11鄰,大興西路,三段,,,,,180號,121.288184686095,25.0048849351032
桃園市桃園區中成里11鄰大興西路三段182號,68,6800100,6800100-029,11鄰,大興西路,三段,,,,,182號,121.288117093372,25.0048314379274
桃園市桃園區中成里11鄰大興西路三段186號,68,6800100,6800100-029,11鄰,大興西路,三段,,,,,186號,121.288055942872,25.0047790116405
桃園市桃園區中成里11鄰大興西路三段188號,68,6800100,6800100-029,11鄰,大興西路,三段,,,,,188號,121.287985173036,25.0047225412159
桃園市桃園區中成里11鄰大興西路三段190號,68,6800100,6800100-029,11鄰,大興西路,三段,,,,,190號,121.288086215859,25.0046331459151
桃園市桃園區中成里11鄰大興西路三段192號,68,6800100,6800100-029,11鄰,大興西路,三段,,,,,192號,121.288171040117,25.0046837206674
桃園市桃園區中成里11鄰大興西路三段196號,68,6800100,6800100-029,11鄰,大興西路,三段,,,,,196號,121.288233275979,25.0047342488607
桃園市桃園區中成里11鄰大興西路三段198號,68,6800100,6800100-029,11鄰,大興西路,三段,,,,,198號,121.288302962681,25.0047935200396
桃園市桃園區中成里11鄰大興西路三段200號,68,6800100,6800100-029,11鄰,大興西路,三段,,,,,200號,121.288646062729,25.0044605227946
桃園市桃園區中成里11鄰大興西路三段201號,68,6800100,6800100-029,11鄰,大興西路,三段,,,,,201號,121.289696778757,25.0041070082879
桃園市桃園區中成里11鄰大興西路三段202號,68,6800100,6800100-029,11鄰,大興西路,三段,,,,,202號,121.288566961353,25.0044000060761
桃園市桃園區中成里11鄰大興西路三段206號,68,6800100,6800100-029,11鄰,大興西路,三段,,,,,206號,121.288503628787,25.0043465008069
桃園市桃園區中成里11鄰大興西路三段208號,68,6800100,6800100-029,11鄰,大興西路,三段,,,,,208號,121.288420454895,25.0042813874727
桃園市桃園區中成里11鄰大興西路三段210號十樓,68,6800100,6800100-029,11鄰,大興西路,三段,,,,,210號十樓,121.288656492423,25.0046841336205
桃園市桃園區中成里11鄰大興西路三段210號三樓,68,6800100,6800100-029,11鄰,大興西路,三段,,,,,210號三樓,121.288656492423,25.0046841336205
桃園市桃園區中成里11鄰大興西路三段210號四樓,68,6800100,6800100-029,11鄰,大興西路,三段,,,,,210號四樓,121.288656492423,25.0046841336205
桃園市桃園區中成里11鄰大興西路三段210號五樓,68,6800100,6800100-029,11鄰,大興西路,三段,,,,,210號五樓,121.288656492423,25.0046841336205
桃園市桃園區中成里11鄰大興西路三段210號六樓,68,6800100,6800100-029,11鄰,大興西路,三段,,,,,210號六樓,121.288656492423,25.0046841336205
桃園市桃園區中成里11鄰大興西路三段210號七樓,68,6800100,6800100-029,11鄰,大興西路,三段,,,,,210號七樓,121.288656492423,25.0046841336205
桃園市桃園區中成里11鄰大興西路三段210號八樓,68,6800100,6800100-029,11鄰,大興西路,三段,,,,,210號八樓,121.288656492423,25.0046841336205
桃園市桃園區中成里11鄰大興西路三段210號九樓,68,6800100,6800100-029,11鄰,大興西路,三段,,,,,210號九樓,121.288656492423,25.0046841336205
桃園市桃園區中成里11鄰大興西路三段210號十一樓,68,6800100,6800100-029,11鄰,大興西路,三段,,,,,210號十一樓,121.288656492423,25.0046841336205
桃園市桃園區中成里11鄰大興西路三段210號十二樓,68,6800100,6800100-029,11鄰,大興西路,三段,,,,,210號十二樓,121.288656492423,25.0046841336205
桃園市桃園區中成里11鄰大興西路三段210號十三樓,68,6800100,6800100-029,11鄰,大興西路,三段,,,,,210號十三樓,121.288656492423,25.0046841336205
桃園市桃園區中成里11鄰大興西路三段210號十四樓,68,6800100,6800100-029,11鄰,大興西路,三段,,,,,210號十四樓,121.288656492423,25.0046841336205
桃園市桃園區中成里11鄰大興西路三段210號十五樓,68,6800100,6800100-029,11鄰,大興西路,三段,,,,,210號十五樓,121.288656492423,25.0046841336205
桃園市桃園區中成里11鄰大興西路三段210號十六樓,68,6800100,6800100-029,11鄰,大興西路,三段,,,,,210號十六樓,121.288656492423,25.0046841336205
桃園市桃園區中成里11鄰大興西路三段210號十七樓,68,6800100,6800100-029,11鄰,大興西路,三段,,,,,210號十七樓,121.288656492423,25.0046841336205
桃園市桃園區中成里11鄰大興西路三段210號十八樓,68,6800100,6800100-029,11鄰,大興西路,三段,,,,,210號十八樓,121.288656492423,25.0046841336205
桃園市桃園區中成里11鄰大興西路三段210號十九樓,68,6800100,6800100-029,11鄰,大興西路,三段,,,,,210號十九樓,121.288656492423,25.0046841336205
桃園市桃園區中成里11鄰大興西路三段210號二十樓,68,6800100,6800100-029,11鄰,大興西路,三段,,,,,210號二十樓,121.288656492423,25.0046841336205
桃園市桃園區中成里11鄰大興西路三段210號二十一樓,68,6800100,6800100-029,11鄰,大興西路,三段,,,,,210號二十一樓,121.288656492423,25.0046841336205
桃園市桃園區中成里11鄰大興西路三段210號二十二樓,68,6800100,6800100-029,11鄰,大興西路,三段,,,,,210號二十二樓,121.288656492423,25.0046841336205
桃園市桃園區中成里11鄰大興西路三段210號二十三樓,68,6800100,6800100-029,11鄰,大興西路,三段,,,,,210號二十三樓,121.288656492423,25.0046841336205
桃園市桃園區中成里11鄰大興西路三段210號二十四樓,68,6800100,6800100-029,11鄰,大興西路,三段,,,,,210號二十四樓,121.288656492423,25.0046841336205
桃園市桃園區中成里11鄰大興西路三段210號二十五樓,68,6800100,6800100-029,11鄰,大興西路,三段,,,,,210號二十五樓,121.288656492423,25.0046841336205
桃園市桃園區中成里11鄰大興西路三段210號二十六樓,68,6800100,6800100-029,11鄰,大興西路,三段,,,,,210號二十六樓,121.288656492423,25.0046841336205
桃園市桃園區中成里11鄰大興西路三段210號二十七樓,68,6800100,6800100-029,11鄰,大興西路,三段,,,,,210號二十七樓,121.288656492423,25.0046841336205
桃園市桃園區中成里11鄰大興西路三段210號二十八樓,68,6800100,6800100-029,11鄰,大興西路,三段,,,,,210號二十八樓,121.288656492423,25.0046841336205
桃園市桃園區中成里11鄰大興西路三段212號十樓,68,6800100,6800100-029,11鄰,大興西路,三段,,,,,212號十樓,121.288550249554,25.0045830422014
桃園市桃園區中成里11鄰大興西路三段212號三樓,68,6800100,6800100-029,11鄰,大興西路,三段,,,,,212號三樓,121.288550249554,25.0045830422014
桃園市桃園區中成里11鄰大興西路三段212號四樓,68,6800100,6800100-029,11鄰,大興西路,三段,,,,,212號四樓,121.288550249554,25.0045830422014
桃園市桃園區中成里11鄰大興西路三段212號五樓,68,6800100,6800100-029,11鄰,大興西路,三段,,,,,212號五樓,121.288550249554,25.0045830422014
桃園市桃園區中成里11鄰大興西路三段212號六樓,68,6800100,6800100-029,11鄰,大興西路,三段,,,,,212號六樓,121.288550249554,25.0045830422014
桃園市桃園區中成里11鄰大興西路三段212號七樓,68,6800100,6800100-029,11鄰,大興西路,三段,,,,,212號七樓,121.288550249554,25.0045830422014
桃園市桃園區中成里11鄰大興西路三段212號八樓,68,6800100,6800100-029,11鄰,大興西路,三段,,,,,212號八樓,121.288550249554,25.0045830422014
桃園市桃園區中成里11鄰大興西路三段212號九樓,68,6800100,6800100-029,11鄰,大興西路,三段,,,,,212號九樓,121.288550249554,25.0045830422014
桃園市桃園區中成里11鄰大興西路三段212號十一樓,68,6800100,6800100-029,11鄰,大興西路,三段,,,,,212號十一樓,121.288550249554,25.0045830422014
桃園市桃園區中成里11鄰大興西路三段212號十二樓,68,6800100,6800100-029,11鄰,大興西路,三段,,,,,212號十二樓,121.288550249554,25.0045830422014
桃園市桃園區中成里11鄰大興西路三段212號十三樓,68,6800100,6800100-029,11鄰,大興西路,三段,,,,,212號十三樓,121.288550249554,25.0045830422014
桃園市桃園區中成里11鄰大興西路三段212號十四樓,68,6800100,6800100-029,11鄰,大興西路,三段,,,,,212號十四樓,121.288550249554,25.0045830422014
桃園市桃園區中成里11鄰大興西路三段212號十五樓,68,6800100,6800100-029,11鄰,大興西路,三段,,,,,212號十五樓,121.288550249554,25.0045830422014
桃園市桃園區中成里11鄰大興西路三段212號十六樓,68,6800100,6800100-029,11鄰,大興西路,三段,,,,,212號十六樓,121.288550249554,25.0045830422014
桃園市桃園區中成里11鄰大興西路三段212號十七樓,68,6800100,6800100-029,11鄰,大興西路,三段,,,,,212號十七樓,121.288550249554,25.0045830422014
桃園市桃園區中成里11鄰大興西路三段212號十八樓,68,6800100,6800100-029,11鄰,大興西路,三段,,,,,212號十八樓,121.288550249554,25.0045830422014
桃園市桃園區中成里11鄰大興西路三段212號十九樓,68,6800100,6800100-029,11鄰,大興西路,三段,,,,,212號十九樓,121.288550249554,25.0045830422014
桃園市桃園區中成里11鄰大興西路三段212號二十樓,68,6800100,6800100-029,11鄰,大興西路,三段,,,,,212號二十樓,121.288550249554,25.0045830422014
桃園市桃園區中成里11鄰大興西路三段212號二十一樓,68,6800100,6800100-029,11鄰,大興西路,三段,,,,,212號二十一樓,121.288550249554,25.0045830422014
桃園市桃園區中成里11鄰大興西路三段212號二十二樓,68,6800100,6800100-029,11鄰,大興西路,三段,,,,,212號二十二樓,121.288550249554,25.0045830422014
桃園市桃園區中成里11鄰大興西路三段212號二十三樓,68,6800100,6800100-029,11鄰,大興西路,三段,,,,,212號二十三樓,121.288550249554,25.0045830422014
桃園市桃園區中成里11鄰大興西路三段216號十樓,68,6800100,6800100-029,11鄰,大興西路,三段,,,,,216號十樓,121.28843310377,25.0044797147704
桃園市桃園區中成里11鄰大興西路三段216號三樓,68,6800100,6800100-029,11鄰,大興西路,三段,,,,,216號三樓,121.28843310377,25.0044797147704
桃園市桃園區中成里11鄰大興西路三段216號四樓,68,6800100,6800100-029,11鄰,大興西路,三段,,,,,216號四樓,121.28843310377,25.0044797147704
桃園市桃園區中成里11鄰大興西路三段216號五樓,68,6800100,6800100-029,11鄰,大興西路,三段,,,,,216號五樓,121.28843310377,25.0044797147704
桃園市桃園區中成里11鄰大興西路三段216號六樓,68,6800100,6800100-029,11鄰,大興西路,三段,,,,,216號六樓,121.28843310377,25.0044797147704
桃園市桃園區中成里11鄰大興西路三段216號七樓,68,6800100,6800100-029,11鄰,大興西路,三段,,,,,216號七樓,121.28843310377,25.0044797147704
桃園市桃園區中成里11鄰大興西路三段216號八樓,68,6800100,6800100-029,11鄰,大興西路,三段,,,,,216號八樓,121.28843310377,25.0044797147704
桃園市桃園區中成里11鄰大興西路三段216號九樓,68,6800100,6800100-029,11鄰,大興西路,三段,,,,,216號九樓,121.28843310377,25.0044797147704
桃園市桃園區中成里11鄰大興西路三段216號十一樓,68,6800100,6800100-029,11鄰,大興西路,三段,,,,,216號十一樓,121.28843310377,25.0044797147704
桃園市桃園區中成里11鄰大興西路三段216號十二樓,68,6800100,6800100-029,11鄰,大興西路,三段,,,,,216號十二樓,121.28843310377,25.0044797147704
桃園市桃園區中成里11鄰大興西路三段216號十三樓,68,6800100,6800100-029,11鄰,大興西路,三段,,,,,216號十三樓,121.28843310377,25.0044797147704
桃園市桃園區中成里11鄰大興西路三段216號十四樓,68,6800100,6800100-029,11鄰,大興西路,三段,,,,,216號十四樓,121.28843310377,25.0044797147704
桃園市桃園區中成里11鄰大興西路三段216號十五樓,68,6800100,6800100-029,11鄰,大興西路,三段,,,,,216號十五樓,121.28843310377,25.0044797147704
桃園市桃園區中成里11鄰大興西路三段216號十六樓,68,6800100,6800100-029,11鄰,大興西路,三段,,,,,216號十六樓,121.28843310377,25.0044797147704
桃園市桃園區中成里11鄰大興西路三段216號十七樓,68,6800100,6800100-029,11鄰,大興西路,三段,,,,,216號十七樓,121.28843310377,25.0044797147704
桃園市桃園區中成里11鄰大興西路三段216號十八樓,68,6800100,6800100-029,11鄰,大興西路,三段,,,,,216號十八樓,121.28843310377,25.0044797147704
桃園市桃園區中成里11鄰大興西路三段216號十九樓,68,6800100,6800100-029,11鄰,大興西路,三段,,,,,216號十九樓,121.28843310377,25.0044797147704
桃園市桃園區中成里11鄰大興西路三段216號二十樓,68,6800100,6800100-029,11鄰,大興西路,三段,,,,,216號二十樓,121.28843310377,25.0044797147704
桃園市桃園區中成里11鄰大興西路三段216號二十一樓,68,6800100,6800100-029,11鄰,大興西路,三段,,,,,216號二十一樓,121.28843310377,25.0044797147704
桃園市桃園區中成里11鄰大興西路三段216號二十二樓,68,6800100,6800100-029,11鄰,大興西路,三段,,,,,216號二十二樓,121.28843310377,25.0044797147704
桃園市桃園區中成里11鄰大興西路三段216號二十三樓,68,6800100,6800100-029,11鄰,大興西路,三段,,,,,216號二十三樓,121.28843310377,25.0044797147704
桃園市桃園區中成里11鄰大興西路三段218號十樓,68,6800100,6800100-029,11鄰,大興西路,三段,,,,,218號十樓,121.288292559724,25.0043688488211
桃園市桃園區中成里11鄰大興西路三段218號三樓,68,6800100,6800100-029,11鄰,大興西路,三段,,,,,218號三樓,121.288292559724,25.0043688488211
桃園市桃園區中成里11鄰大興西路三段218號四樓,68,6800100,6800100-029,11鄰,大興西路,三段,,,,,218號四樓,121.288292559724,25.0043688488211
桃園市桃園區中成里11鄰大興西路三段218號五樓,68,6800100,6800100-029,11鄰,大興西路,三段,,,,,218號五樓,121.288292559724,25.0043688488211
桃園市桃園區中成里11鄰大興西路三段218號六樓,68,6800100,6800100-029,11鄰,大興西路,三段,,,,,218號六樓,121.288292559724,25.0043688488211
桃園市桃園區中成里11鄰大興西路三段218號七樓,68,6800100,6800100-029,11鄰,大興西路,三段,,,,,218號七樓,121.288292559724,25.0043688488211
桃園市桃園區中成里11鄰大興西路三段218號八樓,68,6800100,6800100-029,11鄰,大興西路,三段,,,,,218號八樓,121.288292559724,25.0043688488211
桃園市桃園區中成里11鄰大興西路三段218號九樓,68,6800100,6800100-029,11鄰,大興西路,三段,,,,,218號九樓,121.288292559724,25.0043688488211
桃園市桃園區中成里11鄰大興西路三段218號十一樓,68,6800100,6800100-029,11鄰,大興西路,三段,,,,,218號十一樓,121.288292559724,25.0043688488211
桃園市桃園區中成里11鄰大興西路三段218號十二樓,68,6800100,6800100-029,11鄰,大興西路,三段,,,,,218號十二樓,121.288292559724,25.0043688488211
桃園市桃園區中成里11鄰大興西路三段218號十三樓,68,6800100,6800100-029,11鄰,大興西路,三段,,,,,218號十三樓,121.288292559724,25.0043688488211
桃園市桃園區中成里11鄰大興西路三段218號十四樓,68,6800100,6800100-029,11鄰,大興西路,三段,,,,,218號十四樓,121.288292559724,25.0043688488211
桃園市桃園區中成里11鄰大興西路三段218號十五樓,68,6800100,6800100-029,11鄰,大興西路,三段,,,,,218號十五樓,121.288292559724,25.0043688488211
桃園市桃園區中成里11鄰大興西路三段218號十六樓,68,6800100,6800100-029,11鄰,大興西路,三段,,,,,218號十六樓,121.288292559724,25.0043688488211
桃園市桃園區中成里11鄰大興西路三段218號十七樓,68,6800100,6800100-029,11鄰,大興西路,三段,,,,,218號十七樓,121.288292559724,25.0043688488211
桃園市桃園區中成里11鄰大興西路三段218號十八樓,68,6800100,6800100-029,11鄰,大興西路,三段,,,,,218號十八樓,121.288292559724,25.0043688488211
桃園市桃園區中成里11鄰大興西路三段218號十九樓,68,6800100,6800100-029,11鄰,大興西路,三段,,,,,218號十九樓,121.288292559724,25.0043688488211
桃園市桃園區中成里11鄰大興西路三段218號二十樓,68,6800100,6800100-029,11鄰,大興西路,三段,,,,,218號二十樓,121.288292559724,25.0043688488211
桃園市桃園區中成里11鄰大興西路三段218號二十一樓,68,6800100,6800100-029,11鄰,大興西路,三段,,,,,218號二十一樓,121.288292559724,25.0043688488211
桃園市桃園區中成里11鄰大興西路三段218號二十二樓,68,6800100,6800100-029,11鄰,大興西路,三段,,,,,218號二十二樓,121.288292559724,25.0043688488211
桃園市桃園區中成里11鄰大興西路三段218號二十四樓,68,6800100,6800100-029,11鄰,大興西路,三段,,,,,218號二十四樓,121.288292559724,25.0043688488211
桃園市桃園區中成里11鄰大興西路三段218號二十五樓,68,6800100,6800100-029,11鄰,大興西路,三段,,,,,218號二十五樓,121.288292559724,25.0043688488211
桃園市桃園區中成里11鄰大興西路三段218號二十六樓,68,6800100,6800100-029,11鄰,大興西路,三段,,,,,218號二十六樓,121.288292559724,25.0043688488211
桃園市桃園區中成里11鄰大興西路三段218號二十七樓,68,6800100,6800100-029,11鄰,大興西路,三段,,,,,218號二十七樓,121.288292559724,25.0043688488211
桃園市桃園區中成里11鄰大興西路三段218號二十八樓,68,6800100,6800100-029,11鄰,大興西路,三段,,,,,218號二十八樓,121.288292559724,25.0043688488211
桃園市桃園區中成里11鄰大興西路三段220號十樓,68,6800100,6800100-029,11鄰,大興西路,三段,,,,,220號十樓,121.288137856874,25.0045163099267
桃園市桃園區中成里11鄰大興西路三段220號三樓,68,6800100,6800100-029,11鄰,大興西路,三段,,,,,220號三樓,121.288137856874,25.0045163099267
桃園市桃園區中成里11鄰大興西路三段220號四樓,68,6800100,6800100-029,11鄰,大興西路,三段,,,,,220號四樓,121.288137856874,25.0045163099267
桃園市桃園區中成里11鄰大興西路三段220號五樓,68,6800100,6800100-029,11鄰,大興西路,三段,,,,,220號五樓,121.288137856874,25.0045163099267
桃園市桃園區中成里11鄰大興西路三段220號六樓,68,6800100,6800100-029,11鄰,大興西路,三段,,,,,220號六樓,121.288137856874,25.0045163099267
桃園市桃園區中成里11鄰大興西路三段220號七樓,68,6800100,6800100-029,11鄰,大興西路,三段,,,,,220號七樓,121.288137856874,25.0045163099267
桃園市桃園區中成里11鄰大興西路三段220號八樓,68,6800100,6800100-029,11鄰,大興西路,三段,,,,,220號八樓,121.288137856874,25.0045163099267
桃園市桃園區中成里11鄰大興西路三段220號九樓,68,6800100,6800100-029,11鄰,大興西路,三段,,,,,220號九樓,121.288137856874,25.0045163099267
桃園市桃園區中成里11鄰大興西路三段220號十一樓,68,6800100,6800100-029,11鄰,大興西路,三段,,,,,220號十一樓,121.288137856874,25.0045163099267
桃園市桃園區中成里11鄰大興西路三段220號十二樓,68,6800100,6800100-029,11鄰,大興西路,三段,,,,,220號十二樓,121.288137856874,25.0045163099267
桃園市桃園區中成里11鄰大興西路三段220號十三樓,68,6800100,6800100-029,11鄰,大興西路,三段,,,,,220號十三樓,121.288137856874,25.0045163099267
桃園市桃園區中成里11鄰大興西路三段220號十四樓,68,6800100,6800100-029,11鄰,大興西路,三段,,,,,220號十四樓,121.288137856874,25.0045163099267
桃園市桃園區中成里11鄰大興西路三段220號十五樓,68,6800100,6800100-029,11鄰,大興西路,三段,,,,,220號十五樓,121.288137856874,25.0045163099267
桃園市桃園區中成里11鄰大興西路三段220號十六樓,68,6800100,6800100-029,11鄰,大興西路,三段,,,,,220號十六樓,121.288137856874,25.0045163099267
桃園市桃園區中成里11鄰大興西路三段220號十七樓,68,6800100,6800100-029,11鄰,大興西路,三段,,,,,220號十七樓,121.288137856874,25.0045163099267
桃園市桃園區中成里11鄰大興西路三段220號十八樓,68,6800100,6800100-029,11鄰,大興西路,三段,,,,,220號十八樓,121.288137856874,25.0045163099267
桃園市桃園區中成里11鄰大興西路三段220號十九樓,68,6800100,6800100-029,11鄰,大興西路,三段,,,,,220號十九樓,121.288137856874,25.0045163099267
桃園市桃園區中成里11鄰大興西路三段220號二十樓,68,6800100,6800100-029,11鄰,大興西路,三段,,,,,220號二十樓,121.288137856874,25.0045163099267
桃園市桃園區中成里11鄰大興西路三段220號二十一樓,68,6800100,6800100-029,11鄰,大興西路,三段,,,,,220號二十一樓,121.288137856874,25.0045163099267
桃園市桃園區中成里11鄰大興西路三段220號二十二樓,68,6800100,6800100-029,11鄰,大興西路,三段,,,,,220號二十二樓,121.288137856874,25.0045163099267
桃園市桃園區中成里11鄰大興西路三段220號二十三樓,68,6800100,6800100-029,11鄰,大興西路,三段,,,,,220號二十三樓,121.288137856874,25.0045163099267
桃園市桃園區中成里11鄰大興西路三段220號二十四樓,68,6800100,6800100-029,11鄰,大興西路,三段,,,,,220號二十四樓,121.288137856874,25.0045163099267
桃園市桃園區中成里11鄰大興西路三段220號二十五樓,68,6800100,6800100-029,11鄰,大興西路,三段,,,,,220號二十五樓,121.288137856874,25.0045163099267
桃園市桃園區中成里11鄰大興西路三段220號二十六樓,68,6800100,6800100-029,11鄰,大興西路,三段,,,,,220號二十六樓,121.288137856874,25.0045163099267
桃園市桃園區中成里11鄰大興西路三段220號二十七樓,68,6800100,6800100-029,11鄰,大興西路,三段,,,,,220號二十七樓,121.288137856874,25.0045163099267
桃園市桃園區中成里11鄰大興西路三段220號二十八樓,68,6800100,6800100-029,11鄰,大興西路,三段,,,,,220號二十八樓,121.288137856874,25.0045163099267
桃園市桃園區中成里11鄰大興西路三段222號十樓,68,6800100,6800100-029,11鄰,大興西路,三段,,,,,222號十樓,121.288264485474,25.0046077018537
桃園市桃園區中成里11鄰大興西路三段222號三樓,68,6800100,6800100-029,11鄰,大興西路,三段,,,,,222號三樓,121.288264485474,25.0046077018537
桃園市桃園區中成里11鄰大興西路三段222號四樓,68,6800100,6800100-029,11鄰,大興西路,三段,,,,,222號四樓,121.288264485474,25.0046077018537
桃園市桃園區中成里11鄰大興西路三段222號五樓,68,6800100,6800100-029,11鄰,大興西路,三段,,,,,222號五樓,121.288264485474,25.0046077018537
桃園市桃園區中成里11鄰大興西路三段222號六樓,68,6800100,6800100-029,11鄰,大興西路,三段,,,,,222號六樓,121.288264485474,25.0046077018537
桃園市桃園區中成里11鄰大興西路三段222號七樓,68,6800100,6800100-029,11鄰,大興西路,三段,,,,,222號七樓,121.288264485474,25.0046077018537
桃園市桃園區中成里11鄰大興西路三段222號八樓,68,6800100,6800100-029,11鄰,大興西路,三段,,,,,222號八樓,121.288264485474,25.0046077018537
桃園市桃園區中成里11鄰大興西路三段222號九樓,68,6800100,6800100-029,11鄰,大興西路,三段,,,,,222號九樓,121.288264485474,25.0046077018537
桃園市桃園區中成里11鄰大興西路三段222號十一樓,68,6800100,6800100-029,11鄰,大興西路,三段,,,,,222號十一樓,121.288264485474,25.0046077018537
桃園市桃園區中成里11鄰大興西路三段222號十二樓,68,6800100,6800100-029,11鄰,大興西路,三段,,,,,222號十二樓,121.288264485474,25.0046077018537
桃園市桃園區中成里11鄰大興西路三段222號十三樓,68,6800100,6800100-029,11鄰,大興西路,三段,,,,,222號十三樓,121.288264485474,25.0046077018537
桃園市桃園區中成里11鄰大興西路三段222號十四樓,68,6800100,6800100-029,11鄰,大興西路,三段,,,,,222號十四樓,121.288264485474,25.0046077018537
桃園市桃園區中成里11鄰大興西路三段222號十五樓,68,6800100,6800100-029,11鄰,大興西路,三段,,,,,222號十五樓,121.288264485474,25.0046077018537
桃園市桃園區中成里11鄰大興西路三段222號十六樓,68,6800100,6800100-029,11鄰,大興西路,三段,,,,,222號十六樓,121.288264485474,25.0046077018537
桃園市桃園區中成里11鄰大興西路三段222號十七樓,68,6800100,6800100-029,11鄰,大興西路,三段,,,,,222號十七樓,121.288264485474,25.0046077018537
桃園市桃園區中成里11鄰大興西路三段222號十八樓,68,6800100,6800100-029,11鄰,大興西路,三段,,,,,222號十八樓,121.288264485474,25.0046077018537
桃園市桃園區中成里11鄰大興西路三段222號十九樓,68,6800100,6800100-029,11鄰,大興西路,三段,,,,,222號十九樓,121.288264485474,25.0046077018537
桃園市桃園區中成里11鄰大興西路三段222號二十樓,68,6800100,6800100-029,11鄰,大興西路,三段,,,,,222號二十樓,121.288264485474,25.0046077018537
桃園市桃園區中成里11鄰大興西路三段222號二十一樓,68,6800100,6800100-029,11鄰,大興西路,三段,,,,,222號二十一樓,121.288264485474,25.0046077018537
桃園市桃園區中成里11鄰大興西路三段222號二十二樓,68,6800100,6800100-029,11鄰,大興西路,三段,,,,,222號二十二樓,121.288264485474,25.0046077018537
桃園市桃園區中成里11鄰大興西路三段222號二十三樓,68,6800100,6800100-029,11鄰,大興西路,三段,,,,,222號二十三樓,121.288264485474,25.0046077018537
桃園市桃園區中成里11鄰大興西路三段223號十樓,68,6800100,6800100-029,11鄰,大興西路,三段,,,,,223號十樓,121.289449469353,25.0037992634642
桃園市桃園區中成里11鄰大興西路三段223號三樓,68,6800100,6800100-029,11鄰,大興西路,三段,,,,,223號三樓,121.289449469353,25.0037992634642
桃園市桃園區中成里11鄰大興西路三段223號四樓,68,6800100,6800100-029,11鄰,大興西路,三段,,,,,223號四樓,121.289449469353,25.0037992634642
桃園市桃園區中成里11鄰大興西路三段223號五樓,68,6800100,6800100-029,11鄰,大興西路,三段,,,,,223號五樓,121.289449469353,25.0037992634642
桃園市桃園區中成里11鄰大興西路三段223號六樓,68,6800100,6800100-029,11鄰,大興西路,三段,,,,,223號六樓,121.289449469353,25.0037992634642
桃園市桃園區中成里11鄰大興西路三段223號七樓,68,6800100,6800100-029,11鄰,大興西路,三段,,,,,223號七樓,121.289449469353,25.0037992634642
桃園市桃園區中成里11鄰大興西路三段223號八樓,68,6800100,6800100-029,11鄰,大興西路,三段,,,,,223號八樓,121.289449469353,25.0037992634642
桃園市桃園區中成里11鄰大興西路三段223號九樓,68,6800100,6800100-029,11鄰,大興西路,三段,,,,,223號九樓,121.289449469353,25.0037992634642
桃園市桃園區中成里11鄰大興西路三段223號十一樓,68,6800100,6800100-029,11鄰,大興西路,三段,,,,,223號十一樓,121.289449469353,25.0037992634642
桃園市桃園區中成里11鄰大興西路三段223號十二樓,68,6800100,6800100-029,11鄰,大興西路,三段,,,,,223號十二樓,121.289449469353,25.0037992634642
桃園市桃園區中成里11鄰大興西路三段223號十三樓,68,6800100,6800100-029,11鄰,大興西路,三段,,,,,223號十三樓,121.289449469353,25.0037992634642
桃園市桃園區中成里11鄰大興西路三段223號十四樓,68,6800100,6800100-029,11鄰,大興西路,三段,,,,,223號十四樓,121.289449469353,25.0037992634642
桃園市桃園區中成里11鄰大興西路三段223號十五樓,68,6800100,6800100-029,11鄰,大興西路,三段,,,,,223號十五樓,121.289449469353,25.0037992634642
桃園市桃園區中成里11鄰大興西路三段223號十六樓,68,6800100,6800100-029,11鄰,大興西路,三段,,,,,223號十六樓,121.289449469353,25.0037992634642
桃園市桃園區中成里11鄰大興西路三段223號十七樓,68,6800100,6800100-029,11鄰,大興西路,三段,,,,,223號十七樓,121.289449469353,25.0037992634642
桃園市桃園區中成里11鄰大興西路三段223號十八樓,68,6800100,6800100-029,11鄰,大興西路,三段,,,,,223號十八樓,121.289449469353,25.0037992634642
桃園市桃園區中成里11鄰大興西路三段223號十九樓,68,6800100,6800100-029,11鄰,大興西路,三段,,,,,223號十九樓,121.289449469353,25.0037992634642
桃園市桃園區中成里11鄰大興西路三段223號二十樓,68,6800100,6800100-029,11鄰,大興西路,三段,,,,,223號二十樓,121.289449469353,25.0037992634642
桃園市桃園區中成里11鄰大興西路三段223號二十一樓,68,6800100,6800100-029,11鄰,大興西路,三段,,,,,223號二十一樓,121.289449469353,25.0037992634642
桃園市桃園區中成里11鄰大興西路三段223號二十二樓,68,6800100,6800100-029,11鄰,大興西路,三段,,,,,223號二十二樓,121.289449469353,25.0037992634642
桃園市桃園區中成里11鄰大興西路三段223號二十三樓,68,6800100,6800100-029,11鄰,大興西路,三段,,,,,223號二十三樓,121.289449469353,25.0037992634642
桃園市桃園區中成里11鄰大興西路三段223號二十四樓,68,6800100,6800100-029,11鄰,大興西路,三段,,,,,223號二十四樓,121.289449469353,25.0037992634642
桃園市桃園區中成里11鄰大興西路三段223號二十五樓,68,6800100,6800100-029,11鄰,大興西路,三段,,,,,223號二十五樓,121.289449469353,25.0037992634642
桃園市桃園區中成里11鄰大興西路三段223號二十六樓,68,6800100,6800100-029,11鄰,大興西路,三段,,,,,223號二十六樓,121.289449469353,25.0037992634642
桃園市桃園區中成里11鄰大興西路三段223號二十七樓,68,6800100,6800100-029,11鄰,大興西路,三段,,,,,223號二十七樓,121.289449469353,25.0037992634642
桃園市桃園區中成里11鄰大興西路三段225號十樓,68,6800100,6800100-029,11鄰,大興西路,三段,,,,,225號十樓,121.289312154645,25.0037136714356
桃園市桃園區中成里11鄰大興西路三段225號三樓,68,6800100,6800100-029,11鄰,大興西路,三段,,,,,225號三樓,121.289312154645,25.0037136714356
桃園市桃園區中成里11鄰大興西路三段225號四樓,68,6800100,6800100-029,11鄰,大興西路,三段,,,,,225號四樓,121.289312154645,25.0037136714356
桃園市桃園區中成里11鄰大興西路三段225號五樓,68,6800100,6800100-029,11鄰,大興西路,三段,,,,,225號五樓,121.289312154645,25.0037136714356
桃園市桃園區中成里11鄰大興西路三段225號六樓,68,6800100,6800100-029,11鄰,大興西路,三段,,,,,225號六樓,121.289312154645,25.0037136714356
桃園市桃園區中成里11鄰大興西路三段225號七樓,68,6800100,6800100-029,11鄰,大興西路,三段,,,,,225號七樓,121.289312154645,25.0037136714356
桃園市桃園區中成里11鄰大興西路三段225號八樓,68,6800100,6800100-029,11鄰,大興西路,三段,,,,,225號八樓,121.289312154645,25.0037136714356
桃園市桃園區中成里11鄰大興西路三段225號九樓,68,6800100,6800100-029,11鄰,大興西路,三段,,,,,225號九樓,121.289312154645,25.0037136714356
桃園市桃園區中成里11鄰大興西路三段225號十一樓,68,6800100,6800100-029,11鄰,大興西路,三段,,,,,225號十一樓,121.289312154645,25.0037136714356
桃園市桃園區中成里11鄰大興西路三段225號十二樓,68,6800100,6800100-029,11鄰,大興西路,三段,,,,,225號十二樓,121.289312154645,25.0037136714356
桃園市桃園區中成里11鄰大興西路三段225號十三樓,68,6800100,6800100-029,11鄰,大興西路,三段,,,,,225號十三樓,121.289312154645,25.0037136714356
桃園市桃園區中成里11鄰大興西路三段225號十四樓,68,6800100,6800100-029,11鄰,大興西路,三段,,,,,225號十四樓,121.289312154645,25.0037136714356
桃園市桃園區中成里11鄰大興西路三段225號十五樓,68,6800100,6800100-029,11鄰,大興西路,三段,,,,,225號十五樓,121.289312154645,25.0037136714356
桃園市桃園區中成里11鄰大興西路三段225號十六樓,68,6800100,6800100-029,11鄰,大興西路,三段,,,,,225號十六樓,121.289312154645,25.0037136714356
桃園市桃園區中成里11鄰大興西路三段225號十七樓,68,6800100,6800100-029,11鄰,大興西路,三段,,,,,225號十七樓,121.289312154645,25.0037136714356
桃園市桃園區中成里11鄰大興西路三段225號十八樓,68,6800100,6800100-029,11鄰,大興西路,三段,,,,,225號十八樓,121.289312154645,25.0037136714356
桃園市桃園區中成里11鄰大興西路三段225號十九樓,68,6800100,6800100-029,11鄰,大興西路,三段,,,,,225號十九樓,121.289312154645,25.0037136714356
桃園市桃園區中成里11鄰大興西路三段225號二十樓,68,6800100,6800100-029,11鄰,大興西路,三段,,,,,225號二十樓,121.289312154645,25.0037136714356
桃園市桃園區中成里11鄰大興西路三段225號二十一樓,68,6800100,6800100-029,11鄰,大興西路,三段,,,,,225號二十一樓,121.289312154645,25.0037136714356
桃園市桃園區中成里11鄰大興西路三段225號二十二樓,68,6800100,6800100-029,11鄰,大興西路,三段,,,,,225號二十二樓,121.289312154645,25.0037136714356
桃園市桃園區中成里11鄰大興西路三段225號二十三樓,68,6800100,6800100-029,11鄰,大興西路,三段,,,,,225號二十三樓,121.289312154645,25.0037136714356
桃園市桃園區中成里11鄰大興西路三段225號二十四樓,68,6800100,6800100-029,11鄰,大興西路,三段,,,,,225號二十四樓,121.289312154645,25.0037136714356
桃園市桃園區中成里11鄰大興西路三段225號二十五樓,68,6800100,6800100-029,11鄰,大興西路,三段,,,,,225號二十五樓,121.289312154645,25.0037136714356
桃園市桃園區中成里11鄰大興西路三段225號二十六樓,68,6800100,6800100-029,11鄰,大興西路,三段,,,,,225號二十六樓,121.289312154645,25.0037136714356
桃園市桃園區中成里11鄰大興西路三段225號二十七樓,68,6800100,6800100-029,11鄰,大興西路,三段,,,,,225號二十七樓,121.289312154645,25.0037136714356
桃園市桃園區中成里11鄰大興西路三段226號十樓,68,6800100,6800100-029,11鄰,大興西路,三段,,,,,226號十樓,121.288395383389,25.0047029675631
桃園市桃園區中成里11鄰大興西路三段226號三樓,68,6800100,6800100-029,11鄰,大興西路,三段,,,,,226號三樓,121.288395383389,25.0047029675631
桃園市桃園區中成里11鄰大興西路三段226號四樓,68,6800100,6800100-029,11鄰,大興西路,三段,,,,,226號四樓,121.288395383389,25.0047029675631
桃園市桃園區中成里11鄰大興西路三段226號五樓,68,6800100,6800100-029,11鄰,大興西路,三段,,,,,226號五樓,121.288395383389,25.0047029675631
桃園市桃園區中成里11鄰大興西路三段226號六樓,68,6800100,6800100-029,11鄰,大興西路,三段,,,,,226號六樓,121.288395383389,25.0047029675631
桃園市桃園區中成里11鄰大興西路三段226號七樓,68,6800100,6800100-029,11鄰,大興西路,三段,,,,,226號七樓,121.288395383389,25.0047029675631
桃園市桃園區中成里11鄰大興西路三段226號八樓,68,6800100,6800100-029,11鄰,大興西路,三段,,,,,226號八樓,121.288395383389,25.0047029675631
桃園市桃園區中成里11鄰大興西路三段226號九樓,68,6800100,6800100-029,11鄰,大興西路,三段,,,,,226號九樓,121.288395383389,25.0047029675631
桃園市桃園區中成里11鄰大興西路三段226號十一樓,68,6800100,6800100-029,11鄰,大興西路,三段,,,,,226號十一樓,121.288395383389,25.0047029675631
桃園市桃園區中成里11鄰大興西路三段226號十二樓,68,6800100,6800100-029,11鄰,大興西路,三段,,,,,226號十二樓,121.288395383389,25.0047029675631
桃園市桃園區中成里11鄰大興西路三段226號十三樓,68,6800100,6800100-029,11鄰,大興西路,三段,,,,,226號十三樓,121.288395383389,25.0047029675631
桃園市桃園區中成里11鄰大興西路三段226號十四樓,68,6800100,6800100-029,11鄰,大興西路,三段,,,,,226號十四樓,121.288395383389,25.0047029675631
桃園市桃園區中成里11鄰大興西路三段226號十五樓,68,6800100,6800100-029,11鄰,大興西路,三段,,,,,226號十五樓,121.288395383389,25.0047029675631
桃園市桃園區中成里11鄰大興西路三段226號十六樓,68,6800100,6800100-029,11鄰,大興西路,三段,,,,,226號十六樓,121.288395383389,25.0047029675631
桃園市桃園區中成里11鄰大興西路三段226號十七樓,68,6800100,6800100-029,11鄰,大興西路,三段,,,,,226號十七樓,121.288395383389,25.0047029675631
桃園市桃園區中成里11鄰大興西路三段226號十八樓,68,6800100,6800100-029,11鄰,大興西路,三段,,,,,226號十八樓,121.288395383389,25.0047029675631
桃園市桃園區中成里11鄰大興西路三段226號十九樓,68,6800100,6800100-029,11鄰,大興西路,三段,,,,,226號十九樓,121.288395383389,25.0047029675631
桃園市桃園區中成里11鄰大興西路三段226號二十樓,68,6800100,6800100-029,11鄰,大興西路,三段,,,,,226號二十樓,121.288395383389,25.0047029675631
桃園市桃園區中成里11鄰大興西路三段226號二十一樓,68,6800100,6800100-029,11鄰,大興西路,三段,,,,,226號二十一樓,121.288395383389,25.0047029675631
桃園市桃園區中成里11鄰大興西路三段226號二十二樓,68,6800100,6800100-029,11鄰,大興西路,三段,,,,,226號二十二樓,121.288395383389,25.0047029675631
桃園市桃園區中成里11鄰大興西路三段226號二十三樓,68,6800100,6800100-029,11鄰,大興西路,三段,,,,,226號二十三樓,121.288395383389,25.0047029675631
桃園市桃園區中成里11鄰大興西路三段227號十樓,68,6800100,6800100-029,11鄰,大興西路,三段,,,,,227號十樓,121.289526707923,25.0036144843357
桃園市桃園區中成里11鄰大興西路三段227號三樓,68,6800100,6800100-029,11鄰,大興西路,三段,,,,,227號三樓,121.289526707923,25.0036144843357
桃園市桃園區中成里11鄰大興西路三段227號四樓,68,6800100,6800100-029,11鄰,大興西路,三段,,,,,227號四樓,121.289526707923,25.0036144843357
桃園市桃園區中成里11鄰大興西路三段227號五樓,68,6800100,6800100-029,11鄰,大興西路,三段,,,,,227號五樓,121.289526707923,25.0036144843357
桃園市桃園區中成里11鄰大興西路三段227號六樓,68,6800100,6800100-029,11鄰,大興西路,三段,,,,,227號六樓,121.289526707923,25.0036144843357
桃園市桃園區中成里11鄰大興西路三段227號七樓,68,6800100,6800100-029,11鄰,大興西路,三段,,,,,227號七樓,121.289526707923,25.0036144843357
桃園市桃園區中成里11鄰大興西路三段227號八樓,68,6800100,6800100-029,11鄰,大興西路,三段,,,,,227號八樓,121.289526707923,25.0036144843357
桃園市桃園區中成里11鄰大興西路三段227號九樓,68,6800100,6800100-029,11鄰,大興西路,三段,,,,,227號九樓,121.289526707923,25.0036144843357
桃園市桃園區中成里11鄰大興西路三段227號十一樓,68,6800100,6800100-029,11鄰,大興西路,三段,,,,,227號十一樓,121.289526707923,25.0036144843357
桃園市桃園區中成里11鄰大興西路三段227號十二樓,68,6800100,6800100-029,11鄰,大興西路,三段,,,,,227號十二樓,121.289526707923,25.0036144843357
桃園市桃園區中成里11鄰大興西路三段227號十三樓,68,6800100,6800100-029,11鄰,大興西路,三段,,,,,227號十三樓,121.289526707923,25.0036144843357
桃園市桃園區中成里11鄰大興西路三段227號十四樓,68,6800100,6800100-029,11鄰,大興西路,三段,,,,,227號十四樓,121.289526707923,25.0036144843357
桃園市桃園區中成里11鄰大興西路三段227號十五樓,68,6800100,6800100-029,11鄰,大興西路,三段,,,,,227號十五樓,121.289526707923,25.0036144843357
桃園市桃園區中成里11鄰大興西路三段227號十六樓,68,6800100,6800100-029,11鄰,大興西路,三段,,,,,227號十六樓,121.289526707923,25.0036144843357
桃園市桃園區中成里11鄰大興西路三段227號十七樓,68,6800100,6800100-029,11鄰,大興西路,三段,,,,,227號十七樓,121.289526707923,25.0036144843357
桃園市桃園區中成里11鄰大興西路三段227號十八樓,68,6800100,6800100-029,11鄰,大興西路,三段,,,,,227號十八樓,121.289526707923,25.0036144843357
桃園市桃園區中成里11鄰大興西路三段227號十九樓,68,6800100,6800100-029,11鄰,大興西路,三段,,,,,227號十九樓,121.289526707923,25.0036144843357
桃園市桃園區中成里11鄰大興西路三段227號二十樓,68,6800100,6800100-029,11鄰,大興西路,三段,,,,,227號二十樓,121.289526707923,25.0036144843357
桃園市桃園區中成里11鄰大興西路三段227號二十一樓,68,6800100,6800100-029,11鄰,大興西路,三段,,,,,227號二十一樓,121.289526707923,25.0036144843357
桃園市桃園區中成里11鄰大興西路三段227號二十二樓,68,6800100,6800100-029,11鄰,大興西路,三段,,,,,227號二十二樓,121.289526707923,25.0036144843357
桃園市桃園區中成里11鄰大興西路三段227號二十三樓,68,6800100,6800100-029,11鄰,大興西路,三段,,,,,227號二十三樓,121.289526707923,25.0036144843357
桃園市桃園區中成里11鄰大興西路三段227號二十四樓,68,6800100,6800100-029,11鄰,大興西路,三段,,,,,227號二十四樓,121.289526707923,25.0036144843357
桃園市桃園區中成里11鄰大興西路三段227號二十五樓,68,6800100,6800100-029,11鄰,大興西路,三段,,,,,227號二十五樓,121.289526707923,25.0036144843357
桃園市桃園區中成里11鄰大興西路三段227號二十六樓,68,6800100,6800100-029,11鄰,大興西路,三段,,,,,227號二十六樓,121.289526707923,25.0036144843357
桃園市桃園區中成里11鄰大興西路三段227號二十七樓,68,6800100,6800100-029,11鄰,大興西路,三段,,,,,227號二十七樓,121.289526707923,25.0036144843357
桃園市桃園區中成里11鄰大興西路三段228號十樓,68,6800100,6800100-029,11鄰,大興西路,三段,,,,,228號十樓,121.288530550852,25.0048021973259
桃園市桃園區中成里11鄰大興西路三段228號三樓,68,6800100,6800100-029,11鄰,大興西路,三段,,,,,228號三樓,121.288530550852,25.0048021973259
桃園市桃園區中成里11鄰大興西路三段228號四樓,68,6800100,6800100-029,11鄰,大興西路,三段,,,,,228號四樓,121.288530550852,25.0048021973259
桃園市桃園區中成里11鄰大興西路三段228號五樓,68,6800100,6800100-029,11鄰,大興西路,三段,,,,,228號五樓,121.288530550852,25.0048021973259
桃園市桃園區中成里11鄰大興西路三段228號六樓,68,6800100,6800100-029,11鄰,大興西路,三段,,,,,228號六樓,121.288530550852,25.0048021973259
桃園市桃園區中成里11鄰大興西路三段228號七樓,68,6800100,6800100-029,11鄰,大興西路,三段,,,,,228號七樓,121.288530550852,25.0048021973259
桃園市桃園區中成里11鄰大興西路三段228號八樓,68,6800100,6800100-029,11鄰,大興西路,三段,,,,,228號八樓,121.288530550852,25.0048021973259
桃園市桃園區中成里11鄰大興西路三段228號九樓,68,6800100,6800100-029,11鄰,大興西路,三段,,,,,228號九樓,121.288530550852,25.0048021973259
桃園市桃園區中成里11鄰大興西路三段228號十一樓,68,6800100,6800100-029,11鄰,大興西路,三段,,,,,228號十一樓,121.288530550852,25.0048021973259
桃園市桃園區中成里11鄰大興西路三段228號十二樓,68,6800100,6800100-029,11鄰,大興西路,三段,,,,,228號十二樓,121.288530550852,25.0048021973259
桃園市桃園區中成里11鄰大興西路三段228號十三樓,68,6800100,6800100-029,11鄰,大興西路,三段,,,,,228號十三樓,121.288530550852,25.0048021973259
桃園市桃園區中成里11鄰大興西路三段228號十四樓,68,6800100,6800100-029,11鄰,大興西路,三段,,,,,228號十四樓,121.288530550852,25.0048021973259
桃園市桃園區中成里11鄰大興西路三段228號十五樓,68,6800100,6800100-029,11鄰,大興西路,三段,,,,,228號十五樓,121.288530550852,25.0048021973259
桃園市桃園區中成里11鄰大興西路三段228號十六樓,68,6800100,6800100-029,11鄰,大興西路,三段,,,,,228號十六樓,121.288530550852,25.0048021973259
桃園市桃園區中成里11鄰大興西路三段228號十七樓,68,6800100,6800100-029,11鄰,大興西路,三段,,,,,228號十七樓,121.288530550852,25.0048021973259
桃園市桃園區中成里11鄰大興西路三段228號十八樓,68,6800100,6800100-029,11鄰,大興西路,三段,,,,,228號十八樓,121.288530550852,25.0048021973259
桃園市桃園區中成里11鄰大興西路三段228號十九樓,68,6800100,6800100-029,11鄰,大興西路,三段,,,,,228號十九樓,121.288530550852,25.0048021973259
桃園市桃園區中成里11鄰大興西路三段228號二十樓,68,6800100,6800100-029,11鄰,大興西路,三段,,,,,228號二十樓,121.288530550852,25.0048021973259
桃園市桃園區中成里11鄰大興西路三段228號二十一樓,68,6800100,6800100-029,11鄰,大興西路,三段,,,,,228號二十一樓,121.288530550852,25.0048021973259
桃園市桃園區中成里11鄰大興西路三段228號二十二樓,68,6800100,6800100-029,11鄰,大興西路,三段,,,,,228號二十二樓,121.288530550852,25.0048021973259
桃園市桃園區中成里11鄰大興西路三段228號二十三樓,68,6800100,6800100-029,11鄰,大興西路,三段,,,,,228號二十三樓,121.288530550852,25.0048021973259
桃園市桃園區中成里11鄰大興西路三段228號二十四樓,68,6800100,6800100-029,11鄰,大興西路,三段,,,,,228號二十四樓,121.288530550852,25.0048021973259
桃園市桃園區中成里11鄰大興西路三段228號二十五樓,68,6800100,6800100-029,11鄰,大興西路,三段,,,,,228號二十五樓,121.288530550852,25.0048021973259
桃園市桃園區中成里11鄰大興西路三段228號二十六樓,68,6800100,6800100-029,11鄰,大興西路,三段,,,,,228號二十六樓,121.288530550852,25.0048021973259
桃園市桃園區中成里11鄰大興西路三段228號二十七樓,68,6800100,6800100-029,11鄰,大興西路,三段,,,,,228號二十七樓,121.288530550852,25.0048021973259
桃園市桃園區中成里11鄰大興西路三段228號二十八樓,68,6800100,6800100-029,11鄰,大興西路,三段,,,,,228號二十八樓,121.288530550852,25.0048021973259
桃園市桃園區中成里11鄰大興西路三段230號,68,6800100,6800100-029,11鄰,大興西路,三段,,,,,230號,121.288150065035,25.0039737755101
桃園市桃園區中成里11鄰大興西路三段255號,68,6800100,6800100-029,11鄰,大興西路,三段,,,,,255號,121.289074565215,25.0035369077475
桃園市桃園區中成里11鄰大興西路三段255號二樓,68,6800100,6800100-029,11鄰,大興西路,三段,,,,,255號二樓,121.289074565215,25.0035369077475
桃園市桃園區中成里11鄰大興西路三段256號十八樓,68,6800100,6800100-029,11鄰,大興西路,三段,,,,,256號十八樓,121.287891553468,25.0037462211052
桃園市桃園區中成里11鄰大興西路三段256號二十三樓,68,6800100,6800100-029,11鄰,大興西路,三段,,,,,256號二十三樓,121.287891553468,25.0037462211052
桃園市桃園區中成里11鄰大興西路三段256號二十樓,68,6800100,6800100-029,11鄰,大興西路,三段,,,,,256號二十樓,121.287891553468,25.0037462211052
桃園市桃園區中成里11鄰大興西路三段256號二十四樓,68,6800100,6800100-029,11鄰,大興西路,三段,,,,,256號二十四樓,121.287891553468,25.0037462211052
桃園市桃園區中成里11鄰大興西路三段256號四樓,68,6800100,6800100-029,11鄰,大興西路,三段,,,,,256號四樓,121.287891553468,25.0037462211052
桃園市桃園區中成里11鄰大興西路三段256號五樓,68,6800100,6800100-029,11鄰,大興西路,三段,,,,,256號五樓,121.287891553468,25.0037462211052
桃園市桃園區中成里11鄰大興西路三段256號六樓,68,6800100,6800100-029,11鄰,大興西路,三段,,,,,256號六樓,121.287891553468,25.0037462211052
桃園市桃園區中成里11鄰大興西路三段256號七樓,68,6800100,6800100-029,11鄰,大興西路,三段,,,,,256號七樓,121.287891553468,25.0037462211052
桃園市桃園區中成里11鄰大興西路三段256號八樓,68,6800100,6800100-029,11鄰,大興西路,三段,,,,,256號八樓,121.287891553468,25.0037462211052
桃園市桃園區中成里11鄰大興西路三段256號九樓,68,6800100,6800100-029,11鄰,大興西路,三段,,,,,256號九樓,121.287891553468,25.0037462211052
桃園市桃園區中成里11鄰大興西路三段256號十二樓,68,6800100,6800100-029,11鄰,大興西路,三段,,,,,256號十二樓,121.287891553468,25.0037462211052
桃園市桃園區中成里11鄰大興西路三段256號二十二樓,68,6800100,6800100-029,11鄰,大興西路,三段,,,,,256號二十二樓,121.287891553468,25.0037462211052
桃園市桃園區中成里11鄰大興西路三段256號十九樓,68,6800100,6800100-029,11鄰,大興西路,三段,,,,,256號十九樓,121.287891553468,25.0037462211052
桃園市桃園區中成里11鄰大興西路三段256號十四樓,68,6800100,6800100-029,11鄰,大興西路,三段,,,,,256號十四樓,121.287891553468,25.0037462211052
桃園市桃園區中成里11鄰大興西路三段256號十七樓,68,6800100,6800100-029,11鄰,大興西路,三段,,,,,256號十七樓,121.287891553468,25.0037462211052
桃園市桃園區中成里11鄰大興西路三段256號三樓,68,6800100,6800100-029,11鄰,大興西路,三段,,,,,256號三樓,121.287891553468,25.0037462211052
桃園市桃園區中成里11鄰大興西路三段256號十五樓,68,6800100,6800100-029,11鄰,大興西路,三段,,,,,256號十五樓,121.287891553468,25.0037462211052
桃園市桃園區中成里11鄰大興西路三段256號十六樓,68,6800100,6800100-029,11鄰,大興西路,三段,,,,,256號十六樓,121.287891553468,25.0037462211052
桃園市桃園區中成里11鄰大興西路三段256號二十一樓,68,6800100,6800100-029,11鄰,大興西路,三段,,,,,256號二十一樓,121.287891553468,25.0037462211052
桃園市桃園區中成里11鄰大興西路三段256號十三樓,68,6800100,6800100-029,11鄰,大興西路,三段,,,,,256號十三樓,121.287891553468,25.0037462211052
桃園市桃園區中成里11鄰大興西路三段256號二十五樓,68,6800100,6800100-029,11鄰,大興西路,三段,,,,,256號二十五樓,121.287891553468,25.0037462211052
桃園市桃園區中成里11鄰大興西路三段256號二十七樓,68,6800100,6800100-029,11鄰,大興西路,三段,,,,,256號二十七樓,121.287891553468,25.0037462211052
桃園市桃園區中成里11鄰大興西路三段256號二十六樓,68,6800100,6800100-029,11鄰,大興西路,三段,,,,,256號二十六樓,121.287891553468,25.0037462211052
桃園市桃園區中成里11鄰大興西路三段256號十樓,68,6800100,6800100-029,11鄰,大興西路,三段,,,,,256號十樓,121.287891553468,25.0037462211052
桃園市桃園區中成里11鄰大興西路三段256號十一樓,68,6800100,6800100-029,11鄰,大興西路,三段,,,,,256號十一樓,121.287891553468,25.0037462211052
桃園市桃園區中成里11鄰大興西路三段256號二十八樓,68,6800100,6800100-029,11鄰,大興西路,三段,,,,,256號二十八樓,121.287891553468,25.0037462211052
桃園市桃園區中成里11鄰大興西路三段257號,68,6800100,6800100-029,11鄰,大興西路,三段,,,,,257號,121.289024864866,25.0034664029876
桃園市桃園區中成里11鄰大興西路三段257號二樓,68,6800100,6800100-029,11鄰,大興西路,三段,,,,,257號二樓,121.289024864866,25.0034664029876
桃園市桃園區中成里11鄰大興西路三段258號,68,6800100,6800100-029,11鄰,大興西路,三段,,,,,258號,121.287781817438,25.0036334893623
桃園市桃園區中成里11鄰大興西路三段258號十八樓,68,6800100,6800100-029,11鄰,大興西路,三段,,,,,258號十八樓,121.287781817438,25.0036334893623
桃園市桃園區中成里11鄰大興西路三段258號五樓,68,6800100,6800100-029,11鄰,大興西路,三段,,,,,258號五樓,121.287781817438,25.0036334893623
桃園市桃園區中成里11鄰大興西路三段258號十七樓,68,6800100,6800100-029,11鄰,大興西路,三段,,,,,258號十七樓,121.287781817438,25.0036334893623
桃園市桃園區中成里11鄰大興西路三段258號二十八樓,68,6800100,6800100-029,11鄰,大興西路,三段,,,,,258號二十八樓,121.287781817438,25.0036334893623
桃園市桃園區中成里11鄰大興西路三段258號十六樓,68,6800100,6800100-029,11鄰,大興西路,三段,,,,,258號十六樓,121.287781817438,25.0036334893623
桃園市桃園區中成里11鄰大興西路三段258號二十一樓,68,6800100,6800100-029,11鄰,大興西路,三段,,,,,258號二十一樓,121.287781817438,25.0036334893623
桃園市桃園區中成里11鄰大興西路三段258號十五樓,68,6800100,6800100-029,11鄰,大興西路,三段,,,,,258號十五樓,121.287781817438,25.0036334893623
桃園市桃園區中成里11鄰大興西路三段258號四樓,68,6800100,6800100-029,11鄰,大興西路,三段,,,,,258號四樓,121.287781817438,25.0036334893623
桃園市桃園區中成里11鄰大興西路三段258號七樓,68,6800100,6800100-029,11鄰,大興西路,三段,,,,,258號七樓,121.287781817438,25.0036334893623
桃園市桃園區中成里11鄰大興西路三段258號十二樓,68,6800100,6800100-029,11鄰,大興西路,三段,,,,,258號十二樓,121.287781817438,25.0036334893623
桃園市桃園區中成里11鄰大興西路三段258號二十七樓,68,6800100,6800100-029,11鄰,大興西路,三段,,,,,258號二十七樓,121.287781817438,25.0036334893623
桃園市桃園區中成里11鄰大興西路三段258號二十五樓,68,6800100,6800100-029,11鄰,大興西路,三段,,,,,258號二十五樓,121.287781817438,25.0036334893623
桃園市桃園區中成里11鄰大興西路三段258號二十樓,68,6800100,6800100-029,11鄰,大興西路,三段,,,,,258號二十樓,121.287781817438,25.0036334893623
桃園市桃園區中成里11鄰大興西路三段258號十一樓,68,6800100,6800100-029,11鄰,大興西路,三段,,,,,258號十一樓,121.287781817438,25.0036334893623
桃園市桃園區中成里11鄰大興西路三段258號三樓,68,6800100,6800100-029,11鄰,大興西路,三段,,,,,258號三樓,121.287781817438,25.0036334893623
桃園市桃園區中成里11鄰大興西路三段258號六樓,68,6800100,6800100-029,11鄰,大興西路,三段,,,,,258號六樓,121.287781817438,25.0036334893623
桃園市桃園區中成里11鄰大興西路三段258號二十三樓,68,6800100,6800100-029,11鄰,大興西路,三段,,,,,258號二十三樓,121.287781817438,25.0036334893623
桃園市桃園區中成里11鄰大興西路三段258號二十二樓,68,6800100,6800100-029,11鄰,大興西路,三段,,,,,258號二十二樓,121.287781817438,25.0036334893623
桃園市桃園區中成里11鄰大興西路三段258號二十六樓,68,6800100,6800100-029,11鄰,大興西路,三段,,,,,258號二十六樓,121.287781817438,25.0036334893623
桃園市桃園區中成里11鄰大興西路三段258號十三樓,68,6800100,6800100-029,11鄰,大興西路,三段,,,,,258號十三樓,121.287781817438,25.0036334893623
桃園市桃園區中成里11鄰大興西路三段258號十九樓,68,6800100,6800100-029,11鄰,大興西路,三段,,,,,258號十九樓,121.287781817438,25.0036334893623
桃園市桃園區中成里11鄰大興西路三段258號八樓,68,6800100,6800100-029,11鄰,大興西路,三段,,,,,258號八樓,121.287781817438,25.0036334893623
桃園市桃園區中成里11鄰大興西路三段258號九樓,68,6800100,6800100-029,11鄰,大興西路,三段,,,,,258號九樓,121.287781817438,25.0036334893623
桃園市桃園區中成里11鄰大興西路三段258號十四樓,68,6800100,6800100-029,11鄰,大興西路,三段,,,,,258號十四樓,121.287781817438,25.0036334893623
桃園市桃園區中成里11鄰大興西路三段258號二十四樓,68,6800100,6800100-029,11鄰,大興西路,三段,,,,,258號二十四樓,121.287781817438,25.0036334893623
桃園市桃園區中成里11鄰大興西路三段258號十樓,68,6800100,6800100-029,11鄰,大興西路,三段,,,,,258號十樓,121.287781817438,25.0036334893623
桃園市桃園區中成里11鄰大興西路三段259號,68,6800100,6800100-029,11鄰,大興西路,三段,,,,,259號,121.289118798092,25.003218483773
桃園市桃園區中成里11鄰大興西路三段259號二樓,68,6800100,6800100-029,11鄰,大興西路,三段,,,,,259號二樓,121.289118798092,25.003218483773
桃園市桃園區中成里11鄰大興西路三段263號,68,6800100,6800100-029,11鄰,大興西路,三段,,,,,263號,121.288536775236,25.0031407065039
桃園市桃園區中成里11鄰大興西路三段265號,68,6800100,6800100-029,11鄰,大興西路,三段,,,,,265號,121.288496464676,25.0031030463762
桃園市桃園區中成里11鄰大興西路三段266號十一樓,68,6800100,6800100-029,11鄰,大興西路,三段,,,,,266號十一樓,121.287616034563,25.0034898085478
桃園市桃園區中成里11鄰大興西路三段266號五樓,68,6800100,6800100-029,11鄰,大興西路,三段,,,,,266號五樓,121.287616034563,25.0034898085478
桃園市桃園區中成里11鄰大興西路三段266號八樓,68,6800100,6800100-029,11鄰,大興西路,三段,,,,,266號八樓,121.287616034563,25.0034898085478
桃園市桃園區中成里11鄰大興西路三段266號三樓,68,6800100,6800100-029,11鄰,大興西路,三段,,,,,266號三樓,121.287616034563,25.0034898085478
桃園市桃園區中成里11鄰大興西路三段266號十九樓,68,6800100,6800100-029,11鄰,大興西路,三段,,,,,266號十九樓,121.287616034563,25.0034898085478
桃園市桃園區中成里11鄰大興西路三段266號四樓,68,6800100,6800100-029,11鄰,大興西路,三段,,,,,266號四樓,121.287616034563,25.0034898085478
桃園市桃園區中成里11鄰大興西路三段266號九樓,68,6800100,6800100-029,11鄰,大興西路,三段,,,,,266號九樓,121.287616034563,25.0034898085478
桃園市桃園區中成里11鄰大興西路三段266號二十樓,68,6800100,6800100-029,11鄰,大興西路,三段,,,,,266號二十樓,121.287616034563,25.0034898085478
桃園市桃園區中成里11鄰大興西路三段266號十樓,68,6800100,6800100-029,11鄰,大興西路,三段,,,,,266號十樓,121.287616034563,25.0034898085478
桃園市桃園區中成里11鄰大興西路三段266號二十五樓,68,6800100,6800100-029,11鄰,大興西路,三段,,,,,266號二十五樓,121.287616034563,25.0034898085478
桃園市桃園區中成里11鄰大興西路三段266號十七樓,68,6800100,6800100-029,11鄰,大興西路,三段,,,,,266號十七樓,121.287616034563,25.0034898085478
桃園市桃園區中成里11鄰大興西路三段266號二十七樓,68,6800100,6800100-029,11鄰,大興西路,三段,,,,,266號二十七樓,121.287616034563,25.0034898085478
桃園市桃園區中成里11鄰大興西路三段266號六樓,68,6800100,6800100-029,11鄰,大興西路,三段,,,,,266號六樓,121.287616034563,25.0034898085478
桃園市桃園區中成里11鄰大興西路三段266號十四樓,68,6800100,6800100-029,11鄰,大興西路,三段,,,,,266號十四樓,121.287616034563,25.0034898085478
桃園市桃園區中成里11鄰大興西路三段266號二十三樓,68,6800100,6800100-029,11鄰,大興西路,三段,,,,,266號二十三樓,121.287616034563,25.0034898085478
桃園市桃園區中成里11鄰大興西路三段266號二十二樓,68,6800100,6800100-029,11鄰,大興西路,三段,,,,,266號二十二樓,121.287616034563,25.0034898085478
桃園市桃園區中成里11鄰大興西路三段266號七樓,68,6800100,6800100-029,11鄰,大興西路,三段,,,,,266號七樓,121.287616034563,25.0034898085478
桃園市桃園區中成里11鄰大興西路三段266號二十一樓,68,6800100,6800100-029,11鄰,大興西路,三段,,,,,266號二十一樓,121.287616034563,25.0034898085478
桃園市桃園區中成里11鄰大興西路三段266號十六樓,68,6800100,6800100-029,11鄰,大興西路,三段,,,,,266號十六樓,121.287616034563,25.0034898085478
桃園市桃園區中成里11鄰大興西路三段266號二十八樓,68,6800100,6800100-029,11鄰,大興西路,三段,,,,,266號二十八樓,121.287616034563,25.0034898085478
桃園市桃園區中成里11鄰大興西路三段266號十三樓,68,6800100,6800100-029,11鄰,大興西路,三段,,,,,266號十三樓,121.287616034563,25.0034898085478
桃園市桃園區中成里11鄰大興西路三段266號十八樓,68,6800100,6800100-029,11鄰,大興西路,三段,,,,,266號十八樓,121.287616034563,25.0034898085478
桃園市桃園區中成里11鄰大興西路三段266號十二樓,68,6800100,6800100-029,11鄰,大興西路,三段,,,,,266號十二樓,121.287616034563,25.0034898085478
桃園市桃園區中成里11鄰大興西路三段266號十五樓,68,6800100,6800100-029,11鄰,大興西路,三段,,,,,266號十五樓,121.287616034563,25.0034898085478
桃園市桃園區中成里11鄰大興西路三段266號二十四樓,68,6800100,6800100-029,11鄰,大興西路,三段,,,,,266號二十四樓,121.287616034563,25.0034898085478
桃園市桃園區中成里11鄰大興西路三段266號二十六樓,68,6800100,6800100-029,11鄰,大興西路,三段,,,,,266號二十六樓,121.287616034563,25.0034898085478
桃園市桃園區中成里11鄰大興西路三段267號,68,6800100,6800100-029,11鄰,大興西路,三段,,,,,267號,121.288429006023,25.0030641749174
桃園市桃園區中成里11鄰大興西路三段268號三樓,68,6800100,6800100-029,11鄰,大興西路,三段,,,,,268號三樓,121.287477042414,25.00336386153
桃園市桃園區中成里11鄰大興西路三段268號十六樓,68,6800100,6800100-029,11鄰,大興西路,三段,,,,,268號十六樓,121.287477042414,25.00336386153
桃園市桃園區中成里11鄰大興西路三段268號二十五樓,68,6800100,6800100-029,11鄰,大興西路,三段,,,,,268號二十五樓,121.287477042414,25.00336386153
桃園市桃園區中成里11鄰大興西路三段268號二十六樓,68,6800100,6800100-029,11鄰,大興西路,三段,,,,,268號二十六樓,121.287477042414,25.00336386153
桃園市桃園區中成里11鄰大興西路三段268號二十樓,68,6800100,6800100-029,11鄰,大興西路,三段,,,,,268號二十樓,121.287477042414,25.00336386153
桃園市桃園區中成里11鄰大興西路三段268號十四樓,68,6800100,6800100-029,11鄰,大興西路,三段,,,,,268號十四樓,121.287477042414,25.00336386153
桃園市桃園區中成里11鄰大興西路三段268號六樓,68,6800100,6800100-029,11鄰,大興西路,三段,,,,,268號六樓,121.287477042414,25.00336386153
桃園市桃園區中成里11鄰大興西路三段268號十三樓,68,6800100,6800100-029,11鄰,大興西路,三段,,,,,268號十三樓,121.287477042414,25.00336386153
桃園市桃園區中成里11鄰大興西路三段268號十樓,68,6800100,6800100-029,11鄰,大興西路,三段,,,,,268號十樓,121.287477042414,25.00336386153
桃園市桃園區中成里11鄰大興西路三段268號八樓,68,6800100,6800100-029,11鄰,大興西路,三段,,,,,268號八樓,121.287477042414,25.00336386153
桃園市桃園區中成里11鄰大興西路三段268號九樓,68,6800100,6800100-029,11鄰,大興西路,三段,,,,,268號九樓,121.287477042414,25.00336386153
桃園市桃園區中成里11鄰大興西路三段268號二十二樓,68,6800100,6800100-029,11鄰,大興西路,三段,,,,,268號二十二樓,121.287477042414,25.00336386153
桃園市桃園區中成里11鄰大興西路三段268號十一樓,68,6800100,6800100-029,11鄰,大興西路,三段,,,,,268號十一樓,121.287477042414,25.00336386153
桃園市桃園區中成里11鄰大興西路三段268號二十一樓,68,6800100,6800100-029,11鄰,大興西路,三段,,,,,268號二十一樓,121.287477042414,25.00336386153
桃園市桃園區中成里11鄰大興西路三段268號二十四樓,68,6800100,6800100-029,11鄰,大興西路,三段,,,,,268號二十四樓,121.287477042414,25.00336386153
桃園市桃園區中成里11鄰大興西路三段268號五樓,68,6800100,6800100-029,11鄰,大興西路,三段,,,,,268號五樓,121.287477042414,25.00336386153
桃園市桃園區中成里11鄰大興西路三段268號十二樓,68,6800100,6800100-029,11鄰,大興西路,三段,,,,,268號十二樓,121.287477042414,25.00336386153
桃園市桃園區中成里11鄰大興西路三段268號十五樓,68,6800100,6800100-029,11鄰,大興西路,三段,,,,,268號十五樓,121.287477042414,25.00336386153
桃園市桃園區中成里11鄰大興西路三段268號二十八樓,68,6800100,6800100-029,11鄰,大興西路,三段,,,,,268號二十八樓,121.287477042414,25.00336386153
桃園市桃園區中成里11鄰大興西路三段268號二十七樓,68,6800100,6800100-029,11鄰,大興西路,三段,,,,,268號二十七樓,121.287477042414,25.00336386153
桃園市桃園區中成里11鄰大興西路三段268號十九樓,68,6800100,6800100-029,11鄰,大興西路,三段,,,,,268號十九樓,121.287477042414,25.00336386153
桃園市桃園區中成里11鄰大興西路三段268號七樓,68,6800100,6800100-029,11鄰,大興西路,三段,,,,,268號七樓,121.287477042414,25.00336386153
桃園市桃園區中成里11鄰大興西路三段268號十七樓,68,6800100,6800100-029,11鄰,大興西路,三段,,,,,268號十七樓,121.287477042414,25.00336386153
桃園市桃園區中成里11鄰大興西路三段268號十八樓,68,6800100,6800100-029,11鄰,大興西路,三段,,,,,268號十八樓,121.287477042414,25.00336386153
桃園市桃園區中成里11鄰大興西路三段268號四樓,68,6800100,6800100-029,11鄰,大興西路,三段,,,,,268號四樓,121.287477042414,25.00336386153
桃園市桃園區中成里11鄰大興西路三段268號二十三樓,68,6800100,6800100-029,11鄰,大興西路,三段,,,,,268號二十三樓,121.287477042414,25.00336386153
桃園市桃園區中成里11鄰大興西路三段269號,68,6800100,6800100-029,11鄰,大興西路,三段,,,,,269號,121.288368982081,25.0030271849589
桃園市桃園區中成里11鄰大興西路三段271號,68,6800100,6800100-029,11鄰,大興西路,三段,,,,,271號,121.2883052239,25.0029607699386
桃園市桃園區中成里11鄰大興西路三段273號,68,6800100,6800100-029,11鄰,大興西路,三段,,,,,273號,121.288213541019,25.0028574832295
桃園市桃園區中成里11鄰大興西路三段275號,68,6800100,6800100-029,11鄰,大興西路,三段,,,,,275號,121.288150498188,25.0028003659088
桃園市桃園區中成里11鄰大興西路三段277號,68,6800100,6800100-029,11鄰,大興西路,三段,,,,,277號,121.288086142034,25.0027323268543
桃園市桃園區中成里5鄰大興西路三段340號,68,6800100,6800100-029,5鄰,大興西路,三段,,,,,340號,121.286030709625,25.0018233509674
桃園市桃園區中成里5鄰大興西路三段380巷136號,68,6800100,6800100-029,5鄰,大興西路,三段,380巷,,,,136號,121.283817805635,25.0023450921629
桃園市桃園區中成里5鄰大興西路三段380巷138號,68,6800100,6800100-029,5鄰,大興西路,三段,380巷,,,,138號,121.283814974596,25.0024064900597
桃園市桃園區中成里5鄰大興西路三段380巷138之1號,68,6800100,6800100-029,5鄰,大興西路,三段,380巷,,,,138之1號,121.283754144158,25.0027940108008
桃園市桃園區中成里5鄰大興西路三段380巷355號,68,6800100,6800100-029,5鄰,大興西路,三段,380巷,,,,355號,121.28237970857,25.005985965806
桃園市桃園區中成里5鄰大興西路三段380巷358之2號,68,6800100,6800100-029,5鄰,大興西路,三段,380巷,,,,358之2號,121.282475210118,25.0064171568387
桃園市桃園區中成里5鄰大興西路三段380巷358之1號,68,6800100,6800100-029,5鄰,大興西路,三段,380巷,,,,358之1號,121.282554748512,25.0062363493976
桃園市桃園區中成里5鄰大興西路三段380巷358號,68,6800100,6800100-029,5鄰,大興西路,三段,380巷,,,,358號,121.28268749869,25.0061464460939
桃園市桃園區南埔里8鄰大興西路三段81號,68,6800100,6800100-067,8鄰,大興西路,三段,,,,,81號,121.291593820076,25.005670614598
桃園市桃園區南埔里8鄰大興西路三段81號十樓,68,6800100,6800100-067,8鄰,大興西路,三段,,,,,81號十樓,121.291593820076,25.005670614598
桃園市桃園區南埔里8鄰大興西路三段81號三樓,68,6800100,6800100-067,8鄰,大興西路,三段,,,,,81號三樓,121.291593820076,25.005670614598
桃園市桃園區南埔里8鄰大興西路三段81號四樓,68,6800100,6800100-067,8鄰,大興西路,三段,,,,,81號四樓,121.291593820076,25.005670614598
桃園市桃園區南埔里8鄰大興西路三段81號五樓,68,6800100,6800100-067,8鄰,大興西路,三段,,,,,81號五樓,121.291593820076,25.005670614598
桃園市桃園區南埔里8鄰大興西路三段81號六樓,68,6800100,6800100-067,8鄰,大興西路,三段,,,,,81號六樓,121.291593820076,25.005670614598
桃園市桃園區南埔里8鄰大興西路三段81號七樓,68,6800100,6800100-067,8鄰,大興西路,三段,,,,,81號七樓,121.291593820076,25.005670614598
桃園市桃園區南埔里8鄰大興西路三段81號八樓,68,6800100,6800100-067,8鄰,大興西路,三段,,,,,81號八樓,121.291593820076,25.005670614598
桃園市桃園區南埔里8鄰大興西路三段81號九樓,68,6800100,6800100-067,8鄰,大興西路,三段,,,,,81號九樓,121.291593820076,25.005670614598
桃園市桃園區南埔里8鄰大興西路三段81號十一樓,68,6800100,6800100-067,8鄰,大興西路,三段,,,,,81號十一樓,121.291593820076,25.005670614598
桃園市桃園區南埔里8鄰大興西路三段81號十二樓,68,6800100,6800100-067,8鄰,大興西路,三段,,,,,81號十二樓,121.291593820076,25.005670614598
桃園市桃園區南埔里8鄰大興西路三段81號十三樓,68,6800100,6800100-067,8鄰,大興西路,三段,,,,,81號十三樓,121.291593820076,25.005670614598
桃園市桃園區南埔里8鄰大興西路三段81號十四樓,68,6800100,6800100-067,8鄰,大興西路,三段,,,,,81號十四樓,121.291593820076,25.005670614598
桃園市桃園區南埔里8鄰大興西路三段81號十五樓,68,6800100,6800100-067,8鄰,大興西路,三段,,,,,81號十五樓,121.291593820076,25.005670614598
桃園市桃園區南埔里8鄰大興西路三段81號十六樓,68,6800100,6800100-067,8鄰,大興西路,三段,,,,,81號十六樓,121.291593820076,25.005670614598
桃園市桃園區南埔里8鄰大興西路三段81號十七樓,68,6800100,6800100-067,8鄰,大興西路,三段,,,,,81號十七樓,121.291593820076,25.005670614598
桃園市桃園區南埔里8鄰大興西路三段81號十八樓,68,6800100,6800100-067,8鄰,大興西路,三段,,,,,81號十八樓,121.291593820076,25.005670614598
桃園市桃園區南埔里8鄰大興西路三段81號十九樓,68,6800100,6800100-067,8鄰,大興西路,三段,,,,,81號十九樓,121.291593820076,25.005670614598
桃園市桃園區南埔里8鄰大興西路三段81號二十樓,68,6800100,6800100-067,8鄰,大興西路,三段,,,,,81號二十樓,121.291593820076,25.005670614598
桃園市桃園區南埔里8鄰大興西路三段81號二十一樓,68,6800100,6800100-067,8鄰,大興西路,三段,,,,,81號二十一樓,121.291593820076,25.005670614598
桃園市桃園區南埔里8鄰大興西路三段81號二十二樓,68,6800100,6800100-067,8鄰,大興西路,三段,,,,,81號二十二樓,121.291593820076,25.005670614598
桃園市桃園區南埔里8鄰大興西路三段83號,68,6800100,6800100-067,8鄰,大興西路,三段,,,,,83號,121.291534768664,25.0056268528138
桃園市桃園區南埔里8鄰大興西路三段83號十樓,68,6800100,6800100-067,8鄰,大興西路,三段,,,,,83號十樓,121.291534768664,25.0056268528138
桃園市桃園區南埔里8鄰大興西路三段83號三樓,68,6800100,6800100-067,8鄰,大興西路,三段,,,,,83號三樓,121.291534768664,25.0056268528138
桃園市桃園區南埔里8鄰大興西路三段83號四樓,68,6800100,6800100-067,8鄰,大興西路,三段,,,,,83號四樓,121.291534768664,25.0056268528138
桃園市桃園區南埔里8鄰大興西路三段83號五樓,68,6800100,6800100-067,8鄰,大興西路,三段,,,,,83號五樓,121.291534768664,25.0056268528138
桃園市桃園區南埔里8鄰大興西路三段83號六樓,68,6800100,6800100-067,8鄰,大興西路,三段,,,,,83號六樓,121.291534768664,25.0056268528138
桃園市桃園區南埔里8鄰大興西路三段83號七樓,68,6800100,6800100-067,8鄰,大興西路,三段,,,,,83號七樓,121.291534768664,25.0056268528138
桃園市桃園區南埔里8鄰大興西路三段83號八樓,68,6800100,6800100-067,8鄰,大興西路,三段,,,,,83號八樓,121.291534768664,25.0056268528138
桃園市桃園區南埔里8鄰大興西路三段83號九樓,68,6800100,6800100-067,8鄰,大興西路,三段,,,,,83號九樓,121.291534768664,25.0056268528138
桃園市桃園區南埔里8鄰大興西路三段83號十一樓,68,6800100,6800100-067,8鄰,大興西路,三段,,,,,83號十一樓,121.291534768664,25.0056268528138
桃園市桃園區南埔里8鄰大興西路三段83號十二樓,68,6800100,6800100-067,8鄰,大興西路,三段,,,,,83號十二樓,121.291534768664,25.0056268528138
桃園市桃園區南埔里8鄰大興西路三段83號十三樓,68,6800100,6800100-067,8鄰,大興西路,三段,,,,,83號十三樓,121.291534768664,25.0056268528138
桃園市桃園區南埔里8鄰大興西路三段83號十四樓,68,6800100,6800100-067,8鄰,大興西路,三段,,,,,83號十四樓,121.291534768664,25.0056268528138
桃園市桃園區南埔里8鄰大興西路三段83號十五樓,68,6800100,6800100-067,8鄰,大興西路,三段,,,,,83號十五樓,121.291534768664,25.0056268528138
桃園市桃園區南埔里8鄰大興西路三段83號十六樓,68,6800100,6800100-067,8鄰,大興西路,三段,,,,,83號十六樓,121.291534768664,25.0056268528138
桃園市桃園區南埔里8鄰大興西路三段83號十七樓,68,6800100,6800100-067,8鄰,大興西路,三段,,,,,83號十七樓,121.291534768664,25.0056268528138
桃園市桃園區南埔里8鄰大興西路三段83號十八樓,68,6800100,6800100-067,8鄰,大興西路,三段,,,,,83號十八樓,121.291534768664,25.0056268528138
桃園市桃園區南埔里8鄰大興西路三段83號十九樓,68,6800100,6800100-067,8鄰,大興西路,三段,,,,,83號十九樓,121.291534768664,25.0056268528138
桃園市桃園區南埔里8鄰大興西路三段83號二十樓,68,6800100,6800100-067,8鄰,大興西路,三段,,,,,83號二十樓,121.291534768664,25.0056268528138
桃園市桃園區南埔里8鄰大興西路三段83號二十一樓,68,6800100,6800100-067,8鄰,大興西路,三段,,,,,83號二十一樓,121.291534768664,25.0056268528138
桃園市桃園區南埔里8鄰大興西路三段83號二十二樓,68,6800100,6800100-067,8鄰,大興西路,三段,,,,,83號二十二樓,121.291534768664,25.0056268528138
桃園市桃園區南埔里8鄰大興西路三段85號十樓,68,6800100,6800100-067,8鄰,大興西路,三段,,,,,85號十樓,121.291686319309,25.0055721150414
桃園市桃園區南埔里8鄰大興西路三段85號三樓,68,6800100,6800100-067,8鄰,大興西路,三段,,,,,85號三樓,121.291686319309,25.0055721150414
桃園市桃園區南埔里8鄰大興西路三段85號四樓,68,6800100,6800100-067,8鄰,大興西路,三段,,,,,85號四樓,121.291686319309,25.0055721150414
桃園市桃園區南埔里8鄰大興西路三段85號五樓,68,6800100,6800100-067,8鄰,大興西路,三段,,,,,85號五樓,121.291686319309,25.0055721150414
桃園市桃園區南埔里8鄰大興西路三段85號六樓,68,6800100,6800100-067,8鄰,大興西路,三段,,,,,85號六樓,121.291686319309,25.0055721150414
桃園市桃園區南埔里8鄰大興西路三段85號七樓,68,6800100,6800100-067,8鄰,大興西路,三段,,,,,85號七樓,121.291686319309,25.0055721150414
桃園市桃園區南埔里8鄰大興西路三段85號八樓,68,6800100,6800100-067,8鄰,大興西路,三段,,,,,85號八樓,121.291686319309,25.0055721150414
桃園市桃園區南埔里8鄰大興西路三段85號九樓,68,6800100,6800100-067,8鄰,大興西路,三段,,,,,85號九樓,121.291686319309,25.0055721150414
桃園市桃園區南埔里8鄰大興西路三段85號十一樓,68,6800100,6800100-067,8鄰,大興西路,三段,,,,,85號十一樓,121.291686319309,25.0055721150414
桃園市桃園區南埔里8鄰大興西路三段85號十二樓,68,6800100,6800100-067,8鄰,大興西路,三段,,,,,85號十二樓,121.291686319309,25.0055721150414
桃園市桃園區南埔里8鄰大興西路三段85號十三樓,68,6800100,6800100-067,8鄰,大興西路,三段,,,,,85號十三樓,121.291686319309,25.0055721150414
桃園市桃園區南埔里8鄰大興西路三段85號十四樓,68,6800100,6800100-067,8鄰,大興西路,三段,,,,,85號十四樓,121.291686319309,25.0055721150414
桃園市桃園區南埔里8鄰大興西路三段85號十五樓,68,6800100,6800100-067,8鄰,大興西路,三段,,,,,85號十五樓,121.291686319309,25.0055721150414
桃園市桃園區南埔里8鄰大興西路三段85號十六樓,68,6800100,6800100-067,8鄰,大興西路,三段,,,,,85號十六樓,121.291686319309,25.0055721150414
桃園市桃園區南埔里8鄰大興西路三段85號十七樓,68,6800100,6800100-067,8鄰,大興西路,三段,,,,,85號十七樓,121.291686319309,25.0055721150414
桃園市桃園區南埔里8鄰大興西路三段85號十八樓,68,6800100,6800100-067,8鄰,大興西路,三段,,,,,85號十八樓,121.291686319309,25.0055721150414
桃園市桃園區南埔里8鄰大興西路三段85號十九樓,68,6800100,6800100-067,8鄰,大興西路,三段,,,,,85號十九樓,121.291686319309,25.0055721150414
桃園市桃園區南埔里8鄰大興西路三段85號二十樓,68,6800100,6800100-067,8鄰,大興西路,三段,,,,,85號二十樓,121.291686319309,25.0055721150414
桃園市桃園區南埔里8鄰大興西路三段85號二十一樓,68,6800100,6800100-067,8鄰,大興西路,三段,,,,,85號二十一樓,121.291686319309,25.0055721150414
桃園市桃園區南埔里8鄰大興西路三段85號二十二樓,68,6800100,6800100-067,8鄰,大興西路,三段,,,,,85號二十二樓,121.291686319309,25.0055721150414
桃園市桃園區南埔里8鄰大興西路三段89號,68,6800100,6800100-067,8鄰,大興西路,三段,,,,,89號,121.291470451994,25.0055769620792
桃園市桃園區南埔里8鄰大興西路三段89號十樓,68,6800100,6800100-067,8鄰,大興西路,三段,,,,,89號十樓,121.291470451994,25.0055769620792
桃園市桃園區南埔里8鄰大興西路三段89號三樓,68,6800100,6800100-067,8鄰,大興西路,三段,,,,,89號三樓,121.291470451994,25.0055769620792
桃園市桃園區南埔里8鄰大興西路三段89號四樓,68,6800100,6800100-067,8鄰,大興西路,三段,,,,,89號四樓,121.291470451994,25.0055769620792
桃園市桃園區南埔里8鄰大興西路三段89號五樓,68,6800100,6800100-067,8鄰,大興西路,三段,,,,,89號五樓,121.291470451994,25.0055769620792
桃園市桃園區南埔里8鄰大興西路三段89號六樓,68,6800100,6800100-067,8鄰,大興西路,三段,,,,,89號六樓,121.291470451994,25.0055769620792
桃園市桃園區南埔里8鄰大興西路三段89號七樓,68,6800100,6800100-067,8鄰,大興西路,三段,,,,,89號七樓,121.291470451994,25.0055769620792
桃園市桃園區南埔里8鄰大興西路三段89號八樓,68,6800100,6800100-067,8鄰,大興西路,三段,,,,,89號八樓,121.291470451994,25.0055769620792
桃園市桃園區南埔里8鄰大興西路三段89號九樓,68,6800100,6800100-067,8鄰,大興西路,三段,,,,,89號九樓,121.291470451994,25.0055769620792
桃園市桃園區南埔里8鄰大興西路三段89號十一樓,68,6800100,6800100-067,8鄰,大興西路,三段,,,,,89號十一樓,121.291470451994,25.0055769620792
桃園市桃園區南埔里8鄰大興西路三段89號十二樓,68,6800100,6800100-067,8鄰,大興西路,三段,,,,,89號十二樓,121.291470451994,25.0055769620792
桃園市桃園區南埔里8鄰大興西路三段89號十三樓,68,6800100,6800100-067,8鄰,大興西路,三段,,,,,89號十三樓,121.291470451994,25.0055769620792
桃園市桃園區南埔里8鄰大興西路三段89號十四樓,68,6800100,6800100-067,8鄰,大興西路,三段,,,,,89號十四樓,121.291470451994,25.0055769620792
桃園市桃園區南埔里8鄰大興西路三段89號十五樓,68,6800100,6800100-067,8鄰,大興西路,三段,,,,,89號十五樓,121.291470451994,25.0055769620792
桃園市桃園區南埔里8鄰大興西路三段89號十六樓,68,6800100,6800100-067,8鄰,大興西路,三段,,,,,89號十六樓,121.291470451994,25.0055769620792
桃園市桃園區南埔里8鄰大興西路三段89號十七樓,68,6800100,6800100-067,8鄰,大興西路,三段,,,,,89號十七樓,121.291470451994,25.0055769620792
桃園市桃園區南埔里8鄰大興西路三段89號十八樓,68,6800100,6800100-067,8鄰,大興西路,三段,,,,,89號十八樓,121.291470451994,25.0055769620792
桃園市桃園區南埔里8鄰大興西路三段89號十九樓,68,6800100,6800100-067,8鄰,大興西路,三段,,,,,89號十九樓,121.291470451994,25.0055769620792
桃園市桃園區南埔里8鄰大興西路三段89號二十樓,68,6800100,6800100-067,8鄰,大興西路,三段,,,,,89號二十樓,121.291470451994,25.0055769620792
桃園市桃園區南埔里8鄰大興西路三段89號二十一樓,68,6800100,6800100-067,8鄰,大興西路,三段,,,,,89號二十一樓,121.291470451994,25.0055769620792
桃園市桃園區南埔里8鄰大興西路三段89號二十二樓,68,6800100,6800100-067,8鄰,大興西路,三段,,,,,89號二十二樓,121.291470451994,25.0055769620792
桃園市桃園區南埔里8鄰大興西路三段91號,68,6800100,6800100-067,8鄰,大興西路,三段,,,,,91號,121.291412694356,25.0055356353512
桃園市桃園區南埔里8鄰大興西路三段91號十樓,68,6800100,6800100-067,8鄰,大興西路,三段,,,,,91號十樓,121.291412694356,25.0055356353512
桃園市桃園區南埔里8鄰大興西路三段91號三樓,68,6800100,6800100-067,8鄰,大興西路,三段,,,,,91號三樓,121.291412694356,25.0055356353512
桃園市桃園區南埔里8鄰大興西路三段91號四樓,68,6800100,6800100-067,8鄰,大興西路,三段,,,,,91號四樓,121.291412694356,25.0055356353512
桃園市桃園區南埔里8鄰大興西路三段91號五樓,68,6800100,6800100-067,8鄰,大興西路,三段,,,,,91號五樓,121.291412694356,25.0055356353512
桃園市桃園區南埔里8鄰大興西路三段91號六樓,68,6800100,6800100-067,8鄰,大興西路,三段,,,,,91號六樓,121.291412694356,25.0055356353512
桃園市桃園區南埔里8鄰大興西路三段91號七樓,68,6800100,6800100-067,8鄰,大興西路,三段,,,,,91號七樓,121.291412694356,25.0055356353512
桃園市桃園區南埔里8鄰大興西路三段91號八樓,68,6800100,6800100-067,8鄰,大興西路,三段,,,,,91號八樓,121.291412694356,25.0055356353512
桃園市桃園區南埔里8鄰大興西路三段91號九樓,68,6800100,6800100-067,8鄰,大興西路,三段,,,,,91號九樓,121.291412694356,25.0055356353512
桃園市桃園區南埔里8鄰大興西路三段91號十一樓,68,6800100,6800100-067,8鄰,大興西路,三段,,,,,91號十一樓,121.291412694356,25.0055356353512
桃園市桃園區南埔里8鄰大興西路三段91號十二樓,68,6800100,6800100-067,8鄰,大興西路,三段,,,,,91號十二樓,121.291412694356,25.0055356353512
桃園市桃園區南埔里8鄰大興西路三段91號十三樓,68,6800100,6800100-067,8鄰,大興西路,三段,,,,,91號十三樓,121.291412694356,25.0055356353512
桃園市桃園區南埔里8鄰大興西路三段91號十四樓,68,6800100,6800100-067,8鄰,大興西路,三段,,,,,91號十四樓,121.291412694356,25.0055356353512
桃園市桃園區南埔里8鄰大興西路三段91號十五樓,68,6800100,6800100-067,8鄰,大興西路,三段,,,,,91號十五樓,121.291412694356,25.0055356353512
桃園市桃園區南埔里8鄰大興西路三段91號十六樓,68,6800100,6800100-067,8鄰,大興西路,三段,,,,,91號十六樓,121.291412694356,25.0055356353512
桃園市桃園區南埔里8鄰大興西路三段91號十七樓,68,6800100,6800100-067,8鄰,大興西路,三段,,,,,91號十七樓,121.291412694356,25.0055356353512
桃園市桃園區南埔里8鄰大興西路三段91號十八樓,68,6800100,6800100-067,8鄰,大興西路,三段,,,,,91號十八樓,121.291412694356,25.0055356353512
桃園市桃園區南埔里8鄰大興西路三段91號十九樓,68,6800100,6800100-067,8鄰,大興西路,三段,,,,,91號十九樓,121.291412694356,25.0055356353512
桃園市桃園區南埔里8鄰大興西路三段91號二十樓,68,6800100,6800100-067,8鄰,大興西路,三段,,,,,91號二十樓,121.291412694356,25.0055356353512
桃園市桃園區南埔里8鄰大興西路三段91號二十一樓,68,6800100,6800100-067,8鄰,大興西路,三段,,,,,91號二十一樓,121.291412694356,25.0055356353512
桃園市桃園區南埔里8鄰大興西路三段91號二十二樓,68,6800100,6800100-067,8鄰,大興西路,三段,,,,,91號二十二樓,121.291412694356,25.0055356353512
桃園市桃園區南埔里8鄰大興西路三段93號十樓,68,6800100,6800100-067,8鄰,大興西路,三段,,,,,93號十樓,121.291564298411,25.0054615770354
桃園市桃園區南埔里8鄰大興西路三段93號三樓,68,6800100,6800100-067,8鄰,大興西路,三段,,,,,93號三樓,121.291564298411,25.0054615770354
桃園市桃園區南埔里8鄰大興西路三段93號四樓,68,6800100,6800100-067,8鄰,大興西路,三段,,,,,93號四樓,121.291564298411,25.0054615770354
桃園市桃園區南埔里8鄰大興西路三段93號五樓,68,6800100,6800100-067,8鄰,大興西路,三段,,,,,93號五樓,121.291564298411,25.0054615770354
桃園市桃園區南埔里8鄰大興西路三段93號六樓,68,6800100,6800100-067,8鄰,大興西路,三段,,,,,93號六樓,121.291564298411,25.0054615770354
桃園市桃園區南埔里8鄰大興西路三段93號七樓,68,6800100,6800100-067,8鄰,大興西路,三段,,,,,93號七樓,121.291564298411,25.0054615770354
桃園市桃園區南埔里8鄰大興西路三段93號八樓,68,6800100,6800100-067,8鄰,大興西路,三段,,,,,93號八樓,121.291564298411,25.0054615770354
桃園市桃園區南埔里8鄰大興西路三段93號九樓,68,6800100,6800100-067,8鄰,大興西路,三段,,,,,93號九樓,121.291564298411,25.0054615770354
桃園市桃園區南埔里8鄰大興西路三段93號十一樓,68,6800100,6800100-067,8鄰,大興西路,三段,,,,,93號十一樓,121.291564298411,25.0054615770354
桃園市桃園區南埔里8鄰大興西路三段93號十二樓,68,6800100,6800100-067,8鄰,大興西路,三段,,,,,93號十二樓,121.291564298411,25.0054615770354
桃園市桃園區南埔里8鄰大興西路三段93號十三樓,68,6800100,6800100-067,8鄰,大興西路,三段,,,,,93號十三樓,121.291564298411,25.0054615770354
桃園市桃園區南埔里8鄰大興西路三段93號十四樓,68,6800100,6800100-067,8鄰,大興西路,三段,,,,,93號十四樓,121.291564298411,25.0054615770354
桃園市桃園區南埔里8鄰大興西路三段93號十五樓,68,6800100,6800100-067,8鄰,大興西路,三段,,,,,93號十五樓,121.291564298411,25.0054615770354
桃園市桃園區南埔里8鄰大興西路三段93號十六樓,68,6800100,6800100-067,8鄰,大興西路,三段,,,,,93號十六樓,121.291564298411,25.0054615770354
桃園市桃園區南埔里8鄰大興西路三段93號十七樓,68,6800100,6800100-067,8鄰,大興西路,三段,,,,,93號十七樓,121.291564298411,25.0054615770354
桃園市桃園區南埔里8鄰大興西路三段93號十八樓,68,6800100,6800100-067,8鄰,大興西路,三段,,,,,93號十八樓,121.291564298411,25.0054615770354
桃園市桃園區南埔里8鄰大興西路三段93號十九樓,68,6800100,6800100-067,8鄰,大興西路,三段,,,,,93號十九樓,121.291564298411,25.0054615770354
桃園市桃園區南埔里8鄰大興西路三段93號二十樓,68,6800100,6800100-067,8鄰,大興西路,三段,,,,,93號二十樓,121.291564298411,25.0054615770354
桃園市桃園區南埔里8鄰大興西路三段93號二十一樓,68,6800100,6800100-067,8鄰,大興西路,三段,,,,,93號二十一樓,121.291564298411,25.0054615770354
桃園市桃園區南埔里8鄰大興西路三段93號二十二樓,68,6800100,6800100-067,8鄰,大興西路,三段,,,,,93號二十二樓,121.291564298411,25.0054615770354
桃園市桃園區南埔里8鄰大興西路三段95號十樓,68,6800100,6800100-067,8鄰,大興西路,三段,,,,,95號十樓,121.291620590022,25.0055113931815
桃園市桃園區南埔里8鄰大興西路三段95號三樓,68,6800100,6800100-067,8鄰,大興西路,三段,,,,,95號三樓,121.291620590022,25.0055113931815
桃園市桃園區南埔里8鄰大興西路三段95號四樓,68,6800100,6800100-067,8鄰,大興西路,三段,,,,,95號四樓,121.291620590022,25.0055113931815
桃園市桃園區南埔里8鄰大興西路三段95號五樓,68,6800100,6800100-067,8鄰,大興西路,三段,,,,,95號五樓,121.291620590022,25.0055113931815
桃園市桃園區南埔里8鄰大興西路三段95號六樓,68,6800100,6800100-067,8鄰,大興西路,三段,,,,,95號六樓,121.291620590022,25.0055113931815
桃園市桃園區南埔里8鄰大興西路三段95號七樓,68,6800100,6800100-067,8鄰,大興西路,三段,,,,,95號七樓,121.291620590022,25.0055113931815
桃園市桃園區南埔里8鄰大興西路三段95號八樓,68,6800100,6800100-067,8鄰,大興西路,三段,,,,,95號八樓,121.291620590022,25.0055113931815
桃園市桃園區南埔里8鄰大興西路三段95號九樓,68,6800100,6800100-067,8鄰,大興西路,三段,,,,,95號九樓,121.291620590022,25.0055113931815
桃園市桃園區南埔里8鄰大興西路三段95號十一樓,68,6800100,6800100-067,8鄰,大興西路,三段,,,,,95號十一樓,121.291620590022,25.0055113931815
桃園市桃園區南埔里8鄰大興西路三段95號十二樓,68,6800100,6800100-067,8鄰,大興西路,三段,,,,,95號十二樓,121.291620590022,25.0055113931815
桃園市桃園區南埔里8鄰大興西路三段95號十三樓,68,6800100,6800100-067,8鄰,大興西路,三段,,,,,95號十三樓,121.291620590022,25.0055113931815
桃園市桃園區南埔里8鄰大興西路三段95號十四樓,68,6800100,6800100-067,8鄰,大興西路,三段,,,,,95號十四樓,121.291620590022,25.0055113931815
桃園市桃園區南埔里8鄰大興西路三段95號十五樓,68,6800100,6800100-067,8鄰,大興西路,三段,,,,,95號十五樓,121.291620590022,25.0055113931815
桃園市桃園區南埔里8鄰大興西路三段95號十六樓,68,6800100,6800100-067,8鄰,大興西路,三段,,,,,95號十六樓,121.291620590022,25.0055113931815
桃園市桃園區南埔里8鄰大興西路三段95號十七樓,68,6800100,6800100-067,8鄰,大興西路,三段,,,,,95號十七樓,121.291620590022,25.0055113931815
桃園市桃園區南埔里8鄰大興西路三段95號十八樓,68,6800100,6800100-067,8鄰,大興西路,三段,,,,,95號十八樓,121.291620590022,25.0055113931815
桃園市桃園區南埔里8鄰大興西路三段95號十九樓,68,6800100,6800100-067,8鄰,大興西路,三段,,,,,95號十九樓,121.291620590022,25.0055113931815
桃園市桃園區南埔里8鄰大興西路三段95號二十樓,68,6800100,6800100-067,8鄰,大興西路,三段,,,,,95號二十樓,121.291620590022,25.0055113931815
桃園市桃園區南埔里8鄰大興西路三段95號二十一樓,68,6800100,6800100-067,8鄰,大興西路,三段,,,,,95號二十一樓,121.291620590022,25.0055113931815
桃園市桃園區南埔里8鄰大興西路三段95號二十二樓,68,6800100,6800100-067,8鄰,大興西路,三段,,,,,95號二十二樓,121.291620590022,25.0055113931815
桃園市桃園區南埔里8鄰大興西路三段101號十樓,68,6800100,6800100-067,8鄰,大興西路,三段,,,,,101號十樓,121.290843021429,25.0049016093878
桃園市桃園區南埔里8鄰大興西路三段101號四樓,68,6800100,6800100-067,8鄰,大興西路,三段,,,,,101號四樓,121.290843021429,25.0049016093878
桃園市桃園區南埔里8鄰大興西路三段101號五樓,68,6800100,6800100-067,8鄰,大興西路,三段,,,,,101號五樓,121.290843021429,25.0049016093878
桃園市桃園區南埔里8鄰大興西路三段101號六樓,68,6800100,6800100-067,8鄰,大興西路,三段,,,,,101號六樓,121.290843021429,25.0049016093878
桃園市桃園區南埔里8鄰大興西路三段101號七樓,68,6800100,6800100-067,8鄰,大興西路,三段,,,,,101號七樓,121.290843021429,25.0049016093878
桃園市桃園區南埔里8鄰大興西路三段101號八樓,68,6800100,6800100-067,8鄰,大興西路,三段,,,,,101號八樓,121.290843021429,25.0049016093878
桃園市桃園區南埔里8鄰大興西路三段101號九樓,68,6800100,6800100-067,8鄰,大興西路,三段,,,,,101號九樓,121.290843021429,25.0049016093878
桃園市桃園區南埔里8鄰大興西路三段101號十一樓,68,6800100,6800100-067,8鄰,大興西路,三段,,,,,101號十一樓,121.290843021429,25.0049016093878
桃園市桃園區南埔里8鄰大興西路三段101號十二樓,68,6800100,6800100-067,8鄰,大興西路,三段,,,,,101號十二樓,121.290843021429,25.0049016093878
桃園市桃園區南埔里8鄰大興西路三段101號十三樓,68,6800100,6800100-067,8鄰,大興西路,三段,,,,,101號十三樓,121.290843021429,25.0049016093878
桃園市桃園區南埔里8鄰大興西路三段101號十四樓,68,6800100,6800100-067,8鄰,大興西路,三段,,,,,101號十四樓,121.290843021429,25.0049016093878
桃園市桃園區南埔里8鄰大興西路三段101號十五樓,68,6800100,6800100-067,8鄰,大興西路,三段,,,,,101號十五樓,121.290843021429,25.0049016093878
桃園市桃園區南埔里8鄰大興西路三段101號十六樓,68,6800100,6800100-067,8鄰,大興西路,三段,,,,,101號十六樓,121.290843021429,25.0049016093878
桃園市桃園區南埔里8鄰大興西路三段101號十七樓,68,6800100,6800100-067,8鄰,大興西路,三段,,,,,101號十七樓,121.290843021429,25.0049016093878
桃園市桃園區南埔里8鄰大興西路三段101號十八樓,68,6800100,6800100-067,8鄰,大興西路,三段,,,,,101號十八樓,121.290843021429,25.0049016093878
桃園市桃園區南埔里8鄰大興西路三段101號十九樓,68,6800100,6800100-067,8鄰,大興西路,三段,,,,,101號十九樓,121.290843021429,25.0049016093878
桃園市桃園區南埔里8鄰大興西路三段101號二十樓,68,6800100,6800100-067,8鄰,大興西路,三段,,,,,101號二十樓,121.290843021429,25.0049016093878
桃園市桃園區南埔里8鄰大興西路三段101號二十一樓,68,6800100,6800100-067,8鄰,大興西路,三段,,,,,101號二十一樓,121.290843021429,25.0049016093878
桃園市桃園區南埔里8鄰大興西路三段101號二十二樓,68,6800100,6800100-067,8鄰,大興西路,三段,,,,,101號二十二樓,121.290843021429,25.0049016093878
桃園市桃園區南埔里8鄰大興西路三段101號二十三樓,68,6800100,6800100-067,8鄰,大興西路,三段,,,,,101號二十三樓,121.290843021429,25.0049016093878
桃園市桃園區南埔里8鄰大興西路三段101號二十四樓,68,6800100,6800100-067,8鄰,大興西路,三段,,,,,101號二十四樓,121.290843021429,25.0049016093878
桃園市桃園區南埔里8鄰大興西路三段101號二十五樓,68,6800100,6800100-067,8鄰,大興西路,三段,,,,,101號二十五樓,121.290843021429,25.0049016093878
桃園市桃園區南埔里8鄰大興西路三段101號二十六樓,68,6800100,6800100-067,8鄰,大興西路,三段,,,,,101號二十六樓,121.290843021429,25.0049016093878
桃園市桃園區南埔里8鄰大興西路三段101號二十七樓,68,6800100,6800100-067,8鄰,大興西路,三段,,,,,101號二十七樓,121.290843021429,25.0049016093878
桃園市桃園區南埔里8鄰大興西路三段103號十樓,68,6800100,6800100-067,8鄰,大興西路,三段,,,,,103號十樓,121.291017337854,25.0049644665463
桃園市桃園區南埔里8鄰大興西路三段103號四樓,68,6800100,6800100-067,8鄰,大興西路,三段,,,,,103號四樓,121.291017337854,25.0049644665463
桃園市桃園區南埔里8鄰大興西路三段103號五樓,68,6800100,6800100-067,8鄰,大興西路,三段,,,,,103號五樓,121.291017337854,25.0049644665463
桃園市桃園區南埔里8鄰大興西路三段103號六樓,68,6800100,6800100-067,8鄰,大興西路,三段,,,,,103號六樓,121.291017337854,25.0049644665463
桃園市桃園區南埔里8鄰大興西路三段103號七樓,68,6800100,6800100-067,8鄰,大興西路,三段,,,,,103號七樓,121.291017337854,25.0049644665463
桃園市桃園區南埔里8鄰大興西路三段103號八樓,68,6800100,6800100-067,8鄰,大興西路,三段,,,,,103號八樓,121.291017337854,25.0049644665463
桃園市桃園區南埔里8鄰大興西路三段103號九樓,68,6800100,6800100-067,8鄰,大興西路,三段,,,,,103號九樓,121.291017337854,25.0049644665463
桃園市桃園區南埔里8鄰大興西路三段103號十一樓,68,6800100,6800100-067,8鄰,大興西路,三段,,,,,103號十一樓,121.291017337854,25.0049644665463
桃園市桃園區南埔里8鄰大興西路三段103號十二樓,68,6800100,6800100-067,8鄰,大興西路,三段,,,,,103號十二樓,121.291017337854,25.0049644665463
桃園市桃園區南埔里8鄰大興西路三段103號十三樓,68,6800100,6800100-067,8鄰,大興西路,三段,,,,,103號十三樓,121.291017337854,25.0049644665463
桃園市桃園區南埔里8鄰大興西路三段103號十四樓,68,6800100,6800100-067,8鄰,大興西路,三段,,,,,103號十四樓,121.291017337854,25.0049644665463
桃園市桃園區南埔里8鄰大興西路三段103號十五樓,68,6800100,6800100-067,8鄰,大興西路,三段,,,,,103號十五樓,121.291017337854,25.0049644665463
桃園市桃園區南埔里8鄰大興西路三段103號十六樓,68,6800100,6800100-067,8鄰,大興西路,三段,,,,,103號十六樓,121.291017337854,25.0049644665463
桃園市桃園區南埔里8鄰大興西路三段103號十七樓,68,6800100,6800100-067,8鄰,大興西路,三段,,,,,103號十七樓,121.291017337854,25.0049644665463
桃園市桃園區南埔里8鄰大興西路三段103號十八樓,68,6800100,6800100-067,8鄰,大興西路,三段,,,,,103號十八樓,121.291017337854,25.0049644665463
桃園市桃園區南埔里8鄰大興西路三段103號十九樓,68,6800100,6800100-067,8鄰,大興西路,三段,,,,,103號十九樓,121.291017337854,25.0049644665463
桃園市桃園區南埔里8鄰大興西路三段103號二十樓,68,6800100,6800100-067,8鄰,大興西路,三段,,,,,103號二十樓,121.291017337854,25.0049644665463
桃園市桃園區南埔里8鄰大興西路三段103號二十一樓,68,6800100,6800100-067,8鄰,大興西路,三段,,,,,103號二十一樓,121.291017337854,25.0049644665463
桃園市桃園區南埔里8鄰大興西路三段103號二十二樓,68,6800100,6800100-067,8鄰,大興西路,三段,,,,,103號二十二樓,121.291017337854,25.0049644665463
桃園市桃園區南埔里8鄰大興西路三段103號二十三樓,68,6800100,6800100-067,8鄰,大興西路,三段,,,,,103號二十三樓,121.291017337854,25.0049644665463
桃園市桃園區南埔里8鄰大興西路三段103號二十四樓,68,6800100,6800100-067,8鄰,大興西路,三段,,,,,103號二十四樓,121.291017337854,25.0049644665463
桃園市桃園區南埔里8鄰大興西路三段103號二十五樓,68,6800100,6800100-067,8鄰,大興西路,三段,,,,,103號二十五樓,121.291017337854,25.0049644665463
桃園市桃園區南埔里8鄰大興西路三段103號二十六樓,68,6800100,6800100-067,8鄰,大興西路,三段,,,,,103號二十六樓,121.291017337854,25.0049644665463
桃園市桃園區南埔里8鄰大興西路三段103號二十七樓,68,6800100,6800100-067,8鄰,大興西路,三段,,,,,103號二十七樓,121.291017337854,25.0049644665463
桃園市桃園區南埔里8鄰大興西路三段105號十樓,68,6800100,6800100-067,8鄰,大興西路,三段,,,,,105號十樓,121.290907836915,25.0050373585726
桃園市桃園區南埔里8鄰大興西路三段105號二樓,68,6800100,6800100-067,8鄰,大興西路,三段,,,,,105號二樓,121.290907836915,25.0050373585726
桃園市桃園區南埔里8鄰大興西路三段105號四樓,68,6800100,6800100-067,8鄰,大興西路,三段,,,,,105號四樓,121.290907836915,25.0050373585726
桃園市桃園區南埔里8鄰大興西路三段105號五樓,68,6800100,6800100-067,8鄰,大興西路,三段,,,,,105號五樓,121.290907836915,25.0050373585726
桃園市桃園區南埔里8鄰大興西路三段105號六樓,68,6800100,6800100-067,8鄰,大興西路,三段,,,,,105號六樓,121.290907836915,25.0050373585726
桃園市桃園區南埔里8鄰大興西路三段105號七樓,68,6800100,6800100-067,8鄰,大興西路,三段,,,,,105號七樓,121.290907836915,25.0050373585726
桃園市桃園區南埔里8鄰大興西路三段105號八樓,68,6800100,6800100-067,8鄰,大興西路,三段,,,,,105號八樓,121.290907836915,25.0050373585726
桃園市桃園區南埔里8鄰大興西路三段105號九樓,68,6800100,6800100-067,8鄰,大興西路,三段,,,,,105號九樓,121.290907836915,25.0050373585726
桃園市桃園區南埔里8鄰大興西路三段105號十一樓,68,6800100,6800100-067,8鄰,大興西路,三段,,,,,105號十一樓,121.290907836915,25.0050373585726
桃園市桃園區南埔里8鄰大興西路三段105號十二樓,68,6800100,6800100-067,8鄰,大興西路,三段,,,,,105號十二樓,121.290907836915,25.0050373585726
桃園市桃園區南埔里8鄰大興西路三段105號十三樓,68,6800100,6800100-067,8鄰,大興西路,三段,,,,,105號十三樓,121.290907836915,25.0050373585726
桃園市桃園區南埔里8鄰大興西路三段105號十四樓,68,6800100,6800100-067,8鄰,大興西路,三段,,,,,105號十四樓,121.290907836915,25.0050373585726
桃園市桃園區南埔里8鄰大興西路三段105號十五樓,68,6800100,6800100-067,8鄰,大興西路,三段,,,,,105號十五樓,121.290907836915,25.0050373585726
桃園市桃園區南埔里8鄰大興西路三段105號十六樓,68,6800100,6800100-067,8鄰,大興西路,三段,,,,,105號十六樓,121.290907836915,25.0050373585726
桃園市桃園區南埔里8鄰大興西路三段105號十七樓,68,6800100,6800100-067,8鄰,大興西路,三段,,,,,105號十七樓,121.290907836915,25.0050373585726
桃園市桃園區南埔里8鄰大興西路三段105號十八樓,68,6800100,6800100-067,8鄰,大興西路,三段,,,,,105號十八樓,121.290907836915,25.0050373585726
桃園市桃園區南埔里8鄰大興西路三段105號十九樓,68,6800100,6800100-067,8鄰,大興西路,三段,,,,,105號十九樓,121.290907836915,25.0050373585726
桃園市桃園區南埔里8鄰大興西路三段105號二十樓,68,6800100,6800100-067,8鄰,大興西路,三段,,,,,105號二十樓,121.290907836915,25.0050373585726
桃園市桃園區南埔里8鄰大興西路三段105號二十一樓,68,6800100,6800100-067,8鄰,大興西路,三段,,,,,105號二十一樓,121.290907836915,25.0050373585726
桃園市桃園區南埔里8鄰大興西路三段105號二十二樓,68,6800100,6800100-067,8鄰,大興西路,三段,,,,,105號二十二樓,121.290907836915,25.0050373585726
桃園市桃園區南埔里8鄰大興西路三段105號二十三樓,68,6800100,6800100-067,8鄰,大興西路,三段,,,,,105號二十三樓,121.290907836915,25.0050373585726
桃園市桃園區南埔里8鄰大興西路三段105號二十四樓,68,6800100,6800100-067,8鄰,大興西路,三段,,,,,105號二十四樓,121.290907836915,25.0050373585726
桃園市桃園區南埔里8鄰大興西路三段105號二十五樓,68,6800100,6800100-067,8鄰,大興西路,三段,,,,,105號二十五樓,121.290907836915,25.0050373585726
桃園市桃園區南埔里8鄰大興西路三段105號二十六樓,68,6800100,6800100-067,8鄰,大興西路,三段,,,,,105號二十六樓,121.290907836915,25.0050373585726
桃園市桃園區南埔里8鄰大興西路三段105號二十七樓,68,6800100,6800100-067,8鄰,大興西路,三段,,,,,105號二十七樓,121.290907836915,25.0050373585726
桃園市桃園區南埔里8鄰大興西路三段107號十樓,68,6800100,6800100-067,8鄰,大興西路,三段,,,,,107號十樓,121.29080141578,25.0051139461007
桃園市桃園區南埔里8鄰大興西路三段107號二樓,68,6800100,6800100-067,8鄰,大興西路,三段,,,,,107號二樓,121.29080141578,25.0051139461007
桃園市桃園區南埔里8鄰大興西路三段107號三樓,68,6800100,6800100-067,8鄰,大興西路,三段,,,,,107號三樓,121.29080141578,25.0051139461007
桃園市桃園區南埔里8鄰大興西路三段107號四樓,68,6800100,6800100-067,8鄰,大興西路,三段,,,,,107號四樓,121.29080141578,25.0051139461007
桃園市桃園區南埔里8鄰大興西路三段107號五樓,68,6800100,6800100-067,8鄰,大興西路,三段,,,,,107號五樓,121.29080141578,25.0051139461007
桃園市桃園區南埔里8鄰大興西路三段107號六樓,68,6800100,6800100-067,8鄰,大興西路,三段,,,,,107號六樓,121.29080141578,25.0051139461007
桃園市桃園區南埔里8鄰大興西路三段107號七樓,68,6800100,6800100-067,8鄰,大興西路,三段,,,,,107號七樓,121.29080141578,25.0051139461007
桃園市桃園區南埔里8鄰大興西路三段107號八樓,68,6800100,6800100-067,8鄰,大興西路,三段,,,,,107號八樓,121.29080141578,25.0051139461007
桃園市桃園區南埔里8鄰大興西路三段107號九樓,68,6800100,6800100-067,8鄰,大興西路,三段,,,,,107號九樓,121.29080141578,25.0051139461007
桃園市桃園區南埔里8鄰大興西路三段107號十一樓,68,6800100,6800100-067,8鄰,大興西路,三段,,,,,107號十一樓,121.29080141578,25.0051139461007
桃園市桃園區南埔里8鄰大興西路三段107號十二樓,68,6800100,6800100-067,8鄰,大興西路,三段,,,,,107號十二樓,121.29080141578,25.0051139461007
桃園市桃園區南埔里8鄰大興西路三段107號十三樓,68,6800100,6800100-067,8鄰,大興西路,三段,,,,,107號十三樓,121.29080141578,25.0051139461007
桃園市桃園區南埔里8鄰大興西路三段107號十四樓,68,6800100,6800100-067,8鄰,大興西路,三段,,,,,107號十四樓,121.29080141578,25.0051139461007
桃園市桃園區南埔里8鄰大興西路三段107號十五樓,68,6800100,6800100-067,8鄰,大興西路,三段,,,,,107號十五樓,121.29080141578,25.0051139461007
桃園市桃園區南埔里8鄰大興西路三段107號十六樓,68,6800100,6800100-067,8鄰,大興西路,三段,,,,,107號十六樓,121.29080141578,25.0051139461007
桃園市桃園區南埔里8鄰大興西路三段107號十七樓,68,6800100,6800100-067,8鄰,大興西路,三段,,,,,107號十七樓,121.29080141578,25.0051139461007
桃園市桃園區南埔里8鄰大興西路三段107號十八樓,68,6800100,6800100-067,8鄰,大興西路,三段,,,,,107號十八樓,121.29080141578,25.0051139461007
桃園市桃園區南埔里8鄰大興西路三段107號十九樓,68,6800100,6800100-067,8鄰,大興西路,三段,,,,,107號十九樓,121.29080141578,25.0051139461007
桃園市桃園區南埔里8鄰大興西路三段107號二十樓,68,6800100,6800100-067,8鄰,大興西路,三段,,,,,107號二十樓,121.29080141578,25.0051139461007
桃園市桃園區南埔里8鄰大興西路三段107號二十一樓,68,6800100,6800100-067,8鄰,大興西路,三段,,,,,107號二十一樓,121.29080141578,25.0051139461007
桃園市桃園區南埔里8鄰大興西路三段107號二十二樓,68,6800100,6800100-067,8鄰,大興西路,三段,,,,,107號二十二樓,121.29080141578,25.0051139461007
桃園市桃園區南埔里8鄰大興西路三段107號二十三樓,68,6800100,6800100-067,8鄰,大興西路,三段,,,,,107號二十三樓,121.29080141578,25.0051139461007
桃園市桃園區南埔里8鄰大興西路三段107號二十四樓,68,6800100,6800100-067,8鄰,大興西路,三段,,,,,107號二十四樓,121.29080141578,25.0051139461007
桃園市桃園區南埔里8鄰大興西路三段107號二十五樓,68,6800100,6800100-067,8鄰,大興西路,三段,,,,,107號二十五樓,121.29080141578,25.0051139461007
桃園市桃園區南埔里8鄰大興西路三段107號二十六樓,68,6800100,6800100-067,8鄰,大興西路,三段,,,,,107號二十六樓,121.29080141578,25.0051139461007
桃園市桃園區南埔里8鄰大興西路三段107號二十七樓,68,6800100,6800100-067,8鄰,大興西路,三段,,,,,107號二十七樓,121.29080141578,25.0051139461007
桃園市桃園區南埔里8鄰大興西路三段109號,68,6800100,6800100-067,8鄰,大興西路,三段,,,,,109號,121.290693269895,25.005047077216
桃園市桃園區南埔里8鄰大興西路三段109號十樓,68,6800100,6800100-067,8鄰,大興西路,三段,,,,,109號十樓,121.290693269895,25.005047077216
桃園市桃園區南埔里8鄰大興西路三段109號三樓,68,6800100,6800100-067,8鄰,大興西路,三段,,,,,109號三樓,121.290693269895,25.005047077216
桃園市桃園區南埔里8鄰大興西路三段109號四樓,68,6800100,6800100-067,8鄰,大興西路,三段,,,,,109號四樓,121.290693269895,25.005047077216
桃園市桃園區南埔里8鄰大興西路三段109號五樓,68,6800100,6800100-067,8鄰,大興西路,三段,,,,,109號五樓,121.290693269895,25.005047077216
桃園市桃園區南埔里8鄰大興西路三段109號六樓,68,6800100,6800100-067,8鄰,大興西路,三段,,,,,109號六樓,121.290693269895,25.005047077216
桃園市桃園區南埔里8鄰大興西路三段109號七樓,68,6800100,6800100-067,8鄰,大興西路,三段,,,,,109號七樓,121.290693269895,25.005047077216
桃園市桃園區南埔里8鄰大興西路三段109號八樓,68,6800100,6800100-067,8鄰,大興西路,三段,,,,,109號八樓,121.290693269895,25.005047077216
桃園市桃園區南埔里8鄰大興西路三段109號九樓,68,6800100,6800100-067,8鄰,大興西路,三段,,,,,109號九樓,121.290693269895,25.005047077216
桃園市桃園區南埔里8鄰大興西路三段109號十一樓,68,6800100,6800100-067,8鄰,大興西路,三段,,,,,109號十一樓,121.290693269895,25.005047077216
桃園市桃園區南埔里8鄰大興西路三段109號十二樓,68,6800100,6800100-067,8鄰,大興西路,三段,,,,,109號十二樓,121.290693269895,25.005047077216
桃園市桃園區南埔里8鄰大興西路三段109號十三樓,68,6800100,6800100-067,8鄰,大興西路,三段,,,,,109號十三樓,121.290693269895,25.005047077216
桃園市桃園區南埔里8鄰大興西路三段109號十四樓,68,6800100,6800100-067,8鄰,大興西路,三段,,,,,109號十四樓,121.290693269895,25.005047077216
桃園市桃園區南埔里8鄰大興西路三段109號十五樓,68,6800100,6800100-067,8鄰,大興西路,三段,,,,,109號十五樓,121.290693269895,25.005047077216
桃園市桃園區南埔里8鄰大興西路三段109號十六樓,68,6800100,6800100-067,8鄰,大興西路,三段,,,,,109號十六樓,121.290693269895,25.005047077216
桃園市桃園區南埔里8鄰大興西路三段109號十七樓,68,6800100,6800100-067,8鄰,大興西路,三段,,,,,109號十七樓,121.290693269895,25.005047077216
桃園市桃園區南埔里8鄰大興西路三段109號十八樓,68,6800100,6800100-067,8鄰,大興西路,三段,,,,,109號十八樓,121.290693269895,25.005047077216
桃園市桃園區南埔里8鄰大興西路三段109號十九樓,68,6800100,6800100-067,8鄰,大興西路,三段,,,,,109號十九樓,121.290693269895,25.005047077216
桃園市桃園區南埔里8鄰大興西路三段109號二十樓,68,6800100,6800100-067,8鄰,大興西路,三段,,,,,109號二十樓,121.290693269895,25.005047077216
桃園市桃園區南埔里8鄰大興西路三段109號二十一樓,68,6800100,6800100-067,8鄰,大興西路,三段,,,,,109號二十一樓,121.290693269895,25.005047077216
桃園市桃園區南埔里8鄰大興西路三段109號二十二樓,68,6800100,6800100-067,8鄰,大興西路,三段,,,,,109號二十二樓,121.290693269895,25.005047077216
桃園市桃園區南埔里8鄰大興西路三段109號二十三樓,68,6800100,6800100-067,8鄰,大興西路,三段,,,,,109號二十三樓,121.290693269895,25.005047077216
桃園市桃園區南埔里8鄰大興西路三段109號二十四樓,68,6800100,6800100-067,8鄰,大興西路,三段,,,,,109號二十四樓,121.290693269895,25.005047077216
桃園市桃園區南埔里8鄰大興西路三段109號二十五樓,68,6800100,6800100-067,8鄰,大興西路,三段,,,,,109號二十五樓,121.290693269895,25.005047077216
桃園市桃園區南埔里8鄰大興西路三段109號二十六樓,68,6800100,6800100-067,8鄰,大興西路,三段,,,,,109號二十六樓,121.290693269895,25.005047077216
桃園市桃園區南埔里8鄰大興西路三段109號二十七樓,68,6800100,6800100-067,8鄰,大興西路,三段,,,,,109號二十七樓,121.290693269895,25.005047077216
桃園市桃園區南埔里8鄰大興西路三段151號,68,6800100,6800100-067,8鄰,大興西路,三段,,,,,151號,121.290638220728,25.0048513609308
桃園市桃園區南埔里8鄰大興西路三段151號十樓,68,6800100,6800100-067,8鄰,大興西路,三段,,,,,151號十樓,121.290638220728,25.0048513609308
桃園市桃園區南埔里8鄰大興西路三段151號三樓,68,6800100,6800100-067,8鄰,大興西路,三段,,,,,151號三樓,121.290638220728,25.0048513609308
桃園市桃園區南埔里8鄰大興西路三段151號四樓,68,6800100,6800100-067,8鄰,大興西路,三段,,,,,151號四樓,121.290638220728,25.0048513609308
桃園市桃園區南埔里8鄰大興西路三段151號五樓,68,6800100,6800100-067,8鄰,大興西路,三段,,,,,151號五樓,121.290638220728,25.0048513609308
桃園市桃園區南埔里8鄰大興西路三段151號六樓,68,6800100,6800100-067,8鄰,大興西路,三段,,,,,151號六樓,121.290638220728,25.0048513609308
桃園市桃園區南埔里8鄰大興西路三段151號七樓,68,6800100,6800100-067,8鄰,大興西路,三段,,,,,151號七樓,121.290638220728,25.0048513609308
桃園市桃園區南埔里8鄰大興西路三段151號八樓,68,6800100,6800100-067,8鄰,大興西路,三段,,,,,151號八樓,121.290638220728,25.0048513609308
桃園市桃園區南埔里8鄰大興西路三段151號九樓,68,6800100,6800100-067,8鄰,大興西路,三段,,,,,151號九樓,121.290638220728,25.0048513609308
桃園市桃園區南埔里8鄰大興西路三段151號十一樓,68,6800100,6800100-067,8鄰,大興西路,三段,,,,,151號十一樓,121.290638220728,25.0048513609308
桃園市桃園區南埔里8鄰大興西路三段151號十二樓,68,6800100,6800100-067,8鄰,大興西路,三段,,,,,151號十二樓,121.290638220728,25.0048513609308
桃園市桃園區南埔里8鄰大興西路三段151號十三樓,68,6800100,6800100-067,8鄰,大興西路,三段,,,,,151號十三樓,121.290638220728,25.0048513609308
桃園市桃園區南埔里8鄰大興西路三段151號十四樓,68,6800100,6800100-067,8鄰,大興西路,三段,,,,,151號十四樓,121.290638220728,25.0048513609308
桃園市桃園區南埔里8鄰大興西路三段151號十五樓,68,6800100,6800100-067,8鄰,大興西路,三段,,,,,151號十五樓,121.290638220728,25.0048513609308
桃園市桃園區南埔里8鄰大興西路三段151號十六樓,68,6800100,6800100-067,8鄰,大興西路,三段,,,,,151號十六樓,121.290638220728,25.0048513609308
桃園市桃園區南埔里8鄰大興西路三段151號十七樓,68,6800100,6800100-067,8鄰,大興西路,三段,,,,,151號十七樓,121.290638220728,25.0048513609308
桃園市桃園區南埔里8鄰大興西路三段151號十八樓,68,6800100,6800100-067,8鄰,大興西路,三段,,,,,151號十八樓,121.290638220728,25.0048513609308
桃園市桃園區南埔里8鄰大興西路三段151號十九樓,68,6800100,6800100-067,8鄰,大興西路,三段,,,,,151號十九樓,121.290638220728,25.0048513609308
桃園市桃園區南埔里8鄰大興西路三段151號二十樓,68,6800100,6800100-067,8鄰,大興西路,三段,,,,,151號二十樓,121.290638220728,25.0048513609308
桃園市桃園區南埔里8鄰大興西路三段151號二十一樓,68,6800100,6800100-067,8鄰,大興西路,三段,,,,,151號二十一樓,121.290638220728,25.0048513609308
桃園市桃園區南埔里8鄰大興西路三段151號二十二樓,68,6800100,6800100-067,8鄰,大興西路,三段,,,,,151號二十二樓,121.290638220728,25.0048513609308
桃園市桃園區南埔里8鄰大興西路三段151號二十三樓,68,6800100,6800100-067,8鄰,大興西路,三段,,,,,151號二十三樓,121.290638220728,25.0048513609308
桃園市桃園區南埔里8鄰大興西路三段151號二十四樓,68,6800100,6800100-067,8鄰,大興西路,三段,,,,,151號二十四樓,121.290638220728,25.0048513609308
桃園市桃園區南埔里8鄰大興西路三段151號二十五樓,68,6800100,6800100-067,8鄰,大興西路,三段,,,,,151號二十五樓,121.290638220728,25.0048513609308
桃園市桃園區南埔里8鄰大興西路三段151號二十六樓,68,6800100,6800100-067,8鄰,大興西路,三段,,,,,151號二十六樓,121.290638220728,25.0048513609308
桃園市桃園區南埔里8鄰大興西路三段153號,68,6800100,6800100-067,8鄰,大興西路,三段,,,,,153號,121.290589106276,25.0048199481177
桃園市桃園區南埔里8鄰大興西路三段153號十樓,68,6800100,6800100-067,8鄰,大興西路,三段,,,,,153號十樓,121.290589106276,25.0048199481177
桃園市桃園區南埔里8鄰大興西路三段153號三樓,68,6800100,6800100-067,8鄰,大興西路,三段,,,,,153號三樓,121.290589106276,25.0048199481177
桃園市桃園區南埔里8鄰大興西路三段153號四樓,68,6800100,6800100-067,8鄰,大興西路,三段,,,,,153號四樓,121.290589106276,25.0048199481177
桃園市桃園區南埔里8鄰大興西路三段153號五樓,68,6800100,6800100-067,8鄰,大興西路,三段,,,,,153號五樓,121.290589106276,25.0048199481177
桃園市桃園區南埔里8鄰大興西路三段153號六樓,68,6800100,6800100-067,8鄰,大興西路,三段,,,,,153號六樓,121.290589106276,25.0048199481177
桃園市桃園區南埔里8鄰大興西路三段153號七樓,68,6800100,6800100-067,8鄰,大興西路,三段,,,,,153號七樓,121.290589106276,25.0048199481177
桃園市桃園區南埔里8鄰大興西路三段153號八樓,68,6800100,6800100-067,8鄰,大興西路,三段,,,,,153號八樓,121.290589106276,25.0048199481177
桃園市桃園區南埔里8鄰大興西路三段153號九樓,68,6800100,6800100-067,8鄰,大興西路,三段,,,,,153號九樓,121.290589106276,25.0048199481177
桃園市桃園區南埔里8鄰大興西路三段153號十一樓,68,6800100,6800100-067,8鄰,大興西路,三段,,,,,153號十一樓,121.290589106276,25.0048199481177
桃園市桃園區南埔里8鄰大興西路三段153號十二樓,68,6800100,6800100-067,8鄰,大興西路,三段,,,,,153號十二樓,121.290589106276,25.0048199481177
桃園市桃園區南埔里8鄰大興西路三段153號十三樓,68,6800100,6800100-067,8鄰,大興西路,三段,,,,,153號十三樓,121.290589106276,25.0048199481177
桃園市桃園區南埔里8鄰大興西路三段153號十四樓,68,6800100,6800100-067,8鄰,大興西路,三段,,,,,153號十四樓,121.290589106276,25.0048199481177
桃園市桃園區南埔里8鄰大興西路三段155號,68,6800100,6800100-067,8鄰,大興西路,三段,,,,,155號,121.290503253715,25.0047538480822
桃園市桃園區南埔里8鄰大興西路三段155號十樓,68,6800100,6800100-067,8鄰,大興西路,三段,,,,,155號十樓,121.290503253715,25.0047538480822
桃園市桃園區南埔里8鄰大興西路三段155號三樓,68,6800100,6800100-067,8鄰,大興西路,三段,,,,,155號三樓,121.290503253715,25.0047538480822
桃園市桃園區南埔里8鄰大興西路三段155號四樓,68,6800100,6800100-067,8鄰,大興西路,三段,,,,,155號四樓,121.290503253715,25.0047538480822
桃園市桃園區南埔里8鄰大興西路三段155號五樓,68,6800100,6800100-067,8鄰,大興西路,三段,,,,,155號五樓,121.290503253715,25.0047538480822
桃園市桃園區南埔里8鄰大興西路三段155號六樓,68,6800100,6800100-067,8鄰,大興西路,三段,,,,,155號六樓,121.290503253715,25.0047538480822
桃園市桃園區南埔里8鄰大興西路三段155號七樓,68,6800100,6800100-067,8鄰,大興西路,三段,,,,,155號七樓,121.290503253715,25.0047538480822
桃園市桃園區南埔里8鄰大興西路三段155號八樓,68,6800100,6800100-067,8鄰,大興西路,三段,,,,,155號八樓,121.290503253715,25.0047538480822
桃園市桃園區南埔里8鄰大興西路三段155號九樓,68,6800100,6800100-067,8鄰,大興西路,三段,,,,,155號九樓,121.290503253715,25.0047538480822
桃園市桃園區南埔里8鄰大興西路三段155號十一樓,68,6800100,6800100-067,8鄰,大興西路,三段,,,,,155號十一樓,121.290503253715,25.0047538480822
桃園市桃園區南埔里8鄰大興西路三段155號十二樓,68,6800100,6800100-067,8鄰,大興西路,三段,,,,,155號十二樓,121.290503253715,25.0047538480822
桃園市桃園區南埔里8鄰大興西路三段155號十三樓,68,6800100,6800100-067,8鄰,大興西路,三段,,,,,155號十三樓,121.290503253715,25.0047538480822
桃園市桃園區南埔里8鄰大興西路三段155號十四樓,68,6800100,6800100-067,8鄰,大興西路,三段,,,,,155號十四樓,121.290503253715,25.0047538480822
桃園市桃園區南埔里8鄰大興西路三段155號十五樓,68,6800100,6800100-067,8鄰,大興西路,三段,,,,,155號十五樓,121.290503253715,25.0047538480822
桃園市桃園區南埔里8鄰大興西路三段155號十六樓,68,6800100,6800100-067,8鄰,大興西路,三段,,,,,155號十六樓,121.290503253715,25.0047538480822
桃園市桃園區南埔里8鄰大興西路三段155號十七樓,68,6800100,6800100-067,8鄰,大興西路,三段,,,,,155號十七樓,121.290503253715,25.0047538480822
桃園市桃園區南埔里8鄰大興西路三段155號十八樓,68,6800100,6800100-067,8鄰,大興西路,三段,,,,,155號十八樓,121.290503253715,25.0047538480822
桃園市桃園區南埔里8鄰大興西路三段155號十九樓,68,6800100,6800100-067,8鄰,大興西路,三段,,,,,155號十九樓,121.290503253715,25.0047538480822
桃園市桃園區南埔里8鄰大興西路三段155號二十樓,68,6800100,6800100-067,8鄰,大興西路,三段,,,,,155號二十樓,121.290503253715,25.0047538480822
桃園市桃園區南埔里8鄰大興西路三段155號二十一樓,68,6800100,6800100-067,8鄰,大興西路,三段,,,,,155號二十一樓,121.290503253715,25.0047538480822
桃園市桃園區南埔里8鄰大興西路三段155號二十二樓,68,6800100,6800100-067,8鄰,大興西路,三段,,,,,155號二十二樓,121.290503253715,25.0047538480822
桃園市桃園區南埔里8鄰大興西路三段155號二十三樓,68,6800100,6800100-067,8鄰,大興西路,三段,,,,,155號二十三樓,121.290503253715,25.0047538480822
桃園市桃園區南埔里8鄰大興西路三段155號二十四樓,68,6800100,6800100-067,8鄰,大興西路,三段,,,,,155號二十四樓,121.290503253715,25.0047538480822
桃園市桃園區南埔里8鄰大興西路三段155號二十五樓,68,6800100,6800100-067,8鄰,大興西路,三段,,,,,155號二十五樓,121.290503253715,25.0047538480822
桃園市桃園區南埔里8鄰大興西路三段155號二十六樓,68,6800100,6800100-067,8鄰,大興西路,三段,,,,,155號二十六樓,121.290503253715,25.0047538480822
桃園市桃園區南埔里8鄰大興西路三段155號二十七樓,68,6800100,6800100-067,8鄰,大興西路,三段,,,,,155號二十七樓,121.290503253715,25.0047538480822
桃園市桃園區南埔里8鄰大興西路三段157號十樓,68,6800100,6800100-067,8鄰,大興西路,三段,,,,,157號十樓,121.290714722207,25.0047748319978
桃園市桃園區南埔里8鄰大興西路三段157號二樓,68,6800100,6800100-067,8鄰,大興西路,三段,,,,,157號二樓,121.290714722207,25.0047748319978
桃園市桃園區南埔里8鄰大興西路三段157號三樓,68,6800100,6800100-067,8鄰,大興西路,三段,,,,,157號三樓,121.290714722207,25.0047748319978
桃園市桃園區南埔里8鄰大興西路三段157號四樓,68,6800100,6800100-067,8鄰,大興西路,三段,,,,,157號四樓,121.290714722207,25.0047748319978
桃園市桃園區南埔里8鄰大興西路三段157號五樓,68,6800100,6800100-067,8鄰,大興西路,三段,,,,,157號五樓,121.290714722207,25.0047748319978
桃園市桃園區南埔里8鄰大興西路三段157號六樓,68,6800100,6800100-067,8鄰,大興西路,三段,,,,,157號六樓,121.290714722207,25.0047748319978
桃園市桃園區南埔里8鄰大興西路三段157號七樓,68,6800100,6800100-067,8鄰,大興西路,三段,,,,,157號七樓,121.290714722207,25.0047748319978
桃園市桃園區南埔里8鄰大興西路三段157號八樓,68,6800100,6800100-067,8鄰,大興西路,三段,,,,,157號八樓,121.290714722207,25.0047748319978
桃園市桃園區南埔里8鄰大興西路三段157號九樓,68,6800100,6800100-067,8鄰,大興西路,三段,,,,,157號九樓,121.290714722207,25.0047748319978
桃園市桃園區南埔里8鄰大興西路三段157號十一樓,68,6800100,6800100-067,8鄰,大興西路,三段,,,,,157號十一樓,121.290714722207,25.0047748319978
桃園市桃園區南埔里8鄰大興西路三段157號十二樓,68,6800100,6800100-067,8鄰,大興西路,三段,,,,,157號十二樓,121.290714722207,25.0047748319978
桃園市桃園區南埔里8鄰大興西路三段157號十三樓,68,6800100,6800100-067,8鄰,大興西路,三段,,,,,157號十三樓,121.290714722207,25.0047748319978
桃園市桃園區南埔里8鄰大興西路三段157號十四樓,68,6800100,6800100-067,8鄰,大興西路,三段,,,,,157號十四樓,121.290714722207,25.0047748319978
桃園市桃園區南埔里8鄰大興西路三段157號十五樓,68,6800100,6800100-067,8鄰,大興西路,三段,,,,,157號十五樓,121.290714722207,25.0047748319978
桃園市桃園區南埔里8鄰大興西路三段157號十六樓,68,6800100,6800100-067,8鄰,大興西路,三段,,,,,157號十六樓,121.290714722207,25.0047748319978
桃園市桃園區南埔里8鄰大興西路三段157號十七樓,68,6800100,6800100-067,8鄰,大興西路,三段,,,,,157號十七樓,121.290714722207,25.0047748319978
桃園市桃園區南埔里8鄰大興西路三段157號十八樓,68,6800100,6800100-067,8鄰,大興西路,三段,,,,,157號十八樓,121.290714722207,25.0047748319978
桃園市桃園區南埔里8鄰大興西路三段157號十九樓,68,6800100,6800100-067,8鄰,大興西路,三段,,,,,157號十九樓,121.290714722207,25.0047748319978
桃園市桃園區南埔里8鄰大興西路三段157號二十樓,68,6800100,6800100-067,8鄰,大興西路,三段,,,,,157號二十樓,121.290714722207,25.0047748319978
桃園市桃園區南埔里8鄰大興西路三段157號二十一樓,68,6800100,6800100-067,8鄰,大興西路,三段,,,,,157號二十一樓,121.290714722207,25.0047748319978
桃園市桃園區南埔里8鄰大興西路三段157號二十二樓,68,6800100,6800100-067,8鄰,大興西路,三段,,,,,157號二十二樓,121.290714722207,25.0047748319978
桃園市桃園區南埔里8鄰大興西路三段157號二十三樓,68,6800100,6800100-067,8鄰,大興西路,三段,,,,,157號二十三樓,121.290714722207,25.0047748319978
桃園市桃園區南埔里8鄰大興西路三段157號二十四樓,68,6800100,6800100-067,8鄰,大興西路,三段,,,,,157號二十四樓,121.290714722207,25.0047748319978
桃園市桃園區南埔里8鄰大興西路三段157號二十五樓,68,6800100,6800100-067,8鄰,大興西路,三段,,,,,157號二十五樓,121.290714722207,25.0047748319978
桃園市桃園區南埔里8鄰大興西路三段157號二十六樓,68,6800100,6800100-067,8鄰,大興西路,三段,,,,,157號二十六樓,121.290714722207,25.0047748319978
桃園市桃園區南埔里8鄰大興西路三段159號十樓,68,6800100,6800100-067,8鄰,大興西路,三段,,,,,159號十樓,121.290638757537,25.0047426591292
桃園市桃園區南埔里8鄰大興西路三段159號二樓,68,6800100,6800100-067,8鄰,大興西路,三段,,,,,159號二樓,121.290638757537,25.0047426591292
桃園市桃園區南埔里8鄰大興西路三段159號三樓,68,6800100,6800100-067,8鄰,大興西路,三段,,,,,159號三樓,121.290638757537,25.0047426591292
桃園市桃園區南埔里8鄰大興西路三段159號四樓,68,6800100,6800100-067,8鄰,大興西路,三段,,,,,159號四樓,121.290638757537,25.0047426591292
桃園市桃園區南埔里8鄰大興西路三段159號五樓,68,6800100,6800100-067,8鄰,大興西路,三段,,,,,159號五樓,121.290638757537,25.0047426591292
桃園市桃園區南埔里8鄰大興西路三段159號六樓,68,6800100,6800100-067,8鄰,大興西路,三段,,,,,159號六樓,121.290638757537,25.0047426591292
桃園市桃園區南埔里8鄰大興西路三段159號七樓,68,6800100,6800100-067,8鄰,大興西路,三段,,,,,159號七樓,121.290638757537,25.0047426591292
桃園市桃園區南埔里8鄰大興西路三段159號八樓,68,6800100,6800100-067,8鄰,大興西路,三段,,,,,159號八樓,121.290638757537,25.0047426591292
桃園市桃園區南埔里8鄰大興西路三段159號九樓,68,6800100,6800100-067,8鄰,大興西路,三段,,,,,159號九樓,121.290638757537,25.0047426591292
桃園市桃園區南埔里8鄰大興西路三段159號十一樓,68,6800100,6800100-067,8鄰,大興西路,三段,,,,,159號十一樓,121.290638757537,25.0047426591292
桃園市桃園區南埔里8鄰大興西路三段159號十二樓,68,6800100,6800100-067,8鄰,大興西路,三段,,,,,159號十二樓,121.290638757537,25.0047426591292
桃園市桃園區南埔里8鄰大興西路三段159號十三樓,68,6800100,6800100-067,8鄰,大興西路,三段,,,,,159號十三樓,121.290638757537,25.0047426591292
桃園市桃園區南埔里8鄰大興西路三段159號十四樓,68,6800100,6800100-067,8鄰,大興西路,三段,,,,,159號十四樓,121.290638757537,25.0047426591292
桃園市桃園區南埔里8鄰大興西路三段159號十五樓,68,6800100,6800100-067,8鄰,大興西路,三段,,,,,159號十五樓,121.290638757537,25.0047426591292
桃園市桃園區南埔里8鄰大興西路三段159號十六樓,68,6800100,6800100-067,8鄰,大興西路,三段,,,,,159號十六樓,121.290638757537,25.0047426591292
桃園市桃園區南埔里8鄰大興西路三段159號十七樓,68,6800100,6800100-067,8鄰,大興西路,三段,,,,,159號十七樓,121.290638757537,25.0047426591292
桃園市桃園區南埔里8鄰大興西路三段159號十八樓,68,6800100,6800100-067,8鄰,大興西路,三段,,,,,159號十八樓,121.290638757537,25.0047426591292
桃園市桃園區南埔里8鄰大興西路三段159號十九樓,68,6800100,6800100-067,8鄰,大興西路,三段,,,,,159號十九樓,121.290638757537,25.0047426591292
桃園市桃園區南埔里8鄰大興西路三段159號二十樓,68,6800100,6800100-067,8鄰,大興西路,三段,,,,,159號二十樓,121.290638757537,25.0047426591292
桃園市桃園區南埔里8鄰大興西路三段159號二十一樓,68,6800100,6800100-067,8鄰,大興西路,三段,,,,,159號二十一樓,121.290638757537,25.0047426591292
桃園市桃園區南埔里8鄰大興西路三段159號二十二樓,68,6800100,6800100-067,8鄰,大興西路,三段,,,,,159號二十二樓,121.290638757537,25.0047426591292
桃園市桃園區南埔里8鄰大興西路三段159號二十三樓,68,6800100,6800100-067,8鄰,大興西路,三段,,,,,159號二十三樓,121.290638757537,25.0047426591292
桃園市桃園區南埔里8鄰大興西路三段159號二十四樓,68,6800100,6800100-067,8鄰,大興西路,三段,,,,,159號二十四樓,121.290638757537,25.0047426591292
桃園市桃園區南埔里8鄰大興西路三段159號二十五樓,68,6800100,6800100-067,8鄰,大興西路,三段,,,,,159號二十五樓,121.290638757537,25.0047426591292
桃園市桃園區南埔里8鄰大興西路三段159號二十六樓,68,6800100,6800100-067,8鄰,大興西路,三段,,,,,159號二十六樓,121.290638757537,25.0047426591292
桃園市桃園區南埔里8鄰大興西路三段159號二十七樓,68,6800100,6800100-067,8鄰,大興西路,三段,,,,,159號二十七樓,121.290638757537,25.0047426591292
桃園市桃園區南埔里8鄰大興西路三段161號十樓,68,6800100,6800100-067,8鄰,大興西路,三段,,,,,161號十樓,121.290574426398,25.0046862676464
桃園市桃園區南埔里8鄰大興西路三段161號二樓,68,6800100,6800100-067,8鄰,大興西路,三段,,,,,161號二樓,121.290574426398,25.0046862676464
桃園市桃園區南埔里8鄰大興西路三段161號三樓,68,6800100,6800100-067,8鄰,大興西路,三段,,,,,161號三樓,121.290574426398,25.0046862676464
桃園市桃園區南埔里8鄰大興西路三段161號四樓,68,6800100,6800100-067,8鄰,大興西路,三段,,,,,161號四樓,121.290574426398,25.0046862676464
桃園市桃園區南埔里8鄰大興西路三段161號五樓,68,6800100,6800100-067,8鄰,大興西路,三段,,,,,161號五樓,121.290574426398,25.0046862676464
桃園市桃園區南埔里8鄰大興西路三段161號六樓,68,6800100,6800100-067,8鄰,大興西路,三段,,,,,161號六樓,121.290574426398,25.0046862676464
桃園市桃園區南埔里8鄰大興西路三段161號七樓,68,6800100,6800100-067,8鄰,大興西路,三段,,,,,161號七樓,121.290574426398,25.0046862676464
桃園市桃園區南埔里8鄰大興西路三段161號八樓,68,6800100,6800100-067,8鄰,大興西路,三段,,,,,161號八樓,121.290574426398,25.0046862676464
桃園市桃園區南埔里8鄰大興西路三段161號九樓,68,6800100,6800100-067,8鄰,大興西路,三段,,,,,161號九樓,121.290574426398,25.0046862676464
桃園市桃園區南埔里8鄰大興西路三段161號十一樓,68,6800100,6800100-067,8鄰,大興西路,三段,,,,,161號十一樓,121.290574426398,25.0046862676464
桃園市桃園區南埔里8鄰大興西路三段161號十二樓,68,6800100,6800100-067,8鄰,大興西路,三段,,,,,161號十二樓,121.290574426398,25.0046862676464
桃園市桃園區南埔里8鄰大興西路三段161號十三樓,68,6800100,6800100-067,8鄰,大興西路,三段,,,,,161號十三樓,121.290574426398,25.0046862676464
桃園市桃園區南埔里8鄰大興西路三段161號十四樓,68,6800100,6800100-067,8鄰,大興西路,三段,,,,,161號十四樓,121.290574426398,25.0046862676464
桃園市桃園區南埔里8鄰大興西路三段163號,68,6800100,6800100-067,8鄰,大興西路,三段,,,,,163號,121.290433078763,25.0047401718191
桃園市桃園區南埔里8鄰大興西路三段165號十樓,68,6800100,6800100-067,8鄰,大興西路,三段,,,,,165號十樓,121.290527162954,25.0046414893087
桃園市桃園區南埔里8鄰大興西路三段165號二樓,68,6800100,6800100-067,8鄰,大興西路,三段,,,,,165號二樓,121.290527162954,25.0046414893087
桃園市桃園區南埔里8鄰大興西路三段165號三樓,68,6800100,6800100-067,8鄰,大興西路,三段,,,,,165號三樓,121.290527162954,25.0046414893087
桃園市桃園區南埔里8鄰大興西路三段165號四樓,68,6800100,6800100-067,8鄰,大興西路,三段,,,,,165號四樓,121.290527162954,25.0046414893087
桃園市桃園區南埔里8鄰大興西路三段165號五樓,68,6800100,6800100-067,8鄰,大興西路,三段,,,,,165號五樓,121.290527162954,25.0046414893087
桃園市桃園區南埔里8鄰大興西路三段165號六樓,68,6800100,6800100-067,8鄰,大興西路,三段,,,,,165號六樓,121.290527162954,25.0046414893087
桃園市桃園區南埔里8鄰大興西路三段165號七樓,68,6800100,6800100-067,8鄰,大興西路,三段,,,,,165號七樓,121.290527162954,25.0046414893087
桃園市桃園區南埔里8鄰大興西路三段165號八樓,68,6800100,6800100-067,8鄰,大興西路,三段,,,,,165號八樓,121.290527162954,25.0046414893087
桃園市桃園區南埔里8鄰大興西路三段165號九樓,68,6800100,6800100-067,8鄰,大興西路,三段,,,,,165號九樓,121.290527162954,25.0046414893087
桃園市桃園區南埔里8鄰大興西路三段165號十一樓,68,6800100,6800100-067,8鄰,大興西路,三段,,,,,165號十一樓,121.290527162954,25.0046414893087
桃園市桃園區南埔里8鄰大興西路三段165號十二樓,68,6800100,6800100-067,8鄰,大興西路,三段,,,,,165號十二樓,121.290527162954,25.0046414893087
桃園市桃園區南埔里8鄰大興西路三段165號十三樓,68,6800100,6800100-067,8鄰,大興西路,三段,,,,,165號十三樓,121.290527162954,25.0046414893087
桃園市桃園區南埔里8鄰大興西路三段165號十四樓,68,6800100,6800100-067,8鄰,大興西路,三段,,,,,165號十四樓,121.290527162954,25.0046414893087
桃園市桃園區南埔里8鄰大興西路三段167號十樓,68,6800100,6800100-067,8鄰,大興西路,三段,,,,,167號十樓,121.290458576529,25.0045870923121
桃園市桃園區南埔里8鄰大興西路三段167號二樓,68,6800100,6800100-067,8鄰,大興西路,三段,,,,,167號二樓,121.290458576529,25.0045870923121
桃園市桃園區南埔里8鄰大興西路三段167號三樓,68,6800100,6800100-067,8鄰,大興西路,三段,,,,,167號三樓,121.290458576529,25.0045870923121
桃園市桃園區南埔里8鄰大興西路三段167號四樓,68,6800100,6800100-067,8鄰,大興西路,三段,,,,,167號四樓,121.290458576529,25.0045870923121
桃園市桃園區南埔里8鄰大興西路三段167號五樓,68,6800100,6800100-067,8鄰,大興西路,三段,,,,,167號五樓,121.290458576529,25.0045870923121
桃園市桃園區南埔里8鄰大興西路三段167號六樓,68,6800100,6800100-067,8鄰,大興西路,三段,,,,,167號六樓,121.290458576529,25.0045870923121
桃園市桃園區南埔里8鄰大興西路三段167號七樓,68,6800100,6800100-067,8鄰,大興西路,三段,,,,,167號七樓,121.290458576529,25.0045870923121
桃園市桃園區南埔里8鄰大興西路三段167號八樓,68,6800100,6800100-067,8鄰,大興西路,三段,,,,,167號八樓,121.290458576529,25.0045870923121
桃園市桃園區南埔里8鄰大興西路三段167號九樓,68,6800100,6800100-067,8鄰,大興西路,三段,,,,,167號九樓,121.290458576529,25.0045870923121
桃園市桃園區南埔里8鄰大興西路三段167號十一樓,68,6800100,6800100-067,8鄰,大興西路,三段,,,,,167號十一樓,121.290458576529,25.0045870923121
桃園市桃園區南埔里8鄰大興西路三段167號十二樓,68,6800100,6800100-067,8鄰,大興西路,三段,,,,,167號十二樓,121.290458576529,25.0045870923121
桃園市桃園區南埔里8鄰大興西路三段167號十三樓,68,6800100,6800100-067,8鄰,大興西路,三段,,,,,167號十三樓,121.290458576529,25.0045870923121
桃園市桃園區南埔里8鄰大興西路三段167號十四樓,68,6800100,6800100-067,8鄰,大興西路,三段,,,,,167號十四樓,121.290458576529,25.0045870923121
桃園市桃園區南埔里8鄰大興西路三段167號十五樓,68,6800100,6800100-067,8鄰,大興西路,三段,,,,,167號十五樓,121.290458576529,25.0045870923121
桃園市桃園區南埔里8鄰大興西路三段167號十六樓,68,6800100,6800100-067,8鄰,大興西路,三段,,,,,167號十六樓,121.290458576529,25.0045870923121
桃園市桃園區南埔里8鄰大興西路三段167號十七樓,68,6800100,6800100-067,8鄰,大興西路,三段,,,,,167號十七樓,121.290458576529,25.0045870923121
桃園市桃園區南埔里8鄰大興西路三段167號十八樓,68,6800100,6800100-067,8鄰,大興西路,三段,,,,,167號十八樓,121.290458576529,25.0045870923121
桃園市桃園區南埔里8鄰大興西路三段167號十九樓,68,6800100,6800100-067,8鄰,大興西路,三段,,,,,167號十九樓,121.290458576529,25.0045870923121
桃園市桃園區南埔里8鄰大興西路三段167號二十樓,68,6800100,6800100-067,8鄰,大興西路,三段,,,,,167號二十樓,121.290458576529,25.0045870923121
桃園市桃園區南埔里8鄰大興西路三段167號二十一樓,68,6800100,6800100-067,8鄰,大興西路,三段,,,,,167號二十一樓,121.290458576529,25.0045870923121
桃園市桃園區南埔里8鄰大興西路三段167號二十二樓,68,6800100,6800100-067,8鄰,大興西路,三段,,,,,167號二十二樓,121.290458576529,25.0045870923121
桃園市桃園區南埔里8鄰大興西路三段167號二十三樓,68,6800100,6800100-067,8鄰,大興西路,三段,,,,,167號二十三樓,121.290458576529,25.0045870923121
桃園市桃園區南埔里8鄰大興西路三段167號二十四樓,68,6800100,6800100-067,8鄰,大興西路,三段,,,,,167號二十四樓,121.290458576529,25.0045870923121
桃園市桃園區南埔里8鄰大興西路三段167號二十五樓,68,6800100,6800100-067,8鄰,大興西路,三段,,,,,167號二十五樓,121.290458576529,25.0045870923121
桃園市桃園區南埔里8鄰大興西路三段167號二十六樓,68,6800100,6800100-067,8鄰,大興西路,三段,,,,,167號二十六樓,121.290458576529,25.0045870923121
桃園市桃園區南埔里8鄰大興西路三段169號十樓,68,6800100,6800100-067,8鄰,大興西路,三段,,,,,169號十樓,121.290370567344,25.0045306566909
桃園市桃園區南埔里8鄰大興西路三段169號二樓,68,6800100,6800100-067,8鄰,大興西路,三段,,,,,169號二樓,121.290370567344,25.0045306566909
桃園市桃園區南埔里8鄰大興西路三段169號三樓,68,6800100,6800100-067,8鄰,大興西路,三段,,,,,169號三樓,121.290370567344,25.0045306566909
桃園市桃園區南埔里8鄰大興西路三段169號四樓,68,6800100,6800100-067,8鄰,大興西路,三段,,,,,169號四樓,121.290370567344,25.0045306566909
桃園市桃園區南埔里8鄰大興西路三段169號五樓,68,6800100,6800100-067,8鄰,大興西路,三段,,,,,169號五樓,121.290370567344,25.0045306566909
桃園市桃園區南埔里8鄰大興西路三段169號六樓,68,6800100,6800100-067,8鄰,大興西路,三段,,,,,169號六樓,121.290370567344,25.0045306566909
桃園市桃園區南埔里8鄰大興西路三段169號七樓,68,6800100,6800100-067,8鄰,大興西路,三段,,,,,169號七樓,121.290370567344,25.0045306566909
桃園市桃園區南埔里8鄰大興西路三段169號八樓,68,6800100,6800100-067,8鄰,大興西路,三段,,,,,169號八樓,121.290370567344,25.0045306566909
桃園市桃園區南埔里8鄰大興西路三段169號九樓,68,6800100,6800100-067,8鄰,大興西路,三段,,,,,169號九樓,121.290370567344,25.0045306566909
桃園市桃園區南埔里8鄰大興西路三段169號十一樓,68,6800100,6800100-067,8鄰,大興西路,三段,,,,,169號十一樓,121.290370567344,25.0045306566909
桃園市桃園區南埔里8鄰大興西路三段169號十二樓,68,6800100,6800100-067,8鄰,大興西路,三段,,,,,169號十二樓,121.290370567344,25.0045306566909
桃園市桃園區南埔里8鄰大興西路三段169號十三樓,68,6800100,6800100-067,8鄰,大興西路,三段,,,,,169號十三樓,121.290370567344,25.0045306566909
桃園市桃園區南埔里8鄰大興西路三段169號十四樓,68,6800100,6800100-067,8鄰,大興西路,三段,,,,,169號十四樓,121.290370567344,25.0045306566909
桃園市桃園區南埔里8鄰大興西路三段169號十五樓,68,6800100,6800100-067,8鄰,大興西路,三段,,,,,169號十五樓,121.290370567344,25.0045306566909
桃園市桃園區南埔里8鄰大興西路三段169號十六樓,68,6800100,6800100-067,8鄰,大興西路,三段,,,,,169號十六樓,121.290370567344,25.0045306566909
桃園市桃園區南埔里8鄰大興西路三段169號十七樓,68,6800100,6800100-067,8鄰,大興西路,三段,,,,,169號十七樓,121.290370567344,25.0045306566909
桃園市桃園區南埔里8鄰大興西路三段169號十八樓,68,6800100,6800100-067,8鄰,大興西路,三段,,,,,169號十八樓,121.290370567344,25.0045306566909
桃園市桃園區南埔里8鄰大興西路三段169號十九樓,68,6800100,6800100-067,8鄰,大興西路,三段,,,,,169號十九樓,121.290370567344,25.0045306566909
桃園市桃園區南埔里8鄰大興西路三段169號二十樓,68,6800100,6800100-067,8鄰,大興西路,三段,,,,,169號二十樓,121.290370567344,25.0045306566909
桃園市桃園區南埔里8鄰大興西路三段169號二十一樓,68,6800100,6800100-067,8鄰,大興西路,三段,,,,,169號二十一樓,121.290370567344,25.0045306566909
桃園市桃園區南埔里8鄰大興西路三段169號二十二樓,68,6800100,6800100-067,8鄰,大興西路,三段,,,,,169號二十二樓,121.290370567344,25.0045306566909
桃園市桃園區南埔里8鄰大興西路三段169號二十三樓,68,6800100,6800100-067,8鄰,大興西路,三段,,,,,169號二十三樓,121.290370567344,25.0045306566909
桃園市桃園區南埔里8鄰大興西路三段169號二十四樓,68,6800100,6800100-067,8鄰,大興西路,三段,,,,,169號二十四樓,121.290370567344,25.0045306566909
桃園市桃園區南埔里8鄰大興西路三段169號二十五樓,68,6800100,6800100-067,8鄰,大興西路,三段,,,,,169號二十五樓,121.290370567344,25.0045306566909
桃園市桃園區南埔里8鄰大興西路三段169號二十六樓,68,6800100,6800100-067,8鄰,大興西路,三段,,,,,169號二十六樓,121.290370567344,25.0045306566909
桃園市桃園區南埔里8鄰大興西路三段169號二十七樓,68,6800100,6800100-067,8鄰,大興西路,三段,,,,,169號二十七樓,121.290370567344,25.0045306566909
桃園市桃園區南埔里8鄰大興西路三段171號,68,6800100,6800100-067,8鄰,大興西路,三段,,,,,171號,121.290456089555,25.0047091598114
桃園市桃園區南埔里8鄰大興西路三段171號十樓,68,6800100,6800100-067,8鄰,大興西路,三段,,,,,171號十樓,121.290456089555,25.0047091598114
桃園市桃園區南埔里8鄰大興西路三段171號三樓,68,6800100,6800100-067,8鄰,大興西路,三段,,,,,171號三樓,121.290456089555,25.0047091598114
桃園市桃園區南埔里8鄰大興西路三段171號四樓,68,6800100,6800100-067,8鄰,大興西路,三段,,,,,171號四樓,121.290456089555,25.0047091598114
桃園市桃園區南埔里8鄰大興西路三段171號五樓,68,6800100,6800100-067,8鄰,大興西路,三段,,,,,171號五樓,121.290456089555,25.0047091598114
桃園市桃園區南埔里8鄰大興西路三段171號六樓,68,6800100,6800100-067,8鄰,大興西路,三段,,,,,171號六樓,121.290456089555,25.0047091598114
桃園市桃園區南埔里8鄰大興西路三段171號七樓,68,6800100,6800100-067,8鄰,大興西路,三段,,,,,171號七樓,121.290456089555,25.0047091598114
桃園市桃園區南埔里8鄰大興西路三段171號八樓,68,6800100,6800100-067,8鄰,大興西路,三段,,,,,171號八樓,121.290456089555,25.0047091598114
桃園市桃園區南埔里8鄰大興西路三段171號九樓,68,6800100,6800100-067,8鄰,大興西路,三段,,,,,171號九樓,121.290456089555,25.0047091598114
桃園市桃園區南埔里8鄰大興西路三段171號十一樓,68,6800100,6800100-067,8鄰,大興西路,三段,,,,,171號十一樓,121.290456089555,25.0047091598114
桃園市桃園區南埔里8鄰大興西路三段171號十二樓,68,6800100,6800100-067,8鄰,大興西路,三段,,,,,171號十二樓,121.290456089555,25.0047091598114
桃園市桃園區南埔里8鄰大興西路三段171號十三樓,68,6800100,6800100-067,8鄰,大興西路,三段,,,,,171號十三樓,121.290456089555,25.0047091598114
桃園市桃園區南埔里8鄰大興西路三段171號十四樓,68,6800100,6800100-067,8鄰,大興西路,三段,,,,,171號十四樓,121.290456089555,25.0047091598114
桃園市桃園區南埔里8鄰大興西路三段171號十五樓,68,6800100,6800100-067,8鄰,大興西路,三段,,,,,171號十五樓,121.290456089555,25.0047091598114
桃園市桃園區南埔里8鄰大興西路三段171號十六樓,68,6800100,6800100-067,8鄰,大興西路,三段,,,,,171號十六樓,121.290456089555,25.0047091598114
桃園市桃園區南埔里8鄰大興西路三段171號十七樓,68,6800100,6800100-067,8鄰,大興西路,三段,,,,,171號十七樓,121.290456089555,25.0047091598114
桃園市桃園區南埔里8鄰大興西路三段171號十八樓,68,6800100,6800100-067,8鄰,大興西路,三段,,,,,171號十八樓,121.290456089555,25.0047091598114
桃園市桃園區南埔里8鄰大興西路三段171號十九樓,68,6800100,6800100-067,8鄰,大興西路,三段,,,,,171號十九樓,121.290456089555,25.0047091598114
桃園市桃園區南埔里8鄰大興西路三段171號二十樓,68,6800100,6800100-067,8鄰,大興西路,三段,,,,,171號二十樓,121.290456089555,25.0047091598114
桃園市桃園區南埔里8鄰大興西路三段171號二十一樓,68,6800100,6800100-067,8鄰,大興西路,三段,,,,,171號二十一樓,121.290456089555,25.0047091598114
桃園市桃園區南埔里8鄰大興西路三段171號二十二樓,68,6800100,6800100-067,8鄰,大興西路,三段,,,,,171號二十二樓,121.290456089555,25.0047091598114
桃園市桃園區南埔里8鄰大興西路三段171號二十三樓,68,6800100,6800100-067,8鄰,大興西路,三段,,,,,171號二十三樓,121.290456089555,25.0047091598114
桃園市桃園區南埔里8鄰大興西路三段171號二十四樓,68,6800100,6800100-067,8鄰,大興西路,三段,,,,,171號二十四樓,121.290456089555,25.0047091598114
桃園市桃園區南埔里8鄰大興西路三段171號二十五樓,68,6800100,6800100-067,8鄰,大興西路,三段,,,,,171號二十五樓,121.290456089555,25.0047091598114
桃園市桃園區南埔里8鄰大興西路三段171號二十六樓,68,6800100,6800100-067,8鄰,大興西路,三段,,,,,171號二十六樓,121.290456089555,25.0047091598114
桃園市桃園區南埔里8鄰大興西路三段173號,68,6800100,6800100-067,8鄰,大興西路,三段,,,,,173號,121.290389610785,25.0046663148944
桃園市桃園區南埔里8鄰大興西路三段173號十樓,68,6800100,6800100-067,8鄰,大興西路,三段,,,,,173號十樓,121.290389610785,25.0046663148944
桃園市桃園區南埔里8鄰大興西路三段173號三樓,68,6800100,6800100-067,8鄰,大興西路,三段,,,,,173號三樓,121.290389610785,25.0046663148944
桃園市桃園區南埔里8鄰大興西路三段173號四樓,68,6800100,6800100-067,8鄰,大興西路,三段,,,,,173號四樓,121.290389610785,25.0046663148944
桃園市桃園區南埔里8鄰大興西路三段173號五樓,68,6800100,6800100-067,8鄰,大興西路,三段,,,,,173號五樓,121.290389610785,25.0046663148944
桃園市桃園區南埔里8鄰大興西路三段173號六樓,68,6800100,6800100-067,8鄰,大興西路,三段,,,,,173號六樓,121.290389610785,25.0046663148944
桃園市桃園區南埔里8鄰大興西路三段173號七樓,68,6800100,6800100-067,8鄰,大興西路,三段,,,,,173號七樓,121.290389610785,25.0046663148944
桃園市桃園區南埔里8鄰大興西路三段173號八樓,68,6800100,6800100-067,8鄰,大興西路,三段,,,,,173號八樓,121.290389610785,25.0046663148944
桃園市桃園區南埔里8鄰大興西路三段173號九樓,68,6800100,6800100-067,8鄰,大興西路,三段,,,,,173號九樓,121.290389610785,25.0046663148944
桃園市桃園區南埔里8鄰大興西路三段173號十一樓,68,6800100,6800100-067,8鄰,大興西路,三段,,,,,173號十一樓,121.290389610785,25.0046663148944
桃園市桃園區南埔里8鄰大興西路三段173號十二樓,68,6800100,6800100-067,8鄰,大興西路,三段,,,,,173號十二樓,121.290389610785,25.0046663148944
桃園市桃園區南埔里8鄰大興西路三段173號十三樓,68,6800100,6800100-067,8鄰,大興西路,三段,,,,,173號十三樓,121.290389610785,25.0046663148944
桃園市桃園區南埔里8鄰大興西路三段173號十四樓,68,6800100,6800100-067,8鄰,大興西路,三段,,,,,173號十四樓,121.290389610785,25.0046663148944
桃園市桃園區南埔里8鄰大興西路三段175號,68,6800100,6800100-067,8鄰,大興西路,三段,,,,,175號,121.29029948013,25.0045924587505
桃園市桃園區南埔里8鄰大興西路三段175號十樓,68,6800100,6800100-067,8鄰,大興西路,三段,,,,,175號十樓,121.29029948013,25.0045924587505
桃園市桃園區南埔里8鄰大興西路三段175號三樓,68,6800100,6800100-067,8鄰,大興西路,三段,,,,,175號三樓,121.29029948013,25.0045924587505
桃園市桃園區南埔里8鄰大興西路三段175號四樓,68,6800100,6800100-067,8鄰,大興西路,三段,,,,,175號四樓,121.29029948013,25.0045924587505
桃園市桃園區南埔里8鄰大興西路三段175號五樓,68,6800100,6800100-067,8鄰,大興西路,三段,,,,,175號五樓,121.29029948013,25.0045924587505
桃園市桃園區南埔里8鄰大興西路三段175號六樓,68,6800100,6800100-067,8鄰,大興西路,三段,,,,,175號六樓,121.29029948013,25.0045924587505
桃園市桃園區南埔里8鄰大興西路三段175號七樓,68,6800100,6800100-067,8鄰,大興西路,三段,,,,,175號七樓,121.29029948013,25.0045924587505
桃園市桃園區南埔里8鄰大興西路三段175號八樓,68,6800100,6800100-067,8鄰,大興西路,三段,,,,,175號八樓,121.29029948013,25.0045924587505
桃園市桃園區南埔里8鄰大興西路三段175號九樓,68,6800100,6800100-067,8鄰,大興西路,三段,,,,,175號九樓,121.29029948013,25.0045924587505
桃園市桃園區南埔里8鄰大興西路三段175號十一樓,68,6800100,6800100-067,8鄰,大興西路,三段,,,,,175號十一樓,121.29029948013,25.0045924587505
桃園市桃園區南埔里8鄰大興西路三段175號十二樓,68,6800100,6800100-067,8鄰,大興西路,三段,,,,,175號十二樓,121.29029948013,25.0045924587505
桃園市桃園區南埔里8鄰大興西路三段175號十三樓,68,6800100,6800100-067,8鄰,大興西路,三段,,,,,175號十三樓,121.29029948013,25.0045924587505
桃園市桃園區南埔里8鄰大興西路三段175號十四樓,68,6800100,6800100-067,8鄰,大興西路,三段,,,,,175號十四樓,121.29029948013,25.0045924587505
桃園市桃園區南埔里8鄰大興西路三段175號十五樓,68,6800100,6800100-067,8鄰,大興西路,三段,,,,,175號十五樓,121.29029948013,25.0045924587505
桃園市桃園區南埔里8鄰大興西路三段175號十六樓,68,6800100,6800100-067,8鄰,大興西路,三段,,,,,175號十六樓,121.29029948013,25.0045924587505
桃園市桃園區南埔里8鄰大興西路三段175號十七樓,68,6800100,6800100-067,8鄰,大興西路,三段,,,,,175號十七樓,121.29029948013,25.0045924587505
桃園市桃園區南埔里8鄰大興西路三段175號十八樓,68,6800100,6800100-067,8鄰,大興西路,三段,,,,,175號十八樓,121.29029948013,25.0045924587505
桃園市桃園區南埔里8鄰大興西路三段175號十九樓,68,6800100,6800100-067,8鄰,大興西路,三段,,,,,175號十九樓,121.29029948013,25.0045924587505
桃園市桃園區南埔里8鄰大興西路三段175號二十樓,68,6800100,6800100-067,8鄰,大興西路,三段,,,,,175號二十樓,121.29029948013,25.0045924587505
桃園市桃園區南埔里8鄰大興西路三段175號二十一樓,68,6800100,6800100-067,8鄰,大興西路,三段,,,,,175號二十一樓,121.29029948013,25.0045924587505
桃園市桃園區南埔里8鄰大興西路三段175號二十二樓,68,6800100,6800100-067,8鄰,大興西路,三段,,,,,175號二十二樓,121.29029948013,25.0045924587505
桃園市桃園區南埔里8鄰大興西路三段175號二十三樓,68,6800100,6800100-067,8鄰,大興西路,三段,,,,,175號二十三樓,121.29029948013,25.0045924587505
桃園市桃園區南埔里8鄰大興西路三段175號二十四樓,68,6800100,6800100-067,8鄰,大興西路,三段,,,,,175號二十四樓,121.29029948013,25.0045924587505
桃園市桃園區南埔里8鄰大興西路三段175號二十五樓,68,6800100,6800100-067,8鄰,大興西路,三段,,,,,175號二十五樓,121.29029948013,25.0045924587505
桃園市桃園區南埔里8鄰大興西路三段175號二十六樓,68,6800100,6800100-067,8鄰,大興西路,三段,,,,,175號二十六樓,121.29029948013,25.0045924587505
桃園市桃園區南埔里8鄰大興西路三段175號二十七樓,68,6800100,6800100-067,8鄰,大興西路,三段,,,,,175號二十七樓,121.29029948013,25.0045924587505
桃園市桃園區南埔里8鄰大興西路三段181號,68,6800100,6800100-067,8鄰,大興西路,三段,,,,,181號,121.29019579998,25.0044863076636
桃園市桃園區南埔里8鄰大興西路三段183號,68,6800100,6800100-067,8鄰,大興西路,三段,,,,,183號,121.290121080923,25.0044359852092
桃園市桃園區南埔里8鄰大興西路三段185號,68,6800100,6800100-067,8鄰,大興西路,三段,,,,,185號,121.290050318408,25.0043829465105
桃園市桃園區南埔里12鄰大興西路二段137號,68,6800100,6800100-067,12鄰,大興西路,二段,,,,,137號,121.296858300513,25.0102738398697
桃園市桃園區南埔里12鄰大興西路二段139巷28號,68,6800100,6800100-067,12鄰,大興西路,二段,139巷,,,,28號,121.297226550763,25.009979143168
桃園市桃園區南埔里12鄰大興西路二段139巷30號,68,6800100,6800100-067,12鄰,大興西路,二段,139巷,,,,30號,121.297244781928,25.0099384794167
桃園市桃園區南埔里12鄰大興西路二段139巷32號,68,6800100,6800100-067,12鄰,大興西路,二段,139巷,,,,32號,121.297253831434,25.0098701171584
桃園市桃園區南埔里12鄰大興西路二段139巷36號,68,6800100,6800100-067,12鄰,大興西路,二段,139巷,,,,36號,121.297286398502,25.0098169657042
桃園市桃園區南埔里12鄰大興西路二段139巷38號,68,6800100,6800100-067,12鄰,大興西路,二段,139巷,,,,38號,121.297307299005,25.0097739492529
桃園市桃園區南埔里12鄰大興西路二段159號,68,6800100,6800100-067,12鄰,大興西路,二段,,,,,159號,121.29648701014,25.0100045443194
桃園市桃園區南埔里12鄰大興西路二段161號,68,6800100,6800100-067,12鄰,大興西路,二段,,,,,161號,121.296420846201,25.0099710909605
桃園市桃園區南埔里12鄰大興西路二段165號,68,6800100,6800100-067,12鄰,大興西路,二段,,,,,165號,121.296269917043,25.0098732541667
桃園市桃園區南埔里12鄰大興西路二段167號,68,6800100,6800100-067,12鄰,大興西路,二段,,,,,167號,121.2962133212,25.0098634357798
桃園市桃園區南埔里12鄰大興西路二段171號,68,6800100,6800100-067,12鄰,大興西路,二段,,,,,171號,121.296144105478,25.009796764257
桃園市桃園區南埔里12鄰大興西路二段177號,68,6800100,6800100-067,12鄰,大興西路,二段,,,,,177號,121.296019982635,25.0096807269544
桃園市桃園區南埔里12鄰大興西路二段179號,68,6800100,6800100-067,12鄰,大興西路,二段,,,,,179號,121.295916979684,25.0096129488917
桃園市桃園區南埔里12鄰大興西路二段179號二樓,68,6800100,6800100-067,12鄰,大興西路,二段,,,,,179號二樓,121.295953678993,25.009547511023
桃園市桃園區南埔里12鄰大興西路二段181之7號,68,6800100,6800100-067,12鄰,大興西路,二段,,,,,181之7號,121.295375708033,25.0091896950897
桃園市桃園區南埔里12鄰大興西路二段181號,68,6800100,6800100-067,12鄰,大興西路,二段,,,,,181號,121.29583620559,25.0095187639244
桃園市桃園區南埔里12鄰大興西路二段191號,68,6800100,6800100-067,12鄰,大興西路,二段,,,,,191號,121.295606411577,25.0093373910178
桃園市桃園區南埔里12鄰大興西路二段217之2號,68,6800100,6800100-067,12鄰,大興西路,二段,,,,,217之2號,121.295561420307,25.0088773985783
桃園市桃園區南埔里12鄰大興西路二段217之1號二樓,68,6800100,6800100-067,12鄰,大興西路,二段,,,,,217之1號二樓,121.295561420307,25.0088773985783
桃園市桃園區南埔里12鄰大興西路二段217之1號三樓,68,6800100,6800100-067,12鄰,大興西路,二段,,,,,217之1號三樓,121.295561420307,25.0088773985783
桃園市桃園區南埔里12鄰大興西路二段217之1號五樓,68,6800100,6800100-067,12鄰,大興西路,二段,,,,,217之1號五樓,121.295561420307,25.0088773985783
桃園市桃園區南埔里12鄰大興西路二段217之1號六樓,68,6800100,6800100-067,12鄰,大興西路,二段,,,,,217之1號六樓,121.295561420307,25.0088773985783
桃園市桃園區南埔里12鄰大興西路二段217之1號七樓,68,6800100,6800100-067,12鄰,大興西路,二段,,,,,217之1號七樓,121.295561420307,25.0088773985783
桃園市桃園區南埔里12鄰大興西路二段217之1號八樓,68,6800100,6800100-067,12鄰,大興西路,二段,,,,,217之1號八樓,121.295561420307,25.0088773985783
桃園市桃園區南埔里12鄰大興西路二段217號二樓,68,6800100,6800100-067,12鄰,大興西路,二段,,,,,217號二樓,121.295510796615,25.0089617331588
桃園市桃園區南埔里12鄰大興西路二段217號三樓,68,6800100,6800100-067,12鄰,大興西路,二段,,,,,217號三樓,121.295510796615,25.0089617331588
桃園市桃園區南埔里12鄰大興西路二段217之1號四樓,68,6800100,6800100-067,12鄰,大興西路,二段,,,,,217之1號四樓,121.295561420307,25.0088773985783
桃園市桃園區南埔里12鄰大興西路二段217號四樓,68,6800100,6800100-067,12鄰,大興西路,二段,,,,,217號四樓,121.295510796615,25.0089617331588
桃園市桃園區南埔里12鄰大興西路二段217號五樓,68,6800100,6800100-067,12鄰,大興西路,二段,,,,,217號五樓,121.295510796615,25.0089617331588
桃園市桃園區南埔里12鄰大興西路二段217號六樓,68,6800100,6800100-067,12鄰,大興西路,二段,,,,,217號六樓,121.295510796615,25.0089617331588
桃園市桃園區南埔里12鄰大興西路二段217號七樓,68,6800100,6800100-067,12鄰,大興西路,二段,,,,,217號七樓,121.295510796615,25.0089617331588
桃園市桃園區南埔里12鄰大興西路二段217號八樓,68,6800100,6800100-067,12鄰,大興西路,二段,,,,,217號八樓,121.295510796615,25.0089617331588
桃園市桃園區南埔里12鄰大興西路二段217號九樓,68,6800100,6800100-067,12鄰,大興西路,二段,,,,,217號九樓,121.295510796615,25.0089617331588
桃園市桃園區南埔里12鄰大興西路二段217之1號九樓,68,6800100,6800100-067,12鄰,大興西路,二段,,,,,217之1號九樓,121.295561420307,25.0088773985783
桃園市桃園區南埔里12鄰大興西路二段219號五樓,68,6800100,6800100-067,12鄰,大興西路,二段,,,,,219號五樓,121.295482271618,25.0087582920813
桃園市桃園區南埔里12鄰大興西路二段219號六樓,68,6800100,6800100-067,12鄰,大興西路,二段,,,,,219號六樓,121.295482271618,25.0087582920813
桃園市桃園區南埔里12鄰大興西路二段219號七樓,68,6800100,6800100-067,12鄰,大興西路,二段,,,,,219號七樓,121.295482271618,25.0087582920813
桃園市桃園區南埔里12鄰大興西路二段219號八樓,68,6800100,6800100-067,12鄰,大興西路,二段,,,,,219號八樓,121.295482271618,25.0087582920813
桃園市桃園區南埔里12鄰大興西路二段219號九樓,68,6800100,6800100-067,12鄰,大興西路,二段,,,,,219號九樓,121.295482271618,25.0087582920813
桃園市桃園區南埔里12鄰大興西路二段219之2號五樓,68,6800100,6800100-067,12鄰,大興西路,二段,,,,,219之2號五樓,121.295558725221,25.0087862181621
桃園市桃園區南埔里12鄰大興西路二段219號二樓,68,6800100,6800100-067,12鄰,大興西路,二段,,,,,219號二樓,121.295482271618,25.0087582920813
桃園市桃園區南埔里12鄰大興西路二段219號三樓,68,6800100,6800100-067,12鄰,大興西路,二段,,,,,219號三樓,121.295482271618,25.0087582920813
桃園市桃園區南埔里12鄰大興西路二段219號四樓,68,6800100,6800100-067,12鄰,大興西路,二段,,,,,219號四樓,121.295482271618,25.0087582920813
桃園市桃園區南埔里12鄰大興西路二段219之1號二樓,68,6800100,6800100-067,12鄰,大興西路,二段,,,,,219之1號二樓,121.295543141453,25.0088155008041
桃園市桃園區南埔里12鄰大興西路二段219之1號三樓,68,6800100,6800100-067,12鄰,大興西路,二段,,,,,219之1號三樓,121.295543141453,25.0088155008041
桃園市桃園區南埔里12鄰大興西路二段219之1號四樓,68,6800100,6800100-067,12鄰,大興西路,二段,,,,,219之1號四樓,121.295543141453,25.0088155008041
桃園市桃園區南埔里12鄰大興西路二段219之1號五樓,68,6800100,6800100-067,12鄰,大興西路,二段,,,,,219之1號五樓,121.295543141453,25.0088155008041
桃園市桃園區南埔里12鄰大興西路二段219之1號六樓,68,6800100,6800100-067,12鄰,大興西路,二段,,,,,219之1號六樓,121.295543141453,25.0088155008041
桃園市桃園區南埔里12鄰大興西路二段219之1號七樓,68,6800100,6800100-067,12鄰,大興西路,二段,,,,,219之1號七樓,121.295543141453,25.0088155008041
桃園市桃園區南埔里12鄰大興西路二段219之1號八樓,68,6800100,6800100-067,12鄰,大興西路,二段,,,,,219之1號八樓,121.295543141453,25.0088155008041
桃園市桃園區南埔里12鄰大興西路二段219之1號九樓,68,6800100,6800100-067,12鄰,大興西路,二段,,,,,219之1號九樓,121.295543141453,25.0088155008041
桃園市桃園區南埔里12鄰大興西路二段219之2號二樓,68,6800100,6800100-067,12鄰,大興西路,二段,,,,,219之2號二樓,121.295558725221,25.0087862181621
桃園市桃園區南埔里12鄰大興西路二段219之2號三樓,68,6800100,6800100-067,12鄰,大興西路,二段,,,,,219之2號三樓,121.295558725221,25.0087862181621
桃園市桃園區南埔里12鄰大興西路二段219之2號四樓,68,6800100,6800100-067,12鄰,大興西路,二段,,,,,219之2號四樓,121.295558725221,25.0087862181621
桃園市桃園區南埔里12鄰大興西路二段219之2號六樓,68,6800100,6800100-067,12鄰,大興西路,二段,,,,,219之2號六樓,121.295558725221,25.0087862181621
桃園市桃園區南埔里12鄰大興西路二段219之2號七樓,68,6800100,6800100-067,12鄰,大興西路,二段,,,,,219之2號七樓,121.295558725221,25.0087862181621
桃園市桃園區南埔里12鄰大興西路二段219之2號八樓,68,6800100,6800100-067,12鄰,大興西路,二段,,,,,219之2號八樓,121.295558725221,25.0087862181621
桃園市桃園區南埔里12鄰大興西路二段219之2號九樓,68,6800100,6800100-067,12鄰,大興西路,二段,,,,,219之2號九樓,121.295558725221,25.0087862181621
桃園市桃園區南埔里12鄰大興西路二段221號,68,6800100,6800100-067,12鄰,大興西路,二段,,,,,221號,121.295266607023,25.0087672972783
桃園市桃園區南埔里12鄰大興西路二段221之1號,68,6800100,6800100-067,12鄰,大興西路,二段,,,,,221之1號,121.295231184969,25.0088283085856
桃園市桃園區南埔里12鄰大興西路二段221號二樓,68,6800100,6800100-067,12鄰,大興西路,二段,,,,,221號二樓,121.295266607023,25.0087672972783
桃園市桃園區南埔里12鄰大興西路二段221號三樓,68,6800100,6800100-067,12鄰,大興西路,二段,,,,,221號三樓,121.295266607023,25.0087672972783
桃園市桃園區南埔里12鄰大興西路二段221號五樓,68,6800100,6800100-067,12鄰,大興西路,二段,,,,,221號五樓,121.295266607023,25.0087672972783
桃園市桃園區南埔里12鄰大興西路二段221號六樓,68,6800100,6800100-067,12鄰,大興西路,二段,,,,,221號六樓,121.295266607023,25.0087672972783
桃園市桃園區南埔里12鄰大興西路二段221號七樓,68,6800100,6800100-067,12鄰,大興西路,二段,,,,,221號七樓,121.295266607023,25.0087672972783
桃園市桃園區南埔里12鄰大興西路二段221號八樓,68,6800100,6800100-067,12鄰,大興西路,二段,,,,,221號八樓,121.295266607023,25.0087672972783
桃園市桃園區南埔里12鄰大興西路二段221號九樓,68,6800100,6800100-067,12鄰,大興西路,二段,,,,,221號九樓,121.295266607023,25.0087672972783
桃園市桃園區南埔里12鄰大興西路二段221號十樓,68,6800100,6800100-067,12鄰,大興西路,二段,,,,,221號十樓,121.295266607023,25.0087672972783
桃園市桃園區南埔里12鄰大興西路二段221之1號五樓,68,6800100,6800100-067,12鄰,大興西路,二段,,,,,221之1號五樓,121.295231184969,25.0088283085856
桃園市桃園區南埔里12鄰大興西路二段221之1號六樓,68,6800100,6800100-067,12鄰,大興西路,二段,,,,,221之1號六樓,121.295231184969,25.0088283085856
桃園市桃園區南埔里12鄰大興西路二段221之1號七樓,68,6800100,6800100-067,12鄰,大興西路,二段,,,,,221之1號七樓,121.295231184969,25.0088283085856
桃園市桃園區南埔里12鄰大興西路二段221之1號八樓,68,6800100,6800100-067,12鄰,大興西路,二段,,,,,221之1號八樓,121.295231184969,25.0088283085856
桃園市桃園區南埔里12鄰大興西路二段221之1號九樓,68,6800100,6800100-067,12鄰,大興西路,二段,,,,,221之1號九樓,121.295231184969,25.0088283085856
桃園市桃園區南埔里12鄰大興西路二段221之1號十樓,68,6800100,6800100-067,12鄰,大興西路,二段,,,,,221之1號十樓,121.295231184969,25.0088283085856
桃園市桃園區南埔里12鄰大興西路二段221之1號二樓,68,6800100,6800100-067,12鄰,大興西路,二段,,,,,221之1號二樓,121.295231184969,25.0088283085856
桃園市桃園區南埔里12鄰大興西路二段221號四樓,68,6800100,6800100-067,12鄰,大興西路,二段,,,,,221號四樓,121.295266607023,25.0087672972783
桃園市桃園區南埔里12鄰大興西路二段221之1號三樓,68,6800100,6800100-067,12鄰,大興西路,二段,,,,,221之1號三樓,121.295231184969,25.0088283085856
桃園市桃園區南埔里12鄰大興西路二段221之1號四樓,68,6800100,6800100-067,12鄰,大興西路,二段,,,,,221之1號四樓,121.295231184969,25.0088283085856
桃園市桃園區南埔里12鄰大興西路二段223號,68,6800100,6800100-067,12鄰,大興西路,二段,,,,,223號,121.295204583537,25.0088905663376
桃園市桃園區南埔里12鄰大興西路二段223號二樓,68,6800100,6800100-067,12鄰,大興西路,二段,,,,,223號二樓,121.295204583537,25.0088905663376
桃園市桃園區南埔里12鄰大興西路二段223號三樓,68,6800100,6800100-067,12鄰,大興西路,二段,,,,,223號三樓,121.295204583537,25.0088905663376
桃園市桃園區南埔里12鄰大興西路二段223號四樓,68,6800100,6800100-067,12鄰,大興西路,二段,,,,,223號四樓,121.295204583537,25.0088905663376
桃園市桃園區南埔里12鄰大興西路二段223號五樓,68,6800100,6800100-067,12鄰,大興西路,二段,,,,,223號五樓,121.295204583537,25.0088905663376
桃園市桃園區南埔里12鄰大興西路二段223號六樓,68,6800100,6800100-067,12鄰,大興西路,二段,,,,,223號六樓,121.295204583537,25.0088905663376
桃園市桃園區南埔里12鄰大興西路二段223之1號二樓,68,6800100,6800100-067,12鄰,大興西路,二段,,,,,223之1號二樓,121.295179478125,25.0089569741307
桃園市桃園區南埔里12鄰大興西路二段223之1號三樓,68,6800100,6800100-067,12鄰,大興西路,二段,,,,,223之1號三樓,121.295179478125,25.0089569741307
桃園市桃園區南埔里12鄰大興西路二段223之1號四樓,68,6800100,6800100-067,12鄰,大興西路,二段,,,,,223之1號四樓,121.295179478125,25.0089569741307
桃園市桃園區南埔里12鄰大興西路二段223之1號五樓,68,6800100,6800100-067,12鄰,大興西路,二段,,,,,223之1號五樓,121.295179478125,25.0089569741307
桃園市桃園區南埔里12鄰大興西路二段223之1號六樓,68,6800100,6800100-067,12鄰,大興西路,二段,,,,,223之1號六樓,121.295179478125,25.0089569741307
桃園市桃園區南埔里12鄰大興西路二段223之1號七樓,68,6800100,6800100-067,12鄰,大興西路,二段,,,,,223之1號七樓,121.295179478125,25.0089569741307
桃園市桃園區南埔里12鄰大興西路二段223之1號八樓,68,6800100,6800100-067,12鄰,大興西路,二段,,,,,223之1號八樓,121.295179478125,25.0089569741307
桃園市桃園區南埔里12鄰大興西路二段223之1號九樓,68,6800100,6800100-067,12鄰,大興西路,二段,,,,,223之1號九樓,121.295179478125,25.0089569741307
桃園市桃園區南埔里12鄰大興西路二段223之1號十樓,68,6800100,6800100-067,12鄰,大興西路,二段,,,,,223之1號十樓,121.295179478125,25.0089569741307
桃園市桃園區南埔里12鄰大興西路二段223號七樓,68,6800100,6800100-067,12鄰,大興西路,二段,,,,,223號七樓,121.295204583537,25.0088905663376
桃園市桃園區南埔里12鄰大興西路二段223號八樓,68,6800100,6800100-067,12鄰,大興西路,二段,,,,,223號八樓,121.295204583537,25.0088905663376
桃園市桃園區南埔里12鄰大興西路二段223號九樓,68,6800100,6800100-067,12鄰,大興西路,二段,,,,,223號九樓,121.295204583537,25.0088905663376
桃園市桃園區南埔里12鄰大興西路二段223號十樓,68,6800100,6800100-067,12鄰,大興西路,二段,,,,,223號十樓,121.295204583537,25.0088905663376
桃園市桃園區南埔里12鄰大興西路二段225之1號,68,6800100,6800100-067,12鄰,大興西路,二段,,,,,225之1號,121.295282855701,25.0090160848107
桃園市桃園區南埔里12鄰大興西路二段225號,68,6800100,6800100-067,12鄰,大興西路,二段,,,,,225號,121.295249620999,25.0090803419638
桃園市桃園區南埔里12鄰大興西路二段225號九樓,68,6800100,6800100-067,12鄰,大興西路,二段,,,,,225號九樓,121.295249620999,25.0090803419638
桃園市桃園區南埔里12鄰大興西路二段225號十樓,68,6800100,6800100-067,12鄰,大興西路,二段,,,,,225號十樓,121.295249620999,25.0090803419638
桃園市桃園區南埔里12鄰大興西路二段225之1號七樓,68,6800100,6800100-067,12鄰,大興西路,二段,,,,,225之1號七樓,121.295282855701,25.0090160848107
桃園市桃園區南埔里12鄰大興西路二段225之1號八樓,68,6800100,6800100-067,12鄰,大興西路,二段,,,,,225之1號八樓,121.295282855701,25.0090160848107
桃園市桃園區南埔里12鄰大興西路二段225之1號九樓,68,6800100,6800100-067,12鄰,大興西路,二段,,,,,225之1號九樓,121.295282855701,25.0090160848107
桃園市桃園區南埔里12鄰大興西路二段225之1號十樓,68,6800100,6800100-067,12鄰,大興西路,二段,,,,,225之1號十樓,121.295282855701,25.0090160848107
桃園市桃園區南埔里12鄰大興西路二段225之2號二樓,68,6800100,6800100-067,12鄰,大興西路,二段,,,,,225之2號二樓,121.295165127808,25.0090049428542
桃園市桃園區南埔里12鄰大興西路二段225之2號四樓,68,6800100,6800100-067,12鄰,大興西路,二段,,,,,225之2號四樓,121.295165127808,25.0090049428542
桃園市桃園區南埔里12鄰大興西路二段225之2號五樓,68,6800100,6800100-067,12鄰,大興西路,二段,,,,,225之2號五樓,121.295165127808,25.0090049428542
桃園市桃園區南埔里12鄰大興西路二段225之2號六樓,68,6800100,6800100-067,12鄰,大興西路,二段,,,,,225之2號六樓,121.295165127808,25.0090049428542
桃園市桃園區南埔里12鄰大興西路二段225之2號七樓,68,6800100,6800100-067,12鄰,大興西路,二段,,,,,225之2號七樓,121.295165127808,25.0090049428542
桃園市桃園區南埔里12鄰大興西路二段225之2號八樓,68,6800100,6800100-067,12鄰,大興西路,二段,,,,,225之2號八樓,121.295165127808,25.0090049428542
桃園市桃園區南埔里12鄰大興西路二段225之2號十樓,68,6800100,6800100-067,12鄰,大興西路,二段,,,,,225之2號十樓,121.295165127808,25.0090049428542
桃園市桃園區南埔里12鄰大興西路二段225之1號二樓,68,6800100,6800100-067,12鄰,大興西路,二段,,,,,225之1號二樓,121.295282855701,25.0090160848107
桃園市桃園區南埔里12鄰大興西路二段225之1號三樓,68,6800100,6800100-067,12鄰,大興西路,二段,,,,,225之1號三樓,121.295282855701,25.0090160848107
桃園市桃園區南埔里12鄰大興西路二段225之1號四樓,68,6800100,6800100-067,12鄰,大興西路,二段,,,,,225之1號四樓,121.295282855701,25.0090160848107
桃園市桃園區南埔里12鄰大興西路二段225之1號六樓,68,6800100,6800100-067,12鄰,大興西路,二段,,,,,225之1號六樓,121.295282855701,25.0090160848107
桃園市桃園區南埔里12鄰大興西路二段225之1號五樓,68,6800100,6800100-067,12鄰,大興西路,二段,,,,,225之1號五樓,121.295282855701,25.0090160848107
桃園市桃園區南埔里12鄰大興西路二段225號八樓,68,6800100,6800100-067,12鄰,大興西路,二段,,,,,225號八樓,121.295249620999,25.0090803419638
桃園市桃園區南埔里12鄰大興西路二段225之2號三樓,68,6800100,6800100-067,12鄰,大興西路,二段,,,,,225之2號三樓,121.295165127808,25.0090049428542
桃園市桃園區南埔里12鄰大興西路二段225之2號九樓,68,6800100,6800100-067,12鄰,大興西路,二段,,,,,225之2號九樓,121.295165127808,25.0090049428542
桃園市桃園區南埔里12鄰大興西路二段225號二樓,68,6800100,6800100-067,12鄰,大興西路,二段,,,,,225號二樓,121.295249620999,25.0090803419638
桃園市桃園區南埔里12鄰大興西路二段225號三樓,68,6800100,6800100-067,12鄰,大興西路,二段,,,,,225號三樓,121.295249620999,25.0090803419638
桃園市桃園區南埔里12鄰大興西路二段225號四樓,68,6800100,6800100-067,12鄰,大興西路,二段,,,,,225號四樓,121.295249620999,25.0090803419638
桃園市桃園區南埔里12鄰大興西路二段225號五樓,68,6800100,6800100-067,12鄰,大興西路,二段,,,,,225號五樓,121.295249620999,25.0090803419638
桃園市桃園區南埔里12鄰大興西路二段225號六樓,68,6800100,6800100-067,12鄰,大興西路,二段,,,,,225號六樓,121.295249620999,25.0090803419638
桃園市桃園區南埔里12鄰大興西路二段225號七樓,68,6800100,6800100-067,12鄰,大興西路,二段,,,,,225號七樓,121.295249620999,25.0090803419638
桃園市桃園區南埔里12鄰大興西路二段227號,68,6800100,6800100-067,12鄰,大興西路,二段,,,,,227號,121.295031732923,25.0089053545994
桃園市桃園區南埔里12鄰大興西路二段235巷1號,68,6800100,6800100-067,12鄰,大興西路,二段,235巷,,,,1號,121.294937137728,25.008789889768
桃園市桃園區南埔里12鄰大興西路二段235巷3號,68,6800100,6800100-067,12鄰,大興西路,二段,235巷,,,,3號,121.294945279193,25.0087556563857
桃園市桃園區南埔里12鄰大興西路二段235巷5號,68,6800100,6800100-067,12鄰,大興西路,二段,235巷,,,,5號,121.294961303915,25.008703531345
桃園市桃園區南埔里12鄰大興西路二段235巷7號,68,6800100,6800100-067,12鄰,大興西路,二段,235巷,,,,7號,121.294963976439,25.0086610027764
桃園市桃園區南埔里12鄰大興西路二段235巷9號,68,6800100,6800100-067,12鄰,大興西路,二段,235巷,,,,9號,121.294970699365,25.0086135908951
桃園市桃園區南埔里12鄰大興西路二段235巷11號,68,6800100,6800100-067,12鄰,大興西路,二段,235巷,,,,11號,121.294978739364,25.0085783645991
桃園市桃園區南埔里12鄰大興西路二段235巷12號,68,6800100,6800100-067,12鄰,大興西路,二段,235巷,,,,12號,121.294819733916,25.0085823814806
桃園市桃園區南埔里12鄰大興西路二段235巷13號,68,6800100,6800100-067,12鄰,大興西路,二段,235巷,,,,13號,121.294989442719,25.0085382577408
桃園市桃園區南埔里12鄰大興西路二段235巷14號,68,6800100,6800100-067,12鄰,大興西路,二段,235巷,,,,14號,121.294819643182,25.0085443725386
桃園市桃園區南埔里12鄰大興西路二段235巷15號,68,6800100,6800100-067,12鄰,大興西路,二段,235巷,,,,15號,121.295024332047,25.0085030684688
桃園市桃園區南埔里12鄰大興西路二段235巷16號,68,6800100,6800100-067,12鄰,大興西路,二段,235巷,,,,16號,121.294805167716,25.0084984472108
桃園市桃園區南埔里12鄰大興西路二段235巷17號,68,6800100,6800100-067,12鄰,大興西路,二段,235巷,,,,17號,121.295045744025,25.0084665516815
桃園市桃園區南埔里12鄰大興西路二段235巷18號,68,6800100,6800100-067,12鄰,大興西路,二段,235巷,,,,18號,121.294784850114,25.008453887705
桃園市桃園區南埔里12鄰大興西路二段235巷19號,68,6800100,6800100-067,12鄰,大興西路,二段,235巷,,,,19號,121.295082033298,25.0084367765957
桃園市桃園區南埔里12鄰大興西路二段235巷20號,68,6800100,6800100-067,12鄰,大興西路,二段,235巷,,,,20號,121.294781873526,25.008410557788
桃園市桃園區南埔里12鄰大興西路二段235巷21號,68,6800100,6800100-067,12鄰,大興西路,二段,235巷,,,,21號,121.295116906607,25.0083949063954
桃園市桃園區南埔里12鄰大興西路二段235巷22號,68,6800100,6800100-067,12鄰,大興西路,二段,235巷,,,,22號,121.294768791377,25.0083672478996
桃園市桃園區南埔里12鄰大興西路二段235巷23之1號,68,6800100,6800100-067,12鄰,大興西路,二段,235巷,,,,23之1號,121.295060577331,25.0083304658479
桃園市桃園區南埔里12鄰大興西路二段235巷24號,68,6800100,6800100-067,12鄰,大興西路,二段,235巷,,,,24號,121.294751455514,25.0083266549284
桃園市桃園區南埔里12鄰大興西路二段235巷26號,68,6800100,6800100-067,12鄰,大興西路,二段,235巷,,,,26號,121.29475284445,25.0082859345639
桃園市桃園區南埔里12鄰大興西路二段235巷27號,68,6800100,6800100-067,12鄰,大興西路,二段,235巷,,,,27號,121.295081989269,25.0082939490549
桃園市桃園區南埔里12鄰大興西路二段235巷28號,68,6800100,6800100-067,12鄰,大興西路,二段,235巷,,,,28號,121.294732508158,25.0082335204693
桃園市桃園區南埔里12鄰大興西路二段235巷29弄1號,68,6800100,6800100-067,12鄰,大興西路,二段,235巷,29弄,,,1號,121.295358952676,25.0082320068839
桃園市桃園區南埔里12鄰大興西路二段235巷29弄1號二樓,68,6800100,6800100-067,12鄰,大興西路,二段,235巷,29弄,,,1號二樓,121.295358952676,25.0082320068839
桃園市桃園區南埔里12鄰大興西路二段235巷29弄1號三樓,68,6800100,6800100-067,12鄰,大興西路,二段,235巷,29弄,,,1號三樓,121.295358952676,25.0082320068839
桃園市桃園區南埔里12鄰大興西路二段235巷29弄1號五樓,68,6800100,6800100-067,12鄰,大興西路,二段,235巷,29弄,,,1號五樓,121.295358952676,25.0082320068839
桃園市桃園區南埔里12鄰大興西路二段235巷29弄1號六樓,68,6800100,6800100-067,12鄰,大興西路,二段,235巷,29弄,,,1號六樓,121.295358952676,25.0082320068839
桃園市桃園區南埔里12鄰大興西路二段235巷29弄1號四樓,68,6800100,6800100-067,12鄰,大興西路,二段,235巷,29弄,,,1號四樓,121.295358952676,25.0082320068839
桃園市桃園區南埔里12鄰大興西路二段235巷29弄3號,68,6800100,6800100-067,12鄰,大興西路,二段,235巷,29弄,,,3號,121.295447455538,25.0082028502726
桃園市桃園區南埔里12鄰大興西路二段235巷29弄3號二樓,68,6800100,6800100-067,12鄰,大興西路,二段,235巷,29弄,,,3號二樓,121.295447455538,25.0082028502726
桃園市桃園區南埔里12鄰大興西路二段235巷29弄3號三樓,68,6800100,6800100-067,12鄰,大興西路,二段,235巷,29弄,,,3號三樓,121.295447455538,25.0082028502726
桃園市桃園區南埔里12鄰大興西路二段235巷29弄3號五樓,68,6800100,6800100-067,12鄰,大興西路,二段,235巷,29弄,,,3號五樓,121.295447455538,25.0082028502726
桃園市桃園區南埔里12鄰大興西路二段235巷29弄3號四樓,68,6800100,6800100-067,12鄰,大興西路,二段,235巷,29弄,,,3號四樓,121.295447455538,25.0082028502726
桃園市桃園區南埔里12鄰大興西路二段235巷29弄3號六樓,68,6800100,6800100-067,12鄰,大興西路,二段,235巷,29弄,,,3號六樓,121.295447455538,25.0082028502726
桃園市桃園區南埔里12鄰大興西路二段235巷29弄5號,68,6800100,6800100-067,12鄰,大興西路,二段,235巷,29弄,,,5號,121.295525260565,25.0082988470347
桃園市桃園區南埔里12鄰大興西路二段235巷29弄5號四樓,68,6800100,6800100-067,12鄰,大興西路,二段,235巷,29弄,,,5號四樓,121.295525260565,25.0082988470347
桃園市桃園區南埔里12鄰大興西路二段235巷29弄5號二樓,68,6800100,6800100-067,12鄰,大興西路,二段,235巷,29弄,,,5號二樓,121.295525260565,25.0082988470347
桃園市桃園區南埔里12鄰大興西路二段235巷29弄5號三樓,68,6800100,6800100-067,12鄰,大興西路,二段,235巷,29弄,,,5號三樓,121.295525260565,25.0082988470347
桃園市桃園區南埔里12鄰大興西路二段235巷29弄5號五樓,68,6800100,6800100-067,12鄰,大興西路,二段,235巷,29弄,,,5號五樓,121.295525260565,25.0082988470347
桃園市桃園區南埔里12鄰大興西路二段235巷29弄5號六樓,68,6800100,6800100-067,12鄰,大興西路,二段,235巷,29弄,,,5號六樓,121.295525260565,25.0082988470347
桃園市桃園區南埔里12鄰大興西路二段235巷29弄6號,68,6800100,6800100-067,12鄰,大興西路,二段,235巷,29弄,,,6號,121.295162494072,25.008193123817
桃園市桃園區南埔里12鄰大興西路二段235巷29弄7號,68,6800100,6800100-067,12鄰,大興西路,二段,235巷,29弄,,,7號,121.295459907393,25.0082310841001
桃園市桃園區南埔里12鄰大興西路二段235巷29弄7號五樓,68,6800100,6800100-067,12鄰,大興西路,二段,235巷,29弄,,,7號五樓,121.295459907393,25.0082310841001
桃園市桃園區南埔里12鄰大興西路二段235巷29弄7號六樓,68,6800100,6800100-067,12鄰,大興西路,二段,235巷,29弄,,,7號六樓,121.295459907393,25.0082310841001
桃園市桃園區南埔里12鄰大興西路二段235巷29弄7號四樓,68,6800100,6800100-067,12鄰,大興西路,二段,235巷,29弄,,,7號四樓,121.295459907393,25.0082310841001
桃園市桃園區南埔里12鄰大興西路二段235巷29弄7號二樓,68,6800100,6800100-067,12鄰,大興西路,二段,235巷,29弄,,,7號二樓,121.295459907393,25.0082310841001
桃園市桃園區南埔里12鄰大興西路二段235巷29弄7號三樓,68,6800100,6800100-067,12鄰,大興西路,二段,235巷,29弄,,,7號三樓,121.295459907393,25.0082310841001
桃園市桃園區南埔里12鄰大興西路二段235巷29弄8號,68,6800100,6800100-067,12鄰,大興西路,二段,235巷,29弄,,,8號,121.295192902483,25.0081485539704
桃園市桃園區南埔里12鄰大興西路二段235巷31號,68,6800100,6800100-067,12鄰,大興西路,二段,235巷,,,,31號,121.295116896997,25.0081421141495
桃園市桃園區南埔里12鄰大興西路二段235巷31號二樓,68,6800100,6800100-067,12鄰,大興西路,二段,235巷,,,,31號二樓,121.295116896997,25.0081421141495
桃園市桃園區南埔里12鄰大興西路二段235巷31號四樓,68,6800100,6800100-067,12鄰,大興西路,二段,235巷,,,,31號四樓,121.295116896997,25.0081421141495
桃園市桃園區南埔里12鄰大興西路二段235巷31號五樓,68,6800100,6800100-067,12鄰,大興西路,二段,235巷,,,,31號五樓,121.295116896997,25.0081421141495
桃園市桃園區南埔里12鄰大興西路二段235巷31號六樓,68,6800100,6800100-067,12鄰,大興西路,二段,235巷,,,,31號六樓,121.295116896997,25.0081421141495
桃園市桃園區南埔里12鄰大興西路二段235巷31號三樓,68,6800100,6800100-067,12鄰,大興西路,二段,235巷,,,,31號三樓,121.295116896997,25.0081421141495
桃園市桃園區南埔里12鄰大興西路二段235巷32號,68,6800100,6800100-067,12鄰,大興西路,二段,235巷,,,,32號,121.294911816052,25.0084338640315
桃園市桃園區南埔里12鄰大興西路二段235巷33號二樓,68,6800100,6800100-067,12鄰,大興西路,二段,235巷,,,,33號二樓,121.295142358747,25.0081834132168
桃園市桃園區南埔里12鄰大興西路二段235巷33號三樓,68,6800100,6800100-067,12鄰,大興西路,二段,235巷,,,,33號三樓,121.295142358747,25.0081834132168
桃園市桃園區南埔里12鄰大興西路二段235巷33號四樓,68,6800100,6800100-067,12鄰,大興西路,二段,235巷,,,,33號四樓,121.295142358747,25.0081834132168
桃園市桃園區南埔里12鄰大興西路二段235巷33號五樓,68,6800100,6800100-067,12鄰,大興西路,二段,235巷,,,,33號五樓,121.295142358747,25.0081834132168
桃園市桃園區南埔里12鄰大興西路二段235巷33號六樓,68,6800100,6800100-067,12鄰,大興西路,二段,235巷,,,,33號六樓,121.295142358747,25.0081834132168
桃園市桃園區南埔里12鄰大興西路二段235巷35號六樓,68,6800100,6800100-067,12鄰,大興西路,二段,235巷,,,,35號六樓,121.295192902483,25.0081485539704
桃園市桃園區南埔里12鄰大興西路二段235巷35號二樓,68,6800100,6800100-067,12鄰,大興西路,二段,235巷,,,,35號二樓,121.295192902483,25.0081485539704
桃園市桃園區南埔里12鄰大興西路二段235巷35號三樓,68,6800100,6800100-067,12鄰,大興西路,二段,235巷,,,,35號三樓,121.295192902483,25.0081485539704
桃園市桃園區南埔里12鄰大興西路二段235巷35號四樓,68,6800100,6800100-067,12鄰,大興西路,二段,235巷,,,,35號四樓,121.295192902483,25.0081485539704
桃園市桃園區南埔里12鄰大興西路二段235巷35號五樓,68,6800100,6800100-067,12鄰,大興西路,二段,235巷,,,,35號五樓,121.295192902483,25.0081485539704
桃園市桃園區南埔里12鄰大興西路二段235巷36號,68,6800100,6800100-067,12鄰,大興西路,二段,235巷,,,,36號,121.294861932563,25.0082888782334
桃園市桃園區南埔里12鄰大興西路二段235巷38號,68,6800100,6800100-067,12鄰,大興西路,二段,235巷,,,,38號,121.294940044125,25.0083059673959
桃園市桃園區南埔里11鄰大興西路二段237號,68,6800100,6800100-067,11鄰,大興西路,二段,,,,,237號,121.294822158516,25.0087679984162
桃園市桃園區南埔里11鄰大興西路二段239號,68,6800100,6800100-067,11鄰,大興西路,二段,,,,,239號,121.294796020469,25.0087339232737
桃園市桃園區南埔里11鄰大興西路二段241號,68,6800100,6800100-067,11鄰,大興西路,二段,,,,,241號,121.294739982824,25.008667134673
桃園市桃園區南埔里11鄰大興西路二段247號一樓,68,6800100,6800100-067,11鄰,大興西路,二段,,,,,247號一樓,121.294533496841,25.0084951032994
桃園市桃園區南埔里11鄰大興西路二段249號一樓,68,6800100,6800100-067,11鄰,大興西路,二段,,,,,249號一樓,121.294510651849,25.0084708624249
桃園市桃園區南埔里11鄰大興西路二段251號十二樓之2,68,6800100,6800100-067,11鄰,大興西路,二段,,,,,251號十二樓之2,121.294601872525,25.0084179565167
桃園市桃園區南埔里11鄰大興西路二段251號十二樓之3,68,6800100,6800100-067,11鄰,大興西路,二段,,,,,251號十二樓之3,121.294517383197,25.00834382098
桃園市桃園區南埔里11鄰大興西路二段251號十二樓之4,68,6800100,6800100-067,11鄰,大興西路,二段,,,,,251號十二樓之4,121.294475490233,25.0084334646226
桃園市桃園區南埔里11鄰大興西路二段251號十樓之1,68,6800100,6800100-067,11鄰,大興西路,二段,,,,,251號十樓之1,121.294553651575,25.0084714092509
桃園市桃園區南埔里11鄰大興西路二段251號十樓之2,68,6800100,6800100-067,11鄰,大興西路,二段,,,,,251號十樓之2,121.294601872525,25.0084179565167
桃園市桃園區南埔里11鄰大興西路二段251號十樓之3,68,6800100,6800100-067,11鄰,大興西路,二段,,,,,251號十樓之3,121.294517383197,25.00834382098
桃園市桃園區南埔里11鄰大興西路二段251號十樓之4,68,6800100,6800100-067,11鄰,大興西路,二段,,,,,251號十樓之4,121.294475490233,25.0084334646226
桃園市桃園區南埔里11鄰大興西路二段251號三樓之1,68,6800100,6800100-067,11鄰,大興西路,二段,,,,,251號三樓之1,121.294553651575,25.0084714092509
桃園市桃園區南埔里11鄰大興西路二段251號三樓之3,68,6800100,6800100-067,11鄰,大興西路,二段,,,,,251號三樓之3,121.294517383197,25.00834382098
桃園市桃園區南埔里11鄰大興西路二段251號三樓之4,68,6800100,6800100-067,11鄰,大興西路,二段,,,,,251號三樓之4,121.294475490233,25.0084334646226
桃園市桃園區南埔里11鄰大興西路二段251號五樓之1,68,6800100,6800100-067,11鄰,大興西路,二段,,,,,251號五樓之1,121.294553651575,25.0084714092509
桃園市桃園區南埔里11鄰大興西路二段251號五樓之2,68,6800100,6800100-067,11鄰,大興西路,二段,,,,,251號五樓之2,121.294601872525,25.0084179565167
桃園市桃園區南埔里11鄰大興西路二段251號五樓之3,68,6800100,6800100-067,11鄰,大興西路,二段,,,,,251號五樓之3,121.294517383197,25.00834382098
桃園市桃園區南埔里11鄰大興西路二段251號五樓之4,68,6800100,6800100-067,11鄰,大興西路,二段,,,,,251號五樓之4,121.294475490233,25.0084334646226
桃園市桃園區南埔里11鄰大興西路二段251號六樓之1,68,6800100,6800100-067,11鄰,大興西路,二段,,,,,251號六樓之1,121.294553651575,25.0084714092509
桃園市桃園區南埔里11鄰大興西路二段251號六樓之3,68,6800100,6800100-067,11鄰,大興西路,二段,,,,,251號六樓之3,121.294517383197,25.00834382098
桃園市桃園區南埔里11鄰大興西路二段251號六樓之4,68,6800100,6800100-067,11鄰,大興西路,二段,,,,,251號六樓之4,121.294475490233,25.0084334646226
桃園市桃園區南埔里11鄰大興西路二段251號四樓之1,68,6800100,6800100-067,11鄰,大興西路,二段,,,,,251號四樓之1,121.294553651575,25.0084714092509
桃園市桃園區南埔里11鄰大興西路二段251號四樓之2,68,6800100,6800100-067,11鄰,大興西路,二段,,,,,251號四樓之2,121.294601872525,25.0084179565167
桃園市桃園區南埔里11鄰大興西路二段251號四樓之3,68,6800100,6800100-067,11鄰,大興西路,二段,,,,,251號四樓之3,121.294517383197,25.00834382098
桃園市桃園區南埔里11鄰大興西路二段251號四樓之4,68,6800100,6800100-067,11鄰,大興西路,二段,,,,,251號四樓之4,121.294475490233,25.0084334646226
桃園市桃園區南埔里11鄰大興西路二段251號七樓之1,68,6800100,6800100-067,11鄰,大興西路,二段,,,,,251號七樓之1,121.294553651575,25.0084714092509
桃園市桃園區南埔里11鄰大興西路二段251號七樓之2,68,6800100,6800100-067,11鄰,大興西路,二段,,,,,251號七樓之2,121.294601872525,25.0084179565167
桃園市桃園區南埔里11鄰大興西路二段251號七樓之3,68,6800100,6800100-067,11鄰,大興西路,二段,,,,,251號七樓之3,121.294517383197,25.00834382098
桃園市桃園區南埔里11鄰大興西路二段251號七樓之4,68,6800100,6800100-067,11鄰,大興西路,二段,,,,,251號七樓之4,121.294475490233,25.0084334646226
桃園市桃園區南埔里11鄰大興西路二段251號九樓之1,68,6800100,6800100-067,11鄰,大興西路,二段,,,,,251號九樓之1,121.294553651575,25.0084714092509
桃園市桃園區南埔里11鄰大興西路二段251號九樓之3,68,6800100,6800100-067,11鄰,大興西路,二段,,,,,251號九樓之3,121.294517383197,25.00834382098
桃園市桃園區南埔里11鄰大興西路二段251號九樓之4,68,6800100,6800100-067,11鄰,大興西路,二段,,,,,251號九樓之4,121.294475490233,25.0084334646226
桃園市桃園區南埔里11鄰大興西路二段251號二樓之1,68,6800100,6800100-067,11鄰,大興西路,二段,,,,,251號二樓之1,121.294553651575,25.0084714092509
桃園市桃園區南埔里11鄰大興西路二段251號二樓之2,68,6800100,6800100-067,11鄰,大興西路,二段,,,,,251號二樓之2,121.294601872525,25.0084179565167
桃園市桃園區南埔里11鄰大興西路二段251號二樓之3,68,6800100,6800100-067,11鄰,大興西路,二段,,,,,251號二樓之3,121.294517383197,25.00834382098
桃園市桃園區南埔里11鄰大興西路二段251號八樓之1,68,6800100,6800100-067,11鄰,大興西路,二段,,,,,251號八樓之1,121.294553651575,25.0084714092509
桃園市桃園區南埔里11鄰大興西路二段251號八樓之2,68,6800100,6800100-067,11鄰,大興西路,二段,,,,,251號八樓之2,121.294601872525,25.0084179565167
桃園市桃園區南埔里11鄰大興西路二段251號八樓之3,68,6800100,6800100-067,11鄰,大興西路,二段,,,,,251號八樓之3,121.294517383197,25.00834382098
桃園市桃園區南埔里11鄰大興西路二段251號十一樓之1,68,6800100,6800100-067,11鄰,大興西路,二段,,,,,251號十一樓之1,121.294553651575,25.0084714092509
桃園市桃園區南埔里11鄰大興西路二段251號十一樓之2,68,6800100,6800100-067,11鄰,大興西路,二段,,,,,251號十一樓之2,121.294601872525,25.0084179565167
桃園市桃園區南埔里11鄰大興西路二段251號十一樓之3,68,6800100,6800100-067,11鄰,大興西路,二段,,,,,251號十一樓之3,121.294517383197,25.00834382098
桃園市桃園區南埔里11鄰大興西路二段251號十一樓之4,68,6800100,6800100-067,11鄰,大興西路,二段,,,,,251號十一樓之4,121.294475490233,25.0084334646226
桃園市桃園區南埔里11鄰大興西路二段251號十二樓之1,68,6800100,6800100-067,11鄰,大興西路,二段,,,,,251號十二樓之1,121.294553651575,25.0084714092509
桃園市桃園區南埔里11鄰大興西路二段251號三樓之2,68,6800100,6800100-067,11鄰,大興西路,二段,,,,,251號三樓之2,121.294601872525,25.0084179565167
桃園市桃園區南埔里11鄰大興西路二段251號六樓之2,68,6800100,6800100-067,11鄰,大興西路,二段,,,,,251號六樓之2,121.294601872525,25.0084179565167
桃園市桃園區南埔里11鄰大興西路二段251號九樓之2,68,6800100,6800100-067,11鄰,大興西路,二段,,,,,251號九樓之2,121.294601872525,25.0084179565167
桃園市桃園區南埔里11鄰大興西路二段251號八樓之4,68,6800100,6800100-067,11鄰,大興西路,二段,,,,,251號八樓之4,121.294475490233,25.0084334646226
桃園市桃園區南埔里11鄰大興西路二段253號一樓,68,6800100,6800100-067,11鄰,大興西路,二段,,,,,253號一樓,121.294429221354,25.0083914843701
桃園市桃園區南埔里11鄰大興西路二段255號,68,6800100,6800100-067,11鄰,大興西路,二段,,,,,255號,121.294245261777,25.0082343949583
桃園市桃園區南埔里11鄰大興西路二段255號三樓,68,6800100,6800100-067,11鄰,大興西路,二段,,,,,255號三樓,121.294245261777,25.0082343949583
桃園市桃園區南埔里11鄰大興西路二段255號四樓,68,6800100,6800100-067,11鄰,大興西路,二段,,,,,255號四樓,121.294245261777,25.0082343949583
桃園市桃園區南埔里11鄰大興西路二段255號二樓,68,6800100,6800100-067,11鄰,大興西路,二段,,,,,255號二樓,121.294245261777,25.0082343949583
桃園市桃園區南埔里11鄰大興西路二段255號五樓,68,6800100,6800100-067,11鄰,大興西路,二段,,,,,255號五樓,121.294245261777,25.0082343949583
桃園市桃園區南埔里11鄰大興西路二段255號六樓,68,6800100,6800100-067,11鄰,大興西路,二段,,,,,255號六樓,121.294245261777,25.0082343949583
桃園市桃園區南埔里11鄰大興西路二段255號七樓,68,6800100,6800100-067,11鄰,大興西路,二段,,,,,255號七樓,121.294245261777,25.0082343949583
桃園市桃園區南埔里11鄰大興西路二段255號八樓,68,6800100,6800100-067,11鄰,大興西路,二段,,,,,255號八樓,121.294245261777,25.0082343949583
桃園市桃園區南埔里11鄰大興西路二段255號九樓,68,6800100,6800100-067,11鄰,大興西路,二段,,,,,255號九樓,121.294245261777,25.0082343949583
桃園市桃園區南埔里11鄰大興西路二段257號,68,6800100,6800100-067,11鄰,大興西路,二段,,,,,257號,121.294184514481,25.0081866651616
桃園市桃園區南埔里11鄰大興西路二段257號三樓,68,6800100,6800100-067,11鄰,大興西路,二段,,,,,257號三樓,121.294184514481,25.0081866651616
桃園市桃園區南埔里11鄰大興西路二段257號四樓,68,6800100,6800100-067,11鄰,大興西路,二段,,,,,257號四樓,121.294184514481,25.0081866651616
桃園市桃園區南埔里11鄰大興西路二段257號二樓,68,6800100,6800100-067,11鄰,大興西路,二段,,,,,257號二樓,121.294184514481,25.0081866651616
桃園市桃園區南埔里11鄰大興西路二段257號六樓,68,6800100,6800100-067,11鄰,大興西路,二段,,,,,257號六樓,121.294184514481,25.0081866651616
桃園市桃園區南埔里11鄰大興西路二段257號七樓,68,6800100,6800100-067,11鄰,大興西路,二段,,,,,257號七樓,121.294184514481,25.0081866651616
桃園市桃園區南埔里11鄰大興西路二段257號八樓,68,6800100,6800100-067,11鄰,大興西路,二段,,,,,257號八樓,121.294184514481,25.0081866651616
桃園市桃園區南埔里11鄰大興西路二段257號九樓,68,6800100,6800100-067,11鄰,大興西路,二段,,,,,257號九樓,121.294184514481,25.0081866651616
桃園市桃園區南埔里11鄰大興西路二段257號五樓,68,6800100,6800100-067,11鄰,大興西路,二段,,,,,257號五樓,121.294184514481,25.0081866651616
桃園市桃園區南埔里15鄰大興西路二段261號,68,6800100,6800100-067,15鄰,大興西路,二段,,,,,261號,121.294057234404,25.0080746951492
桃園市桃園區南埔里15鄰大興西路二段261號三樓之1,68,6800100,6800100-067,15鄰,大興西路,二段,,,,,261號三樓之1,121.294057234404,25.0080746951492
桃園市桃園區南埔里15鄰大興西路二段261號三樓之2,68,6800100,6800100-067,15鄰,大興西路,二段,,,,,261號三樓之2,121.294057234404,25.0080746951492
桃園市桃園區南埔里15鄰大興西路二段261號五樓之1,68,6800100,6800100-067,15鄰,大興西路,二段,,,,,261號五樓之1,121.294057234404,25.0080746951492
桃園市桃園區南埔里15鄰大興西路二段261號五樓之2,68,6800100,6800100-067,15鄰,大興西路,二段,,,,,261號五樓之2,121.294057234404,25.0080746951492
桃園市桃園區南埔里15鄰大興西路二段261號六樓之1,68,6800100,6800100-067,15鄰,大興西路,二段,,,,,261號六樓之1,121.294057234404,25.0080746951492
桃園市桃園區南埔里15鄰大興西路二段261號六樓之2,68,6800100,6800100-067,15鄰,大興西路,二段,,,,,261號六樓之2,121.294057234404,25.0080746951492
桃園市桃園區南埔里15鄰大興西路二段261號四樓之1,68,6800100,6800100-067,15鄰,大興西路,二段,,,,,261號四樓之1,121.294057234404,25.0080746951492
桃園市桃園區南埔里15鄰大興西路二段261號四樓之2,68,6800100,6800100-067,15鄰,大興西路,二段,,,,,261號四樓之2,121.294057234404,25.0080746951492
桃園市桃園區南埔里15鄰大興西路二段261號九樓之2,68,6800100,6800100-067,15鄰,大興西路,二段,,,,,261號九樓之2,121.294057234404,25.0080746951492
桃園市桃園區南埔里15鄰大興西路二段261號二十樓之1,68,6800100,6800100-067,15鄰,大興西路,二段,,,,,261號二十樓之1,121.294057234404,25.0080746951492
桃園市桃園區南埔里15鄰大興西路二段261號二十樓之2,68,6800100,6800100-067,15鄰,大興西路,二段,,,,,261號二十樓之2,121.294057234404,25.0080746951492
桃園市桃園區南埔里15鄰大興西路二段261號二樓,68,6800100,6800100-067,15鄰,大興西路,二段,,,,,261號二樓,121.294057234404,25.0080746951492
桃園市桃園區南埔里15鄰大興西路二段261號八樓之1,68,6800100,6800100-067,15鄰,大興西路,二段,,,,,261號八樓之1,121.294057234404,25.0080746951492
桃園市桃園區南埔里15鄰大興西路二段261號八樓之2,68,6800100,6800100-067,15鄰,大興西路,二段,,,,,261號八樓之2,121.294057234404,25.0080746951492
桃園市桃園區南埔里15鄰大興西路二段261號十一樓之1,68,6800100,6800100-067,15鄰,大興西路,二段,,,,,261號十一樓之1,121.294057234404,25.0080746951492
桃園市桃園區南埔里15鄰大興西路二段261號十一樓之2,68,6800100,6800100-067,15鄰,大興西路,二段,,,,,261號十一樓之2,121.294057234404,25.0080746951492
桃園市桃園區南埔里15鄰大興西路二段261號十七樓之1,68,6800100,6800100-067,15鄰,大興西路,二段,,,,,261號十七樓之1,121.294057234404,25.0080746951492
桃園市桃園區南埔里15鄰大興西路二段261號十七樓之2,68,6800100,6800100-067,15鄰,大興西路,二段,,,,,261號十七樓之2,121.294057234404,25.0080746951492
桃園市桃園區南埔里15鄰大興西路二段261號十九樓之1,68,6800100,6800100-067,15鄰,大興西路,二段,,,,,261號十九樓之1,121.294057234404,25.0080746951492
桃園市桃園區南埔里15鄰大興西路二段261號十九樓之2,68,6800100,6800100-067,15鄰,大興西路,二段,,,,,261號十九樓之2,121.294057234404,25.0080746951492
桃園市桃園區南埔里15鄰大興西路二段261號十二樓之1,68,6800100,6800100-067,15鄰,大興西路,二段,,,,,261號十二樓之1,121.294057234404,25.0080746951492
桃園市桃園區南埔里15鄰大興西路二段261號十二樓之2,68,6800100,6800100-067,15鄰,大興西路,二段,,,,,261號十二樓之2,121.294057234404,25.0080746951492
桃園市桃園區南埔里15鄰大興西路二段261號十八樓之1,68,6800100,6800100-067,15鄰,大興西路,二段,,,,,261號十八樓之1,121.294057234404,25.0080746951492
桃園市桃園區南埔里15鄰大興西路二段261號十三樓之1,68,6800100,6800100-067,15鄰,大興西路,二段,,,,,261號十三樓之1,121.294057234404,25.0080746951492
桃園市桃園區南埔里15鄰大興西路二段261號十三樓之2,68,6800100,6800100-067,15鄰,大興西路,二段,,,,,261號十三樓之2,121.294057234404,25.0080746951492
桃園市桃園區南埔里15鄰大興西路二段261號十五樓之1,68,6800100,6800100-067,15鄰,大興西路,二段,,,,,261號十五樓之1,121.294057234404,25.0080746951492
桃園市桃園區南埔里15鄰大興西路二段261號十五樓之2,68,6800100,6800100-067,15鄰,大興西路,二段,,,,,261號十五樓之2,121.294057234404,25.0080746951492
桃園市桃園區南埔里15鄰大興西路二段261號十六樓之1,68,6800100,6800100-067,15鄰,大興西路,二段,,,,,261號十六樓之1,121.294057234404,25.0080746951492
桃園市桃園區南埔里15鄰大興西路二段261號十六樓之2,68,6800100,6800100-067,15鄰,大興西路,二段,,,,,261號十六樓之2,121.294057234404,25.0080746951492
桃園市桃園區南埔里15鄰大興西路二段261號十四樓之1,68,6800100,6800100-067,15鄰,大興西路,二段,,,,,261號十四樓之1,121.294057234404,25.0080746951492
桃園市桃園區南埔里15鄰大興西路二段261號十四樓之2,68,6800100,6800100-067,15鄰,大興西路,二段,,,,,261號十四樓之2,121.294057234404,25.0080746951492
桃園市桃園區南埔里15鄰大興西路二段261號十樓之2,68,6800100,6800100-067,15鄰,大興西路,二段,,,,,261號十樓之2,121.294057234404,25.0080746951492
桃園市桃園區南埔里15鄰大興西路二段261號十八樓之2,68,6800100,6800100-067,15鄰,大興西路,二段,,,,,261號十八樓之2,121.294057234404,25.0080746951492
桃園市桃園區南埔里15鄰大興西路二段261號十樓之1,68,6800100,6800100-067,15鄰,大興西路,二段,,,,,261號十樓之1,121.294057234404,25.0080746951492
桃園市桃園區南埔里15鄰大興西路二段261號七樓之1,68,6800100,6800100-067,15鄰,大興西路,二段,,,,,261號七樓之1,121.294057234404,25.0080746951492
桃園市桃園區南埔里15鄰大興西路二段261號七樓之2,68,6800100,6800100-067,15鄰,大興西路,二段,,,,,261號七樓之2,121.294057234404,25.0080746951492
桃園市桃園區南埔里15鄰大興西路二段261號九樓之1,68,6800100,6800100-067,15鄰,大興西路,二段,,,,,261號九樓之1,121.294057234404,25.0080746951492
桃園市桃園區南埔里15鄰大興西路二段263號,68,6800100,6800100-067,15鄰,大興西路,二段,,,,,263號,121.293980645757,25.0079897097239
桃園市桃園區南埔里15鄰大興西路二段263號十三樓之1,68,6800100,6800100-067,15鄰,大興西路,二段,,,,,263號十三樓之1,121.293980645757,25.0079897097239
桃園市桃園區南埔里15鄰大興西路二段263號十三樓之2,68,6800100,6800100-067,15鄰,大興西路,二段,,,,,263號十三樓之2,121.293980645757,25.0079897097239
桃園市桃園區南埔里15鄰大興西路二段263號十五樓之1,68,6800100,6800100-067,15鄰,大興西路,二段,,,,,263號十五樓之1,121.293980645757,25.0079897097239
桃園市桃園區南埔里15鄰大興西路二段263號十五樓之2,68,6800100,6800100-067,15鄰,大興西路,二段,,,,,263號十五樓之2,121.293980645757,25.0079897097239
桃園市桃園區南埔里15鄰大興西路二段263號十六樓之1,68,6800100,6800100-067,15鄰,大興西路,二段,,,,,263號十六樓之1,121.293980645757,25.0079897097239
桃園市桃園區南埔里15鄰大興西路二段263號十六樓之2,68,6800100,6800100-067,15鄰,大興西路,二段,,,,,263號十六樓之2,121.293980645757,25.0079897097239
桃園市桃園區南埔里15鄰大興西路二段263號十四樓之1,68,6800100,6800100-067,15鄰,大興西路,二段,,,,,263號十四樓之1,121.293980645757,25.0079897097239
桃園市桃園區南埔里15鄰大興西路二段263號十四樓之2,68,6800100,6800100-067,15鄰,大興西路,二段,,,,,263號十四樓之2,121.293980645757,25.0079897097239
桃園市桃園區南埔里15鄰大興西路二段263號十樓之1,68,6800100,6800100-067,15鄰,大興西路,二段,,,,,263號十樓之1,121.293980645757,25.0079897097239
桃園市桃園區南埔里15鄰大興西路二段263號三樓之1,68,6800100,6800100-067,15鄰,大興西路,二段,,,,,263號三樓之1,121.293980645757,25.0079897097239
桃園市桃園區南埔里15鄰大興西路二段263號三樓之2,68,6800100,6800100-067,15鄰,大興西路,二段,,,,,263號三樓之2,121.293980645757,25.0079897097239
桃園市桃園區南埔里15鄰大興西路二段263號五樓之1,68,6800100,6800100-067,15鄰,大興西路,二段,,,,,263號五樓之1,121.293980645757,25.0079897097239
桃園市桃園區南埔里15鄰大興西路二段263號五樓之2,68,6800100,6800100-067,15鄰,大興西路,二段,,,,,263號五樓之2,121.293980645757,25.0079897097239
桃園市桃園區南埔里15鄰大興西路二段263號六樓之1,68,6800100,6800100-067,15鄰,大興西路,二段,,,,,263號六樓之1,121.293980645757,25.0079897097239
桃園市桃園區南埔里15鄰大興西路二段263號六樓之2,68,6800100,6800100-067,15鄰,大興西路,二段,,,,,263號六樓之2,121.293980645757,25.0079897097239
桃園市桃園區南埔里15鄰大興西路二段263號四樓之1,68,6800100,6800100-067,15鄰,大興西路,二段,,,,,263號四樓之1,121.293980645757,25.0079897097239
桃園市桃園區南埔里15鄰大興西路二段263號七樓之1,68,6800100,6800100-067,15鄰,大興西路,二段,,,,,263號七樓之1,121.293980645757,25.0079897097239
桃園市桃園區南埔里15鄰大興西路二段263號七樓之2,68,6800100,6800100-067,15鄰,大興西路,二段,,,,,263號七樓之2,121.293980645757,25.0079897097239
桃園市桃園區南埔里15鄰大興西路二段263號九樓之1,68,6800100,6800100-067,15鄰,大興西路,二段,,,,,263號九樓之1,121.293980645757,25.0079897097239
桃園市桃園區南埔里15鄰大興西路二段263號九樓之2,68,6800100,6800100-067,15鄰,大興西路,二段,,,,,263號九樓之2,121.293980645757,25.0079897097239
桃園市桃園區南埔里15鄰大興西路二段263號二十樓之1,68,6800100,6800100-067,15鄰,大興西路,二段,,,,,263號二十樓之1,121.293980645757,25.0079897097239
桃園市桃園區南埔里15鄰大興西路二段263號二十樓之2,68,6800100,6800100-067,15鄰,大興西路,二段,,,,,263號二十樓之2,121.293980645757,25.0079897097239
桃園市桃園區南埔里15鄰大興西路二段263號二樓,68,6800100,6800100-067,15鄰,大興西路,二段,,,,,263號二樓,121.293980645757,25.0079897097239
桃園市桃園區南埔里15鄰大興西路二段263號八樓之1,68,6800100,6800100-067,15鄰,大興西路,二段,,,,,263號八樓之1,121.293980645757,25.0079897097239
桃園市桃園區南埔里15鄰大興西路二段263號十一樓之1,68,6800100,6800100-067,15鄰,大興西路,二段,,,,,263號十一樓之1,121.293980645757,25.0079897097239
桃園市桃園區南埔里15鄰大興西路二段263號十一樓之2,68,6800100,6800100-067,15鄰,大興西路,二段,,,,,263號十一樓之2,121.293980645757,25.0079897097239
桃園市桃園區南埔里15鄰大興西路二段263號十七樓之1,68,6800100,6800100-067,15鄰,大興西路,二段,,,,,263號十七樓之1,121.293980645757,25.0079897097239
桃園市桃園區南埔里15鄰大興西路二段263號十七樓之2,68,6800100,6800100-067,15鄰,大興西路,二段,,,,,263號十七樓之2,121.293980645757,25.0079897097239
桃園市桃園區南埔里15鄰大興西路二段263號十九樓之1,68,6800100,6800100-067,15鄰,大興西路,二段,,,,,263號十九樓之1,121.293980645757,25.0079897097239
桃園市桃園區南埔里15鄰大興西路二段263號十九樓之2,68,6800100,6800100-067,15鄰,大興西路,二段,,,,,263號十九樓之2,121.293980645757,25.0079897097239
桃園市桃園區南埔里15鄰大興西路二段263號十二樓之1,68,6800100,6800100-067,15鄰,大興西路,二段,,,,,263號十二樓之1,121.293980645757,25.0079897097239
桃園市桃園區南埔里15鄰大興西路二段263號十二樓之2,68,6800100,6800100-067,15鄰,大興西路,二段,,,,,263號十二樓之2,121.293980645757,25.0079897097239
桃園市桃園區南埔里15鄰大興西路二段263號十八樓之2,68,6800100,6800100-067,15鄰,大興西路,二段,,,,,263號十八樓之2,121.293980645757,25.0079897097239
桃園市桃園區南埔里15鄰大興西路二段263號八樓之2,68,6800100,6800100-067,15鄰,大興西路,二段,,,,,263號八樓之2,121.293980645757,25.0079897097239
桃園市桃園區南埔里15鄰大興西路二段263號十八樓之1,68,6800100,6800100-067,15鄰,大興西路,二段,,,,,263號十八樓之1,121.293980645757,25.0079897097239
桃園市桃園區南埔里15鄰大興西路二段263號十樓之2,68,6800100,6800100-067,15鄰,大興西路,二段,,,,,263號十樓之2,121.293980645757,25.0079897097239
桃園市桃園區南埔里15鄰大興西路二段263號四樓之2,68,6800100,6800100-067,15鄰,大興西路,二段,,,,,263號四樓之2,121.293980645757,25.0079897097239
桃園市桃園區南埔里15鄰大興西路二段265號,68,6800100,6800100-067,15鄰,大興西路,二段,,,,,265號,121.293853783151,25.0079281165997
桃園市桃園區南埔里15鄰大興西路二段265號七樓之1,68,6800100,6800100-067,15鄰,大興西路,二段,,,,,265號七樓之1,121.293853783151,25.0079281165997
桃園市桃園區南埔里15鄰大興西路二段265號七樓之2,68,6800100,6800100-067,15鄰,大興西路,二段,,,,,265號七樓之2,121.293853783151,25.0079281165997
桃園市桃園區南埔里15鄰大興西路二段265號九樓之1,68,6800100,6800100-067,15鄰,大興西路,二段,,,,,265號九樓之1,121.293853783151,25.0079281165997
桃園市桃園區南埔里15鄰大興西路二段265號九樓之2,68,6800100,6800100-067,15鄰,大興西路,二段,,,,,265號九樓之2,121.293853783151,25.0079281165997
桃園市桃園區南埔里15鄰大興西路二段265號二十樓之1,68,6800100,6800100-067,15鄰,大興西路,二段,,,,,265號二十樓之1,121.293853783151,25.0079281165997
桃園市桃園區南埔里15鄰大興西路二段265號二十樓之2,68,6800100,6800100-067,15鄰,大興西路,二段,,,,,265號二十樓之2,121.293853783151,25.0079281165997
桃園市桃園區南埔里15鄰大興西路二段265號二樓,68,6800100,6800100-067,15鄰,大興西路,二段,,,,,265號二樓,121.293853783151,25.0079281165997
桃園市桃園區南埔里15鄰大興西路二段265號四樓之1,68,6800100,6800100-067,15鄰,大興西路,二段,,,,,265號四樓之1,121.293853783151,25.0079281165997
桃園市桃園區南埔里15鄰大興西路二段265號四樓之2,68,6800100,6800100-067,15鄰,大興西路,二段,,,,,265號四樓之2,121.293853783151,25.0079281165997
桃園市桃園區南埔里15鄰大興西路二段265號八樓之2,68,6800100,6800100-067,15鄰,大興西路,二段,,,,,265號八樓之2,121.293853783151,25.0079281165997
桃園市桃園區南埔里15鄰大興西路二段265號十一樓之1,68,6800100,6800100-067,15鄰,大興西路,二段,,,,,265號十一樓之1,121.293853783151,25.0079281165997
桃園市桃園區南埔里15鄰大興西路二段265號十一樓之2,68,6800100,6800100-067,15鄰,大興西路,二段,,,,,265號十一樓之2,121.293853783151,25.0079281165997
桃園市桃園區南埔里15鄰大興西路二段265號十七樓之1,68,6800100,6800100-067,15鄰,大興西路,二段,,,,,265號十七樓之1,121.293853783151,25.0079281165997
桃園市桃園區南埔里15鄰大興西路二段265號十七樓之2,68,6800100,6800100-067,15鄰,大興西路,二段,,,,,265號十七樓之2,121.293853783151,25.0079281165997
桃園市桃園區南埔里15鄰大興西路二段265號十九樓之1,68,6800100,6800100-067,15鄰,大興西路,二段,,,,,265號十九樓之1,121.293853783151,25.0079281165997
桃園市桃園區南埔里15鄰大興西路二段265號十九樓之2,68,6800100,6800100-067,15鄰,大興西路,二段,,,,,265號十九樓之2,121.293853783151,25.0079281165997
桃園市桃園區南埔里15鄰大興西路二段265號十二樓之2,68,6800100,6800100-067,15鄰,大興西路,二段,,,,,265號十二樓之2,121.293853783151,25.0079281165997
桃園市桃園區南埔里15鄰大興西路二段265號十八樓之1,68,6800100,6800100-067,15鄰,大興西路,二段,,,,,265號十八樓之1,121.293853783151,25.0079281165997
桃園市桃園區南埔里15鄰大興西路二段265號十八樓之2,68,6800100,6800100-067,15鄰,大興西路,二段,,,,,265號十八樓之2,121.293853783151,25.0079281165997
桃園市桃園區南埔里15鄰大興西路二段265號十三樓之1,68,6800100,6800100-067,15鄰,大興西路,二段,,,,,265號十三樓之1,121.293853783151,25.0079281165997
桃園市桃園區南埔里15鄰大興西路二段265號十三樓之2,68,6800100,6800100-067,15鄰,大興西路,二段,,,,,265號十三樓之2,121.293853783151,25.0079281165997
桃園市桃園區南埔里15鄰大興西路二段265號十五樓之1,68,6800100,6800100-067,15鄰,大興西路,二段,,,,,265號十五樓之1,121.293853783151,25.0079281165997
桃園市桃園區南埔里15鄰大興西路二段265號十五樓之2,68,6800100,6800100-067,15鄰,大興西路,二段,,,,,265號十五樓之2,121.293853783151,25.0079281165997
桃園市桃園區南埔里15鄰大興西路二段265號十六樓之2,68,6800100,6800100-067,15鄰,大興西路,二段,,,,,265號十六樓之2,121.293853783151,25.0079281165997
桃園市桃園區南埔里15鄰大興西路二段265號十四樓之1,68,6800100,6800100-067,15鄰,大興西路,二段,,,,,265號十四樓之1,121.293853783151,25.0079281165997
桃園市桃園區南埔里15鄰大興西路二段265號十四樓之2,68,6800100,6800100-067,15鄰,大興西路,二段,,,,,265號十四樓之2,121.293853783151,25.0079281165997
桃園市桃園區南埔里15鄰大興西路二段265號十樓之1,68,6800100,6800100-067,15鄰,大興西路,二段,,,,,265號十樓之1,121.293853783151,25.0079281165997
桃園市桃園區南埔里15鄰大興西路二段265號十樓之2,68,6800100,6800100-067,15鄰,大興西路,二段,,,,,265號十樓之2,121.293853783151,25.0079281165997
桃園市桃園區南埔里15鄰大興西路二段265號三樓之1,68,6800100,6800100-067,15鄰,大興西路,二段,,,,,265號三樓之1,121.293853783151,25.0079281165997
桃園市桃園區南埔里15鄰大興西路二段265號三樓之2,68,6800100,6800100-067,15鄰,大興西路,二段,,,,,265號三樓之2,121.293853783151,25.0079281165997
桃園市桃園區南埔里15鄰大興西路二段265號五樓之1,68,6800100,6800100-067,15鄰,大興西路,二段,,,,,265號五樓之1,121.293853783151,25.0079281165997
桃園市桃園區南埔里15鄰大興西路二段265號六樓之1,68,6800100,6800100-067,15鄰,大興西路,二段,,,,,265號六樓之1,121.293853783151,25.0079281165997
桃園市桃園區南埔里15鄰大興西路二段265號六樓之2,68,6800100,6800100-067,15鄰,大興西路,二段,,,,,265號六樓之2,121.293853783151,25.0079281165997
桃園市桃園區南埔里15鄰大興西路二段265號十二樓之1,68,6800100,6800100-067,15鄰,大興西路,二段,,,,,265號十二樓之1,121.293853783151,25.0079281165997
桃園市桃園區南埔里15鄰大興西路二段265號十六樓之1,68,6800100,6800100-067,15鄰,大興西路,二段,,,,,265號十六樓之1,121.293853783151,25.0079281165997
桃園市桃園區南埔里15鄰大興西路二段265號五樓之2,68,6800100,6800100-067,15鄰,大興西路,二段,,,,,265號五樓之2,121.293853783151,25.0079281165997
桃園市桃園區南埔里15鄰大興西路二段265號八樓之1,68,6800100,6800100-067,15鄰,大興西路,二段,,,,,265號八樓之1,121.293853783151,25.0079281165997
桃園市桃園區南埔里15鄰大興西路二段267號,68,6800100,6800100-067,15鄰,大興西路,二段,,,,,267號,121.293785713788,25.0078425725407
桃園市桃園區南埔里15鄰大興西路二段267號十四樓之1,68,6800100,6800100-067,15鄰,大興西路,二段,,,,,267號十四樓之1,121.293785713788,25.0078425725407
桃園市桃園區南埔里15鄰大興西路二段267號十四樓之2,68,6800100,6800100-067,15鄰,大興西路,二段,,,,,267號十四樓之2,121.293785713788,25.0078425725407
桃園市桃園區南埔里15鄰大興西路二段267號十樓之1,68,6800100,6800100-067,15鄰,大興西路,二段,,,,,267號十樓之1,121.293785713788,25.0078425725407
桃園市桃園區南埔里15鄰大興西路二段267號十樓之2,68,6800100,6800100-067,15鄰,大興西路,二段,,,,,267號十樓之2,121.293785713788,25.0078425725407
桃園市桃園區南埔里15鄰大興西路二段267號三樓之1,68,6800100,6800100-067,15鄰,大興西路,二段,,,,,267號三樓之1,121.293785713788,25.0078425725407
桃園市桃園區南埔里15鄰大興西路二段267號三樓之2,68,6800100,6800100-067,15鄰,大興西路,二段,,,,,267號三樓之2,121.293785713788,25.0078425725407
桃園市桃園區南埔里15鄰大興西路二段267號五樓之1,68,6800100,6800100-067,15鄰,大興西路,二段,,,,,267號五樓之1,121.293785713788,25.0078425725407
桃園市桃園區南埔里15鄰大興西路二段267號五樓之2,68,6800100,6800100-067,15鄰,大興西路,二段,,,,,267號五樓之2,121.293785713788,25.0078425725407
桃園市桃園區南埔里15鄰大興西路二段267號六樓之2,68,6800100,6800100-067,15鄰,大興西路,二段,,,,,267號六樓之2,121.293785713788,25.0078425725407
桃園市桃園區南埔里15鄰大興西路二段267號四樓之1,68,6800100,6800100-067,15鄰,大興西路,二段,,,,,267號四樓之1,121.293785713788,25.0078425725407
桃園市桃園區南埔里15鄰大興西路二段267號四樓之2,68,6800100,6800100-067,15鄰,大興西路,二段,,,,,267號四樓之2,121.293785713788,25.0078425725407
桃園市桃園區南埔里15鄰大興西路二段267號七樓之1,68,6800100,6800100-067,15鄰,大興西路,二段,,,,,267號七樓之1,121.293785713788,25.0078425725407
桃園市桃園區南埔里15鄰大興西路二段267號七樓之2,68,6800100,6800100-067,15鄰,大興西路,二段,,,,,267號七樓之2,121.293785713788,25.0078425725407
桃園市桃園區南埔里15鄰大興西路二段267號九樓之1,68,6800100,6800100-067,15鄰,大興西路,二段,,,,,267號九樓之1,121.293785713788,25.0078425725407
桃園市桃園區南埔里15鄰大興西路二段267號九樓之2,68,6800100,6800100-067,15鄰,大興西路,二段,,,,,267號九樓之2,121.293785713788,25.0078425725407
桃園市桃園區南埔里15鄰大興西路二段267號二十樓之1,68,6800100,6800100-067,15鄰,大興西路,二段,,,,,267號二十樓之1,121.293785713788,25.0078425725407
桃園市桃園區南埔里15鄰大興西路二段267號二十樓之2,68,6800100,6800100-067,15鄰,大興西路,二段,,,,,267號二十樓之2,121.293785713788,25.0078425725407
桃園市桃園區南埔里15鄰大興西路二段267號八樓之1,68,6800100,6800100-067,15鄰,大興西路,二段,,,,,267號八樓之1,121.293785713788,25.0078425725407
桃園市桃園區南埔里15鄰大興西路二段267號八樓之2,68,6800100,6800100-067,15鄰,大興西路,二段,,,,,267號八樓之2,121.293785713788,25.0078425725407
桃園市桃園區南埔里15鄰大興西路二段267號十一樓之1,68,6800100,6800100-067,15鄰,大興西路,二段,,,,,267號十一樓之1,121.293785713788,25.0078425725407
桃園市桃園區南埔里15鄰大興西路二段267號十一樓之2,68,6800100,6800100-067,15鄰,大興西路,二段,,,,,267號十一樓之2,121.293785713788,25.0078425725407
桃園市桃園區南埔里15鄰大興西路二段267號十七樓之1,68,6800100,6800100-067,15鄰,大興西路,二段,,,,,267號十七樓之1,121.293785713788,25.0078425725407
桃園市桃園區南埔里15鄰大興西路二段267號十七樓之2,68,6800100,6800100-067,15鄰,大興西路,二段,,,,,267號十七樓之2,121.293785713788,25.0078425725407
桃園市桃園區南埔里15鄰大興西路二段267號十九樓之2,68,6800100,6800100-067,15鄰,大興西路,二段,,,,,267號十九樓之2,121.293785713788,25.0078425725407
桃園市桃園區南埔里15鄰大興西路二段267號十二樓之1,68,6800100,6800100-067,15鄰,大興西路,二段,,,,,267號十二樓之1,121.293785713788,25.0078425725407
桃園市桃園區南埔里15鄰大興西路二段267號十二樓之2,68,6800100,6800100-067,15鄰,大興西路,二段,,,,,267號十二樓之2,121.293785713788,25.0078425725407
桃園市桃園區南埔里15鄰大興西路二段267號十八樓之1,68,6800100,6800100-067,15鄰,大興西路,二段,,,,,267號十八樓之1,121.293785713788,25.0078425725407
桃園市桃園區南埔里15鄰大興西路二段267號十八樓之2,68,6800100,6800100-067,15鄰,大興西路,二段,,,,,267號十八樓之2,121.293785713788,25.0078425725407
桃園市桃園區南埔里15鄰大興西路二段267號十三樓之1,68,6800100,6800100-067,15鄰,大興西路,二段,,,,,267號十三樓之1,121.293785713788,25.0078425725407
桃園市桃園區南埔里15鄰大興西路二段267號十三樓之2,68,6800100,6800100-067,15鄰,大興西路,二段,,,,,267號十三樓之2,121.293785713788,25.0078425725407
桃園市桃園區南埔里15鄰大興西路二段267號十五樓之1,68,6800100,6800100-067,15鄰,大興西路,二段,,,,,267號十五樓之1,121.293785713788,25.0078425725407
桃園市桃園區南埔里15鄰大興西路二段267號十五樓之2,68,6800100,6800100-067,15鄰,大興西路,二段,,,,,267號十五樓之2,121.293785713788,25.0078425725407
桃園市桃園區南埔里15鄰大興西路二段267號十六樓之2,68,6800100,6800100-067,15鄰,大興西路,二段,,,,,267號十六樓之2,121.293785713788,25.0078425725407
桃園市桃園區南埔里15鄰大興西路二段267號六樓之1,68,6800100,6800100-067,15鄰,大興西路,二段,,,,,267號六樓之1,121.293785713788,25.0078425725407
桃園市桃園區南埔里15鄰大興西路二段267號十九樓之1,68,6800100,6800100-067,15鄰,大興西路,二段,,,,,267號十九樓之1,121.293785713788,25.0078425725407
桃園市桃園區南埔里15鄰大興西路二段267號十六樓之1,68,6800100,6800100-067,15鄰,大興西路,二段,,,,,267號十六樓之1,121.293785713788,25.0078425725407
桃園市桃園區南埔里15鄰大興西路二段269號五樓之4,68,6800100,6800100-067,15鄰,大興西路,二段,,,,,269號五樓之4,121.294334333253,25.0077785606173
桃園市桃園區南埔里15鄰大興西路二段269號六樓之1,68,6800100,6800100-067,15鄰,大興西路,二段,,,,,269號六樓之1,121.294287801418,25.0078339961513
桃園市桃園區南埔里15鄰大興西路二段269號六樓之2,68,6800100,6800100-067,15鄰,大興西路,二段,,,,,269號六樓之2,121.294344344134,25.0079051175169
桃園市桃園區南埔里15鄰大興西路二段269號六樓之3,68,6800100,6800100-067,15鄰,大興西路,二段,,,,,269號六樓之3,121.294381166313,25.0078495206184
桃園市桃園區南埔里15鄰大興西路二段269號六樓之4,68,6800100,6800100-067,15鄰,大興西路,二段,,,,,269號六樓之4,121.294334333253,25.0077785606173
桃園市桃園區南埔里15鄰大興西路二段269號四樓之1,68,6800100,6800100-067,15鄰,大興西路,二段,,,,,269號四樓之1,121.294287801418,25.0078339961513
桃園市桃園區南埔里15鄰大興西路二段269號四樓之2,68,6800100,6800100-067,15鄰,大興西路,二段,,,,,269號四樓之2,121.294344344134,25.0079051175169
桃園市桃園區南埔里15鄰大興西路二段269號四樓之3,68,6800100,6800100-067,15鄰,大興西路,二段,,,,,269號四樓之3,121.294381166313,25.0078495206184
桃園市桃園區南埔里15鄰大興西路二段269號四樓之4,68,6800100,6800100-067,15鄰,大興西路,二段,,,,,269號四樓之4,121.294334333253,25.0077785606173
桃園市桃園區南埔里15鄰大興西路二段269號七樓之1,68,6800100,6800100-067,15鄰,大興西路,二段,,,,,269號七樓之1,121.294287801418,25.0078339961513
桃園市桃園區南埔里15鄰大興西路二段269號七樓之2,68,6800100,6800100-067,15鄰,大興西路,二段,,,,,269號七樓之2,121.294344344134,25.0079051175169
桃園市桃園區南埔里15鄰大興西路二段269號七樓之3,68,6800100,6800100-067,15鄰,大興西路,二段,,,,,269號七樓之3,121.294381166313,25.0078495206184
桃園市桃園區南埔里15鄰大興西路二段269號七樓之4,68,6800100,6800100-067,15鄰,大興西路,二段,,,,,269號七樓之4,121.294334333253,25.0077785606173
桃園市桃園區南埔里15鄰大興西路二段269號九樓之1,68,6800100,6800100-067,15鄰,大興西路,二段,,,,,269號九樓之1,121.294287801418,25.0078339961513
桃園市桃園區南埔里15鄰大興西路二段269號九樓之3,68,6800100,6800100-067,15鄰,大興西路,二段,,,,,269號九樓之3,121.294381166313,25.0078495206184
桃園市桃園區南埔里15鄰大興西路二段269號九樓之4,68,6800100,6800100-067,15鄰,大興西路,二段,,,,,269號九樓之4,121.294334333253,25.0077785606173
桃園市桃園區南埔里15鄰大興西路二段269號二十樓之1,68,6800100,6800100-067,15鄰,大興西路,二段,,,,,269號二十樓之1,121.294287801418,25.0078339961513
桃園市桃園區南埔里15鄰大興西路二段269號二十樓之2,68,6800100,6800100-067,15鄰,大興西路,二段,,,,,269號二十樓之2,121.294344344134,25.0079051175169
桃園市桃園區南埔里15鄰大興西路二段269號二十樓之3,68,6800100,6800100-067,15鄰,大興西路,二段,,,,,269號二十樓之3,121.294381166313,25.0078495206184
桃園市桃園區南埔里15鄰大興西路二段269號二十樓之4,68,6800100,6800100-067,15鄰,大興西路,二段,,,,,269號二十樓之4,121.294334333253,25.0077785606173
桃園市桃園區南埔里15鄰大興西路二段269號二樓之1,68,6800100,6800100-067,15鄰,大興西路,二段,,,,,269號二樓之1,121.294287801418,25.0078339961513
桃園市桃園區南埔里15鄰大興西路二段269號二樓之2,68,6800100,6800100-067,15鄰,大興西路,二段,,,,,269號二樓之2,121.294344344134,25.0079051175169
桃園市桃園區南埔里15鄰大興西路二段269號十六樓之2,68,6800100,6800100-067,15鄰,大興西路,二段,,,,,269號十六樓之2,121.294344344134,25.0079051175169
桃園市桃園區南埔里15鄰大興西路二段269號十樓之2,68,6800100,6800100-067,15鄰,大興西路,二段,,,,,269號十樓之2,121.294344344134,25.0079051175169
桃園市桃園區南埔里15鄰大興西路二段269號五樓之2,68,6800100,6800100-067,15鄰,大興西路,二段,,,,,269號五樓之2,121.294344344134,25.0079051175169
桃園市桃園區南埔里15鄰大興西路二段269號十三樓之2,68,6800100,6800100-067,15鄰,大興西路,二段,,,,,269號十三樓之2,121.294344344134,25.0079051175169
桃園市桃園區南埔里15鄰大興西路二段269號十三樓之3,68,6800100,6800100-067,15鄰,大興西路,二段,,,,,269號十三樓之3,121.294381166313,25.0078495206184
桃園市桃園區南埔里15鄰大興西路二段269號十三樓之4,68,6800100,6800100-067,15鄰,大興西路,二段,,,,,269號十三樓之4,121.294334333253,25.0077785606173
桃園市桃園區南埔里15鄰大興西路二段269號十五樓之1,68,6800100,6800100-067,15鄰,大興西路,二段,,,,,269號十五樓之1,121.294287801418,25.0078339961513
桃園市桃園區南埔里15鄰大興西路二段269號十五樓之2,68,6800100,6800100-067,15鄰,大興西路,二段,,,,,269號十五樓之2,121.294344344134,25.0079051175169
桃園市桃園區南埔里15鄰大興西路二段269號十五樓之3,68,6800100,6800100-067,15鄰,大興西路,二段,,,,,269號十五樓之3,121.294381166313,25.0078495206184
桃園市桃園區南埔里15鄰大興西路二段269號十五樓之4,68,6800100,6800100-067,15鄰,大興西路,二段,,,,,269號十五樓之4,121.294334333253,25.0077785606173
桃園市桃園區南埔里15鄰大興西路二段269號十六樓之1,68,6800100,6800100-067,15鄰,大興西路,二段,,,,,269號十六樓之1,121.294287801418,25.0078339961513
桃園市桃園區南埔里15鄰大興西路二段269號十六樓之3,68,6800100,6800100-067,15鄰,大興西路,二段,,,,,269號十六樓之3,121.294381166313,25.0078495206184
桃園市桃園區南埔里15鄰大興西路二段269號十九樓之3,68,6800100,6800100-067,15鄰,大興西路,二段,,,,,269號十九樓之3,121.294381166313,25.0078495206184
桃園市桃園區南埔里15鄰大興西路二段269號十六樓之4,68,6800100,6800100-067,15鄰,大興西路,二段,,,,,269號十六樓之4,121.294334333253,25.0077785606173
桃園市桃園區南埔里15鄰大興西路二段269號十八樓之3,68,6800100,6800100-067,15鄰,大興西路,二段,,,,,269號十八樓之3,121.294381166313,25.0078495206184
桃園市桃園區南埔里15鄰大興西路二段269號十四樓之1,68,6800100,6800100-067,15鄰,大興西路,二段,,,,,269號十四樓之1,121.294287801418,25.0078339961513
桃園市桃園區南埔里15鄰大興西路二段269號十四樓之2,68,6800100,6800100-067,15鄰,大興西路,二段,,,,,269號十四樓之2,121.294344344134,25.0079051175169
桃園市桃園區南埔里15鄰大興西路二段269號十四樓之3,68,6800100,6800100-067,15鄰,大興西路,二段,,,,,269號十四樓之3,121.294381166313,25.0078495206184
桃園市桃園區南埔里15鄰大興西路二段269號十四樓之4,68,6800100,6800100-067,15鄰,大興西路,二段,,,,,269號十四樓之4,121.294334333253,25.0077785606173
桃園市桃園區南埔里15鄰大興西路二段269號十樓之1,68,6800100,6800100-067,15鄰,大興西路,二段,,,,,269號十樓之1,121.294287801418,25.0078339961513
桃園市桃園區南埔里15鄰大興西路二段269號十樓之3,68,6800100,6800100-067,15鄰,大興西路,二段,,,,,269號十樓之3,121.294381166313,25.0078495206184
桃園市桃園區南埔里15鄰大興西路二段269號十樓之4,68,6800100,6800100-067,15鄰,大興西路,二段,,,,,269號十樓之4,121.294334333253,25.0077785606173
桃園市桃園區南埔里15鄰大興西路二段269號三樓之1,68,6800100,6800100-067,15鄰,大興西路,二段,,,,,269號三樓之1,121.294287801418,25.0078339961513
桃園市桃園區南埔里15鄰大興西路二段269號三樓之2,68,6800100,6800100-067,15鄰,大興西路,二段,,,,,269號三樓之2,121.294344344134,25.0079051175169
桃園市桃園區南埔里15鄰大興西路二段269號三樓之3,68,6800100,6800100-067,15鄰,大興西路,二段,,,,,269號三樓之3,121.294381166313,25.0078495206184
桃園市桃園區南埔里15鄰大興西路二段269號三樓之4,68,6800100,6800100-067,15鄰,大興西路,二段,,,,,269號三樓之4,121.294334333253,25.0077785606173
桃園市桃園區南埔里15鄰大興西路二段269號五樓之1,68,6800100,6800100-067,15鄰,大興西路,二段,,,,,269號五樓之1,121.294287801418,25.0078339961513
桃園市桃園區南埔里15鄰大興西路二段269號五樓之3,68,6800100,6800100-067,15鄰,大興西路,二段,,,,,269號五樓之3,121.294381166313,25.0078495206184
桃園市桃園區南埔里15鄰大興西路二段269號九樓之2,68,6800100,6800100-067,15鄰,大興西路,二段,,,,,269號九樓之2,121.294344344134,25.0079051175169
桃園市桃園區南埔里15鄰大興西路二段269號二樓之3,68,6800100,6800100-067,15鄰,大興西路,二段,,,,,269號二樓之3,121.294381166313,25.0078495206184
桃園市桃園區南埔里15鄰大興西路二段269號二樓之4,68,6800100,6800100-067,15鄰,大興西路,二段,,,,,269號二樓之4,121.294334333253,25.0077785606173
桃園市桃園區南埔里15鄰大興西路二段269號八樓之1,68,6800100,6800100-067,15鄰,大興西路,二段,,,,,269號八樓之1,121.294287801418,25.0078339961513
桃園市桃園區南埔里15鄰大興西路二段269號八樓之2,68,6800100,6800100-067,15鄰,大興西路,二段,,,,,269號八樓之2,121.294344344134,25.0079051175169
桃園市桃園區南埔里15鄰大興西路二段269號八樓之3,68,6800100,6800100-067,15鄰,大興西路,二段,,,,,269號八樓之3,121.294381166313,25.0078495206184
桃園市桃園區南埔里15鄰大興西路二段269號八樓之4,68,6800100,6800100-067,15鄰,大興西路,二段,,,,,269號八樓之4,121.294334333253,25.0077785606173
桃園市桃園區南埔里15鄰大興西路二段269號十一樓之1,68,6800100,6800100-067,15鄰,大興西路,二段,,,,,269號十一樓之1,121.294287801418,25.0078339961513
桃園市桃園區南埔里15鄰大興西路二段269號十一樓之2,68,6800100,6800100-067,15鄰,大興西路,二段,,,,,269號十一樓之2,121.294344344134,25.0079051175169
桃園市桃園區南埔里15鄰大興西路二段269號十一樓之3,68,6800100,6800100-067,15鄰,大興西路,二段,,,,,269號十一樓之3,121.294381166313,25.0078495206184
桃園市桃園區南埔里15鄰大興西路二段269號十一樓之4,68,6800100,6800100-067,15鄰,大興西路,二段,,,,,269號十一樓之4,121.294334333253,25.0077785606173
桃園市桃園區南埔里15鄰大興西路二段269號十七樓之1,68,6800100,6800100-067,15鄰,大興西路,二段,,,,,269號十七樓之1,121.294287801418,25.0078339961513
桃園市桃園區南埔里15鄰大興西路二段269號十七樓之2,68,6800100,6800100-067,15鄰,大興西路,二段,,,,,269號十七樓之2,121.294344344134,25.0079051175169
桃園市桃園區南埔里15鄰大興西路二段269號十七樓之3,68,6800100,6800100-067,15鄰,大興西路,二段,,,,,269號十七樓之3,121.294381166313,25.0078495206184
桃園市桃園區南埔里15鄰大興西路二段269號十七樓之4,68,6800100,6800100-067,15鄰,大興西路,二段,,,,,269號十七樓之4,121.294334333253,25.0077785606173
桃園市桃園區南埔里15鄰大興西路二段269號十九樓之1,68,6800100,6800100-067,15鄰,大興西路,二段,,,,,269號十九樓之1,121.294287801418,25.0078339961513
桃園市桃園區南埔里15鄰大興西路二段269號十九樓之2,68,6800100,6800100-067,15鄰,大興西路,二段,,,,,269號十九樓之2,121.294344344134,25.0079051175169
桃園市桃園區南埔里15鄰大興西路二段269號十九樓之4,68,6800100,6800100-067,15鄰,大興西路,二段,,,,,269號十九樓之4,121.294334333253,25.0077785606173
桃園市桃園區南埔里15鄰大興西路二段269號十二樓之1,68,6800100,6800100-067,15鄰,大興西路,二段,,,,,269號十二樓之1,121.294287801418,25.0078339961513
桃園市桃園區南埔里15鄰大興西路二段269號十二樓之2,68,6800100,6800100-067,15鄰,大興西路,二段,,,,,269號十二樓之2,121.294344344134,25.0079051175169
桃園市桃園區南埔里15鄰大興西路二段269號十二樓之3,68,6800100,6800100-067,15鄰,大興西路,二段,,,,,269號十二樓之3,121.294381166313,25.0078495206184
桃園市桃園區南埔里15鄰大興西路二段269號十二樓之4,68,6800100,6800100-067,15鄰,大興西路,二段,,,,,269號十二樓之4,121.294334333253,25.0077785606173
桃園市桃園區南埔里15鄰大興西路二段269號十八樓之1,68,6800100,6800100-067,15鄰,大興西路,二段,,,,,269號十八樓之1,121.294287801418,25.0078339961513
桃園市桃園區南埔里15鄰大興西路二段269號十八樓之2,68,6800100,6800100-067,15鄰,大興西路,二段,,,,,269號十八樓之2,121.294344344134,25.0079051175169
桃園市桃園區南埔里15鄰大興西路二段269號十八樓之4,68,6800100,6800100-067,15鄰,大興西路,二段,,,,,269號十八樓之4,121.294334333253,25.0077785606173
桃園市桃園區南埔里15鄰大興西路二段269號十三樓之1,68,6800100,6800100-067,15鄰,大興西路,二段,,,,,269號十三樓之1,121.294287801418,25.0078339961513
桃園市桃園區南埔里16鄰大興西路二段271號十樓之4,68,6800100,6800100-067,16鄰,大興西路,二段,,,,,271號十樓之4,121.294222370084,25.007649858077
桃園市桃園區南埔里16鄰大興西路二段271號十四樓之4,68,6800100,6800100-067,16鄰,大興西路,二段,,,,,271號十四樓之4,121.294222370084,25.007649858077
桃園市桃園區南埔里16鄰大興西路二段271號十八樓之2,68,6800100,6800100-067,16鄰,大興西路,二段,,,,,271號十八樓之2,121.294139210892,25.0077179153502
桃園市桃園區南埔里16鄰大興西路二段271號十七樓之1,68,6800100,6800100-067,16鄰,大興西路,二段,,,,,271號十七樓之1,121.294181438903,25.0077689319882
桃園市桃園區南埔里16鄰大興西路二段271號十七樓之2,68,6800100,6800100-067,16鄰,大興西路,二段,,,,,271號十七樓之2,121.294139210892,25.0077179153502
桃園市桃園區南埔里16鄰大興西路二段271號十七樓之3,68,6800100,6800100-067,16鄰,大興西路,二段,,,,,271號十七樓之3,121.294301503516,25.0076802171539
桃園市桃園區南埔里16鄰大興西路二段271號十七樓之4,68,6800100,6800100-067,16鄰,大興西路,二段,,,,,271號十七樓之4,121.294222370084,25.007649858077
桃園市桃園區南埔里16鄰大興西路二段271號十九樓之1,68,6800100,6800100-067,16鄰,大興西路,二段,,,,,271號十九樓之1,121.294181438903,25.0077689319882
桃園市桃園區南埔里16鄰大興西路二段271號十九樓之2,68,6800100,6800100-067,16鄰,大興西路,二段,,,,,271號十九樓之2,121.294139210892,25.0077179153502
桃園市桃園區南埔里16鄰大興西路二段271號十九樓之3,68,6800100,6800100-067,16鄰,大興西路,二段,,,,,271號十九樓之3,121.294301503516,25.0076802171539
桃園市桃園區南埔里16鄰大興西路二段271號十九樓之4,68,6800100,6800100-067,16鄰,大興西路,二段,,,,,271號十九樓之4,121.294222370084,25.007649858077
桃園市桃園區南埔里16鄰大興西路二段271號十二樓之1,68,6800100,6800100-067,16鄰,大興西路,二段,,,,,271號十二樓之1,121.294181438903,25.0077689319882
桃園市桃園區南埔里16鄰大興西路二段271號十二樓之2,68,6800100,6800100-067,16鄰,大興西路,二段,,,,,271號十二樓之2,121.294139210892,25.0077179153502
桃園市桃園區南埔里16鄰大興西路二段271號十二樓之3,68,6800100,6800100-067,16鄰,大興西路,二段,,,,,271號十二樓之3,121.294301503516,25.0076802171539
桃園市桃園區南埔里16鄰大興西路二段271號十二樓之4,68,6800100,6800100-067,16鄰,大興西路,二段,,,,,271號十二樓之4,121.294222370084,25.007649858077
桃園市桃園區南埔里16鄰大興西路二段271號十八樓之1,68,6800100,6800100-067,16鄰,大興西路,二段,,,,,271號十八樓之1,121.294181438903,25.0077689319882
桃園市桃園區南埔里16鄰大興西路二段271號十八樓之3,68,6800100,6800100-067,16鄰,大興西路,二段,,,,,271號十八樓之3,121.294301503516,25.0076802171539
桃園市桃園區南埔里16鄰大興西路二段271號十八樓之4,68,6800100,6800100-067,16鄰,大興西路,二段,,,,,271號十八樓之4,121.294222370084,25.007649858077
桃園市桃園區南埔里16鄰大興西路二段271號十三樓之1,68,6800100,6800100-067,16鄰,大興西路,二段,,,,,271號十三樓之1,121.294181438903,25.0077689319882
桃園市桃園區南埔里16鄰大興西路二段271號十五樓之4,68,6800100,6800100-067,16鄰,大興西路,二段,,,,,271號十五樓之4,121.294222370084,25.007649858077
桃園市桃園區南埔里16鄰大興西路二段271號十三樓之2,68,6800100,6800100-067,16鄰,大興西路,二段,,,,,271號十三樓之2,121.294139210892,25.0077179153502
桃園市桃園區南埔里16鄰大興西路二段271號十三樓之3,68,6800100,6800100-067,16鄰,大興西路,二段,,,,,271號十三樓之3,121.294301503516,25.0076802171539
桃園市桃園區南埔里16鄰大興西路二段271號七樓之3,68,6800100,6800100-067,16鄰,大興西路,二段,,,,,271號七樓之3,121.294301503516,25.0076802171539
桃園市桃園區南埔里16鄰大興西路二段271號七樓之4,68,6800100,6800100-067,16鄰,大興西路,二段,,,,,271號七樓之4,121.294222370084,25.007649858077
桃園市桃園區南埔里16鄰大興西路二段271號九樓之1,68,6800100,6800100-067,16鄰,大興西路,二段,,,,,271號九樓之1,121.294181438903,25.0077689319882
桃園市桃園區南埔里16鄰大興西路二段271號九樓之2,68,6800100,6800100-067,16鄰,大興西路,二段,,,,,271號九樓之2,121.294139210892,25.0077179153502
桃園市桃園區南埔里16鄰大興西路二段271號九樓之3,68,6800100,6800100-067,16鄰,大興西路,二段,,,,,271號九樓之3,121.294301503516,25.0076802171539
桃園市桃園區南埔里16鄰大興西路二段271號九樓之4,68,6800100,6800100-067,16鄰,大興西路,二段,,,,,271號九樓之4,121.294222370084,25.007649858077
桃園市桃園區南埔里16鄰大興西路二段271號二十樓之1,68,6800100,6800100-067,16鄰,大興西路,二段,,,,,271號二十樓之1,121.294181438903,25.0077689319882
桃園市桃園區南埔里16鄰大興西路二段271號二十樓之2,68,6800100,6800100-067,16鄰,大興西路,二段,,,,,271號二十樓之2,121.294139210892,25.0077179153502
桃園市桃園區南埔里16鄰大興西路二段271號二十樓之3,68,6800100,6800100-067,16鄰,大興西路,二段,,,,,271號二十樓之3,121.294301503516,25.0076802171539
桃園市桃園區南埔里16鄰大興西路二段271號二十樓之4,68,6800100,6800100-067,16鄰,大興西路,二段,,,,,271號二十樓之4,121.294222370084,25.007649858077
桃園市桃園區南埔里16鄰大興西路二段271號二樓之1,68,6800100,6800100-067,16鄰,大興西路,二段,,,,,271號二樓之1,121.294181438903,25.0077689319882
桃園市桃園區南埔里16鄰大興西路二段271號二樓之2,68,6800100,6800100-067,16鄰,大興西路,二段,,,,,271號二樓之2,121.294139210892,25.0077179153502
桃園市桃園區南埔里16鄰大興西路二段271號二樓之3,68,6800100,6800100-067,16鄰,大興西路,二段,,,,,271號二樓之3,121.294301503516,25.0076802171539
桃園市桃園區南埔里16鄰大興西路二段271號二樓之4,68,6800100,6800100-067,16鄰,大興西路,二段,,,,,271號二樓之4,121.294222370084,25.007649858077
桃園市桃園區南埔里16鄰大興西路二段271號八樓之2,68,6800100,6800100-067,16鄰,大興西路,二段,,,,,271號八樓之2,121.294139210892,25.0077179153502
桃園市桃園區南埔里16鄰大興西路二段271號八樓之4,68,6800100,6800100-067,16鄰,大興西路,二段,,,,,271號八樓之4,121.294222370084,25.007649858077
桃園市桃園區南埔里16鄰大興西路二段271號十一樓之1,68,6800100,6800100-067,16鄰,大興西路,二段,,,,,271號十一樓之1,121.294181438903,25.0077689319882
桃園市桃園區南埔里16鄰大興西路二段271號十一樓之2,68,6800100,6800100-067,16鄰,大興西路,二段,,,,,271號十一樓之2,121.294139210892,25.0077179153502
桃園市桃園區南埔里16鄰大興西路二段271號十一樓之3,68,6800100,6800100-067,16鄰,大興西路,二段,,,,,271號十一樓之3,121.294301503516,25.0076802171539
桃園市桃園區南埔里16鄰大興西路二段271號十一樓之4,68,6800100,6800100-067,16鄰,大興西路,二段,,,,,271號十一樓之4,121.294222370084,25.007649858077
桃園市桃園區南埔里16鄰大興西路二段271號三樓之1,68,6800100,6800100-067,16鄰,大興西路,二段,,,,,271號三樓之1,121.294181438903,25.0077689319882
桃園市桃園區南埔里16鄰大興西路二段271號三樓之2,68,6800100,6800100-067,16鄰,大興西路,二段,,,,,271號三樓之2,121.294139210892,25.0077179153502
桃園市桃園區南埔里16鄰大興西路二段271號三樓之3,68,6800100,6800100-067,16鄰,大興西路,二段,,,,,271號三樓之3,121.294301503516,25.0076802171539
桃園市桃園區南埔里16鄰大興西路二段271號八樓之1,68,6800100,6800100-067,16鄰,大興西路,二段,,,,,271號八樓之1,121.294181438903,25.0077689319882
桃園市桃園區南埔里16鄰大興西路二段271號三樓之4,68,6800100,6800100-067,16鄰,大興西路,二段,,,,,271號三樓之4,121.294222370084,25.007649858077
桃園市桃園區南埔里16鄰大興西路二段271號五樓之1,68,6800100,6800100-067,16鄰,大興西路,二段,,,,,271號五樓之1,121.294181438903,25.0077689319882
桃園市桃園區南埔里16鄰大興西路二段271號五樓之2,68,6800100,6800100-067,16鄰,大興西路,二段,,,,,271號五樓之2,121.294139210892,25.0077179153502
桃園市桃園區南埔里16鄰大興西路二段271號五樓之3,68,6800100,6800100-067,16鄰,大興西路,二段,,,,,271號五樓之3,121.294301503516,25.0076802171539
桃園市桃園區南埔里16鄰大興西路二段271號五樓之4,68,6800100,6800100-067,16鄰,大興西路,二段,,,,,271號五樓之4,121.294222370084,25.007649858077
桃園市桃園區南埔里16鄰大興西路二段271號六樓之2,68,6800100,6800100-067,16鄰,大興西路,二段,,,,,271號六樓之2,121.294139210892,25.0077179153502
桃園市桃園區南埔里16鄰大興西路二段271號六樓之3,68,6800100,6800100-067,16鄰,大興西路,二段,,,,,271號六樓之3,121.294301503516,25.0076802171539
桃園市桃園區南埔里16鄰大興西路二段271號六樓之4,68,6800100,6800100-067,16鄰,大興西路,二段,,,,,271號六樓之4,121.294222370084,25.007649858077
桃園市桃園區南埔里16鄰大興西路二段271號四樓之1,68,6800100,6800100-067,16鄰,大興西路,二段,,,,,271號四樓之1,121.294181438903,25.0077689319882
桃園市桃園區南埔里16鄰大興西路二段271號四樓之2,68,6800100,6800100-067,16鄰,大興西路,二段,,,,,271號四樓之2,121.294139210892,25.0077179153502
桃園市桃園區南埔里16鄰大興西路二段271號四樓之3,68,6800100,6800100-067,16鄰,大興西路,二段,,,,,271號四樓之3,121.294301503516,25.0076802171539
桃園市桃園區南埔里16鄰大興西路二段271號四樓之4,68,6800100,6800100-067,16鄰,大興西路,二段,,,,,271號四樓之4,121.294222370084,25.007649858077
桃園市桃園區南埔里16鄰大興西路二段271號七樓之1,68,6800100,6800100-067,16鄰,大興西路,二段,,,,,271號七樓之1,121.294181438903,25.0077689319882
桃園市桃園區南埔里16鄰大興西路二段271號七樓之2,68,6800100,6800100-067,16鄰,大興西路,二段,,,,,271號七樓之2,121.294139210892,25.0077179153502
桃園市桃園區南埔里16鄰大興西路二段271號六樓之1,68,6800100,6800100-067,16鄰,大興西路,二段,,,,,271號六樓之1,121.294181438903,25.0077689319882
桃園市桃園區南埔里16鄰大興西路二段271號十三樓之4,68,6800100,6800100-067,16鄰,大興西路,二段,,,,,271號十三樓之4,121.294222370084,25.007649858077
桃園市桃園區南埔里16鄰大興西路二段271號十五樓之1,68,6800100,6800100-067,16鄰,大興西路,二段,,,,,271號十五樓之1,121.294181438903,25.0077689319882
桃園市桃園區南埔里16鄰大興西路二段271號十五樓之2,68,6800100,6800100-067,16鄰,大興西路,二段,,,,,271號十五樓之2,121.294139210892,25.0077179153502
桃園市桃園區南埔里16鄰大興西路二段271號十五樓之3,68,6800100,6800100-067,16鄰,大興西路,二段,,,,,271號十五樓之3,121.294301503516,25.0076802171539
桃園市桃園區南埔里16鄰大興西路二段271號十六樓之1,68,6800100,6800100-067,16鄰,大興西路,二段,,,,,271號十六樓之1,121.294181438903,25.0077689319882
桃園市桃園區南埔里16鄰大興西路二段271號十六樓之2,68,6800100,6800100-067,16鄰,大興西路,二段,,,,,271號十六樓之2,121.294139210892,25.0077179153502
桃園市桃園區南埔里16鄰大興西路二段271號十六樓之3,68,6800100,6800100-067,16鄰,大興西路,二段,,,,,271號十六樓之3,121.294301503516,25.0076802171539
桃園市桃園區南埔里16鄰大興西路二段271號十六樓之4,68,6800100,6800100-067,16鄰,大興西路,二段,,,,,271號十六樓之4,121.294222370084,25.007649858077
桃園市桃園區南埔里16鄰大興西路二段271號十四樓之1,68,6800100,6800100-067,16鄰,大興西路,二段,,,,,271號十四樓之1,121.294181438903,25.0077689319882
桃園市桃園區南埔里16鄰大興西路二段271號十四樓之2,68,6800100,6800100-067,16鄰,大興西路,二段,,,,,271號十四樓之2,121.294139210892,25.0077179153502
桃園市桃園區南埔里16鄰大興西路二段271號十四樓之3,68,6800100,6800100-067,16鄰,大興西路,二段,,,,,271號十四樓之3,121.294301503516,25.0076802171539
桃園市桃園區南埔里16鄰大興西路二段271號十樓之1,68,6800100,6800100-067,16鄰,大興西路,二段,,,,,271號十樓之1,121.294181438903,25.0077689319882
桃園市桃園區南埔里16鄰大興西路二段271號十樓之2,68,6800100,6800100-067,16鄰,大興西路,二段,,,,,271號十樓之2,121.294139210892,25.0077179153502
桃園市桃園區南埔里16鄰大興西路二段271號十樓之3,68,6800100,6800100-067,16鄰,大興西路,二段,,,,,271號十樓之3,121.294301503516,25.0076802171539
桃園市桃園區南埔里16鄰大興西路二段271號八樓之3,68,6800100,6800100-067,16鄰,大興西路,二段,,,,,271號八樓之3,121.294301503516,25.0076802171539
桃園市桃園區南埔里16鄰大興西路二段273號,68,6800100,6800100-067,16鄰,大興西路,二段,,,,,273號,121.29365455391,25.0077652784958
桃園市桃園區南埔里16鄰大興西路二段273號十樓之1,68,6800100,6800100-067,16鄰,大興西路,二段,,,,,273號十樓之1,121.29365455391,25.0077652784958
桃園市桃園區南埔里16鄰大興西路二段273號四樓之1,68,6800100,6800100-067,16鄰,大興西路,二段,,,,,273號四樓之1,121.29365455391,25.0077652784958
桃園市桃園區南埔里16鄰大興西路二段273號七樓之1,68,6800100,6800100-067,16鄰,大興西路,二段,,,,,273號七樓之1,121.29365455391,25.0077652784958
桃園市桃園區南埔里16鄰大興西路二段273號七樓之2,68,6800100,6800100-067,16鄰,大興西路,二段,,,,,273號七樓之2,121.29365455391,25.0077652784958
桃園市桃園區南埔里16鄰大興西路二段273號九樓之1,68,6800100,6800100-067,16鄰,大興西路,二段,,,,,273號九樓之1,121.29365455391,25.0077652784958
桃園市桃園區南埔里16鄰大興西路二段273號九樓之2,68,6800100,6800100-067,16鄰,大興西路,二段,,,,,273號九樓之2,121.29365455391,25.0077652784958
桃園市桃園區南埔里16鄰大興西路二段273號二十樓之1,68,6800100,6800100-067,16鄰,大興西路,二段,,,,,273號二十樓之1,121.29365455391,25.0077652784958
桃園市桃園區南埔里16鄰大興西路二段273號二十樓之2,68,6800100,6800100-067,16鄰,大興西路,二段,,,,,273號二十樓之2,121.29365455391,25.0077652784958
桃園市桃園區南埔里16鄰大興西路二段273號八樓之1,68,6800100,6800100-067,16鄰,大興西路,二段,,,,,273號八樓之1,121.29365455391,25.0077652784958
桃園市桃園區南埔里16鄰大興西路二段273號二樓,68,6800100,6800100-067,16鄰,大興西路,二段,,,,,273號二樓,121.29365455391,25.0077652784958
桃園市桃園區南埔里16鄰大興西路二段273號十二樓之2,68,6800100,6800100-067,16鄰,大興西路,二段,,,,,273號十二樓之2,121.29365455391,25.0077652784958
桃園市桃園區南埔里16鄰大興西路二段273號八樓之2,68,6800100,6800100-067,16鄰,大興西路,二段,,,,,273號八樓之2,121.29365455391,25.0077652784958
桃園市桃園區南埔里16鄰大興西路二段273號十一樓之1,68,6800100,6800100-067,16鄰,大興西路,二段,,,,,273號十一樓之1,121.29365455391,25.0077652784958
桃園市桃園區南埔里16鄰大興西路二段273號十一樓之2,68,6800100,6800100-067,16鄰,大興西路,二段,,,,,273號十一樓之2,121.29365455391,25.0077652784958
桃園市桃園區南埔里16鄰大興西路二段273號十七樓之1,68,6800100,6800100-067,16鄰,大興西路,二段,,,,,273號十七樓之1,121.29365455391,25.0077652784958
桃園市桃園區南埔里16鄰大興西路二段273號十七樓之2,68,6800100,6800100-067,16鄰,大興西路,二段,,,,,273號十七樓之2,121.29365455391,25.0077652784958
桃園市桃園區南埔里16鄰大興西路二段273號十九樓之1,68,6800100,6800100-067,16鄰,大興西路,二段,,,,,273號十九樓之1,121.29365455391,25.0077652784958
桃園市桃園區南埔里16鄰大興西路二段273號十九樓之2,68,6800100,6800100-067,16鄰,大興西路,二段,,,,,273號十九樓之2,121.29365455391,25.0077652784958
桃園市桃園區南埔里16鄰大興西路二段273號十二樓之1,68,6800100,6800100-067,16鄰,大興西路,二段,,,,,273號十二樓之1,121.29365455391,25.0077652784958
桃園市桃園區南埔里16鄰大興西路二段273號十八樓之1,68,6800100,6800100-067,16鄰,大興西路,二段,,,,,273號十八樓之1,121.29365455391,25.0077652784958
桃園市桃園區南埔里16鄰大興西路二段273號十八樓之2,68,6800100,6800100-067,16鄰,大興西路,二段,,,,,273號十八樓之2,121.29365455391,25.0077652784958
桃園市桃園區南埔里16鄰大興西路二段273號十三樓之1,68,6800100,6800100-067,16鄰,大興西路,二段,,,,,273號十三樓之1,121.29365455391,25.0077652784958
桃園市桃園區南埔里16鄰大興西路二段273號十三樓之2,68,6800100,6800100-067,16鄰,大興西路,二段,,,,,273號十三樓之2,121.29365455391,25.0077652784958
桃園市桃園區南埔里16鄰大興西路二段273號十五樓之1,68,6800100,6800100-067,16鄰,大興西路,二段,,,,,273號十五樓之1,121.29365455391,25.0077652784958
桃園市桃園區南埔里16鄰大興西路二段273號十五樓之2,68,6800100,6800100-067,16鄰,大興西路,二段,,,,,273號十五樓之2,121.29365455391,25.0077652784958
桃園市桃園區南埔里16鄰大興西路二段273號十六樓之1,68,6800100,6800100-067,16鄰,大興西路,二段,,,,,273號十六樓之1,121.29365455391,25.0077652784958
桃園市桃園區南埔里16鄰大興西路二段273號十六樓之2,68,6800100,6800100-067,16鄰,大興西路,二段,,,,,273號十六樓之2,121.29365455391,25.0077652784958
桃園市桃園區南埔里16鄰大興西路二段273號十四樓之1,68,6800100,6800100-067,16鄰,大興西路,二段,,,,,273號十四樓之1,121.29365455391,25.0077652784958
桃園市桃園區南埔里16鄰大興西路二段273號十四樓之2,68,6800100,6800100-067,16鄰,大興西路,二段,,,,,273號十四樓之2,121.29365455391,25.0077652784958
桃園市桃園區南埔里16鄰大興西路二段273號十樓之2,68,6800100,6800100-067,16鄰,大興西路,二段,,,,,273號十樓之2,121.29365455391,25.0077652784958
桃園市桃園區南埔里16鄰大興西路二段273號三樓之1,68,6800100,6800100-067,16鄰,大興西路,二段,,,,,273號三樓之1,121.29365455391,25.0077652784958
桃園市桃園區南埔里16鄰大興西路二段273號三樓之2,68,6800100,6800100-067,16鄰,大興西路,二段,,,,,273號三樓之2,121.29365455391,25.0077652784958
桃園市桃園區南埔里16鄰大興西路二段273號五樓之1,68,6800100,6800100-067,16鄰,大興西路,二段,,,,,273號五樓之1,121.29365455391,25.0077652784958
桃園市桃園區南埔里16鄰大興西路二段273號五樓之2,68,6800100,6800100-067,16鄰,大興西路,二段,,,,,273號五樓之2,121.29365455391,25.0077652784958
桃園市桃園區南埔里16鄰大興西路二段273號六樓之1,68,6800100,6800100-067,16鄰,大興西路,二段,,,,,273號六樓之1,121.29365455391,25.0077652784958
桃園市桃園區南埔里16鄰大興西路二段273號六樓之2,68,6800100,6800100-067,16鄰,大興西路,二段,,,,,273號六樓之2,121.29365455391,25.0077652784958
桃園市桃園區南埔里16鄰大興西路二段273號四樓之2,68,6800100,6800100-067,16鄰,大興西路,二段,,,,,273號四樓之2,121.29365455391,25.0077652784958
桃園市桃園區南埔里16鄰大興西路二段275號,68,6800100,6800100-067,16鄰,大興西路,二段,,,,,275號,121.293586482414,25.0076787412337
桃園市桃園區南埔里16鄰大興西路二段275號八樓之1,68,6800100,6800100-067,16鄰,大興西路,二段,,,,,275號八樓之1,121.293586482414,25.0076787412337
桃園市桃園區南埔里16鄰大興西路二段275號四樓之1,68,6800100,6800100-067,16鄰,大興西路,二段,,,,,275號四樓之1,121.293586482414,25.0076787412337
桃園市桃園區南埔里16鄰大興西路二段275號四樓之2,68,6800100,6800100-067,16鄰,大興西路,二段,,,,,275號四樓之2,121.293586482414,25.0076787412337
桃園市桃園區南埔里16鄰大興西路二段275號八樓之2,68,6800100,6800100-067,16鄰,大興西路,二段,,,,,275號八樓之2,121.293586482414,25.0076787412337
桃園市桃園區南埔里16鄰大興西路二段275號十一樓之1,68,6800100,6800100-067,16鄰,大興西路,二段,,,,,275號十一樓之1,121.293586482414,25.0076787412337
桃園市桃園區南埔里16鄰大興西路二段275號十一樓之2,68,6800100,6800100-067,16鄰,大興西路,二段,,,,,275號十一樓之2,121.293586482414,25.0076787412337
桃園市桃園區南埔里16鄰大興西路二段275號十七樓之1,68,6800100,6800100-067,16鄰,大興西路,二段,,,,,275號十七樓之1,121.293586482414,25.0076787412337
桃園市桃園區南埔里16鄰大興西路二段275號十七樓之2,68,6800100,6800100-067,16鄰,大興西路,二段,,,,,275號十七樓之2,121.293586482414,25.0076787412337
桃園市桃園區南埔里16鄰大興西路二段275號十九樓之1,68,6800100,6800100-067,16鄰,大興西路,二段,,,,,275號十九樓之1,121.293586482414,25.0076787412337
桃園市桃園區南埔里16鄰大興西路二段275號十九樓之2,68,6800100,6800100-067,16鄰,大興西路,二段,,,,,275號十九樓之2,121.293586482414,25.0076787412337
桃園市桃園區南埔里16鄰大興西路二段275號十二樓之2,68,6800100,6800100-067,16鄰,大興西路,二段,,,,,275號十二樓之2,121.293586482414,25.0076787412337
桃園市桃園區南埔里16鄰大興西路二段275號十八樓之1,68,6800100,6800100-067,16鄰,大興西路,二段,,,,,275號十八樓之1,121.293586482414,25.0076787412337
桃園市桃園區南埔里16鄰大興西路二段275號十八樓之2,68,6800100,6800100-067,16鄰,大興西路,二段,,,,,275號十八樓之2,121.293586482414,25.0076787412337
桃園市桃園區南埔里16鄰大興西路二段275號十三樓之1,68,6800100,6800100-067,16鄰,大興西路,二段,,,,,275號十三樓之1,121.293586482414,25.0076787412337
桃園市桃園區南埔里16鄰大興西路二段275號十三樓之2,68,6800100,6800100-067,16鄰,大興西路,二段,,,,,275號十三樓之2,121.293586482414,25.0076787412337
桃園市桃園區南埔里16鄰大興西路二段275號十五樓之1,68,6800100,6800100-067,16鄰,大興西路,二段,,,,,275號十五樓之1,121.293586482414,25.0076787412337
桃園市桃園區南埔里16鄰大興西路二段275號十五樓之2,68,6800100,6800100-067,16鄰,大興西路,二段,,,,,275號十五樓之2,121.293586482414,25.0076787412337
桃園市桃園區南埔里16鄰大興西路二段275號十六樓之2,68,6800100,6800100-067,16鄰,大興西路,二段,,,,,275號十六樓之2,121.293586482414,25.0076787412337
桃園市桃園區南埔里16鄰大興西路二段275號十四樓之1,68,6800100,6800100-067,16鄰,大興西路,二段,,,,,275號十四樓之1,121.293586482414,25.0076787412337
桃園市桃園區南埔里16鄰大興西路二段275號十四樓之2,68,6800100,6800100-067,16鄰,大興西路,二段,,,,,275號十四樓之2,121.293586482414,25.0076787412337
桃園市桃園區南埔里16鄰大興西路二段275號十樓之1,68,6800100,6800100-067,16鄰,大興西路,二段,,,,,275號十樓之1,121.293586482414,25.0076787412337
桃園市桃園區南埔里16鄰大興西路二段275號十樓之2,68,6800100,6800100-067,16鄰,大興西路,二段,,,,,275號十樓之2,121.293586482414,25.0076787412337
桃園市桃園區南埔里16鄰大興西路二段275號三樓之1,68,6800100,6800100-067,16鄰,大興西路,二段,,,,,275號三樓之1,121.293586482414,25.0076787412337
桃園市桃園區南埔里16鄰大興西路二段275號三樓之2,68,6800100,6800100-067,16鄰,大興西路,二段,,,,,275號三樓之2,121.293586482414,25.0076787412337
桃園市桃園區南埔里16鄰大興西路二段275號五樓之1,68,6800100,6800100-067,16鄰,大興西路,二段,,,,,275號五樓之1,121.293586482414,25.0076787412337
桃園市桃園區南埔里16鄰大興西路二段275號六樓之1,68,6800100,6800100-067,16鄰,大興西路,二段,,,,,275號六樓之1,121.293586482414,25.0076787412337
桃園市桃園區南埔里16鄰大興西路二段275號六樓之2,68,6800100,6800100-067,16鄰,大興西路,二段,,,,,275號六樓之2,121.293586482414,25.0076787412337
桃園市桃園區南埔里16鄰大興西路二段275號七樓之1,68,6800100,6800100-067,16鄰,大興西路,二段,,,,,275號七樓之1,121.293586482414,25.0076787412337
桃園市桃園區南埔里16鄰大興西路二段275號十二樓之1,68,6800100,6800100-067,16鄰,大興西路,二段,,,,,275號十二樓之1,121.293586482414,25.0076787412337
桃園市桃園區南埔里16鄰大興西路二段275號七樓之2,68,6800100,6800100-067,16鄰,大興西路,二段,,,,,275號七樓之2,121.293586482414,25.0076787412337
桃園市桃園區南埔里16鄰大興西路二段275號十六樓之1,68,6800100,6800100-067,16鄰,大興西路,二段,,,,,275號十六樓之1,121.293586482414,25.0076787412337
桃園市桃園區南埔里16鄰大興西路二段275號九樓之1,68,6800100,6800100-067,16鄰,大興西路,二段,,,,,275號九樓之1,121.293586482414,25.0076787412337
桃園市桃園區南埔里16鄰大興西路二段275號五樓之2,68,6800100,6800100-067,16鄰,大興西路,二段,,,,,275號五樓之2,121.293586482414,25.0076787412337
桃園市桃園區南埔里16鄰大興西路二段275號九樓之2,68,6800100,6800100-067,16鄰,大興西路,二段,,,,,275號九樓之2,121.293586482414,25.0076787412337
桃園市桃園區南埔里16鄰大興西路二段275號二十樓之1,68,6800100,6800100-067,16鄰,大興西路,二段,,,,,275號二十樓之1,121.293586482414,25.0076787412337
桃園市桃園區南埔里16鄰大興西路二段275號二十樓之2,68,6800100,6800100-067,16鄰,大興西路,二段,,,,,275號二十樓之2,121.293586482414,25.0076787412337
桃園市桃園區南埔里16鄰大興西路二段277號,68,6800100,6800100-067,16鄰,大興西路,二段,,,,,277號,121.293454227448,25.0075991018128
桃園市桃園區南埔里16鄰大興西路二段277號六樓之1,68,6800100,6800100-067,16鄰,大興西路,二段,,,,,277號六樓之1,121.293454227448,25.0075991018128
桃園市桃園區南埔里16鄰大興西路二段277號七樓之1,68,6800100,6800100-067,16鄰,大興西路,二段,,,,,277號七樓之1,121.293454227448,25.0075991018128
桃園市桃園區南埔里16鄰大興西路二段277號七樓之2,68,6800100,6800100-067,16鄰,大興西路,二段,,,,,277號七樓之2,121.293454227448,25.0075991018128
桃園市桃園區南埔里16鄰大興西路二段277號九樓之1,68,6800100,6800100-067,16鄰,大興西路,二段,,,,,277號九樓之1,121.293454227448,25.0075991018128
桃園市桃園區南埔里16鄰大興西路二段277號九樓之2,68,6800100,6800100-067,16鄰,大興西路,二段,,,,,277號九樓之2,121.293454227448,25.0075991018128
桃園市桃園區南埔里16鄰大興西路二段277號二十樓之2,68,6800100,6800100-067,16鄰,大興西路,二段,,,,,277號二十樓之2,121.293454227448,25.0075991018128
桃園市桃園區南埔里16鄰大興西路二段277號二樓,68,6800100,6800100-067,16鄰,大興西路,二段,,,,,277號二樓,121.293454227448,25.0075991018128
桃園市桃園區南埔里16鄰大興西路二段277號八樓之1,68,6800100,6800100-067,16鄰,大興西路,二段,,,,,277號八樓之1,121.293454227448,25.0075991018128
桃園市桃園區南埔里16鄰大興西路二段277號八樓之2,68,6800100,6800100-067,16鄰,大興西路,二段,,,,,277號八樓之2,121.293454227448,25.0075991018128
桃園市桃園區南埔里16鄰大興西路二段277號十一樓之1,68,6800100,6800100-067,16鄰,大興西路,二段,,,,,277號十一樓之1,121.293454227448,25.0075991018128
桃園市桃園區南埔里16鄰大興西路二段277號十一樓之2,68,6800100,6800100-067,16鄰,大興西路,二段,,,,,277號十一樓之2,121.293454227448,25.0075991018128
桃園市桃園區南埔里16鄰大興西路二段277號十七樓之1,68,6800100,6800100-067,16鄰,大興西路,二段,,,,,277號十七樓之1,121.293454227448,25.0075991018128
桃園市桃園區南埔里16鄰大興西路二段277號十七樓之2,68,6800100,6800100-067,16鄰,大興西路,二段,,,,,277號十七樓之2,121.293454227448,25.0075991018128
桃園市桃園區南埔里16鄰大興西路二段277號十九樓之2,68,6800100,6800100-067,16鄰,大興西路,二段,,,,,277號十九樓之2,121.293454227448,25.0075991018128
桃園市桃園區南埔里16鄰大興西路二段277號十二樓之1,68,6800100,6800100-067,16鄰,大興西路,二段,,,,,277號十二樓之1,121.293454227448,25.0075991018128
桃園市桃園區南埔里16鄰大興西路二段277號十二樓之2,68,6800100,6800100-067,16鄰,大興西路,二段,,,,,277號十二樓之2,121.293454227448,25.0075991018128
桃園市桃園區南埔里16鄰大興西路二段277號十八樓之1,68,6800100,6800100-067,16鄰,大興西路,二段,,,,,277號十八樓之1,121.293454227448,25.0075991018128
桃園市桃園區南埔里16鄰大興西路二段277號十八樓之2,68,6800100,6800100-067,16鄰,大興西路,二段,,,,,277號十八樓之2,121.293454227448,25.0075991018128
桃園市桃園區南埔里16鄰大興西路二段277號十三樓之1,68,6800100,6800100-067,16鄰,大興西路,二段,,,,,277號十三樓之1,121.293454227448,25.0075991018128
桃園市桃園區南埔里16鄰大興西路二段277號十三樓之2,68,6800100,6800100-067,16鄰,大興西路,二段,,,,,277號十三樓之2,121.293454227448,25.0075991018128
桃園市桃園區南埔里16鄰大興西路二段277號二十樓之1,68,6800100,6800100-067,16鄰,大興西路,二段,,,,,277號二十樓之1,121.293454227448,25.0075991018128
桃園市桃園區南埔里16鄰大興西路二段277號十五樓之1,68,6800100,6800100-067,16鄰,大興西路,二段,,,,,277號十五樓之1,121.293454227448,25.0075991018128
桃園市桃園區南埔里16鄰大興西路二段277號十九樓之1,68,6800100,6800100-067,16鄰,大興西路,二段,,,,,277號十九樓之1,121.293454227448,25.0075991018128
桃園市桃園區南埔里16鄰大興西路二段277號十五樓之2,68,6800100,6800100-067,16鄰,大興西路,二段,,,,,277號十五樓之2,121.293454227448,25.0075991018128
桃園市桃園區南埔里16鄰大興西路二段277號十六樓之1,68,6800100,6800100-067,16鄰,大興西路,二段,,,,,277號十六樓之1,121.293454227448,25.0075991018128
桃園市桃園區南埔里16鄰大興西路二段277號十六樓之2,68,6800100,6800100-067,16鄰,大興西路,二段,,,,,277號十六樓之2,121.293454227448,25.0075991018128
桃園市桃園區南埔里16鄰大興西路二段277號十四樓之1,68,6800100,6800100-067,16鄰,大興西路,二段,,,,,277號十四樓之1,121.293454227448,25.0075991018128
桃園市桃園區南埔里16鄰大興西路二段277號十四樓之2,68,6800100,6800100-067,16鄰,大興西路,二段,,,,,277號十四樓之2,121.293454227448,25.0075991018128
桃園市桃園區南埔里16鄰大興西路二段277號十樓之1,68,6800100,6800100-067,16鄰,大興西路,二段,,,,,277號十樓之1,121.293454227448,25.0075991018128
桃園市桃園區南埔里16鄰大興西路二段277號十樓之2,68,6800100,6800100-067,16鄰,大興西路,二段,,,,,277號十樓之2,121.293454227448,25.0075991018128
桃園市桃園區南埔里16鄰大興西路二段277號三樓之1,68,6800100,6800100-067,16鄰,大興西路,二段,,,,,277號三樓之1,121.293454227448,25.0075991018128
桃園市桃園區南埔里16鄰大興西路二段277號三樓之2,68,6800100,6800100-067,16鄰,大興西路,二段,,,,,277號三樓之2,121.293454227448,25.0075991018128
桃園市桃園區南埔里16鄰大興西路二段277號五樓之1,68,6800100,6800100-067,16鄰,大興西路,二段,,,,,277號五樓之1,121.293454227448,25.0075991018128
桃園市桃園區南埔里16鄰大興西路二段277號五樓之2,68,6800100,6800100-067,16鄰,大興西路,二段,,,,,277號五樓之2,121.293454227448,25.0075991018128
桃園市桃園區南埔里16鄰大興西路二段277號六樓之2,68,6800100,6800100-067,16鄰,大興西路,二段,,,,,277號六樓之2,121.293454227448,25.0075991018128
桃園市桃園區南埔里16鄰大興西路二段277號四樓之1,68,6800100,6800100-067,16鄰,大興西路,二段,,,,,277號四樓之1,121.293454227448,25.0075991018128
桃園市桃園區南埔里16鄰大興西路二段277號四樓之2,68,6800100,6800100-067,16鄰,大興西路,二段,,,,,277號四樓之2,121.293454227448,25.0075991018128
桃園市桃園區南埔里16鄰大興西路二段279號,68,6800100,6800100-067,16鄰,大興西路,二段,,,,,279號,121.293381778722,25.0075048990374
桃園市桃園區南埔里16鄰大興西路二段279號十一樓之1,68,6800100,6800100-067,16鄰,大興西路,二段,,,,,279號十一樓之1,121.293381778722,25.0075048990374
桃園市桃園區南埔里16鄰大興西路二段279號十一樓之2,68,6800100,6800100-067,16鄰,大興西路,二段,,,,,279號十一樓之2,121.293381778722,25.0075048990374
桃園市桃園區南埔里16鄰大興西路二段279號十七樓之1,68,6800100,6800100-067,16鄰,大興西路,二段,,,,,279號十七樓之1,121.293381778722,25.0075048990374
桃園市桃園區南埔里16鄰大興西路二段279號十七樓之2,68,6800100,6800100-067,16鄰,大興西路,二段,,,,,279號十七樓之2,121.293381778722,25.0075048990374
桃園市桃園區南埔里16鄰大興西路二段279號十九樓之1,68,6800100,6800100-067,16鄰,大興西路,二段,,,,,279號十九樓之1,121.293381778722,25.0075048990374
桃園市桃園區南埔里16鄰大興西路二段279號十四樓之2,68,6800100,6800100-067,16鄰,大興西路,二段,,,,,279號十四樓之2,121.293381778722,25.0075048990374
桃園市桃園區南埔里16鄰大興西路二段279號六樓之2,68,6800100,6800100-067,16鄰,大興西路,二段,,,,,279號六樓之2,121.293381778722,25.0075048990374
桃園市桃園區南埔里16鄰大興西路二段279號二十樓之1,68,6800100,6800100-067,16鄰,大興西路,二段,,,,,279號二十樓之1,121.293381778722,25.0075048990374
桃園市桃園區南埔里16鄰大興西路二段279號十九樓之2,68,6800100,6800100-067,16鄰,大興西路,二段,,,,,279號十九樓之2,121.293381778722,25.0075048990374
桃園市桃園區南埔里16鄰大興西路二段279號十二樓之1,68,6800100,6800100-067,16鄰,大興西路,二段,,,,,279號十二樓之1,121.293381778722,25.0075048990374
桃園市桃園區南埔里16鄰大興西路二段279號十二樓之2,68,6800100,6800100-067,16鄰,大興西路,二段,,,,,279號十二樓之2,121.293381778722,25.0075048990374
桃園市桃園區南埔里16鄰大興西路二段279號十八樓之1,68,6800100,6800100-067,16鄰,大興西路,二段,,,,,279號十八樓之1,121.293381778722,25.0075048990374
桃園市桃園區南埔里16鄰大興西路二段279號十八樓之2,68,6800100,6800100-067,16鄰,大興西路,二段,,,,,279號十八樓之2,121.293381778722,25.0075048990374
桃園市桃園區南埔里16鄰大興西路二段279號十三樓之1,68,6800100,6800100-067,16鄰,大興西路,二段,,,,,279號十三樓之1,121.293381778722,25.0075048990374
桃園市桃園區南埔里16鄰大興西路二段279號十三樓之2,68,6800100,6800100-067,16鄰,大興西路,二段,,,,,279號十三樓之2,121.293381778722,25.0075048990374
桃園市桃園區南埔里16鄰大興西路二段279號十五樓之1,68,6800100,6800100-067,16鄰,大興西路,二段,,,,,279號十五樓之1,121.293381778722,25.0075048990374
桃園市桃園區南埔里16鄰大興西路二段279號十五樓之2,68,6800100,6800100-067,16鄰,大興西路,二段,,,,,279號十五樓之2,121.293381778722,25.0075048990374
桃園市桃園區南埔里16鄰大興西路二段279號十六樓之1,68,6800100,6800100-067,16鄰,大興西路,二段,,,,,279號十六樓之1,121.293381778722,25.0075048990374
桃園市桃園區南埔里16鄰大興西路二段279號十六樓之2,68,6800100,6800100-067,16鄰,大興西路,二段,,,,,279號十六樓之2,121.293381778722,25.0075048990374
桃園市桃園區南埔里16鄰大興西路二段279號十四樓之1,68,6800100,6800100-067,16鄰,大興西路,二段,,,,,279號十四樓之1,121.293381778722,25.0075048990374
桃園市桃園區南埔里16鄰大興西路二段279號十樓之1,68,6800100,6800100-067,16鄰,大興西路,二段,,,,,279號十樓之1,121.293381778722,25.0075048990374
桃園市桃園區南埔里16鄰大興西路二段279號十樓之2,68,6800100,6800100-067,16鄰,大興西路,二段,,,,,279號十樓之2,121.293381778722,25.0075048990374
桃園市桃園區南埔里16鄰大興西路二段279號三樓之1,68,6800100,6800100-067,16鄰,大興西路,二段,,,,,279號三樓之1,121.293381778722,25.0075048990374
桃園市桃園區南埔里16鄰大興西路二段279號三樓之2,68,6800100,6800100-067,16鄰,大興西路,二段,,,,,279號三樓之2,121.293381778722,25.0075048990374
桃園市桃園區南埔里16鄰大興西路二段279號五樓之1,68,6800100,6800100-067,16鄰,大興西路,二段,,,,,279號五樓之1,121.293381778722,25.0075048990374
桃園市桃園區南埔里16鄰大興西路二段279號五樓之2,68,6800100,6800100-067,16鄰,大興西路,二段,,,,,279號五樓之2,121.293381778722,25.0075048990374
桃園市桃園區南埔里16鄰大興西路二段279號六樓之1,68,6800100,6800100-067,16鄰,大興西路,二段,,,,,279號六樓之1,121.293381778722,25.0075048990374
桃園市桃園區南埔里16鄰大興西路二段279號四樓之1,68,6800100,6800100-067,16鄰,大興西路,二段,,,,,279號四樓之1,121.293381778722,25.0075048990374
桃園市桃園區南埔里16鄰大興西路二段279號四樓之2,68,6800100,6800100-067,16鄰,大興西路,二段,,,,,279號四樓之2,121.293381778722,25.0075048990374
桃園市桃園區南埔里16鄰大興西路二段279號七樓之1,68,6800100,6800100-067,16鄰,大興西路,二段,,,,,279號七樓之1,121.293381778722,25.0075048990374
桃園市桃園區南埔里16鄰大興西路二段279號七樓之2,68,6800100,6800100-067,16鄰,大興西路,二段,,,,,279號七樓之2,121.293381778722,25.0075048990374
桃園市桃園區南埔里16鄰大興西路二段279號九樓之1,68,6800100,6800100-067,16鄰,大興西路,二段,,,,,279號九樓之1,121.293381778722,25.0075048990374
桃園市桃園區南埔里16鄰大興西路二段279號九樓之2,68,6800100,6800100-067,16鄰,大興西路,二段,,,,,279號九樓之2,121.293381778722,25.0075048990374
桃園市桃園區南埔里16鄰大興西路二段279號二十樓之2,68,6800100,6800100-067,16鄰,大興西路,二段,,,,,279號二十樓之2,121.293381778722,25.0075048990374
桃園市桃園區南埔里16鄰大興西路二段279號二樓,68,6800100,6800100-067,16鄰,大興西路,二段,,,,,279號二樓,121.293381778722,25.0075048990374
桃園市桃園區南埔里16鄰大興西路二段279號八樓之1,68,6800100,6800100-067,16鄰,大興西路,二段,,,,,279號八樓之1,121.293381778722,25.0075048990374
桃園市桃園區南埔里16鄰大興西路二段279號八樓之2,68,6800100,6800100-067,16鄰,大興西路,二段,,,,,279號八樓之2,121.293381778722,25.0075048990374
桃園市桃園區南埔里8鄰大興西路二段291號三樓,68,6800100,6800100-067,8鄰,大興西路,二段,,,,,291號三樓,121.29311846001,25.0072210268516
桃園市桃園區南埔里8鄰大興西路二段291號七樓,68,6800100,6800100-067,8鄰,大興西路,二段,,,,,291號七樓,121.29311846001,25.0072210268516
桃園市桃園區南埔里8鄰大興西路二段291號四樓,68,6800100,6800100-067,8鄰,大興西路,二段,,,,,291號四樓,121.29311846001,25.0072210268516
桃園市桃園區南埔里8鄰大興西路二段291號五樓,68,6800100,6800100-067,8鄰,大興西路,二段,,,,,291號五樓,121.29311846001,25.0072210268516
桃園市桃園區南埔里8鄰大興西路二段291號六樓,68,6800100,6800100-067,8鄰,大興西路,二段,,,,,291號六樓,121.29311846001,25.0072210268516
桃園市桃園區南埔里8鄰大興西路二段291號八樓,68,6800100,6800100-067,8鄰,大興西路,二段,,,,,291號八樓,121.29311846001,25.0072210268516
桃園市桃園區南埔里8鄰大興西路二段291號九樓,68,6800100,6800100-067,8鄰,大興西路,二段,,,,,291號九樓,121.29311846001,25.0072210268516
桃園市桃園區南埔里8鄰大興西路二段291號十樓,68,6800100,6800100-067,8鄰,大興西路,二段,,,,,291號十樓,121.29311846001,25.0072210268516
桃園市桃園區南埔里8鄰大興西路二段291號十一樓,68,6800100,6800100-067,8鄰,大興西路,二段,,,,,291號十一樓,121.29311846001,25.0072210268516
桃園市桃園區南埔里8鄰大興西路二段291號十二樓,68,6800100,6800100-067,8鄰,大興西路,二段,,,,,291號十二樓,121.29311846001,25.0072210268516
桃園市桃園區南埔里8鄰大興西路二段291號十三樓,68,6800100,6800100-067,8鄰,大興西路,二段,,,,,291號十三樓,121.29311846001,25.0072210268516
桃園市桃園區南埔里8鄰大興西路二段291號十四樓,68,6800100,6800100-067,8鄰,大興西路,二段,,,,,291號十四樓,121.29311846001,25.0072210268516
桃園市桃園區南埔里8鄰大興西路二段291號十五樓,68,6800100,6800100-067,8鄰,大興西路,二段,,,,,291號十五樓,121.29311846001,25.0072210268516
桃園市桃園區南埔里8鄰大興西路二段291號十六樓,68,6800100,6800100-067,8鄰,大興西路,二段,,,,,291號十六樓,121.29311846001,25.0072210268516
桃園市桃園區南埔里8鄰大興西路二段291號十七樓,68,6800100,6800100-067,8鄰,大興西路,二段,,,,,291號十七樓,121.29311846001,25.0072210268516
桃園市桃園區南埔里8鄰大興西路二段293號,68,6800100,6800100-067,8鄰,大興西路,二段,,,,,293號,121.292927464084,25.0070616022702
桃園市桃園區南埔里8鄰大興西路二段293號十二樓,68,6800100,6800100-067,8鄰,大興西路,二段,,,,,293號十二樓,121.292927464084,25.0070616022702
桃園市桃園區南埔里8鄰大興西路二段293號六樓,68,6800100,6800100-067,8鄰,大興西路,二段,,,,,293號六樓,121.292927464084,25.0070616022702
桃園市桃園區南埔里8鄰大興西路二段293號七樓,68,6800100,6800100-067,8鄰,大興西路,二段,,,,,293號七樓,121.292927464084,25.0070616022702
桃園市桃園區南埔里8鄰大興西路二段293號八樓,68,6800100,6800100-067,8鄰,大興西路,二段,,,,,293號八樓,121.292927464084,25.0070616022702
桃園市桃園區南埔里8鄰大興西路二段293號九樓,68,6800100,6800100-067,8鄰,大興西路,二段,,,,,293號九樓,121.292927464084,25.0070616022702
桃園市桃園區南埔里8鄰大興西路二段293號十樓,68,6800100,6800100-067,8鄰,大興西路,二段,,,,,293號十樓,121.292927464084,25.0070616022702
桃園市桃園區南埔里8鄰大興西路二段293號十一樓,68,6800100,6800100-067,8鄰,大興西路,二段,,,,,293號十一樓,121.292927464084,25.0070616022702
桃園市桃園區南埔里8鄰大興西路二段293號十三樓,68,6800100,6800100-067,8鄰,大興西路,二段,,,,,293號十三樓,121.292927464084,25.0070616022702
桃園市桃園區南埔里8鄰大興西路二段293號十四樓,68,6800100,6800100-067,8鄰,大興西路,二段,,,,,293號十四樓,121.292927464084,25.0070616022702
桃園市桃園區南埔里8鄰大興西路二段293號十五樓,68,6800100,6800100-067,8鄰,大興西路,二段,,,,,293號十五樓,121.292927464084,25.0070616022702
桃園市桃園區南埔里8鄰大興西路二段293號十六樓,68,6800100,6800100-067,8鄰,大興西路,二段,,,,,293號十六樓,121.292927464084,25.0070616022702
桃園市桃園區南埔里8鄰大興西路二段293號十七樓,68,6800100,6800100-067,8鄰,大興西路,二段,,,,,293號十七樓,121.292927464084,25.0070616022702
桃園市桃園區南埔里8鄰大興西路二段293號四樓,68,6800100,6800100-067,8鄰,大興西路,二段,,,,,293號四樓,121.292927464084,25.0070616022702
桃園市桃園區南埔里8鄰大興西路二段293號二樓,68,6800100,6800100-067,8鄰,大興西路,二段,,,,,293號二樓,121.292927464084,25.0070616022702
桃園市桃園區南埔里8鄰大興西路二段293號三樓,68,6800100,6800100-067,8鄰,大興西路,二段,,,,,293號三樓,121.292927464084,25.0070616022702
桃園市桃園區南埔里8鄰大興西路二段293號五樓,68,6800100,6800100-067,8鄰,大興西路,二段,,,,,293號五樓,121.292927464084,25.0070616022702
桃園市桃園區同安里4鄰大興西路一段185之2號,68,6800100,6800100-050,4鄰,大興西路,一段,,,,,185之2號,121.304068034249,25.0137599916105
桃園市桃園區同安里4鄰大興西路一段185之3號,68,6800100,6800100-050,4鄰,大興西路,一段,,,,,185之3號,121.304068034249,25.0137599916105
桃園市桃園區同安里4鄰大興西路一段185之1號,68,6800100,6800100-050,4鄰,大興西路,一段,,,,,185之1號,121.304068034249,25.0137599916105
桃園市桃園區同安里4鄰大興西路一段185號,68,6800100,6800100-050,4鄰,大興西路,一段,,,,,185號,121.304068034249,25.0137599916105
桃園市桃園區同安里4鄰大興西路一段187號,68,6800100,6800100-050,4鄰,大興西路,一段,,,,,187號,121.304018453037,25.0137430295289
桃園市桃園區同安里4鄰大興西路一段187之3號,68,6800100,6800100-050,4鄰,大興西路,一段,,,,,187之3號,121.304018453037,25.0137430295289
桃園市桃園區同安里4鄰大興西路一段187之1號,68,6800100,6800100-050,4鄰,大興西路,一段,,,,,187之1號,121.304018453037,25.0137430295289
桃園市桃園區同安里4鄰大興西路一段187之2號,68,6800100,6800100-050,4鄰,大興西路,一段,,,,,187之2號,121.304018453037,25.0137430295289
桃園市桃園區同安里4鄰大興西路一段191巷2之1號,68,6800100,6800100-050,4鄰,大興西路,一段,191巷,,,,2之1號,121.303888541411,25.0135741953115
桃園市桃園區同安里4鄰大興西路一段191巷2之2號,68,6800100,6800100-050,4鄰,大興西路,一段,191巷,,,,2之2號,121.303888541411,25.0135741953115
桃園市桃園區同安里4鄰大興西路一段191巷2號,68,6800100,6800100-050,4鄰,大興西路,一段,191巷,,,,2號,121.303888541411,25.0135741953115
桃園市桃園區同安里4鄰大興西路一段191巷2之3號,68,6800100,6800100-050,4鄰,大興西路,一段,191巷,,,,2之3號,121.303888541411,25.0135741953115
桃園市桃園區同安里4鄰大興西路一段191巷3之2號,68,6800100,6800100-050,4鄰,大興西路,一段,191巷,,,,3之2號,121.304110942721,25.0135618233178
桃園市桃園區同安里4鄰大興西路一段191巷3之3號,68,6800100,6800100-050,4鄰,大興西路,一段,191巷,,,,3之3號,121.304110942721,25.0135618233178
桃園市桃園區同安里4鄰大興西路一段191巷3號,68,6800100,6800100-050,4鄰,大興西路,一段,191巷,,,,3號,121.304110942721,25.0135618233178
桃園市桃園區同安里4鄰大興西路一段191巷3之1號,68,6800100,6800100-050,4鄰,大興西路,一段,191巷,,,,3之1號,121.304110942721,25.0135618233178
桃園市桃園區同安里4鄰大興西路一段191巷4之1號,68,6800100,6800100-050,4鄰,大興西路,一段,191巷,,,,4之1號,121.303921383578,25.0135128261436
桃園市桃園區同安里4鄰大興西路一段191巷4之2號,68,6800100,6800100-050,4鄰,大興西路,一段,191巷,,,,4之2號,121.303921383578,25.0135128261436
桃園市桃園區同安里4鄰大興西路一段191巷4之3號,68,6800100,6800100-050,4鄰,大興西路,一段,191巷,,,,4之3號,121.303921383578,25.0135128261436
桃園市桃園區同安里4鄰大興西路一段191巷4號,68,6800100,6800100-050,4鄰,大興西路,一段,191巷,,,,4號,121.303921383578,25.0135128261436
桃園市桃園區同安里4鄰大興西路一段191巷5之1號,68,6800100,6800100-050,4鄰,大興西路,一段,191巷,,,,5之1號,121.304154938131,25.0134831872671
桃園市桃園區同安里4鄰大興西路一段191巷5之2號,68,6800100,6800100-050,4鄰,大興西路,一段,191巷,,,,5之2號,121.304154938131,25.0134831872671
桃園市桃園區同安里4鄰大興西路一段191巷5之3號,68,6800100,6800100-050,4鄰,大興西路,一段,191巷,,,,5之3號,121.304154938131,25.0134831872671
桃園市桃園區同安里4鄰大興西路一段191巷5號,68,6800100,6800100-050,4鄰,大興西路,一段,191巷,,,,5號,121.304154938131,25.0134831872671
桃園市桃園區同安里4鄰大興西路一段191巷6之2號,68,6800100,6800100-050,4鄰,大興西路,一段,191巷,,,,6之2號,121.3039542226,25.0134501930148
桃園市桃園區同安里4鄰大興西路一段191巷6之3號,68,6800100,6800100-050,4鄰,大興西路,一段,191巷,,,,6之3號,121.3039542226,25.0134501930148
桃園市桃園區同安里4鄰大興西路一段191巷6號,68,6800100,6800100-050,4鄰,大興西路,一段,191巷,,,,6號,121.3039542226,25.0134501930148
桃園市桃園區同安里4鄰大興西路一段191巷6之1號,68,6800100,6800100-050,4鄰,大興西路,一段,191巷,,,,6之1號,121.3039542226,25.0134501930148
桃園市桃園區同安里4鄰大興西路一段191巷8之2號,68,6800100,6800100-050,4鄰,大興西路,一段,191巷,,,,8之2號,121.303987061368,25.0133874695962
桃園市桃園區同安里4鄰大興西路一段191巷8號,68,6800100,6800100-050,4鄰,大興西路,一段,191巷,,,,8號,121.303987061368,25.0133874695962
桃園市桃園區同安里4鄰大興西路一段191巷8之1號,68,6800100,6800100-050,4鄰,大興西路,一段,191巷,,,,8之1號,121.303987061368,25.0133874695962
桃園市桃園區同安里4鄰大興西路一段191巷8之3號,68,6800100,6800100-050,4鄰,大興西路,一段,191巷,,,,8之3號,121.303987061368,25.0133874695962
桃園市桃園區同安里4鄰大興西路一段191巷9號,68,6800100,6800100-050,4鄰,大興西路,一段,191巷,,,,9號,121.304216748286,25.0133564842876
桃園市桃園區同安里4鄰大興西路一段191巷9之1號,68,6800100,6800100-050,4鄰,大興西路,一段,191巷,,,,9之1號,121.304216748286,25.0133564842876
桃園市桃園區同安里4鄰大興西路一段191巷9之2號,68,6800100,6800100-050,4鄰,大興西路,一段,191巷,,,,9之2號,121.304216748286,25.0133564842876
桃園市桃園區同安里4鄰大興西路一段191巷9之3號,68,6800100,6800100-050,4鄰,大興西路,一段,191巷,,,,9之3號,121.304216748286,25.0133564842876
桃園市桃園區同安里5鄰大興西路一段191巷10弄1號,68,6800100,6800100-050,5鄰,大興西路,一段,191巷,10弄,,,1號,121.303669306708,25.0134641369718
桃園市桃園區同安里5鄰大興西路一段191巷10弄1之1號,68,6800100,6800100-050,5鄰,大興西路,一段,191巷,10弄,,,1之1號,121.303669373319,25.0134912216887
桃園市桃園區同安里5鄰大興西路一段191巷10弄1之3號,68,6800100,6800100-050,5鄰,大興西路,一段,191巷,10弄,,,1之3號,121.303669373319,25.0134912216887
桃園市桃園區同安里5鄰大興西路一段191巷10弄1之2號,68,6800100,6800100-050,5鄰,大興西路,一段,191巷,10弄,,,1之2號,121.303669373319,25.0134912216887
桃園市桃園區同安里5鄰大興西路一段191巷10弄2之2號,68,6800100,6800100-050,5鄰,大興西路,一段,191巷,10弄,,,2之2號,121.303544372212,25.0133850334263
桃園市桃園區同安里5鄰大興西路一段191巷10弄2之1號,68,6800100,6800100-050,5鄰,大興西路,一段,191巷,10弄,,,2之1號,121.303544372212,25.0133850334263
桃園市桃園區同安里5鄰大興西路一段191巷10弄2之3號,68,6800100,6800100-050,5鄰,大興西路,一段,191巷,10弄,,,2之3號,121.303544372212,25.0133850334263
桃園市桃園區同安里5鄰大興西路一段191巷10弄2號,68,6800100,6800100-050,5鄰,大興西路,一段,191巷,10弄,,,2號,121.303544372212,25.0133850334263
桃園市桃園區同安里5鄰大興西路一段191巷10弄3號,68,6800100,6800100-050,5鄰,大興西路,一段,191巷,10弄,,,3號,121.303700825371,25.0134285914471
桃園市桃園區同安里5鄰大興西路一段191巷10弄3之1號,68,6800100,6800100-050,5鄰,大興西路,一段,191巷,10弄,,,3之1號,121.303700825371,25.0134285914471
桃園市桃園區同安里5鄰大興西路一段191巷10弄3之3號,68,6800100,6800100-050,5鄰,大興西路,一段,191巷,10弄,,,3之3號,121.303700825371,25.0134285914471
桃園市桃園區同安里5鄰大興西路一段191巷10弄3之2號,68,6800100,6800100-050,5鄰,大興西路,一段,191巷,10弄,,,3之2號,121.303700758753,25.01340150673
桃園市桃園區同安里5鄰大興西路一段191巷10弄4之2號,68,6800100,6800100-050,5鄰,大興西路,一段,191巷,10弄,,,4之2號,121.303596638978,25.0132854350324
桃園市桃園區同安里5鄰大興西路一段191巷10弄4之3號,68,6800100,6800100-050,5鄰,大興西路,一段,191巷,10弄,,,4之3號,121.303596638978,25.0132854350324
桃園市桃園區同安里5鄰大興西路一段191巷10弄4之1號,68,6800100,6800100-050,5鄰,大興西路,一段,191巷,10弄,,,4之1號,121.303596638978,25.0132854350324
桃園市桃園區同安里5鄰大興西路一段191巷10弄4號,68,6800100,6800100-050,5鄰,大興西路,一段,191巷,10弄,,,4號,121.303596638978,25.0132854350324
桃園市桃園區同安里5鄰大興西路一段191巷10弄5之2號,68,6800100,6800100-050,5鄰,大興西路,一段,191巷,10弄,,,5之2號,121.303745553632,25.0133658437984
桃園市桃園區同安里5鄰大興西路一段191巷10弄5之1號,68,6800100,6800100-050,5鄰,大興西路,一段,191巷,10弄,,,5之1號,121.303736101683,25.0133497927583
桃園市桃園區同安里5鄰大興西路一段191巷10弄5之3號,68,6800100,6800100-050,5鄰,大興西路,一段,191巷,10弄,,,5之3號,121.303736101683,25.0133497927583
桃園市桃園區同安里5鄰大興西路一段191巷10弄5號,68,6800100,6800100-050,5鄰,大興西路,一段,191巷,10弄,,,5號,121.303736101683,25.0133497927583
桃園市桃園區同安里5鄰大興西路一段191巷10弄6之3號,68,6800100,6800100-050,5鄰,大興西路,一段,191巷,10弄,,,6之3號,121.303638223004,25.0131930810603
桃園市桃園區同安里5鄰大興西路一段191巷10弄6之1號,68,6800100,6800100-050,5鄰,大興西路,一段,191巷,10弄,,,6之1號,121.303638223004,25.0131930810603
桃園市桃園區同安里5鄰大興西路一段191巷10弄6號,68,6800100,6800100-050,5鄰,大興西路,一段,191巷,10弄,,,6號,121.303638223004,25.0131930810603
桃園市桃園區同安里5鄰大興西路一段191巷10弄6之2號,68,6800100,6800100-050,5鄰,大興西路,一段,191巷,10弄,,,6之2號,121.303638223004,25.0131930810603
桃園市桃園區同安里5鄰大興西路一段191巷10弄7之1號,68,6800100,6800100-050,5鄰,大興西路,一段,191巷,10弄,,,7之1號,121.303773698279,25.0132878722129
桃園市桃園區同安里5鄰大興西路一段191巷10弄7之2號,68,6800100,6800100-050,5鄰,大興西路,一段,191巷,10弄,,,7之2號,121.303773698279,25.0132878722129
桃園市桃園區同安里5鄰大興西路一段191巷10弄7之3號,68,6800100,6800100-050,5鄰,大興西路,一段,191巷,10弄,,,7之3號,121.303777492785,25.0132998720799
桃園市桃園區同安里5鄰大興西路一段191巷10弄7號,68,6800100,6800100-050,5鄰,大興西路,一段,191巷,10弄,,,7號,121.303773698279,25.0132878722129
桃園市桃園區同安里5鄰大興西路一段191巷10弄8之1號,68,6800100,6800100-050,5鄰,大興西路,一段,191巷,10弄,,,8之1號,121.303683802946,25.0131140807771
桃園市桃園區同安里5鄰大興西路一段191巷10弄8之2號,68,6800100,6800100-050,5鄰,大興西路,一段,191巷,10弄,,,8之2號,121.303683802946,25.0131140807771
桃園市桃園區同安里5鄰大興西路一段191巷10弄8之3號,68,6800100,6800100-050,5鄰,大興西路,一段,191巷,10弄,,,8之3號,121.303683802946,25.0131140807771
桃園市桃園區同安里5鄰大興西路一段191巷10弄8號,68,6800100,6800100-050,5鄰,大興西路,一段,191巷,10弄,,,8號,121.303683802946,25.0131140807771
桃園市桃園區同安里5鄰大興西路一段191巷10弄9之3號,68,6800100,6800100-050,5鄰,大興西路,一段,191巷,10弄,,,9之3號,121.303874918652,25.0131919655919
桃園市桃園區同安里5鄰大興西路一段191巷10弄9號,68,6800100,6800100-050,5鄰,大興西路,一段,191巷,10弄,,,9號,121.303874918652,25.0131919655919
桃園市桃園區同安里5鄰大興西路一段191巷10弄9之2號,68,6800100,6800100-050,5鄰,大興西路,一段,191巷,10弄,,,9之2號,121.303874918652,25.0131919655919
桃園市桃園區同安里5鄰大興西路一段191巷10弄9之1號,68,6800100,6800100-050,5鄰,大興西路,一段,191巷,10弄,,,9之1號,121.303874918652,25.0131919655919
桃園市桃園區同安里5鄰大興西路一段191巷10弄10之1號,68,6800100,6800100-050,5鄰,大興西路,一段,191巷,10弄,,,10之1號,121.303714655988,25.0130496460964
桃園市桃園區同安里5鄰大興西路一段191巷10弄10之2號,68,6800100,6800100-050,5鄰,大興西路,一段,191巷,10弄,,,10之2號,121.303714655988,25.0130496460964
桃園市桃園區同安里5鄰大興西路一段191巷10弄10之3號,68,6800100,6800100-050,5鄰,大興西路,一段,191巷,10弄,,,10之3號,121.303714655988,25.0130496460964
桃園市桃園區同安里5鄰大興西路一段191巷10弄10號,68,6800100,6800100-050,5鄰,大興西路,一段,191巷,10弄,,,10號,121.303714655988,25.0130496460964
桃園市桃園區同安里5鄰大興西路一段191巷10弄11號,68,6800100,6800100-050,5鄰,大興西路,一段,191巷,10弄,,,11號,121.303909740061,25.0131296895511
桃園市桃園區同安里5鄰大興西路一段191巷10弄11之3號,68,6800100,6800100-050,5鄰,大興西路,一段,191巷,10弄,,,11之3號,121.303909740061,25.0131296895511
桃園市桃園區同安里5鄰大興西路一段191巷10弄11之1號,68,6800100,6800100-050,5鄰,大興西路,一段,191巷,10弄,,,11之1號,121.303909740061,25.0131296895511
桃園市桃園區同安里5鄰大興西路一段191巷10弄11之2號,68,6800100,6800100-050,5鄰,大興西路,一段,191巷,10弄,,,11之2號,121.303909740061,25.0131296895511
桃園市桃園區同安里5鄰大興西路一段191巷10弄12之1號,68,6800100,6800100-050,5鄰,大興西路,一段,191巷,10弄,,,12之1號,121.303748178102,25.0129827683204
桃園市桃園區同安里5鄰大興西路一段191巷10弄12之2號,68,6800100,6800100-050,5鄰,大興西路,一段,191巷,10弄,,,12之2號,121.303748178102,25.0129827683204
桃園市桃園區同安里5鄰大興西路一段191巷10弄12號,68,6800100,6800100-050,5鄰,大興西路,一段,191巷,10弄,,,12號,121.303748178102,25.0129827683204
桃園市桃園區同安里5鄰大興西路一段191巷10弄12之3號,68,6800100,6800100-050,5鄰,大興西路,一段,191巷,10弄,,,12之3號,121.303748178102,25.0129827683204
桃園市桃園區同安里5鄰大興西路一段191巷10弄13之1號,68,6800100,6800100-050,5鄰,大興西路,一段,191巷,10弄,,,13之1號,121.303946245537,25.013067319777
桃園市桃園區同安里5鄰大興西路一段191巷10弄13之2號,68,6800100,6800100-050,5鄰,大興西路,一段,191巷,10弄,,,13之2號,121.303946245537,25.013067319777
桃園市桃園區同安里5鄰大興西路一段191巷10弄13號,68,6800100,6800100-050,5鄰,大興西路,一段,191巷,10弄,,,13號,121.303946245537,25.013067319777
桃園市桃園區同安里5鄰大興西路一段191巷10弄13之3號,68,6800100,6800100-050,5鄰,大興西路,一段,191巷,10弄,,,13之3號,121.303946245537,25.013067319777
桃園市桃園區同安里5鄰大興西路一段191巷10弄14號,68,6800100,6800100-050,5鄰,大興西路,一段,191巷,10弄,,,14號,121.303784474578,25.0129159751518
桃園市桃園區同安里5鄰大興西路一段191巷10弄14之1號,68,6800100,6800100-050,5鄰,大興西路,一段,191巷,10弄,,,14之1號,121.303784474578,25.0129159751518
桃園市桃園區同安里5鄰大興西路一段191巷10弄14之2號,68,6800100,6800100-050,5鄰,大興西路,一段,191巷,10弄,,,14之2號,121.303784474578,25.0129159751518
桃園市桃園區同安里5鄰大興西路一段191巷10弄14之3號,68,6800100,6800100-050,5鄰,大興西路,一段,191巷,10弄,,,14之3號,121.303784474578,25.0129159751518
桃園市桃園區同安里5鄰大興西路一段191巷10弄15號,68,6800100,6800100-050,5鄰,大興西路,一段,191巷,10弄,,,15號,121.303982846498,25.013003505273
桃園市桃園區同安里5鄰大興西路一段191巷10弄15之1號,68,6800100,6800100-050,5鄰,大興西路,一段,191巷,10弄,,,15之1號,121.303982846498,25.013003505273
桃園市桃園區同安里5鄰大興西路一段191巷10弄15之2號,68,6800100,6800100-050,5鄰,大興西路,一段,191巷,10弄,,,15之2號,121.303982846498,25.013003505273
桃園市桃園區同安里5鄰大興西路一段191巷10弄15之3號,68,6800100,6800100-050,5鄰,大興西路,一段,191巷,10弄,,,15之3號,121.303982846498,25.013003505273
桃園市桃園區同安里5鄰大興西路一段191巷10弄17之2號,68,6800100,6800100-050,5鄰,大興西路,一段,191巷,10弄,,,17之2號,121.304003294416,25.0129383695395
桃園市桃園區同安里5鄰大興西路一段191巷10弄17號,68,6800100,6800100-050,5鄰,大興西路,一段,191巷,10弄,,,17號,121.304003294416,25.0129383695395
桃園市桃園區同安里5鄰大興西路一段191巷10弄17之1號,68,6800100,6800100-050,5鄰,大興西路,一段,191巷,10弄,,,17之1號,121.304003294416,25.0129383695395
桃園市桃園區同安里5鄰大興西路一段191巷10弄17之3號,68,6800100,6800100-050,5鄰,大興西路,一段,191巷,10弄,,,17之3號,121.304003294416,25.0129383695395
桃園市桃園區同安里4鄰大興西路一段191巷11之1號,68,6800100,6800100-050,4鄰,大興西路,一段,191巷,,,,11之1號,121.304261261638,25.0132870559946
桃園市桃園區同安里4鄰大興西路一段191巷11號,68,6800100,6800100-050,4鄰,大興西路,一段,191巷,,,,11號,121.304261261638,25.0132870559946
桃園市桃園區同安里4鄰大興西路一段191巷11之2號,68,6800100,6800100-050,4鄰,大興西路,一段,191巷,,,,11之2號,121.304261261638,25.0132870559946
桃園市桃園區同安里4鄰大興西路一段191巷11之3號,68,6800100,6800100-050,4鄰,大興西路,一段,191巷,,,,11之3號,121.304261261638,25.0132870559946
桃園市桃園區同安里4鄰大興西路一段191巷12之3號,68,6800100,6800100-050,4鄰,大興西路,一段,191巷,,,,12之3號,121.304063373942,25.0132757239831
桃園市桃園區同安里4鄰大興西路一段191巷12之2號,68,6800100,6800100-050,4鄰,大興西路,一段,191巷,,,,12之2號,121.304063373942,25.0132757239831
桃園市桃園區同安里4鄰大興西路一段191巷12號,68,6800100,6800100-050,4鄰,大興西路,一段,191巷,,,,12號,121.304063373942,25.0132757239831
桃園市桃園區同安里4鄰大興西路一段191巷12之1號,68,6800100,6800100-050,4鄰,大興西路,一段,191巷,,,,12之1號,121.304063373942,25.0132757239831
桃園市桃園區同安里4鄰大興西路一段191巷13之1號,68,6800100,6800100-050,4鄰,大興西路,一段,191巷,,,,13之1號,121.304285976926,25.0132248005451
桃園市桃園區同安里4鄰大興西路一段191巷13號,68,6800100,6800100-050,4鄰,大興西路,一段,191巷,,,,13號,121.304285976926,25.0132248005451
桃園市桃園區同安里4鄰大興西路一段191巷13之2號,68,6800100,6800100-050,4鄰,大興西路,一段,191巷,,,,13之2號,121.304285976926,25.0132248005451
桃園市桃園區同安里4鄰大興西路一段191巷13之3號,68,6800100,6800100-050,4鄰,大興西路,一段,191巷,,,,13之3號,121.304285976926,25.0132248005451
桃園市桃園區同安里4鄰大興西路一段191巷14之2號,68,6800100,6800100-050,4鄰,大興西路,一段,191巷,,,,14之2號,121.304095517729,25.0132124602638
桃園市桃園區同安里4鄰大興西路一段191巷14號,68,6800100,6800100-050,4鄰,大興西路,一段,191巷,,,,14號,121.304095517729,25.0132124602638
桃園市桃園區同安里4鄰大興西路一段191巷14之3號,68,6800100,6800100-050,4鄰,大興西路,一段,191巷,,,,14之3號,121.304095517729,25.0132124602638
桃園市桃園區同安里4鄰大興西路一段191巷14之1號,68,6800100,6800100-050,4鄰,大興西路,一段,191巷,,,,14之1號,121.304095517729,25.0132124602638
桃園市桃園區同安里4鄰大興西路一段191巷15之2號,68,6800100,6800100-050,4鄰,大興西路,一段,191巷,,,,15之2號,121.304322575753,25.0131601734185
桃園市桃園區同安里4鄰大興西路一段191巷15之3號,68,6800100,6800100-050,4鄰,大興西路,一段,191巷,,,,15之3號,121.304322575753,25.0131601734185
桃園市桃園區同安里4鄰大興西路一段191巷15之1號,68,6800100,6800100-050,4鄰,大興西路,一段,191巷,,,,15之1號,121.304322575753,25.0131601734185
桃園市桃園區同安里4鄰大興西路一段191巷15號,68,6800100,6800100-050,4鄰,大興西路,一段,191巷,,,,15號,121.304322575753,25.0131601734185
桃園市桃園區同安里4鄰大興西路一段191巷16之3號,68,6800100,6800100-050,4鄰,大興西路,一段,191巷,,,,16之3號,121.304126376805,25.0131505534073
桃園市桃園區同安里4鄰大興西路一段191巷16之2號,68,6800100,6800100-050,4鄰,大興西路,一段,191巷,,,,16之2號,121.304126376805,25.0131505534073
桃園市桃園區同安里4鄰大興西路一段191巷16號,68,6800100,6800100-050,4鄰,大興西路,一段,191巷,,,,16號,121.304126376805,25.0131505534073
桃園市桃園區同安里4鄰大興西路一段191巷16之1號,68,6800100,6800100-050,4鄰,大興西路,一段,191巷,,,,16之1號,121.304126376805,25.0131505534073
桃園市桃園區同安里4鄰大興西路一段191巷17之3號,68,6800100,6800100-050,4鄰,大興西路,一段,191巷,,,,17之3號,121.304359168534,25.0130931086583
桃園市桃園區同安里4鄰大興西路一段191巷17號,68,6800100,6800100-050,4鄰,大興西路,一段,191巷,,,,17號,121.304359168534,25.0130931086583
桃園市桃園區同安里4鄰大興西路一段191巷17之2號,68,6800100,6800100-050,4鄰,大興西路,一段,191巷,,,,17之2號,121.304359168534,25.0130931086583
桃園市桃園區同安里4鄰大興西路一段191巷17之1號,68,6800100,6800100-050,4鄰,大興西路,一段,191巷,,,,17之1號,121.304359168534,25.0130931086583
桃園市桃園區同安里4鄰大興西路一段191巷18之1號,68,6800100,6800100-050,4鄰,大興西路,一段,191巷,,,,18之1號,121.304170707326,25.01308735503
桃園市桃園區同安里4鄰大興西路一段191巷18號,68,6800100,6800100-050,4鄰,大興西路,一段,191巷,,,,18號,121.304170707326,25.01308735503
桃園市桃園區同安里4鄰大興西路一段191巷18之2號,68,6800100,6800100-050,4鄰,大興西路,一段,191巷,,,,18之2號,121.304170707326,25.01308735503
桃園市桃園區同安里4鄰大興西路一段191巷18之3號,68,6800100,6800100-050,4鄰,大興西路,一段,191巷,,,,18之3號,121.304170707326,25.01308735503
桃園市桃園區同安里4鄰大興西路一段191巷20之1號,68,6800100,6800100-050,4鄰,大興西路,一段,191巷,,,,20之1號,121.304208177411,25.0130144201263
桃園市桃園區同安里4鄰大興西路一段191巷20之2號,68,6800100,6800100-050,4鄰,大興西路,一段,191巷,,,,20之2號,121.304208177411,25.0130144201263
桃園市桃園區同安里4鄰大興西路一段191巷20之3號,68,6800100,6800100-050,4鄰,大興西路,一段,191巷,,,,20之3號,121.304208177411,25.0130144201263
桃園市桃園區同安里4鄰大興西路一段191巷20號,68,6800100,6800100-050,4鄰,大興西路,一段,191巷,,,,20號,121.304208177411,25.0130144201263
桃園市桃園區同安里4鄰大興西路一段193號,68,6800100,6800100-050,4鄰,大興西路,一段,,,,,193號,121.303682049641,25.0136097371738
桃園市桃園區同安里4鄰大興西路一段221號,68,6800100,6800100-050,4鄰,大興西路,一段,,,,,221號,121.303419586287,25.0131647270973
桃園市桃園區同安里11鄰大興西路一段225號,68,6800100,6800100-050,11鄰,大興西路,一段,,,,,225號,121.302969186066,25.0132900551752
桃園市桃園區同安里11鄰大興西路一段225號二樓,68,6800100,6800100-050,11鄰,大興西路,一段,,,,,225號二樓,121.302969186066,25.0132900551752
桃園市桃園區同安里11鄰大興西路一段225號三樓,68,6800100,6800100-050,11鄰,大興西路,一段,,,,,225號三樓,121.302969186066,25.0132900551752
桃園市桃園區同安里11鄰大興西路一段225號四樓之1,68,6800100,6800100-050,11鄰,大興西路,一段,,,,,225號四樓之1,121.302969186066,25.0132900551752
桃園市桃園區同安里11鄰大興西路一段225號四樓之2,68,6800100,6800100-050,11鄰,大興西路,一段,,,,,225號四樓之2,121.302969186066,25.0132900551752
桃園市桃園區同安里11鄰大興西路一段225號四樓之3,68,6800100,6800100-050,11鄰,大興西路,一段,,,,,225號四樓之3,121.302969186066,25.0132900551752
桃園市桃園區同安里11鄰大興西路一段225號五樓之1,68,6800100,6800100-050,11鄰,大興西路,一段,,,,,225號五樓之1,121.302969186066,25.0132900551752
桃園市桃園區同安里11鄰大興西路一段225號五樓之2,68,6800100,6800100-050,11鄰,大興西路,一段,,,,,225號五樓之2,121.302969186066,25.0132900551752
桃園市桃園區同安里11鄰大興西路一段225號五樓之3,68,6800100,6800100-050,11鄰,大興西路,一段,,,,,225號五樓之3,121.302969186066,25.0132900551752
桃園市桃園區同安里11鄰大興西路一段225號六樓之1,68,6800100,6800100-050,11鄰,大興西路,一段,,,,,225號六樓之1,121.302969186066,25.0132900551752
桃園市桃園區同安里11鄰大興西路一段225號六樓之2,68,6800100,6800100-050,11鄰,大興西路,一段,,,,,225號六樓之2,121.302969186066,25.0132900551752
桃園市桃園區同安里11鄰大興西路一段225號六樓之3,68,6800100,6800100-050,11鄰,大興西路,一段,,,,,225號六樓之3,121.302969186066,25.0132900551752
桃園市桃園區同安里11鄰大興西路一段225號七樓之1,68,6800100,6800100-050,11鄰,大興西路,一段,,,,,225號七樓之1,121.302969186066,25.0132900551752
桃園市桃園區同安里11鄰大興西路一段225號七樓之2,68,6800100,6800100-050,11鄰,大興西路,一段,,,,,225號七樓之2,121.302969186066,25.0132900551752
桃園市桃園區同安里11鄰大興西路一段225號七樓之3,68,6800100,6800100-050,11鄰,大興西路,一段,,,,,225號七樓之3,121.302969186066,25.0132900551752
桃園市桃園區同安里11鄰大興西路一段225號八樓之1,68,6800100,6800100-050,11鄰,大興西路,一段,,,,,225號八樓之1,121.302969186066,25.0132900551752
桃園市桃園區同安里11鄰大興西路一段225號八樓之2,68,6800100,6800100-050,11鄰,大興西路,一段,,,,,225號八樓之2,121.302969186066,25.0132900551752
桃園市桃園區同安里11鄰大興西路一段225號八樓之3,68,6800100,6800100-050,11鄰,大興西路,一段,,,,,225號八樓之3,121.302969186066,25.0132900551752
桃園市桃園區同安里11鄰大興西路一段225號九樓之1,68,6800100,6800100-050,11鄰,大興西路,一段,,,,,225號九樓之1,121.302969186066,25.0132900551752
桃園市桃園區同安里11鄰大興西路一段225號九樓之2,68,6800100,6800100-050,11鄰,大興西路,一段,,,,,225號九樓之2,121.302969186066,25.0132900551752
桃園市桃園區同安里11鄰大興西路一段225號九樓之3,68,6800100,6800100-050,11鄰,大興西路,一段,,,,,225號九樓之3,121.302969186066,25.0132900551752
桃園市桃園區同安里11鄰大興西路一段237號,68,6800100,6800100-050,11鄰,大興西路,一段,,,,,237號,121.302523768056,25.0130229121982
桃園市桃園區同安里11鄰大興西路一段237號地下一層,68,6800100,6800100-050,11鄰,大興西路,一段,,,,,237號地下一層,121.302523768056,25.0130229121982
桃園市桃園區同安里11鄰大興西路一段239號,68,6800100,6800100-050,11鄰,大興西路,一段,,,,,239號,121.302331980901,25.0129536038733
桃園市桃園區同安里11鄰大興西路一段305號,68,6800100,6800100-050,11鄰,大興西路,一段,,,,,305號,121.301823817167,25.0127139420278
桃園市桃園區同安里11鄰大興西路一段307號,68,6800100,6800100-050,11鄰,大興西路,一段,,,,,307號,121.301741890601,25.0127184418635
桃園市桃園區同安里11鄰大興西路一段309號,68,6800100,6800100-050,11鄰,大興西路,一段,,,,,309號,121.301700332315,25.0127001987618
桃園市桃園區同安里11鄰大興西路一段311號,68,6800100,6800100-050,11鄰,大興西路,一段,,,,,311號,121.301641336392,25.0126819910198
桃園市桃園區同安里11鄰大興西路一段313號,68,6800100,6800100-050,11鄰,大興西路,一段,,,,,313號,121.301598391048,25.0126637507027
桃園市桃園區同安里11鄰大興西路一段317號,68,6800100,6800100-050,11鄰,大興西路,一段,,,,,317號,121.301469608211,25.012630787739
桃園市桃園區同安里11鄰大興西路一段319號,68,6800100,6800100-050,11鄰,大興西路,一段,,,,,319號,121.301377402442,25.012604882886
桃園市桃園區同安里13鄰大興西路一段321號,68,6800100,6800100-050,13鄰,大興西路,一段,,,,,321號,121.301295537944,25.012553587538
桃園市桃園區同安里13鄰大興西路一段321號十樓之1,68,6800100,6800100-050,13鄰,大興西路,一段,,,,,321號十樓之1,121.301295537944,25.012553587538
桃園市桃園區同安里13鄰大興西路一段321號十樓之2,68,6800100,6800100-050,13鄰,大興西路,一段,,,,,321號十樓之2,121.301295537944,25.012553587538
桃園市桃園區同安里13鄰大興西路一段321號十樓之3,68,6800100,6800100-050,13鄰,大興西路,一段,,,,,321號十樓之3,121.301295537944,25.012553587538
桃園市桃園區同安里13鄰大興西路一段321號十樓之4,68,6800100,6800100-050,13鄰,大興西路,一段,,,,,321號十樓之4,121.301295537944,25.012553587538
桃園市桃園區同安里13鄰大興西路一段321號十樓之5,68,6800100,6800100-050,13鄰,大興西路,一段,,,,,321號十樓之5,121.301295537944,25.012553587538
桃園市桃園區同安里13鄰大興西路一段321號二樓,68,6800100,6800100-050,13鄰,大興西路,一段,,,,,321號二樓,121.301295537944,25.012553587538
桃園市桃園區同安里13鄰大興西路一段321號三樓之1,68,6800100,6800100-050,13鄰,大興西路,一段,,,,,321號三樓之1,121.301295537944,25.012553587538
桃園市桃園區同安里13鄰大興西路一段321號三樓之2,68,6800100,6800100-050,13鄰,大興西路,一段,,,,,321號三樓之2,121.301295537944,25.012553587538
桃園市桃園區同安里13鄰大興西路一段321號三樓之3,68,6800100,6800100-050,13鄰,大興西路,一段,,,,,321號三樓之3,121.301295537944,25.012553587538
桃園市桃園區同安里13鄰大興西路一段321號三樓之4,68,6800100,6800100-050,13鄰,大興西路,一段,,,,,321號三樓之4,121.301295537944,25.012553587538
桃園市桃園區同安里13鄰大興西路一段321號四樓之1,68,6800100,6800100-050,13鄰,大興西路,一段,,,,,321號四樓之1,121.301295537944,25.012553587538
桃園市桃園區同安里13鄰大興西路一段321號四樓之2,68,6800100,6800100-050,13鄰,大興西路,一段,,,,,321號四樓之2,121.301295537944,25.012553587538
桃園市桃園區同安里13鄰大興西路一段321號四樓之3,68,6800100,6800100-050,13鄰,大興西路,一段,,,,,321號四樓之3,121.301295537944,25.012553587538
桃園市桃園區同安里13鄰大興西路一段321號四樓之4,68,6800100,6800100-050,13鄰,大興西路,一段,,,,,321號四樓之4,121.301295537944,25.012553587538
桃園市桃園區同安里13鄰大興西路一段321號四樓之5,68,6800100,6800100-050,13鄰,大興西路,一段,,,,,321號四樓之5,121.301295537944,25.012553587538
桃園市桃園區同安里13鄰大興西路一段321號五樓之1,68,6800100,6800100-050,13鄰,大興西路,一段,,,,,321號五樓之1,121.301295537944,25.012553587538
桃園市桃園區同安里13鄰大興西路一段321號五樓之2,68,6800100,6800100-050,13鄰,大興西路,一段,,,,,321號五樓之2,121.301295537944,25.012553587538
桃園市桃園區同安里13鄰大興西路一段321號五樓之3,68,6800100,6800100-050,13鄰,大興西路,一段,,,,,321號五樓之3,121.301295537944,25.012553587538
桃園市桃園區同安里13鄰大興西路一段321號五樓之4,68,6800100,6800100-050,13鄰,大興西路,一段,,,,,321號五樓之4,121.301295537944,25.012553587538
桃園市桃園區同安里13鄰大興西路一段321號五樓之5,68,6800100,6800100-050,13鄰,大興西路,一段,,,,,321號五樓之5,121.301295537944,25.012553587538
桃園市桃園區同安里13鄰大興西路一段321號六樓之1,68,6800100,6800100-050,13鄰,大興西路,一段,,,,,321號六樓之1,121.301295537944,25.012553587538
桃園市桃園區同安里13鄰大興西路一段321號六樓之2,68,6800100,6800100-050,13鄰,大興西路,一段,,,,,321號六樓之2,121.301295537944,25.012553587538
桃園市桃園區同安里13鄰大興西路一段321號六樓之3,68,6800100,6800100-050,13鄰,大興西路,一段,,,,,321號六樓之3,121.301295537944,25.012553587538
桃園市桃園區同安里13鄰大興西路一段321號六樓之4,68,6800100,6800100-050,13鄰,大興西路,一段,,,,,321號六樓之4,121.301295537944,25.012553587538
桃園市桃園區同安里13鄰大興西路一段321號六樓之5,68,6800100,6800100-050,13鄰,大興西路,一段,,,,,321號六樓之5,121.301295537944,25.012553587538
桃園市桃園區同安里13鄰大興西路一段321號七樓之1,68,6800100,6800100-050,13鄰,大興西路,一段,,,,,321號七樓之1,121.301295537944,25.012553587538
桃園市桃園區同安里13鄰大興西路一段321號七樓之2,68,6800100,6800100-050,13鄰,大興西路,一段,,,,,321號七樓之2,121.301295537944,25.012553587538
桃園市桃園區同安里13鄰大興西路一段321號七樓之3,68,6800100,6800100-050,13鄰,大興西路,一段,,,,,321號七樓之3,121.301295537944,25.012553587538
桃園市桃園區同安里13鄰大興西路一段321號七樓之4,68,6800100,6800100-050,13鄰,大興西路,一段,,,,,321號七樓之4,121.301295537944,25.012553587538
桃園市桃園區同安里13鄰大興西路一段321號七樓之5,68,6800100,6800100-050,13鄰,大興西路,一段,,,,,321號七樓之5,121.301295537944,25.012553587538
桃園市桃園區同安里13鄰大興西路一段321號八樓之1,68,6800100,6800100-050,13鄰,大興西路,一段,,,,,321號八樓之1,121.301295537944,25.012553587538
桃園市桃園區同安里13鄰大興西路一段321號八樓之2,68,6800100,6800100-050,13鄰,大興西路,一段,,,,,321號八樓之2,121.301295537944,25.012553587538
桃園市桃園區同安里13鄰大興西路一段321號八樓之3,68,6800100,6800100-050,13鄰,大興西路,一段,,,,,321號八樓之3,121.301295537944,25.012553587538
桃園市桃園區同安里13鄰大興西路一段321號八樓之4,68,6800100,6800100-050,13鄰,大興西路,一段,,,,,321號八樓之4,121.301295537944,25.012553587538
桃園市桃園區同安里13鄰大興西路一段321號八樓之5,68,6800100,6800100-050,13鄰,大興西路,一段,,,,,321號八樓之5,121.301295537944,25.012553587538
桃園市桃園區同安里13鄰大興西路一段321號九樓之1,68,6800100,6800100-050,13鄰,大興西路,一段,,,,,321號九樓之1,121.301295537944,25.012553587538
桃園市桃園區同安里13鄰大興西路一段321號九樓之2,68,6800100,6800100-050,13鄰,大興西路,一段,,,,,321號九樓之2,121.301295537944,25.012553587538
桃園市桃園區同安里13鄰大興西路一段321號九樓之3,68,6800100,6800100-050,13鄰,大興西路,一段,,,,,321號九樓之3,121.301295537944,25.012553587538
桃園市桃園區同安里13鄰大興西路一段321號九樓之4,68,6800100,6800100-050,13鄰,大興西路,一段,,,,,321號九樓之4,121.301295537944,25.012553587538
桃園市桃園區同安里13鄰大興西路一段321號十一樓之1,68,6800100,6800100-050,13鄰,大興西路,一段,,,,,321號十一樓之1,121.301295537944,25.012553587538
桃園市桃園區同安里13鄰大興西路一段321號十一樓之2,68,6800100,6800100-050,13鄰,大興西路,一段,,,,,321號十一樓之2,121.301295537944,25.012553587538
桃園市桃園區同安里13鄰大興西路一段321號十一樓之3,68,6800100,6800100-050,13鄰,大興西路,一段,,,,,321號十一樓之3,121.301295537944,25.012553587538
桃園市桃園區同安里13鄰大興西路一段321號十一樓之4,68,6800100,6800100-050,13鄰,大興西路,一段,,,,,321號十一樓之4,121.301295537944,25.012553587538
桃園市桃園區同安里13鄰大興西路一段321號十一樓之5,68,6800100,6800100-050,13鄰,大興西路,一段,,,,,321號十一樓之5,121.301295537944,25.012553587538
桃園市桃園區同安里13鄰大興西路一段321號十二樓之1,68,6800100,6800100-050,13鄰,大興西路,一段,,,,,321號十二樓之1,121.301295537944,25.012553587538
桃園市桃園區同安里13鄰大興西路一段321號十二樓之2,68,6800100,6800100-050,13鄰,大興西路,一段,,,,,321號十二樓之2,121.301295537944,25.012553587538
桃園市桃園區同安里13鄰大興西路一段321號十二樓之3,68,6800100,6800100-050,13鄰,大興西路,一段,,,,,321號十二樓之3,121.301295537944,25.012553587538
桃園市桃園區同安里13鄰大興西路一段321號十二樓之4,68,6800100,6800100-050,13鄰,大興西路,一段,,,,,321號十二樓之4,121.301295537944,25.012553587538
桃園市桃園區同安里13鄰大興西路一段321號十二樓之5,68,6800100,6800100-050,13鄰,大興西路,一段,,,,,321號十二樓之5,121.301295537944,25.012553587538
桃園市桃園區同安里13鄰大興西路一段321號十三樓之1,68,6800100,6800100-050,13鄰,大興西路,一段,,,,,321號十三樓之1,121.301295537944,25.012553587538
桃園市桃園區同安里13鄰大興西路一段321號十三樓之2,68,6800100,6800100-050,13鄰,大興西路,一段,,,,,321號十三樓之2,121.301295537944,25.012553587538
桃園市桃園區同安里13鄰大興西路一段321號十三樓之3,68,6800100,6800100-050,13鄰,大興西路,一段,,,,,321號十三樓之3,121.301295537944,25.012553587538
桃園市桃園區同安里13鄰大興西路一段321號十三樓之4,68,6800100,6800100-050,13鄰,大興西路,一段,,,,,321號十三樓之4,121.301295537944,25.012553587538
桃園市桃園區同安里13鄰大興西路一段321號十三樓之5,68,6800100,6800100-050,13鄰,大興西路,一段,,,,,321號十三樓之5,121.301295537944,25.012553587538
桃園市桃園區同安里13鄰大興西路一段321號十四樓之1,68,6800100,6800100-050,13鄰,大興西路,一段,,,,,321號十四樓之1,121.301295537944,25.012553587538
桃園市桃園區同安里13鄰大興西路一段321號十四樓之2,68,6800100,6800100-050,13鄰,大興西路,一段,,,,,321號十四樓之2,121.301295537944,25.012553587538
桃園市桃園區同安里13鄰大興西路一段321號十四樓之3,68,6800100,6800100-050,13鄰,大興西路,一段,,,,,321號十四樓之3,121.301295537944,25.012553587538
桃園市桃園區同安里13鄰大興西路一段321號十四樓之4,68,6800100,6800100-050,13鄰,大興西路,一段,,,,,321號十四樓之4,121.301295537944,25.012553587538
桃園市桃園區同安里13鄰大興西路一段321號十四樓之5,68,6800100,6800100-050,13鄰,大興西路,一段,,,,,321號十四樓之5,121.301295537944,25.012553587538
桃園市桃園區同安里13鄰大興西路一段321號十五樓之1,68,6800100,6800100-050,13鄰,大興西路,一段,,,,,321號十五樓之1,121.301295537944,25.012553587538
桃園市桃園區同安里13鄰大興西路一段321號十五樓之2,68,6800100,6800100-050,13鄰,大興西路,一段,,,,,321號十五樓之2,121.301295537944,25.012553587538
桃園市桃園區同安里13鄰大興西路一段321號十五樓之3,68,6800100,6800100-050,13鄰,大興西路,一段,,,,,321號十五樓之3,121.301295537944,25.012553587538
桃園市桃園區同安里13鄰大興西路一段321號十五樓之4,68,6800100,6800100-050,13鄰,大興西路,一段,,,,,321號十五樓之4,121.301295537944,25.012553587538
桃園市桃園區同安里13鄰大興西路一段321號十五樓之5,68,6800100,6800100-050,13鄰,大興西路,一段,,,,,321號十五樓之5,121.301295537944,25.012553587538
桃園市桃園區同安里13鄰大興西路一段321號十六樓之1,68,6800100,6800100-050,13鄰,大興西路,一段,,,,,321號十六樓之1,121.301295537944,25.012553587538
桃園市桃園區同安里13鄰大興西路一段321號十六樓之2,68,6800100,6800100-050,13鄰,大興西路,一段,,,,,321號十六樓之2,121.301295537944,25.012553587538
桃園市桃園區同安里13鄰大興西路一段321號十六樓之3,68,6800100,6800100-050,13鄰,大興西路,一段,,,,,321號十六樓之3,121.301295537944,25.012553587538
桃園市桃園區同安里13鄰大興西路一段321號十六樓之4,68,6800100,6800100-050,13鄰,大興西路,一段,,,,,321號十六樓之4,121.301295537944,25.012553587538
桃園市桃園區同安里13鄰大興西路一段321號十六樓之5,68,6800100,6800100-050,13鄰,大興西路,一段,,,,,321號十六樓之5,121.301295537944,25.012553587538
桃園市桃園區同安里13鄰大興西路一段321號十七樓之1,68,6800100,6800100-050,13鄰,大興西路,一段,,,,,321號十七樓之1,121.301295537944,25.012553587538
桃園市桃園區同安里13鄰大興西路一段321號十七樓之2,68,6800100,6800100-050,13鄰,大興西路,一段,,,,,321號十七樓之2,121.301295537944,25.012553587538
桃園市桃園區同安里13鄰大興西路一段321號十七樓之3,68,6800100,6800100-050,13鄰,大興西路,一段,,,,,321號十七樓之3,121.301295537944,25.012553587538
桃園市桃園區同安里13鄰大興西路一段321號十七樓之4,68,6800100,6800100-050,13鄰,大興西路,一段,,,,,321號十七樓之4,121.301295537944,25.012553587538
桃園市桃園區同安里13鄰大興西路一段323巷1號,68,6800100,6800100-050,13鄰,大興西路,一段,323巷,,,,1號,121.301693551099,25.0124794709155
桃園市桃園區同安里13鄰大興西路一段323巷1號十樓,68,6800100,6800100-050,13鄰,大興西路,一段,323巷,,,,1號十樓,121.301693551099,25.0124794709155
桃園市桃園區同安里13鄰大興西路一段323巷1號二樓,68,6800100,6800100-050,13鄰,大興西路,一段,323巷,,,,1號二樓,121.301693551099,25.0124794709155
桃園市桃園區同安里13鄰大興西路一段323巷1號三樓,68,6800100,6800100-050,13鄰,大興西路,一段,323巷,,,,1號三樓,121.301693551099,25.0124794709155
桃園市桃園區同安里13鄰大興西路一段323巷1號四樓,68,6800100,6800100-050,13鄰,大興西路,一段,323巷,,,,1號四樓,121.301693551099,25.0124794709155
桃園市桃園區同安里13鄰大興西路一段323巷1號五樓,68,6800100,6800100-050,13鄰,大興西路,一段,323巷,,,,1號五樓,121.301693551099,25.0124794709155
桃園市桃園區同安里13鄰大興西路一段323巷1號六樓,68,6800100,6800100-050,13鄰,大興西路,一段,323巷,,,,1號六樓,121.301693551099,25.0124794709155
桃園市桃園區同安里13鄰大興西路一段323巷1號七樓,68,6800100,6800100-050,13鄰,大興西路,一段,323巷,,,,1號七樓,121.301693551099,25.0124794709155
桃園市桃園區同安里13鄰大興西路一段323巷1號八樓,68,6800100,6800100-050,13鄰,大興西路,一段,323巷,,,,1號八樓,121.301693551099,25.0124794709155
桃園市桃園區同安里13鄰大興西路一段323巷1號九樓,68,6800100,6800100-050,13鄰,大興西路,一段,323巷,,,,1號九樓,121.301693551099,25.0124794709155
桃園市桃園區同安里13鄰大興西路一段323巷1號十一樓,68,6800100,6800100-050,13鄰,大興西路,一段,323巷,,,,1號十一樓,121.301693551099,25.0124794709155
桃園市桃園區同安里13鄰大興西路一段323巷1號十二樓,68,6800100,6800100-050,13鄰,大興西路,一段,323巷,,,,1號十二樓,121.301693551099,25.0124794709155
桃園市桃園區同安里13鄰大興西路一段323巷1號十三樓,68,6800100,6800100-050,13鄰,大興西路,一段,323巷,,,,1號十三樓,121.301693551099,25.0124794709155
桃園市桃園區同安里13鄰大興西路一段323巷1號十四樓,68,6800100,6800100-050,13鄰,大興西路,一段,323巷,,,,1號十四樓,121.301693551099,25.0124794709155
桃園市桃園區同安里13鄰大興西路一段323巷1號十五樓,68,6800100,6800100-050,13鄰,大興西路,一段,323巷,,,,1號十五樓,121.301693551099,25.0124794709155
桃園市桃園區同安里13鄰大興西路一段323巷1號十六樓,68,6800100,6800100-050,13鄰,大興西路,一段,323巷,,,,1號十六樓,121.301693551099,25.0124794709155
桃園市桃園區同安里13鄰大興西路一段323巷1號十七樓,68,6800100,6800100-050,13鄰,大興西路,一段,323巷,,,,1號十七樓,121.301693551099,25.0124794709155
桃園市桃園區同安里14鄰大興西路一段323巷2號,68,6800100,6800100-050,14鄰,大興西路,一段,323巷,,,,2號,121.301284207076,25.0122545936326
桃園市桃園區同安里14鄰大興西路一段323巷2號十樓,68,6800100,6800100-050,14鄰,大興西路,一段,323巷,,,,2號十樓,121.301284207076,25.0122545936326
桃園市桃園區同安里14鄰大興西路一段323巷2號二樓,68,6800100,6800100-050,14鄰,大興西路,一段,323巷,,,,2號二樓,121.301284207076,25.0122545936326
桃園市桃園區同安里14鄰大興西路一段323巷2號三樓,68,6800100,6800100-050,14鄰,大興西路,一段,323巷,,,,2號三樓,121.301284207076,25.0122545936326
桃園市桃園區同安里14鄰大興西路一段323巷2號四樓,68,6800100,6800100-050,14鄰,大興西路,一段,323巷,,,,2號四樓,121.301284207076,25.0122545936326
桃園市桃園區同安里14鄰大興西路一段323巷2號五樓,68,6800100,6800100-050,14鄰,大興西路,一段,323巷,,,,2號五樓,121.301284207076,25.0122545936326
桃園市桃園區同安里14鄰大興西路一段323巷2號六樓,68,6800100,6800100-050,14鄰,大興西路,一段,323巷,,,,2號六樓,121.301284207076,25.0122545936326
桃園市桃園區同安里14鄰大興西路一段323巷2號七樓,68,6800100,6800100-050,14鄰,大興西路,一段,323巷,,,,2號七樓,121.301284207076,25.0122545936326
桃園市桃園區同安里14鄰大興西路一段323巷2號八樓,68,6800100,6800100-050,14鄰,大興西路,一段,323巷,,,,2號八樓,121.301284207076,25.0122545936326
桃園市桃園區同安里14鄰大興西路一段323巷2號九樓,68,6800100,6800100-050,14鄰,大興西路,一段,323巷,,,,2號九樓,121.301284207076,25.0122545936326
桃園市桃園區同安里14鄰大興西路一段323巷2號十一樓,68,6800100,6800100-050,14鄰,大興西路,一段,323巷,,,,2號十一樓,121.301284207076,25.0122545936326
桃園市桃園區同安里14鄰大興西路一段323巷2號十二樓,68,6800100,6800100-050,14鄰,大興西路,一段,323巷,,,,2號十二樓,121.301284207076,25.0122545936326
桃園市桃園區同安里14鄰大興西路一段323巷2號十三樓,68,6800100,6800100-050,14鄰,大興西路,一段,323巷,,,,2號十三樓,121.301284207076,25.0122545936326
桃園市桃園區同安里14鄰大興西路一段323巷2號十四樓,68,6800100,6800100-050,14鄰,大興西路,一段,323巷,,,,2號十四樓,121.301284207076,25.0122545936326
桃園市桃園區同安里14鄰大興西路一段323巷2號十五樓,68,6800100,6800100-050,14鄰,大興西路,一段,323巷,,,,2號十五樓,121.301284207076,25.0122545936326
桃園市桃園區同安里14鄰大興西路一段323巷2號十六樓,68,6800100,6800100-050,14鄰,大興西路,一段,323巷,,,,2號十六樓,121.301284207076,25.0122545936326
桃園市桃園區同安里14鄰大興西路一段323巷2號十七樓,68,6800100,6800100-050,14鄰,大興西路,一段,323巷,,,,2號十七樓,121.301284207076,25.0122545936326
桃園市桃園區同安里13鄰大興西路一段323巷3號,68,6800100,6800100-050,13鄰,大興西路,一段,323巷,,,,3號,121.301806332501,25.0124920622351
桃園市桃園區同安里13鄰大興西路一段323巷3號十樓,68,6800100,6800100-050,13鄰,大興西路,一段,323巷,,,,3號十樓,121.301806332501,25.0124920622351
桃園市桃園區同安里13鄰大興西路一段323巷3號二樓,68,6800100,6800100-050,13鄰,大興西路,一段,323巷,,,,3號二樓,121.301806332501,25.0124920622351
桃園市桃園區同安里13鄰大興西路一段323巷3號三樓,68,6800100,6800100-050,13鄰,大興西路,一段,323巷,,,,3號三樓,121.301806332501,25.0124920622351
桃園市桃園區同安里13鄰大興西路一段323巷3號四樓,68,6800100,6800100-050,13鄰,大興西路,一段,323巷,,,,3號四樓,121.301806332501,25.0124920622351
桃園市桃園區同安里13鄰大興西路一段323巷3號五樓,68,6800100,6800100-050,13鄰,大興西路,一段,323巷,,,,3號五樓,121.301806332501,25.0124920622351
桃園市桃園區同安里13鄰大興西路一段323巷3號六樓,68,6800100,6800100-050,13鄰,大興西路,一段,323巷,,,,3號六樓,121.301806332501,25.0124920622351
桃園市桃園區同安里13鄰大興西路一段323巷3號七樓,68,6800100,6800100-050,13鄰,大興西路,一段,323巷,,,,3號七樓,121.301806332501,25.0124920622351
桃園市桃園區同安里13鄰大興西路一段323巷3號八樓,68,6800100,6800100-050,13鄰,大興西路,一段,323巷,,,,3號八樓,121.301806332501,25.0124920622351
桃園市桃園區同安里13鄰大興西路一段323巷3號九樓,68,6800100,6800100-050,13鄰,大興西路,一段,323巷,,,,3號九樓,121.301806332501,25.0124920622351
桃園市桃園區同安里13鄰大興西路一段323巷3號十一樓,68,6800100,6800100-050,13鄰,大興西路,一段,323巷,,,,3號十一樓,121.301806332501,25.0124920622351
桃園市桃園區同安里13鄰大興西路一段323巷3號十二樓,68,6800100,6800100-050,13鄰,大興西路,一段,323巷,,,,3號十二樓,121.301806332501,25.0124920622351
桃園市桃園區同安里13鄰大興西路一段323巷3號十三樓,68,6800100,6800100-050,13鄰,大興西路,一段,323巷,,,,3號十三樓,121.301806332501,25.0124920622351
桃園市桃園區同安里13鄰大興西路一段323巷3號十四樓,68,6800100,6800100-050,13鄰,大興西路,一段,323巷,,,,3號十四樓,121.301806332501,25.0124920622351
桃園市桃園區同安里13鄰大興西路一段323巷3號十五樓,68,6800100,6800100-050,13鄰,大興西路,一段,323巷,,,,3號十五樓,121.301806332501,25.0124920622351
桃園市桃園區同安里13鄰大興西路一段323巷3號十六樓,68,6800100,6800100-050,13鄰,大興西路,一段,323巷,,,,3號十六樓,121.301806332501,25.0124920622351
桃園市桃園區同安里13鄰大興西路一段323巷3號十七樓,68,6800100,6800100-050,13鄰,大興西路,一段,323巷,,,,3號十七樓,121.301806332501,25.0124920622351
桃園市桃園區同安里13鄰大興西路一段323巷5號,68,6800100,6800100-050,13鄰,大興西路,一段,323巷,,,,5號,121.301860555387,25.0124221635249
桃園市桃園區同安里13鄰大興西路一段323巷5號十樓,68,6800100,6800100-050,13鄰,大興西路,一段,323巷,,,,5號十樓,121.301860555387,25.0124221635249
桃園市桃園區同安里13鄰大興西路一段323巷5號二樓,68,6800100,6800100-050,13鄰,大興西路,一段,323巷,,,,5號二樓,121.301860555387,25.0124221635249
桃園市桃園區同安里13鄰大興西路一段323巷5號三樓,68,6800100,6800100-050,13鄰,大興西路,一段,323巷,,,,5號三樓,121.301860555387,25.0124221635249
桃園市桃園區同安里13鄰大興西路一段323巷5號四樓,68,6800100,6800100-050,13鄰,大興西路,一段,323巷,,,,5號四樓,121.301860555387,25.0124221635249
桃園市桃園區同安里13鄰大興西路一段323巷5號五樓,68,6800100,6800100-050,13鄰,大興西路,一段,323巷,,,,5號五樓,121.301860555387,25.0124221635249
桃園市桃園區同安里13鄰大興西路一段323巷5號六樓,68,6800100,6800100-050,13鄰,大興西路,一段,323巷,,,,5號六樓,121.301860555387,25.0124221635249
桃園市桃園區同安里13鄰大興西路一段323巷5號七樓,68,6800100,6800100-050,13鄰,大興西路,一段,323巷,,,,5號七樓,121.301860555387,25.0124221635249
桃園市桃園區同安里13鄰大興西路一段323巷5號八樓,68,6800100,6800100-050,13鄰,大興西路,一段,323巷,,,,5號八樓,121.301860555387,25.0124221635249
桃園市桃園區同安里13鄰大興西路一段323巷5號九樓,68,6800100,6800100-050,13鄰,大興西路,一段,323巷,,,,5號九樓,121.301860555387,25.0124221635249
桃園市桃園區同安里13鄰大興西路一段323巷5號十一樓,68,6800100,6800100-050,13鄰,大興西路,一段,323巷,,,,5號十一樓,121.301860555387,25.0124221635249
桃園市桃園區同安里13鄰大興西路一段323巷5號十二樓,68,6800100,6800100-050,13鄰,大興西路,一段,323巷,,,,5號十二樓,121.301860555387,25.0124221635249
桃園市桃園區同安里13鄰大興西路一段323巷5號十三樓,68,6800100,6800100-050,13鄰,大興西路,一段,323巷,,,,5號十三樓,121.301860555387,25.0124221635249
桃園市桃園區同安里13鄰大興西路一段323巷5號十四樓,68,6800100,6800100-050,13鄰,大興西路,一段,323巷,,,,5號十四樓,121.301860555387,25.0124221635249
桃園市桃園區同安里13鄰大興西路一段323巷5號十五樓,68,6800100,6800100-050,13鄰,大興西路,一段,323巷,,,,5號十五樓,121.301860555387,25.0124221635249
桃園市桃園區同安里13鄰大興西路一段323巷5號十六樓,68,6800100,6800100-050,13鄰,大興西路,一段,323巷,,,,5號十六樓,121.301860555387,25.0124221635249
桃園市桃園區同安里13鄰大興西路一段323巷5號十七樓,68,6800100,6800100-050,13鄰,大興西路,一段,323巷,,,,5號十七樓,121.301860555387,25.0124221635249
桃園市桃園區同安里14鄰大興西路一段323巷6號,68,6800100,6800100-050,14鄰,大興西路,一段,323巷,,,,6號,121.301294074872,25.0121976051487
桃園市桃園區同安里14鄰大興西路一段323巷6號十樓,68,6800100,6800100-050,14鄰,大興西路,一段,323巷,,,,6號十樓,121.301294074872,25.0121976051487
桃園市桃園區同安里14鄰大興西路一段323巷6號二樓,68,6800100,6800100-050,14鄰,大興西路,一段,323巷,,,,6號二樓,121.301294074872,25.0121976051487
桃園市桃園區同安里14鄰大興西路一段323巷6號三樓,68,6800100,6800100-050,14鄰,大興西路,一段,323巷,,,,6號三樓,121.301294074872,25.0121976051487
桃園市桃園區同安里14鄰大興西路一段323巷6號四樓,68,6800100,6800100-050,14鄰,大興西路,一段,323巷,,,,6號四樓,121.301294074872,25.0121976051487
桃園市桃園區同安里14鄰大興西路一段323巷6號五樓,68,6800100,6800100-050,14鄰,大興西路,一段,323巷,,,,6號五樓,121.301294074872,25.0121976051487
桃園市桃園區同安里14鄰大興西路一段323巷6號六樓,68,6800100,6800100-050,14鄰,大興西路,一段,323巷,,,,6號六樓,121.301294074872,25.0121976051487
桃園市桃園區同安里14鄰大興西路一段323巷6號七樓,68,6800100,6800100-050,14鄰,大興西路,一段,323巷,,,,6號七樓,121.301294074872,25.0121976051487
桃園市桃園區同安里14鄰大興西路一段323巷6號八樓,68,6800100,6800100-050,14鄰,大興西路,一段,323巷,,,,6號八樓,121.301294074872,25.0121976051487
桃園市桃園區同安里14鄰大興西路一段323巷6號九樓,68,6800100,6800100-050,14鄰,大興西路,一段,323巷,,,,6號九樓,121.301294074872,25.0121976051487
桃園市桃園區同安里14鄰大興西路一段323巷6號十一樓,68,6800100,6800100-050,14鄰,大興西路,一段,323巷,,,,6號十一樓,121.301294074872,25.0121976051487
桃園市桃園區同安里14鄰大興西路一段323巷6號十二樓,68,6800100,6800100-050,14鄰,大興西路,一段,323巷,,,,6號十二樓,121.301294074872,25.0121976051487
桃園市桃園區同安里14鄰大興西路一段323巷6號十三樓,68,6800100,6800100-050,14鄰,大興西路,一段,323巷,,,,6號十三樓,121.301294074872,25.0121976051487
桃園市桃園區同安里14鄰大興西路一段323巷6號十四樓,68,6800100,6800100-050,14鄰,大興西路,一段,323巷,,,,6號十四樓,121.301294074872,25.0121976051487
桃園市桃園區同安里14鄰大興西路一段323巷6號十五樓,68,6800100,6800100-050,14鄰,大興西路,一段,323巷,,,,6號十五樓,121.301294074872,25.0121976051487
桃園市桃園區同安里14鄰大興西路一段323巷6號十六樓,68,6800100,6800100-050,14鄰,大興西路,一段,323巷,,,,6號十六樓,121.301294074872,25.0121976051487
桃園市桃園區同安里14鄰大興西路一段323巷6號十七樓,68,6800100,6800100-050,14鄰,大興西路,一段,323巷,,,,6號十七樓,121.301294074872,25.0121976051487
桃園市桃園區同安里13鄰大興西路一段323巷7號,68,6800100,6800100-050,13鄰,大興西路,一段,323巷,,,,7號,121.301870369296,25.0123432363787
桃園市桃園區同安里13鄰大興西路一段323巷7號十樓,68,6800100,6800100-050,13鄰,大興西路,一段,323巷,,,,7號十樓,121.301870369296,25.0123432363787
桃園市桃園區同安里13鄰大興西路一段323巷7號二樓,68,6800100,6800100-050,13鄰,大興西路,一段,323巷,,,,7號二樓,121.301870369296,25.0123432363787
桃園市桃園區同安里13鄰大興西路一段323巷7號三樓,68,6800100,6800100-050,13鄰,大興西路,一段,323巷,,,,7號三樓,121.301870369296,25.0123432363787
桃園市桃園區同安里13鄰大興西路一段323巷7號四樓,68,6800100,6800100-050,13鄰,大興西路,一段,323巷,,,,7號四樓,121.301870369296,25.0123432363787
桃園市桃園區同安里13鄰大興西路一段323巷7號五樓,68,6800100,6800100-050,13鄰,大興西路,一段,323巷,,,,7號五樓,121.301870369296,25.0123432363787
桃園市桃園區同安里13鄰大興西路一段323巷7號六樓,68,6800100,6800100-050,13鄰,大興西路,一段,323巷,,,,7號六樓,121.301870369296,25.0123432363787
桃園市桃園區同安里13鄰大興西路一段323巷7號七樓,68,6800100,6800100-050,13鄰,大興西路,一段,323巷,,,,7號七樓,121.301870369296,25.0123432363787
桃園市桃園區同安里13鄰大興西路一段323巷7號八樓,68,6800100,6800100-050,13鄰,大興西路,一段,323巷,,,,7號八樓,121.301870369296,25.0123432363787
桃園市桃園區同安里13鄰大興西路一段323巷7號九樓,68,6800100,6800100-050,13鄰,大興西路,一段,323巷,,,,7號九樓,121.301870369296,25.0123432363787
桃園市桃園區同安里13鄰大興西路一段323巷7號十一樓,68,6800100,6800100-050,13鄰,大興西路,一段,323巷,,,,7號十一樓,121.301870369296,25.0123432363787
桃園市桃園區同安里13鄰大興西路一段323巷7號十二樓,68,6800100,6800100-050,13鄰,大興西路,一段,323巷,,,,7號十二樓,121.301870369296,25.0123432363787
桃園市桃園區同安里13鄰大興西路一段323巷7號十三樓,68,6800100,6800100-050,13鄰,大興西路,一段,323巷,,,,7號十三樓,121.301870369296,25.0123432363787
桃園市桃園區同安里13鄰大興西路一段323巷7號十四樓,68,6800100,6800100-050,13鄰,大興西路,一段,323巷,,,,7號十四樓,121.301870369296,25.0123432363787
桃園市桃園區同安里13鄰大興西路一段323巷7號十五樓,68,6800100,6800100-050,13鄰,大興西路,一段,323巷,,,,7號十五樓,121.301870369296,25.0123432363787
桃園市桃園區同安里13鄰大興西路一段323巷7號十六樓,68,6800100,6800100-050,13鄰,大興西路,一段,323巷,,,,7號十六樓,121.301870369296,25.0123432363787
桃園市桃園區同安里13鄰大興西路一段323巷7號十七樓,68,6800100,6800100-050,13鄰,大興西路,一段,323巷,,,,7號十七樓,121.301870369296,25.0123432363787
桃園市桃園區同安里14鄰大興西路一段323巷8號,68,6800100,6800100-050,14鄰,大興西路,一段,323巷,,,,8號,121.301330167032,25.0121278336432
桃園市桃園區同安里14鄰大興西路一段323巷8號十樓,68,6800100,6800100-050,14鄰,大興西路,一段,323巷,,,,8號十樓,121.301330167032,25.0121278336432
桃園市桃園區同安里14鄰大興西路一段323巷8號二樓,68,6800100,6800100-050,14鄰,大興西路,一段,323巷,,,,8號二樓,121.301330167032,25.0121278336432
桃園市桃園區同安里14鄰大興西路一段323巷8號三樓,68,6800100,6800100-050,14鄰,大興西路,一段,323巷,,,,8號三樓,121.301330167032,25.0121278336432
桃園市桃園區同安里14鄰大興西路一段323巷8號四樓,68,6800100,6800100-050,14鄰,大興西路,一段,323巷,,,,8號四樓,121.301330167032,25.0121278336432
桃園市桃園區同安里14鄰大興西路一段323巷8號五樓,68,6800100,6800100-050,14鄰,大興西路,一段,323巷,,,,8號五樓,121.301330167032,25.0121278336432
桃園市桃園區同安里14鄰大興西路一段323巷8號六樓,68,6800100,6800100-050,14鄰,大興西路,一段,323巷,,,,8號六樓,121.301330167032,25.0121278336432
桃園市桃園區同安里14鄰大興西路一段323巷8號七樓,68,6800100,6800100-050,14鄰,大興西路,一段,323巷,,,,8號七樓,121.301330167032,25.0121278336432
桃園市桃園區同安里14鄰大興西路一段323巷8號八樓,68,6800100,6800100-050,14鄰,大興西路,一段,323巷,,,,8號八樓,121.301330167032,25.0121278336432
桃園市桃園區同安里14鄰大興西路一段323巷8號九樓,68,6800100,6800100-050,14鄰,大興西路,一段,323巷,,,,8號九樓,121.301330167032,25.0121278336432
桃園市桃園區同安里14鄰大興西路一段323巷8號十一樓,68,6800100,6800100-050,14鄰,大興西路,一段,323巷,,,,8號十一樓,121.301330167032,25.0121278336432
桃園市桃園區同安里14鄰大興西路一段323巷8號十二樓,68,6800100,6800100-050,14鄰,大興西路,一段,323巷,,,,8號十二樓,121.301330167032,25.0121278336432
桃園市桃園區同安里14鄰大興西路一段323巷8號十三樓,68,6800100,6800100-050,14鄰,大興西路,一段,323巷,,,,8號十三樓,121.301330167032,25.0121278336432
桃園市桃園區同安里14鄰大興西路一段323巷8號十四樓,68,6800100,6800100-050,14鄰,大興西路,一段,323巷,,,,8號十四樓,121.301330167032,25.0121278336432
桃園市桃園區同安里14鄰大興西路一段323巷8號十五樓,68,6800100,6800100-050,14鄰,大興西路,一段,323巷,,,,8號十五樓,121.301330167032,25.0121278336432
桃園市桃園區同安里14鄰大興西路一段323巷8號十六樓,68,6800100,6800100-050,14鄰,大興西路,一段,323巷,,,,8號十六樓,121.301330167032,25.0121278336432
桃園市桃園區同安里14鄰大興西路一段323巷8號十七樓,68,6800100,6800100-050,14鄰,大興西路,一段,323巷,,,,8號十七樓,121.301330167032,25.0121278336432
桃園市桃園區同安里13鄰大興西路一段323巷9號,68,6800100,6800100-050,13鄰,大興西路,一段,323巷,,,,9號,121.301900394945,25.0122642682002
桃園市桃園區同安里13鄰大興西路一段323巷9號十樓,68,6800100,6800100-050,13鄰,大興西路,一段,323巷,,,,9號十樓,121.301900394945,25.0122642682002
桃園市桃園區同安里13鄰大興西路一段323巷9號二樓,68,6800100,6800100-050,13鄰,大興西路,一段,323巷,,,,9號二樓,121.301900394945,25.0122642682002
桃園市桃園區同安里13鄰大興西路一段323巷9號三樓,68,6800100,6800100-050,13鄰,大興西路,一段,323巷,,,,9號三樓,121.301900394945,25.0122642682002
桃園市桃園區同安里13鄰大興西路一段323巷9號四樓,68,6800100,6800100-050,13鄰,大興西路,一段,323巷,,,,9號四樓,121.301900394945,25.0122642682002
桃園市桃園區同安里13鄰大興西路一段323巷9號五樓,68,6800100,6800100-050,13鄰,大興西路,一段,323巷,,,,9號五樓,121.301900394945,25.0122642682002
桃園市桃園區同安里13鄰大興西路一段323巷9號六樓,68,6800100,6800100-050,13鄰,大興西路,一段,323巷,,,,9號六樓,121.301900394945,25.0122642682002
桃園市桃園區同安里13鄰大興西路一段323巷9號七樓,68,6800100,6800100-050,13鄰,大興西路,一段,323巷,,,,9號七樓,121.301900394945,25.0122642682002
桃園市桃園區同安里13鄰大興西路一段323巷9號八樓,68,6800100,6800100-050,13鄰,大興西路,一段,323巷,,,,9號八樓,121.301900394945,25.0122642682002
桃園市桃園區同安里13鄰大興西路一段323巷9號九樓,68,6800100,6800100-050,13鄰,大興西路,一段,323巷,,,,9號九樓,121.301900394945,25.0122642682002
桃園市桃園區同安里13鄰大興西路一段323巷9號十一樓,68,6800100,6800100-050,13鄰,大興西路,一段,323巷,,,,9號十一樓,121.301900394945,25.0122642682002
桃園市桃園區同安里13鄰大興西路一段323巷9號十二樓,68,6800100,6800100-050,13鄰,大興西路,一段,323巷,,,,9號十二樓,121.301900394945,25.0122642682002
桃園市桃園區同安里13鄰大興西路一段323巷9號十三樓,68,6800100,6800100-050,13鄰,大興西路,一段,323巷,,,,9號十三樓,121.301900394945,25.0122642682002
桃園市桃園區同安里13鄰大興西路一段323巷9號十四樓,68,6800100,6800100-050,13鄰,大興西路,一段,323巷,,,,9號十四樓,121.301900394945,25.0122642682002
桃園市桃園區同安里13鄰大興西路一段323巷9號十五樓,68,6800100,6800100-050,13鄰,大興西路,一段,323巷,,,,9號十五樓,121.301900394945,25.0122642682002
桃園市桃園區同安里13鄰大興西路一段323巷9號十六樓,68,6800100,6800100-050,13鄰,大興西路,一段,323巷,,,,9號十六樓,121.301900394945,25.0122642682002
桃園市桃園區同安里13鄰大興西路一段323巷9號十七樓,68,6800100,6800100-050,13鄰,大興西路,一段,323巷,,,,9號十七樓,121.301900394945,25.0122642682002
桃園市桃園區同安里14鄰大興西路一段323巷10號,68,6800100,6800100-050,14鄰,大興西路,一段,323巷,,,,10號,121.301368195963,25.0120397307806
桃園市桃園區同安里14鄰大興西路一段323巷10號十樓,68,6800100,6800100-050,14鄰,大興西路,一段,323巷,,,,10號十樓,121.301368195963,25.0120397307806
桃園市桃園區同安里14鄰大興西路一段323巷10號二樓,68,6800100,6800100-050,14鄰,大興西路,一段,323巷,,,,10號二樓,121.301368195963,25.0120397307806
桃園市桃園區同安里14鄰大興西路一段323巷10號三樓,68,6800100,6800100-050,14鄰,大興西路,一段,323巷,,,,10號三樓,121.301368195963,25.0120397307806
桃園市桃園區同安里14鄰大興西路一段323巷10號四樓,68,6800100,6800100-050,14鄰,大興西路,一段,323巷,,,,10號四樓,121.301368195963,25.0120397307806
桃園市桃園區同安里14鄰大興西路一段323巷10號五樓,68,6800100,6800100-050,14鄰,大興西路,一段,323巷,,,,10號五樓,121.301368195963,25.0120397307806
桃園市桃園區同安里14鄰大興西路一段323巷10號六樓,68,6800100,6800100-050,14鄰,大興西路,一段,323巷,,,,10號六樓,121.301368195963,25.0120397307806
桃園市桃園區同安里14鄰大興西路一段323巷10號七樓,68,6800100,6800100-050,14鄰,大興西路,一段,323巷,,,,10號七樓,121.301368195963,25.0120397307806
桃園市桃園區同安里14鄰大興西路一段323巷10號八樓,68,6800100,6800100-050,14鄰,大興西路,一段,323巷,,,,10號八樓,121.301368195963,25.0120397307806
桃園市桃園區同安里14鄰大興西路一段323巷10號九樓,68,6800100,6800100-050,14鄰,大興西路,一段,323巷,,,,10號九樓,121.301368195963,25.0120397307806
桃園市桃園區同安里14鄰大興西路一段323巷10號十一樓,68,6800100,6800100-050,14鄰,大興西路,一段,323巷,,,,10號十一樓,121.301368195963,25.0120397307806
桃園市桃園區同安里14鄰大興西路一段323巷10號十二樓,68,6800100,6800100-050,14鄰,大興西路,一段,323巷,,,,10號十二樓,121.301368195963,25.0120397307806
桃園市桃園區同安里14鄰大興西路一段323巷10號十三樓,68,6800100,6800100-050,14鄰,大興西路,一段,323巷,,,,10號十三樓,121.301368195963,25.0120397307806
桃園市桃園區同安里14鄰大興西路一段323巷10號十四樓,68,6800100,6800100-050,14鄰,大興西路,一段,323巷,,,,10號十四樓,121.301368195963,25.0120397307806
桃園市桃園區同安里14鄰大興西路一段323巷10號十五樓,68,6800100,6800100-050,14鄰,大興西路,一段,323巷,,,,10號十五樓,121.301368195963,25.0120397307806
桃園市桃園區同安里14鄰大興西路一段323巷10號十六樓,68,6800100,6800100-050,14鄰,大興西路,一段,323巷,,,,10號十六樓,121.301368195963,25.0120397307806
桃園市桃園區同安里14鄰大興西路一段323巷10號十七樓,68,6800100,6800100-050,14鄰,大興西路,一段,323巷,,,,10號十七樓,121.301368195963,25.0120397307806
桃園市桃園區同安里13鄰大興西路一段323巷11號,68,6800100,6800100-050,13鄰,大興西路,一段,323巷,,,,11號,121.301894145075,25.0121799566894
桃園市桃園區同安里13鄰大興西路一段323巷11號十樓,68,6800100,6800100-050,13鄰,大興西路,一段,323巷,,,,11號十樓,121.301894145075,25.0121799566894
桃園市桃園區同安里13鄰大興西路一段323巷11號二樓,68,6800100,6800100-050,13鄰,大興西路,一段,323巷,,,,11號二樓,121.301894145075,25.0121799566894
桃園市桃園區同安里13鄰大興西路一段323巷11號三樓,68,6800100,6800100-050,13鄰,大興西路,一段,323巷,,,,11號三樓,121.301894145075,25.0121799566894
桃園市桃園區同安里13鄰大興西路一段323巷11號四樓,68,6800100,6800100-050,13鄰,大興西路,一段,323巷,,,,11號四樓,121.301894145075,25.0121799566894
桃園市桃園區同安里13鄰大興西路一段323巷11號五樓,68,6800100,6800100-050,13鄰,大興西路,一段,323巷,,,,11號五樓,121.301894145075,25.0121799566894
桃園市桃園區同安里13鄰大興西路一段323巷11號六樓,68,6800100,6800100-050,13鄰,大興西路,一段,323巷,,,,11號六樓,121.301894145075,25.0121799566894
桃園市桃園區同安里13鄰大興西路一段323巷11號七樓,68,6800100,6800100-050,13鄰,大興西路,一段,323巷,,,,11號七樓,121.301894145075,25.0121799566894
桃園市桃園區同安里13鄰大興西路一段323巷11號八樓,68,6800100,6800100-050,13鄰,大興西路,一段,323巷,,,,11號八樓,121.301894145075,25.0121799566894
桃園市桃園區同安里13鄰大興西路一段323巷11號九樓,68,6800100,6800100-050,13鄰,大興西路,一段,323巷,,,,11號九樓,121.301894145075,25.0121799566894
桃園市桃園區同安里13鄰大興西路一段323巷11號十一樓,68,6800100,6800100-050,13鄰,大興西路,一段,323巷,,,,11號十一樓,121.301894145075,25.0121799566894
桃園市桃園區同安里13鄰大興西路一段323巷11號十二樓,68,6800100,6800100-050,13鄰,大興西路,一段,323巷,,,,11號十二樓,121.301894145075,25.0121799566894
桃園市桃園區同安里13鄰大興西路一段323巷11號十三樓,68,6800100,6800100-050,13鄰,大興西路,一段,323巷,,,,11號十三樓,121.301894145075,25.0121799566894
桃園市桃園區同安里13鄰大興西路一段323巷11號十四樓,68,6800100,6800100-050,13鄰,大興西路,一段,323巷,,,,11號十四樓,121.301894145075,25.0121799566894
桃園市桃園區同安里13鄰大興西路一段323巷11號十五樓,68,6800100,6800100-050,13鄰,大興西路,一段,323巷,,,,11號十五樓,121.301894145075,25.0121799566894
桃園市桃園區同安里13鄰大興西路一段323巷11號十六樓,68,6800100,6800100-050,13鄰,大興西路,一段,323巷,,,,11號十六樓,121.301894145075,25.0121799566894
桃園市桃園區同安里13鄰大興西路一段323巷11號十七樓,68,6800100,6800100-050,13鄰,大興西路,一段,323巷,,,,11號十七樓,121.301894145075,25.0121799566894
桃園市桃園區同安里14鄰大興西路一段323巷12號,68,6800100,6800100-050,14鄰,大興西路,一段,323巷,,,,12號,121.301394312331,25.0119827093597
桃園市桃園區同安里14鄰大興西路一段323巷12號十樓,68,6800100,6800100-050,14鄰,大興西路,一段,323巷,,,,12號十樓,121.301394312331,25.0119827093597
桃園市桃園區同安里14鄰大興西路一段323巷12號二樓,68,6800100,6800100-050,14鄰,大興西路,一段,323巷,,,,12號二樓,121.301394312331,25.0119827093597
桃園市桃園區同安里14鄰大興西路一段323巷12號三樓,68,6800100,6800100-050,14鄰,大興西路,一段,323巷,,,,12號三樓,121.301394312331,25.0119827093597
桃園市桃園區同安里14鄰大興西路一段323巷12號四樓,68,6800100,6800100-050,14鄰,大興西路,一段,323巷,,,,12號四樓,121.301394312331,25.0119827093597
桃園市桃園區同安里14鄰大興西路一段323巷12號五樓,68,6800100,6800100-050,14鄰,大興西路,一段,323巷,,,,12號五樓,121.301394312331,25.0119827093597
桃園市桃園區同安里14鄰大興西路一段323巷12號六樓,68,6800100,6800100-050,14鄰,大興西路,一段,323巷,,,,12號六樓,121.301394312331,25.0119827093597
桃園市桃園區同安里14鄰大興西路一段323巷12號七樓,68,6800100,6800100-050,14鄰,大興西路,一段,323巷,,,,12號七樓,121.301394312331,25.0119827093597
桃園市桃園區同安里14鄰大興西路一段323巷12號八樓,68,6800100,6800100-050,14鄰,大興西路,一段,323巷,,,,12號八樓,121.301394312331,25.0119827093597
桃園市桃園區同安里14鄰大興西路一段323巷12號九樓,68,6800100,6800100-050,14鄰,大興西路,一段,323巷,,,,12號九樓,121.301394312331,25.0119827093597
桃園市桃園區同安里14鄰大興西路一段323巷12號十一樓,68,6800100,6800100-050,14鄰,大興西路,一段,323巷,,,,12號十一樓,121.301394312331,25.0119827093597
桃園市桃園區同安里14鄰大興西路一段323巷12號十二樓,68,6800100,6800100-050,14鄰,大興西路,一段,323巷,,,,12號十二樓,121.301394312331,25.0119827093597
桃園市桃園區同安里14鄰大興西路一段323巷12號十三樓,68,6800100,6800100-050,14鄰,大興西路,一段,323巷,,,,12號十三樓,121.301394312331,25.0119827093597
桃園市桃園區同安里14鄰大興西路一段323巷12號十四樓,68,6800100,6800100-050,14鄰,大興西路,一段,323巷,,,,12號十四樓,121.301394312331,25.0119827093597
桃園市桃園區同安里14鄰大興西路一段323巷12號十五樓,68,6800100,6800100-050,14鄰,大興西路,一段,323巷,,,,12號十五樓,121.301394312331,25.0119827093597
桃園市桃園區同安里14鄰大興西路一段323巷12號十六樓,68,6800100,6800100-050,14鄰,大興西路,一段,323巷,,,,12號十六樓,121.301394312331,25.0119827093597
桃園市桃園區同安里14鄰大興西路一段323巷12號十七樓,68,6800100,6800100-050,14鄰,大興西路,一段,323巷,,,,12號十七樓,121.301394312331,25.0119827093597
桃園市桃園區同安里14鄰大興西路一段323巷14號,68,6800100,6800100-050,14鄰,大興西路,一段,323巷,,,,14號,121.301470723726,25.0119514068857
桃園市桃園區同安里14鄰大興西路一段323巷14號十樓,68,6800100,6800100-050,14鄰,大興西路,一段,323巷,,,,14號十樓,121.301470723726,25.0119514068857
桃園市桃園區同安里14鄰大興西路一段323巷14號二樓,68,6800100,6800100-050,14鄰,大興西路,一段,323巷,,,,14號二樓,121.301470723726,25.0119514068857
桃園市桃園區同安里14鄰大興西路一段323巷14號三樓,68,6800100,6800100-050,14鄰,大興西路,一段,323巷,,,,14號三樓,121.301470723726,25.0119514068857
桃園市桃園區同安里14鄰大興西路一段323巷14號四樓,68,6800100,6800100-050,14鄰,大興西路,一段,323巷,,,,14號四樓,121.301470723726,25.0119514068857
桃園市桃園區同安里14鄰大興西路一段323巷14號五樓,68,6800100,6800100-050,14鄰,大興西路,一段,323巷,,,,14號五樓,121.301470723726,25.0119514068857
桃園市桃園區同安里14鄰大興西路一段323巷14號六樓,68,6800100,6800100-050,14鄰,大興西路,一段,323巷,,,,14號六樓,121.301470723726,25.0119514068857
桃園市桃園區同安里14鄰大興西路一段323巷14號七樓,68,6800100,6800100-050,14鄰,大興西路,一段,323巷,,,,14號七樓,121.301470723726,25.0119514068857
桃園市桃園區同安里14鄰大興西路一段323巷14號八樓,68,6800100,6800100-050,14鄰,大興西路,一段,323巷,,,,14號八樓,121.301470723726,25.0119514068857
桃園市桃園區同安里14鄰大興西路一段323巷14號九樓,68,6800100,6800100-050,14鄰,大興西路,一段,323巷,,,,14號九樓,121.301470723726,25.0119514068857
桃園市桃園區同安里14鄰大興西路一段323巷14號十一樓,68,6800100,6800100-050,14鄰,大興西路,一段,323巷,,,,14號十一樓,121.301470723726,25.0119514068857
桃園市桃園區同安里14鄰大興西路一段323巷14號十二樓,68,6800100,6800100-050,14鄰,大興西路,一段,323巷,,,,14號十二樓,121.301470723726,25.0119514068857
桃園市桃園區同安里14鄰大興西路一段323巷14號十三樓,68,6800100,6800100-050,14鄰,大興西路,一段,323巷,,,,14號十三樓,121.301470723726,25.0119514068857
桃園市桃園區同安里14鄰大興西路一段323巷14號十四樓,68,6800100,6800100-050,14鄰,大興西路,一段,323巷,,,,14號十四樓,121.301470723726,25.0119514068857
桃園市桃園區同安里14鄰大興西路一段323巷14號十五樓,68,6800100,6800100-050,14鄰,大興西路,一段,323巷,,,,14號十五樓,121.301470723726,25.0119514068857
桃園市桃園區同安里14鄰大興西路一段323巷14號十六樓,68,6800100,6800100-050,14鄰,大興西路,一段,323巷,,,,14號十六樓,121.301470723726,25.0119514068857
桃園市桃園區同安里14鄰大興西路一段323巷14號十七樓,68,6800100,6800100-050,14鄰,大興西路,一段,323巷,,,,14號十七樓,121.301470723726,25.0119514068857
桃園市桃園區同安里14鄰大興西路一段323巷16號,68,6800100,6800100-050,14鄰,大興西路,一段,323巷,,,,16號,121.301529169565,25.0119879432384
桃園市桃園區同安里14鄰大興西路一段323巷16號十樓,68,6800100,6800100-050,14鄰,大興西路,一段,323巷,,,,16號十樓,121.301529169565,25.0119879432384
桃園市桃園區同安里14鄰大興西路一段323巷16號二樓,68,6800100,6800100-050,14鄰,大興西路,一段,323巷,,,,16號二樓,121.301529169565,25.0119879432384
桃園市桃園區同安里14鄰大興西路一段323巷16號三樓,68,6800100,6800100-050,14鄰,大興西路,一段,323巷,,,,16號三樓,121.301529169565,25.0119879432384
桃園市桃園區同安里14鄰大興西路一段323巷16號四樓,68,6800100,6800100-050,14鄰,大興西路,一段,323巷,,,,16號四樓,121.301529169565,25.0119879432384
桃園市桃園區同安里14鄰大興西路一段323巷16號五樓,68,6800100,6800100-050,14鄰,大興西路,一段,323巷,,,,16號五樓,121.301529169565,25.0119879432384
桃園市桃園區同安里14鄰大興西路一段323巷16號六樓,68,6800100,6800100-050,14鄰,大興西路,一段,323巷,,,,16號六樓,121.301529169565,25.0119879432384
桃園市桃園區同安里14鄰大興西路一段323巷16號七樓,68,6800100,6800100-050,14鄰,大興西路,一段,323巷,,,,16號七樓,121.301529169565,25.0119879432384
桃園市桃園區同安里14鄰大興西路一段323巷16號八樓,68,6800100,6800100-050,14鄰,大興西路,一段,323巷,,,,16號八樓,121.301529169565,25.0119879432384
桃園市桃園區同安里14鄰大興西路一段323巷16號九樓,68,6800100,6800100-050,14鄰,大興西路,一段,323巷,,,,16號九樓,121.301529169565,25.0119879432384
桃園市桃園區同安里14鄰大興西路一段323巷16號十一樓,68,6800100,6800100-050,14鄰,大興西路,一段,323巷,,,,16號十一樓,121.301529169565,25.0119879432384
桃園市桃園區同安里14鄰大興西路一段323巷16號十二樓,68,6800100,6800100-050,14鄰,大興西路,一段,323巷,,,,16號十二樓,121.301529169565,25.0119879432384
桃園市桃園區同安里14鄰大興西路一段323巷16號十三樓,68,6800100,6800100-050,14鄰,大興西路,一段,323巷,,,,16號十三樓,121.301529169565,25.0119879432384
桃園市桃園區同安里14鄰大興西路一段323巷16號十四樓,68,6800100,6800100-050,14鄰,大興西路,一段,323巷,,,,16號十四樓,121.301529169565,25.0119879432384
桃園市桃園區同安里14鄰大興西路一段323巷16號十五樓,68,6800100,6800100-050,14鄰,大興西路,一段,323巷,,,,16號十五樓,121.301529169565,25.0119879432384
桃園市桃園區同安里14鄰大興西路一段323巷16號十六樓,68,6800100,6800100-050,14鄰,大興西路,一段,323巷,,,,16號十六樓,121.301529169565,25.0119879432384
桃園市桃園區同安里14鄰大興西路一段323巷16號十七樓,68,6800100,6800100-050,14鄰,大興西路,一段,323巷,,,,16號十七樓,121.301529169565,25.0119879432384
桃園市桃園區同安里14鄰大興西路一段323巷18號,68,6800100,6800100-050,14鄰,大興西路,一段,323巷,,,,18號,121.301589669376,25.0120135511747
桃園市桃園區同安里14鄰大興西路一段323巷18號十樓,68,6800100,6800100-050,14鄰,大興西路,一段,323巷,,,,18號十樓,121.301589669376,25.0120135511747
桃園市桃園區同安里14鄰大興西路一段323巷18號二樓,68,6800100,6800100-050,14鄰,大興西路,一段,323巷,,,,18號二樓,121.301589669376,25.0120135511747
桃園市桃園區同安里14鄰大興西路一段323巷18號三樓,68,6800100,6800100-050,14鄰,大興西路,一段,323巷,,,,18號三樓,121.301589669376,25.0120135511747
桃園市桃園區同安里14鄰大興西路一段323巷18號四樓,68,6800100,6800100-050,14鄰,大興西路,一段,323巷,,,,18號四樓,121.301589669376,25.0120135511747
桃園市桃園區同安里14鄰大興西路一段323巷18號五樓,68,6800100,6800100-050,14鄰,大興西路,一段,323巷,,,,18號五樓,121.301589669376,25.0120135511747
桃園市桃園區同安里14鄰大興西路一段323巷18號六樓,68,6800100,6800100-050,14鄰,大興西路,一段,323巷,,,,18號六樓,121.301589669376,25.0120135511747
桃園市桃園區同安里14鄰大興西路一段323巷18號七樓,68,6800100,6800100-050,14鄰,大興西路,一段,323巷,,,,18號七樓,121.301589669376,25.0120135511747
桃園市桃園區同安里14鄰大興西路一段323巷18號八樓,68,6800100,6800100-050,14鄰,大興西路,一段,323巷,,,,18號八樓,121.301589669376,25.0120135511747
桃園市桃園區同安里14鄰大興西路一段323巷18號九樓,68,6800100,6800100-050,14鄰,大興西路,一段,323巷,,,,18號九樓,121.301589669376,25.0120135511747
桃園市桃園區同安里14鄰大興西路一段323巷18號十一樓,68,6800100,6800100-050,14鄰,大興西路,一段,323巷,,,,18號十一樓,121.301589669376,25.0120135511747
桃園市桃園區同安里14鄰大興西路一段323巷18號十二樓,68,6800100,6800100-050,14鄰,大興西路,一段,323巷,,,,18號十二樓,121.301589669376,25.0120135511747
桃園市桃園區同安里14鄰大興西路一段323巷18號十三樓,68,6800100,6800100-050,14鄰,大興西路,一段,323巷,,,,18號十三樓,121.301589669376,25.0120135511747
桃園市桃園區同安里14鄰大興西路一段323巷18號十四樓,68,6800100,6800100-050,14鄰,大興西路,一段,323巷,,,,18號十四樓,121.301589669376,25.0120135511747
桃園市桃園區同安里14鄰大興西路一段323巷18號十五樓,68,6800100,6800100-050,14鄰,大興西路,一段,323巷,,,,18號十五樓,121.301589669376,25.0120135511747
桃園市桃園區同安里14鄰大興西路一段323巷18號十六樓,68,6800100,6800100-050,14鄰,大興西路,一段,323巷,,,,18號十六樓,121.301589669376,25.0120135511747
桃園市桃園區同安里14鄰大興西路一段323巷18號十七樓,68,6800100,6800100-050,14鄰,大興西路,一段,323巷,,,,18號十七樓,121.301589669376,25.0120135511747
桃園市桃園區同安里14鄰大興西路一段323巷20號,68,6800100,6800100-050,14鄰,大興西路,一段,323巷,,,,20號,121.301664188745,25.0120189072846
桃園市桃園區同安里14鄰大興西路一段323巷20號十樓,68,6800100,6800100-050,14鄰,大興西路,一段,323巷,,,,20號十樓,121.301664188745,25.0120189072846
桃園市桃園區同安里14鄰大興西路一段323巷20號二樓,68,6800100,6800100-050,14鄰,大興西路,一段,323巷,,,,20號二樓,121.301664188745,25.0120189072846
桃園市桃園區同安里14鄰大興西路一段323巷20號三樓,68,6800100,6800100-050,14鄰,大興西路,一段,323巷,,,,20號三樓,121.301664188745,25.0120189072846
桃園市桃園區同安里14鄰大興西路一段323巷20號四樓,68,6800100,6800100-050,14鄰,大興西路,一段,323巷,,,,20號四樓,121.301664188745,25.0120189072846
桃園市桃園區同安里14鄰大興西路一段323巷20號五樓,68,6800100,6800100-050,14鄰,大興西路,一段,323巷,,,,20號五樓,121.301664188745,25.0120189072846
桃園市桃園區同安里14鄰大興西路一段323巷20號六樓,68,6800100,6800100-050,14鄰,大興西路,一段,323巷,,,,20號六樓,121.301664188745,25.0120189072846
桃園市桃園區同安里14鄰大興西路一段323巷20號七樓,68,6800100,6800100-050,14鄰,大興西路,一段,323巷,,,,20號七樓,121.301664188745,25.0120189072846
桃園市桃園區同安里14鄰大興西路一段323巷20號八樓,68,6800100,6800100-050,14鄰,大興西路,一段,323巷,,,,20號八樓,121.301664188745,25.0120189072846
桃園市桃園區同安里14鄰大興西路一段323巷20號九樓,68,6800100,6800100-050,14鄰,大興西路,一段,323巷,,,,20號九樓,121.301664188745,25.0120189072846
桃園市桃園區同安里14鄰大興西路一段323巷20號十一樓,68,6800100,6800100-050,14鄰,大興西路,一段,323巷,,,,20號十一樓,121.301664188745,25.0120189072846
桃園市桃園區同安里14鄰大興西路一段323巷20號十二樓,68,6800100,6800100-050,14鄰,大興西路,一段,323巷,,,,20號十二樓,121.301664188745,25.0120189072846
桃園市桃園區同安里14鄰大興西路一段323巷20號十三樓,68,6800100,6800100-050,14鄰,大興西路,一段,323巷,,,,20號十三樓,121.301664188745,25.0120189072846
桃園市桃園區同安里14鄰大興西路一段323巷20號十四樓,68,6800100,6800100-050,14鄰,大興西路,一段,323巷,,,,20號十四樓,121.301664188745,25.0120189072846
桃園市桃園區同安里14鄰大興西路一段323巷20號十五樓,68,6800100,6800100-050,14鄰,大興西路,一段,323巷,,,,20號十五樓,121.301664188745,25.0120189072846
桃園市桃園區同安里14鄰大興西路一段323巷20號十六樓,68,6800100,6800100-050,14鄰,大興西路,一段,323巷,,,,20號十六樓,121.301664188745,25.0120189072846
桃園市桃園區同安里14鄰大興西路一段323巷20號十七樓,68,6800100,6800100-050,14鄰,大興西路,一段,323巷,,,,20號十七樓,121.301664188745,25.0120189072846
桃園市桃園區同安里14鄰大興西路一段323巷22號,68,6800100,6800100-050,14鄰,大興西路,一段,323巷,,,,22號,121.301761341587,25.012042183723
桃園市桃園區同安里14鄰大興西路一段323巷22號十樓,68,6800100,6800100-050,14鄰,大興西路,一段,323巷,,,,22號十樓,121.301761341587,25.012042183723
桃園市桃園區同安里14鄰大興西路一段323巷22號二樓,68,6800100,6800100-050,14鄰,大興西路,一段,323巷,,,,22號二樓,121.301761341587,25.012042183723
桃園市桃園區同安里14鄰大興西路一段323巷22號三樓,68,6800100,6800100-050,14鄰,大興西路,一段,323巷,,,,22號三樓,121.301761341587,25.012042183723
桃園市桃園區同安里14鄰大興西路一段323巷22號四樓,68,6800100,6800100-050,14鄰,大興西路,一段,323巷,,,,22號四樓,121.301761341587,25.012042183723
桃園市桃園區同安里14鄰大興西路一段323巷22號五樓,68,6800100,6800100-050,14鄰,大興西路,一段,323巷,,,,22號五樓,121.301761341587,25.012042183723
桃園市桃園區同安里14鄰大興西路一段323巷22號六樓,68,6800100,6800100-050,14鄰,大興西路,一段,323巷,,,,22號六樓,121.301761341587,25.012042183723
桃園市桃園區同安里14鄰大興西路一段323巷22號七樓,68,6800100,6800100-050,14鄰,大興西路,一段,323巷,,,,22號七樓,121.301761341587,25.012042183723
桃園市桃園區同安里14鄰大興西路一段323巷22號八樓,68,6800100,6800100-050,14鄰,大興西路,一段,323巷,,,,22號八樓,121.301761341587,25.012042183723
桃園市桃園區同安里14鄰大興西路一段323巷22號九樓,68,6800100,6800100-050,14鄰,大興西路,一段,323巷,,,,22號九樓,121.301761341587,25.012042183723
桃園市桃園區同安里14鄰大興西路一段323巷22號十一樓,68,6800100,6800100-050,14鄰,大興西路,一段,323巷,,,,22號十一樓,121.301761341587,25.012042183723
桃園市桃園區同安里14鄰大興西路一段323巷22號十二樓,68,6800100,6800100-050,14鄰,大興西路,一段,323巷,,,,22號十二樓,121.301761341587,25.012042183723
桃園市桃園區同安里14鄰大興西路一段323巷22號十三樓,68,6800100,6800100-050,14鄰,大興西路,一段,323巷,,,,22號十三樓,121.301761341587,25.012042183723
桃園市桃園區同安里14鄰大興西路一段323巷22號十四樓,68,6800100,6800100-050,14鄰,大興西路,一段,323巷,,,,22號十四樓,121.301761341587,25.012042183723
桃園市桃園區同安里14鄰大興西路一段323巷22號十五樓,68,6800100,6800100-050,14鄰,大興西路,一段,323巷,,,,22號十五樓,121.301761341587,25.012042183723
桃園市桃園區同安里14鄰大興西路一段323巷22號十六樓,68,6800100,6800100-050,14鄰,大興西路,一段,323巷,,,,22號十六樓,121.301761341587,25.012042183723
桃園市桃園區同安里14鄰大興西路一段323巷22號十七樓,68,6800100,6800100-050,14鄰,大興西路,一段,323巷,,,,22號十七樓,121.301761341587,25.012042183723
桃園市桃園區同安里14鄰大興西路一段323巷24號,68,6800100,6800100-050,14鄰,大興西路,一段,323巷,,,,24號,121.301806934897,25.0120494041117
桃園市桃園區同安里14鄰大興西路一段323巷24號十樓,68,6800100,6800100-050,14鄰,大興西路,一段,323巷,,,,24號十樓,121.301806934897,25.0120494041117
桃園市桃園區同安里14鄰大興西路一段323巷24號二樓,68,6800100,6800100-050,14鄰,大興西路,一段,323巷,,,,24號二樓,121.301806934897,25.0120494041117
桃園市桃園區同安里14鄰大興西路一段323巷24號三樓,68,6800100,6800100-050,14鄰,大興西路,一段,323巷,,,,24號三樓,121.301806934897,25.0120494041117
桃園市桃園區同安里14鄰大興西路一段323巷24號四樓,68,6800100,6800100-050,14鄰,大興西路,一段,323巷,,,,24號四樓,121.301806934897,25.0120494041117
桃園市桃園區同安里14鄰大興西路一段323巷24號五樓,68,6800100,6800100-050,14鄰,大興西路,一段,323巷,,,,24號五樓,121.301806934897,25.0120494041117
桃園市桃園區同安里14鄰大興西路一段323巷24號六樓,68,6800100,6800100-050,14鄰,大興西路,一段,323巷,,,,24號六樓,121.301806934897,25.0120494041117
桃園市桃園區同安里14鄰大興西路一段323巷24號七樓,68,6800100,6800100-050,14鄰,大興西路,一段,323巷,,,,24號七樓,121.301806934897,25.0120494041117
桃園市桃園區同安里14鄰大興西路一段323巷24號八樓,68,6800100,6800100-050,14鄰,大興西路,一段,323巷,,,,24號八樓,121.301806934897,25.0120494041117
桃園市桃園區同安里14鄰大興西路一段323巷24號九樓,68,6800100,6800100-050,14鄰,大興西路,一段,323巷,,,,24號九樓,121.301806934897,25.0120494041117
桃園市桃園區同安里14鄰大興西路一段323巷24號十一樓,68,6800100,6800100-050,14鄰,大興西路,一段,323巷,,,,24號十一樓,121.301806934897,25.0120494041117
桃園市桃園區同安里14鄰大興西路一段323巷24號十二樓,68,6800100,6800100-050,14鄰,大興西路,一段,323巷,,,,24號十二樓,121.301806934897,25.0120494041117
桃園市桃園區同安里14鄰大興西路一段323巷24號十三樓,68,6800100,6800100-050,14鄰,大興西路,一段,323巷,,,,24號十三樓,121.301806934897,25.0120494041117
桃園市桃園區同安里14鄰大興西路一段323巷24號十四樓,68,6800100,6800100-050,14鄰,大興西路,一段,323巷,,,,24號十四樓,121.301806934897,25.0120494041117
桃園市桃園區同安里14鄰大興西路一段323巷24號十五樓,68,6800100,6800100-050,14鄰,大興西路,一段,323巷,,,,24號十五樓,121.301806934897,25.0120494041117
桃園市桃園區同安里14鄰大興西路一段323巷24號十六樓,68,6800100,6800100-050,14鄰,大興西路,一段,323巷,,,,24號十六樓,121.301806934897,25.0120494041117
桃園市桃園區同安里14鄰大興西路一段323巷24號十七樓,68,6800100,6800100-050,14鄰,大興西路,一段,323巷,,,,24號十七樓,121.301806934897,25.0120494041117
桃園市桃園區同安里13鄰大興西路一段325號,68,6800100,6800100-050,13鄰,大興西路,一段,,,,,325號,121.301228243618,25.0125046099858
桃園市桃園區同安里13鄰大興西路一段325號十樓之1,68,6800100,6800100-050,13鄰,大興西路,一段,,,,,325號十樓之1,121.301228243618,25.0125046099858
桃園市桃園區同安里13鄰大興西路一段325號十樓之2,68,6800100,6800100-050,13鄰,大興西路,一段,,,,,325號十樓之2,121.301228243618,25.0125046099858
桃園市桃園區同安里13鄰大興西路一段325號十樓之3,68,6800100,6800100-050,13鄰,大興西路,一段,,,,,325號十樓之3,121.301228243618,25.0125046099858
桃園市桃園區同安里13鄰大興西路一段325號十樓之4,68,6800100,6800100-050,13鄰,大興西路,一段,,,,,325號十樓之4,121.301228243618,25.0125046099858
桃園市桃園區同安里13鄰大興西路一段325號十樓之5,68,6800100,6800100-050,13鄰,大興西路,一段,,,,,325號十樓之5,121.301228243618,25.0125046099858
桃園市桃園區同安里13鄰大興西路一段325號十樓之6,68,6800100,6800100-050,13鄰,大興西路,一段,,,,,325號十樓之6,121.301228243618,25.0125046099858
桃園市桃園區同安里13鄰大興西路一段325號三樓之1,68,6800100,6800100-050,13鄰,大興西路,一段,,,,,325號三樓之1,121.301228243618,25.0125046099858
桃園市桃園區同安里13鄰大興西路一段325號三樓之2,68,6800100,6800100-050,13鄰,大興西路,一段,,,,,325號三樓之2,121.301228243618,25.0125046099858
桃園市桃園區同安里13鄰大興西路一段325號三樓之3,68,6800100,6800100-050,13鄰,大興西路,一段,,,,,325號三樓之3,121.301228243618,25.0125046099858
桃園市桃園區同安里13鄰大興西路一段325號三樓之4,68,6800100,6800100-050,13鄰,大興西路,一段,,,,,325號三樓之4,121.301228243618,25.0125046099858
桃園市桃園區同安里13鄰大興西路一段325號三樓之5,68,6800100,6800100-050,13鄰,大興西路,一段,,,,,325號三樓之5,121.301228243618,25.0125046099858
桃園市桃園區同安里13鄰大興西路一段325號三樓之6,68,6800100,6800100-050,13鄰,大興西路,一段,,,,,325號三樓之6,121.301228243618,25.0125046099858
桃園市桃園區同安里13鄰大興西路一段325號四樓之1,68,6800100,6800100-050,13鄰,大興西路,一段,,,,,325號四樓之1,121.301228243618,25.0125046099858
桃園市桃園區同安里13鄰大興西路一段325號四樓之2,68,6800100,6800100-050,13鄰,大興西路,一段,,,,,325號四樓之2,121.301228243618,25.0125046099858
桃園市桃園區同安里13鄰大興西路一段325號四樓之3,68,6800100,6800100-050,13鄰,大興西路,一段,,,,,325號四樓之3,121.301228243618,25.0125046099858
桃園市桃園區同安里13鄰大興西路一段325號四樓之4,68,6800100,6800100-050,13鄰,大興西路,一段,,,,,325號四樓之4,121.301228243618,25.0125046099858
桃園市桃園區同安里13鄰大興西路一段325號四樓之5,68,6800100,6800100-050,13鄰,大興西路,一段,,,,,325號四樓之5,121.301228243618,25.0125046099858
桃園市桃園區同安里13鄰大興西路一段325號四樓之6,68,6800100,6800100-050,13鄰,大興西路,一段,,,,,325號四樓之6,121.301228243618,25.0125046099858
桃園市桃園區同安里13鄰大興西路一段325號五樓之1,68,6800100,6800100-050,13鄰,大興西路,一段,,,,,325號五樓之1,121.301228243618,25.0125046099858
桃園市桃園區同安里13鄰大興西路一段325號五樓之2,68,6800100,6800100-050,13鄰,大興西路,一段,,,,,325號五樓之2,121.301228243618,25.0125046099858
桃園市桃園區同安里13鄰大興西路一段325號五樓之3,68,6800100,6800100-050,13鄰,大興西路,一段,,,,,325號五樓之3,121.301228243618,25.0125046099858
桃園市桃園區同安里13鄰大興西路一段325號五樓之4,68,6800100,6800100-050,13鄰,大興西路,一段,,,,,325號五樓之4,121.301228243618,25.0125046099858
桃園市桃園區同安里13鄰大興西路一段325號五樓之5,68,6800100,6800100-050,13鄰,大興西路,一段,,,,,325號五樓之5,121.301228243618,25.0125046099858
桃園市桃園區同安里13鄰大興西路一段325號五樓之6,68,6800100,6800100-050,13鄰,大興西路,一段,,,,,325號五樓之6,121.301228243618,25.0125046099858
桃園市桃園區同安里13鄰大興西路一段325號六樓之1,68,6800100,6800100-050,13鄰,大興西路,一段,,,,,325號六樓之1,121.301228243618,25.0125046099858
桃園市桃園區同安里13鄰大興西路一段325號六樓之2,68,6800100,6800100-050,13鄰,大興西路,一段,,,,,325號六樓之2,121.301228243618,25.0125046099858
桃園市桃園區同安里13鄰大興西路一段325號六樓之3,68,6800100,6800100-050,13鄰,大興西路,一段,,,,,325號六樓之3,121.301228243618,25.0125046099858
桃園市桃園區同安里13鄰大興西路一段325號六樓之4,68,6800100,6800100-050,13鄰,大興西路,一段,,,,,325號六樓之4,121.301228243618,25.0125046099858
桃園市桃園區同安里13鄰大興西路一段325號六樓之5,68,6800100,6800100-050,13鄰,大興西路,一段,,,,,325號六樓之5,121.301228243618,25.0125046099858
桃園市桃園區同安里13鄰大興西路一段325號六樓之6,68,6800100,6800100-050,13鄰,大興西路,一段,,,,,325號六樓之6,121.301228243618,25.0125046099858
桃園市桃園區同安里13鄰大興西路一段325號七樓之1,68,6800100,6800100-050,13鄰,大興西路,一段,,,,,325號七樓之1,121.301228243618,25.0125046099858
桃園市桃園區同安里13鄰大興西路一段325號七樓之2,68,6800100,6800100-050,13鄰,大興西路,一段,,,,,325號七樓之2,121.301228243618,25.0125046099858
桃園市桃園區同安里13鄰大興西路一段325號七樓之3,68,6800100,6800100-050,13鄰,大興西路,一段,,,,,325號七樓之3,121.301228243618,25.0125046099858
桃園市桃園區同安里13鄰大興西路一段325號七樓之4,68,6800100,6800100-050,13鄰,大興西路,一段,,,,,325號七樓之4,121.301228243618,25.0125046099858
桃園市桃園區同安里13鄰大興西路一段325號七樓之5,68,6800100,6800100-050,13鄰,大興西路,一段,,,,,325號七樓之5,121.301228243618,25.0125046099858
桃園市桃園區同安里13鄰大興西路一段325號七樓之6,68,6800100,6800100-050,13鄰,大興西路,一段,,,,,325號七樓之6,121.301228243618,25.0125046099858
桃園市桃園區同安里13鄰大興西路一段325號八樓之1,68,6800100,6800100-050,13鄰,大興西路,一段,,,,,325號八樓之1,121.301228243618,25.0125046099858
桃園市桃園區同安里13鄰大興西路一段325號八樓之2,68,6800100,6800100-050,13鄰,大興西路,一段,,,,,325號八樓之2,121.301228243618,25.0125046099858
桃園市桃園區同安里13鄰大興西路一段325號八樓之3,68,6800100,6800100-050,13鄰,大興西路,一段,,,,,325號八樓之3,121.301228243618,25.0125046099858
桃園市桃園區同安里13鄰大興西路一段325號八樓之4,68,6800100,6800100-050,13鄰,大興西路,一段,,,,,325號八樓之4,121.301228243618,25.0125046099858
桃園市桃園區同安里13鄰大興西路一段325號八樓之5,68,6800100,6800100-050,13鄰,大興西路,一段,,,,,325號八樓之5,121.301228243618,25.0125046099858
桃園市桃園區同安里13鄰大興西路一段325號八樓之6,68,6800100,6800100-050,13鄰,大興西路,一段,,,,,325號八樓之6,121.301228243618,25.0125046099858
桃園市桃園區同安里13鄰大興西路一段325號九樓之1,68,6800100,6800100-050,13鄰,大興西路,一段,,,,,325號九樓之1,121.301228243618,25.0125046099858
桃園市桃園區同安里13鄰大興西路一段325號九樓之2,68,6800100,6800100-050,13鄰,大興西路,一段,,,,,325號九樓之2,121.301228243618,25.0125046099858
桃園市桃園區同安里13鄰大興西路一段325號九樓之3,68,6800100,6800100-050,13鄰,大興西路,一段,,,,,325號九樓之3,121.301228243618,25.0125046099858
桃園市桃園區同安里13鄰大興西路一段325號九樓之4,68,6800100,6800100-050,13鄰,大興西路,一段,,,,,325號九樓之4,121.301228243618,25.0125046099858
桃園市桃園區同安里13鄰大興西路一段325號九樓之5,68,6800100,6800100-050,13鄰,大興西路,一段,,,,,325號九樓之5,121.301228243618,25.0125046099858
桃園市桃園區同安里13鄰大興西路一段325號九樓之6,68,6800100,6800100-050,13鄰,大興西路,一段,,,,,325號九樓之6,121.301228243618,25.0125046099858
桃園市桃園區同安里13鄰大興西路一段325號十一樓之1,68,6800100,6800100-050,13鄰,大興西路,一段,,,,,325號十一樓之1,121.301228243618,25.0125046099858
桃園市桃園區同安里13鄰大興西路一段325號十一樓之2,68,6800100,6800100-050,13鄰,大興西路,一段,,,,,325號十一樓之2,121.301228243618,25.0125046099858
桃園市桃園區同安里13鄰大興西路一段325號十一樓之3,68,6800100,6800100-050,13鄰,大興西路,一段,,,,,325號十一樓之3,121.301228243618,25.0125046099858
桃園市桃園區同安里13鄰大興西路一段325號十一樓之4,68,6800100,6800100-050,13鄰,大興西路,一段,,,,,325號十一樓之4,121.301228243618,25.0125046099858
桃園市桃園區同安里13鄰大興西路一段325號十一樓之5,68,6800100,6800100-050,13鄰,大興西路,一段,,,,,325號十一樓之5,121.301228243618,25.0125046099858
桃園市桃園區同安里13鄰大興西路一段325號十一樓之6,68,6800100,6800100-050,13鄰,大興西路,一段,,,,,325號十一樓之6,121.301228243618,25.0125046099858
桃園市桃園區同安里13鄰大興西路一段325號十二樓之1,68,6800100,6800100-050,13鄰,大興西路,一段,,,,,325號十二樓之1,121.301228243618,25.0125046099858
桃園市桃園區同安里13鄰大興西路一段325號十二樓之2,68,6800100,6800100-050,13鄰,大興西路,一段,,,,,325號十二樓之2,121.301228243618,25.0125046099858
桃園市桃園區同安里13鄰大興西路一段325號十二樓之3,68,6800100,6800100-050,13鄰,大興西路,一段,,,,,325號十二樓之3,121.301228243618,25.0125046099858
桃園市桃園區同安里13鄰大興西路一段325號十二樓之4,68,6800100,6800100-050,13鄰,大興西路,一段,,,,,325號十二樓之4,121.301228243618,25.0125046099858
桃園市桃園區同安里13鄰大興西路一段325號十二樓之5,68,6800100,6800100-050,13鄰,大興西路,一段,,,,,325號十二樓之5,121.301228243618,25.0125046099858
桃園市桃園區同安里13鄰大興西路一段325號十二樓之6,68,6800100,6800100-050,13鄰,大興西路,一段,,,,,325號十二樓之6,121.301228243618,25.0125046099858
桃園市桃園區同安里13鄰大興西路一段325號十三樓之1,68,6800100,6800100-050,13鄰,大興西路,一段,,,,,325號十三樓之1,121.301228243618,25.0125046099858
桃園市桃園區同安里13鄰大興西路一段325號十三樓之2,68,6800100,6800100-050,13鄰,大興西路,一段,,,,,325號十三樓之2,121.301228243618,25.0125046099858
桃園市桃園區同安里13鄰大興西路一段325號十三樓之3,68,6800100,6800100-050,13鄰,大興西路,一段,,,,,325號十三樓之3,121.301228243618,25.0125046099858
桃園市桃園區同安里13鄰大興西路一段325號十三樓之4,68,6800100,6800100-050,13鄰,大興西路,一段,,,,,325號十三樓之4,121.301228243618,25.0125046099858
桃園市桃園區同安里13鄰大興西路一段325號十三樓之5,68,6800100,6800100-050,13鄰,大興西路,一段,,,,,325號十三樓之5,121.301228243618,25.0125046099858
桃園市桃園區同安里13鄰大興西路一段325號十三樓之6,68,6800100,6800100-050,13鄰,大興西路,一段,,,,,325號十三樓之6,121.301228243618,25.0125046099858
桃園市桃園區同安里13鄰大興西路一段325號十四樓之1,68,6800100,6800100-050,13鄰,大興西路,一段,,,,,325號十四樓之1,121.301228243618,25.0125046099858
桃園市桃園區同安里13鄰大興西路一段325號十四樓之2,68,6800100,6800100-050,13鄰,大興西路,一段,,,,,325號十四樓之2,121.301228243618,25.0125046099858
桃園市桃園區同安里13鄰大興西路一段325號十四樓之3,68,6800100,6800100-050,13鄰,大興西路,一段,,,,,325號十四樓之3,121.301228243618,25.0125046099858
桃園市桃園區同安里13鄰大興西路一段325號十四樓之4,68,6800100,6800100-050,13鄰,大興西路,一段,,,,,325號十四樓之4,121.301228243618,25.0125046099858
桃園市桃園區同安里13鄰大興西路一段325號十四樓之5,68,6800100,6800100-050,13鄰,大興西路,一段,,,,,325號十四樓之5,121.301228243618,25.0125046099858
桃園市桃園區同安里13鄰大興西路一段325號十四樓之6,68,6800100,6800100-050,13鄰,大興西路,一段,,,,,325號十四樓之6,121.301228243618,25.0125046099858
桃園市桃園區同安里13鄰大興西路一段325號十五樓之1,68,6800100,6800100-050,13鄰,大興西路,一段,,,,,325號十五樓之1,121.301228243618,25.0125046099858
桃園市桃園區同安里13鄰大興西路一段325號十五樓之2,68,6800100,6800100-050,13鄰,大興西路,一段,,,,,325號十五樓之2,121.301228243618,25.0125046099858
桃園市桃園區同安里13鄰大興西路一段325號十五樓之3,68,6800100,6800100-050,13鄰,大興西路,一段,,,,,325號十五樓之3,121.301228243618,25.0125046099858
桃園市桃園區同安里13鄰大興西路一段325號十五樓之4,68,6800100,6800100-050,13鄰,大興西路,一段,,,,,325號十五樓之4,121.301228243618,25.0125046099858
桃園市桃園區同安里13鄰大興西路一段325號十五樓之5,68,6800100,6800100-050,13鄰,大興西路,一段,,,,,325號十五樓之5,121.301228243618,25.0125046099858
桃園市桃園區同安里13鄰大興西路一段325號十五樓之6,68,6800100,6800100-050,13鄰,大興西路,一段,,,,,325號十五樓之6,121.301228243618,25.0125046099858
桃園市桃園區同安里13鄰大興西路一段325號十六樓之1,68,6800100,6800100-050,13鄰,大興西路,一段,,,,,325號十六樓之1,121.301228243618,25.0125046099858
桃園市桃園區同安里13鄰大興西路一段325號十六樓之2,68,6800100,6800100-050,13鄰,大興西路,一段,,,,,325號十六樓之2,121.301228243618,25.0125046099858
桃園市桃園區同安里13鄰大興西路一段325號十六樓之3,68,6800100,6800100-050,13鄰,大興西路,一段,,,,,325號十六樓之3,121.301228243618,25.0125046099858
桃園市桃園區同安里13鄰大興西路一段325號十六樓之4,68,6800100,6800100-050,13鄰,大興西路,一段,,,,,325號十六樓之4,121.301228243618,25.0125046099858
桃園市桃園區同安里13鄰大興西路一段325號十六樓之5,68,6800100,6800100-050,13鄰,大興西路,一段,,,,,325號十六樓之5,121.301228243618,25.0125046099858
桃園市桃園區同安里13鄰大興西路一段325號十六樓之6,68,6800100,6800100-050,13鄰,大興西路,一段,,,,,325號十六樓之6,121.301228243618,25.0125046099858
桃園市桃園區同安里13鄰大興西路一段325號十七樓之1,68,6800100,6800100-050,13鄰,大興西路,一段,,,,,325號十七樓之1,121.301228243618,25.0125046099858
桃園市桃園區同安里13鄰大興西路一段325號十七樓之2,68,6800100,6800100-050,13鄰,大興西路,一段,,,,,325號十七樓之2,121.301228243618,25.0125046099858
桃園市桃園區同安里13鄰大興西路一段325號十七樓之3,68,6800100,6800100-050,13鄰,大興西路,一段,,,,,325號十七樓之3,121.301228243618,25.0125046099858
桃園市桃園區同安里13鄰大興西路一段325號十七樓之4,68,6800100,6800100-050,13鄰,大興西路,一段,,,,,325號十七樓之4,121.301228243618,25.0125046099858
桃園市桃園區同安里13鄰大興西路一段325號十七樓之5,68,6800100,6800100-050,13鄰,大興西路,一段,,,,,325號十七樓之5,121.301228243618,25.0125046099858
桃園市桃園區同安里13鄰大興西路一段325號十七樓之6,68,6800100,6800100-050,13鄰,大興西路,一段,,,,,325號十七樓之6,121.301228243618,25.0125046099858
桃園市桃園區同安里11鄰大興西路一段333號,68,6800100,6800100-050,11鄰,大興西路,一段,,,,,333號,121.301070151787,25.0123976740861
桃園市桃園區同安里11鄰大興西路一段335號,68,6800100,6800100-050,11鄰,大興西路,一段,,,,,335號,121.300995572131,25.0123676705785
桃園市桃園區同安里11鄰大興西路一段337號,68,6800100,6800100-050,11鄰,大興西路,一段,,,,,337號,121.300923395669,25.0123480447004
桃園市桃園區同安里11鄰大興西路一段341巷7號,68,6800100,6800100-050,11鄰,大興西路,一段,341巷,,,,7號,121.301078153605,25.012144233865
桃園市桃園區同安里11鄰大興西路一段341巷9號,68,6800100,6800100-050,11鄰,大興西路,一段,341巷,,,,9號,121.30107928115,25.0120377880738
桃園市桃園區同安里11鄰大興西路一段341巷11號,68,6800100,6800100-050,11鄰,大興西路,一段,341巷,,,,11號,121.301100059382,25.0119856527863
桃園市桃園區同安里11鄰大興西路一段341巷13號,68,6800100,6800100-050,11鄰,大興西路,一段,341巷,,,,13號,121.301125147442,25.0119538224158
桃園市桃園區同安里11鄰大興西路一段341巷15號,68,6800100,6800100-050,11鄰,大興西路,一段,341巷,,,,15號,121.301140089129,25.0119054005385
桃園市桃園區同安里11鄰大興西路一段345號,68,6800100,6800100-050,11鄰,大興西路,一段,,,,,345號,121.300789704889,25.0122930620532
桃園市桃園區同安里11鄰大興西路一段345號三樓,68,6800100,6800100-050,11鄰,大興西路,一段,,,,,345號三樓,121.300789704889,25.0122930620532
桃園市桃園區大興里6鄰大興西路一段7號,68,6800100,6800100-046,6鄰,大興西路,一段,,,,,7號,121.308754589164,25.0151566699829
桃園市桃園區大興里6鄰大興西路一段9號,68,6800100,6800100-046,6鄰,大興西路,一段,,,,,9號,121.308706616415,25.0151494566788
桃園市桃園區大興里6鄰大興西路一段11號,68,6800100,6800100-046,6鄰,大興西路,一段,,,,,11號,121.308658544592,25.0151422435649
桃園市桃園區大興里6鄰大興西路一段13號,68,6800100,6800100-046,6鄰,大興西路,一段,,,,,13號,121.308572519002,25.0151722154296
桃園市桃園區大興里6鄰大興西路一段15號,68,6800100,6800100-046,6鄰,大興西路,一段,,,,,15號,121.308524847781,25.0151667168143
桃園市桃園區大興里6鄰大興西路一段17號,68,6800100,6800100-046,6鄰,大興西路,一段,,,,,17號,121.308479947858,25.0151600387581
桃園市桃園區大興里6鄰大興西路一段19號,68,6800100,6800100-046,6鄰,大興西路,一段,,,,,19號,121.30843506463,25.0151600415807
桃園市桃園區大興里6鄰大興西路一段21號,68,6800100,6800100-046,6鄰,大興西路,一段,,,,,21號,121.308389566485,25.0151121957824
桃園市桃園區寶慶里15鄰大興西路二段122號,68,6800100,6800100-068,15鄰,大興西路,二段,,,,,122號,121.296847444006,25.0107858559525
桃園市桃園區寶慶里15鄰大興西路二段124號,68,6800100,6800100-068,15鄰,大興西路,二段,,,,,124號,121.296776302748,25.0107428427052
桃園市桃園區寶慶里15鄰大興西路二段126號,68,6800100,6800100-068,15鄰,大興西路,二段,,,,,126號,121.296687564837,25.0107160251707
桃園市桃園區寶慶里15鄰大興西路二段128號,68,6800100,6800100-068,15鄰,大興西路,二段,,,,,128號,121.296616508031,25.0107081317311
桃園市桃園區寶慶里1鄰大興西路二段130號,68,6800100,6800100-068,1鄰,大興西路,二段,,,,,130號,121.296448580407,25.0105046980253
桃園市桃園區寶慶里1鄰大興西路二段132號,68,6800100,6800100-068,1鄰,大興西路,二段,,,,,132號,121.296392232299,25.0104743849932
桃園市桃園區寶慶里1鄰大興西路二段136號,68,6800100,6800100-068,1鄰,大興西路,二段,,,,,136號,121.296318541262,25.0104008609775
桃園市桃園區寶慶里1鄰大興西路二段138號,68,6800100,6800100-068,1鄰,大興西路,二段,,,,,138號,121.296236672075,25.0103461320618
桃園市桃園區寶慶里1鄰大興西路二段140號,68,6800100,6800100-068,1鄰,大興西路,二段,,,,,140號,121.29616563144,25.0103035697306
桃園市桃園區寶慶里1鄰大興西路二段172號,68,6800100,6800100-068,1鄰,大興西路,二段,,,,,172號,121.296087874274,25.0102695976147
桃園市桃園區寶慶里1鄰大興西路二段176號,68,6800100,6800100-068,1鄰,大興西路,二段,,,,,176號,121.296044898543,25.0102379938638
桃園市桃園區寶慶里1鄰大興西路二段178號,68,6800100,6800100-068,1鄰,大興西路,二段,,,,,178號,121.29600328955,25.010197900785
桃園市桃園區寶慶里1鄰大興西路二段180之1號七樓,68,6800100,6800100-068,1鄰,大興西路,二段,,,,,180之1號七樓,121.295885362528,25.0102695492467
桃園市桃園區寶慶里1鄰大興西路二段180之1號五樓,68,6800100,6800100-068,1鄰,大興西路,二段,,,,,180之1號五樓,121.295885362528,25.0102695492467
桃園市桃園區寶慶里1鄰大興西路二段180之1號二樓,68,6800100,6800100-068,1鄰,大興西路,二段,,,,,180之1號二樓,121.295885362528,25.0102695492467
桃園市桃園區寶慶里1鄰大興西路二段180之1號三樓,68,6800100,6800100-068,1鄰,大興西路,二段,,,,,180之1號三樓,121.295885362528,25.0102695492467
桃園市桃園區寶慶里1鄰大興西路二段180之1號四樓,68,6800100,6800100-068,1鄰,大興西路,二段,,,,,180之1號四樓,121.295885362528,25.0102695492467
桃園市桃園區寶慶里1鄰大興西路二段180之1號六樓,68,6800100,6800100-068,1鄰,大興西路,二段,,,,,180之1號六樓,121.295885362528,25.0102695492467
桃園市桃園區寶慶里1鄰大興西路二段180之1號一樓,68,6800100,6800100-068,1鄰,大興西路,二段,,,,,180之1號一樓,121.295885362528,25.0102695492467
桃園市桃園區寶慶里1鄰大興西路二段180號一樓,68,6800100,6800100-068,1鄰,大興西路,二段,,,,,180號一樓,121.295937657347,25.0101382641054
桃園市桃園區寶慶里1鄰大興西路二段180號四樓,68,6800100,6800100-068,1鄰,大興西路,二段,,,,,180號四樓,121.295937657347,25.0101382641054
桃園市桃園區寶慶里1鄰大興西路二段180號五樓,68,6800100,6800100-068,1鄰,大興西路,二段,,,,,180號五樓,121.295937657347,25.0101382641054
桃園市桃園區寶慶里1鄰大興西路二段180號六樓,68,6800100,6800100-068,1鄰,大興西路,二段,,,,,180號六樓,121.295937657347,25.0101382641054
桃園市桃園區寶慶里1鄰大興西路二段180號七樓,68,6800100,6800100-068,1鄰,大興西路,二段,,,,,180號七樓,121.295937657347,25.0101382641054
桃園市桃園區寶慶里1鄰大興西路二段180號三樓,68,6800100,6800100-068,1鄰,大興西路,二段,,,,,180號三樓,121.295937657347,25.0101382641054
桃園市桃園區寶慶里1鄰大興西路二段182號,68,6800100,6800100-068,1鄰,大興西路,二段,,,,,182號,121.29589647739,25.0100704532838
桃園市桃園區寶慶里1鄰大興西路二段186號,68,6800100,6800100-068,1鄰,大興西路,二段,,,,,186號,121.295800508104,25.0100024805855
桃園市桃園區寶慶里1鄰大興西路二段190巷6號二樓,68,6800100,6800100-068,1鄰,大興西路,二段,190巷,,,,6號二樓,121.295802533264,25.0100620632892
桃園市桃園區寶慶里1鄰大興西路二段190巷6號三樓,68,6800100,6800100-068,1鄰,大興西路,二段,190巷,,,,6號三樓,121.295802533264,25.0100620632892
桃園市桃園區寶慶里1鄰大興西路二段190巷6號四樓,68,6800100,6800100-068,1鄰,大興西路,二段,190巷,,,,6號四樓,121.295802533264,25.0100620632892
桃園市桃園區寶慶里1鄰大興西路二段190巷6號五樓,68,6800100,6800100-068,1鄰,大興西路,二段,190巷,,,,6號五樓,121.295802533264,25.0100620632892
桃園市桃園區寶慶里1鄰大興西路二段190巷6號六樓,68,6800100,6800100-068,1鄰,大興西路,二段,190巷,,,,6號六樓,121.295802533264,25.0100620632892
桃園市桃園區寶慶里1鄰大興西路二段190巷6號七樓,68,6800100,6800100-068,1鄰,大興西路,二段,190巷,,,,6號七樓,121.295802533264,25.0100620632892
桃園市桃園區寶慶里1鄰大興西路二段190巷15弄1號,68,6800100,6800100-068,1鄰,大興西路,二段,190巷,15弄,,,1號,121.295680744827,25.0101761522454
桃園市桃園區寶慶里1鄰大興西路二段190巷15弄2號,68,6800100,6800100-068,1鄰,大興西路,二段,190巷,15弄,,,2號,121.295712062753,25.0102630324333
桃園市桃園區寶慶里1鄰大興西路二段190巷15弄2號二樓,68,6800100,6800100-068,1鄰,大興西路,二段,190巷,15弄,,,2號二樓,121.295712062753,25.0102630324333
桃園市桃園區寶慶里1鄰大興西路二段190巷15弄3號,68,6800100,6800100-068,1鄰,大興西路,二段,190巷,15弄,,,3號,121.295640697538,25.0101675647001
桃園市桃園區寶慶里1鄰大興西路二段190巷15弄5號,68,6800100,6800100-068,1鄰,大興西路,二段,190巷,15弄,,,5號,121.2955933165,25.0101580888914
桃園市桃園區寶慶里1鄰大興西路二段190巷15弄6號,68,6800100,6800100-068,1鄰,大興西路,二段,190巷,15弄,,,6號,121.295667769014,25.0102602314464
桃園市桃園區寶慶里1鄰大興西路二段190巷15弄7號,68,6800100,6800100-068,1鄰,大興西路,二段,190巷,15弄,,,7號,121.295551064495,25.0101390328845
桃園市桃園區寶慶里1鄰大興西路二段190巷15弄8號,68,6800100,6800100-068,1鄰,大興西路,二段,190巷,15弄,,,8號,121.295625645864,25.0102536342488
桃園市桃園區寶慶里1鄰大興西路二段190巷15弄9號,68,6800100,6800100-068,1鄰,大興西路,二段,190巷,15弄,,,9號,121.295506862966,25.0101333426124
桃園市桃園區寶慶里1鄰大興西路二段190巷15弄10號,68,6800100,6800100-068,1鄰,大興西路,二段,190巷,15弄,,,10號,121.29557619112,25.0102470516107
桃園市桃園區寶慶里1鄰大興西路二段190巷15弄11號,68,6800100,6800100-068,1鄰,大興西路,二段,190巷,15弄,,,11號,121.295469990872,25.0101267349362
桃園市桃園區寶慶里1鄰大興西路二段190巷15弄12號,68,6800100,6800100-068,1鄰,大興西路,二段,190巷,15弄,,,12號,121.295532987221,25.0102442484176
桃園市桃園區寶慶里1鄰大興西路二段190巷15弄13號,68,6800100,6800100-068,1鄰,大興西路,二段,190巷,15弄,,,13號,121.295422644202,25.0101316139901
桃園市桃園區寶慶里1鄰大興西路二段190巷15弄14號,68,6800100,6800100-068,1鄰,大興西路,二段,190巷,15弄,,,14號,121.295491859377,25.0102395451455
桃園市桃園區寶慶里1鄰大興西路二段190巷15弄15號,68,6800100,6800100-068,1鄰,大興西路,二段,190巷,15弄,,,15號,121.295369947448,25.0101365036548
桃園市桃園區寶慶里1鄰大興西路二段190巷15弄16號,68,6800100,6800100-068,1鄰,大興西路,二段,190巷,15弄,,,16號,121.295446565606,25.0102328639138
桃園市桃園區寶慶里1鄰大興西路二段190巷15弄17號,68,6800100,6800100-068,1鄰,大興西路,二段,190巷,15弄,,,17號,121.295329920919,25.0101365831454
桃園市桃園區寶慶里1鄰大興西路二段190巷15弄18號,68,6800100,6800100-068,1鄰,大興西路,二段,190巷,15弄,,,18號,121.295402370959,25.0102300626508
桃園市桃園區寶慶里1鄰大興西路二段190巷15弄19號,68,6800100,6800100-068,1鄰,大興西路,二段,190巷,15弄,,,19號,121.295289871507,25.0101270926804
桃園市桃園區寶慶里1鄰大興西路二段190巷15弄20號,68,6800100,6800100-068,1鄰,大興西路,二段,190巷,15弄,,,20號,121.295359162535,25.0102253634746
桃園市桃園區寶慶里1鄰大興西路二段190巷15弄21號,68,6800100,6800100-068,1鄰,大興西路,二段,190巷,15弄,,,21號,121.295250927905,25.0101242809458
桃園市桃園區寶慶里1鄰大興西路二段190巷15弄22號,68,6800100,6800100-068,1鄰,大興西路,二段,190巷,15弄,,,22號,121.295314958824,25.0102187703208
桃園市桃園區寶慶里1鄰大興西路二段190巷15弄23號,68,6800100,6800100-068,1鄰,大興西路,二段,190巷,15弄,,,23號,121.295206735675,25.0101224727318
桃園市桃園區寶慶里1鄰大興西路二段190巷15弄24號,68,6800100,6800100-068,1鄰,大興西路,二段,190巷,15弄,,,24號,121.295270665109,25.0102159692154
桃園市桃園區寶慶里1鄰大興西路二段190巷15弄26號,68,6800100,6800100-068,1鄰,大興西路,二段,190巷,15弄,,,26號,121.295227456694,25.0102112700008
桃園市桃園區寶慶里1鄰大興西路二段190巷15弄28號,68,6800100,6800100-068,1鄰,大興西路,二段,190巷,15弄,,,28號,121.295195648023,25.0102090760685
桃園市桃園區寶慶里1鄰大興西路二段190巷17弄1號,68,6800100,6800100-068,1鄰,大興西路,二段,190巷,17弄,,,1號,121.295646264291,25.0104235960076
桃園市桃園區寶慶里1鄰大興西路二段190巷17弄2號,68,6800100,6800100-068,1鄰,大興西路,二段,190巷,17弄,,,2號,121.295614028718,25.0105328121403
桃園市桃園區寶慶里1鄰大興西路二段190巷17弄3號,68,6800100,6800100-068,1鄰,大興西路,二段,190巷,17弄,,,3號,121.29557907059,25.0104152429759
桃園市桃園區寶慶里1鄰大興西路二段190巷17弄5號,68,6800100,6800100-068,1鄰,大興西路,二段,190巷,17弄,,,5號,121.295501177793,25.0104073625877
桃園市桃園區寶慶里1鄰大興西路二段190巷17弄6號,68,6800100,6800100-068,1鄰,大興西路,二段,190巷,17弄,,,6號,121.295616873639,25.0106037688614
桃園市桃園區寶慶里1鄰大興西路二段190巷17弄7號,68,6800100,6800100-068,1鄰,大興西路,二段,190巷,17弄,,,7號,121.295424667963,25.0103977640359
桃園市桃園區寶慶里1鄰大興西路二段190巷17弄8號,68,6800100,6800100-068,1鄰,大興西路,二段,190巷,17弄,,,8號,121.295611778003,25.0106686924101
桃園市桃園區寶慶里1鄰大興西路二段190巷17弄9號,68,6800100,6800100-068,1鄰,大興西路,二段,190巷,17弄,,,9號,121.295346760288,25.0103836540743
桃園市桃園區寶慶里1鄰大興西路二段190巷17弄10號,68,6800100,6800100-068,1鄰,大興西路,二段,190巷,17弄,,,10號,121.295614628546,25.0107419964747
桃園市桃園區寶慶里1鄰大興西路二段190巷17弄11號,68,6800100,6800100-068,1鄰,大興西路,二段,190巷,17弄,,,11號,121.295272835089,25.0103776616282
桃園市桃園區寶慶里1鄰大興西路二段190巷17弄12號,68,6800100,6800100-068,1鄰,大興西路,二段,190巷,17弄,,,12號,121.295614600914,25.0108132297526
桃園市桃園區寶慶里1鄰大興西路二段190巷17弄13號,68,6800100,6800100-068,1鄰,大興西路,二段,190巷,17弄,,,13號,121.295183250531,25.0103694431543
桃園市桃園區寶慶里1鄰大興西路二段190巷17弄14號,68,6800100,6800100-068,1鄰,大興西路,二段,190巷,17弄,,,14號,121.295489297502,25.0104938772338
桃園市桃園區寶慶里1鄰大興西路二段190巷17弄16號,68,6800100,6800100-068,1鄰,大興西路,二段,190巷,17弄,,,16號,121.295415468498,25.01048671099
桃園市桃園區寶慶里1鄰大興西路二段190巷17弄18號,68,6800100,6800100-068,1鄰,大興西路,二段,190巷,17弄,,,18號,121.29532518255,25.0104752438104
桃園市桃園區寶慶里1鄰大興西路二段190巷17弄20號,68,6800100,6800100-068,1鄰,大興西路,二段,190巷,17弄,,,20號,121.295257982797,25.0104643627238
桃園市桃園區寶慶里13鄰大興西路二段192號,68,6800100,6800100-068,13鄰,大興西路,二段,,,,,192號,121.295576470299,25.0098669599302
桃園市桃園區寶慶里13鄰大興西路二段194號,68,6800100,6800100-068,13鄰,大興西路,二段,,,,,194號,121.295540908851,25.0098283895086
桃園市桃園區寶慶里13鄰大興西路二段196號,68,6800100,6800100-068,13鄰,大興西路,二段,,,,,196號,121.295495358752,25.0097973324082
桃園市桃園區寶慶里13鄰大興西路二段198號,68,6800100,6800100-068,13鄰,大興西路,二段,,,,,198號,121.295455175155,25.0097731261353
桃園市桃園區寶慶里13鄰大興西路二段200號,68,6800100,6800100-068,13鄰,大興西路,二段,,,,,200號,121.29542506723,25.0097363505094
桃園市桃園區寶慶里13鄰大興西路二段200之14號九樓,68,6800100,6800100-068,13鄰,大興西路,二段,,,,,200之14號九樓,121.29558569458,25.0099954142053
桃園市桃園區寶慶里13鄰大興西路二段200之14號二樓,68,6800100,6800100-068,13鄰,大興西路,二段,,,,,200之14號二樓,121.29558569458,25.0099954142053
桃園市桃園區寶慶里13鄰大興西路二段200之14號十一樓,68,6800100,6800100-068,13鄰,大興西路,二段,,,,,200之14號十一樓,121.29558569458,25.0099954142053
桃園市桃園區寶慶里13鄰大興西路二段200之14號十二樓,68,6800100,6800100-068,13鄰,大興西路,二段,,,,,200之14號十二樓,121.29558569458,25.0099954142053
桃園市桃園區寶慶里13鄰大興西路二段200之14號十三樓,68,6800100,6800100-068,13鄰,大興西路,二段,,,,,200之14號十三樓,121.29558569458,25.0099954142053
桃園市桃園區寶慶里13鄰大興西路二段200之14號八樓,68,6800100,6800100-068,13鄰,大興西路,二段,,,,,200之14號八樓,121.29558569458,25.0099954142053
桃園市桃園區寶慶里13鄰大興西路二段200之14號三樓,68,6800100,6800100-068,13鄰,大興西路,二段,,,,,200之14號三樓,121.29558569458,25.0099954142053
桃園市桃園區寶慶里13鄰大興西路二段200之14號十四樓,68,6800100,6800100-068,13鄰,大興西路,二段,,,,,200之14號十四樓,121.29558569458,25.0099954142053
桃園市桃園區寶慶里13鄰大興西路二段200號九樓,68,6800100,6800100-068,13鄰,大興西路,二段,,,,,200號九樓,121.295363213903,25.0098066232023
桃園市桃園區寶慶里13鄰大興西路二段200之14號十樓,68,6800100,6800100-068,13鄰,大興西路,二段,,,,,200之14號十樓,121.29558569458,25.0099954142053
桃園市桃園區寶慶里13鄰大興西路二段200號二樓,68,6800100,6800100-068,13鄰,大興西路,二段,,,,,200號二樓,121.295363213903,25.0098066232023
桃園市桃園區寶慶里13鄰大興西路二段200之2號十樓,68,6800100,6800100-068,13鄰,大興西路,二段,,,,,200之2號十樓,121.295284195399,25.0097421375338
桃園市桃園區寶慶里13鄰大興西路二段200之1號七樓,68,6800100,6800100-068,13鄰,大興西路,二段,,,,,200之1號七樓,121.29531934792,25.0097754724199
桃園市桃園區寶慶里13鄰大興西路二段200之14號五樓,68,6800100,6800100-068,13鄰,大興西路,二段,,,,,200之14號五樓,121.29558569458,25.0099954142053
桃園市桃園區寶慶里13鄰大興西路二段200號八樓,68,6800100,6800100-068,13鄰,大興西路,二段,,,,,200號八樓,121.295363213903,25.0098066232023
桃園市桃園區寶慶里13鄰大興西路二段200之1號九樓,68,6800100,6800100-068,13鄰,大興西路,二段,,,,,200之1號九樓,121.29531934792,25.0097754724199
桃園市桃園區寶慶里13鄰大興西路二段200號六樓,68,6800100,6800100-068,13鄰,大興西路,二段,,,,,200號六樓,121.295363213903,25.0098066232023
桃園市桃園區寶慶里13鄰大興西路二段200之14號六樓,68,6800100,6800100-068,13鄰,大興西路,二段,,,,,200之14號六樓,121.29558569458,25.0099954142053
桃園市桃園區寶慶里13鄰大興西路二段200之4號十一樓,68,6800100,6800100-068,13鄰,大興西路,二段,,,,,200之4號十一樓,121.295408108683,25.0096879925434
桃園市桃園區寶慶里13鄰大興西路二段200號十一樓,68,6800100,6800100-068,13鄰,大興西路,二段,,,,,200號十一樓,121.295363213903,25.0098066232023
桃園市桃園區寶慶里13鄰大興西路二段200之2號五樓,68,6800100,6800100-068,13鄰,大興西路,二段,,,,,200之2號五樓,121.295284195399,25.0097421375338
桃園市桃園區寶慶里13鄰大興西路二段200之1號二樓,68,6800100,6800100-068,13鄰,大興西路,二段,,,,,200之1號二樓,121.29531934792,25.0097754724199
桃園市桃園區寶慶里13鄰大興西路二段200之4號十三樓,68,6800100,6800100-068,13鄰,大興西路,二段,,,,,200之4號十三樓,121.295408108683,25.0096879925434
桃園市桃園區寶慶里13鄰大興西路二段200號十二樓,68,6800100,6800100-068,13鄰,大興西路,二段,,,,,200號十二樓,121.295363213903,25.0098066232023
桃園市桃園區寶慶里13鄰大興西路二段200之2號六樓,68,6800100,6800100-068,13鄰,大興西路,二段,,,,,200之2號六樓,121.295284195399,25.0097421375338
桃園市桃園區寶慶里13鄰大興西路二段200之4號十四樓,68,6800100,6800100-068,13鄰,大興西路,二段,,,,,200之4號十四樓,121.295408108683,25.0096879925434
桃園市桃園區寶慶里13鄰大興西路二段200號十三樓,68,6800100,6800100-068,13鄰,大興西路,二段,,,,,200號十三樓,121.295363213903,25.0098066232023
桃園市桃園區寶慶里13鄰大興西路二段200之2號四樓,68,6800100,6800100-068,13鄰,大興西路,二段,,,,,200之2號四樓,121.295284195399,25.0097421375338
桃園市桃園區寶慶里13鄰大興西路二段200之1號十一樓,68,6800100,6800100-068,13鄰,大興西路,二段,,,,,200之1號十一樓,121.29531934792,25.0097754724199
桃園市桃園區寶慶里13鄰大興西路二段200之10號五樓,68,6800100,6800100-068,13鄰,大興西路,二段,,,,,200之10號五樓,121.295640499558,25.0098779374613
桃園市桃園區寶慶里13鄰大興西路二段200之4號十樓,68,6800100,6800100-068,13鄰,大興西路,二段,,,,,200之4號十樓,121.295408108683,25.0096879925434
桃園市桃園區寶慶里13鄰大興西路二段200號十四樓,68,6800100,6800100-068,13鄰,大興西路,二段,,,,,200號十四樓,121.295363213903,25.0098066232023
桃園市桃園區寶慶里13鄰大興西路二段200之3號七樓,68,6800100,6800100-068,13鄰,大興西路,二段,,,,,200之3號七樓,121.295363456607,25.0096595518228
桃園市桃園區寶慶里13鄰大興西路二段200之1號十二樓,68,6800100,6800100-068,13鄰,大興西路,二段,,,,,200之1號十二樓,121.29531934792,25.0097754724199
桃園市桃園區寶慶里13鄰大興西路二段200之4號三樓,68,6800100,6800100-068,13鄰,大興西路,二段,,,,,200之4號三樓,121.295408108683,25.0096879925434
桃園市桃園區寶慶里13鄰大興西路二段200號十樓,68,6800100,6800100-068,13鄰,大興西路,二段,,,,,200號十樓,121.295363213903,25.0098066232023
桃園市桃園區寶慶里13鄰大興西路二段200之1號十三樓,68,6800100,6800100-068,13鄰,大興西路,二段,,,,,200之1號十三樓,121.29531934792,25.0097754724199
桃園市桃園區寶慶里13鄰大興西路二段200之4號五樓,68,6800100,6800100-068,13鄰,大興西路,二段,,,,,200之4號五樓,121.295408108683,25.0096879925434
桃園市桃園區寶慶里13鄰大興西路二段200號三樓,68,6800100,6800100-068,13鄰,大興西路,二段,,,,,200號三樓,121.295363213903,25.0098066232023
桃園市桃園區寶慶里13鄰大興西路二段200之1號十四樓,68,6800100,6800100-068,13鄰,大興西路,二段,,,,,200之1號十四樓,121.29531934792,25.0097754724199
桃園市桃園區寶慶里13鄰大興西路二段200之4號六樓,68,6800100,6800100-068,13鄰,大興西路,二段,,,,,200之4號六樓,121.295408108683,25.0096879925434
桃園市桃園區寶慶里13鄰大興西路二段200號五樓,68,6800100,6800100-068,13鄰,大興西路,二段,,,,,200號五樓,121.295363213903,25.0098066232023
桃園市桃園區寶慶里13鄰大興西路二段200之1號十樓,68,6800100,6800100-068,13鄰,大興西路,二段,,,,,200之1號十樓,121.29531934792,25.0097754724199
桃園市桃園區寶慶里13鄰大興西路二段200之17號十三樓,68,6800100,6800100-068,13鄰,大興西路,二段,,,,,200之17號十三樓,121.295474012206,25.0099026447176
桃園市桃園區寶慶里13鄰大興西路二段200之4號四樓,68,6800100,6800100-068,13鄰,大興西路,二段,,,,,200之4號四樓,121.295408108683,25.0096879925434
桃園市桃園區寶慶里13鄰大興西路二段200號四樓,68,6800100,6800100-068,13鄰,大興西路,二段,,,,,200號四樓,121.295363213903,25.0098066232023
桃園市桃園區寶慶里13鄰大興西路二段200之5號七樓,68,6800100,6800100-068,13鄰,大興西路,二段,,,,,200之5號七樓,121.295447198528,25.0097105759097
桃園市桃園區寶慶里13鄰大興西路二段200之5號二樓,68,6800100,6800100-068,13鄰,大興西路,二段,,,,,200之5號二樓,121.295447198528,25.0097105759097
桃園市桃園區寶慶里13鄰大興西路二段200之5號八樓,68,6800100,6800100-068,13鄰,大興西路,二段,,,,,200之5號八樓,121.295447198528,25.0097105759097
桃園市桃園區寶慶里13鄰大興西路二段200之10號四樓,68,6800100,6800100-068,13鄰,大興西路,二段,,,,,200之10號四樓,121.295640499558,25.0098779374613
桃園市桃園區寶慶里13鄰大興西路二段200之3號二樓,68,6800100,6800100-068,13鄰,大興西路,二段,,,,,200之3號二樓,121.295363456607,25.0096595518228
桃園市桃園區寶慶里13鄰大興西路二段200之7號十四樓,68,6800100,6800100-068,13鄰,大興西路,二段,,,,,200之7號十四樓,121.295514024139,25.0097722869487
桃園市桃園區寶慶里13鄰大興西路二段200之8號八樓,68,6800100,6800100-068,13鄰,大興西路,二段,,,,,200之8號八樓,121.295565437611,25.0098108258741
桃園市桃園區寶慶里13鄰大興西路二段200之16號十一樓,68,6800100,6800100-068,13鄰,大興西路,二段,,,,,200之16號十一樓,121.295508864788,25.0099348064753
桃園市桃園區寶慶里13鄰大興西路二段200之1號八樓,68,6800100,6800100-068,13鄰,大興西路,二段,,,,,200之1號八樓,121.29531934792,25.0097754724199
桃園市桃園區寶慶里13鄰大興西路二段200之2號十四樓,68,6800100,6800100-068,13鄰,大興西路,二段,,,,,200之2號十四樓,121.295284195399,25.0097421375338
桃園市桃園區寶慶里13鄰大興西路二段200之12號二樓,68,6800100,6800100-068,13鄰,大興西路,二段,,,,,200之12號二樓,121.295656537931,25.0099557294628
桃園市桃園區寶慶里13鄰大興西路二段200之10號七樓,68,6800100,6800100-068,13鄰,大興西路,二段,,,,,200之10號七樓,121.295640499558,25.0098779374613
桃園市桃園區寶慶里13鄰大興西路二段200之12號八樓,68,6800100,6800100-068,13鄰,大興西路,二段,,,,,200之12號八樓,121.295656537931,25.0099557294628
桃園市桃園區寶慶里13鄰大興西路二段200之12號十一樓,68,6800100,6800100-068,13鄰,大興西路,二段,,,,,200之12號十一樓,121.295656537931,25.0099557294628
桃園市桃園區寶慶里13鄰大興西路二段200之12號十二樓,68,6800100,6800100-068,13鄰,大興西路,二段,,,,,200之12號十二樓,121.295656537931,25.0099557294628
桃園市桃園區寶慶里13鄰大興西路二段200之12號十三樓,68,6800100,6800100-068,13鄰,大興西路,二段,,,,,200之12號十三樓,121.295656537931,25.0099557294628
桃園市桃園區寶慶里13鄰大興西路二段200之18號十三樓,68,6800100,6800100-068,13鄰,大興西路,二段,,,,,200之18號十三樓,121.295428456912,25.0098694208171
桃園市桃園區寶慶里13鄰大興西路二段200之12號三樓,68,6800100,6800100-068,13鄰,大興西路,二段,,,,,200之12號三樓,121.295656537931,25.0099557294628
桃園市桃園區寶慶里13鄰大興西路二段200之12號十樓,68,6800100,6800100-068,13鄰,大興西路,二段,,,,,200之12號十樓,121.295656537931,25.0099557294628
桃園市桃園區寶慶里13鄰大興西路二段200之16號五樓,68,6800100,6800100-068,13鄰,大興西路,二段,,,,,200之16號五樓,121.295508864788,25.0099348064753
桃園市桃園區寶慶里13鄰大興西路二段200之17號十四樓,68,6800100,6800100-068,13鄰,大興西路,二段,,,,,200之17號十四樓,121.295474012206,25.0099026447176
桃園市桃園區寶慶里13鄰大興西路二段200之17號三樓,68,6800100,6800100-068,13鄰,大興西路,二段,,,,,200之17號三樓,121.295474012206,25.0099026447176
桃園市桃園區寶慶里13鄰大興西路二段200之17號五樓,68,6800100,6800100-068,13鄰,大興西路,二段,,,,,200之17號五樓,121.295474012206,25.0099026447176
桃園市桃園區寶慶里13鄰大興西路二段200之12號五樓,68,6800100,6800100-068,13鄰,大興西路,二段,,,,,200之12號五樓,121.295656537931,25.0099557294628
桃園市桃園區寶慶里13鄰大興西路二段200之16號六樓,68,6800100,6800100-068,13鄰,大興西路,二段,,,,,200之16號六樓,121.295508864788,25.0099348064753
桃園市桃園區寶慶里13鄰大興西路二段200之17號六樓,68,6800100,6800100-068,13鄰,大興西路,二段,,,,,200之17號六樓,121.295474012206,25.0099026447176
桃園市桃園區寶慶里13鄰大興西路二段200之16號四樓,68,6800100,6800100-068,13鄰,大興西路,二段,,,,,200之16號四樓,121.295508864788,25.0099348064753
桃園市桃園區寶慶里13鄰大興西路二段200之17號四樓,68,6800100,6800100-068,13鄰,大興西路,二段,,,,,200之17號四樓,121.295474012206,25.0099026447176
桃園市桃園區寶慶里13鄰大興西路二段200之18號七樓,68,6800100,6800100-068,13鄰,大興西路,二段,,,,,200之18號七樓,121.295428456912,25.0098694208171
桃園市桃園區寶慶里13鄰大興西路二段200之8號三樓,68,6800100,6800100-068,13鄰,大興西路,二段,,,,,200之8號三樓,121.295565437611,25.0098108258741
桃園市桃園區寶慶里13鄰大興西路二段200之8號五樓,68,6800100,6800100-068,13鄰,大興西路,二段,,,,,200之8號五樓,121.295565437611,25.0098108258741
桃園市桃園區寶慶里13鄰大興西路二段200之10號十二樓,68,6800100,6800100-068,13鄰,大興西路,二段,,,,,200之10號十二樓,121.295640499558,25.0098779374613
桃園市桃園區寶慶里13鄰大興西路二段200之8號六樓,68,6800100,6800100-068,13鄰,大興西路,二段,,,,,200之8號六樓,121.295565437611,25.0098108258741
桃園市桃園區寶慶里13鄰大興西路二段200之17號七樓,68,6800100,6800100-068,13鄰,大興西路,二段,,,,,200之17號七樓,121.295474012206,25.0099026447176
桃園市桃園區寶慶里13鄰大興西路二段200之10號十三樓,68,6800100,6800100-068,13鄰,大興西路,二段,,,,,200之10號十三樓,121.295640499558,25.0098779374613
桃園市桃園區寶慶里13鄰大興西路二段200之17號九樓,68,6800100,6800100-068,13鄰,大興西路,二段,,,,,200之17號九樓,121.295474012206,25.0099026447176
桃園市桃園區寶慶里13鄰大興西路二段200之10號十四樓,68,6800100,6800100-068,13鄰,大興西路,二段,,,,,200之10號十四樓,121.295640499558,25.0098779374613
桃園市桃園區寶慶里13鄰大興西路二段200之8號四樓,68,6800100,6800100-068,13鄰,大興西路,二段,,,,,200之8號四樓,121.295565437611,25.0098108258741
桃園市桃園區寶慶里13鄰大興西路二段200之17號二樓,68,6800100,6800100-068,13鄰,大興西路,二段,,,,,200之17號二樓,121.295474012206,25.0099026447176
桃園市桃園區寶慶里13鄰大興西路二段200之10號十樓,68,6800100,6800100-068,13鄰,大興西路,二段,,,,,200之10號十樓,121.295640499558,25.0098779374613
桃園市桃園區寶慶里13鄰大興西路二段200之9號七樓,68,6800100,6800100-068,13鄰,大興西路,二段,,,,,200之9號七樓,121.295597324198,25.009845611711
桃園市桃園區寶慶里13鄰大興西路二段200之17號八樓,68,6800100,6800100-068,13鄰,大興西路,二段,,,,,200之17號八樓,121.295474012206,25.0099026447176
桃園市桃園區寶慶里13鄰大興西路二段200之9號九樓,68,6800100,6800100-068,13鄰,大興西路,二段,,,,,200之9號九樓,121.295597324198,25.009845611711
桃園市桃園區寶慶里13鄰大興西路二段200之17號十一樓,68,6800100,6800100-068,13鄰,大興西路,二段,,,,,200之17號十一樓,121.295474012206,25.0099026447176
桃園市桃園區寶慶里13鄰大興西路二段200之9號二樓,68,6800100,6800100-068,13鄰,大興西路,二段,,,,,200之9號二樓,121.295597324198,25.009845611711
桃園市桃園區寶慶里13鄰大興西路二段200之9號八樓,68,6800100,6800100-068,13鄰,大興西路,二段,,,,,200之9號八樓,121.295597324198,25.009845611711
桃園市桃園區寶慶里13鄰大興西路二段200之10號三樓,68,6800100,6800100-068,13鄰,大興西路,二段,,,,,200之10號三樓,121.295640499558,25.0098779374613
桃園市桃園區寶慶里13鄰大興西路二段200之9號十一樓,68,6800100,6800100-068,13鄰,大興西路,二段,,,,,200之9號十一樓,121.295597324198,25.009845611711
桃園市桃園區寶慶里13鄰大興西路二段200之15號十樓,68,6800100,6800100-068,13鄰,大興西路,二段,,,,,200之15號十樓,121.295546088933,25.0099643453068
桃園市桃園區寶慶里13鄰大興西路二段200之9號十三樓,68,6800100,6800100-068,13鄰,大興西路,二段,,,,,200之9號十三樓,121.295597324198,25.009845611711
桃園市桃園區寶慶里13鄰大興西路二段200之9號十四樓,68,6800100,6800100-068,13鄰,大興西路,二段,,,,,200之9號十四樓,121.295597324198,25.009845611711
桃園市桃園區寶慶里13鄰大興西路二段200之9號十樓,68,6800100,6800100-068,13鄰,大興西路,二段,,,,,200之9號十樓,121.295597324198,25.009845611711
桃園市桃園區寶慶里13鄰大興西路二段200之9號三樓,68,6800100,6800100-068,13鄰,大興西路,二段,,,,,200之9號三樓,121.295597324198,25.009845611711
桃園市桃園區寶慶里13鄰大興西路二段200之18號十樓,68,6800100,6800100-068,13鄰,大興西路,二段,,,,,200之18號十樓,121.295428456912,25.0098694208171
桃園市桃園區寶慶里13鄰大興西路二段200之18號三樓,68,6800100,6800100-068,13鄰,大興西路,二段,,,,,200之18號三樓,121.295428456912,25.0098694208171
桃園市桃園區寶慶里13鄰大興西路二段200之18號五樓,68,6800100,6800100-068,13鄰,大興西路,二段,,,,,200之18號五樓,121.295428456912,25.0098694208171
桃園市桃園區寶慶里13鄰大興西路二段200之18號六樓,68,6800100,6800100-068,13鄰,大興西路,二段,,,,,200之18號六樓,121.295428456912,25.0098694208171
桃園市桃園區寶慶里13鄰大興西路二段200之3號十四樓,68,6800100,6800100-068,13鄰,大興西路,二段,,,,,200之3號十四樓,121.295363456607,25.0096595518228
桃園市桃園區寶慶里13鄰大興西路二段200之9號五樓,68,6800100,6800100-068,13鄰,大興西路,二段,,,,,200之9號五樓,121.295597324198,25.009845611711
桃園市桃園區寶慶里13鄰大興西路二段200之2號二樓,68,6800100,6800100-068,13鄰,大興西路,二段,,,,,200之2號二樓,121.295284195399,25.0097421375338
桃園市桃園區寶慶里13鄰大興西路二段200之3號十樓,68,6800100,6800100-068,13鄰,大興西路,二段,,,,,200之3號十樓,121.295363456607,25.0096595518228
桃園市桃園區寶慶里13鄰大興西路二段200之2號八樓,68,6800100,6800100-068,13鄰,大興西路,二段,,,,,200之2號八樓,121.295284195399,25.0097421375338
桃園市桃園區寶慶里13鄰大興西路二段200之9號十二樓,68,6800100,6800100-068,13鄰,大興西路,二段,,,,,200之9號十二樓,121.295597324198,25.009845611711
桃園市桃園區寶慶里13鄰大興西路二段200之3號三樓,68,6800100,6800100-068,13鄰,大興西路,二段,,,,,200之3號三樓,121.295363456607,25.0096595518228
桃園市桃園區寶慶里13鄰大興西路二段200之2號十一樓,68,6800100,6800100-068,13鄰,大興西路,二段,,,,,200之2號十一樓,121.295284195399,25.0097421375338
桃園市桃園區寶慶里13鄰大興西路二段200之3號五樓,68,6800100,6800100-068,13鄰,大興西路,二段,,,,,200之3號五樓,121.295363456607,25.0096595518228
桃園市桃園區寶慶里13鄰大興西路二段200之2號十三樓,68,6800100,6800100-068,13鄰,大興西路,二段,,,,,200之2號十三樓,121.295284195399,25.0097421375338
桃園市桃園區寶慶里13鄰大興西路二段200號七樓,68,6800100,6800100-068,13鄰,大興西路,二段,,,,,200號七樓,121.295363213903,25.0098066232023
桃園市桃園區寶慶里13鄰大興西路二段200之3號六樓,68,6800100,6800100-068,13鄰,大興西路,二段,,,,,200之3號六樓,121.295363456607,25.0096595518228
桃園市桃園區寶慶里13鄰大興西路二段200之4號七樓,68,6800100,6800100-068,13鄰,大興西路,二段,,,,,200之4號七樓,121.295408108683,25.0096879925434
桃園市桃園區寶慶里13鄰大興西路二段200之9號六樓,68,6800100,6800100-068,13鄰,大興西路,二段,,,,,200之9號六樓,121.295597324198,25.009845611711
桃園市桃園區寶慶里13鄰大興西路二段200之18號四樓,68,6800100,6800100-068,13鄰,大興西路,二段,,,,,200之18號四樓,121.295428456912,25.0098694208171
桃園市桃園區寶慶里13鄰大興西路二段200之4號九樓,68,6800100,6800100-068,13鄰,大興西路,二段,,,,,200之4號九樓,121.295408108683,25.0096879925434
桃園市桃園區寶慶里13鄰大興西路二段200之9號四樓,68,6800100,6800100-068,13鄰,大興西路,二段,,,,,200之9號四樓,121.295597324198,25.009845611711
桃園市桃園區寶慶里13鄰大興西路二段200之4號二樓,68,6800100,6800100-068,13鄰,大興西路,二段,,,,,200之4號二樓,121.295408108683,25.0096879925434
桃園市桃園區寶慶里13鄰大興西路二段200之4號八樓,68,6800100,6800100-068,13鄰,大興西路,二段,,,,,200之4號八樓,121.295408108683,25.0096879925434
桃園市桃園區寶慶里13鄰大興西路二段200之3號八樓,68,6800100,6800100-068,13鄰,大興西路,二段,,,,,200之3號八樓,121.295363456607,25.0096595518228
桃園市桃園區寶慶里13鄰大興西路二段200之3號十二樓,68,6800100,6800100-068,13鄰,大興西路,二段,,,,,200之3號十二樓,121.295363456607,25.0096595518228
桃園市桃園區寶慶里13鄰大興西路二段200之3號十三樓,68,6800100,6800100-068,13鄰,大興西路,二段,,,,,200之3號十三樓,121.295363456607,25.0096595518228
桃園市桃園區寶慶里13鄰大興西路二段200之17號十樓,68,6800100,6800100-068,13鄰,大興西路,二段,,,,,200之17號十樓,121.295474012206,25.0099026447176
桃園市桃園區寶慶里13鄰大興西路二段200之3號十一樓,68,6800100,6800100-068,13鄰,大興西路,二段,,,,,200之3號十一樓,121.295363456607,25.0096595518228
桃園市桃園區寶慶里13鄰大興西路二段200之18號十一樓,68,6800100,6800100-068,13鄰,大興西路,二段,,,,,200之18號十一樓,121.295428456912,25.0098694208171
桃園市桃園區寶慶里13鄰大興西路二段200之18號十二樓,68,6800100,6800100-068,13鄰,大興西路,二段,,,,,200之18號十二樓,121.295428456912,25.0098694208171
桃園市桃園區寶慶里13鄰大興西路二段200之16號十二樓,68,6800100,6800100-068,13鄰,大興西路,二段,,,,,200之16號十二樓,121.295508864788,25.0099348064753
桃園市桃園區寶慶里13鄰大興西路二段200之10號六樓,68,6800100,6800100-068,13鄰,大興西路,二段,,,,,200之10號六樓,121.295640499558,25.0098779374613
桃園市桃園區寶慶里13鄰大興西路二段200之11號七樓,68,6800100,6800100-068,13鄰,大興西路,二段,,,,,200之11號七樓,121.295659417683,25.0099170826443
桃園市桃園區寶慶里13鄰大興西路二段200之16號十三樓,68,6800100,6800100-068,13鄰,大興西路,二段,,,,,200之16號十三樓,121.295508864788,25.0099348064753
桃園市桃園區寶慶里13鄰大興西路二段200之11號九樓,68,6800100,6800100-068,13鄰,大興西路,二段,,,,,200之11號九樓,121.295659417683,25.0099170826443
桃園市桃園區寶慶里13鄰大興西路二段200之16號十四樓,68,6800100,6800100-068,13鄰,大興西路,二段,,,,,200之16號十四樓,121.295508864788,25.0099348064753
桃園市桃園區寶慶里13鄰大興西路二段200之11號二樓,68,6800100,6800100-068,13鄰,大興西路,二段,,,,,200之11號二樓,121.295659417683,25.0099170826443
桃園市桃園區寶慶里13鄰大興西路二段200之16號十樓,68,6800100,6800100-068,13鄰,大興西路,二段,,,,,200之16號十樓,121.295508864788,25.0099348064753
桃園市桃園區寶慶里13鄰大興西路二段200之11號十一樓,68,6800100,6800100-068,13鄰,大興西路,二段,,,,,200之11號十一樓,121.295659417683,25.0099170826443
桃園市桃園區寶慶里13鄰大興西路二段200之16號三樓,68,6800100,6800100-068,13鄰,大興西路,二段,,,,,200之16號三樓,121.295508864788,25.0099348064753
桃園市桃園區寶慶里13鄰大興西路二段200之11號十二樓,68,6800100,6800100-068,13鄰,大興西路,二段,,,,,200之11號十二樓,121.295659417683,25.0099170826443
桃園市桃園區寶慶里13鄰大興西路二段200之3號九樓,68,6800100,6800100-068,13鄰,大興西路,二段,,,,,200之3號九樓,121.295363456607,25.0096595518228
桃園市桃園區寶慶里13鄰大興西路二段200之7號九樓,68,6800100,6800100-068,13鄰,大興西路,二段,,,,,200之7號九樓,121.295514024139,25.0097722869487
桃園市桃園區寶慶里13鄰大興西路二段200之7號二樓,68,6800100,6800100-068,13鄰,大興西路,二段,,,,,200之7號二樓,121.295514024139,25.0097722869487
桃園市桃園區寶慶里13鄰大興西路二段200之7號八樓,68,6800100,6800100-068,13鄰,大興西路,二段,,,,,200之7號八樓,121.295514024139,25.0097722869487
桃園市桃園區寶慶里13鄰大興西路二段200之11號十三樓,68,6800100,6800100-068,13鄰,大興西路,二段,,,,,200之11號十三樓,121.295659417683,25.0099170826443
桃園市桃園區寶慶里13鄰大興西路二段200之14號七樓,68,6800100,6800100-068,13鄰,大興西路,二段,,,,,200之14號七樓,121.29558569458,25.0099954142053
桃園市桃園區寶慶里13鄰大興西路二段200之11號十四樓,68,6800100,6800100-068,13鄰,大興西路,二段,,,,,200之11號十四樓,121.295659417683,25.0099170826443
桃園市桃園區寶慶里13鄰大興西路二段200之11號三樓,68,6800100,6800100-068,13鄰,大興西路,二段,,,,,200之11號三樓,121.295659417683,25.0099170826443
桃園市桃園區寶慶里13鄰大興西路二段200之11號五樓,68,6800100,6800100-068,13鄰,大興西路,二段,,,,,200之11號五樓,121.295659417683,25.0099170826443
桃園市桃園區寶慶里13鄰大興西路二段200之11號六樓,68,6800100,6800100-068,13鄰,大興西路,二段,,,,,200之11號六樓,121.295659417683,25.0099170826443
桃園市桃園區寶慶里13鄰大興西路二段200之11號四樓,68,6800100,6800100-068,13鄰,大興西路,二段,,,,,200之11號四樓,121.295659417683,25.0099170826443
桃園市桃園區寶慶里13鄰大興西路二段200之7號十一樓,68,6800100,6800100-068,13鄰,大興西路,二段,,,,,200之7號十一樓,121.295514024139,25.0097722869487
桃園市桃園區寶慶里13鄰大興西路二段200之12號七樓,68,6800100,6800100-068,13鄰,大興西路,二段,,,,,200之12號七樓,121.295656537931,25.0099557294628
桃園市桃園區寶慶里13鄰大興西路二段200之7號十二樓,68,6800100,6800100-068,13鄰,大興西路,二段,,,,,200之7號十二樓,121.295514024139,25.0097722869487
桃園市桃園區寶慶里13鄰大興西路二段200之7號十三樓,68,6800100,6800100-068,13鄰,大興西路,二段,,,,,200之7號十三樓,121.295514024139,25.0097722869487
桃園市桃園區寶慶里13鄰大興西路二段200之12號九樓,68,6800100,6800100-068,13鄰,大興西路,二段,,,,,200之12號九樓,121.295656537931,25.0099557294628
桃園市桃園區寶慶里13鄰大興西路二段200之7號十樓,68,6800100,6800100-068,13鄰,大興西路,二段,,,,,200之7號十樓,121.295514024139,25.0097722869487
桃園市桃園區寶慶里13鄰大興西路二段200之7號三樓,68,6800100,6800100-068,13鄰,大興西路,二段,,,,,200之7號三樓,121.295514024139,25.0097722869487
桃園市桃園區寶慶里13鄰大興西路二段200之7號五樓,68,6800100,6800100-068,13鄰,大興西路,二段,,,,,200之7號五樓,121.295514024139,25.0097722869487
桃園市桃園區寶慶里13鄰大興西路二段200之7號六樓,68,6800100,6800100-068,13鄰,大興西路,二段,,,,,200之7號六樓,121.295514024139,25.0097722869487
桃園市桃園區寶慶里13鄰大興西路二段200之7號四樓,68,6800100,6800100-068,13鄰,大興西路,二段,,,,,200之7號四樓,121.295514024139,25.0097722869487
桃園市桃園區寶慶里13鄰大興西路二段200之8號七樓,68,6800100,6800100-068,13鄰,大興西路,二段,,,,,200之8號七樓,121.295565437611,25.0098108258741
桃園市桃園區寶慶里13鄰大興西路二段200之8號九樓,68,6800100,6800100-068,13鄰,大興西路,二段,,,,,200之8號九樓,121.295565437611,25.0098108258741
桃園市桃園區寶慶里13鄰大興西路二段200之2號九樓,68,6800100,6800100-068,13鄰,大興西路,二段,,,,,200之2號九樓,121.295284195399,25.0097421375338
桃園市桃園區寶慶里13鄰大興西路二段200之8號二樓,68,6800100,6800100-068,13鄰,大興西路,二段,,,,,200之8號二樓,121.295565437611,25.0098108258741
桃園市桃園區寶慶里13鄰大興西路二段200之8號十一樓,68,6800100,6800100-068,13鄰,大興西路,二段,,,,,200之8號十一樓,121.295565437611,25.0098108258741
桃園市桃園區寶慶里13鄰大興西路二段200之8號十二樓,68,6800100,6800100-068,13鄰,大興西路,二段,,,,,200之8號十二樓,121.295565437611,25.0098108258741
桃園市桃園區寶慶里13鄰大興西路二段200之8號十三樓,68,6800100,6800100-068,13鄰,大興西路,二段,,,,,200之8號十三樓,121.295565437611,25.0098108258741
桃園市桃園區寶慶里13鄰大興西路二段200之8號十四樓,68,6800100,6800100-068,13鄰,大興西路,二段,,,,,200之8號十四樓,121.295565437611,25.0098108258741
桃園市桃園區寶慶里13鄰大興西路二段200之8號十樓,68,6800100,6800100-068,13鄰,大興西路,二段,,,,,200之8號十樓,121.295565437611,25.0098108258741
桃園市桃園區寶慶里13鄰大興西路二段200之3號四樓,68,6800100,6800100-068,13鄰,大興西路,二段,,,,,200之3號四樓,121.295363456607,25.0096595518228
桃園市桃園區寶慶里13鄰大興西路二段200之10號九樓,68,6800100,6800100-068,13鄰,大興西路,二段,,,,,200之10號九樓,121.295640499558,25.0098779374613
桃園市桃園區寶慶里13鄰大興西路二段200之10號二樓,68,6800100,6800100-068,13鄰,大興西路,二段,,,,,200之10號二樓,121.295640499558,25.0098779374613
桃園市桃園區寶慶里13鄰大興西路二段200之10號八樓,68,6800100,6800100-068,13鄰,大興西路,二段,,,,,200之10號八樓,121.295640499558,25.0098779374613
桃園市桃園區寶慶里13鄰大興西路二段200之10號十一樓,68,6800100,6800100-068,13鄰,大興西路,二段,,,,,200之10號十一樓,121.295640499558,25.0098779374613
桃園市桃園區寶慶里13鄰大興西路二段200之18號九樓,68,6800100,6800100-068,13鄰,大興西路,二段,,,,,200之18號九樓,121.295428456912,25.0098694208171
桃園市桃園區寶慶里13鄰大興西路二段200之18號二樓,68,6800100,6800100-068,13鄰,大興西路,二段,,,,,200之18號二樓,121.295428456912,25.0098694208171
桃園市桃園區寶慶里13鄰大興西路二段200之14號四樓,68,6800100,6800100-068,13鄰,大興西路,二段,,,,,200之14號四樓,121.29558569458,25.0099954142053
桃園市桃園區寶慶里13鄰大興西路二段200之2號十二樓,68,6800100,6800100-068,13鄰,大興西路,二段,,,,,200之2號十二樓,121.295284195399,25.0097421375338
桃園市桃園區寶慶里13鄰大興西路二段200之15號七樓,68,6800100,6800100-068,13鄰,大興西路,二段,,,,,200之15號七樓,121.295546088933,25.0099643453068
桃園市桃園區寶慶里13鄰大興西路二段200之15號九樓,68,6800100,6800100-068,13鄰,大興西路,二段,,,,,200之15號九樓,121.295546088933,25.0099643453068
桃園市桃園區寶慶里13鄰大興西路二段200之15號二樓,68,6800100,6800100-068,13鄰,大興西路,二段,,,,,200之15號二樓,121.295546088933,25.0099643453068
桃園市桃園區寶慶里13鄰大興西路二段200之18號十四樓,68,6800100,6800100-068,13鄰,大興西路,二段,,,,,200之18號十四樓,121.295428456912,25.0098694208171
桃園市桃園區寶慶里13鄰大興西路二段200之15號八樓,68,6800100,6800100-068,13鄰,大興西路,二段,,,,,200之15號八樓,121.295546088933,25.0099643453068
桃園市桃園區寶慶里13鄰大興西路二段200之15號十二樓,68,6800100,6800100-068,13鄰,大興西路,二段,,,,,200之15號十二樓,121.295546088933,25.0099643453068
桃園市桃園區寶慶里13鄰大興西路二段200之13號七樓,68,6800100,6800100-068,13鄰,大興西路,二段,,,,,200之13號七樓,121.29564196265,25.0100338531706
桃園市桃園區寶慶里13鄰大興西路二段200之15號十三樓,68,6800100,6800100-068,13鄰,大興西路,二段,,,,,200之15號十三樓,121.295546088933,25.0099643453068
桃園市桃園區寶慶里13鄰大興西路二段200之15號十四樓,68,6800100,6800100-068,13鄰,大興西路,二段,,,,,200之15號十四樓,121.295546088933,25.0099643453068
桃園市桃園區寶慶里13鄰大興西路二段200之5號十一樓,68,6800100,6800100-068,13鄰,大興西路,二段,,,,,200之5號十一樓,121.295447198528,25.0097105759097
桃園市桃園區寶慶里13鄰大興西路二段200之5號十二樓,68,6800100,6800100-068,13鄰,大興西路,二段,,,,,200之5號十二樓,121.295447198528,25.0097105759097
桃園市桃園區寶慶里13鄰大興西路二段200之5號十三樓,68,6800100,6800100-068,13鄰,大興西路,二段,,,,,200之5號十三樓,121.295447198528,25.0097105759097
桃園市桃園區寶慶里13鄰大興西路二段200之5號十四樓,68,6800100,6800100-068,13鄰,大興西路,二段,,,,,200之5號十四樓,121.295447198528,25.0097105759097
桃園市桃園區寶慶里13鄰大興西路二段200之5號十樓,68,6800100,6800100-068,13鄰,大興西路,二段,,,,,200之5號十樓,121.295447198528,25.0097105759097
桃園市桃園區寶慶里13鄰大興西路二段200之4號十二樓,68,6800100,6800100-068,13鄰,大興西路,二段,,,,,200之4號十二樓,121.295408108683,25.0096879925434
桃園市桃園區寶慶里13鄰大興西路二段200之5號三樓,68,6800100,6800100-068,13鄰,大興西路,二段,,,,,200之5號三樓,121.295447198528,25.0097105759097
桃園市桃園區寶慶里13鄰大興西路二段200之5號九樓,68,6800100,6800100-068,13鄰,大興西路,二段,,,,,200之5號九樓,121.295447198528,25.0097105759097
桃園市桃園區寶慶里13鄰大興西路二段200之5號六樓,68,6800100,6800100-068,13鄰,大興西路,二段,,,,,200之5號六樓,121.295447198528,25.0097105759097
桃園市桃園區寶慶里13鄰大興西路二段200之1號四樓,68,6800100,6800100-068,13鄰,大興西路,二段,,,,,200之1號四樓,121.29531934792,25.0097754724199
桃園市桃園區寶慶里13鄰大興西路二段200之5號四樓,68,6800100,6800100-068,13鄰,大興西路,二段,,,,,200之5號四樓,121.295447198528,25.0097105759097
桃園市桃園區寶慶里13鄰大興西路二段200之11號八樓,68,6800100,6800100-068,13鄰,大興西路,二段,,,,,200之11號八樓,121.295659417683,25.0099170826443
桃園市桃園區寶慶里13鄰大興西路二段200之15號十一樓,68,6800100,6800100-068,13鄰,大興西路,二段,,,,,200之15號十一樓,121.295546088933,25.0099643453068
桃園市桃園區寶慶里13鄰大興西路二段200之6號七樓,68,6800100,6800100-068,13鄰,大興西路,二段,,,,,200之6號七樓,121.295474438887,25.0097497045847
桃園市桃園區寶慶里13鄰大興西路二段200之11號十樓,68,6800100,6800100-068,13鄰,大興西路,二段,,,,,200之11號十樓,121.295659417683,25.0099170826443
桃園市桃園區寶慶里13鄰大興西路二段200之6號九樓,68,6800100,6800100-068,13鄰,大興西路,二段,,,,,200之6號九樓,121.295474438887,25.0097497045847
桃園市桃園區寶慶里13鄰大興西路二段200之6號二樓,68,6800100,6800100-068,13鄰,大興西路,二段,,,,,200之6號二樓,121.295474438887,25.0097497045847
桃園市桃園區寶慶里13鄰大興西路二段200之6號八樓,68,6800100,6800100-068,13鄰,大興西路,二段,,,,,200之6號八樓,121.295474438887,25.0097497045847
桃園市桃園區寶慶里13鄰大興西路二段200之6號十一樓,68,6800100,6800100-068,13鄰,大興西路,二段,,,,,200之6號十一樓,121.295474438887,25.0097497045847
桃園市桃園區寶慶里13鄰大興西路二段200之6號十二樓,68,6800100,6800100-068,13鄰,大興西路,二段,,,,,200之6號十二樓,121.295474438887,25.0097497045847
桃園市桃園區寶慶里13鄰大興西路二段200之6號十四樓,68,6800100,6800100-068,13鄰,大興西路,二段,,,,,200之6號十四樓,121.295474438887,25.0097497045847
桃園市桃園區寶慶里13鄰大興西路二段200之6號十樓,68,6800100,6800100-068,13鄰,大興西路,二段,,,,,200之6號十樓,121.295474438887,25.0097497045847
桃園市桃園區寶慶里13鄰大興西路二段200之6號三樓,68,6800100,6800100-068,13鄰,大興西路,二段,,,,,200之6號三樓,121.295474438887,25.0097497045847
桃園市桃園區寶慶里13鄰大興西路二段200之15號三樓,68,6800100,6800100-068,13鄰,大興西路,二段,,,,,200之15號三樓,121.295546088933,25.0099643453068
桃園市桃園區寶慶里13鄰大興西路二段200之6號五樓,68,6800100,6800100-068,13鄰,大興西路,二段,,,,,200之6號五樓,121.295474438887,25.0097497045847
桃園市桃園區寶慶里13鄰大興西路二段200之6號六樓,68,6800100,6800100-068,13鄰,大興西路,二段,,,,,200之6號六樓,121.295474438887,25.0097497045847
桃園市桃園區寶慶里13鄰大興西路二段200之15號五樓,68,6800100,6800100-068,13鄰,大興西路,二段,,,,,200之15號五樓,121.295546088933,25.0099643453068
桃園市桃園區寶慶里13鄰大興西路二段200之6號四樓,68,6800100,6800100-068,13鄰,大興西路,二段,,,,,200之6號四樓,121.295474438887,25.0097497045847
桃園市桃園區寶慶里13鄰大興西路二段200之15號六樓,68,6800100,6800100-068,13鄰,大興西路,二段,,,,,200之15號六樓,121.295546088933,25.0099643453068
桃園市桃園區寶慶里13鄰大興西路二段200之7號七樓,68,6800100,6800100-068,13鄰,大興西路,二段,,,,,200之7號七樓,121.295514024139,25.0097722869487
桃園市桃園區寶慶里13鄰大興西路二段200之15號四樓,68,6800100,6800100-068,13鄰,大興西路,二段,,,,,200之15號四樓,121.295546088933,25.0099643453068
桃園市桃園區寶慶里13鄰大興西路二段200之16號七樓,68,6800100,6800100-068,13鄰,大興西路,二段,,,,,200之16號七樓,121.295508864788,25.0099348064753
桃園市桃園區寶慶里13鄰大興西路二段200之16號九樓,68,6800100,6800100-068,13鄰,大興西路,二段,,,,,200之16號九樓,121.295508864788,25.0099348064753
桃園市桃園區寶慶里13鄰大興西路二段200之16號二樓,68,6800100,6800100-068,13鄰,大興西路,二段,,,,,200之16號二樓,121.295508864788,25.0099348064753
桃園市桃園區寶慶里13鄰大興西路二段200之16號八樓,68,6800100,6800100-068,13鄰,大興西路,二段,,,,,200之16號八樓,121.295508864788,25.0099348064753
桃園市桃園區寶慶里13鄰大興西路二段200之17號十二樓,68,6800100,6800100-068,13鄰,大興西路,二段,,,,,200之17號十二樓,121.295474012206,25.0099026447176
桃園市桃園區寶慶里13鄰大興西路二段200之18號八樓,68,6800100,6800100-068,13鄰,大興西路,二段,,,,,200之18號八樓,121.295428456912,25.0098694208171
桃園市桃園區寶慶里13鄰大興西路二段200之1號三樓,68,6800100,6800100-068,13鄰,大興西路,二段,,,,,200之1號三樓,121.29531934792,25.0097754724199
桃園市桃園區寶慶里13鄰大興西路二段200之2號三樓,68,6800100,6800100-068,13鄰,大興西路,二段,,,,,200之2號三樓,121.295284195399,25.0097421375338
桃園市桃園區寶慶里13鄰大興西路二段200之12號六樓,68,6800100,6800100-068,13鄰,大興西路,二段,,,,,200之12號六樓,121.295656537931,25.0099557294628
桃園市桃園區寶慶里13鄰大興西路二段200之1號五樓,68,6800100,6800100-068,13鄰,大興西路,二段,,,,,200之1號五樓,121.29531934792,25.0097754724199
桃園市桃園區寶慶里13鄰大興西路二段200之12號四樓,68,6800100,6800100-068,13鄰,大興西路,二段,,,,,200之12號四樓,121.295656537931,25.0099557294628
桃園市桃園區寶慶里13鄰大興西路二段200之1號六樓,68,6800100,6800100-068,13鄰,大興西路,二段,,,,,200之1號六樓,121.29531934792,25.0097754724199
桃園市桃園區寶慶里13鄰大興西路二段200之13號九樓,68,6800100,6800100-068,13鄰,大興西路,二段,,,,,200之13號九樓,121.29564196265,25.0100338531706
桃園市桃園區寶慶里13鄰大興西路二段200之2號七樓,68,6800100,6800100-068,13鄰,大興西路,二段,,,,,200之2號七樓,121.295284195399,25.0097421375338
桃園市桃園區寶慶里13鄰大興西路二段200之13號二樓,68,6800100,6800100-068,13鄰,大興西路,二段,,,,,200之13號二樓,121.29564196265,25.0100338531706
桃園市桃園區寶慶里13鄰大興西路二段200之13號八樓,68,6800100,6800100-068,13鄰,大興西路,二段,,,,,200之13號八樓,121.29564196265,25.0100338531706
桃園市桃園區寶慶里13鄰大興西路二段200之13號十一樓,68,6800100,6800100-068,13鄰,大興西路,二段,,,,,200之13號十一樓,121.29564196265,25.0100338531706
桃園市桃園區寶慶里13鄰大興西路二段200之13號十二樓,68,6800100,6800100-068,13鄰,大興西路,二段,,,,,200之13號十二樓,121.29564196265,25.0100338531706
桃園市桃園區寶慶里13鄰大興西路二段200之13號十三樓,68,6800100,6800100-068,13鄰,大興西路,二段,,,,,200之13號十三樓,121.29564196265,25.0100338531706
桃園市桃園區寶慶里13鄰大興西路二段200之13號十四樓,68,6800100,6800100-068,13鄰,大興西路,二段,,,,,200之13號十四樓,121.29564196265,25.0100338531706
桃園市桃園區寶慶里13鄰大興西路二段200之5號五樓,68,6800100,6800100-068,13鄰,大興西路,二段,,,,,200之5號五樓,121.295447198528,25.0097105759097
桃園市桃園區寶慶里13鄰大興西路二段200之13號十樓,68,6800100,6800100-068,13鄰,大興西路,二段,,,,,200之13號十樓,121.29564196265,25.0100338531706
桃園市桃園區寶慶里13鄰大興西路二段200之6號十三樓,68,6800100,6800100-068,13鄰,大興西路,二段,,,,,200之6號十三樓,121.295474438887,25.0097497045847
桃園市桃園區寶慶里13鄰大興西路二段200之13號三樓,68,6800100,6800100-068,13鄰,大興西路,二段,,,,,200之13號三樓,121.29564196265,25.0100338531706
桃園市桃園區寶慶里13鄰大興西路二段200之13號五樓,68,6800100,6800100-068,13鄰,大興西路,二段,,,,,200之13號五樓,121.29564196265,25.0100338531706
桃園市桃園區寶慶里13鄰大興西路二段200之12號十四樓,68,6800100,6800100-068,13鄰,大興西路,二段,,,,,200之12號十四樓,121.295656537931,25.0099557294628
桃園市桃園區寶慶里13鄰大興西路二段200之13號六樓,68,6800100,6800100-068,13鄰,大興西路,二段,,,,,200之13號六樓,121.29564196265,25.0100338531706
桃園市桃園區寶慶里13鄰大興西路二段200之13號四樓,68,6800100,6800100-068,13鄰,大興西路,二段,,,,,200之13號四樓,121.29564196265,25.0100338531706
桃園市桃園區寶慶里13鄰大興西路二段202號,68,6800100,6800100-068,13鄰,大興西路,二段,,,,,202號,121.295382099627,25.0097079967315
桃園市桃園區寶慶里13鄰大興西路二段204號,68,6800100,6800100-068,13鄰,大興西路,二段,,,,,204號,121.295337065283,25.009685425153
桃園市桃園區寶慶里13鄰大興西路二段206號,68,6800100,6800100-068,13鄰,大興西路,二段,,,,,206號,121.295307078494,25.0096164182543
桃園市桃園區寶慶里13鄰大興西路二段206之1號三樓,68,6800100,6800100-068,13鄰,大興西路,二段,,,,,206之1號三樓,121.295315859877,25.009974101795
桃園市桃園區寶慶里13鄰大興西路二段206之1號五樓,68,6800100,6800100-068,13鄰,大興西路,二段,,,,,206之1號五樓,121.295315859877,25.009974101795
桃園市桃園區寶慶里13鄰大興西路二段206之1號六樓,68,6800100,6800100-068,13鄰,大興西路,二段,,,,,206之1號六樓,121.295315859877,25.009974101795
桃園市桃園區寶慶里13鄰大興西路二段206之1號四樓,68,6800100,6800100-068,13鄰,大興西路,二段,,,,,206之1號四樓,121.295315859877,25.009974101795
桃園市桃園區寶慶里13鄰大興西路二段206之2號十二樓,68,6800100,6800100-068,13鄰,大興西路,二段,,,,,206之2號十二樓,121.295244765162,25.0099086975438
桃園市桃園區寶慶里13鄰大興西路二段206之2號七樓,68,6800100,6800100-068,13鄰,大興西路,二段,,,,,206之2號七樓,121.295244765162,25.0099086975438
桃園市桃園區寶慶里13鄰大興西路二段206之2號九樓,68,6800100,6800100-068,13鄰,大興西路,二段,,,,,206之2號九樓,121.295244765162,25.0099086975438
桃園市桃園區寶慶里13鄰大興西路二段206之2號二樓,68,6800100,6800100-068,13鄰,大興西路,二段,,,,,206之2號二樓,121.295244765162,25.0099086975438
桃園市桃園區寶慶里13鄰大興西路二段206之2號八樓,68,6800100,6800100-068,13鄰,大興西路,二段,,,,,206之2號八樓,121.295244765162,25.0099086975438
桃園市桃園區寶慶里13鄰大興西路二段206之2號十一樓,68,6800100,6800100-068,13鄰,大興西路,二段,,,,,206之2號十一樓,121.295244765162,25.0099086975438
桃園市桃園區寶慶里13鄰大興西路二段206之1號七樓,68,6800100,6800100-068,13鄰,大興西路,二段,,,,,206之1號七樓,121.295315859877,25.009974101795
桃園市桃園區寶慶里13鄰大興西路二段206之1號九樓,68,6800100,6800100-068,13鄰,大興西路,二段,,,,,206之1號九樓,121.295315859877,25.009974101795
桃園市桃園區寶慶里13鄰大興西路二段206之1號二樓,68,6800100,6800100-068,13鄰,大興西路,二段,,,,,206之1號二樓,121.295315859877,25.009974101795
桃園市桃園區寶慶里13鄰大興西路二段206之1號八樓,68,6800100,6800100-068,13鄰,大興西路,二段,,,,,206之1號八樓,121.295315859877,25.009974101795
桃園市桃園區寶慶里13鄰大興西路二段206之1號十一樓,68,6800100,6800100-068,13鄰,大興西路,二段,,,,,206之1號十一樓,121.295315859877,25.009974101795
桃園市桃園區寶慶里13鄰大興西路二段206之1號十二樓,68,6800100,6800100-068,13鄰,大興西路,二段,,,,,206之1號十二樓,121.295315859877,25.009974101795
桃園市桃園區寶慶里13鄰大興西路二段206之1號十三樓,68,6800100,6800100-068,13鄰,大興西路,二段,,,,,206之1號十三樓,121.295315859877,25.009974101795
桃園市桃園區寶慶里13鄰大興西路二段206之1號十樓,68,6800100,6800100-068,13鄰,大興西路,二段,,,,,206之1號十樓,121.295315859877,25.009974101795
桃園市桃園區寶慶里13鄰大興西路二段206之2號六樓,68,6800100,6800100-068,13鄰,大興西路,二段,,,,,206之2號六樓,121.295244765162,25.0099086975438
桃園市桃園區寶慶里13鄰大興西路二段206之2號十樓,68,6800100,6800100-068,13鄰,大興西路,二段,,,,,206之2號十樓,121.295244765162,25.0099086975438
桃園市桃園區寶慶里13鄰大興西路二段206之2號四樓,68,6800100,6800100-068,13鄰,大興西路,二段,,,,,206之2號四樓,121.295244765162,25.0099086975438
桃園市桃園區寶慶里13鄰大興西路二段206之2號三樓,68,6800100,6800100-068,13鄰,大興西路,二段,,,,,206之2號三樓,121.295244765162,25.0099086975438
桃園市桃園區寶慶里13鄰大興西路二段206之2號十三樓,68,6800100,6800100-068,13鄰,大興西路,二段,,,,,206之2號十三樓,121.295244765162,25.0099086975438
桃園市桃園區寶慶里13鄰大興西路二段206之2號五樓,68,6800100,6800100-068,13鄰,大興西路,二段,,,,,206之2號五樓,121.295244765162,25.0099086975438
桃園市桃園區新埔里1鄰大興西路一段32之1號,68,6800100,6800100-022,1鄰,大興西路,一段,,,,,32之1號,121.307399622744,25.015376336535
桃園市桃園區新埔里1鄰大興西路一段36之1號,68,6800100,6800100-022,1鄰,大興西路,一段,,,,,36之1號,121.307133863313,25.0152860612005
桃園市桃園區春日里10鄰大興西路一段2之3號,68,6800100,6800100-047,10鄰,大興西路,一段,,,,,2之3號,121.308926156862,25.0155371264589
桃園市桃園區春日里10鄰大興西路一段2之1號,68,6800100,6800100-047,10鄰,大興西路,一段,,,,,2之1號,121.308926156862,25.0155371264589
桃園市桃園區春日里10鄰大興西路一段2號,68,6800100,6800100-047,10鄰,大興西路,一段,,,,,2號,121.308926156862,25.0155371264589
桃園市桃園區春日里10鄰大興西路一段2之2號,68,6800100,6800100-047,10鄰,大興西路,一段,,,,,2之2號,121.308926156862,25.0155371264589
桃園市桃園區春日里10鄰大興西路一段2之4號,68,6800100,6800100-047,10鄰,大興西路,一段,,,,,2之4號,121.308926156862,25.0155371264589
桃園市桃園區春日里10鄰大興西路一段4之2號,68,6800100,6800100-047,10鄰,大興西路,一段,,,,,4之2號,121.308874588624,25.0155185450488
桃園市桃園區春日里10鄰大興西路一段4之4號,68,6800100,6800100-047,10鄰,大興西路,一段,,,,,4之4號,121.308874588624,25.0155185450488
桃園市桃園區春日里10鄰大興西路一段4號,68,6800100,6800100-047,10鄰,大興西路,一段,,,,,4號,121.308874588624,25.0155185450488
桃園市桃園區春日里10鄰大興西路一段4之5號,68,6800100,6800100-047,10鄰,大興西路,一段,,,,,4之5號,121.308874588624,25.0155185450488
桃園市桃園區春日里10鄰大興西路一段4之1號,68,6800100,6800100-047,10鄰,大興西路,一段,,,,,4之1號,121.308874588624,25.0155185450488
桃園市桃園區春日里10鄰大興西路一段4之3號,68,6800100,6800100-047,10鄰,大興西路,一段,,,,,4之3號,121.308874588624,25.0155185450488
桃園市桃園區春日里10鄰大興西路一段6之1號,68,6800100,6800100-047,10鄰,大興西路,一段,,,,,6之1號,121.308787397983,25.0155185455716
桃園市桃園區春日里10鄰大興西路一段6之2號,68,6800100,6800100-047,10鄰,大興西路,一段,,,,,6之2號,121.308787397983,25.0155185455716
桃園市桃園區春日里10鄰大興西路一段6之3號,68,6800100,6800100-047,10鄰,大興西路,一段,,,,,6之3號,121.308787397983,25.0155185455716
桃園市桃園區春日里10鄰大興西路一段6號,68,6800100,6800100-047,10鄰,大興西路,一段,,,,,6號,121.308787397983,25.0155185455716
桃園市桃園區春日里10鄰大興西路一段6之4號,68,6800100,6800100-047,10鄰,大興西路,一段,,,,,6之4號,121.308787397983,25.0155185455716
桃園市桃園區春日里10鄰大興西路一段8之4號,68,6800100,6800100-047,10鄰,大興西路,一段,,,,,8之4號,121.308721671303,25.0155039659522
桃園市桃園區春日里10鄰大興西路一段8之2號,68,6800100,6800100-047,10鄰,大興西路,一段,,,,,8之2號,121.308721671303,25.0155039659522
桃園市桃園區春日里10鄰大興西路一段8號,68,6800100,6800100-047,10鄰,大興西路,一段,,,,,8號,121.308721671303,25.0155039659522
桃園市桃園區春日里10鄰大興西路一段8之3號,68,6800100,6800100-047,10鄰,大興西路,一段,,,,,8之3號,121.308721671303,25.0155039659522
桃園市桃園區春日里10鄰大興西路一段8之1號,68,6800100,6800100-047,10鄰,大興西路,一段,,,,,8之1號,121.308721671303,25.0155039659522
桃園市桃園區經國里14鄰大興西路一段35號,68,6800100,6800100-000,14鄰,大興西路,一段,,,,,35號,121.307288873325,25.014947360999
桃園市桃園區經國里14鄰大興西路一段37號,68,6800100,6800100-000,14鄰,大興西路,一段,,,,,37號,121.307187888608,25.0148985460876
桃園市桃園區經國里14鄰大興西路一段41號,68,6800100,6800100-000,14鄰,大興西路,一段,,,,,41號,121.30707276741,25.0149422098949
桃園市桃園區經國里14鄰大興西路一段43號,68,6800100,6800100-000,14鄰,大興西路,一段,,,,,43號,121.307013637488,25.0149505477258
桃園市桃園區經國里14鄰大興西路一段45號,68,6800100,6800100-000,14鄰,大興西路,一段,,,,,45號,121.306954027165,25.0148852157536
桃園市桃園區經國里14鄰大興西路一段49號,68,6800100,6800100-000,14鄰,大興西路,一段,,,,,49號,121.306813971562,25.0149424732516
桃園市桃園區經國里11鄰大興西路一段112號,68,6800100,6800100-000,11鄰,大興西路,一段,,,,,112號,121.305747551032,25.0149726574718
桃園市桃園區經國里11鄰大興西路一段116號,68,6800100,6800100-000,11鄰,大興西路,一段,,,,,116號,121.305179298805,25.0150810807863
桃園市桃園區經國里11鄰大興西路一段118號,68,6800100,6800100-000,11鄰,大興西路,一段,,,,,118號,121.305480023522,25.0148477141949
桃園市桃園區經國里11鄰大興西路一段120號,68,6800100,6800100-000,11鄰,大興西路,一段,,,,,120號,121.305399476035,25.0148094191655
桃園市桃園區經國里11鄰大興西路一段122號,68,6800100,6800100-000,11鄰,大興西路,一段,,,,,122號,121.305324290929,25.0147759883536
桃園市桃園區經國里11鄰大興西路一段126號,68,6800100,6800100-000,11鄰,大興西路,一段,,,,,126號,121.305249114569,25.0147460785152
桃園市桃園區經國里11鄰大興西路一段128號,68,6800100,6800100-000,11鄰,大興西路,一段,,,,,128號,121.305184431932,25.014712626072
桃園市桃園區經國里11鄰大興西路一段130號,68,6800100,6800100-000,11鄰,大興西路,一段,,,,,130號,121.305102599718,25.0146755974759
桃園市桃園區經國里2鄰大興西路一段143號,68,6800100,6800100-000,2鄰,大興西路,一段,,,,,143號,121.305714636649,25.0145244709605
桃園市桃園區經國里2鄰大興西路一段143號二樓,68,6800100,6800100-000,2鄰,大興西路,一段,,,,,143號二樓,121.305714636649,25.0145244709605
桃園市桃園區經國里2鄰大興西路一段143號三樓,68,6800100,6800100-000,2鄰,大興西路,一段,,,,,143號三樓,121.305714636649,25.0145244709605
桃園市桃園區經國里2鄰大興西路一段143號四樓,68,6800100,6800100-000,2鄰,大興西路,一段,,,,,143號四樓,121.305714636649,25.0145244709605
桃園市桃園區經國里2鄰大興西路一段149號,68,6800100,6800100-000,2鄰,大興西路,一段,,,,,149號,121.305589865226,25.0144721828251
桃園市桃園區經國里2鄰大興西路一段151巷1弄1號,68,6800100,6800100-000,2鄰,大興西路,一段,151巷,1弄,,,1號,121.30561354059,25.0142701714964
桃園市桃園區經國里2鄰大興西路一段151巷1弄2號,68,6800100,6800100-000,2鄰,大興西路,一段,151巷,1弄,,,2號,121.305682772034,25.0141400219293
桃園市桃園區經國里2鄰大興西路一段151巷1弄3號,68,6800100,6800100-000,2鄰,大興西路,一段,151巷,1弄,,,3號,121.305660350926,25.0142883124141
桃園市桃園區經國里2鄰大興西路一段151巷1弄4號,68,6800100,6800100-000,2鄰,大興西路,一段,151巷,1弄,,,4號,121.305725128707,25.0141601582045
桃園市桃園區經國里2鄰大興西路一段151巷1弄5號,68,6800100,6800100-000,2鄰,大興西路,一段,151巷,1弄,,,5號,121.305722344031,25.0143159920818
桃園市桃園區經國里2鄰大興西路一段151巷1弄6號,68,6800100,6800100-000,2鄰,大興西路,一段,151巷,1弄,,,6號,121.305767480475,25.0141783082555
桃園市桃園區經國里2鄰大興西路一段151巷1弄7號,68,6800100,6800100-000,2鄰,大興西路,一段,151巷,1弄,,,7號,121.305769277849,25.0143439735385
桃園市桃園區經國里2鄰大興西路一段151巷1弄8號,68,6800100,6800100-000,2鄰,大興西路,一段,151巷,1弄,,,8號,121.305821521756,25.0141957119914
桃園市桃園區經國里2鄰大興西路一段151巷2弄1號,68,6800100,6800100-000,2鄰,大興西路,一段,151巷,2弄,,,1號,121.305578778835,25.0141161301543
桃園市桃園區經國里2鄰大興西路一段151巷2弄2號,68,6800100,6800100-000,2鄰,大興西路,一段,151巷,2弄,,,2號,121.305502410495,25.0142450303773
桃園市桃園區經國里2鄰大興西路一段151巷2弄3號,68,6800100,6800100-000,2鄰,大興西路,一段,151巷,2弄,,,3號,121.305536226054,25.0140968067854
桃園市桃園區經國里2鄰大興西路一段151巷2弄4號,68,6800100,6800100-000,2鄰,大興西路,一段,151巷,2弄,,,4號,121.305463228146,25.0142264223262
桃園市桃園區經國里2鄰大興西路一段151巷2弄5號,68,6800100,6800100-000,2鄰,大興西路,一段,151巷,2弄,,,5號,121.305493574208,25.0140774836076
桃園市桃園區經國里2鄰大興西路一段151巷2弄6號,68,6800100,6800100-000,2鄰,大興西路,一段,151巷,2弄,,,6號,121.305420380118,25.0142079120764
桃園市桃園區經國里2鄰大興西路一段151巷2弄7號,68,6800100,6800100-000,2鄰,大興西路,一段,151巷,2弄,,,7號,121.305456272844,25.0140582397098
桃園市桃園區經國里2鄰大興西路一段151巷2弄8號,68,6800100,6800100-000,2鄰,大興西路,一段,151巷,2弄,,,8號,121.305381292852,25.0141876787173
桃園市桃園區經國里2鄰大興西路一段151巷2弄9號,68,6800100,6800100-000,2鄰,大興西路,一段,151巷,2弄,,,9號,121.305411944726,25.0140421701334
桃園市桃園區經國里2鄰大興西路一段151巷2弄10號,68,6800100,6800100-000,2鄰,大興西路,一段,151巷,2弄,,,10號,121.305340327122,25.0141690742958
桃園市桃園區經國里2鄰大興西路一段151巷2弄11號,68,6800100,6800100-000,2鄰,大興西路,一段,151巷,2弄,,,11號,121.305371072313,25.0140212181745
桃園市桃園區經國里2鄰大興西路一段151巷2弄12號,68,6800100,6800100-000,2鄰,大興西路,一段,151巷,2弄,,,12號,121.305297479133,25.0141505640102
桃園市桃園區經國里2鄰大興西路一段151巷2弄13號,68,6800100,6800100-000,2鄰,大興西路,一段,151巷,2弄,,,13號,121.305328515802,25.014000359945
桃園市桃園區經國里2鄰大興西路一段151巷2弄14號,68,6800100,6800100-000,2鄰,大興西路,一段,151巷,2弄,,,14號,121.305258391905,25.0141303306182
桃園市桃園區經國里2鄰大興西路一段151巷2弄15號,68,6800100,6800100-000,2鄰,大興西路,一段,151巷,2弄,,,15號,121.305287655471,25.0139842832108
桃園市桃園區經國里2鄰大興西路一段151巷2弄16號,68,6800100,6800100-000,2鄰,大興西路,一段,151巷,2弄,,,16號,121.305215547958,25.0141134453913
桃園市桃園區經國里2鄰大興西路一段151巷2弄17號,68,6800100,6800100-000,2鄰,大興西路,一段,151巷,2弄,,,17號,121.305246787116,25.0139649562999
桃園市桃園區經國里2鄰大興西路一段151巷2弄18號,68,6800100,6800100-000,2鄰,大興西路,一段,151巷,2弄,,,18號,121.305176464994,25.0140949273425
桃園市桃園區經國里2鄰大興西路一段151巷2弄19號,68,6800100,6800100-000,2鄰,大興西路,一段,151巷,2弄,,,19號,121.305206010041,25.0139424692912
桃園市桃園區經國里2鄰大興西路一段151巷2弄20號,68,6800100,6800100-000,2鄰,大興西路,一段,151巷,2弄,,,20號,121.30513549531,25.0140746977811
桃園市桃園區經國里2鄰大興西路一段151巷3弄1號,68,6800100,6800100-000,2鄰,大興西路,一段,151巷,3弄,,,1號,121.305771021278,25.0140077567196
桃園市桃園區經國里2鄰大興西路一段151巷3弄2號,68,6800100,6800100-000,2鄰,大興西路,一段,151巷,3弄,,,2號,121.305860166066,25.0138771147054
桃園市桃園區經國里2鄰大興西路一段151巷3弄3號,68,6800100,6800100-000,2鄰,大興西路,一段,151巷,3弄,,,3號,121.305820021105,25.0140298655303
桃園市桃園區經國里2鄰大興西路一段151巷3弄4號,68,6800100,6800100-000,2鄰,大興西路,一段,151巷,3弄,,,4號,121.305933668666,25.0139114515431
桃園市桃園區經國里2鄰大興西路一段151巷3弄5號,68,6800100,6800100-000,2鄰,大興西路,一段,151巷,3弄,,,5號,121.305871299981,25.0140520599197
桃園市桃園區經國里2鄰大興西路一段151巷3弄7號,68,6800100,6800100-000,2鄰,大興西路,一段,151巷,3弄,,,7號,121.305920300066,25.0140742589793
桃園市桃園區經國里2鄰大興西路一段151巷4弄1號,68,6800100,6800100-000,2鄰,大興西路,一段,151巷,4弄,,,1號,121.30572184385,25.0138338828258
桃園市桃園區經國里2鄰大興西路一段151巷4弄2號,68,6800100,6800100-000,2鄰,大興西路,一段,151巷,4弄,,,2號,121.305652544825,25.0139766721495
桃園市桃園區經國里2鄰大興西路一段151巷4弄3號,68,6800100,6800100-000,2鄰,大興西路,一段,151巷,4弄,,,3號,121.305670366264,25.0138114179433
桃園市桃園區經國里2鄰大興西路一段151巷4弄4號,68,6800100,6800100-000,2鄰,大興西路,一段,151巷,4弄,,,4號,121.305606718914,25.0139559110026
桃園市桃園區經國里2鄰大興西路一段151巷4弄5號,68,6800100,6800100-000,2鄰,大興西路,一段,151巷,4弄,,,5號,121.30560817214,25.0137824747036
桃園市桃園區經國里2鄰大興西路一段151巷4弄6號,68,6800100,6800100-000,2鄰,大興西路,一段,151巷,4弄,,,6號,121.305550372152,25.013927677985
桃園市桃園區經國里2鄰大興西路一段151巷4弄7號,68,6800100,6800100-000,2鄰,大興西路,一段,151巷,4弄,,,7號,121.305551435399,25.0137567704059
桃園市桃園區經國里2鄰大興西路一段151巷4弄8號,68,6800100,6800100-000,2鄰,大興西路,一段,151巷,4弄,,,8號,121.305505418771,25.0138991506904
桃園市桃園區經國里2鄰大興西路一段151巷4弄10號,68,6800100,6800100-000,2鄰,大興西路,一段,151巷,4弄,,,10號,121.305459415975,25.0138869667297
桃園市桃園區經國里2鄰大興西路一段151巷4弄12號,68,6800100,6800100-000,2鄰,大興西路,一段,151巷,4弄,,,12號,121.305401387176,25.0138596399383
桃園市桃園區經國里2鄰大興西路一段151巷4弄14號,68,6800100,6800100-000,2鄰,大興西路,一段,151巷,4弄,,,14號,121.305333405461,25.013814096429
桃園市桃園區經國里2鄰大興西路一段151巷5號,68,6800100,6800100-000,2鄰,大興西路,一段,151巷,,,,5號,121.30593628601,25.0137681673127
桃園市桃園區經國里2鄰大興西路一段151巷6號,68,6800100,6800100-000,2鄰,大興西路,一段,151巷,,,,6號,121.305747576421,25.0137025586872
桃園市桃園區經國里2鄰大興西路一段151巷7號,68,6800100,6800100-000,2鄰,大興西路,一段,151巷,,,,7號,121.30596182628,25.0137192717555
桃園市桃園區經國里2鄰大興西路一段151巷8號,68,6800100,6800100-000,2鄰,大興西路,一段,151巷,,,,8號,121.30576986282,25.0136599896503
桃園市桃園區經國里2鄰大興西路一段151巷9號,68,6800100,6800100-000,2鄰,大興西路,一段,151巷,,,,9號,121.305994280756,25.0136617850977
桃園市桃園區經國里2鄰大興西路一段151巷10號,68,6800100,6800100-000,2鄰,大興西路,一段,151巷,,,,10號,121.30582243048,25.0136025519532
桃園市桃園區經國里2鄰大興西路一段151巷11號,68,6800100,6800100-000,2鄰,大興西路,一段,151巷,,,,11號,121.30601992006,25.0136128893264
桃園市桃園區經國里2鄰大興西路一段151巷12號,68,6800100,6800100-000,2鄰,大興西路,一段,151巷,,,,12號,121.305864439662,25.0135624702585
桃園市桃園區經國里2鄰大興西路一段153號,68,6800100,6800100-000,2鄰,大興西路,一段,,,,,153號,121.305422353745,25.0143649098535
桃園市桃園區經國里2鄰大興西路一段161號,68,6800100,6800100-000,2鄰,大興西路,一段,,,,,161號,121.305296668796,25.0143036853455
桃園市桃園區經國里2鄰大興西路一段161號二樓,68,6800100,6800100-000,2鄰,大興西路,一段,,,,,161號二樓,121.305296668796,25.0143036853455
桃園市桃園區經國里2鄰大興西路一段161號三樓,68,6800100,6800100-000,2鄰,大興西路,一段,,,,,161號三樓,121.305296668796,25.0143036853455
桃園市桃園區經國里2鄰大興西路一段161號四樓,68,6800100,6800100-000,2鄰,大興西路,一段,,,,,161號四樓,121.305296668796,25.0143036853455
桃園市桃園區經國里2鄰大興西路一段161號五樓,68,6800100,6800100-000,2鄰,大興西路,一段,,,,,161號五樓,121.305296668796,25.0143036853455
桃園市桃園區經國里2鄰大興西路一段163號,68,6800100,6800100-000,2鄰,大興西路,一段,,,,,163號,121.305146969411,25.014267428071
桃園市桃園區經國里2鄰大興西路一段163號二樓,68,6800100,6800100-000,2鄰,大興西路,一段,,,,,163號二樓,121.305146969411,25.014267428071
桃園市桃園區經國里2鄰大興西路一段163號三樓,68,6800100,6800100-000,2鄰,大興西路,一段,,,,,163號三樓,121.305146969411,25.014267428071
桃園市桃園區經國里2鄰大興西路一段163號四樓,68,6800100,6800100-000,2鄰,大興西路,一段,,,,,163號四樓,121.305146969411,25.014267428071
桃園市桃園區經國里2鄰大興西路一段163號五樓,68,6800100,6800100-000,2鄰,大興西路,一段,,,,,163號五樓,121.305146969411,25.014267428071
桃園市桃園區經國里2鄰大興西路一段163號六樓,68,6800100,6800100-000,2鄰,大興西路,一段,,,,,163號六樓,121.305146969411,25.014267428071
桃園市桃園區經國里2鄰大興西路一段163號七樓,68,6800100,6800100-000,2鄰,大興西路,一段,,,,,163號七樓,121.305146969411,25.014267428071
桃園市桃園區經國里2鄰大興西路一段165號,68,6800100,6800100-000,2鄰,大興西路,一段,,,,,165號,121.304936111026,25.0141399298519
桃園市桃園區經國里11鄰大興西路一段166號地下室壹層,68,6800100,6800100-000,11鄰,大興西路,一段,,,,,166號地下室壹層,121.304971963708,25.0146557323882
桃園市桃園區經國里11鄰大興西路一段166號,68,6800100,6800100-000,11鄰,大興西路,一段,,,,,166號,121.304971963708,25.0146557323882
桃園市桃園區經國里11鄰大興西路一段166號十樓之1,68,6800100,6800100-000,11鄰,大興西路,一段,,,,,166號十樓之1,121.304971963708,25.0146557323882
桃園市桃園區經國里11鄰大興西路一段166號十樓之2,68,6800100,6800100-000,11鄰,大興西路,一段,,,,,166號十樓之2,121.304971963708,25.0146557323882
桃園市桃園區經國里11鄰大興西路一段166號十樓之3,68,6800100,6800100-000,11鄰,大興西路,一段,,,,,166號十樓之3,121.304971963708,25.0146557323882
桃園市桃園區經國里11鄰大興西路一段166號十樓之4,68,6800100,6800100-000,11鄰,大興西路,一段,,,,,166號十樓之4,121.304971963708,25.0146557323882
桃園市桃園區經國里11鄰大興西路一段166號二樓,68,6800100,6800100-000,11鄰,大興西路,一段,,,,,166號二樓,121.30496861248,25.0146226957484
桃園市桃園區經國里11鄰大興西路一段166號三樓,68,6800100,6800100-000,11鄰,大興西路,一段,,,,,166號三樓,121.30496861248,25.0146226957484
桃園市桃園區經國里11鄰大興西路一段166號四樓之1,68,6800100,6800100-000,11鄰,大興西路,一段,,,,,166號四樓之1,121.304971963708,25.0146557323882
桃園市桃園區經國里11鄰大興西路一段166號四樓之2,68,6800100,6800100-000,11鄰,大興西路,一段,,,,,166號四樓之2,121.304971963708,25.0146557323882
桃園市桃園區經國里11鄰大興西路一段166號四樓之3,68,6800100,6800100-000,11鄰,大興西路,一段,,,,,166號四樓之3,121.304971963708,25.0146557323882
桃園市桃園區經國里11鄰大興西路一段166號四樓之4,68,6800100,6800100-000,11鄰,大興西路,一段,,,,,166號四樓之4,121.304971963708,25.0146557323882
桃園市桃園區經國里11鄰大興西路一段166號六樓之1,68,6800100,6800100-000,11鄰,大興西路,一段,,,,,166號六樓之1,121.304971963708,25.0146557323882
桃園市桃園區經國里11鄰大興西路一段166號六樓之2,68,6800100,6800100-000,11鄰,大興西路,一段,,,,,166號六樓之2,121.304971963708,25.0146557323882
桃園市桃園區經國里11鄰大興西路一段166號六樓之3,68,6800100,6800100-000,11鄰,大興西路,一段,,,,,166號六樓之3,121.304971963708,25.0146557323882
桃園市桃園區經國里11鄰大興西路一段166號六樓之4,68,6800100,6800100-000,11鄰,大興西路,一段,,,,,166號六樓之4,121.304971963708,25.0146557323882
桃園市桃園區經國里11鄰大興西路一段166號八樓之1,68,6800100,6800100-000,11鄰,大興西路,一段,,,,,166號八樓之1,121.304971963708,25.0146557323882
桃園市桃園區經國里11鄰大興西路一段166號八樓之2,68,6800100,6800100-000,11鄰,大興西路,一段,,,,,166號八樓之2,121.304971963708,25.0146557323882
桃園市桃園區經國里11鄰大興西路一段166號八樓之3,68,6800100,6800100-000,11鄰,大興西路,一段,,,,,166號八樓之3,121.304971963708,25.0146557323882
桃園市桃園區經國里11鄰大興西路一段166號十二樓之1,68,6800100,6800100-000,11鄰,大興西路,一段,,,,,166號十二樓之1,121.304971963708,25.0146557323882
桃園市桃園區經國里11鄰大興西路一段166號十二樓之2,68,6800100,6800100-000,11鄰,大興西路,一段,,,,,166號十二樓之2,121.304971963708,25.0146557323882
桃園市桃園區經國里11鄰大興西路一段166號十二樓之3,68,6800100,6800100-000,11鄰,大興西路,一段,,,,,166號十二樓之3,121.304971963708,25.0146557323882
桃園市桃園區經國里11鄰大興西路一段166號十二樓之4,68,6800100,6800100-000,11鄰,大興西路,一段,,,,,166號十二樓之4,121.304971963708,25.0146557323882
桃園市桃園區經國里11鄰大興西路一段166號十四樓之1,68,6800100,6800100-000,11鄰,大興西路,一段,,,,,166號十四樓之1,121.304971963708,25.0146557323882
桃園市桃園區經國里11鄰大興西路一段166號十四樓之2,68,6800100,6800100-000,11鄰,大興西路,一段,,,,,166號十四樓之2,121.304971963708,25.0146557323882
桃園市桃園區經國里11鄰大興西路一段166號十六樓之1,68,6800100,6800100-000,11鄰,大興西路,一段,,,,,166號十六樓之1,121.304971963708,25.0146557323882
桃園市桃園區經國里11鄰大興西路一段166號十六樓之2,68,6800100,6800100-000,11鄰,大興西路,一段,,,,,166號十六樓之2,121.304971963708,25.0146557323882
桃園市桃園區經國里11鄰大興西路一段166號十八樓,68,6800100,6800100-000,11鄰,大興西路,一段,,,,,166號十八樓,121.304971963708,25.0146557323882
桃園市桃園區經國里11鄰大興西路一段168號,68,6800100,6800100-000,11鄰,大興西路,一段,,,,,168號,121.304831957577,25.0145727787007
桃園市桃園區經國里11鄰大興西路一段168號地下室壹層,68,6800100,6800100-000,11鄰,大興西路,一段,,,,,168號地下室壹層,121.304831957577,25.0145727787007
桃園市桃園區經國里11鄰大興西路一段168號十樓之1,68,6800100,6800100-000,11鄰,大興西路,一段,,,,,168號十樓之1,121.304831957577,25.0145727787007
桃園市桃園區經國里11鄰大興西路一段168號十樓之2,68,6800100,6800100-000,11鄰,大興西路,一段,,,,,168號十樓之2,121.304831957577,25.0145727787007
桃園市桃園區經國里11鄰大興西路一段168號十樓之3,68,6800100,6800100-000,11鄰,大興西路,一段,,,,,168號十樓之3,121.304831957577,25.0145727787007
桃園市桃園區經國里11鄰大興西路一段168號十樓之4,68,6800100,6800100-000,11鄰,大興西路,一段,,,,,168號十樓之4,121.304831957577,25.0145727787007
桃園市桃園區經國里11鄰大興西路一段168號二樓,68,6800100,6800100-000,11鄰,大興西路,一段,,,,,168號二樓,121.304796460536,25.0145620175256
桃園市桃園區經國里11鄰大興西路一段168號三樓,68,6800100,6800100-000,11鄰,大興西路,一段,,,,,168號三樓,121.304796460536,25.0145620175256
桃園市桃園區經國里11鄰大興西路一段168號四樓之1,68,6800100,6800100-000,11鄰,大興西路,一段,,,,,168號四樓之1,121.304831957577,25.0145727787007
桃園市桃園區經國里11鄰大興西路一段168號四樓之2,68,6800100,6800100-000,11鄰,大興西路,一段,,,,,168號四樓之2,121.304831957577,25.0145727787007
桃園市桃園區經國里11鄰大興西路一段168號四樓之3,68,6800100,6800100-000,11鄰,大興西路,一段,,,,,168號四樓之3,121.304831957577,25.0145727787007
桃園市桃園區經國里11鄰大興西路一段168號四樓之4,68,6800100,6800100-000,11鄰,大興西路,一段,,,,,168號四樓之4,121.304831957577,25.0145727787007
桃園市桃園區經國里11鄰大興西路一段168號六樓之1,68,6800100,6800100-000,11鄰,大興西路,一段,,,,,168號六樓之1,121.304831957577,25.0145727787007
桃園市桃園區經國里11鄰大興西路一段168號六樓之2,68,6800100,6800100-000,11鄰,大興西路,一段,,,,,168號六樓之2,121.304831957577,25.0145727787007
桃園市桃園區經國里11鄰大興西路一段168號六樓之3,68,6800100,6800100-000,11鄰,大興西路,一段,,,,,168號六樓之3,121.304831957577,25.0145727787007
桃園市桃園區經國里11鄰大興西路一段168號八樓之1,68,6800100,6800100-000,11鄰,大興西路,一段,,,,,168號八樓之1,121.304831957577,25.0145727787007
桃園市桃園區經國里11鄰大興西路一段168號八樓之2,68,6800100,6800100-000,11鄰,大興西路,一段,,,,,168號八樓之2,121.304831957577,25.0145727787007
桃園市桃園區經國里11鄰大興西路一段168號八樓之3,68,6800100,6800100-000,11鄰,大興西路,一段,,,,,168號八樓之3,121.304831957577,25.0145727787007
桃園市桃園區經國里11鄰大興西路一段168號八樓之4,68,6800100,6800100-000,11鄰,大興西路,一段,,,,,168號八樓之4,121.304831957577,25.0145727787007
桃園市桃園區經國里11鄰大興西路一段168號十二樓之1,68,6800100,6800100-000,11鄰,大興西路,一段,,,,,168號十二樓之1,121.304831957577,25.0145727787007
桃園市桃園區經國里11鄰大興西路一段168號十二樓之2,68,6800100,6800100-000,11鄰,大興西路,一段,,,,,168號十二樓之2,121.304831957577,25.0145727787007
桃園市桃園區經國里11鄰大興西路一段168號十二樓之3,68,6800100,6800100-000,11鄰,大興西路,一段,,,,,168號十二樓之3,121.304831957577,25.0145727787007
桃園市桃園區經國里11鄰大興西路一段168號十二樓之4,68,6800100,6800100-000,11鄰,大興西路,一段,,,,,168號十二樓之4,121.304831957577,25.0145727787007
桃園市桃園區經國里11鄰大興西路一段168號十四樓之1,68,6800100,6800100-000,11鄰,大興西路,一段,,,,,168號十四樓之1,121.304831957577,25.0145727787007
桃園市桃園區經國里11鄰大興西路一段168號十四樓之2,68,6800100,6800100-000,11鄰,大興西路,一段,,,,,168號十四樓之2,121.304831957577,25.0145727787007
桃園市桃園區經國里11鄰大興西路一段168號十四樓之3,68,6800100,6800100-000,11鄰,大興西路,一段,,,,,168號十四樓之3,121.304831957577,25.0145727787007
桃園市桃園區經國里11鄰大興西路一段168號十四樓之4,68,6800100,6800100-000,11鄰,大興西路,一段,,,,,168號十四樓之4,121.304831957577,25.0145727787007
桃園市桃園區經國里11鄰大興西路一段168號十六樓之1,68,6800100,6800100-000,11鄰,大興西路,一段,,,,,168號十六樓之1,121.304831957577,25.0145727787007
桃園市桃園區經國里11鄰大興西路一段168號十六樓之2,68,6800100,6800100-000,11鄰,大興西路,一段,,,,,168號十六樓之2,121.304831957577,25.0145727787007
桃園市桃園區經國里11鄰大興西路一段168號十六樓之3,68,6800100,6800100-000,11鄰,大興西路,一段,,,,,168號十六樓之3,121.304831957577,25.0145727787007
桃園市桃園區經國里11鄰大興西路一段168號十八樓,68,6800100,6800100-000,11鄰,大興西路,一段,,,,,168號十八樓,121.304831957577,25.0145727787007
桃園市桃園區經國里2鄰大興西路一段175號,68,6800100,6800100-000,2鄰,大興西路,一段,,,,,175號,121.3046563367,25.0140297262744
桃園市桃園區經國里2鄰大興西路一段175號二樓之1,68,6800100,6800100-000,2鄰,大興西路,一段,,,,,175號二樓之1,121.3046563367,25.0140297262744
桃園市桃園區經國里2鄰大興西路一段175號二樓之2,68,6800100,6800100-000,2鄰,大興西路,一段,,,,,175號二樓之2,121.3046563367,25.0140297262744
桃園市桃園區經國里2鄰大興西路一段175號二樓之3,68,6800100,6800100-000,2鄰,大興西路,一段,,,,,175號二樓之3,121.3046563367,25.0140297262744
桃園市桃園區經國里2鄰大興西路一段177號,68,6800100,6800100-000,2鄰,大興西路,一段,,,,,177號,121.304610270271,25.0140318971514
桃園市桃園區經國里3鄰大興西路一段178號,68,6800100,6800100-000,3鄰,大興西路,一段,,,,,178號,121.304544789926,25.0143978572953
桃園市桃園區經國里3鄰大興西路一段178號十樓之1,68,6800100,6800100-000,3鄰,大興西路,一段,,,,,178號十樓之1,121.304544789926,25.0143978572953
桃園市桃園區經國里3鄰大興西路一段178號十樓之2,68,6800100,6800100-000,3鄰,大興西路,一段,,,,,178號十樓之2,121.304544789926,25.0143978572953
桃園市桃園區經國里3鄰大興西路一段178號三樓之1,68,6800100,6800100-000,3鄰,大興西路,一段,,,,,178號三樓之1,121.304544789926,25.0143978572953
桃園市桃園區經國里3鄰大興西路一段178號三樓之2,68,6800100,6800100-000,3鄰,大興西路,一段,,,,,178號三樓之2,121.304544789926,25.0143978572953
桃園市桃園區經國里3鄰大興西路一段178號四樓之1,68,6800100,6800100-000,3鄰,大興西路,一段,,,,,178號四樓之1,121.304544789926,25.0143978572953
桃園市桃園區經國里3鄰大興西路一段178號四樓之2,68,6800100,6800100-000,3鄰,大興西路,一段,,,,,178號四樓之2,121.304544789926,25.0143978572953
桃園市桃園區經國里3鄰大興西路一段178號五樓之1,68,6800100,6800100-000,3鄰,大興西路,一段,,,,,178號五樓之1,121.304544789926,25.0143978572953
桃園市桃園區經國里3鄰大興西路一段178號五樓之2,68,6800100,6800100-000,3鄰,大興西路,一段,,,,,178號五樓之2,121.304544789926,25.0143978572953
桃園市桃園區經國里3鄰大興西路一段178號六樓之1,68,6800100,6800100-000,3鄰,大興西路,一段,,,,,178號六樓之1,121.304544789926,25.0143978572953
桃園市桃園區經國里3鄰大興西路一段178號六樓之2,68,6800100,6800100-000,3鄰,大興西路,一段,,,,,178號六樓之2,121.304544789926,25.0143978572953
桃園市桃園區經國里3鄰大興西路一段178號七樓之1,68,6800100,6800100-000,3鄰,大興西路,一段,,,,,178號七樓之1,121.304544789926,25.0143978572953
桃園市桃園區經國里3鄰大興西路一段178號七樓之2,68,6800100,6800100-000,3鄰,大興西路,一段,,,,,178號七樓之2,121.304544789926,25.0143978572953
桃園市桃園區經國里3鄰大興西路一段178號八樓之1,68,6800100,6800100-000,3鄰,大興西路,一段,,,,,178號八樓之1,121.304544789926,25.0143978572953
桃園市桃園區經國里3鄰大興西路一段178號八樓之2,68,6800100,6800100-000,3鄰,大興西路,一段,,,,,178號八樓之2,121.304544789926,25.0143978572953
桃園市桃園區經國里3鄰大興西路一段178號九樓之1,68,6800100,6800100-000,3鄰,大興西路,一段,,,,,178號九樓之1,121.304544789926,25.0143978572953
桃園市桃園區經國里3鄰大興西路一段178號九樓之2,68,6800100,6800100-000,3鄰,大興西路,一段,,,,,178號九樓之2,121.304544789926,25.0143978572953
桃園市桃園區經國里3鄰大興西路一段178號十一樓之1,68,6800100,6800100-000,3鄰,大興西路,一段,,,,,178號十一樓之1,121.304544789926,25.0143978572953
桃園市桃園區經國里3鄰大興西路一段178號十一樓之2,68,6800100,6800100-000,3鄰,大興西路,一段,,,,,178號十一樓之2,121.304544789926,25.0143978572953
桃園市桃園區經國里3鄰大興西路一段178號十二樓之1,68,6800100,6800100-000,3鄰,大興西路,一段,,,,,178號十二樓之1,121.304544789926,25.0143978572953
桃園市桃園區經國里3鄰大興西路一段178號十二樓之2,68,6800100,6800100-000,3鄰,大興西路,一段,,,,,178號十二樓之2,121.304544789926,25.0143978572953
桃園市桃園區經國里3鄰大興西路一段178號十三樓之1,68,6800100,6800100-000,3鄰,大興西路,一段,,,,,178號十三樓之1,121.304544789926,25.0143978572953
桃園市桃園區經國里3鄰大興西路一段178號十三樓之2,68,6800100,6800100-000,3鄰,大興西路,一段,,,,,178號十三樓之2,121.304544789926,25.0143978572953
桃園市桃園區經國里3鄰大興西路一段178號十四樓之1,68,6800100,6800100-000,3鄰,大興西路,一段,,,,,178號十四樓之1,121.304544789926,25.0143978572953
桃園市桃園區經國里3鄰大興西路一段178號十四樓之2,68,6800100,6800100-000,3鄰,大興西路,一段,,,,,178號十四樓之2,121.304544789926,25.0143978572953
桃園市桃園區經國里2鄰大興西路一段179之1號,68,6800100,6800100-000,2鄰,大興西路,一段,,,,,179之1號,121.304514298943,25.0140064533887
桃園市桃園區經國里2鄰大興西路一段179號,68,6800100,6800100-000,2鄰,大興西路,一段,,,,,179號,121.304564981326,25.0140279271893
桃園市桃園區經國里3鄰大興西路一段180號,68,6800100,6800100-000,3鄰,大興西路,一段,,,,,180號,121.304419452467,25.0143568546851
桃園市桃園區經國里3鄰大興西路一段182號,68,6800100,6800100-000,3鄰,大興西路,一段,,,,,182號,121.304301672228,25.0143268510088
桃園市桃園區經國里3鄰大興西路一段182號十樓之1,68,6800100,6800100-000,3鄰,大興西路,一段,,,,,182號十樓之1,121.304301672228,25.0143268510088
桃園市桃園區經國里3鄰大興西路一段182號十樓之2,68,6800100,6800100-000,3鄰,大興西路,一段,,,,,182號十樓之2,121.304301672228,25.0143268510088
桃園市桃園區經國里3鄰大興西路一段182號三樓之1,68,6800100,6800100-000,3鄰,大興西路,一段,,,,,182號三樓之1,121.304301672228,25.0143268510088
桃園市桃園區經國里3鄰大興西路一段182號三樓之2,68,6800100,6800100-000,3鄰,大興西路,一段,,,,,182號三樓之2,121.304301672228,25.0143268510088
桃園市桃園區經國里3鄰大興西路一段182號四樓之1,68,6800100,6800100-000,3鄰,大興西路,一段,,,,,182號四樓之1,121.304301672228,25.0143268510088
桃園市桃園區經國里3鄰大興西路一段182號四樓之2,68,6800100,6800100-000,3鄰,大興西路,一段,,,,,182號四樓之2,121.304301672228,25.0143268510088
桃園市桃園區經國里3鄰大興西路一段182號五樓之1,68,6800100,6800100-000,3鄰,大興西路,一段,,,,,182號五樓之1,121.304301672228,25.0143268510088
桃園市桃園區經國里3鄰大興西路一段182號五樓之2,68,6800100,6800100-000,3鄰,大興西路,一段,,,,,182號五樓之2,121.304301672228,25.0143268510088
桃園市桃園區經國里3鄰大興西路一段182號六樓之1,68,6800100,6800100-000,3鄰,大興西路,一段,,,,,182號六樓之1,121.304301672228,25.0143268510088
桃園市桃園區經國里3鄰大興西路一段182號六樓之2,68,6800100,6800100-000,3鄰,大興西路,一段,,,,,182號六樓之2,121.304301672228,25.0143268510088
桃園市桃園區經國里3鄰大興西路一段182號七樓之1,68,6800100,6800100-000,3鄰,大興西路,一段,,,,,182號七樓之1,121.304301672228,25.0143268510088
桃園市桃園區經國里3鄰大興西路一段182號七樓之2,68,6800100,6800100-000,3鄰,大興西路,一段,,,,,182號七樓之2,121.304301672228,25.0143268510088
桃園市桃園區經國里3鄰大興西路一段182號八樓之1,68,6800100,6800100-000,3鄰,大興西路,一段,,,,,182號八樓之1,121.304301672228,25.0143268510088
桃園市桃園區經國里3鄰大興西路一段182號八樓之2,68,6800100,6800100-000,3鄰,大興西路,一段,,,,,182號八樓之2,121.304301672228,25.0143268510088
桃園市桃園區經國里3鄰大興西路一段182號九樓之1,68,6800100,6800100-000,3鄰,大興西路,一段,,,,,182號九樓之1,121.304301672228,25.0143268510088
桃園市桃園區經國里3鄰大興西路一段182號九樓之2,68,6800100,6800100-000,3鄰,大興西路,一段,,,,,182號九樓之2,121.304301672228,25.0143268510088
桃園市桃園區經國里3鄰大興西路一段182號十一樓之1,68,6800100,6800100-000,3鄰,大興西路,一段,,,,,182號十一樓之1,121.304301672228,25.0143268510088
桃園市桃園區經國里3鄰大興西路一段182號十一樓之2,68,6800100,6800100-000,3鄰,大興西路,一段,,,,,182號十一樓之2,121.304301672228,25.0143268510088
桃園市桃園區經國里3鄰大興西路一段182號十二樓之1,68,6800100,6800100-000,3鄰,大興西路,一段,,,,,182號十二樓之1,121.304301672228,25.0143268510088
桃園市桃園區經國里3鄰大興西路一段182號十二樓之2,68,6800100,6800100-000,3鄰,大興西路,一段,,,,,182號十二樓之2,121.304301672228,25.0143268510088
桃園市桃園區經國里3鄰大興西路一段182號十三樓之1,68,6800100,6800100-000,3鄰,大興西路,一段,,,,,182號十三樓之1,121.304301672228,25.0143268510088
桃園市桃園區經國里3鄰大興西路一段182號十三樓之2,68,6800100,6800100-000,3鄰,大興西路,一段,,,,,182號十三樓之2,121.304301672228,25.0143268510088
桃園市桃園區經國里3鄰大興西路一段182號十四樓之1,68,6800100,6800100-000,3鄰,大興西路,一段,,,,,182號十四樓之1,121.304301672228,25.0143268510088
桃園市桃園區經國里3鄰大興西路一段182號十四樓之2,68,6800100,6800100-000,3鄰,大興西路,一段,,,,,182號十四樓之2,121.304301672228,25.0143268510088
桃園市桃園區藝文里1鄰大興西路一段186號,68,6800100,6800100-000,1鄰,大興西路,一段,,,,,186號,121.304002181516,25.0141765106877
桃園市桃園區藝文里1鄰大興西路一段186號地下室,68,6800100,6800100-000,1鄰,大興西路,一段,,,,,186號地下室,121.304002181516,25.0141765106877
桃園市桃園區藝文里1鄰大興西路一段186號十樓,68,6800100,6800100-000,1鄰,大興西路,一段,,,,,186號十樓,121.304002181516,25.0141765106877
桃園市桃園區藝文里1鄰大興西路一段186號二樓,68,6800100,6800100-000,1鄰,大興西路,一段,,,,,186號二樓,121.304002181516,25.0141765106877
桃園市桃園區藝文里1鄰大興西路一段186號三樓,68,6800100,6800100-000,1鄰,大興西路,一段,,,,,186號三樓,121.304002181516,25.0141765106877
桃園市桃園區藝文里1鄰大興西路一段186號四樓,68,6800100,6800100-000,1鄰,大興西路,一段,,,,,186號四樓,121.304002181516,25.0141765106877
桃園市桃園區藝文里1鄰大興西路一段186號五樓,68,6800100,6800100-000,1鄰,大興西路,一段,,,,,186號五樓,121.304002181516,25.0141765106877
桃園市桃園區藝文里1鄰大興西路一段186號六樓,68,6800100,6800100-000,1鄰,大興西路,一段,,,,,186號六樓,121.304002181516,25.0141765106877
桃園市桃園區藝文里1鄰大興西路一段186號七樓,68,6800100,6800100-000,1鄰,大興西路,一段,,,,,186號七樓,121.304002181516,25.0141765106877
桃園市桃園區藝文里1鄰大興西路一段186號八樓,68,6800100,6800100-000,1鄰,大興西路,一段,,,,,186號八樓,121.304002181516,25.0141765106877
桃園市桃園區藝文里1鄰大興西路一段186號九樓,68,6800100,6800100-000,1鄰,大興西路,一段,,,,,186號九樓,121.304002181516,25.0141765106877
桃園市桃園區藝文里1鄰大興西路一段186號十一樓,68,6800100,6800100-000,1鄰,大興西路,一段,,,,,186號十一樓,121.304002181516,25.0141765106877
桃園市桃園區藝文里1鄰大興西路一段186號十二樓,68,6800100,6800100-000,1鄰,大興西路,一段,,,,,186號十二樓,121.304002181516,25.0141765106877
桃園市桃園區藝文里1鄰大興西路一段188號,68,6800100,6800100-000,1鄰,大興西路,一段,,,,,188號,121.303932631987,25.0141379215208
桃園市桃園區藝文里1鄰大興西路一段188號十樓,68,6800100,6800100-000,1鄰,大興西路,一段,,,,,188號十樓,121.303932631987,25.0141379215208
桃園市桃園區藝文里1鄰大興西路一段188號二樓,68,6800100,6800100-000,1鄰,大興西路,一段,,,,,188號二樓,121.303932631987,25.0141379215208
桃園市桃園區藝文里1鄰大興西路一段188號三樓,68,6800100,6800100-000,1鄰,大興西路,一段,,,,,188號三樓,121.303932631987,25.0141379215208
桃園市桃園區藝文里1鄰大興西路一段188號四樓,68,6800100,6800100-000,1鄰,大興西路,一段,,,,,188號四樓,121.303932631987,25.0141379215208
桃園市桃園區藝文里1鄰大興西路一段188號五樓,68,6800100,6800100-000,1鄰,大興西路,一段,,,,,188號五樓,121.303932631987,25.0141379215208
桃園市桃園區藝文里1鄰大興西路一段188號六樓,68,6800100,6800100-000,1鄰,大興西路,一段,,,,,188號六樓,121.303932631987,25.0141379215208
桃園市桃園區藝文里1鄰大興西路一段188號七樓,68,6800100,6800100-000,1鄰,大興西路,一段,,,,,188號七樓,121.303932631987,25.0141379215208
桃園市桃園區藝文里1鄰大興西路一段188號八樓,68,6800100,6800100-000,1鄰,大興西路,一段,,,,,188號八樓,121.303932631987,25.0141379215208
桃園市桃園區藝文里1鄰大興西路一段188號九樓,68,6800100,6800100-000,1鄰,大興西路,一段,,,,,188號九樓,121.303932631987,25.0141379215208
桃園市桃園區藝文里1鄰大興西路一段188號十一樓,68,6800100,6800100-000,1鄰,大興西路,一段,,,,,188號十一樓,121.303932631987,25.0141379215208
桃園市桃園區藝文里1鄰大興西路一段188號十二樓,68,6800100,6800100-000,1鄰,大興西路,一段,,,,,188號十二樓,121.303932631987,25.0141379215208
桃園市桃園區藝文里1鄰大興西路一段190號,68,6800100,6800100-000,1鄰,大興西路,一段,,,,,190號,121.30385407123,25.0141013369567
桃園市桃園區藝文里1鄰大興西路一段190號十樓,68,6800100,6800100-000,1鄰,大興西路,一段,,,,,190號十樓,121.30385407123,25.0141013369567
桃園市桃園區藝文里1鄰大興西路一段190號二樓,68,6800100,6800100-000,1鄰,大興西路,一段,,,,,190號二樓,121.30385407123,25.0141013369567
桃園市桃園區藝文里1鄰大興西路一段190號三樓,68,6800100,6800100-000,1鄰,大興西路,一段,,,,,190號三樓,121.30385407123,25.0141013369567
桃園市桃園區藝文里1鄰大興西路一段190號四樓,68,6800100,6800100-000,1鄰,大興西路,一段,,,,,190號四樓,121.30385407123,25.0141013369567
桃園市桃園區藝文里1鄰大興西路一段190號五樓,68,6800100,6800100-000,1鄰,大興西路,一段,,,,,190號五樓,121.30385407123,25.0141013369567
桃園市桃園區藝文里1鄰大興西路一段190號六樓,68,6800100,6800100-000,1鄰,大興西路,一段,,,,,190號六樓,121.30385407123,25.0141013369567
桃園市桃園區藝文里1鄰大興西路一段190號七樓,68,6800100,6800100-000,1鄰,大興西路,一段,,,,,190號七樓,121.30385407123,25.0141013369567
桃園市桃園區藝文里1鄰大興西路一段190號八樓,68,6800100,6800100-000,1鄰,大興西路,一段,,,,,190號八樓,121.30385407123,25.0141013369567
桃園市桃園區藝文里1鄰大興西路一段190號九樓,68,6800100,6800100-000,1鄰,大興西路,一段,,,,,190號九樓,121.30385407123,25.0141013369567
桃園市桃園區藝文里1鄰大興西路一段190號十一樓,68,6800100,6800100-000,1鄰,大興西路,一段,,,,,190號十一樓,121.30385407123,25.0141013369567
桃園市桃園區藝文里1鄰大興西路一段190號十二樓,68,6800100,6800100-000,1鄰,大興西路,一段,,,,,190號十二樓,121.30385407123,25.0141013369567
桃園市桃園區藝文里1鄰大興西路一段192之1號,68,6800100,6800100-000,1鄰,大興西路,一段,,,,,192之1號,121.303785161131,25.0140809835459
桃園市桃園區藝文里1鄰大興西路一段192號,68,6800100,6800100-000,1鄰,大興西路,一段,,,,,192號,121.303728557237,25.0140689109887
桃園市桃園區藝文里1鄰大興西路一段194號,68,6800100,6800100-000,1鄰,大興西路,一段,,,,,194號,121.303569436123,25.0140286086355
桃園市桃園區藝文里1鄰大興西路一段194號十樓,68,6800100,6800100-000,1鄰,大興西路,一段,,,,,194號十樓,121.303577923511,25.0140553150284
桃園市桃園區藝文里1鄰大興西路一段194號三樓,68,6800100,6800100-000,1鄰,大興西路,一段,,,,,194號三樓,121.303577923511,25.0140553150284
桃園市桃園區藝文里1鄰大興西路一段194號四樓,68,6800100,6800100-000,1鄰,大興西路,一段,,,,,194號四樓,121.303577923511,25.0140553150284
桃園市桃園區藝文里1鄰大興西路一段194號五樓,68,6800100,6800100-000,1鄰,大興西路,一段,,,,,194號五樓,121.303577923511,25.0140553150284
桃園市桃園區藝文里1鄰大興西路一段194號六樓,68,6800100,6800100-000,1鄰,大興西路,一段,,,,,194號六樓,121.303577923511,25.0140553150284
桃園市桃園區藝文里1鄰大興西路一段194號七樓,68,6800100,6800100-000,1鄰,大興西路,一段,,,,,194號七樓,121.303577923511,25.0140553150284
桃園市桃園區藝文里1鄰大興西路一段194號八樓,68,6800100,6800100-000,1鄰,大興西路,一段,,,,,194號八樓,121.303577923511,25.0140553150284
桃園市桃園區藝文里1鄰大興西路一段194號九樓,68,6800100,6800100-000,1鄰,大興西路,一段,,,,,194號九樓,121.303577923511,25.0140553150284
桃園市桃園區藝文里1鄰大興西路一段194號十一樓,68,6800100,6800100-000,1鄰,大興西路,一段,,,,,194號十一樓,121.303577923511,25.0140553150284
桃園市桃園區藝文里1鄰大興西路一段194號十二樓,68,6800100,6800100-000,1鄰,大興西路,一段,,,,,194號十二樓,121.303577923511,25.0140553150284
桃園市桃園區藝文里1鄰大興西路一段194號十三樓,68,6800100,6800100-000,1鄰,大興西路,一段,,,,,194號十三樓,121.303577923511,25.0140553150284
桃園市桃園區藝文里1鄰大興西路一段194號十四樓,68,6800100,6800100-000,1鄰,大興西路,一段,,,,,194號十四樓,121.303577923511,25.0140553150284
桃園市桃園區藝文里1鄰大興西路一段194號十五樓,68,6800100,6800100-000,1鄰,大興西路,一段,,,,,194號十五樓,121.303577923511,25.0140553150284
桃園市桃園區藝文里1鄰大興西路一段194號十六樓,68,6800100,6800100-000,1鄰,大興西路,一段,,,,,194號十六樓,121.303577923511,25.0140553150284
桃園市桃園區藝文里1鄰大興西路一段194號十七樓,68,6800100,6800100-000,1鄰,大興西路,一段,,,,,194號十七樓,121.303577923511,25.0140553150284
桃園市桃園區藝文里1鄰大興西路一段194號十八樓,68,6800100,6800100-000,1鄰,大興西路,一段,,,,,194號十八樓,121.303577923511,25.0140553150284
桃園市桃園區藝文里1鄰大興西路一段194號十九樓,68,6800100,6800100-000,1鄰,大興西路,一段,,,,,194號十九樓,121.303577923511,25.0140553150284
桃園市桃園區藝文里1鄰大興西路一段194號二十樓,68,6800100,6800100-000,1鄰,大興西路,一段,,,,,194號二十樓,121.303577923511,25.0140553150284
桃園市桃園區藝文里1鄰大興西路一段194號二十一樓,68,6800100,6800100-000,1鄰,大興西路,一段,,,,,194號二十一樓,121.303577923511,25.0140553150284
桃園市桃園區藝文里1鄰大興西路一段194號二十二樓,68,6800100,6800100-000,1鄰,大興西路,一段,,,,,194號二十二樓,121.303577923511,25.0140553150284
桃園市桃園區藝文里1鄰大興西路一段194號二十三樓,68,6800100,6800100-000,1鄰,大興西路,一段,,,,,194號二十三樓,121.303577923511,25.0140553150284
桃園市桃園區藝文里1鄰大興西路一段196號十樓,68,6800100,6800100-000,1鄰,大興西路,一段,,,,,196號十樓,121.303460988638,25.0140868818505
桃園市桃園區藝文里1鄰大興西路一段196號三樓,68,6800100,6800100-000,1鄰,大興西路,一段,,,,,196號三樓,121.303460988638,25.0140868818505
桃園市桃園區藝文里1鄰大興西路一段196號四樓,68,6800100,6800100-000,1鄰,大興西路,一段,,,,,196號四樓,121.303460988638,25.0140868818505
桃園市桃園區藝文里1鄰大興西路一段196號五樓,68,6800100,6800100-000,1鄰,大興西路,一段,,,,,196號五樓,121.303460988638,25.0140868818505
桃園市桃園區藝文里1鄰大興西路一段196號六樓,68,6800100,6800100-000,1鄰,大興西路,一段,,,,,196號六樓,121.303460988638,25.0140868818505
桃園市桃園區藝文里1鄰大興西路一段196號七樓,68,6800100,6800100-000,1鄰,大興西路,一段,,,,,196號七樓,121.303460988638,25.0140868818505
桃園市桃園區藝文里1鄰大興西路一段196號八樓,68,6800100,6800100-000,1鄰,大興西路,一段,,,,,196號八樓,121.303460988638,25.0140868818505
桃園市桃園區藝文里1鄰大興西路一段196號九樓,68,6800100,6800100-000,1鄰,大興西路,一段,,,,,196號九樓,121.303460988638,25.0140868818505
桃園市桃園區藝文里1鄰大興西路一段196號十一樓,68,6800100,6800100-000,1鄰,大興西路,一段,,,,,196號十一樓,121.303460988638,25.0140868818505
桃園市桃園區藝文里1鄰大興西路一段196號十二樓,68,6800100,6800100-000,1鄰,大興西路,一段,,,,,196號十二樓,121.303460988638,25.0140868818505
桃園市桃園區藝文里1鄰大興西路一段196號十四樓,68,6800100,6800100-000,1鄰,大興西路,一段,,,,,196號十四樓,121.303460988638,25.0140868818505
桃園市桃園區藝文里1鄰大興西路一段196號十五樓,68,6800100,6800100-000,1鄰,大興西路,一段,,,,,196號十五樓,121.303460988638,25.0140868818505
桃園市桃園區藝文里1鄰大興西路一段196號十六樓,68,6800100,6800100-000,1鄰,大興西路,一段,,,,,196號十六樓,121.303460988638,25.0140868818505
桃園市桃園區藝文里1鄰大興西路一段196號十七樓,68,6800100,6800100-000,1鄰,大興西路,一段,,,,,196號十七樓,121.303460988638,25.0140868818505
桃園市桃園區藝文里1鄰大興西路一段196號十八樓,68,6800100,6800100-000,1鄰,大興西路,一段,,,,,196號十八樓,121.303460988638,25.0140868818505
桃園市桃園區藝文里1鄰大興西路一段196號十九樓,68,6800100,6800100-000,1鄰,大興西路,一段,,,,,196號十九樓,121.303460988638,25.0140868818505
桃園市桃園區藝文里1鄰大興西路一段196號二十樓,68,6800100,6800100-000,1鄰,大興西路,一段,,,,,196號二十樓,121.303460988638,25.0140868818505
桃園市桃園區藝文里1鄰大興西路一段196號二十一樓,68,6800100,6800100-000,1鄰,大興西路,一段,,,,,196號二十一樓,121.303460988638,25.0140868818505
桃園市桃園區藝文里1鄰大興西路一段196號二十二樓,68,6800100,6800100-000,1鄰,大興西路,一段,,,,,196號二十二樓,121.303460988638,25.0140868818505
桃園市桃園區藝文里1鄰大興西路一段196號二十三樓,68,6800100,6800100-000,1鄰,大興西路,一段,,,,,196號二十三樓,121.303460988638,25.0140868818505
桃園市桃園區藝文里1鄰大興西路一段198號,68,6800100,6800100-000,1鄰,大興西路,一段,,,,,198號,121.3032932126,25.0139516193169
桃園市桃園區藝文里1鄰大興西路一段198號十樓,68,6800100,6800100-000,1鄰,大興西路,一段,,,,,198號十樓,121.3032932126,25.0139516193169
桃園市桃園區藝文里1鄰大興西路一段198號三樓,68,6800100,6800100-000,1鄰,大興西路,一段,,,,,198號三樓,121.3032932126,25.0139516193169
桃園市桃園區藝文里1鄰大興西路一段198號四樓,68,6800100,6800100-000,1鄰,大興西路,一段,,,,,198號四樓,121.3032932126,25.0139516193169
桃園市桃園區藝文里1鄰大興西路一段198號五樓,68,6800100,6800100-000,1鄰,大興西路,一段,,,,,198號五樓,121.3032932126,25.0139516193169
桃園市桃園區藝文里1鄰大興西路一段198號六樓,68,6800100,6800100-000,1鄰,大興西路,一段,,,,,198號六樓,121.3032932126,25.0139516193169
桃園市桃園區藝文里1鄰大興西路一段198號七樓,68,6800100,6800100-000,1鄰,大興西路,一段,,,,,198號七樓,121.3032932126,25.0139516193169
桃園市桃園區藝文里1鄰大興西路一段198號八樓,68,6800100,6800100-000,1鄰,大興西路,一段,,,,,198號八樓,121.3032932126,25.0139516193169
桃園市桃園區藝文里1鄰大興西路一段198號九樓,68,6800100,6800100-000,1鄰,大興西路,一段,,,,,198號九樓,121.3032932126,25.0139516193169
桃園市桃園區藝文里1鄰大興西路一段198號十一樓,68,6800100,6800100-000,1鄰,大興西路,一段,,,,,198號十一樓,121.3032932126,25.0139516193169
桃園市桃園區藝文里1鄰大興西路一段198號十二樓,68,6800100,6800100-000,1鄰,大興西路,一段,,,,,198號十二樓,121.3032932126,25.0139516193169
桃園市桃園區藝文里1鄰大興西路一段198號十三樓,68,6800100,6800100-000,1鄰,大興西路,一段,,,,,198號十三樓,121.3032932126,25.0139516193169
桃園市桃園區藝文里1鄰大興西路一段198號十四樓,68,6800100,6800100-000,1鄰,大興西路,一段,,,,,198號十四樓,121.3032932126,25.0139516193169
桃園市桃園區藝文里1鄰大興西路一段198號十五樓,68,6800100,6800100-000,1鄰,大興西路,一段,,,,,198號十五樓,121.3032932126,25.0139516193169
桃園市桃園區藝文里1鄰大興西路一段198號十六樓,68,6800100,6800100-000,1鄰,大興西路,一段,,,,,198號十六樓,121.3032932126,25.0139516193169
桃園市桃園區藝文里1鄰大興西路一段198號十七樓,68,6800100,6800100-000,1鄰,大興西路,一段,,,,,198號十七樓,121.3032932126,25.0139516193169
桃園市桃園區藝文里1鄰大興西路一段198號十八樓,68,6800100,6800100-000,1鄰,大興西路,一段,,,,,198號十八樓,121.3032932126,25.0139516193169
桃園市桃園區藝文里1鄰大興西路一段198號十九樓,68,6800100,6800100-000,1鄰,大興西路,一段,,,,,198號十九樓,121.3032932126,25.0139516193169
桃園市桃園區藝文里1鄰大興西路一段198號二十樓,68,6800100,6800100-000,1鄰,大興西路,一段,,,,,198號二十樓,121.3032932126,25.0139516193169
桃園市桃園區藝文里1鄰大興西路一段198號二十一樓,68,6800100,6800100-000,1鄰,大興西路,一段,,,,,198號二十一樓,121.3032932126,25.0139516193169
桃園市桃園區藝文里1鄰大興西路一段198號二十二樓,68,6800100,6800100-000,1鄰,大興西路,一段,,,,,198號二十二樓,121.3032932126,25.0139516193169
桃園市桃園區藝文里1鄰大興西路一段198號二十三樓,68,6800100,6800100-000,1鄰,大興西路,一段,,,,,198號二十三樓,121.3032932126,25.0139516193169
桃園市桃園區藝文里1鄰大興西路一段200號,68,6800100,6800100-000,1鄰,大興西路,一段,,,,,200號,121.303227908464,25.0138664352121
桃園市桃園區藝文里2鄰大興西路一段208號,68,6800100,6800100-000,2鄰,大興西路,一段,,,,,208號,121.302667942322,25.0136354588143
桃園市桃園區藝文里2鄰大興西路一段212號,68,6800100,6800100-000,2鄰,大興西路,一段,,,,,212號,121.302434577542,25.0135405949256
桃園市桃園區藝文里2鄰大興西路一段218號,68,6800100,6800100-000,2鄰,大興西路,一段,,,,,218號,121.30218788936,25.013426437212
桃園市桃園區藝文里2鄰大興西路一段218號二樓,68,6800100,6800100-000,2鄰,大興西路,一段,,,,,218號二樓,121.30218788936,25.013426437212
桃園市桃園區藝文里2鄰大興西路一段218號三樓,68,6800100,6800100-000,2鄰,大興西路,一段,,,,,218號三樓,121.30218788936,25.013426437212
桃園市桃園區藝文里2鄰大興西路一段220號,68,6800100,6800100-000,2鄰,大興西路,一段,,,,,220號,121.302042992639,25.0133680477351
桃園市桃園區藝文里2鄰大興西路一段220號二樓,68,6800100,6800100-000,2鄰,大興西路,一段,,,,,220號二樓,121.302042992639,25.0133680477351
桃園市桃園區藝文里2鄰大興西路一段220號三樓,68,6800100,6800100-000,2鄰,大興西路,一段,,,,,220號三樓,121.302042992639,25.0133680477351
桃園市桃園區藝文里3鄰大興西路一段250號,68,6800100,6800100-000,3鄰,大興西路,一段,,,,,250號,121.301180996694,25.0130380968494
桃園市桃園區藝文里3鄰大興西路一段256號,68,6800100,6800100-000,3鄰,大興西路,一段,,,,,256號,121.301060010123,25.0129925684264
桃園市桃園區藝文里3鄰大興西路一段256號十樓,68,6800100,6800100-000,3鄰,大興西路,一段,,,,,256號十樓,121.301060010123,25.0129925684264
桃園市桃園區藝文里3鄰大興西路一段256號三樓,68,6800100,6800100-000,3鄰,大興西路,一段,,,,,256號三樓,121.301060010123,25.0129925684264
桃園市桃園區藝文里3鄰大興西路一段256號四樓,68,6800100,6800100-000,3鄰,大興西路,一段,,,,,256號四樓,121.301060010123,25.0129925684264
桃園市桃園區藝文里3鄰大興西路一段256號五樓,68,6800100,6800100-000,3鄰,大興西路,一段,,,,,256號五樓,121.301060010123,25.0129925684264
桃園市桃園區藝文里3鄰大興西路一段256號六樓,68,6800100,6800100-000,3鄰,大興西路,一段,,,,,256號六樓,121.301060010123,25.0129925684264
桃園市桃園區藝文里3鄰大興西路一段256號七樓,68,6800100,6800100-000,3鄰,大興西路,一段,,,,,256號七樓,121.301060010123,25.0129925684264
桃園市桃園區藝文里3鄰大興西路一段256號八樓,68,6800100,6800100-000,3鄰,大興西路,一段,,,,,256號八樓,121.301060010123,25.0129925684264
桃園市桃園區藝文里3鄰大興西路一段256號九樓,68,6800100,6800100-000,3鄰,大興西路,一段,,,,,256號九樓,121.301060010123,25.0129925684264
桃園市桃園區藝文里3鄰大興西路一段256號十一樓,68,6800100,6800100-000,3鄰,大興西路,一段,,,,,256號十一樓,121.301060010123,25.0129925684264
桃園市桃園區藝文里3鄰大興西路一段256號十二樓,68,6800100,6800100-000,3鄰,大興西路,一段,,,,,256號十二樓,121.301060010123,25.0129925684264
桃園市桃園區藝文里3鄰大興西路一段256號十三樓,68,6800100,6800100-000,3鄰,大興西路,一段,,,,,256號十三樓,121.301060010123,25.0129925684264
桃園市桃園區藝文里3鄰大興西路一段256號十四樓,68,6800100,6800100-000,3鄰,大興西路,一段,,,,,256號十四樓,121.301060010123,25.0129925684264
桃園市桃園區藝文里3鄰大興西路一段256號十五樓,68,6800100,6800100-000,3鄰,大興西路,一段,,,,,256號十五樓,121.301060010123,25.0129925684264
桃園市桃園區藝文里3鄰大興西路一段256號十六樓,68,6800100,6800100-000,3鄰,大興西路,一段,,,,,256號十六樓,121.301060010123,25.0129925684264
桃園市桃園區藝文里3鄰大興西路一段256號十七樓,68,6800100,6800100-000,3鄰,大興西路,一段,,,,,256號十七樓,121.301060010123,25.0129925684264
桃園市桃園區藝文里3鄰大興西路一段256號十八樓,68,6800100,6800100-000,3鄰,大興西路,一段,,,,,256號十八樓,121.301060010123,25.0129925684264
桃園市桃園區藝文里3鄰大興西路一段258號,68,6800100,6800100-000,3鄰,大興西路,一段,,,,,258號,121.300978818965,25.0129736830927
桃園市桃園區藝文里3鄰大興西路一段258號十樓,68,6800100,6800100-000,3鄰,大興西路,一段,,,,,258號十樓,121.300943925023,25.0131693966763
桃園市桃園區藝文里3鄰大興西路一段258號三樓,68,6800100,6800100-000,3鄰,大興西路,一段,,,,,258號三樓,121.300943925023,25.0131693966763
桃園市桃園區藝文里3鄰大興西路一段258號四樓,68,6800100,6800100-000,3鄰,大興西路,一段,,,,,258號四樓,121.300943925023,25.0131693966763
桃園市桃園區藝文里3鄰大興西路一段258號五樓,68,6800100,6800100-000,3鄰,大興西路,一段,,,,,258號五樓,121.300943925023,25.0131693966763
桃園市桃園區藝文里3鄰大興西路一段258號六樓,68,6800100,6800100-000,3鄰,大興西路,一段,,,,,258號六樓,121.300943925023,25.0131693966763
桃園市桃園區藝文里3鄰大興西路一段258號七樓,68,6800100,6800100-000,3鄰,大興西路,一段,,,,,258號七樓,121.300943925023,25.0131693966763
桃園市桃園區藝文里3鄰大興西路一段258號八樓,68,6800100,6800100-000,3鄰,大興西路,一段,,,,,258號八樓,121.300943925023,25.0131693966763
桃園市桃園區藝文里3鄰大興西路一段258號九樓,68,6800100,6800100-000,3鄰,大興西路,一段,,,,,258號九樓,121.300943925023,25.0131693966763
桃園市桃園區藝文里3鄰大興西路一段258號十一樓,68,6800100,6800100-000,3鄰,大興西路,一段,,,,,258號十一樓,121.300943925023,25.0131693966763
桃園市桃園區藝文里3鄰大興西路一段258號十二樓,68,6800100,6800100-000,3鄰,大興西路,一段,,,,,258號十二樓,121.300943925023,25.0131693966763
桃園市桃園區藝文里3鄰大興西路一段258號十三樓,68,6800100,6800100-000,3鄰,大興西路,一段,,,,,258號十三樓,121.300943925023,25.0131693966763
桃園市桃園區藝文里3鄰大興西路一段258號十四樓,68,6800100,6800100-000,3鄰,大興西路,一段,,,,,258號十四樓,121.300943925023,25.0131693966763
桃園市桃園區藝文里3鄰大興西路一段258號十五樓,68,6800100,6800100-000,3鄰,大興西路,一段,,,,,258號十五樓,121.300943925023,25.0131693966763
桃園市桃園區藝文里3鄰大興西路一段258號十六樓,68,6800100,6800100-000,3鄰,大興西路,一段,,,,,258號十六樓,121.300943925023,25.0131693966763
桃園市桃園區藝文里3鄰大興西路一段258號十七樓,68,6800100,6800100-000,3鄰,大興西路,一段,,,,,258號十七樓,121.300943925023,25.0131693966763
桃園市桃園區藝文里3鄰大興西路一段258號十八樓,68,6800100,6800100-000,3鄰,大興西路,一段,,,,,258號十八樓,121.300943925023,25.0131693966763
桃園市桃園區藝文里3鄰大興西路一段260號,68,6800100,6800100-000,3鄰,大興西路,一段,,,,,260號,121.300926551502,25.0129518501351
桃園市桃園區藝文里3鄰大興西路一段260號十樓,68,6800100,6800100-000,3鄰,大興西路,一段,,,,,260號十樓,121.300819875571,25.0131273952891
桃園市桃園區藝文里3鄰大興西路一段260號三樓,68,6800100,6800100-000,3鄰,大興西路,一段,,,,,260號三樓,121.300819875571,25.0131273952891
桃園市桃園區藝文里3鄰大興西路一段260號四樓,68,6800100,6800100-000,3鄰,大興西路,一段,,,,,260號四樓,121.300819875571,25.0131273952891
桃園市桃園區藝文里3鄰大興西路一段260號五樓,68,6800100,6800100-000,3鄰,大興西路,一段,,,,,260號五樓,121.300819875571,25.0131273952891
桃園市桃園區藝文里3鄰大興西路一段260號六樓,68,6800100,6800100-000,3鄰,大興西路,一段,,,,,260號六樓,121.300819875571,25.0131273952891
桃園市桃園區藝文里3鄰大興西路一段260號七樓,68,6800100,6800100-000,3鄰,大興西路,一段,,,,,260號七樓,121.300819875571,25.0131273952891
桃園市桃園區藝文里3鄰大興西路一段260號八樓,68,6800100,6800100-000,3鄰,大興西路,一段,,,,,260號八樓,121.300819875571,25.0131273952891
桃園市桃園區藝文里3鄰大興西路一段260號九樓,68,6800100,6800100-000,3鄰,大興西路,一段,,,,,260號九樓,121.300819875571,25.0131273952891
桃園市桃園區藝文里3鄰大興西路一段260號十一樓,68,6800100,6800100-000,3鄰,大興西路,一段,,,,,260號十一樓,121.300819875571,25.0131273952891
桃園市桃園區藝文里3鄰大興西路一段260號十二樓,68,6800100,6800100-000,3鄰,大興西路,一段,,,,,260號十二樓,121.300819875571,25.0131273952891
桃園市桃園區藝文里3鄰大興西路一段260號十三樓,68,6800100,6800100-000,3鄰,大興西路,一段,,,,,260號十三樓,121.300819875571,25.0131273952891
桃園市桃園區藝文里3鄰大興西路一段260號十四樓,68,6800100,6800100-000,3鄰,大興西路,一段,,,,,260號十四樓,121.300819875571,25.0131273952891
桃園市桃園區藝文里3鄰大興西路一段260號十五樓,68,6800100,6800100-000,3鄰,大興西路,一段,,,,,260號十五樓,121.300819875571,25.0131273952891
桃園市桃園區藝文里3鄰大興西路一段260號十六樓,68,6800100,6800100-000,3鄰,大興西路,一段,,,,,260號十六樓,121.300819875571,25.0131273952891
桃園市桃園區藝文里3鄰大興西路一段260號十七樓,68,6800100,6800100-000,3鄰,大興西路,一段,,,,,260號十七樓,121.300819875571,25.0131273952891
桃園市桃園區藝文里3鄰大興西路一段260號十八樓,68,6800100,6800100-000,3鄰,大興西路,一段,,,,,260號十八樓,121.300819875571,25.0131273952891
桃園市桃園區藝文里3鄰大興西路一段262號十樓,68,6800100,6800100-000,3鄰,大興西路,一段,,,,,262號十樓,121.300899069778,25.0129366479408
桃園市桃園區藝文里3鄰大興西路一段262號三樓,68,6800100,6800100-000,3鄰,大興西路,一段,,,,,262號三樓,121.300899069778,25.0129366479408
桃園市桃園區藝文里3鄰大興西路一段262號四樓,68,6800100,6800100-000,3鄰,大興西路,一段,,,,,262號四樓,121.300899069778,25.0129366479408
桃園市桃園區藝文里3鄰大興西路一段262號五樓,68,6800100,6800100-000,3鄰,大興西路,一段,,,,,262號五樓,121.300899069778,25.0129366479408
桃園市桃園區藝文里3鄰大興西路一段262號六樓,68,6800100,6800100-000,3鄰,大興西路,一段,,,,,262號六樓,121.300899069778,25.0129366479408
桃園市桃園區藝文里3鄰大興西路一段262號七樓,68,6800100,6800100-000,3鄰,大興西路,一段,,,,,262號七樓,121.300899069778,25.0129366479408
桃園市桃園區藝文里3鄰大興西路一段262號八樓,68,6800100,6800100-000,3鄰,大興西路,一段,,,,,262號八樓,121.300899069778,25.0129366479408
桃園市桃園區藝文里3鄰大興西路一段262號九樓,68,6800100,6800100-000,3鄰,大興西路,一段,,,,,262號九樓,121.300899069778,25.0129366479408
桃園市桃園區藝文里3鄰大興西路一段262號十一樓,68,6800100,6800100-000,3鄰,大興西路,一段,,,,,262號十一樓,121.300899069778,25.0129366479408
桃園市桃園區藝文里3鄰大興西路一段262號十二樓,68,6800100,6800100-000,3鄰,大興西路,一段,,,,,262號十二樓,121.300899069778,25.0129366479408
桃園市桃園區藝文里3鄰大興西路一段262號十三樓,68,6800100,6800100-000,3鄰,大興西路,一段,,,,,262號十三樓,121.300899069778,25.0129366479408
桃園市桃園區藝文里3鄰大興西路一段262號十四樓,68,6800100,6800100-000,3鄰,大興西路,一段,,,,,262號十四樓,121.300899069778,25.0129366479408
桃園市桃園區藝文里3鄰大興西路一段262號十五樓,68,6800100,6800100-000,3鄰,大興西路,一段,,,,,262號十五樓,121.300899069778,25.0129366479408
桃園市桃園區藝文里3鄰大興西路一段262號十六樓,68,6800100,6800100-000,3鄰,大興西路,一段,,,,,262號十六樓,121.300899069778,25.0129366479408
桃園市桃園區藝文里3鄰大興西路一段262號十七樓,68,6800100,6800100-000,3鄰,大興西路,一段,,,,,262號十七樓,121.300899069778,25.0129366479408
桃園市桃園區藝文里3鄰大興西路一段262號十八樓,68,6800100,6800100-000,3鄰,大興西路,一段,,,,,262號十八樓,121.300899069778,25.0129366479408
桃園市桃園區藝文里3鄰大興西路一段266號,68,6800100,6800100-000,3鄰,大興西路,一段,,,,,266號,121.300749491065,25.0129080600104
桃園市桃園區藝文里3鄰大興西路一段266號十樓,68,6800100,6800100-000,3鄰,大興西路,一段,,,,,266號十樓,121.300749491065,25.0129080600104
桃園市桃園區藝文里3鄰大興西路一段266號三樓,68,6800100,6800100-000,3鄰,大興西路,一段,,,,,266號三樓,121.300749491065,25.0129080600104
桃園市桃園區藝文里3鄰大興西路一段266號四樓,68,6800100,6800100-000,3鄰,大興西路,一段,,,,,266號四樓,121.300749491065,25.0129080600104
桃園市桃園區藝文里3鄰大興西路一段266號五樓,68,6800100,6800100-000,3鄰,大興西路,一段,,,,,266號五樓,121.300749491065,25.0129080600104
桃園市桃園區藝文里3鄰大興西路一段266號六樓,68,6800100,6800100-000,3鄰,大興西路,一段,,,,,266號六樓,121.300749491065,25.0129080600104
桃園市桃園區藝文里3鄰大興西路一段266號七樓,68,6800100,6800100-000,3鄰,大興西路,一段,,,,,266號七樓,121.300749491065,25.0129080600104
桃園市桃園區藝文里3鄰大興西路一段266號八樓,68,6800100,6800100-000,3鄰,大興西路,一段,,,,,266號八樓,121.300749491065,25.0129080600104
桃園市桃園區藝文里3鄰大興西路一段266號九樓,68,6800100,6800100-000,3鄰,大興西路,一段,,,,,266號九樓,121.300749491065,25.0129080600104
桃園市桃園區藝文里3鄰大興西路一段266號十一樓,68,6800100,6800100-000,3鄰,大興西路,一段,,,,,266號十一樓,121.300749491065,25.0129080600104
桃園市桃園區藝文里3鄰大興西路一段266號十二樓,68,6800100,6800100-000,3鄰,大興西路,一段,,,,,266號十二樓,121.300749491065,25.0129080600104
桃園市桃園區藝文里3鄰大興西路一段266號十三樓,68,6800100,6800100-000,3鄰,大興西路,一段,,,,,266號十三樓,121.300749491065,25.0129080600104
桃園市桃園區藝文里3鄰大興西路一段266號十四樓,68,6800100,6800100-000,3鄰,大興西路,一段,,,,,266號十四樓,121.300749491065,25.0129080600104
桃園市桃園區藝文里3鄰大興西路一段266號十五樓,68,6800100,6800100-000,3鄰,大興西路,一段,,,,,266號十五樓,121.300749491065,25.0129080600104
桃園市桃園區藝文里3鄰大興西路一段266號十六樓,68,6800100,6800100-000,3鄰,大興西路,一段,,,,,266號十六樓,121.300749491065,25.0129080600104
桃園市桃園區藝文里3鄰大興西路一段266號十七樓,68,6800100,6800100-000,3鄰,大興西路,一段,,,,,266號十七樓,121.300749491065,25.0129080600104
桃園市桃園區藝文里3鄰大興西路一段266號十八樓,68,6800100,6800100-000,3鄰,大興西路,一段,,,,,266號十八樓,121.300749491065,25.0129080600104
桃園市桃園區藝文里3鄰大興西路一段266號十九樓,68,6800100,6800100-000,3鄰,大興西路,一段,,,,,266號十九樓,121.300749491065,25.0129080600104
桃園市桃園區藝文里3鄰大興西路一段268號十樓,68,6800100,6800100-000,3鄰,大興西路,一段,,,,,268號十樓,121.300599337483,25.0130502882731
桃園市桃園區藝文里3鄰大興西路一段268號五樓,68,6800100,6800100-000,3鄰,大興西路,一段,,,,,268號五樓,121.300599337483,25.0130502882731
桃園市桃園區藝文里3鄰大興西路一段268號六樓,68,6800100,6800100-000,3鄰,大興西路,一段,,,,,268號六樓,121.300599337483,25.0130502882731
桃園市桃園區藝文里3鄰大興西路一段268號七樓,68,6800100,6800100-000,3鄰,大興西路,一段,,,,,268號七樓,121.300599337483,25.0130502882731
桃園市桃園區藝文里3鄰大興西路一段268號八樓,68,6800100,6800100-000,3鄰,大興西路,一段,,,,,268號八樓,121.300599337483,25.0130502882731
桃園市桃園區藝文里3鄰大興西路一段268號九樓,68,6800100,6800100-000,3鄰,大興西路,一段,,,,,268號九樓,121.300599337483,25.0130502882731
桃園市桃園區藝文里3鄰大興西路一段268號十一樓,68,6800100,6800100-000,3鄰,大興西路,一段,,,,,268號十一樓,121.300599337483,25.0130502882731
桃園市桃園區藝文里3鄰大興西路一段268號十二樓,68,6800100,6800100-000,3鄰,大興西路,一段,,,,,268號十二樓,121.300599337483,25.0130502882731
桃園市桃園區藝文里3鄰大興西路一段268號十三樓,68,6800100,6800100-000,3鄰,大興西路,一段,,,,,268號十三樓,121.300599337483,25.0130502882731
桃園市桃園區藝文里3鄰大興西路一段268號十四樓,68,6800100,6800100-000,3鄰,大興西路,一段,,,,,268號十四樓,121.300599337483,25.0130502882731
桃園市桃園區藝文里3鄰大興西路一段268號十五樓,68,6800100,6800100-000,3鄰,大興西路,一段,,,,,268號十五樓,121.300599337483,25.0130502882731
桃園市桃園區藝文里3鄰大興西路一段268號十六樓,68,6800100,6800100-000,3鄰,大興西路,一段,,,,,268號十六樓,121.300599337483,25.0130502882731
桃園市桃園區藝文里3鄰大興西路一段268號十七樓,68,6800100,6800100-000,3鄰,大興西路,一段,,,,,268號十七樓,121.300599337483,25.0130502882731
桃園市桃園區藝文里3鄰大興西路一段268號十八樓,68,6800100,6800100-000,3鄰,大興西路,一段,,,,,268號十八樓,121.300599337483,25.0130502882731
桃園市桃園區藝文里3鄰大興西路一段268號十九樓,68,6800100,6800100-000,3鄰,大興西路,一段,,,,,268號十九樓,121.300599337483,25.0130502882731
桃園市桃園區藝文里3鄰大興西路一段270號,68,6800100,6800100-000,3鄰,大興西路,一段,,,,,270號,121.300616357344,25.01287862614
桃園市桃園區藝文里3鄰大興西路一段270號十樓,68,6800100,6800100-000,3鄰,大興西路,一段,,,,,270號十樓,121.300616357344,25.01287862614
桃園市桃園區藝文里3鄰大興西路一段270號三樓,68,6800100,6800100-000,3鄰,大興西路,一段,,,,,270號三樓,121.300616357344,25.01287862614
桃園市桃園區藝文里3鄰大興西路一段270號四樓,68,6800100,6800100-000,3鄰,大興西路,一段,,,,,270號四樓,121.300616357344,25.01287862614
桃園市桃園區藝文里3鄰大興西路一段270號五樓,68,6800100,6800100-000,3鄰,大興西路,一段,,,,,270號五樓,121.300616357344,25.01287862614
桃園市桃園區藝文里3鄰大興西路一段270號六樓,68,6800100,6800100-000,3鄰,大興西路,一段,,,,,270號六樓,121.300616357344,25.01287862614
桃園市桃園區藝文里3鄰大興西路一段270號七樓,68,6800100,6800100-000,3鄰,大興西路,一段,,,,,270號七樓,121.300616357344,25.01287862614
桃園市桃園區藝文里3鄰大興西路一段270號八樓,68,6800100,6800100-000,3鄰,大興西路,一段,,,,,270號八樓,121.300616357344,25.01287862614
桃園市桃園區藝文里3鄰大興西路一段270號九樓,68,6800100,6800100-000,3鄰,大興西路,一段,,,,,270號九樓,121.300616357344,25.01287862614
桃園市桃園區藝文里3鄰大興西路一段270號十一樓,68,6800100,6800100-000,3鄰,大興西路,一段,,,,,270號十一樓,121.300616357344,25.01287862614
桃園市桃園區藝文里3鄰大興西路一段270號十二樓,68,6800100,6800100-000,3鄰,大興西路,一段,,,,,270號十二樓,121.300616357344,25.01287862614
桃園市桃園區藝文里3鄰大興西路一段270號十三樓,68,6800100,6800100-000,3鄰,大興西路,一段,,,,,270號十三樓,121.300616357344,25.01287862614
桃園市桃園區藝文里3鄰大興西路一段270號十四樓,68,6800100,6800100-000,3鄰,大興西路,一段,,,,,270號十四樓,121.300616357344,25.01287862614
桃園市桃園區藝文里3鄰大興西路一段270號十七樓,68,6800100,6800100-000,3鄰,大興西路,一段,,,,,270號十七樓,121.300616357344,25.01287862614
桃園市桃園區藝文里3鄰大興西路一段270號十八樓,68,6800100,6800100-000,3鄰,大興西路,一段,,,,,270號十八樓,121.300616357344,25.01287862614
桃園市桃園區龍安里1鄰大興西路三段700號,68,6800100,6800100-060,1鄰,大興西路,三段,,,,,700號,121.279580561982,24.9966861341171
桃園市桃園區龍安里1鄰大興西路三段700之1號,68,6800100,6800100-060,1鄰,大興西路,三段,,,,,700之1號,121.279436259876,24.9967459018263
桃園市桃園區龍安里1鄰大興西路三段738號,68,6800100,6800100-060,1鄰,大興西路,三段,,,,,738號,121.278794300644,24.9961682104365
桃園市桃園區龍安里1鄰大興西路三段760之1號,68,6800100,6800100-060,1鄰,大興西路,三段,,,,,760之1號,121.278385281194,24.99613295333
桃園市桃園區龍安里1鄰大興西路三段771號,68,6800100,6800100-060,1鄰,大興西路,三段,,,,,771號,121.279577070757,24.9954495319754
桃園市桃園區龍安里1鄰大興西路三段783號,68,6800100,6800100-060,1鄰,大興西路,三段,,,,,783號,121.278871434696,24.9950980295369
桃園市桃園區龍安里1鄰大興西路三段788巷1號,68,6800100,6800100-060,1鄰,大興西路,三段,788巷,,,,1號,121.277856195254,24.9949521353602
桃園市桃園區龍安里1鄰大興西路三段790號,68,6800100,6800100-060,1鄰,大興西路,三段,,,,,790號,121.278076830253,24.9948287574436
桃園市桃園區龍安里1鄰大興西路三段821號,68,6800100,6800100-060,1鄰,大興西路,三段,,,,,821號,121.278444617991,24.9941970802973
