FULL_ADDR,COUNTY,TOWN,VILLAGE,NEIGHBORHOOD,ROAD,SECTION,LANE,ALLEY,SUB_ALLEY,TONG,NUMBER,X,Y
桃園市桃園區中聖里19鄰國聖三街73號,68,6800100,6800100-070,19鄰,國聖三街,,,,,,73號,121.287031363457,24.9878564249202
桃園市桃園區中聖里19鄰國聖三街75號,68,6800100,6800100-070,19鄰,國聖三街,,,,,,75號,121.287064764995,24.9876939409414
