FULL_ADDR,COUNTY,TOWN,VILLAGE,NEIGHBORHOOD,ROAD,SECTION,LANE,ALLEY,SUB_ALLEY,TONG,NUMBER,X,Y
桃園市中壢區中榮里13鄰德育路2號,68,6800200,6800200-050,13鄰,德育路,,,,,,2號,121.220491305634,24.9538121164069
桃園市中壢區中榮里13鄰德育路4號,68,6800200,6800200-050,13鄰,德育路,,,,,,4號,121.220463400266,24.9537685505586
桃園市中壢區中榮里13鄰德育路6號,68,6800200,6800200-050,13鄰,德育路,,,,,,6號,121.220411236671,24.9537274582662
桃園市中壢區中榮里13鄰德育路8號,68,6800200,6800200-050,13鄰,德育路,,,,,,8號,121.220365917493,24.9536926757072
桃園市中壢區中榮里13鄰德育路10號,68,6800200,6800200-050,13鄰,德育路,,,,,,10號,121.220332886689,24.9536626600088
桃園市中壢區中榮里13鄰德育路12號,68,6800200,6800200-050,13鄰,德育路,,,,,,12號,121.220282426304,24.9536325797938
桃園市中壢區中榮里13鄰德育路36號,68,6800200,6800200-050,13鄰,德育路,,,,,,36號,121.220093030393,24.9529925658873
桃園市平鎮區北勢里4鄰德育路177號,68,6801000,6801000-009,4鄰,德育路,,,,,,177號,121.219673632388,24.948636621127
桃園市平鎮區北勢里4鄰德育路179號,68,6801000,6801000-009,4鄰,德育路,,,,,,179號,121.219657018991,24.9485938509961
桃園市平鎮區北勢里4鄰德育路181號,68,6801000,6801000-009,4鄰,德育路,,,,,,181號,121.219640807798,24.9485545110629
桃園市平鎮區北勢里4鄰德育路183號,68,6801000,6801000-009,4鄰,德育路,,,,,,183號,121.219630627803,24.9485098354796
桃園市平鎮區北勢里4鄰德育路185號,68,6801000,6801000-009,4鄰,德育路,,,,,,185號,121.219618833448,24.948448279163
桃園市平鎮區北勢里6鄰德育路209號,68,6801000,6801000-009,6鄰,德育路,,,,,,209號,121.219561739143,24.9479146944381
桃園市平鎮區北勢里6鄰德育路211號,68,6801000,6801000-009,6鄰,德育路,,,,,,211號,121.219559686269,24.9478738890822
桃園市平鎮區北勢里6鄰德育路213號,68,6801000,6801000-009,6鄰,德育路,,,,,,213號,121.219559459195,24.9478016621931
桃園市平鎮區北勢里6鄰德育路213號二樓,68,6801000,6801000-009,6鄰,德育路,,,,,,213號二樓,121.219559459195,24.9478016621931
桃園市平鎮區北勢里6鄰德育路213號五樓,68,6801000,6801000-009,6鄰,德育路,,,,,,213號五樓,121.219559459195,24.9478016621931
桃園市平鎮區北勢里6鄰德育路213號六樓,68,6801000,6801000-009,6鄰,德育路,,,,,,213號六樓,121.219559459195,24.9478016621931
桃園市平鎮區北勢里6鄰德育路213號四樓,68,6801000,6801000-009,6鄰,德育路,,,,,,213號四樓,121.219559459195,24.9478016621931
桃園市平鎮區北勢里6鄰德育路213號七樓,68,6801000,6801000-009,6鄰,德育路,,,,,,213號七樓,121.219559459195,24.9478016621931
桃園市平鎮區北勢里6鄰德育路213號三樓,68,6801000,6801000-009,6鄰,德育路,,,,,,213號三樓,121.219559459195,24.9478016621931
桃園市平鎮區北勢里6鄰德育路215號,68,6801000,6801000-009,6鄰,德育路,,,,,,215號,121.219554690843,24.9477372967062
桃園市平鎮區北勢里6鄰德育路215號三樓,68,6801000,6801000-009,6鄰,德育路,,,,,,215號三樓,121.219554690843,24.9477372967062
桃園市平鎮區北勢里6鄰德育路215號七樓,68,6801000,6801000-009,6鄰,德育路,,,,,,215號七樓,121.219554690843,24.9477372967062
桃園市平鎮區北勢里6鄰德育路215號五樓,68,6801000,6801000-009,6鄰,德育路,,,,,,215號五樓,121.219554690843,24.9477372967062
桃園市平鎮區北勢里6鄰德育路215號六樓,68,6801000,6801000-009,6鄰,德育路,,,,,,215號六樓,121.219554690843,24.9477372967062
桃園市平鎮區北勢里6鄰德育路215號四樓,68,6801000,6801000-009,6鄰,德育路,,,,,,215號四樓,121.219554690843,24.9477372967062
桃園市平鎮區北勢里6鄰德育路217號,68,6801000,6801000-009,6鄰,德育路,,,,,,217號,121.219547046737,24.9476706783552
桃園市平鎮區北勢里6鄰德育路217號五樓,68,6801000,6801000-009,6鄰,德育路,,,,,,217號五樓,121.219547046737,24.9476706783552
桃園市平鎮區北勢里6鄰德育路217號七樓,68,6801000,6801000-009,6鄰,德育路,,,,,,217號七樓,121.219547046737,24.9476706783552
桃園市平鎮區北勢里6鄰德育路217號二樓,68,6801000,6801000-009,6鄰,德育路,,,,,,217號二樓,121.219547046737,24.9476706783552
桃園市平鎮區北勢里6鄰德育路217號三樓,68,6801000,6801000-009,6鄰,德育路,,,,,,217號三樓,121.219547046737,24.9476706783552
桃園市平鎮區北勢里6鄰德育路217號六樓,68,6801000,6801000-009,6鄰,德育路,,,,,,217號六樓,121.219547046737,24.9476706783552
桃園市平鎮區北勢里6鄰德育路217號四樓,68,6801000,6801000-009,6鄰,德育路,,,,,,217號四樓,121.219547046737,24.9476706783552
桃園市平鎮區北勢里6鄰德育路219號,68,6801000,6801000-009,6鄰,德育路,,,,,,219號,121.21953050802,24.9475582088204
桃園市平鎮區北勢里6鄰德育路219號六樓,68,6801000,6801000-009,6鄰,德育路,,,,,,219號六樓,121.21953050802,24.9475582088204
桃園市平鎮區北勢里6鄰德育路219號七樓,68,6801000,6801000-009,6鄰,德育路,,,,,,219號七樓,121.21953050802,24.9475582088204
桃園市平鎮區北勢里6鄰德育路219號二樓,68,6801000,6801000-009,6鄰,德育路,,,,,,219號二樓,121.21953050802,24.9475582088204
桃園市平鎮區北勢里6鄰德育路219號三樓,68,6801000,6801000-009,6鄰,德育路,,,,,,219號三樓,121.21953050802,24.9475582088204
桃園市平鎮區北勢里6鄰德育路219號五樓,68,6801000,6801000-009,6鄰,德育路,,,,,,219號五樓,121.21953050802,24.9475582088204
桃園市平鎮區北勢里6鄰德育路219號四樓,68,6801000,6801000-009,6鄰,德育路,,,,,,219號四樓,121.21953050802,24.9475582088204
桃園市平鎮區北勢里6鄰德育路227號,68,6801000,6801000-009,6鄰,德育路,,,,,,227號,121.219525864324,24.947508288592
桃園市平鎮區北勢里6鄰德育路231號,68,6801000,6801000-009,6鄰,德育路,,,,,,231號,121.21952164791,24.9474200873029
桃園市平鎮區北勢里6鄰德育路233號,68,6801000,6801000-009,6鄰,德育路,,,,,,233號,121.219518698065,24.94737603304
桃園市平鎮區北勢里6鄰德育路235號,68,6801000,6801000-009,6鄰,德育路,,,,,,235號,121.219515028918,24.9473340021988
桃園市平鎮區北勢里6鄰德育路237號,68,6801000,6801000-009,6鄰,德育路,,,,,,237號,121.219508999439,24.947289988586
桃園市平鎮區北勢里6鄰德育路239號,68,6801000,6801000-009,6鄰,德育路,,,,,,239號,121.219502960045,24.9472459659588
桃園市平鎮區北勢里6鄰德育路241號,68,6801000,6801000-009,6鄰,德育路,,,,,,241號,121.219496930575,24.9472019523449
桃園市平鎮區北勢里6鄰德育路243號,68,6801000,6801000-009,6鄰,德育路,,,,,,243號,121.21949089119,24.9471579297167
桃園市平鎮區北勢里6鄰德育路249巷1號,68,6801000,6801000-009,6鄰,德育路,,249巷,,,,1號,121.21959469114,24.9469406346257
桃園市平鎮區北勢里6鄰德育路249巷2號,68,6801000,6801000-009,6鄰,德育路,,249巷,,,,2號,121.219569681898,24.946753359182
桃園市平鎮區北勢里6鄰德育路249巷2號三樓,68,6801000,6801000-009,6鄰,德育路,,249巷,,,,2號三樓,121.219569681898,24.946753359182
桃園市平鎮區北勢里6鄰德育路249巷2號五樓,68,6801000,6801000-009,6鄰,德育路,,249巷,,,,2號五樓,121.219569681898,24.946753359182
桃園市平鎮區北勢里6鄰德育路249巷2號四樓,68,6801000,6801000-009,6鄰,德育路,,249巷,,,,2號四樓,121.219569681898,24.946753359182
桃園市平鎮區北勢里6鄰德育路249巷3號,68,6801000,6801000-009,6鄰,德育路,,249巷,,,,3號,121.21964136772,24.9469103567849
桃園市平鎮區北勢里6鄰德育路249巷4號,68,6801000,6801000-009,6鄰,德育路,,249巷,,,,4號,121.219602425686,24.9467343512763
桃園市平鎮區北勢里6鄰德育路249巷5號,68,6801000,6801000-009,6鄰,德育路,,249巷,,,,5號,121.219688034374,24.9468800789442
桃園市平鎮區北勢里6鄰德育路249巷6號,68,6801000,6801000-009,6鄰,德育路,,249巷,,,,6號,121.219638333152,24.9467124496104
桃園市平鎮區北勢里6鄰德育路249巷6號四樓,68,6801000,6801000-009,6鄰,德育路,,249巷,,,,6號四樓,121.219638333152,24.9467124496104
桃園市平鎮區北勢里6鄰德育路249巷6號三樓,68,6801000,6801000-009,6鄰,德育路,,249巷,,,,6號三樓,121.219638333152,24.9467124496104
桃園市平鎮區北勢里6鄰德育路249巷6號五樓,68,6801000,6801000-009,6鄰,德育路,,249巷,,,,6號五樓,121.219638333152,24.9467124496104
桃園市平鎮區北勢里6鄰德育路249巷7號,68,6801000,6801000-009,6鄰,德育路,,249巷,,,,7號,121.219734710909,24.9468498010742
桃園市平鎮區北勢里6鄰德育路249巷8號,68,6801000,6801000-009,6鄰,德育路,,249巷,,,,8號,121.219673748201,24.9466920834906
桃園市平鎮區北勢里6鄰德育路249巷9號,68,6801000,6801000-009,6鄰,德育路,,249巷,,,,9號,121.219781377518,24.9468195232043
桃園市平鎮區北勢里6鄰德育路251號,68,6801000,6801000-009,6鄰,德育路,,,,,,251號,121.219486733498,24.9467731633179
桃園市平鎮區北勢里6鄰德育路253號,68,6801000,6801000-009,6鄰,德育路,,,,,,253號,121.219442845891,24.9467064177703
桃園市平鎮區北勢里6鄰德育路253號三樓,68,6801000,6801000-009,6鄰,德育路,,,,,,253號三樓,121.219442845891,24.9467064177703
桃園市平鎮區北勢里6鄰德育路253號五樓,68,6801000,6801000-009,6鄰,德育路,,,,,,253號五樓,121.219442845891,24.9467064177703
桃園市平鎮區北勢里6鄰德育路253號二樓,68,6801000,6801000-009,6鄰,德育路,,,,,,253號二樓,121.219442845891,24.9467064177703
桃園市平鎮區北勢里6鄰德育路253號四樓,68,6801000,6801000-009,6鄰,德育路,,,,,,253號四樓,121.219442845891,24.9467064177703
桃園市平鎮區北勢里6鄰德育路255號,68,6801000,6801000-009,6鄰,德育路,,,,,,255號,121.219434772211,24.9466767262106
桃園市平鎮區北勢里6鄰德育路257之2號,68,6801000,6801000-009,6鄰,德育路,,,,,,257之2號,121.219422607465,24.9466295255704
桃園市平鎮區北勢里6鄰德育路257號,68,6801000,6801000-009,6鄰,德育路,,,,,,257號,121.219422607465,24.9466295255704
桃園市平鎮區北勢里6鄰德育路257號五樓,68,6801000,6801000-009,6鄰,德育路,,,,,,257號五樓,121.219422607465,24.9466295255704
桃園市平鎮區北勢里6鄰德育路257號四樓,68,6801000,6801000-009,6鄰,德育路,,,,,,257號四樓,121.219422607465,24.9466295255704
桃園市平鎮區北勢里6鄰德育路259號,68,6801000,6801000-009,6鄰,德育路,,,,,,259號,121.21941223782,24.9465894547251
桃園市平鎮區北勢里6鄰德育路261號,68,6801000,6801000-009,6鄰,德育路,,,,,,261號,121.219403944352,24.9465474848566
桃園市平鎮區北勢里6鄰德育路263號,68,6801000,6801000-009,6鄰,德育路,,,,,,263號,121.219395646573,24.9465030773244
桃園市平鎮區北勢里6鄰德育路271號,68,6801000,6801000-009,6鄰,德育路,,,,,,271號,121.219383986261,24.9464611124118
桃園市平鎮區北勢里6鄰德育路275號,68,6801000,6801000-009,6鄰,德育路,,,,,,275號,121.219362639928,24.9463736585985
桃園市平鎮區北勢里6鄰德育路277號,68,6801000,6801000-009,6鄰,德育路,,,,,,277號,121.219351374302,24.946330880545
桃園市平鎮區北勢里6鄰德育路279號,68,6801000,6801000-009,6鄰,德育路,,,,,,279號,121.219337436446,24.9462889189805
桃園市平鎮區北勢里6鄰德育路281號,68,6801000,6801000-009,6鄰,德育路,,,,,,281號,121.219322406448,24.9462453339092
桃園市平鎮區北勢里6鄰德育路283號,68,6801000,6801000-009,6鄰,德育路,,,,,,283號,121.219312717413,24.9461981296127
桃園市平鎮區北勢里6鄰德育路285號,68,6801000,6801000-009,6鄰,德育路,,,,,,285號,121.219303522391,24.9461502925997
桃園市平鎮區北勢里6鄰德育路287號,68,6801000,6801000-009,6鄰,德育路,,,,,,287號,121.219291662657,24.9461075154146
桃園市平鎮區北安里1鄰德育路1號,68,6801000,6801000-040,1鄰,德育路,,,,,,1號,121.220550975436,24.9536750673161
桃園市平鎮區北安里1鄰德育路5之2號,68,6801000,6801000-040,1鄰,德育路,,,,,,5之2號,121.220398143946,24.9535489862565
桃園市平鎮區北安里1鄰德育路5之3號,68,6801000,6801000-040,1鄰,德育路,,,,,,5之3號,121.220362145462,24.9535207806336
桃園市平鎮區北安里1鄰德育路5之1號,68,6801000,6801000-040,1鄰,德育路,,,,,,5之1號,121.220433536205,24.9535704214707
桃園市平鎮區北安里1鄰德育路5號,68,6801000,6801000-040,1鄰,德育路,,,,,,5號,121.220318690287,24.953476064066
桃園市平鎮區北安里1鄰德育路7巷1號,68,6801000,6801000-040,1鄰,德育路,,7巷,,,,1號,121.22030691766,24.9533715326524
桃園市平鎮區北安里1鄰德育路7巷3號,68,6801000,6801000-040,1鄰,德育路,,7巷,,,,3號,121.220381562689,24.9533578796477
桃園市平鎮區北安里2鄰德育路7巷4號,68,6801000,6801000-040,2鄰,德育路,,7巷,,,,4號,121.220430845762,24.953227346408
桃園市平鎮區北安里2鄰德育路7巷4號二樓,68,6801000,6801000-040,2鄰,德育路,,7巷,,,,4號二樓,121.220430845762,24.953227346408
桃園市平鎮區北安里2鄰德育路7巷4號三樓,68,6801000,6801000-040,2鄰,德育路,,7巷,,,,4號三樓,121.220430845762,24.953227346408
桃園市平鎮區北安里2鄰德育路7巷4號四樓,68,6801000,6801000-040,2鄰,德育路,,7巷,,,,4號四樓,121.220430845762,24.953227346408
桃園市平鎮區北安里2鄰德育路7巷6號,68,6801000,6801000-040,2鄰,德育路,,7巷,,,,6號,121.220491529954,24.9532151585493
桃園市平鎮區北安里2鄰德育路7巷6號二樓,68,6801000,6801000-040,2鄰,德育路,,7巷,,,,6號二樓,121.220491529954,24.9532151585493
桃園市平鎮區北安里2鄰德育路7巷6號三樓,68,6801000,6801000-040,2鄰,德育路,,7巷,,,,6號三樓,121.220491529954,24.9532151585493
桃園市平鎮區北安里2鄰德育路7巷6號四樓,68,6801000,6801000-040,2鄰,德育路,,7巷,,,,6號四樓,121.220491529954,24.9532151585493
桃園市平鎮區北安里1鄰德育路7巷7號,68,6801000,6801000-040,1鄰,德育路,,7巷,,,,7號,121.220409481623,24.9533535047119
桃園市平鎮區北安里2鄰德育路7巷8號,68,6801000,6801000-040,2鄰,德育路,,7巷,,,,8號,121.220557566929,24.9532058518276
桃園市平鎮區北安里2鄰德育路7巷8號二樓,68,6801000,6801000-040,2鄰,德育路,,7巷,,,,8號二樓,121.220557566929,24.9532058518276
桃園市平鎮區北安里2鄰德育路7巷8號三樓,68,6801000,6801000-040,2鄰,德育路,,7巷,,,,8號三樓,121.220557566929,24.9532058518276
桃園市平鎮區北安里2鄰德育路7巷8號四樓,68,6801000,6801000-040,2鄰,德育路,,7巷,,,,8號四樓,121.220557566929,24.9532058518276
桃園市平鎮區北安里1鄰德育路7巷9號,68,6801000,6801000-040,1鄰,德育路,,7巷,,,,9號,121.22048564151,24.9533563713784
桃園市平鎮區北安里1鄰德育路7巷9號二樓,68,6801000,6801000-040,1鄰,德育路,,7巷,,,,9號二樓,121.22048564151,24.9533563713784
桃園市平鎮區北安里1鄰德育路7巷9號三樓,68,6801000,6801000-040,1鄰,德育路,,7巷,,,,9號三樓,121.22048564151,24.9533563713784
桃園市平鎮區北安里1鄰德育路7巷9號四樓,68,6801000,6801000-040,1鄰,德育路,,7巷,,,,9號四樓,121.22048564151,24.9533563713784
桃園市平鎮區北安里2鄰德育路7巷10號,68,6801000,6801000-040,2鄰,德育路,,7巷,,,,10號,121.220643915935,24.9532025640184
桃園市平鎮區北安里2鄰德育路7巷10號二樓,68,6801000,6801000-040,2鄰,德育路,,7巷,,,,10號二樓,121.220643915935,24.9532025640184
桃園市平鎮區北安里2鄰德育路7巷10號三樓,68,6801000,6801000-040,2鄰,德育路,,7巷,,,,10號三樓,121.220643915935,24.9532025640184
桃園市平鎮區北安里2鄰德育路7巷10號四樓,68,6801000,6801000-040,2鄰,德育路,,7巷,,,,10號四樓,121.220643915935,24.9532025640184
桃園市平鎮區北安里1鄰德育路7巷11號,68,6801000,6801000-040,1鄰,德育路,,7巷,,,,11號,121.220551668949,24.9533972625543
桃園市平鎮區北安里1鄰德育路7巷11號二樓,68,6801000,6801000-040,1鄰,德育路,,7巷,,,,11號二樓,121.220551668949,24.9533972625543
桃園市平鎮區北安里1鄰德育路7巷11號四樓,68,6801000,6801000-040,1鄰,德育路,,7巷,,,,11號四樓,121.220551668949,24.9533972625543
桃園市平鎮區北安里1鄰德育路7巷11號三樓,68,6801000,6801000-040,1鄰,德育路,,7巷,,,,11號三樓,121.220551668949,24.9533972625543
桃園市平鎮區北安里2鄰德育路7巷12號,68,6801000,6801000-040,2鄰,德育路,,7巷,,,,12號,121.220723945489,24.953209668178
桃園市平鎮區北安里2鄰德育路7巷12號二樓之1,68,6801000,6801000-040,2鄰,德育路,,7巷,,,,12號二樓之1,121.220723945489,24.953209668178
桃園市平鎮區北安里2鄰德育路7巷12號二樓之2,68,6801000,6801000-040,2鄰,德育路,,7巷,,,,12號二樓之2,121.220723945489,24.953209668178
桃園市平鎮區北安里2鄰德育路7巷12號三樓之2,68,6801000,6801000-040,2鄰,德育路,,7巷,,,,12號三樓之2,121.220723945489,24.953209668178
桃園市平鎮區北安里2鄰德育路7巷12號四樓之1,68,6801000,6801000-040,2鄰,德育路,,7巷,,,,12號四樓之1,121.220723945489,24.953209668178
桃園市平鎮區北安里2鄰德育路7巷12號五樓之2,68,6801000,6801000-040,2鄰,德育路,,7巷,,,,12號五樓之2,121.220723945489,24.953209668178
桃園市平鎮區北安里2鄰德育路7巷12號三樓之1,68,6801000,6801000-040,2鄰,德育路,,7巷,,,,12號三樓之1,121.220723945489,24.953209668178
桃園市平鎮區北安里2鄰德育路7巷12號五樓之1,68,6801000,6801000-040,2鄰,德育路,,7巷,,,,12號五樓之1,121.220723945489,24.953209668178
桃園市平鎮區北安里2鄰德育路7巷12號四樓之2,68,6801000,6801000-040,2鄰,德育路,,7巷,,,,12號四樓之2,121.220723945489,24.953209668178
桃園市平鎮區北安里1鄰德育路7巷13號,68,6801000,6801000-040,1鄰,德育路,,7巷,,,,13號,121.220601036586,24.9534254483343
桃園市平鎮區北安里1鄰德育路7巷13號二樓,68,6801000,6801000-040,1鄰,德育路,,7巷,,,,13號二樓,121.220601036586,24.9534254483343
桃園市平鎮區北安里1鄰德育路7巷13號三樓,68,6801000,6801000-040,1鄰,德育路,,7巷,,,,13號三樓,121.220601036586,24.9534254483343
桃園市平鎮區北安里1鄰德育路7巷13號四樓,68,6801000,6801000-040,1鄰,德育路,,7巷,,,,13號四樓,121.220601036586,24.9534254483343
桃園市平鎮區北安里1鄰德育路7巷15號,68,6801000,6801000-040,1鄰,德育路,,7巷,,,,15號,121.220643955181,24.9534468723532
桃園市平鎮區北安里1鄰德育路7巷15號三樓,68,6801000,6801000-040,1鄰,德育路,,7巷,,,,15號三樓,121.220643955181,24.9534468723532
桃園市平鎮區北安里1鄰德育路7巷15號二樓,68,6801000,6801000-040,1鄰,德育路,,7巷,,,,15號二樓,121.220643955181,24.9534468723532
桃園市平鎮區北安里1鄰德育路7巷15號四樓,68,6801000,6801000-040,1鄰,德育路,,7巷,,,,15號四樓,121.220643955181,24.9534468723532
桃園市平鎮區北安里2鄰德育路7巷16號,68,6801000,6801000-040,2鄰,德育路,,7巷,,,,16號,121.22081408422,24.9532212715082
桃園市平鎮區北安里2鄰德育路7巷16號二樓,68,6801000,6801000-040,2鄰,德育路,,7巷,,,,16號二樓,121.22081408422,24.9532212715082
桃園市平鎮區北安里2鄰德育路7巷16號三樓,68,6801000,6801000-040,2鄰,德育路,,7巷,,,,16號三樓,121.22081408422,24.9532212715082
桃園市平鎮區北安里2鄰德育路7巷16號五樓,68,6801000,6801000-040,2鄰,德育路,,7巷,,,,16號五樓,121.22081408422,24.9532212715082
桃園市平鎮區北安里2鄰德育路7巷16號四樓,68,6801000,6801000-040,2鄰,德育路,,7巷,,,,16號四樓,121.22081408422,24.9532212715082
桃園市平鎮區北安里1鄰德育路7巷17號,68,6801000,6801000-040,1鄰,德育路,,7巷,,,,17號,121.220628060158,24.9533632026663
桃園市平鎮區北安里2鄰德育路9號,68,6801000,6801000-040,2鄰,德育路,,,,,,9號,121.220292605116,24.9532865966118
桃園市平鎮區北安里2鄰德育路11號,68,6801000,6801000-040,2鄰,德育路,,,,,,11號,121.220291038377,24.9532409152443
桃園市平鎮區北安里2鄰德育路13號,68,6801000,6801000-040,2鄰,德育路,,,,,,13號,121.220281875521,24.9532116767903
桃園市平鎮區北安里2鄰德育路15號,68,6801000,6801000-040,2鄰,德育路,,,,,,15號,121.220277760014,24.953180625193
桃園市平鎮區北安里2鄰德育路17號,68,6801000,6801000-040,2鄰,德育路,,,,,,17號,121.220274513137,24.9531368422723
桃園市平鎮區北安里2鄰德育路21號,68,6801000,6801000-040,2鄰,德育路,,,,,,21號,121.220266508463,24.9530906287193
桃園市平鎮區北安里2鄰德育路23號,68,6801000,6801000-040,2鄰,德育路,,,,,,23號,121.220257614289,24.9530454096043
桃園市平鎮區北安里2鄰德育路25號,68,6801000,6801000-040,2鄰,德育路,,,,,,25號,121.22022435545,24.9528313954936
桃園市平鎮區北安里2鄰德育路27號,68,6801000,6801000-040,2鄰,德育路,,,,,,27號,121.220233739986,24.9527625852372
桃園市平鎮區北安里3鄰德育路29巷1號,68,6801000,6801000-040,3鄰,德育路,,29巷,,,,1號,121.220325035984,24.9529238779708
桃園市平鎮區北安里3鄰德育路29巷3號,68,6801000,6801000-040,3鄰,德育路,,29巷,,,,3號,121.220399952473,24.9528403447668
桃園市平鎮區北安里3鄰德育路29巷5號,68,6801000,6801000-040,3鄰,德育路,,29巷,,,,5號,121.220455488987,24.9528849531533
桃園市平鎮區北安里3鄰德育路29巷7號,68,6801000,6801000-040,3鄰,德育路,,29巷,,,,7號,121.220512932006,24.9528323228663
桃園市平鎮區北安里3鄰德育路29巷15號,68,6801000,6801000-040,3鄰,德育路,,29巷,,,,15號,121.220708609548,24.9529396515707
桃園市平鎮區北安里3鄰德育路29巷17號,68,6801000,6801000-040,3鄰,德育路,,29巷,,,,17號,121.22075829087,24.9529772263686
桃園市平鎮區北安里9鄰德育路51號,68,6801000,6801000-040,9鄰,德育路,,,,,,51號,121.220170996228,24.9518948684355
桃園市平鎮區北安里9鄰德育路51號二樓,68,6801000,6801000-040,9鄰,德育路,,,,,,51號二樓,121.220170996228,24.9518948684355
桃園市平鎮區北安里9鄰德育路53號,68,6801000,6801000-040,9鄰,德育路,,,,,,53號,121.220148945063,24.9518574331725
桃園市平鎮區北安里9鄰德育路55巷1弄1號,68,6801000,6801000-040,9鄰,德育路,,55巷,1弄,,,1號,121.220333298391,24.9517236306226
桃園市平鎮區北安里9鄰德育路55巷1弄2號,68,6801000,6801000-040,9鄰,德育路,,55巷,1弄,,,2號,121.220401892758,24.9517606358712
桃園市平鎮區北安里9鄰德育路55巷1弄3號,68,6801000,6801000-040,9鄰,德育路,,55巷,1弄,,,3號,121.220462052305,24.9517879029008
桃園市平鎮區北安里9鄰德育路55巷8號,68,6801000,6801000-040,9鄰,德育路,,55巷,,,,8號,121.220202331157,24.9516954750956
桃園市平鎮區北安里9鄰德育路55巷8號二樓,68,6801000,6801000-040,9鄰,德育路,,55巷,,,,8號二樓,121.220202331157,24.9516954750956
桃園市平鎮區北安里9鄰德育路55巷8號三樓,68,6801000,6801000-040,9鄰,德育路,,55巷,,,,8號三樓,121.220202331157,24.9516954750956
桃園市平鎮區北安里9鄰德育路55巷8號七樓,68,6801000,6801000-040,9鄰,德育路,,55巷,,,,8號七樓,121.220202331157,24.9516954750956
桃園市平鎮區北安里9鄰德育路55巷8號四樓,68,6801000,6801000-040,9鄰,德育路,,55巷,,,,8號四樓,121.220202331157,24.9516954750956
桃園市平鎮區北安里9鄰德育路55巷8號五樓,68,6801000,6801000-040,9鄰,德育路,,55巷,,,,8號五樓,121.220202331157,24.9516954750956
桃園市平鎮區北安里9鄰德育路55巷8號六樓,68,6801000,6801000-040,9鄰,德育路,,55巷,,,,8號六樓,121.220202331157,24.9516954750956
桃園市平鎮區北安里9鄰德育路55巷10號,68,6801000,6801000-040,9鄰,德育路,,55巷,,,,10號,121.220204851135,24.951608979317
桃園市平鎮區北安里9鄰德育路55巷10號二樓,68,6801000,6801000-040,9鄰,德育路,,55巷,,,,10號二樓,121.220204851135,24.951608979317
桃園市平鎮區北安里9鄰德育路55巷10號三樓,68,6801000,6801000-040,9鄰,德育路,,55巷,,,,10號三樓,121.220204851135,24.951608979317
桃園市平鎮區北安里9鄰德育路55巷10號四樓,68,6801000,6801000-040,9鄰,德育路,,55巷,,,,10號四樓,121.220204851135,24.951608979317
桃園市平鎮區北安里9鄰德育路55巷10號七樓,68,6801000,6801000-040,9鄰,德育路,,55巷,,,,10號七樓,121.220204851135,24.951608979317
桃園市平鎮區北安里9鄰德育路57號,68,6801000,6801000-040,9鄰,德育路,,,,,,57號,121.220107805953,24.9517782246271
桃園市平鎮區北安里9鄰德育路59號,68,6801000,6801000-040,9鄰,德育路,,,,,,59號,121.220097618615,24.9517296668971
桃園市平鎮區北安里9鄰德育路63號,68,6801000,6801000-040,9鄰,德育路,,,,,,63號,121.220059704868,24.9516264380322
桃園市平鎮區北安里9鄰德育路65號,68,6801000,6801000-040,9鄰,德育路,,,,,,65號,121.220052195523,24.9515802237256
桃園市平鎮區北安里9鄰德育路69號,68,6801000,6801000-040,9鄰,德育路,,,,,,69號,121.220014797058,24.9514882795836
桃園市平鎮區北安里9鄰德育路71號,68,6801000,6801000-040,9鄰,德育路,,,,,,71號,121.219994909898,24.9514425349728
桃園市平鎮區北安里9鄰德育路73巷2之1號,68,6801000,6801000-040,9鄰,德育路,,73巷,,,,2之1號,121.220116094294,24.9513155972543
桃園市平鎮區北安里9鄰德育路73巷2號,68,6801000,6801000-040,9鄰,德育路,,73巷,,,,2號,121.220069465256,24.9513233402812
桃園市平鎮區北安里9鄰德育路73巷2之1號二樓,68,6801000,6801000-040,9鄰,德育路,,73巷,,,,2之1號二樓,121.220116094294,24.9513155972543
桃園市平鎮區北安里9鄰德育路73巷2之1號三樓,68,6801000,6801000-040,9鄰,德育路,,73巷,,,,2之1號三樓,121.220116094294,24.9513155972543
桃園市平鎮區北安里9鄰德育路73巷2號四樓,68,6801000,6801000-040,9鄰,德育路,,73巷,,,,2號四樓,121.220069465256,24.9513233402812
桃園市平鎮區北安里9鄰德育路73巷2號三樓,68,6801000,6801000-040,9鄰,德育路,,73巷,,,,2號三樓,121.220069465256,24.9513233402812
桃園市平鎮區北安里9鄰德育路73巷2之1號四樓,68,6801000,6801000-040,9鄰,德育路,,73巷,,,,2之1號四樓,121.220116094294,24.9513155972543
桃園市平鎮區北安里9鄰德育路73巷2號二樓,68,6801000,6801000-040,9鄰,德育路,,73巷,,,,2號二樓,121.220069465256,24.9513233402812
桃園市平鎮區北安里9鄰德育路73巷3號,68,6801000,6801000-040,9鄰,德育路,,73巷,,,,3號,121.22011054512,24.9514250296427
桃園市平鎮區北安里9鄰德育路73巷4號,68,6801000,6801000-040,9鄰,德育路,,73巷,,,,4號,121.220161733839,24.951308307095
桃園市平鎮區北安里9鄰德育路73巷5號,68,6801000,6801000-040,9鄰,德育路,,73巷,,,,5號,121.220154503779,24.9514191865127
桃園市平鎮區北安里9鄰德育路73巷6號,68,6801000,6801000-040,9鄰,德育路,,73巷,,,,6號,121.220205689081,24.9513005679914
桃園市平鎮區北安里9鄰德育路73巷7弄1號,68,6801000,6801000-040,9鄰,德育路,,73巷,7弄,,,1號,121.220350879487,24.951419437886
桃園市平鎮區北安里9鄰德育路73巷7弄5號,68,6801000,6801000-040,9鄰,德育路,,73巷,7弄,,,5號,121.220346990557,24.9515156863635
桃園市平鎮區北安里9鄰德育路73巷7弄5號三樓,68,6801000,6801000-040,9鄰,德育路,,73巷,7弄,,,5號三樓,121.220346990557,24.9515156863635
桃園市平鎮區北安里9鄰德育路73巷7弄5號二樓,68,6801000,6801000-040,9鄰,德育路,,73巷,7弄,,,5號二樓,121.220346990557,24.9515156863635
桃園市平鎮區北安里9鄰德育路73巷8號,68,6801000,6801000-040,9鄰,德育路,,73巷,,,,8號,121.220250242668,24.9512951753739
桃園市平鎮區北安里9鄰德育路73巷10號,68,6801000,6801000-040,9鄰,德育路,,73巷,,,,10號,121.220313010843,24.9512859638803
桃園市平鎮區北安里9鄰德育路73巷10號五樓,68,6801000,6801000-040,9鄰,德育路,,73巷,,,,10號五樓,121.220313010843,24.9512859638803
桃園市平鎮區北安里9鄰德育路73巷10號三樓,68,6801000,6801000-040,9鄰,德育路,,73巷,,,,10號三樓,121.220313010843,24.9512859638803
桃園市平鎮區北安里9鄰德育路73巷10號四樓,68,6801000,6801000-040,9鄰,德育路,,73巷,,,,10號四樓,121.220313010843,24.9512859638803
桃園市平鎮區北安里9鄰德育路73巷12號,68,6801000,6801000-040,9鄰,德育路,,73巷,,,,12號,121.220401088331,24.9512530605149
桃園市平鎮區北安里10鄰德育路75號,68,6801000,6801000-040,10鄰,德育路,,,,,,75號,121.220015765795,24.9513646793783
桃園市平鎮區北安里10鄰德育路77號,68,6801000,6801000-040,10鄰,德育路,,,,,,77號,121.219984477163,24.9513115483162
桃園市平鎮區北安里10鄰德育路79號,68,6801000,6801000-040,10鄰,德育路,,,,,,79號,121.219980664018,24.9512833853431
桃園市平鎮區北安里10鄰德育路83號,68,6801000,6801000-040,10鄰,德育路,,,,,,83號,121.219978689119,24.951230842979
桃園市平鎮區北安里10鄰德育路85號,68,6801000,6801000-040,10鄰,德育路,,,,,,85號,121.219960401232,24.9511934021271
桃園市平鎮區北安里10鄰德育路87號,68,6801000,6801000-040,10鄰,德育路,,,,,,87號,121.219953563504,24.9511349984825
桃園市平鎮區北安里10鄰德育路87之1號,68,6801000,6801000-040,10鄰,德育路,,,,,,87之1號,121.219943976869,24.9510900512099
桃園市平鎮區北安里10鄰德育路87之2號,68,6801000,6801000-040,10鄰,德育路,,,,,,87之2號,121.219935369625,24.9510389631792
桃園市平鎮區北安里10鄰德育路89巷2號,68,6801000,6801000-040,10鄰,德育路,,89巷,,,,2號,121.220181725184,24.9509113891403
桃園市平鎮區北安里10鄰德育路89巷4號,68,6801000,6801000-040,10鄰,德育路,,89巷,,,,4號,121.220295468058,24.9508881082897
桃園市平鎮區北安里10鄰德育路89巷6號,68,6801000,6801000-040,10鄰,德育路,,89巷,,,,6號,121.220387740466,24.9508754223425
桃園市平鎮區北安里10鄰德育路89巷15號,68,6801000,6801000-040,10鄰,德育路,,89巷,,,,15號,121.220390355178,24.9509535141251
桃園市平鎮區北安里10鄰德育路89巷15號三樓,68,6801000,6801000-040,10鄰,德育路,,89巷,,,,15號三樓,121.220390355178,24.9509535141251
桃園市平鎮區北安里10鄰德育路91號,68,6801000,6801000-040,10鄰,德育路,,,,,,91號,121.219896880013,24.9509458469185
桃園市平鎮區北安里10鄰德育路93之1號,68,6801000,6801000-040,10鄰,德育路,,,,,,93之1號,121.21988953415,24.9508243355086
桃園市平鎮區北安里10鄰德育路93號,68,6801000,6801000-040,10鄰,德育路,,,,,,93號,121.219889938812,24.9508849154698
桃園市平鎮區北安里10鄰德育路93之1號二樓,68,6801000,6801000-040,10鄰,德育路,,,,,,93之1號二樓,121.21988953415,24.9508243355086
桃園市平鎮區北安里10鄰德育路93之1號三樓,68,6801000,6801000-040,10鄰,德育路,,,,,,93之1號三樓,121.21988953415,24.9508243355086
桃園市平鎮區北安里10鄰德育路93之1號六樓,68,6801000,6801000-040,10鄰,德育路,,,,,,93之1號六樓,121.21988953415,24.9508243355086
桃園市平鎮區北安里10鄰德育路93之1號五樓,68,6801000,6801000-040,10鄰,德育路,,,,,,93之1號五樓,121.21988953415,24.9508243355086
桃園市平鎮區北安里10鄰德育路93之1號四樓,68,6801000,6801000-040,10鄰,德育路,,,,,,93之1號四樓,121.21988953415,24.9508243355086
桃園市平鎮區北安里10鄰德育路95巷1號,68,6801000,6801000-040,10鄰,德育路,,95巷,,,,1號,121.220018682475,24.9507768360203
桃園市平鎮區北安里10鄰德育路95巷1號三樓,68,6801000,6801000-040,10鄰,德育路,,95巷,,,,1號三樓,121.220018682475,24.9507768360203
桃園市平鎮區北安里10鄰德育路95巷1號四樓,68,6801000,6801000-040,10鄰,德育路,,95巷,,,,1號四樓,121.220018682475,24.9507768360203
桃園市平鎮區北安里10鄰德育路95巷1號五樓,68,6801000,6801000-040,10鄰,德育路,,95巷,,,,1號五樓,121.220018682475,24.9507768360203
桃園市平鎮區北安里10鄰德育路95巷1號七樓,68,6801000,6801000-040,10鄰,德育路,,95巷,,,,1號七樓,121.220018682475,24.9507768360203
桃園市平鎮區北安里10鄰德育路95巷1號二樓,68,6801000,6801000-040,10鄰,德育路,,95巷,,,,1號二樓,121.220018682475,24.9507768360203
桃園市平鎮區北安里10鄰德育路95巷1號六樓,68,6801000,6801000-040,10鄰,德育路,,95巷,,,,1號六樓,121.220018682475,24.9507768360203
桃園市平鎮區北安里10鄰德育路95巷2號,68,6801000,6801000-040,10鄰,德育路,,95巷,,,,2號,121.219993210436,24.9506531845658
桃園市平鎮區北安里10鄰德育路95巷3號,68,6801000,6801000-040,10鄰,德育路,,95巷,,,,3號,121.220074910828,24.950765557754
桃園市平鎮區北安里10鄰德育路95巷3號二樓,68,6801000,6801000-040,10鄰,德育路,,95巷,,,,3號二樓,121.220074910828,24.950765557754
桃園市平鎮區北安里10鄰德育路95巷3號五樓,68,6801000,6801000-040,10鄰,德育路,,95巷,,,,3號五樓,121.220074910828,24.950765557754
桃園市平鎮區北安里10鄰德育路95巷3號六樓,68,6801000,6801000-040,10鄰,德育路,,95巷,,,,3號六樓,121.220074910828,24.950765557754
桃園市平鎮區北安里10鄰德育路95巷3號七樓,68,6801000,6801000-040,10鄰,德育路,,95巷,,,,3號七樓,121.220074910828,24.950765557754
桃園市平鎮區北安里10鄰德育路95巷3號三樓,68,6801000,6801000-040,10鄰,德育路,,95巷,,,,3號三樓,121.220074910828,24.950765557754
桃園市平鎮區北安里10鄰德育路95巷3號四樓,68,6801000,6801000-040,10鄰,德育路,,95巷,,,,3號四樓,121.220074910828,24.950765557754
桃園市平鎮區北安里10鄰德育路95巷4號,68,6801000,6801000-040,10鄰,德育路,,95巷,,,,4號,121.220066664239,24.9506388112097
桃園市平鎮區北安里10鄰德育路95巷4號二樓,68,6801000,6801000-040,10鄰,德育路,,95巷,,,,4號二樓,121.220066664239,24.9506388112097
桃園市平鎮區北安里10鄰德育路95巷4號三樓,68,6801000,6801000-040,10鄰,德育路,,95巷,,,,4號三樓,121.220066664239,24.9506388112097
桃園市平鎮區北安里10鄰德育路95巷5號,68,6801000,6801000-040,10鄰,德育路,,95巷,,,,5號,121.220135199181,24.9507541831835
桃園市平鎮區北安里10鄰德育路95巷5號五樓,68,6801000,6801000-040,10鄰,德育路,,95巷,,,,5號五樓,121.220135199181,24.9507541831835
桃園市平鎮區北安里10鄰德育路95巷5號二樓,68,6801000,6801000-040,10鄰,德育路,,95巷,,,,5號二樓,121.220135199181,24.9507541831835
桃園市平鎮區北安里10鄰德育路95巷5號七樓,68,6801000,6801000-040,10鄰,德育路,,95巷,,,,5號七樓,121.220135199181,24.9507541831835
桃園市平鎮區北安里10鄰德育路95巷5號四樓,68,6801000,6801000-040,10鄰,德育路,,95巷,,,,5號四樓,121.220135199181,24.9507541831835
桃園市平鎮區北安里10鄰德育路95巷5號三樓,68,6801000,6801000-040,10鄰,德育路,,95巷,,,,5號三樓,121.220135199181,24.9507541831835
桃園市平鎮區北安里10鄰德育路95巷5號六樓,68,6801000,6801000-040,10鄰,德育路,,95巷,,,,5號六樓,121.220135199181,24.9507541831835
桃園市平鎮區北安里10鄰德育路95巷6號,68,6801000,6801000-040,10鄰,德育路,,95巷,,,,6號,121.220169923832,24.9506234006479
桃園市平鎮區北安里10鄰德育路95巷6號二樓,68,6801000,6801000-040,10鄰,德育路,,95巷,,,,6號二樓,121.220169923832,24.9506234006479
桃園市平鎮區北安里10鄰德育路95巷6號三樓,68,6801000,6801000-040,10鄰,德育路,,95巷,,,,6號三樓,121.220169923832,24.9506234006479
桃園市平鎮區北安里10鄰德育路95巷7號,68,6801000,6801000-040,10鄰,德育路,,95巷,,,,7號,121.2202802539,24.9507415095852
桃園市平鎮區北安里10鄰德育路95巷7號七樓,68,6801000,6801000-040,10鄰,德育路,,95巷,,,,7號七樓,121.2202802539,24.9507415095852
桃園市平鎮區北安里10鄰德育路95巷7號四樓,68,6801000,6801000-040,10鄰,德育路,,95巷,,,,7號四樓,121.2202802539,24.9507415095852
桃園市平鎮區北安里10鄰德育路95巷7號二樓,68,6801000,6801000-040,10鄰,德育路,,95巷,,,,7號二樓,121.2202802539,24.9507415095852
桃園市平鎮區北安里10鄰德育路95巷7號三樓,68,6801000,6801000-040,10鄰,德育路,,95巷,,,,7號三樓,121.2202802539,24.9507415095852
桃園市平鎮區北安里10鄰德育路95巷7號五樓,68,6801000,6801000-040,10鄰,德育路,,95巷,,,,7號五樓,121.2202802539,24.9507415095852
桃園市平鎮區北安里10鄰德育路95巷7號六樓,68,6801000,6801000-040,10鄰,德育路,,95巷,,,,7號六樓,121.2202802539,24.9507415095852
桃園市平鎮區北安里10鄰德育路95巷8號,68,6801000,6801000-040,10鄰,德育路,,95巷,,,,8號,121.220247531653,24.9506061319758
桃園市平鎮區北安里10鄰德育路95巷8號二樓,68,6801000,6801000-040,10鄰,德育路,,95巷,,,,8號二樓,121.220247531653,24.9506061319758
桃園市平鎮區北安里10鄰德育路95巷8號三樓,68,6801000,6801000-040,10鄰,德育路,,95巷,,,,8號三樓,121.220247531653,24.9506061319758
桃園市平鎮區北安里10鄰德育路95巷9號,68,6801000,6801000-040,10鄰,德育路,,95巷,,,,9號,121.220345995541,24.9507339187938
桃園市平鎮區北安里10鄰德育路95巷9號二樓,68,6801000,6801000-040,10鄰,德育路,,95巷,,,,9號二樓,121.220345995541,24.9507339187938
桃園市平鎮區北安里10鄰德育路95巷9號四樓,68,6801000,6801000-040,10鄰,德育路,,95巷,,,,9號四樓,121.220345995541,24.9507339187938
桃園市平鎮區北安里10鄰德育路95巷9號六樓,68,6801000,6801000-040,10鄰,德育路,,95巷,,,,9號六樓,121.220345995541,24.9507339187938
桃園市平鎮區北安里10鄰德育路95巷9號五樓,68,6801000,6801000-040,10鄰,德育路,,95巷,,,,9號五樓,121.220345995541,24.9507339187938
桃園市平鎮區北安里10鄰德育路95巷9號三樓,68,6801000,6801000-040,10鄰,德育路,,95巷,,,,9號三樓,121.220345995541,24.9507339187938
桃園市平鎮區北安里11鄰德育路97號,68,6801000,6801000-040,11鄰,德育路,,,,,,97號,121.219876785541,24.9507832751082
桃園市平鎮區北安里11鄰德育路99號,68,6801000,6801000-040,11鄰,德育路,,,,,,99號,121.219844469775,24.9506534944164
桃園市平鎮區北安里11鄰德育路101號,68,6801000,6801000-040,11鄰,德育路,,,,,,101號,121.219820100089,24.9505928595315
桃園市平鎮區北安里11鄰德育路103號,68,6801000,6801000-040,11鄰,德育路,,,,,,103號,121.219814587013,24.9505553998078
桃園市平鎮區北安里11鄰德育路105巷1號,68,6801000,6801000-040,11鄰,德育路,,105巷,,,,1號,121.21985823896,24.9504885252374
桃園市平鎮區北安里11鄰德育路105巷2號,68,6801000,6801000-040,11鄰,德育路,,105巷,,,,2號,121.219935127427,24.9503450407618
桃園市平鎮區北安里11鄰德育路105巷3號,68,6801000,6801000-040,11鄰,德育路,,105巷,,,,3號,121.219960837973,24.9504915337308
桃園市平鎮區北安里11鄰德育路105巷4號,68,6801000,6801000-040,11鄰,德育路,,105巷,,,,4號,121.219982248521,24.9503357622232
桃園市平鎮區北安里11鄰德育路105巷5號,68,6801000,6801000-040,11鄰,德育路,,105巷,,,,5號,121.220020348415,24.9504882859151
桃園市平鎮區北安里11鄰德育路105巷6號,68,6801000,6801000-040,11鄰,德育路,,105巷,,,,6號,121.220031952524,24.950331084339
桃園市平鎮區北安里11鄰德育路105巷7號,68,6801000,6801000-040,11鄰,德育路,,105巷,,,,7號,121.220073599046,24.9504732201194
桃園市平鎮區北安里11鄰德育路105巷8號,68,6801000,6801000-040,11鄰,德育路,,105巷,,,,8號,121.220073932319,24.9503264178486
桃園市平鎮區北安里11鄰德育路105巷9號,68,6801000,6801000-040,11鄰,德育路,,105巷,,,,9號,121.220119135403,24.9504637633105
桃園市平鎮區北安里11鄰德育路105巷10號,68,6801000,6801000-040,11鄰,德育路,,105巷,,,,10號,121.220133532398,24.9503179333838
桃園市平鎮區北安里11鄰德育路105巷11之1號,68,6801000,6801000-040,11鄰,德育路,,105巷,,,,11之1號,121.22023457987,24.9505065678774
桃園市平鎮區北安里11鄰德育路105巷11號,68,6801000,6801000-040,11鄰,德育路,,105巷,,,,11號,121.22019616325,24.9504545307979
桃園市平鎮區北安里11鄰德育路105巷12號,68,6801000,6801000-040,11鄰,德育路,,105巷,,,,12號,121.220184219606,24.9503092815002
桃園市平鎮區北安里11鄰德育路107號,68,6801000,6801000-040,11鄰,德育路,,,,,,107號,121.219783843648,24.9503629596838
桃園市平鎮區北安里11鄰德育路109號,68,6801000,6801000-040,11鄰,德育路,,,,,,109號,121.21977365848,24.9503154853259
桃園市平鎮區北安里11鄰德育路111號,68,6801000,6801000-040,11鄰,德育路,,,,,,111號,121.219765159364,24.9502694530239
桃園市平鎮區北安里11鄰德育路113號,68,6801000,6801000-040,11鄰,德育路,,,,,,113號,121.219763405225,24.9502296403676
桃園市平鎮區北安里11鄰德育路115號,68,6801000,6801000-040,11鄰,德育路,,,,,,115號,121.219758281246,24.9501882075699
桃園市平鎮區北安里11鄰德育路117號,68,6801000,6801000-040,11鄰,德育路,,,,,,117號,121.219744726425,24.9501392033512
桃園市平鎮區北安里11鄰德育路119巷1號,68,6801000,6801000-040,11鄰,德育路,,119巷,,,,1號,121.219895185378,24.9501588438314
桃園市平鎮區北安里11鄰德育路119巷2號,68,6801000,6801000-040,11鄰,德育路,,119巷,,,,2號,121.219906102675,24.9500051643472
桃園市平鎮區北安里11鄰德育路119巷3號,68,6801000,6801000-040,11鄰,德育路,,119巷,,,,3號,121.219948941287,24.9501495555105
桃園市平鎮區北安里11鄰德育路119巷5號,68,6801000,6801000-040,11鄰,德育路,,119巷,,,,5號,121.219996065032,24.9501418117918
桃園市平鎮區北安里11鄰德育路119巷6號,68,6801000,6801000-040,11鄰,德育路,,119巷,,,,6號,121.21995480809,24.9499958834791
桃園市平鎮區北安里11鄰德育路119巷7號,68,6801000,6801000-040,11鄰,德育路,,119巷,,,,7號,121.220043097925,24.9501386726765
桃園市平鎮區北安里11鄰德育路121號,68,6801000,6801000-040,11鄰,德育路,,,,,,121號,121.219720309473,24.9500518444501
桃園市平鎮區北安里11鄰德育路123號,68,6801000,6801000-040,11鄰,德育路,,,,,,123號,121.21970677086,24.9500119588872
桃園市平鎮區北安里11鄰德育路125號,68,6801000,6801000-040,11鄰,德育路,,,,,,125號,121.219694120304,24.9499702663333
桃園市平鎮區北安里11鄰德育路127號,68,6801000,6801000-040,11鄰,德育路,,,,,,127號,121.219682162632,24.9499283921884
桃園市平鎮區北安里11鄰德育路129號,68,6801000,6801000-040,11鄰,德育路,,,,,,129號,121.219678722969,24.9498874083224
桃園市平鎮區北安里11鄰德育路131號,68,6801000,6801000-040,11鄰,德育路,,,,,,131號,121.219665178302,24.9498440919715
桃園市平鎮區北安里11鄰德育路133號,68,6801000,6801000-040,11鄰,德育路,,,,,,133號,121.219649964424,24.9498088133565
桃園市平鎮區北安里11鄰德育路135號,68,6801000,6801000-040,11鄰,德育路,,,,,,135號,121.219641470995,24.9497659409757
桃園市平鎮區北安里11鄰德育路137號,68,6801000,6801000-040,11鄰,德育路,,,,,,137號,121.219641347052,24.9496960613375
桃園市平鎮區北安里11鄰德育路137號二樓,68,6801000,6801000-040,11鄰,德育路,,,,,,137號二樓,121.219641347052,24.9496960613375
桃園市平鎮區北安里11鄰德育路137號三樓,68,6801000,6801000-040,11鄰,德育路,,,,,,137號三樓,121.219641347052,24.9496960613375
桃園市平鎮區北安里11鄰德育路137號四樓,68,6801000,6801000-040,11鄰,德育路,,,,,,137號四樓,121.219641347052,24.9496960613375
桃園市平鎮區北安里11鄰德育路139號,68,6801000,6801000-040,11鄰,德育路,,,,,,139號,121.219621036511,24.9496346981543
桃園市平鎮區北安里11鄰德育路139號二樓,68,6801000,6801000-040,11鄰,德育路,,,,,,139號二樓,121.219621036511,24.9496346981543
桃園市平鎮區北安里11鄰德育路139號三樓,68,6801000,6801000-040,11鄰,德育路,,,,,,139號三樓,121.219621036511,24.9496346981543
桃園市平鎮區北安里11鄰德育路139號四樓,68,6801000,6801000-040,11鄰,德育路,,,,,,139號四樓,121.219621036511,24.9496346981543
桃園市平鎮區北安里11鄰德育路141號,68,6801000,6801000-040,11鄰,德育路,,,,,,141號,121.219593765079,24.9495570038223
桃園市平鎮區北安里11鄰德育路141號二樓,68,6801000,6801000-040,11鄰,德育路,,,,,,141號二樓,121.219593765079,24.9495570038223
桃園市平鎮區北安里11鄰德育路141號三樓,68,6801000,6801000-040,11鄰,德育路,,,,,,141號三樓,121.219593765079,24.9495570038223
桃園市平鎮區北安里11鄰德育路141號四樓,68,6801000,6801000-040,11鄰,德育路,,,,,,141號四樓,121.219593765079,24.9495570038223
桃園市平鎮區北安里11鄰德育路143號,68,6801000,6801000-040,11鄰,德育路,,,,,,143號,121.219570068758,24.949484992108
桃園市平鎮區北安里11鄰德育路143號二樓,68,6801000,6801000-040,11鄰,德育路,,,,,,143號二樓,121.219570068758,24.949484992108
桃園市平鎮區北安里11鄰德育路143號三樓,68,6801000,6801000-040,11鄰,德育路,,,,,,143號三樓,121.219570068758,24.949484992108
桃園市平鎮區北安里11鄰德育路143號四樓,68,6801000,6801000-040,11鄰,德育路,,,,,,143號四樓,121.219570068758,24.949484992108
桃園市平鎮區北安里12鄰德育路161號,68,6801000,6801000-040,12鄰,德育路,,,,,,161號,121.219584401032,24.9490789637825
桃園市平鎮區北興里33鄰德育路二段231號,68,6801000,6801000-010,33鄰,德育路,二段,,,,,231號,121.219178540083,24.9377481865162
桃園市平鎮區北興里33鄰德育路二段329巷37號,68,6801000,6801000-010,33鄰,德育路,二段,329巷,,,,37號,121.21867292168,24.9367772911028
桃園市平鎮區北興里33鄰德育路二段329巷37之1號,68,6801000,6801000-010,33鄰,德育路,二段,329巷,,,,37之1號,121.219189845964,24.9365827819492
桃園市平鎮區北興里33鄰德育路二段329巷38號,68,6801000,6801000-010,33鄰,德育路,二段,329巷,,,,38號,121.218551501798,24.9370442589117
桃園市平鎮區北興里33鄰德育路二段365號,68,6801000,6801000-010,33鄰,德育路,二段,,,,,365號,121.217800819939,24.936634474571
桃園市平鎮區北興里33鄰德育路二段369號,68,6801000,6801000-010,33鄰,德育路,二段,,,,,369號,121.217772999095,24.9365235559761
桃園市平鎮區北興里33鄰德育路二段379號,68,6801000,6801000-010,33鄰,德育路,二段,,,,,379號,121.217744797851,24.9361961364752
桃園市平鎮區北興里33鄰德育路二段385號,68,6801000,6801000-010,33鄰,德育路,二段,,,,,385號,121.217726800929,24.9360972113076
桃園市平鎮區北興里33鄰德育路二段393巷10號,68,6801000,6801000-010,33鄰,德育路,二段,393巷,,,,10號,121.21788878645,24.9358119474298
桃園市平鎮區北興里33鄰德育路二段393巷21之1號,68,6801000,6801000-010,33鄰,德育路,二段,393巷,,,,21之1號,121.218067681177,24.9359643563432
桃園市平鎮區北興里33鄰德育路二段393巷23號,68,6801000,6801000-010,33鄰,德育路,二段,393巷,,,,23號,121.218215504165,24.9359589937897
桃園市平鎮區北興里33鄰德育路二段393巷25號,68,6801000,6801000-010,33鄰,德育路,二段,393巷,,,,25號,121.218355348983,24.936089971886
桃園市平鎮區北興里33鄰德育路二段393巷27號,68,6801000,6801000-010,33鄰,德育路,二段,393巷,,,,27號,121.218419685127,24.9360757932849
桃園市平鎮區北興里33鄰德育路二段393巷29弄1號,68,6801000,6801000-010,33鄰,德育路,二段,393巷,29弄,,,1號,121.218496246991,24.9362565202678
桃園市平鎮區北興里33鄰德育路二段393巷29弄2號,68,6801000,6801000-010,33鄰,德育路,二段,393巷,29弄,,,2號,121.218607314449,24.9362395645449
桃園市平鎮區北興里33鄰德育路二段393巷31號,68,6801000,6801000-010,33鄰,德育路,二段,393巷,,,,31號,121.218525059275,24.9360309481566
桃園市平鎮區北興里33鄰德育路二段393巷33號,68,6801000,6801000-010,33鄰,德育路,二段,393巷,,,,33號,121.218571876081,24.936020587111
桃園市平鎮區北興里33鄰德育路二段393巷35號,68,6801000,6801000-010,33鄰,德育路,二段,393巷,,,,35號,121.21861928682,24.9360101348953
桃園市平鎮區北興里33鄰德育路二段393巷36號,68,6801000,6801000-010,33鄰,德育路,二段,393巷,,,,36號,121.218818436799,24.9356327256345
桃園市平鎮區北興里33鄰德育路二段393巷39號,68,6801000,6801000-010,33鄰,德育路,二段,393巷,,,,39號,121.218783095084,24.9359733294372
桃園市平鎮區北興里33鄰德育路二段393巷41號,68,6801000,6801000-010,33鄰,德育路,二段,393巷,,,,41號,121.218875428942,24.9359455669124
桃園市平鎮區北興里33鄰德育路二段393巷43號,68,6801000,6801000-010,33鄰,德育路,二段,393巷,,,,43號,121.218932244144,24.9359339270921
桃園市平鎮區北興里33鄰德育路二段393巷49號,68,6801000,6801000-010,33鄰,德育路,二段,393巷,,,,49號,121.219178121079,24.9361118769609
桃園市平鎮區北興里33鄰德育路二段393巷50號,68,6801000,6801000-010,33鄰,德育路,二段,393巷,,,,50號,121.219183244771,24.9354818664406
桃園市平鎮區北華里7鄰德育路二段3號,68,6801000,6801000-041,7鄰,德育路,二段,,,,,3號,121.219066853783,24.9453113601573
桃園市平鎮區北華里7鄰德育路二段5號,68,6801000,6801000-041,7鄰,德育路,二段,,,,,5號,121.219061104014,24.9452517811293
桃園市平鎮區北華里7鄰德育路二段7號,68,6801000,6801000-041,7鄰,德育路,二段,,,,,7號,121.219056076161,24.9452084521708
桃園市平鎮區北華里7鄰德育路二段9號,68,6801000,6801000-041,7鄰,德育路,二段,,,,,9號,121.219049485002,24.9451770430065
桃園市平鎮區北華里7鄰德育路二段11號,68,6801000,6801000-041,7鄰,德育路,二段,,,,,11號,121.21905662291,24.9451256608804
桃園市平鎮區北華里7鄰德育路二段13號,68,6801000,6801000-041,7鄰,德育路,二段,,,,,13號,121.219049802731,24.9450767369438
桃園市平鎮區北華里7鄰德育路二段15號,68,6801000,6801000-041,7鄰,德育路,二段,,,,,15號,121.219034576373,24.9450339646803
桃園市平鎮區北華里7鄰德育路二段15之1號,68,6801000,6801000-041,7鄰,德育路,二段,,,,,15之1號,121.219034576373,24.9450339646803
桃園市平鎮區北華里7鄰德育路二段15之2號,68,6801000,6801000-041,7鄰,德育路,二段,,,,,15之2號,121.219034576373,24.9450339646803
桃園市平鎮區北華里7鄰德育路二段15之3號,68,6801000,6801000-041,7鄰,德育路,二段,,,,,15之3號,121.219034576373,24.9450339646803
桃園市平鎮區北華里7鄰德育路二段17之1號,68,6801000,6801000-041,7鄰,德育路,二段,,,,,17之1號,121.219036189852,24.9449944178876
桃園市平鎮區北華里7鄰德育路二段17之2號,68,6801000,6801000-041,7鄰,德育路,二段,,,,,17之2號,121.219036189852,24.9449944178876
桃園市平鎮區北華里7鄰德育路二段17號,68,6801000,6801000-041,7鄰,德育路,二段,,,,,17號,121.219036189852,24.9449944178876
桃園市平鎮區北華里7鄰德育路二段17之3號,68,6801000,6801000-041,7鄰,德育路,二段,,,,,17之3號,121.219036189852,24.9449944178876
桃園市平鎮區北華里7鄰德育路二段19之1號,68,6801000,6801000-041,7鄰,德育路,二段,,,,,19之1號,121.219032840955,24.9449485585048
桃園市平鎮區北華里7鄰德育路二段19之4號,68,6801000,6801000-041,7鄰,德育路,二段,,,,,19之4號,121.219032840955,24.9449485585048
桃園市平鎮區北華里7鄰德育路二段19號,68,6801000,6801000-041,7鄰,德育路,二段,,,,,19號,121.219032840955,24.9449485585048
桃園市平鎮區北華里7鄰德育路二段19之3號,68,6801000,6801000-041,7鄰,德育路,二段,,,,,19之3號,121.219032840955,24.9449485585048
桃園市平鎮區北華里7鄰德育路二段19之2號三樓,68,6801000,6801000-041,7鄰,德育路,二段,,,,,19之2號三樓,121.219032840955,24.9449485585048
桃園市平鎮區北華里7鄰德育路二段21之1號,68,6801000,6801000-041,7鄰,德育路,二段,,,,,21之1號,121.219031076444,24.9449026967925
桃園市平鎮區北華里7鄰德育路二段21之3號,68,6801000,6801000-041,7鄰,德育路,二段,,,,,21之3號,121.219031076444,24.9449026967925
桃園市平鎮區北華里7鄰德育路二段21之4號,68,6801000,6801000-041,7鄰,德育路,二段,,,,,21之4號,121.219031076444,24.9449026967925
桃園市平鎮區北華里7鄰德育路二段21號,68,6801000,6801000-041,7鄰,德育路,二段,,,,,21號,121.219031076444,24.9449026967925
桃園市平鎮區北華里7鄰德育路二段21之2號,68,6801000,6801000-041,7鄰,德育路,二段,,,,,21之2號,121.219031076444,24.9449026967925
桃園市平鎮區北華里7鄰德育路二段23之2號,68,6801000,6801000-041,7鄰,德育路,二段,,,,,23之2號,121.219021873968,24.9448505261285
桃園市平鎮區北華里7鄰德育路二段23之4號,68,6801000,6801000-041,7鄰,德育路,二段,,,,,23之4號,121.219021873968,24.9448505261285
桃園市平鎮區北華里7鄰德育路二段23號,68,6801000,6801000-041,7鄰,德育路,二段,,,,,23號,121.219021873968,24.9448505261285
桃園市平鎮區北華里7鄰德育路二段23之1號,68,6801000,6801000-041,7鄰,德育路,二段,,,,,23之1號,121.219021873968,24.9448505261285
桃園市平鎮區北華里7鄰德育路二段23之3號,68,6801000,6801000-041,7鄰,德育路,二段,,,,,23之3號,121.219021873968,24.9448505261285
桃園市平鎮區北華里7鄰德育路二段25之2號,68,6801000,6801000-041,7鄰,德育路,二段,,,,,25之2號,121.21902180101,24.9448092664166
桃園市平鎮區北華里7鄰德育路二段25號,68,6801000,6801000-041,7鄰,德育路,二段,,,,,25號,121.21902180101,24.9448092664166
桃園市平鎮區北華里7鄰德育路二段25之4號,68,6801000,6801000-041,7鄰,德育路,二段,,,,,25之4號,121.21902180101,24.9448092664166
桃園市平鎮區北華里7鄰德育路二段25之3號,68,6801000,6801000-041,7鄰,德育路,二段,,,,,25之3號,121.21902180101,24.9448092664166
桃園市平鎮區北華里7鄰德育路二段25之1號,68,6801000,6801000-041,7鄰,德育路,二段,,,,,25之1號,121.21902180101,24.9448092664166
桃園市平鎮區北華里7鄰德育路二段27號,68,6801000,6801000-041,7鄰,德育路,二段,,,,,27號,121.21902005279,24.9447726136545
桃園市平鎮區北華里7鄰德育路二段29號,68,6801000,6801000-041,7鄰,德育路,二段,,,,,29號,121.219013236158,24.944725675958
桃園市平鎮區北華里7鄰德育路二段31號,68,6801000,6801000-041,7鄰,德育路,二段,,,,,31號,121.219012950948,24.9446763812752
桃園市平鎮區北華里7鄰德育路二段33號,68,6801000,6801000-041,7鄰,德育路,二段,,,,,33號,121.219006152523,24.944639735935
桃園市平鎮區北華里7鄰德育路二段35號,68,6801000,6801000-041,7鄰,德育路,二段,,,,,35號,121.219002701911,24.9445923418695
桃園市平鎮區北華里7鄰德育路二段37號,68,6801000,6801000-041,7鄰,德育路,二段,,,,,37號,121.219002631514,24.9445525266975
桃園市平鎮區北華里7鄰德育路二段39號,68,6801000,6801000-041,7鄰,德育路,二段,,,,,39號,121.218995918555,24.9445082070845
桃園市平鎮區北華里7鄰德育路二段43號,68,6801000,6801000-041,7鄰,德育路,二段,,,,,43號,121.219003980278,24.9444192654244
桃園市平鎮區北華里7鄰德育路二段45號,68,6801000,6801000-041,7鄰,德育路,二段,,,,,45號,121.21899548203,24.9443733233211
桃園市平鎮區北華里7鄰德育路二段47號,68,6801000,6801000-041,7鄰,德育路,二段,,,,,47號,121.21898697852,24.9443244018503
桃園市平鎮區北華里7鄰德育路二段47號五樓,68,6801000,6801000-041,7鄰,德育路,二段,,,,,47號五樓,121.21898697852,24.9443244018503
桃園市平鎮區北華里7鄰德育路二段47號七樓,68,6801000,6801000-041,7鄰,德育路,二段,,,,,47號七樓,121.21898697852,24.9443244018503
桃園市平鎮區北華里7鄰德育路二段47號二樓,68,6801000,6801000-041,7鄰,德育路,二段,,,,,47號二樓,121.21898697852,24.9443244018503
桃園市平鎮區北華里7鄰德育路二段47號三樓,68,6801000,6801000-041,7鄰,德育路,二段,,,,,47號三樓,121.21898697852,24.9443244018503
桃園市平鎮區北華里7鄰德育路二段47號四樓,68,6801000,6801000-041,7鄰,德育路,二段,,,,,47號四樓,121.21898697852,24.9443244018503
桃園市平鎮區北華里7鄰德育路二段47號六樓,68,6801000,6801000-041,7鄰,德育路,二段,,,,,47號六樓,121.21898697852,24.9443244018503
桃園市平鎮區北華里8鄰德育路二段49號,68,6801000,6801000-041,8鄰,德育路,二段,,,,,49號,121.219074545864,24.9440616367559
桃園市平鎮區北華里8鄰德育路二段51巷1號,68,6801000,6801000-041,8鄰,德育路,二段,51巷,,,,1號,121.219197908376,24.944049898973
桃園市平鎮區北華里8鄰德育路二段51巷2號,68,6801000,6801000-041,8鄰,德育路,二段,51巷,,,,2號,121.21919463144,24.9439328053449
桃園市平鎮區北華里8鄰德育路二段51巷3號,68,6801000,6801000-041,8鄰,德育路,二段,51巷,,,,3號,121.219270793153,24.9440518682721
桃園市平鎮區北華里8鄰德育路二段51巷5號,68,6801000,6801000-041,8鄰,德育路,二段,51巷,,,,5號,121.219337046092,24.9440553821268
桃園市平鎮區北華里8鄰德育路二段51巷6號,68,6801000,6801000-041,8鄰,德育路,二段,51巷,,,,6號,121.219309512989,24.9439409424428
桃園市平鎮區北華里8鄰德育路二段51巷7號,68,6801000,6801000-041,8鄰,德育路,二段,51巷,,,,7號,121.219411806618,24.9439423266821
桃園市平鎮區北華里8鄰德育路二段53號,68,6801000,6801000-041,8鄰,德育路,二段,,,,,53號,121.219110729134,24.9439161359046
桃園市平鎮區北華里6鄰德育路二段55號,68,6801000,6801000-041,6鄰,德育路,二段,,,,,55號,121.219095411238,24.9438215407128
桃園市平鎮區北華里6鄰德育路二段57號,68,6801000,6801000-041,6鄰,德育路,二段,,,,,57號,121.219099555048,24.9437569815024
桃園市平鎮區北華里6鄰德育路二段73號,68,6801000,6801000-041,6鄰,德育路,二段,,,,,73號,121.219101410147,24.943686105771
桃園市平鎮區北華里6鄰德育路二段75號,68,6801000,6801000-041,6鄰,德育路,二段,,,,,75號,121.219105303512,24.9436479098795
桃園市平鎮區北華里6鄰德育路二段77號,68,6801000,6801000-041,6鄰,德育路,二段,,,,,77號,121.219104233275,24.9436026791279
桃園市平鎮區北華里6鄰德育路二段79號,68,6801000,6801000-041,6鄰,德育路,二段,,,,,79號,121.219104944811,24.9435570846198
桃園市平鎮區北華里6鄰德育路二段81號,68,6801000,6801000-041,6鄰,德育路,二段,,,,,81號,121.219105563232,24.9435148307594
桃園市平鎮區北華里6鄰德育路二段85號,68,6801000,6801000-041,6鄰,德育路,二段,,,,,85號,121.219087678466,24.9434245729719
桃園市平鎮區北華里6鄰德育路二段95巷3號,68,6801000,6801000-041,6鄰,德育路,二段,95巷,,,,3號,121.219249795939,24.9432662470924
桃園市平鎮區北華里6鄰德育路二段95巷5號,68,6801000,6801000-041,6鄰,德育路,二段,95巷,,,,5號,121.2192986184,24.9432686129193
桃園市平鎮區北華里6鄰德育路二段95巷7號,68,6801000,6801000-041,6鄰,德育路,二段,95巷,,,,7號,121.219345759397,24.9432720646143
桃園市平鎮區北華里6鄰德育路二段95巷9號,68,6801000,6801000-041,6鄰,德育路,二段,95巷,,,,9號,121.219394582822,24.9432749721128
桃園市平鎮區北華里6鄰德育路二段95巷11號,68,6801000,6801000-041,6鄰,德育路,二段,95巷,,,,11號,121.219454001508,24.9432777737076
桃園市平鎮區北華里6鄰德育路二段95巷13號,68,6801000,6801000-041,6鄰,德育路,二段,95巷,,,,13號,121.219541047828,24.9432807151451
桃園市平鎮區北華里5鄰德育路二段95巷15號,68,6801000,6801000-041,5鄰,德育路,二段,95巷,,,,15號,121.219759263366,24.9433191253567
桃園市平鎮區北華里5鄰德育路二段95巷17號,68,6801000,6801000-041,5鄰,德育路,二段,95巷,,,,17號,121.219833746662,24.9433293078769
桃園市平鎮區北華里5鄰德育路二段95巷19號,68,6801000,6801000-041,5鄰,德育路,二段,95巷,,,,19號,121.219914260254,24.9433337935631
桃園市平鎮區北華里5鄰德育路二段95巷21號,68,6801000,6801000-041,5鄰,德育路,二段,95巷,,,,21號,121.2199732885,24.9433397554697
桃園市平鎮區北華里5鄰德育路二段95巷22號,68,6801000,6801000-041,5鄰,德育路,二段,95巷,,,,22號,121.219925517625,24.9431488751452
桃園市平鎮區北華里5鄰德育路二段95巷23號,68,6801000,6801000-041,5鄰,德育路,二段,95巷,,,,23號,121.220037067273,24.9433442657927
桃園市平鎮區北華里5鄰德育路二段95巷24號,68,6801000,6801000-041,5鄰,德育路,二段,95巷,,,,24號,121.21996019891,24.9431620054317
桃園市平鎮區北華里5鄰德育路二段95巷25號,68,6801000,6801000-041,5鄰,德育路,二段,95巷,,,,25號,121.220127982112,24.9433509028219
桃園市平鎮區北華里5鄰德育路二段95巷26號,68,6801000,6801000-041,5鄰,德育路,二段,95巷,,,,26號,121.220008121961,24.9431597678656
桃園市平鎮區北華里5鄰德育路二段95巷27號,68,6801000,6801000-041,5鄰,德育路,二段,95巷,,,,27號,121.22018610874,24.9433509975107
桃園市平鎮區北華里5鄰德育路二段95巷28號,68,6801000,6801000-041,5鄰,德育路,二段,95巷,,,,28號,121.22004703781,24.9431597104034
桃園市平鎮區北華里5鄰德育路二段95巷30號,68,6801000,6801000-041,5鄰,德育路,二段,95巷,,,,30號,121.220090614134,24.9431632574109
桃園市平鎮區北華里5鄰德育路二段95巷32號,68,6801000,6801000-041,5鄰,德育路,二段,95巷,,,,32號,121.220132207924,24.9431656336414
桃園市平鎮區北華里5鄰德育路二段95巷34號,68,6801000,6801000-041,5鄰,德育路,二段,95巷,,,,34號,121.220172406735,24.9431631365808
桃園市平鎮區北華里5鄰德育路二段95巷36號,68,6801000,6801000-041,5鄰,德育路,二段,95巷,,,,36號,121.220211525285,24.9431656970146
桃園市平鎮區北華里5鄰德育路二段95巷38號,68,6801000,6801000-041,5鄰,德育路,二段,95巷,,,,38號,121.220251827451,24.9431656374502
桃園市平鎮區北華里5鄰德育路二段95巷40號,68,6801000,6801000-041,5鄰,德育路,二段,95巷,,,,40號,121.220298779379,24.9431741450319
桃園市平鎮區北華里4鄰德育路二段123之3號,68,6801000,6801000-041,4鄰,德育路,二段,,,,,123之3號,121.219383037973,24.9425152484919
桃園市平鎮區北華里4鄰德育路二段123之1號,68,6801000,6801000-041,4鄰,德育路,二段,,,,,123之1號,121.219210109761,24.942495279343
桃園市平鎮區北華里4鄰德育路二段123之5號,68,6801000,6801000-041,4鄰,德育路,二段,,,,,123之5號,121.219496949115,24.9425353043828
桃園市平鎮區北華里4鄰德育路二段123號,68,6801000,6801000-041,4鄰,德育路,二段,,,,,123號,121.219148100592,24.9424832724806
桃園市平鎮區北華里4鄰德育路二段123之3號五樓,68,6801000,6801000-041,4鄰,德育路,二段,,,,,123之3號五樓,121.219383037973,24.9425152484919
桃園市平鎮區北華里4鄰德育路二段123之5號四樓,68,6801000,6801000-041,4鄰,德育路,二段,,,,,123之5號四樓,121.219496949115,24.9425353043828
桃園市平鎮區北華里4鄰德育路二段123之2號六樓,68,6801000,6801000-041,4鄰,德育路,二段,,,,,123之2號六樓,121.219288448143,24.942501935389
桃園市平鎮區北華里4鄰德育路二段123之2號七樓,68,6801000,6801000-041,4鄰,德育路,二段,,,,,123之2號七樓,121.219288448143,24.942501935389
桃園市平鎮區北華里4鄰德育路二段123之5號三樓,68,6801000,6801000-041,4鄰,德育路,二段,,,,,123之5號三樓,121.219496949115,24.9425353043828
桃園市平鎮區北華里4鄰德育路二段123之2號八樓,68,6801000,6801000-041,4鄰,德育路,二段,,,,,123之2號八樓,121.219288448143,24.942501935389
桃園市平鎮區北華里4鄰德育路二段123之2號三樓,68,6801000,6801000-041,4鄰,德育路,二段,,,,,123之2號三樓,121.219288448143,24.942501935389
桃園市平鎮區北華里4鄰德育路二段123之5號六樓,68,6801000,6801000-041,4鄰,德育路,二段,,,,,123之5號六樓,121.219496949115,24.9425353043828
桃園市平鎮區北華里4鄰德育路二段123之1號九樓,68,6801000,6801000-041,4鄰,德育路,二段,,,,,123之1號九樓,121.219210109761,24.942495279343
桃園市平鎮區北華里4鄰德育路二段123之2號四樓,68,6801000,6801000-041,4鄰,德育路,二段,,,,,123之2號四樓,121.219288448143,24.942501935389
桃園市平鎮區北華里4鄰德育路二段123之3號十一樓,68,6801000,6801000-041,4鄰,德育路,二段,,,,,123之3號十一樓,121.219383037973,24.9425152484919
桃園市平鎮區北華里4鄰德育路二段123之1號十樓,68,6801000,6801000-041,4鄰,德育路,二段,,,,,123之1號十樓,121.219210109761,24.942495279343
桃園市平鎮區北華里4鄰德育路二段123之3號十二樓,68,6801000,6801000-041,4鄰,德育路,二段,,,,,123之3號十二樓,121.219383037973,24.9425152484919
桃園市平鎮區北華里4鄰德育路二段123之2號十一樓,68,6801000,6801000-041,4鄰,德育路,二段,,,,,123之2號十一樓,121.219288448143,24.942501935389
桃園市平鎮區北華里4鄰德育路二段123之5號二樓,68,6801000,6801000-041,4鄰,德育路,二段,,,,,123之5號二樓,121.219496949115,24.9425353043828
桃園市平鎮區北華里4鄰德育路二段123之3號二樓,68,6801000,6801000-041,4鄰,德育路,二段,,,,,123之3號二樓,121.219383037973,24.9425152484919
桃園市平鎮區北華里4鄰德育路二段123之1號六樓,68,6801000,6801000-041,4鄰,德育路,二段,,,,,123之1號六樓,121.219210109761,24.942495279343
桃園市平鎮區北華里4鄰德育路二段123之1號七樓,68,6801000,6801000-041,4鄰,德育路,二段,,,,,123之1號七樓,121.219210109761,24.942495279343
桃園市平鎮區北華里4鄰德育路二段123之3號三樓,68,6801000,6801000-041,4鄰,德育路,二段,,,,,123之3號三樓,121.219383037973,24.9425152484919
桃園市平鎮區北華里4鄰德育路二段123之5號九樓,68,6801000,6801000-041,4鄰,德育路,二段,,,,,123之5號九樓,121.219496949115,24.9425353043828
桃園市平鎮區北華里4鄰德育路二段123之3號七樓,68,6801000,6801000-041,4鄰,德育路,二段,,,,,123之3號七樓,121.219383037973,24.9425152484919
桃園市平鎮區北華里4鄰德育路二段123之3號十樓,68,6801000,6801000-041,4鄰,德育路,二段,,,,,123之3號十樓,121.219383037973,24.9425152484919
桃園市平鎮區北華里4鄰德育路二段123之1號三樓,68,6801000,6801000-041,4鄰,德育路,二段,,,,,123之1號三樓,121.219210109761,24.942495279343
桃園市平鎮區北華里4鄰德育路二段123之1號八樓,68,6801000,6801000-041,4鄰,德育路,二段,,,,,123之1號八樓,121.219210109761,24.942495279343
桃園市平鎮區北華里4鄰德育路二段123之1號四樓,68,6801000,6801000-041,4鄰,德育路,二段,,,,,123之1號四樓,121.219210109761,24.942495279343
桃園市平鎮區北華里4鄰德育路二段123之1號二樓,68,6801000,6801000-041,4鄰,德育路,二段,,,,,123之1號二樓,121.219210109761,24.942495279343
桃園市平鎮區北華里4鄰德育路二段123之3號六樓,68,6801000,6801000-041,4鄰,德育路,二段,,,,,123之3號六樓,121.219383037973,24.9425152484919
桃園市平鎮區北華里4鄰德育路二段123之3號九樓,68,6801000,6801000-041,4鄰,德育路,二段,,,,,123之3號九樓,121.219383037973,24.9425152484919
桃園市平鎮區北華里4鄰德育路二段123之2號十二樓,68,6801000,6801000-041,4鄰,德育路,二段,,,,,123之2號十二樓,121.219288448143,24.942501935389
桃園市平鎮區北華里4鄰德育路二段123之2號九樓,68,6801000,6801000-041,4鄰,德育路,二段,,,,,123之2號九樓,121.219288448143,24.942501935389
桃園市平鎮區北華里4鄰德育路二段123之2號十樓,68,6801000,6801000-041,4鄰,德育路,二段,,,,,123之2號十樓,121.219288448143,24.942501935389
桃園市平鎮區北華里4鄰德育路二段123之1號十一樓,68,6801000,6801000-041,4鄰,德育路,二段,,,,,123之1號十一樓,121.219210109761,24.942495279343
桃園市平鎮區北華里4鄰德育路二段123之3號八樓,68,6801000,6801000-041,4鄰,德育路,二段,,,,,123之3號八樓,121.219383037973,24.9425152484919
桃園市平鎮區北華里4鄰德育路二段123之5號五樓,68,6801000,6801000-041,4鄰,德育路,二段,,,,,123之5號五樓,121.219496949115,24.9425353043828
桃園市平鎮區北華里4鄰德育路二段123之5號十樓,68,6801000,6801000-041,4鄰,德育路,二段,,,,,123之5號十樓,121.219496949115,24.9425353043828
桃園市平鎮區北華里4鄰德育路二段123之5號七樓,68,6801000,6801000-041,4鄰,德育路,二段,,,,,123之5號七樓,121.219496949115,24.9425353043828
桃園市平鎮區北華里4鄰德育路二段123之1號十二樓,68,6801000,6801000-041,4鄰,德育路,二段,,,,,123之1號十二樓,121.219210109761,24.942495279343
桃園市平鎮區北華里4鄰德育路二段123之2號二樓,68,6801000,6801000-041,4鄰,德育路,二段,,,,,123之2號二樓,121.219288448143,24.942501935389
桃園市平鎮區北華里4鄰德育路二段123之5號十一樓,68,6801000,6801000-041,4鄰,德育路,二段,,,,,123之5號十一樓,121.219496949115,24.9425353043828
桃園市平鎮區北華里4鄰德育路二段123之5號八樓,68,6801000,6801000-041,4鄰,德育路,二段,,,,,123之5號八樓,121.219496949115,24.9425353043828
桃園市平鎮區北華里4鄰德育路二段123之1號五樓,68,6801000,6801000-041,4鄰,德育路,二段,,,,,123之1號五樓,121.219210109761,24.942495279343
桃園市平鎮區北華里4鄰德育路二段123之3號四樓,68,6801000,6801000-041,4鄰,德育路,二段,,,,,123之3號四樓,121.219383037973,24.9425152484919
桃園市平鎮區北華里4鄰德育路二段123之5號十二樓,68,6801000,6801000-041,4鄰,德育路,二段,,,,,123之5號十二樓,121.219496949115,24.9425353043828
桃園市平鎮區北華里4鄰德育路二段123之2號五樓,68,6801000,6801000-041,4鄰,德育路,二段,,,,,123之2號五樓,121.219288448143,24.942501935389
桃園市平鎮區北華里4鄰德育路二段125號,68,6801000,6801000-041,4鄰,德育路,二段,,,,,125號,121.218995758559,24.9424013379154
桃園市平鎮區北華里4鄰德育路二段127號,68,6801000,6801000-041,4鄰,德育路,二段,,,,,127號,121.219000627454,24.9423548344495
桃園市平鎮區北華里4鄰德育路二段129號,68,6801000,6801000-041,4鄰,德育路,二段,,,,,129號,121.219008737571,24.9422933390591
桃園市平鎮區北華里4鄰德育路二段131巷1號,68,6801000,6801000-041,4鄰,德育路,二段,131巷,,,,1號,121.219182245224,24.9423051820228
桃園市平鎮區北華里4鄰德育路二段131巷2號,68,6801000,6801000-041,4鄰,德育路,二段,131巷,,,,2號,121.2191691708,24.9421912627203
桃園市平鎮區北華里4鄰德育路二段131巷3號,68,6801000,6801000-041,4鄰,德育路,二段,131巷,,,,3號,121.219252573262,24.9423178086208
桃園市平鎮區北華里4鄰德育路二段131巷4號,68,6801000,6801000-041,4鄰,德育路,二段,131巷,,,,4號,121.219264549838,24.9422030399099
桃園市平鎮區北華里4鄰德育路二段131巷5號,68,6801000,6801000-041,4鄰,德育路,二段,131巷,,,,5號,121.219321213786,24.9423280902827
桃園市平鎮區北華里4鄰德育路二段131巷6號,68,6801000,6801000-041,4鄰,德育路,二段,131巷,,,,6號,121.219323898558,24.9422225442209
桃園市平鎮區北華里4鄰德育路二段131巷7號,68,6801000,6801000-041,4鄰,德育路,二段,131巷,,,,7號,121.219387183129,24.9423397301071
桃園市平鎮區北華里4鄰德育路二段131巷8號,68,6801000,6801000-041,4鄰,德育路,二段,131巷,,,,8號,121.219384623688,24.9422364488677
桃園市平鎮區北華里4鄰德育路二段131巷9號,68,6801000,6801000-041,4鄰,德育路,二段,131巷,,,,9號,121.219460683425,24.9423543381863
桃園市平鎮區北華里4鄰德育路二段131巷10號,68,6801000,6801000-041,4鄰,德育路,二段,131巷,,,,10號,121.219493301135,24.9422648186056
桃園市平鎮區北華里4鄰德育路二段131巷11號,68,6801000,6801000-041,4鄰,德育路,二段,131巷,,,,11號,121.219524940478,24.9424055249052
桃園市平鎮區北華里4鄰德育路二段131巷12號,68,6801000,6801000-041,4鄰,德育路,二段,131巷,,,,12號,121.219578906545,24.9422932222629
桃園市平鎮區北華里4鄰德育路二段133號,68,6801000,6801000-041,4鄰,德育路,二段,,,,,133號,121.219023363855,24.9421649335725
桃園市平鎮區北華里3鄰德育路二段135號,68,6801000,6801000-041,3鄰,德育路,二段,,,,,135號,121.219019909482,24.9421153726784
桃園市平鎮區北華里3鄰德育路二段137號,68,6801000,6801000-041,3鄰,德育路,二段,,,,,137號,121.219021505376,24.9420658946454
桃園市平鎮區北華里3鄰德育路二段139號,68,6801000,6801000-041,3鄰,德育路,二段,,,,,139號,121.219034585062,24.942014864903
桃園市平鎮區北華里3鄰德育路二段141巷1號,68,6801000,6801000-041,3鄰,德育路,二段,141巷,,,,1號,121.219170733557,24.942067119784
桃園市平鎮區北華里3鄰德育路二段141巷2號,68,6801000,6801000-041,3鄰,德育路,二段,141巷,,,,2號,121.219165894561,24.9419066017678
桃園市平鎮區北華里3鄰德育路二段141巷3號,68,6801000,6801000-041,3鄰,德育路,二段,141巷,,,,3號,121.219226696607,24.9420759755902
桃園市平鎮區北華里3鄰德育路二段141巷4號,68,6801000,6801000-041,3鄰,德育路,二段,141巷,,,,4號,121.219215322277,24.9419155574746
桃園市平鎮區北華里3鄰德育路二段141巷5號,68,6801000,6801000-041,3鄰,德育路,二段,141巷,,,,5號,121.21928098972,24.9420924176971
桃園市平鎮區北華里3鄰德育路二段141巷6號,68,6801000,6801000-041,3鄰,德育路,二段,141巷,,,,6號,121.219266318364,24.941915482447
桃園市平鎮區北華里3鄰德育路二段141巷7號,68,6801000,6801000-041,3鄰,德育路,二段,141巷,,,,7號,121.219346882293,24.9421166974273
桃園市平鎮區北華里3鄰德育路二段141巷8弄1號,68,6801000,6801000-041,3鄰,德育路,二段,141巷,8弄,,,1號,121.219423913972,24.9418330016581
桃園市平鎮區北華里3鄰德育路二段141巷8弄2號,68,6801000,6801000-041,3鄰,德育路,二段,141巷,8弄,,,2號,121.219231131928,24.9417845319826
桃園市平鎮區北華里3鄰德育路二段141巷8弄3號,68,6801000,6801000-041,3鄰,德育路,二段,141巷,8弄,,,3號,121.219423850165,24.9417969783949
桃園市平鎮區北華里3鄰德育路二段141巷8弄4號,68,6801000,6801000-041,3鄰,德育路,二段,141巷,8弄,,,4號,121.21923275953,24.9417530204357
桃園市平鎮區北華里3鄰德育路二段141巷8弄5號,68,6801000,6801000-041,3鄰,德育路,二段,141巷,8弄,,,5號,121.219425467004,24.9417594178271
桃園市平鎮區北華里3鄰德育路二段141巷8弄6號,68,6801000,6801000-041,3鄰,德育路,二段,141巷,8弄,,,6號,121.219227744711,24.9417170044556
桃園市平鎮區北華里3鄰德育路二段141巷8弄7號,68,6801000,6801000-041,3鄰,德育路,二段,141巷,8弄,,,7號,121.219430255244,24.941723387419
桃園市平鎮區北華里3鄰德育路二段141巷9號,68,6801000,6801000-041,3鄰,德育路,二段,141巷,,,,9號,121.219401279739,24.9421361187118
桃園市平鎮區北華里3鄰德育路二段141巷10號,68,6801000,6801000-041,3鄰,德育路,二段,141巷,,,,10號,121.219370705919,24.9419259823371
桃園市平鎮區北華里3鄰德育路二段141巷11號,68,6801000,6801000-041,3鄰,德育路,二段,141巷,,,,11號,121.219460523987,24.9421525534631
桃園市平鎮區北華里3鄰德育路二段141巷12號,68,6801000,6801000-041,3鄰,德育路,二段,141巷,,,,12號,121.219416887215,24.9419469505415
桃園市平鎮區北華里3鄰德育路二段141巷13號,68,6801000,6801000-041,3鄰,德育路,二段,141巷,,,,13號,121.21950829229,24.9421749638463
桃園市平鎮區北華里3鄰德育路二段141巷14號,68,6801000,6801000-041,3鄰,德育路,二段,141巷,,,,14號,121.219462961506,24.9419634046839
桃園市平鎮區北華里3鄰德育路二段141巷15號,68,6801000,6801000-041,3鄰,德育路,二段,141巷,,,,15號,121.219559024861,24.9421937584826
桃園市平鎮區北華里3鄰德育路二段141巷16號,68,6801000,6801000-041,3鄰,德育路,二段,141巷,,,,16號,121.219492793552,24.941978347907
桃園市平鎮區北華里3鄰德育路二段141巷17號,68,6801000,6801000-041,3鄰,德育路,二段,141巷,,,,17號,121.219618378744,24.9422161517596
桃園市平鎮區北華里3鄰德育路二段141巷18號,68,6801000,6801000-041,3鄰,德育路,二段,141巷,,,,18號,121.219527675226,24.9419930128328
桃園市平鎮區北華里3鄰德育路二段141巷19號,68,6801000,6801000-041,3鄰,德育路,二段,141巷,,,,19號,121.219675955539,24.9422415270078
桃園市平鎮區北華里3鄰德育路二段141巷20號,68,6801000,6801000-041,3鄰,德育路,二段,141巷,,,,20號,121.219563643905,24.9420064121714
桃園市平鎮區北華里3鄰德育路二段141巷22號,68,6801000,6801000-041,3鄰,德育路,二段,141巷,,,,22號,121.219616121671,24.9420042583064
桃園市平鎮區北華里3鄰德育路二段141巷24弄1號,68,6801000,6801000-041,3鄰,德育路,二段,141巷,24弄,,,1號,121.219743136159,24.9419312117941
桃園市平鎮區北華里3鄰德育路二段141巷24弄2號,68,6801000,6801000-041,3鄰,德育路,二段,141巷,24弄,,,2號,121.219619049152,24.9418681958521
桃園市平鎮區北華里3鄰德育路二段141巷24弄3號,68,6801000,6801000-041,3鄰,德育路,二段,141巷,24弄,,,3號,121.219744715747,24.9418727053676
桃園市平鎮區北華里3鄰德育路二段141巷24弄4號,68,6801000,6801000-041,3鄰,德育路,二段,141巷,24弄,,,4號,121.219612452593,24.9418337170469
桃園市平鎮區北華里3鄰德育路二段141巷24弄5號,68,6801000,6801000-041,3鄰,德育路,二段,141巷,24弄,,,5號,121.219741322962,24.9418021984873
桃園市平鎮區北華里3鄰德育路二段141巷24弄6號,68,6801000,6801000-041,3鄰,德育路,二段,141巷,24弄,,,6號,121.219612396734,24.9418022079775
桃園市平鎮區北華里3鄰德育路二段141巷24弄7號,68,6801000,6801000-041,3鄰,德育路,二段,141巷,24弄,,,7號,121.219741224471,24.9417466739097
桃園市平鎮區北華里3鄰德育路二段141巷24弄8號,68,6801000,6801000-041,3鄰,德育路,二段,141巷,24弄,,,8號,121.219614688259,24.9417542637419
桃園市平鎮區北華里3鄰德育路二段141巷24弄10號,68,6801000,6801000-041,3鄰,德育路,二段,141巷,24弄,,,10號,121.219616705926,24.9417194111045
桃園市平鎮區北華里3鄰德育路二段141巷26號,68,6801000,6801000-041,3鄰,德育路,二段,141巷,,,,26號,121.219731968398,24.9420550980466
桃園市平鎮區北華里3鄰德育路二段141巷28號,68,6801000,6801000-041,3鄰,德育路,二段,141巷,,,,28號,121.219774791074,24.9420805852964
桃園市平鎮區北華里3鄰德育路二段143號,68,6801000,6801000-041,3鄰,德育路,二段,,,,,143號,121.219038795352,24.94187591148
桃園市平鎮區北華里3鄰德育路二段145號,68,6801000,6801000-041,3鄰,德育路,二段,,,,,145號,121.219047900743,24.9418173037122
桃園市平鎮區北華里3鄰德育路二段147號,68,6801000,6801000-041,3鄰,德育路,二段,,,,,147號,121.219046135164,24.9417708099936
桃園市平鎮區北華里3鄰德育路二段149號,68,6801000,6801000-041,3鄰,德育路,二段,,,,,149號,121.219049914303,24.9417240372719
桃園市平鎮區北華里2鄰德育路二段161號,68,6801000,6801000-041,2鄰,德育路,二段,,,,,161號,121.219048727527,24.9416688754277
桃園市平鎮區北華里2鄰德育路二段163號,68,6801000,6801000-041,2鄰,德育路,二段,,,,,163號,121.219053486658,24.941616323082
桃園市平鎮區北華里2鄰德育路二段165號,68,6801000,6801000-041,2鄰,德育路,二段,,,,,165號,121.219056739394,24.9415518554479
桃園市平鎮區北華里2鄰德育路二段167巷1號,68,6801000,6801000-041,2鄰,德育路,二段,167巷,,,,1號,121.219202127173,24.9415655454106
桃園市平鎮區北華里2鄰德育路二段167巷2號,68,6801000,6801000-041,2鄰,德育路,二段,167巷,,,,2號,121.21920513719,24.9414199127171
桃園市平鎮區北華里2鄰德育路二段167巷3號,68,6801000,6801000-041,2鄰,德育路,二段,167巷,,,,3號,121.219251447904,24.9415700773427
桃園市平鎮區北華里2鄰德育路二段167巷4號,68,6801000,6801000-041,2鄰,德育路,二段,167巷,,,,4號,121.219243059567,24.9414183220993
桃園市平鎮區北華里2鄰德育路二段167巷5號,68,6801000,6801000-041,2鄰,德育路,二段,167巷,,,,5號,121.219290954827,24.9415685746653
桃園市平鎮區北華里2鄰德育路二段167巷6號,68,6801000,6801000-041,2鄰,德育路,二段,167巷,,,,6號,121.219285831421,24.9414152797901
桃園市平鎮區北華里2鄰德育路二段167巷7號,68,6801000,6801000-041,2鄰,德育路,二段,167巷,,,,7號,121.21932906522,24.94156129585
桃園市平鎮區北華里2鄰德育路二段167巷8號,68,6801000,6801000-041,2鄰,德育路,二段,167巷,,,,8號,121.219330200879,24.9414197286982
桃園市平鎮區北華里2鄰德育路二段167巷9號,68,6801000,6801000-041,2鄰,德育路,二段,167巷,,,,9號,121.219376809448,24.9415702539821
桃園市平鎮區北華里2鄰德育路二段167巷10號,68,6801000,6801000-041,2鄰,德育路,二段,167巷,,,,10號,121.21939021344,24.9414228905863
桃園市平鎮區北華里2鄰德育路二段167巷11號,68,6801000,6801000-041,2鄰,德育路,二段,167巷,,,,11號,121.219403579564,24.9415896256531
桃園市平鎮區北華里2鄰德育路二段167巷12號,68,6801000,6801000-041,2鄰,德育路,二段,167巷,,,,12號,121.219429610578,24.9414153389987
桃園市平鎮區北華里2鄰德育路二段167巷13號,68,6801000,6801000-041,2鄰,德育路,二段,167巷,,,,13號,121.219444657397,24.9415805367571
桃園市平鎮區北華里2鄰德育路二段167巷14號,68,6801000,6801000-041,2鄰,德育路,二段,167巷,,,,14號,121.219472486726,24.9414152758579
桃園市平鎮區北華里2鄰德育路二段167巷15號,68,6801000,6801000-041,2鄰,德育路,二段,167巷,,,,15號,121.219482598535,24.9415895092909
桃園市平鎮區北華里2鄰德育路二段167巷16號,68,6801000,6801000-041,2鄰,德育路,二段,167巷,,,,16號,121.219506852816,24.9414184754683
桃園市平鎮區北華里2鄰德育路二段167巷17號,68,6801000,6801000-041,2鄰,德育路,二段,167巷,,,,17號,121.219526957342,24.9415879091206
桃園市平鎮區北華里2鄰德育路二段167巷18號,68,6801000,6801000-041,2鄰,德育路,二段,167巷,,,,18號,121.219542995528,24.9414184222255
桃園市平鎮區北華里2鄰德育路二段167巷19號,68,6801000,6801000-041,2鄰,德育路,二段,167巷,,,,19號,121.219579050529,24.9415923465757
桃園市平鎮區北華里2鄰德育路二段167巷20號,68,6801000,6801000-041,2鄰,德育路,二段,167巷,,,,20號,121.219580926061,24.9414214359992
桃園市平鎮區北華里2鄰德育路二段167巷21號,68,6801000,6801000-041,2鄰,德育路,二段,167巷,,,,21號,121.219621819713,24.941587769344
桃園市平鎮區北華里2鄰德育路二段167巷22號,68,6801000,6801000-041,2鄰,德育路,二段,167巷,,,,22號,121.219623885706,24.9414126151334
桃園市平鎮區北華里2鄰德育路二段167巷23號,68,6801000,6801000-041,2鄰,德育路,二段,167巷,,,,23號,121.219661923325,24.9415877102345
桃園市平鎮區北華里2鄰德育路二段167巷24號,68,6801000,6801000-041,2鄰,德育路,二段,167巷,,,,24號,121.219671613888,24.9414125447844
桃園市平鎮區北華里2鄰德育路二段167巷25號,68,6801000,6801000-041,2鄰,德育路,二段,167巷,,,,25號,121.219703019871,24.9415891844801
桃園市平鎮區北華里2鄰德育路二段167巷26號,68,6801000,6801000-041,2鄰,德育路,二段,167巷,,,,26號,121.219716077094,24.9414140140638
桃園市平鎮區北華里2鄰德育路二段167巷27號,68,6801000,6801000-041,2鄰,德育路,二段,167巷,,,,27號,121.219749161058,24.9415875816158
桃園市平鎮區北華里2鄰德育路二段167巷28弄1號,68,6801000,6801000-041,2鄰,德育路,二段,167巷,28弄,,,1號,121.219828387728,24.9413696995014
桃園市平鎮區北華里2鄰德育路二段167巷28弄2號,68,6801000,6801000-041,2鄰,德育路,二段,167巷,28弄,,,2號,121.219711406579,24.941293040246
桃園市平鎮區北華里2鄰德育路二段167巷28弄3號,68,6801000,6801000-041,2鄰,德育路,二段,167巷,28弄,,,3號,121.219839099324,24.9412678432266
桃園市平鎮區北華里2鄰德育路二段167巷28弄4號,68,6801000,6801000-041,2鄰,德育路,二段,167巷,28弄,,,4號,121.219706469365,24.9412450163795
桃園市平鎮區北華里2鄰德育路二段167巷28弄5號,68,6801000,6801000-041,2鄰,德育路,二段,167巷,28弄,,,5號,121.219839011526,24.9412183676647
桃園市平鎮區北華里2鄰德育路二段167巷28弄6號,68,6801000,6801000-041,2鄰,德育路,二段,167巷,28弄,,,6號,121.219687592456,24.9412095625544
桃園市平鎮區北華里2鄰德育路二段167巷28弄7號,68,6801000,6801000-041,2鄰,德育路,二段,167巷,28弄,,,7號,121.219867889751,24.9411423058403
桃園市平鎮區北華里2鄰德育路二段167巷28弄9號,68,6801000,6801000-041,2鄰,德育路,二段,167巷,28弄,,,9號,121.219867769895,24.941074773503
桃園市平鎮區北華里2鄰德育路二段167巷28弄11號,68,6801000,6801000-041,2鄰,德育路,二段,167巷,28弄,,,11號,121.21986284593,24.9410342432021
桃園市平鎮區北華里2鄰德育路二段167巷29號,68,6801000,6801000-041,2鄰,德育路,二段,167巷,,,,29號,121.219805102784,24.9415845197359
桃園市平鎮區北華里2鄰德育路二段167巷30號,68,6801000,6801000-041,2鄰,德育路,二段,167巷,,,,30號,121.219881567833,24.9414286668482
桃園市平鎮區北華里2鄰德育路二段167巷32號,68,6801000,6801000-041,2鄰,德育路,二段,167巷,,,,32號,121.219937513331,24.9414277717319
桃園市平鎮區北華里2鄰德育路二段167巷36號,68,6801000,6801000-041,2鄰,德育路,二段,167巷,,,,36號,121.219987521729,24.9414292327461
桃園市平鎮區北華里2鄰德育路二段167巷38號,68,6801000,6801000-041,2鄰,德育路,二段,167巷,,,,38號,121.220032075947,24.9414261875916
桃園市平鎮區北華里2鄰德育路二段167巷40號,68,6801000,6801000-041,2鄰,德育路,二段,167巷,,,,40號,121.220077433721,24.9414295514085
桃園市平鎮區北華里2鄰德育路二段167巷42號,68,6801000,6801000-041,2鄰,德育路,二段,167巷,,,,42號,121.220127746243,24.9414349844271
桃園市平鎮區北華里2鄰德育路二段167巷46號,68,6801000,6801000-041,2鄰,德育路,二段,167巷,,,,46號,121.220165755758,24.941426712422
桃園市平鎮區北華里2鄰德育路二段167巷48號,68,6801000,6801000-041,2鄰,德育路,二段,167巷,,,,48號,121.220205664644,24.9414285494204
桃園市平鎮區北華里2鄰德育路二段169號,68,6801000,6801000-041,2鄰,德育路,二段,,,,,169號,121.219066251092,24.941443049115
桃園市平鎮區北華里2鄰德育路二段171號,68,6801000,6801000-041,2鄰,德育路,二段,,,,,171號,121.219067226172,24.9413784945435
桃園市平鎮區北華里2鄰德育路二段173號,68,6801000,6801000-041,2鄰,德育路,二段,,,,,173號,121.219065731154,24.9413170132623
桃園市平鎮區北華里2鄰德育路二段175號,68,6801000,6801000-041,2鄰,德育路,二段,,,,,175號,121.219086801484,24.9411370460524
桃園市平鎮區北華里1鄰德育路二段177巷1號,68,6801000,6801000-041,1鄰,德育路,二段,177巷,,,,1號,121.219346476945,24.9409370458844
桃園市平鎮區北華里1鄰德育路二段177巷2號,68,6801000,6801000-041,1鄰,德育路,二段,177巷,,,,2號,121.219119886075,24.940695688654
桃園市平鎮區北華里1鄰德育路二段177巷3號,68,6801000,6801000-041,1鄰,德育路,二段,177巷,,,,3號,121.21941817388,24.9409402808479
桃園市平鎮區北華里1鄰德育路二段177巷4號,68,6801000,6801000-041,1鄰,德育路,二段,177巷,,,,4號,121.219151560035,24.9406885096326
桃園市平鎮區北華里1鄰德育路二段177巷5號,68,6801000,6801000-041,1鄰,德育路,二段,177巷,,,,5號,121.219470866193,24.9409476968363
桃園市平鎮區北華里1鄰德育路二段177巷6號,68,6801000,6801000-041,1鄰,德育路,二段,177巷,,,,6號,121.219259423292,24.9407052341008
桃園市平鎮區北華里1鄰德育路二段177巷7號,68,6801000,6801000-041,1鄰,德育路,二段,177巷,,,,7號,121.219435970208,24.9410365877922
桃園市平鎮區北華里1鄰德育路二段177巷8號,68,6801000,6801000-041,1鄰,德育路,二段,177巷,,,,8號,121.219310019282,24.940703173399
桃園市平鎮區北華里1鄰德育路二段177巷9號,68,6801000,6801000-041,1鄰,德育路,二段,177巷,,,,9號,121.219436057844,24.9410860633566
桃園市平鎮區北華里1鄰德育路二段177巷10號,68,6801000,6801000-041,1鄰,德育路,二段,177巷,,,,10號,121.219351805638,24.9407029313298
桃園市平鎮區北華里1鄰德育路二段177巷11號,68,6801000,6801000-041,1鄰,德育路,二段,177巷,,,,11號,121.219470887742,24.9411275427562
桃園市平鎮區北華里1鄰德育路二段177巷12號,68,6801000,6801000-041,1鄰,德育路,二段,177巷,,,,12號,121.219409727708,24.9407000472534
桃園市平鎮區北華里1鄰德育路二段177巷13號,68,6801000,6801000-041,1鄰,德育路,二段,177巷,,,,13號,121.219506616693,24.9412293306085
桃園市平鎮區北華里1鄰德育路二段177巷15號,68,6801000,6801000-041,1鄰,德育路,二段,177巷,,,,15號,121.219567509313,24.9412262615258
桃園市平鎮區北華里1鄰德育路二段177巷16號,68,6801000,6801000-041,1鄰,德育路,二段,177巷,,,,16號,121.219196278147,24.9405543719481
桃園市平鎮區北華里1鄰德育路二段177巷17號,68,6801000,6801000-041,1鄰,德育路,二段,177巷,,,,17號,121.219592469239,24.9411182449519
桃園市平鎮區北華里1鄰德育路二段177巷18號,68,6801000,6801000-041,1鄰,德育路,二段,177巷,,,,18號,121.219247079148,24.9405562834677
桃園市平鎮區北華里1鄰德育路二段177巷19號,68,6801000,6801000-041,1鄰,德育路,二段,177巷,,,,19號,121.219631002232,24.941070157019
桃園市平鎮區北華里1鄰德育路二段177巷20號,68,6801000,6801000-041,1鄰,德育路,二段,177巷,,,,20號,121.219289352886,24.9405517070615
桃園市平鎮區北華里1鄰德育路二段177巷21號,68,6801000,6801000-041,1鄰,德育路,二段,177巷,,,,21號,121.219630927804,24.9410281750168
桃園市平鎮區北華里1鄰德育路二段177巷22號,68,6801000,6801000-041,1鄰,德育路,二段,177巷,,,,22號,121.219331432096,24.9405491171803
桃園市平鎮區北華里1鄰德育路二段177巷23號,68,6801000,6801000-041,1鄰,德育路,二段,177巷,,,,23號,121.219618588511,24.9409380896581
桃園市平鎮區北華里1鄰德育路二段177巷25號,68,6801000,6801000-041,1鄰,德育路,二段,177巷,,,,25號,121.219654927843,24.9409373138262
桃園市平鎮區北華里1鄰德育路二段177巷26號,68,6801000,6801000-041,1鄰,德育路,二段,177巷,,,,26號,121.219371635352,24.9405495997088
桃園市平鎮區北華里1鄰德育路二段177巷27號,68,6801000,6801000-041,1鄰,德育路,二段,177巷,,,,27號,121.219704336472,24.9409357061608
桃園市平鎮區北華里1鄰德育路二段177巷28號,68,6801000,6801000-041,1鄰,德育路,二段,177巷,,,,28號,121.219415396628,24.9405462850548
桃園市平鎮區北華里1鄰德育路二段177巷29號,68,6801000,6801000-041,1鄰,德育路,二段,177巷,,,,29號,121.219752072477,24.9409401499811
桃園市平鎮區北華里1鄰德育路二段177巷30號,68,6801000,6801000-041,1鄰,德育路,二段,177巷,,,,30號,121.21945550678,24.9405501082101
桃園市平鎮區北華里1鄰德育路二段177巷31號,68,6801000,6801000-041,1鄰,德育路,二段,177巷,,,,31號,121.219803062875,24.9409370954046
桃園市平鎮區北華里1鄰德育路二段177巷32號,68,6801000,6801000-041,1鄰,德育路,二段,177巷,,,,32號,121.219495702519,24.9405463473626
桃園市平鎮區北華里1鄰德育路二段177巷33號,68,6801000,6801000-041,1鄰,德育路,二段,177巷,,,,33號,121.219857323517,24.9409354805319
桃園市平鎮區北華里1鄰德育路二段177巷36號,68,6801000,6801000-041,1鄰,德育路,二段,177巷,,,,36號,121.21953946299,24.9405425812528
桃園市平鎮區北華里1鄰德育路二段177巷38號,68,6801000,6801000-041,1鄰,德育路,二段,177巷,,,,38號,121.219587483097,24.9405398019789
桃園市平鎮區北華里1鄰德育路二段177巷40號,68,6801000,6801000-041,1鄰,德育路,二段,177巷,,,,40號,121.21953089367,24.9406800063031
桃園市平鎮區北華里1鄰德育路二段177巷42號,68,6801000,6801000-041,1鄰,德育路,二段,177巷,,,,42號,121.219529791496,24.9407285807812
桃園市平鎮區北華里1鄰德育路二段177巷46號,68,6801000,6801000-041,1鄰,德育路,二段,177巷,,,,46號,121.219615650339,24.9407329684809
桃園市平鎮區北華里1鄰德育路二段177巷48號,68,6801000,6801000-041,1鄰,德育路,二段,177巷,,,,48號,121.219678928172,24.9407349517492
桃園市平鎮區北華里1鄰德育路二段179號,68,6801000,6801000-041,1鄰,德育路,二段,,,,,179號,121.218937645397,24.940727736515
桃園市平鎮區北華里1鄰德育路二段181號,68,6801000,6801000-041,1鄰,德育路,二段,,,,,181號,121.219015253653,24.9406581037051
桃園市平鎮區北華里1鄰德育路二段183號,68,6801000,6801000-041,1鄰,德育路,二段,,,,,183號,121.219001988482,24.9406041332968
桃園市平鎮區北華里1鄰德育路二段185號,68,6801000,6801000-041,1鄰,德育路,二段,,,,,185號,121.218983269378,24.9405457469794
桃園市平鎮區北華里1鄰德育路二段187號,68,6801000,6801000-041,1鄰,德育路,二段,,,,,187號,121.218966747093,24.9404977401052
桃園市平鎮區新勢里11鄰德育路60號,68,6801000,6801000-007,11鄰,德育路,,,,,,60號,121.219829516917,24.9513231528383
桃園市平鎮區新勢里11鄰德育路62號,68,6801000,6801000-007,11鄰,德育路,,,,,,62號,121.219816351804,24.9512706269839
桃園市平鎮區新勢里11鄰德育路68巷2號,68,6801000,6801000-007,11鄰,德育路,,68巷,,,,2號,121.219632982243,24.9511773632226
桃園市平鎮區新勢里11鄰德育路68巷6號,68,6801000,6801000-007,11鄰,德育路,,68巷,,,,6號,121.219554180026,24.9511914733962
桃園市平鎮區新勢里11鄰德育路68巷8號,68,6801000,6801000-007,11鄰,德育路,,68巷,,,,8號,121.219454876077,24.9512040789024
桃園市平鎮區新勢里11鄰德育路70號,68,6801000,6801000-007,11鄰,德育路,,,,,,70號,121.219759689937,24.9510377778874
桃園市平鎮區新勢里11鄰德育路72巷2號,68,6801000,6801000-007,11鄰,德育路,,72巷,,,,2號,121.219593268604,24.951064025075
桃園市平鎮區新富里1鄰德育路238號,68,6801000,6801000-008,1鄰,德育路,,,,,,238號,121.219201882227,24.9473024665712
桃園市平鎮區新富里1鄰德育路240號,68,6801000,6801000-008,1鄰,德育路,,,,,,240號,121.219058343882,24.9470505143551
桃園市平鎮區新富里1鄰德育路242號(平鎮區戶政事務所),68,6801000,6801000-008,1鄰,德育路,,,,,,242號(平鎮區戶政事務所),121.218822881431,24.9458294074506
桃園市平鎮區新富里2鄰德育路二段76巷23號,68,6801000,6801000-008,2鄰,德育路,二段,76巷,,,,23號,121.218151722956,24.9435988401766
桃園市平鎮區新富里2鄰德育路二段76巷25號,68,6801000,6801000-008,2鄰,德育路,二段,76巷,,,,25號,121.218048639819,24.9435988104871
桃園市平鎮區新富里2鄰德育路二段104巷1號,68,6801000,6801000-008,2鄰,德育路,二段,104巷,,,,1號,121.218694004734,24.9430836155842
桃園市平鎮區新富里2鄰德育路二段104巷3號,68,6801000,6801000-008,2鄰,德育路,二段,104巷,,,,3號,121.21864063246,24.9430785567403
桃園市平鎮區新富里2鄰德育路二段104巷5號,68,6801000,6801000-008,2鄰,德育路,二段,104巷,,,,5號,121.21858726019,24.9430734978772
桃園市平鎮區新富里2鄰德育路二段104巷7號,68,6801000,6801000-008,2鄰,德育路,二段,104巷,,,,7號,121.218533878022,24.9430684390095
桃園市平鎮區新富里2鄰德育路二段104巷9號,68,6801000,6801000-008,2鄰,德育路,二段,104巷,,,,9號,121.218480505761,24.9430633801081
桃園市平鎮區新富里2鄰德育路二段104巷11號,68,6801000,6801000-008,2鄰,德育路,二段,104巷,,,,11號,121.218427133504,24.9430583211876
桃園市平鎮區新富里2鄰德育路二段104巷13號,68,6801000,6801000-008,2鄰,德育路,二段,104巷,,,,13號,121.218373751348,24.9430532622625
桃園市平鎮區新富里2鄰德育路二段104巷15號,68,6801000,6801000-008,2鄰,德育路,二段,104巷,,,,15號,121.218320379099,24.9430482033036
桃園市平鎮區新富里2鄰德育路二段104巷17號,68,6801000,6801000-008,2鄰,德育路,二段,104巷,,,,17號,121.218266996953,24.9430431443402
桃園市平鎮區新富里2鄰德育路二段104巷19號,68,6801000,6801000-008,2鄰,德育路,二段,104巷,,,,19號,121.218213624728,24.9430380943714
桃園市平鎮區新富里2鄰德育路二段104巷21號,68,6801000,6801000-008,2鄰,德育路,二段,104巷,,,,21號,121.218160252492,24.9430330353551
桃園市平鎮區新富里2鄰德育路二段104巷22號十樓,68,6801000,6801000-008,2鄰,德育路,二段,104巷,,,,22號十樓,121.218325448915,24.9435650000595
桃園市平鎮區新富里2鄰德育路二段104巷22號九樓,68,6801000,6801000-008,2鄰,德育路,二段,104巷,,,,22號九樓,121.218325448915,24.9435650000595
桃園市平鎮區新富里2鄰德育路二段104巷22號二樓,68,6801000,6801000-008,2鄰,德育路,二段,104巷,,,,22號二樓,121.218325448915,24.9435650000595
桃園市平鎮區新富里2鄰德育路二段104巷22號三樓,68,6801000,6801000-008,2鄰,德育路,二段,104巷,,,,22號三樓,121.218325448915,24.9435650000595
桃園市平鎮區新富里2鄰德育路二段104巷22號四樓,68,6801000,6801000-008,2鄰,德育路,二段,104巷,,,,22號四樓,121.218325448915,24.9435650000595
桃園市平鎮區新富里2鄰德育路二段104巷22號五樓,68,6801000,6801000-008,2鄰,德育路,二段,104巷,,,,22號五樓,121.218325448915,24.9435650000595
桃園市平鎮區新富里2鄰德育路二段104巷22號六樓,68,6801000,6801000-008,2鄰,德育路,二段,104巷,,,,22號六樓,121.218325448915,24.9435650000595
桃園市平鎮區新富里2鄰德育路二段104巷22號七樓,68,6801000,6801000-008,2鄰,德育路,二段,104巷,,,,22號七樓,121.218325448915,24.9435650000595
桃園市平鎮區新富里2鄰德育路二段104巷22號八樓,68,6801000,6801000-008,2鄰,德育路,二段,104巷,,,,22號八樓,121.218325448915,24.9435650000595
桃園市平鎮區新富里2鄰德育路二段104巷22號十一樓,68,6801000,6801000-008,2鄰,德育路,二段,104巷,,,,22號十一樓,121.218325448915,24.9435650000595
桃園市平鎮區新富里2鄰德育路二段104巷22號十二樓,68,6801000,6801000-008,2鄰,德育路,二段,104巷,,,,22號十二樓,121.218325448915,24.9435650000595
桃園市平鎮區新富里2鄰德育路二段104巷22號十三樓,68,6801000,6801000-008,2鄰,德育路,二段,104巷,,,,22號十三樓,121.218325448915,24.9435650000595
桃園市平鎮區新富里2鄰德育路二段104巷22號十四樓,68,6801000,6801000-008,2鄰,德育路,二段,104巷,,,,22號十四樓,121.218325448915,24.9435650000595
桃園市平鎮區新富里2鄰德育路二段104巷22號十五樓,68,6801000,6801000-008,2鄰,德育路,二段,104巷,,,,22號十五樓,121.218325448915,24.9435650000595
桃園市平鎮區新富里2鄰德育路二段104巷26號十二樓,68,6801000,6801000-008,2鄰,德育路,二段,104巷,,,,26號十二樓,121.218252170572,24.94356429485
桃園市平鎮區新富里2鄰德育路二段104巷26號十三樓,68,6801000,6801000-008,2鄰,德育路,二段,104巷,,,,26號十三樓,121.218252170572,24.94356429485
桃園市平鎮區新富里2鄰德育路二段104巷26號十四樓,68,6801000,6801000-008,2鄰,德育路,二段,104巷,,,,26號十四樓,121.218252170572,24.94356429485
桃園市平鎮區新富里2鄰德育路二段104巷26號十五樓,68,6801000,6801000-008,2鄰,德育路,二段,104巷,,,,26號十五樓,121.218252170572,24.94356429485
桃園市平鎮區新富里2鄰德育路二段104巷26號五樓,68,6801000,6801000-008,2鄰,德育路,二段,104巷,,,,26號五樓,121.218252170572,24.94356429485
桃園市平鎮區新富里2鄰德育路二段104巷26號二樓,68,6801000,6801000-008,2鄰,德育路,二段,104巷,,,,26號二樓,121.218252170572,24.94356429485
桃園市平鎮區新富里2鄰德育路二段104巷26號三樓,68,6801000,6801000-008,2鄰,德育路,二段,104巷,,,,26號三樓,121.218252170572,24.94356429485
桃園市平鎮區新富里2鄰德育路二段104巷26號四樓,68,6801000,6801000-008,2鄰,德育路,二段,104巷,,,,26號四樓,121.218252170572,24.94356429485
桃園市平鎮區新富里2鄰德育路二段104巷26號六樓,68,6801000,6801000-008,2鄰,德育路,二段,104巷,,,,26號六樓,121.218252170572,24.94356429485
桃園市平鎮區新富里2鄰德育路二段104巷26號七樓,68,6801000,6801000-008,2鄰,德育路,二段,104巷,,,,26號七樓,121.218252170572,24.94356429485
桃園市平鎮區新富里2鄰德育路二段104巷26號八樓,68,6801000,6801000-008,2鄰,德育路,二段,104巷,,,,26號八樓,121.218252170572,24.94356429485
桃園市平鎮區新富里2鄰德育路二段104巷26號九樓,68,6801000,6801000-008,2鄰,德育路,二段,104巷,,,,26號九樓,121.218252170572,24.94356429485
桃園市平鎮區新富里2鄰德育路二段104巷26號十樓,68,6801000,6801000-008,2鄰,德育路,二段,104巷,,,,26號十樓,121.218252170572,24.94356429485
桃園市平鎮區新富里2鄰德育路二段104巷26號十一樓,68,6801000,6801000-008,2鄰,德育路,二段,104巷,,,,26號十一樓,121.218252170572,24.94356429485
桃園市平鎮區新富里2鄰德育路二段104巷28號九樓,68,6801000,6801000-008,2鄰,德育路,二段,104巷,,,,28號九樓,121.218154924247,24.9435610967417
桃園市平鎮區新富里2鄰德育路二段104巷28號十樓,68,6801000,6801000-008,2鄰,德育路,二段,104巷,,,,28號十樓,121.218154924247,24.9435610967417
桃園市平鎮區新富里2鄰德育路二段104巷28號七樓,68,6801000,6801000-008,2鄰,德育路,二段,104巷,,,,28號七樓,121.218154924247,24.9435610967417
桃園市平鎮區新富里2鄰德育路二段104巷28號四樓,68,6801000,6801000-008,2鄰,德育路,二段,104巷,,,,28號四樓,121.218154924247,24.9435610967417
桃園市平鎮區新富里2鄰德育路二段104巷28號二樓,68,6801000,6801000-008,2鄰,德育路,二段,104巷,,,,28號二樓,121.218154924247,24.9435610967417
桃園市平鎮區新富里2鄰德育路二段104巷28號三樓,68,6801000,6801000-008,2鄰,德育路,二段,104巷,,,,28號三樓,121.218154924247,24.9435610967417
桃園市平鎮區新富里2鄰德育路二段104巷28號五樓,68,6801000,6801000-008,2鄰,德育路,二段,104巷,,,,28號五樓,121.218154924247,24.9435610967417
桃園市平鎮區新富里2鄰德育路二段104巷28號六樓,68,6801000,6801000-008,2鄰,德育路,二段,104巷,,,,28號六樓,121.218154924247,24.9435610967417
桃園市平鎮區新富里2鄰德育路二段104巷28號十一樓,68,6801000,6801000-008,2鄰,德育路,二段,104巷,,,,28號十一樓,121.218154924247,24.9435610967417
桃園市平鎮區新富里2鄰德育路二段104巷28號十二樓,68,6801000,6801000-008,2鄰,德育路,二段,104巷,,,,28號十二樓,121.218154924247,24.9435610967417
桃園市平鎮區新富里2鄰德育路二段104巷28號十三樓,68,6801000,6801000-008,2鄰,德育路,二段,104巷,,,,28號十三樓,121.218154924247,24.9435610967417
桃園市平鎮區新富里2鄰德育路二段104巷28號八樓,68,6801000,6801000-008,2鄰,德育路,二段,104巷,,,,28號八樓,121.218154924247,24.9435610967417
桃園市平鎮區新富里2鄰德育路二段104巷28號十四樓,68,6801000,6801000-008,2鄰,德育路,二段,104巷,,,,28號十四樓,121.218154924247,24.9435610967417
桃園市平鎮區新富里2鄰德育路二段104巷28號十五樓,68,6801000,6801000-008,2鄰,德育路,二段,104巷,,,,28號十五樓,121.218154924247,24.9435610967417
桃園市平鎮區新富里1鄰德育路二段104巷29號,68,6801000,6801000-008,1鄰,德育路,二段,104巷,,,,29號,121.218004398873,24.9429926175503
桃園市平鎮區新富里2鄰德育路二段104巷30號十二樓,68,6801000,6801000-008,2鄰,德育路,二段,104巷,,,,30號十二樓,121.218048669072,24.9435591757301
桃園市平鎮區新富里2鄰德育路二段104巷30號十四樓,68,6801000,6801000-008,2鄰,德育路,二段,104巷,,,,30號十四樓,121.218048669072,24.9435591757301
桃園市平鎮區新富里2鄰德育路二段104巷30號二樓,68,6801000,6801000-008,2鄰,德育路,二段,104巷,,,,30號二樓,121.218048669072,24.9435591757301
桃園市平鎮區新富里2鄰德育路二段104巷30號十一樓,68,6801000,6801000-008,2鄰,德育路,二段,104巷,,,,30號十一樓,121.218048669072,24.9435591757301
桃園市平鎮區新富里2鄰德育路二段104巷30號三樓,68,6801000,6801000-008,2鄰,德育路,二段,104巷,,,,30號三樓,121.218048669072,24.9435591757301
桃園市平鎮區新富里2鄰德育路二段104巷30號四樓,68,6801000,6801000-008,2鄰,德育路,二段,104巷,,,,30號四樓,121.218048669072,24.9435591757301
桃園市平鎮區新富里2鄰德育路二段104巷30號五樓,68,6801000,6801000-008,2鄰,德育路,二段,104巷,,,,30號五樓,121.218048669072,24.9435591757301
桃園市平鎮區新富里2鄰德育路二段104巷30號六樓,68,6801000,6801000-008,2鄰,德育路,二段,104巷,,,,30號六樓,121.218048669072,24.9435591757301
桃園市平鎮區新富里2鄰德育路二段104巷30號七樓,68,6801000,6801000-008,2鄰,德育路,二段,104巷,,,,30號七樓,121.218048669072,24.9435591757301
桃園市平鎮區新富里2鄰德育路二段104巷30號八樓,68,6801000,6801000-008,2鄰,德育路,二段,104巷,,,,30號八樓,121.218048669072,24.9435591757301
桃園市平鎮區新富里2鄰德育路二段104巷30號九樓,68,6801000,6801000-008,2鄰,德育路,二段,104巷,,,,30號九樓,121.218048669072,24.9435591757301
桃園市平鎮區新富里2鄰德育路二段104巷30號十樓,68,6801000,6801000-008,2鄰,德育路,二段,104巷,,,,30號十樓,121.218048669072,24.9435591757301
桃園市平鎮區新富里2鄰德育路二段104巷30號十五樓,68,6801000,6801000-008,2鄰,德育路,二段,104巷,,,,30號十五樓,121.218048669072,24.9435591757301
桃園市平鎮區新富里2鄰德育路二段104巷30號十三樓,68,6801000,6801000-008,2鄰,德育路,二段,104巷,,,,30號十三樓,121.218048669072,24.9435591757301
桃園市平鎮區新富里2鄰德育路二段104巷32號十二樓,68,6801000,6801000-008,2鄰,德育路,二段,104巷,,,,32號十二樓,121.218048667018,24.9435017550534
桃園市平鎮區新富里2鄰德育路二段104巷32號十三樓,68,6801000,6801000-008,2鄰,德育路,二段,104巷,,,,32號十三樓,121.218048667018,24.9435017550534
桃園市平鎮區新富里2鄰德育路二段104巷32號十四樓,68,6801000,6801000-008,2鄰,德育路,二段,104巷,,,,32號十四樓,121.218048667018,24.9435017550534
桃園市平鎮區新富里2鄰德育路二段104巷32號十五樓,68,6801000,6801000-008,2鄰,德育路,二段,104巷,,,,32號十五樓,121.218048667018,24.9435017550534
桃園市平鎮區新富里2鄰德育路二段104巷32號四樓,68,6801000,6801000-008,2鄰,德育路,二段,104巷,,,,32號四樓,121.218048667018,24.9435017550534
桃園市平鎮區新富里2鄰德育路二段104巷32號九樓,68,6801000,6801000-008,2鄰,德育路,二段,104巷,,,,32號九樓,121.218048667018,24.9435017550534
桃園市平鎮區新富里2鄰德育路二段104巷32號十樓,68,6801000,6801000-008,2鄰,德育路,二段,104巷,,,,32號十樓,121.218048667018,24.9435017550534
桃園市平鎮區新富里2鄰德育路二段104巷32號十一樓,68,6801000,6801000-008,2鄰,德育路,二段,104巷,,,,32號十一樓,121.218048667018,24.9435017550534
桃園市平鎮區新富里2鄰德育路二段104巷32號二樓,68,6801000,6801000-008,2鄰,德育路,二段,104巷,,,,32號二樓,121.218048667018,24.9435017550534
桃園市平鎮區新富里2鄰德育路二段104巷32號三樓,68,6801000,6801000-008,2鄰,德育路,二段,104巷,,,,32號三樓,121.218048667018,24.9435017550534
桃園市平鎮區新富里2鄰德育路二段104巷32號五樓,68,6801000,6801000-008,2鄰,德育路,二段,104巷,,,,32號五樓,121.218048667018,24.9435017550534
桃園市平鎮區新富里2鄰德育路二段104巷32號六樓,68,6801000,6801000-008,2鄰,德育路,二段,104巷,,,,32號六樓,121.218048667018,24.9435017550534
桃園市平鎮區新富里2鄰德育路二段104巷32號七樓,68,6801000,6801000-008,2鄰,德育路,二段,104巷,,,,32號七樓,121.218048667018,24.9435017550534
桃園市平鎮區新富里2鄰德育路二段104巷32號八樓,68,6801000,6801000-008,2鄰,德育路,二段,104巷,,,,32號八樓,121.218048667018,24.9435017550534
桃園市平鎮區新富里2鄰德育路二段104巷33號,68,6801000,6801000-008,2鄰,德育路,二段,104巷,,,,33號,121.217854266787,24.9429848018322
桃園市平鎮區新富里2鄰德育路二段104巷36號十五樓,68,6801000,6801000-008,2鄰,德育路,二段,104巷,,,,36號十五樓,121.218349856167,24.9432549287388
桃園市平鎮區新富里2鄰德育路二段104巷36號二樓,68,6801000,6801000-008,2鄰,德育路,二段,104巷,,,,36號二樓,121.218349856167,24.9432549287388
桃園市平鎮區新富里2鄰德育路二段104巷36號三樓,68,6801000,6801000-008,2鄰,德育路,二段,104巷,,,,36號三樓,121.218349856167,24.9432549287388
桃園市平鎮區新富里2鄰德育路二段104巷36號四樓,68,6801000,6801000-008,2鄰,德育路,二段,104巷,,,,36號四樓,121.218349856167,24.9432549287388
桃園市平鎮區新富里2鄰德育路二段104巷36號五樓,68,6801000,6801000-008,2鄰,德育路,二段,104巷,,,,36號五樓,121.218349856167,24.9432549287388
桃園市平鎮區新富里2鄰德育路二段104巷36號六樓,68,6801000,6801000-008,2鄰,德育路,二段,104巷,,,,36號六樓,121.218349856167,24.9432549287388
桃園市平鎮區新富里2鄰德育路二段104巷36號八樓,68,6801000,6801000-008,2鄰,德育路,二段,104巷,,,,36號八樓,121.218349856167,24.9432549287388
桃園市平鎮區新富里2鄰德育路二段104巷36號七樓,68,6801000,6801000-008,2鄰,德育路,二段,104巷,,,,36號七樓,121.218349856167,24.9432549287388
桃園市平鎮區新富里2鄰德育路二段104巷36號十三樓,68,6801000,6801000-008,2鄰,德育路,二段,104巷,,,,36號十三樓,121.218349856167,24.9432549287388
桃園市平鎮區新富里2鄰德育路二段104巷36號十四樓,68,6801000,6801000-008,2鄰,德育路,二段,104巷,,,,36號十四樓,121.218349856167,24.9432549287388
桃園市平鎮區新富里2鄰德育路二段104巷36號十二樓,68,6801000,6801000-008,2鄰,德育路,二段,104巷,,,,36號十二樓,121.218349856167,24.9432549287388
桃園市平鎮區新富里2鄰德育路二段104巷36號九樓,68,6801000,6801000-008,2鄰,德育路,二段,104巷,,,,36號九樓,121.218349856167,24.9432549287388
桃園市平鎮區新富里2鄰德育路二段104巷36號十樓,68,6801000,6801000-008,2鄰,德育路,二段,104巷,,,,36號十樓,121.218349856167,24.9432549287388
桃園市平鎮區新富里2鄰德育路二段104巷36號十一樓,68,6801000,6801000-008,2鄰,德育路,二段,104巷,,,,36號十一樓,121.218349856167,24.9432549287388
桃園市平鎮區新富里2鄰德育路二段104巷38號五樓,68,6801000,6801000-008,2鄰,德育路,二段,104巷,,,,38號五樓,121.218278262346,24.9432547627772
桃園市平鎮區新富里2鄰德育路二段104巷38號十四樓,68,6801000,6801000-008,2鄰,德育路,二段,104巷,,,,38號十四樓,121.218278262346,24.9432547627772
桃園市平鎮區新富里2鄰德育路二段104巷38號十五樓,68,6801000,6801000-008,2鄰,德育路,二段,104巷,,,,38號十五樓,121.218278262346,24.9432547627772
桃園市平鎮區新富里2鄰德育路二段104巷38號十三樓,68,6801000,6801000-008,2鄰,德育路,二段,104巷,,,,38號十三樓,121.218278262346,24.9432547627772
桃園市平鎮區新富里2鄰德育路二段104巷38號六樓,68,6801000,6801000-008,2鄰,德育路,二段,104巷,,,,38號六樓,121.218278262346,24.9432547627772
桃園市平鎮區新富里2鄰德育路二段104巷38號七樓,68,6801000,6801000-008,2鄰,德育路,二段,104巷,,,,38號七樓,121.218278262346,24.9432547627772
桃園市平鎮區新富里2鄰德育路二段104巷38號八樓,68,6801000,6801000-008,2鄰,德育路,二段,104巷,,,,38號八樓,121.218278262346,24.9432547627772
桃園市平鎮區新富里2鄰德育路二段104巷38號九樓,68,6801000,6801000-008,2鄰,德育路,二段,104巷,,,,38號九樓,121.218278262346,24.9432547627772
桃園市平鎮區新富里2鄰德育路二段104巷38號十樓,68,6801000,6801000-008,2鄰,德育路,二段,104巷,,,,38號十樓,121.218278262346,24.9432547627772
桃園市平鎮區新富里2鄰德育路二段104巷38號十一樓,68,6801000,6801000-008,2鄰,德育路,二段,104巷,,,,38號十一樓,121.218278262346,24.9432547627772
桃園市平鎮區新富里2鄰德育路二段104巷38號十二樓,68,6801000,6801000-008,2鄰,德育路,二段,104巷,,,,38號十二樓,121.218278262346,24.9432547627772
桃園市平鎮區新富里2鄰德育路二段104巷38號二樓,68,6801000,6801000-008,2鄰,德育路,二段,104巷,,,,38號二樓,121.218278262346,24.9432547627772
桃園市平鎮區新富里2鄰德育路二段104巷38號三樓,68,6801000,6801000-008,2鄰,德育路,二段,104巷,,,,38號三樓,121.218278262346,24.9432547627772
桃園市平鎮區新富里2鄰德育路二段104巷38號四樓,68,6801000,6801000-008,2鄰,德育路,二段,104巷,,,,38號四樓,121.218278262346,24.9432547627772
桃園市平鎮區新富里2鄰德育路二段104巷40號,68,6801000,6801000-008,2鄰,德育路,二段,104巷,,,,40號,121.218199336877,24.943252350415
桃園市平鎮區新富里2鄰德育路二段104巷40號二樓,68,6801000,6801000-008,2鄰,德育路,二段,104巷,,,,40號二樓,121.218199336877,24.943252350415
桃園市平鎮區新富里2鄰德育路二段104巷40號三樓,68,6801000,6801000-008,2鄰,德育路,二段,104巷,,,,40號三樓,121.218199336877,24.943252350415
桃園市平鎮區新富里2鄰德育路二段104巷40號四樓,68,6801000,6801000-008,2鄰,德育路,二段,104巷,,,,40號四樓,121.218199336877,24.943252350415
桃園市平鎮區新富里2鄰德育路二段104巷40號五樓,68,6801000,6801000-008,2鄰,德育路,二段,104巷,,,,40號五樓,121.218199336877,24.943252350415
桃園市平鎮區新富里2鄰德育路二段104巷40號六樓,68,6801000,6801000-008,2鄰,德育路,二段,104巷,,,,40號六樓,121.218199336877,24.943252350415
桃園市平鎮區新富里2鄰德育路二段104巷40號七樓,68,6801000,6801000-008,2鄰,德育路,二段,104巷,,,,40號七樓,121.218199336877,24.943252350415
桃園市平鎮區新富里2鄰德育路二段104巷40號八樓,68,6801000,6801000-008,2鄰,德育路,二段,104巷,,,,40號八樓,121.218199336877,24.943252350415
桃園市平鎮區新富里2鄰德育路二段104巷40號九樓,68,6801000,6801000-008,2鄰,德育路,二段,104巷,,,,40號九樓,121.218199336877,24.943252350415
桃園市平鎮區新富里2鄰德育路二段104巷40號十樓,68,6801000,6801000-008,2鄰,德育路,二段,104巷,,,,40號十樓,121.218199336877,24.943252350415
桃園市平鎮區新富里2鄰德育路二段104巷40號十一樓,68,6801000,6801000-008,2鄰,德育路,二段,104巷,,,,40號十一樓,121.218199336877,24.943252350415
桃園市平鎮區新富里2鄰德育路二段104巷40號十二樓,68,6801000,6801000-008,2鄰,德育路,二段,104巷,,,,40號十二樓,121.218199336877,24.943252350415
桃園市平鎮區新富里2鄰德育路二段104巷40號十三樓,68,6801000,6801000-008,2鄰,德育路,二段,104巷,,,,40號十三樓,121.218199336877,24.943252350415
桃園市平鎮區新富里2鄰德育路二段104巷40號十四樓,68,6801000,6801000-008,2鄰,德育路,二段,104巷,,,,40號十四樓,121.218199336877,24.943252350415
桃園市平鎮區新富里2鄰德育路二段104巷40號十五樓,68,6801000,6801000-008,2鄰,德育路,二段,104巷,,,,40號十五樓,121.218199336877,24.943252350415
桃園市平鎮區新富里2鄰德育路二段104巷42號,68,6801000,6801000-008,2鄰,德育路,二段,104巷,,,,42號,121.218116252461,24.9432499440987
桃園市平鎮區新富里2鄰德育路二段104巷42號二樓,68,6801000,6801000-008,2鄰,德育路,二段,104巷,,,,42號二樓,121.218116252461,24.9432499440987
桃園市平鎮區新富里2鄰德育路二段104巷42號四樓,68,6801000,6801000-008,2鄰,德育路,二段,104巷,,,,42號四樓,121.218116252461,24.9432499440987
桃園市平鎮區新富里2鄰德育路二段104巷42號五樓,68,6801000,6801000-008,2鄰,德育路,二段,104巷,,,,42號五樓,121.218116252461,24.9432499440987
桃園市平鎮區新富里2鄰德育路二段104巷42號六樓,68,6801000,6801000-008,2鄰,德育路,二段,104巷,,,,42號六樓,121.218116252461,24.9432499440987
桃園市平鎮區新富里2鄰德育路二段104巷42號七樓,68,6801000,6801000-008,2鄰,德育路,二段,104巷,,,,42號七樓,121.218116252461,24.9432499440987
桃園市平鎮區新富里2鄰德育路二段104巷42號八樓,68,6801000,6801000-008,2鄰,德育路,二段,104巷,,,,42號八樓,121.218116252461,24.9432499440987
桃園市平鎮區新富里2鄰德育路二段104巷42號九樓,68,6801000,6801000-008,2鄰,德育路,二段,104巷,,,,42號九樓,121.218116252461,24.9432499440987
桃園市平鎮區新富里2鄰德育路二段104巷42號十樓,68,6801000,6801000-008,2鄰,德育路,二段,104巷,,,,42號十樓,121.218116252461,24.9432499440987
桃園市平鎮區新富里2鄰德育路二段104巷42號十一樓,68,6801000,6801000-008,2鄰,德育路,二段,104巷,,,,42號十一樓,121.218116252461,24.9432499440987
桃園市平鎮區新富里2鄰德育路二段104巷42號十五樓,68,6801000,6801000-008,2鄰,德育路,二段,104巷,,,,42號十五樓,121.218116252461,24.9432499440987
桃園市平鎮區新富里2鄰德育路二段104巷42號十三樓,68,6801000,6801000-008,2鄰,德育路,二段,104巷,,,,42號十三樓,121.218116252461,24.9432499440987
桃園市平鎮區新富里2鄰德育路二段104巷42號十二樓,68,6801000,6801000-008,2鄰,德育路,二段,104巷,,,,42號十二樓,121.218116252461,24.9432499440987
桃園市平鎮區新富里2鄰德育路二段104巷42號三樓,68,6801000,6801000-008,2鄰,德育路,二段,104巷,,,,42號三樓,121.218116252461,24.9432499440987
桃園市平鎮區新富里2鄰德育路二段104巷42號十四樓,68,6801000,6801000-008,2鄰,德育路,二段,104巷,,,,42號十四樓,121.218116252461,24.9432499440987
桃園市平鎮區新富里2鄰德育路二段104巷46號,68,6801000,6801000-008,2鄰,德育路,二段,104巷,,,,46號,121.218033368,24.9432486208526
桃園市平鎮區新富里2鄰德育路二段104巷46號十樓,68,6801000,6801000-008,2鄰,德育路,二段,104巷,,,,46號十樓,121.218033368,24.9432486208526
桃園市平鎮區新富里2鄰德育路二段104巷46號二樓,68,6801000,6801000-008,2鄰,德育路,二段,104巷,,,,46號二樓,121.218033368,24.9432486208526
桃園市平鎮區新富里2鄰德育路二段104巷46號三樓,68,6801000,6801000-008,2鄰,德育路,二段,104巷,,,,46號三樓,121.218033368,24.9432486208526
桃園市平鎮區新富里2鄰德育路二段104巷46號四樓,68,6801000,6801000-008,2鄰,德育路,二段,104巷,,,,46號四樓,121.218033368,24.9432486208526
桃園市平鎮區新富里2鄰德育路二段104巷46號五樓,68,6801000,6801000-008,2鄰,德育路,二段,104巷,,,,46號五樓,121.218033368,24.9432486208526
桃園市平鎮區新富里2鄰德育路二段104巷46號六樓,68,6801000,6801000-008,2鄰,德育路,二段,104巷,,,,46號六樓,121.218033368,24.9432486208526
桃園市平鎮區新富里2鄰德育路二段104巷46號七樓,68,6801000,6801000-008,2鄰,德育路,二段,104巷,,,,46號七樓,121.218033368,24.9432486208526
桃園市平鎮區新富里2鄰德育路二段104巷46號八樓,68,6801000,6801000-008,2鄰,德育路,二段,104巷,,,,46號八樓,121.218033368,24.9432486208526
桃園市平鎮區新富里2鄰德育路二段104巷46號十一樓,68,6801000,6801000-008,2鄰,德育路,二段,104巷,,,,46號十一樓,121.218033368,24.9432486208526
桃園市平鎮區新富里2鄰德育路二段104巷46號十二樓,68,6801000,6801000-008,2鄰,德育路,二段,104巷,,,,46號十二樓,121.218033368,24.9432486208526
桃園市平鎮區新富里2鄰德育路二段104巷46號十三樓,68,6801000,6801000-008,2鄰,德育路,二段,104巷,,,,46號十三樓,121.218033368,24.9432486208526
桃園市平鎮區新富里2鄰德育路二段104巷46號十四樓,68,6801000,6801000-008,2鄰,德育路,二段,104巷,,,,46號十四樓,121.218033368,24.9432486208526
桃園市平鎮區新富里2鄰德育路二段104巷46號十五樓,68,6801000,6801000-008,2鄰,德育路,二段,104巷,,,,46號十五樓,121.218033368,24.9432486208526
桃園市平鎮區新富里2鄰德育路二段104巷46號九樓,68,6801000,6801000-008,2鄰,德育路,二段,104巷,,,,46號九樓,121.218033368,24.9432486208526
桃園市平鎮區新富里2鄰德育路二段104巷48號,68,6801000,6801000-008,2鄰,德育路,二段,104巷,,,,48號,121.217938995807,24.9432466823738
桃園市平鎮區新富里2鄰德育路二段104巷48號四樓,68,6801000,6801000-008,2鄰,德育路,二段,104巷,,,,48號四樓,121.217938995807,24.9432466823738
桃園市平鎮區新富里2鄰德育路二段104巷48號五樓,68,6801000,6801000-008,2鄰,德育路,二段,104巷,,,,48號五樓,121.217938995807,24.9432466823738
桃園市平鎮區新富里2鄰德育路二段104巷48號六樓,68,6801000,6801000-008,2鄰,德育路,二段,104巷,,,,48號六樓,121.217938995807,24.9432466823738
桃園市平鎮區新富里2鄰德育路二段104巷48號七樓,68,6801000,6801000-008,2鄰,德育路,二段,104巷,,,,48號七樓,121.217938995807,24.9432466823738
桃園市平鎮區新富里2鄰德育路二段104巷48號八樓,68,6801000,6801000-008,2鄰,德育路,二段,104巷,,,,48號八樓,121.217938995807,24.9432466823738
桃園市平鎮區新富里2鄰德育路二段104巷48號九樓,68,6801000,6801000-008,2鄰,德育路,二段,104巷,,,,48號九樓,121.217938995807,24.9432466823738
桃園市平鎮區新富里2鄰德育路二段104巷48號十樓,68,6801000,6801000-008,2鄰,德育路,二段,104巷,,,,48號十樓,121.217938995807,24.9432466823738
桃園市平鎮區新富里2鄰德育路二段104巷48號十一樓,68,6801000,6801000-008,2鄰,德育路,二段,104巷,,,,48號十一樓,121.217938995807,24.9432466823738
桃園市平鎮區新富里2鄰德育路二段104巷48號十二樓,68,6801000,6801000-008,2鄰,德育路,二段,104巷,,,,48號十二樓,121.217938995807,24.9432466823738
桃園市平鎮區新富里2鄰德育路二段104巷48號十三樓,68,6801000,6801000-008,2鄰,德育路,二段,104巷,,,,48號十三樓,121.217938995807,24.9432466823738
桃園市平鎮區新富里2鄰德育路二段104巷48號十五樓,68,6801000,6801000-008,2鄰,德育路,二段,104巷,,,,48號十五樓,121.217938995807,24.9432466823738
桃園市平鎮區新富里2鄰德育路二段104巷48號二樓,68,6801000,6801000-008,2鄰,德育路,二段,104巷,,,,48號二樓,121.217938995807,24.9432466823738
桃園市平鎮區新富里2鄰德育路二段104巷48號三樓,68,6801000,6801000-008,2鄰,德育路,二段,104巷,,,,48號三樓,121.217938995807,24.9432466823738
桃園市平鎮區新富里2鄰德育路二段104巷48號十四樓,68,6801000,6801000-008,2鄰,德育路,二段,104巷,,,,48號十四樓,121.217938995807,24.9432466823738
桃園市平鎮區新富里2鄰德育路二段104巷50號十四樓,68,6801000,6801000-008,2鄰,德育路,二段,104巷,,,,50號十四樓,121.217831655307,24.9432468393274
桃園市平鎮區新富里2鄰德育路二段104巷50號二樓,68,6801000,6801000-008,2鄰,德育路,二段,104巷,,,,50號二樓,121.217831655307,24.9432468393274
桃園市平鎮區新富里2鄰德育路二段104巷50號三樓,68,6801000,6801000-008,2鄰,德育路,二段,104巷,,,,50號三樓,121.217831655307,24.9432468393274
桃園市平鎮區新富里2鄰德育路二段104巷50號四樓,68,6801000,6801000-008,2鄰,德育路,二段,104巷,,,,50號四樓,121.217831655307,24.9432468393274
桃園市平鎮區新富里2鄰德育路二段104巷50號五樓,68,6801000,6801000-008,2鄰,德育路,二段,104巷,,,,50號五樓,121.217831655307,24.9432468393274
桃園市平鎮區新富里2鄰德育路二段104巷50號六樓,68,6801000,6801000-008,2鄰,德育路,二段,104巷,,,,50號六樓,121.217831655307,24.9432468393274
桃園市平鎮區新富里2鄰德育路二段104巷50號七樓,68,6801000,6801000-008,2鄰,德育路,二段,104巷,,,,50號七樓,121.217831655307,24.9432468393274
桃園市平鎮區新富里2鄰德育路二段104巷50號八樓,68,6801000,6801000-008,2鄰,德育路,二段,104巷,,,,50號八樓,121.217831655307,24.9432468393274
桃園市平鎮區新富里2鄰德育路二段104巷50號十樓,68,6801000,6801000-008,2鄰,德育路,二段,104巷,,,,50號十樓,121.217831655307,24.9432468393274
桃園市平鎮區新富里2鄰德育路二段104巷50號十一樓,68,6801000,6801000-008,2鄰,德育路,二段,104巷,,,,50號十一樓,121.217831655307,24.9432468393274
桃園市平鎮區新富里2鄰德育路二段104巷50號十二樓,68,6801000,6801000-008,2鄰,德育路,二段,104巷,,,,50號十二樓,121.217831655307,24.9432468393274
桃園市平鎮區新富里2鄰德育路二段104巷50號十三樓,68,6801000,6801000-008,2鄰,德育路,二段,104巷,,,,50號十三樓,121.217831655307,24.9432468393274
桃園市平鎮區新富里2鄰德育路二段104巷50號十五樓,68,6801000,6801000-008,2鄰,德育路,二段,104巷,,,,50號十五樓,121.217831655307,24.9432468393274
桃園市平鎮區新富里2鄰德育路二段104巷50號九樓,68,6801000,6801000-008,2鄰,德育路,二段,104巷,,,,50號九樓,121.217831655307,24.9432468393274
桃園市平鎮區新富里2鄰德育路二段104巷52號,68,6801000,6801000-008,2鄰,德育路,二段,104巷,,,,52號,121.21782737901,24.94334904717
桃園市平鎮區新富里2鄰德育路二段104巷52號二樓,68,6801000,6801000-008,2鄰,德育路,二段,104巷,,,,52號二樓,121.21782737901,24.94334904717
桃園市平鎮區新富里2鄰德育路二段104巷52號三樓,68,6801000,6801000-008,2鄰,德育路,二段,104巷,,,,52號三樓,121.21782737901,24.94334904717
桃園市平鎮區新富里2鄰德育路二段104巷52號十一樓,68,6801000,6801000-008,2鄰,德育路,二段,104巷,,,,52號十一樓,121.21782737901,24.94334904717
桃園市平鎮區新富里2鄰德育路二段104巷52號四樓,68,6801000,6801000-008,2鄰,德育路,二段,104巷,,,,52號四樓,121.21782737901,24.94334904717
桃園市平鎮區新富里2鄰德育路二段104巷52號五樓,68,6801000,6801000-008,2鄰,德育路,二段,104巷,,,,52號五樓,121.21782737901,24.94334904717
桃園市平鎮區新富里2鄰德育路二段104巷52號六樓,68,6801000,6801000-008,2鄰,德育路,二段,104巷,,,,52號六樓,121.21782737901,24.94334904717
桃園市平鎮區新富里2鄰德育路二段104巷52號七樓,68,6801000,6801000-008,2鄰,德育路,二段,104巷,,,,52號七樓,121.21782737901,24.94334904717
桃園市平鎮區新富里2鄰德育路二段104巷52號八樓,68,6801000,6801000-008,2鄰,德育路,二段,104巷,,,,52號八樓,121.21782737901,24.94334904717
桃園市平鎮區新富里2鄰德育路二段104巷52號九樓,68,6801000,6801000-008,2鄰,德育路,二段,104巷,,,,52號九樓,121.21782737901,24.94334904717
桃園市平鎮區新富里2鄰德育路二段104巷52號十樓,68,6801000,6801000-008,2鄰,德育路,二段,104巷,,,,52號十樓,121.21782737901,24.94334904717
桃園市平鎮區新富里2鄰德育路二段104巷52號十二樓,68,6801000,6801000-008,2鄰,德育路,二段,104巷,,,,52號十二樓,121.21782737901,24.94334904717
桃園市平鎮區新富里2鄰德育路二段104巷52號十三樓,68,6801000,6801000-008,2鄰,德育路,二段,104巷,,,,52號十三樓,121.21782737901,24.94334904717
桃園市平鎮區新富里2鄰德育路二段104巷52號十四樓,68,6801000,6801000-008,2鄰,德育路,二段,104巷,,,,52號十四樓,121.21782737901,24.94334904717
桃園市平鎮區新富里2鄰德育路二段104巷52號十五樓,68,6801000,6801000-008,2鄰,德育路,二段,104巷,,,,52號十五樓,121.21782737901,24.94334904717
桃園市平鎮區新富里2鄰德育路二段106號,68,6801000,6801000-008,2鄰,德育路,二段,,,,,106號,121.218804385363,24.9430836160575
桃園市平鎮區新富里2鄰德育路二段106之1號,68,6801000,6801000-008,2鄰,德育路,二段,,,,,106之1號,121.218805995321,24.9430364402563
桃園市平鎮區新富里2鄰德育路二段108號,68,6801000,6801000-008,2鄰,德育路,二段,,,,,108號,121.218807605262,24.9429892554264
桃園市平鎮區新富里2鄰德育路二段110之1號,68,6801000,6801000-008,2鄰,德育路,二段,,,,,110之1號,121.218810815255,24.9428948948085
桃園市平鎮區新富里2鄰德育路二段110號,68,6801000,6801000-008,2鄰,德育路,二段,,,,,110號,121.2188092053,24.9429420706107
桃園市平鎮區新富里2鄰德育路二段112巷1號,68,6801000,6801000-008,2鄰,德育路,二段,112巷,,,,1號,121.218690655872,24.9427628320901
桃園市平鎮區新富里2鄰德育路二段112巷2號,68,6801000,6801000-008,2鄰,德育路,二段,112巷,,,,2號,121.218697994997,24.9429039353573
桃園市平鎮區新富里2鄰德育路二段112巷3號,68,6801000,6801000-008,2鄰,德育路,二段,112巷,,,,3號,121.218637492034,24.9427579715632
桃園市平鎮區新富里2鄰德育路二段112巷5號,68,6801000,6801000-008,2鄰,德育路,二段,112巷,,,,5號,121.218584338086,24.9427531019744
桃園市平鎮區新富里2鄰德育路二段112巷6號,68,6801000,6801000-008,2鄰,德育路,二段,112巷,,,,6號,121.218617281607,24.9428982756119
桃園市平鎮區新富里2鄰德育路二段112巷7號,68,6801000,6801000-008,2鄰,德育路,二段,112巷,,,,7號,121.218531174255,24.9427482414095
桃園市平鎮區新富里2鄰德育路二段112巷8號,68,6801000,6801000-008,2鄰,德育路,二段,112巷,,,,8號,121.218538713089,24.9428903916884
桃園市平鎮區新富里2鄰德育路二段112巷9號,68,6801000,6801000-008,2鄰,德育路,二段,112巷,,,,9號,121.218478010413,24.9427433717972
桃園市平鎮區新富里2鄰德育路二段112巷10號,68,6801000,6801000-008,2鄰,德育路,二段,112巷,,,,10號,121.218484986972,24.9428867778525
桃園市平鎮區新富里2鄰德育路二段112巷11號,68,6801000,6801000-008,2鄰,德育路,二段,112巷,,,,11號,121.218424846591,24.9427385111943
桃園市平鎮區新富里2鄰德育路二段112巷12號,68,6801000,6801000-008,2鄰,德育路,二段,112巷,,,,12號,121.21843127076,24.9428831639828
桃園市平鎮區新富里2鄰德育路二段112巷13號,68,6801000,6801000-008,2鄰,德育路,二段,112巷,,,,13號,121.218371692674,24.9427336505579
桃園市平鎮區新富里2鄰德育路二段112巷14號,68,6801000,6801000-008,2鄰,德育路,二段,112巷,,,,14號,121.218377544649,24.9428795501081
桃園市平鎮區新富里2鄰德育路二段112巷15號,68,6801000,6801000-008,2鄰,德育路,二段,112巷,,,,15號,121.218318528844,24.9427287808886
桃園市平鎮區新富里2鄰德育路二段112巷16號,68,6801000,6801000-008,2鄰,德育路,二段,112巷,,,,16號,121.218323828442,24.9428759361996
桃園市平鎮區新富里2鄰德育路二段112巷17號,68,6801000,6801000-008,2鄰,德育路,二段,112巷,,,,17號,121.218265365034,24.9427239202287
桃園市平鎮區新富里2鄰德育路二段112巷18號,68,6801000,6801000-008,2鄰,德育路,二段,112巷,,,,18號,121.218270102337,24.9428723222862
桃園市平鎮區新富里2鄰德育路二段112巷19號,68,6801000,6801000-008,2鄰,德育路,二段,112巷,,,,19號,121.218212201228,24.9427190595499
桃園市平鎮區新富里2鄰德育路二段112巷20號,68,6801000,6801000-008,2鄰,德育路,二段,112巷,,,,20號,121.218216386137,24.9428687083389
桃園市平鎮區新富里2鄰德育路二段112巷21號,68,6801000,6801000-008,2鄰,德育路,二段,112巷,,,,21號,121.218159037409,24.9427141898236
桃園市平鎮區新富里2鄰德育路二段112巷22號,68,6801000,6801000-008,2鄰,德育路,二段,112巷,,,,22號,121.218162660053,24.9428651034151
桃園市平鎮區新富里2鄰德育路二段112巷23號,68,6801000,6801000-008,2鄰,德育路,二段,112巷,,,,23號,121.218067262388,24.9427023524842
桃園市平鎮區新富里2鄰德育路二段112巷24號,68,6801000,6801000-008,2鄰,德育路,二段,112巷,,,,24號,121.218105858177,24.9428580360646
桃園市平鎮區新富里2鄰德育路二段114號,68,6801000,6801000-008,2鄰,德育路,二段,,,,,114號,121.218813499163,24.9427886084332
桃園市平鎮區新富里2鄰德育路二段116號,68,6801000,6801000-008,2鄰,德育路,二段,,,,,116號,121.21881529021,24.9427430484494
桃園市平鎮區新富里2鄰德育路二段118號,68,6801000,6801000-008,2鄰,德育路,二段,,,,,118號,121.218817081255,24.9426974884653
桃園市平鎮區新富里2鄰德育路二段120號,68,6801000,6801000-008,2鄰,德育路,二段,,,,,120號,121.218818862397,24.9426519284955
桃園市平鎮區新富里2鄰德育路二段122號,68,6801000,6801000-008,2鄰,德育路,二段,,,,,122號,121.218822424498,24.9425999467109
桃園市平鎮區新富里3鄰德育路二段124巷1號,68,6801000,6801000-008,3鄰,德育路,二段,124巷,,,,1號,121.218767235129,24.9424517722286
桃園市平鎮區新富里3鄰德育路二段124巷2號,68,6801000,6801000-008,3鄰,德育路,二段,124巷,,,,2號,121.218727533513,24.9425843224215
桃園市平鎮區新富里3鄰德育路二段124巷3號,68,6801000,6801000-008,3鄰,德育路,二段,124巷,,,,3號,121.218710158492,24.9424460326868
桃園市平鎮區新富里3鄰德育路二段124巷4號,68,6801000,6801000-008,3鄰,德育路,二段,124巷,,,,4號,121.218673627292,24.942579580366
桃園市平鎮區新富里3鄰德育路二段124巷5號,68,6801000,6801000-008,3鄰,德育路,二段,124巷,,,,5號,121.21865308186,24.9424402931232
桃園市平鎮區新富里3鄰德育路二段124巷6號,68,6801000,6801000-008,3鄰,德育路,二段,124巷,,,,6號,121.218619711172,24.9425748383054
桃園市平鎮區新富里3鄰德育路二段124巷7號,68,6801000,6801000-008,3鄰,德育路,二段,124巷,,,,7號,121.218596005233,24.9424345535376
桃園市平鎮區新富里3鄰德育路二段124巷8號,68,6801000,6801000-008,3鄰,德育路,二段,124巷,,,,8號,121.218565795056,24.9425700962254
桃園市平鎮區新富里3鄰德育路二段124巷9號,68,6801000,6801000-008,3鄰,德育路,二段,124巷,,,,9號,121.218538918709,24.9424288139447
桃園市平鎮區新富里3鄰德育路二段124巷10號,68,6801000,6801000-008,3鄰,德育路,二段,124巷,,,,10號,121.218511888847,24.9425653541113
桃園市平鎮區新富里3鄰德育路二段124巷11號,68,6801000,6801000-008,3鄰,德育路,二段,124巷,,,,11號,121.218481842093,24.9424230743153
桃園市平鎮區新富里3鄰德育路二段124巷12號,68,6801000,6801000-008,3鄰,德育路,二段,124巷,,,,12號,121.218458238156,24.942559510137
桃園市平鎮區新富里3鄰德育路二段124巷13號,68,6801000,6801000-008,3鄰,德育路,二段,124巷,,,,13號,121.218430270799,24.9424171550545
桃園市平鎮區新富里3鄰德育路二段124巷14號,68,6801000,6801000-008,3鄰,德育路,二段,124巷,,,,14號,121.218405401616,24.9425548928139
桃園市平鎮區新富里3鄰德育路二段124巷15號,68,6801000,6801000-008,3鄰,德育路,二段,124巷,,,,15號,121.218387383955,24.9424113494465
桃園市平鎮區新富里3鄰德育路二段124巷16號,68,6801000,6801000-008,3鄰,德育路,二段,124巷,,,,16號,121.21835256508,24.9425502754721
桃園市平鎮區新富里3鄰德育路二段124巷18號,68,6801000,6801000-008,3鄰,德育路,二段,124巷,,,,18號,121.218299728531,24.942545649083
桃園市平鎮區新富里4鄰德育路二段124巷19弄1號,68,6801000,6801000-008,4鄰,德育路,二段,124巷,19弄,,,1號,121.218040748416,24.9423222049374
桃園市平鎮區新富里4鄰德育路二段124巷19弄1號二樓,68,6801000,6801000-008,4鄰,德育路,二段,124巷,19弄,,,1號二樓,121.218040748416,24.9423222049374
桃園市平鎮區新富里4鄰德育路二段124巷19弄1號三樓,68,6801000,6801000-008,4鄰,德育路,二段,124巷,19弄,,,1號三樓,121.218040748416,24.9423222049374
桃園市平鎮區新富里4鄰德育路二段124巷19弄1號五樓,68,6801000,6801000-008,4鄰,德育路,二段,124巷,19弄,,,1號五樓,121.218040748416,24.9423222049374
桃園市平鎮區新富里4鄰德育路二段124巷19弄1號四樓,68,6801000,6801000-008,4鄰,德育路,二段,124巷,19弄,,,1號四樓,121.218040748416,24.9423222049374
桃園市平鎮區新富里3鄰德育路二段124巷19弄2號,68,6801000,6801000-008,3鄰,德育路,二段,124巷,19弄,,,2號,121.21820817456,24.9423669213468
桃園市平鎮區新富里3鄰德育路二段124巷19弄2號二樓,68,6801000,6801000-008,3鄰,德育路,二段,124巷,19弄,,,2號二樓,121.21820817456,24.9423669213468
桃園市平鎮區新富里3鄰德育路二段124巷19弄2號三樓,68,6801000,6801000-008,3鄰,德育路,二段,124巷,19弄,,,2號三樓,121.21820817456,24.9423669213468
桃園市平鎮區新富里3鄰德育路二段124巷19弄2號五樓,68,6801000,6801000-008,3鄰,德育路,二段,124巷,19弄,,,2號五樓,121.21820817456,24.9423669213468
桃園市平鎮區新富里3鄰德育路二段124巷19弄2號四樓,68,6801000,6801000-008,3鄰,德育路,二段,124巷,19弄,,,2號四樓,121.21820817456,24.9423669213468
桃園市平鎮區新富里4鄰德育路二段124巷19弄3號,68,6801000,6801000-008,4鄰,德育路,二段,124巷,19弄,,,3號,121.218046175566,24.942255115908
桃園市平鎮區新富里4鄰德育路二段124巷19弄3號四樓,68,6801000,6801000-008,4鄰,德育路,二段,124巷,19弄,,,3號四樓,121.218046175566,24.942255115908
桃園市平鎮區新富里4鄰德育路二段124巷19弄3號二樓,68,6801000,6801000-008,4鄰,德育路,二段,124巷,19弄,,,3號二樓,121.218046175566,24.942255115908
桃園市平鎮區新富里4鄰德育路二段124巷19弄3號三樓,68,6801000,6801000-008,4鄰,德育路,二段,124巷,19弄,,,3號三樓,121.218046175566,24.942255115908
桃園市平鎮區新富里4鄰德育路二段124巷19弄3號五樓,68,6801000,6801000-008,4鄰,德育路,二段,124巷,19弄,,,3號五樓,121.218046175566,24.942255115908
桃園市平鎮區新富里3鄰德育路二段124巷19弄4號,68,6801000,6801000-008,3鄰,德育路,二段,124巷,19弄,,,4號,121.218216166805,24.9422945017938
桃園市平鎮區新富里3鄰德育路二段124巷19弄4號二樓,68,6801000,6801000-008,3鄰,德育路,二段,124巷,19弄,,,4號二樓,121.218216166805,24.9422945017938
桃園市平鎮區新富里3鄰德育路二段124巷19弄4號三樓,68,6801000,6801000-008,3鄰,德育路,二段,124巷,19弄,,,4號三樓,121.218216166805,24.9422945017938
桃園市平鎮區新富里3鄰德育路二段124巷19弄4號五樓,68,6801000,6801000-008,3鄰,德育路,二段,124巷,19弄,,,4號五樓,121.218216166805,24.9422945017938
桃園市平鎮區新富里3鄰德育路二段124巷19弄4號四樓,68,6801000,6801000-008,3鄰,德育路,二段,124巷,19弄,,,4號四樓,121.218216166805,24.9422945017938
桃園市平鎮區新富里4鄰德育路二段124巷19弄5號,68,6801000,6801000-008,4鄰,德育路,二段,124巷,19弄,,,5號,121.218051498444,24.9421850476549
桃園市平鎮區新富里4鄰德育路二段124巷19弄5號四樓,68,6801000,6801000-008,4鄰,德育路,二段,124巷,19弄,,,5號四樓,121.218051498444,24.9421850476549
桃園市平鎮區新富里4鄰德育路二段124巷19弄5號二樓,68,6801000,6801000-008,4鄰,德育路,二段,124巷,19弄,,,5號二樓,121.218051498444,24.9421850476549
桃園市平鎮區新富里4鄰德育路二段124巷19弄5號三樓,68,6801000,6801000-008,4鄰,德育路,二段,124巷,19弄,,,5號三樓,121.218051498444,24.9421850476549
桃園市平鎮區新富里4鄰德育路二段124巷19弄5號五樓,68,6801000,6801000-008,4鄰,德育路,二段,124巷,19弄,,,5號五樓,121.218051498444,24.9421850476549
桃園市平鎮區新富里4鄰德育路二段124巷19弄7號,68,6801000,6801000-008,4鄰,德育路,二段,124巷,19弄,,,7號,121.218056831646,24.9421208478528
桃園市平鎮區新富里4鄰德育路二段124巷19弄7號三樓,68,6801000,6801000-008,4鄰,德育路,二段,124巷,19弄,,,7號三樓,121.218056831646,24.9421208478528
桃園市平鎮區新富里4鄰德育路二段124巷19弄7號四樓,68,6801000,6801000-008,4鄰,德育路,二段,124巷,19弄,,,7號四樓,121.218056831646,24.9421208478528
桃園市平鎮區新富里4鄰德育路二段124巷19弄7號五樓,68,6801000,6801000-008,4鄰,德育路,二段,124巷,19弄,,,7號五樓,121.218056831646,24.9421208478528
桃園市平鎮區新富里4鄰德育路二段124巷19弄7號二樓,68,6801000,6801000-008,4鄰,德育路,二段,124巷,19弄,,,7號二樓,121.218056831646,24.9421208478528
桃園市平鎮區新富里4鄰德育路二段124巷19弄9號,68,6801000,6801000-008,4鄰,德育路,二段,124巷,19弄,,,9號,121.218060080303,24.9420537620089
桃園市平鎮區新富里4鄰德育路二段124巷19弄9號二樓,68,6801000,6801000-008,4鄰,德育路,二段,124巷,19弄,,,9號二樓,121.218060080303,24.9420537620089
桃園市平鎮區新富里4鄰德育路二段124巷19弄9號三樓,68,6801000,6801000-008,4鄰,德育路,二段,124巷,19弄,,,9號三樓,121.218060080303,24.9420537620089
桃園市平鎮區新富里4鄰德育路二段124巷19弄9號五樓,68,6801000,6801000-008,4鄰,德育路,二段,124巷,19弄,,,9號五樓,121.218060080303,24.9420537620089
桃園市平鎮區新富里4鄰德育路二段124巷19弄9號四樓,68,6801000,6801000-008,4鄰,德育路,二段,124巷,19弄,,,9號四樓,121.218060080303,24.9420537620089
桃園市平鎮區新富里4鄰德育路二段124巷19弄11號,68,6801000,6801000-008,4鄰,德育路,二段,124巷,19弄,,,11號,121.21806332546,24.9419846899192
桃園市平鎮區新富里4鄰德育路二段124巷19弄11號三樓,68,6801000,6801000-008,4鄰,德育路,二段,124巷,19弄,,,11號三樓,121.21806332546,24.9419846899192
桃園市平鎮區新富里4鄰德育路二段124巷19弄11號二樓,68,6801000,6801000-008,4鄰,德育路,二段,124巷,19弄,,,11號二樓,121.21806332546,24.9419846899192
桃園市平鎮區新富里4鄰德育路二段124巷19弄11號五樓,68,6801000,6801000-008,4鄰,德育路,二段,124巷,19弄,,,11號五樓,121.21806332546,24.9419846899192
桃園市平鎮區新富里4鄰德育路二段124巷19弄11號四樓,68,6801000,6801000-008,4鄰,德育路,二段,124巷,19弄,,,11號四樓,121.21806332546,24.9419846899192
桃園市平鎮區新富里3鄰德育路二段124巷20號,68,6801000,6801000-008,3鄰,德育路,二段,124巷,,,,20號,121.2182468821,24.9425410317181
桃園市平鎮區新富里4鄰德育路二段124巷21弄1號,68,6801000,6801000-008,4鄰,德育路,二段,124巷,21弄,,,1號,121.217879211515,24.9420226076999
桃園市平鎮區新富里4鄰德育路二段124巷21弄1號二樓,68,6801000,6801000-008,4鄰,德育路,二段,124巷,21弄,,,1號二樓,121.217879211515,24.9420226076999
桃園市平鎮區新富里4鄰德育路二段124巷21弄1號三樓,68,6801000,6801000-008,4鄰,德育路,二段,124巷,21弄,,,1號三樓,121.217879211515,24.9420226076999
桃園市平鎮區新富里4鄰德育路二段124巷21弄1號五樓,68,6801000,6801000-008,4鄰,德育路,二段,124巷,21弄,,,1號五樓,121.217879211515,24.9420226076999
桃園市平鎮區新富里4鄰德育路二段124巷21弄1號四樓,68,6801000,6801000-008,4鄰,德育路,二段,124巷,21弄,,,1號四樓,121.217879211515,24.9420226076999
桃園市平鎮區新富里4鄰德育路二段124巷21弄3號,68,6801000,6801000-008,4鄰,德育路,二段,124巷,21弄,,,3號,121.217806834169,24.942026956859
桃園市平鎮區新富里4鄰德育路二段124巷21弄3號五樓,68,6801000,6801000-008,4鄰,德育路,二段,124巷,21弄,,,3號五樓,121.217806834169,24.942026956859
桃園市平鎮區新富里4鄰德育路二段124巷21弄3號四樓,68,6801000,6801000-008,4鄰,德育路,二段,124巷,21弄,,,3號四樓,121.217806834169,24.942026956859
桃園市平鎮區新富里4鄰德育路二段124巷21弄3號三樓,68,6801000,6801000-008,4鄰,德育路,二段,124巷,21弄,,,3號三樓,121.217806834169,24.942026956859
桃園市平鎮區新富里4鄰德育路二段124巷21弄3號二樓,68,6801000,6801000-008,4鄰,德育路,二段,124巷,21弄,,,3號二樓,121.217806834169,24.942026956859
桃園市平鎮區新富里4鄰德育路二段124巷21弄5號,68,6801000,6801000-008,4鄰,德育路,二段,124巷,21弄,,,5號,121.217731685165,24.9420318517374
桃園市平鎮區新富里4鄰德育路二段124巷21弄5號二樓,68,6801000,6801000-008,4鄰,德育路,二段,124巷,21弄,,,5號二樓,121.217731685165,24.9420318517374
桃園市平鎮區新富里4鄰德育路二段124巷21弄5號三樓,68,6801000,6801000-008,4鄰,德育路,二段,124巷,21弄,,,5號三樓,121.217731685165,24.9420318517374
桃園市平鎮區新富里4鄰德育路二段124巷21弄5號四樓,68,6801000,6801000-008,4鄰,德育路,二段,124巷,21弄,,,5號四樓,121.217731685165,24.9420318517374
桃園市平鎮區新富里4鄰德育路二段124巷21弄5號五樓,68,6801000,6801000-008,4鄰,德育路,二段,124巷,21弄,,,5號五樓,121.217731685165,24.9420318517374
桃園市平鎮區新富里4鄰德育路二段124巷21弄7號,68,6801000,6801000-008,4鄰,德育路,二段,124巷,21弄,,,7號,121.217661982344,24.942036738623
桃園市平鎮區新富里4鄰德育路二段124巷21弄7號二樓,68,6801000,6801000-008,4鄰,德育路,二段,124巷,21弄,,,7號二樓,121.217661982344,24.942036738623
桃園市平鎮區新富里4鄰德育路二段124巷21弄7號三樓,68,6801000,6801000-008,4鄰,德育路,二段,124巷,21弄,,,7號三樓,121.217661982344,24.942036738623
桃園市平鎮區新富里4鄰德育路二段124巷21弄7號五樓,68,6801000,6801000-008,4鄰,德育路,二段,124巷,21弄,,,7號五樓,121.217661982344,24.942036738623
桃園市平鎮區新富里4鄰德育路二段124巷21弄7號四樓,68,6801000,6801000-008,4鄰,德育路,二段,124巷,21弄,,,7號四樓,121.217661982344,24.942036738623
桃園市平鎮區新富里4鄰德育路二段124巷21弄9號,68,6801000,6801000-008,4鄰,德育路,二段,124巷,21弄,,,9號,121.217657654667,24.9421661220687
桃園市平鎮區新富里5鄰德育路二段124巷23號,68,6801000,6801000-008,5鄰,德育路,二段,124巷,,,,23號,121.217813035598,24.9423438450027
桃園市平鎮區新富里5鄰德育路二段124巷23號二樓,68,6801000,6801000-008,5鄰,德育路,二段,124巷,,,,23號二樓,121.217813035598,24.9423438450027
桃園市平鎮區新富里5鄰德育路二段124巷23號三樓,68,6801000,6801000-008,5鄰,德育路,二段,124巷,,,,23號三樓,121.217813035598,24.9423438450027
桃園市平鎮區新富里5鄰德育路二段124巷23號五樓,68,6801000,6801000-008,5鄰,德育路,二段,124巷,,,,23號五樓,121.217813035598,24.9423438450027
桃園市平鎮區新富里5鄰德育路二段124巷23號四樓,68,6801000,6801000-008,5鄰,德育路,二段,124巷,,,,23號四樓,121.217813035598,24.9423438450027
桃園市平鎮區新富里5鄰德育路二段124巷25號,68,6801000,6801000-008,5鄰,德育路,二段,124巷,,,,25號,121.2177384626,24.9423385369397
桃園市平鎮區新富里5鄰德育路二段124巷25號二樓,68,6801000,6801000-008,5鄰,德育路,二段,124巷,,,,25號二樓,121.2177384626,24.9423385369397
桃園市平鎮區新富里5鄰德育路二段124巷25號三樓,68,6801000,6801000-008,5鄰,德育路,二段,124巷,,,,25號三樓,121.2177384626,24.9423385369397
桃園市平鎮區新富里5鄰德育路二段124巷25號五樓,68,6801000,6801000-008,5鄰,德育路,二段,124巷,,,,25號五樓,121.2177384626,24.9423385369397
桃園市平鎮區新富里5鄰德育路二段124巷25號四樓,68,6801000,6801000-008,5鄰,德育路,二段,124巷,,,,25號四樓,121.2177384626,24.9423385369397
桃園市平鎮區新富里5鄰德育路二段124巷26號,68,6801000,6801000-008,5鄰,德育路,二段,124巷,,,,26號,121.217958814539,24.9425231166426
桃園市平鎮區新富里5鄰德育路二段124巷26號三樓,68,6801000,6801000-008,5鄰,德育路,二段,124巷,,,,26號三樓,121.217958814539,24.9425231166426
桃園市平鎮區新富里5鄰德育路二段124巷26號二樓,68,6801000,6801000-008,5鄰,德育路,二段,124巷,,,,26號二樓,121.217958814539,24.9425231166426
桃園市平鎮區新富里5鄰德育路二段124巷26號五樓,68,6801000,6801000-008,5鄰,德育路,二段,124巷,,,,26號五樓,121.217958814539,24.9425231166426
桃園市平鎮區新富里5鄰德育路二段124巷26號四樓,68,6801000,6801000-008,5鄰,德育路,二段,124巷,,,,26號四樓,121.217958814539,24.9425231166426
桃園市平鎮區新富里5鄰德育路二段124巷27號,68,6801000,6801000-008,5鄰,德育路,二段,124巷,,,,27號,121.217662795927,24.9423307024819
桃園市平鎮區新富里5鄰德育路二段124巷27號五樓,68,6801000,6801000-008,5鄰,德育路,二段,124巷,,,,27號五樓,121.217662795927,24.9423307024819
桃園市平鎮區新富里5鄰德育路二段124巷27號四樓,68,6801000,6801000-008,5鄰,德育路,二段,124巷,,,,27號四樓,121.217662795927,24.9423307024819
桃園市平鎮區新富里5鄰德育路二段124巷27號二樓,68,6801000,6801000-008,5鄰,德育路,二段,124巷,,,,27號二樓,121.217662795927,24.9423307024819
桃園市平鎮區新富里5鄰德育路二段124巷27號三樓,68,6801000,6801000-008,5鄰,德育路,二段,124巷,,,,27號三樓,121.217662795927,24.9423307024819
桃園市平鎮區新富里5鄰德育路二段124巷28號二樓,68,6801000,6801000-008,5鄰,德育路,二段,124巷,,,,28號二樓,121.217867020806,24.9425230703096
桃園市平鎮區新富里5鄰德育路二段124巷28號五樓,68,6801000,6801000-008,5鄰,德育路,二段,124巷,,,,28號五樓,121.217867020806,24.9425230703096
桃園市平鎮區新富里5鄰德育路二段124巷28號四樓,68,6801000,6801000-008,5鄰,德育路,二段,124巷,,,,28號四樓,121.217867020806,24.9425230703096
桃園市平鎮區新富里5鄰德育路二段124巷28號三樓,68,6801000,6801000-008,5鄰,德育路,二段,124巷,,,,28號三樓,121.217867020806,24.9425230703096
桃園市平鎮區新富里5鄰德育路二段124巷29號,68,6801000,6801000-008,5鄰,德育路,二段,124巷,,,,29號,121.217589311391,24.9423249413337
桃園市平鎮區新富里5鄰德育路二段124巷29號三樓,68,6801000,6801000-008,5鄰,德育路,二段,124巷,,,,29號三樓,121.217589311391,24.9423249413337
桃園市平鎮區新富里5鄰德育路二段124巷29號五樓,68,6801000,6801000-008,5鄰,德育路,二段,124巷,,,,29號五樓,121.217589311391,24.9423249413337
桃園市平鎮區新富里5鄰德育路二段124巷29號四樓,68,6801000,6801000-008,5鄰,德育路,二段,124巷,,,,29號四樓,121.217589311391,24.9423249413337
桃園市平鎮區新富里5鄰德育路二段124巷29號二樓,68,6801000,6801000-008,5鄰,德育路,二段,124巷,,,,29號二樓,121.217589311391,24.9423249413337
桃園市平鎮區新富里5鄰德育路二段124巷30號,68,6801000,6801000-008,5鄰,德育路,二段,124巷,,,,30號,121.217789296746,24.9424715414199
桃園市平鎮區新富里5鄰德育路二段124巷32號三樓,68,6801000,6801000-008,5鄰,德育路,二段,124巷,,,,32號三樓,121.217796216568,24.9425211875619
桃園市平鎮區新富里5鄰德育路二段124巷32號四樓,68,6801000,6801000-008,5鄰,德育路,二段,124巷,,,,32號四樓,121.217796216568,24.9425211875619
桃園市平鎮區新富里5鄰德育路二段124巷32號五樓,68,6801000,6801000-008,5鄰,德育路,二段,124巷,,,,32號五樓,121.217796216568,24.9425211875619
桃園市平鎮區新富里5鄰德育路二段124巷32號二樓,68,6801000,6801000-008,5鄰,德育路,二段,124巷,,,,32號二樓,121.217796216568,24.9425211875619
桃園市平鎮區新富里5鄰德育路二段124巷34號,68,6801000,6801000-008,5鄰,德育路,二段,124巷,,,,34號,121.217803156111,24.942638366181
桃園市平鎮區新富里5鄰德育路二段124巷34號四樓,68,6801000,6801000-008,5鄰,德育路,二段,124巷,,,,34號四樓,121.217803156111,24.942638366181
桃園市平鎮區新富里5鄰德育路二段124巷34號二樓,68,6801000,6801000-008,5鄰,德育路,二段,124巷,,,,34號二樓,121.217803156111,24.942638366181
桃園市平鎮區新富里5鄰德育路二段124巷34號三樓,68,6801000,6801000-008,5鄰,德育路,二段,124巷,,,,34號三樓,121.217803156111,24.942638366181
桃園市平鎮區新富里5鄰德育路二段124巷34號五樓,68,6801000,6801000-008,5鄰,德育路,二段,124巷,,,,34號五樓,121.217803156111,24.942638366181
桃園市平鎮區新富里5鄰德育路二段124巷36號,68,6801000,6801000-008,5鄰,德育路,二段,124巷,,,,36號,121.217718929071,24.9426616922792
桃園市平鎮區新富里5鄰德育路二段124巷36號五樓,68,6801000,6801000-008,5鄰,德育路,二段,124巷,,,,36號五樓,121.217718929071,24.9426616922792
桃園市平鎮區新富里5鄰德育路二段124巷36號三樓,68,6801000,6801000-008,5鄰,德育路,二段,124巷,,,,36號三樓,121.217718929071,24.9426616922792
桃園市平鎮區新富里5鄰德育路二段124巷36號四樓,68,6801000,6801000-008,5鄰,德育路,二段,124巷,,,,36號四樓,121.217718929071,24.9426616922792
桃園市平鎮區新富里5鄰德育路二段124巷36號二樓,68,6801000,6801000-008,5鄰,德育路,二段,124巷,,,,36號二樓,121.217718929071,24.9426616922792
桃園市平鎮區新富里3鄰德育路二段126號,68,6801000,6801000-008,3鄰,德育路,二段,,,,,126號,121.218844426139,24.9424423686518
桃園市平鎮區新富里3鄰德育路二段130號,68,6801000,6801000-008,3鄰,德育路,二段,,,,,130號,121.21880845979,24.9423742569736
桃園市平鎮區新富里3鄰德育路二段132號,68,6801000,6801000-008,3鄰,德育路,二段,,,,,132號,121.218811033551,24.9423177353484
桃園市平鎮區新富里37鄰德育路二段138號十二樓,68,6801000,6801000-008,37鄰,德育路,二段,,,,,138號十二樓,121.218534454593,24.9421996884729
桃園市平鎮區新富里37鄰德育路二段138號十三樓,68,6801000,6801000-008,37鄰,德育路,二段,,,,,138號十三樓,121.218534454593,24.9421996884729
桃園市平鎮區新富里37鄰德育路二段138號十樓,68,6801000,6801000-008,37鄰,德育路,二段,,,,,138號十樓,121.218534454593,24.9421996884729
桃園市平鎮區新富里37鄰德育路二段138之1號七樓,68,6801000,6801000-008,37鄰,德育路,二段,,,,,138之1號七樓,121.218538696554,24.9421344971302
桃園市平鎮區新富里37鄰德育路二段138號三樓,68,6801000,6801000-008,37鄰,德育路,二段,,,,,138號三樓,121.218534454593,24.9421996884729
桃園市平鎮區新富里37鄰德育路二段138之1號九樓,68,6801000,6801000-008,37鄰,德育路,二段,,,,,138之1號九樓,121.218538696554,24.9421344971302
桃園市平鎮區新富里37鄰德育路二段138號五樓,68,6801000,6801000-008,37鄰,德育路,二段,,,,,138號五樓,121.218534454593,24.9421996884729
桃園市平鎮區新富里37鄰德育路二段138之1號八樓,68,6801000,6801000-008,37鄰,德育路,二段,,,,,138之1號八樓,121.218538696554,24.9421344971302
桃園市平鎮區新富里37鄰德育路二段138號六樓,68,6801000,6801000-008,37鄰,德育路,二段,,,,,138號六樓,121.218534454593,24.9421996884729
桃園市平鎮區新富里37鄰德育路二段138之1號十一樓,68,6801000,6801000-008,37鄰,德育路,二段,,,,,138之1號十一樓,121.218538696554,24.9421344971302
桃園市平鎮區新富里37鄰德育路二段138號四樓,68,6801000,6801000-008,37鄰,德育路,二段,,,,,138號四樓,121.218534454593,24.9421996884729
桃園市平鎮區新富里37鄰德育路二段138之1號十二樓,68,6801000,6801000-008,37鄰,德育路,二段,,,,,138之1號十二樓,121.218538696554,24.9421344971302
桃園市平鎮區新富里37鄰德育路二段138之1號十三樓,68,6801000,6801000-008,37鄰,德育路,二段,,,,,138之1號十三樓,121.218538696554,24.9421344971302
桃園市平鎮區新富里37鄰德育路二段138之1號十樓,68,6801000,6801000-008,37鄰,德育路,二段,,,,,138之1號十樓,121.218538696554,24.9421344971302
桃園市平鎮區新富里37鄰德育路二段138之1號三樓,68,6801000,6801000-008,37鄰,德育路,二段,,,,,138之1號三樓,121.218538696554,24.9421344971302
桃園市平鎮區新富里37鄰德育路二段138之1號五樓,68,6801000,6801000-008,37鄰,德育路,二段,,,,,138之1號五樓,121.218538696554,24.9421344971302
桃園市平鎮區新富里37鄰德育路二段138之1號六樓,68,6801000,6801000-008,37鄰,德育路,二段,,,,,138之1號六樓,121.218538696554,24.9421344971302
桃園市平鎮區新富里37鄰德育路二段138號七樓,68,6801000,6801000-008,37鄰,德育路,二段,,,,,138號七樓,121.218534454593,24.9421996884729
桃園市平鎮區新富里37鄰德育路二段138號二樓,68,6801000,6801000-008,37鄰,德育路,二段,,,,,138號二樓,121.218534454593,24.9421996884729
桃園市平鎮區新富里37鄰德育路二段138號八樓,68,6801000,6801000-008,37鄰,德育路,二段,,,,,138號八樓,121.218534454593,24.9421996884729
桃園市平鎮區新富里37鄰德育路二段138號十一樓,68,6801000,6801000-008,37鄰,德育路,二段,,,,,138號十一樓,121.218534454593,24.9421996884729
桃園市平鎮區新富里37鄰德育路二段138之1號二樓,68,6801000,6801000-008,37鄰,德育路,二段,,,,,138之1號二樓,121.218538696554,24.9421344971302
桃園市平鎮區新富里37鄰德育路二段138之1號四樓,68,6801000,6801000-008,37鄰,德育路,二段,,,,,138之1號四樓,121.218538696554,24.9421344971302
桃園市平鎮區新富里37鄰德育路二段138號九樓,68,6801000,6801000-008,37鄰,德育路,二段,,,,,138號九樓,121.218534454593,24.9421996884729
桃園市平鎮區新富里37鄰德育路二段150號六樓,68,6801000,6801000-008,37鄰,德育路,二段,,,,,150號六樓,121.218328754571,24.9421819331725
桃園市平鎮區新富里37鄰德育路二段150號四樓,68,6801000,6801000-008,37鄰,德育路,二段,,,,,150號四樓,121.218328754571,24.9421819331725
桃園市平鎮區新富里37鄰德育路二段150之1號七樓,68,6801000,6801000-008,37鄰,德育路,二段,,,,,150之1號七樓,121.218334073786,24.9421098786646
桃園市平鎮區新富里37鄰德育路二段150之1號九樓,68,6801000,6801000-008,37鄰,德育路,二段,,,,,150之1號九樓,121.218334073786,24.9421098786646
桃園市平鎮區新富里37鄰德育路二段150之1號八樓,68,6801000,6801000-008,37鄰,德育路,二段,,,,,150之1號八樓,121.218334073786,24.9421098786646
桃園市平鎮區新富里37鄰德育路二段150之1號十一樓,68,6801000,6801000-008,37鄰,德育路,二段,,,,,150之1號十一樓,121.218334073786,24.9421098786646
桃園市平鎮區新富里37鄰德育路二段150之1號十二樓,68,6801000,6801000-008,37鄰,德育路,二段,,,,,150之1號十二樓,121.218334073786,24.9421098786646
桃園市平鎮區新富里37鄰德育路二段150之1號十三樓,68,6801000,6801000-008,37鄰,德育路,二段,,,,,150之1號十三樓,121.218334073786,24.9421098786646
桃園市平鎮區新富里37鄰德育路二段150之1號十樓,68,6801000,6801000-008,37鄰,德育路,二段,,,,,150之1號十樓,121.218334073786,24.9421098786646
桃園市平鎮區新富里37鄰德育路二段150之1號三樓,68,6801000,6801000-008,37鄰,德育路,二段,,,,,150之1號三樓,121.218334073786,24.9421098786646
桃園市平鎮區新富里37鄰德育路二段150之1號五樓,68,6801000,6801000-008,37鄰,德育路,二段,,,,,150之1號五樓,121.218334073786,24.9421098786646
桃園市平鎮區新富里37鄰德育路二段150之1號六樓,68,6801000,6801000-008,37鄰,德育路,二段,,,,,150之1號六樓,121.218334073786,24.9421098786646
桃園市平鎮區新富里37鄰德育路二段150號七樓,68,6801000,6801000-008,37鄰,德育路,二段,,,,,150號七樓,121.218328754571,24.9421819331725
桃園市平鎮區新富里37鄰德育路二段150號九樓,68,6801000,6801000-008,37鄰,德育路,二段,,,,,150號九樓,121.218328754571,24.9421819331725
桃園市平鎮區新富里37鄰德育路二段150號二樓,68,6801000,6801000-008,37鄰,德育路,二段,,,,,150號二樓,121.218328754571,24.9421819331725
桃園市平鎮區新富里37鄰德育路二段150號八樓,68,6801000,6801000-008,37鄰,德育路,二段,,,,,150號八樓,121.218328754571,24.9421819331725
桃園市平鎮區新富里37鄰德育路二段150號十一樓,68,6801000,6801000-008,37鄰,德育路,二段,,,,,150號十一樓,121.218328754571,24.9421819331725
桃園市平鎮區新富里37鄰德育路二段150號十二樓,68,6801000,6801000-008,37鄰,德育路,二段,,,,,150號十二樓,121.218328754571,24.9421819331725
桃園市平鎮區新富里37鄰德育路二段150號十三樓,68,6801000,6801000-008,37鄰,德育路,二段,,,,,150號十三樓,121.218328754571,24.9421819331725
桃園市平鎮區新富里37鄰德育路二段150號十樓,68,6801000,6801000-008,37鄰,德育路,二段,,,,,150號十樓,121.218328754571,24.9421819331725
桃園市平鎮區新富里37鄰德育路二段150號五樓,68,6801000,6801000-008,37鄰,德育路,二段,,,,,150號五樓,121.218328754571,24.9421819331725
桃園市平鎮區新富里37鄰德育路二段150之1號二樓,68,6801000,6801000-008,37鄰,德育路,二段,,,,,150之1號二樓,121.218334073786,24.9421098786646
桃園市平鎮區新富里37鄰德育路二段150之1號四樓,68,6801000,6801000-008,37鄰,德育路,二段,,,,,150之1號四樓,121.218334073786,24.9421098786646
桃園市平鎮區新富里37鄰德育路二段150號三樓,68,6801000,6801000-008,37鄰,德育路,二段,,,,,150號三樓,121.218328754571,24.9421819331725
桃園市平鎮區新富里37鄰德育路二段152之1號,68,6801000,6801000-008,37鄰,德育路,二段,,,,,152之1號,121.218340519237,24.9419464549914
桃園市平鎮區新富里37鄰德育路二段152號,68,6801000,6801000-008,37鄰,德育路,二段,,,,,152號,121.218336210776,24.9420301546696
桃園市平鎮區新富里37鄰德育路二段152之1號七樓,68,6801000,6801000-008,37鄰,德育路,二段,,,,,152之1號七樓,121.218340519237,24.9419464549914
桃園市平鎮區新富里37鄰德育路二段152之1號九樓,68,6801000,6801000-008,37鄰,德育路,二段,,,,,152之1號九樓,121.218340519237,24.9419464549914
桃園市平鎮區新富里37鄰德育路二段152之1號二樓,68,6801000,6801000-008,37鄰,德育路,二段,,,,,152之1號二樓,121.218340519237,24.9419464549914
桃園市平鎮區新富里37鄰德育路二段152之1號八樓,68,6801000,6801000-008,37鄰,德育路,二段,,,,,152之1號八樓,121.218340519237,24.9419464549914
桃園市平鎮區新富里37鄰德育路二段152之1號十一樓,68,6801000,6801000-008,37鄰,德育路,二段,,,,,152之1號十一樓,121.218340519237,24.9419464549914
桃園市平鎮區新富里37鄰德育路二段152之1號十二樓,68,6801000,6801000-008,37鄰,德育路,二段,,,,,152之1號十二樓,121.218340519237,24.9419464549914
桃園市平鎮區新富里37鄰德育路二段152之1號十樓,68,6801000,6801000-008,37鄰,德育路,二段,,,,,152之1號十樓,121.218340519237,24.9419464549914
桃園市平鎮區新富里37鄰德育路二段152之1號三樓,68,6801000,6801000-008,37鄰,德育路,二段,,,,,152之1號三樓,121.218340519237,24.9419464549914
桃園市平鎮區新富里37鄰德育路二段152之1號五樓,68,6801000,6801000-008,37鄰,德育路,二段,,,,,152之1號五樓,121.218340519237,24.9419464549914
桃園市平鎮區新富里37鄰德育路二段152之1號六樓,68,6801000,6801000-008,37鄰,德育路,二段,,,,,152之1號六樓,121.218340519237,24.9419464549914
桃園市平鎮區新富里37鄰德育路二段152之1號四樓,68,6801000,6801000-008,37鄰,德育路,二段,,,,,152之1號四樓,121.218340519237,24.9419464549914
桃園市平鎮區新富里37鄰德育路二段152號七樓,68,6801000,6801000-008,37鄰,德育路,二段,,,,,152號七樓,121.218336210776,24.9420301546696
桃園市平鎮區新富里37鄰德育路二段152號九樓,68,6801000,6801000-008,37鄰,德育路,二段,,,,,152號九樓,121.218336210776,24.9420301546696
桃園市平鎮區新富里37鄰德育路二段152號八樓,68,6801000,6801000-008,37鄰,德育路,二段,,,,,152號八樓,121.218336210776,24.9420301546696
桃園市平鎮區新富里37鄰德育路二段152號十一樓,68,6801000,6801000-008,37鄰,德育路,二段,,,,,152號十一樓,121.218336210776,24.9420301546696
桃園市平鎮區新富里37鄰德育路二段152號十二樓,68,6801000,6801000-008,37鄰,德育路,二段,,,,,152號十二樓,121.218336210776,24.9420301546696
桃園市平鎮區新富里37鄰德育路二段152號十三樓,68,6801000,6801000-008,37鄰,德育路,二段,,,,,152號十三樓,121.218336210776,24.9420301546696
桃園市平鎮區新富里37鄰德育路二段152號十樓,68,6801000,6801000-008,37鄰,德育路,二段,,,,,152號十樓,121.218336210776,24.9420301546696
桃園市平鎮區新富里37鄰德育路二段152號三樓,68,6801000,6801000-008,37鄰,德育路,二段,,,,,152號三樓,121.218336210776,24.9420301546696
桃園市平鎮區新富里37鄰德育路二段152號五樓,68,6801000,6801000-008,37鄰,德育路,二段,,,,,152號五樓,121.218336210776,24.9420301546696
桃園市平鎮區新富里37鄰德育路二段152號六樓,68,6801000,6801000-008,37鄰,德育路,二段,,,,,152號六樓,121.218336210776,24.9420301546696
桃園市平鎮區新富里37鄰德育路二段152之1號十三樓,68,6801000,6801000-008,37鄰,德育路,二段,,,,,152之1號十三樓,121.218340519237,24.9419464549914
桃園市平鎮區新富里37鄰德育路二段152號二樓,68,6801000,6801000-008,37鄰,德育路,二段,,,,,152號二樓,121.218336210776,24.9420301546696
桃園市平鎮區新富里37鄰德育路二段152號四樓,68,6801000,6801000-008,37鄰,德育路,二段,,,,,152號四樓,121.218336210776,24.9420301546696
桃園市平鎮區新富里37鄰德育路二段156之1號,68,6801000,6801000-008,37鄰,德育路,二段,,,,,156之1號,121.218348066004,24.9417898912928
桃園市平鎮區新富里37鄰德育路二段156號,68,6801000,6801000-008,37鄰,德育路,二段,,,,,156號,121.218343745458,24.9418667293986
桃園市平鎮區新富里37鄰德育路二段156之1號十樓,68,6801000,6801000-008,37鄰,德育路,二段,,,,,156之1號十樓,121.218348066004,24.9417898912928
桃園市平鎮區新富里37鄰德育路二段156號八樓,68,6801000,6801000-008,37鄰,德育路,二段,,,,,156號八樓,121.218343745458,24.9418667293986
桃園市平鎮區新富里37鄰德育路二段156之1號七樓,68,6801000,6801000-008,37鄰,德育路,二段,,,,,156之1號七樓,121.218348066004,24.9417898912928
桃園市平鎮區新富里37鄰德育路二段156之1號九樓,68,6801000,6801000-008,37鄰,德育路,二段,,,,,156之1號九樓,121.218348066004,24.9417898912928
桃園市平鎮區新富里37鄰德育路二段156之1號二樓,68,6801000,6801000-008,37鄰,德育路,二段,,,,,156之1號二樓,121.218348066004,24.9417898912928
桃園市平鎮區新富里37鄰德育路二段156之1號八樓,68,6801000,6801000-008,37鄰,德育路,二段,,,,,156之1號八樓,121.218348066004,24.9417898912928
桃園市平鎮區新富里37鄰德育路二段156之1號十一樓,68,6801000,6801000-008,37鄰,德育路,二段,,,,,156之1號十一樓,121.218348066004,24.9417898912928
桃園市平鎮區新富里37鄰德育路二段156之1號十二樓,68,6801000,6801000-008,37鄰,德育路,二段,,,,,156之1號十二樓,121.218348066004,24.9417898912928
桃園市平鎮區新富里37鄰德育路二段156之1號十三樓,68,6801000,6801000-008,37鄰,德育路,二段,,,,,156之1號十三樓,121.218348066004,24.9417898912928
桃園市平鎮區新富里37鄰德育路二段156之1號三樓,68,6801000,6801000-008,37鄰,德育路,二段,,,,,156之1號三樓,121.218348066004,24.9417898912928
桃園市平鎮區新富里37鄰德育路二段156之1號五樓,68,6801000,6801000-008,37鄰,德育路,二段,,,,,156之1號五樓,121.218348066004,24.9417898912928
桃園市平鎮區新富里37鄰德育路二段156之1號六樓,68,6801000,6801000-008,37鄰,德育路,二段,,,,,156之1號六樓,121.218348066004,24.9417898912928
桃園市平鎮區新富里37鄰德育路二段156之1號四樓,68,6801000,6801000-008,37鄰,德育路,二段,,,,,156之1號四樓,121.218348066004,24.9417898912928
桃園市平鎮區新富里37鄰德育路二段156號七樓,68,6801000,6801000-008,37鄰,德育路,二段,,,,,156號七樓,121.218343745458,24.9418667293986
桃園市平鎮區新富里37鄰德育路二段156號九樓,68,6801000,6801000-008,37鄰,德育路,二段,,,,,156號九樓,121.218343745458,24.9418667293986
桃園市平鎮區新富里37鄰德育路二段156號二樓,68,6801000,6801000-008,37鄰,德育路,二段,,,,,156號二樓,121.218343745458,24.9418667293986
桃園市平鎮區新富里37鄰德育路二段156號十一樓,68,6801000,6801000-008,37鄰,德育路,二段,,,,,156號十一樓,121.218343745458,24.9418667293986
桃園市平鎮區新富里37鄰德育路二段156號十二樓,68,6801000,6801000-008,37鄰,德育路,二段,,,,,156號十二樓,121.218343745458,24.9418667293986
桃園市平鎮區新富里37鄰德育路二段156號十三樓,68,6801000,6801000-008,37鄰,德育路,二段,,,,,156號十三樓,121.218343745458,24.9418667293986
桃園市平鎮區新富里37鄰德育路二段156號十樓,68,6801000,6801000-008,37鄰,德育路,二段,,,,,156號十樓,121.218343745458,24.9418667293986
桃園市平鎮區新富里37鄰德育路二段156號三樓,68,6801000,6801000-008,37鄰,德育路,二段,,,,,156號三樓,121.218343745458,24.9418667293986
桃園市平鎮區新富里37鄰德育路二段156號五樓,68,6801000,6801000-008,37鄰,德育路,二段,,,,,156號五樓,121.218343745458,24.9418667293986
桃園市平鎮區新富里37鄰德育路二段156號六樓,68,6801000,6801000-008,37鄰,德育路,二段,,,,,156號六樓,121.218343745458,24.9418667293986
桃園市平鎮區新富里37鄰德育路二段156號四樓,68,6801000,6801000-008,37鄰,德育路,二段,,,,,156號四樓,121.218343745458,24.9418667293986
桃園市平鎮區新富里37鄰德育路二段158之2號,68,6801000,6801000-008,37鄰,德育路,二段,,,,,158之2號,121.218437794707,24.9416299569198
桃園市平鎮區新富里37鄰德育路二段158號,68,6801000,6801000-008,37鄰,德育路,二段,,,,,158號,121.218349129023,24.9417188361423
桃園市平鎮區新富里37鄰德育路二段158之1號,68,6801000,6801000-008,37鄰,德育路,二段,,,,,158之1號,121.218354018068,24.9416274614603
桃園市平鎮區新富里37鄰德育路二段158號九樓,68,6801000,6801000-008,37鄰,德育路,二段,,,,,158號九樓,121.218349129023,24.9417188361423
桃園市平鎮區新富里37鄰德育路二段158號二樓,68,6801000,6801000-008,37鄰,德育路,二段,,,,,158號二樓,121.218349129023,24.9417188361423
桃園市平鎮區新富里37鄰德育路二段158號八樓,68,6801000,6801000-008,37鄰,德育路,二段,,,,,158號八樓,121.218349129023,24.9417188361423
桃園市平鎮區新富里37鄰德育路二段158號十一樓,68,6801000,6801000-008,37鄰,德育路,二段,,,,,158號十一樓,121.218349129023,24.9417188361423
桃園市平鎮區新富里37鄰德育路二段158號十二樓,68,6801000,6801000-008,37鄰,德育路,二段,,,,,158號十二樓,121.218349129023,24.9417188361423
桃園市平鎮區新富里37鄰德育路二段158號十三樓,68,6801000,6801000-008,37鄰,德育路,二段,,,,,158號十三樓,121.218349129023,24.9417188361423
桃園市平鎮區新富里37鄰德育路二段158號十五樓,68,6801000,6801000-008,37鄰,德育路,二段,,,,,158號十五樓,121.218349129023,24.9417188361423
桃園市平鎮區新富里37鄰德育路二段158號十四樓,68,6801000,6801000-008,37鄰,德育路,二段,,,,,158號十四樓,121.218349129023,24.9417188361423
桃園市平鎮區新富里37鄰德育路二段158號十樓,68,6801000,6801000-008,37鄰,德育路,二段,,,,,158號十樓,121.218349129023,24.9417188361423
桃園市平鎮區新富里37鄰德育路二段158號五樓,68,6801000,6801000-008,37鄰,德育路,二段,,,,,158號五樓,121.218349129023,24.9417188361423
桃園市平鎮區新富里37鄰德育路二段158號六樓,68,6801000,6801000-008,37鄰,德育路,二段,,,,,158號六樓,121.218349129023,24.9417188361423
桃園市平鎮區新富里37鄰德育路二段158號四樓,68,6801000,6801000-008,37鄰,德育路,二段,,,,,158號四樓,121.218349129023,24.9417188361423
桃園市平鎮區新富里37鄰德育路二段158號三樓,68,6801000,6801000-008,37鄰,德育路,二段,,,,,158號三樓,121.218349129023,24.9417188361423
桃園市平鎮區新富里37鄰德育路二段158之1號六樓,68,6801000,6801000-008,37鄰,德育路,二段,,,,,158之1號六樓,121.218354018068,24.9416274614603
桃園市平鎮區新富里37鄰德育路二段158之2號十三樓,68,6801000,6801000-008,37鄰,德育路,二段,,,,,158之2號十三樓,121.218437794707,24.9416299569198
桃園市平鎮區新富里37鄰德育路二段158號七樓,68,6801000,6801000-008,37鄰,德育路,二段,,,,,158號七樓,121.218349129023,24.9417188361423
桃園市平鎮區新富里37鄰德育路二段158之1號八樓,68,6801000,6801000-008,37鄰,德育路,二段,,,,,158之1號八樓,121.218354018068,24.9416274614603
桃園市平鎮區新富里37鄰德育路二段158之1號十一樓,68,6801000,6801000-008,37鄰,德育路,二段,,,,,158之1號十一樓,121.218354018068,24.9416274614603
桃園市平鎮區新富里37鄰德育路二段158之1號十二樓,68,6801000,6801000-008,37鄰,德育路,二段,,,,,158之1號十二樓,121.218354018068,24.9416274614603
桃園市平鎮區新富里37鄰德育路二段158之1號十三樓,68,6801000,6801000-008,37鄰,德育路,二段,,,,,158之1號十三樓,121.218354018068,24.9416274614603
桃園市平鎮區新富里37鄰德育路二段158之1號十五樓,68,6801000,6801000-008,37鄰,德育路,二段,,,,,158之1號十五樓,121.218354018068,24.9416274614603
桃園市平鎮區新富里37鄰德育路二段158之1號十四樓,68,6801000,6801000-008,37鄰,德育路,二段,,,,,158之1號十四樓,121.218354018068,24.9416274614603
桃園市平鎮區新富里37鄰德育路二段158之1號十樓,68,6801000,6801000-008,37鄰,德育路,二段,,,,,158之1號十樓,121.218354018068,24.9416274614603
桃園市平鎮區新富里37鄰德育路二段158之1號三樓,68,6801000,6801000-008,37鄰,德育路,二段,,,,,158之1號三樓,121.218354018068,24.9416274614603
桃園市平鎮區新富里37鄰德育路二段158之1號五樓,68,6801000,6801000-008,37鄰,德育路,二段,,,,,158之1號五樓,121.218354018068,24.9416274614603
桃園市平鎮區新富里37鄰德育路二段158之1號四樓,68,6801000,6801000-008,37鄰,德育路,二段,,,,,158之1號四樓,121.218354018068,24.9416274614603
桃園市平鎮區新富里37鄰德育路二段158之2號七樓,68,6801000,6801000-008,37鄰,德育路,二段,,,,,158之2號七樓,121.218437794707,24.9416299569198
桃園市平鎮區新富里37鄰德育路二段158之2號九樓,68,6801000,6801000-008,37鄰,德育路,二段,,,,,158之2號九樓,121.218437794707,24.9416299569198
桃園市平鎮區新富里37鄰德育路二段158之2號二樓,68,6801000,6801000-008,37鄰,德育路,二段,,,,,158之2號二樓,121.218437794707,24.9416299569198
桃園市平鎮區新富里37鄰德育路二段158之2號八樓,68,6801000,6801000-008,37鄰,德育路,二段,,,,,158之2號八樓,121.218437794707,24.9416299569198
桃園市平鎮區新富里37鄰德育路二段158之2號十一樓,68,6801000,6801000-008,37鄰,德育路,二段,,,,,158之2號十一樓,121.218437794707,24.9416299569198
桃園市平鎮區新富里37鄰德育路二段158之2號十二樓,68,6801000,6801000-008,37鄰,德育路,二段,,,,,158之2號十二樓,121.218437794707,24.9416299569198
桃園市平鎮區新富里37鄰德育路二段158之2號十五樓,68,6801000,6801000-008,37鄰,德育路,二段,,,,,158之2號十五樓,121.218437794707,24.9416299569198
桃園市平鎮區新富里37鄰德育路二段158之2號十四樓,68,6801000,6801000-008,37鄰,德育路,二段,,,,,158之2號十四樓,121.218437794707,24.9416299569198
桃園市平鎮區新富里37鄰德育路二段158之2號十樓,68,6801000,6801000-008,37鄰,德育路,二段,,,,,158之2號十樓,121.218437794707,24.9416299569198
桃園市平鎮區新富里37鄰德育路二段158之2號三樓,68,6801000,6801000-008,37鄰,德育路,二段,,,,,158之2號三樓,121.218437794707,24.9416299569198
桃園市平鎮區新富里37鄰德育路二段158之2號五樓,68,6801000,6801000-008,37鄰,德育路,二段,,,,,158之2號五樓,121.218437794707,24.9416299569198
桃園市平鎮區新富里37鄰德育路二段158之2號六樓,68,6801000,6801000-008,37鄰,德育路,二段,,,,,158之2號六樓,121.218437794707,24.9416299569198
桃園市平鎮區新富里37鄰德育路二段158之2號四樓,68,6801000,6801000-008,37鄰,德育路,二段,,,,,158之2號四樓,121.218437794707,24.9416299569198
桃園市平鎮區新富里37鄰德育路二段158之1號七樓,68,6801000,6801000-008,37鄰,德育路,二段,,,,,158之1號七樓,121.218354018068,24.9416274614603
桃園市平鎮區新富里37鄰德育路二段158之1號九樓,68,6801000,6801000-008,37鄰,德育路,二段,,,,,158之1號九樓,121.218354018068,24.9416274614603
桃園市平鎮區新富里37鄰德育路二段158之1號二樓,68,6801000,6801000-008,37鄰,德育路,二段,,,,,158之1號二樓,121.218354018068,24.9416274614603
桃園市平鎮區新富里36鄰德育路二段160之1號,68,6801000,6801000-008,36鄰,德育路,二段,,,,,160之1號,121.218589200512,24.9416309988834
桃園市平鎮區新富里36鄰德育路二段160號,68,6801000,6801000-008,36鄰,德育路,二段,,,,,160號,121.218503348881,24.9416310345067
桃園市平鎮區新富里36鄰德育路二段160號四樓,68,6801000,6801000-008,36鄰,德育路,二段,,,,,160號四樓,121.218503348881,24.9416310345067
桃園市平鎮區新富里36鄰德育路二段160之1號七樓,68,6801000,6801000-008,36鄰,德育路,二段,,,,,160之1號七樓,121.218589200512,24.9416309988834
桃園市平鎮區新富里36鄰德育路二段160之1號九樓,68,6801000,6801000-008,36鄰,德育路,二段,,,,,160之1號九樓,121.218589200512,24.9416309988834
桃園市平鎮區新富里36鄰德育路二段160之1號二樓,68,6801000,6801000-008,36鄰,德育路,二段,,,,,160之1號二樓,121.218589200512,24.9416309988834
桃園市平鎮區新富里36鄰德育路二段160之1號十一樓,68,6801000,6801000-008,36鄰,德育路,二段,,,,,160之1號十一樓,121.218589200512,24.9416309988834
桃園市平鎮區新富里36鄰德育路二段160之1號十二樓,68,6801000,6801000-008,36鄰,德育路,二段,,,,,160之1號十二樓,121.218589200512,24.9416309988834
桃園市平鎮區新富里36鄰德育路二段160之1號十三樓,68,6801000,6801000-008,36鄰,德育路,二段,,,,,160之1號十三樓,121.218589200512,24.9416309988834
桃園市平鎮區新富里36鄰德育路二段160之1號十樓,68,6801000,6801000-008,36鄰,德育路,二段,,,,,160之1號十樓,121.218589200512,24.9416309988834
桃園市平鎮區新富里36鄰德育路二段160之1號三樓,68,6801000,6801000-008,36鄰,德育路,二段,,,,,160之1號三樓,121.218589200512,24.9416309988834
桃園市平鎮區新富里36鄰德育路二段160之1號五樓,68,6801000,6801000-008,36鄰,德育路,二段,,,,,160之1號五樓,121.218589200512,24.9416309988834
桃園市平鎮區新富里36鄰德育路二段160之1號六樓,68,6801000,6801000-008,36鄰,德育路,二段,,,,,160之1號六樓,121.218589200512,24.9416309988834
桃園市平鎮區新富里36鄰德育路二段160之1號四樓,68,6801000,6801000-008,36鄰,德育路,二段,,,,,160之1號四樓,121.218589200512,24.9416309988834
桃園市平鎮區新富里36鄰德育路二段160號七樓,68,6801000,6801000-008,36鄰,德育路,二段,,,,,160號七樓,121.218503348881,24.9416310345067
桃園市平鎮區新富里36鄰德育路二段160號九樓,68,6801000,6801000-008,36鄰,德育路,二段,,,,,160號九樓,121.218503348881,24.9416310345067
桃園市平鎮區新富里36鄰德育路二段160之1號八樓,68,6801000,6801000-008,36鄰,德育路,二段,,,,,160之1號八樓,121.218589200512,24.9416309988834
桃園市平鎮區新富里36鄰德育路二段160號二樓,68,6801000,6801000-008,36鄰,德育路,二段,,,,,160號二樓,121.218503348881,24.9416310345067
桃園市平鎮區新富里36鄰德育路二段160號八樓,68,6801000,6801000-008,36鄰,德育路,二段,,,,,160號八樓,121.218503348881,24.9416310345067
桃園市平鎮區新富里36鄰德育路二段160號十一樓,68,6801000,6801000-008,36鄰,德育路,二段,,,,,160號十一樓,121.218503348881,24.9416310345067
桃園市平鎮區新富里36鄰德育路二段160號十二樓,68,6801000,6801000-008,36鄰,德育路,二段,,,,,160號十二樓,121.218503348881,24.9416310345067
桃園市平鎮區新富里36鄰德育路二段160號十三樓,68,6801000,6801000-008,36鄰,德育路,二段,,,,,160號十三樓,121.218503348881,24.9416310345067
桃園市平鎮區新富里36鄰德育路二段160號十樓,68,6801000,6801000-008,36鄰,德育路,二段,,,,,160號十樓,121.218503348881,24.9416310345067
桃園市平鎮區新富里36鄰德育路二段160號三樓,68,6801000,6801000-008,36鄰,德育路,二段,,,,,160號三樓,121.218503348881,24.9416310345067
桃園市平鎮區新富里36鄰德育路二段160號五樓,68,6801000,6801000-008,36鄰,德育路,二段,,,,,160號五樓,121.218503348881,24.9416310345067
桃園市平鎮區新富里36鄰德育路二段160號六樓,68,6801000,6801000-008,36鄰,德育路,二段,,,,,160號六樓,121.218503348881,24.9416310345067
桃園市平鎮區新富里36鄰德育路二段162之1號十樓,68,6801000,6801000-008,36鄰,德育路,二段,,,,,162之1號十樓,121.218784396521,24.941981285613
桃園市平鎮區新富里36鄰德育路二段162號十二樓,68,6801000,6801000-008,36鄰,德育路,二段,,,,,162號十二樓,121.218784918894,24.9420527898557
桃園市平鎮區新富里36鄰德育路二段162號三樓,68,6801000,6801000-008,36鄰,德育路,二段,,,,,162號三樓,121.218784918894,24.9420527898557
桃園市平鎮區新富里36鄰德育路二段162號五樓,68,6801000,6801000-008,36鄰,德育路,二段,,,,,162號五樓,121.218784918894,24.9420527898557
桃園市平鎮區新富里36鄰德育路二段162號六樓,68,6801000,6801000-008,36鄰,德育路,二段,,,,,162號六樓,121.218784918894,24.9420527898557
桃園市平鎮區新富里36鄰德育路二段162號四樓,68,6801000,6801000-008,36鄰,德育路,二段,,,,,162號四樓,121.218784918894,24.9420527898557
桃園市平鎮區新富里36鄰德育路二段162之1號七樓,68,6801000,6801000-008,36鄰,德育路,二段,,,,,162之1號七樓,121.218784396521,24.941981285613
桃園市平鎮區新富里36鄰德育路二段162之1號九樓,68,6801000,6801000-008,36鄰,德育路,二段,,,,,162之1號九樓,121.218784396521,24.941981285613
桃園市平鎮區新富里36鄰德育路二段162之1號二樓,68,6801000,6801000-008,36鄰,德育路,二段,,,,,162之1號二樓,121.218784396521,24.941981285613
桃園市平鎮區新富里36鄰德育路二段162之1號八樓,68,6801000,6801000-008,36鄰,德育路,二段,,,,,162之1號八樓,121.218784396521,24.941981285613
桃園市平鎮區新富里36鄰德育路二段162之1號十一樓,68,6801000,6801000-008,36鄰,德育路,二段,,,,,162之1號十一樓,121.218784396521,24.941981285613
桃園市平鎮區新富里36鄰德育路二段162之1號十二樓,68,6801000,6801000-008,36鄰,德育路,二段,,,,,162之1號十二樓,121.218784396521,24.941981285613
桃園市平鎮區新富里36鄰德育路二段162之1號十三樓,68,6801000,6801000-008,36鄰,德育路,二段,,,,,162之1號十三樓,121.218784396521,24.941981285613
桃園市平鎮區新富里36鄰德育路二段162之1號三樓,68,6801000,6801000-008,36鄰,德育路,二段,,,,,162之1號三樓,121.218784396521,24.941981285613
桃園市平鎮區新富里36鄰德育路二段162之1號五樓,68,6801000,6801000-008,36鄰,德育路,二段,,,,,162之1號五樓,121.218784396521,24.941981285613
桃園市平鎮區新富里36鄰德育路二段162之1號六樓,68,6801000,6801000-008,36鄰,德育路,二段,,,,,162之1號六樓,121.218784396521,24.941981285613
桃園市平鎮區新富里36鄰德育路二段162之1號四樓,68,6801000,6801000-008,36鄰,德育路,二段,,,,,162之1號四樓,121.218784396521,24.941981285613
桃園市平鎮區新富里36鄰德育路二段162號七樓,68,6801000,6801000-008,36鄰,德育路,二段,,,,,162號七樓,121.218784918894,24.9420527898557
桃園市平鎮區新富里36鄰德育路二段162號九樓,68,6801000,6801000-008,36鄰,德育路,二段,,,,,162號九樓,121.218784918894,24.9420527898557
桃園市平鎮區新富里36鄰德育路二段162號八樓,68,6801000,6801000-008,36鄰,德育路,二段,,,,,162號八樓,121.218784918894,24.9420527898557
桃園市平鎮區新富里36鄰德育路二段162號十一樓,68,6801000,6801000-008,36鄰,德育路,二段,,,,,162號十一樓,121.218784918894,24.9420527898557
桃園市平鎮區新富里36鄰德育路二段162號十三樓,68,6801000,6801000-008,36鄰,德育路,二段,,,,,162號十三樓,121.218784918894,24.9420527898557
桃園市平鎮區新富里36鄰德育路二段162號十樓,68,6801000,6801000-008,36鄰,德育路,二段,,,,,162號十樓,121.218784918894,24.9420527898557
桃園市平鎮區新富里36鄰德育路二段166之1號,68,6801000,6801000-008,36鄰,德育路,二段,,,,,166之1號,121.218783327701,24.941824644261
桃園市平鎮區新富里36鄰德育路二段166之1號七樓,68,6801000,6801000-008,36鄰,德育路,二段,,,,,166之1號七樓,121.218783327701,24.941824644261
桃園市平鎮區新富里36鄰德育路二段166之1號九樓,68,6801000,6801000-008,36鄰,德育路,二段,,,,,166之1號九樓,121.218783327701,24.941824644261
桃園市平鎮區新富里36鄰德育路二段166之1號八樓,68,6801000,6801000-008,36鄰,德育路,二段,,,,,166之1號八樓,121.218783327701,24.941824644261
桃園市平鎮區新富里36鄰德育路二段166之1號十一樓,68,6801000,6801000-008,36鄰,德育路,二段,,,,,166之1號十一樓,121.218783327701,24.941824644261
桃園市平鎮區新富里36鄰德育路二段166之1號十三樓,68,6801000,6801000-008,36鄰,德育路,二段,,,,,166之1號十三樓,121.218783327701,24.941824644261
桃園市平鎮區新富里36鄰德育路二段166之1號十樓,68,6801000,6801000-008,36鄰,德育路,二段,,,,,166之1號十樓,121.218783327701,24.941824644261
桃園市平鎮區新富里36鄰德育路二段166之1號三樓,68,6801000,6801000-008,36鄰,德育路,二段,,,,,166之1號三樓,121.218783327701,24.941824644261
桃園市平鎮區新富里36鄰德育路二段166之1號五樓,68,6801000,6801000-008,36鄰,德育路,二段,,,,,166之1號五樓,121.218783327701,24.941824644261
桃園市平鎮區新富里36鄰德育路二段166之1號六樓,68,6801000,6801000-008,36鄰,德育路,二段,,,,,166之1號六樓,121.218783327701,24.941824644261
桃園市平鎮區新富里36鄰德育路二段166之1號四樓,68,6801000,6801000-008,36鄰,德育路,二段,,,,,166之1號四樓,121.218783327701,24.941824644261
桃園市平鎮區新富里36鄰德育路二段166號七樓,68,6801000,6801000-008,36鄰,德育路,二段,,,,,166號七樓,121.218785466147,24.9419141126693
桃園市平鎮區新富里36鄰德育路二段166號九樓,68,6801000,6801000-008,36鄰,德育路,二段,,,,,166號九樓,121.218785466147,24.9419141126693
桃園市平鎮區新富里36鄰德育路二段166號八樓,68,6801000,6801000-008,36鄰,德育路,二段,,,,,166號八樓,121.218785466147,24.9419141126693
桃園市平鎮區新富里36鄰德育路二段166號十一樓,68,6801000,6801000-008,36鄰,德育路,二段,,,,,166號十一樓,121.218785466147,24.9419141126693
桃園市平鎮區新富里36鄰德育路二段166號十二樓,68,6801000,6801000-008,36鄰,德育路,二段,,,,,166號十二樓,121.218785466147,24.9419141126693
桃園市平鎮區新富里36鄰德育路二段166號十三樓,68,6801000,6801000-008,36鄰,德育路,二段,,,,,166號十三樓,121.218785466147,24.9419141126693
桃園市平鎮區新富里36鄰德育路二段166號十樓,68,6801000,6801000-008,36鄰,德育路,二段,,,,,166號十樓,121.218785466147,24.9419141126693
桃園市平鎮區新富里36鄰德育路二段166號三樓,68,6801000,6801000-008,36鄰,德育路,二段,,,,,166號三樓,121.218785466147,24.9419141126693
桃園市平鎮區新富里36鄰德育路二段166號五樓,68,6801000,6801000-008,36鄰,德育路,二段,,,,,166號五樓,121.218785466147,24.9419141126693
桃園市平鎮區新富里36鄰德育路二段166號六樓,68,6801000,6801000-008,36鄰,德育路,二段,,,,,166號六樓,121.218785466147,24.9419141126693
桃園市平鎮區新富里36鄰德育路二段166之1號十二樓,68,6801000,6801000-008,36鄰,德育路,二段,,,,,166之1號十二樓,121.218783327701,24.941824644261
桃園市平鎮區新富里36鄰德育路二段166號二樓,68,6801000,6801000-008,36鄰,德育路,二段,,,,,166號二樓,121.218785466147,24.9419141126693
桃園市平鎮區新富里36鄰德育路二段166號四樓,68,6801000,6801000-008,36鄰,德育路,二段,,,,,166號四樓,121.218785466147,24.9419141126693
桃園市平鎮區新富里36鄰德育路二段168之1號,68,6801000,6801000-008,36鄰,德育路,二段,,,,,168之1號,121.218660994623,24.9416329700889
桃園市平鎮區新富里36鄰德育路二段168號,68,6801000,6801000-008,36鄰,德育路,二段,,,,,168號,121.218786564322,24.9416388348178
桃園市平鎮區新富里36鄰德育路二段168之1號七樓,68,6801000,6801000-008,36鄰,德育路,二段,,,,,168之1號七樓,121.218660994623,24.9416329700889
桃園市平鎮區新富里36鄰德育路二段168之1號九樓,68,6801000,6801000-008,36鄰,德育路,二段,,,,,168之1號九樓,121.218660994623,24.9416329700889
桃園市平鎮區新富里36鄰德育路二段168之1號二樓,68,6801000,6801000-008,36鄰,德育路,二段,,,,,168之1號二樓,121.218660994623,24.9416329700889
桃園市平鎮區新富里36鄰德育路二段168之1號八樓,68,6801000,6801000-008,36鄰,德育路,二段,,,,,168之1號八樓,121.218660994623,24.9416329700889
桃園市平鎮區新富里36鄰德育路二段168之1號十一樓,68,6801000,6801000-008,36鄰,德育路,二段,,,,,168之1號十一樓,121.218660994623,24.9416329700889
桃園市平鎮區新富里36鄰德育路二段168之1號十二樓,68,6801000,6801000-008,36鄰,德育路,二段,,,,,168之1號十二樓,121.218660994623,24.9416329700889
桃園市平鎮區新富里36鄰德育路二段168之1號十三樓,68,6801000,6801000-008,36鄰,德育路,二段,,,,,168之1號十三樓,121.218660994623,24.9416329700889
桃園市平鎮區新富里36鄰德育路二段168之1號十五樓,68,6801000,6801000-008,36鄰,德育路,二段,,,,,168之1號十五樓,121.218660994623,24.9416329700889
桃園市平鎮區新富里36鄰德育路二段168之1號十樓,68,6801000,6801000-008,36鄰,德育路,二段,,,,,168之1號十樓,121.218660994623,24.9416329700889
桃園市平鎮區新富里36鄰德育路二段168之1號三樓,68,6801000,6801000-008,36鄰,德育路,二段,,,,,168之1號三樓,121.218660994623,24.9416329700889
桃園市平鎮區新富里36鄰德育路二段168之1號五樓,68,6801000,6801000-008,36鄰,德育路,二段,,,,,168之1號五樓,121.218660994623,24.9416329700889
桃園市平鎮區新富里36鄰德育路二段168之1號六樓,68,6801000,6801000-008,36鄰,德育路,二段,,,,,168之1號六樓,121.218660994623,24.9416329700889
桃園市平鎮區新富里36鄰德育路二段168之1號四樓,68,6801000,6801000-008,36鄰,德育路,二段,,,,,168之1號四樓,121.218660994623,24.9416329700889
桃園市平鎮區新富里36鄰德育路二段168之2號七樓,68,6801000,6801000-008,36鄰,德育路,二段,,,,,168之2號七樓,121.218786550127,24.9417429324141
桃園市平鎮區新富里36鄰德育路二段168之2號九樓,68,6801000,6801000-008,36鄰,德育路,二段,,,,,168之2號九樓,121.218786550127,24.9417429324141
桃園市平鎮區新富里36鄰德育路二段168之2號八樓,68,6801000,6801000-008,36鄰,德育路,二段,,,,,168之2號八樓,121.218786550127,24.9417429324141
桃園市平鎮區新富里36鄰德育路二段168之2號十一樓,68,6801000,6801000-008,36鄰,德育路,二段,,,,,168之2號十一樓,121.218786550127,24.9417429324141
桃園市平鎮區新富里36鄰德育路二段168之2號十三樓,68,6801000,6801000-008,36鄰,德育路,二段,,,,,168之2號十三樓,121.218786550127,24.9417429324141
桃園市平鎮區新富里36鄰德育路二段168之2號十五樓,68,6801000,6801000-008,36鄰,德育路,二段,,,,,168之2號十五樓,121.218786550127,24.9417429324141
桃園市平鎮區新富里36鄰德育路二段168之2號十四樓,68,6801000,6801000-008,36鄰,德育路,二段,,,,,168之2號十四樓,121.218786550127,24.9417429324141
桃園市平鎮區新富里36鄰德育路二段168之2號十樓,68,6801000,6801000-008,36鄰,德育路,二段,,,,,168之2號十樓,121.218786550127,24.9417429324141
桃園市平鎮區新富里36鄰德育路二段168之2號三樓,68,6801000,6801000-008,36鄰,德育路,二段,,,,,168之2號三樓,121.218786550127,24.9417429324141
桃園市平鎮區新富里36鄰德育路二段168之2號五樓,68,6801000,6801000-008,36鄰,德育路,二段,,,,,168之2號五樓,121.218786550127,24.9417429324141
桃園市平鎮區新富里36鄰德育路二段168之2號六樓,68,6801000,6801000-008,36鄰,德育路,二段,,,,,168之2號六樓,121.218786550127,24.9417429324141
桃園市平鎮區新富里36鄰德育路二段168之2號四樓,68,6801000,6801000-008,36鄰,德育路,二段,,,,,168之2號四樓,121.218786550127,24.9417429324141
桃園市平鎮區新富里36鄰德育路二段168號六樓,68,6801000,6801000-008,36鄰,德育路,二段,,,,,168號六樓,121.218786564322,24.9416388348178
桃園市平鎮區新富里36鄰德育路二段168之1號十四樓,68,6801000,6801000-008,36鄰,德育路,二段,,,,,168之1號十四樓,121.218660994623,24.9416329700889
桃園市平鎮區新富里36鄰德育路二段168之2號十二樓,68,6801000,6801000-008,36鄰,德育路,二段,,,,,168之2號十二樓,121.218786550127,24.9417429324141
桃園市平鎮區新富里36鄰德育路二段168號七樓,68,6801000,6801000-008,36鄰,德育路,二段,,,,,168號七樓,121.218786564322,24.9416388348178
桃園市平鎮區新富里36鄰德育路二段168號九樓,68,6801000,6801000-008,36鄰,德育路,二段,,,,,168號九樓,121.218786564322,24.9416388348178
桃園市平鎮區新富里36鄰德育路二段168號二樓,68,6801000,6801000-008,36鄰,德育路,二段,,,,,168號二樓,121.218786564322,24.9416388348178
桃園市平鎮區新富里36鄰德育路二段168號八樓,68,6801000,6801000-008,36鄰,德育路,二段,,,,,168號八樓,121.218786564322,24.9416388348178
桃園市平鎮區新富里36鄰德育路二段168號十一樓,68,6801000,6801000-008,36鄰,德育路,二段,,,,,168號十一樓,121.218786564322,24.9416388348178
桃園市平鎮區新富里36鄰德育路二段168號十二樓,68,6801000,6801000-008,36鄰,德育路,二段,,,,,168號十二樓,121.218786564322,24.9416388348178
桃園市平鎮區新富里36鄰德育路二段168號十三樓,68,6801000,6801000-008,36鄰,德育路,二段,,,,,168號十三樓,121.218786564322,24.9416388348178
桃園市平鎮區新富里36鄰德育路二段168號十五樓,68,6801000,6801000-008,36鄰,德育路,二段,,,,,168號十五樓,121.218786564322,24.9416388348178
桃園市平鎮區新富里36鄰德育路二段168號十四樓,68,6801000,6801000-008,36鄰,德育路,二段,,,,,168號十四樓,121.218786564322,24.9416388348178
桃園市平鎮區新富里36鄰德育路二段168號十樓,68,6801000,6801000-008,36鄰,德育路,二段,,,,,168號十樓,121.218786564322,24.9416388348178
桃園市平鎮區新富里36鄰德育路二段168號三樓,68,6801000,6801000-008,36鄰,德育路,二段,,,,,168號三樓,121.218786564322,24.9416388348178
桃園市平鎮區新富里36鄰德育路二段168號五樓,68,6801000,6801000-008,36鄰,德育路,二段,,,,,168號五樓,121.218786564322,24.9416388348178
桃園市平鎮區新富里36鄰德育路二段168號四樓,68,6801000,6801000-008,36鄰,德育路,二段,,,,,168號四樓,121.218786564322,24.9416388348178
桃園市平鎮區新富里10鄰德育路二段170巷25弄1號,68,6801000,6801000-008,10鄰,德育路,二段,170巷,25弄,,,1號,121.218252995364,24.9413908845127
桃園市平鎮區新富里10鄰德育路二段170巷25弄2之1號,68,6801000,6801000-008,10鄰,德育路,二段,170巷,25弄,,,2之1號,121.21809614825,24.9413136955195
桃園市平鎮區新富里10鄰德育路二段170巷25弄2號,68,6801000,6801000-008,10鄰,德育路,二段,170巷,25弄,,,2號,121.218092874564,24.9413890424036
桃園市平鎮區新富里10鄰德育路二段170巷25弄3號,68,6801000,6801000-008,10鄰,德育路,二段,170巷,25弄,,,3號,121.218258956034,24.9413175831396
桃園市平鎮區新富里10鄰德育路二段170巷25弄5號,68,6801000,6801000-008,10鄰,德育路,二段,170巷,25弄,,,5號,121.2182600523,24.9412541298587
桃園市平鎮區新富里10鄰德育路二段170巷25弄6號,68,6801000,6801000-008,10鄰,德育路,二段,170巷,25弄,,,6號,121.218096344494,24.941250803318
桃園市平鎮區新富里10鄰德育路二段170巷25弄7號,68,6801000,6801000-008,10鄰,德育路,二段,170巷,25弄,,,7號,121.218261158468,24.9411906765627
桃園市平鎮區新富里10鄰德育路二段170巷25弄8號,68,6801000,6801000-008,10鄰,德育路,二段,170巷,25弄,,,8號,121.21809655064,24.9411879111015
桃園市平鎮區新富里10鄰德育路二段170巷25弄9號,68,6801000,6801000-008,10鄰,德育路,二段,170巷,25弄,,,9號,121.218262254732,24.9411272232807
桃園市平鎮區新富里10鄰德育路二段170巷25弄10號,68,6801000,6801000-008,10鄰,德育路,二段,170巷,25弄,,,10號,121.2180967469,24.9411250279274
桃園市平鎮區新富里10鄰德育路二段170巷25弄11號,68,6801000,6801000-008,10鄰,德育路,二段,170巷,25弄,,,11號,121.218263350996,24.9410637699982
桃園市平鎮區新富里10鄰德育路二段170巷25弄12號,68,6801000,6801000-008,10鄰,德育路,二段,170巷,25弄,,,12號,121.218096953046,24.9410621357098
桃園市平鎮區新富里10鄰德育路二段170巷25弄13號,68,6801000,6801000-008,10鄰,德育路,二段,170巷,25弄,,,13號,121.218264457176,24.941000325729
桃園市平鎮區新富里10鄰德育路二段170巷25弄14號,68,6801000,6801000-008,10鄰,德育路,二段,170巷,25弄,,,14號,121.21809714929,24.9409992435062
桃園市平鎮區新富里10鄰德育路二段170巷25弄15號,68,6801000,6801000-008,10鄰,德育路,二段,170巷,25弄,,,15號,121.218267636175,24.9409331226039
桃園市平鎮區新富里10鄰德育路二段170巷25弄16號,68,6801000,6801000-008,10鄰,德育路,二段,170巷,25弄,,,16號,121.218097393439,24.9409185652606
桃園市平鎮區新富里11鄰德育路二段170巷27號,68,6801000,6801000-008,11鄰,德育路,二段,170巷,,,,27號,121.217925228003,24.9413871208441
桃園市平鎮區新富里11鄰德育路二段170巷27號二樓,68,6801000,6801000-008,11鄰,德育路,二段,170巷,,,,27號二樓,121.217925228003,24.9413871208441
桃園市平鎮區新富里11鄰德育路二段170巷27號三樓,68,6801000,6801000-008,11鄰,德育路,二段,170巷,,,,27號三樓,121.217925228003,24.9413871208441
桃園市平鎮區新富里11鄰德育路二段170巷27號五樓,68,6801000,6801000-008,11鄰,德育路,二段,170巷,,,,27號五樓,121.217925228003,24.9413871208441
桃園市平鎮區新富里11鄰德育路二段170巷27號四樓,68,6801000,6801000-008,11鄰,德育路,二段,170巷,,,,27號四樓,121.217925228003,24.9413871208441
桃園市平鎮區新富里11鄰德育路二段170巷29號,68,6801000,6801000-008,11鄰,德育路,二段,170巷,,,,29號,121.217850171427,24.9413880431443
桃園市平鎮區新富里11鄰德育路二段170巷29號二樓,68,6801000,6801000-008,11鄰,德育路,二段,170巷,,,,29號二樓,121.217850171427,24.9413880431443
桃園市平鎮區新富里11鄰德育路二段170巷29號三樓,68,6801000,6801000-008,11鄰,德育路,二段,170巷,,,,29號三樓,121.217850171427,24.9413880431443
桃園市平鎮區新富里11鄰德育路二段170巷29號五樓,68,6801000,6801000-008,11鄰,德育路,二段,170巷,,,,29號五樓,121.217850171427,24.9413880431443
桃園市平鎮區新富里11鄰德育路二段170巷29號四樓,68,6801000,6801000-008,11鄰,德育路,二段,170巷,,,,29號四樓,121.217850171427,24.9413880431443
桃園市平鎮區新富里10鄰德育路二段170巷30弄1衖1號,68,6801000,6801000-008,10鄰,德育路,二段,170巷,30弄,,,1衖1號,121.218001852153,24.941714288675
桃園市平鎮區新富里10鄰德育路二段170巷30弄1衖2號,68,6801000,6801000-008,10鄰,德育路,二段,170巷,30弄,,,1衖2號,121.218018363818,24.9418520290406
桃園市平鎮區新富里10鄰德育路二段170巷30弄1衖3號,68,6801000,6801000-008,10鄰,德育路,二段,170巷,30弄,,,1衖3號,121.217928874987,24.941715298258
桃園市平鎮區新富里10鄰德育路二段170巷30弄1衖4號,68,6801000,6801000-008,10鄰,德育路,二段,170巷,30弄,,,1衖4號,121.217943881953,24.9418533297419
桃園市平鎮區新富里10鄰德育路二段170巷30弄1衖5號,68,6801000,6801000-008,10鄰,德育路,二段,170巷,30弄,,,1衖5號,121.217858075337,24.9417157629172
桃園市平鎮區新富里10鄰德育路二段170巷30弄1衖6號,68,6801000,6801000-008,10鄰,德育路,二段,170巷,30弄,,,1衖6號,121.217869409972,24.9418546213631
桃園市平鎮區新富里10鄰德育路二段170巷30弄1衖14號,68,6801000,6801000-008,10鄰,德育路,二段,170巷,30弄,,,1衖14號,121.217571502275,24.94185981459
桃園市平鎮區新富里10鄰德育路二段170巷30弄1衖7號,68,6801000,6801000-008,10鄰,德育路,二段,170巷,30弄,,,1衖7號,121.217781832209,24.941717770328
桃園市平鎮區新富里10鄰德育路二段170巷30弄1衖8號,68,6801000,6801000-008,10鄰,德育路,二段,170巷,30弄,,,1衖8號,121.217794928104,24.94185592199
桃園市平鎮區新富里10鄰德育路二段170巷30弄1衖9號,68,6801000,6801000-008,10鄰,德育路,二段,170巷,30弄,,,1衖9號,121.217705687148,24.9417192358519
桃園市平鎮區新富里10鄰德育路二段170巷30弄1衖10號,68,6801000,6801000-008,10鄰,德育路,二段,170巷,30弄,,,1衖10號,121.217720456135,24.9418572225652
桃園市平鎮區新富里10鄰德育路二段170巷30弄1衖11號,68,6801000,6801000-008,10鄰,德育路,二段,170巷,30弄,,,1衖11號,121.217633799052,24.9417201534152
桃園市平鎮區新富里10鄰德育路二段170巷30弄1衖12號,68,6801000,6801000-008,10鄰,德育路,二段,170巷,30弄,,,1衖12號,121.217645984149,24.9418585140748
桃園市平鎮區新富里10鄰德育路二段170巷30弄1衖13號,68,6801000,6801000-008,10鄰,德育路,二段,170巷,30弄,,,1衖13號,121.217561813203,24.9417217933595
桃園市平鎮區新富里11鄰德育路二段170巷31號,68,6801000,6801000-008,11鄰,德育路,二段,170巷,,,,31號,121.217775606622,24.9413870687216
桃園市平鎮區新富里11鄰德育路二段170巷31號二樓,68,6801000,6801000-008,11鄰,德育路,二段,170巷,,,,31號二樓,121.217775606622,24.9413870687216
桃園市平鎮區新富里11鄰德育路二段170巷31號三樓,68,6801000,6801000-008,11鄰,德育路,二段,170巷,,,,31號三樓,121.217775606622,24.9413870687216
桃園市平鎮區新富里11鄰德育路二段170巷31號五樓,68,6801000,6801000-008,11鄰,德育路,二段,170巷,,,,31號五樓,121.217775606622,24.9413870687216
桃園市平鎮區新富里11鄰德育路二段170巷31號四樓,68,6801000,6801000-008,11鄰,德育路,二段,170巷,,,,31號四樓,121.217775606622,24.9413870687216
桃園市平鎮區新富里10鄰德育路二段170巷32之1號,68,6801000,6801000-008,10鄰,德育路,二段,170巷,,,,32之1號,121.21808861268,24.9415555325441
桃園市平鎮區新富里10鄰德育路二段170巷32號,68,6801000,6801000-008,10鄰,德育路,二段,170巷,,,,32號,121.217991272389,24.9415599363794
桃園市平鎮區新富里10鄰德育路二段170巷32之1號四樓,68,6801000,6801000-008,10鄰,德育路,二段,170巷,,,,32之1號四樓,121.21808861268,24.9415555325441
桃園市平鎮區新富里10鄰德育路二段170巷32之1號五樓,68,6801000,6801000-008,10鄰,德育路,二段,170巷,,,,32之1號五樓,121.21808861268,24.9415555325441
桃園市平鎮區新富里10鄰德育路二段170巷32之1號三樓,68,6801000,6801000-008,10鄰,德育路,二段,170巷,,,,32之1號三樓,121.21808861268,24.9415555325441
桃園市平鎮區新富里10鄰德育路二段170巷32之1號二樓,68,6801000,6801000-008,10鄰,德育路,二段,170巷,,,,32之1號二樓,121.21808861268,24.9415555325441
桃園市平鎮區新富里11鄰德育路二段170巷33號,68,6801000,6801000-008,11鄰,德育路,二段,170巷,,,,33號,121.2177042097,24.9413856382131
桃園市平鎮區新富里11鄰德育路二段170巷33號二樓,68,6801000,6801000-008,11鄰,德育路,二段,170巷,,,,33號二樓,121.2177042097,24.9413856382131
桃園市平鎮區新富里11鄰德育路二段170巷33號三樓,68,6801000,6801000-008,11鄰,德育路,二段,170巷,,,,33號三樓,121.2177042097,24.9413856382131
桃園市平鎮區新富里11鄰德育路二段170巷33號五樓,68,6801000,6801000-008,11鄰,德育路,二段,170巷,,,,33號五樓,121.2177042097,24.9413856382131
桃園市平鎮區新富里11鄰德育路二段170巷33號四樓,68,6801000,6801000-008,11鄰,德育路,二段,170巷,,,,33號四樓,121.2177042097,24.9413856382131
桃園市平鎮區新富里10鄰德育路二段170巷34號,68,6801000,6801000-008,10鄰,德育路,二段,170巷,,,,34號,121.217916878818,24.9415606681473
桃園市平鎮區新富里11鄰德育路二段170巷35號,68,6801000,6801000-008,11鄰,德育路,二段,170巷,,,,35號,121.21762915233,24.9413861089826
桃園市平鎮區新富里11鄰德育路二段170巷35號二樓,68,6801000,6801000-008,11鄰,德育路,二段,170巷,,,,35號二樓,121.21762915233,24.9413861089826
桃園市平鎮區新富里11鄰德育路二段170巷35號五樓,68,6801000,6801000-008,11鄰,德育路,二段,170巷,,,,35號五樓,121.21762915233,24.9413861089826
桃園市平鎮區新富里11鄰德育路二段170巷35號四樓,68,6801000,6801000-008,11鄰,德育路,二段,170巷,,,,35號四樓,121.21762915233,24.9413861089826
桃園市平鎮區新富里11鄰德育路二段170巷35號三樓,68,6801000,6801000-008,11鄰,德育路,二段,170巷,,,,35號三樓,121.21762915233,24.9413861089826
桃園市平鎮區新富里10鄰德育路二段170巷36號,68,6801000,6801000-008,10鄰,德育路,二段,170巷,,,,36號,121.217842495148,24.9415613998635
桃園市平鎮區新富里11鄰德育路二段170巷37號,68,6801000,6801000-008,11鄰,德育路,二段,170巷,,,,37號,121.217555675966,24.9413846814398
桃園市平鎮區新富里11鄰德育路二段170巷37號三樓,68,6801000,6801000-008,11鄰,德育路,二段,170巷,,,,37號三樓,121.217555675966,24.9413846814398
桃園市平鎮區新富里11鄰德育路二段170巷37號二樓,68,6801000,6801000-008,11鄰,德育路,二段,170巷,,,,37號二樓,121.217555675966,24.9413846814398
桃園市平鎮區新富里11鄰德育路二段170巷37號五樓,68,6801000,6801000-008,11鄰,德育路,二段,170巷,,,,37號五樓,121.217555675966,24.9413846814398
桃園市平鎮區新富里11鄰德育路二段170巷37號四樓,68,6801000,6801000-008,11鄰,德育路,二段,170巷,,,,37號四樓,121.217555675966,24.9413846814398
桃園市平鎮區新富里10鄰德育路二段170巷38號,68,6801000,6801000-008,10鄰,德育路,二段,170巷,,,,38號,121.217768111476,24.9415621315426
桃園市平鎮區新富里12鄰德育路二段170巷39弄1號,68,6801000,6801000-008,12鄰,德育路,二段,170巷,39弄,,,1號,121.217889801427,24.9412313422647
桃園市平鎮區新富里12鄰德育路二段170巷39弄1號二樓,68,6801000,6801000-008,12鄰,德育路,二段,170巷,39弄,,,1號二樓,121.217889801427,24.9412313422647
桃園市平鎮區新富里12鄰德育路二段170巷39弄1號三樓,68,6801000,6801000-008,12鄰,德育路,二段,170巷,39弄,,,1號三樓,121.217889801427,24.9412313422647
桃園市平鎮區新富里12鄰德育路二段170巷39弄1號四樓,68,6801000,6801000-008,12鄰,德育路,二段,170巷,39弄,,,1號四樓,121.217889801427,24.9412313422647
桃園市平鎮區新富里12鄰德育路二段170巷39弄1號五樓,68,6801000,6801000-008,12鄰,德育路,二段,170巷,39弄,,,1號五樓,121.217889801427,24.9412313422647
桃園市平鎮區新富里12鄰德育路二段170巷39弄2號,68,6801000,6801000-008,12鄰,德育路,二段,170巷,39弄,,,2號,121.217699773165,24.9412276474916
桃園市平鎮區新富里12鄰德育路二段170巷39弄2號二樓,68,6801000,6801000-008,12鄰,德育路,二段,170巷,39弄,,,2號二樓,121.217699773165,24.9412276474916
桃園市平鎮區新富里12鄰德育路二段170巷39弄2號三樓,68,6801000,6801000-008,12鄰,德育路,二段,170巷,39弄,,,2號三樓,121.217699773165,24.9412276474916
桃園市平鎮區新富里12鄰德育路二段170巷39弄2號四樓,68,6801000,6801000-008,12鄰,德育路,二段,170巷,39弄,,,2號四樓,121.217699773165,24.9412276474916
桃園市平鎮區新富里12鄰德育路二段170巷39弄2號五樓,68,6801000,6801000-008,12鄰,德育路,二段,170巷,39弄,,,2號五樓,121.217699773165,24.9412276474916
桃園市平鎮區新富里12鄰德育路二段170巷39弄3號,68,6801000,6801000-008,12鄰,德育路,二段,170巷,39弄,,,3號,121.21789354256,24.941162720866
桃園市平鎮區新富里12鄰德育路二段170巷39弄3號五樓,68,6801000,6801000-008,12鄰,德育路,二段,170巷,39弄,,,3號五樓,121.21789354256,24.941162720866
桃園市平鎮區新富里12鄰德育路二段170巷39弄3號二樓,68,6801000,6801000-008,12鄰,德育路,二段,170巷,39弄,,,3號二樓,121.21789354256,24.941162720866
桃園市平鎮區新富里12鄰德育路二段170巷39弄3號三樓,68,6801000,6801000-008,12鄰,德育路,二段,170巷,39弄,,,3號三樓,121.21789354256,24.941162720866
桃園市平鎮區新富里12鄰德育路二段170巷39弄3號四樓,68,6801000,6801000-008,12鄰,德育路,二段,170巷,39弄,,,3號四樓,121.21789354256,24.941162720866
桃園市平鎮區新富里12鄰德育路二段170巷39弄4號,68,6801000,6801000-008,12鄰,德育路,二段,170巷,39弄,,,4號,121.217700840044,24.9411585785833
桃園市平鎮區新富里12鄰德育路二段170巷39弄4號四樓,68,6801000,6801000-008,12鄰,德育路,二段,170巷,39弄,,,4號四樓,121.217700840044,24.9411585785833
桃園市平鎮區新富里12鄰德育路二段170巷39弄4號五樓,68,6801000,6801000-008,12鄰,德育路,二段,170巷,39弄,,,4號五樓,121.217700840044,24.9411585785833
桃園市平鎮區新富里12鄰德育路二段170巷39弄4號三樓,68,6801000,6801000-008,12鄰,德育路,二段,170巷,39弄,,,4號三樓,121.217700840044,24.9411585785833
桃園市平鎮區新富里12鄰德育路二段170巷39弄4號二樓,68,6801000,6801000-008,12鄰,德育路,二段,170巷,39弄,,,4號二樓,121.217700840044,24.9411585785833
桃園市平鎮區新富里12鄰德育路二段170巷39弄5號,68,6801000,6801000-008,12鄰,德育路,二段,170巷,39弄,,,5號,121.217894611872,24.9410950964987
桃園市平鎮區新富里12鄰德育路二段170巷39弄5號三樓,68,6801000,6801000-008,12鄰,德育路,二段,170巷,39弄,,,5號三樓,121.217894611872,24.9410950964987
桃園市平鎮區新富里12鄰德育路二段170巷39弄5號二樓,68,6801000,6801000-008,12鄰,德育路,二段,170巷,39弄,,,5號二樓,121.217894611872,24.9410950964987
桃園市平鎮區新富里12鄰德育路二段170巷39弄5號五樓,68,6801000,6801000-008,12鄰,德育路,二段,170巷,39弄,,,5號五樓,121.217894611872,24.9410950964987
桃園市平鎮區新富里12鄰德育路二段170巷39弄5號四樓,68,6801000,6801000-008,12鄰,德育路,二段,170巷,39弄,,,5號四樓,121.217894611872,24.9410950964987
桃園市平鎮區新富里12鄰德育路二段170巷39弄6號,68,6801000,6801000-008,12鄰,德育路,二段,170巷,39弄,,,6號,121.217702493433,24.9410851751799
桃園市平鎮區新富里12鄰德育路二段170巷39弄6號二樓,68,6801000,6801000-008,12鄰,德育路,二段,170巷,39弄,,,6號二樓,121.217702493433,24.9410851751799
桃園市平鎮區新富里12鄰德育路二段170巷39弄6號三樓,68,6801000,6801000-008,12鄰,德育路,二段,170巷,39弄,,,6號三樓,121.217702493433,24.9410851751799
桃園市平鎮區新富里12鄰德育路二段170巷39弄6號五樓,68,6801000,6801000-008,12鄰,德育路,二段,170巷,39弄,,,6號五樓,121.217702493433,24.9410851751799
桃園市平鎮區新富里12鄰德育路二段170巷39弄6號四樓,68,6801000,6801000-008,12鄰,德育路,二段,170巷,39弄,,,6號四樓,121.217702493433,24.9410851751799
桃園市平鎮區新富里12鄰德育路二段170巷39弄7號,68,6801000,6801000-008,12鄰,德育路,二段,170巷,39弄,,,7號,121.217896772159,24.9410284636608
桃園市平鎮區新富里12鄰德育路二段170巷39弄7號五樓,68,6801000,6801000-008,12鄰,德育路,二段,170巷,39弄,,,7號五樓,121.217896772159,24.9410284636608
桃園市平鎮區新富里12鄰德育路二段170巷39弄7號四樓,68,6801000,6801000-008,12鄰,德育路,二段,170巷,39弄,,,7號四樓,121.217896772159,24.9410284636608
桃園市平鎮區新富里12鄰德育路二段170巷39弄7號二樓,68,6801000,6801000-008,12鄰,德育路,二段,170巷,39弄,,,7號二樓,121.217896772159,24.9410284636608
桃園市平鎮區新富里12鄰德育路二段170巷39弄7號三樓,68,6801000,6801000-008,12鄰,德育路,二段,170巷,39弄,,,7號三樓,121.217896772159,24.9410284636608
桃園市平鎮區新富里12鄰德育路二段170巷39弄9號,68,6801000,6801000-008,12鄰,德育路,二段,170巷,39弄,,,9號,121.217896842845,24.940956055694
桃園市平鎮區新富里12鄰德育路二段170巷39弄9號二樓,68,6801000,6801000-008,12鄰,德育路,二段,170巷,39弄,,,9號二樓,121.217896842845,24.940956055694
桃園市平鎮區新富里12鄰德育路二段170巷39弄9號三樓,68,6801000,6801000-008,12鄰,德育路,二段,170巷,39弄,,,9號三樓,121.217896842845,24.940956055694
桃園市平鎮區新富里12鄰德育路二段170巷39弄9號五樓,68,6801000,6801000-008,12鄰,德育路,二段,170巷,39弄,,,9號五樓,121.217896842845,24.940956055694
桃園市平鎮區新富里12鄰德育路二段170巷39弄9號四樓,68,6801000,6801000-008,12鄰,德育路,二段,170巷,39弄,,,9號四樓,121.217896842845,24.940956055694
桃園市平鎮區新富里10鄰德育路二段170巷40號,68,6801000,6801000-008,10鄰,德育路,二段,170巷,,,,40號,121.217693727804,24.9415628631846
桃園市平鎮區新富里10鄰德育路二段170巷42號,68,6801000,6801000-008,10鄰,德育路,二段,170巷,,,,42號,121.217619334212,24.9415635857756
桃園市平鎮區新富里10鄰德育路二段170巷44號,68,6801000,6801000-008,10鄰,德育路,二段,170巷,,,,44號,121.217544950537,24.9415643173433
桃園市平鎮區新富里10鄰德育路二段170巷46號,68,6801000,6801000-008,10鄰,德育路,二段,170巷,,,,46號,121.217456771234,24.9415639494829
桃園市平鎮區新富里11鄰德育路二段178號,68,6801000,6801000-008,11鄰,德育路,二段,,,,,178號,121.218839243473,24.9411341595724
桃園市平鎮區新富里11鄰德育路二段180之2號五樓,68,6801000,6801000-008,11鄰,德育路,二段,,,,,180之2號五樓,121.218433700323,24.9411049608084
桃園市平鎮區新富里11鄰德育路二段180之2號六樓,68,6801000,6801000-008,11鄰,德育路,二段,,,,,180之2號六樓,121.218433700323,24.9411049608084
桃園市平鎮區新富里11鄰德育路二段180之2號七樓,68,6801000,6801000-008,11鄰,德育路,二段,,,,,180之2號七樓,121.218433700323,24.9411049608084
桃園市平鎮區新富里11鄰德育路二段180之1號七樓,68,6801000,6801000-008,11鄰,德育路,二段,,,,,180之1號七樓,121.218438001846,24.9410173789107
桃園市平鎮區新富里11鄰德育路二段180之1號二樓,68,6801000,6801000-008,11鄰,德育路,二段,,,,,180之1號二樓,121.218438001846,24.9410173789107
桃園市平鎮區新富里11鄰德育路二段180之1號三樓,68,6801000,6801000-008,11鄰,德育路,二段,,,,,180之1號三樓,121.218438001846,24.9410173789107
桃園市平鎮區新富里11鄰德育路二段180之1號四樓,68,6801000,6801000-008,11鄰,德育路,二段,,,,,180之1號四樓,121.218438001846,24.9410173789107
桃園市平鎮區新富里11鄰德育路二段180之1號五樓,68,6801000,6801000-008,11鄰,德育路,二段,,,,,180之1號五樓,121.218438001846,24.9410173789107
桃園市平鎮區新富里11鄰德育路二段180之1號六樓,68,6801000,6801000-008,11鄰,德育路,二段,,,,,180之1號六樓,121.218438001846,24.9410173789107
桃園市平鎮區新富里11鄰德育路二段180之2號二樓,68,6801000,6801000-008,11鄰,德育路,二段,,,,,180之2號二樓,121.218433700323,24.9411049608084
桃園市平鎮區新富里11鄰德育路二段180之2號三樓,68,6801000,6801000-008,11鄰,德育路,二段,,,,,180之2號三樓,121.218433700323,24.9411049608084
桃園市平鎮區新富里11鄰德育路二段180之2號四樓,68,6801000,6801000-008,11鄰,德育路,二段,,,,,180之2號四樓,121.218433700323,24.9411049608084
桃園市平鎮區新富里32鄰德育路二段186巷21弄2號,68,6801000,6801000-008,32鄰,德育路,二段,186巷,21弄,,,2號,121.218217644753,24.9407781508983
桃園市平鎮區新富里32鄰德育路二段186巷21弄6號,68,6801000,6801000-008,32鄰,德育路,二段,186巷,21弄,,,6號,121.218216572795,24.9407373621024
桃園市平鎮區新富里32鄰德育路二段186巷21弄8號,68,6801000,6801000-008,32鄰,德育路,二段,186巷,21弄,,,8號,121.218215500838,24.9406965733062
桃園市平鎮區新富里32鄰德育路二段186巷21弄10號,68,6801000,6801000-008,32鄰,德育路,二段,186巷,21弄,,,10號,121.218214428882,24.9406557845097
桃園市平鎮區新富里32鄰德育路二段186巷21弄12號,68,6801000,6801000-008,32鄰,德育路,二段,186巷,21弄,,,12號,121.218213356927,24.9406149957131
桃園市平鎮區新富里32鄰德育路二段186巷21弄14號,68,6801000,6801000-008,32鄰,德育路,二段,186巷,21弄,,,14號,121.218212284973,24.9405742069162
桃園市平鎮區新富里32鄰德育路二段186巷21弄16號,68,6801000,6801000-008,32鄰,德育路,二段,186巷,21弄,,,16號,121.218211213019,24.940533418119
桃園市平鎮區新富里32鄰德育路二段186巷21弄18號,68,6801000,6801000-008,32鄰,德育路,二段,186巷,21弄,,,18號,121.218210141066,24.9404926293217
桃園市平鎮區新富里14鄰德育路二段340號,68,6801000,6801000-008,14鄰,德育路,二段,,,,,340號,121.217571597119,24.9373691807965
桃園市平鎮區新富里14鄰德育路二段354號,68,6801000,6801000-008,14鄰,德育路,二段,,,,,354號,121.217569852074,24.936995677748
桃園市平鎮區新富里14鄰德育路二段356號,68,6801000,6801000-008,14鄰,德育路,二段,,,,,356號,121.217559706035,24.9369524374137
桃園市平鎮區新富里14鄰德育路二段358號,68,6801000,6801000-008,14鄰,德育路,二段,,,,,358號,121.217547038368,24.9369110876984
桃園市平鎮區新富里14鄰德育路二段360號,68,6801000,6801000-008,14鄰,德育路,二段,,,,,360號,121.217534380613,24.9368697379672
桃園市平鎮區新富里14鄰德育路二段362號,68,6801000,6801000-008,14鄰,德育路,二段,,,,,362號,121.217521722881,24.9368283972631
桃園市平鎮區新富里14鄰德育路二段364號,68,6801000,6801000-008,14鄰,德育路,二段,,,,,364號,121.217509065142,24.9367870475292
桃園市平鎮區新富里14鄰德育路二段366號,68,6801000,6801000-008,14鄰,德育路,二段,,,,,366號,121.217496407412,24.9367456977939
桃園市平鎮區新富里14鄰德育路二段368巷1號,68,6801000,6801000-008,14鄰,德育路,二段,368巷,,,,1號,121.217496399549,24.9365212152371
桃園市平鎮區新富里14鄰德育路二段368巷2號,68,6801000,6801000-008,14鄰,德育路,二段,368巷,,,,2號,121.217515719126,24.9366403892373
桃園市平鎮區新富里14鄰德育路二段368巷3號,68,6801000,6801000-008,14鄰,德育路,二段,368巷,,,,3號,121.217434043156,24.9365296033368
桃園市平鎮區新富里14鄰德育路二段368巷5號,68,6801000,6801000-008,14鄰,德育路,二段,368巷,,,,5號,121.217371676853,24.9365379914248
桃園市平鎮區新富里14鄰德育路二段368巷6號,68,6801000,6801000-008,14鄰,德育路,二段,368巷,,,,6號,121.21745603573,24.9366485387064
桃園市平鎮區新富里14鄰德育路二段368巷7號,68,6801000,6801000-008,14鄰,德育路,二段,368巷,,,,7號,121.217309320458,24.9365463885008
桃園市平鎮區新富里14鄰德育路二段368巷8號,68,6801000,6801000-008,14鄰,德育路,二段,368巷,,,,8號,121.217396352327,24.9366566881516
桃園市平鎮區新富里14鄰德育路二段368巷9號,68,6801000,6801000-008,14鄰,德育路,二段,368巷,,,,9號,121.217246954138,24.9365547765367
桃園市平鎮區新富里14鄰德育路二段368巷10號,68,6801000,6801000-008,14鄰,德育路,二段,368巷,,,,10號,121.217336678801,24.9366648285301
桃園市平鎮區新富里14鄰德育路二段368巷11號,68,6801000,6801000-008,14鄰,德育路,二段,368巷,,,,11號,121.217191114283,24.9366034037212
桃園市平鎮區新富里14鄰德育路二段368巷12號,68,6801000,6801000-008,14鄰,德育路,二段,368巷,,,,12號,121.217276995382,24.9366729779276
桃園市平鎮區新富里14鄰德育路二段380之1號,68,6801000,6801000-008,14鄰,德育路,二段,,,,,380之1號,121.217176301125,24.936456442669
桃園市平鎮區新富里14鄰德育路二段380號,68,6801000,6801000-008,14鄰,德育路,二段,,,,,380號,121.217461937904,24.9364289138403
桃園市平鎮區新富里14鄰德育路二段382號,68,6801000,6801000-008,14鄰,德育路,二段,,,,,382號,121.217452008837,24.9363851314734
桃園市平鎮區新富里14鄰德育路二段386號,68,6801000,6801000-008,14鄰,德育路,二段,,,,,386號,121.217442089696,24.9363413581194
桃園市平鎮區新富里14鄰德育路二段388號,68,6801000,6801000-008,14鄰,德育路,二段,,,,,388號,121.217430891879,24.9362968101859
桃園市平鎮區新富里14鄰德育路二段392號,68,6801000,6801000-008,14鄰,德育路,二段,,,,,392號,121.217401294049,24.9361886929163
桃園市平鎮區新富里14鄰德育路二段396號,68,6801000,6801000-008,14鄰,德育路,二段,,,,,396號,121.217377670861,24.9360997071714
