FULL_ADDR,COUNTY,TOWN,VILLAGE,NEIGHBORHOOD,ROAD,SECTION,LANE,ALLEY,SUB_ALLEY,TONG,NUMBER,X,Y
桃園市新屋區笨港里3鄰埔和路196號,68,6801100,6801100-017,3鄰,埔和路,,,,,,196號,121.025021064651,24.9684872076452
桃園市新屋區笨港里3鄰埔和路208號,68,6801100,6801100-017,3鄰,埔和路,,,,,,208號,121.024902080261,24.9683225492017
桃園市新屋區笨港里3鄰埔和路231號,68,6801100,6801100-017,3鄰,埔和路,,,,,,231號,121.024732988126,24.9677015123057
桃園市新屋區笨港里3鄰埔和路233巷25號,68,6801100,6801100-017,3鄰,埔和路,,233巷,,,,25號,121.024833694016,24.967598300688
桃園市新屋區笨港里3鄰埔和路357巷41號,68,6801100,6801100-017,3鄰,埔和路,,357巷,,,,41號,121.022925971759,24.9656761845782
桃園市新屋區笨港里4鄰埔和路395號,68,6801100,6801100-017,4鄰,埔和路,,,,,,395號,121.021885273212,24.9652687078103
桃園市新屋區笨港里4鄰埔和路418號,68,6801100,6801100-017,4鄰,埔和路,,,,,,418號,121.021284371713,24.96515142539
