FULL_ADDR,COUNTY,TOWN,VILLAGE,NEIGHBORHOOD,ROAD,SECTION,LANE,ALLEY,SUB_ALLEY,TONG,NUMBER,X,Y
桃園市觀音區草漯里11鄰德一街6號,68,6801200,6801200-021,11鄰,德一街,,,,,,6號,121.13888344208,25.0451985308069
桃園市觀音區草漯里11鄰德一街8號,68,6801200,6801200-021,11鄰,德一街,,,,,,8號,121.138835819052,25.0452397444143
桃園市觀音區草漯里11鄰德一街10號,68,6801200,6801200-021,11鄰,德一街,,,,,,10號,121.138767506252,25.0453015618808
桃園市觀音區草漯里11鄰德一街12號,68,6801200,6801200-021,11鄰,德一街,,,,,,12號,121.138722456723,25.0453399742716
桃園市觀音區草漯里11鄰德一街16號,68,6801200,6801200-021,11鄰,德一街,,,,,,16號,121.138684934771,25.0453744974485
桃園市觀音區草漯里11鄰德一街68號,68,6801200,6801200-021,11鄰,德一街,,,,,,68號,121.138151760517,25.0458262291503
桃園市觀音區草漯里11鄰德一街90號,68,6801200,6801200-021,11鄰,德一街,,,,,,90號,121.137903848251,25.0460475627898
桃園市觀音區草漯里11鄰德一街92號,68,6801200,6801200-021,11鄰,德一街,,,,,,92號,121.137761975525,25.0461777923586
