FULL_ADDR,COUNTY,TOWN,VILLAGE,NEIGHBORHOOD,ROAD,SECTION,LANE,ALLEY,SUB_ALLEY,TONG,NUMBER,X,Y
桃園市平鎮區建安里1鄰平東路348號,68,6801000,6801000-023,1鄰,平東路,,,,,,348號,121.247083546466,24.914817767989
桃園市平鎮區建安里1鄰平東路352號,68,6801000,6801000-023,1鄰,平東路,,,,,,352號,121.247012321209,24.9147458390925
桃園市平鎮區建安里1鄰平東路354號,68,6801000,6801000-023,1鄰,平東路,,,,,,354號,121.246978504986,24.9147170944013
桃園市平鎮區建安里1鄰平東路356號,68,6801000,6801000-023,1鄰,平東路,,,,,,356號,121.246937745328,24.9146815898756
桃園市平鎮區建安里1鄰平東路358號,68,6801000,6801000-023,1鄰,平東路,,,,,,358號,121.246909877021,24.9146568078297
桃園市平鎮區建安里1鄰平東路379巷27號,68,6801000,6801000-023,1鄰,平東路,,379巷,,,,27號,121.246925195244,24.9134001149561
桃園市平鎮區建安里1鄰平東路389號,68,6801000,6801000-023,1鄰,平東路,,,,,,389號,121.2460046964,24.9133465626831
桃園市平鎮區建安里1鄰平東路402號,68,6801000,6801000-023,1鄰,平東路,,,,,,402號,121.246152008378,24.9141456068094
桃園市平鎮區建安里1鄰平東路414號,68,6801000,6801000-023,1鄰,平東路,,,,,,414號,121.245878989036,24.913956550369
桃園市平鎮區建安里1鄰平東路416號,68,6801000,6801000-023,1鄰,平東路,,,,,,416號,121.245838841113,24.9139297118231
桃園市平鎮區建安里1鄰平東路418號,68,6801000,6801000-023,1鄰,平東路,,,,,,418號,121.245789870134,24.9138967484727
桃園市平鎮區建安里1鄰平東路420號,68,6801000,6801000-023,1鄰,平東路,,,,,,420號,121.245740108621,24.9138645086832
桃園市平鎮區建安里1鄰平東路422號,68,6801000,6801000-023,1鄰,平東路,,,,,,422號,121.245707989506,24.9138426225102
桃園市平鎮區建安里1鄰平東路424號,68,6801000,6801000-023,1鄰,平東路,,,,,,424號,121.245663183166,24.9138129927765
桃園市平鎮區建安里1鄰平東路426號,68,6801000,6801000-023,1鄰,平東路,,,,,,426號,121.24562937913,24.9137901162339
桃園市平鎮區建安里1鄰平東路428號,68,6801000,6801000-023,1鄰,平東路,,,,,,428號,121.245594486299,24.9137673317609
桃園市平鎮區建安里1鄰平東路430號,68,6801000,6801000-023,1鄰,平東路,,,,,,430號,121.245559194804,24.913743193671
桃園市平鎮區建安里1鄰平東路432號,68,6801000,6801000-023,1鄰,平東路,,,,,,432號,121.245524896885,24.9137208596235
桃園市平鎮區建安里1鄰平東路432之1號,68,6801000,6801000-023,1鄰,平東路,,,,,,432之1號,121.245486235705,24.9136948310923
桃園市平鎮區建安里1鄰平東路436號,68,6801000,6801000-023,1鄰,平東路,,,,,,436號,121.245451542174,24.9136726782475
桃園市平鎮區建安里1鄰平東路438號,68,6801000,6801000-023,1鄰,平東路,,,,,,438號,121.24541972355,24.9136525069191
桃園市平鎮區建安里1鄰平東路440號,68,6801000,6801000-023,1鄰,平東路,,,,,,440號,121.245366260643,24.913650789199
桃園市平鎮區建安里1鄰平東路442號,68,6801000,6801000-023,1鄰,平東路,,,,,,442號,121.245351623532,24.9136081990726
桃園市平鎮區建安里1鄰平東路444號,68,6801000,6801000-023,1鄰,平東路,,,,,,444號,121.245314649687,24.9135843345443
桃園市平鎮區建安里1鄰平東路446號,68,6801000,6801000-023,1鄰,平東路,,,,,,446號,121.245279758756,24.9135624528366
桃園市平鎮區建安里1鄰平東路448號,68,6801000,6801000-023,1鄰,平東路,,,,,,448號,121.245245956823,24.9135405693298
桃園市平鎮區建安里1鄰平東路450號,68,6801000,6801000-023,1鄰,平東路,,,,,,450號,121.245211063953,24.9135176944812
桃園市平鎮區建安里1鄰平東路452號,68,6801000,6801000-023,1鄰,平東路,,,,,,452號,121.245174586226,24.9134943708079
桃園市平鎮區建安里1鄰平東路454號,68,6801000,6801000-023,1鄰,平東路,,,,,,454號,121.245134738455,24.913468976125
桃園市平鎮區建安里1鄰平東路456號,68,6801000,6801000-023,1鄰,平東路,,,,,,456號,121.245093998821,24.9134431314751
桃園市平鎮區建安里1鄰平東路458號,68,6801000,6801000-023,1鄰,平東路,,,,,,458號,121.245040386891,24.9134160439829
桃園市平鎮區建安里1鄰平東路460號,68,6801000,6801000-023,1鄰,平東路,,,,,,460號,121.244993123018,24.9133950853787
桃園市平鎮區建安里1鄰平東路488號,68,6801000,6801000-023,1鄰,平東路,,,,,,488號,121.244669989342,24.9132940459494
桃園市平鎮區建安里1鄰平東路490號,68,6801000,6801000-023,1鄰,平東路,,,,,,490號,121.244626989277,24.9132765110383
桃園市平鎮區建安里3鄰平東路492巷1弄1號,68,6801000,6801000-023,3鄰,平東路,,492巷,1弄,,,1號,121.244404381014,24.9133973153139
桃園市平鎮區建安里3鄰平東路492巷1弄2號,68,6801000,6801000-023,3鄰,平東路,,492巷,1弄,,,2號,121.244328754575,24.9135022593485
桃園市平鎮區建安里3鄰平東路492巷1弄3號,68,6801000,6801000-023,3鄰,平東路,,492巷,1弄,,,3號,121.244356140785,24.9133832197172
桃園市平鎮區建安里3鄰平東路492巷1弄4號,68,6801000,6801000-023,3鄰,平東路,,492巷,1弄,,,4號,121.244274078335,24.9134876325631
桃園市平鎮區建安里3鄰平東路492巷1弄5號,68,6801000,6801000-023,3鄰,平東路,,492巷,1弄,,,5號,121.244311070299,24.9133700217559
桃園市平鎮區建安里3鄰平東路492巷1弄6號,68,6801000,6801000-023,3鄰,平東路,,492巷,1弄,,,6號,121.24422950779,24.9134769617203
桃園市平鎮區建安里3鄰平東路492巷1弄7號,68,6801000,6801000-023,3鄰,平東路,,492巷,1弄,,,7號,121.244264416024,24.9133569166591
桃園市平鎮區建安里3鄰平東路492巷1弄8號,68,6801000,6801000-023,3鄰,平東路,,492巷,1弄,,,8號,121.244183348476,24.913463855788
桃園市平鎮區建安里3鄰平東路492巷1弄9號,68,6801000,6801000-023,3鄰,平東路,,492巷,1弄,,,9號,121.244219346623,24.9133442603741
桃園市平鎮區建安里3鄰平東路492巷1弄10號,68,6801000,6801000-023,3鄰,平東路,,492巷,1弄,,,10號,121.244136696844,24.9134521049124
桃園市平鎮區建安里3鄰平東路492巷1弄11號,68,6801000,6801000-023,3鄰,平東路,,492巷,1弄,,,11號,121.244177447317,24.9133326822976
桃園市平鎮區建安里3鄰平東路492巷1弄12號,68,6801000,6801000-023,3鄰,平東路,,492巷,1弄,,,12號,121.244091628487,24.9134399902935
桃園市平鎮區建安里3鄰平東路492巷1弄13號,68,6801000,6801000-023,3鄰,平東路,,492巷,1弄,,,13號,121.244132968194,24.9133181290487
桃園市平鎮區建安里3鄰平東路492巷1弄14號,68,6801000,6801000-023,3鄰,平東路,,492巷,1弄,,,14號,121.244044480991,24.9134277887787
桃園市平鎮區建安里3鄰平東路492巷1弄15號,68,6801000,6801000-023,3鄰,平東路,,492巷,1弄,,,15號,121.244084730868,24.9133054779084
桃園市平鎮區建安里3鄰平東路492巷1弄16號,68,6801000,6801000-023,3鄰,平東路,,492巷,1弄,,,16號,121.243998819549,24.9134161265238
桃園市平鎮區建安里3鄰平東路492巷1弄18號,68,6801000,6801000-023,3鄰,平東路,,492巷,1弄,,,18號,121.243956524067,24.9134044587491
桃園市平鎮區建安里3鄰平東路492巷1弄20號,68,6801000,6801000-023,3鄰,平東路,,492巷,1弄,,,20號,121.243919482263,24.9133962131752
桃園市平鎮區建安里3鄰平東路492巷1弄21號,68,6801000,6801000-023,3鄰,平東路,,492巷,1弄,,,21號,121.243955960546,24.9132689428678
桃園市平鎮區建安里3鄰平東路492巷1弄22號,68,6801000,6801000-023,3鄰,平東路,,492巷,1弄,,,22號,121.243881945472,24.9133879684016
桃園市平鎮區建安里3鄰平東路492巷1弄23號,68,6801000,6801000-023,3鄰,平東路,,492巷,1弄,,,23號,121.2439113862,24.9132562856795
桃園市平鎮區建安里3鄰平東路492巷1弄24號,68,6801000,6801000-023,3鄰,平東路,,492巷,1弄,,,24號,121.243843815581,24.9133801760098
桃園市平鎮區建安里2鄰平東路492巷3號,68,6801000,6801000-023,2鄰,平東路,,492巷,,,,3號,121.244248936486,24.9136404348463
桃園市平鎮區建安里2鄰平東路492巷5號,68,6801000,6801000-023,2鄰,平東路,,492巷,,,,5號,121.244224561473,24.9136799290203
桃園市平鎮區建安里2鄰平東路492巷7號,68,6801000,6801000-023,2鄰,平東路,,492巷,,,,7號,121.2442039484,24.9137194170304
桃園市平鎮區建安里2鄰平東路492巷21號,68,6801000,6801000-023,2鄰,平東路,,492巷,,,,21號,121.243997420927,24.9140136305812
桃園市平鎮區建安里2鄰平東路492巷25之1號,68,6801000,6801000-023,2鄰,平東路,,492巷,,,,25之1號,121.243612726623,24.9140728539949
桃園市平鎮區建安里2鄰平東路492巷25號,68,6801000,6801000-023,2鄰,平東路,,492巷,,,,25號,121.243928072339,24.9141900693315
桃園市平鎮區建安里2鄰平東路492巷25之2號,68,6801000,6801000-023,2鄰,平東路,,492巷,,,,25之2號,121.24365512609,24.9140869593721
桃園市平鎮區建安里2鄰平東路492巷27號,68,6801000,6801000-023,2鄰,平東路,,492巷,,,,27號,121.243913580707,24.9142212411288
桃園市平鎮區建安里2鄰平東路492巷29號,68,6801000,6801000-023,2鄰,平東路,,492巷,,,,29號,121.243901260305,24.914248978569
桃園市平鎮區建安里2鄰平東路492巷31號,68,6801000,6801000-023,2鄰,平東路,,492巷,,,,31號,121.243728453372,24.9142725544365
桃園市平鎮區建安里2鄰平東路492巷57號,68,6801000,6801000-023,2鄰,平東路,,492巷,,,,57號,121.243759040981,24.9144723939615
桃園市平鎮區建安里2鄰平東路492巷68號,68,6801000,6801000-023,2鄰,平東路,,492巷,,,,68號,121.243725895826,24.914784741634
桃園市平鎮區建安里2鄰平東路492巷70號,68,6801000,6801000-023,2鄰,平東路,,492巷,,,,70號,121.243696461682,24.9148192783477
桃園市平鎮區建安里2鄰平東路492巷72號,68,6801000,6801000-023,2鄰,平東路,,492巷,,,,72號,121.243669596726,24.9148513731809
桃園市平鎮區建安里2鄰平東路492巷74弄17衖12號,68,6801000,6801000-023,2鄰,平東路,,492巷,74弄,,,17衖12號,121.243901730014,24.9153940539345
桃園市平鎮區建安里2鄰平東路492巷74弄17衖4號,68,6801000,6801000-023,2鄰,平東路,,492巷,74弄,,,17衖4號,121.244012267507,24.9152700030247
桃園市平鎮區建安里2鄰平東路492巷74弄17衖8號,68,6801000,6801000-023,2鄰,平東路,,492巷,74弄,,,17衖8號,121.243958134981,24.9153308529351
桃園市平鎮區建安里2鄰平東路492巷74弄17衖10號,68,6801000,6801000-023,2鄰,平東路,,492巷,74弄,,,17衖10號,121.243932847238,24.9153595144295
桃園市平鎮區建安里2鄰平東路492巷74弄17衖2號,68,6801000,6801000-023,2鄰,平東路,,492巷,74弄,,,17衖2號,121.244039136372,24.9152398943802
桃園市平鎮區建安里2鄰平東路492巷74弄17衖6號,68,6801000,6801000-023,2鄰,平東路,,492巷,74弄,,,17衖6號,121.243985399695,24.9153006533685
桃園市平鎮區建安里2鄰平東路492巷74弄1號,68,6801000,6801000-023,2鄰,平東路,,492巷,74弄,,,1號,121.243693359979,24.9150041857197
桃園市平鎮區建安里2鄰平東路492巷74弄2號,68,6801000,6801000-023,2鄰,平東路,,492巷,74弄,,,2號,121.243774057967,24.9149099775649
桃園市平鎮區建安里2鄰平東路492巷74弄3號,68,6801000,6801000-023,2鄰,平東路,,492巷,74弄,,,3號,121.243728753669,24.9150299491979
桃園市平鎮區建安里2鄰平東路492巷74弄4號,68,6801000,6801000-023,2鄰,平東路,,492巷,74弄,,,4號,121.243808457922,24.9149338466781
桃園市平鎮區建安里2鄰平東路492巷74弄5號,68,6801000,6801000-023,2鄰,平東路,,492巷,74弄,,,5號,121.243764146487,24.9150552612475
桃園市平鎮區建安里2鄰平東路492巷74弄6號,68,6801000,6801000-023,2鄰,平東路,,492巷,74弄,,,6號,121.243844346615,24.91495960932
桃園市平鎮區建安里2鄰平東路492巷74弄7號,68,6801000,6801000-023,2鄰,平東路,,492巷,74弄,,,7號,121.243798449256,24.9150800333644
桃園市平鎮區建安里2鄰平東路492巷74弄8號,68,6801000,6801000-023,2鄰,平東路,,492巷,74弄,,,8號,121.243878154551,24.9149844725124
桃園市平鎮區建安里2鄰平東路492巷74弄9號,68,6801000,6801000-023,2鄰,平東路,,492巷,74弄,,,9號,121.243833346215,24.9151048947861
桃園市平鎮區建安里2鄰平東路492巷74弄10號,68,6801000,6801000-023,2鄰,平東路,,492巷,74弄,,,10號,121.243913549161,24.9150106873668
桃園市平鎮區建安里2鄰平東路492巷74弄11號,68,6801000,6801000-023,2鄰,平東路,,492巷,74弄,,,11號,121.243868738011,24.915129665106
桃園市平鎮區建安里2鄰平東路492巷74弄12號,68,6801000,6801000-023,2鄰,平東路,,492巷,74弄,,,12號,121.243948446124,24.9150355487618
桃園市平鎮區建安里2鄰平東路492巷74弄13號,68,6801000,6801000-023,2鄰,平東路,,492巷,74弄,,,13號,121.24390313982,24.9151544370365
桃園市平鎮區建安里2鄰平東路492巷74弄14號,68,6801000,6801000-023,2鄰,平東路,,492巷,74弄,,,14號,121.243983840764,24.9150617635991
桃園市平鎮區建安里2鄰平東路492巷74弄15號,68,6801000,6801000-023,2鄰,平東路,,492巷,74弄,,,15號,121.243940612775,24.9151802873472
桃園市平鎮區建安里2鄰平東路492巷74弄16號,68,6801000,6801000-023,2鄰,平東路,,492巷,74弄,,,16號,121.244019232221,24.9150863533153
桃園市平鎮區建安里2鄰平東路492巷74弄18號,68,6801000,6801000-023,2鄰,平東路,,492巷,74弄,,,18號,121.244053535227,24.915111215657
桃園市平鎮區建安里2鄰平東路492巷74弄20號,68,6801000,6801000-023,2鄰,平東路,,492巷,74弄,,,20號,121.244089027489,24.9151367080345
桃園市平鎮區建安里2鄰平東路492巷74弄22號,68,6801000,6801000-023,2鄰,平東路,,492巷,74弄,,,22號,121.24412382641,24.9151620209697
桃園市平鎮區建安里2鄰平東路492巷74弄24號,68,6801000,6801000-023,2鄰,平東路,,492巷,74弄,,,24號,121.24416457441,24.9151919286573
桃園市平鎮區建安里1鄰平東路492巷74弄37號,68,6801000,6801000-023,1鄰,平東路,,492巷,74弄,,,37號,121.24440967117,24.9155293711033
桃園市平鎮區建安里2鄰平東路492巷74弄52號,68,6801000,6801000-023,2鄰,平東路,,492巷,74弄,,,52號,121.244589057912,24.9153775799184
桃園市平鎮區建安里2鄰平東路492巷74弄56號,68,6801000,6801000-023,2鄰,平東路,,492巷,74弄,,,56號,121.244595004502,24.9154311087661
桃園市平鎮區建安里2鄰平東路492巷74弄58號,68,6801000,6801000-023,2鄰,平東路,,492巷,74弄,,,58號,121.244601954455,24.9154914072912
桃園市平鎮區建安里2鄰平東路492巷74弄60號,68,6801000,6801000-023,2鄰,平東路,,492巷,74弄,,,60號,121.244607301179,24.9155419577389
桃園市平鎮區建安里2鄰平東路492巷76號,68,6801000,6801000-023,2鄰,平東路,,492巷,,,,76號,121.243609549404,24.9149250530067
桃園市平鎮區建安里2鄰平東路492巷78號,68,6801000,6801000-023,2鄰,平東路,,492巷,,,,78號,121.243583275564,24.9149557023094
桃園市平鎮區建安里2鄰平東路492巷80號,68,6801000,6801000-023,2鄰,平東路,,492巷,,,,80號,121.243555914664,24.9149873465103
桃園市平鎮區建安里2鄰平東路492巷82號,68,6801000,6801000-023,2鄰,平東路,,492巷,,,,82號,121.243531222846,24.9150170000924
桃園市平鎮區建安里2鄰平東路492巷84號,68,6801000,6801000-023,2鄰,平東路,,492巷,,,,84號,121.243504356032,24.9150481920553
桃園市平鎮區建安里2鄰平東路492巷86號,68,6801000,6801000-023,2鄰,平東路,,492巷,,,,86號,121.24347867419,24.9150778472452
桃園市平鎮區建安里2鄰平東路492巷88弄1號,68,6801000,6801000-023,2鄰,平東路,,492巷,88弄,,,1號,121.243506496611,24.9152308337517
桃園市平鎮區建安里2鄰平東路492巷88弄2號,68,6801000,6801000-023,2鄰,平東路,,492巷,88弄,,,2號,121.243589262539,24.9151308441247
桃園市平鎮區建安里2鄰平東路492巷88弄3號,68,6801000,6801000-023,2鄰,平東路,,492巷,88弄,,,3號,121.243540895718,24.9152542515052
桃園市平鎮區建安里2鄰平東路492巷88弄4號,68,6801000,6801000-023,2鄰,平東路,,492巷,88弄,,,4號,121.243621980407,24.9151551674491
桃園市平鎮區建安里2鄰平東路492巷88弄5號,68,6801000,6801000-023,2鄰,平東路,,492巷,88弄,,,5號,121.243576289449,24.9152800150185
桃園市平鎮區建安里2鄰平東路492巷88弄6號,68,6801000,6801000-023,2鄰,平東路,,492巷,88弄,,,6號,121.243657971142,24.9151824648017
桃園市平鎮區建安里2鄰平東路492巷88弄7號,68,6801000,6801000-023,2鄰,平東路,,492巷,88弄,,,7號,121.24362298162,24.9153120799693
桃園市平鎮區建安里2鄰平東路492巷88弄8號,68,6801000,6801000-023,2鄰,平東路,,492巷,88弄,,,8號,121.243692769989,24.9152077778379
桃園市平鎮區建安里2鄰平東路492巷88弄9號,68,6801000,6801000-023,2鄰,平東路,,492巷,88弄,,,9號,121.243688907691,24.9153582881163
桃園市平鎮區建安里2鄰平東路492巷88弄10號,68,6801000,6801000-023,2鄰,平東路,,492巷,88弄,,,10號,121.243727667851,24.915233090704
桃園市平鎮區建安里2鄰平東路492巷88弄12號,68,6801000,6801000-023,2鄰,平東路,,492巷,88弄,,,12號,121.243762566614,24.9152588549819
桃園市平鎮區建安里2鄰平東路492巷88弄14號,68,6801000,6801000-023,2鄰,平東路,,492巷,88弄,,,14號,121.243796375503,24.9152841696115
桃園市平鎮區建安里2鄰平東路492巷88弄16號,68,6801000,6801000-023,2鄰,平東路,,492巷,88弄,,,16號,121.243831176182,24.915310385455
桃園市平鎮區建安里2鄰平東路492巷90號,68,6801000,6801000-023,2鄰,平東路,,492巷,,,,90號,121.243414285708,24.9151592082465
桃園市平鎮區建安里2鄰平東路492巷92號,68,6801000,6801000-023,2鄰,平東路,,492巷,,,,92號,121.243379920521,24.9152035036525
桃園市平鎮區建安里2鄰平東路492巷99號,68,6801000,6801000-023,2鄰,平東路,,492巷,,,,99號,121.243069636995,24.9154476870928
桃園市平鎮區建安里1鄰平東路492巷158弄21號,68,6801000,6801000-023,1鄰,平東路,,492巷,158弄,,,21號,121.243171491611,24.9164994236286
桃園市平鎮區建安里1鄰平東路492巷158弄23號,68,6801000,6801000-023,1鄰,平東路,,492巷,158弄,,,23號,121.243309301801,24.9165500289159
桃園市平鎮區建安里1鄰平東路492巷158弄25號,68,6801000,6801000-023,1鄰,平東路,,492巷,158弄,,,25號,121.243359136733,24.916568997589
桃園市平鎮區建安里1鄰平東路492巷158弄27號,68,6801000,6801000-023,1鄰,平東路,,492巷,158弄,,,27號,121.243404709848,24.916585535525
桃園市平鎮區建安里1鄰平東路492巷158弄29號,68,6801000,6801000-023,1鄰,平東路,,492巷,158弄,,,29號,121.243474457508,24.9166113332642
桃園市平鎮區建安里1鄰平東路492巷158弄31號,68,6801000,6801000-023,1鄰,平東路,,492巷,158弄,,,31號,121.243548896654,24.9167070936467
桃園市平鎮區建安里1鄰平東路492巷158弄33號,68,6801000,6801000-023,1鄰,平東路,,492巷,158弄,,,33號,121.243523347851,24.9167592926137
桃園市平鎮區建安里1鄰平東路492巷158弄35號,68,6801000,6801000-023,1鄰,平東路,,492巷,158弄,,,35號,121.243501509882,24.9168055809233
桃園市平鎮區建安里1鄰平東路492巷158弄37號,68,6801000,6801000-023,1鄰,平東路,,492巷,158弄,,,37號,121.243479671898,24.9168518692296
桃園市平鎮區建安里1鄰平東路492巷158弄39號,68,6801000,6801000-023,1鄰,平東路,,492巷,158弄,,,39號,121.243457833897,24.9168981575325
桃園市平鎮區建安里1鄰平東路492巷158弄41號,68,6801000,6801000-023,1鄰,平東路,,492巷,158弄,,,41號,121.24343598598,24.9169444458482
桃園市平鎮區建安里1鄰平東路492巷158弄43號,68,6801000,6801000-023,1鄰,平東路,,492巷,158弄,,,43號,121.243414147946,24.9169907341444
桃園市平鎮區建安里1鄰平東路492巷158弄45號,68,6801000,6801000-023,1鄰,平東路,,492巷,158弄,,,45號,121.243392309897,24.9170370224372
桃園市平鎮區建安里1鄰平東路492巷158弄47號,68,6801000,6801000-023,1鄰,平東路,,492巷,158弄,,,47號,121.243370461931,24.9170833107428
桃園市平鎮區建安里1鄰平東路492巷158弄51號,68,6801000,6801000-023,1鄰,平東路,,492巷,158弄,,,51號,121.243398894326,24.9167095414859
桃園市平鎮區建安里1鄰平東路492巷158弄53號,68,6801000,6801000-023,1鄰,平東路,,492巷,158弄,,,53號,121.243378570543,24.9167555745106
桃園市平鎮區建安里1鄰平東路492巷158弄55號,68,6801000,6801000-023,1鄰,平東路,,492巷,158弄,,,55號,121.243358246744,24.9168016075323
桃園市平鎮區建安里1鄰平東路492巷158弄57號,68,6801000,6801000-023,1鄰,平東路,,492巷,158弄,,,57號,121.243337922913,24.9168476315228
桃園市平鎮區建安里1鄰平東路492巷158弄59號,68,6801000,6801000-023,1鄰,平東路,,492巷,158弄,,,59號,121.243317599085,24.9168936645387
桃園市平鎮區建安里1鄰平東路492巷158弄61號,68,6801000,6801000-023,1鄰,平東路,,492巷,158弄,,,61號,121.243297275224,24.9169396885232
桃園市平鎮區建安里1鄰平東路492巷158弄63號,68,6801000,6801000-023,1鄰,平東路,,492巷,158弄,,,63號,121.243276941466,24.9169857215494
桃園市平鎮區建安里1鄰平東路492巷158弄65號,68,6801000,6801000-023,1鄰,平東路,,492巷,158弄,,,65號,121.243256617575,24.917031745528
桃園市平鎮區建安里1鄰平東路492巷158弄67號,68,6801000,6801000-023,1鄰,平東路,,492巷,158弄,,,67號,121.243236293687,24.9170777785322
桃園市平鎮區建安里1鄰平東路492巷158弄69號,68,6801000,6801000-023,1鄰,平東路,,492巷,158弄,,,69號,121.243215969784,24.9171238115333
桃園市平鎮區建安里1鄰平東路492巷158弄71號,68,6801000,6801000-023,1鄰,平東路,,492巷,158弄,,,71號,121.243241851659,24.9166557896474
桃園市平鎮區建安里1鄰平東路492巷158弄73號,68,6801000,6801000-023,1鄰,平東路,,492巷,158弄,,,73號,121.243221555915,24.9167010010184
桃園市平鎮區建安里1鄰平東路492巷158弄75號,68,6801000,6801000-023,1鄰,平東路,,492巷,158弄,,,75號,121.243201260174,24.9167462214149
桃園市平鎮區建安里1鄰平東路492巷158弄77號,68,6801000,6801000-023,1鄰,平東路,,492巷,158弄,,,77號,121.243180964419,24.9167914418084
桃園市平鎮區建安里1鄰平東路492巷158弄79號,68,6801000,6801000-023,1鄰,平東路,,492巷,158弄,,,79號,121.243160668648,24.916836662199
桃園市平鎮區建安里1鄰平東路492巷158弄81號,68,6801000,6801000-023,1鄰,平東路,,492巷,158弄,,,81號,121.243140372845,24.9168818735583
桃園市平鎮區建安里1鄰平東路492巷158弄83號,68,6801000,6801000-023,1鄰,平東路,,492巷,158弄,,,83號,121.243120077046,24.9169270939431
桃園市平鎮區建安里1鄰平東路492巷158弄85號,68,6801000,6801000-023,1鄰,平東路,,492巷,158弄,,,85號,121.243099791131,24.9169723143088
桃園市平鎮區建安里1鄰平東路492巷158弄87號,68,6801000,6801000-023,1鄰,平東路,,492巷,158弄,,,87號,121.243079495302,24.9170175346878
桃園市平鎮區建安里1鄰平東路492巷158弄89號,68,6801000,6801000-023,1鄰,平東路,,492巷,158弄,,,89號,121.243059199458,24.9170627550638
桃園市平鎮區建安里1鄰平東路492巷158弄91號,68,6801000,6801000-023,1鄰,平東路,,492巷,158弄,,,91號,121.24308830046,24.9166508035353
桃園市平鎮區建安里1鄰平東路492巷158弄93號,68,6801000,6801000-023,1鄰,平東路,,492巷,158弄,,,93號,121.243068065424,24.916696709976
桃園市平鎮區建安里1鄰平東路492巷158弄95號,68,6801000,6801000-023,1鄰,平東路,,492巷,158弄,,,95號,121.243047830373,24.9167426164137
桃園市平鎮區建安里1鄰平東路492巷158弄97號,68,6801000,6801000-023,1鄰,平東路,,492巷,158弄,,,97號,121.243027585407,24.9167885228647
桃園市平鎮區建安里1鄰平東路492巷158弄99號,68,6801000,6801000-023,1鄰,平東路,,492巷,158弄,,,99號,121.243007350326,24.9168344292967
桃園市平鎮區建安里1鄰平東路492巷158弄101號,68,6801000,6801000-023,1鄰,平東路,,492巷,158弄,,,101號,121.242987115231,24.9168803357257
桃園市平鎮區建安里1鄰平東路492巷158弄103號,68,6801000,6801000-023,1鄰,平東路,,492巷,158弄,,,103號,121.24296688012,24.9169262421518
桃園市平鎮區建安里1鄰平東路492巷158弄105號,68,6801000,6801000-023,1鄰,平東路,,492巷,158弄,,,105號,121.242946644995,24.916972148575
桃園市平鎮區建安里1鄰平東路492巷158弄107號,68,6801000,6801000-023,1鄰,平東路,,492巷,158弄,,,107號,121.242926409872,24.9170180640237
桃園市平鎮區建安里1鄰平東路492巷158弄109號,68,6801000,6801000-023,1鄰,平東路,,492巷,158弄,,,109號,121.242906174717,24.917063970441
桃園市平鎮區建安里1鄰平東路492巷158弄111號,68,6801000,6801000-023,1鄰,平東路,,492巷,158弄,,,111號,121.2429962851,24.9171695284996
桃園市平鎮區建安里1鄰平東路492巷158弄113號,68,6801000,6801000-023,1鄰,平東路,,492巷,158弄,,,113號,121.243049883181,24.9171889425628
桃園市平鎮區建安里1鄰平東路492巷158弄115號,68,6801000,6801000-023,1鄰,平東路,,492巷,158弄,,,115號,121.243105660376,24.91720889476
桃園市平鎮區建安里1鄰平東路492巷158弄117號,68,6801000,6801000-023,1鄰,平東路,,492巷,158弄,,,117號,121.243159358554,24.9172288503261
桃園市平鎮區建安里1鄰平東路492巷158弄121號,68,6801000,6801000-023,1鄰,平東路,,492巷,158弄,,,121號,121.243345994662,24.9171368170351
桃園市平鎮區建安里3鄰平東路494號,68,6801000,6801000-023,3鄰,平東路,,,,,,494號,121.244503135473,24.913223085234
桃園市平鎮區建安里3鄰平東路496號,68,6801000,6801000-023,3鄰,平東路,,,,,,496號,121.244453710878,24.9132107972967
桃園市平鎮區建安里3鄰平東路498號,68,6801000,6801000-023,3鄰,平東路,,,,,,498號,121.244407058783,24.9131987756526
桃園市平鎮區建安里3鄰平東路500號,68,6801000,6801000-023,3鄰,平東路,,,,,,500號,121.244359319137,24.9131874780504
桃園市平鎮區建安里3鄰平東路502號,68,6801000,6801000-023,3鄰,平東路,,,,,,502號,121.244314250322,24.9131750926456
桃園市平鎮區建安里3鄰平東路504號,68,6801000,6801000-023,3鄰,平東路,,,,,,504號,121.244268392552,24.9131642433532
桃園市平鎮區建安里3鄰平東路506號,68,6801000,6801000-023,3鄰,平東路,,,,,,506號,121.244225009038,24.9131530288576
桃園市平鎮區建安里3鄰平東路508號,68,6801000,6801000-023,3鄰,平東路,,,,,,508號,121.244178060701,24.913141368764
桃園市平鎮區建安里3鄰平東路510號,68,6801000,6801000-023,3鄰,平東路,,,,,,510號,121.244128933166,24.9131290802322
桃園市平鎮區建安里3鄰平東路512號,68,6801000,6801000-023,3鄰,平東路,,,,,,512號,121.24408069627,24.9131166096578
桃園市平鎮區建安里3鄰平東路514號,68,6801000,6801000-023,3鄰,平東路,,,,,,514號,121.244038803448,24.9131082817673
桃園市平鎮區建安里3鄰平東路516號,68,6801000,6801000-023,3鄰,平東路,,,,,,516號,121.243992955316,24.9131023077289
桃園市平鎮區建安里3鄰平東路518號,68,6801000,6801000-023,3鄰,平東路,,,,,,518號,121.243946908836,24.913096153432
桃園市平鎮區建安里3鄰平東路520號,68,6801000,6801000-023,3鄰,平東路,,,,,,520號,121.243888485261,24.9130888456647
桃園市平鎮區建安里3鄰平東路522號,68,6801000,6801000-023,3鄰,平東路,,,,,,522號,121.24384234139,24.9130835040539
桃園市平鎮區建安里3鄰平東路526巷1號,68,6801000,6801000-023,3鄰,平東路,,526巷,,,,1號,121.24365718695,24.9131705699176
桃園市平鎮區建安里3鄰平東路526巷2號,68,6801000,6801000-023,3鄰,平東路,,526巷,,,,2號,121.243766761503,24.9132122828015
桃園市平鎮區建安里3鄰平東路526巷3號,68,6801000,6801000-023,3鄰,平東路,,526巷,,,,3號,121.243637269427,24.9132114109816
桃園市平鎮區建安里3鄰平東路526巷4號,68,6801000,6801000-023,3鄰,平東路,,526巷,,,,4號,121.243747934944,24.9132541152245
桃園市平鎮區建安里3鄰平東路526巷5號,68,6801000,6801000-023,3鄰,平東路,,526巷,,,,5號,121.243617941981,24.9132502648232
桃園市平鎮區建安里3鄰平東路526巷7號,68,6801000,6801000-023,3鄰,平東路,,526巷,,,,7號,121.243598122545,24.9132906542997
桃園市平鎮區建安里3鄰平東路526巷8號,68,6801000,6801000-023,3鄰,平東路,,526巷,,,,8號,121.243706736291,24.9133471754287
桃園市平鎮區建安里3鄰平東路526巷9號,68,6801000,6801000-023,3鄰,平東路,,526巷,,,,9號,121.243579390839,24.9133304100065
桃園市平鎮區建安里3鄰平東路526巷10號,68,6801000,6801000-023,3鄰,平東路,,526巷,,,,10號,121.243688500846,24.9133875623282
桃園市平鎮區建安里3鄰平東路526巷11號,68,6801000,6801000-023,3鄰,平東路,,526巷,,,,11號,121.243560066371,24.9133707986692
桃園市平鎮區建安里3鄰平東路526巷12號,68,6801000,6801000-023,3鄰,平東路,,526巷,,,,12號,121.243669178355,24.9134289441292
桃園市平鎮區建安里3鄰平東路526巷13號,68,6801000,6801000-023,3鄰,平東路,,526巷,,,,13號,121.24354074189,24.9134111873294
桃園市平鎮區建安里3鄰平東路526巷15號,68,6801000,6801000-023,3鄰,平東路,,526巷,,,,15號,121.243521020339,24.9134510349291
桃園市平鎮區建安里3鄰平東路526巷17號,68,6801000,6801000-023,3鄰,平東路,,526巷,,,,17號,121.243501200839,24.9134914243921
桃園市平鎮區建安里3鄰平東路526巷19號,68,6801000,6801000-023,3鄰,平東路,,526巷,,,,19號,121.243482371314,24.9135318122362
桃園市平鎮區建安里3鄰平東路526巷21號,68,6801000,6801000-023,3鄰,平東路,,526巷,,,,21號,121.243462847546,24.9135715692206
桃園市平鎮區建安里3鄰平東路526巷23號,68,6801000,6801000-023,3鄰,平東路,,526巷,,,,23號,121.24344401711,24.9136115056393
桃園市平鎮區建安里3鄰平東路526巷25號,68,6801000,6801000-023,3鄰,平東路,,526巷,,,,25號,121.243424194726,24.9136504505467
桃園市平鎮區建安里3鄰平東路526巷27號,68,6801000,6801000-023,3鄰,平東路,,526巷,,,,27號,121.243404869095,24.913690297484
桃園市平鎮區建安里3鄰平東路526巷29號,68,6801000,6801000-023,3鄰,平東路,,526巷,,,,29號,121.243385546463,24.9137316792477
桃園市平鎮區建安里3鄰平東路526巷31號,68,6801000,6801000-023,3鄰,平東路,,526巷,,,,31號,121.243365232235,24.9137722500677
桃園市平鎮區建安里3鄰平東路526巷33號,68,6801000,6801000-023,3鄰,平東路,,526巷,,,,33號,121.243344821475,24.9138140850231
桃園市平鎮區建安里3鄰平東路526巷35號,68,6801000,6801000-023,3鄰,平東路,,526巷,,,,35號,121.243327074286,24.9138511305597
桃園市平鎮區建安里3鄰平東路526巷37號,68,6801000,6801000-023,3鄰,平東路,,526巷,,,,37號,121.243307157256,24.9138923327137
桃園市平鎮區建安里2鄰平東路526巷38號,68,6801000,6801000-023,2鄰,平東路,,526巷,,,,38號,121.243855414861,24.913942447929
桃園市平鎮區建安里3鄰平東路526巷39號,68,6801000,6801000-023,3鄰,平東路,,526巷,,,,39號,121.243287633906,24.9139323605263
桃園市平鎮區建安里3鄰平東路526巷41號,68,6801000,6801000-023,3鄰,平東路,,526巷,,,,41號,121.243268900412,24.9139713036357
桃園市平鎮區建安里3鄰平東路526巷43號,68,6801000,6801000-023,3鄰,平東路,,526巷,,,,43號,121.243249475151,24.9140108798613
桃園市平鎮區建安里4鄰平東路526巷46弄1號,68,6801000,6801000-023,4鄰,平東路,,526巷,46弄,,,1號,121.243199836564,24.9142429915673
桃園市平鎮區建安里4鄰平東路526巷46弄2號,68,6801000,6801000-023,4鄰,平東路,,526巷,46弄,,,2號,121.243280969394,24.9141686455159
桃園市平鎮區建安里4鄰平東路526巷46弄3號,68,6801000,6801000-023,4鄰,平東路,,526巷,46弄,,,3號,121.243218033625,24.9142838606973
桃園市平鎮區建安里4鄰平東路526巷46弄4號,68,6801000,6801000-023,4鄰,平東路,,526巷,46弄,,,4號,121.24329757593,24.9142061767105
桃園市平鎮區建安里4鄰平東路526巷46弄5號,68,6801000,6801000-023,4鄰,平東路,,526巷,46弄,,,5號,121.243236531945,24.9143268961576
桃園市平鎮區建安里4鄰平東路526巷46弄6號,68,6801000,6801000-023,4鄰,平東路,,526巷,46弄,,,6號,121.243314783025,24.9142470474438
桃園市平鎮區建安里4鄰平東路526巷46弄7號,68,6801000,6801000-023,4鄰,平東路,,526巷,46弄,,,7號,121.243253736204,24.9143663223524
桃園市平鎮區建安里4鄰平東路526巷46弄8號,68,6801000,6801000-023,4鄰,平東路,,526巷,46弄,,,8號,121.243332486899,24.9142888202075
桃園市平鎮區建安里4鄰平東路526巷46弄9號,68,6801000,6801000-023,4鄰,平東路,,526巷,46弄,,,9號,121.243270942422,24.9144067416695
桃園市平鎮區建安里4鄰平東路526巷46弄10號,68,6801000,6801000-023,4鄰,平東路,,526巷,46弄,,,10號,121.243348600242,24.9143272550437
桃園市平鎮區建安里4鄰平東路526巷46弄11號,68,6801000,6801000-023,4鄰,平東路,,526巷,46弄,,,11號,121.24328923676,24.9144467077876
桃園市平鎮區建安里4鄰平東路526巷46弄12號,68,6801000,6801000-023,4鄰,平東路,,526巷,46弄,,,12號,121.243366007318,24.9143691185716
桃園市平鎮區建安里4鄰平東路526巷46弄13號,68,6801000,6801000-023,4鄰,平東路,,526巷,46弄,,,13號,121.243306938883,24.9144875777127
桃園市平鎮區建安里4鄰平東路526巷46弄14號,68,6801000,6801000-023,4鄰,平東路,,526巷,46弄,,,14號,121.243382618514,24.9144089971405
桃園市平鎮區建安里4鄰平東路526巷46弄15號,68,6801000,6801000-023,4鄰,平東路,,526巷,46弄,,,15號,121.243325732847,24.9145298904033
桃園市平鎮區建安里4鄰平東路526巷46弄16號,68,6801000,6801000-023,4鄰,平東路,,526巷,46弄,,,16號,121.243400320663,24.9144498670545
桃園市平鎮區建安里4鄰平東路526巷46弄17號,68,6801000,6801000-023,4鄰,平東路,,526巷,46弄,,,17號,121.243342936277,24.9145688651662
桃園市平鎮區建安里4鄰平東路526巷46弄18號,68,6801000,6801000-023,4鄰,平東路,,526巷,46弄,,,18號,121.243418522604,24.9144931738274
桃園市平鎮區建安里4鄰平東路526巷46弄19號,68,6801000,6801000-023,4鄰,平東路,,526巷,46弄,,,19號,121.243361733986,24.9146130738165
桃園市平鎮區建安里4鄰平東路526巷46弄20號,68,6801000,6801000-023,4鄰,平東路,,526巷,46弄,,,20號,121.24343572978,24.9145340445445
桃園市平鎮區建安里4鄰平東路526巷46弄22號,68,6801000,6801000-023,4鄰,平東路,,526巷,46弄,,,22號,121.243452342083,24.9145744648087
桃園市平鎮區建安里4鄰平東路526巷48弄1號,68,6801000,6801000-023,4鄰,平東路,,526巷,48弄,,,1號,121.242931754047,24.91434833889
桃園市平鎮區建安里4鄰平東路526巷48弄2號,68,6801000,6801000-023,4鄰,平東路,,526巷,48弄,,,2號,121.243030875322,24.9143093551324
桃園市平鎮區建安里4鄰平東路526巷48弄3號,68,6801000,6801000-023,4鄰,平東路,,526巷,48弄,,,3號,121.242946775452,24.9143853309992
桃園市平鎮區建安里4鄰平東路526巷48弄4號,68,6801000,6801000-023,4鄰,平東路,,526巷,48弄,,,4號,121.243048573625,24.9143483291247
桃園市平鎮區建安里4鄰平東路526巷48弄5號,68,6801000,6801000-023,4鄰,平東路,,526巷,48弄,,,5號,121.242963886287,24.9144276464787
桃園市平鎮區建安里4鄰平東路526巷48弄6號,68,6801000,6801000-023,4鄰,平東路,,526巷,48弄,,,6號,121.243066570531,24.9143881151869
桃園市平鎮區建安里4鄰平東路526巷48弄7號,68,6801000,6801000-023,4鄰,平東路,,526巷,48弄,,,7號,121.242980594416,24.9144665318072
桃園市平鎮區建安里4鄰平東路526巷48弄8號,68,6801000,6801000-023,4鄰,平東路,,526巷,48弄,,,8號,121.243085262567,24.9144289835257
桃園市平鎮區建安里4鄰平東路526巷48弄9號,68,6801000,6801000-023,4鄰,平東路,,526巷,48弄,,,9號,121.24299879533,24.9145093872121
桃園市平鎮區建安里4鄰平東路526巷48弄10號,68,6801000,6801000-023,4鄰,平東路,,526巷,48弄,,,10號,121.243103558617,24.9144698525074
桃園市平鎮區建安里4鄰平東路526巷48弄12號,68,6801000,6801000-023,4鄰,平東路,,526巷,48弄,,,12號,121.243120666686,24.9145107234232
桃園市平鎮區建安里4鄰平東路526巷48弄14號,68,6801000,6801000-023,4鄰,平東路,,526巷,48弄,,,14號,121.243139456697,24.9145510498886
桃園市平鎮區建安里4鄰平東路526巷48弄16號,68,6801000,6801000-023,4鄰,平東路,,526巷,48弄,,,16號,121.243156661842,24.9145909275137
桃園市平鎮區建安里4鄰平東路526巷48弄18號,68,6801000,6801000-023,4鄰,平東路,,526巷,48弄,,,18號,121.243175454885,24.9146327888027
桃園市平鎮區建安里3鄰平東路528號,68,6801000,6801000-023,3鄰,平東路,,,,,,528號,121.243682804181,24.9130578531957
桃園市平鎮區建安里3鄰平東路530號,68,6801000,6801000-023,3鄰,平東路,,,,,,530號,121.243616647778,24.9130449603262
桃園市平鎮區建安里28鄰平東路545號,68,6801000,6801000-023,28鄰,平東路,,,,,,545號,121.243459686106,24.9127678630976
桃園市平鎮區建安里28鄰平東路547巷9號,68,6801000,6801000-023,28鄰,平東路,,547巷,,,,9號,121.243514392839,24.9124956567361
桃園市平鎮區建安里28鄰平東路547巷10號,68,6801000,6801000-023,28鄰,平東路,,547巷,,,,10號,121.243377612846,24.912463287344
桃園市平鎮區建安里28鄰平東路547巷12號,68,6801000,6801000-023,28鄰,平東路,,547巷,,,,12號,121.243392090595,24.9124250734345
桃園市平鎮區建安里28鄰平東路547巷14號,68,6801000,6801000-023,28鄰,平東路,,547巷,,,,14號,121.243403895926,24.9123871347379
桃園市平鎮區建安里28鄰平東路547巷16號,68,6801000,6801000-023,28鄰,平東路,,547巷,,,,16號,121.243417780203,24.9123491926473
桃園市平鎮區建安里28鄰平東路549號,68,6801000,6801000-023,28鄰,平東路,,,,,,549號,121.243302425095,24.9127415761224
桃園市平鎮區建安里28鄰平東路551號,68,6801000,6801000-023,28鄰,平東路,,,,,,551號,121.243260132563,24.912731262408
桃園市平鎮區建安里28鄰平東路553號,68,6801000,6801000-023,28鄰,平東路,,,,,,553號,121.243220922785,24.912727985834
桃園市平鎮區建安里28鄰平東路555號,68,6801000,6801000-023,28鄰,平東路,,,,,,555號,121.24317902838,24.9127187548594
桃園市平鎮區建安里28鄰平東路557號,68,6801000,6801000-023,28鄰,平東路,,,,,,557號,121.243112673681,24.9127055912347
桃園市平鎮區建安里28鄰平東路559號,68,6801000,6801000-023,28鄰,平東路,,,,,,559號,121.243008009593,24.9126939345539
桃園市平鎮區建安里28鄰平東路561號,68,6801000,6801000-023,28鄰,平東路,,,,,,561號,121.242966317101,24.9126866894463
桃園市平鎮區建安里28鄰平東路563號,68,6801000,6801000-023,28鄰,平東路,,,,,,563號,121.242917591336,24.9126771986735
桃園市平鎮區建安里28鄰平東路565號,68,6801000,6801000-023,28鄰,平東路,,,,,,565號,121.242862636127,24.9126715099717
桃園市平鎮區建安里28鄰平東路567之1號,68,6801000,6801000-023,28鄰,平東路,,,,,,567之1號,121.242765484628,24.912654062688
桃園市平鎮區建安里28鄰平東路567號,68,6801000,6801000-023,28鄰,平東路,,,,,,567號,121.24281629322,24.9126655363756
桃園市平鎮區建安里28鄰平東路569之1號,68,6801000,6801000-023,28鄰,平東路,,,,,,569之1號,121.242684969056,24.9126387550968
桃園市平鎮區建安里28鄰平東路569號,68,6801000,6801000-023,28鄰,平東路,,,,,,569號,121.242735766327,24.9126444506314
桃園市平鎮區建安里28鄰平東路571之1號,68,6801000,6801000-023,28鄰,平東路,,,,,,571之1號,121.242509390212,24.9126106914009
桃園市平鎮區建安里28鄰平東路571號,68,6801000,6801000-023,28鄰,平東路,,,,,,571號,121.242591099371,24.9126288862453
桃園市平鎮區建安里26鄰平東路573巷1弄1號,68,6801000,6801000-023,26鄰,平東路,,573巷,1弄,,,1號,121.242702893117,24.9124391072083
桃園市平鎮區建安里26鄰平東路573巷1弄2號,68,6801000,6801000-023,26鄰,平東路,,573巷,1弄,,,2號,121.242532598475,24.9123793451267
桃園市平鎮區建安里26鄰平東路573巷1弄3號,68,6801000,6801000-023,26鄰,平東路,,573巷,1弄,,,3號,121.242721825265,24.9124005249764
桃園市平鎮區建安里26鄰平東路573巷1弄5號,68,6801000,6801000-023,26鄰,平東路,,573巷,1弄,,,5號,121.242732342592,24.9123619564372
桃園市平鎮區建安里26鄰平東路573巷1弄6號,68,6801000,6801000-023,26鄰,平東路,,573巷,1弄,,,6號,121.24253716911,24.9123372651807
桃園市平鎮區建安里26鄰平東路573巷1弄7號,68,6801000,6801000-023,26鄰,平東路,,573巷,1弄,,,7號,121.242749199477,24.9123252735507
桃園市平鎮區建安里26鄰平東路573巷1弄8號,68,6801000,6801000-023,26鄰,平東路,,573巷,1弄,,,8號,121.242538591762,24.9123053924866
桃園市平鎮區建安里26鄰平東路573巷1弄9號,68,6801000,6801000-023,26鄰,平東路,,573巷,1弄,,,9號,121.242761803162,24.9122904935567
桃園市平鎮區建安里26鄰平東路573巷1弄10號,68,6801000,6801000-023,26鄰,平東路,,573巷,1弄,,,10號,121.242553358448,24.9122629348213
桃園市平鎮區建安里26鄰平東路573巷1弄11號,68,6801000,6801000-023,26鄰,平東路,,573巷,1弄,,,11號,121.242768037064,24.9122383893318
桃園市平鎮區建安里26鄰平東路573巷1弄12號,68,6801000,6801000-023,26鄰,平東路,,573巷,1弄,,,12號,121.242578626466,24.9122243423027
桃園市平鎮區建安里26鄰平東路573巷1弄13號,68,6801000,6801000-023,26鄰,平東路,,573巷,1弄,,,13號,121.242780637201,24.9122018036543
桃園市平鎮區建安里26鄰平東路573巷1弄14號,68,6801000,6801000-023,26鄰,平東路,,573巷,1弄,,,14號,121.242593400544,24.9121856765644
桃園市平鎮區建安里26鄰平東路573巷1弄15號,68,6801000,6801000-023,26鄰,平東路,,573巷,1弄,,,15號,121.242801754659,24.9121670097976
桃園市平鎮區建安里26鄰平東路573巷1弄16號,68,6801000,6801000-023,26鄰,平東路,,573巷,1弄,,,16號,121.242602413154,24.9121369986316
桃園市平鎮區建安里26鄰平東路573巷1弄17號,68,6801000,6801000-023,26鄰,平東路,,573巷,1弄,,,17號,121.242808022468,24.9121322401133
桃園市平鎮區建安里26鄰平東路573巷1弄18號,68,6801000,6801000-023,26鄰,平東路,,573巷,1弄,,,18號,121.242617183506,24.912096436925
桃園市平鎮區建安里26鄰平東路573巷1弄19號,68,6801000,6801000-023,26鄰,平東路,,573巷,1弄,,,19號,121.242829113573,24.9120839939249
桃園市平鎮區建安里26鄰平東路573巷1弄20號,68,6801000,6801000-023,26鄰,平東路,,573巷,1弄,,,20號,121.242627605552,24.9120597645183
桃園市平鎮區建安里26鄰平東路573巷1弄21號,68,6801000,6801000-023,26鄰,平東路,,573巷,1弄,,,21號,121.242839539443,24.9120493077535
桃園市平鎮區建安里26鄰平東路573巷1弄22號,68,6801000,6801000-023,26鄰,平東路,,573巷,1弄,,,22號,121.242638641002,24.9120330223932
桃園市平鎮區建安里26鄰平東路573巷1弄23號,68,6801000,6801000-023,26鄰,平東路,,573巷,1弄,,,23號,121.242852242072,24.9120145275897
桃園市平鎮區建安里26鄰平東路573巷1弄24號,68,6801000,6801000-023,26鄰,平東路,,573巷,1弄,,,24號,121.242659655765,24.9119963327511
桃園市平鎮區建安里26鄰平東路573巷1弄25號,68,6801000,6801000-023,26鄰,平東路,,573巷,1弄,,,25號,121.24286691722,24.9119759522694
桃園市平鎮區建安里26鄰平東路573巷1弄26號,68,6801000,6801000-023,26鄰,平東路,,573巷,1弄,,,26號,121.242674429968,24.9119577572881
桃園市平鎮區建安里26鄰平東路573巷1弄27號,68,6801000,6801000-023,26鄰,平東路,,573巷,1弄,,,27號,121.242879517125,24.9119392762987
桃園市平鎮區建安里26鄰平東路573巷1弄28號,68,6801000,6801000-023,26鄰,平東路,,573巷,1弄,,,28號,121.242680472784,24.9119091744657
桃園市平鎮區建安里26鄰平東路573巷1弄29號,68,6801000,6801000-023,26鄰,平東路,,573巷,1弄,,,29號,121.242896358707,24.9118948289633
桃園市平鎮區建安里26鄰平東路573巷1弄30號,68,6801000,6801000-023,26鄰,平東路,,573巷,1弄,,,30號,121.242690997679,24.9118744881426
桃園市平鎮區建安里26鄰平東路573巷1弄31號,68,6801000,6801000-023,26鄰,平東路,,573巷,1弄,,,31號,121.242913200454,24.91185047191
桃園市平鎮區建安里26鄰平東路573巷1弄32號,68,6801000,6801000-023,26鄰,平東路,,573巷,1弄,,,32號,121.242714190342,24.9118377949485
桃園市平鎮區建安里26鄰平東路573巷1弄33號,68,6801000,6801000-023,26鄰,平東路,,573巷,1弄,,,33號,121.242923732704,24.9118195775021
桃園市平鎮區建安里26鄰平東路573巷1弄34號,68,6801000,6801000-023,26鄰,平東路,,573巷,1弄,,,34號,121.242737681042,24.9118016429718
桃園市平鎮區建安里26鄰平東路573巷1弄35號,68,6801000,6801000-023,26鄰,平東路,,573巷,1弄,,,35號,121.242940585748,24.9117809986266
桃園市平鎮區建安里26鄰平東路573巷1弄36號,68,6801000,6801000-023,26鄰,平東路,,573巷,1弄,,,36號,121.242746123083,24.9117649737781
桃園市平鎮區建安里26鄰平東路573巷1弄37號,68,6801000,6801000-023,26鄰,平東路,,573巷,1弄,,,37號,121.242951106669,24.9117443260354
桃園市平鎮區建安里26鄰平東路573巷1弄38號,68,6801000,6801000-023,26鄰,平東路,,573巷,1弄,,,38號,121.242758711695,24.911722519635
桃園市平鎮區建安里26鄰平東路573巷1弄39號,68,6801000,6801000-023,26鄰,平東路,,573巷,1弄,,,39號,121.242970031032,24.9117018615543
桃園市平鎮區建安里26鄰平東路573巷1弄40號,68,6801000,6801000-023,26鄰,平東路,,573巷,1弄,,,40號,121.242773390548,24.9116858402882
桃園市平鎮區建安里26鄰平東路573巷1弄41號,68,6801000,6801000-023,26鄰,平東路,,573巷,1弄,,,41號,121.24298687644,24.9116594004577
桃園市平鎮區建安里26鄰平東路573巷1弄42號,68,6801000,6801000-023,26鄰,平東路,,573巷,1弄,,,42號,121.242788153194,24.9116413963475
桃園市平鎮區建安里26鄰平東路573巷1弄43號,68,6801000,6801000-023,26鄰,平東路,,573巷,1弄,,,43號,121.243001654216,24.9116227209273
桃園市平鎮區建安里26鄰平東路573巷1弄45號,68,6801000,6801000-023,26鄰,平東路,,573巷,1弄,,,45號,121.243016325381,24.9115821593412
桃園市平鎮區建安里26鄰平東路573巷1弄46號,68,6801000,6801000-023,26鄰,平東路,,573巷,1弄,,,46號,121.242805006256,24.9116028174862
桃園市平鎮區建安里26鄰平東路573巷1弄47號,68,6801000,6801000-023,26鄰,平東路,,573巷,1弄,,,47號,121.243028932808,24.9115493655721
桃園市平鎮區建安里26鄰平東路573巷1弄48號,68,6801000,6801000-023,26鄰,平東路,,573巷,1弄,,,48號,121.242815523492,24.9115642489377
桃園市平鎮區建安里26鄰平東路573巷1弄49號,68,6801000,6801000-023,26鄰,平東路,,573巷,1弄,,,49號,121.243035189204,24.9115088176947
桃園市平鎮區建安里26鄰平東路573巷1弄50號,68,6801000,6801000-023,26鄰,平東路,,573巷,1弄,,,50號,121.242833769563,24.91152927918
桃園市平鎮區建安里26鄰平東路573巷1弄51號,68,6801000,6801000-023,26鄰,平東路,,573巷,1弄,,,51號,121.243049955627,24.9114663599778
桃園市平鎮區建安里26鄰平東路573巷1弄52號,68,6801000,6801000-023,26鄰,平東路,,573巷,1弄,,,52號,121.242846365722,24.9114907072443
桃園市平鎮區建安里26鄰平東路573巷1弄53號,68,6801000,6801000-023,26鄰,平東路,,573巷,1弄,,,53號,121.243064649578,24.9114374450331
桃園市平鎮區建安里26鄰平東路573巷1弄54號,68,6801000,6801000-023,26鄰,平東路,,573巷,1弄,,,54號,121.242867494355,24.9114616915575
桃園市平鎮區建安里26鄰平東路573巷1弄55號,68,6801000,6801000-023,26鄰,平東路,,573巷,1弄,,,55號,121.24307943102,24.9114026614602
桃園市平鎮區建安里26鄰平東路573巷1弄56號,68,6801000,6801000-023,26鄰,平東路,,573巷,1弄,,,56號,121.242875921309,24.911417348208
桃園市平鎮區建安里26鄰平東路573巷1弄57號,68,6801000,6801000-023,26鄰,平東路,,573巷,1弄,,,57號,121.24308786161,24.9113602140647
桃園市平鎮區建安里26鄰平東路573巷1弄58號,68,6801000,6801000-023,26鄰,平東路,,573巷,1弄,,,58號,121.242884264286,24.9113806791663
桃園市平鎮區建安里26鄰平東路573巷1弄59號,68,6801000,6801000-023,26鄰,平東路,,573巷,1弄,,,59號,121.243100427419,24.9113062035288
桃園市平鎮區建安里26鄰平東路573巷1弄60號,68,6801000,6801000-023,26鄰,平東路,,573巷,1弄,,,60號,121.242899030746,24.9113382214632
桃園市平鎮區建安里26鄰平東路573巷1弄61號,68,6801000,6801000-023,26鄰,平東路,,573巷,1弄,,,61號,121.24311306116,24.9112868620805
桃園市平鎮區建安里26鄰平東路573巷1弄62號,68,6801000,6801000-023,26鄰,平東路,,573巷,1弄,,,62號,121.242913713226,24.9113034380672
桃園市平鎮區建安里26鄰平東路573巷1弄64號,68,6801000,6801000-023,26鄰,平東路,,573巷,1弄,,,64號,121.242928460749,24.9112513199636
桃園市平鎮區建安里30鄰平東路573巷3弄1號,68,6801000,6801000-023,30鄰,平東路,,573巷,3弄,,,1號,121.243052473656,24.9125494071268
桃園市平鎮區建安里30鄰平東路573巷3弄2號,68,6801000,6801000-023,30鄰,平東路,,573巷,3弄,,,2號,121.242898412401,24.9124886258825
桃園市平鎮區建安里30鄰平東路573巷3弄3號,68,6801000,6801000-023,30鄰,平東路,,573巷,3弄,,,3號,121.243074721749,24.912485359258
桃園市平鎮區建安里30鄰平東路573巷3弄5號,68,6801000,6801000-023,30鄰,平東路,,573巷,3弄,,,5號,121.24310261234,24.9124211216199
桃園市平鎮區建安里30鄰平東路573巷3弄6號,68,6801000,6801000-023,30鄰,平東路,,573巷,3弄,,,6號,121.242913186587,24.9124500503986
桃園市平鎮區建安里30鄰平東路573巷3弄7號,68,6801000,6801000-023,30鄰,平東路,,573巷,3弄,,,7號,121.243127785725,24.9123343173152
桃園市平鎮區建安里30鄰平東路573巷3弄8號,68,6801000,6801000-023,30鄰,平東路,,573巷,3弄,,,8號,121.242936371863,24.9124095652413
桃園市平鎮區建安里30鄰平東路573巷3弄9號,68,6801000,6801000-023,30鄰,平東路,,573巷,3弄,,,9號,121.243161472697,24.9122474088412
桃園市平鎮區建安里30鄰平東路573巷3弄10號,68,6801000,6801000-023,30鄰,平東路,,573巷,3弄,,,10號,121.242948964187,24.9123690070514
桃園市平鎮區建安里30鄰平東路573巷3弄11號,68,6801000,6801000-023,30鄰,平東路,,573巷,3弄,,,11號,121.243206501509,24.9121386330489
桃園市平鎮區建安里30鄰平東路573巷3弄12號,68,6801000,6801000-023,30鄰,平東路,,573巷,3弄,,,12號,121.242962259743,24.9123336842077
桃園市平鎮區建安里30鄰平東路573巷3弄13號,68,6801000,6801000-023,30鄰,平東路,,573巷,3弄,,,13號,121.24323376876,24.9120594994805
桃園市平鎮區建安里30鄰平東路573巷3弄14號,68,6801000,6801000-023,30鄰,平東路,,573巷,3弄,,,14號,121.242968527516,24.9122989145178
桃園市平鎮區建安里30鄰平東路573巷3弄15號,68,6801000,6801000-023,30鄰,平東路,,573巷,3弄,,,15號,121.243259040802,24.9119726047052
桃園市平鎮區建安里30鄰平東路573巷3弄16號,68,6801000,6801000-023,30鄰,平東路,,573巷,3弄,,,16號,121.242985373004,24.912256453424
桃園市平鎮區建安里30鄰平東路573巷3弄17號,68,6801000,6801000-023,30鄰,平東路,,573巷,3弄,,,17號,121.243288098968,24.9118980727071
桃園市平鎮區建安里30鄰平東路573巷3弄18號,68,6801000,6801000-023,30鄰,平東路,,573巷,3弄,,,18號,121.242997969188,24.9122178814791
桃園市平鎮區建安里30鄰平東路573巷3弄19號,68,6801000,6801000-023,30鄰,平東路,,573巷,3弄,,,19號,121.243329299413,24.9118060057267
桃園市平鎮區建安里30鄰平東路573巷3弄20號,68,6801000,6801000-023,30鄰,平東路,,573巷,3弄,,,20號,121.24301629732,24.9121742442692
桃園市平鎮區建安里30鄰平東路573巷3弄21號,68,6801000,6801000-023,30鄰,平東路,,573巷,3弄,,,21號,121.243354472518,24.9117192013788
桃園市平鎮區建安里30鄰平東路573巷3弄22號,68,6801000,6801000-023,30鄰,平東路,,573巷,3弄,,,22號,121.243022568961,24.9121414608261
桃園市平鎮區建安里30鄰平東路573巷3弄23號,68,6801000,6801000-023,30鄰,平東路,,573巷,3弄,,,23號,121.243388166784,24.9116361750644
桃園市平鎮區建安里30鄰平東路573巷3弄24號,68,6801000,6801000-023,30鄰,平東路,,573巷,3弄,,,24號,121.243043568592,24.9120970969846
桃園市平鎮區建安里30鄰平東路573巷3弄25號,68,6801000,6801000-023,30鄰,平東路,,573巷,3弄,,,25號,121.243422108038,24.9115276881463
桃園市平鎮區建安里30鄰平東路573巷3弄26號,68,6801000,6801000-023,30鄰,平東路,,573巷,3弄,,,26號,121.243060421458,24.9120584278129
桃園市平鎮區建安里30鄰平東路573巷3弄27號,68,6801000,6801000-023,30鄰,平東路,,573巷,3弄,,,27號,121.24344739136,24.9114466618
桃園市平鎮區建安里30鄰平東路573巷3弄28號,68,6801000,6801000-023,30鄰,平東路,,573巷,3弄,,,28號,121.243073120311,24.9120217516652
桃園市平鎮區建安里30鄰平東路573巷3弄29號,68,6801000,6801000-023,30鄰,平東路,,573巷,3弄,,,29號,121.243491564106,24.9113559441849
桃園市平鎮區建安里30鄰平東路573巷3弄30號,68,6801000,6801000-023,30鄰,平東路,,573巷,3弄,,,30號,121.243078300658,24.911987796301
桃園市平鎮區建安里30鄰平東路573巷3弄32號,68,6801000,6801000-023,30鄰,平東路,,573巷,3弄,,,32號,121.243093078445,24.9119511167631
桃園市平鎮區建安里30鄰平東路573巷3弄34號,68,6801000,6801000-023,30鄰,平東路,,573巷,3弄,,,34號,121.243105670672,24.9119105585583
桃園市平鎮區建安里30鄰平東路573巷3弄36號,68,6801000,6801000-023,30鄰,平東路,,573巷,3弄,,,36號,121.243134803847,24.9118237477928
桃園市平鎮區建安里30鄰平東路573巷3弄38號,68,6801000,6801000-023,30鄰,平東路,,573巷,3弄,,,38號,121.243145324714,24.9117870751885
桃園市平鎮區建安里30鄰平東路573巷3弄40號,68,6801000,6801000-023,30鄰,平東路,,573巷,3弄,,,40號,121.243154157667,24.9117478773728
桃園市平鎮區建安里30鄰平東路573巷3弄42號,68,6801000,6801000-023,30鄰,平東路,,573巷,3弄,,,42號,121.243171018239,24.9117131806869
桃園市平鎮區建安里30鄰平東路573巷3弄46號,68,6801000,6801000-023,30鄰,平東路,,573巷,3弄,,,46號,121.243192021463,24.9116707127887
桃園市平鎮區建安里30鄰平東路573巷3弄48號,68,6801000,6801000-023,30鄰,平東路,,573巷,3弄,,,48號,121.243192826948,24.9116271041248
桃園市平鎮區建安里30鄰平東路573巷3弄50號,68,6801000,6801000-023,30鄰,平東路,,573巷,3弄,,,50號,121.243224843438,24.9115971677912
桃園市平鎮區建安里30鄰平東路573巷3弄52號,68,6801000,6801000-023,30鄰,平東路,,573巷,3弄,,,52號,121.243233277709,24.9115566163546
桃園市平鎮區建安里30鄰平東路573巷3弄54號,68,6801000,6801000-023,30鄰,平東路,,573巷,3弄,,,54號,121.243237462711,24.9115199540752
桃園市平鎮區建安里30鄰平東路573巷3弄56號,68,6801000,6801000-023,30鄰,平東路,,573巷,3弄,,,56號,121.243265990895,24.9114781058843
桃園市平鎮區建安里30鄰平東路573巷3弄58號,68,6801000,6801000-023,30鄰,平東路,,573巷,3弄,,,58號,121.243272854294,24.9114442380506
桃園市平鎮區建安里30鄰平東路573巷3弄60號,68,6801000,6801000-023,30鄰,平東路,,573巷,3弄,,,60號,121.243289707178,24.9114056591349
桃園市平鎮區建安里30鄰平東路573巷3弄62號,68,6801000,6801000-023,30鄰,平東路,,573巷,3弄,,,62號,121.243306563771,24.9113689761829
桃園市平鎮區建安里30鄰平東路573巷3弄64號,68,6801000,6801000-023,30鄰,平東路,,573巷,3弄,,,64號,121.243323393968,24.9113188409004
桃園市平鎮區建安里5鄰平東路573巷50號,68,6801000,6801000-023,5鄰,平東路,,573巷,,,,50號,121.242653164348,24.9111070422376
桃園市平鎮區建安里5鄰平東路573巷68號,68,6801000,6801000-023,5鄰,平東路,,573巷,,,,68號,121.242628483413,24.9109395145801
桃園市平鎮區建安里5鄰平東路573巷80弄1號,68,6801000,6801000-023,5鄰,平東路,,573巷,80弄,,,1號,121.242869788102,24.910711785781
桃園市平鎮區建安里5鄰平東路573巷80弄2之1號,68,6801000,6801000-023,5鄰,平東路,,573巷,80弄,,,2之1號,121.242758239486,24.9108235588721
桃園市平鎮區建安里5鄰平東路573巷80弄2號,68,6801000,6801000-023,5鄰,平東路,,573巷,80弄,,,2號,121.242815595764,24.9108425155138
桃園市平鎮區建安里5鄰平東路573巷80弄3號,68,6801000,6801000-023,5鄰,平東路,,573巷,80弄,,,3號,121.242809953077,24.9106908469382
桃園市平鎮區建安里5鄰平東路573巷80弄5號,68,6801000,6801000-023,5鄰,平東路,,573巷,80弄,,,5號,121.242755762812,24.9106708920125
桃園市平鎮區建安里5鄰平東路573巷80弄6號,68,6801000,6801000-023,5鄰,平東路,,573巷,80弄,,,6號,121.242701871247,24.9108036074722
桃園市平鎮區建安里5鄰平東路573巷80弄7號,68,6801000,6801000-023,5鄰,平東路,,573巷,80弄,,,7號,121.242701574507,24.9106519301919
桃園市平鎮區建安里5鄰平東路573巷80弄8號,68,6801000,6801000-023,5鄰,平東路,,573巷,80弄,,,8號,121.24264688986,24.9107841052166
桃園市平鎮區建安里5鄰平東路573巷80弄9號,68,6801000,6801000-023,5鄰,平東路,,573巷,80弄,,,9號,121.242645305352,24.9106319786085
桃園市平鎮區建安里5鄰平東路573巷80弄10號,68,6801000,6801000-023,5鄰,平東路,,573巷,80弄,,,10號,121.242590719826,24.9107642437363
桃園市平鎮區建安里5鄰平東路573巷80弄11號,68,6801000,6801000-023,5鄰,平東路,,573巷,80弄,,,11號,121.242590024942,24.9106113934048
桃園市平鎮區建安里5鄰平東路573巷80弄12號,68,6801000,6801000-023,5鄰,平東路,,573巷,80弄,,,12號,121.24253702737,24.9107457324718
桃園市平鎮區建安里5鄰平東路573巷80弄13號,68,6801000,6801000-023,5鄰,平東路,,573巷,80弄,,,13號,121.242535341706,24.9105924323284
桃園市平鎮區建安里5鄰平東路573巷80弄14號,68,6801000,6801000-023,5鄰,平東路,,573巷,80弄,,,14號,121.242481255121,24.910726773147
桃園市平鎮區建安里5鄰平東路573巷80弄15號,68,6801000,6801000-023,5鄰,平東路,,573巷,80弄,,,15號,121.242479567586,24.9105724798769
桃園市平鎮區建安里5鄰平東路573巷80弄16號,68,6801000,6801000-023,5鄰,平東路,,573巷,80弄,,,16號,121.242425977695,24.9107077227125
桃園市平鎮區建安里5鄰平東路573巷80弄17號,68,6801000,6801000-023,5鄰,平東路,,573巷,80弄,,,17號,121.242424486457,24.9105525262782
桃園市平鎮區建安里5鄰平東路573巷80弄18號,68,6801000,6801000-023,5鄰,平東路,,573巷,80弄,,,18號,121.242370204069,24.9106880410731
桃園市平鎮區建安里5鄰平東路573巷80弄19號,68,6801000,6801000-023,5鄰,平東路,,573巷,80弄,,,19號,121.242372873216,24.9105341018583
桃園市平鎮區建安里5鄰平東路573巷80弄20號,68,6801000,6801000-023,5鄰,平東路,,573巷,80弄,,,20號,121.242317104775,24.910669077343
桃園市平鎮區建安里5鄰平東路573巷80弄21號,68,6801000,6801000-023,5鄰,平東路,,573巷,80弄,,,21號,121.242312839309,24.9105126214314
桃園市平鎮區建安里5鄰平東路573巷80弄22號,68,6801000,6801000-023,5鄰,平東路,,573巷,80弄,,,22號,121.242260737557,24.9106495771954
桃園市平鎮區建安里5鄰平東路573巷80弄23號,68,6801000,6801000-023,5鄰,平東路,,573巷,80弄,,,23號,121.24225805628,24.9104932089928
桃園市平鎮區建安里5鄰平東路573巷80弄24號,68,6801000,6801000-023,5鄰,平東路,,573巷,80弄,,,24號,121.242204965393,24.9106306177664
桃園市平鎮區建安里5鄰平東路573巷80弄25號,68,6801000,6801000-023,5鄰,平東路,,573巷,80弄,,,25號,121.242202282248,24.9104732564367
桃園市平鎮區建安里5鄰平東路573巷80弄26號,68,6801000,6801000-023,5鄰,平東路,,573巷,80弄,,,26號,121.242146517525,24.9106102181101
桃園市平鎮區建安里5鄰平東路573巷80弄27號,68,6801000,6801000-023,5鄰,平東路,,573巷,80弄,,,27號,121.242149775991,24.9104537499765
桃園市平鎮區建安里5鄰平東路573巷80弄28號,68,6801000,6801000-023,5鄰,平東路,,573巷,80弄,,,28號,121.242104711458,24.9105951181979
桃園市平鎮區建安里5鄰平東路573巷82弄1號,68,6801000,6801000-023,5鄰,平東路,,573巷,82弄,,,1號,121.242962351054,24.9104090017762
桃園市平鎮區建安里5鄰平東路573巷82弄2號,68,6801000,6801000-023,5鄰,平東路,,573巷,82弄,,,2號,121.242933623977,24.9105514270425
桃園市平鎮區建安里5鄰平東路573巷82弄3號,68,6801000,6801000-023,5鄰,平東路,,573巷,82弄,,,3號,121.242913014706,24.9103905738341
桃園市平鎮區建安里5鄰平東路573巷82弄4號,68,6801000,6801000-023,5鄰,平東路,,573巷,82弄,,,4號,121.242893897819,24.9105368656704
桃園市平鎮區建安里5鄰平東路573巷82弄5號,68,6801000,6801000-023,5鄰,平東路,,573巷,82弄,,,5號,121.242875567105,24.9103768213052
桃園市平鎮區建安里5鄰平東路573巷82弄6號,68,6801000,6801000-023,5鄰,平東路,,573巷,82弄,,,6號,121.242855854607,24.9105223015476
桃園市平鎮區建安里5鄰平東路573巷82弄7號,68,6801000,6801000-023,5鄰,平東路,,573巷,82弄,,,7號,121.242838514789,24.9103627069856
桃園市平鎮區建安里5鄰平東路573巷82弄8號,68,6801000,6801000-023,5鄰,平東路,,573巷,82弄,,,8號,121.242816129351,24.9105081915751
桃園市平鎮區建安里5鄰平東路573巷82弄9號,68,6801000,6801000-023,5鄰,平東路,,573巷,82弄,,,9號,121.242798193666,24.9103476048497
桃園市平鎮區建安里5鄰平東路573巷82弄10號,68,6801000,6801000-023,5鄰,平東路,,573巷,82弄,,,10號,121.242775908062,24.910493540693
桃園市平鎮區建安里5鄰平東路573巷82弄11號,68,6801000,6801000-023,5鄰,平東路,,573巷,82弄,,,11號,121.242758962569,24.9103330426349
桃園市平鎮區建安里5鄰平東路573巷82弄12號,68,6801000,6801000-023,5鄰,平東路,,573巷,82弄,,,12號,121.242738361448,24.9104797882911
桃園市平鎮區建安里5鄰平東路573巷82弄13號,68,6801000,6801000-023,5鄰,平東路,,573巷,82弄,,,13號,121.242720424278,24.910318388998
桃園市平鎮區建安里5鄰平東路573巷82弄14號,68,6801000,6801000-023,5鄰,平東路,,573巷,82弄,,,14號,121.242699724294,24.9104652250947
桃園市平鎮區建安里5鄰平東路573巷82弄15號,68,6801000,6801000-023,5鄰,平東路,,573巷,82弄,,,15號,121.242681789119,24.9103048189213
桃園市平鎮區建安里5鄰平東路573巷82弄16號,68,6801000,6801000-023,5鄰,平東路,,573巷,82弄,,,16號,121.242659999073,24.9104511150802
桃園市平鎮區建安里5鄰平東路573巷82弄17號,68,6801000,6801000-023,5鄰,平東路,,573巷,82弄,,,17號,121.242643150084,24.9102892625843
桃園市平鎮區建安里5鄰平東路573巷82弄18號,68,6801000,6801000-023,5鄰,平東路,,573巷,82弄,,,18號,121.242621955914,24.9104365508971
桃園市平鎮區建安里5鄰平東路573巷82弄19號,68,6801000,6801000-023,5鄰,平東路,,573巷,82弄,,,19號,121.242606396398,24.9102759602803
桃園市平鎮區建安里5鄰平東路573巷82弄20號,68,6801000,6801000-023,5鄰,平東路,,573巷,82弄,,,20號,121.242584409511,24.9104228887402
桃園市平鎮區建安里5鄰平東路573巷82弄21號,68,6801000,6801000-023,5鄰,平東路,,573巷,82弄,,,21號,121.242567264343,24.9102613978537
桃園市平鎮區建安里5鄰平東路573巷82弄22號,68,6801000,6801000-023,5鄰,平東路,,573巷,82弄,,,22號,121.242545278294,24.9104087777289
桃園市平鎮區建安里5鄰平東路573巷82弄23號,68,6801000,6801000-023,5鄰,平東路,,573巷,82弄,,,23號,121.242527637492,24.9102469265056
桃園市平鎮區建安里5鄰平東路573巷82弄24號,68,6801000,6801000-023,5鄰,平東路,,573巷,82弄,,,24號,121.242504959132,24.9103946686387
桃園市平鎮區建安里5鄰平東路573巷82弄25號,68,6801000,6801000-023,5鄰,平東路,,573巷,82弄,,,25號,121.242489000259,24.9102322729693
桃園市平鎮區建安里5鄰平東路573巷82弄26號,68,6801000,6801000-023,5鄰,平東路,,573巷,82弄,,,26號,121.242464738092,24.910380107956
桃園市平鎮區建安里5鄰平東路573巷82弄27號,68,6801000,6801000-023,5鄰,平東路,,573巷,82弄,,,27號,121.242450463089,24.9102181609666
桃園市平鎮區建安里5鄰平東路573巷82弄28號,68,6801000,6801000-023,5鄰,平東路,,573巷,82弄,,,28號,121.242428873776,24.9103659916033
桃園市平鎮區建安里5鄰平東路573巷82弄29號,68,6801000,6801000-023,5鄰,平東路,,573巷,82弄,,,29號,121.242410736211,24.9102031480434
桃園市平鎮區建安里5鄰平東路573巷82弄30號,68,6801000,6801000-023,5鄰,平東路,,573巷,82弄,,,30號,121.242389843001,24.9103526026627
桃園市平鎮區建安里5鄰平東路573巷82弄31號,68,6801000,6801000-023,5鄰,平東路,,573巷,82弄,,,31號,121.242372099005,24.9101884944765
桃園市平鎮區建安里5鄰平東路573巷82弄32號,68,6801000,6801000-023,5鄰,平東路,,573巷,82弄,,,32號,121.242350115029,24.9103370480194
桃園市平鎮區建安里5鄰平東路573巷82弄33號,68,6801000,6801000-023,5鄰,平東路,,573巷,82弄,,,33號,121.242333461984,24.9101739311836
桃園市平鎮區建安里5鄰平東路573巷82弄34號,68,6801000,6801000-023,5鄰,平東路,,573巷,82弄,,,34號,121.242310984747,24.9103233883665
桃園市平鎮區建安里5鄰平東路573巷82弄35號,68,6801000,6801000-023,5鄰,平東路,,573巷,82弄,,,35號,121.242294826736,24.9101602707217
桃園市平鎮區建安里5鄰平東路573巷82弄36號,68,6801000,6801000-023,5鄰,平東路,,573巷,82弄,,,36號,121.242272842672,24.9103088242544
桃園市平鎮區建安里5鄰平東路573巷82弄37號,68,6801000,6801000-023,5鄰,平東路,,573巷,82弄,,,37號,121.242251434046,24.910143728876
桃園市平鎮區建安里5鄰平東路573巷82弄38號,68,6801000,6801000-023,5鄰,平東路,,573巷,82弄,,,38號,121.242234207388,24.9102951637772
桃園市平鎮區建安里5鄰平東路573巷82弄40號,68,6801000,6801000-023,5鄰,平東路,,573巷,82弄,,,40號,121.242202603832,24.9102830267065
桃園市平鎮區建安里5鄰平東路573巷83弄1號,68,6801000,6801000-023,5鄰,平東路,,573巷,83弄,,,1號,121.243265447815,24.9104438992253
桃園市平鎮區建安里5鄰平東路573巷83弄3號,68,6801000,6801000-023,5鄰,平東路,,573巷,83弄,,,3號,121.243339951593,24.9104736618251
桃園市平鎮區建安里5鄰平東路573巷83弄5號,68,6801000,6801000-023,5鄰,平東路,,573巷,83弄,,,5號,121.243364153462,24.9106488643242
桃園市平鎮區建安里5鄰平東路573巷83弄7號,68,6801000,6801000-023,5鄰,平東路,,573巷,83弄,,,7號,121.243469809488,24.9106119461524
桃園市平鎮區建安里5鄰平東路573巷83弄11號,68,6801000,6801000-023,5鄰,平東路,,573巷,83弄,,,11號,121.243737329781,24.9105270933341
桃園市平鎮區建安里5鄰平東路573巷83弄13號,68,6801000,6801000-023,5鄰,平東路,,573巷,83弄,,,13號,121.243616608694,24.9104541602094
桃園市平鎮區建安里5鄰平東路573巷85號,68,6801000,6801000-023,5鄰,平東路,,573巷,,,,85號,121.243233309315,24.9102094830897
桃園市平鎮區建安里5鄰平東路573巷86號,68,6801000,6801000-023,5鄰,平東路,,573巷,,,,86號,121.242911727753,24.91023889816
桃園市平鎮區建安里5鄰平東路573巷115之1號,68,6801000,6801000-023,5鄰,平東路,,573巷,,,,115之1號,121.243168175292,24.909202196033
桃園市平鎮區建安里31鄰平東路589號,68,6801000,6801000-023,31鄰,平東路,,,,,,589號,121.241937704613,24.91191516625
桃園市平鎮區建安里6鄰平東路606號,68,6801000,6801000-023,6鄰,平東路,,,,,,606號,121.241187125687,24.9128428800934
桃園市平鎮區建安里6鄰平東路606之2號,68,6801000,6801000-023,6鄰,平東路,,,,,,606之2號,121.240858761872,24.9139717846524
桃園市平鎮區建安里6鄰平東路606之1號,68,6801000,6801000-023,6鄰,平東路,,,,,,606之1號,121.24094331057,24.9136676606665
桃園市平鎮區建安里31鄰平東路615號,68,6801000,6801000-023,31鄰,平東路,,,,,,615號,121.241103732321,24.9122637504257
桃園市平鎮區建安里6鄰平東路650巷17號,68,6801000,6801000-023,6鄰,平東路,,650巷,,,,17號,121.240487455028,24.9134816883712
桃園市平鎮區建安里6鄰平東路650巷18號,68,6801000,6801000-023,6鄰,平東路,,650巷,,,,18號,121.24047299184,24.9135279372837
桃園市平鎮區建安里6鄰平東路650巷19號,68,6801000,6801000-023,6鄰,平東路,,650巷,,,,19號,121.240459017859,24.9135712060221
桃園市平鎮區建安里6鄰平東路650巷20號,68,6801000,6801000-023,6鄰,平東路,,650巷,,,,20號,121.240445044043,24.9136145650431
桃園市平鎮區建安里6鄰平東路650巷21號,68,6801000,6801000-023,6鄰,平東路,,650巷,,,,21號,121.24043166316,24.9136573814006
桃園市平鎮區建安里6鄰平東路650巷22號,68,6801000,6801000-023,6鄰,平東路,,650巷,,,,22號,121.240417196081,24.9137016440574
桃園市平鎮區建安里6鄰平東路650巷23號,68,6801000,6801000-023,6鄰,平東路,,650巷,,,,23號,121.240402727942,24.9137453650081
桃園市平鎮區建安里6鄰平東路650巷24號,68,6801000,6801000-023,6鄰,平東路,,650巷,,,,24號,121.240389249082,24.9137887232252
桃園市平鎮區建安里6鄰平東路650巷25號,68,6801000,6801000-023,6鄰,平東路,,650巷,,,,25號,121.240375375442,24.9138327140677
桃園市平鎮區建安里6鄰平東路650巷26號,68,6801000,6801000-023,6鄰,平東路,,650巷,,,,26號,121.240362485833,24.9138736336548
桃園市平鎮區建安里6鄰平東路650巷27號,68,6801000,6801000-023,6鄰,平東路,,650巷,,,,27號,121.24034851265,24.9139173538018
桃園市平鎮區建安里6鄰平東路650巷28號,68,6801000,6801000-023,6鄰,平東路,,650巷,,,,28號,121.240333648116,24.9139608948149
桃園市平鎮區建安里6鄰平東路650巷29號,68,6801000,6801000-023,6鄰,平東路,,650巷,,,,29號,121.240319676138,24.9140052469474
桃園市平鎮區建安里6鄰平東路650巷30號,68,6801000,6801000-023,6鄰,平東路,,650巷,,,,30號,121.240306789992,24.9140479722103
桃園市平鎮區建安里6鄰平東路650巷31號,68,6801000,6801000-023,6鄰,平東路,,650巷,,,,31號,121.240292322474,24.9140920542852
桃園市平鎮區建安里6鄰平東路650巷32號,68,6801000,6801000-023,6鄰,平東路,,650巷,,,,32號,121.240278742791,24.9141345098097
桃園市平鎮區建安里6鄰平東路650巷33號,68,6801000,6801000-023,6鄰,平東路,,650巷,,,,33號,121.240264277526,24.9141797655744
桃園市平鎮區建安里6鄰平東路650巷34號,68,6801000,6801000-023,6鄰,平東路,,650巷,,,,34號,121.240249708006,24.9142223129749
桃園市平鎮區建安里6鄰平東路650巷35號,68,6801000,6801000-023,6鄰,平東路,,650巷,,,,35號,121.240235732122,24.9142646788488
桃園市平鎮區建安里6鄰平東路650巷36號,68,6801000,6801000-023,6鄰,平東路,,650巷,,,,36號,121.24022284697,24.9143079458079
桃園市平鎮區建安里6鄰平東路650巷37號,68,6801000,6801000-023,6鄰,平東路,,650巷,,,,37號,121.240208476819,24.9143512151575
桃園市平鎮區建安里6鄰平東路650巷38號,68,6801000,6801000-023,6鄰,平東路,,650巷,,,,38號,121.240195590774,24.9143940306935
桃園市平鎮區建安里6鄰平東路650巷39號,68,6801000,6801000-023,6鄰,平東路,,650巷,,,,39號,121.2401789597,24.9144456098413
桃園市平鎮區建安里6鄰平東路650巷43號,68,6801000,6801000-023,6鄰,平東路,,650巷,,,,43號,121.240341549377,24.9146154436194
桃園市平鎮區建安里6鄰平東路650巷45號,68,6801000,6801000-023,6鄰,平東路,,650巷,,,,45號,121.240244471846,24.9147390187338
桃園市平鎮區建安里7鄰平東路652號,68,6801000,6801000-023,7鄰,平東路,,,,,,652號,121.240440890891,24.9126977340302
桃園市平鎮區建安里7鄰平東路654號,68,6801000,6801000-023,7鄰,平東路,,,,,,654號,121.240390495112,24.9126948358819
桃園市平鎮區建安里7鄰平東路656號,68,6801000,6801000-023,7鄰,平東路,,,,,,656號,121.240336829427,24.9126904081516
桃園市平鎮區建安里7鄰平東路658號,68,6801000,6801000-023,7鄰,平東路,,,,,,658號,121.240283758783,24.9126865211494
桃園市平鎮區建安里31鄰平東路659巷2之1號,68,6801000,6801000-023,31鄰,平東路,,659巷,,,,2之1號,121.240095815381,24.9119985860344
桃園市平鎮區建安里31鄰平東路659巷2號,68,6801000,6801000-023,31鄰,平東路,,659巷,,,,2號,121.240051014134,24.9120728719069
桃園市平鎮區建安里31鄰平東路659巷6號,68,6801000,6801000-023,31鄰,平東路,,659巷,,,,6號,121.240125683167,24.9119321789323
桃園市平鎮區建安里31鄰平東路659巷8號,68,6801000,6801000-023,31鄰,平東路,,659巷,,,,8號,121.240161974389,24.9118598929962
桃園市平鎮區建安里31鄰平東路659巷10號,68,6801000,6801000-023,31鄰,平東路,,659巷,,,,10號,121.240187478533,24.9117895203944
桃園市平鎮區建安里31鄰平東路659巷12號,68,6801000,6801000-023,31鄰,平東路,,659巷,,,,12號,121.240221614467,24.9117289748833
桃園市平鎮區建安里31鄰平東路659巷14號,68,6801000,6801000-023,31鄰,平東路,,659巷,,,,14號,121.240251459216,24.9116507405374
桃園市平鎮區建安里31鄰平東路659巷16號,68,6801000,6801000-023,31鄰,平東路,,659巷,,,,16號,121.240279148899,24.9115843369109
桃園市平鎮區建安里31鄰平東路659巷18號,68,6801000,6801000-023,31鄰,平東路,,659巷,,,,18號,121.240304744397,24.9115100819116
桃園市平鎮區建安里31鄰平東路659巷20號,68,6801000,6801000-023,31鄰,平東路,,659巷,,,,20號,121.240343121853,24.9114416747959
桃園市平鎮區建安里31鄰平東路659巷22號,68,6801000,6801000-023,31鄰,平東路,,659巷,,,,22號,121.240375424588,24.9113547691613
桃園市平鎮區建安里31鄰平東路659巷24號,68,6801000,6801000-023,31鄰,平東路,,659巷,,,,24號,121.240398569554,24.9112931579076
桃園市平鎮區建安里31鄰平東路659巷26號,68,6801000,6801000-023,31鄰,平東路,,659巷,,,,26號,121.240424069775,24.9112208892957
桃園市平鎮區建安里31鄰平東路659巷28號,68,6801000,6801000-023,31鄰,平東路,,659巷,,,,28號,121.240459652766,24.9111409302512
桃園市平鎮區建安里31鄰平東路659巷30號,68,6801000,6801000-023,31鄰,平東路,,659巷,,,,30號,121.240487525517,24.9110669423991
桃園市平鎮區建安里31鄰平東路659巷31號,68,6801000,6801000-023,31鄰,平東路,,659巷,,,,31號,121.241182255505,24.911356355771
桃園市平鎮區建安里31鄰平東路659巷32號,68,6801000,6801000-023,31鄰,平東路,,659巷,,,,32號,121.240526408399,24.9110040417664
桃園市平鎮區建安里31鄰平東路659巷33號,68,6801000,6801000-023,31鄰,平東路,,659巷,,,,33號,121.241450167738,24.9103522307803
桃園市平鎮區建安里31鄰平東路659巷34號,68,6801000,6801000-023,31鄰,平東路,,659巷,,,,34號,121.24057113702,24.9108926489773
桃園市平鎮區建安里31鄰平東路659巷35號,68,6801000,6801000-023,31鄰,平東路,,659巷,,,,35號,121.241466480807,24.9099343681911
桃園市平鎮區建安里31鄰平東路659巷35之1號,68,6801000,6801000-023,31鄰,平東路,,659巷,,,,35之1號,121.24166341007,24.9099476822017
桃園市平鎮區建安里31鄰平東路659巷36號,68,6801000,6801000-023,31鄰,平東路,,659巷,,,,36號,121.240605223144,24.9108066432558
桃園市平鎮區建安里31鄰平東路659巷37號,68,6801000,6801000-023,31鄰,平東路,,659巷,,,,37號,121.242083850078,24.9089347317109
桃園市平鎮區建安里31鄰平東路659巷38號,68,6801000,6801000-023,31鄰,平東路,,659巷,,,,38號,121.240735328976,24.9106149401259
桃園市平鎮區建安里31鄰平東路659巷42號,68,6801000,6801000-023,31鄰,平東路,,659巷,,,,42號,121.24089601491,24.9100615082017
桃園市平鎮區建安里31鄰平東路659巷42之1號,68,6801000,6801000-023,31鄰,平東路,,659巷,,,,42之1號,121.24089601491,24.9100615082017
桃園市平鎮區建安里31鄰平東路659巷42之3號,68,6801000,6801000-023,31鄰,平東路,,659巷,,,,42之3號,121.24089601491,24.9100615082017
桃園市平鎮區建安里31鄰平東路659巷42之2號,68,6801000,6801000-023,31鄰,平東路,,659巷,,,,42之2號,121.24089601491,24.9100615082017
桃園市平鎮區建安里31鄰平東路659巷46號,68,6801000,6801000-023,31鄰,平東路,,659巷,,,,46號,121.241219157862,24.9094094937195
桃園市平鎮區建安里31鄰平東路659巷48號,68,6801000,6801000-023,31鄰,平東路,,659巷,,,,48號,121.241364164653,24.9090929025855
桃園市平鎮區建安里31鄰平東路659巷50號,68,6801000,6801000-023,31鄰,平東路,,659巷,,,,50號,121.241470767936,24.908881825668
桃園市平鎮區建安里31鄰平東路659巷52號,68,6801000,6801000-023,31鄰,平東路,,659巷,,,,52號,121.241554053577,24.9087450002196
桃園市平鎮區建安里31鄰平東路659巷56之1號,68,6801000,6801000-023,31鄰,平東路,,659巷,,,,56之1號,121.241597962012,24.9084674851059
桃園市平鎮區建安里31鄰平東路659巷56號,68,6801000,6801000-023,31鄰,平東路,,659巷,,,,56號,121.241658231153,24.9086103077038
桃園市平鎮區建安里5鄰平東路659巷59之1號,68,6801000,6801000-023,5鄰,平東路,,659巷,,,,59之1號,121.242787511687,24.9079749481699
桃園市平鎮區建安里5鄰平東路659巷111號,68,6801000,6801000-023,5鄰,平東路,,659巷,,,,111號,121.244177566506,24.9065024877196
桃園市平鎮區建安里5鄰平東路659巷113號,68,6801000,6801000-023,5鄰,平東路,,659巷,,,,113號,121.244289189383,24.9068332876661
桃園市平鎮區建安里5鄰平東路659巷115號,68,6801000,6801000-023,5鄰,平東路,,659巷,,,,115號,121.244080969714,24.9070162738984
桃園市平鎮區建安里5鄰平東路659巷119號,68,6801000,6801000-023,5鄰,平東路,,659巷,,,,119號,121.244433272006,24.9062540576172
桃園市平鎮區建安里5鄰平東路659巷175號,68,6801000,6801000-023,5鄰,平東路,,659巷,,,,175號,121.244674810234,24.9096649676998
桃園市平鎮區建安里7鄰平東路660號,68,6801000,6801000-023,7鄰,平東路,,,,,,660號,121.240234351069,24.9126826282284
桃園市平鎮區建安里31鄰平東路661號,68,6801000,6801000-023,31鄰,平東路,,,,,,661號,121.24019927498,24.9123089074217
桃園市平鎮區建安里7鄰平東路662號,68,6801000,6801000-023,7鄰,平東路,,,,,,662號,121.240182371333,24.912679732561
桃園市平鎮區建安里31鄰平東路663號,68,6801000,6801000-023,31鄰,平東路,,,,,,663號,121.240087857269,24.9122857031639
桃園市平鎮區建安里7鄰平東路664號,68,6801000,6801000-023,7鄰,平東路,,,,,,664號,121.240125438726,24.9126753100155
桃園市平鎮區建安里31鄰平東路665號,68,6801000,6801000-023,31鄰,平東路,,,,,,665號,121.24004047958,24.912256437
桃園市平鎮區建安里8鄰平東路666巷1弄2號,68,6801000,6801000-023,8鄰,平東路,,666巷,1弄,,,2號,121.239787669365,24.9128356567817
桃園市平鎮區建安里8鄰平東路666巷1弄4號,68,6801000,6801000-023,8鄰,平東路,,666巷,1弄,,,4號,121.239727056843,24.912822482417
桃園市平鎮區建安里8鄰平東路666巷1弄6號,68,6801000,6801000-023,8鄰,平東路,,666巷,1弄,,,6號,121.239661592552,24.9128088644021
桃園市平鎮區建安里8鄰平東路666巷1弄8號,68,6801000,6801000-023,8鄰,平東路,,666巷,1弄,,,8號,121.239609595858,24.9127972109786
桃園市平鎮區建安里7鄰平東路666巷2號,68,6801000,6801000-023,7鄰,平東路,,666巷,,,,2號,121.240098258828,24.9128006684782
桃園市平鎮區建安里8鄰平東路666巷3號,68,6801000,6801000-023,8鄰,平東路,,666巷,,,,3號,121.239924726124,24.9128578268888
桃園市平鎮區建安里7鄰平東路666巷4弄1號,68,6801000,6801000-023,7鄰,平東路,,666巷,4弄,,,1號,121.24019897672,24.912921758211
桃園市平鎮區建安里7鄰平東路666巷4弄2號,68,6801000,6801000-023,7鄰,平東路,,666巷,4弄,,,2號,121.240203930042,24.9128212637323
桃園市平鎮區建安里7鄰平東路666巷4弄3號,68,6801000,6801000-023,7鄰,平東路,,666巷,4弄,,,3號,121.24025265649,24.9129334087169
桃園市平鎮區建安里7鄰平東路666巷4弄4號,68,6801000,6801000-023,7鄰,平東路,,666巷,4弄,,,4號,121.24026672337,24.9128358789396
桃園市平鎮區建安里7鄰平東路666巷4弄5號,68,6801000,6801000-023,7鄰,平東路,,666巷,4弄,,,5號,121.240310596168,24.9129465871739
桃園市平鎮區建安里7鄰平東路666巷4弄6號,68,6801000,6801000-023,7鄰,平東路,,666巷,4弄,,,6號,121.240327337878,24.9128500462095
桃園市平鎮區建安里7鄰平東路666巷4弄7號,68,6801000,6801000-023,7鄰,平東路,,666巷,4弄,,,7號,121.240366356847,24.9129592274139
桃園市平鎮區建安里7鄰平東路666巷4弄8號,68,6801000,6801000-023,7鄰,平東路,,666巷,4弄,,,8號,121.240391120167,24.9128641180645
桃園市平鎮區建安里8鄰平東路666巷5號,68,6801000,6801000-023,8鄰,平東路,,666巷,,,,5號,121.239912047906,24.9129056979989
桃園市平鎮區建安里7鄰平東路666巷6號,68,6801000,6801000-023,7鄰,平東路,,666巷,,,,6號,121.240074084043,24.9128930683026
桃園市平鎮區建安里8鄰平東路666巷7號,68,6801000,6801000-023,8鄰,平東路,,666巷,,,,7號,121.239901135759,24.9129453503893
桃園市平鎮區建安里7鄰平東路666巷8號,68,6801000,6801000-023,7鄰,平東路,,666巷,,,,8號,121.240063375186,24.9129354289085
桃園市平鎮區建安里8鄰平東路666巷9號,68,6801000,6801000-023,8鄰,平東路,,666巷,,,,9號,121.239890425791,24.9129871692785
桃園市平鎮區建安里7鄰平東路666巷10號,68,6801000,6801000-023,7鄰,平東路,,666巷,,,,10號,121.240053158343,24.9129762538873
桃園市平鎮區建安里8鄰平東路666巷11號,68,6801000,6801000-023,8鄰,平東路,,666巷,,,,11號,121.239879615072,24.913028085485
桃園市平鎮區建安里7鄰平東路666巷12號,68,6801000,6801000-023,7鄰,平東路,,666巷,,,,12號,121.240041362413,24.9130196093689
桃園市平鎮區建安里8鄰平東路666巷13弄1號,68,6801000,6801000-023,8鄰,平東路,,666巷,13弄,,,1號,121.239747582965,24.9129934480182
桃園市平鎮區建安里8鄰平東路666巷13弄2號,68,6801000,6801000-023,8鄰,平東路,,666巷,13弄,,,2號,121.239721925523,24.9130872044338
桃園市平鎮區建安里8鄰平東路666巷13弄3號,68,6801000,6801000-023,8鄰,平東路,,666巷,13弄,,,3號,121.239684299335,24.9129812710586
桃園市平鎮區建安里8鄰平東路666巷13弄4號,68,6801000,6801000-023,8鄰,平東路,,666巷,13弄,,,4號,121.239661906874,24.9130740290892
桃園市平鎮區建安里8鄰平東路666巷13弄5號,68,6801000,6801000-023,8鄰,平東路,,666巷,13弄,,,5號,121.239625269852,24.9129676426872
桃園市平鎮區建安里8鄰平東路666巷13弄6號,68,6801000,6801000-023,8鄰,平東路,,666巷,13弄,,,6號,121.239600204395,24.9130604050036
桃園市平鎮區建安里8鄰平東路666巷13弄7號,68,6801000,6801000-023,8鄰,平東路,,666巷,13弄,,,7號,121.239566243172,24.9129554588378
桃園市平鎮區建安里8鄰平東路666巷13弄8號,68,6801000,6801000-023,8鄰,平東路,,666巷,13弄,,,8號,121.239539590038,24.9130463277228
桃園市平鎮區建安里7鄰平東路666巷14號,68,6801000,6801000-023,7鄰,平東路,,666巷,,,,14號,121.240030159417,24.913062422189
桃園市平鎮區建安里8鄰平東路666巷15號,68,6801000,6801000-023,8鄰,平東路,,666巷,,,,15號,121.239855531921,24.9131167834661
桃園市平鎮區建安里7鄰平東路666巷16弄1號,68,6801000,6801000-023,7鄰,平東路,,666巷,16弄,,,1號,121.240131758831,24.9131785449034
桃園市平鎮區建安里7鄰平東路666巷16弄2號,68,6801000,6801000-023,7鄰,平東路,,666巷,16弄,,,2號,121.240160377016,24.9130801791499
桃園市平鎮區建安里7鄰平東路666巷16弄3號,68,6801000,6801000-023,7鄰,平東路,,666巷,16弄,,,3號,121.240187617721,24.9131907336293
桃園市平鎮區建安里7鄰平東路666巷16弄4號,68,6801000,6801000-023,7鄰,平東路,,666巷,16弄,,,4號,121.24021296682,24.9130912897185
桃園市平鎮區建安里7鄰平東路666巷16弄5號,68,6801000,6801000-023,7鄰,平東路,,666巷,16弄,,,5號,121.24024605233,24.9132038210288
桃園市平鎮區建安里7鄰平東路666巷16弄6號,68,6801000,6801000-023,7鄰,平東路,,666巷,16弄,,,6號,121.240269222721,24.9131040194809
桃園市平鎮區建安里7鄰平東路666巷16弄7號,68,6801000,6801000-023,7鄰,平東路,,666巷,16弄,,,7號,121.240304487126,24.9132169986894
桃園市平鎮區建安里7鄰平東路666巷16弄8號,68,6801000,6801000-023,7鄰,平東路,,666巷,16弄,,,8號,121.240327161431,24.913116656226
桃園市平鎮區建安里8鄰平東路666巷17號,68,6801000,6801000-023,8鄰,平東路,,666巷,,,,17號,121.239844224093,24.9131566170565
桃園市平鎮區建安里7鄰平東路666巷18號,68,6801000,6801000-023,7鄰,平東路,,666巷,,,,18號,121.240008149744,24.9131482277569
桃園市平鎮區建安里8鄰平東路666巷19號,68,6801000,6801000-023,8鄰,平東路,,666巷,,,,19號,121.239833018223,24.9131979853162
桃園市平鎮區建安里7鄰平東路666巷20號,68,6801000,6801000-023,7鄰,平東路,,666巷,,,,20號,121.239996352734,24.9131910415297
桃園市平鎮區建安里8鄰平東路666巷21號,68,6801000,6801000-023,8鄰,平東路,,666巷,,,,21號,121.239821223941,24.9132422436208
桃園市平鎮區建安里7鄰平東路666巷22號,68,6801000,6801000-023,7鄰,平東路,,666巷,,,,22號,121.239986138819,24.9132334013323
桃園市平鎮區建安里8鄰平東路666巷23號,68,6801000,6801000-023,8鄰,平東路,,666巷,,,,23號,121.239810710871,24.91328352048
桃園市平鎮區建安里7鄰平東路666巷24號,68,6801000,6801000-023,7鄰,平東路,,666巷,,,,24號,121.239975428157,24.9132748590895
桃園市平鎮區建安里8鄰平東路666巷25弄1號,68,6801000,6801000-023,8鄰,平東路,,666巷,25弄,,,1號,121.23968341526,24.9132410206033
桃園市平鎮區建安里8鄰平東路666巷25弄2號,68,6801000,6801000-023,8鄰,平東路,,666巷,25弄,,,2號,121.239663220609,24.9133440675166
桃園市平鎮區建安里8鄰平東路666巷25弄3號,68,6801000,6801000-023,8鄰,平東路,,666巷,25弄,,,3號,121.23962072271,24.9132273981181
桃園市平鎮區建安里8鄰平東路666巷25弄4號,68,6801000,6801000-023,8鄰,平東路,,666巷,25弄,,,4號,121.239602606978,24.9133304416835
桃園市平鎮區建安里8鄰平東路666巷25弄5號,68,6801000,6801000-023,8鄰,平東路,,666巷,25弄,,,5號,121.239559517069,24.9132147663461
桃園市平鎮區建安里8鄰平東路666巷25弄6號,68,6801000,6801000-023,8鄰,平東路,,666巷,25弄,,,6號,121.239546252216,24.9133178021133
桃園市平鎮區建安里8鄰平東路666巷25弄7號,68,6801000,6801000-023,8鄰,平東路,,666巷,25弄,,,7號,121.239499497503,24.9132011395162
桃園市平鎮區建安里8鄰平東路666巷25弄8號,68,6801000,6801000-023,8鄰,平東路,,666巷,25弄,,,8號,121.239489403867,24.9133058855893
桃園市平鎮區建安里8鄰平東路666巷25弄10號,68,6801000,6801000-023,8鄰,平東路,,666巷,25弄,,,10號,121.239436811943,24.9132936913571
桃園市平鎮區建安里7鄰平東路666巷26號,68,6801000,6801000-023,7鄰,平東路,,666巷,,,,26號,121.239964915485,24.9133163165273
桃園市平鎮區建安里8鄰平東路666巷27號,68,6801000,6801000-023,8鄰,平東路,,666巷,,,,27號,121.23978741298,24.9133687863792
桃園市平鎮區建安里7鄰平東路666巷28弄1號,68,6801000,6801000-023,7鄰,平東路,,666巷,28弄,,,1號,121.240065821185,24.9134319889761
桃園市平鎮區建安里7鄰平東路666巷28弄2號,68,6801000,6801000-023,7鄰,平東路,,666巷,28弄,,,2號,121.240096016465,24.9133300093247
桃園市平鎮區建安里7鄰平東路666巷28弄3號,68,6801000,6801000-023,7鄰,平東路,,666巷,28弄,,,3號,121.240121582058,24.9134446293053
桃園市平鎮區建安里7鄰平東路666巷28弄4號,68,6801000,6801000-023,7鄰,平東路,,666巷,28弄,,,4號,121.240148014302,24.9133421139961
桃園市平鎮區建安里7鄰平東路666巷28弄5號,68,6801000,6801000-023,7鄰,平東路,,666巷,28弄,,,5號,121.240179026968,24.9134578086078
桃園市平鎮區建安里7鄰平東路666巷28弄6號,68,6801000,6801000-023,7鄰,平東路,,666巷,28弄,,,6號,121.240205955035,24.913355743912
桃園市平鎮區建安里7鄰平東路666巷28弄7號,68,6801000,6801000-023,7鄰,平東路,,666巷,28弄,,,7號,121.240237460828,24.9134704445888
桃園市平鎮區建安里7鄰平東路666巷28弄8號,68,6801000,6801000-023,7鄰,平東路,,666巷,28弄,,,8號,121.24026280767,24.9133698269801
桃園市平鎮區建安里8鄰平東路666巷29號,68,6801000,6801000-023,8鄰,平東路,,666巷,,,,29號,121.239775616746,24.9134120515544
桃園市平鎮區建安里7鄰平東路666巷30號,68,6801000,6801000-023,7鄰,平東路,,666巷,,,,30號,121.239941327335,24.9134050137223
桃園市平鎮區建安里8鄰平東路666巷31號,68,6801000,6801000-023,8鄰,平東路,,666巷,,,,31號,121.239764313752,24.9134544130919
桃園市平鎮區建安里7鄰平東路666巷32號,68,6801000,6801000-023,7鄰,平東路,,666巷,,,,32號,121.23993061839,24.9134473743164
桃園市平鎮區建安里8鄰平東路666巷33號,68,6801000,6801000-023,8鄰,平東路,,666巷,,,,33號,121.23975251471,24.9134962337197
桃園市平鎮區建安里7鄰平東路666巷34號,68,6801000,6801000-023,7鄰,平東路,,666巷,,,,34號,121.239919905596,24.9134877486598
桃園市平鎮區建安里8鄰平東路666巷35號,68,6801000,6801000-023,8鄰,平東路,,666巷,,,,35號,121.23974071758,24.9135390474712
桃園市平鎮區建安里7鄰平東路666巷36號,68,6801000,6801000-023,7鄰,平東路,,666巷,,,,36號,121.23990968971,24.9135291153309
桃園市平鎮區建安里8鄰平東路666巷37弄1號,68,6801000,6801000-023,8鄰,平東路,,666巷,37弄,,,1號,121.239622343471,24.9135026725405
桃園市平鎮區建安里8鄰平東路666巷37弄2之1號,68,6801000,6801000-023,8鄰,平東路,,666巷,37弄,,,2之1號,121.239536073307,24.9135834350595
桃園市平鎮區建安里8鄰平東路666巷37弄2號,68,6801000,6801000-023,8鄰,平東路,,666巷,37弄,,,2號,121.239595598939,24.9135975140881
桃園市平鎮區建安里8鄰平東路666巷37弄3號,68,6801000,6801000-023,8鄰,平東路,,666巷,37弄,,,3號,121.239562720801,24.913489586806
桃園市平鎮區建安里8鄰平東路666巷37弄5號,68,6801000,6801000-023,8鄰,平東路,,666巷,37弄,,,5號,121.239503790087,24.9134759582301
桃園市平鎮區建安里8鄰平東路666巷37弄6號,68,6801000,6801000-023,8鄰,平東路,,666巷,37弄,,,6號,121.239477637545,24.9135698056787
桃園市平鎮區建安里8鄰平東路666巷37弄7號,68,6801000,6801000-023,8鄰,平東路,,666巷,37弄,,,7號,121.239446346283,24.9134633203716
桃園市平鎮區建安里8鄰平東路666巷37弄8號,68,6801000,6801000-023,8鄰,平東路,,666巷,37弄,,,8號,121.239421282686,24.9135571660625
桃園市平鎮區建安里8鄰平東路666巷37弄9號,68,6801000,6801000-023,8鄰,平東路,,666巷,37弄,,,9號,121.239391081332,24.9134511304155
桃園市平鎮區建安里8鄰平東路666巷37弄10號,68,6801000,6801000-023,8鄰,平東路,,666巷,37弄,,,10號,121.239363342988,24.9135440775466
桃園市平鎮區建安里7鄰平東路666巷38號,68,6801000,6801000-023,7鄰,平東路,,666巷,,,,38號,121.239897398511,24.9135723813109
桃園市平鎮區建安里8鄰平東路666巷39號,68,6801000,6801000-023,8鄰,平東路,,666巷,,,,39號,121.239718313026,24.9136255759022
桃園市平鎮區建安里7鄰平東路666巷40弄1號,68,6801000,6801000-023,7鄰,平東路,,666巷,40弄,,,1號,121.240002466327,24.9136901236431
桃園市平鎮區建安里7鄰平東路666巷40弄2號,68,6801000,6801000-023,7鄰,平東路,,666巷,40弄,,,2號,121.240028902389,24.9135895043229
桃園市平鎮區建安里7鄰平東路666巷40弄3號,68,6801000,6801000-023,7鄰,平東路,,666巷,40弄,,,3號,121.240056644202,24.9137032179647
桃園市平鎮區建安里7鄰平東路666巷40弄4號,68,6801000,6801000-023,7鄰,平東路,,666巷,40弄,,,4號,121.240081988615,24.9136012461272
桃園市平鎮區建安里7鄰平東路666巷40弄5號,68,6801000,6801000-023,7鄰,平東路,,666巷,40弄,,,5號,121.240117853106,24.913717384359
桃園市平鎮區建安里7鄰平東路666巷40弄6號,68,6801000,6801000-023,7鄰,平東路,,666巷,40弄,,,6號,121.240138938426,24.913614335957
桃園市平鎮區建安里7鄰平東路666巷40弄7號,68,6801000,6801000-023,7鄰,平東路,,666巷,40弄,,,7號,121.240175200018,24.9137310152412
桃園市平鎮區建安里7鄰平東路666巷40弄8號,68,6801000,6801000-023,7鄰,平東路,,666巷,40弄,,,8號,121.24019895826,24.9136279625268
桃園市平鎮區建安里8鄰平東路666巷41號,68,6801000,6801000-023,8鄰,平東路,,666巷,,,,41號,121.239707206072,24.9136669439914
桃園市平鎮區建安里7鄰平東路666巷42之1號,68,6801000,6801000-023,7鄰,平東路,,666巷,,,,42之1號,121.239865665294,24.9136982887489
桃園市平鎮區建安里7鄰平東路666巷42號,68,6801000,6801000-023,7鄰,平東路,,666巷,,,,42號,121.239875883129,24.9136579152064
桃園市平鎮區建安里8鄰平東路666巷43號,68,6801000,6801000-023,8鄰,平東路,,666巷,,,,43號,121.239696493013,24.9137072280341
桃園市平鎮區建安里8鄰平東路666巷45號,68,6801000,6801000-023,8鄰,平東路,,666巷,,,,45號,121.239684697065,24.9137506737689
桃園市平鎮區建安里7鄰平東路666巷46號,68,6801000,6801000-023,7鄰,平東路,,666巷,,,,46號,121.239854958045,24.9137415521771
桃園市平鎮區建安里8鄰平東路666巷47號,68,6801000,6801000-023,8鄰,平東路,,666巷,,,,47號,121.239673887086,24.9137920413777
桃園市平鎮區建安里7鄰平東路666巷48號,68,6801000,6801000-023,7鄰,平東路,,666巷,,,,48號,121.239843161452,24.9137846367874
桃園市平鎮區建安里8鄰平東路666巷49弄1號,68,6801000,6801000-023,8鄰,平東路,,666巷,49弄,,,1號,121.239553724148,24.9137522384642
桃園市平鎮區建安里8鄰平東路666巷49弄2號,68,6801000,6801000-023,8鄰,平東路,,666巷,49弄,,,2號,121.23952937327,24.9138562851572
桃園市平鎮區建安里8鄰平東路666巷49弄2之1號,68,6801000,6801000-023,8鄰,平東路,,666巷,49弄,,,2之1號,121.239466088348,24.9138436566891
桃園市平鎮區建安里8鄰平東路666巷49弄3號,68,6801000,6801000-023,8鄰,平東路,,666巷,49弄,,,3號,121.239494200189,24.9137390622604
桃園市平鎮區建安里8鄰平東路666巷49弄5號,68,6801000,6801000-023,8鄰,平東路,,666巷,49弄,,,5號,121.239436259352,24.9137254320694
桃園市平鎮區建安里8鄰平東路666巷49弄6號,68,6801000,6801000-023,8鄰,平東路,,666巷,49弄,,,6號,121.239402208574,24.9138305777272
桃園市平鎮區建安里8鄰平東路666巷49弄7號,68,6801000,6801000-023,8鄰,平東路,,666巷,49弄,,,7號,121.239380993414,24.9137127906903
桃園市平鎮區建安里8鄰平東路666巷49弄8號,68,6801000,6801000-023,8鄰,平東路,,666巷,49弄,,,8號,121.239341596475,24.9138178546313
桃園市平鎮區建安里8鄰平東路666巷49弄9號,68,6801000,6801000-023,8鄰,平東路,,666巷,49弄,,,9號,121.239319884639,24.9136991655386
桃園市平鎮區建安里8鄰平東路666巷49弄10號,68,6801000,6801000-023,8鄰,平東路,,666巷,49弄,,,10號,121.239281477642,24.9138042278756
桃園市平鎮區建安里7鄰平東路666巷50號,68,6801000,6801000-023,7鄰,平東路,,666巷,,,,50號,121.239832943596,24.9138250103271
桃園市平鎮區建安里8鄰平東路666巷51號,68,6801000,6801000-023,8鄰,平東路,,666巷,,,,51號,121.239650494021,24.913879383944
桃園市平鎮區建安里7鄰平東路666巷52弄2號,68,6801000,6801000-023,7鄰,平東路,,666巷,52弄,,,2號,121.239964155104,24.9138443909732
桃園市平鎮區建安里7鄰平東路666巷52弄4號,68,6801000,6801000-023,7鄰,平東路,,666巷,52弄,,,4號,121.240016151222,24.9138555025634
桃園市平鎮區建安里7鄰平東路666巷52弄6號,68,6801000,6801000-023,7鄰,平東路,,666巷,52弄,,,6號,121.240073891562,24.9138677785855
桃園市平鎮區建安里7鄰平東路666巷52弄8號,68,6801000,6801000-023,7鄰,平東路,,666巷,52弄,,,8號,121.240133414769,24.9138805031364
桃園市平鎮區建安里8鄰平東路666巷53號,68,6801000,6801000-023,8鄰,平東路,,666巷,,,,53號,121.239638692983,24.913920211436
桃園市平鎮區建安里8鄰平東路666巷55弄1號,68,6801000,6801000-023,8鄰,平東路,,666巷,55弄,,,1號,121.239616928397,24.9140818554041
桃園市平鎮區建安里8鄰平東路666巷55弄2號,68,6801000,6801000-023,8鄰,平東路,,666巷,55弄,,,2號,121.239566786012,24.9142616921081
桃園市平鎮區建安里8鄰平東路666巷55弄3號,68,6801000,6801000-023,8鄰,平東路,,666巷,55弄,,,3號,121.239574538797,24.9140726242155
桃園市平鎮區建安里8鄰平東路666巷55弄5號,68,6801000,6801000-023,8鄰,平東路,,666巷,55弄,,,5號,121.239537892898,24.9140642866332
桃園市平鎮區建安里8鄰平東路666巷55弄6號,68,6801000,6801000-023,8鄰,平東路,,666巷,55弄,,,6號,121.239527070381,24.9142529983172
桃園市平鎮區建安里8鄰平東路666巷55弄7號,68,6801000,6801000-023,8鄰,平東路,,666巷,55弄,,,7號,121.239495700436,24.9140546036836
桃園市平鎮區建安里8鄰平東路666巷55弄8號,68,6801000,6801000-023,8鄰,平東路,,666巷,55弄,,,8號,121.239490621558,24.9142442089856
桃園市平鎮區建安里8鄰平東路666巷55弄9號,68,6801000,6801000-023,8鄰,平東路,,666巷,55弄,,,9號,121.239458659596,24.9140468084221
桃園市平鎮區建安里8鄰平東路666巷55弄10號,68,6801000,6801000-023,8鄰,平東路,,666巷,55弄,,,10號,121.239448728826,24.9142359700916
桃園市平鎮區建安里8鄰平東路666巷55弄11號,68,6801000,6801000-023,8鄰,平東路,,666巷,55弄,,,11號,121.239416864886,24.9140380276551
桃園市平鎮區建安里8鄰平東路666巷55弄12號,68,6801000,6801000-023,8鄰,平東路,,666巷,55弄,,,12號,121.239411784145,24.9142267301149
桃園市平鎮區建安里8鄰平東路666巷55弄13號,68,6801000,6801000-023,8鄰,平東路,,666巷,55弄,,,13號,121.239375366308,24.9140287949792
桃園市平鎮區建安里8鄰平東路666巷55弄14號,68,6801000,6801000-023,8鄰,平東路,,666巷,55弄,,,14號,121.239370484374,24.9142179485409
桃園市平鎮區建安里8鄰平東路666巷55弄16號,68,6801000,6801000-023,8鄰,平東路,,666巷,55弄,,,16號,121.239333937618,24.9142097010341
桃園市平鎮區建安里8鄰平東路666巷57弄1號,68,6801000,6801000-023,8鄰,平東路,,666巷,57弄,,,1號,121.239513819223,24.9144657295338
桃園市平鎮區建安里8鄰平東路666巷57弄3號,68,6801000,6801000-023,8鄰,平東路,,666巷,57弄,,,3號,121.239473606442,24.9144559531156
桃園市平鎮區建安里8鄰平東路666巷57弄5號,68,6801000,6801000-023,8鄰,平東路,,666巷,57弄,,,5號,121.239438743471,24.9144481543532
桃園市平鎮區建安里8鄰平東路666巷57弄7號,68,6801000,6801000-023,8鄰,平東路,,666巷,57弄,,,7號,121.239395756974,24.9144374795235
桃園市平鎮區建安里8鄰平東路666巷57弄9號,68,6801000,6801000-023,8鄰,平東路,,666巷,57弄,,,9號,121.239358218241,24.9144282404877
桃園市平鎮區建安里8鄰平東路666巷57弄11號,68,6801000,6801000-023,8鄰,平東路,,666巷,57弄,,,11號,121.239318501525,24.9144190049374
桃園市平鎮區建安里8鄰平東路666巷57弄13號,68,6801000,6801000-023,8鄰,平東路,,666巷,57弄,,,13號,121.239282052668,24.9144102155552
桃園市平鎮區建安里31鄰平東路667號,68,6801000,6801000-023,31鄰,平東路,,,,,,667號,121.239935683438,24.9122273534864
桃園市平鎮區建安里8鄰平東路668號,68,6801000,6801000-023,8鄰,平東路,,,,,,668號,121.23996979793,24.9126673446399
桃園市平鎮區建安里31鄰平東路669號,68,6801000,6801000-023,31鄰,平東路,,,,,,669號,121.239861785946,24.9122552799363
桃園市平鎮區建安里8鄰平東路670號,68,6801000,6801000-023,8鄰,平東路,,,,,,670號,121.239912962413,24.9126619287288
桃園市平鎮區建安里31鄰平東路671號,68,6801000,6801000-023,31鄰,平東路,,,,,,671號,121.239766343966,24.912251190032
桃園市平鎮區建安里8鄰平東路672號,68,6801000,6801000-023,8鄰,平東路,,,,,,672號,121.239863056936,24.9126565919354
桃園市平鎮區建安里31鄰平東路673號,68,6801000,6801000-023,31鄰,平東路,,,,,,673號,121.239672163145,24.9122337359521
桃園市平鎮區建安里8鄰平東路674號,68,6801000,6801000-023,8鄰,平東路,,,,,,674號,121.239809887322,24.9126527049236
桃園市平鎮區建安里31鄰平東路675號,68,6801000,6801000-023,31鄰,平東路,,,,,,675號,121.239592423104,24.9122095775714
桃園市平鎮區建安里8鄰平東路676號,68,6801000,6801000-023,8鄰,平東路,,,,,,676號,121.239759488783,24.9126483620164
桃園市平鎮區建安里31鄰平東路677號,68,6801000,6801000-023,31鄰,平東路,,,,,,677號,121.239511494774,24.9121852404873
桃園市平鎮區建安里8鄰平東路678號,68,6801000,6801000-023,8鄰,平東路,,,,,,678號,121.239709583318,24.9126430251715
桃園市平鎮區建安里31鄰平東路679巷1號,68,6801000,6801000-023,31鄰,平東路,,679巷,,,,1號,121.23964841091,24.9120325302382
桃園市平鎮區建安里31鄰平東路679巷3號,68,6801000,6801000-023,31鄰,平東路,,679巷,,,,3號,121.23967806386,24.9118548029273
桃園市平鎮區建安里31鄰平東路679巷5號,68,6801000,6801000-023,31鄰,平東路,,679巷,,,,5號,121.239778173315,24.9116105130482
桃園市平鎮區建安里31鄰平東路679巷7號,68,6801000,6801000-023,31鄰,平東路,,679巷,,,,7號,121.239825080761,24.911499116984
桃園市平鎮區建安里31鄰平東路679巷8號,68,6801000,6801000-023,31鄰,平東路,,679巷,,,,8號,121.239322330272,24.9119393386335
桃園市平鎮區建安里31鄰平東路679巷9號,68,6801000,6801000-023,31鄰,平東路,,679巷,,,,9號,121.23987622998,24.9113799496246
桃園市平鎮區建安里31鄰平東路679巷13之2號,68,6801000,6801000-023,31鄰,平東路,,679巷,,,,13之2號,121.240035990656,24.9110109711561
桃園市平鎮區建安里31鄰平東路679巷13之1號,68,6801000,6801000-023,31鄰,平東路,,679巷,,,,13之1號,121.239991291866,24.9110868819727
桃園市平鎮區建安里31鄰平東路679巷13號,68,6801000,6801000-023,31鄰,平東路,,679巷,,,,13號,121.23997219984,24.9111455072603
桃園市平鎮區建安里31鄰平東路679巷15號,68,6801000,6801000-023,31鄰,平東路,,679巷,,,,15號,121.240065715042,24.9109217223381
桃園市平鎮區建安里31鄰平東路679巷17號,68,6801000,6801000-023,31鄰,平東路,,679巷,,,,17號,121.240128009861,24.9107815909673
桃園市平鎮區建安里31鄰平東路679巷19之1號,68,6801000,6801000-023,31鄰,平東路,,679巷,,,,19之1號,121.240248738189,24.9105524353298
桃園市平鎮區建安里31鄰平東路679巷19號,68,6801000,6801000-023,31鄰,平東路,,679巷,,,,19號,121.240187478742,24.9106647574931
桃園市平鎮區建安里31鄰平東路679巷21號,68,6801000,6801000-023,31鄰,平東路,,679巷,,,,21號,121.240306170786,24.9104066237945
桃園市平鎮區建安里31鄰平東路679巷23號,68,6801000,6801000-023,31鄰,平東路,,679巷,,,,23號,121.240398310843,24.9102911821425
桃園市平鎮區建安里31鄰平東路679巷25號,68,6801000,6801000-023,31鄰,平東路,,679巷,,,,25號,121.240503836721,24.9101868238307
桃園市平鎮區建安里31鄰平東路679巷26號,68,6801000,6801000-023,31鄰,平東路,,679巷,,,,26號,121.239758861962,24.9107874213107
桃園市平鎮區建安里31鄰平東路679巷29號,68,6801000,6801000-023,31鄰,平東路,,679巷,,,,29號,121.240585693823,24.9098228456846
桃園市平鎮區建安里8鄰平東路680號,68,6801000,6801000-023,8鄰,平東路,,,,,,680號,121.239659679601,24.9126385911508
桃園市平鎮區建安里9鄰平東路684號,68,6801000,6801000-023,9鄰,平東路,,,,,,684號,121.239162360345,24.9129203544265
桃園市平鎮區建安里16鄰平東路688號,68,6801000,6801000-023,16鄰,平東路,,,,,,688號,121.238632193349,24.9124417033167
桃園市平鎮區建安里16鄰平東路690號,68,6801000,6801000-023,16鄰,平東路,,,,,,690號,121.238590004287,24.9124334646498
桃園市平鎮區建安里16鄰平東路692之1號,68,6801000,6801000-023,16鄰,平東路,,,,,,692之1號,121.238509778361,24.9124140012554
桃園市平鎮區建安里16鄰平東路692號,68,6801000,6801000-023,16鄰,平東路,,,,,,692號,121.238550886421,24.9124263947556
桃園市平鎮區建安里16鄰平東路694號,68,6801000,6801000-023,16鄰,平東路,,,,,,694號,121.237932095065,24.9121407302719
桃園市平鎮區建安里16鄰平東路721號,68,6801000,6801000-023,16鄰,平東路,,,,,,721號,121.238673606827,24.9121497476455
桃園市平鎮區建安里16鄰平東路723號,68,6801000,6801000-023,16鄰,平東路,,,,,,723號,121.238530739546,24.9121428437344
桃園市平鎮區建安里17鄰平東路一段2之1號,68,6801000,6801000-023,17鄰,平東路,一段,,,,,2之1號,121.237656398002,24.9119403773507
桃園市平鎮區建安里17鄰平東路一段26巷9號,68,6801000,6801000-023,17鄰,平東路,一段,26巷,,,,9號,121.236744316105,24.911932257747
桃園市平鎮區建安里17鄰平東路一段26巷86之1號,68,6801000,6801000-023,17鄰,平東路,一段,26巷,,,,86之1號,121.236197281121,24.9132460406279
桃園市平鎮區建安里17鄰平東路一段26巷98號,68,6801000,6801000-023,17鄰,平東路,一段,26巷,,,,98號,121.235247008225,24.9138812486127
桃園市平鎮區建安里17鄰平東路一段26巷100號,68,6801000,6801000-023,17鄰,平東路,一段,26巷,,,,100號,121.23502980436,24.9138815910625
桃園市平鎮區建安里17鄰平東路一段26巷102號,68,6801000,6801000-023,17鄰,平東路,一段,26巷,,,,102號,121.234931020953,24.9139433206481
桃園市平鎮區建安里17鄰平東路一段26巷106號,68,6801000,6801000-023,17鄰,平東路,一段,26巷,,,,106號,121.235190717392,24.9140066521067
桃園市平鎮區建安里17鄰平東路一段26巷108號,68,6801000,6801000-023,17鄰,平東路,一段,26巷,,,,108號,121.235059308382,24.9140917265916
桃園市平鎮區建安里17鄰平東路一段26巷110號,68,6801000,6801000-023,17鄰,平東路,一段,26巷,,,,110號,121.235002455899,24.9141821005609
桃園市平鎮區建安里17鄰平東路一段30號十樓,68,6801000,6801000-023,17鄰,平東路,一段,,,,,30號十樓,121.236871578302,24.9115955657476
桃園市平鎮區建安里17鄰平東路一段30號二樓,68,6801000,6801000-023,17鄰,平東路,一段,,,,,30號二樓,121.236871578302,24.9115955657476
桃園市平鎮區建安里17鄰平東路一段30號三樓,68,6801000,6801000-023,17鄰,平東路,一段,,,,,30號三樓,121.236871578302,24.9115955657476
桃園市平鎮區建安里17鄰平東路一段30號四樓,68,6801000,6801000-023,17鄰,平東路,一段,,,,,30號四樓,121.236871578302,24.9115955657476
桃園市平鎮區建安里17鄰平東路一段30號五樓,68,6801000,6801000-023,17鄰,平東路,一段,,,,,30號五樓,121.236871578302,24.9115955657476
桃園市平鎮區建安里17鄰平東路一段30號六樓,68,6801000,6801000-023,17鄰,平東路,一段,,,,,30號六樓,121.236871578302,24.9115955657476
桃園市平鎮區建安里17鄰平東路一段30號七樓,68,6801000,6801000-023,17鄰,平東路,一段,,,,,30號七樓,121.236871578302,24.9115955657476
桃園市平鎮區建安里17鄰平東路一段30號八樓,68,6801000,6801000-023,17鄰,平東路,一段,,,,,30號八樓,121.236871578302,24.9115955657476
桃園市平鎮區建安里17鄰平東路一段30號九樓,68,6801000,6801000-023,17鄰,平東路,一段,,,,,30號九樓,121.236871578302,24.9115955657476
桃園市平鎮區建安里17鄰平東路一段32號十樓,68,6801000,6801000-023,17鄰,平東路,一段,,,,,32號十樓,121.236785826055,24.911584867782
桃園市平鎮區建安里17鄰平東路一段32號二樓,68,6801000,6801000-023,17鄰,平東路,一段,,,,,32號二樓,121.236785826055,24.911584867782
桃園市平鎮區建安里17鄰平東路一段32號三樓,68,6801000,6801000-023,17鄰,平東路,一段,,,,,32號三樓,121.236785826055,24.911584867782
桃園市平鎮區建安里17鄰平東路一段32號四樓,68,6801000,6801000-023,17鄰,平東路,一段,,,,,32號四樓,121.236785826055,24.911584867782
桃園市平鎮區建安里17鄰平東路一段32號五樓,68,6801000,6801000-023,17鄰,平東路,一段,,,,,32號五樓,121.236785826055,24.911584867782
桃園市平鎮區建安里17鄰平東路一段32號六樓,68,6801000,6801000-023,17鄰,平東路,一段,,,,,32號六樓,121.236785826055,24.911584867782
桃園市平鎮區建安里17鄰平東路一段32號七樓,68,6801000,6801000-023,17鄰,平東路,一段,,,,,32號七樓,121.236785826055,24.911584867782
桃園市平鎮區建安里17鄰平東路一段32號八樓,68,6801000,6801000-023,17鄰,平東路,一段,,,,,32號八樓,121.236785826055,24.911584867782
桃園市平鎮區建安里17鄰平東路一段32號九樓,68,6801000,6801000-023,17鄰,平東路,一段,,,,,32號九樓,121.236785826055,24.911584867782
桃園市平鎮區建安里17鄰平東路一段36號二樓,68,6801000,6801000-023,17鄰,平東路,一段,,,,,36號二樓,121.236766445525,24.9117006431459
桃園市平鎮區建安里17鄰平東路一段36號三樓,68,6801000,6801000-023,17鄰,平東路,一段,,,,,36號三樓,121.236766445525,24.9117006431459
桃園市平鎮區建安里17鄰平東路一段36號四樓,68,6801000,6801000-023,17鄰,平東路,一段,,,,,36號四樓,121.236766445525,24.9117006431459
桃園市平鎮區建安里17鄰平東路一段36號五樓,68,6801000,6801000-023,17鄰,平東路,一段,,,,,36號五樓,121.236766445525,24.9117006431459
桃園市平鎮區建安里17鄰平東路一段36號六樓,68,6801000,6801000-023,17鄰,平東路,一段,,,,,36號六樓,121.236766445525,24.9117006431459
桃園市平鎮區建安里17鄰平東路一段36號七樓,68,6801000,6801000-023,17鄰,平東路,一段,,,,,36號七樓,121.236766445525,24.9117006431459
桃園市平鎮區建安里17鄰平東路一段36號八樓,68,6801000,6801000-023,17鄰,平東路,一段,,,,,36號八樓,121.236766445525,24.9117006431459
桃園市平鎮區建安里17鄰平東路一段36號九樓,68,6801000,6801000-023,17鄰,平東路,一段,,,,,36號九樓,121.236766445525,24.9117006431459
桃園市平鎮區建安里17鄰平東路一段38號十樓,68,6801000,6801000-023,17鄰,平東路,一段,,,,,38號十樓,121.236850212388,24.9117084551741
桃園市平鎮區建安里17鄰平東路一段38號二樓,68,6801000,6801000-023,17鄰,平東路,一段,,,,,38號二樓,121.236850212388,24.9117084551741
桃園市平鎮區建安里17鄰平東路一段38號三樓,68,6801000,6801000-023,17鄰,平東路,一段,,,,,38號三樓,121.236850212388,24.9117084551741
桃園市平鎮區建安里17鄰平東路一段38號四樓,68,6801000,6801000-023,17鄰,平東路,一段,,,,,38號四樓,121.236850212388,24.9117084551741
桃園市平鎮區建安里17鄰平東路一段38號五樓,68,6801000,6801000-023,17鄰,平東路,一段,,,,,38號五樓,121.236850212388,24.9117084551741
桃園市平鎮區建安里17鄰平東路一段38號六樓,68,6801000,6801000-023,17鄰,平東路,一段,,,,,38號六樓,121.236850212388,24.9117084551741
桃園市平鎮區建安里17鄰平東路一段38號七樓,68,6801000,6801000-023,17鄰,平東路,一段,,,,,38號七樓,121.236850212388,24.9117084551741
桃園市平鎮區建安里17鄰平東路一段38號八樓,68,6801000,6801000-023,17鄰,平東路,一段,,,,,38號八樓,121.236850212388,24.9117084551741
桃園市平鎮區建安里17鄰平東路一段38號九樓,68,6801000,6801000-023,17鄰,平東路,一段,,,,,38號九樓,121.236850212388,24.9117084551741
桃園市平鎮區建安里17鄰平東路一段40號,68,6801000,6801000-023,17鄰,平東路,一段,,,,,40號,121.236571077404,24.9115727493085
桃園市平鎮區建安里17鄰平東路一段42號,68,6801000,6801000-023,17鄰,平東路,一段,,,,,42號,121.236520772724,24.9115654257689
桃園市平鎮區建安里17鄰平東路一段46號,68,6801000,6801000-023,17鄰,平東路,一段,,,,,46號,121.236465229461,24.9115624441689
桃園市平鎮區建安里17鄰平東路一段46之2號,68,6801000,6801000-023,17鄰,平東路,一段,,,,,46之2號,121.236381322948,24.9115332347422
桃園市平鎮區建安里16鄰平東路一段51號,68,6801000,6801000-023,16鄰,平東路,一段,,,,,51號,121.237049859175,24.9113812181982
桃園市平鎮區建安里17鄰平東路一段52號,68,6801000,6801000-023,17鄰,平東路,一段,,,,,52號,121.236287428255,24.9115095484401
桃園市平鎮區建安里16鄰平東路一段53之1號,68,6801000,6801000-023,16鄰,平東路,一段,,,,,53之1號,121.236658276663,24.9113041051679
桃園市平鎮區建安里17鄰平東路一段54號,68,6801000,6801000-023,17鄰,平東路,一段,,,,,54號,121.23621771829,24.9115012624107
桃園市平鎮區建安里16鄰平東路一段55之1號,68,6801000,6801000-023,16鄰,平東路,一段,,,,,55之1號,121.236506476283,24.9112843930993
桃園市平鎮區建安里17鄰平東路一段56號,68,6801000,6801000-023,17鄰,平東路,一段,,,,,56號,121.236142469651,24.9114956936498
桃園市平鎮區建安里16鄰平東路一段57之1號,68,6801000,6801000-023,16鄰,平東路,一段,,,,,57之1號,121.236411002279,24.9112630567721
桃園市平鎮區建安里17鄰平東路一段58號,68,6801000,6801000-023,17鄰,平東路,一段,,,,,58號,121.236084140247,24.9114852227134
桃園市平鎮區建安里17鄰平東路一段74號,68,6801000,6801000-023,17鄰,平東路,一段,,,,,74號,121.235755317995,24.9114058411327
桃園市平鎮區建安里17鄰平東路一段78號,68,6801000,6801000-023,17鄰,平東路,一段,,,,,78號,121.235663835633,24.9114012006328
桃園市平鎮區建安里17鄰平東路一段80號,68,6801000,6801000-023,17鄰,平東路,一段,,,,,80號,121.235600549087,24.9113868551096
桃園市平鎮區建安里17鄰平東路一段82號,68,6801000,6801000-023,17鄰,平東路,一段,,,,,82號,121.235557377466,24.9113822285087
桃園市平鎮區建安里17鄰平東路一段84號,68,6801000,6801000-023,17鄰,平東路,一段,,,,,84號,121.235460623437,24.9113645049707
桃園市平鎮區建安里17鄰平東路一段90號,68,6801000,6801000-023,17鄰,平東路,一段,,,,,90號,121.235275447304,24.9113375312973
桃園市平鎮區建安里17鄰平東路一段92號,68,6801000,6801000-023,17鄰,平東路,一段,,,,,92號,121.235218506056,24.9113281412444
桃園市平鎮區建安里17鄰平東路一段94號,68,6801000,6801000-023,17鄰,平東路,一段,,,,,94號,121.2351575222,24.9113273345623
桃園市平鎮區建安里17鄰平東路一段98之5號,68,6801000,6801000-023,17鄰,平東路,一段,,,,,98之5號,121.235355315826,24.911586680532
桃園市平鎮區建安里17鄰平東路一段98之2號,68,6801000,6801000-023,17鄰,平東路,一段,,,,,98之2號,121.234828758539,24.9114875656595
桃園市平鎮區建安里17鄰平東路一段98之3號,68,6801000,6801000-023,17鄰,平東路,一段,,,,,98之3號,121.235261053576,24.9115257067039
桃園市平鎮區建安里17鄰平東路一段98之1號,68,6801000,6801000-023,17鄰,平東路,一段,,,,,98之1號,121.235025649096,24.9114794910779
桃園市平鎮區建安里17鄰平東路一段98號,68,6801000,6801000-023,17鄰,平東路,一段,,,,,98號,121.235108971924,24.9113053817051
桃園市平鎮區建安里18鄰平東路一段100之1號,68,6801000,6801000-023,18鄰,平東路,一段,,,,,100之1號,121.234763286246,24.9114690701395
桃園市平鎮區建安里18鄰平東路一段100號,68,6801000,6801000-023,18鄰,平東路,一段,,,,,100號,121.234708284774,24.911438460003
桃園市平鎮區建安里18鄰平東路一段100之5號,68,6801000,6801000-023,18鄰,平東路,一段,,,,,100之5號,121.235639590624,24.9120315143425
桃園市平鎮區建安里18鄰平東路一段100之2號,68,6801000,6801000-023,18鄰,平東路,一段,,,,,100之2號,121.235295769956,24.9118743303035
桃園市平鎮區建安里18鄰平東路一段102號,68,6801000,6801000-023,18鄰,平東路,一段,,,,,102號,121.234656620082,24.9114447709195
桃園市平鎮區建安里18鄰平東路一段104號,68,6801000,6801000-023,18鄰,平東路,一段,,,,,104號,121.234604066289,24.911452076345
桃園市平鎮區建安里18鄰平東路一段106號,68,6801000,6801000-023,18鄰,平東路,一段,,,,,106號,121.234527002174,24.9114810885526
桃園市平鎮區建安里18鄰平東路一段108號,68,6801000,6801000-023,18鄰,平東路,一段,,,,,108號,121.234455251106,24.9114927577624
桃園市平鎮區建安里18鄰平東路一段110號,68,6801000,6801000-023,18鄰,平東路,一段,,,,,110號,121.234410514812,24.9114983354273
桃園市平鎮區建安里18鄰平東路一段116之1號,68,6801000,6801000-023,18鄰,平東路,一段,,,,,116之1號,121.234249650208,24.9117637534675
桃園市平鎮區建安里18鄰平東路一段116號,68,6801000,6801000-023,18鄰,平東路,一段,,,,,116號,121.234200864866,24.9116172984872
桃園市平鎮區建安里18鄰平東路一段120號,68,6801000,6801000-023,18鄰,平東路,一段,,,,,120號,121.233982910323,24.9115849576122
桃園市平鎮區建安里18鄰平東路一段124號,68,6801000,6801000-023,18鄰,平東路,一段,,,,,124號,121.233936904376,24.9115997461369
桃園市平鎮區建安里18鄰平東路一段126號,68,6801000,6801000-023,18鄰,平東路,一段,,,,,126號,121.233907121025,24.9116076475918
桃園市平鎮區建安里18鄰平東路一段128號,68,6801000,6801000-023,18鄰,平東路,一段,,,,,128號,121.233868357858,24.9116309114711
桃園市平鎮區建安里18鄰平東路一段130號,68,6801000,6801000-023,18鄰,平東路,一段,,,,,130號,121.233831185269,24.9116576939386
桃園市平鎮區建安里18鄰平東路一段132號,68,6801000,6801000-023,18鄰,平東路,一段,,,,,132號,121.233751311151,24.9116666670129
桃園市平鎮區建安里18鄰平東路一段136號,68,6801000,6801000-023,18鄰,平東路,一段,,,,,136號,121.233695785589,24.9116730739323
桃園市平鎮區建安里18鄰平東路一段140號,68,6801000,6801000-023,18鄰,平東路,一段,,,,,140號,121.233661755525,24.9116863990568
桃園市平鎮區建安里18鄰平東路一段142之1號,68,6801000,6801000-023,18鄰,平東路,一段,,,,,142之1號,121.233630296833,24.9116983658796
桃園市平鎮區建安里18鄰平東路一段146號,68,6801000,6801000-023,18鄰,平東路,一段,,,,,146號,121.233598944443,24.9117142147589
桃園市平鎮區建安里18鄰平東路一段146之1號,68,6801000,6801000-023,18鄰,平東路,一段,,,,,146之1號,121.233795034493,24.9120165408447
桃園市平鎮區建安里18鄰平東路一段146之2號,68,6801000,6801000-023,18鄰,平東路,一段,,,,,146之2號,121.233747339111,24.9120279914363
桃園市平鎮區建安里18鄰平東路一段148號,68,6801000,6801000-023,18鄰,平東路,一段,,,,,148號,121.233556897954,24.9117288163964
桃園市平鎮區建安里18鄰平東路一段156巷2號,68,6801000,6801000-023,18鄰,平東路,一段,156巷,,,,2號,121.23305447451,24.911881280118
桃園市平鎮區建安里18鄰平東路一段156巷4號,68,6801000,6801000-023,18鄰,平東路,一段,156巷,,,,4號,121.233063341662,24.9119639667811
桃園市平鎮區建安里18鄰平東路一段156巷6號,68,6801000,6801000-023,18鄰,平東路,一段,156巷,,,,6號,121.233074208726,24.9120045777834
桃園市平鎮區建安里18鄰平東路一段158號,68,6801000,6801000-023,18鄰,平東路,一段,,,,,158號,121.233089458834,24.9120596274401
桃園市平鎮區建安里18鄰平東路一段160號,68,6801000,6801000-023,18鄰,平東路,一段,,,,,160號,121.232826517362,24.9125326769994
桃園市平鎮區建安里29鄰平東路一段176號,68,6801000,6801000-023,29鄰,平東路,一段,,,,,176號,121.232511878469,24.9118340956645
桃園市平鎮區建安里29鄰平東路一段178巷1號,68,6801000,6801000-023,29鄰,平東路,一段,178巷,,,,1號,121.232341801635,24.9120461679351
桃園市平鎮區建安里25鄰平東路一段178巷2號,68,6801000,6801000-023,25鄰,平東路,一段,178巷,,,,2號,121.232602988818,24.9121681864895
桃園市平鎮區建安里29鄰平東路一段178巷3號,68,6801000,6801000-023,29鄰,平東路,一段,178巷,,,,3號,121.232364626994,24.912128832896
桃園市平鎮區建安里29鄰平東路一段178巷5號,68,6801000,6801000-023,29鄰,平東路,一段,178巷,,,,5號,121.232371520566,24.912320857093
桃園市平鎮區建安里25鄰平東路一段178巷6號,68,6801000,6801000-023,25鄰,平東路,一段,178巷,,,,6號,121.232613719932,24.9122947484927
桃園市平鎮區建安里29鄰平東路一段178巷7號,68,6801000,6801000-023,29鄰,平東路,一段,178巷,,,,7號,121.232374970152,24.9124183588778
桃園市平鎮區建安里25鄰平東路一段178巷8號,68,6801000,6801000-023,25鄰,平東路,一段,178巷,,,,8號,121.232607884394,24.9124031891656
桃園市平鎮區建安里29鄰平東路一段178巷9號,68,6801000,6801000-023,29鄰,平東路,一段,178巷,,,,9號,121.232413664369,24.9125165280191
桃園市平鎮區建安里25鄰平東路一段178巷10號,68,6801000,6801000-023,25鄰,平東路,一段,178巷,,,,10號,121.23263410979,24.912503905658
桃園市平鎮區建安里29鄰平東路一段178巷11號,68,6801000,6801000-023,29鄰,平東路,一段,178巷,,,,11號,121.232428104299,24.9126148252329
桃園市平鎮區建安里25鄰平東路一段178巷12號,68,6801000,6801000-023,25鄰,平東路,一段,178巷,,,,12號,121.232642230444,24.9126109702938
桃園市平鎮區建安里29鄰平東路一段178巷13號,68,6801000,6801000-023,29鄰,平東路,一段,178巷,,,,13號,121.232429058517,24.9127014064884
桃園市平鎮區建安里29鄰平東路一段178巷13號四樓,68,6801000,6801000-023,29鄰,平東路,一段,178巷,,,,13號四樓,121.232429058517,24.9127014064884
桃園市平鎮區建安里29鄰平東路一段178巷13號三樓,68,6801000,6801000-023,29鄰,平東路,一段,178巷,,,,13號三樓,121.232429058517,24.9127014064884
桃園市平鎮區建安里25鄰平東路一段178巷14號,68,6801000,6801000-023,25鄰,平東路,一段,178巷,,,,14號,121.232655095572,24.912714055013
桃園市平鎮區建安里29鄰平東路一段178巷15號,68,6801000,6801000-023,29鄰,平東路,一段,178巷,,,,15號,121.232421130608,24.9128556246012
桃園市平鎮區建安里25鄰平東路一段178巷16號,68,6801000,6801000-023,25鄰,平東路,一段,178巷,,,,16號,121.232662626842,24.9128235582427
桃園市平鎮區建安里29鄰平東路一段178巷17號,68,6801000,6801000-023,29鄰,平東路,一段,178巷,,,,17號,121.232434244021,24.9129327973273
桃園市平鎮區建安里25鄰平東路一段178巷18號,68,6801000,6801000-023,25鄰,平東路,一段,178巷,,,,18號,121.232666162125,24.9129138371273
桃園市平鎮區建安里29鄰平東路一段178巷19號,68,6801000,6801000-023,29鄰,平東路,一段,178巷,,,,19號,121.232437605844,24.9130362580094
桃園市平鎮區建安里25鄰平東路一段178巷20號,68,6801000,6801000-023,25鄰,平東路,一段,178巷,,,,20號,121.232676062702,24.9129669991928
桃園市平鎮區建安里29鄰平東路一段178巷21號,68,6801000,6801000-023,29鄰,平東路,一段,178巷,,,,21號,121.232460563785,24.9131367087629
桃園市平鎮區建安里25鄰平東路一段178巷22號,68,6801000,6801000-023,25鄰,平東路,一段,178巷,,,,22號,121.232685418658,24.9130992512388
桃園市平鎮區建安里29鄰平東路一段178巷23號,68,6801000,6801000-023,29鄰,平東路,一段,178巷,,,,23號,121.232467214585,24.9132519012864
桃園市平鎮區建安里25鄰平東路一段178巷24號,68,6801000,6801000-023,25鄰,平東路,一段,178巷,,,,24號,121.232711659175,24.9132079127102
桃園市平鎮區建安里29鄰平東路一段178巷25號,68,6801000,6801000-023,29鄰,平東路,一段,178巷,,,,25號,121.232483633098,24.9133493828408
桃園市平鎮區建安里25鄰平東路一段178巷26弄1號,68,6801000,6801000-023,25鄰,平東路,一段,178巷,26弄,,,1號,121.232884684805,24.9134059071612
桃園市平鎮區建安里25鄰平東路一段178巷26弄2號,68,6801000,6801000-023,25鄰,平東路,一段,178巷,26弄,,,2號,121.23287156703,24.9131683894043
桃園市平鎮區建安里25鄰平東路一段178巷26弄3號,68,6801000,6801000-023,25鄰,平東路,一段,178巷,26弄,,,3號,121.23295333901,24.9133787146246
桃園市平鎮區建安里25鄰平東路一段178巷26弄5號,68,6801000,6801000-023,25鄰,平東路,一段,178巷,26弄,,,5號,121.233034888165,24.9134175900834
桃園市平鎮區建安里25鄰平東路一段178巷26弄6號,68,6801000,6801000-023,25鄰,平東路,一段,178巷,26弄,,,6號,121.232952827991,24.9131593243465
桃園市平鎮區建安里25鄰平東路一段178巷26弄7號,68,6801000,6801000-023,25鄰,平東路,一段,178巷,26弄,,,7號,121.233092806548,24.9133670305997
桃園市平鎮區建安里25鄰平東路一段178巷26弄8號,68,6801000,6801000-023,25鄰,平東路,一段,178巷,26弄,,,8號,121.233069133545,24.9131497530617
桃園市平鎮區建安里25鄰平東路一段178巷26弄9號,68,6801000,6801000-023,25鄰,平東路,一段,178巷,26弄,,,9號,121.233174344877,24.913400127798
桃園市平鎮區建安里25鄰平東路一段178巷26弄10號,68,6801000,6801000-023,25鄰,平東路,一段,178巷,26弄,,,10號,121.233209587064,24.9131360811313
桃園市平鎮區建安里25鄰平東路一段178巷26弄11號,68,6801000,6801000-023,25鄰,平東路,一段,178巷,26弄,,,11號,121.23323980067,24.9133567792244
桃園市平鎮區建安里25鄰平東路一段178巷26弄12號,68,6801000,6801000-023,25鄰,平東路,一段,178巷,26弄,,,12號,121.233280952209,24.9131291981938
桃園市平鎮區建安里25鄰平東路一段178巷26弄13號,68,6801000,6801000-023,25鄰,平東路,一段,178巷,26弄,,,13號,121.233324336163,24.9134043171558
桃園市平鎮區建安里25鄰平東路一段178巷26弄14號,68,6801000,6801000-023,25鄰,平東路,一段,178巷,26弄,,,14號,121.233347466422,24.913122322812
桃園市平鎮區建安里25鄰平東路一段178巷26弄15號,68,6801000,6801000-023,25鄰,平東路,一段,178巷,26弄,,,15號,121.233394257375,24.9133665591609
桃園市平鎮區建安里25鄰平東路一段178巷26弄16號,68,6801000,6801000-023,25鄰,平東路,一段,178巷,26弄,,,16號,121.233426248108,24.9131110042657
桃園市平鎮區建安里25鄰平東路一段178巷26弄17號,68,6801000,6801000-023,25鄰,平東路,一段,178巷,26弄,,,17號,121.233462988353,24.9133276292993
桃園市平鎮區建安里25鄰平東路一段178巷26弄18號,68,6801000,6801000-023,25鄰,平東路,一段,178巷,26弄,,,18號,121.233492766551,24.9131063859223
桃園市平鎮區建安里25鄰平東路一段178巷26弄19號,68,6801000,6801000-023,25鄰,平東路,一段,178巷,26弄,,,19號,121.233533739473,24.9133626391587
桃園市平鎮區建安里25鄰平東路一段178巷26弄20號,68,6801000,6801000-023,25鄰,平東路,一段,178巷,26弄,,,20號,121.2335617557,24.9130995065703
桃園市平鎮區建安里25鄰平東路一段178巷26弄21號,68,6801000,6801000-023,25鄰,平東路,一段,178巷,26弄,,,21號,121.233608898001,24.9133198169367
桃園市平鎮區建安里25鄰平東路一段178巷26弄22號,68,6801000,6801000-023,25鄰,平東路,一段,178巷,26弄,,,22號,121.233640537351,24.9130881879111
桃園市平鎮區建安里25鄰平東路一段178巷26弄23號,68,6801000,6801000-023,25鄰,平東路,一段,178巷,26弄,,,23號,121.233697975128,24.9133607567817
桃園市平鎮區建安里29鄰平東路一段178巷27號,68,6801000,6801000-023,29鄰,平東路,一段,178巷,,,,27號,121.23249678468,24.9134468694849
桃園市平鎮區建安里25鄰平東路一段178巷28號,68,6801000,6801000-023,25鄰,平東路,一段,178巷,,,,28號,121.232710813259,24.9134430145917
桃園市平鎮區建安里29鄰平東路一段178巷29號,68,6801000,6801000-023,29鄰,平東路,一段,178巷,,,,29號,121.232509958453,24.9135561833472
桃園市平鎮區建安里25鄰平東路一段178巷30號,68,6801000,6801000-023,25鄰,平東路,一段,178巷,,,,30號,121.232715137201,24.9135314865489
桃園市平鎮區建安里29鄰平東路一段178巷31號,68,6801000,6801000-023,29鄰,平東路,一段,178巷,,,,31號,121.23254345664,24.913681265286
桃園市平鎮區建安里25鄰平東路一段178巷32號,68,6801000,6801000-023,25鄰,平東路,一段,178巷,,,,32號,121.232745652577,24.9136496211978
桃園市平鎮區建安里29鄰平東路一段178巷33號,68,6801000,6801000-023,29鄰,平東路,一段,178巷,,,,33號,121.232533039106,24.9137748161566
桃園市平鎮區建安里25鄰平東路一段178巷34號,68,6801000,6801000-023,25鄰,平東路,一段,178巷,,,,34號,121.232755746274,24.9137528907867
桃園市平鎮區建安里29鄰平東路一段178巷35號,68,6801000,6801000-023,29鄰,平東路,一段,178巷,,,,35號,121.232542951565,24.9138871144805
桃園市平鎮區建安里25鄰平東路一段178巷36號,68,6801000,6801000-023,25鄰,平東路,一段,178巷,,,,36號,121.232770674168,24.9138472146741
桃園市平鎮區建安里29鄰平東路一段178巷37號,68,6801000,6801000-023,29鄰,平東路,一段,178巷,,,,37號,121.232572440481,24.9139858396171
桃園市平鎮區建安里29鄰平東路一段178巷37號二樓,68,6801000,6801000-023,29鄰,平東路,一段,178巷,,,,37號二樓,121.232572440481,24.9139858396171
桃園市平鎮區建安里25鄰平東路一段178巷38弄1號,68,6801000,6801000-023,25鄰,平東路,一段,178巷,38弄,,,1號,121.232936034621,24.9140221984883
桃園市平鎮區建安里25鄰平東路一段178巷38弄2號,68,6801000,6801000-023,25鄰,平東路,一段,178巷,38弄,,,2號,121.232930811172,24.9138238518511
桃園市平鎮區建安里25鄰平東路一段178巷38弄3號,68,6801000,6801000-023,25鄰,平東路,一段,178巷,38弄,,,3號,121.233027118083,24.9140243133097
桃園市平鎮區建安里25鄰平東路一段178巷38弄5號,68,6801000,6801000-023,25鄰,平東路,一段,178巷,38弄,,,5號,121.233199640002,24.9140061673402
桃園市平鎮區建安里25鄰平東路一段178巷38弄6號,68,6801000,6801000-023,25鄰,平東路,一段,178巷,38弄,,,6號,121.232999458135,24.9137926867918
桃園市平鎮區建安里25鄰平東路一段178巷38弄7號,68,6801000,6801000-023,25鄰,平東路,一段,178巷,38弄,,,7號,121.233353458508,24.9139920229499
桃園市平鎮區建安里25鄰平東路一段178巷38弄8號,68,6801000,6801000-023,25鄰,平東路,一段,178巷,38弄,,,8號,121.233074558054,24.9138238078433
桃園市平鎮區建安里25鄰平東路一段178巷38弄9號,68,6801000,6801000-023,25鄰,平東路,一段,178巷,38弄,,,9號,121.233411942697,24.9139790207635
桃園市平鎮區建安里25鄰平東路一段178巷38弄10號,68,6801000,6801000-023,25鄰,平東路,一段,178巷,38弄,,,10號,121.233141096814,24.9137771170992
桃園市平鎮區建安里25鄰平東路一段178巷38弄11號,68,6801000,6801000-023,25鄰,平東路,一段,178巷,38弄,,,11號,121.233467971609,24.9139764953862
桃園市平鎮區建安里25鄰平東路一段178巷38弄12號,68,6801000,6801000-023,25鄰,平東路,一段,178巷,38弄,,,12號,121.233222639161,24.9138122005179
桃園市平鎮區建安里25鄰平東路一段178巷38弄13號,68,6801000,6801000-023,25鄰,平東路,一段,178巷,38弄,,,13號,121.233528835157,24.9139652951169
桃園市平鎮區建安里25鄰平東路一段178巷38弄14號,68,6801000,6801000-023,25鄰,平東路,一段,178巷,38弄,,,14號,121.233295521093,24.9137693820143
桃園市平鎮區建安里25鄰平東路一段178巷38弄15號,68,6801000,6801000-023,25鄰,平東路,一段,178巷,38弄,,,15號,121.233608369187,24.913985213691
桃園市平鎮區建安里25鄰平東路一段178巷38弄16號,68,6801000,6801000-023,25鄰,平東路,一段,178巷,38弄,,,16號,121.233372806352,24.9138043817254
桃園市平鎮區建安里25鄰平東路一段178巷38弄17號,68,6801000,6801000-023,25鄰,平東路,一段,178巷,38弄,,,17號,121.233687180991,24.9139896044405
桃園市平鎮區建安里25鄰平東路一段178巷38弄18號,68,6801000,6801000-023,25鄰,平東路,一段,178巷,38弄,,,18號,121.233436112966,24.9137236586944
桃園市平鎮區建安里25鄰平東路一段178巷38弄19號,68,6801000,6801000-023,25鄰,平東路,一段,178巷,38弄,,,19號,121.23376113759,24.9139917456489
桃園市平鎮區建安里25鄰平東路一段178巷38弄20號,68,6801000,6801000-023,25鄰,平東路,一段,178巷,38弄,,,20號,121.233519764422,24.9137747189856
桃園市平鎮區建安里25鄰平東路一段178巷38弄21號,68,6801000,6801000-023,25鄰,平東路,一段,178巷,38弄,,,21號,121.233834990937,24.9139916298729
桃園市平鎮區建安里25鄰平東路一段178巷38弄22號,68,6801000,6801000-023,25鄰,平東路,一段,178巷,38弄,,,22號,121.233586273234,24.9137122283231
桃園市平鎮區建安里25鄰平東路一段178巷38弄23號,68,6801000,6801000-023,25鄰,平東路,一段,178巷,38弄,,,23號,121.233903980557,24.91398475036
桃園市平鎮區建安里25鄰平東路一段178巷38弄24號,68,6801000,6801000-023,25鄰,平東路,一段,178巷,38弄,,,24號,121.233657146056,24.9137591554688
桃園市平鎮區建安里25鄰平東路一段178巷38弄25號,68,6801000,6801000-023,25鄰,平東路,一段,178巷,38弄,,,25號,121.233975350406,24.9139801241905
桃園市平鎮區建安里25鄰平東路一段178巷38弄26號,68,6801000,6801000-023,25鄰,平東路,一段,178巷,38弄,,,26號,121.233726624076,24.9136962989546
桃園市平鎮區建安里25鄰平東路一段178巷38弄27號,68,6801000,6801000-023,25鄰,平東路,一段,178巷,38弄,,,27號,121.234032076898,24.9139800351853
桃園市平鎮區建安里25鄰平東路一段178巷38弄28號,68,6801000,6801000-023,25鄰,平東路,一段,178巷,38弄,,,28號,121.23380732047,24.9137552184566
桃園市平鎮區建安里25鄰平東路一段178巷38弄30號,68,6801000,6801000-023,25鄰,平東路,一段,178巷,38弄,,,30號,121.233909639991,24.9136784968576
桃園市平鎮區建安里29鄰平東路一段178巷39號,68,6801000,6801000-023,29鄰,平東路,一段,178巷,,,,39號,121.232553030098,24.9140879815254
桃園市平鎮區建安里25鄰平東路一段178巷40號,68,6801000,6801000-023,25鄰,平東路,一段,178巷,,,,40號,121.232810434178,24.9140381040896
桃園市平鎮區建安里29鄰平東路一段180號,68,6801000,6801000-023,29鄰,平東路,一段,,,,,180號,121.232335104678,24.9118005144814
桃園市平鎮區建安里29鄰平東路一段182號,68,6801000,6801000-023,29鄰,平東路,一段,,,,,182號,121.23226532386,24.9118072139275
桃園市平鎮區建安里29鄰平東路一段184號,68,6801000,6801000-023,29鄰,平東路,一段,,,,,184號,121.232186554749,24.9118777584143
桃園市平鎮區建安里29鄰平東路一段186號,68,6801000,6801000-023,29鄰,平東路,一段,,,,,186號,121.232121815823,24.9118807482834
桃園市平鎮區建安里29鄰平東路一段188號,68,6801000,6801000-023,29鄰,平東路,一段,,,,,188號,121.232025033297,24.9119006711624
桃園市平鎮區建安里29鄰平東路一段190號,68,6801000,6801000-023,29鄰,平東路,一段,,,,,190號,121.231952083136,24.9119066531173
桃園市平鎮區建安里29鄰平東路一段192號,68,6801000,6801000-023,29鄰,平東路,一段,,,,,192號,121.231879226565,24.9119097457898
桃園市平鎮區建安里29鄰平東路一段194號,68,6801000,6801000-023,29鄰,平東路,一段,,,,,194號,121.231809532341,24.9119098541261
桃園市平鎮區建安里29鄰平東路一段196號,68,6801000,6801000-023,29鄰,平東路,一段,,,,,196號,121.231727701229,24.9119312884089
桃園市平鎮區建安里29鄰平東路一段198號,68,6801000,6801000-023,29鄰,平東路,一段,,,,,198號,121.231659590953,24.9119313942143
桃園市平鎮區建安里29鄰平東路一段200號,68,6801000,6801000-023,29鄰,平東路,一段,,,,,200號,121.231575443082,24.9119315248902
桃園市平鎮區建安里29鄰平東路一段202號,68,6801000,6801000-023,29鄰,平東路,一段,,,,,202號,121.23147824961,24.9119435030244
桃園市平鎮區建安里20鄰平東路二段2號,68,6801000,6801000-023,20鄰,平東路,二段,,,,,2號,121.231013453182,24.9120488633026
桃園市平鎮區建安里20鄰平東路二段10號,68,6801000,6801000-023,20鄰,平東路,二段,,,,,10號,121.230953353414,24.912097709963
桃園市平鎮區建安里20鄰平東路二段12號,68,6801000,6801000-023,20鄰,平東路,二段,,,,,12號,121.230904379836,24.9121140369848
桃園市平鎮區建安里20鄰平東路二段16號,68,6801000,6801000-023,20鄰,平東路,二段,,,,,16號,121.230855726424,24.9121428227443
桃園市平鎮區建安里20鄰平東路二段18號,68,6801000,6801000-023,20鄰,平東路,二段,,,,,18號,121.230817859539,24.912169334685
桃園市平鎮區建安里20鄰平東路二段20號,68,6801000,6801000-023,20鄰,平東路,二段,,,,,20號,121.230773359622,24.912195766595
桃園市平鎮區建安里20鄰平東路二段22號,68,6801000,6801000-023,20鄰,平東路,二段,,,,,22號,121.230731939532,24.9122280622142
桃園市平鎮區建安里20鄰平東路二段24號,68,6801000,6801000-023,20鄰,平東路,二段,,,,,24號,121.230694057482,24.9122464485495
桃園市平鎮區建安里20鄰平東路二段26號,68,6801000,6801000-023,20鄰,平東路,二段,,,,,26號,121.230651823213,24.912266827863
桃園市平鎮區建安里20鄰平東路二段28號,68,6801000,6801000-023,20鄰,平東路,二段,,,,,28號,121.230624852549,24.9122968439957
桃園市平鎮區建安里20鄰平東路二段30號,68,6801000,6801000-023,20鄰,平東路,二段,,,,,30號,121.230584697205,24.9123172200756
桃園市平鎮區建安里20鄰平東路二段32號,68,6801000,6801000-023,20鄰,平東路,二段,,,,,32號,121.230542455343,24.9123335365712
桃園市平鎮區建安里20鄰平東路二段34號,68,6801000,6801000-023,20鄰,平東路,二段,,,,,34號,121.230502884566,24.9123488557983
桃園市平鎮區建安里20鄰平東路二段36號,68,6801000,6801000-023,20鄰,平東路,二段,,,,,36號,121.230465101275,24.9123671516385
桃園市平鎮區建安里20鄰平東路二段38號,68,6801000,6801000-023,20鄰,平東路,二段,,,,,38號,121.230420593833,24.9123896109408
桃園市平鎮區建安里20鄰平東路二段40號,68,6801000,6801000-023,20鄰,平東路,二段,,,,,40號,121.230343959087,24.9123841316824
桃園市平鎮區建安里20鄰平東路二段40之1號,68,6801000,6801000-023,20鄰,平東路,二段,,,,,40之1號,121.230347413877,24.9126452288704
桃園市平鎮區建安里20鄰平東路二段42之1號,68,6801000,6801000-023,20鄰,平東路,二段,,,,,42之1號,121.230256506143,24.9124172205318
桃園市平鎮區建安里20鄰平東路二段42號,68,6801000,6801000-023,20鄰,平東路,二段,,,,,42號,121.2303038968,24.9124013475886
桃園市平鎮區建安里20鄰平東路二段46之1號,68,6801000,6801000-023,20鄰,平東路,二段,,,,,46之1號,121.230122740872,24.9125138507376
桃園市平鎮區建安里20鄰平東路二段46號,68,6801000,6801000-023,20鄰,平東路,二段,,,,,46號,121.230215746825,24.9124322706645
桃園市平鎮區建安里20鄰平東路二段46之5號,68,6801000,6801000-023,20鄰,平東路,二段,,,,,46之5號,121.230005836929,24.9125742507715
桃園市平鎮區建安里20鄰平東路二段46之2號,68,6801000,6801000-023,20鄰,平東路,二段,,,,,46之2號,121.230085260329,24.9125353059692
桃園市平鎮區建安里20鄰平東路二段46之3號,68,6801000,6801000-023,20鄰,平東路,二段,,,,,46之3號,121.230041245738,24.9125566809851
桃園市平鎮區建安里20鄰平東路二段48號,68,6801000,6801000-023,20鄰,平東路,二段,,,,,48號,121.229953910333,24.9125998813305
桃園市平鎮區建安里20鄰平東路二段50號,68,6801000,6801000-023,20鄰,平東路,二段,,,,,50號,121.229912662287,24.9126183629418
桃園市平鎮區建安里20鄰平東路二段52號,68,6801000,6801000-023,20鄰,平東路,二段,,,,,52號,121.229868149133,24.9126378427027
桃園市平鎮區建安里20鄰平東路二段54號,68,6801000,6801000-023,20鄰,平東路,二段,,,,,54號,121.22982730341,24.9126597544781
桃園市平鎮區建安里20鄰平東路二段56號,68,6801000,6801000-023,20鄰,平東路,二段,,,,,56號,121.229786062516,24.9126821182732
桃園市平鎮區建安里20鄰平東路二段58號,68,6801000,6801000-023,20鄰,平東路,二段,,,,,58號,121.229740469202,24.9127063847341
桃園市平鎮區建安里20鄰平東路二段60號,68,6801000,6801000-023,20鄰,平東路,二段,,,,,60號,121.229708234433,24.912727290084
桃園市平鎮區建安里20鄰平東路二段62號,68,6801000,6801000-023,20鄰,平東路,二段,,,,,62號,121.229665900838,24.9127476692718
桃園市平鎮區建安里20鄰平東路二段64號,68,6801000,6801000-023,20鄰,平東路,二段,,,,,64號,121.229617326166,24.9127658009459
桃園市平鎮區建安里20鄰平東路二段66號,68,6801000,6801000-023,20鄰,平東路,二段,,,,,66號,121.2295728084,24.9127828429467
桃園市平鎮區建安里20鄰平東路二段68號,68,6801000,6801000-023,20鄰,平東路,二段,,,,,68號,121.229532551053,24.9128017743503
桃園市平鎮區建安里20鄰平東路二段68之1號,68,6801000,6801000-023,20鄰,平東路,二段,,,,,68之1號,121.229491497699,24.9128185401418
桃園市平鎮區建安里20鄰平東路二段72號,68,6801000,6801000-023,20鄰,平東路,二段,,,,,72號,121.229401304992,24.9128693284515
桃園市平鎮區建安里20鄰平東路二段76號,68,6801000,6801000-023,20鄰,平東路,二段,,,,,76號,121.22934749935,24.9128961353873
桃園市平鎮區建安里20鄰平東路二段80號,68,6801000,6801000-023,20鄰,平東路,二段,,,,,80號,121.229291144027,24.9130432050605
桃園市平鎮區建安里20鄰平東路二段82號,68,6801000,6801000-023,20鄰,平東路,二段,,,,,82號,121.229329240333,24.9131940117366
桃園市平鎮區建安里20鄰平東路二段82號二樓,68,6801000,6801000-023,20鄰,平東路,二段,,,,,82號二樓,121.229329240333,24.9131940117366
桃園市平鎮區建安里20鄰平東路二段82號三樓,68,6801000,6801000-023,20鄰,平東路,二段,,,,,82號三樓,121.229329240333,24.9131940117366
桃園市平鎮區建安里20鄰平東路二段82號四樓,68,6801000,6801000-023,20鄰,平東路,二段,,,,,82號四樓,121.229329240333,24.9131940117366
桃園市平鎮區建安里20鄰平東路二段82號五樓,68,6801000,6801000-023,20鄰,平東路,二段,,,,,82號五樓,121.229329240333,24.9131940117366
桃園市平鎮區建安里21鄰平東路二段90巷9號,68,6801000,6801000-023,21鄰,平東路,二段,90巷,,,,9號,121.228480953054,24.9138033791857
桃園市平鎮區建安里21鄰平東路二段90巷16號,68,6801000,6801000-023,21鄰,平東路,二段,90巷,,,,16號,121.2291076767,24.9137276622512
桃園市平鎮區建安里21鄰平東路二段90巷22號,68,6801000,6801000-023,21鄰,平東路,二段,90巷,,,,22號,121.229538097826,24.9141407738271
桃園市平鎮區建安里21鄰平東路二段90巷26號,68,6801000,6801000-023,21鄰,平東路,二段,90巷,,,,26號,121.229703056548,24.9141010655683
桃園市平鎮區建安里21鄰平東路二段90巷28號,68,6801000,6801000-023,21鄰,平東路,二段,90巷,,,,28號,121.22972868798,24.9141494185253
桃園市平鎮區建安里21鄰平東路二段90巷30號,68,6801000,6801000-023,21鄰,平東路,二段,90巷,,,,30號,121.229591947616,24.9142445179934
桃園市平鎮區建安里21鄰平東路二段90巷32號,68,6801000,6801000-023,21鄰,平東路,二段,90巷,,,,32號,121.229657815545,24.9143693701803
桃園市平鎮區建安里21鄰平東路二段90巷36號,68,6801000,6801000-023,21鄰,平東路,二段,90巷,,,,36號,121.229762943091,24.9143104331167
桃園市平鎮區建安里21鄰平東路二段90巷38號,68,6801000,6801000-023,21鄰,平東路,二段,90巷,,,,38號,121.229856212865,24.9142635220796
桃園市平鎮區建安里21鄰平東路二段90巷39號,68,6801000,6801000-023,21鄰,平東路,二段,90巷,,,,39號,121.229644754892,24.9151219106771
桃園市平鎮區建安里21鄰平東路二段90巷40號,68,6801000,6801000-023,21鄰,平東路,二段,90巷,,,,40號,121.229763019712,24.9145121283325
桃園市平鎮區建安里21鄰平東路二段90巷42弄1號,68,6801000,6801000-023,21鄰,平東路,二段,90巷,42弄,,,1號,121.229825665504,24.9147144494091
桃園市平鎮區建安里21鄰平東路二段90巷42弄5號,68,6801000,6801000-023,21鄰,平東路,二段,90巷,42弄,,,5號,121.229972113525,24.9146222238621
桃園市平鎮區建安里21鄰平東路二段90巷46弄1號,68,6801000,6801000-023,21鄰,平東路,二段,90巷,46弄,,,1號,121.229903411056,24.9148377483379
桃園市平鎮區建安里21鄰平東路二段90巷46弄2號,68,6801000,6801000-023,21鄰,平東路,二段,90巷,46弄,,,2號,121.229874558711,24.914760960799
桃園市平鎮區建安里21鄰平東路二段90巷46弄3號,68,6801000,6801000-023,21鄰,平東路,二段,90巷,46弄,,,3號,121.230066197304,24.9147472129155
桃園市平鎮區建安里21鄰平東路二段90巷46弄6號,68,6801000,6801000-023,21鄰,平東路,二段,90巷,46弄,,,6號,121.230019572821,24.9146962741546
桃園市平鎮區建安里21鄰平東路二段90巷46弄8號,68,6801000,6801000-023,21鄰,平東路,二段,90巷,46弄,,,8號,121.2301190868,24.9146531452679
桃園市平鎮區建安里21鄰平東路二段90巷46弄9號,68,6801000,6801000-023,21鄰,平東路,二段,90巷,46弄,,,9號,121.23017876392,24.914855831907
桃園市平鎮區建安里21鄰平東路二段90巷46弄10號,68,6801000,6801000-023,21鄰,平東路,二段,90巷,46弄,,,10號,121.230219938108,24.9145838317778
桃園市平鎮區建安里21鄰平東路二段90巷46弄11號,68,6801000,6801000-023,21鄰,平東路,二段,90巷,46弄,,,11號,121.230233763419,24.9148318216474
桃園市平鎮區建安里21鄰平東路二段90巷46弄15號,68,6801000,6801000-023,21鄰,平東路,二段,90巷,46弄,,,15號,121.230358314247,24.9148365046725
桃園市平鎮區建安里21鄰平東路二段90巷46弄17號,68,6801000,6801000-023,21鄰,平東路,二段,90巷,46弄,,,17號,121.230427981066,24.9148740456359
桃園市平鎮區建安里21鄰平東路二段90巷46弄19號,68,6801000,6801000-023,21鄰,平東路,二段,90巷,46弄,,,19號,121.230450937654,24.9148146030389
桃園市平鎮區建安里21鄰平東路二段90巷46弄21號,68,6801000,6801000-023,21鄰,平東路,二段,90巷,46弄,,,21號,121.230548527439,24.9146950059652
桃園市平鎮區建安里21鄰平東路二段90巷50號,68,6801000,6801000-023,21鄰,平東路,二段,90巷,,,,50號,121.229822865825,24.91507351473
桃園市平鎮區建安里21鄰平東路二段90巷52號,68,6801000,6801000-023,21鄰,平東路,二段,90巷,,,,52號,121.229960677625,24.9151287369043
桃園市平鎮區建安里21鄰平東路二段90巷56號,68,6801000,6801000-023,21鄰,平東路,二段,90巷,,,,56號,121.230307652374,24.9151171867822
桃園市平鎮區建安里21鄰平東路二段90巷66號,68,6801000,6801000-023,21鄰,平東路,二段,90巷,,,,66號,121.230071052494,24.9158702528383
桃園市平鎮區建安里20鄰平東路二段92號,68,6801000,6801000-023,20鄰,平東路,二段,,,,,92號,121.228801547994,24.9132321096691
桃園市平鎮區建安里21鄰平東路二段146號,68,6801000,6801000-023,21鄰,平東路,二段,,,,,146號,121.227802629375,24.9138678867641
桃園市平鎮區建安里21鄰平東路二段148號,68,6801000,6801000-023,21鄰,平東路,二段,,,,,148號,121.227796143165,24.914001698162
桃園市平鎮區建安里21鄰平東路二段152號,68,6801000,6801000-023,21鄰,平東路,二段,,,,,152號,121.227673112942,24.9139619803202
桃園市平鎮區建安里21鄰平東路二段208號,68,6801000,6801000-023,21鄰,平東路,二段,,,,,208號,121.226629925242,24.9148120620246
桃園市平鎮區新安里26鄰平東路1號,68,6801000,6801000-026,26鄰,平東路,,,,,,1號,121.254354821807,24.9187388678932
桃園市平鎮區新安里26鄰平東路3號,68,6801000,6801000-026,26鄰,平東路,,,,,,3號,121.254325795853,24.9187300695456
桃園市平鎮區新安里26鄰平東路7號,68,6801000,6801000-026,26鄰,平東路,,,,,,7號,121.254252945289,24.918592871454
桃園市平鎮區新安里26鄰平東路9號,68,6801000,6801000-026,26鄰,平東路,,,,,,9號,121.254263011937,24.9186257177517
桃園市平鎮區新安里26鄰平東路13號,68,6801000,6801000-026,26鄰,平東路,,,,,,13號,121.253952125226,24.9184239205418
桃園市平鎮區新安里26鄰平東路15號,68,6801000,6801000-026,26鄰,平東路,,,,,,15號,121.253918630026,24.9184081778385
桃園市平鎮區新安里26鄰平東路17號,68,6801000,6801000-026,26鄰,平東路,,,,,,17號,121.253869169743,24.9183799127988
桃園市平鎮區新安里26鄰平東路19號,68,6801000,6801000-026,26鄰,平東路,,,,,,19號,121.253839333591,24.9183621775948
桃園市平鎮區新安里26鄰平東路25號,68,6801000,6801000-026,26鄰,平東路,,,,,,25號,121.253643656574,24.9182421616612
桃園市平鎮區新安里26鄰平東路27之1號,68,6801000,6801000-026,26鄰,平東路,,,,,,27之1號,121.253362583209,24.918142965675
桃園市平鎮區新安里26鄰平東路27之2號,68,6801000,6801000-026,26鄰,平東路,,,,,,27之2號,121.253311737126,24.9181147028024
桃園市平鎮區新安里26鄰平東路27之3號,68,6801000,6801000-026,26鄰,平東路,,,,,,27之3號,121.25325486041,24.9180906032296
桃園市平鎮區新安里26鄰平東路27之4號,68,6801000,6801000-026,26鄰,平東路,,,,,,27之4號,121.253206802288,24.9180701000311
桃園市平鎮區新安里26鄰平東路27號,68,6801000,6801000-026,26鄰,平東路,,,,,,27號,121.253415008371,24.9181687881719
桃園市平鎮區新安里26鄰平東路31號,68,6801000,6801000-026,26鄰,平東路,,,,,,31號,121.253087168768,24.9180027705018
桃園市平鎮區新安里26鄰平東路31之1號,68,6801000,6801000-026,26鄰,平東路,,,,,,31之1號,121.253010960016,24.9179656124275
桃園市平鎮區新安里26鄰平東路33號,68,6801000,6801000-026,26鄰,平東路,,,,,,33號,121.252896293009,24.9179062193303
桃園市平鎮區新安里26鄰平東路35號,68,6801000,6801000-026,26鄰,平東路,,,,,,35號,121.252858153635,24.9178947276218
桃園市平鎮區新安里26鄰平東路37號,68,6801000,6801000-026,26鄰,平東路,,,,,,37號,121.252811580685,24.9178742217763
桃園市平鎮區新安里26鄰平東路39號,68,6801000,6801000-026,26鄰,平東路,,,,,,39號,121.252759260294,24.9178511074146
桃園市平鎮區新安里27鄰平東路41巷3號,68,6801000,6801000-026,27鄰,平東路,,41巷,,,,3號,121.252854250022,24.9175825312935
桃園市平鎮區新安里28鄰平東路41巷4號,68,6801000,6801000-026,28鄰,平東路,,41巷,,,,4號,121.25289213829,24.9167912157937
桃園市平鎮區新安里27鄰平東路41巷5號,68,6801000,6801000-026,27鄰,平東路,,41巷,,,,5號,121.252859814341,24.9175438801973
桃園市平鎮區新安里28鄰平東路41巷6弄1號,68,6801000,6801000-026,28鄰,平東路,,41巷,6弄,,,1號,121.252808019982,24.9166617102137
桃園市平鎮區新安里28鄰平東路41巷6弄2號,68,6801000,6801000-026,28鄰,平東路,,41巷,6弄,,,2號,121.252873342197,24.9167496266212
桃園市平鎮區新安里28鄰平東路41巷6弄3號,68,6801000,6801000-026,28鄰,平東路,,41巷,6弄,,,3號,121.252755843818,24.9166605346763
桃園市平鎮區新安里28鄰平東路41巷6弄4號,68,6801000,6801000-026,28鄰,平東路,,41巷,6弄,,,4號,121.252808915246,24.9167609311041
桃園市平鎮區新安里28鄰平東路41巷6弄5號,68,6801000,6801000-026,28鄰,平東路,,41巷,6弄,,,5號,121.252694154718,24.9166550415956
桃園市平鎮區新安里28鄰平東路41巷6弄6號,68,6801000,6801000-026,28鄰,平東路,,41巷,6弄,,,6號,121.252752481989,24.9167597627826
桃園市平鎮區新安里28鄰平東路41巷6弄7號,68,6801000,6801000-026,28鄰,平東路,,41巷,6弄,,,7號,121.252641583472,24.9166543181089
桃園市平鎮區新安里28鄰平東路41巷6弄8號,68,6801000,6801000-026,28鄰,平東路,,41巷,6弄,,,8號,121.252689019648,24.9167586063503
桃園市平鎮區新安里28鄰平東路41巷6弄9號,68,6801000,6801000-026,28鄰,平東路,,41巷,6弄,,,9號,121.2525822739,24.9166505363517
桃園市平鎮區新安里28鄰平東路41巷6弄10號,68,6801000,6801000-026,28鄰,平東路,,41巷,6弄,,,10號,121.252628324008,24.9167548269603
桃園市平鎮區新安里28鄰平東路41巷6弄11號,68,6801000,6801000-026,28鄰,平東路,,41巷,6弄,,,11號,121.252532664602,24.916645835302
桃園市平鎮區新安里28鄰平東路41巷6弄12號,68,6801000,6801000-026,28鄰,平東路,,41巷,6弄,,,12號,121.252585226679,24.9167392807849
桃園市平鎮區新安里28鄰平東路41巷6弄13號,68,6801000,6801000-026,28鄰,平東路,,41巷,6弄,,,13號,121.25246940216,24.91664558128
桃園市平鎮區新安里28鄰平東路41巷6弄14號,68,6801000,6801000-026,28鄰,平東路,,41巷,6弄,,,14號,121.252530281025,24.9167393738392
桃園市平鎮區新安里28鄰平東路41巷6弄16號,68,6801000,6801000-026,28鄰,平東路,,41巷,6弄,,,16號,121.252465333678,24.9167382198263
桃園市平鎮區新安里28鄰平東路41巷6弄18號,68,6801000,6801000-026,28鄰,平東路,,41巷,6弄,,,18號,121.252407509088,24.9167344354858
桃園市平鎮區新安里27鄰平東路41巷7號,68,6801000,6801000-026,27鄰,平東路,,41巷,,,,7號,121.252865368347,24.9175001731998
桃園市平鎮區新安里28鄰平東路41巷8號,68,6801000,6801000-026,28鄰,平東路,,41巷,,,,8號,121.252915946479,24.9166690208069
桃園市平鎮區新安里27鄰平東路41巷9號,68,6801000,6801000-026,27鄰,平東路,,41巷,,,,9號,121.252869557127,24.9174666706379
桃園市平鎮區新安里28鄰平東路41巷10號,68,6801000,6801000-026,28鄰,平東路,,41巷,,,,10號,121.252921518657,24.9166342519141
桃園市平鎮區新安里27鄰平東路41巷11號,68,6801000,6801000-026,27鄰,平東路,,41巷,,,,11號,121.252880751648,24.9174216900952
桃園市平鎮區新安里28鄰平東路41巷12號,68,6801000,6801000-026,28鄰,平東路,,41巷,,,,12號,121.252921098111,24.9165736718845
桃園市平鎮區新安里27鄰平東路41巷13號,68,6801000,6801000-026,27鄰,平東路,,41巷,,,,13號,121.252890570447,24.9173817678028
桃園市平鎮區新安里28鄰平東路41巷14號,68,6801000,6801000-026,28鄰,平東路,,41巷,,,,14號,121.252920005916,24.9165235659685
桃園市平鎮區新安里27鄰平東路41巷15號,68,6801000,6801000-026,27鄰,平東路,,41巷,,,,15號,121.252903970372,24.9173016629415
桃園市平鎮區新安里22鄰平東路41巷16弄1號,68,6801000,6801000-026,22鄰,平東路,,41巷,16弄,,,1號,121.252821102226,24.916425775244
桃園市平鎮區新安里22鄰平東路41巷16弄2號,68,6801000,6801000-026,22鄰,平東路,,41巷,16弄,,,2號,121.252813757777,24.9165139051412
桃園市平鎮區新安里22鄰平東路41巷16弄3號,68,6801000,6801000-026,22鄰,平東路,,41巷,16弄,,,3號,121.252766057711,24.9164258685519
桃園市平鎮區新安里22鄰平東路41巷16弄4號,68,6801000,6801000-026,22鄰,平東路,,41巷,16弄,,,4號,121.252763652048,24.9165084827355
桃園市平鎮區新安里22鄰平東路41巷16弄5號,68,6801000,6801000-026,22鄰,平東路,,41巷,16弄,,,5號,121.252712393873,24.9164233412561
桃園市平鎮區新安里22鄰平東路41巷16弄6號,68,6801000,6801000-026,22鄰,平東路,,41巷,16弄,,,6號,121.252704355236,24.9165109306192
桃園市平鎮區新安里22鄰平東路41巷16弄7號,68,6801000,6801000-026,22鄰,平東路,,41巷,16弄,,,7號,121.252657445784,24.9164221703808
桃園市平鎮區新安里22鄰平東路41巷16弄8號,68,6801000,6801000-026,22鄰,平東路,,41巷,16弄,,,8號,121.252652268021,24.9165047892596
桃園市平鎮區新安里22鄰平東路41巷16弄10號,68,6801000,6801000-026,22鄰,平東路,,41巷,16弄,,,10號,121.252595834882,24.9165036208778
桃園市平鎮區新安里22鄰平東路41巷16弄12號,68,6801000,6801000-026,22鄰,平東路,,41巷,16弄,,,12號,121.252543549122,24.9164972089636
桃園市平鎮區新安里27鄰平東路41巷17號,68,6801000,6801000-026,27鄰,平東路,,41巷,,,,17號,121.252908148641,24.9172630141929
桃園市平鎮區新安里22鄰平東路41巷18號,68,6801000,6801000-026,22鄰,平東路,,41巷,,,,18號,121.252925090576,24.9164439266206
桃園市平鎮區新安里27鄰平東路41巷19號,68,6801000,6801000-026,27鄰,平東路,,41巷,,,,19號,121.252919345708,24.9172192976215
桃園市平鎮區新安里22鄰平東路41巷20號,68,6801000,6801000-026,22鄰,平東路,,41巷,,,,20號,121.252925676425,24.9163913801825
桃園市平鎮區新安里27鄰平東路41巷21號,68,6801000,6801000-026,27鄰,平東路,,41巷,,,,21號,121.252926009688,24.9171858811432
桃園市平鎮區新安里22鄰平東路41巷22號,68,6801000,6801000-026,22鄰,平東路,,41巷,,,,22號,121.252925097094,24.9163500309697
桃園市平鎮區新安里27鄰平東路41巷23號,68,6801000,6801000-026,27鄰,平東路,,41巷,,,,23號,121.252935831216,24.917147313106
桃園市平鎮區新安里22鄰平東路41巷24號,68,6801000,6801000-026,22鄰,平東路,,41巷,,,,24號,121.252932636753,24.9163091194079
桃園市平鎮區新安里27鄰平東路41巷25號,68,6801000,6801000-026,27鄰,平東路,,41巷,,,,25號,121.252940004315,24.9171061364053
桃園市平鎮區新安里22鄰平東路41巷26弄1號,68,6801000,6801000-026,22鄰,平東路,,41巷,26弄,,,1號,121.252814855184,24.9162266187341
桃園市平鎮區新安里22鄰平東路41巷26弄2號,68,6801000,6801000-026,22鄰,平東路,,41巷,26弄,,,2號,121.252824807545,24.9163008155327
桃園市平鎮區新安里22鄰平東路41巷26弄4號,68,6801000,6801000-026,22鄰,平東路,,41巷,26弄,,,4號,121.252772639261,24.9163034319261
桃園市平鎮區新安里22鄰平東路41巷26弄6號,68,6801000,6801000-026,22鄰,平東路,,41巷,26弄,,,6號,121.252721838773,24.9162971078405
桃園市平鎮區新安里27鄰平東路41巷27號,68,6801000,6801000-026,27鄰,平東路,,41巷,,,,27號,121.252957736925,24.917063131019
桃園市平鎮區新安里22鄰平東路41巷28號,68,6801000,6801000-026,22鄰,平東路,,41巷,,,,28號,121.252919482609,24.9162184060256
桃園市平鎮區新安里27鄰平東路41巷29號,68,6801000,6801000-026,27鄰,平東路,,41巷,,,,29號,121.252966073229,24.9170244752144
桃園市平鎮區新安里22鄰平東路41巷30號,68,6801000,6801000-026,22鄰,平東路,,41巷,,,,30號,121.252926124259,24.9161740651841
桃園市平鎮區新安里27鄰平東路41巷31號,68,6801000,6801000-026,27鄰,平東路,,41巷,,,,31號,121.25297302093,24.9169845577851
桃園市平鎮區新安里22鄰平東路41巷32號,68,6801000,6801000-026,22鄰,平東路,,41巷,,,,32號,121.252928869158,24.9161122158023
桃園市平鎮區新安里28鄰平東路41巷33號,68,6801000,6801000-026,28鄰,平東路,,41巷,,,,33號,121.252983731231,24.9169449048251
桃園市平鎮區新安里22鄰平東路41巷34號,68,6801000,6801000-026,22鄰,平東路,,41巷,,,,34號,121.252931557218,24.9160710416149
桃園市平鎮區新安里28鄰平東路41巷35號,68,6801000,6801000-026,28鄰,平東路,,41巷,,,,35號,121.252994930822,24.916902452222
桃園市平鎮區新安里28鄰平東路41巷37號,68,6801000,6801000-026,28鄰,平東路,,41巷,,,,37號,121.253070551494,24.9168458059631
桃園市平鎮區新安里28鄰平東路41巷39號,68,6801000,6801000-026,28鄰,平東路,,41巷,,,,39號,121.253034731542,24.9168064125227
桃園市平鎮區新安里28鄰平東路41巷39之1號,68,6801000,6801000-026,28鄰,平東路,,41巷,,,,39之1號,121.253020495717,24.9167678852963
桃園市平鎮區新安里28鄰平東路41巷41號,68,6801000,6801000-026,28鄰,平東路,,41巷,,,,41號,121.253015287609,24.9167384614625
桃園市平鎮區新安里28鄰平東路41巷41之1號,68,6801000,6801000-026,28鄰,平東路,,41巷,,,,41之1號,121.253020841343,24.9166946641713
桃園市平鎮區新安里28鄰平東路41巷43號,68,6801000,6801000-026,28鄰,平東路,,41巷,,,,43號,121.253026405757,24.916656103349
桃園市平鎮區新安里28鄰平東路41巷45號,68,6801000,6801000-026,28鄰,平東路,,41巷,,,,45號,121.253034429439,24.9165612912556
桃園市平鎮區新安里28鄰平東路41巷47號,68,6801000,6801000-026,28鄰,平東路,,41巷,,,,47號,121.253042760529,24.9165201074939
桃園市平鎮區新安里28鄰平東路41巷49號,68,6801000,6801000-026,28鄰,平東路,,41巷,,,,49號,121.253044452654,24.9164760459002
桃園市平鎮區新安里28鄰平東路41巷51號,68,6801000,6801000-026,28鄰,平東路,,41巷,,,,51號,121.253059526929,24.9163917850991
桃園市平鎮區新安里28鄰平東路41巷53號,68,6801000,6801000-026,28鄰,平東路,,41巷,,,,53號,121.253060818438,24.9163454670776
桃園市平鎮區新安里28鄰平東路41巷55號,68,6801000,6801000-026,28鄰,平東路,,41巷,,,,55號,121.253056543979,24.9162884146727
桃園市平鎮區新安里28鄰平東路41巷59號,68,6801000,6801000-026,28鄰,平東路,,41巷,,,,59號,121.253025053796,24.9161875302904
桃園市平鎮區新安里26鄰平東路43號,68,6801000,6801000-026,26鄰,平東路,,,,,,43號,121.252656179508,24.9177930487554
桃園市平鎮區新安里26鄰平東路45號,68,6801000,6801000-026,26鄰,平東路,,,,,,45號,121.252621606285,24.9177825440706
桃園市平鎮區新安里26鄰平東路47號,68,6801000,6801000-026,26鄰,平東路,,,,,,47號,121.252560970352,24.9177597145781
桃園市平鎮區新安里26鄰平東路49號,68,6801000,6801000-026,26鄰,平東路,,,,,,49號,121.252515791434,24.9177430885011
桃園市平鎮區新安里26鄰平東路51號,68,6801000,6801000-026,26鄰,平東路,,,,,,51號,121.252477732766,24.9177225681324
桃園市平鎮區新安里26鄰平東路53號,68,6801000,6801000-026,26鄰,平東路,,,,,,53號,121.25243532317,24.9177045830782
桃園市平鎮區新安里26鄰平東路55號,68,6801000,6801000-026,26鄰,平東路,,,,,,55號,121.252394206124,24.917689304352
桃園市平鎮區新安里26鄰平東路57號,68,6801000,6801000-026,26鄰,平東路,,,,,,57號,121.252353174863,24.9176675250026
桃園市平鎮區新安里26鄰平東路59號,68,6801000,6801000-026,26鄰,平東路,,,,,,59號,121.252305202829,24.9176405208984
桃園市平鎮區新安里30鄰平東路61巷1弄2號,68,6801000,6801000-026,30鄰,平東路,,61巷,1弄,,,2號,121.252458538152,24.9174365801035
桃園市平鎮區新安里30鄰平東路61巷1弄4號,68,6801000,6801000-026,30鄰,平東路,,61巷,1弄,,,4號,121.252512220623,24.9174480455976
桃園市平鎮區新安里30鄰平東路61巷1弄6號,68,6801000,6801000-026,30鄰,平東路,,61巷,1弄,,,6號,121.252561547027,24.9174595184501
桃園市平鎮區新安里30鄰平東路61巷1弄8號,68,6801000,6801000-026,30鄰,平東路,,61巷,1弄,,,8號,121.252612363799,24.9174736070049
桃園市平鎮區新安里30鄰平東路61巷1弄10號,68,6801000,6801000-026,30鄰,平東路,,61巷,1弄,,,10號,121.252677703124,24.9174725934649
桃園市平鎮區新安里30鄰平東路61巷1弄12號,68,6801000,6801000-026,30鄰,平東路,,61巷,1弄,,,12號,121.252729911091,24.9174892075815
桃園市平鎮區新安里30鄰平東路61巷2號,68,6801000,6801000-026,30鄰,平東路,,61巷,,,,2號,121.252325525916,24.9174108033592
桃園市平鎮區新安里30鄰平東路61巷3號,68,6801000,6801000-026,30鄰,平東路,,61巷,,,,3號,121.252325444908,24.9173709881378
桃園市平鎮區新安里30鄰平東路61巷4號,68,6801000,6801000-026,30鄰,平東路,,61巷,,,,4號,121.252321111789,24.9173336177858
桃園市平鎮區新安里30鄰平東路61巷5號,68,6801000,6801000-026,30鄰,平東路,,61巷,,,,5號,121.252318258738,24.9172938072542
桃園市平鎮區新安里30鄰平東路61巷6弄1號,68,6801000,6801000-026,30鄰,平東路,,61巷,6弄,,,1號,121.252452400424,24.9172908716993
桃園市平鎮區新安里30鄰平東路61巷6弄2號,68,6801000,6801000-026,30鄰,平東路,,61巷,6弄,,,2號,121.252439414385,24.9171853513815
桃園市平鎮區新安里30鄰平東路61巷6弄3號,68,6801000,6801000-026,30鄰,平東路,,61巷,6弄,,,3號,121.252498923281,24.9172869107107
桃園市平鎮區新安里30鄰平東路61巷6弄4號,68,6801000,6801000-026,30鄰,平東路,,61巷,6弄,,,4號,121.252481688041,24.9171852798147
桃園市平鎮區新安里30鄰平東路61巷6弄5號,68,6801000,6801000-026,30鄰,平東路,,61巷,6弄,,,5號,121.252541341935,24.9173094099462
桃園市平鎮區新安里30鄰平東路61巷6弄6號,68,6801000,6801000-026,30鄰,平東路,,61巷,6弄,,,6號,121.252525449294,24.9171864696965
桃園市平鎮區新安里30鄰平東路61巷6弄7號,68,6801000,6801000-026,30鄰,平東路,,61巷,6弄,,,7號,121.252595633263,24.9173281874048
桃園市平鎮區新安里30鄰平東路61巷6弄8號,68,6801000,6801000-026,30鄰,平東路,,61巷,6弄,,,8號,121.252587417268,24.9171829339466
桃園市平鎮區新安里30鄰平東路61巷6弄9號,68,6801000,6801000-026,30鄰,平東路,,61巷,6弄,,,9號,121.252639391992,24.9173281132774
桃園市平鎮區新安里30鄰平東路61巷6弄10號,68,6801000,6801000-026,30鄰,平東路,,61巷,6弄,,,10號,121.252635433011,24.9171828526102
桃園市平鎮區新安里30鄰平東路61巷6弄11號,68,6801000,6801000-026,30鄰,平東路,,61巷,6弄,,,11號,121.252681665696,24.9173280416536
桃園市平鎮區新安里30鄰平東路61巷6弄12號,68,6801000,6801000-026,30鄰,平東路,,61巷,6弄,,,12號,121.252696429913,24.9171886177389
桃園市平鎮區新安里30鄰平東路61巷6弄13號,68,6801000,6801000-026,30鄰,平東路,,61巷,6弄,,,13號,121.252725419273,24.9173254395505
桃園市平鎮區新安里30鄰平東路61巷6弄14號,68,6801000,6801000-026,30鄰,平東路,,61巷,6弄,,,14號,121.252749888903,24.9171876242993
桃園市平鎮區新安里30鄰平東路61巷6弄15號,68,6801000,6801000-026,30鄰,平東路,,61巷,6弄,,,15號,121.252771950047,24.9173253606864
桃園市平鎮區新安里30鄰平東路61巷6弄16號,68,6801000,6801000-026,30鄰,平東路,,61巷,6弄,,,16號,121.252812851303,24.9171862535925
桃園市平鎮區新安里30鄰平東路61巷7號,68,6801000,6801000-026,30鄰,平東路,,61巷,,,,7號,121.252327880616,24.9172056735346
桃園市平鎮區新安里30鄰平東路61巷8號,68,6801000,6801000-026,30鄰,平東路,,61巷,,,,8號,121.252327889609,24.9171614342309
桃園市平鎮區新安里30鄰平東路61巷9號,68,6801000,6801000-026,30鄰,平東路,,61巷,,,,9號,121.252323431963,24.917111514576
桃園市平鎮區新安里30鄰平東路61巷10號,68,6801000,6801000-026,30鄰,平東路,,61巷,,,,10號,121.252320482304,24.9170728779022
桃園市平鎮區新安里30鄰平東路61巷11號,68,6801000,6801000-026,30鄰,平東路,,61巷,,,,11號,121.25232187585,24.9170279139809
桃園市平鎮區新安里30鄰平東路61巷12號,68,6801000,6801000-026,30鄰,平東路,,61巷,,,,12號,121.252317545501,24.9169918978863
桃園市平鎮區新安里29鄰平東路61巷13弄1號,68,6801000,6801000-026,29鄰,平東路,,61巷,13弄,,,1號,121.252430538788,24.9170077772609
桃園市平鎮區新安里29鄰平東路61巷13弄2號,68,6801000,6801000-026,29鄰,平東路,,61巷,13弄,,,2號,121.252424726238,24.9168758817891
桃園市平鎮區新安里29鄰平東路61巷13弄3號,68,6801000,6801000-026,29鄰,平東路,,61巷,13弄,,,3號,121.252480832967,24.917008414392
桃園市平鎮區新安里29鄰平東路61巷13弄4號,68,6801000,6801000-026,29鄰,平東路,,61巷,13弄,,,4號,121.252472744436,24.9168770644814
桃園市平鎮區新安里29鄰平東路61巷13弄5號,68,6801000,6801000-026,29鄰,平東路,,61巷,13弄,,,5號,121.252523704615,24.917010328055
桃園市平鎮區新安里29鄰平東路61巷13弄6號,68,6801000,6801000-026,29鄰,平東路,,61巷,13弄,,,6號,121.252515015413,24.9168757289306
桃園市平鎮區新安里29鄰平東路61巷13弄7號,68,6801000,6801000-026,29鄰,平東路,,61巷,13弄,,,7號,121.252571245694,24.9170202690966
桃園市平鎮區新安里29鄰平東路61巷13弄8號,68,6801000,6801000-026,29鄰,平東路,,61巷,13弄,,,8號,121.252568983802,24.9168818671509
桃園市平鎮區新安里29鄰平東路61巷13弄9號,68,6801000,6801000-026,29鄰,平東路,,61巷,13弄,,,9號,121.25261500174,24.917018931002
桃園市平鎮區新安里29鄰平東路61巷13弄10號,68,6801000,6801000-026,29鄰,平東路,,61巷,13弄,,,10號,121.252614130966,24.9168830546601
桃園市平鎮區新安里29鄰平東路61巷13弄11號,68,6801000,6801000-026,29鄰,平東路,,61巷,13弄,,,11號,121.252664307933,24.9170205628717
桃園市平鎮區新安里29鄰平東路61巷13弄12號,68,6801000,6801000-026,29鄰,平東路,,61巷,13弄,,,12號,121.252659272981,24.916881714205
桃園市平鎮區新安里29鄰平東路61巷13弄13號,68,6801000,6801000-026,29鄰,平東路,,61巷,13弄,,,13號,121.252708269707,24.9170230163401
桃園市平鎮區新安里29鄰平東路61巷13弄14號,68,6801000,6801000-026,29鄰,平東路,,61巷,13弄,,,14號,121.252700264667,24.9168841727082
桃園市平鎮區新安里29鄰平東路61巷13弄15號,68,6801000,6801000-026,29鄰,平東路,,61巷,13弄,,,15號,121.252750150429,24.9170244801959
桃園市平鎮區新安里29鄰平東路61巷13弄16號,68,6801000,6801000-026,29鄰,平東路,,61巷,13弄,,,16號,121.252748495408,24.9168924874083
桃園市平鎮區新安里29鄰平東路61巷13弄17號,68,6801000,6801000-026,29鄰,平東路,,61巷,13弄,,,17號,121.252795695676,24.917026660102
桃園市平鎮區新安里29鄰平東路61巷13弄18號,68,6801000,6801000-026,29鄰,平東路,,61巷,13弄,,,18號,121.252792253983,24.9168924132374
桃園市平鎮區新安里29鄰平東路61巷13弄19號,68,6801000,6801000-026,29鄰,平東路,,61巷,13弄,,,19號,121.252847777042,24.917029822039
桃園市平鎮區新安里29鄰平東路61巷13弄20號,68,6801000,6801000-026,29鄰,平東路,,61巷,13弄,,,20號,121.252840165274,24.9168897137692
桃園市平鎮區新安里29鄰平東路61巷13弄22號,68,6801000,6801000-026,29鄰,平東路,,61巷,13弄,,,22號,121.25288105281,24.9168896444399
桃園市平鎮區新安里29鄰平東路61巷14號,68,6801000,6801000-026,29鄰,平東路,,61巷,,,,14號,121.252303226672,24.9169124719593
桃園市平鎮區新安里29鄰平東路61巷15號,68,6801000,6801000-026,29鄰,平東路,,61巷,,,,15號,121.252300040268,24.9168547857043
桃園市平鎮區新安里29鄰平東路61巷16號,68,6801000,6801000-026,29鄰,平東路,,61巷,,,,16號,121.252298580967,24.9168187647509
桃園市平鎮區新安里31鄰平東路67號,68,6801000,6801000-026,31鄰,平東路,,,,,,67號,121.252088186425,24.9175413946626
桃園市平鎮區新安里31鄰平東路69號,68,6801000,6801000-026,31鄰,平東路,,,,,,69號,121.252061744777,24.9174887133513
桃園市平鎮區新安里31鄰平東路73號,68,6801000,6801000-026,31鄰,平東路,,,,,,73號,121.251997834142,24.9174620069394
桃園市平鎮區新安里31鄰平東路75號,68,6801000,6801000-026,31鄰,平東路,,,,,,75號,121.251956119917,24.9174451039834
桃園市平鎮區新安里31鄰平東路77號,68,6801000,6801000-026,31鄰,平東路,,,,,,77號,121.251853793901,24.9173683546445
桃園市平鎮區新安里31鄰平東路81號,68,6801000,6801000-026,31鄰,平東路,,,,,,81號,121.251785918174,24.9173391268778
桃園市平鎮區新安里31鄰平東路83號,68,6801000,6801000-026,31鄰,平東路,,,,,,83號,121.251746175072,24.9173177966054
桃園市平鎮區新安里31鄰平東路85號,68,6801000,6801000-026,31鄰,平東路,,,,,,85號,121.251708691063,24.9172876146512
桃園市平鎮區新安里31鄰平東路87號,68,6801000,6801000-026,31鄰,平東路,,,,,,87號,121.251646428751,24.9172925047971
桃園市平鎮區新安里31鄰平東路89號,68,6801000,6801000-026,31鄰,平東路,,,,,,89號,121.251599258369,24.9172701036072
桃園市平鎮區新安里31鄰平東路91號,68,6801000,6801000-026,31鄰,平東路,,,,,,91號,121.251561712951,24.9172584299936
桃園市平鎮區新安里31鄰平東路93號,68,6801000,6801000-026,31鄰,平東路,,,,,,93號,121.25151342996,24.9172243839829
桃園市平鎮區新安里31鄰平東路97巷1號,68,6801000,6801000-026,31鄰,平東路,,97巷,,,,1號,121.251699623814,24.9171126590503
桃園市平鎮區新安里31鄰平東路101號,68,6801000,6801000-026,31鄰,平東路,,,,,,101號,121.251297219362,24.9171313945533
桃園市平鎮區新安里31鄰平東路111號,68,6801000,6801000-026,31鄰,平東路,,,,,,111號,121.251083691264,24.9170429145039
桃園市平鎮區新安里31鄰平東路113號,68,6801000,6801000-026,31鄰,平東路,,,,,,113號,121.251045122321,24.9170146301768
桃園市平鎮區新安里31鄰平東路115號,68,6801000,6801000-026,31鄰,平東路,,,,,,115號,121.251000029354,24.9169913224553
桃園市平鎮區新安里31鄰平東路117號,68,6801000,6801000-026,31鄰,平東路,,,,,,117號,121.250959282599,24.9169631320553
桃園市平鎮區新安里31鄰平東路123號,68,6801000,6801000-026,31鄰,平東路,,,,,,123號,121.250880903296,24.9169290461974
桃園市平鎮區新安里31鄰平東路125號,68,6801000,6801000-026,31鄰,平東路,,,,,,125號,121.250860586858,24.916869673324
桃園市平鎮區新安里31鄰平東路127號,68,6801000,6801000-026,31鄰,平東路,,,,,,127號,121.250793996229,24.9168882033193
桃園市平鎮區新安里31鄰平東路129號,68,6801000,6801000-026,31鄰,平東路,,,,,,129號,121.250770414806,24.9168298290508
桃園市平鎮區新安里31鄰平東路131號,68,6801000,6801000-026,31鄰,平東路,,,,,,131號,121.250708190827,24.9168535881527
桃園市平鎮區新安里31鄰平東路133號,68,6801000,6801000-026,31鄰,平東路,,,,,,133號,121.250689940918,24.9167879821657
桃園市平鎮區新安里31鄰平東路135號,68,6801000,6801000-026,31鄰,平東路,,,,,,135號,121.250630050828,24.9167908816443
桃園市平鎮區新安里31鄰平東路137號,68,6801000,6801000-026,31鄰,平東路,,,,,,137號,121.250574052016,24.9167597373889
桃園市平鎮區新安里31鄰平東路137號三樓,68,6801000,6801000-026,31鄰,平東路,,,,,,137號三樓,121.250574052016,24.9167597373889
桃園市平鎮區新安里31鄰平東路137號五樓,68,6801000,6801000-026,31鄰,平東路,,,,,,137號五樓,121.250574052016,24.9167597373889
桃園市平鎮區新安里31鄰平東路137號七樓,68,6801000,6801000-026,31鄰,平東路,,,,,,137號七樓,121.250574052016,24.9167597373889
桃園市平鎮區新安里31鄰平東路137號四樓,68,6801000,6801000-026,31鄰,平東路,,,,,,137號四樓,121.250574052016,24.9167597373889
桃園市平鎮區新安里31鄰平東路137號六樓,68,6801000,6801000-026,31鄰,平東路,,,,,,137號六樓,121.250574052016,24.9167597373889
桃園市平鎮區新安里31鄰平東路139之1號,68,6801000,6801000-026,31鄰,平東路,,,,,,139之1號,121.25063200079,24.916678023023
桃園市平鎮區新安里31鄰平東路139之2號,68,6801000,6801000-026,31鄰,平東路,,,,,,139之2號,121.250571927295,24.9166391211662
桃園市平鎮區新安里31鄰平東路139號,68,6801000,6801000-026,31鄰,平東路,,,,,,139號,121.250523708154,24.9167344520902
桃園市平鎮區新安里31鄰平東路139號三樓,68,6801000,6801000-026,31鄰,平東路,,,,,,139號三樓,121.250523708154,24.9167344520902
桃園市平鎮區新安里31鄰平東路139號四樓,68,6801000,6801000-026,31鄰,平東路,,,,,,139號四樓,121.250523708154,24.9167344520902
桃園市平鎮區新安里31鄰平東路139之1號四樓,68,6801000,6801000-026,31鄰,平東路,,,,,,139之1號四樓,121.25063200079,24.916678023023
桃園市平鎮區新安里31鄰平東路139號五樓,68,6801000,6801000-026,31鄰,平東路,,,,,,139號五樓,121.250523708154,24.9167344520902
桃園市平鎮區新安里31鄰平東路139之2號五樓,68,6801000,6801000-026,31鄰,平東路,,,,,,139之2號五樓,121.250571927295,24.9166391211662
桃園市平鎮區新安里31鄰平東路139之1號五樓,68,6801000,6801000-026,31鄰,平東路,,,,,,139之1號五樓,121.25063200079,24.916678023023
桃園市平鎮區新安里31鄰平東路139號六樓,68,6801000,6801000-026,31鄰,平東路,,,,,,139號六樓,121.250523708154,24.9167344520902
桃園市平鎮區新安里31鄰平東路139之2號六樓,68,6801000,6801000-026,31鄰,平東路,,,,,,139之2號六樓,121.250571927295,24.9166391211662
桃園市平鎮區新安里31鄰平東路139之1號六樓,68,6801000,6801000-026,31鄰,平東路,,,,,,139之1號六樓,121.25063200079,24.916678023023
桃園市平鎮區新安里31鄰平東路139號七樓,68,6801000,6801000-026,31鄰,平東路,,,,,,139號七樓,121.250523708154,24.9167344520902
桃園市平鎮區新安里31鄰平東路139之2號七樓,68,6801000,6801000-026,31鄰,平東路,,,,,,139之2號七樓,121.250571927295,24.9166391211662
桃園市平鎮區新安里31鄰平東路139之1號七樓,68,6801000,6801000-026,31鄰,平東路,,,,,,139之1號七樓,121.25063200079,24.916678023023
桃園市平鎮區新安里31鄰平東路139之2號三樓,68,6801000,6801000-026,31鄰,平東路,,,,,,139之2號三樓,121.250571927295,24.9166391211662
桃園市平鎮區新安里31鄰平東路139之2號四樓,68,6801000,6801000-026,31鄰,平東路,,,,,,139之2號四樓,121.250571927295,24.9166391211662
桃園市平鎮區新安里31鄰平東路139之1號三樓,68,6801000,6801000-026,31鄰,平東路,,,,,,139之1號三樓,121.25063200079,24.916678023023
桃園市平鎮區新安里31鄰平東路139之2號二樓,68,6801000,6801000-026,31鄰,平東路,,,,,,139之2號二樓,121.250571927295,24.9166391211662
桃園市平鎮區新安里31鄰平東路139之1號二樓,68,6801000,6801000-026,31鄰,平東路,,,,,,139之1號二樓,121.25063200079,24.916678023023
桃園市平鎮區新安里31鄰平東路143號,68,6801000,6801000-026,31鄰,平東路,,,,,,143號,121.250320104226,24.9166082154348
桃園市平鎮區新安里31鄰平東路145巷11弄3號,68,6801000,6801000-026,31鄰,平東路,,145巷,11弄,,,3號,121.25070902464,24.9164334940145
桃園市平鎮區新安里31鄰平東路145巷11弄5號,68,6801000,6801000-026,31鄰,平東路,,145巷,11弄,,,5號,121.250757650836,24.9164906524905
桃園市平鎮區新安里31鄰平東路145巷11弄9號,68,6801000,6801000-026,31鄰,平東路,,145巷,11弄,,,9號,121.250882843599,24.9165668224259
桃園市平鎮區新安里31鄰平東路145巷13號,68,6801000,6801000-026,31鄰,平東路,,145巷,,,,13號,121.250682449876,24.9162165855637
桃園市平鎮區新安里31鄰平東路145巷17號,68,6801000,6801000-026,31鄰,平東路,,145巷,,,,17號,121.250824375656,24.9160490501493
桃園市平鎮區新安里31鄰平東路145巷19號,68,6801000,6801000-026,31鄰,平東路,,145巷,,,,19號,121.250949081207,24.9160314154867
桃園市平鎮區新安里31鄰平東路145巷21號,68,6801000,6801000-026,31鄰,平東路,,145巷,,,,21號,121.250941891222,24.9159029530506
桃園市平鎮區新安里31鄰平東路145巷23號,68,6801000,6801000-026,31鄰,平東路,,145巷,,,,23號,121.251141951901,24.9158930461414
桃園市平鎮區新安里31鄰平東路145巷25號,68,6801000,6801000-026,31鄰,平東路,,145巷,,,,25號,121.251250847399,24.9158414909608
桃園市平鎮區新安里31鄰平東路145巷27號,68,6801000,6801000-026,31鄰,平東路,,145巷,,,,27號,121.251531282341,24.9159221837999
桃園市平鎮區新安里31鄰平東路145巷31號,68,6801000,6801000-026,31鄰,平東路,,145巷,,,,31號,121.2511177789,24.9154935788835
桃園市平鎮區新安里31鄰平東路145巷33號,68,6801000,6801000-026,31鄰,平東路,,145巷,,,,33號,121.251168207663,24.9155120925236
桃園市平鎮區新安里31鄰平東路145巷35號,68,6801000,6801000-026,31鄰,平東路,,145巷,,,,35號,121.251219727272,24.9155315071519
桃園市平鎮區新安里31鄰平東路155之1號,68,6801000,6801000-026,31鄰,平東路,,,,,,155之1號,121.250028087898,24.91643057443
桃園市平鎮區新安里31鄰平東路203號,68,6801000,6801000-026,31鄰,平東路,,,,,,203號,121.249649533301,24.9160010040089
桃園市平鎮區新安里1鄰平東路239巷129號,68,6801000,6801000-026,1鄰,平東路,,239巷,,,,129號,121.248693330939,24.9123710053827
桃園市平鎮區新安里1鄰平東路239巷217弄52號,68,6801000,6801000-026,1鄰,平東路,,239巷,217弄,,,52號,121.249025349446,24.9102893068911
桃園市平鎮區新安里1鄰平東路239巷217弄56號,68,6801000,6801000-026,1鄰,平東路,,239巷,217弄,,,56號,121.249022662371,24.9103315644579
桃園市平鎮區新安里1鄰平東路239巷217弄58號,68,6801000,6801000-026,1鄰,平東路,,239巷,217弄,,,58號,121.249025707465,24.9103690273831
桃園市平鎮區新安里1鄰平東路239巷217弄60號,68,6801000,6801000-026,1鄰,平東路,,239巷,217弄,,,60號,121.249025774701,24.9104025227681
桃園市平鎮區新安里1鄰平東路239巷217弄62號,68,6801000,6801000-026,1鄰,平東路,,239巷,217弄,,,62號,121.249030208462,24.9104413376398
桃園市平鎮區新安里1鄰平東路239巷217弄66號,68,6801000,6801000-026,1鄰,平東路,,239巷,217弄,,,66號,121.249028892291,24.9104760993152
桃園市平鎮區新安里1鄰平東路239巷217弄68號,68,6801000,6801000-026,1鄰,平東路,,239巷,217弄,,,68號,121.249028975658,24.9105176299806
桃園市平鎮區新安里1鄰平東路239巷217弄70號,68,6801000,6801000-026,1鄰,平東路,,239巷,217弄,,,70號,121.249027563208,24.9105537460818
桃園市平鎮區新安里1鄰平東路239巷217弄72號,68,6801000,6801000-026,1鄰,平東路,,239巷,217弄,,,72號,121.249030509493,24.9105912994551
桃園市平鎮區新安里1鄰平東路239巷217弄76號,68,6801000,6801000-026,1鄰,平東路,,239巷,217弄,,,76號,121.249227215139,24.9105909709024
桃園市平鎮區新安里1鄰平東路239巷217弄78號,68,6801000,6801000-026,1鄰,平東路,,239巷,217弄,,,78號,121.24922863007,24.9105561187767
桃園市平鎮區新安里1鄰平東路239巷217弄80號,68,6801000,6801000-026,1鄰,平東路,,239巷,217弄,,,80號,121.249227072575,24.9105200076366
桃園市平鎮區新安里1鄰平東路239巷217弄82號,68,6801000,6801000-026,1鄰,平東路,,239巷,217弄,,,82號,121.249226994583,24.9104811854935
桃園市平鎮區新安里1鄰平東路239巷217弄86號,68,6801000,6801000-026,1鄰,平東路,,239巷,217弄,,,86號,121.24922691387,24.9104410090893
桃園市平鎮區新安里1鄰平東路239巷217弄88號,68,6801000,6801000-026,1鄰,平東路,,239巷,217弄,,,88號,121.249226843858,24.9104061594442
桃園市平鎮區新安里1鄰平東路239巷217弄90號,68,6801000,6801000-026,1鄰,平東路,,239巷,217弄,,,90號,121.249226763327,24.9103660733237
桃園市平鎮區新安里1鄰平東路239巷217弄92號,68,6801000,6801000-026,1鄰,平東路,,239巷,217弄,,,92號,121.249231839661,24.9103304928041
桃園市平鎮區新安里1鄰平東路239巷217弄96號,68,6801000,6801000-026,1鄰,平東路,,239巷,217弄,,,96號,121.249224433239,24.9102903286399
桃園市平鎮區新安里1鄰平東路239巷217弄98號,68,6801000,6801000-026,1鄰,平東路,,239巷,217弄,,,98號,121.249344801738,24.9102848006902
桃園市平鎮區新安里1鄰平東路239巷217弄100號,68,6801000,6801000-026,1鄰,平東路,,239巷,217弄,,,100號,121.249344882489,24.9103249770949
桃園市平鎮區新安里1鄰平東路239巷217弄102號,68,6801000,6801000-026,1鄰,平東路,,239巷,217弄,,,102號,121.24934348102,24.9103665102425
桃園市平鎮區新安里1鄰平東路239巷217弄106號,68,6801000,6801000-026,1鄰,平東路,,239巷,217弄,,,106號,121.249342068662,24.9104026263466
桃園市平鎮區新安里1鄰平東路239巷217弄108號,68,6801000,6801000-026,1鄰,平東路,,239巷,217弄,,,108號,121.24934214669,24.9104414484898
桃園市平鎮區新安里1鄰平東路239巷217弄110號,68,6801000,6801000-026,1鄰,平東路,,239巷,217弄,,,110號,121.249346676826,24.9104789089248
桃園市平鎮區新安里1鄰平東路239巷217弄112號,68,6801000,6801000-026,1鄰,平東路,,239巷,217弄,,,112號,121.249349631191,24.9105204347898
桃園市平鎮區新安里1鄰平東路239巷217弄116號,68,6801000,6801000-026,1鄰,平東路,,239巷,217弄,,,116號,121.249348224278,24.9105592594148
桃園市平鎮區新安里1鄰平東路239巷217弄118號,68,6801000,6801000-026,1鄰,平東路,,239巷,217弄,,,118號,121.24949490102,24.9104920231449
桃園市平鎮區新安里1鄰平東路239巷219號,68,6801000,6801000-026,1鄰,平東路,,239巷,,,,219號,121.248280394676,24.9106815703514
桃園市平鎮區新安里39鄰平東路239巷285號,68,6801000,6801000-026,39鄰,平東路,,239巷,,,,285號,121.248177184859,24.9089713950187
桃園市平鎮區新安里39鄰平東路239巷285號地下二層,68,6801000,6801000-026,39鄰,平東路,,239巷,,,,285號地下二層,121.248177184859,24.9089713950187
桃園市平鎮區新安里39鄰平東路239巷285號三樓,68,6801000,6801000-026,39鄰,平東路,,239巷,,,,285號三樓,121.248177184859,24.9089713950187
桃園市平鎮區新安里39鄰平東路239巷285號二樓,68,6801000,6801000-026,39鄰,平東路,,239巷,,,,285號二樓,121.248177184859,24.9089713950187
桃園市平鎮區新安里39鄰平東路239巷285號四樓,68,6801000,6801000-026,39鄰,平東路,,239巷,,,,285號四樓,121.248177184859,24.9089713950187
桃園市平鎮區新安里39鄰平東路239巷285號五樓,68,6801000,6801000-026,39鄰,平東路,,239巷,,,,285號五樓,121.248177184859,24.9089713950187
桃園市平鎮區新安里39鄰平東路239巷285號六樓,68,6801000,6801000-026,39鄰,平東路,,239巷,,,,285號六樓,121.248177184859,24.9089713950187
桃園市平鎮區新安里39鄰平東路239巷287號,68,6801000,6801000-026,39鄰,平東路,,239巷,,,,287號,121.248280586046,24.9089469364441
桃園市平鎮區新安里39鄰平東路239巷287號四樓,68,6801000,6801000-026,39鄰,平東路,,239巷,,,,287號四樓,121.248280586046,24.9089469364441
桃園市平鎮區新安里39鄰平東路239巷287號五樓,68,6801000,6801000-026,39鄰,平東路,,239巷,,,,287號五樓,121.248280586046,24.9089469364441
桃園市平鎮區新安里39鄰平東路239巷287號三樓,68,6801000,6801000-026,39鄰,平東路,,239巷,,,,287號三樓,121.248280586046,24.9089469364441
桃園市平鎮區新安里39鄰平東路239巷287號六樓,68,6801000,6801000-026,39鄰,平東路,,239巷,,,,287號六樓,121.248280586046,24.9089469364441
桃園市平鎮區新安里39鄰平東路239巷287號七樓,68,6801000,6801000-026,39鄰,平東路,,239巷,,,,287號七樓,121.248280586046,24.9089469364441
桃園市平鎮區新安里39鄰平東路239巷287號二樓,68,6801000,6801000-026,39鄰,平東路,,239巷,,,,287號二樓,121.248280586046,24.9089469364441
桃園市平鎮區新安里39鄰平東路239巷289號,68,6801000,6801000-026,39鄰,平東路,,239巷,,,,289號,121.248310243038,24.9090250733493
桃園市平鎮區新安里39鄰平東路239巷289號二樓,68,6801000,6801000-026,39鄰,平東路,,239巷,,,,289號二樓,121.248310243038,24.9090250733493
桃園市平鎮區新安里39鄰平東路239巷289號三樓,68,6801000,6801000-026,39鄰,平東路,,239巷,,,,289號三樓,121.248310243038,24.9090250733493
桃園市平鎮區新安里39鄰平東路239巷289號四樓,68,6801000,6801000-026,39鄰,平東路,,239巷,,,,289號四樓,121.248310243038,24.9090250733493
桃園市平鎮區新安里39鄰平東路239巷289號五樓,68,6801000,6801000-026,39鄰,平東路,,239巷,,,,289號五樓,121.248310243038,24.9090250733493
桃園市平鎮區新安里39鄰平東路239巷289號六樓,68,6801000,6801000-026,39鄰,平東路,,239巷,,,,289號六樓,121.248310243038,24.9090250733493
桃園市平鎮區新安里39鄰平東路239巷289號七樓,68,6801000,6801000-026,39鄰,平東路,,239巷,,,,289號七樓,121.248310243038,24.9090250733493
桃園市平鎮區新安里39鄰平東路239巷291號,68,6801000,6801000-026,39鄰,平東路,,239巷,,,,291號,121.248413703717,24.909030318144
桃園市平鎮區新安里39鄰平東路239巷291號五樓,68,6801000,6801000-026,39鄰,平東路,,239巷,,,,291號五樓,121.248413703717,24.909030318144
桃園市平鎮區新安里39鄰平東路239巷291號二樓,68,6801000,6801000-026,39鄰,平東路,,239巷,,,,291號二樓,121.248413703717,24.909030318144
桃園市平鎮區新安里39鄰平東路239巷291號三樓,68,6801000,6801000-026,39鄰,平東路,,239巷,,,,291號三樓,121.248413703717,24.909030318144
桃園市平鎮區新安里39鄰平東路239巷291號六樓,68,6801000,6801000-026,39鄰,平東路,,239巷,,,,291號六樓,121.248413703717,24.909030318144
桃園市平鎮區新安里39鄰平東路239巷291號七樓,68,6801000,6801000-026,39鄰,平東路,,239巷,,,,291號七樓,121.248413703717,24.909030318144
桃園市平鎮區新安里39鄰平東路239巷291號四樓,68,6801000,6801000-026,39鄰,平東路,,239巷,,,,291號四樓,121.248413703717,24.909030318144
桃園市平鎮區新安里39鄰平東路239巷293號,68,6801000,6801000-026,39鄰,平東路,,239巷,,,,293號,121.248540780996,24.9090139455512
桃園市平鎮區新安里39鄰平東路239巷293號五樓,68,6801000,6801000-026,39鄰,平東路,,239巷,,,,293號五樓,121.248540780996,24.9090139455512
桃園市平鎮區新安里39鄰平東路239巷293號七樓,68,6801000,6801000-026,39鄰,平東路,,239巷,,,,293號七樓,121.248540780996,24.9090139455512
桃園市平鎮區新安里39鄰平東路239巷293號四樓,68,6801000,6801000-026,39鄰,平東路,,239巷,,,,293號四樓,121.248540780996,24.9090139455512
桃園市平鎮區新安里39鄰平東路239巷293號六樓,68,6801000,6801000-026,39鄰,平東路,,239巷,,,,293號六樓,121.248540780996,24.9090139455512
桃園市平鎮區新安里39鄰平東路239巷293號二樓,68,6801000,6801000-026,39鄰,平東路,,239巷,,,,293號二樓,121.248540780996,24.9090139455512
桃園市平鎮區新安里39鄰平東路239巷293號三樓,68,6801000,6801000-026,39鄰,平東路,,239巷,,,,293號三樓,121.248540780996,24.9090139455512
桃園市平鎮區新安里39鄰平東路239巷295號,68,6801000,6801000-026,39鄰,平東路,,239巷,,,,295號,121.248519912894,24.9089250502085
桃園市平鎮區新安里39鄰平東路239巷295號四樓,68,6801000,6801000-026,39鄰,平東路,,239巷,,,,295號四樓,121.248519912894,24.9089250502085
桃園市平鎮區新安里39鄰平東路239巷295號五樓,68,6801000,6801000-026,39鄰,平東路,,239巷,,,,295號五樓,121.248519912894,24.9089250502085
桃園市平鎮區新安里39鄰平東路239巷295號二樓,68,6801000,6801000-026,39鄰,平東路,,239巷,,,,295號二樓,121.248519912894,24.9089250502085
桃園市平鎮區新安里39鄰平東路239巷295號三樓,68,6801000,6801000-026,39鄰,平東路,,239巷,,,,295號三樓,121.248519912894,24.9089250502085
桃園市平鎮區新安里39鄰平東路239巷295號六樓,68,6801000,6801000-026,39鄰,平東路,,239巷,,,,295號六樓,121.248519912894,24.9089250502085
桃園市平鎮區新安里39鄰平東路239巷295號七樓,68,6801000,6801000-026,39鄰,平東路,,239巷,,,,295號七樓,121.248519912894,24.9089250502085
桃園市平鎮區新安里39鄰平東路239巷297號,68,6801000,6801000-026,39鄰,平東路,,239巷,,,,297號,121.248493083428,24.9088253306673
桃園市平鎮區新安里39鄰平東路239巷297號三樓,68,6801000,6801000-026,39鄰,平東路,,239巷,,,,297號三樓,121.248493083428,24.9088253306673
桃園市平鎮區新安里39鄰平東路239巷297號四樓,68,6801000,6801000-026,39鄰,平東路,,239巷,,,,297號四樓,121.248493083428,24.9088253306673
桃園市平鎮區新安里39鄰平東路239巷297號五樓,68,6801000,6801000-026,39鄰,平東路,,239巷,,,,297號五樓,121.248493083428,24.9088253306673
桃園市平鎮區新安里39鄰平東路239巷297號六樓,68,6801000,6801000-026,39鄰,平東路,,239巷,,,,297號六樓,121.248493083428,24.9088253306673
桃園市平鎮區新安里39鄰平東路239巷297號二樓,68,6801000,6801000-026,39鄰,平東路,,239巷,,,,297號二樓,121.248493083428,24.9088253306673
桃園市平鎮區新安里39鄰平東路239巷297號七樓,68,6801000,6801000-026,39鄰,平東路,,239巷,,,,297號七樓,121.248493083428,24.9088253306673
桃園市平鎮區新安里39鄰平東路239巷299號,68,6801000,6801000-026,39鄰,平東路,,239巷,,,,299號,121.248475206936,24.9087472644577
桃園市平鎮區新安里39鄰平東路239巷299號二樓,68,6801000,6801000-026,39鄰,平東路,,239巷,,,,299號二樓,121.248475206936,24.9087472644577
桃園市平鎮區新安里39鄰平東路239巷299號三樓,68,6801000,6801000-026,39鄰,平東路,,239巷,,,,299號三樓,121.248475206936,24.9087472644577
桃園市平鎮區新安里39鄰平東路239巷299號四樓,68,6801000,6801000-026,39鄰,平東路,,239巷,,,,299號四樓,121.248475206936,24.9087472644577
桃園市平鎮區新安里39鄰平東路239巷299號五樓,68,6801000,6801000-026,39鄰,平東路,,239巷,,,,299號五樓,121.248475206936,24.9087472644577
桃園市平鎮區新安里39鄰平東路239巷299號六樓,68,6801000,6801000-026,39鄰,平東路,,239巷,,,,299號六樓,121.248475206936,24.9087472644577
桃園市平鎮區新安里39鄰平東路239巷299號七樓,68,6801000,6801000-026,39鄰,平東路,,239巷,,,,299號七樓,121.248475206936,24.9087472644577
桃園市平鎮區新安里39鄰平東路239巷301號,68,6801000,6801000-026,39鄰,平東路,,239巷,,,,301號,121.248460294704,24.9086663944915
桃園市平鎮區新安里39鄰平東路239巷301號二樓,68,6801000,6801000-026,39鄰,平東路,,239巷,,,,301號二樓,121.248460294704,24.9086663944915
桃園市平鎮區新安里39鄰平東路239巷301號六樓,68,6801000,6801000-026,39鄰,平東路,,239巷,,,,301號六樓,121.248460294704,24.9086663944915
桃園市平鎮區新安里39鄰平東路239巷301號七樓,68,6801000,6801000-026,39鄰,平東路,,239巷,,,,301號七樓,121.248460294704,24.9086663944915
桃園市平鎮區新安里39鄰平東路239巷301號三樓,68,6801000,6801000-026,39鄰,平東路,,239巷,,,,301號三樓,121.248460294704,24.9086663944915
桃園市平鎮區新安里39鄰平東路239巷301號四樓,68,6801000,6801000-026,39鄰,平東路,,239巷,,,,301號四樓,121.248460294704,24.9086663944915
桃園市平鎮區新安里39鄰平東路239巷301號五樓,68,6801000,6801000-026,39鄰,平東路,,239巷,,,,301號五樓,121.248460294704,24.9086663944915
桃園市平鎮區新安里39鄰平東路239巷303號,68,6801000,6801000-026,39鄰,平東路,,239巷,,,,303號,121.248442396561,24.9085774941861
桃園市平鎮區新安里39鄰平東路239巷303號二樓,68,6801000,6801000-026,39鄰,平東路,,239巷,,,,303號二樓,121.248442396561,24.9085774941861
桃園市平鎮區新安里39鄰平東路239巷303號三樓,68,6801000,6801000-026,39鄰,平東路,,239巷,,,,303號三樓,121.248442396561,24.9085774941861
桃園市平鎮區新安里39鄰平東路239巷303號五樓,68,6801000,6801000-026,39鄰,平東路,,239巷,,,,303號五樓,121.248442396561,24.9085774941861
桃園市平鎮區新安里39鄰平東路239巷303號六樓,68,6801000,6801000-026,39鄰,平東路,,239巷,,,,303號六樓,121.248442396561,24.9085774941861
桃園市平鎮區新安里39鄰平東路239巷303號四樓,68,6801000,6801000-026,39鄰,平東路,,239巷,,,,303號四樓,121.248442396561,24.9085774941861
桃園市平鎮區新安里39鄰平東路239巷303號七樓,68,6801000,6801000-026,39鄰,平東路,,239巷,,,,303號七樓,121.248442396561,24.9085774941861
桃園市平鎮區新安里39鄰平東路239巷305號,68,6801000,6801000-026,39鄰,平東路,,239巷,,,,305號,121.248327226186,24.9086073895288
桃園市平鎮區新安里39鄰平東路239巷305號三樓,68,6801000,6801000-026,39鄰,平東路,,239巷,,,,305號三樓,121.248327226186,24.9086073895288
桃園市平鎮區新安里39鄰平東路239巷305號六樓,68,6801000,6801000-026,39鄰,平東路,,239巷,,,,305號六樓,121.248327226186,24.9086073895288
桃園市平鎮區新安里39鄰平東路239巷305號四樓,68,6801000,6801000-026,39鄰,平東路,,239巷,,,,305號四樓,121.248327226186,24.9086073895288
桃園市平鎮區新安里39鄰平東路239巷305號五樓,68,6801000,6801000-026,39鄰,平東路,,239巷,,,,305號五樓,121.248327226186,24.9086073895288
桃園市平鎮區新安里39鄰平東路239巷305號七樓,68,6801000,6801000-026,39鄰,平東路,,239巷,,,,305號七樓,121.248327226186,24.9086073895288
桃園市平鎮區新安里39鄰平東路239巷305號二樓,68,6801000,6801000-026,39鄰,平東路,,239巷,,,,305號二樓,121.248327226186,24.9086073895288
桃園市平鎮區新安里39鄰平東路239巷307號,68,6801000,6801000-026,39鄰,平東路,,239巷,,,,307號,121.248250431214,24.9086694524449
桃園市平鎮區新安里39鄰平東路239巷307號七樓,68,6801000,6801000-026,39鄰,平東路,,239巷,,,,307號七樓,121.248250431214,24.9086694524449
桃園市平鎮區新安里39鄰平東路239巷307號三樓,68,6801000,6801000-026,39鄰,平東路,,239巷,,,,307號三樓,121.248250431214,24.9086694524449
桃園市平鎮區新安里39鄰平東路239巷307號二樓,68,6801000,6801000-026,39鄰,平東路,,239巷,,,,307號二樓,121.248250431214,24.9086694524449
桃園市平鎮區新安里39鄰平東路239巷307號五樓,68,6801000,6801000-026,39鄰,平東路,,239巷,,,,307號五樓,121.248250431214,24.9086694524449
桃園市平鎮區新安里39鄰平東路239巷307號六樓,68,6801000,6801000-026,39鄰,平東路,,239巷,,,,307號六樓,121.248250431214,24.9086694524449
桃園市平鎮區新安里39鄰平東路239巷307號四樓,68,6801000,6801000-026,39鄰,平東路,,239巷,,,,307號四樓,121.248250431214,24.9086694524449
桃園市平鎮區新安里39鄰平東路239巷309號,68,6801000,6801000-026,39鄰,平東路,,239巷,,,,309號,121.24816483848,24.9086884643078
桃園市平鎮區新安里39鄰平東路239巷309號二樓,68,6801000,6801000-026,39鄰,平東路,,239巷,,,,309號二樓,121.24816483848,24.9086884643078
桃園市平鎮區新安里39鄰平東路239巷309號三樓,68,6801000,6801000-026,39鄰,平東路,,239巷,,,,309號三樓,121.24816483848,24.9086884643078
桃園市平鎮區新安里39鄰平東路239巷309號四樓,68,6801000,6801000-026,39鄰,平東路,,239巷,,,,309號四樓,121.24816483848,24.9086884643078
桃園市平鎮區新安里39鄰平東路239巷309號五樓,68,6801000,6801000-026,39鄰,平東路,,239巷,,,,309號五樓,121.24816483848,24.9086884643078
桃園市平鎮區新安里39鄰平東路239巷309號六樓,68,6801000,6801000-026,39鄰,平東路,,239巷,,,,309號六樓,121.24816483848,24.9086884643078
桃園市平鎮區新安里39鄰平東路239巷313號,68,6801000,6801000-026,39鄰,平東路,,239巷,,,,313號,121.247947355111,24.9087424549048
桃園市平鎮區新安里39鄰平東路239巷319號,68,6801000,6801000-026,39鄰,平東路,,239巷,,,,319號,121.247795123594,24.9086052950416
桃園市平鎮區新安里39鄰平東路239巷321弄2號,68,6801000,6801000-026,39鄰,平東路,,239巷,321弄,,,2號,121.247767742844,24.908427480282
桃園市平鎮區新安里39鄰平東路239巷321弄3號,68,6801000,6801000-026,39鄰,平東路,,239巷,321弄,,,3號,121.247878855238,24.9085466516379
桃園市平鎮區新安里39鄰平東路239巷321弄6號,68,6801000,6801000-026,39鄰,平東路,,239巷,321弄,,,6號,121.247745707275,24.9083980841718
桃園市平鎮區新安里39鄰平東路239巷321弄8號,68,6801000,6801000-026,39鄰,平東路,,239巷,321弄,,,8號,121.247722076987,24.9083632736431
桃園市平鎮區新安里39鄰平東路239巷321弄10號,68,6801000,6801000-026,39鄰,平東路,,239巷,321弄,,,10號,121.247701523654,24.9083325207985
桃園市平鎮區新安里39鄰平東路239巷321弄11號,68,6801000,6801000-026,39鄰,平東路,,239巷,321弄,,,11號,121.24807165736,24.9083780410189
桃園市平鎮區新安里39鄰平東路239巷321弄12號,68,6801000,6801000-026,39鄰,平東路,,239巷,321弄,,,12號,121.24767799527,24.9082991546434
桃園市平鎮區新安里39鄰平東路239巷321弄13號,68,6801000,6801000-026,39鄰,平東路,,239巷,321弄,,,13號,121.248079561512,24.9084198295448
桃園市平鎮區新安里39鄰平東路239巷321弄15號,68,6801000,6801000-026,39鄰,平東路,,239巷,321弄,,,15號,121.248114964143,24.9084505576371
桃園市平鎮區新安里39鄰平東路239巷321弄16號,68,6801000,6801000-026,39鄰,平東路,,239巷,321弄,,,16號,121.247663175526,24.9082643294751
桃園市平鎮區新安里39鄰平東路239巷321弄17號,68,6801000,6801000-026,39鄰,平東路,,239巷,321弄,,,17號,121.248131191267,24.9084960339752
桃園市平鎮區新安里39鄰平東路239巷321弄18號,68,6801000,6801000-026,39鄰,平東路,,239巷,321弄,,,18號,121.247632318875,24.9082296212137
桃園市平鎮區新安里39鄰平東路239巷321弄19號,68,6801000,6801000-026,39鄰,平東路,,239巷,321弄,,,19號,121.248157676467,24.9085228043776
桃園市平鎮區新安里39鄰平東路239巷321弄20號,68,6801000,6801000-026,39鄰,平東路,,239巷,321弄,,,20號,121.247613151508,24.9081988660552
桃園市平鎮區新安里39鄰平東路239巷321弄21號,68,6801000,6801000-026,39鄰,平東路,,239巷,321弄,,,21號,121.248331431354,24.9084332239497
桃園市平鎮區新安里39鄰平東路239巷321弄22號,68,6801000,6801000-026,39鄰,平東路,,239巷,321弄,,,22號,121.247596749867,24.9081650366339
桃園市平鎮區新安里39鄰平東路239巷321弄23號,68,6801000,6801000-026,39鄰,平東路,,239巷,321弄,,,23號,121.248307801077,24.9083985037994
桃園市平鎮區新安里39鄰平東路239巷321弄25號,68,6801000,6801000-026,39鄰,平東路,,239巷,321弄,,,25號,121.248284266917,24.908362338935
桃園市平鎮區新安里39鄰平東路239巷321弄26號,68,6801000,6801000-026,39鄰,平東路,,239巷,321弄,,,26號,121.247577577294,24.9081316632317
桃園市平鎮區新安里39鄰平東路239巷321弄27號,68,6801000,6801000-026,39鄰,平東路,,239巷,321弄,,,27號,121.248263702786,24.9083262594078
桃園市平鎮區新安里39鄰平東路239巷321弄28號,68,6801000,6801000-026,39鄰,平東路,,239巷,321弄,,,28號,121.247554051504,24.908099561033
桃園市平鎮區新安里39鄰平東路239巷321弄29號,68,6801000,6801000-026,39鄰,平東路,,239巷,321弄,,,29號,121.24824006171,24.9082861222007
桃園市平鎮區新安里39鄰平東路239巷321弄30號,68,6801000,6801000-026,39鄰,平東路,,239巷,321弄,,,30號,121.247529046215,24.9080701698172
桃園市平鎮區新安里39鄰平東路239巷321弄31號,68,6801000,6801000-026,39鄰,平東路,,239巷,321弄,,,31號,121.248424578857,24.9083804330496
桃園市平鎮區新安里39鄰平東路239巷321弄32號,68,6801000,6801000-026,39鄰,平東路,,239巷,321弄,,,32號,121.247507698863,24.908038334849
桃園市平鎮區新安里39鄰平東路239巷321弄33號,68,6801000,6801000-026,39鄰,平東路,,239巷,321弄,,,33號,121.248439291698,24.908411195521
桃園市平鎮區新安里39鄰平東路239巷321弄35號,68,6801000,6801000-026,39鄰,平東路,,239巷,321弄,,,35號,121.248352384826,24.9082681492055
桃園市平鎮區新安里39鄰平東路239巷321弄36號,68,6801000,6801000-026,39鄰,平東路,,239巷,321弄,,,36號,121.247490008366,24.9080035144252
桃園市平鎮區新安里39鄰平東路239巷321弄37號,68,6801000,6801000-026,39鄰,平東路,,239巷,321弄,,,37號,121.248400050081,24.9082430610619
桃園市平鎮區新安里39鄰平東路239巷321弄38號,68,6801000,6801000-026,39鄰,平東路,,239巷,321弄,,,38號,121.247641895515,24.9079686834194
桃園市平鎮區新安里39鄰平東路239巷321弄40號,68,6801000,6801000-026,39鄰,平東路,,239巷,321弄,,,40號,121.247662456702,24.9080034087746
桃園市平鎮區新安里39鄰平東路239巷321弄42號,68,6801000,6801000-026,39鄰,平東路,,239巷,321弄,,,42號,121.247678753217,24.9080341686945
桃園市平鎮區新安里39鄰平東路239巷321弄46號,68,6801000,6801000-026,39鄰,平東路,,239巷,321弄,,,46號,121.247702284434,24.9080689793965
桃園市平鎮區新安里39鄰平東路239巷321弄48號,68,6801000,6801000-026,39鄰,平東路,,239巷,321弄,,,48號,121.24771700499,24.9081037144422
桃園市平鎮區新安里39鄰平東路239巷321弄50號,68,6801000,6801000-026,39鄰,平東路,,239巷,321弄,,,50號,121.247744985569,24.9081358092162
桃園市平鎮區新安里39鄰平東路239巷321弄52號,68,6801000,6801000-026,39鄰,平東路,,239巷,321弄,,,52號,121.247762676156,24.9081706296085
桃園市平鎮區新安里39鄰平東路239巷321弄56號,68,6801000,6801000-026,39鄰,平東路,,239巷,321弄,,,56號,121.247786098872,24.9082006554038
桃園市平鎮區新安里39鄰平東路239巷321弄58號,68,6801000,6801000-026,39鄰,平東路,,239巷,321弄,,,58號,121.247803100126,24.9082372826238
桃園市平鎮區新安里39鄰平東路239巷321弄60號,68,6801000,6801000-026,39鄰,平東路,,239巷,321弄,,,60號,121.247819391297,24.9082653340042
桃園市平鎮區新安里39鄰平東路239巷321弄62號,68,6801000,6801000-026,39鄰,平東路,,239巷,321弄,,,62號,121.247842919893,24.9082987904209
桃園市平鎮區新安里39鄰平東路239巷321弄66號,68,6801000,6801000-026,39鄰,平東路,,239巷,321弄,,,66號,121.247867930713,24.9083308901049
桃園市平鎮區新安里39鄰平東路239巷321弄68號,68,6801000,6801000-026,39鄰,平東路,,239巷,321弄,,,68號,121.247889969005,24.9083616404586
桃園市平鎮區新安里39鄰平東路239巷321弄70號,68,6801000,6801000-026,39鄰,平東路,,239巷,321弄,,,70號,121.248038787549,24.9082772480186
桃園市平鎮區新安里39鄰平東路239巷321弄72號,68,6801000,6801000-026,39鄰,平東路,,239巷,321弄,,,72號,121.248021102283,24.9082451361829
桃園市平鎮區新安里39鄰平東路239巷321弄76號,68,6801000,6801000-026,39鄰,平東路,,239巷,321弄,,,76號,121.248003419734,24.9082143786064
桃園市平鎮區新安里39鄰平東路239巷321弄78號,68,6801000,6801000-026,39鄰,平東路,,239巷,321弄,,,78號,121.247979896525,24.9081836307375
桃園市平鎮區新安里39鄰平東路239巷321弄80號,68,6801000,6801000-026,39鄰,平東路,,239巷,321弄,,,80號,121.247954888412,24.908152885333
桃園市平鎮區新安里39鄰平東路239巷321弄82號,68,6801000,6801000-026,39鄰,平東路,,239巷,321弄,,,82號,121.247938680162,24.9081167985184
桃園市平鎮區新安里39鄰平東路239巷321弄86號,68,6801000,6801000-026,39鄰,平東路,,239巷,321弄,,,86號,121.247913669367,24.9080846988452
桃園市平鎮區新安里39鄰平東路239巷321弄88號,68,6801000,6801000-026,39鄰,平東路,,239巷,321弄,,,88號,121.24789449131,24.9080486169611
桃園市平鎮區新安里39鄰平東路239巷321弄90號,68,6801000,6801000-026,39鄰,平東路,,239巷,321弄,,,90號,121.24787531579,24.9080137990517
桃園市平鎮區新安里39鄰平東路239巷321弄92號,68,6801000,6801000-026,39鄰,平東路,,239巷,321弄,,,92號,121.247854759773,24.9079816919651
桃園市平鎮區新安里39鄰平東路239巷321弄96號,68,6801000,6801000-026,39鄰,平東路,,239巷,321弄,,,96號,121.24783123935,24.9079522983326
桃園市平鎮區新安里39鄰平東路239巷321弄98號,68,6801000,6801000-026,39鄰,平東路,,239巷,321弄,,,98號,121.247816417081,24.9079162092006
桃園市平鎮區新安里39鄰平東路239巷321弄100號,68,6801000,6801000-026,39鄰,平東路,,239巷,321弄,,,100號,121.247788531742,24.9078822183084
桃園市平鎮區新安里39鄰平東路239巷321弄102號,68,6801000,6801000-026,39鄰,平東路,,239巷,321弄,,,102號,121.24776946068,24.9078501087426
桃園市平鎮區新安里39鄰平東路239巷321弄106號,68,6801000,6801000-026,39鄰,平東路,,239巷,321弄,,,106號,121.247750296043,24.9078207078614
桃園市平鎮區新安里39鄰平東路239巷321弄108號,68,6801000,6801000-026,39鄰,平東路,,239巷,321弄,,,108號,121.247919070155,24.9078150103856
桃園市平鎮區新安里39鄰平東路239巷321弄110號,68,6801000,6801000-026,39鄰,平東路,,239巷,321弄,,,110號,121.247941121898,24.9078525320416
桃園市平鎮區新安里39鄰平東路239巷321弄112號,68,6801000,6801000-026,39鄰,平東路,,239巷,321弄,,,112號,121.247964735909,24.9078792169697
桃園市平鎮區新安里39鄰平東路239巷321弄116號,68,6801000,6801000-026,39鄰,平東路,,239巷,321弄,,,116號,121.247980944315,24.9079153940669
桃園市平鎮區新安里39鄰平東路239巷321弄118號,68,6801000,6801000-026,39鄰,平東路,,239巷,321弄,,,118號,121.24800001526,24.9079474133208
桃園市平鎮區新安里39鄰平東路239巷321弄120號,68,6801000,6801000-026,39鄰,平東路,,239巷,321弄,,,120號,121.248025127751,24.907980867077
桃園市平鎮區新安里39鄰平東路239巷321弄122號,68,6801000,6801000-026,39鄰,平東路,,239巷,321弄,,,122號,121.248044201606,24.9080143308703
桃園市平鎮區新安里39鄰平東路239巷321弄126號,68,6801000,6801000-026,39鄰,平東路,,239巷,321弄,,,126號,121.248066338879,24.9080450810347
桃園市平鎮區新安里39鄰平東路239巷321弄128號,68,6801000,6801000-026,39鄰,平東路,,239巷,321弄,,,128號,121.248085415283,24.9080798087996
桃園市平鎮區新安里39鄰平東路239巷321弄130號,68,6801000,6801000-026,39鄰,平東路,,239巷,321弄,,,130號,121.248109045617,24.9081146192716
桃園市平鎮區新安里39鄰平東路239巷321弄132號,68,6801000,6801000-026,39鄰,平東路,,239巷,321弄,,,132號,121.248128114099,24.9081453745306
桃園市平鎮區新安里39鄰平東路239巷321弄136號,68,6801000,6801000-026,39鄰,平東路,,239巷,321弄,,,136號,121.248148769209,24.9081774814133
桃園市平鎮區新安里39鄰平東路239巷321弄138號,68,6801000,6801000-026,39鄰,平東路,,239巷,321弄,,,138號,121.248169424149,24.9082094980089
桃園市平鎮區新安里39鄰平東路239巷321弄140號,68,6801000,6801000-026,39鄰,平東路,,239巷,321弄,,,140號,121.248317466084,24.9081329613253
桃園市平鎮區新安里39鄰平東路239巷321弄142號,68,6801000,6801000-026,39鄰,平東路,,239巷,321弄,,,142號,121.248295425018,24.908100856773
桃園市平鎮區新安里39鄰平東路239巷321弄146號,68,6801000,6801000-026,39鄰,平東路,,239巷,321弄,,,146號,121.248274770063,24.9080688401946
桃園市平鎮區新安里39鄰平東路239巷321弄148號,68,6801000,6801000-026,39鄰,平東路,,239巷,321弄,,,148號,121.248255402768,24.9080371826076
桃園市平鎮區新安里39鄰平東路239巷321弄150號,68,6801000,6801000-026,39鄰,平東路,,239巷,321弄,,,150號,121.248233257322,24.9080023696875
桃園市平鎮區新安里39鄰平東路239巷321弄152號,68,6801000,6801000-026,39鄰,平東路,,239巷,321弄,,,152號,121.248214183598,24.9079689962027
桃園市平鎮區新安里39鄰平東路239巷321弄156號,68,6801000,6801000-026,39鄰,平東路,,239巷,321弄,,,156號,121.248192043594,24.9079368917988
桃園市平鎮區新安里39鄰平東路239巷321弄158號,68,6801000,6801000-026,39鄰,平東路,,239巷,321弄,,,158號,121.248168514974,24.9079034354356
桃園市平鎮區新安里39鄰平東路239巷321弄160號,68,6801000,6801000-026,39鄰,平東路,,239巷,321弄,,,160號,121.248150829729,24.9078713236136
桃園市平鎮區新安里39鄰平東路239巷321弄162號,68,6801000,6801000-026,39鄰,平東路,,239巷,321弄,,,162號,121.248128788752,24.9078392190349
桃園市平鎮區新安里39鄰平東路239巷321弄166號,68,6801000,6801000-026,39鄰,平東路,,239巷,321弄,,,166號,121.248108133885,24.9078072024316
桃園市平鎮區新安里39鄰平東路239巷321弄168號,68,6801000,6801000-026,39鄰,平東路,,239巷,321弄,,,168號,121.248086087516,24.9077723893233
桃園市平鎮區新安里39鄰平東路239巷321弄170號,68,6801000,6801000-026,39鄰,平東路,,239巷,321弄,,,170號,121.24828272982,24.9077921052841
桃園市平鎮區新安里39鄰平東路239巷321弄172號,68,6801000,6801000-026,39鄰,平東路,,239巷,321弄,,,172號,121.248303468025,24.9078657428295
桃園市平鎮區新安里39鄰平東路239巷321弄176號,68,6801000,6801000-026,39鄰,平東路,,239巷,321弄,,,176號,121.248328527123,24.9079219482902
桃園市平鎮區東勢里23鄰平東路659巷122之3號,68,6801000,6801000-024,23鄰,平東路,,659巷,,,,122之3號,121.242558817213,24.9070041306924
桃園市平鎮區東勢里23鄰平東路659巷122之6號,68,6801000,6801000-024,23鄰,平東路,,659巷,,,,122之6號,121.242383956646,24.9067822249393
桃園市平鎮區東勢里23鄰平東路659巷122之1號,68,6801000,6801000-024,23鄰,平東路,,659巷,,,,122之1號,121.242772929402,24.9073524608313
桃園市平鎮區東勢里23鄰平東路659巷122之5號,68,6801000,6801000-024,23鄰,平東路,,659巷,,,,122之5號,121.242493443411,24.9068834364129
桃園市平鎮區東勢里23鄰平東路659巷122之2號,68,6801000,6801000-024,23鄰,平東路,,659巷,,,,122之2號,121.242676295987,24.9072434642025
桃園市平鎮區東勢里23鄰平東路659巷126之1號,68,6801000,6801000-024,23鄰,平東路,,659巷,,,,126之1號,121.242717131033,24.906762723471
桃園市平鎮區東勢里23鄰平東路659巷128號,68,6801000,6801000-024,23鄰,平東路,,659巷,,,,128號,121.243202073253,24.9070517466408
桃園市平鎮區東勢里23鄰平東路679巷212弄5號,68,6801000,6801000-024,23鄰,平東路,,679巷,212弄,,,5號,121.241878897973,24.9078521026471
桃園市平鎮區東勢里23鄰平東路679巷212弄15號,68,6801000,6801000-024,23鄰,平東路,,679巷,212弄,,,15號,121.241829555627,24.9076268327304
桃園市平鎮區東勢里23鄰平東路679巷212弄17號,68,6801000,6801000-024,23鄰,平東路,,679巷,212弄,,,17號,121.241908051236,24.9075725347986
桃園市平鎮區東勢里23鄰平東路679巷212弄19號,68,6801000,6801000-024,23鄰,平東路,,679巷,212弄,,,19號,121.242010871451,24.9075039324239
桃園市平鎮區東勢里23鄰平東路679巷212弄21號,68,6801000,6801000-024,23鄰,平東路,,679巷,212弄,,,21號,121.241715657396,24.9074462679182
桃園市平鎮區東勢里23鄰平東路679巷212弄33號,68,6801000,6801000-024,23鄰,平東路,,679巷,212弄,,,33號,121.241600193881,24.9072750951285
桃園市平鎮區東勢里23鄰平東路679巷212弄79之20號,68,6801000,6801000-024,23鄰,平東路,,679巷,212弄,,,79之20號,121.24101756777,24.906639712934
桃園市平鎮區東勢里23鄰平東路679巷212弄79之22號,68,6801000,6801000-024,23鄰,平東路,,679巷,212弄,,,79之22號,121.241085461607,24.9065297270588
桃園市平鎮區東勢里25鄰平東路一段59之1號,68,6801000,6801000-024,25鄰,平東路,一段,,,,,59之1號,121.236109770775,24.9112720206659
桃園市平鎮區東勢里25鄰平東路一段61號,68,6801000,6801000-024,25鄰,平東路,一段,,,,,61號,121.236039780675,24.9112204887655
桃園市平鎮區東勢里25鄰平東路一段63號,68,6801000,6801000-024,25鄰,平東路,一段,,,,,63號,121.235983740359,24.9112163340745
桃園市平鎮區東勢里25鄰平東路一段65號,68,6801000,6801000-024,25鄰,平東路,一段,,,,,65號,121.235941174785,24.9112180265338
桃園市平鎮區東勢里23鄰平東路一段67巷15號,68,6801000,6801000-024,23鄰,平東路,一段,67巷,,,,15號,121.235783176206,24.9110622649301
桃園市平鎮區東勢里23鄰平東路一段67巷17號,68,6801000,6801000-024,23鄰,平東路,一段,67巷,,,,17號,121.23580568309,24.9109762785919
桃園市平鎮區東勢里23鄰平東路一段67巷19號,68,6801000,6801000-024,23鄰,平東路,一段,67巷,,,,19號,121.235964798875,24.9110428374122
桃園市平鎮區東勢里23鄰平東路一段67巷25號,68,6801000,6801000-024,23鄰,平東路,一段,67巷,,,,25號,121.235962300061,24.910717998059
桃園市平鎮區東勢里23鄰平東路一段67巷26號,68,6801000,6801000-024,23鄰,平東路,一段,67巷,,,,26號,121.235804305232,24.9106680497906
桃園市平鎮區東勢里23鄰平東路一段67巷27號,68,6801000,6801000-024,23鄰,平東路,一段,67巷,,,,27號,121.236087915506,24.9106079231524
桃園市平鎮區東勢里25鄰平東路一段79號,68,6801000,6801000-024,25鄰,平東路,一段,,,,,79號,121.235542498251,24.9111580758248
桃園市平鎮區東勢里25鄰平東路一段81之1號,68,6801000,6801000-024,25鄰,平東路,一段,,,,,81之1號,121.235482195458,24.9111509482908
桃園市平鎮區東勢里25鄰平東路一段115號,68,6801000,6801000-024,25鄰,平東路,一段,,,,,115號,121.234063162763,24.9113043180278
桃園市平鎮區東勢里25鄰平東路一段117號,68,6801000,6801000-024,25鄰,平東路,一段,,,,,117號,121.233962747237,24.9113396864971
桃園市平鎮區東勢里25鄰平東路一段127號,68,6801000,6801000-024,25鄰,平東路,一段,,,,,127號,121.233824318324,24.9113759270572
桃園市平鎮區東勢里25鄰平東路一段129號,68,6801000,6801000-024,25鄰,平東路,一段,,,,,129號,121.233772359341,24.9113836826795
桃園市平鎮區東勢里25鄰平東路一段131之1號,68,6801000,6801000-024,25鄰,平東路,一段,,,,,131之1號,121.233661514963,24.9114010104092
桃園市平鎮區東勢里25鄰平東路一段131號,68,6801000,6801000-024,25鄰,平東路,一段,,,,,131號,121.233717038194,24.9113934298092
桃園市平鎮區東勢里24鄰平東路一段139巷19號,68,6801000,6801000-024,24鄰,平東路,一段,139巷,,,,19號,121.233568968224,24.9110939174997
桃園市平鎮區東勢里24鄰平東路一段139巷20號,68,6801000,6801000-024,24鄰,平東路,一段,139巷,,,,20號,121.233594779129,24.9109742502245
桃園市平鎮區東勢里24鄰平東路一段139巷25號,68,6801000,6801000-024,24鄰,平東路,一段,139巷,,,,25號,121.233423338214,24.9107754414801
桃園市平鎮區東勢里24鄰平東路一段139巷27號,68,6801000,6801000-024,24鄰,平東路,一段,139巷,,,,27號,121.233405740912,24.9107356535885
桃園市平鎮區東勢里24鄰平東路一段139巷29號,68,6801000,6801000-024,24鄰,平東路,一段,139巷,,,,29號,121.233635129375,24.9106373358521
桃園市平鎮區東勢里24鄰平東路一段139巷31號,68,6801000,6801000-024,24鄰,平東路,一段,139巷,,,,31號,121.233427189051,24.9105596556826
桃園市平鎮區東勢里24鄰平東路一段139巷33號,68,6801000,6801000-024,24鄰,平東路,一段,139巷,,,,33號,121.233545861585,24.9105466495244
桃園市平鎮區東勢里24鄰平東路一段139巷35號,68,6801000,6801000-024,24鄰,平東路,一段,139巷,,,,35號,121.233656065608,24.9106102177293
桃園市平鎮區東勢里24鄰平東路一段139巷37號,68,6801000,6801000-024,24鄰,平東路,一段,139巷,,,,37號,121.233683814575,24.9105209732468
桃園市平鎮區東勢里24鄰平東路一段139巷39號,68,6801000,6801000-024,24鄰,平東路,一段,139巷,,,,39號,121.23358932111,24.9104414903993
桃園市平鎮區東勢里24鄰平東路一段139巷41號,68,6801000,6801000-024,24鄰,平東路,一段,139巷,,,,41號,121.233691399753,24.9103433718993
桃園市平鎮區東勢里24鄰平東路一段139巷43號,68,6801000,6801000-024,24鄰,平東路,一段,139巷,,,,43號,121.233790836985,24.9102620503727
桃園市平鎮區東勢里25鄰平東路一段147號,68,6801000,6801000-024,25鄰,平東路,一段,,,,,147號,121.233092522251,24.9115298337302
桃園市平鎮區東勢里25鄰平東路一段149號,68,6801000,6801000-024,25鄰,平東路,一段,,,,,149號,121.233059159188,24.9115293441599
桃園市平鎮區東勢里25鄰平東路一段155號,68,6801000,6801000-024,25鄰,平東路,一段,,,,,155號,121.23286207922,24.9115421112319
桃園市平鎮區東勢里25鄰平東路一段161號,68,6801000,6801000-024,25鄰,平東路,一段,,,,,161號,121.232773173487,24.9115389094869
桃園市平鎮區東勢里25鄰平東路一段163號,68,6801000,6801000-024,25鄰,平東路,一段,,,,,163號,121.232720604802,24.9115383595287
桃園市平鎮區東勢里25鄰平東路一段165號,68,6801000,6801000-024,25鄰,平東路,一段,,,,,165號,121.232673980689,24.9115403282421
桃園市平鎮區東勢里25鄰平東路一段167號,68,6801000,6801000-024,25鄰,平東路,一段,,,,,167號,121.232627256561,24.9115417553906
桃園市平鎮區東勢里25鄰平東路一段169巷1弄1號,68,6801000,6801000-024,25鄰,平東路,一段,169巷,1弄,,,1號,121.232617295602,24.9113507290999
桃園市平鎮區東勢里25鄰平東路一段169巷1弄2號,68,6801000,6801000-024,25鄰,平東路,一段,169巷,1弄,,,2號,121.232609100103,24.9112564849483
桃園市平鎮區東勢里25鄰平東路一段169巷1弄3號,68,6801000,6801000-024,25鄰,平東路,一段,169巷,1弄,,,3號,121.232661746282,24.9113512014741
桃園市平鎮區東勢里25鄰平東路一段169巷1弄4號,68,6801000,6801000-024,25鄰,平東路,一段,169巷,1弄,,,4號,121.232653545162,24.9112539779481
桃園市平鎮區東勢里25鄰平東路一段169巷1弄5號,68,6801000,6801000-024,25鄰,平東路,一段,169巷,1弄,,,5號,121.232712923171,24.9113486839549
桃園市平鎮區東勢里25鄰平東路一段169巷1弄6號,68,6801000,6801000-024,25鄰,平東路,一段,169巷,1弄,,,6號,121.232700764166,24.91125255002
桃園市平鎮區東勢里25鄰平東路一段169巷1弄7號,68,6801000,6801000-024,25鄰,平東路,一段,169巷,1弄,,,7號,121.232755093531,24.9113473541709
桃園市平鎮區東勢里25鄰平東路一段169巷1弄8號,68,6801000,6801000-024,25鄰,平東路,一段,169巷,1弄,,,8號,121.232750657949,24.9112521110315
桃園市平鎮區東勢里25鄰平東路一段169巷1弄9號,68,6801000,6801000-024,25鄰,平東路,一段,169巷,1弄,,,9號,121.232801812839,24.9113433990266
桃園市平鎮區東勢里25鄰平東路一段169巷1弄10號,68,6801000,6801000-024,25鄰,平東路,一段,169巷,1弄,,,10號,121.232799064575,24.9112505006501
桃園市平鎮區東勢里25鄰平東路一段169巷2弄1號,68,6801000,6801000-024,25鄰,平東路,一段,169巷,2弄,,,1號,121.232510315361,24.9112642228665
桃園市平鎮區東勢里25鄰平東路一段169巷2弄2號,68,6801000,6801000-024,25鄰,平東路,一段,169巷,2弄,,,2號,121.232521191828,24.9113627964964
桃園市平鎮區東勢里25鄰平東路一段169巷2弄3號,68,6801000,6801000-024,25鄰,平東路,一段,169巷,2弄,,,3號,121.232464181764,24.9112637530699
桃園市平鎮區東勢里25鄰平東路一段169巷2弄4號,68,6801000,6801000-024,25鄰,平東路,一段,169巷,2弄,,,4號,121.232473971934,24.9113637729473
桃園市平鎮區東勢里25鄰平東路一段169巷2弄5號,68,6801000,6801000-024,25鄰,平東路,一段,169巷,2弄,,,5號,121.23241003212,24.9112647403007
桃園市平鎮區東勢里25鄰平東路一段169巷2弄6號,68,6801000,6801000-024,25鄰,平東路,一段,169巷,2弄,,,6號,121.232429524802,24.9113651964843
桃園市平鎮區東勢里25鄰平東路一段169巷2弄8號,68,6801000,6801000-024,25鄰,平東路,一段,169巷,2弄,,,8號,121.232380622802,24.911366626949
桃園市平鎮區東勢里25鄰平東路一段169巷3號,68,6801000,6801000-024,25鄰,平東路,一段,169巷,,,,3號,121.232621357525,24.9111411726275
桃園市平鎮區東勢里25鄰平東路一段169巷4號,68,6801000,6801000-024,25鄰,平東路,一段,169巷,,,,4號,121.232499386119,24.9111374805773
桃園市平鎮區東勢里25鄰平東路一段169巷5號,68,6801000,6801000-024,25鄰,平東路,一段,169巷,,,,5號,121.232617612533,24.9110973905241
桃園市平鎮區東勢里25鄰平東路一段169巷6號,68,6801000,6801000-024,25鄰,平東路,一段,169巷,,,,6號,121.232497831961,24.9111005566716
桃園市平鎮區東勢里25鄰平東路一段169巷7號,68,6801000,6801000-024,25鄰,平東路,一段,169巷,,,,7號,121.232616545875,24.9110564933448
桃園市平鎮區東勢里25鄰平東路一段169巷8號,68,6801000,6801000-024,25鄰,平東路,一段,169巷,,,,8號,121.232507255617,24.9110578374502
桃園市平鎮區東勢里25鄰平東路一段169巷9號,68,6801000,6801000-024,25鄰,平東路,一段,169巷,,,,9號,121.232612317754,24.9110190319038
桃園市平鎮區東勢里25鄰平東路一段169巷10號,68,6801000,6801000-024,25鄰,平東路,一段,169巷,,,,10號,121.232505900974,24.911021725793
桃園市平鎮區東勢里25鄰平東路一段169巷11號,68,6801000,6801000-024,25鄰,平東路,一段,169巷,,,,11號,121.232606896258,24.910978683222
桃園市平鎮區東勢里25鄰平東路一段169巷12號,68,6801000,6801000-024,25鄰,平東路,一段,169巷,,,,12號,121.232503750804,24.9109837194027
桃園市平鎮區東勢里25鄰平東路一段169巷13號,68,6801000,6801000-024,25鄰,平東路,一段,169巷,,,,13號,121.232597304885,24.9109319308485
桃園市平鎮區東勢里25鄰平東路一段169巷14號,68,6801000,6801000-024,25鄰,平東路,一段,169巷,,,,14號,121.232528235142,24.9107367533331
桃園市平鎮區東勢里25鄰平東路一段171號,68,6801000,6801000-024,25鄰,平東路,一段,,,,,171號,121.232524699377,24.9115439918536
桃園市平鎮區東勢里25鄰平東路一段173號,68,6801000,6801000-024,25鄰,平東路,一段,,,,,173號,121.232478072551,24.9115445159595
桃園市平鎮區東勢里25鄰平東路一段175號,68,6801000,6801000-024,25鄰,平東路,一段,,,,,175號,121.232432434682,24.9115444968031
桃園市平鎮區東勢里25鄰平東路一段177號,68,6801000,6801000-024,25鄰,平東路,一段,,,,,177號,121.232382543485,24.9115463802324
桃園市平鎮區東勢里25鄰平東路一段179號,68,6801000,6801000-024,25鄰,平東路,一段,,,,,179號,121.232333147441,24.9115483531581
桃園市平鎮區東勢里25鄰平東路一段181號,68,6801000,6801000-024,25鄰,平東路,一段,,,,,181號,121.232284937503,24.9115493310917
桃園市平鎮區東勢里25鄰平東路一段183號,68,6801000,6801000-024,25鄰,平東路,一段,,,,,183號,121.232238212521,24.9115503066976
桃園市平鎮區東勢里26鄰平東路一段185之1號,68,6801000,6801000-024,26鄰,平東路,一段,,,,,185之1號,121.231715602649,24.9115491332679
桃園市平鎮區東勢里25鄰平東路一段185號,68,6801000,6801000-024,25鄰,平東路,一段,,,,,185號,121.232001489839,24.911169223428
桃園市平鎮區東勢里26鄰平東路一段185之2號,68,6801000,6801000-024,26鄰,平東路,一段,,,,,185之2號,121.231824165827,24.9115822795182
桃園市平鎮區東勢里26鄰平東路一段185之3號,68,6801000,6801000-024,26鄰,平東路,一段,,,,,185之3號,121.231945926493,24.9115789302612
桃園市平鎮區東勢里26鄰平東路一段187號,68,6801000,6801000-024,26鄰,平東路,一段,,,,,187號,121.231660871534,24.9115568924622
桃園市平鎮區東勢里26鄰平東路一段189巷1號,68,6801000,6801000-024,26鄰,平東路,一段,189巷,,,,1號,121.231648576729,24.9114406252247
桃園市平鎮區東勢里26鄰平東路一段189巷2號,68,6801000,6801000-024,26鄰,平東路,一段,189巷,,,,2號,121.231532516314,24.9113685778974
桃園市平鎮區東勢里26鄰平東路一段189巷3號,68,6801000,6801000-024,26鄰,平東路,一段,189巷,,,,3號,121.231644234379,24.9113948577672
桃園市平鎮區東勢里26鄰平東路一段189巷4號,68,6801000,6801000-024,26鄰,平東路,一段,189巷,,,,4號,121.231508359274,24.9113146253105
桃園市平鎮區東勢里26鄰平東路一段189巷5號,68,6801000,6801000-024,26鄰,平東路,一段,189巷,,,,5號,121.231634142281,24.911344855871
桃園市平鎮區東勢里26鄰平東路一段189巷6號,68,6801000,6801000-024,26鄰,平東路,一段,189巷,,,,6號,121.231501146574,24.9112691331562
桃園市平鎮區東勢里26鄰平東路一段189巷7號,68,6801000,6801000-024,26鄰,平東路,一段,189巷,,,,7號,121.231627722014,24.9112996333459
桃園市平鎮區東勢里26鄰平東路一段189巷8號,68,6801000,6801000-024,26鄰,平東路,一段,189巷,,,,8號,121.231495718014,24.9112248119297
桃園市平鎮區東勢里26鄰平東路一段189巷9號,68,6801000,6801000-024,26鄰,平東路,一段,189巷,,,,9號,121.231621293493,24.9112499868964
桃園市平鎮區東勢里26鄰平東路一段189巷10號,68,6801000,6801000-024,26鄰,平東路,一段,189巷,,,,10號,121.231494154044,24.911182470962
桃園市平鎮區東勢里26鄰平東路一段189巷11號,68,6801000,6801000-024,26鄰,平東路,一段,189巷,,,,11號,121.231617741787,24.9112034959336
桃園市平鎮區東勢里26鄰平東路一段189巷12號,68,6801000,6801000-024,26鄰,平東路,一段,189巷,,,,12號,121.231489815467,24.9111386897496
桃園市平鎮區東勢里26鄰平東路一段189巷13號,68,6801000,6801000-024,26鄰,平東路,一段,189巷,,,,13號,121.231616752708,24.9111509519346
桃園市平鎮區東勢里26鄰平東路一段189巷14號,68,6801000,6801000-024,26鄰,平東路,一段,189巷,,,,14號,121.231487848943,24.9110928283135
桃園市平鎮區東勢里26鄰平東路一段189巷15號,68,6801000,6801000-024,26鄰,平東路,一段,189巷,,,,15號,121.231611321585,24.9111052764494
桃園市平鎮區東勢里26鄰平東路一段189巷16號,68,6801000,6801000-024,26鄰,平東路,一段,189巷,,,,16號,121.231496665657,24.9110429776262
桃園市平鎮區東勢里26鄰平東路一段189巷17號,68,6801000,6801000-024,26鄰,平東路,一段,189巷,,,,17號,121.2315994432,24.9110529299275
桃園市平鎮區東勢里26鄰平東路一段189巷18號,68,6801000,6801000-024,26鄰,平東路,一段,189巷,,,,18號,121.231492426418,24.9109993768277
桃園市平鎮區東勢里26鄰平東路一段199號,68,6801000,6801000-024,26鄰,平東路,一段,,,,,199號,121.231390566966,24.9116408251444
桃園市平鎮區東勢里26鄰平東路一段201號,68,6801000,6801000-024,26鄰,平東路,一段,,,,,201號,121.231297235775,24.9116534291589
桃園市平鎮區東勢里28鄰平東路二段1號,68,6801000,6801000-024,28鄰,平東路,二段,,,,,1號,121.230924797575,24.9118611187203
桃園市平鎮區東勢里28鄰平東路二段3號,68,6801000,6801000-024,28鄰,平東路,二段,,,,,3號,121.230874447532,24.9118825037909
桃園市平鎮區東勢里28鄰平東路二段5號,68,6801000,6801000-024,28鄰,平東路,二段,,,,,5號,121.230814821609,24.9119199738262
桃園市平鎮區東勢里28鄰平東路二段5之3號,68,6801000,6801000-024,28鄰,平東路,二段,,,,,5之3號,121.230461056158,24.912054864092
桃園市平鎮區東勢里28鄰平東路二段5之1號,68,6801000,6801000-024,28鄰,平東路,二段,,,,,5之1號,121.230697672718,24.9119546437218
桃園市平鎮區東勢里28鄰平東路二段5之2號,68,6801000,6801000-024,28鄰,平東路,二段,,,,,5之2號,121.230643156306,24.9119715209379
桃園市平鎮區東勢里28鄰平東路二段5之5號,68,6801000,6801000-024,28鄰,平東路,二段,,,,,5之5號,121.230373317215,24.9120937316545
桃園市平鎮區東勢里28鄰平東路二段5之6號,68,6801000,6801000-024,28鄰,平東路,二段,,,,,5之6號,121.230282517165,24.9121368472596
桃園市平鎮區東勢里28鄰平東路二段33號,68,6801000,6801000-024,28鄰,平東路,二段,,,,,33號,121.23000701502,24.9121417865986
桃園市平鎮區東勢里31鄰平東路二段151號,68,6801000,6801000-024,31鄰,平東路,二段,,,,,151號,121.227202260918,24.9137939568065
桃園市平鎮區東勢里31鄰平東路二段269號,68,6801000,6801000-024,31鄰,平東路,二段,,,,,269號,121.22568524303,24.9146360857328
桃園市平鎮區東勢里41鄰平東路二段271巷1號,68,6801000,6801000-024,41鄰,平東路,二段,271巷,,,,1號,121.225579684371,24.9145136392089
桃園市平鎮區東勢里41鄰平東路二段271巷2號,68,6801000,6801000-024,41鄰,平東路,二段,271巷,,,,2號,121.225456977262,24.9144881839885
桃園市平鎮區東勢里41鄰平東路二段271巷3號,68,6801000,6801000-024,41鄰,平東路,二段,271巷,,,,3號,121.225632663081,24.9144667917421
桃園市平鎮區東勢里41鄰平東路二段271巷5弄1號,68,6801000,6801000-024,41鄰,平東路,二段,271巷,5弄,,,1號,121.225719786162,24.914359763166
桃園市平鎮區東勢里41鄰平東路二段271巷5弄2號,68,6801000,6801000-024,41鄰,平東路,二段,271巷,5弄,,,2號,121.22576382581,24.9143513903399
桃園市平鎮區東勢里41鄰平東路二段271巷5弄3號,68,6801000,6801000-024,41鄰,平東路,二段,271巷,5弄,,,3號,121.225807120352,24.9143143984711
桃園市平鎮區東勢里41鄰平東路二段271巷6弄1號,68,6801000,6801000-024,41鄰,平東路,二段,271巷,6弄,,,1號,121.225454078955,24.9143642278747
桃園市平鎮區東勢里41鄰平東路二段271巷6弄2號,68,6801000,6801000-024,41鄰,平東路,二段,271巷,6弄,,,2號,121.225415088419,24.9143726832624
桃園市平鎮區東勢里41鄰平東路二段271巷7號,68,6801000,6801000-024,41鄰,平東路,二段,271巷,,,,7號,121.225661911829,24.9143276192128
桃園市平鎮區東勢里41鄰平東路二段271巷8號,68,6801000,6801000-024,41鄰,平東路,二段,271巷,,,,8號,121.225533757284,24.9143551692458
桃園市平鎮區東勢里41鄰平東路二段271巷9號,68,6801000,6801000-024,41鄰,平東路,二段,271巷,,,,9號,121.22565979863,24.9142544017529
桃園市平鎮區東勢里41鄰平東路二段271巷10號,68,6801000,6801000-024,41鄰,平東路,二段,271巷,,,,10號,121.225523564619,24.9143030905541
桃園市平鎮區東勢里41鄰平東路二段271巷11號,68,6801000,6801000-024,41鄰,平東路,二段,271巷,,,,11號,121.225657156152,24.9142167571515
桃園市平鎮區東勢里41鄰平東路二段271巷12號,68,6801000,6801000-024,41鄰,平東路,二段,271巷,,,,12號,121.225508484718,24.9142310663961
桃園市平鎮區東勢里41鄰平東路二段271巷13弄1號,68,6801000,6801000-024,41鄰,平東路,二段,271巷,13弄,,,1號,121.22571688234,24.9142329179638
桃園市平鎮區東勢里41鄰平東路二段271巷13弄2號,68,6801000,6801000-024,41鄰,平東路,二段,271巷,13弄,,,2號,121.225678993835,24.9140852700031
桃園市平鎮區東勢里41鄰平東路二段271巷13弄3號,68,6801000,6801000-024,41鄰,平東路,二段,271巷,13弄,,,3號,121.225758143716,24.9142211185367
桃園市平鎮區東勢里41鄰平東路二段271巷13弄5號,68,6801000,6801000-024,41鄰,平東路,二段,271巷,13弄,,,5號,121.225812382382,24.9142139039547
桃園市平鎮區東勢里41鄰平東路二段271巷13弄6號,68,6801000,6801000-024,41鄰,平東路,二段,271巷,13弄,,,6號,121.225724025352,24.9140779791011
桃園市平鎮區東勢里41鄰平東路二段271巷13弄8號,68,6801000,6801000-024,41鄰,平東路,二段,271巷,13弄,,,8號,121.225765881658,24.914066720478
桃園市平鎮區東勢里41鄰平東路二段271巷13弄10號,68,6801000,6801000-024,41鄰,平東路,二段,271巷,13弄,,,10號,121.225810910533,24.9140579850031
桃園市平鎮區東勢里41鄰平東路二段271巷14號,68,6801000,6801000-024,41鄰,平東路,二段,271巷,,,,14號,121.225498899366,24.9141862998208
桃園市平鎮區東勢里41鄰平東路二段271巷15號,68,6801000,6801000-024,41鄰,平東路,二段,271巷,,,,15號,121.225625008068,24.914122639148
桃園市平鎮區東勢里41鄰平東路二段271巷16弄1號,68,6801000,6801000-024,41鄰,平東路,二段,271巷,16弄,,,1號,121.22538141749,24.914094206737
桃園市平鎮區東勢里41鄰平東路二段271巷16弄2號,68,6801000,6801000-024,41鄰,平東路,二段,271巷,16弄,,,2號,121.225420935635,24.9142126904464
桃園市平鎮區東勢里41鄰平東路二段271巷16弄3號,68,6801000,6801000-024,41鄰,平東路,二段,271巷,16弄,,,3號,121.225343228705,24.9141079876746
桃園市平鎮區東勢里41鄰平東路二段271巷16弄6號,68,6801000,6801000-024,41鄰,平東路,二段,271巷,16弄,,,6號,121.225382340814,24.9142209646586
桃園市平鎮區東勢里41鄰平東路二段271巷17號,68,6801000,6801000-024,41鄰,平東路,二段,271巷,,,,17號,121.225609495536,24.9140849237304
桃園市平鎮區東勢里41鄰平東路二段271巷18號,68,6801000,6801000-024,41鄰,平東路,二段,271巷,,,,18號,121.225464874362,24.9140943514455
桃園市平鎮區東勢里41鄰平東路二段271巷19號,68,6801000,6801000-024,41鄰,平東路,二段,271巷,,,,19號,121.225600140981,24.9140037721928
桃園市平鎮區東勢里41鄰平東路二段271巷20號,68,6801000,6801000-024,41鄰,平東路,二段,271巷,,,,20號,121.225451212181,24.9140397500282
桃園市平鎮區東勢里41鄰平東路二段271巷21號,68,6801000,6801000-024,41鄰,平東路,二段,271巷,,,,21號,121.225587107885,24.9139684907008
桃園市平鎮區東勢里41鄰平東路二段271巷22號,68,6801000,6801000-024,41鄰,平東路,二段,271巷,,,,22號,121.225434054357,24.9139682707073
桃園市平鎮區東勢里41鄰平東路二段271巷23弄1號,68,6801000,6801000-024,41鄰,平東路,二段,271巷,23弄,,,1號,121.225639374515,24.9139657031013
桃園市平鎮區東勢里41鄰平東路二段271巷23弄2號,68,6801000,6801000-024,41鄰,平東路,二段,271巷,23弄,,,2號,121.225605305132,24.9138493780302
桃園市平鎮區東勢里41鄰平東路二段271巷23弄3號,68,6801000,6801000-024,41鄰,平東路,二段,271巷,23弄,,,3號,121.225678566684,24.9139593238917
桃園市平鎮區東勢里41鄰平東路二段271巷23弄5號,68,6801000,6801000-024,41鄰,平東路,二段,271巷,23弄,,,5號,121.225722015155,24.9139525770923
桃園市平鎮區東勢里41鄰平東路二段271巷23弄6號,68,6801000,6801000-024,41鄰,平東路,二段,271巷,23弄,,,6號,121.225647760458,24.913840917351
桃園市平鎮區東勢里41鄰平東路二段271巷23弄7號,68,6801000,6801000-024,41鄰,平東路,二段,271巷,23弄,,,7號,121.225761697875,24.9139437594393
桃園市平鎮區東勢里41鄰平東路二段271巷23弄8號,68,6801000,6801000-024,41鄰,平東路,二段,271巷,23弄,,,8號,121.225689023682,24.9138302013533
桃園市平鎮區東勢里41鄰平東路二段271巷23弄9號,68,6801000,6801000-024,41鄰,平東路,二段,271巷,23弄,,,9號,121.225804646902,24.9139345756927
桃園市平鎮區東勢里41鄰平東路二段271巷23弄10號,68,6801000,6801000-024,41鄰,平東路,二段,271巷,23弄,,,10號,121.225730880893,24.9138194844451
桃園市平鎮區東勢里41鄰平東路二段271巷23弄11號,68,6801000,6801000-024,41鄰,平東路,二段,271巷,23弄,,,11號,121.225848091576,24.9139257523209
桃園市平鎮區東勢里41鄰平東路二段271巷23弄12號,68,6801000,6801000-024,41鄰,平東路,二段,271巷,23弄,,,12號,121.225770446001,24.9138004648288
桃園市平鎮區東勢里41鄰平東路二段271巷23弄14號,68,6801000,6801000-024,41鄰,平東路,二段,271巷,23弄,,,14號,121.225811711502,24.9137910127756
桃園市平鎮區東勢里41鄰平東路二段271巷23弄16號,68,6801000,6801000-024,41鄰,平東路,二段,271巷,23弄,,,16號,121.225864153692,24.9137759461512
桃園市平鎮區東勢里41鄰平東路二段271巷24號,68,6801000,6801000-024,41鄰,平東路,二段,271巷,,,,24號,121.225408138463,24.913925876203
桃園市平鎮區東勢里41鄰平東路二段271巷25號,68,6801000,6801000-024,41鄰,平東路,二段,271巷,,,,25號,121.225559697428,24.9138664204846
桃園市平鎮區東勢里41鄰平東路二段271巷26弄1號,68,6801000,6801000-024,41鄰,平東路,二段,271巷,26弄,,,1號,121.225316872136,24.9138229995935
桃園市平鎮區東勢里41鄰平東路二段271巷26弄2號,68,6801000,6801000-024,41鄰,平東路,二段,271巷,26弄,,,2號,121.225358028904,24.9139716358442
桃園市平鎮區東勢里41鄰平東路二段271巷26弄3號,68,6801000,6801000-024,41鄰,平東路,二段,271巷,26弄,,,3號,121.225269673365,24.9138361621332
桃園市平鎮區東勢里41鄰平東路二段271巷26弄6號,68,6801000,6801000-024,41鄰,平東路,二段,271巷,26弄,,,6號,121.225317655448,24.9139817184154
桃園市平鎮區東勢里41鄰平東路二段271巷27號,68,6801000,6801000-024,41鄰,平東路,二段,271巷,,,,27號,121.225552798359,24.9138289628856
桃園市平鎮區東勢里41鄰平東路二段271巷28號,68,6801000,6801000-024,41鄰,平東路,二段,271巷,,,,28號,121.225390835088,24.9138287563212
桃園市平鎮區東勢里41鄰平東路二段271巷29號,68,6801000,6801000-024,41鄰,平東路,二段,271巷,,,,29號,121.225539398857,24.9137554916339
桃園市平鎮區東勢里41鄰平東路二段271巷30號,68,6801000,6801000-024,41鄰,平東路,二段,271巷,,,,30號,121.225372744426,24.9137886973784
桃園市平鎮區東勢里41鄰平東路二段271巷31號,68,6801000,6801000-024,41鄰,平東路,二段,271巷,,,,31號,121.225529729635,24.913719031351
桃園市平鎮區東勢里41鄰平東路二段271巷33弄1號,68,6801000,6801000-024,41鄰,平東路,二段,271巷,33弄,,,1號,121.225583030977,24.9137408898531
桃園市平鎮區東勢里41鄰平東路二段271巷33弄2號,68,6801000,6801000-024,41鄰,平東路,二段,271巷,33弄,,,2號,121.225699201549,24.9135476860066
桃園市平鎮區東勢里41鄰平東路二段271巷33弄3號,68,6801000,6801000-024,41鄰,平東路,二段,271巷,33弄,,,3號,121.225622902605,24.9137271063083
桃園市平鎮區東勢里41鄰平東路二段271巷33弄5號,68,6801000,6801000-024,41鄰,平東路,二段,271巷,33弄,,,5號,121.225671993282,24.9137199898504
桃園市平鎮區東勢里41鄰平東路二段271巷33弄7號,68,6801000,6801000-024,41鄰,平東路,二段,271巷,33弄,,,7號,121.22571157611,24.9137107209398
桃園市平鎮區東勢里41鄰平東路二段271巷33弄8號,68,6801000,6801000-024,41鄰,平東路,二段,271巷,33弄,,,8號,121.225743036669,24.9135358826889
桃園市平鎮區東勢里41鄰平東路二段271巷33弄9號,68,6801000,6801000-024,41鄰,平東路,二段,271巷,33弄,,,9號,121.225751751282,24.913700548278
桃園市平鎮區東勢里41鄰平東路二段271巷33弄10號,68,6801000,6801000-024,41鄰,平東路,二段,271巷,33弄,,,10號,121.225785199811,24.9135301309458
桃園市平鎮區東勢里41鄰平東路二段271巷33弄11號,68,6801000,6801000-024,41鄰,平東路,二段,271巷,33弄,,,11號,121.225793116901,24.9136917280694
桃園市平鎮區東勢里41鄰平東路二段271巷33弄12號,68,6801000,6801000-024,41鄰,平東路,二段,271巷,33弄,,,12號,121.225835079432,24.9135213881205
桃園市平鎮區東勢里41鄰平東路二段271巷33弄13號,68,6801000,6801000-024,41鄰,平東路,二段,271巷,33弄,,,13號,121.225835470859,24.9136820035086
桃園市平鎮區東安里5鄰平東路2號,68,6801000,6801000-025,5鄰,平東路,,,,,,2號,121.254093123029,24.9188191253126
桃園市平鎮區東安里5鄰平東路4號,68,6801000,6801000-025,5鄰,平東路,,,,,,4號,121.254050131623,24.918759069262
桃園市平鎮區東安里5鄰平東路8號,68,6801000,6801000-025,5鄰,平東路,,,,,,8號,121.253962385476,24.9186963808991
桃園市平鎮區東安里5鄰平東路10號,68,6801000,6801000-025,5鄰,平東路,,,,,,10號,121.253908177005,24.9186701102139
桃園市平鎮區東安里5鄰平東路16號,68,6801000,6801000-025,5鄰,平東路,,,,,,16號,121.253834703822,24.9186154327679
桃園市平鎮區東安里5鄰平東路20號,68,6801000,6801000-025,5鄰,平東路,,,,,,20號,121.253337766843,24.9184015819132
桃園市平鎮區東安里5鄰平東路22號,68,6801000,6801000-025,5鄰,平東路,,,,,,22號,121.253710248232,24.9185627380037
桃園市平鎮區東安里5鄰平東路26號,68,6801000,6801000-025,5鄰,平東路,,,,,,26號,121.253645624655,24.9185267342437
桃園市平鎮區東安里5鄰平東路28號,68,6801000,6801000-025,5鄰,平東路,,,,,,28號,121.253600538593,24.9185073095303
桃園市平鎮區東安里5鄰平東路30號,68,6801000,6801000-025,5鄰,平東路,,,,,,30號,121.253553672345,24.9184887906726
桃園市平鎮區東安里5鄰平東路32號,68,6801000,6801000-025,5鄰,平東路,,,,,,32號,121.2535098667,24.9184661135217
桃園市平鎮區東安里5鄰平東路34號,68,6801000,6801000-025,5鄰,平東路,,,,,,34號,121.253471520789,24.9184505595326
桃園市平鎮區東安里5鄰平東路36號,68,6801000,6801000-025,5鄰,平東路,,,,,,36號,121.25342574693,24.9184336638937
桃園市平鎮區東安里5鄰平東路38號,68,6801000,6801000-025,5鄰,平東路,,,,,,38號,121.253386015926,24.9184185636576
桃園市平鎮區東安里4鄰平東路40號,68,6801000,6801000-025,4鄰,平東路,,,,,,40號,121.252844128617,24.9181538671993
桃園市平鎮區東安里4鄰平東路42號,68,6801000,6801000-025,4鄰,平東路,,,,,,42號,121.252795054197,24.9181204549437
桃園市平鎮區東安里4鄰平東路44號,68,6801000,6801000-025,4鄰,平東路,,,,,,44號,121.252757978949,24.9180967730327
桃園市平鎮區東安里4鄰平東路46號,68,6801000,6801000-025,4鄰,平東路,,,,,,46號,121.252723713495,24.9180915946216
桃園市平鎮區東安里4鄰平東路48號,68,6801000,6801000-025,4鄰,平東路,,,,,,48號,121.252672770414,24.9180642345368
桃園市平鎮區東安里4鄰平東路50巷10號,68,6801000,6801000-025,4鄰,平東路,,50巷,,,,10號,121.252606829641,24.9184505822658
桃園市平鎮區東安里4鄰平東路50巷12號,68,6801000,6801000-025,4鄰,平東路,,50巷,,,,12號,121.252594364816,24.9185038710853
桃園市平鎮區東安里4鄰平東路56號,68,6801000,6801000-025,4鄰,平東路,,,,,,56號,121.252503282549,24.9180178446643
桃園市平鎮區東安里4鄰平東路58號,68,6801000,6801000-025,4鄰,平東路,,,,,,58號,121.252429224625,24.9179672302963
桃園市平鎮區東安里4鄰平東路60號,68,6801000,6801000-025,4鄰,平東路,,,,,,60號,121.252384134912,24.9179458189639
桃園市平鎮區東安里4鄰平東路62號,68,6801000,6801000-025,4鄰,平東路,,,,,,62號,121.252315282317,24.9179232741312
桃園市平鎮區東安里4鄰平東路68巷10號,68,6801000,6801000-025,4鄰,平東路,,68巷,,,,10號,121.252413281961,24.9185493198352
桃園市平鎮區東安里4鄰平東路68巷12號,68,6801000,6801000-025,4鄰,平東路,,68巷,,,,12號,121.252274909326,24.9187117947815
桃園市平鎮區東安里4鄰平東路68巷17弄1號,68,6801000,6801000-025,4鄰,平東路,,68巷,17弄,,,1號,121.251915479692,24.9185417651952
桃園市平鎮區東安里4鄰平東路68巷17弄1之1號,68,6801000,6801000-025,4鄰,平東路,,68巷,17弄,,,1之1號,121.251979079551,24.9185614299892
桃園市平鎮區東安里4鄰平東路68巷17弄2號,68,6801000,6801000-025,4鄰,平東路,,68巷,17弄,,,2號,121.251913445122,24.9187098778996
桃園市平鎮區東安里4鄰平東路68巷17弄3號,68,6801000,6801000-025,4鄰,平東路,,68巷,17弄,,,3號,121.251876042358,24.9185249486593
桃園市平鎮區東安里4鄰平東路68巷17弄4號,68,6801000,6801000-025,4鄰,平東路,,68巷,17弄,,,4號,121.251864393282,24.9186875702642
桃園市平鎮區東安里4鄰平東路68巷17弄5號,68,6801000,6801000-025,4鄰,平東路,,68巷,17弄,,,5號,121.251834511495,24.9185010031927
桃園市平鎮區東安里4鄰平東路68巷17弄6號,68,6801000,6801000-025,4鄰,平東路,,68巷,17弄,,,6號,121.251800265365,24.9186516551492
桃園市平鎮區東安里4鄰平東路68巷17弄7號,68,6801000,6801000-025,4鄰,平東路,,68巷,17弄,,,7號,121.251792976982,24.9184752520356
桃園市平鎮區東安里4鄰平東路68巷17弄9號,68,6801000,6801000-025,4鄰,平東路,,68巷,17弄,,,9號,121.251749664105,24.918451309554
桃園市平鎮區東安里4鄰平東路68巷17弄11號,68,6801000,6801000-025,4鄰,平東路,,68巷,17弄,,,11號,121.25172379695,24.9184378105842
桃園市平鎮區東安里4鄰平東路68巷17弄13號,68,6801000,6801000-025,4鄰,平東路,,68巷,17弄,,,13號,121.251681260729,24.9184062828943
桃園市平鎮區東安里4鄰平東路68巷17弄15之1號,68,6801000,6801000-025,4鄰,平東路,,68巷,17弄,,,15之1號,121.251657968524,24.9182956337127
桃園市平鎮區東安里4鄰平東路68巷17弄15號,68,6801000,6801000-025,4鄰,平東路,,68巷,17弄,,,15號,121.251683707082,24.9183433506427
桃園市平鎮區東安里4鄰平東路68巷19號,68,6801000,6801000-025,4鄰,平東路,,68巷,,,,19號,121.251893906081,24.9188386562399
桃園市平鎮區東安里4鄰平東路72號,68,6801000,6801000-025,4鄰,平東路,,,,,,72號,121.252084744239,24.917796182656
桃園市平鎮區東安里4鄰平東路74號,68,6801000,6801000-025,4鄰,平東路,,,,,,74號,121.252025838767,24.9177966433582
桃園市平鎮區東安里4鄰平東路76號,68,6801000,6801000-025,4鄰,平東路,,,,,,76號,121.251974627936,24.9177835483972
桃園市平鎮區東安里4鄰平東路78號,68,6801000,6801000-025,4鄰,平東路,,,,,,78號,121.251925387253,24.9177655747403
桃園市平鎮區東安里4鄰平東路80號,68,6801000,6801000-025,4鄰,平東路,,,,,,80號,121.251907583552,24.9177250671849
桃園市平鎮區東安里4鄰平東路82號,68,6801000,6801000-025,4鄰,平東路,,,,,,82號,121.251856746769,24.9177011374402
桃園市平鎮區東安里4鄰平東路84號,68,6801000,6801000-025,4鄰,平東路,,,,,,84號,121.251818396899,24.9176834162061
桃園市平鎮區東安里4鄰平東路84之1號,68,6801000,6801000-025,4鄰,平東路,,,,,,84之1號,121.251772817516,24.9176645334729
桃園市平鎮區東安里4鄰平東路86巷14號,68,6801000,6801000-025,4鄰,平東路,,86巷,,,,14號,121.251730236851,24.9178060807907
桃園市平鎮區東安里4鄰平東路86巷16號,68,6801000,6801000-025,4鄰,平東路,,86巷,,,,16號,121.251711393614,24.9178387052152
桃園市平鎮區東安里4鄰平東路86巷18弄1號,68,6801000,6801000-025,4鄰,平東路,,86巷,18弄,,,1號,121.25172748686,24.918158374597
桃園市平鎮區東安里4鄰平東路86巷18弄2號,68,6801000,6801000-025,4鄰,平東路,,86巷,18弄,,,2號,121.251653050661,24.9179212332103
桃園市平鎮區東安里4鄰平東路86巷18弄3號,68,6801000,6801000-025,4鄰,平東路,,86巷,18弄,,,3號,121.251772076762,24.9181774395809
桃園市平鎮區東安里4鄰平東路86巷18弄4號,68,6801000,6801000-025,4鄰,平東路,,86巷,18弄,,,4號,121.25172378198,24.9179426917671
桃園市平鎮區東安里4鄰平東路86巷18弄5號,68,6801000,6801000-025,4鄰,平東路,,86巷,18弄,,,5號,121.251811524788,24.9181995828988
桃園市平鎮區東安里4鄰平東路86巷18弄6號,68,6801000,6801000-025,4鄰,平東路,,86巷,18弄,,,6號,121.251789072603,24.9179663262989
桃園市平鎮區東安里4鄰平東路86巷18弄7號,68,6801000,6801000-025,4鄰,平東路,,86巷,18弄,,,7號,121.251851558775,24.9182177527093
桃園市平鎮區東安里4鄰平東路86巷18弄8號,68,6801000,6801000-025,4鄰,平東路,,86巷,18弄,,,8號,121.251832494769,24.9179954147896
桃園市平鎮區東安里4鄰平東路86巷18弄9號,68,6801000,6801000-025,4鄰,平東路,,86巷,18弄,,,9號,121.251890904891,24.91823845163
桃園市平鎮區東安里4鄰平東路86巷18弄10號,68,6801000,6801000-025,4鄰,平東路,,86巷,18弄,,,10號,121.251849011089,24.9180357439581
桃園市平鎮區東安里4鄰平東路86巷18弄11號,68,6801000,6801000-025,4鄰,平東路,,86巷,18弄,,,11號,121.251928881861,24.9182674590043
桃園市平鎮區東安里4鄰平東路86巷18弄12號,68,6801000,6801000-025,4鄰,平東路,,86巷,18弄,,,12號,121.251903617062,24.9180630981381
桃園市平鎮區東安里4鄰平東路86巷18弄13號,68,6801000,6801000-025,4鄰,平東路,,86巷,18弄,,,13號,121.251965455021,24.9182877111685
桃園市平鎮區東安里4鄰平東路86巷18弄14號,68,6801000,6801000-025,4鄰,平東路,,86巷,18弄,,,14號,121.251942065882,24.9180807288971
桃園市平鎮區東安里4鄰平東路86巷18弄15號,68,6801000,6801000-025,4鄰,平東路,,86巷,18弄,,,15號,121.252015688328,24.9183068568273
桃園市平鎮區東安里4鄰平東路86巷18弄16號,68,6801000,6801000-025,4鄰,平東路,,86巷,18弄,,,16號,121.251985562543,24.9180977191266
桃園市平鎮區東安里4鄰平東路86巷18弄18號,68,6801000,6801000-025,4鄰,平東路,,86巷,18弄,,,18號,121.252044530546,24.9181279549795
桃園市平鎮區東安里4鄰平東路86巷18弄26號,68,6801000,6801000-025,4鄰,平東路,,86巷,18弄,,,26號,121.252331651714,24.9181832650781
桃園市平鎮區東安里4鄰平東路86巷18弄28號,68,6801000,6801000-025,4鄰,平東路,,86巷,18弄,,,28號,121.252384136915,24.9181900378603
桃園市平鎮區東安里1鄰平東路86巷20號,68,6801000,6801000-025,1鄰,平東路,,86巷,,,,20號,121.25165400669,24.9180996332854
桃園市平鎮區東安里4鄰平東路86巷21號,68,6801000,6801000-025,4鄰,平東路,,86巷,,,,21號,121.251394461712,24.9181193016083
桃園市平鎮區東安里1鄰平東路86巷22號,68,6801000,6801000-025,1鄰,平東路,,86巷,,,,22號,121.25161254214,24.9181082802584
桃園市平鎮區東安里1鄰平東路86巷23號,68,6801000,6801000-025,1鄰,平東路,,86巷,,,,23號,121.251389117062,24.9181688766743
桃園市平鎮區東安里1鄰平東路86巷24號,68,6801000,6801000-025,1鄰,平東路,,86巷,,,,24號,121.25156096763,24.9181111660831
桃園市平鎮區東安里1鄰平東路86巷25弄1號,68,6801000,6801000-025,1鄰,平東路,,86巷,25弄,,,1號,121.251273860239,24.9181601327891
桃園市平鎮區東安里1鄰平東路86巷25弄2號,68,6801000,6801000-025,1鄰,平東路,,86巷,25弄,,,2號,121.25137555741,24.9182683927806
桃園市平鎮區東安里1鄰平東路86巷25弄3號,68,6801000,6801000-025,1鄰,平東路,,86巷,25弄,,,3號,121.251205738594,24.9181562750534
桃園市平鎮區東安里1鄰平東路86巷25弄4號,68,6801000,6801000-025,1鄰,平東路,,86巷,25弄,,,4號,121.25131447146,24.9182677734678
桃園市平鎮區東安里1鄰平東路86巷25弄5號,68,6801000,6801000-025,1鄰,平東路,,86巷,25弄,,,5號,121.251146229057,24.918151861077
桃園市平鎮區東安里1鄰平東路86巷25弄6號,68,6801000,6801000-025,1鄰,平東路,,86巷,25弄,,,6號,121.251252784911,24.9182639049088
桃園市平鎮區東安里1鄰平東路86巷25弄7號,68,6801000,6801000-025,1鄰,平東路,,86巷,25弄,,,7號,121.251086122585,24.9181460035338
桃園市平鎮區東安里1鄰平東路86巷25弄8號,68,6801000,6801000-025,1鄰,平東路,,86巷,25弄,,,8號,121.25118793614,24.918262930747
桃園市平鎮區東安里1鄰平東路86巷25弄10號,68,6801000,6801000-025,1鄰,平東路,,86巷,25弄,,,10號,121.251141001869,24.9182594887126
桃園市平鎮區東安里1鄰平東路86巷25弄12號,68,6801000,6801000-025,1鄰,平東路,,86巷,25弄,,,12號,121.251106148087,24.9182571097325
桃園市平鎮區東安里1鄰平東路86巷25弄14號,68,6801000,6801000-025,1鄰,平東路,,86巷,25弄,,,14號,121.251067531118,24.9182541953747
桃園市平鎮區東安里1鄰平東路86巷26號,68,6801000,6801000-025,1鄰,平東路,,86巷,,,,26號,121.251502296003,24.9182270094616
桃園市平鎮區東安里1鄰平東路86巷27弄1號,68,6801000,6801000-025,1鄰,平東路,,86巷,27弄,,,1號,121.251367861213,24.9184277574596
桃園市平鎮區東安里1鄰平東路86巷27弄2號,68,6801000,6801000-025,1鄰,平東路,,86巷,27弄,,,2號,121.251358102412,24.9185464074151
桃園市平鎮區東安里1鄰平東路86巷27弄3號,68,6801000,6801000-025,1鄰,平東路,,86巷,27弄,,,3號,121.251303010343,24.9184257902252
桃園市平鎮區東安里1鄰平東路86巷27弄4號,68,6801000,6801000-025,1鄰,平東路,,86巷,27弄,,,4號,121.251297505301,24.918542807892
桃園市平鎮區東安里1鄰平東路86巷27弄5號,68,6801000,6801000-025,1鄰,平東路,,86巷,27弄,,,5號,121.251258435422,24.9184141283853
桃園市平鎮區東安里1鄰平東路86巷27弄6號,68,6801000,6801000-025,1鄰,平東路,,86巷,27弄,,,6號,121.251237410522,24.9185428188679
桃園市平鎮區東安里1鄰平東路86巷27弄7號,68,6801000,6801000-025,1鄰,平東路,,86巷,27弄,,,7號,121.251224675378,24.9184140949809
桃園市平鎮區東安里1鄰平東路86巷27弄8號,68,6801000,6801000-025,1鄰,平東路,,86巷,27弄,,,8號,121.25116978752,24.9185408562464
桃園市平鎮區東安里1鄰平東路86巷27弄11號,68,6801000,6801000-025,1鄰,平東路,,86巷,27弄,,,11號,121.251159229588,24.9184116772649
桃園市平鎮區東安里1鄰平東路86巷27弄12號,68,6801000,6801000-025,1鄰,平東路,,86巷,27弄,,,12號,121.251042162714,24.9185359249547
桃園市平鎮區東安里1鄰平東路86巷27弄13號,68,6801000,6801000-025,1鄰,平東路,,86巷,27弄,,,13號,121.251122694548,24.9184102039632
桃園市平鎮區東安里1鄰平東路86巷27弄14號,68,6801000,6801000-025,1鄰,平東路,,86巷,27弄,,,14號,121.250979884033,24.9185330504073
桃園市平鎮區東安里1鄰平東路86巷27弄15號,68,6801000,6801000-025,1鄰,平東路,,86巷,27弄,,,15號,121.251091606658,24.9184097146074
桃園市平鎮區東安里1鄰平東路86巷27弄16號,68,6801000,6801000-025,1鄰,平東路,,86巷,27弄,,,16號,121.250918799232,24.9185330629211
桃園市平鎮區東安里1鄰平東路86巷27弄17號,68,6801000,6801000-025,1鄰,平東路,,86巷,27弄,,,17號,121.251056261661,24.9184092324124
桃園市平鎮區東安里1鄰平東路86巷27弄18號,68,6801000,6801000-025,1鄰,平東路,,86巷,27弄,,,18號,121.250848996172,24.9185301106956
桃園市平鎮區東安里1鄰平東路86巷27弄19號,68,6801000,6801000-025,1鄰,平東路,,86巷,27弄,,,19號,121.251023985741,24.9184087450426
桃園市平鎮區東安里1鄰平東路86巷27弄21號,68,6801000,6801000-025,1鄰,平東路,,86巷,27弄,,,21號,121.250990817886,24.9184078077459
桃園市平鎮區東安里1鄰平東路86巷27弄23號,68,6801000,6801000-025,1鄰,平東路,,86巷,27弄,,,23號,121.250956954821,24.9184057882007
桃園市平鎮區東安里1鄰平東路86巷28號,68,6801000,6801000-025,1鄰,平東路,,86巷,,,,28號,121.251504302471,24.9182888507908
桃園市平鎮區東安里2鄰平東路86巷29弄1號,68,6801000,6801000-025,2鄰,平東路,,86巷,29弄,,,1號,121.251348633461,24.9187103795723
桃園市平鎮區東安里2鄰平東路86巷29弄2號,68,6801000,6801000-025,2鄰,平東路,,86巷,29弄,,,2號,121.251390049034,24.9188239776255
桃園市平鎮區東安里2鄰平東路86巷29弄3號,68,6801000,6801000-025,2鄰,平東路,,86巷,29弄,,,3號,121.251288535674,24.9187089460264
桃園市平鎮區東安里2鄰平東路86巷29弄4號,68,6801000,6801000-025,2鄰,平東路,,86巷,29弄,,,4號,121.251330050194,24.9188225439299
桃園市平鎮區東安里2鄰平東路86巷29弄5號,68,6801000,6801000-025,2鄰,平東路,,86巷,29弄,,,5號,121.251226353709,24.9187049880087
桃園市平鎮區東安里2鄰平東路86巷29弄6號,68,6801000,6801000-025,2鄰,平東路,,86巷,29弄,,,6號,121.251267773193,24.9188205723434
桃園市平鎮區東安里2鄰平東路86巷29弄7號,68,6801000,6801000-025,2鄰,平東路,,86巷,29弄,,,7號,121.251163376983,24.9186996770398
桃園市平鎮區東安里2鄰平東路86巷29弄8號,68,6801000,6801000-025,2鄰,平東路,,86巷,29弄,,,8號,121.251202822202,24.9188181538143
桃園市平鎮區東安里2鄰平東路86巷29弄9號,68,6801000,6801000-025,2鄰,平東路,,86巷,29弄,,,9號,121.251101100045,24.9186977053833
桃園市平鎮區東安里2鄰平東路86巷29弄10號,68,6801000,6801000-025,2鄰,平東路,,86巷,29弄,,,10號,121.25113638617,24.9188157377579
桃園市平鎮區東安里2鄰平東路86巷29弄11號,68,6801000,6801000-025,2鄰,平東路,,86巷,29弄,,,11號,121.251033177394,24.9186944792255
桃園市平鎮區東安里2鄰平東路86巷29弄12號,68,6801000,6801000-025,2鄰,平東路,,86巷,29弄,,,12號,121.251075693037,24.9188136731395
桃園市平鎮區東安里2鄰平東路86巷29弄13號,68,6801000,6801000-025,2鄰,平東路,,86巷,29弄,,,13號,121.250972374356,24.9186869976946
桃園市平鎮區東安里2鄰平東路86巷29弄14號,68,6801000,6801000-025,2鄰,平東路,,86巷,29弄,,,14號,121.251010245028,24.9188102622366
桃園市平鎮區東安里2鄰平東路86巷29弄15號,68,6801000,6801000-025,2鄰,平東路,,86巷,29弄,,,15號,121.250908308984,24.9186818690186
桃園市平鎮區東安里2鄰平東路86巷29弄16號,68,6801000,6801000-025,2鄰,平東路,,86巷,29弄,,,16號,121.250944205381,24.9188080259958
桃園市平鎮區東安里2鄰平東路86巷29弄17號,68,6801000,6801000-025,2鄰,平東路,,86巷,29弄,,,17號,121.250843556625,24.918679720851
桃園市平鎮區東安里2鄰平東路86巷29弄18號,68,6801000,6801000-025,2鄰,平東路,,86巷,29弄,,,18號,121.250880343432,24.9188056054934
桃園市平鎮區東安里2鄰平東路86巷29弄19號,68,6801000,6801000-025,2鄰,平東路,,86巷,29弄,,,19號,121.250778710559,24.9186801910562
桃園市平鎮區東安里2鄰平東路86巷29弄20號,68,6801000,6801000-025,2鄰,平東路,,86巷,29弄,,,20號,121.250819154563,24.9188031804675
桃園市平鎮區東安里2鄰平東路86巷29弄21號,68,6801000,6801000-025,2鄰,平東路,,86巷,29弄,,,21號,121.250725539332,24.9186769399494
桃園市平鎮區東安里2鄰平東路86巷29弄22號,68,6801000,6801000-025,2鄰,平東路,,86巷,29弄,,,22號,121.250754300583,24.918799768453
桃園市平鎮區東安里2鄰平東路86巷29弄24號,68,6801000,6801000-025,2鄰,平東路,,86巷,29弄,,,24號,121.250692619624,24.9187987887507
桃園市平鎮區東安里2鄰平東路86巷29弄26號,68,6801000,6801000-025,2鄰,平東路,,86巷,29弄,,,26號,121.250632222602,24.9187962720326
桃園市平鎮區東安里1鄰平東路86巷30號,68,6801000,6801000-025,1鄰,平東路,,86巷,,,,30號,121.251498943577,24.9183313837118
桃園市平鎮區東安里3鄰平東路86巷32弄1號,68,6801000,6801000-025,3鄰,平東路,,86巷,32弄,,,1號,121.251492958643,24.9185534027783
桃園市平鎮區東安里3鄰平東路86巷32弄2號,68,6801000,6801000-025,3鄰,平東路,,86巷,32弄,,,2號,121.251495260998,24.9184194170679
桃園市平鎮區東安里3鄰平東路86巷32弄3號,68,6801000,6801000-025,3鄰,平東路,,86巷,32弄,,,3號,121.251552062667,24.9185530322336
桃園市平鎮區東安里3鄰平東路86巷32弄4號,68,6801000,6801000-025,3鄰,平東路,,86巷,32弄,,,4號,121.251559613923,24.9184199405107
桃園市平鎮區東安里3鄰平東路86巷32弄5號,68,6801000,6801000-025,3鄰,平東路,,86巷,32弄,,,5號,121.251609696671,24.9185600674544
桃園市平鎮區東安里3鄰平東路86巷32弄6號,68,6801000,6801000-025,3鄰,平東路,,86巷,32弄,,,6號,121.251619716518,24.9184238116149
桃園市平鎮區東安里3鄰平東路86巷32弄7號,68,6801000,6801000-025,3鄰,平東路,,86巷,32弄,,,7號,121.251677810488,24.9185599525101
桃園市平鎮區東安里3鄰平東路86巷34弄1號,68,6801000,6801000-025,3鄰,平東路,,86巷,34弄,,,1號,121.251459052557,24.9188231390064
桃園市平鎮區東安里3鄰平東路86巷34弄2號,68,6801000,6801000-025,3鄰,平東路,,86巷,34弄,,,2號,121.25147250935,24.9187217271042
桃園市平鎮區東安里3鄰平東路86巷34弄3號,68,6801000,6801000-025,3鄰,平東路,,86巷,34弄,,,3號,121.251521624007,24.9188238460368
桃園市平鎮區東安里3鄰平東路86巷34弄4號,68,6801000,6801000-025,3鄰,平東路,,86巷,34弄,,,4號,121.251525284785,24.9187250688962
桃園市平鎮區東安里3鄰平東路86巷34弄5號,68,6801000,6801000-025,3鄰,平東路,,86巷,34弄,,,5號,121.251583901013,24.9188258175172
桃園市平鎮區東安里3鄰平東路86巷34弄6號,68,6801000,6801000-025,3鄰,平東路,,86巷,34弄,,,6號,121.251557064309,24.9187248347204
桃園市平鎮區東安里3鄰平東路86巷34弄7號,68,6801000,6801000-025,3鄰,平東路,,86巷,34弄,,,7號,121.251646077736,24.9188271571511
桃園市平鎮區東安里3鄰平東路86巷34弄8號,68,6801000,6801000-025,3鄰,平東路,,86巷,34弄,,,8號,121.251591913468,24.9187248662114
桃園市平鎮區東安里3鄰平東路86巷34弄9號,68,6801000,6801000-025,3鄰,平東路,,86巷,34弄,,,9號,121.251712616815,24.9188315590597
桃園市平鎮區東安里3鄰平東路86巷34弄10號,68,6801000,6801000-025,3鄰,平東路,,86巷,34弄,,,10號,121.251625677443,24.9187267954947
桃園市平鎮區東安里3鄰平東路86巷34弄11號,68,6801000,6801000-025,3鄰,平東路,,86巷,34弄,,,11號,121.251770042504,24.9188334483671
桃園市平鎮區東安里3鄰平東路86巷34弄12號,68,6801000,6801000-025,3鄰,平東路,,86巷,34弄,,,12號,121.251683694351,24.9187273295743
桃園市平鎮區東安里4鄰平東路98號,68,6801000,6801000-025,4鄰,平東路,,,,,,98號,121.251476562216,24.9174492539771
桃園市平鎮區東安里4鄰平東路98之1號,68,6801000,6801000-025,4鄰,平東路,,,,,,98之1號,121.251639758901,24.9175671607783
桃園市平鎮區東安里4鄰平東路106號,68,6801000,6801000-025,4鄰,平東路,,,,,,106號,121.251247578887,24.9174045881009
桃園市平鎮區東安里4鄰平東路110號,68,6801000,6801000-025,4鄰,平東路,,,,,,110號,121.251167006195,24.9173631027833
桃園市平鎮區東安里4鄰平東路112號,68,6801000,6801000-025,4鄰,平東路,,,,,,112號,121.251120833932,24.9173446722685
桃園市平鎮區東安里4鄰平東路114號,68,6801000,6801000-025,4鄰,平東路,,,,,,114號,121.251080100742,24.9173232532009
桃園市平鎮區東安里4鄰平東路116號,68,6801000,6801000-025,4鄰,平東路,,,,,,116號,121.251038481485,24.9173042732889
桃園市平鎮區東安里4鄰平東路120號,68,6801000,6801000-025,4鄰,平東路,,,,,,120號,121.250996661314,24.917283849155
桃園市平鎮區東安里4鄰平東路122號,68,6801000,6801000-025,4鄰,平東路,,,,,,122號,121.25095157593,24.9172643333467
桃園市平鎮區東安里4鄰平東路126號,68,6801000,6801000-025,4鄰,平東路,,,,,,126號,121.250902225821,24.9172410327608
桃園市平鎮區東安里4鄰平東路128號,68,6801000,6801000-025,4鄰,平東路,,,,,,128號,121.250831481346,24.9172128025109
桃園市平鎮區東安里4鄰平東路130號,68,6801000,6801000-025,4鄰,平東路,,,,,,130號,121.250770338046,24.9171835629551
桃園市平鎮區東安里4鄰平東路132號,68,6801000,6801000-025,4鄰,平東路,,,,,,132號,121.250714457734,24.9171621692572
桃園市平鎮區東安里29鄰平東路134之11號,68,6801000,6801000-025,29鄰,平東路,,,,,,134之11號,121.250847036631,24.9176102979696
桃園市平鎮區東安里29鄰平東路134之5號,68,6801000,6801000-025,29鄰,平東路,,,,,,134之5號,121.250670958992,24.9175357483977
桃園市平鎮區東安里29鄰平東路134之10號,68,6801000,6801000-025,29鄰,平東路,,,,,,134之10號,121.250777373493,24.9175783642229
桃園市平鎮區東安里29鄰平東路134之12號,68,6801000,6801000-025,29鄰,平東路,,,,,,134之12號,121.250907498472,24.9176451362618
桃園市平鎮區東安里29鄰平東路134之13號,68,6801000,6801000-025,29鄰,平東路,,,,,,134之13號,121.250962000294,24.9176212095044
桃園市平鎮區東安里29鄰平東路134之14號,68,6801000,6801000-025,29鄰,平東路,,,,,,134之14號,121.250993972573,24.9175696033801
桃園市平鎮區東安里29鄰平東路134之15號,68,6801000,6801000-025,29鄰,平東路,,,,,,134之15號,121.25101083574,24.9175368920929
桃園市平鎮區東安里29鄰平東路134之1號,68,6801000,6801000-025,29鄰,平東路,,,,,,134之1號,121.250559748386,24.9173243089742
桃園市平鎮區東安里29鄰平東路134之2號,68,6801000,6801000-025,29鄰,平東路,,,,,,134之2號,121.250516552347,24.9174069013672
桃園市平鎮區東安里29鄰平東路134之3號,68,6801000,6801000-025,29鄰,平東路,,,,,,134之3號,121.250544610184,24.9174758314098
桃園市平鎮區東安里29鄰平東路134之4號,68,6801000,6801000-025,29鄰,平東路,,,,,,134之4號,121.250612093888,24.9175071369393
桃園市平鎮區東安里4鄰平東路134號,68,6801000,6801000-025,4鄰,平東路,,,,,,134號,121.250641541335,24.9171369219487
桃園市平鎮區東安里29鄰平東路134之6號五樓之2,68,6801000,6801000-025,29鄰,平東路,,,,,,134之6號五樓之2,121.25062810843,24.9173483902837
桃園市平鎮區東安里29鄰平東路134之6號六樓之2,68,6801000,6801000-025,29鄰,平東路,,,,,,134之6號六樓之2,121.25062810843,24.9173483902837
桃園市平鎮區東安里29鄰平東路134之6號四樓之1,68,6801000,6801000-025,29鄰,平東路,,,,,,134之6號四樓之1,121.25062810843,24.9173483902837
桃園市平鎮區東安里29鄰平東路134之6號四樓之2,68,6801000,6801000-025,29鄰,平東路,,,,,,134之6號四樓之2,121.25062810843,24.9173483902837
桃園市平鎮區東安里29鄰平東路134之7號七樓,68,6801000,6801000-025,29鄰,平東路,,,,,,134之7號七樓,121.250575614656,24.9174351513956
桃園市平鎮區東安里29鄰平東路134之7號三樓之1,68,6801000,6801000-025,29鄰,平東路,,,,,,134之7號三樓之1,121.250575614656,24.9174351513956
桃園市平鎮區東安里29鄰平東路134之7號三樓之2,68,6801000,6801000-025,29鄰,平東路,,,,,,134之7號三樓之2,121.250575614656,24.9174351513956
桃園市平鎮區東安里29鄰平東路134之7號五樓之1,68,6801000,6801000-025,29鄰,平東路,,,,,,134之7號五樓之1,121.250575614656,24.9174351513956
桃園市平鎮區東安里29鄰平東路134之7號五樓之2,68,6801000,6801000-025,29鄰,平東路,,,,,,134之7號五樓之2,121.250575614656,24.9174351513956
桃園市平鎮區東安里29鄰平東路134之7號六樓之2,68,6801000,6801000-025,29鄰,平東路,,,,,,134之7號六樓之2,121.250575614656,24.9174351513956
桃園市平鎮區東安里29鄰平東路134之7號四樓之1,68,6801000,6801000-025,29鄰,平東路,,,,,,134之7號四樓之1,121.250575614656,24.9174351513956
桃園市平鎮區東安里29鄰平東路134之7號四樓之2,68,6801000,6801000-025,29鄰,平東路,,,,,,134之7號四樓之2,121.250575614656,24.9174351513956
桃園市平鎮區東安里29鄰平東路134之8號七樓,68,6801000,6801000-025,29鄰,平東路,,,,,,134之8號七樓,121.250934817681,24.9175446039081
桃園市平鎮區東安里29鄰平東路134之8號二樓,68,6801000,6801000-025,29鄰,平東路,,,,,,134之8號二樓,121.250934817681,24.9175446039081
桃園市平鎮區東安里29鄰平東路134之8號三樓之1,68,6801000,6801000-025,29鄰,平東路,,,,,,134之8號三樓之1,121.250934817681,24.9175446039081
桃園市平鎮區東安里29鄰平東路134之8號三樓之2,68,6801000,6801000-025,29鄰,平東路,,,,,,134之8號三樓之2,121.250934817681,24.9175446039081
桃園市平鎮區東安里29鄰平東路134之8號五樓之1,68,6801000,6801000-025,29鄰,平東路,,,,,,134之8號五樓之1,121.250934817681,24.9175446039081
桃園市平鎮區東安里29鄰平東路134之8號六樓之1,68,6801000,6801000-025,29鄰,平東路,,,,,,134之8號六樓之1,121.250934817681,24.9175446039081
桃園市平鎮區東安里29鄰平東路134之8號六樓之2,68,6801000,6801000-025,29鄰,平東路,,,,,,134之8號六樓之2,121.250934817681,24.9175446039081
桃園市平鎮區東安里29鄰平東路134之8號四樓之1,68,6801000,6801000-025,29鄰,平東路,,,,,,134之8號四樓之1,121.250934817681,24.9175446039081
桃園市平鎮區東安里29鄰平東路134之6號七樓之1,68,6801000,6801000-025,29鄰,平東路,,,,,,134之6號七樓之1,121.25062810843,24.9173483902837
桃園市平鎮區東安里29鄰平東路134之6號七樓之2,68,6801000,6801000-025,29鄰,平東路,,,,,,134之6號七樓之2,121.25062810843,24.9173483902837
桃園市平鎮區東安里29鄰平東路134之8號四樓之2,68,6801000,6801000-025,29鄰,平東路,,,,,,134之8號四樓之2,121.250934817681,24.9175446039081
桃園市平鎮區東安里29鄰平東路134之9號七樓之1,68,6801000,6801000-025,29鄰,平東路,,,,,,134之9號七樓之1,121.250964834216,24.9175050088877
桃園市平鎮區東安里29鄰平東路134之9號七樓之2,68,6801000,6801000-025,29鄰,平東路,,,,,,134之9號七樓之2,121.250964834216,24.9175050088877
桃園市平鎮區東安里29鄰平東路134之9號二樓之1,68,6801000,6801000-025,29鄰,平東路,,,,,,134之9號二樓之1,121.250964834216,24.9175050088877
桃園市平鎮區東安里29鄰平東路134之9號二樓之2,68,6801000,6801000-025,29鄰,平東路,,,,,,134之9號二樓之2,121.250964834216,24.9175050088877
桃園市平鎮區東安里29鄰平東路134之9號二樓之3,68,6801000,6801000-025,29鄰,平東路,,,,,,134之9號二樓之3,121.250964834216,24.9175050088877
桃園市平鎮區東安里29鄰平東路134之9號三樓之1,68,6801000,6801000-025,29鄰,平東路,,,,,,134之9號三樓之1,121.250964834216,24.9175050088877
桃園市平鎮區東安里29鄰平東路134之9號三樓之2,68,6801000,6801000-025,29鄰,平東路,,,,,,134之9號三樓之2,121.250964834216,24.9175050088877
桃園市平鎮區東安里29鄰平東路134之9號五樓之1,68,6801000,6801000-025,29鄰,平東路,,,,,,134之9號五樓之1,121.250964834216,24.9175050088877
桃園市平鎮區東安里29鄰平東路134之9號五樓之2,68,6801000,6801000-025,29鄰,平東路,,,,,,134之9號五樓之2,121.250964834216,24.9175050088877
桃園市平鎮區東安里29鄰平東路134之9號六樓之1,68,6801000,6801000-025,29鄰,平東路,,,,,,134之9號六樓之1,121.250964834216,24.9175050088877
桃園市平鎮區東安里29鄰平東路134之9號六樓之2,68,6801000,6801000-025,29鄰,平東路,,,,,,134之9號六樓之2,121.250964834216,24.9175050088877
桃園市平鎮區東安里29鄰平東路134之9號四樓之2,68,6801000,6801000-025,29鄰,平東路,,,,,,134之9號四樓之2,121.250964834216,24.9175050088877
桃園市平鎮區東安里29鄰平東路134之9號四樓之1,68,6801000,6801000-025,29鄰,平東路,,,,,,134之9號四樓之1,121.250964834216,24.9175050088877
桃園市平鎮區東安里29鄰平東路134之6號六樓之1,68,6801000,6801000-025,29鄰,平東路,,,,,,134之6號六樓之1,121.25062810843,24.9173483902837
桃園市平鎮區東安里29鄰平東路134之7號六樓之1,68,6801000,6801000-025,29鄰,平東路,,,,,,134之7號六樓之1,121.250575614656,24.9174351513956
桃園市平鎮區東安里29鄰平東路134之8號五樓之2,68,6801000,6801000-025,29鄰,平東路,,,,,,134之8號五樓之2,121.250934817681,24.9175446039081
桃園市平鎮區東安里29鄰平東路134之6號二樓之1,68,6801000,6801000-025,29鄰,平東路,,,,,,134之6號二樓之1,121.25062810843,24.9173483902837
桃園市平鎮區東安里29鄰平東路134之6號二樓之2,68,6801000,6801000-025,29鄰,平東路,,,,,,134之6號二樓之2,121.25062810843,24.9173483902837
桃園市平鎮區東安里29鄰平東路134之6號二樓之3,68,6801000,6801000-025,29鄰,平東路,,,,,,134之6號二樓之3,121.25062810843,24.9173483902837
桃園市平鎮區東安里29鄰平東路134之6號三樓之1,68,6801000,6801000-025,29鄰,平東路,,,,,,134之6號三樓之1,121.25062810843,24.9173483902837
桃園市平鎮區東安里29鄰平東路134之6號三樓之2,68,6801000,6801000-025,29鄰,平東路,,,,,,134之6號三樓之2,121.25062810843,24.9173483902837
桃園市平鎮區東安里29鄰平東路134之6號五樓之1,68,6801000,6801000-025,29鄰,平東路,,,,,,134之6號五樓之1,121.25062810843,24.9173483902837
桃園市平鎮區東安里4鄰平東路136號,68,6801000,6801000-025,4鄰,平東路,,,,,,136號,121.250265072151,24.9177429102403
桃園市平鎮區東安里4鄰平東路138號,68,6801000,6801000-025,4鄰,平東路,,,,,,138號,121.250459540265,24.917021212445
桃園市平鎮區東安里4鄰平東路146號,68,6801000,6801000-025,4鄰,平東路,,,,,,146號,121.250303012394,24.9169200860141
桃園市平鎮區東安里4鄰平東路148號,68,6801000,6801000-025,4鄰,平東路,,,,,,148號,121.250251735426,24.9168739465228
桃園市平鎮區東安里4鄰平東路150號,68,6801000,6801000-025,4鄰,平東路,,,,,,150號,121.250182328408,24.9168705418928
桃園市平鎮區東安里4鄰平東路152巷12號,68,6801000,6801000-025,4鄰,平東路,,152巷,,,,12號,121.250122618554,24.9171591905933
桃園市平鎮區東安里4鄰平東路152巷16號,68,6801000,6801000-025,4鄰,平東路,,152巷,,,,16號,121.250243306442,24.9172105404382
桃園市平鎮區東安里4鄰平東路168號,68,6801000,6801000-025,4鄰,平東路,,,,,,168號,121.249408143876,24.9168254325731
桃園市平鎮區東社里15鄰平東路282巷139號,68,6801000,6801000-018,15鄰,平東路,,282巷,,,,139號,121.246610696091,24.91823996431
桃園市平鎮區華安里16鄰平東路215號,68,6801000,6801000-038,16鄰,平東路,,,,,,215號,121.249193186234,24.9158767235072
桃園市平鎮區華安里16鄰平東路217號,68,6801000,6801000-038,16鄰,平東路,,,,,,217號,121.249131854317,24.9158516366605
桃園市平鎮區華安里16鄰平東路219號,68,6801000,6801000-038,16鄰,平東路,,,,,,219號,121.249098736835,24.9158261415265
桃園市平鎮區華安里16鄰平東路221號,68,6801000,6801000-038,16鄰,平東路,,,,,,221號,121.249056905694,24.9157998483788
桃園市平鎮區華安里16鄰平東路223號,68,6801000,6801000-038,16鄰,平東路,,,,,,223號,121.249016369372,24.9157774352817
桃園市平鎮區華安里16鄰平東路225號,68,6801000,6801000-038,16鄰,平東路,,,,,,225號,121.248973460135,24.9157565609681
桃園市平鎮區華安里16鄰平東路227號,68,6801000,6801000-038,16鄰,平東路,,,,,,227號,121.248930545839,24.9157331586901
桃園市平鎮區華安里17鄰平東路228號,68,6801000,6801000-038,17鄰,平東路,,,,,,228號,121.249021098399,24.916061822906
桃園市平鎮區華安里17鄰平東路230號,68,6801000,6801000-038,17鄰,平東路,,,,,,230號,121.248985690456,24.9160296505349
桃園市平鎮區華安里16鄰平東路231號,68,6801000,6801000-038,16鄰,平東路,,,,,,231號,121.248848966702,24.9156825550654
桃園市平鎮區華安里17鄰平東路232號,68,6801000,6801000-038,17鄰,平東路,,,,,,232號,121.248943760451,24.9160034478058
桃園市平鎮區華安里16鄰平東路233號,68,6801000,6801000-038,16鄰,平東路,,,,,,233號,121.248807631751,24.9156568027245
桃園市平鎮區華安里17鄰平東路234號,68,6801000,6801000-038,17鄰,平東路,,,,,,234號,121.248905684239,24.9159736272609
桃園市平鎮區華安里16鄰平東路235號,68,6801000,6801000-038,16鄰,平東路,,,,,,235號,121.248766399621,24.9156329461706
桃園市平鎮區華安里17鄰平東路236號,68,6801000,6801000-038,17鄰,平東路,,,,,,236號,121.248853260209,24.9159474420206
桃園市平鎮區華安里16鄰平東路237號,68,6801000,6801000-038,16鄰,平東路,,,,,,237號,121.24871535525,24.9156035083434
桃園市平鎮區華安里17鄰平東路238號,68,6801000,6801000-038,17鄰,平東路,,,,,,238號,121.248820145475,24.9159233010846
桃園市平鎮區華安里1鄰平東路239巷1號,68,6801000,6801000-038,1鄰,平東路,,239巷,,,,1號,121.248793293172,24.9155169762693
桃園市平鎮區華安里1鄰平東路239巷2號,68,6801000,6801000-038,1鄰,平東路,,239巷,,,,2號,121.248659624746,24.9154587852625
桃園市平鎮區華安里1鄰平東路239巷3號,68,6801000,6801000-038,1鄰,平東路,,239巷,,,,3號,121.248829745285,24.9154775514989
桃園市平鎮區華安里1鄰平東路239巷4號,68,6801000,6801000-038,1鄰,平東路,,239巷,,,,4號,121.248703432587,24.9154341548828
桃園市平鎮區華安里1鄰平東路239巷5弄1號,68,6801000,6801000-038,1鄰,平東路,,239巷,5弄,,,1號,121.248906585855,24.9155349343676
桃園市平鎮區華安里1鄰平東路239巷5弄3號,68,6801000,6801000-038,1鄰,平東路,,239巷,5弄,,,3號,121.248944160769,24.9155616860855
桃園市平鎮區華安里1鄰平東路239巷5弄5號,68,6801000,6801000-038,1鄰,平東路,,239巷,5弄,,,5號,121.248984408706,24.915588433331
桃園市平鎮區華安里1鄰平東路239巷5弄7號,68,6801000,6801000-038,1鄰,平東路,,239巷,5弄,,,7號,121.24902574077,24.9156127410792
桃園市平鎮區華安里1鄰平東路239巷5弄9號,68,6801000,6801000-038,1鄰,平東路,,239巷,5弄,,,9號,121.249065390933,24.9156375933305
桃園市平鎮區華安里1鄰平東路239巷5弄11號,68,6801000,6801000-038,1鄰,平東路,,239巷,5弄,,,11號,121.24910564291,24.9156663267905
桃園市平鎮區華安里1鄰平東路239巷5弄13號,68,6801000,6801000-038,1鄰,平東路,,239巷,5弄,,,13號,121.249144305822,24.9156925349339
桃園市平鎮區華安里1鄰平東路239巷5弄15號,68,6801000,6801000-038,1鄰,平東路,,239巷,5弄,,,15號,121.249183464841,24.9157192839439
桃園市平鎮區華安里1鄰平東路239巷5弄17號,68,6801000,6801000-038,1鄰,平東路,,239巷,5弄,,,17號,121.24922044496,24.9157455851632
桃園市平鎮區華安里1鄰平東路239巷5弄19號,68,6801000,6801000-038,1鄰,平東路,,239巷,5弄,,,19號,121.249270910747,24.9157826076636
桃園市平鎮區華安里1鄰平東路239巷6號,68,6801000,6801000-038,1鄰,平東路,,239巷,,,,6號,121.248728792706,24.9153927623793
桃園市平鎮區華安里1鄰平東路239巷8號,68,6801000,6801000-038,1鄰,平東路,,239巷,,,,8號,121.248749595364,24.9153496620714
桃園市平鎮區華安里1鄰平東路239巷11號,68,6801000,6801000-038,1鄰,平東路,,239巷,,,,11號,121.248888908693,24.9153101559659
桃園市平鎮區華安里2鄰平東路239巷12弄1號,68,6801000,6801000-038,2鄰,平東路,,239巷,12弄,,,1號,121.248616982356,24.9149288874991
桃園市平鎮區華安里2鄰平東路239巷12弄3號,68,6801000,6801000-038,2鄰,平東路,,239巷,12弄,,,3號,121.248566997969,24.9149342073073
桃園市平鎮區華安里2鄰平東路239巷12弄5號,68,6801000,6801000-038,2鄰,平東路,,239巷,12弄,,,5號,121.248510651724,24.9149266270441
桃園市平鎮區華安里2鄰平東路239巷12弄7號,68,6801000,6801000-038,2鄰,平東路,,239巷,12弄,,,7號,121.248454320859,24.9149267209
桃園市平鎮區華安里2鄰平東路239巷12弄9號,68,6801000,6801000-038,2鄰,平東路,,239巷,12弄,,,9號,121.24839173782,24.9149192412663
桃園市平鎮區華安里2鄰平東路239巷12弄11號,68,6801000,6801000-038,2鄰,平東路,,239巷,12弄,,,11號,121.248335406958,24.9149193350773
桃園市平鎮區華安里2鄰平東路239巷12弄13號,68,6801000,6801000-038,2鄰,平東路,,239巷,12弄,,,13號,121.248291649064,24.9149194079351
桃園市平鎮區華安里2鄰平東路239巷12弄15號,68,6801000,6801000-038,2鄰,平東路,,239巷,12弄,,,15號,121.248231160211,24.9149195086292
桃園市平鎮區華安里1鄰平東路239巷13號,68,6801000,6801000-038,1鄰,平東路,,239巷,,,,13號,121.248891587934,24.9152639259326
桃園市平鎮區華安里2鄰平東路239巷14弄1號,68,6801000,6801000-038,2鄰,平東路,,239巷,14弄,,,1號,121.248619743713,24.9146766285403
桃園市平鎮區華安里2鄰平東路239巷14弄2號,68,6801000,6801000-038,2鄰,平東路,,239巷,14弄,,,2號,121.248621700155,24.9148130448686
桃園市平鎮區華安里2鄰平東路239巷14弄3號,68,6801000,6801000-038,2鄰,平東路,,239巷,14弄,,,3號,121.248569615557,24.9146595580799
桃園市平鎮區華安里2鄰平東路239巷14弄4號,68,6801000,6801000-038,2鄰,平東路,,239巷,14弄,,,4號,121.248559117164,24.9148055653046
桃園市平鎮區華安里2鄰平東路239巷14弄5號,68,6801000,6801000-038,2鄰,平東路,,239巷,14弄,,,5號,121.248507054353,24.9146629125743
桃園市平鎮區華安里2鄰平東路239巷14弄6號,68,6801000,6801000-038,2鄰,平東路,,239巷,14弄,,,6號,121.248502071831,24.9147949165364
桃園市平鎮區華安里2鄰平東路239巷14弄7號,68,6801000,6801000-038,2鄰,平東路,,239巷,14弄,,,7號,121.248446565626,24.9146630133547
桃園市平鎮區華安里2鄰平東路239巷14弄8號,68,6801000,6801000-038,2鄰,平東路,,239巷,14弄,,,8號,121.248445729632,24.9147893224961
桃園市平鎮區華安里2鄰平東路239巷14弄9號,68,6801000,6801000-038,2鄰,平東路,,239巷,14弄,,,9號,121.248392416668,24.9146649995222
桃園市平鎮區華安里2鄰平東路239巷14弄10號,68,6801000,6801000-038,2鄰,平東路,,239巷,14弄,,,10號,121.248381091717,24.9147938540936
桃園市平鎮區華安里2鄰平東路239巷14弄11號,68,6801000,6801000-038,2鄰,平東路,,239巷,14弄,,,11號,121.248322239901,24.9146720682797
桃園市平鎮區華安里2鄰平東路239巷14弄12號,68,6801000,6801000-038,2鄰,平東路,,239巷,14弄,,,12號,121.248324757115,24.914792051936
桃園市平鎮區華安里2鄰平東路239巷14弄13號,68,6801000,6801000-038,2鄰,平東路,,239巷,14弄,,,13號,121.248270048156,24.9146626753207
桃園市平鎮區華安里2鄰平東路239巷14弄14號,68,6801000,6801000-038,2鄰,平東路,,239巷,14弄,,,14號,121.248270501508,24.9147902462961
桃園市平鎮區華安里2鄰平東路239巷14弄15號,68,6801000,6801000-038,2鄰,平東路,,239巷,14弄,,,15號,121.248207488026,24.9146665713936
桃園市平鎮區華安里2鄰平東路239巷14弄16號,68,6801000,6801000-038,2鄰,平東路,,239巷,14弄,,,16號,121.248210020306,24.9147941389095
桃園市平鎮區華安里2鄰平東路239巷14弄17號,68,6801000,6801000-038,2鄰,平東路,,239巷,14弄,,,17號,121.248155303698,24.9146608800388
桃園市平鎮區華安里2鄰平東路239巷14弄18號,68,6801000,6801000-038,2鄰,平東路,,239巷,14弄,,,18號,121.248156383625,24.9148047914327
桃園市平鎮區華安里2鄰平東路239巷14弄19號,68,6801000,6801000-038,2鄰,平東路,,239巷,14弄,,,19號,121.248103218556,24.914655278785
桃園市平鎮區華安里2鄰平東路239巷14弄20號,68,6801000,6801000-038,2鄰,平東路,,239巷,14弄,,,20號,121.248104169262,24.914784112915
桃園市平鎮區華安里2鄰平東路239巷14弄21號,68,6801000,6801000-038,2鄰,平東路,,239巷,14弄,,,21號,121.248035903014,24.914657467295
桃園市平鎮區華安里2鄰平東路239巷14弄22號,68,6801000,6801000-038,2鄰,平東路,,239巷,14弄,,,22號,121.248033297065,24.9147900089978
桃園市平鎮區華安里2鄰平東路239巷14弄23號,68,6801000,6801000-038,2鄰,平東路,,239巷,14弄,,,23號,121.247989967222,24.9146575436859
桃園市平鎮區華安里2鄰平東路239巷14弄25號,68,6801000,6801000-038,2鄰,平東路,,239巷,14弄,,,25號,121.247935704097,24.9146519459951
桃園市平鎮區華安里2鄰平東路239巷14弄27號,68,6801000,6801000-038,2鄰,平東路,,239巷,14弄,,,27號,121.247877305731,24.9146577309812
桃園市平鎮區華安里2鄰平東路239巷14弄28號,68,6801000,6801000-038,2鄰,平東路,,239巷,14弄,,,28號,121.247869864326,24.9147981354542
桃園市平鎮區華安里2鄰平東路239巷14弄29號,68,6801000,6801000-038,2鄰,平東路,,239巷,14弄,,,29號,121.247825235754,24.9146597134873
桃園市平鎮區華安里1鄰平東路239巷15弄1號,68,6801000,6801000-038,1鄰,平東路,,239巷,15弄,,,1號,121.249053654425,24.9152653707712
桃園市平鎮區華安里1鄰平東路239巷15弄2號,68,6801000,6801000-038,1鄰,平東路,,239巷,15弄,,,2號,121.249022629224,24.915147782136
桃園市平鎮區華安里1鄰平東路239巷15弄3號,68,6801000,6801000-038,1鄰,平東路,,239巷,15弄,,,3號,121.249178196825,24.9152653433019
桃園市平鎮區華安里1鄰平東路239巷15弄4號,68,6801000,6801000-038,1鄰,平東路,,239巷,15弄,,,4號,121.249073527701,24.9151539267545
桃園市平鎮區華安里1鄰平東路239巷15弄6號,68,6801000,6801000-038,1鄰,平東路,,239巷,15弄,,,6號,121.24912144748,24.9151557426849
桃園市平鎮區華安里1鄰平東路239巷15弄8號,68,6801000,6801000-038,1鄰,平東路,,239巷,15弄,,,8號,121.249165296836,24.9151518774896
桃園市平鎮區華安里1鄰平東路239巷15弄10號,68,6801000,6801000-038,1鄰,平東路,,239巷,15弄,,,10號,121.249224405423,24.9151545775359
桃園市平鎮區華安里1鄰平東路239巷15弄12號,68,6801000,6801000-038,1鄰,平東路,,239巷,15弄,,,12號,121.249268258586,24.9151526082744
桃園市平鎮區華安里1鄰平東路239巷15弄14號,68,6801000,6801000-038,1鄰,平東路,,239巷,15弄,,,14號,121.249314095557,24.9151525316538
桃園市平鎮區華安里1鄰平東路239巷15弄16號,68,6801000,6801000-038,1鄰,平東路,,239巷,15弄,,,16號,121.249374097869,24.9151565844112
桃園市平鎮區華安里4鄰平東路239巷16弄1號,68,6801000,6801000-038,4鄰,平東路,,239巷,16弄,,,1號,121.248558923049,24.9144122871729
桃園市平鎮區華安里4鄰平東路239巷16弄2號,68,6801000,6801000-038,4鄰,平東路,,239巷,16弄,,,2號,121.248618485341,24.9145427390065
桃園市平鎮區華安里4鄰平東路239巷16弄3號,68,6801000,6801000-038,4鄰,平東路,,239巷,16弄,,,3號,121.248502592418,24.9144123810452
桃園市平鎮區華安里4鄰平東路239巷16弄4號,68,6801000,6801000-038,4鄰,平東路,,239巷,16弄,,,4號,121.248566415426,24.9145447217709
桃園市平鎮區華安里4鄰平東路239巷16弄5號,68,6801000,6801000-038,4鄰,平東路,,239巷,16弄,,,5號,121.248458724311,24.9144067662229
桃園市平鎮區華安里4鄰平東路239巷16弄6號,68,6801000,6801000-038,4鄰,平東路,,239巷,16弄,,,6號,121.248503836734,24.9145393187146
桃園市平鎮區華安里4鄰平東路239巷16弄7號,68,6801000,6801000-038,4鄰,平東路,,239巷,16弄,,,7號,121.248398235708,24.9144068669828
桃園市平鎮區華安里4鄰平東路239巷16弄8號,68,6801000,6801000-038,4鄰,平東路,,239巷,16弄,,,8號,121.248441173877,24.9145413190858
桃園市平鎮區華安里4鄰平東路239巷16弄9號,68,6801000,6801000-038,4鄰,平東路,,239巷,16弄,,,9號,121.248344090656,24.9144107490962
桃園市平鎮區華安里4鄰平東路239巷16弄10號,68,6801000,6801000-038,4鄰,平東路,,239巷,16弄,,,10號,121.248391163603,24.9145336379366
桃園市平鎮區華安里4鄰平東路239巷16弄11號,68,6801000,6801000-038,4鄰,平東路,,239巷,16弄,,,11號,121.248299129768,24.914403240076
桃園市平鎮區華安里4鄰平東路239巷16弄12號,68,6801000,6801000-038,4鄰,平東路,,239巷,16弄,,,12號,121.248328603542,24.9145375340598
桃園市平鎮區華安里4鄰平東路239巷16弄13號,68,6801000,6801000-038,4鄰,平東路,,239巷,16弄,,,13號,121.248238648756,24.9144071326998
桃園市平鎮區華安里4鄰平東路239巷16弄14號,68,6801000,6801000-038,4鄰,平東路,,239巷,16弄,,,14號,121.248280779577,24.9145340023115
桃園市平鎮區華安里4鄰平東路239巷16弄15號,68,6801000,6801000-038,4鄰,平東路,,239巷,16弄,,,15號,121.248199041428,24.9144034066795
桃園市平鎮區華安里4鄰平東路239巷16弄16號,68,6801000,6801000-038,4鄰,平東路,,239巷,16弄,,,16號,121.248230784853,24.9145340855335
桃園市平鎮區華安里4鄰平東路239巷16弄18號,68,6801000,6801000-038,4鄰,平東路,,239巷,16弄,,,18號,121.2481566162,24.9145251805336
桃園市平鎮區華安里4鄰平東路239巷16弄20號,68,6801000,6801000-038,4鄰,平東路,,239巷,16弄,,,20號,121.248113461833,24.9145299471184
桃園市平鎮區華安里4鄰平東路239巷16弄21號,68,6801000,6801000-038,4鄰,平東路,,239巷,16弄,,,21號,121.248095308711,24.9144128785627
桃園市平鎮區華安里4鄰平東路239巷16弄22號,68,6801000,6801000-038,4鄰,平東路,,239巷,16弄,,,22號,121.248057640227,24.9145370821526
桃園市平鎮區華安里4鄰平東路239巷16弄23號,68,6801000,6801000-038,4鄰,平東路,,239巷,16弄,,,23號,121.248030650757,24.9144072981975
桃園市平鎮區華安里4鄰平東路239巷16弄24號,68,6801000,6801000-038,4鄰,平東路,,239巷,16弄,,,24號,121.248007342907,24.9145343669892
桃園市平鎮區華安里4鄰平東路239巷16弄25號,68,6801000,6801000-038,4鄰,平東路,,239巷,16弄,,,25號,121.247980065879,24.9144092782872
桃園市平鎮區華安里4鄰平東路239巷16弄26號,68,6801000,6801000-038,4鄰,平東路,,239巷,16弄,,,26號,121.247951109773,24.914533738217
桃園市平鎮區華安里4鄰平東路239巷16弄27號,68,6801000,6801000-038,4鄰,平東路,,239巷,16弄,,,27號,121.247919181998,24.9144097406474
桃園市平鎮區華安里4鄰平東路239巷16弄28號,68,6801000,6801000-038,4鄰,平東路,,239巷,16弄,,,28號,121.247895063812,24.9145276920535
桃園市平鎮區華安里4鄰平東路239巷16弄29號,68,6801000,6801000-038,4鄰,平東路,,239巷,16弄,,,29號,121.247878097987,24.9144101700751
桃園市平鎮區華安里4鄰平東路239巷16弄30號,68,6801000,6801000-038,4鄰,平東路,,239巷,16弄,,,30號,121.247837839605,24.91452652318
桃園市平鎮區華安里4鄰平東路239巷16弄31號,68,6801000,6801000-038,4鄰,平東路,,239巷,16弄,,,31號,121.24782798916,24.9144026694688
桃園市平鎮區華安里4鄰平東路239巷16弄32號,68,6801000,6801000-038,4鄰,平東路,,239巷,16弄,,,32號,121.247787348263,24.9145257945198
桃園市平鎮區華安里4鄰平東路239巷16弄33號,68,6801000,6801000-038,4鄰,平東路,,239巷,16弄,,,33號,121.247765410028,24.9143969952497
桃園市平鎮區華安里4鄰平東路239巷16弄34號,68,6801000,6801000-038,4鄰,平東路,,239巷,16弄,,,34號,121.247732600846,24.9145255243338
桃園市平鎮區華安里4鄰平東路239巷16弄35號,68,6801000,6801000-038,4鄰,平東路,,239巷,16弄,,,35號,121.247709087153,24.914400971035
桃園市平鎮區華安里4鄰平東路239巷16弄36號,68,6801000,6801000-038,4鄰,平東路,,239巷,16弄,,,36號,121.2476727069,24.9145259849493
桃園市平鎮區華安里4鄰平東路239巷16弄37號,68,6801000,6801000-038,4鄰,平東路,,239巷,16弄,,,37號,121.247658292375,24.9143969925994
桃園市平鎮區華安里4鄰平東路239巷16弄39號,68,6801000,6801000-038,4鄰,平東路,,239巷,16弄,,,39號,121.247604039471,24.9143964506918
桃園市平鎮區華安里1鄰平東路239巷17號,68,6801000,6801000-038,1鄰,平東路,,239巷,,,,17號,121.248876865905,24.9151797152485
桃園市平鎮區華安里6鄰平東路239巷18弄1號,68,6801000,6801000-038,6鄰,平東路,,239巷,18弄,,,1號,121.248686198499,24.9141957537813
桃園市平鎮區華安里6鄰平東路239巷18弄2號,68,6801000,6801000-038,6鄰,平東路,,239巷,18弄,,,2號,121.248570274923,24.914296975185
桃園市平鎮區華安里6鄰平東路239巷18弄3號,68,6801000,6801000-038,6鄰,平東路,,239巷,18弄,,,3號,121.248641242556,24.9141906825319
桃園市平鎮區華安里6鄰平東路239巷18弄4號,68,6801000,6801000-038,6鄰,平東路,,239巷,18弄,,,4號,121.248517025622,24.9143032032601
桃園市平鎮區華安里6鄰平東路239巷18弄5號,68,6801000,6801000-038,6鄰,平東路,,239巷,18弄,,,5號,121.248598979137,24.9141953574868
桃園市平鎮區華安里6鄰平東路239巷18弄6號,68,6801000,6801000-038,6鄰,平東路,,239巷,18弄,,,6號,121.248468402333,24.9142959712464
桃園市平鎮區華安里6鄰平東路239巷18弄7號,68,6801000,6801000-038,6鄰,平東路,,239巷,18弄,,,7號,121.248546289683,24.9141845209034
桃園市平鎮區華安里6鄰平東路239巷18弄8號,68,6801000,6801000-038,6鄰,平東路,,239巷,18弄,,,8號,121.248422559889,24.9142931585161
桃園市平鎮區華安里6鄰平東路239巷18弄9號,68,6801000,6801000-038,6鄰,平東路,,239巷,18弄,,,9號,121.248501628395,24.9141782754247
桃園市平鎮區華安里6鄰平東路239巷18弄10號,68,6801000,6801000-038,6鄰,平東路,,239巷,18弄,,,10號,121.248359595457,24.9142928119625
桃園市平鎮區華安里6鄰平東路239巷18弄11號,68,6801000,6801000-038,6鄰,平東路,,239巷,18弄,,,11號,121.248459976874,24.9141918874679
桃園市平鎮區華安里6鄰平東路239巷18弄12號,68,6801000,6801000-038,6鄰,平東路,,239巷,18弄,,,12號,121.248307426643,24.9142947948007
桃園市平鎮區華安里6鄰平東路239巷18弄13號,68,6801000,6801000-038,6鄰,平東路,,239巷,18弄,,,13號,121.248416124397,24.9141940370576
桃園市平鎮區華安里6鄰平東路239巷18弄14號,68,6801000,6801000-038,6鄰,平東路,,239巷,18弄,,,14號,121.248241580751,24.9142892165044
桃園市平鎮區華安里6鄰平東路239巷18弄15號,68,6801000,6801000-038,6鄰,平東路,,239巷,18弄,,,15號,121.248367407219,24.9141893331278
桃園市平鎮區華安里6鄰平東路239巷18弄16號,68,6801000,6801000-038,6鄰,平東路,,239巷,18弄,,,16號,121.248179020808,24.914293112564
桃園市平鎮區華安里6鄰平東路239巷18弄17號,68,6801000,6801000-038,6鄰,平東路,,239巷,18弄,,,17號,121.248328487529,24.9141828974667
桃園市平鎮區華安里6鄰平東路239巷18弄19號,68,6801000,6801000-038,6鄰,平東路,,239巷,18弄,,,19號,121.248282368734,24.9141903775653
桃園市平鎮區華安里6鄰平東路239巷18弄21號,68,6801000,6801000-038,6鄰,平東路,,239巷,18弄,,,21號,121.248235737411,24.914189100924
桃園市平鎮區華安里6鄰平東路239巷18弄22號,68,6801000,6801000-038,6鄰,平東路,,239巷,18弄,,,22號,121.248080991857,24.9142834346702
桃園市平鎮區華安里6鄰平東路239巷18弄23號,68,6801000,6801000-038,6鄰,平東路,,239巷,18弄,,,23號,121.248197922074,24.9141903375575
桃園市平鎮區華安里6鄰平東路239巷18弄25號,68,6801000,6801000-038,6鄰,平東路,,239巷,18弄,,,25號,121.248096712228,24.9141741644962
桃園市平鎮區華安里6鄰平東路239巷18弄26號,68,6801000,6801000-038,6鄰,平東路,,239巷,18弄,,,26號,121.248005954214,24.9142854554419
桃園市平鎮區華安里6鄰平東路239巷18弄27號,68,6801000,6801000-038,6鄰,平東路,,239巷,18弄,,,27號,121.248055025996,24.9141704418954
桃園市平鎮區華安里6鄰平東路239巷18弄28號,68,6801000,6801000-038,6鄰,平東路,,239巷,18弄,,,28號,121.247895950523,24.9142778738783
桃園市平鎮區華安里6鄰平東路239巷18弄29號,68,6801000,6801000-038,6鄰,平東路,,239巷,18弄,,,29號,121.248013246363,24.9141695182521
桃園市平鎮區華安里6鄰平東路239巷18弄30號,68,6801000,6801000-038,6鄰,平東路,,239巷,18弄,,,30號,121.247820810092,24.914277998757
桃園市平鎮區華安里6鄰平東路239巷18弄31號,68,6801000,6801000-038,6鄰,平東路,,239巷,18弄,,,31號,121.247965826125,24.9141697776717
桃園市平鎮區華安里6鄰平東路239巷18弄32號,68,6801000,6801000-038,6鄰,平東路,,239巷,18弄,,,32號,121.247774961896,24.9142722967389
桃園市平鎮區華安里6鄰平東路239巷18弄33號,68,6801000,6801000-038,6鄰,平東路,,239巷,18弄,,,33號,121.247926121686,24.9141669545829
桃園市平鎮區華安里6鄰平東路239巷18弄34號,68,6801000,6801000-038,6鄰,平東路,,239巷,18弄,,,34號,121.247724856918,24.9142666920618
桃園市平鎮區華安里6鄰平東路239巷18弄35號,68,6801000,6801000-038,6鄰,平東路,,239巷,18弄,,,35號,121.247875049665,24.914172817672
桃園市平鎮區華安里6鄰平東路239巷18弄36號,68,6801000,6801000-038,6鄰,平東路,,239巷,18弄,,,36號,121.247657652656,24.9142749292644
桃園市平鎮區華安里6鄰平東路239巷18弄37號,68,6801000,6801000-038,6鄰,平東路,,239巷,18弄,,,37號,121.247827912713,24.9141662149687
桃園市平鎮區華安里6鄰平東路239巷18弄38號,68,6801000,6801000-038,6鄰,平東路,,239巷,18弄,,,38號,121.247576256351,24.9142655845548
桃園市平鎮區華安里6鄰平東路239巷18弄39號,68,6801000,6801000-038,6鄰,平東路,,239巷,18弄,,,39號,121.247786432786,24.9141666450285
桃園市平鎮區華安里6鄰平東路239巷18弄41號,68,6801000,6801000-038,6鄰,平東路,,239巷,18弄,,,41號,121.247751712573,24.9141809676328
桃園市平鎮區華安里6鄰平東路239巷18弄43號,68,6801000,6801000-038,6鄰,平東路,,239巷,18弄,,,43號,121.247698550016,24.9141810559379
桃園市平鎮區華安里1鄰平東路239巷19號,68,6801000,6801000-038,1鄰,平東路,,239巷,,,,19號,121.248880141684,24.9151347481993
桃園市平鎮區華安里8鄰平東路239巷20弄2號,68,6801000,6801000-038,8鄰,平東路,,239巷,20弄,,,2號,121.248688867082,24.9140454259461
桃園市平鎮區華安里8鄰平東路239巷20弄4號,68,6801000,6801000-038,8鄰,平東路,,239巷,20弄,,,4號,121.248645496626,24.9140410743283
桃園市平鎮區華安里8鄰平東路239巷20弄6號,68,6801000,6801000-038,8鄰,平東路,,239巷,20弄,,,6號,121.248593917033,24.9140406186072
桃園市平鎮區華安里8鄰平東路239巷20弄8號,68,6801000,6801000-038,8鄰,平東路,,239巷,20弄,,,8號,121.248551049356,24.9140401483494
桃園市平鎮區華安里8鄰平東路239巷20弄10號,68,6801000,6801000-038,8鄰,平東路,,239巷,20弄,,,10號,121.248509173479,24.9140405792699
桃園市平鎮區華安里8鄰平東路239巷20弄12號,68,6801000,6801000-038,8鄰,平東路,,239巷,20弄,,,12號,121.248466302909,24.9140386644436
桃園市平鎮區華安里8鄰平東路239巷20弄14號,68,6801000,6801000-038,8鄰,平東路,,239巷,20弄,,,14號,121.248417988296,24.9140372100946
桃園市平鎮區華安里8鄰平東路239巷20弄16號,68,6801000,6801000-038,8鄰,平東路,,239巷,20弄,,,16號,121.248371850579,24.9140352103988
桃園市平鎮區華安里8鄰平東路239巷20弄18號,68,6801000,6801000-038,8鄰,平東路,,239巷,20弄,,,18號,121.248326260638,24.9140595727975
桃園市平鎮區華安里8鄰平東路239巷20弄20號,68,6801000,6801000-038,8鄰,平東路,,239巷,20弄,,,20號,121.248284780026,24.9140596418596
桃園市平鎮區華安里8鄰平東路239巷20弄22號,68,6801000,6801000-038,8鄰,平東路,,239巷,20弄,,,22號,121.248241517431,24.9140597138763
桃園市平鎮區華安里8鄰平東路239巷20弄24號,68,6801000,6801000-038,8鄰,平東路,,239巷,20弄,,,24號,121.248201499403,24.9140485852253
桃園市平鎮區華安里8鄰平東路239巷20弄26號,68,6801000,6801000-038,8鄰,平東路,,239巷,20弄,,,26號,121.248101959617,24.914075384723
桃園市平鎮區華安里8鄰平東路239巷20弄28號,68,6801000,6801000-038,8鄰,平東路,,239巷,20弄,,,28號,121.248062353302,24.9140721100854
桃園市平鎮區華安里8鄰平東路239巷20弄30號,68,6801000,6801000-038,8鄰,平東路,,239巷,20弄,,,30號,121.248009912202,24.9140368961324
桃園市平鎮區華安里8鄰平東路239巷20弄32號,68,6801000,6801000-038,8鄰,平東路,,239巷,20弄,,,32號,121.247968428348,24.9140353399941
桃園市平鎮區華安里8鄰平東路239巷20弄34號,68,6801000,6801000-038,8鄰,平東路,,239巷,20弄,,,34號,121.247927939178,24.9140361295831
桃園市平鎮區華安里8鄰平東路239巷20弄36號,68,6801000,6801000-038,8鄰,平東路,,239巷,20弄,,,36號,121.247881206752,24.9140337695868
桃園市平鎮區華安里8鄰平東路239巷20弄38號,68,6801000,6801000-038,8鄰,平東路,,239巷,20弄,,,38號,121.247834281199,24.9140338475734
桃園市平鎮區華安里1鄰平東路239巷21號,68,6801000,6801000-038,1鄰,平東路,,239巷,,,,21號,121.24888243181,24.915091949618
桃園市平鎮區華安里1鄰平東路239巷22號,68,6801000,6801000-038,1鄰,平東路,,239巷,,,,22號,121.248739263923,24.9151839173261
桃園市平鎮區華安里1鄰平東路239巷23號,68,6801000,6801000-038,1鄰,平東路,,239巷,,,,23號,121.248887695372,24.9150508614759
桃園市平鎮區華安里1鄰平東路239巷24號,68,6801000,6801000-038,1鄰,平東路,,239巷,,,,24號,121.248735611024,24.915139593826
桃園市平鎮區華安里1鄰平東路239巷25號,68,6801000,6801000-038,1鄰,平東路,,239巷,,,,25號,121.248887612941,24.9150097822553
桃園市平鎮區華安里1鄰平東路239巷26號,68,6801000,6801000-038,1鄰,平東路,,239巷,,,,26號,121.2487373139,24.9151001367454
桃園市平鎮區華安里3鄰平東路239巷27弄1號,68,6801000,6801000-038,3鄰,平東路,,239巷,27弄,,,1號,121.249011102157,24.9150277232611
桃園市平鎮區華安里3鄰平東路239巷27弄2號,68,6801000,6801000-038,3鄰,平東路,,239巷,27弄,,,2號,121.249019886012,24.9149155754891
桃園市平鎮區華安里3鄰平東路239巷27弄3號,68,6801000,6801000-038,3鄰,平東路,,239巷,27弄,,,3號,121.249068723327,24.9150292521571
桃園市平鎮區華安里3鄰平東路239巷27弄4號,68,6801000,6801000-038,3鄰,平東路,,239巷,27弄,,,4號,121.249089856534,24.9149043536695
桃園市平鎮區華安里3鄰平東路239巷27弄5號,68,6801000,6801000-038,3鄰,平東路,,239巷,27弄,,,5號,121.249141393381,24.9150312073128
桃園市平鎮區華安里3鄰平東路239巷27弄6號,68,6801000,6801000-038,3鄰,平東路,,239巷,27弄,,,6號,121.249156483359,24.9149042423727
桃園市平鎮區華安里3鄰平東路239巷27弄7號,68,6801000,6801000-038,3鄰,平東路,,239巷,27弄,,,7號,121.249186537309,24.9150311318895
桃園市平鎮區華安里3鄰平東路239巷27弄8號,68,6801000,6801000-038,3鄰,平東路,,239巷,27弄,,,8號,121.249208761753,24.9149074052584
桃園市平鎮區華安里3鄰平東路239巷27弄9號,68,6801000,6801000-038,3鄰,平東路,,239巷,27弄,,,9號,121.249230986605,24.9150302450547
桃園市平鎮區華安里3鄰平東路239巷27弄10號,68,6801000,6801000-038,3鄰,平東路,,239巷,27弄,,,10號,121.24928557394,24.9149014986882
桃園市平鎮區華安里3鄰平東路239巷27弄11號,68,6801000,6801000-038,3鄰,平東路,,239巷,27弄,,,11號,121.249295821701,24.9150252613373
桃園市平鎮區華安里3鄰平東路239巷27弄12號,68,6801000,6801000-038,3鄰,平東路,,239巷,27弄,,,12號,121.249348719255,24.9148931772535
桃園市平鎮區華安里3鄰平東路239巷27弄13號,68,6801000,6801000-038,3鄰,平東路,,239巷,27弄,,,13號,121.249353436339,24.9150235398993
桃園市平鎮區華安里3鄰平東路239巷27弄14號,68,6801000,6801000-038,3鄰,平東路,,239巷,27弄,,,14號,121.249402759855,24.9148864961358
桃園市平鎮區華安里3鄰平東路239巷27弄15號,68,6801000,6801000-038,3鄰,平東路,,239巷,27弄,,,15號,121.249405701534,24.9150201119837
桃園市平鎮區華安里3鄰平東路239巷27弄16號,68,6801000,6801000-038,3鄰,平東路,,239巷,27弄,,,16號,121.249460374426,24.914884774657
桃園市平鎮區華安里3鄰平東路239巷27弄18號,68,6801000,6801000-038,3鄰,平東路,,239巷,27弄,,,18號,121.249581238723,24.9148282350323
桃園市平鎮區華安里3鄰平東路239巷27弄19號,68,6801000,6801000-038,3鄰,平東路,,239巷,27弄,,,19號,121.249488696444,24.9150364049068
桃園市平鎮區華安里3鄰平東路239巷27弄19號六樓,68,6801000,6801000-038,3鄰,平東路,,239巷,27弄,,,19號六樓,121.249488696444,24.9150364049068
桃園市平鎮區華安里3鄰平東路239巷27弄19號七樓,68,6801000,6801000-038,3鄰,平東路,,239巷,27弄,,,19號七樓,121.249488696444,24.9150364049068
桃園市平鎮區華安里3鄰平東路239巷27弄19號五樓,68,6801000,6801000-038,3鄰,平東路,,239巷,27弄,,,19號五樓,121.249488696444,24.9150364049068
桃園市平鎮區華安里3鄰平東路239巷27弄19號三樓,68,6801000,6801000-038,3鄰,平東路,,239巷,27弄,,,19號三樓,121.249488696444,24.9150364049068
桃園市平鎮區華安里3鄰平東路239巷27弄19號四樓,68,6801000,6801000-038,3鄰,平東路,,239巷,27弄,,,19號四樓,121.249488696444,24.9150364049068
桃園市平鎮區華安里3鄰平東路239巷27弄20號,68,6801000,6801000-038,3鄰,平東路,,239巷,27弄,,,20號,121.249575687829,24.9147756085728
桃園市平鎮區華安里3鄰平東路239巷27弄21號,68,6801000,6801000-038,3鄰,平東路,,239巷,27弄,,,21號,121.249544519096,24.9150297207563
桃園市平鎮區華安里3鄰平東路239巷27弄21號七樓,68,6801000,6801000-038,3鄰,平東路,,239巷,27弄,,,21號七樓,121.249544519096,24.9150297207563
桃園市平鎮區華安里3鄰平東路239巷27弄21號八樓,68,6801000,6801000-038,3鄰,平東路,,239巷,27弄,,,21號八樓,121.249544519096,24.9150297207563
桃園市平鎮區華安里3鄰平東路239巷27弄21號二樓,68,6801000,6801000-038,3鄰,平東路,,239巷,27弄,,,21號二樓,121.249544519096,24.9150297207563
桃園市平鎮區華安里3鄰平東路239巷27弄21號三樓,68,6801000,6801000-038,3鄰,平東路,,239巷,27弄,,,21號三樓,121.249544519096,24.9150297207563
桃園市平鎮區華安里3鄰平東路239巷27弄21號四樓,68,6801000,6801000-038,3鄰,平東路,,239巷,27弄,,,21號四樓,121.249544519096,24.9150297207563
桃園市平鎮區華安里3鄰平東路239巷27弄21號五樓,68,6801000,6801000-038,3鄰,平東路,,239巷,27弄,,,21號五樓,121.249544519096,24.9150297207563
桃園市平鎮區華安里3鄰平東路239巷27弄21號六樓,68,6801000,6801000-038,3鄰,平東路,,239巷,27弄,,,21號六樓,121.249544519096,24.9150297207563
桃園市平鎮區華安里3鄰平東路239巷27弄22號,68,6801000,6801000-038,3鄰,平東路,,239巷,27弄,,,22號,121.249577387163,24.9147345263707
桃園市平鎮區華安里3鄰平東路239巷27弄23號,68,6801000,6801000-038,3鄰,平東路,,239巷,27弄,,,23號,121.249602160257,24.9150411806858
桃園市平鎮區華安里3鄰平東路239巷27弄23號七樓,68,6801000,6801000-038,3鄰,平東路,,239巷,27弄,,,23號七樓,121.249602160257,24.9150411806858
桃園市平鎮區華安里3鄰平東路239巷27弄23號二樓,68,6801000,6801000-038,3鄰,平東路,,239巷,27弄,,,23號二樓,121.249602160257,24.9150411806858
桃園市平鎮區華安里3鄰平東路239巷27弄23號三樓,68,6801000,6801000-038,3鄰,平東路,,239巷,27弄,,,23號三樓,121.249602160257,24.9150411806858
桃園市平鎮區華安里3鄰平東路239巷27弄23號四樓,68,6801000,6801000-038,3鄰,平東路,,239巷,27弄,,,23號四樓,121.249602160257,24.9150411806858
桃園市平鎮區華安里3鄰平東路239巷27弄23號五樓,68,6801000,6801000-038,3鄰,平東路,,239巷,27弄,,,23號五樓,121.249602160257,24.9150411806858
桃園市平鎮區華安里3鄰平東路239巷27弄23號六樓,68,6801000,6801000-038,3鄰,平東路,,239巷,27弄,,,23號六樓,121.249602160257,24.9150411806858
桃園市平鎮區華安里3鄰平東路239巷27弄25號,68,6801000,6801000-038,3鄰,平東路,,239巷,27弄,,,25號,121.249656214173,24.9150410902077
桃園市平鎮區華安里3鄰平東路239巷27弄25號七樓,68,6801000,6801000-038,3鄰,平東路,,239巷,27弄,,,25號七樓,121.249656214173,24.9150410902077
桃園市平鎮區華安里3鄰平東路239巷27弄25號二樓,68,6801000,6801000-038,3鄰,平東路,,239巷,27弄,,,25號二樓,121.249656214173,24.9150410902077
桃園市平鎮區華安里3鄰平東路239巷27弄25號三樓,68,6801000,6801000-038,3鄰,平東路,,239巷,27弄,,,25號三樓,121.249656214173,24.9150410902077
桃園市平鎮區華安里3鄰平東路239巷27弄25號四樓,68,6801000,6801000-038,3鄰,平東路,,239巷,27弄,,,25號四樓,121.249656214173,24.9150410902077
桃園市平鎮區華安里3鄰平東路239巷27弄25號五樓,68,6801000,6801000-038,3鄰,平東路,,239巷,27弄,,,25號五樓,121.249656214173,24.9150410902077
桃園市平鎮區華安里3鄰平東路239巷27弄25號六樓,68,6801000,6801000-038,3鄰,平東路,,239巷,27弄,,,25號六樓,121.249656214173,24.9150410902077
桃園市平鎮區華安里3鄰平東路239巷27弄26號,68,6801000,6801000-038,3鄰,平東路,,239巷,27弄,,,26號,121.249558704039,24.9148959859698
桃園市平鎮區華安里3鄰平東路239巷27弄27號七樓,68,6801000,6801000-038,3鄰,平東路,,239巷,27弄,,,27號七樓,121.249708489364,24.9150426278057
桃園市平鎮區華安里3鄰平東路239巷27弄27號八樓,68,6801000,6801000-038,3鄰,平東路,,239巷,27弄,,,27號八樓,121.249708489364,24.9150426278057
桃園市平鎮區華安里3鄰平東路239巷27弄27號五樓,68,6801000,6801000-038,3鄰,平東路,,239巷,27弄,,,27號五樓,121.249708489364,24.9150426278057
桃園市平鎮區華安里3鄰平東路239巷27弄27號二樓,68,6801000,6801000-038,3鄰,平東路,,239巷,27弄,,,27號二樓,121.249708489364,24.9150426278057
桃園市平鎮區華安里3鄰平東路239巷27弄27號三樓,68,6801000,6801000-038,3鄰,平東路,,239巷,27弄,,,27號三樓,121.249708489364,24.9150426278057
桃園市平鎮區華安里3鄰平東路239巷27弄27號四樓,68,6801000,6801000-038,3鄰,平東路,,239巷,27弄,,,27號四樓,121.249708489364,24.9150426278057
桃園市平鎮區華安里3鄰平東路239巷27弄27號六樓,68,6801000,6801000-038,3鄰,平東路,,239巷,27弄,,,27號六樓,121.249708489364,24.9150426278057
桃園市平鎮區華安里3鄰平東路239巷27弄28號,68,6801000,6801000-038,3鄰,平東路,,239巷,27弄,,,28號,121.249618201605,24.9148952544064
桃園市平鎮區華安里3鄰平東路239巷27弄29號四樓,68,6801000,6801000-038,3鄰,平東路,,239巷,27弄,,,29號四樓,121.249762553279,24.9150475029088
桃園市平鎮區華安里3鄰平東路239巷27弄29號七樓,68,6801000,6801000-038,3鄰,平東路,,239巷,27弄,,,29號七樓,121.249762553279,24.9150475029088
桃園市平鎮區華安里3鄰平東路239巷27弄29號三樓,68,6801000,6801000-038,3鄰,平東路,,239巷,27弄,,,29號三樓,121.249762553279,24.9150475029088
桃園市平鎮區華安里3鄰平東路239巷27弄29號二樓,68,6801000,6801000-038,3鄰,平東路,,239巷,27弄,,,29號二樓,121.249762553279,24.9150475029088
桃園市平鎮區華安里3鄰平東路239巷27弄29號五樓,68,6801000,6801000-038,3鄰,平東路,,239巷,27弄,,,29號五樓,121.249762553279,24.9150475029088
桃園市平鎮區華安里3鄰平東路239巷27弄29號六樓,68,6801000,6801000-038,3鄰,平東路,,239巷,27弄,,,29號六樓,121.249762553279,24.9150475029088
桃園市平鎮區華安里3鄰平東路239巷27弄30號,68,6801000,6801000-038,3鄰,平東路,,239巷,27弄,,,30號,121.249754226506,24.914894665533
桃園市平鎮區華安里3鄰平東路239巷27弄32號,68,6801000,6801000-038,3鄰,平東路,,239巷,27弄,,,32號,121.249813738617,24.9149011566113
桃園市平鎮區華安里3鄰平東路239巷27弄36號,68,6801000,6801000-038,3鄰,平東路,,239巷,27弄,,,36號,121.249793997572,24.9148321221871
桃園市平鎮區華安里3鄰平東路239巷27弄38號,68,6801000,6801000-038,3鄰,平東路,,239巷,27弄,,,38號,121.249790337581,24.9147844582057
桃園市平鎮區華安里3鄰平東路239巷27弄40號,68,6801000,6801000-038,3鄰,平東路,,239巷,27弄,,,40號,121.249786585138,24.9147400446137
桃園市平鎮區華安里1鄰平東路239巷28號,68,6801000,6801000-038,1鄰,平東路,,239巷,,,,28號,121.248740450351,24.915035036531
桃園市平鎮區華安里3鄰平東路239巷29號,68,6801000,6801000-038,3鄰,平東路,,239巷,,,,29號,121.248889007254,24.9149152522616
桃園市平鎮區華安里1鄰平東路239巷30號,68,6801000,6801000-038,1鄰,平東路,,239巷,,,,30號,121.248750172889,24.914946541696
桃園市平鎮區華安里3鄰平東路239巷31號,68,6801000,6801000-038,3鄰,平東路,,239巷,,,,31號,121.248886857967,24.9148802255381
桃園市平鎮區華安里1鄰平東路239巷32號,68,6801000,6801000-038,1鄰,平東路,,239巷,,,,32號,121.248758594885,24.914900663221
桃園市平鎮區華安里3鄰平東路239巷33號,68,6801000,6801000-038,3鄰,平東路,,239巷,,,,33號,121.248886277095,24.9148374317465
桃園市平鎮區華安里1鄰平東路239巷34號,68,6801000,6801000-038,1鄰,平東路,,239巷,,,,34號,121.248763956937,24.9148593040649
桃園市平鎮區華安里3鄰平東路239巷35號,68,6801000,6801000-038,3鄰,平東路,,239巷,,,,35號,121.248886883133,24.9147940942682
桃園市平鎮區華安里1鄰平東路239巷36號,68,6801000,6801000-038,1鄰,平東路,,239巷,,,,36號,121.248762389009,24.9148179564678
桃園市平鎮區華安里3鄰平東路239巷37號,68,6801000,6801000-038,3鄰,平東路,,239巷,,,,37號,121.248885221057,24.9147551845057
桃園市平鎮區華安里1鄰平東路239巷38號,68,6801000,6801000-038,1鄰,平東路,,239巷,,,,38號,121.248764987577,24.9147808452832
桃園市平鎮區華安里5鄰平東路239巷39弄1號,68,6801000,6801000-038,5鄰,平東路,,239巷,39弄,,,1號,121.249031493168,24.9147796782282
桃園市平鎮區華安里5鄰平東路239巷39弄2號,68,6801000,6801000-038,5鄰,平東路,,239巷,39弄,,,2號,121.24902838363,24.9146608692728
桃園市平鎮區華安里5鄰平東路239巷39弄3號,68,6801000,6801000-038,5鄰,平東路,,239巷,39弄,,,3號,121.249105036484,24.9147728743667
桃園市平鎮區華安里5鄰平東路239巷39弄4號,68,6801000,6801000-038,5鄰,平東路,,239巷,39弄,,,4號,121.249102230583,24.9146574054254
桃園市平鎮區華安里5鄰平東路239巷39弄5號,68,6801000,6801000-038,5鄰,平東路,,239巷,39弄,,,5號,121.249164541976,24.9147761154808
桃園市平鎮區華安里5鄰平東路239巷39弄6號,68,6801000,6801000-038,5鄰,平東路,,239巷,39弄,,,6號,121.249179727455,24.914647434973
桃園市平鎮區華安里5鄰平東路239巷39弄7號,68,6801000,6801000-038,5鄰,平東路,,239巷,39弄,,,7號,121.249224931029,24.9147756534381
桃園市平鎮區華安里5鄰平東路239巷39弄8號,68,6801000,6801000-038,5鄰,平東路,,239巷,39弄,,,8號,121.249233777936,24.9146457195373
桃園市平鎮區華安里5鄰平東路239巷39弄9號,68,6801000,6801000-038,5鄰,平東路,,239巷,39弄,,,9號,121.249293819897,24.9147681349873
桃園市平鎮區華安里5鄰平東路239巷39弄10號,68,6801000,6801000-038,5鄰,平東路,,239巷,39弄,,,10號,121.249300434382,24.9146604147538
桃園市平鎮區華安里5鄰平東路239巷39弄11號,68,6801000,6801000-038,5鄰,平東路,,239巷,39弄,,,11號,121.249362014306,24.9147598953913
桃園市平鎮區華安里5鄰平東路239巷39弄12號,68,6801000,6801000-038,5鄰,平東路,,239巷,39弄,,,12號,121.2493616886,24.9146471308384
桃園市平鎮區華安里5鄰平東路239巷39弄13號,68,6801000,6801000-038,5鄰,平東路,,239巷,39弄,,,13號,121.24942547488,24.914760692112
桃園市平鎮區華安里5鄰平東路239巷39弄14號,68,6801000,6801000-038,5鄰,平東路,,239巷,39弄,,,14號,121.249419395342,24.9146420687026
桃園市平鎮區華安里5鄰平東路239巷39弄15號,68,6801000,6801000-038,5鄰,平東路,,239巷,39弄,,,15號,121.249481609483,24.9147615010611
桃園市平鎮區華安里5鄰平東路239巷39弄16號,68,6801000,6801000-038,5鄰,平東路,,239巷,39弄,,,16號,121.249496905436,24.9146386888178
桃園市平鎮區華安里5鄰平東路239巷40號,68,6801000,6801000-038,5鄰,平東路,,239巷,,,,40號,121.24875451308,24.9146918424272
桃園市平鎮區華安里5鄰平東路239巷41號,68,6801000,6801000-038,5鄰,平東路,,239巷,,,,41號,121.248896351206,24.9146775214264
桃園市平鎮區華安里5鄰平東路239巷42號,68,6801000,6801000-038,5鄰,平東路,,239巷,,,,42號,121.248752645443,24.9146491410644
桃園市平鎮區華安里5鄰平東路239巷42之1號,68,6801000,6801000-038,5鄰,平東路,,239巷,,,,42之1號,121.248757108706,24.9146039011809
桃園市平鎮區華安里5鄰平東路239巷43號,68,6801000,6801000-038,5鄰,平東路,,239巷,,,,43號,121.24892367751,24.9146293542824
桃園市平鎮區華安里5鄰平東路239巷45號,68,6801000,6801000-038,5鄰,平東路,,239巷,,,,45號,121.248897262109,24.914588770431
桃園市平鎮區華安里5鄰平東路239巷46號,68,6801000,6801000-038,5鄰,平東路,,239巷,,,,46號,121.248762378809,24.9145660632647
桃園市平鎮區華安里5鄰平東路239巷47號,68,6801000,6801000-038,5鄰,平東路,,239巷,,,,47號,121.248912712988,24.9145428802149
桃園市平鎮區華安里5鄰平東路239巷48號,68,6801000,6801000-038,5鄰,平東路,,239巷,,,,48號,121.248748738567,24.9145275346158
桃園市平鎮區華安里5鄰平東路239巷49號,68,6801000,6801000-038,5鄰,平東路,,239巷,,,,49號,121.248907481131,24.9145010873115
桃園市平鎮區華安里5鄰平東路239巷50號,68,6801000,6801000-038,5鄰,平東路,,239巷,,,,50號,121.248680158533,24.9144421497433
桃園市平鎮區華安里7鄰平東路239巷51弄29衖2號,68,6801000,6801000-038,7鄰,平東路,,239巷,51弄,,,29衖2號,121.249608636495,24.9146681151084
桃園市平鎮區華安里7鄰平東路239巷51弄29衖3號,68,6801000,6801000-038,7鄰,平東路,,239巷,51弄,,,29衖3號,121.249641104894,24.9146663453609
桃園市平鎮區華安里7鄰平東路239巷51弄29衖5號,68,6801000,6801000-038,7鄰,平東路,,239巷,51弄,,,29衖5號,121.249698132086,24.9146679652934
桃園市平鎮區華安里7鄰平東路239巷51弄29衖6號,68,6801000,6801000-038,7鄰,平東路,,239巷,51弄,,,29衖6號,121.24973238593,24.9146679079385
桃園市平鎮區華安里7鄰平東路239巷51弄29衖7號,68,6801000,6801000-038,7鄰,平東路,,239巷,51弄,,,29衖7號,121.249785249324,24.9146666457122
桃園市平鎮區華安里7鄰平東路239巷51弄29衖8號,68,6801000,6801000-038,7鄰,平東路,,239巷,51弄,,,29衖8號,121.249819503167,24.9146665883373
桃園市平鎮區華安里7鄰平東路239巷51弄29衖9號,68,6801000,6801000-038,7鄰,平東路,,239巷,51弄,,,29衖9號,121.249857314264,24.9146631844756
桃園市平鎮區華安里7鄰平東路239巷51弄29衖1號,68,6801000,6801000-038,7鄰,平東路,,239巷,51弄,,,29衖1號,121.249576263642,24.9146681692871
桃園市平鎮區華安里7鄰平東路239巷51弄1號,68,6801000,6801000-038,7鄰,平東路,,239巷,51弄,,,1號,121.249036339559,24.9145308465839
桃園市平鎮區華安里7鄰平東路239巷51弄2號,68,6801000,6801000-038,7鄰,平東路,,239巷,51弄,,,2號,121.248965495804,24.9144028514294
桃園市平鎮區華安里7鄰平東路239巷51弄3號,68,6801000,6801000-038,7鄰,平東路,,239巷,51弄,,,3號,121.24909303596,24.9145156744191
桃園市平鎮區華安里7鄰平東路239巷51弄4號,68,6801000,6801000-038,7鄰,平東路,,239巷,51弄,,,4號,121.249038281166,24.9144131126018
桃園市平鎮區華安里7鄰平東路239巷51弄5號,68,6801000,6801000-038,7鄰,平東路,,239巷,51弄,,,5號,121.249159556323,24.9145119519277
桃園市平鎮區華安里7鄰平東路239巷51弄6號,68,6801000,6801000-038,7鄰,平東路,,239巷,51弄,,,6號,121.249093225805,24.914413020842
桃園市平鎮區華安里7鄰平東路239巷51弄7號,68,6801000,6801000-038,7鄰,平東路,,239巷,51弄,,,7號,121.249214505722,24.9145142075071
桃園市平鎮區華安里7鄰平東路239巷51弄8號,68,6801000,6801000-038,7鄰,平東路,,239巷,51弄,,,8號,121.249150942425,24.9144129244312
桃園市平鎮區華安里7鄰平東路239巷51弄9號,68,6801000,6801000-038,7鄰,平東路,,239巷,51弄,,,9號,121.249277077534,24.9145161794729
桃園市平鎮區華安里7鄰平東路239巷51弄10號,68,6801000,6801000-038,7鄰,平東路,,239巷,51弄,,,10號,121.249239836401,24.9144090742407
桃園市平鎮區華安里7鄰平東路239巷51弄11號,68,6801000,6801000-038,7鄰,平東路,,239巷,51弄,,,11號,121.249343196267,24.9145096587574
桃園市平鎮區華安里7鄰平東路239巷51弄12號,68,6801000,6801000-038,7鄰,平東路,,239巷,51弄,,,12號,121.249297553019,24.9144089777731
桃園市平鎮區華安里7鄰平東路239巷51弄13號,68,6801000,6801000-038,7鄰,平東路,,239巷,51弄,,,13號,121.249402602456,24.9145128096591
桃園市平鎮區華安里7鄰平東路239巷51弄14號,68,6801000,6801000-038,7鄰,平東路,,239巷,51弄,,,14號,121.249339617758,24.9144039418149
桃園市平鎮區華安里7鄰平東路239巷51弄15號,68,6801000,6801000-038,7鄰,平東路,,239巷,51弄,,,15號,121.249465661822,24.9145110790738
桃園市平鎮區華安里7鄰平東路239巷51弄16號,68,6801000,6801000-038,7鄰,平東路,,239巷,51弄,,,16號,121.249383176741,24.9144035078461
桃園市平鎮區華安里7鄰平東路239巷51弄17號,68,6801000,6801000-038,7鄰,平東路,,239巷,51弄,,,17號,121.249520103695,24.9145071057723
桃園市平鎮區華安里7鄰平東路239巷51弄18號,68,6801000,6801000-038,7鄰,平東路,,239巷,51弄,,,18號,121.249435346125,24.9144017954834
桃園市平鎮區華安里7鄰平東路239巷51弄19號,68,6801000,6801000-038,7鄰,平東路,,239巷,51弄,,,19號,121.249585272383,24.9145204490866
桃園市平鎮區華安里7鄰平東路239巷51弄20號,68,6801000,6801000-038,7鄰,平東路,,239巷,51弄,,,20號,121.249485623442,24.9143945789249
桃園市平鎮區華安里7鄰平東路239巷51弄21號,68,6801000,6801000-038,7鄰,平東路,,239巷,51弄,,,21號,121.249614176947,24.9145187755936
桃園市平鎮區華安里7鄰平東路239巷51弄22號,68,6801000,6801000-038,7鄰,平東路,,239巷,51弄,,,22號,121.249539660548,24.9143862726468
桃園市平鎮區華安里7鄰平東路239巷51弄23號,68,6801000,6801000-038,7鄰,平東路,,239巷,51弄,,,23號,121.249650206197,24.9145154650513
桃園市平鎮區華安里7鄰平東路239巷51弄24號,68,6801000,6801000-038,7鄰,平東路,,239巷,51弄,,,24號,121.249605983554,24.9143829114242
桃園市平鎮區華安里7鄰平東路239巷51弄25號,68,6801000,6801000-038,7鄰,平東路,,239巷,51弄,,,25號,121.249709812213,24.9145195183391
桃園市平鎮區華安里7鄰平東路239巷51弄26號,68,6801000,6801000-038,7鄰,平東路,,239巷,51弄,,,26號,121.249660037183,24.9143828209469
桃園市平鎮區華安里7鄰平東路239巷51弄27號,68,6801000,6801000-038,7鄰,平東路,,239巷,51弄,,,27號,121.24974367329,24.914521086757
桃園市平鎮區華安里7鄰平東路239巷51弄28號,68,6801000,6801000-038,7鄰,平東路,,239巷,51弄,,,28號,121.249724878466,24.9143810872694
桃園市平鎮區華安里7鄰平東路239巷51弄30號,68,6801000,6801000-038,7鄰,平東路,,239巷,51弄,,,30號,121.249794775258,24.9143825953313
桃園市平鎮區華安里7鄰平東路239巷51弄31號,68,6801000,6801000-038,7鄰,平東路,,239巷,51弄,,,31號,121.249849824866,24.9145329167713
桃園市平鎮區華安里7鄰平東路239巷51弄32號,68,6801000,6801000-038,7鄰,平東路,,239巷,51弄,,,32號,121.249857930094,24.9143791490188
桃園市平鎮區華安里7鄰平東路239巷51弄33號,68,6801000,6801000-038,7鄰,平東路,,239巷,51弄,,,33號,121.249884075398,24.9145312342699
桃園市平鎮區華安里7鄰平東路239巷51弄34之1號,68,6801000,6801000-038,7鄰,平東路,,239巷,51弄,,,34之1號,121.25000238484,24.9143371053025
桃園市平鎮區華安里7鄰平東路239巷51弄34號,68,6801000,6801000-038,7鄰,平東路,,239巷,51弄,,,34號,121.249911980446,24.9143774333382
桃園市平鎮區華安里7鄰平東路239巷51弄36號,68,6801000,6801000-038,7鄰,平東路,,239巷,51弄,,,36號,121.250106281509,24.9143599536007
桃園市平鎮區華安里7鄰平東路239巷51弄38號,68,6801000,6801000-038,7鄰,平東路,,239巷,51弄,,,38號,121.250185781952,24.9143618065108
桃園市平鎮區華安里7鄰平東路239巷51弄40號,68,6801000,6801000-038,7鄰,平東路,,239巷,51弄,,,40號,121.250272203604,24.9143593141174
桃園市平鎮區華安里7鄰平東路239巷51弄41號,68,6801000,6801000-038,7鄰,平東路,,239巷,51弄,,,41號,121.250224860431,24.9144468790495
桃園市平鎮區華安里7鄰平東路239巷51弄42之1號,68,6801000,6801000-038,7鄰,平東路,,239巷,51弄,,,42之1號,121.250428733359,24.9143158954605
桃園市平鎮區華安里7鄰平東路239巷51弄42號,68,6801000,6801000-038,7鄰,平東路,,239巷,51弄,,,42號,121.250339675934,24.9143368103672
桃園市平鎮區華安里7鄰平東路239巷51弄43號,68,6801000,6801000-038,7鄰,平東路,,239巷,51弄,,,43號,121.250311395535,24.9144515189027
桃園市平鎮區華安里7鄰平東路239巷51弄45號,68,6801000,6801000-038,7鄰,平東路,,239巷,51弄,,,45號,121.250400371909,24.9144394520106
桃園市平鎮區華安里7鄰平東路239巷51弄46號,68,6801000,6801000-038,7鄰,平東路,,239巷,51弄,,,46號,121.250484567666,24.9143151697043
桃園市平鎮區華安里7鄰平東路239巷51弄47號,68,6801000,6801000-038,7鄰,平東路,,239巷,51弄,,,47號,121.25048679835,24.9144393068763
桃園市平鎮區華安里7鄰平東路239巷51弄48號,68,6801000,6801000-038,7鄰,平東路,,239巷,51弄,,,48號,121.250573558334,24.9143102351454
桃園市平鎮區華安里7鄰平東路239巷51弄49號,68,6801000,6801000-038,7鄰,平東路,,239巷,51弄,,,49號,121.250565403842,24.9144391748322
桃園市平鎮區華安里7鄰平東路239巷51弄50號,68,6801000,6801000-038,7鄰,平東路,,239巷,51弄,,,50號,121.250646912039,24.9143077644906
桃園市平鎮區華安里7鄰平東路239巷51弄51號,68,6801000,6801000-038,7鄰,平東路,,239巷,51弄,,,51號,121.250633520143,24.9144414077665
桃園市平鎮區華安里7鄰平東路239巷51弄52號,68,6801000,6801000-038,7鄰,平東路,,239巷,51弄,,,52號,121.250730749988,24.9143004911058
桃園市平鎮區華安里7鄰平東路239巷52號,68,6801000,6801000-038,7鄰,平東路,,239巷,,,,52號,121.248689048728,24.9143829084104
桃園市平鎮區華安里7鄰平東路239巷53號,68,6801000,6801000-038,7鄰,平東路,,239巷,,,,53號,121.248858129701,24.914427046251
桃園市平鎮區華安里7鄰平東路239巷54號,68,6801000,6801000-038,7鄰,平東路,,239巷,,,,54號,121.248691560439,24.9143518464185
桃園市平鎮區華安里7鄰平東路239巷55號,68,6801000,6801000-038,7鄰,平東路,,239巷,,,,55號,121.248847549549,24.914384088573
桃園市平鎮區華安里7鄰平東路239巷56號,68,6801000,6801000-038,7鄰,平東路,,239巷,,,,56號,121.248692340106,24.9142963202659
桃園市平鎮區華安里7鄰平東路239巷57號,68,6801000,6801000-038,7鄰,平東路,,239巷,,,,57號,121.248842225967,24.9143459071918
桃園市平鎮區華安里7鄰平東路239巷59號,68,6801000,6801000-038,7鄰,平東路,,239巷,,,,59號,121.248842125259,24.9142957092821
桃園市平鎮區華安里9鄰平東路239巷61弄1號,68,6801000,6801000-038,9鄰,平東路,,239巷,61弄,,,1號,121.248975201282,24.9143059601609
桃園市平鎮區華安里9鄰平東路239巷61弄2之1號,68,6801000,6801000-038,9鄰,平東路,,239巷,61弄,,,2之1號,121.249083192994,24.9141989734961
桃園市平鎮區華安里9鄰平東路239巷61弄2號,68,6801000,6801000-038,9鄰,平東路,,239巷,61弄,,,2號,121.249028140025,24.9141943706482
桃園市平鎮區華安里9鄰平東路239巷61弄3號,68,6801000,6801000-038,9鄰,平東路,,239巷,61弄,,,3號,121.249025007518,24.9143106620732
桃園市平鎮區華安里9鄰平東路239巷61弄5號,68,6801000,6801000-038,9鄰,平東路,,239巷,61弄,,,5號,121.249087857549,24.9143033343704
桃園市平鎮區華安里9鄰平東路239巷61弄6號,68,6801000,6801000-038,9鄰,平東路,,239巷,61弄,,,6號,121.249132883509,24.9141953694092
桃園市平鎮區華安里9鄰平東路239巷61弄7號,68,6801000,6801000-038,9鄰,平東路,,239巷,61弄,,,7號,121.24914281175,24.9143080276452
桃園市平鎮區華安里9鄰平東路239巷61弄8號,68,6801000,6801000-038,9鄰,平東路,,239巷,61弄,,,8號,121.249205829213,24.9141869413803
桃園市平鎮區華安里9鄰平東路239巷61弄9號,68,6801000,6801000-038,9鄰,平東路,,239巷,61弄,,,9號,121.249176458985,24.9143017418145
桃園市平鎮區華安里9鄰平東路239巷61弄10號,68,6801000,6801000-038,9鄰,平東路,,239巷,61弄,,,10號,121.249260769033,24.9141845021753
桃園市平鎮區華安里9鄰平東路239巷61弄11號,68,6801000,6801000-038,9鄰,平東路,,239巷,61弄,,,11號,121.249234071837,24.914299298153
桃園市平鎮區華安里9鄰平東路239巷61弄12號,68,6801000,6801000-038,9鄰,平東路,,239巷,61弄,,,12號,121.249323921426,24.9141798823974
桃園市平鎮區華安里9鄰平東路239巷61弄13號,68,6801000,6801000-038,9鄰,平東路,,239巷,61弄,,,13號,121.249291689405,24.9142992018535
桃園市平鎮區華安里9鄰平東路239巷61弄14號,68,6801000,6801000-038,9鄰,平東路,,239巷,61弄,,,14號,121.24937885634,24.9141750054808
桃園市平鎮區華安里9鄰平東路239巷61弄15號,68,6801000,6801000-038,9鄰,平東路,,239巷,61弄,,,15號,121.249335649793,24.9143014757571
桃園市平鎮區華安里9鄰平東路239巷61弄16號,68,6801000,6801000-038,9鄰,平東路,,239巷,61弄,,,16號,121.249445582498,24.9141752550284
桃園市平鎮區華安里9鄰平東路239巷61弄17號,68,6801000,6801000-038,9鄰,平東路,,239巷,61弄,,,17號,121.249395836622,24.9142990277299
桃園市平鎮區華安里9鄰平東路239巷61弄18號,68,6801000,6801000-038,9鄰,平東路,,239巷,61弄,,,18號,121.249500626029,24.9141751629538
桃園市平鎮區華安里9鄰平東路239巷61弄19號,68,6801000,6801000-038,9鄰,平東路,,239巷,61弄,,,19號,121.249440880012,24.9142983204092
桃園市平鎮區華安里9鄰平東路239巷61弄20號,68,6801000,6801000-038,9鄰,平東路,,239巷,61弄,,,20號,121.249561421501,24.9141800268711
桃園市平鎮區華安里9鄰平東路239巷61弄21號,68,6801000,6801000-038,9鄰,平東路,,239巷,61弄,,,21號,121.249489670483,24.9142902034932
桃園市平鎮區華安里9鄰平東路239巷61弄22號,68,6801000,6801000-038,9鄰,平東路,,239巷,61弄,,,22號,121.249614176062,24.9141739798203
桃園市平鎮區華安里9鄰平東路239巷61弄23號,68,6801000,6801000-038,9鄰,平東路,,239巷,61弄,,,23號,121.249541558621,24.914296346299
桃園市平鎮區華安里9鄰平東路239巷61弄24號,68,6801000,6801000-038,9鄰,平東路,,239巷,61弄,,,24號,121.249669115867,24.914171540465
桃園市平鎮區華安里9鄰平東路239巷61弄25號,68,6801000,6801000-038,9鄰,平東路,,239巷,61弄,,,25號,121.249591251522,24.9142939157513
桃園市平鎮區華安里9鄰平東路239巷61弄26號,68,6801000,6801000-038,9鄰,平東路,,239巷,61弄,,,26號,121.24971891244,24.9141714570935
桃園市平鎮區華安里9鄰平東路239巷61弄27號,68,6801000,6801000-038,9鄰,平東路,,239巷,61弄,,,27號,121.249662514809,24.9142857611675
桃園市平鎮區華安里9鄰平東路239巷61弄28號,68,6801000,6801000-038,9鄰,平東路,,239巷,61弄,,,28號,121.249865521453,24.9141668778913
桃園市平鎮區華安里9鄰平東路239巷61弄29號,68,6801000,6801000-038,9鄰,平東路,,239巷,61弄,,,29號,121.249733289633,24.9142808576028
桃園市平鎮區華安里9鄰平東路239巷61弄29之1號,68,6801000,6801000-038,9鄰,平東路,,239巷,61弄,,,29之1號,121.24979090719,24.9142807611105
桃園市平鎮區華安里9鄰平東路239巷61弄30號,68,6801000,6801000-038,9鄰,平東路,,239巷,61弄,,,30號,121.249928376269,24.9141619875032
桃園市平鎮區華安里9鄰平東路239巷61弄31號,68,6801000,6801000-038,9鄰,平東路,,239巷,61弄,,,31號,121.24986447399,24.9142857840812
桃園市平鎮區華安里9鄰平東路239巷61弄31之1號,68,6801000,6801000-038,9鄰,平東路,,239巷,61弄,,,31之1號,121.249935753444,24.9142856646433
桃園市平鎮區華安里9鄰平東路239巷61弄32號,68,6801000,6801000-038,9鄰,平東路,,239巷,61弄,,,32號,121.249988538815,24.9141475314648
桃園市平鎮區華安里9鄰平東路239巷61弄33號,68,6801000,6801000-038,9鄰,平東路,,239巷,61弄,,,33號,121.249998581749,24.9142675927608
桃園市平鎮區華安里9鄰平東路239巷61弄34號,68,6801000,6801000-038,9鄰,平東路,,239巷,61弄,,,34號,121.250043572685,24.9141426541377
桃園市平鎮區華安里9鄰平東路239巷61弄35號,68,6801000,6801000-038,9鄰,平東路,,239巷,61弄,,,35號,121.250056175091,24.9142554883938
桃園市平鎮區華安里9鄰平東路239巷61弄36號,68,6801000,6801000-038,9鄰,平東路,,239巷,61弄,,,36號,121.250101180528,24.9141377724738
桃園市平鎮區華安里9鄰平東路239巷61弄37號,68,6801000,6801000-038,9鄰,平東路,,239巷,61弄,,,37號,121.250123972804,24.9142470685474
桃園市平鎮區華安里9鄰平東路239巷61弄38號,68,6801000,6801000-038,9鄰,平東路,,239巷,61弄,,,38號,121.250164040236,24.9141353196547
桃園市平鎮區華安里9鄰平東路239巷61弄39號,68,6801000,6801000-038,9鄰,平東路,,239巷,61弄,,,39號,121.25018158488,24.9142442633842
桃園市平鎮區華安里9鄰平東路239巷61弄40號,68,6801000,6801000-038,9鄰,平東路,,239巷,61弄,,,40號,121.250224217129,24.9141279959577
桃園市平鎮區華安里9鄰平東路239巷61弄41號,68,6801000,6801000-038,9鄰,平東路,,239巷,61弄,,,41號,121.250236011675,24.9142328865342
桃園市平鎮區華安里9鄰平東路239巷61弄42號,68,6801000,6801000-038,9鄰,平東路,,239巷,61弄,,,42號,121.250287076829,24.9141255430868
桃園市平鎮區華安里9鄰平東路239巷61弄43號,68,6801000,6801000-038,9鄰,平東路,,239巷,61弄,,,43號,121.250301849056,24.9142342206015
桃園市平鎮區華安里9鄰平東路239巷61弄44號,68,6801000,6801000-038,9鄰,平東路,,239巷,61弄,,,44號,121.250347347972,24.91411587179
桃園市平鎮區華安里9鄰平東路239巷61弄45號,68,6801000,6801000-038,9鄰,平東路,,239巷,61弄,,,45號,121.250356082575,24.914225191424
桃園市平鎮區華安里9鄰平東路239巷61弄46號,68,6801000,6801000-038,9鄰,平東路,,239巷,61弄,,,46號,121.250407633504,24.914113332905
桃園市平鎮區華安里9鄰平東路239巷61弄47號,68,6801000,6801000-038,9鄰,平東路,,239巷,61弄,,,47號,121.25041823602,24.9142161489288
桃園市平鎮區華安里9鄰平東路239巷61弄48號,68,6801000,6801000-038,9鄰,平東路,,239巷,61弄,,,48號,121.250465236577,24.9141061037167
桃園市平鎮區華安里9鄰平東路239巷61弄49號,68,6801000,6801000-038,9鄰,平東路,,239巷,61弄,,,49號,121.250475339587,24.9142066634674
桃園市平鎮區華安里9鄰平東路239巷61弄50號,68,6801000,6801000-038,9鄰,平東路,,239巷,61弄,,,50號,121.250528091336,24.9141012130763
桃園市平鎮區華安里9鄰平東路239巷61弄51號,68,6801000,6801000-038,9鄰,平東路,,239巷,61弄,,,51號,121.250530691431,24.9142121681217
桃園市平鎮區華安里9鄰平東路239巷61弄52號,68,6801000,6801000-038,9鄰,平東路,,239巷,61弄,,,52號,121.25058568473,24.9140891987895
桃園市平鎮區華安里9鄰平東路239巷61弄53號,68,6801000,6801000-038,9鄰,平東路,,239巷,61弄,,,53號,121.250592160253,24.9142072797822
桃園市平鎮區華安里9鄰平東路239巷61弄54號,68,6801000,6801000-038,9鄰,平東路,,239巷,61弄,,,54號,121.250643292525,24.9140843169165
桃園市平鎮區華安里9鄰平東路239巷61弄55號,68,6801000,6801000-038,9鄰,平東路,,239巷,61弄,,,55號,121.250653225228,24.914198509871
桃園市平鎮區華安里9鄰平東路239巷61弄57號,68,6801000,6801000-038,9鄰,平東路,,239巷,61弄,,,57號,121.250725297351,24.9141987498611
桃園市平鎮區華安里11鄰平東路239巷63號,68,6801000,6801000-038,11鄰,平東路,,239巷,,,,63號,121.248840240495,24.9141951357018
桃園市平鎮區華安里11鄰平東路239巷65號,68,6801000,6801000-038,11鄰,平東路,,239巷,,,,65號,121.248837486011,24.9141545123563
桃園市平鎮區華安里11鄰平東路239巷67號,68,6801000,6801000-038,11鄰,平東路,,239巷,,,,67號,121.248844639772,24.9141180255569
桃園市平鎮區華安里12鄰平東路239巷68弄1號,68,6801000,6801000-038,12鄰,平東路,,239巷,68弄,,,1號,121.248840710574,24.9128009644113
桃園市平鎮區華安里12鄰平東路239巷68弄3號,68,6801000,6801000-038,12鄰,平東路,,239巷,68弄,,,3號,121.248795675327,24.9128054634759
桃園市平鎮區華安里12鄰平東路239巷68弄5號,68,6801000,6801000-038,12鄰,平東路,,239巷,68弄,,,5號,121.248750431581,24.9128047263834
桃園市平鎮區華安里12鄰平東路239巷68弄7號,68,6801000,6801000-038,12鄰,平東路,,239巷,68弄,,,7號,121.248690157143,24.912812501068
桃園市平鎮區華安里12鄰平東路239巷68弄9號,68,6801000,6801000-038,12鄰,平東路,,239巷,68弄,,,9號,121.248650250784,24.9128075116817
桃園市平鎮區華安里11鄰平東路239巷69號,68,6801000,6801000-038,11鄰,平東路,,239巷,,,,69號,121.248842990399,24.9140854356713
桃園市平鎮區華安里14鄰平東路239巷70弄1號,68,6801000,6801000-038,14鄰,平東路,,239巷,70弄,,,1號,121.248801384882,24.9125425459751
桃園市平鎮區華安里14鄰平東路239巷70弄2號,68,6801000,6801000-038,14鄰,平東路,,239巷,70弄,,,2號,121.248820737647,24.9127145956287
桃園市平鎮區華安里14鄰平東路239巷70弄3號,68,6801000,6801000-038,14鄰,平東路,,239巷,70弄,,,3號,121.248723088076,24.9125479130588
桃園市平鎮區華安里14鄰平東路239巷70弄4號,68,6801000,6801000-038,14鄰,平東路,,239巷,70弄,,,4號,121.248737090858,24.9127179853903
桃園市平鎮區華安里14鄰平東路239巷70弄5號,68,6801000,6801000-038,14鄰,平東路,,239巷,70弄,,,5號,121.248644790357,24.9125528286813
桃園市平鎮區華安里14鄰平東路239巷70弄6號,68,6801000,6801000-038,14鄰,平東路,,239巷,70弄,,,6號,121.248647207009,24.912721295219
桃園市平鎮區華安里11鄰平東路239巷71號,68,6801000,6801000-038,11鄰,平東路,,239巷,,,,71號,121.248844976099,24.9140389359355
桃園市平鎮區華安里10鄰平東路239巷72號,68,6801000,6801000-038,10鄰,平東路,,239巷,,,,72號,121.248706066442,24.9139334447121
桃園市平鎮區華安里11鄰平東路239巷73弄1號,68,6801000,6801000-038,11鄰,平東路,,239巷,73弄,,,1號,121.249005175232,24.914047967835
桃園市平鎮區華安里11鄰平東路239巷73弄2號,68,6801000,6801000-038,11鄰,平東路,,239巷,73弄,,,2號,121.249023325688,24.9139167544189
桃園市平鎮區華安里11鄰平東路239巷73弄3號,68,6801000,6801000-038,11鄰,平東路,,239巷,73弄,,,3號,121.249072187261,24.9140427097297
桃園市平鎮區華安里11鄰平東路239巷73弄4號,68,6801000,6801000-038,11鄰,平東路,,239巷,73弄,,,4號,121.249076787117,24.9139176582706
桃園市平鎮區華安里11鄰平東路239巷73弄5號,68,6801000,6801000-038,11鄰,平東路,,239巷,73弄,,,5號,121.249132990632,24.9140515463188
桃園市平鎮區華安里11鄰平東路239巷73弄6號,68,6801000,6801000-038,11鄰,平東路,,239巷,73弄,,,6號,121.249136421481,24.9139359766643
桃園市平鎮區華安里11鄰平東路239巷73弄7號,68,6801000,6801000-038,11鄰,平東路,,239巷,73弄,,,7號,121.249182782262,24.9140490254584
桃園市平鎮區華安里11鄰平東路239巷73弄8號,68,6801000,6801000-038,11鄰,平東路,,239巷,73弄,,,8號,121.249180872017,24.9139359024035
桃園市平鎮區華安里11鄰平東路239巷73弄9號,68,6801000,6801000-038,11鄰,平東路,,239巷,73弄,,,9號,121.249237726739,24.9140489336467
桃園市平鎮區華安里11鄰平東路239巷73弄10號,68,6801000,6801000-038,11鄰,平東路,,239巷,73弄,,,10號,121.249233627038,24.9139301263398
桃園市平鎮區華安里11鄰平東路239巷73弄11號,68,6801000,6801000-038,11鄰,平東路,,239巷,73弄,,,11號,121.249286423751,24.9140436157672
桃園市平鎮區華安里11鄰平東路239巷73弄12號,68,6801000,6801000-038,11鄰,平東路,,239巷,73弄,,,12號,121.249285987872,24.9139252537595
桃園市平鎮區華安里11鄰平東路239巷73弄13號,68,6801000,6801000-038,11鄰,平東路,,239巷,73弄,,,13號,121.249336207751,24.9140373029272
桃園市平鎮區華安里11鄰平東路239巷73弄14號,68,6801000,6801000-038,11鄰,平東路,,239巷,73弄,,,14號,121.249333111376,24.9139251749854
桃園市平鎮區華安里11鄰平東路239巷73弄15號,68,6801000,6801000-038,11鄰,平東路,,239巷,73弄,,,15號,121.249388589865,24.9140429935398
桃園市平鎮區華安里11鄰平東路239巷73弄16號,68,6801000,6801000-038,11鄰,平東路,,239巷,73弄,,,16號,121.249388163872,24.9139295971537
桃園市平鎮區華安里11鄰平東路239巷73弄17號,68,6801000,6801000-038,11鄰,平東路,,239巷,73弄,,,17號,121.249443035349,24.914040916232
桃園市平鎮區華安里11鄰平東路239巷73弄18號,68,6801000,6801000-038,11鄰,平東路,,239巷,73弄,,,18號,121.24944052942,24.9139270719035
桃園市平鎮區華安里11鄰平東路239巷73弄19號,68,6801000,6801000-038,11鄰,平東路,,239巷,73弄,,,19號,121.249495398218,24.914037036702
桃園市平鎮區華安里11鄰平東路239巷73弄20號,68,6801000,6801000-038,11鄰,平東路,,239巷,73弄,,,20號,121.249490321175,24.9139246412248
桃園市平鎮區華安里11鄰平東路239巷73弄21號,68,6801000,6801000-038,11鄰,平東路,,239巷,73弄,,,21號,121.249543594406,24.9140288304786
桃園市平鎮區華安里11鄰平東路239巷73弄22號,68,6801000,6801000-038,11鄰,平東路,,239巷,73弄,,,22號,121.249533593345,24.9139293538988
桃園市平鎮區華安里11鄰平東路239巷73弄23號,68,6801000,6801000-038,11鄰,平東路,,239巷,73弄,,,23號,121.249593889733,24.9140306422852
桃園市平鎮區華安里11鄰平東路239巷73弄24號,68,6801000,6801000-038,11鄰,平東路,,239巷,73弄,,,24號,121.24958071685,24.9139292750465
桃園市平鎮區華安里11鄰平東路239巷73弄25號,68,6801000,6801000-038,11鄰,平東路,,239巷,73弄,,,25號,121.249649929004,24.9140334375874
桃園市平鎮區華安里11鄰平東路239巷73弄26號,68,6801000,6801000-038,11鄰,平東路,,239巷,73弄,,,26號,121.249638324613,24.9139243935619
桃園市平鎮區華安里11鄰平東路239巷73弄27號,68,6801000,6801000-038,11鄰,平東路,,239巷,73弄,,,27號,121.249691707145,24.9140336385005
桃園市平鎮區華安里11鄰平東路239巷73弄28號,68,6801000,6801000-038,11鄰,平東路,,239巷,73弄,,,28號,121.24968810673,24.9139171777648
桃園市平鎮區華安里11鄰平東路239巷73弄29號,68,6801000,6801000-038,11鄰,平東路,,239巷,73弄,,,29號,121.249744063277,24.914026418375
桃園市平鎮區華安里11鄰平東路239巷73弄30號,68,6801000,6801000-038,11鄰,平東路,,239巷,73弄,,,30號,121.249734036789,24.9139143923327
桃園市平鎮區華安里11鄰平東路239巷73弄31號,68,6801000,6801000-038,11鄰,平東路,,239巷,73弄,,,31號,121.249865285564,24.9140497795358
桃園市平鎮區華安里11鄰平東路239巷73弄32號,68,6801000,6801000-038,11鄰,平東路,,239巷,73弄,,,32號,121.249843907251,24.9139050895989
桃園市平鎮區華安里11鄰平東路239巷73弄33號,68,6801000,6801000-038,11鄰,平東路,,239巷,73弄,,,33號,121.249922864447,24.9140305427841
桃園市平鎮區華安里11鄰平東路239巷73弄34號,68,6801000,6801000-038,11鄰,平東路,,239巷,73弄,,,34號,121.249895880966,24.9139046413845
桃園市平鎮區華安里11鄰平東路239巷73弄35號,68,6801000,6801000-038,11鄰,平東路,,239巷,73弄,,,35號,121.249980467512,24.914023313783
桃園市平鎮區華安里11鄰平東路239巷73弄36號,68,6801000,6801000-038,11鄰,平東路,,239巷,73弄,,,36號,121.249947947675,24.9139012136138
桃園市平鎮區華安里11鄰平東路239巷73弄37號,68,6801000,6801000-038,11鄰,平東路,,239巷,73弄,,,37號,121.250025017076,24.9140232391044
桃園市平鎮區華安里11鄰平東路239巷73弄38號,68,6801000,6801000-038,11鄰,平東路,,239巷,73弄,,,38號,121.249989808757,24.9138934692851
桃園市平鎮區華安里11鄰平東路239巷73弄39號,68,6801000,6801000-038,11鄰,平東路,,239巷,73弄,,,39號,121.250074690562,24.9140112382918
桃園市平鎮區華安里11鄰平東路239巷73弄40號,68,6801000,6801000-038,11鄰,平東路,,239巷,73弄,,,40號,121.250045537327,24.9138894936364
桃園市平鎮區華安里11鄰平東路239巷73弄41號,68,6801000,6801000-038,11鄰,平東路,,239巷,73弄,,,41號,121.250121932393,24.9140207292068
桃園市平鎮區華安里11鄰平東路239巷73弄42號,68,6801000,6801000-038,11鄰,平東路,,239巷,73弄,,,42號,121.250097602205,24.9138851629735
桃園市平鎮區華安里11鄰平東路239巷73弄42之1號,68,6801000,6801000-038,11鄰,平東路,,239巷,73弄,,,42之1號,121.250142639067,24.9138812955018
桃園市平鎮區華安里11鄰平東路239巷73弄43號,68,6801000,6801000-038,11鄰,平東路,,239巷,73弄,,,43號,121.250171620254,24.9140158607984
桃園市平鎮區華安里11鄰平東路239巷73弄45號,68,6801000,6801000-038,11鄰,平東路,,239巷,73弄,,,45號,121.250223971432,24.9140062028366
桃園市平鎮區華安里11鄰平東路239巷73弄46號,68,6801000,6801000-038,11鄰,平東路,,239巷,73弄,,,46號,121.250192025868,24.913874441337
桃園市平鎮區華安里11鄰平東路239巷73弄47號,68,6801000,6801000-038,11鄰,平東路,,239巷,73弄,,,47號,121.250268506416,24.913998905365
桃園市平鎮區華安里11鄰平東路239巷73弄48號,68,6801000,6801000-038,11鄰,平東路,,239巷,73弄,,,48號,121.250240334604,24.9138730060234
桃園市平鎮區華安里11鄰平東路239巷73弄49號,68,6801000,6801000-038,11鄰,平東路,,239巷,73弄,,,49號,121.250332828622,24.9139853450509
桃園市平鎮區華安里11鄰平東路239巷73弄50號,68,6801000,6801000-038,11鄰,平東路,,239巷,73弄,,,50號,121.25028744934,24.9138685933157
桃園市平鎮區華安里11鄰平東路239巷73弄52號,68,6801000,6801000-038,11鄰,平東路,,239巷,73弄,,,52號,121.250334662161,24.9138637290069
桃園市平鎮區華安里11鄰平東路239巷73弄53號,68,6801000,6801000-038,11鄰,平東路,,239巷,73弄,,,53號,121.250412530835,24.9139891837578
桃園市平鎮區華安里11鄰平東路239巷73弄54號,68,6801000,6801000-038,11鄰,平東路,,239巷,73弄,,,54號,121.250392662941,24.9138574020226
桃園市平鎮區華安里11鄰平東路239巷73弄55號,68,6801000,6801000-038,11鄰,平東路,,239巷,73弄,,,55號,121.250467569357,24.9139866536588
桃園市平鎮區華安里11鄰平東路239巷73弄56號,68,6801000,6801000-038,11鄰,平東路,,239巷,73弄,,,56號,121.250433932903,24.9138511031109
桃園市平鎮區華安里11鄰平東路239巷73弄57號,68,6801000,6801000-038,11鄰,平東路,,239巷,73弄,,,57號,121.250517351448,24.9139794375851
桃園市平鎮區華安里11鄰平東路239巷73弄58號,68,6801000,6801000-038,11鄰,平東路,,239巷,73弄,,,58號,121.250491838684,24.9138467625024
桃園市平鎮區華安里11鄰平東路239巷73弄59號,68,6801000,6801000-038,11鄰,平東路,,239巷,73弄,,,59號,121.250572281297,24.9139721225618
桃園市平鎮區華安里11鄰平東路239巷73弄60號,68,6801000,6801000-038,11鄰,平東路,,239巷,73弄,,,60號,121.250543410174,24.9138432450715
桃園市平鎮區華安里11鄰平東路239巷73弄61號,68,6801000,6801000-038,11鄰,平東路,,239巷,73弄,,,61號,121.250624746017,24.9139696870135
桃園市平鎮區華安里10鄰平東路239巷74號,68,6801000,6801000-038,10鄰,平東路,,239巷,,,,74號,121.248707680091,24.9138988631274
桃園市平鎮區華安里11鄰平東路239巷75號,68,6801000,6801000-038,11鄰,平東路,,239巷,,,,75號,121.248869220546,24.9139350685169
桃園市平鎮區華安里10鄰平東路239巷76號,68,6801000,6801000-038,10鄰,平東路,,239巷,,,,76號,121.248706611174,24.9138595009471
桃園市平鎮區華安里11鄰平東路239巷77號,68,6801000,6801000-038,11鄰,平東路,,239巷,,,,77號,121.248863877596,24.9138872267444
桃園市平鎮區華安里10鄰平東路239巷78弄1號,68,6801000,6801000-038,10鄰,平東路,,239巷,78弄,,,1號,121.248545412265,24.9137466434232
桃園市平鎮區華安里10鄰平東路239巷78弄2號,68,6801000,6801000-038,10鄰,平東路,,239巷,78弄,,,2號,121.248535353008,24.9138647520773
桃園市平鎮區華安里10鄰平東路239巷78弄3號,68,6801000,6801000-038,10鄰,平東路,,239巷,78弄,,,3號,121.248486906675,24.9137480951772
桃園市平鎮區華安里10鄰平東路239巷78弄4號,68,6801000,6801000-038,10鄰,平東路,,239巷,78弄,,,4號,121.248471390123,24.9138600735861
桃園市平鎮區華安里10鄰平東路239巷78弄5號,68,6801000,6801000-038,10鄰,平東路,,239巷,78弄,,,5號,121.248436515008,24.9137475471373
桃園市平鎮區華安里10鄰平東路239巷78弄6號,68,6801000,6801000-038,10鄰,平東路,,239巷,78弄,,,6號,121.248437530505,24.9138591368658
桃園市平鎮區華安里10鄰平東路239巷78弄7號,68,6801000,6801000-038,10鄰,平東路,,239巷,78弄,,,7號,121.248389983211,24.913746450946
桃園市平鎮區華安里10鄰平東路239巷78弄8號,68,6801000,6801000-038,10鄰,平東路,,239巷,78弄,,,8號,121.24839248582,24.9138591216101
桃園市平鎮區華安里10鄰平東路239巷78弄9號,68,6801000,6801000-038,10鄰,平東路,,239巷,78弄,,,9號,121.248351175854,24.913746605858
桃園市平鎮區華安里10鄰平東路239巷78弄10號,68,6801000,6801000-038,10鄰,平東路,,239巷,78弄,,,10號,121.248351791301,24.9138562099987
桃園市平鎮區華安里10鄰平東路239巷78弄11號,68,6801000,6801000-038,10鄰,平東路,,239巷,78弄,,,11號,121.248304544336,24.9137451486688
桃園市平鎮區華安里10鄰平東路239巷78弄12號,68,6801000,6801000-038,10鄰,平東路,,239巷,78弄,,,12號,121.248306644726,24.9138547503377
桃園市平鎮區華安里10鄰平東路239巷78弄13號,68,6801000,6801000-038,10鄰,平東路,,239巷,78弄,,,13號,121.24826266675,24.9137446766791
桃園市平鎮區華安里10鄰平東路239巷78弄14號,68,6801000,6801000-038,10鄰,平東路,,239巷,78弄,,,14號,121.248260507259,24.9138528408908
桃園市平鎮區華安里10鄰平東路239巷78弄15號,68,6801000,6801000-038,10鄰,平東路,,239巷,78弄,,,15號,121.248211780633,24.9137444002393
桃園市平鎮區華安里10鄰平東路239巷78弄16號,68,6801000,6801000-038,10鄰,平東路,,239巷,78弄,,,16號,121.248214973361,24.9138557154941
桃園市平鎮區華安里10鄰平東路239巷78弄17號,68,6801000,6801000-038,10鄰,平東路,,239巷,78弄,,,17號,121.248163471736,24.9137457446116
桃園市平鎮區華安里10鄰平東路239巷78弄18號,68,6801000,6801000-038,10鄰,平東路,,239巷,78弄,,,18號,121.248170323769,24.9138552480922
桃園市平鎮區華安里10鄰平東路239巷78弄19號,68,6801000,6801000-038,10鄰,平東路,,239巷,78弄,,,19號,121.248122682234,24.9137448193505
桃園市平鎮區華安里10鄰平東路239巷78弄20號,68,6801000,6801000-038,10鄰,平東路,,239巷,78弄,,,20號,121.24812626817,24.9138547796887
桃園市平鎮區華安里10鄰平東路239巷78弄21號,68,6801000,6801000-038,10鄰,平東路,,239巷,78弄,,,21號,121.248077635603,24.9137438108752
桃園市平鎮區華安里10鄰平東路239巷78弄22號,68,6801000,6801000-038,10鄰,平東路,,239巷,78弄,,,22號,121.248078547625,24.9138533242409
桃園市平鎮區華安里10鄰平東路239巷78弄23號,68,6801000,6801000-038,10鄰,平東路,,239巷,78弄,,,23號,121.24803308505,24.9137433432672
桃園市平鎮區華安里10鄰平東路239巷78弄24號,68,6801000,6801000-038,10鄰,平東路,,239巷,78弄,,,24號,121.248035084937,24.9138523131183
桃園市平鎮區華安里10鄰平東路239巷78弄25號,68,6801000,6801000-038,10鄰,平東路,,239巷,78弄,,,25號,121.247984870457,24.9137423400324
桃園市平鎮區華安里10鄰平東路239巷78弄26號,68,6801000,6801000-038,10鄰,平東路,,239巷,78弄,,,26號,121.24799429522,24.9138512975383
桃園市平鎮區華安里10鄰平東路239巷78弄27號,68,6801000,6801000-038,10鄰,平東路,,239巷,78弄,,,27號,121.247944969059,24.9137399686968
桃園市平鎮區華安里10鄰平東路239巷78弄28號,68,6801000,6801000-038,10鄰,平東路,,239巷,78弄,,,28號,121.247946579551,24.9138522797168
桃園市平鎮區華安里10鄰平東路239巷78弄29號,68,6801000,6801000-038,10鄰,平東路,,239巷,78弄,,,29號,121.247896753385,24.9137384237294
桃園市平鎮區華安里10鄰平東路239巷78弄30號,68,6801000,6801000-038,10鄰,平東路,,239巷,78弄,,,30號,121.247902723034,24.9138523526222
桃園市平鎮區華安里11鄰平東路239巷79號,68,6801000,6801000-038,11鄰,平東路,,239巷,,,,79號,121.248866374944,24.9138490323107
桃園市平鎮區華安里10鄰平東路239巷80號,68,6801000,6801000-038,10鄰,平東路,,239巷,,,,80號,121.248701956373,24.913759834821
桃園市平鎮區華安里11鄰平東路239巷81號,68,6801000,6801000-038,11鄰,平東路,,239巷,,,,81號,121.24887154037,24.913808395748
桃園市平鎮區華安里10鄰平東路239巷82號,68,6801000,6801000-038,10鄰,平東路,,239巷,,,,82號,121.248706733276,24.9137229005682
桃園市平鎮區華安里11鄰平東路239巷83號,68,6801000,6801000-038,11鄰,平東路,,239巷,,,,83號,121.248868884884,24.9137677722358
桃園市平鎮區華安里10鄰平東路239巷84號,68,6801000,6801000-038,10鄰,平東路,,239巷,,,,84號,121.248707242368,24.9136805563729
桃園市平鎮區華安里13鄰平東路239巷85弄1號,68,6801000,6801000-038,13鄰,平東路,,239巷,85弄,,,1號,121.249010782658,24.9137836962781
桃園市平鎮區華安里13鄰平東路239巷85弄2號,68,6801000,6801000-038,13鄰,平東路,,239巷,85弄,,,2號,121.249012816939,24.9136628021785
桃園市平鎮區華安里13鄰平東路239巷85弄3號,68,6801000,6801000-038,13鄰,平東路,,239巷,85弄,,,3號,121.249057906109,24.9137836175914
桃園市平鎮區華安里13鄰平東路239巷85弄4號,68,6801000,6801000-038,13鄰,平東路,,239巷,85弄,,,4號,121.249070424604,24.9136579209139
桃園市平鎮區華安里13鄰平東路239巷85弄5號,68,6801000,6801000-038,13鄰,平東路,,239巷,85弄,,,5號,121.249112939858,24.9137787406084
桃園市平鎮區華安里13鄰平東路239巷85弄6號,68,6801000,6801000-038,13鄰,平東路,,239巷,85弄,,,6號,121.249133283912,24.9136553782468
桃園市平鎮區華安里13鄰平東路239巷85弄7號,68,6801000,6801000-038,13鄰,平東路,,239巷,85弄,,,7號,121.249193025749,24.9137765302781
桃園市平鎮區華安里13鄰平東路239巷85弄8號,68,6801000,6801000-038,13鄰,平東路,,239巷,85弄,,,8號,121.249187947361,24.9136633222283
桃園市平鎮區華安里13鄰平東路239巷85弄9號,68,6801000,6801000-038,13鄰,平東路,,239巷,85弄,,,9號,121.249248951023,24.9137719226083
桃園市平鎮區華安里13鄰平東路239巷85弄10號,68,6801000,6801000-038,13鄰,平東路,,239巷,85弄,,,10號,121.249248208753,24.9136488663234
桃園市平鎮區華安里13鄰平東路239巷85弄11號,68,6801000,6801000-038,13鄰,平東路,,239巷,85弄,,,11號,121.249305183632,24.9137724606099
桃園市平鎮區華安里13鄰平東路239巷85弄12號,68,6801000,6801000-038,13鄰,平東路,,239巷,85弄,,,12號,121.249305821301,24.9136464226364
桃園市平鎮區華安里13鄰平東路239巷85弄13號,68,6801000,6801000-038,13鄰,平東路,,239巷,85弄,,,13號,121.249367647178,24.9137700087896
桃園市平鎮區華安里13鄰平東路239巷85弄14號,68,6801000,6801000-038,13鄰,平東路,,239巷,85弄,,,14號,121.249360298193,24.9136600547785
桃園市平鎮區華安里13鄰平東路239巷85弄15號,68,6801000,6801000-038,13鄰,平東路,,239巷,85弄,,,15號,121.24941743869,24.9137674878517
桃園市平鎮區華安里13鄰平東路239巷85弄16號,68,6801000,6801000-038,13鄰,平東路,,239巷,85弄,,,16號,121.249423147873,24.9136527269365
桃園市平鎮區華安里13鄰平東路239巷85弄17號,68,6801000,6801000-038,13鄰,平東路,,239巷,85弄,,,17號,121.249483866905,24.9137673767446
桃園市平鎮區華安里13鄰平東路239巷85弄18號,68,6801000,6801000-038,13鄰,平東路,,239巷,85弄,,,18號,121.249489580204,24.9136546923597
桃園市平鎮區華安里13鄰平東路239巷85弄19號,68,6801000,6801000-038,13鄰,平東路,,239巷,85弄,,,19號,121.249540082257,24.9137593376764
桃園市平鎮區華安里13鄰平東路239巷85弄20號,68,6801000,6801000-038,13鄰,平東路,,239巷,85弄,,,20號,121.249544729586,24.9136581211815
桃園市平鎮區華安里13鄰平東路239巷85弄21號,68,6801000,6801000-038,13鄰,平東路,,239巷,85弄,,,21號,121.249589878665,24.9137592543493
桃園市平鎮區華安里13鄰平東路239巷85弄22號,68,6801000,6801000-038,13鄰,平東路,,239巷,85弄,,,22號,121.249610308885,24.9136297524475
桃園市平鎮區華安里13鄰平東路239巷85弄23號,68,6801000,6801000-038,13鄰,平東路,,239巷,85弄,,,23號,121.249665460017,24.9137816086376
桃園市平鎮區華安里13鄰平東路239巷85弄24號,68,6801000,6801000-038,13鄰,平東路,,239巷,85弄,,,24號,121.249672730962,24.9136559206978
桃園市平鎮區華安里13鄰平東路239巷85弄25號,68,6801000,6801000-038,13鄰,平東路,,239巷,85弄,,,25號,121.249720409281,24.9137839543172
桃園市平鎮區華安里13鄰平東路239巷85弄26號,68,6801000,6801000-038,13鄰,平東路,,239巷,85弄,,,26號,121.249701928811,24.9136033263431
桃園市平鎮區華安里13鄰平東路239巷85弄27號,68,6801000,6801000-038,13鄰,平東路,,239巷,85弄,,,27號,121.249850540564,24.9137578247705
桃園市平鎮區華安里13鄰平東路239巷85弄28號,68,6801000,6801000-038,13鄰,平東路,,239巷,85弄,,,28號,121.249825938538,24.9135854229402
桃園市平鎮區華安里13鄰平東路239巷85弄29號,68,6801000,6801000-038,13鄰,平東路,,239巷,85弄,,,29號,121.249908143507,24.913750595798
桃園市平鎮區華安里13鄰平東路239巷85弄31號,68,6801000,6801000-038,13鄰,平東路,,239巷,85弄,,,31號,121.249965748263,24.9137442696434
桃園市平鎮區華安里13鄰平東路239巷85弄32號,68,6801000,6801000-038,13鄰,平東路,,239巷,85弄,,,32號,121.249960155073,24.9136215826334
桃園市平鎮區華安里13鄰平東路239巷85弄33號,68,6801000,6801000-038,13鄰,平東路,,239巷,85弄,,,33號,121.250031266183,24.9137345896809
桃園市平鎮區華安里13鄰平東路239巷85弄34號,68,6801000,6801000-038,13鄰,平東路,,239巷,85弄,,,34號,121.250018847296,24.9136145323615
桃園市平鎮區華安里13鄰平東路239巷85弄35號,68,6801000,6801000-038,13鄰,平東路,,239巷,85弄,,,35號,121.250091443072,24.9137273563226
桃園市平鎮區華安里13鄰平東路239巷85弄36號,68,6801000,6801000-038,13鄰,平東路,,239巷,85弄,,,36號,121.250073777197,24.9136073078064
桃園市平鎮區華安里13鄰平東路239巷85弄37號,68,6801000,6801000-038,13鄰,平東路,,239巷,85弄,,,37號,121.250146491136,24.9137296113954
桃園市平鎮區華安里13鄰平東路239巷85弄38號,68,6801000,6801000-038,13鄰,平東路,,239巷,85弄,,,38號,121.25014001206,24.913609544124
桃園市平鎮區華安里13鄰平東路239巷85弄39號,68,6801000,6801000-038,13鄰,平東路,,239巷,85弄,,,39號,121.250209331331,24.9137175884538
桃園市平鎮區華安里13鄰平東路239巷85弄40號,68,6801000,6801000-038,13鄰,平東路,,239巷,85弄,,,40號,121.250188700846,24.9136002534549
桃園市平鎮區華安里13鄰平東路239巷85弄41號,68,6801000,6801000-038,13鄰,平東路,,239巷,85弄,,,41號,121.250267928411,24.9137124342139
桃園市平鎮區華安里13鄰平東路239巷85弄42之1號,68,6801000,6801000-038,13鄰,平東路,,239巷,85弄,,,42之1號,121.250311907211,24.9135767533684
桃園市平鎮區華安里13鄰平東路239巷85弄42號,68,6801000,6801000-038,13鄰,平東路,,239巷,85弄,,,42號,121.250246399051,24.913591218506
桃園市平鎮區華安里13鄰平東路239巷85弄43號,68,6801000,6801000-038,13鄰,平東路,,239巷,85弄,,,43號,121.250320293846,24.9137099086556
桃園市平鎮區華安里13鄰平東路239巷85弄45號,68,6801000,6801000-038,13鄰,平東路,,239巷,85弄,,,45號,121.25037275354,24.9137050355285
桃園市平鎮區華安里13鄰平東路239巷85弄46號,68,6801000,6801000-038,13鄰,平東路,,239巷,85弄,,,46號,121.250365286083,24.9135858727702
桃園市平鎮區華安里13鄰平東路239巷85弄47號,68,6801000,6801000-038,13鄰,平東路,,239巷,85弄,,,47號,121.250438562569,24.9136924658006
桃園市平鎮區華安里13鄰平東路239巷85弄48號,68,6801000,6801000-038,13鄰,平東路,,239巷,85弄,,,48號,121.250428135661,24.9135785445054
桃園市平鎮區華安里13鄰平東路239巷85弄49號,68,6801000,6801000-038,13鄰,平東路,,239巷,85弄,,,49號,121.250490331812,24.913688857772
桃園市平鎮區華安里13鄰平東路239巷86號,68,6801000,6801000-038,13鄰,平東路,,239巷,,,,86號,121.248728225731,24.9136289690323
桃園市平鎮區華安里13鄰平東路239巷87號,68,6801000,6801000-038,13鄰,平東路,,239巷,,,,87號,121.248866528485,24.9136788461131
桃園市平鎮區華安里13鄰平東路239巷88號,68,6801000,6801000-038,13鄰,平東路,,239巷,,,,88號,121.248732507628,24.9135920356037
桃園市平鎮區華安里13鄰平東路239巷89號,68,6801000,6801000-038,13鄰,平東路,,239巷,,,,89號,121.248867703704,24.9136231387264
桃園市平鎮區華安里13鄰平東路239巷90號,68,6801000,6801000-038,13鄰,平東路,,239巷,,,,90號,121.248730341755,24.9135487027413
桃園市平鎮區華安里13鄰平東路239巷91號,68,6801000,6801000-038,13鄰,平東路,,239巷,,,,91號,121.248880555512,24.913564793609
桃園市平鎮區華安里13鄰平東路239巷92號,68,6801000,6801000-038,13鄰,平東路,,239巷,,,,92號,121.248728194531,24.9135146691327
桃園市平鎮區華安里13鄰平東路239巷93號,68,6801000,6801000-038,13鄰,平東路,,239巷,,,,93號,121.24888569701,24.9135122395537
桃園市平鎮區華安里10鄰平東路239巷94弄1號,68,6801000,6801000-038,10鄰,平東路,,239巷,94弄,,,1號,121.248580535877,24.9133903229476
桃園市平鎮區華安里10鄰平東路239巷94弄2號,68,6801000,6801000-038,10鄰,平東路,,239巷,94弄,,,2號,121.248559712241,24.9135216310609
桃園市平鎮區華安里10鄰平東路239巷94弄3號,68,6801000,6801000-038,10鄰,平東路,,239巷,94弄,,,3號,121.248528457763,24.9133879720622
桃園市平鎮區華安里10鄰平東路239巷94弄4號,68,6801000,6801000-038,10鄰,平東路,,239巷,94弄,,,4號,121.248518824898,24.9135212477767
桃園市平鎮區華安里10鄰平東路239巷94弄5號,68,6801000,6801000-038,10鄰,平東路,,239巷,94弄,,,5號,121.248476989918,24.9133937457312
桃園市平鎮區華安里10鄰平東路239巷94弄6號,68,6801000,6801000-038,10鄰,平東路,,239巷,94弄,,,6號,121.248476944855,24.9135195118703
桃園市平鎮區華安里10鄰平東路239巷94弄7號,68,6801000,6801000-038,10鄰,平東路,,239巷,94弄,,,7號,121.248421619719,24.913378850772
桃園市平鎮區華安里10鄰平東路239巷94弄8號,68,6801000,6801000-038,10鄰,平東路,,239巷,94弄,,,8號,121.248435063548,24.9135171439639
桃園市平鎮區華安里10鄰平東路239巷94弄9號,68,6801000,6801000-038,10鄰,平東路,,239巷,94弄,,,9號,121.248372813263,24.9133788417751
桃園市平鎮區華安里10鄰平東路239巷94弄10號,68,6801000,6801000-038,10鄰,平東路,,239巷,94弄,,,10號,121.248389331058,24.9135196578134
桃園市平鎮區華安里10鄰平東路239巷94弄11號,68,6801000,6801000-038,10鄰,平東路,,239巷,94弄,,,11號,121.2483245018,24.9133788319382
桃園市平鎮區華安里10鄰平東路239巷94弄12號,68,6801000,6801000-038,10鄰,平東路,,239巷,94弄,,,12號,121.248338155449,24.9135230835556
桃園市平鎮區華安里10鄰平東路239巷94弄13號,68,6801000,6801000-038,10鄰,平東路,,239巷,94弄,,,13號,121.248277774494,24.9133789097327
桃園市平鎮區華安里10鄰平東路239巷94弄14號,68,6801000,6801000-038,10鄰,平東路,,239巷,94弄,,,14號,121.248295873449,24.9135183688849
桃園市平鎮區華安里10鄰平東路239巷94弄15號,68,6801000,6801000-038,10鄰,平東路,,239巷,94弄,,,15號,121.248236689562,24.9133787072684
桃園市平鎮區華安里10鄰平東路239巷94弄16號,68,6801000,6801000-038,10鄰,平東路,,239巷,94弄,,,16號,121.248241502958,24.9135083475485
桃園市平鎮區華安里10鄰平東路239巷94弄17號,68,6801000,6801000-038,10鄰,平東路,,239巷,94弄,,,17號,121.248184910983,24.913377619745
桃園市平鎮區華安里10鄰平東路239巷94弄18號,68,6801000,6801000-038,10鄰,平東路,,239巷,94弄,,,18號,121.248194677147,24.9135086963342
桃園市平鎮區華安里10鄰平東路239巷94弄19號,68,6801000,6801000-038,10鄰,平東路,,239巷,94弄,,,19號,121.248140374107,24.91338392347
桃園市平鎮區華安里10鄰平東路239巷94弄20號,68,6801000,6801000-038,10鄰,平東路,,239巷,94弄,,,20號,121.248154784129,24.9135104781192
桃園市平鎮區華安里10鄰平東路239巷94弄22號,68,6801000,6801000-038,10鄰,平東路,,239巷,94弄,,,22號,121.248106469363,24.9135088430996
桃園市平鎮區華安里10鄰平東路239巷94弄24號,68,6801000,6801000-038,10鄰,平東路,,239巷,94弄,,,24號,121.248062308389,24.913505124616
桃園市平鎮區華安里10鄰平東路239巷94弄26號,68,6801000,6801000-038,10鄰,平東路,,239巷,94弄,,,26號,121.248020033807,24.913504111512
桃園市平鎮區華安里10鄰平東路239巷94弄28號,68,6801000,6801000-038,10鄰,平東路,,239巷,94弄,,,28號,121.247974598128,24.9135065344564
桃園市平鎮區華安里10鄰平東路239巷94弄30號,68,6801000,6801000-038,10鄰,平東路,,239巷,94弄,,,30號,121.247936219321,24.9135229397261
桃園市平鎮區華安里10鄰平東路239巷94弄32號,68,6801000,6801000-038,10鄰,平東路,,239巷,94弄,,,32號,121.24788133546,24.9135037101104
桃園市平鎮區華安里10鄰平東路239巷94弄34號,68,6801000,6801000-038,10鄰,平東路,,239巷,94弄,,,34號,121.247836781205,24.9135013464785
桃園市平鎮區華安里15鄰平東路239巷95弄10衖1號,68,6801000,6801000-038,15鄰,平東路,,239巷,95弄,,,10衖1號,121.249500287737,24.913219504024
桃園市平鎮區華安里15鄰平東路239巷95弄10衖2號,68,6801000,6801000-038,15鄰,平東路,,239巷,95弄,,,10衖2號,121.249459846772,24.9130472188974
桃園市平鎮區華安里15鄰平東路239巷95弄10衖3號,68,6801000,6801000-038,15鄰,平東路,,239巷,95弄,,,10衖3號,121.249602439727,24.9132122006379
桃園市平鎮區華安里15鄰平東路239巷95弄10衖5號,68,6801000,6801000-038,15鄰,平東路,,239巷,95弄,,,10衖5號,121.249688865318,24.9132120559728
桃園市平鎮區華安里15鄰平東路239巷95弄10衖6號,68,6801000,6801000-038,15鄰,平東路,,239巷,95弄,,,10衖6號,121.249671377876,24.9130328708669
桃園市平鎮區華安里15鄰平東路239巷95弄10衖7號,68,6801000,6801000-038,15鄰,平東路,,239巷,95弄,,,10衖7號,121.249764792171,24.9132094911631
桃園市平鎮區華安里15鄰平東路239巷95弄10衖8號,68,6801000,6801000-038,15鄰,平東路,,239巷,95弄,,,10衖8號,121.249752641073,24.9130256023459
桃園市平鎮區華安里15鄰平東路239巷95弄10衖9號,68,6801000,6801000-038,15鄰,平東路,,239巷,95弄,,,10衖9號,121.249866929767,24.9131950551587
桃園市平鎮區華安里15鄰平東路239巷95弄10衖10號,68,6801000,6801000-038,15鄰,平東路,,239巷,95弄,,,10衖10號,121.249825105964,24.9130245781369
桃園市平鎮區華安里15鄰平東路239巷95弄10衖4號,68,6801000,6801000-038,15鄰,平東路,,239巷,95弄,,,10衖4號,121.249569408051,24.913032228974
桃園市平鎮區華安里15鄰平東路239巷95弄1號,68,6801000,6801000-038,15鄰,平東路,,239巷,95弄,,,1號,121.249059707397,24.9135467085292
桃園市平鎮區華安里15鄰平東路239巷95弄2號,68,6801000,6801000-038,15鄰,平東路,,239巷,95弄,,,2號,121.249052441067,24.9133298577217
桃園市平鎮區華安里15鄰平東路239巷95弄2之1號,68,6801000,6801000-038,15鄰,平東路,,239巷,95弄,,,2之1號,121.24909907443,24.9133323078025
桃園市平鎮區華安里15鄰平東路239巷95弄3號,68,6801000,6801000-038,15鄰,平東路,,239巷,95弄,,,3號,121.249122561935,24.9135418184826
桃園市平鎮區華安里15鄰平東路239巷95弄5號,68,6801000,6801000-038,15鄰,平東路,,239巷,95弄,,,5號,121.249214314458,24.913532095055
桃園市平鎮區華安里15鄰平東路239巷95弄6號,68,6801000,6801000-038,15鄰,平東路,,239巷,95弄,,,6號,121.24914096167,24.9133376548955
桃園市平鎮區華安里15鄰平東路239巷95弄6之1號,68,6801000,6801000-038,15鄰,平東路,,239巷,95弄,,,6之1號,121.249184922984,24.9133405608346
桃園市平鎮區華安里15鄰平東路239巷95弄7號,68,6801000,6801000-038,15鄰,平東路,,239巷,95弄,,,7號,121.24928954744,24.9135289899396
桃園市平鎮區華安里15鄰平東路239巷95弄8之1號,68,6801000,6801000-038,15鄰,平東路,,239巷,95弄,,,8之1號,121.2492670087,24.9133483686847
桃園市平鎮區華安里15鄰平東路239巷95弄8之2號,68,6801000,6801000-038,15鄰,平東路,,239巷,95弄,,,8之2號,121.249258120974,24.9132116027892
桃園市平鎮區華安里15鄰平東路239巷95弄8號,68,6801000,6801000-038,15鄰,平東路,,239巷,95弄,,,8號,121.249226706334,24.9133434704004
桃園市平鎮區華安里15鄰平東路239巷95弄9號,68,6801000,6801000-038,15鄰,平東路,,239巷,95弄,,,9號,121.249372389337,24.9135189201715
桃園市平鎮區華安里15鄰平東路239巷95弄11號,68,6801000,6801000-038,15鄰,平東路,,239巷,95弄,,,11號,121.249435955537,24.9135233280879
桃園市平鎮區華安里15鄰平東路239巷95弄12號,68,6801000,6801000-038,15鄰,平東路,,239巷,95弄,,,12號,121.249410698906,24.9133697064135
桃園市平鎮區華安里15鄰平東路239巷95弄13號,68,6801000,6801000-038,15鄰,平東路,,239巷,95弄,,,13號,121.249506729937,24.9135184246334
桃園市平鎮區華安里15鄰平東路239巷95弄14號,68,6801000,6801000-038,15鄰,平東路,,239巷,95弄,,,14號,121.249491967243,24.9133648757014
桃園市平鎮區華安里15鄰平東路239巷95弄15號,68,6801000,6801000-038,15鄰,平東路,,239巷,95弄,,,15號,121.249566911477,24.9135135388715
桃園市平鎮區華安里15鄰平東路239巷95弄16號,68,6801000,6801000-038,15鄰,平東路,,239巷,95弄,,,16號,121.249554816765,24.9133575478049
桃園市平鎮區華安里15鄰平東路239巷95弄17號,68,6801000,6801000-038,15鄰,平東路,,239巷,95弄,,,17號,121.249646784835,24.913504196193
桃園市平鎮區華安里15鄰平東路239巷95弄18號,68,6801000,6801000-038,15鄰,平東路,,239巷,95弄,,,18號,121.249614993502,24.9133503146396
桃園市平鎮區華安里15鄰平東路239巷95弄19號,68,6801000,6801000-038,15鄰,平東路,,239巷,95弄,,,19號,121.249709648958,24.913504090952
桃園市平鎮區華安里15鄰平東路239巷95弄20號,68,6801000,6801000-038,15鄰,平東路,,239巷,95弄,,,20號,121.249688336849,24.9133429691233
桃園市平鎮區華安里15鄰平東路239巷95弄21號,68,6801000,6801000-038,15鄰,平東路,,239巷,95弄,,,21號,121.249763984111,24.9134965063696
桃園市平鎮區華安里15鄰平東路239巷95弄22號,68,6801000,6801000-038,15鄰,平東路,,239巷,95弄,,,22號,121.249753765216,24.9133380745023
桃園市平鎮區華安里15鄰平東路239巷95弄23號,68,6801000,6801000-038,15鄰,平東路,,239巷,95弄,,,23號,121.249840010135,24.9134939413547
桃園市平鎮區華安里15鄰平東路239巷95弄24號,68,6801000,6801000-038,15鄰,平東路,,239巷,95弄,,,24號,121.249821866719,24.9133332656593
桃園市平鎮區華安里15鄰平東路239巷95弄25號,68,6801000,6801000-038,15鄰,平東路,,239巷,95弄,,,25號,121.249902864612,24.9134890509796
桃園市平鎮區華安里15鄰平東路239巷95弄26號,68,6801000,6801000-038,15鄰,平東路,,239巷,95弄,,,26號,121.249882147154,24.913328379605
桃園市平鎮區華安里13鄰平東路239巷96號,68,6801000,6801000-038,13鄰,平東路,,239巷,,,,96號,121.248758488753,24.9134162086947
桃園市平鎮區華安里15鄰平東路239巷97號,68,6801000,6801000-038,15鄰,平東路,,239巷,,,,97號,121.24895452951,24.913378323305
桃園市平鎮區華安里12鄰平東路239巷98號,68,6801000,6801000-038,12鄰,平東路,,239巷,,,,98號,121.24876166952,24.9133732280512
桃園市平鎮區華安里15鄰平東路239巷99號,68,6801000,6801000-038,15鄰,平東路,,239巷,,,,99號,121.248965817755,24.9133301829173
桃園市平鎮區華安里12鄰平東路239巷100號,68,6801000,6801000-038,12鄰,平東路,,239巷,,,,100號,121.248760486384,24.9133262821758
桃園市平鎮區華安里15鄰平東路239巷101號,68,6801000,6801000-038,15鄰,平東路,,239巷,,,,101號,121.248970786762,24.9132903592354
桃園市平鎮區華安里12鄰平東路239巷102號,68,6801000,6801000-038,12鄰,平東路,,239巷,,,,102號,121.248764151095,24.9132777933807
桃園市平鎮區華安里15鄰平東路239巷103號,68,6801000,6801000-038,15鄰,平東路,,239巷,,,,103號,121.248975071113,24.9132546897751
桃園市平鎮區華安里12鄰平東路239巷104號,68,6801000,6801000-038,12鄰,平東路,,239巷,,,,104號,121.248769673234,24.9132175645246
桃園市平鎮區華安里15鄰平東路239巷105號,68,6801000,6801000-038,15鄰,平東路,,239巷,,,,105號,121.24898160361,24.9132046613537
桃園市平鎮區華安里12鄰平東路239巷106弄1號,68,6801000,6801000-038,12鄰,平東路,,239巷,106弄,,,1號,121.248631454841,24.9131107177962
桃園市平鎮區華安里12鄰平東路239巷106弄2號,68,6801000,6801000-038,12鄰,平東路,,239巷,106弄,,,2號,121.248587814081,24.9132183191758
桃園市平鎮區華安里12鄰平東路239巷106弄3號,68,6801000,6801000-038,12鄰,平東路,,239巷,106弄,,,3號,121.248574025507,24.9131056673168
桃園市平鎮區華安里12鄰平東路239巷106弄4號,68,6801000,6801000-038,12鄰,平東路,,239巷,106弄,,,4號,121.248537124187,24.9132170493911
桃園市平鎮區華安里12鄰平東路239巷106弄5號,68,6801000,6801000-038,12鄰,平東路,,239巷,106弄,,,5號,121.24851423107,24.9131060378159
桃園市平鎮區華安里12鄰平東路239巷106弄6號,68,6801000,6801000-038,12鄰,平東路,,239巷,106弄,,,6號,121.248492178914,24.9132171242827
桃園市平鎮區華安里12鄰平東路239巷106弄7號,68,6801000,6801000-038,12鄰,平東路,,239巷,106弄,,,7號,121.248469183403,24.9131043974688
桃園市平鎮區華安里12鄰平東路239巷106弄8號,68,6801000,6801000-038,12鄰,平東路,,239巷,106弄,,,8號,121.248442764789,24.913210254712
桃園市平鎮區華安里12鄰平東路239巷106弄9號,68,6801000,6801000-038,12鄰,平東路,,239巷,106弄,,,9號,121.248414630995,24.913102321518
桃園市平鎮區華安里12鄰平東路239巷106弄10號,68,6801000,6801000-038,12鄰,平東路,,239巷,106弄,,,10號,121.248373163676,24.9132077523921
桃園市平鎮區華安里12鄰平東路239巷106弄11號,68,6801000,6801000-038,12鄰,平東路,,239巷,106弄,,,11號,121.248350079579,24.9131001719132
桃園市平鎮區華安里12鄰平東路239巷106弄12號,68,6801000,6801000-038,12鄰,平東路,,239巷,106弄,,,12號,121.248306532516,24.913205245095
桃園市平鎮區華安里12鄰平東路239巷106弄13號,68,6801000,6801000-038,12鄰,平東路,,239巷,106弄,,,13號,121.248289489362,24.9130986476765
桃園市平鎮區華安里12鄰平東路239巷106弄14號,68,6801000,6801000-038,12鄰,平東路,,239巷,106弄,,,14號,121.248242376138,24.9132026433647
桃園市平鎮區華安里12鄰平東路239巷106弄15號,68,6801000,6801000-038,12鄰,平東路,,239巷,106弄,,,15號,121.248229495305,24.9130982058348
桃園市平鎮區華安里12鄰平東路239巷106弄16號,68,6801000,6801000-038,12鄰,平東路,,239巷,106弄,,,16號,121.248168531287,24.9132067387687
桃園市平鎮區華安里12鄰平東路239巷106弄17號,68,6801000,6801000-038,12鄰,平東路,,239巷,106弄,,,17號,121.248179098303,24.9130948589009
桃園市平鎮區華安里15鄰平東路239巷107號,68,6801000,6801000-038,15鄰,平東路,,239巷,,,,107號,121.248988764164,24.9131716053365
桃園市平鎮區華安里12鄰平東路239巷108號,68,6801000,6801000-038,12鄰,平東路,,239巷,,,,108號,121.248780284795,24.9131281653409
桃園市平鎮區華安里15鄰平東路239巷109號,68,6801000,6801000-038,15鄰,平東路,,239巷,,,,109號,121.248978453165,24.9131147434246
桃園市平鎮區華安里12鄰平東路239巷110號,68,6801000,6801000-038,12鄰,平東路,,239巷,,,,110號,121.248789507702,24.9130867997343
桃園市平鎮區華安里12鄰平東路239巷112號,68,6801000,6801000-038,12鄰,平東路,,239巷,,,,112號,121.248784473406,24.9130447356353
桃園市平鎮區華安里12鄰平東路239巷114號,68,6801000,6801000-038,12鄰,平東路,,239巷,,,,114號,121.24877914248,24.9130028525993
桃園市平鎮區華安里15鄰平東路239巷115號,68,6801000,6801000-038,15鄰,平東路,,239巷,,,,115號,121.249003022232,24.9130247792176
桃園市平鎮區華安里12鄰平東路239巷116號,68,6801000,6801000-038,12鄰,平東路,,239巷,,,,116號,121.248783410581,24.9129590575803
桃園市平鎮區華安里15鄰平東路239巷117號,68,6801000,6801000-038,15鄰,平東路,,239巷,,,,117號,121.24901469482,24.9129708599856
桃園市平鎮區華安里12鄰平東路239巷118號,68,6801000,6801000-038,12鄰,平東路,,239巷,,,,118號,121.248784049426,24.9129320615002
桃園市平鎮區華安里12鄰平東路239巷120弄2號,68,6801000,6801000-038,12鄰,平東路,,239巷,120弄,,,2號,121.248639036471,24.912941963746
桃園市平鎮區華安里12鄰平東路239巷120弄4號,68,6801000,6801000-038,12鄰,平東路,,239巷,120弄,,,4號,121.24856640962,24.9129609542301
桃園市平鎮區華安里12鄰平東路239巷120弄6號,68,6801000,6801000-038,12鄰,平東路,,239巷,120弄,,,6號,121.248499669644,24.9129534815617
桃園市平鎮區華安里12鄰平東路239巷120弄8號,68,6801000,6801000-038,12鄰,平東路,,239巷,120弄,,,8號,121.248447497598,24.9129535684802
桃園市平鎮區華安里12鄰平東路239巷120弄10號,68,6801000,6801000-038,12鄰,平東路,,239巷,120弄,,,10號,121.24837870145,24.9129574750085
桃園市平鎮區華安里12鄰平東路239巷120弄11之2號,68,6801000,6801000-038,12鄰,平東路,,239巷,120弄,,,11之2號,121.248513867791,24.9126776392699
桃園市平鎮區華安里12鄰平東路239巷120弄11之1號,68,6801000,6801000-038,12鄰,平東路,,239巷,120弄,,,11之1號,121.248504772215,24.9127331792903
桃園市平鎮區華安里12鄰平東路239巷120弄12號,68,6801000,6801000-038,12鄰,平東路,,239巷,120弄,,,12號,121.248317796415,24.9129470131582
桃園市平鎮區華安里12鄰平東路239巷120弄13號,68,6801000,6801000-038,12鄰,平東路,,239巷,120弄,,,13號,121.24849143882,24.9128476820393
桃園市平鎮區華安里12鄰平東路239巷120弄14號,68,6801000,6801000-038,12鄰,平東路,,239巷,120弄,,,14號,121.248228696422,24.9129463489199
桃園市平鎮區華安里12鄰平東路239巷120弄15號,68,6801000,6801000-038,12鄰,平東路,,239巷,120弄,,,15號,121.24844144315,24.9128469527704
桃園市平鎮區華安里12鄰平東路239巷120弄16號,68,6801000,6801000-038,12鄰,平東路,,239巷,120弄,,,16號,121.248150882404,24.9129457561352
桃園市平鎮區華安里12鄰平東路239巷120弄17號,68,6801000,6801000-038,12鄰,平東路,,239巷,120弄,,,17號,121.248393425273,24.9128451367788
桃園市平鎮區華安里12鄰平東路239巷120弄19號,68,6801000,6801000-038,12鄰,平東路,,239巷,120弄,,,19號,121.248349664134,24.9128432233992
桃園市平鎮區華安里12鄰平東路239巷120弄21之1號,68,6801000,6801000-038,12鄰,平東路,,239巷,120弄,,,21之1號,121.248316752035,24.9127220263399
桃園市平鎮區華安里12鄰平東路239巷120弄21之2號,68,6801000,6801000-038,12鄰,平東路,,239巷,120弄,,,21之2號,121.248330915026,24.9126756868953
桃園市平鎮區華安里12鄰平東路239巷120弄21號,68,6801000,6801000-038,12鄰,平東路,,239巷,120弄,,,21號,121.248295424741,24.9128490919041
桃園市平鎮區華安里12鄰平東路239巷121弄2號,68,6801000,6801000-038,12鄰,平東路,,239巷,121弄,,,2號,121.248969628522,24.9128119445191
桃園市平鎮區華安里12鄰平東路239巷121弄4號,68,6801000,6801000-038,12鄰,平東路,,239巷,121弄,,,4號,121.249021889536,24.9128068916316
桃園市平鎮區華安里12鄰平東路239巷121弄6號,68,6801000,6801000-038,12鄰,平東路,,239巷,121弄,,,6號,121.249074053722,24.9128029222994
桃園市平鎮區華安里12鄰平東路239巷121弄8號,68,6801000,6801000-038,12鄰,平東路,,239巷,121弄,,,8號,121.249117902249,24.9127990571234
桃園市平鎮區華安里12鄰平東路239巷121弄10號,68,6801000,6801000-038,12鄰,平東路,,239巷,121弄,,,10號,121.24917610803,24.912796431929
桃園市平鎮區華安里12鄰平東路239巷121弄12號,68,6801000,6801000-038,12鄰,平東路,,239巷,121弄,,,12號,121.249219849753,24.9127886846753
桃園市平鎮區華安里12鄰平東路239巷121弄14號,68,6801000,6801000-038,12鄰,平東路,,239巷,121弄,,,14號,121.249316271053,24.9127378740161
桃園市平鎮區華安里12鄰平東路239巷121弄16號,68,6801000,6801000-038,12鄰,平東路,,239巷,121弄,,,16號,121.249391111734,24.9127368460475
桃園市平鎮區華安里12鄰平東路239巷121弄18號,68,6801000,6801000-038,12鄰,平東路,,239巷,121弄,,,18號,121.249464153199,24.9127272440396
桃園市平鎮區華安里12鄰平東路239巷121弄19號,68,6801000,6801000-038,12鄰,平東路,,239巷,121弄,,,19號,121.2494579939,24.9129135109099
桃園市平鎮區華安里12鄰平東路239巷121弄20號,68,6801000,6801000-038,12鄰,平東路,,239巷,121弄,,,20號,121.249535031953,24.912725229498
桃園市平鎮區華安里12鄰平東路239巷121弄21號,68,6801000,6801000-038,12鄰,平東路,,239巷,121弄,,,21號,121.249531943519,24.9129123940761
桃園市平鎮區華安里12鄰平東路239巷121弄22號,68,6801000,6801000-038,12鄰,平東路,,239巷,121弄,,,22號,121.249595515915,24.9127232323188
桃園市平鎮區華安里12鄰平東路239巷121弄23號,68,6801000,6801000-038,12鄰,平東路,,239巷,121弄,,,23號,121.24960149707,24.9128913317267
桃園市平鎮區華安里12鄰平東路239巷121弄24號,68,6801000,6801000-038,12鄰,平東路,,239巷,121弄,,,24號,121.249655004262,24.9127184379676
桃園市平鎮區華安里12鄰平東路239巷121弄25號,68,6801000,6801000-038,12鄰,平東路,,239巷,121弄,,,25號,121.249677931986,24.9128953568678
桃園市平鎮區華安里12鄰平東路239巷121弄26號,68,6801000,6801000-038,12鄰,平東路,,239巷,121弄,,,26號,121.249732211245,24.9127126207976
桃園市平鎮區華安里12鄰平東路239巷121弄27號,68,6801000,6801000-038,12鄰,平東路,,239巷,121弄,,,27號,121.249730084735,24.9128856994128
桃園市平鎮區華安里12鄰平東路239巷121弄28號,68,6801000,6801000-038,12鄰,平東路,,239巷,121弄,,,28號,121.249803078349,24.9127048279512
桃園市平鎮區華安里12鄰平東路239巷121弄29號,68,6801000,6801000-038,12鄰,平東路,,239巷,121弄,,,29號,121.249811457375,24.9128836671678
桃園市平鎮區華安里12鄰平東路239巷121弄30號,68,6801000,6801000-038,12鄰,平東路,,239巷,121弄,,,30號,121.249867320763,24.9127011089646
桃園市平鎮區華安里12鄰平東路239巷121弄32號,68,6801000,6801000-038,12鄰,平東路,,239巷,121弄,,,32號,121.249938298492,24.9126990940657
桃園市平鎮區華安里12鄰平東路239巷121弄34號,68,6801000,6801000-038,12鄰,平東路,,239巷,121弄,,,34號,121.250013327493,24.9126932804001
桃園市平鎮區華安里14鄰平東路239巷123弄1號,68,6801000,6801000-038,14鄰,平東路,,239巷,123弄,,,1號,121.248975630548,24.912694926007
桃園市平鎮區華安里14鄰平東路239巷123弄2號,68,6801000,6801000-038,14鄰,平東路,,239巷,123弄,,,2號,121.248959800299,24.9125516711969
桃園市平鎮區華安里14鄰平東路239巷123弄3號,68,6801000,6801000-038,14鄰,平東路,,239巷,123弄,,,3號,121.249031944991,24.9126871578196
桃園市平鎮區華安里14鄰平東路239巷123弄4號,68,6801000,6801000-038,14鄰,平東路,,239巷,123弄,,,4號,121.249040560443,24.9125405216784
桃園市平鎮區華安里14鄰平東路239巷123弄5號,68,6801000,6801000-038,14鄰,平東路,,239巷,123弄,,,5號,121.249104898881,24.9126832440466
桃園市平鎮區華安里14鄰平東路239巷123弄6號,68,6801000,6801000-038,14鄰,平東路,,239巷,123弄,,,6號,121.249124528393,24.9125492293114
桃園市平鎮區華安里14鄰平東路239巷123弄7號,68,6801000,6801000-038,14鄰,平東路,,239巷,123弄,,,7號,121.249198702704,24.91266006484
桃園市平鎮區華安里14鄰平東路239巷123弄8號,68,6801000,6801000-038,14鄰,平東路,,239巷,123弄,,,8號,121.249189162388,24.9125433431392
桃園市平鎮區華安里17鄰平東路240號,68,6801000,6801000-038,17鄰,平東路,,,,,,240號,121.248778733361,24.9159084732652
桃園市平鎮區華安里16鄰平東路241號,68,6801000,6801000-038,16鄰,平東路,,,,,,241號,121.248608360183,24.9155663993308
桃園市平鎮區華安里17鄰平東路242號,68,6801000,6801000-038,17鄰,平東路,,,,,,242號,121.248734125719,24.9158799275514
桃園市平鎮區華安里16鄰平東路243號,68,6801000,6801000-038,16鄰,平東路,,,,,,243號,121.248563742933,24.9155329782276
桃園市平鎮區華安里17鄰平東路244號,68,6801000,6801000-038,17鄰,平東路,,,,,,244號,121.248692195817,24.9158537247502
桃園市平鎮區華安里16鄰平東路245號,68,6801000,6801000-038,16鄰,平東路,,,,,,245號,121.248535096622,24.9154660350202
桃園市平鎮區華安里22鄰平東路246巷1號,68,6801000,6801000-038,22鄰,平東路,,246巷,,,,1號,121.247800645621,24.9164740173961
桃園市平鎮區華安里20鄰平東路246巷1之1號,68,6801000,6801000-038,20鄰,平東路,,246巷,,,,1之1號,121.248481371173,24.9159266647469
桃園市平鎮區華安里18鄰平東路246巷2號,68,6801000,6801000-038,18鄰,平東路,,246巷,,,,2號,121.248644261123,24.9159433666986
桃園市平鎮區華安里22鄰平東路246巷3號,68,6801000,6801000-038,22鄰,平東路,,246巷,,,,3號,121.247759937287,24.9165141712591
桃園市平鎮區華安里18鄰平東路246巷4號,68,6801000,6801000-038,18鄰,平東路,,246巷,,,,4號,121.248603434149,24.9159734994332
桃園市平鎮區華安里22鄰平東路246巷5弄2號,68,6801000,6801000-038,22鄰,平東路,,246巷,5弄,,,2號,121.247807340346,24.9167030575144
桃園市平鎮區華安里22鄰平東路246巷5弄4號,68,6801000,6801000-038,22鄰,平東路,,246巷,5弄,,,4號,121.247768986484,24.916682897562
桃園市平鎮區華安里22鄰平東路246巷5弄6號,68,6801000,6801000-038,22鄰,平東路,,246巷,5弄,,,6號,121.247740521388,24.9166570332619
桃園市平鎮區華安里22鄰平東路246巷5弄8號,68,6801000,6801000-038,22鄰,平東路,,246巷,5弄,,,8號,121.247700286711,24.9166369667003
桃園市平鎮區華安里22鄰平東路246巷5弄10號,68,6801000,6801000-038,22鄰,平東路,,246巷,5弄,,,10號,121.247669352922,24.9166142664369
桃園市平鎮區華安里18鄰平東路246巷6弄1號,68,6801000,6801000-038,18鄰,平東路,,246巷,6弄,,,1號,121.248614394784,24.9161074630515
桃園市平鎮區華安里18鄰平東路246巷6弄2號,68,6801000,6801000-038,18鄰,平東路,,246巷,6弄,,,2號,121.248686391061,24.9160199478147
桃園市平鎮區華安里18鄰平東路246巷6弄3號,68,6801000,6801000-038,18鄰,平東路,,246巷,6弄,,,3號,121.248656719492,24.9161330332249
桃園市平鎮區華安里18鄰平東路246巷6弄4號,68,6801000,6801000-038,18鄰,平東路,,246巷,6弄,,,4號,121.248728015506,24.9160419077643
桃園市平鎮區華安里18鄰平東路246巷6弄5號,68,6801000,6801000-038,18鄰,平東路,,246巷,6弄,,,5號,121.248698937975,24.9161549921916
桃園市平鎮區華安里18鄰平東路246巷6弄6號,68,6801000,6801000-038,18鄰,平東路,,246巷,6弄,,,6號,121.248769550382,24.9160685626347
桃園市平鎮區華安里18鄰平東路246巷6弄7號,68,6801000,6801000-038,18鄰,平東路,,246巷,6弄,,,7號,121.248731871042,24.9161872590426
桃園市平鎮區華安里18鄰平東路246巷6弄8號,68,6801000,6801000-038,18鄰,平東路,,246巷,6弄,,,8號,121.248809798629,24.9160954002085
桃園市平鎮區華安里18鄰平東路246巷6弄9號,68,6801000,6801000-038,18鄰,平東路,,246巷,6弄,,,9號,121.248770235769,24.916212835788
桃園市平鎮區華安里18鄰平東路246巷6弄10號,68,6801000,6801000-038,18鄰,平東路,,246巷,6弄,,,10號,121.248854101575,24.9161200641823
桃園市平鎮區華安里18鄰平東路246巷6弄11號,68,6801000,6801000-038,18鄰,平東路,,246巷,6弄,,,11號,121.248812461725,24.9162384963654
桃園市平鎮區華安里18鄰平東路246巷6弄13號,68,6801000,6801000-038,18鄰,平東路,,246巷,6弄,,,13號,121.248852806502,24.9162640697856
桃園市平鎮區華安里18鄰平東路246巷6弄14號,68,6801000,6801000-038,18鄰,平東路,,246巷,6弄,,,14號,121.248938148411,24.91616687174
桃園市平鎮區華安里22鄰平東路246巷7號,68,6801000,6801000-038,22鄰,平東路,,246巷,,,,7號,121.24784539884,24.9167240305063
桃園市平鎮區華安里18鄰平東路246巷8號,68,6801000,6801000-038,18鄰,平東路,,246巷,,,,8號,121.248546265325,24.9160497043829
桃園市平鎮區華安里23鄰平東路246巷9弄1號,68,6801000,6801000-038,23鄰,平東路,,246巷,9弄,,,1號,121.247762672986,24.9172393301019
桃園市平鎮區華安里23鄰平東路246巷9弄3號,68,6801000,6801000-038,23鄰,平東路,,246巷,9弄,,,3號,121.247734604139,24.9172632117844
桃園市平鎮區華安里23鄰平東路246巷9弄5號,68,6801000,6801000-038,23鄰,平東路,,246巷,9弄,,,5號,121.247697925383,24.9172887328801
桃園市平鎮區華安里23鄰平東路246巷9弄7號,68,6801000,6801000-038,23鄰,平東路,,246巷,9弄,,,7號,121.24767581861,24.9173236193306
桃園市平鎮區華安里23鄰平東路246巷9弄9號,68,6801000,6801000-038,23鄰,平東路,,246巷,9弄,,,9號,121.2476664798,24.9173568594563
桃園市平鎮區華安里23鄰平東路246巷9弄11號,68,6801000,6801000-038,23鄰,平東路,,246巷,9弄,,,11號,121.247638429296,24.9173899500868
桃園市平鎮區華安里23鄰平東路246巷9弄13號,68,6801000,6801000-038,23鄰,平東路,,246巷,9弄,,,13號,121.247572725846,24.917406942341
桃園市平鎮區華安里18鄰平東路246巷10號,68,6801000,6801000-038,18鄰,平東路,,246巷,,,,10號,121.248522100799,24.916094977085
桃園市平鎮區華安里18鄰平東路246巷12號,68,6801000,6801000-038,18鄰,平東路,,246巷,,,,12號,121.24849067592,24.9161236495713
桃園市平鎮區華安里18鄰平東路246巷14號,68,6801000,6801000-038,18鄰,平東路,,246巷,,,,14號,121.248452552434,24.916169035805
桃園市平鎮區華安里18鄰平東路246巷16弄1號,68,6801000,6801000-038,18鄰,平東路,,246巷,16弄,,,1號,121.248463523959,24.9163085067553
桃園市平鎮區華安里18鄰平東路246巷16弄2號,68,6801000,6801000-038,18鄰,平東路,,246巷,16弄,,,2號,121.248536326938,24.9162282129911
桃園市平鎮區華安里18鄰平東路246巷16弄3號,68,6801000,6801000-038,18鄰,平東路,,246巷,16弄,,,3號,121.248508126992,24.9163347051641
桃園市平鎮區華安里18鄰平東路246巷16弄4號,68,6801000,6801000-038,18鄰,平東路,,246巷,16弄,,,4號,121.24857836064,24.9162567630528
桃園市平鎮區華安里18鄰平東路246巷16弄5號,68,6801000,6801000-038,18鄰,平東路,,246巷,16弄,,,5號,121.248544822998,24.9163674172065
桃園市平鎮區華安里18鄰平東路246巷16弄6號,68,6801000,6801000-038,18鄰,平東路,,246巷,16弄,,,6號,121.248620290655,24.9162829658837
桃園市平鎮區華安里18鄰平東路246巷16弄7號,68,6801000,6801000-038,18鄰,平東路,,246巷,16弄,,,7號,121.248581609881,24.9163960662952
桃園市平鎮區華安里18鄰平東路246巷16弄8號,68,6801000,6801000-038,18鄰,平東路,,246巷,16弄,,,8號,121.248662215982,24.9163068213189
桃園市平鎮區華安里18鄰平東路246巷16弄9號,68,6801000,6801000-038,18鄰,平東路,,246巷,16弄,,,9號,121.248623144483,24.9164225406365
桃園市平鎮區華安里18鄰平東路246巷16弄10號,68,6801000,6801000-038,18鄰,平東路,,246巷,16弄,,,10號,121.248696406582,24.9163243697409
桃園市平鎮區華安里18鄰平東路246巷16弄11號,68,6801000,6801000-038,18鄰,平東路,,246巷,16弄,,,11號,121.248665195468,24.9164596676508
桃園市平鎮區華安里18鄰平東路246巷16弄12號,68,6801000,6801000-038,18鄰,平東路,,246巷,16弄,,,12號,121.248733183891,24.9163482337409
桃園市平鎮區華安里18鄰平東路246巷16弄13號,68,6801000,6801000-038,18鄰,平東路,,246巷,16弄,,,13號,121.248707130458,24.9164883081235
桃園市平鎮區華安里18鄰平東路246巷16弄14號,68,6801000,6801000-038,18鄰,平東路,,246巷,16弄,,,14號,121.248772535056,24.9163720031538
桃園市平鎮區華安里18鄰平東路246巷18號,68,6801000,6801000-038,18鄰,平東路,,246巷,,,,18號,121.248384996479,24.9162493207898
桃園市平鎮區華安里18鄰平東路246巷20號,68,6801000,6801000-038,18鄰,平東路,,246巷,,,,20號,121.248347340441,24.9162809830056
桃園市平鎮區華安里18鄰平東路246巷22號,68,6801000,6801000-038,18鄰,平東路,,246巷,,,,22號,121.248306077748,24.9163408199157
桃園市平鎮區華安里18鄰平東路246巷24號,68,6801000,6801000-038,18鄰,平東路,,246巷,,,,24號,121.248281000382,24.9163752599831
桃園市平鎮區華安里19鄰平東路246巷26弄1號,68,6801000,6801000-038,19鄰,平東路,,246巷,26弄,,,1號,121.248151689634,24.9164171865553
桃園市平鎮區華安里19鄰平東路246巷26弄2號,68,6801000,6801000-038,19鄰,平東路,,246巷,26弄,,,2號,121.248378515106,24.916423941402
桃園市平鎮區華安里19鄰平東路246巷26弄3號,68,6801000,6801000-038,19鄰,平東路,,246巷,26弄,,,3號,121.248186588558,24.9164424080803
桃園市平鎮區華安里19鄰平東路246巷26弄4號,68,6801000,6801000-038,19鄰,平東路,,246巷,26弄,,,4號,121.248428841954,24.9164410115874
桃園市平鎮區華安里19鄰平東路246巷26弄5號,68,6801000,6801000-038,19鄰,平東路,,246巷,26弄,,,5號,121.248232966552,24.9164650825296
桃園市平鎮區華安里19鄰平東路246巷26弄6號,68,6801000,6801000-038,19鄰,平東路,,246巷,26弄,,,6號,121.248460688007,24.9164742734351
桃園市平鎮區華安里19鄰平東路246巷26弄7號,68,6801000,6801000-038,19鄰,平東路,,246巷,26弄,,,7號,121.248280154102,24.9164965131926
桃園市平鎮區華安里19鄰平東路246巷26弄8號,68,6801000,6801000-038,19鄰,平東路,,246巷,26弄,,,8號,121.248498464912,24.9165029208943
桃園市平鎮區華安里19鄰平東路246巷26弄9號,68,6801000,6801000-038,19鄰,平東路,,246巷,26弄,,,9號,121.248317308768,24.9165110773849
桃園市平鎮區華安里19鄰平東路246巷26弄10號,68,6801000,6801000-038,19鄰,平東路,,246巷,26弄,,,10號,121.248547906589,24.9165228816113
桃園市平鎮區華安里19鄰平東路246巷26弄11號,68,6801000,6801000-038,19鄰,平東路,,246巷,26弄,,,11號,121.248367653,24.9165368148533
桃園市平鎮區華安里19鄰平東路246巷26弄12號,68,6801000,6801000-038,19鄰,平東路,,246巷,26弄,,,12號,121.248582521106,24.9165543331323
桃園市平鎮區華安里19鄰平東路246巷26弄13號,68,6801000,6801000-038,19鄰,平東路,,246巷,26弄,,,13號,121.248386419528,24.9165644105891
桃園市平鎮區華安里19鄰平東路246巷26弄14號,68,6801000,6801000-038,19鄰,平東路,,246巷,26弄,,,14號,121.248639803269,24.9165839411676
桃園市平鎮區華安里19鄰平東路246巷26弄15號,68,6801000,6801000-038,19鄰,平東路,,246巷,26弄,,,15號,121.248436758009,24.9165872589462
桃園市平鎮區華安里19鄰平東路246巷26弄17號,68,6801000,6801000-038,19鄰,平東路,,246巷,26弄,,,17號,121.248473039075,24.9166104918461
桃園市平鎮區華安里19鄰平東路246巷26弄19號,68,6801000,6801000-038,19鄰,平東路,,246巷,26弄,,,19號,121.248520319953,24.9166390331791
桃園市平鎮區華安里19鄰平東路246巷28弄1號,68,6801000,6801000-038,19鄰,平東路,,246巷,28弄,,,1號,121.247991534286,24.9165305791849
桃園市平鎮區華安里19鄰平東路246巷28弄2號,68,6801000,6801000-038,19鄰,平東路,,246巷,28弄,,,2號,121.248087488187,24.9164918681968
桃園市平鎮區華安里19鄰平東路246巷28弄3號,68,6801000,6801000-038,19鄰,平東路,,246巷,28弄,,,3號,121.24802959655,24.9165534480942
桃園市平鎮區華安里19鄰平東路246巷28弄4號,68,6801000,6801000-038,19鄰,平東路,,246巷,28弄,,,4號,121.248125667519,24.9165237653159
桃園市平鎮區華安里19鄰平東路246巷28弄5號,68,6801000,6801000-038,19鄰,平東路,,246巷,28弄,,,5號,121.248073111652,24.9165801901474
桃園市平鎮區華安里19鄰平東路246巷28弄6號,68,6801000,6801000-038,19鄰,平東路,,246巷,28弄,,,6號,121.248165122143,24.9165497918239
桃園市平鎮區華安里19鄰平東路246巷28弄7號,68,6801000,6801000-038,19鄰,平東路,,246巷,28弄,,,7號,121.248109592818,24.9166045062147
桃園市平鎮區華安里19鄰平東路246巷28弄8號,68,6801000,6801000-038,19鄰,平東路,,246巷,28弄,,,8號,121.248209716527,24.9165716566895
桃園市平鎮區華安里19鄰平東路246巷28弄9號,68,6801000,6801000-038,19鄰,平東路,,246巷,28弄,,,9號,121.248152318656,24.9166326038218
桃園市平鎮區華安里19鄰平東路246巷28弄10號,68,6801000,6801000-038,19鄰,平東路,,246巷,28弄,,,10號,121.248247789325,24.9165997620138
桃園市平鎮區華安里19鄰平東路246巷28弄11號,68,6801000,6801000-038,19鄰,平東路,,246巷,28弄,,,11號,121.248195240889,24.9166598885311
桃園市平鎮區華安里19鄰平東路246巷28弄12號,68,6801000,6801000-038,19鄰,平東路,,246巷,28弄,,,12號,121.248295064544,24.9166255046151
桃園市平鎮區華安里19鄰平東路246巷28弄13號,68,6801000,6801000-038,19鄰,平東路,,246巷,28弄,,,13號,121.24823489014,24.9166841992944
桃園市平鎮區華安里19鄰平東路246巷28弄14號,68,6801000,6801000-038,19鄰,平東路,,246巷,28弄,,,14號,121.248333130146,24.9166499985578
桃園市平鎮區華安里19鄰平東路246巷28弄15號,68,6801000,6801000-038,19鄰,平東路,,246巷,28弄,,,15號,121.248275736276,24.9167129319845
桃園市平鎮區華安里19鄰平東路246巷28弄16號,68,6801000,6801000-038,19鄰,平東路,,246巷,28弄,,,16號,121.248372090751,24.9166764772542
桃園市平鎮區華安里19鄰平東路246巷28弄17號,68,6801000,6801000-038,19鄰,平東路,,246巷,28弄,,,17號,121.248319651288,24.9167415692687
桃園市平鎮區華安里19鄰平東路246巷28弄18號,68,6801000,6801000-038,19鄰,平東路,,246巷,28弄,,,18號,121.248400550557,24.9166996329131
桃園市平鎮區華安里19鄰平東路246巷28弄20號,68,6801000,6801000-038,19鄰,平東路,,246巷,28弄,,,20號,121.248453477234,24.9167295191269
桃園市平鎮區華安里19鄰平東路246巷28弄22號,68,6801000,6801000-038,19鄰,平東路,,246巷,28弄,,,22號,121.248562240134,24.9166602704049
桃園市平鎮區華安里19鄰平東路246巷30弄1號,68,6801000,6801000-038,19鄰,平東路,,246巷,30弄,,,1號,121.247996731936,24.9168524340265
桃園市平鎮區華安里19鄰平東路246巷30弄2號,68,6801000,6801000-038,19鄰,平東路,,246巷,30弄,,,2號,121.247963996487,24.9166219023923
桃園市平鎮區華安里19鄰平東路246巷30弄3號,68,6801000,6801000-038,19鄰,平東路,,246巷,30弄,,,3號,121.248034503074,24.9168781925142
桃園市平鎮區華安里19鄰平東路246巷30弄4號,68,6801000,6801000-038,19鄰,平東路,,246巷,30弄,,,4號,121.248019282023,24.9166927739057
桃園市平鎮區華安里19鄰平東路246巷30弄5號,68,6801000,6801000-038,19鄰,平東路,,246巷,30弄,,,5號,121.248081778356,24.9169039351818
桃園市平鎮區華安里19鄰平東路246巷30弄6號,68,6801000,6801000-038,19鄰,平東路,,246巷,30弄,,,6號,121.248052201155,24.9167180890378
桃園市平鎮區華安里19鄰平東路246巷30弄7號,68,6801000,6801000-038,19鄰,平東路,,246巷,30弄,,,7號,121.248125786613,24.91692968327
桃園市平鎮區華安里19鄰平東路246巷30弄8號,68,6801000,6801000-038,19鄰,平東路,,246巷,30弄,,,8號,121.248097707362,24.9167503351124
桃園市平鎮區華安里19鄰平東路246巷30弄10號,68,6801000,6801000-038,19鄰,平東路,,246巷,30弄,,,10號,121.248134867863,24.9167677884367
桃園市平鎮區華安里19鄰平東路246巷30弄12號,68,6801000,6801000-038,19鄰,平東路,,246巷,30弄,,,12號,121.248175033823,24.91680293247
桃園市平鎮區華安里19鄰平東路246巷30弄14號,68,6801000,6801000-038,19鄰,平東路,,246巷,30弄,,,14號,121.248207162812,24.9168291517249
桃園市平鎮區華安里16鄰平東路247號,68,6801000,6801000-038,16鄰,平東路,,,,,,247號,121.248484557143,24.9154414716234
桃園市平鎮區華安里17鄰平東路248號,68,6801000,6801000-038,17鄰,平東路,,,,,,248號,121.248588767469,24.9157686688171
桃園市平鎮區華安里1鄰平東路249巷1號,68,6801000,6801000-038,1鄰,平東路,,249巷,,,,1號,121.248569196012,24.9153393995991
桃園市平鎮區華安里1鄰平東路249巷2號,68,6801000,6801000-038,1鄰,平東路,,249巷,,,,2號,121.248408231896,24.9152952479234
桃園市平鎮區華安里1鄰平東路249巷3號,68,6801000,6801000-038,1鄰,平東路,,249巷,,,,3號,121.248600189931,24.9152933932271
桃園市平鎮區華安里1鄰平東路249巷4號,68,6801000,6801000-038,1鄰,平東路,,249巷,,,,4號,121.248434498639,24.9152616184087
桃園市平鎮區華安里1鄰平東路249巷5號,68,6801000,6801000-038,1鄰,平東路,,249巷,,,,5號,121.248630416079,24.9152594862251
桃園市平鎮區華安里1鄰平東路249巷6號,68,6801000,6801000-038,1鄰,平東路,,249巷,,,,6號,121.248462341772,24.9152241943222
桃園市平鎮區華安里1鄰平東路249巷8號,68,6801000,6801000-038,1鄰,平東路,,249巷,,,,8號,121.248491859024,24.9151823435101
桃園市平鎮區華安里17鄰平東路250號,68,6801000,6801000-038,17鄰,平東路,,,,,,250號,121.248548023651,24.9157414708702
桃園市平鎮區華安里16鄰平東路251號,68,6801000,6801000-038,16鄰,平東路,,,,,,251號,121.24840002718,24.9154002622328
桃園市平鎮區華安里17鄰平東路252號,68,6801000,6801000-038,17鄰,平東路,,,,,,252號,121.248511546454,24.91571905087
桃園市平鎮區華安里16鄰平東路253號,68,6801000,6801000-038,16鄰,平東路,,,,,,253號,121.248363737987,24.9153727859606
桃園市平鎮區華安里17鄰平東路254號,68,6801000,6801000-038,17鄰,平東路,,,,,,254號,121.248472785751,24.9156933844306
桃園市平鎮區華安里17鄰平東路256號,68,6801000,6801000-038,17鄰,平東路,,,,,,256號,121.248435221748,24.9156720496337
桃園市平鎮區華安里17鄰平東路258號,68,6801000,6801000-038,17鄰,平東路,,,,,,258號,121.248394984569,24.9156506289953
桃園市平鎮區華安里17鄰平東路260號,68,6801000,6801000-038,17鄰,平東路,,,,,,260號,121.248359291113,24.9156240545741
桃園市平鎮區華安里16鄰平東路261號,68,6801000,6801000-038,16鄰,平東路,,,,,,261號,121.24827395131,24.9152772341015
桃園市平鎮區華安里17鄰平東路262之1號,68,6801000,6801000-038,17鄰,平東路,,,,,,262之1號,121.248316374265,24.9155992978578
桃園市平鎮區華安里16鄰平東路263號,68,6801000,6801000-038,16鄰,平東路,,,,,,263號,121.24821170412,24.9152397794455
桃園市平鎮區華安里17鄰平東路264號,68,6801000,6801000-038,17鄰,平東路,,,,,,264號,121.248276221491,24.9155705640181
桃園市平鎮區華安里16鄰平東路265號,68,6801000,6801000-038,16鄰,平東路,,,,,,265號,121.24816571699,24.9152143055192
桃園市平鎮區華安里17鄰平東路266號,68,6801000,6801000-038,17鄰,平東路,,,,,,266號,121.248235977686,24.9155458028281
桃園市平鎮區華安里16鄰平東路267號,68,6801000,6801000-038,16鄰,平東路,,,,,,267號,121.248122306227,24.9151900009879
桃園市平鎮區華安里17鄰平東路268號,68,6801000,6801000-038,17鄰,平東路,,,,,,268號,121.248190088534,24.9155198773264
桃園市平鎮區華安里16鄰平東路269號,68,6801000,6801000-038,16鄰,平東路,,,,,,269號,121.248086923145,24.9151700167366
桃園市平鎮區華安里16鄰平東路271號,68,6801000,6801000-038,16鄰,平東路,,,,,,271號,121.248055208128,24.9151525543363
桃園市平鎮區華安里17鄰平東路272號,68,6801000,6801000-038,17鄰,平東路,,,,,,272號,121.248109099865,24.9154672860555
桃園市平鎮區華安里16鄰平東路273號,68,6801000,6801000-038,16鄰,平東路,,,,,,273號,121.248025170161,24.9151321097579
桃園市平鎮區華安里17鄰平東路274號,68,6801000,6801000-038,17鄰,平東路,,,,,,274號,121.24806687233,24.9154406321491
桃園市平鎮區華安里16鄰平東路275號,68,6801000,6801000-038,16鄰,平東路,,,,,,275號,121.247990870334,24.9151092345841
桃園市平鎮區華安里17鄰平東路276號,68,6801000,6801000-038,17鄰,平東路,,,,,,276號,121.248023959396,24.9154177713111
桃園市平鎮區華安里16鄰平東路277號,68,6801000,6801000-038,16鄰,平東路,,,,,,277號,121.247961924275,24.915090232726
桃園市平鎮區華安里16鄰平東路279號,68,6801000,6801000-038,16鄰,平東路,,,,,,279號,121.247932088128,24.9150716837634
桃園市平鎮區華安里17鄰平東路280號,68,6801000,6801000-038,17鄰,平東路,,,,,,280號,121.247984710565,24.9153954460736
桃園市平鎮區華安里17鄰平東路280之1號,68,6801000,6801000-038,17鄰,平東路,,,,,,280之1號,121.247942891536,24.9153750210692
桃園市平鎮區華安里16鄰平東路281號,68,6801000,6801000-038,16鄰,平東路,,,,,,281號,121.247897293335,24.9150488093905
桃園市平鎮區華安里20鄰平東路282巷1號,68,6801000,6801000-038,20鄰,平東路,,282巷,,,,1號,121.24774632778,24.9154006273436
桃園市平鎮區華安里20鄰平東路282巷2弄1號,68,6801000,6801000-038,20鄰,平東路,,282巷,2弄,,,1號,121.247772700127,24.9156179881316
桃園市平鎮區華安里20鄰平東路282巷2弄2號,68,6801000,6801000-038,20鄰,平東路,,282巷,2弄,,,2號,121.247854537928,24.9155010242549
桃園市平鎮區華安里20鄰平東路282巷2弄3號,68,6801000,6801000-038,20鄰,平東路,,282巷,2弄,,,3號,121.247817317017,24.9156513191885
桃園市平鎮區華安里20鄰平東路282巷2弄4號,68,6801000,6801000-038,20鄰,平東路,,282巷,2弄,,,4號,121.247925049449,24.9155621198067
桃園市平鎮區華安里20鄰平東路282巷2弄4之1號,68,6801000,6801000-038,20鄰,平東路,,282巷,2弄,,,4之1號,121.247925049449,24.9155621198067
桃園市平鎮區華安里20鄰平東路282巷2弄5號,68,6801000,6801000-038,20鄰,平東路,,282巷,2弄,,,5號,121.247874002052,24.9156796645372
桃園市平鎮區華安里20鄰平東路282巷2弄6號,68,6801000,6801000-038,20鄰,平東路,,282巷,2弄,,,6號,121.248008387572,24.9156014354776
桃園市平鎮區華安里20鄰平東路282巷2弄7號,68,6801000,6801000-038,20鄰,平東路,,282巷,2弄,,,7號,121.247936936592,24.9157142290909
桃園市平鎮區華安里20鄰平東路282巷2弄8號,68,6801000,6801000-038,20鄰,平東路,,282巷,2弄,,,8號,121.248066384371,24.9156421475209
桃園市平鎮區華安里20鄰平東路282巷2弄9號,68,6801000,6801000-038,20鄰,平東路,,282巷,2弄,,,9號,121.247973234998,24.9157463099496
桃園市平鎮區華安里20鄰平東路282巷2弄10號,68,6801000,6801000-038,20鄰,平東路,,282巷,2弄,,,10號,121.24810742397,24.9156688034026
桃園市平鎮區華安里20鄰平東路282巷2弄11號,68,6801000,6801000-038,20鄰,平東路,,282巷,2弄,,,11號,121.248030997742,24.915768965535
桃園市平鎮區華安里20鄰平東路282巷2弄12號,68,6801000,6801000-038,20鄰,平東路,,282巷,2弄,,,12號,121.248169657075,24.9156991256627
桃園市平鎮區華安里20鄰平東路282巷2弄13號,68,6801000,6801000-038,20鄰,平東路,,282巷,2弄,,,13號,121.248086113681,24.915804716724
桃園市平鎮區華安里20鄰平東路282巷2弄14號,68,6801000,6801000-038,20鄰,平東路,,282巷,2弄,,,14號,121.248232594054,24.9157348637827
桃園市平鎮區華安里20鄰平東路282巷2弄15號,68,6801000,6801000-038,20鄰,平東路,,282巷,2弄,,,15號,121.248121619245,24.9158363474433
桃園市平鎮區華安里20鄰平東路282巷2弄16號,68,6801000,6801000-038,20鄰,平東路,,282巷,2弄,,,16號,121.248263664856,24.9157766136914
桃園市平鎮區華安里20鄰平東路282巷2弄17號,68,6801000,6801000-038,20鄰,平東路,,282巷,2弄,,,17號,121.248181996539,24.9158792223019
桃園市平鎮區華安里20鄰平東路282巷2弄18號,68,6801000,6801000-038,20鄰,平東路,,282巷,2弄,,,18號,121.248313533839,24.9158123735306
桃園市平鎮區華安里20鄰平東路282巷2弄19號,68,6801000,6801000-038,20鄰,平東路,,282巷,2弄,,,19號,121.248222664633,24.9159180671487
桃園市平鎮區華安里20鄰平東路282巷2弄20號,68,6801000,6801000-038,20鄰,平東路,,282巷,2弄,,,20號,121.248371219009,24.9158456826595
桃園市平鎮區華安里20鄰平東路282巷2弄21號,68,6801000,6801000-038,20鄰,平東路,,282巷,2弄,,,21號,121.248280354527,24.915953723696
桃園市平鎮區華安里20鄰平東路282巷2弄22號,68,6801000,6801000-038,20鄰,平東路,,282巷,2弄,,,22號,121.248423666767,24.9158837855581
桃園市平鎮區華安里20鄰平東路282巷2弄23號,68,6801000,6801000-038,20鄰,平東路,,282巷,2弄,,,23號,121.248339095137,24.9159702382004
桃園市平鎮區華安里20鄰平東路282巷2弄25號,68,6801000,6801000-038,20鄰,平東路,,282巷,2弄,,,25號,121.248408169799,24.9160056951701
桃園市平鎮區華安里20鄰平東路282巷3號,68,6801000,6801000-038,20鄰,平東路,,282巷,,,,3號,121.247650032513,24.9154663336871
桃園市平鎮區華安里20鄰平東路282巷4弄1號,68,6801000,6801000-038,20鄰,平東路,,282巷,4弄,,,1號,121.247606001598,24.9158256480355
桃園市平鎮區華安里20鄰平東路282巷4弄2號,68,6801000,6801000-038,20鄰,平東路,,282巷,4弄,,,2號,121.247686462341,24.9157130201853
桃園市平鎮區華安里20鄰平東路282巷4弄3號,68,6801000,6801000-038,20鄰,平東路,,282巷,4弄,,,3號,121.247671876946,24.9158455817612
桃園市平鎮區華安里20鄰平東路282巷4弄4號,68,6801000,6801000-038,20鄰,平東路,,282巷,4弄,,,4號,121.247730304371,24.9157549295632
桃園市平鎮區華安里20鄰平東路282巷4弄5號,68,6801000,6801000-038,20鄰,平東路,,282巷,4弄,,,5號,121.247724338737,24.9158908173433
桃園市平鎮區華安里20鄰平東路282巷4弄6號,68,6801000,6801000-038,20鄰,平東路,,282巷,4弄,,,6號,121.247782847649,24.915791407413
桃園市平鎮區華安里20鄰平東路282巷4弄7號,68,6801000,6801000-038,20鄰,平東路,,282巷,4弄,,,7號,121.247772038619,24.9159310951817
桃園市平鎮區華安里20鄰平東路282巷4弄8號,68,6801000,6801000-038,20鄰,平東路,,282巷,4弄,,,8號,121.24783438652,24.9158206641691
桃園市平鎮區華安里20鄰平東路282巷4弄10號,68,6801000,6801000-038,20鄰,平東路,,282巷,4弄,,,10號,121.247887420889,24.9158551549106
桃園市平鎮區華安里20鄰平東路282巷4弄11號,68,6801000,6801000-038,20鄰,平東路,,282巷,4弄,,,11號,121.247824476669,24.9159644132398
桃園市平鎮區華安里20鄰平東路282巷4弄12號,68,6801000,6801000-038,20鄰,平東路,,282巷,4弄,,,12號,121.247936300333,24.9158911873738
桃園市平鎮區華安里20鄰平東路282巷4弄13號,68,6801000,6801000-038,20鄰,平東路,,282巷,4弄,,,13號,121.247864945235,24.9160025362414
桃園市平鎮區華安里20鄰平東路282巷4弄14號,68,6801000,6801000-038,20鄰,平東路,,282巷,4弄,,,14號,121.247989423832,24.9159207122939
桃園市平鎮區華安里20鄰平東路282巷4弄15號,68,6801000,6801000-038,20鄰,平東路,,282巷,4弄,,,15號,121.247922649686,24.9160455059308
桃園市平鎮區華安里20鄰平東路282巷4弄16號,68,6801000,6801000-038,20鄰,平東路,,282巷,4弄,,,16號,121.248044426561,24.9159493312262
桃園市平鎮區華安里20鄰平東路282巷4弄17號,68,6801000,6801000-038,20鄰,平東路,,282巷,4弄,,,17號,121.247988254917,24.9160788020399
桃園市平鎮區華安里20鄰平東路282巷4弄18號,68,6801000,6801000-038,20鄰,平東路,,282巷,4弄,,,18號,121.24808500015,24.9159904333748
桃園市平鎮區華安里20鄰平東路282巷4弄19號,68,6801000,6801000-038,20鄰,平東路,,282巷,4弄,,,19號,121.248029583341,24.9161013043829
桃園市平鎮區華安里20鄰平東路282巷4弄20號,68,6801000,6801000-038,20鄰,平東路,,282巷,4弄,,,20號,121.248135948964,24.9160215869768
桃園市平鎮區華安里20鄰平東路282巷4弄21號,68,6801000,6801000-038,20鄰,平東路,,282巷,4弄,,,21號,121.248100435668,24.916134591715
桃園市平鎮區華安里20鄰平東路282巷4弄22號,68,6801000,6801000-038,20鄰,平東路,,282巷,4弄,,,22號,121.248185309818,24.9160507569494
桃園市平鎮區華安里20鄰平東路282巷4弄23號,68,6801000,6801000-038,20鄰,平東路,,282巷,4弄,,,23號,121.248127826881,24.9161680416159
桃園市平鎮區華安里20鄰平東路282巷4弄24號,68,6801000,6801000-038,20鄰,平東路,,282巷,4弄,,,24號,121.248238447178,24.9160871433626
桃園市平鎮區華安里20鄰平東路282巷4弄26號,68,6801000,6801000-038,20鄰,平東路,,282巷,4弄,,,26號,121.248302753394,24.9161143924471
桃園市平鎮區華安里20鄰平東路282巷5號,68,6801000,6801000-038,20鄰,平東路,,282巷,,,,5號,121.247621595079,24.9155037586093
桃園市平鎮區華安里21鄰平東路282巷6弄1號,68,6801000,6801000-038,21鄰,平東路,,282巷,6弄,,,1號,121.247463923051,24.9160179185683
桃園市平鎮區華安里21鄰平東路282巷6弄2號,68,6801000,6801000-038,21鄰,平東路,,282巷,6弄,,,2號,121.247516929461,24.9159391929774
桃園市平鎮區華安里21鄰平東路282巷6弄2之1號,68,6801000,6801000-038,21鄰,平東路,,282巷,6弄,,,2之1號,121.247579875929,24.9159797164242
桃園市平鎮區華安里21鄰平東路282巷6弄3號,68,6801000,6801000-038,21鄰,平東路,,282巷,6弄,,,3號,121.247539956552,24.9160679001656
桃園市平鎮區華安里21鄰平東路282巷6弄5號,68,6801000,6801000-038,21鄰,平東路,,282巷,6弄,,,5號,121.247582379668,24.9160932899136
桃園市平鎮區華安里21鄰平東路282巷6弄6號,68,6801000,6801000-038,21鄰,平東路,,282巷,6弄,,,6號,121.247636250901,24.9160014716225
桃園市平鎮區華安里21鄰平東路282巷6弄7號,68,6801000,6801000-038,21鄰,平東路,,282巷,6弄,,,7號,121.247640102993,24.9161457395318
桃園市平鎮區華安里21鄰平東路282巷6弄8號,68,6801000,6801000-038,21鄰,平東路,,282巷,6弄,,,8號,121.247704449162,24.9160443336867
桃園市平鎮區華安里21鄰平東路282巷6弄9號,68,6801000,6801000-038,21鄰,平東路,,282巷,6弄,,,9號,121.247692440115,24.9161780646754
桃園市平鎮區華安里21鄰平東路282巷6弄10號,68,6801000,6801000-038,21鄰,平東路,,282巷,6弄,,,10號,121.247753422039,24.9160775672405
桃園市平鎮區華安里21鄰平東路282巷6弄11號,68,6801000,6801000-038,21鄰,平東路,,282巷,6弄,,,11號,121.247760740921,24.9162226419435
桃園市平鎮區華安里21鄰平東路282巷6弄12號,68,6801000,6801000-038,21鄰,平東路,,282巷,6弄,,,12號,121.247808429475,24.9161085336429
桃園市平鎮區華安里21鄰平東路282巷6弄13號,68,6801000,6801000-038,21鄰,平東路,,282巷,6弄,,,13號,121.247854000813,24.9162725947573
桃園市平鎮區華安里21鄰平東路282巷6弄14號,68,6801000,6801000-038,21鄰,平東路,,282巷,6弄,,,14號,121.247871371252,24.9161466192965
桃園市平鎮區華安里21鄰平東路282巷6弄15號,68,6801000,6801000-038,21鄰,平東路,,282巷,6弄,,,15號,121.247924482275,24.916318432305
桃園市平鎮區華安里21鄰平東路282巷6弄16號,68,6801000,6801000-038,21鄰,平東路,,282巷,6弄,,,16號,121.247911544153,24.9161853747656
桃園市平鎮區華安里21鄰平東路282巷6弄17號,68,6801000,6801000-038,21鄰,平東路,,282巷,6弄,,,17號,121.247984753697,24.9163577863283
桃園市平鎮區華安里21鄰平東路282巷6弄18號,68,6801000,6801000-038,21鄰,平東路,,282巷,6弄,,,18號,121.247990217741,24.9162187394318
桃園市平鎮區華安里21鄰平東路282巷6弄19號,68,6801000,6801000-038,21鄰,平東路,,282巷,6弄,,,19號,121.247954445073,24.9164001800577
桃園市平鎮區華安里21鄰平東路282巷6弄20號,68,6801000,6801000-038,21鄰,平東路,,282巷,6弄,,,20號,121.248032173259,24.9162577627561
桃園市平鎮區華安里21鄰平東路282巷6弄22號,68,6801000,6801000-038,21鄰,平東路,,282巷,6弄,,,22號,121.248090931318,24.91628294462
桃園市平鎮區華安里21鄰平東路282巷7弄1號,68,6801000,6801000-038,21鄰,平東路,,282巷,7弄,,,1號,121.247545041665,24.9154411381083
桃園市平鎮區華安里21鄰平東路282巷7弄2號,68,6801000,6801000-038,21鄰,平東路,,282巷,7弄,,,2號,121.247478078971,24.9155211508536
桃園市平鎮區華安里21鄰平東路282巷7弄3號,68,6801000,6801000-038,21鄰,平東路,,282巷,7弄,,,3號,121.247494462575,24.9153966216088
桃園市平鎮區華安里21鄰平東路282巷7弄4號,68,6801000,6801000-038,21鄰,平東路,,282巷,7弄,,,4號,121.247429294123,24.9154827706879
桃園市平鎮區華安里21鄰平東路282巷7弄5號,68,6801000,6801000-038,21鄰,平東路,,282巷,7弄,,,5號,121.247444302396,24.9153635705036
桃園市平鎮區華安里21鄰平東路282巷7弄6號,68,6801000,6801000-038,21鄰,平東路,,282巷,7弄,,,6號,121.247381503989,24.9154467362477
桃園市平鎮區華安里21鄰平東路282巷7弄7號,68,6801000,6801000-038,21鄰,平東路,,282巷,7弄,,,7號,121.247401062527,24.9153256325485
桃園市平鎮區華安里21鄰平東路282巷7弄8號,68,6801000,6801000-038,21鄰,平東路,,282巷,7弄,,,8號,121.247327376072,24.9154098094598
桃園市平鎮區華安里21鄰平東路282巷7弄9號,68,6801000,6801000-038,21鄰,平東路,,282巷,7弄,,,9號,121.247344270298,24.9152930438325
桃園市平鎮區華安里21鄰平東路282巷7弄10號,68,6801000,6801000-038,21鄰,平東路,,282巷,7弄,,,10號,121.247279090995,24.915373775807
桃園市平鎮區華安里21鄰平東路282巷7弄11號,68,6801000,6801000-038,21鄰,平東路,,282巷,7弄,,,11號,121.247298064262,24.9152570067368
桃園市平鎮區華安里21鄰平東路282巷7弄12號,68,6801000,6801000-038,21鄰,平東路,,282巷,7弄,,,12號,121.247226249062,24.9153363051434
桃園市平鎮區華安里21鄰平東路282巷7弄13號,68,6801000,6801000-038,21鄰,平東路,,282巷,7弄,,,13號,121.247241269212,24.9152229734366
桃園市平鎮區華安里21鄰平東路282巷7弄14號,68,6801000,6801000-038,21鄰,平東路,,282巷,7弄,,,14號,121.247181128266,24.9152983702421
桃園市平鎮區華安里20鄰平東路282巷9號,68,6801000,6801000-038,20鄰,平東路,,282巷,,,,9號,121.247565514684,24.9155798710986
桃園市平鎮區華安里20鄰平東路282巷11號,68,6801000,6801000-038,20鄰,平東路,,282巷,,,,11號,121.247535779744,24.9156120616686
桃園市平鎮區華安里22鄰平東路282巷12號,68,6801000,6801000-038,22鄰,平東路,,282巷,,,,12號,121.247380909364,24.9161909507257
桃園市平鎮區華安里22鄰平東路282巷14號,68,6801000,6801000-038,22鄰,平東路,,282巷,,,,14號,121.247357909526,24.9162247552035
桃園市平鎮區華安里22鄰平東路282巷16號,68,6801000,6801000-038,22鄰,平東路,,282巷,,,,16號,121.247327866393,24.9162514388996
桃園市平鎮區華安里22鄰平東路282巷18號,68,6801000,6801000-038,22鄰,平東路,,282巷,,,,18號,121.247304369005,24.9162839802141
桃園市平鎮區華安里22鄰平東路282巷20號,68,6801000,6801000-038,22鄰,平東路,,282巷,,,,20號,121.247280878265,24.9163198620327
桃園市平鎮區華安里22鄰平東路282巷22號,68,6801000,6801000-038,22鄰,平東路,,282巷,,,,22號,121.247257373112,24.9163485211278
桃園市平鎮區華安里22鄰平東路282巷24號,68,6801000,6801000-038,22鄰,平東路,,282巷,,,,24號,121.247229815389,24.9163804371723
桃園市平鎮區華安里22鄰平東路282巷26號,68,6801000,6801000-038,22鄰,平東路,,282巷,,,,26號,121.247198797837,24.9164149771913
桃園市平鎮區華安里22鄰平東路282巷28號,68,6801000,6801000-038,22鄰,平東路,,282巷,,,,28號,121.247183108687,24.9164410953582
桃園市平鎮區華安里22鄰平東路282巷30號,68,6801000,6801000-038,22鄰,平東路,,282巷,,,,30號,121.247159603668,24.9164698447218
桃園市平鎮區華安里23鄰平東路282巷32弄23衖10號,68,6801000,6801000-038,23鄰,平東路,,282巷,32弄,,,23衖10號,121.247457227779,24.9172271974685
桃園市平鎮區華安里23鄰平東路282巷32弄23衖11號,68,6801000,6801000-038,23鄰,平東路,,282巷,32弄,,,23衖11號,121.247308258066,24.9171916920166
桃園市平鎮區華安里23鄰平東路282巷32弄23衖12號,68,6801000,6801000-038,23鄰,平東路,,282巷,32弄,,,23衖12號,121.247428480274,24.9172583029626
桃園市平鎮區華安里23鄰平東路282巷32弄23衖14號,68,6801000,6801000-038,23鄰,平東路,,282巷,32弄,,,23衖14號,121.247408141592,24.9172862345506
桃園市平鎮區華安里23鄰平東路282巷32弄23衖1號,68,6801000,6801000-038,23鄰,平東路,,282巷,32弄,,,23衖1號,121.247445144067,24.917025973849
桃園市平鎮區華安里23鄰平東路282巷32弄23衖2號,68,6801000,6801000-038,23鄰,平東路,,282巷,32弄,,,23衖2號,121.247558749485,24.9171008115409
桃園市平鎮區華安里23鄰平東路282巷32弄23衖3號,68,6801000,6801000-038,23鄰,平東路,,282巷,32弄,,,23衖3號,121.247411168619,24.9170666581492
桃園市平鎮區華安里23鄰平東路282巷32弄23衖4號,68,6801000,6801000-038,23鄰,平東路,,282巷,32弄,,,23衖4號,121.247529992485,24.9171271320035
桃園市平鎮區華安里23鄰平東路282巷32弄23衖5號,68,6801000,6801000-038,23鄰,平東路,,282巷,32弄,,,23衖5號,121.247387658674,24.9170929698792
桃園市平鎮區華安里23鄰平東路282巷32弄23衖6號,68,6801000,6801000-038,23鄰,平東路,,282巷,32弄,,,23衖6號,121.247503823746,24.9171605806232
桃園市平鎮區華安里23鄰平東路282巷32弄23衖7號,68,6801000,6801000-038,23鄰,平東路,,282巷,32弄,,,23衖7號,121.247354753118,24.9171240822574
桃園市平鎮區華安里23鄰平東路282巷32弄23衖9號,68,6801000,6801000-038,23鄰,平東路,,282巷,32弄,,,23衖9號,121.247329179602,24.9171581618495
桃園市平鎮區華安里23鄰平東路282巷32弄7衖11號,68,6801000,6801000-038,23鄰,平東路,,282巷,32弄,,,7衖11號,121.24702927612,24.9169956055242
桃園市平鎮區華安里23鄰平東路282巷32弄23衖8號,68,6801000,6801000-038,23鄰,平東路,,282巷,32弄,,,23衖8號,121.247478055143,24.9171961051127
桃園市平鎮區華安里23鄰平東路282巷32弄7衖10號,68,6801000,6801000-038,23鄰,平東路,,282巷,32弄,,,7衖10號,121.247157179981,24.9170420705717
桃園市平鎮區華安里22鄰平東路282巷32弄8衖10號,68,6801000,6801000-038,22鄰,平東路,,282巷,32弄,,,8衖10號,121.24744509014,24.9164531201222
桃園市平鎮區華安里22鄰平東路282巷32弄8衖11號,68,6801000,6801000-038,22鄰,平東路,,282巷,32弄,,,8衖11號,121.247649937997,24.9164106173186
桃園市平鎮區華安里22鄰平東路282巷32弄8衖14號,68,6801000,6801000-038,22鄰,平東路,,282巷,32弄,,,8衖14號,121.247498170342,24.9163616643336
桃園市平鎮區華安里22鄰平東路282巷32弄8衖12號,68,6801000,6801000-038,22鄰,平東路,,282巷,32弄,,,8衖12號,121.247479527808,24.9163960935879
桃園市平鎮區華安里22鄰平東路282巷32弄8衖13號,68,6801000,6801000-038,22鄰,平東路,,282巷,32弄,,,8衖13號,121.247673844122,24.9163844854566
桃園市平鎮區華安里22鄰平東路282巷32弄8衖1號,68,6801000,6801000-038,22鄰,平東路,,282巷,32弄,,,8衖1號,121.24747993586,24.9166005868324
桃園市平鎮區華安里22鄰平東路282巷32弄8衖2號,68,6801000,6801000-038,22鄰,平東路,,282巷,32弄,,,8衖2號,121.24728668893,24.9165528761598
桃園市平鎮區華安里22鄰平東路282巷32弄8衖3號,68,6801000,6801000-038,22鄰,平東路,,282巷,32弄,,,8衖3號,121.247584028071,24.9165718842178
桃園市平鎮區華安里22鄰平東路282巷32弄8衖4號,68,6801000,6801000-038,22鄰,平東路,,282巷,32弄,,,8衖4號,121.247329601945,24.9165756469204
桃園市平鎮區華安里22鄰平東路282巷32弄8衖5號,68,6801000,6801000-038,22鄰,平東路,,282巷,32弄,,,8衖5號,121.247616907647,24.9165278611775
桃園市平鎮區華安里22鄰平東路282巷32弄8衖6號,68,6801000,6801000-038,22鄰,平東路,,282巷,32弄,,,8衖6號,121.247358065137,24.9166006084602
桃園市平鎮區華安里22鄰平東路282巷32弄8衖8號,68,6801000,6801000-038,22鄰,平東路,,282巷,32弄,,,8衖8號,121.247427329581,24.9164830336917
桃園市平鎮區華安里22鄰平東路282巷32弄8衖9號,68,6801000,6801000-038,22鄰,平東路,,282巷,32弄,,,8衖9號,121.247629616447,24.9164470356339
桃園市平鎮區華安里22鄰平東路282巷32弄8衖7號,68,6801000,6801000-038,22鄰,平東路,,282巷,32弄,,,8衖7號,121.247603532999,24.916473532241
桃園市平鎮區華安里23鄰平東路282巷32弄7衖12號,68,6801000,6801000-038,23鄰,平東路,,282巷,32弄,,,7衖12號,121.247146757073,24.9170778404236
桃園市平鎮區華安里23鄰平東路282巷32弄7衖1號,68,6801000,6801000-038,23鄰,平東路,,282巷,32弄,,,7衖1號,121.247152521514,24.9168406540454
桃園市平鎮區華安里23鄰平東路282巷32弄7衖2號,68,6801000,6801000-038,23鄰,平東路,,282巷,32弄,,,7衖2號,121.247262758201,24.9169143238541
桃園市平鎮區華安里23鄰平東路282巷32弄7衖3號,68,6801000,6801000-038,23鄰,平東路,,282巷,32弄,,,7衖3號,121.247121204663,24.9168741111315
桃園市平鎮區華安里23鄰平東路282巷32弄7衖4號,68,6801000,6801000-038,23鄰,平東路,,282巷,32弄,,,7衖4號,121.247234024937,24.916952561747
桃園市平鎮區華安里23鄰平東路282巷32弄7衖5號,68,6801000,6801000-038,23鄰,平東路,,282巷,32弄,,,7衖5號,121.247101564739,24.9169049306185
桃園市平鎮區華安里23鄰平東路282巷32弄7衖6號,68,6801000,6801000-038,23鄰,平東路,,282巷,32弄,,,7衖6號,121.247210529373,24.9169860961687
桃園市平鎮區華安里23鄰平東路282巷32弄7衖7號,68,6801000,6801000-038,23鄰,平東路,,282巷,32弄,,,7衖7號,121.247079040276,24.9169289835605
桃園市平鎮區華安里23鄰平東路282巷32弄7衖9號,68,6801000,6801000-038,23鄰,平東路,,282巷,32弄,,,7衖9號,121.247053857333,24.9169603539307
桃園市平鎮區華安里23鄰平東路282巷32弄7衖8號,68,6801000,6801000-038,23鄰,平東路,,282巷,32弄,,,7衖8號,121.247188506221,24.917013308246
桃園市平鎮區華安里23鄰平東路282巷32弄1號,68,6801000,6801000-038,23鄰,平東路,,282巷,32弄,,,1號,121.247144466343,24.9167232075337
桃園市平鎮區華安里22鄰平東路282巷32弄2號,68,6801000,6801000-038,22鄰,平東路,,282巷,32弄,,,2號,121.247472199414,24.9162957096142
桃園市平鎮區華安里23鄰平東路282巷32弄3號,68,6801000,6801000-038,23鄰,平東路,,282巷,32弄,,,3號,121.247189059713,24.9167446212849
桃園市平鎮區華安里22鄰平東路282巷32弄4號,68,6801000,6801000-038,22鄰,平東路,,282巷,32弄,,,4號,121.247500046763,24.9163097477503
桃園市平鎮區華安里23鄰平東路282巷32弄5號,68,6801000,6801000-038,23鄰,平東路,,282巷,32弄,,,5號,121.247230966027,24.9167589973028
桃園市平鎮區華安里22鄰平東路282巷32弄6號,68,6801000,6801000-038,22鄰,平東路,,282巷,32弄,,,6號,121.247532477891,24.9163386751814
桃園市平鎮區華安里23鄰平東路282巷32弄9號,68,6801000,6801000-038,23鄰,平東路,,282巷,32弄,,,9號,121.247317981112,24.9168049882912
桃園市平鎮區華安里22鄰平東路282巷32弄10號,68,6801000,6801000-038,22鄰,平東路,,282巷,32弄,,,10號,121.247436005554,24.916663407311
桃園市平鎮區華安里23鄰平東路282巷32弄11號,68,6801000,6801000-038,23鄰,平東路,,282巷,32弄,,,11號,121.247359906189,24.9168287538074
桃園市平鎮區華安里22鄰平東路282巷32弄12號,68,6801000,6801000-038,22鄰,平東路,,282巷,32弄,,,12號,121.247472773176,24.9166824865703
桃園市平鎮區華安里23鄰平東路282巷32弄13號,68,6801000,6801000-038,23鄰,平東路,,282巷,32弄,,,13號,121.247392418053,24.916848472135
桃園市平鎮區華安里22鄰平東路282巷32弄14號,68,6801000,6801000-038,22鄰,平東路,,282巷,32弄,,,14號,121.247504194564,24.9167014844093
桃園市平鎮區華安里23鄰平東路282巷32弄15號,68,6801000,6801000-038,23鄰,平東路,,282巷,32弄,,,15號,121.247423944957,24.9168707200496
桃園市平鎮區華安里22鄰平東路282巷32弄16號,68,6801000,6801000-038,22鄰,平東路,,282巷,32弄,,,16號,121.247536314017,24.9167230090429
桃園市平鎮區華安里23鄰平東路282巷32弄17號,68,6801000,6801000-038,23鄰,平東路,,282巷,32弄,,,17號,121.247459604168,24.9168800504472
桃園市平鎮區華安里22鄰平東路282巷32弄18號,68,6801000,6801000-038,22鄰,平東路,,282巷,32弄,,,18號,121.247570422876,24.9167492251499
桃園市平鎮區華安里23鄰平東路282巷32弄19號,68,6801000,6801000-038,23鄰,平東路,,282巷,32弄,,,19號,121.24749103047,24.9169014859558
桃園市平鎮區華安里22鄰平東路282巷32弄20號,68,6801000,6801000-038,22鄰,平東路,,282巷,32弄,,,20號,121.247604516789,24.9167679476777
桃園市平鎮區華安里23鄰平東路282巷32弄21號,68,6801000,6801000-038,23鄰,平東路,,282巷,32弄,,,21號,121.247528995557,24.9169252579957
桃園市平鎮區華安里22鄰平東路282巷32弄22號,68,6801000,6801000-038,22鄰,平東路,,282巷,32弄,,,22號,121.2476412796,24.9167845892271
桃園市平鎮區華安里22鄰平東路282巷32弄24號,68,6801000,6801000-038,22鄰,平東路,,282巷,32弄,,,24號,121.247670136743,24.9168084666402
桃園市平鎮區華安里23鄰平東路282巷32弄25號,68,6801000,6801000-038,23鄰,平東路,,282巷,32弄,,,25號,121.247588676338,24.9170158043453
桃園市平鎮區華安里22鄰平東路282巷32弄26號,68,6801000,6801000-038,22鄰,平東路,,282巷,32弄,,,26號,121.247704240785,24.9168322450482
桃園市平鎮區華安里23鄰平東路282巷32弄27號,68,6801000,6801000-038,23鄰,平東路,,282巷,32弄,,,27號,121.247622775735,24.9170372353873
桃園市平鎮區華安里22鄰平東路282巷32弄28號,68,6801000,6801000-038,22鄰,平東路,,282巷,32弄,,,28號,121.247729916745,24.9168495369806
桃園市平鎮區華安里23鄰平東路282巷32弄29號,68,6801000,6801000-038,23鄰,平東路,,282巷,32弄,,,29號,121.247657858128,24.9170551437017
桃園市平鎮區華安里22鄰平東路282巷32弄30號,68,6801000,6801000-038,22鄰,平東路,,282巷,32弄,,,30號,121.24776402099,24.9168734056585
桃園市平鎮區華安里23鄰平東路282巷32弄31號,68,6801000,6801000-038,23鄰,平東路,,282巷,32弄,,,31號,121.247686724714,24.9170837158775
桃園市平鎮區華安里22鄰平東路282巷32弄32號,68,6801000,6801000-038,22鄰,平東路,,282巷,32弄,,,32號,121.247782622624,24.9169176140522
桃園市平鎮區華安里23鄰平東路282巷32弄33號,68,6801000,6801000-038,23鄰,平東路,,282巷,32弄,,,33號,121.247721512468,24.9171027983618
桃園市平鎮區華安里22鄰平東路282巷32弄34號,68,6801000,6801000-038,22鄰,平東路,,282巷,32弄,,,34號,121.247840210562,24.9169020797425
桃園市平鎮區華安里23鄰平東路282巷32弄35號,68,6801000,6801000-038,23鄰,平東路,,282巷,32弄,,,35號,121.247755611912,24.9171242293728
桃園市平鎮區華安里23鄰平東路282巷32弄37號,68,6801000,6801000-038,23鄰,平東路,,282巷,32弄,,,37號,121.247789711368,24.9171456603759
桃園市平鎮區華安里23鄰平東路282巷32弄39號,68,6801000,6801000-038,23鄰,平東路,,282巷,32弄,,,39號,121.247821128232,24.9171623107621
桃園市平鎮區華安里23鄰平東路282巷34號,68,6801000,6801000-038,23鄰,平東路,,282巷,,,,34號,121.247019486916,24.9166039684874
桃園市平鎮區華安里23鄰平東路282巷36號,68,6801000,6801000-038,23鄰,平東路,,282巷,,,,36號,121.246997475477,24.9166370489972
桃園市平鎮區華安里23鄰平東路282巷38號,68,6801000,6801000-038,23鄰,平東路,,282巷,,,,38號,121.246971787319,24.9166632739867
桃園市平鎮區華安里23鄰平東路282巷40號,68,6801000,6801000-038,23鄰,平東路,,282巷,,,,40號,121.246949773879,24.9166953613655
桃園市平鎮區華安里23鄰平東路282巷42號,68,6801000,6801000-038,23鄰,平東路,,282巷,,,,42號,121.246929738654,24.9167265426225
桃園市平鎮區華安里23鄰平東路282巷44號,68,6801000,6801000-038,23鄰,平東路,,282巷,,,,44號,121.246905049282,24.9167571898767
桃園市平鎮區華安里23鄰平東路282巷46號,68,6801000,6801000-038,23鄰,平東路,,282巷,,,,46號,121.246877588582,24.9167882028519
桃園市平鎮區華安里23鄰平東路282巷48號,68,6801000,6801000-038,23鄰,平東路,,282巷,,,,48號,121.246850817284,24.9168174089951
桃園市平鎮區華安里23鄰平東路282巷50號,68,6801000,6801000-038,23鄰,平東路,,282巷,,,,50號,121.246831478797,24.9168504850554
桃園市平鎮區華安里23鄰平東路282巷52號,68,6801000,6801000-038,23鄰,平東路,,282巷,,,,52號,121.246795006242,24.9168801586668
桃園市平鎮區華安里23鄰平東路282巷54號,68,6801000,6801000-038,23鄰,平東路,,282巷,,,,54號,121.246762310271,24.9169171390478
桃園市平鎮區華安里24鄰平東路282巷56弄1號,68,6801000,6801000-038,24鄰,平東路,,282巷,56弄,,,1號,121.246752354708,24.9170883345335
桃園市平鎮區華安里24鄰平東路282巷56弄2號,68,6801000,6801000-038,24鄰,平東路,,282巷,56弄,,,2號,121.246845902296,24.9169842624989
桃園市平鎮區華安里24鄰平東路282巷56弄3號,68,6801000,6801000-038,24鄰,平東路,,282巷,56弄,,,3號,121.246794393148,24.9171193227634
桃園市平鎮區華安里24鄰平東路282巷56弄4號,68,6801000,6801000-038,24鄰,平東路,,282巷,56弄,,,4號,121.246887744878,24.9170163344386
桃園市平鎮區華安里24鄰平東路282巷56弄5號,68,6801000,6801000-038,24鄰,平東路,,282巷,56弄,,,5號,121.246837302677,24.9171402879834
桃園市平鎮區華安里24鄰平東路282巷56弄6號,68,6801000,6801000-038,24鄰,平東路,,282巷,56弄,,,6號,121.246934231023,24.9170436136099
桃園市平鎮區華安里24鄰平東路282巷56弄7號,68,6801000,6801000-038,24鄰,平東路,,282巷,56弄,,,7號,121.246878048385,24.9171683892318
桃園市平鎮區華安里24鄰平東路282巷56弄8號,68,6801000,6801000-038,24鄰,平東路,,282巷,56弄,,,8號,121.246973478573,24.9170651265604
桃園市平鎮區華安里24鄰平東路282巷56弄9號,68,6801000,6801000-038,24鄰,平東路,,282巷,56弄,,,9號,121.246928721773,24.9172102875262
桃園市平鎮區華安里24鄰平東路282巷56弄10號,68,6801000,6801000-038,24鄰,平東路,,282巷,56弄,,,10號,121.247004163894,24.917112204136
桃園市平鎮區華安里24鄰平東路282巷56弄11號,68,6801000,6801000-038,24鄰,平東路,,282巷,56弄,,,11號,121.246943266431,24.9172556764375
桃園市平鎮區華安里24鄰平東路282巷56弄12號,68,6801000,6801000-038,24鄰,平東路,,282巷,56弄,,,12號,121.247052050151,24.9171465231251
桃園市平鎮區華安里24鄰平東路282巷56弄13號,68,6801000,6801000-038,24鄰,平東路,,282巷,56弄,,,13號,121.247203267685,24.9174157711182
桃園市平鎮區華安里24鄰平東路282巷56弄14號,68,6801000,6801000-038,24鄰,平東路,,282巷,56弄,,,14號,121.247289436638,24.9173350946713
桃園市平鎮區華安里24鄰平東路282巷56弄15號,68,6801000,6801000-038,24鄰,平東路,,282巷,56弄,,,15號,121.247244518474,24.9174488370626
桃園市平鎮區華安里24鄰平東路282巷56弄16號,68,6801000,6801000-038,24鄰,平東路,,282巷,56弄,,,16號,121.2473286793,24.9173540795748
桃園市平鎮區華安里24鄰平東路282巷56弄17號,68,6801000,6801000-038,24鄰,平東路,,282巷,56弄,,,17號,121.247284866748,24.917476126298
桃園市平鎮區華安里24鄰平東路282巷56弄18號,68,6801000,6801000-038,24鄰,平東路,,282巷,56弄,,,18號,121.247363197443,24.9173868857999
桃園市平鎮區華安里24鄰平東路282巷56弄19號,68,6801000,6801000-038,24鄰,平東路,,282巷,56弄,,,19號,121.24732354065,24.9175077519446
桃園市平鎮區華安里24鄰平東路282巷56弄20號,68,6801000,6801000-038,24鄰,平東路,,282巷,56弄,,,20號,121.247410888963,24.9174227398271
桃園市平鎮區華安里24鄰平東路282巷56弄21號,68,6801000,6801000-038,24鄰,平東路,,282巷,56弄,,,21號,121.247360042294,24.9175422702812
桃園市平鎮區華安里24鄰平東路282巷56弄22號,68,6801000,6801000-038,24鄰,平東路,,282巷,56弄,,,22號,121.247473670854,24.9174300389641
桃園市平鎮區華安里24鄰平東路282巷56弄23號,68,6801000,6801000-038,24鄰,平東路,,282巷,56弄,,,23號,121.24740187367,24.917568563897
桃園市平鎮區華安里24鄰平東路282巷56弄24號,68,6801000,6801000-038,24鄰,平東路,,282巷,56弄,,,24號,121.247516000649,24.9174580471225
桃園市平鎮區華安里24鄰平東路282巷56弄25號,68,6801000,6801000-038,24鄰,平東路,,282巷,56弄,,,25號,121.247440460338,24.9176060581354
桃園市平鎮區華安里24鄰平東路282巷56弄26號,68,6801000,6801000-038,24鄰,平東路,,282巷,56弄,,,26號,121.247555286276,24.9174985195529
桃園市平鎮區華安里24鄰平東路282巷58號,68,6801000,6801000-038,24鄰,平東路,,282巷,,,,58號,121.246684188391,24.9170118862328
桃園市平鎮區華安里24鄰平東路282巷60號,68,6801000,6801000-038,24鄰,平東路,,282巷,,,,60號,121.246641867125,24.9170377775414
桃園市平鎮區華安里24鄰平東路282巷62號,68,6801000,6801000-038,24鄰,平東路,,282巷,,,,62號,121.246601059587,24.917078111821
桃園市平鎮區華安里24鄰平東路282巷64號,68,6801000,6801000-038,24鄰,平東路,,282巷,,,,64號,121.246564016235,24.9171195232772
桃園市平鎮區華安里25鄰平東路282巷66弄1號,68,6801000,6801000-038,25鄰,平東路,,282巷,66弄,,,1號,121.246584694713,24.9172624091135
桃園市平鎮區華安里25鄰平東路282巷66弄2號,68,6801000,6801000-038,25鄰,平東路,,282巷,66弄,,,2號,121.246665010842,24.9171756936545
桃園市平鎮區華安里25鄰平東路282巷66弄3號,68,6801000,6801000-038,25鄰,平東路,,282巷,66弄,,,3號,121.246618728399,24.917300633371
桃園市平鎮區華安里25鄰平東路282巷66弄4號,68,6801000,6801000-038,25鄰,平東路,,282巷,66弄,,,4號,121.246704390435,24.9172138187659
桃園市平鎮區華安里25鄰平東路282巷66弄5號,68,6801000,6801000-038,25鄰,平東路,,282巷,66弄,,,5號,121.246668277361,24.9173247476087
桃園市平鎮區華安里25鄰平東路282巷66弄6號,68,6801000,6801000-038,25鄰,平東路,,282巷,66弄,,,6號,121.246750285839,24.9172427240881
桃園市平鎮區華安里25鄰平東路282巷66弄7號,68,6801000,6801000-038,25鄰,平東路,,282巷,66弄,,,7號,121.246710235717,24.9173652158433
桃園市平鎮區華安里25鄰平東路282巷66弄8號,68,6801000,6801000-038,25鄰,平東路,,282巷,66弄,,,8號,121.246789646616,24.9172713693575
桃園市平鎮區華安里25鄰平東路282巷66弄9號,68,6801000,6801000-038,25鄰,平東路,,282巷,66弄,,,9號,121.246744053864,24.9173945925679
桃園市平鎮區華安里25鄰平東路282巷66弄10號,68,6801000,6801000-038,25鄰,平東路,,282巷,66弄,,,10號,121.246831307988,24.9173118380497
桃園市平鎮區華安里25鄰平東路282巷66弄11號,68,6801000,6801000-038,25鄰,平東路,,282巷,66弄,,,11號,121.246783512432,24.9174226056862
桃園市平鎮區華安里25鄰平東路282巷66弄12號,68,6801000,6801000-038,25鄰,平東路,,282巷,66弄,,,12號,121.246873233325,24.9173356939845
桃園市平鎮區華安里25鄰平東路282巷66弄13號,68,6801000,6801000-038,25鄰,平東路,,282巷,66弄,,,13號,121.247025468421,24.9176188442468
桃園市平鎮區華安里25鄰平東路282巷66弄14號,68,6801000,6801000-038,25鄰,平東路,,282巷,66弄,,,14號,121.247118828066,24.9175197379941
桃園市平鎮區華安里25鄰平東路282巷66弄15號,68,6801000,6801000-038,25鄰,平東路,,282巷,66弄,,,15號,121.247077892781,24.9176450301213
桃園市平鎮區華安里25鄰平東路282巷66弄16號,68,6801000,6801000-038,25鄰,平東路,,282巷,66弄,,,16號,121.247155619645,24.9175507348135
桃園市平鎮區華安里25鄰平東路282巷66弄17號,68,6801000,6801000-038,25鄰,平東路,,282巷,66弄,,,17號,121.247095813507,24.917695379056
桃園市平鎮區華安里25鄰平東路282巷66弄18號,68,6801000,6801000-038,25鄰,平東路,,282巷,66弄,,,18號,121.247192104699,24.9175769470649
桃園市平鎮區華安里25鄰平東路282巷66弄19號,68,6801000,6801000-038,25鄰,平東路,,282巷,66弄,,,19號,121.247139105441,24.917709391663
桃園市平鎮區華安里25鄰平東路282巷66弄20號,68,6801000,6801000-038,25鄰,平東路,,282巷,66弄,,,20號,121.247233081752,24.9176216601373
桃園市平鎮區華安里25鄰平東路282巷66弄21號,68,6801000,6801000-038,25鄰,平東路,,282巷,66弄,,,21號,121.247178509104,24.9177594341294
桃園市平鎮區華安里25鄰平東路282巷66弄22號,68,6801000,6801000-038,25鄰,平東路,,282巷,66弄,,,22號,121.247267200337,24.91765266136
桃園市平鎮區華安里25鄰平東路282巷66弄23號,68,6801000,6801000-038,25鄰,平東路,,282巷,66弄,,,23號,121.247229217043,24.917768829919
桃園市平鎮區華安里25鄰平東路282巷66弄24號,68,6801000,6801000-038,25鄰,平東路,,282巷,66弄,,,24號,121.247311729991,24.9176915903255
桃園市平鎮區華安里25鄰平東路282巷66弄25號,68,6801000,6801000-038,25鄰,平東路,,282巷,66弄,,,25號,121.247261271206,24.9178071475913
桃園市平鎮區華安里25鄰平東路282巷66弄26號,68,6801000,6801000-038,25鄰,平東路,,282巷,66弄,,,26號,121.247353768775,24.9177225783925
桃園市平鎮區華安里26鄰平東路282巷68號,68,6801000,6801000-038,26鄰,平東路,,282巷,,,,68號,121.246511820652,24.9172082687393
桃園市平鎮區華安里26鄰平東路282巷70號,68,6801000,6801000-038,26鄰,平東路,,282巷,,,,70號,121.246467545447,24.9172473447342
桃園市平鎮區華安里26鄰平東路282巷72號,68,6801000,6801000-038,26鄰,平東路,,282巷,,,,72號,121.246429207802,24.9172851469243
桃園市平鎮區華安里26鄰平東路282巷74號,68,6801000,6801000-038,26鄰,平東路,,282巷,,,,74號,121.246396409924,24.9173207731283
桃園市平鎮區華安里26鄰平東路282巷76弄1號,68,6801000,6801000-038,26鄰,平東路,,282巷,76弄,,,1號,121.24631857035,24.9174083871949
桃園市平鎮區華安里26鄰平東路282巷76弄2號,68,6801000,6801000-038,26鄰,平東路,,282巷,76弄,,,2號,121.246472281327,24.9173886318156
桃園市平鎮區華安里26鄰平東路282巷76弄3號,68,6801000,6801000-038,26鄰,平東路,,282巷,76弄,,,3號,121.246385601367,24.9174615441889
桃園市平鎮區華安里26鄰平東路282巷76弄4號,68,6801000,6801000-038,26鄰,平東路,,282巷,76弄,,,4號,121.246516898512,24.9174219632515
桃園市平鎮區華安里26鄰平東路282巷76弄5號,68,6801000,6801000-038,26鄰,平東路,,282巷,76弄,,,5號,121.246442002823,24.9174963910091
桃園市平鎮區華安里26鄰平東路282巷76弄6號,68,6801000,6801000-038,26鄰,平東路,,282巷,76弄,,,6號,121.246538657614,24.9174610203754
桃園市平鎮區華安里26鄰平東路282巷76弄7號,68,6801000,6801000-038,26鄰,平東路,,282巷,76弄,,,7號,121.246478704736,24.9175321732119
桃園市平鎮區華安里26鄰平東路282巷76弄8號,68,6801000,6801000-038,26鄰,平東路,,282巷,76弄,,,8號,121.246585551347,24.9174940771736
桃園市平鎮區華安里26鄰平東路282巷76弄9號,68,6801000,6801000-038,26鄰,平東路,,282巷,76弄,,,9號,121.246525196012,24.9175619804597
桃園市平鎮區華安里26鄰平東路282巷76弄10號,68,6801000,6801000-038,26鄰,平東路,,282巷,76弄,,,10號,121.246635406183,24.9175226148452
桃園市平鎮區華安里26鄰平東路282巷76弄11號,68,6801000,6801000-038,26鄰,平東路,,282巷,76弄,,,11號,121.246597803801,24.9176314695919
桃園市平鎮區華安里26鄰平東路282巷76弄12號,68,6801000,6801000-038,26鄰,平東路,,282巷,76弄,,,12號,121.24667478121,24.9175583925783
桃園市平鎮區華安里26鄰平東路282巷76弄13號,68,6801000,6801000-038,26鄰,平東路,,282巷,76弄,,,13號,121.246834310662,24.9178256409289
桃園市平鎮區華安里26鄰平東路282巷76弄14號,68,6801000,6801000-038,26鄰,平東路,,282巷,76弄,,,14號,121.246920845947,24.9177297963309
桃園市平鎮區華安里26鄰平東路282巷76弄15號,68,6801000,6801000-038,26鄰,平東路,,282巷,76弄,,,15號,121.246885320822,24.9178376545793
桃園市平鎮區華安里26鄰平東路282巷76弄16號,68,6801000,6801000-038,26鄰,平東路,,282巷,76弄,,,16號,121.246981384364,24.9177538922648
桃園市平鎮區華安里26鄰平東路282巷76弄17號,68,6801000,6801000-038,26鄰,平東路,,282巷,76弄,,,17號,121.246910652998,24.9178811296596
桃園市平鎮區華安里26鄰平東路282巷76弄18號,68,6801000,6801000-038,26鄰,平東路,,282巷,76弄,,,18號,121.247023319231,24.9177824429216
桃園市平鎮區華安里26鄰平東路282巷76弄19號,68,6801000,6801000-038,26鄰,平東路,,282巷,76弄,,,19號,121.246940931705,24.9179227908586
桃園市平鎮區華安里26鄰平東路282巷76弄20號,68,6801000,6801000-038,26鄰,平東路,,282巷,76弄,,,20號,121.247060110865,24.9178134397632
桃園市平鎮區華安里26鄰平東路282巷76弄21號,68,6801000,6801000-038,26鄰,平東路,,282巷,76弄,,,21號,121.246982989536,24.917963349131
桃園市平鎮區華安里26鄰平東路282巷76弄22號,68,6801000,6801000-038,26鄰,平東路,,282巷,76弄,,,22號,121.247090661247,24.9178423703986
桃園市平鎮區華安里26鄰平東路282巷76弄23號,68,6801000,6801000-038,26鄰,平東路,,282巷,76弄,,,23號,121.247013134398,24.9179874953867
桃園市平鎮區華安里26鄰平東路282巷76弄24號,68,6801000,6801000-038,26鄰,平東路,,282巷,76弄,,,24號,121.247135278942,24.9178757919289
桃園市平鎮區華安里26鄰平東路282巷76弄25號,68,6801000,6801000-038,26鄰,平東路,,282巷,76弄,,,25號,121.247068446166,24.9180218020643
桃園市平鎮區華安里26鄰平東路282巷76弄26號,68,6801000,6801000-038,26鄰,平東路,,282巷,76弄,,,26號,121.247171976308,24.9179091362895
桃園市平鎮區華安里26鄰平東路282巷78號,68,6801000,6801000-038,26鄰,平東路,,282巷,,,,78號,121.246323314545,24.91740440685
桃園市平鎮區華安里26鄰平東路282巷80之1號,68,6801000,6801000-038,26鄰,平東路,,282巷,,,,80之1號,121.245522357317,24.9171390279205
桃園市平鎮區華安里26鄰平東路282巷80號,68,6801000,6801000-038,26鄰,平東路,,282巷,,,,80號,121.246286068158,24.9174433808961
桃園市平鎮區華安里26鄰平東路282巷82號,68,6801000,6801000-038,26鄰,平東路,,282巷,,,,82號,121.246267584366,24.9175081452547
桃園市平鎮區華安里26鄰平東路282巷84號,68,6801000,6801000-038,26鄰,平東路,,282巷,,,,84號,121.246327906599,24.9175730503096
桃園市平鎮區華安里26鄰平東路282巷86號,68,6801000,6801000-038,26鄰,平東路,,282巷,,,,86號,121.246372415485,24.9176016871839
桃園市平鎮區華安里26鄰平東路282巷88號,68,6801000,6801000-038,26鄰,平東路,,282巷,,,,88號,121.246404487458,24.9176491237262
桃園市平鎮區華安里26鄰平東路282巷90號,68,6801000,6801000-038,26鄰,平東路,,282巷,,,,90號,121.246443772966,24.9176896867347
桃園市平鎮區華安里26鄰平東路282巷92號,68,6801000,6801000-038,26鄰,平東路,,282巷,,,,92號,121.246459480051,24.9177222534019
桃園市平鎮區華安里26鄰平東路282巷94號,68,6801000,6801000-038,26鄰,平東路,,282巷,,,,94號,121.246496196213,24.9177651680336
桃園市平鎮區華安里21鄰平東路282巷95弄35號,68,6801000,6801000-038,21鄰,平東路,,282巷,95弄,,,35號,121.246352104602,24.9166469643767
桃園市平鎮區華安里26鄰平東路282巷96弄1號,68,6801000,6801000-038,26鄰,平東路,,282巷,96弄,,,1號,121.246740691176,24.9177943769333
桃園市平鎮區華安里26鄰平東路282巷96弄2之1號,68,6801000,6801000-038,26鄰,平東路,,282巷,96弄,,,2之1號,121.246597967083,24.9177633746573
桃園市平鎮區華安里26鄰平東路282巷96弄2號,68,6801000,6801000-038,26鄰,平東路,,282巷,96弄,,,2號,121.246567853672,24.917804774652
桃園市平鎮區華安里26鄰平東路282巷96弄3號,68,6801000,6801000-038,26鄰,平東路,,282巷,96弄,,,3號,121.246764894944,24.9177683350109
桃園市平鎮區華安里26鄰平東路282巷96弄5號,68,6801000,6801000-038,26鄰,平東路,,282巷,96弄,,,5號,121.246836763397,24.9176652017036
桃園市平鎮區華安里26鄰平東路282巷96弄7號,68,6801000,6801000-038,26鄰,平東路,,282巷,96弄,,,7號,121.246875215491,24.9176351636695
桃園市平鎮區華安里26鄰平東路282巷96弄8號,68,6801000,6801000-038,26鄰,平東路,,282巷,96弄,,,8號,121.246680389322,24.917690108069
桃園市平鎮區華安里25鄰平東路282巷96弄9號,68,6801000,6801000-038,25鄰,平東路,,282巷,96弄,,,9號,121.24691376549,24.9176045837576
桃園市平鎮區華安里26鄰平東路282巷96弄10號,68,6801000,6801000-038,26鄰,平東路,,282巷,96弄,,,10號,121.246751106963,24.9176056655519
桃園市平鎮區華安里25鄰平東路282巷96弄11號,68,6801000,6801000-038,25鄰,平東路,,282巷,96弄,,,11號,121.246942096703,24.9175631866442
桃園市平鎮區華安里26鄰平東路282巷96弄12號,68,6801000,6801000-038,26鄰,平東路,,282巷,96弄,,,12號,121.246786251395,24.9175552287657
桃園市平鎮區華安里25鄰平東路282巷96弄13號,68,6801000,6801000-038,25鄰,平東路,,282巷,96弄,,,13號,121.247037041122,24.9174644389546
桃園市平鎮區華安里25鄰平東路282巷96弄14號,68,6801000,6801000-038,25鄰,平東路,,282巷,96弄,,,14號,121.246824508519,24.9175267258997
桃園市平鎮區華安里25鄰平東路282巷96弄15號,68,6801000,6801000-038,25鄰,平東路,,282巷,96弄,,,15號,121.247060449692,24.9174368634683
桃園市平鎮區華安里25鄰平東路282巷96弄16號,68,6801000,6801000-038,25鄰,平東路,,282巷,96弄,,,16號,121.246866301116,24.9174838619703
桃園市平鎮區華安里25鄰平東路282巷96弄17號,68,6801000,6801000-038,25鄰,平東路,,282巷,96弄,,,17號,121.247093929088,24.9173955480806
桃園市平鎮區華安里25鄰平東路282巷96弄18號,68,6801000,6801000-038,25鄰,平東路,,282巷,96弄,,,18號,121.246934545626,24.9174005068708
桃園市平鎮區華安里24鄰平東路282巷96弄19號,68,6801000,6801000-038,24鄰,平東路,,282巷,96弄,,,19號,121.247137392343,24.9173465419758
桃園市平鎮區華安里25鄰平東路282巷96弄20號,68,6801000,6801000-038,25鄰,平東路,,282巷,96弄,,,20號,121.246963066519,24.9173549563614
桃園市平鎮區華安里24鄰平東路282巷96弄21號,68,6801000,6801000-038,24鄰,平東路,,282巷,96弄,,,21號,121.247236697722,24.9173000615313
桃園市平鎮區華安里24鄰平東路282巷96弄22號,68,6801000,6801000-038,24鄰,平東路,,282巷,96弄,,,22號,121.24700040879,24.9173145374398
桃園市平鎮區華安里24鄰平東路282巷96弄23號,68,6801000,6801000-038,24鄰,平東路,,282巷,96弄,,,23號,121.247276414125,24.9172587357619
桃園市平鎮區華安里24鄰平東路282巷96弄24號,68,6801000,6801000-038,24鄰,平東路,,282巷,96弄,,,24號,121.247040611114,24.9172686064294
桃園市平鎮區華安里24鄰平東路282巷96弄26號,68,6801000,6801000-038,24鄰,平東路,,282巷,96弄,,,26號,121.247121473205,24.9172076208434
桃園市平鎮區華安里24鄰平東路282巷96弄28號,68,6801000,6801000-038,24鄰,平東路,,282巷,96弄,,,28號,121.247148793013,24.9171555718198
桃園市平鎮區華安里26鄰平東路282巷98號,68,6801000,6801000-038,26鄰,平東路,,282巷,,,,98號,121.246640788082,24.9178890698417
桃園市平鎮區華安里26鄰平東路282巷100號,68,6801000,6801000-038,26鄰,平東路,,282巷,,,,100號,121.246681442892,24.9179211437984
桃園市平鎮區華安里26鄰平東路282巷102號,68,6801000,6801000-038,26鄰,平東路,,282巷,,,,102號,121.246721692375,24.9179485236319
桃園市平鎮區華安里26鄰平東路282巷104號,68,6801000,6801000-038,26鄰,平東路,,282巷,,,,104號,121.246764511083,24.9179734615273
桃園市平鎮區華安里26鄰平東路282巷106號,68,6801000,6801000-038,26鄰,平東路,,282巷,,,,106號,121.24680278433,24.9180027405786
桃園市平鎮區華安里26鄰平東路282巷108號,68,6801000,6801000-038,26鄰,平東路,,282巷,,,,108號,121.246838604642,24.9180431286461
桃園市平鎮區華安里26鄰平東路282巷110號,68,6801000,6801000-038,26鄰,平東路,,282巷,,,,110號,121.246884915446,24.9180816033672
桃園市平鎮區華安里26鄰平東路282巷112號,68,6801000,6801000-038,26鄰,平東路,,282巷,,,,112號,121.246918141613,24.9181118838709
桃園市平鎮區華安里26鄰平東路282巷114號,68,6801000,6801000-038,26鄰,平東路,,282巷,,,,114號,121.24695839139,24.9181393539229
桃園市平鎮區華安里16鄰平東路283號,68,6801000,6801000-038,16鄰,平東路,,,,,,283號,121.247868835447,24.9150263758989
桃園市平鎮區華安里17鄰平東路284號,68,6801000,6801000-038,17鄰,平東路,,,,,,284號,121.247821937661,24.9152882783276
桃園市平鎮區華安里16鄰平東路285號,68,6801000,6801000-038,16鄰,平東路,,,,,,285號,121.247833945648,24.9150054879236
桃園市平鎮區華安里17鄰平東路286號,68,6801000,6801000-038,17鄰,平東路,,,,,,286號,121.247780611711,24.9152668593302
桃園市平鎮區華安里16鄰平東路287號,68,6801000,6801000-038,16鄰,平東路,,,,,,287號,121.247795487718,24.9149825293296
桃園市平鎮區華安里17鄰平東路288號,68,6801000,6801000-038,17鄰,平東路,,,,,,288號,121.247754216563,24.9152362968027
桃園市平鎮區華安里16鄰平東路289號,68,6801000,6801000-038,16鄰,平東路,,,,,,289號,121.247754146365,24.9149533458984
桃園市平鎮區華安里17鄰平東路290號,68,6801000,6801000-038,17鄰,平東路,,,,,,290號,121.247721496969,24.9152115229715
桃園市平鎮區華安里17鄰平東路292號,68,6801000,6801000-038,17鄰,平東路,,,,,,292號,121.247686108175,24.9151886495364
桃園市平鎮區華安里16鄰平東路293號,68,6801000,6801000-038,16鄰,平東路,,,,,,293號,121.247717656921,24.9149246058179
桃園市平鎮區華安里17鄰平東路294號,68,6801000,6801000-038,17鄰,平東路,,,,,,294號,121.247651717146,24.9151696566612
桃園市平鎮區華安里16鄰平東路295號,68,6801000,6801000-038,16鄰,平東路,,,,,,295號,121.247682273078,24.9149041700488
桃園市平鎮區華安里17鄰平東路296號,68,6801000,6801000-038,17鄰,平東路,,,,,,296號,121.24761850259,24.9151448836288
桃園市平鎮區華安里16鄰平東路297號,68,6801000,6801000-038,16鄰,平東路,,,,,,297號,121.247690352131,24.9148350891331
桃園市平鎮區華安里17鄰平東路298號,68,6801000,6801000-038,17鄰,平東路,,,,,,298號,121.247580937818,24.9151230069087
桃園市平鎮區華安里16鄰平東路299號,68,6801000,6801000-038,16鄰,平東路,,,,,,299號,121.247647426497,24.9148057277339
桃園市平鎮區華安里17鄰平東路300號,68,6801000,6801000-038,17鄰,平東路,,,,,,300號,121.247542988412,24.9151068187288
桃園市平鎮區華安里17鄰平東路302巷1號,68,6801000,6801000-038,17鄰,平東路,,302巷,,,,1號,121.24740995828,24.9151199501376
桃園市平鎮區華安里17鄰平東路302巷2號,68,6801000,6801000-038,17鄰,平東路,,302巷,,,,2號,121.247511904065,24.9152069053349
桃園市平鎮區華安里17鄰平東路302巷3號,68,6801000,6801000-038,17鄰,平東路,,302巷,,,,3號,121.247378338267,24.9151500672659
桃園市平鎮區華安里17鄰平東路302巷4號,68,6801000,6801000-038,17鄰,平東路,,302巷,,,,4號,121.247490095326,24.9152421524083
桃園市平鎮區華安里17鄰平東路302巷5號,68,6801000,6801000-038,17鄰,平東路,,302巷,,,,5號,121.247353074763,24.9151904662559
桃園市平鎮區華安里17鄰平東路302巷6號,68,6801000,6801000-038,17鄰,平東路,,302巷,,,,6號,121.247471635463,24.9152688169122
桃園市平鎮區華安里16鄰平東路303號,68,6801000,6801000-038,16鄰,平東路,,,,,,303號,121.247612830912,24.9147833946681
桃園市平鎮區華安里17鄰平東路304號,68,6801000,6801000-038,17鄰,平東路,,,,,,304號,121.247477940346,24.9150547423548
桃園市平鎮區華安里16鄰平東路305號,68,6801000,6801000-038,16鄰,平東路,,,,,,305號,121.24754597003,24.9148150148884
桃園市平鎮區華安里17鄰平東路306號,68,6801000,6801000-038,17鄰,平東路,,,,,,306號,121.247442556504,24.9150343065291
桃園市平鎮區華安里17鄰平東路308號,68,6801000,6801000-038,17鄰,平東路,,,,,,308號,121.247406077914,24.915010983413
