FULL_ADDR,COUNTY,TOWN,VILLAGE,NEIGHBORHOOD,ROAD,SECTION,LANE,ALLEY,SUB_ALLEY,TONG,NUMBER,X,Y
桃園市觀音區富源里6鄰富和路19號,68,6801200,6801200-015,6鄰,富和路,,,,,,19號,121.139073988944,24.9875585953242
桃園市觀音區富源里6鄰富和路101號,68,6801200,6801200-015,6鄰,富和路,,,,,,101號,121.137570448794,24.9859304601585
