FULL_ADDR,COUNTY,TOWN,VILLAGE,NEIGHBORHOOD,ROAD,SECTION,LANE,ALLEY,SUB_ALLEY,TONG,NUMBER,X,Y
桃園市楊梅區高上里2鄰幼五路1號,68,6800400,6800400-037,2鄰,幼五路,,,,,,1號,121.171167708851,24.9294298718311
桃園市楊梅區高上里2鄰幼五路3號,68,6800400,6800400-037,2鄰,幼五路,,,,,,3號,121.171034342833,24.9295756536754
桃園市楊梅區高上里2鄰幼五路5號,68,6800400,6800400-037,2鄰,幼五路,,,,,,5號,121.170848706513,24.9297994107671
桃園市楊梅區高上里2鄰幼五路7號,68,6800400,6800400-037,2鄰,幼五路,,,,,,7號,121.170752418197,24.9299080429608
桃園市楊梅區高上里2鄰幼五路8號,68,6800400,6800400-037,2鄰,幼五路,,,,,,8號,121.170601254383,24.9296407033022
桃園市楊梅區高上里2鄰幼五路9號,68,6800400,6800400-037,2鄰,幼五路,,,,,,9號,121.170526279115,24.9299837795926
桃園市楊梅區高上里2鄰幼五路11號,68,6800400,6800400-037,2鄰,幼五路,,,,,,11號,121.170532539322,24.9303598973001
桃園市楊梅區高上里2鄰幼五路15號,68,6800400,6800400-037,2鄰,幼五路,,,,,,15號,121.169866609142,24.930381423045
