FULL_ADDR,COUNTY,TOWN,VILLAGE,NEIGHBORHOOD,ROAD,SECTION,LANE,ALLEY,SUB_ALLEY,TONG,NUMBER,X,Y
桃園市觀音區崙坪里21鄰忠愛路忠一巷2號,68,6801200,6801200-014,21鄰,忠愛路忠一巷,,,,,,2號,121.167586777413,24.9938943988578
桃園市觀音區崙坪里21鄰忠愛路忠一巷3號,68,6801200,6801200-014,21鄰,忠愛路忠一巷,,,,,,3號,121.167541421857,24.9939789554329
桃園市觀音區崙坪里21鄰忠愛路忠一巷4號,68,6801200,6801200-014,21鄰,忠愛路忠一巷,,,,,,4號,121.167362518609,24.994129479051
桃園市觀音區崙坪里21鄰忠愛路忠一巷5號,68,6801200,6801200-014,21鄰,忠愛路忠一巷,,,,,,5號,121.167213524359,24.9942741906898
桃園市觀音區崙坪里21鄰忠愛路忠一巷6號,68,6801200,6801200-014,21鄰,忠愛路忠一巷,,,,,,6號,121.167367504386,24.9942998386864
桃園市觀音區崙坪里21鄰忠愛路忠一巷7號,68,6801200,6801200-014,21鄰,忠愛路忠一巷,,,,,,7號,121.167395857771,24.9943885556144
桃園市觀音區崙坪里21鄰忠愛路忠一巷8號,68,6801200,6801200-014,21鄰,忠愛路忠一巷,,,,,,8號,121.167316001888,24.9946004508656
