FULL_ADDR,COUNTY,TOWN,VILLAGE,NEIGHBORHOOD,ROAD,SECTION,LANE,ALLEY,SUB_ALLEY,TONG,NUMBER,X,Y
桃園市新屋區埔頂里12鄰埔工路150號,68,6801100,6801100-006,12鄰,埔工路,,,,,,150號,121.095389518564,24.9599406238931
桃園市新屋區埔頂里12鄰埔工路152號,68,6801100,6801100-006,12鄰,埔工路,,,,,,152號,121.095453942679,24.9598774739399
桃園市新屋區埔頂里12鄰埔工路172號,68,6801100,6801100-006,12鄰,埔工路,,,,,,172號,121.092134368167,24.9633783486843
桃園市新屋區埔頂里12鄰埔工路183號,68,6801100,6801100-006,12鄰,埔工路,,,,,,183號,121.091111085385,24.9639051545218
桃園市新屋區埔頂里12鄰埔工路195號,68,6801100,6801100-006,12鄰,埔工路,,,,,,195號,121.091339319521,24.9641023759504
桃園市新屋區埔頂里12鄰埔工路276號,68,6801100,6801100-006,12鄰,埔工路,,,,,,276號,121.095445886959,24.9598336912496
桃園市新屋區埔頂里12鄰埔工路283號,68,6801100,6801100-006,12鄰,埔工路,,,,,,283號,121.091374969117,24.9643641782217
桃園市新屋區埔頂里12鄰埔工路325號,68,6801100,6801100-006,12鄰,埔工路,,,,,,325號,121.090135041448,24.9651192582031
桃園市新屋區東明里2鄰埔工路250巷10號,68,6801100,6801100-009,2鄰,埔工路,,250巷,,,,10號,121.091888380578,24.9643472500257
桃園市新屋區東明里2鄰埔工路250巷20號,68,6801100,6801100-009,2鄰,埔工路,,250巷,,,,20號,121.092025881215,24.964524754108
桃園市新屋區東明里2鄰埔工路250巷51號,68,6801100,6801100-009,2鄰,埔工路,,250巷,,,,51號,121.091918649815,24.9652307523203
桃園市新屋區東明里2鄰埔工路280號,68,6801100,6801100-009,2鄰,埔工路,,,,,,280號,121.091596806329,24.9647484719887
桃園市新屋區東明里2鄰埔工路288號,68,6801100,6801100-009,2鄰,埔工路,,,,,,288號,121.091436937281,24.9648584460817
桃園市新屋區東明里2鄰埔工路558號,68,6801100,6801100-009,2鄰,埔工路,,,,,,558號,121.090079622638,24.9661320995748
桃園市新屋區東明里2鄰埔工路568號,68,6801100,6801100-009,2鄰,埔工路,,,,,,568號,121.08963957415,24.9662593046541
桃園市新屋區東明里2鄰埔工路588號,68,6801100,6801100-009,2鄰,埔工路,,,,,,588號,121.088690638347,24.9666490878865
