FULL_ADDR,COUNTY,TOWN,VILLAGE,NEIGHBORHOOD,ROAD,SECTION,LANE,ALLEY,SUB_ALLEY,TONG,NUMBER,X,Y
桃園市觀音區草新里28鄰八德四街1號,68,6801200,6801200-024,28鄰,八德四街,,,,,,1號,121.139127401575,25.0413013215305
桃園市觀音區草新里28鄰八德四街2號,68,6801200,6801200-024,28鄰,八德四街,,,,,,2號,121.138938535509,25.0411447666969
桃園市觀音區草新里28鄰八德四街3號,68,6801200,6801200-024,28鄰,八德四街,,,,,,3號,121.139154127328,25.0412732184427
桃園市觀音區草新里28鄰八德四街6號,68,6801200,6801200-024,28鄰,八德四街,,,,,,6號,121.138967926125,25.0411070008525
桃園市觀音區草新里28鄰八德四街8號,68,6801200,6801200-024,28鄰,八德四街,,,,,,8號,121.139343932151,25.0407691702687
桃園市觀音區草新里28鄰八德四街10號,68,6801200,6801200-024,28鄰,八德四街,,,,,,10號,121.139390776706,25.0407423122327
