FULL_ADDR,COUNTY,TOWN,VILLAGE,NEIGHBORHOOD,ROAD,SECTION,LANE,ALLEY,SUB_ALLEY,TONG,NUMBER,X,Y
桃園市龜山區楓樹里3鄰宏洲街11號,68,6800700,6800700-001,3鄰,宏洲街,,,,,,11號,121.344620586189,25.0093964776618
桃園市龜山區楓樹里3鄰宏洲街13號,68,6800700,6800700-001,3鄰,宏洲街,,,,,,13號,121.344589409643,25.0094434968822
桃園市龜山區楓樹里3鄰宏洲街14號,68,6800700,6800700-001,3鄰,宏洲街,,,,,,14號,121.344813639472,25.0095935686392
桃園市龜山區楓樹里3鄰宏洲街15號,68,6800700,6800700-001,3鄰,宏洲街,,,,,,15號,121.344564642441,25.0094795770454
桃園市龜山區楓樹里3鄰宏洲街16號,68,6800700,6800700-001,3鄰,宏洲街,,,,,,16號,121.344790874469,25.0096370473745
桃園市龜山區楓樹里3鄰宏洲街17號,68,6800700,6800700-001,3鄰,宏洲街,,,,,,17號,121.344528125898,25.0095302199309
桃園市龜山區楓樹里3鄰宏洲街19號,68,6800700,6800700-001,3鄰,宏洲街,,,,,,19號,121.344505485317,25.0095828168834
桃園市龜山區楓樹里3鄰宏洲街21號,68,6800700,6800700-001,3鄰,宏洲街,,,,,,21號,121.344485700003,25.0096289971502
桃園市龜山區楓樹里15鄰宏洲街29號,68,6800700,6800700-001,15鄰,宏洲街,,,,,,29號,121.344047283483,25.0107284810214
