FULL_ADDR,COUNTY,TOWN,VILLAGE,NEIGHBORHOOD,ROAD,SECTION,LANE,ALLEY,SUB_ALLEY,TONG,NUMBER,X,Y
桃園市桃園區中平里21鄰宏昌二街2號,68,6800100,6800100-064,21鄰,宏昌二街,,,,,,2號,121.293873890204,24.9898074517573
桃園市桃園區中平里21鄰宏昌二街6號,68,6800100,6800100-064,21鄰,宏昌二街,,,,,,6號,121.293817129238,24.9898075638409
桃園市桃園區中平里21鄰宏昌二街8號,68,6800100,6800100-064,21鄰,宏昌二街,,,,,,8號,121.293770291149,24.9898147886853
桃園市桃園區中平里21鄰宏昌二街10號,68,6800100,6800100-064,21鄰,宏昌二街,,,,,,10號,121.293727136857,24.9897881500503
