FULL_ADDR,COUNTY,TOWN,VILLAGE,NEIGHBORHOOD,ROAD,SECTION,LANE,ALLEY,SUB_ALLEY,TONG,NUMBER,X,Y
桃園市龜山區山頂里20鄰山鶯路中華巷1號,68,6800700,6800700-006,20鄰,山鶯路中華巷,,,,,,1號,121.329869073054,24.9841950460799
桃園市龜山區山頂里20鄰山鶯路中華巷2之1號,68,6800700,6800700-006,20鄰,山鶯路中華巷,,,,,,2之1號,121.33000667068,24.9837906341097
桃園市龜山區山頂里20鄰山鶯路中華巷2號,68,6800700,6800700-006,20鄰,山鶯路中華巷,,,,,,2號,121.330282980733,24.9838822001918
桃園市龜山區山頂里20鄰山鶯路中華巷2之1號四樓,68,6800700,6800700-006,20鄰,山鶯路中華巷,,,,,,2之1號四樓,121.33000667068,24.9837906341097
桃園市龜山區山頂里20鄰山鶯路中華巷2之1號三樓,68,6800700,6800700-006,20鄰,山鶯路中華巷,,,,,,2之1號三樓,121.33000667068,24.9837906341097
