FULL_ADDR,COUNTY,TOWN,VILLAGE,NEIGHBORHOOD,ROAD,SECTION,LANE,ALLEY,SUB_ALLEY,TONG,NUMBER,X,Y
桃園市蘆竹區內厝里10鄰內溪路內溪巷1號,68,6800500,6800500-010,10鄰,內溪路內溪巷,,,,,,1號,121.28464364175,25.071390247515
桃園市蘆竹區內厝里10鄰內溪路內溪巷2號,68,6800500,6800500-010,10鄰,內溪路內溪巷,,,,,,2號,121.284882700264,25.0713765174685
桃園市蘆竹區內厝里10鄰內溪路內溪巷3號,68,6800500,6800500-010,10鄰,內溪路內溪巷,,,,,,3號,121.28445915922,25.0714287002284
桃園市蘆竹區內厝里10鄰內溪路內溪巷8號,68,6800500,6800500-010,10鄰,內溪路內溪巷,,,,,,8號,121.284771015426,25.0714749588247
桃園市蘆竹區內厝里10鄰內溪路內溪巷10號,68,6800500,6800500-010,10鄰,內溪路內溪巷,,,,,,10號,121.284733372424,25.0715713621769
