FULL_ADDR,COUNTY,TOWN,VILLAGE,NEIGHBORHOOD,ROAD,SECTION,LANE,ALLEY,SUB_ALLEY,TONG,NUMBER,X,Y
桃園市中壢區內定里1鄰合江路20號,68,6800200,6800200-027,1鄰,合江路,,,,,,20號,121.239610026608,24.9847248874713
桃園市中壢區文化里6鄰合江路2號,68,6800200,6800200-034,6鄰,合江路,,,,,,2號,121.247037471461,24.9837496904895
桃園市中壢區文化里6鄰合江路6號,68,6800200,6800200-034,6鄰,合江路,,,,,,6號,121.246575125182,24.9841189943454
桃園市中壢區文化里6鄰合江路10號,68,6800200,6800200-034,6鄰,合江路,,,,,,10號,121.244084664474,24.9847668207562
桃園市中壢區文化里6鄰合江路11號,68,6800200,6800200-034,6鄰,合江路,,,,,,11號,121.241423509348,24.9842511283721
桃園市中壢區文化里6鄰合江路12號,68,6800200,6800200-034,6鄰,合江路,,,,,,12號,121.243690752258,24.9848340051849
桃園市中壢區文化里6鄰合江路16號,68,6800200,6800200-034,6鄰,合江路,,,,,,16號,121.241938741842,24.9847800752554
桃園市中壢區文化里6鄰合江路18號,68,6800200,6800200-034,6鄰,合江路,,,,,,18號,121.241000146921,24.9848106693611
桃園市中壢區永福里7鄰合江路18之1號,68,6800200,6800200-074,7鄰,合江路,,,,,,18之1號,121.23941413824,24.9857196754202
