FULL_ADDR,COUNTY,TOWN,VILLAGE,NEIGHBORHOOD,ROAD,SECTION,LANE,ALLEY,SUB_ALLEY,TONG,NUMBER,X,Y
桃園市大園區南港里5鄰學一街8巷1號,68,6800600,6800600-019,5鄰,學一街,,8巷,,,,1號,121.166437637658,25.0486372659694
桃園市大園區南港里5鄰學一街8巷3號,68,6800600,6800600-019,5鄰,學一街,,8巷,,,,3號,121.166477847947,25.0486169975231
桃園市大園區南港里5鄰學一街8巷5號,68,6800600,6800600-019,5鄰,學一街,,8巷,,,,5號,121.166519559468,25.048607561342
桃園市大園區南港里5鄰學一街8巷7號,68,6800600,6800600-019,5鄰,學一街,,8巷,,,,7號,121.166556803832,25.0485927131784
桃園市大園區南港里5鄰學一街8巷9號,68,6800600,6800600-019,5鄰,學一街,,8巷,,,,9號,121.166597014088,25.0485724446999
桃園市大園區南港里5鄰學一街8巷11號,68,6800600,6800600-019,5鄰,學一街,,8巷,,,,11號,121.166637224451,25.0485522664934
桃園市大園區南港里5鄰學一街10號,68,6800600,6800600-019,5鄰,學一街,,,,,,10號,121.166321331017,25.0486710717876
桃園市大園區南港里5鄰學一街12號,68,6800600,6800600-019,5鄰,學一街,,,,,,12號,121.166380978407,25.0487331196912
