FULL_ADDR,COUNTY,TOWN,VILLAGE,NEIGHBORHOOD,ROAD,SECTION,LANE,ALLEY,SUB_ALLEY,TONG,NUMBER,X,Y
桃園市蘆竹區坑子里13鄰八德一路35號,68,6800500,6800500-014,13鄰,八德一路,,,,,,35號,121.346896848709,25.066197169135
桃園市蘆竹區坑子里13鄰八德一路35之1號,68,6800500,6800500-014,13鄰,八德一路,,,,,,35之1號,121.347280518668,25.0661174560984
桃園市蘆竹區坑子里13鄰八德一路36號,68,6800500,6800500-014,13鄰,八德一路,,,,,,36號,121.346720743036,25.0661732946329
桃園市蘆竹區坑子里13鄰八德一路37號,68,6800500,6800500-014,13鄰,八德一路,,,,,,37號,121.346544705754,25.0661737056081
桃園市蘆竹區坑子里13鄰八德一路38號,68,6800500,6800500-014,13鄰,八德一路,,,,,,38號,121.346315205298,25.0661256693907
桃園市蘆竹區坑子里13鄰八德一路39號,68,6800500,6800500-014,13鄰,八德一路,,,,,,39號,121.346096283463,25.0660678577069
桃園市蘆竹區坑子里13鄰八德一路263之1號,68,6800500,6800500-014,13鄰,八德一路,,,,,,263之1號,121.33624897666,25.0639025901457
桃園市蘆竹區坑子里13鄰八德一路263號,68,6800500,6800500-014,13鄰,八德一路,,,,,,263號,121.336396335185,25.0636733011054
桃園市蘆竹區坑子里13鄰八德一路265巷11號,68,6800500,6800500-014,13鄰,八德一路,,265巷,,,,11號,121.335155180078,25.0638229063565
