FULL_ADDR,COUNTY,TOWN,VILLAGE,NEIGHBORHOOD,ROAD,SECTION,LANE,ALLEY,SUB_ALLEY,TONG,NUMBER,X,Y
桃園市蘆竹區中興里10鄰大興六街12號,68,6800500,6800500-036,10鄰,大興六街,,,,,,12號,121.2583730634,25.0163056273548
桃園市蘆竹區中興里10鄰大興六街16號,68,6800500,6800500-036,10鄰,大興六街,,,,,,16號,121.258421907168,25.0163514062564
桃園市蘆竹區中興里10鄰大興六街18號,68,6800500,6800500-036,10鄰,大興六街,,,,,,18號,121.258478280931,25.016397081769
