FULL_ADDR,COUNTY,TOWN,VILLAGE,NEIGHBORHOOD,ROAD,SECTION,LANE,ALLEY,SUB_ALLEY,TONG,NUMBER,X,Y
桃園市大園區南港里12鄰園七街9號,68,6800600,6800600-019,12鄰,園七街,,,,,,9號,121.179352398679,25.0554900559821
桃園市大園區南港里12鄰園七街11號,68,6800600,6800600-019,12鄰,園七街,,,,,,11號,121.179279266234,25.0554308284318
桃園市大園區南港里12鄰園七街13號,68,6800600,6800600-019,12鄰,園七街,,,,,,13號,121.179233918908,25.0553945894489
桃園市大園區南港里12鄰園七街25號,68,6800600,6800600-019,12鄰,園七街,,,,,,25號,121.178868271558,25.0553126922701
桃園市大園區南港里12鄰園七街27巷1號,68,6800600,6800600-019,12鄰,園七街,,27巷,,,,1號,121.178905558799,25.0552587484862
桃園市大園區南港里12鄰園七街27巷2號,68,6800600,6800600-019,12鄰,園七街,,27巷,,,,2號,121.178747636065,25.0551655861371
桃園市大園區南港里12鄰園七街27巷3號,68,6800600,6800600-019,12鄰,園七街,,27巷,,,,3號,121.178939787149,25.0552141977968
桃園市大園區南港里12鄰園七街27巷5號,68,6800600,6800600-019,12鄰,園七街,,27巷,,,,5號,121.178974116554,25.0551710012207
桃園市大園區南港里12鄰園七街27巷6號,68,6800600,6800600-019,12鄰,園七街,,27巷,,,,6號,121.178772955974,25.055129081382
桃園市大園區南港里12鄰園七街27巷7號,68,6800600,6800600-019,12鄰,園七街,,27巷,,,,7號,121.179006871805,25.0551358417094
桃園市大園區南港里12鄰園七街27巷8號,68,6800600,6800600-019,12鄰,園七街,,27巷,,,,8號,121.17880421882,25.0550899512649
桃園市大園區南港里12鄰園七街27巷9號,68,6800600,6800600-019,12鄰,園七街,,27巷,,,,9號,121.179044087232,25.055100767097
桃園市大園區南港里12鄰園七街27巷10號,68,6800600,6800600-019,12鄰,園七街,,27巷,,,,10號,121.178832517443,25.0550571445113
桃園市大園區南港里12鄰園七街27巷11號,68,6800600,6800600-019,12鄰,園七街,,27巷,,,,11號,121.179085851973,25.0550589157745
桃園市大園區南港里12鄰園七街27巷12號,68,6800600,6800600-019,12鄰,園七街,,27巷,,,,12號,121.178858919812,25.0550153117483
桃園市大園區南港里12鄰園七街27巷16號,68,6800600,6800600-019,12鄰,園七街,,27巷,,,,16號,121.178905127084,25.0549613572208
桃園市大園區南港里12鄰園七街29號,68,6800600,6800600-019,12鄰,園七街,,,,,,29號,121.17871477756,25.0551979469466
