FULL_ADDR,COUNTY,TOWN,VILLAGE,NEIGHBORHOOD,ROAD,SECTION,LANE,ALLEY,SUB_ALLEY,TONG,NUMBER,X,Y
桃園市中壢區文化里6鄰北園二路1號,68,6800200,6800200-034,6鄰,北園二路,,,,,,1號,121.244225972192,24.9858972991682
桃園市中壢區文化里6鄰北園二路3號,68,6800200,6800200-034,6鄰,北園二路,,,,,,3號,121.243937164337,24.9864206043742
桃園市中壢區文化里6鄰北園二路5號,68,6800200,6800200-034,6鄰,北園二路,,,,,,5號,121.243375348607,24.9863892027094
桃園市中壢區文化里6鄰北園二路6號,68,6800200,6800200-034,6鄰,北園二路,,,,,,6號,121.244395473446,24.9868068073502
桃園市中壢區文化里6鄰北園二路7號,68,6800200,6800200-034,6鄰,北園二路,,,,,,7號,121.243080461213,24.9862915465273
桃園市中壢區文化里6鄰北園二路8號,68,6800200,6800200-034,6鄰,北園二路,,,,,,8號,121.243457189357,24.9868014837041
