FULL_ADDR,COUNTY,TOWN,VILLAGE,NEIGHBORHOOD,ROAD,SECTION,LANE,ALLEY,SUB_ALLEY,TONG,NUMBER,X,Y
桃園市觀音區富源里8鄰富源七路99巷30號,68,6801200,6801200-015,8鄰,富源七路,,99巷,,,,30號,121.13093699428,24.9927732754117
桃園市觀音區富源里8鄰富源七路99巷35號,68,6801200,6801200-015,8鄰,富源七路,,99巷,,,,35號,121.130882527625,24.9917611520032
桃園市觀音區富源里8鄰富源七路99巷37號,68,6801200,6801200-015,8鄰,富源七路,,99巷,,,,37號,121.13066056342,24.9917930366786
桃園市觀音區富源里8鄰富源七路125號,68,6801200,6801200-015,8鄰,富源七路,,,,,,125號,121.131124389116,24.9932099935011
