FULL_ADDR,COUNTY,TOWN,VILLAGE,NEIGHBORHOOD,ROAD,SECTION,LANE,ALLEY,SUB_ALLEY,TONG,NUMBER,X,Y
桃園市觀音區草漯里4鄰富安街7號,68,6801200,6801200-021,4鄰,富安街,,,,,,7號,121.139611470318,25.0478276142762
桃園市觀音區草漯里4鄰富安街11號,68,6801200,6801200-021,4鄰,富安街,,,,,,11號,121.139695801996,25.0479077063674
桃園市觀音區草漯里4鄰富安街13號,68,6801200,6801200-021,4鄰,富安街,,,,,,13號,121.13974340392,25.0479346562357
桃園市觀音區草漯里4鄰富安街15號,68,6801200,6801200-021,4鄰,富安街,,,,,,15號,121.139788118045,25.0479495108744
桃園市觀音區草漯里4鄰富安街17號,68,6801200,6801200-021,4鄰,富安街,,,,,,17號,121.139843239949,25.0479657099488
