FULL_ADDR,COUNTY,TOWN,VILLAGE,NEIGHBORHOOD,ROAD,SECTION,LANE,ALLEY,SUB_ALLEY,TONG,NUMBER,X,Y
桃園市中壢區普強里10鄰勵志三街6號,68,6800200,6800200-061,10鄰,勵志三街,,,,,,6號,121.236782215709,24.9502237872979
桃園市中壢區普強里10鄰勵志三街8號,68,6800200,6800200-061,10鄰,勵志三街,,,,,,8號,121.236833861988,24.9502512418039
桃園市中壢區普強里10鄰勵志三街10號,68,6800200,6800200-061,10鄰,勵志三街,,,,,,10號,121.236865897791,24.9502771926452
桃園市中壢區普強里10鄰勵志三街12號,68,6800200,6800200-061,10鄰,勵志三街,,,,,,12號,121.236903380153,24.9503031348186
桃園市中壢區普強里10鄰勵志三街14號,68,6800200,6800200-061,10鄰,勵志三街,,,,,,14號,121.236951458369,24.9503289698463
桃園市中壢區普強里10鄰勵志三街16號,68,6800200,6800200-061,10鄰,勵志三街,,,,,,16號,121.236983577695,24.9503467949753
桃園市中壢區普強里10鄰勵志三街18號,68,6800200,6800200-061,10鄰,勵志三街,,,,,,18號,121.237019181678,24.9503743652177
桃園市中壢區普強里10鄰勵志三街20號,68,6800200,6800200-061,10鄰,勵志三街,,,,,,20號,121.237060222722,24.9503969611839
桃園市中壢區普強里10鄰勵志三街22號,68,6800200,6800200-061,10鄰,勵志三街,,,,,,22號,121.237099397976,24.9504277759454
