FULL_ADDR,COUNTY,TOWN,VILLAGE,NEIGHBORHOOD,ROAD,SECTION,LANE,ALLEY,SUB_ALLEY,TONG,NUMBER,X,Y
桃園市觀音區樹林里22鄰國瑞路2號,68,6801200,6801200-022,22鄰,國瑞路,,,,,,2號,121.112279818438,25.0585745184215
桃園市觀音區樹林里22鄰國瑞路16號,68,6801200,6801200-022,22鄰,國瑞路,,,,,,16號,121.112204555633,25.0592990963746
