FULL_ADDR,COUNTY,TOWN,VILLAGE,NEIGHBORHOOD,ROAD,SECTION,LANE,ALLEY,SUB_ALLEY,TONG,NUMBER,X,Y
桃園市觀音區富源里10鄰富有路23號,68,6801200,6801200-015,10鄰,富有路,,,,,,23號,121.14997866386,24.9645308427255
桃園市觀音區富源里10鄰富有路25號,68,6801200,6801200-015,10鄰,富有路,,,,,,25號,121.149940267405,24.9645565220623
桃園市觀音區富源里10鄰富有路27號,68,6801200,6801200-015,10鄰,富有路,,,,,,27號,121.149900396707,24.964591592415
桃園市觀音區富源里10鄰富有路29號,68,6801200,6801200-015,10鄰,富有路,,,,,,29號,121.149872404236,24.9646212337598
桃園市觀音區富源里10鄰富有路31號,68,6801200,6801200-015,10鄰,富有路,,,,,,31號,121.149845796673,24.9646495194448
桃園市觀音區富源里10鄰富有路40號,68,6801200,6801200-015,10鄰,富有路,,,,,,40號,121.149902837405,24.9648077299858
桃園市觀音區富源里10鄰富有路42號,68,6801200,6801200-015,10鄰,富有路,,,,,,42號,121.149860689456,24.9648434346077
桃園市觀音區富源里10鄰富有路46號,68,6801200,6801200-015,10鄰,富有路,,,,,,46號,121.149827448549,24.9648737132132
桃園市觀音區富源里10鄰富有路48號,68,6801200,6801200-015,10鄰,富有路,,,,,,48號,121.149792720382,24.9649026390465
桃園市觀音區富源里10鄰富有路50號,68,6801200,6801200-015,10鄰,富有路,,,,,,50號,121.149755020989,24.9649315678595
桃園市觀音區富源里10鄰富有路73號,68,6801200,6801200-015,10鄰,富有路,,,,,,73號,121.149173152314,24.9650908712298
