FULL_ADDR,COUNTY,TOWN,VILLAGE,NEIGHBORHOOD,ROAD,SECTION,LANE,ALLEY,SUB_ALLEY,TONG,NUMBER,X,Y
桃園市觀音區崙坪里26鄰崙坪二路107號,68,6801200,6801200-014,26鄰,崙坪二路,,,,,,107號,121.164861920305,24.9921759139605
桃園市觀音區崙坪里26鄰崙坪二路225號,68,6801200,6801200-014,26鄰,崙坪二路,,,,,,225號,121.164698844168,24.9943912043241
桃園市觀音區崙坪里26鄰崙坪二路227之1號,68,6801200,6801200-014,26鄰,崙坪二路,,,,,,227之1號,121.164872625648,24.9944086171713
