FULL_ADDR,COUNTY,TOWN,VILLAGE,NEIGHBORHOOD,ROAD,SECTION,LANE,ALLEY,SUB_ALLEY,TONG,NUMBER,X,Y
桃園市大園區南港里27鄰學九街10巷1號,68,6800600,6800600-019,27鄰,學九街,,10巷,,,,1號,121.166776575125,25.0465783431164
桃園市大園區南港里27鄰學九街10巷2號,68,6800600,6800600-019,27鄰,學九街,,10巷,,,,2號,121.166746733876,25.0464973927488
桃園市大園區南港里27鄰學九街10巷3號,68,6800600,6800600-019,27鄰,學九街,,10巷,,,,3號,121.166819364247,25.0465601481893
桃園市大園區南港里27鄰學九街10巷5號,68,6800600,6800600-019,27鄰,學九街,,10巷,,,,5號,121.166864136326,25.0465425830038
桃園市大園區南港里27鄰學九街10巷6號,68,6800600,6800600-019,27鄰,學九街,,10巷,,,,6號,121.166809335799,25.0464730363403
桃園市大園區南港里27鄰學九街10巷7號,68,6800600,6800600-019,27鄰,學九街,,10巷,,,,7號,121.166907319034,25.0465223110999
桃園市大園區南港里27鄰學九街10巷8號,68,6800600,6800600-019,27鄰,學九街,,10巷,,,,8號,121.166861137993,25.046450768545
桃園市大園區南港里27鄰學九街10巷9號,68,6800600,6800600-019,27鄰,學九街,,10巷,,,,9號,121.16694901881,25.0465047493405
桃園市大園區南港里27鄰學九街10巷10號,68,6800600,6800600-019,27鄰,學九街,,10巷,,,,10號,121.166922253407,25.0464265040416
