FULL_ADDR,COUNTY,TOWN,VILLAGE,NEIGHBORHOOD,ROAD,SECTION,LANE,ALLEY,SUB_ALLEY,TONG,NUMBER,X,Y
桃園市觀音區樹林里22鄰國建一路1號,68,6801200,6801200-022,22鄰,國建一路,,,,,,1號,121.116236074535,25.0533776726592
桃園市觀音區樹林里22鄰國建一路2號,68,6801200,6801200-022,22鄰,國建一路,,,,,,2號,121.116030629253,25.0545493461746
桃園市觀音區樹林里22鄰國建一路3號,68,6801200,6801200-022,22鄰,國建一路,,,,,,3號,121.115533367358,25.0522074300874
桃園市觀音區樹林里22鄰國建一路6號,68,6801200,6801200-022,22鄰,國建一路,,,,,,6號,121.115285043395,25.0523637224612
