FULL_ADDR,COUNTY,TOWN,VILLAGE,NEIGHBORHOOD,ROAD,SECTION,LANE,ALLEY,SUB_ALLEY,TONG,NUMBER,X,Y
桃園市新屋區笨港里4鄰埔和五路19號,68,6801100,6801100-017,4鄰,埔和五路,,,,,,19號,121.023235726565,24.964374960007
桃園市新屋區笨港里4鄰埔和五路51號,68,6801100,6801100-017,4鄰,埔和五路,,,,,,51號,121.024028402904,24.9636509350331
桃園市新屋區笨港里4鄰埔和五路52號,68,6801100,6801100-017,4鄰,埔和五路,,,,,,52號,121.024472181587,24.9635603076533
桃園市新屋區笨港里4鄰埔和五路58號,68,6801100,6801100-017,4鄰,埔和五路,,,,,,58號,121.02428149724,24.9633911461535
桃園市新屋區笨港里4鄰埔和五路70巷17號,68,6801100,6801100-017,4鄰,埔和五路,,70巷,,,,17號,121.024937720107,24.9633297346967
桃園市新屋區笨港里4鄰埔和五路70巷27號,68,6801100,6801100-017,4鄰,埔和五路,,70巷,,,,27號,121.024984135836,24.9631626107382
桃園市新屋區笨港里4鄰埔和五路87號,68,6801100,6801100-017,4鄰,埔和五路,,,,,,87號,121.024937857391,24.9640110197165
桃園市新屋區笨港里4鄰埔和五路107號,68,6801100,6801100-017,4鄰,埔和五路,,,,,,107號,121.025410980706,24.9640577972673
桃園市新屋區笨港里3鄰埔和五路120號,68,6801100,6801100-017,3鄰,埔和五路,,,,,,120號,121.025603767157,24.9638434294169
桃園市新屋區笨港里4鄰埔和五路165號,68,6801100,6801100-017,4鄰,埔和五路,,,,,,165號,121.025952780296,24.9647732968198
