FULL_ADDR,COUNTY,TOWN,VILLAGE,NEIGHBORHOOD,ROAD,SECTION,LANE,ALLEY,SUB_ALLEY,TONG,NUMBER,X,Y
桃園市龜山區山頂里20鄰山鶯路國光巷1號,68,6800700,6800700-006,20鄰,山鶯路國光巷,,,,,,1號,121.328491413357,24.9825909642422
桃園市龜山區山頂里20鄰山鶯路國光巷3號,68,6800700,6800700-006,20鄰,山鶯路國光巷,,,,,,3號,121.328217529885,24.9822551736984
桃園市龜山區山頂里20鄰山鶯路國光巷6號,68,6800700,6800700-006,20鄰,山鶯路國光巷,,,,,,6號,121.328176304071,24.9828076164837
