FULL_ADDR,COUNTY,TOWN,VILLAGE,NEIGHBORHOOD,ROAD,SECTION,LANE,ALLEY,SUB_ALLEY,TONG,NUMBER,X,Y
桃園市新屋區笨港里3鄰埔和一路27號,68,6801100,6801100-017,3鄰,埔和一路,,,,,,27號,121.02393621796,24.9704152243518
桃園市新屋區笨港里3鄰埔和一路91巷12號,68,6801100,6801100-017,3鄰,埔和一路,,91巷,,,,12號,121.025377789545,24.9697904899246
桃園市新屋區笨港里3鄰埔和一路91巷23號,68,6801100,6801100-017,3鄰,埔和一路,,91巷,,,,23號,121.025607141575,24.9700992225731
桃園市新屋區笨港里3鄰埔和一路107號,68,6801100,6801100-017,3鄰,埔和一路,,,,,,107號,121.025822826272,24.9694576258848
桃園市新屋區笨港里3鄰埔和一路129號,68,6801100,6801100-017,3鄰,埔和一路,,,,,,129號,121.026079244505,24.9694224606438
桃園市新屋區笨港里3鄰埔和一路156號,68,6801100,6801100-017,3鄰,埔和一路,,,,,,156號,121.026419756668,24.9684855214969
桃園市新屋區笨港里3鄰埔和一路206號,68,6801100,6801100-017,3鄰,埔和一路,,,,,,206號,121.027702901939,24.9682070323819
桃園市新屋區笨港里3鄰埔和一路220號,68,6801100,6801100-017,3鄰,埔和一路,,,,,,220號,121.027657065059,24.9678541199332
