FULL_ADDR,COUNTY,TOWN,VILLAGE,NEIGHBORHOOD,ROAD,SECTION,LANE,ALLEY,SUB_ALLEY,TONG,NUMBER,X,Y
桃園市楊梅區高上里2鄰幼二路1之1號,68,6800400,6800400-037,2鄰,幼二路,,,,,,1之1號,121.172599860879,24.9276116978418
桃園市楊梅區高上里2鄰幼二路1號,68,6800400,6800400-037,2鄰,幼二路,,,,,,1號,121.17294917464,24.9278278853721
桃園市楊梅區高上里2鄰幼二路2號,68,6800400,6800400-037,2鄰,幼二路,,,,,,2號,121.172035612265,24.9276206562096
桃園市楊梅區高上里2鄰幼二路3號,68,6800400,6800400-037,2鄰,幼二路,,,,,,3號,121.172298435014,24.9270858687846
桃園市楊梅區高上里2鄰幼二路4號,68,6800400,6800400-037,2鄰,幼二路,,,,,,4號,121.171702898495,24.92737853577
桃園市楊梅區高上里2鄰幼二路5號,68,6800400,6800400-037,2鄰,幼二路,,,,,,5號,121.17156155781,24.9268395197674
桃園市楊梅區高上里2鄰幼二路5之1號,68,6800400,6800400-037,2鄰,幼二路,,,,,,5之1號,121.171824177827,24.9266581969946
