FULL_ADDR,COUNTY,TOWN,VILLAGE,NEIGHBORHOOD,ROAD,SECTION,LANE,ALLEY,SUB_ALLEY,TONG,NUMBER,X,Y
桃園市新屋區頭洲里6鄰新洲一街1號,68,6801100,6801100-005,6鄰,新洲一街,,,,,,1號,121.150836330802,24.9641077179516
桃園市新屋區頭洲里6鄰新洲一街2號,68,6801100,6801100-005,6鄰,新洲一街,,,,,,2號,121.15062917604,24.9639749392048
桃園市新屋區頭洲里6鄰新洲一街3號,68,6801100,6801100-005,6鄰,新洲一街,,,,,,3號,121.150875314014,24.9640761693251
桃園市新屋區頭洲里6鄰新洲一街5號,68,6801100,6801100-005,6鄰,新洲一街,,,,,,5號,121.15090428716,24.9640388526521
桃園市新屋區頭洲里6鄰新洲一街6號,68,6801100,6801100-005,6鄰,新洲一街,,,,,,6號,121.150722860753,24.9639693370886
桃園市新屋區頭洲里6鄰新洲一街13巷7號,68,6801100,6801100-005,6鄰,新洲一街,,13巷,,,,7號,121.151090544613,24.9641713813647
