FULL_ADDR,COUNTY,TOWN,VILLAGE,NEIGHBORHOOD,ROAD,SECTION,LANE,ALLEY,SUB_ALLEY,TONG,NUMBER,X,Y
桃園市龜山區文藝里15鄰文青二路1號,68,6800700,6800700-000,15鄰,文青二路,,,,,,1號,121.388250520472,25.0395344149814
桃園市龜山區文藝里15鄰文青二路1號十樓之1,68,6800700,6800700-000,15鄰,文青二路,,,,,,1號十樓之1,121.388250520472,25.0395344149814
桃園市龜山區文藝里15鄰文青二路1號十樓之2,68,6800700,6800700-000,15鄰,文青二路,,,,,,1號十樓之2,121.388250520472,25.0395344149814
桃園市龜山區文藝里15鄰文青二路1號十樓之3,68,6800700,6800700-000,15鄰,文青二路,,,,,,1號十樓之3,121.388250520472,25.0395344149814
桃園市龜山區文藝里15鄰文青二路1號十樓之5,68,6800700,6800700-000,15鄰,文青二路,,,,,,1號十樓之5,121.388250520472,25.0395344149814
桃園市龜山區文藝里15鄰文青二路1號十樓之6,68,6800700,6800700-000,15鄰,文青二路,,,,,,1號十樓之6,121.388250520472,25.0395344149814
桃園市龜山區文藝里15鄰文青二路1號十樓之8,68,6800700,6800700-000,15鄰,文青二路,,,,,,1號十樓之8,121.388250520472,25.0395344149814
桃園市龜山區文藝里15鄰文青二路1號十樓之9,68,6800700,6800700-000,15鄰,文青二路,,,,,,1號十樓之9,121.388250520472,25.0395344149814
桃園市龜山區文藝里15鄰文青二路1號四樓之1,68,6800700,6800700-000,15鄰,文青二路,,,,,,1號四樓之1,121.388250520472,25.0395344149814
桃園市龜山區文藝里15鄰文青二路1號四樓之2,68,6800700,6800700-000,15鄰,文青二路,,,,,,1號四樓之2,121.388250520472,25.0395344149814
桃園市龜山區文藝里15鄰文青二路1號四樓之3,68,6800700,6800700-000,15鄰,文青二路,,,,,,1號四樓之3,121.388250520472,25.0395344149814
桃園市龜山區文藝里15鄰文青二路1號四樓之5,68,6800700,6800700-000,15鄰,文青二路,,,,,,1號四樓之5,121.388250520472,25.0395344149814
桃園市龜山區文藝里15鄰文青二路1號四樓之6,68,6800700,6800700-000,15鄰,文青二路,,,,,,1號四樓之6,121.388250520472,25.0395344149814
桃園市龜山區文藝里15鄰文青二路1號四樓之7,68,6800700,6800700-000,15鄰,文青二路,,,,,,1號四樓之7,121.388250520472,25.0395344149814
桃園市龜山區文藝里15鄰文青二路1號四樓之8,68,6800700,6800700-000,15鄰,文青二路,,,,,,1號四樓之8,121.388250520472,25.0395344149814
桃園市龜山區文藝里15鄰文青二路1號四樓之9,68,6800700,6800700-000,15鄰,文青二路,,,,,,1號四樓之9,121.388250520472,25.0395344149814
桃園市龜山區文藝里15鄰文青二路1號五樓之1,68,6800700,6800700-000,15鄰,文青二路,,,,,,1號五樓之1,121.388250520472,25.0395344149814
桃園市龜山區文藝里15鄰文青二路1號五樓之2,68,6800700,6800700-000,15鄰,文青二路,,,,,,1號五樓之2,121.388250520472,25.0395344149814
桃園市龜山區文藝里15鄰文青二路1號五樓之3,68,6800700,6800700-000,15鄰,文青二路,,,,,,1號五樓之3,121.388250520472,25.0395344149814
桃園市龜山區文藝里15鄰文青二路1號五樓之5,68,6800700,6800700-000,15鄰,文青二路,,,,,,1號五樓之5,121.388250520472,25.0395344149814
桃園市龜山區文藝里15鄰文青二路1號五樓之6,68,6800700,6800700-000,15鄰,文青二路,,,,,,1號五樓之6,121.388250520472,25.0395344149814
桃園市龜山區文藝里15鄰文青二路1號五樓之7,68,6800700,6800700-000,15鄰,文青二路,,,,,,1號五樓之7,121.388250520472,25.0395344149814
桃園市龜山區文藝里15鄰文青二路1號五樓之8,68,6800700,6800700-000,15鄰,文青二路,,,,,,1號五樓之8,121.388250520472,25.0395344149814
桃園市龜山區文藝里15鄰文青二路1號五樓之9,68,6800700,6800700-000,15鄰,文青二路,,,,,,1號五樓之9,121.388250520472,25.0395344149814
桃園市龜山區文藝里15鄰文青二路1號六樓之1,68,6800700,6800700-000,15鄰,文青二路,,,,,,1號六樓之1,121.388448716883,25.0395338969871
桃園市龜山區文藝里15鄰文青二路1號六樓之2,68,6800700,6800700-000,15鄰,文青二路,,,,,,1號六樓之2,121.388250520472,25.0395344149814
桃園市龜山區文藝里15鄰文青二路1號六樓之3,68,6800700,6800700-000,15鄰,文青二路,,,,,,1號六樓之3,121.388250520472,25.0395344149814
桃園市龜山區文藝里15鄰文青二路1號六樓之5,68,6800700,6800700-000,15鄰,文青二路,,,,,,1號六樓之5,121.388250520472,25.0395344149814
桃園市龜山區文藝里15鄰文青二路1號六樓之6,68,6800700,6800700-000,15鄰,文青二路,,,,,,1號六樓之6,121.388250520472,25.0395344149814
桃園市龜山區文藝里15鄰文青二路1號六樓之7,68,6800700,6800700-000,15鄰,文青二路,,,,,,1號六樓之7,121.388250520472,25.0395344149814
桃園市龜山區文藝里15鄰文青二路1號六樓之8,68,6800700,6800700-000,15鄰,文青二路,,,,,,1號六樓之8,121.388250520472,25.0395344149814
桃園市龜山區文藝里15鄰文青二路1號六樓之9,68,6800700,6800700-000,15鄰,文青二路,,,,,,1號六樓之9,121.388250520472,25.0395344149814
桃園市龜山區文藝里15鄰文青二路1號七樓之1,68,6800700,6800700-000,15鄰,文青二路,,,,,,1號七樓之1,121.388250520472,25.0395344149814
桃園市龜山區文藝里15鄰文青二路1號七樓之2,68,6800700,6800700-000,15鄰,文青二路,,,,,,1號七樓之2,121.388250520472,25.0395344149814
桃園市龜山區文藝里15鄰文青二路1號七樓之3,68,6800700,6800700-000,15鄰,文青二路,,,,,,1號七樓之3,121.388250520472,25.0395344149814
桃園市龜山區文藝里15鄰文青二路1號七樓之5,68,6800700,6800700-000,15鄰,文青二路,,,,,,1號七樓之5,121.388250520472,25.0395344149814
桃園市龜山區文藝里15鄰文青二路1號七樓之6,68,6800700,6800700-000,15鄰,文青二路,,,,,,1號七樓之6,121.388250520472,25.0395344149814
桃園市龜山區文藝里15鄰文青二路1號七樓之7,68,6800700,6800700-000,15鄰,文青二路,,,,,,1號七樓之7,121.388250520472,25.0395344149814
桃園市龜山區文藝里15鄰文青二路1號七樓之8,68,6800700,6800700-000,15鄰,文青二路,,,,,,1號七樓之8,121.388250520472,25.0395344149814
桃園市龜山區文藝里15鄰文青二路1號七樓之9,68,6800700,6800700-000,15鄰,文青二路,,,,,,1號七樓之9,121.388250520472,25.0395344149814
桃園市龜山區文藝里15鄰文青二路1號八樓之1,68,6800700,6800700-000,15鄰,文青二路,,,,,,1號八樓之1,121.388250520472,25.0395344149814
桃園市龜山區文藝里15鄰文青二路1號八樓之2,68,6800700,6800700-000,15鄰,文青二路,,,,,,1號八樓之2,121.388250520472,25.0395344149814
桃園市龜山區文藝里15鄰文青二路1號八樓之3,68,6800700,6800700-000,15鄰,文青二路,,,,,,1號八樓之3,121.388250520472,25.0395344149814
桃園市龜山區文藝里15鄰文青二路1號八樓之5,68,6800700,6800700-000,15鄰,文青二路,,,,,,1號八樓之5,121.388250520472,25.0395344149814
桃園市龜山區文藝里15鄰文青二路1號八樓之6,68,6800700,6800700-000,15鄰,文青二路,,,,,,1號八樓之6,121.388250520472,25.0395344149814
桃園市龜山區文藝里15鄰文青二路1號八樓之7,68,6800700,6800700-000,15鄰,文青二路,,,,,,1號八樓之7,121.388250520472,25.0395344149814
桃園市龜山區文藝里15鄰文青二路1號八樓之8,68,6800700,6800700-000,15鄰,文青二路,,,,,,1號八樓之8,121.388250520472,25.0395344149814
桃園市龜山區文藝里15鄰文青二路1號八樓之9,68,6800700,6800700-000,15鄰,文青二路,,,,,,1號八樓之9,121.388250520472,25.0395344149814
桃園市龜山區文藝里15鄰文青二路1號九樓之1,68,6800700,6800700-000,15鄰,文青二路,,,,,,1號九樓之1,121.388250520472,25.0395344149814
桃園市龜山區文藝里15鄰文青二路1號九樓之2,68,6800700,6800700-000,15鄰,文青二路,,,,,,1號九樓之2,121.388250520472,25.0395344149814
桃園市龜山區文藝里15鄰文青二路1號九樓之3,68,6800700,6800700-000,15鄰,文青二路,,,,,,1號九樓之3,121.388250520472,25.0395344149814
桃園市龜山區文藝里15鄰文青二路1號九樓之5,68,6800700,6800700-000,15鄰,文青二路,,,,,,1號九樓之5,121.388250520472,25.0395344149814
桃園市龜山區文藝里15鄰文青二路1號九樓之6,68,6800700,6800700-000,15鄰,文青二路,,,,,,1號九樓之6,121.388250520472,25.0395344149814
桃園市龜山區文藝里15鄰文青二路1號九樓之8,68,6800700,6800700-000,15鄰,文青二路,,,,,,1號九樓之8,121.388250520472,25.0395344149814
桃園市龜山區文藝里15鄰文青二路1號九樓之9,68,6800700,6800700-000,15鄰,文青二路,,,,,,1號九樓之9,121.388448716883,25.0395338969871
桃園市龜山區文藝里15鄰文青二路1號十一樓之1,68,6800700,6800700-000,15鄰,文青二路,,,,,,1號十一樓之1,121.388448716883,25.0395338969871
桃園市龜山區文藝里15鄰文青二路1號十一樓之2,68,6800700,6800700-000,15鄰,文青二路,,,,,,1號十一樓之2,121.388250520472,25.0395344149814
桃園市龜山區文藝里15鄰文青二路1號十一樓之3,68,6800700,6800700-000,15鄰,文青二路,,,,,,1號十一樓之3,121.388250520472,25.0395344149814
桃園市龜山區文藝里15鄰文青二路1號十一樓之5,68,6800700,6800700-000,15鄰,文青二路,,,,,,1號十一樓之5,121.388250520472,25.0395344149814
桃園市龜山區文藝里15鄰文青二路1號十一樓之6,68,6800700,6800700-000,15鄰,文青二路,,,,,,1號十一樓之6,121.388250520472,25.0395344149814
桃園市龜山區文藝里15鄰文青二路1號十一樓之7,68,6800700,6800700-000,15鄰,文青二路,,,,,,1號十一樓之7,121.388250520472,25.0395344149814
桃園市龜山區文藝里15鄰文青二路1號十一樓之8,68,6800700,6800700-000,15鄰,文青二路,,,,,,1號十一樓之8,121.388250520472,25.0395344149814
桃園市龜山區文藝里15鄰文青二路1號十一樓之9,68,6800700,6800700-000,15鄰,文青二路,,,,,,1號十一樓之9,121.388250520472,25.0395344149814
桃園市龜山區文藝里15鄰文青二路1號十二樓之1,68,6800700,6800700-000,15鄰,文青二路,,,,,,1號十二樓之1,121.388250520472,25.0395344149814
桃園市龜山區文藝里15鄰文青二路1號十二樓之2,68,6800700,6800700-000,15鄰,文青二路,,,,,,1號十二樓之2,121.388250520472,25.0395344149814
桃園市龜山區文藝里15鄰文青二路1號十二樓之3,68,6800700,6800700-000,15鄰,文青二路,,,,,,1號十二樓之3,121.388250520472,25.0395344149814
桃園市龜山區文藝里15鄰文青二路1號十二樓之5,68,6800700,6800700-000,15鄰,文青二路,,,,,,1號十二樓之5,121.388250520472,25.0395344149814
桃園市龜山區文藝里15鄰文青二路1號十二樓之6,68,6800700,6800700-000,15鄰,文青二路,,,,,,1號十二樓之6,121.388250520472,25.0395344149814
桃園市龜山區文藝里15鄰文青二路1號十二樓之7,68,6800700,6800700-000,15鄰,文青二路,,,,,,1號十二樓之7,121.388250520472,25.0395344149814
桃園市龜山區文藝里15鄰文青二路1號十二樓之8,68,6800700,6800700-000,15鄰,文青二路,,,,,,1號十二樓之8,121.388448716883,25.0395338969871
桃園市龜山區文藝里15鄰文青二路1號十二樓之9,68,6800700,6800700-000,15鄰,文青二路,,,,,,1號十二樓之9,121.388250520472,25.0395344149814
桃園市龜山區文藝里15鄰文青二路1號十三樓之1,68,6800700,6800700-000,15鄰,文青二路,,,,,,1號十三樓之1,121.388250520472,25.0395344149814
桃園市龜山區文藝里15鄰文青二路1號十三樓之2,68,6800700,6800700-000,15鄰,文青二路,,,,,,1號十三樓之2,121.388250520472,25.0395344149814
桃園市龜山區文藝里15鄰文青二路1號十三樓之3,68,6800700,6800700-000,15鄰,文青二路,,,,,,1號十三樓之3,121.388250520472,25.0395344149814
桃園市龜山區文藝里15鄰文青二路1號十三樓之5,68,6800700,6800700-000,15鄰,文青二路,,,,,,1號十三樓之5,121.388250520472,25.0395344149814
桃園市龜山區文藝里15鄰文青二路1號十三樓之6,68,6800700,6800700-000,15鄰,文青二路,,,,,,1號十三樓之6,121.388250520472,25.0395344149814
桃園市龜山區文藝里15鄰文青二路1號十三樓之7,68,6800700,6800700-000,15鄰,文青二路,,,,,,1號十三樓之7,121.388448716883,25.0395338969871
桃園市龜山區文藝里15鄰文青二路1號十三樓之8,68,6800700,6800700-000,15鄰,文青二路,,,,,,1號十三樓之8,121.388250520472,25.0395344149814
桃園市龜山區文藝里15鄰文青二路1號十三樓之9,68,6800700,6800700-000,15鄰,文青二路,,,,,,1號十三樓之9,121.388250520472,25.0395344149814
桃園市龜山區文藝里15鄰文青二路1號十四樓之1,68,6800700,6800700-000,15鄰,文青二路,,,,,,1號十四樓之1,121.388250520472,25.0395344149814
桃園市龜山區文藝里15鄰文青二路1號十四樓之2,68,6800700,6800700-000,15鄰,文青二路,,,,,,1號十四樓之2,121.388250520472,25.0395344149814
桃園市龜山區文藝里15鄰文青二路1號十四樓之3,68,6800700,6800700-000,15鄰,文青二路,,,,,,1號十四樓之3,121.388250520472,25.0395344149814
桃園市龜山區文藝里15鄰文青二路1號十四樓之5,68,6800700,6800700-000,15鄰,文青二路,,,,,,1號十四樓之5,121.388250520472,25.0395344149814
桃園市龜山區文藝里15鄰文青二路1號十四樓之6,68,6800700,6800700-000,15鄰,文青二路,,,,,,1號十四樓之6,121.388250520472,25.0395344149814
桃園市龜山區文藝里15鄰文青二路1號十四樓之7,68,6800700,6800700-000,15鄰,文青二路,,,,,,1號十四樓之7,121.388250520472,25.0395344149814
桃園市龜山區文藝里15鄰文青二路1號十四樓之8,68,6800700,6800700-000,15鄰,文青二路,,,,,,1號十四樓之8,121.388250520472,25.0395344149814
桃園市龜山區文藝里15鄰文青二路1號十四樓之9,68,6800700,6800700-000,15鄰,文青二路,,,,,,1號十四樓之9,121.388448716883,25.0395338969871
桃園市龜山區文藝里15鄰文青二路1號十五樓之1,68,6800700,6800700-000,15鄰,文青二路,,,,,,1號十五樓之1,121.388250520472,25.0395344149814
桃園市龜山區文藝里15鄰文青二路1號十五樓之2,68,6800700,6800700-000,15鄰,文青二路,,,,,,1號十五樓之2,121.388250520472,25.0395344149814
桃園市龜山區文藝里15鄰文青二路1號十五樓之3,68,6800700,6800700-000,15鄰,文青二路,,,,,,1號十五樓之3,121.388250520472,25.0395344149814
桃園市龜山區文藝里15鄰文青二路1號十五樓之5,68,6800700,6800700-000,15鄰,文青二路,,,,,,1號十五樓之5,121.388250520472,25.0395344149814
桃園市龜山區文藝里15鄰文青二路1號十五樓之6,68,6800700,6800700-000,15鄰,文青二路,,,,,,1號十五樓之6,121.388250520472,25.0395344149814
桃園市龜山區文藝里15鄰文青二路1號十五樓之7,68,6800700,6800700-000,15鄰,文青二路,,,,,,1號十五樓之7,121.388250520472,25.0395344149814
桃園市龜山區文藝里15鄰文青二路1號十五樓之8,68,6800700,6800700-000,15鄰,文青二路,,,,,,1號十五樓之8,121.388448716883,25.0395338969871
桃園市龜山區文藝里15鄰文青二路1號十五樓之9,68,6800700,6800700-000,15鄰,文青二路,,,,,,1號十五樓之9,121.388250520472,25.0395344149814
桃園市龜山區文藝里15鄰文青二路1號十六樓之1,68,6800700,6800700-000,15鄰,文青二路,,,,,,1號十六樓之1,121.388250520472,25.0395344149814
桃園市龜山區文藝里15鄰文青二路1號十六樓之2,68,6800700,6800700-000,15鄰,文青二路,,,,,,1號十六樓之2,121.388250520472,25.0395344149814
桃園市龜山區文藝里15鄰文青二路1號十六樓之3,68,6800700,6800700-000,15鄰,文青二路,,,,,,1號十六樓之3,121.388448716883,25.0395338969871
桃園市龜山區文藝里15鄰文青二路1號十六樓之5,68,6800700,6800700-000,15鄰,文青二路,,,,,,1號十六樓之5,121.388250520472,25.0395344149814
桃園市龜山區文藝里15鄰文青二路1號十六樓之6,68,6800700,6800700-000,15鄰,文青二路,,,,,,1號十六樓之6,121.388250520472,25.0395344149814
桃園市龜山區文藝里15鄰文青二路1號十六樓之7,68,6800700,6800700-000,15鄰,文青二路,,,,,,1號十六樓之7,121.388250520472,25.0395344149814
桃園市龜山區文藝里15鄰文青二路1號十六樓之8,68,6800700,6800700-000,15鄰,文青二路,,,,,,1號十六樓之8,121.388250520472,25.0395344149814
桃園市龜山區文藝里15鄰文青二路1號十六樓之9,68,6800700,6800700-000,15鄰,文青二路,,,,,,1號十六樓之9,121.388448716883,25.0395338969871
桃園市龜山區文藝里15鄰文青二路1號十七樓之1,68,6800700,6800700-000,15鄰,文青二路,,,,,,1號十七樓之1,121.388448716883,25.0395338969871
桃園市龜山區文藝里15鄰文青二路1號十七樓之2,68,6800700,6800700-000,15鄰,文青二路,,,,,,1號十七樓之2,121.388250520472,25.0395344149814
桃園市龜山區文藝里15鄰文青二路1號十七樓之3,68,6800700,6800700-000,15鄰,文青二路,,,,,,1號十七樓之3,121.388250520472,25.0395344149814
桃園市龜山區文藝里15鄰文青二路1號十七樓之5,68,6800700,6800700-000,15鄰,文青二路,,,,,,1號十七樓之5,121.388250520472,25.0395344149814
桃園市龜山區文藝里15鄰文青二路1號十七樓之6,68,6800700,6800700-000,15鄰,文青二路,,,,,,1號十七樓之6,121.388250520472,25.0395344149814
桃園市龜山區文藝里15鄰文青二路1號十七樓之7,68,6800700,6800700-000,15鄰,文青二路,,,,,,1號十七樓之7,121.388250520472,25.0395344149814
桃園市龜山區文藝里15鄰文青二路1號十七樓之8,68,6800700,6800700-000,15鄰,文青二路,,,,,,1號十七樓之8,121.388448716883,25.0395338969871
桃園市龜山區文藝里15鄰文青二路1號十七樓之9,68,6800700,6800700-000,15鄰,文青二路,,,,,,1號十七樓之9,121.388250520472,25.0395344149814
桃園市龜山區文藝里15鄰文青二路1號十八樓之1,68,6800700,6800700-000,15鄰,文青二路,,,,,,1號十八樓之1,121.388250520472,25.0395344149814
桃園市龜山區文藝里15鄰文青二路1號十八樓之2,68,6800700,6800700-000,15鄰,文青二路,,,,,,1號十八樓之2,121.388250520472,25.0395344149814
桃園市龜山區文藝里15鄰文青二路1號十八樓之3,68,6800700,6800700-000,15鄰,文青二路,,,,,,1號十八樓之3,121.388250520472,25.0395344149814
桃園市龜山區文藝里15鄰文青二路1號十八樓之5,68,6800700,6800700-000,15鄰,文青二路,,,,,,1號十八樓之5,121.388250520472,25.0395344149814
桃園市龜山區文藝里15鄰文青二路1號十八樓之6,68,6800700,6800700-000,15鄰,文青二路,,,,,,1號十八樓之6,121.388250520472,25.0395344149814
桃園市龜山區文藝里15鄰文青二路1號十八樓之7,68,6800700,6800700-000,15鄰,文青二路,,,,,,1號十八樓之7,121.388250520472,25.0395344149814
桃園市龜山區文藝里15鄰文青二路1號十八樓之8,68,6800700,6800700-000,15鄰,文青二路,,,,,,1號十八樓之8,121.388250520472,25.0395344149814
桃園市龜山區文藝里15鄰文青二路1號十八樓之9,68,6800700,6800700-000,15鄰,文青二路,,,,,,1號十八樓之9,121.388448716883,25.0395338969871
桃園市龜山區文藝里15鄰文青二路1號十九樓之1,68,6800700,6800700-000,15鄰,文青二路,,,,,,1號十九樓之1,121.388250520472,25.0395344149814
桃園市龜山區文藝里15鄰文青二路1號十九樓之2,68,6800700,6800700-000,15鄰,文青二路,,,,,,1號十九樓之2,121.388250520472,25.0395344149814
桃園市龜山區文藝里15鄰文青二路1號十九樓之3,68,6800700,6800700-000,15鄰,文青二路,,,,,,1號十九樓之3,121.388250520472,25.0395344149814
桃園市龜山區文藝里15鄰文青二路1號十九樓之5,68,6800700,6800700-000,15鄰,文青二路,,,,,,1號十九樓之5,121.388250520472,25.0395344149814
桃園市龜山區文藝里15鄰文青二路1號十九樓之6,68,6800700,6800700-000,15鄰,文青二路,,,,,,1號十九樓之6,121.388250520472,25.0395344149814
桃園市龜山區文藝里15鄰文青二路1號十九樓之7,68,6800700,6800700-000,15鄰,文青二路,,,,,,1號十九樓之7,121.388250520472,25.0395344149814
桃園市龜山區文藝里15鄰文青二路1號十九樓之8,68,6800700,6800700-000,15鄰,文青二路,,,,,,1號十九樓之8,121.388448716883,25.0395338969871
桃園市龜山區文藝里15鄰文青二路1號十九樓之9,68,6800700,6800700-000,15鄰,文青二路,,,,,,1號十九樓之9,121.388250520472,25.0395344149814
桃園市龜山區文藝里15鄰文青二路1號二十樓之1,68,6800700,6800700-000,15鄰,文青二路,,,,,,1號二十樓之1,121.388448716883,25.0395338969871
桃園市龜山區文藝里15鄰文青二路1號二十樓之2,68,6800700,6800700-000,15鄰,文青二路,,,,,,1號二十樓之2,121.388250520472,25.0395344149814
桃園市龜山區文藝里15鄰文青二路1號二十樓之3,68,6800700,6800700-000,15鄰,文青二路,,,,,,1號二十樓之3,121.388250520472,25.0395344149814
桃園市龜山區文藝里15鄰文青二路1號二十樓之5,68,6800700,6800700-000,15鄰,文青二路,,,,,,1號二十樓之5,121.388250520472,25.0395344149814
桃園市龜山區文藝里15鄰文青二路1號二十樓之6,68,6800700,6800700-000,15鄰,文青二路,,,,,,1號二十樓之6,121.388250520472,25.0395344149814
桃園市龜山區文藝里15鄰文青二路1號二十樓之7,68,6800700,6800700-000,15鄰,文青二路,,,,,,1號二十樓之7,121.388250520472,25.0395344149814
桃園市龜山區文藝里15鄰文青二路1號二十樓之8,68,6800700,6800700-000,15鄰,文青二路,,,,,,1號二十樓之8,121.388250520472,25.0395344149814
桃園市龜山區文藝里15鄰文青二路1號二十樓之9,68,6800700,6800700-000,15鄰,文青二路,,,,,,1號二十樓之9,121.388448716883,25.0395338969871
桃園市龜山區文藝里15鄰文青二路1號二十一樓之1,68,6800700,6800700-000,15鄰,文青二路,,,,,,1號二十一樓之1,121.388250520472,25.0395344149814
桃園市龜山區文藝里15鄰文青二路1號二十一樓之2,68,6800700,6800700-000,15鄰,文青二路,,,,,,1號二十一樓之2,121.388250520472,25.0395344149814
桃園市龜山區文藝里15鄰文青二路1號二十一樓之3,68,6800700,6800700-000,15鄰,文青二路,,,,,,1號二十一樓之3,121.388250520472,25.0395344149814
桃園市龜山區文藝里15鄰文青二路1號二十一樓之5,68,6800700,6800700-000,15鄰,文青二路,,,,,,1號二十一樓之5,121.388250520472,25.0395344149814
桃園市龜山區文藝里15鄰文青二路1號二十一樓之6,68,6800700,6800700-000,15鄰,文青二路,,,,,,1號二十一樓之6,121.388250520472,25.0395344149814
桃園市龜山區文藝里15鄰文青二路1號二十一樓之7,68,6800700,6800700-000,15鄰,文青二路,,,,,,1號二十一樓之7,121.388250520472,25.0395344149814
桃園市龜山區文藝里15鄰文青二路1號二十一樓之8,68,6800700,6800700-000,15鄰,文青二路,,,,,,1號二十一樓之8,121.388250520472,25.0395344149814
桃園市龜山區文藝里15鄰文青二路1號二十一樓之9,68,6800700,6800700-000,15鄰,文青二路,,,,,,1號二十一樓之9,121.388448716883,25.0395338969871
桃園市龜山區文藝里15鄰文青二路3號,68,6800700,6800700-000,15鄰,文青二路,,,,,,3號,121.38823860046,25.0394939997869
桃園市龜山區文藝里15鄰文青二路5號,68,6800700,6800700-000,15鄰,文青二路,,,,,,5號,121.388223716037,25.0394563007965
桃園市龜山區文藝里4鄰文青二路6號二樓,68,6800700,6800700-000,4鄰,文青二路,,,,,,6號二樓,121.387755452745,25.0398594589898
桃園市龜山區文藝里15鄰文青二路7號,68,6800700,6800700-000,15鄰,文青二路,,,,,,7號,121.388205776633,25.0394240267062
桃園市龜山區文藝里4鄰文青二路8號,68,6800700,6800700-000,4鄰,文青二路,,,,,,8號,121.387751082826,25.0397933839639
桃園市龜山區文藝里4鄰文青二路8號三樓之1,68,6800700,6800700-000,4鄰,文青二路,,,,,,8號三樓之1,121.387751082826,25.0397933839639
桃園市龜山區文藝里4鄰文青二路8號三樓之2,68,6800700,6800700-000,4鄰,文青二路,,,,,,8號三樓之2,121.387751082826,25.0397933839639
桃園市龜山區文藝里4鄰文青二路8號三樓之3,68,6800700,6800700-000,4鄰,文青二路,,,,,,8號三樓之3,121.387751082826,25.0397933839639
桃園市龜山區文藝里4鄰文青二路8號四樓之1,68,6800700,6800700-000,4鄰,文青二路,,,,,,8號四樓之1,121.387751082826,25.0397933839639
桃園市龜山區文藝里4鄰文青二路8號四樓之2,68,6800700,6800700-000,4鄰,文青二路,,,,,,8號四樓之2,121.387751082826,25.0397933839639
桃園市龜山區文藝里4鄰文青二路8號四樓之3,68,6800700,6800700-000,4鄰,文青二路,,,,,,8號四樓之3,121.387751082826,25.0397933839639
桃園市龜山區文藝里4鄰文青二路8號四樓之5,68,6800700,6800700-000,4鄰,文青二路,,,,,,8號四樓之5,121.387751082826,25.0397933839639
桃園市龜山區文藝里4鄰文青二路8號五樓之1,68,6800700,6800700-000,4鄰,文青二路,,,,,,8號五樓之1,121.387751082826,25.0397933839639
桃園市龜山區文藝里4鄰文青二路8號五樓之2,68,6800700,6800700-000,4鄰,文青二路,,,,,,8號五樓之2,121.387751082826,25.0397933839639
桃園市龜山區文藝里4鄰文青二路8號五樓之3,68,6800700,6800700-000,4鄰,文青二路,,,,,,8號五樓之3,121.387751082826,25.0397933839639
桃園市龜山區文藝里4鄰文青二路8號五樓之5,68,6800700,6800700-000,4鄰,文青二路,,,,,,8號五樓之5,121.387751082826,25.0397933839639
桃園市龜山區文藝里4鄰文青二路8號六樓之1,68,6800700,6800700-000,4鄰,文青二路,,,,,,8號六樓之1,121.387751082826,25.0397933839639
桃園市龜山區文藝里4鄰文青二路8號六樓之2,68,6800700,6800700-000,4鄰,文青二路,,,,,,8號六樓之2,121.387751082826,25.0397933839639
桃園市龜山區文藝里4鄰文青二路8號六樓之3,68,6800700,6800700-000,4鄰,文青二路,,,,,,8號六樓之3,121.387751082826,25.0397933839639
桃園市龜山區文藝里4鄰文青二路8號六樓之5,68,6800700,6800700-000,4鄰,文青二路,,,,,,8號六樓之5,121.387751082826,25.0397933839639
桃園市龜山區文藝里4鄰文青二路8號七樓之1,68,6800700,6800700-000,4鄰,文青二路,,,,,,8號七樓之1,121.387751082826,25.0397933839639
桃園市龜山區文藝里4鄰文青二路8號七樓之2,68,6800700,6800700-000,4鄰,文青二路,,,,,,8號七樓之2,121.387751082826,25.0397933839639
桃園市龜山區文藝里4鄰文青二路8號七樓之3,68,6800700,6800700-000,4鄰,文青二路,,,,,,8號七樓之3,121.387751082826,25.0397933839639
桃園市龜山區文藝里4鄰文青二路8號七樓之5,68,6800700,6800700-000,4鄰,文青二路,,,,,,8號七樓之5,121.387751082826,25.0397933839639
桃園市龜山區文藝里15鄰文青二路9號,68,6800700,6800700-000,15鄰,文青二路,,,,,,9號,121.388395042818,25.0393885026966
桃園市龜山區文藝里14鄰文青二路11號,68,6800700,6800700-000,14鄰,文青二路,,,,,,11號,121.388186233328,25.039322961912
桃園市龜山區文藝里14鄰文青二路11號十樓之1,68,6800700,6800700-000,14鄰,文青二路,,,,,,11號十樓之1,121.388186233328,25.039322961912
桃園市龜山區文藝里14鄰文青二路11號十樓之2,68,6800700,6800700-000,14鄰,文青二路,,,,,,11號十樓之2,121.388186233328,25.039322961912
桃園市龜山區文藝里14鄰文青二路11號十樓之3,68,6800700,6800700-000,14鄰,文青二路,,,,,,11號十樓之3,121.388186233328,25.039322961912
桃園市龜山區文藝里14鄰文青二路11號十樓之5,68,6800700,6800700-000,14鄰,文青二路,,,,,,11號十樓之5,121.388186233328,25.039322961912
桃園市龜山區文藝里14鄰文青二路11號十樓之6,68,6800700,6800700-000,14鄰,文青二路,,,,,,11號十樓之6,121.388186233328,25.039322961912
桃園市龜山區文藝里14鄰文青二路11號十樓之7,68,6800700,6800700-000,14鄰,文青二路,,,,,,11號十樓之7,121.388186233328,25.039322961912
桃園市龜山區文藝里14鄰文青二路11號十樓之9,68,6800700,6800700-000,14鄰,文青二路,,,,,,11號十樓之9,121.388186233328,25.039322961912
桃園市龜山區文藝里14鄰文青二路11號四樓之1,68,6800700,6800700-000,14鄰,文青二路,,,,,,11號四樓之1,121.388384429401,25.0393224440076
桃園市龜山區文藝里14鄰文青二路11號四樓之2,68,6800700,6800700-000,14鄰,文青二路,,,,,,11號四樓之2,121.388186233328,25.039322961912
桃園市龜山區文藝里14鄰文青二路11號四樓之3,68,6800700,6800700-000,14鄰,文青二路,,,,,,11號四樓之3,121.388186233328,25.039322961912
桃園市龜山區文藝里14鄰文青二路11號四樓之5,68,6800700,6800700-000,14鄰,文青二路,,,,,,11號四樓之5,121.388186233328,25.039322961912
桃園市龜山區文藝里14鄰文青二路11號四樓之6,68,6800700,6800700-000,14鄰,文青二路,,,,,,11號四樓之6,121.388186233328,25.039322961912
桃園市龜山區文藝里14鄰文青二路11號四樓之7,68,6800700,6800700-000,14鄰,文青二路,,,,,,11號四樓之7,121.388186233328,25.039322961912
桃園市龜山區文藝里14鄰文青二路11號四樓之8,68,6800700,6800700-000,14鄰,文青二路,,,,,,11號四樓之8,121.388186233328,25.039322961912
桃園市龜山區文藝里14鄰文青二路11號四樓之9,68,6800700,6800700-000,14鄰,文青二路,,,,,,11號四樓之9,121.388186233328,25.039322961912
桃園市龜山區文藝里14鄰文青二路11號五樓之1,68,6800700,6800700-000,14鄰,文青二路,,,,,,11號五樓之1,121.388384429401,25.0393224440076
桃園市龜山區文藝里14鄰文青二路11號五樓之2,68,6800700,6800700-000,14鄰,文青二路,,,,,,11號五樓之2,121.388186233328,25.039322961912
桃園市龜山區文藝里14鄰文青二路11號五樓之3,68,6800700,6800700-000,14鄰,文青二路,,,,,,11號五樓之3,121.388186233328,25.039322961912
桃園市龜山區文藝里14鄰文青二路11號五樓之5,68,6800700,6800700-000,14鄰,文青二路,,,,,,11號五樓之5,121.388186233328,25.039322961912
桃園市龜山區文藝里14鄰文青二路11號五樓之6,68,6800700,6800700-000,14鄰,文青二路,,,,,,11號五樓之6,121.388186233328,25.039322961912
桃園市龜山區文藝里14鄰文青二路11號五樓之7,68,6800700,6800700-000,14鄰,文青二路,,,,,,11號五樓之7,121.388186233328,25.039322961912
桃園市龜山區文藝里14鄰文青二路11號五樓之8,68,6800700,6800700-000,14鄰,文青二路,,,,,,11號五樓之8,121.388186233328,25.039322961912
桃園市龜山區文藝里14鄰文青二路11號五樓之9,68,6800700,6800700-000,14鄰,文青二路,,,,,,11號五樓之9,121.388186233328,25.039322961912
桃園市龜山區文藝里14鄰文青二路11號六樓之1,68,6800700,6800700-000,14鄰,文青二路,,,,,,11號六樓之1,121.388384429401,25.0393224440076
桃園市龜山區文藝里14鄰文青二路11號六樓之2,68,6800700,6800700-000,14鄰,文青二路,,,,,,11號六樓之2,121.388186233328,25.039322961912
桃園市龜山區文藝里14鄰文青二路11號六樓之3,68,6800700,6800700-000,14鄰,文青二路,,,,,,11號六樓之3,121.388186233328,25.039322961912
桃園市龜山區文藝里14鄰文青二路11號六樓之5,68,6800700,6800700-000,14鄰,文青二路,,,,,,11號六樓之5,121.388186233328,25.039322961912
桃園市龜山區文藝里14鄰文青二路11號六樓之6,68,6800700,6800700-000,14鄰,文青二路,,,,,,11號六樓之6,121.388186233328,25.039322961912
桃園市龜山區文藝里14鄰文青二路11號六樓之7,68,6800700,6800700-000,14鄰,文青二路,,,,,,11號六樓之7,121.388186233328,25.039322961912
桃園市龜山區文藝里14鄰文青二路11號六樓之8,68,6800700,6800700-000,14鄰,文青二路,,,,,,11號六樓之8,121.388186233328,25.039322961912
桃園市龜山區文藝里14鄰文青二路11號六樓之9,68,6800700,6800700-000,14鄰,文青二路,,,,,,11號六樓之9,121.388186233328,25.039322961912
桃園市龜山區文藝里14鄰文青二路11號七樓之1,68,6800700,6800700-000,14鄰,文青二路,,,,,,11號七樓之1,121.388186233328,25.039322961912
桃園市龜山區文藝里14鄰文青二路11號七樓之2,68,6800700,6800700-000,14鄰,文青二路,,,,,,11號七樓之2,121.388186233328,25.039322961912
桃園市龜山區文藝里14鄰文青二路11號七樓之3,68,6800700,6800700-000,14鄰,文青二路,,,,,,11號七樓之3,121.388384429401,25.0393224440076
桃園市龜山區文藝里14鄰文青二路11號七樓之5,68,6800700,6800700-000,14鄰,文青二路,,,,,,11號七樓之5,121.388186233328,25.039322961912
桃園市龜山區文藝里14鄰文青二路11號七樓之6,68,6800700,6800700-000,14鄰,文青二路,,,,,,11號七樓之6,121.388186233328,25.039322961912
桃園市龜山區文藝里14鄰文青二路11號七樓之7,68,6800700,6800700-000,14鄰,文青二路,,,,,,11號七樓之7,121.388186233328,25.039322961912
桃園市龜山區文藝里14鄰文青二路11號七樓之8,68,6800700,6800700-000,14鄰,文青二路,,,,,,11號七樓之8,121.388186233328,25.039322961912
桃園市龜山區文藝里14鄰文青二路11號七樓之9,68,6800700,6800700-000,14鄰,文青二路,,,,,,11號七樓之9,121.388186233328,25.039322961912
桃園市龜山區文藝里14鄰文青二路11號八樓之1,68,6800700,6800700-000,14鄰,文青二路,,,,,,11號八樓之1,121.388384429401,25.0393224440076
桃園市龜山區文藝里14鄰文青二路11號八樓之2,68,6800700,6800700-000,14鄰,文青二路,,,,,,11號八樓之2,121.388186233328,25.039322961912
桃園市龜山區文藝里14鄰文青二路11號八樓之3,68,6800700,6800700-000,14鄰,文青二路,,,,,,11號八樓之3,121.388186233328,25.039322961912
桃園市龜山區文藝里14鄰文青二路11號八樓之5,68,6800700,6800700-000,14鄰,文青二路,,,,,,11號八樓之5,121.388384429401,25.0393224440076
桃園市龜山區文藝里14鄰文青二路11號八樓之6,68,6800700,6800700-000,14鄰,文青二路,,,,,,11號八樓之6,121.388186233328,25.039322961912
桃園市龜山區文藝里14鄰文青二路11號八樓之7,68,6800700,6800700-000,14鄰,文青二路,,,,,,11號八樓之7,121.388186233328,25.039322961912
桃園市龜山區文藝里14鄰文青二路11號八樓之8,68,6800700,6800700-000,14鄰,文青二路,,,,,,11號八樓之8,121.388186233328,25.039322961912
桃園市龜山區文藝里14鄰文青二路11號八樓之9,68,6800700,6800700-000,14鄰,文青二路,,,,,,11號八樓之9,121.388186233328,25.039322961912
桃園市龜山區文藝里14鄰文青二路11號九樓之1,68,6800700,6800700-000,14鄰,文青二路,,,,,,11號九樓之1,121.388186233328,25.039322961912
桃園市龜山區文藝里14鄰文青二路11號九樓之2,68,6800700,6800700-000,14鄰,文青二路,,,,,,11號九樓之2,121.388186233328,25.039322961912
桃園市龜山區文藝里14鄰文青二路11號九樓之3,68,6800700,6800700-000,14鄰,文青二路,,,,,,11號九樓之3,121.388384429401,25.0393224440076
桃園市龜山區文藝里14鄰文青二路11號九樓之5,68,6800700,6800700-000,14鄰,文青二路,,,,,,11號九樓之5,121.388186233328,25.039322961912
桃園市龜山區文藝里14鄰文青二路11號九樓之6,68,6800700,6800700-000,14鄰,文青二路,,,,,,11號九樓之6,121.388186233328,25.039322961912
桃園市龜山區文藝里14鄰文青二路11號九樓之7,68,6800700,6800700-000,14鄰,文青二路,,,,,,11號九樓之7,121.388186233328,25.039322961912
桃園市龜山區文藝里14鄰文青二路11號九樓之9,68,6800700,6800700-000,14鄰,文青二路,,,,,,11號九樓之9,121.388186233328,25.039322961912
桃園市龜山區文藝里14鄰文青二路11號十一樓之1,68,6800700,6800700-000,14鄰,文青二路,,,,,,11號十一樓之1,121.388186233328,25.039322961912
桃園市龜山區文藝里14鄰文青二路11號十一樓之2,68,6800700,6800700-000,14鄰,文青二路,,,,,,11號十一樓之2,121.388186233328,25.039322961912
桃園市龜山區文藝里14鄰文青二路11號十一樓之3,68,6800700,6800700-000,14鄰,文青二路,,,,,,11號十一樓之3,121.388186233328,25.039322961912
桃園市龜山區文藝里14鄰文青二路11號十一樓之5,68,6800700,6800700-000,14鄰,文青二路,,,,,,11號十一樓之5,121.388186233328,25.039322961912
桃園市龜山區文藝里14鄰文青二路11號十一樓之6,68,6800700,6800700-000,14鄰,文青二路,,,,,,11號十一樓之6,121.388384429401,25.0393224440076
桃園市龜山區文藝里14鄰文青二路11號十一樓之7,68,6800700,6800700-000,14鄰,文青二路,,,,,,11號十一樓之7,121.388186233328,25.039322961912
桃園市龜山區文藝里14鄰文青二路11號十一樓之8,68,6800700,6800700-000,14鄰,文青二路,,,,,,11號十一樓之8,121.388186233328,25.039322961912
桃園市龜山區文藝里14鄰文青二路11號十一樓之9,68,6800700,6800700-000,14鄰,文青二路,,,,,,11號十一樓之9,121.388186233328,25.039322961912
桃園市龜山區文藝里14鄰文青二路11號十二樓之1,68,6800700,6800700-000,14鄰,文青二路,,,,,,11號十二樓之1,121.388186233328,25.039322961912
桃園市龜山區文藝里14鄰文青二路11號十二樓之2,68,6800700,6800700-000,14鄰,文青二路,,,,,,11號十二樓之2,121.388186233328,25.039322961912
桃園市龜山區文藝里14鄰文青二路11號十二樓之3,68,6800700,6800700-000,14鄰,文青二路,,,,,,11號十二樓之3,121.388384429401,25.0393224440076
桃園市龜山區文藝里14鄰文青二路11號十二樓之5,68,6800700,6800700-000,14鄰,文青二路,,,,,,11號十二樓之5,121.388186233328,25.039322961912
桃園市龜山區文藝里14鄰文青二路11號十二樓之6,68,6800700,6800700-000,14鄰,文青二路,,,,,,11號十二樓之6,121.388186233328,25.039322961912
桃園市龜山區文藝里14鄰文青二路11號十二樓之7,68,6800700,6800700-000,14鄰,文青二路,,,,,,11號十二樓之7,121.388186233328,25.039322961912
桃園市龜山區文藝里14鄰文青二路11號十二樓之8,68,6800700,6800700-000,14鄰,文青二路,,,,,,11號十二樓之8,121.388186233328,25.039322961912
桃園市龜山區文藝里14鄰文青二路11號十二樓之9,68,6800700,6800700-000,14鄰,文青二路,,,,,,11號十二樓之9,121.388186233328,25.039322961912
桃園市龜山區文藝里14鄰文青二路11號十三樓之1,68,6800700,6800700-000,14鄰,文青二路,,,,,,11號十三樓之1,121.388186233328,25.039322961912
桃園市龜山區文藝里14鄰文青二路11號十三樓之2,68,6800700,6800700-000,14鄰,文青二路,,,,,,11號十三樓之2,121.388186233328,25.039322961912
桃園市龜山區文藝里14鄰文青二路11號十三樓之3,68,6800700,6800700-000,14鄰,文青二路,,,,,,11號十三樓之3,121.388186233328,25.039322961912
桃園市龜山區文藝里14鄰文青二路11號十三樓之5,68,6800700,6800700-000,14鄰,文青二路,,,,,,11號十三樓之5,121.388186233328,25.039322961912
桃園市龜山區文藝里14鄰文青二路11號十三樓之6,68,6800700,6800700-000,14鄰,文青二路,,,,,,11號十三樓之6,121.388384429401,25.0393224440076
桃園市龜山區文藝里14鄰文青二路11號十三樓之7,68,6800700,6800700-000,14鄰,文青二路,,,,,,11號十三樓之7,121.388186233328,25.039322961912
桃園市龜山區文藝里14鄰文青二路11號十三樓之8,68,6800700,6800700-000,14鄰,文青二路,,,,,,11號十三樓之8,121.388186233328,25.039322961912
桃園市龜山區文藝里14鄰文青二路11號十三樓之9,68,6800700,6800700-000,14鄰,文青二路,,,,,,11號十三樓之9,121.388186233328,25.039322961912
桃園市龜山區文藝里14鄰文青二路11號十四樓之1,68,6800700,6800700-000,14鄰,文青二路,,,,,,11號十四樓之1,121.388186233328,25.039322961912
桃園市龜山區文藝里14鄰文青二路11號十四樓之2,68,6800700,6800700-000,14鄰,文青二路,,,,,,11號十四樓之2,121.388186233328,25.039322961912
桃園市龜山區文藝里14鄰文青二路11號十四樓之3,68,6800700,6800700-000,14鄰,文青二路,,,,,,11號十四樓之3,121.388186233328,25.039322961912
桃園市龜山區文藝里14鄰文青二路11號十四樓之5,68,6800700,6800700-000,14鄰,文青二路,,,,,,11號十四樓之5,121.388186233328,25.039322961912
桃園市龜山區文藝里14鄰文青二路11號十四樓之6,68,6800700,6800700-000,14鄰,文青二路,,,,,,11號十四樓之6,121.388186233328,25.039322961912
桃園市龜山區文藝里14鄰文青二路11號十四樓之7,68,6800700,6800700-000,14鄰,文青二路,,,,,,11號十四樓之7,121.388186233328,25.039322961912
桃園市龜山區文藝里14鄰文青二路11號十四樓之8,68,6800700,6800700-000,14鄰,文青二路,,,,,,11號十四樓之8,121.388186233328,25.039322961912
桃園市龜山區文藝里14鄰文青二路11號十四樓之9,68,6800700,6800700-000,14鄰,文青二路,,,,,,11號十四樓之9,121.388384429401,25.0393224440076
桃園市龜山區文藝里14鄰文青二路11號十五樓之1,68,6800700,6800700-000,14鄰,文青二路,,,,,,11號十五樓之1,121.388186233328,25.039322961912
桃園市龜山區文藝里14鄰文青二路11號十五樓之2,68,6800700,6800700-000,14鄰,文青二路,,,,,,11號十五樓之2,121.388186233328,25.039322961912
桃園市龜山區文藝里14鄰文青二路11號十五樓之3,68,6800700,6800700-000,14鄰,文青二路,,,,,,11號十五樓之3,121.388186233328,25.039322961912
桃園市龜山區文藝里14鄰文青二路11號十五樓之5,68,6800700,6800700-000,14鄰,文青二路,,,,,,11號十五樓之5,121.388384429401,25.0393224440076
桃園市龜山區文藝里14鄰文青二路11號十五樓之6,68,6800700,6800700-000,14鄰,文青二路,,,,,,11號十五樓之6,121.388186233328,25.039322961912
桃園市龜山區文藝里14鄰文青二路11號十五樓之7,68,6800700,6800700-000,14鄰,文青二路,,,,,,11號十五樓之7,121.388186233328,25.039322961912
桃園市龜山區文藝里14鄰文青二路11號十五樓之8,68,6800700,6800700-000,14鄰,文青二路,,,,,,11號十五樓之8,121.388186233328,25.039322961912
桃園市龜山區文藝里14鄰文青二路11號十五樓之9,68,6800700,6800700-000,14鄰,文青二路,,,,,,11號十五樓之9,121.388186233328,25.039322961912
桃園市龜山區文藝里14鄰文青二路11號十六樓之1,68,6800700,6800700-000,14鄰,文青二路,,,,,,11號十六樓之1,121.388186233328,25.039322961912
桃園市龜山區文藝里14鄰文青二路11號十六樓之2,68,6800700,6800700-000,14鄰,文青二路,,,,,,11號十六樓之2,121.388186233328,25.039322961912
桃園市龜山區文藝里14鄰文青二路11號十六樓之3,68,6800700,6800700-000,14鄰,文青二路,,,,,,11號十六樓之3,121.388186233328,25.039322961912
桃園市龜山區文藝里14鄰文青二路11號十六樓之5,68,6800700,6800700-000,14鄰,文青二路,,,,,,11號十六樓之5,121.388186233328,25.039322961912
桃園市龜山區文藝里14鄰文青二路11號十六樓之6,68,6800700,6800700-000,14鄰,文青二路,,,,,,11號十六樓之6,121.388186233328,25.039322961912
桃園市龜山區文藝里14鄰文青二路11號十六樓之7,68,6800700,6800700-000,14鄰,文青二路,,,,,,11號十六樓之7,121.388186233328,25.039322961912
桃園市龜山區文藝里14鄰文青二路11號十六樓之8,68,6800700,6800700-000,14鄰,文青二路,,,,,,11號十六樓之8,121.388186233328,25.039322961912
桃園市龜山區文藝里14鄰文青二路11號十六樓之9,68,6800700,6800700-000,14鄰,文青二路,,,,,,11號十六樓之9,121.388186233328,25.039322961912
桃園市龜山區文藝里14鄰文青二路11號十七樓之1,68,6800700,6800700-000,14鄰,文青二路,,,,,,11號十七樓之1,121.388186233328,25.039322961912
桃園市龜山區文藝里14鄰文青二路11號十七樓之2,68,6800700,6800700-000,14鄰,文青二路,,,,,,11號十七樓之2,121.388186233328,25.039322961912
桃園市龜山區文藝里14鄰文青二路11號十七樓之3,68,6800700,6800700-000,14鄰,文青二路,,,,,,11號十七樓之3,121.388384429401,25.0393224440076
桃園市龜山區文藝里14鄰文青二路11號十七樓之5,68,6800700,6800700-000,14鄰,文青二路,,,,,,11號十七樓之5,121.388186233328,25.039322961912
桃園市龜山區文藝里14鄰文青二路11號十七樓之6,68,6800700,6800700-000,14鄰,文青二路,,,,,,11號十七樓之6,121.388384429401,25.0393224440076
桃園市龜山區文藝里14鄰文青二路11號十七樓之7,68,6800700,6800700-000,14鄰,文青二路,,,,,,11號十七樓之7,121.388186233328,25.039322961912
桃園市龜山區文藝里14鄰文青二路11號十七樓之8,68,6800700,6800700-000,14鄰,文青二路,,,,,,11號十七樓之8,121.388186233328,25.039322961912
桃園市龜山區文藝里14鄰文青二路11號十七樓之9,68,6800700,6800700-000,14鄰,文青二路,,,,,,11號十七樓之9,121.388186233328,25.039322961912
桃園市龜山區文藝里14鄰文青二路11號十八樓之1,68,6800700,6800700-000,14鄰,文青二路,,,,,,11號十八樓之1,121.388186233328,25.039322961912
桃園市龜山區文藝里14鄰文青二路11號十八樓之2,68,6800700,6800700-000,14鄰,文青二路,,,,,,11號十八樓之2,121.388186233328,25.039322961912
桃園市龜山區文藝里14鄰文青二路11號十八樓之3,68,6800700,6800700-000,14鄰,文青二路,,,,,,11號十八樓之3,121.388186233328,25.039322961912
桃園市龜山區文藝里14鄰文青二路11號十八樓之5,68,6800700,6800700-000,14鄰,文青二路,,,,,,11號十八樓之5,121.388384429401,25.0393224440076
桃園市龜山區文藝里14鄰文青二路11號十八樓之6,68,6800700,6800700-000,14鄰,文青二路,,,,,,11號十八樓之6,121.388186233328,25.039322961912
桃園市龜山區文藝里14鄰文青二路11號十八樓之7,68,6800700,6800700-000,14鄰,文青二路,,,,,,11號十八樓之7,121.388186233328,25.039322961912
桃園市龜山區文藝里14鄰文青二路11號十八樓之8,68,6800700,6800700-000,14鄰,文青二路,,,,,,11號十八樓之8,121.388186233328,25.039322961912
桃園市龜山區文藝里14鄰文青二路11號十八樓之9,68,6800700,6800700-000,14鄰,文青二路,,,,,,11號十八樓之9,121.388186233328,25.039322961912
桃園市龜山區文藝里14鄰文青二路11號十九樓之1,68,6800700,6800700-000,14鄰,文青二路,,,,,,11號十九樓之1,121.388186233328,25.039322961912
桃園市龜山區文藝里14鄰文青二路11號十九樓之2,68,6800700,6800700-000,14鄰,文青二路,,,,,,11號十九樓之2,121.388186233328,25.039322961912
桃園市龜山區文藝里14鄰文青二路11號十九樓之3,68,6800700,6800700-000,14鄰,文青二路,,,,,,11號十九樓之3,121.388186233328,25.039322961912
桃園市龜山區文藝里14鄰文青二路11號十九樓之5,68,6800700,6800700-000,14鄰,文青二路,,,,,,11號十九樓之5,121.388186233328,25.039322961912
桃園市龜山區文藝里14鄰文青二路11號十九樓之6,68,6800700,6800700-000,14鄰,文青二路,,,,,,11號十九樓之6,121.388186233328,25.039322961912
桃園市龜山區文藝里14鄰文青二路11號十九樓之7,68,6800700,6800700-000,14鄰,文青二路,,,,,,11號十九樓之7,121.388186233328,25.039322961912
桃園市龜山區文藝里14鄰文青二路11號十九樓之8,68,6800700,6800700-000,14鄰,文青二路,,,,,,11號十九樓之8,121.388186233328,25.039322961912
桃園市龜山區文藝里14鄰文青二路11號十九樓之9,68,6800700,6800700-000,14鄰,文青二路,,,,,,11號十九樓之9,121.388384429401,25.0393224440076
桃園市龜山區文藝里14鄰文青二路11號二十樓之1,68,6800700,6800700-000,14鄰,文青二路,,,,,,11號二十樓之1,121.388186233328,25.039322961912
桃園市龜山區文藝里14鄰文青二路11號二十樓之2,68,6800700,6800700-000,14鄰,文青二路,,,,,,11號二十樓之2,121.388186233328,25.039322961912
桃園市龜山區文藝里14鄰文青二路11號二十樓之3,68,6800700,6800700-000,14鄰,文青二路,,,,,,11號二十樓之3,121.388186233328,25.039322961912
桃園市龜山區文藝里14鄰文青二路11號二十樓之5,68,6800700,6800700-000,14鄰,文青二路,,,,,,11號二十樓之5,121.388186233328,25.039322961912
桃園市龜山區文藝里14鄰文青二路11號二十樓之6,68,6800700,6800700-000,14鄰,文青二路,,,,,,11號二十樓之6,121.388186233328,25.039322961912
桃園市龜山區文藝里14鄰文青二路11號二十樓之7,68,6800700,6800700-000,14鄰,文青二路,,,,,,11號二十樓之7,121.388186233328,25.039322961912
桃園市龜山區文藝里14鄰文青二路11號二十樓之8,68,6800700,6800700-000,14鄰,文青二路,,,,,,11號二十樓之8,121.388186233328,25.039322961912
桃園市龜山區文藝里14鄰文青二路11號二十樓之9,68,6800700,6800700-000,14鄰,文青二路,,,,,,11號二十樓之9,121.388186233328,25.039322961912
桃園市龜山區文藝里14鄰文青二路11號二十一樓之1,68,6800700,6800700-000,14鄰,文青二路,,,,,,11號二十一樓之1,121.388186233328,25.039322961912
桃園市龜山區文藝里14鄰文青二路11號二十一樓之2,68,6800700,6800700-000,14鄰,文青二路,,,,,,11號二十一樓之2,121.388186233328,25.039322961912
桃園市龜山區文藝里14鄰文青二路11號二十一樓之3,68,6800700,6800700-000,14鄰,文青二路,,,,,,11號二十一樓之3,121.388186233328,25.039322961912
桃園市龜山區文藝里14鄰文青二路11號二十一樓之5,68,6800700,6800700-000,14鄰,文青二路,,,,,,11號二十一樓之5,121.388384429401,25.0393224440076
桃園市龜山區文藝里14鄰文青二路11號二十一樓之6,68,6800700,6800700-000,14鄰,文青二路,,,,,,11號二十一樓之6,121.388186233328,25.039322961912
桃園市龜山區文藝里14鄰文青二路11號二十一樓之7,68,6800700,6800700-000,14鄰,文青二路,,,,,,11號二十一樓之7,121.388186233328,25.039322961912
桃園市龜山區文藝里14鄰文青二路11號二十一樓之8,68,6800700,6800700-000,14鄰,文青二路,,,,,,11號二十一樓之8,121.388186233328,25.039322961912
桃園市龜山區文藝里14鄰文青二路11號二十一樓之9,68,6800700,6800700-000,14鄰,文青二路,,,,,,11號二十一樓之9,121.388186233328,25.039322961912
桃園市龜山區文藝里4鄰文青二路12號,68,6800700,6800700-000,4鄰,文青二路,,,,,,12號,121.38770231991,25.0395707854869
桃園市龜山區文藝里14鄰文青二路13號,68,6800700,6800700-000,14鄰,文青二路,,,,,,13號,121.388375400267,25.0392874381876
桃園市龜山區文藝里14鄰文青二路15號,68,6800700,6800700-000,14鄰,文青二路,,,,,,15號,121.388171264264,25.0392583590969
桃園市龜山區文藝里14鄰文青二路17號,68,6800700,6800700-000,14鄰,文青二路,,,,,,17號,121.388159262256,25.039223361029
桃園市龜山區文藝里14鄰文青二路19號,68,6800700,6800700-000,14鄰,文青二路,,,,,,19號,121.388150323767,25.039185646497
桃園市龜山區文藝里13鄰文青二路21號,68,6800700,6800700-000,13鄰,文青二路,,,,,,21號,121.388297951659,25.0389560347638
桃園市龜山區文藝里13鄰文青二路21號十樓之1,68,6800700,6800700-000,13鄰,文青二路,,,,,,21號十樓之1,121.388297951659,25.0389560347638
桃園市龜山區文藝里13鄰文青二路21號十樓之2,68,6800700,6800700-000,13鄰,文青二路,,,,,,21號十樓之2,121.388297951659,25.0389560347638
桃園市龜山區文藝里13鄰文青二路21號十樓之3,68,6800700,6800700-000,13鄰,文青二路,,,,,,21號十樓之3,121.388297951659,25.0389560347638
桃園市龜山區文藝里13鄰文青二路21號十樓之5,68,6800700,6800700-000,13鄰,文青二路,,,,,,21號十樓之5,121.388297951659,25.0389560347638
桃園市龜山區文藝里13鄰文青二路21號十樓之6,68,6800700,6800700-000,13鄰,文青二路,,,,,,21號十樓之6,121.38849614714,25.0389555167174
桃園市龜山區文藝里13鄰文青二路21號十樓之7,68,6800700,6800700-000,13鄰,文青二路,,,,,,21號十樓之7,121.388297951659,25.0389560347638
桃園市龜山區文藝里13鄰文青二路21號十樓之9,68,6800700,6800700-000,13鄰,文青二路,,,,,,21號十樓之9,121.388297951659,25.0389560347638
桃園市龜山區文藝里13鄰文青二路21號二樓之1,68,6800700,6800700-000,13鄰,文青二路,,,,,,21號二樓之1,121.38849614714,25.0389555167174
桃園市龜山區文藝里13鄰文青二路21號二樓之2,68,6800700,6800700-000,13鄰,文青二路,,,,,,21號二樓之2,121.388297951659,25.0389560347638
桃園市龜山區文藝里13鄰文青二路21號二樓之3,68,6800700,6800700-000,13鄰,文青二路,,,,,,21號二樓之3,121.388297951659,25.0389560347638
桃園市龜山區文藝里13鄰文青二路21號二樓之5,68,6800700,6800700-000,13鄰,文青二路,,,,,,21號二樓之5,121.388297951659,25.0389560347638
桃園市龜山區文藝里13鄰文青二路21號二樓之6,68,6800700,6800700-000,13鄰,文青二路,,,,,,21號二樓之6,121.388297951659,25.0389560347638
桃園市龜山區文藝里13鄰文青二路21號二樓之7,68,6800700,6800700-000,13鄰,文青二路,,,,,,21號二樓之7,121.388297951659,25.0389560347638
桃園市龜山區文藝里13鄰文青二路21號二樓之8,68,6800700,6800700-000,13鄰,文青二路,,,,,,21號二樓之8,121.388297951659,25.0389560347638
桃園市龜山區文藝里13鄰文青二路21號二樓之9,68,6800700,6800700-000,13鄰,文青二路,,,,,,21號二樓之9,121.388297951659,25.0389560347638
桃園市龜山區文藝里13鄰文青二路21號三樓之1,68,6800700,6800700-000,13鄰,文青二路,,,,,,21號三樓之1,121.38849614714,25.0389555167174
桃園市龜山區文藝里13鄰文青二路21號三樓之2,68,6800700,6800700-000,13鄰,文青二路,,,,,,21號三樓之2,121.388297951659,25.0389560347638
桃園市龜山區文藝里13鄰文青二路21號三樓之3,68,6800700,6800700-000,13鄰,文青二路,,,,,,21號三樓之3,121.388297951659,25.0389560347638
桃園市龜山區文藝里13鄰文青二路21號三樓之5,68,6800700,6800700-000,13鄰,文青二路,,,,,,21號三樓之5,121.388297951659,25.0389560347638
桃園市龜山區文藝里13鄰文青二路21號三樓之6,68,6800700,6800700-000,13鄰,文青二路,,,,,,21號三樓之6,121.388297951659,25.0389560347638
桃園市龜山區文藝里13鄰文青二路21號三樓之7,68,6800700,6800700-000,13鄰,文青二路,,,,,,21號三樓之7,121.388297951659,25.0389560347638
桃園市龜山區文藝里13鄰文青二路21號三樓之8,68,6800700,6800700-000,13鄰,文青二路,,,,,,21號三樓之8,121.388297951659,25.0389560347638
桃園市龜山區文藝里13鄰文青二路21號三樓之9,68,6800700,6800700-000,13鄰,文青二路,,,,,,21號三樓之9,121.388297951659,25.0389560347638
桃園市龜山區文藝里13鄰文青二路21號四樓之1,68,6800700,6800700-000,13鄰,文青二路,,,,,,21號四樓之1,121.38849614714,25.0389555167174
桃園市龜山區文藝里13鄰文青二路21號四樓之2,68,6800700,6800700-000,13鄰,文青二路,,,,,,21號四樓之2,121.388297951659,25.0389560347638
桃園市龜山區文藝里13鄰文青二路21號四樓之3,68,6800700,6800700-000,13鄰,文青二路,,,,,,21號四樓之3,121.388297951659,25.0389560347638
桃園市龜山區文藝里13鄰文青二路21號四樓之5,68,6800700,6800700-000,13鄰,文青二路,,,,,,21號四樓之5,121.388297951659,25.0389560347638
桃園市龜山區文藝里13鄰文青二路21號四樓之6,68,6800700,6800700-000,13鄰,文青二路,,,,,,21號四樓之6,121.388297951659,25.0389560347638
桃園市龜山區文藝里13鄰文青二路21號四樓之7,68,6800700,6800700-000,13鄰,文青二路,,,,,,21號四樓之7,121.388297951659,25.0389560347638
桃園市龜山區文藝里13鄰文青二路21號四樓之8,68,6800700,6800700-000,13鄰,文青二路,,,,,,21號四樓之8,121.388297951659,25.0389560347638
桃園市龜山區文藝里13鄰文青二路21號四樓之9,68,6800700,6800700-000,13鄰,文青二路,,,,,,21號四樓之9,121.388297951659,25.0389560347638
桃園市龜山區文藝里13鄰文青二路21號五樓之1,68,6800700,6800700-000,13鄰,文青二路,,,,,,21號五樓之1,121.38849614714,25.0389555167174
桃園市龜山區文藝里13鄰文青二路21號五樓之2,68,6800700,6800700-000,13鄰,文青二路,,,,,,21號五樓之2,121.388297951659,25.0389560347638
桃園市龜山區文藝里13鄰文青二路21號五樓之3,68,6800700,6800700-000,13鄰,文青二路,,,,,,21號五樓之3,121.388297951659,25.0389560347638
桃園市龜山區文藝里13鄰文青二路21號五樓之5,68,6800700,6800700-000,13鄰,文青二路,,,,,,21號五樓之5,121.38849614714,25.0389555167174
桃園市龜山區文藝里13鄰文青二路21號五樓之6,68,6800700,6800700-000,13鄰,文青二路,,,,,,21號五樓之6,121.388297951659,25.0389560347638
桃園市龜山區文藝里13鄰文青二路21號五樓之7,68,6800700,6800700-000,13鄰,文青二路,,,,,,21號五樓之7,121.388297951659,25.0389560347638
桃園市龜山區文藝里13鄰文青二路21號五樓之8,68,6800700,6800700-000,13鄰,文青二路,,,,,,21號五樓之8,121.388297951659,25.0389560347638
桃園市龜山區文藝里13鄰文青二路21號五樓之9,68,6800700,6800700-000,13鄰,文青二路,,,,,,21號五樓之9,121.388297951659,25.0389560347638
桃園市龜山區文藝里13鄰文青二路21號六樓之1,68,6800700,6800700-000,13鄰,文青二路,,,,,,21號六樓之1,121.388297951659,25.0389560347638
桃園市龜山區文藝里13鄰文青二路21號六樓之2,68,6800700,6800700-000,13鄰,文青二路,,,,,,21號六樓之2,121.388297951659,25.0389560347638
桃園市龜山區文藝里13鄰文青二路21號六樓之3,68,6800700,6800700-000,13鄰,文青二路,,,,,,21號六樓之3,121.388297951659,25.0389560347638
桃園市龜山區文藝里13鄰文青二路21號六樓之5,68,6800700,6800700-000,13鄰,文青二路,,,,,,21號六樓之5,121.388297951659,25.0389560347638
桃園市龜山區文藝里13鄰文青二路21號六樓之6,68,6800700,6800700-000,13鄰,文青二路,,,,,,21號六樓之6,121.388297951659,25.0389560347638
桃園市龜山區文藝里13鄰文青二路21號六樓之7,68,6800700,6800700-000,13鄰,文青二路,,,,,,21號六樓之7,121.38849614714,25.0389555167174
桃園市龜山區文藝里13鄰文青二路21號六樓之8,68,6800700,6800700-000,13鄰,文青二路,,,,,,21號六樓之8,121.388297951659,25.0389560347638
桃園市龜山區文藝里13鄰文青二路21號六樓之9,68,6800700,6800700-000,13鄰,文青二路,,,,,,21號六樓之9,121.388297951659,25.0389560347638
桃園市龜山區文藝里13鄰文青二路21號七樓之1,68,6800700,6800700-000,13鄰,文青二路,,,,,,21號七樓之1,121.388297951659,25.0389560347638
桃園市龜山區文藝里13鄰文青二路21號七樓之2,68,6800700,6800700-000,13鄰,文青二路,,,,,,21號七樓之2,121.388297951659,25.0389560347638
桃園市龜山區文藝里13鄰文青二路21號七樓之3,68,6800700,6800700-000,13鄰,文青二路,,,,,,21號七樓之3,121.388297951659,25.0389560347638
桃園市龜山區文藝里13鄰文青二路21號七樓之5,68,6800700,6800700-000,13鄰,文青二路,,,,,,21號七樓之5,121.388297951659,25.0389560347638
桃園市龜山區文藝里13鄰文青二路21號七樓之6,68,6800700,6800700-000,13鄰,文青二路,,,,,,21號七樓之6,121.388297951659,25.0389560347638
桃園市龜山區文藝里13鄰文青二路21號七樓之7,68,6800700,6800700-000,13鄰,文青二路,,,,,,21號七樓之7,121.388297951659,25.0389560347638
桃園市龜山區文藝里13鄰文青二路21號七樓之8,68,6800700,6800700-000,13鄰,文青二路,,,,,,21號七樓之8,121.388297951659,25.0389560347638
桃園市龜山區文藝里13鄰文青二路21號七樓之9,68,6800700,6800700-000,13鄰,文青二路,,,,,,21號七樓之9,121.388297951659,25.0389560347638
桃園市龜山區文藝里13鄰文青二路21號八樓之1,68,6800700,6800700-000,13鄰,文青二路,,,,,,21號八樓之1,121.38849614714,25.0389555167174
桃園市龜山區文藝里13鄰文青二路21號八樓之2,68,6800700,6800700-000,13鄰,文青二路,,,,,,21號八樓之2,121.388297951659,25.0389560347638
桃園市龜山區文藝里13鄰文青二路21號八樓之3,68,6800700,6800700-000,13鄰,文青二路,,,,,,21號八樓之3,121.388297951659,25.0389560347638
桃園市龜山區文藝里13鄰文青二路21號八樓之5,68,6800700,6800700-000,13鄰,文青二路,,,,,,21號八樓之5,121.388297951659,25.0389560347638
桃園市龜山區文藝里13鄰文青二路21號八樓之6,68,6800700,6800700-000,13鄰,文青二路,,,,,,21號八樓之6,121.388297951659,25.0389560347638
桃園市龜山區文藝里13鄰文青二路21號八樓之7,68,6800700,6800700-000,13鄰,文青二路,,,,,,21號八樓之7,121.388297951659,25.0389560347638
桃園市龜山區文藝里13鄰文青二路21號八樓之8,68,6800700,6800700-000,13鄰,文青二路,,,,,,21號八樓之8,121.388297951659,25.0389560347638
桃園市龜山區文藝里13鄰文青二路21號八樓之9,68,6800700,6800700-000,13鄰,文青二路,,,,,,21號八樓之9,121.388297951659,25.0389560347638
桃園市龜山區文藝里13鄰文青二路21號九樓之1,68,6800700,6800700-000,13鄰,文青二路,,,,,,21號九樓之1,121.38849614714,25.0389555167174
桃園市龜山區文藝里13鄰文青二路21號九樓之2,68,6800700,6800700-000,13鄰,文青二路,,,,,,21號九樓之2,121.388297951659,25.0389560347638
桃園市龜山區文藝里13鄰文青二路21號九樓之3,68,6800700,6800700-000,13鄰,文青二路,,,,,,21號九樓之3,121.388297951659,25.0389560347638
桃園市龜山區文藝里13鄰文青二路21號九樓之5,68,6800700,6800700-000,13鄰,文青二路,,,,,,21號九樓之5,121.388297951659,25.0389560347638
桃園市龜山區文藝里13鄰文青二路21號九樓之6,68,6800700,6800700-000,13鄰,文青二路,,,,,,21號九樓之6,121.388297951659,25.0389560347638
桃園市龜山區文藝里13鄰文青二路21號九樓之7,68,6800700,6800700-000,13鄰,文青二路,,,,,,21號九樓之7,121.388297951659,25.0389560347638
桃園市龜山區文藝里13鄰文青二路21號九樓之9,68,6800700,6800700-000,13鄰,文青二路,,,,,,21號九樓之9,121.388297951659,25.0389560347638
桃園市龜山區文藝里13鄰文青二路21號十一樓之1,68,6800700,6800700-000,13鄰,文青二路,,,,,,21號十一樓之1,121.388297951659,25.0389560347638
桃園市龜山區文藝里13鄰文青二路21號十一樓之2,68,6800700,6800700-000,13鄰,文青二路,,,,,,21號十一樓之2,121.388297951659,25.0389560347638
桃園市龜山區文藝里13鄰文青二路21號十一樓之3,68,6800700,6800700-000,13鄰,文青二路,,,,,,21號十一樓之3,121.388297951659,25.0389560347638
桃園市龜山區文藝里13鄰文青二路21號十一樓之5,68,6800700,6800700-000,13鄰,文青二路,,,,,,21號十一樓之5,121.388297951659,25.0389560347638
桃園市龜山區文藝里13鄰文青二路21號十一樓之6,68,6800700,6800700-000,13鄰,文青二路,,,,,,21號十一樓之6,121.388297951659,25.0389560347638
桃園市龜山區文藝里13鄰文青二路21號十一樓之7,68,6800700,6800700-000,13鄰,文青二路,,,,,,21號十一樓之7,121.38849614714,25.0389555167174
桃園市龜山區文藝里13鄰文青二路21號十一樓之8,68,6800700,6800700-000,13鄰,文青二路,,,,,,21號十一樓之8,121.388297951659,25.0389560347638
桃園市龜山區文藝里13鄰文青二路21號十一樓之9,68,6800700,6800700-000,13鄰,文青二路,,,,,,21號十一樓之9,121.388297951659,25.0389560347638
桃園市龜山區文藝里13鄰文青二路21號十二樓之1,68,6800700,6800700-000,13鄰,文青二路,,,,,,21號十二樓之1,121.388297951659,25.0389560347638
桃園市龜山區文藝里13鄰文青二路21號十二樓之2,68,6800700,6800700-000,13鄰,文青二路,,,,,,21號十二樓之2,121.388297951659,25.0389560347638
桃園市龜山區文藝里13鄰文青二路21號十二樓之3,68,6800700,6800700-000,13鄰,文青二路,,,,,,21號十二樓之3,121.388297951659,25.0389560347638
桃園市龜山區文藝里13鄰文青二路21號十二樓之5,68,6800700,6800700-000,13鄰,文青二路,,,,,,21號十二樓之5,121.38849614714,25.0389555167174
桃園市龜山區文藝里13鄰文青二路21號十二樓之6,68,6800700,6800700-000,13鄰,文青二路,,,,,,21號十二樓之6,121.388297951659,25.0389560347638
桃園市龜山區文藝里13鄰文青二路21號十二樓之7,68,6800700,6800700-000,13鄰,文青二路,,,,,,21號十二樓之7,121.388297951659,25.0389560347638
桃園市龜山區文藝里13鄰文青二路21號十二樓之8,68,6800700,6800700-000,13鄰,文青二路,,,,,,21號十二樓之8,121.388297951659,25.0389560347638
桃園市龜山區文藝里13鄰文青二路21號十二樓之9,68,6800700,6800700-000,13鄰,文青二路,,,,,,21號十二樓之9,121.388297951659,25.0389560347638
桃園市龜山區文藝里13鄰文青二路21號十三樓之1,68,6800700,6800700-000,13鄰,文青二路,,,,,,21號十三樓之1,121.388297951659,25.0389560347638
桃園市龜山區文藝里13鄰文青二路21號十三樓之2,68,6800700,6800700-000,13鄰,文青二路,,,,,,21號十三樓之2,121.388297951659,25.0389560347638
桃園市龜山區文藝里13鄰文青二路21號十三樓之3,68,6800700,6800700-000,13鄰,文青二路,,,,,,21號十三樓之3,121.388297951659,25.0389560347638
桃園市龜山區文藝里13鄰文青二路21號十三樓之5,68,6800700,6800700-000,13鄰,文青二路,,,,,,21號十三樓之5,121.388297951659,25.0389560347638
桃園市龜山區文藝里13鄰文青二路21號十三樓之6,68,6800700,6800700-000,13鄰,文青二路,,,,,,21號十三樓之6,121.388297951659,25.0389560347638
桃園市龜山區文藝里13鄰文青二路21號十三樓之7,68,6800700,6800700-000,13鄰,文青二路,,,,,,21號十三樓之7,121.388297951659,25.0389560347638
桃園市龜山區文藝里13鄰文青二路21號十三樓之8,68,6800700,6800700-000,13鄰,文青二路,,,,,,21號十三樓之8,121.38849614714,25.0389555167174
桃園市龜山區文藝里13鄰文青二路21號十三樓之9,68,6800700,6800700-000,13鄰,文青二路,,,,,,21號十三樓之9,121.388297951659,25.0389560347638
桃園市龜山區文藝里13鄰文青二路21號十四樓之1,68,6800700,6800700-000,13鄰,文青二路,,,,,,21號十四樓之1,121.388297951659,25.0389560347638
桃園市龜山區文藝里13鄰文青二路21號十四樓之2,68,6800700,6800700-000,13鄰,文青二路,,,,,,21號十四樓之2,121.388297951659,25.0389560347638
桃園市龜山區文藝里13鄰文青二路21號十四樓之3,68,6800700,6800700-000,13鄰,文青二路,,,,,,21號十四樓之3,121.388297951659,25.0389560347638
桃園市龜山區文藝里13鄰文青二路21號十四樓之5,68,6800700,6800700-000,13鄰,文青二路,,,,,,21號十四樓之5,121.388297951659,25.0389560347638
桃園市龜山區文藝里13鄰文青二路21號十四樓之6,68,6800700,6800700-000,13鄰,文青二路,,,,,,21號十四樓之6,121.38849614714,25.0389555167174
桃園市龜山區文藝里13鄰文青二路21號十四樓之7,68,6800700,6800700-000,13鄰,文青二路,,,,,,21號十四樓之7,121.388297951659,25.0389560347638
桃園市龜山區文藝里13鄰文青二路21號十四樓之8,68,6800700,6800700-000,13鄰,文青二路,,,,,,21號十四樓之8,121.388297951659,25.0389560347638
桃園市龜山區文藝里13鄰文青二路21號十四樓之9,68,6800700,6800700-000,13鄰,文青二路,,,,,,21號十四樓之9,121.388297951659,25.0389560347638
桃園市龜山區文藝里13鄰文青二路21號十五樓之1,68,6800700,6800700-000,13鄰,文青二路,,,,,,21號十五樓之1,121.388297951659,25.0389560347638
桃園市龜山區文藝里13鄰文青二路21號十五樓之2,68,6800700,6800700-000,13鄰,文青二路,,,,,,21號十五樓之2,121.388297951659,25.0389560347638
桃園市龜山區文藝里13鄰文青二路21號十五樓之3,68,6800700,6800700-000,13鄰,文青二路,,,,,,21號十五樓之3,121.388297951659,25.0389560347638
桃園市龜山區文藝里13鄰文青二路21號十五樓之5,68,6800700,6800700-000,13鄰,文青二路,,,,,,21號十五樓之5,121.38849614714,25.0389555167174
桃園市龜山區文藝里13鄰文青二路21號十五樓之6,68,6800700,6800700-000,13鄰,文青二路,,,,,,21號十五樓之6,121.388297951659,25.0389560347638
桃園市龜山區文藝里13鄰文青二路21號十五樓之7,68,6800700,6800700-000,13鄰,文青二路,,,,,,21號十五樓之7,121.388297951659,25.0389560347638
桃園市龜山區文藝里13鄰文青二路21號十五樓之8,68,6800700,6800700-000,13鄰,文青二路,,,,,,21號十五樓之8,121.388297951659,25.0389560347638
桃園市龜山區文藝里13鄰文青二路21號十五樓之9,68,6800700,6800700-000,13鄰,文青二路,,,,,,21號十五樓之9,121.388297951659,25.0389560347638
桃園市龜山區文藝里13鄰文青二路21號十六樓之1,68,6800700,6800700-000,13鄰,文青二路,,,,,,21號十六樓之1,121.388297951659,25.0389560347638
桃園市龜山區文藝里13鄰文青二路21號十六樓之2,68,6800700,6800700-000,13鄰,文青二路,,,,,,21號十六樓之2,121.388297951659,25.0389560347638
桃園市龜山區文藝里13鄰文青二路21號十六樓之3,68,6800700,6800700-000,13鄰,文青二路,,,,,,21號十六樓之3,121.388297951659,25.0389560347638
桃園市龜山區文藝里13鄰文青二路21號十六樓之5,68,6800700,6800700-000,13鄰,文青二路,,,,,,21號十六樓之5,121.38849614714,25.0389555167174
桃園市龜山區文藝里13鄰文青二路21號十六樓之6,68,6800700,6800700-000,13鄰,文青二路,,,,,,21號十六樓之6,121.388297951659,25.0389560347638
桃園市龜山區文藝里13鄰文青二路21號十六樓之7,68,6800700,6800700-000,13鄰,文青二路,,,,,,21號十六樓之7,121.388297951659,25.0389560347638
桃園市龜山區文藝里13鄰文青二路21號十六樓之8,68,6800700,6800700-000,13鄰,文青二路,,,,,,21號十六樓之8,121.388297951659,25.0389560347638
桃園市龜山區文藝里13鄰文青二路21號十六樓之9,68,6800700,6800700-000,13鄰,文青二路,,,,,,21號十六樓之9,121.388297951659,25.0389560347638
桃園市龜山區文藝里13鄰文青二路21號十七樓之1,68,6800700,6800700-000,13鄰,文青二路,,,,,,21號十七樓之1,121.388297951659,25.0389560347638
桃園市龜山區文藝里13鄰文青二路21號十七樓之2,68,6800700,6800700-000,13鄰,文青二路,,,,,,21號十七樓之2,121.388297951659,25.0389560347638
桃園市龜山區文藝里13鄰文青二路21號十七樓之3,68,6800700,6800700-000,13鄰,文青二路,,,,,,21號十七樓之3,121.38849614714,25.0389555167174
桃園市龜山區文藝里13鄰文青二路21號十七樓之5,68,6800700,6800700-000,13鄰,文青二路,,,,,,21號十七樓之5,121.388297951659,25.0389560347638
桃園市龜山區文藝里13鄰文青二路21號十七樓之6,68,6800700,6800700-000,13鄰,文青二路,,,,,,21號十七樓之6,121.388297951659,25.0389560347638
桃園市龜山區文藝里13鄰文青二路21號十七樓之7,68,6800700,6800700-000,13鄰,文青二路,,,,,,21號十七樓之7,121.388297951659,25.0389560347638
桃園市龜山區文藝里13鄰文青二路21號十七樓之8,68,6800700,6800700-000,13鄰,文青二路,,,,,,21號十七樓之8,121.38849614714,25.0389555167174
桃園市龜山區文藝里13鄰文青二路21號十七樓之9,68,6800700,6800700-000,13鄰,文青二路,,,,,,21號十七樓之9,121.388297951659,25.0389560347638
桃園市龜山區文藝里13鄰文青二路21號十八樓之1,68,6800700,6800700-000,13鄰,文青二路,,,,,,21號十八樓之1,121.388297951659,25.0389560347638
桃園市龜山區文藝里13鄰文青二路21號十八樓之2,68,6800700,6800700-000,13鄰,文青二路,,,,,,21號十八樓之2,121.388297951659,25.0389560347638
桃園市龜山區文藝里13鄰文青二路21號十八樓之3,68,6800700,6800700-000,13鄰,文青二路,,,,,,21號十八樓之3,121.388297951659,25.0389560347638
桃園市龜山區文藝里13鄰文青二路21號十八樓之5,68,6800700,6800700-000,13鄰,文青二路,,,,,,21號十八樓之5,121.388297951659,25.0389560347638
桃園市龜山區文藝里13鄰文青二路21號十八樓之6,68,6800700,6800700-000,13鄰,文青二路,,,,,,21號十八樓之6,121.388297951659,25.0389560347638
桃園市龜山區文藝里13鄰文青二路21號十八樓之7,68,6800700,6800700-000,13鄰,文青二路,,,,,,21號十八樓之7,121.388297951659,25.0389560347638
桃園市龜山區文藝里13鄰文青二路21號十八樓之8,68,6800700,6800700-000,13鄰,文青二路,,,,,,21號十八樓之8,121.388297951659,25.0389560347638
桃園市龜山區文藝里13鄰文青二路21號十八樓之9,68,6800700,6800700-000,13鄰,文青二路,,,,,,21號十八樓之9,121.388297951659,25.0389560347638
桃園市龜山區文藝里13鄰文青二路21號十九樓之1,68,6800700,6800700-000,13鄰,文青二路,,,,,,21號十九樓之1,121.388297951659,25.0389560347638
桃園市龜山區文藝里13鄰文青二路21號十九樓之2,68,6800700,6800700-000,13鄰,文青二路,,,,,,21號十九樓之2,121.388297951659,25.0389560347638
桃園市龜山區文藝里13鄰文青二路21號十九樓之3,68,6800700,6800700-000,13鄰,文青二路,,,,,,21號十九樓之3,121.38849614714,25.0389555167174
桃園市龜山區文藝里13鄰文青二路21號十九樓之5,68,6800700,6800700-000,13鄰,文青二路,,,,,,21號十九樓之5,121.388297951659,25.0389560347638
桃園市龜山區文藝里13鄰文青二路21號十九樓之6,68,6800700,6800700-000,13鄰,文青二路,,,,,,21號十九樓之6,121.388297951659,25.0389560347638
桃園市龜山區文藝里13鄰文青二路21號十九樓之7,68,6800700,6800700-000,13鄰,文青二路,,,,,,21號十九樓之7,121.388297951659,25.0389560347638
桃園市龜山區文藝里13鄰文青二路21號十九樓之8,68,6800700,6800700-000,13鄰,文青二路,,,,,,21號十九樓之8,121.388297951659,25.0389560347638
桃園市龜山區文藝里13鄰文青二路21號十九樓之9,68,6800700,6800700-000,13鄰,文青二路,,,,,,21號十九樓之9,121.388297951659,25.0389560347638
桃園市龜山區文藝里13鄰文青二路21號二十樓之1,68,6800700,6800700-000,13鄰,文青二路,,,,,,21號二十樓之1,121.388297951659,25.0389560347638
桃園市龜山區文藝里13鄰文青二路21號二十樓之2,68,6800700,6800700-000,13鄰,文青二路,,,,,,21號二十樓之2,121.388297951659,25.0389560347638
桃園市龜山區文藝里13鄰文青二路21號二十樓之3,68,6800700,6800700-000,13鄰,文青二路,,,,,,21號二十樓之3,121.388297951659,25.0389560347638
桃園市龜山區文藝里13鄰文青二路21號二十樓之5,68,6800700,6800700-000,13鄰,文青二路,,,,,,21號二十樓之5,121.388297951659,25.0389560347638
桃園市龜山區文藝里13鄰文青二路21號二十樓之6,68,6800700,6800700-000,13鄰,文青二路,,,,,,21號二十樓之6,121.388297951659,25.0389560347638
桃園市龜山區文藝里13鄰文青二路21號二十樓之7,68,6800700,6800700-000,13鄰,文青二路,,,,,,21號二十樓之7,121.388297951659,25.0389560347638
桃園市龜山區文藝里13鄰文青二路21號二十樓之8,68,6800700,6800700-000,13鄰,文青二路,,,,,,21號二十樓之8,121.388297951659,25.0389560347638
桃園市龜山區文藝里13鄰文青二路21號二十樓之9,68,6800700,6800700-000,13鄰,文青二路,,,,,,21號二十樓之9,121.388297951659,25.0389560347638
桃園市龜山區文藝里13鄰文青二路21號二十一樓之1,68,6800700,6800700-000,13鄰,文青二路,,,,,,21號二十一樓之1,121.388297951659,25.0389560347638
桃園市龜山區文藝里13鄰文青二路21號二十一樓之2,68,6800700,6800700-000,13鄰,文青二路,,,,,,21號二十一樓之2,121.38849614714,25.0389555167174
桃園市龜山區文藝里13鄰文青二路21號二十一樓之3,68,6800700,6800700-000,13鄰,文青二路,,,,,,21號二十一樓之3,121.38849614714,25.0389555167174
桃園市龜山區文藝里13鄰文青二路21號二十一樓之5,68,6800700,6800700-000,13鄰,文青二路,,,,,,21號二十一樓之5,121.388297951659,25.0389560347638
桃園市龜山區文藝里13鄰文青二路21號二十一樓之6,68,6800700,6800700-000,13鄰,文青二路,,,,,,21號二十一樓之6,121.388297951659,25.0389560347638
桃園市龜山區文藝里13鄰文青二路21號二十一樓之7,68,6800700,6800700-000,13鄰,文青二路,,,,,,21號二十一樓之7,121.388297951659,25.0389560347638
桃園市龜山區文藝里13鄰文青二路21號二十一樓之8,68,6800700,6800700-000,13鄰,文青二路,,,,,,21號二十一樓之8,121.388297951659,25.0389560347638
桃園市龜山區文藝里13鄰文青二路21號二十一樓之9,68,6800700,6800700-000,13鄰,文青二路,,,,,,21號二十一樓之9,121.388297951659,25.0389560347638
桃園市龜山區文藝里13鄰文青二路23號,68,6800700,6800700-000,13鄰,文青二路,,,,,,23號,121.388360009753,25.0389316770041
桃園市龜山區文藝里13鄰文青二路25號,68,6800700,6800700-000,13鄰,文青二路,,,,,,25號,121.388416022862,25.03890733502
桃園市龜山區文藝里13鄰文青二路27號,68,6800700,6800700-000,13鄰,文青二路,,,,,,27號,121.388469269176,25.0388855281445
桃園市龜山區文藝里13鄰文青二路29號,68,6800700,6800700-000,13鄰,文青二路,,,,,,29號,121.388732404891,25.0388633528781
桃園市龜山區文藝里13鄰文青二路31號,68,6800700,6800700-000,13鄰,文青二路,,,,,,31號,121.388728427753,25.0389220465902
桃園市龜山區文藝里13鄰文青二路33號,68,6800700,6800700-000,13鄰,文青二路,,,,,,33號,121.388472638225,25.0389483556182
桃園市龜山區文藝里13鄰文青二路35號,68,6800700,6800700-000,13鄰,文青二路,,,,,,35號,121.388416504971,25.0389660170686
桃園市龜山區文藝里13鄰文青二路37號,68,6800700,6800700-000,13鄰,文青二路,,,,,,37號,121.388355933338,25.0389903709669
桃園市龜山區文藝里12鄰文青二路39號,68,6800700,6800700-000,12鄰,文青二路,,,,,,39號,121.388843797613,25.0389909910349
桃園市龜山區文藝里12鄰文青二路39號十樓之1,68,6800700,6800700-000,12鄰,文青二路,,,,,,39號十樓之1,121.388843797613,25.0389909910349
桃園市龜山區文藝里12鄰文青二路39號十樓之2,68,6800700,6800700-000,12鄰,文青二路,,,,,,39號十樓之2,121.388843797613,25.0389909910349
桃園市龜山區文藝里12鄰文青二路39號十樓之3,68,6800700,6800700-000,12鄰,文青二路,,,,,,39號十樓之3,121.388843797613,25.0389909910349
桃園市龜山區文藝里12鄰文青二路39號十樓之5,68,6800700,6800700-000,12鄰,文青二路,,,,,,39號十樓之5,121.388843797613,25.0389909910349
桃園市龜山區文藝里12鄰文青二路39號十樓之6,68,6800700,6800700-000,12鄰,文青二路,,,,,,39號十樓之6,121.388843797613,25.0389909910349
桃園市龜山區文藝里12鄰文青二路39號十樓之7,68,6800700,6800700-000,12鄰,文青二路,,,,,,39號十樓之7,121.388843797613,25.0389909910349
桃園市龜山區文藝里12鄰文青二路39號十樓之9,68,6800700,6800700-000,12鄰,文青二路,,,,,,39號十樓之9,121.388843797613,25.0389909910349
桃園市龜山區文藝里12鄰文青二路39號二樓之1,68,6800700,6800700-000,12鄰,文青二路,,,,,,39號二樓之1,121.388843797613,25.0389909910349
桃園市龜山區文藝里12鄰文青二路39號二樓之2,68,6800700,6800700-000,12鄰,文青二路,,,,,,39號二樓之2,121.388843797613,25.0389909910349
桃園市龜山區文藝里12鄰文青二路39號二樓之3,68,6800700,6800700-000,12鄰,文青二路,,,,,,39號二樓之3,121.388843797613,25.0389909910349
桃園市龜山區文藝里12鄰文青二路39號二樓之5,68,6800700,6800700-000,12鄰,文青二路,,,,,,39號二樓之5,121.388843797613,25.0389909910349
桃園市龜山區文藝里12鄰文青二路39號二樓之6,68,6800700,6800700-000,12鄰,文青二路,,,,,,39號二樓之6,121.388843797613,25.0389909910349
桃園市龜山區文藝里12鄰文青二路39號二樓之7,68,6800700,6800700-000,12鄰,文青二路,,,,,,39號二樓之7,121.388843797613,25.0389909910349
桃園市龜山區文藝里12鄰文青二路39號二樓之8,68,6800700,6800700-000,12鄰,文青二路,,,,,,39號二樓之8,121.388843797613,25.0389909910349
桃園市龜山區文藝里12鄰文青二路39號二樓之9,68,6800700,6800700-000,12鄰,文青二路,,,,,,39號二樓之9,121.388843797613,25.0389909910349
桃園市龜山區文藝里12鄰文青二路39號三樓之1,68,6800700,6800700-000,12鄰,文青二路,,,,,,39號三樓之1,121.388843797613,25.0389909910349
桃園市龜山區文藝里12鄰文青二路39號三樓之2,68,6800700,6800700-000,12鄰,文青二路,,,,,,39號三樓之2,121.388843797613,25.0389909910349
桃園市龜山區文藝里12鄰文青二路39號三樓之3,68,6800700,6800700-000,12鄰,文青二路,,,,,,39號三樓之3,121.388843797613,25.0389909910349
桃園市龜山區文藝里12鄰文青二路39號三樓之5,68,6800700,6800700-000,12鄰,文青二路,,,,,,39號三樓之5,121.388843797613,25.0389909910349
桃園市龜山區文藝里12鄰文青二路39號三樓之6,68,6800700,6800700-000,12鄰,文青二路,,,,,,39號三樓之6,121.388843797613,25.0389909910349
桃園市龜山區文藝里12鄰文青二路39號三樓之7,68,6800700,6800700-000,12鄰,文青二路,,,,,,39號三樓之7,121.388843797613,25.0389909910349
桃園市龜山區文藝里12鄰文青二路39號三樓之8,68,6800700,6800700-000,12鄰,文青二路,,,,,,39號三樓之8,121.388843797613,25.0389909910349
桃園市龜山區文藝里12鄰文青二路39號三樓之9,68,6800700,6800700-000,12鄰,文青二路,,,,,,39號三樓之9,121.388843797613,25.0389909910349
桃園市龜山區文藝里12鄰文青二路39號四樓之1,68,6800700,6800700-000,12鄰,文青二路,,,,,,39號四樓之1,121.388843797613,25.0389909910349
桃園市龜山區文藝里12鄰文青二路39號四樓之2,68,6800700,6800700-000,12鄰,文青二路,,,,,,39號四樓之2,121.388843797613,25.0389909910349
桃園市龜山區文藝里12鄰文青二路39號四樓之3,68,6800700,6800700-000,12鄰,文青二路,,,,,,39號四樓之3,121.388843797613,25.0389909910349
桃園市龜山區文藝里12鄰文青二路39號四樓之5,68,6800700,6800700-000,12鄰,文青二路,,,,,,39號四樓之5,121.388843797613,25.0389909910349
桃園市龜山區文藝里12鄰文青二路39號四樓之6,68,6800700,6800700-000,12鄰,文青二路,,,,,,39號四樓之6,121.388843797613,25.0389909910349
桃園市龜山區文藝里12鄰文青二路39號四樓之7,68,6800700,6800700-000,12鄰,文青二路,,,,,,39號四樓之7,121.388843797613,25.0389909910349
桃園市龜山區文藝里12鄰文青二路39號四樓之8,68,6800700,6800700-000,12鄰,文青二路,,,,,,39號四樓之8,121.388843797613,25.0389909910349
桃園市龜山區文藝里12鄰文青二路39號四樓之9,68,6800700,6800700-000,12鄰,文青二路,,,,,,39號四樓之9,121.388843797613,25.0389909910349
桃園市龜山區文藝里12鄰文青二路39號五樓之1,68,6800700,6800700-000,12鄰,文青二路,,,,,,39號五樓之1,121.388843797613,25.0389909910349
桃園市龜山區文藝里12鄰文青二路39號五樓之2,68,6800700,6800700-000,12鄰,文青二路,,,,,,39號五樓之2,121.388843797613,25.0389909910349
桃園市龜山區文藝里12鄰文青二路39號五樓之3,68,6800700,6800700-000,12鄰,文青二路,,,,,,39號五樓之3,121.388843797613,25.0389909910349
桃園市龜山區文藝里12鄰文青二路39號五樓之5,68,6800700,6800700-000,12鄰,文青二路,,,,,,39號五樓之5,121.388843797613,25.0389909910349
桃園市龜山區文藝里12鄰文青二路39號五樓之6,68,6800700,6800700-000,12鄰,文青二路,,,,,,39號五樓之6,121.388843797613,25.0389909910349
桃園市龜山區文藝里12鄰文青二路39號五樓之7,68,6800700,6800700-000,12鄰,文青二路,,,,,,39號五樓之7,121.388843797613,25.0389909910349
桃園市龜山區文藝里12鄰文青二路39號五樓之8,68,6800700,6800700-000,12鄰,文青二路,,,,,,39號五樓之8,121.388843797613,25.0389909910349
桃園市龜山區文藝里12鄰文青二路39號五樓之9,68,6800700,6800700-000,12鄰,文青二路,,,,,,39號五樓之9,121.388843797613,25.0389909910349
桃園市龜山區文藝里12鄰文青二路39號六樓之1,68,6800700,6800700-000,12鄰,文青二路,,,,,,39號六樓之1,121.388843797613,25.0389909910349
桃園市龜山區文藝里12鄰文青二路39號六樓之2,68,6800700,6800700-000,12鄰,文青二路,,,,,,39號六樓之2,121.388843797613,25.0389909910349
桃園市龜山區文藝里12鄰文青二路39號六樓之3,68,6800700,6800700-000,12鄰,文青二路,,,,,,39號六樓之3,121.388843797613,25.0389909910349
桃園市龜山區文藝里12鄰文青二路39號六樓之5,68,6800700,6800700-000,12鄰,文青二路,,,,,,39號六樓之5,121.388843797613,25.0389909910349
桃園市龜山區文藝里12鄰文青二路39號六樓之6,68,6800700,6800700-000,12鄰,文青二路,,,,,,39號六樓之6,121.388843797613,25.0389909910349
桃園市龜山區文藝里12鄰文青二路39號六樓之7,68,6800700,6800700-000,12鄰,文青二路,,,,,,39號六樓之7,121.388843797613,25.0389909910349
桃園市龜山區文藝里12鄰文青二路39號六樓之8,68,6800700,6800700-000,12鄰,文青二路,,,,,,39號六樓之8,121.388843797613,25.0389909910349
桃園市龜山區文藝里12鄰文青二路39號六樓之9,68,6800700,6800700-000,12鄰,文青二路,,,,,,39號六樓之9,121.388843797613,25.0389909910349
桃園市龜山區文藝里12鄰文青二路39號七樓之1,68,6800700,6800700-000,12鄰,文青二路,,,,,,39號七樓之1,121.388843797613,25.0389909910349
桃園市龜山區文藝里12鄰文青二路39號七樓之2,68,6800700,6800700-000,12鄰,文青二路,,,,,,39號七樓之2,121.388843797613,25.0389909910349
桃園市龜山區文藝里12鄰文青二路39號七樓之3,68,6800700,6800700-000,12鄰,文青二路,,,,,,39號七樓之3,121.388843797613,25.0389909910349
桃園市龜山區文藝里12鄰文青二路39號七樓之5,68,6800700,6800700-000,12鄰,文青二路,,,,,,39號七樓之5,121.388843797613,25.0389909910349
桃園市龜山區文藝里12鄰文青二路39號七樓之6,68,6800700,6800700-000,12鄰,文青二路,,,,,,39號七樓之6,121.388843797613,25.0389909910349
桃園市龜山區文藝里12鄰文青二路39號七樓之7,68,6800700,6800700-000,12鄰,文青二路,,,,,,39號七樓之7,121.388843797613,25.0389909910349
桃園市龜山區文藝里12鄰文青二路39號七樓之8,68,6800700,6800700-000,12鄰,文青二路,,,,,,39號七樓之8,121.388843797613,25.0389909910349
桃園市龜山區文藝里12鄰文青二路39號七樓之9,68,6800700,6800700-000,12鄰,文青二路,,,,,,39號七樓之9,121.388843797613,25.0389909910349
桃園市龜山區文藝里12鄰文青二路39號八樓之1,68,6800700,6800700-000,12鄰,文青二路,,,,,,39號八樓之1,121.388843797613,25.0389909910349
桃園市龜山區文藝里12鄰文青二路39號八樓之2,68,6800700,6800700-000,12鄰,文青二路,,,,,,39號八樓之2,121.388843797613,25.0389909910349
桃園市龜山區文藝里12鄰文青二路39號八樓之3,68,6800700,6800700-000,12鄰,文青二路,,,,,,39號八樓之3,121.388843797613,25.0389909910349
桃園市龜山區文藝里12鄰文青二路39號八樓之5,68,6800700,6800700-000,12鄰,文青二路,,,,,,39號八樓之5,121.388843797613,25.0389909910349
桃園市龜山區文藝里12鄰文青二路39號八樓之6,68,6800700,6800700-000,12鄰,文青二路,,,,,,39號八樓之6,121.388843797613,25.0389909910349
桃園市龜山區文藝里12鄰文青二路39號八樓之7,68,6800700,6800700-000,12鄰,文青二路,,,,,,39號八樓之7,121.388843797613,25.0389909910349
桃園市龜山區文藝里12鄰文青二路39號八樓之8,68,6800700,6800700-000,12鄰,文青二路,,,,,,39號八樓之8,121.388843797613,25.0389909910349
桃園市龜山區文藝里12鄰文青二路39號八樓之9,68,6800700,6800700-000,12鄰,文青二路,,,,,,39號八樓之9,121.388843797613,25.0389909910349
桃園市龜山區文藝里12鄰文青二路39號九樓之1,68,6800700,6800700-000,12鄰,文青二路,,,,,,39號九樓之1,121.388843797613,25.0389909910349
桃園市龜山區文藝里12鄰文青二路39號九樓之2,68,6800700,6800700-000,12鄰,文青二路,,,,,,39號九樓之2,121.388843797613,25.0389909910349
桃園市龜山區文藝里12鄰文青二路39號九樓之3,68,6800700,6800700-000,12鄰,文青二路,,,,,,39號九樓之3,121.388843797613,25.0389909910349
桃園市龜山區文藝里12鄰文青二路39號九樓之5,68,6800700,6800700-000,12鄰,文青二路,,,,,,39號九樓之5,121.388843797613,25.0389909910349
桃園市龜山區文藝里12鄰文青二路39號九樓之6,68,6800700,6800700-000,12鄰,文青二路,,,,,,39號九樓之6,121.388843797613,25.0389909910349
桃園市龜山區文藝里12鄰文青二路39號九樓之7,68,6800700,6800700-000,12鄰,文青二路,,,,,,39號九樓之7,121.388843797613,25.0389909910349
桃園市龜山區文藝里12鄰文青二路39號九樓之9,68,6800700,6800700-000,12鄰,文青二路,,,,,,39號九樓之9,121.388843797613,25.0389909910349
桃園市龜山區文藝里12鄰文青二路39號十一樓之1,68,6800700,6800700-000,12鄰,文青二路,,,,,,39號十一樓之1,121.388843797613,25.0389909910349
桃園市龜山區文藝里12鄰文青二路39號十一樓之2,68,6800700,6800700-000,12鄰,文青二路,,,,,,39號十一樓之2,121.388843797613,25.0389909910349
桃園市龜山區文藝里12鄰文青二路39號十一樓之3,68,6800700,6800700-000,12鄰,文青二路,,,,,,39號十一樓之3,121.388843797613,25.0389909910349
桃園市龜山區文藝里12鄰文青二路39號十一樓之5,68,6800700,6800700-000,12鄰,文青二路,,,,,,39號十一樓之5,121.388843797613,25.0389909910349
桃園市龜山區文藝里12鄰文青二路39號十一樓之6,68,6800700,6800700-000,12鄰,文青二路,,,,,,39號十一樓之6,121.388843797613,25.0389909910349
桃園市龜山區文藝里12鄰文青二路39號十一樓之7,68,6800700,6800700-000,12鄰,文青二路,,,,,,39號十一樓之7,121.388843797613,25.0389909910349
桃園市龜山區文藝里12鄰文青二路39號十一樓之8,68,6800700,6800700-000,12鄰,文青二路,,,,,,39號十一樓之8,121.388843797613,25.0389909910349
桃園市龜山區文藝里12鄰文青二路39號十一樓之9,68,6800700,6800700-000,12鄰,文青二路,,,,,,39號十一樓之9,121.388843797613,25.0389909910349
桃園市龜山區文藝里12鄰文青二路39號十二樓之1,68,6800700,6800700-000,12鄰,文青二路,,,,,,39號十二樓之1,121.388843797613,25.0389909910349
桃園市龜山區文藝里12鄰文青二路39號十二樓之2,68,6800700,6800700-000,12鄰,文青二路,,,,,,39號十二樓之2,121.388843797613,25.0389909910349
桃園市龜山區文藝里12鄰文青二路39號十二樓之3,68,6800700,6800700-000,12鄰,文青二路,,,,,,39號十二樓之3,121.388843797613,25.0389909910349
桃園市龜山區文藝里12鄰文青二路39號十二樓之5,68,6800700,6800700-000,12鄰,文青二路,,,,,,39號十二樓之5,121.388843797613,25.0389909910349
桃園市龜山區文藝里12鄰文青二路39號十二樓之6,68,6800700,6800700-000,12鄰,文青二路,,,,,,39號十二樓之6,121.388843797613,25.0389909910349
桃園市龜山區文藝里12鄰文青二路39號十二樓之7,68,6800700,6800700-000,12鄰,文青二路,,,,,,39號十二樓之7,121.388843797613,25.0389909910349
桃園市龜山區文藝里12鄰文青二路39號十二樓之8,68,6800700,6800700-000,12鄰,文青二路,,,,,,39號十二樓之8,121.388843797613,25.0389909910349
桃園市龜山區文藝里12鄰文青二路39號十二樓之9,68,6800700,6800700-000,12鄰,文青二路,,,,,,39號十二樓之9,121.388843797613,25.0389909910349
桃園市龜山區文藝里12鄰文青二路39號十三樓之1,68,6800700,6800700-000,12鄰,文青二路,,,,,,39號十三樓之1,121.388843797613,25.0389909910349
桃園市龜山區文藝里12鄰文青二路39號十三樓之2,68,6800700,6800700-000,12鄰,文青二路,,,,,,39號十三樓之2,121.388843797613,25.0389909910349
桃園市龜山區文藝里12鄰文青二路39號十三樓之3,68,6800700,6800700-000,12鄰,文青二路,,,,,,39號十三樓之3,121.388843797613,25.0389909910349
桃園市龜山區文藝里12鄰文青二路39號十三樓之5,68,6800700,6800700-000,12鄰,文青二路,,,,,,39號十三樓之5,121.388843797613,25.0389909910349
桃園市龜山區文藝里12鄰文青二路39號十三樓之6,68,6800700,6800700-000,12鄰,文青二路,,,,,,39號十三樓之6,121.388843797613,25.0389909910349
桃園市龜山區文藝里12鄰文青二路39號十三樓之7,68,6800700,6800700-000,12鄰,文青二路,,,,,,39號十三樓之7,121.388843797613,25.0389909910349
桃園市龜山區文藝里12鄰文青二路39號十三樓之8,68,6800700,6800700-000,12鄰,文青二路,,,,,,39號十三樓之8,121.388843797613,25.0389909910349
桃園市龜山區文藝里12鄰文青二路39號十三樓之9,68,6800700,6800700-000,12鄰,文青二路,,,,,,39號十三樓之9,121.388843797613,25.0389909910349
桃園市龜山區文藝里12鄰文青二路39號十四樓之1,68,6800700,6800700-000,12鄰,文青二路,,,,,,39號十四樓之1,121.388843797613,25.0389909910349
桃園市龜山區文藝里12鄰文青二路39號十四樓之2,68,6800700,6800700-000,12鄰,文青二路,,,,,,39號十四樓之2,121.388843797613,25.0389909910349
桃園市龜山區文藝里12鄰文青二路39號十四樓之3,68,6800700,6800700-000,12鄰,文青二路,,,,,,39號十四樓之3,121.388843797613,25.0389909910349
桃園市龜山區文藝里12鄰文青二路39號十四樓之5,68,6800700,6800700-000,12鄰,文青二路,,,,,,39號十四樓之5,121.388843797613,25.0389909910349
桃園市龜山區文藝里12鄰文青二路39號十四樓之6,68,6800700,6800700-000,12鄰,文青二路,,,,,,39號十四樓之6,121.388843797613,25.0389909910349
桃園市龜山區文藝里12鄰文青二路39號十四樓之7,68,6800700,6800700-000,12鄰,文青二路,,,,,,39號十四樓之7,121.388843797613,25.0389909910349
桃園市龜山區文藝里12鄰文青二路39號十四樓之8,68,6800700,6800700-000,12鄰,文青二路,,,,,,39號十四樓之8,121.388843797613,25.0389909910349
桃園市龜山區文藝里12鄰文青二路39號十四樓之9,68,6800700,6800700-000,12鄰,文青二路,,,,,,39號十四樓之9,121.388843797613,25.0389909910349
桃園市龜山區文藝里12鄰文青二路39號十五樓之1,68,6800700,6800700-000,12鄰,文青二路,,,,,,39號十五樓之1,121.388843797613,25.0389909910349
桃園市龜山區文藝里12鄰文青二路39號十五樓之2,68,6800700,6800700-000,12鄰,文青二路,,,,,,39號十五樓之2,121.388843797613,25.0389909910349
桃園市龜山區文藝里12鄰文青二路39號十五樓之3,68,6800700,6800700-000,12鄰,文青二路,,,,,,39號十五樓之3,121.388843797613,25.0389909910349
桃園市龜山區文藝里12鄰文青二路39號十五樓之5,68,6800700,6800700-000,12鄰,文青二路,,,,,,39號十五樓之5,121.388843797613,25.0389909910349
桃園市龜山區文藝里12鄰文青二路39號十五樓之6,68,6800700,6800700-000,12鄰,文青二路,,,,,,39號十五樓之6,121.388843797613,25.0389909910349
桃園市龜山區文藝里12鄰文青二路39號十五樓之7,68,6800700,6800700-000,12鄰,文青二路,,,,,,39號十五樓之7,121.388843797613,25.0389909910349
桃園市龜山區文藝里12鄰文青二路39號十五樓之8,68,6800700,6800700-000,12鄰,文青二路,,,,,,39號十五樓之8,121.388843797613,25.0389909910349
桃園市龜山區文藝里12鄰文青二路39號十五樓之9,68,6800700,6800700-000,12鄰,文青二路,,,,,,39號十五樓之9,121.388843797613,25.0389909910349
桃園市龜山區文藝里12鄰文青二路39號十六樓之1,68,6800700,6800700-000,12鄰,文青二路,,,,,,39號十六樓之1,121.388843797613,25.0389909910349
桃園市龜山區文藝里12鄰文青二路39號十六樓之2,68,6800700,6800700-000,12鄰,文青二路,,,,,,39號十六樓之2,121.388843797613,25.0389909910349
桃園市龜山區文藝里12鄰文青二路39號十六樓之3,68,6800700,6800700-000,12鄰,文青二路,,,,,,39號十六樓之3,121.388843797613,25.0389909910349
桃園市龜山區文藝里12鄰文青二路39號十六樓之5,68,6800700,6800700-000,12鄰,文青二路,,,,,,39號十六樓之5,121.388843797613,25.0389909910349
桃園市龜山區文藝里12鄰文青二路39號十六樓之6,68,6800700,6800700-000,12鄰,文青二路,,,,,,39號十六樓之6,121.388843797613,25.0389909910349
桃園市龜山區文藝里12鄰文青二路39號十六樓之7,68,6800700,6800700-000,12鄰,文青二路,,,,,,39號十六樓之7,121.388843797613,25.0389909910349
桃園市龜山區文藝里12鄰文青二路39號十六樓之8,68,6800700,6800700-000,12鄰,文青二路,,,,,,39號十六樓之8,121.388843797613,25.0389909910349
桃園市龜山區文藝里12鄰文青二路39號十六樓之9,68,6800700,6800700-000,12鄰,文青二路,,,,,,39號十六樓之9,121.388843797613,25.0389909910349
桃園市龜山區文藝里12鄰文青二路39號十七樓之1,68,6800700,6800700-000,12鄰,文青二路,,,,,,39號十七樓之1,121.388843797613,25.0389909910349
桃園市龜山區文藝里12鄰文青二路39號十七樓之2,68,6800700,6800700-000,12鄰,文青二路,,,,,,39號十七樓之2,121.388843797613,25.0389909910349
桃園市龜山區文藝里12鄰文青二路39號十七樓之3,68,6800700,6800700-000,12鄰,文青二路,,,,,,39號十七樓之3,121.388843797613,25.0389909910349
桃園市龜山區文藝里12鄰文青二路39號十七樓之5,68,6800700,6800700-000,12鄰,文青二路,,,,,,39號十七樓之5,121.388843797613,25.0389909910349
桃園市龜山區文藝里12鄰文青二路39號十七樓之6,68,6800700,6800700-000,12鄰,文青二路,,,,,,39號十七樓之6,121.388843797613,25.0389909910349
桃園市龜山區文藝里12鄰文青二路39號十七樓之7,68,6800700,6800700-000,12鄰,文青二路,,,,,,39號十七樓之7,121.388843797613,25.0389909910349
桃園市龜山區文藝里12鄰文青二路39號十七樓之8,68,6800700,6800700-000,12鄰,文青二路,,,,,,39號十七樓之8,121.388843797613,25.0389909910349
桃園市龜山區文藝里12鄰文青二路39號十七樓之9,68,6800700,6800700-000,12鄰,文青二路,,,,,,39號十七樓之9,121.388843797613,25.0389909910349
桃園市龜山區文藝里12鄰文青二路39號十八樓之1,68,6800700,6800700-000,12鄰,文青二路,,,,,,39號十八樓之1,121.388843797613,25.0389909910349
桃園市龜山區文藝里12鄰文青二路39號十八樓之2,68,6800700,6800700-000,12鄰,文青二路,,,,,,39號十八樓之2,121.388843797613,25.0389909910349
桃園市龜山區文藝里12鄰文青二路39號十八樓之3,68,6800700,6800700-000,12鄰,文青二路,,,,,,39號十八樓之3,121.388843797613,25.0389909910349
桃園市龜山區文藝里12鄰文青二路39號十八樓之5,68,6800700,6800700-000,12鄰,文青二路,,,,,,39號十八樓之5,121.388843797613,25.0389909910349
桃園市龜山區文藝里12鄰文青二路39號十八樓之6,68,6800700,6800700-000,12鄰,文青二路,,,,,,39號十八樓之6,121.388843797613,25.0389909910349
桃園市龜山區文藝里12鄰文青二路39號十八樓之7,68,6800700,6800700-000,12鄰,文青二路,,,,,,39號十八樓之7,121.388843797613,25.0389909910349
桃園市龜山區文藝里12鄰文青二路39號十八樓之8,68,6800700,6800700-000,12鄰,文青二路,,,,,,39號十八樓之8,121.388843797613,25.0389909910349
桃園市龜山區文藝里12鄰文青二路39號十八樓之9,68,6800700,6800700-000,12鄰,文青二路,,,,,,39號十八樓之9,121.388843797613,25.0389909910349
桃園市龜山區文藝里12鄰文青二路39號十九樓之1,68,6800700,6800700-000,12鄰,文青二路,,,,,,39號十九樓之1,121.388843797613,25.0389909910349
桃園市龜山區文藝里12鄰文青二路39號十九樓之2,68,6800700,6800700-000,12鄰,文青二路,,,,,,39號十九樓之2,121.388843797613,25.0389909910349
桃園市龜山區文藝里12鄰文青二路39號十九樓之3,68,6800700,6800700-000,12鄰,文青二路,,,,,,39號十九樓之3,121.388843797613,25.0389909910349
桃園市龜山區文藝里12鄰文青二路39號十九樓之5,68,6800700,6800700-000,12鄰,文青二路,,,,,,39號十九樓之5,121.388843797613,25.0389909910349
桃園市龜山區文藝里12鄰文青二路39號十九樓之6,68,6800700,6800700-000,12鄰,文青二路,,,,,,39號十九樓之6,121.388843797613,25.0389909910349
桃園市龜山區文藝里12鄰文青二路39號十九樓之7,68,6800700,6800700-000,12鄰,文青二路,,,,,,39號十九樓之7,121.388843797613,25.0389909910349
桃園市龜山區文藝里12鄰文青二路39號十九樓之8,68,6800700,6800700-000,12鄰,文青二路,,,,,,39號十九樓之8,121.388843797613,25.0389909910349
桃園市龜山區文藝里12鄰文青二路39號十九樓之9,68,6800700,6800700-000,12鄰,文青二路,,,,,,39號十九樓之9,121.388843797613,25.0389909910349
桃園市龜山區文藝里12鄰文青二路41號,68,6800700,6800700-000,12鄰,文青二路,,,,,,41號,121.388889542633,25.0389787735319
桃園市龜山區文藝里12鄰文青二路43號,68,6800700,6800700-000,12鄰,文青二路,,,,,,43號,121.388951690889,25.0389516165479
桃園市龜山區文藝里12鄰文青二路45號,68,6800700,6800700-000,12鄰,文青二路,,,,,,45號,121.389010660017,25.0389219399646
桃園市龜山區文藝里12鄰文青二路47號,68,6800700,6800700-000,12鄰,文青二路,,,,,,47號,121.38903759753,25.0390107069381
桃園市龜山區文藝里12鄰文青二路49號,68,6800700,6800700-000,12鄰,文青二路,,,,,,49號,121.388991753416,25.039022924746
桃園市龜山區文藝里12鄰文青二路51號,68,6800700,6800700-000,12鄰,文青二路,,,,,,51號,121.388926813313,25.0390446721336
桃園市龜山區文藝里11鄰文青二路53號,68,6800700,6800700-000,11鄰,文青二路,,,,,,53號,121.389164289582,25.0388676393325
桃園市龜山區文藝里11鄰文青二路53號十樓之1,68,6800700,6800700-000,11鄰,文青二路,,,,,,53號十樓之1,121.389164716901,25.039003061226
桃園市龜山區文藝里11鄰文青二路53號十樓之2,68,6800700,6800700-000,11鄰,文青二路,,,,,,53號十樓之2,121.389164716901,25.039003061226
桃園市龜山區文藝里11鄰文青二路53號十樓之3,68,6800700,6800700-000,11鄰,文青二路,,,,,,53號十樓之3,121.389164716901,25.039003061226
桃園市龜山區文藝里11鄰文青二路53號十樓之5,68,6800700,6800700-000,11鄰,文青二路,,,,,,53號十樓之5,121.389164716901,25.039003061226
桃園市龜山區文藝里11鄰文青二路53號十樓之6,68,6800700,6800700-000,11鄰,文青二路,,,,,,53號十樓之6,121.389164716901,25.039003061226
桃園市龜山區文藝里11鄰文青二路53號十樓之7,68,6800700,6800700-000,11鄰,文青二路,,,,,,53號十樓之7,121.389164716901,25.039003061226
桃園市龜山區文藝里11鄰文青二路53號十樓之9,68,6800700,6800700-000,11鄰,文青二路,,,,,,53號十樓之9,121.389164716901,25.039003061226
桃園市龜山區文藝里11鄰文青二路53號二樓之1,68,6800700,6800700-000,11鄰,文青二路,,,,,,53號二樓之1,121.389164289582,25.0388676393325
桃園市龜山區文藝里11鄰文青二路53號二樓之2,68,6800700,6800700-000,11鄰,文青二路,,,,,,53號二樓之2,121.389164289582,25.0388676393325
桃園市龜山區文藝里11鄰文青二路53號二樓之3,68,6800700,6800700-000,11鄰,文青二路,,,,,,53號二樓之3,121.389164289582,25.0388676393325
桃園市龜山區文藝里11鄰文青二路53號二樓之5,68,6800700,6800700-000,11鄰,文青二路,,,,,,53號二樓之5,121.389164289582,25.0388676393325
桃園市龜山區文藝里11鄰文青二路53號二樓之6,68,6800700,6800700-000,11鄰,文青二路,,,,,,53號二樓之6,121.389164289582,25.0388676393325
桃園市龜山區文藝里11鄰文青二路53號二樓之7,68,6800700,6800700-000,11鄰,文青二路,,,,,,53號二樓之7,121.389164289582,25.0388676393325
桃園市龜山區文藝里11鄰文青二路53號二樓之8,68,6800700,6800700-000,11鄰,文青二路,,,,,,53號二樓之8,121.389164289582,25.0388676393325
桃園市龜山區文藝里11鄰文青二路53號二樓之9,68,6800700,6800700-000,11鄰,文青二路,,,,,,53號二樓之9,121.389164289582,25.0388676393325
桃園市龜山區文藝里11鄰文青二路53號三樓之1,68,6800700,6800700-000,11鄰,文青二路,,,,,,53號三樓之1,121.389164716901,25.039003061226
桃園市龜山區文藝里11鄰文青二路53號三樓之2,68,6800700,6800700-000,11鄰,文青二路,,,,,,53號三樓之2,121.389164289582,25.0388676393325
桃園市龜山區文藝里11鄰文青二路53號三樓之3,68,6800700,6800700-000,11鄰,文青二路,,,,,,53號三樓之3,121.389164289582,25.0388676393325
桃園市龜山區文藝里11鄰文青二路53號三樓之5,68,6800700,6800700-000,11鄰,文青二路,,,,,,53號三樓之5,121.389164289582,25.0388676393325
桃園市龜山區文藝里11鄰文青二路53號三樓之6,68,6800700,6800700-000,11鄰,文青二路,,,,,,53號三樓之6,121.389164289582,25.0388676393325
桃園市龜山區文藝里11鄰文青二路53號三樓之7,68,6800700,6800700-000,11鄰,文青二路,,,,,,53號三樓之7,121.389164289582,25.0388676393325
桃園市龜山區文藝里11鄰文青二路53號三樓之8,68,6800700,6800700-000,11鄰,文青二路,,,,,,53號三樓之8,121.389164289582,25.0388676393325
桃園市龜山區文藝里11鄰文青二路53號三樓之9,68,6800700,6800700-000,11鄰,文青二路,,,,,,53號三樓之9,121.389164289582,25.0388676393325
桃園市龜山區文藝里11鄰文青二路53號四樓之1,68,6800700,6800700-000,11鄰,文青二路,,,,,,53號四樓之1,121.389164716901,25.039003061226
桃園市龜山區文藝里11鄰文青二路53號四樓之2,68,6800700,6800700-000,11鄰,文青二路,,,,,,53號四樓之2,121.389164716901,25.039003061226
桃園市龜山區文藝里11鄰文青二路53號四樓之3,68,6800700,6800700-000,11鄰,文青二路,,,,,,53號四樓之3,121.389164716901,25.039003061226
桃園市龜山區文藝里11鄰文青二路53號四樓之5,68,6800700,6800700-000,11鄰,文青二路,,,,,,53號四樓之5,121.389164716901,25.039003061226
桃園市龜山區文藝里11鄰文青二路53號四樓之6,68,6800700,6800700-000,11鄰,文青二路,,,,,,53號四樓之6,121.389164716901,25.039003061226
桃園市龜山區文藝里11鄰文青二路53號四樓之7,68,6800700,6800700-000,11鄰,文青二路,,,,,,53號四樓之7,121.389164716901,25.039003061226
桃園市龜山區文藝里11鄰文青二路53號四樓之8,68,6800700,6800700-000,11鄰,文青二路,,,,,,53號四樓之8,121.389164716901,25.039003061226
桃園市龜山區文藝里11鄰文青二路53號四樓之9,68,6800700,6800700-000,11鄰,文青二路,,,,,,53號四樓之9,121.389164716901,25.039003061226
桃園市龜山區文藝里11鄰文青二路53號五樓之1,68,6800700,6800700-000,11鄰,文青二路,,,,,,53號五樓之1,121.389164289582,25.0388676393325
桃園市龜山區文藝里11鄰文青二路53號五樓之2,68,6800700,6800700-000,11鄰,文青二路,,,,,,53號五樓之2,121.389164289582,25.0388676393325
桃園市龜山區文藝里11鄰文青二路53號五樓之3,68,6800700,6800700-000,11鄰,文青二路,,,,,,53號五樓之3,121.389164289582,25.0388676393325
桃園市龜山區文藝里11鄰文青二路53號五樓之5,68,6800700,6800700-000,11鄰,文青二路,,,,,,53號五樓之5,121.389164716901,25.039003061226
桃園市龜山區文藝里11鄰文青二路53號五樓之6,68,6800700,6800700-000,11鄰,文青二路,,,,,,53號五樓之6,121.389164289582,25.0388676393325
桃園市龜山區文藝里11鄰文青二路53號五樓之7,68,6800700,6800700-000,11鄰,文青二路,,,,,,53號五樓之7,121.389164289582,25.0388676393325
桃園市龜山區文藝里11鄰文青二路53號五樓之8,68,6800700,6800700-000,11鄰,文青二路,,,,,,53號五樓之8,121.389164289582,25.0388676393325
桃園市龜山區文藝里11鄰文青二路53號五樓之9,68,6800700,6800700-000,11鄰,文青二路,,,,,,53號五樓之9,121.389164289582,25.0388676393325
桃園市龜山區文藝里11鄰文青二路53號六樓之1,68,6800700,6800700-000,11鄰,文青二路,,,,,,53號六樓之1,121.389164289582,25.0388676393325
桃園市龜山區文藝里11鄰文青二路53號六樓之2,68,6800700,6800700-000,11鄰,文青二路,,,,,,53號六樓之2,121.389164289582,25.0388676393325
桃園市龜山區文藝里11鄰文青二路53號六樓之3,68,6800700,6800700-000,11鄰,文青二路,,,,,,53號六樓之3,121.389164289582,25.0388676393325
桃園市龜山區文藝里11鄰文青二路53號六樓之5,68,6800700,6800700-000,11鄰,文青二路,,,,,,53號六樓之5,121.389164289582,25.0388676393325
桃園市龜山區文藝里11鄰文青二路53號六樓之6,68,6800700,6800700-000,11鄰,文青二路,,,,,,53號六樓之6,121.389164716901,25.039003061226
桃園市龜山區文藝里11鄰文青二路53號六樓之7,68,6800700,6800700-000,11鄰,文青二路,,,,,,53號六樓之7,121.389164289582,25.0388676393325
桃園市龜山區文藝里11鄰文青二路53號六樓之8,68,6800700,6800700-000,11鄰,文青二路,,,,,,53號六樓之8,121.389164289582,25.0388676393325
桃園市龜山區文藝里11鄰文青二路53號六樓之9,68,6800700,6800700-000,11鄰,文青二路,,,,,,53號六樓之9,121.389164289582,25.0388676393325
桃園市龜山區文藝里11鄰文青二路53號七樓之1,68,6800700,6800700-000,11鄰,文青二路,,,,,,53號七樓之1,121.389164716901,25.039003061226
桃園市龜山區文藝里11鄰文青二路53號七樓之2,68,6800700,6800700-000,11鄰,文青二路,,,,,,53號七樓之2,121.389164289582,25.0388676393325
桃園市龜山區文藝里11鄰文青二路53號七樓之3,68,6800700,6800700-000,11鄰,文青二路,,,,,,53號七樓之3,121.389164289582,25.0388676393325
桃園市龜山區文藝里11鄰文青二路53號七樓之5,68,6800700,6800700-000,11鄰,文青二路,,,,,,53號七樓之5,121.389164289582,25.0388676393325
桃園市龜山區文藝里11鄰文青二路53號七樓之6,68,6800700,6800700-000,11鄰,文青二路,,,,,,53號七樓之6,121.389164289582,25.0388676393325
桃園市龜山區文藝里11鄰文青二路53號七樓之7,68,6800700,6800700-000,11鄰,文青二路,,,,,,53號七樓之7,121.389164289582,25.0388676393325
桃園市龜山區文藝里11鄰文青二路53號七樓之8,68,6800700,6800700-000,11鄰,文青二路,,,,,,53號七樓之8,121.389164289582,25.0388676393325
桃園市龜山區文藝里11鄰文青二路53號七樓之9,68,6800700,6800700-000,11鄰,文青二路,,,,,,53號七樓之9,121.389164289582,25.0388676393325
桃園市龜山區文藝里11鄰文青二路53號八樓之1,68,6800700,6800700-000,11鄰,文青二路,,,,,,53號八樓之1,121.389164289582,25.0388676393325
桃園市龜山區文藝里11鄰文青二路53號八樓之2,68,6800700,6800700-000,11鄰,文青二路,,,,,,53號八樓之2,121.389164289582,25.0388676393325
桃園市龜山區文藝里11鄰文青二路53號八樓之3,68,6800700,6800700-000,11鄰,文青二路,,,,,,53號八樓之3,121.389164289582,25.0388676393325
桃園市龜山區文藝里11鄰文青二路53號八樓之5,68,6800700,6800700-000,11鄰,文青二路,,,,,,53號八樓之5,121.389164716901,25.039003061226
桃園市龜山區文藝里11鄰文青二路53號八樓之6,68,6800700,6800700-000,11鄰,文青二路,,,,,,53號八樓之6,121.389164289582,25.0388676393325
桃園市龜山區文藝里11鄰文青二路53號八樓之7,68,6800700,6800700-000,11鄰,文青二路,,,,,,53號八樓之7,121.389164289582,25.0388676393325
桃園市龜山區文藝里11鄰文青二路53號八樓之8,68,6800700,6800700-000,11鄰,文青二路,,,,,,53號八樓之8,121.389164289582,25.0388676393325
桃園市龜山區文藝里11鄰文青二路53號八樓之9,68,6800700,6800700-000,11鄰,文青二路,,,,,,53號八樓之9,121.389164289582,25.0388676393325
桃園市龜山區文藝里11鄰文青二路53號九樓之1,68,6800700,6800700-000,11鄰,文青二路,,,,,,53號九樓之1,121.389164716901,25.039003061226
桃園市龜山區文藝里11鄰文青二路53號九樓之2,68,6800700,6800700-000,11鄰,文青二路,,,,,,53號九樓之2,121.389164289582,25.0388676393325
桃園市龜山區文藝里11鄰文青二路53號九樓之3,68,6800700,6800700-000,11鄰,文青二路,,,,,,53號九樓之3,121.389164289582,25.0388676393325
桃園市龜山區文藝里11鄰文青二路53號九樓之5,68,6800700,6800700-000,11鄰,文青二路,,,,,,53號九樓之5,121.389164289582,25.0388676393325
桃園市龜山區文藝里11鄰文青二路53號九樓之6,68,6800700,6800700-000,11鄰,文青二路,,,,,,53號九樓之6,121.389164289582,25.0388676393325
桃園市龜山區文藝里11鄰文青二路53號九樓之7,68,6800700,6800700-000,11鄰,文青二路,,,,,,53號九樓之7,121.389164289582,25.0388676393325
桃園市龜山區文藝里11鄰文青二路53號九樓之9,68,6800700,6800700-000,11鄰,文青二路,,,,,,53號九樓之9,121.389164289582,25.0388676393325
桃園市龜山區文藝里11鄰文青二路53號十一樓之1,68,6800700,6800700-000,11鄰,文青二路,,,,,,53號十一樓之1,121.389164289582,25.0388676393325
桃園市龜山區文藝里11鄰文青二路53號十一樓之2,68,6800700,6800700-000,11鄰,文青二路,,,,,,53號十一樓之2,121.389164716901,25.039003061226
桃園市龜山區文藝里11鄰文青二路53號十一樓之3,68,6800700,6800700-000,11鄰,文青二路,,,,,,53號十一樓之3,121.389164289582,25.0388676393325
桃園市龜山區文藝里11鄰文青二路53號十一樓之5,68,6800700,6800700-000,11鄰,文青二路,,,,,,53號十一樓之5,121.389164289582,25.0388676393325
桃園市龜山區文藝里11鄰文青二路53號十一樓之6,68,6800700,6800700-000,11鄰,文青二路,,,,,,53號十一樓之6,121.389164289582,25.0388676393325
桃園市龜山區文藝里11鄰文青二路53號十一樓之7,68,6800700,6800700-000,11鄰,文青二路,,,,,,53號十一樓之7,121.389164716901,25.039003061226
桃園市龜山區文藝里11鄰文青二路53號十一樓之8,68,6800700,6800700-000,11鄰,文青二路,,,,,,53號十一樓之8,121.389164289582,25.0388676393325
桃園市龜山區文藝里11鄰文青二路53號十一樓之9,68,6800700,6800700-000,11鄰,文青二路,,,,,,53號十一樓之9,121.389164289582,25.0388676393325
桃園市龜山區文藝里11鄰文青二路53號十二樓之1,68,6800700,6800700-000,11鄰,文青二路,,,,,,53號十二樓之1,121.389164289582,25.0388676393325
桃園市龜山區文藝里11鄰文青二路53號十二樓之2,68,6800700,6800700-000,11鄰,文青二路,,,,,,53號十二樓之2,121.389164716901,25.039003061226
桃園市龜山區文藝里11鄰文青二路53號十二樓之3,68,6800700,6800700-000,11鄰,文青二路,,,,,,53號十二樓之3,121.389164289582,25.0388676393325
桃園市龜山區文藝里11鄰文青二路53號十二樓之5,68,6800700,6800700-000,11鄰,文青二路,,,,,,53號十二樓之5,121.389164289582,25.0388676393325
桃園市龜山區文藝里11鄰文青二路53號十二樓之6,68,6800700,6800700-000,11鄰,文青二路,,,,,,53號十二樓之6,121.389164716901,25.039003061226
桃園市龜山區文藝里11鄰文青二路53號十二樓之7,68,6800700,6800700-000,11鄰,文青二路,,,,,,53號十二樓之7,121.389164289582,25.0388676393325
桃園市龜山區文藝里11鄰文青二路53號十二樓之8,68,6800700,6800700-000,11鄰,文青二路,,,,,,53號十二樓之8,121.389164289582,25.0388676393325
桃園市龜山區文藝里11鄰文青二路53號十二樓之9,68,6800700,6800700-000,11鄰,文青二路,,,,,,53號十二樓之9,121.389164289582,25.0388676393325
桃園市龜山區文藝里11鄰文青二路53號十三樓之1,68,6800700,6800700-000,11鄰,文青二路,,,,,,53號十三樓之1,121.389164289582,25.0388676393325
桃園市龜山區文藝里11鄰文青二路53號十三樓之2,68,6800700,6800700-000,11鄰,文青二路,,,,,,53號十三樓之2,121.389164289582,25.0388676393325
桃園市龜山區文藝里11鄰文青二路53號十三樓之3,68,6800700,6800700-000,11鄰,文青二路,,,,,,53號十三樓之3,121.389164289582,25.0388676393325
桃園市龜山區文藝里11鄰文青二路53號十三樓之5,68,6800700,6800700-000,11鄰,文青二路,,,,,,53號十三樓之5,121.389164289582,25.0388676393325
桃園市龜山區文藝里11鄰文青二路53號十三樓之6,68,6800700,6800700-000,11鄰,文青二路,,,,,,53號十三樓之6,121.389164289582,25.0388676393325
桃園市龜山區文藝里11鄰文青二路53號十三樓之7,68,6800700,6800700-000,11鄰,文青二路,,,,,,53號十三樓之7,121.389164289582,25.0388676393325
桃園市龜山區文藝里11鄰文青二路53號十三樓之8,68,6800700,6800700-000,11鄰,文青二路,,,,,,53號十三樓之8,121.389164716901,25.039003061226
桃園市龜山區文藝里11鄰文青二路53號十三樓之9,68,6800700,6800700-000,11鄰,文青二路,,,,,,53號十三樓之9,121.389164289582,25.0388676393325
桃園市龜山區文藝里11鄰文青二路53號十四樓之1,68,6800700,6800700-000,11鄰,文青二路,,,,,,53號十四樓之1,121.389164716901,25.039003061226
桃園市龜山區文藝里11鄰文青二路53號十四樓之2,68,6800700,6800700-000,11鄰,文青二路,,,,,,53號十四樓之2,121.389164716901,25.039003061226
桃園市龜山區文藝里11鄰文青二路53號十四樓之3,68,6800700,6800700-000,11鄰,文青二路,,,,,,53號十四樓之3,121.389164716901,25.039003061226
桃園市龜山區文藝里11鄰文青二路53號十四樓之5,68,6800700,6800700-000,11鄰,文青二路,,,,,,53號十四樓之5,121.389164716901,25.039003061226
桃園市龜山區文藝里11鄰文青二路53號十四樓之6,68,6800700,6800700-000,11鄰,文青二路,,,,,,53號十四樓之6,121.389164716901,25.039003061226
桃園市龜山區文藝里11鄰文青二路53號十四樓之7,68,6800700,6800700-000,11鄰,文青二路,,,,,,53號十四樓之7,121.389164716901,25.039003061226
桃園市龜山區文藝里11鄰文青二路53號十四樓之8,68,6800700,6800700-000,11鄰,文青二路,,,,,,53號十四樓之8,121.389164716901,25.039003061226
桃園市龜山區文藝里11鄰文青二路53號十四樓之9,68,6800700,6800700-000,11鄰,文青二路,,,,,,53號十四樓之9,121.389164716901,25.039003061226
桃園市龜山區文藝里11鄰文青二路53號十五樓之1,68,6800700,6800700-000,11鄰,文青二路,,,,,,53號十五樓之1,121.389164289582,25.0388676393325
桃園市龜山區文藝里11鄰文青二路53號十五樓之2,68,6800700,6800700-000,11鄰,文青二路,,,,,,53號十五樓之2,121.389164289582,25.0388676393325
桃園市龜山區文藝里11鄰文青二路53號十五樓之3,68,6800700,6800700-000,11鄰,文青二路,,,,,,53號十五樓之3,121.389164289582,25.0388676393325
桃園市龜山區文藝里11鄰文青二路53號十五樓之5,68,6800700,6800700-000,11鄰,文青二路,,,,,,53號十五樓之5,121.389164289582,25.0388676393325
桃園市龜山區文藝里11鄰文青二路53號十五樓之6,68,6800700,6800700-000,11鄰,文青二路,,,,,,53號十五樓之6,121.389164289582,25.0388676393325
桃園市龜山區文藝里11鄰文青二路53號十五樓之7,68,6800700,6800700-000,11鄰,文青二路,,,,,,53號十五樓之7,121.389164716901,25.039003061226
桃園市龜山區文藝里11鄰文青二路53號十五樓之8,68,6800700,6800700-000,11鄰,文青二路,,,,,,53號十五樓之8,121.389164289582,25.0388676393325
桃園市龜山區文藝里11鄰文青二路53號十五樓之9,68,6800700,6800700-000,11鄰,文青二路,,,,,,53號十五樓之9,121.389164716901,25.039003061226
桃園市龜山區文藝里11鄰文青二路53號十六樓之1,68,6800700,6800700-000,11鄰,文青二路,,,,,,53號十六樓之1,121.389164716901,25.039003061226
桃園市龜山區文藝里11鄰文青二路53號十六樓之2,68,6800700,6800700-000,11鄰,文青二路,,,,,,53號十六樓之2,121.389164716901,25.039003061226
桃園市龜山區文藝里11鄰文青二路53號十六樓之3,68,6800700,6800700-000,11鄰,文青二路,,,,,,53號十六樓之3,121.389164716901,25.039003061226
桃園市龜山區文藝里11鄰文青二路53號十六樓之5,68,6800700,6800700-000,11鄰,文青二路,,,,,,53號十六樓之5,121.389164716901,25.039003061226
桃園市龜山區文藝里11鄰文青二路53號十六樓之6,68,6800700,6800700-000,11鄰,文青二路,,,,,,53號十六樓之6,121.389164716901,25.039003061226
桃園市龜山區文藝里11鄰文青二路53號十六樓之7,68,6800700,6800700-000,11鄰,文青二路,,,,,,53號十六樓之7,121.389164716901,25.039003061226
桃園市龜山區文藝里11鄰文青二路53號十六樓之8,68,6800700,6800700-000,11鄰,文青二路,,,,,,53號十六樓之8,121.389164716901,25.039003061226
桃園市龜山區文藝里11鄰文青二路53號十六樓之9,68,6800700,6800700-000,11鄰,文青二路,,,,,,53號十六樓之9,121.389164716901,25.039003061226
桃園市龜山區文藝里11鄰文青二路53號十七樓之1,68,6800700,6800700-000,11鄰,文青二路,,,,,,53號十七樓之1,121.389164289582,25.0388676393325
桃園市龜山區文藝里11鄰文青二路53號十七樓之2,68,6800700,6800700-000,11鄰,文青二路,,,,,,53號十七樓之2,121.389164289582,25.0388676393325
桃園市龜山區文藝里11鄰文青二路53號十七樓之3,68,6800700,6800700-000,11鄰,文青二路,,,,,,53號十七樓之3,121.389164289582,25.0388676393325
桃園市龜山區文藝里11鄰文青二路53號十七樓之5,68,6800700,6800700-000,11鄰,文青二路,,,,,,53號十七樓之5,121.389164289582,25.0388676393325
桃園市龜山區文藝里11鄰文青二路53號十七樓之6,68,6800700,6800700-000,11鄰,文青二路,,,,,,53號十七樓之6,121.389164289582,25.0388676393325
桃園市龜山區文藝里11鄰文青二路53號十七樓之7,68,6800700,6800700-000,11鄰,文青二路,,,,,,53號十七樓之7,121.389164289582,25.0388676393325
桃園市龜山區文藝里11鄰文青二路53號十七樓之8,68,6800700,6800700-000,11鄰,文青二路,,,,,,53號十七樓之8,121.389164716901,25.039003061226
桃園市龜山區文藝里11鄰文青二路53號十七樓之9,68,6800700,6800700-000,11鄰,文青二路,,,,,,53號十七樓之9,121.389164289582,25.0388676393325
桃園市龜山區文藝里11鄰文青二路53號十八樓之1,68,6800700,6800700-000,11鄰,文青二路,,,,,,53號十八樓之1,121.389164716901,25.039003061226
桃園市龜山區文藝里11鄰文青二路53號十八樓之2,68,6800700,6800700-000,11鄰,文青二路,,,,,,53號十八樓之2,121.389164716901,25.039003061226
桃園市龜山區文藝里11鄰文青二路53號十八樓之3,68,6800700,6800700-000,11鄰,文青二路,,,,,,53號十八樓之3,121.389164716901,25.039003061226
桃園市龜山區文藝里11鄰文青二路53號十八樓之5,68,6800700,6800700-000,11鄰,文青二路,,,,,,53號十八樓之5,121.389164716901,25.039003061226
桃園市龜山區文藝里11鄰文青二路53號十八樓之6,68,6800700,6800700-000,11鄰,文青二路,,,,,,53號十八樓之6,121.389164716901,25.039003061226
桃園市龜山區文藝里11鄰文青二路53號十八樓之7,68,6800700,6800700-000,11鄰,文青二路,,,,,,53號十八樓之7,121.389164716901,25.039003061226
桃園市龜山區文藝里11鄰文青二路53號十八樓之8,68,6800700,6800700-000,11鄰,文青二路,,,,,,53號十八樓之8,121.389164716901,25.039003061226
桃園市龜山區文藝里11鄰文青二路53號十八樓之9,68,6800700,6800700-000,11鄰,文青二路,,,,,,53號十八樓之9,121.389164716901,25.039003061226
桃園市龜山區文藝里11鄰文青二路53號十九樓之1,68,6800700,6800700-000,11鄰,文青二路,,,,,,53號十九樓之1,121.389164289582,25.0388676393325
桃園市龜山區文藝里11鄰文青二路53號十九樓之2,68,6800700,6800700-000,11鄰,文青二路,,,,,,53號十九樓之2,121.389164289582,25.0388676393325
桃園市龜山區文藝里11鄰文青二路53號十九樓之3,68,6800700,6800700-000,11鄰,文青二路,,,,,,53號十九樓之3,121.389164289582,25.0388676393325
桃園市龜山區文藝里11鄰文青二路53號十九樓之5,68,6800700,6800700-000,11鄰,文青二路,,,,,,53號十九樓之5,121.389164289582,25.0388676393325
桃園市龜山區文藝里11鄰文青二路53號十九樓之6,68,6800700,6800700-000,11鄰,文青二路,,,,,,53號十九樓之6,121.389164289582,25.0388676393325
桃園市龜山區文藝里11鄰文青二路53號十九樓之7,68,6800700,6800700-000,11鄰,文青二路,,,,,,53號十九樓之7,121.389164289582,25.0388676393325
桃園市龜山區文藝里11鄰文青二路53號十九樓之8,68,6800700,6800700-000,11鄰,文青二路,,,,,,53號十九樓之8,121.389164289582,25.0388676393325
桃園市龜山區文藝里11鄰文青二路53號十九樓之9,68,6800700,6800700-000,11鄰,文青二路,,,,,,53號十九樓之9,121.389164289582,25.0388676393325
桃園市龜山區文藝里11鄰文青二路55號,68,6800700,6800700-000,11鄰,文青二路,,,,,,55號,121.389226873655,25.0389786125655
桃園市龜山區文藝里11鄰文青二路57號,68,6800700,6800700-000,11鄰,文青二路,,,,,,57號,121.389282994256,25.0389569784348
桃園市龜山區文藝里4鄰文青二路58號,68,6800700,6800700-000,4鄰,文青二路,,,,,,58號,121.38776778503,25.0388963885777
桃園市龜山區文藝里4鄰文青二路58號二樓,68,6800700,6800700-000,4鄰,文青二路,,,,,,58號二樓,121.38776778503,25.0388963885777
桃園市龜山區文藝里4鄰文青二路58號三樓,68,6800700,6800700-000,4鄰,文青二路,,,,,,58號三樓,121.38776778503,25.0388963885777
桃園市龜山區文藝里4鄰文青二路58號四樓,68,6800700,6800700-000,4鄰,文青二路,,,,,,58號四樓,121.38776778503,25.0388963885777
桃園市龜山區文藝里4鄰文青二路58號五樓,68,6800700,6800700-000,4鄰,文青二路,,,,,,58號五樓,121.38776778503,25.0388963885777
桃園市龜山區文藝里11鄰文青二路59號,68,6800700,6800700-000,11鄰,文青二路,,,,,,59號,121.389339114267,25.0389351637205
桃園市龜山區文藝里11鄰文青二路61號,68,6800700,6800700-000,11鄰,文青二路,,,,,,61號,121.389349620225,25.0389984238797
桃園市龜山區文藝里11鄰文青二路63號,68,6800700,6800700-000,11鄰,文青二路,,,,,,63號,121.389281715815,25.0390228876491
桃園市龜山區文藝里11鄰文青二路65號,68,6800700,6800700-000,11鄰,文青二路,,,,,,65號,121.389222673536,25.0390607801936
桃園市龜山區文藝里10鄰文青二路67號,68,6800700,6800700-000,10鄰,文青二路,,,,,,67號,121.389466129192,25.0388944748107
桃園市龜山區文藝里10鄰文青二路67號十樓之1,68,6800700,6800700-000,10鄰,文青二路,,,,,,67號十樓之1,121.389466129192,25.0388944748107
桃園市龜山區文藝里10鄰文青二路67號十樓之2,68,6800700,6800700-000,10鄰,文青二路,,,,,,67號十樓之2,121.389466129192,25.0388944748107
桃園市龜山區文藝里10鄰文青二路67號十樓之3,68,6800700,6800700-000,10鄰,文青二路,,,,,,67號十樓之3,121.389466129192,25.0388944748107
桃園市龜山區文藝里10鄰文青二路67號十樓之5,68,6800700,6800700-000,10鄰,文青二路,,,,,,67號十樓之5,121.389466129192,25.0388944748107
桃園市龜山區文藝里10鄰文青二路67號十樓之6,68,6800700,6800700-000,10鄰,文青二路,,,,,,67號十樓之6,121.389466129192,25.0388944748107
桃園市龜山區文藝里10鄰文青二路67號十樓之7,68,6800700,6800700-000,10鄰,文青二路,,,,,,67號十樓之7,121.389466129192,25.0388944748107
桃園市龜山區文藝里10鄰文青二路67號十樓之9,68,6800700,6800700-000,10鄰,文青二路,,,,,,67號十樓之9,121.389466129192,25.0388944748107
桃園市龜山區文藝里10鄰文青二路67號二樓之1,68,6800700,6800700-000,10鄰,文青二路,,,,,,67號二樓之1,121.389466129192,25.0388944748107
桃園市龜山區文藝里10鄰文青二路67號二樓之2,68,6800700,6800700-000,10鄰,文青二路,,,,,,67號二樓之2,121.389466129192,25.0388944748107
桃園市龜山區文藝里10鄰文青二路67號二樓之3,68,6800700,6800700-000,10鄰,文青二路,,,,,,67號二樓之3,121.389466129192,25.0388944748107
桃園市龜山區文藝里10鄰文青二路67號二樓之5,68,6800700,6800700-000,10鄰,文青二路,,,,,,67號二樓之5,121.389466129192,25.0388944748107
桃園市龜山區文藝里10鄰文青二路67號二樓之6,68,6800700,6800700-000,10鄰,文青二路,,,,,,67號二樓之6,121.389466129192,25.0388944748107
桃園市龜山區文藝里10鄰文青二路67號二樓之7,68,6800700,6800700-000,10鄰,文青二路,,,,,,67號二樓之7,121.389466129192,25.0388944748107
桃園市龜山區文藝里10鄰文青二路67號二樓之8,68,6800700,6800700-000,10鄰,文青二路,,,,,,67號二樓之8,121.389466129192,25.0388944748107
桃園市龜山區文藝里10鄰文青二路67號二樓之9,68,6800700,6800700-000,10鄰,文青二路,,,,,,67號二樓之9,121.389466129192,25.0388944748107
桃園市龜山區文藝里10鄰文青二路67號三樓之1,68,6800700,6800700-000,10鄰,文青二路,,,,,,67號三樓之1,121.389466129192,25.0388944748107
桃園市龜山區文藝里10鄰文青二路67號三樓之2,68,6800700,6800700-000,10鄰,文青二路,,,,,,67號三樓之2,121.389466129192,25.0388944748107
桃園市龜山區文藝里10鄰文青二路67號三樓之3,68,6800700,6800700-000,10鄰,文青二路,,,,,,67號三樓之3,121.389466129192,25.0388944748107
桃園市龜山區文藝里10鄰文青二路67號三樓之5,68,6800700,6800700-000,10鄰,文青二路,,,,,,67號三樓之5,121.389466129192,25.0388944748107
桃園市龜山區文藝里10鄰文青二路67號三樓之6,68,6800700,6800700-000,10鄰,文青二路,,,,,,67號三樓之6,121.389466129192,25.0388944748107
桃園市龜山區文藝里10鄰文青二路67號三樓之7,68,6800700,6800700-000,10鄰,文青二路,,,,,,67號三樓之7,121.389466129192,25.0388944748107
桃園市龜山區文藝里10鄰文青二路67號三樓之8,68,6800700,6800700-000,10鄰,文青二路,,,,,,67號三樓之8,121.389466129192,25.0388944748107
桃園市龜山區文藝里10鄰文青二路67號三樓之9,68,6800700,6800700-000,10鄰,文青二路,,,,,,67號三樓之9,121.389466129192,25.0388944748107
桃園市龜山區文藝里10鄰文青二路67號四樓之1,68,6800700,6800700-000,10鄰,文青二路,,,,,,67號四樓之1,121.389466129192,25.0388944748107
桃園市龜山區文藝里10鄰文青二路67號四樓之2,68,6800700,6800700-000,10鄰,文青二路,,,,,,67號四樓之2,121.389466129192,25.0388944748107
桃園市龜山區文藝里10鄰文青二路67號四樓之3,68,6800700,6800700-000,10鄰,文青二路,,,,,,67號四樓之3,121.389466129192,25.0388944748107
桃園市龜山區文藝里10鄰文青二路67號四樓之5,68,6800700,6800700-000,10鄰,文青二路,,,,,,67號四樓之5,121.389466129192,25.0388944748107
桃園市龜山區文藝里10鄰文青二路67號四樓之6,68,6800700,6800700-000,10鄰,文青二路,,,,,,67號四樓之6,121.389466129192,25.0388944748107
桃園市龜山區文藝里10鄰文青二路67號四樓之7,68,6800700,6800700-000,10鄰,文青二路,,,,,,67號四樓之7,121.389466129192,25.0388944748107
桃園市龜山區文藝里10鄰文青二路67號四樓之8,68,6800700,6800700-000,10鄰,文青二路,,,,,,67號四樓之8,121.389466129192,25.0388944748107
桃園市龜山區文藝里10鄰文青二路67號四樓之9,68,6800700,6800700-000,10鄰,文青二路,,,,,,67號四樓之9,121.389466129192,25.0388944748107
桃園市龜山區文藝里10鄰文青二路67號五樓之1,68,6800700,6800700-000,10鄰,文青二路,,,,,,67號五樓之1,121.389466129192,25.0388944748107
桃園市龜山區文藝里10鄰文青二路67號五樓之2,68,6800700,6800700-000,10鄰,文青二路,,,,,,67號五樓之2,121.389466129192,25.0388944748107
桃園市龜山區文藝里10鄰文青二路67號五樓之3,68,6800700,6800700-000,10鄰,文青二路,,,,,,67號五樓之3,121.389466129192,25.0388944748107
桃園市龜山區文藝里10鄰文青二路67號五樓之5,68,6800700,6800700-000,10鄰,文青二路,,,,,,67號五樓之5,121.389466129192,25.0388944748107
桃園市龜山區文藝里10鄰文青二路67號五樓之6,68,6800700,6800700-000,10鄰,文青二路,,,,,,67號五樓之6,121.389466129192,25.0388944748107
桃園市龜山區文藝里10鄰文青二路67號五樓之7,68,6800700,6800700-000,10鄰,文青二路,,,,,,67號五樓之7,121.389466129192,25.0388944748107
桃園市龜山區文藝里10鄰文青二路67號五樓之8,68,6800700,6800700-000,10鄰,文青二路,,,,,,67號五樓之8,121.389466129192,25.0388944748107
桃園市龜山區文藝里10鄰文青二路67號五樓之9,68,6800700,6800700-000,10鄰,文青二路,,,,,,67號五樓之9,121.389466129192,25.0388944748107
桃園市龜山區文藝里10鄰文青二路67號六樓之1,68,6800700,6800700-000,10鄰,文青二路,,,,,,67號六樓之1,121.389466129192,25.0388944748107
桃園市龜山區文藝里10鄰文青二路67號六樓之2,68,6800700,6800700-000,10鄰,文青二路,,,,,,67號六樓之2,121.389466129192,25.0388944748107
桃園市龜山區文藝里10鄰文青二路67號六樓之3,68,6800700,6800700-000,10鄰,文青二路,,,,,,67號六樓之3,121.389466129192,25.0388944748107
桃園市龜山區文藝里10鄰文青二路67號六樓之5,68,6800700,6800700-000,10鄰,文青二路,,,,,,67號六樓之5,121.389466129192,25.0388944748107
桃園市龜山區文藝里10鄰文青二路67號六樓之6,68,6800700,6800700-000,10鄰,文青二路,,,,,,67號六樓之6,121.389466129192,25.0388944748107
桃園市龜山區文藝里10鄰文青二路67號六樓之7,68,6800700,6800700-000,10鄰,文青二路,,,,,,67號六樓之7,121.389466129192,25.0388944748107
桃園市龜山區文藝里10鄰文青二路67號六樓之8,68,6800700,6800700-000,10鄰,文青二路,,,,,,67號六樓之8,121.389466129192,25.0388944748107
桃園市龜山區文藝里10鄰文青二路67號六樓之9,68,6800700,6800700-000,10鄰,文青二路,,,,,,67號六樓之9,121.389466129192,25.0388944748107
桃園市龜山區文藝里10鄰文青二路67號七樓之1,68,6800700,6800700-000,10鄰,文青二路,,,,,,67號七樓之1,121.389466129192,25.0388944748107
桃園市龜山區文藝里10鄰文青二路67號七樓之2,68,6800700,6800700-000,10鄰,文青二路,,,,,,67號七樓之2,121.389466129192,25.0388944748107
桃園市龜山區文藝里10鄰文青二路67號七樓之3,68,6800700,6800700-000,10鄰,文青二路,,,,,,67號七樓之3,121.389466129192,25.0388944748107
桃園市龜山區文藝里10鄰文青二路67號七樓之5,68,6800700,6800700-000,10鄰,文青二路,,,,,,67號七樓之5,121.389466129192,25.0388944748107
桃園市龜山區文藝里10鄰文青二路67號七樓之6,68,6800700,6800700-000,10鄰,文青二路,,,,,,67號七樓之6,121.389466129192,25.0388944748107
桃園市龜山區文藝里10鄰文青二路67號七樓之7,68,6800700,6800700-000,10鄰,文青二路,,,,,,67號七樓之7,121.389466129192,25.0388944748107
桃園市龜山區文藝里10鄰文青二路67號七樓之8,68,6800700,6800700-000,10鄰,文青二路,,,,,,67號七樓之8,121.389466129192,25.0388944748107
桃園市龜山區文藝里10鄰文青二路67號七樓之9,68,6800700,6800700-000,10鄰,文青二路,,,,,,67號七樓之9,121.389466129192,25.0388944748107
桃園市龜山區文藝里10鄰文青二路67號八樓之1,68,6800700,6800700-000,10鄰,文青二路,,,,,,67號八樓之1,121.389466129192,25.0388944748107
桃園市龜山區文藝里10鄰文青二路67號八樓之2,68,6800700,6800700-000,10鄰,文青二路,,,,,,67號八樓之2,121.389466129192,25.0388944748107
桃園市龜山區文藝里10鄰文青二路67號八樓之3,68,6800700,6800700-000,10鄰,文青二路,,,,,,67號八樓之3,121.389466129192,25.0388944748107
桃園市龜山區文藝里10鄰文青二路67號八樓之5,68,6800700,6800700-000,10鄰,文青二路,,,,,,67號八樓之5,121.389466129192,25.0388944748107
桃園市龜山區文藝里10鄰文青二路67號八樓之6,68,6800700,6800700-000,10鄰,文青二路,,,,,,67號八樓之6,121.389466129192,25.0388944748107
桃園市龜山區文藝里10鄰文青二路67號八樓之7,68,6800700,6800700-000,10鄰,文青二路,,,,,,67號八樓之7,121.389466129192,25.0388944748107
桃園市龜山區文藝里10鄰文青二路67號八樓之8,68,6800700,6800700-000,10鄰,文青二路,,,,,,67號八樓之8,121.389466129192,25.0388944748107
桃園市龜山區文藝里10鄰文青二路67號八樓之9,68,6800700,6800700-000,10鄰,文青二路,,,,,,67號八樓之9,121.389466129192,25.0388944748107
桃園市龜山區文藝里10鄰文青二路67號九樓之1,68,6800700,6800700-000,10鄰,文青二路,,,,,,67號九樓之1,121.389466129192,25.0388944748107
桃園市龜山區文藝里10鄰文青二路67號九樓之2,68,6800700,6800700-000,10鄰,文青二路,,,,,,67號九樓之2,121.389466129192,25.0388944748107
桃園市龜山區文藝里10鄰文青二路67號九樓之3,68,6800700,6800700-000,10鄰,文青二路,,,,,,67號九樓之3,121.389466129192,25.0388944748107
桃園市龜山區文藝里10鄰文青二路67號九樓之5,68,6800700,6800700-000,10鄰,文青二路,,,,,,67號九樓之5,121.389466129192,25.0388944748107
桃園市龜山區文藝里10鄰文青二路67號九樓之6,68,6800700,6800700-000,10鄰,文青二路,,,,,,67號九樓之6,121.389466129192,25.0388944748107
桃園市龜山區文藝里10鄰文青二路67號九樓之7,68,6800700,6800700-000,10鄰,文青二路,,,,,,67號九樓之7,121.389466129192,25.0388944748107
桃園市龜山區文藝里10鄰文青二路67號九樓之9,68,6800700,6800700-000,10鄰,文青二路,,,,,,67號九樓之9,121.389466129192,25.0388944748107
桃園市龜山區文藝里10鄰文青二路67號十一樓之1,68,6800700,6800700-000,10鄰,文青二路,,,,,,67號十一樓之1,121.389466129192,25.0388944748107
桃園市龜山區文藝里10鄰文青二路67號十一樓之2,68,6800700,6800700-000,10鄰,文青二路,,,,,,67號十一樓之2,121.389466129192,25.0388944748107
桃園市龜山區文藝里10鄰文青二路67號十一樓之3,68,6800700,6800700-000,10鄰,文青二路,,,,,,67號十一樓之3,121.389466129192,25.0388944748107
桃園市龜山區文藝里10鄰文青二路67號十一樓之5,68,6800700,6800700-000,10鄰,文青二路,,,,,,67號十一樓之5,121.389466129192,25.0388944748107
桃園市龜山區文藝里10鄰文青二路67號十一樓之6,68,6800700,6800700-000,10鄰,文青二路,,,,,,67號十一樓之6,121.389466129192,25.0388944748107
桃園市龜山區文藝里10鄰文青二路67號十一樓之7,68,6800700,6800700-000,10鄰,文青二路,,,,,,67號十一樓之7,121.389466129192,25.0388944748107
桃園市龜山區文藝里10鄰文青二路67號十一樓之8,68,6800700,6800700-000,10鄰,文青二路,,,,,,67號十一樓之8,121.389466129192,25.0388944748107
桃園市龜山區文藝里10鄰文青二路67號十一樓之9,68,6800700,6800700-000,10鄰,文青二路,,,,,,67號十一樓之9,121.389466129192,25.0388944748107
桃園市龜山區文藝里10鄰文青二路67號十二樓之1,68,6800700,6800700-000,10鄰,文青二路,,,,,,67號十二樓之1,121.389466129192,25.0388944748107
桃園市龜山區文藝里10鄰文青二路67號十二樓之2,68,6800700,6800700-000,10鄰,文青二路,,,,,,67號十二樓之2,121.389466129192,25.0388944748107
桃園市龜山區文藝里10鄰文青二路67號十二樓之3,68,6800700,6800700-000,10鄰,文青二路,,,,,,67號十二樓之3,121.389466129192,25.0388944748107
桃園市龜山區文藝里10鄰文青二路67號十二樓之5,68,6800700,6800700-000,10鄰,文青二路,,,,,,67號十二樓之5,121.389466129192,25.0388944748107
桃園市龜山區文藝里10鄰文青二路67號十二樓之6,68,6800700,6800700-000,10鄰,文青二路,,,,,,67號十二樓之6,121.389466129192,25.0388944748107
桃園市龜山區文藝里10鄰文青二路67號十二樓之7,68,6800700,6800700-000,10鄰,文青二路,,,,,,67號十二樓之7,121.389466129192,25.0388944748107
桃園市龜山區文藝里10鄰文青二路67號十二樓之8,68,6800700,6800700-000,10鄰,文青二路,,,,,,67號十二樓之8,121.389466129192,25.0388944748107
桃園市龜山區文藝里10鄰文青二路67號十二樓之9,68,6800700,6800700-000,10鄰,文青二路,,,,,,67號十二樓之9,121.389466129192,25.0388944748107
桃園市龜山區文藝里10鄰文青二路67號十三樓之1,68,6800700,6800700-000,10鄰,文青二路,,,,,,67號十三樓之1,121.389466129192,25.0388944748107
桃園市龜山區文藝里10鄰文青二路67號十三樓之2,68,6800700,6800700-000,10鄰,文青二路,,,,,,67號十三樓之2,121.389466129192,25.0388944748107
桃園市龜山區文藝里10鄰文青二路67號十三樓之3,68,6800700,6800700-000,10鄰,文青二路,,,,,,67號十三樓之3,121.389466129192,25.0388944748107
桃園市龜山區文藝里10鄰文青二路67號十三樓之5,68,6800700,6800700-000,10鄰,文青二路,,,,,,67號十三樓之5,121.389466129192,25.0388944748107
桃園市龜山區文藝里10鄰文青二路67號十三樓之6,68,6800700,6800700-000,10鄰,文青二路,,,,,,67號十三樓之6,121.389466129192,25.0388944748107
桃園市龜山區文藝里10鄰文青二路67號十三樓之7,68,6800700,6800700-000,10鄰,文青二路,,,,,,67號十三樓之7,121.389466129192,25.0388944748107
桃園市龜山區文藝里10鄰文青二路67號十三樓之8,68,6800700,6800700-000,10鄰,文青二路,,,,,,67號十三樓之8,121.389466129192,25.0388944748107
桃園市龜山區文藝里10鄰文青二路67號十三樓之9,68,6800700,6800700-000,10鄰,文青二路,,,,,,67號十三樓之9,121.389466129192,25.0388944748107
桃園市龜山區文藝里10鄰文青二路67號十四樓之1,68,6800700,6800700-000,10鄰,文青二路,,,,,,67號十四樓之1,121.389466129192,25.0388944748107
桃園市龜山區文藝里10鄰文青二路67號十四樓之2,68,6800700,6800700-000,10鄰,文青二路,,,,,,67號十四樓之2,121.389466129192,25.0388944748107
桃園市龜山區文藝里10鄰文青二路67號十四樓之3,68,6800700,6800700-000,10鄰,文青二路,,,,,,67號十四樓之3,121.389466129192,25.0388944748107
桃園市龜山區文藝里10鄰文青二路67號十四樓之5,68,6800700,6800700-000,10鄰,文青二路,,,,,,67號十四樓之5,121.389466129192,25.0388944748107
桃園市龜山區文藝里10鄰文青二路67號十四樓之6,68,6800700,6800700-000,10鄰,文青二路,,,,,,67號十四樓之6,121.389466129192,25.0388944748107
桃園市龜山區文藝里10鄰文青二路67號十四樓之7,68,6800700,6800700-000,10鄰,文青二路,,,,,,67號十四樓之7,121.389466129192,25.0388944748107
桃園市龜山區文藝里10鄰文青二路67號十四樓之8,68,6800700,6800700-000,10鄰,文青二路,,,,,,67號十四樓之8,121.389466129192,25.0388944748107
桃園市龜山區文藝里10鄰文青二路67號十四樓之9,68,6800700,6800700-000,10鄰,文青二路,,,,,,67號十四樓之9,121.389466129192,25.0388944748107
桃園市龜山區文藝里10鄰文青二路67號十五樓之1,68,6800700,6800700-000,10鄰,文青二路,,,,,,67號十五樓之1,121.389466129192,25.0388944748107
桃園市龜山區文藝里10鄰文青二路67號十五樓之2,68,6800700,6800700-000,10鄰,文青二路,,,,,,67號十五樓之2,121.389466129192,25.0388944748107
桃園市龜山區文藝里10鄰文青二路67號十五樓之3,68,6800700,6800700-000,10鄰,文青二路,,,,,,67號十五樓之3,121.389466129192,25.0388944748107
桃園市龜山區文藝里10鄰文青二路67號十五樓之5,68,6800700,6800700-000,10鄰,文青二路,,,,,,67號十五樓之5,121.389466129192,25.0388944748107
桃園市龜山區文藝里10鄰文青二路67號十五樓之6,68,6800700,6800700-000,10鄰,文青二路,,,,,,67號十五樓之6,121.389466129192,25.0388944748107
桃園市龜山區文藝里10鄰文青二路67號十五樓之7,68,6800700,6800700-000,10鄰,文青二路,,,,,,67號十五樓之7,121.389466129192,25.0388944748107
桃園市龜山區文藝里10鄰文青二路67號十五樓之8,68,6800700,6800700-000,10鄰,文青二路,,,,,,67號十五樓之8,121.389466129192,25.0388944748107
桃園市龜山區文藝里10鄰文青二路67號十五樓之9,68,6800700,6800700-000,10鄰,文青二路,,,,,,67號十五樓之9,121.389466129192,25.0388944748107
桃園市龜山區文藝里10鄰文青二路67號十六樓之1,68,6800700,6800700-000,10鄰,文青二路,,,,,,67號十六樓之1,121.389466129192,25.0388944748107
桃園市龜山區文藝里10鄰文青二路67號十六樓之2,68,6800700,6800700-000,10鄰,文青二路,,,,,,67號十六樓之2,121.389466129192,25.0388944748107
桃園市龜山區文藝里10鄰文青二路67號十六樓之3,68,6800700,6800700-000,10鄰,文青二路,,,,,,67號十六樓之3,121.389466129192,25.0388944748107
桃園市龜山區文藝里10鄰文青二路67號十六樓之5,68,6800700,6800700-000,10鄰,文青二路,,,,,,67號十六樓之5,121.389466129192,25.0388944748107
桃園市龜山區文藝里10鄰文青二路67號十六樓之6,68,6800700,6800700-000,10鄰,文青二路,,,,,,67號十六樓之6,121.389466129192,25.0388944748107
桃園市龜山區文藝里10鄰文青二路67號十六樓之7,68,6800700,6800700-000,10鄰,文青二路,,,,,,67號十六樓之7,121.389466129192,25.0388944748107
桃園市龜山區文藝里10鄰文青二路67號十六樓之8,68,6800700,6800700-000,10鄰,文青二路,,,,,,67號十六樓之8,121.389466129192,25.0388944748107
桃園市龜山區文藝里10鄰文青二路67號十六樓之9,68,6800700,6800700-000,10鄰,文青二路,,,,,,67號十六樓之9,121.389466129192,25.0388944748107
桃園市龜山區文藝里10鄰文青二路67號十七樓之1,68,6800700,6800700-000,10鄰,文青二路,,,,,,67號十七樓之1,121.389466129192,25.0388944748107
桃園市龜山區文藝里10鄰文青二路67號十七樓之2,68,6800700,6800700-000,10鄰,文青二路,,,,,,67號十七樓之2,121.389466129192,25.0388944748107
桃園市龜山區文藝里10鄰文青二路67號十七樓之3,68,6800700,6800700-000,10鄰,文青二路,,,,,,67號十七樓之3,121.389466129192,25.0388944748107
桃園市龜山區文藝里10鄰文青二路67號十七樓之5,68,6800700,6800700-000,10鄰,文青二路,,,,,,67號十七樓之5,121.389466129192,25.0388944748107
桃園市龜山區文藝里10鄰文青二路67號十七樓之6,68,6800700,6800700-000,10鄰,文青二路,,,,,,67號十七樓之6,121.389466129192,25.0388944748107
桃園市龜山區文藝里10鄰文青二路67號十七樓之7,68,6800700,6800700-000,10鄰,文青二路,,,,,,67號十七樓之7,121.389466129192,25.0388944748107
桃園市龜山區文藝里10鄰文青二路67號十七樓之8,68,6800700,6800700-000,10鄰,文青二路,,,,,,67號十七樓之8,121.389466129192,25.0388944748107
桃園市龜山區文藝里10鄰文青二路67號十七樓之9,68,6800700,6800700-000,10鄰,文青二路,,,,,,67號十七樓之9,121.389466129192,25.0388944748107
桃園市龜山區文藝里10鄰文青二路67號十八樓之1,68,6800700,6800700-000,10鄰,文青二路,,,,,,67號十八樓之1,121.389466129192,25.0388944748107
桃園市龜山區文藝里10鄰文青二路67號十八樓之2,68,6800700,6800700-000,10鄰,文青二路,,,,,,67號十八樓之2,121.389466129192,25.0388944748107
桃園市龜山區文藝里10鄰文青二路67號十八樓之3,68,6800700,6800700-000,10鄰,文青二路,,,,,,67號十八樓之3,121.389466129192,25.0388944748107
桃園市龜山區文藝里10鄰文青二路67號十八樓之5,68,6800700,6800700-000,10鄰,文青二路,,,,,,67號十八樓之5,121.389466129192,25.0388944748107
桃園市龜山區文藝里10鄰文青二路67號十八樓之6,68,6800700,6800700-000,10鄰,文青二路,,,,,,67號十八樓之6,121.389466129192,25.0388944748107
桃園市龜山區文藝里10鄰文青二路67號十八樓之7,68,6800700,6800700-000,10鄰,文青二路,,,,,,67號十八樓之7,121.389466129192,25.0388944748107
桃園市龜山區文藝里10鄰文青二路67號十八樓之8,68,6800700,6800700-000,10鄰,文青二路,,,,,,67號十八樓之8,121.389466129192,25.0388944748107
桃園市龜山區文藝里10鄰文青二路67號十八樓之9,68,6800700,6800700-000,10鄰,文青二路,,,,,,67號十八樓之9,121.389466129192,25.0388944748107
桃園市龜山區文藝里10鄰文青二路67號十九樓之1,68,6800700,6800700-000,10鄰,文青二路,,,,,,67號十九樓之1,121.389466129192,25.0388944748107
桃園市龜山區文藝里10鄰文青二路67號十九樓之2,68,6800700,6800700-000,10鄰,文青二路,,,,,,67號十九樓之2,121.389466129192,25.0388944748107
桃園市龜山區文藝里10鄰文青二路67號十九樓之3,68,6800700,6800700-000,10鄰,文青二路,,,,,,67號十九樓之3,121.389466129192,25.0388944748107
桃園市龜山區文藝里10鄰文青二路67號十九樓之5,68,6800700,6800700-000,10鄰,文青二路,,,,,,67號十九樓之5,121.389466129192,25.0388944748107
桃園市龜山區文藝里10鄰文青二路67號十九樓之6,68,6800700,6800700-000,10鄰,文青二路,,,,,,67號十九樓之6,121.389466129192,25.0388944748107
桃園市龜山區文藝里10鄰文青二路67號十九樓之7,68,6800700,6800700-000,10鄰,文青二路,,,,,,67號十九樓之7,121.389466129192,25.0388944748107
桃園市龜山區文藝里10鄰文青二路67號十九樓之8,68,6800700,6800700-000,10鄰,文青二路,,,,,,67號十九樓之8,121.389466129192,25.0388944748107
桃園市龜山區文藝里10鄰文青二路67號十九樓之9,68,6800700,6800700-000,10鄰,文青二路,,,,,,67號十九樓之9,121.389466129192,25.0388944748107
桃園市龜山區文藝里10鄰文青二路69號,68,6800700,6800700-000,10鄰,文青二路,,,,,,69號,121.389525205248,25.0388673256403
桃園市龜山區文藝里10鄰文青二路71號,68,6800700,6800700-000,10鄰,文青二路,,,,,,71號,121.389584290118,25.0388429751657
桃園市龜山區文藝里10鄰文青二路73號,68,6800700,6800700-000,10鄰,文青二路,,,,,,73號,121.389643366123,25.0388158259487
桃園市龜山區文藝里10鄰文青二路75號,68,6800700,6800700-000,10鄰,文青二路,,,,,,75號,121.389696513647,25.0387941994587
桃園市龜山區文藝里10鄰文青二路77號,68,6800700,6800700-000,10鄰,文青二路,,,,,,77號,121.389670870243,25.0388642352624
桃園市龜山區文藝里10鄰文青二路79號,68,6800700,6800700-000,10鄰,文青二路,,,,,,79號,121.389649550435,25.0388912854892
桃園市龜山區文藝里10鄰文青二路81號,68,6800700,6800700-000,10鄰,文青二路,,,,,,81號,121.38960822971,25.0389237147944
桃園市龜山區文藝里10鄰文青二路83號,68,6800700,6800700-000,10鄰,文青二路,,,,,,83號,121.389543207498,25.0389507893037
桃園市龜山區文藝里9鄰文青二路85號,68,6800700,6800700-000,9鄰,文青二路,,,,,,85號,121.389868668209,25.0387693717339
桃園市龜山區文藝里9鄰文青二路85號十樓之1,68,6800700,6800700-000,9鄰,文青二路,,,,,,85號十樓之1,121.38967047306,25.0387698916073
桃園市龜山區文藝里9鄰文青二路85號十樓之2,68,6800700,6800700-000,9鄰,文青二路,,,,,,85號十樓之2,121.38967047306,25.0387698916073
桃園市龜山區文藝里9鄰文青二路85號十樓之3,68,6800700,6800700-000,9鄰,文青二路,,,,,,85號十樓之3,121.38967047306,25.0387698916073
桃園市龜山區文藝里9鄰文青二路85號十樓之5,68,6800700,6800700-000,9鄰,文青二路,,,,,,85號十樓之5,121.38967047306,25.0387698916073
桃園市龜山區文藝里9鄰文青二路85號十樓之6,68,6800700,6800700-000,9鄰,文青二路,,,,,,85號十樓之6,121.38967047306,25.0387698916073
桃園市龜山區文藝里9鄰文青二路85號十樓之7,68,6800700,6800700-000,9鄰,文青二路,,,,,,85號十樓之7,121.38967047306,25.0387698916073
桃園市龜山區文藝里9鄰文青二路85號十樓之9,68,6800700,6800700-000,9鄰,文青二路,,,,,,85號十樓之9,121.38967047306,25.0387698916073
桃園市龜山區文藝里9鄰文青二路85號三樓之1,68,6800700,6800700-000,9鄰,文青二路,,,,,,85號三樓之1,121.389868668209,25.0387693717339
桃園市龜山區文藝里9鄰文青二路85號三樓之2,68,6800700,6800700-000,9鄰,文青二路,,,,,,85號三樓之2,121.389868668209,25.0387693717339
桃園市龜山區文藝里9鄰文青二路85號三樓之3,68,6800700,6800700-000,9鄰,文青二路,,,,,,85號三樓之3,121.389868668209,25.0387693717339
桃園市龜山區文藝里9鄰文青二路85號三樓之5,68,6800700,6800700-000,9鄰,文青二路,,,,,,85號三樓之5,121.38967047306,25.0387698916073
桃園市龜山區文藝里9鄰文青二路85號三樓之6,68,6800700,6800700-000,9鄰,文青二路,,,,,,85號三樓之6,121.389868668209,25.0387693717339
桃園市龜山區文藝里9鄰文青二路85號三樓之7,68,6800700,6800700-000,9鄰,文青二路,,,,,,85號三樓之7,121.389868668209,25.0387693717339
桃園市龜山區文藝里9鄰文青二路85號三樓之8,68,6800700,6800700-000,9鄰,文青二路,,,,,,85號三樓之8,121.389868668209,25.0387693717339
桃園市龜山區文藝里9鄰文青二路85號三樓之9,68,6800700,6800700-000,9鄰,文青二路,,,,,,85號三樓之9,121.389868668209,25.0387693717339
桃園市龜山區文藝里9鄰文青二路85號四樓之1,68,6800700,6800700-000,9鄰,文青二路,,,,,,85號四樓之1,121.38967047306,25.0387698916073
桃園市龜山區文藝里9鄰文青二路85號四樓之2,68,6800700,6800700-000,9鄰,文青二路,,,,,,85號四樓之2,121.38967047306,25.0387698916073
桃園市龜山區文藝里9鄰文青二路85號四樓之3,68,6800700,6800700-000,9鄰,文青二路,,,,,,85號四樓之3,121.38967047306,25.0387698916073
桃園市龜山區文藝里9鄰文青二路85號四樓之5,68,6800700,6800700-000,9鄰,文青二路,,,,,,85號四樓之5,121.38967047306,25.0387698916073
桃園市龜山區文藝里9鄰文青二路85號四樓之6,68,6800700,6800700-000,9鄰,文青二路,,,,,,85號四樓之6,121.38967047306,25.0387698916073
桃園市龜山區文藝里9鄰文青二路85號四樓之7,68,6800700,6800700-000,9鄰,文青二路,,,,,,85號四樓之7,121.38967047306,25.0387698916073
桃園市龜山區文藝里9鄰文青二路85號四樓之8,68,6800700,6800700-000,9鄰,文青二路,,,,,,85號四樓之8,121.38967047306,25.0387698916073
桃園市龜山區文藝里9鄰文青二路85號四樓之9,68,6800700,6800700-000,9鄰,文青二路,,,,,,85號四樓之9,121.38967047306,25.0387698916073
桃園市龜山區文藝里9鄰文青二路85號五樓之1,68,6800700,6800700-000,9鄰,文青二路,,,,,,85號五樓之1,121.389868668209,25.0387693717339
桃園市龜山區文藝里9鄰文青二路85號五樓之2,68,6800700,6800700-000,9鄰,文青二路,,,,,,85號五樓之2,121.389868668209,25.0387693717339
桃園市龜山區文藝里9鄰文青二路85號五樓之3,68,6800700,6800700-000,9鄰,文青二路,,,,,,85號五樓之3,121.389868668209,25.0387693717339
桃園市龜山區文藝里9鄰文青二路85號五樓之5,68,6800700,6800700-000,9鄰,文青二路,,,,,,85號五樓之5,121.389868668209,25.0387693717339
桃園市龜山區文藝里9鄰文青二路85號五樓之6,68,6800700,6800700-000,9鄰,文青二路,,,,,,85號五樓之6,121.389868668209,25.0387693717339
桃園市龜山區文藝里9鄰文青二路85號五樓之7,68,6800700,6800700-000,9鄰,文青二路,,,,,,85號五樓之7,121.38967047306,25.0387698916073
桃園市龜山區文藝里9鄰文青二路85號五樓之8,68,6800700,6800700-000,9鄰,文青二路,,,,,,85號五樓之8,121.389868668209,25.0387693717339
桃園市龜山區文藝里9鄰文青二路85號五樓之9,68,6800700,6800700-000,9鄰,文青二路,,,,,,85號五樓之9,121.389868668209,25.0387693717339
桃園市龜山區文藝里9鄰文青二路85號六樓之1,68,6800700,6800700-000,9鄰,文青二路,,,,,,85號六樓之1,121.389868668209,25.0387693717339
桃園市龜山區文藝里9鄰文青二路85號六樓之2,68,6800700,6800700-000,9鄰,文青二路,,,,,,85號六樓之2,121.389868668209,25.0387693717339
桃園市龜山區文藝里9鄰文青二路85號六樓之3,68,6800700,6800700-000,9鄰,文青二路,,,,,,85號六樓之3,121.389868668209,25.0387693717339
桃園市龜山區文藝里9鄰文青二路85號六樓之5,68,6800700,6800700-000,9鄰,文青二路,,,,,,85號六樓之5,121.389868668209,25.0387693717339
桃園市龜山區文藝里9鄰文青二路85號六樓之6,68,6800700,6800700-000,9鄰,文青二路,,,,,,85號六樓之6,121.389868668209,25.0387693717339
桃園市龜山區文藝里9鄰文青二路85號六樓之7,68,6800700,6800700-000,9鄰,文青二路,,,,,,85號六樓之7,121.389868668209,25.0387693717339
桃園市龜山區文藝里9鄰文青二路85號六樓之8,68,6800700,6800700-000,9鄰,文青二路,,,,,,85號六樓之8,121.38967047306,25.0387698916073
桃園市龜山區文藝里9鄰文青二路85號六樓之9,68,6800700,6800700-000,9鄰,文青二路,,,,,,85號六樓之9,121.389868668209,25.0387693717339
桃園市龜山區文藝里9鄰文青二路85號七樓之1,68,6800700,6800700-000,9鄰,文青二路,,,,,,85號七樓之1,121.389868668209,25.0387693717339
桃園市龜山區文藝里9鄰文青二路85號七樓之2,68,6800700,6800700-000,9鄰,文青二路,,,,,,85號七樓之2,121.389868668209,25.0387693717339
桃園市龜山區文藝里9鄰文青二路85號七樓之3,68,6800700,6800700-000,9鄰,文青二路,,,,,,85號七樓之3,121.389868668209,25.0387693717339
桃園市龜山區文藝里9鄰文青二路85號七樓之5,68,6800700,6800700-000,9鄰,文青二路,,,,,,85號七樓之5,121.389868668209,25.0387693717339
桃園市龜山區文藝里9鄰文青二路85號七樓之6,68,6800700,6800700-000,9鄰,文青二路,,,,,,85號七樓之6,121.389868668209,25.0387693717339
桃園市龜山區文藝里9鄰文青二路85號七樓之7,68,6800700,6800700-000,9鄰,文青二路,,,,,,85號七樓之7,121.389868668209,25.0387693717339
桃園市龜山區文藝里9鄰文青二路85號七樓之8,68,6800700,6800700-000,9鄰,文青二路,,,,,,85號七樓之8,121.389868668209,25.0387693717339
桃園市龜山區文藝里9鄰文青二路85號七樓之9,68,6800700,6800700-000,9鄰,文青二路,,,,,,85號七樓之9,121.389868668209,25.0387693717339
桃園市龜山區文藝里9鄰文青二路85號八樓之1,68,6800700,6800700-000,9鄰,文青二路,,,,,,85號八樓之1,121.389868668209,25.0387693717339
桃園市龜山區文藝里9鄰文青二路85號八樓之2,68,6800700,6800700-000,9鄰,文青二路,,,,,,85號八樓之2,121.389868668209,25.0387693717339
桃園市龜山區文藝里9鄰文青二路85號八樓之3,68,6800700,6800700-000,9鄰,文青二路,,,,,,85號八樓之3,121.389868668209,25.0387693717339
桃園市龜山區文藝里9鄰文青二路85號八樓之5,68,6800700,6800700-000,9鄰,文青二路,,,,,,85號八樓之5,121.389868668209,25.0387693717339
桃園市龜山區文藝里9鄰文青二路85號八樓之6,68,6800700,6800700-000,9鄰,文青二路,,,,,,85號八樓之6,121.389868668209,25.0387693717339
桃園市龜山區文藝里9鄰文青二路85號八樓之7,68,6800700,6800700-000,9鄰,文青二路,,,,,,85號八樓之7,121.38967047306,25.0387698916073
桃園市龜山區文藝里9鄰文青二路85號八樓之8,68,6800700,6800700-000,9鄰,文青二路,,,,,,85號八樓之8,121.389868668209,25.0387693717339
桃園市龜山區文藝里9鄰文青二路85號八樓之9,68,6800700,6800700-000,9鄰,文青二路,,,,,,85號八樓之9,121.389868668209,25.0387693717339
桃園市龜山區文藝里9鄰文青二路85號九樓之1,68,6800700,6800700-000,9鄰,文青二路,,,,,,85號九樓之1,121.389868668209,25.0387693717339
桃園市龜山區文藝里9鄰文青二路85號九樓之2,68,6800700,6800700-000,9鄰,文青二路,,,,,,85號九樓之2,121.389868668209,25.0387693717339
桃園市龜山區文藝里9鄰文青二路85號九樓之3,68,6800700,6800700-000,9鄰,文青二路,,,,,,85號九樓之3,121.389868668209,25.0387693717339
桃園市龜山區文藝里9鄰文青二路85號九樓之5,68,6800700,6800700-000,9鄰,文青二路,,,,,,85號九樓之5,121.38967047306,25.0387698916073
桃園市龜山區文藝里9鄰文青二路85號九樓之6,68,6800700,6800700-000,9鄰,文青二路,,,,,,85號九樓之6,121.389868668209,25.0387693717339
桃園市龜山區文藝里9鄰文青二路85號九樓之7,68,6800700,6800700-000,9鄰,文青二路,,,,,,85號九樓之7,121.389868668209,25.0387693717339
桃園市龜山區文藝里9鄰文青二路85號九樓之9,68,6800700,6800700-000,9鄰,文青二路,,,,,,85號九樓之9,121.389868668209,25.0387693717339
桃園市龜山區文藝里9鄰文青二路85號十一樓之1,68,6800700,6800700-000,9鄰,文青二路,,,,,,85號十一樓之1,121.38967047306,25.0387698916073
桃園市龜山區文藝里9鄰文青二路85號十一樓之2,68,6800700,6800700-000,9鄰,文青二路,,,,,,85號十一樓之2,121.389868668209,25.0387693717339
桃園市龜山區文藝里9鄰文青二路85號十一樓之3,68,6800700,6800700-000,9鄰,文青二路,,,,,,85號十一樓之3,121.389868668209,25.0387693717339
桃園市龜山區文藝里9鄰文青二路85號十一樓之5,68,6800700,6800700-000,9鄰,文青二路,,,,,,85號十一樓之5,121.389868668209,25.0387693717339
桃園市龜山區文藝里9鄰文青二路85號十一樓之6,68,6800700,6800700-000,9鄰,文青二路,,,,,,85號十一樓之6,121.389868668209,25.0387693717339
桃園市龜山區文藝里9鄰文青二路85號十一樓之7,68,6800700,6800700-000,9鄰,文青二路,,,,,,85號十一樓之7,121.38967047306,25.0387698916073
桃園市龜山區文藝里9鄰文青二路85號十一樓之8,68,6800700,6800700-000,9鄰,文青二路,,,,,,85號十一樓之8,121.389868668209,25.0387693717339
桃園市龜山區文藝里9鄰文青二路85號十一樓之9,68,6800700,6800700-000,9鄰,文青二路,,,,,,85號十一樓之9,121.389868668209,25.0387693717339
桃園市龜山區文藝里9鄰文青二路85號十二樓之1,68,6800700,6800700-000,9鄰,文青二路,,,,,,85號十二樓之1,121.389868668209,25.0387693717339
桃園市龜山區文藝里9鄰文青二路85號十二樓之2,68,6800700,6800700-000,9鄰,文青二路,,,,,,85號十二樓之2,121.389868668209,25.0387693717339
桃園市龜山區文藝里9鄰文青二路85號十二樓之3,68,6800700,6800700-000,9鄰,文青二路,,,,,,85號十二樓之3,121.389868668209,25.0387693717339
桃園市龜山區文藝里9鄰文青二路85號十二樓之5,68,6800700,6800700-000,9鄰,文青二路,,,,,,85號十二樓之5,121.389868668209,25.0387693717339
桃園市龜山區文藝里9鄰文青二路85號十二樓之6,68,6800700,6800700-000,9鄰,文青二路,,,,,,85號十二樓之6,121.38967047306,25.0387698916073
桃園市龜山區文藝里9鄰文青二路85號十二樓之7,68,6800700,6800700-000,9鄰,文青二路,,,,,,85號十二樓之7,121.389868668209,25.0387693717339
桃園市龜山區文藝里9鄰文青二路85號十二樓之8,68,6800700,6800700-000,9鄰,文青二路,,,,,,85號十二樓之8,121.389868668209,25.0387693717339
桃園市龜山區文藝里9鄰文青二路85號十二樓之9,68,6800700,6800700-000,9鄰,文青二路,,,,,,85號十二樓之9,121.38967047306,25.0387698916073
桃園市龜山區文藝里9鄰文青二路85號十三樓之1,68,6800700,6800700-000,9鄰,文青二路,,,,,,85號十三樓之1,121.389868668209,25.0387693717339
桃園市龜山區文藝里9鄰文青二路85號十三樓之2,68,6800700,6800700-000,9鄰,文青二路,,,,,,85號十三樓之2,121.38967047306,25.0387698916073
桃園市龜山區文藝里9鄰文青二路85號十三樓之3,68,6800700,6800700-000,9鄰,文青二路,,,,,,85號十三樓之3,121.389868668209,25.0387693717339
桃園市龜山區文藝里9鄰文青二路85號十三樓之5,68,6800700,6800700-000,9鄰,文青二路,,,,,,85號十三樓之5,121.389868668209,25.0387693717339
桃園市龜山區文藝里9鄰文青二路85號十三樓之6,68,6800700,6800700-000,9鄰,文青二路,,,,,,85號十三樓之6,121.389868668209,25.0387693717339
桃園市龜山區文藝里9鄰文青二路85號十三樓之7,68,6800700,6800700-000,9鄰,文青二路,,,,,,85號十三樓之7,121.389868668209,25.0387693717339
桃園市龜山區文藝里9鄰文青二路85號十三樓之8,68,6800700,6800700-000,9鄰,文青二路,,,,,,85號十三樓之8,121.389868668209,25.0387693717339
桃園市龜山區文藝里9鄰文青二路85號十三樓之9,68,6800700,6800700-000,9鄰,文青二路,,,,,,85號十三樓之9,121.389868668209,25.0387693717339
桃園市龜山區文藝里9鄰文青二路85號十四樓之1,68,6800700,6800700-000,9鄰,文青二路,,,,,,85號十四樓之1,121.38967047306,25.0387698916073
桃園市龜山區文藝里9鄰文青二路85號十四樓之2,68,6800700,6800700-000,9鄰,文青二路,,,,,,85號十四樓之2,121.38967047306,25.0387698916073
桃園市龜山區文藝里9鄰文青二路85號十四樓之3,68,6800700,6800700-000,9鄰,文青二路,,,,,,85號十四樓之3,121.38967047306,25.0387698916073
桃園市龜山區文藝里9鄰文青二路85號十四樓之5,68,6800700,6800700-000,9鄰,文青二路,,,,,,85號十四樓之5,121.38967047306,25.0387698916073
桃園市龜山區文藝里9鄰文青二路85號十四樓之6,68,6800700,6800700-000,9鄰,文青二路,,,,,,85號十四樓之6,121.38967047306,25.0387698916073
桃園市龜山區文藝里9鄰文青二路85號十四樓之7,68,6800700,6800700-000,9鄰,文青二路,,,,,,85號十四樓之7,121.38967047306,25.0387698916073
桃園市龜山區文藝里9鄰文青二路85號十四樓之8,68,6800700,6800700-000,9鄰,文青二路,,,,,,85號十四樓之8,121.38967047306,25.0387698916073
桃園市龜山區文藝里9鄰文青二路85號十四樓之9,68,6800700,6800700-000,9鄰,文青二路,,,,,,85號十四樓之9,121.38967047306,25.0387698916073
桃園市龜山區文藝里9鄰文青二路85號十五樓之1,68,6800700,6800700-000,9鄰,文青二路,,,,,,85號十五樓之1,121.389868668209,25.0387693717339
桃園市龜山區文藝里9鄰文青二路85號十五樓之2,68,6800700,6800700-000,9鄰,文青二路,,,,,,85號十五樓之2,121.389868668209,25.0387693717339
桃園市龜山區文藝里9鄰文青二路85號十五樓之3,68,6800700,6800700-000,9鄰,文青二路,,,,,,85號十五樓之3,121.389868668209,25.0387693717339
桃園市龜山區文藝里9鄰文青二路85號十五樓之5,68,6800700,6800700-000,9鄰,文青二路,,,,,,85號十五樓之5,121.389868668209,25.0387693717339
桃園市龜山區文藝里9鄰文青二路85號十五樓之6,68,6800700,6800700-000,9鄰,文青二路,,,,,,85號十五樓之6,121.389868668209,25.0387693717339
桃園市龜山區文藝里9鄰文青二路85號十五樓之7,68,6800700,6800700-000,9鄰,文青二路,,,,,,85號十五樓之7,121.389720021848,25.0387697616637
桃園市龜山區文藝里9鄰文青二路85號十五樓之8,68,6800700,6800700-000,9鄰,文青二路,,,,,,85號十五樓之8,121.38967047306,25.0387698916073
桃園市龜山區文藝里9鄰文青二路85號十五樓之9,68,6800700,6800700-000,9鄰,文青二路,,,,,,85號十五樓之9,121.38967047306,25.0387698916073
桃園市龜山區文藝里9鄰文青二路85號十六樓之1,68,6800700,6800700-000,9鄰,文青二路,,,,,,85號十六樓之1,121.38967047306,25.0387698916073
桃園市龜山區文藝里9鄰文青二路85號十六樓之2,68,6800700,6800700-000,9鄰,文青二路,,,,,,85號十六樓之2,121.38967047306,25.0387698916073
桃園市龜山區文藝里9鄰文青二路85號十六樓之3,68,6800700,6800700-000,9鄰,文青二路,,,,,,85號十六樓之3,121.38967047306,25.0387698916073
桃園市龜山區文藝里9鄰文青二路85號十六樓之5,68,6800700,6800700-000,9鄰,文青二路,,,,,,85號十六樓之5,121.38967047306,25.0387698916073
桃園市龜山區文藝里9鄰文青二路85號十六樓之6,68,6800700,6800700-000,9鄰,文青二路,,,,,,85號十六樓之6,121.38967047306,25.0387698916073
桃園市龜山區文藝里9鄰文青二路85號十六樓之7,68,6800700,6800700-000,9鄰,文青二路,,,,,,85號十六樓之7,121.38967047306,25.0387698916073
桃園市龜山區文藝里9鄰文青二路85號十六樓之8,68,6800700,6800700-000,9鄰,文青二路,,,,,,85號十六樓之8,121.38967047306,25.0387698916073
桃園市龜山區文藝里9鄰文青二路85號十六樓之9,68,6800700,6800700-000,9鄰,文青二路,,,,,,85號十六樓之9,121.38967047306,25.0387698916073
桃園市龜山區文藝里9鄰文青二路85號十七樓之1,68,6800700,6800700-000,9鄰,文青二路,,,,,,85號十七樓之1,121.38967047306,25.0387698916073
桃園市龜山區文藝里9鄰文青二路85號十七樓之2,68,6800700,6800700-000,9鄰,文青二路,,,,,,85號十七樓之2,121.389868668209,25.0387693717339
桃園市龜山區文藝里9鄰文青二路85號十七樓之3,68,6800700,6800700-000,9鄰,文青二路,,,,,,85號十七樓之3,121.389868668209,25.0387693717339
桃園市龜山區文藝里9鄰文青二路85號十七樓之5,68,6800700,6800700-000,9鄰,文青二路,,,,,,85號十七樓之5,121.389868668209,25.0387693717339
桃園市龜山區文藝里9鄰文青二路85號十七樓之6,68,6800700,6800700-000,9鄰,文青二路,,,,,,85號十七樓之6,121.389868668209,25.0387693717339
桃園市龜山區文藝里9鄰文青二路85號十七樓之7,68,6800700,6800700-000,9鄰,文青二路,,,,,,85號十七樓之7,121.389868668209,25.0387693717339
桃園市龜山區文藝里9鄰文青二路85號十七樓之8,68,6800700,6800700-000,9鄰,文青二路,,,,,,85號十七樓之8,121.389868668209,25.0387693717339
桃園市龜山區文藝里9鄰文青二路85號十七樓之9,68,6800700,6800700-000,9鄰,文青二路,,,,,,85號十七樓之9,121.389868668209,25.0387693717339
桃園市龜山區文藝里9鄰文青二路85號十八樓之1,68,6800700,6800700-000,9鄰,文青二路,,,,,,85號十八樓之1,121.38967047306,25.0387698916073
桃園市龜山區文藝里9鄰文青二路85號十八樓之2,68,6800700,6800700-000,9鄰,文青二路,,,,,,85號十八樓之2,121.38967047306,25.0387698916073
桃園市龜山區文藝里9鄰文青二路85號十八樓之3,68,6800700,6800700-000,9鄰,文青二路,,,,,,85號十八樓之3,121.38967047306,25.0387698916073
桃園市龜山區文藝里9鄰文青二路85號十八樓之5,68,6800700,6800700-000,9鄰,文青二路,,,,,,85號十八樓之5,121.38967047306,25.0387698916073
桃園市龜山區文藝里9鄰文青二路85號十八樓之6,68,6800700,6800700-000,9鄰,文青二路,,,,,,85號十八樓之6,121.38967047306,25.0387698916073
桃園市龜山區文藝里9鄰文青二路85號十八樓之7,68,6800700,6800700-000,9鄰,文青二路,,,,,,85號十八樓之7,121.38967047306,25.0387698916073
桃園市龜山區文藝里9鄰文青二路85號十八樓之8,68,6800700,6800700-000,9鄰,文青二路,,,,,,85號十八樓之8,121.38967047306,25.0387698916073
桃園市龜山區文藝里9鄰文青二路85號十八樓之9,68,6800700,6800700-000,9鄰,文青二路,,,,,,85號十八樓之9,121.38967047306,25.0387698916073
桃園市龜山區文藝里9鄰文青二路85號十九樓之1,68,6800700,6800700-000,9鄰,文青二路,,,,,,85號十九樓之1,121.389868668209,25.0387693717339
桃園市龜山區文藝里9鄰文青二路85號十九樓之2,68,6800700,6800700-000,9鄰,文青二路,,,,,,85號十九樓之2,121.38967047306,25.0387698916073
桃園市龜山區文藝里9鄰文青二路85號十九樓之3,68,6800700,6800700-000,9鄰,文青二路,,,,,,85號十九樓之3,121.389868668209,25.0387693717339
桃園市龜山區文藝里9鄰文青二路85號十九樓之5,68,6800700,6800700-000,9鄰,文青二路,,,,,,85號十九樓之5,121.389868668209,25.0387693717339
桃園市龜山區文藝里9鄰文青二路85號十九樓之6,68,6800700,6800700-000,9鄰,文青二路,,,,,,85號十九樓之6,121.389868668209,25.0387693717339
桃園市龜山區文藝里9鄰文青二路85號十九樓之7,68,6800700,6800700-000,9鄰,文青二路,,,,,,85號十九樓之7,121.389868668209,25.0387693717339
桃園市龜山區文藝里9鄰文青二路85號十九樓之8,68,6800700,6800700-000,9鄰,文青二路,,,,,,85號十九樓之8,121.389868668209,25.0387693717339
桃園市龜山區文藝里9鄰文青二路85號十九樓之9,68,6800700,6800700-000,9鄰,文青二路,,,,,,85號十九樓之9,121.389868668209,25.0387693717339
桃園市龜山區文藝里9鄰文青二路85號二十樓之1,68,6800700,6800700-000,9鄰,文青二路,,,,,,85號二十樓之1,121.38967047306,25.0387698916073
桃園市龜山區文藝里9鄰文青二路85號二十樓之2,68,6800700,6800700-000,9鄰,文青二路,,,,,,85號二十樓之2,121.389868668209,25.0387693717339
桃園市龜山區文藝里9鄰文青二路85號二十樓之3,68,6800700,6800700-000,9鄰,文青二路,,,,,,85號二十樓之3,121.389868668209,25.0387693717339
桃園市龜山區文藝里9鄰文青二路85號二十樓之5,68,6800700,6800700-000,9鄰,文青二路,,,,,,85號二十樓之5,121.389868668209,25.0387693717339
桃園市龜山區文藝里9鄰文青二路85號二十樓之6,68,6800700,6800700-000,9鄰,文青二路,,,,,,85號二十樓之6,121.389868668209,25.0387693717339
桃園市龜山區文藝里9鄰文青二路85號二十樓之7,68,6800700,6800700-000,9鄰,文青二路,,,,,,85號二十樓之7,121.389868668209,25.0387693717339
桃園市龜山區文藝里9鄰文青二路85號二十樓之8,68,6800700,6800700-000,9鄰,文青二路,,,,,,85號二十樓之8,121.389868668209,25.0387693717339
桃園市龜山區文藝里9鄰文青二路85號二十樓之9,68,6800700,6800700-000,9鄰,文青二路,,,,,,85號二十樓之9,121.389868668209,25.0387693717339
桃園市龜山區文藝里9鄰文青二路85號二十一樓之1,68,6800700,6800700-000,9鄰,文青二路,,,,,,85號二十一樓之1,121.389868668209,25.0387693717339
桃園市龜山區文藝里9鄰文青二路85號二十一樓之2,68,6800700,6800700-000,9鄰,文青二路,,,,,,85號二十一樓之2,121.389868668209,25.0387693717339
桃園市龜山區文藝里9鄰文青二路85號二十一樓之3,68,6800700,6800700-000,9鄰,文青二路,,,,,,85號二十一樓之3,121.389868668209,25.0387693717339
桃園市龜山區文藝里9鄰文青二路85號二十一樓之5,68,6800700,6800700-000,9鄰,文青二路,,,,,,85號二十一樓之5,121.389868668209,25.0387693717339
桃園市龜山區文藝里9鄰文青二路85號二十一樓之6,68,6800700,6800700-000,9鄰,文青二路,,,,,,85號二十一樓之6,121.389868668209,25.0387693717339
桃園市龜山區文藝里9鄰文青二路85號二十一樓之7,68,6800700,6800700-000,9鄰,文青二路,,,,,,85號二十一樓之7,121.38967047306,25.0387698916073
桃園市龜山區文藝里9鄰文青二路85號二十一樓之8,68,6800700,6800700-000,9鄰,文青二路,,,,,,85號二十一樓之8,121.389868668209,25.0387693717339
桃園市龜山區文藝里9鄰文青二路85號二十一樓之9,68,6800700,6800700-000,9鄰,文青二路,,,,,,85號二十一樓之9,121.389868668209,25.0387693717339
桃園市龜山區文藝里9鄰文青二路87號,68,6800700,6800700-000,9鄰,文青二路,,,,,,87號,121.389738476635,25.0387455176834
桃園市龜山區文藝里9鄰文青二路89號,68,6800700,6800700-000,9鄰,文青二路,,,,,,89號,121.389800542605,25.0387237774826
桃園市龜山區文藝里9鄰文青二路91號,68,6800700,6800700-000,9鄰,文青二路,,,,,,91號,121.389868455306,25.038702021916
桃園市龜山區文藝里9鄰文青二路93號,68,6800700,6800700-000,9鄰,文青二路,,,,,,93號,121.389939431728,25.0386776401007
桃園市龜山區文藝里9鄰文青二路95號,68,6800700,6800700-000,9鄰,文青二路,,,,,,95號,121.39004522086,25.0389131790485
桃園市龜山區文藝里4鄰文青二路98號,68,6800700,6800700-000,4鄰,文青二路,,,,,,98號,121.388458642238,25.0384061584169
桃園市龜山區文藝里4鄰文青二路98號十樓,68,6800700,6800700-000,4鄰,文青二路,,,,,,98號十樓,121.388458642238,25.0384061584169
桃園市龜山區文藝里4鄰文青二路98號二樓,68,6800700,6800700-000,4鄰,文青二路,,,,,,98號二樓,121.388458642238,25.0384061584169
桃園市龜山區文藝里4鄰文青二路98號三樓,68,6800700,6800700-000,4鄰,文青二路,,,,,,98號三樓,121.388458642238,25.0384061584169
桃園市龜山區文藝里4鄰文青二路98號四樓,68,6800700,6800700-000,4鄰,文青二路,,,,,,98號四樓,121.388458642238,25.0384061584169
桃園市龜山區文藝里4鄰文青二路98號五樓,68,6800700,6800700-000,4鄰,文青二路,,,,,,98號五樓,121.388458642238,25.0384061584169
桃園市龜山區文藝里4鄰文青二路98號六樓,68,6800700,6800700-000,4鄰,文青二路,,,,,,98號六樓,121.388458642238,25.0384061584169
桃園市龜山區文藝里4鄰文青二路98號七樓,68,6800700,6800700-000,4鄰,文青二路,,,,,,98號七樓,121.388458642238,25.0384061584169
桃園市龜山區文藝里4鄰文青二路98號八樓,68,6800700,6800700-000,4鄰,文青二路,,,,,,98號八樓,121.388458642238,25.0384061584169
桃園市龜山區文藝里4鄰文青二路98號九樓,68,6800700,6800700-000,4鄰,文青二路,,,,,,98號九樓,121.388458642238,25.0384061584169
桃園市龜山區文藝里4鄰文青二路98號十一樓,68,6800700,6800700-000,4鄰,文青二路,,,,,,98號十一樓,121.388458642238,25.0384061584169
桃園市龜山區文藝里4鄰文青二路98號十二樓,68,6800700,6800700-000,4鄰,文青二路,,,,,,98號十二樓,121.388458642238,25.0384061584169
桃園市龜山區文藝里4鄰文青二路98號十三樓,68,6800700,6800700-000,4鄰,文青二路,,,,,,98號十三樓,121.388458642238,25.0384061584169
桃園市龜山區文藝里4鄰文青二路98號十四樓,68,6800700,6800700-000,4鄰,文青二路,,,,,,98號十四樓,121.388458642238,25.0384061584169
桃園市龜山區文藝里4鄰文青二路100號,68,6800700,6800700-000,4鄰,文青二路,,,,,,100號,121.388525031739,25.038404179207
桃園市龜山區文藝里4鄰文青二路100號十樓,68,6800700,6800700-000,4鄰,文青二路,,,,,,100號十樓,121.388525031739,25.038404179207
桃園市龜山區文藝里4鄰文青二路100號二樓,68,6800700,6800700-000,4鄰,文青二路,,,,,,100號二樓,121.388525031739,25.038404179207
桃園市龜山區文藝里4鄰文青二路100號三樓,68,6800700,6800700-000,4鄰,文青二路,,,,,,100號三樓,121.388525031739,25.038404179207
桃園市龜山區文藝里4鄰文青二路100號四樓,68,6800700,6800700-000,4鄰,文青二路,,,,,,100號四樓,121.388525031739,25.038404179207
桃園市龜山區文藝里4鄰文青二路100號五樓,68,6800700,6800700-000,4鄰,文青二路,,,,,,100號五樓,121.388525031739,25.038404179207
桃園市龜山區文藝里4鄰文青二路100號六樓,68,6800700,6800700-000,4鄰,文青二路,,,,,,100號六樓,121.388525031739,25.038404179207
桃園市龜山區文藝里4鄰文青二路100號七樓,68,6800700,6800700-000,4鄰,文青二路,,,,,,100號七樓,121.388525031739,25.038404179207
桃園市龜山區文藝里4鄰文青二路100號八樓,68,6800700,6800700-000,4鄰,文青二路,,,,,,100號八樓,121.388525031739,25.038404179207
桃園市龜山區文藝里4鄰文青二路100號九樓,68,6800700,6800700-000,4鄰,文青二路,,,,,,100號九樓,121.388525031739,25.038404179207
桃園市龜山區文藝里4鄰文青二路100號十一樓,68,6800700,6800700-000,4鄰,文青二路,,,,,,100號十一樓,121.388525031739,25.038404179207
桃園市龜山區文藝里4鄰文青二路100號十二樓,68,6800700,6800700-000,4鄰,文青二路,,,,,,100號十二樓,121.388525031739,25.038404179207
桃園市龜山區文藝里4鄰文青二路100號十三樓,68,6800700,6800700-000,4鄰,文青二路,,,,,,100號十三樓,121.388525031739,25.038404179207
桃園市龜山區文藝里4鄰文青二路100號十四樓,68,6800700,6800700-000,4鄰,文青二路,,,,,,100號十四樓,121.388525031739,25.038404179207
桃園市龜山區文藝里4鄰文青二路102號十樓,68,6800700,6800700-000,4鄰,文青二路,,,,,,102號十樓,121.38852273496,25.0383042430162
桃園市龜山區文藝里4鄰文青二路102號二樓,68,6800700,6800700-000,4鄰,文青二路,,,,,,102號二樓,121.38852273496,25.0383042430162
桃園市龜山區文藝里4鄰文青二路102號三樓,68,6800700,6800700-000,4鄰,文青二路,,,,,,102號三樓,121.38852273496,25.0383042430162
桃園市龜山區文藝里4鄰文青二路102號四樓,68,6800700,6800700-000,4鄰,文青二路,,,,,,102號四樓,121.38852273496,25.0383042430162
桃園市龜山區文藝里4鄰文青二路102號五樓,68,6800700,6800700-000,4鄰,文青二路,,,,,,102號五樓,121.38852273496,25.0383042430162
桃園市龜山區文藝里4鄰文青二路102號六樓,68,6800700,6800700-000,4鄰,文青二路,,,,,,102號六樓,121.38852273496,25.0383042430162
桃園市龜山區文藝里4鄰文青二路102號七樓,68,6800700,6800700-000,4鄰,文青二路,,,,,,102號七樓,121.38852273496,25.0383042430162
桃園市龜山區文藝里4鄰文青二路102號八樓,68,6800700,6800700-000,4鄰,文青二路,,,,,,102號八樓,121.38852273496,25.0383042430162
桃園市龜山區文藝里4鄰文青二路102號九樓,68,6800700,6800700-000,4鄰,文青二路,,,,,,102號九樓,121.38852273496,25.0383042430162
桃園市龜山區文藝里4鄰文青二路102號十一樓,68,6800700,6800700-000,4鄰,文青二路,,,,,,102號十一樓,121.38852273496,25.0383042430162
桃園市龜山區文藝里4鄰文青二路102號十二樓,68,6800700,6800700-000,4鄰,文青二路,,,,,,102號十二樓,121.38852273496,25.0383042430162
桃園市龜山區文藝里4鄰文青二路102號十三樓,68,6800700,6800700-000,4鄰,文青二路,,,,,,102號十三樓,121.38852273496,25.0383042430162
桃園市龜山區文藝里4鄰文青二路102號十四樓,68,6800700,6800700-000,4鄰,文青二路,,,,,,102號十四樓,121.38852273496,25.0383042430162
桃園市龜山區文藝里4鄰文青二路106號,68,6800700,6800700-000,4鄰,文青二路,,,,,,106號,121.388457143124,25.0383077549337
桃園市龜山區文藝里4鄰文青二路106號十樓,68,6800700,6800700-000,4鄰,文青二路,,,,,,106號十樓,121.388457143124,25.0383077549337
桃園市龜山區文藝里4鄰文青二路106號二樓,68,6800700,6800700-000,4鄰,文青二路,,,,,,106號二樓,121.388457143124,25.0383077549337
桃園市龜山區文藝里4鄰文青二路106號三樓,68,6800700,6800700-000,4鄰,文青二路,,,,,,106號三樓,121.388457143124,25.0383077549337
桃園市龜山區文藝里4鄰文青二路106號四樓,68,6800700,6800700-000,4鄰,文青二路,,,,,,106號四樓,121.388457143124,25.0383077549337
桃園市龜山區文藝里4鄰文青二路106號五樓,68,6800700,6800700-000,4鄰,文青二路,,,,,,106號五樓,121.388457143124,25.0383077549337
桃園市龜山區文藝里4鄰文青二路106號六樓,68,6800700,6800700-000,4鄰,文青二路,,,,,,106號六樓,121.388457143124,25.0383077549337
桃園市龜山區文藝里4鄰文青二路106號七樓,68,6800700,6800700-000,4鄰,文青二路,,,,,,106號七樓,121.388457143124,25.0383077549337
桃園市龜山區文藝里4鄰文青二路106號八樓,68,6800700,6800700-000,4鄰,文青二路,,,,,,106號八樓,121.388457143124,25.0383077549337
桃園市龜山區文藝里4鄰文青二路106號九樓,68,6800700,6800700-000,4鄰,文青二路,,,,,,106號九樓,121.388457143124,25.0383077549337
桃園市龜山區文藝里4鄰文青二路106號十一樓,68,6800700,6800700-000,4鄰,文青二路,,,,,,106號十一樓,121.388457143124,25.0383077549337
桃園市龜山區文藝里4鄰文青二路106號十二樓,68,6800700,6800700-000,4鄰,文青二路,,,,,,106號十二樓,121.388457143124,25.0383077549337
桃園市龜山區文藝里4鄰文青二路106號十三樓,68,6800700,6800700-000,4鄰,文青二路,,,,,,106號十三樓,121.388457143124,25.0383077549337
桃園市龜山區文藝里4鄰文青二路106號十四樓,68,6800700,6800700-000,4鄰,文青二路,,,,,,106號十四樓,121.388457143124,25.0383077549337
桃園市龜山區文藝里4鄰文青二路108號十樓,68,6800700,6800700-000,4鄰,文青二路,,,,,,108號十樓,121.388628281164,25.038400749341
桃園市龜山區文藝里4鄰文青二路108號二樓,68,6800700,6800700-000,4鄰,文青二路,,,,,,108號二樓,121.388628281164,25.038400749341
桃園市龜山區文藝里4鄰文青二路108號三樓,68,6800700,6800700-000,4鄰,文青二路,,,,,,108號三樓,121.388628281164,25.038400749341
桃園市龜山區文藝里4鄰文青二路108號四樓,68,6800700,6800700-000,4鄰,文青二路,,,,,,108號四樓,121.388628281164,25.038400749341
桃園市龜山區文藝里4鄰文青二路108號五樓,68,6800700,6800700-000,4鄰,文青二路,,,,,,108號五樓,121.388628281164,25.038400749341
桃園市龜山區文藝里4鄰文青二路108號六樓,68,6800700,6800700-000,4鄰,文青二路,,,,,,108號六樓,121.388628281164,25.038400749341
桃園市龜山區文藝里4鄰文青二路108號七樓,68,6800700,6800700-000,4鄰,文青二路,,,,,,108號七樓,121.388628281164,25.038400749341
桃園市龜山區文藝里4鄰文青二路108號八樓,68,6800700,6800700-000,4鄰,文青二路,,,,,,108號八樓,121.388628281164,25.038400749341
桃園市龜山區文藝里4鄰文青二路108號九樓,68,6800700,6800700-000,4鄰,文青二路,,,,,,108號九樓,121.388628281164,25.038400749341
桃園市龜山區文藝里4鄰文青二路108號十一樓,68,6800700,6800700-000,4鄰,文青二路,,,,,,108號十一樓,121.388628281164,25.038400749341
桃園市龜山區文藝里4鄰文青二路108號十二樓,68,6800700,6800700-000,4鄰,文青二路,,,,,,108號十二樓,121.388628281164,25.038400749341
桃園市龜山區文藝里4鄰文青二路108號十三樓,68,6800700,6800700-000,4鄰,文青二路,,,,,,108號十三樓,121.388628281164,25.038400749341
桃園市龜山區文藝里4鄰文青二路108號十四樓,68,6800700,6800700-000,4鄰,文青二路,,,,,,108號十四樓,121.388628281164,25.038400749341
桃園市龜山區文藝里4鄰文青二路110號十樓,68,6800700,6800700-000,4鄰,文青二路,,,,,,110號十樓,121.388699623816,25.0383982154069
桃園市龜山區文藝里4鄰文青二路110號二樓,68,6800700,6800700-000,4鄰,文青二路,,,,,,110號二樓,121.388699623816,25.0383982154069
桃園市龜山區文藝里4鄰文青二路110號三樓,68,6800700,6800700-000,4鄰,文青二路,,,,,,110號三樓,121.388699623816,25.0383982154069
桃園市龜山區文藝里4鄰文青二路110號四樓,68,6800700,6800700-000,4鄰,文青二路,,,,,,110號四樓,121.388699623816,25.0383982154069
桃園市龜山區文藝里4鄰文青二路110號五樓,68,6800700,6800700-000,4鄰,文青二路,,,,,,110號五樓,121.388699623816,25.0383982154069
桃園市龜山區文藝里4鄰文青二路110號六樓,68,6800700,6800700-000,4鄰,文青二路,,,,,,110號六樓,121.388699623816,25.0383982154069
桃園市龜山區文藝里4鄰文青二路110號七樓,68,6800700,6800700-000,4鄰,文青二路,,,,,,110號七樓,121.388699623816,25.0383982154069
桃園市龜山區文藝里4鄰文青二路110號八樓,68,6800700,6800700-000,4鄰,文青二路,,,,,,110號八樓,121.388699623816,25.0383982154069
桃園市龜山區文藝里4鄰文青二路110號九樓,68,6800700,6800700-000,4鄰,文青二路,,,,,,110號九樓,121.388699623816,25.0383982154069
桃園市龜山區文藝里4鄰文青二路110號十一樓,68,6800700,6800700-000,4鄰,文青二路,,,,,,110號十一樓,121.388699623816,25.0383982154069
桃園市龜山區文藝里4鄰文青二路110號十二樓,68,6800700,6800700-000,4鄰,文青二路,,,,,,110號十二樓,121.388699623816,25.0383982154069
桃園市龜山區文藝里4鄰文青二路110號十三樓,68,6800700,6800700-000,4鄰,文青二路,,,,,,110號十三樓,121.388699623816,25.0383982154069
桃園市龜山區文藝里4鄰文青二路110號十四樓,68,6800700,6800700-000,4鄰,文青二路,,,,,,110號十四樓,121.388699623816,25.0383982154069
桃園市龜山區文藝里4鄰文青二路112號,68,6800700,6800700-000,4鄰,文青二路,,,,,,112號,121.388699619788,25.0383026067596
桃園市龜山區文藝里4鄰文青二路112號十樓,68,6800700,6800700-000,4鄰,文青二路,,,,,,112號十樓,121.388699619788,25.0383026067596
桃園市龜山區文藝里4鄰文青二路112號二樓,68,6800700,6800700-000,4鄰,文青二路,,,,,,112號二樓,121.388699619788,25.0383026067596
桃園市龜山區文藝里4鄰文青二路112號三樓,68,6800700,6800700-000,4鄰,文青二路,,,,,,112號三樓,121.388699619788,25.0383026067596
桃園市龜山區文藝里4鄰文青二路112號四樓,68,6800700,6800700-000,4鄰,文青二路,,,,,,112號四樓,121.388699619788,25.0383026067596
桃園市龜山區文藝里4鄰文青二路112號五樓,68,6800700,6800700-000,4鄰,文青二路,,,,,,112號五樓,121.388699619788,25.0383026067596
桃園市龜山區文藝里4鄰文青二路112號六樓,68,6800700,6800700-000,4鄰,文青二路,,,,,,112號六樓,121.388699619788,25.0383026067596
桃園市龜山區文藝里4鄰文青二路112號七樓,68,6800700,6800700-000,4鄰,文青二路,,,,,,112號七樓,121.388699619788,25.0383026067596
桃園市龜山區文藝里4鄰文青二路112號八樓,68,6800700,6800700-000,4鄰,文青二路,,,,,,112號八樓,121.388699619788,25.0383026067596
桃園市龜山區文藝里4鄰文青二路112號九樓,68,6800700,6800700-000,4鄰,文青二路,,,,,,112號九樓,121.388699619788,25.0383026067596
桃園市龜山區文藝里4鄰文青二路112號十一樓,68,6800700,6800700-000,4鄰,文青二路,,,,,,112號十一樓,121.388699619788,25.0383026067596
桃園市龜山區文藝里4鄰文青二路112號十二樓,68,6800700,6800700-000,4鄰,文青二路,,,,,,112號十二樓,121.388699619788,25.0383026067596
桃園市龜山區文藝里4鄰文青二路112號十三樓,68,6800700,6800700-000,4鄰,文青二路,,,,,,112號十三樓,121.388699619788,25.0383026067596
桃園市龜山區文藝里4鄰文青二路112號十四樓,68,6800700,6800700-000,4鄰,文青二路,,,,,,112號十四樓,121.388699619788,25.0383026067596
桃園市龜山區文藝里4鄰文青二路116號十樓,68,6800700,6800700-000,4鄰,文青二路,,,,,,116號十樓,121.388625395123,25.038302530052
桃園市龜山區文藝里4鄰文青二路116號二樓,68,6800700,6800700-000,4鄰,文青二路,,,,,,116號二樓,121.388625395123,25.038302530052
桃園市龜山區文藝里4鄰文青二路116號三樓,68,6800700,6800700-000,4鄰,文青二路,,,,,,116號三樓,121.388625395123,25.038302530052
桃園市龜山區文藝里4鄰文青二路116號四樓,68,6800700,6800700-000,4鄰,文青二路,,,,,,116號四樓,121.388625395123,25.038302530052
桃園市龜山區文藝里4鄰文青二路116號五樓,68,6800700,6800700-000,4鄰,文青二路,,,,,,116號五樓,121.388625395123,25.038302530052
桃園市龜山區文藝里4鄰文青二路116號六樓,68,6800700,6800700-000,4鄰,文青二路,,,,,,116號六樓,121.388625395123,25.038302530052
桃園市龜山區文藝里4鄰文青二路116號七樓,68,6800700,6800700-000,4鄰,文青二路,,,,,,116號七樓,121.388625395123,25.038302530052
桃園市龜山區文藝里4鄰文青二路116號八樓,68,6800700,6800700-000,4鄰,文青二路,,,,,,116號八樓,121.388625395123,25.038302530052
桃園市龜山區文藝里4鄰文青二路116號九樓,68,6800700,6800700-000,4鄰,文青二路,,,,,,116號九樓,121.388625395123,25.038302530052
桃園市龜山區文藝里4鄰文青二路116號十一樓,68,6800700,6800700-000,4鄰,文青二路,,,,,,116號十一樓,121.388625395123,25.038302530052
桃園市龜山區文藝里4鄰文青二路116號十二樓,68,6800700,6800700-000,4鄰,文青二路,,,,,,116號十二樓,121.388625395123,25.038302530052
桃園市龜山區文藝里4鄰文青二路116號十三樓,68,6800700,6800700-000,4鄰,文青二路,,,,,,116號十三樓,121.388625395123,25.038302530052
桃園市龜山區文藝里4鄰文青二路116號十四樓,68,6800700,6800700-000,4鄰,文青二路,,,,,,116號十四樓,121.388625395123,25.038302530052
桃園市龜山區文藝里3鄰文青二路138號,68,6800700,6800700-000,3鄰,文青二路,,,,,,138號,121.389441531471,25.0384483655874
桃園市龜山區文藝里6鄰文青二路188號,68,6800700,6800700-000,6鄰,文青二路,,,,,,188號,121.390308356205,25.0384212637281
桃園市龜山區文藝里6鄰文青二路188號十樓,68,6800700,6800700-000,6鄰,文青二路,,,,,,188號十樓,121.390308356205,25.0384212637281
桃園市龜山區文藝里6鄰文青二路188號二樓,68,6800700,6800700-000,6鄰,文青二路,,,,,,188號二樓,121.390308356205,25.0384212637281
桃園市龜山區文藝里6鄰文青二路188號三樓,68,6800700,6800700-000,6鄰,文青二路,,,,,,188號三樓,121.390308356205,25.0384212637281
桃園市龜山區文藝里6鄰文青二路188號四樓,68,6800700,6800700-000,6鄰,文青二路,,,,,,188號四樓,121.390308356205,25.0384212637281
桃園市龜山區文藝里6鄰文青二路188號五樓,68,6800700,6800700-000,6鄰,文青二路,,,,,,188號五樓,121.390308356205,25.0384212637281
桃園市龜山區文藝里6鄰文青二路188號六樓,68,6800700,6800700-000,6鄰,文青二路,,,,,,188號六樓,121.390308356205,25.0384212637281
桃園市龜山區文藝里6鄰文青二路188號七樓,68,6800700,6800700-000,6鄰,文青二路,,,,,,188號七樓,121.390308356205,25.0384212637281
桃園市龜山區文藝里6鄰文青二路188號八樓,68,6800700,6800700-000,6鄰,文青二路,,,,,,188號八樓,121.390308356205,25.0384212637281
桃園市龜山區文藝里6鄰文青二路188號九樓,68,6800700,6800700-000,6鄰,文青二路,,,,,,188號九樓,121.390308356205,25.0384212637281
桃園市龜山區文藝里6鄰文青二路188號十一樓,68,6800700,6800700-000,6鄰,文青二路,,,,,,188號十一樓,121.390308356205,25.0384212637281
桃園市龜山區文藝里6鄰文青二路188號十二樓,68,6800700,6800700-000,6鄰,文青二路,,,,,,188號十二樓,121.390308356205,25.0384212637281
桃園市龜山區文藝里6鄰文青二路188號十三樓,68,6800700,6800700-000,6鄰,文青二路,,,,,,188號十三樓,121.390308356205,25.0384212637281
桃園市龜山區文藝里6鄰文青二路188號十四樓,68,6800700,6800700-000,6鄰,文青二路,,,,,,188號十四樓,121.390308356205,25.0384212637281
桃園市龜山區文藝里6鄰文青二路190號,68,6800700,6800700-000,6鄰,文青二路,,,,,,190號,121.390377031197,25.0384212638919
桃園市龜山區文藝里6鄰文青二路190號十樓,68,6800700,6800700-000,6鄰,文青二路,,,,,,190號十樓,121.390377031197,25.0384212638919
桃園市龜山區文藝里6鄰文青二路190號二樓,68,6800700,6800700-000,6鄰,文青二路,,,,,,190號二樓,121.390377031197,25.0384212638919
桃園市龜山區文藝里6鄰文青二路190號三樓,68,6800700,6800700-000,6鄰,文青二路,,,,,,190號三樓,121.390377031197,25.0384212638919
桃園市龜山區文藝里6鄰文青二路190號四樓,68,6800700,6800700-000,6鄰,文青二路,,,,,,190號四樓,121.390377031197,25.0384212638919
桃園市龜山區文藝里6鄰文青二路190號五樓,68,6800700,6800700-000,6鄰,文青二路,,,,,,190號五樓,121.390377031197,25.0384212638919
桃園市龜山區文藝里6鄰文青二路190號六樓,68,6800700,6800700-000,6鄰,文青二路,,,,,,190號六樓,121.390377031197,25.0384212638919
桃園市龜山區文藝里6鄰文青二路190號七樓,68,6800700,6800700-000,6鄰,文青二路,,,,,,190號七樓,121.390377031197,25.0384212638919
桃園市龜山區文藝里6鄰文青二路190號八樓,68,6800700,6800700-000,6鄰,文青二路,,,,,,190號八樓,121.390377031197,25.0384212638919
桃園市龜山區文藝里6鄰文青二路190號九樓,68,6800700,6800700-000,6鄰,文青二路,,,,,,190號九樓,121.390377031197,25.0384212638919
桃園市龜山區文藝里6鄰文青二路190號十一樓,68,6800700,6800700-000,6鄰,文青二路,,,,,,190號十一樓,121.390377031197,25.0384212638919
桃園市龜山區文藝里6鄰文青二路190號十二樓,68,6800700,6800700-000,6鄰,文青二路,,,,,,190號十二樓,121.390377031197,25.0384212638919
桃園市龜山區文藝里6鄰文青二路190號十三樓,68,6800700,6800700-000,6鄰,文青二路,,,,,,190號十三樓,121.390377031197,25.0384212638919
桃園市龜山區文藝里6鄰文青二路190號十四樓,68,6800700,6800700-000,6鄰,文青二路,,,,,,190號十四樓,121.390377031197,25.0384212638919
桃園市龜山區文藝里6鄰文青二路192號十樓,68,6800700,6800700-000,6鄰,文青二路,,,,,,192號十樓,121.390441345908,25.0384212754809
桃園市龜山區文藝里6鄰文青二路192號二樓,68,6800700,6800700-000,6鄰,文青二路,,,,,,192號二樓,121.390441345908,25.0384212754809
桃園市龜山區文藝里6鄰文青二路192號三樓,68,6800700,6800700-000,6鄰,文青二路,,,,,,192號三樓,121.390441345908,25.0384212754809
桃園市龜山區文藝里6鄰文青二路192號四樓,68,6800700,6800700-000,6鄰,文青二路,,,,,,192號四樓,121.390441345908,25.0384212754809
桃園市龜山區文藝里6鄰文青二路192號五樓,68,6800700,6800700-000,6鄰,文青二路,,,,,,192號五樓,121.390441345908,25.0384212754809
桃園市龜山區文藝里6鄰文青二路192號六樓,68,6800700,6800700-000,6鄰,文青二路,,,,,,192號六樓,121.390441345908,25.0384212754809
桃園市龜山區文藝里6鄰文青二路192號七樓,68,6800700,6800700-000,6鄰,文青二路,,,,,,192號七樓,121.390441345908,25.0384212754809
桃園市龜山區文藝里6鄰文青二路192號八樓,68,6800700,6800700-000,6鄰,文青二路,,,,,,192號八樓,121.390441345908,25.0384212754809
桃園市龜山區文藝里6鄰文青二路192號九樓,68,6800700,6800700-000,6鄰,文青二路,,,,,,192號九樓,121.390441345908,25.0384212754809
桃園市龜山區文藝里6鄰文青二路192號十一樓,68,6800700,6800700-000,6鄰,文青二路,,,,,,192號十一樓,121.390441345908,25.0384212754809
桃園市龜山區文藝里6鄰文青二路192號十二樓,68,6800700,6800700-000,6鄰,文青二路,,,,,,192號十二樓,121.390441345908,25.0384212754809
桃園市龜山區文藝里6鄰文青二路192號十三樓,68,6800700,6800700-000,6鄰,文青二路,,,,,,192號十三樓,121.390441345908,25.0384212754809
桃園市龜山區文藝里6鄰文青二路192號十四樓,68,6800700,6800700-000,6鄰,文青二路,,,,,,192號十四樓,121.390441345908,25.0384212754809
桃園市龜山區文藝里6鄰文青二路196號十樓,68,6800700,6800700-000,6鄰,文青二路,,,,,,196號十樓,121.39044784649,25.0382521602015
桃園市龜山區文藝里6鄰文青二路196號二樓,68,6800700,6800700-000,6鄰,文青二路,,,,,,196號二樓,121.39044784649,25.0382521602015
桃園市龜山區文藝里6鄰文青二路196號三樓,68,6800700,6800700-000,6鄰,文青二路,,,,,,196號三樓,121.39044784649,25.0382521602015
桃園市龜山區文藝里6鄰文青二路196號四樓,68,6800700,6800700-000,6鄰,文青二路,,,,,,196號四樓,121.39044784649,25.0382521602015
桃園市龜山區文藝里6鄰文青二路196號五樓,68,6800700,6800700-000,6鄰,文青二路,,,,,,196號五樓,121.39044784649,25.0382521602015
桃園市龜山區文藝里6鄰文青二路196號六樓,68,6800700,6800700-000,6鄰,文青二路,,,,,,196號六樓,121.39044784649,25.0382521602015
桃園市龜山區文藝里6鄰文青二路196號七樓,68,6800700,6800700-000,6鄰,文青二路,,,,,,196號七樓,121.39044784649,25.0382521602015
桃園市龜山區文藝里6鄰文青二路196號八樓,68,6800700,6800700-000,6鄰,文青二路,,,,,,196號八樓,121.39044784649,25.0382521602015
桃園市龜山區文藝里6鄰文青二路196號九樓,68,6800700,6800700-000,6鄰,文青二路,,,,,,196號九樓,121.39044784649,25.0382521602015
桃園市龜山區文藝里6鄰文青二路196號十一樓,68,6800700,6800700-000,6鄰,文青二路,,,,,,196號十一樓,121.39044784649,25.0382521602015
桃園市龜山區文藝里6鄰文青二路196號十二樓,68,6800700,6800700-000,6鄰,文青二路,,,,,,196號十二樓,121.39044784649,25.0382521602015
桃園市龜山區文藝里6鄰文青二路196號十三樓,68,6800700,6800700-000,6鄰,文青二路,,,,,,196號十三樓,121.39044784649,25.0382521602015
桃園市龜山區文藝里6鄰文青二路198號十樓,68,6800700,6800700-000,6鄰,文青二路,,,,,,198號十樓,121.39038343277,25.0382521488747
桃園市龜山區文藝里6鄰文青二路198號二樓,68,6800700,6800700-000,6鄰,文青二路,,,,,,198號二樓,121.39038343277,25.0382521488747
桃園市龜山區文藝里6鄰文青二路198號三樓,68,6800700,6800700-000,6鄰,文青二路,,,,,,198號三樓,121.39038343277,25.0382521488747
桃園市龜山區文藝里6鄰文青二路198號四樓,68,6800700,6800700-000,6鄰,文青二路,,,,,,198號四樓,121.39038343277,25.0382521488747
桃園市龜山區文藝里6鄰文青二路198號五樓,68,6800700,6800700-000,6鄰,文青二路,,,,,,198號五樓,121.39038343277,25.0382521488747
桃園市龜山區文藝里6鄰文青二路198號六樓,68,6800700,6800700-000,6鄰,文青二路,,,,,,198號六樓,121.39038343277,25.0382521488747
桃園市龜山區文藝里6鄰文青二路198號七樓,68,6800700,6800700-000,6鄰,文青二路,,,,,,198號七樓,121.39038343277,25.0382521488747
桃園市龜山區文藝里6鄰文青二路198號八樓,68,6800700,6800700-000,6鄰,文青二路,,,,,,198號八樓,121.39038343277,25.0382521488747
桃園市龜山區文藝里6鄰文青二路198號九樓,68,6800700,6800700-000,6鄰,文青二路,,,,,,198號九樓,121.39038343277,25.0382521488747
桃園市龜山區文藝里6鄰文青二路198號十一樓,68,6800700,6800700-000,6鄰,文青二路,,,,,,198號十一樓,121.39038343277,25.0382521488747
桃園市龜山區文藝里6鄰文青二路198號十二樓,68,6800700,6800700-000,6鄰,文青二路,,,,,,198號十二樓,121.39038343277,25.0382521488747
桃園市龜山區文藝里6鄰文青二路198號十三樓,68,6800700,6800700-000,6鄰,文青二路,,,,,,198號十三樓,121.39038343277,25.0382521488747
桃園市龜山區文藝里6鄰文青二路200號十樓,68,6800700,6800700-000,6鄰,文青二路,,,,,,200號十樓,121.390316944296,25.0382541291738
桃園市龜山區文藝里6鄰文青二路200號二樓,68,6800700,6800700-000,6鄰,文青二路,,,,,,200號二樓,121.390316944296,25.0382541291738
桃園市龜山區文藝里6鄰文青二路200號三樓,68,6800700,6800700-000,6鄰,文青二路,,,,,,200號三樓,121.390316944296,25.0382541291738
桃園市龜山區文藝里6鄰文青二路200號四樓,68,6800700,6800700-000,6鄰,文青二路,,,,,,200號四樓,121.390316944296,25.0382541291738
桃園市龜山區文藝里6鄰文青二路200號五樓,68,6800700,6800700-000,6鄰,文青二路,,,,,,200號五樓,121.390316944296,25.0382541291738
桃園市龜山區文藝里6鄰文青二路200號六樓,68,6800700,6800700-000,6鄰,文青二路,,,,,,200號六樓,121.390316944296,25.0382541291738
桃園市龜山區文藝里6鄰文青二路200號七樓,68,6800700,6800700-000,6鄰,文青二路,,,,,,200號七樓,121.390316944296,25.0382541291738
桃園市龜山區文藝里6鄰文青二路200號八樓,68,6800700,6800700-000,6鄰,文青二路,,,,,,200號八樓,121.390316944296,25.0382541291738
桃園市龜山區文藝里6鄰文青二路200號九樓,68,6800700,6800700-000,6鄰,文青二路,,,,,,200號九樓,121.390316944296,25.0382541291738
桃園市龜山區文藝里6鄰文青二路200號十一樓,68,6800700,6800700-000,6鄰,文青二路,,,,,,200號十一樓,121.390316944296,25.0382541291738
桃園市龜山區文藝里6鄰文青二路200號十二樓,68,6800700,6800700-000,6鄰,文青二路,,,,,,200號十二樓,121.390316944296,25.0382541291738
桃園市龜山區文藝里6鄰文青二路200號十三樓,68,6800700,6800700-000,6鄰,文青二路,,,,,,200號十三樓,121.390316944296,25.0382541291738
桃園市龜山區文藝里6鄰文青二路202號十樓,68,6800700,6800700-000,6鄰,文青二路,,,,,,202號十樓,121.390567987093,25.038419317597
桃園市龜山區文藝里6鄰文青二路202號二樓,68,6800700,6800700-000,6鄰,文青二路,,,,,,202號二樓,121.390567987093,25.038419317597
桃園市龜山區文藝里6鄰文青二路202號三樓,68,6800700,6800700-000,6鄰,文青二路,,,,,,202號三樓,121.390567987093,25.038419317597
桃園市龜山區文藝里6鄰文青二路202號四樓,68,6800700,6800700-000,6鄰,文青二路,,,,,,202號四樓,121.390567987093,25.038419317597
桃園市龜山區文藝里6鄰文青二路202號五樓,68,6800700,6800700-000,6鄰,文青二路,,,,,,202號五樓,121.390567987093,25.038419317597
桃園市龜山區文藝里6鄰文青二路202號六樓,68,6800700,6800700-000,6鄰,文青二路,,,,,,202號六樓,121.390567987093,25.038419317597
桃園市龜山區文藝里6鄰文青二路202號七樓,68,6800700,6800700-000,6鄰,文青二路,,,,,,202號七樓,121.390567987093,25.038419317597
桃園市龜山區文藝里6鄰文青二路202號八樓,68,6800700,6800700-000,6鄰,文青二路,,,,,,202號八樓,121.390567987093,25.038419317597
桃園市龜山區文藝里6鄰文青二路202號九樓,68,6800700,6800700-000,6鄰,文青二路,,,,,,202號九樓,121.390567987093,25.038419317597
桃園市龜山區文藝里6鄰文青二路202號十一樓,68,6800700,6800700-000,6鄰,文青二路,,,,,,202號十一樓,121.390567987093,25.038419317597
桃園市龜山區文藝里6鄰文青二路202號十二樓,68,6800700,6800700-000,6鄰,文青二路,,,,,,202號十二樓,121.390567987093,25.038419317597
桃園市龜山區文藝里6鄰文青二路202號十三樓,68,6800700,6800700-000,6鄰,文青二路,,,,,,202號十三樓,121.390567987093,25.038419317597
桃園市龜山區文藝里6鄰文青二路202號十四樓,68,6800700,6800700-000,6鄰,文青二路,,,,,,202號十四樓,121.390567987093,25.038419317597
桃園市龜山區文藝里6鄰文青二路206號,68,6800700,6800700-000,6鄰,文青二路,,,,,,206號,121.390617344116,25.0384212643457
桃園市龜山區文藝里6鄰文青二路206號十樓,68,6800700,6800700-000,6鄰,文青二路,,,,,,206號十樓,121.390617344116,25.0384212643457
桃園市龜山區文藝里6鄰文青二路206號二樓,68,6800700,6800700-000,6鄰,文青二路,,,,,,206號二樓,121.390617344116,25.0384212643457
桃園市龜山區文藝里6鄰文青二路206號三樓,68,6800700,6800700-000,6鄰,文青二路,,,,,,206號三樓,121.390617344116,25.0384212643457
桃園市龜山區文藝里6鄰文青二路206號四樓,68,6800700,6800700-000,6鄰,文青二路,,,,,,206號四樓,121.390617344116,25.0384212643457
桃園市龜山區文藝里6鄰文青二路206號五樓,68,6800700,6800700-000,6鄰,文青二路,,,,,,206號五樓,121.390617344116,25.0384212643457
桃園市龜山區文藝里6鄰文青二路206號六樓,68,6800700,6800700-000,6鄰,文青二路,,,,,,206號六樓,121.390617344116,25.0384212643457
桃園市龜山區文藝里6鄰文青二路206號七樓,68,6800700,6800700-000,6鄰,文青二路,,,,,,206號七樓,121.390617344116,25.0384212643457
桃園市龜山區文藝里6鄰文青二路206號八樓,68,6800700,6800700-000,6鄰,文青二路,,,,,,206號八樓,121.390617344116,25.0384212643457
桃園市龜山區文藝里6鄰文青二路206號九樓,68,6800700,6800700-000,6鄰,文青二路,,,,,,206號九樓,121.390617344116,25.0384212643457
桃園市龜山區文藝里6鄰文青二路206號十一樓,68,6800700,6800700-000,6鄰,文青二路,,,,,,206號十一樓,121.390617344116,25.0384212643457
桃園市龜山區文藝里6鄰文青二路206號十二樓,68,6800700,6800700-000,6鄰,文青二路,,,,,,206號十二樓,121.390617344116,25.0384212643457
桃園市龜山區文藝里6鄰文青二路206號十三樓,68,6800700,6800700-000,6鄰,文青二路,,,,,,206號十三樓,121.390617344116,25.0384212643457
桃園市龜山區文藝里6鄰文青二路206號十四樓,68,6800700,6800700-000,6鄰,文青二路,,,,,,206號十四樓,121.390617344116,25.0384212643457
桃園市龜山區文藝里6鄰文青二路208號,68,6800700,6800700-000,6鄰,文青二路,,,,,,208號,121.390677391637,25.0384193911276
桃園市龜山區文藝里6鄰文青二路208號十樓,68,6800700,6800700-000,6鄰,文青二路,,,,,,208號十樓,121.390677391637,25.0384193911276
桃園市龜山區文藝里6鄰文青二路208號二樓,68,6800700,6800700-000,6鄰,文青二路,,,,,,208號二樓,121.390677391637,25.0384193911276
桃園市龜山區文藝里6鄰文青二路208號三樓,68,6800700,6800700-000,6鄰,文青二路,,,,,,208號三樓,121.390677391637,25.0384193911276
桃園市龜山區文藝里6鄰文青二路208號四樓,68,6800700,6800700-000,6鄰,文青二路,,,,,,208號四樓,121.390677391637,25.0384193911276
桃園市龜山區文藝里6鄰文青二路208號五樓,68,6800700,6800700-000,6鄰,文青二路,,,,,,208號五樓,121.390677391637,25.0384193911276
桃園市龜山區文藝里6鄰文青二路208號六樓,68,6800700,6800700-000,6鄰,文青二路,,,,,,208號六樓,121.390677391637,25.0384193911276
桃園市龜山區文藝里6鄰文青二路208號七樓,68,6800700,6800700-000,6鄰,文青二路,,,,,,208號七樓,121.390677391637,25.0384193911276
桃園市龜山區文藝里6鄰文青二路208號八樓,68,6800700,6800700-000,6鄰,文青二路,,,,,,208號八樓,121.390677391637,25.0384193911276
桃園市龜山區文藝里6鄰文青二路208號九樓,68,6800700,6800700-000,6鄰,文青二路,,,,,,208號九樓,121.390677391637,25.0384193911276
桃園市龜山區文藝里6鄰文青二路208號十一樓,68,6800700,6800700-000,6鄰,文青二路,,,,,,208號十一樓,121.390677391637,25.0384193911276
桃園市龜山區文藝里6鄰文青二路208號十二樓,68,6800700,6800700-000,6鄰,文青二路,,,,,,208號十二樓,121.390677391637,25.0384193911276
桃園市龜山區文藝里6鄰文青二路208號十三樓,68,6800700,6800700-000,6鄰,文青二路,,,,,,208號十三樓,121.390677391637,25.0384193911276
桃園市龜山區文藝里6鄰文青二路208號十四樓,68,6800700,6800700-000,6鄰,文青二路,,,,,,208號十四樓,121.390677391637,25.0384193911276
桃園市龜山區文藝里6鄰文青二路210號十樓,68,6800700,6800700-000,6鄰,文青二路,,,,,,210號十樓,121.390681736066,25.0382579554803
桃園市龜山區文藝里6鄰文青二路210號二樓,68,6800700,6800700-000,6鄰,文青二路,,,,,,210號二樓,121.390681736066,25.0382579554803
桃園市龜山區文藝里6鄰文青二路210號三樓,68,6800700,6800700-000,6鄰,文青二路,,,,,,210號三樓,121.390681736066,25.0382579554803
桃園市龜山區文藝里6鄰文青二路210號四樓,68,6800700,6800700-000,6鄰,文青二路,,,,,,210號四樓,121.390681736066,25.0382579554803
桃園市龜山區文藝里6鄰文青二路210號五樓,68,6800700,6800700-000,6鄰,文青二路,,,,,,210號五樓,121.390681736066,25.0382579554803
桃園市龜山區文藝里6鄰文青二路210號六樓,68,6800700,6800700-000,6鄰,文青二路,,,,,,210號六樓,121.390681736066,25.0382579554803
桃園市龜山區文藝里6鄰文青二路210號七樓,68,6800700,6800700-000,6鄰,文青二路,,,,,,210號七樓,121.390681736066,25.0382579554803
桃園市龜山區文藝里6鄰文青二路210號八樓,68,6800700,6800700-000,6鄰,文青二路,,,,,,210號八樓,121.390681736066,25.0382579554803
桃園市龜山區文藝里6鄰文青二路210號九樓,68,6800700,6800700-000,6鄰,文青二路,,,,,,210號九樓,121.390681736066,25.0382579554803
桃園市龜山區文藝里6鄰文青二路210號十一樓,68,6800700,6800700-000,6鄰,文青二路,,,,,,210號十一樓,121.390681736066,25.0382579554803
桃園市龜山區文藝里6鄰文青二路210號十二樓,68,6800700,6800700-000,6鄰,文青二路,,,,,,210號十二樓,121.390681736066,25.0382579554803
桃園市龜山區文藝里6鄰文青二路210號十三樓,68,6800700,6800700-000,6鄰,文青二路,,,,,,210號十三樓,121.390681736066,25.0382579554803
桃園市龜山區文藝里6鄰文青二路212號十樓,68,6800700,6800700-000,6鄰,文青二路,,,,,,212號十樓,121.390628031128,25.0382599023084
桃園市龜山區文藝里6鄰文青二路212號二樓,68,6800700,6800700-000,6鄰,文青二路,,,,,,212號二樓,121.390628031128,25.0382599023084
桃園市龜山區文藝里6鄰文青二路212號三樓,68,6800700,6800700-000,6鄰,文青二路,,,,,,212號三樓,121.390628031128,25.0382599023084
桃園市龜山區文藝里6鄰文青二路212號四樓,68,6800700,6800700-000,6鄰,文青二路,,,,,,212號四樓,121.390628031128,25.0382599023084
桃園市龜山區文藝里6鄰文青二路212號五樓,68,6800700,6800700-000,6鄰,文青二路,,,,,,212號五樓,121.390628031128,25.0382599023084
桃園市龜山區文藝里6鄰文青二路212號六樓,68,6800700,6800700-000,6鄰,文青二路,,,,,,212號六樓,121.390628031128,25.0382599023084
桃園市龜山區文藝里6鄰文青二路212號七樓,68,6800700,6800700-000,6鄰,文青二路,,,,,,212號七樓,121.390628031128,25.0382599023084
桃園市龜山區文藝里6鄰文青二路212號八樓,68,6800700,6800700-000,6鄰,文青二路,,,,,,212號八樓,121.390628031128,25.0382599023084
桃園市龜山區文藝里6鄰文青二路212號九樓,68,6800700,6800700-000,6鄰,文青二路,,,,,,212號九樓,121.390628031128,25.0382599023084
桃園市龜山區文藝里6鄰文青二路212號十一樓,68,6800700,6800700-000,6鄰,文青二路,,,,,,212號十一樓,121.390628031128,25.0382599023084
桃園市龜山區文藝里6鄰文青二路212號十二樓,68,6800700,6800700-000,6鄰,文青二路,,,,,,212號十二樓,121.390628031128,25.0382599023084
桃園市龜山區文藝里6鄰文青二路212號十三樓,68,6800700,6800700-000,6鄰,文青二路,,,,,,212號十三樓,121.390628031128,25.0382599023084
桃園市龜山區文藝里6鄰文青二路216號十樓,68,6800700,6800700-000,6鄰,文青二路,,,,,,216號十樓,121.390567977966,25.0382599698806
桃園市龜山區文藝里6鄰文青二路216號二樓,68,6800700,6800700-000,6鄰,文青二路,,,,,,216號二樓,121.390567977966,25.0382599698806
桃園市龜山區文藝里6鄰文青二路216號三樓,68,6800700,6800700-000,6鄰,文青二路,,,,,,216號三樓,121.390567977966,25.0382599698806
桃園市龜山區文藝里6鄰文青二路216號四樓,68,6800700,6800700-000,6鄰,文青二路,,,,,,216號四樓,121.390567977966,25.0382599698806
桃園市龜山區文藝里6鄰文青二路216號五樓,68,6800700,6800700-000,6鄰,文青二路,,,,,,216號五樓,121.390567977966,25.0382599698806
桃園市龜山區文藝里6鄰文青二路216號六樓,68,6800700,6800700-000,6鄰,文青二路,,,,,,216號六樓,121.390567977966,25.0382599698806
桃園市龜山區文藝里6鄰文青二路216號七樓,68,6800700,6800700-000,6鄰,文青二路,,,,,,216號七樓,121.390567977966,25.0382599698806
桃園市龜山區文藝里6鄰文青二路216號八樓,68,6800700,6800700-000,6鄰,文青二路,,,,,,216號八樓,121.390567977966,25.0382599698806
桃園市龜山區文藝里6鄰文青二路216號九樓,68,6800700,6800700-000,6鄰,文青二路,,,,,,216號九樓,121.390567977966,25.0382599698806
桃園市龜山區文藝里6鄰文青二路216號十一樓,68,6800700,6800700-000,6鄰,文青二路,,,,,,216號十一樓,121.390567977966,25.0382599698806
桃園市龜山區文藝里6鄰文青二路216號十二樓,68,6800700,6800700-000,6鄰,文青二路,,,,,,216號十二樓,121.390567977966,25.0382599698806
桃園市龜山區文藝里6鄰文青二路216號十三樓,68,6800700,6800700-000,6鄰,文青二路,,,,,,216號十三樓,121.390567977966,25.0382599698806
桃園市龜山區文藝里5鄰文青二路218號十樓,68,6800700,6800700-000,5鄰,文青二路,,,,,,218號十樓,121.390825486636,25.0384640524136
桃園市龜山區文藝里5鄰文青二路218號三樓,68,6800700,6800700-000,5鄰,文青二路,,,,,,218號三樓,121.390825486636,25.0384640524136
桃園市龜山區文藝里5鄰文青二路218號四樓,68,6800700,6800700-000,5鄰,文青二路,,,,,,218號四樓,121.390825486636,25.0384640524136
桃園市龜山區文藝里5鄰文青二路218號五樓,68,6800700,6800700-000,5鄰,文青二路,,,,,,218號五樓,121.390825486636,25.0384640524136
桃園市龜山區文藝里5鄰文青二路218號六樓,68,6800700,6800700-000,5鄰,文青二路,,,,,,218號六樓,121.390825486636,25.0384640524136
桃園市龜山區文藝里5鄰文青二路218號七樓,68,6800700,6800700-000,5鄰,文青二路,,,,,,218號七樓,121.390825486636,25.0384640524136
桃園市龜山區文藝里5鄰文青二路218號八樓,68,6800700,6800700-000,5鄰,文青二路,,,,,,218號八樓,121.390825486636,25.0384640524136
桃園市龜山區文藝里5鄰文青二路218號九樓,68,6800700,6800700-000,5鄰,文青二路,,,,,,218號九樓,121.390825486636,25.0384640524136
桃園市龜山區文藝里5鄰文青二路218號十一樓,68,6800700,6800700-000,5鄰,文青二路,,,,,,218號十一樓,121.390825486636,25.0384640524136
桃園市龜山區文藝里5鄰文青二路218號十二樓,68,6800700,6800700-000,5鄰,文青二路,,,,,,218號十二樓,121.390825486636,25.0384640524136
桃園市龜山區文藝里5鄰文青二路218號十三樓,68,6800700,6800700-000,5鄰,文青二路,,,,,,218號十三樓,121.390825486636,25.0384640524136
桃園市龜山區文藝里5鄰文青二路218號十四樓,68,6800700,6800700-000,5鄰,文青二路,,,,,,218號十四樓,121.390825486636,25.0384640524136
桃園市龜山區文藝里5鄰文青二路218號十五樓,68,6800700,6800700-000,5鄰,文青二路,,,,,,218號十五樓,121.390825486636,25.0384640524136
桃園市龜山區文藝里5鄰文青二路220號,68,6800700,6800700-000,5鄰,文青二路,,,,,,220號,121.390831855621,25.038347391314
桃園市龜山區文藝里5鄰文青二路220號十樓,68,6800700,6800700-000,5鄰,文青二路,,,,,,220號十樓,121.390831855621,25.038347391314
桃園市龜山區文藝里5鄰文青二路220號二樓,68,6800700,6800700-000,5鄰,文青二路,,,,,,220號二樓,121.390831855621,25.038347391314
桃園市龜山區文藝里5鄰文青二路220號三樓,68,6800700,6800700-000,5鄰,文青二路,,,,,,220號三樓,121.390831855621,25.038347391314
桃園市龜山區文藝里5鄰文青二路220號四樓,68,6800700,6800700-000,5鄰,文青二路,,,,,,220號四樓,121.390831855621,25.038347391314
桃園市龜山區文藝里5鄰文青二路220號五樓,68,6800700,6800700-000,5鄰,文青二路,,,,,,220號五樓,121.390831855621,25.038347391314
桃園市龜山區文藝里5鄰文青二路220號六樓,68,6800700,6800700-000,5鄰,文青二路,,,,,,220號六樓,121.390831855621,25.038347391314
桃園市龜山區文藝里5鄰文青二路220號七樓,68,6800700,6800700-000,5鄰,文青二路,,,,,,220號七樓,121.390831855621,25.038347391314
桃園市龜山區文藝里5鄰文青二路220號八樓,68,6800700,6800700-000,5鄰,文青二路,,,,,,220號八樓,121.390831855621,25.038347391314
桃園市龜山區文藝里5鄰文青二路220號九樓,68,6800700,6800700-000,5鄰,文青二路,,,,,,220號九樓,121.390831855621,25.038347391314
桃園市龜山區文藝里5鄰文青二路220號十一樓,68,6800700,6800700-000,5鄰,文青二路,,,,,,220號十一樓,121.390831855621,25.038347391314
桃園市龜山區文藝里5鄰文青二路220號十二樓,68,6800700,6800700-000,5鄰,文青二路,,,,,,220號十二樓,121.390831855621,25.038347391314
桃園市龜山區文藝里5鄰文青二路220號十三樓,68,6800700,6800700-000,5鄰,文青二路,,,,,,220號十三樓,121.390831855621,25.038347391314
桃園市龜山區文藝里5鄰文青二路220號十四樓,68,6800700,6800700-000,5鄰,文青二路,,,,,,220號十四樓,121.390831855621,25.038347391314
桃園市龜山區文藝里5鄰文青二路220號十五樓,68,6800700,6800700-000,5鄰,文青二路,,,,,,220號十五樓,121.390831855621,25.038347391314
桃園市龜山區文藝里5鄰文青二路222號,68,6800700,6800700-000,5鄰,文青二路,,,,,,222號,121.390932743747,25.0383493829785
桃園市龜山區文藝里5鄰文青二路222號十樓,68,6800700,6800700-000,5鄰,文青二路,,,,,,222號十樓,121.390932743747,25.0383493829785
桃園市龜山區文藝里5鄰文青二路222號二樓,68,6800700,6800700-000,5鄰,文青二路,,,,,,222號二樓,121.390932743747,25.0383493829785
桃園市龜山區文藝里5鄰文青二路222號三樓,68,6800700,6800700-000,5鄰,文青二路,,,,,,222號三樓,121.390932743747,25.0383493829785
桃園市龜山區文藝里5鄰文青二路222號四樓,68,6800700,6800700-000,5鄰,文青二路,,,,,,222號四樓,121.390932743747,25.0383493829785
桃園市龜山區文藝里5鄰文青二路222號五樓,68,6800700,6800700-000,5鄰,文青二路,,,,,,222號五樓,121.390932743747,25.0383493829785
桃園市龜山區文藝里5鄰文青二路222號六樓,68,6800700,6800700-000,5鄰,文青二路,,,,,,222號六樓,121.390932743747,25.0383493829785
桃園市龜山區文藝里5鄰文青二路222號七樓,68,6800700,6800700-000,5鄰,文青二路,,,,,,222號七樓,121.390932743747,25.0383493829785
桃園市龜山區文藝里5鄰文青二路222號八樓,68,6800700,6800700-000,5鄰,文青二路,,,,,,222號八樓,121.390932743747,25.0383493829785
桃園市龜山區文藝里5鄰文青二路222號九樓,68,6800700,6800700-000,5鄰,文青二路,,,,,,222號九樓,121.390932743747,25.0383493829785
桃園市龜山區文藝里5鄰文青二路222號十一樓,68,6800700,6800700-000,5鄰,文青二路,,,,,,222號十一樓,121.390932743747,25.0383493829785
桃園市龜山區文藝里5鄰文青二路222號十二樓,68,6800700,6800700-000,5鄰,文青二路,,,,,,222號十二樓,121.390932743747,25.0383493829785
桃園市龜山區文藝里5鄰文青二路222號十三樓,68,6800700,6800700-000,5鄰,文青二路,,,,,,222號十三樓,121.390932743747,25.0383493829785
桃園市龜山區文藝里5鄰文青二路222號十四樓,68,6800700,6800700-000,5鄰,文青二路,,,,,,222號十四樓,121.390932743747,25.0383493829785
桃園市龜山區文藝里5鄰文青二路222號十五樓,68,6800700,6800700-000,5鄰,文青二路,,,,,,222號十五樓,121.390932743747,25.0383493829785
桃園市龜山區文藝里5鄰文青二路226號十樓,68,6800700,6800700-000,5鄰,文青二路,,,,,,226號十樓,121.39092628177,25.0384679402481
桃園市龜山區文藝里5鄰文青二路226號三樓,68,6800700,6800700-000,5鄰,文青二路,,,,,,226號三樓,121.39092628177,25.0384679402481
桃園市龜山區文藝里5鄰文青二路226號四樓,68,6800700,6800700-000,5鄰,文青二路,,,,,,226號四樓,121.39092628177,25.0384679402481
桃園市龜山區文藝里5鄰文青二路226號五樓,68,6800700,6800700-000,5鄰,文青二路,,,,,,226號五樓,121.39092628177,25.0384679402481
桃園市龜山區文藝里5鄰文青二路226號六樓,68,6800700,6800700-000,5鄰,文青二路,,,,,,226號六樓,121.39092628177,25.0384679402481
桃園市龜山區文藝里5鄰文青二路226號七樓,68,6800700,6800700-000,5鄰,文青二路,,,,,,226號七樓,121.39092628177,25.0384679402481
桃園市龜山區文藝里5鄰文青二路226號八樓,68,6800700,6800700-000,5鄰,文青二路,,,,,,226號八樓,121.39092628177,25.0384679402481
桃園市龜山區文藝里5鄰文青二路226號九樓,68,6800700,6800700-000,5鄰,文青二路,,,,,,226號九樓,121.39092628177,25.0384679402481
桃園市龜山區文藝里5鄰文青二路226號十一樓,68,6800700,6800700-000,5鄰,文青二路,,,,,,226號十一樓,121.39092628177,25.0384679402481
桃園市龜山區文藝里5鄰文青二路226號十二樓,68,6800700,6800700-000,5鄰,文青二路,,,,,,226號十二樓,121.39092628177,25.0384679402481
桃園市龜山區文藝里5鄰文青二路226號十三樓,68,6800700,6800700-000,5鄰,文青二路,,,,,,226號十三樓,121.39092628177,25.0384679402481
桃園市龜山區文藝里5鄰文青二路226號十四樓,68,6800700,6800700-000,5鄰,文青二路,,,,,,226號十四樓,121.39092628177,25.0384679402481
桃園市龜山區文藝里5鄰文青二路226號十五樓,68,6800700,6800700-000,5鄰,文青二路,,,,,,226號十五樓,121.39092628177,25.0384679402481
桃園市龜山區文藝里5鄰文青二路228號,68,6800700,6800700-000,5鄰,文青二路,,,,,,228號,121.391033567754,25.0384874297197
桃園市龜山區文藝里5鄰文青二路228號十樓,68,6800700,6800700-000,5鄰,文青二路,,,,,,228號十樓,121.391033567754,25.0384874297197
桃園市龜山區文藝里5鄰文青二路228號二樓,68,6800700,6800700-000,5鄰,文青二路,,,,,,228號二樓,121.391033567754,25.0384874297197
桃園市龜山區文藝里5鄰文青二路228號三樓,68,6800700,6800700-000,5鄰,文青二路,,,,,,228號三樓,121.391033567754,25.0384874297197
桃園市龜山區文藝里5鄰文青二路228號四樓,68,6800700,6800700-000,5鄰,文青二路,,,,,,228號四樓,121.391033567754,25.0384874297197
桃園市龜山區文藝里5鄰文青二路228號五樓,68,6800700,6800700-000,5鄰,文青二路,,,,,,228號五樓,121.391033567754,25.0384874297197
桃園市龜山區文藝里5鄰文青二路228號六樓,68,6800700,6800700-000,5鄰,文青二路,,,,,,228號六樓,121.391033567754,25.0384874297197
桃園市龜山區文藝里5鄰文青二路228號七樓,68,6800700,6800700-000,5鄰,文青二路,,,,,,228號七樓,121.391033567754,25.0384874297197
桃園市龜山區文藝里5鄰文青二路228號八樓,68,6800700,6800700-000,5鄰,文青二路,,,,,,228號八樓,121.391033567754,25.0384874297197
桃園市龜山區文藝里5鄰文青二路228號九樓,68,6800700,6800700-000,5鄰,文青二路,,,,,,228號九樓,121.391033567754,25.0384874297197
桃園市龜山區文藝里5鄰文青二路228號十一樓,68,6800700,6800700-000,5鄰,文青二路,,,,,,228號十一樓,121.391033567754,25.0384874297197
桃園市龜山區文藝里5鄰文青二路228號十二樓,68,6800700,6800700-000,5鄰,文青二路,,,,,,228號十二樓,121.391033567754,25.0384874297197
桃園市龜山區文藝里5鄰文青二路228號十三樓,68,6800700,6800700-000,5鄰,文青二路,,,,,,228號十三樓,121.391033567754,25.0384874297197
桃園市龜山區文藝里5鄰文青二路228號十四樓,68,6800700,6800700-000,5鄰,文青二路,,,,,,228號十四樓,121.391033567754,25.0384874297197
桃園市龜山區文藝里5鄰文青二路228號十五樓,68,6800700,6800700-000,5鄰,文青二路,,,,,,228號十五樓,121.391033567754,25.0384874297197
桃園市龜山區文藝里5鄰文青二路230號,68,6800700,6800700-000,5鄰,文青二路,,,,,,230號,121.391035792435,25.0384077048582
桃園市龜山區文藝里5鄰文青二路230號十樓,68,6800700,6800700-000,5鄰,文青二路,,,,,,230號十樓,121.391035792435,25.0384077048582
桃園市龜山區文藝里5鄰文青二路230號二樓,68,6800700,6800700-000,5鄰,文青二路,,,,,,230號二樓,121.391035792435,25.0384077048582
桃園市龜山區文藝里5鄰文青二路230號三樓,68,6800700,6800700-000,5鄰,文青二路,,,,,,230號三樓,121.391035792435,25.0384077048582
桃園市龜山區文藝里5鄰文青二路230號四樓,68,6800700,6800700-000,5鄰,文青二路,,,,,,230號四樓,121.391035792435,25.0384077048582
桃園市龜山區文藝里5鄰文青二路230號五樓,68,6800700,6800700-000,5鄰,文青二路,,,,,,230號五樓,121.391035792435,25.0384077048582
桃園市龜山區文藝里5鄰文青二路230號六樓,68,6800700,6800700-000,5鄰,文青二路,,,,,,230號六樓,121.391035792435,25.0384077048582
桃園市龜山區文藝里5鄰文青二路230號七樓,68,6800700,6800700-000,5鄰,文青二路,,,,,,230號七樓,121.391035792435,25.0384077048582
桃園市龜山區文藝里5鄰文青二路230號八樓,68,6800700,6800700-000,5鄰,文青二路,,,,,,230號八樓,121.391035792435,25.0384077048582
桃園市龜山區文藝里5鄰文青二路230號九樓,68,6800700,6800700-000,5鄰,文青二路,,,,,,230號九樓,121.391035792435,25.0384077048582
桃園市龜山區文藝里5鄰文青二路230號十一樓,68,6800700,6800700-000,5鄰,文青二路,,,,,,230號十一樓,121.391035792435,25.0384077048582
桃園市龜山區文藝里5鄰文青二路230號十二樓,68,6800700,6800700-000,5鄰,文青二路,,,,,,230號十二樓,121.391035792435,25.0384077048582
桃園市龜山區文藝里5鄰文青二路230號十三樓,68,6800700,6800700-000,5鄰,文青二路,,,,,,230號十三樓,121.391035792435,25.0384077048582
桃園市龜山區文藝里5鄰文青二路230號十四樓,68,6800700,6800700-000,5鄰,文青二路,,,,,,230號十四樓,121.391035792435,25.0384077048582
桃園市龜山區文藝里5鄰文青二路230號十五樓,68,6800700,6800700-000,5鄰,文青二路,,,,,,230號十五樓,121.391035792435,25.0384077048582
桃園市龜山區文藝里5鄰文青二路232號,68,6800700,6800700-000,5鄰,文青二路,,,,,,232號,121.391134494173,25.0384077159346
桃園市龜山區文藝里5鄰文青二路232號十樓,68,6800700,6800700-000,5鄰,文青二路,,,,,,232號十樓,121.391134494173,25.0384077159346
桃園市龜山區文藝里5鄰文青二路232號二樓,68,6800700,6800700-000,5鄰,文青二路,,,,,,232號二樓,121.391134494173,25.0384077159346
桃園市龜山區文藝里5鄰文青二路232號三樓,68,6800700,6800700-000,5鄰,文青二路,,,,,,232號三樓,121.391134494173,25.0384077159346
桃園市龜山區文藝里5鄰文青二路232號四樓,68,6800700,6800700-000,5鄰,文青二路,,,,,,232號四樓,121.391134494173,25.0384077159346
桃園市龜山區文藝里5鄰文青二路232號五樓,68,6800700,6800700-000,5鄰,文青二路,,,,,,232號五樓,121.391134494173,25.0384077159346
桃園市龜山區文藝里5鄰文青二路232號六樓,68,6800700,6800700-000,5鄰,文青二路,,,,,,232號六樓,121.391134494173,25.0384077159346
桃園市龜山區文藝里5鄰文青二路232號七樓,68,6800700,6800700-000,5鄰,文青二路,,,,,,232號七樓,121.391134494173,25.0384077159346
桃園市龜山區文藝里5鄰文青二路232號八樓,68,6800700,6800700-000,5鄰,文青二路,,,,,,232號八樓,121.391134494173,25.0384077159346
桃園市龜山區文藝里5鄰文青二路232號九樓,68,6800700,6800700-000,5鄰,文青二路,,,,,,232號九樓,121.391134494173,25.0384077159346
桃園市龜山區文藝里5鄰文青二路232號十一樓,68,6800700,6800700-000,5鄰,文青二路,,,,,,232號十一樓,121.391134494173,25.0384077159346
桃園市龜山區文藝里5鄰文青二路232號十二樓,68,6800700,6800700-000,5鄰,文青二路,,,,,,232號十二樓,121.391134494173,25.0384077159346
桃園市龜山區文藝里5鄰文青二路232號十三樓,68,6800700,6800700-000,5鄰,文青二路,,,,,,232號十三樓,121.391134494173,25.0384077159346
桃園市龜山區文藝里5鄰文青二路232號十四樓,68,6800700,6800700-000,5鄰,文青二路,,,,,,232號十四樓,121.391134494173,25.0384077159346
桃園市龜山區文藝里5鄰文青二路232號十五樓,68,6800700,6800700-000,5鄰,文青二路,,,,,,232號十五樓,121.391134494173,25.0384077159346
桃園市龜山區文藝里5鄰文青二路236號,68,6800700,6800700-000,5鄰,文青二路,,,,,,236號,121.391130138661,25.0385029749098
桃園市龜山區文藝里5鄰文青二路236號十樓,68,6800700,6800700-000,5鄰,文青二路,,,,,,236號十樓,121.391130138661,25.0385029749098
桃園市龜山區文藝里5鄰文青二路236號二樓,68,6800700,6800700-000,5鄰,文青二路,,,,,,236號二樓,121.391130138661,25.0385029749098
桃園市龜山區文藝里5鄰文青二路236號三樓,68,6800700,6800700-000,5鄰,文青二路,,,,,,236號三樓,121.391130138661,25.0385029749098
桃園市龜山區文藝里5鄰文青二路236號四樓,68,6800700,6800700-000,5鄰,文青二路,,,,,,236號四樓,121.391130138661,25.0385029749098
桃園市龜山區文藝里5鄰文青二路236號五樓,68,6800700,6800700-000,5鄰,文青二路,,,,,,236號五樓,121.391130138661,25.0385029749098
桃園市龜山區文藝里5鄰文青二路236號六樓,68,6800700,6800700-000,5鄰,文青二路,,,,,,236號六樓,121.391130138661,25.0385029749098
桃園市龜山區文藝里5鄰文青二路236號七樓,68,6800700,6800700-000,5鄰,文青二路,,,,,,236號七樓,121.391130138661,25.0385029749098
桃園市龜山區文藝里5鄰文青二路236號八樓,68,6800700,6800700-000,5鄰,文青二路,,,,,,236號八樓,121.391130138661,25.0385029749098
桃園市龜山區文藝里5鄰文青二路236號九樓,68,6800700,6800700-000,5鄰,文青二路,,,,,,236號九樓,121.391130138661,25.0385029749098
桃園市龜山區文藝里5鄰文青二路236號十一樓,68,6800700,6800700-000,5鄰,文青二路,,,,,,236號十一樓,121.391130138661,25.0385029749098
桃園市龜山區文藝里5鄰文青二路236號十二樓,68,6800700,6800700-000,5鄰,文青二路,,,,,,236號十二樓,121.391130138661,25.0385029749098
桃園市龜山區文藝里5鄰文青二路236號十三樓,68,6800700,6800700-000,5鄰,文青二路,,,,,,236號十三樓,121.391130138661,25.0385029749098
桃園市龜山區文藝里5鄰文青二路236號十四樓,68,6800700,6800700-000,5鄰,文青二路,,,,,,236號十四樓,121.391130138661,25.0385029749098
桃園市龜山區文藝里5鄰文青二路236號十五樓,68,6800700,6800700-000,5鄰,文青二路,,,,,,236號十五樓,121.391130138661,25.0385029749098
桃園市龜山區文藝里3鄰文青二路238巷29之5號,68,6800700,6800700-000,3鄰,文青二路,,238巷,,,,29之5號,121.391720744398,25.0380912680402
