FULL_ADDR,COUNTY,TOWN,VILLAGE,NEIGHBORHOOD,ROAD,SECTION,LANE,ALLEY,SUB_ALLEY,TONG,NUMBER,X,Y
桃園市新屋區笨港里5鄰港昇路62號,68,6801100,6801100-017,5鄰,港昇路,,,,,,62號,121.01673671541,24.9688263030452
桃園市新屋區笨港里5鄰港昇路106號,68,6801100,6801100-017,5鄰,港昇路,,,,,,106號,121.016087999179,24.9689841913341
桃園市新屋區笨港里5鄰港昇路136巷25號,68,6801100,6801100-017,5鄰,港昇路,,136巷,,,,25號,121.015310825462,24.969977038287
桃園市新屋區笨港里5鄰港昇路295號,68,6801100,6801100-017,5鄰,港昇路,,,,,,295號,121.016010596601,24.9716647371243
