FULL_ADDR,COUNTY,TOWN,VILLAGE,NEIGHBORHOOD,ROAD,SECTION,LANE,ALLEY,SUB_ALLEY,TONG,NUMBER,X,Y
桃園市新屋區清華里7鄰清華二街8號,68,6801100,6801100-004,7鄰,清華二街,,,,,,8號,121.11570461744,24.9693959499361
桃園市新屋區清華里7鄰清華二街8號二樓,68,6801100,6801100-004,7鄰,清華二街,,,,,,8號二樓,121.115703134819,24.9693992013151
桃園市新屋區清華里7鄰清華二街8號三樓,68,6801100,6801100-004,7鄰,清華二街,,,,,,8號三樓,121.11570461744,24.9693959499361
桃園市新屋區清華里7鄰清華二街8號四樓,68,6801100,6801100-004,7鄰,清華二街,,,,,,8號四樓,121.11570461744,24.9693959499361
桃園市新屋區清華里7鄰清華二街62號,68,6801100,6801100-004,7鄰,清華二街,,,,,,62號,121.11622559439,24.969295780281
桃園市新屋區清華里7鄰清華二街66號,68,6801100,6801100-004,7鄰,清華二街,,,,,,66號,121.116697020019,24.9692704028646
桃園市新屋區清華里7鄰清華二街79號,68,6801100,6801100-004,7鄰,清華二街,,,,,,79號,121.116749514693,24.9695867171174
桃園市新屋區清華里7鄰清華二街83號,68,6801100,6801100-004,7鄰,清華二街,,,,,,83號,121.116816064031,24.9695778170823
