FULL_ADDR,COUNTY,TOWN,VILLAGE,NEIGHBORHOOD,ROAD,SECTION,LANE,ALLEY,SUB_ALLEY,TONG,NUMBER,X,Y
桃園市龜山區舊路里4鄰東舊路坑29之7號,68,6800700,6800700-018,4鄰,東舊路坑,,,,,,29之7號,121.369751349339,25.0143201648554
桃園市龜山區舊路里4鄰東舊路坑31號,68,6800700,6800700-018,4鄰,東舊路坑,,,,,,31號,121.376281416707,25.0147999761908
桃園市龜山區舊路里4鄰東舊路坑40號,68,6800700,6800700-018,4鄰,東舊路坑,,,,,,40號,121.372986050918,25.0173286921927
