FULL_ADDR,COUNTY,TOWN,VILLAGE,NEIGHBORHOOD,ROAD,SECTION,LANE,ALLEY,SUB_ALLEY,TONG,NUMBER,X,Y
桃園市中壢區文化里6鄰松江南路1號,68,6800200,6800200-034,6鄰,松江南路,,,,,,1號,121.244373844429,24.9804745391892
桃園市中壢區文化里6鄰松江南路3號,68,6800200,6800200-034,6鄰,松江南路,,,,,,3號,121.244951038744,24.9807822698392
桃園市中壢區文化里6鄰松江南路9號,68,6800200,6800200-034,6鄰,松江南路,,,,,,9號,121.247197506695,24.9839784739607
桃園市中壢區文化里6鄰松江南路11之1號,68,6800200,6800200-034,6鄰,松江南路,,,,,,11之1號,121.24752933599,24.9843712875504
桃園市中壢區文化里6鄰松江南路11號,68,6800200,6800200-034,6鄰,松江南路,,,,,,11號,121.247642789073,24.9844379085862
桃園市中壢區文化里6鄰松江南路11之2號,68,6800200,6800200-034,6鄰,松江南路,,,,,,11之2號,121.247989836659,24.9848606698958
桃園市中壢區文化里6鄰松江南路13號,68,6800200,6800200-034,6鄰,松江南路,,,,,,13號,121.248100814186,24.9852728997822
