FULL_ADDR,COUNTY,TOWN,VILLAGE,NEIGHBORHOOD,ROAD,SECTION,LANE,ALLEY,SUB_ALLEY,TONG,NUMBER,X,Y
桃園市龜山區樂善里11鄰樂安街1號,68,6800700,6800700-010,11鄰,樂安街,,,,,,1號,121.381494680651,25.052582672087
桃園市龜山區樂善里11鄰樂安街1之1號,68,6800700,6800700-010,11鄰,樂安街,,,,,,1之1號,121.381736125067,25.0524270377556
桃園市龜山區樂善里11鄰樂安街7之1號,68,6800700,6800700-010,11鄰,樂安街,,,,,,7之1號,121.382221616596,25.0520288197581
桃園市龜山區樂善里11鄰樂安街19號,68,6800700,6800700-010,11鄰,樂安街,,,,,,19號,121.381587559905,25.0522989483523
桃園市龜山區樂善里11鄰樂安街21之1號,68,6800700,6800700-010,11鄰,樂安街,,,,,,21之1號,121.381685211874,25.0522123879587
桃園市龜山區樂善里11鄰樂安街70號,68,6800700,6800700-010,11鄰,樂安街,,,,,,70號,121.382697034372,25.0516429947561
桃園市龜山區樂善里11鄰樂安街71號,68,6800700,6800700-010,11鄰,樂安街,,,,,,71號,121.382634906181,25.052381480148
