FULL_ADDR,COUNTY,TOWN,VILLAGE,NEIGHBORHOOD,ROAD,SECTION,LANE,ALLEY,SUB_ALLEY,TONG,NUMBER,X,Y
桃園市觀音區大潭里1鄰桃科三路2號,68,6801200,6801200-004,1鄰,桃科三路,,,,,,2號,121.071821993519,25.0346229011338
桃園市觀音區大潭里1鄰桃科三路221號,68,6801200,6801200-004,1鄰,桃科三路,,,,,,221號,121.069429097643,25.0384734490873
桃園市觀音區大潭里1鄰桃科三路300號,68,6801200,6801200-004,1鄰,桃科三路,,,,,,300號,121.069666393286,25.0399676170537
