FULL_ADDR,COUNTY,TOWN,VILLAGE,NEIGHBORHOOD,ROAD,SECTION,LANE,ALLEY,SUB_ALLEY,TONG,NUMBER,X,Y
桃園市龜山區文化里19鄰樂善二路68之1號,68,6800700,6800700-020,19鄰,樂善二路,,,,,,68之1號,121.380882191916,25.0477100128382
桃園市龜山區文桃里15鄰樂善二路289號,68,6800700,6800700-000,15鄰,樂善二路,,,,,,289號,121.386924136131,25.0465004206081
桃園市龜山區文桃里9鄰樂善二路341號,68,6800700,6800700-000,9鄰,樂善二路,,,,,,341號,121.388298581079,25.0462998393848
桃園市龜山區文桃里9鄰樂善二路341號十樓,68,6800700,6800700-000,9鄰,樂善二路,,,,,,341號十樓,121.388543215451,25.0464397687336
桃園市龜山區文桃里9鄰樂善二路341號二樓,68,6800700,6800700-000,9鄰,樂善二路,,,,,,341號二樓,121.388543215451,25.0464397687336
桃園市龜山區文桃里9鄰樂善二路341號三樓,68,6800700,6800700-000,9鄰,樂善二路,,,,,,341號三樓,121.388543215451,25.0464397687336
桃園市龜山區文桃里9鄰樂善二路341號四樓,68,6800700,6800700-000,9鄰,樂善二路,,,,,,341號四樓,121.388543215451,25.0464397687336
桃園市龜山區文桃里9鄰樂善二路341號五樓,68,6800700,6800700-000,9鄰,樂善二路,,,,,,341號五樓,121.388543215451,25.0464397687336
桃園市龜山區文桃里9鄰樂善二路341號六樓,68,6800700,6800700-000,9鄰,樂善二路,,,,,,341號六樓,121.388543215451,25.0464397687336
桃園市龜山區文桃里9鄰樂善二路341號七樓,68,6800700,6800700-000,9鄰,樂善二路,,,,,,341號七樓,121.388543215451,25.0464397687336
桃園市龜山區文桃里9鄰樂善二路341號八樓,68,6800700,6800700-000,9鄰,樂善二路,,,,,,341號八樓,121.388543215451,25.0464397687336
桃園市龜山區文桃里9鄰樂善二路341號九樓,68,6800700,6800700-000,9鄰,樂善二路,,,,,,341號九樓,121.388543215451,25.0464397687336
桃園市龜山區文桃里9鄰樂善二路341號十一樓,68,6800700,6800700-000,9鄰,樂善二路,,,,,,341號十一樓,121.388543215451,25.0464397687336
桃園市龜山區文桃里9鄰樂善二路341號十二樓,68,6800700,6800700-000,9鄰,樂善二路,,,,,,341號十二樓,121.388543215451,25.0464397687336
桃園市龜山區文桃里9鄰樂善二路341號十三樓,68,6800700,6800700-000,9鄰,樂善二路,,,,,,341號十三樓,121.388543215451,25.0464397687336
桃園市龜山區文桃里9鄰樂善二路341號十四樓,68,6800700,6800700-000,9鄰,樂善二路,,,,,,341號十四樓,121.388543215451,25.0464397687336
桃園市龜山區文桃里9鄰樂善二路341號十五樓,68,6800700,6800700-000,9鄰,樂善二路,,,,,,341號十五樓,121.388543215451,25.0464397687336
桃園市龜山區文桃里9鄰樂善二路341號十六樓,68,6800700,6800700-000,9鄰,樂善二路,,,,,,341號十六樓,121.388543215451,25.0464397687336
桃園市龜山區文桃里9鄰樂善二路341號十七樓,68,6800700,6800700-000,9鄰,樂善二路,,,,,,341號十七樓,121.388543215451,25.0464397687336
桃園市龜山區文桃里9鄰樂善二路341號十八樓,68,6800700,6800700-000,9鄰,樂善二路,,,,,,341號十八樓,121.388543215451,25.0464397687336
桃園市龜山區文桃里9鄰樂善二路341號十九樓,68,6800700,6800700-000,9鄰,樂善二路,,,,,,341號十九樓,121.388543215451,25.0464397687336
桃園市龜山區文桃里9鄰樂善二路341號二十樓,68,6800700,6800700-000,9鄰,樂善二路,,,,,,341號二十樓,121.388543215451,25.0464397687336
桃園市龜山區文桃里9鄰樂善二路341號二十一樓,68,6800700,6800700-000,9鄰,樂善二路,,,,,,341號二十一樓,121.388543215451,25.0464397687336
桃園市龜山區文桃里9鄰樂善二路341號二十二樓,68,6800700,6800700-000,9鄰,樂善二路,,,,,,341號二十二樓,121.388543215451,25.0464397687336
桃園市龜山區文桃里9鄰樂善二路341號二十三樓,68,6800700,6800700-000,9鄰,樂善二路,,,,,,341號二十三樓,121.388543215451,25.0464397687336
桃園市龜山區文桃里9鄰樂善二路341號二十四樓,68,6800700,6800700-000,9鄰,樂善二路,,,,,,341號二十四樓,121.388543215451,25.0464397687336
桃園市龜山區文桃里9鄰樂善二路341號二十五樓,68,6800700,6800700-000,9鄰,樂善二路,,,,,,341號二十五樓,121.388543215451,25.0464397687336
桃園市龜山區文桃里9鄰樂善二路343號,68,6800700,6800700-000,9鄰,樂善二路,,,,,,343號,121.388412235323,25.0462939448027
桃園市龜山區文桃里9鄰樂善二路343號十樓,68,6800700,6800700-000,9鄰,樂善二路,,,,,,343號十樓,121.388538832592,25.0463698117065
桃園市龜山區文桃里9鄰樂善二路343號二樓,68,6800700,6800700-000,9鄰,樂善二路,,,,,,343號二樓,121.388538832592,25.0463698117065
桃園市龜山區文桃里9鄰樂善二路343號三樓,68,6800700,6800700-000,9鄰,樂善二路,,,,,,343號三樓,121.388538832592,25.0463698117065
桃園市龜山區文桃里9鄰樂善二路343號四樓,68,6800700,6800700-000,9鄰,樂善二路,,,,,,343號四樓,121.388538832592,25.0463698117065
桃園市龜山區文桃里9鄰樂善二路343號五樓,68,6800700,6800700-000,9鄰,樂善二路,,,,,,343號五樓,121.388538832592,25.0463698117065
桃園市龜山區文桃里9鄰樂善二路343號六樓,68,6800700,6800700-000,9鄰,樂善二路,,,,,,343號六樓,121.388538832592,25.0463698117065
桃園市龜山區文桃里9鄰樂善二路343號七樓,68,6800700,6800700-000,9鄰,樂善二路,,,,,,343號七樓,121.388538832592,25.0463698117065
桃園市龜山區文桃里9鄰樂善二路343號八樓,68,6800700,6800700-000,9鄰,樂善二路,,,,,,343號八樓,121.388538832592,25.0463698117065
桃園市龜山區文桃里9鄰樂善二路343號九樓,68,6800700,6800700-000,9鄰,樂善二路,,,,,,343號九樓,121.388538832592,25.0463698117065
桃園市龜山區文桃里9鄰樂善二路343號十一樓,68,6800700,6800700-000,9鄰,樂善二路,,,,,,343號十一樓,121.388538832592,25.0463698117065
桃園市龜山區文桃里9鄰樂善二路343號十二樓,68,6800700,6800700-000,9鄰,樂善二路,,,,,,343號十二樓,121.388538832592,25.0463698117065
桃園市龜山區文桃里9鄰樂善二路343號十三樓,68,6800700,6800700-000,9鄰,樂善二路,,,,,,343號十三樓,121.388538832592,25.0463698117065
桃園市龜山區文桃里9鄰樂善二路343號十四樓,68,6800700,6800700-000,9鄰,樂善二路,,,,,,343號十四樓,121.388538832592,25.0463698117065
桃園市龜山區文桃里9鄰樂善二路343號十五樓,68,6800700,6800700-000,9鄰,樂善二路,,,,,,343號十五樓,121.388538832592,25.0463698117065
桃園市龜山區文桃里9鄰樂善二路343號十六樓,68,6800700,6800700-000,9鄰,樂善二路,,,,,,343號十六樓,121.388538832592,25.0463698117065
桃園市龜山區文桃里9鄰樂善二路343號十七樓,68,6800700,6800700-000,9鄰,樂善二路,,,,,,343號十七樓,121.388538832592,25.0463698117065
桃園市龜山區文桃里9鄰樂善二路343號十八樓,68,6800700,6800700-000,9鄰,樂善二路,,,,,,343號十八樓,121.388538832592,25.0463698117065
桃園市龜山區文桃里9鄰樂善二路343號十九樓,68,6800700,6800700-000,9鄰,樂善二路,,,,,,343號十九樓,121.388538832592,25.0463698117065
桃園市龜山區文桃里9鄰樂善二路343號二十樓,68,6800700,6800700-000,9鄰,樂善二路,,,,,,343號二十樓,121.388538832592,25.0463698117065
桃園市龜山區文桃里9鄰樂善二路343號二十一樓,68,6800700,6800700-000,9鄰,樂善二路,,,,,,343號二十一樓,121.388538832592,25.0463698117065
桃園市龜山區文桃里9鄰樂善二路343號二十二樓,68,6800700,6800700-000,9鄰,樂善二路,,,,,,343號二十二樓,121.388538832592,25.0463698117065
桃園市龜山區文桃里9鄰樂善二路343號二十三樓,68,6800700,6800700-000,9鄰,樂善二路,,,,,,343號二十三樓,121.388538832592,25.0463698117065
桃園市龜山區文桃里9鄰樂善二路343號二十四樓,68,6800700,6800700-000,9鄰,樂善二路,,,,,,343號二十四樓,121.388538832592,25.0463698117065
桃園市龜山區文桃里9鄰樂善二路343號二十五樓,68,6800700,6800700-000,9鄰,樂善二路,,,,,,343號二十五樓,121.388538832592,25.0463698117065
桃園市龜山區文桃里9鄰樂善二路345號,68,6800700,6800700-000,9鄰,樂善二路,,,,,,345號,121.388513111445,25.0462900697533
桃園市龜山區文桃里9鄰樂善二路345號十樓,68,6800700,6800700-000,9鄰,樂善二路,,,,,,345號十樓,121.388476694005,25.0463697936428
桃園市龜山區文桃里9鄰樂善二路345號二樓,68,6800700,6800700-000,9鄰,樂善二路,,,,,,345號二樓,121.388476694005,25.0463697936428
桃園市龜山區文桃里9鄰樂善二路345號三樓,68,6800700,6800700-000,9鄰,樂善二路,,,,,,345號三樓,121.388476694005,25.0463697936428
桃園市龜山區文桃里9鄰樂善二路345號四樓,68,6800700,6800700-000,9鄰,樂善二路,,,,,,345號四樓,121.388476694005,25.0463697936428
桃園市龜山區文桃里9鄰樂善二路345號五樓,68,6800700,6800700-000,9鄰,樂善二路,,,,,,345號五樓,121.388476694005,25.0463697936428
桃園市龜山區文桃里9鄰樂善二路345號六樓,68,6800700,6800700-000,9鄰,樂善二路,,,,,,345號六樓,121.388476694005,25.0463697936428
桃園市龜山區文桃里9鄰樂善二路345號七樓,68,6800700,6800700-000,9鄰,樂善二路,,,,,,345號七樓,121.388476694005,25.0463697936428
桃園市龜山區文桃里9鄰樂善二路345號八樓,68,6800700,6800700-000,9鄰,樂善二路,,,,,,345號八樓,121.388476694005,25.0463697936428
桃園市龜山區文桃里9鄰樂善二路345號九樓,68,6800700,6800700-000,9鄰,樂善二路,,,,,,345號九樓,121.388476694005,25.0463697936428
桃園市龜山區文桃里9鄰樂善二路345號十一樓,68,6800700,6800700-000,9鄰,樂善二路,,,,,,345號十一樓,121.388476694005,25.0463697936428
桃園市龜山區文桃里9鄰樂善二路345號十二樓,68,6800700,6800700-000,9鄰,樂善二路,,,,,,345號十二樓,121.388476694005,25.0463697936428
桃園市龜山區文桃里9鄰樂善二路345號十三樓,68,6800700,6800700-000,9鄰,樂善二路,,,,,,345號十三樓,121.388476694005,25.0463697936428
桃園市龜山區文桃里9鄰樂善二路345號十四樓,68,6800700,6800700-000,9鄰,樂善二路,,,,,,345號十四樓,121.388476694005,25.0463697936428
桃園市龜山區文桃里9鄰樂善二路345號十五樓,68,6800700,6800700-000,9鄰,樂善二路,,,,,,345號十五樓,121.388476694005,25.0463697936428
桃園市龜山區文桃里9鄰樂善二路345號十六樓,68,6800700,6800700-000,9鄰,樂善二路,,,,,,345號十六樓,121.388476694005,25.0463697936428
桃園市龜山區文桃里9鄰樂善二路345號十七樓,68,6800700,6800700-000,9鄰,樂善二路,,,,,,345號十七樓,121.388476694005,25.0463697936428
桃園市龜山區文桃里9鄰樂善二路345號十八樓,68,6800700,6800700-000,9鄰,樂善二路,,,,,,345號十八樓,121.388476694005,25.0463697936428
桃園市龜山區文桃里9鄰樂善二路345號十九樓,68,6800700,6800700-000,9鄰,樂善二路,,,,,,345號十九樓,121.388476694005,25.0463697936428
桃園市龜山區文桃里9鄰樂善二路345號二十樓,68,6800700,6800700-000,9鄰,樂善二路,,,,,,345號二十樓,121.388476694005,25.0463697936428
桃園市龜山區文桃里9鄰樂善二路345號二十一樓,68,6800700,6800700-000,9鄰,樂善二路,,,,,,345號二十一樓,121.388476694005,25.0463697936428
桃園市龜山區文桃里9鄰樂善二路345號二十二樓,68,6800700,6800700-000,9鄰,樂善二路,,,,,,345號二十二樓,121.388476694005,25.0463697936428
桃園市龜山區文桃里9鄰樂善二路345號二十三樓,68,6800700,6800700-000,9鄰,樂善二路,,,,,,345號二十三樓,121.388476694005,25.0463697936428
桃園市龜山區文桃里9鄰樂善二路345號二十四樓,68,6800700,6800700-000,9鄰,樂善二路,,,,,,345號二十四樓,121.388476694005,25.0463697936428
桃園市龜山區文桃里9鄰樂善二路345號二十五樓,68,6800700,6800700-000,9鄰,樂善二路,,,,,,345號二十五樓,121.388476694005,25.0463697936428
桃園市龜山區文桃里9鄰樂善二路347號,68,6800700,6800700-000,9鄰,樂善二路,,,,,,347號,121.388401578805,25.0463717054003
桃園市龜山區文桃里9鄰樂善二路347號十樓,68,6800700,6800700-000,9鄰,樂善二路,,,,,,347號十樓,121.388401578805,25.0463717054003
桃園市龜山區文桃里9鄰樂善二路347號二樓,68,6800700,6800700-000,9鄰,樂善二路,,,,,,347號二樓,121.388401578805,25.0463717054003
桃園市龜山區文桃里9鄰樂善二路347號三樓,68,6800700,6800700-000,9鄰,樂善二路,,,,,,347號三樓,121.388401578805,25.0463717054003
桃園市龜山區文桃里9鄰樂善二路347號四樓,68,6800700,6800700-000,9鄰,樂善二路,,,,,,347號四樓,121.388401578805,25.0463717054003
桃園市龜山區文桃里9鄰樂善二路347號五樓,68,6800700,6800700-000,9鄰,樂善二路,,,,,,347號五樓,121.388401578805,25.0463717054003
桃園市龜山區文桃里9鄰樂善二路347號六樓,68,6800700,6800700-000,9鄰,樂善二路,,,,,,347號六樓,121.388401578805,25.0463717054003
桃園市龜山區文桃里9鄰樂善二路347號七樓,68,6800700,6800700-000,9鄰,樂善二路,,,,,,347號七樓,121.388401578805,25.0463717054003
桃園市龜山區文桃里9鄰樂善二路347號八樓,68,6800700,6800700-000,9鄰,樂善二路,,,,,,347號八樓,121.388401578805,25.0463717054003
桃園市龜山區文桃里9鄰樂善二路347號九樓,68,6800700,6800700-000,9鄰,樂善二路,,,,,,347號九樓,121.388401578805,25.0463717054003
桃園市龜山區文桃里9鄰樂善二路347號十一樓,68,6800700,6800700-000,9鄰,樂善二路,,,,,,347號十一樓,121.388401578805,25.0463717054003
桃園市龜山區文桃里9鄰樂善二路347號十二樓,68,6800700,6800700-000,9鄰,樂善二路,,,,,,347號十二樓,121.388401578805,25.0463717054003
桃園市龜山區文桃里9鄰樂善二路347號十三樓,68,6800700,6800700-000,9鄰,樂善二路,,,,,,347號十三樓,121.388401578805,25.0463717054003
桃園市龜山區文桃里9鄰樂善二路347號十四樓,68,6800700,6800700-000,9鄰,樂善二路,,,,,,347號十四樓,121.388401578805,25.0463717054003
桃園市龜山區文桃里9鄰樂善二路347號十五樓,68,6800700,6800700-000,9鄰,樂善二路,,,,,,347號十五樓,121.388401578805,25.0463717054003
桃園市龜山區文桃里9鄰樂善二路347號十六樓,68,6800700,6800700-000,9鄰,樂善二路,,,,,,347號十六樓,121.388401578805,25.0463717054003
桃園市龜山區文桃里9鄰樂善二路347號十七樓,68,6800700,6800700-000,9鄰,樂善二路,,,,,,347號十七樓,121.388401578805,25.0463717054003
桃園市龜山區文桃里9鄰樂善二路347號十八樓,68,6800700,6800700-000,9鄰,樂善二路,,,,,,347號十八樓,121.388401578805,25.0463717054003
桃園市龜山區文桃里9鄰樂善二路347號十九樓,68,6800700,6800700-000,9鄰,樂善二路,,,,,,347號十九樓,121.388401578805,25.0463717054003
桃園市龜山區文桃里9鄰樂善二路347號二十樓,68,6800700,6800700-000,9鄰,樂善二路,,,,,,347號二十樓,121.388401578805,25.0463717054003
桃園市龜山區文桃里9鄰樂善二路347號二十一樓,68,6800700,6800700-000,9鄰,樂善二路,,,,,,347號二十一樓,121.388401578805,25.0463717054003
桃園市龜山區文桃里9鄰樂善二路347號二十二樓,68,6800700,6800700-000,9鄰,樂善二路,,,,,,347號二十二樓,121.388401578805,25.0463717054003
桃園市龜山區文桃里9鄰樂善二路347號二十三樓,68,6800700,6800700-000,9鄰,樂善二路,,,,,,347號二十三樓,121.388401578805,25.0463717054003
桃園市龜山區文桃里9鄰樂善二路347號二十四樓,68,6800700,6800700-000,9鄰,樂善二路,,,,,,347號二十四樓,121.388401578805,25.0463717054003
桃園市龜山區文桃里9鄰樂善二路347號二十五樓,68,6800700,6800700-000,9鄰,樂善二路,,,,,,347號二十五樓,121.388401578805,25.0463717054003
桃園市龜山區文桃里9鄰樂善二路349號十樓,68,6800700,6800700-000,9鄰,樂善二路,,,,,,349號十樓,121.388311406096,25.0463756426802
桃園市龜山區文桃里9鄰樂善二路349號二樓,68,6800700,6800700-000,9鄰,樂善二路,,,,,,349號二樓,121.388311406096,25.0463756426802
桃園市龜山區文桃里9鄰樂善二路349號四樓,68,6800700,6800700-000,9鄰,樂善二路,,,,,,349號四樓,121.388311406096,25.0463756426802
桃園市龜山區文桃里9鄰樂善二路349號五樓,68,6800700,6800700-000,9鄰,樂善二路,,,,,,349號五樓,121.388311406096,25.0463756426802
桃園市龜山區文桃里9鄰樂善二路349號六樓,68,6800700,6800700-000,9鄰,樂善二路,,,,,,349號六樓,121.388311406096,25.0463756426802
桃園市龜山區文桃里9鄰樂善二路349號七樓,68,6800700,6800700-000,9鄰,樂善二路,,,,,,349號七樓,121.388311406096,25.0463756426802
桃園市龜山區文桃里9鄰樂善二路349號八樓,68,6800700,6800700-000,9鄰,樂善二路,,,,,,349號八樓,121.388311406096,25.0463756426802
桃園市龜山區文桃里9鄰樂善二路349號九樓,68,6800700,6800700-000,9鄰,樂善二路,,,,,,349號九樓,121.388311406096,25.0463756426802
桃園市龜山區文桃里9鄰樂善二路349號十一樓,68,6800700,6800700-000,9鄰,樂善二路,,,,,,349號十一樓,121.388311406096,25.0463756426802
桃園市龜山區文桃里9鄰樂善二路349號十二樓,68,6800700,6800700-000,9鄰,樂善二路,,,,,,349號十二樓,121.388311406096,25.0463756426802
桃園市龜山區文桃里9鄰樂善二路349號十三樓,68,6800700,6800700-000,9鄰,樂善二路,,,,,,349號十三樓,121.388311406096,25.0463756426802
桃園市龜山區文桃里9鄰樂善二路349號十四樓,68,6800700,6800700-000,9鄰,樂善二路,,,,,,349號十四樓,121.388311406096,25.0463756426802
桃園市龜山區文桃里9鄰樂善二路349號十五樓,68,6800700,6800700-000,9鄰,樂善二路,,,,,,349號十五樓,121.388311406096,25.0463756426802
桃園市龜山區文桃里9鄰樂善二路349號十六樓,68,6800700,6800700-000,9鄰,樂善二路,,,,,,349號十六樓,121.388311406096,25.0463756426802
桃園市龜山區文桃里9鄰樂善二路349號十七樓,68,6800700,6800700-000,9鄰,樂善二路,,,,,,349號十七樓,121.388311406096,25.0463756426802
桃園市龜山區文桃里9鄰樂善二路349號十八樓,68,6800700,6800700-000,9鄰,樂善二路,,,,,,349號十八樓,121.388311406096,25.0463756426802
桃園市龜山區文桃里9鄰樂善二路349號十九樓,68,6800700,6800700-000,9鄰,樂善二路,,,,,,349號十九樓,121.388311406096,25.0463756426802
桃園市龜山區文桃里9鄰樂善二路349號二十樓,68,6800700,6800700-000,9鄰,樂善二路,,,,,,349號二十樓,121.388311406096,25.0463756426802
桃園市龜山區文桃里9鄰樂善二路349號二十一樓,68,6800700,6800700-000,9鄰,樂善二路,,,,,,349號二十一樓,121.388311406096,25.0463756426802
桃園市龜山區文桃里9鄰樂善二路349號二十二樓,68,6800700,6800700-000,9鄰,樂善二路,,,,,,349號二十二樓,121.388311406096,25.0463756426802
桃園市龜山區文桃里9鄰樂善二路349號二十三樓,68,6800700,6800700-000,9鄰,樂善二路,,,,,,349號二十三樓,121.388311406096,25.0463756426802
桃園市龜山區文桃里9鄰樂善二路349號二十四樓,68,6800700,6800700-000,9鄰,樂善二路,,,,,,349號二十四樓,121.388311406096,25.0463756426802
桃園市龜山區文桃里9鄰樂善二路349號二十五樓,68,6800700,6800700-000,9鄰,樂善二路,,,,,,349號二十五樓,121.388311406096,25.0463756426802
桃園市龜山區文桃里9鄰樂善二路351號十樓,68,6800700,6800700-000,9鄰,樂善二路,,,,,,351號十樓,121.388317851807,25.0464398162802
桃園市龜山區文桃里9鄰樂善二路351號二樓,68,6800700,6800700-000,9鄰,樂善二路,,,,,,351號二樓,121.388317851807,25.0464398162802
桃園市龜山區文桃里9鄰樂善二路351號四樓,68,6800700,6800700-000,9鄰,樂善二路,,,,,,351號四樓,121.388317851807,25.0464398162802
桃園市龜山區文桃里9鄰樂善二路351號五樓,68,6800700,6800700-000,9鄰,樂善二路,,,,,,351號五樓,121.388317851807,25.0464398162802
桃園市龜山區文桃里9鄰樂善二路351號六樓,68,6800700,6800700-000,9鄰,樂善二路,,,,,,351號六樓,121.388317851807,25.0464398162802
桃園市龜山區文桃里9鄰樂善二路351號七樓,68,6800700,6800700-000,9鄰,樂善二路,,,,,,351號七樓,121.388317851807,25.0464398162802
桃園市龜山區文桃里9鄰樂善二路351號八樓,68,6800700,6800700-000,9鄰,樂善二路,,,,,,351號八樓,121.388317851807,25.0464398162802
桃園市龜山區文桃里9鄰樂善二路351號九樓,68,6800700,6800700-000,9鄰,樂善二路,,,,,,351號九樓,121.388317851807,25.0464398162802
桃園市龜山區文桃里9鄰樂善二路351號十一樓,68,6800700,6800700-000,9鄰,樂善二路,,,,,,351號十一樓,121.388317851807,25.0464398162802
桃園市龜山區文桃里9鄰樂善二路351號十二樓,68,6800700,6800700-000,9鄰,樂善二路,,,,,,351號十二樓,121.388317851807,25.0464398162802
桃園市龜山區文桃里9鄰樂善二路351號十三樓,68,6800700,6800700-000,9鄰,樂善二路,,,,,,351號十三樓,121.388317851807,25.0464398162802
桃園市龜山區文桃里9鄰樂善二路351號十四樓,68,6800700,6800700-000,9鄰,樂善二路,,,,,,351號十四樓,121.388317851807,25.0464398162802
桃園市龜山區文桃里9鄰樂善二路351號十五樓,68,6800700,6800700-000,9鄰,樂善二路,,,,,,351號十五樓,121.388317851807,25.0464398162802
桃園市龜山區文桃里9鄰樂善二路351號十六樓,68,6800700,6800700-000,9鄰,樂善二路,,,,,,351號十六樓,121.388317851807,25.0464398162802
桃園市龜山區文桃里9鄰樂善二路351號十七樓,68,6800700,6800700-000,9鄰,樂善二路,,,,,,351號十七樓,121.388317851807,25.0464398162802
桃園市龜山區文桃里9鄰樂善二路351號十八樓,68,6800700,6800700-000,9鄰,樂善二路,,,,,,351號十八樓,121.388317851807,25.0464398162802
桃園市龜山區文桃里9鄰樂善二路351號十九樓,68,6800700,6800700-000,9鄰,樂善二路,,,,,,351號十九樓,121.388317851807,25.0464398162802
桃園市龜山區文桃里9鄰樂善二路351號二十樓,68,6800700,6800700-000,9鄰,樂善二路,,,,,,351號二十樓,121.388317851807,25.0464398162802
桃園市龜山區文桃里9鄰樂善二路353號十樓,68,6800700,6800700-000,9鄰,樂善二路,,,,,,353號十樓,121.388324303497,25.0465058857839
桃園市龜山區文桃里9鄰樂善二路353號四樓,68,6800700,6800700-000,9鄰,樂善二路,,,,,,353號四樓,121.388324303497,25.0465058857839
桃園市龜山區文桃里9鄰樂善二路353號五樓,68,6800700,6800700-000,9鄰,樂善二路,,,,,,353號五樓,121.388324303497,25.0465058857839
桃園市龜山區文桃里9鄰樂善二路353號六樓,68,6800700,6800700-000,9鄰,樂善二路,,,,,,353號六樓,121.388324303497,25.0465058857839
桃園市龜山區文桃里9鄰樂善二路353號七樓,68,6800700,6800700-000,9鄰,樂善二路,,,,,,353號七樓,121.388324303497,25.0465058857839
桃園市龜山區文桃里9鄰樂善二路353號八樓,68,6800700,6800700-000,9鄰,樂善二路,,,,,,353號八樓,121.388324303497,25.0465058857839
桃園市龜山區文桃里9鄰樂善二路353號九樓,68,6800700,6800700-000,9鄰,樂善二路,,,,,,353號九樓,121.388324303497,25.0465058857839
桃園市龜山區文桃里9鄰樂善二路353號十一樓,68,6800700,6800700-000,9鄰,樂善二路,,,,,,353號十一樓,121.388324303497,25.0465058857839
桃園市龜山區文桃里9鄰樂善二路353號十二樓,68,6800700,6800700-000,9鄰,樂善二路,,,,,,353號十二樓,121.388324303497,25.0465058857839
桃園市龜山區文桃里9鄰樂善二路353號十三樓,68,6800700,6800700-000,9鄰,樂善二路,,,,,,353號十三樓,121.388324303497,25.0465058857839
桃園市龜山區文桃里9鄰樂善二路355號十樓,68,6800700,6800700-000,9鄰,樂善二路,,,,,,355號十樓,121.388427254718,25.0465000191649
桃園市龜山區文桃里9鄰樂善二路355號四樓,68,6800700,6800700-000,9鄰,樂善二路,,,,,,355號四樓,121.388427254718,25.0465000191649
桃園市龜山區文桃里9鄰樂善二路355號五樓,68,6800700,6800700-000,9鄰,樂善二路,,,,,,355號五樓,121.388427254718,25.0465000191649
桃園市龜山區文桃里9鄰樂善二路355號六樓,68,6800700,6800700-000,9鄰,樂善二路,,,,,,355號六樓,121.388427254718,25.0465000191649
桃園市龜山區文桃里9鄰樂善二路355號七樓,68,6800700,6800700-000,9鄰,樂善二路,,,,,,355號七樓,121.388427254718,25.0465000191649
桃園市龜山區文桃里9鄰樂善二路355號八樓,68,6800700,6800700-000,9鄰,樂善二路,,,,,,355號八樓,121.388427254718,25.0465000191649
桃園市龜山區文桃里9鄰樂善二路355號九樓,68,6800700,6800700-000,9鄰,樂善二路,,,,,,355號九樓,121.388427254718,25.0465000191649
桃園市龜山區文桃里9鄰樂善二路355號十一樓,68,6800700,6800700-000,9鄰,樂善二路,,,,,,355號十一樓,121.388427254718,25.0465000191649
桃園市龜山區文桃里9鄰樂善二路355號十二樓,68,6800700,6800700-000,9鄰,樂善二路,,,,,,355號十二樓,121.388427254718,25.0465000191649
桃園市龜山區文桃里9鄰樂善二路355號十三樓,68,6800700,6800700-000,9鄰,樂善二路,,,,,,355號十三樓,121.388427254718,25.0465000191649
桃園市龜山區文桃里9鄰樂善二路357號,68,6800700,6800700-000,9鄰,樂善二路,,,,,,357號,121.38853245678,25.0466108811114
桃園市龜山區文桃里9鄰樂善二路357號十樓,68,6800700,6800700-000,9鄰,樂善二路,,,,,,357號十樓,121.38853245678,25.0466108811114
桃園市龜山區文桃里9鄰樂善二路357號二樓,68,6800700,6800700-000,9鄰,樂善二路,,,,,,357號二樓,121.38853245678,25.0466108811114
桃園市龜山區文桃里9鄰樂善二路357號四樓,68,6800700,6800700-000,9鄰,樂善二路,,,,,,357號四樓,121.38853245678,25.0466108811114
桃園市龜山區文桃里9鄰樂善二路357號五樓,68,6800700,6800700-000,9鄰,樂善二路,,,,,,357號五樓,121.38853245678,25.0466108811114
桃園市龜山區文桃里9鄰樂善二路357號六樓,68,6800700,6800700-000,9鄰,樂善二路,,,,,,357號六樓,121.38853245678,25.0466108811114
桃園市龜山區文桃里9鄰樂善二路357號七樓,68,6800700,6800700-000,9鄰,樂善二路,,,,,,357號七樓,121.38853245678,25.0466108811114
桃園市龜山區文桃里9鄰樂善二路357號八樓,68,6800700,6800700-000,9鄰,樂善二路,,,,,,357號八樓,121.38853245678,25.0466108811114
桃園市龜山區文桃里9鄰樂善二路357號九樓,68,6800700,6800700-000,9鄰,樂善二路,,,,,,357號九樓,121.38853245678,25.0466108811114
桃園市龜山區文桃里9鄰樂善二路357號十一樓,68,6800700,6800700-000,9鄰,樂善二路,,,,,,357號十一樓,121.38853245678,25.0466108811114
桃園市龜山區文桃里9鄰樂善二路357號十二樓,68,6800700,6800700-000,9鄰,樂善二路,,,,,,357號十二樓,121.38853245678,25.0466108811114
桃園市龜山區文桃里9鄰樂善二路357號十三樓,68,6800700,6800700-000,9鄰,樂善二路,,,,,,357號十三樓,121.38853245678,25.0466108811114
桃園市龜山區文桃里9鄰樂善二路357號十四樓,68,6800700,6800700-000,9鄰,樂善二路,,,,,,357號十四樓,121.38853245678,25.0466108811114
桃園市龜山區文桃里9鄰樂善二路357號十五樓,68,6800700,6800700-000,9鄰,樂善二路,,,,,,357號十五樓,121.38853245678,25.0466108811114
桃園市龜山區文桃里9鄰樂善二路357號十六樓,68,6800700,6800700-000,9鄰,樂善二路,,,,,,357號十六樓,121.38853245678,25.0466108811114
桃園市龜山區文桃里9鄰樂善二路357號十七樓,68,6800700,6800700-000,9鄰,樂善二路,,,,,,357號十七樓,121.38853245678,25.0466108811114
桃園市龜山區文桃里9鄰樂善二路357號十八樓,68,6800700,6800700-000,9鄰,樂善二路,,,,,,357號十八樓,121.38853245678,25.0466108811114
桃園市龜山區文桃里9鄰樂善二路357號十九樓,68,6800700,6800700-000,9鄰,樂善二路,,,,,,357號十九樓,121.38853245678,25.0466108811114
桃園市龜山區文桃里9鄰樂善二路357號二十樓,68,6800700,6800700-000,9鄰,樂善二路,,,,,,357號二十樓,121.38853245678,25.0466108811114
桃園市龜山區文桃里9鄰樂善二路357號二十一樓,68,6800700,6800700-000,9鄰,樂善二路,,,,,,357號二十一樓,121.38853245678,25.0466108811114
桃園市龜山區文桃里9鄰樂善二路357號二十二樓,68,6800700,6800700-000,9鄰,樂善二路,,,,,,357號二十二樓,121.38853245678,25.0466108811114
桃園市龜山區文桃里9鄰樂善二路357號二十三樓,68,6800700,6800700-000,9鄰,樂善二路,,,,,,357號二十三樓,121.38853245678,25.0466108811114
桃園市龜山區文桃里9鄰樂善二路357號二十四樓,68,6800700,6800700-000,9鄰,樂善二路,,,,,,357號二十四樓,121.38853245678,25.0466108811114
桃園市龜山區文桃里9鄰樂善二路357號二十五樓,68,6800700,6800700-000,9鄰,樂善二路,,,,,,357號二十五樓,121.38853245678,25.0466108811114
桃園市龜山區文桃里9鄰樂善二路359號十樓,68,6800700,6800700-000,9鄰,樂善二路,,,,,,359號十樓,121.388538914854,25.0466789367887
桃園市龜山區文桃里9鄰樂善二路359號二樓,68,6800700,6800700-000,9鄰,樂善二路,,,,,,359號二樓,121.388538914854,25.0466789367887
桃園市龜山區文桃里9鄰樂善二路359號四樓,68,6800700,6800700-000,9鄰,樂善二路,,,,,,359號四樓,121.388538914854,25.0466789367887
桃園市龜山區文桃里9鄰樂善二路359號五樓,68,6800700,6800700-000,9鄰,樂善二路,,,,,,359號五樓,121.388538914854,25.0466789367887
桃園市龜山區文桃里9鄰樂善二路359號六樓,68,6800700,6800700-000,9鄰,樂善二路,,,,,,359號六樓,121.388538914854,25.0466789367887
桃園市龜山區文桃里9鄰樂善二路359號七樓,68,6800700,6800700-000,9鄰,樂善二路,,,,,,359號七樓,121.388538914854,25.0466789367887
桃園市龜山區文桃里9鄰樂善二路359號八樓,68,6800700,6800700-000,9鄰,樂善二路,,,,,,359號八樓,121.388538914854,25.0466789367887
桃園市龜山區文桃里9鄰樂善二路359號九樓,68,6800700,6800700-000,9鄰,樂善二路,,,,,,359號九樓,121.388538914854,25.0466789367887
桃園市龜山區文桃里9鄰樂善二路359號十一樓,68,6800700,6800700-000,9鄰,樂善二路,,,,,,359號十一樓,121.388538914854,25.0466789367887
桃園市龜山區文桃里9鄰樂善二路359號十二樓,68,6800700,6800700-000,9鄰,樂善二路,,,,,,359號十二樓,121.388538914854,25.0466789367887
桃園市龜山區文桃里9鄰樂善二路359號十三樓,68,6800700,6800700-000,9鄰,樂善二路,,,,,,359號十三樓,121.388538914854,25.0466789367887
桃園市龜山區文桃里9鄰樂善二路359號十四樓,68,6800700,6800700-000,9鄰,樂善二路,,,,,,359號十四樓,121.388538914854,25.0466789367887
桃園市龜山區文桃里9鄰樂善二路359號十五樓,68,6800700,6800700-000,9鄰,樂善二路,,,,,,359號十五樓,121.388538914854,25.0466789367887
桃園市龜山區文桃里9鄰樂善二路359號十六樓,68,6800700,6800700-000,9鄰,樂善二路,,,,,,359號十六樓,121.388538914854,25.0466789367887
桃園市龜山區文桃里9鄰樂善二路359號十七樓,68,6800700,6800700-000,9鄰,樂善二路,,,,,,359號十七樓,121.388538914854,25.0466789367887
桃園市龜山區文桃里9鄰樂善二路359號十八樓,68,6800700,6800700-000,9鄰,樂善二路,,,,,,359號十八樓,121.388538914854,25.0466789367887
桃園市龜山區文桃里9鄰樂善二路359號十九樓,68,6800700,6800700-000,9鄰,樂善二路,,,,,,359號十九樓,121.388538914854,25.0466789367887
桃園市龜山區文桃里9鄰樂善二路359號二十樓,68,6800700,6800700-000,9鄰,樂善二路,,,,,,359號二十樓,121.388538914854,25.0466789367887
桃園市龜山區文桃里9鄰樂善二路359號二十一樓,68,6800700,6800700-000,9鄰,樂善二路,,,,,,359號二十一樓,121.388538914854,25.0466789367887
桃園市龜山區文桃里9鄰樂善二路359號二十二樓,68,6800700,6800700-000,9鄰,樂善二路,,,,,,359號二十二樓,121.388538914854,25.0466789367887
桃園市龜山區文桃里9鄰樂善二路359號二十三樓,68,6800700,6800700-000,9鄰,樂善二路,,,,,,359號二十三樓,121.388538914854,25.0466789367887
桃園市龜山區文桃里9鄰樂善二路359號二十四樓,68,6800700,6800700-000,9鄰,樂善二路,,,,,,359號二十四樓,121.388538914854,25.0466789367887
桃園市龜山區文桃里9鄰樂善二路359號二十五樓,68,6800700,6800700-000,9鄰,樂善二路,,,,,,359號二十五樓,121.388538914854,25.0466789367887
桃園市龜山區文桃里9鄰樂善二路361號十樓,68,6800700,6800700-000,9鄰,樂善二路,,,,,,361號十樓,121.388472328666,25.0466828124792
桃園市龜山區文桃里9鄰樂善二路361號二樓,68,6800700,6800700-000,9鄰,樂善二路,,,,,,361號二樓,121.388472328666,25.0466828124792
桃園市龜山區文桃里9鄰樂善二路361號四樓,68,6800700,6800700-000,9鄰,樂善二路,,,,,,361號四樓,121.388472328666,25.0466828124792
桃園市龜山區文桃里9鄰樂善二路361號五樓,68,6800700,6800700-000,9鄰,樂善二路,,,,,,361號五樓,121.388472328666,25.0466828124792
桃園市龜山區文桃里9鄰樂善二路361號六樓,68,6800700,6800700-000,9鄰,樂善二路,,,,,,361號六樓,121.388472328666,25.0466828124792
桃園市龜山區文桃里9鄰樂善二路361號七樓,68,6800700,6800700-000,9鄰,樂善二路,,,,,,361號七樓,121.388472328666,25.0466828124792
桃園市龜山區文桃里9鄰樂善二路361號八樓,68,6800700,6800700-000,9鄰,樂善二路,,,,,,361號八樓,121.388472328666,25.0466828124792
桃園市龜山區文桃里9鄰樂善二路361號九樓,68,6800700,6800700-000,9鄰,樂善二路,,,,,,361號九樓,121.388472328666,25.0466828124792
桃園市龜山區文桃里9鄰樂善二路361號十一樓,68,6800700,6800700-000,9鄰,樂善二路,,,,,,361號十一樓,121.388472328666,25.0466828124792
桃園市龜山區文桃里9鄰樂善二路361號十二樓,68,6800700,6800700-000,9鄰,樂善二路,,,,,,361號十二樓,121.388472328666,25.0466828124792
桃園市龜山區文桃里9鄰樂善二路361號十三樓,68,6800700,6800700-000,9鄰,樂善二路,,,,,,361號十三樓,121.388472328666,25.0466828124792
桃園市龜山區文桃里9鄰樂善二路361號十四樓,68,6800700,6800700-000,9鄰,樂善二路,,,,,,361號十四樓,121.388472328666,25.0466828124792
桃園市龜山區文桃里9鄰樂善二路361號十五樓,68,6800700,6800700-000,9鄰,樂善二路,,,,,,361號十五樓,121.388472328666,25.0466828124792
桃園市龜山區文桃里9鄰樂善二路361號十六樓,68,6800700,6800700-000,9鄰,樂善二路,,,,,,361號十六樓,121.388472328666,25.0466828124792
桃園市龜山區文桃里9鄰樂善二路361號十七樓,68,6800700,6800700-000,9鄰,樂善二路,,,,,,361號十七樓,121.388472328666,25.0466828124792
桃園市龜山區文桃里9鄰樂善二路361號十八樓,68,6800700,6800700-000,9鄰,樂善二路,,,,,,361號十八樓,121.388472328666,25.0466828124792
桃園市龜山區文桃里9鄰樂善二路361號十九樓,68,6800700,6800700-000,9鄰,樂善二路,,,,,,361號十九樓,121.388472328666,25.0466828124792
桃園市龜山區文桃里9鄰樂善二路361號二十樓,68,6800700,6800700-000,9鄰,樂善二路,,,,,,361號二十樓,121.388472328666,25.0466828124792
桃園市龜山區文桃里9鄰樂善二路361號二十一樓,68,6800700,6800700-000,9鄰,樂善二路,,,,,,361號二十一樓,121.388472328666,25.0466828124792
桃園市龜山區文桃里9鄰樂善二路361號二十二樓,68,6800700,6800700-000,9鄰,樂善二路,,,,,,361號二十二樓,121.388472328666,25.0466828124792
桃園市龜山區文桃里9鄰樂善二路361號二十三樓,68,6800700,6800700-000,9鄰,樂善二路,,,,,,361號二十三樓,121.388472328666,25.0466828124792
桃園市龜山區文桃里9鄰樂善二路361號二十四樓,68,6800700,6800700-000,9鄰,樂善二路,,,,,,361號二十四樓,121.388472328666,25.0466828124792
桃園市龜山區文桃里9鄰樂善二路361號二十五樓,68,6800700,6800700-000,9鄰,樂善二路,,,,,,361號二十五樓,121.388472328666,25.0466828124792
桃園市龜山區文桃里9鄰樂善二路363號十樓,68,6800700,6800700-000,9鄰,樂善二路,,,,,,363號十樓,121.388395144323,25.0466886117683
桃園市龜山區文桃里9鄰樂善二路363號二樓,68,6800700,6800700-000,9鄰,樂善二路,,,,,,363號二樓,121.388395144323,25.0466886117683
桃園市龜山區文桃里9鄰樂善二路363號四樓,68,6800700,6800700-000,9鄰,樂善二路,,,,,,363號四樓,121.388395144323,25.0466886117683
桃園市龜山區文桃里9鄰樂善二路363號五樓,68,6800700,6800700-000,9鄰,樂善二路,,,,,,363號五樓,121.388395144323,25.0466886117683
桃園市龜山區文桃里9鄰樂善二路363號六樓,68,6800700,6800700-000,9鄰,樂善二路,,,,,,363號六樓,121.388395144323,25.0466886117683
桃園市龜山區文桃里9鄰樂善二路363號七樓,68,6800700,6800700-000,9鄰,樂善二路,,,,,,363號七樓,121.388395144323,25.0466886117683
桃園市龜山區文桃里9鄰樂善二路363號八樓,68,6800700,6800700-000,9鄰,樂善二路,,,,,,363號八樓,121.388395144323,25.0466886117683
桃園市龜山區文桃里9鄰樂善二路363號九樓,68,6800700,6800700-000,9鄰,樂善二路,,,,,,363號九樓,121.388395144323,25.0466886117683
桃園市龜山區文桃里9鄰樂善二路363號十一樓,68,6800700,6800700-000,9鄰,樂善二路,,,,,,363號十一樓,121.388395144323,25.0466886117683
桃園市龜山區文桃里9鄰樂善二路363號十二樓,68,6800700,6800700-000,9鄰,樂善二路,,,,,,363號十二樓,121.388395144323,25.0466886117683
桃園市龜山區文桃里9鄰樂善二路363號十三樓,68,6800700,6800700-000,9鄰,樂善二路,,,,,,363號十三樓,121.388395144323,25.0466886117683
桃園市龜山區文桃里9鄰樂善二路363號十四樓,68,6800700,6800700-000,9鄰,樂善二路,,,,,,363號十四樓,121.388395144323,25.0466886117683
桃園市龜山區文桃里9鄰樂善二路363號十五樓,68,6800700,6800700-000,9鄰,樂善二路,,,,,,363號十五樓,121.388395144323,25.0466886117683
桃園市龜山區文桃里9鄰樂善二路363號十六樓,68,6800700,6800700-000,9鄰,樂善二路,,,,,,363號十六樓,121.388395144323,25.0466886117683
桃園市龜山區文桃里9鄰樂善二路363號十七樓,68,6800700,6800700-000,9鄰,樂善二路,,,,,,363號十七樓,121.388395144323,25.0466886117683
桃園市龜山區文桃里9鄰樂善二路363號十八樓,68,6800700,6800700-000,9鄰,樂善二路,,,,,,363號十八樓,121.388395144323,25.0466886117683
桃園市龜山區文桃里9鄰樂善二路363號十九樓,68,6800700,6800700-000,9鄰,樂善二路,,,,,,363號十九樓,121.388395144323,25.0466886117683
桃園市龜山區文桃里9鄰樂善二路363號二十樓,68,6800700,6800700-000,9鄰,樂善二路,,,,,,363號二十樓,121.388395144323,25.0466886117683
桃園市龜山區文桃里9鄰樂善二路363號二十一樓,68,6800700,6800700-000,9鄰,樂善二路,,,,,,363號二十一樓,121.388395144323,25.0466886117683
桃園市龜山區文桃里9鄰樂善二路363號二十二樓,68,6800700,6800700-000,9鄰,樂善二路,,,,,,363號二十二樓,121.388395144323,25.0466886117683
桃園市龜山區文桃里9鄰樂善二路363號二十三樓,68,6800700,6800700-000,9鄰,樂善二路,,,,,,363號二十三樓,121.388395144323,25.0466886117683
桃園市龜山區文桃里9鄰樂善二路363號二十四樓,68,6800700,6800700-000,9鄰,樂善二路,,,,,,363號二十四樓,121.388395144323,25.0466886117683
桃園市龜山區文桃里9鄰樂善二路363號二十五樓,68,6800700,6800700-000,9鄰,樂善二路,,,,,,363號二十五樓,121.388395144323,25.0466886117683
桃園市龜山區文桃里9鄰樂善二路365號十樓,68,6800700,6800700-000,9鄰,樂善二路,,,,,,365號十樓,121.388320035183,25.0466925096727
桃園市龜山區文桃里9鄰樂善二路365號二樓,68,6800700,6800700-000,9鄰,樂善二路,,,,,,365號二樓,121.388320035183,25.0466925096727
桃園市龜山區文桃里9鄰樂善二路365號四樓,68,6800700,6800700-000,9鄰,樂善二路,,,,,,365號四樓,121.388320035183,25.0466925096727
桃園市龜山區文桃里9鄰樂善二路365號五樓,68,6800700,6800700-000,9鄰,樂善二路,,,,,,365號五樓,121.388320035183,25.0466925096727
桃園市龜山區文桃里9鄰樂善二路365號六樓,68,6800700,6800700-000,9鄰,樂善二路,,,,,,365號六樓,121.388320035183,25.0466925096727
桃園市龜山區文桃里9鄰樂善二路365號七樓,68,6800700,6800700-000,9鄰,樂善二路,,,,,,365號七樓,121.388320035183,25.0466925096727
桃園市龜山區文桃里9鄰樂善二路365號八樓,68,6800700,6800700-000,9鄰,樂善二路,,,,,,365號八樓,121.388320035183,25.0466925096727
桃園市龜山區文桃里9鄰樂善二路365號九樓,68,6800700,6800700-000,9鄰,樂善二路,,,,,,365號九樓,121.388320035183,25.0466925096727
桃園市龜山區文桃里9鄰樂善二路365號十一樓,68,6800700,6800700-000,9鄰,樂善二路,,,,,,365號十一樓,121.388320035183,25.0466925096727
桃園市龜山區文桃里9鄰樂善二路365號十二樓,68,6800700,6800700-000,9鄰,樂善二路,,,,,,365號十二樓,121.388320035183,25.0466925096727
桃園市龜山區文桃里9鄰樂善二路365號十三樓,68,6800700,6800700-000,9鄰,樂善二路,,,,,,365號十三樓,121.388320035183,25.0466925096727
桃園市龜山區文桃里9鄰樂善二路365號十四樓,68,6800700,6800700-000,9鄰,樂善二路,,,,,,365號十四樓,121.388320035183,25.0466925096727
桃園市龜山區文桃里9鄰樂善二路365號十五樓,68,6800700,6800700-000,9鄰,樂善二路,,,,,,365號十五樓,121.388320035183,25.0466925096727
桃園市龜山區文桃里9鄰樂善二路365號十六樓,68,6800700,6800700-000,9鄰,樂善二路,,,,,,365號十六樓,121.388320035183,25.0466925096727
桃園市龜山區文桃里9鄰樂善二路365號十七樓,68,6800700,6800700-000,9鄰,樂善二路,,,,,,365號十七樓,121.388320035183,25.0466925096727
桃園市龜山區文桃里9鄰樂善二路365號十八樓,68,6800700,6800700-000,9鄰,樂善二路,,,,,,365號十八樓,121.388320035183,25.0466925096727
桃園市龜山區文桃里9鄰樂善二路365號十九樓,68,6800700,6800700-000,9鄰,樂善二路,,,,,,365號十九樓,121.388320035183,25.0466925096727
桃園市龜山區文桃里9鄰樂善二路365號二十樓,68,6800700,6800700-000,9鄰,樂善二路,,,,,,365號二十樓,121.388320035183,25.0466925096727
桃園市龜山區文桃里9鄰樂善二路365號二十一樓,68,6800700,6800700-000,9鄰,樂善二路,,,,,,365號二十一樓,121.388320035183,25.0466925096727
桃園市龜山區文桃里9鄰樂善二路365號二十二樓,68,6800700,6800700-000,9鄰,樂善二路,,,,,,365號二十二樓,121.388320035183,25.0466925096727
桃園市龜山區文桃里9鄰樂善二路365號二十三樓,68,6800700,6800700-000,9鄰,樂善二路,,,,,,365號二十三樓,121.388320035183,25.0466925096727
桃園市龜山區文桃里9鄰樂善二路365號二十四樓,68,6800700,6800700-000,9鄰,樂善二路,,,,,,365號二十四樓,121.388320035183,25.0466925096727
桃園市龜山區文桃里9鄰樂善二路365號二十五樓,68,6800700,6800700-000,9鄰,樂善二路,,,,,,365號二十五樓,121.388320035183,25.0466925096727
桃園市龜山區文桃里9鄰樂善二路367號十樓,68,6800700,6800700-000,9鄰,樂善二路,,,,,,367號十樓,121.388317900118,25.0466439435802
桃園市龜山區文桃里9鄰樂善二路367號二樓,68,6800700,6800700-000,9鄰,樂善二路,,,,,,367號二樓,121.388317900118,25.0466439435802
桃園市龜山區文桃里9鄰樂善二路367號四樓,68,6800700,6800700-000,9鄰,樂善二路,,,,,,367號四樓,121.388317900118,25.0466439435802
桃園市龜山區文桃里9鄰樂善二路367號五樓,68,6800700,6800700-000,9鄰,樂善二路,,,,,,367號五樓,121.388317900118,25.0466439435802
桃園市龜山區文桃里9鄰樂善二路367號六樓,68,6800700,6800700-000,9鄰,樂善二路,,,,,,367號六樓,121.388317900118,25.0466439435802
桃園市龜山區文桃里9鄰樂善二路367號七樓,68,6800700,6800700-000,9鄰,樂善二路,,,,,,367號七樓,121.388317900118,25.0466439435802
桃園市龜山區文桃里9鄰樂善二路367號八樓,68,6800700,6800700-000,9鄰,樂善二路,,,,,,367號八樓,121.388317900118,25.0466439435802
桃園市龜山區文桃里9鄰樂善二路367號九樓,68,6800700,6800700-000,9鄰,樂善二路,,,,,,367號九樓,121.388317900118,25.0466439435802
桃園市龜山區文桃里9鄰樂善二路367號十一樓,68,6800700,6800700-000,9鄰,樂善二路,,,,,,367號十一樓,121.388317900118,25.0466439435802
桃園市龜山區文桃里9鄰樂善二路367號十二樓,68,6800700,6800700-000,9鄰,樂善二路,,,,,,367號十二樓,121.388317900118,25.0466439435802
桃園市龜山區文桃里9鄰樂善二路367號十三樓,68,6800700,6800700-000,9鄰,樂善二路,,,,,,367號十三樓,121.388317900118,25.0466439435802
桃園市龜山區文桃里9鄰樂善二路367號十四樓,68,6800700,6800700-000,9鄰,樂善二路,,,,,,367號十四樓,121.388317900118,25.0466439435802
桃園市龜山區文桃里9鄰樂善二路367號十五樓,68,6800700,6800700-000,9鄰,樂善二路,,,,,,367號十五樓,121.388317900118,25.0466439435802
桃園市龜山區文桃里9鄰樂善二路367號十六樓,68,6800700,6800700-000,9鄰,樂善二路,,,,,,367號十六樓,121.388317900118,25.0466439435802
桃園市龜山區文桃里9鄰樂善二路367號十七樓,68,6800700,6800700-000,9鄰,樂善二路,,,,,,367號十七樓,121.388317900118,25.0466439435802
桃園市龜山區文桃里9鄰樂善二路367號十八樓,68,6800700,6800700-000,9鄰,樂善二路,,,,,,367號十八樓,121.388317900118,25.0466439435802
桃園市龜山區文桃里9鄰樂善二路367號十九樓,68,6800700,6800700-000,9鄰,樂善二路,,,,,,367號十九樓,121.388317900118,25.0466439435802
桃園市龜山區文桃里9鄰樂善二路367號二十樓,68,6800700,6800700-000,9鄰,樂善二路,,,,,,367號二十樓,121.388317900118,25.0466439435802
桃園市龜山區文桃里9鄰樂善二路369號十樓,68,6800700,6800700-000,9鄰,樂善二路,,,,,,369號十樓,121.388320020266,25.0465933801624
桃園市龜山區文桃里9鄰樂善二路369號四樓,68,6800700,6800700-000,9鄰,樂善二路,,,,,,369號四樓,121.388320020266,25.0465933801624
桃園市龜山區文桃里9鄰樂善二路369號五樓,68,6800700,6800700-000,9鄰,樂善二路,,,,,,369號五樓,121.388320020266,25.0465933801624
桃園市龜山區文桃里9鄰樂善二路369號六樓,68,6800700,6800700-000,9鄰,樂善二路,,,,,,369號六樓,121.388320020266,25.0465933801624
桃園市龜山區文桃里9鄰樂善二路369號七樓,68,6800700,6800700-000,9鄰,樂善二路,,,,,,369號七樓,121.388320020266,25.0465933801624
桃園市龜山區文桃里9鄰樂善二路369號八樓,68,6800700,6800700-000,9鄰,樂善二路,,,,,,369號八樓,121.388320020266,25.0465933801624
桃園市龜山區文桃里9鄰樂善二路369號九樓,68,6800700,6800700-000,9鄰,樂善二路,,,,,,369號九樓,121.388320020266,25.0465933801624
桃園市龜山區文桃里9鄰樂善二路369號十一樓,68,6800700,6800700-000,9鄰,樂善二路,,,,,,369號十一樓,121.388320020266,25.0465933801624
桃園市龜山區文桃里9鄰樂善二路369號十二樓,68,6800700,6800700-000,9鄰,樂善二路,,,,,,369號十二樓,121.388320020266,25.0465933801624
桃園市龜山區文桃里9鄰樂善二路369號十三樓,68,6800700,6800700-000,9鄰,樂善二路,,,,,,369號十三樓,121.388320020266,25.0465933801624
桃園市龜山區文桃里9鄰樂善二路371號十樓,68,6800700,6800700-000,9鄰,樂善二路,,,,,,371號十樓,121.388403664509,25.0465933420669
桃園市龜山區文桃里9鄰樂善二路371號四樓,68,6800700,6800700-000,9鄰,樂善二路,,,,,,371號四樓,121.388403664509,25.0465933420669
桃園市龜山區文桃里9鄰樂善二路371號五樓,68,6800700,6800700-000,9鄰,樂善二路,,,,,,371號五樓,121.388403664509,25.0465933420669
桃園市龜山區文桃里9鄰樂善二路371號六樓,68,6800700,6800700-000,9鄰,樂善二路,,,,,,371號六樓,121.388403664509,25.0465933420669
桃園市龜山區文桃里9鄰樂善二路371號七樓,68,6800700,6800700-000,9鄰,樂善二路,,,,,,371號七樓,121.388403664509,25.0465933420669
桃園市龜山區文桃里9鄰樂善二路371號八樓,68,6800700,6800700-000,9鄰,樂善二路,,,,,,371號八樓,121.388403664509,25.0465933420669
桃園市龜山區文桃里9鄰樂善二路371號九樓,68,6800700,6800700-000,9鄰,樂善二路,,,,,,371號九樓,121.388403664509,25.0465933420669
桃園市龜山區文桃里9鄰樂善二路371號十一樓,68,6800700,6800700-000,9鄰,樂善二路,,,,,,371號十一樓,121.388403664509,25.0465933420669
桃園市龜山區文桃里9鄰樂善二路371號十二樓,68,6800700,6800700-000,9鄰,樂善二路,,,,,,371號十二樓,121.388403664509,25.0465933420669
桃園市龜山區文桃里9鄰樂善二路371號十三樓,68,6800700,6800700-000,9鄰,樂善二路,,,,,,371號十三樓,121.388403664509,25.0465933420669
桃園市龜山區文桃里9鄰樂善二路373號,68,6800700,6800700-000,9鄰,樂善二路,,,,,,373號,121.388841423139,25.0465661054535
桃園市龜山區文桃里9鄰樂善二路373號十樓,68,6800700,6800700-000,9鄰,樂善二路,,,,,,373號十樓,121.388841423139,25.0465661054535
桃園市龜山區文桃里9鄰樂善二路373號二樓,68,6800700,6800700-000,9鄰,樂善二路,,,,,,373號二樓,121.388841423139,25.0465661054535
桃園市龜山區文桃里9鄰樂善二路373號四樓,68,6800700,6800700-000,9鄰,樂善二路,,,,,,373號四樓,121.388841423139,25.0465661054535
桃園市龜山區文桃里9鄰樂善二路373號五樓,68,6800700,6800700-000,9鄰,樂善二路,,,,,,373號五樓,121.388841423139,25.0465661054535
桃園市龜山區文桃里9鄰樂善二路373號六樓,68,6800700,6800700-000,9鄰,樂善二路,,,,,,373號六樓,121.388841423139,25.0465661054535
桃園市龜山區文桃里9鄰樂善二路373號七樓,68,6800700,6800700-000,9鄰,樂善二路,,,,,,373號七樓,121.388841423139,25.0465661054535
桃園市龜山區文桃里9鄰樂善二路373號八樓,68,6800700,6800700-000,9鄰,樂善二路,,,,,,373號八樓,121.388841423139,25.0465661054535
桃園市龜山區文桃里9鄰樂善二路373號九樓,68,6800700,6800700-000,9鄰,樂善二路,,,,,,373號九樓,121.388841423139,25.0465661054535
桃園市龜山區文桃里9鄰樂善二路373號十一樓,68,6800700,6800700-000,9鄰,樂善二路,,,,,,373號十一樓,121.388841423139,25.0465661054535
桃園市龜山區文桃里9鄰樂善二路373號十二樓,68,6800700,6800700-000,9鄰,樂善二路,,,,,,373號十二樓,121.388841423139,25.0465661054535
桃園市龜山區文桃里9鄰樂善二路373號十三樓,68,6800700,6800700-000,9鄰,樂善二路,,,,,,373號十三樓,121.388841423139,25.0465661054535
桃園市龜山區文桃里9鄰樂善二路373號十四樓,68,6800700,6800700-000,9鄰,樂善二路,,,,,,373號十四樓,121.388841423139,25.0465661054535
桃園市龜山區文桃里9鄰樂善二路373號十五樓,68,6800700,6800700-000,9鄰,樂善二路,,,,,,373號十五樓,121.388841423139,25.0465661054535
桃園市龜山區文桃里9鄰樂善二路373號十六樓,68,6800700,6800700-000,9鄰,樂善二路,,,,,,373號十六樓,121.388841423139,25.0465661054535
桃園市龜山區文桃里9鄰樂善二路373號十七樓,68,6800700,6800700-000,9鄰,樂善二路,,,,,,373號十七樓,121.388841423139,25.0465661054535
桃園市龜山區文桃里9鄰樂善二路373號十八樓,68,6800700,6800700-000,9鄰,樂善二路,,,,,,373號十八樓,121.388841423139,25.0465661054535
桃園市龜山區文桃里9鄰樂善二路373號十九樓,68,6800700,6800700-000,9鄰,樂善二路,,,,,,373號十九樓,121.388841423139,25.0465661054535
桃園市龜山區文桃里9鄰樂善二路373號二十樓,68,6800700,6800700-000,9鄰,樂善二路,,,,,,373號二十樓,121.388841423139,25.0465661054535
桃園市龜山區文桃里9鄰樂善二路373號二十一樓,68,6800700,6800700-000,9鄰,樂善二路,,,,,,373號二十一樓,121.388841423139,25.0465661054535
桃園市龜山區文桃里9鄰樂善二路373號二十二樓,68,6800700,6800700-000,9鄰,樂善二路,,,,,,373號二十二樓,121.388841423139,25.0465661054535
桃園市龜山區文桃里9鄰樂善二路373號二十三樓,68,6800700,6800700-000,9鄰,樂善二路,,,,,,373號二十三樓,121.388841423139,25.0465661054535
桃園市龜山區文桃里9鄰樂善二路373號二十四樓,68,6800700,6800700-000,9鄰,樂善二路,,,,,,373號二十四樓,121.388841423139,25.0465661054535
桃園市龜山區文桃里9鄰樂善二路373號二十五樓,68,6800700,6800700-000,9鄰,樂善二路,,,,,,373號二十五樓,121.388841423139,25.0465661054535
桃園市龜山區文桃里9鄰樂善二路375號十樓,68,6800700,6800700-000,9鄰,樂善二路,,,,,,375號十樓,121.388837134294,25.0466517039371
桃園市龜山區文桃里9鄰樂善二路375號二樓,68,6800700,6800700-000,9鄰,樂善二路,,,,,,375號二樓,121.388837134294,25.0466517039371
桃園市龜山區文桃里9鄰樂善二路375號四樓,68,6800700,6800700-000,9鄰,樂善二路,,,,,,375號四樓,121.388837134294,25.0466517039371
桃園市龜山區文桃里9鄰樂善二路375號五樓,68,6800700,6800700-000,9鄰,樂善二路,,,,,,375號五樓,121.388837134294,25.0466517039371
桃園市龜山區文桃里9鄰樂善二路375號六樓,68,6800700,6800700-000,9鄰,樂善二路,,,,,,375號六樓,121.388837134294,25.0466517039371
桃園市龜山區文桃里9鄰樂善二路375號七樓,68,6800700,6800700-000,9鄰,樂善二路,,,,,,375號七樓,121.388837134294,25.0466517039371
桃園市龜山區文桃里9鄰樂善二路375號八樓,68,6800700,6800700-000,9鄰,樂善二路,,,,,,375號八樓,121.388837134294,25.0466517039371
桃園市龜山區文桃里9鄰樂善二路375號九樓,68,6800700,6800700-000,9鄰,樂善二路,,,,,,375號九樓,121.388837134294,25.0466517039371
桃園市龜山區文桃里9鄰樂善二路375號十一樓,68,6800700,6800700-000,9鄰,樂善二路,,,,,,375號十一樓,121.388837134294,25.0466517039371
桃園市龜山區文桃里9鄰樂善二路375號十二樓,68,6800700,6800700-000,9鄰,樂善二路,,,,,,375號十二樓,121.388837134294,25.0466517039371
桃園市龜山區文桃里9鄰樂善二路375號十三樓,68,6800700,6800700-000,9鄰,樂善二路,,,,,,375號十三樓,121.388837134294,25.0466517039371
桃園市龜山區文桃里9鄰樂善二路375號十四樓,68,6800700,6800700-000,9鄰,樂善二路,,,,,,375號十四樓,121.388837134294,25.0466517039371
桃園市龜山區文桃里9鄰樂善二路375號十五樓,68,6800700,6800700-000,9鄰,樂善二路,,,,,,375號十五樓,121.388837134294,25.0466517039371
桃園市龜山區文桃里9鄰樂善二路375號十六樓,68,6800700,6800700-000,9鄰,樂善二路,,,,,,375號十六樓,121.388837134294,25.0466517039371
桃園市龜山區文桃里9鄰樂善二路375號十七樓,68,6800700,6800700-000,9鄰,樂善二路,,,,,,375號十七樓,121.388837134294,25.0466517039371
桃園市龜山區文桃里9鄰樂善二路375號十八樓,68,6800700,6800700-000,9鄰,樂善二路,,,,,,375號十八樓,121.388837134294,25.0466517039371
桃園市龜山區文桃里9鄰樂善二路375號十九樓,68,6800700,6800700-000,9鄰,樂善二路,,,,,,375號十九樓,121.388837134294,25.0466517039371
桃園市龜山區文桃里9鄰樂善二路375號二十樓,68,6800700,6800700-000,9鄰,樂善二路,,,,,,375號二十樓,121.388837134294,25.0466517039371
桃園市龜山區文桃里9鄰樂善二路375號二十一樓,68,6800700,6800700-000,9鄰,樂善二路,,,,,,375號二十一樓,121.388837134294,25.0466517039371
桃園市龜山區文桃里9鄰樂善二路375號二十二樓,68,6800700,6800700-000,9鄰,樂善二路,,,,,,375號二十二樓,121.388837134294,25.0466517039371
桃園市龜山區文桃里9鄰樂善二路375號二十三樓,68,6800700,6800700-000,9鄰,樂善二路,,,,,,375號二十三樓,121.388837134294,25.0466517039371
桃園市龜山區文桃里9鄰樂善二路375號二十四樓,68,6800700,6800700-000,9鄰,樂善二路,,,,,,375號二十四樓,121.388837134294,25.0466517039371
桃園市龜山區文桃里9鄰樂善二路375號二十五樓,68,6800700,6800700-000,9鄰,樂善二路,,,,,,375號二十五樓,121.388837134294,25.0466517039371
桃園市龜山區文桃里9鄰樂善二路377號十樓,68,6800700,6800700-000,9鄰,樂善二路,,,,,,377號十樓,121.388732002399,25.0466574862653
桃園市龜山區文桃里9鄰樂善二路377號二樓,68,6800700,6800700-000,9鄰,樂善二路,,,,,,377號二樓,121.388732002399,25.0466574862653
桃園市龜山區文桃里9鄰樂善二路377號四樓,68,6800700,6800700-000,9鄰,樂善二路,,,,,,377號四樓,121.388732002399,25.0466574862653
桃園市龜山區文桃里9鄰樂善二路377號五樓,68,6800700,6800700-000,9鄰,樂善二路,,,,,,377號五樓,121.388732002399,25.0466574862653
桃園市龜山區文桃里9鄰樂善二路377號六樓,68,6800700,6800700-000,9鄰,樂善二路,,,,,,377號六樓,121.388732002399,25.0466574862653
桃園市龜山區文桃里9鄰樂善二路377號七樓,68,6800700,6800700-000,9鄰,樂善二路,,,,,,377號七樓,121.388732002399,25.0466574862653
桃園市龜山區文桃里9鄰樂善二路377號八樓,68,6800700,6800700-000,9鄰,樂善二路,,,,,,377號八樓,121.388732002399,25.0466574862653
桃園市龜山區文桃里9鄰樂善二路377號九樓,68,6800700,6800700-000,9鄰,樂善二路,,,,,,377號九樓,121.388732002399,25.0466574862653
桃園市龜山區文桃里9鄰樂善二路377號十一樓,68,6800700,6800700-000,9鄰,樂善二路,,,,,,377號十一樓,121.388732002399,25.0466574862653
桃園市龜山區文桃里9鄰樂善二路377號十二樓,68,6800700,6800700-000,9鄰,樂善二路,,,,,,377號十二樓,121.388732002399,25.0466574862653
桃園市龜山區文桃里9鄰樂善二路377號十三樓,68,6800700,6800700-000,9鄰,樂善二路,,,,,,377號十三樓,121.388732002399,25.0466574862653
桃園市龜山區文桃里9鄰樂善二路377號十四樓,68,6800700,6800700-000,9鄰,樂善二路,,,,,,377號十四樓,121.388732002399,25.0466574862653
桃園市龜山區文桃里9鄰樂善二路377號十五樓,68,6800700,6800700-000,9鄰,樂善二路,,,,,,377號十五樓,121.388732002399,25.0466574862653
桃園市龜山區文桃里9鄰樂善二路377號十六樓,68,6800700,6800700-000,9鄰,樂善二路,,,,,,377號十六樓,121.388732002399,25.0466574862653
桃園市龜山區文桃里9鄰樂善二路377號十七樓,68,6800700,6800700-000,9鄰,樂善二路,,,,,,377號十七樓,121.388732002399,25.0466574862653
桃園市龜山區文桃里9鄰樂善二路377號十八樓,68,6800700,6800700-000,9鄰,樂善二路,,,,,,377號十八樓,121.388732002399,25.0466574862653
桃園市龜山區文桃里9鄰樂善二路377號十九樓,68,6800700,6800700-000,9鄰,樂善二路,,,,,,377號十九樓,121.388732002399,25.0466574862653
桃園市龜山區文桃里9鄰樂善二路377號二十樓,68,6800700,6800700-000,9鄰,樂善二路,,,,,,377號二十樓,121.388732002399,25.0466574862653
桃園市龜山區文桃里9鄰樂善二路377號二十一樓,68,6800700,6800700-000,9鄰,樂善二路,,,,,,377號二十一樓,121.388732002399,25.0466574862653
桃園市龜山區文桃里9鄰樂善二路377號二十二樓,68,6800700,6800700-000,9鄰,樂善二路,,,,,,377號二十二樓,121.388732002399,25.0466574862653
桃園市龜山區文桃里9鄰樂善二路377號二十三樓,68,6800700,6800700-000,9鄰,樂善二路,,,,,,377號二十三樓,121.388732002399,25.0466574862653
桃園市龜山區文桃里9鄰樂善二路377號二十四樓,68,6800700,6800700-000,9鄰,樂善二路,,,,,,377號二十四樓,121.388732002399,25.0466574862653
桃園市龜山區文桃里9鄰樂善二路377號二十五樓,68,6800700,6800700-000,9鄰,樂善二路,,,,,,377號二十五樓,121.388732002399,25.0466574862653
桃園市龜山區文桃里9鄰樂善二路379號十樓,68,6800700,6800700-000,9鄰,樂善二路,,,,,,379號十樓,121.388732042376,25.0465758713063
桃園市龜山區文桃里9鄰樂善二路379號四樓,68,6800700,6800700-000,9鄰,樂善二路,,,,,,379號四樓,121.388732042376,25.0465758713063
桃園市龜山區文桃里9鄰樂善二路379號五樓,68,6800700,6800700-000,9鄰,樂善二路,,,,,,379號五樓,121.388732042376,25.0465758713063
桃園市龜山區文桃里9鄰樂善二路379號六樓,68,6800700,6800700-000,9鄰,樂善二路,,,,,,379號六樓,121.388732042376,25.0465758713063
桃園市龜山區文桃里9鄰樂善二路379號七樓,68,6800700,6800700-000,9鄰,樂善二路,,,,,,379號七樓,121.388732042376,25.0465758713063
桃園市龜山區文桃里9鄰樂善二路379號八樓,68,6800700,6800700-000,9鄰,樂善二路,,,,,,379號八樓,121.388732042376,25.0465758713063
桃園市龜山區文桃里9鄰樂善二路379號九樓,68,6800700,6800700-000,9鄰,樂善二路,,,,,,379號九樓,121.388732042376,25.0465758713063
桃園市龜山區文桃里9鄰樂善二路379號十一樓,68,6800700,6800700-000,9鄰,樂善二路,,,,,,379號十一樓,121.388732042376,25.0465758713063
桃園市龜山區文桃里9鄰樂善二路379號十二樓,68,6800700,6800700-000,9鄰,樂善二路,,,,,,379號十二樓,121.388732042376,25.0465758713063
桃園市龜山區文桃里9鄰樂善二路379號十三樓,68,6800700,6800700-000,9鄰,樂善二路,,,,,,379號十三樓,121.388732042376,25.0465758713063
桃園市龜山區文桃里9鄰樂善二路379號十四樓,68,6800700,6800700-000,9鄰,樂善二路,,,,,,379號十四樓,121.388732042376,25.0465758713063
桃園市龜山區文桃里9鄰樂善二路379號十五樓,68,6800700,6800700-000,9鄰,樂善二路,,,,,,379號十五樓,121.388732042376,25.0465758713063
桃園市龜山區文桃里9鄰樂善二路379號十六樓,68,6800700,6800700-000,9鄰,樂善二路,,,,,,379號十六樓,121.388732042376,25.0465758713063
桃園市龜山區文桃里9鄰樂善二路379號十七樓,68,6800700,6800700-000,9鄰,樂善二路,,,,,,379號十七樓,121.388732042376,25.0465758713063
桃園市龜山區文桃里9鄰樂善二路379號十八樓,68,6800700,6800700-000,9鄰,樂善二路,,,,,,379號十八樓,121.388732042376,25.0465758713063
桃園市龜山區文桃里9鄰樂善二路379號十九樓,68,6800700,6800700-000,9鄰,樂善二路,,,,,,379號十九樓,121.388732042376,25.0465758713063
桃園市龜山區文桃里9鄰樂善二路379號二十樓,68,6800700,6800700-000,9鄰,樂善二路,,,,,,379號二十樓,121.388732042376,25.0465758713063
桃園市龜山區文桃里9鄰樂善二路379號二十一樓,68,6800700,6800700-000,9鄰,樂善二路,,,,,,379號二十一樓,121.388732042376,25.0465758713063
桃園市龜山區文桃里9鄰樂善二路379號二十二樓,68,6800700,6800700-000,9鄰,樂善二路,,,,,,379號二十二樓,121.388732042376,25.0465758713063
桃園市龜山區文桃里9鄰樂善二路379號二十三樓,68,6800700,6800700-000,9鄰,樂善二路,,,,,,379號二十三樓,121.388732042376,25.0465758713063
桃園市龜山區文桃里9鄰樂善二路379號二十四樓,68,6800700,6800700-000,9鄰,樂善二路,,,,,,379號二十四樓,121.388732042376,25.0465758713063
桃園市龜山區文桃里9鄰樂善二路379號二十五樓,68,6800700,6800700-000,9鄰,樂善二路,,,,,,379號二十五樓,121.388732042376,25.0465758713063
桃園市龜山區文桃里9鄰樂善二路381號十樓,68,6800700,6800700-000,9鄰,樂善二路,,,,,,381號十樓,121.389189081842,25.046377589266
桃園市龜山區文桃里9鄰樂善二路381號二樓,68,6800700,6800700-000,9鄰,樂善二路,,,,,,381號二樓,121.389189081842,25.046377589266
桃園市龜山區文桃里9鄰樂善二路381號四樓,68,6800700,6800700-000,9鄰,樂善二路,,,,,,381號四樓,121.389189081842,25.046377589266
桃園市龜山區文桃里9鄰樂善二路381號五樓,68,6800700,6800700-000,9鄰,樂善二路,,,,,,381號五樓,121.389189081842,25.046377589266
桃園市龜山區文桃里9鄰樂善二路381號六樓,68,6800700,6800700-000,9鄰,樂善二路,,,,,,381號六樓,121.389189081842,25.046377589266
桃園市龜山區文桃里9鄰樂善二路381號七樓,68,6800700,6800700-000,9鄰,樂善二路,,,,,,381號七樓,121.389189081842,25.046377589266
桃園市龜山區文桃里9鄰樂善二路381號八樓,68,6800700,6800700-000,9鄰,樂善二路,,,,,,381號八樓,121.389189081842,25.046377589266
桃園市龜山區文桃里9鄰樂善二路381號九樓,68,6800700,6800700-000,9鄰,樂善二路,,,,,,381號九樓,121.389189081842,25.046377589266
桃園市龜山區文桃里9鄰樂善二路381號十一樓,68,6800700,6800700-000,9鄰,樂善二路,,,,,,381號十一樓,121.389189081842,25.046377589266
桃園市龜山區文桃里9鄰樂善二路381號十二樓,68,6800700,6800700-000,9鄰,樂善二路,,,,,,381號十二樓,121.389189081842,25.046377589266
桃園市龜山區文桃里9鄰樂善二路381號十三樓,68,6800700,6800700-000,9鄰,樂善二路,,,,,,381號十三樓,121.389189081842,25.046377589266
桃園市龜山區文桃里9鄰樂善二路381號十四樓,68,6800700,6800700-000,9鄰,樂善二路,,,,,,381號十四樓,121.389189081842,25.046377589266
桃園市龜山區文桃里9鄰樂善二路381號十五樓,68,6800700,6800700-000,9鄰,樂善二路,,,,,,381號十五樓,121.389189081842,25.046377589266
桃園市龜山區文桃里9鄰樂善二路381號十六樓,68,6800700,6800700-000,9鄰,樂善二路,,,,,,381號十六樓,121.389189081842,25.046377589266
桃園市龜山區文桃里9鄰樂善二路381號十七樓,68,6800700,6800700-000,9鄰,樂善二路,,,,,,381號十七樓,121.389189081842,25.046377589266
桃園市龜山區文桃里9鄰樂善二路381號十八樓,68,6800700,6800700-000,9鄰,樂善二路,,,,,,381號十八樓,121.389189081842,25.046377589266
桃園市龜山區文桃里9鄰樂善二路381號十九樓,68,6800700,6800700-000,9鄰,樂善二路,,,,,,381號十九樓,121.389189081842,25.046377589266
桃園市龜山區文桃里9鄰樂善二路381號二十樓,68,6800700,6800700-000,9鄰,樂善二路,,,,,,381號二十樓,121.389189081842,25.046377589266
桃園市龜山區文桃里9鄰樂善二路381號二十一樓,68,6800700,6800700-000,9鄰,樂善二路,,,,,,381號二十一樓,121.389189081842,25.046377589266
桃園市龜山區文桃里9鄰樂善二路381號二十二樓,68,6800700,6800700-000,9鄰,樂善二路,,,,,,381號二十二樓,121.389189081842,25.046377589266
桃園市龜山區文桃里9鄰樂善二路381號二十三樓,68,6800700,6800700-000,9鄰,樂善二路,,,,,,381號二十三樓,121.389189081842,25.046377589266
桃園市龜山區文桃里9鄰樂善二路381號二十四樓,68,6800700,6800700-000,9鄰,樂善二路,,,,,,381號二十四樓,121.389189081842,25.046377589266
桃園市龜山區文桃里9鄰樂善二路381號二十五樓,68,6800700,6800700-000,9鄰,樂善二路,,,,,,381號二十五樓,121.389189081842,25.046377589266
桃園市龜山區文桃里9鄰樂善二路383號十樓,68,6800700,6800700-000,9鄰,樂善二路,,,,,,383號十樓,121.389184710874,25.0463115143522
桃園市龜山區文桃里9鄰樂善二路383號二樓,68,6800700,6800700-000,9鄰,樂善二路,,,,,,383號二樓,121.389184710874,25.0463115143522
桃園市龜山區文桃里9鄰樂善二路383號四樓,68,6800700,6800700-000,9鄰,樂善二路,,,,,,383號四樓,121.389184710874,25.0463115143522
桃園市龜山區文桃里9鄰樂善二路383號五樓,68,6800700,6800700-000,9鄰,樂善二路,,,,,,383號五樓,121.389184710874,25.0463115143522
桃園市龜山區文桃里9鄰樂善二路383號六樓,68,6800700,6800700-000,9鄰,樂善二路,,,,,,383號六樓,121.389184710874,25.0463115143522
桃園市龜山區文桃里9鄰樂善二路383號七樓,68,6800700,6800700-000,9鄰,樂善二路,,,,,,383號七樓,121.389184710874,25.0463115143522
桃園市龜山區文桃里9鄰樂善二路383號八樓,68,6800700,6800700-000,9鄰,樂善二路,,,,,,383號八樓,121.389184710874,25.0463115143522
桃園市龜山區文桃里9鄰樂善二路383號九樓,68,6800700,6800700-000,9鄰,樂善二路,,,,,,383號九樓,121.389184710874,25.0463115143522
桃園市龜山區文桃里9鄰樂善二路383號十一樓,68,6800700,6800700-000,9鄰,樂善二路,,,,,,383號十一樓,121.389184710874,25.0463115143522
桃園市龜山區文桃里9鄰樂善二路383號十二樓,68,6800700,6800700-000,9鄰,樂善二路,,,,,,383號十二樓,121.389184710874,25.0463115143522
桃園市龜山區文桃里9鄰樂善二路383號十三樓,68,6800700,6800700-000,9鄰,樂善二路,,,,,,383號十三樓,121.389184710874,25.0463115143522
桃園市龜山區文桃里9鄰樂善二路383號十四樓,68,6800700,6800700-000,9鄰,樂善二路,,,,,,383號十四樓,121.389184710874,25.0463115143522
桃園市龜山區文桃里9鄰樂善二路383號十五樓,68,6800700,6800700-000,9鄰,樂善二路,,,,,,383號十五樓,121.389184710874,25.0463115143522
桃園市龜山區文桃里9鄰樂善二路383號十六樓,68,6800700,6800700-000,9鄰,樂善二路,,,,,,383號十六樓,121.389184710874,25.0463115143522
桃園市龜山區文桃里9鄰樂善二路383號十七樓,68,6800700,6800700-000,9鄰,樂善二路,,,,,,383號十七樓,121.389184710874,25.0463115143522
桃園市龜山區文桃里9鄰樂善二路383號十八樓,68,6800700,6800700-000,9鄰,樂善二路,,,,,,383號十八樓,121.389184710874,25.0463115143522
桃園市龜山區文桃里9鄰樂善二路383號十九樓,68,6800700,6800700-000,9鄰,樂善二路,,,,,,383號十九樓,121.389184710874,25.0463115143522
桃園市龜山區文桃里9鄰樂善二路383號二十樓,68,6800700,6800700-000,9鄰,樂善二路,,,,,,383號二十樓,121.389184710874,25.0463115143522
桃園市龜山區文桃里9鄰樂善二路383號二十一樓,68,6800700,6800700-000,9鄰,樂善二路,,,,,,383號二十一樓,121.389184710874,25.0463115143522
桃園市龜山區文桃里9鄰樂善二路383號二十二樓,68,6800700,6800700-000,9鄰,樂善二路,,,,,,383號二十二樓,121.389184710874,25.0463115143522
桃園市龜山區文桃里9鄰樂善二路383號二十三樓,68,6800700,6800700-000,9鄰,樂善二路,,,,,,383號二十三樓,121.389184710874,25.0463115143522
桃園市龜山區文桃里9鄰樂善二路383號二十四樓,68,6800700,6800700-000,9鄰,樂善二路,,,,,,383號二十四樓,121.389184710874,25.0463115143522
桃園市龜山區文桃里9鄰樂善二路383號二十五樓,68,6800700,6800700-000,9鄰,樂善二路,,,,,,383號二十五樓,121.389184710874,25.0463115143522
桃園市龜山區文桃里9鄰樂善二路385號十樓,68,6800700,6800700-000,9鄰,樂善二路,,,,,,385號十樓,121.389107508281,25.0463114457322
桃園市龜山區文桃里9鄰樂善二路385號二樓,68,6800700,6800700-000,9鄰,樂善二路,,,,,,385號二樓,121.389107508281,25.0463114457322
桃園市龜山區文桃里9鄰樂善二路385號四樓,68,6800700,6800700-000,9鄰,樂善二路,,,,,,385號四樓,121.389107508281,25.0463114457322
桃園市龜山區文桃里9鄰樂善二路385號五樓,68,6800700,6800700-000,9鄰,樂善二路,,,,,,385號五樓,121.389107508281,25.0463114457322
桃園市龜山區文桃里9鄰樂善二路385號六樓,68,6800700,6800700-000,9鄰,樂善二路,,,,,,385號六樓,121.389107508281,25.0463114457322
桃園市龜山區文桃里9鄰樂善二路385號七樓,68,6800700,6800700-000,9鄰,樂善二路,,,,,,385號七樓,121.389107508281,25.0463114457322
桃園市龜山區文桃里9鄰樂善二路385號八樓,68,6800700,6800700-000,9鄰,樂善二路,,,,,,385號八樓,121.389107508281,25.0463114457322
桃園市龜山區文桃里9鄰樂善二路385號九樓,68,6800700,6800700-000,9鄰,樂善二路,,,,,,385號九樓,121.389107508281,25.0463114457322
桃園市龜山區文桃里9鄰樂善二路385號十一樓,68,6800700,6800700-000,9鄰,樂善二路,,,,,,385號十一樓,121.389107508281,25.0463114457322
桃園市龜山區文桃里9鄰樂善二路385號十二樓,68,6800700,6800700-000,9鄰,樂善二路,,,,,,385號十二樓,121.389107508281,25.0463114457322
桃園市龜山區文桃里9鄰樂善二路385號十三樓,68,6800700,6800700-000,9鄰,樂善二路,,,,,,385號十三樓,121.389107508281,25.0463114457322
桃園市龜山區文桃里9鄰樂善二路385號十四樓,68,6800700,6800700-000,9鄰,樂善二路,,,,,,385號十四樓,121.389107508281,25.0463114457322
桃園市龜山區文桃里9鄰樂善二路385號十五樓,68,6800700,6800700-000,9鄰,樂善二路,,,,,,385號十五樓,121.389107508281,25.0463114457322
桃園市龜山區文桃里9鄰樂善二路385號十六樓,68,6800700,6800700-000,9鄰,樂善二路,,,,,,385號十六樓,121.389107508281,25.0463114457322
桃園市龜山區文桃里9鄰樂善二路385號十七樓,68,6800700,6800700-000,9鄰,樂善二路,,,,,,385號十七樓,121.389107508281,25.0463114457322
桃園市龜山區文桃里9鄰樂善二路385號十八樓,68,6800700,6800700-000,9鄰,樂善二路,,,,,,385號十八樓,121.389107508281,25.0463114457322
桃園市龜山區文桃里9鄰樂善二路385號十九樓,68,6800700,6800700-000,9鄰,樂善二路,,,,,,385號十九樓,121.389107508281,25.0463114457322
桃園市龜山區文桃里9鄰樂善二路385號二十樓,68,6800700,6800700-000,9鄰,樂善二路,,,,,,385號二十樓,121.389107508281,25.0463114457322
桃園市龜山區文桃里9鄰樂善二路385號二十一樓,68,6800700,6800700-000,9鄰,樂善二路,,,,,,385號二十一樓,121.389107508281,25.0463114457322
桃園市龜山區文桃里9鄰樂善二路385號二十二樓,68,6800700,6800700-000,9鄰,樂善二路,,,,,,385號二十二樓,121.389107508281,25.0463114457322
桃園市龜山區文桃里9鄰樂善二路385號二十三樓,68,6800700,6800700-000,9鄰,樂善二路,,,,,,385號二十三樓,121.389107508281,25.0463114457322
桃園市龜山區文桃里9鄰樂善二路385號二十四樓,68,6800700,6800700-000,9鄰,樂善二路,,,,,,385號二十四樓,121.389107508281,25.0463114457322
桃園市龜山區文桃里9鄰樂善二路385號二十五樓,68,6800700,6800700-000,9鄰,樂善二路,,,,,,385號二十五樓,121.389107508281,25.0463114457322
桃園市龜山區文桃里9鄰樂善二路387號十樓,68,6800700,6800700-000,9鄰,樂善二路,,,,,,387號十樓,121.38899374271,25.0463134590151
桃園市龜山區文桃里9鄰樂善二路387號二樓,68,6800700,6800700-000,9鄰,樂善二路,,,,,,387號二樓,121.38899374271,25.0463134590151
桃園市龜山區文桃里9鄰樂善二路387號四樓,68,6800700,6800700-000,9鄰,樂善二路,,,,,,387號四樓,121.38899374271,25.0463134590151
桃園市龜山區文桃里9鄰樂善二路387號五樓,68,6800700,6800700-000,9鄰,樂善二路,,,,,,387號五樓,121.38899374271,25.0463134590151
桃園市龜山區文桃里9鄰樂善二路387號六樓,68,6800700,6800700-000,9鄰,樂善二路,,,,,,387號六樓,121.38899374271,25.0463134590151
桃園市龜山區文桃里9鄰樂善二路387號七樓,68,6800700,6800700-000,9鄰,樂善二路,,,,,,387號七樓,121.38899374271,25.0463134590151
桃園市龜山區文桃里9鄰樂善二路387號八樓,68,6800700,6800700-000,9鄰,樂善二路,,,,,,387號八樓,121.38899374271,25.0463134590151
桃園市龜山區文桃里9鄰樂善二路387號九樓,68,6800700,6800700-000,9鄰,樂善二路,,,,,,387號九樓,121.38899374271,25.0463134590151
桃園市龜山區文桃里9鄰樂善二路387號十一樓,68,6800700,6800700-000,9鄰,樂善二路,,,,,,387號十一樓,121.38899374271,25.0463134590151
桃園市龜山區文桃里9鄰樂善二路387號十二樓,68,6800700,6800700-000,9鄰,樂善二路,,,,,,387號十二樓,121.38899374271,25.0463134590151
桃園市龜山區文桃里9鄰樂善二路387號十三樓,68,6800700,6800700-000,9鄰,樂善二路,,,,,,387號十三樓,121.38899374271,25.0463134590151
桃園市龜山區文桃里9鄰樂善二路387號十四樓,68,6800700,6800700-000,9鄰,樂善二路,,,,,,387號十四樓,121.38899374271,25.0463134590151
桃園市龜山區文桃里9鄰樂善二路387號十五樓,68,6800700,6800700-000,9鄰,樂善二路,,,,,,387號十五樓,121.38899374271,25.0463134590151
桃園市龜山區文桃里9鄰樂善二路387號十六樓,68,6800700,6800700-000,9鄰,樂善二路,,,,,,387號十六樓,121.38899374271,25.0463134590151
桃園市龜山區文桃里9鄰樂善二路387號十七樓,68,6800700,6800700-000,9鄰,樂善二路,,,,,,387號十七樓,121.38899374271,25.0463134590151
桃園市龜山區文桃里9鄰樂善二路387號十八樓,68,6800700,6800700-000,9鄰,樂善二路,,,,,,387號十八樓,121.38899374271,25.0463134590151
桃園市龜山區文桃里9鄰樂善二路387號十九樓,68,6800700,6800700-000,9鄰,樂善二路,,,,,,387號十九樓,121.38899374271,25.0463134590151
桃園市龜山區文桃里9鄰樂善二路387號二十樓,68,6800700,6800700-000,9鄰,樂善二路,,,,,,387號二十樓,121.38899374271,25.0463134590151
桃園市龜山區文桃里9鄰樂善二路387號二十一樓,68,6800700,6800700-000,9鄰,樂善二路,,,,,,387號二十一樓,121.38899374271,25.0463134590151
桃園市龜山區文桃里9鄰樂善二路387號二十二樓,68,6800700,6800700-000,9鄰,樂善二路,,,,,,387號二十二樓,121.38899374271,25.0463134590151
桃園市龜山區文桃里9鄰樂善二路387號二十三樓,68,6800700,6800700-000,9鄰,樂善二路,,,,,,387號二十三樓,121.38899374271,25.0463134590151
桃園市龜山區文桃里9鄰樂善二路387號二十四樓,68,6800700,6800700-000,9鄰,樂善二路,,,,,,387號二十四樓,121.38899374271,25.0463134590151
桃園市龜山區文桃里9鄰樂善二路387號二十五樓,68,6800700,6800700-000,9鄰,樂善二路,,,,,,387號二十五樓,121.38899374271,25.0463134590151
桃園市龜山區文桃里9鄰樂善二路389號十樓,68,6800700,6800700-000,9鄰,樂善二路,,,,,,389號十樓,121.388918714414,25.0463114886835
桃園市龜山區文桃里9鄰樂善二路389號二樓,68,6800700,6800700-000,9鄰,樂善二路,,,,,,389號二樓,121.388918714414,25.0463114886835
桃園市龜山區文桃里9鄰樂善二路389號四樓,68,6800700,6800700-000,9鄰,樂善二路,,,,,,389號四樓,121.388918714414,25.0463114886835
桃園市龜山區文桃里9鄰樂善二路389號五樓,68,6800700,6800700-000,9鄰,樂善二路,,,,,,389號五樓,121.388918714414,25.0463114886835
桃園市龜山區文桃里9鄰樂善二路389號六樓,68,6800700,6800700-000,9鄰,樂善二路,,,,,,389號六樓,121.388918714414,25.0463114886835
桃園市龜山區文桃里9鄰樂善二路389號七樓,68,6800700,6800700-000,9鄰,樂善二路,,,,,,389號七樓,121.388918714414,25.0463114886835
桃園市龜山區文桃里9鄰樂善二路389號八樓,68,6800700,6800700-000,9鄰,樂善二路,,,,,,389號八樓,121.388918714414,25.0463114886835
桃園市龜山區文桃里9鄰樂善二路389號九樓,68,6800700,6800700-000,9鄰,樂善二路,,,,,,389號九樓,121.388918714414,25.0463114886835
桃園市龜山區文桃里9鄰樂善二路389號十一樓,68,6800700,6800700-000,9鄰,樂善二路,,,,,,389號十一樓,121.388918714414,25.0463114886835
桃園市龜山區文桃里9鄰樂善二路389號十二樓,68,6800700,6800700-000,9鄰,樂善二路,,,,,,389號十二樓,121.388918714414,25.0463114886835
桃園市龜山區文桃里9鄰樂善二路389號十三樓,68,6800700,6800700-000,9鄰,樂善二路,,,,,,389號十三樓,121.388918714414,25.0463114886835
桃園市龜山區文桃里9鄰樂善二路389號十四樓,68,6800700,6800700-000,9鄰,樂善二路,,,,,,389號十四樓,121.388918714414,25.0463114886835
桃園市龜山區文桃里9鄰樂善二路389號十五樓,68,6800700,6800700-000,9鄰,樂善二路,,,,,,389號十五樓,121.388918714414,25.0463114886835
桃園市龜山區文桃里9鄰樂善二路389號十六樓,68,6800700,6800700-000,9鄰,樂善二路,,,,,,389號十六樓,121.388918714414,25.0463114886835
桃園市龜山區文桃里9鄰樂善二路389號十七樓,68,6800700,6800700-000,9鄰,樂善二路,,,,,,389號十七樓,121.388918714414,25.0463114886835
桃園市龜山區文桃里9鄰樂善二路389號十八樓,68,6800700,6800700-000,9鄰,樂善二路,,,,,,389號十八樓,121.388918714414,25.0463114886835
桃園市龜山區文桃里9鄰樂善二路389號十九樓,68,6800700,6800700-000,9鄰,樂善二路,,,,,,389號十九樓,121.388918714414,25.0463114886835
桃園市龜山區文桃里9鄰樂善二路389號二十樓,68,6800700,6800700-000,9鄰,樂善二路,,,,,,389號二十樓,121.388918714414,25.0463114886835
桃園市龜山區文桃里9鄰樂善二路389號二十一樓,68,6800700,6800700-000,9鄰,樂善二路,,,,,,389號二十一樓,121.388918714414,25.0463114886835
桃園市龜山區文桃里9鄰樂善二路389號二十二樓,68,6800700,6800700-000,9鄰,樂善二路,,,,,,389號二十二樓,121.388918714414,25.0463114886835
桃園市龜山區文桃里9鄰樂善二路389號二十三樓,68,6800700,6800700-000,9鄰,樂善二路,,,,,,389號二十三樓,121.388918714414,25.0463114886835
桃園市龜山區文桃里9鄰樂善二路389號二十四樓,68,6800700,6800700-000,9鄰,樂善二路,,,,,,389號二十四樓,121.388918714414,25.0463114886835
桃園市龜山區文桃里9鄰樂善二路389號二十五樓,68,6800700,6800700-000,9鄰,樂善二路,,,,,,389號二十五樓,121.388918714414,25.0463114886835
桃園市龜山區文桃里9鄰樂善二路391號,68,6800700,6800700-000,9鄰,樂善二路,,,,,,391號,121.388854335223,25.046260918767
桃園市龜山區文桃里9鄰樂善二路391號十樓,68,6800700,6800700-000,9鄰,樂善二路,,,,,,391號十樓,121.388850059506,25.0463192520798
桃園市龜山區文桃里9鄰樂善二路391號二樓,68,6800700,6800700-000,9鄰,樂善二路,,,,,,391號二樓,121.388850059506,25.0463192520798
桃園市龜山區文桃里9鄰樂善二路391號四樓,68,6800700,6800700-000,9鄰,樂善二路,,,,,,391號四樓,121.388850059506,25.0463192520798
桃園市龜山區文桃里9鄰樂善二路391號五樓,68,6800700,6800700-000,9鄰,樂善二路,,,,,,391號五樓,121.388850059506,25.0463192520798
桃園市龜山區文桃里9鄰樂善二路391號六樓,68,6800700,6800700-000,9鄰,樂善二路,,,,,,391號六樓,121.388850059506,25.0463192520798
桃園市龜山區文桃里9鄰樂善二路391號七樓,68,6800700,6800700-000,9鄰,樂善二路,,,,,,391號七樓,121.388850059506,25.0463192520798
桃園市龜山區文桃里9鄰樂善二路391號八樓,68,6800700,6800700-000,9鄰,樂善二路,,,,,,391號八樓,121.388850059506,25.0463192520798
桃園市龜山區文桃里9鄰樂善二路391號九樓,68,6800700,6800700-000,9鄰,樂善二路,,,,,,391號九樓,121.388850059506,25.0463192520798
桃園市龜山區文桃里9鄰樂善二路391號十一樓,68,6800700,6800700-000,9鄰,樂善二路,,,,,,391號十一樓,121.388850059506,25.0463192520798
桃園市龜山區文桃里9鄰樂善二路391號十二樓,68,6800700,6800700-000,9鄰,樂善二路,,,,,,391號十二樓,121.388850059506,25.0463192520798
桃園市龜山區文桃里9鄰樂善二路391號十三樓,68,6800700,6800700-000,9鄰,樂善二路,,,,,,391號十三樓,121.388850059506,25.0463192520798
桃園市龜山區文桃里9鄰樂善二路391號十四樓,68,6800700,6800700-000,9鄰,樂善二路,,,,,,391號十四樓,121.388850059506,25.0463192520798
桃園市龜山區文桃里9鄰樂善二路391號十五樓,68,6800700,6800700-000,9鄰,樂善二路,,,,,,391號十五樓,121.388850059506,25.0463192520798
桃園市龜山區文桃里9鄰樂善二路391號十六樓,68,6800700,6800700-000,9鄰,樂善二路,,,,,,391號十六樓,121.388850059506,25.0463192520798
桃園市龜山區文桃里9鄰樂善二路391號十七樓,68,6800700,6800700-000,9鄰,樂善二路,,,,,,391號十七樓,121.388850059506,25.0463192520798
桃園市龜山區文桃里9鄰樂善二路391號十八樓,68,6800700,6800700-000,9鄰,樂善二路,,,,,,391號十八樓,121.388850059506,25.0463192520798
桃園市龜山區文桃里9鄰樂善二路391號十九樓,68,6800700,6800700-000,9鄰,樂善二路,,,,,,391號十九樓,121.388850059506,25.0463192520798
桃園市龜山區文桃里9鄰樂善二路391號二十樓,68,6800700,6800700-000,9鄰,樂善二路,,,,,,391號二十樓,121.388850059506,25.0463192520798
桃園市龜山區文桃里9鄰樂善二路391號二十一樓,68,6800700,6800700-000,9鄰,樂善二路,,,,,,391號二十一樓,121.388850059506,25.0463192520798
桃園市龜山區文桃里9鄰樂善二路391號二十二樓,68,6800700,6800700-000,9鄰,樂善二路,,,,,,391號二十二樓,121.388850059506,25.0463192520798
桃園市龜山區文桃里9鄰樂善二路391號二十三樓,68,6800700,6800700-000,9鄰,樂善二路,,,,,,391號二十三樓,121.388850059506,25.0463192520798
桃園市龜山區文桃里9鄰樂善二路391號二十四樓,68,6800700,6800700-000,9鄰,樂善二路,,,,,,391號二十四樓,121.388850059506,25.0463192520798
桃園市龜山區文桃里9鄰樂善二路391號二十五樓,68,6800700,6800700-000,9鄰,樂善二路,,,,,,391號二十五樓,121.388850059506,25.0463192520798
桃園市龜山區文桃里9鄰樂善二路393號,68,6800700,6800700-000,9鄰,樂善二路,,,,,,393號,121.388865046921,25.0463892716211
桃園市龜山區文桃里9鄰樂善二路393號十樓,68,6800700,6800700-000,9鄰,樂善二路,,,,,,393號十樓,121.388865046921,25.0463892716211
桃園市龜山區文桃里9鄰樂善二路393號二樓,68,6800700,6800700-000,9鄰,樂善二路,,,,,,393號二樓,121.388865046921,25.0463892716211
桃園市龜山區文桃里9鄰樂善二路393號四樓,68,6800700,6800700-000,9鄰,樂善二路,,,,,,393號四樓,121.388865046921,25.0463892716211
桃園市龜山區文桃里9鄰樂善二路393號五樓,68,6800700,6800700-000,9鄰,樂善二路,,,,,,393號五樓,121.388865046921,25.0463892716211
桃園市龜山區文桃里9鄰樂善二路393號六樓,68,6800700,6800700-000,9鄰,樂善二路,,,,,,393號六樓,121.388865046921,25.0463892716211
桃園市龜山區文桃里9鄰樂善二路393號七樓,68,6800700,6800700-000,9鄰,樂善二路,,,,,,393號七樓,121.388865046921,25.0463892716211
桃園市龜山區文桃里9鄰樂善二路393號八樓,68,6800700,6800700-000,9鄰,樂善二路,,,,,,393號八樓,121.388865046921,25.0463892716211
桃園市龜山區文桃里9鄰樂善二路393號九樓,68,6800700,6800700-000,9鄰,樂善二路,,,,,,393號九樓,121.389017337579,25.0462531791916
桃園市龜山區文桃里9鄰樂善二路393號十一樓,68,6800700,6800700-000,9鄰,樂善二路,,,,,,393號十一樓,121.388865046921,25.0463892716211
桃園市龜山區文桃里9鄰樂善二路393號十二樓,68,6800700,6800700-000,9鄰,樂善二路,,,,,,393號十二樓,121.388865046921,25.0463892716211
桃園市龜山區文桃里9鄰樂善二路393號十三樓,68,6800700,6800700-000,9鄰,樂善二路,,,,,,393號十三樓,121.388865046921,25.0463892716211
桃園市龜山區文桃里9鄰樂善二路393號十四樓,68,6800700,6800700-000,9鄰,樂善二路,,,,,,393號十四樓,121.388865046921,25.0463892716211
桃園市龜山區文桃里9鄰樂善二路393號十五樓,68,6800700,6800700-000,9鄰,樂善二路,,,,,,393號十五樓,121.388865046921,25.0463892716211
桃園市龜山區文桃里9鄰樂善二路393號十六樓,68,6800700,6800700-000,9鄰,樂善二路,,,,,,393號十六樓,121.388865046921,25.0463892716211
桃園市龜山區文桃里9鄰樂善二路393號十七樓,68,6800700,6800700-000,9鄰,樂善二路,,,,,,393號十七樓,121.388865046921,25.0463892716211
桃園市龜山區文桃里9鄰樂善二路393號十八樓,68,6800700,6800700-000,9鄰,樂善二路,,,,,,393號十八樓,121.388865046921,25.0463892716211
桃園市龜山區文桃里9鄰樂善二路393號十九樓,68,6800700,6800700-000,9鄰,樂善二路,,,,,,393號十九樓,121.388865046921,25.0463892716211
桃園市龜山區文桃里9鄰樂善二路393號二十樓,68,6800700,6800700-000,9鄰,樂善二路,,,,,,393號二十樓,121.388865046921,25.0463892716211
桃園市龜山區文桃里9鄰樂善二路393號二十一樓,68,6800700,6800700-000,9鄰,樂善二路,,,,,,393號二十一樓,121.388865046921,25.0463892716211
桃園市龜山區文桃里9鄰樂善二路393號二十二樓,68,6800700,6800700-000,9鄰,樂善二路,,,,,,393號二十二樓,121.388865046921,25.0463892716211
桃園市龜山區文桃里9鄰樂善二路393號二十三樓,68,6800700,6800700-000,9鄰,樂善二路,,,,,,393號二十三樓,121.388865046921,25.0463892716211
桃園市龜山區文桃里9鄰樂善二路393號二十四樓,68,6800700,6800700-000,9鄰,樂善二路,,,,,,393號二十四樓,121.388865046921,25.0463892716211
桃園市龜山區文桃里9鄰樂善二路393號二十五樓,68,6800700,6800700-000,9鄰,樂善二路,,,,,,393號二十五樓,121.388865046921,25.0463892716211
桃園市龜山區文桃里9鄰樂善二路395號,68,6800700,6800700-000,9鄰,樂善二路,,,,,,395號,121.38917617129,25.0462434641555
桃園市龜山區文桃里9鄰樂善二路395號十樓,68,6800700,6800700-000,9鄰,樂善二路,,,,,,395號十樓,121.388972364844,25.0463853793975
桃園市龜山區文桃里9鄰樂善二路395號二樓,68,6800700,6800700-000,9鄰,樂善二路,,,,,,395號二樓,121.388972364844,25.0463853793975
桃園市龜山區文桃里9鄰樂善二路395號四樓,68,6800700,6800700-000,9鄰,樂善二路,,,,,,395號四樓,121.388972364844,25.0463853793975
桃園市龜山區文桃里9鄰樂善二路395號五樓,68,6800700,6800700-000,9鄰,樂善二路,,,,,,395號五樓,121.388972364844,25.0463853793975
桃園市龜山區文桃里9鄰樂善二路395號六樓,68,6800700,6800700-000,9鄰,樂善二路,,,,,,395號六樓,121.388972364844,25.0463853793975
桃園市龜山區文桃里9鄰樂善二路395號七樓,68,6800700,6800700-000,9鄰,樂善二路,,,,,,395號七樓,121.388972364844,25.0463853793975
桃園市龜山區文桃里9鄰樂善二路395號八樓,68,6800700,6800700-000,9鄰,樂善二路,,,,,,395號八樓,121.388972364844,25.0463853793975
桃園市龜山區文桃里9鄰樂善二路395號九樓,68,6800700,6800700-000,9鄰,樂善二路,,,,,,395號九樓,121.388972364844,25.0463853793975
桃園市龜山區文桃里9鄰樂善二路395號十一樓,68,6800700,6800700-000,9鄰,樂善二路,,,,,,395號十一樓,121.388972364844,25.0463853793975
桃園市龜山區文桃里9鄰樂善二路395號十二樓,68,6800700,6800700-000,9鄰,樂善二路,,,,,,395號十二樓,121.388972364844,25.0463853793975
桃園市龜山區文桃里9鄰樂善二路395號十三樓,68,6800700,6800700-000,9鄰,樂善二路,,,,,,395號十三樓,121.388972364844,25.0463853793975
桃園市龜山區文桃里9鄰樂善二路395號十四樓,68,6800700,6800700-000,9鄰,樂善二路,,,,,,395號十四樓,121.388972364844,25.0463853793975
桃園市龜山區文桃里9鄰樂善二路395號十五樓,68,6800700,6800700-000,9鄰,樂善二路,,,,,,395號十五樓,121.388972364844,25.0463853793975
桃園市龜山區文桃里9鄰樂善二路395號十六樓,68,6800700,6800700-000,9鄰,樂善二路,,,,,,395號十六樓,121.388972364844,25.0463853793975
桃園市龜山區文桃里9鄰樂善二路395號十七樓,68,6800700,6800700-000,9鄰,樂善二路,,,,,,395號十七樓,121.388972364844,25.0463853793975
桃園市龜山區文桃里9鄰樂善二路395號十八樓,68,6800700,6800700-000,9鄰,樂善二路,,,,,,395號十八樓,121.388972364844,25.0463853793975
桃園市龜山區文桃里9鄰樂善二路395號十九樓,68,6800700,6800700-000,9鄰,樂善二路,,,,,,395號十九樓,121.388972364844,25.0463853793975
桃園市龜山區文桃里9鄰樂善二路395號二十樓,68,6800700,6800700-000,9鄰,樂善二路,,,,,,395號二十樓,121.388972364844,25.0463853793975
桃園市龜山區文桃里9鄰樂善二路395號二十一樓,68,6800700,6800700-000,9鄰,樂善二路,,,,,,395號二十一樓,121.388972364844,25.0463853793975
桃園市龜山區文桃里9鄰樂善二路395號二十二樓,68,6800700,6800700-000,9鄰,樂善二路,,,,,,395號二十二樓,121.388972364844,25.0463853793975
桃園市龜山區文桃里9鄰樂善二路395號二十三樓,68,6800700,6800700-000,9鄰,樂善二路,,,,,,395號二十三樓,121.388972364844,25.0463853793975
桃園市龜山區文桃里9鄰樂善二路395號二十四樓,68,6800700,6800700-000,9鄰,樂善二路,,,,,,395號二十四樓,121.388972364844,25.0463853793975
桃園市龜山區文桃里9鄰樂善二路395號二十五樓,68,6800700,6800700-000,9鄰,樂善二路,,,,,,395號二十五樓,121.388972364844,25.0463853793975
桃園市龜山區文桃里6鄰樂善二路427號,68,6800700,6800700-000,6鄰,樂善二路,,,,,,427號,121.390181506791,25.046187289988
桃園市龜山區文桃里6鄰樂善二路429號,68,6800700,6800700-000,6鄰,樂善二路,,,,,,429號,121.390260877001,25.0461833799523
桃園市龜山區文桃里6鄰樂善二路431號十樓,68,6800700,6800700-000,6鄰,樂善二路,,,,,,431號十樓,121.39032304076,25.0464731118568
桃園市龜山區文桃里6鄰樂善二路431號二樓,68,6800700,6800700-000,6鄰,樂善二路,,,,,,431號二樓,121.39032304076,25.0464731118568
桃園市龜山區文桃里6鄰樂善二路431號三樓,68,6800700,6800700-000,6鄰,樂善二路,,,,,,431號三樓,121.39032304076,25.0464731118568
桃園市龜山區文桃里6鄰樂善二路431號四樓,68,6800700,6800700-000,6鄰,樂善二路,,,,,,431號四樓,121.39032304076,25.0464731118568
桃園市龜山區文桃里6鄰樂善二路431號五樓,68,6800700,6800700-000,6鄰,樂善二路,,,,,,431號五樓,121.39032304076,25.0464731118568
桃園市龜山區文桃里6鄰樂善二路431號六樓,68,6800700,6800700-000,6鄰,樂善二路,,,,,,431號六樓,121.39032304076,25.0464731118568
桃園市龜山區文桃里6鄰樂善二路431號七樓,68,6800700,6800700-000,6鄰,樂善二路,,,,,,431號七樓,121.39032304076,25.0464731118568
桃園市龜山區文桃里6鄰樂善二路431號八樓,68,6800700,6800700-000,6鄰,樂善二路,,,,,,431號八樓,121.39032304076,25.0464731118568
桃園市龜山區文桃里6鄰樂善二路431號九樓,68,6800700,6800700-000,6鄰,樂善二路,,,,,,431號九樓,121.39032304076,25.0464731118568
桃園市龜山區文桃里6鄰樂善二路431號十一樓,68,6800700,6800700-000,6鄰,樂善二路,,,,,,431號十一樓,121.39032304076,25.0464731118568
桃園市龜山區文桃里6鄰樂善二路431號十二樓,68,6800700,6800700-000,6鄰,樂善二路,,,,,,431號十二樓,121.39032304076,25.0464731118568
桃園市龜山區文桃里6鄰樂善二路431號十三樓,68,6800700,6800700-000,6鄰,樂善二路,,,,,,431號十三樓,121.39032304076,25.0464731118568
桃園市龜山區文桃里6鄰樂善二路431號十四樓,68,6800700,6800700-000,6鄰,樂善二路,,,,,,431號十四樓,121.39032304076,25.0464731118568
桃園市龜山區文桃里6鄰樂善二路431號十五樓,68,6800700,6800700-000,6鄰,樂善二路,,,,,,431號十五樓,121.39032304076,25.0464731118568
桃園市龜山區文桃里6鄰樂善二路431號十六樓,68,6800700,6800700-000,6鄰,樂善二路,,,,,,431號十六樓,121.39032304076,25.0464731118568
桃園市龜山區文桃里6鄰樂善二路431號十七樓,68,6800700,6800700-000,6鄰,樂善二路,,,,,,431號十七樓,121.39032304076,25.0464731118568
桃園市龜山區文桃里6鄰樂善二路431號十八樓,68,6800700,6800700-000,6鄰,樂善二路,,,,,,431號十八樓,121.39032304076,25.0464731118568
桃園市龜山區文桃里6鄰樂善二路431號十九樓,68,6800700,6800700-000,6鄰,樂善二路,,,,,,431號十九樓,121.39032304076,25.0464731118568
桃園市龜山區文桃里6鄰樂善二路431號二十樓,68,6800700,6800700-000,6鄰,樂善二路,,,,,,431號二十樓,121.39032304076,25.0464731118568
桃園市龜山區文桃里6鄰樂善二路431號二十一樓,68,6800700,6800700-000,6鄰,樂善二路,,,,,,431號二十一樓,121.39032304076,25.0464731118568
桃園市龜山區文桃里6鄰樂善二路431號二十二樓,68,6800700,6800700-000,6鄰,樂善二路,,,,,,431號二十二樓,121.39032304076,25.0464731118568
桃園市龜山區文桃里6鄰樂善二路431號二十三樓,68,6800700,6800700-000,6鄰,樂善二路,,,,,,431號二十三樓,121.39032304076,25.0464731118568
桃園市龜山區文桃里6鄰樂善二路431號二十四樓,68,6800700,6800700-000,6鄰,樂善二路,,,,,,431號二十四樓,121.39032304076,25.0464731118568
桃園市龜山區文桃里6鄰樂善二路433號十樓,68,6800700,6800700-000,6鄰,樂善二路,,,,,,433號十樓,121.390235153443,25.0464789402201
桃園市龜山區文桃里6鄰樂善二路433號二樓,68,6800700,6800700-000,6鄰,樂善二路,,,,,,433號二樓,121.390235153443,25.0464789402201
桃園市龜山區文桃里6鄰樂善二路433號三樓,68,6800700,6800700-000,6鄰,樂善二路,,,,,,433號三樓,121.390235153443,25.0464789402201
桃園市龜山區文桃里6鄰樂善二路433號四樓,68,6800700,6800700-000,6鄰,樂善二路,,,,,,433號四樓,121.390235153443,25.0464789402201
桃園市龜山區文桃里6鄰樂善二路433號五樓,68,6800700,6800700-000,6鄰,樂善二路,,,,,,433號五樓,121.390235153443,25.0464789402201
桃園市龜山區文桃里6鄰樂善二路433號六樓,68,6800700,6800700-000,6鄰,樂善二路,,,,,,433號六樓,121.390235153443,25.0464789402201
桃園市龜山區文桃里6鄰樂善二路433號七樓,68,6800700,6800700-000,6鄰,樂善二路,,,,,,433號七樓,121.390235153443,25.0464789402201
桃園市龜山區文桃里6鄰樂善二路433號八樓,68,6800700,6800700-000,6鄰,樂善二路,,,,,,433號八樓,121.390235153443,25.0464789402201
桃園市龜山區文桃里6鄰樂善二路433號九樓,68,6800700,6800700-000,6鄰,樂善二路,,,,,,433號九樓,121.390235153443,25.0464789402201
桃園市龜山區文桃里6鄰樂善二路433號十一樓,68,6800700,6800700-000,6鄰,樂善二路,,,,,,433號十一樓,121.390235153443,25.0464789402201
桃園市龜山區文桃里6鄰樂善二路433號十二樓,68,6800700,6800700-000,6鄰,樂善二路,,,,,,433號十二樓,121.390235153443,25.0464789402201
桃園市龜山區文桃里6鄰樂善二路433號十三樓,68,6800700,6800700-000,6鄰,樂善二路,,,,,,433號十三樓,121.390235153443,25.0464789402201
桃園市龜山區文桃里6鄰樂善二路433號十四樓,68,6800700,6800700-000,6鄰,樂善二路,,,,,,433號十四樓,121.390235153443,25.0464789402201
桃園市龜山區文桃里6鄰樂善二路433號十五樓,68,6800700,6800700-000,6鄰,樂善二路,,,,,,433號十五樓,121.390235153443,25.0464789402201
桃園市龜山區文桃里6鄰樂善二路433號十六樓,68,6800700,6800700-000,6鄰,樂善二路,,,,,,433號十六樓,121.390235153443,25.0464789402201
桃園市龜山區文桃里6鄰樂善二路433號十七樓,68,6800700,6800700-000,6鄰,樂善二路,,,,,,433號十七樓,121.390235153443,25.0464789402201
桃園市龜山區文桃里6鄰樂善二路433號十八樓,68,6800700,6800700-000,6鄰,樂善二路,,,,,,433號十八樓,121.390235153443,25.0464789402201
桃園市龜山區文桃里6鄰樂善二路433號十九樓,68,6800700,6800700-000,6鄰,樂善二路,,,,,,433號十九樓,121.390235153443,25.0464789402201
桃園市龜山區文桃里6鄰樂善二路433號二十樓,68,6800700,6800700-000,6鄰,樂善二路,,,,,,433號二十樓,121.390235153443,25.0464789402201
桃園市龜山區文桃里6鄰樂善二路433號二十一樓,68,6800700,6800700-000,6鄰,樂善二路,,,,,,433號二十一樓,121.390235153443,25.0464789402201
桃園市龜山區文桃里6鄰樂善二路433號二十二樓,68,6800700,6800700-000,6鄰,樂善二路,,,,,,433號二十二樓,121.390235153443,25.0464789402201
桃園市龜山區文桃里6鄰樂善二路433號二十三樓,68,6800700,6800700-000,6鄰,樂善二路,,,,,,433號二十三樓,121.390235153443,25.0464789402201
桃園市龜山區文桃里6鄰樂善二路433號二十四樓,68,6800700,6800700-000,6鄰,樂善二路,,,,,,433號二十四樓,121.390235153443,25.0464789402201
桃園市龜山區文桃里6鄰樂善二路435號十樓,68,6800700,6800700-000,6鄰,樂善二路,,,,,,435號十樓,121.390222277798,25.0463875184655
桃園市龜山區文桃里6鄰樂善二路435號二樓,68,6800700,6800700-000,6鄰,樂善二路,,,,,,435號二樓,121.390222277798,25.0463875184655
桃園市龜山區文桃里6鄰樂善二路435號三樓,68,6800700,6800700-000,6鄰,樂善二路,,,,,,435號三樓,121.390222277798,25.0463875184655
桃園市龜山區文桃里6鄰樂善二路435號四樓,68,6800700,6800700-000,6鄰,樂善二路,,,,,,435號四樓,121.390222277798,25.0463875184655
桃園市龜山區文桃里6鄰樂善二路435號五樓,68,6800700,6800700-000,6鄰,樂善二路,,,,,,435號五樓,121.390222277798,25.0463875184655
桃園市龜山區文桃里6鄰樂善二路435號六樓,68,6800700,6800700-000,6鄰,樂善二路,,,,,,435號六樓,121.390222277798,25.0463875184655
桃園市龜山區文桃里6鄰樂善二路435號七樓,68,6800700,6800700-000,6鄰,樂善二路,,,,,,435號七樓,121.390222277798,25.0463875184655
桃園市龜山區文桃里6鄰樂善二路435號八樓,68,6800700,6800700-000,6鄰,樂善二路,,,,,,435號八樓,121.390222277798,25.0463875184655
桃園市龜山區文桃里6鄰樂善二路435號九樓,68,6800700,6800700-000,6鄰,樂善二路,,,,,,435號九樓,121.390222277798,25.0463875184655
桃園市龜山區文桃里6鄰樂善二路435號十一樓,68,6800700,6800700-000,6鄰,樂善二路,,,,,,435號十一樓,121.390222277798,25.0463875184655
桃園市龜山區文桃里6鄰樂善二路435號十二樓,68,6800700,6800700-000,6鄰,樂善二路,,,,,,435號十二樓,121.390222277798,25.0463875184655
桃園市龜山區文桃里6鄰樂善二路435號十三樓,68,6800700,6800700-000,6鄰,樂善二路,,,,,,435號十三樓,121.390222277798,25.0463875184655
桃園市龜山區文桃里6鄰樂善二路435號十四樓,68,6800700,6800700-000,6鄰,樂善二路,,,,,,435號十四樓,121.390222277798,25.0463875184655
桃園市龜山區文桃里6鄰樂善二路435號十五樓,68,6800700,6800700-000,6鄰,樂善二路,,,,,,435號十五樓,121.390222277798,25.0463875184655
桃園市龜山區文桃里6鄰樂善二路435號十六樓,68,6800700,6800700-000,6鄰,樂善二路,,,,,,435號十六樓,121.390222277798,25.0463875184655
桃園市龜山區文桃里6鄰樂善二路435號十七樓,68,6800700,6800700-000,6鄰,樂善二路,,,,,,435號十七樓,121.390222277798,25.0463875184655
桃園市龜山區文桃里6鄰樂善二路435號十八樓,68,6800700,6800700-000,6鄰,樂善二路,,,,,,435號十八樓,121.390222277798,25.0463875184655
桃園市龜山區文桃里6鄰樂善二路435號十九樓,68,6800700,6800700-000,6鄰,樂善二路,,,,,,435號十九樓,121.390222277798,25.0463875184655
桃園市龜山區文桃里6鄰樂善二路435號二十樓,68,6800700,6800700-000,6鄰,樂善二路,,,,,,435號二十樓,121.390222277798,25.0463875184655
桃園市龜山區文桃里6鄰樂善二路435號二十一樓,68,6800700,6800700-000,6鄰,樂善二路,,,,,,435號二十一樓,121.390222277798,25.0463875184655
桃園市龜山區文桃里6鄰樂善二路435號二十二樓,68,6800700,6800700-000,6鄰,樂善二路,,,,,,435號二十二樓,121.390222277798,25.0463875184655
桃園市龜山區文桃里6鄰樂善二路435號二十三樓,68,6800700,6800700-000,6鄰,樂善二路,,,,,,435號二十三樓,121.390222277798,25.0463875184655
桃園市龜山區文桃里6鄰樂善二路435號二十四樓,68,6800700,6800700-000,6鄰,樂善二路,,,,,,435號二十四樓,121.390222277798,25.0463875184655
桃園市龜山區文桃里6鄰樂善二路437號十樓,68,6800700,6800700-000,6鄰,樂善二路,,,,,,437號十樓,121.390245878878,25.0462980773792
桃園市龜山區文桃里6鄰樂善二路437號二樓,68,6800700,6800700-000,6鄰,樂善二路,,,,,,437號二樓,121.390245878878,25.0462980773792
桃園市龜山區文桃里6鄰樂善二路437號三樓,68,6800700,6800700-000,6鄰,樂善二路,,,,,,437號三樓,121.390245878878,25.0462980773792
桃園市龜山區文桃里6鄰樂善二路437號四樓,68,6800700,6800700-000,6鄰,樂善二路,,,,,,437號四樓,121.390245878878,25.0462980773792
桃園市龜山區文桃里6鄰樂善二路437號五樓,68,6800700,6800700-000,6鄰,樂善二路,,,,,,437號五樓,121.390245878878,25.0462980773792
桃園市龜山區文桃里6鄰樂善二路437號六樓,68,6800700,6800700-000,6鄰,樂善二路,,,,,,437號六樓,121.390245878878,25.0462980773792
桃園市龜山區文桃里6鄰樂善二路437號七樓,68,6800700,6800700-000,6鄰,樂善二路,,,,,,437號七樓,121.390245878878,25.0462980773792
桃園市龜山區文桃里6鄰樂善二路437號八樓,68,6800700,6800700-000,6鄰,樂善二路,,,,,,437號八樓,121.390245878878,25.0462980773792
桃園市龜山區文桃里6鄰樂善二路437號九樓,68,6800700,6800700-000,6鄰,樂善二路,,,,,,437號九樓,121.390245878878,25.0462980773792
桃園市龜山區文桃里6鄰樂善二路437號十一樓,68,6800700,6800700-000,6鄰,樂善二路,,,,,,437號十一樓,121.390245878878,25.0462980773792
桃園市龜山區文桃里6鄰樂善二路437號十二樓,68,6800700,6800700-000,6鄰,樂善二路,,,,,,437號十二樓,121.390245878878,25.0462980773792
桃園市龜山區文桃里6鄰樂善二路437號十三樓,68,6800700,6800700-000,6鄰,樂善二路,,,,,,437號十三樓,121.390245878878,25.0462980773792
桃園市龜山區文桃里6鄰樂善二路437號十四樓,68,6800700,6800700-000,6鄰,樂善二路,,,,,,437號十四樓,121.390245878878,25.0462980773792
桃園市龜山區文桃里6鄰樂善二路437號十五樓,68,6800700,6800700-000,6鄰,樂善二路,,,,,,437號十五樓,121.390245878878,25.0462980773792
桃園市龜山區文桃里6鄰樂善二路437號十六樓,68,6800700,6800700-000,6鄰,樂善二路,,,,,,437號十六樓,121.390245878878,25.0462980773792
桃園市龜山區文桃里6鄰樂善二路437號十七樓,68,6800700,6800700-000,6鄰,樂善二路,,,,,,437號十七樓,121.390245878878,25.0462980773792
桃園市龜山區文桃里6鄰樂善二路437號十八樓,68,6800700,6800700-000,6鄰,樂善二路,,,,,,437號十八樓,121.390245878878,25.0462980773792
桃園市龜山區文桃里6鄰樂善二路437號十九樓,68,6800700,6800700-000,6鄰,樂善二路,,,,,,437號十九樓,121.390245878878,25.0462980773792
桃園市龜山區文桃里6鄰樂善二路437號二十樓,68,6800700,6800700-000,6鄰,樂善二路,,,,,,437號二十樓,121.390245878878,25.0462980773792
桃園市龜山區文桃里6鄰樂善二路437號二十一樓,68,6800700,6800700-000,6鄰,樂善二路,,,,,,437號二十一樓,121.390245878878,25.0462980773792
桃園市龜山區文桃里6鄰樂善二路437號二十二樓,68,6800700,6800700-000,6鄰,樂善二路,,,,,,437號二十二樓,121.390245878878,25.0462980773792
桃園市龜山區文桃里6鄰樂善二路437號二十三樓,68,6800700,6800700-000,6鄰,樂善二路,,,,,,437號二十三樓,121.390245878878,25.0462980773792
桃園市龜山區文桃里6鄰樂善二路437號二十四樓,68,6800700,6800700-000,6鄰,樂善二路,,,,,,437號二十四樓,121.390245878878,25.0462980773792
桃園市龜山區文桃里6鄰樂善二路439號十樓,68,6800700,6800700-000,6鄰,樂善二路,,,,,,439號十樓,121.390365987318,25.0462961367531
桃園市龜山區文桃里6鄰樂善二路439號二樓,68,6800700,6800700-000,6鄰,樂善二路,,,,,,439號二樓,121.390365987318,25.0462961367531
桃園市龜山區文桃里6鄰樂善二路439號三樓,68,6800700,6800700-000,6鄰,樂善二路,,,,,,439號三樓,121.390365987318,25.0462961367531
桃園市龜山區文桃里6鄰樂善二路439號四樓,68,6800700,6800700-000,6鄰,樂善二路,,,,,,439號四樓,121.390365987318,25.0462961367531
桃園市龜山區文桃里6鄰樂善二路439號五樓,68,6800700,6800700-000,6鄰,樂善二路,,,,,,439號五樓,121.390365987318,25.0462961367531
桃園市龜山區文桃里6鄰樂善二路439號六樓,68,6800700,6800700-000,6鄰,樂善二路,,,,,,439號六樓,121.390365987318,25.0462961367531
桃園市龜山區文桃里6鄰樂善二路439號七樓,68,6800700,6800700-000,6鄰,樂善二路,,,,,,439號七樓,121.390365987318,25.0462961367531
桃園市龜山區文桃里6鄰樂善二路439號八樓,68,6800700,6800700-000,6鄰,樂善二路,,,,,,439號八樓,121.390365987318,25.0462961367531
桃園市龜山區文桃里6鄰樂善二路439號九樓,68,6800700,6800700-000,6鄰,樂善二路,,,,,,439號九樓,121.390365987318,25.0462961367531
桃園市龜山區文桃里6鄰樂善二路439號十一樓,68,6800700,6800700-000,6鄰,樂善二路,,,,,,439號十一樓,121.390365987318,25.0462961367531
桃園市龜山區文桃里6鄰樂善二路439號十二樓,68,6800700,6800700-000,6鄰,樂善二路,,,,,,439號十二樓,121.390365987318,25.0462961367531
桃園市龜山區文桃里6鄰樂善二路439號十三樓,68,6800700,6800700-000,6鄰,樂善二路,,,,,,439號十三樓,121.390365987318,25.0462961367531
桃園市龜山區文桃里6鄰樂善二路439號十四樓,68,6800700,6800700-000,6鄰,樂善二路,,,,,,439號十四樓,121.390365987318,25.0462961367531
桃園市龜山區文桃里6鄰樂善二路439號十五樓,68,6800700,6800700-000,6鄰,樂善二路,,,,,,439號十五樓,121.390365987318,25.0462961367531
桃園市龜山區文桃里6鄰樂善二路439號十六樓,68,6800700,6800700-000,6鄰,樂善二路,,,,,,439號十六樓,121.390365987318,25.0462961367531
桃園市龜山區文桃里6鄰樂善二路439號十七樓,68,6800700,6800700-000,6鄰,樂善二路,,,,,,439號十七樓,121.390365987318,25.0462961367531
桃園市龜山區文桃里6鄰樂善二路439號十八樓,68,6800700,6800700-000,6鄰,樂善二路,,,,,,439號十八樓,121.390365987318,25.0462961367531
桃園市龜山區文桃里6鄰樂善二路439號十九樓,68,6800700,6800700-000,6鄰,樂善二路,,,,,,439號十九樓,121.390365987318,25.0462961367531
桃園市龜山區文桃里6鄰樂善二路439號二十樓,68,6800700,6800700-000,6鄰,樂善二路,,,,,,439號二十樓,121.390365987318,25.0462961367531
桃園市龜山區文桃里6鄰樂善二路439號二十一樓,68,6800700,6800700-000,6鄰,樂善二路,,,,,,439號二十一樓,121.390365987318,25.0462961367531
桃園市龜山區文桃里6鄰樂善二路439號二十二樓,68,6800700,6800700-000,6鄰,樂善二路,,,,,,439號二十二樓,121.390365987318,25.0462961367531
桃園市龜山區文桃里6鄰樂善二路439號二十三樓,68,6800700,6800700-000,6鄰,樂善二路,,,,,,439號二十三樓,121.390365987318,25.0462961367531
桃園市龜山區文桃里6鄰樂善二路439號二十四樓,68,6800700,6800700-000,6鄰,樂善二路,,,,,,439號二十四樓,121.390365987318,25.0462961367531
桃園市龜山區文桃里6鄰樂善二路441號十樓,68,6800700,6800700-000,6鄰,樂善二路,,,,,,441號十樓,121.390381018755,25.0463797885864
桃園市龜山區文桃里6鄰樂善二路441號二樓,68,6800700,6800700-000,6鄰,樂善二路,,,,,,441號二樓,121.390381018755,25.0463797885864
桃園市龜山區文桃里6鄰樂善二路441號三樓,68,6800700,6800700-000,6鄰,樂善二路,,,,,,441號三樓,121.390381018755,25.0463797885864
桃園市龜山區文桃里6鄰樂善二路441號四樓,68,6800700,6800700-000,6鄰,樂善二路,,,,,,441號四樓,121.390381018755,25.0463797885864
桃園市龜山區文桃里6鄰樂善二路441號五樓,68,6800700,6800700-000,6鄰,樂善二路,,,,,,441號五樓,121.390381018755,25.0463797885864
桃園市龜山區文桃里6鄰樂善二路441號六樓,68,6800700,6800700-000,6鄰,樂善二路,,,,,,441號六樓,121.390381018755,25.0463797885864
桃園市龜山區文桃里6鄰樂善二路441號七樓,68,6800700,6800700-000,6鄰,樂善二路,,,,,,441號七樓,121.390381018755,25.0463797885864
桃園市龜山區文桃里6鄰樂善二路441號八樓,68,6800700,6800700-000,6鄰,樂善二路,,,,,,441號八樓,121.390381018755,25.0463797885864
桃園市龜山區文桃里6鄰樂善二路441號九樓,68,6800700,6800700-000,6鄰,樂善二路,,,,,,441號九樓,121.390381018755,25.0463797885864
桃園市龜山區文桃里6鄰樂善二路441號十一樓,68,6800700,6800700-000,6鄰,樂善二路,,,,,,441號十一樓,121.390381018755,25.0463797885864
桃園市龜山區文桃里6鄰樂善二路441號十二樓,68,6800700,6800700-000,6鄰,樂善二路,,,,,,441號十二樓,121.390381018755,25.0463797885864
桃園市龜山區文桃里6鄰樂善二路441號十三樓,68,6800700,6800700-000,6鄰,樂善二路,,,,,,441號十三樓,121.390381018755,25.0463797885864
桃園市龜山區文桃里6鄰樂善二路441號十四樓,68,6800700,6800700-000,6鄰,樂善二路,,,,,,441號十四樓,121.390381018755,25.0463797885864
桃園市龜山區文桃里6鄰樂善二路441號十五樓,68,6800700,6800700-000,6鄰,樂善二路,,,,,,441號十五樓,121.390381018755,25.0463797885864
桃園市龜山區文桃里6鄰樂善二路441號十六樓,68,6800700,6800700-000,6鄰,樂善二路,,,,,,441號十六樓,121.390381018755,25.0463797885864
桃園市龜山區文桃里6鄰樂善二路441號十七樓,68,6800700,6800700-000,6鄰,樂善二路,,,,,,441號十七樓,121.390381018755,25.0463797885864
桃園市龜山區文桃里6鄰樂善二路441號十八樓,68,6800700,6800700-000,6鄰,樂善二路,,,,,,441號十八樓,121.390381018755,25.0463797885864
桃園市龜山區文桃里6鄰樂善二路441號十九樓,68,6800700,6800700-000,6鄰,樂善二路,,,,,,441號十九樓,121.390381018755,25.0463797885864
桃園市龜山區文桃里6鄰樂善二路441號二十樓,68,6800700,6800700-000,6鄰,樂善二路,,,,,,441號二十樓,121.390381018755,25.0463797885864
桃園市龜山區文桃里6鄰樂善二路441號二十一樓,68,6800700,6800700-000,6鄰,樂善二路,,,,,,441號二十一樓,121.390381018755,25.0463797885864
桃園市龜山區文桃里6鄰樂善二路441號二十二樓,68,6800700,6800700-000,6鄰,樂善二路,,,,,,441號二十二樓,121.390381018755,25.0463797885864
桃園市龜山區文桃里6鄰樂善二路441號二十三樓,68,6800700,6800700-000,6鄰,樂善二路,,,,,,441號二十三樓,121.390381018755,25.0463797885864
桃園市龜山區文桃里6鄰樂善二路441號二十四樓,68,6800700,6800700-000,6鄰,樂善二路,,,,,,441號二十四樓,121.390381018755,25.0463797885864
桃園市龜山區文桃里6鄰樂善二路443號十樓,68,6800700,6800700-000,6鄰,樂善二路,,,,,,443號十樓,121.390623502866,25.0463720189337
桃園市龜山區文桃里6鄰樂善二路443號二樓,68,6800700,6800700-000,6鄰,樂善二路,,,,,,443號二樓,121.390623502866,25.0463720189337
桃園市龜山區文桃里6鄰樂善二路443號三樓,68,6800700,6800700-000,6鄰,樂善二路,,,,,,443號三樓,121.390623502866,25.0463720189337
桃園市龜山區文桃里6鄰樂善二路443號四樓,68,6800700,6800700-000,6鄰,樂善二路,,,,,,443號四樓,121.390623502866,25.0463720189337
桃園市龜山區文桃里6鄰樂善二路443號五樓,68,6800700,6800700-000,6鄰,樂善二路,,,,,,443號五樓,121.390623502866,25.0463720189337
桃園市龜山區文桃里6鄰樂善二路443號六樓,68,6800700,6800700-000,6鄰,樂善二路,,,,,,443號六樓,121.390623502866,25.0463720189337
桃園市龜山區文桃里6鄰樂善二路443號七樓,68,6800700,6800700-000,6鄰,樂善二路,,,,,,443號七樓,121.390623502866,25.0463720189337
桃園市龜山區文桃里6鄰樂善二路443號八樓,68,6800700,6800700-000,6鄰,樂善二路,,,,,,443號八樓,121.390623502866,25.0463720189337
桃園市龜山區文桃里6鄰樂善二路443號九樓,68,6800700,6800700-000,6鄰,樂善二路,,,,,,443號九樓,121.390623502866,25.0463720189337
桃園市龜山區文桃里6鄰樂善二路443號十一樓,68,6800700,6800700-000,6鄰,樂善二路,,,,,,443號十一樓,121.390623502866,25.0463720189337
桃園市龜山區文桃里6鄰樂善二路443號十二樓,68,6800700,6800700-000,6鄰,樂善二路,,,,,,443號十二樓,121.390623502866,25.0463720189337
桃園市龜山區文桃里6鄰樂善二路443號十三樓,68,6800700,6800700-000,6鄰,樂善二路,,,,,,443號十三樓,121.390623502866,25.0463720189337
桃園市龜山區文桃里6鄰樂善二路443號十四樓,68,6800700,6800700-000,6鄰,樂善二路,,,,,,443號十四樓,121.390623502866,25.0463720189337
桃園市龜山區文桃里6鄰樂善二路443號十五樓,68,6800700,6800700-000,6鄰,樂善二路,,,,,,443號十五樓,121.390623502866,25.0463720189337
桃園市龜山區文桃里6鄰樂善二路443號十六樓,68,6800700,6800700-000,6鄰,樂善二路,,,,,,443號十六樓,121.390623502866,25.0463720189337
桃園市龜山區文桃里6鄰樂善二路443號十七樓,68,6800700,6800700-000,6鄰,樂善二路,,,,,,443號十七樓,121.390623502866,25.0463720189337
桃園市龜山區文桃里6鄰樂善二路443號十八樓,68,6800700,6800700-000,6鄰,樂善二路,,,,,,443號十八樓,121.390623502866,25.0463720189337
桃園市龜山區文桃里6鄰樂善二路443號十九樓,68,6800700,6800700-000,6鄰,樂善二路,,,,,,443號十九樓,121.390623502866,25.0463720189337
桃園市龜山區文桃里6鄰樂善二路443號二十樓,68,6800700,6800700-000,6鄰,樂善二路,,,,,,443號二十樓,121.390623502866,25.0463720189337
桃園市龜山區文桃里6鄰樂善二路443號二十一樓,68,6800700,6800700-000,6鄰,樂善二路,,,,,,443號二十一樓,121.390623502866,25.0463720189337
桃園市龜山區文桃里6鄰樂善二路443號二十二樓,68,6800700,6800700-000,6鄰,樂善二路,,,,,,443號二十二樓,121.390623502866,25.0463720189337
桃園市龜山區文桃里6鄰樂善二路443號二十三樓,68,6800700,6800700-000,6鄰,樂善二路,,,,,,443號二十三樓,121.390623502866,25.0463720189337
桃園市龜山區文桃里6鄰樂善二路443號二十四樓,68,6800700,6800700-000,6鄰,樂善二路,,,,,,443號二十四樓,121.390623502866,25.0463720189337
桃園市龜山區文桃里6鄰樂善二路445號十樓,68,6800700,6800700-000,6鄰,樂善二路,,,,,,445號十樓,121.390617081266,25.0462845526485
桃園市龜山區文桃里6鄰樂善二路445號二樓,68,6800700,6800700-000,6鄰,樂善二路,,,,,,445號二樓,121.390617081266,25.0462845526485
桃園市龜山區文桃里6鄰樂善二路445號三樓,68,6800700,6800700-000,6鄰,樂善二路,,,,,,445號三樓,121.390617081266,25.0462845526485
桃園市龜山區文桃里6鄰樂善二路445號四樓,68,6800700,6800700-000,6鄰,樂善二路,,,,,,445號四樓,121.390617081266,25.0462845526485
桃園市龜山區文桃里6鄰樂善二路445號五樓,68,6800700,6800700-000,6鄰,樂善二路,,,,,,445號五樓,121.390617081266,25.0462845526485
桃園市龜山區文桃里6鄰樂善二路445號六樓,68,6800700,6800700-000,6鄰,樂善二路,,,,,,445號六樓,121.390617081266,25.0462845526485
桃園市龜山區文桃里6鄰樂善二路445號七樓,68,6800700,6800700-000,6鄰,樂善二路,,,,,,445號七樓,121.390617081266,25.0462845526485
桃園市龜山區文桃里6鄰樂善二路445號八樓,68,6800700,6800700-000,6鄰,樂善二路,,,,,,445號八樓,121.390617081266,25.0462845526485
桃園市龜山區文桃里6鄰樂善二路445號九樓,68,6800700,6800700-000,6鄰,樂善二路,,,,,,445號九樓,121.390617081266,25.0462845526485
桃園市龜山區文桃里6鄰樂善二路445號十一樓,68,6800700,6800700-000,6鄰,樂善二路,,,,,,445號十一樓,121.390617081266,25.0462845526485
桃園市龜山區文桃里6鄰樂善二路445號十二樓,68,6800700,6800700-000,6鄰,樂善二路,,,,,,445號十二樓,121.390617081266,25.0462845526485
桃園市龜山區文桃里6鄰樂善二路445號十三樓,68,6800700,6800700-000,6鄰,樂善二路,,,,,,445號十三樓,121.390617081266,25.0462845526485
桃園市龜山區文桃里6鄰樂善二路445號十四樓,68,6800700,6800700-000,6鄰,樂善二路,,,,,,445號十四樓,121.390617081266,25.0462845526485
桃園市龜山區文桃里6鄰樂善二路445號十五樓,68,6800700,6800700-000,6鄰,樂善二路,,,,,,445號十五樓,121.390617081266,25.0462845526485
桃園市龜山區文桃里6鄰樂善二路445號十六樓,68,6800700,6800700-000,6鄰,樂善二路,,,,,,445號十六樓,121.390617081266,25.0462845526485
桃園市龜山區文桃里6鄰樂善二路445號十七樓,68,6800700,6800700-000,6鄰,樂善二路,,,,,,445號十七樓,121.390617081266,25.0462845526485
桃園市龜山區文桃里6鄰樂善二路445號十八樓,68,6800700,6800700-000,6鄰,樂善二路,,,,,,445號十八樓,121.390617081266,25.0462845526485
桃園市龜山區文桃里6鄰樂善二路445號十九樓,68,6800700,6800700-000,6鄰,樂善二路,,,,,,445號十九樓,121.390617081266,25.0462845526485
桃園市龜山區文桃里6鄰樂善二路445號二十樓,68,6800700,6800700-000,6鄰,樂善二路,,,,,,445號二十樓,121.390617081266,25.0462845526485
桃園市龜山區文桃里6鄰樂善二路445號二十一樓,68,6800700,6800700-000,6鄰,樂善二路,,,,,,445號二十一樓,121.390617081266,25.0462845526485
桃園市龜山區文桃里6鄰樂善二路445號二十二樓,68,6800700,6800700-000,6鄰,樂善二路,,,,,,445號二十二樓,121.390617081266,25.0462845526485
桃園市龜山區文桃里6鄰樂善二路445號二十三樓,68,6800700,6800700-000,6鄰,樂善二路,,,,,,445號二十三樓,121.390617081266,25.0462845526485
桃園市龜山區文桃里6鄰樂善二路445號二十四樓,68,6800700,6800700-000,6鄰,樂善二路,,,,,,445號二十四樓,121.390617081266,25.0462845526485
桃園市龜山區文桃里6鄰樂善二路447號十樓,68,6800700,6800700-000,6鄰,樂善二路,,,,,,447號十樓,121.39075441511,25.0462766980925
桃園市龜山區文桃里6鄰樂善二路447號二樓,68,6800700,6800700-000,6鄰,樂善二路,,,,,,447號二樓,121.39075441511,25.0462766980925
桃園市龜山區文桃里6鄰樂善二路447號三樓,68,6800700,6800700-000,6鄰,樂善二路,,,,,,447號三樓,121.39075441511,25.0462766980925
桃園市龜山區文桃里6鄰樂善二路447號四樓,68,6800700,6800700-000,6鄰,樂善二路,,,,,,447號四樓,121.39075441511,25.0462766980925
桃園市龜山區文桃里6鄰樂善二路447號五樓,68,6800700,6800700-000,6鄰,樂善二路,,,,,,447號五樓,121.39075441511,25.0462766980925
桃園市龜山區文桃里6鄰樂善二路447號六樓,68,6800700,6800700-000,6鄰,樂善二路,,,,,,447號六樓,121.39075441511,25.0462766980925
桃園市龜山區文桃里6鄰樂善二路447號七樓,68,6800700,6800700-000,6鄰,樂善二路,,,,,,447號七樓,121.39075441511,25.0462766980925
桃園市龜山區文桃里6鄰樂善二路447號八樓,68,6800700,6800700-000,6鄰,樂善二路,,,,,,447號八樓,121.39075441511,25.0462766980925
桃園市龜山區文桃里6鄰樂善二路447號九樓,68,6800700,6800700-000,6鄰,樂善二路,,,,,,447號九樓,121.39075441511,25.0462766980925
桃園市龜山區文桃里6鄰樂善二路447號十一樓,68,6800700,6800700-000,6鄰,樂善二路,,,,,,447號十一樓,121.39075441511,25.0462766980925
桃園市龜山區文桃里6鄰樂善二路447號十二樓,68,6800700,6800700-000,6鄰,樂善二路,,,,,,447號十二樓,121.39075441511,25.0462766980925
桃園市龜山區文桃里6鄰樂善二路447號十三樓,68,6800700,6800700-000,6鄰,樂善二路,,,,,,447號十三樓,121.39075441511,25.0462766980925
桃園市龜山區文桃里6鄰樂善二路447號十四樓,68,6800700,6800700-000,6鄰,樂善二路,,,,,,447號十四樓,121.39075441511,25.0462766980925
桃園市龜山區文桃里6鄰樂善二路447號十五樓,68,6800700,6800700-000,6鄰,樂善二路,,,,,,447號十五樓,121.39075441511,25.0462766980925
桃園市龜山區文桃里6鄰樂善二路447號十六樓,68,6800700,6800700-000,6鄰,樂善二路,,,,,,447號十六樓,121.39075441511,25.0462766980925
桃園市龜山區文桃里6鄰樂善二路447號十七樓,68,6800700,6800700-000,6鄰,樂善二路,,,,,,447號十七樓,121.39075441511,25.0462766980925
桃園市龜山區文桃里6鄰樂善二路447號十八樓,68,6800700,6800700-000,6鄰,樂善二路,,,,,,447號十八樓,121.39075441511,25.0462766980925
桃園市龜山區文桃里6鄰樂善二路447號十九樓,68,6800700,6800700-000,6鄰,樂善二路,,,,,,447號十九樓,121.39075441511,25.0462766980925
桃園市龜山區文桃里6鄰樂善二路447號二十樓,68,6800700,6800700-000,6鄰,樂善二路,,,,,,447號二十樓,121.39075441511,25.0462766980925
桃園市龜山區文桃里6鄰樂善二路447號二十一樓,68,6800700,6800700-000,6鄰,樂善二路,,,,,,447號二十一樓,121.39075441511,25.0462766980925
桃園市龜山區文桃里6鄰樂善二路447號二十二樓,68,6800700,6800700-000,6鄰,樂善二路,,,,,,447號二十二樓,121.39075441511,25.0462766980925
桃園市龜山區文桃里6鄰樂善二路447號二十三樓,68,6800700,6800700-000,6鄰,樂善二路,,,,,,447號二十三樓,121.39075441511,25.0462766980925
桃園市龜山區文桃里6鄰樂善二路447號二十四樓,68,6800700,6800700-000,6鄰,樂善二路,,,,,,447號二十四樓,121.39075441511,25.0462766980925
桃園市龜山區文桃里6鄰樂善二路449號十樓,68,6800700,6800700-000,6鄰,樂善二路,,,,,,449號十樓,121.39085525949,25.0463253656072
桃園市龜山區文桃里6鄰樂善二路449號二樓,68,6800700,6800700-000,6鄰,樂善二路,,,,,,449號二樓,121.39085525949,25.0463253656072
桃園市龜山區文桃里6鄰樂善二路449號三樓,68,6800700,6800700-000,6鄰,樂善二路,,,,,,449號三樓,121.39085525949,25.0463253656072
桃園市龜山區文桃里6鄰樂善二路449號四樓,68,6800700,6800700-000,6鄰,樂善二路,,,,,,449號四樓,121.39085525949,25.0463253656072
桃園市龜山區文桃里6鄰樂善二路449號五樓,68,6800700,6800700-000,6鄰,樂善二路,,,,,,449號五樓,121.39085525949,25.0463253656072
桃園市龜山區文桃里6鄰樂善二路449號六樓,68,6800700,6800700-000,6鄰,樂善二路,,,,,,449號六樓,121.39085525949,25.0463253656072
桃園市龜山區文桃里6鄰樂善二路449號七樓,68,6800700,6800700-000,6鄰,樂善二路,,,,,,449號七樓,121.39085525949,25.0463253656072
桃園市龜山區文桃里6鄰樂善二路449號八樓,68,6800700,6800700-000,6鄰,樂善二路,,,,,,449號八樓,121.39085525949,25.0463253656072
桃園市龜山區文桃里6鄰樂善二路449號九樓,68,6800700,6800700-000,6鄰,樂善二路,,,,,,449號九樓,121.39085525949,25.0463253656072
桃園市龜山區文桃里6鄰樂善二路449號十一樓,68,6800700,6800700-000,6鄰,樂善二路,,,,,,449號十一樓,121.39085525949,25.0463253656072
桃園市龜山區文桃里6鄰樂善二路449號十二樓,68,6800700,6800700-000,6鄰,樂善二路,,,,,,449號十二樓,121.39085525949,25.0463253656072
桃園市龜山區文桃里6鄰樂善二路449號十三樓,68,6800700,6800700-000,6鄰,樂善二路,,,,,,449號十三樓,121.39085525949,25.0463253656072
桃園市龜山區文桃里6鄰樂善二路449號十四樓,68,6800700,6800700-000,6鄰,樂善二路,,,,,,449號十四樓,121.39085525949,25.0463253656072
桃園市龜山區文桃里6鄰樂善二路449號十五樓,68,6800700,6800700-000,6鄰,樂善二路,,,,,,449號十五樓,121.39085525949,25.0463253656072
桃園市龜山區文桃里6鄰樂善二路449號十六樓,68,6800700,6800700-000,6鄰,樂善二路,,,,,,449號十六樓,121.39085525949,25.0463253656072
桃園市龜山區文桃里6鄰樂善二路449號十七樓,68,6800700,6800700-000,6鄰,樂善二路,,,,,,449號十七樓,121.39085525949,25.0463253656072
桃園市龜山區文桃里6鄰樂善二路449號十八樓,68,6800700,6800700-000,6鄰,樂善二路,,,,,,449號十八樓,121.39085525949,25.0463253656072
桃園市龜山區文桃里6鄰樂善二路449號十九樓,68,6800700,6800700-000,6鄰,樂善二路,,,,,,449號十九樓,121.39085525949,25.0463253656072
桃園市龜山區文桃里6鄰樂善二路449號二十樓,68,6800700,6800700-000,6鄰,樂善二路,,,,,,449號二十樓,121.39085525949,25.0463253656072
桃園市龜山區文桃里6鄰樂善二路449號二十一樓,68,6800700,6800700-000,6鄰,樂善二路,,,,,,449號二十一樓,121.39085525949,25.0463253656072
桃園市龜山區文桃里6鄰樂善二路449號二十二樓,68,6800700,6800700-000,6鄰,樂善二路,,,,,,449號二十二樓,121.39085525949,25.0463253656072
桃園市龜山區文桃里6鄰樂善二路449號二十三樓,68,6800700,6800700-000,6鄰,樂善二路,,,,,,449號二十三樓,121.39085525949,25.0463253656072
桃園市龜山區文桃里6鄰樂善二路449號二十四樓,68,6800700,6800700-000,6鄰,樂善二路,,,,,,449號二十四樓,121.39085525949,25.0463253656072
桃園市龜山區文桃里6鄰樂善二路451號十樓,68,6800700,6800700-000,6鄰,樂善二路,,,,,,451號十樓,121.390872365501,25.0464380827029
桃園市龜山區文桃里6鄰樂善二路451號二樓,68,6800700,6800700-000,6鄰,樂善二路,,,,,,451號二樓,121.390872365501,25.0464380827029
桃園市龜山區文桃里6鄰樂善二路451號三樓,68,6800700,6800700-000,6鄰,樂善二路,,,,,,451號三樓,121.390872365501,25.0464380827029
桃園市龜山區文桃里6鄰樂善二路451號四樓,68,6800700,6800700-000,6鄰,樂善二路,,,,,,451號四樓,121.390872365501,25.0464380827029
桃園市龜山區文桃里6鄰樂善二路451號五樓,68,6800700,6800700-000,6鄰,樂善二路,,,,,,451號五樓,121.390872365501,25.0464380827029
桃園市龜山區文桃里6鄰樂善二路451號六樓,68,6800700,6800700-000,6鄰,樂善二路,,,,,,451號六樓,121.390872365501,25.0464380827029
桃園市龜山區文桃里6鄰樂善二路451號七樓,68,6800700,6800700-000,6鄰,樂善二路,,,,,,451號七樓,121.390872365501,25.0464380827029
桃園市龜山區文桃里6鄰樂善二路451號八樓,68,6800700,6800700-000,6鄰,樂善二路,,,,,,451號八樓,121.390872365501,25.0464380827029
桃園市龜山區文桃里6鄰樂善二路451號九樓,68,6800700,6800700-000,6鄰,樂善二路,,,,,,451號九樓,121.390872365501,25.0464380827029
桃園市龜山區文桃里6鄰樂善二路451號十一樓,68,6800700,6800700-000,6鄰,樂善二路,,,,,,451號十一樓,121.390872365501,25.0464380827029
桃園市龜山區文桃里6鄰樂善二路451號十二樓,68,6800700,6800700-000,6鄰,樂善二路,,,,,,451號十二樓,121.390872365501,25.0464380827029
桃園市龜山區文桃里6鄰樂善二路451號十三樓,68,6800700,6800700-000,6鄰,樂善二路,,,,,,451號十三樓,121.390872365501,25.0464380827029
桃園市龜山區文桃里6鄰樂善二路451號十四樓,68,6800700,6800700-000,6鄰,樂善二路,,,,,,451號十四樓,121.390872365501,25.0464380827029
桃園市龜山區文桃里6鄰樂善二路451號十五樓,68,6800700,6800700-000,6鄰,樂善二路,,,,,,451號十五樓,121.390872365501,25.0464380827029
桃園市龜山區文桃里6鄰樂善二路451號十六樓,68,6800700,6800700-000,6鄰,樂善二路,,,,,,451號十六樓,121.390872365501,25.0464380827029
桃園市龜山區文桃里6鄰樂善二路451號十七樓,68,6800700,6800700-000,6鄰,樂善二路,,,,,,451號十七樓,121.390872365501,25.0464380827029
桃園市龜山區文桃里6鄰樂善二路451號十八樓,68,6800700,6800700-000,6鄰,樂善二路,,,,,,451號十八樓,121.390872365501,25.0464380827029
桃園市龜山區文桃里6鄰樂善二路451號十九樓,68,6800700,6800700-000,6鄰,樂善二路,,,,,,451號十九樓,121.390872365501,25.0464380827029
桃園市龜山區文桃里6鄰樂善二路451號二十樓,68,6800700,6800700-000,6鄰,樂善二路,,,,,,451號二十樓,121.390872365501,25.0464380827029
桃園市龜山區文桃里6鄰樂善二路451號二十一樓,68,6800700,6800700-000,6鄰,樂善二路,,,,,,451號二十一樓,121.390872365501,25.0464380827029
桃園市龜山區文桃里6鄰樂善二路451號二十二樓,68,6800700,6800700-000,6鄰,樂善二路,,,,,,451號二十二樓,121.390872365501,25.0464380827029
桃園市龜山區文桃里6鄰樂善二路451號二十三樓,68,6800700,6800700-000,6鄰,樂善二路,,,,,,451號二十三樓,121.390872365501,25.0464380827029
桃園市龜山區文桃里6鄰樂善二路451號二十四樓,68,6800700,6800700-000,6鄰,樂善二路,,,,,,451號二十四樓,121.390872365501,25.0464380827029
桃園市龜山區文桃里6鄰樂善二路453號十樓,68,6800700,6800700-000,6鄰,樂善二路,,,,,,453號十樓,121.390769420482,25.0464458469186
桃園市龜山區文桃里6鄰樂善二路453號二樓,68,6800700,6800700-000,6鄰,樂善二路,,,,,,453號二樓,121.390769420482,25.0464458469186
桃園市龜山區文桃里6鄰樂善二路453號三樓,68,6800700,6800700-000,6鄰,樂善二路,,,,,,453號三樓,121.390769420482,25.0464458469186
桃園市龜山區文桃里6鄰樂善二路453號四樓,68,6800700,6800700-000,6鄰,樂善二路,,,,,,453號四樓,121.390769420482,25.0464458469186
桃園市龜山區文桃里6鄰樂善二路453號五樓,68,6800700,6800700-000,6鄰,樂善二路,,,,,,453號五樓,121.390769420482,25.0464458469186
桃園市龜山區文桃里6鄰樂善二路453號六樓,68,6800700,6800700-000,6鄰,樂善二路,,,,,,453號六樓,121.390769420482,25.0464458469186
桃園市龜山區文桃里6鄰樂善二路453號七樓,68,6800700,6800700-000,6鄰,樂善二路,,,,,,453號七樓,121.390769420482,25.0464458469186
桃園市龜山區文桃里6鄰樂善二路453號八樓,68,6800700,6800700-000,6鄰,樂善二路,,,,,,453號八樓,121.390769420482,25.0464458469186
桃園市龜山區文桃里6鄰樂善二路453號九樓,68,6800700,6800700-000,6鄰,樂善二路,,,,,,453號九樓,121.390769420482,25.0464458469186
桃園市龜山區文桃里6鄰樂善二路453號十一樓,68,6800700,6800700-000,6鄰,樂善二路,,,,,,453號十一樓,121.390769420482,25.0464458469186
桃園市龜山區文桃里6鄰樂善二路453號十二樓,68,6800700,6800700-000,6鄰,樂善二路,,,,,,453號十二樓,121.390769420482,25.0464458469186
桃園市龜山區文桃里6鄰樂善二路453號十三樓,68,6800700,6800700-000,6鄰,樂善二路,,,,,,453號十三樓,121.390769420482,25.0464458469186
桃園市龜山區文桃里6鄰樂善二路453號十四樓,68,6800700,6800700-000,6鄰,樂善二路,,,,,,453號十四樓,121.390769420482,25.0464458469186
桃園市龜山區文桃里6鄰樂善二路453號十五樓,68,6800700,6800700-000,6鄰,樂善二路,,,,,,453號十五樓,121.390769420482,25.0464458469186
桃園市龜山區文桃里6鄰樂善二路453號十六樓,68,6800700,6800700-000,6鄰,樂善二路,,,,,,453號十六樓,121.390769420482,25.0464458469186
桃園市龜山區文桃里6鄰樂善二路453號十七樓,68,6800700,6800700-000,6鄰,樂善二路,,,,,,453號十七樓,121.390769420482,25.0464458469186
桃園市龜山區文桃里6鄰樂善二路453號十八樓,68,6800700,6800700-000,6鄰,樂善二路,,,,,,453號十八樓,121.390769420482,25.0464458469186
桃園市龜山區文桃里6鄰樂善二路453號十九樓,68,6800700,6800700-000,6鄰,樂善二路,,,,,,453號十九樓,121.390769420482,25.0464458469186
桃園市龜山區文桃里6鄰樂善二路453號二十樓,68,6800700,6800700-000,6鄰,樂善二路,,,,,,453號二十樓,121.390769420482,25.0464458469186
桃園市龜山區文桃里6鄰樂善二路453號二十一樓,68,6800700,6800700-000,6鄰,樂善二路,,,,,,453號二十一樓,121.390769420482,25.0464458469186
桃園市龜山區文桃里6鄰樂善二路453號二十二樓,68,6800700,6800700-000,6鄰,樂善二路,,,,,,453號二十二樓,121.390769420482,25.0464458469186
桃園市龜山區文桃里6鄰樂善二路453號二十三樓,68,6800700,6800700-000,6鄰,樂善二路,,,,,,453號二十三樓,121.390769420482,25.0464458469186
桃園市龜山區文桃里6鄰樂善二路453號二十四樓,68,6800700,6800700-000,6鄰,樂善二路,,,,,,453號二十四樓,121.390769420482,25.0464458469186
桃園市龜山區文桃里6鄰樂善二路455號,68,6800700,6800700-000,6鄰,樂善二路,,,,,,455號,121.390769375844,25.0461503543503
桃園市龜山區文桃里6鄰樂善二路457號,68,6800700,6800700-000,6鄰,樂善二路,,,,,,457號,121.390844478548,25.0461445593079
桃園市龜山區文桃里15鄰樂善二路458號,68,6800700,6800700-000,15鄰,樂善二路,,,,,,458號,121.386715916604,25.046089457699
桃園市龜山區文桃里15鄰樂善二路460號,68,6800700,6800700-000,15鄰,樂善二路,,,,,,460號,121.386812444255,25.046089477248
桃園市龜山區文桃里15鄰樂善二路462號,68,6800700,6800700-000,15鄰,樂善二路,,,,,,462號,121.386906872317,25.0460836338763
桃園市龜山區文桃里15鄰樂善二路466號,68,6800700,6800700-000,15鄰,樂善二路,,,,,,466號,121.387014202242,25.0460836251611
桃園市龜山區文桃里15鄰樂善二路468號,68,6800700,6800700-000,15鄰,樂善二路,,,,,,468號,121.38708067687,25.0460758682939
桃園市龜山區文桃里5鄰樂善二路477號十樓,68,6800700,6800700-000,5鄰,樂善二路,,,,,,477號十樓,121.39117254378,25.046341413234
桃園市龜山區文桃里5鄰樂善二路477號二樓,68,6800700,6800700-000,5鄰,樂善二路,,,,,,477號二樓,121.39117254378,25.046341413234
桃園市龜山區文桃里5鄰樂善二路477號三樓,68,6800700,6800700-000,5鄰,樂善二路,,,,,,477號三樓,121.39117254378,25.046341413234
桃園市龜山區文桃里5鄰樂善二路477號四樓,68,6800700,6800700-000,5鄰,樂善二路,,,,,,477號四樓,121.39117254378,25.046341413234
桃園市龜山區文桃里5鄰樂善二路477號五樓,68,6800700,6800700-000,5鄰,樂善二路,,,,,,477號五樓,121.39117254378,25.046341413234
桃園市龜山區文桃里5鄰樂善二路477號六樓,68,6800700,6800700-000,5鄰,樂善二路,,,,,,477號六樓,121.39117254378,25.046341413234
桃園市龜山區文桃里5鄰樂善二路477號七樓,68,6800700,6800700-000,5鄰,樂善二路,,,,,,477號七樓,121.39117254378,25.046341413234
桃園市龜山區文桃里5鄰樂善二路477號八樓,68,6800700,6800700-000,5鄰,樂善二路,,,,,,477號八樓,121.39117254378,25.046341413234
桃園市龜山區文桃里5鄰樂善二路477號九樓,68,6800700,6800700-000,5鄰,樂善二路,,,,,,477號九樓,121.39117254378,25.046341413234
桃園市龜山區文桃里5鄰樂善二路477號十一樓,68,6800700,6800700-000,5鄰,樂善二路,,,,,,477號十一樓,121.39117254378,25.046341413234
桃園市龜山區文桃里5鄰樂善二路477號十二樓,68,6800700,6800700-000,5鄰,樂善二路,,,,,,477號十二樓,121.39117254378,25.046341413234
桃園市龜山區文桃里5鄰樂善二路477號十三樓,68,6800700,6800700-000,5鄰,樂善二路,,,,,,477號十三樓,121.39117254378,25.046341413234
桃園市龜山區文桃里5鄰樂善二路477號十四樓,68,6800700,6800700-000,5鄰,樂善二路,,,,,,477號十四樓,121.39117254378,25.046341413234
桃園市龜山區文桃里5鄰樂善二路477號十五樓,68,6800700,6800700-000,5鄰,樂善二路,,,,,,477號十五樓,121.39117254378,25.046341413234
桃園市龜山區文桃里5鄰樂善二路477號十六樓,68,6800700,6800700-000,5鄰,樂善二路,,,,,,477號十六樓,121.39117254378,25.046341413234
桃園市龜山區文桃里5鄰樂善二路477號十七樓,68,6800700,6800700-000,5鄰,樂善二路,,,,,,477號十七樓,121.39117254378,25.046341413234
桃園市龜山區文桃里5鄰樂善二路477號十八樓,68,6800700,6800700-000,5鄰,樂善二路,,,,,,477號十八樓,121.39117254378,25.046341413234
桃園市龜山區文桃里5鄰樂善二路477號十九樓,68,6800700,6800700-000,5鄰,樂善二路,,,,,,477號十九樓,121.39117254378,25.046341413234
桃園市龜山區文桃里5鄰樂善二路477號二十樓,68,6800700,6800700-000,5鄰,樂善二路,,,,,,477號二十樓,121.39117254378,25.046341413234
桃園市龜山區文桃里5鄰樂善二路477號二十一樓,68,6800700,6800700-000,5鄰,樂善二路,,,,,,477號二十一樓,121.39117254378,25.046341413234
桃園市龜山區文桃里5鄰樂善二路477號二十二樓,68,6800700,6800700-000,5鄰,樂善二路,,,,,,477號二十二樓,121.39117254378,25.046341413234
桃園市龜山區文桃里5鄰樂善二路479號十樓,68,6800700,6800700-000,5鄰,樂善二路,,,,,,479號十樓,121.39108237092,25.0463452619135
桃園市龜山區文桃里5鄰樂善二路479號二樓,68,6800700,6800700-000,5鄰,樂善二路,,,,,,479號二樓,121.39108237092,25.0463452619135
桃園市龜山區文桃里5鄰樂善二路479號三樓,68,6800700,6800700-000,5鄰,樂善二路,,,,,,479號三樓,121.39108237092,25.0463452619135
桃園市龜山區文桃里5鄰樂善二路479號四樓,68,6800700,6800700-000,5鄰,樂善二路,,,,,,479號四樓,121.39108237092,25.0463452619135
桃園市龜山區文桃里5鄰樂善二路479號五樓,68,6800700,6800700-000,5鄰,樂善二路,,,,,,479號五樓,121.39108237092,25.0463452619135
桃園市龜山區文桃里5鄰樂善二路479號六樓,68,6800700,6800700-000,5鄰,樂善二路,,,,,,479號六樓,121.39108237092,25.0463452619135
桃園市龜山區文桃里5鄰樂善二路479號七樓,68,6800700,6800700-000,5鄰,樂善二路,,,,,,479號七樓,121.39108237092,25.0463452619135
桃園市龜山區文桃里5鄰樂善二路479號八樓,68,6800700,6800700-000,5鄰,樂善二路,,,,,,479號八樓,121.39108237092,25.0463452619135
桃園市龜山區文桃里5鄰樂善二路479號九樓,68,6800700,6800700-000,5鄰,樂善二路,,,,,,479號九樓,121.39108237092,25.0463452619135
桃園市龜山區文桃里5鄰樂善二路479號十一樓,68,6800700,6800700-000,5鄰,樂善二路,,,,,,479號十一樓,121.39108237092,25.0463452619135
桃園市龜山區文桃里5鄰樂善二路479號十二樓,68,6800700,6800700-000,5鄰,樂善二路,,,,,,479號十二樓,121.39108237092,25.0463452619135
桃園市龜山區文桃里5鄰樂善二路479號十三樓,68,6800700,6800700-000,5鄰,樂善二路,,,,,,479號十三樓,121.39108237092,25.0463452619135
桃園市龜山區文桃里5鄰樂善二路479號十四樓,68,6800700,6800700-000,5鄰,樂善二路,,,,,,479號十四樓,121.39108237092,25.0463452619135
桃園市龜山區文桃里5鄰樂善二路479號十五樓,68,6800700,6800700-000,5鄰,樂善二路,,,,,,479號十五樓,121.39108237092,25.0463452619135
桃園市龜山區文桃里5鄰樂善二路479號十六樓,68,6800700,6800700-000,5鄰,樂善二路,,,,,,479號十六樓,121.39108237092,25.0463452619135
桃園市龜山區文桃里5鄰樂善二路479號十七樓,68,6800700,6800700-000,5鄰,樂善二路,,,,,,479號十七樓,121.39108237092,25.0463452619135
桃園市龜山區文桃里5鄰樂善二路479號十八樓,68,6800700,6800700-000,5鄰,樂善二路,,,,,,479號十八樓,121.39108237092,25.0463452619135
桃園市龜山區文桃里5鄰樂善二路479號十九樓,68,6800700,6800700-000,5鄰,樂善二路,,,,,,479號十九樓,121.39108237092,25.0463452619135
桃園市龜山區文桃里5鄰樂善二路479號二十樓,68,6800700,6800700-000,5鄰,樂善二路,,,,,,479號二十樓,121.39108237092,25.0463452619135
桃園市龜山區文桃里5鄰樂善二路479號二十一樓,68,6800700,6800700-000,5鄰,樂善二路,,,,,,479號二十一樓,121.39108237092,25.0463452619135
桃園市龜山區文桃里5鄰樂善二路479號二十二樓,68,6800700,6800700-000,5鄰,樂善二路,,,,,,479號二十二樓,121.39108237092,25.0463452619135
桃園市龜山區文桃里5鄰樂善二路481號十樓,68,6800700,6800700-000,5鄰,樂善二路,,,,,,481號十樓,121.391075936682,25.0462539135622
桃園市龜山區文桃里5鄰樂善二路481號二樓,68,6800700,6800700-000,5鄰,樂善二路,,,,,,481號二樓,121.391075936682,25.0462539135622
桃園市龜山區文桃里5鄰樂善二路481號三樓,68,6800700,6800700-000,5鄰,樂善二路,,,,,,481號三樓,121.391075936682,25.0462539135622
桃園市龜山區文桃里5鄰樂善二路481號四樓,68,6800700,6800700-000,5鄰,樂善二路,,,,,,481號四樓,121.391075936682,25.0462539135622
桃園市龜山區文桃里5鄰樂善二路481號五樓,68,6800700,6800700-000,5鄰,樂善二路,,,,,,481號五樓,121.391075936682,25.0462539135622
桃園市龜山區文桃里5鄰樂善二路481號六樓,68,6800700,6800700-000,5鄰,樂善二路,,,,,,481號六樓,121.391075936682,25.0462539135622
桃園市龜山區文桃里5鄰樂善二路481號七樓,68,6800700,6800700-000,5鄰,樂善二路,,,,,,481號七樓,121.391075936682,25.0462539135622
桃園市龜山區文桃里5鄰樂善二路481號八樓,68,6800700,6800700-000,5鄰,樂善二路,,,,,,481號八樓,121.391075936682,25.0462539135622
桃園市龜山區文桃里5鄰樂善二路481號九樓,68,6800700,6800700-000,5鄰,樂善二路,,,,,,481號九樓,121.391075936682,25.0462539135622
桃園市龜山區文桃里5鄰樂善二路481號十一樓,68,6800700,6800700-000,5鄰,樂善二路,,,,,,481號十一樓,121.391075936682,25.0462539135622
桃園市龜山區文桃里5鄰樂善二路481號十二樓,68,6800700,6800700-000,5鄰,樂善二路,,,,,,481號十二樓,121.391075936682,25.0462539135622
桃園市龜山區文桃里5鄰樂善二路481號十三樓,68,6800700,6800700-000,5鄰,樂善二路,,,,,,481號十三樓,121.391075936682,25.0462539135622
桃園市龜山區文桃里5鄰樂善二路481號十五樓,68,6800700,6800700-000,5鄰,樂善二路,,,,,,481號十五樓,121.391075936682,25.0462539135622
桃園市龜山區文桃里5鄰樂善二路481號十六樓,68,6800700,6800700-000,5鄰,樂善二路,,,,,,481號十六樓,121.391075936682,25.0462539135622
桃園市龜山區文桃里5鄰樂善二路481號十七樓,68,6800700,6800700-000,5鄰,樂善二路,,,,,,481號十七樓,121.391075936682,25.0462539135622
桃園市龜山區文桃里5鄰樂善二路481號十八樓,68,6800700,6800700-000,5鄰,樂善二路,,,,,,481號十八樓,121.391075936682,25.0462539135622
桃園市龜山區文桃里5鄰樂善二路481號十九樓,68,6800700,6800700-000,5鄰,樂善二路,,,,,,481號十九樓,121.391075936682,25.0462539135622
桃園市龜山區文桃里5鄰樂善二路481號二十樓,68,6800700,6800700-000,5鄰,樂善二路,,,,,,481號二十樓,121.391075936682,25.0462539135622
桃園市龜山區文桃里5鄰樂善二路481號二十一樓,68,6800700,6800700-000,5鄰,樂善二路,,,,,,481號二十一樓,121.391075936682,25.0462539135622
桃園市龜山區文桃里5鄰樂善二路481號二十二樓,68,6800700,6800700-000,5鄰,樂善二路,,,,,,481號二十二樓,121.391075936682,25.0462539135622
桃園市龜山區文桃里5鄰樂善二路483號,68,6800700,6800700-000,5鄰,樂善二路,,,,,,483號,121.391067396368,25.0461547162273
桃園市龜山區文桃里5鄰樂善二路483號十樓,68,6800700,6800700-000,5鄰,樂善二路,,,,,,483號十樓,121.391067396368,25.0461547162273
桃園市龜山區文桃里5鄰樂善二路483號二樓,68,6800700,6800700-000,5鄰,樂善二路,,,,,,483號二樓,121.391067396368,25.0461547162273
桃園市龜山區文桃里5鄰樂善二路483號三樓,68,6800700,6800700-000,5鄰,樂善二路,,,,,,483號三樓,121.391067396368,25.0461547162273
桃園市龜山區文桃里5鄰樂善二路483號四樓,68,6800700,6800700-000,5鄰,樂善二路,,,,,,483號四樓,121.391067396368,25.0461547162273
桃園市龜山區文桃里5鄰樂善二路483號五樓,68,6800700,6800700-000,5鄰,樂善二路,,,,,,483號五樓,121.391067396368,25.0461547162273
桃園市龜山區文桃里5鄰樂善二路483號六樓,68,6800700,6800700-000,5鄰,樂善二路,,,,,,483號六樓,121.391067396368,25.0461547162273
桃園市龜山區文桃里5鄰樂善二路483號七樓,68,6800700,6800700-000,5鄰,樂善二路,,,,,,483號七樓,121.391067396368,25.0461547162273
桃園市龜山區文桃里5鄰樂善二路483號八樓,68,6800700,6800700-000,5鄰,樂善二路,,,,,,483號八樓,121.391067396368,25.0461547162273
桃園市龜山區文桃里5鄰樂善二路483號九樓,68,6800700,6800700-000,5鄰,樂善二路,,,,,,483號九樓,121.391067396368,25.0461547162273
桃園市龜山區文桃里5鄰樂善二路483號十一樓,68,6800700,6800700-000,5鄰,樂善二路,,,,,,483號十一樓,121.391067396368,25.0461547162273
桃園市龜山區文桃里5鄰樂善二路483號十二樓,68,6800700,6800700-000,5鄰,樂善二路,,,,,,483號十二樓,121.391067396368,25.0461547162273
桃園市龜山區文桃里5鄰樂善二路483號十三樓,68,6800700,6800700-000,5鄰,樂善二路,,,,,,483號十三樓,121.391067396368,25.0461547162273
桃園市龜山區文桃里5鄰樂善二路483號十四樓,68,6800700,6800700-000,5鄰,樂善二路,,,,,,483號十四樓,121.391067396368,25.0461547162273
桃園市龜山區文桃里5鄰樂善二路483號十五樓,68,6800700,6800700-000,5鄰,樂善二路,,,,,,483號十五樓,121.391067396368,25.0461547162273
桃園市龜山區文桃里5鄰樂善二路483號十六樓,68,6800700,6800700-000,5鄰,樂善二路,,,,,,483號十六樓,121.391067396368,25.0461547162273
桃園市龜山區文桃里5鄰樂善二路483號十七樓,68,6800700,6800700-000,5鄰,樂善二路,,,,,,483號十七樓,121.391067396368,25.0461547162273
桃園市龜山區文桃里5鄰樂善二路483號十八樓,68,6800700,6800700-000,5鄰,樂善二路,,,,,,483號十八樓,121.391067396368,25.0461547162273
桃園市龜山區文桃里5鄰樂善二路483號十九樓,68,6800700,6800700-000,5鄰,樂善二路,,,,,,483號十九樓,121.391067396368,25.0461547162273
桃園市龜山區文桃里5鄰樂善二路483號二十樓,68,6800700,6800700-000,5鄰,樂善二路,,,,,,483號二十樓,121.391067396368,25.0461547162273
桃園市龜山區文桃里5鄰樂善二路483號二十一樓,68,6800700,6800700-000,5鄰,樂善二路,,,,,,483號二十一樓,121.391067396368,25.0461547162273
桃園市龜山區文桃里5鄰樂善二路483號二十二樓,68,6800700,6800700-000,5鄰,樂善二路,,,,,,483號二十二樓,121.391067396368,25.0461547162273
桃園市龜山區文桃里5鄰樂善二路485號,68,6800700,6800700-000,5鄰,樂善二路,,,,,,485號,121.39116609199,25.046150845118
桃園市龜山區文桃里5鄰樂善二路485號十樓,68,6800700,6800700-000,5鄰,樂善二路,,,,,,485號十樓,121.39116609199,25.046150845118
桃園市龜山區文桃里5鄰樂善二路485號二樓,68,6800700,6800700-000,5鄰,樂善二路,,,,,,485號二樓,121.39116609199,25.046150845118
桃園市龜山區文桃里5鄰樂善二路485號三樓,68,6800700,6800700-000,5鄰,樂善二路,,,,,,485號三樓,121.39116609199,25.046150845118
桃園市龜山區文桃里5鄰樂善二路485號四樓,68,6800700,6800700-000,5鄰,樂善二路,,,,,,485號四樓,121.39116609199,25.046150845118
桃園市龜山區文桃里5鄰樂善二路485號五樓,68,6800700,6800700-000,5鄰,樂善二路,,,,,,485號五樓,121.39116609199,25.046150845118
桃園市龜山區文桃里5鄰樂善二路485號六樓,68,6800700,6800700-000,5鄰,樂善二路,,,,,,485號六樓,121.39116609199,25.046150845118
桃園市龜山區文桃里5鄰樂善二路485號七樓,68,6800700,6800700-000,5鄰,樂善二路,,,,,,485號七樓,121.39116609199,25.046150845118
桃園市龜山區文桃里5鄰樂善二路485號八樓,68,6800700,6800700-000,5鄰,樂善二路,,,,,,485號八樓,121.39116609199,25.046150845118
桃園市龜山區文桃里5鄰樂善二路485號九樓,68,6800700,6800700-000,5鄰,樂善二路,,,,,,485號九樓,121.39116609199,25.046150845118
桃園市龜山區文桃里5鄰樂善二路485號十一樓,68,6800700,6800700-000,5鄰,樂善二路,,,,,,485號十一樓,121.39116609199,25.046150845118
桃園市龜山區文桃里5鄰樂善二路485號十二樓,68,6800700,6800700-000,5鄰,樂善二路,,,,,,485號十二樓,121.39116609199,25.046150845118
桃園市龜山區文桃里5鄰樂善二路485號十三樓,68,6800700,6800700-000,5鄰,樂善二路,,,,,,485號十三樓,121.39116609199,25.046150845118
桃園市龜山區文桃里5鄰樂善二路485號十四樓,68,6800700,6800700-000,5鄰,樂善二路,,,,,,485號十四樓,121.39116609199,25.046150845118
桃園市龜山區文桃里5鄰樂善二路485號十五樓,68,6800700,6800700-000,5鄰,樂善二路,,,,,,485號十五樓,121.39116609199,25.046150845118
桃園市龜山區文桃里5鄰樂善二路485號十六樓,68,6800700,6800700-000,5鄰,樂善二路,,,,,,485號十六樓,121.39116609199,25.046150845118
桃園市龜山區文桃里5鄰樂善二路485號十七樓,68,6800700,6800700-000,5鄰,樂善二路,,,,,,485號十七樓,121.39116609199,25.046150845118
桃園市龜山區文桃里5鄰樂善二路485號十八樓,68,6800700,6800700-000,5鄰,樂善二路,,,,,,485號十八樓,121.39116609199,25.046150845118
桃園市龜山區文桃里5鄰樂善二路485號十九樓,68,6800700,6800700-000,5鄰,樂善二路,,,,,,485號十九樓,121.39116609199,25.046150845118
桃園市龜山區文桃里5鄰樂善二路485號二十樓,68,6800700,6800700-000,5鄰,樂善二路,,,,,,485號二十樓,121.39116609199,25.046150845118
桃園市龜山區文桃里5鄰樂善二路485號二十一樓,68,6800700,6800700-000,5鄰,樂善二路,,,,,,485號二十一樓,121.39116609199,25.046150845118
桃園市龜山區文桃里5鄰樂善二路485號二十二樓,68,6800700,6800700-000,5鄰,樂善二路,,,,,,485號二十二樓,121.39116609199,25.046150845118
桃園市龜山區文桃里5鄰樂善二路487號,68,6800700,6800700-000,5鄰,樂善二路,,,,,,487號,121.391245474744,25.0461509069275
桃園市龜山區文桃里5鄰樂善二路487號十樓,68,6800700,6800700-000,5鄰,樂善二路,,,,,,487號十樓,121.391245474744,25.0461509069275
桃園市龜山區文桃里5鄰樂善二路487號二樓,68,6800700,6800700-000,5鄰,樂善二路,,,,,,487號二樓,121.391245474744,25.0461509069275
桃園市龜山區文桃里5鄰樂善二路487號三樓,68,6800700,6800700-000,5鄰,樂善二路,,,,,,487號三樓,121.391245474744,25.0461509069275
桃園市龜山區文桃里5鄰樂善二路487號四樓,68,6800700,6800700-000,5鄰,樂善二路,,,,,,487號四樓,121.391245474744,25.0461509069275
桃園市龜山區文桃里5鄰樂善二路487號五樓,68,6800700,6800700-000,5鄰,樂善二路,,,,,,487號五樓,121.391245474744,25.0461509069275
桃園市龜山區文桃里5鄰樂善二路487號六樓,68,6800700,6800700-000,5鄰,樂善二路,,,,,,487號六樓,121.391245474744,25.0461509069275
桃園市龜山區文桃里5鄰樂善二路487號七樓,68,6800700,6800700-000,5鄰,樂善二路,,,,,,487號七樓,121.391245474744,25.0461509069275
桃園市龜山區文桃里5鄰樂善二路487號八樓,68,6800700,6800700-000,5鄰,樂善二路,,,,,,487號八樓,121.391245474744,25.0461509069275
桃園市龜山區文桃里5鄰樂善二路487號九樓,68,6800700,6800700-000,5鄰,樂善二路,,,,,,487號九樓,121.391245474744,25.0461509069275
桃園市龜山區文桃里5鄰樂善二路487號十一樓,68,6800700,6800700-000,5鄰,樂善二路,,,,,,487號十一樓,121.391245474744,25.0461509069275
桃園市龜山區文桃里5鄰樂善二路487號十二樓,68,6800700,6800700-000,5鄰,樂善二路,,,,,,487號十二樓,121.391245474744,25.0461509069275
桃園市龜山區文桃里5鄰樂善二路487號十三樓,68,6800700,6800700-000,5鄰,樂善二路,,,,,,487號十三樓,121.391245474744,25.0461509069275
桃園市龜山區文桃里5鄰樂善二路487號十四樓,68,6800700,6800700-000,5鄰,樂善二路,,,,,,487號十四樓,121.391245474744,25.0461509069275
桃園市龜山區文桃里5鄰樂善二路487號十五樓,68,6800700,6800700-000,5鄰,樂善二路,,,,,,487號十五樓,121.391245474744,25.0461509069275
桃園市龜山區文桃里5鄰樂善二路487號十六樓,68,6800700,6800700-000,5鄰,樂善二路,,,,,,487號十六樓,121.391245474744,25.0461509069275
桃園市龜山區文桃里5鄰樂善二路487號十七樓,68,6800700,6800700-000,5鄰,樂善二路,,,,,,487號十七樓,121.391245474744,25.0461509069275
桃園市龜山區文桃里5鄰樂善二路487號十八樓,68,6800700,6800700-000,5鄰,樂善二路,,,,,,487號十八樓,121.391245474744,25.0461509069275
桃園市龜山區文桃里5鄰樂善二路487號十九樓,68,6800700,6800700-000,5鄰,樂善二路,,,,,,487號十九樓,121.391245474744,25.0461509069275
桃園市龜山區文桃里5鄰樂善二路487號二十樓,68,6800700,6800700-000,5鄰,樂善二路,,,,,,487號二十樓,121.391245474744,25.0461509069275
桃園市龜山區文桃里5鄰樂善二路487號二十一樓,68,6800700,6800700-000,5鄰,樂善二路,,,,,,487號二十一樓,121.391245474744,25.0461509069275
桃園市龜山區文桃里5鄰樂善二路487號二十二樓,68,6800700,6800700-000,5鄰,樂善二路,,,,,,487號二十二樓,121.391245474744,25.0461509069275
桃園市龜山區文桃里5鄰樂善二路489號,68,6800700,6800700-000,5鄰,樂善二路,,,,,,489號,121.391337809106,25.0461411841328
桃園市龜山區文桃里5鄰樂善二路489號十樓,68,6800700,6800700-000,5鄰,樂善二路,,,,,,489號十樓,121.391337809106,25.0461411841328
桃園市龜山區文桃里5鄰樂善二路489號二樓,68,6800700,6800700-000,5鄰,樂善二路,,,,,,489號二樓,121.391337809106,25.0461411841328
桃園市龜山區文桃里5鄰樂善二路489號三樓,68,6800700,6800700-000,5鄰,樂善二路,,,,,,489號三樓,121.391337809106,25.0461411841328
桃園市龜山區文桃里5鄰樂善二路489號四樓,68,6800700,6800700-000,5鄰,樂善二路,,,,,,489號四樓,121.391337809106,25.0461411841328
桃園市龜山區文桃里5鄰樂善二路489號五樓,68,6800700,6800700-000,5鄰,樂善二路,,,,,,489號五樓,121.391337809106,25.0461411841328
桃園市龜山區文桃里5鄰樂善二路489號六樓,68,6800700,6800700-000,5鄰,樂善二路,,,,,,489號六樓,121.391337809106,25.0461411841328
桃園市龜山區文桃里5鄰樂善二路489號七樓,68,6800700,6800700-000,5鄰,樂善二路,,,,,,489號七樓,121.391337809106,25.0461411841328
桃園市龜山區文桃里5鄰樂善二路489號八樓,68,6800700,6800700-000,5鄰,樂善二路,,,,,,489號八樓,121.391337809106,25.0461411841328
桃園市龜山區文桃里5鄰樂善二路489號九樓,68,6800700,6800700-000,5鄰,樂善二路,,,,,,489號九樓,121.391337809106,25.0461411841328
桃園市龜山區文桃里5鄰樂善二路489號十一樓,68,6800700,6800700-000,5鄰,樂善二路,,,,,,489號十一樓,121.391337809106,25.0461411841328
桃園市龜山區文桃里5鄰樂善二路489號十二樓,68,6800700,6800700-000,5鄰,樂善二路,,,,,,489號十二樓,121.391337809106,25.0461411841328
桃園市龜山區文桃里5鄰樂善二路489號十三樓,68,6800700,6800700-000,5鄰,樂善二路,,,,,,489號十三樓,121.391337809106,25.0461411841328
桃園市龜山區文桃里5鄰樂善二路489號十四樓,68,6800700,6800700-000,5鄰,樂善二路,,,,,,489號十四樓,121.391337809106,25.0461411841328
桃園市龜山區文桃里5鄰樂善二路489號十五樓,68,6800700,6800700-000,5鄰,樂善二路,,,,,,489號十五樓,121.391337809106,25.0461411841328
桃園市龜山區文桃里5鄰樂善二路489號十六樓,68,6800700,6800700-000,5鄰,樂善二路,,,,,,489號十六樓,121.391337809106,25.0461411841328
桃園市龜山區文桃里5鄰樂善二路489號十七樓,68,6800700,6800700-000,5鄰,樂善二路,,,,,,489號十七樓,121.391337809106,25.0461411841328
桃園市龜山區文桃里5鄰樂善二路489號十八樓,68,6800700,6800700-000,5鄰,樂善二路,,,,,,489號十八樓,121.391337809106,25.0461411841328
桃園市龜山區文桃里5鄰樂善二路489號十九樓,68,6800700,6800700-000,5鄰,樂善二路,,,,,,489號十九樓,121.391337809106,25.0461411841328
桃園市龜山區文桃里5鄰樂善二路489號二十樓,68,6800700,6800700-000,5鄰,樂善二路,,,,,,489號二十樓,121.391337809106,25.0461411841328
桃園市龜山區文桃里5鄰樂善二路489號二十一樓,68,6800700,6800700-000,5鄰,樂善二路,,,,,,489號二十一樓,121.391337809106,25.0461411841328
桃園市龜山區文桃里5鄰樂善二路489號二十二樓,68,6800700,6800700-000,5鄰,樂善二路,,,,,,489號二十二樓,121.391337809106,25.0461411841328
桃園市龜山區文桃里5鄰樂善二路491號十樓,68,6800700,6800700-000,5鄰,樂善二路,,,,,,491號十樓,121.391359231828,25.0463336087217
桃園市龜山區文桃里5鄰樂善二路491號二樓,68,6800700,6800700-000,5鄰,樂善二路,,,,,,491號二樓,121.391359231828,25.0463336087217
桃園市龜山區文桃里5鄰樂善二路491號三樓,68,6800700,6800700-000,5鄰,樂善二路,,,,,,491號三樓,121.391359231828,25.0463336087217
桃園市龜山區文桃里5鄰樂善二路491號四樓,68,6800700,6800700-000,5鄰,樂善二路,,,,,,491號四樓,121.391359231828,25.0463336087217
桃園市龜山區文桃里5鄰樂善二路491號五樓,68,6800700,6800700-000,5鄰,樂善二路,,,,,,491號五樓,121.391359231828,25.0463336087217
桃園市龜山區文桃里5鄰樂善二路491號六樓,68,6800700,6800700-000,5鄰,樂善二路,,,,,,491號六樓,121.391359231828,25.0463336087217
桃園市龜山區文桃里5鄰樂善二路491號七樓,68,6800700,6800700-000,5鄰,樂善二路,,,,,,491號七樓,121.391359231828,25.0463336087217
桃園市龜山區文桃里5鄰樂善二路491號八樓,68,6800700,6800700-000,5鄰,樂善二路,,,,,,491號八樓,121.391359231828,25.0463336087217
桃園市龜山區文桃里5鄰樂善二路491號九樓,68,6800700,6800700-000,5鄰,樂善二路,,,,,,491號九樓,121.391359231828,25.0463336087217
桃園市龜山區文桃里5鄰樂善二路491號十一樓,68,6800700,6800700-000,5鄰,樂善二路,,,,,,491號十一樓,121.391359231828,25.0463336087217
桃園市龜山區文桃里5鄰樂善二路491號十二樓,68,6800700,6800700-000,5鄰,樂善二路,,,,,,491號十二樓,121.391359231828,25.0463336087217
桃園市龜山區文桃里5鄰樂善二路491號十三樓,68,6800700,6800700-000,5鄰,樂善二路,,,,,,491號十三樓,121.391359231828,25.0463336087217
桃園市龜山區文桃里5鄰樂善二路491號十四樓,68,6800700,6800700-000,5鄰,樂善二路,,,,,,491號十四樓,121.391359231828,25.0463336087217
桃園市龜山區文桃里5鄰樂善二路491號十五樓,68,6800700,6800700-000,5鄰,樂善二路,,,,,,491號十五樓,121.391359231828,25.0463336087217
桃園市龜山區文桃里5鄰樂善二路491號十六樓,68,6800700,6800700-000,5鄰,樂善二路,,,,,,491號十六樓,121.391359231828,25.0463336087217
桃園市龜山區文桃里5鄰樂善二路491號十七樓,68,6800700,6800700-000,5鄰,樂善二路,,,,,,491號十七樓,121.391359231828,25.0463336087217
桃園市龜山區文桃里5鄰樂善二路491號十八樓,68,6800700,6800700-000,5鄰,樂善二路,,,,,,491號十八樓,121.391359231828,25.0463336087217
桃園市龜山區文桃里5鄰樂善二路491號十九樓,68,6800700,6800700-000,5鄰,樂善二路,,,,,,491號十九樓,121.391359231828,25.0463336087217
桃園市龜山區文桃里5鄰樂善二路491號二十樓,68,6800700,6800700-000,5鄰,樂善二路,,,,,,491號二十樓,121.391359231828,25.0463336087217
桃園市龜山區文桃里5鄰樂善二路491號二十一樓,68,6800700,6800700-000,5鄰,樂善二路,,,,,,491號二十一樓,121.391359231828,25.0463336087217
桃園市龜山區文桃里5鄰樂善二路491號二十二樓,68,6800700,6800700-000,5鄰,樂善二路,,,,,,491號二十二樓,121.391359231828,25.0463336087217
桃園市龜山區文桃里5鄰樂善二路493號十樓,68,6800700,6800700-000,5鄰,樂善二路,,,,,,493號十樓,121.391273413524,25.0463355501256
桃園市龜山區文桃里5鄰樂善二路493號二樓,68,6800700,6800700-000,5鄰,樂善二路,,,,,,493號二樓,121.391273413524,25.0463355501256
桃園市龜山區文桃里5鄰樂善二路493號三樓,68,6800700,6800700-000,5鄰,樂善二路,,,,,,493號三樓,121.391273413524,25.0463355501256
桃園市龜山區文桃里5鄰樂善二路493號四樓,68,6800700,6800700-000,5鄰,樂善二路,,,,,,493號四樓,121.391273413524,25.0463355501256
桃園市龜山區文桃里5鄰樂善二路493號五樓,68,6800700,6800700-000,5鄰,樂善二路,,,,,,493號五樓,121.391273413524,25.0463355501256
桃園市龜山區文桃里5鄰樂善二路493號六樓,68,6800700,6800700-000,5鄰,樂善二路,,,,,,493號六樓,121.391273413524,25.0463355501256
桃園市龜山區文桃里5鄰樂善二路493號七樓,68,6800700,6800700-000,5鄰,樂善二路,,,,,,493號七樓,121.391273413524,25.0463355501256
桃園市龜山區文桃里5鄰樂善二路493號八樓,68,6800700,6800700-000,5鄰,樂善二路,,,,,,493號八樓,121.391273413524,25.0463355501256
桃園市龜山區文桃里5鄰樂善二路493號九樓,68,6800700,6800700-000,5鄰,樂善二路,,,,,,493號九樓,121.391273413524,25.0463355501256
桃園市龜山區文桃里5鄰樂善二路493號十一樓,68,6800700,6800700-000,5鄰,樂善二路,,,,,,493號十一樓,121.391273413524,25.0463355501256
桃園市龜山區文桃里5鄰樂善二路493號十二樓,68,6800700,6800700-000,5鄰,樂善二路,,,,,,493號十二樓,121.391273413524,25.0463355501256
桃園市龜山區文桃里5鄰樂善二路493號十三樓,68,6800700,6800700-000,5鄰,樂善二路,,,,,,493號十三樓,121.391273413524,25.0463355501256
桃園市龜山區文桃里5鄰樂善二路493號十四樓,68,6800700,6800700-000,5鄰,樂善二路,,,,,,493號十四樓,121.391273413524,25.0463355501256
桃園市龜山區文桃里5鄰樂善二路493號十五樓,68,6800700,6800700-000,5鄰,樂善二路,,,,,,493號十五樓,121.391273413524,25.0463355501256
桃園市龜山區文桃里5鄰樂善二路493號十六樓,68,6800700,6800700-000,5鄰,樂善二路,,,,,,493號十六樓,121.391273413524,25.0463355501256
桃園市龜山區文桃里5鄰樂善二路493號十七樓,68,6800700,6800700-000,5鄰,樂善二路,,,,,,493號十七樓,121.391273413524,25.0463355501256
桃園市龜山區文桃里5鄰樂善二路493號十八樓,68,6800700,6800700-000,5鄰,樂善二路,,,,,,493號十八樓,121.391273413524,25.0463355501256
桃園市龜山區文桃里5鄰樂善二路493號十九樓,68,6800700,6800700-000,5鄰,樂善二路,,,,,,493號十九樓,121.391273413524,25.0463355501256
桃園市龜山區文桃里5鄰樂善二路493號二十樓,68,6800700,6800700-000,5鄰,樂善二路,,,,,,493號二十樓,121.391273413524,25.0463355501256
桃園市龜山區文桃里5鄰樂善二路493號二十一樓,68,6800700,6800700-000,5鄰,樂善二路,,,,,,493號二十一樓,121.391273413524,25.0463355501256
桃園市龜山區文桃里5鄰樂善二路493號二十二樓,68,6800700,6800700-000,5鄰,樂善二路,,,,,,493號二十二樓,121.391273413524,25.0463355501256
桃園市龜山區文桃里5鄰樂善二路495號十樓,68,6800700,6800700-000,5鄰,樂善二路,,,,,,495號十樓,121.391683204183,25.0463335674599
桃園市龜山區文桃里5鄰樂善二路495號二樓,68,6800700,6800700-000,5鄰,樂善二路,,,,,,495號二樓,121.391683204183,25.0463335674599
桃園市龜山區文桃里5鄰樂善二路495號三樓,68,6800700,6800700-000,5鄰,樂善二路,,,,,,495號三樓,121.391683204183,25.0463335674599
桃園市龜山區文桃里5鄰樂善二路495號四樓,68,6800700,6800700-000,5鄰,樂善二路,,,,,,495號四樓,121.391683204183,25.0463335674599
桃園市龜山區文桃里5鄰樂善二路495號五樓,68,6800700,6800700-000,5鄰,樂善二路,,,,,,495號五樓,121.391683204183,25.0463335674599
桃園市龜山區文桃里5鄰樂善二路495號六樓,68,6800700,6800700-000,5鄰,樂善二路,,,,,,495號六樓,121.391683204183,25.0463335674599
桃園市龜山區文桃里5鄰樂善二路495號七樓,68,6800700,6800700-000,5鄰,樂善二路,,,,,,495號七樓,121.391683204183,25.0463335674599
桃園市龜山區文桃里5鄰樂善二路495號八樓,68,6800700,6800700-000,5鄰,樂善二路,,,,,,495號八樓,121.391683204183,25.0463335674599
桃園市龜山區文桃里5鄰樂善二路495號九樓,68,6800700,6800700-000,5鄰,樂善二路,,,,,,495號九樓,121.391683204183,25.0463335674599
桃園市龜山區文桃里5鄰樂善二路495號十一樓,68,6800700,6800700-000,5鄰,樂善二路,,,,,,495號十一樓,121.391683204183,25.0463335674599
桃園市龜山區文桃里5鄰樂善二路495號十二樓,68,6800700,6800700-000,5鄰,樂善二路,,,,,,495號十二樓,121.391683204183,25.0463335674599
桃園市龜山區文桃里5鄰樂善二路495號十三樓,68,6800700,6800700-000,5鄰,樂善二路,,,,,,495號十三樓,121.391683204183,25.0463335674599
桃園市龜山區文桃里5鄰樂善二路495號十四樓,68,6800700,6800700-000,5鄰,樂善二路,,,,,,495號十四樓,121.391683204183,25.0463335674599
桃園市龜山區文桃里5鄰樂善二路495號十五樓,68,6800700,6800700-000,5鄰,樂善二路,,,,,,495號十五樓,121.391683204183,25.0463335674599
桃園市龜山區文桃里5鄰樂善二路495號十六樓,68,6800700,6800700-000,5鄰,樂善二路,,,,,,495號十六樓,121.391683204183,25.0463335674599
桃園市龜山區文桃里5鄰樂善二路495號十七樓,68,6800700,6800700-000,5鄰,樂善二路,,,,,,495號十七樓,121.391683204183,25.0463335674599
桃園市龜山區文桃里5鄰樂善二路495號十八樓,68,6800700,6800700-000,5鄰,樂善二路,,,,,,495號十八樓,121.391683204183,25.0463335674599
桃園市龜山區文桃里5鄰樂善二路495號十九樓,68,6800700,6800700-000,5鄰,樂善二路,,,,,,495號十九樓,121.391683204183,25.0463335674599
桃園市龜山區文桃里5鄰樂善二路495號二十樓,68,6800700,6800700-000,5鄰,樂善二路,,,,,,495號二十樓,121.391683204183,25.0463335674599
桃園市龜山區文桃里5鄰樂善二路495號二十一樓,68,6800700,6800700-000,5鄰,樂善二路,,,,,,495號二十一樓,121.391683204183,25.0463335674599
桃園市龜山區文桃里5鄰樂善二路495號二十二樓,68,6800700,6800700-000,5鄰,樂善二路,,,,,,495號二十二樓,121.391683204183,25.0463335674599
桃園市龜山區文桃里5鄰樂善二路497號十樓,68,6800700,6800700-000,5鄰,樂善二路,,,,,,497號十樓,121.391606026543,25.0463413545982
桃園市龜山區文桃里5鄰樂善二路497號二樓,68,6800700,6800700-000,5鄰,樂善二路,,,,,,497號二樓,121.391606026543,25.0463413545982
桃園市龜山區文桃里5鄰樂善二路497號三樓,68,6800700,6800700-000,5鄰,樂善二路,,,,,,497號三樓,121.391606026543,25.0463413545982
桃園市龜山區文桃里5鄰樂善二路497號四樓,68,6800700,6800700-000,5鄰,樂善二路,,,,,,497號四樓,121.391606026543,25.0463413545982
桃園市龜山區文桃里5鄰樂善二路497號五樓,68,6800700,6800700-000,5鄰,樂善二路,,,,,,497號五樓,121.391606026543,25.0463413545982
桃園市龜山區文桃里5鄰樂善二路497號六樓,68,6800700,6800700-000,5鄰,樂善二路,,,,,,497號六樓,121.391606026543,25.0463413545982
桃園市龜山區文桃里5鄰樂善二路497號七樓,68,6800700,6800700-000,5鄰,樂善二路,,,,,,497號七樓,121.391606026543,25.0463413545982
桃園市龜山區文桃里5鄰樂善二路497號八樓,68,6800700,6800700-000,5鄰,樂善二路,,,,,,497號八樓,121.391606026543,25.0463413545982
桃園市龜山區文桃里5鄰樂善二路497號九樓,68,6800700,6800700-000,5鄰,樂善二路,,,,,,497號九樓,121.391606026543,25.0463413545982
桃園市龜山區文桃里5鄰樂善二路497號十一樓,68,6800700,6800700-000,5鄰,樂善二路,,,,,,497號十一樓,121.391606026543,25.0463413545982
桃園市龜山區文桃里5鄰樂善二路497號十二樓,68,6800700,6800700-000,5鄰,樂善二路,,,,,,497號十二樓,121.391606026543,25.0463413545982
桃園市龜山區文桃里5鄰樂善二路497號十三樓,68,6800700,6800700-000,5鄰,樂善二路,,,,,,497號十三樓,121.391606026543,25.0463413545982
桃園市龜山區文桃里5鄰樂善二路497號十四樓,68,6800700,6800700-000,5鄰,樂善二路,,,,,,497號十四樓,121.391606026543,25.0463413545982
桃園市龜山區文桃里5鄰樂善二路497號十五樓,68,6800700,6800700-000,5鄰,樂善二路,,,,,,497號十五樓,121.391606026543,25.0463413545982
桃園市龜山區文桃里5鄰樂善二路497號十六樓,68,6800700,6800700-000,5鄰,樂善二路,,,,,,497號十六樓,121.391606026543,25.0463413545982
桃園市龜山區文桃里5鄰樂善二路497號十七樓,68,6800700,6800700-000,5鄰,樂善二路,,,,,,497號十七樓,121.391606026543,25.0463413545982
桃園市龜山區文桃里5鄰樂善二路497號十八樓,68,6800700,6800700-000,5鄰,樂善二路,,,,,,497號十八樓,121.391606026543,25.0463413545982
桃園市龜山區文桃里5鄰樂善二路497號十九樓,68,6800700,6800700-000,5鄰,樂善二路,,,,,,497號十九樓,121.391606026543,25.0463413545982
桃園市龜山區文桃里5鄰樂善二路497號二十樓,68,6800700,6800700-000,5鄰,樂善二路,,,,,,497號二十樓,121.391606026543,25.0463413545982
桃園市龜山區文桃里5鄰樂善二路497號二十一樓,68,6800700,6800700-000,5鄰,樂善二路,,,,,,497號二十一樓,121.391606026543,25.0463413545982
桃園市龜山區文桃里5鄰樂善二路497號二十二樓,68,6800700,6800700-000,5鄰,樂善二路,,,,,,497號二十二樓,121.391606026543,25.0463413545982
桃園市龜山區文桃里5鄰樂善二路499號,68,6800700,6800700-000,5鄰,樂善二路,,,,,,499號,121.391601686512,25.0461606216685
桃園市龜山區文桃里5鄰樂善二路499號十樓,68,6800700,6800700-000,5鄰,樂善二路,,,,,,499號十樓,121.391601686512,25.0461606216685
桃園市龜山區文桃里5鄰樂善二路499號二樓,68,6800700,6800700-000,5鄰,樂善二路,,,,,,499號二樓,121.391601686512,25.0461606216685
桃園市龜山區文桃里5鄰樂善二路499號三樓,68,6800700,6800700-000,5鄰,樂善二路,,,,,,499號三樓,121.391601686512,25.0461606216685
桃園市龜山區文桃里5鄰樂善二路499號四樓,68,6800700,6800700-000,5鄰,樂善二路,,,,,,499號四樓,121.391601686512,25.0461606216685
桃園市龜山區文桃里5鄰樂善二路499號五樓,68,6800700,6800700-000,5鄰,樂善二路,,,,,,499號五樓,121.391601686512,25.0461606216685
桃園市龜山區文桃里5鄰樂善二路499號六樓,68,6800700,6800700-000,5鄰,樂善二路,,,,,,499號六樓,121.391601686512,25.0461606216685
桃園市龜山區文桃里5鄰樂善二路499號七樓,68,6800700,6800700-000,5鄰,樂善二路,,,,,,499號七樓,121.391601686512,25.0461606216685
桃園市龜山區文桃里5鄰樂善二路499號八樓,68,6800700,6800700-000,5鄰,樂善二路,,,,,,499號八樓,121.391601686512,25.0461606216685
桃園市龜山區文桃里5鄰樂善二路499號九樓,68,6800700,6800700-000,5鄰,樂善二路,,,,,,499號九樓,121.391601686512,25.0461606216685
桃園市龜山區文桃里5鄰樂善二路499號十一樓,68,6800700,6800700-000,5鄰,樂善二路,,,,,,499號十一樓,121.391601686512,25.0461606216685
桃園市龜山區文桃里5鄰樂善二路499號十二樓,68,6800700,6800700-000,5鄰,樂善二路,,,,,,499號十二樓,121.391601686512,25.0461606216685
桃園市龜山區文桃里5鄰樂善二路499號十三樓,68,6800700,6800700-000,5鄰,樂善二路,,,,,,499號十三樓,121.391601686512,25.0461606216685
桃園市龜山區文桃里5鄰樂善二路499號十四樓,68,6800700,6800700-000,5鄰,樂善二路,,,,,,499號十四樓,121.391601686512,25.0461606216685
桃園市龜山區文桃里5鄰樂善二路499號十五樓,68,6800700,6800700-000,5鄰,樂善二路,,,,,,499號十五樓,121.391601686512,25.0461606216685
桃園市龜山區文桃里5鄰樂善二路499號十六樓,68,6800700,6800700-000,5鄰,樂善二路,,,,,,499號十六樓,121.391601686512,25.0461606216685
桃園市龜山區文桃里5鄰樂善二路499號十七樓,68,6800700,6800700-000,5鄰,樂善二路,,,,,,499號十七樓,121.391601686512,25.0461606216685
桃園市龜山區文桃里5鄰樂善二路499號十八樓,68,6800700,6800700-000,5鄰,樂善二路,,,,,,499號十八樓,121.391601686512,25.0461606216685
桃園市龜山區文桃里5鄰樂善二路499號十九樓,68,6800700,6800700-000,5鄰,樂善二路,,,,,,499號十九樓,121.391601686512,25.0461606216685
桃園市龜山區文桃里5鄰樂善二路499號二十樓,68,6800700,6800700-000,5鄰,樂善二路,,,,,,499號二十樓,121.391601686512,25.0461606216685
桃園市龜山區文桃里5鄰樂善二路499號二十一樓,68,6800700,6800700-000,5鄰,樂善二路,,,,,,499號二十一樓,121.391601686512,25.0461606216685
桃園市龜山區文桃里5鄰樂善二路499號二十二樓,68,6800700,6800700-000,5鄰,樂善二路,,,,,,499號二十二樓,121.391601686512,25.0461606216685
桃園市龜山區文桃里5鄰樂善二路501號,68,6800700,6800700-000,5鄰,樂善二路,,,,,,501號,121.39169612669,25.0461586573441
桃園市龜山區文桃里5鄰樂善二路501號十樓,68,6800700,6800700-000,5鄰,樂善二路,,,,,,501號十樓,121.39169612669,25.0461586573441
桃園市龜山區文桃里5鄰樂善二路501號二樓,68,6800700,6800700-000,5鄰,樂善二路,,,,,,501號二樓,121.39169612669,25.0461586573441
桃園市龜山區文桃里5鄰樂善二路501號三樓,68,6800700,6800700-000,5鄰,樂善二路,,,,,,501號三樓,121.39169612669,25.0461586573441
桃園市龜山區文桃里5鄰樂善二路501號四樓,68,6800700,6800700-000,5鄰,樂善二路,,,,,,501號四樓,121.39169612669,25.0461586573441
桃園市龜山區文桃里5鄰樂善二路501號五樓,68,6800700,6800700-000,5鄰,樂善二路,,,,,,501號五樓,121.39169612669,25.0461586573441
桃園市龜山區文桃里5鄰樂善二路501號六樓,68,6800700,6800700-000,5鄰,樂善二路,,,,,,501號六樓,121.39169612669,25.0461586573441
桃園市龜山區文桃里5鄰樂善二路501號七樓,68,6800700,6800700-000,5鄰,樂善二路,,,,,,501號七樓,121.39169612669,25.0461586573441
桃園市龜山區文桃里5鄰樂善二路501號八樓,68,6800700,6800700-000,5鄰,樂善二路,,,,,,501號八樓,121.39169612669,25.0461586573441
桃園市龜山區文桃里5鄰樂善二路501號九樓,68,6800700,6800700-000,5鄰,樂善二路,,,,,,501號九樓,121.39169612669,25.0461586573441
桃園市龜山區文桃里5鄰樂善二路501號十一樓,68,6800700,6800700-000,5鄰,樂善二路,,,,,,501號十一樓,121.39169612669,25.0461586573441
桃園市龜山區文桃里5鄰樂善二路501號十二樓,68,6800700,6800700-000,5鄰,樂善二路,,,,,,501號十二樓,121.39169612669,25.0461586573441
桃園市龜山區文桃里5鄰樂善二路501號十三樓,68,6800700,6800700-000,5鄰,樂善二路,,,,,,501號十三樓,121.39169612669,25.0461586573441
桃園市龜山區文桃里5鄰樂善二路501號十四樓,68,6800700,6800700-000,5鄰,樂善二路,,,,,,501號十四樓,121.39169612669,25.0461586573441
桃園市龜山區文桃里5鄰樂善二路501號十五樓,68,6800700,6800700-000,5鄰,樂善二路,,,,,,501號十五樓,121.39169612669,25.0461586573441
桃園市龜山區文桃里5鄰樂善二路501號十六樓,68,6800700,6800700-000,5鄰,樂善二路,,,,,,501號十六樓,121.39169612669,25.0461586573441
桃園市龜山區文桃里5鄰樂善二路501號十七樓,68,6800700,6800700-000,5鄰,樂善二路,,,,,,501號十七樓,121.39169612669,25.0461586573441
桃園市龜山區文桃里5鄰樂善二路501號十八樓,68,6800700,6800700-000,5鄰,樂善二路,,,,,,501號十八樓,121.39169612669,25.0461586573441
桃園市龜山區文桃里5鄰樂善二路501號十九樓,68,6800700,6800700-000,5鄰,樂善二路,,,,,,501號十九樓,121.39169612669,25.0461586573441
桃園市龜山區文桃里5鄰樂善二路501號二十樓,68,6800700,6800700-000,5鄰,樂善二路,,,,,,501號二十樓,121.39169612669,25.0461586573441
桃園市龜山區文桃里5鄰樂善二路501號二十一樓,68,6800700,6800700-000,5鄰,樂善二路,,,,,,501號二十一樓,121.39169612669,25.0461586573441
桃園市龜山區文桃里5鄰樂善二路501號二十二樓,68,6800700,6800700-000,5鄰,樂善二路,,,,,,501號二十二樓,121.39169612669,25.0461586573441
桃園市龜山區文桃里5鄰樂善二路503號,68,6800700,6800700-000,5鄰,樂善二路,,,,,,503號,121.391792635701,25.046152805382
桃園市龜山區文桃里5鄰樂善二路503號十樓,68,6800700,6800700-000,5鄰,樂善二路,,,,,,503號十樓,121.391792635701,25.046152805382
桃園市龜山區文桃里5鄰樂善二路503號二樓,68,6800700,6800700-000,5鄰,樂善二路,,,,,,503號二樓,121.391792635701,25.046152805382
桃園市龜山區文桃里5鄰樂善二路503號三樓,68,6800700,6800700-000,5鄰,樂善二路,,,,,,503號三樓,121.391792635701,25.046152805382
桃園市龜山區文桃里5鄰樂善二路503號四樓,68,6800700,6800700-000,5鄰,樂善二路,,,,,,503號四樓,121.391792635701,25.046152805382
桃園市龜山區文桃里5鄰樂善二路503號五樓,68,6800700,6800700-000,5鄰,樂善二路,,,,,,503號五樓,121.391792635701,25.046152805382
桃園市龜山區文桃里5鄰樂善二路503號六樓,68,6800700,6800700-000,5鄰,樂善二路,,,,,,503號六樓,121.391792635701,25.046152805382
桃園市龜山區文桃里5鄰樂善二路503號七樓,68,6800700,6800700-000,5鄰,樂善二路,,,,,,503號七樓,121.391792635701,25.046152805382
桃園市龜山區文桃里5鄰樂善二路503號八樓,68,6800700,6800700-000,5鄰,樂善二路,,,,,,503號八樓,121.391792635701,25.046152805382
桃園市龜山區文桃里5鄰樂善二路503號九樓,68,6800700,6800700-000,5鄰,樂善二路,,,,,,503號九樓,121.391792635701,25.046152805382
桃園市龜山區文桃里5鄰樂善二路503號十一樓,68,6800700,6800700-000,5鄰,樂善二路,,,,,,503號十一樓,121.391792635701,25.046152805382
桃園市龜山區文桃里5鄰樂善二路503號十二樓,68,6800700,6800700-000,5鄰,樂善二路,,,,,,503號十二樓,121.391792635701,25.046152805382
桃園市龜山區文桃里5鄰樂善二路503號十三樓,68,6800700,6800700-000,5鄰,樂善二路,,,,,,503號十三樓,121.391792635701,25.046152805382
桃園市龜山區文桃里5鄰樂善二路503號十四樓,68,6800700,6800700-000,5鄰,樂善二路,,,,,,503號十四樓,121.391792635701,25.046152805382
桃園市龜山區文桃里5鄰樂善二路503號十五樓,68,6800700,6800700-000,5鄰,樂善二路,,,,,,503號十五樓,121.391792635701,25.046152805382
桃園市龜山區文桃里5鄰樂善二路503號十六樓,68,6800700,6800700-000,5鄰,樂善二路,,,,,,503號十六樓,121.391792635701,25.046152805382
桃園市龜山區文桃里5鄰樂善二路503號十七樓,68,6800700,6800700-000,5鄰,樂善二路,,,,,,503號十七樓,121.391792635701,25.046152805382
桃園市龜山區文桃里5鄰樂善二路503號十八樓,68,6800700,6800700-000,5鄰,樂善二路,,,,,,503號十八樓,121.391792635701,25.046152805382
桃園市龜山區文桃里5鄰樂善二路503號十九樓,68,6800700,6800700-000,5鄰,樂善二路,,,,,,503號十九樓,121.391792635701,25.046152805382
桃園市龜山區文桃里5鄰樂善二路503號二十樓,68,6800700,6800700-000,5鄰,樂善二路,,,,,,503號二十樓,121.391792635701,25.046152805382
桃園市龜山區文桃里5鄰樂善二路503號二十一樓,68,6800700,6800700-000,5鄰,樂善二路,,,,,,503號二十一樓,121.391792635701,25.046152805382
桃園市龜山區文桃里5鄰樂善二路503號二十二樓,68,6800700,6800700-000,5鄰,樂善二路,,,,,,503號二十二樓,121.391792635701,25.046152805382
桃園市龜山區文桃里5鄰樂善二路505號,68,6800700,6800700-000,5鄰,樂善二路,,,,,,505號,121.391889262458,25.0461528213703
桃園市龜山區文桃里5鄰樂善二路505號十樓,68,6800700,6800700-000,5鄰,樂善二路,,,,,,505號十樓,121.391889262458,25.0461528213703
桃園市龜山區文桃里5鄰樂善二路505號二樓,68,6800700,6800700-000,5鄰,樂善二路,,,,,,505號二樓,121.391889262458,25.0461528213703
桃園市龜山區文桃里5鄰樂善二路505號三樓,68,6800700,6800700-000,5鄰,樂善二路,,,,,,505號三樓,121.391889262458,25.0461528213703
桃園市龜山區文桃里5鄰樂善二路505號四樓,68,6800700,6800700-000,5鄰,樂善二路,,,,,,505號四樓,121.391889262458,25.0461528213703
桃園市龜山區文桃里5鄰樂善二路505號五樓,68,6800700,6800700-000,5鄰,樂善二路,,,,,,505號五樓,121.391889262458,25.0461528213703
桃園市龜山區文桃里5鄰樂善二路505號六樓,68,6800700,6800700-000,5鄰,樂善二路,,,,,,505號六樓,121.391889262458,25.0461528213703
桃園市龜山區文桃里5鄰樂善二路505號七樓,68,6800700,6800700-000,5鄰,樂善二路,,,,,,505號七樓,121.391889262458,25.0461528213703
桃園市龜山區文桃里5鄰樂善二路505號八樓,68,6800700,6800700-000,5鄰,樂善二路,,,,,,505號八樓,121.391889262458,25.0461528213703
桃園市龜山區文桃里5鄰樂善二路505號九樓,68,6800700,6800700-000,5鄰,樂善二路,,,,,,505號九樓,121.391889262458,25.0461528213703
桃園市龜山區文桃里5鄰樂善二路505號十一樓,68,6800700,6800700-000,5鄰,樂善二路,,,,,,505號十一樓,121.391889262458,25.0461528213703
桃園市龜山區文桃里5鄰樂善二路505號十二樓,68,6800700,6800700-000,5鄰,樂善二路,,,,,,505號十二樓,121.391889262458,25.0461528213703
桃園市龜山區文桃里5鄰樂善二路505號十三樓,68,6800700,6800700-000,5鄰,樂善二路,,,,,,505號十三樓,121.391889262458,25.0461528213703
桃園市龜山區文桃里5鄰樂善二路505號十四樓,68,6800700,6800700-000,5鄰,樂善二路,,,,,,505號十四樓,121.391889262458,25.0461528213703
桃園市龜山區文桃里5鄰樂善二路505號十五樓,68,6800700,6800700-000,5鄰,樂善二路,,,,,,505號十五樓,121.391889262458,25.0461528213703
桃園市龜山區文桃里5鄰樂善二路505號十六樓,68,6800700,6800700-000,5鄰,樂善二路,,,,,,505號十六樓,121.391889262458,25.0461528213703
桃園市龜山區文桃里5鄰樂善二路505號十七樓,68,6800700,6800700-000,5鄰,樂善二路,,,,,,505號十七樓,121.391889262458,25.0461528213703
桃園市龜山區文桃里5鄰樂善二路505號十八樓,68,6800700,6800700-000,5鄰,樂善二路,,,,,,505號十八樓,121.391889262458,25.0461528213703
桃園市龜山區文桃里5鄰樂善二路505號十九樓,68,6800700,6800700-000,5鄰,樂善二路,,,,,,505號十九樓,121.391889262458,25.0461528213703
桃園市龜山區文桃里5鄰樂善二路505號二十樓,68,6800700,6800700-000,5鄰,樂善二路,,,,,,505號二十樓,121.391889262458,25.0461528213703
桃園市龜山區文桃里5鄰樂善二路505號二十一樓,68,6800700,6800700-000,5鄰,樂善二路,,,,,,505號二十一樓,121.391889262458,25.0461528213703
桃園市龜山區文桃里5鄰樂善二路505號二十二樓,68,6800700,6800700-000,5鄰,樂善二路,,,,,,505號二十二樓,121.391889262458,25.0461528213703
桃園市龜山區文桃里5鄰樂善二路507號十樓,68,6800700,6800700-000,5鄰,樂善二路,,,,,,507號十樓,121.391897797119,25.0462500324647
桃園市龜山區文桃里5鄰樂善二路507號二樓,68,6800700,6800700-000,5鄰,樂善二路,,,,,,507號二樓,121.391897797119,25.0462500324647
桃園市龜山區文桃里5鄰樂善二路507號三樓,68,6800700,6800700-000,5鄰,樂善二路,,,,,,507號三樓,121.391897797119,25.0462500324647
桃園市龜山區文桃里5鄰樂善二路507號四樓,68,6800700,6800700-000,5鄰,樂善二路,,,,,,507號四樓,121.391897797119,25.0462500324647
桃園市龜山區文桃里5鄰樂善二路507號五樓,68,6800700,6800700-000,5鄰,樂善二路,,,,,,507號五樓,121.391897797119,25.0462500324647
桃園市龜山區文桃里5鄰樂善二路507號六樓,68,6800700,6800700-000,5鄰,樂善二路,,,,,,507號六樓,121.391897797119,25.0462500324647
桃園市龜山區文桃里5鄰樂善二路507號七樓,68,6800700,6800700-000,5鄰,樂善二路,,,,,,507號七樓,121.391897797119,25.0462500324647
桃園市龜山區文桃里5鄰樂善二路507號八樓,68,6800700,6800700-000,5鄰,樂善二路,,,,,,507號八樓,121.391897797119,25.0462500324647
桃園市龜山區文桃里5鄰樂善二路507號九樓,68,6800700,6800700-000,5鄰,樂善二路,,,,,,507號九樓,121.391897797119,25.0462500324647
桃園市龜山區文桃里5鄰樂善二路507號十一樓,68,6800700,6800700-000,5鄰,樂善二路,,,,,,507號十一樓,121.391897797119,25.0462500324647
桃園市龜山區文桃里5鄰樂善二路507號十二樓,68,6800700,6800700-000,5鄰,樂善二路,,,,,,507號十二樓,121.391897797119,25.0462500324647
桃園市龜山區文桃里5鄰樂善二路507號十三樓,68,6800700,6800700-000,5鄰,樂善二路,,,,,,507號十三樓,121.391897797119,25.0462500324647
桃園市龜山區文桃里5鄰樂善二路507號十五樓,68,6800700,6800700-000,5鄰,樂善二路,,,,,,507號十五樓,121.391897797119,25.0462500324647
桃園市龜山區文桃里5鄰樂善二路507號十六樓,68,6800700,6800700-000,5鄰,樂善二路,,,,,,507號十六樓,121.391897797119,25.0462500324647
桃園市龜山區文桃里5鄰樂善二路507號十七樓,68,6800700,6800700-000,5鄰,樂善二路,,,,,,507號十七樓,121.391897797119,25.0462500324647
桃園市龜山區文桃里5鄰樂善二路507號十八樓,68,6800700,6800700-000,5鄰,樂善二路,,,,,,507號十八樓,121.391897797119,25.0462500324647
桃園市龜山區文桃里5鄰樂善二路507號十九樓,68,6800700,6800700-000,5鄰,樂善二路,,,,,,507號十九樓,121.391897797119,25.0462500324647
桃園市龜山區文桃里5鄰樂善二路507號二十樓,68,6800700,6800700-000,5鄰,樂善二路,,,,,,507號二十樓,121.391897797119,25.0462500324647
桃園市龜山區文桃里5鄰樂善二路507號二十一樓,68,6800700,6800700-000,5鄰,樂善二路,,,,,,507號二十一樓,121.391897797119,25.0462500324647
桃園市龜山區文桃里5鄰樂善二路507號二十二樓,68,6800700,6800700-000,5鄰,樂善二路,,,,,,507號二十二樓,121.391897797119,25.0462500324647
桃園市龜山區文桃里5鄰樂善二路509號十樓,68,6800700,6800700-000,5鄰,樂善二路,,,,,,509號十樓,121.391899958169,25.0463375099255
桃園市龜山區文桃里5鄰樂善二路509號二樓,68,6800700,6800700-000,5鄰,樂善二路,,,,,,509號二樓,121.391899958169,25.0463375099255
桃園市龜山區文桃里5鄰樂善二路509號三樓,68,6800700,6800700-000,5鄰,樂善二路,,,,,,509號三樓,121.391899958169,25.0463375099255
桃園市龜山區文桃里5鄰樂善二路509號四樓,68,6800700,6800700-000,5鄰,樂善二路,,,,,,509號四樓,121.391899958169,25.0463375099255
桃園市龜山區文桃里5鄰樂善二路509號五樓,68,6800700,6800700-000,5鄰,樂善二路,,,,,,509號五樓,121.391899958169,25.0463375099255
桃園市龜山區文桃里5鄰樂善二路509號六樓,68,6800700,6800700-000,5鄰,樂善二路,,,,,,509號六樓,121.391899958169,25.0463375099255
桃園市龜山區文桃里5鄰樂善二路509號七樓,68,6800700,6800700-000,5鄰,樂善二路,,,,,,509號七樓,121.391899958169,25.0463375099255
桃園市龜山區文桃里5鄰樂善二路509號八樓,68,6800700,6800700-000,5鄰,樂善二路,,,,,,509號八樓,121.391899958169,25.0463375099255
桃園市龜山區文桃里5鄰樂善二路509號九樓,68,6800700,6800700-000,5鄰,樂善二路,,,,,,509號九樓,121.391899958169,25.0463375099255
桃園市龜山區文桃里5鄰樂善二路509號十一樓,68,6800700,6800700-000,5鄰,樂善二路,,,,,,509號十一樓,121.391899958169,25.0463375099255
桃園市龜山區文桃里5鄰樂善二路509號十二樓,68,6800700,6800700-000,5鄰,樂善二路,,,,,,509號十二樓,121.391899958169,25.0463375099255
桃園市龜山區文桃里5鄰樂善二路509號十三樓,68,6800700,6800700-000,5鄰,樂善二路,,,,,,509號十三樓,121.391899958169,25.0463375099255
桃園市龜山區文桃里5鄰樂善二路509號十四樓,68,6800700,6800700-000,5鄰,樂善二路,,,,,,509號十四樓,121.391899958169,25.0463375099255
桃園市龜山區文桃里5鄰樂善二路509號十五樓,68,6800700,6800700-000,5鄰,樂善二路,,,,,,509號十五樓,121.391899958169,25.0463375099255
桃園市龜山區文桃里5鄰樂善二路509號十六樓,68,6800700,6800700-000,5鄰,樂善二路,,,,,,509號十六樓,121.391899958169,25.0463375099255
桃園市龜山區文桃里5鄰樂善二路509號十七樓,68,6800700,6800700-000,5鄰,樂善二路,,,,,,509號十七樓,121.391899958169,25.0463375099255
桃園市龜山區文桃里5鄰樂善二路509號十八樓,68,6800700,6800700-000,5鄰,樂善二路,,,,,,509號十八樓,121.391899958169,25.0463375099255
桃園市龜山區文桃里5鄰樂善二路509號十九樓,68,6800700,6800700-000,5鄰,樂善二路,,,,,,509號十九樓,121.391899958169,25.0463375099255
桃園市龜山區文桃里5鄰樂善二路509號二十樓,68,6800700,6800700-000,5鄰,樂善二路,,,,,,509號二十樓,121.391899958169,25.0463375099255
桃園市龜山區文桃里5鄰樂善二路509號二十一樓,68,6800700,6800700-000,5鄰,樂善二路,,,,,,509號二十一樓,121.391899958169,25.0463375099255
桃園市龜山區文桃里5鄰樂善二路509號二十二樓,68,6800700,6800700-000,5鄰,樂善二路,,,,,,509號二十二樓,121.391899958169,25.0463375099255
桃園市龜山區文桃里5鄰樂善二路511號十樓,68,6800700,6800700-000,5鄰,樂善二路,,,,,,511號十樓,121.391784074178,25.0463277942863
桃園市龜山區文桃里5鄰樂善二路511號二樓,68,6800700,6800700-000,5鄰,樂善二路,,,,,,511號二樓,121.391784074178,25.0463277942863
桃園市龜山區文桃里5鄰樂善二路511號三樓,68,6800700,6800700-000,5鄰,樂善二路,,,,,,511號三樓,121.391784074178,25.0463277942863
桃園市龜山區文桃里5鄰樂善二路511號四樓,68,6800700,6800700-000,5鄰,樂善二路,,,,,,511號四樓,121.391784074178,25.0463277942863
桃園市龜山區文桃里5鄰樂善二路511號五樓,68,6800700,6800700-000,5鄰,樂善二路,,,,,,511號五樓,121.391784074178,25.0463277942863
桃園市龜山區文桃里5鄰樂善二路511號六樓,68,6800700,6800700-000,5鄰,樂善二路,,,,,,511號六樓,121.391784074178,25.0463277942863
桃園市龜山區文桃里5鄰樂善二路511號七樓,68,6800700,6800700-000,5鄰,樂善二路,,,,,,511號七樓,121.391784074178,25.0463277942863
桃園市龜山區文桃里5鄰樂善二路511號八樓,68,6800700,6800700-000,5鄰,樂善二路,,,,,,511號八樓,121.391784074178,25.0463277942863
桃園市龜山區文桃里5鄰樂善二路511號九樓,68,6800700,6800700-000,5鄰,樂善二路,,,,,,511號九樓,121.391784074178,25.0463277942863
桃園市龜山區文桃里5鄰樂善二路511號十一樓,68,6800700,6800700-000,5鄰,樂善二路,,,,,,511號十一樓,121.391784074178,25.0463277942863
桃園市龜山區文桃里5鄰樂善二路511號十二樓,68,6800700,6800700-000,5鄰,樂善二路,,,,,,511號十二樓,121.391784074178,25.0463277942863
桃園市龜山區文桃里5鄰樂善二路511號十三樓,68,6800700,6800700-000,5鄰,樂善二路,,,,,,511號十三樓,121.391784074178,25.0463277942863
桃園市龜山區文桃里5鄰樂善二路511號十四樓,68,6800700,6800700-000,5鄰,樂善二路,,,,,,511號十四樓,121.391784074178,25.0463277942863
桃園市龜山區文桃里5鄰樂善二路511號十五樓,68,6800700,6800700-000,5鄰,樂善二路,,,,,,511號十五樓,121.391784074178,25.0463277942863
桃園市龜山區文桃里5鄰樂善二路511號十六樓,68,6800700,6800700-000,5鄰,樂善二路,,,,,,511號十六樓,121.391784074178,25.0463277942863
桃園市龜山區文桃里5鄰樂善二路511號十七樓,68,6800700,6800700-000,5鄰,樂善二路,,,,,,511號十七樓,121.391784074178,25.0463277942863
桃園市龜山區文桃里5鄰樂善二路511號十八樓,68,6800700,6800700-000,5鄰,樂善二路,,,,,,511號十八樓,121.391784074178,25.0463277942863
桃園市龜山區文桃里5鄰樂善二路511號十九樓,68,6800700,6800700-000,5鄰,樂善二路,,,,,,511號十九樓,121.391784074178,25.0463277942863
桃園市龜山區文桃里5鄰樂善二路511號二十樓,68,6800700,6800700-000,5鄰,樂善二路,,,,,,511號二十樓,121.391784074178,25.0463277942863
桃園市龜山區文桃里5鄰樂善二路511號二十一樓,68,6800700,6800700-000,5鄰,樂善二路,,,,,,511號二十一樓,121.391784074178,25.0463277942863
桃園市龜山區文桃里5鄰樂善二路511號二十二樓,68,6800700,6800700-000,5鄰,樂善二路,,,,,,511號二十二樓,121.391784074178,25.0463277942863
桃園市龜山區文桃里3鄰樂善二路513號,68,6800700,6800700-000,3鄰,樂善二路,,,,,,513號,121.392278453318,25.0460619637349
桃園市龜山區文桃里3鄰樂善二路513號十樓,68,6800700,6800700-000,3鄰,樂善二路,,,,,,513號十樓,121.392278453318,25.0460619637349
桃園市龜山區文桃里3鄰樂善二路513號二樓,68,6800700,6800700-000,3鄰,樂善二路,,,,,,513號二樓,121.392278453318,25.0460619637349
桃園市龜山區文桃里3鄰樂善二路513號三樓,68,6800700,6800700-000,3鄰,樂善二路,,,,,,513號三樓,121.392278453318,25.0460619637349
桃園市龜山區文桃里3鄰樂善二路513號四樓,68,6800700,6800700-000,3鄰,樂善二路,,,,,,513號四樓,121.392278453318,25.0460619637349
桃園市龜山區文桃里3鄰樂善二路513號五樓,68,6800700,6800700-000,3鄰,樂善二路,,,,,,513號五樓,121.392278453318,25.0460619637349
桃園市龜山區文桃里3鄰樂善二路513號六樓,68,6800700,6800700-000,3鄰,樂善二路,,,,,,513號六樓,121.392278453318,25.0460619637349
桃園市龜山區文桃里3鄰樂善二路513號七樓,68,6800700,6800700-000,3鄰,樂善二路,,,,,,513號七樓,121.392278453318,25.0460619637349
桃園市龜山區文桃里3鄰樂善二路513號八樓,68,6800700,6800700-000,3鄰,樂善二路,,,,,,513號八樓,121.392278453318,25.0460619637349
桃園市龜山區文桃里3鄰樂善二路513號九樓,68,6800700,6800700-000,3鄰,樂善二路,,,,,,513號九樓,121.392278453318,25.0460619637349
桃園市龜山區文桃里3鄰樂善二路513號十一樓,68,6800700,6800700-000,3鄰,樂善二路,,,,,,513號十一樓,121.392278453318,25.0460619637349
桃園市龜山區文桃里3鄰樂善二路513號十二樓,68,6800700,6800700-000,3鄰,樂善二路,,,,,,513號十二樓,121.392278453318,25.0460619637349
桃園市龜山區文桃里3鄰樂善二路513號十三樓,68,6800700,6800700-000,3鄰,樂善二路,,,,,,513號十三樓,121.392278453318,25.0460619637349
桃園市龜山區文桃里3鄰樂善二路513號十四樓,68,6800700,6800700-000,3鄰,樂善二路,,,,,,513號十四樓,121.392278453318,25.0460619637349
桃園市龜山區文桃里3鄰樂善二路513號十五樓,68,6800700,6800700-000,3鄰,樂善二路,,,,,,513號十五樓,121.392278453318,25.0460619637349
桃園市龜山區文桃里3鄰樂善二路513號十六樓,68,6800700,6800700-000,3鄰,樂善二路,,,,,,513號十六樓,121.392278453318,25.0460619637349
桃園市龜山區文桃里3鄰樂善二路513號十七樓,68,6800700,6800700-000,3鄰,樂善二路,,,,,,513號十七樓,121.392278453318,25.0460619637349
桃園市龜山區文桃里3鄰樂善二路513號十八樓,68,6800700,6800700-000,3鄰,樂善二路,,,,,,513號十八樓,121.392278453318,25.0460619637349
桃園市龜山區文桃里3鄰樂善二路513號十九樓,68,6800700,6800700-000,3鄰,樂善二路,,,,,,513號十九樓,121.392278453318,25.0460619637349
桃園市龜山區文桃里3鄰樂善二路515號,68,6800700,6800700-000,3鄰,樂善二路,,,,,,515號,121.392396461624,25.0460541586914
桃園市龜山區文桃里3鄰樂善二路515號十樓,68,6800700,6800700-000,3鄰,樂善二路,,,,,,515號十樓,121.392396461624,25.0460541586914
桃園市龜山區文桃里3鄰樂善二路515號二樓,68,6800700,6800700-000,3鄰,樂善二路,,,,,,515號二樓,121.392396461624,25.0460541586914
桃園市龜山區文桃里3鄰樂善二路515號三樓,68,6800700,6800700-000,3鄰,樂善二路,,,,,,515號三樓,121.392396461624,25.0460541586914
桃園市龜山區文桃里3鄰樂善二路515號四樓,68,6800700,6800700-000,3鄰,樂善二路,,,,,,515號四樓,121.392396461624,25.0460541586914
桃園市龜山區文桃里3鄰樂善二路515號五樓,68,6800700,6800700-000,3鄰,樂善二路,,,,,,515號五樓,121.392396461624,25.0460541586914
桃園市龜山區文桃里3鄰樂善二路515號六樓,68,6800700,6800700-000,3鄰,樂善二路,,,,,,515號六樓,121.392396461624,25.0460541586914
桃園市龜山區文桃里3鄰樂善二路515號七樓,68,6800700,6800700-000,3鄰,樂善二路,,,,,,515號七樓,121.392396461624,25.0460541586914
桃園市龜山區文桃里3鄰樂善二路515號八樓,68,6800700,6800700-000,3鄰,樂善二路,,,,,,515號八樓,121.392396461624,25.0460541586914
桃園市龜山區文桃里3鄰樂善二路515號九樓,68,6800700,6800700-000,3鄰,樂善二路,,,,,,515號九樓,121.392396461624,25.0460541586914
桃園市龜山區文桃里3鄰樂善二路515號十一樓,68,6800700,6800700-000,3鄰,樂善二路,,,,,,515號十一樓,121.392396461624,25.0460541586914
桃園市龜山區文桃里3鄰樂善二路515號十二樓,68,6800700,6800700-000,3鄰,樂善二路,,,,,,515號十二樓,121.392396461624,25.0460541586914
桃園市龜山區文桃里3鄰樂善二路515號十三樓,68,6800700,6800700-000,3鄰,樂善二路,,,,,,515號十三樓,121.392396461624,25.0460541586914
桃園市龜山區文桃里3鄰樂善二路515號十四樓,68,6800700,6800700-000,3鄰,樂善二路,,,,,,515號十四樓,121.392396461624,25.0460541586914
桃園市龜山區文桃里3鄰樂善二路515號十五樓,68,6800700,6800700-000,3鄰,樂善二路,,,,,,515號十五樓,121.392396461624,25.0460541586914
桃園市龜山區文桃里3鄰樂善二路515號十六樓,68,6800700,6800700-000,3鄰,樂善二路,,,,,,515號十六樓,121.392396461624,25.0460541586914
桃園市龜山區文桃里3鄰樂善二路515號十七樓,68,6800700,6800700-000,3鄰,樂善二路,,,,,,515號十七樓,121.392396461624,25.0460541586914
桃園市龜山區文桃里3鄰樂善二路515號十八樓,68,6800700,6800700-000,3鄰,樂善二路,,,,,,515號十八樓,121.392396461624,25.0460541586914
桃園市龜山區文桃里3鄰樂善二路515號十九樓,68,6800700,6800700-000,3鄰,樂善二路,,,,,,515號十九樓,121.392396461624,25.0460541586914
桃園市龜山區文桃里3鄰樂善二路517號,68,6800700,6800700-000,3鄰,樂善二路,,,,,,517號,121.392495163146,25.0460521826045
桃園市龜山區文桃里3鄰樂善二路517號十樓,68,6800700,6800700-000,3鄰,樂善二路,,,,,,517號十樓,121.392495163146,25.0460521826045
桃園市龜山區文桃里3鄰樂善二路517號二樓,68,6800700,6800700-000,3鄰,樂善二路,,,,,,517號二樓,121.392495163146,25.0460521826045
桃園市龜山區文桃里3鄰樂善二路517號三樓,68,6800700,6800700-000,3鄰,樂善二路,,,,,,517號三樓,121.392495163146,25.0460521826045
桃園市龜山區文桃里3鄰樂善二路517號四樓,68,6800700,6800700-000,3鄰,樂善二路,,,,,,517號四樓,121.392495163146,25.0460521826045
桃園市龜山區文桃里3鄰樂善二路517號五樓,68,6800700,6800700-000,3鄰,樂善二路,,,,,,517號五樓,121.392495163146,25.0460521826045
桃園市龜山區文桃里3鄰樂善二路517號六樓,68,6800700,6800700-000,3鄰,樂善二路,,,,,,517號六樓,121.392495163146,25.0460521826045
桃園市龜山區文桃里3鄰樂善二路517號七樓,68,6800700,6800700-000,3鄰,樂善二路,,,,,,517號七樓,121.392495163146,25.0460521826045
桃園市龜山區文桃里3鄰樂善二路517號八樓,68,6800700,6800700-000,3鄰,樂善二路,,,,,,517號八樓,121.392495163146,25.0460521826045
桃園市龜山區文桃里3鄰樂善二路517號九樓,68,6800700,6800700-000,3鄰,樂善二路,,,,,,517號九樓,121.392495163146,25.0460521826045
桃園市龜山區文桃里3鄰樂善二路517號十一樓,68,6800700,6800700-000,3鄰,樂善二路,,,,,,517號十一樓,121.392495163146,25.0460521826045
桃園市龜山區文桃里3鄰樂善二路517號十二樓,68,6800700,6800700-000,3鄰,樂善二路,,,,,,517號十二樓,121.392495163146,25.0460521826045
桃園市龜山區文桃里3鄰樂善二路517號十三樓,68,6800700,6800700-000,3鄰,樂善二路,,,,,,517號十三樓,121.392495163146,25.0460521826045
桃園市龜山區文桃里3鄰樂善二路517號十四樓,68,6800700,6800700-000,3鄰,樂善二路,,,,,,517號十四樓,121.392495163146,25.0460521826045
桃園市龜山區文桃里3鄰樂善二路517號十五樓,68,6800700,6800700-000,3鄰,樂善二路,,,,,,517號十五樓,121.392495163146,25.0460521826045
桃園市龜山區文桃里3鄰樂善二路517號十六樓,68,6800700,6800700-000,3鄰,樂善二路,,,,,,517號十六樓,121.392495163146,25.0460521826045
桃園市龜山區文桃里3鄰樂善二路517號十七樓,68,6800700,6800700-000,3鄰,樂善二路,,,,,,517號十七樓,121.392495163146,25.0460521826045
桃園市龜山區文桃里3鄰樂善二路517號十八樓,68,6800700,6800700-000,3鄰,樂善二路,,,,,,517號十八樓,121.392495163146,25.0460521826045
桃園市龜山區文桃里3鄰樂善二路517號十九樓,68,6800700,6800700-000,3鄰,樂善二路,,,,,,517號十九樓,121.392495163146,25.0460521826045
桃園市龜山區文桃里12鄰樂善二路518號,68,6800700,6800700-000,12鄰,樂善二路,,,,,,518號,121.387996254013,25.046029332076
桃園市龜山區文桃里12鄰樂善二路518號十樓,68,6800700,6800700-000,12鄰,樂善二路,,,,,,518號十樓,121.387996254013,25.046029332076
桃園市龜山區文桃里12鄰樂善二路518號二樓,68,6800700,6800700-000,12鄰,樂善二路,,,,,,518號二樓,121.387996254013,25.046029332076
桃園市龜山區文桃里12鄰樂善二路518號三樓,68,6800700,6800700-000,12鄰,樂善二路,,,,,,518號三樓,121.387996254013,25.046029332076
桃園市龜山區文桃里12鄰樂善二路518號四樓,68,6800700,6800700-000,12鄰,樂善二路,,,,,,518號四樓,121.387996254013,25.046029332076
桃園市龜山區文桃里12鄰樂善二路518號五樓,68,6800700,6800700-000,12鄰,樂善二路,,,,,,518號五樓,121.387996254013,25.046029332076
桃園市龜山區文桃里12鄰樂善二路518號六樓,68,6800700,6800700-000,12鄰,樂善二路,,,,,,518號六樓,121.387996254013,25.046029332076
桃園市龜山區文桃里12鄰樂善二路518號七樓,68,6800700,6800700-000,12鄰,樂善二路,,,,,,518號七樓,121.387996254013,25.046029332076
桃園市龜山區文桃里12鄰樂善二路518號八樓,68,6800700,6800700-000,12鄰,樂善二路,,,,,,518號八樓,121.387996254013,25.046029332076
桃園市龜山區文桃里12鄰樂善二路518號九樓,68,6800700,6800700-000,12鄰,樂善二路,,,,,,518號九樓,121.387996254013,25.046029332076
桃園市龜山區文桃里12鄰樂善二路518號十一樓,68,6800700,6800700-000,12鄰,樂善二路,,,,,,518號十一樓,121.387996254013,25.046029332076
桃園市龜山區文桃里12鄰樂善二路518號十二樓,68,6800700,6800700-000,12鄰,樂善二路,,,,,,518號十二樓,121.387996254013,25.046029332076
桃園市龜山區文桃里12鄰樂善二路518號十三樓,68,6800700,6800700-000,12鄰,樂善二路,,,,,,518號十三樓,121.387996254013,25.046029332076
桃園市龜山區文桃里12鄰樂善二路518號十四樓,68,6800700,6800700-000,12鄰,樂善二路,,,,,,518號十四樓,121.387996254013,25.046029332076
桃園市龜山區文桃里12鄰樂善二路518號十五樓,68,6800700,6800700-000,12鄰,樂善二路,,,,,,518號十五樓,121.387996254013,25.046029332076
桃園市龜山區文桃里3鄰樂善二路519號,68,6800700,6800700-000,3鄰,樂善二路,,,,,,519號,121.392598114036,25.0460464033829
桃園市龜山區文桃里3鄰樂善二路519號十樓,68,6800700,6800700-000,3鄰,樂善二路,,,,,,519號十樓,121.392598114036,25.0460464033829
桃園市龜山區文桃里3鄰樂善二路519號二樓,68,6800700,6800700-000,3鄰,樂善二路,,,,,,519號二樓,121.392598114036,25.0460464033829
桃園市龜山區文桃里3鄰樂善二路519號三樓,68,6800700,6800700-000,3鄰,樂善二路,,,,,,519號三樓,121.392598114036,25.0460464033829
桃園市龜山區文桃里3鄰樂善二路519號四樓,68,6800700,6800700-000,3鄰,樂善二路,,,,,,519號四樓,121.392598114036,25.0460464033829
桃園市龜山區文桃里3鄰樂善二路519號五樓,68,6800700,6800700-000,3鄰,樂善二路,,,,,,519號五樓,121.392598114036,25.0460464033829
桃園市龜山區文桃里3鄰樂善二路519號六樓,68,6800700,6800700-000,3鄰,樂善二路,,,,,,519號六樓,121.392598114036,25.0460464033829
桃園市龜山區文桃里3鄰樂善二路519號七樓,68,6800700,6800700-000,3鄰,樂善二路,,,,,,519號七樓,121.392598114036,25.0460464033829
桃園市龜山區文桃里3鄰樂善二路519號八樓,68,6800700,6800700-000,3鄰,樂善二路,,,,,,519號八樓,121.392598114036,25.0460464033829
桃園市龜山區文桃里3鄰樂善二路519號九樓,68,6800700,6800700-000,3鄰,樂善二路,,,,,,519號九樓,121.392598114036,25.0460464033829
桃園市龜山區文桃里3鄰樂善二路519號十一樓,68,6800700,6800700-000,3鄰,樂善二路,,,,,,519號十一樓,121.392598114036,25.0460464033829
桃園市龜山區文桃里3鄰樂善二路519號十二樓,68,6800700,6800700-000,3鄰,樂善二路,,,,,,519號十二樓,121.392598114036,25.0460464033829
桃園市龜山區文桃里3鄰樂善二路519號十三樓,68,6800700,6800700-000,3鄰,樂善二路,,,,,,519號十三樓,121.392598114036,25.0460464033829
桃園市龜山區文桃里3鄰樂善二路519號十四樓,68,6800700,6800700-000,3鄰,樂善二路,,,,,,519號十四樓,121.392598114036,25.0460464033829
桃園市龜山區文桃里3鄰樂善二路519號十五樓,68,6800700,6800700-000,3鄰,樂善二路,,,,,,519號十五樓,121.392598114036,25.0460464033829
桃園市龜山區文桃里3鄰樂善二路519號十六樓,68,6800700,6800700-000,3鄰,樂善二路,,,,,,519號十六樓,121.392598114036,25.0460464033829
桃園市龜山區文桃里3鄰樂善二路519號十七樓,68,6800700,6800700-000,3鄰,樂善二路,,,,,,519號十七樓,121.392598114036,25.0460464033829
桃園市龜山區文桃里3鄰樂善二路519號十八樓,68,6800700,6800700-000,3鄰,樂善二路,,,,,,519號十八樓,121.392598114036,25.0460464033829
桃園市龜山區文桃里3鄰樂善二路519號十九樓,68,6800700,6800700-000,3鄰,樂善二路,,,,,,519號十九樓,121.392598114036,25.0460464033829
桃園市龜山區文桃里12鄰樂善二路520號,68,6800700,6800700-000,12鄰,樂善二路,,,,,,520號,121.388062747015,25.0460274430477
桃園市龜山區文桃里12鄰樂善二路520號十樓,68,6800700,6800700-000,12鄰,樂善二路,,,,,,520號十樓,121.388062747015,25.0460274430477
桃園市龜山區文桃里12鄰樂善二路520號二樓,68,6800700,6800700-000,12鄰,樂善二路,,,,,,520號二樓,121.388062747015,25.0460274430477
桃園市龜山區文桃里12鄰樂善二路520號三樓,68,6800700,6800700-000,12鄰,樂善二路,,,,,,520號三樓,121.388062747015,25.0460274430477
桃園市龜山區文桃里12鄰樂善二路520號四樓,68,6800700,6800700-000,12鄰,樂善二路,,,,,,520號四樓,121.388062747015,25.0460274430477
桃園市龜山區文桃里12鄰樂善二路520號五樓,68,6800700,6800700-000,12鄰,樂善二路,,,,,,520號五樓,121.388062747015,25.0460274430477
桃園市龜山區文桃里12鄰樂善二路520號六樓,68,6800700,6800700-000,12鄰,樂善二路,,,,,,520號六樓,121.388062747015,25.0460274430477
桃園市龜山區文桃里12鄰樂善二路520號七樓,68,6800700,6800700-000,12鄰,樂善二路,,,,,,520號七樓,121.388062747015,25.0460274430477
桃園市龜山區文桃里12鄰樂善二路520號八樓,68,6800700,6800700-000,12鄰,樂善二路,,,,,,520號八樓,121.388062747015,25.0460274430477
桃園市龜山區文桃里12鄰樂善二路520號九樓,68,6800700,6800700-000,12鄰,樂善二路,,,,,,520號九樓,121.388062747015,25.0460274430477
桃園市龜山區文桃里12鄰樂善二路520號十一樓,68,6800700,6800700-000,12鄰,樂善二路,,,,,,520號十一樓,121.388062747015,25.0460274430477
桃園市龜山區文桃里12鄰樂善二路520號十二樓,68,6800700,6800700-000,12鄰,樂善二路,,,,,,520號十二樓,121.388062747015,25.0460274430477
桃園市龜山區文桃里12鄰樂善二路520號十三樓,68,6800700,6800700-000,12鄰,樂善二路,,,,,,520號十三樓,121.388062747015,25.0460274430477
桃園市龜山區文桃里12鄰樂善二路520號十四樓,68,6800700,6800700-000,12鄰,樂善二路,,,,,,520號十四樓,121.388062747015,25.0460274430477
桃園市龜山區文桃里12鄰樂善二路520號十五樓,68,6800700,6800700-000,12鄰,樂善二路,,,,,,520號十五樓,121.388062747015,25.0460274430477
桃園市龜山區文桃里3鄰樂善二路521號十樓,68,6800700,6800700-000,3鄰,樂善二路,,,,,,521號十樓,121.392615327024,25.0461611061863
桃園市龜山區文桃里3鄰樂善二路521號二樓,68,6800700,6800700-000,3鄰,樂善二路,,,,,,521號二樓,121.392615327024,25.0461611061863
桃園市龜山區文桃里3鄰樂善二路521號三樓,68,6800700,6800700-000,3鄰,樂善二路,,,,,,521號三樓,121.392615327024,25.0461611061863
桃園市龜山區文桃里3鄰樂善二路521號四樓,68,6800700,6800700-000,3鄰,樂善二路,,,,,,521號四樓,121.392615327024,25.0461611061863
桃園市龜山區文桃里3鄰樂善二路521號五樓,68,6800700,6800700-000,3鄰,樂善二路,,,,,,521號五樓,121.392615327024,25.0461611061863
桃園市龜山區文桃里3鄰樂善二路521號六樓,68,6800700,6800700-000,3鄰,樂善二路,,,,,,521號六樓,121.392615327024,25.0461611061863
桃園市龜山區文桃里3鄰樂善二路521號七樓,68,6800700,6800700-000,3鄰,樂善二路,,,,,,521號七樓,121.392615327024,25.0461611061863
桃園市龜山區文桃里3鄰樂善二路521號八樓,68,6800700,6800700-000,3鄰,樂善二路,,,,,,521號八樓,121.392615327024,25.0461611061863
桃園市龜山區文桃里3鄰樂善二路521號九樓,68,6800700,6800700-000,3鄰,樂善二路,,,,,,521號九樓,121.392615327024,25.0461611061863
桃園市龜山區文桃里3鄰樂善二路521號十一樓,68,6800700,6800700-000,3鄰,樂善二路,,,,,,521號十一樓,121.392615327024,25.0461611061863
桃園市龜山區文桃里3鄰樂善二路521號十二樓,68,6800700,6800700-000,3鄰,樂善二路,,,,,,521號十二樓,121.392615327024,25.0461611061863
桃園市龜山區文桃里3鄰樂善二路521號十三樓,68,6800700,6800700-000,3鄰,樂善二路,,,,,,521號十三樓,121.392615327024,25.0461611061863
桃園市龜山區文桃里3鄰樂善二路521號十四樓,68,6800700,6800700-000,3鄰,樂善二路,,,,,,521號十四樓,121.392615327024,25.0461611061863
桃園市龜山區文桃里3鄰樂善二路521號十五樓,68,6800700,6800700-000,3鄰,樂善二路,,,,,,521號十五樓,121.392615327024,25.0461611061863
桃園市龜山區文桃里3鄰樂善二路521號十六樓,68,6800700,6800700-000,3鄰,樂善二路,,,,,,521號十六樓,121.392615327024,25.0461611061863
桃園市龜山區文桃里3鄰樂善二路521號十七樓,68,6800700,6800700-000,3鄰,樂善二路,,,,,,521號十七樓,121.392615327024,25.0461611061863
桃園市龜山區文桃里3鄰樂善二路521號十八樓,68,6800700,6800700-000,3鄰,樂善二路,,,,,,521號十八樓,121.392615327024,25.0461611061863
桃園市龜山區文桃里3鄰樂善二路521號十九樓,68,6800700,6800700-000,3鄰,樂善二路,,,,,,521號十九樓,121.392615327024,25.0461611061863
桃園市龜山區文桃里12鄰樂善二路522號,68,6800700,6800700-000,12鄰,樂善二路,,,,,,522號,121.388131432227,25.0460293401033
桃園市龜山區文桃里12鄰樂善二路522號十樓,68,6800700,6800700-000,12鄰,樂善二路,,,,,,522號十樓,121.388131432227,25.0460293401033
桃園市龜山區文桃里12鄰樂善二路522號二樓,68,6800700,6800700-000,12鄰,樂善二路,,,,,,522號二樓,121.388131432227,25.0460293401033
桃園市龜山區文桃里12鄰樂善二路522號三樓,68,6800700,6800700-000,12鄰,樂善二路,,,,,,522號三樓,121.388131432227,25.0460293401033
桃園市龜山區文桃里12鄰樂善二路522號四樓,68,6800700,6800700-000,12鄰,樂善二路,,,,,,522號四樓,121.388131432227,25.0460293401033
桃園市龜山區文桃里12鄰樂善二路522號五樓,68,6800700,6800700-000,12鄰,樂善二路,,,,,,522號五樓,121.388131432227,25.0460293401033
桃園市龜山區文桃里12鄰樂善二路522號六樓,68,6800700,6800700-000,12鄰,樂善二路,,,,,,522號六樓,121.388131432227,25.0460293401033
桃園市龜山區文桃里12鄰樂善二路522號七樓,68,6800700,6800700-000,12鄰,樂善二路,,,,,,522號七樓,121.388131432227,25.0460293401033
桃園市龜山區文桃里12鄰樂善二路522號八樓,68,6800700,6800700-000,12鄰,樂善二路,,,,,,522號八樓,121.388131432227,25.0460293401033
桃園市龜山區文桃里12鄰樂善二路522號九樓,68,6800700,6800700-000,12鄰,樂善二路,,,,,,522號九樓,121.388131432227,25.0460293401033
桃園市龜山區文桃里12鄰樂善二路522號十一樓,68,6800700,6800700-000,12鄰,樂善二路,,,,,,522號十一樓,121.388131432227,25.0460293401033
桃園市龜山區文桃里12鄰樂善二路522號十二樓,68,6800700,6800700-000,12鄰,樂善二路,,,,,,522號十二樓,121.388131432227,25.0460293401033
桃園市龜山區文桃里12鄰樂善二路522號十三樓,68,6800700,6800700-000,12鄰,樂善二路,,,,,,522號十三樓,121.388131432227,25.0460293401033
桃園市龜山區文桃里12鄰樂善二路522號十四樓,68,6800700,6800700-000,12鄰,樂善二路,,,,,,522號十四樓,121.388131432227,25.0460293401033
桃園市龜山區文桃里12鄰樂善二路522號十五樓,68,6800700,6800700-000,12鄰,樂善二路,,,,,,522號十五樓,121.388131432227,25.0460293401033
桃園市龜山區文桃里3鄰樂善二路523號十樓,68,6800700,6800700-000,3鄰,樂善二路,,,,,,523號十樓,121.392518712626,25.0461649727593
桃園市龜山區文桃里3鄰樂善二路523號二樓,68,6800700,6800700-000,3鄰,樂善二路,,,,,,523號二樓,121.392518712626,25.0461649727593
桃園市龜山區文桃里3鄰樂善二路523號三樓,68,6800700,6800700-000,3鄰,樂善二路,,,,,,523號三樓,121.392518712626,25.0461649727593
桃園市龜山區文桃里3鄰樂善二路523號四樓,68,6800700,6800700-000,3鄰,樂善二路,,,,,,523號四樓,121.392518712626,25.0461649727593
桃園市龜山區文桃里3鄰樂善二路523號五樓,68,6800700,6800700-000,3鄰,樂善二路,,,,,,523號五樓,121.392518712626,25.0461649727593
桃園市龜山區文桃里3鄰樂善二路523號六樓,68,6800700,6800700-000,3鄰,樂善二路,,,,,,523號六樓,121.392518712626,25.0461649727593
桃園市龜山區文桃里3鄰樂善二路523號七樓,68,6800700,6800700-000,3鄰,樂善二路,,,,,,523號七樓,121.392518712626,25.0461649727593
桃園市龜山區文桃里3鄰樂善二路523號八樓,68,6800700,6800700-000,3鄰,樂善二路,,,,,,523號八樓,121.392518712626,25.0461649727593
桃園市龜山區文桃里3鄰樂善二路523號九樓,68,6800700,6800700-000,3鄰,樂善二路,,,,,,523號九樓,121.392518712626,25.0461649727593
桃園市龜山區文桃里3鄰樂善二路523號十一樓,68,6800700,6800700-000,3鄰,樂善二路,,,,,,523號十一樓,121.392518712626,25.0461649727593
桃園市龜山區文桃里3鄰樂善二路523號十二樓,68,6800700,6800700-000,3鄰,樂善二路,,,,,,523號十二樓,121.392518712626,25.0461649727593
桃園市龜山區文桃里3鄰樂善二路523號十三樓,68,6800700,6800700-000,3鄰,樂善二路,,,,,,523號十三樓,121.392518712626,25.0461649727593
桃園市龜山區文桃里3鄰樂善二路523號十四樓,68,6800700,6800700-000,3鄰,樂善二路,,,,,,523號十四樓,121.392518712626,25.0461649727593
桃園市龜山區文桃里3鄰樂善二路523號十五樓,68,6800700,6800700-000,3鄰,樂善二路,,,,,,523號十五樓,121.392518712626,25.0461649727593
桃園市龜山區文桃里3鄰樂善二路523號十六樓,68,6800700,6800700-000,3鄰,樂善二路,,,,,,523號十六樓,121.392518712626,25.0461649727593
桃園市龜山區文桃里3鄰樂善二路523號十七樓,68,6800700,6800700-000,3鄰,樂善二路,,,,,,523號十七樓,121.392518712626,25.0461649727593
桃園市龜山區文桃里3鄰樂善二路523號十八樓,68,6800700,6800700-000,3鄰,樂善二路,,,,,,523號十八樓,121.392518712626,25.0461649727593
桃園市龜山區文桃里3鄰樂善二路523號十九樓,68,6800700,6800700-000,3鄰,樂善二路,,,,,,523號十九樓,121.392518712626,25.0461649727593
桃園市龜山區文桃里3鄰樂善二路525號十樓,68,6800700,6800700-000,3鄰,樂善二路,,,,,,525號十樓,121.392424284821,25.0461708196955
桃園市龜山區文桃里3鄰樂善二路525號二樓,68,6800700,6800700-000,3鄰,樂善二路,,,,,,525號二樓,121.392424284821,25.0461708196955
桃園市龜山區文桃里3鄰樂善二路525號三樓,68,6800700,6800700-000,3鄰,樂善二路,,,,,,525號三樓,121.392424284821,25.0461708196955
桃園市龜山區文桃里3鄰樂善二路525號四樓,68,6800700,6800700-000,3鄰,樂善二路,,,,,,525號四樓,121.392424284821,25.0461708196955
桃園市龜山區文桃里3鄰樂善二路525號五樓,68,6800700,6800700-000,3鄰,樂善二路,,,,,,525號五樓,121.392424284821,25.0461708196955
桃園市龜山區文桃里3鄰樂善二路525號六樓,68,6800700,6800700-000,3鄰,樂善二路,,,,,,525號六樓,121.392424284821,25.0461708196955
桃園市龜山區文桃里3鄰樂善二路525號七樓,68,6800700,6800700-000,3鄰,樂善二路,,,,,,525號七樓,121.392424284821,25.0461708196955
桃園市龜山區文桃里3鄰樂善二路525號八樓,68,6800700,6800700-000,3鄰,樂善二路,,,,,,525號八樓,121.392424284821,25.0461708196955
桃園市龜山區文桃里3鄰樂善二路525號九樓,68,6800700,6800700-000,3鄰,樂善二路,,,,,,525號九樓,121.392424284821,25.0461708196955
桃園市龜山區文桃里3鄰樂善二路525號十一樓,68,6800700,6800700-000,3鄰,樂善二路,,,,,,525號十一樓,121.392424284821,25.0461708196955
桃園市龜山區文桃里3鄰樂善二路525號十二樓,68,6800700,6800700-000,3鄰,樂善二路,,,,,,525號十二樓,121.392424284821,25.0461708196955
桃園市龜山區文桃里3鄰樂善二路525號十三樓,68,6800700,6800700-000,3鄰,樂善二路,,,,,,525號十三樓,121.392424284821,25.0461708196955
桃園市龜山區文桃里3鄰樂善二路525號十四樓,68,6800700,6800700-000,3鄰,樂善二路,,,,,,525號十四樓,121.392424284821,25.0461708196955
桃園市龜山區文桃里3鄰樂善二路525號十五樓,68,6800700,6800700-000,3鄰,樂善二路,,,,,,525號十五樓,121.392424284821,25.0461708196955
桃園市龜山區文桃里3鄰樂善二路525號十六樓,68,6800700,6800700-000,3鄰,樂善二路,,,,,,525號十六樓,121.392424284821,25.0461708196955
桃園市龜山區文桃里3鄰樂善二路525號十七樓,68,6800700,6800700-000,3鄰,樂善二路,,,,,,525號十七樓,121.392424284821,25.0461708196955
桃園市龜山區文桃里3鄰樂善二路525號十八樓,68,6800700,6800700-000,3鄰,樂善二路,,,,,,525號十八樓,121.392424284821,25.0461708196955
桃園市龜山區文桃里3鄰樂善二路525號十九樓,68,6800700,6800700-000,3鄰,樂善二路,,,,,,525號十九樓,121.392424284821,25.0461708196955
桃園市龜山區文桃里12鄰樂善二路526號十樓,68,6800700,6800700-000,12鄰,樂善二路,,,,,,526號十樓,121.388152928105,25.0459632878515
桃園市龜山區文桃里12鄰樂善二路526號二樓,68,6800700,6800700-000,12鄰,樂善二路,,,,,,526號二樓,121.388152928105,25.0459632878515
桃園市龜山區文桃里12鄰樂善二路526號三樓,68,6800700,6800700-000,12鄰,樂善二路,,,,,,526號三樓,121.388152928105,25.0459632878515
桃園市龜山區文桃里12鄰樂善二路526號四樓,68,6800700,6800700-000,12鄰,樂善二路,,,,,,526號四樓,121.388152928105,25.0459632878515
桃園市龜山區文桃里12鄰樂善二路526號五樓,68,6800700,6800700-000,12鄰,樂善二路,,,,,,526號五樓,121.388152928105,25.0459632878515
桃園市龜山區文桃里12鄰樂善二路526號六樓,68,6800700,6800700-000,12鄰,樂善二路,,,,,,526號六樓,121.388152928105,25.0459632878515
桃園市龜山區文桃里12鄰樂善二路526號七樓,68,6800700,6800700-000,12鄰,樂善二路,,,,,,526號七樓,121.388152928105,25.0459632878515
桃園市龜山區文桃里12鄰樂善二路526號八樓,68,6800700,6800700-000,12鄰,樂善二路,,,,,,526號八樓,121.388152928105,25.0459632878515
桃園市龜山區文桃里12鄰樂善二路526號九樓,68,6800700,6800700-000,12鄰,樂善二路,,,,,,526號九樓,121.388152928105,25.0459632878515
桃園市龜山區文桃里12鄰樂善二路526號十一樓,68,6800700,6800700-000,12鄰,樂善二路,,,,,,526號十一樓,121.388152928105,25.0459632878515
桃園市龜山區文桃里12鄰樂善二路526號十二樓,68,6800700,6800700-000,12鄰,樂善二路,,,,,,526號十二樓,121.388152928105,25.0459632878515
桃園市龜山區文桃里12鄰樂善二路526號十三樓,68,6800700,6800700-000,12鄰,樂善二路,,,,,,526號十三樓,121.388152928105,25.0459632878515
桃園市龜山區文桃里12鄰樂善二路526號十四樓,68,6800700,6800700-000,12鄰,樂善二路,,,,,,526號十四樓,121.388152928105,25.0459632878515
桃園市龜山區文桃里12鄰樂善二路526號十五樓,68,6800700,6800700-000,12鄰,樂善二路,,,,,,526號十五樓,121.388152928105,25.0459632878515
桃園市龜山區文桃里3鄰樂善二路527號十樓,68,6800700,6800700-000,3鄰,樂善二路,,,,,,527號十樓,121.392334223592,25.0461785509601
桃園市龜山區文桃里3鄰樂善二路527號二樓,68,6800700,6800700-000,3鄰,樂善二路,,,,,,527號二樓,121.392334223592,25.0461785509601
桃園市龜山區文桃里3鄰樂善二路527號三樓,68,6800700,6800700-000,3鄰,樂善二路,,,,,,527號三樓,121.392334223592,25.0461785509601
桃園市龜山區文桃里3鄰樂善二路527號四樓,68,6800700,6800700-000,3鄰,樂善二路,,,,,,527號四樓,121.392334223592,25.0461785509601
桃園市龜山區文桃里3鄰樂善二路527號五樓,68,6800700,6800700-000,3鄰,樂善二路,,,,,,527號五樓,121.392334223592,25.0461785509601
桃園市龜山區文桃里3鄰樂善二路527號六樓,68,6800700,6800700-000,3鄰,樂善二路,,,,,,527號六樓,121.392334223592,25.0461785509601
桃園市龜山區文桃里3鄰樂善二路527號七樓,68,6800700,6800700-000,3鄰,樂善二路,,,,,,527號七樓,121.392334223592,25.0461785509601
桃園市龜山區文桃里3鄰樂善二路527號八樓,68,6800700,6800700-000,3鄰,樂善二路,,,,,,527號八樓,121.392334223592,25.0461785509601
桃園市龜山區文桃里3鄰樂善二路527號九樓,68,6800700,6800700-000,3鄰,樂善二路,,,,,,527號九樓,121.392334223592,25.0461785509601
桃園市龜山區文桃里3鄰樂善二路527號十一樓,68,6800700,6800700-000,3鄰,樂善二路,,,,,,527號十一樓,121.392334223592,25.0461785509601
桃園市龜山區文桃里3鄰樂善二路527號十二樓,68,6800700,6800700-000,3鄰,樂善二路,,,,,,527號十二樓,121.392334223592,25.0461785509601
桃園市龜山區文桃里3鄰樂善二路527號十三樓,68,6800700,6800700-000,3鄰,樂善二路,,,,,,527號十三樓,121.392334223592,25.0461785509601
桃園市龜山區文桃里3鄰樂善二路527號十四樓,68,6800700,6800700-000,3鄰,樂善二路,,,,,,527號十四樓,121.392334223592,25.0461785509601
桃園市龜山區文桃里3鄰樂善二路527號十五樓,68,6800700,6800700-000,3鄰,樂善二路,,,,,,527號十五樓,121.392334223592,25.0461785509601
桃園市龜山區文桃里3鄰樂善二路527號十六樓,68,6800700,6800700-000,3鄰,樂善二路,,,,,,527號十六樓,121.392334223592,25.0461785509601
桃園市龜山區文桃里3鄰樂善二路527號十七樓,68,6800700,6800700-000,3鄰,樂善二路,,,,,,527號十七樓,121.392334223592,25.0461785509601
桃園市龜山區文桃里3鄰樂善二路527號十八樓,68,6800700,6800700-000,3鄰,樂善二路,,,,,,527號十八樓,121.392334223592,25.0461785509601
桃園市龜山區文桃里3鄰樂善二路527號十九樓,68,6800700,6800700-000,3鄰,樂善二路,,,,,,527號十九樓,121.392334223592,25.0461785509601
桃園市龜山區文桃里12鄰樂善二路528號,68,6800700,6800700-000,12鄰,樂善二路,,,,,,528號,121.387996234482,25.0458971593793
桃園市龜山區文桃里12鄰樂善二路528號十樓,68,6800700,6800700-000,12鄰,樂善二路,,,,,,528號十樓,121.387996234482,25.0458971593793
桃園市龜山區文桃里12鄰樂善二路528號二樓,68,6800700,6800700-000,12鄰,樂善二路,,,,,,528號二樓,121.387996234482,25.0458971593793
桃園市龜山區文桃里12鄰樂善二路528號三樓,68,6800700,6800700-000,12鄰,樂善二路,,,,,,528號三樓,121.387996234482,25.0458971593793
桃園市龜山區文桃里12鄰樂善二路528號四樓,68,6800700,6800700-000,12鄰,樂善二路,,,,,,528號四樓,121.387996234482,25.0458971593793
桃園市龜山區文桃里12鄰樂善二路528號五樓,68,6800700,6800700-000,12鄰,樂善二路,,,,,,528號五樓,121.387996234482,25.0458971593793
桃園市龜山區文桃里12鄰樂善二路528號六樓,68,6800700,6800700-000,12鄰,樂善二路,,,,,,528號六樓,121.387996234482,25.0458971593793
桃園市龜山區文桃里12鄰樂善二路528號七樓,68,6800700,6800700-000,12鄰,樂善二路,,,,,,528號七樓,121.387996234482,25.0458971593793
桃園市龜山區文桃里12鄰樂善二路528號八樓,68,6800700,6800700-000,12鄰,樂善二路,,,,,,528號八樓,121.387996234482,25.0458971593793
桃園市龜山區文桃里12鄰樂善二路528號九樓,68,6800700,6800700-000,12鄰,樂善二路,,,,,,528號九樓,121.387996234482,25.0458971593793
桃園市龜山區文桃里12鄰樂善二路528號十一樓,68,6800700,6800700-000,12鄰,樂善二路,,,,,,528號十一樓,121.387996234482,25.0458971593793
桃園市龜山區文桃里12鄰樂善二路528號十二樓,68,6800700,6800700-000,12鄰,樂善二路,,,,,,528號十二樓,121.387996234482,25.0458971593793
桃園市龜山區文桃里12鄰樂善二路528號十三樓,68,6800700,6800700-000,12鄰,樂善二路,,,,,,528號十三樓,121.387996234482,25.0458971593793
桃園市龜山區文桃里12鄰樂善二路528號十四樓,68,6800700,6800700-000,12鄰,樂善二路,,,,,,528號十四樓,121.387996234482,25.0458971593793
桃園市龜山區文桃里12鄰樂善二路528號十五樓,68,6800700,6800700-000,12鄰,樂善二路,,,,,,528號十五樓,121.387996234482,25.0458971593793
桃園市龜山區文桃里3鄰樂善二路529號十樓,68,6800700,6800700-000,3鄰,樂善二路,,,,,,529號十樓,121.393175303478,25.0461416591518
桃園市龜山區文桃里3鄰樂善二路529號二樓,68,6800700,6800700-000,3鄰,樂善二路,,,,,,529號二樓,121.393175303478,25.0461416591518
桃園市龜山區文桃里3鄰樂善二路529號三樓,68,6800700,6800700-000,3鄰,樂善二路,,,,,,529號三樓,121.393175303478,25.0461416591518
桃園市龜山區文桃里3鄰樂善二路529號四樓,68,6800700,6800700-000,3鄰,樂善二路,,,,,,529號四樓,121.393175303478,25.0461416591518
桃園市龜山區文桃里3鄰樂善二路529號五樓,68,6800700,6800700-000,3鄰,樂善二路,,,,,,529號五樓,121.393175303478,25.0461416591518
桃園市龜山區文桃里3鄰樂善二路529號六樓,68,6800700,6800700-000,3鄰,樂善二路,,,,,,529號六樓,121.393175303478,25.0461416591518
桃園市龜山區文桃里3鄰樂善二路529號七樓,68,6800700,6800700-000,3鄰,樂善二路,,,,,,529號七樓,121.393175303478,25.0461416591518
桃園市龜山區文桃里3鄰樂善二路529號八樓,68,6800700,6800700-000,3鄰,樂善二路,,,,,,529號八樓,121.393175303478,25.0461416591518
桃園市龜山區文桃里3鄰樂善二路529號九樓,68,6800700,6800700-000,3鄰,樂善二路,,,,,,529號九樓,121.393175303478,25.0461416591518
桃園市龜山區文桃里3鄰樂善二路529號十一樓,68,6800700,6800700-000,3鄰,樂善二路,,,,,,529號十一樓,121.393175303478,25.0461416591518
桃園市龜山區文桃里3鄰樂善二路529號十二樓,68,6800700,6800700-000,3鄰,樂善二路,,,,,,529號十二樓,121.393175303478,25.0461416591518
桃園市龜山區文桃里3鄰樂善二路529號十三樓,68,6800700,6800700-000,3鄰,樂善二路,,,,,,529號十三樓,121.393175303478,25.0461416591518
桃園市龜山區文桃里3鄰樂善二路529號十四樓,68,6800700,6800700-000,3鄰,樂善二路,,,,,,529號十四樓,121.393175303478,25.0461416591518
桃園市龜山區文桃里3鄰樂善二路529號十五樓,68,6800700,6800700-000,3鄰,樂善二路,,,,,,529號十五樓,121.393175303478,25.0461416591518
桃園市龜山區文桃里3鄰樂善二路529號十六樓,68,6800700,6800700-000,3鄰,樂善二路,,,,,,529號十六樓,121.393175303478,25.0461416591518
桃園市龜山區文桃里3鄰樂善二路529號十七樓,68,6800700,6800700-000,3鄰,樂善二路,,,,,,529號十七樓,121.393175303478,25.0461416591518
桃園市龜山區文桃里3鄰樂善二路529號十八樓,68,6800700,6800700-000,3鄰,樂善二路,,,,,,529號十八樓,121.393175303478,25.0461416591518
桃園市龜山區文桃里3鄰樂善二路529號十九樓,68,6800700,6800700-000,3鄰,樂善二路,,,,,,529號十九樓,121.393175303478,25.0461416591518
桃園市龜山區文桃里12鄰樂善二路530號十樓,68,6800700,6800700-000,12鄰,樂善二路,,,,,,530號十樓,121.387998380555,25.0458233031536
桃園市龜山區文桃里12鄰樂善二路530號二樓,68,6800700,6800700-000,12鄰,樂善二路,,,,,,530號二樓,121.387998380555,25.0458233031536
桃園市龜山區文桃里12鄰樂善二路530號三樓,68,6800700,6800700-000,12鄰,樂善二路,,,,,,530號三樓,121.387998380555,25.0458233031536
桃園市龜山區文桃里12鄰樂善二路530號四樓,68,6800700,6800700-000,12鄰,樂善二路,,,,,,530號四樓,121.387998380555,25.0458233031536
桃園市龜山區文桃里12鄰樂善二路530號五樓,68,6800700,6800700-000,12鄰,樂善二路,,,,,,530號五樓,121.387998380555,25.0458233031536
桃園市龜山區文桃里12鄰樂善二路530號六樓,68,6800700,6800700-000,12鄰,樂善二路,,,,,,530號六樓,121.387998380555,25.0458233031536
桃園市龜山區文桃里12鄰樂善二路530號七樓,68,6800700,6800700-000,12鄰,樂善二路,,,,,,530號七樓,121.387998380555,25.0458233031536
桃園市龜山區文桃里12鄰樂善二路530號八樓,68,6800700,6800700-000,12鄰,樂善二路,,,,,,530號八樓,121.387998380555,25.0458233031536
桃園市龜山區文桃里12鄰樂善二路530號九樓,68,6800700,6800700-000,12鄰,樂善二路,,,,,,530號九樓,121.387998380555,25.0458233031536
桃園市龜山區文桃里12鄰樂善二路530號十一樓,68,6800700,6800700-000,12鄰,樂善二路,,,,,,530號十一樓,121.387998380555,25.0458233031536
桃園市龜山區文桃里12鄰樂善二路530號十二樓,68,6800700,6800700-000,12鄰,樂善二路,,,,,,530號十二樓,121.387998380555,25.0458233031536
桃園市龜山區文桃里12鄰樂善二路530號十三樓,68,6800700,6800700-000,12鄰,樂善二路,,,,,,530號十三樓,121.387998380555,25.0458233031536
桃園市龜山區文桃里12鄰樂善二路530號十四樓,68,6800700,6800700-000,12鄰,樂善二路,,,,,,530號十四樓,121.387998380555,25.0458233031536
桃園市龜山區文桃里12鄰樂善二路530號十五樓,68,6800700,6800700-000,12鄰,樂善二路,,,,,,530號十五樓,121.387998380555,25.0458233031536
桃園市龜山區文桃里3鄰樂善二路531號十樓,68,6800700,6800700-000,3鄰,樂善二路,,,,,,531號十樓,121.393087416556,25.0461474891982
桃園市龜山區文桃里3鄰樂善二路531號二樓,68,6800700,6800700-000,3鄰,樂善二路,,,,,,531號二樓,121.393087416556,25.0461474891982
桃園市龜山區文桃里3鄰樂善二路531號三樓,68,6800700,6800700-000,3鄰,樂善二路,,,,,,531號三樓,121.393087416556,25.0461474891982
桃園市龜山區文桃里3鄰樂善二路531號四樓,68,6800700,6800700-000,3鄰,樂善二路,,,,,,531號四樓,121.393087416556,25.0461474891982
桃園市龜山區文桃里3鄰樂善二路531號五樓,68,6800700,6800700-000,3鄰,樂善二路,,,,,,531號五樓,121.393087416556,25.0461474891982
桃園市龜山區文桃里3鄰樂善二路531號六樓,68,6800700,6800700-000,3鄰,樂善二路,,,,,,531號六樓,121.393087416556,25.0461474891982
桃園市龜山區文桃里3鄰樂善二路531號七樓,68,6800700,6800700-000,3鄰,樂善二路,,,,,,531號七樓,121.393087416556,25.0461474891982
桃園市龜山區文桃里3鄰樂善二路531號八樓,68,6800700,6800700-000,3鄰,樂善二路,,,,,,531號八樓,121.393087416556,25.0461474891982
桃園市龜山區文桃里3鄰樂善二路531號九樓,68,6800700,6800700-000,3鄰,樂善二路,,,,,,531號九樓,121.393087416556,25.0461474891982
桃園市龜山區文桃里3鄰樂善二路531號十一樓,68,6800700,6800700-000,3鄰,樂善二路,,,,,,531號十一樓,121.393087416556,25.0461474891982
桃園市龜山區文桃里3鄰樂善二路531號十二樓,68,6800700,6800700-000,3鄰,樂善二路,,,,,,531號十二樓,121.393087416556,25.0461474891982
桃園市龜山區文桃里3鄰樂善二路531號十三樓,68,6800700,6800700-000,3鄰,樂善二路,,,,,,531號十三樓,121.393087416556,25.0461474891982
桃園市龜山區文桃里3鄰樂善二路531號十四樓,68,6800700,6800700-000,3鄰,樂善二路,,,,,,531號十四樓,121.393087416556,25.0461474891982
桃園市龜山區文桃里3鄰樂善二路531號十五樓,68,6800700,6800700-000,3鄰,樂善二路,,,,,,531號十五樓,121.393087416556,25.0461474891982
桃園市龜山區文桃里3鄰樂善二路531號十六樓,68,6800700,6800700-000,3鄰,樂善二路,,,,,,531號十六樓,121.393087416556,25.0461474891982
桃園市龜山區文桃里3鄰樂善二路531號十七樓,68,6800700,6800700-000,3鄰,樂善二路,,,,,,531號十七樓,121.393087416556,25.0461474891982
桃園市龜山區文桃里3鄰樂善二路531號十八樓,68,6800700,6800700-000,3鄰,樂善二路,,,,,,531號十八樓,121.393087416556,25.0461474891982
桃園市龜山區文桃里3鄰樂善二路531號十九樓,68,6800700,6800700-000,3鄰,樂善二路,,,,,,531號十九樓,121.393087416556,25.0461474891982
桃園市龜山區文桃里12鄰樂善二路532號,68,6800700,6800700-000,12鄰,樂善二路,,,,,,532號,121.387994080037,25.0457164205753
桃園市龜山區文桃里12鄰樂善二路532號十樓,68,6800700,6800700-000,12鄰,樂善二路,,,,,,532號十樓,121.387994080037,25.0457164205753
桃園市龜山區文桃里12鄰樂善二路532號二樓,68,6800700,6800700-000,12鄰,樂善二路,,,,,,532號二樓,121.387994080037,25.0457164205753
桃園市龜山區文桃里12鄰樂善二路532號三樓,68,6800700,6800700-000,12鄰,樂善二路,,,,,,532號三樓,121.387994080037,25.0457164205753
桃園市龜山區文桃里12鄰樂善二路532號四樓,68,6800700,6800700-000,12鄰,樂善二路,,,,,,532號四樓,121.387994080037,25.0457164205753
桃園市龜山區文桃里12鄰樂善二路532號五樓,68,6800700,6800700-000,12鄰,樂善二路,,,,,,532號五樓,121.387994080037,25.0457164205753
桃園市龜山區文桃里12鄰樂善二路532號六樓,68,6800700,6800700-000,12鄰,樂善二路,,,,,,532號六樓,121.387994080037,25.0457164205753
桃園市龜山區文桃里12鄰樂善二路532號七樓,68,6800700,6800700-000,12鄰,樂善二路,,,,,,532號七樓,121.387994080037,25.0457164205753
桃園市龜山區文桃里12鄰樂善二路532號八樓,68,6800700,6800700-000,12鄰,樂善二路,,,,,,532號八樓,121.387994080037,25.0457164205753
桃園市龜山區文桃里12鄰樂善二路532號九樓,68,6800700,6800700-000,12鄰,樂善二路,,,,,,532號九樓,121.387994080037,25.0457164205753
桃園市龜山區文桃里12鄰樂善二路532號十一樓,68,6800700,6800700-000,12鄰,樂善二路,,,,,,532號十一樓,121.387994080037,25.0457164205753
桃園市龜山區文桃里12鄰樂善二路532號十二樓,68,6800700,6800700-000,12鄰,樂善二路,,,,,,532號十二樓,121.387994080037,25.0457164205753
桃園市龜山區文桃里12鄰樂善二路532號十三樓,68,6800700,6800700-000,12鄰,樂善二路,,,,,,532號十三樓,121.387994080037,25.0457164205753
桃園市龜山區文桃里12鄰樂善二路532號十四樓,68,6800700,6800700-000,12鄰,樂善二路,,,,,,532號十四樓,121.387994080037,25.0457164205753
桃園市龜山區文桃里12鄰樂善二路532號十五樓,68,6800700,6800700-000,12鄰,樂善二路,,,,,,532號十五樓,121.387994080037,25.0457164205753
桃園市龜山區文桃里3鄰樂善二路533號十樓,68,6800700,6800700-000,3鄰,樂善二路,,,,,,533號十樓,121.392995082343,25.0461572130788
桃園市龜山區文桃里3鄰樂善二路533號二樓,68,6800700,6800700-000,3鄰,樂善二路,,,,,,533號二樓,121.392995082343,25.0461572130788
桃園市龜山區文桃里3鄰樂善二路533號三樓,68,6800700,6800700-000,3鄰,樂善二路,,,,,,533號三樓,121.392995082343,25.0461572130788
桃園市龜山區文桃里3鄰樂善二路533號四樓,68,6800700,6800700-000,3鄰,樂善二路,,,,,,533號四樓,121.392995082343,25.0461572130788
桃園市龜山區文桃里3鄰樂善二路533號五樓,68,6800700,6800700-000,3鄰,樂善二路,,,,,,533號五樓,121.392995082343,25.0461572130788
桃園市龜山區文桃里3鄰樂善二路533號六樓,68,6800700,6800700-000,3鄰,樂善二路,,,,,,533號六樓,121.392995082343,25.0461572130788
桃園市龜山區文桃里3鄰樂善二路533號七樓,68,6800700,6800700-000,3鄰,樂善二路,,,,,,533號七樓,121.392995082343,25.0461572130788
桃園市龜山區文桃里3鄰樂善二路533號八樓,68,6800700,6800700-000,3鄰,樂善二路,,,,,,533號八樓,121.392995082343,25.0461572130788
桃園市龜山區文桃里3鄰樂善二路533號九樓,68,6800700,6800700-000,3鄰,樂善二路,,,,,,533號九樓,121.392995082343,25.0461572130788
桃園市龜山區文桃里3鄰樂善二路533號十一樓,68,6800700,6800700-000,3鄰,樂善二路,,,,,,533號十一樓,121.392995082343,25.0461572130788
桃園市龜山區文桃里3鄰樂善二路533號十二樓,68,6800700,6800700-000,3鄰,樂善二路,,,,,,533號十二樓,121.392995082343,25.0461572130788
桃園市龜山區文桃里3鄰樂善二路533號十三樓,68,6800700,6800700-000,3鄰,樂善二路,,,,,,533號十三樓,121.392995082343,25.0461572130788
桃園市龜山區文桃里3鄰樂善二路533號十四樓,68,6800700,6800700-000,3鄰,樂善二路,,,,,,533號十四樓,121.392995082343,25.0461572130788
桃園市龜山區文桃里3鄰樂善二路533號十五樓,68,6800700,6800700-000,3鄰,樂善二路,,,,,,533號十五樓,121.392995082343,25.0461572130788
桃園市龜山區文桃里3鄰樂善二路533號十六樓,68,6800700,6800700-000,3鄰,樂善二路,,,,,,533號十六樓,121.392995082343,25.0461572130788
桃園市龜山區文桃里3鄰樂善二路533號十七樓,68,6800700,6800700-000,3鄰,樂善二路,,,,,,533號十七樓,121.392995082343,25.0461572130788
桃園市龜山區文桃里3鄰樂善二路533號十八樓,68,6800700,6800700-000,3鄰,樂善二路,,,,,,533號十八樓,121.392995082343,25.0461572130788
桃園市龜山區文桃里3鄰樂善二路533號十九樓,68,6800700,6800700-000,3鄰,樂善二路,,,,,,533號十九樓,121.392995082343,25.0461572130788
桃園市龜山區文桃里3鄰樂善二路535號十樓,68,6800700,6800700-000,3鄰,樂善二路,,,,,,535號十樓,121.392902853261,25.0461688325438
桃園市龜山區文桃里3鄰樂善二路535號二樓,68,6800700,6800700-000,3鄰,樂善二路,,,,,,535號二樓,121.392902853261,25.0461688325438
桃園市龜山區文桃里3鄰樂善二路535號三樓,68,6800700,6800700-000,3鄰,樂善二路,,,,,,535號三樓,121.392902853261,25.0461688325438
桃園市龜山區文桃里3鄰樂善二路535號四樓,68,6800700,6800700-000,3鄰,樂善二路,,,,,,535號四樓,121.392902853261,25.0461688325438
桃園市龜山區文桃里3鄰樂善二路535號五樓,68,6800700,6800700-000,3鄰,樂善二路,,,,,,535號五樓,121.392902853261,25.0461688325438
桃園市龜山區文桃里3鄰樂善二路535號六樓,68,6800700,6800700-000,3鄰,樂善二路,,,,,,535號六樓,121.392902853261,25.0461688325438
桃園市龜山區文桃里3鄰樂善二路535號七樓,68,6800700,6800700-000,3鄰,樂善二路,,,,,,535號七樓,121.392902853261,25.0461688325438
桃園市龜山區文桃里3鄰樂善二路535號八樓,68,6800700,6800700-000,3鄰,樂善二路,,,,,,535號八樓,121.392902853261,25.0461688325438
桃園市龜山區文桃里3鄰樂善二路535號九樓,68,6800700,6800700-000,3鄰,樂善二路,,,,,,535號九樓,121.392902853261,25.0461688325438
桃園市龜山區文桃里3鄰樂善二路535號十一樓,68,6800700,6800700-000,3鄰,樂善二路,,,,,,535號十一樓,121.392902853261,25.0461688325438
桃園市龜山區文桃里3鄰樂善二路535號十二樓,68,6800700,6800700-000,3鄰,樂善二路,,,,,,535號十二樓,121.392902853261,25.0461688325438
桃園市龜山區文桃里3鄰樂善二路535號十三樓,68,6800700,6800700-000,3鄰,樂善二路,,,,,,535號十三樓,121.392902853261,25.0461688325438
桃園市龜山區文桃里3鄰樂善二路535號十四樓,68,6800700,6800700-000,3鄰,樂善二路,,,,,,535號十四樓,121.392902853261,25.0461688325438
桃園市龜山區文桃里3鄰樂善二路535號十五樓,68,6800700,6800700-000,3鄰,樂善二路,,,,,,535號十五樓,121.392902853261,25.0461688325438
桃園市龜山區文桃里3鄰樂善二路535號十六樓,68,6800700,6800700-000,3鄰,樂善二路,,,,,,535號十六樓,121.392902853261,25.0461688325438
桃園市龜山區文桃里3鄰樂善二路535號十七樓,68,6800700,6800700-000,3鄰,樂善二路,,,,,,535號十七樓,121.392902853261,25.0461688325438
桃園市龜山區文桃里3鄰樂善二路535號十八樓,68,6800700,6800700-000,3鄰,樂善二路,,,,,,535號十八樓,121.392902853261,25.0461688325438
桃園市龜山區文桃里3鄰樂善二路535號十九樓,68,6800700,6800700-000,3鄰,樂善二路,,,,,,535號十九樓,121.392902853261,25.0461688325438
桃園市龜山區文桃里12鄰樂善二路536號,68,6800700,6800700-000,12鄰,樂善二路,,,,,,536號,121.387989815893,25.045621093988
桃園市龜山區文桃里12鄰樂善二路536號十樓,68,6800700,6800700-000,12鄰,樂善二路,,,,,,536號十樓,121.387989815893,25.045621093988
桃園市龜山區文桃里12鄰樂善二路536號二樓,68,6800700,6800700-000,12鄰,樂善二路,,,,,,536號二樓,121.387989815893,25.045621093988
桃園市龜山區文桃里12鄰樂善二路536號三樓,68,6800700,6800700-000,12鄰,樂善二路,,,,,,536號三樓,121.387989815893,25.045621093988
桃園市龜山區文桃里12鄰樂善二路536號四樓,68,6800700,6800700-000,12鄰,樂善二路,,,,,,536號四樓,121.387989815893,25.045621093988
桃園市龜山區文桃里12鄰樂善二路536號五樓,68,6800700,6800700-000,12鄰,樂善二路,,,,,,536號五樓,121.387989815893,25.045621093988
桃園市龜山區文桃里12鄰樂善二路536號六樓,68,6800700,6800700-000,12鄰,樂善二路,,,,,,536號六樓,121.387989815893,25.045621093988
桃園市龜山區文桃里12鄰樂善二路536號七樓,68,6800700,6800700-000,12鄰,樂善二路,,,,,,536號七樓,121.387989815893,25.045621093988
桃園市龜山區文桃里12鄰樂善二路536號八樓,68,6800700,6800700-000,12鄰,樂善二路,,,,,,536號八樓,121.387989815893,25.045621093988
桃園市龜山區文桃里12鄰樂善二路536號九樓,68,6800700,6800700-000,12鄰,樂善二路,,,,,,536號九樓,121.387989815893,25.045621093988
桃園市龜山區文桃里12鄰樂善二路536號十一樓,68,6800700,6800700-000,12鄰,樂善二路,,,,,,536號十一樓,121.387989815893,25.045621093988
桃園市龜山區文桃里12鄰樂善二路536號十二樓,68,6800700,6800700-000,12鄰,樂善二路,,,,,,536號十二樓,121.387989815893,25.045621093988
桃園市龜山區文桃里12鄰樂善二路536號十三樓,68,6800700,6800700-000,12鄰,樂善二路,,,,,,536號十三樓,121.387989815893,25.045621093988
桃園市龜山區文桃里12鄰樂善二路536號十四樓,68,6800700,6800700-000,12鄰,樂善二路,,,,,,536號十四樓,121.387989815893,25.045621093988
桃園市龜山區文桃里12鄰樂善二路536號十五樓,68,6800700,6800700-000,12鄰,樂善二路,,,,,,536號十五樓,121.387989815893,25.045621093988
桃園市龜山區文桃里3鄰樂善二路537號,68,6800700,6800700-000,3鄰,樂善二路,,,,,,537號,121.392896349501,25.0460560876564
桃園市龜山區文桃里3鄰樂善二路537號十樓,68,6800700,6800700-000,3鄰,樂善二路,,,,,,537號十樓,121.392896349501,25.0460560876564
桃園市龜山區文桃里3鄰樂善二路537號二樓,68,6800700,6800700-000,3鄰,樂善二路,,,,,,537號二樓,121.392896349501,25.0460560876564
桃園市龜山區文桃里3鄰樂善二路537號三樓,68,6800700,6800700-000,3鄰,樂善二路,,,,,,537號三樓,121.392896349501,25.0460560876564
桃園市龜山區文桃里3鄰樂善二路537號四樓,68,6800700,6800700-000,3鄰,樂善二路,,,,,,537號四樓,121.392896349501,25.0460560876564
桃園市龜山區文桃里3鄰樂善二路537號五樓,68,6800700,6800700-000,3鄰,樂善二路,,,,,,537號五樓,121.392896349501,25.0460560876564
桃園市龜山區文桃里3鄰樂善二路537號六樓,68,6800700,6800700-000,3鄰,樂善二路,,,,,,537號六樓,121.392896349501,25.0460560876564
桃園市龜山區文桃里3鄰樂善二路537號七樓,68,6800700,6800700-000,3鄰,樂善二路,,,,,,537號七樓,121.392896349501,25.0460560876564
桃園市龜山區文桃里3鄰樂善二路537號八樓,68,6800700,6800700-000,3鄰,樂善二路,,,,,,537號八樓,121.392896349501,25.0460560876564
桃園市龜山區文桃里3鄰樂善二路537號九樓,68,6800700,6800700-000,3鄰,樂善二路,,,,,,537號九樓,121.392896349501,25.0460560876564
桃園市龜山區文桃里3鄰樂善二路537號十一樓,68,6800700,6800700-000,3鄰,樂善二路,,,,,,537號十一樓,121.392896349501,25.0460560876564
桃園市龜山區文桃里3鄰樂善二路537號十二樓,68,6800700,6800700-000,3鄰,樂善二路,,,,,,537號十二樓,121.392896349501,25.0460560876564
桃園市龜山區文桃里3鄰樂善二路537號十三樓,68,6800700,6800700-000,3鄰,樂善二路,,,,,,537號十三樓,121.392896349501,25.0460560876564
桃園市龜山區文桃里3鄰樂善二路537號十四樓,68,6800700,6800700-000,3鄰,樂善二路,,,,,,537號十四樓,121.392896349501,25.0460560876564
桃園市龜山區文桃里3鄰樂善二路537號十五樓,68,6800700,6800700-000,3鄰,樂善二路,,,,,,537號十五樓,121.392896349501,25.0460560876564
桃園市龜山區文桃里3鄰樂善二路537號十六樓,68,6800700,6800700-000,3鄰,樂善二路,,,,,,537號十六樓,121.392896349501,25.0460560876564
桃園市龜山區文桃里3鄰樂善二路537號十七樓,68,6800700,6800700-000,3鄰,樂善二路,,,,,,537號十七樓,121.392896349501,25.0460560876564
桃園市龜山區文桃里3鄰樂善二路537號十八樓,68,6800700,6800700-000,3鄰,樂善二路,,,,,,537號十八樓,121.392896349501,25.0460560876564
桃園市龜山區文桃里3鄰樂善二路537號十九樓,68,6800700,6800700-000,3鄰,樂善二路,,,,,,537號十九樓,121.392896349501,25.0460560876564
桃園市龜山區文桃里12鄰樂善二路538號十樓,68,6800700,6800700-000,12鄰,樂善二路,,,,,,538號十樓,121.387985514019,25.0455452683963
桃園市龜山區文桃里12鄰樂善二路538號二樓,68,6800700,6800700-000,12鄰,樂善二路,,,,,,538號二樓,121.387985514019,25.0455452683963
桃園市龜山區文桃里12鄰樂善二路538號三樓,68,6800700,6800700-000,12鄰,樂善二路,,,,,,538號三樓,121.387985514019,25.0455452683963
桃園市龜山區文桃里12鄰樂善二路538號四樓,68,6800700,6800700-000,12鄰,樂善二路,,,,,,538號四樓,121.387985514019,25.0455452683963
桃園市龜山區文桃里12鄰樂善二路538號五樓,68,6800700,6800700-000,12鄰,樂善二路,,,,,,538號五樓,121.387985514019,25.0455452683963
桃園市龜山區文桃里12鄰樂善二路538號六樓,68,6800700,6800700-000,12鄰,樂善二路,,,,,,538號六樓,121.387985514019,25.0455452683963
桃園市龜山區文桃里12鄰樂善二路538號七樓,68,6800700,6800700-000,12鄰,樂善二路,,,,,,538號七樓,121.387985514019,25.0455452683963
桃園市龜山區文桃里12鄰樂善二路538號八樓,68,6800700,6800700-000,12鄰,樂善二路,,,,,,538號八樓,121.387985514019,25.0455452683963
桃園市龜山區文桃里12鄰樂善二路538號九樓,68,6800700,6800700-000,12鄰,樂善二路,,,,,,538號九樓,121.387985514019,25.0455452683963
桃園市龜山區文桃里12鄰樂善二路538號十一樓,68,6800700,6800700-000,12鄰,樂善二路,,,,,,538號十一樓,121.387985514019,25.0455452683963
桃園市龜山區文桃里12鄰樂善二路538號十二樓,68,6800700,6800700-000,12鄰,樂善二路,,,,,,538號十二樓,121.387985514019,25.0455452683963
桃園市龜山區文桃里12鄰樂善二路538號十三樓,68,6800700,6800700-000,12鄰,樂善二路,,,,,,538號十三樓,121.387985514019,25.0455452683963
桃園市龜山區文桃里12鄰樂善二路538號十四樓,68,6800700,6800700-000,12鄰,樂善二路,,,,,,538號十四樓,121.387985514019,25.0455452683963
桃園市龜山區文桃里12鄰樂善二路538號十五樓,68,6800700,6800700-000,12鄰,樂善二路,,,,,,538號十五樓,121.387985514019,25.0455452683963
桃園市龜山區文桃里3鄰樂善二路539號,68,6800700,6800700-000,3鄰,樂善二路,,,,,,539號,121.392992976171,25.0460561029278
桃園市龜山區文桃里3鄰樂善二路539號十樓,68,6800700,6800700-000,3鄰,樂善二路,,,,,,539號十樓,121.392992976171,25.0460561029278
桃園市龜山區文桃里3鄰樂善二路539號二樓,68,6800700,6800700-000,3鄰,樂善二路,,,,,,539號二樓,121.392992976171,25.0460561029278
桃園市龜山區文桃里3鄰樂善二路539號三樓,68,6800700,6800700-000,3鄰,樂善二路,,,,,,539號三樓,121.392992976171,25.0460561029278
桃園市龜山區文桃里3鄰樂善二路539號四樓,68,6800700,6800700-000,3鄰,樂善二路,,,,,,539號四樓,121.392992976171,25.0460561029278
桃園市龜山區文桃里3鄰樂善二路539號五樓,68,6800700,6800700-000,3鄰,樂善二路,,,,,,539號五樓,121.392992976171,25.0460561029278
桃園市龜山區文桃里3鄰樂善二路539號六樓,68,6800700,6800700-000,3鄰,樂善二路,,,,,,539號六樓,121.392992976171,25.0460561029278
桃園市龜山區文桃里3鄰樂善二路539號七樓,68,6800700,6800700-000,3鄰,樂善二路,,,,,,539號七樓,121.392992976171,25.0460561029278
桃園市龜山區文桃里3鄰樂善二路539號八樓,68,6800700,6800700-000,3鄰,樂善二路,,,,,,539號八樓,121.392992976171,25.0460561029278
桃園市龜山區文桃里3鄰樂善二路539號九樓,68,6800700,6800700-000,3鄰,樂善二路,,,,,,539號九樓,121.392992976171,25.0460561029278
桃園市龜山區文桃里3鄰樂善二路539號十一樓,68,6800700,6800700-000,3鄰,樂善二路,,,,,,539號十一樓,121.392992976171,25.0460561029278
桃園市龜山區文桃里3鄰樂善二路539號十二樓,68,6800700,6800700-000,3鄰,樂善二路,,,,,,539號十二樓,121.392992976171,25.0460561029278
桃園市龜山區文桃里3鄰樂善二路539號十三樓,68,6800700,6800700-000,3鄰,樂善二路,,,,,,539號十三樓,121.392992976171,25.0460561029278
桃園市龜山區文桃里3鄰樂善二路539號十四樓,68,6800700,6800700-000,3鄰,樂善二路,,,,,,539號十四樓,121.392992976171,25.0460561029278
桃園市龜山區文桃里3鄰樂善二路539號十五樓,68,6800700,6800700-000,3鄰,樂善二路,,,,,,539號十五樓,121.392992976171,25.0460561029278
桃園市龜山區文桃里3鄰樂善二路539號十六樓,68,6800700,6800700-000,3鄰,樂善二路,,,,,,539號十六樓,121.392992976171,25.0460561029278
桃園市龜山區文桃里3鄰樂善二路539號十七樓,68,6800700,6800700-000,3鄰,樂善二路,,,,,,539號十七樓,121.392992976171,25.0460561029278
桃園市龜山區文桃里3鄰樂善二路539號十八樓,68,6800700,6800700-000,3鄰,樂善二路,,,,,,539號十八樓,121.392992976171,25.0460561029278
桃園市龜山區文桃里3鄰樂善二路539號十九樓,68,6800700,6800700-000,3鄰,樂善二路,,,,,,539號十九樓,121.392992976171,25.0460561029278
桃園市龜山區文桃里12鄰樂善二路540號十樓,68,6800700,6800700-000,12鄰,樂善二路,,,,,,540號十樓,121.387985554501,25.0454636534194
桃園市龜山區文桃里12鄰樂善二路540號二樓,68,6800700,6800700-000,12鄰,樂善二路,,,,,,540號二樓,121.387985554501,25.0454636534194
桃園市龜山區文桃里12鄰樂善二路540號三樓,68,6800700,6800700-000,12鄰,樂善二路,,,,,,540號三樓,121.387985554501,25.0454636534194
桃園市龜山區文桃里12鄰樂善二路540號四樓,68,6800700,6800700-000,12鄰,樂善二路,,,,,,540號四樓,121.387985554501,25.0454636534194
桃園市龜山區文桃里12鄰樂善二路540號五樓,68,6800700,6800700-000,12鄰,樂善二路,,,,,,540號五樓,121.387985554501,25.0454636534194
桃園市龜山區文桃里12鄰樂善二路540號六樓,68,6800700,6800700-000,12鄰,樂善二路,,,,,,540號六樓,121.387985554501,25.0454636534194
桃園市龜山區文桃里12鄰樂善二路540號七樓,68,6800700,6800700-000,12鄰,樂善二路,,,,,,540號七樓,121.387985554501,25.0454636534194
桃園市龜山區文桃里12鄰樂善二路540號八樓,68,6800700,6800700-000,12鄰,樂善二路,,,,,,540號八樓,121.387985554501,25.0454636534194
桃園市龜山區文桃里12鄰樂善二路540號九樓,68,6800700,6800700-000,12鄰,樂善二路,,,,,,540號九樓,121.387985554501,25.0454636534194
桃園市龜山區文桃里12鄰樂善二路540號十一樓,68,6800700,6800700-000,12鄰,樂善二路,,,,,,540號十一樓,121.387985554501,25.0454636534194
桃園市龜山區文桃里12鄰樂善二路540號十二樓,68,6800700,6800700-000,12鄰,樂善二路,,,,,,540號十二樓,121.387985554501,25.0454636534194
桃園市龜山區文桃里12鄰樂善二路540號十三樓,68,6800700,6800700-000,12鄰,樂善二路,,,,,,540號十三樓,121.387985554501,25.0454636534194
桃園市龜山區文桃里12鄰樂善二路540號十四樓,68,6800700,6800700-000,12鄰,樂善二路,,,,,,540號十四樓,121.387985554501,25.0454636534194
桃園市龜山區文桃里12鄰樂善二路540號十五樓,68,6800700,6800700-000,12鄰,樂善二路,,,,,,540號十五樓,121.387985554501,25.0454636534194
桃園市龜山區文桃里3鄰樂善二路541號,68,6800700,6800700-000,3鄰,樂善二路,,,,,,541號,121.393093845577,25.046050238587
桃園市龜山區文桃里3鄰樂善二路541號十樓,68,6800700,6800700-000,3鄰,樂善二路,,,,,,541號十樓,121.393093845577,25.046050238587
桃園市龜山區文桃里3鄰樂善二路541號二樓,68,6800700,6800700-000,3鄰,樂善二路,,,,,,541號二樓,121.393093845577,25.046050238587
桃園市龜山區文桃里3鄰樂善二路541號三樓,68,6800700,6800700-000,3鄰,樂善二路,,,,,,541號三樓,121.393093845577,25.046050238587
桃園市龜山區文桃里3鄰樂善二路541號四樓,68,6800700,6800700-000,3鄰,樂善二路,,,,,,541號四樓,121.393093845577,25.046050238587
桃園市龜山區文桃里3鄰樂善二路541號五樓,68,6800700,6800700-000,3鄰,樂善二路,,,,,,541號五樓,121.393093845577,25.046050238587
桃園市龜山區文桃里3鄰樂善二路541號六樓,68,6800700,6800700-000,3鄰,樂善二路,,,,,,541號六樓,121.393093845577,25.046050238587
桃園市龜山區文桃里3鄰樂善二路541號七樓,68,6800700,6800700-000,3鄰,樂善二路,,,,,,541號七樓,121.393093845577,25.046050238587
桃園市龜山區文桃里3鄰樂善二路541號八樓,68,6800700,6800700-000,3鄰,樂善二路,,,,,,541號八樓,121.393093845577,25.046050238587
桃園市龜山區文桃里3鄰樂善二路541號九樓,68,6800700,6800700-000,3鄰,樂善二路,,,,,,541號九樓,121.393093845577,25.046050238587
桃園市龜山區文桃里3鄰樂善二路541號十一樓,68,6800700,6800700-000,3鄰,樂善二路,,,,,,541號十一樓,121.393093845577,25.046050238587
桃園市龜山區文桃里3鄰樂善二路541號十二樓,68,6800700,6800700-000,3鄰,樂善二路,,,,,,541號十二樓,121.393093845577,25.046050238587
桃園市龜山區文桃里3鄰樂善二路541號十三樓,68,6800700,6800700-000,3鄰,樂善二路,,,,,,541號十三樓,121.393093845577,25.046050238587
桃園市龜山區文桃里3鄰樂善二路541號十四樓,68,6800700,6800700-000,3鄰,樂善二路,,,,,,541號十四樓,121.393093845577,25.046050238587
桃園市龜山區文桃里3鄰樂善二路541號十五樓,68,6800700,6800700-000,3鄰,樂善二路,,,,,,541號十五樓,121.393093845577,25.046050238587
桃園市龜山區文桃里3鄰樂善二路541號十六樓,68,6800700,6800700-000,3鄰,樂善二路,,,,,,541號十六樓,121.393093845577,25.046050238587
桃園市龜山區文桃里3鄰樂善二路541號十七樓,68,6800700,6800700-000,3鄰,樂善二路,,,,,,541號十七樓,121.393093845577,25.046050238587
桃園市龜山區文桃里3鄰樂善二路541號十八樓,68,6800700,6800700-000,3鄰,樂善二路,,,,,,541號十八樓,121.393093845577,25.046050238587
桃園市龜山區文桃里3鄰樂善二路541號十九樓,68,6800700,6800700-000,3鄰,樂善二路,,,,,,541號十九樓,121.393093845577,25.046050238587
桃園市龜山區文桃里12鄰樂善二路542號,68,6800700,6800700-000,12鄰,樂善二路,,,,,,542號,121.387981258887,25.0453898140122
桃園市龜山區文桃里12鄰樂善二路542號十樓,68,6800700,6800700-000,12鄰,樂善二路,,,,,,542號十樓,121.387981258887,25.0453898140122
桃園市龜山區文桃里12鄰樂善二路542號二樓,68,6800700,6800700-000,12鄰,樂善二路,,,,,,542號二樓,121.387981258887,25.0453898140122
桃園市龜山區文桃里12鄰樂善二路542號三樓,68,6800700,6800700-000,12鄰,樂善二路,,,,,,542號三樓,121.387981258887,25.0453898140122
桃園市龜山區文桃里12鄰樂善二路542號四樓,68,6800700,6800700-000,12鄰,樂善二路,,,,,,542號四樓,121.387981258887,25.0453898140122
桃園市龜山區文桃里12鄰樂善二路542號五樓,68,6800700,6800700-000,12鄰,樂善二路,,,,,,542號五樓,121.387981258887,25.0453898140122
桃園市龜山區文桃里12鄰樂善二路542號六樓,68,6800700,6800700-000,12鄰,樂善二路,,,,,,542號六樓,121.387981258887,25.0453898140122
桃園市龜山區文桃里12鄰樂善二路542號七樓,68,6800700,6800700-000,12鄰,樂善二路,,,,,,542號七樓,121.387981258887,25.0453898140122
桃園市龜山區文桃里12鄰樂善二路542號八樓,68,6800700,6800700-000,12鄰,樂善二路,,,,,,542號八樓,121.387981258887,25.0453898140122
桃園市龜山區文桃里12鄰樂善二路542號九樓,68,6800700,6800700-000,12鄰,樂善二路,,,,,,542號九樓,121.387981258887,25.0453898140122
桃園市龜山區文桃里12鄰樂善二路542號十一樓,68,6800700,6800700-000,12鄰,樂善二路,,,,,,542號十一樓,121.387981258887,25.0453898140122
桃園市龜山區文桃里12鄰樂善二路542號十二樓,68,6800700,6800700-000,12鄰,樂善二路,,,,,,542號十二樓,121.387981258887,25.0453898140122
桃園市龜山區文桃里12鄰樂善二路542號十三樓,68,6800700,6800700-000,12鄰,樂善二路,,,,,,542號十三樓,121.387981258887,25.0453898140122
桃園市龜山區文桃里12鄰樂善二路542號十四樓,68,6800700,6800700-000,12鄰,樂善二路,,,,,,542號十四樓,121.387981258887,25.0453898140122
桃園市龜山區文桃里12鄰樂善二路542號十五樓,68,6800700,6800700-000,12鄰,樂善二路,,,,,,542號十五樓,121.387981258887,25.0453898140122
桃園市龜山區文桃里3鄰樂善二路543號,68,6800700,6800700-000,3鄰,樂善二路,,,,,,543號,121.393188267206,25.0460424953228
桃園市龜山區文桃里3鄰樂善二路543號十樓,68,6800700,6800700-000,3鄰,樂善二路,,,,,,543號十樓,121.393188267206,25.0460424953228
桃園市龜山區文桃里3鄰樂善二路543號二樓,68,6800700,6800700-000,3鄰,樂善二路,,,,,,543號二樓,121.393188267206,25.0460424953228
桃園市龜山區文桃里3鄰樂善二路543號三樓,68,6800700,6800700-000,3鄰,樂善二路,,,,,,543號三樓,121.393188267206,25.0460424953228
桃園市龜山區文桃里3鄰樂善二路543號四樓,68,6800700,6800700-000,3鄰,樂善二路,,,,,,543號四樓,121.393188267206,25.0460424953228
桃園市龜山區文桃里3鄰樂善二路543號五樓,68,6800700,6800700-000,3鄰,樂善二路,,,,,,543號五樓,121.393188267206,25.0460424953228
桃園市龜山區文桃里3鄰樂善二路543號六樓,68,6800700,6800700-000,3鄰,樂善二路,,,,,,543號六樓,121.393188267206,25.0460424953228
桃園市龜山區文桃里3鄰樂善二路543號七樓,68,6800700,6800700-000,3鄰,樂善二路,,,,,,543號七樓,121.393188267206,25.0460424953228
桃園市龜山區文桃里3鄰樂善二路543號八樓,68,6800700,6800700-000,3鄰,樂善二路,,,,,,543號八樓,121.393188267206,25.0460424953228
桃園市龜山區文桃里3鄰樂善二路543號九樓,68,6800700,6800700-000,3鄰,樂善二路,,,,,,543號九樓,121.393188267206,25.0460424953228
桃園市龜山區文桃里3鄰樂善二路543號十一樓,68,6800700,6800700-000,3鄰,樂善二路,,,,,,543號十一樓,121.393188267206,25.0460424953228
桃園市龜山區文桃里3鄰樂善二路543號十二樓,68,6800700,6800700-000,3鄰,樂善二路,,,,,,543號十二樓,121.393188267206,25.0460424953228
桃園市龜山區文桃里3鄰樂善二路543號十三樓,68,6800700,6800700-000,3鄰,樂善二路,,,,,,543號十三樓,121.393188267206,25.0460424953228
桃園市龜山區文桃里3鄰樂善二路543號十四樓,68,6800700,6800700-000,3鄰,樂善二路,,,,,,543號十四樓,121.393188267206,25.0460424953228
桃園市龜山區文桃里3鄰樂善二路543號十五樓,68,6800700,6800700-000,3鄰,樂善二路,,,,,,543號十五樓,121.393188267206,25.0460424953228
桃園市龜山區文桃里3鄰樂善二路543號十六樓,68,6800700,6800700-000,3鄰,樂善二路,,,,,,543號十六樓,121.393188267206,25.0460424953228
桃園市龜山區文桃里3鄰樂善二路543號十七樓,68,6800700,6800700-000,3鄰,樂善二路,,,,,,543號十七樓,121.393188267206,25.0460424953228
桃園市龜山區文桃里3鄰樂善二路543號十八樓,68,6800700,6800700-000,3鄰,樂善二路,,,,,,543號十八樓,121.393188267206,25.0460424953228
桃園市龜山區文桃里3鄰樂善二路543號十九樓,68,6800700,6800700-000,3鄰,樂善二路,,,,,,543號十九樓,121.393188267206,25.0460424953228
桃園市龜山區文桃里12鄰樂善二路546號十樓,68,6800700,6800700-000,12鄰,樂善二路,,,,,,546號十樓,121.388135789778,25.045461726205
桃園市龜山區文桃里12鄰樂善二路546號二樓,68,6800700,6800700-000,12鄰,樂善二路,,,,,,546號二樓,121.388135789778,25.045461726205
桃園市龜山區文桃里12鄰樂善二路546號三樓,68,6800700,6800700-000,12鄰,樂善二路,,,,,,546號三樓,121.388135789778,25.045461726205
桃園市龜山區文桃里12鄰樂善二路546號四樓,68,6800700,6800700-000,12鄰,樂善二路,,,,,,546號四樓,121.388135789778,25.045461726205
桃園市龜山區文桃里12鄰樂善二路546號五樓,68,6800700,6800700-000,12鄰,樂善二路,,,,,,546號五樓,121.388135789778,25.045461726205
桃園市龜山區文桃里12鄰樂善二路546號六樓,68,6800700,6800700-000,12鄰,樂善二路,,,,,,546號六樓,121.388135789778,25.045461726205
桃園市龜山區文桃里12鄰樂善二路546號七樓,68,6800700,6800700-000,12鄰,樂善二路,,,,,,546號七樓,121.388135789778,25.045461726205
桃園市龜山區文桃里12鄰樂善二路546號八樓,68,6800700,6800700-000,12鄰,樂善二路,,,,,,546號八樓,121.388135789778,25.045461726205
桃園市龜山區文桃里12鄰樂善二路546號九樓,68,6800700,6800700-000,12鄰,樂善二路,,,,,,546號九樓,121.388135789778,25.045461726205
桃園市龜山區文桃里12鄰樂善二路546號十一樓,68,6800700,6800700-000,12鄰,樂善二路,,,,,,546號十一樓,121.388135789778,25.045461726205
桃園市龜山區文桃里12鄰樂善二路546號十二樓,68,6800700,6800700-000,12鄰,樂善二路,,,,,,546號十二樓,121.388135789778,25.045461726205
桃園市龜山區文桃里12鄰樂善二路546號十三樓,68,6800700,6800700-000,12鄰,樂善二路,,,,,,546號十三樓,121.388135789778,25.045461726205
桃園市龜山區文桃里12鄰樂善二路546號十四樓,68,6800700,6800700-000,12鄰,樂善二路,,,,,,546號十四樓,121.388135789778,25.045461726205
桃園市龜山區文桃里12鄰樂善二路546號十五樓,68,6800700,6800700-000,12鄰,樂善二路,,,,,,546號十五樓,121.388135789778,25.045461726205
桃園市龜山區文桃里12鄰樂善二路548號十樓,68,6800700,6800700-000,12鄰,樂善二路,,,,,,548號十樓,121.38813388306,25.0453912209936
桃園市龜山區文桃里12鄰樂善二路548號二樓,68,6800700,6800700-000,12鄰,樂善二路,,,,,,548號二樓,121.38813388306,25.0453912209936
桃園市龜山區文桃里12鄰樂善二路548號三樓,68,6800700,6800700-000,12鄰,樂善二路,,,,,,548號三樓,121.38813388306,25.0453912209936
桃園市龜山區文桃里12鄰樂善二路548號四樓,68,6800700,6800700-000,12鄰,樂善二路,,,,,,548號四樓,121.38813388306,25.0453912209936
桃園市龜山區文桃里12鄰樂善二路548號五樓,68,6800700,6800700-000,12鄰,樂善二路,,,,,,548號五樓,121.38813388306,25.0453912209936
桃園市龜山區文桃里12鄰樂善二路548號六樓,68,6800700,6800700-000,12鄰,樂善二路,,,,,,548號六樓,121.38813388306,25.0453912209936
桃園市龜山區文桃里12鄰樂善二路548號七樓,68,6800700,6800700-000,12鄰,樂善二路,,,,,,548號七樓,121.38813388306,25.0453912209936
桃園市龜山區文桃里12鄰樂善二路548號八樓,68,6800700,6800700-000,12鄰,樂善二路,,,,,,548號八樓,121.38813388306,25.0453912209936
桃園市龜山區文桃里12鄰樂善二路548號九樓,68,6800700,6800700-000,12鄰,樂善二路,,,,,,548號九樓,121.38813388306,25.0453912209936
桃園市龜山區文桃里12鄰樂善二路548號十一樓,68,6800700,6800700-000,12鄰,樂善二路,,,,,,548號十一樓,121.38813388306,25.0453912209936
桃園市龜山區文桃里12鄰樂善二路548號十二樓,68,6800700,6800700-000,12鄰,樂善二路,,,,,,548號十二樓,121.38813388306,25.0453912209936
桃園市龜山區文桃里12鄰樂善二路548號十三樓,68,6800700,6800700-000,12鄰,樂善二路,,,,,,548號十三樓,121.38813388306,25.0453912209936
桃園市龜山區文桃里12鄰樂善二路548號十四樓,68,6800700,6800700-000,12鄰,樂善二路,,,,,,548號十四樓,121.38813388306,25.0453912209936
桃園市龜山區文桃里12鄰樂善二路548號十五樓,68,6800700,6800700-000,12鄰,樂善二路,,,,,,548號十五樓,121.38813388306,25.0453912209936
桃園市龜山區文桃里12鄰樂善二路550號十樓,68,6800700,6800700-000,12鄰,樂善二路,,,,,,550號十樓,121.3882303948,25.0453863644433
桃園市龜山區文桃里12鄰樂善二路550號二樓,68,6800700,6800700-000,12鄰,樂善二路,,,,,,550號二樓,121.3882303948,25.0453863644433
桃園市龜山區文桃里12鄰樂善二路550號三樓,68,6800700,6800700-000,12鄰,樂善二路,,,,,,550號三樓,121.3882303948,25.0453863644433
桃園市龜山區文桃里12鄰樂善二路550號四樓,68,6800700,6800700-000,12鄰,樂善二路,,,,,,550號四樓,121.3882303948,25.0453863644433
桃園市龜山區文桃里12鄰樂善二路550號五樓,68,6800700,6800700-000,12鄰,樂善二路,,,,,,550號五樓,121.3882303948,25.0453863644433
桃園市龜山區文桃里12鄰樂善二路550號六樓,68,6800700,6800700-000,12鄰,樂善二路,,,,,,550號六樓,121.3882303948,25.0453863644433
桃園市龜山區文桃里12鄰樂善二路550號七樓,68,6800700,6800700-000,12鄰,樂善二路,,,,,,550號七樓,121.3882303948,25.0453863644433
桃園市龜山區文桃里12鄰樂善二路550號八樓,68,6800700,6800700-000,12鄰,樂善二路,,,,,,550號八樓,121.3882303948,25.0453863644433
桃園市龜山區文桃里12鄰樂善二路550號九樓,68,6800700,6800700-000,12鄰,樂善二路,,,,,,550號九樓,121.3882303948,25.0453863644433
桃園市龜山區文桃里12鄰樂善二路550號十一樓,68,6800700,6800700-000,12鄰,樂善二路,,,,,,550號十一樓,121.3882303948,25.0453863644433
桃園市龜山區文桃里12鄰樂善二路550號十二樓,68,6800700,6800700-000,12鄰,樂善二路,,,,,,550號十二樓,121.3882303948,25.0453863644433
桃園市龜山區文桃里12鄰樂善二路550號十三樓,68,6800700,6800700-000,12鄰,樂善二路,,,,,,550號十三樓,121.3882303948,25.0453863644433
桃園市龜山區文桃里12鄰樂善二路550號十四樓,68,6800700,6800700-000,12鄰,樂善二路,,,,,,550號十四樓,121.3882303948,25.0453863644433
桃園市龜山區文桃里12鄰樂善二路550號十五樓,68,6800700,6800700-000,12鄰,樂善二路,,,,,,550號十五樓,121.3882303948,25.0453863644433
桃園市龜山區文桃里12鄰樂善二路552號十樓,68,6800700,6800700-000,12鄰,樂善二路,,,,,,552號十樓,121.388231525522,25.0454621983151
桃園市龜山區文桃里12鄰樂善二路552號二樓,68,6800700,6800700-000,12鄰,樂善二路,,,,,,552號二樓,121.388231525522,25.0454621983151
桃園市龜山區文桃里12鄰樂善二路552號三樓,68,6800700,6800700-000,12鄰,樂善二路,,,,,,552號三樓,121.388231525522,25.0454621983151
桃園市龜山區文桃里12鄰樂善二路552號四樓,68,6800700,6800700-000,12鄰,樂善二路,,,,,,552號四樓,121.388231525522,25.0454621983151
桃園市龜山區文桃里12鄰樂善二路552號五樓,68,6800700,6800700-000,12鄰,樂善二路,,,,,,552號五樓,121.388231525522,25.0454621983151
桃園市龜山區文桃里12鄰樂善二路552號六樓,68,6800700,6800700-000,12鄰,樂善二路,,,,,,552號六樓,121.388231525522,25.0454621983151
桃園市龜山區文桃里12鄰樂善二路552號七樓,68,6800700,6800700-000,12鄰,樂善二路,,,,,,552號七樓,121.388231525522,25.0454621983151
桃園市龜山區文桃里12鄰樂善二路552號八樓,68,6800700,6800700-000,12鄰,樂善二路,,,,,,552號八樓,121.388231525522,25.0454621983151
桃園市龜山區文桃里12鄰樂善二路552號九樓,68,6800700,6800700-000,12鄰,樂善二路,,,,,,552號九樓,121.388231525522,25.0454621983151
桃園市龜山區文桃里12鄰樂善二路552號十一樓,68,6800700,6800700-000,12鄰,樂善二路,,,,,,552號十一樓,121.388231525522,25.0454621983151
桃園市龜山區文桃里12鄰樂善二路552號十二樓,68,6800700,6800700-000,12鄰,樂善二路,,,,,,552號十二樓,121.388231525522,25.0454621983151
桃園市龜山區文桃里12鄰樂善二路552號十三樓,68,6800700,6800700-000,12鄰,樂善二路,,,,,,552號十三樓,121.388231525522,25.0454621983151
桃園市龜山區文桃里12鄰樂善二路552號十四樓,68,6800700,6800700-000,12鄰,樂善二路,,,,,,552號十四樓,121.388231525522,25.0454621983151
桃園市龜山區文桃里12鄰樂善二路552號十五樓,68,6800700,6800700-000,12鄰,樂善二路,,,,,,552號十五樓,121.388231525522,25.0454621983151
桃園市龜山區文桃里12鄰樂善二路556號十樓,68,6800700,6800700-000,12鄰,樂善二路,,,,,,556號十樓,121.388372017123,25.0453873485198
桃園市龜山區文桃里12鄰樂善二路556號二樓,68,6800700,6800700-000,12鄰,樂善二路,,,,,,556號二樓,121.388372017123,25.0453873485198
桃園市龜山區文桃里12鄰樂善二路556號三樓,68,6800700,6800700-000,12鄰,樂善二路,,,,,,556號三樓,121.388372017123,25.0453873485198
桃園市龜山區文桃里12鄰樂善二路556號四樓,68,6800700,6800700-000,12鄰,樂善二路,,,,,,556號四樓,121.388372017123,25.0453873485198
桃園市龜山區文桃里12鄰樂善二路556號五樓,68,6800700,6800700-000,12鄰,樂善二路,,,,,,556號五樓,121.388372017123,25.0453873485198
桃園市龜山區文桃里12鄰樂善二路556號六樓,68,6800700,6800700-000,12鄰,樂善二路,,,,,,556號六樓,121.388372017123,25.0453873485198
桃園市龜山區文桃里12鄰樂善二路556號七樓,68,6800700,6800700-000,12鄰,樂善二路,,,,,,556號七樓,121.388372017123,25.0453873485198
桃園市龜山區文桃里12鄰樂善二路556號八樓,68,6800700,6800700-000,12鄰,樂善二路,,,,,,556號八樓,121.388372017123,25.0453873485198
桃園市龜山區文桃里12鄰樂善二路556號九樓,68,6800700,6800700-000,12鄰,樂善二路,,,,,,556號九樓,121.388372017123,25.0453873485198
桃園市龜山區文桃里12鄰樂善二路556號十一樓,68,6800700,6800700-000,12鄰,樂善二路,,,,,,556號十一樓,121.388372017123,25.0453873485198
桃園市龜山區文桃里12鄰樂善二路556號十二樓,68,6800700,6800700-000,12鄰,樂善二路,,,,,,556號十二樓,121.388372017123,25.0453873485198
桃園市龜山區文桃里12鄰樂善二路556號十三樓,68,6800700,6800700-000,12鄰,樂善二路,,,,,,556號十三樓,121.388372017123,25.0453873485198
桃園市龜山區文桃里12鄰樂善二路556號十四樓,68,6800700,6800700-000,12鄰,樂善二路,,,,,,556號十四樓,121.388372017123,25.0453873485198
桃園市龜山區文桃里12鄰樂善二路556號十五樓,68,6800700,6800700-000,12鄰,樂善二路,,,,,,556號十五樓,121.388372017123,25.0453873485198
桃園市龜山區文桃里12鄰樂善二路558號十樓,68,6800700,6800700-000,12鄰,樂善二路,,,,,,558號十樓,121.388369868434,25.0454603019406
桃園市龜山區文桃里12鄰樂善二路558號二樓,68,6800700,6800700-000,12鄰,樂善二路,,,,,,558號二樓,121.388369868434,25.0454603019406
桃園市龜山區文桃里12鄰樂善二路558號三樓,68,6800700,6800700-000,12鄰,樂善二路,,,,,,558號三樓,121.388369868434,25.0454603019406
桃園市龜山區文桃里12鄰樂善二路558號四樓,68,6800700,6800700-000,12鄰,樂善二路,,,,,,558號四樓,121.388369868434,25.0454603019406
桃園市龜山區文桃里12鄰樂善二路558號五樓,68,6800700,6800700-000,12鄰,樂善二路,,,,,,558號五樓,121.388369868434,25.0454603019406
桃園市龜山區文桃里12鄰樂善二路558號六樓,68,6800700,6800700-000,12鄰,樂善二路,,,,,,558號六樓,121.388369868434,25.0454603019406
桃園市龜山區文桃里12鄰樂善二路558號七樓,68,6800700,6800700-000,12鄰,樂善二路,,,,,,558號七樓,121.388369868434,25.0454603019406
桃園市龜山區文桃里12鄰樂善二路558號八樓,68,6800700,6800700-000,12鄰,樂善二路,,,,,,558號八樓,121.388369868434,25.0454603019406
桃園市龜山區文桃里12鄰樂善二路558號九樓,68,6800700,6800700-000,12鄰,樂善二路,,,,,,558號九樓,121.388369868434,25.0454603019406
桃園市龜山區文桃里12鄰樂善二路558號十一樓,68,6800700,6800700-000,12鄰,樂善二路,,,,,,558號十一樓,121.388369868434,25.0454603019406
桃園市龜山區文桃里12鄰樂善二路558號十二樓,68,6800700,6800700-000,12鄰,樂善二路,,,,,,558號十二樓,121.388369868434,25.0454603019406
桃園市龜山區文桃里12鄰樂善二路558號十三樓,68,6800700,6800700-000,12鄰,樂善二路,,,,,,558號十三樓,121.388369868434,25.0454603019406
桃園市龜山區文桃里12鄰樂善二路558號十四樓,68,6800700,6800700-000,12鄰,樂善二路,,,,,,558號十四樓,121.388369868434,25.0454603019406
桃園市龜山區文桃里12鄰樂善二路558號十五樓,68,6800700,6800700-000,12鄰,樂善二路,,,,,,558號十五樓,121.388369868434,25.0454603019406
桃園市龜山區文桃里12鄰樂善二路560號十樓,68,6800700,6800700-000,12鄰,樂善二路,,,,,,560號十樓,121.388374155183,25.045531252335
桃園市龜山區文桃里12鄰樂善二路560號二樓,68,6800700,6800700-000,12鄰,樂善二路,,,,,,560號二樓,121.388374155183,25.045531252335
桃園市龜山區文桃里12鄰樂善二路560號三樓,68,6800700,6800700-000,12鄰,樂善二路,,,,,,560號三樓,121.388374155183,25.045531252335
桃園市龜山區文桃里12鄰樂善二路560號四樓,68,6800700,6800700-000,12鄰,樂善二路,,,,,,560號四樓,121.388374155183,25.045531252335
桃園市龜山區文桃里12鄰樂善二路560號五樓,68,6800700,6800700-000,12鄰,樂善二路,,,,,,560號五樓,121.388374155183,25.045531252335
桃園市龜山區文桃里12鄰樂善二路560號六樓,68,6800700,6800700-000,12鄰,樂善二路,,,,,,560號六樓,121.388374155183,25.045531252335
桃園市龜山區文桃里12鄰樂善二路560號七樓,68,6800700,6800700-000,12鄰,樂善二路,,,,,,560號七樓,121.388374155183,25.045531252335
桃園市龜山區文桃里12鄰樂善二路560號八樓,68,6800700,6800700-000,12鄰,樂善二路,,,,,,560號八樓,121.388374155183,25.045531252335
桃園市龜山區文桃里12鄰樂善二路560號九樓,68,6800700,6800700-000,12鄰,樂善二路,,,,,,560號九樓,121.388374155183,25.045531252335
桃園市龜山區文桃里12鄰樂善二路560號十一樓,68,6800700,6800700-000,12鄰,樂善二路,,,,,,560號十一樓,121.388374155183,25.045531252335
桃園市龜山區文桃里12鄰樂善二路560號十二樓,68,6800700,6800700-000,12鄰,樂善二路,,,,,,560號十二樓,121.388374155183,25.045531252335
桃園市龜山區文桃里12鄰樂善二路560號十三樓,68,6800700,6800700-000,12鄰,樂善二路,,,,,,560號十三樓,121.388374155183,25.045531252335
桃園市龜山區文桃里12鄰樂善二路560號十四樓,68,6800700,6800700-000,12鄰,樂善二路,,,,,,560號十四樓,121.388374155183,25.045531252335
桃園市龜山區文桃里12鄰樂善二路560號十五樓,68,6800700,6800700-000,12鄰,樂善二路,,,,,,560號十五樓,121.388374155183,25.045531252335
桃園市龜山區文桃里12鄰樂善二路562號,68,6800700,6800700-000,12鄰,樂善二路,,,,,,562號,121.38837739759,25.0456167408499
桃園市龜山區文桃里12鄰樂善二路562號十樓,68,6800700,6800700-000,12鄰,樂善二路,,,,,,562號十樓,121.38837739759,25.0456167408499
桃園市龜山區文桃里12鄰樂善二路562號二樓,68,6800700,6800700-000,12鄰,樂善二路,,,,,,562號二樓,121.38837739759,25.0456167408499
桃園市龜山區文桃里12鄰樂善二路562號三樓,68,6800700,6800700-000,12鄰,樂善二路,,,,,,562號三樓,121.38837739759,25.0456167408499
桃園市龜山區文桃里12鄰樂善二路562號四樓,68,6800700,6800700-000,12鄰,樂善二路,,,,,,562號四樓,121.38837739759,25.0456167408499
桃園市龜山區文桃里12鄰樂善二路562號五樓,68,6800700,6800700-000,12鄰,樂善二路,,,,,,562號五樓,121.38837739759,25.0456167408499
桃園市龜山區文桃里12鄰樂善二路562號六樓,68,6800700,6800700-000,12鄰,樂善二路,,,,,,562號六樓,121.38837739759,25.0456167408499
桃園市龜山區文桃里12鄰樂善二路562號七樓,68,6800700,6800700-000,12鄰,樂善二路,,,,,,562號七樓,121.38837739759,25.0456167408499
桃園市龜山區文桃里12鄰樂善二路562號八樓,68,6800700,6800700-000,12鄰,樂善二路,,,,,,562號八樓,121.38837739759,25.0456167408499
桃園市龜山區文桃里12鄰樂善二路562號九樓,68,6800700,6800700-000,12鄰,樂善二路,,,,,,562號九樓,121.38837739759,25.0456167408499
桃園市龜山區文桃里12鄰樂善二路562號十一樓,68,6800700,6800700-000,12鄰,樂善二路,,,,,,562號十一樓,121.38837739759,25.0456167408499
桃園市龜山區文桃里12鄰樂善二路562號十二樓,68,6800700,6800700-000,12鄰,樂善二路,,,,,,562號十二樓,121.38837739759,25.0456167408499
桃園市龜山區文桃里12鄰樂善二路562號十三樓,68,6800700,6800700-000,12鄰,樂善二路,,,,,,562號十三樓,121.38837739759,25.0456167408499
桃園市龜山區文桃里12鄰樂善二路562號十四樓,68,6800700,6800700-000,12鄰,樂善二路,,,,,,562號十四樓,121.38837739759,25.0456167408499
桃園市龜山區文桃里12鄰樂善二路562號十五樓,68,6800700,6800700-000,12鄰,樂善二路,,,,,,562號十五樓,121.38837739759,25.0456167408499
桃園市龜山區文桃里12鄰樂善二路566號,68,6800700,6800700-000,12鄰,樂善二路,,,,,,566號,121.388380640287,25.0457023196449
桃園市龜山區文桃里12鄰樂善二路566號十樓,68,6800700,6800700-000,12鄰,樂善二路,,,,,,566號十樓,121.388380640287,25.0457023196449
桃園市龜山區文桃里12鄰樂善二路566號二樓,68,6800700,6800700-000,12鄰,樂善二路,,,,,,566號二樓,121.388380640287,25.0457023196449
桃園市龜山區文桃里12鄰樂善二路566號三樓,68,6800700,6800700-000,12鄰,樂善二路,,,,,,566號三樓,121.388380640287,25.0457023196449
桃園市龜山區文桃里12鄰樂善二路566號四樓,68,6800700,6800700-000,12鄰,樂善二路,,,,,,566號四樓,121.388380640287,25.0457023196449
桃園市龜山區文桃里12鄰樂善二路566號五樓,68,6800700,6800700-000,12鄰,樂善二路,,,,,,566號五樓,121.388380640287,25.0457023196449
桃園市龜山區文桃里12鄰樂善二路566號六樓,68,6800700,6800700-000,12鄰,樂善二路,,,,,,566號六樓,121.388380640287,25.0457023196449
桃園市龜山區文桃里12鄰樂善二路566號七樓,68,6800700,6800700-000,12鄰,樂善二路,,,,,,566號七樓,121.388380640287,25.0457023196449
桃園市龜山區文桃里12鄰樂善二路566號八樓,68,6800700,6800700-000,12鄰,樂善二路,,,,,,566號八樓,121.388380640287,25.0457023196449
桃園市龜山區文桃里12鄰樂善二路566號九樓,68,6800700,6800700-000,12鄰,樂善二路,,,,,,566號九樓,121.388380640287,25.0457023196449
桃園市龜山區文桃里12鄰樂善二路566號十一樓,68,6800700,6800700-000,12鄰,樂善二路,,,,,,566號十一樓,121.388380640287,25.0457023196449
桃園市龜山區文桃里12鄰樂善二路566號十二樓,68,6800700,6800700-000,12鄰,樂善二路,,,,,,566號十二樓,121.388380640287,25.0457023196449
桃園市龜山區文桃里12鄰樂善二路566號十三樓,68,6800700,6800700-000,12鄰,樂善二路,,,,,,566號十三樓,121.388380640287,25.0457023196449
桃園市龜山區文桃里12鄰樂善二路566號十四樓,68,6800700,6800700-000,12鄰,樂善二路,,,,,,566號十四樓,121.388380640287,25.0457023196449
桃園市龜山區文桃里12鄰樂善二路566號十五樓,68,6800700,6800700-000,12鄰,樂善二路,,,,,,566號十五樓,121.388380640287,25.0457023196449
桃園市龜山區文桃里12鄰樂善二路568號十樓,68,6800700,6800700-000,12鄰,樂善二路,,,,,,568號十樓,121.388381658504,25.0458053286667
桃園市龜山區文桃里12鄰樂善二路568號二樓,68,6800700,6800700-000,12鄰,樂善二路,,,,,,568號二樓,121.388381658504,25.0458053286667
桃園市龜山區文桃里12鄰樂善二路568號三樓,68,6800700,6800700-000,12鄰,樂善二路,,,,,,568號三樓,121.388381658504,25.0458053286667
桃園市龜山區文桃里12鄰樂善二路568號四樓,68,6800700,6800700-000,12鄰,樂善二路,,,,,,568號四樓,121.388381658504,25.0458053286667
桃園市龜山區文桃里12鄰樂善二路568號五樓,68,6800700,6800700-000,12鄰,樂善二路,,,,,,568號五樓,121.388381658504,25.0458053286667
桃園市龜山區文桃里12鄰樂善二路568號六樓,68,6800700,6800700-000,12鄰,樂善二路,,,,,,568號六樓,121.388381658504,25.0458053286667
桃園市龜山區文桃里12鄰樂善二路568號七樓,68,6800700,6800700-000,12鄰,樂善二路,,,,,,568號七樓,121.388381658504,25.0458053286667
桃園市龜山區文桃里12鄰樂善二路568號八樓,68,6800700,6800700-000,12鄰,樂善二路,,,,,,568號八樓,121.388381658504,25.0458053286667
桃園市龜山區文桃里12鄰樂善二路568號九樓,68,6800700,6800700-000,12鄰,樂善二路,,,,,,568號九樓,121.388381658504,25.0458053286667
桃園市龜山區文桃里12鄰樂善二路568號十一樓,68,6800700,6800700-000,12鄰,樂善二路,,,,,,568號十一樓,121.388381658504,25.0458053286667
桃園市龜山區文桃里12鄰樂善二路568號十二樓,68,6800700,6800700-000,12鄰,樂善二路,,,,,,568號十二樓,121.388381658504,25.0458053286667
桃園市龜山區文桃里12鄰樂善二路568號十三樓,68,6800700,6800700-000,12鄰,樂善二路,,,,,,568號十三樓,121.388381658504,25.0458053286667
桃園市龜山區文桃里12鄰樂善二路568號十四樓,68,6800700,6800700-000,12鄰,樂善二路,,,,,,568號十四樓,121.388381658504,25.0458053286667
桃園市龜山區文桃里12鄰樂善二路568號十五樓,68,6800700,6800700-000,12鄰,樂善二路,,,,,,568號十五樓,121.388381658504,25.0458053286667
桃園市龜山區文桃里12鄰樂善二路570號,68,6800700,6800700-000,12鄰,樂善二路,,,,,,570號,121.388382016976,25.04588766485
桃園市龜山區文桃里12鄰樂善二路570號十樓,68,6800700,6800700-000,12鄰,樂善二路,,,,,,570號十樓,121.388382016976,25.04588766485
桃園市龜山區文桃里12鄰樂善二路570號二樓,68,6800700,6800700-000,12鄰,樂善二路,,,,,,570號二樓,121.388382016976,25.04588766485
桃園市龜山區文桃里12鄰樂善二路570號三樓,68,6800700,6800700-000,12鄰,樂善二路,,,,,,570號三樓,121.388382016976,25.04588766485
桃園市龜山區文桃里12鄰樂善二路570號四樓,68,6800700,6800700-000,12鄰,樂善二路,,,,,,570號四樓,121.388382016976,25.04588766485
桃園市龜山區文桃里12鄰樂善二路570號五樓,68,6800700,6800700-000,12鄰,樂善二路,,,,,,570號五樓,121.388382016976,25.04588766485
桃園市龜山區文桃里12鄰樂善二路570號六樓,68,6800700,6800700-000,12鄰,樂善二路,,,,,,570號六樓,121.388382016976,25.04588766485
桃園市龜山區文桃里12鄰樂善二路570號七樓,68,6800700,6800700-000,12鄰,樂善二路,,,,,,570號七樓,121.388382016976,25.04588766485
桃園市龜山區文桃里12鄰樂善二路570號八樓,68,6800700,6800700-000,12鄰,樂善二路,,,,,,570號八樓,121.388382016976,25.04588766485
桃園市龜山區文桃里12鄰樂善二路570號九樓,68,6800700,6800700-000,12鄰,樂善二路,,,,,,570號九樓,121.388382016976,25.04588766485
桃園市龜山區文桃里12鄰樂善二路570號十一樓,68,6800700,6800700-000,12鄰,樂善二路,,,,,,570號十一樓,121.388382016976,25.04588766485
桃園市龜山區文桃里12鄰樂善二路570號十二樓,68,6800700,6800700-000,12鄰,樂善二路,,,,,,570號十二樓,121.388382016976,25.04588766485
桃園市龜山區文桃里12鄰樂善二路570號十三樓,68,6800700,6800700-000,12鄰,樂善二路,,,,,,570號十三樓,121.388382016976,25.04588766485
桃園市龜山區文桃里12鄰樂善二路570號十四樓,68,6800700,6800700-000,12鄰,樂善二路,,,,,,570號十四樓,121.388382016976,25.04588766485
桃園市龜山區文桃里12鄰樂善二路570號十五樓,68,6800700,6800700-000,12鄰,樂善二路,,,,,,570號十五樓,121.388382016976,25.04588766485
桃園市龜山區文桃里12鄰樂善二路572號十樓,68,6800700,6800700-000,12鄰,樂善二路,,,,,,572號十樓,121.388319721073,25.0459634839505
桃園市龜山區文桃里12鄰樂善二路572號二樓,68,6800700,6800700-000,12鄰,樂善二路,,,,,,572號二樓,121.388319721073,25.0459634839505
桃園市龜山區文桃里12鄰樂善二路572號三樓,68,6800700,6800700-000,12鄰,樂善二路,,,,,,572號三樓,121.388319721073,25.0459634839505
桃園市龜山區文桃里12鄰樂善二路572號四樓,68,6800700,6800700-000,12鄰,樂善二路,,,,,,572號四樓,121.388319721073,25.0459634839505
桃園市龜山區文桃里12鄰樂善二路572號五樓,68,6800700,6800700-000,12鄰,樂善二路,,,,,,572號五樓,121.388319721073,25.0459634839505
桃園市龜山區文桃里12鄰樂善二路572號六樓,68,6800700,6800700-000,12鄰,樂善二路,,,,,,572號六樓,121.388319721073,25.0459634839505
桃園市龜山區文桃里12鄰樂善二路572號七樓,68,6800700,6800700-000,12鄰,樂善二路,,,,,,572號七樓,121.388319721073,25.0459634839505
桃園市龜山區文桃里12鄰樂善二路572號八樓,68,6800700,6800700-000,12鄰,樂善二路,,,,,,572號八樓,121.388319721073,25.0459634839505
桃園市龜山區文桃里12鄰樂善二路572號九樓,68,6800700,6800700-000,12鄰,樂善二路,,,,,,572號九樓,121.388319721073,25.0459634839505
桃園市龜山區文桃里12鄰樂善二路572號十一樓,68,6800700,6800700-000,12鄰,樂善二路,,,,,,572號十一樓,121.388319721073,25.0459634839505
桃園市龜山區文桃里12鄰樂善二路572號十二樓,68,6800700,6800700-000,12鄰,樂善二路,,,,,,572號十二樓,121.388319721073,25.0459634839505
桃園市龜山區文桃里12鄰樂善二路572號十三樓,68,6800700,6800700-000,12鄰,樂善二路,,,,,,572號十三樓,121.388319721073,25.0459634839505
桃園市龜山區文桃里12鄰樂善二路572號十四樓,68,6800700,6800700-000,12鄰,樂善二路,,,,,,572號十四樓,121.388319721073,25.0459634839505
桃園市龜山區文桃里12鄰樂善二路572號十五樓,68,6800700,6800700-000,12鄰,樂善二路,,,,,,572號十五樓,121.388319721073,25.0459634839505
桃園市龜山區文桃里12鄰樂善二路576號十樓,68,6800700,6800700-000,12鄰,樂善二路,,,,,,576號十樓,121.388305754302,25.0460286137274
桃園市龜山區文桃里12鄰樂善二路576號二樓,68,6800700,6800700-000,12鄰,樂善二路,,,,,,576號二樓,121.388305754302,25.0460286137274
桃園市龜山區文桃里12鄰樂善二路576號三樓,68,6800700,6800700-000,12鄰,樂善二路,,,,,,576號三樓,121.388305754302,25.0460286137274
桃園市龜山區文桃里12鄰樂善二路576號四樓,68,6800700,6800700-000,12鄰,樂善二路,,,,,,576號四樓,121.388305754302,25.0460286137274
桃園市龜山區文桃里12鄰樂善二路576號五樓,68,6800700,6800700-000,12鄰,樂善二路,,,,,,576號五樓,121.388305754302,25.0460286137274
桃園市龜山區文桃里12鄰樂善二路576號六樓,68,6800700,6800700-000,12鄰,樂善二路,,,,,,576號六樓,121.388305754302,25.0460286137274
桃園市龜山區文桃里12鄰樂善二路576號七樓,68,6800700,6800700-000,12鄰,樂善二路,,,,,,576號七樓,121.388305754302,25.0460286137274
桃園市龜山區文桃里12鄰樂善二路576號八樓,68,6800700,6800700-000,12鄰,樂善二路,,,,,,576號八樓,121.388305754302,25.0460286137274
桃園市龜山區文桃里12鄰樂善二路576號九樓,68,6800700,6800700-000,12鄰,樂善二路,,,,,,576號九樓,121.388305754302,25.0460286137274
桃園市龜山區文桃里12鄰樂善二路576號十一樓,68,6800700,6800700-000,12鄰,樂善二路,,,,,,576號十一樓,121.388305754302,25.0460286137274
桃園市龜山區文桃里12鄰樂善二路576號十二樓,68,6800700,6800700-000,12鄰,樂善二路,,,,,,576號十二樓,121.388305754302,25.0460286137274
桃園市龜山區文桃里12鄰樂善二路576號十三樓,68,6800700,6800700-000,12鄰,樂善二路,,,,,,576號十三樓,121.388305754302,25.0460286137274
桃園市龜山區文桃里12鄰樂善二路576號十四樓,68,6800700,6800700-000,12鄰,樂善二路,,,,,,576號十四樓,121.388305754302,25.0460286137274
桃園市龜山區文桃里12鄰樂善二路576號十五樓,68,6800700,6800700-000,12鄰,樂善二路,,,,,,576號十五樓,121.388305754302,25.0460286137274
桃園市龜山區文桃里12鄰樂善二路578號十樓,68,6800700,6800700-000,12鄰,樂善二路,,,,,,578號十樓,121.388388404283,25.0460276754235
桃園市龜山區文桃里12鄰樂善二路578號二樓,68,6800700,6800700-000,12鄰,樂善二路,,,,,,578號二樓,121.388388404283,25.0460276754235
桃園市龜山區文桃里12鄰樂善二路578號三樓,68,6800700,6800700-000,12鄰,樂善二路,,,,,,578號三樓,121.388388404283,25.0460276754235
桃園市龜山區文桃里12鄰樂善二路578號四樓,68,6800700,6800700-000,12鄰,樂善二路,,,,,,578號四樓,121.388388404283,25.0460276754235
桃園市龜山區文桃里12鄰樂善二路578號五樓,68,6800700,6800700-000,12鄰,樂善二路,,,,,,578號五樓,121.388388404283,25.0460276754235
桃園市龜山區文桃里12鄰樂善二路578號六樓,68,6800700,6800700-000,12鄰,樂善二路,,,,,,578號六樓,121.388388404283,25.0460276754235
桃園市龜山區文桃里12鄰樂善二路578號七樓,68,6800700,6800700-000,12鄰,樂善二路,,,,,,578號七樓,121.388388404283,25.0460276754235
桃園市龜山區文桃里12鄰樂善二路578號八樓,68,6800700,6800700-000,12鄰,樂善二路,,,,,,578號八樓,121.388388404283,25.0460276754235
桃園市龜山區文桃里12鄰樂善二路578號九樓,68,6800700,6800700-000,12鄰,樂善二路,,,,,,578號九樓,121.388388404283,25.0460276754235
桃園市龜山區文桃里12鄰樂善二路578號十一樓,68,6800700,6800700-000,12鄰,樂善二路,,,,,,578號十一樓,121.388388404283,25.0460276754235
桃園市龜山區文桃里12鄰樂善二路578號十二樓,68,6800700,6800700-000,12鄰,樂善二路,,,,,,578號十二樓,121.388388404283,25.0460276754235
桃園市龜山區文桃里12鄰樂善二路578號十三樓,68,6800700,6800700-000,12鄰,樂善二路,,,,,,578號十三樓,121.388388404283,25.0460276754235
桃園市龜山區文桃里12鄰樂善二路578號十四樓,68,6800700,6800700-000,12鄰,樂善二路,,,,,,578號十四樓,121.388388404283,25.0460276754235
桃園市龜山區文桃里12鄰樂善二路578號十五樓,68,6800700,6800700-000,12鄰,樂善二路,,,,,,578號十五樓,121.388388404283,25.0460276754235
桃園市龜山區文桃里12鄰樂善二路580號十樓,68,6800700,6800700-000,12鄰,樂善二路,,,,,,580號十樓,121.388453899983,25.046023802625
桃園市龜山區文桃里12鄰樂善二路580號二樓,68,6800700,6800700-000,12鄰,樂善二路,,,,,,580號二樓,121.388453899983,25.046023802625
桃園市龜山區文桃里12鄰樂善二路580號三樓,68,6800700,6800700-000,12鄰,樂善二路,,,,,,580號三樓,121.388453899983,25.046023802625
桃園市龜山區文桃里12鄰樂善二路580號四樓,68,6800700,6800700-000,12鄰,樂善二路,,,,,,580號四樓,121.388453899983,25.046023802625
桃園市龜山區文桃里12鄰樂善二路580號五樓,68,6800700,6800700-000,12鄰,樂善二路,,,,,,580號五樓,121.388453899983,25.046023802625
桃園市龜山區文桃里12鄰樂善二路580號六樓,68,6800700,6800700-000,12鄰,樂善二路,,,,,,580號六樓,121.388453899983,25.046023802625
桃園市龜山區文桃里12鄰樂善二路580號七樓,68,6800700,6800700-000,12鄰,樂善二路,,,,,,580號七樓,121.388453899983,25.046023802625
桃園市龜山區文桃里12鄰樂善二路580號八樓,68,6800700,6800700-000,12鄰,樂善二路,,,,,,580號八樓,121.388453899983,25.046023802625
桃園市龜山區文桃里12鄰樂善二路580號九樓,68,6800700,6800700-000,12鄰,樂善二路,,,,,,580號九樓,121.388453899983,25.046023802625
桃園市龜山區文桃里12鄰樂善二路580號十一樓,68,6800700,6800700-000,12鄰,樂善二路,,,,,,580號十一樓,121.388453899983,25.046023802625
桃園市龜山區文桃里12鄰樂善二路580號十二樓,68,6800700,6800700-000,12鄰,樂善二路,,,,,,580號十二樓,121.388453899983,25.046023802625
桃園市龜山區文桃里12鄰樂善二路580號十三樓,68,6800700,6800700-000,12鄰,樂善二路,,,,,,580號十三樓,121.388453899983,25.046023802625
桃園市龜山區文桃里12鄰樂善二路580號十四樓,68,6800700,6800700-000,12鄰,樂善二路,,,,,,580號十四樓,121.388453899983,25.046023802625
桃園市龜山區文桃里12鄰樂善二路580號十五樓,68,6800700,6800700-000,12鄰,樂善二路,,,,,,580號十五樓,121.388453899983,25.046023802625
桃園市龜山區文桃里11鄰樂善二路650號,68,6800700,6800700-000,11鄰,樂善二路,,,,,,650號,121.389654012141,25.0457916145686
桃園市龜山區文桃里11鄰樂善二路650號二樓,68,6800700,6800700-000,11鄰,樂善二路,,,,,,650號二樓,121.389654012141,25.0457916145686
桃園市龜山區文桃里11鄰樂善二路652號,68,6800700,6800700-000,11鄰,樂善二路,,,,,,652號,121.389730219947,25.0457906021342
桃園市龜山區文桃里11鄰樂善二路652號二樓,68,6800700,6800700-000,11鄰,樂善二路,,,,,,652號二樓,121.389730219947,25.0457906021342
桃園市龜山區文桃里10鄰樂善二路778之1號,68,6800700,6800700-000,10鄰,樂善二路,,,,,,778之1號,121.391566506925,25.0456933249618
桃園市龜山區文桃里10鄰樂善二路778號,68,6800700,6800700-000,10鄰,樂善二路,,,,,,778號,121.391133610802,25.0454089938847
桃園市龜山區文桃里10鄰樂善二路778之2號,68,6800700,6800700-000,10鄰,樂善二路,,,,,,778之2號,121.39162933233,25.0452544795503
桃園市龜山區文桃里10鄰樂善二路816號,68,6800700,6800700-000,10鄰,樂善二路,,,,,,816號,121.392475271485,25.0456563490166
桃園市龜山區文桃里10鄰樂善二路818號,68,6800700,6800700-000,10鄰,樂善二路,,,,,,818號,121.392651545562,25.0457086078664
桃園市龜山區文桃里10鄰樂善二路818號十樓,68,6800700,6800700-000,10鄰,樂善二路,,,,,,818號十樓,121.392651545562,25.0457086078664
桃園市龜山區文桃里10鄰樂善二路818號二樓,68,6800700,6800700-000,10鄰,樂善二路,,,,,,818號二樓,121.392651545562,25.0457086078664
桃園市龜山區文桃里10鄰樂善二路818號三樓,68,6800700,6800700-000,10鄰,樂善二路,,,,,,818號三樓,121.392651545562,25.0457086078664
桃園市龜山區文桃里10鄰樂善二路818號四樓,68,6800700,6800700-000,10鄰,樂善二路,,,,,,818號四樓,121.392651545562,25.0457086078664
桃園市龜山區文桃里10鄰樂善二路818號五樓,68,6800700,6800700-000,10鄰,樂善二路,,,,,,818號五樓,121.392651545562,25.0457086078664
桃園市龜山區文桃里10鄰樂善二路818號六樓,68,6800700,6800700-000,10鄰,樂善二路,,,,,,818號六樓,121.392651545562,25.0457086078664
桃園市龜山區文桃里10鄰樂善二路818號七樓,68,6800700,6800700-000,10鄰,樂善二路,,,,,,818號七樓,121.392651545562,25.0457086078664
桃園市龜山區文桃里10鄰樂善二路818號八樓,68,6800700,6800700-000,10鄰,樂善二路,,,,,,818號八樓,121.392651545562,25.0457086078664
桃園市龜山區文桃里10鄰樂善二路818號九樓,68,6800700,6800700-000,10鄰,樂善二路,,,,,,818號九樓,121.392651545562,25.0457086078664
桃園市龜山區文桃里10鄰樂善二路818號十一樓,68,6800700,6800700-000,10鄰,樂善二路,,,,,,818號十一樓,121.392651545562,25.0457086078664
桃園市龜山區文桃里10鄰樂善二路818號十二樓,68,6800700,6800700-000,10鄰,樂善二路,,,,,,818號十二樓,121.392651545562,25.0457086078664
桃園市龜山區文桃里10鄰樂善二路818號十三樓,68,6800700,6800700-000,10鄰,樂善二路,,,,,,818號十三樓,121.392651545562,25.0457086078664
桃園市龜山區文桃里10鄰樂善二路818號十四樓,68,6800700,6800700-000,10鄰,樂善二路,,,,,,818號十四樓,121.392651545562,25.0457086078664
桃園市龜山區文桃里10鄰樂善二路818號十五樓,68,6800700,6800700-000,10鄰,樂善二路,,,,,,818號十五樓,121.392651545562,25.0457086078664
桃園市龜山區文桃里10鄰樂善二路820號,68,6800700,6800700-000,10鄰,樂善二路,,,,,,820號,121.392700899201,25.0457085677
桃園市龜山區文桃里10鄰樂善二路820號十樓,68,6800700,6800700-000,10鄰,樂善二路,,,,,,820號十樓,121.392700899201,25.0457085677
桃園市龜山區文桃里10鄰樂善二路820號二樓,68,6800700,6800700-000,10鄰,樂善二路,,,,,,820號二樓,121.392700899201,25.0457085677
桃園市龜山區文桃里10鄰樂善二路820號三樓,68,6800700,6800700-000,10鄰,樂善二路,,,,,,820號三樓,121.392700899201,25.0457085677
桃園市龜山區文桃里10鄰樂善二路820號四樓,68,6800700,6800700-000,10鄰,樂善二路,,,,,,820號四樓,121.392700899201,25.0457085677
桃園市龜山區文桃里10鄰樂善二路820號五樓,68,6800700,6800700-000,10鄰,樂善二路,,,,,,820號五樓,121.392700899201,25.0457085677
桃園市龜山區文桃里10鄰樂善二路820號六樓,68,6800700,6800700-000,10鄰,樂善二路,,,,,,820號六樓,121.392700899201,25.0457085677
桃園市龜山區文桃里10鄰樂善二路820號七樓,68,6800700,6800700-000,10鄰,樂善二路,,,,,,820號七樓,121.392700899201,25.0457085677
桃園市龜山區文桃里10鄰樂善二路820號八樓,68,6800700,6800700-000,10鄰,樂善二路,,,,,,820號八樓,121.392700899201,25.0457085677
桃園市龜山區文桃里10鄰樂善二路820號九樓,68,6800700,6800700-000,10鄰,樂善二路,,,,,,820號九樓,121.392700899201,25.0457085677
桃園市龜山區文桃里10鄰樂善二路820號十一樓,68,6800700,6800700-000,10鄰,樂善二路,,,,,,820號十一樓,121.392700899201,25.0457085677
桃園市龜山區文桃里10鄰樂善二路820號十二樓,68,6800700,6800700-000,10鄰,樂善二路,,,,,,820號十二樓,121.392700899201,25.0457085677
桃園市龜山區文桃里10鄰樂善二路820號十三樓,68,6800700,6800700-000,10鄰,樂善二路,,,,,,820號十三樓,121.392700899201,25.0457085677
桃園市龜山區文桃里10鄰樂善二路820號十四樓,68,6800700,6800700-000,10鄰,樂善二路,,,,,,820號十四樓,121.392700899201,25.0457085677
桃園市龜山區文桃里10鄰樂善二路820號十五樓,68,6800700,6800700-000,10鄰,樂善二路,,,,,,820號十五樓,121.392700899201,25.0457085677
桃園市龜山區文桃里10鄰樂善二路822號,68,6800700,6800700-000,10鄰,樂善二路,,,,,,822號,121.392748066533,25.0457066373771
桃園市龜山區文桃里10鄰樂善二路822號十樓,68,6800700,6800700-000,10鄰,樂善二路,,,,,,822號十樓,121.392748066533,25.0457066373771
桃園市龜山區文桃里10鄰樂善二路822號二樓,68,6800700,6800700-000,10鄰,樂善二路,,,,,,822號二樓,121.392748066533,25.0457066373771
桃園市龜山區文桃里10鄰樂善二路822號三樓,68,6800700,6800700-000,10鄰,樂善二路,,,,,,822號三樓,121.392748066533,25.0457066373771
桃園市龜山區文桃里10鄰樂善二路822號四樓,68,6800700,6800700-000,10鄰,樂善二路,,,,,,822號四樓,121.392748066533,25.0457066373771
桃園市龜山區文桃里10鄰樂善二路822號五樓,68,6800700,6800700-000,10鄰,樂善二路,,,,,,822號五樓,121.392748066533,25.0457066373771
桃園市龜山區文桃里10鄰樂善二路822號六樓,68,6800700,6800700-000,10鄰,樂善二路,,,,,,822號六樓,121.392748066533,25.0457066373771
桃園市龜山區文桃里10鄰樂善二路822號七樓,68,6800700,6800700-000,10鄰,樂善二路,,,,,,822號七樓,121.392748066533,25.0457066373771
桃園市龜山區文桃里10鄰樂善二路822號八樓,68,6800700,6800700-000,10鄰,樂善二路,,,,,,822號八樓,121.392748066533,25.0457066373771
桃園市龜山區文桃里10鄰樂善二路822號九樓,68,6800700,6800700-000,10鄰,樂善二路,,,,,,822號九樓,121.392748066533,25.0457066373771
桃園市龜山區文桃里10鄰樂善二路822號十一樓,68,6800700,6800700-000,10鄰,樂善二路,,,,,,822號十一樓,121.392748066533,25.0457066373771
桃園市龜山區文桃里10鄰樂善二路822號十二樓,68,6800700,6800700-000,10鄰,樂善二路,,,,,,822號十二樓,121.392748066533,25.0457066373771
桃園市龜山區文桃里10鄰樂善二路822號十三樓,68,6800700,6800700-000,10鄰,樂善二路,,,,,,822號十三樓,121.392748066533,25.0457066373771
桃園市龜山區文桃里10鄰樂善二路822號十四樓,68,6800700,6800700-000,10鄰,樂善二路,,,,,,822號十四樓,121.392748066533,25.0457066373771
桃園市龜山區文桃里10鄰樂善二路822號十五樓,68,6800700,6800700-000,10鄰,樂善二路,,,,,,822號十五樓,121.392748066533,25.0457066373771
桃園市龜山區文桃里10鄰樂善二路826號,68,6800700,6800700-000,10鄰,樂善二路,,,,,,826號,121.392812484132,25.0457066476315
桃園市龜山區文桃里10鄰樂善二路826號十樓,68,6800700,6800700-000,10鄰,樂善二路,,,,,,826號十樓,121.392812484132,25.0457066476315
桃園市龜山區文桃里10鄰樂善二路826號二樓,68,6800700,6800700-000,10鄰,樂善二路,,,,,,826號二樓,121.392812484132,25.0457066476315
桃園市龜山區文桃里10鄰樂善二路826號三樓,68,6800700,6800700-000,10鄰,樂善二路,,,,,,826號三樓,121.392812484132,25.0457066476315
桃園市龜山區文桃里10鄰樂善二路826號四樓,68,6800700,6800700-000,10鄰,樂善二路,,,,,,826號四樓,121.392812484132,25.0457066476315
桃園市龜山區文桃里10鄰樂善二路826號五樓,68,6800700,6800700-000,10鄰,樂善二路,,,,,,826號五樓,121.392812484132,25.0457066476315
桃園市龜山區文桃里10鄰樂善二路826號六樓,68,6800700,6800700-000,10鄰,樂善二路,,,,,,826號六樓,121.392812484132,25.0457066476315
桃園市龜山區文桃里10鄰樂善二路826號七樓,68,6800700,6800700-000,10鄰,樂善二路,,,,,,826號七樓,121.392812484132,25.0457066476315
桃園市龜山區文桃里10鄰樂善二路826號八樓,68,6800700,6800700-000,10鄰,樂善二路,,,,,,826號八樓,121.392812484132,25.0457066476315
桃園市龜山區文桃里10鄰樂善二路826號九樓,68,6800700,6800700-000,10鄰,樂善二路,,,,,,826號九樓,121.392812484132,25.0457066476315
桃園市龜山區文桃里10鄰樂善二路826號十一樓,68,6800700,6800700-000,10鄰,樂善二路,,,,,,826號十一樓,121.392812484132,25.0457066476315
桃園市龜山區文桃里10鄰樂善二路826號十二樓,68,6800700,6800700-000,10鄰,樂善二路,,,,,,826號十二樓,121.392812484132,25.0457066476315
桃園市龜山區文桃里10鄰樂善二路826號十三樓,68,6800700,6800700-000,10鄰,樂善二路,,,,,,826號十三樓,121.392812484132,25.0457066476315
桃園市龜山區文桃里10鄰樂善二路826號十四樓,68,6800700,6800700-000,10鄰,樂善二路,,,,,,826號十四樓,121.392812484132,25.0457066476315
桃園市龜山區文桃里10鄰樂善二路826號十五樓,68,6800700,6800700-000,10鄰,樂善二路,,,,,,826號十五樓,121.392812484132,25.0457066476315
桃園市龜山區文桃里10鄰樂善二路828號,68,6800700,6800700-000,10鄰,樂善二路,,,,,,828號,121.392866105532,25.0457085823278
桃園市龜山區文桃里10鄰樂善二路828號十樓,68,6800700,6800700-000,10鄰,樂善二路,,,,,,828號十樓,121.392866105532,25.0457085823278
桃園市龜山區文桃里10鄰樂善二路828號二樓,68,6800700,6800700-000,10鄰,樂善二路,,,,,,828號二樓,121.392866105532,25.0457085823278
桃園市龜山區文桃里10鄰樂善二路828號三樓,68,6800700,6800700-000,10鄰,樂善二路,,,,,,828號三樓,121.392866105532,25.0457085823278
桃園市龜山區文桃里10鄰樂善二路828號四樓,68,6800700,6800700-000,10鄰,樂善二路,,,,,,828號四樓,121.392866105532,25.0457085823278
桃園市龜山區文桃里10鄰樂善二路828號五樓,68,6800700,6800700-000,10鄰,樂善二路,,,,,,828號五樓,121.392866105532,25.0457085823278
桃園市龜山區文桃里10鄰樂善二路828號六樓,68,6800700,6800700-000,10鄰,樂善二路,,,,,,828號六樓,121.392866105532,25.0457085823278
桃園市龜山區文桃里10鄰樂善二路828號七樓,68,6800700,6800700-000,10鄰,樂善二路,,,,,,828號七樓,121.392866105532,25.0457085823278
桃園市龜山區文桃里10鄰樂善二路828號八樓,68,6800700,6800700-000,10鄰,樂善二路,,,,,,828號八樓,121.392866105532,25.0457085823278
桃園市龜山區文桃里10鄰樂善二路828號九樓,68,6800700,6800700-000,10鄰,樂善二路,,,,,,828號九樓,121.392866105532,25.0457085823278
桃園市龜山區文桃里10鄰樂善二路828號十一樓,68,6800700,6800700-000,10鄰,樂善二路,,,,,,828號十一樓,121.392866105532,25.0457085823278
桃園市龜山區文桃里10鄰樂善二路828號十二樓,68,6800700,6800700-000,10鄰,樂善二路,,,,,,828號十二樓,121.392866105532,25.0457085823278
桃園市龜山區文桃里10鄰樂善二路828號十三樓,68,6800700,6800700-000,10鄰,樂善二路,,,,,,828號十三樓,121.392866105532,25.0457085823278
桃園市龜山區文桃里10鄰樂善二路828號十四樓,68,6800700,6800700-000,10鄰,樂善二路,,,,,,828號十四樓,121.392866105532,25.0457085823278
桃園市龜山區文桃里10鄰樂善二路828號十五樓,68,6800700,6800700-000,10鄰,樂善二路,,,,,,828號十五樓,121.392866105532,25.0457085823278
桃園市龜山區文桃里10鄰樂善二路830號,68,6800700,6800700-000,10鄰,樂善二路,,,,,,830號,121.392921894831,25.0457066291495
桃園市龜山區文樂里10鄰樂善二路139號,68,6800700,6800700-000,10鄰,樂善二路,,,,,,139號,121.382681473241,25.0471731766802
桃園市龜山區文樂里10鄰樂善二路141號,68,6800700,6800700-000,10鄰,樂善二路,,,,,,141號,121.382724430463,25.0471556416008
桃園市龜山區文樂里10鄰樂善二路143號,68,6800700,6800700-000,10鄰,樂善二路,,,,,,143號,121.382780142145,25.047128413477
桃園市龜山區文樂里10鄰樂善二路145號,68,6800700,6800700-000,10鄰,樂善二路,,,,,,145號,121.382833778778,25.0471031768828
桃園市龜山區文樂里10鄰樂善二路147號,68,6800700,6800700-000,10鄰,樂善二路,,,,,,147號,121.382898154829,25.0470895589618
桃園市龜山區文樂里10鄰樂善二路149號,68,6800700,6800700-000,10鄰,樂善二路,,,,,,149號,121.382956169959,25.0470700890834
桃園市龜山區文樂里10鄰樂善二路151號,68,6800700,6800700-000,10鄰,樂善二路,,,,,,151號,121.382996847986,25.0470526500828
桃園市龜山區文樂里10鄰樂善二路153號,68,6800700,6800700-000,10鄰,樂善二路,,,,,,153號,121.383079818086,25.0469950168344
桃園市龜山區文樂里10鄰樂善二路155號,68,6800700,6800700-000,10鄰,樂善二路,,,,,,155號,121.383131292262,25.0469755637546
桃園市龜山區文樂里10鄰樂善二路157號,68,6800700,6800700-000,10鄰,樂善二路,,,,,,157號,121.383191382596,25.046954192512
桃園市龜山區文樂里10鄰樂善二路159號,68,6800700,6800700-000,10鄰,樂善二路,,,,,,159號,121.383259983803,25.0469289171647
桃園市龜山區文樂里10鄰樂善二路161號,68,6800700,6800700-000,10鄰,樂善二路,,,,,,161號,121.383317985325,25.0469051136473
桃園市龜山區文樂里10鄰樂善二路163號,68,6800700,6800700-000,10鄰,樂善二路,,,,,,163號,121.383370552659,25.0468866507659
桃園市龜山區文樂里10鄰樂善二路165號,68,6800700,6800700-000,10鄰,樂善二路,,,,,,165號,121.383422032919,25.0468691837732
桃園市龜山區文樂里10鄰樂善二路167號,68,6800700,6800700-000,10鄰,樂善二路,,,,,,167號,121.383486387717,25.046848794507
桃園市龜山區文樂里10鄰樂善二路169號,68,6800700,6800700-000,10鄰,樂善二路,,,,,,169號,121.383681350566,25.0468563262034
桃園市龜山區文樂里8鄰樂善二路181號,68,6800700,6800700-000,8鄰,樂善二路,,,,,,181號,121.38391719679,25.0467214676437
桃園市龜山區文樂里8鄰樂善二路181號十樓之1,68,6800700,6800700-000,8鄰,樂善二路,,,,,,181號十樓之1,121.38391719679,25.0467214676437
桃園市龜山區文樂里8鄰樂善二路181號十樓之2,68,6800700,6800700-000,8鄰,樂善二路,,,,,,181號十樓之2,121.38391719679,25.0467214676437
桃園市龜山區文樂里8鄰樂善二路181號十樓之3,68,6800700,6800700-000,8鄰,樂善二路,,,,,,181號十樓之3,121.38391719679,25.0467214676437
桃園市龜山區文樂里8鄰樂善二路181號十樓之5,68,6800700,6800700-000,8鄰,樂善二路,,,,,,181號十樓之5,121.38391719679,25.0467214676437
桃園市龜山區文樂里8鄰樂善二路181號十樓之6,68,6800700,6800700-000,8鄰,樂善二路,,,,,,181號十樓之6,121.38391719679,25.0467214676437
桃園市龜山區文樂里8鄰樂善二路181號十樓之7,68,6800700,6800700-000,8鄰,樂善二路,,,,,,181號十樓之7,121.38391719679,25.0467214676437
桃園市龜山區文樂里8鄰樂善二路181號三樓之1,68,6800700,6800700-000,8鄰,樂善二路,,,,,,181號三樓之1,121.38391719679,25.0467214676437
桃園市龜山區文樂里8鄰樂善二路181號三樓之2,68,6800700,6800700-000,8鄰,樂善二路,,,,,,181號三樓之2,121.38391719679,25.0467214676437
桃園市龜山區文樂里8鄰樂善二路181號三樓之3,68,6800700,6800700-000,8鄰,樂善二路,,,,,,181號三樓之3,121.38391719679,25.0467214676437
桃園市龜山區文樂里8鄰樂善二路181號三樓之5,68,6800700,6800700-000,8鄰,樂善二路,,,,,,181號三樓之5,121.38391719679,25.0467214676437
桃園市龜山區文樂里8鄰樂善二路181號三樓之6,68,6800700,6800700-000,8鄰,樂善二路,,,,,,181號三樓之6,121.38391719679,25.0467214676437
桃園市龜山區文樂里8鄰樂善二路181號三樓之7,68,6800700,6800700-000,8鄰,樂善二路,,,,,,181號三樓之7,121.38391719679,25.0467214676437
桃園市龜山區文樂里8鄰樂善二路181號四樓之1,68,6800700,6800700-000,8鄰,樂善二路,,,,,,181號四樓之1,121.38391719679,25.0467214676437
桃園市龜山區文樂里8鄰樂善二路181號四樓之2,68,6800700,6800700-000,8鄰,樂善二路,,,,,,181號四樓之2,121.38391719679,25.0467214676437
桃園市龜山區文樂里8鄰樂善二路181號四樓之3,68,6800700,6800700-000,8鄰,樂善二路,,,,,,181號四樓之3,121.38391719679,25.0467214676437
桃園市龜山區文樂里8鄰樂善二路181號四樓之5,68,6800700,6800700-000,8鄰,樂善二路,,,,,,181號四樓之5,121.38391719679,25.0467214676437
桃園市龜山區文樂里8鄰樂善二路181號四樓之6,68,6800700,6800700-000,8鄰,樂善二路,,,,,,181號四樓之6,121.38391719679,25.0467214676437
桃園市龜山區文樂里8鄰樂善二路181號四樓之7,68,6800700,6800700-000,8鄰,樂善二路,,,,,,181號四樓之7,121.38391719679,25.0467214676437
桃園市龜山區文樂里8鄰樂善二路181號五樓之1,68,6800700,6800700-000,8鄰,樂善二路,,,,,,181號五樓之1,121.38391719679,25.0467214676437
桃園市龜山區文樂里8鄰樂善二路181號五樓之2,68,6800700,6800700-000,8鄰,樂善二路,,,,,,181號五樓之2,121.38391719679,25.0467214676437
桃園市龜山區文樂里8鄰樂善二路181號五樓之3,68,6800700,6800700-000,8鄰,樂善二路,,,,,,181號五樓之3,121.38391719679,25.0467214676437
桃園市龜山區文樂里8鄰樂善二路181號五樓之5,68,6800700,6800700-000,8鄰,樂善二路,,,,,,181號五樓之5,121.38391719679,25.0467214676437
桃園市龜山區文樂里8鄰樂善二路181號五樓之6,68,6800700,6800700-000,8鄰,樂善二路,,,,,,181號五樓之6,121.38391719679,25.0467214676437
桃園市龜山區文樂里8鄰樂善二路181號五樓之7,68,6800700,6800700-000,8鄰,樂善二路,,,,,,181號五樓之7,121.38391719679,25.0467214676437
桃園市龜山區文樂里8鄰樂善二路181號六樓之1,68,6800700,6800700-000,8鄰,樂善二路,,,,,,181號六樓之1,121.38391719679,25.0467214676437
桃園市龜山區文樂里8鄰樂善二路181號六樓之2,68,6800700,6800700-000,8鄰,樂善二路,,,,,,181號六樓之2,121.38391719679,25.0467214676437
桃園市龜山區文樂里8鄰樂善二路181號六樓之3,68,6800700,6800700-000,8鄰,樂善二路,,,,,,181號六樓之3,121.38391719679,25.0467214676437
桃園市龜山區文樂里8鄰樂善二路181號六樓之5,68,6800700,6800700-000,8鄰,樂善二路,,,,,,181號六樓之5,121.38391719679,25.0467214676437
桃園市龜山區文樂里8鄰樂善二路181號六樓之6,68,6800700,6800700-000,8鄰,樂善二路,,,,,,181號六樓之6,121.38391719679,25.0467214676437
桃園市龜山區文樂里8鄰樂善二路181號六樓之7,68,6800700,6800700-000,8鄰,樂善二路,,,,,,181號六樓之7,121.38391719679,25.0467214676437
桃園市龜山區文樂里8鄰樂善二路181號七樓之1,68,6800700,6800700-000,8鄰,樂善二路,,,,,,181號七樓之1,121.38391719679,25.0467214676437
桃園市龜山區文樂里8鄰樂善二路181號七樓之2,68,6800700,6800700-000,8鄰,樂善二路,,,,,,181號七樓之2,121.38391719679,25.0467214676437
桃園市龜山區文樂里8鄰樂善二路181號七樓之3,68,6800700,6800700-000,8鄰,樂善二路,,,,,,181號七樓之3,121.38391719679,25.0467214676437
桃園市龜山區文樂里8鄰樂善二路181號七樓之5,68,6800700,6800700-000,8鄰,樂善二路,,,,,,181號七樓之5,121.38391719679,25.0467214676437
桃園市龜山區文樂里8鄰樂善二路181號七樓之6,68,6800700,6800700-000,8鄰,樂善二路,,,,,,181號七樓之6,121.38391719679,25.0467214676437
桃園市龜山區文樂里8鄰樂善二路181號七樓之7,68,6800700,6800700-000,8鄰,樂善二路,,,,,,181號七樓之7,121.38391719679,25.0467214676437
桃園市龜山區文樂里8鄰樂善二路181號八樓之1,68,6800700,6800700-000,8鄰,樂善二路,,,,,,181號八樓之1,121.38391719679,25.0467214676437
桃園市龜山區文樂里8鄰樂善二路181號八樓之2,68,6800700,6800700-000,8鄰,樂善二路,,,,,,181號八樓之2,121.38391719679,25.0467214676437
桃園市龜山區文樂里8鄰樂善二路181號八樓之3,68,6800700,6800700-000,8鄰,樂善二路,,,,,,181號八樓之3,121.38391719679,25.0467214676437
桃園市龜山區文樂里8鄰樂善二路181號八樓之5,68,6800700,6800700-000,8鄰,樂善二路,,,,,,181號八樓之5,121.38391719679,25.0467214676437
桃園市龜山區文樂里8鄰樂善二路181號八樓之6,68,6800700,6800700-000,8鄰,樂善二路,,,,,,181號八樓之6,121.38391719679,25.0467214676437
桃園市龜山區文樂里8鄰樂善二路181號八樓之7,68,6800700,6800700-000,8鄰,樂善二路,,,,,,181號八樓之7,121.38391719679,25.0467214676437
桃園市龜山區文樂里8鄰樂善二路181號九樓之1,68,6800700,6800700-000,8鄰,樂善二路,,,,,,181號九樓之1,121.38391719679,25.0467214676437
桃園市龜山區文樂里8鄰樂善二路181號九樓之2,68,6800700,6800700-000,8鄰,樂善二路,,,,,,181號九樓之2,121.38391719679,25.0467214676437
桃園市龜山區文樂里8鄰樂善二路181號九樓之3,68,6800700,6800700-000,8鄰,樂善二路,,,,,,181號九樓之3,121.38391719679,25.0467214676437
桃園市龜山區文樂里8鄰樂善二路181號九樓之5,68,6800700,6800700-000,8鄰,樂善二路,,,,,,181號九樓之5,121.38391719679,25.0467214676437
桃園市龜山區文樂里8鄰樂善二路181號九樓之6,68,6800700,6800700-000,8鄰,樂善二路,,,,,,181號九樓之6,121.38391719679,25.0467214676437
桃園市龜山區文樂里8鄰樂善二路181號九樓之7,68,6800700,6800700-000,8鄰,樂善二路,,,,,,181號九樓之7,121.38391719679,25.0467214676437
桃園市龜山區文樂里8鄰樂善二路181號十一樓之1,68,6800700,6800700-000,8鄰,樂善二路,,,,,,181號十一樓之1,121.38391719679,25.0467214676437
桃園市龜山區文樂里8鄰樂善二路181號十一樓之2,68,6800700,6800700-000,8鄰,樂善二路,,,,,,181號十一樓之2,121.38391719679,25.0467214676437
桃園市龜山區文樂里8鄰樂善二路181號十一樓之3,68,6800700,6800700-000,8鄰,樂善二路,,,,,,181號十一樓之3,121.38391719679,25.0467214676437
桃園市龜山區文樂里8鄰樂善二路181號十一樓之5,68,6800700,6800700-000,8鄰,樂善二路,,,,,,181號十一樓之5,121.38391719679,25.0467214676437
桃園市龜山區文樂里8鄰樂善二路181號十一樓之6,68,6800700,6800700-000,8鄰,樂善二路,,,,,,181號十一樓之6,121.38391719679,25.0467214676437
桃園市龜山區文樂里8鄰樂善二路181號十一樓之7,68,6800700,6800700-000,8鄰,樂善二路,,,,,,181號十一樓之7,121.38391719679,25.0467214676437
桃園市龜山區文樂里8鄰樂善二路181號十二樓之1,68,6800700,6800700-000,8鄰,樂善二路,,,,,,181號十二樓之1,121.38391719679,25.0467214676437
桃園市龜山區文樂里8鄰樂善二路181號十二樓之2,68,6800700,6800700-000,8鄰,樂善二路,,,,,,181號十二樓之2,121.38391719679,25.0467214676437
桃園市龜山區文樂里8鄰樂善二路181號十二樓之3,68,6800700,6800700-000,8鄰,樂善二路,,,,,,181號十二樓之3,121.38391719679,25.0467214676437
桃園市龜山區文樂里8鄰樂善二路181號十二樓之5,68,6800700,6800700-000,8鄰,樂善二路,,,,,,181號十二樓之5,121.38391719679,25.0467214676437
桃園市龜山區文樂里8鄰樂善二路181號十二樓之6,68,6800700,6800700-000,8鄰,樂善二路,,,,,,181號十二樓之6,121.38391719679,25.0467214676437
桃園市龜山區文樂里8鄰樂善二路181號十二樓之7,68,6800700,6800700-000,8鄰,樂善二路,,,,,,181號十二樓之7,121.38391719679,25.0467214676437
桃園市龜山區文樂里8鄰樂善二路181號十三樓之1,68,6800700,6800700-000,8鄰,樂善二路,,,,,,181號十三樓之1,121.38391719679,25.0467214676437
桃園市龜山區文樂里8鄰樂善二路181號十三樓之2,68,6800700,6800700-000,8鄰,樂善二路,,,,,,181號十三樓之2,121.38391719679,25.0467214676437
桃園市龜山區文樂里8鄰樂善二路181號十三樓之3,68,6800700,6800700-000,8鄰,樂善二路,,,,,,181號十三樓之3,121.38391719679,25.0467214676437
桃園市龜山區文樂里8鄰樂善二路181號十三樓之5,68,6800700,6800700-000,8鄰,樂善二路,,,,,,181號十三樓之5,121.38391719679,25.0467214676437
桃園市龜山區文樂里8鄰樂善二路181號十三樓之6,68,6800700,6800700-000,8鄰,樂善二路,,,,,,181號十三樓之6,121.38391719679,25.0467214676437
桃園市龜山區文樂里8鄰樂善二路181號十三樓之7,68,6800700,6800700-000,8鄰,樂善二路,,,,,,181號十三樓之7,121.38391719679,25.0467214676437
桃園市龜山區文樂里8鄰樂善二路181號十四樓之1,68,6800700,6800700-000,8鄰,樂善二路,,,,,,181號十四樓之1,121.38391719679,25.0467214676437
桃園市龜山區文樂里8鄰樂善二路181號十四樓之2,68,6800700,6800700-000,8鄰,樂善二路,,,,,,181號十四樓之2,121.38391719679,25.0467214676437
桃園市龜山區文樂里8鄰樂善二路181號十四樓之3,68,6800700,6800700-000,8鄰,樂善二路,,,,,,181號十四樓之3,121.38391719679,25.0467214676437
桃園市龜山區文樂里8鄰樂善二路181號十四樓之5,68,6800700,6800700-000,8鄰,樂善二路,,,,,,181號十四樓之5,121.38391719679,25.0467214676437
桃園市龜山區文樂里8鄰樂善二路181號十四樓之6,68,6800700,6800700-000,8鄰,樂善二路,,,,,,181號十四樓之6,121.38391719679,25.0467214676437
桃園市龜山區文樂里8鄰樂善二路181號十四樓之7,68,6800700,6800700-000,8鄰,樂善二路,,,,,,181號十四樓之7,121.38391719679,25.0467214676437
桃園市龜山區文樂里8鄰樂善二路181號十五樓之1,68,6800700,6800700-000,8鄰,樂善二路,,,,,,181號十五樓之1,121.38391719679,25.0467214676437
桃園市龜山區文樂里8鄰樂善二路181號十五樓之2,68,6800700,6800700-000,8鄰,樂善二路,,,,,,181號十五樓之2,121.38391719679,25.0467214676437
桃園市龜山區文樂里8鄰樂善二路181號十五樓之3,68,6800700,6800700-000,8鄰,樂善二路,,,,,,181號十五樓之3,121.38391719679,25.0467214676437
桃園市龜山區文樂里8鄰樂善二路181號十五樓之5,68,6800700,6800700-000,8鄰,樂善二路,,,,,,181號十五樓之5,121.38391719679,25.0467214676437
桃園市龜山區文樂里8鄰樂善二路181號十五樓之6,68,6800700,6800700-000,8鄰,樂善二路,,,,,,181號十五樓之6,121.38391719679,25.0467214676437
桃園市龜山區文樂里8鄰樂善二路181號十五樓之7,68,6800700,6800700-000,8鄰,樂善二路,,,,,,181號十五樓之7,121.38391719679,25.0467214676437
桃園市龜山區文樂里8鄰樂善二路181號十六樓之1,68,6800700,6800700-000,8鄰,樂善二路,,,,,,181號十六樓之1,121.38391719679,25.0467214676437
桃園市龜山區文樂里8鄰樂善二路181號十六樓之2,68,6800700,6800700-000,8鄰,樂善二路,,,,,,181號十六樓之2,121.38391719679,25.0467214676437
桃園市龜山區文樂里8鄰樂善二路181號十六樓之3,68,6800700,6800700-000,8鄰,樂善二路,,,,,,181號十六樓之3,121.38391719679,25.0467214676437
桃園市龜山區文樂里8鄰樂善二路181號十六樓之5,68,6800700,6800700-000,8鄰,樂善二路,,,,,,181號十六樓之5,121.38391719679,25.0467214676437
桃園市龜山區文樂里8鄰樂善二路181號十六樓之6,68,6800700,6800700-000,8鄰,樂善二路,,,,,,181號十六樓之6,121.38391719679,25.0467214676437
桃園市龜山區文樂里8鄰樂善二路181號十六樓之7,68,6800700,6800700-000,8鄰,樂善二路,,,,,,181號十六樓之7,121.38391719679,25.0467214676437
桃園市龜山區文樂里8鄰樂善二路181號十七樓之1,68,6800700,6800700-000,8鄰,樂善二路,,,,,,181號十七樓之1,121.38391719679,25.0467214676437
桃園市龜山區文樂里8鄰樂善二路181號十七樓之2,68,6800700,6800700-000,8鄰,樂善二路,,,,,,181號十七樓之2,121.38391719679,25.0467214676437
桃園市龜山區文樂里8鄰樂善二路181號十七樓之3,68,6800700,6800700-000,8鄰,樂善二路,,,,,,181號十七樓之3,121.38391719679,25.0467214676437
桃園市龜山區文樂里8鄰樂善二路181號十七樓之5,68,6800700,6800700-000,8鄰,樂善二路,,,,,,181號十七樓之5,121.38391719679,25.0467214676437
桃園市龜山區文樂里8鄰樂善二路181號十七樓之6,68,6800700,6800700-000,8鄰,樂善二路,,,,,,181號十七樓之6,121.38391719679,25.0467214676437
桃園市龜山區文樂里8鄰樂善二路181號十七樓之7,68,6800700,6800700-000,8鄰,樂善二路,,,,,,181號十七樓之7,121.38391719679,25.0467214676437
桃園市龜山區文樂里8鄰樂善二路181號十八樓之1,68,6800700,6800700-000,8鄰,樂善二路,,,,,,181號十八樓之1,121.38391719679,25.0467214676437
桃園市龜山區文樂里8鄰樂善二路181號十八樓之2,68,6800700,6800700-000,8鄰,樂善二路,,,,,,181號十八樓之2,121.38391719679,25.0467214676437
桃園市龜山區文樂里8鄰樂善二路181號十八樓之3,68,6800700,6800700-000,8鄰,樂善二路,,,,,,181號十八樓之3,121.38391719679,25.0467214676437
桃園市龜山區文樂里8鄰樂善二路181號十八樓之5,68,6800700,6800700-000,8鄰,樂善二路,,,,,,181號十八樓之5,121.38391719679,25.0467214676437
桃園市龜山區文樂里8鄰樂善二路181號十八樓之6,68,6800700,6800700-000,8鄰,樂善二路,,,,,,181號十八樓之6,121.38391719679,25.0467214676437
桃園市龜山區文樂里8鄰樂善二路181號十八樓之7,68,6800700,6800700-000,8鄰,樂善二路,,,,,,181號十八樓之7,121.38391719679,25.0467214676437
桃園市龜山區文樂里8鄰樂善二路181號十九樓之1,68,6800700,6800700-000,8鄰,樂善二路,,,,,,181號十九樓之1,121.38391719679,25.0467214676437
桃園市龜山區文樂里8鄰樂善二路181號十九樓之2,68,6800700,6800700-000,8鄰,樂善二路,,,,,,181號十九樓之2,121.38391719679,25.0467214676437
桃園市龜山區文樂里8鄰樂善二路181號十九樓之3,68,6800700,6800700-000,8鄰,樂善二路,,,,,,181號十九樓之3,121.38391719679,25.0467214676437
桃園市龜山區文樂里8鄰樂善二路181號十九樓之5,68,6800700,6800700-000,8鄰,樂善二路,,,,,,181號十九樓之5,121.38391719679,25.0467214676437
桃園市龜山區文樂里8鄰樂善二路181號十九樓之6,68,6800700,6800700-000,8鄰,樂善二路,,,,,,181號十九樓之6,121.38391719679,25.0467214676437
桃園市龜山區文樂里8鄰樂善二路181號十九樓之7,68,6800700,6800700-000,8鄰,樂善二路,,,,,,181號十九樓之7,121.38391719679,25.0467214676437
桃園市龜山區文樂里8鄰樂善二路181號二十樓之1,68,6800700,6800700-000,8鄰,樂善二路,,,,,,181號二十樓之1,121.38391719679,25.0467214676437
桃園市龜山區文樂里8鄰樂善二路181號二十樓之2,68,6800700,6800700-000,8鄰,樂善二路,,,,,,181號二十樓之2,121.38391719679,25.0467214676437
桃園市龜山區文樂里8鄰樂善二路181號二十樓之3,68,6800700,6800700-000,8鄰,樂善二路,,,,,,181號二十樓之3,121.38391719679,25.0467214676437
桃園市龜山區文樂里8鄰樂善二路181號二十樓之5,68,6800700,6800700-000,8鄰,樂善二路,,,,,,181號二十樓之5,121.38391719679,25.0467214676437
桃園市龜山區文樂里8鄰樂善二路181號二十樓之6,68,6800700,6800700-000,8鄰,樂善二路,,,,,,181號二十樓之6,121.38391719679,25.0467214676437
桃園市龜山區文樂里8鄰樂善二路181號二十樓之7,68,6800700,6800700-000,8鄰,樂善二路,,,,,,181號二十樓之7,121.38391719679,25.0467214676437
桃園市龜山區文樂里8鄰樂善二路181號二十一樓之1,68,6800700,6800700-000,8鄰,樂善二路,,,,,,181號二十一樓之1,121.38391719679,25.0467214676437
桃園市龜山區文樂里8鄰樂善二路181號二十一樓之2,68,6800700,6800700-000,8鄰,樂善二路,,,,,,181號二十一樓之2,121.38391719679,25.0467214676437
桃園市龜山區文樂里8鄰樂善二路181號二十一樓之3,68,6800700,6800700-000,8鄰,樂善二路,,,,,,181號二十一樓之3,121.38391719679,25.0467214676437
桃園市龜山區文樂里8鄰樂善二路181號二十一樓之5,68,6800700,6800700-000,8鄰,樂善二路,,,,,,181號二十一樓之5,121.38391719679,25.0467214676437
桃園市龜山區文樂里8鄰樂善二路181號二十一樓之6,68,6800700,6800700-000,8鄰,樂善二路,,,,,,181號二十一樓之6,121.38391719679,25.0467214676437
桃園市龜山區文樂里8鄰樂善二路181號二十一樓之7,68,6800700,6800700-000,8鄰,樂善二路,,,,,,181號二十一樓之7,121.38391719679,25.0467214676437
桃園市龜山區文樂里8鄰樂善二路181號二十二樓之1,68,6800700,6800700-000,8鄰,樂善二路,,,,,,181號二十二樓之1,121.38391719679,25.0467214676437
桃園市龜山區文樂里8鄰樂善二路181號二十二樓之2,68,6800700,6800700-000,8鄰,樂善二路,,,,,,181號二十二樓之2,121.38391719679,25.0467214676437
桃園市龜山區文樂里8鄰樂善二路181號二十二樓之3,68,6800700,6800700-000,8鄰,樂善二路,,,,,,181號二十二樓之3,121.38391719679,25.0467214676437
桃園市龜山區文樂里8鄰樂善二路181號二十二樓之5,68,6800700,6800700-000,8鄰,樂善二路,,,,,,181號二十二樓之5,121.38391719679,25.0467214676437
桃園市龜山區文樂里8鄰樂善二路181號二十二樓之6,68,6800700,6800700-000,8鄰,樂善二路,,,,,,181號二十二樓之6,121.38391719679,25.0467214676437
桃園市龜山區文樂里8鄰樂善二路181號二十二樓之7,68,6800700,6800700-000,8鄰,樂善二路,,,,,,181號二十二樓之7,121.38391719679,25.0467214676437
桃園市龜山區文樂里8鄰樂善二路181號二十三樓之1,68,6800700,6800700-000,8鄰,樂善二路,,,,,,181號二十三樓之1,121.38391719679,25.0467214676437
桃園市龜山區文樂里8鄰樂善二路181號二十三樓之2,68,6800700,6800700-000,8鄰,樂善二路,,,,,,181號二十三樓之2,121.38391719679,25.0467214676437
桃園市龜山區文樂里8鄰樂善二路181號二十三樓之3,68,6800700,6800700-000,8鄰,樂善二路,,,,,,181號二十三樓之3,121.38391719679,25.0467214676437
桃園市龜山區文樂里8鄰樂善二路181號二十三樓之5,68,6800700,6800700-000,8鄰,樂善二路,,,,,,181號二十三樓之5,121.38391719679,25.0467214676437
桃園市龜山區文樂里8鄰樂善二路181號二十三樓之6,68,6800700,6800700-000,8鄰,樂善二路,,,,,,181號二十三樓之6,121.38391719679,25.0467214676437
桃園市龜山區文樂里8鄰樂善二路181號二十三樓之7,68,6800700,6800700-000,8鄰,樂善二路,,,,,,181號二十三樓之7,121.38391719679,25.0467214676437
桃園市龜山區文樂里8鄰樂善二路181號二十四樓之1,68,6800700,6800700-000,8鄰,樂善二路,,,,,,181號二十四樓之1,121.38391719679,25.0467214676437
桃園市龜山區文樂里8鄰樂善二路181號二十四樓之2,68,6800700,6800700-000,8鄰,樂善二路,,,,,,181號二十四樓之2,121.38391719679,25.0467214676437
桃園市龜山區文樂里8鄰樂善二路181號二十四樓之3,68,6800700,6800700-000,8鄰,樂善二路,,,,,,181號二十四樓之3,121.38391719679,25.0467214676437
桃園市龜山區文樂里8鄰樂善二路181號二十四樓之5,68,6800700,6800700-000,8鄰,樂善二路,,,,,,181號二十四樓之5,121.38391719679,25.0467214676437
桃園市龜山區文樂里8鄰樂善二路181號二十四樓之6,68,6800700,6800700-000,8鄰,樂善二路,,,,,,181號二十四樓之6,121.38391719679,25.0467214676437
桃園市龜山區文樂里8鄰樂善二路181號二十四樓之7,68,6800700,6800700-000,8鄰,樂善二路,,,,,,181號二十四樓之7,121.38391719679,25.0467214676437
桃園市龜山區文樂里8鄰樂善二路181號二十五樓之1,68,6800700,6800700-000,8鄰,樂善二路,,,,,,181號二十五樓之1,121.38391719679,25.0467214676437
桃園市龜山區文樂里8鄰樂善二路181號二十五樓之2,68,6800700,6800700-000,8鄰,樂善二路,,,,,,181號二十五樓之2,121.38391719679,25.0467214676437
桃園市龜山區文樂里8鄰樂善二路181號二十五樓之3,68,6800700,6800700-000,8鄰,樂善二路,,,,,,181號二十五樓之3,121.38391719679,25.0467214676437
桃園市龜山區文樂里8鄰樂善二路181號二十五樓之5,68,6800700,6800700-000,8鄰,樂善二路,,,,,,181號二十五樓之5,121.38391719679,25.0467214676437
桃園市龜山區文樂里8鄰樂善二路181號二十五樓之6,68,6800700,6800700-000,8鄰,樂善二路,,,,,,181號二十五樓之6,121.38391719679,25.0467214676437
桃園市龜山區文樂里8鄰樂善二路181號二十五樓之7,68,6800700,6800700-000,8鄰,樂善二路,,,,,,181號二十五樓之7,121.38391719679,25.0467214676437
桃園市龜山區文樂里8鄰樂善二路181號二十六樓之1,68,6800700,6800700-000,8鄰,樂善二路,,,,,,181號二十六樓之1,121.38391719679,25.0467214676437
桃園市龜山區文樂里8鄰樂善二路181號二十六樓之2,68,6800700,6800700-000,8鄰,樂善二路,,,,,,181號二十六樓之2,121.38391719679,25.0467214676437
桃園市龜山區文樂里8鄰樂善二路181號二十六樓之3,68,6800700,6800700-000,8鄰,樂善二路,,,,,,181號二十六樓之3,121.38391719679,25.0467214676437
桃園市龜山區文樂里8鄰樂善二路181號二十六樓之5,68,6800700,6800700-000,8鄰,樂善二路,,,,,,181號二十六樓之5,121.38391719679,25.0467214676437
桃園市龜山區文樂里8鄰樂善二路181號二十六樓之6,68,6800700,6800700-000,8鄰,樂善二路,,,,,,181號二十六樓之6,121.38391719679,25.0467214676437
桃園市龜山區文樂里8鄰樂善二路181號二十六樓之7,68,6800700,6800700-000,8鄰,樂善二路,,,,,,181號二十六樓之7,121.38391719679,25.0467214676437
桃園市龜山區文樂里8鄰樂善二路181號二十七樓之1,68,6800700,6800700-000,8鄰,樂善二路,,,,,,181號二十七樓之1,121.38391719679,25.0467214676437
桃園市龜山區文樂里8鄰樂善二路181號二十七樓之2,68,6800700,6800700-000,8鄰,樂善二路,,,,,,181號二十七樓之2,121.38391719679,25.0467214676437
桃園市龜山區文樂里8鄰樂善二路181號二十七樓之3,68,6800700,6800700-000,8鄰,樂善二路,,,,,,181號二十七樓之3,121.38391719679,25.0467214676437
桃園市龜山區文樂里8鄰樂善二路181號二十七樓之5,68,6800700,6800700-000,8鄰,樂善二路,,,,,,181號二十七樓之5,121.38391719679,25.0467214676437
桃園市龜山區文樂里8鄰樂善二路181號二十七樓之6,68,6800700,6800700-000,8鄰,樂善二路,,,,,,181號二十七樓之6,121.38391719679,25.0467214676437
桃園市龜山區文樂里8鄰樂善二路181號二十七樓之7,68,6800700,6800700-000,8鄰,樂善二路,,,,,,181號二十七樓之7,121.38391719679,25.0467214676437
桃園市龜山區文樂里8鄰樂善二路181號二十八樓之1,68,6800700,6800700-000,8鄰,樂善二路,,,,,,181號二十八樓之1,121.38391719679,25.0467214676437
桃園市龜山區文樂里8鄰樂善二路181號二十八樓之2,68,6800700,6800700-000,8鄰,樂善二路,,,,,,181號二十八樓之2,121.38391719679,25.0467214676437
桃園市龜山區文樂里8鄰樂善二路181號二十八樓之3,68,6800700,6800700-000,8鄰,樂善二路,,,,,,181號二十八樓之3,121.38391719679,25.0467214676437
桃園市龜山區文樂里8鄰樂善二路181號二十八樓之5,68,6800700,6800700-000,8鄰,樂善二路,,,,,,181號二十八樓之5,121.38391719679,25.0467214676437
桃園市龜山區文樂里8鄰樂善二路181號二十八樓之6,68,6800700,6800700-000,8鄰,樂善二路,,,,,,181號二十八樓之6,121.38391719679,25.0467214676437
桃園市龜山區文樂里8鄰樂善二路181號二十八樓之7,68,6800700,6800700-000,8鄰,樂善二路,,,,,,181號二十八樓之7,121.38391719679,25.0467214676437
桃園市龜山區文樂里8鄰樂善二路183號,68,6800700,6800700-000,8鄰,樂善二路,,,,,,183號,121.383975067921,25.0467195124399
桃園市龜山區文樂里8鄰樂善二路185號,68,6800700,6800700-000,8鄰,樂善二路,,,,,,185號,121.384037362454,25.0467058994075
桃園市龜山區文樂里8鄰樂善二路185號十樓,68,6800700,6800700-000,8鄰,樂善二路,,,,,,185號十樓,121.384037362454,25.0467058994075
桃園市龜山區文樂里8鄰樂善二路185號三樓,68,6800700,6800700-000,8鄰,樂善二路,,,,,,185號三樓,121.384037362454,25.0467058994075
桃園市龜山區文樂里8鄰樂善二路185號四樓,68,6800700,6800700-000,8鄰,樂善二路,,,,,,185號四樓,121.384037362454,25.0467058994075
桃園市龜山區文樂里8鄰樂善二路185號五樓,68,6800700,6800700-000,8鄰,樂善二路,,,,,,185號五樓,121.384037362454,25.0467058994075
桃園市龜山區文樂里8鄰樂善二路185號六樓,68,6800700,6800700-000,8鄰,樂善二路,,,,,,185號六樓,121.384037362454,25.0467058994075
桃園市龜山區文樂里8鄰樂善二路185號七樓,68,6800700,6800700-000,8鄰,樂善二路,,,,,,185號七樓,121.384037362454,25.0467058994075
桃園市龜山區文樂里8鄰樂善二路185號八樓,68,6800700,6800700-000,8鄰,樂善二路,,,,,,185號八樓,121.384037362454,25.0467058994075
桃園市龜山區文樂里8鄰樂善二路185號九樓,68,6800700,6800700-000,8鄰,樂善二路,,,,,,185號九樓,121.384037362454,25.0467058994075
桃園市龜山區文樂里8鄰樂善二路185號十一樓,68,6800700,6800700-000,8鄰,樂善二路,,,,,,185號十一樓,121.384037362454,25.0467058994075
桃園市龜山區文樂里8鄰樂善二路185號十二樓,68,6800700,6800700-000,8鄰,樂善二路,,,,,,185號十二樓,121.384037362454,25.0467058994075
桃園市龜山區文樂里8鄰樂善二路185號十三樓,68,6800700,6800700-000,8鄰,樂善二路,,,,,,185號十三樓,121.384037362454,25.0467058994075
桃園市龜山區文樂里8鄰樂善二路185號十四樓,68,6800700,6800700-000,8鄰,樂善二路,,,,,,185號十四樓,121.384037362454,25.0467058994075
桃園市龜山區文樂里8鄰樂善二路185號十五樓,68,6800700,6800700-000,8鄰,樂善二路,,,,,,185號十五樓,121.384037362454,25.0467058994075
桃園市龜山區文樂里8鄰樂善二路185號十六樓,68,6800700,6800700-000,8鄰,樂善二路,,,,,,185號十六樓,121.384037362454,25.0467058994075
桃園市龜山區文樂里8鄰樂善二路185號十七樓,68,6800700,6800700-000,8鄰,樂善二路,,,,,,185號十七樓,121.384037362454,25.0467058994075
桃園市龜山區文樂里8鄰樂善二路185號十八樓,68,6800700,6800700-000,8鄰,樂善二路,,,,,,185號十八樓,121.384037362454,25.0467058994075
桃園市龜山區文樂里8鄰樂善二路185號十九樓,68,6800700,6800700-000,8鄰,樂善二路,,,,,,185號十九樓,121.384037362454,25.0467058994075
桃園市龜山區文樂里8鄰樂善二路185號二十樓,68,6800700,6800700-000,8鄰,樂善二路,,,,,,185號二十樓,121.384037362454,25.0467058994075
桃園市龜山區文樂里8鄰樂善二路185號二十一樓,68,6800700,6800700-000,8鄰,樂善二路,,,,,,185號二十一樓,121.384037362454,25.0467058994075
桃園市龜山區文樂里8鄰樂善二路185號二十二樓,68,6800700,6800700-000,8鄰,樂善二路,,,,,,185號二十二樓,121.384037362454,25.0467058994075
桃園市龜山區文樂里8鄰樂善二路185號二十三樓,68,6800700,6800700-000,8鄰,樂善二路,,,,,,185號二十三樓,121.384037362454,25.0467058994075
桃園市龜山區文樂里8鄰樂善二路185號二十四樓,68,6800700,6800700-000,8鄰,樂善二路,,,,,,185號二十四樓,121.384037362454,25.0467058994075
桃園市龜山區文樂里8鄰樂善二路185號二十五樓,68,6800700,6800700-000,8鄰,樂善二路,,,,,,185號二十五樓,121.384037362454,25.0467058994075
桃園市龜山區文樂里8鄰樂善二路185號二十六樓,68,6800700,6800700-000,8鄰,樂善二路,,,,,,185號二十六樓,121.384037362454,25.0467058994075
桃園市龜山區文樂里8鄰樂善二路185號二十七樓,68,6800700,6800700-000,8鄰,樂善二路,,,,,,185號二十七樓,121.384037362454,25.0467058994075
桃園市龜山區文樂里8鄰樂善二路185號二十八樓,68,6800700,6800700-000,8鄰,樂善二路,,,,,,185號二十八樓,121.384037362454,25.0467058994075
桃園市龜山區文樂里8鄰樂善二路187號,68,6800700,6800700-000,8鄰,樂善二路,,,,,,187號,121.384088785627,25.0467019746248
桃園市龜山區文樂里8鄰樂善二路187號十樓,68,6800700,6800700-000,8鄰,樂善二路,,,,,,187號十樓,121.384088785627,25.0467019746248
桃園市龜山區文樂里8鄰樂善二路187號三樓,68,6800700,6800700-000,8鄰,樂善二路,,,,,,187號三樓,121.384088785627,25.0467019746248
桃園市龜山區文樂里8鄰樂善二路187號四樓,68,6800700,6800700-000,8鄰,樂善二路,,,,,,187號四樓,121.384088785627,25.0467019746248
桃園市龜山區文樂里8鄰樂善二路187號五樓,68,6800700,6800700-000,8鄰,樂善二路,,,,,,187號五樓,121.384088785627,25.0467019746248
桃園市龜山區文樂里8鄰樂善二路187號六樓,68,6800700,6800700-000,8鄰,樂善二路,,,,,,187號六樓,121.384088785627,25.0467019746248
桃園市龜山區文樂里8鄰樂善二路187號七樓,68,6800700,6800700-000,8鄰,樂善二路,,,,,,187號七樓,121.384088785627,25.0467019746248
桃園市龜山區文樂里8鄰樂善二路187號八樓,68,6800700,6800700-000,8鄰,樂善二路,,,,,,187號八樓,121.384088785627,25.0467019746248
桃園市龜山區文樂里8鄰樂善二路187號九樓,68,6800700,6800700-000,8鄰,樂善二路,,,,,,187號九樓,121.384088785627,25.0467019746248
桃園市龜山區文樂里8鄰樂善二路187號十一樓,68,6800700,6800700-000,8鄰,樂善二路,,,,,,187號十一樓,121.384088785627,25.0467019746248
桃園市龜山區文樂里8鄰樂善二路187號十二樓,68,6800700,6800700-000,8鄰,樂善二路,,,,,,187號十二樓,121.384088785627,25.0467019746248
桃園市龜山區文樂里8鄰樂善二路187號十三樓,68,6800700,6800700-000,8鄰,樂善二路,,,,,,187號十三樓,121.384088785627,25.0467019746248
桃園市龜山區文樂里8鄰樂善二路187號十四樓,68,6800700,6800700-000,8鄰,樂善二路,,,,,,187號十四樓,121.384088785627,25.0467019746248
桃園市龜山區文樂里8鄰樂善二路187號十五樓,68,6800700,6800700-000,8鄰,樂善二路,,,,,,187號十五樓,121.384088785627,25.0467019746248
桃園市龜山區文樂里8鄰樂善二路187號十六樓,68,6800700,6800700-000,8鄰,樂善二路,,,,,,187號十六樓,121.384088785627,25.0467019746248
桃園市龜山區文樂里8鄰樂善二路187號十七樓,68,6800700,6800700-000,8鄰,樂善二路,,,,,,187號十七樓,121.384088785627,25.0467019746248
桃園市龜山區文樂里8鄰樂善二路187號十八樓,68,6800700,6800700-000,8鄰,樂善二路,,,,,,187號十八樓,121.384088785627,25.0467019746248
桃園市龜山區文樂里8鄰樂善二路187號十九樓,68,6800700,6800700-000,8鄰,樂善二路,,,,,,187號十九樓,121.384088785627,25.0467019746248
桃園市龜山區文樂里8鄰樂善二路187號二十樓,68,6800700,6800700-000,8鄰,樂善二路,,,,,,187號二十樓,121.384088785627,25.0467019746248
桃園市龜山區文樂里8鄰樂善二路187號二十一樓,68,6800700,6800700-000,8鄰,樂善二路,,,,,,187號二十一樓,121.384088785627,25.0467019746248
桃園市龜山區文樂里8鄰樂善二路187號二十二樓,68,6800700,6800700-000,8鄰,樂善二路,,,,,,187號二十二樓,121.384088785627,25.0467019746248
桃園市龜山區文樂里8鄰樂善二路187號二十三樓,68,6800700,6800700-000,8鄰,樂善二路,,,,,,187號二十三樓,121.384088785627,25.0467019746248
桃園市龜山區文樂里8鄰樂善二路187號二十四樓,68,6800700,6800700-000,8鄰,樂善二路,,,,,,187號二十四樓,121.384088785627,25.0467019746248
桃園市龜山區文樂里8鄰樂善二路187號二十五樓,68,6800700,6800700-000,8鄰,樂善二路,,,,,,187號二十五樓,121.384088785627,25.0467019746248
桃園市龜山區文樂里8鄰樂善二路187號二十六樓,68,6800700,6800700-000,8鄰,樂善二路,,,,,,187號二十六樓,121.384088785627,25.0467019746248
桃園市龜山區文樂里8鄰樂善二路187號二十七樓,68,6800700,6800700-000,8鄰,樂善二路,,,,,,187號二十七樓,121.384088785627,25.0467019746248
桃園市龜山區文樂里8鄰樂善二路187號二十八樓,68,6800700,6800700-000,8鄰,樂善二路,,,,,,187號二十八樓,121.384088785627,25.0467019746248
桃園市龜山區文樂里8鄰樂善二路189號,68,6800700,6800700-000,8鄰,樂善二路,,,,,,189號,121.384144569655,25.0466981288302
桃園市龜山區文樂里8鄰樂善二路189號十樓,68,6800700,6800700-000,8鄰,樂善二路,,,,,,189號十樓,121.384144569655,25.0466981288302
桃園市龜山區文樂里8鄰樂善二路189號三樓,68,6800700,6800700-000,8鄰,樂善二路,,,,,,189號三樓,121.384144569655,25.0466981288302
桃園市龜山區文樂里8鄰樂善二路189號四樓,68,6800700,6800700-000,8鄰,樂善二路,,,,,,189號四樓,121.384144569655,25.0466981288302
桃園市龜山區文樂里8鄰樂善二路189號五樓,68,6800700,6800700-000,8鄰,樂善二路,,,,,,189號五樓,121.384144569655,25.0466981288302
桃園市龜山區文樂里8鄰樂善二路189號六樓,68,6800700,6800700-000,8鄰,樂善二路,,,,,,189號六樓,121.384144569655,25.0466981288302
桃園市龜山區文樂里8鄰樂善二路189號七樓,68,6800700,6800700-000,8鄰,樂善二路,,,,,,189號七樓,121.384144569655,25.0466981288302
桃園市龜山區文樂里8鄰樂善二路189號八樓,68,6800700,6800700-000,8鄰,樂善二路,,,,,,189號八樓,121.384144569655,25.0466981288302
桃園市龜山區文樂里8鄰樂善二路189號九樓,68,6800700,6800700-000,8鄰,樂善二路,,,,,,189號九樓,121.384144569655,25.0466981288302
桃園市龜山區文樂里8鄰樂善二路189號十一樓,68,6800700,6800700-000,8鄰,樂善二路,,,,,,189號十一樓,121.384144569655,25.0466981288302
桃園市龜山區文樂里8鄰樂善二路189號十二樓,68,6800700,6800700-000,8鄰,樂善二路,,,,,,189號十二樓,121.384144569655,25.0466981288302
桃園市龜山區文樂里8鄰樂善二路189號十三樓,68,6800700,6800700-000,8鄰,樂善二路,,,,,,189號十三樓,121.384144569655,25.0466981288302
桃園市龜山區文樂里8鄰樂善二路189號十四樓,68,6800700,6800700-000,8鄰,樂善二路,,,,,,189號十四樓,121.384144569655,25.0466981288302
桃園市龜山區文樂里8鄰樂善二路189號十五樓,68,6800700,6800700-000,8鄰,樂善二路,,,,,,189號十五樓,121.384144569655,25.0466981288302
桃園市龜山區文樂里8鄰樂善二路189號十六樓,68,6800700,6800700-000,8鄰,樂善二路,,,,,,189號十六樓,121.384144569655,25.0466981288302
桃園市龜山區文樂里8鄰樂善二路189號十七樓,68,6800700,6800700-000,8鄰,樂善二路,,,,,,189號十七樓,121.384144569655,25.0466981288302
桃園市龜山區文樂里8鄰樂善二路189號十八樓,68,6800700,6800700-000,8鄰,樂善二路,,,,,,189號十八樓,121.384144569655,25.0466981288302
桃園市龜山區文樂里8鄰樂善二路189號十九樓,68,6800700,6800700-000,8鄰,樂善二路,,,,,,189號十九樓,121.384144569655,25.0466981288302
桃園市龜山區文樂里8鄰樂善二路189號二十樓,68,6800700,6800700-000,8鄰,樂善二路,,,,,,189號二十樓,121.384144569655,25.0466981288302
桃園市龜山區文樂里8鄰樂善二路189號二十一樓,68,6800700,6800700-000,8鄰,樂善二路,,,,,,189號二十一樓,121.384144569655,25.0466981288302
桃園市龜山區文樂里8鄰樂善二路189號二十二樓,68,6800700,6800700-000,8鄰,樂善二路,,,,,,189號二十二樓,121.384144569655,25.0466981288302
桃園市龜山區文樂里8鄰樂善二路189號二十三樓,68,6800700,6800700-000,8鄰,樂善二路,,,,,,189號二十三樓,121.384144569655,25.0466981288302
桃園市龜山區文樂里8鄰樂善二路189號二十四樓,68,6800700,6800700-000,8鄰,樂善二路,,,,,,189號二十四樓,121.384144569655,25.0466981288302
桃園市龜山區文樂里8鄰樂善二路189號二十五樓,68,6800700,6800700-000,8鄰,樂善二路,,,,,,189號二十五樓,121.384144569655,25.0466981288302
桃園市龜山區文樂里8鄰樂善二路189號二十六樓,68,6800700,6800700-000,8鄰,樂善二路,,,,,,189號二十六樓,121.384144569655,25.0466981288302
桃園市龜山區文樂里8鄰樂善二路189號二十七樓,68,6800700,6800700-000,8鄰,樂善二路,,,,,,189號二十七樓,121.384144569655,25.0466981288302
桃園市龜山區文樂里8鄰樂善二路189號二十八樓,68,6800700,6800700-000,8鄰,樂善二路,,,,,,189號二十八樓,121.384144569655,25.0466981288302
桃園市龜山區文樂里8鄰樂善二路191號,68,6800700,6800700-000,8鄰,樂善二路,,,,,,191號,121.384202539875,25.0466961732818
桃園市龜山區文樂里8鄰樂善二路191號十樓,68,6800700,6800700-000,8鄰,樂善二路,,,,,,191號十樓,121.384202539875,25.0466961732818
桃園市龜山區文樂里8鄰樂善二路191號三樓,68,6800700,6800700-000,8鄰,樂善二路,,,,,,191號三樓,121.384202539875,25.0466961732818
桃園市龜山區文樂里8鄰樂善二路191號四樓,68,6800700,6800700-000,8鄰,樂善二路,,,,,,191號四樓,121.384202539875,25.0466961732818
桃園市龜山區文樂里8鄰樂善二路191號五樓,68,6800700,6800700-000,8鄰,樂善二路,,,,,,191號五樓,121.384202539875,25.0466961732818
桃園市龜山區文樂里8鄰樂善二路191號六樓,68,6800700,6800700-000,8鄰,樂善二路,,,,,,191號六樓,121.384202539875,25.0466961732818
桃園市龜山區文樂里8鄰樂善二路191號七樓,68,6800700,6800700-000,8鄰,樂善二路,,,,,,191號七樓,121.384202539875,25.0466961732818
桃園市龜山區文樂里8鄰樂善二路191號八樓,68,6800700,6800700-000,8鄰,樂善二路,,,,,,191號八樓,121.384202539875,25.0466961732818
桃園市龜山區文樂里8鄰樂善二路191號九樓,68,6800700,6800700-000,8鄰,樂善二路,,,,,,191號九樓,121.384202539875,25.0466961732818
桃園市龜山區文樂里8鄰樂善二路191號十一樓,68,6800700,6800700-000,8鄰,樂善二路,,,,,,191號十一樓,121.384202539875,25.0466961732818
桃園市龜山區文樂里8鄰樂善二路191號十二樓,68,6800700,6800700-000,8鄰,樂善二路,,,,,,191號十二樓,121.384202539875,25.0466961732818
桃園市龜山區文樂里8鄰樂善二路191號十三樓,68,6800700,6800700-000,8鄰,樂善二路,,,,,,191號十三樓,121.384202539875,25.0466961732818
桃園市龜山區文樂里8鄰樂善二路191號十四樓,68,6800700,6800700-000,8鄰,樂善二路,,,,,,191號十四樓,121.384202539875,25.0466961732818
桃園市龜山區文樂里8鄰樂善二路191號十五樓,68,6800700,6800700-000,8鄰,樂善二路,,,,,,191號十五樓,121.384202539875,25.0466961732818
桃園市龜山區文樂里8鄰樂善二路191號十六樓,68,6800700,6800700-000,8鄰,樂善二路,,,,,,191號十六樓,121.384202539875,25.0466961732818
桃園市龜山區文樂里8鄰樂善二路191號十七樓,68,6800700,6800700-000,8鄰,樂善二路,,,,,,191號十七樓,121.384202539875,25.0466961732818
桃園市龜山區文樂里8鄰樂善二路191號十八樓,68,6800700,6800700-000,8鄰,樂善二路,,,,,,191號十八樓,121.384202539875,25.0466961732818
桃園市龜山區文樂里8鄰樂善二路191號十九樓,68,6800700,6800700-000,8鄰,樂善二路,,,,,,191號十九樓,121.384202539875,25.0466961732818
桃園市龜山區文樂里8鄰樂善二路191號二十樓,68,6800700,6800700-000,8鄰,樂善二路,,,,,,191號二十樓,121.384202539875,25.0466961732818
桃園市龜山區文樂里8鄰樂善二路191號二十一樓,68,6800700,6800700-000,8鄰,樂善二路,,,,,,191號二十一樓,121.384202539875,25.0466961732818
桃園市龜山區文樂里8鄰樂善二路191號二十二樓,68,6800700,6800700-000,8鄰,樂善二路,,,,,,191號二十二樓,121.384202539875,25.0466961732818
桃園市龜山區文樂里8鄰樂善二路191號二十三樓,68,6800700,6800700-000,8鄰,樂善二路,,,,,,191號二十三樓,121.384202539875,25.0466961732818
桃園市龜山區文樂里8鄰樂善二路191號二十四樓,68,6800700,6800700-000,8鄰,樂善二路,,,,,,191號二十四樓,121.384202539875,25.0466961732818
桃園市龜山區文樂里8鄰樂善二路191號二十五樓,68,6800700,6800700-000,8鄰,樂善二路,,,,,,191號二十五樓,121.384202539875,25.0466961732818
桃園市龜山區文樂里8鄰樂善二路191號二十六樓,68,6800700,6800700-000,8鄰,樂善二路,,,,,,191號二十六樓,121.384202539875,25.0466961732818
桃園市龜山區文樂里8鄰樂善二路191號二十七樓,68,6800700,6800700-000,8鄰,樂善二路,,,,,,191號二十七樓,121.384202539875,25.0466961732818
桃園市龜山區文樂里8鄰樂善二路191號二十八樓,68,6800700,6800700-000,8鄰,樂善二路,,,,,,191號二十八樓,121.384202539875,25.0466961732818
桃園市龜山區文樂里8鄰樂善二路193號,68,6800700,6800700-000,8鄰,樂善二路,,,,,,193號,121.384254062142,25.0466922481857
桃園市龜山區文樂里8鄰樂善二路193號十樓,68,6800700,6800700-000,8鄰,樂善二路,,,,,,193號十樓,121.384254062142,25.0466922481857
桃園市龜山區文樂里8鄰樂善二路193號三樓,68,6800700,6800700-000,8鄰,樂善二路,,,,,,193號三樓,121.384254062142,25.0466922481857
桃園市龜山區文樂里8鄰樂善二路193號四樓,68,6800700,6800700-000,8鄰,樂善二路,,,,,,193號四樓,121.384254062142,25.0466922481857
桃園市龜山區文樂里8鄰樂善二路193號五樓,68,6800700,6800700-000,8鄰,樂善二路,,,,,,193號五樓,121.384254062142,25.0466922481857
桃園市龜山區文樂里8鄰樂善二路193號六樓,68,6800700,6800700-000,8鄰,樂善二路,,,,,,193號六樓,121.384254062142,25.0466922481857
桃園市龜山區文樂里8鄰樂善二路193號七樓,68,6800700,6800700-000,8鄰,樂善二路,,,,,,193號七樓,121.384254062142,25.0466922481857
桃園市龜山區文樂里8鄰樂善二路193號八樓,68,6800700,6800700-000,8鄰,樂善二路,,,,,,193號八樓,121.384254062142,25.0466922481857
桃園市龜山區文樂里8鄰樂善二路193號九樓,68,6800700,6800700-000,8鄰,樂善二路,,,,,,193號九樓,121.384254062142,25.0466922481857
桃園市龜山區文樂里8鄰樂善二路193號十一樓,68,6800700,6800700-000,8鄰,樂善二路,,,,,,193號十一樓,121.384254062142,25.0466922481857
桃園市龜山區文樂里8鄰樂善二路193號十二樓,68,6800700,6800700-000,8鄰,樂善二路,,,,,,193號十二樓,121.384254062142,25.0466922481857
桃園市龜山區文樂里8鄰樂善二路193號十三樓,68,6800700,6800700-000,8鄰,樂善二路,,,,,,193號十三樓,121.384254062142,25.0466922481857
桃園市龜山區文樂里8鄰樂善二路193號十四樓,68,6800700,6800700-000,8鄰,樂善二路,,,,,,193號十四樓,121.384254062142,25.0466922481857
桃園市龜山區文樂里8鄰樂善二路193號十五樓,68,6800700,6800700-000,8鄰,樂善二路,,,,,,193號十五樓,121.384254062142,25.0466922481857
桃園市龜山區文樂里8鄰樂善二路193號十六樓,68,6800700,6800700-000,8鄰,樂善二路,,,,,,193號十六樓,121.384254062142,25.0466922481857
桃園市龜山區文樂里8鄰樂善二路193號十七樓,68,6800700,6800700-000,8鄰,樂善二路,,,,,,193號十七樓,121.384254062142,25.0466922481857
桃園市龜山區文樂里8鄰樂善二路193號十八樓,68,6800700,6800700-000,8鄰,樂善二路,,,,,,193號十八樓,121.384254062142,25.0466922481857
桃園市龜山區文樂里8鄰樂善二路193號十九樓,68,6800700,6800700-000,8鄰,樂善二路,,,,,,193號十九樓,121.384254062142,25.0466922481857
桃園市龜山區文樂里8鄰樂善二路193號二十樓,68,6800700,6800700-000,8鄰,樂善二路,,,,,,193號二十樓,121.384254062142,25.0466922481857
桃園市龜山區文樂里8鄰樂善二路193號二十一樓,68,6800700,6800700-000,8鄰,樂善二路,,,,,,193號二十一樓,121.384254062142,25.0466922481857
桃園市龜山區文樂里8鄰樂善二路193號二十二樓,68,6800700,6800700-000,8鄰,樂善二路,,,,,,193號二十二樓,121.384254062142,25.0466922481857
桃園市龜山區文樂里8鄰樂善二路193號二十三樓,68,6800700,6800700-000,8鄰,樂善二路,,,,,,193號二十三樓,121.384254062142,25.0466922481857
桃園市龜山區文樂里8鄰樂善二路193號二十四樓,68,6800700,6800700-000,8鄰,樂善二路,,,,,,193號二十四樓,121.384254062142,25.0466922481857
桃園市龜山區文樂里8鄰樂善二路193號二十五樓,68,6800700,6800700-000,8鄰,樂善二路,,,,,,193號二十五樓,121.384254062142,25.0466922481857
桃園市龜山區文樂里8鄰樂善二路193號二十六樓,68,6800700,6800700-000,8鄰,樂善二路,,,,,,193號二十六樓,121.384254062142,25.0466922481857
桃園市龜山區文樂里8鄰樂善二路193號二十七樓,68,6800700,6800700-000,8鄰,樂善二路,,,,,,193號二十七樓,121.384254062142,25.0466922481857
桃園市龜山區文樂里8鄰樂善二路193號二十八樓,68,6800700,6800700-000,8鄰,樂善二路,,,,,,193號二十八樓,121.384254062142,25.0466922481857
桃園市龜山區文樂里8鄰樂善二路195號,68,6800700,6800700-000,8鄰,樂善二路,,,,,,195號,121.384305590596,25.0466903092587
桃園市龜山區文樂里8鄰樂善二路195號十樓,68,6800700,6800700-000,8鄰,樂善二路,,,,,,195號十樓,121.384305590596,25.0466903092587
桃園市龜山區文樂里8鄰樂善二路195號三樓,68,6800700,6800700-000,8鄰,樂善二路,,,,,,195號三樓,121.384305590596,25.0466903092587
桃園市龜山區文樂里8鄰樂善二路195號四樓,68,6800700,6800700-000,8鄰,樂善二路,,,,,,195號四樓,121.384305590596,25.0466903092587
桃園市龜山區文樂里8鄰樂善二路195號五樓,68,6800700,6800700-000,8鄰,樂善二路,,,,,,195號五樓,121.384305590596,25.0466903092587
桃園市龜山區文樂里8鄰樂善二路195號六樓,68,6800700,6800700-000,8鄰,樂善二路,,,,,,195號六樓,121.384305590596,25.0466903092587
桃園市龜山區文樂里8鄰樂善二路195號七樓,68,6800700,6800700-000,8鄰,樂善二路,,,,,,195號七樓,121.384305590596,25.0466903092587
桃園市龜山區文樂里8鄰樂善二路195號八樓,68,6800700,6800700-000,8鄰,樂善二路,,,,,,195號八樓,121.384305590596,25.0466903092587
桃園市龜山區文樂里8鄰樂善二路195號九樓,68,6800700,6800700-000,8鄰,樂善二路,,,,,,195號九樓,121.384305590596,25.0466903092587
桃園市龜山區文樂里8鄰樂善二路195號十一樓,68,6800700,6800700-000,8鄰,樂善二路,,,,,,195號十一樓,121.384305590596,25.0466903092587
桃園市龜山區文樂里8鄰樂善二路195號十二樓,68,6800700,6800700-000,8鄰,樂善二路,,,,,,195號十二樓,121.384305590596,25.0466903092587
桃園市龜山區文樂里8鄰樂善二路195號十三樓,68,6800700,6800700-000,8鄰,樂善二路,,,,,,195號十三樓,121.384305590596,25.0466903092587
桃園市龜山區文樂里8鄰樂善二路195號十四樓,68,6800700,6800700-000,8鄰,樂善二路,,,,,,195號十四樓,121.384305590596,25.0466903092587
桃園市龜山區文樂里8鄰樂善二路195號十五樓,68,6800700,6800700-000,8鄰,樂善二路,,,,,,195號十五樓,121.384305590596,25.0466903092587
桃園市龜山區文樂里8鄰樂善二路195號十六樓,68,6800700,6800700-000,8鄰,樂善二路,,,,,,195號十六樓,121.384305590596,25.0466903092587
桃園市龜山區文樂里8鄰樂善二路195號十七樓,68,6800700,6800700-000,8鄰,樂善二路,,,,,,195號十七樓,121.384305590596,25.0466903092587
桃園市龜山區文樂里8鄰樂善二路195號十八樓,68,6800700,6800700-000,8鄰,樂善二路,,,,,,195號十八樓,121.384305590596,25.0466903092587
桃園市龜山區文樂里8鄰樂善二路195號十九樓,68,6800700,6800700-000,8鄰,樂善二路,,,,,,195號十九樓,121.384305590596,25.0466903092587
桃園市龜山區文樂里8鄰樂善二路195號二十樓,68,6800700,6800700-000,8鄰,樂善二路,,,,,,195號二十樓,121.384305590596,25.0466903092587
桃園市龜山區文樂里8鄰樂善二路195號二十一樓,68,6800700,6800700-000,8鄰,樂善二路,,,,,,195號二十一樓,121.384305590596,25.0466903092587
桃園市龜山區文樂里8鄰樂善二路195號二十二樓,68,6800700,6800700-000,8鄰,樂善二路,,,,,,195號二十二樓,121.384305590596,25.0466903092587
桃園市龜山區文樂里8鄰樂善二路195號二十三樓,68,6800700,6800700-000,8鄰,樂善二路,,,,,,195號二十三樓,121.384305590596,25.0466903092587
桃園市龜山區文樂里8鄰樂善二路195號二十四樓,68,6800700,6800700-000,8鄰,樂善二路,,,,,,195號二十四樓,121.384305590596,25.0466903092587
桃園市龜山區文樂里8鄰樂善二路195號二十五樓,68,6800700,6800700-000,8鄰,樂善二路,,,,,,195號二十五樓,121.384305590596,25.0466903092587
桃園市龜山區文樂里8鄰樂善二路195號二十六樓,68,6800700,6800700-000,8鄰,樂善二路,,,,,,195號二十六樓,121.384305590596,25.0466903092587
桃園市龜山區文樂里8鄰樂善二路195號二十七樓,68,6800700,6800700-000,8鄰,樂善二路,,,,,,195號二十七樓,121.384305590596,25.0466903092587
桃園市龜山區文樂里8鄰樂善二路195號二十八樓,68,6800700,6800700-000,8鄰,樂善二路,,,,,,195號二十八樓,121.384305590596,25.0466903092587
桃園市龜山區文樂里8鄰樂善二路197號,68,6800700,6800700-000,8鄰,樂善二路,,,,,,197號,121.384354926658,25.0466844938622
桃園市龜山區文樂里8鄰樂善二路197號十樓,68,6800700,6800700-000,8鄰,樂善二路,,,,,,197號十樓,121.384354926658,25.0466844938622
桃園市龜山區文樂里8鄰樂善二路197號三樓,68,6800700,6800700-000,8鄰,樂善二路,,,,,,197號三樓,121.384354926658,25.0466844938622
桃園市龜山區文樂里8鄰樂善二路197號四樓,68,6800700,6800700-000,8鄰,樂善二路,,,,,,197號四樓,121.384354926658,25.0466844938622
桃園市龜山區文樂里8鄰樂善二路197號五樓,68,6800700,6800700-000,8鄰,樂善二路,,,,,,197號五樓,121.384354926658,25.0466844938622
桃園市龜山區文樂里8鄰樂善二路197號六樓,68,6800700,6800700-000,8鄰,樂善二路,,,,,,197號六樓,121.384354926658,25.0466844938622
桃園市龜山區文樂里8鄰樂善二路197號七樓,68,6800700,6800700-000,8鄰,樂善二路,,,,,,197號七樓,121.384354926658,25.0466844938622
桃園市龜山區文樂里8鄰樂善二路197號八樓,68,6800700,6800700-000,8鄰,樂善二路,,,,,,197號八樓,121.384354926658,25.0466844938622
桃園市龜山區文樂里8鄰樂善二路197號九樓,68,6800700,6800700-000,8鄰,樂善二路,,,,,,197號九樓,121.384354926658,25.0466844938622
桃園市龜山區文樂里8鄰樂善二路197號十一樓,68,6800700,6800700-000,8鄰,樂善二路,,,,,,197號十一樓,121.384354926658,25.0466844938622
桃園市龜山區文樂里8鄰樂善二路197號十二樓,68,6800700,6800700-000,8鄰,樂善二路,,,,,,197號十二樓,121.384354926658,25.0466844938622
桃園市龜山區文樂里8鄰樂善二路197號十三樓,68,6800700,6800700-000,8鄰,樂善二路,,,,,,197號十三樓,121.384354926658,25.0466844938622
桃園市龜山區文樂里8鄰樂善二路197號十四樓,68,6800700,6800700-000,8鄰,樂善二路,,,,,,197號十四樓,121.384354926658,25.0466844938622
桃園市龜山區文樂里8鄰樂善二路197號十五樓,68,6800700,6800700-000,8鄰,樂善二路,,,,,,197號十五樓,121.384354926658,25.0466844938622
桃園市龜山區文樂里8鄰樂善二路197號十六樓,68,6800700,6800700-000,8鄰,樂善二路,,,,,,197號十六樓,121.384354926658,25.0466844938622
桃園市龜山區文樂里8鄰樂善二路197號十七樓,68,6800700,6800700-000,8鄰,樂善二路,,,,,,197號十七樓,121.384354926658,25.0466844938622
桃園市龜山區文樂里8鄰樂善二路197號十八樓,68,6800700,6800700-000,8鄰,樂善二路,,,,,,197號十八樓,121.384354926658,25.0466844938622
桃園市龜山區文樂里8鄰樂善二路197號十九樓,68,6800700,6800700-000,8鄰,樂善二路,,,,,,197號十九樓,121.384354926658,25.0466844938622
桃園市龜山區文樂里8鄰樂善二路197號二十樓,68,6800700,6800700-000,8鄰,樂善二路,,,,,,197號二十樓,121.384354926658,25.0466844938622
桃園市龜山區文樂里8鄰樂善二路197號二十一樓,68,6800700,6800700-000,8鄰,樂善二路,,,,,,197號二十一樓,121.384354926658,25.0466844938622
桃園市龜山區文樂里8鄰樂善二路197號二十二樓,68,6800700,6800700-000,8鄰,樂善二路,,,,,,197號二十二樓,121.384354926658,25.0466844938622
桃園市龜山區文樂里8鄰樂善二路197號二十三樓,68,6800700,6800700-000,8鄰,樂善二路,,,,,,197號二十三樓,121.384354926658,25.0466844938622
桃園市龜山區文樂里8鄰樂善二路197號二十四樓,68,6800700,6800700-000,8鄰,樂善二路,,,,,,197號二十四樓,121.384354926658,25.0466844938622
桃園市龜山區文樂里8鄰樂善二路197號二十五樓,68,6800700,6800700-000,8鄰,樂善二路,,,,,,197號二十五樓,121.384354926658,25.0466844938622
桃園市龜山區文樂里8鄰樂善二路197號二十六樓,68,6800700,6800700-000,8鄰,樂善二路,,,,,,197號二十六樓,121.384354926658,25.0466844938622
桃園市龜山區文樂里8鄰樂善二路197號二十七樓,68,6800700,6800700-000,8鄰,樂善二路,,,,,,197號二十七樓,121.384354926658,25.0466844938622
桃園市龜山區文樂里8鄰樂善二路197號二十八樓,68,6800700,6800700-000,8鄰,樂善二路,,,,,,197號二十八樓,121.384354926658,25.0466844938622
桃園市龜山區文樂里8鄰樂善二路199號,68,6800700,6800700-000,8鄰,樂善二路,,,,,,199號,121.384417137226,25.0466757561133
桃園市龜山區文樂里8鄰樂善二路199號十樓,68,6800700,6800700-000,8鄰,樂善二路,,,,,,199號十樓,121.384417137226,25.0466757561133
桃園市龜山區文樂里8鄰樂善二路199號三樓,68,6800700,6800700-000,8鄰,樂善二路,,,,,,199號三樓,121.384417137226,25.0466757561133
桃園市龜山區文樂里8鄰樂善二路199號四樓,68,6800700,6800700-000,8鄰,樂善二路,,,,,,199號四樓,121.384417137226,25.0466757561133
桃園市龜山區文樂里8鄰樂善二路199號五樓,68,6800700,6800700-000,8鄰,樂善二路,,,,,,199號五樓,121.384417137226,25.0466757561133
桃園市龜山區文樂里8鄰樂善二路199號六樓,68,6800700,6800700-000,8鄰,樂善二路,,,,,,199號六樓,121.384417137226,25.0466757561133
桃園市龜山區文樂里8鄰樂善二路199號七樓,68,6800700,6800700-000,8鄰,樂善二路,,,,,,199號七樓,121.384417137226,25.0466757561133
桃園市龜山區文樂里8鄰樂善二路199號八樓,68,6800700,6800700-000,8鄰,樂善二路,,,,,,199號八樓,121.384417137226,25.0466757561133
桃園市龜山區文樂里8鄰樂善二路199號九樓,68,6800700,6800700-000,8鄰,樂善二路,,,,,,199號九樓,121.384417137226,25.0466757561133
桃園市龜山區文樂里8鄰樂善二路199號十一樓,68,6800700,6800700-000,8鄰,樂善二路,,,,,,199號十一樓,121.384417137226,25.0466757561133
桃園市龜山區文樂里8鄰樂善二路199號十二樓,68,6800700,6800700-000,8鄰,樂善二路,,,,,,199號十二樓,121.384417137226,25.0466757561133
桃園市龜山區文樂里8鄰樂善二路199號十三樓,68,6800700,6800700-000,8鄰,樂善二路,,,,,,199號十三樓,121.384417137226,25.0466757561133
桃園市龜山區文樂里8鄰樂善二路199號十四樓,68,6800700,6800700-000,8鄰,樂善二路,,,,,,199號十四樓,121.384417137226,25.0466757561133
桃園市龜山區文樂里8鄰樂善二路199號十五樓,68,6800700,6800700-000,8鄰,樂善二路,,,,,,199號十五樓,121.384417137226,25.0466757561133
桃園市龜山區文樂里8鄰樂善二路199號十六樓,68,6800700,6800700-000,8鄰,樂善二路,,,,,,199號十六樓,121.384417137226,25.0466757561133
桃園市龜山區文樂里8鄰樂善二路199號十七樓,68,6800700,6800700-000,8鄰,樂善二路,,,,,,199號十七樓,121.384417137226,25.0466757561133
桃園市龜山區文樂里8鄰樂善二路199號十八樓,68,6800700,6800700-000,8鄰,樂善二路,,,,,,199號十八樓,121.384417137226,25.0466757561133
桃園市龜山區文樂里8鄰樂善二路199號十九樓,68,6800700,6800700-000,8鄰,樂善二路,,,,,,199號十九樓,121.384417137226,25.0466757561133
桃園市龜山區文樂里8鄰樂善二路199號二十樓,68,6800700,6800700-000,8鄰,樂善二路,,,,,,199號二十樓,121.384417137226,25.0466757561133
桃園市龜山區文樂里8鄰樂善二路199號二十一樓,68,6800700,6800700-000,8鄰,樂善二路,,,,,,199號二十一樓,121.384417137226,25.0466757561133
桃園市龜山區文樂里8鄰樂善二路199號二十二樓,68,6800700,6800700-000,8鄰,樂善二路,,,,,,199號二十二樓,121.384417137226,25.0466757561133
桃園市龜山區文樂里8鄰樂善二路199號二十三樓,68,6800700,6800700-000,8鄰,樂善二路,,,,,,199號二十三樓,121.384417137226,25.0466757561133
桃園市龜山區文樂里8鄰樂善二路199號二十四樓,68,6800700,6800700-000,8鄰,樂善二路,,,,,,199號二十四樓,121.384417137226,25.0466757561133
桃園市龜山區文樂里8鄰樂善二路199號二十五樓,68,6800700,6800700-000,8鄰,樂善二路,,,,,,199號二十五樓,121.384417137226,25.0466757561133
桃園市龜山區文樂里8鄰樂善二路199號二十六樓,68,6800700,6800700-000,8鄰,樂善二路,,,,,,199號二十六樓,121.384417137226,25.0466757561133
桃園市龜山區文樂里8鄰樂善二路199號二十七樓,68,6800700,6800700-000,8鄰,樂善二路,,,,,,199號二十七樓,121.384417137226,25.0466757561133
桃園市龜山區文樂里8鄰樂善二路199號二十八樓,68,6800700,6800700-000,8鄰,樂善二路,,,,,,199號二十八樓,121.384417137226,25.0466757561133
桃園市龜山區文樂里8鄰樂善二路201號,68,6800700,6800700-000,8鄰,樂善二路,,,,,,201號,121.384475014239,25.0466756966208
桃園市龜山區文樂里8鄰樂善二路201號十樓,68,6800700,6800700-000,8鄰,樂善二路,,,,,,201號十樓,121.384475014239,25.0466756966208
桃園市龜山區文樂里8鄰樂善二路201號三樓,68,6800700,6800700-000,8鄰,樂善二路,,,,,,201號三樓,121.384475014239,25.0466756966208
桃園市龜山區文樂里8鄰樂善二路201號四樓,68,6800700,6800700-000,8鄰,樂善二路,,,,,,201號四樓,121.384475014239,25.0466756966208
桃園市龜山區文樂里8鄰樂善二路201號五樓,68,6800700,6800700-000,8鄰,樂善二路,,,,,,201號五樓,121.384475014239,25.0466756966208
桃園市龜山區文樂里8鄰樂善二路201號六樓,68,6800700,6800700-000,8鄰,樂善二路,,,,,,201號六樓,121.384475014239,25.0466756966208
桃園市龜山區文樂里8鄰樂善二路201號七樓,68,6800700,6800700-000,8鄰,樂善二路,,,,,,201號七樓,121.384475014239,25.0466756966208
桃園市龜山區文樂里8鄰樂善二路201號八樓,68,6800700,6800700-000,8鄰,樂善二路,,,,,,201號八樓,121.384475014239,25.0466756966208
桃園市龜山區文樂里8鄰樂善二路201號九樓,68,6800700,6800700-000,8鄰,樂善二路,,,,,,201號九樓,121.384475014239,25.0466756966208
桃園市龜山區文樂里8鄰樂善二路201號十一樓,68,6800700,6800700-000,8鄰,樂善二路,,,,,,201號十一樓,121.384475014239,25.0466756966208
桃園市龜山區文樂里8鄰樂善二路201號十二樓,68,6800700,6800700-000,8鄰,樂善二路,,,,,,201號十二樓,121.384475014239,25.0466756966208
桃園市龜山區文樂里8鄰樂善二路201號十三樓,68,6800700,6800700-000,8鄰,樂善二路,,,,,,201號十三樓,121.384475014239,25.0466756966208
桃園市龜山區文樂里8鄰樂善二路201號十四樓,68,6800700,6800700-000,8鄰,樂善二路,,,,,,201號十四樓,121.384475014239,25.0466756966208
桃園市龜山區文樂里8鄰樂善二路201號十五樓,68,6800700,6800700-000,8鄰,樂善二路,,,,,,201號十五樓,121.384475014239,25.0466756966208
桃園市龜山區文樂里8鄰樂善二路201號十六樓,68,6800700,6800700-000,8鄰,樂善二路,,,,,,201號十六樓,121.384475014239,25.0466756966208
桃園市龜山區文樂里8鄰樂善二路201號十七樓,68,6800700,6800700-000,8鄰,樂善二路,,,,,,201號十七樓,121.384475014239,25.0466756966208
桃園市龜山區文樂里8鄰樂善二路201號十八樓,68,6800700,6800700-000,8鄰,樂善二路,,,,,,201號十八樓,121.384475014239,25.0466756966208
桃園市龜山區文樂里8鄰樂善二路201號十九樓,68,6800700,6800700-000,8鄰,樂善二路,,,,,,201號十九樓,121.384475014239,25.0466756966208
桃園市龜山區文樂里8鄰樂善二路201號二十樓,68,6800700,6800700-000,8鄰,樂善二路,,,,,,201號二十樓,121.384475014239,25.0466756966208
桃園市龜山區文樂里8鄰樂善二路201號二十一樓,68,6800700,6800700-000,8鄰,樂善二路,,,,,,201號二十一樓,121.384475014239,25.0466756966208
桃園市龜山區文樂里8鄰樂善二路201號二十二樓,68,6800700,6800700-000,8鄰,樂善二路,,,,,,201號二十二樓,121.384475014239,25.0466756966208
桃園市龜山區文樂里8鄰樂善二路201號二十三樓,68,6800700,6800700-000,8鄰,樂善二路,,,,,,201號二十三樓,121.384475014239,25.0466756966208
桃園市龜山區文樂里8鄰樂善二路201號二十四樓,68,6800700,6800700-000,8鄰,樂善二路,,,,,,201號二十四樓,121.384475014239,25.0466756966208
桃園市龜山區文樂里8鄰樂善二路201號二十五樓,68,6800700,6800700-000,8鄰,樂善二路,,,,,,201號二十五樓,121.384475014239,25.0466756966208
桃園市龜山區文樂里8鄰樂善二路201號二十六樓,68,6800700,6800700-000,8鄰,樂善二路,,,,,,201號二十六樓,121.384475014239,25.0466756966208
桃園市龜山區文樂里8鄰樂善二路201號二十七樓,68,6800700,6800700-000,8鄰,樂善二路,,,,,,201號二十七樓,121.384475014239,25.0466756966208
桃園市龜山區文樂里8鄰樂善二路201號二十八樓,68,6800700,6800700-000,8鄰,樂善二路,,,,,,201號二十八樓,121.384475014239,25.0466756966208
桃園市龜山區文樂里7鄰樂善二路203號,68,6800700,6800700-000,7鄰,樂善二路,,,,,,203號,121.384539420287,25.046671828364
桃園市龜山區文樂里7鄰樂善二路203號十樓,68,6800700,6800700-000,7鄰,樂善二路,,,,,,203號十樓,121.384539420287,25.046671828364
桃園市龜山區文樂里7鄰樂善二路203號三樓,68,6800700,6800700-000,7鄰,樂善二路,,,,,,203號三樓,121.384539420287,25.046671828364
桃園市龜山區文樂里7鄰樂善二路203號四樓,68,6800700,6800700-000,7鄰,樂善二路,,,,,,203號四樓,121.384539420287,25.046671828364
桃園市龜山區文樂里7鄰樂善二路203號五樓,68,6800700,6800700-000,7鄰,樂善二路,,,,,,203號五樓,121.384539420287,25.046671828364
桃園市龜山區文樂里7鄰樂善二路203號六樓,68,6800700,6800700-000,7鄰,樂善二路,,,,,,203號六樓,121.384539420287,25.046671828364
桃園市龜山區文樂里7鄰樂善二路203號七樓,68,6800700,6800700-000,7鄰,樂善二路,,,,,,203號七樓,121.384539420287,25.046671828364
桃園市龜山區文樂里7鄰樂善二路203號八樓,68,6800700,6800700-000,7鄰,樂善二路,,,,,,203號八樓,121.384539420287,25.046671828364
桃園市龜山區文樂里7鄰樂善二路203號九樓,68,6800700,6800700-000,7鄰,樂善二路,,,,,,203號九樓,121.384539420287,25.046671828364
桃園市龜山區文樂里7鄰樂善二路203號十一樓,68,6800700,6800700-000,7鄰,樂善二路,,,,,,203號十一樓,121.384539420287,25.046671828364
桃園市龜山區文樂里7鄰樂善二路203號十二樓,68,6800700,6800700-000,7鄰,樂善二路,,,,,,203號十二樓,121.384539420287,25.046671828364
桃園市龜山區文樂里7鄰樂善二路203號十三樓,68,6800700,6800700-000,7鄰,樂善二路,,,,,,203號十三樓,121.384539420287,25.046671828364
桃園市龜山區文樂里7鄰樂善二路203號十四樓,68,6800700,6800700-000,7鄰,樂善二路,,,,,,203號十四樓,121.384539420287,25.046671828364
桃園市龜山區文樂里7鄰樂善二路203號十五樓,68,6800700,6800700-000,7鄰,樂善二路,,,,,,203號十五樓,121.384539420287,25.046671828364
桃園市龜山區文樂里7鄰樂善二路203號十六樓,68,6800700,6800700-000,7鄰,樂善二路,,,,,,203號十六樓,121.384539420287,25.046671828364
桃園市龜山區文樂里7鄰樂善二路203號十七樓,68,6800700,6800700-000,7鄰,樂善二路,,,,,,203號十七樓,121.384539420287,25.046671828364
桃園市龜山區文樂里7鄰樂善二路203號十八樓,68,6800700,6800700-000,7鄰,樂善二路,,,,,,203號十八樓,121.384539420287,25.046671828364
桃園市龜山區文樂里7鄰樂善二路203號十九樓,68,6800700,6800700-000,7鄰,樂善二路,,,,,,203號十九樓,121.384539420287,25.046671828364
桃園市龜山區文樂里7鄰樂善二路203號二十樓,68,6800700,6800700-000,7鄰,樂善二路,,,,,,203號二十樓,121.384539420287,25.046671828364
桃園市龜山區文樂里7鄰樂善二路203號二十一樓,68,6800700,6800700-000,7鄰,樂善二路,,,,,,203號二十一樓,121.384539420287,25.046671828364
桃園市龜山區文樂里7鄰樂善二路203號二十二樓,68,6800700,6800700-000,7鄰,樂善二路,,,,,,203號二十二樓,121.384539420287,25.046671828364
桃園市龜山區文樂里7鄰樂善二路203號二十三樓,68,6800700,6800700-000,7鄰,樂善二路,,,,,,203號二十三樓,121.384539420287,25.046671828364
桃園市龜山區文樂里7鄰樂善二路203號二十四樓,68,6800700,6800700-000,7鄰,樂善二路,,,,,,203號二十四樓,121.384539420287,25.046671828364
桃園市龜山區文樂里7鄰樂善二路203號二十五樓,68,6800700,6800700-000,7鄰,樂善二路,,,,,,203號二十五樓,121.384539420287,25.046671828364
桃園市龜山區文樂里7鄰樂善二路203號二十六樓,68,6800700,6800700-000,7鄰,樂善二路,,,,,,203號二十六樓,121.384539420287,25.046671828364
桃園市龜山區文樂里7鄰樂善二路203號二十七樓,68,6800700,6800700-000,7鄰,樂善二路,,,,,,203號二十七樓,121.384539420287,25.046671828364
桃園市龜山區文樂里7鄰樂善二路203號二十八樓,68,6800700,6800700-000,7鄰,樂善二路,,,,,,203號二十八樓,121.384539420287,25.046671828364
桃園市龜山區文樂里7鄰樂善二路205號,68,6800700,6800700-000,7鄰,樂善二路,,,,,,205號,121.384605994508,25.0466640723426
桃園市龜山區文樂里7鄰樂善二路205號十樓,68,6800700,6800700-000,7鄰,樂善二路,,,,,,205號十樓,121.384605994508,25.0466640723426
桃園市龜山區文樂里7鄰樂善二路205號三樓,68,6800700,6800700-000,7鄰,樂善二路,,,,,,205號三樓,121.384605994508,25.0466640723426
桃園市龜山區文樂里7鄰樂善二路205號四樓,68,6800700,6800700-000,7鄰,樂善二路,,,,,,205號四樓,121.384605994508,25.0466640723426
桃園市龜山區文樂里7鄰樂善二路205號五樓,68,6800700,6800700-000,7鄰,樂善二路,,,,,,205號五樓,121.384605994508,25.0466640723426
桃園市龜山區文樂里7鄰樂善二路205號六樓,68,6800700,6800700-000,7鄰,樂善二路,,,,,,205號六樓,121.384605994508,25.0466640723426
桃園市龜山區文樂里7鄰樂善二路205號七樓,68,6800700,6800700-000,7鄰,樂善二路,,,,,,205號七樓,121.384605994508,25.0466640723426
桃園市龜山區文樂里7鄰樂善二路205號八樓,68,6800700,6800700-000,7鄰,樂善二路,,,,,,205號八樓,121.384605994508,25.0466640723426
桃園市龜山區文樂里7鄰樂善二路205號九樓,68,6800700,6800700-000,7鄰,樂善二路,,,,,,205號九樓,121.384605994508,25.0466640723426
桃園市龜山區文樂里7鄰樂善二路205號十一樓,68,6800700,6800700-000,7鄰,樂善二路,,,,,,205號十一樓,121.384605994508,25.0466640723426
桃園市龜山區文樂里7鄰樂善二路205號十二樓,68,6800700,6800700-000,7鄰,樂善二路,,,,,,205號十二樓,121.384605994508,25.0466640723426
桃園市龜山區文樂里7鄰樂善二路205號十三樓,68,6800700,6800700-000,7鄰,樂善二路,,,,,,205號十三樓,121.384605994508,25.0466640723426
桃園市龜山區文樂里7鄰樂善二路205號十四樓,68,6800700,6800700-000,7鄰,樂善二路,,,,,,205號十四樓,121.384605994508,25.0466640723426
桃園市龜山區文樂里7鄰樂善二路205號十五樓,68,6800700,6800700-000,7鄰,樂善二路,,,,,,205號十五樓,121.384605994508,25.0466640723426
桃園市龜山區文樂里7鄰樂善二路205號十六樓,68,6800700,6800700-000,7鄰,樂善二路,,,,,,205號十六樓,121.384605994508,25.0466640723426
桃園市龜山區文樂里7鄰樂善二路205號十七樓,68,6800700,6800700-000,7鄰,樂善二路,,,,,,205號十七樓,121.384605994508,25.0466640723426
桃園市龜山區文樂里7鄰樂善二路205號十八樓,68,6800700,6800700-000,7鄰,樂善二路,,,,,,205號十八樓,121.384605994508,25.0466640723426
桃園市龜山區文樂里7鄰樂善二路205號十九樓,68,6800700,6800700-000,7鄰,樂善二路,,,,,,205號十九樓,121.384605994508,25.0466640723426
桃園市龜山區文樂里7鄰樂善二路205號二十樓,68,6800700,6800700-000,7鄰,樂善二路,,,,,,205號二十樓,121.384605994508,25.0466640723426
桃園市龜山區文樂里7鄰樂善二路205號二十一樓,68,6800700,6800700-000,7鄰,樂善二路,,,,,,205號二十一樓,121.384605994508,25.0466640723426
桃園市龜山區文樂里7鄰樂善二路205號二十二樓,68,6800700,6800700-000,7鄰,樂善二路,,,,,,205號二十二樓,121.384605994508,25.0466640723426
桃園市龜山區文樂里7鄰樂善二路205號二十三樓,68,6800700,6800700-000,7鄰,樂善二路,,,,,,205號二十三樓,121.384605994508,25.0466640723426
桃園市龜山區文樂里7鄰樂善二路205號二十四樓,68,6800700,6800700-000,7鄰,樂善二路,,,,,,205號二十四樓,121.384605994508,25.0466640723426
桃園市龜山區文樂里7鄰樂善二路205號二十五樓,68,6800700,6800700-000,7鄰,樂善二路,,,,,,205號二十五樓,121.384605994508,25.0466640723426
桃園市龜山區文樂里7鄰樂善二路205號二十六樓,68,6800700,6800700-000,7鄰,樂善二路,,,,,,205號二十六樓,121.384605994508,25.0466640723426
桃園市龜山區文樂里7鄰樂善二路205號二十七樓,68,6800700,6800700-000,7鄰,樂善二路,,,,,,205號二十七樓,121.384605994508,25.0466640723426
桃園市龜山區文樂里7鄰樂善二路205號二十八樓,68,6800700,6800700-000,7鄰,樂善二路,,,,,,205號二十八樓,121.384605994508,25.0466640723426
桃園市龜山區文樂里7鄰樂善二路207號,68,6800700,6800700-000,7鄰,樂善二路,,,,,,207號,121.384775508161,25.0466465701073
桃園市龜山區文樂里7鄰樂善二路207號十樓,68,6800700,6800700-000,7鄰,樂善二路,,,,,,207號十樓,121.384775508161,25.0466465701073
桃園市龜山區文樂里7鄰樂善二路207號三樓,68,6800700,6800700-000,7鄰,樂善二路,,,,,,207號三樓,121.384775508161,25.0466465701073
桃園市龜山區文樂里7鄰樂善二路207號四樓,68,6800700,6800700-000,7鄰,樂善二路,,,,,,207號四樓,121.384775508161,25.0466465701073
桃園市龜山區文樂里7鄰樂善二路207號五樓,68,6800700,6800700-000,7鄰,樂善二路,,,,,,207號五樓,121.384775508161,25.0466465701073
桃園市龜山區文樂里7鄰樂善二路207號六樓,68,6800700,6800700-000,7鄰,樂善二路,,,,,,207號六樓,121.384775508161,25.0466465701073
桃園市龜山區文樂里7鄰樂善二路207號七樓,68,6800700,6800700-000,7鄰,樂善二路,,,,,,207號七樓,121.384775508161,25.0466465701073
桃園市龜山區文樂里7鄰樂善二路207號八樓,68,6800700,6800700-000,7鄰,樂善二路,,,,,,207號八樓,121.384775508161,25.0466465701073
桃園市龜山區文樂里7鄰樂善二路207號九樓,68,6800700,6800700-000,7鄰,樂善二路,,,,,,207號九樓,121.384775508161,25.0466465701073
桃園市龜山區文樂里7鄰樂善二路207號十一樓,68,6800700,6800700-000,7鄰,樂善二路,,,,,,207號十一樓,121.384775508161,25.0466465701073
桃園市龜山區文樂里7鄰樂善二路207號十二樓,68,6800700,6800700-000,7鄰,樂善二路,,,,,,207號十二樓,121.384775508161,25.0466465701073
桃園市龜山區文樂里7鄰樂善二路207號十三樓,68,6800700,6800700-000,7鄰,樂善二路,,,,,,207號十三樓,121.384775508161,25.0466465701073
桃園市龜山區文樂里7鄰樂善二路207號十四樓,68,6800700,6800700-000,7鄰,樂善二路,,,,,,207號十四樓,121.384775508161,25.0466465701073
桃園市龜山區文樂里7鄰樂善二路207號十五樓,68,6800700,6800700-000,7鄰,樂善二路,,,,,,207號十五樓,121.384775508161,25.0466465701073
桃園市龜山區文樂里7鄰樂善二路207號十六樓,68,6800700,6800700-000,7鄰,樂善二路,,,,,,207號十六樓,121.384775508161,25.0466465701073
桃園市龜山區文樂里7鄰樂善二路207號十七樓,68,6800700,6800700-000,7鄰,樂善二路,,,,,,207號十七樓,121.384775508161,25.0466465701073
桃園市龜山區文樂里7鄰樂善二路207號十八樓,68,6800700,6800700-000,7鄰,樂善二路,,,,,,207號十八樓,121.384775508161,25.0466465701073
桃園市龜山區文樂里7鄰樂善二路207號十九樓,68,6800700,6800700-000,7鄰,樂善二路,,,,,,207號十九樓,121.384775508161,25.0466465701073
桃園市龜山區文樂里7鄰樂善二路207號二十樓,68,6800700,6800700-000,7鄰,樂善二路,,,,,,207號二十樓,121.384775508161,25.0466465701073
桃園市龜山區文樂里7鄰樂善二路207號二十一樓,68,6800700,6800700-000,7鄰,樂善二路,,,,,,207號二十一樓,121.384775508161,25.0466465701073
桃園市龜山區文樂里7鄰樂善二路207號二十二樓,68,6800700,6800700-000,7鄰,樂善二路,,,,,,207號二十二樓,121.384775508161,25.0466465701073
桃園市龜山區文樂里7鄰樂善二路207號二十三樓,68,6800700,6800700-000,7鄰,樂善二路,,,,,,207號二十三樓,121.384775508161,25.0466465701073
桃園市龜山區文樂里7鄰樂善二路207號二十四樓,68,6800700,6800700-000,7鄰,樂善二路,,,,,,207號二十四樓,121.384775508161,25.0466465701073
桃園市龜山區文樂里7鄰樂善二路207號二十五樓,68,6800700,6800700-000,7鄰,樂善二路,,,,,,207號二十五樓,121.384775508161,25.0466465701073
桃園市龜山區文樂里7鄰樂善二路207號二十六樓,68,6800700,6800700-000,7鄰,樂善二路,,,,,,207號二十六樓,121.384775508161,25.0466465701073
桃園市龜山區文樂里7鄰樂善二路207號二十七樓,68,6800700,6800700-000,7鄰,樂善二路,,,,,,207號二十七樓,121.384775508161,25.0466465701073
桃園市龜山區文樂里7鄰樂善二路207號二十八樓,68,6800700,6800700-000,7鄰,樂善二路,,,,,,207號二十八樓,121.384775508161,25.0466465701073
桃園市龜山區文樂里7鄰樂善二路209號,68,6800700,6800700-000,7鄰,樂善二路,,,,,,209號,121.384833373321,25.0466427186643
桃園市龜山區文樂里7鄰樂善二路209號十樓,68,6800700,6800700-000,7鄰,樂善二路,,,,,,209號十樓,121.384833373321,25.0466427186643
桃園市龜山區文樂里7鄰樂善二路209號三樓,68,6800700,6800700-000,7鄰,樂善二路,,,,,,209號三樓,121.384833373321,25.0466427186643
桃園市龜山區文樂里7鄰樂善二路209號四樓,68,6800700,6800700-000,7鄰,樂善二路,,,,,,209號四樓,121.384833373321,25.0466427186643
桃園市龜山區文樂里7鄰樂善二路209號五樓,68,6800700,6800700-000,7鄰,樂善二路,,,,,,209號五樓,121.384833373321,25.0466427186643
桃園市龜山區文樂里7鄰樂善二路209號六樓,68,6800700,6800700-000,7鄰,樂善二路,,,,,,209號六樓,121.384833373321,25.0466427186643
桃園市龜山區文樂里7鄰樂善二路209號七樓,68,6800700,6800700-000,7鄰,樂善二路,,,,,,209號七樓,121.384833373321,25.0466427186643
桃園市龜山區文樂里7鄰樂善二路209號八樓,68,6800700,6800700-000,7鄰,樂善二路,,,,,,209號八樓,121.384833373321,25.0466427186643
桃園市龜山區文樂里7鄰樂善二路209號九樓,68,6800700,6800700-000,7鄰,樂善二路,,,,,,209號九樓,121.384833373321,25.0466427186643
桃園市龜山區文樂里7鄰樂善二路209號十一樓,68,6800700,6800700-000,7鄰,樂善二路,,,,,,209號十一樓,121.384833373321,25.0466427186643
桃園市龜山區文樂里7鄰樂善二路209號十二樓,68,6800700,6800700-000,7鄰,樂善二路,,,,,,209號十二樓,121.384833373321,25.0466427186643
桃園市龜山區文樂里7鄰樂善二路209號十三樓,68,6800700,6800700-000,7鄰,樂善二路,,,,,,209號十三樓,121.384833373321,25.0466427186643
桃園市龜山區文樂里7鄰樂善二路209號十四樓,68,6800700,6800700-000,7鄰,樂善二路,,,,,,209號十四樓,121.384833373321,25.0466427186643
桃園市龜山區文樂里7鄰樂善二路209號十五樓,68,6800700,6800700-000,7鄰,樂善二路,,,,,,209號十五樓,121.384833373321,25.0466427186643
桃園市龜山區文樂里7鄰樂善二路209號十六樓,68,6800700,6800700-000,7鄰,樂善二路,,,,,,209號十六樓,121.384833373321,25.0466427186643
桃園市龜山區文樂里7鄰樂善二路209號十七樓,68,6800700,6800700-000,7鄰,樂善二路,,,,,,209號十七樓,121.384833373321,25.0466427186643
桃園市龜山區文樂里7鄰樂善二路209號十八樓,68,6800700,6800700-000,7鄰,樂善二路,,,,,,209號十八樓,121.384833373321,25.0466427186643
桃園市龜山區文樂里7鄰樂善二路209號十九樓,68,6800700,6800700-000,7鄰,樂善二路,,,,,,209號十九樓,121.384833373321,25.0466427186643
桃園市龜山區文樂里7鄰樂善二路209號二十樓,68,6800700,6800700-000,7鄰,樂善二路,,,,,,209號二十樓,121.384833373321,25.0466427186643
桃園市龜山區文樂里7鄰樂善二路209號二十一樓,68,6800700,6800700-000,7鄰,樂善二路,,,,,,209號二十一樓,121.384833373321,25.0466427186643
桃園市龜山區文樂里7鄰樂善二路209號二十二樓,68,6800700,6800700-000,7鄰,樂善二路,,,,,,209號二十二樓,121.384833373321,25.0466427186643
桃園市龜山區文樂里7鄰樂善二路209號二十三樓,68,6800700,6800700-000,7鄰,樂善二路,,,,,,209號二十三樓,121.384833373321,25.0466427186643
桃園市龜山區文樂里7鄰樂善二路209號二十四樓,68,6800700,6800700-000,7鄰,樂善二路,,,,,,209號二十四樓,121.384833373321,25.0466427186643
桃園市龜山區文樂里7鄰樂善二路209號二十五樓,68,6800700,6800700-000,7鄰,樂善二路,,,,,,209號二十五樓,121.384833373321,25.0466427186643
桃園市龜山區文樂里7鄰樂善二路209號二十六樓,68,6800700,6800700-000,7鄰,樂善二路,,,,,,209號二十六樓,121.384833373321,25.0466427186643
桃園市龜山區文樂里7鄰樂善二路209號二十七樓,68,6800700,6800700-000,7鄰,樂善二路,,,,,,209號二十七樓,121.384833373321,25.0466427186643
桃園市龜山區文樂里7鄰樂善二路209號二十八樓,68,6800700,6800700-000,7鄰,樂善二路,,,,,,209號二十八樓,121.384833373321,25.0466427186643
桃園市龜山區文樂里7鄰樂善二路211號,68,6800700,6800700-000,7鄰,樂善二路,,,,,,211號,121.3848913373,25.0466387766607
桃園市龜山區文樂里7鄰樂善二路211號十樓,68,6800700,6800700-000,7鄰,樂善二路,,,,,,211號十樓,121.3848913373,25.0466387766607
桃園市龜山區文樂里7鄰樂善二路211號三樓,68,6800700,6800700-000,7鄰,樂善二路,,,,,,211號三樓,121.3848913373,25.0466387766607
桃園市龜山區文樂里7鄰樂善二路211號四樓,68,6800700,6800700-000,7鄰,樂善二路,,,,,,211號四樓,121.3848913373,25.0466387766607
桃園市龜山區文樂里7鄰樂善二路211號五樓,68,6800700,6800700-000,7鄰,樂善二路,,,,,,211號五樓,121.3848913373,25.0466387766607
桃園市龜山區文樂里7鄰樂善二路211號六樓,68,6800700,6800700-000,7鄰,樂善二路,,,,,,211號六樓,121.3848913373,25.0466387766607
桃園市龜山區文樂里7鄰樂善二路211號七樓,68,6800700,6800700-000,7鄰,樂善二路,,,,,,211號七樓,121.3848913373,25.0466387766607
桃園市龜山區文樂里7鄰樂善二路211號八樓,68,6800700,6800700-000,7鄰,樂善二路,,,,,,211號八樓,121.3848913373,25.0466387766607
桃園市龜山區文樂里7鄰樂善二路211號九樓,68,6800700,6800700-000,7鄰,樂善二路,,,,,,211號九樓,121.3848913373,25.0466387766607
桃園市龜山區文樂里7鄰樂善二路211號十一樓,68,6800700,6800700-000,7鄰,樂善二路,,,,,,211號十一樓,121.3848913373,25.0466387766607
桃園市龜山區文樂里7鄰樂善二路211號十二樓,68,6800700,6800700-000,7鄰,樂善二路,,,,,,211號十二樓,121.3848913373,25.0466387766607
桃園市龜山區文樂里7鄰樂善二路211號十三樓,68,6800700,6800700-000,7鄰,樂善二路,,,,,,211號十三樓,121.3848913373,25.0466387766607
桃園市龜山區文樂里7鄰樂善二路211號十四樓,68,6800700,6800700-000,7鄰,樂善二路,,,,,,211號十四樓,121.3848913373,25.0466387766607
桃園市龜山區文樂里7鄰樂善二路211號十五樓,68,6800700,6800700-000,7鄰,樂善二路,,,,,,211號十五樓,121.3848913373,25.0466387766607
桃園市龜山區文樂里7鄰樂善二路211號十六樓,68,6800700,6800700-000,7鄰,樂善二路,,,,,,211號十六樓,121.3848913373,25.0466387766607
桃園市龜山區文樂里7鄰樂善二路211號十七樓,68,6800700,6800700-000,7鄰,樂善二路,,,,,,211號十七樓,121.3848913373,25.0466387766607
桃園市龜山區文樂里7鄰樂善二路211號十八樓,68,6800700,6800700-000,7鄰,樂善二路,,,,,,211號十八樓,121.3848913373,25.0466387766607
桃園市龜山區文樂里7鄰樂善二路211號十九樓,68,6800700,6800700-000,7鄰,樂善二路,,,,,,211號十九樓,121.3848913373,25.0466387766607
桃園市龜山區文樂里7鄰樂善二路211號二十樓,68,6800700,6800700-000,7鄰,樂善二路,,,,,,211號二十樓,121.3848913373,25.0466387766607
桃園市龜山區文樂里7鄰樂善二路211號二十一樓,68,6800700,6800700-000,7鄰,樂善二路,,,,,,211號二十一樓,121.3848913373,25.0466387766607
桃園市龜山區文樂里7鄰樂善二路211號二十二樓,68,6800700,6800700-000,7鄰,樂善二路,,,,,,211號二十二樓,121.3848913373,25.0466387766607
桃園市龜山區文樂里7鄰樂善二路211號二十三樓,68,6800700,6800700-000,7鄰,樂善二路,,,,,,211號二十三樓,121.3848913373,25.0466387766607
桃園市龜山區文樂里7鄰樂善二路211號二十四樓,68,6800700,6800700-000,7鄰,樂善二路,,,,,,211號二十四樓,121.3848913373,25.0466387766607
桃園市龜山區文樂里7鄰樂善二路211號二十五樓,68,6800700,6800700-000,7鄰,樂善二路,,,,,,211號二十五樓,121.3848913373,25.0466387766607
桃園市龜山區文樂里7鄰樂善二路211號二十六樓,68,6800700,6800700-000,7鄰,樂善二路,,,,,,211號二十六樓,121.3848913373,25.0466387766607
桃園市龜山區文樂里7鄰樂善二路211號二十七樓,68,6800700,6800700-000,7鄰,樂善二路,,,,,,211號二十七樓,121.3848913373,25.0466387766607
桃園市龜山區文樂里7鄰樂善二路211號二十八樓,68,6800700,6800700-000,7鄰,樂善二路,,,,,,211號二十八樓,121.3848913373,25.0466387766607
桃園市龜山區文樂里7鄰樂善二路213號,68,6800700,6800700-000,7鄰,樂善二路,,,,,,213號,121.384960010985,25.0466368833681
桃園市龜山區文樂里7鄰樂善二路213號十樓,68,6800700,6800700-000,7鄰,樂善二路,,,,,,213號十樓,121.384960010985,25.0466368833681
桃園市龜山區文樂里7鄰樂善二路213號三樓,68,6800700,6800700-000,7鄰,樂善二路,,,,,,213號三樓,121.384960010985,25.0466368833681
桃園市龜山區文樂里7鄰樂善二路213號四樓,68,6800700,6800700-000,7鄰,樂善二路,,,,,,213號四樓,121.384960010985,25.0466368833681
桃園市龜山區文樂里7鄰樂善二路213號五樓,68,6800700,6800700-000,7鄰,樂善二路,,,,,,213號五樓,121.384960010985,25.0466368833681
桃園市龜山區文樂里7鄰樂善二路213號六樓,68,6800700,6800700-000,7鄰,樂善二路,,,,,,213號六樓,121.384960010985,25.0466368833681
桃園市龜山區文樂里7鄰樂善二路213號七樓,68,6800700,6800700-000,7鄰,樂善二路,,,,,,213號七樓,121.384960010985,25.0466368833681
桃園市龜山區文樂里7鄰樂善二路213號八樓,68,6800700,6800700-000,7鄰,樂善二路,,,,,,213號八樓,121.384960010985,25.0466368833681
桃園市龜山區文樂里7鄰樂善二路213號九樓,68,6800700,6800700-000,7鄰,樂善二路,,,,,,213號九樓,121.384960010985,25.0466368833681
桃園市龜山區文樂里7鄰樂善二路213號十一樓,68,6800700,6800700-000,7鄰,樂善二路,,,,,,213號十一樓,121.384960010985,25.0466368833681
桃園市龜山區文樂里7鄰樂善二路213號十二樓,68,6800700,6800700-000,7鄰,樂善二路,,,,,,213號十二樓,121.384960010985,25.0466368833681
桃園市龜山區文樂里7鄰樂善二路213號十三樓,68,6800700,6800700-000,7鄰,樂善二路,,,,,,213號十三樓,121.384960010985,25.0466368833681
桃園市龜山區文樂里7鄰樂善二路213號十四樓,68,6800700,6800700-000,7鄰,樂善二路,,,,,,213號十四樓,121.384960010985,25.0466368833681
桃園市龜山區文樂里7鄰樂善二路213號十五樓,68,6800700,6800700-000,7鄰,樂善二路,,,,,,213號十五樓,121.384960010985,25.0466368833681
桃園市龜山區文樂里7鄰樂善二路213號十六樓,68,6800700,6800700-000,7鄰,樂善二路,,,,,,213號十六樓,121.384960010985,25.0466368833681
桃園市龜山區文樂里7鄰樂善二路213號十七樓,68,6800700,6800700-000,7鄰,樂善二路,,,,,,213號十七樓,121.384960010985,25.0466368833681
桃園市龜山區文樂里7鄰樂善二路213號十八樓,68,6800700,6800700-000,7鄰,樂善二路,,,,,,213號十八樓,121.384960010985,25.0466368833681
桃園市龜山區文樂里7鄰樂善二路213號十九樓,68,6800700,6800700-000,7鄰,樂善二路,,,,,,213號十九樓,121.384960010985,25.0466368833681
桃園市龜山區文樂里7鄰樂善二路213號二十樓,68,6800700,6800700-000,7鄰,樂善二路,,,,,,213號二十樓,121.384960010985,25.0466368833681
桃園市龜山區文樂里7鄰樂善二路213號二十一樓,68,6800700,6800700-000,7鄰,樂善二路,,,,,,213號二十一樓,121.384960010985,25.0466368833681
桃園市龜山區文樂里7鄰樂善二路213號二十二樓,68,6800700,6800700-000,7鄰,樂善二路,,,,,,213號二十二樓,121.384960010985,25.0466368833681
桃園市龜山區文樂里7鄰樂善二路213號二十三樓,68,6800700,6800700-000,7鄰,樂善二路,,,,,,213號二十三樓,121.384960010985,25.0466368833681
桃園市龜山區文樂里7鄰樂善二路213號二十四樓,68,6800700,6800700-000,7鄰,樂善二路,,,,,,213號二十四樓,121.384960010985,25.0466368833681
桃園市龜山區文樂里7鄰樂善二路213號二十五樓,68,6800700,6800700-000,7鄰,樂善二路,,,,,,213號二十五樓,121.384960010985,25.0466368833681
桃園市龜山區文樂里7鄰樂善二路213號二十六樓,68,6800700,6800700-000,7鄰,樂善二路,,,,,,213號二十六樓,121.384960010985,25.0466368833681
桃園市龜山區文樂里7鄰樂善二路213號二十七樓,68,6800700,6800700-000,7鄰,樂善二路,,,,,,213號二十七樓,121.384960010985,25.0466368833681
桃園市龜山區文樂里7鄰樂善二路213號二十八樓,68,6800700,6800700-000,7鄰,樂善二路,,,,,,213號二十八樓,121.384960010985,25.0466368833681
桃園市龜山區文樂里7鄰樂善二路215號,68,6800700,6800700-000,7鄰,樂善二路,,,,,,215號,121.385028654216,25.0466252396726
桃園市龜山區文樂里7鄰樂善二路215號十樓,68,6800700,6800700-000,7鄰,樂善二路,,,,,,215號十樓,121.385028654216,25.0466252396726
桃園市龜山區文樂里7鄰樂善二路215號三樓,68,6800700,6800700-000,7鄰,樂善二路,,,,,,215號三樓,121.385028654216,25.0466252396726
桃園市龜山區文樂里7鄰樂善二路215號四樓,68,6800700,6800700-000,7鄰,樂善二路,,,,,,215號四樓,121.385028654216,25.0466252396726
桃園市龜山區文樂里7鄰樂善二路215號五樓,68,6800700,6800700-000,7鄰,樂善二路,,,,,,215號五樓,121.385028654216,25.0466252396726
桃園市龜山區文樂里7鄰樂善二路215號六樓,68,6800700,6800700-000,7鄰,樂善二路,,,,,,215號六樓,121.385028654216,25.0466252396726
桃園市龜山區文樂里7鄰樂善二路215號七樓,68,6800700,6800700-000,7鄰,樂善二路,,,,,,215號七樓,121.385028654216,25.0466252396726
桃園市龜山區文樂里7鄰樂善二路215號八樓,68,6800700,6800700-000,7鄰,樂善二路,,,,,,215號八樓,121.385028654216,25.0466252396726
桃園市龜山區文樂里7鄰樂善二路215號九樓,68,6800700,6800700-000,7鄰,樂善二路,,,,,,215號九樓,121.385028654216,25.0466252396726
桃園市龜山區文樂里7鄰樂善二路215號十一樓,68,6800700,6800700-000,7鄰,樂善二路,,,,,,215號十一樓,121.385028654216,25.0466252396726
桃園市龜山區文樂里7鄰樂善二路215號十二樓,68,6800700,6800700-000,7鄰,樂善二路,,,,,,215號十二樓,121.385028654216,25.0466252396726
桃園市龜山區文樂里7鄰樂善二路215號十三樓,68,6800700,6800700-000,7鄰,樂善二路,,,,,,215號十三樓,121.385028654216,25.0466252396726
桃園市龜山區文樂里7鄰樂善二路215號十四樓,68,6800700,6800700-000,7鄰,樂善二路,,,,,,215號十四樓,121.385028654216,25.0466252396726
桃園市龜山區文樂里7鄰樂善二路215號十五樓,68,6800700,6800700-000,7鄰,樂善二路,,,,,,215號十五樓,121.385028654216,25.0466252396726
桃園市龜山區文樂里7鄰樂善二路215號十六樓,68,6800700,6800700-000,7鄰,樂善二路,,,,,,215號十六樓,121.385028654216,25.0466252396726
桃園市龜山區文樂里7鄰樂善二路215號十七樓,68,6800700,6800700-000,7鄰,樂善二路,,,,,,215號十七樓,121.385028654216,25.0466252396726
桃園市龜山區文樂里7鄰樂善二路215號十八樓,68,6800700,6800700-000,7鄰,樂善二路,,,,,,215號十八樓,121.385028654216,25.0466252396726
桃園市龜山區文樂里7鄰樂善二路215號十九樓,68,6800700,6800700-000,7鄰,樂善二路,,,,,,215號十九樓,121.385028654216,25.0466252396726
桃園市龜山區文樂里7鄰樂善二路215號二十樓,68,6800700,6800700-000,7鄰,樂善二路,,,,,,215號二十樓,121.385028654216,25.0466252396726
桃園市龜山區文樂里7鄰樂善二路215號二十一樓,68,6800700,6800700-000,7鄰,樂善二路,,,,,,215號二十一樓,121.385028654216,25.0466252396726
桃園市龜山區文樂里7鄰樂善二路215號二十二樓,68,6800700,6800700-000,7鄰,樂善二路,,,,,,215號二十二樓,121.385028654216,25.0466252396726
桃園市龜山區文樂里7鄰樂善二路215號二十三樓,68,6800700,6800700-000,7鄰,樂善二路,,,,,,215號二十三樓,121.385028654216,25.0466252396726
桃園市龜山區文樂里7鄰樂善二路215號二十四樓,68,6800700,6800700-000,7鄰,樂善二路,,,,,,215號二十四樓,121.385028654216,25.0466252396726
桃園市龜山區文樂里7鄰樂善二路215號二十五樓,68,6800700,6800700-000,7鄰,樂善二路,,,,,,215號二十五樓,121.385028654216,25.0466252396726
桃園市龜山區文樂里7鄰樂善二路215號二十六樓,68,6800700,6800700-000,7鄰,樂善二路,,,,,,215號二十六樓,121.385028654216,25.0466252396726
桃園市龜山區文樂里7鄰樂善二路215號二十七樓,68,6800700,6800700-000,7鄰,樂善二路,,,,,,215號二十七樓,121.385028654216,25.0466252396726
桃園市龜山區文樂里7鄰樂善二路215號二十八樓,68,6800700,6800700-000,7鄰,樂善二路,,,,,,215號二十八樓,121.385028654216,25.0466252396726
桃園市龜山區文樂里7鄰樂善二路217號,68,6800700,6800700-000,7鄰,樂善二路,,,,,,217號,121.385095141118,25.0466212755004
桃園市龜山區文樂里7鄰樂善二路217號十樓,68,6800700,6800700-000,7鄰,樂善二路,,,,,,217號十樓,121.385095141118,25.0466212755004
桃園市龜山區文樂里7鄰樂善二路217號三樓,68,6800700,6800700-000,7鄰,樂善二路,,,,,,217號三樓,121.385095141118,25.0466212755004
桃園市龜山區文樂里7鄰樂善二路217號四樓,68,6800700,6800700-000,7鄰,樂善二路,,,,,,217號四樓,121.385095141118,25.0466212755004
桃園市龜山區文樂里7鄰樂善二路217號五樓,68,6800700,6800700-000,7鄰,樂善二路,,,,,,217號五樓,121.385095141118,25.0466212755004
桃園市龜山區文樂里7鄰樂善二路217號六樓,68,6800700,6800700-000,7鄰,樂善二路,,,,,,217號六樓,121.385095141118,25.0466212755004
桃園市龜山區文樂里7鄰樂善二路217號七樓,68,6800700,6800700-000,7鄰,樂善二路,,,,,,217號七樓,121.385095141118,25.0466212755004
桃園市龜山區文樂里7鄰樂善二路217號八樓,68,6800700,6800700-000,7鄰,樂善二路,,,,,,217號八樓,121.385095141118,25.0466212755004
桃園市龜山區文樂里7鄰樂善二路217號九樓,68,6800700,6800700-000,7鄰,樂善二路,,,,,,217號九樓,121.385095141118,25.0466212755004
桃園市龜山區文樂里7鄰樂善二路217號十一樓,68,6800700,6800700-000,7鄰,樂善二路,,,,,,217號十一樓,121.385095141118,25.0466212755004
桃園市龜山區文樂里7鄰樂善二路217號十二樓,68,6800700,6800700-000,7鄰,樂善二路,,,,,,217號十二樓,121.385095141118,25.0466212755004
桃園市龜山區文樂里7鄰樂善二路217號十三樓,68,6800700,6800700-000,7鄰,樂善二路,,,,,,217號十三樓,121.385095141118,25.0466212755004
桃園市龜山區文樂里7鄰樂善二路217號十四樓,68,6800700,6800700-000,7鄰,樂善二路,,,,,,217號十四樓,121.385095141118,25.0466212755004
桃園市龜山區文樂里7鄰樂善二路217號十五樓,68,6800700,6800700-000,7鄰,樂善二路,,,,,,217號十五樓,121.385095141118,25.0466212755004
桃園市龜山區文樂里7鄰樂善二路217號十六樓,68,6800700,6800700-000,7鄰,樂善二路,,,,,,217號十六樓,121.385095141118,25.0466212755004
桃園市龜山區文樂里7鄰樂善二路217號十七樓,68,6800700,6800700-000,7鄰,樂善二路,,,,,,217號十七樓,121.385095141118,25.0466212755004
桃園市龜山區文樂里7鄰樂善二路217號十八樓,68,6800700,6800700-000,7鄰,樂善二路,,,,,,217號十八樓,121.385095141118,25.0466212755004
桃園市龜山區文樂里7鄰樂善二路217號十九樓,68,6800700,6800700-000,7鄰,樂善二路,,,,,,217號十九樓,121.385095141118,25.0466212755004
桃園市龜山區文樂里7鄰樂善二路217號二十樓,68,6800700,6800700-000,7鄰,樂善二路,,,,,,217號二十樓,121.385095141118,25.0466212755004
桃園市龜山區文樂里7鄰樂善二路217號二十一樓,68,6800700,6800700-000,7鄰,樂善二路,,,,,,217號二十一樓,121.385095141118,25.0466212755004
桃園市龜山區文樂里7鄰樂善二路217號二十二樓,68,6800700,6800700-000,7鄰,樂善二路,,,,,,217號二十二樓,121.385095141118,25.0466212755004
桃園市龜山區文樂里7鄰樂善二路217號二十三樓,68,6800700,6800700-000,7鄰,樂善二路,,,,,,217號二十三樓,121.385095141118,25.0466212755004
桃園市龜山區文樂里7鄰樂善二路217號二十四樓,68,6800700,6800700-000,7鄰,樂善二路,,,,,,217號二十四樓,121.385095141118,25.0466212755004
桃園市龜山區文樂里7鄰樂善二路217號二十五樓,68,6800700,6800700-000,7鄰,樂善二路,,,,,,217號二十五樓,121.385095141118,25.0466212755004
桃園市龜山區文樂里7鄰樂善二路217號二十六樓,68,6800700,6800700-000,7鄰,樂善二路,,,,,,217號二十六樓,121.385095141118,25.0466212755004
桃園市龜山區文樂里7鄰樂善二路217號二十七樓,68,6800700,6800700-000,7鄰,樂善二路,,,,,,217號二十七樓,121.385095141118,25.0466212755004
桃園市龜山區文樂里7鄰樂善二路217號二十八樓,68,6800700,6800700-000,7鄰,樂善二路,,,,,,217號二十八樓,121.385095141118,25.0466212755004
桃園市龜山區文樂里7鄰樂善二路219號,68,6800700,6800700-000,7鄰,樂善二路,,,,,,219號,121.385165988871,25.0466173902743
桃園市龜山區文樂里7鄰樂善二路219號十樓,68,6800700,6800700-000,7鄰,樂善二路,,,,,,219號十樓,121.385165988871,25.0466173902743
桃園市龜山區文樂里7鄰樂善二路219號三樓,68,6800700,6800700-000,7鄰,樂善二路,,,,,,219號三樓,121.385165988871,25.0466173902743
桃園市龜山區文樂里7鄰樂善二路219號四樓,68,6800700,6800700-000,7鄰,樂善二路,,,,,,219號四樓,121.385165988871,25.0466173902743
桃園市龜山區文樂里7鄰樂善二路219號五樓,68,6800700,6800700-000,7鄰,樂善二路,,,,,,219號五樓,121.385165988871,25.0466173902743
桃園市龜山區文樂里7鄰樂善二路219號六樓,68,6800700,6800700-000,7鄰,樂善二路,,,,,,219號六樓,121.385165988871,25.0466173902743
桃園市龜山區文樂里7鄰樂善二路219號七樓,68,6800700,6800700-000,7鄰,樂善二路,,,,,,219號七樓,121.385165988871,25.0466173902743
桃園市龜山區文樂里7鄰樂善二路219號八樓,68,6800700,6800700-000,7鄰,樂善二路,,,,,,219號八樓,121.385165988871,25.0466173902743
桃園市龜山區文樂里7鄰樂善二路219號九樓,68,6800700,6800700-000,7鄰,樂善二路,,,,,,219號九樓,121.385165988871,25.0466173902743
桃園市龜山區文樂里7鄰樂善二路219號十一樓,68,6800700,6800700-000,7鄰,樂善二路,,,,,,219號十一樓,121.385165988871,25.0466173902743
桃園市龜山區文樂里7鄰樂善二路219號十二樓,68,6800700,6800700-000,7鄰,樂善二路,,,,,,219號十二樓,121.385165988871,25.0466173902743
桃園市龜山區文樂里7鄰樂善二路219號十三樓,68,6800700,6800700-000,7鄰,樂善二路,,,,,,219號十三樓,121.385165988871,25.0466173902743
桃園市龜山區文樂里7鄰樂善二路219號十四樓,68,6800700,6800700-000,7鄰,樂善二路,,,,,,219號十四樓,121.385165988871,25.0466173902743
桃園市龜山區文樂里7鄰樂善二路219號十五樓,68,6800700,6800700-000,7鄰,樂善二路,,,,,,219號十五樓,121.385165988871,25.0466173902743
桃園市龜山區文樂里7鄰樂善二路219號十六樓,68,6800700,6800700-000,7鄰,樂善二路,,,,,,219號十六樓,121.385165988871,25.0466173902743
桃園市龜山區文樂里7鄰樂善二路219號十七樓,68,6800700,6800700-000,7鄰,樂善二路,,,,,,219號十七樓,121.385165988871,25.0466173902743
桃園市龜山區文樂里7鄰樂善二路219號十八樓,68,6800700,6800700-000,7鄰,樂善二路,,,,,,219號十八樓,121.385165988871,25.0466173902743
桃園市龜山區文樂里7鄰樂善二路219號十九樓,68,6800700,6800700-000,7鄰,樂善二路,,,,,,219號十九樓,121.385165988871,25.0466173902743
桃園市龜山區文樂里7鄰樂善二路219號二十樓,68,6800700,6800700-000,7鄰,樂善二路,,,,,,219號二十樓,121.385165988871,25.0466173902743
桃園市龜山區文樂里7鄰樂善二路219號二十一樓,68,6800700,6800700-000,7鄰,樂善二路,,,,,,219號二十一樓,121.385165988871,25.0466173902743
桃園市龜山區文樂里7鄰樂善二路219號二十二樓,68,6800700,6800700-000,7鄰,樂善二路,,,,,,219號二十二樓,121.385165988871,25.0466173902743
桃園市龜山區文樂里7鄰樂善二路219號二十三樓,68,6800700,6800700-000,7鄰,樂善二路,,,,,,219號二十三樓,121.385165988871,25.0466173902743
桃園市龜山區文樂里7鄰樂善二路219號二十四樓,68,6800700,6800700-000,7鄰,樂善二路,,,,,,219號二十四樓,121.385165988871,25.0466173902743
桃園市龜山區文樂里7鄰樂善二路219號二十五樓,68,6800700,6800700-000,7鄰,樂善二路,,,,,,219號二十五樓,121.385165988871,25.0466173902743
桃園市龜山區文樂里7鄰樂善二路219號二十六樓,68,6800700,6800700-000,7鄰,樂善二路,,,,,,219號二十六樓,121.385165988871,25.0466173902743
桃園市龜山區文樂里7鄰樂善二路219號二十七樓,68,6800700,6800700-000,7鄰,樂善二路,,,,,,219號二十七樓,121.385165988871,25.0466173902743
桃園市龜山區文樂里7鄰樂善二路219號二十八樓,68,6800700,6800700-000,7鄰,樂善二路,,,,,,219號二十八樓,121.385165988871,25.0466173902743
桃園市龜山區文樂里7鄰樂善二路221號,68,6800700,6800700-000,7鄰,樂善二路,,,,,,221號,121.385363419764,25.0465902451014
桃園市龜山區文樂里7鄰樂善二路223號,68,6800700,6800700-000,7鄰,樂善二路,,,,,,223號,121.38541415137,25.0465870439102
桃園市龜山區文樂里11鄰樂善二路316號,68,6800700,6800700-000,11鄰,樂善二路,,,,,,316號,121.384745124463,25.0463105291078
桃園市龜山區文樂里11鄰樂善二路316號十樓之1,68,6800700,6800700-000,11鄰,樂善二路,,,,,,316號十樓之1,121.384701722901,25.0461219522248
桃園市龜山區文樂里11鄰樂善二路316號十樓之10,68,6800700,6800700-000,11鄰,樂善二路,,,,,,316號十樓之10,121.384701722901,25.0461219522248
桃園市龜山區文樂里11鄰樂善二路316號十樓之11,68,6800700,6800700-000,11鄰,樂善二路,,,,,,316號十樓之11,121.384701722901,25.0461219522248
桃園市龜山區文樂里11鄰樂善二路316號十樓之12,68,6800700,6800700-000,11鄰,樂善二路,,,,,,316號十樓之12,121.384701722901,25.0461219522248
桃園市龜山區文樂里11鄰樂善二路316號十樓之13,68,6800700,6800700-000,11鄰,樂善二路,,,,,,316號十樓之13,121.384701722901,25.0461219522248
桃園市龜山區文樂里11鄰樂善二路316號十樓之15,68,6800700,6800700-000,11鄰,樂善二路,,,,,,316號十樓之15,121.384701722901,25.0461219522248
桃園市龜山區文樂里11鄰樂善二路316號十樓之16,68,6800700,6800700-000,11鄰,樂善二路,,,,,,316號十樓之16,121.384701722901,25.0461219522248
桃園市龜山區文樂里11鄰樂善二路316號十樓之17,68,6800700,6800700-000,11鄰,樂善二路,,,,,,316號十樓之17,121.384701722901,25.0461219522248
桃園市龜山區文樂里11鄰樂善二路316號十樓之18,68,6800700,6800700-000,11鄰,樂善二路,,,,,,316號十樓之18,121.384701722901,25.0461219522248
桃園市龜山區文樂里11鄰樂善二路316號十樓之2,68,6800700,6800700-000,11鄰,樂善二路,,,,,,316號十樓之2,121.384701722901,25.0461219522248
桃園市龜山區文樂里11鄰樂善二路316號十樓之3,68,6800700,6800700-000,11鄰,樂善二路,,,,,,316號十樓之3,121.384701722901,25.0461219522248
桃園市龜山區文樂里11鄰樂善二路316號十樓之5,68,6800700,6800700-000,11鄰,樂善二路,,,,,,316號十樓之5,121.384701722901,25.0461219522248
桃園市龜山區文樂里11鄰樂善二路316號十樓之6,68,6800700,6800700-000,11鄰,樂善二路,,,,,,316號十樓之6,121.384701722901,25.0461219522248
桃園市龜山區文樂里11鄰樂善二路316號十樓之7,68,6800700,6800700-000,11鄰,樂善二路,,,,,,316號十樓之7,121.384701722901,25.0461219522248
桃園市龜山區文樂里11鄰樂善二路316號十樓之8,68,6800700,6800700-000,11鄰,樂善二路,,,,,,316號十樓之8,121.384701722901,25.0461219522248
桃園市龜山區文樂里11鄰樂善二路316號十樓之9,68,6800700,6800700-000,11鄰,樂善二路,,,,,,316號十樓之9,121.384701722901,25.0461219522248
桃園市龜山區文樂里11鄰樂善二路316號二樓之1,68,6800700,6800700-000,11鄰,樂善二路,,,,,,316號二樓之1,121.384701722901,25.0461219522248
桃園市龜山區文樂里11鄰樂善二路316號二樓之10,68,6800700,6800700-000,11鄰,樂善二路,,,,,,316號二樓之10,121.384701722901,25.0461219522248
桃園市龜山區文樂里11鄰樂善二路316號二樓之2,68,6800700,6800700-000,11鄰,樂善二路,,,,,,316號二樓之2,121.384701722901,25.0461219522248
桃園市龜山區文樂里11鄰樂善二路316號二樓之3,68,6800700,6800700-000,11鄰,樂善二路,,,,,,316號二樓之3,121.384701722901,25.0461219522248
桃園市龜山區文樂里11鄰樂善二路316號二樓之5,68,6800700,6800700-000,11鄰,樂善二路,,,,,,316號二樓之5,121.384701722901,25.0461219522248
桃園市龜山區文樂里11鄰樂善二路316號二樓之6,68,6800700,6800700-000,11鄰,樂善二路,,,,,,316號二樓之6,121.384701722901,25.0461219522248
桃園市龜山區文樂里11鄰樂善二路316號二樓之7,68,6800700,6800700-000,11鄰,樂善二路,,,,,,316號二樓之7,121.384701722901,25.0461219522248
桃園市龜山區文樂里11鄰樂善二路316號二樓之8,68,6800700,6800700-000,11鄰,樂善二路,,,,,,316號二樓之8,121.384701722901,25.0461219522248
桃園市龜山區文樂里11鄰樂善二路316號二樓之9,68,6800700,6800700-000,11鄰,樂善二路,,,,,,316號二樓之9,121.384701722901,25.0461219522248
桃園市龜山區文樂里11鄰樂善二路316號三樓之1,68,6800700,6800700-000,11鄰,樂善二路,,,,,,316號三樓之1,121.384701722901,25.0461219522248
桃園市龜山區文樂里11鄰樂善二路316號三樓之10,68,6800700,6800700-000,11鄰,樂善二路,,,,,,316號三樓之10,121.384701722901,25.0461219522248
桃園市龜山區文樂里11鄰樂善二路316號三樓之11,68,6800700,6800700-000,11鄰,樂善二路,,,,,,316號三樓之11,121.384701722901,25.0461219522248
桃園市龜山區文樂里11鄰樂善二路316號三樓之12,68,6800700,6800700-000,11鄰,樂善二路,,,,,,316號三樓之12,121.384701722901,25.0461219522248
桃園市龜山區文樂里11鄰樂善二路316號三樓之13,68,6800700,6800700-000,11鄰,樂善二路,,,,,,316號三樓之13,121.384701722901,25.0461219522248
桃園市龜山區文樂里11鄰樂善二路316號三樓之15,68,6800700,6800700-000,11鄰,樂善二路,,,,,,316號三樓之15,121.384701722901,25.0461219522248
桃園市龜山區文樂里11鄰樂善二路316號三樓之16,68,6800700,6800700-000,11鄰,樂善二路,,,,,,316號三樓之16,121.384701722901,25.0461219522248
桃園市龜山區文樂里11鄰樂善二路316號三樓之2,68,6800700,6800700-000,11鄰,樂善二路,,,,,,316號三樓之2,121.384701722901,25.0461219522248
桃園市龜山區文樂里11鄰樂善二路316號三樓之3,68,6800700,6800700-000,11鄰,樂善二路,,,,,,316號三樓之3,121.384701722901,25.0461219522248
桃園市龜山區文樂里11鄰樂善二路316號三樓之5,68,6800700,6800700-000,11鄰,樂善二路,,,,,,316號三樓之5,121.384701722901,25.0461219522248
桃園市龜山區文樂里11鄰樂善二路316號三樓之6,68,6800700,6800700-000,11鄰,樂善二路,,,,,,316號三樓之6,121.384701722901,25.0461219522248
桃園市龜山區文樂里11鄰樂善二路316號三樓之7,68,6800700,6800700-000,11鄰,樂善二路,,,,,,316號三樓之7,121.384701722901,25.0461219522248
桃園市龜山區文樂里11鄰樂善二路316號三樓之8,68,6800700,6800700-000,11鄰,樂善二路,,,,,,316號三樓之8,121.384701722901,25.0461219522248
桃園市龜山區文樂里11鄰樂善二路316號三樓之9,68,6800700,6800700-000,11鄰,樂善二路,,,,,,316號三樓之9,121.384701722901,25.0461219522248
桃園市龜山區文樂里11鄰樂善二路316號四樓之1,68,6800700,6800700-000,11鄰,樂善二路,,,,,,316號四樓之1,121.384701722901,25.0461219522248
桃園市龜山區文樂里11鄰樂善二路316號四樓之10,68,6800700,6800700-000,11鄰,樂善二路,,,,,,316號四樓之10,121.384701722901,25.0461219522248
桃園市龜山區文樂里11鄰樂善二路316號四樓之11,68,6800700,6800700-000,11鄰,樂善二路,,,,,,316號四樓之11,121.384701722901,25.0461219522248
桃園市龜山區文樂里11鄰樂善二路316號四樓之12,68,6800700,6800700-000,11鄰,樂善二路,,,,,,316號四樓之12,121.384701722901,25.0461219522248
桃園市龜山區文樂里11鄰樂善二路316號四樓之13,68,6800700,6800700-000,11鄰,樂善二路,,,,,,316號四樓之13,121.384701722901,25.0461219522248
桃園市龜山區文樂里11鄰樂善二路316號四樓之15,68,6800700,6800700-000,11鄰,樂善二路,,,,,,316號四樓之15,121.384701722901,25.0461219522248
桃園市龜山區文樂里11鄰樂善二路316號四樓之16,68,6800700,6800700-000,11鄰,樂善二路,,,,,,316號四樓之16,121.384701722901,25.0461219522248
桃園市龜山區文樂里11鄰樂善二路316號四樓之17,68,6800700,6800700-000,11鄰,樂善二路,,,,,,316號四樓之17,121.384701722901,25.0461219522248
桃園市龜山區文樂里11鄰樂善二路316號四樓之18,68,6800700,6800700-000,11鄰,樂善二路,,,,,,316號四樓之18,121.384701722901,25.0461219522248
桃園市龜山區文樂里11鄰樂善二路316號四樓之2,68,6800700,6800700-000,11鄰,樂善二路,,,,,,316號四樓之2,121.384701722901,25.0461219522248
桃園市龜山區文樂里11鄰樂善二路316號四樓之3,68,6800700,6800700-000,11鄰,樂善二路,,,,,,316號四樓之3,121.384701722901,25.0461219522248
桃園市龜山區文樂里11鄰樂善二路316號四樓之5,68,6800700,6800700-000,11鄰,樂善二路,,,,,,316號四樓之5,121.384701722901,25.0461219522248
桃園市龜山區文樂里11鄰樂善二路316號四樓之6,68,6800700,6800700-000,11鄰,樂善二路,,,,,,316號四樓之6,121.384701722901,25.0461219522248
桃園市龜山區文樂里11鄰樂善二路316號四樓之7,68,6800700,6800700-000,11鄰,樂善二路,,,,,,316號四樓之7,121.384701722901,25.0461219522248
桃園市龜山區文樂里11鄰樂善二路316號四樓之8,68,6800700,6800700-000,11鄰,樂善二路,,,,,,316號四樓之8,121.384701722901,25.0461219522248
桃園市龜山區文樂里11鄰樂善二路316號四樓之9,68,6800700,6800700-000,11鄰,樂善二路,,,,,,316號四樓之9,121.384701722901,25.0461219522248
桃園市龜山區文樂里11鄰樂善二路316號五樓之1,68,6800700,6800700-000,11鄰,樂善二路,,,,,,316號五樓之1,121.384701722901,25.0461219522248
桃園市龜山區文樂里11鄰樂善二路316號五樓之10,68,6800700,6800700-000,11鄰,樂善二路,,,,,,316號五樓之10,121.384701722901,25.0461219522248
桃園市龜山區文樂里11鄰樂善二路316號五樓之11,68,6800700,6800700-000,11鄰,樂善二路,,,,,,316號五樓之11,121.384701722901,25.0461219522248
桃園市龜山區文樂里11鄰樂善二路316號五樓之12,68,6800700,6800700-000,11鄰,樂善二路,,,,,,316號五樓之12,121.384701722901,25.0461219522248
桃園市龜山區文樂里11鄰樂善二路316號五樓之13,68,6800700,6800700-000,11鄰,樂善二路,,,,,,316號五樓之13,121.384701722901,25.0461219522248
桃園市龜山區文樂里11鄰樂善二路316號五樓之15,68,6800700,6800700-000,11鄰,樂善二路,,,,,,316號五樓之15,121.384701722901,25.0461219522248
桃園市龜山區文樂里11鄰樂善二路316號五樓之16,68,6800700,6800700-000,11鄰,樂善二路,,,,,,316號五樓之16,121.384701722901,25.0461219522248
桃園市龜山區文樂里11鄰樂善二路316號五樓之17,68,6800700,6800700-000,11鄰,樂善二路,,,,,,316號五樓之17,121.384701722901,25.0461219522248
桃園市龜山區文樂里11鄰樂善二路316號五樓之18,68,6800700,6800700-000,11鄰,樂善二路,,,,,,316號五樓之18,121.384701722901,25.0461219522248
桃園市龜山區文樂里11鄰樂善二路316號五樓之2,68,6800700,6800700-000,11鄰,樂善二路,,,,,,316號五樓之2,121.384701722901,25.0461219522248
桃園市龜山區文樂里11鄰樂善二路316號五樓之3,68,6800700,6800700-000,11鄰,樂善二路,,,,,,316號五樓之3,121.384701722901,25.0461219522248
桃園市龜山區文樂里11鄰樂善二路316號五樓之5,68,6800700,6800700-000,11鄰,樂善二路,,,,,,316號五樓之5,121.384701722901,25.0461219522248
桃園市龜山區文樂里11鄰樂善二路316號五樓之6,68,6800700,6800700-000,11鄰,樂善二路,,,,,,316號五樓之6,121.384701722901,25.0461219522248
桃園市龜山區文樂里11鄰樂善二路316號五樓之7,68,6800700,6800700-000,11鄰,樂善二路,,,,,,316號五樓之7,121.384701722901,25.0461219522248
桃園市龜山區文樂里11鄰樂善二路316號五樓之8,68,6800700,6800700-000,11鄰,樂善二路,,,,,,316號五樓之8,121.384701722901,25.0461219522248
桃園市龜山區文樂里11鄰樂善二路316號五樓之9,68,6800700,6800700-000,11鄰,樂善二路,,,,,,316號五樓之9,121.384701722901,25.0461219522248
桃園市龜山區文樂里11鄰樂善二路316號六樓之1,68,6800700,6800700-000,11鄰,樂善二路,,,,,,316號六樓之1,121.384701722901,25.0461219522248
桃園市龜山區文樂里11鄰樂善二路316號六樓之10,68,6800700,6800700-000,11鄰,樂善二路,,,,,,316號六樓之10,121.384701722901,25.0461219522248
桃園市龜山區文樂里11鄰樂善二路316號六樓之11,68,6800700,6800700-000,11鄰,樂善二路,,,,,,316號六樓之11,121.384701722901,25.0461219522248
桃園市龜山區文樂里11鄰樂善二路316號六樓之12,68,6800700,6800700-000,11鄰,樂善二路,,,,,,316號六樓之12,121.384701722901,25.0461219522248
桃園市龜山區文樂里11鄰樂善二路316號六樓之13,68,6800700,6800700-000,11鄰,樂善二路,,,,,,316號六樓之13,121.384701722901,25.0461219522248
桃園市龜山區文樂里11鄰樂善二路316號六樓之15,68,6800700,6800700-000,11鄰,樂善二路,,,,,,316號六樓之15,121.384701722901,25.0461219522248
桃園市龜山區文樂里11鄰樂善二路316號六樓之16,68,6800700,6800700-000,11鄰,樂善二路,,,,,,316號六樓之16,121.384701722901,25.0461219522248
桃園市龜山區文樂里11鄰樂善二路316號六樓之17,68,6800700,6800700-000,11鄰,樂善二路,,,,,,316號六樓之17,121.384701722901,25.0461219522248
桃園市龜山區文樂里11鄰樂善二路316號六樓之18,68,6800700,6800700-000,11鄰,樂善二路,,,,,,316號六樓之18,121.384701722901,25.0461219522248
桃園市龜山區文樂里11鄰樂善二路316號六樓之2,68,6800700,6800700-000,11鄰,樂善二路,,,,,,316號六樓之2,121.384701722901,25.0461219522248
桃園市龜山區文樂里11鄰樂善二路316號六樓之3,68,6800700,6800700-000,11鄰,樂善二路,,,,,,316號六樓之3,121.384701722901,25.0461219522248
桃園市龜山區文樂里11鄰樂善二路316號六樓之5,68,6800700,6800700-000,11鄰,樂善二路,,,,,,316號六樓之5,121.384701722901,25.0461219522248
桃園市龜山區文樂里11鄰樂善二路316號六樓之6,68,6800700,6800700-000,11鄰,樂善二路,,,,,,316號六樓之6,121.384701722901,25.0461219522248
桃園市龜山區文樂里11鄰樂善二路316號六樓之7,68,6800700,6800700-000,11鄰,樂善二路,,,,,,316號六樓之7,121.384701722901,25.0461219522248
桃園市龜山區文樂里11鄰樂善二路316號六樓之8,68,6800700,6800700-000,11鄰,樂善二路,,,,,,316號六樓之8,121.384701722901,25.0461219522248
桃園市龜山區文樂里11鄰樂善二路316號六樓之9,68,6800700,6800700-000,11鄰,樂善二路,,,,,,316號六樓之9,121.384701722901,25.0461219522248
桃園市龜山區文樂里11鄰樂善二路316號七樓之1,68,6800700,6800700-000,11鄰,樂善二路,,,,,,316號七樓之1,121.384701722901,25.0461219522248
桃園市龜山區文樂里11鄰樂善二路316號七樓之10,68,6800700,6800700-000,11鄰,樂善二路,,,,,,316號七樓之10,121.384701722901,25.0461219522248
桃園市龜山區文樂里11鄰樂善二路316號七樓之11,68,6800700,6800700-000,11鄰,樂善二路,,,,,,316號七樓之11,121.384701722901,25.0461219522248
桃園市龜山區文樂里11鄰樂善二路316號七樓之12,68,6800700,6800700-000,11鄰,樂善二路,,,,,,316號七樓之12,121.384701722901,25.0461219522248
桃園市龜山區文樂里11鄰樂善二路316號七樓之13,68,6800700,6800700-000,11鄰,樂善二路,,,,,,316號七樓之13,121.384701722901,25.0461219522248
桃園市龜山區文樂里11鄰樂善二路316號七樓之15,68,6800700,6800700-000,11鄰,樂善二路,,,,,,316號七樓之15,121.384701722901,25.0461219522248
桃園市龜山區文樂里11鄰樂善二路316號七樓之16,68,6800700,6800700-000,11鄰,樂善二路,,,,,,316號七樓之16,121.384701722901,25.0461219522248
桃園市龜山區文樂里11鄰樂善二路316號七樓之17,68,6800700,6800700-000,11鄰,樂善二路,,,,,,316號七樓之17,121.384701722901,25.0461219522248
桃園市龜山區文樂里11鄰樂善二路316號七樓之18,68,6800700,6800700-000,11鄰,樂善二路,,,,,,316號七樓之18,121.384701722901,25.0461219522248
桃園市龜山區文樂里11鄰樂善二路316號七樓之2,68,6800700,6800700-000,11鄰,樂善二路,,,,,,316號七樓之2,121.384701722901,25.0461219522248
桃園市龜山區文樂里11鄰樂善二路316號七樓之3,68,6800700,6800700-000,11鄰,樂善二路,,,,,,316號七樓之3,121.384701722901,25.0461219522248
桃園市龜山區文樂里11鄰樂善二路316號七樓之5,68,6800700,6800700-000,11鄰,樂善二路,,,,,,316號七樓之5,121.384701722901,25.0461219522248
桃園市龜山區文樂里11鄰樂善二路316號七樓之6,68,6800700,6800700-000,11鄰,樂善二路,,,,,,316號七樓之6,121.384701722901,25.0461219522248
桃園市龜山區文樂里11鄰樂善二路316號七樓之7,68,6800700,6800700-000,11鄰,樂善二路,,,,,,316號七樓之7,121.384701722901,25.0461219522248
桃園市龜山區文樂里11鄰樂善二路316號七樓之8,68,6800700,6800700-000,11鄰,樂善二路,,,,,,316號七樓之8,121.384701722901,25.0461219522248
桃園市龜山區文樂里11鄰樂善二路316號七樓之9,68,6800700,6800700-000,11鄰,樂善二路,,,,,,316號七樓之9,121.384701722901,25.0461219522248
桃園市龜山區文樂里11鄰樂善二路316號八樓之11,68,6800700,6800700-000,11鄰,樂善二路,,,,,,316號八樓之11,121.384701722901,25.0461219522248
桃園市龜山區文樂里11鄰樂善二路316號八樓之12,68,6800700,6800700-000,11鄰,樂善二路,,,,,,316號八樓之12,121.384701722901,25.0461219522248
桃園市龜山區文樂里11鄰樂善二路316號八樓之13,68,6800700,6800700-000,11鄰,樂善二路,,,,,,316號八樓之13,121.384701722901,25.0461219522248
桃園市龜山區文樂里11鄰樂善二路316號八樓之1,68,6800700,6800700-000,11鄰,樂善二路,,,,,,316號八樓之1,121.384701722901,25.0461219522248
桃園市龜山區文樂里11鄰樂善二路316號八樓之10,68,6800700,6800700-000,11鄰,樂善二路,,,,,,316號八樓之10,121.384701722901,25.0461219522248
桃園市龜山區文樂里11鄰樂善二路316號八樓之15,68,6800700,6800700-000,11鄰,樂善二路,,,,,,316號八樓之15,121.384701722901,25.0461219522248
桃園市龜山區文樂里11鄰樂善二路316號八樓之16,68,6800700,6800700-000,11鄰,樂善二路,,,,,,316號八樓之16,121.384701722901,25.0461219522248
桃園市龜山區文樂里11鄰樂善二路316號八樓之17,68,6800700,6800700-000,11鄰,樂善二路,,,,,,316號八樓之17,121.384701722901,25.0461219522248
桃園市龜山區文樂里11鄰樂善二路316號八樓之18,68,6800700,6800700-000,11鄰,樂善二路,,,,,,316號八樓之18,121.384701722901,25.0461219522248
桃園市龜山區文樂里11鄰樂善二路316號八樓之2,68,6800700,6800700-000,11鄰,樂善二路,,,,,,316號八樓之2,121.384701722901,25.0461219522248
桃園市龜山區文樂里11鄰樂善二路316號八樓之3,68,6800700,6800700-000,11鄰,樂善二路,,,,,,316號八樓之3,121.384701722901,25.0461219522248
桃園市龜山區文樂里11鄰樂善二路316號八樓之5,68,6800700,6800700-000,11鄰,樂善二路,,,,,,316號八樓之5,121.384701722901,25.0461219522248
桃園市龜山區文樂里11鄰樂善二路316號八樓之6,68,6800700,6800700-000,11鄰,樂善二路,,,,,,316號八樓之6,121.384701722901,25.0461219522248
桃園市龜山區文樂里11鄰樂善二路316號八樓之7,68,6800700,6800700-000,11鄰,樂善二路,,,,,,316號八樓之7,121.384701722901,25.0461219522248
桃園市龜山區文樂里11鄰樂善二路316號八樓之8,68,6800700,6800700-000,11鄰,樂善二路,,,,,,316號八樓之8,121.384701722901,25.0461219522248
桃園市龜山區文樂里11鄰樂善二路316號八樓之9,68,6800700,6800700-000,11鄰,樂善二路,,,,,,316號八樓之9,121.384701722901,25.0461219522248
桃園市龜山區文樂里11鄰樂善二路316號九樓之1,68,6800700,6800700-000,11鄰,樂善二路,,,,,,316號九樓之1,121.384701722901,25.0461219522248
桃園市龜山區文樂里11鄰樂善二路316號九樓之10,68,6800700,6800700-000,11鄰,樂善二路,,,,,,316號九樓之10,121.384701722901,25.0461219522248
桃園市龜山區文樂里11鄰樂善二路316號九樓之11,68,6800700,6800700-000,11鄰,樂善二路,,,,,,316號九樓之11,121.384701722901,25.0461219522248
桃園市龜山區文樂里11鄰樂善二路316號九樓之12,68,6800700,6800700-000,11鄰,樂善二路,,,,,,316號九樓之12,121.384701722901,25.0461219522248
桃園市龜山區文樂里11鄰樂善二路316號九樓之13,68,6800700,6800700-000,11鄰,樂善二路,,,,,,316號九樓之13,121.384701722901,25.0461219522248
桃園市龜山區文樂里11鄰樂善二路316號九樓之15,68,6800700,6800700-000,11鄰,樂善二路,,,,,,316號九樓之15,121.384701722901,25.0461219522248
桃園市龜山區文樂里11鄰樂善二路316號九樓之16,68,6800700,6800700-000,11鄰,樂善二路,,,,,,316號九樓之16,121.384701722901,25.0461219522248
桃園市龜山區文樂里11鄰樂善二路316號九樓之17,68,6800700,6800700-000,11鄰,樂善二路,,,,,,316號九樓之17,121.384701722901,25.0461219522248
桃園市龜山區文樂里11鄰樂善二路316號九樓之18,68,6800700,6800700-000,11鄰,樂善二路,,,,,,316號九樓之18,121.384701722901,25.0461219522248
桃園市龜山區文樂里11鄰樂善二路316號九樓之2,68,6800700,6800700-000,11鄰,樂善二路,,,,,,316號九樓之2,121.384701722901,25.0461219522248
桃園市龜山區文樂里11鄰樂善二路316號九樓之3,68,6800700,6800700-000,11鄰,樂善二路,,,,,,316號九樓之3,121.384701722901,25.0461219522248
桃園市龜山區文樂里11鄰樂善二路316號九樓之5,68,6800700,6800700-000,11鄰,樂善二路,,,,,,316號九樓之5,121.384701722901,25.0461219522248
桃園市龜山區文樂里11鄰樂善二路316號九樓之6,68,6800700,6800700-000,11鄰,樂善二路,,,,,,316號九樓之6,121.384701722901,25.0461219522248
桃園市龜山區文樂里11鄰樂善二路316號九樓之7,68,6800700,6800700-000,11鄰,樂善二路,,,,,,316號九樓之7,121.384701722901,25.0461219522248
桃園市龜山區文樂里11鄰樂善二路316號九樓之8,68,6800700,6800700-000,11鄰,樂善二路,,,,,,316號九樓之8,121.384701722901,25.0461219522248
桃園市龜山區文樂里11鄰樂善二路316號九樓之9,68,6800700,6800700-000,11鄰,樂善二路,,,,,,316號九樓之9,121.384701722901,25.0461219522248
桃園市龜山區文樂里11鄰樂善二路316號十一樓之1,68,6800700,6800700-000,11鄰,樂善二路,,,,,,316號十一樓之1,121.384701722901,25.0461219522248
桃園市龜山區文樂里11鄰樂善二路316號十一樓之10,68,6800700,6800700-000,11鄰,樂善二路,,,,,,316號十一樓之10,121.384701722901,25.0461219522248
桃園市龜山區文樂里11鄰樂善二路316號十一樓之11,68,6800700,6800700-000,11鄰,樂善二路,,,,,,316號十一樓之11,121.384701722901,25.0461219522248
桃園市龜山區文樂里11鄰樂善二路316號十一樓之12,68,6800700,6800700-000,11鄰,樂善二路,,,,,,316號十一樓之12,121.384701722901,25.0461219522248
桃園市龜山區文樂里11鄰樂善二路316號十一樓之13,68,6800700,6800700-000,11鄰,樂善二路,,,,,,316號十一樓之13,121.384701722901,25.0461219522248
桃園市龜山區文樂里11鄰樂善二路316號十一樓之15,68,6800700,6800700-000,11鄰,樂善二路,,,,,,316號十一樓之15,121.384701722901,25.0461219522248
桃園市龜山區文樂里11鄰樂善二路316號十一樓之16,68,6800700,6800700-000,11鄰,樂善二路,,,,,,316號十一樓之16,121.384701722901,25.0461219522248
桃園市龜山區文樂里11鄰樂善二路316號十一樓之17,68,6800700,6800700-000,11鄰,樂善二路,,,,,,316號十一樓之17,121.384701722901,25.0461219522248
桃園市龜山區文樂里11鄰樂善二路316號十一樓之18,68,6800700,6800700-000,11鄰,樂善二路,,,,,,316號十一樓之18,121.384701722901,25.0461219522248
桃園市龜山區文樂里11鄰樂善二路316號十一樓之2,68,6800700,6800700-000,11鄰,樂善二路,,,,,,316號十一樓之2,121.384701722901,25.0461219522248
桃園市龜山區文樂里11鄰樂善二路316號十一樓之3,68,6800700,6800700-000,11鄰,樂善二路,,,,,,316號十一樓之3,121.384701722901,25.0461219522248
桃園市龜山區文樂里11鄰樂善二路316號十一樓之5,68,6800700,6800700-000,11鄰,樂善二路,,,,,,316號十一樓之5,121.384701722901,25.0461219522248
桃園市龜山區文樂里11鄰樂善二路316號十一樓之6,68,6800700,6800700-000,11鄰,樂善二路,,,,,,316號十一樓之6,121.384701722901,25.0461219522248
桃園市龜山區文樂里11鄰樂善二路316號十一樓之7,68,6800700,6800700-000,11鄰,樂善二路,,,,,,316號十一樓之7,121.384701722901,25.0461219522248
桃園市龜山區文樂里11鄰樂善二路316號十一樓之8,68,6800700,6800700-000,11鄰,樂善二路,,,,,,316號十一樓之8,121.384701722901,25.0461219522248
桃園市龜山區文樂里11鄰樂善二路316號十一樓之9,68,6800700,6800700-000,11鄰,樂善二路,,,,,,316號十一樓之9,121.384701722901,25.0461219522248
桃園市龜山區文樂里11鄰樂善二路316號十二樓之1,68,6800700,6800700-000,11鄰,樂善二路,,,,,,316號十二樓之1,121.384701722901,25.0461219522248
桃園市龜山區文樂里11鄰樂善二路316號十二樓之10,68,6800700,6800700-000,11鄰,樂善二路,,,,,,316號十二樓之10,121.384701722901,25.0461219522248
桃園市龜山區文樂里11鄰樂善二路316號十二樓之11,68,6800700,6800700-000,11鄰,樂善二路,,,,,,316號十二樓之11,121.384701722901,25.0461219522248
桃園市龜山區文樂里11鄰樂善二路316號十二樓之12,68,6800700,6800700-000,11鄰,樂善二路,,,,,,316號十二樓之12,121.384701722901,25.0461219522248
桃園市龜山區文樂里11鄰樂善二路316號十二樓之13,68,6800700,6800700-000,11鄰,樂善二路,,,,,,316號十二樓之13,121.384701722901,25.0461219522248
桃園市龜山區文樂里11鄰樂善二路316號十二樓之15,68,6800700,6800700-000,11鄰,樂善二路,,,,,,316號十二樓之15,121.384701722901,25.0461219522248
桃園市龜山區文樂里11鄰樂善二路316號十二樓之16,68,6800700,6800700-000,11鄰,樂善二路,,,,,,316號十二樓之16,121.384701722901,25.0461219522248
桃園市龜山區文樂里11鄰樂善二路316號十二樓之17,68,6800700,6800700-000,11鄰,樂善二路,,,,,,316號十二樓之17,121.384701722901,25.0461219522248
桃園市龜山區文樂里11鄰樂善二路316號十二樓之18,68,6800700,6800700-000,11鄰,樂善二路,,,,,,316號十二樓之18,121.384701722901,25.0461219522248
桃園市龜山區文樂里11鄰樂善二路316號十二樓之2,68,6800700,6800700-000,11鄰,樂善二路,,,,,,316號十二樓之2,121.384701722901,25.0461219522248
桃園市龜山區文樂里11鄰樂善二路316號十二樓之3,68,6800700,6800700-000,11鄰,樂善二路,,,,,,316號十二樓之3,121.384701722901,25.0461219522248
桃園市龜山區文樂里11鄰樂善二路316號十二樓之5,68,6800700,6800700-000,11鄰,樂善二路,,,,,,316號十二樓之5,121.384701722901,25.0461219522248
桃園市龜山區文樂里11鄰樂善二路316號十二樓之6,68,6800700,6800700-000,11鄰,樂善二路,,,,,,316號十二樓之6,121.384701722901,25.0461219522248
桃園市龜山區文樂里11鄰樂善二路316號十二樓之7,68,6800700,6800700-000,11鄰,樂善二路,,,,,,316號十二樓之7,121.384701722901,25.0461219522248
桃園市龜山區文樂里11鄰樂善二路316號十二樓之8,68,6800700,6800700-000,11鄰,樂善二路,,,,,,316號十二樓之8,121.384701722901,25.0461219522248
桃園市龜山區文樂里11鄰樂善二路316號十二樓之9,68,6800700,6800700-000,11鄰,樂善二路,,,,,,316號十二樓之9,121.384701722901,25.0461219522248
桃園市龜山區文樂里11鄰樂善二路316號十三樓之1,68,6800700,6800700-000,11鄰,樂善二路,,,,,,316號十三樓之1,121.384701722901,25.0461219522248
桃園市龜山區文樂里11鄰樂善二路316號十三樓之10,68,6800700,6800700-000,11鄰,樂善二路,,,,,,316號十三樓之10,121.384701722901,25.0461219522248
桃園市龜山區文樂里11鄰樂善二路316號十三樓之11,68,6800700,6800700-000,11鄰,樂善二路,,,,,,316號十三樓之11,121.384701722901,25.0461219522248
桃園市龜山區文樂里11鄰樂善二路316號十三樓之12,68,6800700,6800700-000,11鄰,樂善二路,,,,,,316號十三樓之12,121.384701722901,25.0461219522248
桃園市龜山區文樂里11鄰樂善二路316號十三樓之13,68,6800700,6800700-000,11鄰,樂善二路,,,,,,316號十三樓之13,121.384701722901,25.0461219522248
桃園市龜山區文樂里11鄰樂善二路316號十三樓之15,68,6800700,6800700-000,11鄰,樂善二路,,,,,,316號十三樓之15,121.384701722901,25.0461219522248
桃園市龜山區文樂里11鄰樂善二路316號十三樓之16,68,6800700,6800700-000,11鄰,樂善二路,,,,,,316號十三樓之16,121.384701722901,25.0461219522248
桃園市龜山區文樂里11鄰樂善二路316號十三樓之17,68,6800700,6800700-000,11鄰,樂善二路,,,,,,316號十三樓之17,121.384701722901,25.0461219522248
桃園市龜山區文樂里11鄰樂善二路316號十三樓之18,68,6800700,6800700-000,11鄰,樂善二路,,,,,,316號十三樓之18,121.384701722901,25.0461219522248
桃園市龜山區文樂里11鄰樂善二路316號十三樓之2,68,6800700,6800700-000,11鄰,樂善二路,,,,,,316號十三樓之2,121.384701722901,25.0461219522248
桃園市龜山區文樂里11鄰樂善二路316號十三樓之3,68,6800700,6800700-000,11鄰,樂善二路,,,,,,316號十三樓之3,121.384701722901,25.0461219522248
桃園市龜山區文樂里11鄰樂善二路316號十三樓之5,68,6800700,6800700-000,11鄰,樂善二路,,,,,,316號十三樓之5,121.384701722901,25.0461219522248
桃園市龜山區文樂里11鄰樂善二路316號十三樓之6,68,6800700,6800700-000,11鄰,樂善二路,,,,,,316號十三樓之6,121.384701722901,25.0461219522248
桃園市龜山區文樂里11鄰樂善二路316號十三樓之7,68,6800700,6800700-000,11鄰,樂善二路,,,,,,316號十三樓之7,121.384701722901,25.0461219522248
桃園市龜山區文樂里11鄰樂善二路316號十三樓之8,68,6800700,6800700-000,11鄰,樂善二路,,,,,,316號十三樓之8,121.384701722901,25.0461219522248
桃園市龜山區文樂里11鄰樂善二路316號十三樓之9,68,6800700,6800700-000,11鄰,樂善二路,,,,,,316號十三樓之9,121.384701722901,25.0461219522248
桃園市龜山區文樂里11鄰樂善二路316號十四樓之1,68,6800700,6800700-000,11鄰,樂善二路,,,,,,316號十四樓之1,121.384701722901,25.0461219522248
桃園市龜山區文樂里11鄰樂善二路316號十四樓之10,68,6800700,6800700-000,11鄰,樂善二路,,,,,,316號十四樓之10,121.384701722901,25.0461219522248
桃園市龜山區文樂里11鄰樂善二路316號十四樓之11,68,6800700,6800700-000,11鄰,樂善二路,,,,,,316號十四樓之11,121.384701722901,25.0461219522248
桃園市龜山區文樂里11鄰樂善二路316號十四樓之12,68,6800700,6800700-000,11鄰,樂善二路,,,,,,316號十四樓之12,121.384701722901,25.0461219522248
桃園市龜山區文樂里11鄰樂善二路316號十四樓之13,68,6800700,6800700-000,11鄰,樂善二路,,,,,,316號十四樓之13,121.384701722901,25.0461219522248
桃園市龜山區文樂里11鄰樂善二路316號十四樓之15,68,6800700,6800700-000,11鄰,樂善二路,,,,,,316號十四樓之15,121.384701722901,25.0461219522248
桃園市龜山區文樂里11鄰樂善二路316號十四樓之16,68,6800700,6800700-000,11鄰,樂善二路,,,,,,316號十四樓之16,121.384701722901,25.0461219522248
桃園市龜山區文樂里11鄰樂善二路316號十四樓之17,68,6800700,6800700-000,11鄰,樂善二路,,,,,,316號十四樓之17,121.384701722901,25.0461219522248
桃園市龜山區文樂里11鄰樂善二路316號十四樓之18,68,6800700,6800700-000,11鄰,樂善二路,,,,,,316號十四樓之18,121.384701722901,25.0461219522248
桃園市龜山區文樂里11鄰樂善二路316號十四樓之2,68,6800700,6800700-000,11鄰,樂善二路,,,,,,316號十四樓之2,121.384701722901,25.0461219522248
桃園市龜山區文樂里11鄰樂善二路316號十四樓之3,68,6800700,6800700-000,11鄰,樂善二路,,,,,,316號十四樓之3,121.384701722901,25.0461219522248
桃園市龜山區文樂里11鄰樂善二路316號十四樓之5,68,6800700,6800700-000,11鄰,樂善二路,,,,,,316號十四樓之5,121.384701722901,25.0461219522248
桃園市龜山區文樂里11鄰樂善二路316號十四樓之6,68,6800700,6800700-000,11鄰,樂善二路,,,,,,316號十四樓之6,121.384701722901,25.0461219522248
桃園市龜山區文樂里11鄰樂善二路316號十四樓之7,68,6800700,6800700-000,11鄰,樂善二路,,,,,,316號十四樓之7,121.384701722901,25.0461219522248
桃園市龜山區文樂里11鄰樂善二路316號十四樓之8,68,6800700,6800700-000,11鄰,樂善二路,,,,,,316號十四樓之8,121.384701722901,25.0461219522248
桃園市龜山區文樂里11鄰樂善二路316號十四樓之9,68,6800700,6800700-000,11鄰,樂善二路,,,,,,316號十四樓之9,121.384701722901,25.0461219522248
桃園市龜山區文樂里11鄰樂善二路316號十五樓之1,68,6800700,6800700-000,11鄰,樂善二路,,,,,,316號十五樓之1,121.384701722901,25.0461219522248
桃園市龜山區文樂里11鄰樂善二路316號十五樓之10,68,6800700,6800700-000,11鄰,樂善二路,,,,,,316號十五樓之10,121.384701722901,25.0461219522248
桃園市龜山區文樂里11鄰樂善二路316號十五樓之11,68,6800700,6800700-000,11鄰,樂善二路,,,,,,316號十五樓之11,121.384701722901,25.0461219522248
桃園市龜山區文樂里11鄰樂善二路316號十五樓之12,68,6800700,6800700-000,11鄰,樂善二路,,,,,,316號十五樓之12,121.384701722901,25.0461219522248
桃園市龜山區文樂里11鄰樂善二路316號十五樓之13,68,6800700,6800700-000,11鄰,樂善二路,,,,,,316號十五樓之13,121.384701722901,25.0461219522248
桃園市龜山區文樂里11鄰樂善二路316號十五樓之15,68,6800700,6800700-000,11鄰,樂善二路,,,,,,316號十五樓之15,121.384701722901,25.0461219522248
桃園市龜山區文樂里11鄰樂善二路316號十五樓之16,68,6800700,6800700-000,11鄰,樂善二路,,,,,,316號十五樓之16,121.384701722901,25.0461219522248
桃園市龜山區文樂里11鄰樂善二路316號十五樓之17,68,6800700,6800700-000,11鄰,樂善二路,,,,,,316號十五樓之17,121.384701722901,25.0461219522248
桃園市龜山區文樂里11鄰樂善二路316號十五樓之2,68,6800700,6800700-000,11鄰,樂善二路,,,,,,316號十五樓之2,121.384701722901,25.0461219522248
桃園市龜山區文樂里11鄰樂善二路316號十五樓之3,68,6800700,6800700-000,11鄰,樂善二路,,,,,,316號十五樓之3,121.384701722901,25.0461219522248
桃園市龜山區文樂里11鄰樂善二路316號十五樓之5,68,6800700,6800700-000,11鄰,樂善二路,,,,,,316號十五樓之5,121.384701722901,25.0461219522248
桃園市龜山區文樂里11鄰樂善二路316號十五樓之6,68,6800700,6800700-000,11鄰,樂善二路,,,,,,316號十五樓之6,121.384701722901,25.0461219522248
桃園市龜山區文樂里11鄰樂善二路316號十五樓之7,68,6800700,6800700-000,11鄰,樂善二路,,,,,,316號十五樓之7,121.384701722901,25.0461219522248
桃園市龜山區文樂里11鄰樂善二路316號十五樓之8,68,6800700,6800700-000,11鄰,樂善二路,,,,,,316號十五樓之8,121.384701722901,25.0461219522248
桃園市龜山區文樂里11鄰樂善二路316號十五樓之9,68,6800700,6800700-000,11鄰,樂善二路,,,,,,316號十五樓之9,121.384701722901,25.0461219522248
桃園市龜山區文樂里11鄰樂善二路316號十六樓之1,68,6800700,6800700-000,11鄰,樂善二路,,,,,,316號十六樓之1,121.384701722901,25.0461219522248
桃園市龜山區文樂里11鄰樂善二路316號十六樓之10,68,6800700,6800700-000,11鄰,樂善二路,,,,,,316號十六樓之10,121.384701722901,25.0461219522248
桃園市龜山區文樂里11鄰樂善二路316號十六樓之11,68,6800700,6800700-000,11鄰,樂善二路,,,,,,316號十六樓之11,121.384701722901,25.0461219522248
桃園市龜山區文樂里11鄰樂善二路316號十六樓之12,68,6800700,6800700-000,11鄰,樂善二路,,,,,,316號十六樓之12,121.384701722901,25.0461219522248
桃園市龜山區文樂里11鄰樂善二路316號十六樓之13,68,6800700,6800700-000,11鄰,樂善二路,,,,,,316號十六樓之13,121.384701722901,25.0461219522248
桃園市龜山區文樂里11鄰樂善二路316號十六樓之15,68,6800700,6800700-000,11鄰,樂善二路,,,,,,316號十六樓之15,121.384701722901,25.0461219522248
桃園市龜山區文樂里11鄰樂善二路316號十六樓之16,68,6800700,6800700-000,11鄰,樂善二路,,,,,,316號十六樓之16,121.384701722901,25.0461219522248
桃園市龜山區文樂里11鄰樂善二路316號十六樓之17,68,6800700,6800700-000,11鄰,樂善二路,,,,,,316號十六樓之17,121.384701722901,25.0461219522248
桃園市龜山區文樂里11鄰樂善二路316號十六樓之2,68,6800700,6800700-000,11鄰,樂善二路,,,,,,316號十六樓之2,121.384701722901,25.0461219522248
桃園市龜山區文樂里11鄰樂善二路316號十六樓之3,68,6800700,6800700-000,11鄰,樂善二路,,,,,,316號十六樓之3,121.384701722901,25.0461219522248
桃園市龜山區文樂里11鄰樂善二路316號十六樓之5,68,6800700,6800700-000,11鄰,樂善二路,,,,,,316號十六樓之5,121.384701722901,25.0461219522248
桃園市龜山區文樂里11鄰樂善二路316號十六樓之6,68,6800700,6800700-000,11鄰,樂善二路,,,,,,316號十六樓之6,121.384701722901,25.0461219522248
桃園市龜山區文樂里11鄰樂善二路316號十六樓之7,68,6800700,6800700-000,11鄰,樂善二路,,,,,,316號十六樓之7,121.384701722901,25.0461219522248
桃園市龜山區文樂里11鄰樂善二路316號十六樓之8,68,6800700,6800700-000,11鄰,樂善二路,,,,,,316號十六樓之8,121.384701722901,25.0461219522248
桃園市龜山區文樂里11鄰樂善二路316號十六樓之9,68,6800700,6800700-000,11鄰,樂善二路,,,,,,316號十六樓之9,121.384701722901,25.0461219522248
桃園市龜山區文樂里11鄰樂善二路316號十七樓之1,68,6800700,6800700-000,11鄰,樂善二路,,,,,,316號十七樓之1,121.384701722901,25.0461219522248
桃園市龜山區文樂里11鄰樂善二路316號十七樓之10,68,6800700,6800700-000,11鄰,樂善二路,,,,,,316號十七樓之10,121.384701722901,25.0461219522248
桃園市龜山區文樂里11鄰樂善二路316號十七樓之11,68,6800700,6800700-000,11鄰,樂善二路,,,,,,316號十七樓之11,121.384701722901,25.0461219522248
桃園市龜山區文樂里11鄰樂善二路316號十七樓之12,68,6800700,6800700-000,11鄰,樂善二路,,,,,,316號十七樓之12,121.384701722901,25.0461219522248
桃園市龜山區文樂里11鄰樂善二路316號十七樓之13,68,6800700,6800700-000,11鄰,樂善二路,,,,,,316號十七樓之13,121.384701722901,25.0461219522248
桃園市龜山區文樂里11鄰樂善二路316號十七樓之2,68,6800700,6800700-000,11鄰,樂善二路,,,,,,316號十七樓之2,121.384701722901,25.0461219522248
桃園市龜山區文樂里11鄰樂善二路316號十七樓之3,68,6800700,6800700-000,11鄰,樂善二路,,,,,,316號十七樓之3,121.384701722901,25.0461219522248
桃園市龜山區文樂里11鄰樂善二路316號十七樓之5,68,6800700,6800700-000,11鄰,樂善二路,,,,,,316號十七樓之5,121.384701722901,25.0461219522248
桃園市龜山區文樂里11鄰樂善二路316號十七樓之6,68,6800700,6800700-000,11鄰,樂善二路,,,,,,316號十七樓之6,121.384701722901,25.0461219522248
桃園市龜山區文樂里11鄰樂善二路316號十七樓之7,68,6800700,6800700-000,11鄰,樂善二路,,,,,,316號十七樓之7,121.384701722901,25.0461219522248
桃園市龜山區文樂里11鄰樂善二路316號十七樓之8,68,6800700,6800700-000,11鄰,樂善二路,,,,,,316號十七樓之8,121.384701722901,25.0461219522248
桃園市龜山區文樂里11鄰樂善二路316號十七樓之9,68,6800700,6800700-000,11鄰,樂善二路,,,,,,316號十七樓之9,121.384701722901,25.0461219522248
桃園市龜山區文樂里11鄰樂善二路316號十八樓之1,68,6800700,6800700-000,11鄰,樂善二路,,,,,,316號十八樓之1,121.384701722901,25.0461219522248
桃園市龜山區文樂里11鄰樂善二路316號十八樓之10,68,6800700,6800700-000,11鄰,樂善二路,,,,,,316號十八樓之10,121.384701722901,25.0461219522248
桃園市龜山區文樂里11鄰樂善二路316號十八樓之11,68,6800700,6800700-000,11鄰,樂善二路,,,,,,316號十八樓之11,121.384701722901,25.0461219522248
桃園市龜山區文樂里11鄰樂善二路316號十八樓之12,68,6800700,6800700-000,11鄰,樂善二路,,,,,,316號十八樓之12,121.384701722901,25.0461219522248
桃園市龜山區文樂里11鄰樂善二路316號十八樓之13,68,6800700,6800700-000,11鄰,樂善二路,,,,,,316號十八樓之13,121.384701722901,25.0461219522248
桃園市龜山區文樂里11鄰樂善二路316號十八樓之2,68,6800700,6800700-000,11鄰,樂善二路,,,,,,316號十八樓之2,121.384701722901,25.0461219522248
桃園市龜山區文樂里11鄰樂善二路316號十八樓之3,68,6800700,6800700-000,11鄰,樂善二路,,,,,,316號十八樓之3,121.384701722901,25.0461219522248
桃園市龜山區文樂里11鄰樂善二路316號十八樓之5,68,6800700,6800700-000,11鄰,樂善二路,,,,,,316號十八樓之5,121.384701722901,25.0461219522248
桃園市龜山區文樂里11鄰樂善二路316號十八樓之6,68,6800700,6800700-000,11鄰,樂善二路,,,,,,316號十八樓之6,121.384701722901,25.0461219522248
桃園市龜山區文樂里11鄰樂善二路316號十八樓之7,68,6800700,6800700-000,11鄰,樂善二路,,,,,,316號十八樓之7,121.384701722901,25.0461219522248
桃園市龜山區文樂里11鄰樂善二路316號十八樓之8,68,6800700,6800700-000,11鄰,樂善二路,,,,,,316號十八樓之8,121.384701722901,25.0461219522248
桃園市龜山區文樂里11鄰樂善二路316號十八樓之9,68,6800700,6800700-000,11鄰,樂善二路,,,,,,316號十八樓之9,121.384701722901,25.0461219522248
桃園市龜山區文樂里11鄰樂善二路316號十九樓之1,68,6800700,6800700-000,11鄰,樂善二路,,,,,,316號十九樓之1,121.384701722901,25.0461219522248
桃園市龜山區文樂里11鄰樂善二路316號十九樓之10,68,6800700,6800700-000,11鄰,樂善二路,,,,,,316號十九樓之10,121.384701722901,25.0461219522248
桃園市龜山區文樂里11鄰樂善二路316號十九樓之11,68,6800700,6800700-000,11鄰,樂善二路,,,,,,316號十九樓之11,121.384701722901,25.0461219522248
桃園市龜山區文樂里11鄰樂善二路316號十九樓之12,68,6800700,6800700-000,11鄰,樂善二路,,,,,,316號十九樓之12,121.384701722901,25.0461219522248
桃園市龜山區文樂里11鄰樂善二路316號十九樓之13,68,6800700,6800700-000,11鄰,樂善二路,,,,,,316號十九樓之13,121.384701722901,25.0461219522248
桃園市龜山區文樂里11鄰樂善二路316號十九樓之2,68,6800700,6800700-000,11鄰,樂善二路,,,,,,316號十九樓之2,121.384701722901,25.0461219522248
桃園市龜山區文樂里11鄰樂善二路316號十九樓之3,68,6800700,6800700-000,11鄰,樂善二路,,,,,,316號十九樓之3,121.384701722901,25.0461219522248
桃園市龜山區文樂里11鄰樂善二路316號十九樓之5,68,6800700,6800700-000,11鄰,樂善二路,,,,,,316號十九樓之5,121.384701722901,25.0461219522248
桃園市龜山區文樂里11鄰樂善二路316號十九樓之6,68,6800700,6800700-000,11鄰,樂善二路,,,,,,316號十九樓之6,121.384701722901,25.0461219522248
桃園市龜山區文樂里11鄰樂善二路316號十九樓之7,68,6800700,6800700-000,11鄰,樂善二路,,,,,,316號十九樓之7,121.384701722901,25.0461219522248
桃園市龜山區文樂里11鄰樂善二路316號十九樓之8,68,6800700,6800700-000,11鄰,樂善二路,,,,,,316號十九樓之8,121.384701722901,25.0461219522248
桃園市龜山區文樂里11鄰樂善二路316號十九樓之9,68,6800700,6800700-000,11鄰,樂善二路,,,,,,316號十九樓之9,121.384701722901,25.0461219522248
桃園市龜山區文樂里11鄰樂善二路316號二十樓之1,68,6800700,6800700-000,11鄰,樂善二路,,,,,,316號二十樓之1,121.384701722901,25.0461219522248
桃園市龜山區文樂里11鄰樂善二路316號二十樓之10,68,6800700,6800700-000,11鄰,樂善二路,,,,,,316號二十樓之10,121.384701722901,25.0461219522248
桃園市龜山區文樂里11鄰樂善二路316號二十樓之11,68,6800700,6800700-000,11鄰,樂善二路,,,,,,316號二十樓之11,121.384701722901,25.0461219522248
桃園市龜山區文樂里11鄰樂善二路316號二十樓之12,68,6800700,6800700-000,11鄰,樂善二路,,,,,,316號二十樓之12,121.384701722901,25.0461219522248
桃園市龜山區文樂里11鄰樂善二路316號二十樓之13,68,6800700,6800700-000,11鄰,樂善二路,,,,,,316號二十樓之13,121.384701722901,25.0461219522248
桃園市龜山區文樂里11鄰樂善二路316號二十樓之2,68,6800700,6800700-000,11鄰,樂善二路,,,,,,316號二十樓之2,121.384701722901,25.0461219522248
桃園市龜山區文樂里11鄰樂善二路316號二十樓之3,68,6800700,6800700-000,11鄰,樂善二路,,,,,,316號二十樓之3,121.384701722901,25.0461219522248
桃園市龜山區文樂里11鄰樂善二路316號二十樓之5,68,6800700,6800700-000,11鄰,樂善二路,,,,,,316號二十樓之5,121.384701722901,25.0461219522248
桃園市龜山區文樂里11鄰樂善二路316號二十樓之6,68,6800700,6800700-000,11鄰,樂善二路,,,,,,316號二十樓之6,121.384701722901,25.0461219522248
桃園市龜山區文樂里11鄰樂善二路316號二十樓之7,68,6800700,6800700-000,11鄰,樂善二路,,,,,,316號二十樓之7,121.384701722901,25.0461219522248
桃園市龜山區文樂里11鄰樂善二路316號二十樓之8,68,6800700,6800700-000,11鄰,樂善二路,,,,,,316號二十樓之8,121.384701722901,25.0461219522248
桃園市龜山區文樂里11鄰樂善二路316號二十樓之9,68,6800700,6800700-000,11鄰,樂善二路,,,,,,316號二十樓之9,121.384701722901,25.0461219522248
桃園市龜山區文樂里11鄰樂善二路316號二十一樓之1,68,6800700,6800700-000,11鄰,樂善二路,,,,,,316號二十一樓之1,121.384701722901,25.0461219522248
桃園市龜山區文樂里11鄰樂善二路316號二十一樓之10,68,6800700,6800700-000,11鄰,樂善二路,,,,,,316號二十一樓之10,121.384701722901,25.0461219522248
桃園市龜山區文樂里11鄰樂善二路316號二十一樓之11,68,6800700,6800700-000,11鄰,樂善二路,,,,,,316號二十一樓之11,121.384701722901,25.0461219522248
桃園市龜山區文樂里11鄰樂善二路316號二十一樓之12,68,6800700,6800700-000,11鄰,樂善二路,,,,,,316號二十一樓之12,121.384701722901,25.0461219522248
桃園市龜山區文樂里11鄰樂善二路316號二十一樓之13,68,6800700,6800700-000,11鄰,樂善二路,,,,,,316號二十一樓之13,121.384701722901,25.0461219522248
桃園市龜山區文樂里11鄰樂善二路316號二十一樓之2,68,6800700,6800700-000,11鄰,樂善二路,,,,,,316號二十一樓之2,121.384701722901,25.0461219522248
桃園市龜山區文樂里11鄰樂善二路316號二十一樓之3,68,6800700,6800700-000,11鄰,樂善二路,,,,,,316號二十一樓之3,121.384701722901,25.0461219522248
桃園市龜山區文樂里11鄰樂善二路316號二十一樓之5,68,6800700,6800700-000,11鄰,樂善二路,,,,,,316號二十一樓之5,121.384701722901,25.0461219522248
桃園市龜山區文樂里11鄰樂善二路316號二十一樓之6,68,6800700,6800700-000,11鄰,樂善二路,,,,,,316號二十一樓之6,121.384701722901,25.0461219522248
桃園市龜山區文樂里11鄰樂善二路316號二十一樓之7,68,6800700,6800700-000,11鄰,樂善二路,,,,,,316號二十一樓之7,121.384701722901,25.0461219522248
桃園市龜山區文樂里11鄰樂善二路316號二十一樓之8,68,6800700,6800700-000,11鄰,樂善二路,,,,,,316號二十一樓之8,121.384701722901,25.0461219522248
桃園市龜山區文樂里11鄰樂善二路316號二十一樓之9,68,6800700,6800700-000,11鄰,樂善二路,,,,,,316號二十一樓之9,121.384701722901,25.0461219522248
桃園市龜山區文樂里11鄰樂善二路316號二十二樓之1,68,6800700,6800700-000,11鄰,樂善二路,,,,,,316號二十二樓之1,121.384701722901,25.0461219522248
桃園市龜山區文樂里11鄰樂善二路316號二十二樓之10,68,6800700,6800700-000,11鄰,樂善二路,,,,,,316號二十二樓之10,121.384701722901,25.0461219522248
桃園市龜山區文樂里11鄰樂善二路316號二十二樓之11,68,6800700,6800700-000,11鄰,樂善二路,,,,,,316號二十二樓之11,121.384701722901,25.0461219522248
桃園市龜山區文樂里11鄰樂善二路316號二十二樓之12,68,6800700,6800700-000,11鄰,樂善二路,,,,,,316號二十二樓之12,121.384701722901,25.0461219522248
桃園市龜山區文樂里11鄰樂善二路316號二十二樓之13,68,6800700,6800700-000,11鄰,樂善二路,,,,,,316號二十二樓之13,121.384701722901,25.0461219522248
桃園市龜山區文樂里11鄰樂善二路316號二十二樓之2,68,6800700,6800700-000,11鄰,樂善二路,,,,,,316號二十二樓之2,121.384701722901,25.0461219522248
桃園市龜山區文樂里11鄰樂善二路316號二十二樓之3,68,6800700,6800700-000,11鄰,樂善二路,,,,,,316號二十二樓之3,121.384701722901,25.0461219522248
桃園市龜山區文樂里11鄰樂善二路316號二十二樓之5,68,6800700,6800700-000,11鄰,樂善二路,,,,,,316號二十二樓之5,121.384701722901,25.0461219522248
桃園市龜山區文樂里11鄰樂善二路316號二十二樓之6,68,6800700,6800700-000,11鄰,樂善二路,,,,,,316號二十二樓之6,121.384701722901,25.0461219522248
桃園市龜山區文樂里11鄰樂善二路316號二十二樓之7,68,6800700,6800700-000,11鄰,樂善二路,,,,,,316號二十二樓之7,121.384701722901,25.0461219522248
桃園市龜山區文樂里11鄰樂善二路316號二十二樓之8,68,6800700,6800700-000,11鄰,樂善二路,,,,,,316號二十二樓之8,121.384701722901,25.0461219522248
桃園市龜山區文樂里11鄰樂善二路316號二十二樓之9,68,6800700,6800700-000,11鄰,樂善二路,,,,,,316號二十二樓之9,121.384701722901,25.0461219522248
桃園市龜山區文樂里11鄰樂善二路318號,68,6800700,6800700-000,11鄰,樂善二路,,,,,,318號,121.384813284134,25.0463027688891
桃園市龜山區文樂里11鄰樂善二路320號,68,6800700,6800700-000,11鄰,樂善二路,,,,,,320號,121.384877689693,25.0462988102067
桃園市龜山區文樂里11鄰樂善二路322號,68,6800700,6800700-000,11鄰,樂善二路,,,,,,322號,121.384832556857,25.0461588998203
桃園市龜山區文樂里11鄰樂善二路326號,68,6800700,6800700-000,11鄰,樂善二路,,,,,,326號,121.384826165493,25.0460480501396
桃園市龜山區樂善里5鄰樂善二路101號,68,6800700,6800700-010,5鄰,樂善二路,,,,,,101號,121.381704563468,25.0477077215247
桃園市龜山區樂善里5鄰樂善二路101號十樓,68,6800700,6800700-010,5鄰,樂善二路,,,,,,101號十樓,121.381998550751,25.0478165681425
桃園市龜山區樂善里5鄰樂善二路101號二樓,68,6800700,6800700-010,5鄰,樂善二路,,,,,,101號二樓,121.381998550751,25.0478165681425
桃園市龜山區樂善里5鄰樂善二路101號三樓,68,6800700,6800700-010,5鄰,樂善二路,,,,,,101號三樓,121.381998550751,25.0478165681425
桃園市龜山區樂善里5鄰樂善二路101號四樓,68,6800700,6800700-010,5鄰,樂善二路,,,,,,101號四樓,121.381998550751,25.0478165681425
桃園市龜山區樂善里5鄰樂善二路101號五樓,68,6800700,6800700-010,5鄰,樂善二路,,,,,,101號五樓,121.381998550751,25.0478165681425
桃園市龜山區樂善里5鄰樂善二路101號六樓,68,6800700,6800700-010,5鄰,樂善二路,,,,,,101號六樓,121.381998550751,25.0478165681425
桃園市龜山區樂善里5鄰樂善二路101號七樓,68,6800700,6800700-010,5鄰,樂善二路,,,,,,101號七樓,121.381998550751,25.0478165681425
桃園市龜山區樂善里5鄰樂善二路101號八樓,68,6800700,6800700-010,5鄰,樂善二路,,,,,,101號八樓,121.381998550751,25.0478165681425
桃園市龜山區樂善里5鄰樂善二路101號九樓,68,6800700,6800700-010,5鄰,樂善二路,,,,,,101號九樓,121.381998550751,25.0478165681425
桃園市龜山區樂善里5鄰樂善二路101號十一樓,68,6800700,6800700-010,5鄰,樂善二路,,,,,,101號十一樓,121.381998550751,25.0478165681425
桃園市龜山區樂善里5鄰樂善二路101號十二樓,68,6800700,6800700-010,5鄰,樂善二路,,,,,,101號十二樓,121.381998550751,25.0478165681425
桃園市龜山區樂善里5鄰樂善二路101號十三樓,68,6800700,6800700-010,5鄰,樂善二路,,,,,,101號十三樓,121.381998550751,25.0478165681425
桃園市龜山區樂善里5鄰樂善二路101號十四樓,68,6800700,6800700-010,5鄰,樂善二路,,,,,,101號十四樓,121.381998550751,25.0478165681425
桃園市龜山區樂善里5鄰樂善二路101號十五樓,68,6800700,6800700-010,5鄰,樂善二路,,,,,,101號十五樓,121.381998550751,25.0478165681425
桃園市龜山區樂善里5鄰樂善二路101號十六樓,68,6800700,6800700-010,5鄰,樂善二路,,,,,,101號十六樓,121.381998550751,25.0478165681425
桃園市龜山區樂善里5鄰樂善二路101號十七樓,68,6800700,6800700-010,5鄰,樂善二路,,,,,,101號十七樓,121.381998550751,25.0478165681425
桃園市龜山區樂善里5鄰樂善二路101號十八樓,68,6800700,6800700-010,5鄰,樂善二路,,,,,,101號十八樓,121.381998550751,25.0478165681425
桃園市龜山區樂善里5鄰樂善二路103號,68,6800700,6800700-010,5鄰,樂善二路,,,,,,103號,121.381745334841,25.047688296422
桃園市龜山區樂善里5鄰樂善二路103號十樓,68,6800700,6800700-010,5鄰,樂善二路,,,,,,103號十樓,121.381910635346,25.0478457746897
桃園市龜山區樂善里5鄰樂善二路103號二樓,68,6800700,6800700-010,5鄰,樂善二路,,,,,,103號二樓,121.381910635346,25.0478457746897
桃園市龜山區樂善里5鄰樂善二路103號三樓,68,6800700,6800700-010,5鄰,樂善二路,,,,,,103號三樓,121.381910635346,25.0478457746897
桃園市龜山區樂善里5鄰樂善二路103號四樓,68,6800700,6800700-010,5鄰,樂善二路,,,,,,103號四樓,121.381910635346,25.0478457746897
桃園市龜山區樂善里5鄰樂善二路103號五樓,68,6800700,6800700-010,5鄰,樂善二路,,,,,,103號五樓,121.381910635346,25.0478457746897
桃園市龜山區樂善里5鄰樂善二路103號六樓,68,6800700,6800700-010,5鄰,樂善二路,,,,,,103號六樓,121.381910635346,25.0478457746897
桃園市龜山區樂善里5鄰樂善二路103號七樓,68,6800700,6800700-010,5鄰,樂善二路,,,,,,103號七樓,121.381910635346,25.0478457746897
桃園市龜山區樂善里5鄰樂善二路103號八樓,68,6800700,6800700-010,5鄰,樂善二路,,,,,,103號八樓,121.381910635346,25.0478457746897
桃園市龜山區樂善里5鄰樂善二路103號九樓,68,6800700,6800700-010,5鄰,樂善二路,,,,,,103號九樓,121.381910635346,25.0478457746897
桃園市龜山區樂善里5鄰樂善二路103號十一樓,68,6800700,6800700-010,5鄰,樂善二路,,,,,,103號十一樓,121.381910635346,25.0478457746897
桃園市龜山區樂善里5鄰樂善二路103號十二樓,68,6800700,6800700-010,5鄰,樂善二路,,,,,,103號十二樓,121.381910635346,25.0478457746897
桃園市龜山區樂善里5鄰樂善二路103號十三樓,68,6800700,6800700-010,5鄰,樂善二路,,,,,,103號十三樓,121.381910635346,25.0478457746897
桃園市龜山區樂善里5鄰樂善二路103號十四樓,68,6800700,6800700-010,5鄰,樂善二路,,,,,,103號十四樓,121.381910635346,25.0478457746897
桃園市龜山區樂善里5鄰樂善二路103號十五樓,68,6800700,6800700-010,5鄰,樂善二路,,,,,,103號十五樓,121.381910635346,25.0478457746897
桃園市龜山區樂善里5鄰樂善二路103號十六樓,68,6800700,6800700-010,5鄰,樂善二路,,,,,,103號十六樓,121.381910635346,25.0478457746897
桃園市龜山區樂善里5鄰樂善二路103號十七樓,68,6800700,6800700-010,5鄰,樂善二路,,,,,,103號十七樓,121.381910635346,25.0478457746897
桃園市龜山區樂善里5鄰樂善二路103號十八樓,68,6800700,6800700-010,5鄰,樂善二路,,,,,,103號十八樓,121.381910635346,25.0478457746897
桃園市龜山區樂善里5鄰樂善二路105號,68,6800700,6800700-010,5鄰,樂善二路,,,,,,105號,121.381784018849,25.0476668904696
桃園市龜山區樂善里5鄰樂善二路105號十樓,68,6800700,6800700-010,5鄰,樂善二路,,,,,,105號十樓,121.381841958289,25.0478788138607
桃園市龜山區樂善里5鄰樂善二路105號二樓,68,6800700,6800700-010,5鄰,樂善二路,,,,,,105號二樓,121.381841958289,25.0478788138607
桃園市龜山區樂善里5鄰樂善二路105號三樓,68,6800700,6800700-010,5鄰,樂善二路,,,,,,105號三樓,121.381841958289,25.0478788138607
桃園市龜山區樂善里5鄰樂善二路105號四樓,68,6800700,6800700-010,5鄰,樂善二路,,,,,,105號四樓,121.381841958289,25.0478788138607
桃園市龜山區樂善里5鄰樂善二路105號五樓,68,6800700,6800700-010,5鄰,樂善二路,,,,,,105號五樓,121.381841958289,25.0478788138607
桃園市龜山區樂善里5鄰樂善二路105號六樓,68,6800700,6800700-010,5鄰,樂善二路,,,,,,105號六樓,121.381841958289,25.0478788138607
桃園市龜山區樂善里5鄰樂善二路105號七樓,68,6800700,6800700-010,5鄰,樂善二路,,,,,,105號七樓,121.381841958289,25.0478788138607
桃園市龜山區樂善里5鄰樂善二路105號八樓,68,6800700,6800700-010,5鄰,樂善二路,,,,,,105號八樓,121.381841958289,25.0478788138607
桃園市龜山區樂善里5鄰樂善二路105號九樓,68,6800700,6800700-010,5鄰,樂善二路,,,,,,105號九樓,121.381841958289,25.0478788138607
桃園市龜山區樂善里5鄰樂善二路105號十一樓,68,6800700,6800700-010,5鄰,樂善二路,,,,,,105號十一樓,121.381841958289,25.0478788138607
桃園市龜山區樂善里5鄰樂善二路105號十二樓,68,6800700,6800700-010,5鄰,樂善二路,,,,,,105號十二樓,121.381841958289,25.0478788138607
桃園市龜山區樂善里5鄰樂善二路105號十三樓,68,6800700,6800700-010,5鄰,樂善二路,,,,,,105號十三樓,121.381841958289,25.0478788138607
桃園市龜山區樂善里5鄰樂善二路105號十四樓,68,6800700,6800700-010,5鄰,樂善二路,,,,,,105號十四樓,121.381841958289,25.0478788138607
桃園市龜山區樂善里5鄰樂善二路105號十五樓,68,6800700,6800700-010,5鄰,樂善二路,,,,,,105號十五樓,121.381841958289,25.0478788138607
桃園市龜山區樂善里5鄰樂善二路105號十六樓,68,6800700,6800700-010,5鄰,樂善二路,,,,,,105號十六樓,121.381841958289,25.0478788138607
桃園市龜山區樂善里5鄰樂善二路105號十七樓,68,6800700,6800700-010,5鄰,樂善二路,,,,,,105號十七樓,121.381841958289,25.0478788138607
桃園市龜山區樂善里5鄰樂善二路105號十八樓,68,6800700,6800700-010,5鄰,樂善二路,,,,,,105號十八樓,121.381841958289,25.0478788138607
桃園市龜山區樂善里5鄰樂善二路107號,68,6800700,6800700-010,5鄰,樂善二路,,,,,,107號,121.38182052869,25.0476474762982
桃園市龜山區樂善里5鄰樂善二路107號十樓,68,6800700,6800700-010,5鄰,樂善二路,,,,,,107號十樓,121.381799020917,25.0478068792223
桃園市龜山區樂善里5鄰樂善二路107號二樓,68,6800700,6800700-010,5鄰,樂善二路,,,,,,107號二樓,121.381799020917,25.0478068792223
桃園市龜山區樂善里5鄰樂善二路107號三樓,68,6800700,6800700-010,5鄰,樂善二路,,,,,,107號三樓,121.381799020917,25.0478068792223
桃園市龜山區樂善里5鄰樂善二路107號四樓,68,6800700,6800700-010,5鄰,樂善二路,,,,,,107號四樓,121.381799020917,25.0478068792223
桃園市龜山區樂善里5鄰樂善二路107號五樓,68,6800700,6800700-010,5鄰,樂善二路,,,,,,107號五樓,121.381799020917,25.0478068792223
桃園市龜山區樂善里5鄰樂善二路107號六樓,68,6800700,6800700-010,5鄰,樂善二路,,,,,,107號六樓,121.381799020917,25.0478068792223
桃園市龜山區樂善里5鄰樂善二路107號七樓,68,6800700,6800700-010,5鄰,樂善二路,,,,,,107號七樓,121.381799020917,25.0478068792223
桃園市龜山區樂善里5鄰樂善二路107號八樓,68,6800700,6800700-010,5鄰,樂善二路,,,,,,107號八樓,121.381799020917,25.0478068792223
桃園市龜山區樂善里5鄰樂善二路107號九樓,68,6800700,6800700-010,5鄰,樂善二路,,,,,,107號九樓,121.381799020917,25.0478068792223
桃園市龜山區樂善里5鄰樂善二路107號十一樓,68,6800700,6800700-010,5鄰,樂善二路,,,,,,107號十一樓,121.381799020917,25.0478068792223
桃園市龜山區樂善里5鄰樂善二路107號十二樓,68,6800700,6800700-010,5鄰,樂善二路,,,,,,107號十二樓,121.381799020917,25.0478068792223
桃園市龜山區樂善里5鄰樂善二路107號十三樓,68,6800700,6800700-010,5鄰,樂善二路,,,,,,107號十三樓,121.381799020917,25.0478068792223
桃園市龜山區樂善里5鄰樂善二路107號十四樓,68,6800700,6800700-010,5鄰,樂善二路,,,,,,107號十四樓,121.381799020917,25.0478068792223
桃園市龜山區樂善里5鄰樂善二路107號十五樓,68,6800700,6800700-010,5鄰,樂善二路,,,,,,107號十五樓,121.381799020917,25.0478068792223
桃園市龜山區樂善里5鄰樂善二路107號十六樓,68,6800700,6800700-010,5鄰,樂善二路,,,,,,107號十六樓,121.381799020917,25.0478068792223
桃園市龜山區樂善里5鄰樂善二路107號十七樓,68,6800700,6800700-010,5鄰,樂善二路,,,,,,107號十七樓,121.381799020917,25.0478068792223
桃園市龜山區樂善里5鄰樂善二路107號十八樓,68,6800700,6800700-010,5鄰,樂善二路,,,,,,107號十八樓,121.381799020917,25.0478068792223
桃園市龜山區樂善里5鄰樂善二路109號十樓,68,6800700,6800700-010,5鄰,樂善二路,,,,,,109號十樓,121.381874121866,25.0477680455133
桃園市龜山區樂善里5鄰樂善二路109號二樓,68,6800700,6800700-010,5鄰,樂善二路,,,,,,109號二樓,121.381874121866,25.0477680455133
桃園市龜山區樂善里5鄰樂善二路109號三樓,68,6800700,6800700-010,5鄰,樂善二路,,,,,,109號三樓,121.381874121866,25.0477680455133
桃園市龜山區樂善里5鄰樂善二路109號四樓,68,6800700,6800700-010,5鄰,樂善二路,,,,,,109號四樓,121.381874121866,25.0477680455133
桃園市龜山區樂善里5鄰樂善二路109號五樓,68,6800700,6800700-010,5鄰,樂善二路,,,,,,109號五樓,121.381874121866,25.0477680455133
桃園市龜山區樂善里5鄰樂善二路109號六樓,68,6800700,6800700-010,5鄰,樂善二路,,,,,,109號六樓,121.381874121866,25.0477680455133
桃園市龜山區樂善里5鄰樂善二路109號七樓,68,6800700,6800700-010,5鄰,樂善二路,,,,,,109號七樓,121.381874121866,25.0477680455133
桃園市龜山區樂善里5鄰樂善二路109號八樓,68,6800700,6800700-010,5鄰,樂善二路,,,,,,109號八樓,121.381874121866,25.0477680455133
桃園市龜山區樂善里5鄰樂善二路109號九樓,68,6800700,6800700-010,5鄰,樂善二路,,,,,,109號九樓,121.381874121866,25.0477680455133
桃園市龜山區樂善里5鄰樂善二路109號十一樓,68,6800700,6800700-010,5鄰,樂善二路,,,,,,109號十一樓,121.381874121866,25.0477680455133
桃園市龜山區樂善里5鄰樂善二路109號十二樓,68,6800700,6800700-010,5鄰,樂善二路,,,,,,109號十二樓,121.381874121866,25.0477680455133
桃園市龜山區樂善里5鄰樂善二路109號十三樓,68,6800700,6800700-010,5鄰,樂善二路,,,,,,109號十三樓,121.381874121866,25.0477680455133
桃園市龜山區樂善里5鄰樂善二路109號十四樓,68,6800700,6800700-010,5鄰,樂善二路,,,,,,109號十四樓,121.381874121866,25.0477680455133
桃園市龜山區樂善里5鄰樂善二路109號十五樓,68,6800700,6800700-010,5鄰,樂善二路,,,,,,109號十五樓,121.381874121866,25.0477680455133
桃園市龜山區樂善里5鄰樂善二路109號十六樓,68,6800700,6800700-010,5鄰,樂善二路,,,,,,109號十六樓,121.381874121866,25.0477680455133
桃園市龜山區樂善里5鄰樂善二路109號十七樓,68,6800700,6800700-010,5鄰,樂善二路,,,,,,109號十七樓,121.381874121866,25.0477680455133
桃園市龜山區樂善里5鄰樂善二路109號十八樓,68,6800700,6800700-010,5鄰,樂善二路,,,,,,109號十八樓,121.381874121866,25.0477680455133
桃園市龜山區樂善里5鄰樂善二路111號十樓,68,6800700,6800700-010,5鄰,樂善二路,,,,,,111號十樓,121.381966355882,25.0477252855911
桃園市龜山區樂善里5鄰樂善二路111號三樓,68,6800700,6800700-010,5鄰,樂善二路,,,,,,111號三樓,121.381966355882,25.0477252855911
桃園市龜山區樂善里5鄰樂善二路111號四樓,68,6800700,6800700-010,5鄰,樂善二路,,,,,,111號四樓,121.381966355882,25.0477252855911
桃園市龜山區樂善里5鄰樂善二路111號五樓,68,6800700,6800700-010,5鄰,樂善二路,,,,,,111號五樓,121.381966355882,25.0477252855911
桃園市龜山區樂善里5鄰樂善二路111號六樓,68,6800700,6800700-010,5鄰,樂善二路,,,,,,111號六樓,121.381966355882,25.0477252855911
桃園市龜山區樂善里5鄰樂善二路111號七樓,68,6800700,6800700-010,5鄰,樂善二路,,,,,,111號七樓,121.381966355882,25.0477252855911
桃園市龜山區樂善里5鄰樂善二路111號八樓,68,6800700,6800700-010,5鄰,樂善二路,,,,,,111號八樓,121.381966355882,25.0477252855911
桃園市龜山區樂善里5鄰樂善二路111號九樓,68,6800700,6800700-010,5鄰,樂善二路,,,,,,111號九樓,121.381966355882,25.0477252855911
桃園市龜山區樂善里5鄰樂善二路111號十一樓,68,6800700,6800700-010,5鄰,樂善二路,,,,,,111號十一樓,121.381966355882,25.0477252855911
桃園市龜山區樂善里5鄰樂善二路111號十二樓,68,6800700,6800700-010,5鄰,樂善二路,,,,,,111號十二樓,121.381966355882,25.0477252855911
桃園市龜山區樂善里5鄰樂善二路111號十三樓,68,6800700,6800700-010,5鄰,樂善二路,,,,,,111號十三樓,121.381966355882,25.0477252855911
桃園市龜山區樂善里5鄰樂善二路111號十四樓,68,6800700,6800700-010,5鄰,樂善二路,,,,,,111號十四樓,121.381966355882,25.0477252855911
桃園市龜山區樂善里5鄰樂善二路111號十五樓,68,6800700,6800700-010,5鄰,樂善二路,,,,,,111號十五樓,121.381966355882,25.0477252855911
桃園市龜山區樂善里5鄰樂善二路111號十六樓,68,6800700,6800700-010,5鄰,樂善二路,,,,,,111號十六樓,121.381966355882,25.0477252855911
桃園市龜山區樂善里5鄰樂善二路111號十七樓,68,6800700,6800700-010,5鄰,樂善二路,,,,,,111號十七樓,121.381966355882,25.0477252855911
桃園市龜山區樂善里5鄰樂善二路111號十八樓,68,6800700,6800700-010,5鄰,樂善二路,,,,,,111號十八樓,121.381966355882,25.0477252855911
桃園市龜山區樂善里5鄰樂善二路113號,68,6800700,6800700-010,5鄰,樂善二路,,,,,,113號,121.381923516948,25.0475891602657
桃園市龜山區樂善里5鄰樂善二路113號十樓,68,6800700,6800700-010,5鄰,樂善二路,,,,,,113號十樓,121.382039375247,25.0476863668692
桃園市龜山區樂善里5鄰樂善二路113號二樓,68,6800700,6800700-010,5鄰,樂善二路,,,,,,113號二樓,121.382039375247,25.0476863668692
桃園市龜山區樂善里5鄰樂善二路113號三樓,68,6800700,6800700-010,5鄰,樂善二路,,,,,,113號三樓,121.382039375247,25.0476863668692
桃園市龜山區樂善里5鄰樂善二路113號四樓,68,6800700,6800700-010,5鄰,樂善二路,,,,,,113號四樓,121.382039375247,25.0476863668692
桃園市龜山區樂善里5鄰樂善二路113號五樓,68,6800700,6800700-010,5鄰,樂善二路,,,,,,113號五樓,121.382039375247,25.0476863668692
桃園市龜山區樂善里5鄰樂善二路113號六樓,68,6800700,6800700-010,5鄰,樂善二路,,,,,,113號六樓,121.382039375247,25.0476863668692
桃園市龜山區樂善里5鄰樂善二路113號七樓,68,6800700,6800700-010,5鄰,樂善二路,,,,,,113號七樓,121.382039375247,25.0476863668692
桃園市龜山區樂善里5鄰樂善二路113號八樓,68,6800700,6800700-010,5鄰,樂善二路,,,,,,113號八樓,121.382039375247,25.0476863668692
桃園市龜山區樂善里5鄰樂善二路113號九樓,68,6800700,6800700-010,5鄰,樂善二路,,,,,,113號九樓,121.382039375247,25.0476863668692
桃園市龜山區樂善里5鄰樂善二路113號十一樓,68,6800700,6800700-010,5鄰,樂善二路,,,,,,113號十一樓,121.382039375247,25.0476863668692
桃園市龜山區樂善里5鄰樂善二路113號十二樓,68,6800700,6800700-010,5鄰,樂善二路,,,,,,113號十二樓,121.382039375247,25.0476863668692
桃園市龜山區樂善里5鄰樂善二路113號十三樓,68,6800700,6800700-010,5鄰,樂善二路,,,,,,113號十三樓,121.382039375247,25.0476863668692
桃園市龜山區樂善里5鄰樂善二路113號十四樓,68,6800700,6800700-010,5鄰,樂善二路,,,,,,113號十四樓,121.382039375247,25.0476863668692
桃園市龜山區樂善里5鄰樂善二路113號十五樓,68,6800700,6800700-010,5鄰,樂善二路,,,,,,113號十五樓,121.382039375247,25.0476863668692
桃園市龜山區樂善里5鄰樂善二路113號十六樓,68,6800700,6800700-010,5鄰,樂善二路,,,,,,113號十六樓,121.382039375247,25.0476863668692
桃園市龜山區樂善里5鄰樂善二路113號十七樓,68,6800700,6800700-010,5鄰,樂善二路,,,,,,113號十七樓,121.382039375247,25.0476863668692
桃園市龜山區樂善里5鄰樂善二路113號十八樓,68,6800700,6800700-010,5鄰,樂善二路,,,,,,113號十八樓,121.382039375247,25.0476863668692
桃園市龜山區樂善里5鄰樂善二路115號,68,6800700,6800700-010,5鄰,樂善二路,,,,,,115號,121.381959927638,25.0475697463152
桃園市龜山區樂善里5鄰樂善二路115號十樓,68,6800700,6800700-010,5鄰,樂善二路,,,,,,115號十樓,121.382114401007,25.0476552974806
桃園市龜山區樂善里5鄰樂善二路115號二樓,68,6800700,6800700-010,5鄰,樂善二路,,,,,,115號二樓,121.382114401007,25.0476552974806
桃園市龜山區樂善里5鄰樂善二路115號三樓,68,6800700,6800700-010,5鄰,樂善二路,,,,,,115號三樓,121.382114401007,25.0476552974806
桃園市龜山區樂善里5鄰樂善二路115號四樓,68,6800700,6800700-010,5鄰,樂善二路,,,,,,115號四樓,121.382114401007,25.0476552974806
桃園市龜山區樂善里5鄰樂善二路115號五樓,68,6800700,6800700-010,5鄰,樂善二路,,,,,,115號五樓,121.382114401007,25.0476552974806
桃園市龜山區樂善里5鄰樂善二路115號六樓,68,6800700,6800700-010,5鄰,樂善二路,,,,,,115號六樓,121.382114401007,25.0476552974806
桃園市龜山區樂善里5鄰樂善二路115號七樓,68,6800700,6800700-010,5鄰,樂善二路,,,,,,115號七樓,121.382114401007,25.0476552974806
桃園市龜山區樂善里5鄰樂善二路115號八樓,68,6800700,6800700-010,5鄰,樂善二路,,,,,,115號八樓,121.382114401007,25.0476552974806
桃園市龜山區樂善里5鄰樂善二路115號九樓,68,6800700,6800700-010,5鄰,樂善二路,,,,,,115號九樓,121.382114401007,25.0476552974806
桃園市龜山區樂善里5鄰樂善二路115號十一樓,68,6800700,6800700-010,5鄰,樂善二路,,,,,,115號十一樓,121.382114401007,25.0476552974806
桃園市龜山區樂善里5鄰樂善二路115號十二樓,68,6800700,6800700-010,5鄰,樂善二路,,,,,,115號十二樓,121.382114401007,25.0476552974806
桃園市龜山區樂善里5鄰樂善二路115號十三樓,68,6800700,6800700-010,5鄰,樂善二路,,,,,,115號十三樓,121.382114401007,25.0476552974806
桃園市龜山區樂善里5鄰樂善二路115號十四樓,68,6800700,6800700-010,5鄰,樂善二路,,,,,,115號十四樓,121.382114401007,25.0476552974806
桃園市龜山區樂善里5鄰樂善二路115號十五樓,68,6800700,6800700-010,5鄰,樂善二路,,,,,,115號十五樓,121.382114401007,25.0476552974806
桃園市龜山區樂善里5鄰樂善二路115號十六樓,68,6800700,6800700-010,5鄰,樂善二路,,,,,,115號十六樓,121.382114401007,25.0476552974806
桃園市龜山區樂善里5鄰樂善二路115號十七樓,68,6800700,6800700-010,5鄰,樂善二路,,,,,,115號十七樓,121.382114401007,25.0476552974806
桃園市龜山區樂善里5鄰樂善二路115號十八樓,68,6800700,6800700-010,5鄰,樂善二路,,,,,,115號十八樓,121.382114401007,25.0476552974806
桃園市龜山區樂善里5鄰樂善二路117號,68,6800700,6800700-010,5鄰,樂善二路,,,,,,117號,121.381994250964,25.0475483515203
桃園市龜山區樂善里5鄰樂善二路117號十樓,68,6800700,6800700-010,5鄰,樂善二路,,,,,,117號十樓,121.382176651921,25.0477233002193
桃園市龜山區樂善里5鄰樂善二路117號二樓,68,6800700,6800700-010,5鄰,樂善二路,,,,,,117號二樓,121.382176651921,25.0477233002193
桃園市龜山區樂善里5鄰樂善二路117號三樓,68,6800700,6800700-010,5鄰,樂善二路,,,,,,117號三樓,121.382176651921,25.0477233002193
桃園市龜山區樂善里5鄰樂善二路117號四樓,68,6800700,6800700-010,5鄰,樂善二路,,,,,,117號四樓,121.382176651921,25.0477233002193
桃園市龜山區樂善里5鄰樂善二路117號五樓,68,6800700,6800700-010,5鄰,樂善二路,,,,,,117號五樓,121.382176651921,25.0477233002193
桃園市龜山區樂善里5鄰樂善二路117號六樓,68,6800700,6800700-010,5鄰,樂善二路,,,,,,117號六樓,121.382176651921,25.0477233002193
桃園市龜山區樂善里5鄰樂善二路117號七樓,68,6800700,6800700-010,5鄰,樂善二路,,,,,,117號七樓,121.382176651921,25.0477233002193
桃園市龜山區樂善里5鄰樂善二路117號八樓,68,6800700,6800700-010,5鄰,樂善二路,,,,,,117號八樓,121.382176651921,25.0477233002193
桃園市龜山區樂善里5鄰樂善二路117號九樓,68,6800700,6800700-010,5鄰,樂善二路,,,,,,117號九樓,121.382176651921,25.0477233002193
桃園市龜山區樂善里5鄰樂善二路117號十一樓,68,6800700,6800700-010,5鄰,樂善二路,,,,,,117號十一樓,121.382176651921,25.0477233002193
桃園市龜山區樂善里5鄰樂善二路117號十二樓,68,6800700,6800700-010,5鄰,樂善二路,,,,,,117號十二樓,121.382176651921,25.0477233002193
桃園市龜山區樂善里5鄰樂善二路117號十三樓,68,6800700,6800700-010,5鄰,樂善二路,,,,,,117號十三樓,121.382176651921,25.0477233002193
桃園市龜山區樂善里5鄰樂善二路117號十四樓,68,6800700,6800700-010,5鄰,樂善二路,,,,,,117號十四樓,121.382176651921,25.0477233002193
桃園市龜山區樂善里5鄰樂善二路117號十五樓,68,6800700,6800700-010,5鄰,樂善二路,,,,,,117號十五樓,121.382176651921,25.0477233002193
桃園市龜山區樂善里5鄰樂善二路117號十六樓,68,6800700,6800700-010,5鄰,樂善二路,,,,,,117號十六樓,121.382176651921,25.0477233002193
桃園市龜山區樂善里5鄰樂善二路117號十七樓,68,6800700,6800700-010,5鄰,樂善二路,,,,,,117號十七樓,121.382176651921,25.0477233002193
桃園市龜山區樂善里5鄰樂善二路117號十八樓,68,6800700,6800700-010,5鄰,樂善二路,,,,,,117號十八樓,121.382176651921,25.0477233002193
桃園市龜山區樂善里5鄰樂善二路119號,68,6800700,6800700-010,5鄰,樂善二路,,,,,,119號,121.382037190511,25.0475250386387
桃園市龜山區樂善里5鄰樂善二路119號十樓,68,6800700,6800700-010,5鄰,樂善二路,,,,,,119號十樓,121.382114416823,25.0477563229427
桃園市龜山區樂善里5鄰樂善二路119號二樓,68,6800700,6800700-010,5鄰,樂善二路,,,,,,119號二樓,121.382114416823,25.0477563229427
桃園市龜山區樂善里5鄰樂善二路119號三樓,68,6800700,6800700-010,5鄰,樂善二路,,,,,,119號三樓,121.382114416823,25.0477563229427
桃園市龜山區樂善里5鄰樂善二路119號四樓,68,6800700,6800700-010,5鄰,樂善二路,,,,,,119號四樓,121.382114416823,25.0477563229427
桃園市龜山區樂善里5鄰樂善二路119號五樓,68,6800700,6800700-010,5鄰,樂善二路,,,,,,119號五樓,121.382114416823,25.0477563229427
桃園市龜山區樂善里5鄰樂善二路119號六樓,68,6800700,6800700-010,5鄰,樂善二路,,,,,,119號六樓,121.382114416823,25.0477563229427
桃園市龜山區樂善里5鄰樂善二路119號七樓,68,6800700,6800700-010,5鄰,樂善二路,,,,,,119號七樓,121.382114416823,25.0477563229427
桃園市龜山區樂善里5鄰樂善二路119號八樓,68,6800700,6800700-010,5鄰,樂善二路,,,,,,119號八樓,121.382114416823,25.0477563229427
桃園市龜山區樂善里5鄰樂善二路119號九樓,68,6800700,6800700-010,5鄰,樂善二路,,,,,,119號九樓,121.382114416823,25.0477563229427
桃園市龜山區樂善里5鄰樂善二路119號十一樓,68,6800700,6800700-010,5鄰,樂善二路,,,,,,119號十一樓,121.382114416823,25.0477563229427
桃園市龜山區樂善里5鄰樂善二路119號十二樓,68,6800700,6800700-010,5鄰,樂善二路,,,,,,119號十二樓,121.382114416823,25.0477563229427
桃園市龜山區樂善里5鄰樂善二路119號十三樓,68,6800700,6800700-010,5鄰,樂善二路,,,,,,119號十三樓,121.382114416823,25.0477563229427
桃園市龜山區樂善里5鄰樂善二路119號十四樓,68,6800700,6800700-010,5鄰,樂善二路,,,,,,119號十四樓,121.382114416823,25.0477563229427
桃園市龜山區樂善里5鄰樂善二路119號十五樓,68,6800700,6800700-010,5鄰,樂善二路,,,,,,119號十五樓,121.382114416823,25.0477563229427
桃園市龜山區樂善里5鄰樂善二路119號十六樓,68,6800700,6800700-010,5鄰,樂善二路,,,,,,119號十六樓,121.382114416823,25.0477563229427
桃園市龜山區樂善里5鄰樂善二路119號十七樓,68,6800700,6800700-010,5鄰,樂善二路,,,,,,119號十七樓,121.382114416823,25.0477563229427
桃園市龜山區樂善里5鄰樂善二路119號十八樓,68,6800700,6800700-010,5鄰,樂善二路,,,,,,119號十八樓,121.382114416823,25.0477563229427
