FULL_ADDR,COUNTY,TOWN,VILLAGE,NEIGHBORHOOD,ROAD,SECTION,LANE,ALLEY,SUB_ALLEY,TONG,NUMBER,X,Y
桃園市桃園區汴洲里1鄰水岸七街2之1號,68,6800100,6800100-010,1鄰,水岸七街,,,,,,2之1號,121.295251977943,25.0303640588883
桃園市桃園區汴洲里1鄰水岸七街66號,68,6800100,6800100-010,1鄰,水岸七街,,,,,,66號,121.296123414018,25.0306195406069
桃園市桃園區汴洲里1鄰水岸七街66號二樓,68,6800100,6800100-010,1鄰,水岸七街,,,,,,66號二樓,121.296123414018,25.0306195406069
桃園市桃園區汴洲里1鄰水岸七街66號三樓,68,6800100,6800100-010,1鄰,水岸七街,,,,,,66號三樓,121.296123414018,25.0306195406069
桃園市桃園區汴洲里1鄰水岸七街66號四樓,68,6800100,6800100-010,1鄰,水岸七街,,,,,,66號四樓,121.296123414018,25.0306195406069
桃園市桃園區汴洲里1鄰水岸七街66號五樓,68,6800100,6800100-010,1鄰,水岸七街,,,,,,66號五樓,121.296123414018,25.0306195406069
桃園市桃園區汴洲里1鄰水岸七街66號六樓,68,6800100,6800100-010,1鄰,水岸七街,,,,,,66號六樓,121.296123414018,25.0306195406069
桃園市桃園區汴洲里1鄰水岸七街66號七樓,68,6800100,6800100-010,1鄰,水岸七街,,,,,,66號七樓,121.296123414018,25.0306195406069
桃園市桃園區汴洲里1鄰水岸七街88號,68,6800100,6800100-010,1鄰,水岸七街,,,,,,88號,121.296595303014,25.0306651855539
