FULL_ADDR,COUNTY,TOWN,VILLAGE,NEIGHBORHOOD,ROAD,SECTION,LANE,ALLEY,SUB_ALLEY,TONG,NUMBER,X,Y
桃園市中壢區過嶺里20鄰松平三街16號,68,6800200,6800200-043,20鄰,松平三街,,,,,,16號,121.163200804597,24.9630209331692
桃園市中壢區過嶺里20鄰松平三街18號,68,6800200,6800200-043,20鄰,松平三街,,,,,,18號,121.163156576894,24.9630533033154
桃園市中壢區過嶺里20鄰松平三街20號,68,6800200,6800200-043,20鄰,松平三街,,,,,,20號,121.163094421244,24.9630842485386
