FULL_ADDR,COUNTY,TOWN,VILLAGE,NEIGHBORHOOD,ROAD,SECTION,LANE,ALLEY,SUB_ALLEY,TONG,NUMBER,X,Y
桃園市龜山區樂善里9鄰樂學路95號,68,6800700,6800700-010,9鄰,樂學路,,,,,,95號,121.38571368869,25.0507184697475
桃園市龜山區樂善里9鄰樂學路97號,68,6800700,6800700-010,9鄰,樂學路,,,,,,97號,121.385742671851,25.0507640771216
桃園市龜山區樂善里8鄰樂學路99號十樓之1,68,6800700,6800700-010,8鄰,樂學路,,,,,,99號十樓之1,121.385852016621,25.0508998479343
桃園市龜山區樂善里8鄰樂學路99號十樓之2,68,6800700,6800700-010,8鄰,樂學路,,,,,,99號十樓之2,121.385852016621,25.0508998479343
桃園市龜山區樂善里8鄰樂學路99號十樓之3,68,6800700,6800700-010,8鄰,樂學路,,,,,,99號十樓之3,121.385852016621,25.0508998479343
桃園市龜山區樂善里8鄰樂學路99號二樓之1,68,6800700,6800700-010,8鄰,樂學路,,,,,,99號二樓之1,121.385852016621,25.0508998479343
桃園市龜山區樂善里8鄰樂學路99號二樓之2,68,6800700,6800700-010,8鄰,樂學路,,,,,,99號二樓之2,121.385852016621,25.0508998479343
桃園市龜山區樂善里8鄰樂學路99號二樓之3,68,6800700,6800700-010,8鄰,樂學路,,,,,,99號二樓之3,121.385852016621,25.0508998479343
桃園市龜山區樂善里8鄰樂學路99號三樓之1,68,6800700,6800700-010,8鄰,樂學路,,,,,,99號三樓之1,121.385852016621,25.0508998479343
桃園市龜山區樂善里8鄰樂學路99號三樓之2,68,6800700,6800700-010,8鄰,樂學路,,,,,,99號三樓之2,121.385852016621,25.0508998479343
桃園市龜山區樂善里8鄰樂學路99號三樓之3,68,6800700,6800700-010,8鄰,樂學路,,,,,,99號三樓之3,121.385852016621,25.0508998479343
桃園市龜山區樂善里8鄰樂學路99號四樓之1,68,6800700,6800700-010,8鄰,樂學路,,,,,,99號四樓之1,121.385852016621,25.0508998479343
桃園市龜山區樂善里8鄰樂學路99號四樓之2,68,6800700,6800700-010,8鄰,樂學路,,,,,,99號四樓之2,121.385852016621,25.0508998479343
桃園市龜山區樂善里8鄰樂學路99號四樓之3,68,6800700,6800700-010,8鄰,樂學路,,,,,,99號四樓之3,121.385852016621,25.0508998479343
桃園市龜山區樂善里8鄰樂學路99號五樓之1,68,6800700,6800700-010,8鄰,樂學路,,,,,,99號五樓之1,121.385852016621,25.0508998479343
桃園市龜山區樂善里8鄰樂學路99號五樓之2,68,6800700,6800700-010,8鄰,樂學路,,,,,,99號五樓之2,121.385852016621,25.0508998479343
桃園市龜山區樂善里8鄰樂學路99號五樓之3,68,6800700,6800700-010,8鄰,樂學路,,,,,,99號五樓之3,121.385852016621,25.0508998479343
桃園市龜山區樂善里8鄰樂學路99號六樓之1,68,6800700,6800700-010,8鄰,樂學路,,,,,,99號六樓之1,121.385852016621,25.0508998479343
桃園市龜山區樂善里8鄰樂學路99號六樓之2,68,6800700,6800700-010,8鄰,樂學路,,,,,,99號六樓之2,121.385852016621,25.0508998479343
桃園市龜山區樂善里8鄰樂學路99號六樓之3,68,6800700,6800700-010,8鄰,樂學路,,,,,,99號六樓之3,121.385852016621,25.0508998479343
桃園市龜山區樂善里8鄰樂學路99號七樓之1,68,6800700,6800700-010,8鄰,樂學路,,,,,,99號七樓之1,121.385852016621,25.0508998479343
桃園市龜山區樂善里8鄰樂學路99號七樓之2,68,6800700,6800700-010,8鄰,樂學路,,,,,,99號七樓之2,121.385852016621,25.0508998479343
桃園市龜山區樂善里8鄰樂學路99號七樓之3,68,6800700,6800700-010,8鄰,樂學路,,,,,,99號七樓之3,121.385852016621,25.0508998479343
桃園市龜山區樂善里8鄰樂學路99號八樓之1,68,6800700,6800700-010,8鄰,樂學路,,,,,,99號八樓之1,121.385852016621,25.0508998479343
桃園市龜山區樂善里8鄰樂學路99號八樓之2,68,6800700,6800700-010,8鄰,樂學路,,,,,,99號八樓之2,121.385852016621,25.0508998479343
桃園市龜山區樂善里8鄰樂學路99號八樓之3,68,6800700,6800700-010,8鄰,樂學路,,,,,,99號八樓之3,121.385852016621,25.0508998479343
桃園市龜山區樂善里8鄰樂學路99號九樓之1,68,6800700,6800700-010,8鄰,樂學路,,,,,,99號九樓之1,121.385852016621,25.0508998479343
桃園市龜山區樂善里8鄰樂學路99號九樓之2,68,6800700,6800700-010,8鄰,樂學路,,,,,,99號九樓之2,121.385852016621,25.0508998479343
桃園市龜山區樂善里8鄰樂學路99號九樓之3,68,6800700,6800700-010,8鄰,樂學路,,,,,,99號九樓之3,121.385852016621,25.0508998479343
桃園市龜山區樂善里8鄰樂學路99號十一樓之1,68,6800700,6800700-010,8鄰,樂學路,,,,,,99號十一樓之1,121.385852016621,25.0508998479343
桃園市龜山區樂善里8鄰樂學路99號十一樓之2,68,6800700,6800700-010,8鄰,樂學路,,,,,,99號十一樓之2,121.385852016621,25.0508998479343
桃園市龜山區樂善里8鄰樂學路99號十一樓之3,68,6800700,6800700-010,8鄰,樂學路,,,,,,99號十一樓之3,121.385852016621,25.0508998479343
桃園市龜山區樂善里8鄰樂學路99號十二樓之1,68,6800700,6800700-010,8鄰,樂學路,,,,,,99號十二樓之1,121.385852016621,25.0508998479343
桃園市龜山區樂善里8鄰樂學路99號十二樓之2,68,6800700,6800700-010,8鄰,樂學路,,,,,,99號十二樓之2,121.385852016621,25.0508998479343
桃園市龜山區樂善里8鄰樂學路99號十二樓之3,68,6800700,6800700-010,8鄰,樂學路,,,,,,99號十二樓之3,121.385852016621,25.0508998479343
桃園市龜山區樂善里8鄰樂學路99號十三樓之1,68,6800700,6800700-010,8鄰,樂學路,,,,,,99號十三樓之1,121.385852016621,25.0508998479343
桃園市龜山區樂善里8鄰樂學路99號十三樓之2,68,6800700,6800700-010,8鄰,樂學路,,,,,,99號十三樓之2,121.385852016621,25.0508998479343
桃園市龜山區樂善里8鄰樂學路99號十三樓之3,68,6800700,6800700-010,8鄰,樂學路,,,,,,99號十三樓之3,121.385852016621,25.0508998479343
桃園市龜山區樂善里8鄰樂學路99號十四樓之1,68,6800700,6800700-010,8鄰,樂學路,,,,,,99號十四樓之1,121.385852016621,25.0508998479343
桃園市龜山區樂善里8鄰樂學路99號十四樓之2,68,6800700,6800700-010,8鄰,樂學路,,,,,,99號十四樓之2,121.385852016621,25.0508998479343
桃園市龜山區樂善里8鄰樂學路99號十四樓之3,68,6800700,6800700-010,8鄰,樂學路,,,,,,99號十四樓之3,121.385852016621,25.0508998479343
桃園市龜山區樂善里8鄰樂學路99號十五樓之1,68,6800700,6800700-010,8鄰,樂學路,,,,,,99號十五樓之1,121.385852016621,25.0508998479343
桃園市龜山區樂善里8鄰樂學路99號十五樓之2,68,6800700,6800700-010,8鄰,樂學路,,,,,,99號十五樓之2,121.385852016621,25.0508998479343
桃園市龜山區樂善里8鄰樂學路99號十五樓之3,68,6800700,6800700-010,8鄰,樂學路,,,,,,99號十五樓之3,121.385852016621,25.0508998479343
桃園市龜山區樂善里8鄰樂學路101號,68,6800700,6800700-010,8鄰,樂學路,,,,,,101號,121.385686647234,25.0510083448228
桃園市龜山區樂善里8鄰樂學路101號十樓之1,68,6800700,6800700-010,8鄰,樂學路,,,,,,101號十樓之1,121.385686647234,25.0510083448228
桃園市龜山區樂善里8鄰樂學路101號十樓之2,68,6800700,6800700-010,8鄰,樂學路,,,,,,101號十樓之2,121.385686647234,25.0510083448228
桃園市龜山區樂善里8鄰樂學路101號十樓之3,68,6800700,6800700-010,8鄰,樂學路,,,,,,101號十樓之3,121.385686647234,25.0510083448228
桃園市龜山區樂善里8鄰樂學路101號二樓之1,68,6800700,6800700-010,8鄰,樂學路,,,,,,101號二樓之1,121.385686647234,25.0510083448228
桃園市龜山區樂善里8鄰樂學路101號二樓之2,68,6800700,6800700-010,8鄰,樂學路,,,,,,101號二樓之2,121.385686647234,25.0510083448228
桃園市龜山區樂善里8鄰樂學路101號二樓之3,68,6800700,6800700-010,8鄰,樂學路,,,,,,101號二樓之3,121.385686647234,25.0510083448228
桃園市龜山區樂善里8鄰樂學路101號三樓之1,68,6800700,6800700-010,8鄰,樂學路,,,,,,101號三樓之1,121.385686647234,25.0510083448228
桃園市龜山區樂善里8鄰樂學路101號三樓之2,68,6800700,6800700-010,8鄰,樂學路,,,,,,101號三樓之2,121.385686647234,25.0510083448228
桃園市龜山區樂善里8鄰樂學路101號三樓之3,68,6800700,6800700-010,8鄰,樂學路,,,,,,101號三樓之3,121.385686647234,25.0510083448228
桃園市龜山區樂善里8鄰樂學路101號四樓之1,68,6800700,6800700-010,8鄰,樂學路,,,,,,101號四樓之1,121.385686647234,25.0510083448228
桃園市龜山區樂善里8鄰樂學路101號四樓之2,68,6800700,6800700-010,8鄰,樂學路,,,,,,101號四樓之2,121.385686647234,25.0510083448228
桃園市龜山區樂善里8鄰樂學路101號四樓之3,68,6800700,6800700-010,8鄰,樂學路,,,,,,101號四樓之3,121.385686647234,25.0510083448228
桃園市龜山區樂善里8鄰樂學路101號五樓之1,68,6800700,6800700-010,8鄰,樂學路,,,,,,101號五樓之1,121.385686647234,25.0510083448228
桃園市龜山區樂善里8鄰樂學路101號五樓之2,68,6800700,6800700-010,8鄰,樂學路,,,,,,101號五樓之2,121.385686647234,25.0510083448228
桃園市龜山區樂善里8鄰樂學路101號五樓之3,68,6800700,6800700-010,8鄰,樂學路,,,,,,101號五樓之3,121.385686647234,25.0510083448228
桃園市龜山區樂善里8鄰樂學路101號六樓之1,68,6800700,6800700-010,8鄰,樂學路,,,,,,101號六樓之1,121.385686647234,25.0510083448228
桃園市龜山區樂善里8鄰樂學路101號六樓之2,68,6800700,6800700-010,8鄰,樂學路,,,,,,101號六樓之2,121.385686647234,25.0510083448228
桃園市龜山區樂善里8鄰樂學路101號六樓之3,68,6800700,6800700-010,8鄰,樂學路,,,,,,101號六樓之3,121.385686647234,25.0510083448228
桃園市龜山區樂善里8鄰樂學路101號七樓之1,68,6800700,6800700-010,8鄰,樂學路,,,,,,101號七樓之1,121.385686647234,25.0510083448228
桃園市龜山區樂善里8鄰樂學路101號七樓之2,68,6800700,6800700-010,8鄰,樂學路,,,,,,101號七樓之2,121.385686647234,25.0510083448228
桃園市龜山區樂善里8鄰樂學路101號七樓之3,68,6800700,6800700-010,8鄰,樂學路,,,,,,101號七樓之3,121.385686647234,25.0510083448228
桃園市龜山區樂善里8鄰樂學路101號八樓之1,68,6800700,6800700-010,8鄰,樂學路,,,,,,101號八樓之1,121.385686647234,25.0510083448228
桃園市龜山區樂善里8鄰樂學路101號八樓之2,68,6800700,6800700-010,8鄰,樂學路,,,,,,101號八樓之2,121.385686647234,25.0510083448228
桃園市龜山區樂善里8鄰樂學路101號八樓之3,68,6800700,6800700-010,8鄰,樂學路,,,,,,101號八樓之3,121.385686647234,25.0510083448228
桃園市龜山區樂善里8鄰樂學路101號九樓之1,68,6800700,6800700-010,8鄰,樂學路,,,,,,101號九樓之1,121.385686647234,25.0510083448228
桃園市龜山區樂善里8鄰樂學路101號九樓之2,68,6800700,6800700-010,8鄰,樂學路,,,,,,101號九樓之2,121.385686647234,25.0510083448228
桃園市龜山區樂善里8鄰樂學路101號九樓之3,68,6800700,6800700-010,8鄰,樂學路,,,,,,101號九樓之3,121.385686647234,25.0510083448228
桃園市龜山區樂善里8鄰樂學路101號十一樓之1,68,6800700,6800700-010,8鄰,樂學路,,,,,,101號十一樓之1,121.385686647234,25.0510083448228
桃園市龜山區樂善里8鄰樂學路101號十一樓之2,68,6800700,6800700-010,8鄰,樂學路,,,,,,101號十一樓之2,121.385686647234,25.0510083448228
桃園市龜山區樂善里8鄰樂學路101號十一樓之3,68,6800700,6800700-010,8鄰,樂學路,,,,,,101號十一樓之3,121.385686647234,25.0510083448228
桃園市龜山區樂善里8鄰樂學路101號十二樓之1,68,6800700,6800700-010,8鄰,樂學路,,,,,,101號十二樓之1,121.385686647234,25.0510083448228
桃園市龜山區樂善里8鄰樂學路101號十二樓之2,68,6800700,6800700-010,8鄰,樂學路,,,,,,101號十二樓之2,121.385686647234,25.0510083448228
桃園市龜山區樂善里8鄰樂學路101號十二樓之3,68,6800700,6800700-010,8鄰,樂學路,,,,,,101號十二樓之3,121.385686647234,25.0510083448228
桃園市龜山區樂善里8鄰樂學路101號十三樓之1,68,6800700,6800700-010,8鄰,樂學路,,,,,,101號十三樓之1,121.385686647234,25.0510083448228
桃園市龜山區樂善里8鄰樂學路101號十三樓之2,68,6800700,6800700-010,8鄰,樂學路,,,,,,101號十三樓之2,121.385686647234,25.0510083448228
桃園市龜山區樂善里8鄰樂學路101號十三樓之3,68,6800700,6800700-010,8鄰,樂學路,,,,,,101號十三樓之3,121.385686647234,25.0510083448228
桃園市龜山區樂善里8鄰樂學路101號十四樓之1,68,6800700,6800700-010,8鄰,樂學路,,,,,,101號十四樓之1,121.385686647234,25.0510083448228
桃園市龜山區樂善里8鄰樂學路101號十四樓之2,68,6800700,6800700-010,8鄰,樂學路,,,,,,101號十四樓之2,121.385686647234,25.0510083448228
桃園市龜山區樂善里8鄰樂學路101號十四樓之3,68,6800700,6800700-010,8鄰,樂學路,,,,,,101號十四樓之3,121.385686647234,25.0510083448228
桃園市龜山區樂善里8鄰樂學路101號十五樓之1,68,6800700,6800700-010,8鄰,樂學路,,,,,,101號十五樓之1,121.385686647234,25.0510083448228
桃園市龜山區樂善里8鄰樂學路101號十五樓之2,68,6800700,6800700-010,8鄰,樂學路,,,,,,101號十五樓之2,121.385686647234,25.0510083448228
桃園市龜山區樂善里8鄰樂學路101號十五樓之3,68,6800700,6800700-010,8鄰,樂學路,,,,,,101號十五樓之3,121.385686647234,25.0510083448228
桃園市龜山區樂善里8鄰樂學路103號,68,6800700,6800700-010,8鄰,樂學路,,,,,,103號,121.385504146067,25.0511530890272
桃園市龜山區樂善里8鄰樂學路103號十樓之1,68,6800700,6800700-010,8鄰,樂學路,,,,,,103號十樓之1,121.385504146067,25.0511530890272
桃園市龜山區樂善里8鄰樂學路103號十樓之2,68,6800700,6800700-010,8鄰,樂學路,,,,,,103號十樓之2,121.385504146067,25.0511530890272
桃園市龜山區樂善里8鄰樂學路103號二樓之1,68,6800700,6800700-010,8鄰,樂學路,,,,,,103號二樓之1,121.385504146067,25.0511530890272
桃園市龜山區樂善里8鄰樂學路103號二樓之2,68,6800700,6800700-010,8鄰,樂學路,,,,,,103號二樓之2,121.385504146067,25.0511530890272
桃園市龜山區樂善里8鄰樂學路103號三樓之1,68,6800700,6800700-010,8鄰,樂學路,,,,,,103號三樓之1,121.385504146067,25.0511530890272
桃園市龜山區樂善里8鄰樂學路103號三樓之2,68,6800700,6800700-010,8鄰,樂學路,,,,,,103號三樓之2,121.385504146067,25.0511530890272
桃園市龜山區樂善里8鄰樂學路103號四樓之1,68,6800700,6800700-010,8鄰,樂學路,,,,,,103號四樓之1,121.385504146067,25.0511530890272
桃園市龜山區樂善里8鄰樂學路103號四樓之2,68,6800700,6800700-010,8鄰,樂學路,,,,,,103號四樓之2,121.385504146067,25.0511530890272
桃園市龜山區樂善里8鄰樂學路103號五樓之1,68,6800700,6800700-010,8鄰,樂學路,,,,,,103號五樓之1,121.385504146067,25.0511530890272
桃園市龜山區樂善里8鄰樂學路103號五樓之2,68,6800700,6800700-010,8鄰,樂學路,,,,,,103號五樓之2,121.385504146067,25.0511530890272
桃園市龜山區樂善里8鄰樂學路103號六樓之1,68,6800700,6800700-010,8鄰,樂學路,,,,,,103號六樓之1,121.385504146067,25.0511530890272
桃園市龜山區樂善里8鄰樂學路103號六樓之2,68,6800700,6800700-010,8鄰,樂學路,,,,,,103號六樓之2,121.385504146067,25.0511530890272
桃園市龜山區樂善里8鄰樂學路103號七樓之1,68,6800700,6800700-010,8鄰,樂學路,,,,,,103號七樓之1,121.385504146067,25.0511530890272
桃園市龜山區樂善里8鄰樂學路103號七樓之2,68,6800700,6800700-010,8鄰,樂學路,,,,,,103號七樓之2,121.385504146067,25.0511530890272
桃園市龜山區樂善里8鄰樂學路103號八樓之1,68,6800700,6800700-010,8鄰,樂學路,,,,,,103號八樓之1,121.385504146067,25.0511530890272
桃園市龜山區樂善里8鄰樂學路103號八樓之2,68,6800700,6800700-010,8鄰,樂學路,,,,,,103號八樓之2,121.385504146067,25.0511530890272
桃園市龜山區樂善里8鄰樂學路103號九樓之1,68,6800700,6800700-010,8鄰,樂學路,,,,,,103號九樓之1,121.385504146067,25.0511530890272
桃園市龜山區樂善里8鄰樂學路103號九樓之2,68,6800700,6800700-010,8鄰,樂學路,,,,,,103號九樓之2,121.385504146067,25.0511530890272
桃園市龜山區樂善里8鄰樂學路103號十一樓之1,68,6800700,6800700-010,8鄰,樂學路,,,,,,103號十一樓之1,121.385504146067,25.0511530890272
桃園市龜山區樂善里8鄰樂學路103號十一樓之2,68,6800700,6800700-010,8鄰,樂學路,,,,,,103號十一樓之2,121.385504146067,25.0511530890272
桃園市龜山區樂善里8鄰樂學路103號十二樓之1,68,6800700,6800700-010,8鄰,樂學路,,,,,,103號十二樓之1,121.385504146067,25.0511530890272
桃園市龜山區樂善里8鄰樂學路103號十二樓之2,68,6800700,6800700-010,8鄰,樂學路,,,,,,103號十二樓之2,121.385504146067,25.0511530890272
桃園市龜山區樂善里8鄰樂學路103號十三樓之1,68,6800700,6800700-010,8鄰,樂學路,,,,,,103號十三樓之1,121.385504146067,25.0511530890272
桃園市龜山區樂善里8鄰樂學路103號十三樓之2,68,6800700,6800700-010,8鄰,樂學路,,,,,,103號十三樓之2,121.385504146067,25.0511530890272
桃園市龜山區樂善里8鄰樂學路103號十四樓之1,68,6800700,6800700-010,8鄰,樂學路,,,,,,103號十四樓之1,121.385504146067,25.0511530890272
桃園市龜山區樂善里8鄰樂學路103號十四樓之2,68,6800700,6800700-010,8鄰,樂學路,,,,,,103號十四樓之2,121.385504146067,25.0511530890272
桃園市龜山區樂善里8鄰樂學路103號十五樓之1,68,6800700,6800700-010,8鄰,樂學路,,,,,,103號十五樓之1,121.385504146067,25.0511530890272
桃園市龜山區樂善里8鄰樂學路103號十五樓之2,68,6800700,6800700-010,8鄰,樂學路,,,,,,103號十五樓之2,121.385504146067,25.0511530890272
桃園市龜山區樂善里8鄰樂學路105號,68,6800700,6800700-010,8鄰,樂學路,,,,,,105號,121.385640963811,25.0512951986986
桃園市龜山區樂善里8鄰樂學路105號十樓之1,68,6800700,6800700-010,8鄰,樂學路,,,,,,105號十樓之1,121.385640963811,25.0512951986986
桃園市龜山區樂善里8鄰樂學路105號十樓之2,68,6800700,6800700-010,8鄰,樂學路,,,,,,105號十樓之2,121.385640963811,25.0512951986986
桃園市龜山區樂善里8鄰樂學路105號十樓之3,68,6800700,6800700-010,8鄰,樂學路,,,,,,105號十樓之3,121.385640963811,25.0512951986986
桃園市龜山區樂善里8鄰樂學路105號二樓之1,68,6800700,6800700-010,8鄰,樂學路,,,,,,105號二樓之1,121.385640963811,25.0512951986986
桃園市龜山區樂善里8鄰樂學路105號二樓之2,68,6800700,6800700-010,8鄰,樂學路,,,,,,105號二樓之2,121.385640963811,25.0512951986986
桃園市龜山區樂善里8鄰樂學路105號二樓之3,68,6800700,6800700-010,8鄰,樂學路,,,,,,105號二樓之3,121.385640963811,25.0512951986986
桃園市龜山區樂善里8鄰樂學路105號三樓之1,68,6800700,6800700-010,8鄰,樂學路,,,,,,105號三樓之1,121.385640963811,25.0512951986986
桃園市龜山區樂善里8鄰樂學路105號三樓之2,68,6800700,6800700-010,8鄰,樂學路,,,,,,105號三樓之2,121.385640963811,25.0512951986986
桃園市龜山區樂善里8鄰樂學路105號三樓之3,68,6800700,6800700-010,8鄰,樂學路,,,,,,105號三樓之3,121.385640963811,25.0512951986986
桃園市龜山區樂善里8鄰樂學路105號四樓之1,68,6800700,6800700-010,8鄰,樂學路,,,,,,105號四樓之1,121.385640963811,25.0512951986986
桃園市龜山區樂善里8鄰樂學路105號四樓之2,68,6800700,6800700-010,8鄰,樂學路,,,,,,105號四樓之2,121.385640963811,25.0512951986986
桃園市龜山區樂善里8鄰樂學路105號四樓之3,68,6800700,6800700-010,8鄰,樂學路,,,,,,105號四樓之3,121.385640963811,25.0512951986986
桃園市龜山區樂善里8鄰樂學路105號五樓之1,68,6800700,6800700-010,8鄰,樂學路,,,,,,105號五樓之1,121.385640963811,25.0512951986986
桃園市龜山區樂善里8鄰樂學路105號五樓之2,68,6800700,6800700-010,8鄰,樂學路,,,,,,105號五樓之2,121.385640963811,25.0512951986986
桃園市龜山區樂善里8鄰樂學路105號五樓之3,68,6800700,6800700-010,8鄰,樂學路,,,,,,105號五樓之3,121.385640963811,25.0512951986986
桃園市龜山區樂善里8鄰樂學路105號六樓之1,68,6800700,6800700-010,8鄰,樂學路,,,,,,105號六樓之1,121.385640963811,25.0512951986986
桃園市龜山區樂善里8鄰樂學路105號六樓之2,68,6800700,6800700-010,8鄰,樂學路,,,,,,105號六樓之2,121.385640963811,25.0512951986986
桃園市龜山區樂善里8鄰樂學路105號六樓之3,68,6800700,6800700-010,8鄰,樂學路,,,,,,105號六樓之3,121.385640963811,25.0512951986986
桃園市龜山區樂善里8鄰樂學路105號七樓之1,68,6800700,6800700-010,8鄰,樂學路,,,,,,105號七樓之1,121.385640963811,25.0512951986986
桃園市龜山區樂善里8鄰樂學路105號七樓之2,68,6800700,6800700-010,8鄰,樂學路,,,,,,105號七樓之2,121.385640963811,25.0512951986986
桃園市龜山區樂善里8鄰樂學路105號七樓之3,68,6800700,6800700-010,8鄰,樂學路,,,,,,105號七樓之3,121.385640963811,25.0512951986986
桃園市龜山區樂善里8鄰樂學路105號八樓之1,68,6800700,6800700-010,8鄰,樂學路,,,,,,105號八樓之1,121.385640963811,25.0512951986986
桃園市龜山區樂善里8鄰樂學路105號八樓之2,68,6800700,6800700-010,8鄰,樂學路,,,,,,105號八樓之2,121.385640963811,25.0512951986986
桃園市龜山區樂善里8鄰樂學路105號八樓之3,68,6800700,6800700-010,8鄰,樂學路,,,,,,105號八樓之3,121.385640963811,25.0512951986986
桃園市龜山區樂善里8鄰樂學路105號九樓之1,68,6800700,6800700-010,8鄰,樂學路,,,,,,105號九樓之1,121.385640963811,25.0512951986986
桃園市龜山區樂善里8鄰樂學路105號九樓之2,68,6800700,6800700-010,8鄰,樂學路,,,,,,105號九樓之2,121.385640963811,25.0512951986986
桃園市龜山區樂善里8鄰樂學路105號九樓之3,68,6800700,6800700-010,8鄰,樂學路,,,,,,105號九樓之3,121.385640963811,25.0512951986986
桃園市龜山區樂善里8鄰樂學路105號十一樓之1,68,6800700,6800700-010,8鄰,樂學路,,,,,,105號十一樓之1,121.385640963811,25.0512951986986
桃園市龜山區樂善里8鄰樂學路105號十一樓之2,68,6800700,6800700-010,8鄰,樂學路,,,,,,105號十一樓之2,121.385640963811,25.0512951986986
桃園市龜山區樂善里8鄰樂學路105號十一樓之3,68,6800700,6800700-010,8鄰,樂學路,,,,,,105號十一樓之3,121.385640963811,25.0512951986986
桃園市龜山區樂善里8鄰樂學路105號十二樓之1,68,6800700,6800700-010,8鄰,樂學路,,,,,,105號十二樓之1,121.385640963811,25.0512951986986
桃園市龜山區樂善里8鄰樂學路105號十二樓之2,68,6800700,6800700-010,8鄰,樂學路,,,,,,105號十二樓之2,121.385640963811,25.0512951986986
桃園市龜山區樂善里8鄰樂學路105號十二樓之3,68,6800700,6800700-010,8鄰,樂學路,,,,,,105號十二樓之3,121.385640963811,25.0512951986986
桃園市龜山區樂善里8鄰樂學路105號十三樓之1,68,6800700,6800700-010,8鄰,樂學路,,,,,,105號十三樓之1,121.385640963811,25.0512951986986
桃園市龜山區樂善里8鄰樂學路105號十三樓之2,68,6800700,6800700-010,8鄰,樂學路,,,,,,105號十三樓之2,121.385640963811,25.0512951986986
桃園市龜山區樂善里8鄰樂學路105號十三樓之3,68,6800700,6800700-010,8鄰,樂學路,,,,,,105號十三樓之3,121.385640963811,25.0512951986986
桃園市龜山區樂善里8鄰樂學路105號十四樓之1,68,6800700,6800700-010,8鄰,樂學路,,,,,,105號十四樓之1,121.385640963811,25.0512951986986
桃園市龜山區樂善里8鄰樂學路105號十四樓之2,68,6800700,6800700-010,8鄰,樂學路,,,,,,105號十四樓之2,121.385640963811,25.0512951986986
桃園市龜山區樂善里8鄰樂學路105號十四樓之3,68,6800700,6800700-010,8鄰,樂學路,,,,,,105號十四樓之3,121.385640963811,25.0512951986986
桃園市龜山區樂善里8鄰樂學路105號十五樓之1,68,6800700,6800700-010,8鄰,樂學路,,,,,,105號十五樓之1,121.385640963811,25.0512951986986
桃園市龜山區樂善里8鄰樂學路105號十五樓之2,68,6800700,6800700-010,8鄰,樂學路,,,,,,105號十五樓之2,121.385640963811,25.0512951986986
桃園市龜山區樂善里8鄰樂學路105號十五樓之3,68,6800700,6800700-010,8鄰,樂學路,,,,,,105號十五樓之3,121.385640963811,25.0512951986986
桃園市龜山區樂善里8鄰樂學路107號,68,6800700,6800700-010,8鄰,樂學路,,,,,,107號,121.385971880758,25.0510083261995
桃園市龜山區樂善里8鄰樂學路107號十樓之1,68,6800700,6800700-010,8鄰,樂學路,,,,,,107號十樓之1,121.385971880758,25.0510083261995
桃園市龜山區樂善里8鄰樂學路107號十樓之2,68,6800700,6800700-010,8鄰,樂學路,,,,,,107號十樓之2,121.385971880758,25.0510083261995
桃園市龜山區樂善里8鄰樂學路107號十樓之3,68,6800700,6800700-010,8鄰,樂學路,,,,,,107號十樓之3,121.385971880758,25.0510083261995
桃園市龜山區樂善里8鄰樂學路107號二樓之1,68,6800700,6800700-010,8鄰,樂學路,,,,,,107號二樓之1,121.385971880758,25.0510083261995
桃園市龜山區樂善里8鄰樂學路107號二樓之2,68,6800700,6800700-010,8鄰,樂學路,,,,,,107號二樓之2,121.385971880758,25.0510083261995
桃園市龜山區樂善里8鄰樂學路107號二樓之3,68,6800700,6800700-010,8鄰,樂學路,,,,,,107號二樓之3,121.385971880758,25.0510083261995
桃園市龜山區樂善里8鄰樂學路107號三樓之1,68,6800700,6800700-010,8鄰,樂學路,,,,,,107號三樓之1,121.385971880758,25.0510083261995
桃園市龜山區樂善里8鄰樂學路107號三樓之2,68,6800700,6800700-010,8鄰,樂學路,,,,,,107號三樓之2,121.385971880758,25.0510083261995
桃園市龜山區樂善里8鄰樂學路107號三樓之3,68,6800700,6800700-010,8鄰,樂學路,,,,,,107號三樓之3,121.385971880758,25.0510083261995
桃園市龜山區樂善里8鄰樂學路107號四樓之1,68,6800700,6800700-010,8鄰,樂學路,,,,,,107號四樓之1,121.385971880758,25.0510083261995
桃園市龜山區樂善里8鄰樂學路107號四樓之2,68,6800700,6800700-010,8鄰,樂學路,,,,,,107號四樓之2,121.385971880758,25.0510083261995
桃園市龜山區樂善里8鄰樂學路107號四樓之3,68,6800700,6800700-010,8鄰,樂學路,,,,,,107號四樓之3,121.385971880758,25.0510083261995
桃園市龜山區樂善里8鄰樂學路107號五樓之1,68,6800700,6800700-010,8鄰,樂學路,,,,,,107號五樓之1,121.385971880758,25.0510083261995
桃園市龜山區樂善里8鄰樂學路107號五樓之2,68,6800700,6800700-010,8鄰,樂學路,,,,,,107號五樓之2,121.385971880758,25.0510083261995
桃園市龜山區樂善里8鄰樂學路107號五樓之3,68,6800700,6800700-010,8鄰,樂學路,,,,,,107號五樓之3,121.385971880758,25.0510083261995
桃園市龜山區樂善里8鄰樂學路107號六樓之1,68,6800700,6800700-010,8鄰,樂學路,,,,,,107號六樓之1,121.385971880758,25.0510083261995
桃園市龜山區樂善里8鄰樂學路107號六樓之2,68,6800700,6800700-010,8鄰,樂學路,,,,,,107號六樓之2,121.385971880758,25.0510083261995
桃園市龜山區樂善里8鄰樂學路107號六樓之3,68,6800700,6800700-010,8鄰,樂學路,,,,,,107號六樓之3,121.385971880758,25.0510083261995
桃園市龜山區樂善里8鄰樂學路107號七樓之1,68,6800700,6800700-010,8鄰,樂學路,,,,,,107號七樓之1,121.385971880758,25.0510083261995
桃園市龜山區樂善里8鄰樂學路107號七樓之2,68,6800700,6800700-010,8鄰,樂學路,,,,,,107號七樓之2,121.385971880758,25.0510083261995
桃園市龜山區樂善里8鄰樂學路107號七樓之3,68,6800700,6800700-010,8鄰,樂學路,,,,,,107號七樓之3,121.385971880758,25.0510083261995
桃園市龜山區樂善里8鄰樂學路107號八樓之1,68,6800700,6800700-010,8鄰,樂學路,,,,,,107號八樓之1,121.385971880758,25.0510083261995
桃園市龜山區樂善里8鄰樂學路107號八樓之2,68,6800700,6800700-010,8鄰,樂學路,,,,,,107號八樓之2,121.385971880758,25.0510083261995
桃園市龜山區樂善里8鄰樂學路107號八樓之3,68,6800700,6800700-010,8鄰,樂學路,,,,,,107號八樓之3,121.385971880758,25.0510083261995
桃園市龜山區樂善里8鄰樂學路107號九樓之1,68,6800700,6800700-010,8鄰,樂學路,,,,,,107號九樓之1,121.385971880758,25.0510083261995
桃園市龜山區樂善里8鄰樂學路107號九樓之2,68,6800700,6800700-010,8鄰,樂學路,,,,,,107號九樓之2,121.385971880758,25.0510083261995
桃園市龜山區樂善里8鄰樂學路107號九樓之3,68,6800700,6800700-010,8鄰,樂學路,,,,,,107號九樓之3,121.385971880758,25.0510083261995
桃園市龜山區樂善里8鄰樂學路107號十一樓之1,68,6800700,6800700-010,8鄰,樂學路,,,,,,107號十一樓之1,121.385971880758,25.0510083261995
桃園市龜山區樂善里8鄰樂學路107號十一樓之2,68,6800700,6800700-010,8鄰,樂學路,,,,,,107號十一樓之2,121.385971880758,25.0510083261995
桃園市龜山區樂善里8鄰樂學路107號十一樓之3,68,6800700,6800700-010,8鄰,樂學路,,,,,,107號十一樓之3,121.385971880758,25.0510083261995
桃園市龜山區樂善里8鄰樂學路107號十二樓之1,68,6800700,6800700-010,8鄰,樂學路,,,,,,107號十二樓之1,121.385971880758,25.0510083261995
桃園市龜山區樂善里8鄰樂學路107號十二樓之2,68,6800700,6800700-010,8鄰,樂學路,,,,,,107號十二樓之2,121.385971880758,25.0510083261995
桃園市龜山區樂善里8鄰樂學路107號十二樓之3,68,6800700,6800700-010,8鄰,樂學路,,,,,,107號十二樓之3,121.385971880758,25.0510083261995
桃園市龜山區樂善里8鄰樂學路107號十三樓之1,68,6800700,6800700-010,8鄰,樂學路,,,,,,107號十三樓之1,121.385971880758,25.0510083261995
桃園市龜山區樂善里8鄰樂學路107號十三樓之2,68,6800700,6800700-010,8鄰,樂學路,,,,,,107號十三樓之2,121.385971880758,25.0510083261995
桃園市龜山區樂善里8鄰樂學路107號十三樓之3,68,6800700,6800700-010,8鄰,樂學路,,,,,,107號十三樓之3,121.385971880758,25.0510083261995
桃園市龜山區樂善里8鄰樂學路107號十四樓之1,68,6800700,6800700-010,8鄰,樂學路,,,,,,107號十四樓之1,121.385971880758,25.0510083261995
桃園市龜山區樂善里8鄰樂學路107號十四樓之2,68,6800700,6800700-010,8鄰,樂學路,,,,,,107號十四樓之2,121.385971880758,25.0510083261995
桃園市龜山區樂善里8鄰樂學路107號十四樓之3,68,6800700,6800700-010,8鄰,樂學路,,,,,,107號十四樓之3,121.385971880758,25.0510083261995
桃園市龜山區樂善里8鄰樂學路107號十五樓之1,68,6800700,6800700-010,8鄰,樂學路,,,,,,107號十五樓之1,121.385971880758,25.0510083261995
桃園市龜山區樂善里8鄰樂學路107號十五樓之2,68,6800700,6800700-010,8鄰,樂學路,,,,,,107號十五樓之2,121.385971880758,25.0510083261995
桃園市龜山區樂善里8鄰樂學路107號十五樓之3,68,6800700,6800700-010,8鄰,樂學路,,,,,,107號十五樓之3,121.385971880758,25.0510083261995
桃園市龜山區樂善里8鄰樂學路109號,68,6800700,6800700-010,8鄰,樂學路,,,,,,109號,121.386046034053,25.0510781019603
桃園市龜山區樂善里7鄰樂學路111號,68,6800700,6800700-010,7鄰,樂學路,,,,,,111號,121.386121983123,25.0511832635123
桃園市龜山區樂善里7鄰樂學路111號十樓,68,6800700,6800700-010,7鄰,樂學路,,,,,,111號十樓,121.386121983123,25.0511832635123
桃園市龜山區樂善里7鄰樂學路111號二樓,68,6800700,6800700-010,7鄰,樂學路,,,,,,111號二樓,121.386121983123,25.0511832635123
桃園市龜山區樂善里7鄰樂學路111號三樓,68,6800700,6800700-010,7鄰,樂學路,,,,,,111號三樓,121.386121983123,25.0511832635123
桃園市龜山區樂善里7鄰樂學路111號四樓,68,6800700,6800700-010,7鄰,樂學路,,,,,,111號四樓,121.386121983123,25.0511832635123
桃園市龜山區樂善里7鄰樂學路111號五樓,68,6800700,6800700-010,7鄰,樂學路,,,,,,111號五樓,121.386121983123,25.0511832635123
桃園市龜山區樂善里7鄰樂學路111號六樓,68,6800700,6800700-010,7鄰,樂學路,,,,,,111號六樓,121.386121983123,25.0511832635123
桃園市龜山區樂善里7鄰樂學路111號七樓,68,6800700,6800700-010,7鄰,樂學路,,,,,,111號七樓,121.386121983123,25.0511832635123
桃園市龜山區樂善里7鄰樂學路111號八樓,68,6800700,6800700-010,7鄰,樂學路,,,,,,111號八樓,121.386121983123,25.0511832635123
桃園市龜山區樂善里7鄰樂學路111號九樓,68,6800700,6800700-010,7鄰,樂學路,,,,,,111號九樓,121.386121983123,25.0511832635123
桃園市龜山區樂善里7鄰樂學路111號十一樓,68,6800700,6800700-010,7鄰,樂學路,,,,,,111號十一樓,121.386121983123,25.0511832635123
桃園市龜山區樂善里7鄰樂學路111號十二樓,68,6800700,6800700-010,7鄰,樂學路,,,,,,111號十二樓,121.386121983123,25.0511832635123
桃園市龜山區樂善里7鄰樂學路111號十三樓,68,6800700,6800700-010,7鄰,樂學路,,,,,,111號十三樓,121.386121983123,25.0511832635123
桃園市龜山區樂善里7鄰樂學路111號十四樓,68,6800700,6800700-010,7鄰,樂學路,,,,,,111號十四樓,121.386121983123,25.0511832635123
桃園市龜山區樂善里7鄰樂學路111號十五樓,68,6800700,6800700-010,7鄰,樂學路,,,,,,111號十五樓,121.386121983123,25.0511832635123
桃園市龜山區樂善里7鄰樂學路113號,68,6800700,6800700-010,7鄰,樂學路,,,,,,113號,121.386173473594,25.0512318818731
桃園市龜山區樂善里7鄰樂學路113號十樓,68,6800700,6800700-010,7鄰,樂學路,,,,,,113號十樓,121.386173473594,25.0512318818731
桃園市龜山區樂善里7鄰樂學路113號二樓,68,6800700,6800700-010,7鄰,樂學路,,,,,,113號二樓,121.386173473594,25.0512318818731
桃園市龜山區樂善里7鄰樂學路113號三樓,68,6800700,6800700-010,7鄰,樂學路,,,,,,113號三樓,121.386173473594,25.0512318818731
桃園市龜山區樂善里7鄰樂學路113號四樓,68,6800700,6800700-010,7鄰,樂學路,,,,,,113號四樓,121.386173473594,25.0512318818731
桃園市龜山區樂善里7鄰樂學路113號五樓,68,6800700,6800700-010,7鄰,樂學路,,,,,,113號五樓,121.386173473594,25.0512318818731
桃園市龜山區樂善里7鄰樂學路113號六樓,68,6800700,6800700-010,7鄰,樂學路,,,,,,113號六樓,121.386173473594,25.0512318818731
桃園市龜山區樂善里7鄰樂學路113號七樓,68,6800700,6800700-010,7鄰,樂學路,,,,,,113號七樓,121.386173473594,25.0512318818731
桃園市龜山區樂善里7鄰樂學路113號八樓,68,6800700,6800700-010,7鄰,樂學路,,,,,,113號八樓,121.386173473594,25.0512318818731
桃園市龜山區樂善里7鄰樂學路113號九樓,68,6800700,6800700-010,7鄰,樂學路,,,,,,113號九樓,121.386173473594,25.0512318818731
桃園市龜山區樂善里7鄰樂學路113號十一樓,68,6800700,6800700-010,7鄰,樂學路,,,,,,113號十一樓,121.386173473594,25.0512318818731
桃園市龜山區樂善里7鄰樂學路113號十二樓,68,6800700,6800700-010,7鄰,樂學路,,,,,,113號十二樓,121.386173473594,25.0512318818731
桃園市龜山區樂善里7鄰樂學路113號十三樓,68,6800700,6800700-010,7鄰,樂學路,,,,,,113號十三樓,121.386173473594,25.0512318818731
桃園市龜山區樂善里7鄰樂學路113號十四樓,68,6800700,6800700-010,7鄰,樂學路,,,,,,113號十四樓,121.386173473594,25.0512318818731
桃園市龜山區樂善里7鄰樂學路113號十五樓,68,6800700,6800700-010,7鄰,樂學路,,,,,,113號十五樓,121.386173473594,25.0512318818731
桃園市龜山區樂善里7鄰樂學路115號,68,6800700,6800700-010,7鄰,樂學路,,,,,,115號,121.386222771574,25.0512766237952
桃園市龜山區樂善里7鄰樂學路115號十樓,68,6800700,6800700-010,7鄰,樂學路,,,,,,115號十樓,121.386222771574,25.0512766237952
桃園市龜山區樂善里7鄰樂學路115號二樓,68,6800700,6800700-010,7鄰,樂學路,,,,,,115號二樓,121.386222771574,25.0512766237952
桃園市龜山區樂善里7鄰樂學路115號三樓,68,6800700,6800700-010,7鄰,樂學路,,,,,,115號三樓,121.386222771574,25.0512766237952
桃園市龜山區樂善里7鄰樂學路115號四樓,68,6800700,6800700-010,7鄰,樂學路,,,,,,115號四樓,121.386222771574,25.0512766237952
桃園市龜山區樂善里7鄰樂學路115號五樓,68,6800700,6800700-010,7鄰,樂學路,,,,,,115號五樓,121.386222771574,25.0512766237952
桃園市龜山區樂善里7鄰樂學路115號六樓,68,6800700,6800700-010,7鄰,樂學路,,,,,,115號六樓,121.386222771574,25.0512766237952
桃園市龜山區樂善里7鄰樂學路115號七樓,68,6800700,6800700-010,7鄰,樂學路,,,,,,115號七樓,121.386222771574,25.0512766237952
桃園市龜山區樂善里7鄰樂學路115號八樓,68,6800700,6800700-010,7鄰,樂學路,,,,,,115號八樓,121.386222771574,25.0512766237952
桃園市龜山區樂善里7鄰樂學路115號九樓,68,6800700,6800700-010,7鄰,樂學路,,,,,,115號九樓,121.386222771574,25.0512766237952
桃園市龜山區樂善里7鄰樂學路115號十一樓,68,6800700,6800700-010,7鄰,樂學路,,,,,,115號十一樓,121.386222771574,25.0512766237952
桃園市龜山區樂善里7鄰樂學路115號十二樓,68,6800700,6800700-010,7鄰,樂學路,,,,,,115號十二樓,121.386222771574,25.0512766237952
桃園市龜山區樂善里7鄰樂學路115號十三樓,68,6800700,6800700-010,7鄰,樂學路,,,,,,115號十三樓,121.386222771574,25.0512766237952
桃園市龜山區樂善里7鄰樂學路115號十四樓,68,6800700,6800700-010,7鄰,樂學路,,,,,,115號十四樓,121.386222771574,25.0512766237952
桃園市龜山區樂善里7鄰樂學路115號十五樓,68,6800700,6800700-010,7鄰,樂學路,,,,,,115號十五樓,121.386222771574,25.0512766237952
桃園市龜山區樂善里7鄰樂學路117號,68,6800700,6800700-010,7鄰,樂學路,,,,,,117號,121.386274280232,25.0513310201126
桃園市龜山區樂善里7鄰樂學路117號十樓,68,6800700,6800700-010,7鄰,樂學路,,,,,,117號十樓,121.386274280232,25.0513310201126
桃園市龜山區樂善里7鄰樂學路117號二樓,68,6800700,6800700-010,7鄰,樂學路,,,,,,117號二樓,121.386274280232,25.0513310201126
桃園市龜山區樂善里7鄰樂學路117號三樓,68,6800700,6800700-010,7鄰,樂學路,,,,,,117號三樓,121.386274280232,25.0513310201126
桃園市龜山區樂善里7鄰樂學路117號四樓,68,6800700,6800700-010,7鄰,樂學路,,,,,,117號四樓,121.386274280232,25.0513310201126
桃園市龜山區樂善里7鄰樂學路117號五樓,68,6800700,6800700-010,7鄰,樂學路,,,,,,117號五樓,121.386274280232,25.0513310201126
桃園市龜山區樂善里7鄰樂學路117號六樓,68,6800700,6800700-010,7鄰,樂學路,,,,,,117號六樓,121.386274280232,25.0513310201126
桃園市龜山區樂善里7鄰樂學路117號七樓,68,6800700,6800700-010,7鄰,樂學路,,,,,,117號七樓,121.386274280232,25.0513310201126
桃園市龜山區樂善里7鄰樂學路117號八樓,68,6800700,6800700-010,7鄰,樂學路,,,,,,117號八樓,121.386274280232,25.0513310201126
桃園市龜山區樂善里7鄰樂學路117號九樓,68,6800700,6800700-010,7鄰,樂學路,,,,,,117號九樓,121.386274280232,25.0513310201126
桃園市龜山區樂善里7鄰樂學路117號十一樓,68,6800700,6800700-010,7鄰,樂學路,,,,,,117號十一樓,121.386274280232,25.0513310201126
桃園市龜山區樂善里7鄰樂學路117號十二樓,68,6800700,6800700-010,7鄰,樂學路,,,,,,117號十二樓,121.386274280232,25.0513310201126
桃園市龜山區樂善里7鄰樂學路117號十三樓,68,6800700,6800700-010,7鄰,樂學路,,,,,,117號十三樓,121.386274280232,25.0513310201126
桃園市龜山區樂善里7鄰樂學路117號十四樓,68,6800700,6800700-010,7鄰,樂學路,,,,,,117號十四樓,121.386274280232,25.0513310201126
桃園市龜山區樂善里7鄰樂學路117號十五樓,68,6800700,6800700-010,7鄰,樂學路,,,,,,117號十五樓,121.386274280232,25.0513310201126
桃園市龜山區樂善里7鄰樂學路119號,68,6800700,6800700-010,7鄰,樂學路,,,,,,119號,121.386325764601,25.0513776522331
桃園市龜山區樂善里7鄰樂學路119號十樓,68,6800700,6800700-010,7鄰,樂學路,,,,,,119號十樓,121.386325764601,25.0513776522331
桃園市龜山區樂善里7鄰樂學路119號二樓,68,6800700,6800700-010,7鄰,樂學路,,,,,,119號二樓,121.386325764601,25.0513776522331
桃園市龜山區樂善里7鄰樂學路119號三樓,68,6800700,6800700-010,7鄰,樂學路,,,,,,119號三樓,121.386325764601,25.0513776522331
桃園市龜山區樂善里7鄰樂學路119號四樓,68,6800700,6800700-010,7鄰,樂學路,,,,,,119號四樓,121.386325764601,25.0513776522331
桃園市龜山區樂善里7鄰樂學路119號五樓,68,6800700,6800700-010,7鄰,樂學路,,,,,,119號五樓,121.386325764601,25.0513776522331
桃園市龜山區樂善里7鄰樂學路119號六樓,68,6800700,6800700-010,7鄰,樂學路,,,,,,119號六樓,121.386325764601,25.0513776522331
桃園市龜山區樂善里7鄰樂學路119號七樓,68,6800700,6800700-010,7鄰,樂學路,,,,,,119號七樓,121.386325764601,25.0513776522331
桃園市龜山區樂善里7鄰樂學路119號八樓,68,6800700,6800700-010,7鄰,樂學路,,,,,,119號八樓,121.386325764601,25.0513776522331
桃園市龜山區樂善里7鄰樂學路119號九樓,68,6800700,6800700-010,7鄰,樂學路,,,,,,119號九樓,121.386325764601,25.0513776522331
桃園市龜山區樂善里7鄰樂學路119號十一樓,68,6800700,6800700-010,7鄰,樂學路,,,,,,119號十一樓,121.386325764601,25.0513776522331
桃園市龜山區樂善里7鄰樂學路119號十二樓,68,6800700,6800700-010,7鄰,樂學路,,,,,,119號十二樓,121.386325764601,25.0513776522331
桃園市龜山區樂善里7鄰樂學路119號十三樓,68,6800700,6800700-010,7鄰,樂學路,,,,,,119號十三樓,121.386325764601,25.0513776522331
桃園市龜山區樂善里7鄰樂學路119號十四樓,68,6800700,6800700-010,7鄰,樂學路,,,,,,119號十四樓,121.386325764601,25.0513776522331
桃園市龜山區樂善里7鄰樂學路119號十五樓,68,6800700,6800700-010,7鄰,樂學路,,,,,,119號十五樓,121.386325764601,25.0513776522331
桃園市龜山區樂善里7鄰樂學路121號,68,6800700,6800700-010,7鄰,樂學路,,,,,,121號,121.386368737907,25.0514281885942
桃園市龜山區樂善里7鄰樂學路121號十樓,68,6800700,6800700-010,7鄰,樂學路,,,,,,121號十樓,121.386368737907,25.0514281885942
桃園市龜山區樂善里7鄰樂學路121號二樓,68,6800700,6800700-010,7鄰,樂學路,,,,,,121號二樓,121.386368737907,25.0514281885942
桃園市龜山區樂善里7鄰樂學路121號三樓,68,6800700,6800700-010,7鄰,樂學路,,,,,,121號三樓,121.386368737907,25.0514281885942
桃園市龜山區樂善里7鄰樂學路121號四樓,68,6800700,6800700-010,7鄰,樂學路,,,,,,121號四樓,121.386368737907,25.0514281885942
桃園市龜山區樂善里7鄰樂學路121號五樓,68,6800700,6800700-010,7鄰,樂學路,,,,,,121號五樓,121.386368737907,25.0514281885942
桃園市龜山區樂善里7鄰樂學路121號六樓,68,6800700,6800700-010,7鄰,樂學路,,,,,,121號六樓,121.386368737907,25.0514281885942
桃園市龜山區樂善里7鄰樂學路121號七樓,68,6800700,6800700-010,7鄰,樂學路,,,,,,121號七樓,121.386368737907,25.0514281885942
桃園市龜山區樂善里7鄰樂學路121號八樓,68,6800700,6800700-010,7鄰,樂學路,,,,,,121號八樓,121.386368737907,25.0514281885942
桃園市龜山區樂善里7鄰樂學路121號九樓,68,6800700,6800700-010,7鄰,樂學路,,,,,,121號九樓,121.386368737907,25.0514281885942
桃園市龜山區樂善里7鄰樂學路121號十一樓,68,6800700,6800700-010,7鄰,樂學路,,,,,,121號十一樓,121.386368737907,25.0514281885942
桃園市龜山區樂善里7鄰樂學路121號十二樓,68,6800700,6800700-010,7鄰,樂學路,,,,,,121號十二樓,121.386368737907,25.0514281885942
桃園市龜山區樂善里7鄰樂學路121號十三樓,68,6800700,6800700-010,7鄰,樂學路,,,,,,121號十三樓,121.386368737907,25.0514281885942
桃園市龜山區樂善里7鄰樂學路121號十四樓,68,6800700,6800700-010,7鄰,樂學路,,,,,,121號十四樓,121.386368737907,25.0514281885942
桃園市龜山區樂善里7鄰樂學路121號十五樓,68,6800700,6800700-010,7鄰,樂學路,,,,,,121號十五樓,121.386368737907,25.0514281885942
桃園市龜山區樂善里7鄰樂學路123號,68,6800700,6800700-010,7鄰,樂學路,,,,,,123號,121.386411599972,25.0514748431109
桃園市龜山區樂善里7鄰樂學路123號十樓,68,6800700,6800700-010,7鄰,樂學路,,,,,,123號十樓,121.386411599972,25.0514748431109
桃園市龜山區樂善里7鄰樂學路123號二樓,68,6800700,6800700-010,7鄰,樂學路,,,,,,123號二樓,121.386411599972,25.0514748431109
桃園市龜山區樂善里7鄰樂學路123號三樓,68,6800700,6800700-010,7鄰,樂學路,,,,,,123號三樓,121.386411599972,25.0514748431109
桃園市龜山區樂善里7鄰樂學路123號四樓,68,6800700,6800700-010,7鄰,樂學路,,,,,,123號四樓,121.386411599972,25.0514748431109
桃園市龜山區樂善里7鄰樂學路123號五樓,68,6800700,6800700-010,7鄰,樂學路,,,,,,123號五樓,121.386411599972,25.0514748431109
桃園市龜山區樂善里7鄰樂學路123號六樓,68,6800700,6800700-010,7鄰,樂學路,,,,,,123號六樓,121.386411599972,25.0514748431109
桃園市龜山區樂善里7鄰樂學路123號七樓,68,6800700,6800700-010,7鄰,樂學路,,,,,,123號七樓,121.386411599972,25.0514748431109
桃園市龜山區樂善里7鄰樂學路123號八樓,68,6800700,6800700-010,7鄰,樂學路,,,,,,123號八樓,121.386411599972,25.0514748431109
桃園市龜山區樂善里7鄰樂學路123號九樓,68,6800700,6800700-010,7鄰,樂學路,,,,,,123號九樓,121.386411599972,25.0514748431109
桃園市龜山區樂善里7鄰樂學路123號十一樓,68,6800700,6800700-010,7鄰,樂學路,,,,,,123號十一樓,121.386411599972,25.0514748431109
桃園市龜山區樂善里7鄰樂學路123號十二樓,68,6800700,6800700-010,7鄰,樂學路,,,,,,123號十二樓,121.386411599972,25.0514748431109
桃園市龜山區樂善里7鄰樂學路123號十三樓,68,6800700,6800700-010,7鄰,樂學路,,,,,,123號十三樓,121.386411599972,25.0514748431109
桃園市龜山區樂善里7鄰樂學路123號十四樓,68,6800700,6800700-010,7鄰,樂學路,,,,,,123號十四樓,121.386411599972,25.0514748431109
桃園市龜山區樂善里7鄰樂學路123號十五樓,68,6800700,6800700-010,7鄰,樂學路,,,,,,123號十五樓,121.386411599972,25.0514748431109
桃園市龜山區樂善里7鄰樂學路125號,68,6800700,6800700-010,7鄰,樂學路,,,,,,125號,121.386458829042,25.0515234724542
桃園市龜山區樂善里7鄰樂學路125號十樓,68,6800700,6800700-010,7鄰,樂學路,,,,,,125號十樓,121.386458829042,25.0515234724542
桃園市龜山區樂善里7鄰樂學路125號二樓,68,6800700,6800700-010,7鄰,樂學路,,,,,,125號二樓,121.386458829042,25.0515234724542
桃園市龜山區樂善里7鄰樂學路125號三樓,68,6800700,6800700-010,7鄰,樂學路,,,,,,125號三樓,121.386458829042,25.0515234724542
桃園市龜山區樂善里7鄰樂學路125號四樓,68,6800700,6800700-010,7鄰,樂學路,,,,,,125號四樓,121.386458829042,25.0515234724542
桃園市龜山區樂善里7鄰樂學路125號五樓,68,6800700,6800700-010,7鄰,樂學路,,,,,,125號五樓,121.386458829042,25.0515234724542
桃園市龜山區樂善里7鄰樂學路125號六樓,68,6800700,6800700-010,7鄰,樂學路,,,,,,125號六樓,121.386458829042,25.0515234724542
桃園市龜山區樂善里7鄰樂學路125號七樓,68,6800700,6800700-010,7鄰,樂學路,,,,,,125號七樓,121.386458829042,25.0515234724542
桃園市龜山區樂善里7鄰樂學路125號八樓,68,6800700,6800700-010,7鄰,樂學路,,,,,,125號八樓,121.386458829042,25.0515234724542
桃園市龜山區樂善里7鄰樂學路125號九樓,68,6800700,6800700-010,7鄰,樂學路,,,,,,125號九樓,121.386458829042,25.0515234724542
桃園市龜山區樂善里7鄰樂學路125號十一樓,68,6800700,6800700-010,7鄰,樂學路,,,,,,125號十一樓,121.386458829042,25.0515234724542
桃園市龜山區樂善里7鄰樂學路125號十二樓,68,6800700,6800700-010,7鄰,樂學路,,,,,,125號十二樓,121.386458829042,25.0515234724542
桃園市龜山區樂善里7鄰樂學路125號十三樓,68,6800700,6800700-010,7鄰,樂學路,,,,,,125號十三樓,121.386458829042,25.0515234724542
桃園市龜山區樂善里7鄰樂學路125號十四樓,68,6800700,6800700-010,7鄰,樂學路,,,,,,125號十四樓,121.386458829042,25.0515234724542
桃園市龜山區樂善里7鄰樂學路125號十五樓,68,6800700,6800700-010,7鄰,樂學路,,,,,,125號十五樓,121.386458829042,25.0515234724542
桃園市龜山區樂善里7鄰樂學路127號,68,6800700,6800700-010,7鄰,樂學路,,,,,,127號,121.386501746093,25.0515876414841
桃園市龜山區樂善里7鄰樂學路127號十樓,68,6800700,6800700-010,7鄰,樂學路,,,,,,127號十樓,121.386501746093,25.0515876414841
桃園市龜山區樂善里7鄰樂學路127號二樓,68,6800700,6800700-010,7鄰,樂學路,,,,,,127號二樓,121.386501746093,25.0515876414841
桃園市龜山區樂善里7鄰樂學路127號三樓,68,6800700,6800700-010,7鄰,樂學路,,,,,,127號三樓,121.386501746093,25.0515876414841
桃園市龜山區樂善里7鄰樂學路127號四樓,68,6800700,6800700-010,7鄰,樂學路,,,,,,127號四樓,121.386501746093,25.0515876414841
桃園市龜山區樂善里7鄰樂學路127號五樓,68,6800700,6800700-010,7鄰,樂學路,,,,,,127號五樓,121.386501746093,25.0515876414841
桃園市龜山區樂善里7鄰樂學路127號六樓,68,6800700,6800700-010,7鄰,樂學路,,,,,,127號六樓,121.386501746093,25.0515876414841
桃園市龜山區樂善里7鄰樂學路127號七樓,68,6800700,6800700-010,7鄰,樂學路,,,,,,127號七樓,121.386501746093,25.0515876414841
桃園市龜山區樂善里7鄰樂學路127號八樓,68,6800700,6800700-010,7鄰,樂學路,,,,,,127號八樓,121.386501746093,25.0515876414841
桃園市龜山區樂善里7鄰樂學路127號九樓,68,6800700,6800700-010,7鄰,樂學路,,,,,,127號九樓,121.386501746093,25.0515876414841
桃園市龜山區樂善里7鄰樂學路127號十一樓,68,6800700,6800700-010,7鄰,樂學路,,,,,,127號十一樓,121.386501746093,25.0515876414841
桃園市龜山區樂善里7鄰樂學路127號十二樓,68,6800700,6800700-010,7鄰,樂學路,,,,,,127號十二樓,121.386501746093,25.0515876414841
桃園市龜山區樂善里7鄰樂學路127號十三樓,68,6800700,6800700-010,7鄰,樂學路,,,,,,127號十三樓,121.386501746093,25.0515876414841
桃園市龜山區樂善里7鄰樂學路127號十四樓,68,6800700,6800700-010,7鄰,樂學路,,,,,,127號十四樓,121.386501746093,25.0515876414841
桃園市龜山區樂善里7鄰樂學路127號十五樓,68,6800700,6800700-010,7鄰,樂學路,,,,,,127號十五樓,121.386501746093,25.0515876414841
桃園市龜山區樂善里7鄰樂學路129號十樓,68,6800700,6800700-010,7鄰,樂學路,,,,,,129號十樓,121.386306446907,25.0515700931523
桃園市龜山區樂善里7鄰樂學路129號二樓,68,6800700,6800700-010,7鄰,樂學路,,,,,,129號二樓,121.386306446907,25.0515700931523
桃園市龜山區樂善里7鄰樂學路129號三樓,68,6800700,6800700-010,7鄰,樂學路,,,,,,129號三樓,121.386306446907,25.0515700931523
桃園市龜山區樂善里7鄰樂學路129號四樓,68,6800700,6800700-010,7鄰,樂學路,,,,,,129號四樓,121.386306446907,25.0515700931523
桃園市龜山區樂善里7鄰樂學路129號五樓,68,6800700,6800700-010,7鄰,樂學路,,,,,,129號五樓,121.386306446907,25.0515700931523
桃園市龜山區樂善里7鄰樂學路129號六樓,68,6800700,6800700-010,7鄰,樂學路,,,,,,129號六樓,121.386306446907,25.0515700931523
桃園市龜山區樂善里7鄰樂學路129號七樓,68,6800700,6800700-010,7鄰,樂學路,,,,,,129號七樓,121.386306446907,25.0515700931523
桃園市龜山區樂善里7鄰樂學路129號八樓,68,6800700,6800700-010,7鄰,樂學路,,,,,,129號八樓,121.386306446907,25.0515700931523
桃園市龜山區樂善里7鄰樂學路129號九樓,68,6800700,6800700-010,7鄰,樂學路,,,,,,129號九樓,121.386306446907,25.0515700931523
桃園市龜山區樂善里7鄰樂學路129號十一樓,68,6800700,6800700-010,7鄰,樂學路,,,,,,129號十一樓,121.386306446907,25.0515700931523
桃園市龜山區樂善里7鄰樂學路129號十二樓,68,6800700,6800700-010,7鄰,樂學路,,,,,,129號十二樓,121.386306446907,25.0515700931523
桃園市龜山區樂善里7鄰樂學路129號十三樓,68,6800700,6800700-010,7鄰,樂學路,,,,,,129號十三樓,121.386306446907,25.0515700931523
桃園市龜山區樂善里7鄰樂學路129號十四樓,68,6800700,6800700-010,7鄰,樂學路,,,,,,129號十四樓,121.386306446907,25.0515700931523
桃園市龜山區樂善里7鄰樂學路129號十五樓,68,6800700,6800700-010,7鄰,樂學路,,,,,,129號十五樓,121.386306446907,25.0515700931523
桃園市龜山區樂善里7鄰樂學路131號十樓,68,6800700,6800700-010,7鄰,樂學路,,,,,,131號十樓,121.38621635546,25.0516012038273
桃園市龜山區樂善里7鄰樂學路131號二樓,68,6800700,6800700-010,7鄰,樂學路,,,,,,131號二樓,121.38621635546,25.0516012038273
桃園市龜山區樂善里7鄰樂學路131號三樓,68,6800700,6800700-010,7鄰,樂學路,,,,,,131號三樓,121.38621635546,25.0516012038273
桃園市龜山區樂善里7鄰樂學路131號四樓,68,6800700,6800700-010,7鄰,樂學路,,,,,,131號四樓,121.38621635546,25.0516012038273
桃園市龜山區樂善里7鄰樂學路131號五樓,68,6800700,6800700-010,7鄰,樂學路,,,,,,131號五樓,121.38621635546,25.0516012038273
桃園市龜山區樂善里7鄰樂學路131號六樓,68,6800700,6800700-010,7鄰,樂學路,,,,,,131號六樓,121.38621635546,25.0516012038273
桃園市龜山區樂善里7鄰樂學路131號七樓,68,6800700,6800700-010,7鄰,樂學路,,,,,,131號七樓,121.38621635546,25.0516012038273
桃園市龜山區樂善里7鄰樂學路131號八樓,68,6800700,6800700-010,7鄰,樂學路,,,,,,131號八樓,121.38621635546,25.0516012038273
桃園市龜山區樂善里7鄰樂學路131號九樓,68,6800700,6800700-010,7鄰,樂學路,,,,,,131號九樓,121.38621635546,25.0516012038273
桃園市龜山區樂善里7鄰樂學路131號十一樓,68,6800700,6800700-010,7鄰,樂學路,,,,,,131號十一樓,121.38621635546,25.0516012038273
桃園市龜山區樂善里7鄰樂學路131號十二樓,68,6800700,6800700-010,7鄰,樂學路,,,,,,131號十二樓,121.38621635546,25.0516012038273
桃園市龜山區樂善里7鄰樂學路131號十三樓,68,6800700,6800700-010,7鄰,樂學路,,,,,,131號十三樓,121.38621635546,25.0516012038273
桃園市龜山區樂善里7鄰樂學路131號十四樓,68,6800700,6800700-010,7鄰,樂學路,,,,,,131號十四樓,121.38621635546,25.0516012038273
桃園市龜山區樂善里7鄰樂學路131號十五樓,68,6800700,6800700-010,7鄰,樂學路,,,,,,131號十五樓,121.38621635546,25.0516012038273
桃園市龜山區樂善里7鄰樂學路133號,68,6800700,6800700-010,7鄰,樂學路,,,,,,133號,121.386130531831,25.0516342895551
桃園市龜山區樂善里7鄰樂學路133號十樓,68,6800700,6800700-010,7鄰,樂學路,,,,,,133號十樓,121.386130531831,25.0516342895551
桃園市龜山區樂善里7鄰樂學路133號二樓,68,6800700,6800700-010,7鄰,樂學路,,,,,,133號二樓,121.386130531831,25.0516342895551
桃園市龜山區樂善里7鄰樂學路133號三樓,68,6800700,6800700-010,7鄰,樂學路,,,,,,133號三樓,121.386130531831,25.0516342895551
桃園市龜山區樂善里7鄰樂學路133號四樓,68,6800700,6800700-010,7鄰,樂學路,,,,,,133號四樓,121.386130531831,25.0516342895551
桃園市龜山區樂善里7鄰樂學路133號五樓,68,6800700,6800700-010,7鄰,樂學路,,,,,,133號五樓,121.386130531831,25.0516342895551
桃園市龜山區樂善里7鄰樂學路133號六樓,68,6800700,6800700-010,7鄰,樂學路,,,,,,133號六樓,121.386130531831,25.0516342895551
桃園市龜山區樂善里7鄰樂學路133號七樓,68,6800700,6800700-010,7鄰,樂學路,,,,,,133號七樓,121.386130531831,25.0516342895551
桃園市龜山區樂善里7鄰樂學路133號八樓,68,6800700,6800700-010,7鄰,樂學路,,,,,,133號八樓,121.386130531831,25.0516342895551
桃園市龜山區樂善里7鄰樂學路133號九樓,68,6800700,6800700-010,7鄰,樂學路,,,,,,133號九樓,121.386130531831,25.0516342895551
桃園市龜山區樂善里7鄰樂學路133號十一樓,68,6800700,6800700-010,7鄰,樂學路,,,,,,133號十一樓,121.386130531831,25.0516342895551
桃園市龜山區樂善里7鄰樂學路133號十二樓,68,6800700,6800700-010,7鄰,樂學路,,,,,,133號十二樓,121.386130531831,25.0516342895551
桃園市龜山區樂善里7鄰樂學路133號十三樓,68,6800700,6800700-010,7鄰,樂學路,,,,,,133號十三樓,121.386130531831,25.0516342895551
桃園市龜山區樂善里7鄰樂學路133號十四樓,68,6800700,6800700-010,7鄰,樂學路,,,,,,133號十四樓,121.386130531831,25.0516342895551
桃園市龜山區樂善里7鄰樂學路133號十五樓,68,6800700,6800700-010,7鄰,樂學路,,,,,,133號十五樓,121.386130531831,25.0516342895551
桃園市龜山區樂善里7鄰樂學路135號十樓,68,6800700,6800700-010,7鄰,樂學路,,,,,,135號十樓,121.386239955965,25.0514787202379
桃園市龜山區樂善里7鄰樂學路135號二樓,68,6800700,6800700-010,7鄰,樂學路,,,,,,135號二樓,121.386239955965,25.0514787202379
桃園市龜山區樂善里7鄰樂學路135號三樓,68,6800700,6800700-010,7鄰,樂學路,,,,,,135號三樓,121.386239955965,25.0514787202379
桃園市龜山區樂善里7鄰樂學路135號四樓,68,6800700,6800700-010,7鄰,樂學路,,,,,,135號四樓,121.386239955965,25.0514787202379
桃園市龜山區樂善里7鄰樂學路135號五樓,68,6800700,6800700-010,7鄰,樂學路,,,,,,135號五樓,121.386239955965,25.0514787202379
桃園市龜山區樂善里7鄰樂學路135號六樓,68,6800700,6800700-010,7鄰,樂學路,,,,,,135號六樓,121.386239955965,25.0514787202379
桃園市龜山區樂善里7鄰樂學路135號七樓,68,6800700,6800700-010,7鄰,樂學路,,,,,,135號七樓,121.386239955965,25.0514787202379
桃園市龜山區樂善里7鄰樂學路135號八樓,68,6800700,6800700-010,7鄰,樂學路,,,,,,135號八樓,121.386239955965,25.0514787202379
桃園市龜山區樂善里7鄰樂學路135號九樓,68,6800700,6800700-010,7鄰,樂學路,,,,,,135號九樓,121.386239955965,25.0514787202379
桃園市龜山區樂善里7鄰樂學路135號十一樓,68,6800700,6800700-010,7鄰,樂學路,,,,,,135號十一樓,121.386239955965,25.0514787202379
桃園市龜山區樂善里7鄰樂學路135號十二樓,68,6800700,6800700-010,7鄰,樂學路,,,,,,135號十二樓,121.386239955965,25.0514787202379
桃園市龜山區樂善里7鄰樂學路135號十三樓,68,6800700,6800700-010,7鄰,樂學路,,,,,,135號十三樓,121.386239955965,25.0514787202379
桃園市龜山區樂善里7鄰樂學路135號十四樓,68,6800700,6800700-010,7鄰,樂學路,,,,,,135號十四樓,121.386239955965,25.0514787202379
桃園市龜山區樂善里7鄰樂學路135號十五樓,68,6800700,6800700-010,7鄰,樂學路,,,,,,135號十五樓,121.386239955965,25.0514787202379
桃園市龜山區樂善里7鄰樂學路137號十樓,68,6800700,6800700-010,7鄰,樂學路,,,,,,137號十樓,121.386166998347,25.0515059944908
桃園市龜山區樂善里7鄰樂學路137號二樓,68,6800700,6800700-010,7鄰,樂學路,,,,,,137號二樓,121.386166998347,25.0515059944908
桃園市龜山區樂善里7鄰樂學路137號三樓,68,6800700,6800700-010,7鄰,樂學路,,,,,,137號三樓,121.386166998347,25.0515059944908
桃園市龜山區樂善里7鄰樂學路137號四樓,68,6800700,6800700-010,7鄰,樂學路,,,,,,137號四樓,121.386166998347,25.0515059944908
桃園市龜山區樂善里7鄰樂學路137號五樓,68,6800700,6800700-010,7鄰,樂學路,,,,,,137號五樓,121.386166998347,25.0515059944908
桃園市龜山區樂善里7鄰樂學路137號六樓,68,6800700,6800700-010,7鄰,樂學路,,,,,,137號六樓,121.386166998347,25.0515059944908
桃園市龜山區樂善里7鄰樂學路137號七樓,68,6800700,6800700-010,7鄰,樂學路,,,,,,137號七樓,121.386166998347,25.0515059944908
桃園市龜山區樂善里7鄰樂學路137號八樓,68,6800700,6800700-010,7鄰,樂學路,,,,,,137號八樓,121.386166998347,25.0515059944908
桃園市龜山區樂善里7鄰樂學路137號九樓,68,6800700,6800700-010,7鄰,樂學路,,,,,,137號九樓,121.386166998347,25.0515059944908
桃園市龜山區樂善里7鄰樂學路137號十一樓,68,6800700,6800700-010,7鄰,樂學路,,,,,,137號十一樓,121.386166998347,25.0515059944908
桃園市龜山區樂善里7鄰樂學路137號十二樓,68,6800700,6800700-010,7鄰,樂學路,,,,,,137號十二樓,121.386166998347,25.0515059944908
桃園市龜山區樂善里7鄰樂學路137號十三樓,68,6800700,6800700-010,7鄰,樂學路,,,,,,137號十三樓,121.386166998347,25.0515059944908
桃園市龜山區樂善里7鄰樂學路137號十四樓,68,6800700,6800700-010,7鄰,樂學路,,,,,,137號十四樓,121.386166998347,25.0515059944908
桃園市龜山區樂善里7鄰樂學路137號十五樓,68,6800700,6800700-010,7鄰,樂學路,,,,,,137號十五樓,121.386166998347,25.0515059944908
桃園市龜山區樂善里7鄰樂學路139號十樓,68,6800700,6800700-010,7鄰,樂學路,,,,,,139號十樓,121.386085466668,25.0515487291952
桃園市龜山區樂善里7鄰樂學路139號二樓,68,6800700,6800700-010,7鄰,樂學路,,,,,,139號二樓,121.386085466668,25.0515487291952
桃園市龜山區樂善里7鄰樂學路139號三樓,68,6800700,6800700-010,7鄰,樂學路,,,,,,139號三樓,121.386085466668,25.0515487291952
桃園市龜山區樂善里7鄰樂學路139號四樓,68,6800700,6800700-010,7鄰,樂學路,,,,,,139號四樓,121.386085466668,25.0515487291952
桃園市龜山區樂善里7鄰樂學路139號五樓,68,6800700,6800700-010,7鄰,樂學路,,,,,,139號五樓,121.386085466668,25.0515487291952
桃園市龜山區樂善里7鄰樂學路139號六樓,68,6800700,6800700-010,7鄰,樂學路,,,,,,139號六樓,121.386085466668,25.0515487291952
桃園市龜山區樂善里7鄰樂學路139號七樓,68,6800700,6800700-010,7鄰,樂學路,,,,,,139號七樓,121.386085466668,25.0515487291952
桃園市龜山區樂善里7鄰樂學路139號八樓,68,6800700,6800700-010,7鄰,樂學路,,,,,,139號八樓,121.386085466668,25.0515487291952
桃園市龜山區樂善里7鄰樂學路139號九樓,68,6800700,6800700-010,7鄰,樂學路,,,,,,139號九樓,121.386085466668,25.0515487291952
桃園市龜山區樂善里7鄰樂學路139號十一樓,68,6800700,6800700-010,7鄰,樂學路,,,,,,139號十一樓,121.386085466668,25.0515487291952
桃園市龜山區樂善里7鄰樂學路139號十二樓,68,6800700,6800700-010,7鄰,樂學路,,,,,,139號十二樓,121.386085466668,25.0515487291952
桃園市龜山區樂善里7鄰樂學路139號十三樓,68,6800700,6800700-010,7鄰,樂學路,,,,,,139號十三樓,121.386085466668,25.0515487291952
桃園市龜山區樂善里7鄰樂學路139號十四樓,68,6800700,6800700-010,7鄰,樂學路,,,,,,139號十四樓,121.386085466668,25.0515487291952
桃園市龜山區樂善里7鄰樂學路139號十五樓,68,6800700,6800700-010,7鄰,樂學路,,,,,,139號十五樓,121.386085466668,25.0515487291952
桃園市龜山區樂善里7鄰樂學路141號,68,6800700,6800700-010,7鄰,樂學路,,,,,,141號,121.385763611152,25.0514378867314
桃園市龜山區樂善里7鄰樂學路141號十樓,68,6800700,6800700-010,7鄰,樂學路,,,,,,141號十樓,121.385763611152,25.0514378867314
桃園市龜山區樂善里7鄰樂學路141號二樓,68,6800700,6800700-010,7鄰,樂學路,,,,,,141號二樓,121.385763611152,25.0514378867314
桃園市龜山區樂善里7鄰樂學路141號三樓,68,6800700,6800700-010,7鄰,樂學路,,,,,,141號三樓,121.385763611152,25.0514378867314
桃園市龜山區樂善里7鄰樂學路141號四樓,68,6800700,6800700-010,7鄰,樂學路,,,,,,141號四樓,121.385763611152,25.0514378867314
桃園市龜山區樂善里7鄰樂學路141號五樓,68,6800700,6800700-010,7鄰,樂學路,,,,,,141號五樓,121.385763611152,25.0514378867314
桃園市龜山區樂善里7鄰樂學路141號六樓,68,6800700,6800700-010,7鄰,樂學路,,,,,,141號六樓,121.385763611152,25.0514378867314
桃園市龜山區樂善里7鄰樂學路141號七樓,68,6800700,6800700-010,7鄰,樂學路,,,,,,141號七樓,121.385763611152,25.0514378867314
桃園市龜山區樂善里7鄰樂學路141號八樓,68,6800700,6800700-010,7鄰,樂學路,,,,,,141號八樓,121.385763611152,25.0514378867314
桃園市龜山區樂善里7鄰樂學路141號九樓,68,6800700,6800700-010,7鄰,樂學路,,,,,,141號九樓,121.385763611152,25.0514378867314
桃園市龜山區樂善里7鄰樂學路141號十一樓,68,6800700,6800700-010,7鄰,樂學路,,,,,,141號十一樓,121.385763611152,25.0514378867314
桃園市龜山區樂善里7鄰樂學路141號十二樓,68,6800700,6800700-010,7鄰,樂學路,,,,,,141號十二樓,121.385763611152,25.0514378867314
桃園市龜山區樂善里7鄰樂學路141號十三樓,68,6800700,6800700-010,7鄰,樂學路,,,,,,141號十三樓,121.385763611152,25.0514378867314
桃園市龜山區樂善里7鄰樂學路141號十四樓,68,6800700,6800700-010,7鄰,樂學路,,,,,,141號十四樓,121.385763611152,25.0514378867314
桃園市龜山區樂善里7鄰樂學路141號十五樓,68,6800700,6800700-010,7鄰,樂學路,,,,,,141號十五樓,121.385763611152,25.0514378867314
桃園市龜山區樂善里7鄰樂學路143號十樓,68,6800700,6800700-010,7鄰,樂學路,,,,,,143號十樓,121.385802205421,25.0514826565901
桃園市龜山區樂善里7鄰樂學路143號二樓,68,6800700,6800700-010,7鄰,樂學路,,,,,,143號二樓,121.385802205421,25.0514826565901
桃園市龜山區樂善里7鄰樂學路143號三樓,68,6800700,6800700-010,7鄰,樂學路,,,,,,143號三樓,121.385802205421,25.0514826565901
桃園市龜山區樂善里7鄰樂學路143號四樓,68,6800700,6800700-010,7鄰,樂學路,,,,,,143號四樓,121.385802205421,25.0514826565901
桃園市龜山區樂善里7鄰樂學路143號五樓,68,6800700,6800700-010,7鄰,樂學路,,,,,,143號五樓,121.385802205421,25.0514826565901
桃園市龜山區樂善里7鄰樂學路143號六樓,68,6800700,6800700-010,7鄰,樂學路,,,,,,143號六樓,121.385802205421,25.0514826565901
桃園市龜山區樂善里7鄰樂學路143號七樓,68,6800700,6800700-010,7鄰,樂學路,,,,,,143號七樓,121.385802205421,25.0514826565901
桃園市龜山區樂善里7鄰樂學路143號八樓,68,6800700,6800700-010,7鄰,樂學路,,,,,,143號八樓,121.385802205421,25.0514826565901
桃園市龜山區樂善里7鄰樂學路143號九樓,68,6800700,6800700-010,7鄰,樂學路,,,,,,143號九樓,121.385802205421,25.0514826565901
桃園市龜山區樂善里7鄰樂學路143號十一樓,68,6800700,6800700-010,7鄰,樂學路,,,,,,143號十一樓,121.385802205421,25.0514826565901
桃園市龜山區樂善里7鄰樂學路143號十二樓,68,6800700,6800700-010,7鄰,樂學路,,,,,,143號十二樓,121.385802205421,25.0514826565901
桃園市龜山區樂善里7鄰樂學路143號十三樓,68,6800700,6800700-010,7鄰,樂學路,,,,,,143號十三樓,121.385802205421,25.0514826565901
桃園市龜山區樂善里7鄰樂學路143號十四樓,68,6800700,6800700-010,7鄰,樂學路,,,,,,143號十四樓,121.385802205421,25.0514826565901
桃園市龜山區樂善里7鄰樂學路143號十五樓,68,6800700,6800700-010,7鄰,樂學路,,,,,,143號十五樓,121.385802205421,25.0514826565901
桃園市龜山區樂善里7鄰樂學路145號十樓,68,6800700,6800700-010,7鄰,樂學路,,,,,,145號十樓,121.385855851681,25.0515234149363
桃園市龜山區樂善里7鄰樂學路145號二樓,68,6800700,6800700-010,7鄰,樂學路,,,,,,145號二樓,121.385855851681,25.0515234149363
桃園市龜山區樂善里7鄰樂學路145號三樓,68,6800700,6800700-010,7鄰,樂學路,,,,,,145號三樓,121.385855851681,25.0515234149363
桃園市龜山區樂善里7鄰樂學路145號四樓,68,6800700,6800700-010,7鄰,樂學路,,,,,,145號四樓,121.385855851681,25.0515234149363
桃園市龜山區樂善里7鄰樂學路145號五樓,68,6800700,6800700-010,7鄰,樂學路,,,,,,145號五樓,121.385855851681,25.0515234149363
桃園市龜山區樂善里7鄰樂學路145號六樓,68,6800700,6800700-010,7鄰,樂學路,,,,,,145號六樓,121.385855851681,25.0515234149363
桃園市龜山區樂善里7鄰樂學路145號七樓,68,6800700,6800700-010,7鄰,樂學路,,,,,,145號七樓,121.385855851681,25.0515234149363
桃園市龜山區樂善里7鄰樂學路145號八樓,68,6800700,6800700-010,7鄰,樂學路,,,,,,145號八樓,121.385855851681,25.0515234149363
桃園市龜山區樂善里7鄰樂學路145號九樓,68,6800700,6800700-010,7鄰,樂學路,,,,,,145號九樓,121.385855851681,25.0515234149363
桃園市龜山區樂善里7鄰樂學路145號十一樓,68,6800700,6800700-010,7鄰,樂學路,,,,,,145號十一樓,121.385855851681,25.0515234149363
桃園市龜山區樂善里7鄰樂學路145號十二樓,68,6800700,6800700-010,7鄰,樂學路,,,,,,145號十二樓,121.385855851681,25.0515234149363
桃園市龜山區樂善里7鄰樂學路145號十三樓,68,6800700,6800700-010,7鄰,樂學路,,,,,,145號十三樓,121.385855851681,25.0515234149363
桃園市龜山區樂善里7鄰樂學路145號十四樓,68,6800700,6800700-010,7鄰,樂學路,,,,,,145號十四樓,121.385855851681,25.0515234149363
桃園市龜山區樂善里7鄰樂學路145號十五樓,68,6800700,6800700-010,7鄰,樂學路,,,,,,145號十五樓,121.385855851681,25.0515234149363
桃園市龜山區樂善里7鄰樂學路147號十樓,68,6800700,6800700-010,7鄰,樂學路,,,,,,147號十樓,121.385907324103,25.0515662553934
桃園市龜山區樂善里7鄰樂學路147號三樓,68,6800700,6800700-010,7鄰,樂學路,,,,,,147號三樓,121.385907324103,25.0515662553934
桃園市龜山區樂善里7鄰樂學路147號四樓,68,6800700,6800700-010,7鄰,樂學路,,,,,,147號四樓,121.385907324103,25.0515662553934
桃園市龜山區樂善里7鄰樂學路147號五樓,68,6800700,6800700-010,7鄰,樂學路,,,,,,147號五樓,121.385907324103,25.0515662553934
桃園市龜山區樂善里7鄰樂學路147號六樓,68,6800700,6800700-010,7鄰,樂學路,,,,,,147號六樓,121.385907324103,25.0515662553934
桃園市龜山區樂善里7鄰樂學路147號七樓,68,6800700,6800700-010,7鄰,樂學路,,,,,,147號七樓,121.385907324103,25.0515662553934
桃園市龜山區樂善里7鄰樂學路147號八樓,68,6800700,6800700-010,7鄰,樂學路,,,,,,147號八樓,121.385907324103,25.0515662553934
桃園市龜山區樂善里7鄰樂學路147號九樓,68,6800700,6800700-010,7鄰,樂學路,,,,,,147號九樓,121.385907324103,25.0515662553934
桃園市龜山區樂善里7鄰樂學路147號十一樓,68,6800700,6800700-010,7鄰,樂學路,,,,,,147號十一樓,121.385907324103,25.0515662553934
桃園市龜山區樂善里7鄰樂學路147號十二樓,68,6800700,6800700-010,7鄰,樂學路,,,,,,147號十二樓,121.385907324103,25.0515662553934
桃園市龜山區樂善里7鄰樂學路147號十三樓,68,6800700,6800700-010,7鄰,樂學路,,,,,,147號十三樓,121.385907324103,25.0515662553934
桃園市龜山區樂善里7鄰樂學路147號十四樓,68,6800700,6800700-010,7鄰,樂學路,,,,,,147號十四樓,121.385907324103,25.0515662553934
桃園市龜山區樂善里7鄰樂學路147號十五樓,68,6800700,6800700-010,7鄰,樂學路,,,,,,147號十五樓,121.385907324103,25.0515662553934
桃園市龜山區樂善里7鄰樂學路149號,68,6800700,6800700-010,7鄰,樂學路,,,,,,149號,121.385958889167,25.0516070191083
桃園市龜山區樂善里7鄰樂學路149號十樓,68,6800700,6800700-010,7鄰,樂學路,,,,,,149號十樓,121.385958889167,25.0516070191083
桃園市龜山區樂善里7鄰樂學路149號二樓,68,6800700,6800700-010,7鄰,樂學路,,,,,,149號二樓,121.385958889167,25.0516070191083
桃園市龜山區樂善里7鄰樂學路149號三樓,68,6800700,6800700-010,7鄰,樂學路,,,,,,149號三樓,121.385958889167,25.0516070191083
桃園市龜山區樂善里7鄰樂學路149號四樓,68,6800700,6800700-010,7鄰,樂學路,,,,,,149號四樓,121.385958889167,25.0516070191083
桃園市龜山區樂善里7鄰樂學路149號五樓,68,6800700,6800700-010,7鄰,樂學路,,,,,,149號五樓,121.385958889167,25.0516070191083
桃園市龜山區樂善里7鄰樂學路149號六樓,68,6800700,6800700-010,7鄰,樂學路,,,,,,149號六樓,121.385958889167,25.0516070191083
桃園市龜山區樂善里7鄰樂學路149號七樓,68,6800700,6800700-010,7鄰,樂學路,,,,,,149號七樓,121.385958889167,25.0516070191083
桃園市龜山區樂善里7鄰樂學路149號八樓,68,6800700,6800700-010,7鄰,樂學路,,,,,,149號八樓,121.385958889167,25.0516070191083
桃園市龜山區樂善里7鄰樂學路149號九樓,68,6800700,6800700-010,7鄰,樂學路,,,,,,149號九樓,121.385958889167,25.0516070191083
桃園市龜山區樂善里7鄰樂學路149號十一樓,68,6800700,6800700-010,7鄰,樂學路,,,,,,149號十一樓,121.385958889167,25.0516070191083
桃園市龜山區樂善里7鄰樂學路149號十二樓,68,6800700,6800700-010,7鄰,樂學路,,,,,,149號十二樓,121.385958889167,25.0516070191083
桃園市龜山區樂善里7鄰樂學路149號十三樓,68,6800700,6800700-010,7鄰,樂學路,,,,,,149號十三樓,121.385958889167,25.0516070191083
桃園市龜山區樂善里7鄰樂學路149號十四樓,68,6800700,6800700-010,7鄰,樂學路,,,,,,149號十四樓,121.385958889167,25.0516070191083
桃園市龜山區樂善里7鄰樂學路149號十五樓,68,6800700,6800700-010,7鄰,樂學路,,,,,,149號十五樓,121.385958889167,25.0516070191083
桃園市龜山區樂善里30鄰樂學路339巷1號,68,6800700,6800700-010,30鄰,樂學路,,339巷,,,,1號,121.383430736823,25.052248338624
桃園市龜山區樂善里31鄰樂學路339巷2號,68,6800700,6800700-010,31鄰,樂學路,,339巷,,,,2號,121.382634906181,25.052381480148
桃園市龜山區樂善里30鄰樂學路339巷3號,68,6800700,6800700-010,30鄰,樂學路,,339巷,,,,3號,121.38332701908,25.0521687068529
桃園市龜山區樂善里31鄰樂學路339巷35號,68,6800700,6800700-010,31鄰,樂學路,,339巷,,,,35號,121.382221616596,25.0520288197581
桃園市龜山區長樂里9鄰樂學路118號十樓,68,6800700,6800700-000,9鄰,樂學路,,,,,,118號十樓,121.386152327761,25.0506826618652
桃園市龜山區長樂里9鄰樂學路118號二樓,68,6800700,6800700-000,9鄰,樂學路,,,,,,118號二樓,121.386152327761,25.0506826618652
桃園市龜山區長樂里9鄰樂學路118號三樓,68,6800700,6800700-000,9鄰,樂學路,,,,,,118號三樓,121.386152327761,25.0506826618652
桃園市龜山區長樂里9鄰樂學路118號四樓,68,6800700,6800700-000,9鄰,樂學路,,,,,,118號四樓,121.386152327761,25.0506826618652
桃園市龜山區長樂里9鄰樂學路118號五樓,68,6800700,6800700-000,9鄰,樂學路,,,,,,118號五樓,121.386152327761,25.0506826618652
桃園市龜山區長樂里9鄰樂學路118號六樓,68,6800700,6800700-000,9鄰,樂學路,,,,,,118號六樓,121.386152327761,25.0506826618652
桃園市龜山區長樂里9鄰樂學路118號七樓,68,6800700,6800700-000,9鄰,樂學路,,,,,,118號七樓,121.386152327761,25.0506826618652
桃園市龜山區長樂里9鄰樂學路118號八樓,68,6800700,6800700-000,9鄰,樂學路,,,,,,118號八樓,121.386152327761,25.0506826618652
桃園市龜山區長樂里9鄰樂學路118號九樓,68,6800700,6800700-000,9鄰,樂學路,,,,,,118號九樓,121.386152327761,25.0506826618652
桃園市龜山區長樂里9鄰樂學路118號十一樓,68,6800700,6800700-000,9鄰,樂學路,,,,,,118號十一樓,121.386152327761,25.0506826618652
桃園市龜山區長樂里9鄰樂學路118號十二樓,68,6800700,6800700-000,9鄰,樂學路,,,,,,118號十二樓,121.386152327761,25.0506826618652
桃園市龜山區長樂里9鄰樂學路118號十三樓,68,6800700,6800700-000,9鄰,樂學路,,,,,,118號十三樓,121.386152327761,25.0506826618652
桃園市龜山區長樂里9鄰樂學路118號十四樓,68,6800700,6800700-000,9鄰,樂學路,,,,,,118號十四樓,121.386152327761,25.0506826618652
桃園市龜山區長樂里9鄰樂學路118號十五樓,68,6800700,6800700-000,9鄰,樂學路,,,,,,118號十五樓,121.386152327761,25.0506826618652
桃園市龜山區長樂里9鄰樂學路118號十六樓,68,6800700,6800700-000,9鄰,樂學路,,,,,,118號十六樓,121.386152327761,25.0506826618652
桃園市龜山區長樂里9鄰樂學路118號十七樓,68,6800700,6800700-000,9鄰,樂學路,,,,,,118號十七樓,121.386152327761,25.0506826618652
桃園市龜山區長樂里9鄰樂學路118號十八樓,68,6800700,6800700-000,9鄰,樂學路,,,,,,118號十八樓,121.386152327761,25.0506826618652
桃園市龜山區長樂里9鄰樂學路118號十九樓,68,6800700,6800700-000,9鄰,樂學路,,,,,,118號十九樓,121.386152327761,25.0506826618652
桃園市龜山區長樂里9鄰樂學路118號二十樓,68,6800700,6800700-000,9鄰,樂學路,,,,,,118號二十樓,121.386152327761,25.0506826618652
桃園市龜山區長樂里9鄰樂學路118號二十一樓,68,6800700,6800700-000,9鄰,樂學路,,,,,,118號二十一樓,121.386152327761,25.0506826618652
桃園市龜山區長樂里9鄰樂學路118號二十二樓,68,6800700,6800700-000,9鄰,樂學路,,,,,,118號二十二樓,121.386152327761,25.0506826618652
桃園市龜山區長樂里9鄰樂學路118號二十三樓,68,6800700,6800700-000,9鄰,樂學路,,,,,,118號二十三樓,121.386152327761,25.0506826618652
桃園市龜山區長樂里9鄰樂學路118號二十四樓,68,6800700,6800700-000,9鄰,樂學路,,,,,,118號二十四樓,121.386152327761,25.0506826618652
桃園市龜山區長樂里9鄰樂學路118號二十五樓,68,6800700,6800700-000,9鄰,樂學路,,,,,,118號二十五樓,121.386152327761,25.0506826618652
桃園市龜山區長樂里9鄰樂學路118號二十六樓,68,6800700,6800700-000,9鄰,樂學路,,,,,,118號二十六樓,121.386152327761,25.0506826618652
桃園市龜山區長樂里9鄰樂學路118號二十七樓,68,6800700,6800700-000,9鄰,樂學路,,,,,,118號二十七樓,121.386152327761,25.0506826618652
桃園市龜山區長樂里9鄰樂學路118號二十八樓,68,6800700,6800700-000,9鄰,樂學路,,,,,,118號二十八樓,121.386152327761,25.0506826618652
桃園市龜山區長樂里9鄰樂學路120號十樓,68,6800700,6800700-000,9鄰,樂學路,,,,,,120號十樓,121.386203686008,25.0507524065257
桃園市龜山區長樂里9鄰樂學路120號二樓,68,6800700,6800700-000,9鄰,樂學路,,,,,,120號二樓,121.386203686008,25.0507524065257
桃園市龜山區長樂里9鄰樂學路120號三樓,68,6800700,6800700-000,9鄰,樂學路,,,,,,120號三樓,121.386203686008,25.0507524065257
桃園市龜山區長樂里9鄰樂學路120號四樓,68,6800700,6800700-000,9鄰,樂學路,,,,,,120號四樓,121.386203686008,25.0507524065257
桃園市龜山區長樂里9鄰樂學路120號五樓,68,6800700,6800700-000,9鄰,樂學路,,,,,,120號五樓,121.386203686008,25.0507524065257
桃園市龜山區長樂里9鄰樂學路120號六樓,68,6800700,6800700-000,9鄰,樂學路,,,,,,120號六樓,121.386203686008,25.0507524065257
桃園市龜山區長樂里9鄰樂學路120號七樓,68,6800700,6800700-000,9鄰,樂學路,,,,,,120號七樓,121.386203686008,25.0507524065257
桃園市龜山區長樂里9鄰樂學路120號八樓,68,6800700,6800700-000,9鄰,樂學路,,,,,,120號八樓,121.386203686008,25.0507524065257
桃園市龜山區長樂里9鄰樂學路120號九樓,68,6800700,6800700-000,9鄰,樂學路,,,,,,120號九樓,121.386203686008,25.0507524065257
桃園市龜山區長樂里9鄰樂學路120號十一樓,68,6800700,6800700-000,9鄰,樂學路,,,,,,120號十一樓,121.386203686008,25.0507524065257
桃園市龜山區長樂里9鄰樂學路120號十二樓,68,6800700,6800700-000,9鄰,樂學路,,,,,,120號十二樓,121.386203686008,25.0507524065257
桃園市龜山區長樂里9鄰樂學路120號十三樓,68,6800700,6800700-000,9鄰,樂學路,,,,,,120號十三樓,121.386203686008,25.0507524065257
桃園市龜山區長樂里9鄰樂學路120號十四樓,68,6800700,6800700-000,9鄰,樂學路,,,,,,120號十四樓,121.386203686008,25.0507524065257
桃園市龜山區長樂里9鄰樂學路120號十五樓,68,6800700,6800700-000,9鄰,樂學路,,,,,,120號十五樓,121.386203686008,25.0507524065257
桃園市龜山區長樂里9鄰樂學路120號十六樓,68,6800700,6800700-000,9鄰,樂學路,,,,,,120號十六樓,121.386203686008,25.0507524065257
桃園市龜山區長樂里9鄰樂學路120號十七樓,68,6800700,6800700-000,9鄰,樂學路,,,,,,120號十七樓,121.386203686008,25.0507524065257
桃園市龜山區長樂里9鄰樂學路120號十八樓,68,6800700,6800700-000,9鄰,樂學路,,,,,,120號十八樓,121.386203686008,25.0507524065257
桃園市龜山區長樂里9鄰樂學路120號十九樓,68,6800700,6800700-000,9鄰,樂學路,,,,,,120號十九樓,121.386203686008,25.0507524065257
桃園市龜山區長樂里9鄰樂學路120號二十樓,68,6800700,6800700-000,9鄰,樂學路,,,,,,120號二十樓,121.386203686008,25.0507524065257
桃園市龜山區長樂里9鄰樂學路120號二十一樓,68,6800700,6800700-000,9鄰,樂學路,,,,,,120號二十一樓,121.386203686008,25.0507524065257
桃園市龜山區長樂里9鄰樂學路120號二十二樓,68,6800700,6800700-000,9鄰,樂學路,,,,,,120號二十二樓,121.386203686008,25.0507524065257
桃園市龜山區長樂里9鄰樂學路120號二十三樓,68,6800700,6800700-000,9鄰,樂學路,,,,,,120號二十三樓,121.386203686008,25.0507524065257
桃園市龜山區長樂里9鄰樂學路120號二十四樓,68,6800700,6800700-000,9鄰,樂學路,,,,,,120號二十四樓,121.386203686008,25.0507524065257
桃園市龜山區長樂里9鄰樂學路120號二十五樓,68,6800700,6800700-000,9鄰,樂學路,,,,,,120號二十五樓,121.386203686008,25.0507524065257
桃園市龜山區長樂里9鄰樂學路120號二十六樓,68,6800700,6800700-000,9鄰,樂學路,,,,,,120號二十六樓,121.386203686008,25.0507524065257
桃園市龜山區長樂里9鄰樂學路120號二十七樓,68,6800700,6800700-000,9鄰,樂學路,,,,,,120號二十七樓,121.386203686008,25.0507524065257
桃園市龜山區長樂里9鄰樂學路120號二十八樓,68,6800700,6800700-000,9鄰,樂學路,,,,,,120號二十八樓,121.386203686008,25.0507524065257
桃園市龜山區長樂里9鄰樂學路122號十樓,68,6800700,6800700-000,9鄰,樂學路,,,,,,122號十樓,121.386266425528,25.0508169755047
桃園市龜山區長樂里9鄰樂學路122號二樓,68,6800700,6800700-000,9鄰,樂學路,,,,,,122號二樓,121.386266425528,25.0508169755047
桃園市龜山區長樂里9鄰樂學路122號三樓,68,6800700,6800700-000,9鄰,樂學路,,,,,,122號三樓,121.386266425528,25.0508169755047
桃園市龜山區長樂里9鄰樂學路122號四樓,68,6800700,6800700-000,9鄰,樂學路,,,,,,122號四樓,121.386266425528,25.0508169755047
桃園市龜山區長樂里9鄰樂學路122號五樓,68,6800700,6800700-000,9鄰,樂學路,,,,,,122號五樓,121.386266425528,25.0508169755047
桃園市龜山區長樂里9鄰樂學路122號六樓,68,6800700,6800700-000,9鄰,樂學路,,,,,,122號六樓,121.386266425528,25.0508169755047
桃園市龜山區長樂里9鄰樂學路122號七樓,68,6800700,6800700-000,9鄰,樂學路,,,,,,122號七樓,121.386266425528,25.0508169755047
桃園市龜山區長樂里9鄰樂學路122號八樓,68,6800700,6800700-000,9鄰,樂學路,,,,,,122號八樓,121.386266425528,25.0508169755047
桃園市龜山區長樂里9鄰樂學路122號九樓,68,6800700,6800700-000,9鄰,樂學路,,,,,,122號九樓,121.386266425528,25.0508169755047
桃園市龜山區長樂里9鄰樂學路122號十一樓,68,6800700,6800700-000,9鄰,樂學路,,,,,,122號十一樓,121.386266425528,25.0508169755047
桃園市龜山區長樂里9鄰樂學路122號十二樓,68,6800700,6800700-000,9鄰,樂學路,,,,,,122號十二樓,121.386266425528,25.0508169755047
桃園市龜山區長樂里9鄰樂學路122號十三樓,68,6800700,6800700-000,9鄰,樂學路,,,,,,122號十三樓,121.386266425528,25.0508169755047
桃園市龜山區長樂里9鄰樂學路122號十四樓,68,6800700,6800700-000,9鄰,樂學路,,,,,,122號十四樓,121.386266425528,25.0508169755047
桃園市龜山區長樂里9鄰樂學路122號十五樓,68,6800700,6800700-000,9鄰,樂學路,,,,,,122號十五樓,121.386266425528,25.0508169755047
桃園市龜山區長樂里9鄰樂學路122號十六樓,68,6800700,6800700-000,9鄰,樂學路,,,,,,122號十六樓,121.386266425528,25.0508169755047
桃園市龜山區長樂里9鄰樂學路122號十七樓,68,6800700,6800700-000,9鄰,樂學路,,,,,,122號十七樓,121.386266425528,25.0508169755047
桃園市龜山區長樂里9鄰樂學路122號十八樓,68,6800700,6800700-000,9鄰,樂學路,,,,,,122號十八樓,121.386266425528,25.0508169755047
桃園市龜山區長樂里9鄰樂學路122號十九樓,68,6800700,6800700-000,9鄰,樂學路,,,,,,122號十九樓,121.386266425528,25.0508169755047
桃園市龜山區長樂里9鄰樂學路122號二十樓,68,6800700,6800700-000,9鄰,樂學路,,,,,,122號二十樓,121.386266425528,25.0508169755047
桃園市龜山區長樂里9鄰樂學路122號二十一樓,68,6800700,6800700-000,9鄰,樂學路,,,,,,122號二十一樓,121.386266425528,25.0508169755047
桃園市龜山區長樂里9鄰樂學路122號二十二樓,68,6800700,6800700-000,9鄰,樂學路,,,,,,122號二十二樓,121.386266425528,25.0508169755047
桃園市龜山區長樂里9鄰樂學路122號二十三樓,68,6800700,6800700-000,9鄰,樂學路,,,,,,122號二十三樓,121.386266425528,25.0508169755047
桃園市龜山區長樂里9鄰樂學路122號二十四樓,68,6800700,6800700-000,9鄰,樂學路,,,,,,122號二十四樓,121.386266425528,25.0508169755047
桃園市龜山區長樂里9鄰樂學路122號二十五樓,68,6800700,6800700-000,9鄰,樂學路,,,,,,122號二十五樓,121.386266425528,25.0508169755047
桃園市龜山區長樂里9鄰樂學路122號二十六樓,68,6800700,6800700-000,9鄰,樂學路,,,,,,122號二十六樓,121.386266425528,25.0508169755047
桃園市龜山區長樂里9鄰樂學路122號二十七樓,68,6800700,6800700-000,9鄰,樂學路,,,,,,122號二十七樓,121.386266425528,25.0508169755047
桃園市龜山區長樂里9鄰樂學路122號二十八樓,68,6800700,6800700-000,9鄰,樂學路,,,,,,122號二十八樓,121.386266425528,25.0508169755047
桃園市龜山區長樂里9鄰樂學路126號十樓,68,6800700,6800700-000,9鄰,樂學路,,,,,,126號十樓,121.386426151209,25.050742077518
桃園市龜山區長樂里9鄰樂學路126號二樓,68,6800700,6800700-000,9鄰,樂學路,,,,,,126號二樓,121.386426151209,25.050742077518
桃園市龜山區長樂里9鄰樂學路126號三樓,68,6800700,6800700-000,9鄰,樂學路,,,,,,126號三樓,121.386426151209,25.050742077518
桃園市龜山區長樂里9鄰樂學路126號四樓,68,6800700,6800700-000,9鄰,樂學路,,,,,,126號四樓,121.386426151209,25.050742077518
桃園市龜山區長樂里9鄰樂學路126號五樓,68,6800700,6800700-000,9鄰,樂學路,,,,,,126號五樓,121.386426151209,25.050742077518
桃園市龜山區長樂里9鄰樂學路126號六樓,68,6800700,6800700-000,9鄰,樂學路,,,,,,126號六樓,121.386426151209,25.050742077518
桃園市龜山區長樂里9鄰樂學路126號七樓,68,6800700,6800700-000,9鄰,樂學路,,,,,,126號七樓,121.386426151209,25.050742077518
桃園市龜山區長樂里9鄰樂學路126號八樓,68,6800700,6800700-000,9鄰,樂學路,,,,,,126號八樓,121.386426151209,25.050742077518
桃園市龜山區長樂里9鄰樂學路126號九樓,68,6800700,6800700-000,9鄰,樂學路,,,,,,126號九樓,121.386426151209,25.050742077518
桃園市龜山區長樂里9鄰樂學路126號十一樓,68,6800700,6800700-000,9鄰,樂學路,,,,,,126號十一樓,121.386426151209,25.050742077518
桃園市龜山區長樂里9鄰樂學路126號十二樓,68,6800700,6800700-000,9鄰,樂學路,,,,,,126號十二樓,121.386426151209,25.050742077518
桃園市龜山區長樂里9鄰樂學路126號十三樓,68,6800700,6800700-000,9鄰,樂學路,,,,,,126號十三樓,121.386426151209,25.050742077518
桃園市龜山區長樂里9鄰樂學路126號十四樓,68,6800700,6800700-000,9鄰,樂學路,,,,,,126號十四樓,121.386426151209,25.050742077518
桃園市龜山區長樂里9鄰樂學路126號十五樓,68,6800700,6800700-000,9鄰,樂學路,,,,,,126號十五樓,121.386426151209,25.050742077518
桃園市龜山區長樂里9鄰樂學路126號十六樓,68,6800700,6800700-000,9鄰,樂學路,,,,,,126號十六樓,121.386426151209,25.050742077518
桃園市龜山區長樂里9鄰樂學路126號十七樓,68,6800700,6800700-000,9鄰,樂學路,,,,,,126號十七樓,121.386426151209,25.050742077518
桃園市龜山區長樂里9鄰樂學路126號十八樓,68,6800700,6800700-000,9鄰,樂學路,,,,,,126號十八樓,121.386426151209,25.050742077518
桃園市龜山區長樂里9鄰樂學路126號十九樓,68,6800700,6800700-000,9鄰,樂學路,,,,,,126號十九樓,121.386426151209,25.050742077518
桃園市龜山區長樂里9鄰樂學路126號二十樓,68,6800700,6800700-000,9鄰,樂學路,,,,,,126號二十樓,121.386426151209,25.050742077518
桃園市龜山區長樂里9鄰樂學路126號二十一樓,68,6800700,6800700-000,9鄰,樂學路,,,,,,126號二十一樓,121.386426151209,25.050742077518
桃園市龜山區長樂里9鄰樂學路126號二十二樓,68,6800700,6800700-000,9鄰,樂學路,,,,,,126號二十二樓,121.386426151209,25.050742077518
桃園市龜山區長樂里9鄰樂學路126號二十三樓,68,6800700,6800700-000,9鄰,樂學路,,,,,,126號二十三樓,121.386426151209,25.050742077518
桃園市龜山區長樂里9鄰樂學路126號二十四樓,68,6800700,6800700-000,9鄰,樂學路,,,,,,126號二十四樓,121.386426151209,25.050742077518
桃園市龜山區長樂里9鄰樂學路126號二十五樓,68,6800700,6800700-000,9鄰,樂學路,,,,,,126號二十五樓,121.386426151209,25.050742077518
桃園市龜山區長樂里9鄰樂學路126號二十六樓,68,6800700,6800700-000,9鄰,樂學路,,,,,,126號二十六樓,121.386426151209,25.050742077518
桃園市龜山區長樂里9鄰樂學路126號二十七樓,68,6800700,6800700-000,9鄰,樂學路,,,,,,126號二十七樓,121.386426151209,25.050742077518
桃園市龜山區長樂里9鄰樂學路126號二十八樓,68,6800700,6800700-000,9鄰,樂學路,,,,,,126號二十八樓,121.386426151209,25.050742077518
桃園市龜山區長樂里9鄰樂學路128號十樓,68,6800700,6800700-000,9鄰,樂學路,,,,,,128號十樓,121.386400459848,25.0507033231399
桃園市龜山區長樂里9鄰樂學路128號二樓,68,6800700,6800700-000,9鄰,樂學路,,,,,,128號二樓,121.386400459848,25.0507033231399
桃園市龜山區長樂里9鄰樂學路128號三樓,68,6800700,6800700-000,9鄰,樂學路,,,,,,128號三樓,121.386400459848,25.0507033231399
桃園市龜山區長樂里9鄰樂學路128號四樓,68,6800700,6800700-000,9鄰,樂學路,,,,,,128號四樓,121.386400459848,25.0507033231399
桃園市龜山區長樂里9鄰樂學路128號五樓,68,6800700,6800700-000,9鄰,樂學路,,,,,,128號五樓,121.386400459848,25.0507033231399
桃園市龜山區長樂里9鄰樂學路128號六樓,68,6800700,6800700-000,9鄰,樂學路,,,,,,128號六樓,121.386400459848,25.0507033231399
桃園市龜山區長樂里9鄰樂學路128號七樓,68,6800700,6800700-000,9鄰,樂學路,,,,,,128號七樓,121.386400459848,25.0507033231399
桃園市龜山區長樂里9鄰樂學路128號八樓,68,6800700,6800700-000,9鄰,樂學路,,,,,,128號八樓,121.386400459848,25.0507033231399
桃園市龜山區長樂里9鄰樂學路128號九樓,68,6800700,6800700-000,9鄰,樂學路,,,,,,128號九樓,121.386400459848,25.0507033231399
桃園市龜山區長樂里9鄰樂學路128號十一樓,68,6800700,6800700-000,9鄰,樂學路,,,,,,128號十一樓,121.386400459848,25.0507033231399
桃園市龜山區長樂里9鄰樂學路128號十二樓,68,6800700,6800700-000,9鄰,樂學路,,,,,,128號十二樓,121.386400459848,25.0507033231399
桃園市龜山區長樂里9鄰樂學路128號十三樓,68,6800700,6800700-000,9鄰,樂學路,,,,,,128號十三樓,121.386400459848,25.0507033231399
桃園市龜山區長樂里9鄰樂學路128號十四樓,68,6800700,6800700-000,9鄰,樂學路,,,,,,128號十四樓,121.386400459848,25.0507033231399
桃園市龜山區長樂里9鄰樂學路128號十五樓,68,6800700,6800700-000,9鄰,樂學路,,,,,,128號十五樓,121.386400459848,25.0507033231399
桃園市龜山區長樂里9鄰樂學路128號十六樓,68,6800700,6800700-000,9鄰,樂學路,,,,,,128號十六樓,121.386400459848,25.0507033231399
桃園市龜山區長樂里9鄰樂學路128號十七樓,68,6800700,6800700-000,9鄰,樂學路,,,,,,128號十七樓,121.386400459848,25.0507033231399
桃園市龜山區長樂里9鄰樂學路128號十八樓,68,6800700,6800700-000,9鄰,樂學路,,,,,,128號十八樓,121.386400459848,25.0507033231399
桃園市龜山區長樂里9鄰樂學路128號十九樓,68,6800700,6800700-000,9鄰,樂學路,,,,,,128號十九樓,121.386400459848,25.0507033231399
桃園市龜山區長樂里9鄰樂學路128號二十樓,68,6800700,6800700-000,9鄰,樂學路,,,,,,128號二十樓,121.386400459848,25.0507033231399
桃園市龜山區長樂里9鄰樂學路128號二十一樓,68,6800700,6800700-000,9鄰,樂學路,,,,,,128號二十一樓,121.386400459848,25.0507033231399
桃園市龜山區長樂里9鄰樂學路128號二十二樓,68,6800700,6800700-000,9鄰,樂學路,,,,,,128號二十二樓,121.386400459848,25.0507033231399
桃園市龜山區長樂里9鄰樂學路128號二十三樓,68,6800700,6800700-000,9鄰,樂學路,,,,,,128號二十三樓,121.386400459848,25.0507033231399
桃園市龜山區長樂里9鄰樂學路128號二十四樓,68,6800700,6800700-000,9鄰,樂學路,,,,,,128號二十四樓,121.386400459848,25.0507033231399
桃園市龜山區長樂里9鄰樂學路128號二十五樓,68,6800700,6800700-000,9鄰,樂學路,,,,,,128號二十五樓,121.386400459848,25.0507033231399
桃園市龜山區長樂里9鄰樂學路128號二十六樓,68,6800700,6800700-000,9鄰,樂學路,,,,,,128號二十六樓,121.386400459848,25.0507033231399
桃園市龜山區長樂里9鄰樂學路128號二十七樓,68,6800700,6800700-000,9鄰,樂學路,,,,,,128號二十七樓,121.386400459848,25.0507033231399
桃園市龜山區長樂里9鄰樂學路128號二十八樓,68,6800700,6800700-000,9鄰,樂學路,,,,,,128號二十八樓,121.386400459848,25.0507033231399
桃園市龜山區長樂里9鄰樂學路130號十樓,68,6800700,6800700-000,9鄰,樂學路,,,,,,130號十樓,121.386363338636,25.0506542160697
桃園市龜山區長樂里9鄰樂學路130號二樓,68,6800700,6800700-000,9鄰,樂學路,,,,,,130號二樓,121.386363338636,25.0506542160697
桃園市龜山區長樂里9鄰樂學路130號三樓,68,6800700,6800700-000,9鄰,樂學路,,,,,,130號三樓,121.386363338636,25.0506542160697
桃園市龜山區長樂里9鄰樂學路130號四樓,68,6800700,6800700-000,9鄰,樂學路,,,,,,130號四樓,121.386363338636,25.0506542160697
桃園市龜山區長樂里9鄰樂學路130號五樓,68,6800700,6800700-000,9鄰,樂學路,,,,,,130號五樓,121.386363338636,25.0506542160697
桃園市龜山區長樂里9鄰樂學路130號六樓,68,6800700,6800700-000,9鄰,樂學路,,,,,,130號六樓,121.386363338636,25.0506542160697
桃園市龜山區長樂里9鄰樂學路130號七樓,68,6800700,6800700-000,9鄰,樂學路,,,,,,130號七樓,121.386363338636,25.0506542160697
桃園市龜山區長樂里9鄰樂學路130號八樓,68,6800700,6800700-000,9鄰,樂學路,,,,,,130號八樓,121.386363338636,25.0506542160697
桃園市龜山區長樂里9鄰樂學路130號九樓,68,6800700,6800700-000,9鄰,樂學路,,,,,,130號九樓,121.386363338636,25.0506542160697
桃園市龜山區長樂里9鄰樂學路130號十一樓,68,6800700,6800700-000,9鄰,樂學路,,,,,,130號十一樓,121.386363338636,25.0506542160697
桃園市龜山區長樂里9鄰樂學路130號十二樓,68,6800700,6800700-000,9鄰,樂學路,,,,,,130號十二樓,121.386363338636,25.0506542160697
桃園市龜山區長樂里9鄰樂學路130號十三樓,68,6800700,6800700-000,9鄰,樂學路,,,,,,130號十三樓,121.386363338636,25.0506542160697
桃園市龜山區長樂里9鄰樂學路130號十四樓,68,6800700,6800700-000,9鄰,樂學路,,,,,,130號十四樓,121.386363338636,25.0506542160697
桃園市龜山區長樂里9鄰樂學路130號十五樓,68,6800700,6800700-000,9鄰,樂學路,,,,,,130號十五樓,121.386363338636,25.0506542160697
桃園市龜山區長樂里9鄰樂學路130號十六樓,68,6800700,6800700-000,9鄰,樂學路,,,,,,130號十六樓,121.386363338636,25.0506542160697
桃園市龜山區長樂里9鄰樂學路130號十七樓,68,6800700,6800700-000,9鄰,樂學路,,,,,,130號十七樓,121.386363338636,25.0506542160697
桃園市龜山區長樂里9鄰樂學路130號十八樓,68,6800700,6800700-000,9鄰,樂學路,,,,,,130號十八樓,121.386363338636,25.0506542160697
桃園市龜山區長樂里9鄰樂學路130號十九樓,68,6800700,6800700-000,9鄰,樂學路,,,,,,130號十九樓,121.386363338636,25.0506542160697
桃園市龜山區長樂里9鄰樂學路130號二十樓,68,6800700,6800700-000,9鄰,樂學路,,,,,,130號二十樓,121.386363338636,25.0506542160697
桃園市龜山區長樂里9鄰樂學路130號二十一樓,68,6800700,6800700-000,9鄰,樂學路,,,,,,130號二十一樓,121.386363338636,25.0506542160697
桃園市龜山區長樂里9鄰樂學路130號二十二樓,68,6800700,6800700-000,9鄰,樂學路,,,,,,130號二十二樓,121.386363338636,25.0506542160697
桃園市龜山區長樂里9鄰樂學路130號二十三樓,68,6800700,6800700-000,9鄰,樂學路,,,,,,130號二十三樓,121.386363338636,25.0506542160697
桃園市龜山區長樂里9鄰樂學路130號二十四樓,68,6800700,6800700-000,9鄰,樂學路,,,,,,130號二十四樓,121.386363338636,25.0506542160697
桃園市龜山區長樂里9鄰樂學路130號二十五樓,68,6800700,6800700-000,9鄰,樂學路,,,,,,130號二十五樓,121.386363338636,25.0506542160697
桃園市龜山區長樂里9鄰樂學路130號二十六樓,68,6800700,6800700-000,9鄰,樂學路,,,,,,130號二十六樓,121.386363338636,25.0506542160697
桃園市龜山區長樂里9鄰樂學路130號二十七樓,68,6800700,6800700-000,9鄰,樂學路,,,,,,130號二十七樓,121.386363338636,25.0506542160697
桃園市龜山區長樂里9鄰樂學路130號二十八樓,68,6800700,6800700-000,9鄰,樂學路,,,,,,130號二十八樓,121.386363338636,25.0506542160697
桃園市龜山區長樂里9鄰樂學路132號十樓,68,6800700,6800700-000,9鄰,樂學路,,,,,,132號十樓,121.386329107689,25.0506102475404
桃園市龜山區長樂里9鄰樂學路132號二樓,68,6800700,6800700-000,9鄰,樂學路,,,,,,132號二樓,121.386329107689,25.0506102475404
桃園市龜山區長樂里9鄰樂學路132號三樓,68,6800700,6800700-000,9鄰,樂學路,,,,,,132號三樓,121.386329107689,25.0506102475404
桃園市龜山區長樂里9鄰樂學路132號四樓,68,6800700,6800700-000,9鄰,樂學路,,,,,,132號四樓,121.386329107689,25.0506102475404
桃園市龜山區長樂里9鄰樂學路132號五樓,68,6800700,6800700-000,9鄰,樂學路,,,,,,132號五樓,121.386329107689,25.0506102475404
桃園市龜山區長樂里9鄰樂學路132號六樓,68,6800700,6800700-000,9鄰,樂學路,,,,,,132號六樓,121.386329107689,25.0506102475404
桃園市龜山區長樂里9鄰樂學路132號七樓,68,6800700,6800700-000,9鄰,樂學路,,,,,,132號七樓,121.386329107689,25.0506102475404
桃園市龜山區長樂里9鄰樂學路132號八樓,68,6800700,6800700-000,9鄰,樂學路,,,,,,132號八樓,121.386329107689,25.0506102475404
桃園市龜山區長樂里9鄰樂學路132號九樓,68,6800700,6800700-000,9鄰,樂學路,,,,,,132號九樓,121.386329107689,25.0506102475404
桃園市龜山區長樂里9鄰樂學路132號十一樓,68,6800700,6800700-000,9鄰,樂學路,,,,,,132號十一樓,121.386329107689,25.0506102475404
桃園市龜山區長樂里9鄰樂學路132號十二樓,68,6800700,6800700-000,9鄰,樂學路,,,,,,132號十二樓,121.386329107689,25.0506102475404
桃園市龜山區長樂里9鄰樂學路132號十三樓,68,6800700,6800700-000,9鄰,樂學路,,,,,,132號十三樓,121.386329107689,25.0506102475404
桃園市龜山區長樂里9鄰樂學路132號十四樓,68,6800700,6800700-000,9鄰,樂學路,,,,,,132號十四樓,121.386329107689,25.0506102475404
桃園市龜山區長樂里9鄰樂學路132號十五樓,68,6800700,6800700-000,9鄰,樂學路,,,,,,132號十五樓,121.386329107689,25.0506102475404
桃園市龜山區長樂里9鄰樂學路132號十六樓,68,6800700,6800700-000,9鄰,樂學路,,,,,,132號十六樓,121.386329107689,25.0506102475404
桃園市龜山區長樂里9鄰樂學路132號十七樓,68,6800700,6800700-000,9鄰,樂學路,,,,,,132號十七樓,121.386329107689,25.0506102475404
桃園市龜山區長樂里9鄰樂學路132號十八樓,68,6800700,6800700-000,9鄰,樂學路,,,,,,132號十八樓,121.386329107689,25.0506102475404
桃園市龜山區長樂里9鄰樂學路132號十九樓,68,6800700,6800700-000,9鄰,樂學路,,,,,,132號十九樓,121.386329107689,25.0506102475404
桃園市龜山區長樂里9鄰樂學路132號二十樓,68,6800700,6800700-000,9鄰,樂學路,,,,,,132號二十樓,121.386329107689,25.0506102475404
桃園市龜山區長樂里9鄰樂學路132號二十一樓,68,6800700,6800700-000,9鄰,樂學路,,,,,,132號二十一樓,121.386329107689,25.0506102475404
桃園市龜山區長樂里9鄰樂學路132號二十二樓,68,6800700,6800700-000,9鄰,樂學路,,,,,,132號二十二樓,121.386329107689,25.0506102475404
桃園市龜山區長樂里9鄰樂學路132號二十三樓,68,6800700,6800700-000,9鄰,樂學路,,,,,,132號二十三樓,121.386329107689,25.0506102475404
桃園市龜山區長樂里9鄰樂學路132號二十四樓,68,6800700,6800700-000,9鄰,樂學路,,,,,,132號二十四樓,121.386329107689,25.0506102475404
桃園市龜山區長樂里9鄰樂學路132號二十五樓,68,6800700,6800700-000,9鄰,樂學路,,,,,,132號二十五樓,121.386329107689,25.0506102475404
桃園市龜山區長樂里9鄰樂學路132號二十六樓,68,6800700,6800700-000,9鄰,樂學路,,,,,,132號二十六樓,121.386329107689,25.0506102475404
桃園市龜山區長樂里9鄰樂學路132號二十七樓,68,6800700,6800700-000,9鄰,樂學路,,,,,,132號二十七樓,121.386329107689,25.0506102475404
桃園市龜山區長樂里9鄰樂學路132號二十八樓,68,6800700,6800700-000,9鄰,樂學路,,,,,,132號二十八樓,121.386329107689,25.0506102475404
桃園市龜山區長樂里9鄰樂學路136號十樓,68,6800700,6800700-000,9鄰,樂學路,,,,,,136號十樓,121.386237934688,25.0506438889316
桃園市龜山區長樂里9鄰樂學路136號二樓,68,6800700,6800700-000,9鄰,樂學路,,,,,,136號二樓,121.386237934688,25.0506438889316
桃園市龜山區長樂里9鄰樂學路136號三樓,68,6800700,6800700-000,9鄰,樂學路,,,,,,136號三樓,121.386237934688,25.0506438889316
桃園市龜山區長樂里9鄰樂學路136號四樓,68,6800700,6800700-000,9鄰,樂學路,,,,,,136號四樓,121.386237934688,25.0506438889316
桃園市龜山區長樂里9鄰樂學路136號五樓,68,6800700,6800700-000,9鄰,樂學路,,,,,,136號五樓,121.386237934688,25.0506438889316
桃園市龜山區長樂里9鄰樂學路136號六樓,68,6800700,6800700-000,9鄰,樂學路,,,,,,136號六樓,121.386237934688,25.0506438889316
桃園市龜山區長樂里9鄰樂學路136號七樓,68,6800700,6800700-000,9鄰,樂學路,,,,,,136號七樓,121.386237934688,25.0506438889316
桃園市龜山區長樂里9鄰樂學路136號八樓,68,6800700,6800700-000,9鄰,樂學路,,,,,,136號八樓,121.386237934688,25.0506438889316
桃園市龜山區長樂里9鄰樂學路136號九樓,68,6800700,6800700-000,9鄰,樂學路,,,,,,136號九樓,121.386237934688,25.0506438889316
桃園市龜山區長樂里9鄰樂學路136號十一樓,68,6800700,6800700-000,9鄰,樂學路,,,,,,136號十一樓,121.386237934688,25.0506438889316
桃園市龜山區長樂里9鄰樂學路136號十二樓,68,6800700,6800700-000,9鄰,樂學路,,,,,,136號十二樓,121.386237934688,25.0506438889316
桃園市龜山區長樂里9鄰樂學路136號十三樓,68,6800700,6800700-000,9鄰,樂學路,,,,,,136號十三樓,121.386237934688,25.0506438889316
桃園市龜山區長樂里9鄰樂學路136號十四樓,68,6800700,6800700-000,9鄰,樂學路,,,,,,136號十四樓,121.386237934688,25.0506438889316
桃園市龜山區長樂里9鄰樂學路136號十五樓,68,6800700,6800700-000,9鄰,樂學路,,,,,,136號十五樓,121.386237934688,25.0506438889316
桃園市龜山區長樂里9鄰樂學路136號十六樓,68,6800700,6800700-000,9鄰,樂學路,,,,,,136號十六樓,121.386237934688,25.0506438889316
桃園市龜山區長樂里9鄰樂學路136號十七樓,68,6800700,6800700-000,9鄰,樂學路,,,,,,136號十七樓,121.386237934688,25.0506438889316
桃園市龜山區長樂里9鄰樂學路136號十八樓,68,6800700,6800700-000,9鄰,樂學路,,,,,,136號十八樓,121.386237934688,25.0506438889316
桃園市龜山區長樂里9鄰樂學路136號十九樓,68,6800700,6800700-000,9鄰,樂學路,,,,,,136號十九樓,121.386237934688,25.0506438889316
桃園市龜山區長樂里9鄰樂學路136號二十樓,68,6800700,6800700-000,9鄰,樂學路,,,,,,136號二十樓,121.386237934688,25.0506438889316
桃園市龜山區長樂里9鄰樂學路136號二十一樓,68,6800700,6800700-000,9鄰,樂學路,,,,,,136號二十一樓,121.386237934688,25.0506438889316
桃園市龜山區長樂里9鄰樂學路136號二十二樓,68,6800700,6800700-000,9鄰,樂學路,,,,,,136號二十二樓,121.386237934688,25.0506438889316
桃園市龜山區長樂里9鄰樂學路136號二十三樓,68,6800700,6800700-000,9鄰,樂學路,,,,,,136號二十三樓,121.386237934688,25.0506438889316
桃園市龜山區長樂里9鄰樂學路136號二十四樓,68,6800700,6800700-000,9鄰,樂學路,,,,,,136號二十四樓,121.386237934688,25.0506438889316
桃園市龜山區長樂里9鄰樂學路136號二十五樓,68,6800700,6800700-000,9鄰,樂學路,,,,,,136號二十五樓,121.386237934688,25.0506438889316
桃園市龜山區長樂里9鄰樂學路136號二十六樓,68,6800700,6800700-000,9鄰,樂學路,,,,,,136號二十六樓,121.386237934688,25.0506438889316
桃園市龜山區長樂里9鄰樂學路136號二十七樓,68,6800700,6800700-000,9鄰,樂學路,,,,,,136號二十七樓,121.386237934688,25.0506438889316
桃園市龜山區長樂里9鄰樂學路136號二十八樓,68,6800700,6800700-000,9鄰,樂學路,,,,,,136號二十八樓,121.386237934688,25.0506438889316
桃園市龜山區長樂里9鄰樂學路138號十樓,68,6800700,6800700-000,9鄰,樂學路,,,,,,138號十樓,121.386459107051,25.0506322090095
桃園市龜山區長樂里9鄰樂學路138號二樓,68,6800700,6800700-000,9鄰,樂學路,,,,,,138號二樓,121.386459107051,25.0506322090095
桃園市龜山區長樂里9鄰樂學路138號三樓,68,6800700,6800700-000,9鄰,樂學路,,,,,,138號三樓,121.386459107051,25.0506322090095
桃園市龜山區長樂里9鄰樂學路138號四樓,68,6800700,6800700-000,9鄰,樂學路,,,,,,138號四樓,121.386459107051,25.0506322090095
桃園市龜山區長樂里9鄰樂學路138號五樓,68,6800700,6800700-000,9鄰,樂學路,,,,,,138號五樓,121.386459107051,25.0506322090095
桃園市龜山區長樂里9鄰樂學路138號六樓,68,6800700,6800700-000,9鄰,樂學路,,,,,,138號六樓,121.386459107051,25.0506322090095
桃園市龜山區長樂里9鄰樂學路138號七樓,68,6800700,6800700-000,9鄰,樂學路,,,,,,138號七樓,121.386459107051,25.0506322090095
桃園市龜山區長樂里9鄰樂學路138號八樓,68,6800700,6800700-000,9鄰,樂學路,,,,,,138號八樓,121.386459107051,25.0506322090095
桃園市龜山區長樂里9鄰樂學路138號九樓,68,6800700,6800700-000,9鄰,樂學路,,,,,,138號九樓,121.386459107051,25.0506322090095
桃園市龜山區長樂里9鄰樂學路138號十一樓,68,6800700,6800700-000,9鄰,樂學路,,,,,,138號十一樓,121.386459107051,25.0506322090095
桃園市龜山區長樂里9鄰樂學路138號十二樓,68,6800700,6800700-000,9鄰,樂學路,,,,,,138號十二樓,121.386459107051,25.0506322090095
桃園市龜山區長樂里9鄰樂學路138號十三樓,68,6800700,6800700-000,9鄰,樂學路,,,,,,138號十三樓,121.386459107051,25.0506322090095
桃園市龜山區長樂里9鄰樂學路138號十四樓,68,6800700,6800700-000,9鄰,樂學路,,,,,,138號十四樓,121.386459107051,25.0506322090095
桃園市龜山區長樂里9鄰樂學路138號十五樓,68,6800700,6800700-000,9鄰,樂學路,,,,,,138號十五樓,121.386459107051,25.0506322090095
桃園市龜山區長樂里9鄰樂學路138號十六樓,68,6800700,6800700-000,9鄰,樂學路,,,,,,138號十六樓,121.386459107051,25.0506322090095
桃園市龜山區長樂里9鄰樂學路138號十七樓,68,6800700,6800700-000,9鄰,樂學路,,,,,,138號十七樓,121.386459107051,25.0506322090095
桃園市龜山區長樂里9鄰樂學路138號十八樓,68,6800700,6800700-000,9鄰,樂學路,,,,,,138號十八樓,121.386459107051,25.0506322090095
桃園市龜山區長樂里9鄰樂學路138號十九樓,68,6800700,6800700-000,9鄰,樂學路,,,,,,138號十九樓,121.386459107051,25.0506322090095
桃園市龜山區長樂里9鄰樂學路138號二十樓,68,6800700,6800700-000,9鄰,樂學路,,,,,,138號二十樓,121.386459107051,25.0506322090095
桃園市龜山區長樂里9鄰樂學路138號二十一樓,68,6800700,6800700-000,9鄰,樂學路,,,,,,138號二十一樓,121.386459107051,25.0506322090095
桃園市龜山區長樂里9鄰樂學路138號二十二樓,68,6800700,6800700-000,9鄰,樂學路,,,,,,138號二十二樓,121.386459107051,25.0506322090095
桃園市龜山區長樂里9鄰樂學路138號二十三樓,68,6800700,6800700-000,9鄰,樂學路,,,,,,138號二十三樓,121.386459107051,25.0506322090095
桃園市龜山區長樂里9鄰樂學路138號二十四樓,68,6800700,6800700-000,9鄰,樂學路,,,,,,138號二十四樓,121.386459107051,25.0506322090095
桃園市龜山區長樂里9鄰樂學路138號二十五樓,68,6800700,6800700-000,9鄰,樂學路,,,,,,138號二十五樓,121.386459107051,25.0506322090095
桃園市龜山區長樂里9鄰樂學路138號二十六樓,68,6800700,6800700-000,9鄰,樂學路,,,,,,138號二十六樓,121.386459107051,25.0506322090095
桃園市龜山區長樂里9鄰樂學路138號二十七樓,68,6800700,6800700-000,9鄰,樂學路,,,,,,138號二十七樓,121.386459107051,25.0506322090095
桃園市龜山區長樂里9鄰樂學路138號二十八樓,68,6800700,6800700-000,9鄰,樂學路,,,,,,138號二十八樓,121.386459107051,25.0506322090095
桃園市龜山區長樂里9鄰樂學路140號十樓,68,6800700,6800700-000,9鄰,樂學路,,,,,,140號十樓,121.38649902764,25.0506890730139
桃園市龜山區長樂里9鄰樂學路140號二樓,68,6800700,6800700-000,9鄰,樂學路,,,,,,140號二樓,121.38649902764,25.0506890730139
桃園市龜山區長樂里9鄰樂學路140號三樓,68,6800700,6800700-000,9鄰,樂學路,,,,,,140號三樓,121.38649902764,25.0506890730139
桃園市龜山區長樂里9鄰樂學路140號四樓,68,6800700,6800700-000,9鄰,樂學路,,,,,,140號四樓,121.38649902764,25.0506890730139
桃園市龜山區長樂里9鄰樂學路140號五樓,68,6800700,6800700-000,9鄰,樂學路,,,,,,140號五樓,121.38649902764,25.0506890730139
桃園市龜山區長樂里9鄰樂學路140號六樓,68,6800700,6800700-000,9鄰,樂學路,,,,,,140號六樓,121.38649902764,25.0506890730139
桃園市龜山區長樂里9鄰樂學路140號七樓,68,6800700,6800700-000,9鄰,樂學路,,,,,,140號七樓,121.38649902764,25.0506890730139
桃園市龜山區長樂里9鄰樂學路140號八樓,68,6800700,6800700-000,9鄰,樂學路,,,,,,140號八樓,121.38649902764,25.0506890730139
桃園市龜山區長樂里9鄰樂學路140號九樓,68,6800700,6800700-000,9鄰,樂學路,,,,,,140號九樓,121.38649902764,25.0506890730139
桃園市龜山區長樂里9鄰樂學路140號十一樓,68,6800700,6800700-000,9鄰,樂學路,,,,,,140號十一樓,121.38649902764,25.0506890730139
桃園市龜山區長樂里9鄰樂學路140號十二樓,68,6800700,6800700-000,9鄰,樂學路,,,,,,140號十二樓,121.38649902764,25.0506890730139
桃園市龜山區長樂里9鄰樂學路140號十三樓,68,6800700,6800700-000,9鄰,樂學路,,,,,,140號十三樓,121.38649902764,25.0506890730139
桃園市龜山區長樂里9鄰樂學路140號十四樓,68,6800700,6800700-000,9鄰,樂學路,,,,,,140號十四樓,121.38649902764,25.0506890730139
桃園市龜山區長樂里9鄰樂學路140號十五樓,68,6800700,6800700-000,9鄰,樂學路,,,,,,140號十五樓,121.38649902764,25.0506890730139
桃園市龜山區長樂里9鄰樂學路140號十六樓,68,6800700,6800700-000,9鄰,樂學路,,,,,,140號十六樓,121.38649902764,25.0506890730139
桃園市龜山區長樂里9鄰樂學路140號十七樓,68,6800700,6800700-000,9鄰,樂學路,,,,,,140號十七樓,121.38649902764,25.0506890730139
桃園市龜山區長樂里9鄰樂學路140號十八樓,68,6800700,6800700-000,9鄰,樂學路,,,,,,140號十八樓,121.38649902764,25.0506890730139
桃園市龜山區長樂里9鄰樂學路140號十九樓,68,6800700,6800700-000,9鄰,樂學路,,,,,,140號十九樓,121.38649902764,25.0506890730139
桃園市龜山區長樂里9鄰樂學路140號二十樓,68,6800700,6800700-000,9鄰,樂學路,,,,,,140號二十樓,121.38649902764,25.0506890730139
桃園市龜山區長樂里9鄰樂學路140號二十一樓,68,6800700,6800700-000,9鄰,樂學路,,,,,,140號二十一樓,121.38649902764,25.0506890730139
桃園市龜山區長樂里9鄰樂學路140號二十二樓,68,6800700,6800700-000,9鄰,樂學路,,,,,,140號二十二樓,121.38649902764,25.0506890730139
桃園市龜山區長樂里9鄰樂學路140號二十三樓,68,6800700,6800700-000,9鄰,樂學路,,,,,,140號二十三樓,121.38649902764,25.0506890730139
桃園市龜山區長樂里9鄰樂學路140號二十四樓,68,6800700,6800700-000,9鄰,樂學路,,,,,,140號二十四樓,121.38649902764,25.0506890730139
桃園市龜山區長樂里9鄰樂學路140號二十五樓,68,6800700,6800700-000,9鄰,樂學路,,,,,,140號二十五樓,121.38649902764,25.0506890730139
桃園市龜山區長樂里9鄰樂學路140號二十六樓,68,6800700,6800700-000,9鄰,樂學路,,,,,,140號二十六樓,121.38649902764,25.0506890730139
桃園市龜山區長樂里9鄰樂學路140號二十七樓,68,6800700,6800700-000,9鄰,樂學路,,,,,,140號二十七樓,121.38649902764,25.0506890730139
桃園市龜山區長樂里9鄰樂學路140號二十八樓,68,6800700,6800700-000,9鄰,樂學路,,,,,,140號二十八樓,121.38649902764,25.0506890730139
桃園市龜山區長樂里9鄰樂學路142號十樓,68,6800700,6800700-000,9鄰,樂學路,,,,,,142號十樓,121.386595947112,25.0506864734756
桃園市龜山區長樂里9鄰樂學路142號二樓,68,6800700,6800700-000,9鄰,樂學路,,,,,,142號二樓,121.386595947112,25.0506864734756
桃園市龜山區長樂里9鄰樂學路142號三樓,68,6800700,6800700-000,9鄰,樂學路,,,,,,142號三樓,121.386595947112,25.0506864734756
桃園市龜山區長樂里9鄰樂學路142號四樓,68,6800700,6800700-000,9鄰,樂學路,,,,,,142號四樓,121.386595947112,25.0506864734756
桃園市龜山區長樂里9鄰樂學路142號五樓,68,6800700,6800700-000,9鄰,樂學路,,,,,,142號五樓,121.386595947112,25.0506864734756
桃園市龜山區長樂里9鄰樂學路142號六樓,68,6800700,6800700-000,9鄰,樂學路,,,,,,142號六樓,121.386595947112,25.0506864734756
桃園市龜山區長樂里9鄰樂學路142號七樓,68,6800700,6800700-000,9鄰,樂學路,,,,,,142號七樓,121.386595947112,25.0506864734756
桃園市龜山區長樂里9鄰樂學路142號八樓,68,6800700,6800700-000,9鄰,樂學路,,,,,,142號八樓,121.386595947112,25.0506864734756
桃園市龜山區長樂里9鄰樂學路142號九樓,68,6800700,6800700-000,9鄰,樂學路,,,,,,142號九樓,121.386595947112,25.0506864734756
桃園市龜山區長樂里9鄰樂學路142號十一樓,68,6800700,6800700-000,9鄰,樂學路,,,,,,142號十一樓,121.386595947112,25.0506864734756
桃園市龜山區長樂里9鄰樂學路142號十二樓,68,6800700,6800700-000,9鄰,樂學路,,,,,,142號十二樓,121.386595947112,25.0506864734756
桃園市龜山區長樂里9鄰樂學路142號十三樓,68,6800700,6800700-000,9鄰,樂學路,,,,,,142號十三樓,121.386595947112,25.0506864734756
桃園市龜山區長樂里9鄰樂學路142號十四樓,68,6800700,6800700-000,9鄰,樂學路,,,,,,142號十四樓,121.386595947112,25.0506864734756
桃園市龜山區長樂里9鄰樂學路142號十五樓,68,6800700,6800700-000,9鄰,樂學路,,,,,,142號十五樓,121.386595947112,25.0506864734756
桃園市龜山區長樂里9鄰樂學路142號十六樓,68,6800700,6800700-000,9鄰,樂學路,,,,,,142號十六樓,121.386595947112,25.0506864734756
桃園市龜山區長樂里9鄰樂學路142號十七樓,68,6800700,6800700-000,9鄰,樂學路,,,,,,142號十七樓,121.386595947112,25.0506864734756
桃園市龜山區長樂里9鄰樂學路142號十八樓,68,6800700,6800700-000,9鄰,樂學路,,,,,,142號十八樓,121.386595947112,25.0506864734756
桃園市龜山區長樂里9鄰樂學路142號十九樓,68,6800700,6800700-000,9鄰,樂學路,,,,,,142號十九樓,121.386595947112,25.0506864734756
桃園市龜山區長樂里9鄰樂學路142號二十樓,68,6800700,6800700-000,9鄰,樂學路,,,,,,142號二十樓,121.386595947112,25.0506864734756
桃園市龜山區長樂里9鄰樂學路142號二十一樓,68,6800700,6800700-000,9鄰,樂學路,,,,,,142號二十一樓,121.386595947112,25.0506864734756
桃園市龜山區長樂里9鄰樂學路142號二十二樓,68,6800700,6800700-000,9鄰,樂學路,,,,,,142號二十二樓,121.386595947112,25.0506864734756
桃園市龜山區長樂里9鄰樂學路142號二十三樓,68,6800700,6800700-000,9鄰,樂學路,,,,,,142號二十三樓,121.386595947112,25.0506864734756
桃園市龜山區長樂里9鄰樂學路142號二十四樓,68,6800700,6800700-000,9鄰,樂學路,,,,,,142號二十四樓,121.386595947112,25.0506864734756
桃園市龜山區長樂里9鄰樂學路142號二十五樓,68,6800700,6800700-000,9鄰,樂學路,,,,,,142號二十五樓,121.386595947112,25.0506864734756
桃園市龜山區長樂里9鄰樂學路142號二十六樓,68,6800700,6800700-000,9鄰,樂學路,,,,,,142號二十六樓,121.386595947112,25.0506864734756
桃園市龜山區長樂里9鄰樂學路142號二十七樓,68,6800700,6800700-000,9鄰,樂學路,,,,,,142號二十七樓,121.386595947112,25.0506864734756
桃園市龜山區長樂里9鄰樂學路142號二十八樓,68,6800700,6800700-000,9鄰,樂學路,,,,,,142號二十八樓,121.386595947112,25.0506864734756
桃園市龜山區長樂里9鄰樂學路146號十樓,68,6800700,6800700-000,9鄰,樂學路,,,,,,146號十樓,121.386692925186,25.0506709634122
桃園市龜山區長樂里9鄰樂學路146號二樓,68,6800700,6800700-000,9鄰,樂學路,,,,,,146號二樓,121.386692925186,25.0506709634122
桃園市龜山區長樂里9鄰樂學路146號三樓,68,6800700,6800700-000,9鄰,樂學路,,,,,,146號三樓,121.386692925186,25.0506709634122
桃園市龜山區長樂里9鄰樂學路146號四樓,68,6800700,6800700-000,9鄰,樂學路,,,,,,146號四樓,121.386692925186,25.0506709634122
桃園市龜山區長樂里9鄰樂學路146號五樓,68,6800700,6800700-000,9鄰,樂學路,,,,,,146號五樓,121.386692925186,25.0506709634122
桃園市龜山區長樂里9鄰樂學路146號六樓,68,6800700,6800700-000,9鄰,樂學路,,,,,,146號六樓,121.386692925186,25.0506709634122
桃園市龜山區長樂里9鄰樂學路146號七樓,68,6800700,6800700-000,9鄰,樂學路,,,,,,146號七樓,121.386692925186,25.0506709634122
桃園市龜山區長樂里9鄰樂學路146號八樓,68,6800700,6800700-000,9鄰,樂學路,,,,,,146號八樓,121.386692925186,25.0506709634122
桃園市龜山區長樂里9鄰樂學路146號九樓,68,6800700,6800700-000,9鄰,樂學路,,,,,,146號九樓,121.386692925186,25.0506709634122
桃園市龜山區長樂里9鄰樂學路146號十一樓,68,6800700,6800700-000,9鄰,樂學路,,,,,,146號十一樓,121.386692925186,25.0506709634122
桃園市龜山區長樂里9鄰樂學路146號十二樓,68,6800700,6800700-000,9鄰,樂學路,,,,,,146號十二樓,121.386692925186,25.0506709634122
桃園市龜山區長樂里9鄰樂學路146號十三樓,68,6800700,6800700-000,9鄰,樂學路,,,,,,146號十三樓,121.386692925186,25.0506709634122
桃園市龜山區長樂里9鄰樂學路146號十四樓,68,6800700,6800700-000,9鄰,樂學路,,,,,,146號十四樓,121.386692925186,25.0506709634122
桃園市龜山區長樂里9鄰樂學路146號十五樓,68,6800700,6800700-000,9鄰,樂學路,,,,,,146號十五樓,121.386692925186,25.0506709634122
桃園市龜山區長樂里9鄰樂學路146號十六樓,68,6800700,6800700-000,9鄰,樂學路,,,,,,146號十六樓,121.386692925186,25.0506709634122
桃園市龜山區長樂里9鄰樂學路146號十七樓,68,6800700,6800700-000,9鄰,樂學路,,,,,,146號十七樓,121.386692925186,25.0506709634122
桃園市龜山區長樂里9鄰樂學路146號十八樓,68,6800700,6800700-000,9鄰,樂學路,,,,,,146號十八樓,121.386692925186,25.0506709634122
桃園市龜山區長樂里9鄰樂學路146號十九樓,68,6800700,6800700-000,9鄰,樂學路,,,,,,146號十九樓,121.386692925186,25.0506709634122
桃園市龜山區長樂里9鄰樂學路146號二十樓,68,6800700,6800700-000,9鄰,樂學路,,,,,,146號二十樓,121.386692925186,25.0506709634122
桃園市龜山區長樂里9鄰樂學路146號二十一樓,68,6800700,6800700-000,9鄰,樂學路,,,,,,146號二十一樓,121.386692925186,25.0506709634122
桃園市龜山區長樂里9鄰樂學路146號二十二樓,68,6800700,6800700-000,9鄰,樂學路,,,,,,146號二十二樓,121.386692925186,25.0506709634122
桃園市龜山區長樂里9鄰樂學路146號二十三樓,68,6800700,6800700-000,9鄰,樂學路,,,,,,146號二十三樓,121.386692925186,25.0506709634122
桃園市龜山區長樂里9鄰樂學路146號二十四樓,68,6800700,6800700-000,9鄰,樂學路,,,,,,146號二十四樓,121.386692925186,25.0506709634122
桃園市龜山區長樂里9鄰樂學路146號二十五樓,68,6800700,6800700-000,9鄰,樂學路,,,,,,146號二十五樓,121.386692925186,25.0506709634122
桃園市龜山區長樂里9鄰樂學路146號二十六樓,68,6800700,6800700-000,9鄰,樂學路,,,,,,146號二十六樓,121.386692925186,25.0506709634122
桃園市龜山區長樂里9鄰樂學路146號二十七樓,68,6800700,6800700-000,9鄰,樂學路,,,,,,146號二十七樓,121.386692925186,25.0506709634122
桃園市龜山區長樂里9鄰樂學路146號二十八樓,68,6800700,6800700-000,9鄰,樂學路,,,,,,146號二十八樓,121.386692925186,25.0506709634122
桃園市龜山區長樂里9鄰樂學路148號十樓,68,6800700,6800700-000,9鄰,樂學路,,,,,,148號十樓,121.386667308509,25.0506244446441
桃園市龜山區長樂里9鄰樂學路148號二樓,68,6800700,6800700-000,9鄰,樂學路,,,,,,148號二樓,121.386667308509,25.0506244446441
桃園市龜山區長樂里9鄰樂學路148號三樓,68,6800700,6800700-000,9鄰,樂學路,,,,,,148號三樓,121.386667308509,25.0506244446441
桃園市龜山區長樂里9鄰樂學路148號四樓,68,6800700,6800700-000,9鄰,樂學路,,,,,,148號四樓,121.386667308509,25.0506244446441
桃園市龜山區長樂里9鄰樂學路148號五樓,68,6800700,6800700-000,9鄰,樂學路,,,,,,148號五樓,121.386667308509,25.0506244446441
桃園市龜山區長樂里9鄰樂學路148號六樓,68,6800700,6800700-000,9鄰,樂學路,,,,,,148號六樓,121.386667308509,25.0506244446441
桃園市龜山區長樂里9鄰樂學路148號七樓,68,6800700,6800700-000,9鄰,樂學路,,,,,,148號七樓,121.386667308509,25.0506244446441
桃園市龜山區長樂里9鄰樂學路148號八樓,68,6800700,6800700-000,9鄰,樂學路,,,,,,148號八樓,121.386667308509,25.0506244446441
桃園市龜山區長樂里9鄰樂學路148號九樓,68,6800700,6800700-000,9鄰,樂學路,,,,,,148號九樓,121.386667308509,25.0506244446441
桃園市龜山區長樂里9鄰樂學路148號十一樓,68,6800700,6800700-000,9鄰,樂學路,,,,,,148號十一樓,121.386667308509,25.0506244446441
桃園市龜山區長樂里9鄰樂學路148號十二樓,68,6800700,6800700-000,9鄰,樂學路,,,,,,148號十二樓,121.386667308509,25.0506244446441
桃園市龜山區長樂里9鄰樂學路148號十三樓,68,6800700,6800700-000,9鄰,樂學路,,,,,,148號十三樓,121.386667308509,25.0506244446441
桃園市龜山區長樂里9鄰樂學路148號十四樓,68,6800700,6800700-000,9鄰,樂學路,,,,,,148號十四樓,121.386667308509,25.0506244446441
桃園市龜山區長樂里9鄰樂學路148號十五樓,68,6800700,6800700-000,9鄰,樂學路,,,,,,148號十五樓,121.386667308509,25.0506244446441
桃園市龜山區長樂里9鄰樂學路148號十六樓,68,6800700,6800700-000,9鄰,樂學路,,,,,,148號十六樓,121.386667308509,25.0506244446441
桃園市龜山區長樂里9鄰樂學路148號十七樓,68,6800700,6800700-000,9鄰,樂學路,,,,,,148號十七樓,121.386667308509,25.0506244446441
桃園市龜山區長樂里9鄰樂學路148號十八樓,68,6800700,6800700-000,9鄰,樂學路,,,,,,148號十八樓,121.386667308509,25.0506244446441
桃園市龜山區長樂里9鄰樂學路148號十九樓,68,6800700,6800700-000,9鄰,樂學路,,,,,,148號十九樓,121.386667308509,25.0506244446441
桃園市龜山區長樂里9鄰樂學路148號二十樓,68,6800700,6800700-000,9鄰,樂學路,,,,,,148號二十樓,121.386667308509,25.0506244446441
桃園市龜山區長樂里9鄰樂學路148號二十一樓,68,6800700,6800700-000,9鄰,樂學路,,,,,,148號二十一樓,121.386667308509,25.0506244446441
桃園市龜山區長樂里9鄰樂學路148號二十二樓,68,6800700,6800700-000,9鄰,樂學路,,,,,,148號二十二樓,121.386667308509,25.0506244446441
桃園市龜山區長樂里9鄰樂學路148號二十三樓,68,6800700,6800700-000,9鄰,樂學路,,,,,,148號二十三樓,121.386667308509,25.0506244446441
桃園市龜山區長樂里9鄰樂學路148號二十四樓,68,6800700,6800700-000,9鄰,樂學路,,,,,,148號二十四樓,121.386667308509,25.0506244446441
桃園市龜山區長樂里9鄰樂學路148號二十五樓,68,6800700,6800700-000,9鄰,樂學路,,,,,,148號二十五樓,121.386667308509,25.0506244446441
桃園市龜山區長樂里9鄰樂學路148號二十六樓,68,6800700,6800700-000,9鄰,樂學路,,,,,,148號二十六樓,121.386667308509,25.0506244446441
桃園市龜山區長樂里9鄰樂學路148號二十七樓,68,6800700,6800700-000,9鄰,樂學路,,,,,,148號二十七樓,121.386667308509,25.0506244446441
桃園市龜山區長樂里9鄰樂學路148號二十八樓,68,6800700,6800700-000,9鄰,樂學路,,,,,,148號二十八樓,121.386667308509,25.0506244446441
桃園市龜山區長樂里9鄰樂學路150號十樓,68,6800700,6800700-000,9鄰,樂學路,,,,,,150號十樓,121.38663873478,25.0505830796353
桃園市龜山區長樂里9鄰樂學路150號二樓,68,6800700,6800700-000,9鄰,樂學路,,,,,,150號二樓,121.38663873478,25.0505830796353
桃園市龜山區長樂里9鄰樂學路150號三樓,68,6800700,6800700-000,9鄰,樂學路,,,,,,150號三樓,121.38663873478,25.0505830796353
桃園市龜山區長樂里9鄰樂學路150號四樓,68,6800700,6800700-000,9鄰,樂學路,,,,,,150號四樓,121.38663873478,25.0505830796353
桃園市龜山區長樂里9鄰樂學路150號五樓,68,6800700,6800700-000,9鄰,樂學路,,,,,,150號五樓,121.38663873478,25.0505830796353
桃園市龜山區長樂里9鄰樂學路150號六樓,68,6800700,6800700-000,9鄰,樂學路,,,,,,150號六樓,121.38663873478,25.0505830796353
桃園市龜山區長樂里9鄰樂學路150號七樓,68,6800700,6800700-000,9鄰,樂學路,,,,,,150號七樓,121.38663873478,25.0505830796353
桃園市龜山區長樂里9鄰樂學路150號八樓,68,6800700,6800700-000,9鄰,樂學路,,,,,,150號八樓,121.38663873478,25.0505830796353
桃園市龜山區長樂里9鄰樂學路150號九樓,68,6800700,6800700-000,9鄰,樂學路,,,,,,150號九樓,121.38663873478,25.0505830796353
桃園市龜山區長樂里9鄰樂學路150號十一樓,68,6800700,6800700-000,9鄰,樂學路,,,,,,150號十一樓,121.38663873478,25.0505830796353
桃園市龜山區長樂里9鄰樂學路150號十二樓,68,6800700,6800700-000,9鄰,樂學路,,,,,,150號十二樓,121.38663873478,25.0505830796353
桃園市龜山區長樂里9鄰樂學路150號十三樓,68,6800700,6800700-000,9鄰,樂學路,,,,,,150號十三樓,121.38663873478,25.0505830796353
桃園市龜山區長樂里9鄰樂學路150號十四樓,68,6800700,6800700-000,9鄰,樂學路,,,,,,150號十四樓,121.38663873478,25.0505830796353
桃園市龜山區長樂里9鄰樂學路150號十五樓,68,6800700,6800700-000,9鄰,樂學路,,,,,,150號十五樓,121.38663873478,25.0505830796353
桃園市龜山區長樂里9鄰樂學路150號十六樓,68,6800700,6800700-000,9鄰,樂學路,,,,,,150號十六樓,121.38663873478,25.0505830796353
桃園市龜山區長樂里9鄰樂學路150號十七樓,68,6800700,6800700-000,9鄰,樂學路,,,,,,150號十七樓,121.38663873478,25.0505830796353
桃園市龜山區長樂里9鄰樂學路150號十八樓,68,6800700,6800700-000,9鄰,樂學路,,,,,,150號十八樓,121.38663873478,25.0505830796353
桃園市龜山區長樂里9鄰樂學路150號十九樓,68,6800700,6800700-000,9鄰,樂學路,,,,,,150號十九樓,121.38663873478,25.0505830796353
桃園市龜山區長樂里9鄰樂學路150號二十樓,68,6800700,6800700-000,9鄰,樂學路,,,,,,150號二十樓,121.38663873478,25.0505830796353
桃園市龜山區長樂里9鄰樂學路150號二十一樓,68,6800700,6800700-000,9鄰,樂學路,,,,,,150號二十一樓,121.38663873478,25.0505830796353
桃園市龜山區長樂里9鄰樂學路150號二十二樓,68,6800700,6800700-000,9鄰,樂學路,,,,,,150號二十二樓,121.38663873478,25.0505830796353
桃園市龜山區長樂里9鄰樂學路150號二十三樓,68,6800700,6800700-000,9鄰,樂學路,,,,,,150號二十三樓,121.38663873478,25.0505830796353
桃園市龜山區長樂里9鄰樂學路150號二十四樓,68,6800700,6800700-000,9鄰,樂學路,,,,,,150號二十四樓,121.38663873478,25.0505830796353
桃園市龜山區長樂里9鄰樂學路150號二十五樓,68,6800700,6800700-000,9鄰,樂學路,,,,,,150號二十五樓,121.38663873478,25.0505830796353
桃園市龜山區長樂里9鄰樂學路150號二十六樓,68,6800700,6800700-000,9鄰,樂學路,,,,,,150號二十六樓,121.38663873478,25.0505830796353
桃園市龜山區長樂里9鄰樂學路150號二十七樓,68,6800700,6800700-000,9鄰,樂學路,,,,,,150號二十七樓,121.38663873478,25.0505830796353
桃園市龜山區長樂里9鄰樂學路150號二十八樓,68,6800700,6800700-000,9鄰,樂學路,,,,,,150號二十八樓,121.38663873478,25.0505830796353
桃園市龜山區長樂里9鄰樂學路152號十樓,68,6800700,6800700-000,9鄰,樂學路,,,,,,152號十樓,121.386607369932,25.0505365758175
桃園市龜山區長樂里9鄰樂學路152號二樓,68,6800700,6800700-000,9鄰,樂學路,,,,,,152號二樓,121.386607369932,25.0505365758175
桃園市龜山區長樂里9鄰樂學路152號三樓,68,6800700,6800700-000,9鄰,樂學路,,,,,,152號三樓,121.386607369932,25.0505365758175
桃園市龜山區長樂里9鄰樂學路152號四樓,68,6800700,6800700-000,9鄰,樂學路,,,,,,152號四樓,121.386607369932,25.0505365758175
桃園市龜山區長樂里9鄰樂學路152號五樓,68,6800700,6800700-000,9鄰,樂學路,,,,,,152號五樓,121.386607369932,25.0505365758175
桃園市龜山區長樂里9鄰樂學路152號六樓,68,6800700,6800700-000,9鄰,樂學路,,,,,,152號六樓,121.386607369932,25.0505365758175
桃園市龜山區長樂里9鄰樂學路152號七樓,68,6800700,6800700-000,9鄰,樂學路,,,,,,152號七樓,121.386607369932,25.0505365758175
桃園市龜山區長樂里9鄰樂學路152號八樓,68,6800700,6800700-000,9鄰,樂學路,,,,,,152號八樓,121.386607369932,25.0505365758175
桃園市龜山區長樂里9鄰樂學路152號九樓,68,6800700,6800700-000,9鄰,樂學路,,,,,,152號九樓,121.386607369932,25.0505365758175
桃園市龜山區長樂里9鄰樂學路152號十一樓,68,6800700,6800700-000,9鄰,樂學路,,,,,,152號十一樓,121.386607369932,25.0505365758175
桃園市龜山區長樂里9鄰樂學路152號十二樓,68,6800700,6800700-000,9鄰,樂學路,,,,,,152號十二樓,121.386607369932,25.0505365758175
桃園市龜山區長樂里9鄰樂學路152號十三樓,68,6800700,6800700-000,9鄰,樂學路,,,,,,152號十三樓,121.386607369932,25.0505365758175
桃園市龜山區長樂里9鄰樂學路152號十四樓,68,6800700,6800700-000,9鄰,樂學路,,,,,,152號十四樓,121.386607369932,25.0505365758175
桃園市龜山區長樂里9鄰樂學路152號十五樓,68,6800700,6800700-000,9鄰,樂學路,,,,,,152號十五樓,121.386607369932,25.0505365758175
桃園市龜山區長樂里9鄰樂學路152號十六樓,68,6800700,6800700-000,9鄰,樂學路,,,,,,152號十六樓,121.386607369932,25.0505365758175
桃園市龜山區長樂里9鄰樂學路152號十七樓,68,6800700,6800700-000,9鄰,樂學路,,,,,,152號十七樓,121.386607369932,25.0505365758175
桃園市龜山區長樂里9鄰樂學路152號十八樓,68,6800700,6800700-000,9鄰,樂學路,,,,,,152號十八樓,121.386607369932,25.0505365758175
桃園市龜山區長樂里9鄰樂學路152號十九樓,68,6800700,6800700-000,9鄰,樂學路,,,,,,152號十九樓,121.386607369932,25.0505365758175
桃園市龜山區長樂里9鄰樂學路152號二十樓,68,6800700,6800700-000,9鄰,樂學路,,,,,,152號二十樓,121.386607369932,25.0505365758175
桃園市龜山區長樂里9鄰樂學路152號二十一樓,68,6800700,6800700-000,9鄰,樂學路,,,,,,152號二十一樓,121.386607369932,25.0505365758175
桃園市龜山區長樂里9鄰樂學路152號二十二樓,68,6800700,6800700-000,9鄰,樂學路,,,,,,152號二十二樓,121.386607369932,25.0505365758175
桃園市龜山區長樂里9鄰樂學路152號二十三樓,68,6800700,6800700-000,9鄰,樂學路,,,,,,152號二十三樓,121.386607369932,25.0505365758175
桃園市龜山區長樂里9鄰樂學路152號二十四樓,68,6800700,6800700-000,9鄰,樂學路,,,,,,152號二十四樓,121.386607369932,25.0505365758175
桃園市龜山區長樂里9鄰樂學路152號二十五樓,68,6800700,6800700-000,9鄰,樂學路,,,,,,152號二十五樓,121.386607369932,25.0505365758175
桃園市龜山區長樂里9鄰樂學路152號二十六樓,68,6800700,6800700-000,9鄰,樂學路,,,,,,152號二十六樓,121.386607369932,25.0505365758175
桃園市龜山區長樂里9鄰樂學路152號二十七樓,68,6800700,6800700-000,9鄰,樂學路,,,,,,152號二十七樓,121.386607369932,25.0505365758175
桃園市龜山區長樂里9鄰樂學路152號二十八樓,68,6800700,6800700-000,9鄰,樂學路,,,,,,152號二十八樓,121.386607369932,25.0505365758175
桃園市龜山區長樂里8鄰樂學路156號十樓,68,6800700,6800700-000,8鄰,樂學路,,,,,,156號十樓,121.386754377193,25.0505778130854
桃園市龜山區長樂里8鄰樂學路156號二樓,68,6800700,6800700-000,8鄰,樂學路,,,,,,156號二樓,121.386754377193,25.0505778130854
桃園市龜山區長樂里8鄰樂學路156號三樓,68,6800700,6800700-000,8鄰,樂學路,,,,,,156號三樓,121.386754377193,25.0505778130854
桃園市龜山區長樂里8鄰樂學路156號四樓,68,6800700,6800700-000,8鄰,樂學路,,,,,,156號四樓,121.386754377193,25.0505778130854
桃園市龜山區長樂里8鄰樂學路156號五樓,68,6800700,6800700-000,8鄰,樂學路,,,,,,156號五樓,121.386754377193,25.0505778130854
桃園市龜山區長樂里8鄰樂學路156號六樓,68,6800700,6800700-000,8鄰,樂學路,,,,,,156號六樓,121.386754377193,25.0505778130854
桃園市龜山區長樂里8鄰樂學路156號七樓,68,6800700,6800700-000,8鄰,樂學路,,,,,,156號七樓,121.386754377193,25.0505778130854
桃園市龜山區長樂里8鄰樂學路156號八樓,68,6800700,6800700-000,8鄰,樂學路,,,,,,156號八樓,121.386754377193,25.0505778130854
桃園市龜山區長樂里8鄰樂學路156號九樓,68,6800700,6800700-000,8鄰,樂學路,,,,,,156號九樓,121.386754377193,25.0505778130854
桃園市龜山區長樂里8鄰樂學路156號十一樓,68,6800700,6800700-000,8鄰,樂學路,,,,,,156號十一樓,121.386754377193,25.0505778130854
桃園市龜山區長樂里8鄰樂學路156號十二樓,68,6800700,6800700-000,8鄰,樂學路,,,,,,156號十二樓,121.386754377193,25.0505778130854
桃園市龜山區長樂里8鄰樂學路156號十三樓,68,6800700,6800700-000,8鄰,樂學路,,,,,,156號十三樓,121.386754377193,25.0505778130854
桃園市龜山區長樂里8鄰樂學路156號十四樓,68,6800700,6800700-000,8鄰,樂學路,,,,,,156號十四樓,121.386754377193,25.0505778130854
桃園市龜山區長樂里8鄰樂學路156號十五樓,68,6800700,6800700-000,8鄰,樂學路,,,,,,156號十五樓,121.386754377193,25.0505778130854
桃園市龜山區長樂里8鄰樂學路156號十六樓,68,6800700,6800700-000,8鄰,樂學路,,,,,,156號十六樓,121.386754377193,25.0505778130854
桃園市龜山區長樂里8鄰樂學路156號十七樓,68,6800700,6800700-000,8鄰,樂學路,,,,,,156號十七樓,121.386754377193,25.0505778130854
桃園市龜山區長樂里8鄰樂學路156號十八樓,68,6800700,6800700-000,8鄰,樂學路,,,,,,156號十八樓,121.386754377193,25.0505778130854
桃園市龜山區長樂里8鄰樂學路156號十九樓,68,6800700,6800700-000,8鄰,樂學路,,,,,,156號十九樓,121.386754377193,25.0505778130854
桃園市龜山區長樂里8鄰樂學路156號二十樓,68,6800700,6800700-000,8鄰,樂學路,,,,,,156號二十樓,121.386754377193,25.0505778130854
桃園市龜山區長樂里8鄰樂學路156號二十一樓,68,6800700,6800700-000,8鄰,樂學路,,,,,,156號二十一樓,121.386754377193,25.0505778130854
桃園市龜山區長樂里8鄰樂學路156號二十二樓,68,6800700,6800700-000,8鄰,樂學路,,,,,,156號二十二樓,121.386754377193,25.0505778130854
桃園市龜山區長樂里8鄰樂學路156號二十三樓,68,6800700,6800700-000,8鄰,樂學路,,,,,,156號二十三樓,121.386754377193,25.0505778130854
桃園市龜山區長樂里8鄰樂學路156號二十四樓,68,6800700,6800700-000,8鄰,樂學路,,,,,,156號二十四樓,121.386754377193,25.0505778130854
桃園市龜山區長樂里8鄰樂學路156號二十五樓,68,6800700,6800700-000,8鄰,樂學路,,,,,,156號二十五樓,121.386754377193,25.0505778130854
桃園市龜山區長樂里8鄰樂學路156號二十六樓,68,6800700,6800700-000,8鄰,樂學路,,,,,,156號二十六樓,121.386754377193,25.0505778130854
桃園市龜山區長樂里8鄰樂學路156號二十七樓,68,6800700,6800700-000,8鄰,樂學路,,,,,,156號二十七樓,121.386754377193,25.0505778130854
桃園市龜山區長樂里8鄰樂學路156號二十八樓,68,6800700,6800700-000,8鄰,樂學路,,,,,,156號二十八樓,121.386754377193,25.0505778130854
桃園市龜山區長樂里8鄰樂學路158號十樓,68,6800700,6800700-000,8鄰,樂學路,,,,,,158號十樓,121.386782967107,25.0506243240968
桃園市龜山區長樂里8鄰樂學路158號二樓,68,6800700,6800700-000,8鄰,樂學路,,,,,,158號二樓,121.386782967107,25.0506243240968
桃園市龜山區長樂里8鄰樂學路158號三樓,68,6800700,6800700-000,8鄰,樂學路,,,,,,158號三樓,121.386782967107,25.0506243240968
桃園市龜山區長樂里8鄰樂學路158號四樓,68,6800700,6800700-000,8鄰,樂學路,,,,,,158號四樓,121.386782967107,25.0506243240968
桃園市龜山區長樂里8鄰樂學路158號五樓,68,6800700,6800700-000,8鄰,樂學路,,,,,,158號五樓,121.386782967107,25.0506243240968
桃園市龜山區長樂里8鄰樂學路158號六樓,68,6800700,6800700-000,8鄰,樂學路,,,,,,158號六樓,121.386782967107,25.0506243240968
桃園市龜山區長樂里8鄰樂學路158號七樓,68,6800700,6800700-000,8鄰,樂學路,,,,,,158號七樓,121.386782967107,25.0506243240968
桃園市龜山區長樂里8鄰樂學路158號八樓,68,6800700,6800700-000,8鄰,樂學路,,,,,,158號八樓,121.386782967107,25.0506243240968
桃園市龜山區長樂里8鄰樂學路158號九樓,68,6800700,6800700-000,8鄰,樂學路,,,,,,158號九樓,121.386782967107,25.0506243240968
桃園市龜山區長樂里8鄰樂學路158號十一樓,68,6800700,6800700-000,8鄰,樂學路,,,,,,158號十一樓,121.386782967107,25.0506243240968
桃園市龜山區長樂里8鄰樂學路158號十二樓,68,6800700,6800700-000,8鄰,樂學路,,,,,,158號十二樓,121.386782967107,25.0506243240968
桃園市龜山區長樂里8鄰樂學路158號十三樓,68,6800700,6800700-000,8鄰,樂學路,,,,,,158號十三樓,121.386782967107,25.0506243240968
桃園市龜山區長樂里8鄰樂學路158號十四樓,68,6800700,6800700-000,8鄰,樂學路,,,,,,158號十四樓,121.386782967107,25.0506243240968
桃園市龜山區長樂里8鄰樂學路158號十五樓,68,6800700,6800700-000,8鄰,樂學路,,,,,,158號十五樓,121.386782967107,25.0506243240968
桃園市龜山區長樂里8鄰樂學路158號十六樓,68,6800700,6800700-000,8鄰,樂學路,,,,,,158號十六樓,121.386782967107,25.0506243240968
桃園市龜山區長樂里8鄰樂學路158號十七樓,68,6800700,6800700-000,8鄰,樂學路,,,,,,158號十七樓,121.386782967107,25.0506243240968
桃園市龜山區長樂里8鄰樂學路158號十八樓,68,6800700,6800700-000,8鄰,樂學路,,,,,,158號十八樓,121.386782967107,25.0506243240968
桃園市龜山區長樂里8鄰樂學路158號十九樓,68,6800700,6800700-000,8鄰,樂學路,,,,,,158號十九樓,121.386782967107,25.0506243240968
桃園市龜山區長樂里8鄰樂學路158號二十樓,68,6800700,6800700-000,8鄰,樂學路,,,,,,158號二十樓,121.386782967107,25.0506243240968
桃園市龜山區長樂里8鄰樂學路158號二十一樓,68,6800700,6800700-000,8鄰,樂學路,,,,,,158號二十一樓,121.386782967107,25.0506243240968
桃園市龜山區長樂里8鄰樂學路158號二十二樓,68,6800700,6800700-000,8鄰,樂學路,,,,,,158號二十二樓,121.386782967107,25.0506243240968
桃園市龜山區長樂里8鄰樂學路158號二十三樓,68,6800700,6800700-000,8鄰,樂學路,,,,,,158號二十三樓,121.386782967107,25.0506243240968
桃園市龜山區長樂里8鄰樂學路158號二十四樓,68,6800700,6800700-000,8鄰,樂學路,,,,,,158號二十四樓,121.386782967107,25.0506243240968
桃園市龜山區長樂里8鄰樂學路158號二十五樓,68,6800700,6800700-000,8鄰,樂學路,,,,,,158號二十五樓,121.386782967107,25.0506243240968
桃園市龜山區長樂里8鄰樂學路158號二十六樓,68,6800700,6800700-000,8鄰,樂學路,,,,,,158號二十六樓,121.386782967107,25.0506243240968
桃園市龜山區長樂里8鄰樂學路158號二十七樓,68,6800700,6800700-000,8鄰,樂學路,,,,,,158號二十七樓,121.386782967107,25.0506243240968
桃園市龜山區長樂里8鄰樂學路158號二十八樓,68,6800700,6800700-000,8鄰,樂學路,,,,,,158號二十八樓,121.386782967107,25.0506243240968
桃園市龜山區長樂里8鄰樂學路160號十樓,68,6800700,6800700-000,8鄰,樂學路,,,,,,160號十樓,121.386945490058,25.0506198381399
桃園市龜山區長樂里8鄰樂學路160號二樓,68,6800700,6800700-000,8鄰,樂學路,,,,,,160號二樓,121.386945490058,25.0506198381399
桃園市龜山區長樂里8鄰樂學路160號三樓,68,6800700,6800700-000,8鄰,樂學路,,,,,,160號三樓,121.386945490058,25.0506198381399
桃園市龜山區長樂里8鄰樂學路160號四樓,68,6800700,6800700-000,8鄰,樂學路,,,,,,160號四樓,121.386945490058,25.0506198381399
桃園市龜山區長樂里8鄰樂學路160號五樓,68,6800700,6800700-000,8鄰,樂學路,,,,,,160號五樓,121.386945490058,25.0506198381399
桃園市龜山區長樂里8鄰樂學路160號六樓,68,6800700,6800700-000,8鄰,樂學路,,,,,,160號六樓,121.386945490058,25.0506198381399
桃園市龜山區長樂里8鄰樂學路160號七樓,68,6800700,6800700-000,8鄰,樂學路,,,,,,160號七樓,121.386945490058,25.0506198381399
桃園市龜山區長樂里8鄰樂學路160號八樓,68,6800700,6800700-000,8鄰,樂學路,,,,,,160號八樓,121.386945490058,25.0506198381399
桃園市龜山區長樂里8鄰樂學路160號九樓,68,6800700,6800700-000,8鄰,樂學路,,,,,,160號九樓,121.386945490058,25.0506198381399
桃園市龜山區長樂里8鄰樂學路160號十一樓,68,6800700,6800700-000,8鄰,樂學路,,,,,,160號十一樓,121.386945490058,25.0506198381399
桃園市龜山區長樂里8鄰樂學路160號十二樓,68,6800700,6800700-000,8鄰,樂學路,,,,,,160號十二樓,121.386945490058,25.0506198381399
桃園市龜山區長樂里8鄰樂學路160號十三樓,68,6800700,6800700-000,8鄰,樂學路,,,,,,160號十三樓,121.386945490058,25.0506198381399
桃園市龜山區長樂里8鄰樂學路160號十四樓,68,6800700,6800700-000,8鄰,樂學路,,,,,,160號十四樓,121.386945490058,25.0506198381399
桃園市龜山區長樂里8鄰樂學路160號十五樓,68,6800700,6800700-000,8鄰,樂學路,,,,,,160號十五樓,121.386945490058,25.0506198381399
桃園市龜山區長樂里8鄰樂學路160號十六樓,68,6800700,6800700-000,8鄰,樂學路,,,,,,160號十六樓,121.386945490058,25.0506198381399
桃園市龜山區長樂里8鄰樂學路160號十七樓,68,6800700,6800700-000,8鄰,樂學路,,,,,,160號十七樓,121.386945490058,25.0506198381399
桃園市龜山區長樂里8鄰樂學路160號十八樓,68,6800700,6800700-000,8鄰,樂學路,,,,,,160號十八樓,121.386945490058,25.0506198381399
桃園市龜山區長樂里8鄰樂學路160號十九樓,68,6800700,6800700-000,8鄰,樂學路,,,,,,160號十九樓,121.386945490058,25.0506198381399
桃園市龜山區長樂里8鄰樂學路160號二十樓,68,6800700,6800700-000,8鄰,樂學路,,,,,,160號二十樓,121.386945490058,25.0506198381399
桃園市龜山區長樂里8鄰樂學路160號二十一樓,68,6800700,6800700-000,8鄰,樂學路,,,,,,160號二十一樓,121.386945490058,25.0506198381399
桃園市龜山區長樂里8鄰樂學路160號二十二樓,68,6800700,6800700-000,8鄰,樂學路,,,,,,160號二十二樓,121.386945490058,25.0506198381399
桃園市龜山區長樂里8鄰樂學路160號二十三樓,68,6800700,6800700-000,8鄰,樂學路,,,,,,160號二十三樓,121.386945490058,25.0506198381399
桃園市龜山區長樂里8鄰樂學路160號二十四樓,68,6800700,6800700-000,8鄰,樂學路,,,,,,160號二十四樓,121.386945490058,25.0506198381399
桃園市龜山區長樂里8鄰樂學路160號二十五樓,68,6800700,6800700-000,8鄰,樂學路,,,,,,160號二十五樓,121.386945490058,25.0506198381399
桃園市龜山區長樂里8鄰樂學路160號二十六樓,68,6800700,6800700-000,8鄰,樂學路,,,,,,160號二十六樓,121.386945490058,25.0506198381399
桃園市龜山區長樂里8鄰樂學路160號二十七樓,68,6800700,6800700-000,8鄰,樂學路,,,,,,160號二十七樓,121.386945490058,25.0506198381399
桃園市龜山區長樂里8鄰樂學路160號二十八樓,68,6800700,6800700-000,8鄰,樂學路,,,,,,160號二十八樓,121.386945490058,25.0506198381399
桃園市龜山區長樂里8鄰樂學路162號十樓,68,6800700,6800700-000,8鄰,樂學路,,,,,,162號十樓,121.386922723031,25.0505655477512
桃園市龜山區長樂里8鄰樂學路162號二樓,68,6800700,6800700-000,8鄰,樂學路,,,,,,162號二樓,121.386922723031,25.0505655477512
桃園市龜山區長樂里8鄰樂學路162號三樓,68,6800700,6800700-000,8鄰,樂學路,,,,,,162號三樓,121.386922723031,25.0505655477512
桃園市龜山區長樂里8鄰樂學路162號四樓,68,6800700,6800700-000,8鄰,樂學路,,,,,,162號四樓,121.386922723031,25.0505655477512
桃園市龜山區長樂里8鄰樂學路162號五樓,68,6800700,6800700-000,8鄰,樂學路,,,,,,162號五樓,121.386922723031,25.0505655477512
桃園市龜山區長樂里8鄰樂學路162號六樓,68,6800700,6800700-000,8鄰,樂學路,,,,,,162號六樓,121.386922723031,25.0505655477512
桃園市龜山區長樂里8鄰樂學路162號七樓,68,6800700,6800700-000,8鄰,樂學路,,,,,,162號七樓,121.386922723031,25.0505655477512
桃園市龜山區長樂里8鄰樂學路162號八樓,68,6800700,6800700-000,8鄰,樂學路,,,,,,162號八樓,121.386922723031,25.0505655477512
桃園市龜山區長樂里8鄰樂學路162號九樓,68,6800700,6800700-000,8鄰,樂學路,,,,,,162號九樓,121.386922723031,25.0505655477512
桃園市龜山區長樂里8鄰樂學路162號十一樓,68,6800700,6800700-000,8鄰,樂學路,,,,,,162號十一樓,121.386922723031,25.0505655477512
桃園市龜山區長樂里8鄰樂學路162號十二樓,68,6800700,6800700-000,8鄰,樂學路,,,,,,162號十二樓,121.386922723031,25.0505655477512
桃園市龜山區長樂里8鄰樂學路162號十三樓,68,6800700,6800700-000,8鄰,樂學路,,,,,,162號十三樓,121.386922723031,25.0505655477512
桃園市龜山區長樂里8鄰樂學路162號十四樓,68,6800700,6800700-000,8鄰,樂學路,,,,,,162號十四樓,121.386922723031,25.0505655477512
桃園市龜山區長樂里8鄰樂學路162號十五樓,68,6800700,6800700-000,8鄰,樂學路,,,,,,162號十五樓,121.386922723031,25.0505655477512
桃園市龜山區長樂里8鄰樂學路162號十六樓,68,6800700,6800700-000,8鄰,樂學路,,,,,,162號十六樓,121.386922723031,25.0505655477512
桃園市龜山區長樂里8鄰樂學路162號十七樓,68,6800700,6800700-000,8鄰,樂學路,,,,,,162號十七樓,121.386922723031,25.0505655477512
桃園市龜山區長樂里8鄰樂學路162號十八樓,68,6800700,6800700-000,8鄰,樂學路,,,,,,162號十八樓,121.386922723031,25.0505655477512
桃園市龜山區長樂里8鄰樂學路162號十九樓,68,6800700,6800700-000,8鄰,樂學路,,,,,,162號十九樓,121.386922723031,25.0505655477512
桃園市龜山區長樂里8鄰樂學路162號二十樓,68,6800700,6800700-000,8鄰,樂學路,,,,,,162號二十樓,121.386922723031,25.0505655477512
桃園市龜山區長樂里8鄰樂學路162號二十一樓,68,6800700,6800700-000,8鄰,樂學路,,,,,,162號二十一樓,121.386922723031,25.0505655477512
桃園市龜山區長樂里8鄰樂學路162號二十二樓,68,6800700,6800700-000,8鄰,樂學路,,,,,,162號二十二樓,121.386922723031,25.0505655477512
桃園市龜山區長樂里8鄰樂學路162號二十三樓,68,6800700,6800700-000,8鄰,樂學路,,,,,,162號二十三樓,121.386922723031,25.0505655477512
桃園市龜山區長樂里8鄰樂學路162號二十四樓,68,6800700,6800700-000,8鄰,樂學路,,,,,,162號二十四樓,121.386922723031,25.0505655477512
桃園市龜山區長樂里8鄰樂學路162號二十五樓,68,6800700,6800700-000,8鄰,樂學路,,,,,,162號二十五樓,121.386922723031,25.0505655477512
桃園市龜山區長樂里8鄰樂學路162號二十六樓,68,6800700,6800700-000,8鄰,樂學路,,,,,,162號二十六樓,121.386922723031,25.0505655477512
桃園市龜山區長樂里8鄰樂學路162號二十七樓,68,6800700,6800700-000,8鄰,樂學路,,,,,,162號二十七樓,121.386922723031,25.0505655477512
桃園市龜山區長樂里8鄰樂學路162號二十八樓,68,6800700,6800700-000,8鄰,樂學路,,,,,,162號二十八樓,121.386922723031,25.0505655477512
桃園市龜山區長樂里8鄰樂學路166號十樓,68,6800700,6800700-000,8鄰,樂學路,,,,,,166號十樓,121.386885593721,25.0505139129406
桃園市龜山區長樂里8鄰樂學路166號二樓,68,6800700,6800700-000,8鄰,樂學路,,,,,,166號二樓,121.386885593721,25.0505139129406
桃園市龜山區長樂里8鄰樂學路166號三樓,68,6800700,6800700-000,8鄰,樂學路,,,,,,166號三樓,121.386885593721,25.0505139129406
桃園市龜山區長樂里8鄰樂學路166號四樓,68,6800700,6800700-000,8鄰,樂學路,,,,,,166號四樓,121.386885593721,25.0505139129406
桃園市龜山區長樂里8鄰樂學路166號五樓,68,6800700,6800700-000,8鄰,樂學路,,,,,,166號五樓,121.386885593721,25.0505139129406
桃園市龜山區長樂里8鄰樂學路166號六樓,68,6800700,6800700-000,8鄰,樂學路,,,,,,166號六樓,121.386885593721,25.0505139129406
桃園市龜山區長樂里8鄰樂學路166號七樓,68,6800700,6800700-000,8鄰,樂學路,,,,,,166號七樓,121.386885593721,25.0505139129406
桃園市龜山區長樂里8鄰樂學路166號八樓,68,6800700,6800700-000,8鄰,樂學路,,,,,,166號八樓,121.386885593721,25.0505139129406
桃園市龜山區長樂里8鄰樂學路166號九樓,68,6800700,6800700-000,8鄰,樂學路,,,,,,166號九樓,121.386885593721,25.0505139129406
桃園市龜山區長樂里8鄰樂學路166號十一樓,68,6800700,6800700-000,8鄰,樂學路,,,,,,166號十一樓,121.386885593721,25.0505139129406
桃園市龜山區長樂里8鄰樂學路166號十二樓,68,6800700,6800700-000,8鄰,樂學路,,,,,,166號十二樓,121.386885593721,25.0505139129406
桃園市龜山區長樂里8鄰樂學路166號十三樓,68,6800700,6800700-000,8鄰,樂學路,,,,,,166號十三樓,121.386885593721,25.0505139129406
桃園市龜山區長樂里8鄰樂學路166號十四樓,68,6800700,6800700-000,8鄰,樂學路,,,,,,166號十四樓,121.386885593721,25.0505139129406
桃園市龜山區長樂里8鄰樂學路166號十五樓,68,6800700,6800700-000,8鄰,樂學路,,,,,,166號十五樓,121.386885593721,25.0505139129406
桃園市龜山區長樂里8鄰樂學路166號十六樓,68,6800700,6800700-000,8鄰,樂學路,,,,,,166號十六樓,121.386885593721,25.0505139129406
桃園市龜山區長樂里8鄰樂學路166號十七樓,68,6800700,6800700-000,8鄰,樂學路,,,,,,166號十七樓,121.386885593721,25.0505139129406
桃園市龜山區長樂里8鄰樂學路166號十八樓,68,6800700,6800700-000,8鄰,樂學路,,,,,,166號十八樓,121.386885593721,25.0505139129406
桃園市龜山區長樂里8鄰樂學路166號十九樓,68,6800700,6800700-000,8鄰,樂學路,,,,,,166號十九樓,121.386885593721,25.0505139129406
桃園市龜山區長樂里8鄰樂學路166號二十樓,68,6800700,6800700-000,8鄰,樂學路,,,,,,166號二十樓,121.386885593721,25.0505139129406
桃園市龜山區長樂里8鄰樂學路166號二十一樓,68,6800700,6800700-000,8鄰,樂學路,,,,,,166號二十一樓,121.386885593721,25.0505139129406
桃園市龜山區長樂里8鄰樂學路166號二十二樓,68,6800700,6800700-000,8鄰,樂學路,,,,,,166號二十二樓,121.386885593721,25.0505139129406
桃園市龜山區長樂里8鄰樂學路166號二十三樓,68,6800700,6800700-000,8鄰,樂學路,,,,,,166號二十三樓,121.386885593721,25.0505139129406
桃園市龜山區長樂里8鄰樂學路166號二十四樓,68,6800700,6800700-000,8鄰,樂學路,,,,,,166號二十四樓,121.386885593721,25.0505139129406
桃園市龜山區長樂里8鄰樂學路166號二十五樓,68,6800700,6800700-000,8鄰,樂學路,,,,,,166號二十五樓,121.386885593721,25.0505139129406
桃園市龜山區長樂里8鄰樂學路166號二十六樓,68,6800700,6800700-000,8鄰,樂學路,,,,,,166號二十六樓,121.386885593721,25.0505139129406
桃園市龜山區長樂里8鄰樂學路166號二十七樓,68,6800700,6800700-000,8鄰,樂學路,,,,,,166號二十七樓,121.386885593721,25.0505139129406
桃園市龜山區長樂里8鄰樂學路166號二十八樓,68,6800700,6800700-000,8鄰,樂學路,,,,,,166號二十八樓,121.386885593721,25.0505139129406
桃園市龜山區長樂里8鄰樂學路168號十樓,68,6800700,6800700-000,8鄰,樂學路,,,,,,168號十樓,121.386844002077,25.0504614772041
桃園市龜山區長樂里8鄰樂學路168號二樓,68,6800700,6800700-000,8鄰,樂學路,,,,,,168號二樓,121.386844002077,25.0504614772041
桃園市龜山區長樂里8鄰樂學路168號三樓,68,6800700,6800700-000,8鄰,樂學路,,,,,,168號三樓,121.386844002077,25.0504614772041
桃園市龜山區長樂里8鄰樂學路168號四樓,68,6800700,6800700-000,8鄰,樂學路,,,,,,168號四樓,121.386844002077,25.0504614772041
桃園市龜山區長樂里8鄰樂學路168號五樓,68,6800700,6800700-000,8鄰,樂學路,,,,,,168號五樓,121.386844002077,25.0504614772041
桃園市龜山區長樂里8鄰樂學路168號六樓,68,6800700,6800700-000,8鄰,樂學路,,,,,,168號六樓,121.386844002077,25.0504614772041
桃園市龜山區長樂里8鄰樂學路168號七樓,68,6800700,6800700-000,8鄰,樂學路,,,,,,168號七樓,121.386844002077,25.0504614772041
桃園市龜山區長樂里8鄰樂學路168號八樓,68,6800700,6800700-000,8鄰,樂學路,,,,,,168號八樓,121.386844002077,25.0504614772041
桃園市龜山區長樂里8鄰樂學路168號九樓,68,6800700,6800700-000,8鄰,樂學路,,,,,,168號九樓,121.386844002077,25.0504614772041
桃園市龜山區長樂里8鄰樂學路168號十一樓,68,6800700,6800700-000,8鄰,樂學路,,,,,,168號十一樓,121.386844002077,25.0504614772041
桃園市龜山區長樂里8鄰樂學路168號十二樓,68,6800700,6800700-000,8鄰,樂學路,,,,,,168號十二樓,121.386844002077,25.0504614772041
桃園市龜山區長樂里8鄰樂學路168號十三樓,68,6800700,6800700-000,8鄰,樂學路,,,,,,168號十三樓,121.386844002077,25.0504614772041
桃園市龜山區長樂里8鄰樂學路168號十四樓,68,6800700,6800700-000,8鄰,樂學路,,,,,,168號十四樓,121.386844002077,25.0504614772041
桃園市龜山區長樂里8鄰樂學路168號十五樓,68,6800700,6800700-000,8鄰,樂學路,,,,,,168號十五樓,121.386844002077,25.0504614772041
桃園市龜山區長樂里8鄰樂學路168號十六樓,68,6800700,6800700-000,8鄰,樂學路,,,,,,168號十六樓,121.386844002077,25.0504614772041
桃園市龜山區長樂里8鄰樂學路168號十七樓,68,6800700,6800700-000,8鄰,樂學路,,,,,,168號十七樓,121.386844002077,25.0504614772041
桃園市龜山區長樂里8鄰樂學路168號十八樓,68,6800700,6800700-000,8鄰,樂學路,,,,,,168號十八樓,121.386844002077,25.0504614772041
桃園市龜山區長樂里8鄰樂學路168號十九樓,68,6800700,6800700-000,8鄰,樂學路,,,,,,168號十九樓,121.386844002077,25.0504614772041
桃園市龜山區長樂里8鄰樂學路168號二十樓,68,6800700,6800700-000,8鄰,樂學路,,,,,,168號二十樓,121.386844002077,25.0504614772041
桃園市龜山區長樂里8鄰樂學路168號二十一樓,68,6800700,6800700-000,8鄰,樂學路,,,,,,168號二十一樓,121.386844002077,25.0504614772041
桃園市龜山區長樂里8鄰樂學路168號二十二樓,68,6800700,6800700-000,8鄰,樂學路,,,,,,168號二十二樓,121.386844002077,25.0504614772041
桃園市龜山區長樂里8鄰樂學路168號二十三樓,68,6800700,6800700-000,8鄰,樂學路,,,,,,168號二十三樓,121.386844002077,25.0504614772041
桃園市龜山區長樂里8鄰樂學路168號二十四樓,68,6800700,6800700-000,8鄰,樂學路,,,,,,168號二十四樓,121.386844002077,25.0504614772041
桃園市龜山區長樂里8鄰樂學路168號二十五樓,68,6800700,6800700-000,8鄰,樂學路,,,,,,168號二十五樓,121.386844002077,25.0504614772041
桃園市龜山區長樂里8鄰樂學路168號二十六樓,68,6800700,6800700-000,8鄰,樂學路,,,,,,168號二十六樓,121.386844002077,25.0504614772041
桃園市龜山區長樂里8鄰樂學路168號二十七樓,68,6800700,6800700-000,8鄰,樂學路,,,,,,168號二十七樓,121.386844002077,25.0504614772041
桃園市龜山區長樂里8鄰樂學路168號二十八樓,68,6800700,6800700-000,8鄰,樂學路,,,,,,168號二十八樓,121.386844002077,25.0504614772041
桃園市龜山區長樂里8鄰樂學路170號十樓,68,6800700,6800700-000,8鄰,樂學路,,,,,,170號十樓,121.386780084049,25.0504951382274
桃園市龜山區長樂里8鄰樂學路170號二樓,68,6800700,6800700-000,8鄰,樂學路,,,,,,170號二樓,121.386780084049,25.0504951382274
桃園市龜山區長樂里8鄰樂學路170號三樓,68,6800700,6800700-000,8鄰,樂學路,,,,,,170號三樓,121.386780084049,25.0504951382274
桃園市龜山區長樂里8鄰樂學路170號四樓,68,6800700,6800700-000,8鄰,樂學路,,,,,,170號四樓,121.386780084049,25.0504951382274
桃園市龜山區長樂里8鄰樂學路170號五樓,68,6800700,6800700-000,8鄰,樂學路,,,,,,170號五樓,121.386780084049,25.0504951382274
桃園市龜山區長樂里8鄰樂學路170號六樓,68,6800700,6800700-000,8鄰,樂學路,,,,,,170號六樓,121.386780084049,25.0504951382274
桃園市龜山區長樂里8鄰樂學路170號七樓,68,6800700,6800700-000,8鄰,樂學路,,,,,,170號七樓,121.386780084049,25.0504951382274
桃園市龜山區長樂里8鄰樂學路170號八樓,68,6800700,6800700-000,8鄰,樂學路,,,,,,170號八樓,121.386780084049,25.0504951382274
桃園市龜山區長樂里8鄰樂學路170號九樓,68,6800700,6800700-000,8鄰,樂學路,,,,,,170號九樓,121.386780084049,25.0504951382274
桃園市龜山區長樂里8鄰樂學路170號十一樓,68,6800700,6800700-000,8鄰,樂學路,,,,,,170號十一樓,121.386780084049,25.0504951382274
桃園市龜山區長樂里8鄰樂學路170號十二樓,68,6800700,6800700-000,8鄰,樂學路,,,,,,170號十二樓,121.386780084049,25.0504951382274
桃園市龜山區長樂里8鄰樂學路170號十三樓,68,6800700,6800700-000,8鄰,樂學路,,,,,,170號十三樓,121.386780084049,25.0504951382274
桃園市龜山區長樂里8鄰樂學路170號十四樓,68,6800700,6800700-000,8鄰,樂學路,,,,,,170號十四樓,121.386780084049,25.0504951382274
桃園市龜山區長樂里8鄰樂學路170號十五樓,68,6800700,6800700-000,8鄰,樂學路,,,,,,170號十五樓,121.386780084049,25.0504951382274
桃園市龜山區長樂里8鄰樂學路170號十六樓,68,6800700,6800700-000,8鄰,樂學路,,,,,,170號十六樓,121.386780084049,25.0504951382274
桃園市龜山區長樂里8鄰樂學路170號十七樓,68,6800700,6800700-000,8鄰,樂學路,,,,,,170號十七樓,121.386780084049,25.0504951382274
桃園市龜山區長樂里8鄰樂學路170號十八樓,68,6800700,6800700-000,8鄰,樂學路,,,,,,170號十八樓,121.386780084049,25.0504951382274
桃園市龜山區長樂里8鄰樂學路170號十九樓,68,6800700,6800700-000,8鄰,樂學路,,,,,,170號十九樓,121.386780084049,25.0504951382274
桃園市龜山區長樂里8鄰樂學路170號二十樓,68,6800700,6800700-000,8鄰,樂學路,,,,,,170號二十樓,121.386780084049,25.0504951382274
桃園市龜山區長樂里8鄰樂學路170號二十一樓,68,6800700,6800700-000,8鄰,樂學路,,,,,,170號二十一樓,121.386780084049,25.0504951382274
桃園市龜山區長樂里8鄰樂學路170號二十二樓,68,6800700,6800700-000,8鄰,樂學路,,,,,,170號二十二樓,121.386780084049,25.0504951382274
桃園市龜山區長樂里8鄰樂學路170號二十三樓,68,6800700,6800700-000,8鄰,樂學路,,,,,,170號二十三樓,121.386780084049,25.0504951382274
桃園市龜山區長樂里8鄰樂學路170號二十四樓,68,6800700,6800700-000,8鄰,樂學路,,,,,,170號二十四樓,121.386780084049,25.0504951382274
桃園市龜山區長樂里8鄰樂學路170號二十五樓,68,6800700,6800700-000,8鄰,樂學路,,,,,,170號二十五樓,121.386780084049,25.0504951382274
桃園市龜山區長樂里8鄰樂學路170號二十六樓,68,6800700,6800700-000,8鄰,樂學路,,,,,,170號二十六樓,121.386780084049,25.0504951382274
桃園市龜山區長樂里8鄰樂學路170號二十七樓,68,6800700,6800700-000,8鄰,樂學路,,,,,,170號二十七樓,121.386780084049,25.0504951382274
桃園市龜山區長樂里8鄰樂學路170號二十八樓,68,6800700,6800700-000,8鄰,樂學路,,,,,,170號二十八樓,121.386780084049,25.0504951382274
桃園市龜山區長樂里8鄰樂學路172號十樓,68,6800700,6800700-000,8鄰,樂學路,,,,,,172號十樓,121.386896984811,25.0507645057777
桃園市龜山區長樂里8鄰樂學路172號二樓,68,6800700,6800700-000,8鄰,樂學路,,,,,,172號二樓,121.386896984811,25.0507645057777
桃園市龜山區長樂里8鄰樂學路172號三樓,68,6800700,6800700-000,8鄰,樂學路,,,,,,172號三樓,121.386896984811,25.0507645057777
桃園市龜山區長樂里8鄰樂學路172號四樓,68,6800700,6800700-000,8鄰,樂學路,,,,,,172號四樓,121.386896984811,25.0507645057777
桃園市龜山區長樂里8鄰樂學路172號五樓,68,6800700,6800700-000,8鄰,樂學路,,,,,,172號五樓,121.386896984811,25.0507645057777
桃園市龜山區長樂里8鄰樂學路172號六樓,68,6800700,6800700-000,8鄰,樂學路,,,,,,172號六樓,121.386896984811,25.0507645057777
桃園市龜山區長樂里8鄰樂學路172號七樓,68,6800700,6800700-000,8鄰,樂學路,,,,,,172號七樓,121.386896984811,25.0507645057777
桃園市龜山區長樂里8鄰樂學路172號八樓,68,6800700,6800700-000,8鄰,樂學路,,,,,,172號八樓,121.386896984811,25.0507645057777
桃園市龜山區長樂里8鄰樂學路172號九樓,68,6800700,6800700-000,8鄰,樂學路,,,,,,172號九樓,121.386896984811,25.0507645057777
桃園市龜山區長樂里8鄰樂學路172號十一樓,68,6800700,6800700-000,8鄰,樂學路,,,,,,172號十一樓,121.386896984811,25.0507645057777
桃園市龜山區長樂里8鄰樂學路172號十二樓,68,6800700,6800700-000,8鄰,樂學路,,,,,,172號十二樓,121.386896984811,25.0507645057777
桃園市龜山區長樂里8鄰樂學路172號十三樓,68,6800700,6800700-000,8鄰,樂學路,,,,,,172號十三樓,121.386896984811,25.0507645057777
桃園市龜山區長樂里8鄰樂學路172號十四樓,68,6800700,6800700-000,8鄰,樂學路,,,,,,172號十四樓,121.386896984811,25.0507645057777
桃園市龜山區長樂里8鄰樂學路172號十五樓,68,6800700,6800700-000,8鄰,樂學路,,,,,,172號十五樓,121.386896984811,25.0507645057777
桃園市龜山區長樂里8鄰樂學路172號十六樓,68,6800700,6800700-000,8鄰,樂學路,,,,,,172號十六樓,121.386896984811,25.0507645057777
桃園市龜山區長樂里8鄰樂學路172號十七樓,68,6800700,6800700-000,8鄰,樂學路,,,,,,172號十七樓,121.386896984811,25.0507645057777
桃園市龜山區長樂里8鄰樂學路172號十八樓,68,6800700,6800700-000,8鄰,樂學路,,,,,,172號十八樓,121.386896984811,25.0507645057777
桃園市龜山區長樂里8鄰樂學路172號十九樓,68,6800700,6800700-000,8鄰,樂學路,,,,,,172號十九樓,121.386896984811,25.0507645057777
桃園市龜山區長樂里8鄰樂學路172號二十樓,68,6800700,6800700-000,8鄰,樂學路,,,,,,172號二十樓,121.386896984811,25.0507645057777
桃園市龜山區長樂里8鄰樂學路172號二十一樓,68,6800700,6800700-000,8鄰,樂學路,,,,,,172號二十一樓,121.386896984811,25.0507645057777
桃園市龜山區長樂里8鄰樂學路172號二十二樓,68,6800700,6800700-000,8鄰,樂學路,,,,,,172號二十二樓,121.386896984811,25.0507645057777
桃園市龜山區長樂里8鄰樂學路172號二十三樓,68,6800700,6800700-000,8鄰,樂學路,,,,,,172號二十三樓,121.386896984811,25.0507645057777
桃園市龜山區長樂里8鄰樂學路172號二十四樓,68,6800700,6800700-000,8鄰,樂學路,,,,,,172號二十四樓,121.386896984811,25.0507645057777
桃園市龜山區長樂里8鄰樂學路172號二十五樓,68,6800700,6800700-000,8鄰,樂學路,,,,,,172號二十五樓,121.386896984811,25.0507645057777
桃園市龜山區長樂里8鄰樂學路172號二十六樓,68,6800700,6800700-000,8鄰,樂學路,,,,,,172號二十六樓,121.386896984811,25.0507645057777
桃園市龜山區長樂里8鄰樂學路172號二十七樓,68,6800700,6800700-000,8鄰,樂學路,,,,,,172號二十七樓,121.386896984811,25.0507645057777
桃園市龜山區長樂里8鄰樂學路172號二十八樓,68,6800700,6800700-000,8鄰,樂學路,,,,,,172號二十八樓,121.386896984811,25.0507645057777
桃園市龜山區長樂里8鄰樂學路172號二十九樓,68,6800700,6800700-000,8鄰,樂學路,,,,,,172號二十九樓,121.386896984811,25.0507645057777
桃園市龜山區長樂里8鄰樂學路176號十樓,68,6800700,6800700-000,8鄰,樂學路,,,,,,176號十樓,121.386937053497,25.0508368977586
桃園市龜山區長樂里8鄰樂學路176號二樓,68,6800700,6800700-000,8鄰,樂學路,,,,,,176號二樓,121.386937053497,25.0508368977586
桃園市龜山區長樂里8鄰樂學路176號三樓,68,6800700,6800700-000,8鄰,樂學路,,,,,,176號三樓,121.386937053497,25.0508368977586
桃園市龜山區長樂里8鄰樂學路176號四樓,68,6800700,6800700-000,8鄰,樂學路,,,,,,176號四樓,121.386937053497,25.0508368977586
桃園市龜山區長樂里8鄰樂學路176號五樓,68,6800700,6800700-000,8鄰,樂學路,,,,,,176號五樓,121.386937053497,25.0508368977586
桃園市龜山區長樂里8鄰樂學路176號六樓,68,6800700,6800700-000,8鄰,樂學路,,,,,,176號六樓,121.386937053497,25.0508368977586
桃園市龜山區長樂里8鄰樂學路176號七樓,68,6800700,6800700-000,8鄰,樂學路,,,,,,176號七樓,121.386937053497,25.0508368977586
桃園市龜山區長樂里8鄰樂學路176號八樓,68,6800700,6800700-000,8鄰,樂學路,,,,,,176號八樓,121.386937053497,25.0508368977586
桃園市龜山區長樂里8鄰樂學路176號九樓,68,6800700,6800700-000,8鄰,樂學路,,,,,,176號九樓,121.386937053497,25.0508368977586
桃園市龜山區長樂里8鄰樂學路176號十一樓,68,6800700,6800700-000,8鄰,樂學路,,,,,,176號十一樓,121.386937053497,25.0508368977586
桃園市龜山區長樂里8鄰樂學路176號十二樓,68,6800700,6800700-000,8鄰,樂學路,,,,,,176號十二樓,121.386937053497,25.0508368977586
桃園市龜山區長樂里8鄰樂學路176號十三樓,68,6800700,6800700-000,8鄰,樂學路,,,,,,176號十三樓,121.386937053497,25.0508368977586
桃園市龜山區長樂里8鄰樂學路176號十四樓,68,6800700,6800700-000,8鄰,樂學路,,,,,,176號十四樓,121.386937053497,25.0508368977586
桃園市龜山區長樂里8鄰樂學路176號十五樓,68,6800700,6800700-000,8鄰,樂學路,,,,,,176號十五樓,121.386937053497,25.0508368977586
桃園市龜山區長樂里8鄰樂學路176號十六樓,68,6800700,6800700-000,8鄰,樂學路,,,,,,176號十六樓,121.386937053497,25.0508368977586
桃園市龜山區長樂里8鄰樂學路176號十七樓,68,6800700,6800700-000,8鄰,樂學路,,,,,,176號十七樓,121.386937053497,25.0508368977586
桃園市龜山區長樂里8鄰樂學路176號十八樓,68,6800700,6800700-000,8鄰,樂學路,,,,,,176號十八樓,121.386937053497,25.0508368977586
桃園市龜山區長樂里8鄰樂學路176號十九樓,68,6800700,6800700-000,8鄰,樂學路,,,,,,176號十九樓,121.386937053497,25.0508368977586
桃園市龜山區長樂里8鄰樂學路176號二十樓,68,6800700,6800700-000,8鄰,樂學路,,,,,,176號二十樓,121.386937053497,25.0508368977586
桃園市龜山區長樂里8鄰樂學路176號二十一樓,68,6800700,6800700-000,8鄰,樂學路,,,,,,176號二十一樓,121.386937053497,25.0508368977586
桃園市龜山區長樂里8鄰樂學路176號二十二樓,68,6800700,6800700-000,8鄰,樂學路,,,,,,176號二十二樓,121.386937053497,25.0508368977586
桃園市龜山區長樂里8鄰樂學路176號二十三樓,68,6800700,6800700-000,8鄰,樂學路,,,,,,176號二十三樓,121.386937053497,25.0508368977586
桃園市龜山區長樂里8鄰樂學路176號二十四樓,68,6800700,6800700-000,8鄰,樂學路,,,,,,176號二十四樓,121.386937053497,25.0508368977586
桃園市龜山區長樂里8鄰樂學路176號二十五樓,68,6800700,6800700-000,8鄰,樂學路,,,,,,176號二十五樓,121.386937053497,25.0508368977586
桃園市龜山區長樂里8鄰樂學路176號二十六樓,68,6800700,6800700-000,8鄰,樂學路,,,,,,176號二十六樓,121.386937053497,25.0508368977586
桃園市龜山區長樂里8鄰樂學路176號二十七樓,68,6800700,6800700-000,8鄰,樂學路,,,,,,176號二十七樓,121.386937053497,25.0508368977586
桃園市龜山區長樂里8鄰樂學路176號二十八樓,68,6800700,6800700-000,8鄰,樂學路,,,,,,176號二十八樓,121.386937053497,25.0508368977586
桃園市龜山區長樂里8鄰樂學路176號二十九樓,68,6800700,6800700-000,8鄰,樂學路,,,,,,176號二十九樓,121.386937053497,25.0508368977586
桃園市龜山區長樂里8鄰樂學路178號十樓,68,6800700,6800700-000,8鄰,樂學路,,,,,,178號十樓,121.386985414654,25.0508988857081
桃園市龜山區長樂里8鄰樂學路178號二樓,68,6800700,6800700-000,8鄰,樂學路,,,,,,178號二樓,121.386985414654,25.0508988857081
桃園市龜山區長樂里8鄰樂學路178號三樓,68,6800700,6800700-000,8鄰,樂學路,,,,,,178號三樓,121.386985414654,25.0508988857081
桃園市龜山區長樂里8鄰樂學路178號四樓,68,6800700,6800700-000,8鄰,樂學路,,,,,,178號四樓,121.386985414654,25.0508988857081
桃園市龜山區長樂里8鄰樂學路178號五樓,68,6800700,6800700-000,8鄰,樂學路,,,,,,178號五樓,121.386985414654,25.0508988857081
桃園市龜山區長樂里8鄰樂學路178號六樓,68,6800700,6800700-000,8鄰,樂學路,,,,,,178號六樓,121.386985414654,25.0508988857081
桃園市龜山區長樂里8鄰樂學路178號七樓,68,6800700,6800700-000,8鄰,樂學路,,,,,,178號七樓,121.386985414654,25.0508988857081
桃園市龜山區長樂里8鄰樂學路178號八樓,68,6800700,6800700-000,8鄰,樂學路,,,,,,178號八樓,121.386985414654,25.0508988857081
桃園市龜山區長樂里8鄰樂學路178號九樓,68,6800700,6800700-000,8鄰,樂學路,,,,,,178號九樓,121.386985414654,25.0508988857081
桃園市龜山區長樂里8鄰樂學路178號十一樓,68,6800700,6800700-000,8鄰,樂學路,,,,,,178號十一樓,121.386985414654,25.0508988857081
桃園市龜山區長樂里8鄰樂學路178號十二樓,68,6800700,6800700-000,8鄰,樂學路,,,,,,178號十二樓,121.386985414654,25.0508988857081
桃園市龜山區長樂里8鄰樂學路178號十三樓,68,6800700,6800700-000,8鄰,樂學路,,,,,,178號十三樓,121.386985414654,25.0508988857081
桃園市龜山區長樂里8鄰樂學路178號十四樓,68,6800700,6800700-000,8鄰,樂學路,,,,,,178號十四樓,121.386985414654,25.0508988857081
桃園市龜山區長樂里8鄰樂學路178號十五樓,68,6800700,6800700-000,8鄰,樂學路,,,,,,178號十五樓,121.386985414654,25.0508988857081
桃園市龜山區長樂里8鄰樂學路178號十六樓,68,6800700,6800700-000,8鄰,樂學路,,,,,,178號十六樓,121.386985414654,25.0508988857081
桃園市龜山區長樂里8鄰樂學路178號十七樓,68,6800700,6800700-000,8鄰,樂學路,,,,,,178號十七樓,121.386985414654,25.0508988857081
桃園市龜山區長樂里8鄰樂學路178號十八樓,68,6800700,6800700-000,8鄰,樂學路,,,,,,178號十八樓,121.386985414654,25.0508988857081
桃園市龜山區長樂里8鄰樂學路178號十九樓,68,6800700,6800700-000,8鄰,樂學路,,,,,,178號十九樓,121.386985414654,25.0508988857081
桃園市龜山區長樂里8鄰樂學路178號二十樓,68,6800700,6800700-000,8鄰,樂學路,,,,,,178號二十樓,121.386985414654,25.0508988857081
桃園市龜山區長樂里8鄰樂學路178號二十一樓,68,6800700,6800700-000,8鄰,樂學路,,,,,,178號二十一樓,121.386985414654,25.0508988857081
桃園市龜山區長樂里8鄰樂學路178號二十二樓,68,6800700,6800700-000,8鄰,樂學路,,,,,,178號二十二樓,121.386985414654,25.0508988857081
桃園市龜山區長樂里8鄰樂學路178號二十三樓,68,6800700,6800700-000,8鄰,樂學路,,,,,,178號二十三樓,121.386985414654,25.0508988857081
桃園市龜山區長樂里8鄰樂學路178號二十四樓,68,6800700,6800700-000,8鄰,樂學路,,,,,,178號二十四樓,121.386985414654,25.0508988857081
桃園市龜山區長樂里8鄰樂學路178號二十五樓,68,6800700,6800700-000,8鄰,樂學路,,,,,,178號二十五樓,121.386985414654,25.0508988857081
桃園市龜山區長樂里8鄰樂學路178號二十六樓,68,6800700,6800700-000,8鄰,樂學路,,,,,,178號二十六樓,121.386985414654,25.0508988857081
桃園市龜山區長樂里8鄰樂學路178號二十七樓,68,6800700,6800700-000,8鄰,樂學路,,,,,,178號二十七樓,121.386985414654,25.0508988857081
桃園市龜山區長樂里8鄰樂學路178號二十八樓,68,6800700,6800700-000,8鄰,樂學路,,,,,,178號二十八樓,121.386985414654,25.0508988857081
桃園市龜山區長樂里8鄰樂學路178號二十九樓,68,6800700,6800700-000,8鄰,樂學路,,,,,,178號二十九樓,121.386985414654,25.0508988857081
桃園市龜山區長樂里8鄰樂學路180號十樓,68,6800700,6800700-000,8鄰,樂學路,,,,,,180號十樓,121.387013968551,25.0509654393422
桃園市龜山區長樂里8鄰樂學路180號二樓,68,6800700,6800700-000,8鄰,樂學路,,,,,,180號二樓,121.387013968551,25.0509654393422
桃園市龜山區長樂里8鄰樂學路180號三樓,68,6800700,6800700-000,8鄰,樂學路,,,,,,180號三樓,121.387013968551,25.0509654393422
桃園市龜山區長樂里8鄰樂學路180號四樓,68,6800700,6800700-000,8鄰,樂學路,,,,,,180號四樓,121.387013968551,25.0509654393422
桃園市龜山區長樂里8鄰樂學路180號五樓,68,6800700,6800700-000,8鄰,樂學路,,,,,,180號五樓,121.387013968551,25.0509654393422
桃園市龜山區長樂里8鄰樂學路180號六樓,68,6800700,6800700-000,8鄰,樂學路,,,,,,180號六樓,121.387013968551,25.0509654393422
桃園市龜山區長樂里8鄰樂學路180號七樓,68,6800700,6800700-000,8鄰,樂學路,,,,,,180號七樓,121.387013968551,25.0509654393422
桃園市龜山區長樂里8鄰樂學路180號八樓,68,6800700,6800700-000,8鄰,樂學路,,,,,,180號八樓,121.387013968551,25.0509654393422
桃園市龜山區長樂里8鄰樂學路180號九樓,68,6800700,6800700-000,8鄰,樂學路,,,,,,180號九樓,121.387013968551,25.0509654393422
桃園市龜山區長樂里8鄰樂學路180號十一樓,68,6800700,6800700-000,8鄰,樂學路,,,,,,180號十一樓,121.387013968551,25.0509654393422
桃園市龜山區長樂里8鄰樂學路180號十二樓,68,6800700,6800700-000,8鄰,樂學路,,,,,,180號十二樓,121.387013968551,25.0509654393422
桃園市龜山區長樂里8鄰樂學路180號十三樓,68,6800700,6800700-000,8鄰,樂學路,,,,,,180號十三樓,121.387013968551,25.0509654393422
桃園市龜山區長樂里8鄰樂學路180號十四樓,68,6800700,6800700-000,8鄰,樂學路,,,,,,180號十四樓,121.387013968551,25.0509654393422
桃園市龜山區長樂里8鄰樂學路180號十五樓,68,6800700,6800700-000,8鄰,樂學路,,,,,,180號十五樓,121.387013968551,25.0509654393422
桃園市龜山區長樂里8鄰樂學路180號十六樓,68,6800700,6800700-000,8鄰,樂學路,,,,,,180號十六樓,121.387013968551,25.0509654393422
桃園市龜山區長樂里8鄰樂學路180號十七樓,68,6800700,6800700-000,8鄰,樂學路,,,,,,180號十七樓,121.387013968551,25.0509654393422
桃園市龜山區長樂里8鄰樂學路180號十八樓,68,6800700,6800700-000,8鄰,樂學路,,,,,,180號十八樓,121.387013968551,25.0509654393422
桃園市龜山區長樂里8鄰樂學路180號十九樓,68,6800700,6800700-000,8鄰,樂學路,,,,,,180號十九樓,121.387013968551,25.0509654393422
桃園市龜山區長樂里8鄰樂學路180號二十樓,68,6800700,6800700-000,8鄰,樂學路,,,,,,180號二十樓,121.387013968551,25.0509654393422
桃園市龜山區長樂里8鄰樂學路180號二十一樓,68,6800700,6800700-000,8鄰,樂學路,,,,,,180號二十一樓,121.387013968551,25.0509654393422
桃園市龜山區長樂里8鄰樂學路180號二十二樓,68,6800700,6800700-000,8鄰,樂學路,,,,,,180號二十二樓,121.387013968551,25.0509654393422
桃園市龜山區長樂里8鄰樂學路180號二十三樓,68,6800700,6800700-000,8鄰,樂學路,,,,,,180號二十三樓,121.387013968551,25.0509654393422
桃園市龜山區長樂里8鄰樂學路180號二十四樓,68,6800700,6800700-000,8鄰,樂學路,,,,,,180號二十四樓,121.387013968551,25.0509654393422
桃園市龜山區長樂里8鄰樂學路180號二十五樓,68,6800700,6800700-000,8鄰,樂學路,,,,,,180號二十五樓,121.387013968551,25.0509654393422
桃園市龜山區長樂里8鄰樂學路180號二十六樓,68,6800700,6800700-000,8鄰,樂學路,,,,,,180號二十六樓,121.387013968551,25.0509654393422
桃園市龜山區長樂里8鄰樂學路180號二十七樓,68,6800700,6800700-000,8鄰,樂學路,,,,,,180號二十七樓,121.387013968551,25.0509654393422
桃園市龜山區長樂里8鄰樂學路180號二十八樓,68,6800700,6800700-000,8鄰,樂學路,,,,,,180號二十八樓,121.387013968551,25.0509654393422
桃園市龜山區長樂里8鄰樂學路180號二十九樓,68,6800700,6800700-000,8鄰,樂學路,,,,,,180號二十九樓,121.387013968551,25.0509654393422
桃園市龜山區長樂里8鄰樂學路182號十樓,68,6800700,6800700-000,8鄰,樂學路,,,,,,182號十樓,121.387142260618,25.0509169847919
桃園市龜山區長樂里8鄰樂學路182號二樓,68,6800700,6800700-000,8鄰,樂學路,,,,,,182號二樓,121.387142260618,25.0509169847919
桃園市龜山區長樂里8鄰樂學路182號三樓,68,6800700,6800700-000,8鄰,樂學路,,,,,,182號三樓,121.387142260618,25.0509169847919
桃園市龜山區長樂里8鄰樂學路182號四樓,68,6800700,6800700-000,8鄰,樂學路,,,,,,182號四樓,121.387142260618,25.0509169847919
桃園市龜山區長樂里8鄰樂學路182號五樓,68,6800700,6800700-000,8鄰,樂學路,,,,,,182號五樓,121.387142260618,25.0509169847919
桃園市龜山區長樂里8鄰樂學路182號六樓,68,6800700,6800700-000,8鄰,樂學路,,,,,,182號六樓,121.387142260618,25.0509169847919
桃園市龜山區長樂里8鄰樂學路182號七樓,68,6800700,6800700-000,8鄰,樂學路,,,,,,182號七樓,121.387142260618,25.0509169847919
桃園市龜山區長樂里8鄰樂學路182號八樓,68,6800700,6800700-000,8鄰,樂學路,,,,,,182號八樓,121.387142260618,25.0509169847919
桃園市龜山區長樂里8鄰樂學路182號九樓,68,6800700,6800700-000,8鄰,樂學路,,,,,,182號九樓,121.387142260618,25.0509169847919
桃園市龜山區長樂里8鄰樂學路182號十一樓,68,6800700,6800700-000,8鄰,樂學路,,,,,,182號十一樓,121.387142260618,25.0509169847919
桃園市龜山區長樂里8鄰樂學路182號十二樓,68,6800700,6800700-000,8鄰,樂學路,,,,,,182號十二樓,121.387142260618,25.0509169847919
桃園市龜山區長樂里8鄰樂學路182號十三樓,68,6800700,6800700-000,8鄰,樂學路,,,,,,182號十三樓,121.387142260618,25.0509169847919
桃園市龜山區長樂里8鄰樂學路182號十四樓,68,6800700,6800700-000,8鄰,樂學路,,,,,,182號十四樓,121.387142260618,25.0509169847919
桃園市龜山區長樂里8鄰樂學路182號十五樓,68,6800700,6800700-000,8鄰,樂學路,,,,,,182號十五樓,121.387142260618,25.0509169847919
桃園市龜山區長樂里8鄰樂學路182號十六樓,68,6800700,6800700-000,8鄰,樂學路,,,,,,182號十六樓,121.387142260618,25.0509169847919
桃園市龜山區長樂里8鄰樂學路182號十七樓,68,6800700,6800700-000,8鄰,樂學路,,,,,,182號十七樓,121.387142260618,25.0509169847919
桃園市龜山區長樂里8鄰樂學路182號十八樓,68,6800700,6800700-000,8鄰,樂學路,,,,,,182號十八樓,121.387142260618,25.0509169847919
桃園市龜山區長樂里8鄰樂學路182號十九樓,68,6800700,6800700-000,8鄰,樂學路,,,,,,182號十九樓,121.387142260618,25.0509169847919
桃園市龜山區長樂里8鄰樂學路182號二十樓,68,6800700,6800700-000,8鄰,樂學路,,,,,,182號二十樓,121.387142260618,25.0509169847919
桃園市龜山區長樂里8鄰樂學路182號二十一樓,68,6800700,6800700-000,8鄰,樂學路,,,,,,182號二十一樓,121.387142260618,25.0509169847919
桃園市龜山區長樂里8鄰樂學路182號二十二樓,68,6800700,6800700-000,8鄰,樂學路,,,,,,182號二十二樓,121.387142260618,25.0509169847919
桃園市龜山區長樂里8鄰樂學路182號二十三樓,68,6800700,6800700-000,8鄰,樂學路,,,,,,182號二十三樓,121.387142260618,25.0509169847919
桃園市龜山區長樂里8鄰樂學路182號二十四樓,68,6800700,6800700-000,8鄰,樂學路,,,,,,182號二十四樓,121.387142260618,25.0509169847919
桃園市龜山區長樂里8鄰樂學路182號二十五樓,68,6800700,6800700-000,8鄰,樂學路,,,,,,182號二十五樓,121.387142260618,25.0509169847919
桃園市龜山區長樂里8鄰樂學路182號二十六樓,68,6800700,6800700-000,8鄰,樂學路,,,,,,182號二十六樓,121.387142260618,25.0509169847919
桃園市龜山區長樂里8鄰樂學路182號二十七樓,68,6800700,6800700-000,8鄰,樂學路,,,,,,182號二十七樓,121.387142260618,25.0509169847919
桃園市龜山區長樂里8鄰樂學路182號二十八樓,68,6800700,6800700-000,8鄰,樂學路,,,,,,182號二十八樓,121.387142260618,25.0509169847919
桃園市龜山區長樂里8鄰樂學路182號二十九樓,68,6800700,6800700-000,8鄰,樂學路,,,,,,182號二十九樓,121.387142260618,25.0509169847919
桃園市龜山區長樂里8鄰樂學路186號十樓,68,6800700,6800700-000,8鄰,樂學路,,,,,,186號十樓,121.387102323498,25.0508549749416
桃園市龜山區長樂里8鄰樂學路186號二樓,68,6800700,6800700-000,8鄰,樂學路,,,,,,186號二樓,121.387102323498,25.0508549749416
桃園市龜山區長樂里8鄰樂學路186號三樓,68,6800700,6800700-000,8鄰,樂學路,,,,,,186號三樓,121.387102323498,25.0508549749416
桃園市龜山區長樂里8鄰樂學路186號四樓,68,6800700,6800700-000,8鄰,樂學路,,,,,,186號四樓,121.387102323498,25.0508549749416
桃園市龜山區長樂里8鄰樂學路186號五樓,68,6800700,6800700-000,8鄰,樂學路,,,,,,186號五樓,121.387102323498,25.0508549749416
桃園市龜山區長樂里8鄰樂學路186號六樓,68,6800700,6800700-000,8鄰,樂學路,,,,,,186號六樓,121.387102323498,25.0508549749416
桃園市龜山區長樂里8鄰樂學路186號七樓,68,6800700,6800700-000,8鄰,樂學路,,,,,,186號七樓,121.387102323498,25.0508549749416
桃園市龜山區長樂里8鄰樂學路186號八樓,68,6800700,6800700-000,8鄰,樂學路,,,,,,186號八樓,121.387102323498,25.0508549749416
桃園市龜山區長樂里8鄰樂學路186號九樓,68,6800700,6800700-000,8鄰,樂學路,,,,,,186號九樓,121.387102323498,25.0508549749416
桃園市龜山區長樂里8鄰樂學路186號十一樓,68,6800700,6800700-000,8鄰,樂學路,,,,,,186號十一樓,121.387102323498,25.0508549749416
桃園市龜山區長樂里8鄰樂學路186號十二樓,68,6800700,6800700-000,8鄰,樂學路,,,,,,186號十二樓,121.387102323498,25.0508549749416
桃園市龜山區長樂里8鄰樂學路186號十三樓,68,6800700,6800700-000,8鄰,樂學路,,,,,,186號十三樓,121.387102323498,25.0508549749416
桃園市龜山區長樂里8鄰樂學路186號十四樓,68,6800700,6800700-000,8鄰,樂學路,,,,,,186號十四樓,121.387102323498,25.0508549749416
桃園市龜山區長樂里8鄰樂學路186號十五樓,68,6800700,6800700-000,8鄰,樂學路,,,,,,186號十五樓,121.387102323498,25.0508549749416
桃園市龜山區長樂里8鄰樂學路186號十六樓,68,6800700,6800700-000,8鄰,樂學路,,,,,,186號十六樓,121.387102323498,25.0508549749416
桃園市龜山區長樂里8鄰樂學路186號十七樓,68,6800700,6800700-000,8鄰,樂學路,,,,,,186號十七樓,121.387102323498,25.0508549749416
桃園市龜山區長樂里8鄰樂學路186號十八樓,68,6800700,6800700-000,8鄰,樂學路,,,,,,186號十八樓,121.387102323498,25.0508549749416
桃園市龜山區長樂里8鄰樂學路186號十九樓,68,6800700,6800700-000,8鄰,樂學路,,,,,,186號十九樓,121.387102323498,25.0508549749416
桃園市龜山區長樂里8鄰樂學路186號二十樓,68,6800700,6800700-000,8鄰,樂學路,,,,,,186號二十樓,121.387102323498,25.0508549749416
桃園市龜山區長樂里8鄰樂學路186號二十一樓,68,6800700,6800700-000,8鄰,樂學路,,,,,,186號二十一樓,121.387102323498,25.0508549749416
桃園市龜山區長樂里8鄰樂學路186號二十二樓,68,6800700,6800700-000,8鄰,樂學路,,,,,,186號二十二樓,121.387102323498,25.0508549749416
桃園市龜山區長樂里8鄰樂學路186號二十三樓,68,6800700,6800700-000,8鄰,樂學路,,,,,,186號二十三樓,121.387102323498,25.0508549749416
桃園市龜山區長樂里8鄰樂學路186號二十四樓,68,6800700,6800700-000,8鄰,樂學路,,,,,,186號二十四樓,121.387102323498,25.0508549749416
桃園市龜山區長樂里8鄰樂學路186號二十五樓,68,6800700,6800700-000,8鄰,樂學路,,,,,,186號二十五樓,121.387102323498,25.0508549749416
桃園市龜山區長樂里8鄰樂學路186號二十六樓,68,6800700,6800700-000,8鄰,樂學路,,,,,,186號二十六樓,121.387102323498,25.0508549749416
桃園市龜山區長樂里8鄰樂學路186號二十七樓,68,6800700,6800700-000,8鄰,樂學路,,,,,,186號二十七樓,121.387102323498,25.0508549749416
桃園市龜山區長樂里8鄰樂學路186號二十八樓,68,6800700,6800700-000,8鄰,樂學路,,,,,,186號二十八樓,121.387102323498,25.0508549749416
桃園市龜山區長樂里8鄰樂學路186號二十九樓,68,6800700,6800700-000,8鄰,樂學路,,,,,,186號二十九樓,121.387102323498,25.0508549749416
桃園市龜山區長樂里8鄰樂學路188號十樓,68,6800700,6800700-000,8鄰,樂學路,,,,,,188號十樓,121.387046775267,25.050776664737
桃園市龜山區長樂里8鄰樂學路188號二樓,68,6800700,6800700-000,8鄰,樂學路,,,,,,188號二樓,121.387046775267,25.050776664737
桃園市龜山區長樂里8鄰樂學路188號三樓,68,6800700,6800700-000,8鄰,樂學路,,,,,,188號三樓,121.387046775267,25.050776664737
桃園市龜山區長樂里8鄰樂學路188號四樓,68,6800700,6800700-000,8鄰,樂學路,,,,,,188號四樓,121.387046775267,25.050776664737
桃園市龜山區長樂里8鄰樂學路188號五樓,68,6800700,6800700-000,8鄰,樂學路,,,,,,188號五樓,121.387046775267,25.050776664737
桃園市龜山區長樂里8鄰樂學路188號六樓,68,6800700,6800700-000,8鄰,樂學路,,,,,,188號六樓,121.387046775267,25.050776664737
桃園市龜山區長樂里8鄰樂學路188號七樓,68,6800700,6800700-000,8鄰,樂學路,,,,,,188號七樓,121.387046775267,25.050776664737
桃園市龜山區長樂里8鄰樂學路188號八樓,68,6800700,6800700-000,8鄰,樂學路,,,,,,188號八樓,121.387046775267,25.050776664737
桃園市龜山區長樂里8鄰樂學路188號九樓,68,6800700,6800700-000,8鄰,樂學路,,,,,,188號九樓,121.387046775267,25.050776664737
桃園市龜山區長樂里8鄰樂學路188號十一樓,68,6800700,6800700-000,8鄰,樂學路,,,,,,188號十一樓,121.387046775267,25.050776664737
桃園市龜山區長樂里8鄰樂學路188號十二樓,68,6800700,6800700-000,8鄰,樂學路,,,,,,188號十二樓,121.387046775267,25.050776664737
桃園市龜山區長樂里8鄰樂學路188號十三樓,68,6800700,6800700-000,8鄰,樂學路,,,,,,188號十三樓,121.387046775267,25.050776664737
桃園市龜山區長樂里8鄰樂學路188號十四樓,68,6800700,6800700-000,8鄰,樂學路,,,,,,188號十四樓,121.387046775267,25.050776664737
桃園市龜山區長樂里8鄰樂學路188號十五樓,68,6800700,6800700-000,8鄰,樂學路,,,,,,188號十五樓,121.387046775267,25.050776664737
桃園市龜山區長樂里8鄰樂學路188號十六樓,68,6800700,6800700-000,8鄰,樂學路,,,,,,188號十六樓,121.387046775267,25.050776664737
桃園市龜山區長樂里8鄰樂學路188號十七樓,68,6800700,6800700-000,8鄰,樂學路,,,,,,188號十七樓,121.387046775267,25.050776664737
桃園市龜山區長樂里8鄰樂學路188號十八樓,68,6800700,6800700-000,8鄰,樂學路,,,,,,188號十八樓,121.387046775267,25.050776664737
桃園市龜山區長樂里8鄰樂學路188號十九樓,68,6800700,6800700-000,8鄰,樂學路,,,,,,188號十九樓,121.387046775267,25.050776664737
桃園市龜山區長樂里8鄰樂學路188號二十樓,68,6800700,6800700-000,8鄰,樂學路,,,,,,188號二十樓,121.387046775267,25.050776664737
桃園市龜山區長樂里8鄰樂學路188號二十一樓,68,6800700,6800700-000,8鄰,樂學路,,,,,,188號二十一樓,121.387046775267,25.050776664737
桃園市龜山區長樂里8鄰樂學路188號二十二樓,68,6800700,6800700-000,8鄰,樂學路,,,,,,188號二十二樓,121.387046775267,25.050776664737
桃園市龜山區長樂里8鄰樂學路188號二十三樓,68,6800700,6800700-000,8鄰,樂學路,,,,,,188號二十三樓,121.387046775267,25.050776664737
桃園市龜山區長樂里8鄰樂學路188號二十四樓,68,6800700,6800700-000,8鄰,樂學路,,,,,,188號二十四樓,121.387046775267,25.050776664737
桃園市龜山區長樂里8鄰樂學路188號二十五樓,68,6800700,6800700-000,8鄰,樂學路,,,,,,188號二十五樓,121.387046775267,25.050776664737
桃園市龜山區長樂里8鄰樂學路188號二十六樓,68,6800700,6800700-000,8鄰,樂學路,,,,,,188號二十六樓,121.387046775267,25.050776664737
桃園市龜山區長樂里8鄰樂學路188號二十七樓,68,6800700,6800700-000,8鄰,樂學路,,,,,,188號二十七樓,121.387046775267,25.050776664737
桃園市龜山區長樂里8鄰樂學路188號二十八樓,68,6800700,6800700-000,8鄰,樂學路,,,,,,188號二十八樓,121.387046775267,25.050776664737
桃園市龜山區長樂里8鄰樂學路188號二十九樓,68,6800700,6800700-000,8鄰,樂學路,,,,,,188號二十九樓,121.387046775267,25.050776664737
桃園市龜山區長樂里8鄰樂學路190號十樓,68,6800700,6800700-000,8鄰,樂學路,,,,,,190號十樓,121.387013976512,25.0507154487978
桃園市龜山區長樂里8鄰樂學路190號二樓,68,6800700,6800700-000,8鄰,樂學路,,,,,,190號二樓,121.387013976512,25.0507154487978
桃園市龜山區長樂里8鄰樂學路190號三樓,68,6800700,6800700-000,8鄰,樂學路,,,,,,190號三樓,121.387013976512,25.0507154487978
桃園市龜山區長樂里8鄰樂學路190號四樓,68,6800700,6800700-000,8鄰,樂學路,,,,,,190號四樓,121.387013976512,25.0507154487978
桃園市龜山區長樂里8鄰樂學路190號五樓,68,6800700,6800700-000,8鄰,樂學路,,,,,,190號五樓,121.387013976512,25.0507154487978
桃園市龜山區長樂里8鄰樂學路190號六樓,68,6800700,6800700-000,8鄰,樂學路,,,,,,190號六樓,121.387013976512,25.0507154487978
桃園市龜山區長樂里8鄰樂學路190號七樓,68,6800700,6800700-000,8鄰,樂學路,,,,,,190號七樓,121.387013976512,25.0507154487978
桃園市龜山區長樂里8鄰樂學路190號八樓,68,6800700,6800700-000,8鄰,樂學路,,,,,,190號八樓,121.387013976512,25.0507154487978
桃園市龜山區長樂里8鄰樂學路190號九樓,68,6800700,6800700-000,8鄰,樂學路,,,,,,190號九樓,121.387013976512,25.0507154487978
桃園市龜山區長樂里8鄰樂學路190號十一樓,68,6800700,6800700-000,8鄰,樂學路,,,,,,190號十一樓,121.387013976512,25.0507154487978
桃園市龜山區長樂里8鄰樂學路190號十二樓,68,6800700,6800700-000,8鄰,樂學路,,,,,,190號十二樓,121.387013976512,25.0507154487978
桃園市龜山區長樂里8鄰樂學路190號十三樓,68,6800700,6800700-000,8鄰,樂學路,,,,,,190號十三樓,121.387013976512,25.0507154487978
桃園市龜山區長樂里8鄰樂學路190號十四樓,68,6800700,6800700-000,8鄰,樂學路,,,,,,190號十四樓,121.387013976512,25.0507154487978
桃園市龜山區長樂里8鄰樂學路190號十五樓,68,6800700,6800700-000,8鄰,樂學路,,,,,,190號十五樓,121.387013976512,25.0507154487978
桃園市龜山區長樂里8鄰樂學路190號十六樓,68,6800700,6800700-000,8鄰,樂學路,,,,,,190號十六樓,121.387013976512,25.0507154487978
桃園市龜山區長樂里8鄰樂學路190號十七樓,68,6800700,6800700-000,8鄰,樂學路,,,,,,190號十七樓,121.387013976512,25.0507154487978
桃園市龜山區長樂里8鄰樂學路190號十八樓,68,6800700,6800700-000,8鄰,樂學路,,,,,,190號十八樓,121.387013976512,25.0507154487978
桃園市龜山區長樂里8鄰樂學路190號十九樓,68,6800700,6800700-000,8鄰,樂學路,,,,,,190號十九樓,121.387013976512,25.0507154487978
桃園市龜山區長樂里8鄰樂學路190號二十樓,68,6800700,6800700-000,8鄰,樂學路,,,,,,190號二十樓,121.387013976512,25.0507154487978
桃園市龜山區長樂里8鄰樂學路190號二十一樓,68,6800700,6800700-000,8鄰,樂學路,,,,,,190號二十一樓,121.387013976512,25.0507154487978
桃園市龜山區長樂里8鄰樂學路190號二十二樓,68,6800700,6800700-000,8鄰,樂學路,,,,,,190號二十二樓,121.387013976512,25.0507154487978
桃園市龜山區長樂里8鄰樂學路190號二十三樓,68,6800700,6800700-000,8鄰,樂學路,,,,,,190號二十三樓,121.387013976512,25.0507154487978
桃園市龜山區長樂里8鄰樂學路190號二十四樓,68,6800700,6800700-000,8鄰,樂學路,,,,,,190號二十四樓,121.387013976512,25.0507154487978
桃園市龜山區長樂里8鄰樂學路190號二十五樓,68,6800700,6800700-000,8鄰,樂學路,,,,,,190號二十五樓,121.387013976512,25.0507154487978
桃園市龜山區長樂里8鄰樂學路190號二十六樓,68,6800700,6800700-000,8鄰,樂學路,,,,,,190號二十六樓,121.387013976512,25.0507154487978
桃園市龜山區長樂里8鄰樂學路190號二十七樓,68,6800700,6800700-000,8鄰,樂學路,,,,,,190號二十七樓,121.387013976512,25.0507154487978
桃園市龜山區長樂里8鄰樂學路190號二十八樓,68,6800700,6800700-000,8鄰,樂學路,,,,,,190號二十八樓,121.387013976512,25.0507154487978
桃園市龜山區長樂里8鄰樂學路190號二十九樓,68,6800700,6800700-000,8鄰,樂學路,,,,,,190號二十九樓,121.387013976512,25.0507154487978
桃園市龜山區長樂里7鄰樂學路192號十樓,68,6800700,6800700-000,7鄰,樂學路,,,,,,192號十樓,121.387147992939,25.0511643421918
桃園市龜山區長樂里7鄰樂學路192號二樓,68,6800700,6800700-000,7鄰,樂學路,,,,,,192號二樓,121.387147992939,25.0511643421918
桃園市龜山區長樂里7鄰樂學路192號三樓,68,6800700,6800700-000,7鄰,樂學路,,,,,,192號三樓,121.387147992939,25.0511643421918
桃園市龜山區長樂里7鄰樂學路192號四樓,68,6800700,6800700-000,7鄰,樂學路,,,,,,192號四樓,121.387147992939,25.0511643421918
桃園市龜山區長樂里7鄰樂學路192號五樓,68,6800700,6800700-000,7鄰,樂學路,,,,,,192號五樓,121.387147992939,25.0511643421918
桃園市龜山區長樂里7鄰樂學路192號六樓,68,6800700,6800700-000,7鄰,樂學路,,,,,,192號六樓,121.387147992939,25.0511643421918
桃園市龜山區長樂里7鄰樂學路192號七樓,68,6800700,6800700-000,7鄰,樂學路,,,,,,192號七樓,121.387147992939,25.0511643421918
桃園市龜山區長樂里7鄰樂學路192號八樓,68,6800700,6800700-000,7鄰,樂學路,,,,,,192號八樓,121.387147992939,25.0511643421918
桃園市龜山區長樂里7鄰樂學路192號九樓,68,6800700,6800700-000,7鄰,樂學路,,,,,,192號九樓,121.387147992939,25.0511643421918
桃園市龜山區長樂里7鄰樂學路192號十一樓,68,6800700,6800700-000,7鄰,樂學路,,,,,,192號十一樓,121.387147992939,25.0511643421918
桃園市龜山區長樂里7鄰樂學路192號十二樓,68,6800700,6800700-000,7鄰,樂學路,,,,,,192號十二樓,121.387147992939,25.0511643421918
桃園市龜山區長樂里7鄰樂學路192號十三樓,68,6800700,6800700-000,7鄰,樂學路,,,,,,192號十三樓,121.387147992939,25.0511643421918
桃園市龜山區長樂里7鄰樂學路192號十四樓,68,6800700,6800700-000,7鄰,樂學路,,,,,,192號十四樓,121.387147992939,25.0511643421918
桃園市龜山區長樂里7鄰樂學路192號十五樓,68,6800700,6800700-000,7鄰,樂學路,,,,,,192號十五樓,121.387147992939,25.0511643421918
桃園市龜山區長樂里7鄰樂學路192號十六樓,68,6800700,6800700-000,7鄰,樂學路,,,,,,192號十六樓,121.387147992939,25.0511643421918
桃園市龜山區長樂里7鄰樂學路192號十七樓,68,6800700,6800700-000,7鄰,樂學路,,,,,,192號十七樓,121.387147992939,25.0511643421918
桃園市龜山區長樂里7鄰樂學路192號十八樓,68,6800700,6800700-000,7鄰,樂學路,,,,,,192號十八樓,121.387147992939,25.0511643421918
桃園市龜山區長樂里7鄰樂學路192號十九樓,68,6800700,6800700-000,7鄰,樂學路,,,,,,192號十九樓,121.387147992939,25.0511643421918
桃園市龜山區長樂里7鄰樂學路192號二十樓,68,6800700,6800700-000,7鄰,樂學路,,,,,,192號二十樓,121.387147992939,25.0511643421918
桃園市龜山區長樂里7鄰樂學路192號二十一樓,68,6800700,6800700-000,7鄰,樂學路,,,,,,192號二十一樓,121.387147992939,25.0511643421918
桃園市龜山區長樂里7鄰樂學路192號二十二樓,68,6800700,6800700-000,7鄰,樂學路,,,,,,192號二十二樓,121.387147992939,25.0511643421918
桃園市龜山區長樂里7鄰樂學路192號二十三樓,68,6800700,6800700-000,7鄰,樂學路,,,,,,192號二十三樓,121.387147992939,25.0511643421918
桃園市龜山區長樂里7鄰樂學路192號二十四樓,68,6800700,6800700-000,7鄰,樂學路,,,,,,192號二十四樓,121.387147992939,25.0511643421918
桃園市龜山區長樂里7鄰樂學路192號二十五樓,68,6800700,6800700-000,7鄰,樂學路,,,,,,192號二十五樓,121.387147992939,25.0511643421918
桃園市龜山區長樂里7鄰樂學路192號二十六樓,68,6800700,6800700-000,7鄰,樂學路,,,,,,192號二十六樓,121.387147992939,25.0511643421918
桃園市龜山區長樂里7鄰樂學路192號二十七樓,68,6800700,6800700-000,7鄰,樂學路,,,,,,192號二十七樓,121.387147992939,25.0511643421918
桃園市龜山區長樂里7鄰樂學路192號二十八樓,68,6800700,6800700-000,7鄰,樂學路,,,,,,192號二十八樓,121.387147992939,25.0511643421918
桃園市龜山區長樂里7鄰樂學路192號二十九樓,68,6800700,6800700-000,7鄰,樂學路,,,,,,192號二十九樓,121.387147992939,25.0511643421918
桃園市龜山區長樂里7鄰樂學路196號十樓,68,6800700,6800700-000,7鄰,樂學路,,,,,,196號十樓,121.387179366376,25.05121346404
桃園市龜山區長樂里7鄰樂學路196號二樓,68,6800700,6800700-000,7鄰,樂學路,,,,,,196號二樓,121.387179366376,25.05121346404
桃園市龜山區長樂里7鄰樂學路196號三樓,68,6800700,6800700-000,7鄰,樂學路,,,,,,196號三樓,121.387179366376,25.05121346404
桃園市龜山區長樂里7鄰樂學路196號四樓,68,6800700,6800700-000,7鄰,樂學路,,,,,,196號四樓,121.387179366376,25.05121346404
桃園市龜山區長樂里7鄰樂學路196號五樓,68,6800700,6800700-000,7鄰,樂學路,,,,,,196號五樓,121.387179366376,25.05121346404
桃園市龜山區長樂里7鄰樂學路196號六樓,68,6800700,6800700-000,7鄰,樂學路,,,,,,196號六樓,121.387179366376,25.05121346404
桃園市龜山區長樂里7鄰樂學路196號七樓,68,6800700,6800700-000,7鄰,樂學路,,,,,,196號七樓,121.387179366376,25.05121346404
桃園市龜山區長樂里7鄰樂學路196號八樓,68,6800700,6800700-000,7鄰,樂學路,,,,,,196號八樓,121.387179366376,25.05121346404
桃園市龜山區長樂里7鄰樂學路196號九樓,68,6800700,6800700-000,7鄰,樂學路,,,,,,196號九樓,121.387179366376,25.05121346404
桃園市龜山區長樂里7鄰樂學路196號十一樓,68,6800700,6800700-000,7鄰,樂學路,,,,,,196號十一樓,121.387179366376,25.05121346404
桃園市龜山區長樂里7鄰樂學路196號十二樓,68,6800700,6800700-000,7鄰,樂學路,,,,,,196號十二樓,121.387179366376,25.05121346404
桃園市龜山區長樂里7鄰樂學路196號十三樓,68,6800700,6800700-000,7鄰,樂學路,,,,,,196號十三樓,121.387179366376,25.05121346404
桃園市龜山區長樂里7鄰樂學路196號十四樓,68,6800700,6800700-000,7鄰,樂學路,,,,,,196號十四樓,121.387179366376,25.05121346404
桃園市龜山區長樂里7鄰樂學路196號十五樓,68,6800700,6800700-000,7鄰,樂學路,,,,,,196號十五樓,121.387179366376,25.05121346404
桃園市龜山區長樂里7鄰樂學路196號十六樓,68,6800700,6800700-000,7鄰,樂學路,,,,,,196號十六樓,121.387179366376,25.05121346404
桃園市龜山區長樂里7鄰樂學路196號十七樓,68,6800700,6800700-000,7鄰,樂學路,,,,,,196號十七樓,121.387179366376,25.05121346404
桃園市龜山區長樂里7鄰樂學路196號十八樓,68,6800700,6800700-000,7鄰,樂學路,,,,,,196號十八樓,121.387179366376,25.05121346404
桃園市龜山區長樂里7鄰樂學路196號十九樓,68,6800700,6800700-000,7鄰,樂學路,,,,,,196號十九樓,121.387179366376,25.05121346404
桃園市龜山區長樂里7鄰樂學路196號二十樓,68,6800700,6800700-000,7鄰,樂學路,,,,,,196號二十樓,121.387179366376,25.05121346404
桃園市龜山區長樂里7鄰樂學路196號二十一樓,68,6800700,6800700-000,7鄰,樂學路,,,,,,196號二十一樓,121.387179366376,25.05121346404
桃園市龜山區長樂里7鄰樂學路196號二十二樓,68,6800700,6800700-000,7鄰,樂學路,,,,,,196號二十二樓,121.387179366376,25.05121346404
桃園市龜山區長樂里7鄰樂學路196號二十三樓,68,6800700,6800700-000,7鄰,樂學路,,,,,,196號二十三樓,121.387179366376,25.05121346404
桃園市龜山區長樂里7鄰樂學路196號二十四樓,68,6800700,6800700-000,7鄰,樂學路,,,,,,196號二十四樓,121.387179366376,25.05121346404
桃園市龜山區長樂里7鄰樂學路196號二十五樓,68,6800700,6800700-000,7鄰,樂學路,,,,,,196號二十五樓,121.387179366376,25.05121346404
桃園市龜山區長樂里7鄰樂學路196號二十六樓,68,6800700,6800700-000,7鄰,樂學路,,,,,,196號二十六樓,121.387179366376,25.05121346404
桃園市龜山區長樂里7鄰樂學路196號二十七樓,68,6800700,6800700-000,7鄰,樂學路,,,,,,196號二十七樓,121.387179366376,25.05121346404
桃園市龜山區長樂里7鄰樂學路196號二十八樓,68,6800700,6800700-000,7鄰,樂學路,,,,,,196號二十八樓,121.387179366376,25.05121346404
桃園市龜山區長樂里7鄰樂學路196號二十九樓,68,6800700,6800700-000,7鄰,樂學路,,,,,,196號二十九樓,121.387179366376,25.05121346404
桃園市龜山區長樂里7鄰樂學路198號十樓,68,6800700,6800700-000,7鄰,樂學路,,,,,,198號十樓,121.387213613961,25.0512625783889
桃園市龜山區長樂里7鄰樂學路198號二樓,68,6800700,6800700-000,7鄰,樂學路,,,,,,198號二樓,121.387213613961,25.0512625783889
桃園市龜山區長樂里7鄰樂學路198號三樓,68,6800700,6800700-000,7鄰,樂學路,,,,,,198號三樓,121.387213613961,25.0512625783889
桃園市龜山區長樂里7鄰樂學路198號四樓,68,6800700,6800700-000,7鄰,樂學路,,,,,,198號四樓,121.387213613961,25.0512625783889
桃園市龜山區長樂里7鄰樂學路198號五樓,68,6800700,6800700-000,7鄰,樂學路,,,,,,198號五樓,121.387213613961,25.0512625783889
桃園市龜山區長樂里7鄰樂學路198號六樓,68,6800700,6800700-000,7鄰,樂學路,,,,,,198號六樓,121.387213613961,25.0512625783889
桃園市龜山區長樂里7鄰樂學路198號七樓,68,6800700,6800700-000,7鄰,樂學路,,,,,,198號七樓,121.387213613961,25.0512625783889
桃園市龜山區長樂里7鄰樂學路198號八樓,68,6800700,6800700-000,7鄰,樂學路,,,,,,198號八樓,121.387213613961,25.0512625783889
桃園市龜山區長樂里7鄰樂學路198號九樓,68,6800700,6800700-000,7鄰,樂學路,,,,,,198號九樓,121.387213613961,25.0512625783889
桃園市龜山區長樂里7鄰樂學路198號十一樓,68,6800700,6800700-000,7鄰,樂學路,,,,,,198號十一樓,121.387213613961,25.0512625783889
桃園市龜山區長樂里7鄰樂學路198號十二樓,68,6800700,6800700-000,7鄰,樂學路,,,,,,198號十二樓,121.387213613961,25.0512625783889
桃園市龜山區長樂里7鄰樂學路198號十三樓,68,6800700,6800700-000,7鄰,樂學路,,,,,,198號十三樓,121.387213613961,25.0512625783889
桃園市龜山區長樂里7鄰樂學路198號十四樓,68,6800700,6800700-000,7鄰,樂學路,,,,,,198號十四樓,121.387213613961,25.0512625783889
桃園市龜山區長樂里7鄰樂學路198號十五樓,68,6800700,6800700-000,7鄰,樂學路,,,,,,198號十五樓,121.387213613961,25.0512625783889
桃園市龜山區長樂里7鄰樂學路198號十六樓,68,6800700,6800700-000,7鄰,樂學路,,,,,,198號十六樓,121.387213613961,25.0512625783889
桃園市龜山區長樂里7鄰樂學路198號十七樓,68,6800700,6800700-000,7鄰,樂學路,,,,,,198號十七樓,121.387213613961,25.0512625783889
桃園市龜山區長樂里7鄰樂學路198號十八樓,68,6800700,6800700-000,7鄰,樂學路,,,,,,198號十八樓,121.387213613961,25.0512625783889
桃園市龜山區長樂里7鄰樂學路198號十九樓,68,6800700,6800700-000,7鄰,樂學路,,,,,,198號十九樓,121.387213613961,25.0512625783889
桃園市龜山區長樂里7鄰樂學路198號二十樓,68,6800700,6800700-000,7鄰,樂學路,,,,,,198號二十樓,121.387213613961,25.0512625783889
桃園市龜山區長樂里7鄰樂學路198號二十一樓,68,6800700,6800700-000,7鄰,樂學路,,,,,,198號二十一樓,121.387213613961,25.0512625783889
桃園市龜山區長樂里7鄰樂學路198號二十二樓,68,6800700,6800700-000,7鄰,樂學路,,,,,,198號二十二樓,121.387213613961,25.0512625783889
桃園市龜山區長樂里7鄰樂學路198號二十三樓,68,6800700,6800700-000,7鄰,樂學路,,,,,,198號二十三樓,121.387213613961,25.0512625783889
桃園市龜山區長樂里7鄰樂學路198號二十四樓,68,6800700,6800700-000,7鄰,樂學路,,,,,,198號二十四樓,121.387213613961,25.0512625783889
桃園市龜山區長樂里7鄰樂學路198號二十五樓,68,6800700,6800700-000,7鄰,樂學路,,,,,,198號二十五樓,121.387213613961,25.0512625783889
桃園市龜山區長樂里7鄰樂學路198號二十六樓,68,6800700,6800700-000,7鄰,樂學路,,,,,,198號二十六樓,121.387213613961,25.0512625783889
桃園市龜山區長樂里7鄰樂學路198號二十七樓,68,6800700,6800700-000,7鄰,樂學路,,,,,,198號二十七樓,121.387213613961,25.0512625783889
桃園市龜山區長樂里7鄰樂學路198號二十八樓,68,6800700,6800700-000,7鄰,樂學路,,,,,,198號二十八樓,121.387213613961,25.0512625783889
桃園市龜山區長樂里7鄰樂學路198號二十九樓,68,6800700,6800700-000,7鄰,樂學路,,,,,,198號二十九樓,121.387213613961,25.0512625783889
桃園市龜山區長樂里7鄰樂學路200號十樓,68,6800700,6800700-000,7鄰,樂學路,,,,,,200號十樓,121.38729632062,25.0512470148492
桃園市龜山區長樂里7鄰樂學路200號二樓,68,6800700,6800700-000,7鄰,樂學路,,,,,,200號二樓,121.38729632062,25.0512470148492
桃園市龜山區長樂里7鄰樂學路200號三樓,68,6800700,6800700-000,7鄰,樂學路,,,,,,200號三樓,121.38729632062,25.0512470148492
桃園市龜山區長樂里7鄰樂學路200號四樓,68,6800700,6800700-000,7鄰,樂學路,,,,,,200號四樓,121.38729632062,25.0512470148492
桃園市龜山區長樂里7鄰樂學路200號五樓,68,6800700,6800700-000,7鄰,樂學路,,,,,,200號五樓,121.38729632062,25.0512470148492
桃園市龜山區長樂里7鄰樂學路200號六樓,68,6800700,6800700-000,7鄰,樂學路,,,,,,200號六樓,121.38729632062,25.0512470148492
桃園市龜山區長樂里7鄰樂學路200號七樓,68,6800700,6800700-000,7鄰,樂學路,,,,,,200號七樓,121.38729632062,25.0512470148492
桃園市龜山區長樂里7鄰樂學路200號八樓,68,6800700,6800700-000,7鄰,樂學路,,,,,,200號八樓,121.38729632062,25.0512470148492
桃園市龜山區長樂里7鄰樂學路200號九樓,68,6800700,6800700-000,7鄰,樂學路,,,,,,200號九樓,121.38729632062,25.0512470148492
桃園市龜山區長樂里7鄰樂學路200號十一樓,68,6800700,6800700-000,7鄰,樂學路,,,,,,200號十一樓,121.38729632062,25.0512470148492
桃園市龜山區長樂里7鄰樂學路200號十二樓,68,6800700,6800700-000,7鄰,樂學路,,,,,,200號十二樓,121.38729632062,25.0512470148492
桃園市龜山區長樂里7鄰樂學路200號十三樓,68,6800700,6800700-000,7鄰,樂學路,,,,,,200號十三樓,121.38729632062,25.0512470148492
桃園市龜山區長樂里7鄰樂學路200號十四樓,68,6800700,6800700-000,7鄰,樂學路,,,,,,200號十四樓,121.38729632062,25.0512470148492
桃園市龜山區長樂里7鄰樂學路200號十五樓,68,6800700,6800700-000,7鄰,樂學路,,,,,,200號十五樓,121.38729632062,25.0512470148492
桃園市龜山區長樂里7鄰樂學路200號十六樓,68,6800700,6800700-000,7鄰,樂學路,,,,,,200號十六樓,121.38729632062,25.0512470148492
桃園市龜山區長樂里7鄰樂學路200號十七樓,68,6800700,6800700-000,7鄰,樂學路,,,,,,200號十七樓,121.38729632062,25.0512470148492
桃園市龜山區長樂里7鄰樂學路200號十八樓,68,6800700,6800700-000,7鄰,樂學路,,,,,,200號十八樓,121.38729632062,25.0512470148492
桃園市龜山區長樂里7鄰樂學路200號十九樓,68,6800700,6800700-000,7鄰,樂學路,,,,,,200號十九樓,121.38729632062,25.0512470148492
桃園市龜山區長樂里7鄰樂學路200號二十樓,68,6800700,6800700-000,7鄰,樂學路,,,,,,200號二十樓,121.38729632062,25.0512470148492
桃園市龜山區長樂里7鄰樂學路200號二十一樓,68,6800700,6800700-000,7鄰,樂學路,,,,,,200號二十一樓,121.38729632062,25.0512470148492
桃園市龜山區長樂里7鄰樂學路200號二十二樓,68,6800700,6800700-000,7鄰,樂學路,,,,,,200號二十二樓,121.38729632062,25.0512470148492
桃園市龜山區長樂里7鄰樂學路200號二十三樓,68,6800700,6800700-000,7鄰,樂學路,,,,,,200號二十三樓,121.38729632062,25.0512470148492
桃園市龜山區長樂里7鄰樂學路200號二十四樓,68,6800700,6800700-000,7鄰,樂學路,,,,,,200號二十四樓,121.38729632062,25.0512470148492
桃園市龜山區長樂里7鄰樂學路200號二十五樓,68,6800700,6800700-000,7鄰,樂學路,,,,,,200號二十五樓,121.38729632062,25.0512470148492
桃園市龜山區長樂里7鄰樂學路200號二十六樓,68,6800700,6800700-000,7鄰,樂學路,,,,,,200號二十六樓,121.38729632062,25.0512470148492
桃園市龜山區長樂里7鄰樂學路200號二十七樓,68,6800700,6800700-000,7鄰,樂學路,,,,,,200號二十七樓,121.38729632062,25.0512470148492
桃園市龜山區長樂里7鄰樂學路200號二十八樓,68,6800700,6800700-000,7鄰,樂學路,,,,,,200號二十八樓,121.38729632062,25.0512470148492
桃園市龜山區長樂里7鄰樂學路200號二十九樓,68,6800700,6800700-000,7鄰,樂學路,,,,,,200號二十九樓,121.38729632062,25.0512470148492
桃園市龜山區長樂里7鄰樂學路202號十樓,68,6800700,6800700-000,7鄰,樂學路,,,,,,202號十樓,121.387364731645,25.0512238145852
桃園市龜山區長樂里7鄰樂學路202號二樓,68,6800700,6800700-000,7鄰,樂學路,,,,,,202號二樓,121.387364731645,25.0512238145852
桃園市龜山區長樂里7鄰樂學路202號三樓,68,6800700,6800700-000,7鄰,樂學路,,,,,,202號三樓,121.387364731645,25.0512238145852
桃園市龜山區長樂里7鄰樂學路202號四樓,68,6800700,6800700-000,7鄰,樂學路,,,,,,202號四樓,121.387364731645,25.0512238145852
桃園市龜山區長樂里7鄰樂學路202號五樓,68,6800700,6800700-000,7鄰,樂學路,,,,,,202號五樓,121.387364731645,25.0512238145852
桃園市龜山區長樂里7鄰樂學路202號六樓,68,6800700,6800700-000,7鄰,樂學路,,,,,,202號六樓,121.387364731645,25.0512238145852
桃園市龜山區長樂里7鄰樂學路202號七樓,68,6800700,6800700-000,7鄰,樂學路,,,,,,202號七樓,121.387364731645,25.0512238145852
桃園市龜山區長樂里7鄰樂學路202號八樓,68,6800700,6800700-000,7鄰,樂學路,,,,,,202號八樓,121.387364731645,25.0512238145852
桃園市龜山區長樂里7鄰樂學路202號九樓,68,6800700,6800700-000,7鄰,樂學路,,,,,,202號九樓,121.387364731645,25.0512238145852
桃園市龜山區長樂里7鄰樂學路202號十一樓,68,6800700,6800700-000,7鄰,樂學路,,,,,,202號十一樓,121.387364731645,25.0512238145852
桃園市龜山區長樂里7鄰樂學路202號十二樓,68,6800700,6800700-000,7鄰,樂學路,,,,,,202號十二樓,121.387364731645,25.0512238145852
桃園市龜山區長樂里7鄰樂學路202號十三樓,68,6800700,6800700-000,7鄰,樂學路,,,,,,202號十三樓,121.387364731645,25.0512238145852
桃園市龜山區長樂里7鄰樂學路202號十四樓,68,6800700,6800700-000,7鄰,樂學路,,,,,,202號十四樓,121.387364731645,25.0512238145852
桃園市龜山區長樂里7鄰樂學路202號十五樓,68,6800700,6800700-000,7鄰,樂學路,,,,,,202號十五樓,121.387364731645,25.0512238145852
桃園市龜山區長樂里7鄰樂學路202號十六樓,68,6800700,6800700-000,7鄰,樂學路,,,,,,202號十六樓,121.387364731645,25.0512238145852
桃園市龜山區長樂里7鄰樂學路202號十七樓,68,6800700,6800700-000,7鄰,樂學路,,,,,,202號十七樓,121.387364731645,25.0512238145852
桃園市龜山區長樂里7鄰樂學路202號十八樓,68,6800700,6800700-000,7鄰,樂學路,,,,,,202號十八樓,121.387364731645,25.0512238145852
桃園市龜山區長樂里7鄰樂學路202號十九樓,68,6800700,6800700-000,7鄰,樂學路,,,,,,202號十九樓,121.387364731645,25.0512238145852
桃園市龜山區長樂里7鄰樂學路202號二十樓,68,6800700,6800700-000,7鄰,樂學路,,,,,,202號二十樓,121.387364731645,25.0512238145852
桃園市龜山區長樂里7鄰樂學路202號二十一樓,68,6800700,6800700-000,7鄰,樂學路,,,,,,202號二十一樓,121.387364731645,25.0512238145852
桃園市龜山區長樂里7鄰樂學路202號二十二樓,68,6800700,6800700-000,7鄰,樂學路,,,,,,202號二十二樓,121.387364731645,25.0512238145852
桃園市龜山區長樂里7鄰樂學路202號二十三樓,68,6800700,6800700-000,7鄰,樂學路,,,,,,202號二十三樓,121.387364731645,25.0512238145852
桃園市龜山區長樂里7鄰樂學路202號二十四樓,68,6800700,6800700-000,7鄰,樂學路,,,,,,202號二十四樓,121.387364731645,25.0512238145852
桃園市龜山區長樂里7鄰樂學路202號二十五樓,68,6800700,6800700-000,7鄰,樂學路,,,,,,202號二十五樓,121.387364731645,25.0512238145852
桃園市龜山區長樂里7鄰樂學路202號二十六樓,68,6800700,6800700-000,7鄰,樂學路,,,,,,202號二十六樓,121.387364731645,25.0512238145852
桃園市龜山區長樂里7鄰樂學路202號二十七樓,68,6800700,6800700-000,7鄰,樂學路,,,,,,202號二十七樓,121.387364731645,25.0512238145852
桃園市龜山區長樂里7鄰樂學路202號二十八樓,68,6800700,6800700-000,7鄰,樂學路,,,,,,202號二十八樓,121.387364731645,25.0512238145852
桃園市龜山區長樂里7鄰樂學路202號二十九樓,68,6800700,6800700-000,7鄰,樂學路,,,,,,202號二十九樓,121.387364731645,25.0512238145852
桃園市龜山區長樂里7鄰樂學路206號十樓,68,6800700,6800700-000,7鄰,樂學路,,,,,,206號十樓,121.387310599521,25.0511547095444
桃園市龜山區長樂里7鄰樂學路206號二樓,68,6800700,6800700-000,7鄰,樂學路,,,,,,206號二樓,121.387310599521,25.0511547095444
桃園市龜山區長樂里7鄰樂學路206號三樓,68,6800700,6800700-000,7鄰,樂學路,,,,,,206號三樓,121.387310599521,25.0511547095444
桃園市龜山區長樂里7鄰樂學路206號四樓,68,6800700,6800700-000,7鄰,樂學路,,,,,,206號四樓,121.387310599521,25.0511547095444
桃園市龜山區長樂里7鄰樂學路206號五樓,68,6800700,6800700-000,7鄰,樂學路,,,,,,206號五樓,121.387310599521,25.0511547095444
桃園市龜山區長樂里7鄰樂學路206號六樓,68,6800700,6800700-000,7鄰,樂學路,,,,,,206號六樓,121.387310599521,25.0511547095444
桃園市龜山區長樂里7鄰樂學路206號七樓,68,6800700,6800700-000,7鄰,樂學路,,,,,,206號七樓,121.387310599521,25.0511547095444
桃園市龜山區長樂里7鄰樂學路206號八樓,68,6800700,6800700-000,7鄰,樂學路,,,,,,206號八樓,121.387310599521,25.0511547095444
桃園市龜山區長樂里7鄰樂學路206號九樓,68,6800700,6800700-000,7鄰,樂學路,,,,,,206號九樓,121.387310599521,25.0511547095444
桃園市龜山區長樂里7鄰樂學路206號十一樓,68,6800700,6800700-000,7鄰,樂學路,,,,,,206號十一樓,121.387310599521,25.0511547095444
桃園市龜山區長樂里7鄰樂學路206號十二樓,68,6800700,6800700-000,7鄰,樂學路,,,,,,206號十二樓,121.387310599521,25.0511547095444
桃園市龜山區長樂里7鄰樂學路206號十三樓,68,6800700,6800700-000,7鄰,樂學路,,,,,,206號十三樓,121.387310599521,25.0511547095444
桃園市龜山區長樂里7鄰樂學路206號十四樓,68,6800700,6800700-000,7鄰,樂學路,,,,,,206號十四樓,121.387310599521,25.0511547095444
桃園市龜山區長樂里7鄰樂學路206號十五樓,68,6800700,6800700-000,7鄰,樂學路,,,,,,206號十五樓,121.387310599521,25.0511547095444
桃園市龜山區長樂里7鄰樂學路206號十六樓,68,6800700,6800700-000,7鄰,樂學路,,,,,,206號十六樓,121.387310599521,25.0511547095444
桃園市龜山區長樂里7鄰樂學路206號十七樓,68,6800700,6800700-000,7鄰,樂學路,,,,,,206號十七樓,121.387310599521,25.0511547095444
桃園市龜山區長樂里7鄰樂學路206號十八樓,68,6800700,6800700-000,7鄰,樂學路,,,,,,206號十八樓,121.387310599521,25.0511547095444
桃園市龜山區長樂里7鄰樂學路206號十九樓,68,6800700,6800700-000,7鄰,樂學路,,,,,,206號十九樓,121.387310599521,25.0511547095444
桃園市龜山區長樂里7鄰樂學路206號二十樓,68,6800700,6800700-000,7鄰,樂學路,,,,,,206號二十樓,121.387310599521,25.0511547095444
桃園市龜山區長樂里7鄰樂學路206號二十一樓,68,6800700,6800700-000,7鄰,樂學路,,,,,,206號二十一樓,121.387310599521,25.0511547095444
桃園市龜山區長樂里7鄰樂學路206號二十二樓,68,6800700,6800700-000,7鄰,樂學路,,,,,,206號二十二樓,121.387310599521,25.0511547095444
桃園市龜山區長樂里7鄰樂學路206號二十三樓,68,6800700,6800700-000,7鄰,樂學路,,,,,,206號二十三樓,121.387310599521,25.0511547095444
桃園市龜山區長樂里7鄰樂學路206號二十四樓,68,6800700,6800700-000,7鄰,樂學路,,,,,,206號二十四樓,121.387310599521,25.0511547095444
桃園市龜山區長樂里7鄰樂學路206號二十五樓,68,6800700,6800700-000,7鄰,樂學路,,,,,,206號二十五樓,121.387310599521,25.0511547095444
桃園市龜山區長樂里7鄰樂學路206號二十六樓,68,6800700,6800700-000,7鄰,樂學路,,,,,,206號二十六樓,121.387310599521,25.0511547095444
桃園市龜山區長樂里7鄰樂學路206號二十七樓,68,6800700,6800700-000,7鄰,樂學路,,,,,,206號二十七樓,121.387310599521,25.0511547095444
桃園市龜山區長樂里7鄰樂學路206號二十八樓,68,6800700,6800700-000,7鄰,樂學路,,,,,,206號二十八樓,121.387310599521,25.0511547095444
桃園市龜山區長樂里7鄰樂學路206號二十九樓,68,6800700,6800700-000,7鄰,樂學路,,,,,,206號二十九樓,121.387310599521,25.0511547095444
桃園市龜山區長樂里7鄰樂學路208號十樓,68,6800700,6800700-000,7鄰,樂學路,,,,,,208號十樓,121.387264905777,25.0510900965769
桃園市龜山區長樂里7鄰樂學路208號二樓,68,6800700,6800700-000,7鄰,樂學路,,,,,,208號二樓,121.387264905777,25.0510900965769
桃園市龜山區長樂里7鄰樂學路208號三樓,68,6800700,6800700-000,7鄰,樂學路,,,,,,208號三樓,121.387264905777,25.0510900965769
桃園市龜山區長樂里7鄰樂學路208號四樓,68,6800700,6800700-000,7鄰,樂學路,,,,,,208號四樓,121.387264905777,25.0510900965769
桃園市龜山區長樂里7鄰樂學路208號五樓,68,6800700,6800700-000,7鄰,樂學路,,,,,,208號五樓,121.387264905777,25.0510900965769
桃園市龜山區長樂里7鄰樂學路208號六樓,68,6800700,6800700-000,7鄰,樂學路,,,,,,208號六樓,121.387264905777,25.0510900965769
桃園市龜山區長樂里7鄰樂學路208號七樓,68,6800700,6800700-000,7鄰,樂學路,,,,,,208號七樓,121.387264905777,25.0510900965769
桃園市龜山區長樂里7鄰樂學路208號八樓,68,6800700,6800700-000,7鄰,樂學路,,,,,,208號八樓,121.387264905777,25.0510900965769
桃園市龜山區長樂里7鄰樂學路208號九樓,68,6800700,6800700-000,7鄰,樂學路,,,,,,208號九樓,121.387264905777,25.0510900965769
桃園市龜山區長樂里7鄰樂學路208號十一樓,68,6800700,6800700-000,7鄰,樂學路,,,,,,208號十一樓,121.387264905777,25.0510900965769
桃園市龜山區長樂里7鄰樂學路208號十二樓,68,6800700,6800700-000,7鄰,樂學路,,,,,,208號十二樓,121.387264905777,25.0510900965769
桃園市龜山區長樂里7鄰樂學路208號十三樓,68,6800700,6800700-000,7鄰,樂學路,,,,,,208號十三樓,121.387264905777,25.0510900965769
桃園市龜山區長樂里7鄰樂學路208號十四樓,68,6800700,6800700-000,7鄰,樂學路,,,,,,208號十四樓,121.387264905777,25.0510900965769
桃園市龜山區長樂里7鄰樂學路208號十五樓,68,6800700,6800700-000,7鄰,樂學路,,,,,,208號十五樓,121.387264905777,25.0510900965769
桃園市龜山區長樂里7鄰樂學路208號十六樓,68,6800700,6800700-000,7鄰,樂學路,,,,,,208號十六樓,121.387264905777,25.0510900965769
桃園市龜山區長樂里7鄰樂學路208號十七樓,68,6800700,6800700-000,7鄰,樂學路,,,,,,208號十七樓,121.387264905777,25.0510900965769
桃園市龜山區長樂里7鄰樂學路208號十八樓,68,6800700,6800700-000,7鄰,樂學路,,,,,,208號十八樓,121.387264905777,25.0510900965769
桃園市龜山區長樂里7鄰樂學路208號十九樓,68,6800700,6800700-000,7鄰,樂學路,,,,,,208號十九樓,121.387264905777,25.0510900965769
桃園市龜山區長樂里7鄰樂學路208號二十樓,68,6800700,6800700-000,7鄰,樂學路,,,,,,208號二十樓,121.387264905777,25.0510900965769
桃園市龜山區長樂里7鄰樂學路208號二十一樓,68,6800700,6800700-000,7鄰,樂學路,,,,,,208號二十一樓,121.387264905777,25.0510900965769
桃園市龜山區長樂里7鄰樂學路208號二十二樓,68,6800700,6800700-000,7鄰,樂學路,,,,,,208號二十二樓,121.387264905777,25.0510900965769
桃園市龜山區長樂里7鄰樂學路208號二十三樓,68,6800700,6800700-000,7鄰,樂學路,,,,,,208號二十三樓,121.387264905777,25.0510900965769
桃園市龜山區長樂里7鄰樂學路208號二十四樓,68,6800700,6800700-000,7鄰,樂學路,,,,,,208號二十四樓,121.387264905777,25.0510900965769
桃園市龜山區長樂里7鄰樂學路208號二十五樓,68,6800700,6800700-000,7鄰,樂學路,,,,,,208號二十五樓,121.387264905777,25.0510900965769
桃園市龜山區長樂里7鄰樂學路208號二十六樓,68,6800700,6800700-000,7鄰,樂學路,,,,,,208號二十六樓,121.387264905777,25.0510900965769
桃園市龜山區長樂里7鄰樂學路208號二十七樓,68,6800700,6800700-000,7鄰,樂學路,,,,,,208號二十七樓,121.387264905777,25.0510900965769
桃園市龜山區長樂里7鄰樂學路208號二十八樓,68,6800700,6800700-000,7鄰,樂學路,,,,,,208號二十八樓,121.387264905777,25.0510900965769
桃園市龜山區長樂里7鄰樂學路208號二十九樓,68,6800700,6800700-000,7鄰,樂學路,,,,,,208號二十九樓,121.387264905777,25.0510900965769
桃園市龜山區長樂里7鄰樂學路210號十樓,68,6800700,6800700-000,7鄰,樂學路,,,,,,210號十樓,121.387236456778,25.0510254386396
桃園市龜山區長樂里7鄰樂學路210號二樓,68,6800700,6800700-000,7鄰,樂學路,,,,,,210號二樓,121.387236456778,25.0510254386396
桃園市龜山區長樂里7鄰樂學路210號三樓,68,6800700,6800700-000,7鄰,樂學路,,,,,,210號三樓,121.387236456778,25.0510254386396
桃園市龜山區長樂里7鄰樂學路210號四樓,68,6800700,6800700-000,7鄰,樂學路,,,,,,210號四樓,121.387236456778,25.0510254386396
桃園市龜山區長樂里7鄰樂學路210號五樓,68,6800700,6800700-000,7鄰,樂學路,,,,,,210號五樓,121.387236456778,25.0510254386396
桃園市龜山區長樂里7鄰樂學路210號六樓,68,6800700,6800700-000,7鄰,樂學路,,,,,,210號六樓,121.387236456778,25.0510254386396
桃園市龜山區長樂里7鄰樂學路210號七樓,68,6800700,6800700-000,7鄰,樂學路,,,,,,210號七樓,121.387236456778,25.0510254386396
桃園市龜山區長樂里7鄰樂學路210號八樓,68,6800700,6800700-000,7鄰,樂學路,,,,,,210號八樓,121.387236456778,25.0510254386396
桃園市龜山區長樂里7鄰樂學路210號九樓,68,6800700,6800700-000,7鄰,樂學路,,,,,,210號九樓,121.387236456778,25.0510254386396
桃園市龜山區長樂里7鄰樂學路210號十一樓,68,6800700,6800700-000,7鄰,樂學路,,,,,,210號十一樓,121.387236456778,25.0510254386396
桃園市龜山區長樂里7鄰樂學路210號十二樓,68,6800700,6800700-000,7鄰,樂學路,,,,,,210號十二樓,121.387236456778,25.0510254386396
桃園市龜山區長樂里7鄰樂學路210號十三樓,68,6800700,6800700-000,7鄰,樂學路,,,,,,210號十三樓,121.387236456778,25.0510254386396
桃園市龜山區長樂里7鄰樂學路210號十四樓,68,6800700,6800700-000,7鄰,樂學路,,,,,,210號十四樓,121.387236456778,25.0510254386396
桃園市龜山區長樂里7鄰樂學路210號十五樓,68,6800700,6800700-000,7鄰,樂學路,,,,,,210號十五樓,121.387236456778,25.0510254386396
桃園市龜山區長樂里7鄰樂學路210號十六樓,68,6800700,6800700-000,7鄰,樂學路,,,,,,210號十六樓,121.387236456778,25.0510254386396
桃園市龜山區長樂里7鄰樂學路210號十七樓,68,6800700,6800700-000,7鄰,樂學路,,,,,,210號十七樓,121.387236456778,25.0510254386396
桃園市龜山區長樂里7鄰樂學路210號十八樓,68,6800700,6800700-000,7鄰,樂學路,,,,,,210號十八樓,121.387236456778,25.0510254386396
桃園市龜山區長樂里7鄰樂學路210號十九樓,68,6800700,6800700-000,7鄰,樂學路,,,,,,210號十九樓,121.387236456778,25.0510254386396
桃園市龜山區長樂里7鄰樂學路210號二十樓,68,6800700,6800700-000,7鄰,樂學路,,,,,,210號二十樓,121.387236456778,25.0510254386396
桃園市龜山區長樂里7鄰樂學路210號二十一樓,68,6800700,6800700-000,7鄰,樂學路,,,,,,210號二十一樓,121.387236456778,25.0510254386396
桃園市龜山區長樂里7鄰樂學路210號二十二樓,68,6800700,6800700-000,7鄰,樂學路,,,,,,210號二十二樓,121.387236456778,25.0510254386396
桃園市龜山區長樂里7鄰樂學路210號二十三樓,68,6800700,6800700-000,7鄰,樂學路,,,,,,210號二十三樓,121.387236456778,25.0510254386396
桃園市龜山區長樂里7鄰樂學路210號二十四樓,68,6800700,6800700-000,7鄰,樂學路,,,,,,210號二十四樓,121.387236456778,25.0510254386396
桃園市龜山區長樂里7鄰樂學路210號二十五樓,68,6800700,6800700-000,7鄰,樂學路,,,,,,210號二十五樓,121.387236456778,25.0510254386396
桃園市龜山區長樂里7鄰樂學路210號二十六樓,68,6800700,6800700-000,7鄰,樂學路,,,,,,210號二十六樓,121.387236456778,25.0510254386396
桃園市龜山區長樂里7鄰樂學路210號二十七樓,68,6800700,6800700-000,7鄰,樂學路,,,,,,210號二十七樓,121.387236456778,25.0510254386396
桃園市龜山區長樂里7鄰樂學路210號二十八樓,68,6800700,6800700-000,7鄰,樂學路,,,,,,210號二十八樓,121.387236456778,25.0510254386396
桃園市龜山區長樂里7鄰樂學路210號二十九樓,68,6800700,6800700-000,7鄰,樂學路,,,,,,210號二十九樓,121.387236456778,25.0510254386396
桃園市龜山區長樂里1鄰樂學路268之8號,68,6800700,6800700-000,1鄰,樂學路,,,,,,268之8號,121.387318497871,25.0526589653723
桃園市龜山區長樂里11鄰樂學路470號,68,6800700,6800700-000,11鄰,樂學路,,,,,,470號,121.383453649047,25.0528593975421
桃園市龜山區長樂里11鄰樂學路470號十樓之1,68,6800700,6800700-000,11鄰,樂學路,,,,,,470號十樓之1,121.383453649047,25.0528593975421
桃園市龜山區長樂里11鄰樂學路470號十樓之2,68,6800700,6800700-000,11鄰,樂學路,,,,,,470號十樓之2,121.383453649047,25.0528593975421
桃園市龜山區長樂里11鄰樂學路470號二樓之1,68,6800700,6800700-000,11鄰,樂學路,,,,,,470號二樓之1,121.383453649047,25.0528593975421
桃園市龜山區長樂里11鄰樂學路470號二樓之2,68,6800700,6800700-000,11鄰,樂學路,,,,,,470號二樓之2,121.383453649047,25.0528593975421
桃園市龜山區長樂里11鄰樂學路470號三樓之1,68,6800700,6800700-000,11鄰,樂學路,,,,,,470號三樓之1,121.383453649047,25.0528593975421
桃園市龜山區長樂里11鄰樂學路470號三樓之2,68,6800700,6800700-000,11鄰,樂學路,,,,,,470號三樓之2,121.383453649047,25.0528593975421
桃園市龜山區長樂里11鄰樂學路470號四樓之1,68,6800700,6800700-000,11鄰,樂學路,,,,,,470號四樓之1,121.383453649047,25.0528593975421
桃園市龜山區長樂里11鄰樂學路470號四樓之2,68,6800700,6800700-000,11鄰,樂學路,,,,,,470號四樓之2,121.383453649047,25.0528593975421
桃園市龜山區長樂里11鄰樂學路470號五樓之1,68,6800700,6800700-000,11鄰,樂學路,,,,,,470號五樓之1,121.383453649047,25.0528593975421
桃園市龜山區長樂里11鄰樂學路470號五樓之2,68,6800700,6800700-000,11鄰,樂學路,,,,,,470號五樓之2,121.383453649047,25.0528593975421
桃園市龜山區長樂里11鄰樂學路470號六樓之1,68,6800700,6800700-000,11鄰,樂學路,,,,,,470號六樓之1,121.383453649047,25.0528593975421
桃園市龜山區長樂里11鄰樂學路470號六樓之2,68,6800700,6800700-000,11鄰,樂學路,,,,,,470號六樓之2,121.383453649047,25.0528593975421
桃園市龜山區長樂里11鄰樂學路470號七樓之1,68,6800700,6800700-000,11鄰,樂學路,,,,,,470號七樓之1,121.383453649047,25.0528593975421
桃園市龜山區長樂里11鄰樂學路470號七樓之2,68,6800700,6800700-000,11鄰,樂學路,,,,,,470號七樓之2,121.383453649047,25.0528593975421
桃園市龜山區長樂里11鄰樂學路470號八樓之1,68,6800700,6800700-000,11鄰,樂學路,,,,,,470號八樓之1,121.383453649047,25.0528593975421
桃園市龜山區長樂里11鄰樂學路470號八樓之2,68,6800700,6800700-000,11鄰,樂學路,,,,,,470號八樓之2,121.383453649047,25.0528593975421
桃園市龜山區長樂里11鄰樂學路470號九樓之1,68,6800700,6800700-000,11鄰,樂學路,,,,,,470號九樓之1,121.383453649047,25.0528593975421
桃園市龜山區長樂里11鄰樂學路470號九樓之2,68,6800700,6800700-000,11鄰,樂學路,,,,,,470號九樓之2,121.383453649047,25.0528593975421
桃園市龜山區長樂里11鄰樂學路470號十一樓之1,68,6800700,6800700-000,11鄰,樂學路,,,,,,470號十一樓之1,121.383453649047,25.0528593975421
桃園市龜山區長樂里11鄰樂學路470號十一樓之2,68,6800700,6800700-000,11鄰,樂學路,,,,,,470號十一樓之2,121.383453649047,25.0528593975421
桃園市龜山區長樂里11鄰樂學路470號十二樓之1,68,6800700,6800700-000,11鄰,樂學路,,,,,,470號十二樓之1,121.383453649047,25.0528593975421
桃園市龜山區長樂里11鄰樂學路470號十二樓之2,68,6800700,6800700-000,11鄰,樂學路,,,,,,470號十二樓之2,121.383453649047,25.0528593975421
桃園市龜山區長樂里11鄰樂學路470號十三樓之1,68,6800700,6800700-000,11鄰,樂學路,,,,,,470號十三樓之1,121.383453649047,25.0528593975421
桃園市龜山區長樂里11鄰樂學路470號十三樓之2,68,6800700,6800700-000,11鄰,樂學路,,,,,,470號十三樓之2,121.383453649047,25.0528593975421
桃園市龜山區長樂里11鄰樂學路470號十四樓之1,68,6800700,6800700-000,11鄰,樂學路,,,,,,470號十四樓之1,121.383453649047,25.0528593975421
桃園市龜山區長樂里11鄰樂學路470號十四樓之2,68,6800700,6800700-000,11鄰,樂學路,,,,,,470號十四樓之2,121.383453649047,25.0528593975421
桃園市龜山區長樂里11鄰樂學路470號十五樓之1,68,6800700,6800700-000,11鄰,樂學路,,,,,,470號十五樓之1,121.383453649047,25.0528593975421
桃園市龜山區長樂里11鄰樂學路470號十五樓之2,68,6800700,6800700-000,11鄰,樂學路,,,,,,470號十五樓之2,121.383453649047,25.0528593975421
桃園市龜山區長樂里11鄰樂學路472號,68,6800700,6800700-000,11鄰,樂學路,,,,,,472號,121.383397845411,25.0529215652448
桃園市龜山區長樂里11鄰樂學路476號十樓之1,68,6800700,6800700-000,11鄰,樂學路,,,,,,476號十樓之1,121.383636042033,25.0530285662129
桃園市龜山區長樂里11鄰樂學路476號十樓之2,68,6800700,6800700-000,11鄰,樂學路,,,,,,476號十樓之2,121.383636042033,25.0530285662129
桃園市龜山區長樂里11鄰樂學路476號十樓之3,68,6800700,6800700-000,11鄰,樂學路,,,,,,476號十樓之3,121.383636042033,25.0530285662129
桃園市龜山區長樂里11鄰樂學路476號二樓之2,68,6800700,6800700-000,11鄰,樂學路,,,,,,476號二樓之2,121.383636042033,25.0530285662129
桃園市龜山區長樂里11鄰樂學路476號二樓之3,68,6800700,6800700-000,11鄰,樂學路,,,,,,476號二樓之3,121.383636042033,25.0530285662129
桃園市龜山區長樂里11鄰樂學路476號三樓之1,68,6800700,6800700-000,11鄰,樂學路,,,,,,476號三樓之1,121.383636042033,25.0530285662129
桃園市龜山區長樂里11鄰樂學路476號三樓之2,68,6800700,6800700-000,11鄰,樂學路,,,,,,476號三樓之2,121.383636042033,25.0530285662129
桃園市龜山區長樂里11鄰樂學路476號三樓之3,68,6800700,6800700-000,11鄰,樂學路,,,,,,476號三樓之3,121.383636042033,25.0530285662129
桃園市龜山區長樂里11鄰樂學路476號四樓之1,68,6800700,6800700-000,11鄰,樂學路,,,,,,476號四樓之1,121.383636042033,25.0530285662129
桃園市龜山區長樂里11鄰樂學路476號四樓之2,68,6800700,6800700-000,11鄰,樂學路,,,,,,476號四樓之2,121.383636042033,25.0530285662129
桃園市龜山區長樂里11鄰樂學路476號四樓之3,68,6800700,6800700-000,11鄰,樂學路,,,,,,476號四樓之3,121.383636042033,25.0530285662129
桃園市龜山區長樂里11鄰樂學路476號五樓之1,68,6800700,6800700-000,11鄰,樂學路,,,,,,476號五樓之1,121.383636042033,25.0530285662129
桃園市龜山區長樂里11鄰樂學路476號五樓之2,68,6800700,6800700-000,11鄰,樂學路,,,,,,476號五樓之2,121.383636042033,25.0530285662129
桃園市龜山區長樂里11鄰樂學路476號五樓之3,68,6800700,6800700-000,11鄰,樂學路,,,,,,476號五樓之3,121.383636042033,25.0530285662129
桃園市龜山區長樂里11鄰樂學路476號六樓之1,68,6800700,6800700-000,11鄰,樂學路,,,,,,476號六樓之1,121.383636042033,25.0530285662129
桃園市龜山區長樂里11鄰樂學路476號六樓之2,68,6800700,6800700-000,11鄰,樂學路,,,,,,476號六樓之2,121.383636042033,25.0530285662129
桃園市龜山區長樂里11鄰樂學路476號六樓之3,68,6800700,6800700-000,11鄰,樂學路,,,,,,476號六樓之3,121.383636042033,25.0530285662129
桃園市龜山區長樂里11鄰樂學路476號七樓之1,68,6800700,6800700-000,11鄰,樂學路,,,,,,476號七樓之1,121.383636042033,25.0530285662129
桃園市龜山區長樂里11鄰樂學路476號七樓之2,68,6800700,6800700-000,11鄰,樂學路,,,,,,476號七樓之2,121.383636042033,25.0530285662129
桃園市龜山區長樂里11鄰樂學路476號七樓之3,68,6800700,6800700-000,11鄰,樂學路,,,,,,476號七樓之3,121.383636042033,25.0530285662129
桃園市龜山區長樂里11鄰樂學路476號八樓之1,68,6800700,6800700-000,11鄰,樂學路,,,,,,476號八樓之1,121.383636042033,25.0530285662129
桃園市龜山區長樂里11鄰樂學路476號八樓之2,68,6800700,6800700-000,11鄰,樂學路,,,,,,476號八樓之2,121.383636042033,25.0530285662129
桃園市龜山區長樂里11鄰樂學路476號八樓之3,68,6800700,6800700-000,11鄰,樂學路,,,,,,476號八樓之3,121.383636042033,25.0530285662129
桃園市龜山區長樂里11鄰樂學路476號九樓之1,68,6800700,6800700-000,11鄰,樂學路,,,,,,476號九樓之1,121.383636042033,25.0530285662129
桃園市龜山區長樂里11鄰樂學路476號九樓之2,68,6800700,6800700-000,11鄰,樂學路,,,,,,476號九樓之2,121.383636042033,25.0530285662129
桃園市龜山區長樂里11鄰樂學路476號九樓之3,68,6800700,6800700-000,11鄰,樂學路,,,,,,476號九樓之3,121.383636042033,25.0530285662129
桃園市龜山區長樂里11鄰樂學路476號十一樓之1,68,6800700,6800700-000,11鄰,樂學路,,,,,,476號十一樓之1,121.383636042033,25.0530285662129
桃園市龜山區長樂里11鄰樂學路476號十一樓之2,68,6800700,6800700-000,11鄰,樂學路,,,,,,476號十一樓之2,121.383636042033,25.0530285662129
桃園市龜山區長樂里11鄰樂學路476號十一樓之3,68,6800700,6800700-000,11鄰,樂學路,,,,,,476號十一樓之3,121.383636042033,25.0530285662129
桃園市龜山區長樂里11鄰樂學路476號十二樓之1,68,6800700,6800700-000,11鄰,樂學路,,,,,,476號十二樓之1,121.383636042033,25.0530285662129
桃園市龜山區長樂里11鄰樂學路476號十二樓之2,68,6800700,6800700-000,11鄰,樂學路,,,,,,476號十二樓之2,121.383636042033,25.0530285662129
桃園市龜山區長樂里11鄰樂學路476號十二樓之3,68,6800700,6800700-000,11鄰,樂學路,,,,,,476號十二樓之3,121.383636042033,25.0530285662129
桃園市龜山區長樂里11鄰樂學路476號十三樓之1,68,6800700,6800700-000,11鄰,樂學路,,,,,,476號十三樓之1,121.383636042033,25.0530285662129
桃園市龜山區長樂里11鄰樂學路476號十三樓之2,68,6800700,6800700-000,11鄰,樂學路,,,,,,476號十三樓之2,121.383636042033,25.0530285662129
桃園市龜山區長樂里11鄰樂學路476號十三樓之3,68,6800700,6800700-000,11鄰,樂學路,,,,,,476號十三樓之3,121.383636042033,25.0530285662129
桃園市龜山區長樂里11鄰樂學路476號十四樓之1,68,6800700,6800700-000,11鄰,樂學路,,,,,,476號十四樓之1,121.383636042033,25.0530285662129
桃園市龜山區長樂里11鄰樂學路476號十四樓之2,68,6800700,6800700-000,11鄰,樂學路,,,,,,476號十四樓之2,121.383636042033,25.0530285662129
桃園市龜山區長樂里11鄰樂學路476號十四樓之3,68,6800700,6800700-000,11鄰,樂學路,,,,,,476號十四樓之3,121.383636042033,25.0530285662129
桃園市龜山區長樂里11鄰樂學路476號十五樓之1,68,6800700,6800700-000,11鄰,樂學路,,,,,,476號十五樓之1,121.383636042033,25.0530285662129
桃園市龜山區長樂里11鄰樂學路476號十五樓之3,68,6800700,6800700-000,11鄰,樂學路,,,,,,476號十五樓之3,121.383636042033,25.0530285662129
桃園市龜山區長樂里11鄰樂學路478號十樓之1,68,6800700,6800700-000,11鄰,樂學路,,,,,,478號十樓之1,121.38338284936,25.0533259764769
桃園市龜山區長樂里11鄰樂學路478號十樓之2,68,6800700,6800700-000,11鄰,樂學路,,,,,,478號十樓之2,121.38338284936,25.0533259764769
桃園市龜山區長樂里11鄰樂學路478號十樓之3,68,6800700,6800700-000,11鄰,樂學路,,,,,,478號十樓之3,121.38338284936,25.0533259764769
桃園市龜山區長樂里11鄰樂學路478號二樓之1,68,6800700,6800700-000,11鄰,樂學路,,,,,,478號二樓之1,121.38338284936,25.0533259764769
桃園市龜山區長樂里11鄰樂學路478號二樓之2,68,6800700,6800700-000,11鄰,樂學路,,,,,,478號二樓之2,121.38338284936,25.0533259764769
桃園市龜山區長樂里11鄰樂學路478號二樓之3,68,6800700,6800700-000,11鄰,樂學路,,,,,,478號二樓之3,121.38338284936,25.0533259764769
桃園市龜山區長樂里11鄰樂學路478號三樓之1,68,6800700,6800700-000,11鄰,樂學路,,,,,,478號三樓之1,121.38338284936,25.0533259764769
桃園市龜山區長樂里11鄰樂學路478號三樓之2,68,6800700,6800700-000,11鄰,樂學路,,,,,,478號三樓之2,121.38338284936,25.0533259764769
桃園市龜山區長樂里11鄰樂學路478號三樓之3,68,6800700,6800700-000,11鄰,樂學路,,,,,,478號三樓之3,121.38338284936,25.0533259764769
桃園市龜山區長樂里11鄰樂學路478號四樓之1,68,6800700,6800700-000,11鄰,樂學路,,,,,,478號四樓之1,121.38338284936,25.0533259764769
桃園市龜山區長樂里11鄰樂學路478號四樓之2,68,6800700,6800700-000,11鄰,樂學路,,,,,,478號四樓之2,121.38338284936,25.0533259764769
桃園市龜山區長樂里11鄰樂學路478號四樓之3,68,6800700,6800700-000,11鄰,樂學路,,,,,,478號四樓之3,121.38338284936,25.0533259764769
桃園市龜山區長樂里11鄰樂學路478號五樓之1,68,6800700,6800700-000,11鄰,樂學路,,,,,,478號五樓之1,121.38338284936,25.0533259764769
桃園市龜山區長樂里11鄰樂學路478號五樓之2,68,6800700,6800700-000,11鄰,樂學路,,,,,,478號五樓之2,121.38338284936,25.0533259764769
桃園市龜山區長樂里11鄰樂學路478號五樓之3,68,6800700,6800700-000,11鄰,樂學路,,,,,,478號五樓之3,121.38338284936,25.0533259764769
桃園市龜山區長樂里11鄰樂學路478號六樓之1,68,6800700,6800700-000,11鄰,樂學路,,,,,,478號六樓之1,121.38338284936,25.0533259764769
桃園市龜山區長樂里11鄰樂學路478號六樓之2,68,6800700,6800700-000,11鄰,樂學路,,,,,,478號六樓之2,121.38338284936,25.0533259764769
桃園市龜山區長樂里11鄰樂學路478號六樓之3,68,6800700,6800700-000,11鄰,樂學路,,,,,,478號六樓之3,121.38338284936,25.0533259764769
桃園市龜山區長樂里11鄰樂學路478號七樓之1,68,6800700,6800700-000,11鄰,樂學路,,,,,,478號七樓之1,121.38338284936,25.0533259764769
桃園市龜山區長樂里11鄰樂學路478號七樓之2,68,6800700,6800700-000,11鄰,樂學路,,,,,,478號七樓之2,121.38338284936,25.0533259764769
桃園市龜山區長樂里11鄰樂學路478號七樓之3,68,6800700,6800700-000,11鄰,樂學路,,,,,,478號七樓之3,121.38338284936,25.0533259764769
桃園市龜山區長樂里11鄰樂學路478號八樓之1,68,6800700,6800700-000,11鄰,樂學路,,,,,,478號八樓之1,121.38338284936,25.0533259764769
桃園市龜山區長樂里11鄰樂學路478號八樓之2,68,6800700,6800700-000,11鄰,樂學路,,,,,,478號八樓之2,121.38338284936,25.0533259764769
桃園市龜山區長樂里11鄰樂學路478號八樓之3,68,6800700,6800700-000,11鄰,樂學路,,,,,,478號八樓之3,121.38338284936,25.0533259764769
桃園市龜山區長樂里11鄰樂學路478號九樓之1,68,6800700,6800700-000,11鄰,樂學路,,,,,,478號九樓之1,121.38338284936,25.0533259764769
桃園市龜山區長樂里11鄰樂學路478號九樓之2,68,6800700,6800700-000,11鄰,樂學路,,,,,,478號九樓之2,121.38338284936,25.0533259764769
桃園市龜山區長樂里11鄰樂學路478號九樓之3,68,6800700,6800700-000,11鄰,樂學路,,,,,,478號九樓之3,121.38338284936,25.0533259764769
桃園市龜山區長樂里11鄰樂學路478號十一樓之1,68,6800700,6800700-000,11鄰,樂學路,,,,,,478號十一樓之1,121.38338284936,25.0533259764769
桃園市龜山區長樂里11鄰樂學路478號十一樓之2,68,6800700,6800700-000,11鄰,樂學路,,,,,,478號十一樓之2,121.38338284936,25.0533259764769
桃園市龜山區長樂里11鄰樂學路478號十一樓之3,68,6800700,6800700-000,11鄰,樂學路,,,,,,478號十一樓之3,121.38338284936,25.0533259764769
桃園市龜山區長樂里11鄰樂學路478號十二樓之1,68,6800700,6800700-000,11鄰,樂學路,,,,,,478號十二樓之1,121.38338284936,25.0533259764769
桃園市龜山區長樂里11鄰樂學路478號十二樓之2,68,6800700,6800700-000,11鄰,樂學路,,,,,,478號十二樓之2,121.38338284936,25.0533259764769
桃園市龜山區長樂里11鄰樂學路478號十二樓之3,68,6800700,6800700-000,11鄰,樂學路,,,,,,478號十二樓之3,121.38338284936,25.0533259764769
桃園市龜山區長樂里11鄰樂學路478號十三樓之1,68,6800700,6800700-000,11鄰,樂學路,,,,,,478號十三樓之1,121.38338284936,25.0533259764769
桃園市龜山區長樂里11鄰樂學路478號十三樓之2,68,6800700,6800700-000,11鄰,樂學路,,,,,,478號十三樓之2,121.38338284936,25.0533259764769
桃園市龜山區長樂里11鄰樂學路478號十三樓之3,68,6800700,6800700-000,11鄰,樂學路,,,,,,478號十三樓之3,121.38338284936,25.0533259764769
桃園市龜山區長樂里11鄰樂學路478號十四樓之1,68,6800700,6800700-000,11鄰,樂學路,,,,,,478號十四樓之1,121.38338284936,25.0533259764769
桃園市龜山區長樂里11鄰樂學路478號十四樓之3,68,6800700,6800700-000,11鄰,樂學路,,,,,,478號十四樓之3,121.38338284936,25.0533259764769
桃園市龜山區長樂里11鄰樂學路480號,68,6800700,6800700-000,11鄰,樂學路,,,,,,480號,121.383282010528,25.0530887953885
桃園市龜山區長樂里11鄰樂學路480號十樓之1,68,6800700,6800700-000,11鄰,樂學路,,,,,,480號十樓之1,121.383282010528,25.0530887953885
桃園市龜山區長樂里11鄰樂學路480號十樓之2,68,6800700,6800700-000,11鄰,樂學路,,,,,,480號十樓之2,121.383282010528,25.0530887953885
桃園市龜山區長樂里11鄰樂學路480號十樓之3,68,6800700,6800700-000,11鄰,樂學路,,,,,,480號十樓之3,121.383282010528,25.0530887953885
桃園市龜山區長樂里11鄰樂學路480號十樓之5,68,6800700,6800700-000,11鄰,樂學路,,,,,,480號十樓之5,121.383282010528,25.0530887953885
桃園市龜山區長樂里11鄰樂學路480號二樓之1,68,6800700,6800700-000,11鄰,樂學路,,,,,,480號二樓之1,121.383282010528,25.0530887953885
桃園市龜山區長樂里11鄰樂學路480號二樓之2,68,6800700,6800700-000,11鄰,樂學路,,,,,,480號二樓之2,121.383282010528,25.0530887953885
桃園市龜山區長樂里11鄰樂學路480號二樓之3,68,6800700,6800700-000,11鄰,樂學路,,,,,,480號二樓之3,121.383282010528,25.0530887953885
桃園市龜山區長樂里11鄰樂學路480號二樓之5,68,6800700,6800700-000,11鄰,樂學路,,,,,,480號二樓之5,121.383282010528,25.0530887953885
桃園市龜山區長樂里11鄰樂學路480號三樓之1,68,6800700,6800700-000,11鄰,樂學路,,,,,,480號三樓之1,121.383282010528,25.0530887953885
桃園市龜山區長樂里11鄰樂學路480號三樓之2,68,6800700,6800700-000,11鄰,樂學路,,,,,,480號三樓之2,121.383282010528,25.0530887953885
桃園市龜山區長樂里11鄰樂學路480號三樓之3,68,6800700,6800700-000,11鄰,樂學路,,,,,,480號三樓之3,121.383282010528,25.0530887953885
桃園市龜山區長樂里11鄰樂學路480號三樓之5,68,6800700,6800700-000,11鄰,樂學路,,,,,,480號三樓之5,121.383282010528,25.0530887953885
桃園市龜山區長樂里11鄰樂學路480號四樓之1,68,6800700,6800700-000,11鄰,樂學路,,,,,,480號四樓之1,121.383282010528,25.0530887953885
桃園市龜山區長樂里11鄰樂學路480號四樓之2,68,6800700,6800700-000,11鄰,樂學路,,,,,,480號四樓之2,121.383282010528,25.0530887953885
桃園市龜山區長樂里11鄰樂學路480號四樓之3,68,6800700,6800700-000,11鄰,樂學路,,,,,,480號四樓之3,121.383282010528,25.0530887953885
桃園市龜山區長樂里11鄰樂學路480號四樓之5,68,6800700,6800700-000,11鄰,樂學路,,,,,,480號四樓之5,121.383282010528,25.0530887953885
桃園市龜山區長樂里11鄰樂學路480號五樓之1,68,6800700,6800700-000,11鄰,樂學路,,,,,,480號五樓之1,121.383282010528,25.0530887953885
桃園市龜山區長樂里11鄰樂學路480號五樓之2,68,6800700,6800700-000,11鄰,樂學路,,,,,,480號五樓之2,121.383282010528,25.0530887953885
桃園市龜山區長樂里11鄰樂學路480號五樓之3,68,6800700,6800700-000,11鄰,樂學路,,,,,,480號五樓之3,121.383282010528,25.0530887953885
桃園市龜山區長樂里11鄰樂學路480號五樓之5,68,6800700,6800700-000,11鄰,樂學路,,,,,,480號五樓之5,121.383282010528,25.0530887953885
桃園市龜山區長樂里11鄰樂學路480號六樓之1,68,6800700,6800700-000,11鄰,樂學路,,,,,,480號六樓之1,121.383282010528,25.0530887953885
桃園市龜山區長樂里11鄰樂學路480號六樓之2,68,6800700,6800700-000,11鄰,樂學路,,,,,,480號六樓之2,121.383282010528,25.0530887953885
桃園市龜山區長樂里11鄰樂學路480號六樓之3,68,6800700,6800700-000,11鄰,樂學路,,,,,,480號六樓之3,121.383282010528,25.0530887953885
桃園市龜山區長樂里11鄰樂學路480號六樓之5,68,6800700,6800700-000,11鄰,樂學路,,,,,,480號六樓之5,121.383282010528,25.0530887953885
桃園市龜山區長樂里11鄰樂學路480號七樓之1,68,6800700,6800700-000,11鄰,樂學路,,,,,,480號七樓之1,121.383282010528,25.0530887953885
桃園市龜山區長樂里11鄰樂學路480號七樓之2,68,6800700,6800700-000,11鄰,樂學路,,,,,,480號七樓之2,121.383282010528,25.0530887953885
桃園市龜山區長樂里11鄰樂學路480號七樓之3,68,6800700,6800700-000,11鄰,樂學路,,,,,,480號七樓之3,121.383282010528,25.0530887953885
桃園市龜山區長樂里11鄰樂學路480號七樓之5,68,6800700,6800700-000,11鄰,樂學路,,,,,,480號七樓之5,121.383282010528,25.0530887953885
桃園市龜山區長樂里11鄰樂學路480號八樓之1,68,6800700,6800700-000,11鄰,樂學路,,,,,,480號八樓之1,121.383282010528,25.0530887953885
桃園市龜山區長樂里11鄰樂學路480號八樓之2,68,6800700,6800700-000,11鄰,樂學路,,,,,,480號八樓之2,121.383282010528,25.0530887953885
桃園市龜山區長樂里11鄰樂學路480號八樓之3,68,6800700,6800700-000,11鄰,樂學路,,,,,,480號八樓之3,121.383282010528,25.0530887953885
桃園市龜山區長樂里11鄰樂學路480號八樓之5,68,6800700,6800700-000,11鄰,樂學路,,,,,,480號八樓之5,121.383282010528,25.0530887953885
桃園市龜山區長樂里11鄰樂學路480號九樓之1,68,6800700,6800700-000,11鄰,樂學路,,,,,,480號九樓之1,121.383282010528,25.0530887953885
桃園市龜山區長樂里11鄰樂學路480號九樓之2,68,6800700,6800700-000,11鄰,樂學路,,,,,,480號九樓之2,121.383282010528,25.0530887953885
桃園市龜山區長樂里11鄰樂學路480號九樓之3,68,6800700,6800700-000,11鄰,樂學路,,,,,,480號九樓之3,121.383282010528,25.0530887953885
桃園市龜山區長樂里11鄰樂學路480號九樓之5,68,6800700,6800700-000,11鄰,樂學路,,,,,,480號九樓之5,121.383282010528,25.0530887953885
桃園市龜山區長樂里11鄰樂學路480號十一樓之1,68,6800700,6800700-000,11鄰,樂學路,,,,,,480號十一樓之1,121.383282010528,25.0530887953885
桃園市龜山區長樂里11鄰樂學路480號十一樓之2,68,6800700,6800700-000,11鄰,樂學路,,,,,,480號十一樓之2,121.383282010528,25.0530887953885
桃園市龜山區長樂里11鄰樂學路480號十一樓之3,68,6800700,6800700-000,11鄰,樂學路,,,,,,480號十一樓之3,121.383282010528,25.0530887953885
桃園市龜山區長樂里11鄰樂學路480號十一樓之5,68,6800700,6800700-000,11鄰,樂學路,,,,,,480號十一樓之5,121.383282010528,25.0530887953885
桃園市龜山區長樂里11鄰樂學路480號十二樓之1,68,6800700,6800700-000,11鄰,樂學路,,,,,,480號十二樓之1,121.383282010528,25.0530887953885
桃園市龜山區長樂里11鄰樂學路480號十二樓之2,68,6800700,6800700-000,11鄰,樂學路,,,,,,480號十二樓之2,121.383282010528,25.0530887953885
桃園市龜山區長樂里11鄰樂學路480號十二樓之3,68,6800700,6800700-000,11鄰,樂學路,,,,,,480號十二樓之3,121.383282010528,25.0530887953885
桃園市龜山區長樂里11鄰樂學路480號十二樓之5,68,6800700,6800700-000,11鄰,樂學路,,,,,,480號十二樓之5,121.383282010528,25.0530887953885
桃園市龜山區長樂里11鄰樂學路480號十三樓之1,68,6800700,6800700-000,11鄰,樂學路,,,,,,480號十三樓之1,121.383282010528,25.0530887953885
桃園市龜山區長樂里11鄰樂學路480號十三樓之2,68,6800700,6800700-000,11鄰,樂學路,,,,,,480號十三樓之2,121.383282010528,25.0530887953885
桃園市龜山區長樂里11鄰樂學路480號十三樓之3,68,6800700,6800700-000,11鄰,樂學路,,,,,,480號十三樓之3,121.383282010528,25.0530887953885
桃園市龜山區長樂里11鄰樂學路480號十三樓之5,68,6800700,6800700-000,11鄰,樂學路,,,,,,480號十三樓之5,121.383282010528,25.0530887953885
桃園市龜山區長樂里11鄰樂學路480號十四樓之1,68,6800700,6800700-000,11鄰,樂學路,,,,,,480號十四樓之1,121.383282010528,25.0530887953885
桃園市龜山區長樂里11鄰樂學路480號十四樓之2,68,6800700,6800700-000,11鄰,樂學路,,,,,,480號十四樓之2,121.383282010528,25.0530887953885
桃園市龜山區長樂里11鄰樂學路480號十四樓之3,68,6800700,6800700-000,11鄰,樂學路,,,,,,480號十四樓之3,121.383282010528,25.0530887953885
桃園市龜山區長樂里11鄰樂學路480號十四樓之5,68,6800700,6800700-000,11鄰,樂學路,,,,,,480號十四樓之5,121.383282010528,25.0530887953885
桃園市龜山區長樂里11鄰樂學路482號,68,6800700,6800700-000,11鄰,樂學路,,,,,,482號,121.383234799167,25.0531412806966
桃園市龜山區長樂里11鄰樂學路486號,68,6800700,6800700-000,11鄰,樂學路,,,,,,486號,121.383194011621,25.0531878810953
桃園市龜山區長樂里11鄰樂學路488號,68,6800700,6800700-000,11鄰,樂學路,,,,,,488號,121.383153311367,25.0532306894189
桃園市龜山區長樂里11鄰樂學路488號十樓之1,68,6800700,6800700-000,11鄰,樂學路,,,,,,488號十樓之1,121.383153311367,25.0532306894189
桃園市龜山區長樂里11鄰樂學路488號十樓之2,68,6800700,6800700-000,11鄰,樂學路,,,,,,488號十樓之2,121.383153311367,25.0532306894189
桃園市龜山區長樂里11鄰樂學路488號二樓之1,68,6800700,6800700-000,11鄰,樂學路,,,,,,488號二樓之1,121.383153311367,25.0532306894189
桃園市龜山區長樂里11鄰樂學路488號二樓之2,68,6800700,6800700-000,11鄰,樂學路,,,,,,488號二樓之2,121.383153311367,25.0532306894189
桃園市龜山區長樂里11鄰樂學路488號三樓之1,68,6800700,6800700-000,11鄰,樂學路,,,,,,488號三樓之1,121.383153311367,25.0532306894189
桃園市龜山區長樂里11鄰樂學路488號三樓之2,68,6800700,6800700-000,11鄰,樂學路,,,,,,488號三樓之2,121.383153311367,25.0532306894189
桃園市龜山區長樂里11鄰樂學路488號四樓之1,68,6800700,6800700-000,11鄰,樂學路,,,,,,488號四樓之1,121.383153311367,25.0532306894189
桃園市龜山區長樂里11鄰樂學路488號四樓之2,68,6800700,6800700-000,11鄰,樂學路,,,,,,488號四樓之2,121.383153311367,25.0532306894189
桃園市龜山區長樂里11鄰樂學路488號五樓之1,68,6800700,6800700-000,11鄰,樂學路,,,,,,488號五樓之1,121.383153311367,25.0532306894189
桃園市龜山區長樂里11鄰樂學路488號五樓之2,68,6800700,6800700-000,11鄰,樂學路,,,,,,488號五樓之2,121.383153311367,25.0532306894189
桃園市龜山區長樂里11鄰樂學路488號六樓之1,68,6800700,6800700-000,11鄰,樂學路,,,,,,488號六樓之1,121.383153311367,25.0532306894189
桃園市龜山區長樂里11鄰樂學路488號六樓之2,68,6800700,6800700-000,11鄰,樂學路,,,,,,488號六樓之2,121.383153311367,25.0532306894189
桃園市龜山區長樂里11鄰樂學路488號七樓之1,68,6800700,6800700-000,11鄰,樂學路,,,,,,488號七樓之1,121.383153311367,25.0532306894189
桃園市龜山區長樂里11鄰樂學路488號七樓之2,68,6800700,6800700-000,11鄰,樂學路,,,,,,488號七樓之2,121.383153311367,25.0532306894189
桃園市龜山區長樂里11鄰樂學路488號八樓之1,68,6800700,6800700-000,11鄰,樂學路,,,,,,488號八樓之1,121.383153311367,25.0532306894189
桃園市龜山區長樂里11鄰樂學路488號八樓之2,68,6800700,6800700-000,11鄰,樂學路,,,,,,488號八樓之2,121.383153311367,25.0532306894189
桃園市龜山區長樂里11鄰樂學路488號九樓之1,68,6800700,6800700-000,11鄰,樂學路,,,,,,488號九樓之1,121.383153311367,25.0532306894189
桃園市龜山區長樂里11鄰樂學路488號九樓之2,68,6800700,6800700-000,11鄰,樂學路,,,,,,488號九樓之2,121.383153311367,25.0532306894189
桃園市龜山區長樂里11鄰樂學路488號十一樓之1,68,6800700,6800700-000,11鄰,樂學路,,,,,,488號十一樓之1,121.383153311367,25.0532306894189
桃園市龜山區長樂里11鄰樂學路488號十一樓之2,68,6800700,6800700-000,11鄰,樂學路,,,,,,488號十一樓之2,121.383153311367,25.0532306894189
桃園市龜山區長樂里11鄰樂學路488號十二樓之1,68,6800700,6800700-000,11鄰,樂學路,,,,,,488號十二樓之1,121.383153311367,25.0532306894189
桃園市龜山區長樂里11鄰樂學路488號十二樓之2,68,6800700,6800700-000,11鄰,樂學路,,,,,,488號十二樓之2,121.383153311367,25.0532306894189
桃園市龜山區長樂里11鄰樂學路488號十三樓之1,68,6800700,6800700-000,11鄰,樂學路,,,,,,488號十三樓之1,121.383153311367,25.0532306894189
桃園市龜山區長樂里11鄰樂學路488號十三樓之2,68,6800700,6800700-000,11鄰,樂學路,,,,,,488號十三樓之2,121.383153311367,25.0532306894189
桃園市龜山區長樂里11鄰樂學路488號十四樓之1,68,6800700,6800700-000,11鄰,樂學路,,,,,,488號十四樓之1,121.383153311367,25.0532306894189
桃園市龜山區長樂里11鄰樂學路488號十四樓之2,68,6800700,6800700-000,11鄰,樂學路,,,,,,488號十四樓之2,121.383153311367,25.0532306894189
桃園市龜山區長樂里11鄰樂學路488號十五樓之1,68,6800700,6800700-000,11鄰,樂學路,,,,,,488號十五樓之1,121.383153311367,25.0532306894189
桃園市龜山區長樂里11鄰樂學路488號十五樓之2,68,6800700,6800700-000,11鄰,樂學路,,,,,,488號十五樓之2,121.383153311367,25.0532306894189
桃園市龜山區長樂里11鄰樂學路490號,68,6800700,6800700-000,11鄰,樂學路,,,,,,490號,121.38310608783,25.0532792925969
桃園市龜山區長樂里12鄰樂學路492號,68,6800700,6800700-000,12鄰,樂學路,,,,,,492號,121.382995820378,25.053420416694
桃園市龜山區長樂里12鄰樂學路496號,68,6800700,6800700-000,12鄰,樂學路,,,,,,496號,121.382961532077,25.0534535482706
桃園市龜山區長樂里12鄰樂學路498號,68,6800700,6800700-000,12鄰,樂學路,,,,,,498號,121.3829293489,25.0534943483714
桃園市龜山區長樂里12鄰樂學路500號,68,6800700,6800700-000,12鄰,樂學路,,,,,,500號,121.38289881915,25.053525032633
桃園市龜山區長樂里12鄰樂學路500號十樓之1,68,6800700,6800700-000,12鄰,樂學路,,,,,,500號十樓之1,121.383129555279,25.053591155942
桃園市龜山區長樂里12鄰樂學路500號十樓之2,68,6800700,6800700-000,12鄰,樂學路,,,,,,500號十樓之2,121.38318319101,25.053532876055
桃園市龜山區長樂里12鄰樂學路500號十樓之3,68,6800700,6800700-000,12鄰,樂學路,,,,,,500號十樓之3,121.383102700658,25.0534968806525
桃園市龜山區長樂里12鄰樂學路500號十樓之5,68,6800700,6800700-000,12鄰,樂學路,,,,,,500號十樓之5,121.383060856133,25.0535542272832
桃園市龜山區長樂里12鄰樂學路500號二樓之1,68,6800700,6800700-000,12鄰,樂學路,,,,,,500號二樓之1,121.383129555279,25.053591155942
桃園市龜山區長樂里12鄰樂學路500號二樓之2,68,6800700,6800700-000,12鄰,樂學路,,,,,,500號二樓之2,121.383129555279,25.053591155942
桃園市龜山區長樂里12鄰樂學路500號二樓之3,68,6800700,6800700-000,12鄰,樂學路,,,,,,500號二樓之3,121.383102700658,25.0534968806525
桃園市龜山區長樂里12鄰樂學路500號二樓之5,68,6800700,6800700-000,12鄰,樂學路,,,,,,500號二樓之5,121.383060856133,25.0535542272832
桃園市龜山區長樂里12鄰樂學路500號三樓之1,68,6800700,6800700-000,12鄰,樂學路,,,,,,500號三樓之1,121.383129555279,25.053591155942
桃園市龜山區長樂里12鄰樂學路500號三樓之2,68,6800700,6800700-000,12鄰,樂學路,,,,,,500號三樓之2,121.38318319101,25.053532876055
桃園市龜山區長樂里12鄰樂學路500號三樓之3,68,6800700,6800700-000,12鄰,樂學路,,,,,,500號三樓之3,121.383102700658,25.0534968806525
桃園市龜山區長樂里12鄰樂學路500號三樓之5,68,6800700,6800700-000,12鄰,樂學路,,,,,,500號三樓之5,121.383060856133,25.0535542272832
桃園市龜山區長樂里12鄰樂學路500號四樓之1,68,6800700,6800700-000,12鄰,樂學路,,,,,,500號四樓之1,121.383129555279,25.053591155942
桃園市龜山區長樂里12鄰樂學路500號四樓之2,68,6800700,6800700-000,12鄰,樂學路,,,,,,500號四樓之2,121.38318319101,25.053532876055
桃園市龜山區長樂里12鄰樂學路500號四樓之3,68,6800700,6800700-000,12鄰,樂學路,,,,,,500號四樓之3,121.383102700658,25.0534968806525
桃園市龜山區長樂里12鄰樂學路500號四樓之5,68,6800700,6800700-000,12鄰,樂學路,,,,,,500號四樓之5,121.383060856133,25.0535542272832
桃園市龜山區長樂里12鄰樂學路500號五樓之1,68,6800700,6800700-000,12鄰,樂學路,,,,,,500號五樓之1,121.383129555279,25.053591155942
桃園市龜山區長樂里12鄰樂學路500號五樓之2,68,6800700,6800700-000,12鄰,樂學路,,,,,,500號五樓之2,121.38318319101,25.053532876055
桃園市龜山區長樂里12鄰樂學路500號五樓之3,68,6800700,6800700-000,12鄰,樂學路,,,,,,500號五樓之3,121.383102700658,25.0534968806525
桃園市龜山區長樂里12鄰樂學路500號五樓之5,68,6800700,6800700-000,12鄰,樂學路,,,,,,500號五樓之5,121.383060856133,25.0535542272832
桃園市龜山區長樂里12鄰樂學路500號六樓之1,68,6800700,6800700-000,12鄰,樂學路,,,,,,500號六樓之1,121.383129555279,25.053591155942
桃園市龜山區長樂里12鄰樂學路500號六樓之2,68,6800700,6800700-000,12鄰,樂學路,,,,,,500號六樓之2,121.38318319101,25.053532876055
桃園市龜山區長樂里12鄰樂學路500號六樓之3,68,6800700,6800700-000,12鄰,樂學路,,,,,,500號六樓之3,121.383102700658,25.0534968806525
桃園市龜山區長樂里12鄰樂學路500號六樓之5,68,6800700,6800700-000,12鄰,樂學路,,,,,,500號六樓之5,121.383060856133,25.0535542272832
桃園市龜山區長樂里12鄰樂學路500號七樓之1,68,6800700,6800700-000,12鄰,樂學路,,,,,,500號七樓之1,121.383129555279,25.053591155942
桃園市龜山區長樂里12鄰樂學路500號七樓之2,68,6800700,6800700-000,12鄰,樂學路,,,,,,500號七樓之2,121.38318319101,25.053532876055
桃園市龜山區長樂里12鄰樂學路500號七樓之3,68,6800700,6800700-000,12鄰,樂學路,,,,,,500號七樓之3,121.383102700658,25.0534968806525
桃園市龜山區長樂里12鄰樂學路500號七樓之5,68,6800700,6800700-000,12鄰,樂學路,,,,,,500號七樓之5,121.383060856133,25.0535542272832
桃園市龜山區長樂里12鄰樂學路500號八樓之1,68,6800700,6800700-000,12鄰,樂學路,,,,,,500號八樓之1,121.383129555279,25.053591155942
桃園市龜山區長樂里12鄰樂學路500號八樓之2,68,6800700,6800700-000,12鄰,樂學路,,,,,,500號八樓之2,121.38318319101,25.053532876055
桃園市龜山區長樂里12鄰樂學路500號八樓之3,68,6800700,6800700-000,12鄰,樂學路,,,,,,500號八樓之3,121.383102700658,25.0534968806525
桃園市龜山區長樂里12鄰樂學路500號八樓之5,68,6800700,6800700-000,12鄰,樂學路,,,,,,500號八樓之5,121.383060856133,25.0535542272832
桃園市龜山區長樂里12鄰樂學路500號九樓之1,68,6800700,6800700-000,12鄰,樂學路,,,,,,500號九樓之1,121.383129555279,25.053591155942
桃園市龜山區長樂里12鄰樂學路500號九樓之2,68,6800700,6800700-000,12鄰,樂學路,,,,,,500號九樓之2,121.38318319101,25.053532876055
桃園市龜山區長樂里12鄰樂學路500號九樓之3,68,6800700,6800700-000,12鄰,樂學路,,,,,,500號九樓之3,121.383102700658,25.0534968806525
桃園市龜山區長樂里12鄰樂學路500號九樓之5,68,6800700,6800700-000,12鄰,樂學路,,,,,,500號九樓之5,121.383060856133,25.0535542272832
桃園市龜山區長樂里12鄰樂學路500號十一樓之1,68,6800700,6800700-000,12鄰,樂學路,,,,,,500號十一樓之1,121.383129555279,25.053591155942
桃園市龜山區長樂里12鄰樂學路500號十一樓之2,68,6800700,6800700-000,12鄰,樂學路,,,,,,500號十一樓之2,121.38318319101,25.053532876055
桃園市龜山區長樂里12鄰樂學路500號十一樓之3,68,6800700,6800700-000,12鄰,樂學路,,,,,,500號十一樓之3,121.383102700658,25.0534968806525
桃園市龜山區長樂里12鄰樂學路500號十一樓之5,68,6800700,6800700-000,12鄰,樂學路,,,,,,500號十一樓之5,121.383060856133,25.0535542272832
桃園市龜山區長樂里12鄰樂學路500號十二樓之1,68,6800700,6800700-000,12鄰,樂學路,,,,,,500號十二樓之1,121.383129555279,25.053591155942
桃園市龜山區長樂里12鄰樂學路500號十二樓之2,68,6800700,6800700-000,12鄰,樂學路,,,,,,500號十二樓之2,121.38318319101,25.053532876055
桃園市龜山區長樂里12鄰樂學路500號十二樓之3,68,6800700,6800700-000,12鄰,樂學路,,,,,,500號十二樓之3,121.383102700658,25.0534968806525
桃園市龜山區長樂里12鄰樂學路500號十二樓之5,68,6800700,6800700-000,12鄰,樂學路,,,,,,500號十二樓之5,121.383060856133,25.0535542272832
桃園市龜山區長樂里12鄰樂學路500號十三樓之1,68,6800700,6800700-000,12鄰,樂學路,,,,,,500號十三樓之1,121.383129555279,25.053591155942
桃園市龜山區長樂里12鄰樂學路500號十三樓之2,68,6800700,6800700-000,12鄰,樂學路,,,,,,500號十三樓之2,121.38318319101,25.053532876055
桃園市龜山區長樂里12鄰樂學路500號十三樓之3,68,6800700,6800700-000,12鄰,樂學路,,,,,,500號十三樓之3,121.383102700658,25.0534968806525
桃園市龜山區長樂里12鄰樂學路500號十三樓之5,68,6800700,6800700-000,12鄰,樂學路,,,,,,500號十三樓之5,121.383060856133,25.0535542272832
桃園市龜山區長樂里12鄰樂學路500號十四樓之1,68,6800700,6800700-000,12鄰,樂學路,,,,,,500號十四樓之1,121.383129555279,25.053591155942
桃園市龜山區長樂里12鄰樂學路500號十四樓之2,68,6800700,6800700-000,12鄰,樂學路,,,,,,500號十四樓之2,121.38318319101,25.053532876055
桃園市龜山區長樂里12鄰樂學路500號十四樓之3,68,6800700,6800700-000,12鄰,樂學路,,,,,,500號十四樓之3,121.383102700658,25.0534968806525
桃園市龜山區長樂里12鄰樂學路500號十四樓之5,68,6800700,6800700-000,12鄰,樂學路,,,,,,500號十四樓之5,121.383060856133,25.0535542272832
桃園市龜山區長樂里12鄰樂學路500號十五樓之1,68,6800700,6800700-000,12鄰,樂學路,,,,,,500號十五樓之1,121.383129555279,25.053591155942
桃園市龜山區長樂里12鄰樂學路500號十五樓之2,68,6800700,6800700-000,12鄰,樂學路,,,,,,500號十五樓之2,121.38318319101,25.053532876055
桃園市龜山區長樂里12鄰樂學路500號十五樓之3,68,6800700,6800700-000,12鄰,樂學路,,,,,,500號十五樓之3,121.383102700658,25.0534968806525
桃園市龜山區長樂里12鄰樂學路500號十五樓之5,68,6800700,6800700-000,12鄰,樂學路,,,,,,500號十五樓之5,121.383060856133,25.0535542272832
桃園市龜山區長樂里12鄰樂學路502號十樓之1,68,6800700,6800700-000,12鄰,樂學路,,,,,,502號十樓之1,121.383449283268,25.0537816381521
桃園市龜山區長樂里12鄰樂學路502號十樓之2,68,6800700,6800700-000,12鄰,樂學路,,,,,,502號十樓之2,121.383493212079,25.0537252791338
桃園市龜山區長樂里12鄰樂學路502號十樓之3,68,6800700,6800700-000,12鄰,樂學路,,,,,,502號十樓之3,121.383421338154,25.0536873657405
桃園市龜山區長樂里12鄰樂學路502號十樓之5,68,6800700,6800700-000,12鄰,樂學路,,,,,,502號十樓之5,121.383387023242,25.0537437902047
桃園市龜山區長樂里12鄰樂學路502號二樓之1,68,6800700,6800700-000,12鄰,樂學路,,,,,,502號二樓之1,121.383449283268,25.0537816381521
桃園市龜山區長樂里12鄰樂學路502號二樓之2,68,6800700,6800700-000,12鄰,樂學路,,,,,,502號二樓之2,121.383493212079,25.0537252791338
桃園市龜山區長樂里12鄰樂學路502號二樓之3,68,6800700,6800700-000,12鄰,樂學路,,,,,,502號二樓之3,121.383421338154,25.0536873657405
桃園市龜山區長樂里12鄰樂學路502號二樓之5,68,6800700,6800700-000,12鄰,樂學路,,,,,,502號二樓之5,121.383387023242,25.0537437902047
桃園市龜山區長樂里12鄰樂學路502號三樓之1,68,6800700,6800700-000,12鄰,樂學路,,,,,,502號三樓之1,121.383449283268,25.0537816381521
桃園市龜山區長樂里12鄰樂學路502號三樓之2,68,6800700,6800700-000,12鄰,樂學路,,,,,,502號三樓之2,121.383493212079,25.0537252791338
桃園市龜山區長樂里12鄰樂學路502號三樓之3,68,6800700,6800700-000,12鄰,樂學路,,,,,,502號三樓之3,121.383421338154,25.0536873657405
桃園市龜山區長樂里12鄰樂學路502號三樓之5,68,6800700,6800700-000,12鄰,樂學路,,,,,,502號三樓之5,121.383387023242,25.0537437902047
桃園市龜山區長樂里12鄰樂學路502號四樓之1,68,6800700,6800700-000,12鄰,樂學路,,,,,,502號四樓之1,121.383449283268,25.0537816381521
桃園市龜山區長樂里12鄰樂學路502號四樓之2,68,6800700,6800700-000,12鄰,樂學路,,,,,,502號四樓之2,121.383493212079,25.0537252791338
桃園市龜山區長樂里12鄰樂學路502號四樓之3,68,6800700,6800700-000,12鄰,樂學路,,,,,,502號四樓之3,121.383421338154,25.0536873657405
桃園市龜山區長樂里12鄰樂學路502號四樓之5,68,6800700,6800700-000,12鄰,樂學路,,,,,,502號四樓之5,121.383387023242,25.0537437902047
桃園市龜山區長樂里12鄰樂學路502號五樓之1,68,6800700,6800700-000,12鄰,樂學路,,,,,,502號五樓之1,121.383449283268,25.0537816381521
桃園市龜山區長樂里12鄰樂學路502號五樓之2,68,6800700,6800700-000,12鄰,樂學路,,,,,,502號五樓之2,121.383493212079,25.0537252791338
桃園市龜山區長樂里12鄰樂學路502號五樓之3,68,6800700,6800700-000,12鄰,樂學路,,,,,,502號五樓之3,121.383421338154,25.0536873657405
桃園市龜山區長樂里12鄰樂學路502號五樓之5,68,6800700,6800700-000,12鄰,樂學路,,,,,,502號五樓之5,121.383387023242,25.0537437902047
桃園市龜山區長樂里12鄰樂學路502號六樓之1,68,6800700,6800700-000,12鄰,樂學路,,,,,,502號六樓之1,121.383449283268,25.0537816381521
桃園市龜山區長樂里12鄰樂學路502號六樓之2,68,6800700,6800700-000,12鄰,樂學路,,,,,,502號六樓之2,121.383493212079,25.0537252791338
桃園市龜山區長樂里12鄰樂學路502號六樓之3,68,6800700,6800700-000,12鄰,樂學路,,,,,,502號六樓之3,121.383421338154,25.0536873657405
桃園市龜山區長樂里12鄰樂學路502號六樓之5,68,6800700,6800700-000,12鄰,樂學路,,,,,,502號六樓之5,121.383387023242,25.0537437902047
桃園市龜山區長樂里12鄰樂學路502號七樓之1,68,6800700,6800700-000,12鄰,樂學路,,,,,,502號七樓之1,121.383449283268,25.0537816381521
桃園市龜山區長樂里12鄰樂學路502號七樓之2,68,6800700,6800700-000,12鄰,樂學路,,,,,,502號七樓之2,121.383493212079,25.0537252791338
桃園市龜山區長樂里12鄰樂學路502號七樓之3,68,6800700,6800700-000,12鄰,樂學路,,,,,,502號七樓之3,121.383421338154,25.0536873657405
桃園市龜山區長樂里12鄰樂學路502號七樓之5,68,6800700,6800700-000,12鄰,樂學路,,,,,,502號七樓之5,121.383387023242,25.0537437902047
桃園市龜山區長樂里12鄰樂學路502號八樓之1,68,6800700,6800700-000,12鄰,樂學路,,,,,,502號八樓之1,121.383449283268,25.0537816381521
桃園市龜山區長樂里12鄰樂學路502號八樓之2,68,6800700,6800700-000,12鄰,樂學路,,,,,,502號八樓之2,121.383493212079,25.0537252791338
桃園市龜山區長樂里12鄰樂學路502號八樓之3,68,6800700,6800700-000,12鄰,樂學路,,,,,,502號八樓之3,121.383421338154,25.0536873657405
桃園市龜山區長樂里12鄰樂學路502號八樓之5,68,6800700,6800700-000,12鄰,樂學路,,,,,,502號八樓之5,121.383387023242,25.0537437902047
桃園市龜山區長樂里12鄰樂學路502號九樓之1,68,6800700,6800700-000,12鄰,樂學路,,,,,,502號九樓之1,121.383449283268,25.0537816381521
桃園市龜山區長樂里12鄰樂學路502號九樓之2,68,6800700,6800700-000,12鄰,樂學路,,,,,,502號九樓之2,121.383493212079,25.0537252791338
桃園市龜山區長樂里12鄰樂學路502號九樓之3,68,6800700,6800700-000,12鄰,樂學路,,,,,,502號九樓之3,121.383421338154,25.0536873657405
桃園市龜山區長樂里12鄰樂學路502號九樓之5,68,6800700,6800700-000,12鄰,樂學路,,,,,,502號九樓之5,121.383387023242,25.0537437902047
桃園市龜山區長樂里12鄰樂學路502號十一樓之1,68,6800700,6800700-000,12鄰,樂學路,,,,,,502號十一樓之1,121.383449283268,25.0537816381521
桃園市龜山區長樂里12鄰樂學路502號十一樓之2,68,6800700,6800700-000,12鄰,樂學路,,,,,,502號十一樓之2,121.383449283268,25.0537816381521
桃園市龜山區長樂里12鄰樂學路502號十一樓之3,68,6800700,6800700-000,12鄰,樂學路,,,,,,502號十一樓之3,121.383421338154,25.0536873657405
桃園市龜山區長樂里12鄰樂學路502號十一樓之5,68,6800700,6800700-000,12鄰,樂學路,,,,,,502號十一樓之5,121.383387023242,25.0537437902047
桃園市龜山區長樂里12鄰樂學路502號十二樓之1,68,6800700,6800700-000,12鄰,樂學路,,,,,,502號十二樓之1,121.383449283268,25.0537816381521
桃園市龜山區長樂里12鄰樂學路502號十二樓之2,68,6800700,6800700-000,12鄰,樂學路,,,,,,502號十二樓之2,121.383493212079,25.0537252791338
桃園市龜山區長樂里12鄰樂學路502號十二樓之3,68,6800700,6800700-000,12鄰,樂學路,,,,,,502號十二樓之3,121.383421338154,25.0536873657405
桃園市龜山區長樂里12鄰樂學路502號十二樓之5,68,6800700,6800700-000,12鄰,樂學路,,,,,,502號十二樓之5,121.383387023242,25.0537437902047
桃園市龜山區長樂里12鄰樂學路502號十三樓之1,68,6800700,6800700-000,12鄰,樂學路,,,,,,502號十三樓之1,121.383449283268,25.0537816381521
桃園市龜山區長樂里12鄰樂學路502號十三樓之2,68,6800700,6800700-000,12鄰,樂學路,,,,,,502號十三樓之2,121.383493212079,25.0537252791338
桃園市龜山區長樂里12鄰樂學路502號十三樓之3,68,6800700,6800700-000,12鄰,樂學路,,,,,,502號十三樓之3,121.383421338154,25.0536873657405
桃園市龜山區長樂里12鄰樂學路502號十三樓之5,68,6800700,6800700-000,12鄰,樂學路,,,,,,502號十三樓之5,121.383387023242,25.0537437902047
桃園市龜山區長樂里12鄰樂學路502號十四樓之1,68,6800700,6800700-000,12鄰,樂學路,,,,,,502號十四樓之1,121.383449283268,25.0537816381521
桃園市龜山區長樂里12鄰樂學路502號十四樓之2,68,6800700,6800700-000,12鄰,樂學路,,,,,,502號十四樓之2,121.383493212079,25.0537252791338
桃園市龜山區長樂里12鄰樂學路502號十四樓之3,68,6800700,6800700-000,12鄰,樂學路,,,,,,502號十四樓之3,121.383421338154,25.0536873657405
桃園市龜山區長樂里12鄰樂學路502號十四樓之5,68,6800700,6800700-000,12鄰,樂學路,,,,,,502號十四樓之5,121.383387023242,25.0537437902047
桃園市龜山區長樂里12鄰樂學路502號十五樓之1,68,6800700,6800700-000,12鄰,樂學路,,,,,,502號十五樓之1,121.383449283268,25.0537816381521
桃園市龜山區長樂里12鄰樂學路502號十五樓之2,68,6800700,6800700-000,12鄰,樂學路,,,,,,502號十五樓之2,121.383493212079,25.0537252791338
桃園市龜山區長樂里12鄰樂學路502號十五樓之3,68,6800700,6800700-000,12鄰,樂學路,,,,,,502號十五樓之3,121.383421338154,25.0536873657405
桃園市龜山區長樂里12鄰樂學路502號十五樓之5,68,6800700,6800700-000,12鄰,樂學路,,,,,,502號十五樓之5,121.383387023242,25.0537437902047
桃園市龜山區長樂里12鄰樂學路506號十樓之1,68,6800700,6800700-000,12鄰,樂學路,,,,,,506號十樓之1,121.383348436822,25.0539245438174
桃園市龜山區長樂里12鄰樂學路506號十樓之2,68,6800700,6800700-000,12鄰,樂學路,,,,,,506號十樓之2,121.383385989872,25.0538895078071
桃園市龜山區長樂里12鄰樂學路506號十樓之3,68,6800700,6800700-000,12鄰,樂學路,,,,,,506號十樓之3,121.383423543182,25.0538545620685
桃園市龜山區長樂里12鄰樂學路506號十樓之5,68,6800700,6800700-000,12鄰,樂學路,,,,,,506號十樓之5,121.383383817267,25.0538283023088
桃園市龜山區長樂里12鄰樂學路506號二樓之1,68,6800700,6800700-000,12鄰,樂學路,,,,,,506號二樓之1,121.383348436822,25.0539245438174
桃園市龜山區長樂里12鄰樂學路506號二樓之2,68,6800700,6800700-000,12鄰,樂學路,,,,,,506號二樓之2,121.383385989872,25.0538895078071
桃園市龜山區長樂里12鄰樂學路506號二樓之3,68,6800700,6800700-000,12鄰,樂學路,,,,,,506號二樓之3,121.383423543182,25.0538545620685
桃園市龜山區長樂里12鄰樂學路506號二樓之5,68,6800700,6800700-000,12鄰,樂學路,,,,,,506號二樓之5,121.383383817267,25.0538283023088
桃園市龜山區長樂里12鄰樂學路506號三樓之1,68,6800700,6800700-000,12鄰,樂學路,,,,,,506號三樓之1,121.383348436822,25.0539245438174
桃園市龜山區長樂里12鄰樂學路506號三樓之2,68,6800700,6800700-000,12鄰,樂學路,,,,,,506號三樓之2,121.383385989872,25.0538895078071
桃園市龜山區長樂里12鄰樂學路506號三樓之3,68,6800700,6800700-000,12鄰,樂學路,,,,,,506號三樓之3,121.383423543182,25.0538545620685
桃園市龜山區長樂里12鄰樂學路506號三樓之5,68,6800700,6800700-000,12鄰,樂學路,,,,,,506號三樓之5,121.383383817267,25.0538283023088
桃園市龜山區長樂里12鄰樂學路506號四樓之1,68,6800700,6800700-000,12鄰,樂學路,,,,,,506號四樓之1,121.383348436822,25.0539245438174
桃園市龜山區長樂里12鄰樂學路506號四樓之2,68,6800700,6800700-000,12鄰,樂學路,,,,,,506號四樓之2,121.383385989872,25.0538895078071
桃園市龜山區長樂里12鄰樂學路506號四樓之3,68,6800700,6800700-000,12鄰,樂學路,,,,,,506號四樓之3,121.383423543182,25.0538545620685
桃園市龜山區長樂里12鄰樂學路506號四樓之5,68,6800700,6800700-000,12鄰,樂學路,,,,,,506號四樓之5,121.383383817267,25.0538283023088
桃園市龜山區長樂里12鄰樂學路506號五樓之1,68,6800700,6800700-000,12鄰,樂學路,,,,,,506號五樓之1,121.383348436822,25.0539245438174
桃園市龜山區長樂里12鄰樂學路506號五樓之2,68,6800700,6800700-000,12鄰,樂學路,,,,,,506號五樓之2,121.383385989872,25.0538895078071
桃園市龜山區長樂里12鄰樂學路506號五樓之3,68,6800700,6800700-000,12鄰,樂學路,,,,,,506號五樓之3,121.383423543182,25.0538545620685
桃園市龜山區長樂里12鄰樂學路506號五樓之5,68,6800700,6800700-000,12鄰,樂學路,,,,,,506號五樓之5,121.383383817267,25.0538283023088
桃園市龜山區長樂里12鄰樂學路506號六樓之1,68,6800700,6800700-000,12鄰,樂學路,,,,,,506號六樓之1,121.383348436822,25.0539245438174
桃園市龜山區長樂里12鄰樂學路506號六樓之2,68,6800700,6800700-000,12鄰,樂學路,,,,,,506號六樓之2,121.383385989872,25.0538895078071
桃園市龜山區長樂里12鄰樂學路506號六樓之3,68,6800700,6800700-000,12鄰,樂學路,,,,,,506號六樓之3,121.383423543182,25.0538545620685
桃園市龜山區長樂里12鄰樂學路506號六樓之5,68,6800700,6800700-000,12鄰,樂學路,,,,,,506號六樓之5,121.383383817267,25.0538283023088
桃園市龜山區長樂里12鄰樂學路506號七樓之1,68,6800700,6800700-000,12鄰,樂學路,,,,,,506號七樓之1,121.383348436822,25.0539245438174
桃園市龜山區長樂里12鄰樂學路506號七樓之2,68,6800700,6800700-000,12鄰,樂學路,,,,,,506號七樓之2,121.383385989872,25.0538895078071
桃園市龜山區長樂里12鄰樂學路506號七樓之3,68,6800700,6800700-000,12鄰,樂學路,,,,,,506號七樓之3,121.383423543182,25.0538545620685
桃園市龜山區長樂里12鄰樂學路506號七樓之5,68,6800700,6800700-000,12鄰,樂學路,,,,,,506號七樓之5,121.383383817267,25.0538283023088
桃園市龜山區長樂里12鄰樂學路506號八樓之1,68,6800700,6800700-000,12鄰,樂學路,,,,,,506號八樓之1,121.383348436822,25.0539245438174
桃園市龜山區長樂里12鄰樂學路506號八樓之2,68,6800700,6800700-000,12鄰,樂學路,,,,,,506號八樓之2,121.383385989872,25.0538895078071
桃園市龜山區長樂里12鄰樂學路506號八樓之3,68,6800700,6800700-000,12鄰,樂學路,,,,,,506號八樓之3,121.383423543182,25.0538545620685
桃園市龜山區長樂里12鄰樂學路506號八樓之5,68,6800700,6800700-000,12鄰,樂學路,,,,,,506號八樓之5,121.383383817267,25.0538283023088
桃園市龜山區長樂里12鄰樂學路506號九樓之1,68,6800700,6800700-000,12鄰,樂學路,,,,,,506號九樓之1,121.383348436822,25.0539245438174
桃園市龜山區長樂里12鄰樂學路506號九樓之2,68,6800700,6800700-000,12鄰,樂學路,,,,,,506號九樓之2,121.383385989872,25.0538895078071
桃園市龜山區長樂里12鄰樂學路506號九樓之3,68,6800700,6800700-000,12鄰,樂學路,,,,,,506號九樓之3,121.383423543182,25.0538545620685
桃園市龜山區長樂里12鄰樂學路506號九樓之5,68,6800700,6800700-000,12鄰,樂學路,,,,,,506號九樓之5,121.383383817267,25.0538283023088
桃園市龜山區長樂里12鄰樂學路506號十一樓之1,68,6800700,6800700-000,12鄰,樂學路,,,,,,506號十一樓之1,121.383348436822,25.0539245438174
桃園市龜山區長樂里12鄰樂學路506號十一樓之2,68,6800700,6800700-000,12鄰,樂學路,,,,,,506號十一樓之2,121.383385989872,25.0538895078071
桃園市龜山區長樂里12鄰樂學路506號十一樓之3,68,6800700,6800700-000,12鄰,樂學路,,,,,,506號十一樓之3,121.383423543182,25.0538545620685
桃園市龜山區長樂里12鄰樂學路506號十一樓之5,68,6800700,6800700-000,12鄰,樂學路,,,,,,506號十一樓之5,121.383383817267,25.0538283023088
桃園市龜山區長樂里12鄰樂學路506號十二樓之1,68,6800700,6800700-000,12鄰,樂學路,,,,,,506號十二樓之1,121.383348436822,25.0539245438174
桃園市龜山區長樂里12鄰樂學路506號十二樓之2,68,6800700,6800700-000,12鄰,樂學路,,,,,,506號十二樓之2,121.383385989872,25.0538895078071
桃園市龜山區長樂里12鄰樂學路506號十二樓之3,68,6800700,6800700-000,12鄰,樂學路,,,,,,506號十二樓之3,121.383423543182,25.0538545620685
桃園市龜山區長樂里12鄰樂學路506號十二樓之5,68,6800700,6800700-000,12鄰,樂學路,,,,,,506號十二樓之5,121.383383817267,25.0538283023088
桃園市龜山區長樂里12鄰樂學路506號十三樓之1,68,6800700,6800700-000,12鄰,樂學路,,,,,,506號十三樓之1,121.383348436822,25.0539245438174
桃園市龜山區長樂里12鄰樂學路506號十三樓之2,68,6800700,6800700-000,12鄰,樂學路,,,,,,506號十三樓之2,121.383385989872,25.0538895078071
桃園市龜山區長樂里12鄰樂學路506號十三樓之3,68,6800700,6800700-000,12鄰,樂學路,,,,,,506號十三樓之3,121.383423543182,25.0538545620685
桃園市龜山區長樂里12鄰樂學路506號十三樓之5,68,6800700,6800700-000,12鄰,樂學路,,,,,,506號十三樓之5,121.383383817267,25.0538283023088
桃園市龜山區長樂里12鄰樂學路506號十四樓之1,68,6800700,6800700-000,12鄰,樂學路,,,,,,506號十四樓之1,121.383348436822,25.0539245438174
桃園市龜山區長樂里12鄰樂學路506號十四樓之2,68,6800700,6800700-000,12鄰,樂學路,,,,,,506號十四樓之2,121.383385989872,25.0538895078071
桃園市龜山區長樂里12鄰樂學路506號十四樓之3,68,6800700,6800700-000,12鄰,樂學路,,,,,,506號十四樓之3,121.383423543182,25.0538545620685
桃園市龜山區長樂里12鄰樂學路506號十四樓之5,68,6800700,6800700-000,12鄰,樂學路,,,,,,506號十四樓之5,121.383383817267,25.0538283023088
桃園市龜山區長樂里12鄰樂學路506號十五樓之2,68,6800700,6800700-000,12鄰,樂學路,,,,,,506號十五樓之2,121.383385989872,25.0538895078071
桃園市龜山區長樂里12鄰樂學路506號十五樓之3,68,6800700,6800700-000,12鄰,樂學路,,,,,,506號十五樓之3,121.383423543182,25.0538545620685
桃園市龜山區長樂里12鄰樂學路506號十五樓之5,68,6800700,6800700-000,12鄰,樂學路,,,,,,506號十五樓之5,121.383383817267,25.0538283023088
桃園市龜山區長樂里12鄰樂學路508號十樓之1,68,6800700,6800700-000,12鄰,樂學路,,,,,,508號十樓之1,121.383158501035,25.0537204551966
桃園市龜山區長樂里12鄰樂學路508號十樓之2,68,6800700,6800700-000,12鄰,樂學路,,,,,,508號十樓之2,121.383099528441,25.0537836240605
桃園市龜山區長樂里12鄰樂學路508號十樓之3,68,6800700,6800700-000,12鄰,樂學路,,,,,,508號十樓之3,121.383163851742,25.0538156887665
桃園市龜山區長樂里12鄰樂學路508號十樓之5,68,6800700,6800700-000,12鄰,樂學路,,,,,,508號十樓之5,121.383233647167,25.0538545104654
桃園市龜山區長樂里12鄰樂學路508號十樓之6,68,6800700,6800700-000,12鄰,樂學路,,,,,,508號十樓之6,121.383289411995,25.053779703466
桃園市龜山區長樂里12鄰樂學路508號二樓之1,68,6800700,6800700-000,12鄰,樂學路,,,,,,508號二樓之1,121.383158501035,25.0537204551966
桃園市龜山區長樂里12鄰樂學路508號二樓之2,68,6800700,6800700-000,12鄰,樂學路,,,,,,508號二樓之2,121.383099528441,25.0537836240605
桃園市龜山區長樂里12鄰樂學路508號二樓之3,68,6800700,6800700-000,12鄰,樂學路,,,,,,508號二樓之3,121.383163851742,25.0538156887665
桃園市龜山區長樂里12鄰樂學路508號二樓之5,68,6800700,6800700-000,12鄰,樂學路,,,,,,508號二樓之5,121.383233647167,25.0538545104654
桃園市龜山區長樂里12鄰樂學路508號二樓之6,68,6800700,6800700-000,12鄰,樂學路,,,,,,508號二樓之6,121.383289411995,25.053779703466
桃園市龜山區長樂里12鄰樂學路508號三樓之1,68,6800700,6800700-000,12鄰,樂學路,,,,,,508號三樓之1,121.383158501035,25.0537204551966
桃園市龜山區長樂里12鄰樂學路508號三樓之2,68,6800700,6800700-000,12鄰,樂學路,,,,,,508號三樓之2,121.383099528441,25.0537836240605
桃園市龜山區長樂里12鄰樂學路508號三樓之3,68,6800700,6800700-000,12鄰,樂學路,,,,,,508號三樓之3,121.383163851742,25.0538156887665
桃園市龜山區長樂里12鄰樂學路508號三樓之5,68,6800700,6800700-000,12鄰,樂學路,,,,,,508號三樓之5,121.383233647167,25.0538545104654
桃園市龜山區長樂里12鄰樂學路508號三樓之6,68,6800700,6800700-000,12鄰,樂學路,,,,,,508號三樓之6,121.383289411995,25.053779703466
桃園市龜山區長樂里12鄰樂學路508號四樓之1,68,6800700,6800700-000,12鄰,樂學路,,,,,,508號四樓之1,121.383158501035,25.0537204551966
桃園市龜山區長樂里12鄰樂學路508號四樓之2,68,6800700,6800700-000,12鄰,樂學路,,,,,,508號四樓之2,121.383099528441,25.0537836240605
桃園市龜山區長樂里12鄰樂學路508號四樓之3,68,6800700,6800700-000,12鄰,樂學路,,,,,,508號四樓之3,121.383163851742,25.0538156887665
桃園市龜山區長樂里12鄰樂學路508號四樓之5,68,6800700,6800700-000,12鄰,樂學路,,,,,,508號四樓之5,121.383233647167,25.0538545104654
桃園市龜山區長樂里12鄰樂學路508號四樓之6,68,6800700,6800700-000,12鄰,樂學路,,,,,,508號四樓之6,121.383289411995,25.053779703466
桃園市龜山區長樂里12鄰樂學路508號五樓之1,68,6800700,6800700-000,12鄰,樂學路,,,,,,508號五樓之1,121.383158501035,25.0537204551966
桃園市龜山區長樂里12鄰樂學路508號五樓之2,68,6800700,6800700-000,12鄰,樂學路,,,,,,508號五樓之2,121.383099528441,25.0537836240605
桃園市龜山區長樂里12鄰樂學路508號五樓之3,68,6800700,6800700-000,12鄰,樂學路,,,,,,508號五樓之3,121.383163851742,25.0538156887665
桃園市龜山區長樂里12鄰樂學路508號五樓之5,68,6800700,6800700-000,12鄰,樂學路,,,,,,508號五樓之5,121.383233647167,25.0538545104654
桃園市龜山區長樂里12鄰樂學路508號五樓之6,68,6800700,6800700-000,12鄰,樂學路,,,,,,508號五樓之6,121.383289411995,25.053779703466
桃園市龜山區長樂里12鄰樂學路508號六樓之1,68,6800700,6800700-000,12鄰,樂學路,,,,,,508號六樓之1,121.383158501035,25.0537204551966
桃園市龜山區長樂里12鄰樂學路508號六樓之2,68,6800700,6800700-000,12鄰,樂學路,,,,,,508號六樓之2,121.383099528441,25.0537836240605
桃園市龜山區長樂里12鄰樂學路508號六樓之3,68,6800700,6800700-000,12鄰,樂學路,,,,,,508號六樓之3,121.383163851742,25.0538156887665
桃園市龜山區長樂里12鄰樂學路508號六樓之5,68,6800700,6800700-000,12鄰,樂學路,,,,,,508號六樓之5,121.383233647167,25.0538545104654
桃園市龜山區長樂里12鄰樂學路508號六樓之6,68,6800700,6800700-000,12鄰,樂學路,,,,,,508號六樓之6,121.383289411995,25.053779703466
桃園市龜山區長樂里12鄰樂學路508號七樓之1,68,6800700,6800700-000,12鄰,樂學路,,,,,,508號七樓之1,121.383158501035,25.0537204551966
桃園市龜山區長樂里12鄰樂學路508號七樓之2,68,6800700,6800700-000,12鄰,樂學路,,,,,,508號七樓之2,121.383099528441,25.0537836240605
桃園市龜山區長樂里12鄰樂學路508號七樓之3,68,6800700,6800700-000,12鄰,樂學路,,,,,,508號七樓之3,121.383163851742,25.0538156887665
桃園市龜山區長樂里12鄰樂學路508號七樓之5,68,6800700,6800700-000,12鄰,樂學路,,,,,,508號七樓之5,121.383233647167,25.0538545104654
桃園市龜山區長樂里12鄰樂學路508號七樓之6,68,6800700,6800700-000,12鄰,樂學路,,,,,,508號七樓之6,121.383289411995,25.053779703466
桃園市龜山區長樂里12鄰樂學路508號八樓之1,68,6800700,6800700-000,12鄰,樂學路,,,,,,508號八樓之1,121.383158501035,25.0537204551966
桃園市龜山區長樂里12鄰樂學路508號八樓之2,68,6800700,6800700-000,12鄰,樂學路,,,,,,508號八樓之2,121.383099528441,25.0537836240605
桃園市龜山區長樂里12鄰樂學路508號八樓之3,68,6800700,6800700-000,12鄰,樂學路,,,,,,508號八樓之3,121.383163851742,25.0538156887665
桃園市龜山區長樂里12鄰樂學路508號八樓之5,68,6800700,6800700-000,12鄰,樂學路,,,,,,508號八樓之5,121.383233647167,25.0538545104654
桃園市龜山區長樂里12鄰樂學路508號八樓之6,68,6800700,6800700-000,12鄰,樂學路,,,,,,508號八樓之6,121.383289411995,25.053779703466
桃園市龜山區長樂里12鄰樂學路508號九樓之1,68,6800700,6800700-000,12鄰,樂學路,,,,,,508號九樓之1,121.383158501035,25.0537204551966
桃園市龜山區長樂里12鄰樂學路508號九樓之2,68,6800700,6800700-000,12鄰,樂學路,,,,,,508號九樓之2,121.383099528441,25.0537836240605
桃園市龜山區長樂里12鄰樂學路508號九樓之3,68,6800700,6800700-000,12鄰,樂學路,,,,,,508號九樓之3,121.383163851742,25.0538156887665
桃園市龜山區長樂里12鄰樂學路508號九樓之5,68,6800700,6800700-000,12鄰,樂學路,,,,,,508號九樓之5,121.383233647167,25.0538545104654
桃園市龜山區長樂里12鄰樂學路508號九樓之6,68,6800700,6800700-000,12鄰,樂學路,,,,,,508號九樓之6,121.383289411995,25.053779703466
桃園市龜山區長樂里12鄰樂學路508號十一樓之1,68,6800700,6800700-000,12鄰,樂學路,,,,,,508號十一樓之1,121.383158501035,25.0537204551966
桃園市龜山區長樂里12鄰樂學路508號十一樓之2,68,6800700,6800700-000,12鄰,樂學路,,,,,,508號十一樓之2,121.383099528441,25.0537836240605
桃園市龜山區長樂里12鄰樂學路508號十一樓之3,68,6800700,6800700-000,12鄰,樂學路,,,,,,508號十一樓之3,121.383163851742,25.0538156887665
桃園市龜山區長樂里12鄰樂學路508號十一樓之5,68,6800700,6800700-000,12鄰,樂學路,,,,,,508號十一樓之5,121.383233647167,25.0538545104654
桃園市龜山區長樂里12鄰樂學路508號十一樓之6,68,6800700,6800700-000,12鄰,樂學路,,,,,,508號十一樓之6,121.383289411995,25.053779703466
桃園市龜山區長樂里12鄰樂學路508號十二樓之1,68,6800700,6800700-000,12鄰,樂學路,,,,,,508號十二樓之1,121.383158501035,25.0537204551966
桃園市龜山區長樂里12鄰樂學路508號十二樓之2,68,6800700,6800700-000,12鄰,樂學路,,,,,,508號十二樓之2,121.383099528441,25.0537836240605
桃園市龜山區長樂里12鄰樂學路508號十二樓之3,68,6800700,6800700-000,12鄰,樂學路,,,,,,508號十二樓之3,121.383163851742,25.0538156887665
桃園市龜山區長樂里12鄰樂學路508號十二樓之5,68,6800700,6800700-000,12鄰,樂學路,,,,,,508號十二樓之5,121.383233647167,25.0538545104654
桃園市龜山區長樂里12鄰樂學路508號十二樓之6,68,6800700,6800700-000,12鄰,樂學路,,,,,,508號十二樓之6,121.383289411995,25.053779703466
桃園市龜山區長樂里12鄰樂學路508號十三樓之1,68,6800700,6800700-000,12鄰,樂學路,,,,,,508號十三樓之1,121.383158501035,25.0537204551966
桃園市龜山區長樂里12鄰樂學路508號十三樓之2,68,6800700,6800700-000,12鄰,樂學路,,,,,,508號十三樓之2,121.383099528441,25.0537836240605
桃園市龜山區長樂里12鄰樂學路508號十三樓之3,68,6800700,6800700-000,12鄰,樂學路,,,,,,508號十三樓之3,121.383163851742,25.0538156887665
桃園市龜山區長樂里12鄰樂學路508號十三樓之5,68,6800700,6800700-000,12鄰,樂學路,,,,,,508號十三樓之5,121.383233647167,25.0538545104654
桃園市龜山區長樂里12鄰樂學路508號十三樓之6,68,6800700,6800700-000,12鄰,樂學路,,,,,,508號十三樓之6,121.383289411995,25.053779703466
桃園市龜山區長樂里12鄰樂學路508號十四樓之1,68,6800700,6800700-000,12鄰,樂學路,,,,,,508號十四樓之1,121.383158501035,25.0537204551966
桃園市龜山區長樂里12鄰樂學路508號十四樓之2,68,6800700,6800700-000,12鄰,樂學路,,,,,,508號十四樓之2,121.383099528441,25.0537836240605
桃園市龜山區長樂里12鄰樂學路508號十四樓之3,68,6800700,6800700-000,12鄰,樂學路,,,,,,508號十四樓之3,121.383163851742,25.0538156887665
桃園市龜山區長樂里12鄰樂學路508號十四樓之5,68,6800700,6800700-000,12鄰,樂學路,,,,,,508號十四樓之5,121.383233647167,25.0538545104654
桃園市龜山區長樂里12鄰樂學路508號十四樓之6,68,6800700,6800700-000,12鄰,樂學路,,,,,,508號十四樓之6,121.383289411995,25.053779703466
桃園市龜山區長樂里12鄰樂學路508號十五樓之1,68,6800700,6800700-000,12鄰,樂學路,,,,,,508號十五樓之1,121.383158501035,25.0537204551966
桃園市龜山區長樂里12鄰樂學路508號十五樓之2,68,6800700,6800700-000,12鄰,樂學路,,,,,,508號十五樓之2,121.383099528441,25.0537836240605
桃園市龜山區長樂里12鄰樂學路508號十五樓之3,68,6800700,6800700-000,12鄰,樂學路,,,,,,508號十五樓之3,121.383163851742,25.0538156887665
桃園市龜山區長樂里12鄰樂學路508號十五樓之5,68,6800700,6800700-000,12鄰,樂學路,,,,,,508號十五樓之5,121.383233647167,25.0538545104654
桃園市龜山區長樂里12鄰樂學路508號十五樓之6,68,6800700,6800700-000,12鄰,樂學路,,,,,,508號十五樓之6,121.383289411995,25.053779703466
桃園市龜山區長樂里12鄰樂學路510號,68,6800700,6800700-000,12鄰,樂學路,,,,,,510號,121.38283122162,25.053619370873
桃園市龜山區長樂里12鄰樂學路510號十樓之1,68,6800700,6800700-000,12鄰,樂學路,,,,,,510號十樓之1,121.383081229832,25.0536679298976
桃園市龜山區長樂里12鄰樂學路510號十樓之2,68,6800700,6800700-000,12鄰,樂學路,,,,,,510號十樓之2,121.383009362236,25.053632002488
桃園市龜山區長樂里12鄰樂學路510號十樓之3,68,6800700,6800700-000,12鄰,樂學路,,,,,,510號十樓之3,121.382959976032,25.0536863892355
桃園市龜山區長樂里12鄰樂學路510號十樓之5,68,6800700,6800700-000,12鄰,樂學路,,,,,,510號十樓之5,121.38301361953,25.0537262457845
桃園市龜山區長樂里12鄰樂學路510號二樓之1,68,6800700,6800700-000,12鄰,樂學路,,,,,,510號二樓之1,121.383081229832,25.0536679298976
桃園市龜山區長樂里12鄰樂學路510號二樓之2,68,6800700,6800700-000,12鄰,樂學路,,,,,,510號二樓之2,121.383009362236,25.053632002488
桃園市龜山區長樂里12鄰樂學路510號二樓之3,68,6800700,6800700-000,12鄰,樂學路,,,,,,510號二樓之3,121.382959976032,25.0536863892355
桃園市龜山區長樂里12鄰樂學路510號二樓之5,68,6800700,6800700-000,12鄰,樂學路,,,,,,510號二樓之5,121.38301361953,25.0537262457845
桃園市龜山區長樂里12鄰樂學路510號三樓之1,68,6800700,6800700-000,12鄰,樂學路,,,,,,510號三樓之1,121.383081229832,25.0536679298976
桃園市龜山區長樂里12鄰樂學路510號三樓之2,68,6800700,6800700-000,12鄰,樂學路,,,,,,510號三樓之2,121.383009362236,25.053632002488
桃園市龜山區長樂里12鄰樂學路510號三樓之3,68,6800700,6800700-000,12鄰,樂學路,,,,,,510號三樓之3,121.382959976032,25.0536863892355
桃園市龜山區長樂里12鄰樂學路510號三樓之5,68,6800700,6800700-000,12鄰,樂學路,,,,,,510號三樓之5,121.38301361953,25.0537262457845
桃園市龜山區長樂里12鄰樂學路510號四樓之1,68,6800700,6800700-000,12鄰,樂學路,,,,,,510號四樓之1,121.383081229832,25.0536679298976
桃園市龜山區長樂里12鄰樂學路510號四樓之2,68,6800700,6800700-000,12鄰,樂學路,,,,,,510號四樓之2,121.383009362236,25.053632002488
桃園市龜山區長樂里12鄰樂學路510號四樓之3,68,6800700,6800700-000,12鄰,樂學路,,,,,,510號四樓之3,121.382959976032,25.0536863892355
桃園市龜山區長樂里12鄰樂學路510號四樓之5,68,6800700,6800700-000,12鄰,樂學路,,,,,,510號四樓之5,121.38301361953,25.0537262457845
桃園市龜山區長樂里12鄰樂學路510號五樓之1,68,6800700,6800700-000,12鄰,樂學路,,,,,,510號五樓之1,121.383081229832,25.0536679298976
桃園市龜山區長樂里12鄰樂學路510號五樓之2,68,6800700,6800700-000,12鄰,樂學路,,,,,,510號五樓之2,121.383009362236,25.053632002488
桃園市龜山區長樂里12鄰樂學路510號五樓之3,68,6800700,6800700-000,12鄰,樂學路,,,,,,510號五樓之3,121.382959976032,25.0536863892355
桃園市龜山區長樂里12鄰樂學路510號五樓之5,68,6800700,6800700-000,12鄰,樂學路,,,,,,510號五樓之5,121.38301361953,25.0537262457845
桃園市龜山區長樂里12鄰樂學路510號六樓之1,68,6800700,6800700-000,12鄰,樂學路,,,,,,510號六樓之1,121.383081229832,25.0536679298976
桃園市龜山區長樂里12鄰樂學路510號六樓之2,68,6800700,6800700-000,12鄰,樂學路,,,,,,510號六樓之2,121.383009362236,25.053632002488
桃園市龜山區長樂里12鄰樂學路510號六樓之3,68,6800700,6800700-000,12鄰,樂學路,,,,,,510號六樓之3,121.382959976032,25.0536863892355
桃園市龜山區長樂里12鄰樂學路510號六樓之5,68,6800700,6800700-000,12鄰,樂學路,,,,,,510號六樓之5,121.38301361953,25.0537262457845
桃園市龜山區長樂里12鄰樂學路510號七樓之1,68,6800700,6800700-000,12鄰,樂學路,,,,,,510號七樓之1,121.383081229832,25.0536679298976
桃園市龜山區長樂里12鄰樂學路510號七樓之2,68,6800700,6800700-000,12鄰,樂學路,,,,,,510號七樓之2,121.383009362236,25.053632002488
桃園市龜山區長樂里12鄰樂學路510號七樓之3,68,6800700,6800700-000,12鄰,樂學路,,,,,,510號七樓之3,121.382959976032,25.0536863892355
桃園市龜山區長樂里12鄰樂學路510號七樓之5,68,6800700,6800700-000,12鄰,樂學路,,,,,,510號七樓之5,121.38301361953,25.0537262457845
桃園市龜山區長樂里12鄰樂學路510號八樓之1,68,6800700,6800700-000,12鄰,樂學路,,,,,,510號八樓之1,121.383081229832,25.0536679298976
桃園市龜山區長樂里12鄰樂學路510號八樓之2,68,6800700,6800700-000,12鄰,樂學路,,,,,,510號八樓之2,121.383009362236,25.053632002488
桃園市龜山區長樂里12鄰樂學路510號八樓之3,68,6800700,6800700-000,12鄰,樂學路,,,,,,510號八樓之3,121.382959976032,25.0536863892355
桃園市龜山區長樂里12鄰樂學路510號八樓之5,68,6800700,6800700-000,12鄰,樂學路,,,,,,510號八樓之5,121.38301361953,25.0537262457845
桃園市龜山區長樂里12鄰樂學路510號九樓之1,68,6800700,6800700-000,12鄰,樂學路,,,,,,510號九樓之1,121.383081229832,25.0536679298976
桃園市龜山區長樂里12鄰樂學路510號九樓之2,68,6800700,6800700-000,12鄰,樂學路,,,,,,510號九樓之2,121.383009362236,25.053632002488
桃園市龜山區長樂里12鄰樂學路510號九樓之3,68,6800700,6800700-000,12鄰,樂學路,,,,,,510號九樓之3,121.382959976032,25.0536863892355
桃園市龜山區長樂里12鄰樂學路510號九樓之5,68,6800700,6800700-000,12鄰,樂學路,,,,,,510號九樓之5,121.38301361953,25.0537262457845
桃園市龜山區長樂里12鄰樂學路510號十一樓之1,68,6800700,6800700-000,12鄰,樂學路,,,,,,510號十一樓之1,121.383081229832,25.0536679298976
桃園市龜山區長樂里12鄰樂學路510號十一樓之2,68,6800700,6800700-000,12鄰,樂學路,,,,,,510號十一樓之2,121.383009362236,25.053632002488
桃園市龜山區長樂里12鄰樂學路510號十一樓之3,68,6800700,6800700-000,12鄰,樂學路,,,,,,510號十一樓之3,121.382959976032,25.0536863892355
桃園市龜山區長樂里12鄰樂學路510號十一樓之5,68,6800700,6800700-000,12鄰,樂學路,,,,,,510號十一樓之5,121.38301361953,25.0537262457845
桃園市龜山區長樂里12鄰樂學路510號十二樓之1,68,6800700,6800700-000,12鄰,樂學路,,,,,,510號十二樓之1,121.383081229832,25.0536679298976
桃園市龜山區長樂里12鄰樂學路510號十二樓之2,68,6800700,6800700-000,12鄰,樂學路,,,,,,510號十二樓之2,121.383009362236,25.053632002488
桃園市龜山區長樂里12鄰樂學路510號十二樓之3,68,6800700,6800700-000,12鄰,樂學路,,,,,,510號十二樓之3,121.382959976032,25.0536863892355
桃園市龜山區長樂里12鄰樂學路510號十二樓之5,68,6800700,6800700-000,12鄰,樂學路,,,,,,510號十二樓之5,121.38301361953,25.0537262457845
桃園市龜山區長樂里12鄰樂學路510號十三樓之1,68,6800700,6800700-000,12鄰,樂學路,,,,,,510號十三樓之1,121.383081229832,25.0536679298976
桃園市龜山區長樂里12鄰樂學路510號十三樓之2,68,6800700,6800700-000,12鄰,樂學路,,,,,,510號十三樓之2,121.383009362236,25.053632002488
桃園市龜山區長樂里12鄰樂學路510號十三樓之3,68,6800700,6800700-000,12鄰,樂學路,,,,,,510號十三樓之3,121.382959976032,25.0536863892355
桃園市龜山區長樂里12鄰樂學路510號十三樓之5,68,6800700,6800700-000,12鄰,樂學路,,,,,,510號十三樓之5,121.38301361953,25.0537262457845
桃園市龜山區長樂里12鄰樂學路510號十四樓之1,68,6800700,6800700-000,12鄰,樂學路,,,,,,510號十四樓之1,121.383081229832,25.0536679298976
桃園市龜山區長樂里12鄰樂學路510號十四樓之2,68,6800700,6800700-000,12鄰,樂學路,,,,,,510號十四樓之2,121.383009362236,25.053632002488
桃園市龜山區長樂里12鄰樂學路510號十四樓之3,68,6800700,6800700-000,12鄰,樂學路,,,,,,510號十四樓之3,121.382959976032,25.0536863892355
桃園市龜山區長樂里12鄰樂學路510號十四樓之5,68,6800700,6800700-000,12鄰,樂學路,,,,,,510號十四樓之5,121.38301361953,25.0537262457845
桃園市龜山區長樂里12鄰樂學路510號十五樓之1,68,6800700,6800700-000,12鄰,樂學路,,,,,,510號十五樓之1,121.383081229832,25.0536679298976
桃園市龜山區長樂里12鄰樂學路510號十五樓之2,68,6800700,6800700-000,12鄰,樂學路,,,,,,510號十五樓之2,121.383009362236,25.053632002488
桃園市龜山區長樂里12鄰樂學路510號十五樓之3,68,6800700,6800700-000,12鄰,樂學路,,,,,,510號十五樓之3,121.382959976032,25.0536863892355
桃園市龜山區長樂里12鄰樂學路512號,68,6800700,6800700-000,12鄰,樂學路,,,,,,512號,121.382779750954,25.0536727698334
桃園市龜山區長樂里15鄰樂學路528號,68,6800700,6800700-000,15鄰,樂學路,,,,,,528號,121.382821659086,25.0541463708015
桃園市龜山區長樂里15鄰樂學路528號十樓,68,6800700,6800700-000,15鄰,樂學路,,,,,,528號十樓,121.382821659086,25.0541463708015
桃園市龜山區長樂里15鄰樂學路528號二樓,68,6800700,6800700-000,15鄰,樂學路,,,,,,528號二樓,121.382821659086,25.0541463708015
桃園市龜山區長樂里15鄰樂學路528號三樓,68,6800700,6800700-000,15鄰,樂學路,,,,,,528號三樓,121.382821659086,25.0541463708015
桃園市龜山區長樂里15鄰樂學路528號四樓,68,6800700,6800700-000,15鄰,樂學路,,,,,,528號四樓,121.382821659086,25.0541463708015
桃園市龜山區長樂里15鄰樂學路528號五樓,68,6800700,6800700-000,15鄰,樂學路,,,,,,528號五樓,121.382821659086,25.0541463708015
桃園市龜山區長樂里15鄰樂學路528號六樓,68,6800700,6800700-000,15鄰,樂學路,,,,,,528號六樓,121.382821659086,25.0541463708015
桃園市龜山區長樂里15鄰樂學路528號七樓,68,6800700,6800700-000,15鄰,樂學路,,,,,,528號七樓,121.382821659086,25.0541463708015
桃園市龜山區長樂里15鄰樂學路528號八樓,68,6800700,6800700-000,15鄰,樂學路,,,,,,528號八樓,121.382821659086,25.0541463708015
桃園市龜山區長樂里15鄰樂學路528號九樓,68,6800700,6800700-000,15鄰,樂學路,,,,,,528號九樓,121.382821659086,25.0541463708015
桃園市龜山區長樂里15鄰樂學路528號十一樓,68,6800700,6800700-000,15鄰,樂學路,,,,,,528號十一樓,121.382821659086,25.0541463708015
桃園市龜山區長樂里15鄰樂學路528號十二樓,68,6800700,6800700-000,15鄰,樂學路,,,,,,528號十二樓,121.382821659086,25.0541463708015
桃園市龜山區長樂里15鄰樂學路528號十三樓,68,6800700,6800700-000,15鄰,樂學路,,,,,,528號十三樓,121.382821659086,25.0541463708015
桃園市龜山區長樂里15鄰樂學路528號十四樓,68,6800700,6800700-000,15鄰,樂學路,,,,,,528號十四樓,121.382821659086,25.0541463708015
桃園市龜山區長樂里15鄰樂學路528號十五樓,68,6800700,6800700-000,15鄰,樂學路,,,,,,528號十五樓,121.382821659086,25.0541463708015
桃園市龜山區長樂里15鄰樂學路530號十樓,68,6800700,6800700-000,15鄰,樂學路,,,,,,530號十樓,121.382858724205,25.0540818140102
桃園市龜山區長樂里15鄰樂學路530號二樓,68,6800700,6800700-000,15鄰,樂學路,,,,,,530號二樓,121.382858724205,25.0540818140102
桃園市龜山區長樂里15鄰樂學路530號三樓,68,6800700,6800700-000,15鄰,樂學路,,,,,,530號三樓,121.382858724205,25.0540818140102
桃園市龜山區長樂里15鄰樂學路530號四樓,68,6800700,6800700-000,15鄰,樂學路,,,,,,530號四樓,121.382858724205,25.0540818140102
桃園市龜山區長樂里15鄰樂學路530號五樓,68,6800700,6800700-000,15鄰,樂學路,,,,,,530號五樓,121.382858724205,25.0540818140102
桃園市龜山區長樂里15鄰樂學路530號六樓,68,6800700,6800700-000,15鄰,樂學路,,,,,,530號六樓,121.382858724205,25.0540818140102
桃園市龜山區長樂里15鄰樂學路530號七樓,68,6800700,6800700-000,15鄰,樂學路,,,,,,530號七樓,121.382858724205,25.0540818140102
桃園市龜山區長樂里15鄰樂學路530號八樓,68,6800700,6800700-000,15鄰,樂學路,,,,,,530號八樓,121.382858724205,25.0540818140102
桃園市龜山區長樂里15鄰樂學路530號九樓,68,6800700,6800700-000,15鄰,樂學路,,,,,,530號九樓,121.382858724205,25.0540818140102
桃園市龜山區長樂里15鄰樂學路530號十一樓,68,6800700,6800700-000,15鄰,樂學路,,,,,,530號十一樓,121.382858724205,25.0540818140102
桃園市龜山區長樂里15鄰樂學路530號十二樓,68,6800700,6800700-000,15鄰,樂學路,,,,,,530號十二樓,121.382858724205,25.0540818140102
桃園市龜山區長樂里15鄰樂學路530號十三樓,68,6800700,6800700-000,15鄰,樂學路,,,,,,530號十三樓,121.382858724205,25.0540818140102
桃園市龜山區長樂里15鄰樂學路530號十四樓,68,6800700,6800700-000,15鄰,樂學路,,,,,,530號十四樓,121.382858724205,25.0540818140102
桃園市龜山區長樂里15鄰樂學路530號十五樓,68,6800700,6800700-000,15鄰,樂學路,,,,,,530號十五樓,121.382858724205,25.0540818140102
桃園市龜山區長樂里15鄰樂學路532號十樓,68,6800700,6800700-000,15鄰,樂學路,,,,,,532號十樓,121.382915817341,25.0541154322502
桃園市龜山區長樂里15鄰樂學路532號二樓,68,6800700,6800700-000,15鄰,樂學路,,,,,,532號二樓,121.382915817341,25.0541154322502
桃園市龜山區長樂里15鄰樂學路532號三樓,68,6800700,6800700-000,15鄰,樂學路,,,,,,532號三樓,121.382915817341,25.0541154322502
桃園市龜山區長樂里15鄰樂學路532號四樓,68,6800700,6800700-000,15鄰,樂學路,,,,,,532號四樓,121.382915817341,25.0541154322502
桃園市龜山區長樂里15鄰樂學路532號五樓,68,6800700,6800700-000,15鄰,樂學路,,,,,,532號五樓,121.382915817341,25.0541154322502
桃園市龜山區長樂里15鄰樂學路532號六樓,68,6800700,6800700-000,15鄰,樂學路,,,,,,532號六樓,121.382915817341,25.0541154322502
桃園市龜山區長樂里15鄰樂學路532號七樓,68,6800700,6800700-000,15鄰,樂學路,,,,,,532號七樓,121.382915817341,25.0541154322502
桃園市龜山區長樂里15鄰樂學路532號八樓,68,6800700,6800700-000,15鄰,樂學路,,,,,,532號八樓,121.382915817341,25.0541154322502
桃園市龜山區長樂里15鄰樂學路532號九樓,68,6800700,6800700-000,15鄰,樂學路,,,,,,532號九樓,121.382915817341,25.0541154322502
桃園市龜山區長樂里15鄰樂學路532號十一樓,68,6800700,6800700-000,15鄰,樂學路,,,,,,532號十一樓,121.382915817341,25.0541154322502
桃園市龜山區長樂里15鄰樂學路532號十二樓,68,6800700,6800700-000,15鄰,樂學路,,,,,,532號十二樓,121.382915817341,25.0541154322502
桃園市龜山區長樂里15鄰樂學路532號十三樓,68,6800700,6800700-000,15鄰,樂學路,,,,,,532號十三樓,121.382915817341,25.0541154322502
桃園市龜山區長樂里15鄰樂學路532號十四樓,68,6800700,6800700-000,15鄰,樂學路,,,,,,532號十四樓,121.382915817341,25.0541154322502
桃園市龜山區長樂里15鄰樂學路532號十五樓,68,6800700,6800700-000,15鄰,樂學路,,,,,,532號十五樓,121.382915817341,25.0541154322502
桃園市龜山區長樂里15鄰樂學路536號十樓,68,6800700,6800700-000,15鄰,樂學路,,,,,,536號十樓,121.382984249168,25.054161931538
桃園市龜山區長樂里15鄰樂學路536號二樓,68,6800700,6800700-000,15鄰,樂學路,,,,,,536號二樓,121.382984249168,25.054161931538
桃園市龜山區長樂里15鄰樂學路536號三樓,68,6800700,6800700-000,15鄰,樂學路,,,,,,536號三樓,121.382984249168,25.054161931538
桃園市龜山區長樂里15鄰樂學路536號四樓,68,6800700,6800700-000,15鄰,樂學路,,,,,,536號四樓,121.382984249168,25.054161931538
桃園市龜山區長樂里15鄰樂學路536號五樓,68,6800700,6800700-000,15鄰,樂學路,,,,,,536號五樓,121.382984249168,25.054161931538
桃園市龜山區長樂里15鄰樂學路536號六樓,68,6800700,6800700-000,15鄰,樂學路,,,,,,536號六樓,121.382984249168,25.054161931538
桃園市龜山區長樂里15鄰樂學路536號七樓,68,6800700,6800700-000,15鄰,樂學路,,,,,,536號七樓,121.382984249168,25.054161931538
桃園市龜山區長樂里15鄰樂學路536號八樓,68,6800700,6800700-000,15鄰,樂學路,,,,,,536號八樓,121.382984249168,25.054161931538
桃園市龜山區長樂里15鄰樂學路536號九樓,68,6800700,6800700-000,15鄰,樂學路,,,,,,536號九樓,121.382984249168,25.054161931538
桃園市龜山區長樂里15鄰樂學路536號十一樓,68,6800700,6800700-000,15鄰,樂學路,,,,,,536號十一樓,121.382984249168,25.054161931538
桃園市龜山區長樂里15鄰樂學路536號十二樓,68,6800700,6800700-000,15鄰,樂學路,,,,,,536號十二樓,121.382984249168,25.054161931538
桃園市龜山區長樂里15鄰樂學路536號十三樓,68,6800700,6800700-000,15鄰,樂學路,,,,,,536號十三樓,121.382984249168,25.054161931538
桃園市龜山區長樂里15鄰樂學路536號十四樓,68,6800700,6800700-000,15鄰,樂學路,,,,,,536號十四樓,121.382984249168,25.054161931538
桃園市龜山區長樂里15鄰樂學路536號十五樓,68,6800700,6800700-000,15鄰,樂學路,,,,,,536號十五樓,121.382984249168,25.054161931538
桃園市龜山區長樂里15鄰樂學路538號十樓,68,6800700,6800700-000,15鄰,樂學路,,,,,,538號十樓,121.382947184091,25.0542264883594
桃園市龜山區長樂里15鄰樂學路538號二樓,68,6800700,6800700-000,15鄰,樂學路,,,,,,538號二樓,121.382947184091,25.0542264883594
桃園市龜山區長樂里15鄰樂學路538號三樓,68,6800700,6800700-000,15鄰,樂學路,,,,,,538號三樓,121.382947184091,25.0542264883594
桃園市龜山區長樂里15鄰樂學路538號四樓,68,6800700,6800700-000,15鄰,樂學路,,,,,,538號四樓,121.382947184091,25.0542264883594
桃園市龜山區長樂里15鄰樂學路538號五樓,68,6800700,6800700-000,15鄰,樂學路,,,,,,538號五樓,121.382947184091,25.0542264883594
桃園市龜山區長樂里15鄰樂學路538號六樓,68,6800700,6800700-000,15鄰,樂學路,,,,,,538號六樓,121.382947184091,25.0542264883594
桃園市龜山區長樂里15鄰樂學路538號七樓,68,6800700,6800700-000,15鄰,樂學路,,,,,,538號七樓,121.382947184091,25.0542264883594
桃園市龜山區長樂里15鄰樂學路538號八樓,68,6800700,6800700-000,15鄰,樂學路,,,,,,538號八樓,121.382947184091,25.0542264883594
桃園市龜山區長樂里15鄰樂學路538號九樓,68,6800700,6800700-000,15鄰,樂學路,,,,,,538號九樓,121.382947184091,25.0542264883594
桃園市龜山區長樂里15鄰樂學路538號十一樓,68,6800700,6800700-000,15鄰,樂學路,,,,,,538號十一樓,121.382947184091,25.0542264883594
桃園市龜山區長樂里15鄰樂學路538號十二樓,68,6800700,6800700-000,15鄰,樂學路,,,,,,538號十二樓,121.382947184091,25.0542264883594
桃園市龜山區長樂里15鄰樂學路538號十三樓,68,6800700,6800700-000,15鄰,樂學路,,,,,,538號十三樓,121.382947184091,25.0542264883594
桃園市龜山區長樂里15鄰樂學路538號十四樓,68,6800700,6800700-000,15鄰,樂學路,,,,,,538號十四樓,121.382947184091,25.0542264883594
桃園市龜山區長樂里15鄰樂學路538號十五樓,68,6800700,6800700-000,15鄰,樂學路,,,,,,538號十五樓,121.382947184091,25.0542264883594
桃園市龜山區長樂里15鄰樂學路540號十樓,68,6800700,6800700-000,15鄰,樂學路,,,,,,540號十樓,121.383109682912,25.054340185579
桃園市龜山區長樂里15鄰樂學路540號二樓,68,6800700,6800700-000,15鄰,樂學路,,,,,,540號二樓,121.383109682912,25.054340185579
桃園市龜山區長樂里15鄰樂學路540號三樓,68,6800700,6800700-000,15鄰,樂學路,,,,,,540號三樓,121.383109682912,25.054340185579
桃園市龜山區長樂里15鄰樂學路540號四樓,68,6800700,6800700-000,15鄰,樂學路,,,,,,540號四樓,121.383109682912,25.054340185579
桃園市龜山區長樂里15鄰樂學路540號五樓,68,6800700,6800700-000,15鄰,樂學路,,,,,,540號五樓,121.383109682912,25.054340185579
桃園市龜山區長樂里15鄰樂學路540號六樓,68,6800700,6800700-000,15鄰,樂學路,,,,,,540號六樓,121.383109682912,25.054340185579
桃園市龜山區長樂里15鄰樂學路540號七樓,68,6800700,6800700-000,15鄰,樂學路,,,,,,540號七樓,121.383109682912,25.054340185579
桃園市龜山區長樂里15鄰樂學路540號八樓,68,6800700,6800700-000,15鄰,樂學路,,,,,,540號八樓,121.383109682912,25.054340185579
桃園市龜山區長樂里15鄰樂學路540號九樓,68,6800700,6800700-000,15鄰,樂學路,,,,,,540號九樓,121.383109682912,25.054340185579
桃園市龜山區長樂里15鄰樂學路540號十一樓,68,6800700,6800700-000,15鄰,樂學路,,,,,,540號十一樓,121.383109682912,25.054340185579
桃園市龜山區長樂里15鄰樂學路540號十二樓,68,6800700,6800700-000,15鄰,樂學路,,,,,,540號十二樓,121.383109682912,25.054340185579
桃園市龜山區長樂里15鄰樂學路540號十三樓,68,6800700,6800700-000,15鄰,樂學路,,,,,,540號十三樓,121.383109682912,25.054340185579
桃園市龜山區長樂里15鄰樂學路540號十四樓,68,6800700,6800700-000,15鄰,樂學路,,,,,,540號十四樓,121.383109682912,25.054340185579
桃園市龜山區長樂里15鄰樂學路540號十五樓,68,6800700,6800700-000,15鄰,樂學路,,,,,,540號十五樓,121.383109682912,25.054340185579
桃園市龜山區長樂里15鄰樂學路542號十樓,68,6800700,6800700-000,15鄰,樂學路,,,,,,542號十樓,121.38305836214,25.0543143167693
桃園市龜山區長樂里15鄰樂學路542號二樓,68,6800700,6800700-000,15鄰,樂學路,,,,,,542號二樓,121.38305836214,25.0543143167693
桃園市龜山區長樂里15鄰樂學路542號三樓,68,6800700,6800700-000,15鄰,樂學路,,,,,,542號三樓,121.38305836214,25.0543143167693
桃園市龜山區長樂里15鄰樂學路542號四樓,68,6800700,6800700-000,15鄰,樂學路,,,,,,542號四樓,121.38305836214,25.0543143167693
桃園市龜山區長樂里15鄰樂學路542號五樓,68,6800700,6800700-000,15鄰,樂學路,,,,,,542號五樓,121.38305836214,25.0543143167693
桃園市龜山區長樂里15鄰樂學路542號六樓,68,6800700,6800700-000,15鄰,樂學路,,,,,,542號六樓,121.38305836214,25.0543143167693
桃園市龜山區長樂里15鄰樂學路542號七樓,68,6800700,6800700-000,15鄰,樂學路,,,,,,542號七樓,121.38305836214,25.0543143167693
桃園市龜山區長樂里15鄰樂學路542號八樓,68,6800700,6800700-000,15鄰,樂學路,,,,,,542號八樓,121.38305836214,25.0543143167693
桃園市龜山區長樂里15鄰樂學路542號九樓,68,6800700,6800700-000,15鄰,樂學路,,,,,,542號九樓,121.38305836214,25.0543143167693
桃園市龜山區長樂里15鄰樂學路542號十一樓,68,6800700,6800700-000,15鄰,樂學路,,,,,,542號十一樓,121.38305836214,25.0543143167693
桃園市龜山區長樂里15鄰樂學路542號十二樓,68,6800700,6800700-000,15鄰,樂學路,,,,,,542號十二樓,121.38305836214,25.0543143167693
桃園市龜山區長樂里15鄰樂學路542號十三樓,68,6800700,6800700-000,15鄰,樂學路,,,,,,542號十三樓,121.38305836214,25.0543143167693
桃園市龜山區長樂里15鄰樂學路542號十四樓,68,6800700,6800700-000,15鄰,樂學路,,,,,,542號十四樓,121.38305836214,25.0543143167693
桃園市龜山區長樂里15鄰樂學路542號十五樓,68,6800700,6800700-000,15鄰,樂學路,,,,,,542號十五樓,121.38305836214,25.0543143167693
桃園市龜山區長樂里15鄰樂學路546號十樓,68,6800700,6800700-000,15鄰,樂學路,,,,,,546號十樓,121.383112589507,25.054254952002
桃園市龜山區長樂里15鄰樂學路546號二樓,68,6800700,6800700-000,15鄰,樂學路,,,,,,546號二樓,121.383112589507,25.054254952002
桃園市龜山區長樂里15鄰樂學路546號三樓,68,6800700,6800700-000,15鄰,樂學路,,,,,,546號三樓,121.383112589507,25.054254952002
桃園市龜山區長樂里15鄰樂學路546號四樓,68,6800700,6800700-000,15鄰,樂學路,,,,,,546號四樓,121.383112589507,25.054254952002
桃園市龜山區長樂里15鄰樂學路546號五樓,68,6800700,6800700-000,15鄰,樂學路,,,,,,546號五樓,121.383112589507,25.054254952002
桃園市龜山區長樂里15鄰樂學路546號六樓,68,6800700,6800700-000,15鄰,樂學路,,,,,,546號六樓,121.383112589507,25.054254952002
桃園市龜山區長樂里15鄰樂學路546號七樓,68,6800700,6800700-000,15鄰,樂學路,,,,,,546號七樓,121.383112589507,25.054254952002
桃園市龜山區長樂里15鄰樂學路546號八樓,68,6800700,6800700-000,15鄰,樂學路,,,,,,546號八樓,121.383112589507,25.054254952002
桃園市龜山區長樂里15鄰樂學路546號九樓,68,6800700,6800700-000,15鄰,樂學路,,,,,,546號九樓,121.383112589507,25.054254952002
桃園市龜山區長樂里15鄰樂學路546號十一樓,68,6800700,6800700-000,15鄰,樂學路,,,,,,546號十一樓,121.383112589507,25.054254952002
桃園市龜山區長樂里15鄰樂學路546號十二樓,68,6800700,6800700-000,15鄰,樂學路,,,,,,546號十二樓,121.383112589507,25.054254952002
桃園市龜山區長樂里15鄰樂學路546號十三樓,68,6800700,6800700-000,15鄰,樂學路,,,,,,546號十三樓,121.383112589507,25.054254952002
桃園市龜山區長樂里15鄰樂學路546號十四樓,68,6800700,6800700-000,15鄰,樂學路,,,,,,546號十四樓,121.383112589507,25.054254952002
桃園市龜山區長樂里15鄰樂學路546號十五樓,68,6800700,6800700-000,15鄰,樂學路,,,,,,546號十五樓,121.383112589507,25.054254952002
桃園市龜山區長樂里15鄰樂學路548號十樓,68,6800700,6800700-000,15鄰,樂學路,,,,,,548號十樓,121.383163942264,25.0542911128432
桃園市龜山區長樂里15鄰樂學路548號二樓,68,6800700,6800700-000,15鄰,樂學路,,,,,,548號二樓,121.383163942264,25.0542911128432
桃園市龜山區長樂里15鄰樂學路548號三樓,68,6800700,6800700-000,15鄰,樂學路,,,,,,548號三樓,121.383163942264,25.0542911128432
桃園市龜山區長樂里15鄰樂學路548號四樓,68,6800700,6800700-000,15鄰,樂學路,,,,,,548號四樓,121.383163942264,25.0542911128432
桃園市龜山區長樂里15鄰樂學路548號五樓,68,6800700,6800700-000,15鄰,樂學路,,,,,,548號五樓,121.383163942264,25.0542911128432
桃園市龜山區長樂里15鄰樂學路548號六樓,68,6800700,6800700-000,15鄰,樂學路,,,,,,548號六樓,121.383163942264,25.0542911128432
桃園市龜山區長樂里15鄰樂學路548號七樓,68,6800700,6800700-000,15鄰,樂學路,,,,,,548號七樓,121.383163942264,25.0542911128432
桃園市龜山區長樂里15鄰樂學路548號八樓,68,6800700,6800700-000,15鄰,樂學路,,,,,,548號八樓,121.383163942264,25.0542911128432
桃園市龜山區長樂里15鄰樂學路548號九樓,68,6800700,6800700-000,15鄰,樂學路,,,,,,548號九樓,121.383163942264,25.0542911128432
桃園市龜山區長樂里15鄰樂學路548號十一樓,68,6800700,6800700-000,15鄰,樂學路,,,,,,548號十一樓,121.383163942264,25.0542911128432
桃園市龜山區長樂里15鄰樂學路548號十二樓,68,6800700,6800700-000,15鄰,樂學路,,,,,,548號十二樓,121.383163942264,25.0542911128432
桃園市龜山區長樂里15鄰樂學路548號十三樓,68,6800700,6800700-000,15鄰,樂學路,,,,,,548號十三樓,121.383163942264,25.0542911128432
桃園市龜山區長樂里15鄰樂學路548號十四樓,68,6800700,6800700-000,15鄰,樂學路,,,,,,548號十四樓,121.383163942264,25.0542911128432
桃園市龜山區長樂里15鄰樂學路548號十五樓,68,6800700,6800700-000,15鄰,樂學路,,,,,,548號十五樓,121.383163942264,25.0542911128432
桃園市龜山區長樂里15鄰樂學路550號十樓,68,6800700,6800700-000,15鄰,樂學路,,,,,,550號十樓,121.383223826664,25.0543298698275
桃園市龜山區長樂里15鄰樂學路550號二樓,68,6800700,6800700-000,15鄰,樂學路,,,,,,550號二樓,121.383223826664,25.0543298698275
桃園市龜山區長樂里15鄰樂學路550號三樓,68,6800700,6800700-000,15鄰,樂學路,,,,,,550號三樓,121.383223826664,25.0543298698275
桃園市龜山區長樂里15鄰樂學路550號四樓,68,6800700,6800700-000,15鄰,樂學路,,,,,,550號四樓,121.383223826664,25.0543298698275
桃園市龜山區長樂里15鄰樂學路550號五樓,68,6800700,6800700-000,15鄰,樂學路,,,,,,550號五樓,121.383223826664,25.0543298698275
桃園市龜山區長樂里15鄰樂學路550號六樓,68,6800700,6800700-000,15鄰,樂學路,,,,,,550號六樓,121.383223826664,25.0543298698275
桃園市龜山區長樂里15鄰樂學路550號七樓,68,6800700,6800700-000,15鄰,樂學路,,,,,,550號七樓,121.383223826664,25.0543298698275
桃園市龜山區長樂里15鄰樂學路550號八樓,68,6800700,6800700-000,15鄰,樂學路,,,,,,550號八樓,121.383223826664,25.0543298698275
桃園市龜山區長樂里15鄰樂學路550號九樓,68,6800700,6800700-000,15鄰,樂學路,,,,,,550號九樓,121.383223826664,25.0543298698275
桃園市龜山區長樂里15鄰樂學路550號十一樓,68,6800700,6800700-000,15鄰,樂學路,,,,,,550號十一樓,121.383223826664,25.0543298698275
桃園市龜山區長樂里15鄰樂學路550號十二樓,68,6800700,6800700-000,15鄰,樂學路,,,,,,550號十二樓,121.383223826664,25.0543298698275
桃園市龜山區長樂里15鄰樂學路550號十三樓,68,6800700,6800700-000,15鄰,樂學路,,,,,,550號十三樓,121.383223826664,25.0543298698275
桃園市龜山區長樂里15鄰樂學路550號十四樓,68,6800700,6800700-000,15鄰,樂學路,,,,,,550號十四樓,121.383223826664,25.0543298698275
桃園市龜山區長樂里15鄰樂學路550號十五樓,68,6800700,6800700-000,15鄰,樂學路,,,,,,550號十五樓,121.383223826664,25.0543298698275
桃園市龜山區長樂里15鄰樂學路552號十樓,68,6800700,6800700-000,15鄰,樂學路,,,,,,552號十樓,121.38315817495,25.0544125568272
桃園市龜山區長樂里15鄰樂學路552號二樓,68,6800700,6800700-000,15鄰,樂學路,,,,,,552號二樓,121.38315817495,25.0544125568272
桃園市龜山區長樂里15鄰樂學路552號三樓,68,6800700,6800700-000,15鄰,樂學路,,,,,,552號三樓,121.38315817495,25.0544125568272
桃園市龜山區長樂里15鄰樂學路552號四樓,68,6800700,6800700-000,15鄰,樂學路,,,,,,552號四樓,121.38315817495,25.0544125568272
桃園市龜山區長樂里15鄰樂學路552號五樓,68,6800700,6800700-000,15鄰,樂學路,,,,,,552號五樓,121.38315817495,25.0544125568272
桃園市龜山區長樂里15鄰樂學路552號六樓,68,6800700,6800700-000,15鄰,樂學路,,,,,,552號六樓,121.38315817495,25.0544125568272
桃園市龜山區長樂里15鄰樂學路552號七樓,68,6800700,6800700-000,15鄰,樂學路,,,,,,552號七樓,121.38315817495,25.0544125568272
桃園市龜山區長樂里15鄰樂學路552號八樓,68,6800700,6800700-000,15鄰,樂學路,,,,,,552號八樓,121.38315817495,25.0544125568272
桃園市龜山區長樂里15鄰樂學路552號九樓,68,6800700,6800700-000,15鄰,樂學路,,,,,,552號九樓,121.38315817495,25.0544125568272
桃園市龜山區長樂里15鄰樂學路552號十一樓,68,6800700,6800700-000,15鄰,樂學路,,,,,,552號十一樓,121.38315817495,25.0544125568272
桃園市龜山區長樂里15鄰樂學路552號十二樓,68,6800700,6800700-000,15鄰,樂學路,,,,,,552號十二樓,121.38315817495,25.0544125568272
桃園市龜山區長樂里15鄰樂學路552號十三樓,68,6800700,6800700-000,15鄰,樂學路,,,,,,552號十三樓,121.38315817495,25.0544125568272
桃園市龜山區長樂里15鄰樂學路552號十四樓,68,6800700,6800700-000,15鄰,樂學路,,,,,,552號十四樓,121.38315817495,25.0544125568272
桃園市龜山區長樂里15鄰樂學路552號十五樓,68,6800700,6800700-000,15鄰,樂學路,,,,,,552號十五樓,121.38315817495,25.0544125568272
桃園市龜山區長樂里15鄰樂學路556號十樓,68,6800700,6800700-000,15鄰,樂學路,,,,,,556號十樓,121.38310970407,25.0544745249362
桃園市龜山區長樂里15鄰樂學路556號二樓,68,6800700,6800700-000,15鄰,樂學路,,,,,,556號二樓,121.38310970407,25.0544745249362
桃園市龜山區長樂里15鄰樂學路556號三樓,68,6800700,6800700-000,15鄰,樂學路,,,,,,556號三樓,121.38310970407,25.0544745249362
桃園市龜山區長樂里15鄰樂學路556號四樓,68,6800700,6800700-000,15鄰,樂學路,,,,,,556號四樓,121.38310970407,25.0544745249362
桃園市龜山區長樂里15鄰樂學路556號五樓,68,6800700,6800700-000,15鄰,樂學路,,,,,,556號五樓,121.38310970407,25.0544745249362
桃園市龜山區長樂里15鄰樂學路556號六樓,68,6800700,6800700-000,15鄰,樂學路,,,,,,556號六樓,121.38310970407,25.0544745249362
桃園市龜山區長樂里15鄰樂學路556號七樓,68,6800700,6800700-000,15鄰,樂學路,,,,,,556號七樓,121.38310970407,25.0544745249362
桃園市龜山區長樂里15鄰樂學路556號八樓,68,6800700,6800700-000,15鄰,樂學路,,,,,,556號八樓,121.38310970407,25.0544745249362
桃園市龜山區長樂里15鄰樂學路556號九樓,68,6800700,6800700-000,15鄰,樂學路,,,,,,556號九樓,121.38310970407,25.0544745249362
桃園市龜山區長樂里15鄰樂學路556號十一樓,68,6800700,6800700-000,15鄰,樂學路,,,,,,556號十一樓,121.38310970407,25.0544745249362
桃園市龜山區長樂里15鄰樂學路556號十二樓,68,6800700,6800700-000,15鄰,樂學路,,,,,,556號十二樓,121.38310970407,25.0544745249362
桃園市龜山區長樂里15鄰樂學路556號十三樓,68,6800700,6800700-000,15鄰,樂學路,,,,,,556號十三樓,121.38310970407,25.0544745249362
桃園市龜山區長樂里15鄰樂學路556號十四樓,68,6800700,6800700-000,15鄰,樂學路,,,,,,556號十四樓,121.38310970407,25.0544745249362
桃園市龜山區長樂里15鄰樂學路556號十五樓,68,6800700,6800700-000,15鄰,樂學路,,,,,,556號十五樓,121.38310970407,25.0544745249362
桃園市龜山區長樂里15鄰樂學路558號十樓,68,6800700,6800700-000,15鄰,樂學路,,,,,,558號十樓,121.383064107623,25.0545365758978
桃園市龜山區長樂里15鄰樂學路558號二樓,68,6800700,6800700-000,15鄰,樂學路,,,,,,558號二樓,121.383064107623,25.0545365758978
桃園市龜山區長樂里15鄰樂學路558號三樓,68,6800700,6800700-000,15鄰,樂學路,,,,,,558號三樓,121.383064107623,25.0545365758978
桃園市龜山區長樂里15鄰樂學路558號四樓,68,6800700,6800700-000,15鄰,樂學路,,,,,,558號四樓,121.383064107623,25.0545365758978
桃園市龜山區長樂里15鄰樂學路558號五樓,68,6800700,6800700-000,15鄰,樂學路,,,,,,558號五樓,121.383064107623,25.0545365758978
桃園市龜山區長樂里15鄰樂學路558號六樓,68,6800700,6800700-000,15鄰,樂學路,,,,,,558號六樓,121.383064107623,25.0545365758978
桃園市龜山區長樂里15鄰樂學路558號七樓,68,6800700,6800700-000,15鄰,樂學路,,,,,,558號七樓,121.383064107623,25.0545365758978
桃園市龜山區長樂里15鄰樂學路558號八樓,68,6800700,6800700-000,15鄰,樂學路,,,,,,558號八樓,121.383064107623,25.0545365758978
桃園市龜山區長樂里15鄰樂學路558號九樓,68,6800700,6800700-000,15鄰,樂學路,,,,,,558號九樓,121.383064107623,25.0545365758978
桃園市龜山區長樂里15鄰樂學路558號十一樓,68,6800700,6800700-000,15鄰,樂學路,,,,,,558號十一樓,121.383064107623,25.0545365758978
桃園市龜山區長樂里15鄰樂學路558號十二樓,68,6800700,6800700-000,15鄰,樂學路,,,,,,558號十二樓,121.383064107623,25.0545365758978
桃園市龜山區長樂里15鄰樂學路558號十三樓,68,6800700,6800700-000,15鄰,樂學路,,,,,,558號十三樓,121.383064107623,25.0545365758978
桃園市龜山區長樂里15鄰樂學路558號十四樓,68,6800700,6800700-000,15鄰,樂學路,,,,,,558號十四樓,121.383064107623,25.0545365758978
桃園市龜山區長樂里15鄰樂學路558號十五樓,68,6800700,6800700-000,15鄰,樂學路,,,,,,558號十五樓,121.383064107623,25.0545365758978
桃園市龜山區長樂里15鄰樂學路560號,68,6800700,6800700-000,15鄰,樂學路,,,,,,560號,121.38302416014,25.0545985219959
桃園市龜山區長樂里15鄰樂學路560號十樓,68,6800700,6800700-000,15鄰,樂學路,,,,,,560號十樓,121.38302416014,25.0545985219959
桃園市龜山區長樂里15鄰樂學路560號二樓,68,6800700,6800700-000,15鄰,樂學路,,,,,,560號二樓,121.38302416014,25.0545985219959
桃園市龜山區長樂里15鄰樂學路560號三樓,68,6800700,6800700-000,15鄰,樂學路,,,,,,560號三樓,121.38302416014,25.0545985219959
桃園市龜山區長樂里15鄰樂學路560號四樓,68,6800700,6800700-000,15鄰,樂學路,,,,,,560號四樓,121.38302416014,25.0545985219959
桃園市龜山區長樂里15鄰樂學路560號五樓,68,6800700,6800700-000,15鄰,樂學路,,,,,,560號五樓,121.38302416014,25.0545985219959
桃園市龜山區長樂里15鄰樂學路560號六樓,68,6800700,6800700-000,15鄰,樂學路,,,,,,560號六樓,121.38302416014,25.0545985219959
桃園市龜山區長樂里15鄰樂學路560號七樓,68,6800700,6800700-000,15鄰,樂學路,,,,,,560號七樓,121.38302416014,25.0545985219959
桃園市龜山區長樂里15鄰樂學路560號八樓,68,6800700,6800700-000,15鄰,樂學路,,,,,,560號八樓,121.38302416014,25.0545985219959
桃園市龜山區長樂里15鄰樂學路560號九樓,68,6800700,6800700-000,15鄰,樂學路,,,,,,560號九樓,121.38302416014,25.0545985219959
桃園市龜山區長樂里15鄰樂學路560號十一樓,68,6800700,6800700-000,15鄰,樂學路,,,,,,560號十一樓,121.38302416014,25.0545985219959
桃園市龜山區長樂里15鄰樂學路560號十二樓,68,6800700,6800700-000,15鄰,樂學路,,,,,,560號十二樓,121.38302416014,25.0545985219959
桃園市龜山區長樂里15鄰樂學路560號十三樓,68,6800700,6800700-000,15鄰,樂學路,,,,,,560號十三樓,121.38302416014,25.0545985219959
桃園市龜山區長樂里15鄰樂學路560號十四樓,68,6800700,6800700-000,15鄰,樂學路,,,,,,560號十四樓,121.38302416014,25.0545985219959
桃園市龜山區長樂里15鄰樂學路560號十五樓,68,6800700,6800700-000,15鄰,樂學路,,,,,,560號十五樓,121.38302416014,25.0545985219959
桃園市龜山區長樂里19鄰樂學路590巷20號,68,6800700,6800700-000,19鄰,樂學路,,590巷,,,,20號,121.383192984518,25.0553757744316
桃園市龜山區長樂里19鄰樂學路590巷22號,68,6800700,6800700-000,19鄰,樂學路,,590巷,,,,22號,121.383276638418,25.0554087822996
桃園市龜山區長樂里19鄰樂學路590巷26號,68,6800700,6800700-000,19鄰,樂學路,,590巷,,,,26號,121.383362503136,25.0554515348531
桃園市龜山區長樂里19鄰樂學路590巷28號,68,6800700,6800700-000,19鄰,樂學路,,590巷,,,,28號,121.383452617612,25.0554903942649
桃園市龜山區長樂里20鄰樂學路590巷29號,68,6800700,6800700-000,20鄰,樂學路,,590巷,,,,29號,121.383195595257,25.0556097782486
桃園市龜山區長樂里19鄰樂學路590巷30號,68,6800700,6800700-000,19鄰,樂學路,,590巷,,,,30號,121.383523381312,25.0555215393524
桃園市龜山區長樂里20鄰樂學路590巷31號,68,6800700,6800700-000,20鄰,樂學路,,590巷,,,,31號,121.383258421643,25.055638235485
桃園市龜山區長樂里19鄰樂學路590巷32號,68,6800700,6800700-000,19鄰,樂學路,,590巷,,,,32號,121.383602797786,25.0555623222151
桃園市龜山區長樂里20鄰樂學路590巷33號,68,6800700,6800700-000,20鄰,樂學路,,590巷,,,,33號,121.38331541622,25.0556717635291
桃園市龜山區長樂里20鄰樂學路590巷35號,68,6800700,6800700-000,20鄰,樂學路,,590巷,,,,35號,121.383372486067,25.0556976173998
桃園市龜山區長樂里20鄰樂學路590巷37號,68,6800700,6800700-000,20鄰,樂學路,,590巷,,,,37號,121.383945749315,25.05601546342
桃園市龜山區長樂里20鄰樂學路590巷39號,68,6800700,6800700-000,20鄰,樂學路,,590巷,,,,39號,121.384005610609,25.0560464558919
桃園市龜山區長樂里20鄰樂學路590巷41號,68,6800700,6800700-000,20鄰,樂學路,,590巷,,,,41號,121.38407690212,25.0560878011919
桃園市龜山區長樂里20鄰樂學路590巷43號,68,6800700,6800700-000,20鄰,樂學路,,590巷,,,,43號,121.384136870754,25.0561214115055
桃園市龜山區長樂里20鄰樂學路622巷26號十樓,68,6800700,6800700-000,20鄰,樂學路,,622巷,,,,26號十樓,121.383375317728,25.0558113652148
桃園市龜山區長樂里20鄰樂學路622巷26號二樓,68,6800700,6800700-000,20鄰,樂學路,,622巷,,,,26號二樓,121.383375317728,25.0558113652148
桃園市龜山區長樂里20鄰樂學路622巷26號三樓,68,6800700,6800700-000,20鄰,樂學路,,622巷,,,,26號三樓,121.383375317728,25.0558113652148
桃園市龜山區長樂里20鄰樂學路622巷26號四樓,68,6800700,6800700-000,20鄰,樂學路,,622巷,,,,26號四樓,121.383375317728,25.0558113652148
桃園市龜山區長樂里20鄰樂學路622巷26號五樓,68,6800700,6800700-000,20鄰,樂學路,,622巷,,,,26號五樓,121.383375317728,25.0558113652148
桃園市龜山區長樂里20鄰樂學路622巷26號六樓,68,6800700,6800700-000,20鄰,樂學路,,622巷,,,,26號六樓,121.383375317728,25.0558113652148
桃園市龜山區長樂里20鄰樂學路622巷26號七樓,68,6800700,6800700-000,20鄰,樂學路,,622巷,,,,26號七樓,121.383375317728,25.0558113652148
桃園市龜山區長樂里20鄰樂學路622巷26號八樓,68,6800700,6800700-000,20鄰,樂學路,,622巷,,,,26號八樓,121.383375317728,25.0558113652148
桃園市龜山區長樂里20鄰樂學路622巷26號九樓,68,6800700,6800700-000,20鄰,樂學路,,622巷,,,,26號九樓,121.383375317728,25.0558113652148
桃園市龜山區長樂里20鄰樂學路622巷26號十一樓,68,6800700,6800700-000,20鄰,樂學路,,622巷,,,,26號十一樓,121.383375317728,25.0558113652148
桃園市龜山區長樂里20鄰樂學路622巷26號十二樓,68,6800700,6800700-000,20鄰,樂學路,,622巷,,,,26號十二樓,121.383375317728,25.0558113652148
桃園市龜山區長樂里20鄰樂學路622巷26號十三樓,68,6800700,6800700-000,20鄰,樂學路,,622巷,,,,26號十三樓,121.383375317728,25.0558113652148
桃園市龜山區長樂里20鄰樂學路622巷26號十四樓,68,6800700,6800700-000,20鄰,樂學路,,622巷,,,,26號十四樓,121.383375317728,25.0558113652148
桃園市龜山區長樂里20鄰樂學路622巷26號十五樓,68,6800700,6800700-000,20鄰,樂學路,,622巷,,,,26號十五樓,121.383375317728,25.0558113652148
桃園市龜山區長樂里20鄰樂學路622巷26號十六樓,68,6800700,6800700-000,20鄰,樂學路,,622巷,,,,26號十六樓,121.383375317728,25.0558113652148
桃園市龜山區長樂里20鄰樂學路622巷26號十七樓,68,6800700,6800700-000,20鄰,樂學路,,622巷,,,,26號十七樓,121.383375317728,25.0558113652148
桃園市龜山區長樂里20鄰樂學路622巷26號十八樓,68,6800700,6800700-000,20鄰,樂學路,,622巷,,,,26號十八樓,121.383375317728,25.0558113652148
桃園市龜山區長樂里20鄰樂學路622巷26號十九樓,68,6800700,6800700-000,20鄰,樂學路,,622巷,,,,26號十九樓,121.383375317728,25.0558113652148
桃園市龜山區長樂里20鄰樂學路622巷26號二十樓,68,6800700,6800700-000,20鄰,樂學路,,622巷,,,,26號二十樓,121.383375317728,25.0558113652148
桃園市龜山區長樂里20鄰樂學路622巷26號二十一樓,68,6800700,6800700-000,20鄰,樂學路,,622巷,,,,26號二十一樓,121.383375317728,25.0558113652148
桃園市龜山區長樂里20鄰樂學路622巷28號十樓,68,6800700,6800700-000,20鄰,樂學路,,622巷,,,,28號十樓,121.383298270009,25.0557674162548
桃園市龜山區長樂里20鄰樂學路622巷28號二樓,68,6800700,6800700-000,20鄰,樂學路,,622巷,,,,28號二樓,121.383298270009,25.0557674162548
桃園市龜山區長樂里20鄰樂學路622巷28號三樓,68,6800700,6800700-000,20鄰,樂學路,,622巷,,,,28號三樓,121.383298270009,25.0557674162548
桃園市龜山區長樂里20鄰樂學路622巷28號四樓,68,6800700,6800700-000,20鄰,樂學路,,622巷,,,,28號四樓,121.383298270009,25.0557674162548
桃園市龜山區長樂里20鄰樂學路622巷28號五樓,68,6800700,6800700-000,20鄰,樂學路,,622巷,,,,28號五樓,121.383298270009,25.0557674162548
桃園市龜山區長樂里20鄰樂學路622巷28號六樓,68,6800700,6800700-000,20鄰,樂學路,,622巷,,,,28號六樓,121.383298270009,25.0557674162548
桃園市龜山區長樂里20鄰樂學路622巷28號七樓,68,6800700,6800700-000,20鄰,樂學路,,622巷,,,,28號七樓,121.383298270009,25.0557674162548
桃園市龜山區長樂里20鄰樂學路622巷28號八樓,68,6800700,6800700-000,20鄰,樂學路,,622巷,,,,28號八樓,121.383298270009,25.0557674162548
桃園市龜山區長樂里20鄰樂學路622巷28號九樓,68,6800700,6800700-000,20鄰,樂學路,,622巷,,,,28號九樓,121.383298270009,25.0557674162548
桃園市龜山區長樂里20鄰樂學路622巷28號十一樓,68,6800700,6800700-000,20鄰,樂學路,,622巷,,,,28號十一樓,121.383298270009,25.0557674162548
桃園市龜山區長樂里20鄰樂學路622巷28號十二樓,68,6800700,6800700-000,20鄰,樂學路,,622巷,,,,28號十二樓,121.383298270009,25.0557674162548
桃園市龜山區長樂里20鄰樂學路622巷28號十三樓,68,6800700,6800700-000,20鄰,樂學路,,622巷,,,,28號十三樓,121.383298270009,25.0557674162548
桃園市龜山區長樂里20鄰樂學路622巷28號十四樓,68,6800700,6800700-000,20鄰,樂學路,,622巷,,,,28號十四樓,121.383298270009,25.0557674162548
桃園市龜山區長樂里20鄰樂學路622巷28號十五樓,68,6800700,6800700-000,20鄰,樂學路,,622巷,,,,28號十五樓,121.383298270009,25.0557674162548
桃園市龜山區長樂里20鄰樂學路622巷28號十六樓,68,6800700,6800700-000,20鄰,樂學路,,622巷,,,,28號十六樓,121.383298270009,25.0557674162548
桃園市龜山區長樂里20鄰樂學路622巷28號十七樓,68,6800700,6800700-000,20鄰,樂學路,,622巷,,,,28號十七樓,121.383298270009,25.0557674162548
桃園市龜山區長樂里20鄰樂學路622巷28號十八樓,68,6800700,6800700-000,20鄰,樂學路,,622巷,,,,28號十八樓,121.383298270009,25.0557674162548
桃園市龜山區長樂里20鄰樂學路622巷28號十九樓,68,6800700,6800700-000,20鄰,樂學路,,622巷,,,,28號十九樓,121.383298270009,25.0557674162548
桃園市龜山區長樂里20鄰樂學路622巷28號二十樓,68,6800700,6800700-000,20鄰,樂學路,,622巷,,,,28號二十樓,121.383298270009,25.0557674162548
桃園市龜山區長樂里20鄰樂學路622巷28號二十一樓,68,6800700,6800700-000,20鄰,樂學路,,622巷,,,,28號二十一樓,121.383298270009,25.0557674162548
桃園市龜山區長樂里20鄰樂學路622巷30號十樓,68,6800700,6800700-000,20鄰,樂學路,,622巷,,,,30號十樓,121.383198485438,25.0557105253331
桃園市龜山區長樂里20鄰樂學路622巷30號二樓,68,6800700,6800700-000,20鄰,樂學路,,622巷,,,,30號二樓,121.383198485438,25.0557105253331
桃園市龜山區長樂里20鄰樂學路622巷30號三樓,68,6800700,6800700-000,20鄰,樂學路,,622巷,,,,30號三樓,121.383198485438,25.0557105253331
桃園市龜山區長樂里20鄰樂學路622巷30號四樓,68,6800700,6800700-000,20鄰,樂學路,,622巷,,,,30號四樓,121.383198485438,25.0557105253331
桃園市龜山區長樂里20鄰樂學路622巷30號五樓,68,6800700,6800700-000,20鄰,樂學路,,622巷,,,,30號五樓,121.383198485438,25.0557105253331
桃園市龜山區長樂里20鄰樂學路622巷30號六樓,68,6800700,6800700-000,20鄰,樂學路,,622巷,,,,30號六樓,121.383198485438,25.0557105253331
桃園市龜山區長樂里20鄰樂學路622巷30號七樓,68,6800700,6800700-000,20鄰,樂學路,,622巷,,,,30號七樓,121.383198485438,25.0557105253331
桃園市龜山區長樂里20鄰樂學路622巷30號八樓,68,6800700,6800700-000,20鄰,樂學路,,622巷,,,,30號八樓,121.383198485438,25.0557105253331
桃園市龜山區長樂里20鄰樂學路622巷30號九樓,68,6800700,6800700-000,20鄰,樂學路,,622巷,,,,30號九樓,121.383198485438,25.0557105253331
桃園市龜山區長樂里20鄰樂學路622巷30號十一樓,68,6800700,6800700-000,20鄰,樂學路,,622巷,,,,30號十一樓,121.383198485438,25.0557105253331
桃園市龜山區長樂里20鄰樂學路622巷30號十二樓,68,6800700,6800700-000,20鄰,樂學路,,622巷,,,,30號十二樓,121.383198485438,25.0557105253331
桃園市龜山區長樂里20鄰樂學路622巷30號十三樓,68,6800700,6800700-000,20鄰,樂學路,,622巷,,,,30號十三樓,121.383198485438,25.0557105253331
桃園市龜山區長樂里20鄰樂學路622巷30號十四樓,68,6800700,6800700-000,20鄰,樂學路,,622巷,,,,30號十四樓,121.383198485438,25.0557105253331
桃園市龜山區長樂里20鄰樂學路622巷30號十五樓,68,6800700,6800700-000,20鄰,樂學路,,622巷,,,,30號十五樓,121.383198485438,25.0557105253331
桃園市龜山區長樂里20鄰樂學路622巷30號十六樓,68,6800700,6800700-000,20鄰,樂學路,,622巷,,,,30號十六樓,121.383198485438,25.0557105253331
桃園市龜山區長樂里20鄰樂學路622巷30號十七樓,68,6800700,6800700-000,20鄰,樂學路,,622巷,,,,30號十七樓,121.383198485438,25.0557105253331
桃園市龜山區長樂里20鄰樂學路622巷30號十八樓,68,6800700,6800700-000,20鄰,樂學路,,622巷,,,,30號十八樓,121.383198485438,25.0557105253331
桃園市龜山區長樂里20鄰樂學路622巷30號十九樓,68,6800700,6800700-000,20鄰,樂學路,,622巷,,,,30號十九樓,121.383198485438,25.0557105253331
桃園市龜山區長樂里20鄰樂學路622巷30號二十樓,68,6800700,6800700-000,20鄰,樂學路,,622巷,,,,30號二十樓,121.383198485438,25.0557105253331
桃園市龜山區長樂里20鄰樂學路622巷30號二十一樓,68,6800700,6800700-000,20鄰,樂學路,,622巷,,,,30號二十一樓,121.383198485438,25.0557105253331
桃園市龜山區長樂里20鄰樂學路622巷32號十樓,68,6800700,6800700-000,20鄰,樂學路,,622巷,,,,32號十樓,121.383132916096,25.0557880660356
桃園市龜山區長樂里20鄰樂學路622巷32號二樓,68,6800700,6800700-000,20鄰,樂學路,,622巷,,,,32號二樓,121.383132916096,25.0557880660356
桃園市龜山區長樂里20鄰樂學路622巷32號三樓,68,6800700,6800700-000,20鄰,樂學路,,622巷,,,,32號三樓,121.383132916096,25.0557880660356
桃園市龜山區長樂里20鄰樂學路622巷32號四樓,68,6800700,6800700-000,20鄰,樂學路,,622巷,,,,32號四樓,121.383132916096,25.0557880660356
桃園市龜山區長樂里20鄰樂學路622巷32號五樓,68,6800700,6800700-000,20鄰,樂學路,,622巷,,,,32號五樓,121.383132916096,25.0557880660356
桃園市龜山區長樂里20鄰樂學路622巷32號六樓,68,6800700,6800700-000,20鄰,樂學路,,622巷,,,,32號六樓,121.383132916096,25.0557880660356
桃園市龜山區長樂里20鄰樂學路622巷32號七樓,68,6800700,6800700-000,20鄰,樂學路,,622巷,,,,32號七樓,121.383132916096,25.0557880660356
桃園市龜山區長樂里20鄰樂學路622巷32號八樓,68,6800700,6800700-000,20鄰,樂學路,,622巷,,,,32號八樓,121.383132916096,25.0557880660356
桃園市龜山區長樂里20鄰樂學路622巷32號九樓,68,6800700,6800700-000,20鄰,樂學路,,622巷,,,,32號九樓,121.383132916096,25.0557880660356
桃園市龜山區長樂里20鄰樂學路622巷32號十一樓,68,6800700,6800700-000,20鄰,樂學路,,622巷,,,,32號十一樓,121.383132916096,25.0557880660356
桃園市龜山區長樂里20鄰樂學路622巷32號十二樓,68,6800700,6800700-000,20鄰,樂學路,,622巷,,,,32號十二樓,121.383132916096,25.0557880660356
桃園市龜山區長樂里20鄰樂學路622巷32號十三樓,68,6800700,6800700-000,20鄰,樂學路,,622巷,,,,32號十三樓,121.383132916096,25.0557880660356
桃園市龜山區長樂里20鄰樂學路622巷32號十四樓,68,6800700,6800700-000,20鄰,樂學路,,622巷,,,,32號十四樓,121.383132916096,25.0557880660356
桃園市龜山區長樂里20鄰樂學路622巷32號十五樓,68,6800700,6800700-000,20鄰,樂學路,,622巷,,,,32號十五樓,121.383132916096,25.0557880660356
桃園市龜山區長樂里20鄰樂學路622巷32號十六樓,68,6800700,6800700-000,20鄰,樂學路,,622巷,,,,32號十六樓,121.383132916096,25.0557880660356
桃園市龜山區長樂里20鄰樂學路622巷32號十七樓,68,6800700,6800700-000,20鄰,樂學路,,622巷,,,,32號十七樓,121.383132916096,25.0557880660356
桃園市龜山區長樂里20鄰樂學路622巷32號十八樓,68,6800700,6800700-000,20鄰,樂學路,,622巷,,,,32號十八樓,121.383132916096,25.0557880660356
桃園市龜山區長樂里20鄰樂學路622巷32號十九樓,68,6800700,6800700-000,20鄰,樂學路,,622巷,,,,32號十九樓,121.383132916096,25.0557880660356
桃園市龜山區長樂里20鄰樂學路622巷32號二十樓,68,6800700,6800700-000,20鄰,樂學路,,622巷,,,,32號二十樓,121.383132916096,25.0557880660356
桃園市龜山區長樂里20鄰樂學路622巷32號二十一樓,68,6800700,6800700-000,20鄰,樂學路,,622巷,,,,32號二十一樓,121.383132916096,25.0557880660356
桃園市龜山區長樂里20鄰樂學路622巷36號十樓,68,6800700,6800700-000,20鄰,樂學路,,622巷,,,,36號十樓,121.383246988743,25.055850066197
桃園市龜山區長樂里20鄰樂學路622巷36號二樓,68,6800700,6800700-000,20鄰,樂學路,,622巷,,,,36號二樓,121.383246988743,25.055850066197
桃園市龜山區長樂里20鄰樂學路622巷36號三樓,68,6800700,6800700-000,20鄰,樂學路,,622巷,,,,36號三樓,121.383246988743,25.055850066197
桃園市龜山區長樂里20鄰樂學路622巷36號四樓,68,6800700,6800700-000,20鄰,樂學路,,622巷,,,,36號四樓,121.383246988743,25.055850066197
桃園市龜山區長樂里20鄰樂學路622巷36號五樓,68,6800700,6800700-000,20鄰,樂學路,,622巷,,,,36號五樓,121.383246988743,25.055850066197
桃園市龜山區長樂里20鄰樂學路622巷36號六樓,68,6800700,6800700-000,20鄰,樂學路,,622巷,,,,36號六樓,121.383246988743,25.055850066197
桃園市龜山區長樂里20鄰樂學路622巷36號七樓,68,6800700,6800700-000,20鄰,樂學路,,622巷,,,,36號七樓,121.383246988743,25.055850066197
桃園市龜山區長樂里20鄰樂學路622巷36號八樓,68,6800700,6800700-000,20鄰,樂學路,,622巷,,,,36號八樓,121.383246988743,25.055850066197
桃園市龜山區長樂里20鄰樂學路622巷36號九樓,68,6800700,6800700-000,20鄰,樂學路,,622巷,,,,36號九樓,121.383246988743,25.055850066197
桃園市龜山區長樂里20鄰樂學路622巷36號十一樓,68,6800700,6800700-000,20鄰,樂學路,,622巷,,,,36號十一樓,121.383246988743,25.055850066197
桃園市龜山區長樂里20鄰樂學路622巷36號十二樓,68,6800700,6800700-000,20鄰,樂學路,,622巷,,,,36號十二樓,121.383246988743,25.055850066197
桃園市龜山區長樂里20鄰樂學路622巷36號十三樓,68,6800700,6800700-000,20鄰,樂學路,,622巷,,,,36號十三樓,121.383246988743,25.055850066197
桃園市龜山區長樂里20鄰樂學路622巷36號十四樓,68,6800700,6800700-000,20鄰,樂學路,,622巷,,,,36號十四樓,121.383246988743,25.055850066197
桃園市龜山區長樂里20鄰樂學路622巷36號十五樓,68,6800700,6800700-000,20鄰,樂學路,,622巷,,,,36號十五樓,121.383246988743,25.055850066197
桃園市龜山區長樂里20鄰樂學路622巷36號十六樓,68,6800700,6800700-000,20鄰,樂學路,,622巷,,,,36號十六樓,121.383246988743,25.055850066197
桃園市龜山區長樂里20鄰樂學路622巷36號十七樓,68,6800700,6800700-000,20鄰,樂學路,,622巷,,,,36號十七樓,121.383246988743,25.055850066197
桃園市龜山區長樂里20鄰樂學路622巷36號十八樓,68,6800700,6800700-000,20鄰,樂學路,,622巷,,,,36號十八樓,121.383246988743,25.055850066197
桃園市龜山區長樂里20鄰樂學路622巷36號十九樓,68,6800700,6800700-000,20鄰,樂學路,,622巷,,,,36號十九樓,121.383246988743,25.055850066197
桃園市龜山區長樂里20鄰樂學路622巷36號二十樓,68,6800700,6800700-000,20鄰,樂學路,,622巷,,,,36號二十樓,121.383246988743,25.055850066197
桃園市龜山區長樂里20鄰樂學路622巷36號二十一樓,68,6800700,6800700-000,20鄰,樂學路,,622巷,,,,36號二十一樓,121.383246988743,25.055850066197
桃園市龜山區長樂里20鄰樂學路622巷38號十樓,68,6800700,6800700-000,20鄰,樂學路,,622巷,,,,38號十樓,121.383272674892,25.055950844733
桃園市龜山區長樂里20鄰樂學路622巷38號二樓,68,6800700,6800700-000,20鄰,樂學路,,622巷,,,,38號二樓,121.383272674892,25.055950844733
桃園市龜山區長樂里20鄰樂學路622巷38號三樓,68,6800700,6800700-000,20鄰,樂學路,,622巷,,,,38號三樓,121.383272674892,25.055950844733
桃園市龜山區長樂里20鄰樂學路622巷38號四樓,68,6800700,6800700-000,20鄰,樂學路,,622巷,,,,38號四樓,121.383272674892,25.055950844733
桃園市龜山區長樂里20鄰樂學路622巷38號五樓,68,6800700,6800700-000,20鄰,樂學路,,622巷,,,,38號五樓,121.383272674892,25.055950844733
桃園市龜山區長樂里20鄰樂學路622巷38號六樓,68,6800700,6800700-000,20鄰,樂學路,,622巷,,,,38號六樓,121.383272674892,25.055950844733
桃園市龜山區長樂里20鄰樂學路622巷38號七樓,68,6800700,6800700-000,20鄰,樂學路,,622巷,,,,38號七樓,121.383272674892,25.055950844733
桃園市龜山區長樂里20鄰樂學路622巷38號八樓,68,6800700,6800700-000,20鄰,樂學路,,622巷,,,,38號八樓,121.383272674892,25.055950844733
桃園市龜山區長樂里20鄰樂學路622巷38號九樓,68,6800700,6800700-000,20鄰,樂學路,,622巷,,,,38號九樓,121.383272674892,25.055950844733
桃園市龜山區長樂里20鄰樂學路622巷38號十一樓,68,6800700,6800700-000,20鄰,樂學路,,622巷,,,,38號十一樓,121.383272674892,25.055950844733
桃園市龜山區長樂里20鄰樂學路622巷38號十二樓,68,6800700,6800700-000,20鄰,樂學路,,622巷,,,,38號十二樓,121.383272674892,25.055950844733
桃園市龜山區長樂里20鄰樂學路622巷38號十三樓,68,6800700,6800700-000,20鄰,樂學路,,622巷,,,,38號十三樓,121.383272674892,25.055950844733
桃園市龜山區長樂里20鄰樂學路622巷38號十四樓,68,6800700,6800700-000,20鄰,樂學路,,622巷,,,,38號十四樓,121.383272674892,25.055950844733
桃園市龜山區長樂里20鄰樂學路622巷38號十五樓,68,6800700,6800700-000,20鄰,樂學路,,622巷,,,,38號十五樓,121.383272674892,25.055950844733
桃園市龜山區長樂里20鄰樂學路622巷38號十六樓,68,6800700,6800700-000,20鄰,樂學路,,622巷,,,,38號十六樓,121.383272674892,25.055950844733
桃園市龜山區長樂里20鄰樂學路622巷38號十七樓,68,6800700,6800700-000,20鄰,樂學路,,622巷,,,,38號十七樓,121.383272674892,25.055950844733
桃園市龜山區長樂里20鄰樂學路622巷38號十八樓,68,6800700,6800700-000,20鄰,樂學路,,622巷,,,,38號十八樓,121.383272674892,25.055950844733
桃園市龜山區長樂里20鄰樂學路622巷38號十九樓,68,6800700,6800700-000,20鄰,樂學路,,622巷,,,,38號十九樓,121.383272674892,25.055950844733
桃園市龜山區長樂里20鄰樂學路622巷38號二十樓,68,6800700,6800700-000,20鄰,樂學路,,622巷,,,,38號二十樓,121.383272674892,25.055950844733
桃園市龜山區長樂里20鄰樂學路622巷38號二十一樓,68,6800700,6800700-000,20鄰,樂學路,,622巷,,,,38號二十一樓,121.383272674892,25.055950844733
桃園市龜山區長樂里20鄰樂學路622巷40號十樓,68,6800700,6800700-000,20鄰,樂學路,,622巷,,,,40號十樓,121.383361037436,25.0559999105638
桃園市龜山區長樂里20鄰樂學路622巷40號二樓,68,6800700,6800700-000,20鄰,樂學路,,622巷,,,,40號二樓,121.383361037436,25.0559999105638
桃園市龜山區長樂里20鄰樂學路622巷40號三樓,68,6800700,6800700-000,20鄰,樂學路,,622巷,,,,40號三樓,121.383361037436,25.0559999105638
桃園市龜山區長樂里20鄰樂學路622巷40號四樓,68,6800700,6800700-000,20鄰,樂學路,,622巷,,,,40號四樓,121.383361037436,25.0559999105638
桃園市龜山區長樂里20鄰樂學路622巷40號五樓,68,6800700,6800700-000,20鄰,樂學路,,622巷,,,,40號五樓,121.383361037436,25.0559999105638
桃園市龜山區長樂里20鄰樂學路622巷40號六樓,68,6800700,6800700-000,20鄰,樂學路,,622巷,,,,40號六樓,121.383361037436,25.0559999105638
桃園市龜山區長樂里20鄰樂學路622巷40號七樓,68,6800700,6800700-000,20鄰,樂學路,,622巷,,,,40號七樓,121.383361037436,25.0559999105638
桃園市龜山區長樂里20鄰樂學路622巷40號八樓,68,6800700,6800700-000,20鄰,樂學路,,622巷,,,,40號八樓,121.383361037436,25.0559999105638
桃園市龜山區長樂里20鄰樂學路622巷40號九樓,68,6800700,6800700-000,20鄰,樂學路,,622巷,,,,40號九樓,121.383361037436,25.0559999105638
桃園市龜山區長樂里20鄰樂學路622巷40號十一樓,68,6800700,6800700-000,20鄰,樂學路,,622巷,,,,40號十一樓,121.383361037436,25.0559999105638
桃園市龜山區長樂里20鄰樂學路622巷40號十二樓,68,6800700,6800700-000,20鄰,樂學路,,622巷,,,,40號十二樓,121.383361037436,25.0559999105638
桃園市龜山區長樂里20鄰樂學路622巷40號十三樓,68,6800700,6800700-000,20鄰,樂學路,,622巷,,,,40號十三樓,121.383361037436,25.0559999105638
桃園市龜山區長樂里20鄰樂學路622巷40號十四樓,68,6800700,6800700-000,20鄰,樂學路,,622巷,,,,40號十四樓,121.383361037436,25.0559999105638
桃園市龜山區長樂里20鄰樂學路622巷40號十五樓,68,6800700,6800700-000,20鄰,樂學路,,622巷,,,,40號十五樓,121.383361037436,25.0559999105638
桃園市龜山區長樂里20鄰樂學路622巷40號十六樓,68,6800700,6800700-000,20鄰,樂學路,,622巷,,,,40號十六樓,121.383361037436,25.0559999105638
桃園市龜山區長樂里20鄰樂學路622巷40號十七樓,68,6800700,6800700-000,20鄰,樂學路,,622巷,,,,40號十七樓,121.383361037436,25.0559999105638
桃園市龜山區長樂里20鄰樂學路622巷40號十八樓,68,6800700,6800700-000,20鄰,樂學路,,622巷,,,,40號十八樓,121.383361037436,25.0559999105638
桃園市龜山區長樂里20鄰樂學路622巷40號十九樓,68,6800700,6800700-000,20鄰,樂學路,,622巷,,,,40號十九樓,121.383361037436,25.0559999105638
桃園市龜山區長樂里20鄰樂學路622巷40號二十樓,68,6800700,6800700-000,20鄰,樂學路,,622巷,,,,40號二十樓,121.383361037436,25.0559999105638
桃園市龜山區長樂里20鄰樂學路622巷40號二十一樓,68,6800700,6800700-000,20鄰,樂學路,,622巷,,,,40號二十一樓,121.383361037436,25.0559999105638
桃園市龜山區長樂里20鄰樂學路622巷42號十樓,68,6800700,6800700-000,20鄰,樂學路,,622巷,,,,42號十樓,121.383412417797,25.0559172603282
桃園市龜山區長樂里20鄰樂學路622巷42號二樓,68,6800700,6800700-000,20鄰,樂學路,,622巷,,,,42號二樓,121.383412417797,25.0559172603282
桃園市龜山區長樂里20鄰樂學路622巷42號三樓,68,6800700,6800700-000,20鄰,樂學路,,622巷,,,,42號三樓,121.383412417797,25.0559172603282
桃園市龜山區長樂里20鄰樂學路622巷42號四樓,68,6800700,6800700-000,20鄰,樂學路,,622巷,,,,42號四樓,121.383412417797,25.0559172603282
桃園市龜山區長樂里20鄰樂學路622巷42號五樓,68,6800700,6800700-000,20鄰,樂學路,,622巷,,,,42號五樓,121.383412417797,25.0559172603282
桃園市龜山區長樂里20鄰樂學路622巷42號六樓,68,6800700,6800700-000,20鄰,樂學路,,622巷,,,,42號六樓,121.383412417797,25.0559172603282
桃園市龜山區長樂里20鄰樂學路622巷42號七樓,68,6800700,6800700-000,20鄰,樂學路,,622巷,,,,42號七樓,121.383412417797,25.0559172603282
桃園市龜山區長樂里20鄰樂學路622巷42號八樓,68,6800700,6800700-000,20鄰,樂學路,,622巷,,,,42號八樓,121.383412417797,25.0559172603282
桃園市龜山區長樂里20鄰樂學路622巷42號九樓,68,6800700,6800700-000,20鄰,樂學路,,622巷,,,,42號九樓,121.383412417797,25.0559172603282
桃園市龜山區長樂里20鄰樂學路622巷42號十一樓,68,6800700,6800700-000,20鄰,樂學路,,622巷,,,,42號十一樓,121.383412417797,25.0559172603282
桃園市龜山區長樂里20鄰樂學路622巷42號十二樓,68,6800700,6800700-000,20鄰,樂學路,,622巷,,,,42號十二樓,121.383412417797,25.0559172603282
桃園市龜山區長樂里20鄰樂學路622巷42號十三樓,68,6800700,6800700-000,20鄰,樂學路,,622巷,,,,42號十三樓,121.383412417797,25.0559172603282
桃園市龜山區長樂里20鄰樂學路622巷42號十四樓,68,6800700,6800700-000,20鄰,樂學路,,622巷,,,,42號十四樓,121.383412417797,25.0559172603282
桃園市龜山區長樂里20鄰樂學路622巷42號十五樓,68,6800700,6800700-000,20鄰,樂學路,,622巷,,,,42號十五樓,121.383412417797,25.0559172603282
桃園市龜山區長樂里20鄰樂學路622巷42號十六樓,68,6800700,6800700-000,20鄰,樂學路,,622巷,,,,42號十六樓,121.383412417797,25.0559172603282
桃園市龜山區長樂里20鄰樂學路622巷42號十七樓,68,6800700,6800700-000,20鄰,樂學路,,622巷,,,,42號十七樓,121.383412417797,25.0559172603282
桃園市龜山區長樂里20鄰樂學路622巷42號十八樓,68,6800700,6800700-000,20鄰,樂學路,,622巷,,,,42號十八樓,121.383412417797,25.0559172603282
桃園市龜山區長樂里20鄰樂學路622巷42號十九樓,68,6800700,6800700-000,20鄰,樂學路,,622巷,,,,42號十九樓,121.383412417797,25.0559172603282
桃園市龜山區長樂里20鄰樂學路622巷42號二十樓,68,6800700,6800700-000,20鄰,樂學路,,622巷,,,,42號二十樓,121.383412417797,25.0559172603282
桃園市龜山區長樂里20鄰樂學路622巷42號二十一樓,68,6800700,6800700-000,20鄰,樂學路,,622巷,,,,42號二十一樓,121.383412417797,25.0559172603282
桃園市龜山區長樂里20鄰樂學路622巷46號十樓,68,6800700,6800700-000,20鄰,樂學路,,622巷,,,,46號十樓,121.383797410317,25.0560257778255
桃園市龜山區長樂里20鄰樂學路622巷46號二樓,68,6800700,6800700-000,20鄰,樂學路,,622巷,,,,46號二樓,121.383797410317,25.0560257778255
桃園市龜山區長樂里20鄰樂學路622巷46號三樓,68,6800700,6800700-000,20鄰,樂學路,,622巷,,,,46號三樓,121.383797410317,25.0560257778255
桃園市龜山區長樂里20鄰樂學路622巷46號四樓,68,6800700,6800700-000,20鄰,樂學路,,622巷,,,,46號四樓,121.383797410317,25.0560257778255
桃園市龜山區長樂里20鄰樂學路622巷46號五樓,68,6800700,6800700-000,20鄰,樂學路,,622巷,,,,46號五樓,121.383797410317,25.0560257778255
桃園市龜山區長樂里20鄰樂學路622巷46號六樓,68,6800700,6800700-000,20鄰,樂學路,,622巷,,,,46號六樓,121.383797410317,25.0560257778255
桃園市龜山區長樂里20鄰樂學路622巷46號七樓,68,6800700,6800700-000,20鄰,樂學路,,622巷,,,,46號七樓,121.383797410317,25.0560257778255
桃園市龜山區長樂里20鄰樂學路622巷46號八樓,68,6800700,6800700-000,20鄰,樂學路,,622巷,,,,46號八樓,121.383797410317,25.0560257778255
桃園市龜山區長樂里20鄰樂學路622巷46號九樓,68,6800700,6800700-000,20鄰,樂學路,,622巷,,,,46號九樓,121.383797410317,25.0560257778255
桃園市龜山區長樂里20鄰樂學路622巷46號十一樓,68,6800700,6800700-000,20鄰,樂學路,,622巷,,,,46號十一樓,121.383797410317,25.0560257778255
桃園市龜山區長樂里20鄰樂學路622巷46號十二樓,68,6800700,6800700-000,20鄰,樂學路,,622巷,,,,46號十二樓,121.383797410317,25.0560257778255
桃園市龜山區長樂里20鄰樂學路622巷46號十三樓,68,6800700,6800700-000,20鄰,樂學路,,622巷,,,,46號十三樓,121.383797410317,25.0560257778255
桃園市龜山區長樂里20鄰樂學路622巷46號十四樓,68,6800700,6800700-000,20鄰,樂學路,,622巷,,,,46號十四樓,121.383797410317,25.0560257778255
桃園市龜山區長樂里20鄰樂學路622巷46號十五樓,68,6800700,6800700-000,20鄰,樂學路,,622巷,,,,46號十五樓,121.383797410317,25.0560257778255
桃園市龜山區長樂里20鄰樂學路622巷46號十六樓,68,6800700,6800700-000,20鄰,樂學路,,622巷,,,,46號十六樓,121.383797410317,25.0560257778255
桃園市龜山區長樂里20鄰樂學路622巷46號十七樓,68,6800700,6800700-000,20鄰,樂學路,,622巷,,,,46號十七樓,121.383797410317,25.0560257778255
桃園市龜山區長樂里20鄰樂學路622巷46號十八樓,68,6800700,6800700-000,20鄰,樂學路,,622巷,,,,46號十八樓,121.383797410317,25.0560257778255
桃園市龜山區長樂里20鄰樂學路622巷46號十九樓,68,6800700,6800700-000,20鄰,樂學路,,622巷,,,,46號十九樓,121.383797410317,25.0560257778255
桃園市龜山區長樂里20鄰樂學路622巷46號二十樓,68,6800700,6800700-000,20鄰,樂學路,,622巷,,,,46號二十樓,121.383797410317,25.0560257778255
桃園市龜山區長樂里20鄰樂學路622巷46號二十一樓,68,6800700,6800700-000,20鄰,樂學路,,622巷,,,,46號二十一樓,121.383797410317,25.0560257778255
桃園市龜山區長樂里20鄰樂學路622巷48號十樓,68,6800700,6800700-000,20鄰,樂學路,,622巷,,,,48號十樓,121.383894403981,25.0560774392049
桃園市龜山區長樂里20鄰樂學路622巷48號二樓,68,6800700,6800700-000,20鄰,樂學路,,622巷,,,,48號二樓,121.383894403981,25.0560774392049
桃園市龜山區長樂里20鄰樂學路622巷48號三樓,68,6800700,6800700-000,20鄰,樂學路,,622巷,,,,48號三樓,121.383894403981,25.0560774392049
桃園市龜山區長樂里20鄰樂學路622巷48號四樓,68,6800700,6800700-000,20鄰,樂學路,,622巷,,,,48號四樓,121.383894403981,25.0560774392049
桃園市龜山區長樂里20鄰樂學路622巷48號五樓,68,6800700,6800700-000,20鄰,樂學路,,622巷,,,,48號五樓,121.383894403981,25.0560774392049
桃園市龜山區長樂里20鄰樂學路622巷48號六樓,68,6800700,6800700-000,20鄰,樂學路,,622巷,,,,48號六樓,121.383894403981,25.0560774392049
桃園市龜山區長樂里20鄰樂學路622巷48號七樓,68,6800700,6800700-000,20鄰,樂學路,,622巷,,,,48號七樓,121.383894403981,25.0560774392049
桃園市龜山區長樂里20鄰樂學路622巷48號八樓,68,6800700,6800700-000,20鄰,樂學路,,622巷,,,,48號八樓,121.383894403981,25.0560774392049
桃園市龜山區長樂里20鄰樂學路622巷48號九樓,68,6800700,6800700-000,20鄰,樂學路,,622巷,,,,48號九樓,121.383894403981,25.0560774392049
桃園市龜山區長樂里20鄰樂學路622巷48號十一樓,68,6800700,6800700-000,20鄰,樂學路,,622巷,,,,48號十一樓,121.383894403981,25.0560774392049
桃園市龜山區長樂里20鄰樂學路622巷48號十二樓,68,6800700,6800700-000,20鄰,樂學路,,622巷,,,,48號十二樓,121.383894403981,25.0560774392049
桃園市龜山區長樂里20鄰樂學路622巷48號十三樓,68,6800700,6800700-000,20鄰,樂學路,,622巷,,,,48號十三樓,121.383894403981,25.0560774392049
桃園市龜山區長樂里20鄰樂學路622巷48號十四樓,68,6800700,6800700-000,20鄰,樂學路,,622巷,,,,48號十四樓,121.383894403981,25.0560774392049
桃園市龜山區長樂里20鄰樂學路622巷48號十五樓,68,6800700,6800700-000,20鄰,樂學路,,622巷,,,,48號十五樓,121.383894403981,25.0560774392049
桃園市龜山區長樂里20鄰樂學路622巷48號十六樓,68,6800700,6800700-000,20鄰,樂學路,,622巷,,,,48號十六樓,121.383894403981,25.0560774392049
桃園市龜山區長樂里20鄰樂學路622巷48號十七樓,68,6800700,6800700-000,20鄰,樂學路,,622巷,,,,48號十七樓,121.383894403981,25.0560774392049
桃園市龜山區長樂里20鄰樂學路622巷48號十八樓,68,6800700,6800700-000,20鄰,樂學路,,622巷,,,,48號十八樓,121.383894403981,25.0560774392049
桃園市龜山區長樂里20鄰樂學路622巷48號十九樓,68,6800700,6800700-000,20鄰,樂學路,,622巷,,,,48號十九樓,121.383894403981,25.0560774392049
桃園市龜山區長樂里20鄰樂學路622巷48號二十樓,68,6800700,6800700-000,20鄰,樂學路,,622巷,,,,48號二十樓,121.383894403981,25.0560774392049
桃園市龜山區長樂里20鄰樂學路622巷48號二十一樓,68,6800700,6800700-000,20鄰,樂學路,,622巷,,,,48號二十一樓,121.383894403981,25.0560774392049
桃園市龜山區長樂里20鄰樂學路622巷50號十樓,68,6800700,6800700-000,20鄰,樂學路,,622巷,,,,50號十樓,121.384005686113,25.0561342999234
桃園市龜山區長樂里20鄰樂學路622巷50號二樓,68,6800700,6800700-000,20鄰,樂學路,,622巷,,,,50號二樓,121.384005686113,25.0561342999234
桃園市龜山區長樂里20鄰樂學路622巷50號三樓,68,6800700,6800700-000,20鄰,樂學路,,622巷,,,,50號三樓,121.384005686113,25.0561342999234
桃園市龜山區長樂里20鄰樂學路622巷50號四樓,68,6800700,6800700-000,20鄰,樂學路,,622巷,,,,50號四樓,121.384005686113,25.0561342999234
桃園市龜山區長樂里20鄰樂學路622巷50號五樓,68,6800700,6800700-000,20鄰,樂學路,,622巷,,,,50號五樓,121.384005686113,25.0561342999234
桃園市龜山區長樂里20鄰樂學路622巷50號六樓,68,6800700,6800700-000,20鄰,樂學路,,622巷,,,,50號六樓,121.384005686113,25.0561342999234
桃園市龜山區長樂里20鄰樂學路622巷50號七樓,68,6800700,6800700-000,20鄰,樂學路,,622巷,,,,50號七樓,121.384005686113,25.0561342999234
桃園市龜山區長樂里20鄰樂學路622巷50號八樓,68,6800700,6800700-000,20鄰,樂學路,,622巷,,,,50號八樓,121.384005686113,25.0561342999234
桃園市龜山區長樂里20鄰樂學路622巷50號九樓,68,6800700,6800700-000,20鄰,樂學路,,622巷,,,,50號九樓,121.384005686113,25.0561342999234
桃園市龜山區長樂里20鄰樂學路622巷50號十一樓,68,6800700,6800700-000,20鄰,樂學路,,622巷,,,,50號十一樓,121.384005686113,25.0561342999234
桃園市龜山區長樂里20鄰樂學路622巷50號十二樓,68,6800700,6800700-000,20鄰,樂學路,,622巷,,,,50號十二樓,121.384005686113,25.0561342999234
桃園市龜山區長樂里20鄰樂學路622巷50號十三樓,68,6800700,6800700-000,20鄰,樂學路,,622巷,,,,50號十三樓,121.384005686113,25.0561342999234
桃園市龜山區長樂里20鄰樂學路622巷50號十四樓,68,6800700,6800700-000,20鄰,樂學路,,622巷,,,,50號十四樓,121.384005686113,25.0561342999234
桃園市龜山區長樂里20鄰樂學路622巷50號十五樓,68,6800700,6800700-000,20鄰,樂學路,,622巷,,,,50號十五樓,121.384005686113,25.0561342999234
桃園市龜山區長樂里20鄰樂學路622巷50號十六樓,68,6800700,6800700-000,20鄰,樂學路,,622巷,,,,50號十六樓,121.384005686113,25.0561342999234
桃園市龜山區長樂里20鄰樂學路622巷50號十七樓,68,6800700,6800700-000,20鄰,樂學路,,622巷,,,,50號十七樓,121.384005686113,25.0561342999234
桃園市龜山區長樂里20鄰樂學路622巷50號十八樓,68,6800700,6800700-000,20鄰,樂學路,,622巷,,,,50號十八樓,121.384005686113,25.0561342999234
桃園市龜山區長樂里20鄰樂學路622巷50號十九樓,68,6800700,6800700-000,20鄰,樂學路,,622巷,,,,50號十九樓,121.384005686113,25.0561342999234
桃園市龜山區長樂里20鄰樂學路622巷50號二十樓,68,6800700,6800700-000,20鄰,樂學路,,622巷,,,,50號二十樓,121.384005686113,25.0561342999234
桃園市龜山區長樂里20鄰樂學路622巷50號二十一樓,68,6800700,6800700-000,20鄰,樂學路,,622巷,,,,50號二十一樓,121.384005686113,25.0561342999234
桃園市龜山區長樂里20鄰樂學路622巷52號十樓,68,6800700,6800700-000,20鄰,樂學路,,622巷,,,,52號十樓,121.383940092873,25.0562040767992
桃園市龜山區長樂里20鄰樂學路622巷52號二樓,68,6800700,6800700-000,20鄰,樂學路,,622巷,,,,52號二樓,121.383940092873,25.0562040767992
桃園市龜山區長樂里20鄰樂學路622巷52號三樓,68,6800700,6800700-000,20鄰,樂學路,,622巷,,,,52號三樓,121.383940092873,25.0562040767992
桃園市龜山區長樂里20鄰樂學路622巷52號四樓,68,6800700,6800700-000,20鄰,樂學路,,622巷,,,,52號四樓,121.383940092873,25.0562040767992
桃園市龜山區長樂里20鄰樂學路622巷52號五樓,68,6800700,6800700-000,20鄰,樂學路,,622巷,,,,52號五樓,121.383940092873,25.0562040767992
桃園市龜山區長樂里20鄰樂學路622巷52號六樓,68,6800700,6800700-000,20鄰,樂學路,,622巷,,,,52號六樓,121.383940092873,25.0562040767992
桃園市龜山區長樂里20鄰樂學路622巷52號七樓,68,6800700,6800700-000,20鄰,樂學路,,622巷,,,,52號七樓,121.383940092873,25.0562040767992
桃園市龜山區長樂里20鄰樂學路622巷52號八樓,68,6800700,6800700-000,20鄰,樂學路,,622巷,,,,52號八樓,121.383940092873,25.0562040767992
桃園市龜山區長樂里20鄰樂學路622巷52號九樓,68,6800700,6800700-000,20鄰,樂學路,,622巷,,,,52號九樓,121.383940092873,25.0562040767992
桃園市龜山區長樂里20鄰樂學路622巷52號十一樓,68,6800700,6800700-000,20鄰,樂學路,,622巷,,,,52號十一樓,121.383940092873,25.0562040767992
桃園市龜山區長樂里20鄰樂學路622巷52號十二樓,68,6800700,6800700-000,20鄰,樂學路,,622巷,,,,52號十二樓,121.383940092873,25.0562040767992
桃園市龜山區長樂里20鄰樂學路622巷52號十三樓,68,6800700,6800700-000,20鄰,樂學路,,622巷,,,,52號十三樓,121.383940092873,25.0562040767992
桃園市龜山區長樂里20鄰樂學路622巷52號十四樓,68,6800700,6800700-000,20鄰,樂學路,,622巷,,,,52號十四樓,121.383940092873,25.0562040767992
桃園市龜山區長樂里20鄰樂學路622巷52號十五樓,68,6800700,6800700-000,20鄰,樂學路,,622巷,,,,52號十五樓,121.383940092873,25.0562040767992
桃園市龜山區長樂里20鄰樂學路622巷52號十六樓,68,6800700,6800700-000,20鄰,樂學路,,622巷,,,,52號十六樓,121.383940092873,25.0562040767992
桃園市龜山區長樂里20鄰樂學路622巷52號十七樓,68,6800700,6800700-000,20鄰,樂學路,,622巷,,,,52號十七樓,121.383940092873,25.0562040767992
桃園市龜山區長樂里20鄰樂學路622巷52號十八樓,68,6800700,6800700-000,20鄰,樂學路,,622巷,,,,52號十八樓,121.383940092873,25.0562040767992
桃園市龜山區長樂里20鄰樂學路622巷52號十九樓,68,6800700,6800700-000,20鄰,樂學路,,622巷,,,,52號十九樓,121.383940092873,25.0562040767992
桃園市龜山區長樂里20鄰樂學路622巷52號二十樓,68,6800700,6800700-000,20鄰,樂學路,,622巷,,,,52號二十樓,121.383940092873,25.0562040767992
桃園市龜山區長樂里20鄰樂學路622巷52號二十一樓,68,6800700,6800700-000,20鄰,樂學路,,622巷,,,,52號二十一樓,121.383940092873,25.0562040767992
桃園市龜山區長樂里20鄰樂學路622巷56號十樓,68,6800700,6800700-000,20鄰,樂學路,,622巷,,,,56號十樓,121.38383735849,25.0561549581796
桃園市龜山區長樂里20鄰樂學路622巷56號二樓,68,6800700,6800700-000,20鄰,樂學路,,622巷,,,,56號二樓,121.38383735849,25.0561549581796
桃園市龜山區長樂里20鄰樂學路622巷56號三樓,68,6800700,6800700-000,20鄰,樂學路,,622巷,,,,56號三樓,121.38383735849,25.0561549581796
桃園市龜山區長樂里20鄰樂學路622巷56號四樓,68,6800700,6800700-000,20鄰,樂學路,,622巷,,,,56號四樓,121.38383735849,25.0561549581796
桃園市龜山區長樂里20鄰樂學路622巷56號五樓,68,6800700,6800700-000,20鄰,樂學路,,622巷,,,,56號五樓,121.38383735849,25.0561549581796
桃園市龜山區長樂里20鄰樂學路622巷56號六樓,68,6800700,6800700-000,20鄰,樂學路,,622巷,,,,56號六樓,121.38383735849,25.0561549581796
桃園市龜山區長樂里20鄰樂學路622巷56號七樓,68,6800700,6800700-000,20鄰,樂學路,,622巷,,,,56號七樓,121.38383735849,25.0561549581796
桃園市龜山區長樂里20鄰樂學路622巷56號八樓,68,6800700,6800700-000,20鄰,樂學路,,622巷,,,,56號八樓,121.38383735849,25.0561549581796
桃園市龜山區長樂里20鄰樂學路622巷56號九樓,68,6800700,6800700-000,20鄰,樂學路,,622巷,,,,56號九樓,121.38383735849,25.0561549581796
桃園市龜山區長樂里20鄰樂學路622巷56號十一樓,68,6800700,6800700-000,20鄰,樂學路,,622巷,,,,56號十一樓,121.38383735849,25.0561549581796
桃園市龜山區長樂里20鄰樂學路622巷56號十二樓,68,6800700,6800700-000,20鄰,樂學路,,622巷,,,,56號十二樓,121.38383735849,25.0561549581796
桃園市龜山區長樂里20鄰樂學路622巷56號十三樓,68,6800700,6800700-000,20鄰,樂學路,,622巷,,,,56號十三樓,121.38383735849,25.0561549581796
桃園市龜山區長樂里20鄰樂學路622巷56號十四樓,68,6800700,6800700-000,20鄰,樂學路,,622巷,,,,56號十四樓,121.38383735849,25.0561549581796
桃園市龜山區長樂里20鄰樂學路622巷56號十五樓,68,6800700,6800700-000,20鄰,樂學路,,622巷,,,,56號十五樓,121.38383735849,25.0561549581796
桃園市龜山區長樂里20鄰樂學路622巷56號十六樓,68,6800700,6800700-000,20鄰,樂學路,,622巷,,,,56號十六樓,121.38383735849,25.0561549581796
桃園市龜山區長樂里20鄰樂學路622巷56號十七樓,68,6800700,6800700-000,20鄰,樂學路,,622巷,,,,56號十七樓,121.38383735849,25.0561549581796
桃園市龜山區長樂里20鄰樂學路622巷56號十八樓,68,6800700,6800700-000,20鄰,樂學路,,622巷,,,,56號十八樓,121.38383735849,25.0561549581796
桃園市龜山區長樂里20鄰樂學路622巷56號十九樓,68,6800700,6800700-000,20鄰,樂學路,,622巷,,,,56號十九樓,121.38383735849,25.0561549581796
桃園市龜山區長樂里20鄰樂學路622巷56號二十樓,68,6800700,6800700-000,20鄰,樂學路,,622巷,,,,56號二十樓,121.38383735849,25.0561549581796
桃園市龜山區長樂里20鄰樂學路622巷56號二十一樓,68,6800700,6800700-000,20鄰,樂學路,,622巷,,,,56號二十一樓,121.38383735849,25.0561549581796
桃園市龜山區長樂里20鄰樂學路622巷58號十樓,68,6800700,6800700-000,20鄰,樂學路,,622巷,,,,58號十樓,121.383697650177,25.0561678683545
桃園市龜山區長樂里20鄰樂學路622巷58號二樓,68,6800700,6800700-000,20鄰,樂學路,,622巷,,,,58號二樓,121.383697650177,25.0561678683545
桃園市龜山區長樂里20鄰樂學路622巷58號三樓,68,6800700,6800700-000,20鄰,樂學路,,622巷,,,,58號三樓,121.383697650177,25.0561678683545
桃園市龜山區長樂里20鄰樂學路622巷58號四樓,68,6800700,6800700-000,20鄰,樂學路,,622巷,,,,58號四樓,121.383697650177,25.0561678683545
桃園市龜山區長樂里20鄰樂學路622巷58號五樓,68,6800700,6800700-000,20鄰,樂學路,,622巷,,,,58號五樓,121.383697650177,25.0561678683545
桃園市龜山區長樂里20鄰樂學路622巷58號六樓,68,6800700,6800700-000,20鄰,樂學路,,622巷,,,,58號六樓,121.383697650177,25.0561678683545
桃園市龜山區長樂里20鄰樂學路622巷58號七樓,68,6800700,6800700-000,20鄰,樂學路,,622巷,,,,58號七樓,121.383697650177,25.0561678683545
桃園市龜山區長樂里20鄰樂學路622巷58號八樓,68,6800700,6800700-000,20鄰,樂學路,,622巷,,,,58號八樓,121.383697650177,25.0561678683545
桃園市龜山區長樂里20鄰樂學路622巷58號九樓,68,6800700,6800700-000,20鄰,樂學路,,622巷,,,,58號九樓,121.383697650177,25.0561678683545
桃園市龜山區長樂里20鄰樂學路622巷58號十一樓,68,6800700,6800700-000,20鄰,樂學路,,622巷,,,,58號十一樓,121.383697650177,25.0561678683545
桃園市龜山區長樂里20鄰樂學路622巷58號十二樓,68,6800700,6800700-000,20鄰,樂學路,,622巷,,,,58號十二樓,121.383697650177,25.0561678683545
桃園市龜山區長樂里20鄰樂學路622巷58號十三樓,68,6800700,6800700-000,20鄰,樂學路,,622巷,,,,58號十三樓,121.383697650177,25.0561678683545
桃園市龜山區長樂里20鄰樂學路622巷58號十四樓,68,6800700,6800700-000,20鄰,樂學路,,622巷,,,,58號十四樓,121.383697650177,25.0561678683545
桃園市龜山區長樂里20鄰樂學路622巷58號十五樓,68,6800700,6800700-000,20鄰,樂學路,,622巷,,,,58號十五樓,121.383697650177,25.0561678683545
桃園市龜山區長樂里20鄰樂學路622巷58號十六樓,68,6800700,6800700-000,20鄰,樂學路,,622巷,,,,58號十六樓,121.383697650177,25.0561678683545
桃園市龜山區長樂里20鄰樂學路622巷58號十七樓,68,6800700,6800700-000,20鄰,樂學路,,622巷,,,,58號十七樓,121.383697650177,25.0561678683545
桃園市龜山區長樂里20鄰樂學路622巷58號十八樓,68,6800700,6800700-000,20鄰,樂學路,,622巷,,,,58號十八樓,121.383697650177,25.0561678683545
桃園市龜山區長樂里20鄰樂學路622巷58號十九樓,68,6800700,6800700-000,20鄰,樂學路,,622巷,,,,58號十九樓,121.383697650177,25.0561678683545
桃園市龜山區長樂里20鄰樂學路622巷58號二十樓,68,6800700,6800700-000,20鄰,樂學路,,622巷,,,,58號二十樓,121.383697650177,25.0561678683545
桃園市龜山區長樂里20鄰樂學路622巷58號二十一樓,68,6800700,6800700-000,20鄰,樂學路,,622巷,,,,58號二十一樓,121.383697650177,25.0561678683545
桃園市龜山區長樂里20鄰樂學路622巷60號十樓,68,6800700,6800700-000,20鄰,樂學路,,622巷,,,,60號十樓,121.383597749968,25.0561058319427
桃園市龜山區長樂里20鄰樂學路622巷60號二樓,68,6800700,6800700-000,20鄰,樂學路,,622巷,,,,60號二樓,121.383597749968,25.0561058319427
桃園市龜山區長樂里20鄰樂學路622巷60號三樓,68,6800700,6800700-000,20鄰,樂學路,,622巷,,,,60號三樓,121.383597749968,25.0561058319427
桃園市龜山區長樂里20鄰樂學路622巷60號四樓,68,6800700,6800700-000,20鄰,樂學路,,622巷,,,,60號四樓,121.383597749968,25.0561058319427
桃園市龜山區長樂里20鄰樂學路622巷60號五樓,68,6800700,6800700-000,20鄰,樂學路,,622巷,,,,60號五樓,121.383597749968,25.0561058319427
桃園市龜山區長樂里20鄰樂學路622巷60號六樓,68,6800700,6800700-000,20鄰,樂學路,,622巷,,,,60號六樓,121.383597749968,25.0561058319427
桃園市龜山區長樂里20鄰樂學路622巷60號七樓,68,6800700,6800700-000,20鄰,樂學路,,622巷,,,,60號七樓,121.383597749968,25.0561058319427
桃園市龜山區長樂里20鄰樂學路622巷60號八樓,68,6800700,6800700-000,20鄰,樂學路,,622巷,,,,60號八樓,121.383597749968,25.0561058319427
桃園市龜山區長樂里20鄰樂學路622巷60號九樓,68,6800700,6800700-000,20鄰,樂學路,,622巷,,,,60號九樓,121.383597749968,25.0561058319427
桃園市龜山區長樂里20鄰樂學路622巷60號十一樓,68,6800700,6800700-000,20鄰,樂學路,,622巷,,,,60號十一樓,121.383597749968,25.0561058319427
桃園市龜山區長樂里20鄰樂學路622巷60號十二樓,68,6800700,6800700-000,20鄰,樂學路,,622巷,,,,60號十二樓,121.383597749968,25.0561058319427
桃園市龜山區長樂里20鄰樂學路622巷60號十三樓,68,6800700,6800700-000,20鄰,樂學路,,622巷,,,,60號十三樓,121.383597749968,25.0561058319427
桃園市龜山區長樂里20鄰樂學路622巷60號十四樓,68,6800700,6800700-000,20鄰,樂學路,,622巷,,,,60號十四樓,121.383597749968,25.0561058319427
桃園市龜山區長樂里20鄰樂學路622巷60號十五樓,68,6800700,6800700-000,20鄰,樂學路,,622巷,,,,60號十五樓,121.383597749968,25.0561058319427
桃園市龜山區長樂里20鄰樂學路622巷60號十六樓,68,6800700,6800700-000,20鄰,樂學路,,622巷,,,,60號十六樓,121.383597749968,25.0561058319427
桃園市龜山區長樂里20鄰樂學路622巷60號十七樓,68,6800700,6800700-000,20鄰,樂學路,,622巷,,,,60號十七樓,121.383597749968,25.0561058319427
桃園市龜山區長樂里20鄰樂學路622巷60號十八樓,68,6800700,6800700-000,20鄰,樂學路,,622巷,,,,60號十八樓,121.383597749968,25.0561058319427
桃園市龜山區長樂里20鄰樂學路622巷60號十九樓,68,6800700,6800700-000,20鄰,樂學路,,622巷,,,,60號十九樓,121.383597749968,25.0561058319427
桃園市龜山區長樂里20鄰樂學路622巷60號二十樓,68,6800700,6800700-000,20鄰,樂學路,,622巷,,,,60號二十樓,121.383597749968,25.0561058319427
桃園市龜山區長樂里20鄰樂學路622巷60號二十一樓,68,6800700,6800700-000,20鄰,樂學路,,622巷,,,,60號二十一樓,121.383597749968,25.0561058319427
桃園市龜山區長樂里20鄰樂學路622巷62號十樓,68,6800700,6800700-000,20鄰,樂學路,,622巷,,,,62號十樓,121.383669124145,25.0560464226938
桃園市龜山區長樂里20鄰樂學路622巷62號二樓,68,6800700,6800700-000,20鄰,樂學路,,622巷,,,,62號二樓,121.383669124145,25.0560464226938
桃園市龜山區長樂里20鄰樂學路622巷62號三樓,68,6800700,6800700-000,20鄰,樂學路,,622巷,,,,62號三樓,121.383669124145,25.0560464226938
桃園市龜山區長樂里20鄰樂學路622巷62號四樓,68,6800700,6800700-000,20鄰,樂學路,,622巷,,,,62號四樓,121.383669124145,25.0560464226938
桃園市龜山區長樂里20鄰樂學路622巷62號五樓,68,6800700,6800700-000,20鄰,樂學路,,622巷,,,,62號五樓,121.383669124145,25.0560464226938
桃園市龜山區長樂里20鄰樂學路622巷62號六樓,68,6800700,6800700-000,20鄰,樂學路,,622巷,,,,62號六樓,121.383669124145,25.0560464226938
桃園市龜山區長樂里20鄰樂學路622巷62號七樓,68,6800700,6800700-000,20鄰,樂學路,,622巷,,,,62號七樓,121.383669124145,25.0560464226938
桃園市龜山區長樂里20鄰樂學路622巷62號八樓,68,6800700,6800700-000,20鄰,樂學路,,622巷,,,,62號八樓,121.383669124145,25.0560464226938
桃園市龜山區長樂里20鄰樂學路622巷62號九樓,68,6800700,6800700-000,20鄰,樂學路,,622巷,,,,62號九樓,121.383669124145,25.0560464226938
桃園市龜山區長樂里20鄰樂學路622巷62號十一樓,68,6800700,6800700-000,20鄰,樂學路,,622巷,,,,62號十一樓,121.383669124145,25.0560464226938
桃園市龜山區長樂里20鄰樂學路622巷62號十二樓,68,6800700,6800700-000,20鄰,樂學路,,622巷,,,,62號十二樓,121.383669124145,25.0560464226938
桃園市龜山區長樂里20鄰樂學路622巷62號十三樓,68,6800700,6800700-000,20鄰,樂學路,,622巷,,,,62號十三樓,121.383669124145,25.0560464226938
桃園市龜山區長樂里20鄰樂學路622巷62號十四樓,68,6800700,6800700-000,20鄰,樂學路,,622巷,,,,62號十四樓,121.383669124145,25.0560464226938
桃園市龜山區長樂里20鄰樂學路622巷62號十五樓,68,6800700,6800700-000,20鄰,樂學路,,622巷,,,,62號十五樓,121.383669124145,25.0560464226938
桃園市龜山區長樂里20鄰樂學路622巷62號十六樓,68,6800700,6800700-000,20鄰,樂學路,,622巷,,,,62號十六樓,121.383669124145,25.0560464226938
桃園市龜山區長樂里20鄰樂學路622巷62號十七樓,68,6800700,6800700-000,20鄰,樂學路,,622巷,,,,62號十七樓,121.383669124145,25.0560464226938
桃園市龜山區長樂里20鄰樂學路622巷62號十八樓,68,6800700,6800700-000,20鄰,樂學路,,622巷,,,,62號十八樓,121.383669124145,25.0560464226938
桃園市龜山區長樂里20鄰樂學路622巷62號十九樓,68,6800700,6800700-000,20鄰,樂學路,,622巷,,,,62號十九樓,121.383669124145,25.0560464226938
桃園市龜山區長樂里20鄰樂學路622巷62號二十樓,68,6800700,6800700-000,20鄰,樂學路,,622巷,,,,62號二十樓,121.383669124145,25.0560464226938
桃園市龜山區長樂里20鄰樂學路622巷62號二十一樓,68,6800700,6800700-000,20鄰,樂學路,,622巷,,,,62號二十一樓,121.383669124145,25.0560464226938
桃園市龜山區長樂里21鄰樂學路672號十樓,68,6800700,6800700-000,21鄰,樂學路,,,,,,672號十樓,121.38349173142,25.0563708120793
桃園市龜山區長樂里21鄰樂學路672號二樓,68,6800700,6800700-000,21鄰,樂學路,,,,,,672號二樓,121.38349173142,25.0563708120793
桃園市龜山區長樂里21鄰樂學路672號三樓,68,6800700,6800700-000,21鄰,樂學路,,,,,,672號三樓,121.38349173142,25.0563708120793
桃園市龜山區長樂里21鄰樂學路672號四樓,68,6800700,6800700-000,21鄰,樂學路,,,,,,672號四樓,121.38349173142,25.0563708120793
桃園市龜山區長樂里21鄰樂學路672號五樓,68,6800700,6800700-000,21鄰,樂學路,,,,,,672號五樓,121.38349173142,25.0563708120793
桃園市龜山區長樂里21鄰樂學路672號六樓,68,6800700,6800700-000,21鄰,樂學路,,,,,,672號六樓,121.38349173142,25.0563708120793
桃園市龜山區長樂里21鄰樂學路672號七樓,68,6800700,6800700-000,21鄰,樂學路,,,,,,672號七樓,121.38349173142,25.0563708120793
桃園市龜山區長樂里21鄰樂學路672號八樓,68,6800700,6800700-000,21鄰,樂學路,,,,,,672號八樓,121.38349173142,25.0563708120793
桃園市龜山區長樂里21鄰樂學路672號九樓,68,6800700,6800700-000,21鄰,樂學路,,,,,,672號九樓,121.38349173142,25.0563708120793
桃園市龜山區長樂里21鄰樂學路672號十一樓,68,6800700,6800700-000,21鄰,樂學路,,,,,,672號十一樓,121.38349173142,25.0563708120793
桃園市龜山區長樂里21鄰樂學路672號十二樓,68,6800700,6800700-000,21鄰,樂學路,,,,,,672號十二樓,121.38349173142,25.0563708120793
桃園市龜山區長樂里21鄰樂學路672號十三樓,68,6800700,6800700-000,21鄰,樂學路,,,,,,672號十三樓,121.38349173142,25.0563708120793
桃園市龜山區長樂里21鄰樂學路672號十四樓,68,6800700,6800700-000,21鄰,樂學路,,,,,,672號十四樓,121.38349173142,25.0563708120793
桃園市龜山區長樂里21鄰樂學路672號十五樓,68,6800700,6800700-000,21鄰,樂學路,,,,,,672號十五樓,121.38349173142,25.0563708120793
桃園市龜山區長樂里21鄰樂學路672號十六樓,68,6800700,6800700-000,21鄰,樂學路,,,,,,672號十六樓,121.38349173142,25.0563708120793
桃園市龜山區長樂里21鄰樂學路672號十七樓,68,6800700,6800700-000,21鄰,樂學路,,,,,,672號十七樓,121.38349173142,25.0563708120793
桃園市龜山區長樂里21鄰樂學路672號十八樓,68,6800700,6800700-000,21鄰,樂學路,,,,,,672號十八樓,121.38349173142,25.0563708120793
桃園市龜山區長樂里21鄰樂學路672號十九樓,68,6800700,6800700-000,21鄰,樂學路,,,,,,672號十九樓,121.38349173142,25.0563708120793
桃園市龜山區長樂里21鄰樂學路672號二十樓,68,6800700,6800700-000,21鄰,樂學路,,,,,,672號二十樓,121.38349173142,25.0563708120793
桃園市龜山區長樂里21鄰樂學路672號二十一樓,68,6800700,6800700-000,21鄰,樂學路,,,,,,672號二十一樓,121.38349173142,25.0563708120793
桃園市龜山區長樂里21鄰樂學路672號二十二樓,68,6800700,6800700-000,21鄰,樂學路,,,,,,672號二十二樓,121.38349173142,25.0563708120793
桃園市龜山區長樂里21鄰樂學路672號二十三樓,68,6800700,6800700-000,21鄰,樂學路,,,,,,672號二十三樓,121.38349173142,25.0563708120793
桃園市龜山區長樂里21鄰樂學路672號二十四樓,68,6800700,6800700-000,21鄰,樂學路,,,,,,672號二十四樓,121.38349173142,25.0563708120793
桃園市龜山區長樂里21鄰樂學路672號二十五樓,68,6800700,6800700-000,21鄰,樂學路,,,,,,672號二十五樓,121.38349173142,25.0563708120793
桃園市龜山區長樂里21鄰樂學路672號二十六樓,68,6800700,6800700-000,21鄰,樂學路,,,,,,672號二十六樓,121.38349173142,25.0563708120793
桃園市龜山區長樂里21鄰樂學路676號十樓,68,6800700,6800700-000,21鄰,樂學路,,,,,,676號十樓,121.383311634297,25.0563040170314
桃園市龜山區長樂里21鄰樂學路676號二樓,68,6800700,6800700-000,21鄰,樂學路,,,,,,676號二樓,121.383311634297,25.0563040170314
桃園市龜山區長樂里21鄰樂學路676號三樓,68,6800700,6800700-000,21鄰,樂學路,,,,,,676號三樓,121.383311634297,25.0563040170314
桃園市龜山區長樂里21鄰樂學路676號四樓,68,6800700,6800700-000,21鄰,樂學路,,,,,,676號四樓,121.383311634297,25.0563040170314
桃園市龜山區長樂里21鄰樂學路676號五樓,68,6800700,6800700-000,21鄰,樂學路,,,,,,676號五樓,121.383311634297,25.0563040170314
桃園市龜山區長樂里21鄰樂學路676號六樓,68,6800700,6800700-000,21鄰,樂學路,,,,,,676號六樓,121.383311634297,25.0563040170314
桃園市龜山區長樂里21鄰樂學路676號七樓,68,6800700,6800700-000,21鄰,樂學路,,,,,,676號七樓,121.383311634297,25.0563040170314
桃園市龜山區長樂里21鄰樂學路676號八樓,68,6800700,6800700-000,21鄰,樂學路,,,,,,676號八樓,121.383311634297,25.0563040170314
桃園市龜山區長樂里21鄰樂學路676號九樓,68,6800700,6800700-000,21鄰,樂學路,,,,,,676號九樓,121.383311634297,25.0563040170314
桃園市龜山區長樂里21鄰樂學路676號十一樓,68,6800700,6800700-000,21鄰,樂學路,,,,,,676號十一樓,121.383311634297,25.0563040170314
桃園市龜山區長樂里21鄰樂學路676號十二樓,68,6800700,6800700-000,21鄰,樂學路,,,,,,676號十二樓,121.383311634297,25.0563040170314
桃園市龜山區長樂里21鄰樂學路676號十三樓,68,6800700,6800700-000,21鄰,樂學路,,,,,,676號十三樓,121.383311634297,25.0563040170314
桃園市龜山區長樂里21鄰樂學路676號十四樓,68,6800700,6800700-000,21鄰,樂學路,,,,,,676號十四樓,121.383311634297,25.0563040170314
桃園市龜山區長樂里21鄰樂學路676號十五樓,68,6800700,6800700-000,21鄰,樂學路,,,,,,676號十五樓,121.383311634297,25.0563040170314
桃園市龜山區長樂里21鄰樂學路676號十六樓,68,6800700,6800700-000,21鄰,樂學路,,,,,,676號十六樓,121.383311634297,25.0563040170314
桃園市龜山區長樂里21鄰樂學路676號十七樓,68,6800700,6800700-000,21鄰,樂學路,,,,,,676號十七樓,121.383311634297,25.0563040170314
桃園市龜山區長樂里21鄰樂學路676號十八樓,68,6800700,6800700-000,21鄰,樂學路,,,,,,676號十八樓,121.383311634297,25.0563040170314
桃園市龜山區長樂里21鄰樂學路676號十九樓,68,6800700,6800700-000,21鄰,樂學路,,,,,,676號十九樓,121.383311634297,25.0563040170314
桃園市龜山區長樂里21鄰樂學路676號二十樓,68,6800700,6800700-000,21鄰,樂學路,,,,,,676號二十樓,121.383311634297,25.0563040170314
桃園市龜山區長樂里21鄰樂學路676號二十一樓,68,6800700,6800700-000,21鄰,樂學路,,,,,,676號二十一樓,121.383311634297,25.0563040170314
桃園市龜山區長樂里21鄰樂學路676號二十二樓,68,6800700,6800700-000,21鄰,樂學路,,,,,,676號二十二樓,121.383311634297,25.0563040170314
桃園市龜山區長樂里21鄰樂學路676號二十三樓,68,6800700,6800700-000,21鄰,樂學路,,,,,,676號二十三樓,121.383311634297,25.0563040170314
桃園市龜山區長樂里21鄰樂學路676號二十四樓,68,6800700,6800700-000,21鄰,樂學路,,,,,,676號二十四樓,121.383311634297,25.0563040170314
桃園市龜山區長樂里21鄰樂學路676號二十五樓,68,6800700,6800700-000,21鄰,樂學路,,,,,,676號二十五樓,121.383311634297,25.0563040170314
桃園市龜山區長樂里21鄰樂學路676號二十六樓,68,6800700,6800700-000,21鄰,樂學路,,,,,,676號二十六樓,121.383311634297,25.0563040170314
桃園市龜山區長樂里21鄰樂學路678號十樓,68,6800700,6800700-000,21鄰,樂學路,,,,,,678號十樓,121.383263650181,25.0563633657516
桃園市龜山區長樂里21鄰樂學路678號二樓,68,6800700,6800700-000,21鄰,樂學路,,,,,,678號二樓,121.383263650181,25.0563633657516
桃園市龜山區長樂里21鄰樂學路678號三樓,68,6800700,6800700-000,21鄰,樂學路,,,,,,678號三樓,121.383263650181,25.0563633657516
桃園市龜山區長樂里21鄰樂學路678號四樓,68,6800700,6800700-000,21鄰,樂學路,,,,,,678號四樓,121.383263650181,25.0563633657516
桃園市龜山區長樂里21鄰樂學路678號五樓,68,6800700,6800700-000,21鄰,樂學路,,,,,,678號五樓,121.383263650181,25.0563633657516
桃園市龜山區長樂里21鄰樂學路678號六樓,68,6800700,6800700-000,21鄰,樂學路,,,,,,678號六樓,121.383263650181,25.0563633657516
桃園市龜山區長樂里21鄰樂學路678號七樓,68,6800700,6800700-000,21鄰,樂學路,,,,,,678號七樓,121.383263650181,25.0563633657516
桃園市龜山區長樂里21鄰樂學路678號八樓,68,6800700,6800700-000,21鄰,樂學路,,,,,,678號八樓,121.383263650181,25.0563633657516
桃園市龜山區長樂里21鄰樂學路678號九樓,68,6800700,6800700-000,21鄰,樂學路,,,,,,678號九樓,121.383263650181,25.0563633657516
桃園市龜山區長樂里21鄰樂學路678號十一樓,68,6800700,6800700-000,21鄰,樂學路,,,,,,678號十一樓,121.383263650181,25.0563633657516
桃園市龜山區長樂里21鄰樂學路678號十二樓,68,6800700,6800700-000,21鄰,樂學路,,,,,,678號十二樓,121.383263650181,25.0563633657516
桃園市龜山區長樂里21鄰樂學路678號十三樓,68,6800700,6800700-000,21鄰,樂學路,,,,,,678號十三樓,121.383263650181,25.0563633657516
桃園市龜山區長樂里21鄰樂學路678號十四樓,68,6800700,6800700-000,21鄰,樂學路,,,,,,678號十四樓,121.383263650181,25.0563633657516
桃園市龜山區長樂里21鄰樂學路678號十五樓,68,6800700,6800700-000,21鄰,樂學路,,,,,,678號十五樓,121.383263650181,25.0563633657516
桃園市龜山區長樂里21鄰樂學路678號十六樓,68,6800700,6800700-000,21鄰,樂學路,,,,,,678號十六樓,121.383263650181,25.0563633657516
桃園市龜山區長樂里21鄰樂學路678號十七樓,68,6800700,6800700-000,21鄰,樂學路,,,,,,678號十七樓,121.383263650181,25.0563633657516
桃園市龜山區長樂里21鄰樂學路678號十八樓,68,6800700,6800700-000,21鄰,樂學路,,,,,,678號十八樓,121.383263650181,25.0563633657516
桃園市龜山區長樂里21鄰樂學路678號十九樓,68,6800700,6800700-000,21鄰,樂學路,,,,,,678號十九樓,121.383263650181,25.0563633657516
桃園市龜山區長樂里21鄰樂學路678號二十樓,68,6800700,6800700-000,21鄰,樂學路,,,,,,678號二十樓,121.383263650181,25.0563633657516
桃園市龜山區長樂里21鄰樂學路678號二十一樓,68,6800700,6800700-000,21鄰,樂學路,,,,,,678號二十一樓,121.383263650181,25.0563633657516
桃園市龜山區長樂里21鄰樂學路678號二十二樓,68,6800700,6800700-000,21鄰,樂學路,,,,,,678號二十二樓,121.383263650181,25.0563633657516
桃園市龜山區長樂里21鄰樂學路678號二十三樓,68,6800700,6800700-000,21鄰,樂學路,,,,,,678號二十三樓,121.383263650181,25.0563633657516
桃園市龜山區長樂里21鄰樂學路678號二十四樓,68,6800700,6800700-000,21鄰,樂學路,,,,,,678號二十四樓,121.383263650181,25.0563633657516
桃園市龜山區長樂里21鄰樂學路678號二十五樓,68,6800700,6800700-000,21鄰,樂學路,,,,,,678號二十五樓,121.383263650181,25.0563633657516
桃園市龜山區長樂里21鄰樂學路678號二十六樓,68,6800700,6800700-000,21鄰,樂學路,,,,,,678號二十六樓,121.383263650181,25.0563633657516
桃園市龜山區長樂里21鄰樂學路680號十樓,68,6800700,6800700-000,21鄰,樂學路,,,,,,680號十樓,121.38330846366,25.0564955129915
桃園市龜山區長樂里21鄰樂學路680號二樓,68,6800700,6800700-000,21鄰,樂學路,,,,,,680號二樓,121.38330846366,25.0564955129915
桃園市龜山區長樂里21鄰樂學路680號三樓,68,6800700,6800700-000,21鄰,樂學路,,,,,,680號三樓,121.38330846366,25.0564955129915
桃園市龜山區長樂里21鄰樂學路680號四樓,68,6800700,6800700-000,21鄰,樂學路,,,,,,680號四樓,121.38330846366,25.0564955129915
桃園市龜山區長樂里21鄰樂學路680號五樓,68,6800700,6800700-000,21鄰,樂學路,,,,,,680號五樓,121.38330846366,25.0564955129915
桃園市龜山區長樂里21鄰樂學路680號六樓,68,6800700,6800700-000,21鄰,樂學路,,,,,,680號六樓,121.38330846366,25.0564955129915
桃園市龜山區長樂里21鄰樂學路680號七樓,68,6800700,6800700-000,21鄰,樂學路,,,,,,680號七樓,121.38330846366,25.0564955129915
桃園市龜山區長樂里21鄰樂學路680號八樓,68,6800700,6800700-000,21鄰,樂學路,,,,,,680號八樓,121.38330846366,25.0564955129915
桃園市龜山區長樂里21鄰樂學路680號九樓,68,6800700,6800700-000,21鄰,樂學路,,,,,,680號九樓,121.38330846366,25.0564955129915
桃園市龜山區長樂里21鄰樂學路680號十一樓,68,6800700,6800700-000,21鄰,樂學路,,,,,,680號十一樓,121.38330846366,25.0564955129915
桃園市龜山區長樂里21鄰樂學路680號十二樓,68,6800700,6800700-000,21鄰,樂學路,,,,,,680號十二樓,121.38330846366,25.0564955129915
桃園市龜山區長樂里21鄰樂學路680號十三樓,68,6800700,6800700-000,21鄰,樂學路,,,,,,680號十三樓,121.38330846366,25.0564955129915
桃園市龜山區長樂里21鄰樂學路680號十四樓,68,6800700,6800700-000,21鄰,樂學路,,,,,,680號十四樓,121.38330846366,25.0564955129915
桃園市龜山區長樂里21鄰樂學路680號十五樓,68,6800700,6800700-000,21鄰,樂學路,,,,,,680號十五樓,121.38330846366,25.0564955129915
桃園市龜山區長樂里21鄰樂學路680號十六樓,68,6800700,6800700-000,21鄰,樂學路,,,,,,680號十六樓,121.38330846366,25.0564955129915
桃園市龜山區長樂里21鄰樂學路680號十七樓,68,6800700,6800700-000,21鄰,樂學路,,,,,,680號十七樓,121.38330846366,25.0564955129915
桃園市龜山區長樂里21鄰樂學路680號十八樓,68,6800700,6800700-000,21鄰,樂學路,,,,,,680號十八樓,121.38330846366,25.0564955129915
桃園市龜山區長樂里21鄰樂學路680號十九樓,68,6800700,6800700-000,21鄰,樂學路,,,,,,680號十九樓,121.38330846366,25.0564955129915
桃園市龜山區長樂里21鄰樂學路680號二十樓,68,6800700,6800700-000,21鄰,樂學路,,,,,,680號二十樓,121.38330846366,25.0564955129915
桃園市龜山區長樂里21鄰樂學路680號二十一樓,68,6800700,6800700-000,21鄰,樂學路,,,,,,680號二十一樓,121.38330846366,25.0564955129915
桃園市龜山區長樂里21鄰樂學路680號二十二樓,68,6800700,6800700-000,21鄰,樂學路,,,,,,680號二十二樓,121.38330846366,25.0564955129915
桃園市龜山區長樂里21鄰樂學路680號二十三樓,68,6800700,6800700-000,21鄰,樂學路,,,,,,680號二十三樓,121.38330846366,25.0564955129915
桃園市龜山區長樂里21鄰樂學路680號二十四樓,68,6800700,6800700-000,21鄰,樂學路,,,,,,680號二十四樓,121.38330846366,25.0564955129915
桃園市龜山區長樂里21鄰樂學路680號二十五樓,68,6800700,6800700-000,21鄰,樂學路,,,,,,680號二十五樓,121.38330846366,25.0564955129915
桃園市龜山區長樂里21鄰樂學路680號二十六樓,68,6800700,6800700-000,21鄰,樂學路,,,,,,680號二十六樓,121.38330846366,25.0564955129915
桃園市龜山區長樂里21鄰樂學路682號十樓,68,6800700,6800700-000,21鄰,樂學路,,,,,,682號十樓,121.383434785361,25.0565441196704
桃園市龜山區長樂里21鄰樂學路682號二樓,68,6800700,6800700-000,21鄰,樂學路,,,,,,682號二樓,121.383434785361,25.0565441196704
桃園市龜山區長樂里21鄰樂學路682號三樓,68,6800700,6800700-000,21鄰,樂學路,,,,,,682號三樓,121.383434785361,25.0565441196704
桃園市龜山區長樂里21鄰樂學路682號四樓,68,6800700,6800700-000,21鄰,樂學路,,,,,,682號四樓,121.383434785361,25.0565441196704
桃園市龜山區長樂里21鄰樂學路682號五樓,68,6800700,6800700-000,21鄰,樂學路,,,,,,682號五樓,121.383434785361,25.0565441196704
桃園市龜山區長樂里21鄰樂學路682號六樓,68,6800700,6800700-000,21鄰,樂學路,,,,,,682號六樓,121.383434785361,25.0565441196704
桃園市龜山區長樂里21鄰樂學路682號七樓,68,6800700,6800700-000,21鄰,樂學路,,,,,,682號七樓,121.383434785361,25.0565441196704
桃園市龜山區長樂里21鄰樂學路682號八樓,68,6800700,6800700-000,21鄰,樂學路,,,,,,682號八樓,121.383434785361,25.0565441196704
桃園市龜山區長樂里21鄰樂學路682號九樓,68,6800700,6800700-000,21鄰,樂學路,,,,,,682號九樓,121.383434785361,25.0565441196704
桃園市龜山區長樂里21鄰樂學路682號十一樓,68,6800700,6800700-000,21鄰,樂學路,,,,,,682號十一樓,121.383434785361,25.0565441196704
桃園市龜山區長樂里21鄰樂學路682號十二樓,68,6800700,6800700-000,21鄰,樂學路,,,,,,682號十二樓,121.383434785361,25.0565441196704
桃園市龜山區長樂里21鄰樂學路682號十三樓,68,6800700,6800700-000,21鄰,樂學路,,,,,,682號十三樓,121.383434785361,25.0565441196704
桃園市龜山區長樂里21鄰樂學路682號十四樓,68,6800700,6800700-000,21鄰,樂學路,,,,,,682號十四樓,121.383434785361,25.0565441196704
桃園市龜山區長樂里21鄰樂學路682號十五樓,68,6800700,6800700-000,21鄰,樂學路,,,,,,682號十五樓,121.383434785361,25.0565441196704
桃園市龜山區長樂里21鄰樂學路682號十六樓,68,6800700,6800700-000,21鄰,樂學路,,,,,,682號十六樓,121.383434785361,25.0565441196704
桃園市龜山區長樂里21鄰樂學路682號十七樓,68,6800700,6800700-000,21鄰,樂學路,,,,,,682號十七樓,121.383434785361,25.0565441196704
桃園市龜山區長樂里21鄰樂學路682號十八樓,68,6800700,6800700-000,21鄰,樂學路,,,,,,682號十八樓,121.383434785361,25.0565441196704
桃園市龜山區長樂里21鄰樂學路682號十九樓,68,6800700,6800700-000,21鄰,樂學路,,,,,,682號十九樓,121.383434785361,25.0565441196704
桃園市龜山區長樂里21鄰樂學路682號二十樓,68,6800700,6800700-000,21鄰,樂學路,,,,,,682號二十樓,121.383434785361,25.0565441196704
桃園市龜山區長樂里21鄰樂學路682號二十一樓,68,6800700,6800700-000,21鄰,樂學路,,,,,,682號二十一樓,121.383434785361,25.0565441196704
桃園市龜山區長樂里21鄰樂學路682號二十二樓,68,6800700,6800700-000,21鄰,樂學路,,,,,,682號二十二樓,121.383434785361,25.0565441196704
桃園市龜山區長樂里21鄰樂學路682號二十三樓,68,6800700,6800700-000,21鄰,樂學路,,,,,,682號二十三樓,121.383434785361,25.0565441196704
桃園市龜山區長樂里21鄰樂學路682號二十四樓,68,6800700,6800700-000,21鄰,樂學路,,,,,,682號二十四樓,121.383434785361,25.0565441196704
桃園市龜山區長樂里21鄰樂學路682號二十五樓,68,6800700,6800700-000,21鄰,樂學路,,,,,,682號二十五樓,121.383434785361,25.0565441196704
桃園市龜山區長樂里21鄰樂學路682號二十六樓,68,6800700,6800700-000,21鄰,樂學路,,,,,,682號二十六樓,121.383434785361,25.0565441196704
桃園市龜山區長樂里21鄰樂學路686號十樓,68,6800700,6800700-000,21鄰,樂學路,,,,,,686號十樓,121.383543168706,25.0564656557446
桃園市龜山區長樂里21鄰樂學路686號二樓,68,6800700,6800700-000,21鄰,樂學路,,,,,,686號二樓,121.383543168706,25.0564656557446
桃園市龜山區長樂里21鄰樂學路686號三樓,68,6800700,6800700-000,21鄰,樂學路,,,,,,686號三樓,121.383543168706,25.0564656557446
桃園市龜山區長樂里21鄰樂學路686號四樓,68,6800700,6800700-000,21鄰,樂學路,,,,,,686號四樓,121.383543168706,25.0564656557446
桃園市龜山區長樂里21鄰樂學路686號五樓,68,6800700,6800700-000,21鄰,樂學路,,,,,,686號五樓,121.383543168706,25.0564656557446
桃園市龜山區長樂里21鄰樂學路686號六樓,68,6800700,6800700-000,21鄰,樂學路,,,,,,686號六樓,121.383543168706,25.0564656557446
桃園市龜山區長樂里21鄰樂學路686號七樓,68,6800700,6800700-000,21鄰,樂學路,,,,,,686號七樓,121.383543168706,25.0564656557446
桃園市龜山區長樂里21鄰樂學路686號八樓,68,6800700,6800700-000,21鄰,樂學路,,,,,,686號八樓,121.383543168706,25.0564656557446
桃園市龜山區長樂里21鄰樂學路686號九樓,68,6800700,6800700-000,21鄰,樂學路,,,,,,686號九樓,121.383543168706,25.0564656557446
桃園市龜山區長樂里21鄰樂學路686號十一樓,68,6800700,6800700-000,21鄰,樂學路,,,,,,686號十一樓,121.383543168706,25.0564656557446
桃園市龜山區長樂里21鄰樂學路686號十二樓,68,6800700,6800700-000,21鄰,樂學路,,,,,,686號十二樓,121.383543168706,25.0564656557446
桃園市龜山區長樂里21鄰樂學路686號十三樓,68,6800700,6800700-000,21鄰,樂學路,,,,,,686號十三樓,121.383543168706,25.0564656557446
桃園市龜山區長樂里21鄰樂學路686號十四樓,68,6800700,6800700-000,21鄰,樂學路,,,,,,686號十四樓,121.383543168706,25.0564656557446
桃園市龜山區長樂里21鄰樂學路686號十五樓,68,6800700,6800700-000,21鄰,樂學路,,,,,,686號十五樓,121.383543168706,25.0564656557446
桃園市龜山區長樂里21鄰樂學路686號十六樓,68,6800700,6800700-000,21鄰,樂學路,,,,,,686號十六樓,121.383543168706,25.0564656557446
桃園市龜山區長樂里21鄰樂學路686號十七樓,68,6800700,6800700-000,21鄰,樂學路,,,,,,686號十七樓,121.383543168706,25.0564656557446
桃園市龜山區長樂里21鄰樂學路686號十八樓,68,6800700,6800700-000,21鄰,樂學路,,,,,,686號十八樓,121.383543168706,25.0564656557446
桃園市龜山區長樂里21鄰樂學路686號十九樓,68,6800700,6800700-000,21鄰,樂學路,,,,,,686號十九樓,121.383543168706,25.0564656557446
桃園市龜山區長樂里21鄰樂學路686號二十樓,68,6800700,6800700-000,21鄰,樂學路,,,,,,686號二十樓,121.383543168706,25.0564656557446
桃園市龜山區長樂里21鄰樂學路686號二十一樓,68,6800700,6800700-000,21鄰,樂學路,,,,,,686號二十一樓,121.383543168706,25.0564656557446
桃園市龜山區長樂里21鄰樂學路686號二十二樓,68,6800700,6800700-000,21鄰,樂學路,,,,,,686號二十二樓,121.383543168706,25.0564656557446
桃園市龜山區長樂里21鄰樂學路686號二十三樓,68,6800700,6800700-000,21鄰,樂學路,,,,,,686號二十三樓,121.383543168706,25.0564656557446
桃園市龜山區長樂里21鄰樂學路686號二十四樓,68,6800700,6800700-000,21鄰,樂學路,,,,,,686號二十四樓,121.383543168706,25.0564656557446
桃園市龜山區長樂里21鄰樂學路686號二十五樓,68,6800700,6800700-000,21鄰,樂學路,,,,,,686號二十五樓,121.383543168706,25.0564656557446
桃園市龜山區長樂里21鄰樂學路686號二十六樓,68,6800700,6800700-000,21鄰,樂學路,,,,,,686號二十六樓,121.383543168706,25.0564656557446
