FULL_ADDR,COUNTY,TOWN,VILLAGE,NEIGHBORHOOD,ROAD,SECTION,LANE,ALLEY,SUB_ALLEY,TONG,NUMBER,X,Y
桃園市新屋區深圳里2鄰深圳路131巷25號,68,6801100,6801100-018,2鄰,深圳路,,131巷,,,,25號,121.012941906843,24.9665007792116
桃園市新屋區深圳里2鄰深圳路221號,68,6801100,6801100-018,2鄰,深圳路,,,,,,221號,121.012709297053,24.9688155963112
桃園市新屋區深圳里2鄰深圳路223巷2號,68,6801100,6801100-018,2鄰,深圳路,,223巷,,,,2號,121.012590339015,24.9687520463373
桃園市新屋區深圳里2鄰深圳路223巷6號,68,6801100,6801100-018,2鄰,深圳路,,223巷,,,,6號,121.01248566068,24.9688598544914
桃園市新屋區深圳里2鄰深圳路225號,68,6801100,6801100-018,2鄰,深圳路,,,,,,225號,121.012647803644,24.9689405548844
桃園市新屋區深圳里2鄰深圳路227號,68,6801100,6801100-018,2鄰,深圳路,,,,,,227號,121.012634337125,24.9689743223193
桃園市新屋區深圳里2鄰深圳路273號,68,6801100,6801100-018,2鄰,深圳路,,,,,,273號,121.013068600126,24.9694907104556
桃園市新屋區深圳里2鄰深圳路280號,68,6801100,6801100-018,2鄰,深圳路,,,,,,280號,121.012771314157,24.9689677198869
桃園市新屋區深圳里2鄰深圳路282號,68,6801100,6801100-018,2鄰,深圳路,,,,,,282號,121.012809945987,24.9690132198062
桃園市新屋區深圳里2鄰深圳路313號,68,6801100,6801100-018,2鄰,深圳路,,,,,,313號,121.013579560646,24.9703102646148
桃園市新屋區深圳里2鄰深圳路315號,68,6801100,6801100-018,2鄰,深圳路,,,,,,315號,121.013446539024,24.9702713642032
