FULL_ADDR,COUNTY,TOWN,VILLAGE,NEIGHBORHOOD,ROAD,SECTION,LANE,ALLEY,SUB_ALLEY,TONG,NUMBER,X,Y
桃園市龜山區舊路里7鄰東舊路26之8號,68,6800700,6800700-018,7鄰,東舊路,,,,,,26之8號,121.366953777409,25.0157605092323
桃園市龜山區舊路里7鄰東舊路26之6號,68,6800700,6800700-018,7鄰,東舊路,,,,,,26之6號,121.366288116489,25.0158135211927
桃園市龜山區舊路里7鄰東舊路26之26號,68,6800700,6800700-018,7鄰,東舊路,,,,,,26之26號,121.369171249378,25.0196570256698
