FULL_ADDR,COUNTY,TOWN,VILLAGE,NEIGHBORHOOD,ROAD,SECTION,LANE,ALLEY,SUB_ALLEY,TONG,NUMBER,X,Y
桃園市龜山區文樂里9鄰樂善三路85號十樓,68,6800700,6800700-000,9鄰,樂善三路,,,,,,85號十樓,121.383021798187,25.047619014705
桃園市龜山區文樂里9鄰樂善三路85號二樓,68,6800700,6800700-000,9鄰,樂善三路,,,,,,85號二樓,121.383021798187,25.047619014705
桃園市龜山區文樂里9鄰樂善三路85號三樓,68,6800700,6800700-000,9鄰,樂善三路,,,,,,85號三樓,121.383021798187,25.047619014705
桃園市龜山區文樂里9鄰樂善三路85號四樓,68,6800700,6800700-000,9鄰,樂善三路,,,,,,85號四樓,121.383021798187,25.047619014705
桃園市龜山區文樂里9鄰樂善三路85號五樓,68,6800700,6800700-000,9鄰,樂善三路,,,,,,85號五樓,121.383021798187,25.047619014705
桃園市龜山區文樂里9鄰樂善三路85號六樓,68,6800700,6800700-000,9鄰,樂善三路,,,,,,85號六樓,121.383021798187,25.047619014705
桃園市龜山區文樂里9鄰樂善三路85號七樓,68,6800700,6800700-000,9鄰,樂善三路,,,,,,85號七樓,121.383021798187,25.047619014705
桃園市龜山區文樂里9鄰樂善三路85號八樓,68,6800700,6800700-000,9鄰,樂善三路,,,,,,85號八樓,121.383021798187,25.047619014705
桃園市龜山區文樂里9鄰樂善三路85號九樓,68,6800700,6800700-000,9鄰,樂善三路,,,,,,85號九樓,121.383021798187,25.047619014705
桃園市龜山區文樂里9鄰樂善三路85號十一樓,68,6800700,6800700-000,9鄰,樂善三路,,,,,,85號十一樓,121.383021798187,25.047619014705
桃園市龜山區文樂里9鄰樂善三路85號十二樓,68,6800700,6800700-000,9鄰,樂善三路,,,,,,85號十二樓,121.383021798187,25.047619014705
桃園市龜山區文樂里9鄰樂善三路85號十三樓,68,6800700,6800700-000,9鄰,樂善三路,,,,,,85號十三樓,121.383021798187,25.047619014705
桃園市龜山區文樂里9鄰樂善三路85號十四樓,68,6800700,6800700-000,9鄰,樂善三路,,,,,,85號十四樓,121.383021798187,25.047619014705
桃園市龜山區文樂里9鄰樂善三路85號十五樓,68,6800700,6800700-000,9鄰,樂善三路,,,,,,85號十五樓,121.383021798187,25.047619014705
桃園市龜山區文樂里9鄰樂善三路85號十六樓,68,6800700,6800700-000,9鄰,樂善三路,,,,,,85號十六樓,121.383021798187,25.047619014705
桃園市龜山區文樂里9鄰樂善三路85號十七樓,68,6800700,6800700-000,9鄰,樂善三路,,,,,,85號十七樓,121.383021798187,25.047619014705
桃園市龜山區文樂里9鄰樂善三路85號十八樓,68,6800700,6800700-000,9鄰,樂善三路,,,,,,85號十八樓,121.383021798187,25.047619014705
桃園市龜山區文樂里9鄰樂善三路87號十樓,68,6800700,6800700-000,9鄰,樂善三路,,,,,,87號十樓,121.382983233172,25.0475510415443
桃園市龜山區文樂里9鄰樂善三路87號二樓,68,6800700,6800700-000,9鄰,樂善三路,,,,,,87號二樓,121.382983233172,25.0475510415443
桃園市龜山區文樂里9鄰樂善三路87號三樓,68,6800700,6800700-000,9鄰,樂善三路,,,,,,87號三樓,121.382983233172,25.0475510415443
桃園市龜山區文樂里9鄰樂善三路87號四樓,68,6800700,6800700-000,9鄰,樂善三路,,,,,,87號四樓,121.382983233172,25.0475510415443
桃園市龜山區文樂里9鄰樂善三路87號五樓,68,6800700,6800700-000,9鄰,樂善三路,,,,,,87號五樓,121.382983233172,25.0475510415443
桃園市龜山區文樂里9鄰樂善三路87號六樓,68,6800700,6800700-000,9鄰,樂善三路,,,,,,87號六樓,121.382983233172,25.0475510415443
桃園市龜山區文樂里9鄰樂善三路87號七樓,68,6800700,6800700-000,9鄰,樂善三路,,,,,,87號七樓,121.382983233172,25.0475510415443
桃園市龜山區文樂里9鄰樂善三路87號八樓,68,6800700,6800700-000,9鄰,樂善三路,,,,,,87號八樓,121.382983233172,25.0475510415443
桃園市龜山區文樂里9鄰樂善三路87號九樓,68,6800700,6800700-000,9鄰,樂善三路,,,,,,87號九樓,121.382983233172,25.0475510415443
桃園市龜山區文樂里9鄰樂善三路87號十一樓,68,6800700,6800700-000,9鄰,樂善三路,,,,,,87號十一樓,121.382983233172,25.0475510415443
桃園市龜山區文樂里9鄰樂善三路87號十二樓,68,6800700,6800700-000,9鄰,樂善三路,,,,,,87號十二樓,121.382983233172,25.0475510415443
桃園市龜山區文樂里9鄰樂善三路87號十三樓,68,6800700,6800700-000,9鄰,樂善三路,,,,,,87號十三樓,121.382983233172,25.0475510415443
桃園市龜山區文樂里9鄰樂善三路87號十四樓,68,6800700,6800700-000,9鄰,樂善三路,,,,,,87號十四樓,121.382983233172,25.0475510415443
桃園市龜山區文樂里9鄰樂善三路87號十五樓,68,6800700,6800700-000,9鄰,樂善三路,,,,,,87號十五樓,121.382983233172,25.0475510415443
桃園市龜山區文樂里9鄰樂善三路87號十六樓,68,6800700,6800700-000,9鄰,樂善三路,,,,,,87號十六樓,121.382983233172,25.0475510415443
桃園市龜山區文樂里9鄰樂善三路87號十七樓,68,6800700,6800700-000,9鄰,樂善三路,,,,,,87號十七樓,121.382983233172,25.0475510415443
桃園市龜山區文樂里9鄰樂善三路87號十八樓,68,6800700,6800700-000,9鄰,樂善三路,,,,,,87號十八樓,121.382983233172,25.0475510415443
桃園市龜山區文樂里9鄰樂善三路89號十樓,68,6800700,6800700-000,9鄰,樂善三路,,,,,,89號十樓,121.382946742386,25.047480805977
桃園市龜山區文樂里9鄰樂善三路89號二樓,68,6800700,6800700-000,9鄰,樂善三路,,,,,,89號二樓,121.382946742386,25.047480805977
桃園市龜山區文樂里9鄰樂善三路89號三樓,68,6800700,6800700-000,9鄰,樂善三路,,,,,,89號三樓,121.382946742386,25.047480805977
桃園市龜山區文樂里9鄰樂善三路89號四樓,68,6800700,6800700-000,9鄰,樂善三路,,,,,,89號四樓,121.382946742386,25.047480805977
桃園市龜山區文樂里9鄰樂善三路89號五樓,68,6800700,6800700-000,9鄰,樂善三路,,,,,,89號五樓,121.382946742386,25.047480805977
桃園市龜山區文樂里9鄰樂善三路89號六樓,68,6800700,6800700-000,9鄰,樂善三路,,,,,,89號六樓,121.382946742386,25.047480805977
桃園市龜山區文樂里9鄰樂善三路89號七樓,68,6800700,6800700-000,9鄰,樂善三路,,,,,,89號七樓,121.382946742386,25.047480805977
桃園市龜山區文樂里9鄰樂善三路89號八樓,68,6800700,6800700-000,9鄰,樂善三路,,,,,,89號八樓,121.382946742386,25.047480805977
桃園市龜山區文樂里9鄰樂善三路89號九樓,68,6800700,6800700-000,9鄰,樂善三路,,,,,,89號九樓,121.382946742386,25.047480805977
桃園市龜山區文樂里9鄰樂善三路89號十一樓,68,6800700,6800700-000,9鄰,樂善三路,,,,,,89號十一樓,121.382946742386,25.047480805977
桃園市龜山區文樂里9鄰樂善三路89號十二樓,68,6800700,6800700-000,9鄰,樂善三路,,,,,,89號十二樓,121.382946742386,25.047480805977
桃園市龜山區文樂里9鄰樂善三路89號十三樓,68,6800700,6800700-000,9鄰,樂善三路,,,,,,89號十三樓,121.382946742386,25.047480805977
桃園市龜山區文樂里9鄰樂善三路89號十四樓,68,6800700,6800700-000,9鄰,樂善三路,,,,,,89號十四樓,121.382946742386,25.047480805977
桃園市龜山區文樂里9鄰樂善三路89號十五樓,68,6800700,6800700-000,9鄰,樂善三路,,,,,,89號十五樓,121.382946742386,25.047480805977
桃園市龜山區文樂里9鄰樂善三路89號十六樓,68,6800700,6800700-000,9鄰,樂善三路,,,,,,89號十六樓,121.382946742386,25.047480805977
桃園市龜山區文樂里9鄰樂善三路89號十七樓,68,6800700,6800700-000,9鄰,樂善三路,,,,,,89號十七樓,121.382946742386,25.047480805977
桃園市龜山區文樂里9鄰樂善三路89號十八樓,68,6800700,6800700-000,9鄰,樂善三路,,,,,,89號十八樓,121.382946742386,25.047480805977
桃園市龜山區文樂里9鄰樂善三路91號十樓,68,6800700,6800700-000,9鄰,樂善三路,,,,,,91號十樓,121.382864136767,25.0474963668239
桃園市龜山區文樂里9鄰樂善三路91號二樓,68,6800700,6800700-000,9鄰,樂善三路,,,,,,91號二樓,121.382864136767,25.0474963668239
桃園市龜山區文樂里9鄰樂善三路91號三樓,68,6800700,6800700-000,9鄰,樂善三路,,,,,,91號三樓,121.382864136767,25.0474963668239
桃園市龜山區文樂里9鄰樂善三路91號四樓,68,6800700,6800700-000,9鄰,樂善三路,,,,,,91號四樓,121.382864136767,25.0474963668239
桃園市龜山區文樂里9鄰樂善三路91號五樓,68,6800700,6800700-000,9鄰,樂善三路,,,,,,91號五樓,121.382864136767,25.0474963668239
桃園市龜山區文樂里9鄰樂善三路91號六樓,68,6800700,6800700-000,9鄰,樂善三路,,,,,,91號六樓,121.382864136767,25.0474963668239
桃園市龜山區文樂里9鄰樂善三路91號七樓,68,6800700,6800700-000,9鄰,樂善三路,,,,,,91號七樓,121.382864136767,25.0474963668239
桃園市龜山區文樂里9鄰樂善三路91號八樓,68,6800700,6800700-000,9鄰,樂善三路,,,,,,91號八樓,121.382864136767,25.0474963668239
桃園市龜山區文樂里9鄰樂善三路91號九樓,68,6800700,6800700-000,9鄰,樂善三路,,,,,,91號九樓,121.382864136767,25.0474963668239
桃園市龜山區文樂里9鄰樂善三路91號十一樓,68,6800700,6800700-000,9鄰,樂善三路,,,,,,91號十一樓,121.382864136767,25.0474963668239
桃園市龜山區文樂里9鄰樂善三路91號十二樓,68,6800700,6800700-000,9鄰,樂善三路,,,,,,91號十二樓,121.382864136767,25.0474963668239
桃園市龜山區文樂里9鄰樂善三路91號十三樓,68,6800700,6800700-000,9鄰,樂善三路,,,,,,91號十三樓,121.382864136767,25.0474963668239
桃園市龜山區文樂里9鄰樂善三路91號十四樓,68,6800700,6800700-000,9鄰,樂善三路,,,,,,91號十四樓,121.382864136767,25.0474963668239
桃園市龜山區文樂里9鄰樂善三路91號十五樓,68,6800700,6800700-000,9鄰,樂善三路,,,,,,91號十五樓,121.382864136767,25.0474963668239
桃園市龜山區文樂里9鄰樂善三路91號十六樓,68,6800700,6800700-000,9鄰,樂善三路,,,,,,91號十六樓,121.382864136767,25.0474963668239
桃園市龜山區文樂里9鄰樂善三路91號十七樓,68,6800700,6800700-000,9鄰,樂善三路,,,,,,91號十七樓,121.382864136767,25.0474963668239
桃園市龜山區文樂里9鄰樂善三路91號十八樓,68,6800700,6800700-000,9鄰,樂善三路,,,,,,91號十八樓,121.382864136767,25.0474963668239
桃園市龜山區文樂里9鄰樂善三路93號十樓,68,6800700,6800700-000,9鄰,樂善三路,,,,,,93號十樓,121.382905957294,25.0475595466825
桃園市龜山區文樂里9鄰樂善三路93號二樓,68,6800700,6800700-000,9鄰,樂善三路,,,,,,93號二樓,121.382905957294,25.0475595466825
桃園市龜山區文樂里9鄰樂善三路93號三樓,68,6800700,6800700-000,9鄰,樂善三路,,,,,,93號三樓,121.382905957294,25.0475595466825
桃園市龜山區文樂里9鄰樂善三路93號四樓,68,6800700,6800700-000,9鄰,樂善三路,,,,,,93號四樓,121.382905957294,25.0475595466825
桃園市龜山區文樂里9鄰樂善三路93號五樓,68,6800700,6800700-000,9鄰,樂善三路,,,,,,93號五樓,121.382905957294,25.0475595466825
桃園市龜山區文樂里9鄰樂善三路93號六樓,68,6800700,6800700-000,9鄰,樂善三路,,,,,,93號六樓,121.382905957294,25.0475595466825
桃園市龜山區文樂里9鄰樂善三路93號七樓,68,6800700,6800700-000,9鄰,樂善三路,,,,,,93號七樓,121.382905957294,25.0475595466825
桃園市龜山區文樂里9鄰樂善三路93號八樓,68,6800700,6800700-000,9鄰,樂善三路,,,,,,93號八樓,121.382905957294,25.0475595466825
桃園市龜山區文樂里9鄰樂善三路93號九樓,68,6800700,6800700-000,9鄰,樂善三路,,,,,,93號九樓,121.382905957294,25.0475595466825
桃園市龜山區文樂里9鄰樂善三路93號十一樓,68,6800700,6800700-000,9鄰,樂善三路,,,,,,93號十一樓,121.382905957294,25.0475595466825
桃園市龜山區文樂里9鄰樂善三路93號十二樓,68,6800700,6800700-000,9鄰,樂善三路,,,,,,93號十二樓,121.382905957294,25.0475595466825
桃園市龜山區文樂里9鄰樂善三路93號十三樓,68,6800700,6800700-000,9鄰,樂善三路,,,,,,93號十三樓,121.382905957294,25.0475595466825
桃園市龜山區文樂里9鄰樂善三路93號十四樓,68,6800700,6800700-000,9鄰,樂善三路,,,,,,93號十四樓,121.382905957294,25.0475595466825
桃園市龜山區文樂里9鄰樂善三路93號十五樓,68,6800700,6800700-000,9鄰,樂善三路,,,,,,93號十五樓,121.382905957294,25.0475595466825
桃園市龜山區文樂里9鄰樂善三路93號十六樓,68,6800700,6800700-000,9鄰,樂善三路,,,,,,93號十六樓,121.382905957294,25.0475595466825
桃園市龜山區文樂里9鄰樂善三路93號十七樓,68,6800700,6800700-000,9鄰,樂善三路,,,,,,93號十七樓,121.382905957294,25.0475595466825
桃園市龜山區文樂里9鄰樂善三路93號十八樓,68,6800700,6800700-000,9鄰,樂善三路,,,,,,93號十八樓,121.382905957294,25.0475595466825
桃園市龜山區文樂里9鄰樂善三路95號十樓,68,6800700,6800700-000,9鄰,樂善三路,,,,,,95號十樓,121.382947777864,25.0476227265283
桃園市龜山區文樂里9鄰樂善三路95號二樓,68,6800700,6800700-000,9鄰,樂善三路,,,,,,95號二樓,121.382947777864,25.0476227265283
桃園市龜山區文樂里9鄰樂善三路95號三樓,68,6800700,6800700-000,9鄰,樂善三路,,,,,,95號三樓,121.382947777864,25.0476227265283
桃園市龜山區文樂里9鄰樂善三路95號四樓,68,6800700,6800700-000,9鄰,樂善三路,,,,,,95號四樓,121.382947777864,25.0476227265283
桃園市龜山區文樂里9鄰樂善三路95號五樓,68,6800700,6800700-000,9鄰,樂善三路,,,,,,95號五樓,121.382947777864,25.0476227265283
桃園市龜山區文樂里9鄰樂善三路95號六樓,68,6800700,6800700-000,9鄰,樂善三路,,,,,,95號六樓,121.382947777864,25.0476227265283
桃園市龜山區文樂里9鄰樂善三路95號七樓,68,6800700,6800700-000,9鄰,樂善三路,,,,,,95號七樓,121.382947777864,25.0476227265283
桃園市龜山區文樂里9鄰樂善三路95號八樓,68,6800700,6800700-000,9鄰,樂善三路,,,,,,95號八樓,121.382947777864,25.0476227265283
桃園市龜山區文樂里9鄰樂善三路95號九樓,68,6800700,6800700-000,9鄰,樂善三路,,,,,,95號九樓,121.382947777864,25.0476227265283
桃園市龜山區文樂里9鄰樂善三路95號十一樓,68,6800700,6800700-000,9鄰,樂善三路,,,,,,95號十一樓,121.382947777864,25.0476227265283
桃園市龜山區文樂里9鄰樂善三路95號十二樓,68,6800700,6800700-000,9鄰,樂善三路,,,,,,95號十二樓,121.382947777864,25.0476227265283
桃園市龜山區文樂里9鄰樂善三路95號十三樓,68,6800700,6800700-000,9鄰,樂善三路,,,,,,95號十三樓,121.382947777864,25.0476227265283
桃園市龜山區文樂里9鄰樂善三路95號十四樓,68,6800700,6800700-000,9鄰,樂善三路,,,,,,95號十四樓,121.382947777864,25.0476227265283
桃園市龜山區文樂里9鄰樂善三路95號十五樓,68,6800700,6800700-000,9鄰,樂善三路,,,,,,95號十五樓,121.382947777864,25.0476227265283
桃園市龜山區文樂里9鄰樂善三路95號十六樓,68,6800700,6800700-000,9鄰,樂善三路,,,,,,95號十六樓,121.382947777864,25.0476227265283
桃園市龜山區文樂里9鄰樂善三路95號十七樓,68,6800700,6800700-000,9鄰,樂善三路,,,,,,95號十七樓,121.382947777864,25.0476227265283
桃園市龜山區文樂里9鄰樂善三路95號十八樓,68,6800700,6800700-000,9鄰,樂善三路,,,,,,95號十八樓,121.382947777864,25.0476227265283
桃園市龜山區文樂里9鄰樂善三路97號十樓,68,6800700,6800700-000,9鄰,樂善三路,,,,,,97號十樓,121.382984272339,25.0476941357493
桃園市龜山區文樂里9鄰樂善三路97號二樓,68,6800700,6800700-000,9鄰,樂善三路,,,,,,97號二樓,121.382984272339,25.0476941357493
桃園市龜山區文樂里9鄰樂善三路97號三樓,68,6800700,6800700-000,9鄰,樂善三路,,,,,,97號三樓,121.382984272339,25.0476941357493
桃園市龜山區文樂里9鄰樂善三路97號四樓,68,6800700,6800700-000,9鄰,樂善三路,,,,,,97號四樓,121.382984272339,25.0476941357493
桃園市龜山區文樂里9鄰樂善三路97號五樓,68,6800700,6800700-000,9鄰,樂善三路,,,,,,97號五樓,121.382984272339,25.0476941357493
桃園市龜山區文樂里9鄰樂善三路97號六樓,68,6800700,6800700-000,9鄰,樂善三路,,,,,,97號六樓,121.382984272339,25.0476941357493
桃園市龜山區文樂里9鄰樂善三路97號七樓,68,6800700,6800700-000,9鄰,樂善三路,,,,,,97號七樓,121.382984272339,25.0476941357493
桃園市龜山區文樂里9鄰樂善三路97號八樓,68,6800700,6800700-000,9鄰,樂善三路,,,,,,97號八樓,121.382984272339,25.0476941357493
桃園市龜山區文樂里9鄰樂善三路97號九樓,68,6800700,6800700-000,9鄰,樂善三路,,,,,,97號九樓,121.382984272339,25.0476941357493
桃園市龜山區文樂里9鄰樂善三路97號十一樓,68,6800700,6800700-000,9鄰,樂善三路,,,,,,97號十一樓,121.382984272339,25.0476941357493
桃園市龜山區文樂里9鄰樂善三路97號十二樓,68,6800700,6800700-000,9鄰,樂善三路,,,,,,97號十二樓,121.382984272339,25.0476941357493
桃園市龜山區文樂里9鄰樂善三路97號十三樓,68,6800700,6800700-000,9鄰,樂善三路,,,,,,97號十三樓,121.382984272339,25.0476941357493
桃園市龜山區文樂里9鄰樂善三路97號十四樓,68,6800700,6800700-000,9鄰,樂善三路,,,,,,97號十四樓,121.382984272339,25.0476941357493
桃園市龜山區文樂里9鄰樂善三路97號十五樓,68,6800700,6800700-000,9鄰,樂善三路,,,,,,97號十五樓,121.382984272339,25.0476941357493
桃園市龜山區文樂里9鄰樂善三路97號十六樓,68,6800700,6800700-000,9鄰,樂善三路,,,,,,97號十六樓,121.382984272339,25.0476941357493
桃園市龜山區文樂里9鄰樂善三路97號十七樓,68,6800700,6800700-000,9鄰,樂善三路,,,,,,97號十七樓,121.382984272339,25.0476941357493
桃園市龜山區文樂里9鄰樂善三路97號十八樓,68,6800700,6800700-000,9鄰,樂善三路,,,,,,97號十八樓,121.382984272339,25.0476941357493
桃園市龜山區文樂里9鄰樂善三路99號十樓,68,6800700,6800700-000,9鄰,樂善三路,,,,,,99號十樓,121.383017594098,25.0477651017308
桃園市龜山區文樂里9鄰樂善三路99號二樓,68,6800700,6800700-000,9鄰,樂善三路,,,,,,99號二樓,121.383017594098,25.0477651017308
桃園市龜山區文樂里9鄰樂善三路99號三樓,68,6800700,6800700-000,9鄰,樂善三路,,,,,,99號三樓,121.383017594098,25.0477651017308
桃園市龜山區文樂里9鄰樂善三路99號四樓,68,6800700,6800700-000,9鄰,樂善三路,,,,,,99號四樓,121.383017594098,25.0477651017308
桃園市龜山區文樂里9鄰樂善三路99號五樓,68,6800700,6800700-000,9鄰,樂善三路,,,,,,99號五樓,121.383017594098,25.0477651017308
桃園市龜山區文樂里9鄰樂善三路99號六樓,68,6800700,6800700-000,9鄰,樂善三路,,,,,,99號六樓,121.383017594098,25.0477651017308
桃園市龜山區文樂里9鄰樂善三路99號七樓,68,6800700,6800700-000,9鄰,樂善三路,,,,,,99號七樓,121.383017594098,25.0477651017308
桃園市龜山區文樂里9鄰樂善三路99號八樓,68,6800700,6800700-000,9鄰,樂善三路,,,,,,99號八樓,121.383017594098,25.0477651017308
桃園市龜山區文樂里9鄰樂善三路99號九樓,68,6800700,6800700-000,9鄰,樂善三路,,,,,,99號九樓,121.383017594098,25.0477651017308
桃園市龜山區文樂里9鄰樂善三路99號十一樓,68,6800700,6800700-000,9鄰,樂善三路,,,,,,99號十一樓,121.383017594098,25.0477651017308
桃園市龜山區文樂里9鄰樂善三路99號十二樓,68,6800700,6800700-000,9鄰,樂善三路,,,,,,99號十二樓,121.383017594098,25.0477651017308
桃園市龜山區文樂里9鄰樂善三路99號十三樓,68,6800700,6800700-000,9鄰,樂善三路,,,,,,99號十三樓,121.383017594098,25.0477651017308
桃園市龜山區文樂里9鄰樂善三路99號十四樓,68,6800700,6800700-000,9鄰,樂善三路,,,,,,99號十四樓,121.383017594098,25.0477651017308
桃園市龜山區文樂里9鄰樂善三路99號十五樓,68,6800700,6800700-000,9鄰,樂善三路,,,,,,99號十五樓,121.383017594098,25.0477651017308
桃園市龜山區文樂里9鄰樂善三路99號十六樓,68,6800700,6800700-000,9鄰,樂善三路,,,,,,99號十六樓,121.383017594098,25.0477651017308
桃園市龜山區文樂里9鄰樂善三路99號十七樓,68,6800700,6800700-000,9鄰,樂善三路,,,,,,99號十七樓,121.383017594098,25.0477651017308
桃園市龜山區文樂里9鄰樂善三路99號十八樓,68,6800700,6800700-000,9鄰,樂善三路,,,,,,99號十八樓,121.383017594098,25.0477651017308
桃園市龜山區文樂里9鄰樂善三路101號十樓,68,6800700,6800700-000,9鄰,樂善三路,,,,,,101號十樓,121.383098025741,25.0477515326067
桃園市龜山區文樂里9鄰樂善三路101號二樓,68,6800700,6800700-000,9鄰,樂善三路,,,,,,101號二樓,121.383098025741,25.0477515326067
桃園市龜山區文樂里9鄰樂善三路101號三樓,68,6800700,6800700-000,9鄰,樂善三路,,,,,,101號三樓,121.383098025741,25.0477515326067
桃園市龜山區文樂里9鄰樂善三路101號四樓,68,6800700,6800700-000,9鄰,樂善三路,,,,,,101號四樓,121.383098025741,25.0477515326067
桃園市龜山區文樂里9鄰樂善三路101號五樓,68,6800700,6800700-000,9鄰,樂善三路,,,,,,101號五樓,121.383098025741,25.0477515326067
桃園市龜山區文樂里9鄰樂善三路101號六樓,68,6800700,6800700-000,9鄰,樂善三路,,,,,,101號六樓,121.383098025741,25.0477515326067
桃園市龜山區文樂里9鄰樂善三路101號七樓,68,6800700,6800700-000,9鄰,樂善三路,,,,,,101號七樓,121.383098025741,25.0477515326067
桃園市龜山區文樂里9鄰樂善三路101號八樓,68,6800700,6800700-000,9鄰,樂善三路,,,,,,101號八樓,121.383098025741,25.0477515326067
桃園市龜山區文樂里9鄰樂善三路101號九樓,68,6800700,6800700-000,9鄰,樂善三路,,,,,,101號九樓,121.383098025741,25.0477515326067
桃園市龜山區文樂里9鄰樂善三路101號十一樓,68,6800700,6800700-000,9鄰,樂善三路,,,,,,101號十一樓,121.383098025741,25.0477515326067
桃園市龜山區文樂里9鄰樂善三路101號十二樓,68,6800700,6800700-000,9鄰,樂善三路,,,,,,101號十二樓,121.383098025741,25.0477515326067
桃園市龜山區文樂里9鄰樂善三路101號十三樓,68,6800700,6800700-000,9鄰,樂善三路,,,,,,101號十三樓,121.383098025741,25.0477515326067
桃園市龜山區文樂里9鄰樂善三路101號十四樓,68,6800700,6800700-000,9鄰,樂善三路,,,,,,101號十四樓,121.383098025741,25.0477515326067
桃園市龜山區文樂里9鄰樂善三路101號十五樓,68,6800700,6800700-000,9鄰,樂善三路,,,,,,101號十五樓,121.383098025741,25.0477515326067
桃園市龜山區文樂里9鄰樂善三路101號十六樓,68,6800700,6800700-000,9鄰,樂善三路,,,,,,101號十六樓,121.383098025741,25.0477515326067
桃園市龜山區文樂里9鄰樂善三路101號十七樓,68,6800700,6800700-000,9鄰,樂善三路,,,,,,101號十七樓,121.383098025741,25.0477515326067
桃園市龜山區文樂里9鄰樂善三路101號十八樓,68,6800700,6800700-000,9鄰,樂善三路,,,,,,101號十八樓,121.383098025741,25.0477515326067
桃園市龜山區文樂里9鄰樂善三路103號十樓,68,6800700,6800700-000,9鄰,樂善三路,,,,,,103號十樓,121.383179553412,25.0477398565329
桃園市龜山區文樂里9鄰樂善三路103號二樓,68,6800700,6800700-000,9鄰,樂善三路,,,,,,103號二樓,121.383179553412,25.0477398565329
桃園市龜山區文樂里9鄰樂善三路103號三樓,68,6800700,6800700-000,9鄰,樂善三路,,,,,,103號三樓,121.383179553412,25.0477398565329
桃園市龜山區文樂里9鄰樂善三路103號四樓,68,6800700,6800700-000,9鄰,樂善三路,,,,,,103號四樓,121.383179553412,25.0477398565329
桃園市龜山區文樂里9鄰樂善三路103號五樓,68,6800700,6800700-000,9鄰,樂善三路,,,,,,103號五樓,121.383179553412,25.0477398565329
桃園市龜山區文樂里9鄰樂善三路103號六樓,68,6800700,6800700-000,9鄰,樂善三路,,,,,,103號六樓,121.383179553412,25.0477398565329
桃園市龜山區文樂里9鄰樂善三路103號七樓,68,6800700,6800700-000,9鄰,樂善三路,,,,,,103號七樓,121.383179553412,25.0477398565329
桃園市龜山區文樂里9鄰樂善三路103號八樓,68,6800700,6800700-000,9鄰,樂善三路,,,,,,103號八樓,121.383179553412,25.0477398565329
桃園市龜山區文樂里9鄰樂善三路103號九樓,68,6800700,6800700-000,9鄰,樂善三路,,,,,,103號九樓,121.383179553412,25.0477398565329
桃園市龜山區文樂里9鄰樂善三路103號十一樓,68,6800700,6800700-000,9鄰,樂善三路,,,,,,103號十一樓,121.383179553412,25.0477398565329
桃園市龜山區文樂里9鄰樂善三路103號十二樓,68,6800700,6800700-000,9鄰,樂善三路,,,,,,103號十二樓,121.383179553412,25.0477398565329
桃園市龜山區文樂里9鄰樂善三路103號十三樓,68,6800700,6800700-000,9鄰,樂善三路,,,,,,103號十三樓,121.383179553412,25.0477398565329
桃園市龜山區文樂里9鄰樂善三路103號十四樓,68,6800700,6800700-000,9鄰,樂善三路,,,,,,103號十四樓,121.383179553412,25.0477398565329
桃園市龜山區文樂里9鄰樂善三路103號十五樓,68,6800700,6800700-000,9鄰,樂善三路,,,,,,103號十五樓,121.383179553412,25.0477398565329
桃園市龜山區文樂里9鄰樂善三路103號十六樓,68,6800700,6800700-000,9鄰,樂善三路,,,,,,103號十六樓,121.383179553412,25.0477398565329
桃園市龜山區文樂里9鄰樂善三路103號十七樓,68,6800700,6800700-000,9鄰,樂善三路,,,,,,103號十七樓,121.383179553412,25.0477398565329
桃園市龜山區文樂里9鄰樂善三路103號十八樓,68,6800700,6800700-000,9鄰,樂善三路,,,,,,103號十八樓,121.383179553412,25.0477398565329
桃園市龜山區文樂里9鄰樂善三路105號,68,6800700,6800700-000,9鄰,樂善三路,,,,,,105號,121.383260008877,25.047733961225
桃園市龜山區文樂里9鄰樂善三路105號十樓,68,6800700,6800700-000,9鄰,樂善三路,,,,,,105號十樓,121.383260008877,25.047733961225
桃園市龜山區文樂里9鄰樂善三路105號二樓,68,6800700,6800700-000,9鄰,樂善三路,,,,,,105號二樓,121.383260008877,25.047733961225
桃園市龜山區文樂里9鄰樂善三路105號三樓,68,6800700,6800700-000,9鄰,樂善三路,,,,,,105號三樓,121.383260008877,25.047733961225
桃園市龜山區文樂里9鄰樂善三路105號四樓,68,6800700,6800700-000,9鄰,樂善三路,,,,,,105號四樓,121.383260008877,25.047733961225
桃園市龜山區文樂里9鄰樂善三路105號五樓,68,6800700,6800700-000,9鄰,樂善三路,,,,,,105號五樓,121.383260008877,25.047733961225
桃園市龜山區文樂里9鄰樂善三路105號六樓,68,6800700,6800700-000,9鄰,樂善三路,,,,,,105號六樓,121.383260008877,25.047733961225
桃園市龜山區文樂里9鄰樂善三路105號七樓,68,6800700,6800700-000,9鄰,樂善三路,,,,,,105號七樓,121.383260008877,25.047733961225
桃園市龜山區文樂里9鄰樂善三路105號八樓,68,6800700,6800700-000,9鄰,樂善三路,,,,,,105號八樓,121.383260008877,25.047733961225
桃園市龜山區文樂里9鄰樂善三路105號九樓,68,6800700,6800700-000,9鄰,樂善三路,,,,,,105號九樓,121.383260008877,25.047733961225
桃園市龜山區文樂里9鄰樂善三路105號十一樓,68,6800700,6800700-000,9鄰,樂善三路,,,,,,105號十一樓,121.383260008877,25.047733961225
桃園市龜山區文樂里9鄰樂善三路105號十二樓,68,6800700,6800700-000,9鄰,樂善三路,,,,,,105號十二樓,121.383260008877,25.047733961225
桃園市龜山區文樂里9鄰樂善三路105號十三樓,68,6800700,6800700-000,9鄰,樂善三路,,,,,,105號十三樓,121.383260008877,25.047733961225
桃園市龜山區文樂里9鄰樂善三路105號十四樓,68,6800700,6800700-000,9鄰,樂善三路,,,,,,105號十四樓,121.383260008877,25.047733961225
桃園市龜山區文樂里9鄰樂善三路105號十五樓,68,6800700,6800700-000,9鄰,樂善三路,,,,,,105號十五樓,121.383260008877,25.047733961225
桃園市龜山區文樂里9鄰樂善三路105號十六樓,68,6800700,6800700-000,9鄰,樂善三路,,,,,,105號十六樓,121.383260008877,25.047733961225
桃園市龜山區文樂里9鄰樂善三路105號十七樓,68,6800700,6800700-000,9鄰,樂善三路,,,,,,105號十七樓,121.383260008877,25.047733961225
桃園市龜山區文樂里9鄰樂善三路105號十八樓,68,6800700,6800700-000,9鄰,樂善三路,,,,,,105號十八樓,121.383260008877,25.047733961225
桃園市龜山區文樂里9鄰樂善三路107號十樓,68,6800700,6800700-000,9鄰,樂善三路,,,,,,107號十樓,121.383227855197,25.0476562211399
桃園市龜山區文樂里9鄰樂善三路107號二樓,68,6800700,6800700-000,9鄰,樂善三路,,,,,,107號二樓,121.383227855197,25.0476562211399
桃園市龜山區文樂里9鄰樂善三路107號三樓,68,6800700,6800700-000,9鄰,樂善三路,,,,,,107號三樓,121.383227855197,25.0476562211399
桃園市龜山區文樂里9鄰樂善三路107號四樓,68,6800700,6800700-000,9鄰,樂善三路,,,,,,107號四樓,121.383227855197,25.0476562211399
桃園市龜山區文樂里9鄰樂善三路107號五樓,68,6800700,6800700-000,9鄰,樂善三路,,,,,,107號五樓,121.383227855197,25.0476562211399
桃園市龜山區文樂里9鄰樂善三路107號六樓,68,6800700,6800700-000,9鄰,樂善三路,,,,,,107號六樓,121.383227855197,25.0476562211399
桃園市龜山區文樂里9鄰樂善三路107號七樓,68,6800700,6800700-000,9鄰,樂善三路,,,,,,107號七樓,121.383227855197,25.0476562211399
桃園市龜山區文樂里9鄰樂善三路107號八樓,68,6800700,6800700-000,9鄰,樂善三路,,,,,,107號八樓,121.383227855197,25.0476562211399
桃園市龜山區文樂里9鄰樂善三路107號九樓,68,6800700,6800700-000,9鄰,樂善三路,,,,,,107號九樓,121.383227855197,25.0476562211399
桃園市龜山區文樂里9鄰樂善三路107號十一樓,68,6800700,6800700-000,9鄰,樂善三路,,,,,,107號十一樓,121.383227855197,25.0476562211399
桃園市龜山區文樂里9鄰樂善三路107號十二樓,68,6800700,6800700-000,9鄰,樂善三路,,,,,,107號十二樓,121.383227855197,25.0476562211399
桃園市龜山區文樂里9鄰樂善三路107號十三樓,68,6800700,6800700-000,9鄰,樂善三路,,,,,,107號十三樓,121.383227855197,25.0476562211399
桃園市龜山區文樂里9鄰樂善三路107號十四樓,68,6800700,6800700-000,9鄰,樂善三路,,,,,,107號十四樓,121.383227855197,25.0476562211399
桃園市龜山區文樂里9鄰樂善三路107號十五樓,68,6800700,6800700-000,9鄰,樂善三路,,,,,,107號十五樓,121.383227855197,25.0476562211399
桃園市龜山區文樂里9鄰樂善三路107號十六樓,68,6800700,6800700-000,9鄰,樂善三路,,,,,,107號十六樓,121.383227855197,25.0476562211399
桃園市龜山區文樂里9鄰樂善三路107號十七樓,68,6800700,6800700-000,9鄰,樂善三路,,,,,,107號十七樓,121.383227855197,25.0476562211399
桃園市龜山區文樂里9鄰樂善三路107號十八樓,68,6800700,6800700-000,9鄰,樂善三路,,,,,,107號十八樓,121.383227855197,25.0476562211399
桃園市龜山區文樂里9鄰樂善三路109號十樓,68,6800700,6800700-000,9鄰,樂善三路,,,,,,109號十樓,121.383150598071,25.0476707752475
桃園市龜山區文樂里9鄰樂善三路109號二樓,68,6800700,6800700-000,9鄰,樂善三路,,,,,,109號二樓,121.383150598071,25.0476707752475
桃園市龜山區文樂里9鄰樂善三路109號三樓,68,6800700,6800700-000,9鄰,樂善三路,,,,,,109號三樓,121.383150598071,25.0476707752475
桃園市龜山區文樂里9鄰樂善三路109號四樓,68,6800700,6800700-000,9鄰,樂善三路,,,,,,109號四樓,121.383150598071,25.0476707752475
桃園市龜山區文樂里9鄰樂善三路109號五樓,68,6800700,6800700-000,9鄰,樂善三路,,,,,,109號五樓,121.383150598071,25.0476707752475
桃園市龜山區文樂里9鄰樂善三路109號六樓,68,6800700,6800700-000,9鄰,樂善三路,,,,,,109號六樓,121.383150598071,25.0476707752475
桃園市龜山區文樂里9鄰樂善三路109號七樓,68,6800700,6800700-000,9鄰,樂善三路,,,,,,109號七樓,121.383150598071,25.0476707752475
桃園市龜山區文樂里9鄰樂善三路109號八樓,68,6800700,6800700-000,9鄰,樂善三路,,,,,,109號八樓,121.383150598071,25.0476707752475
桃園市龜山區文樂里9鄰樂善三路109號九樓,68,6800700,6800700-000,9鄰,樂善三路,,,,,,109號九樓,121.383150598071,25.0476707752475
桃園市龜山區文樂里9鄰樂善三路109號十一樓,68,6800700,6800700-000,9鄰,樂善三路,,,,,,109號十一樓,121.383150598071,25.0476707752475
桃園市龜山區文樂里9鄰樂善三路109號十二樓,68,6800700,6800700-000,9鄰,樂善三路,,,,,,109號十二樓,121.383150598071,25.0476707752475
桃園市龜山區文樂里9鄰樂善三路109號十三樓,68,6800700,6800700-000,9鄰,樂善三路,,,,,,109號十三樓,121.383150598071,25.0476707752475
桃園市龜山區文樂里9鄰樂善三路109號十四樓,68,6800700,6800700-000,9鄰,樂善三路,,,,,,109號十四樓,121.383150598071,25.0476707752475
桃園市龜山區文樂里9鄰樂善三路109號十五樓,68,6800700,6800700-000,9鄰,樂善三路,,,,,,109號十五樓,121.383150598071,25.0476707752475
桃園市龜山區文樂里9鄰樂善三路109號十六樓,68,6800700,6800700-000,9鄰,樂善三路,,,,,,109號十六樓,121.383150598071,25.0476707752475
桃園市龜山區文樂里9鄰樂善三路109號十七樓,68,6800700,6800700-000,9鄰,樂善三路,,,,,,109號十七樓,121.383150598071,25.0476707752475
桃園市龜山區文樂里9鄰樂善三路109號十八樓,68,6800700,6800700-000,9鄰,樂善三路,,,,,,109號十八樓,121.383150598071,25.0476707752475
桃園市龜山區文樂里9鄰樂善三路111號十樓,68,6800700,6800700-000,9鄰,樂善三路,,,,,,111號十樓,121.38357732195,25.0476309430922
桃園市龜山區文樂里9鄰樂善三路111號二樓,68,6800700,6800700-000,9鄰,樂善三路,,,,,,111號二樓,121.38357732195,25.0476309430922
桃園市龜山區文樂里9鄰樂善三路111號三樓,68,6800700,6800700-000,9鄰,樂善三路,,,,,,111號三樓,121.38357732195,25.0476309430922
桃園市龜山區文樂里9鄰樂善三路111號四樓,68,6800700,6800700-000,9鄰,樂善三路,,,,,,111號四樓,121.38357732195,25.0476309430922
桃園市龜山區文樂里9鄰樂善三路111號五樓,68,6800700,6800700-000,9鄰,樂善三路,,,,,,111號五樓,121.38357732195,25.0476309430922
桃園市龜山區文樂里9鄰樂善三路111號六樓,68,6800700,6800700-000,9鄰,樂善三路,,,,,,111號六樓,121.38357732195,25.0476309430922
桃園市龜山區文樂里9鄰樂善三路111號七樓,68,6800700,6800700-000,9鄰,樂善三路,,,,,,111號七樓,121.38357732195,25.0476309430922
桃園市龜山區文樂里9鄰樂善三路111號八樓,68,6800700,6800700-000,9鄰,樂善三路,,,,,,111號八樓,121.38357732195,25.0476309430922
桃園市龜山區文樂里9鄰樂善三路111號九樓,68,6800700,6800700-000,9鄰,樂善三路,,,,,,111號九樓,121.38357732195,25.0476309430922
桃園市龜山區文樂里9鄰樂善三路111號十一樓,68,6800700,6800700-000,9鄰,樂善三路,,,,,,111號十一樓,121.38357732195,25.0476309430922
桃園市龜山區文樂里9鄰樂善三路111號十二樓,68,6800700,6800700-000,9鄰,樂善三路,,,,,,111號十二樓,121.38357732195,25.0476309430922
桃園市龜山區文樂里9鄰樂善三路111號十三樓,68,6800700,6800700-000,9鄰,樂善三路,,,,,,111號十三樓,121.38357732195,25.0476309430922
桃園市龜山區文樂里9鄰樂善三路111號十四樓,68,6800700,6800700-000,9鄰,樂善三路,,,,,,111號十四樓,121.38357732195,25.0476309430922
桃園市龜山區文樂里9鄰樂善三路111號十五樓,68,6800700,6800700-000,9鄰,樂善三路,,,,,,111號十五樓,121.38357732195,25.0476309430922
桃園市龜山區文樂里9鄰樂善三路111號十六樓,68,6800700,6800700-000,9鄰,樂善三路,,,,,,111號十六樓,121.38357732195,25.0476309430922
桃園市龜山區文樂里9鄰樂善三路111號十七樓,68,6800700,6800700-000,9鄰,樂善三路,,,,,,111號十七樓,121.38357732195,25.0476309430922
桃園市龜山區文樂里9鄰樂善三路111號十八樓,68,6800700,6800700-000,9鄰,樂善三路,,,,,,111號十八樓,121.38357732195,25.0476309430922
桃園市龜山區文樂里9鄰樂善三路113號十樓,68,6800700,6800700-000,9鄰,樂善三路,,,,,,113號十樓,121.383497953634,25.0476358426634
桃園市龜山區文樂里9鄰樂善三路113號二樓,68,6800700,6800700-000,9鄰,樂善三路,,,,,,113號二樓,121.383497953634,25.0476358426634
桃園市龜山區文樂里9鄰樂善三路113號三樓,68,6800700,6800700-000,9鄰,樂善三路,,,,,,113號三樓,121.383497953634,25.0476358426634
桃園市龜山區文樂里9鄰樂善三路113號四樓,68,6800700,6800700-000,9鄰,樂善三路,,,,,,113號四樓,121.383497953634,25.0476358426634
桃園市龜山區文樂里9鄰樂善三路113號五樓,68,6800700,6800700-000,9鄰,樂善三路,,,,,,113號五樓,121.383497953634,25.0476358426634
桃園市龜山區文樂里9鄰樂善三路113號六樓,68,6800700,6800700-000,9鄰,樂善三路,,,,,,113號六樓,121.383497953634,25.0476358426634
桃園市龜山區文樂里9鄰樂善三路113號七樓,68,6800700,6800700-000,9鄰,樂善三路,,,,,,113號七樓,121.383497953634,25.0476358426634
桃園市龜山區文樂里9鄰樂善三路113號八樓,68,6800700,6800700-000,9鄰,樂善三路,,,,,,113號八樓,121.383497953634,25.0476358426634
桃園市龜山區文樂里9鄰樂善三路113號九樓,68,6800700,6800700-000,9鄰,樂善三路,,,,,,113號九樓,121.383497953634,25.0476358426634
桃園市龜山區文樂里9鄰樂善三路113號十一樓,68,6800700,6800700-000,9鄰,樂善三路,,,,,,113號十一樓,121.383497953634,25.0476358426634
桃園市龜山區文樂里9鄰樂善三路113號十二樓,68,6800700,6800700-000,9鄰,樂善三路,,,,,,113號十二樓,121.383497953634,25.0476358426634
桃園市龜山區文樂里9鄰樂善三路113號十三樓,68,6800700,6800700-000,9鄰,樂善三路,,,,,,113號十三樓,121.383497953634,25.0476358426634
桃園市龜山區文樂里9鄰樂善三路113號十四樓,68,6800700,6800700-000,9鄰,樂善三路,,,,,,113號十四樓,121.383497953634,25.0476358426634
桃園市龜山區文樂里9鄰樂善三路113號十五樓,68,6800700,6800700-000,9鄰,樂善三路,,,,,,113號十五樓,121.383497953634,25.0476358426634
桃園市龜山區文樂里9鄰樂善三路113號十六樓,68,6800700,6800700-000,9鄰,樂善三路,,,,,,113號十六樓,121.383497953634,25.0476358426634
桃園市龜山區文樂里9鄰樂善三路113號十七樓,68,6800700,6800700-000,9鄰,樂善三路,,,,,,113號十七樓,121.383497953634,25.0476358426634
桃園市龜山區文樂里9鄰樂善三路113號十八樓,68,6800700,6800700-000,9鄰,樂善三路,,,,,,113號十八樓,121.383497953634,25.0476358426634
桃園市龜山區文樂里9鄰樂善三路115號十樓,68,6800700,6800700-000,9鄰,樂善三路,,,,,,115號十樓,121.383415323838,25.0476436396322
桃園市龜山區文樂里9鄰樂善三路115號二樓,68,6800700,6800700-000,9鄰,樂善三路,,,,,,115號二樓,121.383415323838,25.0476436396322
桃園市龜山區文樂里9鄰樂善三路115號三樓,68,6800700,6800700-000,9鄰,樂善三路,,,,,,115號三樓,121.383415323838,25.0476436396322
桃園市龜山區文樂里9鄰樂善三路115號四樓,68,6800700,6800700-000,9鄰,樂善三路,,,,,,115號四樓,121.383415323838,25.0476436396322
桃園市龜山區文樂里9鄰樂善三路115號五樓,68,6800700,6800700-000,9鄰,樂善三路,,,,,,115號五樓,121.383415323838,25.0476436396322
桃園市龜山區文樂里9鄰樂善三路115號六樓,68,6800700,6800700-000,9鄰,樂善三路,,,,,,115號六樓,121.383415323838,25.0476436396322
桃園市龜山區文樂里9鄰樂善三路115號七樓,68,6800700,6800700-000,9鄰,樂善三路,,,,,,115號七樓,121.383415323838,25.0476436396322
桃園市龜山區文樂里9鄰樂善三路115號八樓,68,6800700,6800700-000,9鄰,樂善三路,,,,,,115號八樓,121.383415323838,25.0476436396322
桃園市龜山區文樂里9鄰樂善三路115號九樓,68,6800700,6800700-000,9鄰,樂善三路,,,,,,115號九樓,121.383415323838,25.0476436396322
桃園市龜山區文樂里9鄰樂善三路115號十一樓,68,6800700,6800700-000,9鄰,樂善三路,,,,,,115號十一樓,121.383415323838,25.0476436396322
桃園市龜山區文樂里9鄰樂善三路115號十二樓,68,6800700,6800700-000,9鄰,樂善三路,,,,,,115號十二樓,121.383415323838,25.0476436396322
桃園市龜山區文樂里9鄰樂善三路115號十三樓,68,6800700,6800700-000,9鄰,樂善三路,,,,,,115號十三樓,121.383415323838,25.0476436396322
桃園市龜山區文樂里9鄰樂善三路115號十四樓,68,6800700,6800700-000,9鄰,樂善三路,,,,,,115號十四樓,121.383415323838,25.0476436396322
桃園市龜山區文樂里9鄰樂善三路115號十五樓,68,6800700,6800700-000,9鄰,樂善三路,,,,,,115號十五樓,121.383415323838,25.0476436396322
桃園市龜山區文樂里9鄰樂善三路115號十六樓,68,6800700,6800700-000,9鄰,樂善三路,,,,,,115號十六樓,121.383415323838,25.0476436396322
桃園市龜山區文樂里9鄰樂善三路115號十七樓,68,6800700,6800700-000,9鄰,樂善三路,,,,,,115號十七樓,121.383415323838,25.0476436396322
桃園市龜山區文樂里9鄰樂善三路115號十八樓,68,6800700,6800700-000,9鄰,樂善三路,,,,,,115號十八樓,121.383415323838,25.0476436396322
桃園市龜山區文樂里9鄰樂善三路117號,68,6800700,6800700-000,9鄰,樂善三路,,,,,,117號,121.383432524594,25.0477252101126
桃園市龜山區文樂里9鄰樂善三路117號十樓,68,6800700,6800700-000,9鄰,樂善三路,,,,,,117號十樓,121.383432524594,25.0477252101126
桃園市龜山區文樂里9鄰樂善三路117號二樓,68,6800700,6800700-000,9鄰,樂善三路,,,,,,117號二樓,121.383432524594,25.0477252101126
桃園市龜山區文樂里9鄰樂善三路117號三樓,68,6800700,6800700-000,9鄰,樂善三路,,,,,,117號三樓,121.383432524594,25.0477252101126
桃園市龜山區文樂里9鄰樂善三路117號四樓,68,6800700,6800700-000,9鄰,樂善三路,,,,,,117號四樓,121.383432524594,25.0477252101126
桃園市龜山區文樂里9鄰樂善三路117號五樓,68,6800700,6800700-000,9鄰,樂善三路,,,,,,117號五樓,121.383432524594,25.0477252101126
桃園市龜山區文樂里9鄰樂善三路117號六樓,68,6800700,6800700-000,9鄰,樂善三路,,,,,,117號六樓,121.383432524594,25.0477252101126
桃園市龜山區文樂里9鄰樂善三路117號七樓,68,6800700,6800700-000,9鄰,樂善三路,,,,,,117號七樓,121.383432524594,25.0477252101126
桃園市龜山區文樂里9鄰樂善三路117號八樓,68,6800700,6800700-000,9鄰,樂善三路,,,,,,117號八樓,121.383432524594,25.0477252101126
桃園市龜山區文樂里9鄰樂善三路117號九樓,68,6800700,6800700-000,9鄰,樂善三路,,,,,,117號九樓,121.383432524594,25.0477252101126
桃園市龜山區文樂里9鄰樂善三路117號十一樓,68,6800700,6800700-000,9鄰,樂善三路,,,,,,117號十一樓,121.383432524594,25.0477252101126
桃園市龜山區文樂里9鄰樂善三路117號十二樓,68,6800700,6800700-000,9鄰,樂善三路,,,,,,117號十二樓,121.383432524594,25.0477252101126
桃園市龜山區文樂里9鄰樂善三路117號十三樓,68,6800700,6800700-000,9鄰,樂善三路,,,,,,117號十三樓,121.383432524594,25.0477252101126
桃園市龜山區文樂里9鄰樂善三路117號十四樓,68,6800700,6800700-000,9鄰,樂善三路,,,,,,117號十四樓,121.383432524594,25.0477252101126
桃園市龜山區文樂里9鄰樂善三路117號十五樓,68,6800700,6800700-000,9鄰,樂善三路,,,,,,117號十五樓,121.383432524594,25.0477252101126
桃園市龜山區文樂里9鄰樂善三路117號十六樓,68,6800700,6800700-000,9鄰,樂善三路,,,,,,117號十六樓,121.383432524594,25.0477252101126
桃園市龜山區文樂里9鄰樂善三路117號十七樓,68,6800700,6800700-000,9鄰,樂善三路,,,,,,117號十七樓,121.383432524594,25.0477252101126
桃園市龜山區文樂里9鄰樂善三路117號十八樓,68,6800700,6800700-000,9鄰,樂善三路,,,,,,117號十八樓,121.383432524594,25.0477252101126
桃園市龜山區文樂里9鄰樂善三路119號,68,6800700,6800700-000,9鄰,樂善三路,,,,,,119號,121.383525867035,25.0477203647815
桃園市龜山區文樂里9鄰樂善三路119號十樓,68,6800700,6800700-000,9鄰,樂善三路,,,,,,119號十樓,121.383525867035,25.0477203647815
桃園市龜山區文樂里9鄰樂善三路119號二樓,68,6800700,6800700-000,9鄰,樂善三路,,,,,,119號二樓,121.383525867035,25.0477203647815
桃園市龜山區文樂里9鄰樂善三路119號三樓,68,6800700,6800700-000,9鄰,樂善三路,,,,,,119號三樓,121.383525867035,25.0477203647815
桃園市龜山區文樂里9鄰樂善三路119號四樓,68,6800700,6800700-000,9鄰,樂善三路,,,,,,119號四樓,121.383525867035,25.0477203647815
桃園市龜山區文樂里9鄰樂善三路119號五樓,68,6800700,6800700-000,9鄰,樂善三路,,,,,,119號五樓,121.383525867035,25.0477203647815
桃園市龜山區文樂里9鄰樂善三路119號六樓,68,6800700,6800700-000,9鄰,樂善三路,,,,,,119號六樓,121.383525867035,25.0477203647815
桃園市龜山區文樂里9鄰樂善三路119號七樓,68,6800700,6800700-000,9鄰,樂善三路,,,,,,119號七樓,121.383525867035,25.0477203647815
桃園市龜山區文樂里9鄰樂善三路119號八樓,68,6800700,6800700-000,9鄰,樂善三路,,,,,,119號八樓,121.383525867035,25.0477203647815
桃園市龜山區文樂里9鄰樂善三路119號九樓,68,6800700,6800700-000,9鄰,樂善三路,,,,,,119號九樓,121.383525867035,25.0477203647815
桃園市龜山區文樂里9鄰樂善三路119號十一樓,68,6800700,6800700-000,9鄰,樂善三路,,,,,,119號十一樓,121.383525867035,25.0477203647815
桃園市龜山區文樂里9鄰樂善三路119號十二樓,68,6800700,6800700-000,9鄰,樂善三路,,,,,,119號十二樓,121.383525867035,25.0477203647815
桃園市龜山區文樂里9鄰樂善三路119號十三樓,68,6800700,6800700-000,9鄰,樂善三路,,,,,,119號十三樓,121.383525867035,25.0477203647815
桃園市龜山區文樂里9鄰樂善三路119號十四樓,68,6800700,6800700-000,9鄰,樂善三路,,,,,,119號十四樓,121.383525867035,25.0477203647815
桃園市龜山區文樂里9鄰樂善三路119號十五樓,68,6800700,6800700-000,9鄰,樂善三路,,,,,,119號十五樓,121.383525867035,25.0477203647815
桃園市龜山區文樂里9鄰樂善三路119號十六樓,68,6800700,6800700-000,9鄰,樂善三路,,,,,,119號十六樓,121.383525867035,25.0477203647815
桃園市龜山區文樂里9鄰樂善三路119號十七樓,68,6800700,6800700-000,9鄰,樂善三路,,,,,,119號十七樓,121.383525867035,25.0477203647815
桃園市龜山區文樂里9鄰樂善三路119號十八樓,68,6800700,6800700-000,9鄰,樂善三路,,,,,,119號十八樓,121.383525867035,25.0477203647815
桃園市龜山區文樂里9鄰樂善三路121號,68,6800700,6800700-000,9鄰,樂善三路,,,,,,121號,121.383620209506,25.0477184058316
桃園市龜山區文樂里9鄰樂善三路121號十樓,68,6800700,6800700-000,9鄰,樂善三路,,,,,,121號十樓,121.383620209506,25.0477184058316
桃園市龜山區文樂里9鄰樂善三路121號二樓,68,6800700,6800700-000,9鄰,樂善三路,,,,,,121號二樓,121.383620209506,25.0477184058316
桃園市龜山區文樂里9鄰樂善三路121號三樓,68,6800700,6800700-000,9鄰,樂善三路,,,,,,121號三樓,121.383620209506,25.0477184058316
桃園市龜山區文樂里9鄰樂善三路121號四樓,68,6800700,6800700-000,9鄰,樂善三路,,,,,,121號四樓,121.383620209506,25.0477184058316
桃園市龜山區文樂里9鄰樂善三路121號五樓,68,6800700,6800700-000,9鄰,樂善三路,,,,,,121號五樓,121.383620209506,25.0477184058316
桃園市龜山區文樂里9鄰樂善三路121號六樓,68,6800700,6800700-000,9鄰,樂善三路,,,,,,121號六樓,121.383620209506,25.0477184058316
桃園市龜山區文樂里9鄰樂善三路121號七樓,68,6800700,6800700-000,9鄰,樂善三路,,,,,,121號七樓,121.383620209506,25.0477184058316
桃園市龜山區文樂里9鄰樂善三路121號八樓,68,6800700,6800700-000,9鄰,樂善三路,,,,,,121號八樓,121.383620209506,25.0477184058316
桃園市龜山區文樂里9鄰樂善三路121號九樓,68,6800700,6800700-000,9鄰,樂善三路,,,,,,121號九樓,121.383620209506,25.0477184058316
桃園市龜山區文樂里9鄰樂善三路121號十一樓,68,6800700,6800700-000,9鄰,樂善三路,,,,,,121號十一樓,121.383620209506,25.0477184058316
桃園市龜山區文樂里9鄰樂善三路121號十二樓,68,6800700,6800700-000,9鄰,樂善三路,,,,,,121號十二樓,121.383620209506,25.0477184058316
桃園市龜山區文樂里9鄰樂善三路121號十三樓,68,6800700,6800700-000,9鄰,樂善三路,,,,,,121號十三樓,121.383620209506,25.0477184058316
桃園市龜山區文樂里9鄰樂善三路121號十四樓,68,6800700,6800700-000,9鄰,樂善三路,,,,,,121號十四樓,121.383620209506,25.0477184058316
桃園市龜山區文樂里9鄰樂善三路121號十五樓,68,6800700,6800700-000,9鄰,樂善三路,,,,,,121號十五樓,121.383620209506,25.0477184058316
桃園市龜山區文樂里9鄰樂善三路121號十六樓,68,6800700,6800700-000,9鄰,樂善三路,,,,,,121號十六樓,121.383620209506,25.0477184058316
桃園市龜山區文樂里9鄰樂善三路121號十七樓,68,6800700,6800700-000,9鄰,樂善三路,,,,,,121號十七樓,121.383620209506,25.0477184058316
桃園市龜山區文樂里9鄰樂善三路121號十八樓,68,6800700,6800700-000,9鄰,樂善三路,,,,,,121號十八樓,121.383620209506,25.0477184058316
桃園市龜山區文樂里9鄰樂善三路123號,68,6800700,6800700-000,9鄰,樂善三路,,,,,,123號,121.383744668039,25.0477125771887
桃園市龜山區文樂里9鄰樂善三路123號十樓,68,6800700,6800700-000,9鄰,樂善三路,,,,,,123號十樓,121.383744668039,25.0477125771887
桃園市龜山區文樂里9鄰樂善三路123號二樓,68,6800700,6800700-000,9鄰,樂善三路,,,,,,123號二樓,121.383744668039,25.0477125771887
桃園市龜山區文樂里9鄰樂善三路123號三樓,68,6800700,6800700-000,9鄰,樂善三路,,,,,,123號三樓,121.383744668039,25.0477125771887
桃園市龜山區文樂里9鄰樂善三路123號四樓,68,6800700,6800700-000,9鄰,樂善三路,,,,,,123號四樓,121.383744668039,25.0477125771887
桃園市龜山區文樂里9鄰樂善三路123號五樓,68,6800700,6800700-000,9鄰,樂善三路,,,,,,123號五樓,121.383744668039,25.0477125771887
桃園市龜山區文樂里9鄰樂善三路123號六樓,68,6800700,6800700-000,9鄰,樂善三路,,,,,,123號六樓,121.383744668039,25.0477125771887
桃園市龜山區文樂里9鄰樂善三路123號七樓,68,6800700,6800700-000,9鄰,樂善三路,,,,,,123號七樓,121.383744668039,25.0477125771887
桃園市龜山區文樂里9鄰樂善三路123號八樓,68,6800700,6800700-000,9鄰,樂善三路,,,,,,123號八樓,121.383744668039,25.0477125771887
桃園市龜山區文樂里9鄰樂善三路123號九樓,68,6800700,6800700-000,9鄰,樂善三路,,,,,,123號九樓,121.383744668039,25.0477125771887
桃園市龜山區文樂里9鄰樂善三路123號十一樓,68,6800700,6800700-000,9鄰,樂善三路,,,,,,123號十一樓,121.383744668039,25.0477125771887
桃園市龜山區文樂里9鄰樂善三路123號十二樓,68,6800700,6800700-000,9鄰,樂善三路,,,,,,123號十二樓,121.383744668039,25.0477125771887
桃園市龜山區文樂里9鄰樂善三路123號十三樓,68,6800700,6800700-000,9鄰,樂善三路,,,,,,123號十三樓,121.383744668039,25.0477125771887
桃園市龜山區文樂里9鄰樂善三路123號十四樓,68,6800700,6800700-000,9鄰,樂善三路,,,,,,123號十四樓,121.383744668039,25.0477125771887
桃園市龜山區文樂里9鄰樂善三路123號十五樓,68,6800700,6800700-000,9鄰,樂善三路,,,,,,123號十五樓,121.383744668039,25.0477125771887
桃園市龜山區文樂里9鄰樂善三路123號十六樓,68,6800700,6800700-000,9鄰,樂善三路,,,,,,123號十六樓,121.383744668039,25.0477125771887
桃園市龜山區文樂里9鄰樂善三路123號十七樓,68,6800700,6800700-000,9鄰,樂善三路,,,,,,123號十七樓,121.383744668039,25.0477125771887
桃園市龜山區文樂里9鄰樂善三路123號十八樓,68,6800700,6800700-000,9鄰,樂善三路,,,,,,123號十八樓,121.383744668039,25.0477125771887
桃園市龜山區文樂里9鄰樂善三路125號,68,6800700,6800700-000,9鄰,樂善三路,,,,,,125號,121.383850897175,25.047708691466
桃園市龜山區文樂里9鄰樂善三路125號十樓,68,6800700,6800700-000,9鄰,樂善三路,,,,,,125號十樓,121.383850897175,25.047708691466
桃園市龜山區文樂里9鄰樂善三路125號二樓,68,6800700,6800700-000,9鄰,樂善三路,,,,,,125號二樓,121.383850897175,25.047708691466
桃園市龜山區文樂里9鄰樂善三路125號三樓,68,6800700,6800700-000,9鄰,樂善三路,,,,,,125號三樓,121.383850897175,25.047708691466
桃園市龜山區文樂里9鄰樂善三路125號四樓,68,6800700,6800700-000,9鄰,樂善三路,,,,,,125號四樓,121.383850897175,25.047708691466
桃園市龜山區文樂里9鄰樂善三路125號五樓,68,6800700,6800700-000,9鄰,樂善三路,,,,,,125號五樓,121.383850897175,25.047708691466
桃園市龜山區文樂里9鄰樂善三路125號六樓,68,6800700,6800700-000,9鄰,樂善三路,,,,,,125號六樓,121.383850897175,25.047708691466
桃園市龜山區文樂里9鄰樂善三路125號七樓,68,6800700,6800700-000,9鄰,樂善三路,,,,,,125號七樓,121.383850897175,25.047708691466
桃園市龜山區文樂里9鄰樂善三路125號八樓,68,6800700,6800700-000,9鄰,樂善三路,,,,,,125號八樓,121.383850897175,25.047708691466
桃園市龜山區文樂里9鄰樂善三路125號九樓,68,6800700,6800700-000,9鄰,樂善三路,,,,,,125號九樓,121.383850897175,25.047708691466
桃園市龜山區文樂里9鄰樂善三路125號十一樓,68,6800700,6800700-000,9鄰,樂善三路,,,,,,125號十一樓,121.383850897175,25.047708691466
桃園市龜山區文樂里9鄰樂善三路125號十二樓,68,6800700,6800700-000,9鄰,樂善三路,,,,,,125號十二樓,121.383850897175,25.047708691466
桃園市龜山區文樂里9鄰樂善三路125號十三樓,68,6800700,6800700-000,9鄰,樂善三路,,,,,,125號十三樓,121.383850897175,25.047708691466
桃園市龜山區文樂里9鄰樂善三路125號十四樓,68,6800700,6800700-000,9鄰,樂善三路,,,,,,125號十四樓,121.383850897175,25.047708691466
桃園市龜山區文樂里9鄰樂善三路125號十五樓,68,6800700,6800700-000,9鄰,樂善三路,,,,,,125號十五樓,121.383850897175,25.047708691466
桃園市龜山區文樂里9鄰樂善三路125號十六樓,68,6800700,6800700-000,9鄰,樂善三路,,,,,,125號十六樓,121.383850897175,25.047708691466
桃園市龜山區文樂里9鄰樂善三路125號十七樓,68,6800700,6800700-000,9鄰,樂善三路,,,,,,125號十七樓,121.383850897175,25.047708691466
桃園市龜山區文樂里9鄰樂善三路125號十八樓,68,6800700,6800700-000,9鄰,樂善三路,,,,,,125號十八樓,121.383850897175,25.047708691466
桃園市龜山區文樂里9鄰樂善三路127號,68,6800700,6800700-000,9鄰,樂善三路,,,,,,127號,121.383840209793,25.0476183468591
桃園市龜山區文樂里9鄰樂善三路127號十樓,68,6800700,6800700-000,9鄰,樂善三路,,,,,,127號十樓,121.383840209793,25.0476183468591
桃園市龜山區文樂里9鄰樂善三路127號二樓,68,6800700,6800700-000,9鄰,樂善三路,,,,,,127號二樓,121.383840209793,25.0476183468591
桃園市龜山區文樂里9鄰樂善三路127號三樓,68,6800700,6800700-000,9鄰,樂善三路,,,,,,127號三樓,121.383840209793,25.0476183468591
桃園市龜山區文樂里9鄰樂善三路127號四樓,68,6800700,6800700-000,9鄰,樂善三路,,,,,,127號四樓,121.383840209793,25.0476183468591
桃園市龜山區文樂里9鄰樂善三路127號五樓,68,6800700,6800700-000,9鄰,樂善三路,,,,,,127號五樓,121.383840209793,25.0476183468591
桃園市龜山區文樂里9鄰樂善三路127號六樓,68,6800700,6800700-000,9鄰,樂善三路,,,,,,127號六樓,121.383840209793,25.0476183468591
桃園市龜山區文樂里9鄰樂善三路127號七樓,68,6800700,6800700-000,9鄰,樂善三路,,,,,,127號七樓,121.383840209793,25.0476183468591
桃園市龜山區文樂里9鄰樂善三路127號八樓,68,6800700,6800700-000,9鄰,樂善三路,,,,,,127號八樓,121.383840209793,25.0476183468591
桃園市龜山區文樂里9鄰樂善三路127號九樓,68,6800700,6800700-000,9鄰,樂善三路,,,,,,127號九樓,121.383840209793,25.0476183468591
桃園市龜山區文樂里9鄰樂善三路127號十一樓,68,6800700,6800700-000,9鄰,樂善三路,,,,,,127號十一樓,121.383840209793,25.0476183468591
桃園市龜山區文樂里9鄰樂善三路127號十二樓,68,6800700,6800700-000,9鄰,樂善三路,,,,,,127號十二樓,121.383840209793,25.0476183468591
桃園市龜山區文樂里9鄰樂善三路127號十三樓,68,6800700,6800700-000,9鄰,樂善三路,,,,,,127號十三樓,121.383840209793,25.0476183468591
桃園市龜山區文樂里9鄰樂善三路127號十四樓,68,6800700,6800700-000,9鄰,樂善三路,,,,,,127號十四樓,121.383840209793,25.0476183468591
桃園市龜山區文樂里9鄰樂善三路127號十五樓,68,6800700,6800700-000,9鄰,樂善三路,,,,,,127號十五樓,121.383840209793,25.0476183468591
桃園市龜山區文樂里9鄰樂善三路127號十六樓,68,6800700,6800700-000,9鄰,樂善三路,,,,,,127號十六樓,121.383840209793,25.0476183468591
桃園市龜山區文樂里9鄰樂善三路127號十七樓,68,6800700,6800700-000,9鄰,樂善三路,,,,,,127號十七樓,121.383840209793,25.0476183468591
桃園市龜山區文樂里9鄰樂善三路127號十八樓,68,6800700,6800700-000,9鄰,樂善三路,,,,,,127號十八樓,121.383840209793,25.0476183468591
桃園市龜山區文樂里9鄰樂善三路129號十樓,68,6800700,6800700-000,9鄰,樂善三路,,,,,,129號十樓,121.383828141427,25.047530082303
桃園市龜山區文樂里9鄰樂善三路129號二樓,68,6800700,6800700-000,9鄰,樂善三路,,,,,,129號二樓,121.383828141427,25.047530082303
桃園市龜山區文樂里9鄰樂善三路129號三樓,68,6800700,6800700-000,9鄰,樂善三路,,,,,,129號三樓,121.383828141427,25.047530082303
桃園市龜山區文樂里9鄰樂善三路129號四樓,68,6800700,6800700-000,9鄰,樂善三路,,,,,,129號四樓,121.383828141427,25.047530082303
桃園市龜山區文樂里9鄰樂善三路129號五樓,68,6800700,6800700-000,9鄰,樂善三路,,,,,,129號五樓,121.383828141427,25.047530082303
桃園市龜山區文樂里9鄰樂善三路129號六樓,68,6800700,6800700-000,9鄰,樂善三路,,,,,,129號六樓,121.383828141427,25.047530082303
桃園市龜山區文樂里9鄰樂善三路129號七樓,68,6800700,6800700-000,9鄰,樂善三路,,,,,,129號七樓,121.383828141427,25.047530082303
桃園市龜山區文樂里9鄰樂善三路129號八樓,68,6800700,6800700-000,9鄰,樂善三路,,,,,,129號八樓,121.383828141427,25.047530082303
桃園市龜山區文樂里9鄰樂善三路129號九樓,68,6800700,6800700-000,9鄰,樂善三路,,,,,,129號九樓,121.383828141427,25.047530082303
桃園市龜山區文樂里9鄰樂善三路129號十一樓,68,6800700,6800700-000,9鄰,樂善三路,,,,,,129號十一樓,121.383828141427,25.047530082303
桃園市龜山區文樂里9鄰樂善三路129號十二樓,68,6800700,6800700-000,9鄰,樂善三路,,,,,,129號十二樓,121.383828141427,25.047530082303
桃園市龜山區文樂里9鄰樂善三路129號十三樓,68,6800700,6800700-000,9鄰,樂善三路,,,,,,129號十三樓,121.383828141427,25.047530082303
桃園市龜山區文樂里9鄰樂善三路129號十四樓,68,6800700,6800700-000,9鄰,樂善三路,,,,,,129號十四樓,121.383828141427,25.047530082303
桃園市龜山區文樂里9鄰樂善三路129號十五樓,68,6800700,6800700-000,9鄰,樂善三路,,,,,,129號十五樓,121.383828141427,25.047530082303
桃園市龜山區文樂里9鄰樂善三路129號十六樓,68,6800700,6800700-000,9鄰,樂善三路,,,,,,129號十六樓,121.383828141427,25.047530082303
桃園市龜山區文樂里9鄰樂善三路129號十七樓,68,6800700,6800700-000,9鄰,樂善三路,,,,,,129號十七樓,121.383828141427,25.047530082303
桃園市龜山區文樂里9鄰樂善三路129號十八樓,68,6800700,6800700-000,9鄰,樂善三路,,,,,,129號十八樓,121.383828141427,25.047530082303
桃園市龜山區文樂里9鄰樂善三路131號十樓,68,6800700,6800700-000,9鄰,樂善三路,,,,,,131號十樓,121.383813117648,25.0474475131426
桃園市龜山區文樂里9鄰樂善三路131號二樓,68,6800700,6800700-000,9鄰,樂善三路,,,,,,131號二樓,121.383813117648,25.0474475131426
桃園市龜山區文樂里9鄰樂善三路131號三樓,68,6800700,6800700-000,9鄰,樂善三路,,,,,,131號三樓,121.383813117648,25.0474475131426
桃園市龜山區文樂里9鄰樂善三路131號四樓,68,6800700,6800700-000,9鄰,樂善三路,,,,,,131號四樓,121.383813117648,25.0474475131426
桃園市龜山區文樂里9鄰樂善三路131號五樓,68,6800700,6800700-000,9鄰,樂善三路,,,,,,131號五樓,121.383813117648,25.0474475131426
桃園市龜山區文樂里9鄰樂善三路131號六樓,68,6800700,6800700-000,9鄰,樂善三路,,,,,,131號六樓,121.383813117648,25.0474475131426
桃園市龜山區文樂里9鄰樂善三路131號七樓,68,6800700,6800700-000,9鄰,樂善三路,,,,,,131號七樓,121.383813117648,25.0474475131426
桃園市龜山區文樂里9鄰樂善三路131號八樓,68,6800700,6800700-000,9鄰,樂善三路,,,,,,131號八樓,121.383813117648,25.0474475131426
桃園市龜山區文樂里9鄰樂善三路131號九樓,68,6800700,6800700-000,9鄰,樂善三路,,,,,,131號九樓,121.383813117648,25.0474475131426
桃園市龜山區文樂里9鄰樂善三路131號十一樓,68,6800700,6800700-000,9鄰,樂善三路,,,,,,131號十一樓,121.383813117648,25.0474475131426
桃園市龜山區文樂里9鄰樂善三路131號十二樓,68,6800700,6800700-000,9鄰,樂善三路,,,,,,131號十二樓,121.383813117648,25.0474475131426
桃園市龜山區文樂里9鄰樂善三路131號十三樓,68,6800700,6800700-000,9鄰,樂善三路,,,,,,131號十三樓,121.383813117648,25.0474475131426
桃園市龜山區文樂里9鄰樂善三路131號十四樓,68,6800700,6800700-000,9鄰,樂善三路,,,,,,131號十四樓,121.383813117648,25.0474475131426
桃園市龜山區文樂里9鄰樂善三路131號十五樓,68,6800700,6800700-000,9鄰,樂善三路,,,,,,131號十五樓,121.383813117648,25.0474475131426
桃園市龜山區文樂里9鄰樂善三路131號十六樓,68,6800700,6800700-000,9鄰,樂善三路,,,,,,131號十六樓,121.383813117648,25.0474475131426
桃園市龜山區文樂里9鄰樂善三路131號十七樓,68,6800700,6800700-000,9鄰,樂善三路,,,,,,131號十七樓,121.383813117648,25.0474475131426
桃園市龜山區文樂里9鄰樂善三路131號十八樓,68,6800700,6800700-000,9鄰,樂善三路,,,,,,131號十八樓,121.383813117648,25.0474475131426
桃園市龜山區文樂里9鄰樂善三路133號十樓,68,6800700,6800700-000,9鄰,樂善三路,,,,,,133號十樓,121.383803738915,25.0473636654484
桃園市龜山區文樂里9鄰樂善三路133號二樓,68,6800700,6800700-000,9鄰,樂善三路,,,,,,133號二樓,121.383803738915,25.0473636654484
桃園市龜山區文樂里9鄰樂善三路133號三樓,68,6800700,6800700-000,9鄰,樂善三路,,,,,,133號三樓,121.383803738915,25.0473636654484
桃園市龜山區文樂里9鄰樂善三路133號四樓,68,6800700,6800700-000,9鄰,樂善三路,,,,,,133號四樓,121.383803738915,25.0473636654484
桃園市龜山區文樂里9鄰樂善三路133號五樓,68,6800700,6800700-000,9鄰,樂善三路,,,,,,133號五樓,121.383803738915,25.0473636654484
桃園市龜山區文樂里9鄰樂善三路133號六樓,68,6800700,6800700-000,9鄰,樂善三路,,,,,,133號六樓,121.383803738915,25.0473636654484
桃園市龜山區文樂里9鄰樂善三路133號七樓,68,6800700,6800700-000,9鄰,樂善三路,,,,,,133號七樓,121.383803738915,25.0473636654484
桃園市龜山區文樂里9鄰樂善三路133號八樓,68,6800700,6800700-000,9鄰,樂善三路,,,,,,133號八樓,121.383803738915,25.0473636654484
桃園市龜山區文樂里9鄰樂善三路133號九樓,68,6800700,6800700-000,9鄰,樂善三路,,,,,,133號九樓,121.383803738915,25.0473636654484
桃園市龜山區文樂里9鄰樂善三路133號十一樓,68,6800700,6800700-000,9鄰,樂善三路,,,,,,133號十一樓,121.383803738915,25.0473636654484
桃園市龜山區文樂里9鄰樂善三路133號十二樓,68,6800700,6800700-000,9鄰,樂善三路,,,,,,133號十二樓,121.383803738915,25.0473636654484
桃園市龜山區文樂里9鄰樂善三路133號十三樓,68,6800700,6800700-000,9鄰,樂善三路,,,,,,133號十三樓,121.383803738915,25.0473636654484
桃園市龜山區文樂里9鄰樂善三路133號十四樓,68,6800700,6800700-000,9鄰,樂善三路,,,,,,133號十四樓,121.383803738915,25.0473636654484
桃園市龜山區文樂里9鄰樂善三路133號十五樓,68,6800700,6800700-000,9鄰,樂善三路,,,,,,133號十五樓,121.383803738915,25.0473636654484
桃園市龜山區文樂里9鄰樂善三路133號十六樓,68,6800700,6800700-000,9鄰,樂善三路,,,,,,133號十六樓,121.383803738915,25.0473636654484
桃園市龜山區文樂里9鄰樂善三路133號十七樓,68,6800700,6800700-000,9鄰,樂善三路,,,,,,133號十七樓,121.383803738915,25.0473636654484
桃園市龜山區文樂里9鄰樂善三路133號十八樓,68,6800700,6800700-000,9鄰,樂善三路,,,,,,133號十八樓,121.383803738915,25.0473636654484
桃園市龜山區文樂里9鄰樂善三路135號十樓,68,6800700,6800700-000,9鄰,樂善三路,,,,,,135號十樓,121.38377799053,25.0472742625615
桃園市龜山區文樂里9鄰樂善三路135號二樓,68,6800700,6800700-000,9鄰,樂善三路,,,,,,135號二樓,121.38377799053,25.0472742625615
桃園市龜山區文樂里9鄰樂善三路135號三樓,68,6800700,6800700-000,9鄰,樂善三路,,,,,,135號三樓,121.38377799053,25.0472742625615
桃園市龜山區文樂里9鄰樂善三路135號四樓,68,6800700,6800700-000,9鄰,樂善三路,,,,,,135號四樓,121.38377799053,25.0472742625615
桃園市龜山區文樂里9鄰樂善三路135號五樓,68,6800700,6800700-000,9鄰,樂善三路,,,,,,135號五樓,121.38377799053,25.0472742625615
桃園市龜山區文樂里9鄰樂善三路135號六樓,68,6800700,6800700-000,9鄰,樂善三路,,,,,,135號六樓,121.38377799053,25.0472742625615
桃園市龜山區文樂里9鄰樂善三路135號七樓,68,6800700,6800700-000,9鄰,樂善三路,,,,,,135號七樓,121.38377799053,25.0472742625615
桃園市龜山區文樂里9鄰樂善三路135號八樓,68,6800700,6800700-000,9鄰,樂善三路,,,,,,135號八樓,121.38377799053,25.0472742625615
桃園市龜山區文樂里9鄰樂善三路135號九樓,68,6800700,6800700-000,9鄰,樂善三路,,,,,,135號九樓,121.38377799053,25.0472742625615
桃園市龜山區文樂里9鄰樂善三路135號十一樓,68,6800700,6800700-000,9鄰,樂善三路,,,,,,135號十一樓,121.38377799053,25.0472742625615
桃園市龜山區文樂里9鄰樂善三路135號十二樓,68,6800700,6800700-000,9鄰,樂善三路,,,,,,135號十二樓,121.38377799053,25.0472742625615
桃園市龜山區文樂里9鄰樂善三路135號十三樓,68,6800700,6800700-000,9鄰,樂善三路,,,,,,135號十三樓,121.38377799053,25.0472742625615
桃園市龜山區文樂里9鄰樂善三路135號十四樓,68,6800700,6800700-000,9鄰,樂善三路,,,,,,135號十四樓,121.38377799053,25.0472742625615
桃園市龜山區文樂里9鄰樂善三路135號十五樓,68,6800700,6800700-000,9鄰,樂善三路,,,,,,135號十五樓,121.38377799053,25.0472742625615
桃園市龜山區文樂里9鄰樂善三路135號十六樓,68,6800700,6800700-000,9鄰,樂善三路,,,,,,135號十六樓,121.38377799053,25.0472742625615
桃園市龜山區文樂里9鄰樂善三路135號十七樓,68,6800700,6800700-000,9鄰,樂善三路,,,,,,135號十七樓,121.38377799053,25.0472742625615
桃園市龜山區文樂里9鄰樂善三路135號十八樓,68,6800700,6800700-000,9鄰,樂善三路,,,,,,135號十八樓,121.38377799053,25.0472742625615
桃園市龜山區文樂里9鄰樂善三路137號十樓,68,6800700,6800700-000,9鄰,樂善三路,,,,,,137號十樓,121.383745770048,25.0471751259369
桃園市龜山區文樂里9鄰樂善三路137號二樓,68,6800700,6800700-000,9鄰,樂善三路,,,,,,137號二樓,121.383745770048,25.0471751259369
桃園市龜山區文樂里9鄰樂善三路137號三樓,68,6800700,6800700-000,9鄰,樂善三路,,,,,,137號三樓,121.383745770048,25.0471751259369
桃園市龜山區文樂里9鄰樂善三路137號四樓,68,6800700,6800700-000,9鄰,樂善三路,,,,,,137號四樓,121.383745770048,25.0471751259369
桃園市龜山區文樂里9鄰樂善三路137號五樓,68,6800700,6800700-000,9鄰,樂善三路,,,,,,137號五樓,121.383745770048,25.0471751259369
桃園市龜山區文樂里9鄰樂善三路137號六樓,68,6800700,6800700-000,9鄰,樂善三路,,,,,,137號六樓,121.383745770048,25.0471751259369
桃園市龜山區文樂里9鄰樂善三路137號七樓,68,6800700,6800700-000,9鄰,樂善三路,,,,,,137號七樓,121.383745770048,25.0471751259369
桃園市龜山區文樂里9鄰樂善三路137號八樓,68,6800700,6800700-000,9鄰,樂善三路,,,,,,137號八樓,121.383745770048,25.0471751259369
桃園市龜山區文樂里9鄰樂善三路137號九樓,68,6800700,6800700-000,9鄰,樂善三路,,,,,,137號九樓,121.383745770048,25.0471751259369
桃園市龜山區文樂里9鄰樂善三路137號十一樓,68,6800700,6800700-000,9鄰,樂善三路,,,,,,137號十一樓,121.383745770048,25.0471751259369
桃園市龜山區文樂里9鄰樂善三路137號十二樓,68,6800700,6800700-000,9鄰,樂善三路,,,,,,137號十二樓,121.383745770048,25.0471751259369
桃園市龜山區文樂里9鄰樂善三路137號十三樓,68,6800700,6800700-000,9鄰,樂善三路,,,,,,137號十三樓,121.383745770048,25.0471751259369
桃園市龜山區文樂里9鄰樂善三路137號十四樓,68,6800700,6800700-000,9鄰,樂善三路,,,,,,137號十四樓,121.383745770048,25.0471751259369
桃園市龜山區文樂里9鄰樂善三路137號十五樓,68,6800700,6800700-000,9鄰,樂善三路,,,,,,137號十五樓,121.383745770048,25.0471751259369
桃園市龜山區文樂里9鄰樂善三路137號十六樓,68,6800700,6800700-000,9鄰,樂善三路,,,,,,137號十六樓,121.383745770048,25.0471751259369
桃園市龜山區文樂里9鄰樂善三路137號十七樓,68,6800700,6800700-000,9鄰,樂善三路,,,,,,137號十七樓,121.383745770048,25.0471751259369
桃園市龜山區文樂里9鄰樂善三路137號十八樓,68,6800700,6800700-000,9鄰,樂善三路,,,,,,137號十八樓,121.383745770048,25.0471751259369
桃園市龜山區文樂里9鄰樂善三路139號十樓,68,6800700,6800700-000,9鄰,樂善三路,,,,,,139號十樓,121.383640613885,25.0472051905741
桃園市龜山區文樂里9鄰樂善三路139號二樓,68,6800700,6800700-000,9鄰,樂善三路,,,,,,139號二樓,121.383640613885,25.0472051905741
桃園市龜山區文樂里9鄰樂善三路139號三樓,68,6800700,6800700-000,9鄰,樂善三路,,,,,,139號三樓,121.383640613885,25.0472051905741
桃園市龜山區文樂里9鄰樂善三路139號四樓,68,6800700,6800700-000,9鄰,樂善三路,,,,,,139號四樓,121.383640613885,25.0472051905741
桃園市龜山區文樂里9鄰樂善三路139號五樓,68,6800700,6800700-000,9鄰,樂善三路,,,,,,139號五樓,121.383640613885,25.0472051905741
桃園市龜山區文樂里9鄰樂善三路139號六樓,68,6800700,6800700-000,9鄰,樂善三路,,,,,,139號六樓,121.383640613885,25.0472051905741
桃園市龜山區文樂里9鄰樂善三路139號七樓,68,6800700,6800700-000,9鄰,樂善三路,,,,,,139號七樓,121.383640613885,25.0472051905741
桃園市龜山區文樂里9鄰樂善三路139號八樓,68,6800700,6800700-000,9鄰,樂善三路,,,,,,139號八樓,121.383640613885,25.0472051905741
桃園市龜山區文樂里9鄰樂善三路139號九樓,68,6800700,6800700-000,9鄰,樂善三路,,,,,,139號九樓,121.383640613885,25.0472051905741
桃園市龜山區文樂里9鄰樂善三路139號十一樓,68,6800700,6800700-000,9鄰,樂善三路,,,,,,139號十一樓,121.383640613885,25.0472051905741
桃園市龜山區文樂里9鄰樂善三路139號十二樓,68,6800700,6800700-000,9鄰,樂善三路,,,,,,139號十二樓,121.383640613885,25.0472051905741
桃園市龜山區文樂里9鄰樂善三路139號十三樓,68,6800700,6800700-000,9鄰,樂善三路,,,,,,139號十三樓,121.383640613885,25.0472051905741
桃園市龜山區文樂里9鄰樂善三路139號十四樓,68,6800700,6800700-000,9鄰,樂善三路,,,,,,139號十四樓,121.383640613885,25.0472051905741
桃園市龜山區文樂里9鄰樂善三路139號十五樓,68,6800700,6800700-000,9鄰,樂善三路,,,,,,139號十五樓,121.383640613885,25.0472051905741
桃園市龜山區文樂里9鄰樂善三路139號十六樓,68,6800700,6800700-000,9鄰,樂善三路,,,,,,139號十六樓,121.383640613885,25.0472051905741
桃園市龜山區文樂里9鄰樂善三路139號十七樓,68,6800700,6800700-000,9鄰,樂善三路,,,,,,139號十七樓,121.383640613885,25.0472051905741
桃園市龜山區文樂里9鄰樂善三路139號十八樓,68,6800700,6800700-000,9鄰,樂善三路,,,,,,139號十八樓,121.383640613885,25.0472051905741
桃園市龜山區文樂里9鄰樂善三路141號十樓,68,6800700,6800700-000,9鄰,樂善三路,,,,,,141號十樓,121.383666065684,25.0472948650986
桃園市龜山區文樂里9鄰樂善三路141號二樓,68,6800700,6800700-000,9鄰,樂善三路,,,,,,141號二樓,121.383666065684,25.0472948650986
桃園市龜山區文樂里9鄰樂善三路141號三樓,68,6800700,6800700-000,9鄰,樂善三路,,,,,,141號三樓,121.383666065684,25.0472948650986
桃園市龜山區文樂里9鄰樂善三路141號四樓,68,6800700,6800700-000,9鄰,樂善三路,,,,,,141號四樓,121.383666065684,25.0472948650986
桃園市龜山區文樂里9鄰樂善三路141號五樓,68,6800700,6800700-000,9鄰,樂善三路,,,,,,141號五樓,121.383666065684,25.0472948650986
桃園市龜山區文樂里9鄰樂善三路141號六樓,68,6800700,6800700-000,9鄰,樂善三路,,,,,,141號六樓,121.383666065684,25.0472948650986
桃園市龜山區文樂里9鄰樂善三路141號七樓,68,6800700,6800700-000,9鄰,樂善三路,,,,,,141號七樓,121.383666065684,25.0472948650986
桃園市龜山區文樂里9鄰樂善三路141號八樓,68,6800700,6800700-000,9鄰,樂善三路,,,,,,141號八樓,121.383666065684,25.0472948650986
桃園市龜山區文樂里9鄰樂善三路141號九樓,68,6800700,6800700-000,9鄰,樂善三路,,,,,,141號九樓,121.383666065684,25.0472948650986
桃園市龜山區文樂里9鄰樂善三路141號十一樓,68,6800700,6800700-000,9鄰,樂善三路,,,,,,141號十一樓,121.383666065684,25.0472948650986
桃園市龜山區文樂里9鄰樂善三路141號十二樓,68,6800700,6800700-000,9鄰,樂善三路,,,,,,141號十二樓,121.383666065684,25.0472948650986
桃園市龜山區文樂里9鄰樂善三路141號十三樓,68,6800700,6800700-000,9鄰,樂善三路,,,,,,141號十三樓,121.383666065684,25.0472948650986
桃園市龜山區文樂里9鄰樂善三路141號十四樓,68,6800700,6800700-000,9鄰,樂善三路,,,,,,141號十四樓,121.383666065684,25.0472948650986
桃園市龜山區文樂里9鄰樂善三路141號十五樓,68,6800700,6800700-000,9鄰,樂善三路,,,,,,141號十五樓,121.383666065684,25.0472948650986
桃園市龜山區文樂里9鄰樂善三路141號十六樓,68,6800700,6800700-000,9鄰,樂善三路,,,,,,141號十六樓,121.383666065684,25.0472948650986
桃園市龜山區文樂里9鄰樂善三路141號十七樓,68,6800700,6800700-000,9鄰,樂善三路,,,,,,141號十七樓,121.383666065684,25.0472948650986
桃園市龜山區文樂里9鄰樂善三路141號十八樓,68,6800700,6800700-000,9鄰,樂善三路,,,,,,141號十八樓,121.383666065684,25.0472948650986
桃園市龜山區文樂里9鄰樂善三路143號十樓,68,6800700,6800700-000,9鄰,樂善三路,,,,,,143號十樓,121.383691886122,25.0473756007526
桃園市龜山區文樂里9鄰樂善三路143號二樓,68,6800700,6800700-000,9鄰,樂善三路,,,,,,143號二樓,121.383691886122,25.0473756007526
桃園市龜山區文樂里9鄰樂善三路143號三樓,68,6800700,6800700-000,9鄰,樂善三路,,,,,,143號三樓,121.383691886122,25.0473756007526
桃園市龜山區文樂里9鄰樂善三路143號四樓,68,6800700,6800700-000,9鄰,樂善三路,,,,,,143號四樓,121.383691886122,25.0473756007526
桃園市龜山區文樂里9鄰樂善三路143號五樓,68,6800700,6800700-000,9鄰,樂善三路,,,,,,143號五樓,121.383691886122,25.0473756007526
桃園市龜山區文樂里9鄰樂善三路143號六樓,68,6800700,6800700-000,9鄰,樂善三路,,,,,,143號六樓,121.383691886122,25.0473756007526
桃園市龜山區文樂里9鄰樂善三路143號七樓,68,6800700,6800700-000,9鄰,樂善三路,,,,,,143號七樓,121.383691886122,25.0473756007526
桃園市龜山區文樂里9鄰樂善三路143號八樓,68,6800700,6800700-000,9鄰,樂善三路,,,,,,143號八樓,121.383691886122,25.0473756007526
桃園市龜山區文樂里9鄰樂善三路143號九樓,68,6800700,6800700-000,9鄰,樂善三路,,,,,,143號九樓,121.383691886122,25.0473756007526
桃園市龜山區文樂里9鄰樂善三路143號十一樓,68,6800700,6800700-000,9鄰,樂善三路,,,,,,143號十一樓,121.383691886122,25.0473756007526
桃園市龜山區文樂里9鄰樂善三路143號十二樓,68,6800700,6800700-000,9鄰,樂善三路,,,,,,143號十二樓,121.383691886122,25.0473756007526
桃園市龜山區文樂里9鄰樂善三路143號十三樓,68,6800700,6800700-000,9鄰,樂善三路,,,,,,143號十三樓,121.383691886122,25.0473756007526
桃園市龜山區文樂里9鄰樂善三路143號十四樓,68,6800700,6800700-000,9鄰,樂善三路,,,,,,143號十四樓,121.383691886122,25.0473756007526
桃園市龜山區文樂里9鄰樂善三路143號十五樓,68,6800700,6800700-000,9鄰,樂善三路,,,,,,143號十五樓,121.383691886122,25.0473756007526
桃園市龜山區文樂里9鄰樂善三路143號十六樓,68,6800700,6800700-000,9鄰,樂善三路,,,,,,143號十六樓,121.383691886122,25.0473756007526
桃園市龜山區文樂里9鄰樂善三路143號十七樓,68,6800700,6800700-000,9鄰,樂善三路,,,,,,143號十七樓,121.383691886122,25.0473756007526
桃園市龜山區文樂里9鄰樂善三路143號十八樓,68,6800700,6800700-000,9鄰,樂善三路,,,,,,143號十八樓,121.383691886122,25.0473756007526
桃園市龜山區文樂里9鄰樂善三路145號十樓,68,6800700,6800700-000,9鄰,樂善三路,,,,,,145號十樓,121.383719793693,25.0474582269308
桃園市龜山區文樂里9鄰樂善三路145號二樓,68,6800700,6800700-000,9鄰,樂善三路,,,,,,145號二樓,121.383719793693,25.0474582269308
桃園市龜山區文樂里9鄰樂善三路145號三樓,68,6800700,6800700-000,9鄰,樂善三路,,,,,,145號三樓,121.383719793693,25.0474582269308
桃園市龜山區文樂里9鄰樂善三路145號四樓,68,6800700,6800700-000,9鄰,樂善三路,,,,,,145號四樓,121.383719793693,25.0474582269308
桃園市龜山區文樂里9鄰樂善三路145號五樓,68,6800700,6800700-000,9鄰,樂善三路,,,,,,145號五樓,121.383719793693,25.0474582269308
桃園市龜山區文樂里9鄰樂善三路145號六樓,68,6800700,6800700-000,9鄰,樂善三路,,,,,,145號六樓,121.383719793693,25.0474582269308
桃園市龜山區文樂里9鄰樂善三路145號七樓,68,6800700,6800700-000,9鄰,樂善三路,,,,,,145號七樓,121.383719793693,25.0474582269308
桃園市龜山區文樂里9鄰樂善三路145號八樓,68,6800700,6800700-000,9鄰,樂善三路,,,,,,145號八樓,121.383719793693,25.0474582269308
桃園市龜山區文樂里9鄰樂善三路145號九樓,68,6800700,6800700-000,9鄰,樂善三路,,,,,,145號九樓,121.383719793693,25.0474582269308
桃園市龜山區文樂里9鄰樂善三路145號十一樓,68,6800700,6800700-000,9鄰,樂善三路,,,,,,145號十一樓,121.383719793693,25.0474582269308
桃園市龜山區文樂里9鄰樂善三路145號十二樓,68,6800700,6800700-000,9鄰,樂善三路,,,,,,145號十二樓,121.383719793693,25.0474582269308
桃園市龜山區文樂里9鄰樂善三路145號十三樓,68,6800700,6800700-000,9鄰,樂善三路,,,,,,145號十三樓,121.383719793693,25.0474582269308
桃園市龜山區文樂里9鄰樂善三路145號十四樓,68,6800700,6800700-000,9鄰,樂善三路,,,,,,145號十四樓,121.383719793693,25.0474582269308
桃園市龜山區文樂里9鄰樂善三路145號十五樓,68,6800700,6800700-000,9鄰,樂善三路,,,,,,145號十五樓,121.383719793693,25.0474582269308
桃園市龜山區文樂里9鄰樂善三路145號十六樓,68,6800700,6800700-000,9鄰,樂善三路,,,,,,145號十六樓,121.383719793693,25.0474582269308
桃園市龜山區文樂里9鄰樂善三路145號十七樓,68,6800700,6800700-000,9鄰,樂善三路,,,,,,145號十七樓,121.383719793693,25.0474582269308
桃園市龜山區文樂里9鄰樂善三路145號十八樓,68,6800700,6800700-000,9鄰,樂善三路,,,,,,145號十八樓,121.383719793693,25.0474582269308
桃園市龜山區文樂里9鄰樂善三路147號十樓,68,6800700,6800700-000,9鄰,樂善三路,,,,,,147號十樓,121.383745505824,25.0475359835488
桃園市龜山區文樂里9鄰樂善三路147號二樓,68,6800700,6800700-000,9鄰,樂善三路,,,,,,147號二樓,121.383745505824,25.0475359835488
桃園市龜山區文樂里9鄰樂善三路147號三樓,68,6800700,6800700-000,9鄰,樂善三路,,,,,,147號三樓,121.383745505824,25.0475359835488
桃園市龜山區文樂里9鄰樂善三路147號四樓,68,6800700,6800700-000,9鄰,樂善三路,,,,,,147號四樓,121.383745505824,25.0475359835488
桃園市龜山區文樂里9鄰樂善三路147號五樓,68,6800700,6800700-000,9鄰,樂善三路,,,,,,147號五樓,121.383745505824,25.0475359835488
桃園市龜山區文樂里9鄰樂善三路147號六樓,68,6800700,6800700-000,9鄰,樂善三路,,,,,,147號六樓,121.383745505824,25.0475359835488
桃園市龜山區文樂里9鄰樂善三路147號七樓,68,6800700,6800700-000,9鄰,樂善三路,,,,,,147號七樓,121.383745505824,25.0475359835488
桃園市龜山區文樂里9鄰樂善三路147號八樓,68,6800700,6800700-000,9鄰,樂善三路,,,,,,147號八樓,121.383745505824,25.0475359835488
桃園市龜山區文樂里9鄰樂善三路147號九樓,68,6800700,6800700-000,9鄰,樂善三路,,,,,,147號九樓,121.383745505824,25.0475359835488
桃園市龜山區文樂里9鄰樂善三路147號十一樓,68,6800700,6800700-000,9鄰,樂善三路,,,,,,147號十一樓,121.383745505824,25.0475359835488
桃園市龜山區文樂里9鄰樂善三路147號十二樓,68,6800700,6800700-000,9鄰,樂善三路,,,,,,147號十二樓,121.383745505824,25.0475359835488
桃園市龜山區文樂里9鄰樂善三路147號十三樓,68,6800700,6800700-000,9鄰,樂善三路,,,,,,147號十三樓,121.383745505824,25.0475359835488
桃園市龜山區文樂里9鄰樂善三路147號十四樓,68,6800700,6800700-000,9鄰,樂善三路,,,,,,147號十四樓,121.383745505824,25.0475359835488
桃園市龜山區文樂里9鄰樂善三路147號十五樓,68,6800700,6800700-000,9鄰,樂善三路,,,,,,147號十五樓,121.383745505824,25.0475359835488
桃園市龜山區文樂里9鄰樂善三路147號十六樓,68,6800700,6800700-000,9鄰,樂善三路,,,,,,147號十六樓,121.383745505824,25.0475359835488
桃園市龜山區文樂里9鄰樂善三路147號十七樓,68,6800700,6800700-000,9鄰,樂善三路,,,,,,147號十七樓,121.383745505824,25.0475359835488
桃園市龜山區文樂里9鄰樂善三路147號十八樓,68,6800700,6800700-000,9鄰,樂善三路,,,,,,147號十八樓,121.383745505824,25.0475359835488
桃園市龜山區文樂里9鄰樂善三路149號十樓,68,6800700,6800700-000,9鄰,樂善三路,,,,,,149號十樓,121.383758349264,25.0476185583477
桃園市龜山區文樂里9鄰樂善三路149號二樓,68,6800700,6800700-000,9鄰,樂善三路,,,,,,149號二樓,121.383758349264,25.0476185583477
桃園市龜山區文樂里9鄰樂善三路149號三樓,68,6800700,6800700-000,9鄰,樂善三路,,,,,,149號三樓,121.383758349264,25.0476185583477
桃園市龜山區文樂里9鄰樂善三路149號四樓,68,6800700,6800700-000,9鄰,樂善三路,,,,,,149號四樓,121.383758349264,25.0476185583477
桃園市龜山區文樂里9鄰樂善三路149號五樓,68,6800700,6800700-000,9鄰,樂善三路,,,,,,149號五樓,121.383758349264,25.0476185583477
桃園市龜山區文樂里9鄰樂善三路149號六樓,68,6800700,6800700-000,9鄰,樂善三路,,,,,,149號六樓,121.383758349264,25.0476185583477
桃園市龜山區文樂里9鄰樂善三路149號七樓,68,6800700,6800700-000,9鄰,樂善三路,,,,,,149號七樓,121.383758349264,25.0476185583477
桃園市龜山區文樂里9鄰樂善三路149號八樓,68,6800700,6800700-000,9鄰,樂善三路,,,,,,149號八樓,121.383758349264,25.0476185583477
桃園市龜山區文樂里9鄰樂善三路149號九樓,68,6800700,6800700-000,9鄰,樂善三路,,,,,,149號九樓,121.383758349264,25.0476185583477
桃園市龜山區文樂里9鄰樂善三路149號十一樓,68,6800700,6800700-000,9鄰,樂善三路,,,,,,149號十一樓,121.383758349264,25.0476185583477
桃園市龜山區文樂里9鄰樂善三路149號十二樓,68,6800700,6800700-000,9鄰,樂善三路,,,,,,149號十二樓,121.383758349264,25.0476185583477
桃園市龜山區文樂里9鄰樂善三路149號十三樓,68,6800700,6800700-000,9鄰,樂善三路,,,,,,149號十三樓,121.383758349264,25.0476185583477
桃園市龜山區文樂里9鄰樂善三路149號十四樓,68,6800700,6800700-000,9鄰,樂善三路,,,,,,149號十四樓,121.383758349264,25.0476185583477
桃園市龜山區文樂里9鄰樂善三路149號十五樓,68,6800700,6800700-000,9鄰,樂善三路,,,,,,149號十五樓,121.383758349264,25.0476185583477
桃園市龜山區文樂里9鄰樂善三路149號十六樓,68,6800700,6800700-000,9鄰,樂善三路,,,,,,149號十六樓,121.383758349264,25.0476185583477
桃園市龜山區文樂里9鄰樂善三路149號十七樓,68,6800700,6800700-000,9鄰,樂善三路,,,,,,149號十七樓,121.383758349264,25.0476185583477
桃園市龜山區文樂里9鄰樂善三路149號十八樓,68,6800700,6800700-000,9鄰,樂善三路,,,,,,149號十八樓,121.383758349264,25.0476185583477
桃園市龜山區文樂里10鄰樂善三路151號十樓,68,6800700,6800700-000,10鄰,樂善三路,,,,,,151號十樓,121.383395722067,25.0471724184661
桃園市龜山區文樂里10鄰樂善三路151號二樓,68,6800700,6800700-000,10鄰,樂善三路,,,,,,151號二樓,121.383395722067,25.0471724184661
桃園市龜山區文樂里10鄰樂善三路151號三樓,68,6800700,6800700-000,10鄰,樂善三路,,,,,,151號三樓,121.383395722067,25.0471724184661
桃園市龜山區文樂里10鄰樂善三路151號四樓,68,6800700,6800700-000,10鄰,樂善三路,,,,,,151號四樓,121.383395722067,25.0471724184661
桃園市龜山區文樂里10鄰樂善三路151號五樓,68,6800700,6800700-000,10鄰,樂善三路,,,,,,151號五樓,121.383395722067,25.0471724184661
桃園市龜山區文樂里10鄰樂善三路151號六樓,68,6800700,6800700-000,10鄰,樂善三路,,,,,,151號六樓,121.383395722067,25.0471724184661
桃園市龜山區文樂里10鄰樂善三路151號七樓,68,6800700,6800700-000,10鄰,樂善三路,,,,,,151號七樓,121.383395722067,25.0471724184661
桃園市龜山區文樂里10鄰樂善三路151號八樓,68,6800700,6800700-000,10鄰,樂善三路,,,,,,151號八樓,121.383395722067,25.0471724184661
桃園市龜山區文樂里10鄰樂善三路151號九樓,68,6800700,6800700-000,10鄰,樂善三路,,,,,,151號九樓,121.383395722067,25.0471724184661
桃園市龜山區文樂里10鄰樂善三路151號十一樓,68,6800700,6800700-000,10鄰,樂善三路,,,,,,151號十一樓,121.383395722067,25.0471724184661
桃園市龜山區文樂里10鄰樂善三路151號十二樓,68,6800700,6800700-000,10鄰,樂善三路,,,,,,151號十二樓,121.383395722067,25.0471724184661
桃園市龜山區文樂里10鄰樂善三路151號十三樓,68,6800700,6800700-000,10鄰,樂善三路,,,,,,151號十三樓,121.383395722067,25.0471724184661
桃園市龜山區文樂里10鄰樂善三路151號十四樓,68,6800700,6800700-000,10鄰,樂善三路,,,,,,151號十四樓,121.383395722067,25.0471724184661
桃園市龜山區文樂里10鄰樂善三路151號十五樓,68,6800700,6800700-000,10鄰,樂善三路,,,,,,151號十五樓,121.383395722067,25.0471724184661
桃園市龜山區文樂里10鄰樂善三路151號十六樓,68,6800700,6800700-000,10鄰,樂善三路,,,,,,151號十六樓,121.383395722067,25.0471724184661
桃園市龜山區文樂里10鄰樂善三路151號十七樓,68,6800700,6800700-000,10鄰,樂善三路,,,,,,151號十七樓,121.383395722067,25.0471724184661
桃園市龜山區文樂里10鄰樂善三路153號十樓,68,6800700,6800700-000,10鄰,樂善三路,,,,,,153號十樓,121.383310969539,25.0471986383703
桃園市龜山區文樂里10鄰樂善三路153號二樓,68,6800700,6800700-000,10鄰,樂善三路,,,,,,153號二樓,121.383310969539,25.0471986383703
桃園市龜山區文樂里10鄰樂善三路153號三樓,68,6800700,6800700-000,10鄰,樂善三路,,,,,,153號三樓,121.383310969539,25.0471986383703
桃園市龜山區文樂里10鄰樂善三路153號四樓,68,6800700,6800700-000,10鄰,樂善三路,,,,,,153號四樓,121.383310969539,25.0471986383703
桃園市龜山區文樂里10鄰樂善三路153號五樓,68,6800700,6800700-000,10鄰,樂善三路,,,,,,153號五樓,121.383310969539,25.0471986383703
桃園市龜山區文樂里10鄰樂善三路153號六樓,68,6800700,6800700-000,10鄰,樂善三路,,,,,,153號六樓,121.383310969539,25.0471986383703
桃園市龜山區文樂里10鄰樂善三路153號七樓,68,6800700,6800700-000,10鄰,樂善三路,,,,,,153號七樓,121.383310969539,25.0471986383703
桃園市龜山區文樂里10鄰樂善三路153號八樓,68,6800700,6800700-000,10鄰,樂善三路,,,,,,153號八樓,121.383310969539,25.0471986383703
桃園市龜山區文樂里10鄰樂善三路153號九樓,68,6800700,6800700-000,10鄰,樂善三路,,,,,,153號九樓,121.383310969539,25.0471986383703
桃園市龜山區文樂里10鄰樂善三路153號十一樓,68,6800700,6800700-000,10鄰,樂善三路,,,,,,153號十一樓,121.383310969539,25.0471986383703
桃園市龜山區文樂里10鄰樂善三路153號十二樓,68,6800700,6800700-000,10鄰,樂善三路,,,,,,153號十二樓,121.383310969539,25.0471986383703
桃園市龜山區文樂里10鄰樂善三路153號十三樓,68,6800700,6800700-000,10鄰,樂善三路,,,,,,153號十三樓,121.383310969539,25.0471986383703
桃園市龜山區文樂里10鄰樂善三路153號十四樓,68,6800700,6800700-000,10鄰,樂善三路,,,,,,153號十四樓,121.383310969539,25.0471986383703
桃園市龜山區文樂里10鄰樂善三路153號十五樓,68,6800700,6800700-000,10鄰,樂善三路,,,,,,153號十五樓,121.383310969539,25.0471986383703
桃園市龜山區文樂里10鄰樂善三路153號十六樓,68,6800700,6800700-000,10鄰,樂善三路,,,,,,153號十六樓,121.383310969539,25.0471986383703
桃園市龜山區文樂里10鄰樂善三路153號十七樓,68,6800700,6800700-000,10鄰,樂善三路,,,,,,153號十七樓,121.383310969539,25.0471986383703
桃園市龜山區文樂里10鄰樂善三路155號十樓,68,6800700,6800700-000,10鄰,樂善三路,,,,,,155號十樓,121.383229415821,25.0472336976056
桃園市龜山區文樂里10鄰樂善三路155號二樓,68,6800700,6800700-000,10鄰,樂善三路,,,,,,155號二樓,121.383229415821,25.0472336976056
桃園市龜山區文樂里10鄰樂善三路155號三樓,68,6800700,6800700-000,10鄰,樂善三路,,,,,,155號三樓,121.383229415821,25.0472336976056
桃園市龜山區文樂里10鄰樂善三路155號四樓,68,6800700,6800700-000,10鄰,樂善三路,,,,,,155號四樓,121.383229415821,25.0472336976056
桃園市龜山區文樂里10鄰樂善三路155號五樓,68,6800700,6800700-000,10鄰,樂善三路,,,,,,155號五樓,121.383229415821,25.0472336976056
桃園市龜山區文樂里10鄰樂善三路155號六樓,68,6800700,6800700-000,10鄰,樂善三路,,,,,,155號六樓,121.383229415821,25.0472336976056
桃園市龜山區文樂里10鄰樂善三路155號七樓,68,6800700,6800700-000,10鄰,樂善三路,,,,,,155號七樓,121.383229415821,25.0472336976056
桃園市龜山區文樂里10鄰樂善三路155號八樓,68,6800700,6800700-000,10鄰,樂善三路,,,,,,155號八樓,121.383229415821,25.0472336976056
桃園市龜山區文樂里10鄰樂善三路155號九樓,68,6800700,6800700-000,10鄰,樂善三路,,,,,,155號九樓,121.383229415821,25.0472336976056
桃園市龜山區文樂里10鄰樂善三路155號十一樓,68,6800700,6800700-000,10鄰,樂善三路,,,,,,155號十一樓,121.383229415821,25.0472336976056
桃園市龜山區文樂里10鄰樂善三路155號十二樓,68,6800700,6800700-000,10鄰,樂善三路,,,,,,155號十二樓,121.383229415821,25.0472336976056
桃園市龜山區文樂里10鄰樂善三路155號十三樓,68,6800700,6800700-000,10鄰,樂善三路,,,,,,155號十三樓,121.383229415821,25.0472336976056
桃園市龜山區文樂里10鄰樂善三路155號十四樓,68,6800700,6800700-000,10鄰,樂善三路,,,,,,155號十四樓,121.383229415821,25.0472336976056
桃園市龜山區文樂里10鄰樂善三路155號十五樓,68,6800700,6800700-000,10鄰,樂善三路,,,,,,155號十五樓,121.383229415821,25.0472336976056
桃園市龜山區文樂里10鄰樂善三路155號十六樓,68,6800700,6800700-000,10鄰,樂善三路,,,,,,155號十六樓,121.383229415821,25.0472336976056
桃園市龜山區文樂里10鄰樂善三路155號十七樓,68,6800700,6800700-000,10鄰,樂善三路,,,,,,155號十七樓,121.383229415821,25.0472336976056
桃園市龜山區文樂里10鄰樂善三路157號十樓,68,6800700,6800700-000,10鄰,樂善三路,,,,,,157號十樓,121.383193473598,25.0471486544415
桃園市龜山區文樂里10鄰樂善三路157號二樓,68,6800700,6800700-000,10鄰,樂善三路,,,,,,157號二樓,121.383193473598,25.0471486544415
桃園市龜山區文樂里10鄰樂善三路157號三樓,68,6800700,6800700-000,10鄰,樂善三路,,,,,,157號三樓,121.383193473598,25.0471486544415
桃園市龜山區文樂里10鄰樂善三路157號四樓,68,6800700,6800700-000,10鄰,樂善三路,,,,,,157號四樓,121.383193473598,25.0471486544415
桃園市龜山區文樂里10鄰樂善三路157號五樓,68,6800700,6800700-000,10鄰,樂善三路,,,,,,157號五樓,121.383193473598,25.0471486544415
桃園市龜山區文樂里10鄰樂善三路157號六樓,68,6800700,6800700-000,10鄰,樂善三路,,,,,,157號六樓,121.383193473598,25.0471486544415
桃園市龜山區文樂里10鄰樂善三路157號七樓,68,6800700,6800700-000,10鄰,樂善三路,,,,,,157號七樓,121.383193473598,25.0471486544415
桃園市龜山區文樂里10鄰樂善三路157號八樓,68,6800700,6800700-000,10鄰,樂善三路,,,,,,157號八樓,121.383193473598,25.0471486544415
桃園市龜山區文樂里10鄰樂善三路157號九樓,68,6800700,6800700-000,10鄰,樂善三路,,,,,,157號九樓,121.383193473598,25.0471486544415
桃園市龜山區文樂里10鄰樂善三路157號十一樓,68,6800700,6800700-000,10鄰,樂善三路,,,,,,157號十一樓,121.383193473598,25.0471486544415
桃園市龜山區文樂里10鄰樂善三路157號十二樓,68,6800700,6800700-000,10鄰,樂善三路,,,,,,157號十二樓,121.383193473598,25.0471486544415
桃園市龜山區文樂里10鄰樂善三路157號十三樓,68,6800700,6800700-000,10鄰,樂善三路,,,,,,157號十三樓,121.383193473598,25.0471486544415
桃園市龜山區文樂里10鄰樂善三路157號十四樓,68,6800700,6800700-000,10鄰,樂善三路,,,,,,157號十四樓,121.383193473598,25.0471486544415
桃園市龜山區文樂里10鄰樂善三路157號十五樓,68,6800700,6800700-000,10鄰,樂善三路,,,,,,157號十五樓,121.383193473598,25.0471486544415
桃園市龜山區文樂里10鄰樂善三路157號十六樓,68,6800700,6800700-000,10鄰,樂善三路,,,,,,157號十六樓,121.383193473598,25.0471486544415
桃園市龜山區文樂里10鄰樂善三路157號十七樓,68,6800700,6800700-000,10鄰,樂善三路,,,,,,157號十七樓,121.383193473598,25.0471486544415
桃園市龜山區文樂里10鄰樂善三路159號十樓,68,6800700,6800700-000,10鄰,樂善三路,,,,,,159號十樓,121.383157052459,25.0470689391376
桃園市龜山區文樂里10鄰樂善三路159號二樓,68,6800700,6800700-000,10鄰,樂善三路,,,,,,159號二樓,121.383157052459,25.0470689391376
桃園市龜山區文樂里10鄰樂善三路159號三樓,68,6800700,6800700-000,10鄰,樂善三路,,,,,,159號三樓,121.383157052459,25.0470689391376
桃園市龜山區文樂里10鄰樂善三路159號四樓,68,6800700,6800700-000,10鄰,樂善三路,,,,,,159號四樓,121.383157052459,25.0470689391376
桃園市龜山區文樂里10鄰樂善三路159號五樓,68,6800700,6800700-000,10鄰,樂善三路,,,,,,159號五樓,121.383157052459,25.0470689391376
桃園市龜山區文樂里10鄰樂善三路159號六樓,68,6800700,6800700-000,10鄰,樂善三路,,,,,,159號六樓,121.383157052459,25.0470689391376
桃園市龜山區文樂里10鄰樂善三路159號七樓,68,6800700,6800700-000,10鄰,樂善三路,,,,,,159號七樓,121.383157052459,25.0470689391376
桃園市龜山區文樂里10鄰樂善三路159號八樓,68,6800700,6800700-000,10鄰,樂善三路,,,,,,159號八樓,121.383157052459,25.0470689391376
桃園市龜山區文樂里10鄰樂善三路159號九樓,68,6800700,6800700-000,10鄰,樂善三路,,,,,,159號九樓,121.383157052459,25.0470689391376
桃園市龜山區文樂里10鄰樂善三路159號十一樓,68,6800700,6800700-000,10鄰,樂善三路,,,,,,159號十一樓,121.383157052459,25.0470689391376
桃園市龜山區文樂里10鄰樂善三路159號十二樓,68,6800700,6800700-000,10鄰,樂善三路,,,,,,159號十二樓,121.383157052459,25.0470689391376
桃園市龜山區文樂里10鄰樂善三路159號十三樓,68,6800700,6800700-000,10鄰,樂善三路,,,,,,159號十三樓,121.383157052459,25.0470689391376
桃園市龜山區文樂里10鄰樂善三路159號十四樓,68,6800700,6800700-000,10鄰,樂善三路,,,,,,159號十四樓,121.383157052459,25.0470689391376
桃園市龜山區文樂里10鄰樂善三路159號十五樓,68,6800700,6800700-000,10鄰,樂善三路,,,,,,159號十五樓,121.383157052459,25.0470689391376
桃園市龜山區文樂里10鄰樂善三路159號十六樓,68,6800700,6800700-000,10鄰,樂善三路,,,,,,159號十六樓,121.383157052459,25.0470689391376
桃園市龜山區文樂里10鄰樂善三路159號十七樓,68,6800700,6800700-000,10鄰,樂善三路,,,,,,159號十七樓,121.383157052459,25.0470689391376
桃園市龜山區文樂里10鄰樂善三路161號十樓,68,6800700,6800700-000,10鄰,樂善三路,,,,,,161號十樓,121.383234281985,25.0470456277508
桃園市龜山區文樂里10鄰樂善三路161號二樓,68,6800700,6800700-000,10鄰,樂善三路,,,,,,161號二樓,121.383234281985,25.0470456277508
桃園市龜山區文樂里10鄰樂善三路161號三樓,68,6800700,6800700-000,10鄰,樂善三路,,,,,,161號三樓,121.383234281985,25.0470456277508
桃園市龜山區文樂里10鄰樂善三路161號四樓,68,6800700,6800700-000,10鄰,樂善三路,,,,,,161號四樓,121.383234281985,25.0470456277508
桃園市龜山區文樂里10鄰樂善三路161號五樓,68,6800700,6800700-000,10鄰,樂善三路,,,,,,161號五樓,121.383234281985,25.0470456277508
桃園市龜山區文樂里10鄰樂善三路161號六樓,68,6800700,6800700-000,10鄰,樂善三路,,,,,,161號六樓,121.383234281985,25.0470456277508
桃園市龜山區文樂里10鄰樂善三路161號七樓,68,6800700,6800700-000,10鄰,樂善三路,,,,,,161號七樓,121.383234281985,25.0470456277508
桃園市龜山區文樂里10鄰樂善三路161號八樓,68,6800700,6800700-000,10鄰,樂善三路,,,,,,161號八樓,121.383234281985,25.0470456277508
桃園市龜山區文樂里10鄰樂善三路161號九樓,68,6800700,6800700-000,10鄰,樂善三路,,,,,,161號九樓,121.383234281985,25.0470456277508
桃園市龜山區文樂里10鄰樂善三路161號十一樓,68,6800700,6800700-000,10鄰,樂善三路,,,,,,161號十一樓,121.383234281985,25.0470456277508
桃園市龜山區文樂里10鄰樂善三路161號十二樓,68,6800700,6800700-000,10鄰,樂善三路,,,,,,161號十二樓,121.383234281985,25.0470456277508
桃園市龜山區文樂里10鄰樂善三路161號十三樓,68,6800700,6800700-000,10鄰,樂善三路,,,,,,161號十三樓,121.383234281985,25.0470456277508
桃園市龜山區文樂里10鄰樂善三路161號十四樓,68,6800700,6800700-000,10鄰,樂善三路,,,,,,161號十四樓,121.383234281985,25.0470456277508
桃園市龜山區文樂里10鄰樂善三路161號十五樓,68,6800700,6800700-000,10鄰,樂善三路,,,,,,161號十五樓,121.383234281985,25.0470456277508
桃園市龜山區文樂里10鄰樂善三路161號十六樓,68,6800700,6800700-000,10鄰,樂善三路,,,,,,161號十六樓,121.383234281985,25.0470456277508
桃園市龜山區文樂里10鄰樂善三路161號十七樓,68,6800700,6800700-000,10鄰,樂善三路,,,,,,161號十七樓,121.383234281985,25.0470456277508
桃園市龜山區文樂里10鄰樂善三路163號十樓,68,6800700,6800700-000,10鄰,樂善三路,,,,,,163號十樓,121.383300820008,25.0470261357518
桃園市龜山區文樂里10鄰樂善三路163號二樓,68,6800700,6800700-000,10鄰,樂善三路,,,,,,163號二樓,121.383300820008,25.0470261357518
桃園市龜山區文樂里10鄰樂善三路163號三樓,68,6800700,6800700-000,10鄰,樂善三路,,,,,,163號三樓,121.383300820008,25.0470261357518
桃園市龜山區文樂里10鄰樂善三路163號四樓,68,6800700,6800700-000,10鄰,樂善三路,,,,,,163號四樓,121.383300820008,25.0470261357518
桃園市龜山區文樂里10鄰樂善三路163號五樓,68,6800700,6800700-000,10鄰,樂善三路,,,,,,163號五樓,121.383300820008,25.0470261357518
桃園市龜山區文樂里10鄰樂善三路163號六樓,68,6800700,6800700-000,10鄰,樂善三路,,,,,,163號六樓,121.383300820008,25.0470261357518
桃園市龜山區文樂里10鄰樂善三路163號七樓,68,6800700,6800700-000,10鄰,樂善三路,,,,,,163號七樓,121.383300820008,25.0470261357518
桃園市龜山區文樂里10鄰樂善三路163號八樓,68,6800700,6800700-000,10鄰,樂善三路,,,,,,163號八樓,121.383300820008,25.0470261357518
桃園市龜山區文樂里10鄰樂善三路163號九樓,68,6800700,6800700-000,10鄰,樂善三路,,,,,,163號九樓,121.383300820008,25.0470261357518
桃園市龜山區文樂里10鄰樂善三路163號十一樓,68,6800700,6800700-000,10鄰,樂善三路,,,,,,163號十一樓,121.383300820008,25.0470261357518
桃園市龜山區文樂里10鄰樂善三路163號十二樓,68,6800700,6800700-000,10鄰,樂善三路,,,,,,163號十二樓,121.383300820008,25.0470261357518
桃園市龜山區文樂里10鄰樂善三路163號十三樓,68,6800700,6800700-000,10鄰,樂善三路,,,,,,163號十三樓,121.383300820008,25.0470261357518
桃園市龜山區文樂里10鄰樂善三路163號十四樓,68,6800700,6800700-000,10鄰,樂善三路,,,,,,163號十四樓,121.383300820008,25.0470261357518
桃園市龜山區文樂里10鄰樂善三路163號十五樓,68,6800700,6800700-000,10鄰,樂善三路,,,,,,163號十五樓,121.383300820008,25.0470261357518
桃園市龜山區文樂里10鄰樂善三路163號十六樓,68,6800700,6800700-000,10鄰,樂善三路,,,,,,163號十六樓,121.383300820008,25.0470261357518
桃園市龜山區文樂里10鄰樂善三路163號十七樓,68,6800700,6800700-000,10鄰,樂善三路,,,,,,163號十七樓,121.383300820008,25.0470261357518
桃園市龜山區文樂里10鄰樂善三路165號十樓,68,6800700,6800700-000,10鄰,樂善三路,,,,,,165號十樓,121.383384479184,25.0469989255741
桃園市龜山區文樂里10鄰樂善三路165號二樓,68,6800700,6800700-000,10鄰,樂善三路,,,,,,165號二樓,121.383384479184,25.0469989255741
桃園市龜山區文樂里10鄰樂善三路165號三樓,68,6800700,6800700-000,10鄰,樂善三路,,,,,,165號三樓,121.383384479184,25.0469989255741
桃園市龜山區文樂里10鄰樂善三路165號四樓,68,6800700,6800700-000,10鄰,樂善三路,,,,,,165號四樓,121.383384479184,25.0469989255741
桃園市龜山區文樂里10鄰樂善三路165號五樓,68,6800700,6800700-000,10鄰,樂善三路,,,,,,165號五樓,121.383384479184,25.0469989255741
桃園市龜山區文樂里10鄰樂善三路165號六樓,68,6800700,6800700-000,10鄰,樂善三路,,,,,,165號六樓,121.383384479184,25.0469989255741
桃園市龜山區文樂里10鄰樂善三路165號七樓,68,6800700,6800700-000,10鄰,樂善三路,,,,,,165號七樓,121.383384479184,25.0469989255741
桃園市龜山區文樂里10鄰樂善三路165號八樓,68,6800700,6800700-000,10鄰,樂善三路,,,,,,165號八樓,121.383384479184,25.0469989255741
桃園市龜山區文樂里10鄰樂善三路165號九樓,68,6800700,6800700-000,10鄰,樂善三路,,,,,,165號九樓,121.383384479184,25.0469989255741
桃園市龜山區文樂里10鄰樂善三路165號十一樓,68,6800700,6800700-000,10鄰,樂善三路,,,,,,165號十一樓,121.383384479184,25.0469989255741
桃園市龜山區文樂里10鄰樂善三路165號十二樓,68,6800700,6800700-000,10鄰,樂善三路,,,,,,165號十二樓,121.383384479184,25.0469989255741
桃園市龜山區文樂里10鄰樂善三路165號十三樓,68,6800700,6800700-000,10鄰,樂善三路,,,,,,165號十三樓,121.383384479184,25.0469989255741
桃園市龜山區文樂里10鄰樂善三路165號十四樓,68,6800700,6800700-000,10鄰,樂善三路,,,,,,165號十四樓,121.383384479184,25.0469989255741
桃園市龜山區文樂里10鄰樂善三路165號十五樓,68,6800700,6800700-000,10鄰,樂善三路,,,,,,165號十五樓,121.383384479184,25.0469989255741
桃園市龜山區文樂里10鄰樂善三路165號十六樓,68,6800700,6800700-000,10鄰,樂善三路,,,,,,165號十六樓,121.383384479184,25.0469989255741
桃園市龜山區文樂里10鄰樂善三路165號十七樓,68,6800700,6800700-000,10鄰,樂善三路,,,,,,165號十七樓,121.383384479184,25.0469989255741
桃園市龜山區文樂里10鄰樂善三路167號十樓,68,6800700,6800700-000,10鄰,樂善三路,,,,,,167號十樓,121.383463888915,25.0469756084421
桃園市龜山區文樂里10鄰樂善三路167號二樓,68,6800700,6800700-000,10鄰,樂善三路,,,,,,167號二樓,121.383463888915,25.0469756084421
桃園市龜山區文樂里10鄰樂善三路167號三樓,68,6800700,6800700-000,10鄰,樂善三路,,,,,,167號三樓,121.383463888915,25.0469756084421
桃園市龜山區文樂里10鄰樂善三路167號四樓,68,6800700,6800700-000,10鄰,樂善三路,,,,,,167號四樓,121.383463888915,25.0469756084421
桃園市龜山區文樂里10鄰樂善三路167號五樓,68,6800700,6800700-000,10鄰,樂善三路,,,,,,167號五樓,121.383463888915,25.0469756084421
桃園市龜山區文樂里10鄰樂善三路167號六樓,68,6800700,6800700-000,10鄰,樂善三路,,,,,,167號六樓,121.383463888915,25.0469756084421
桃園市龜山區文樂里10鄰樂善三路167號七樓,68,6800700,6800700-000,10鄰,樂善三路,,,,,,167號七樓,121.383463888915,25.0469756084421
桃園市龜山區文樂里10鄰樂善三路167號八樓,68,6800700,6800700-000,10鄰,樂善三路,,,,,,167號八樓,121.383463888915,25.0469756084421
桃園市龜山區文樂里10鄰樂善三路167號九樓,68,6800700,6800700-000,10鄰,樂善三路,,,,,,167號九樓,121.383463888915,25.0469756084421
桃園市龜山區文樂里10鄰樂善三路167號十一樓,68,6800700,6800700-000,10鄰,樂善三路,,,,,,167號十一樓,121.383463888915,25.0469756084421
桃園市龜山區文樂里10鄰樂善三路167號十二樓,68,6800700,6800700-000,10鄰,樂善三路,,,,,,167號十二樓,121.383463888915,25.0469756084421
桃園市龜山區文樂里10鄰樂善三路167號十三樓,68,6800700,6800700-000,10鄰,樂善三路,,,,,,167號十三樓,121.383463888915,25.0469756084421
桃園市龜山區文樂里10鄰樂善三路167號十四樓,68,6800700,6800700-000,10鄰,樂善三路,,,,,,167號十四樓,121.383463888915,25.0469756084421
桃園市龜山區文樂里10鄰樂善三路167號十五樓,68,6800700,6800700-000,10鄰,樂善三路,,,,,,167號十五樓,121.383463888915,25.0469756084421
桃園市龜山區文樂里10鄰樂善三路167號十六樓,68,6800700,6800700-000,10鄰,樂善三路,,,,,,167號十六樓,121.383463888915,25.0469756084421
桃園市龜山區文樂里10鄰樂善三路167號十七樓,68,6800700,6800700-000,10鄰,樂善三路,,,,,,167號十七樓,121.383463888915,25.0469756084421
桃園市龜山區文樂里10鄰樂善三路169號十樓,68,6800700,6800700-000,10鄰,樂善三路,,,,,,169號十樓,121.383519705632,25.0469503659744
桃園市龜山區文樂里10鄰樂善三路169號二樓,68,6800700,6800700-000,10鄰,樂善三路,,,,,,169號二樓,121.383519705632,25.0469503659744
桃園市龜山區文樂里10鄰樂善三路169號三樓,68,6800700,6800700-000,10鄰,樂善三路,,,,,,169號三樓,121.383519705632,25.0469503659744
桃園市龜山區文樂里10鄰樂善三路169號四樓,68,6800700,6800700-000,10鄰,樂善三路,,,,,,169號四樓,121.383519705632,25.0469503659744
桃園市龜山區文樂里10鄰樂善三路169號五樓,68,6800700,6800700-000,10鄰,樂善三路,,,,,,169號五樓,121.383519705632,25.0469503659744
桃園市龜山區文樂里10鄰樂善三路169號六樓,68,6800700,6800700-000,10鄰,樂善三路,,,,,,169號六樓,121.383519705632,25.0469503659744
桃園市龜山區文樂里10鄰樂善三路169號七樓,68,6800700,6800700-000,10鄰,樂善三路,,,,,,169號七樓,121.383519705632,25.0469503659744
桃園市龜山區文樂里10鄰樂善三路169號八樓,68,6800700,6800700-000,10鄰,樂善三路,,,,,,169號八樓,121.383519705632,25.0469503659744
桃園市龜山區文樂里10鄰樂善三路169號九樓,68,6800700,6800700-000,10鄰,樂善三路,,,,,,169號九樓,121.383519705632,25.0469503659744
桃園市龜山區文樂里10鄰樂善三路169號十一樓,68,6800700,6800700-000,10鄰,樂善三路,,,,,,169號十一樓,121.383519705632,25.0469503659744
桃園市龜山區文樂里10鄰樂善三路169號十二樓,68,6800700,6800700-000,10鄰,樂善三路,,,,,,169號十二樓,121.383519705632,25.0469503659744
桃園市龜山區文樂里10鄰樂善三路169號十三樓,68,6800700,6800700-000,10鄰,樂善三路,,,,,,169號十三樓,121.383519705632,25.0469503659744
桃園市龜山區文樂里10鄰樂善三路169號十四樓,68,6800700,6800700-000,10鄰,樂善三路,,,,,,169號十四樓,121.383519705632,25.0469503659744
桃園市龜山區文樂里10鄰樂善三路169號十五樓,68,6800700,6800700-000,10鄰,樂善三路,,,,,,169號十五樓,121.383519705632,25.0469503659744
桃園市龜山區文樂里10鄰樂善三路169號十六樓,68,6800700,6800700-000,10鄰,樂善三路,,,,,,169號十六樓,121.383519705632,25.0469503659744
桃園市龜山區文樂里10鄰樂善三路169號十七樓,68,6800700,6800700-000,10鄰,樂善三路,,,,,,169號十七樓,121.383519705632,25.0469503659744
桃園市龜山區文樂里10鄰樂善三路171號十樓,68,6800700,6800700-000,10鄰,樂善三路,,,,,,171號十樓,121.3835776267,25.0470281297569
桃園市龜山區文樂里10鄰樂善三路171號二樓,68,6800700,6800700-000,10鄰,樂善三路,,,,,,171號二樓,121.3835776267,25.0470281297569
桃園市龜山區文樂里10鄰樂善三路171號三樓,68,6800700,6800700-000,10鄰,樂善三路,,,,,,171號三樓,121.3835776267,25.0470281297569
桃園市龜山區文樂里10鄰樂善三路171號四樓,68,6800700,6800700-000,10鄰,樂善三路,,,,,,171號四樓,121.3835776267,25.0470281297569
桃園市龜山區文樂里10鄰樂善三路171號五樓,68,6800700,6800700-000,10鄰,樂善三路,,,,,,171號五樓,121.3835776267,25.0470281297569
桃園市龜山區文樂里10鄰樂善三路171號六樓,68,6800700,6800700-000,10鄰,樂善三路,,,,,,171號六樓,121.3835776267,25.0470281297569
桃園市龜山區文樂里10鄰樂善三路171號七樓,68,6800700,6800700-000,10鄰,樂善三路,,,,,,171號七樓,121.3835776267,25.0470281297569
桃園市龜山區文樂里10鄰樂善三路171號八樓,68,6800700,6800700-000,10鄰,樂善三路,,,,,,171號八樓,121.3835776267,25.0470281297569
桃園市龜山區文樂里10鄰樂善三路171號九樓,68,6800700,6800700-000,10鄰,樂善三路,,,,,,171號九樓,121.3835776267,25.0470281297569
桃園市龜山區文樂里10鄰樂善三路171號十一樓,68,6800700,6800700-000,10鄰,樂善三路,,,,,,171號十一樓,121.3835776267,25.0470281297569
桃園市龜山區文樂里10鄰樂善三路171號十二樓,68,6800700,6800700-000,10鄰,樂善三路,,,,,,171號十二樓,121.3835776267,25.0470281297569
桃園市龜山區文樂里10鄰樂善三路171號十三樓,68,6800700,6800700-000,10鄰,樂善三路,,,,,,171號十三樓,121.3835776267,25.0470281297569
桃園市龜山區文樂里10鄰樂善三路171號十四樓,68,6800700,6800700-000,10鄰,樂善三路,,,,,,171號十四樓,121.3835776267,25.0470281297569
桃園市龜山區文樂里10鄰樂善三路171號十五樓,68,6800700,6800700-000,10鄰,樂善三路,,,,,,171號十五樓,121.3835776267,25.0470281297569
桃園市龜山區文樂里10鄰樂善三路171號十六樓,68,6800700,6800700-000,10鄰,樂善三路,,,,,,171號十六樓,121.3835776267,25.0470281297569
桃園市龜山區文樂里10鄰樂善三路171號十七樓,68,6800700,6800700-000,10鄰,樂善三路,,,,,,171號十七樓,121.3835776267,25.0470281297569
桃園市龜山區文樂里10鄰樂善三路173號十樓,68,6800700,6800700-000,10鄰,樂善三路,,,,,,173號十樓,121.383601239197,25.0471000235006
桃園市龜山區文樂里10鄰樂善三路173號二樓,68,6800700,6800700-000,10鄰,樂善三路,,,,,,173號二樓,121.383601239197,25.0471000235006
桃園市龜山區文樂里10鄰樂善三路173號三樓,68,6800700,6800700-000,10鄰,樂善三路,,,,,,173號三樓,121.383601239197,25.0471000235006
桃園市龜山區文樂里10鄰樂善三路173號四樓,68,6800700,6800700-000,10鄰,樂善三路,,,,,,173號四樓,121.383601239197,25.0471000235006
桃園市龜山區文樂里10鄰樂善三路173號五樓,68,6800700,6800700-000,10鄰,樂善三路,,,,,,173號五樓,121.383601239197,25.0471000235006
桃園市龜山區文樂里10鄰樂善三路173號六樓,68,6800700,6800700-000,10鄰,樂善三路,,,,,,173號六樓,121.383601239197,25.0471000235006
桃園市龜山區文樂里10鄰樂善三路173號七樓,68,6800700,6800700-000,10鄰,樂善三路,,,,,,173號七樓,121.383601239197,25.0471000235006
桃園市龜山區文樂里10鄰樂善三路173號八樓,68,6800700,6800700-000,10鄰,樂善三路,,,,,,173號八樓,121.383601239197,25.0471000235006
桃園市龜山區文樂里10鄰樂善三路173號九樓,68,6800700,6800700-000,10鄰,樂善三路,,,,,,173號九樓,121.383601239197,25.0471000235006
桃園市龜山區文樂里10鄰樂善三路173號十一樓,68,6800700,6800700-000,10鄰,樂善三路,,,,,,173號十一樓,121.383601239197,25.0471000235006
桃園市龜山區文樂里10鄰樂善三路173號十二樓,68,6800700,6800700-000,10鄰,樂善三路,,,,,,173號十二樓,121.383601239197,25.0471000235006
桃園市龜山區文樂里10鄰樂善三路173號十三樓,68,6800700,6800700-000,10鄰,樂善三路,,,,,,173號十三樓,121.383601239197,25.0471000235006
桃園市龜山區文樂里10鄰樂善三路173號十四樓,68,6800700,6800700-000,10鄰,樂善三路,,,,,,173號十四樓,121.383601239197,25.0471000235006
桃園市龜山區文樂里10鄰樂善三路173號十五樓,68,6800700,6800700-000,10鄰,樂善三路,,,,,,173號十五樓,121.383601239197,25.0471000235006
桃園市龜山區文樂里10鄰樂善三路173號十六樓,68,6800700,6800700-000,10鄰,樂善三路,,,,,,173號十六樓,121.383601239197,25.0471000235006
桃園市龜山區文樂里10鄰樂善三路173號十七樓,68,6800700,6800700-000,10鄰,樂善三路,,,,,,173號十七樓,121.383601239197,25.0471000235006
桃園市龜山區文樂里10鄰樂善三路175號十樓,68,6800700,6800700-000,10鄰,樂善三路,,,,,,175號十樓,121.383511081522,25.0471408831507
桃園市龜山區文樂里10鄰樂善三路175號二樓,68,6800700,6800700-000,10鄰,樂善三路,,,,,,175號二樓,121.383511081522,25.0471408831507
桃園市龜山區文樂里10鄰樂善三路175號三樓,68,6800700,6800700-000,10鄰,樂善三路,,,,,,175號三樓,121.383511081522,25.0471408831507
桃園市龜山區文樂里10鄰樂善三路175號四樓,68,6800700,6800700-000,10鄰,樂善三路,,,,,,175號四樓,121.383511081522,25.0471408831507
桃園市龜山區文樂里10鄰樂善三路175號五樓,68,6800700,6800700-000,10鄰,樂善三路,,,,,,175號五樓,121.383511081522,25.0471408831507
桃園市龜山區文樂里10鄰樂善三路175號六樓,68,6800700,6800700-000,10鄰,樂善三路,,,,,,175號六樓,121.383511081522,25.0471408831507
桃園市龜山區文樂里10鄰樂善三路175號七樓,68,6800700,6800700-000,10鄰,樂善三路,,,,,,175號七樓,121.383511081522,25.0471408831507
桃園市龜山區文樂里10鄰樂善三路175號八樓,68,6800700,6800700-000,10鄰,樂善三路,,,,,,175號八樓,121.383511081522,25.0471408831507
桃園市龜山區文樂里10鄰樂善三路175號九樓,68,6800700,6800700-000,10鄰,樂善三路,,,,,,175號九樓,121.383511081522,25.0471408831507
桃園市龜山區文樂里10鄰樂善三路175號十一樓,68,6800700,6800700-000,10鄰,樂善三路,,,,,,175號十一樓,121.383511081522,25.0471408831507
桃園市龜山區文樂里10鄰樂善三路175號十二樓,68,6800700,6800700-000,10鄰,樂善三路,,,,,,175號十二樓,121.383511081522,25.0471408831507
桃園市龜山區文樂里10鄰樂善三路175號十三樓,68,6800700,6800700-000,10鄰,樂善三路,,,,,,175號十三樓,121.383511081522,25.0471408831507
桃園市龜山區文樂里10鄰樂善三路175號十四樓,68,6800700,6800700-000,10鄰,樂善三路,,,,,,175號十四樓,121.383511081522,25.0471408831507
桃園市龜山區文樂里10鄰樂善三路175號十五樓,68,6800700,6800700-000,10鄰,樂善三路,,,,,,175號十五樓,121.383511081522,25.0471408831507
桃園市龜山區文樂里10鄰樂善三路175號十六樓,68,6800700,6800700-000,10鄰,樂善三路,,,,,,175號十六樓,121.383511081522,25.0471408831507
桃園市龜山區文樂里10鄰樂善三路175號十七樓,68,6800700,6800700-000,10鄰,樂善三路,,,,,,175號十七樓,121.383511081522,25.0471408831507
桃園市龜山區文樂里10鄰樂善三路177號十樓,68,6800700,6800700-000,10鄰,樂善三路,,,,,,177號十樓,121.382848883443,25.047212017992
桃園市龜山區文樂里10鄰樂善三路177號二樓,68,6800700,6800700-000,10鄰,樂善三路,,,,,,177號二樓,121.382848883443,25.047212017992
桃園市龜山區文樂里10鄰樂善三路177號三樓,68,6800700,6800700-000,10鄰,樂善三路,,,,,,177號三樓,121.382848883443,25.047212017992
桃園市龜山區文樂里10鄰樂善三路177號四樓,68,6800700,6800700-000,10鄰,樂善三路,,,,,,177號四樓,121.382848883443,25.047212017992
桃園市龜山區文樂里10鄰樂善三路177號五樓,68,6800700,6800700-000,10鄰,樂善三路,,,,,,177號五樓,121.382848883443,25.047212017992
桃園市龜山區文樂里10鄰樂善三路177號六樓,68,6800700,6800700-000,10鄰,樂善三路,,,,,,177號六樓,121.382848883443,25.047212017992
桃園市龜山區文樂里10鄰樂善三路177號七樓,68,6800700,6800700-000,10鄰,樂善三路,,,,,,177號七樓,121.382848883443,25.047212017992
桃園市龜山區文樂里10鄰樂善三路177號八樓,68,6800700,6800700-000,10鄰,樂善三路,,,,,,177號八樓,121.382848883443,25.047212017992
桃園市龜山區文樂里10鄰樂善三路177號九樓,68,6800700,6800700-000,10鄰,樂善三路,,,,,,177號九樓,121.382848883443,25.047212017992
桃園市龜山區文樂里10鄰樂善三路177號十一樓,68,6800700,6800700-000,10鄰,樂善三路,,,,,,177號十一樓,121.382848883443,25.047212017992
桃園市龜山區文樂里10鄰樂善三路177號十二樓,68,6800700,6800700-000,10鄰,樂善三路,,,,,,177號十二樓,121.382848883443,25.047212017992
桃園市龜山區文樂里10鄰樂善三路177號十三樓,68,6800700,6800700-000,10鄰,樂善三路,,,,,,177號十三樓,121.382848883443,25.047212017992
桃園市龜山區文樂里10鄰樂善三路177號十四樓,68,6800700,6800700-000,10鄰,樂善三路,,,,,,177號十四樓,121.382848883443,25.047212017992
桃園市龜山區文樂里10鄰樂善三路177號十五樓,68,6800700,6800700-000,10鄰,樂善三路,,,,,,177號十五樓,121.382848883443,25.047212017992
桃園市龜山區文樂里10鄰樂善三路179號十樓,68,6800700,6800700-000,10鄰,樂善三路,,,,,,179號十樓,121.382767293141,25.0472353404154
桃園市龜山區文樂里10鄰樂善三路179號二樓,68,6800700,6800700-000,10鄰,樂善三路,,,,,,179號二樓,121.382767293141,25.0472353404154
桃園市龜山區文樂里10鄰樂善三路179號三樓,68,6800700,6800700-000,10鄰,樂善三路,,,,,,179號三樓,121.382767293141,25.0472353404154
桃園市龜山區文樂里10鄰樂善三路179號四樓,68,6800700,6800700-000,10鄰,樂善三路,,,,,,179號四樓,121.382767293141,25.0472353404154
桃園市龜山區文樂里10鄰樂善三路179號五樓,68,6800700,6800700-000,10鄰,樂善三路,,,,,,179號五樓,121.382767293141,25.0472353404154
桃園市龜山區文樂里10鄰樂善三路179號六樓,68,6800700,6800700-000,10鄰,樂善三路,,,,,,179號六樓,121.382767293141,25.0472353404154
桃園市龜山區文樂里10鄰樂善三路179號七樓,68,6800700,6800700-000,10鄰,樂善三路,,,,,,179號七樓,121.382767293141,25.0472353404154
桃園市龜山區文樂里10鄰樂善三路179號八樓,68,6800700,6800700-000,10鄰,樂善三路,,,,,,179號八樓,121.382767293141,25.0472353404154
桃園市龜山區文樂里10鄰樂善三路179號九樓,68,6800700,6800700-000,10鄰,樂善三路,,,,,,179號九樓,121.382767293141,25.0472353404154
桃園市龜山區文樂里10鄰樂善三路179號十一樓,68,6800700,6800700-000,10鄰,樂善三路,,,,,,179號十一樓,121.382767293141,25.0472353404154
桃園市龜山區文樂里10鄰樂善三路179號十二樓,68,6800700,6800700-000,10鄰,樂善三路,,,,,,179號十二樓,121.382767293141,25.0472353404154
桃園市龜山區文樂里10鄰樂善三路179號十三樓,68,6800700,6800700-000,10鄰,樂善三路,,,,,,179號十三樓,121.382767293141,25.0472353404154
桃園市龜山區文樂里10鄰樂善三路179號十四樓,68,6800700,6800700-000,10鄰,樂善三路,,,,,,179號十四樓,121.382767293141,25.0472353404154
桃園市龜山區文樂里10鄰樂善三路179號十五樓,68,6800700,6800700-000,10鄰,樂善三路,,,,,,179號十五樓,121.382767293141,25.0472353404154
桃園市龜山區文樂里10鄰樂善三路181號十樓,68,6800700,6800700-000,10鄰,樂善三路,,,,,,181號十樓,121.382805927046,25.0472936532907
桃園市龜山區文樂里10鄰樂善三路181號二樓,68,6800700,6800700-000,10鄰,樂善三路,,,,,,181號二樓,121.382805927046,25.0472936532907
桃園市龜山區文樂里10鄰樂善三路181號三樓,68,6800700,6800700-000,10鄰,樂善三路,,,,,,181號三樓,121.382805927046,25.0472936532907
桃園市龜山區文樂里10鄰樂善三路181號四樓,68,6800700,6800700-000,10鄰,樂善三路,,,,,,181號四樓,121.382805927046,25.0472936532907
桃園市龜山區文樂里10鄰樂善三路181號五樓,68,6800700,6800700-000,10鄰,樂善三路,,,,,,181號五樓,121.382805927046,25.0472936532907
桃園市龜山區文樂里10鄰樂善三路181號六樓,68,6800700,6800700-000,10鄰,樂善三路,,,,,,181號六樓,121.382805927046,25.0472936532907
桃園市龜山區文樂里10鄰樂善三路181號七樓,68,6800700,6800700-000,10鄰,樂善三路,,,,,,181號七樓,121.382805927046,25.0472936532907
桃園市龜山區文樂里10鄰樂善三路181號八樓,68,6800700,6800700-000,10鄰,樂善三路,,,,,,181號八樓,121.382805927046,25.0472936532907
桃園市龜山區文樂里10鄰樂善三路181號九樓,68,6800700,6800700-000,10鄰,樂善三路,,,,,,181號九樓,121.382805927046,25.0472936532907
桃園市龜山區文樂里10鄰樂善三路181號十一樓,68,6800700,6800700-000,10鄰,樂善三路,,,,,,181號十一樓,121.382805927046,25.0472936532907
桃園市龜山區文樂里10鄰樂善三路181號十二樓,68,6800700,6800700-000,10鄰,樂善三路,,,,,,181號十二樓,121.382805927046,25.0472936532907
桃園市龜山區文樂里10鄰樂善三路181號十三樓,68,6800700,6800700-000,10鄰,樂善三路,,,,,,181號十三樓,121.382805927046,25.0472936532907
桃園市龜山區文樂里10鄰樂善三路181號十四樓,68,6800700,6800700-000,10鄰,樂善三路,,,,,,181號十四樓,121.382805927046,25.0472936532907
桃園市龜山區文樂里10鄰樂善三路181號十五樓,68,6800700,6800700-000,10鄰,樂善三路,,,,,,181號十五樓,121.382805927046,25.0472936532907
桃園市龜山區文樂里10鄰樂善三路183號十樓,68,6800700,6800700-000,10鄰,樂善三路,,,,,,183號十樓,121.382919697498,25.0473247782006
桃園市龜山區文樂里10鄰樂善三路183號二樓,68,6800700,6800700-000,10鄰,樂善三路,,,,,,183號二樓,121.382919697498,25.0473247782006
桃園市龜山區文樂里10鄰樂善三路183號三樓,68,6800700,6800700-000,10鄰,樂善三路,,,,,,183號三樓,121.382919697498,25.0473247782006
桃園市龜山區文樂里10鄰樂善三路183號四樓,68,6800700,6800700-000,10鄰,樂善三路,,,,,,183號四樓,121.382919697498,25.0473247782006
桃園市龜山區文樂里10鄰樂善三路183號五樓,68,6800700,6800700-000,10鄰,樂善三路,,,,,,183號五樓,121.382919697498,25.0473247782006
桃園市龜山區文樂里10鄰樂善三路183號六樓,68,6800700,6800700-000,10鄰,樂善三路,,,,,,183號六樓,121.382919697498,25.0473247782006
桃園市龜山區文樂里10鄰樂善三路183號七樓,68,6800700,6800700-000,10鄰,樂善三路,,,,,,183號七樓,121.382919697498,25.0473247782006
桃園市龜山區文樂里10鄰樂善三路183號八樓,68,6800700,6800700-000,10鄰,樂善三路,,,,,,183號八樓,121.382919697498,25.0473247782006
桃園市龜山區文樂里10鄰樂善三路183號九樓,68,6800700,6800700-000,10鄰,樂善三路,,,,,,183號九樓,121.382919697498,25.0473247782006
桃園市龜山區文樂里10鄰樂善三路183號十一樓,68,6800700,6800700-000,10鄰,樂善三路,,,,,,183號十一樓,121.382919697498,25.0473247782006
桃園市龜山區文樂里10鄰樂善三路183號十二樓,68,6800700,6800700-000,10鄰,樂善三路,,,,,,183號十二樓,121.382919697498,25.0473247782006
桃園市龜山區文樂里10鄰樂善三路183號十三樓,68,6800700,6800700-000,10鄰,樂善三路,,,,,,183號十三樓,121.382919697498,25.0473247782006
桃園市龜山區文樂里10鄰樂善三路183號十四樓,68,6800700,6800700-000,10鄰,樂善三路,,,,,,183號十四樓,121.382919697498,25.0473247782006
桃園市龜山區文樂里10鄰樂善三路183號十五樓,68,6800700,6800700-000,10鄰,樂善三路,,,,,,183號十五樓,121.382919697498,25.0473247782006
桃園市龜山區文樂里10鄰樂善三路185號十樓,68,6800700,6800700-000,10鄰,樂善三路,,,,,,185號十樓,121.383016171923,25.0471478477221
桃園市龜山區文樂里10鄰樂善三路185號二樓,68,6800700,6800700-000,10鄰,樂善三路,,,,,,185號二樓,121.383016171923,25.0471478477221
桃園市龜山區文樂里10鄰樂善三路185號三樓,68,6800700,6800700-000,10鄰,樂善三路,,,,,,185號三樓,121.383016171923,25.0471478477221
桃園市龜山區文樂里10鄰樂善三路185號四樓,68,6800700,6800700-000,10鄰,樂善三路,,,,,,185號四樓,121.383016171923,25.0471478477221
桃園市龜山區文樂里10鄰樂善三路185號五樓,68,6800700,6800700-000,10鄰,樂善三路,,,,,,185號五樓,121.383016171923,25.0471478477221
桃園市龜山區文樂里10鄰樂善三路185號六樓,68,6800700,6800700-000,10鄰,樂善三路,,,,,,185號六樓,121.383016171923,25.0471478477221
桃園市龜山區文樂里10鄰樂善三路185號七樓,68,6800700,6800700-000,10鄰,樂善三路,,,,,,185號七樓,121.383016171923,25.0471478477221
桃園市龜山區文樂里10鄰樂善三路185號八樓,68,6800700,6800700-000,10鄰,樂善三路,,,,,,185號八樓,121.383016171923,25.0471478477221
桃園市龜山區文樂里10鄰樂善三路185號九樓,68,6800700,6800700-000,10鄰,樂善三路,,,,,,185號九樓,121.383016171923,25.0471478477221
桃園市龜山區文樂里10鄰樂善三路185號十一樓,68,6800700,6800700-000,10鄰,樂善三路,,,,,,185號十一樓,121.383016171923,25.0471478477221
桃園市龜山區文樂里10鄰樂善三路185號十二樓,68,6800700,6800700-000,10鄰,樂善三路,,,,,,185號十二樓,121.383016171923,25.0471478477221
桃園市龜山區文樂里10鄰樂善三路185號十三樓,68,6800700,6800700-000,10鄰,樂善三路,,,,,,185號十三樓,121.383016171923,25.0471478477221
桃園市龜山區文樂里10鄰樂善三路185號十四樓,68,6800700,6800700-000,10鄰,樂善三路,,,,,,185號十四樓,121.383016171923,25.0471478477221
桃園市龜山區文樂里10鄰樂善三路185號十五樓,68,6800700,6800700-000,10鄰,樂善三路,,,,,,185號十五樓,121.383016171923,25.0471478477221
桃園市龜山區文樂里10鄰樂善三路187號十樓,68,6800700,6800700-000,10鄰,樂善三路,,,,,,187號十樓,121.382947552596,25.0471673449594
桃園市龜山區文樂里10鄰樂善三路187號二樓,68,6800700,6800700-000,10鄰,樂善三路,,,,,,187號二樓,121.382947552596,25.0471673449594
桃園市龜山區文樂里10鄰樂善三路187號三樓,68,6800700,6800700-000,10鄰,樂善三路,,,,,,187號三樓,121.382947552596,25.0471673449594
桃園市龜山區文樂里10鄰樂善三路187號四樓,68,6800700,6800700-000,10鄰,樂善三路,,,,,,187號四樓,121.382947552596,25.0471673449594
桃園市龜山區文樂里10鄰樂善三路187號五樓,68,6800700,6800700-000,10鄰,樂善三路,,,,,,187號五樓,121.382947552596,25.0471673449594
桃園市龜山區文樂里10鄰樂善三路187號六樓,68,6800700,6800700-000,10鄰,樂善三路,,,,,,187號六樓,121.382947552596,25.0471673449594
桃園市龜山區文樂里10鄰樂善三路187號七樓,68,6800700,6800700-000,10鄰,樂善三路,,,,,,187號七樓,121.382947552596,25.0471673449594
桃園市龜山區文樂里10鄰樂善三路187號八樓,68,6800700,6800700-000,10鄰,樂善三路,,,,,,187號八樓,121.382947552596,25.0471673449594
桃園市龜山區文樂里10鄰樂善三路187號九樓,68,6800700,6800700-000,10鄰,樂善三路,,,,,,187號九樓,121.382947552596,25.0471673449594
桃園市龜山區文樂里10鄰樂善三路187號十一樓,68,6800700,6800700-000,10鄰,樂善三路,,,,,,187號十一樓,121.382947552596,25.0471673449594
桃園市龜山區文樂里10鄰樂善三路187號十二樓,68,6800700,6800700-000,10鄰,樂善三路,,,,,,187號十二樓,121.382947552596,25.0471673449594
桃園市龜山區文樂里10鄰樂善三路187號十三樓,68,6800700,6800700-000,10鄰,樂善三路,,,,,,187號十三樓,121.382947552596,25.0471673449594
桃園市龜山區文樂里10鄰樂善三路187號十四樓,68,6800700,6800700-000,10鄰,樂善三路,,,,,,187號十四樓,121.382947552596,25.0471673449594
桃園市龜山區文樂里10鄰樂善三路187號十五樓,68,6800700,6800700-000,10鄰,樂善三路,,,,,,187號十五樓,121.382947552596,25.0471673449594
桃園市龜山區文樂里10鄰樂善三路189號十樓,68,6800700,6800700-000,10鄰,樂善三路,,,,,,189號十樓,121.383011909029,25.0472431061708
桃園市龜山區文樂里10鄰樂善三路189號二樓,68,6800700,6800700-000,10鄰,樂善三路,,,,,,189號二樓,121.383011909029,25.0472431061708
桃園市龜山區文樂里10鄰樂善三路189號三樓,68,6800700,6800700-000,10鄰,樂善三路,,,,,,189號三樓,121.383011909029,25.0472431061708
桃園市龜山區文樂里10鄰樂善三路189號四樓,68,6800700,6800700-000,10鄰,樂善三路,,,,,,189號四樓,121.383011909029,25.0472431061708
桃園市龜山區文樂里10鄰樂善三路189號五樓,68,6800700,6800700-000,10鄰,樂善三路,,,,,,189號五樓,121.383011909029,25.0472431061708
桃園市龜山區文樂里10鄰樂善三路189號六樓,68,6800700,6800700-000,10鄰,樂善三路,,,,,,189號六樓,121.383011909029,25.0472431061708
桃園市龜山區文樂里10鄰樂善三路189號七樓,68,6800700,6800700-000,10鄰,樂善三路,,,,,,189號七樓,121.383011909029,25.0472431061708
桃園市龜山區文樂里10鄰樂善三路189號八樓,68,6800700,6800700-000,10鄰,樂善三路,,,,,,189號八樓,121.383011909029,25.0472431061708
桃園市龜山區文樂里10鄰樂善三路189號九樓,68,6800700,6800700-000,10鄰,樂善三路,,,,,,189號九樓,121.383011909029,25.0472431061708
桃園市龜山區文樂里10鄰樂善三路189號十一樓,68,6800700,6800700-000,10鄰,樂善三路,,,,,,189號十一樓,121.383011909029,25.0472431061708
桃園市龜山區文樂里10鄰樂善三路189號十二樓,68,6800700,6800700-000,10鄰,樂善三路,,,,,,189號十二樓,121.383011909029,25.0472431061708
桃園市龜山區文樂里10鄰樂善三路189號十三樓,68,6800700,6800700-000,10鄰,樂善三路,,,,,,189號十三樓,121.383011909029,25.0472431061708
桃園市龜山區文樂里10鄰樂善三路189號十四樓,68,6800700,6800700-000,10鄰,樂善三路,,,,,,189號十四樓,121.383011909029,25.0472431061708
桃園市龜山區文樂里10鄰樂善三路189號十五樓,68,6800700,6800700-000,10鄰,樂善三路,,,,,,189號十五樓,121.383011909029,25.0472431061708
桃園市龜山區文樂里10鄰樂善三路191號十樓,68,6800700,6800700-000,10鄰,樂善三路,,,,,,191號十樓,121.383082741585,25.0472022966562
桃園市龜山區文樂里10鄰樂善三路191號二樓,68,6800700,6800700-000,10鄰,樂善三路,,,,,,191號二樓,121.383082741585,25.0472022966562
桃園市龜山區文樂里10鄰樂善三路191號三樓,68,6800700,6800700-000,10鄰,樂善三路,,,,,,191號三樓,121.383082741585,25.0472022966562
桃園市龜山區文樂里10鄰樂善三路191號四樓,68,6800700,6800700-000,10鄰,樂善三路,,,,,,191號四樓,121.383082741585,25.0472022966562
桃園市龜山區文樂里10鄰樂善三路191號五樓,68,6800700,6800700-000,10鄰,樂善三路,,,,,,191號五樓,121.383082741585,25.0472022966562
桃園市龜山區文樂里10鄰樂善三路191號六樓,68,6800700,6800700-000,10鄰,樂善三路,,,,,,191號六樓,121.383082741585,25.0472022966562
桃園市龜山區文樂里10鄰樂善三路191號七樓,68,6800700,6800700-000,10鄰,樂善三路,,,,,,191號七樓,121.383082741585,25.0472022966562
桃園市龜山區文樂里10鄰樂善三路191號八樓,68,6800700,6800700-000,10鄰,樂善三路,,,,,,191號八樓,121.383082741585,25.0472022966562
桃園市龜山區文樂里10鄰樂善三路191號九樓,68,6800700,6800700-000,10鄰,樂善三路,,,,,,191號九樓,121.383082741585,25.0472022966562
桃園市龜山區文樂里10鄰樂善三路191號十一樓,68,6800700,6800700-000,10鄰,樂善三路,,,,,,191號十一樓,121.383082741585,25.0472022966562
桃園市龜山區文樂里10鄰樂善三路191號十二樓,68,6800700,6800700-000,10鄰,樂善三路,,,,,,191號十二樓,121.383082741585,25.0472022966562
桃園市龜山區文樂里10鄰樂善三路191號十三樓,68,6800700,6800700-000,10鄰,樂善三路,,,,,,191號十三樓,121.383082741585,25.0472022966562
桃園市龜山區文樂里10鄰樂善三路191號十四樓,68,6800700,6800700-000,10鄰,樂善三路,,,,,,191號十四樓,121.383082741585,25.0472022966562
桃園市龜山區文樂里10鄰樂善三路191號十五樓,68,6800700,6800700-000,10鄰,樂善三路,,,,,,191號十五樓,121.383082741585,25.0472022966562
桃園市龜山區樂善里1鄰樂善三路2號十樓,68,6800700,6800700-010,1鄰,樂善三路,,,,,,2號十樓,121.382638397917,25.04932389374
桃園市龜山區樂善里1鄰樂善三路2號三樓,68,6800700,6800700-010,1鄰,樂善三路,,,,,,2號三樓,121.382638397917,25.04932389374
桃園市龜山區樂善里1鄰樂善三路2號四樓,68,6800700,6800700-010,1鄰,樂善三路,,,,,,2號四樓,121.382638397917,25.04932389374
桃園市龜山區樂善里1鄰樂善三路2號五樓,68,6800700,6800700-010,1鄰,樂善三路,,,,,,2號五樓,121.382638397917,25.04932389374
桃園市龜山區樂善里1鄰樂善三路2號六樓,68,6800700,6800700-010,1鄰,樂善三路,,,,,,2號六樓,121.382638397917,25.04932389374
桃園市龜山區樂善里1鄰樂善三路2號七樓,68,6800700,6800700-010,1鄰,樂善三路,,,,,,2號七樓,121.382638397917,25.04932389374
桃園市龜山區樂善里1鄰樂善三路2號八樓,68,6800700,6800700-010,1鄰,樂善三路,,,,,,2號八樓,121.382638397917,25.04932389374
桃園市龜山區樂善里1鄰樂善三路2號九樓,68,6800700,6800700-010,1鄰,樂善三路,,,,,,2號九樓,121.382638397917,25.04932389374
桃園市龜山區樂善里1鄰樂善三路2號十一樓,68,6800700,6800700-010,1鄰,樂善三路,,,,,,2號十一樓,121.382638397917,25.04932389374
桃園市龜山區樂善里1鄰樂善三路2號十二樓,68,6800700,6800700-010,1鄰,樂善三路,,,,,,2號十二樓,121.382638397917,25.04932389374
桃園市龜山區樂善里1鄰樂善三路2號十三樓,68,6800700,6800700-010,1鄰,樂善三路,,,,,,2號十三樓,121.382638397917,25.04932389374
桃園市龜山區樂善里1鄰樂善三路2號十四樓,68,6800700,6800700-010,1鄰,樂善三路,,,,,,2號十四樓,121.382638397917,25.04932389374
桃園市龜山區樂善里1鄰樂善三路2號十五樓,68,6800700,6800700-010,1鄰,樂善三路,,,,,,2號十五樓,121.382638397917,25.04932389374
桃園市龜山區樂善里1鄰樂善三路2號十六樓,68,6800700,6800700-010,1鄰,樂善三路,,,,,,2號十六樓,121.382638397917,25.04932389374
桃園市龜山區樂善里1鄰樂善三路2號十七樓,68,6800700,6800700-010,1鄰,樂善三路,,,,,,2號十七樓,121.382638397917,25.04932389374
桃園市龜山區樂善里1鄰樂善三路2號十八樓,68,6800700,6800700-010,1鄰,樂善三路,,,,,,2號十八樓,121.382638397917,25.04932389374
桃園市龜山區樂善里1鄰樂善三路2號十九樓,68,6800700,6800700-010,1鄰,樂善三路,,,,,,2號十九樓,121.382638397917,25.04932389374
桃園市龜山區樂善里1鄰樂善三路2號二十樓,68,6800700,6800700-010,1鄰,樂善三路,,,,,,2號二十樓,121.382638397917,25.04932389374
桃園市龜山區樂善里1鄰樂善三路2號二十一樓,68,6800700,6800700-010,1鄰,樂善三路,,,,,,2號二十一樓,121.382638397917,25.04932389374
桃園市龜山區樂善里1鄰樂善三路2號二十二樓,68,6800700,6800700-010,1鄰,樂善三路,,,,,,2號二十二樓,121.382638397917,25.04932389374
桃園市龜山區樂善里1鄰樂善三路2號二十三樓,68,6800700,6800700-010,1鄰,樂善三路,,,,,,2號二十三樓,121.382638397917,25.04932389374
桃園市龜山區樂善里1鄰樂善三路2號二十四樓,68,6800700,6800700-010,1鄰,樂善三路,,,,,,2號二十四樓,121.382638397917,25.04932389374
桃園市龜山區樂善里1鄰樂善三路2號二十五樓,68,6800700,6800700-010,1鄰,樂善三路,,,,,,2號二十五樓,121.382638397917,25.04932389374
桃園市龜山區樂善里1鄰樂善三路2號二十六樓,68,6800700,6800700-010,1鄰,樂善三路,,,,,,2號二十六樓,121.382638397917,25.04932389374
桃園市龜山區樂善里1鄰樂善三路2號二十七樓,68,6800700,6800700-010,1鄰,樂善三路,,,,,,2號二十七樓,121.382638397917,25.04932389374
桃園市龜山區樂善里1鄰樂善三路2號二十八樓,68,6800700,6800700-010,1鄰,樂善三路,,,,,,2號二十八樓,121.382638397917,25.04932389374
桃園市龜山區樂善里1鄰樂善三路2號二十九樓,68,6800700,6800700-010,1鄰,樂善三路,,,,,,2號二十九樓,121.382638397917,25.04932389374
桃園市龜山區樂善里1鄰樂善三路2號三十樓,68,6800700,6800700-010,1鄰,樂善三路,,,,,,2號三十樓,121.382638397917,25.04932389374
桃園市龜山區樂善里1鄰樂善三路2號三十一樓,68,6800700,6800700-010,1鄰,樂善三路,,,,,,2號三十一樓,121.382638397917,25.04932389374
桃園市龜山區樂善里1鄰樂善三路6號十樓,68,6800700,6800700-010,1鄰,樂善三路,,,,,,6號十樓,121.382709187053,25.0493005992085
桃園市龜山區樂善里1鄰樂善三路6號三樓,68,6800700,6800700-010,1鄰,樂善三路,,,,,,6號三樓,121.382709187053,25.0493005992085
桃園市龜山區樂善里1鄰樂善三路6號四樓,68,6800700,6800700-010,1鄰,樂善三路,,,,,,6號四樓,121.382709187053,25.0493005992085
桃園市龜山區樂善里1鄰樂善三路6號五樓,68,6800700,6800700-010,1鄰,樂善三路,,,,,,6號五樓,121.382709187053,25.0493005992085
桃園市龜山區樂善里1鄰樂善三路6號六樓,68,6800700,6800700-010,1鄰,樂善三路,,,,,,6號六樓,121.382709187053,25.0493005992085
桃園市龜山區樂善里1鄰樂善三路6號七樓,68,6800700,6800700-010,1鄰,樂善三路,,,,,,6號七樓,121.382709187053,25.0493005992085
桃園市龜山區樂善里1鄰樂善三路6號八樓,68,6800700,6800700-010,1鄰,樂善三路,,,,,,6號八樓,121.382709187053,25.0493005992085
桃園市龜山區樂善里1鄰樂善三路6號九樓,68,6800700,6800700-010,1鄰,樂善三路,,,,,,6號九樓,121.382709187053,25.0493005992085
桃園市龜山區樂善里1鄰樂善三路6號十一樓,68,6800700,6800700-010,1鄰,樂善三路,,,,,,6號十一樓,121.382709187053,25.0493005992085
桃園市龜山區樂善里1鄰樂善三路6號十二樓,68,6800700,6800700-010,1鄰,樂善三路,,,,,,6號十二樓,121.382709187053,25.0493005992085
桃園市龜山區樂善里1鄰樂善三路6號十三樓,68,6800700,6800700-010,1鄰,樂善三路,,,,,,6號十三樓,121.382709187053,25.0493005992085
桃園市龜山區樂善里1鄰樂善三路6號十四樓,68,6800700,6800700-010,1鄰,樂善三路,,,,,,6號十四樓,121.382709187053,25.0493005992085
桃園市龜山區樂善里1鄰樂善三路6號十五樓,68,6800700,6800700-010,1鄰,樂善三路,,,,,,6號十五樓,121.382709187053,25.0493005992085
桃園市龜山區樂善里1鄰樂善三路6號十六樓,68,6800700,6800700-010,1鄰,樂善三路,,,,,,6號十六樓,121.382709187053,25.0493005992085
桃園市龜山區樂善里1鄰樂善三路6號十七樓,68,6800700,6800700-010,1鄰,樂善三路,,,,,,6號十七樓,121.382709187053,25.0493005992085
桃園市龜山區樂善里1鄰樂善三路6號十八樓,68,6800700,6800700-010,1鄰,樂善三路,,,,,,6號十八樓,121.382709187053,25.0493005992085
桃園市龜山區樂善里1鄰樂善三路6號十九樓,68,6800700,6800700-010,1鄰,樂善三路,,,,,,6號十九樓,121.382709187053,25.0493005992085
桃園市龜山區樂善里1鄰樂善三路6號二十樓,68,6800700,6800700-010,1鄰,樂善三路,,,,,,6號二十樓,121.382709187053,25.0493005992085
桃園市龜山區樂善里1鄰樂善三路6號二十一樓,68,6800700,6800700-010,1鄰,樂善三路,,,,,,6號二十一樓,121.382709187053,25.0493005992085
桃園市龜山區樂善里1鄰樂善三路6號二十二樓,68,6800700,6800700-010,1鄰,樂善三路,,,,,,6號二十二樓,121.382709187053,25.0493005992085
桃園市龜山區樂善里1鄰樂善三路6號二十三樓,68,6800700,6800700-010,1鄰,樂善三路,,,,,,6號二十三樓,121.382709187053,25.0493005992085
桃園市龜山區樂善里1鄰樂善三路6號二十四樓,68,6800700,6800700-010,1鄰,樂善三路,,,,,,6號二十四樓,121.382709187053,25.0493005992085
桃園市龜山區樂善里1鄰樂善三路6號二十五樓,68,6800700,6800700-010,1鄰,樂善三路,,,,,,6號二十五樓,121.382709187053,25.0493005992085
桃園市龜山區樂善里1鄰樂善三路6號二十六樓,68,6800700,6800700-010,1鄰,樂善三路,,,,,,6號二十六樓,121.382709187053,25.0493005992085
桃園市龜山區樂善里1鄰樂善三路6號二十七樓,68,6800700,6800700-010,1鄰,樂善三路,,,,,,6號二十七樓,121.382709187053,25.0493005992085
桃園市龜山區樂善里1鄰樂善三路6號二十八樓,68,6800700,6800700-010,1鄰,樂善三路,,,,,,6號二十八樓,121.382709187053,25.0493005992085
桃園市龜山區樂善里1鄰樂善三路6號二十九樓,68,6800700,6800700-010,1鄰,樂善三路,,,,,,6號二十九樓,121.382709187053,25.0493005992085
桃園市龜山區樂善里1鄰樂善三路6號三十樓,68,6800700,6800700-010,1鄰,樂善三路,,,,,,6號三十樓,121.382709187053,25.0493005992085
桃園市龜山區樂善里1鄰樂善三路6號三十一樓,68,6800700,6800700-010,1鄰,樂善三路,,,,,,6號三十一樓,121.382709187053,25.0493005992085
桃園市龜山區樂善里1鄰樂善三路8號十樓,68,6800700,6800700-010,1鄰,樂善三路,,,,,,8號十樓,121.382780017106,25.0492266563767
桃園市龜山區樂善里1鄰樂善三路8號三樓,68,6800700,6800700-010,1鄰,樂善三路,,,,,,8號三樓,121.382780017106,25.0492266563767
桃園市龜山區樂善里1鄰樂善三路8號四樓,68,6800700,6800700-010,1鄰,樂善三路,,,,,,8號四樓,121.382780017106,25.0492266563767
桃園市龜山區樂善里1鄰樂善三路8號五樓,68,6800700,6800700-010,1鄰,樂善三路,,,,,,8號五樓,121.382780017106,25.0492266563767
桃園市龜山區樂善里1鄰樂善三路8號六樓,68,6800700,6800700-010,1鄰,樂善三路,,,,,,8號六樓,121.382780017106,25.0492266563767
桃園市龜山區樂善里1鄰樂善三路8號七樓,68,6800700,6800700-010,1鄰,樂善三路,,,,,,8號七樓,121.382780017106,25.0492266563767
桃園市龜山區樂善里1鄰樂善三路8號八樓,68,6800700,6800700-010,1鄰,樂善三路,,,,,,8號八樓,121.382780017106,25.0492266563767
桃園市龜山區樂善里1鄰樂善三路8號九樓,68,6800700,6800700-010,1鄰,樂善三路,,,,,,8號九樓,121.382780017106,25.0492266563767
桃園市龜山區樂善里1鄰樂善三路8號十一樓,68,6800700,6800700-010,1鄰,樂善三路,,,,,,8號十一樓,121.382780017106,25.0492266563767
桃園市龜山區樂善里1鄰樂善三路8號十二樓,68,6800700,6800700-010,1鄰,樂善三路,,,,,,8號十二樓,121.382780017106,25.0492266563767
桃園市龜山區樂善里1鄰樂善三路8號十三樓,68,6800700,6800700-010,1鄰,樂善三路,,,,,,8號十三樓,121.382780017106,25.0492266563767
桃園市龜山區樂善里1鄰樂善三路8號十四樓,68,6800700,6800700-010,1鄰,樂善三路,,,,,,8號十四樓,121.382780017106,25.0492266563767
桃園市龜山區樂善里1鄰樂善三路8號十五樓,68,6800700,6800700-010,1鄰,樂善三路,,,,,,8號十五樓,121.382780017106,25.0492266563767
桃園市龜山區樂善里1鄰樂善三路8號十六樓,68,6800700,6800700-010,1鄰,樂善三路,,,,,,8號十六樓,121.382780017106,25.0492266563767
桃園市龜山區樂善里1鄰樂善三路8號十七樓,68,6800700,6800700-010,1鄰,樂善三路,,,,,,8號十七樓,121.382780017106,25.0492266563767
桃園市龜山區樂善里1鄰樂善三路8號十八樓,68,6800700,6800700-010,1鄰,樂善三路,,,,,,8號十八樓,121.382780017106,25.0492266563767
桃園市龜山區樂善里1鄰樂善三路8號十九樓,68,6800700,6800700-010,1鄰,樂善三路,,,,,,8號十九樓,121.382780017106,25.0492266563767
桃園市龜山區樂善里1鄰樂善三路8號二十樓,68,6800700,6800700-010,1鄰,樂善三路,,,,,,8號二十樓,121.382780017106,25.0492266563767
桃園市龜山區樂善里1鄰樂善三路8號二十一樓,68,6800700,6800700-010,1鄰,樂善三路,,,,,,8號二十一樓,121.382780017106,25.0492266563767
桃園市龜山區樂善里1鄰樂善三路8號二十二樓,68,6800700,6800700-010,1鄰,樂善三路,,,,,,8號二十二樓,121.382780017106,25.0492266563767
桃園市龜山區樂善里1鄰樂善三路8號二十三樓,68,6800700,6800700-010,1鄰,樂善三路,,,,,,8號二十三樓,121.382780017106,25.0492266563767
桃園市龜山區樂善里1鄰樂善三路8號二十四樓,68,6800700,6800700-010,1鄰,樂善三路,,,,,,8號二十四樓,121.382780017106,25.0492266563767
桃園市龜山區樂善里1鄰樂善三路8號二十五樓,68,6800700,6800700-010,1鄰,樂善三路,,,,,,8號二十五樓,121.382780017106,25.0492266563767
桃園市龜山區樂善里1鄰樂善三路8號二十六樓,68,6800700,6800700-010,1鄰,樂善三路,,,,,,8號二十六樓,121.382780017106,25.0492266563767
桃園市龜山區樂善里1鄰樂善三路8號二十七樓,68,6800700,6800700-010,1鄰,樂善三路,,,,,,8號二十七樓,121.382780017106,25.0492266563767
桃園市龜山區樂善里1鄰樂善三路8號二十八樓,68,6800700,6800700-010,1鄰,樂善三路,,,,,,8號二十八樓,121.382780017106,25.0492266563767
桃園市龜山區樂善里1鄰樂善三路8號二十九樓,68,6800700,6800700-010,1鄰,樂善三路,,,,,,8號二十九樓,121.382780017106,25.0492266563767
桃園市龜山區樂善里1鄰樂善三路8號三十樓,68,6800700,6800700-010,1鄰,樂善三路,,,,,,8號三十樓,121.382780017106,25.0492266563767
桃園市龜山區樂善里1鄰樂善三路8號三十一樓,68,6800700,6800700-010,1鄰,樂善三路,,,,,,8號三十一樓,121.382780017106,25.0492266563767
桃園市龜山區樂善里1鄰樂善三路10號十樓,68,6800700,6800700-010,1鄰,樂善三路,,,,,,10號十樓,121.382765050991,25.0491625044895
桃園市龜山區樂善里1鄰樂善三路10號三樓,68,6800700,6800700-010,1鄰,樂善三路,,,,,,10號三樓,121.382765050991,25.0491625044895
桃園市龜山區樂善里1鄰樂善三路10號四樓,68,6800700,6800700-010,1鄰,樂善三路,,,,,,10號四樓,121.382765050991,25.0491625044895
桃園市龜山區樂善里1鄰樂善三路10號五樓,68,6800700,6800700-010,1鄰,樂善三路,,,,,,10號五樓,121.382765050991,25.0491625044895
桃園市龜山區樂善里1鄰樂善三路10號六樓,68,6800700,6800700-010,1鄰,樂善三路,,,,,,10號六樓,121.382765050991,25.0491625044895
桃園市龜山區樂善里1鄰樂善三路10號七樓,68,6800700,6800700-010,1鄰,樂善三路,,,,,,10號七樓,121.382765050991,25.0491625044895
桃園市龜山區樂善里1鄰樂善三路10號八樓,68,6800700,6800700-010,1鄰,樂善三路,,,,,,10號八樓,121.382765050991,25.0491625044895
桃園市龜山區樂善里1鄰樂善三路10號九樓,68,6800700,6800700-010,1鄰,樂善三路,,,,,,10號九樓,121.382765050991,25.0491625044895
桃園市龜山區樂善里1鄰樂善三路10號十一樓,68,6800700,6800700-010,1鄰,樂善三路,,,,,,10號十一樓,121.382765050991,25.0491625044895
桃園市龜山區樂善里1鄰樂善三路10號十二樓,68,6800700,6800700-010,1鄰,樂善三路,,,,,,10號十二樓,121.382765050991,25.0491625044895
桃園市龜山區樂善里1鄰樂善三路10號十三樓,68,6800700,6800700-010,1鄰,樂善三路,,,,,,10號十三樓,121.382765050991,25.0491625044895
桃園市龜山區樂善里1鄰樂善三路10號十四樓,68,6800700,6800700-010,1鄰,樂善三路,,,,,,10號十四樓,121.382765050991,25.0491625044895
桃園市龜山區樂善里1鄰樂善三路10號十五樓,68,6800700,6800700-010,1鄰,樂善三路,,,,,,10號十五樓,121.382765050991,25.0491625044895
桃園市龜山區樂善里1鄰樂善三路10號十六樓,68,6800700,6800700-010,1鄰,樂善三路,,,,,,10號十六樓,121.382765050991,25.0491625044895
桃園市龜山區樂善里1鄰樂善三路10號十七樓,68,6800700,6800700-010,1鄰,樂善三路,,,,,,10號十七樓,121.382765050991,25.0491625044895
桃園市龜山區樂善里1鄰樂善三路10號十八樓,68,6800700,6800700-010,1鄰,樂善三路,,,,,,10號十八樓,121.382765050991,25.0491625044895
桃園市龜山區樂善里1鄰樂善三路10號十九樓,68,6800700,6800700-010,1鄰,樂善三路,,,,,,10號十九樓,121.382765050991,25.0491625044895
桃園市龜山區樂善里1鄰樂善三路10號二十樓,68,6800700,6800700-010,1鄰,樂善三路,,,,,,10號二十樓,121.382765050991,25.0491625044895
桃園市龜山區樂善里1鄰樂善三路10號二十一樓,68,6800700,6800700-010,1鄰,樂善三路,,,,,,10號二十一樓,121.382765050991,25.0491625044895
桃園市龜山區樂善里1鄰樂善三路10號二十二樓,68,6800700,6800700-010,1鄰,樂善三路,,,,,,10號二十二樓,121.382765050991,25.0491625044895
桃園市龜山區樂善里1鄰樂善三路10號二十三樓,68,6800700,6800700-010,1鄰,樂善三路,,,,,,10號二十三樓,121.382765050991,25.0491625044895
桃園市龜山區樂善里1鄰樂善三路10號二十四樓,68,6800700,6800700-010,1鄰,樂善三路,,,,,,10號二十四樓,121.382765050991,25.0491625044895
桃園市龜山區樂善里1鄰樂善三路10號二十五樓,68,6800700,6800700-010,1鄰,樂善三路,,,,,,10號二十五樓,121.382765050991,25.0491625044895
桃園市龜山區樂善里1鄰樂善三路10號二十六樓,68,6800700,6800700-010,1鄰,樂善三路,,,,,,10號二十六樓,121.382765050991,25.0491625044895
桃園市龜山區樂善里1鄰樂善三路10號二十七樓,68,6800700,6800700-010,1鄰,樂善三路,,,,,,10號二十七樓,121.382765050991,25.0491625044895
桃園市龜山區樂善里1鄰樂善三路10號二十八樓,68,6800700,6800700-010,1鄰,樂善三路,,,,,,10號二十八樓,121.382765050991,25.0491625044895
桃園市龜山區樂善里1鄰樂善三路10號二十九樓,68,6800700,6800700-010,1鄰,樂善三路,,,,,,10號二十九樓,121.382765050991,25.0491625044895
桃園市龜山區樂善里1鄰樂善三路10號三十樓,68,6800700,6800700-010,1鄰,樂善三路,,,,,,10號三十樓,121.382765050991,25.0491625044895
桃園市龜山區樂善里1鄰樂善三路10號三十一樓,68,6800700,6800700-010,1鄰,樂善三路,,,,,,10號三十一樓,121.382765050991,25.0491625044895
桃園市龜山區樂善里1鄰樂善三路12號十樓,68,6800700,6800700-010,1鄰,樂善三路,,,,,,12號十樓,121.382737108178,25.0491003722372
桃園市龜山區樂善里1鄰樂善三路12號三樓,68,6800700,6800700-010,1鄰,樂善三路,,,,,,12號三樓,121.382737108178,25.0491003722372
桃園市龜山區樂善里1鄰樂善三路12號四樓,68,6800700,6800700-010,1鄰,樂善三路,,,,,,12號四樓,121.382737108178,25.0491003722372
桃園市龜山區樂善里1鄰樂善三路12號五樓,68,6800700,6800700-010,1鄰,樂善三路,,,,,,12號五樓,121.382737108178,25.0491003722372
桃園市龜山區樂善里1鄰樂善三路12號六樓,68,6800700,6800700-010,1鄰,樂善三路,,,,,,12號六樓,121.382737108178,25.0491003722372
桃園市龜山區樂善里1鄰樂善三路12號七樓,68,6800700,6800700-010,1鄰,樂善三路,,,,,,12號七樓,121.382737108178,25.0491003722372
桃園市龜山區樂善里1鄰樂善三路12號八樓,68,6800700,6800700-010,1鄰,樂善三路,,,,,,12號八樓,121.382737108178,25.0491003722372
桃園市龜山區樂善里1鄰樂善三路12號九樓,68,6800700,6800700-010,1鄰,樂善三路,,,,,,12號九樓,121.382737108178,25.0491003722372
桃園市龜山區樂善里1鄰樂善三路12號十一樓,68,6800700,6800700-010,1鄰,樂善三路,,,,,,12號十一樓,121.382737108178,25.0491003722372
桃園市龜山區樂善里1鄰樂善三路12號十二樓,68,6800700,6800700-010,1鄰,樂善三路,,,,,,12號十二樓,121.382737108178,25.0491003722372
桃園市龜山區樂善里1鄰樂善三路12號十三樓,68,6800700,6800700-010,1鄰,樂善三路,,,,,,12號十三樓,121.382737108178,25.0491003722372
桃園市龜山區樂善里1鄰樂善三路12號十四樓,68,6800700,6800700-010,1鄰,樂善三路,,,,,,12號十四樓,121.382737108178,25.0491003722372
桃園市龜山區樂善里1鄰樂善三路12號十五樓,68,6800700,6800700-010,1鄰,樂善三路,,,,,,12號十五樓,121.382737108178,25.0491003722372
桃園市龜山區樂善里1鄰樂善三路12號十六樓,68,6800700,6800700-010,1鄰,樂善三路,,,,,,12號十六樓,121.382737108178,25.0491003722372
桃園市龜山區樂善里1鄰樂善三路12號十七樓,68,6800700,6800700-010,1鄰,樂善三路,,,,,,12號十七樓,121.382737108178,25.0491003722372
桃園市龜山區樂善里1鄰樂善三路12號十八樓,68,6800700,6800700-010,1鄰,樂善三路,,,,,,12號十八樓,121.382737108178,25.0491003722372
桃園市龜山區樂善里1鄰樂善三路12號十九樓,68,6800700,6800700-010,1鄰,樂善三路,,,,,,12號十九樓,121.382737108178,25.0491003722372
桃園市龜山區樂善里1鄰樂善三路12號二十樓,68,6800700,6800700-010,1鄰,樂善三路,,,,,,12號二十樓,121.382737108178,25.0491003722372
桃園市龜山區樂善里1鄰樂善三路12號二十一樓,68,6800700,6800700-010,1鄰,樂善三路,,,,,,12號二十一樓,121.382737108178,25.0491003722372
桃園市龜山區樂善里1鄰樂善三路12號二十二樓,68,6800700,6800700-010,1鄰,樂善三路,,,,,,12號二十二樓,121.382737108178,25.0491003722372
桃園市龜山區樂善里1鄰樂善三路12號二十三樓,68,6800700,6800700-010,1鄰,樂善三路,,,,,,12號二十三樓,121.382737108178,25.0491003722372
桃園市龜山區樂善里1鄰樂善三路12號二十四樓,68,6800700,6800700-010,1鄰,樂善三路,,,,,,12號二十四樓,121.382737108178,25.0491003722372
桃園市龜山區樂善里1鄰樂善三路12號二十五樓,68,6800700,6800700-010,1鄰,樂善三路,,,,,,12號二十五樓,121.382737108178,25.0491003722372
桃園市龜山區樂善里1鄰樂善三路12號二十六樓,68,6800700,6800700-010,1鄰,樂善三路,,,,,,12號二十六樓,121.382737108178,25.0491003722372
桃園市龜山區樂善里1鄰樂善三路12號二十七樓,68,6800700,6800700-010,1鄰,樂善三路,,,,,,12號二十七樓,121.382737108178,25.0491003722372
桃園市龜山區樂善里1鄰樂善三路12號二十八樓,68,6800700,6800700-010,1鄰,樂善三路,,,,,,12號二十八樓,121.382737108178,25.0491003722372
桃園市龜山區樂善里1鄰樂善三路12號二十九樓,68,6800700,6800700-010,1鄰,樂善三路,,,,,,12號二十九樓,121.382737108178,25.0491003722372
桃園市龜山區樂善里1鄰樂善三路12號三十樓,68,6800700,6800700-010,1鄰,樂善三路,,,,,,12號三十樓,121.382737108178,25.0491003722372
桃園市龜山區樂善里1鄰樂善三路12號三十一樓,68,6800700,6800700-010,1鄰,樂善三路,,,,,,12號三十一樓,121.382737108178,25.0491003722372
桃園市龜山區樂善里1鄰樂善三路16號十樓,68,6800700,6800700-010,1鄰,樂善三路,,,,,,16號十樓,121.382717805547,25.0490439957627
桃園市龜山區樂善里1鄰樂善三路16號三樓,68,6800700,6800700-010,1鄰,樂善三路,,,,,,16號三樓,121.382717805547,25.0490439957627
桃園市龜山區樂善里1鄰樂善三路16號四樓,68,6800700,6800700-010,1鄰,樂善三路,,,,,,16號四樓,121.382717805547,25.0490439957627
桃園市龜山區樂善里1鄰樂善三路16號五樓,68,6800700,6800700-010,1鄰,樂善三路,,,,,,16號五樓,121.382717805547,25.0490439957627
桃園市龜山區樂善里1鄰樂善三路16號六樓,68,6800700,6800700-010,1鄰,樂善三路,,,,,,16號六樓,121.382717805547,25.0490439957627
桃園市龜山區樂善里1鄰樂善三路16號七樓,68,6800700,6800700-010,1鄰,樂善三路,,,,,,16號七樓,121.382717805547,25.0490439957627
桃園市龜山區樂善里1鄰樂善三路16號八樓,68,6800700,6800700-010,1鄰,樂善三路,,,,,,16號八樓,121.382717805547,25.0490439957627
桃園市龜山區樂善里1鄰樂善三路16號九樓,68,6800700,6800700-010,1鄰,樂善三路,,,,,,16號九樓,121.382717805547,25.0490439957627
桃園市龜山區樂善里1鄰樂善三路16號十一樓,68,6800700,6800700-010,1鄰,樂善三路,,,,,,16號十一樓,121.382717805547,25.0490439957627
桃園市龜山區樂善里1鄰樂善三路16號十二樓,68,6800700,6800700-010,1鄰,樂善三路,,,,,,16號十二樓,121.382717805547,25.0490439957627
桃園市龜山區樂善里1鄰樂善三路16號十三樓,68,6800700,6800700-010,1鄰,樂善三路,,,,,,16號十三樓,121.382717805547,25.0490439957627
桃園市龜山區樂善里1鄰樂善三路16號十四樓,68,6800700,6800700-010,1鄰,樂善三路,,,,,,16號十四樓,121.382717805547,25.0490439957627
桃園市龜山區樂善里1鄰樂善三路16號十五樓,68,6800700,6800700-010,1鄰,樂善三路,,,,,,16號十五樓,121.382717805547,25.0490439957627
桃園市龜山區樂善里1鄰樂善三路16號十六樓,68,6800700,6800700-010,1鄰,樂善三路,,,,,,16號十六樓,121.382717805547,25.0490439957627
桃園市龜山區樂善里1鄰樂善三路16號十七樓,68,6800700,6800700-010,1鄰,樂善三路,,,,,,16號十七樓,121.382717805547,25.0490439957627
桃園市龜山區樂善里1鄰樂善三路16號十八樓,68,6800700,6800700-010,1鄰,樂善三路,,,,,,16號十八樓,121.382717805547,25.0490439957627
桃園市龜山區樂善里1鄰樂善三路16號十九樓,68,6800700,6800700-010,1鄰,樂善三路,,,,,,16號十九樓,121.382717805547,25.0490439957627
桃園市龜山區樂善里1鄰樂善三路16號二十樓,68,6800700,6800700-010,1鄰,樂善三路,,,,,,16號二十樓,121.382717805547,25.0490439957627
桃園市龜山區樂善里1鄰樂善三路16號二十一樓,68,6800700,6800700-010,1鄰,樂善三路,,,,,,16號二十一樓,121.382717805547,25.0490439957627
桃園市龜山區樂善里1鄰樂善三路16號二十二樓,68,6800700,6800700-010,1鄰,樂善三路,,,,,,16號二十二樓,121.382717805547,25.0490439957627
桃園市龜山區樂善里1鄰樂善三路16號二十三樓,68,6800700,6800700-010,1鄰,樂善三路,,,,,,16號二十三樓,121.382717805547,25.0490439957627
桃園市龜山區樂善里1鄰樂善三路18號三樓,68,6800700,6800700-010,1鄰,樂善三路,,,,,,18號三樓,121.38269632849,25.0489895208073
桃園市龜山區樂善里1鄰樂善三路18號四樓,68,6800700,6800700-010,1鄰,樂善三路,,,,,,18號四樓,121.38269632849,25.0489895208073
桃園市龜山區樂善里1鄰樂善三路18號五樓,68,6800700,6800700-010,1鄰,樂善三路,,,,,,18號五樓,121.38269632849,25.0489895208073
桃園市龜山區樂善里1鄰樂善三路18號六樓,68,6800700,6800700-010,1鄰,樂善三路,,,,,,18號六樓,121.38269632849,25.0489895208073
桃園市龜山區樂善里1鄰樂善三路18號七樓,68,6800700,6800700-010,1鄰,樂善三路,,,,,,18號七樓,121.38269632849,25.0489895208073
桃園市龜山區樂善里1鄰樂善三路18號八樓,68,6800700,6800700-010,1鄰,樂善三路,,,,,,18號八樓,121.38269632849,25.0489895208073
桃園市龜山區樂善里1鄰樂善三路18號九樓,68,6800700,6800700-010,1鄰,樂善三路,,,,,,18號九樓,121.38269632849,25.0489895208073
桃園市龜山區樂善里1鄰樂善三路20號三樓,68,6800700,6800700-010,1鄰,樂善三路,,,,,,20號三樓,121.382610523629,25.0490283824999
桃園市龜山區樂善里1鄰樂善三路20號四樓,68,6800700,6800700-010,1鄰,樂善三路,,,,,,20號四樓,121.382610523629,25.0490283824999
桃園市龜山區樂善里1鄰樂善三路20號五樓,68,6800700,6800700-010,1鄰,樂善三路,,,,,,20號五樓,121.382610523629,25.0490283824999
桃園市龜山區樂善里1鄰樂善三路20號六樓,68,6800700,6800700-010,1鄰,樂善三路,,,,,,20號六樓,121.382610523629,25.0490283824999
桃園市龜山區樂善里1鄰樂善三路20號七樓,68,6800700,6800700-010,1鄰,樂善三路,,,,,,20號七樓,121.382610523629,25.0490283824999
桃園市龜山區樂善里1鄰樂善三路20號八樓,68,6800700,6800700-010,1鄰,樂善三路,,,,,,20號八樓,121.382610523629,25.0490283824999
桃園市龜山區樂善里1鄰樂善三路20號九樓,68,6800700,6800700-010,1鄰,樂善三路,,,,,,20號九樓,121.382610523629,25.0490283824999
桃園市龜山區樂善里1鄰樂善三路22號十樓,68,6800700,6800700-010,1鄰,樂善三路,,,,,,22號十樓,121.382642686163,25.0490770519003
桃園市龜山區樂善里1鄰樂善三路22號三樓,68,6800700,6800700-010,1鄰,樂善三路,,,,,,22號三樓,121.382642686163,25.0490770519003
桃園市龜山區樂善里1鄰樂善三路22號四樓,68,6800700,6800700-010,1鄰,樂善三路,,,,,,22號四樓,121.382642686163,25.0490770519003
桃園市龜山區樂善里1鄰樂善三路22號五樓,68,6800700,6800700-010,1鄰,樂善三路,,,,,,22號五樓,121.382642686163,25.0490770519003
桃園市龜山區樂善里1鄰樂善三路22號六樓,68,6800700,6800700-010,1鄰,樂善三路,,,,,,22號六樓,121.382642686163,25.0490770519003
桃園市龜山區樂善里1鄰樂善三路22號七樓,68,6800700,6800700-010,1鄰,樂善三路,,,,,,22號七樓,121.382642686163,25.0490770519003
桃園市龜山區樂善里1鄰樂善三路22號八樓,68,6800700,6800700-010,1鄰,樂善三路,,,,,,22號八樓,121.382642686163,25.0490770519003
桃園市龜山區樂善里1鄰樂善三路22號九樓,68,6800700,6800700-010,1鄰,樂善三路,,,,,,22號九樓,121.382642686163,25.0490770519003
桃園市龜山區樂善里1鄰樂善三路22號十一樓,68,6800700,6800700-010,1鄰,樂善三路,,,,,,22號十一樓,121.382642686163,25.0490770519003
桃園市龜山區樂善里1鄰樂善三路22號十二樓,68,6800700,6800700-010,1鄰,樂善三路,,,,,,22號十二樓,121.382642686163,25.0490770519003
桃園市龜山區樂善里1鄰樂善三路22號十三樓,68,6800700,6800700-010,1鄰,樂善三路,,,,,,22號十三樓,121.382642686163,25.0490770519003
桃園市龜山區樂善里1鄰樂善三路22號十四樓,68,6800700,6800700-010,1鄰,樂善三路,,,,,,22號十四樓,121.382642686163,25.0490770519003
桃園市龜山區樂善里1鄰樂善三路22號十五樓,68,6800700,6800700-010,1鄰,樂善三路,,,,,,22號十五樓,121.382642686163,25.0490770519003
桃園市龜山區樂善里1鄰樂善三路22號十六樓,68,6800700,6800700-010,1鄰,樂善三路,,,,,,22號十六樓,121.382642686163,25.0490770519003
桃園市龜山區樂善里1鄰樂善三路22號十七樓,68,6800700,6800700-010,1鄰,樂善三路,,,,,,22號十七樓,121.382642686163,25.0490770519003
桃園市龜山區樂善里1鄰樂善三路22號十八樓,68,6800700,6800700-010,1鄰,樂善三路,,,,,,22號十八樓,121.382642686163,25.0490770519003
桃園市龜山區樂善里1鄰樂善三路22號十九樓,68,6800700,6800700-010,1鄰,樂善三路,,,,,,22號十九樓,121.382642686163,25.0490770519003
桃園市龜山區樂善里1鄰樂善三路22號二十樓,68,6800700,6800700-010,1鄰,樂善三路,,,,,,22號二十樓,121.382642686163,25.0490770519003
桃園市龜山區樂善里1鄰樂善三路22號二十一樓,68,6800700,6800700-010,1鄰,樂善三路,,,,,,22號二十一樓,121.382642686163,25.0490770519003
桃園市龜山區樂善里1鄰樂善三路22號二十二樓,68,6800700,6800700-010,1鄰,樂善三路,,,,,,22號二十二樓,121.382642686163,25.0490770519003
桃園市龜山區樂善里1鄰樂善三路22號二十三樓,68,6800700,6800700-010,1鄰,樂善三路,,,,,,22號二十三樓,121.382642686163,25.0490770519003
桃園市龜山區樂善里1鄰樂善三路26號十樓,68,6800700,6800700-010,1鄰,樂善三路,,,,,,26號十樓,121.382670592769,25.0491275378953
桃園市龜山區樂善里1鄰樂善三路26號三樓,68,6800700,6800700-010,1鄰,樂善三路,,,,,,26號三樓,121.382670592769,25.0491275378953
桃園市龜山區樂善里1鄰樂善三路26號四樓,68,6800700,6800700-010,1鄰,樂善三路,,,,,,26號四樓,121.382670592769,25.0491275378953
桃園市龜山區樂善里1鄰樂善三路26號五樓,68,6800700,6800700-010,1鄰,樂善三路,,,,,,26號五樓,121.382670592769,25.0491275378953
桃園市龜山區樂善里1鄰樂善三路26號六樓,68,6800700,6800700-010,1鄰,樂善三路,,,,,,26號六樓,121.382670592769,25.0491275378953
桃園市龜山區樂善里1鄰樂善三路26號七樓,68,6800700,6800700-010,1鄰,樂善三路,,,,,,26號七樓,121.382670592769,25.0491275378953
桃園市龜山區樂善里1鄰樂善三路26號八樓,68,6800700,6800700-010,1鄰,樂善三路,,,,,,26號八樓,121.382670592769,25.0491275378953
桃園市龜山區樂善里1鄰樂善三路26號九樓,68,6800700,6800700-010,1鄰,樂善三路,,,,,,26號九樓,121.382670592769,25.0491275378953
桃園市龜山區樂善里1鄰樂善三路26號十一樓,68,6800700,6800700-010,1鄰,樂善三路,,,,,,26號十一樓,121.382670592769,25.0491275378953
桃園市龜山區樂善里1鄰樂善三路26號十二樓,68,6800700,6800700-010,1鄰,樂善三路,,,,,,26號十二樓,121.382670592769,25.0491275378953
桃園市龜山區樂善里1鄰樂善三路26號十三樓,68,6800700,6800700-010,1鄰,樂善三路,,,,,,26號十三樓,121.382670592769,25.0491275378953
桃園市龜山區樂善里1鄰樂善三路26號十四樓,68,6800700,6800700-010,1鄰,樂善三路,,,,,,26號十四樓,121.382670592769,25.0491275378953
桃園市龜山區樂善里1鄰樂善三路26號十五樓,68,6800700,6800700-010,1鄰,樂善三路,,,,,,26號十五樓,121.382670592769,25.0491275378953
桃園市龜山區樂善里1鄰樂善三路26號十六樓,68,6800700,6800700-010,1鄰,樂善三路,,,,,,26號十六樓,121.382670592769,25.0491275378953
桃園市龜山區樂善里1鄰樂善三路26號十七樓,68,6800700,6800700-010,1鄰,樂善三路,,,,,,26號十七樓,121.382670592769,25.0491275378953
桃園市龜山區樂善里1鄰樂善三路26號十八樓,68,6800700,6800700-010,1鄰,樂善三路,,,,,,26號十八樓,121.382670592769,25.0491275378953
桃園市龜山區樂善里1鄰樂善三路26號十九樓,68,6800700,6800700-010,1鄰,樂善三路,,,,,,26號十九樓,121.382670592769,25.0491275378953
桃園市龜山區樂善里1鄰樂善三路26號二十樓,68,6800700,6800700-010,1鄰,樂善三路,,,,,,26號二十樓,121.382670592769,25.0491275378953
桃園市龜山區樂善里1鄰樂善三路26號二十一樓,68,6800700,6800700-010,1鄰,樂善三路,,,,,,26號二十一樓,121.382670592769,25.0491275378953
桃園市龜山區樂善里1鄰樂善三路26號二十二樓,68,6800700,6800700-010,1鄰,樂善三路,,,,,,26號二十二樓,121.382670592769,25.0491275378953
桃園市龜山區樂善里1鄰樂善三路26號二十三樓,68,6800700,6800700-010,1鄰,樂善三路,,,,,,26號二十三樓,121.382670592769,25.0491275378953
桃園市龜山區樂善里1鄰樂善三路26號二十四樓,68,6800700,6800700-010,1鄰,樂善三路,,,,,,26號二十四樓,121.382670592769,25.0491275378953
桃園市龜山區樂善里1鄰樂善三路26號二十五樓,68,6800700,6800700-010,1鄰,樂善三路,,,,,,26號二十五樓,121.382670592769,25.0491275378953
桃園市龜山區樂善里1鄰樂善三路26號二十六樓,68,6800700,6800700-010,1鄰,樂善三路,,,,,,26號二十六樓,121.382670592769,25.0491275378953
桃園市龜山區樂善里1鄰樂善三路26號二十七樓,68,6800700,6800700-010,1鄰,樂善三路,,,,,,26號二十七樓,121.382670592769,25.0491275378953
桃園市龜山區樂善里1鄰樂善三路26號二十八樓,68,6800700,6800700-010,1鄰,樂善三路,,,,,,26號二十八樓,121.382670592769,25.0491275378953
桃園市龜山區樂善里1鄰樂善三路26號二十九樓,68,6800700,6800700-010,1鄰,樂善三路,,,,,,26號二十九樓,121.382670592769,25.0491275378953
桃園市龜山區樂善里1鄰樂善三路26號三十樓,68,6800700,6800700-010,1鄰,樂善三路,,,,,,26號三十樓,121.382670592769,25.0491275378953
桃園市龜山區樂善里1鄰樂善三路26號三十一樓,68,6800700,6800700-010,1鄰,樂善三路,,,,,,26號三十一樓,121.382670592769,25.0491275378953
桃園市龜山區樂善里1鄰樂善三路28號十樓,68,6800700,6800700-010,1鄰,樂善三路,,,,,,28號十樓,121.382702785343,25.0491858673706
桃園市龜山區樂善里1鄰樂善三路28號四樓,68,6800700,6800700-010,1鄰,樂善三路,,,,,,28號四樓,121.382702785343,25.0491858673706
桃園市龜山區樂善里1鄰樂善三路28號五樓,68,6800700,6800700-010,1鄰,樂善三路,,,,,,28號五樓,121.382702785343,25.0491858673706
桃園市龜山區樂善里1鄰樂善三路28號六樓,68,6800700,6800700-010,1鄰,樂善三路,,,,,,28號六樓,121.382702785343,25.0491858673706
桃園市龜山區樂善里1鄰樂善三路28號七樓,68,6800700,6800700-010,1鄰,樂善三路,,,,,,28號七樓,121.382702785343,25.0491858673706
桃園市龜山區樂善里1鄰樂善三路28號八樓,68,6800700,6800700-010,1鄰,樂善三路,,,,,,28號八樓,121.382702785343,25.0491858673706
桃園市龜山區樂善里1鄰樂善三路28號九樓,68,6800700,6800700-010,1鄰,樂善三路,,,,,,28號九樓,121.382702785343,25.0491858673706
桃園市龜山區樂善里1鄰樂善三路28號十一樓,68,6800700,6800700-010,1鄰,樂善三路,,,,,,28號十一樓,121.382702785343,25.0491858673706
桃園市龜山區樂善里1鄰樂善三路28號十二樓,68,6800700,6800700-010,1鄰,樂善三路,,,,,,28號十二樓,121.382702785343,25.0491858673706
桃園市龜山區樂善里1鄰樂善三路28號十三樓,68,6800700,6800700-010,1鄰,樂善三路,,,,,,28號十三樓,121.382702785343,25.0491858673706
桃園市龜山區樂善里1鄰樂善三路28號十四樓,68,6800700,6800700-010,1鄰,樂善三路,,,,,,28號十四樓,121.382702785343,25.0491858673706
桃園市龜山區樂善里1鄰樂善三路28號十五樓,68,6800700,6800700-010,1鄰,樂善三路,,,,,,28號十五樓,121.382702785343,25.0491858673706
桃園市龜山區樂善里1鄰樂善三路28號十六樓,68,6800700,6800700-010,1鄰,樂善三路,,,,,,28號十六樓,121.382702785343,25.0491858673706
桃園市龜山區樂善里1鄰樂善三路28號十七樓,68,6800700,6800700-010,1鄰,樂善三路,,,,,,28號十七樓,121.382702785343,25.0491858673706
桃園市龜山區樂善里1鄰樂善三路28號十八樓,68,6800700,6800700-010,1鄰,樂善三路,,,,,,28號十八樓,121.382702785343,25.0491858673706
桃園市龜山區樂善里1鄰樂善三路28號十九樓,68,6800700,6800700-010,1鄰,樂善三路,,,,,,28號十九樓,121.382702785343,25.0491858673706
桃園市龜山區樂善里1鄰樂善三路28號二十樓,68,6800700,6800700-010,1鄰,樂善三路,,,,,,28號二十樓,121.382702785343,25.0491858673706
桃園市龜山區樂善里1鄰樂善三路28號二十一樓,68,6800700,6800700-010,1鄰,樂善三路,,,,,,28號二十一樓,121.382702785343,25.0491858673706
桃園市龜山區樂善里1鄰樂善三路28號二十二樓,68,6800700,6800700-010,1鄰,樂善三路,,,,,,28號二十二樓,121.382702785343,25.0491858673706
桃園市龜山區樂善里1鄰樂善三路28號二十三樓,68,6800700,6800700-010,1鄰,樂善三路,,,,,,28號二十三樓,121.382702785343,25.0491858673706
桃園市龜山區樂善里1鄰樂善三路28號二十四樓,68,6800700,6800700-010,1鄰,樂善三路,,,,,,28號二十四樓,121.382702785343,25.0491858673706
桃園市龜山區樂善里1鄰樂善三路28號二十五樓,68,6800700,6800700-010,1鄰,樂善三路,,,,,,28號二十五樓,121.382702785343,25.0491858673706
桃園市龜山區樂善里1鄰樂善三路28號二十六樓,68,6800700,6800700-010,1鄰,樂善三路,,,,,,28號二十六樓,121.382702785343,25.0491858673706
桃園市龜山區樂善里1鄰樂善三路28號二十七樓,68,6800700,6800700-010,1鄰,樂善三路,,,,,,28號二十七樓,121.382702785343,25.0491858673706
桃園市龜山區樂善里1鄰樂善三路28號二十八樓,68,6800700,6800700-010,1鄰,樂善三路,,,,,,28號二十八樓,121.382702785343,25.0491858673706
桃園市龜山區樂善里1鄰樂善三路28號二十九樓,68,6800700,6800700-010,1鄰,樂善三路,,,,,,28號二十九樓,121.382702785343,25.0491858673706
桃園市龜山區樂善里1鄰樂善三路28號三十樓,68,6800700,6800700-010,1鄰,樂善三路,,,,,,28號三十樓,121.382702785343,25.0491858673706
桃園市龜山區樂善里1鄰樂善三路28號三十一樓,68,6800700,6800700-010,1鄰,樂善三路,,,,,,28號三十一樓,121.382702785343,25.0491858673706
桃園市龜山區樂善里1鄰樂善三路30號十樓,68,6800700,6800700-010,1鄰,樂善三路,,,,,,30號十樓,121.382616947654,25.0492461259688
桃園市龜山區樂善里1鄰樂善三路30號三樓,68,6800700,6800700-010,1鄰,樂善三路,,,,,,30號三樓,121.382616947654,25.0492461259688
桃園市龜山區樂善里1鄰樂善三路30號四樓,68,6800700,6800700-010,1鄰,樂善三路,,,,,,30號四樓,121.382616947654,25.0492461259688
桃園市龜山區樂善里1鄰樂善三路30號五樓,68,6800700,6800700-010,1鄰,樂善三路,,,,,,30號五樓,121.382616947654,25.0492461259688
桃園市龜山區樂善里1鄰樂善三路30號六樓,68,6800700,6800700-010,1鄰,樂善三路,,,,,,30號六樓,121.382616947654,25.0492461259688
桃園市龜山區樂善里1鄰樂善三路30號七樓,68,6800700,6800700-010,1鄰,樂善三路,,,,,,30號七樓,121.382616947654,25.0492461259688
桃園市龜山區樂善里1鄰樂善三路30號八樓,68,6800700,6800700-010,1鄰,樂善三路,,,,,,30號八樓,121.382616947654,25.0492461259688
桃園市龜山區樂善里1鄰樂善三路30號九樓,68,6800700,6800700-010,1鄰,樂善三路,,,,,,30號九樓,121.382616947654,25.0492461259688
桃園市龜山區樂善里1鄰樂善三路30號十一樓,68,6800700,6800700-010,1鄰,樂善三路,,,,,,30號十一樓,121.382616947654,25.0492461259688
桃園市龜山區樂善里1鄰樂善三路30號十二樓,68,6800700,6800700-010,1鄰,樂善三路,,,,,,30號十二樓,121.382616947654,25.0492461259688
桃園市龜山區樂善里1鄰樂善三路30號十三樓,68,6800700,6800700-010,1鄰,樂善三路,,,,,,30號十三樓,121.382616947654,25.0492461259688
桃園市龜山區樂善里1鄰樂善三路30號十四樓,68,6800700,6800700-010,1鄰,樂善三路,,,,,,30號十四樓,121.382616947654,25.0492461259688
桃園市龜山區樂善里1鄰樂善三路30號十五樓,68,6800700,6800700-010,1鄰,樂善三路,,,,,,30號十五樓,121.382616947654,25.0492461259688
桃園市龜山區樂善里1鄰樂善三路30號十六樓,68,6800700,6800700-010,1鄰,樂善三路,,,,,,30號十六樓,121.382616947654,25.0492461259688
桃園市龜山區樂善里1鄰樂善三路30號十七樓,68,6800700,6800700-010,1鄰,樂善三路,,,,,,30號十七樓,121.382616947654,25.0492461259688
桃園市龜山區樂善里1鄰樂善三路30號十八樓,68,6800700,6800700-010,1鄰,樂善三路,,,,,,30號十八樓,121.382616947654,25.0492461259688
桃園市龜山區樂善里1鄰樂善三路30號十九樓,68,6800700,6800700-010,1鄰,樂善三路,,,,,,30號十九樓,121.382616947654,25.0492461259688
桃園市龜山區樂善里1鄰樂善三路30號二十樓,68,6800700,6800700-010,1鄰,樂善三路,,,,,,30號二十樓,121.382616947654,25.0492461259688
桃園市龜山區樂善里1鄰樂善三路30號二十一樓,68,6800700,6800700-010,1鄰,樂善三路,,,,,,30號二十一樓,121.382616947654,25.0492461259688
桃園市龜山區樂善里1鄰樂善三路30號二十二樓,68,6800700,6800700-010,1鄰,樂善三路,,,,,,30號二十二樓,121.382616947654,25.0492461259688
桃園市龜山區樂善里1鄰樂善三路30號二十三樓,68,6800700,6800700-010,1鄰,樂善三路,,,,,,30號二十三樓,121.382616947654,25.0492461259688
桃園市龜山區樂善里1鄰樂善三路30號二十四樓,68,6800700,6800700-010,1鄰,樂善三路,,,,,,30號二十四樓,121.382616947654,25.0492461259688
桃園市龜山區樂善里1鄰樂善三路30號二十五樓,68,6800700,6800700-010,1鄰,樂善三路,,,,,,30號二十五樓,121.382616947654,25.0492461259688
桃園市龜山區樂善里1鄰樂善三路30號二十六樓,68,6800700,6800700-010,1鄰,樂善三路,,,,,,30號二十六樓,121.382616947654,25.0492461259688
桃園市龜山區樂善里1鄰樂善三路30號二十七樓,68,6800700,6800700-010,1鄰,樂善三路,,,,,,30號二十七樓,121.382616947654,25.0492461259688
桃園市龜山區樂善里1鄰樂善三路30號二十八樓,68,6800700,6800700-010,1鄰,樂善三路,,,,,,30號二十八樓,121.382616947654,25.0492461259688
桃園市龜山區樂善里1鄰樂善三路30號二十九樓,68,6800700,6800700-010,1鄰,樂善三路,,,,,,30號二十九樓,121.382616947654,25.0492461259688
桃園市龜山區樂善里1鄰樂善三路30號三十樓,68,6800700,6800700-010,1鄰,樂善三路,,,,,,30號三十樓,121.382616947654,25.0492461259688
桃園市龜山區樂善里1鄰樂善三路30號三十一樓,68,6800700,6800700-010,1鄰,樂善三路,,,,,,30號三十一樓,121.382616947654,25.0492461259688
桃園市龜山區樂善里1鄰樂善三路32號十樓,68,6800700,6800700-010,1鄰,樂善三路,,,,,,32號十樓,121.382533223818,25.0492849822572
桃園市龜山區樂善里1鄰樂善三路32號三樓,68,6800700,6800700-010,1鄰,樂善三路,,,,,,32號三樓,121.382533223818,25.0492849822572
桃園市龜山區樂善里1鄰樂善三路32號四樓,68,6800700,6800700-010,1鄰,樂善三路,,,,,,32號四樓,121.382533223818,25.0492849822572
桃園市龜山區樂善里1鄰樂善三路32號五樓,68,6800700,6800700-010,1鄰,樂善三路,,,,,,32號五樓,121.382533223818,25.0492849822572
桃園市龜山區樂善里1鄰樂善三路32號六樓,68,6800700,6800700-010,1鄰,樂善三路,,,,,,32號六樓,121.382533223818,25.0492849822572
桃園市龜山區樂善里1鄰樂善三路32號七樓,68,6800700,6800700-010,1鄰,樂善三路,,,,,,32號七樓,121.382533223818,25.0492849822572
桃園市龜山區樂善里1鄰樂善三路32號八樓,68,6800700,6800700-010,1鄰,樂善三路,,,,,,32號八樓,121.382533223818,25.0492849822572
桃園市龜山區樂善里1鄰樂善三路32號九樓,68,6800700,6800700-010,1鄰,樂善三路,,,,,,32號九樓,121.382533223818,25.0492849822572
桃園市龜山區樂善里1鄰樂善三路32號十一樓,68,6800700,6800700-010,1鄰,樂善三路,,,,,,32號十一樓,121.382533223818,25.0492849822572
桃園市龜山區樂善里1鄰樂善三路32號十二樓,68,6800700,6800700-010,1鄰,樂善三路,,,,,,32號十二樓,121.382533223818,25.0492849822572
桃園市龜山區樂善里1鄰樂善三路32號十三樓,68,6800700,6800700-010,1鄰,樂善三路,,,,,,32號十三樓,121.382533223818,25.0492849822572
桃園市龜山區樂善里1鄰樂善三路32號十四樓,68,6800700,6800700-010,1鄰,樂善三路,,,,,,32號十四樓,121.382533223818,25.0492849822572
桃園市龜山區樂善里1鄰樂善三路32號十五樓,68,6800700,6800700-010,1鄰,樂善三路,,,,,,32號十五樓,121.382533223818,25.0492849822572
桃園市龜山區樂善里1鄰樂善三路32號十六樓,68,6800700,6800700-010,1鄰,樂善三路,,,,,,32號十六樓,121.382533223818,25.0492849822572
桃園市龜山區樂善里1鄰樂善三路32號十七樓,68,6800700,6800700-010,1鄰,樂善三路,,,,,,32號十七樓,121.382533223818,25.0492849822572
桃園市龜山區樂善里1鄰樂善三路32號十八樓,68,6800700,6800700-010,1鄰,樂善三路,,,,,,32號十八樓,121.382533223818,25.0492849822572
桃園市龜山區樂善里1鄰樂善三路32號十九樓,68,6800700,6800700-010,1鄰,樂善三路,,,,,,32號十九樓,121.382533223818,25.0492849822572
桃園市龜山區樂善里1鄰樂善三路32號二十樓,68,6800700,6800700-010,1鄰,樂善三路,,,,,,32號二十樓,121.382533223818,25.0492849822572
桃園市龜山區樂善里1鄰樂善三路32號二十一樓,68,6800700,6800700-010,1鄰,樂善三路,,,,,,32號二十一樓,121.382533223818,25.0492849822572
桃園市龜山區樂善里1鄰樂善三路32號二十二樓,68,6800700,6800700-010,1鄰,樂善三路,,,,,,32號二十二樓,121.382533223818,25.0492849822572
桃園市龜山區樂善里1鄰樂善三路32號二十三樓,68,6800700,6800700-010,1鄰,樂善三路,,,,,,32號二十三樓,121.382533223818,25.0492849822572
桃園市龜山區樂善里1鄰樂善三路32號二十四樓,68,6800700,6800700-010,1鄰,樂善三路,,,,,,32號二十四樓,121.382533223818,25.0492849822572
桃園市龜山區樂善里1鄰樂善三路32號二十五樓,68,6800700,6800700-010,1鄰,樂善三路,,,,,,32號二十五樓,121.382533223818,25.0492849822572
桃園市龜山區樂善里1鄰樂善三路32號二十六樓,68,6800700,6800700-010,1鄰,樂善三路,,,,,,32號二十六樓,121.382533223818,25.0492849822572
桃園市龜山區樂善里1鄰樂善三路32號二十七樓,68,6800700,6800700-010,1鄰,樂善三路,,,,,,32號二十七樓,121.382533223818,25.0492849822572
桃園市龜山區樂善里1鄰樂善三路32號二十八樓,68,6800700,6800700-010,1鄰,樂善三路,,,,,,32號二十八樓,121.382533223818,25.0492849822572
桃園市龜山區樂善里1鄰樂善三路32號二十九樓,68,6800700,6800700-010,1鄰,樂善三路,,,,,,32號二十九樓,121.382533223818,25.0492849822572
桃園市龜山區樂善里1鄰樂善三路32號三十樓,68,6800700,6800700-010,1鄰,樂善三路,,,,,,32號三十樓,121.382533223818,25.0492849822572
桃園市龜山區樂善里1鄰樂善三路32號三十一樓,68,6800700,6800700-010,1鄰,樂善三路,,,,,,32號三十一樓,121.382533223818,25.0492849822572
桃園市龜山區樂善里1鄰樂善三路36號十樓,68,6800700,6800700-010,1鄰,樂善三路,,,,,,36號十樓,121.382385253882,25.0492519589106
桃園市龜山區樂善里1鄰樂善三路36號四樓,68,6800700,6800700-010,1鄰,樂善三路,,,,,,36號四樓,121.382385253882,25.0492519589106
桃園市龜山區樂善里1鄰樂善三路36號五樓,68,6800700,6800700-010,1鄰,樂善三路,,,,,,36號五樓,121.382385253882,25.0492519589106
桃園市龜山區樂善里1鄰樂善三路36號六樓,68,6800700,6800700-010,1鄰,樂善三路,,,,,,36號六樓,121.382385253882,25.0492519589106
桃園市龜山區樂善里1鄰樂善三路36號七樓,68,6800700,6800700-010,1鄰,樂善三路,,,,,,36號七樓,121.382385253882,25.0492519589106
桃園市龜山區樂善里1鄰樂善三路36號八樓,68,6800700,6800700-010,1鄰,樂善三路,,,,,,36號八樓,121.382385253882,25.0492519589106
桃園市龜山區樂善里1鄰樂善三路36號九樓,68,6800700,6800700-010,1鄰,樂善三路,,,,,,36號九樓,121.382385253882,25.0492519589106
桃園市龜山區樂善里1鄰樂善三路36號十一樓,68,6800700,6800700-010,1鄰,樂善三路,,,,,,36號十一樓,121.382385253882,25.0492519589106
桃園市龜山區樂善里1鄰樂善三路36號十二樓,68,6800700,6800700-010,1鄰,樂善三路,,,,,,36號十二樓,121.382385253882,25.0492519589106
桃園市龜山區樂善里1鄰樂善三路36號十三樓,68,6800700,6800700-010,1鄰,樂善三路,,,,,,36號十三樓,121.382385253882,25.0492519589106
桃園市龜山區樂善里1鄰樂善三路36號十四樓,68,6800700,6800700-010,1鄰,樂善三路,,,,,,36號十四樓,121.382385253882,25.0492519589106
桃園市龜山區樂善里1鄰樂善三路36號十五樓,68,6800700,6800700-010,1鄰,樂善三路,,,,,,36號十五樓,121.382385253882,25.0492519589106
桃園市龜山區樂善里1鄰樂善三路36號十六樓,68,6800700,6800700-010,1鄰,樂善三路,,,,,,36號十六樓,121.382385253882,25.0492519589106
桃園市龜山區樂善里1鄰樂善三路36號十七樓,68,6800700,6800700-010,1鄰,樂善三路,,,,,,36號十七樓,121.382385253882,25.0492519589106
桃園市龜山區樂善里1鄰樂善三路36號十八樓,68,6800700,6800700-010,1鄰,樂善三路,,,,,,36號十八樓,121.382385253882,25.0492519589106
桃園市龜山區樂善里1鄰樂善三路36號十九樓,68,6800700,6800700-010,1鄰,樂善三路,,,,,,36號十九樓,121.382385253882,25.0492519589106
桃園市龜山區樂善里1鄰樂善三路36號二十樓,68,6800700,6800700-010,1鄰,樂善三路,,,,,,36號二十樓,121.382385253882,25.0492519589106
桃園市龜山區樂善里1鄰樂善三路36號二十一樓,68,6800700,6800700-010,1鄰,樂善三路,,,,,,36號二十一樓,121.382385253882,25.0492519589106
桃園市龜山區樂善里1鄰樂善三路36號二十二樓,68,6800700,6800700-010,1鄰,樂善三路,,,,,,36號二十二樓,121.382385253882,25.0492519589106
桃園市龜山區樂善里1鄰樂善三路36號二十三樓,68,6800700,6800700-010,1鄰,樂善三路,,,,,,36號二十三樓,121.382385253882,25.0492519589106
桃園市龜山區樂善里1鄰樂善三路36號二十四樓,68,6800700,6800700-010,1鄰,樂善三路,,,,,,36號二十四樓,121.382385253882,25.0492519589106
桃園市龜山區樂善里1鄰樂善三路36號二十五樓,68,6800700,6800700-010,1鄰,樂善三路,,,,,,36號二十五樓,121.382385253882,25.0492519589106
桃園市龜山區樂善里1鄰樂善三路36號二十六樓,68,6800700,6800700-010,1鄰,樂善三路,,,,,,36號二十六樓,121.382385253882,25.0492519589106
桃園市龜山區樂善里1鄰樂善三路36號二十七樓,68,6800700,6800700-010,1鄰,樂善三路,,,,,,36號二十七樓,121.382385253882,25.0492519589106
桃園市龜山區樂善里1鄰樂善三路36號二十八樓,68,6800700,6800700-010,1鄰,樂善三路,,,,,,36號二十八樓,121.382385253882,25.0492519589106
桃園市龜山區樂善里1鄰樂善三路36號二十九樓,68,6800700,6800700-010,1鄰,樂善三路,,,,,,36號二十九樓,121.382385253882,25.0492519589106
桃園市龜山區樂善里1鄰樂善三路36號三十樓,68,6800700,6800700-010,1鄰,樂善三路,,,,,,36號三十樓,121.382385253882,25.0492519589106
桃園市龜山區樂善里1鄰樂善三路36號三十一樓,68,6800700,6800700-010,1鄰,樂善三路,,,,,,36號三十一樓,121.382385253882,25.0492519589106
桃園市龜山區樂善里1鄰樂善三路38號十樓,68,6800700,6800700-010,1鄰,樂善三路,,,,,,38號十樓,121.382370137923,25.0492033358597
桃園市龜山區樂善里1鄰樂善三路38號三樓,68,6800700,6800700-010,1鄰,樂善三路,,,,,,38號三樓,121.382370137923,25.0492033358597
桃園市龜山區樂善里1鄰樂善三路38號四樓,68,6800700,6800700-010,1鄰,樂善三路,,,,,,38號四樓,121.382370137923,25.0492033358597
桃園市龜山區樂善里1鄰樂善三路38號五樓,68,6800700,6800700-010,1鄰,樂善三路,,,,,,38號五樓,121.382370137923,25.0492033358597
桃園市龜山區樂善里1鄰樂善三路38號六樓,68,6800700,6800700-010,1鄰,樂善三路,,,,,,38號六樓,121.382370137923,25.0492033358597
桃園市龜山區樂善里1鄰樂善三路38號七樓,68,6800700,6800700-010,1鄰,樂善三路,,,,,,38號七樓,121.382370137923,25.0492033358597
桃園市龜山區樂善里1鄰樂善三路38號八樓,68,6800700,6800700-010,1鄰,樂善三路,,,,,,38號八樓,121.382370137923,25.0492033358597
桃園市龜山區樂善里1鄰樂善三路38號九樓,68,6800700,6800700-010,1鄰,樂善三路,,,,,,38號九樓,121.382370137923,25.0492033358597
桃園市龜山區樂善里1鄰樂善三路38號十一樓,68,6800700,6800700-010,1鄰,樂善三路,,,,,,38號十一樓,121.382370137923,25.0492033358597
桃園市龜山區樂善里1鄰樂善三路38號十二樓,68,6800700,6800700-010,1鄰,樂善三路,,,,,,38號十二樓,121.382370137923,25.0492033358597
桃園市龜山區樂善里1鄰樂善三路38號十三樓,68,6800700,6800700-010,1鄰,樂善三路,,,,,,38號十三樓,121.382370137923,25.0492033358597
桃園市龜山區樂善里1鄰樂善三路38號十四樓,68,6800700,6800700-010,1鄰,樂善三路,,,,,,38號十四樓,121.382370137923,25.0492033358597
桃園市龜山區樂善里1鄰樂善三路38號十五樓,68,6800700,6800700-010,1鄰,樂善三路,,,,,,38號十五樓,121.382370137923,25.0492033358597
桃園市龜山區樂善里1鄰樂善三路38號十六樓,68,6800700,6800700-010,1鄰,樂善三路,,,,,,38號十六樓,121.382370137923,25.0492033358597
桃園市龜山區樂善里1鄰樂善三路38號十七樓,68,6800700,6800700-010,1鄰,樂善三路,,,,,,38號十七樓,121.382370137923,25.0492033358597
桃園市龜山區樂善里1鄰樂善三路38號十八樓,68,6800700,6800700-010,1鄰,樂善三路,,,,,,38號十八樓,121.382370137923,25.0492033358597
桃園市龜山區樂善里1鄰樂善三路38號十九樓,68,6800700,6800700-010,1鄰,樂善三路,,,,,,38號十九樓,121.382370137923,25.0492033358597
桃園市龜山區樂善里1鄰樂善三路38號二十樓,68,6800700,6800700-010,1鄰,樂善三路,,,,,,38號二十樓,121.382370137923,25.0492033358597
桃園市龜山區樂善里1鄰樂善三路38號二十一樓,68,6800700,6800700-010,1鄰,樂善三路,,,,,,38號二十一樓,121.382370137923,25.0492033358597
桃園市龜山區樂善里1鄰樂善三路38號二十二樓,68,6800700,6800700-010,1鄰,樂善三路,,,,,,38號二十二樓,121.382370137923,25.0492033358597
桃園市龜山區樂善里1鄰樂善三路38號二十三樓,68,6800700,6800700-010,1鄰,樂善三路,,,,,,38號二十三樓,121.382370137923,25.0492033358597
桃園市龜山區樂善里1鄰樂善三路38號二十四樓,68,6800700,6800700-010,1鄰,樂善三路,,,,,,38號二十四樓,121.382370137923,25.0492033358597
桃園市龜山區樂善里1鄰樂善三路38號二十五樓,68,6800700,6800700-010,1鄰,樂善三路,,,,,,38號二十五樓,121.382370137923,25.0492033358597
桃園市龜山區樂善里1鄰樂善三路38號二十六樓,68,6800700,6800700-010,1鄰,樂善三路,,,,,,38號二十六樓,121.382370137923,25.0492033358597
桃園市龜山區樂善里1鄰樂善三路38號二十七樓,68,6800700,6800700-010,1鄰,樂善三路,,,,,,38號二十七樓,121.382370137923,25.0492033358597
桃園市龜山區樂善里1鄰樂善三路38號二十八樓,68,6800700,6800700-010,1鄰,樂善三路,,,,,,38號二十八樓,121.382370137923,25.0492033358597
桃園市龜山區樂善里1鄰樂善三路38號二十九樓,68,6800700,6800700-010,1鄰,樂善三路,,,,,,38號二十九樓,121.382370137923,25.0492033358597
桃園市龜山區樂善里1鄰樂善三路38號三十樓,68,6800700,6800700-010,1鄰,樂善三路,,,,,,38號三十樓,121.382370137923,25.0492033358597
桃園市龜山區樂善里1鄰樂善三路38號三十一樓,68,6800700,6800700-010,1鄰,樂善三路,,,,,,38號三十一樓,121.382370137923,25.0492033358597
桃園市龜山區樂善里1鄰樂善三路40號十樓,68,6800700,6800700-010,1鄰,樂善三路,,,,,,40號十樓,121.382344399712,25.0491489621036
桃園市龜山區樂善里1鄰樂善三路40號三樓,68,6800700,6800700-010,1鄰,樂善三路,,,,,,40號三樓,121.382344399712,25.0491489621036
桃園市龜山區樂善里1鄰樂善三路40號四樓,68,6800700,6800700-010,1鄰,樂善三路,,,,,,40號四樓,121.382344399712,25.0491489621036
桃園市龜山區樂善里1鄰樂善三路40號五樓,68,6800700,6800700-010,1鄰,樂善三路,,,,,,40號五樓,121.382344399712,25.0491489621036
桃園市龜山區樂善里1鄰樂善三路40號六樓,68,6800700,6800700-010,1鄰,樂善三路,,,,,,40號六樓,121.382344399712,25.0491489621036
桃園市龜山區樂善里1鄰樂善三路40號七樓,68,6800700,6800700-010,1鄰,樂善三路,,,,,,40號七樓,121.382344399712,25.0491489621036
桃園市龜山區樂善里1鄰樂善三路40號八樓,68,6800700,6800700-010,1鄰,樂善三路,,,,,,40號八樓,121.382344399712,25.0491489621036
桃園市龜山區樂善里1鄰樂善三路40號九樓,68,6800700,6800700-010,1鄰,樂善三路,,,,,,40號九樓,121.382344399712,25.0491489621036
桃園市龜山區樂善里1鄰樂善三路40號十一樓,68,6800700,6800700-010,1鄰,樂善三路,,,,,,40號十一樓,121.382344399712,25.0491489621036
桃園市龜山區樂善里1鄰樂善三路40號十二樓,68,6800700,6800700-010,1鄰,樂善三路,,,,,,40號十二樓,121.382344399712,25.0491489621036
桃園市龜山區樂善里1鄰樂善三路40號十三樓,68,6800700,6800700-010,1鄰,樂善三路,,,,,,40號十三樓,121.382344399712,25.0491489621036
桃園市龜山區樂善里1鄰樂善三路40號十四樓,68,6800700,6800700-010,1鄰,樂善三路,,,,,,40號十四樓,121.382344399712,25.0491489621036
桃園市龜山區樂善里1鄰樂善三路40號十五樓,68,6800700,6800700-010,1鄰,樂善三路,,,,,,40號十五樓,121.382344399712,25.0491489621036
桃園市龜山區樂善里1鄰樂善三路40號十六樓,68,6800700,6800700-010,1鄰,樂善三路,,,,,,40號十六樓,121.382344399712,25.0491489621036
桃園市龜山區樂善里1鄰樂善三路40號十七樓,68,6800700,6800700-010,1鄰,樂善三路,,,,,,40號十七樓,121.382344399712,25.0491489621036
桃園市龜山區樂善里1鄰樂善三路40號十八樓,68,6800700,6800700-010,1鄰,樂善三路,,,,,,40號十八樓,121.382344399712,25.0491489621036
桃園市龜山區樂善里1鄰樂善三路42號十樓,68,6800700,6800700-010,1鄰,樂善三路,,,,,,42號十樓,121.382265087472,25.0491722783945
桃園市龜山區樂善里1鄰樂善三路42號三樓,68,6800700,6800700-010,1鄰,樂善三路,,,,,,42號三樓,121.382265087472,25.0491722783945
桃園市龜山區樂善里1鄰樂善三路42號四樓,68,6800700,6800700-010,1鄰,樂善三路,,,,,,42號四樓,121.382265087472,25.0491722783945
桃園市龜山區樂善里1鄰樂善三路42號五樓,68,6800700,6800700-010,1鄰,樂善三路,,,,,,42號五樓,121.382265087472,25.0491722783945
桃園市龜山區樂善里1鄰樂善三路42號六樓,68,6800700,6800700-010,1鄰,樂善三路,,,,,,42號六樓,121.382265087472,25.0491722783945
桃園市龜山區樂善里1鄰樂善三路42號七樓,68,6800700,6800700-010,1鄰,樂善三路,,,,,,42號七樓,121.382265087472,25.0491722783945
桃園市龜山區樂善里1鄰樂善三路42號八樓,68,6800700,6800700-010,1鄰,樂善三路,,,,,,42號八樓,121.382265087472,25.0491722783945
桃園市龜山區樂善里1鄰樂善三路42號九樓,68,6800700,6800700-010,1鄰,樂善三路,,,,,,42號九樓,121.382265087472,25.0491722783945
桃園市龜山區樂善里1鄰樂善三路42號十一樓,68,6800700,6800700-010,1鄰,樂善三路,,,,,,42號十一樓,121.382265087472,25.0491722783945
桃園市龜山區樂善里1鄰樂善三路42號十二樓,68,6800700,6800700-010,1鄰,樂善三路,,,,,,42號十二樓,121.382265087472,25.0491722783945
桃園市龜山區樂善里1鄰樂善三路42號十三樓,68,6800700,6800700-010,1鄰,樂善三路,,,,,,42號十三樓,121.382265087472,25.0491722783945
桃園市龜山區樂善里1鄰樂善三路42號十四樓,68,6800700,6800700-010,1鄰,樂善三路,,,,,,42號十四樓,121.382265087472,25.0491722783945
桃園市龜山區樂善里1鄰樂善三路42號十五樓,68,6800700,6800700-010,1鄰,樂善三路,,,,,,42號十五樓,121.382265087472,25.0491722783945
桃園市龜山區樂善里1鄰樂善三路42號十六樓,68,6800700,6800700-010,1鄰,樂善三路,,,,,,42號十六樓,121.382265087472,25.0491722783945
桃園市龜山區樂善里1鄰樂善三路42號十七樓,68,6800700,6800700-010,1鄰,樂善三路,,,,,,42號十七樓,121.382265087472,25.0491722783945
桃園市龜山區樂善里1鄰樂善三路42號十八樓,68,6800700,6800700-010,1鄰,樂善三路,,,,,,42號十八樓,121.382265087472,25.0491722783945
桃園市龜山區樂善里1鄰樂善三路46號十樓,68,6800700,6800700-010,1鄰,樂善三路,,,,,,46號十樓,121.382299342895,25.0492247343246
桃園市龜山區樂善里1鄰樂善三路46號三樓,68,6800700,6800700-010,1鄰,樂善三路,,,,,,46號三樓,121.382299342895,25.0492247343246
桃園市龜山區樂善里1鄰樂善三路46號四樓,68,6800700,6800700-010,1鄰,樂善三路,,,,,,46號四樓,121.382299342895,25.0492247343246
桃園市龜山區樂善里1鄰樂善三路46號五樓,68,6800700,6800700-010,1鄰,樂善三路,,,,,,46號五樓,121.382299342895,25.0492247343246
桃園市龜山區樂善里1鄰樂善三路46號六樓,68,6800700,6800700-010,1鄰,樂善三路,,,,,,46號六樓,121.382299342895,25.0492247343246
桃園市龜山區樂善里1鄰樂善三路46號七樓,68,6800700,6800700-010,1鄰,樂善三路,,,,,,46號七樓,121.382299342895,25.0492247343246
桃園市龜山區樂善里1鄰樂善三路46號八樓,68,6800700,6800700-010,1鄰,樂善三路,,,,,,46號八樓,121.382299342895,25.0492247343246
桃園市龜山區樂善里1鄰樂善三路46號九樓,68,6800700,6800700-010,1鄰,樂善三路,,,,,,46號九樓,121.382299342895,25.0492247343246
桃園市龜山區樂善里1鄰樂善三路46號十一樓,68,6800700,6800700-010,1鄰,樂善三路,,,,,,46號十一樓,121.382299342895,25.0492247343246
桃園市龜山區樂善里1鄰樂善三路46號十二樓,68,6800700,6800700-010,1鄰,樂善三路,,,,,,46號十二樓,121.382299342895,25.0492247343246
桃園市龜山區樂善里1鄰樂善三路46號十三樓,68,6800700,6800700-010,1鄰,樂善三路,,,,,,46號十三樓,121.382299342895,25.0492247343246
桃園市龜山區樂善里1鄰樂善三路46號十四樓,68,6800700,6800700-010,1鄰,樂善三路,,,,,,46號十四樓,121.382299342895,25.0492247343246
桃園市龜山區樂善里1鄰樂善三路46號十五樓,68,6800700,6800700-010,1鄰,樂善三路,,,,,,46號十五樓,121.382299342895,25.0492247343246
桃園市龜山區樂善里1鄰樂善三路46號十六樓,68,6800700,6800700-010,1鄰,樂善三路,,,,,,46號十六樓,121.382299342895,25.0492247343246
桃園市龜山區樂善里1鄰樂善三路46號十七樓,68,6800700,6800700-010,1鄰,樂善三路,,,,,,46號十七樓,121.382299342895,25.0492247343246
桃園市龜山區樂善里1鄰樂善三路46號十八樓,68,6800700,6800700-010,1鄰,樂善三路,,,,,,46號十八樓,121.382299342895,25.0492247343246
桃園市龜山區樂善里1鄰樂善三路46號十九樓,68,6800700,6800700-010,1鄰,樂善三路,,,,,,46號十九樓,121.382299342895,25.0492247343246
桃園市龜山區樂善里1鄰樂善三路46號二十樓,68,6800700,6800700-010,1鄰,樂善三路,,,,,,46號二十樓,121.382299342895,25.0492247343246
桃園市龜山區樂善里1鄰樂善三路46號二十一樓,68,6800700,6800700-010,1鄰,樂善三路,,,,,,46號二十一樓,121.382299342895,25.0492247343246
桃園市龜山區樂善里1鄰樂善三路46號二十二樓,68,6800700,6800700-010,1鄰,樂善三路,,,,,,46號二十二樓,121.382299342895,25.0492247343246
桃園市龜山區樂善里1鄰樂善三路46號二十三樓,68,6800700,6800700-010,1鄰,樂善三路,,,,,,46號二十三樓,121.382299342895,25.0492247343246
桃園市龜山區樂善里1鄰樂善三路46號二十四樓,68,6800700,6800700-010,1鄰,樂善三路,,,,,,46號二十四樓,121.382299342895,25.0492247343246
桃園市龜山區樂善里1鄰樂善三路46號二十五樓,68,6800700,6800700-010,1鄰,樂善三路,,,,,,46號二十五樓,121.382299342895,25.0492247343246
桃園市龜山區樂善里1鄰樂善三路46號二十六樓,68,6800700,6800700-010,1鄰,樂善三路,,,,,,46號二十六樓,121.382299342895,25.0492247343246
桃園市龜山區樂善里1鄰樂善三路46號二十七樓,68,6800700,6800700-010,1鄰,樂善三路,,,,,,46號二十七樓,121.382299342895,25.0492247343246
桃園市龜山區樂善里1鄰樂善三路46號二十八樓,68,6800700,6800700-010,1鄰,樂善三路,,,,,,46號二十八樓,121.382299342895,25.0492247343246
桃園市龜山區樂善里1鄰樂善三路46號二十九樓,68,6800700,6800700-010,1鄰,樂善三路,,,,,,46號二十九樓,121.382299342895,25.0492247343246
桃園市龜山區樂善里1鄰樂善三路46號三十樓,68,6800700,6800700-010,1鄰,樂善三路,,,,,,46號三十樓,121.382299342895,25.0492247343246
桃園市龜山區樂善里1鄰樂善三路46號三十一樓,68,6800700,6800700-010,1鄰,樂善三路,,,,,,46號三十一樓,121.382299342895,25.0492247343246
桃園市龜山區樂善里1鄰樂善三路48號十樓,68,6800700,6800700-010,1鄰,樂善三路,,,,,,48號十樓,121.382329454092,25.049283069238
桃園市龜山區樂善里1鄰樂善三路48號二樓,68,6800700,6800700-010,1鄰,樂善三路,,,,,,48號二樓,121.382329454092,25.049283069238
桃園市龜山區樂善里1鄰樂善三路48號三樓,68,6800700,6800700-010,1鄰,樂善三路,,,,,,48號三樓,121.382329454092,25.049283069238
桃園市龜山區樂善里1鄰樂善三路48號四樓,68,6800700,6800700-010,1鄰,樂善三路,,,,,,48號四樓,121.382329454092,25.049283069238
桃園市龜山區樂善里1鄰樂善三路48號五樓,68,6800700,6800700-010,1鄰,樂善三路,,,,,,48號五樓,121.382329454092,25.049283069238
桃園市龜山區樂善里1鄰樂善三路48號六樓,68,6800700,6800700-010,1鄰,樂善三路,,,,,,48號六樓,121.382329454092,25.049283069238
桃園市龜山區樂善里1鄰樂善三路48號七樓,68,6800700,6800700-010,1鄰,樂善三路,,,,,,48號七樓,121.382329454092,25.049283069238
桃園市龜山區樂善里1鄰樂善三路48號八樓,68,6800700,6800700-010,1鄰,樂善三路,,,,,,48號八樓,121.382329454092,25.049283069238
桃園市龜山區樂善里1鄰樂善三路48號九樓,68,6800700,6800700-010,1鄰,樂善三路,,,,,,48號九樓,121.382329454092,25.049283069238
桃園市龜山區樂善里1鄰樂善三路48號十一樓,68,6800700,6800700-010,1鄰,樂善三路,,,,,,48號十一樓,121.382329454092,25.049283069238
桃園市龜山區樂善里1鄰樂善三路48號十二樓,68,6800700,6800700-010,1鄰,樂善三路,,,,,,48號十二樓,121.382329454092,25.049283069238
桃園市龜山區樂善里1鄰樂善三路48號十三樓,68,6800700,6800700-010,1鄰,樂善三路,,,,,,48號十三樓,121.382329454092,25.049283069238
桃園市龜山區樂善里1鄰樂善三路48號十四樓,68,6800700,6800700-010,1鄰,樂善三路,,,,,,48號十四樓,121.382329454092,25.049283069238
桃園市龜山區樂善里1鄰樂善三路48號十五樓,68,6800700,6800700-010,1鄰,樂善三路,,,,,,48號十五樓,121.382329454092,25.049283069238
桃園市龜山區樂善里1鄰樂善三路48號十六樓,68,6800700,6800700-010,1鄰,樂善三路,,,,,,48號十六樓,121.382329454092,25.049283069238
桃園市龜山區樂善里1鄰樂善三路48號十七樓,68,6800700,6800700-010,1鄰,樂善三路,,,,,,48號十七樓,121.382329454092,25.049283069238
桃園市龜山區樂善里1鄰樂善三路48號十八樓,68,6800700,6800700-010,1鄰,樂善三路,,,,,,48號十八樓,121.382329454092,25.049283069238
桃園市龜山區樂善里1鄰樂善三路48號十九樓,68,6800700,6800700-010,1鄰,樂善三路,,,,,,48號十九樓,121.382329454092,25.049283069238
桃園市龜山區樂善里1鄰樂善三路48號二十樓,68,6800700,6800700-010,1鄰,樂善三路,,,,,,48號二十樓,121.382329454092,25.049283069238
桃園市龜山區樂善里1鄰樂善三路48號二十一樓,68,6800700,6800700-010,1鄰,樂善三路,,,,,,48號二十一樓,121.382329454092,25.049283069238
桃園市龜山區樂善里1鄰樂善三路48號二十二樓,68,6800700,6800700-010,1鄰,樂善三路,,,,,,48號二十二樓,121.382329454092,25.049283069238
桃園市龜山區樂善里1鄰樂善三路48號二十三樓,68,6800700,6800700-010,1鄰,樂善三路,,,,,,48號二十三樓,121.382329454092,25.049283069238
桃園市龜山區樂善里1鄰樂善三路48號二十四樓,68,6800700,6800700-010,1鄰,樂善三路,,,,,,48號二十四樓,121.382329454092,25.049283069238
桃園市龜山區樂善里1鄰樂善三路48號二十五樓,68,6800700,6800700-010,1鄰,樂善三路,,,,,,48號二十五樓,121.382329454092,25.049283069238
桃園市龜山區樂善里1鄰樂善三路48號二十六樓,68,6800700,6800700-010,1鄰,樂善三路,,,,,,48號二十六樓,121.382329454092,25.049283069238
桃園市龜山區樂善里1鄰樂善三路48號二十七樓,68,6800700,6800700-010,1鄰,樂善三路,,,,,,48號二十七樓,121.382329454092,25.049283069238
桃園市龜山區樂善里1鄰樂善三路48號二十八樓,68,6800700,6800700-010,1鄰,樂善三路,,,,,,48號二十八樓,121.382329454092,25.049283069238
桃園市龜山區樂善里1鄰樂善三路48號二十九樓,68,6800700,6800700-010,1鄰,樂善三路,,,,,,48號二十九樓,121.382329454092,25.049283069238
桃園市龜山區樂善里1鄰樂善三路48號三十樓,68,6800700,6800700-010,1鄰,樂善三路,,,,,,48號三十樓,121.382329454092,25.049283069238
桃園市龜山區樂善里1鄰樂善三路48號三十一樓,68,6800700,6800700-010,1鄰,樂善三路,,,,,,48號三十一樓,121.382329454092,25.049283069238
桃園市龜山區樂善里1鄰樂善三路50號十樓,68,6800700,6800700-010,1鄰,樂善三路,,,,,,50號十樓,121.382376629779,25.0493472285457
桃園市龜山區樂善里1鄰樂善三路50號三樓,68,6800700,6800700-010,1鄰,樂善三路,,,,,,50號三樓,121.382376629779,25.0493472285457
桃園市龜山區樂善里1鄰樂善三路50號四樓,68,6800700,6800700-010,1鄰,樂善三路,,,,,,50號四樓,121.382376629779,25.0493472285457
桃園市龜山區樂善里1鄰樂善三路50號五樓,68,6800700,6800700-010,1鄰,樂善三路,,,,,,50號五樓,121.382376629779,25.0493472285457
桃園市龜山區樂善里1鄰樂善三路50號六樓,68,6800700,6800700-010,1鄰,樂善三路,,,,,,50號六樓,121.382376629779,25.0493472285457
桃園市龜山區樂善里1鄰樂善三路50號七樓,68,6800700,6800700-010,1鄰,樂善三路,,,,,,50號七樓,121.382376629779,25.0493472285457
桃園市龜山區樂善里1鄰樂善三路50號八樓,68,6800700,6800700-010,1鄰,樂善三路,,,,,,50號八樓,121.382376629779,25.0493472285457
桃園市龜山區樂善里1鄰樂善三路50號九樓,68,6800700,6800700-010,1鄰,樂善三路,,,,,,50號九樓,121.382376629779,25.0493472285457
桃園市龜山區樂善里1鄰樂善三路50號十一樓,68,6800700,6800700-010,1鄰,樂善三路,,,,,,50號十一樓,121.382376629779,25.0493472285457
桃園市龜山區樂善里1鄰樂善三路50號十二樓,68,6800700,6800700-010,1鄰,樂善三路,,,,,,50號十二樓,121.382376629779,25.0493472285457
桃園市龜山區樂善里1鄰樂善三路50號十三樓,68,6800700,6800700-010,1鄰,樂善三路,,,,,,50號十三樓,121.382376629779,25.0493472285457
桃園市龜山區樂善里1鄰樂善三路50號十四樓,68,6800700,6800700-010,1鄰,樂善三路,,,,,,50號十四樓,121.382376629779,25.0493472285457
桃園市龜山區樂善里1鄰樂善三路50號十五樓,68,6800700,6800700-010,1鄰,樂善三路,,,,,,50號十五樓,121.382376629779,25.0493472285457
桃園市龜山區樂善里1鄰樂善三路50號十六樓,68,6800700,6800700-010,1鄰,樂善三路,,,,,,50號十六樓,121.382376629779,25.0493472285457
桃園市龜山區樂善里1鄰樂善三路50號十七樓,68,6800700,6800700-010,1鄰,樂善三路,,,,,,50號十七樓,121.382376629779,25.0493472285457
桃園市龜山區樂善里1鄰樂善三路50號十八樓,68,6800700,6800700-010,1鄰,樂善三路,,,,,,50號十八樓,121.382376629779,25.0493472285457
桃園市龜山區樂善里1鄰樂善三路50號十九樓,68,6800700,6800700-010,1鄰,樂善三路,,,,,,50號十九樓,121.382376629779,25.0493472285457
桃園市龜山區樂善里1鄰樂善三路50號二十樓,68,6800700,6800700-010,1鄰,樂善三路,,,,,,50號二十樓,121.382376629779,25.0493472285457
桃園市龜山區樂善里1鄰樂善三路50號二十一樓,68,6800700,6800700-010,1鄰,樂善三路,,,,,,50號二十一樓,121.382376629779,25.0493472285457
桃園市龜山區樂善里1鄰樂善三路50號二十二樓,68,6800700,6800700-010,1鄰,樂善三路,,,,,,50號二十二樓,121.382376629779,25.0493472285457
桃園市龜山區樂善里1鄰樂善三路50號二十三樓,68,6800700,6800700-010,1鄰,樂善三路,,,,,,50號二十三樓,121.382376629779,25.0493472285457
桃園市龜山區樂善里1鄰樂善三路50號二十四樓,68,6800700,6800700-010,1鄰,樂善三路,,,,,,50號二十四樓,121.382376629779,25.0493472285457
桃園市龜山區樂善里1鄰樂善三路50號二十五樓,68,6800700,6800700-010,1鄰,樂善三路,,,,,,50號二十五樓,121.382376629779,25.0493472285457
桃園市龜山區樂善里1鄰樂善三路50號二十六樓,68,6800700,6800700-010,1鄰,樂善三路,,,,,,50號二十六樓,121.382376629779,25.0493472285457
桃園市龜山區樂善里1鄰樂善三路50號二十七樓,68,6800700,6800700-010,1鄰,樂善三路,,,,,,50號二十七樓,121.382376629779,25.0493472285457
桃園市龜山區樂善里1鄰樂善三路50號二十八樓,68,6800700,6800700-010,1鄰,樂善三路,,,,,,50號二十八樓,121.382376629779,25.0493472285457
桃園市龜山區樂善里1鄰樂善三路50號二十九樓,68,6800700,6800700-010,1鄰,樂善三路,,,,,,50號二十九樓,121.382376629779,25.0493472285457
桃園市龜山區樂善里1鄰樂善三路50號三十樓,68,6800700,6800700-010,1鄰,樂善三路,,,,,,50號三十樓,121.382376629779,25.0493472285457
桃園市龜山區樂善里1鄰樂善三路50號三十一樓,68,6800700,6800700-010,1鄰,樂善三路,,,,,,50號三十一樓,121.382376629779,25.0493472285457
桃園市龜山區樂善里1鄰樂善三路52號十樓,68,6800700,6800700-010,1鄰,樂善三路,,,,,,52號十樓,121.382453861539,25.0493880177205
桃園市龜山區樂善里1鄰樂善三路52號三樓,68,6800700,6800700-010,1鄰,樂善三路,,,,,,52號三樓,121.382453861539,25.0493880177205
桃園市龜山區樂善里1鄰樂善三路52號四樓,68,6800700,6800700-010,1鄰,樂善三路,,,,,,52號四樓,121.382453861539,25.0493880177205
桃園市龜山區樂善里1鄰樂善三路52號五樓,68,6800700,6800700-010,1鄰,樂善三路,,,,,,52號五樓,121.382453861539,25.0493880177205
桃園市龜山區樂善里1鄰樂善三路52號六樓,68,6800700,6800700-010,1鄰,樂善三路,,,,,,52號六樓,121.382453861539,25.0493880177205
桃園市龜山區樂善里1鄰樂善三路52號七樓,68,6800700,6800700-010,1鄰,樂善三路,,,,,,52號七樓,121.382453861539,25.0493880177205
桃園市龜山區樂善里1鄰樂善三路52號八樓,68,6800700,6800700-010,1鄰,樂善三路,,,,,,52號八樓,121.382453861539,25.0493880177205
桃園市龜山區樂善里1鄰樂善三路52號九樓,68,6800700,6800700-010,1鄰,樂善三路,,,,,,52號九樓,121.382453861539,25.0493880177205
桃園市龜山區樂善里1鄰樂善三路52號十一樓,68,6800700,6800700-010,1鄰,樂善三路,,,,,,52號十一樓,121.382453861539,25.0493880177205
桃園市龜山區樂善里1鄰樂善三路52號十二樓,68,6800700,6800700-010,1鄰,樂善三路,,,,,,52號十二樓,121.382453861539,25.0493880177205
桃園市龜山區樂善里1鄰樂善三路52號十三樓,68,6800700,6800700-010,1鄰,樂善三路,,,,,,52號十三樓,121.382453861539,25.0493880177205
桃園市龜山區樂善里1鄰樂善三路52號十四樓,68,6800700,6800700-010,1鄰,樂善三路,,,,,,52號十四樓,121.382453861539,25.0493880177205
桃園市龜山區樂善里1鄰樂善三路52號十五樓,68,6800700,6800700-010,1鄰,樂善三路,,,,,,52號十五樓,121.382453861539,25.0493880177205
桃園市龜山區樂善里1鄰樂善三路52號十六樓,68,6800700,6800700-010,1鄰,樂善三路,,,,,,52號十六樓,121.382453861539,25.0493880177205
桃園市龜山區樂善里1鄰樂善三路52號十七樓,68,6800700,6800700-010,1鄰,樂善三路,,,,,,52號十七樓,121.382453861539,25.0493880177205
桃園市龜山區樂善里1鄰樂善三路52號十八樓,68,6800700,6800700-010,1鄰,樂善三路,,,,,,52號十八樓,121.382453861539,25.0493880177205
桃園市龜山區樂善里1鄰樂善三路52號十九樓,68,6800700,6800700-010,1鄰,樂善三路,,,,,,52號十九樓,121.382453861539,25.0493880177205
桃園市龜山區樂善里1鄰樂善三路52號二十樓,68,6800700,6800700-010,1鄰,樂善三路,,,,,,52號二十樓,121.382453861539,25.0493880177205
桃園市龜山區樂善里1鄰樂善三路52號二十一樓,68,6800700,6800700-010,1鄰,樂善三路,,,,,,52號二十一樓,121.382453861539,25.0493880177205
桃園市龜山區樂善里1鄰樂善三路52號二十二樓,68,6800700,6800700-010,1鄰,樂善三路,,,,,,52號二十二樓,121.382453861539,25.0493880177205
桃園市龜山區樂善里1鄰樂善三路52號二十三樓,68,6800700,6800700-010,1鄰,樂善三路,,,,,,52號二十三樓,121.382453861539,25.0493880177205
桃園市龜山區樂善里1鄰樂善三路52號二十四樓,68,6800700,6800700-010,1鄰,樂善三路,,,,,,52號二十四樓,121.382453861539,25.0493880177205
桃園市龜山區樂善里1鄰樂善三路52號二十五樓,68,6800700,6800700-010,1鄰,樂善三路,,,,,,52號二十五樓,121.382453861539,25.0493880177205
桃園市龜山區樂善里1鄰樂善三路52號二十六樓,68,6800700,6800700-010,1鄰,樂善三路,,,,,,52號二十六樓,121.382453861539,25.0493880177205
桃園市龜山區樂善里1鄰樂善三路52號二十七樓,68,6800700,6800700-010,1鄰,樂善三路,,,,,,52號二十七樓,121.382453861539,25.0493880177205
桃園市龜山區樂善里1鄰樂善三路52號二十八樓,68,6800700,6800700-010,1鄰,樂善三路,,,,,,52號二十八樓,121.382453861539,25.0493880177205
桃園市龜山區樂善里1鄰樂善三路52號二十九樓,68,6800700,6800700-010,1鄰,樂善三路,,,,,,52號二十九樓,121.382453861539,25.0493880177205
桃園市龜山區樂善里1鄰樂善三路52號三十樓,68,6800700,6800700-010,1鄰,樂善三路,,,,,,52號三十樓,121.382453861539,25.0493880177205
桃園市龜山區樂善里1鄰樂善三路52號三十一樓,68,6800700,6800700-010,1鄰,樂善三路,,,,,,52號三十一樓,121.382453861539,25.0493880177205
桃園市龜山區樂善里1鄰樂善三路56號十樓,68,6800700,6800700-010,1鄰,樂善三路,,,,,,56號十樓,121.382546138857,25.0493588898979
桃園市龜山區樂善里1鄰樂善三路56號三樓,68,6800700,6800700-010,1鄰,樂善三路,,,,,,56號三樓,121.382546138857,25.0493588898979
桃園市龜山區樂善里1鄰樂善三路56號四樓,68,6800700,6800700-010,1鄰,樂善三路,,,,,,56號四樓,121.382546138857,25.0493588898979
桃園市龜山區樂善里1鄰樂善三路56號五樓,68,6800700,6800700-010,1鄰,樂善三路,,,,,,56號五樓,121.382546138857,25.0493588898979
桃園市龜山區樂善里1鄰樂善三路56號六樓,68,6800700,6800700-010,1鄰,樂善三路,,,,,,56號六樓,121.382546138857,25.0493588898979
桃園市龜山區樂善里1鄰樂善三路56號七樓,68,6800700,6800700-010,1鄰,樂善三路,,,,,,56號七樓,121.382546138857,25.0493588898979
桃園市龜山區樂善里1鄰樂善三路56號八樓,68,6800700,6800700-010,1鄰,樂善三路,,,,,,56號八樓,121.382546138857,25.0493588898979
桃園市龜山區樂善里1鄰樂善三路56號九樓,68,6800700,6800700-010,1鄰,樂善三路,,,,,,56號九樓,121.382546138857,25.0493588898979
桃園市龜山區樂善里1鄰樂善三路56號十一樓,68,6800700,6800700-010,1鄰,樂善三路,,,,,,56號十一樓,121.382546138857,25.0493588898979
桃園市龜山區樂善里1鄰樂善三路56號十二樓,68,6800700,6800700-010,1鄰,樂善三路,,,,,,56號十二樓,121.382546138857,25.0493588898979
桃園市龜山區樂善里1鄰樂善三路56號十三樓,68,6800700,6800700-010,1鄰,樂善三路,,,,,,56號十三樓,121.382546138857,25.0493588898979
桃園市龜山區樂善里1鄰樂善三路56號十四樓,68,6800700,6800700-010,1鄰,樂善三路,,,,,,56號十四樓,121.382546138857,25.0493588898979
桃園市龜山區樂善里1鄰樂善三路56號十五樓,68,6800700,6800700-010,1鄰,樂善三路,,,,,,56號十五樓,121.382546138857,25.0493588898979
桃園市龜山區樂善里1鄰樂善三路56號十六樓,68,6800700,6800700-010,1鄰,樂善三路,,,,,,56號十六樓,121.382546138857,25.0493588898979
桃園市龜山區樂善里1鄰樂善三路56號十七樓,68,6800700,6800700-010,1鄰,樂善三路,,,,,,56號十七樓,121.382546138857,25.0493588898979
桃園市龜山區樂善里1鄰樂善三路56號十八樓,68,6800700,6800700-010,1鄰,樂善三路,,,,,,56號十八樓,121.382546138857,25.0493588898979
桃園市龜山區樂善里1鄰樂善三路56號十九樓,68,6800700,6800700-010,1鄰,樂善三路,,,,,,56號十九樓,121.382546138857,25.0493588898979
桃園市龜山區樂善里1鄰樂善三路56號二十樓,68,6800700,6800700-010,1鄰,樂善三路,,,,,,56號二十樓,121.382546138857,25.0493588898979
桃園市龜山區樂善里1鄰樂善三路56號二十一樓,68,6800700,6800700-010,1鄰,樂善三路,,,,,,56號二十一樓,121.382546138857,25.0493588898979
桃園市龜山區樂善里1鄰樂善三路56號二十二樓,68,6800700,6800700-010,1鄰,樂善三路,,,,,,56號二十二樓,121.382546138857,25.0493588898979
桃園市龜山區樂善里1鄰樂善三路56號二十三樓,68,6800700,6800700-010,1鄰,樂善三路,,,,,,56號二十三樓,121.382546138857,25.0493588898979
桃園市龜山區樂善里1鄰樂善三路56號二十四樓,68,6800700,6800700-010,1鄰,樂善三路,,,,,,56號二十四樓,121.382546138857,25.0493588898979
桃園市龜山區樂善里1鄰樂善三路56號二十五樓,68,6800700,6800700-010,1鄰,樂善三路,,,,,,56號二十五樓,121.382546138857,25.0493588898979
桃園市龜山區樂善里1鄰樂善三路56號二十六樓,68,6800700,6800700-010,1鄰,樂善三路,,,,,,56號二十六樓,121.382546138857,25.0493588898979
桃園市龜山區樂善里1鄰樂善三路56號二十七樓,68,6800700,6800700-010,1鄰,樂善三路,,,,,,56號二十七樓,121.382546138857,25.0493588898979
桃園市龜山區樂善里1鄰樂善三路56號二十八樓,68,6800700,6800700-010,1鄰,樂善三路,,,,,,56號二十八樓,121.382546138857,25.0493588898979
桃園市龜山區樂善里1鄰樂善三路56號二十九樓,68,6800700,6800700-010,1鄰,樂善三路,,,,,,56號二十九樓,121.382546138857,25.0493588898979
桃園市龜山區樂善里1鄰樂善三路56號三十樓,68,6800700,6800700-010,1鄰,樂善三路,,,,,,56號三十樓,121.382546138857,25.0493588898979
桃園市龜山區樂善里1鄰樂善三路56號三十一樓,68,6800700,6800700-010,1鄰,樂善三路,,,,,,56號三十一樓,121.382546138857,25.0493588898979
桃園市龜山區樂善里2鄰樂善三路62號十樓,68,6800700,6800700-010,2鄰,樂善三路,,,,,,62號十樓,121.382567311566,25.0487085346193
桃園市龜山區樂善里2鄰樂善三路62號三樓,68,6800700,6800700-010,2鄰,樂善三路,,,,,,62號三樓,121.382567311566,25.0487085346193
桃園市龜山區樂善里2鄰樂善三路62號四樓,68,6800700,6800700-010,2鄰,樂善三路,,,,,,62號四樓,121.382567311566,25.0487085346193
桃園市龜山區樂善里2鄰樂善三路62號五樓,68,6800700,6800700-010,2鄰,樂善三路,,,,,,62號五樓,121.382567311566,25.0487085346193
桃園市龜山區樂善里2鄰樂善三路62號六樓,68,6800700,6800700-010,2鄰,樂善三路,,,,,,62號六樓,121.382567311566,25.0487085346193
桃園市龜山區樂善里2鄰樂善三路62號七樓,68,6800700,6800700-010,2鄰,樂善三路,,,,,,62號七樓,121.382567311566,25.0487085346193
桃園市龜山區樂善里2鄰樂善三路62號八樓,68,6800700,6800700-010,2鄰,樂善三路,,,,,,62號八樓,121.382567311566,25.0487085346193
桃園市龜山區樂善里2鄰樂善三路62號九樓,68,6800700,6800700-010,2鄰,樂善三路,,,,,,62號九樓,121.382567311566,25.0487085346193
桃園市龜山區樂善里2鄰樂善三路62號十一樓,68,6800700,6800700-010,2鄰,樂善三路,,,,,,62號十一樓,121.382567311566,25.0487085346193
桃園市龜山區樂善里2鄰樂善三路62號十二樓,68,6800700,6800700-010,2鄰,樂善三路,,,,,,62號十二樓,121.382567311566,25.0487085346193
桃園市龜山區樂善里2鄰樂善三路62號十三樓,68,6800700,6800700-010,2鄰,樂善三路,,,,,,62號十三樓,121.382567311566,25.0487085346193
桃園市龜山區樂善里2鄰樂善三路62號十四樓,68,6800700,6800700-010,2鄰,樂善三路,,,,,,62號十四樓,121.382567311566,25.0487085346193
桃園市龜山區樂善里2鄰樂善三路62號十五樓,68,6800700,6800700-010,2鄰,樂善三路,,,,,,62號十五樓,121.382567311566,25.0487085346193
桃園市龜山區樂善里2鄰樂善三路62號十六樓,68,6800700,6800700-010,2鄰,樂善三路,,,,,,62號十六樓,121.382567311566,25.0487085346193
桃園市龜山區樂善里2鄰樂善三路62號十七樓,68,6800700,6800700-010,2鄰,樂善三路,,,,,,62號十七樓,121.382567311566,25.0487085346193
桃園市龜山區樂善里2鄰樂善三路62號十八樓,68,6800700,6800700-010,2鄰,樂善三路,,,,,,62號十八樓,121.382567311566,25.0487085346193
桃園市龜山區樂善里2鄰樂善三路62號十九樓,68,6800700,6800700-010,2鄰,樂善三路,,,,,,62號十九樓,121.382567311566,25.0487085346193
桃園市龜山區樂善里2鄰樂善三路62號二十樓,68,6800700,6800700-010,2鄰,樂善三路,,,,,,62號二十樓,121.382567311566,25.0487085346193
桃園市龜山區樂善里2鄰樂善三路62號二十一樓,68,6800700,6800700-010,2鄰,樂善三路,,,,,,62號二十一樓,121.382567311566,25.0487085346193
桃園市龜山區樂善里2鄰樂善三路62號二十二樓,68,6800700,6800700-010,2鄰,樂善三路,,,,,,62號二十二樓,121.382567311566,25.0487085346193
桃園市龜山區樂善里2鄰樂善三路62號二十三樓,68,6800700,6800700-010,2鄰,樂善三路,,,,,,62號二十三樓,121.382567311566,25.0487085346193
桃園市龜山區樂善里2鄰樂善三路62號二十四樓,68,6800700,6800700-010,2鄰,樂善三路,,,,,,62號二十四樓,121.382567311566,25.0487085346193
桃園市龜山區樂善里2鄰樂善三路62號二十五樓,68,6800700,6800700-010,2鄰,樂善三路,,,,,,62號二十五樓,121.382567311566,25.0487085346193
桃園市龜山區樂善里2鄰樂善三路62號二十六樓,68,6800700,6800700-010,2鄰,樂善三路,,,,,,62號二十六樓,121.382567311566,25.0487085346193
桃園市龜山區樂善里2鄰樂善三路62號二十七樓,68,6800700,6800700-010,2鄰,樂善三路,,,,,,62號二十七樓,121.382567311566,25.0487085346193
桃園市龜山區樂善里2鄰樂善三路62號二十八樓,68,6800700,6800700-010,2鄰,樂善三路,,,,,,62號二十八樓,121.382567311566,25.0487085346193
桃園市龜山區樂善里2鄰樂善三路62號二十九樓,68,6800700,6800700-010,2鄰,樂善三路,,,,,,62號二十九樓,121.382567311566,25.0487085346193
桃園市龜山區樂善里2鄰樂善三路66號十樓,68,6800700,6800700-010,2鄰,樂善三路,,,,,,66號十樓,121.382517969063,25.0487445036119
桃園市龜山區樂善里2鄰樂善三路66號三樓,68,6800700,6800700-010,2鄰,樂善三路,,,,,,66號三樓,121.382517969063,25.0487445036119
桃園市龜山區樂善里2鄰樂善三路66號四樓,68,6800700,6800700-010,2鄰,樂善三路,,,,,,66號四樓,121.382517969063,25.0487445036119
桃園市龜山區樂善里2鄰樂善三路66號五樓,68,6800700,6800700-010,2鄰,樂善三路,,,,,,66號五樓,121.382517969063,25.0487445036119
桃園市龜山區樂善里2鄰樂善三路66號六樓,68,6800700,6800700-010,2鄰,樂善三路,,,,,,66號六樓,121.382517969063,25.0487445036119
桃園市龜山區樂善里2鄰樂善三路66號七樓,68,6800700,6800700-010,2鄰,樂善三路,,,,,,66號七樓,121.382517969063,25.0487445036119
桃園市龜山區樂善里2鄰樂善三路66號八樓,68,6800700,6800700-010,2鄰,樂善三路,,,,,,66號八樓,121.382517969063,25.0487445036119
桃園市龜山區樂善里2鄰樂善三路66號九樓,68,6800700,6800700-010,2鄰,樂善三路,,,,,,66號九樓,121.382517969063,25.0487445036119
桃園市龜山區樂善里2鄰樂善三路66號十一樓,68,6800700,6800700-010,2鄰,樂善三路,,,,,,66號十一樓,121.382517969063,25.0487445036119
桃園市龜山區樂善里2鄰樂善三路66號十二樓,68,6800700,6800700-010,2鄰,樂善三路,,,,,,66號十二樓,121.382517969063,25.0487445036119
桃園市龜山區樂善里2鄰樂善三路66號十三樓,68,6800700,6800700-010,2鄰,樂善三路,,,,,,66號十三樓,121.382517969063,25.0487445036119
桃園市龜山區樂善里2鄰樂善三路66號十四樓,68,6800700,6800700-010,2鄰,樂善三路,,,,,,66號十四樓,121.382517969063,25.0487445036119
桃園市龜山區樂善里2鄰樂善三路66號十五樓,68,6800700,6800700-010,2鄰,樂善三路,,,,,,66號十五樓,121.382517969063,25.0487445036119
桃園市龜山區樂善里2鄰樂善三路66號十六樓,68,6800700,6800700-010,2鄰,樂善三路,,,,,,66號十六樓,121.382517969063,25.0487445036119
桃園市龜山區樂善里2鄰樂善三路66號十七樓,68,6800700,6800700-010,2鄰,樂善三路,,,,,,66號十七樓,121.382517969063,25.0487445036119
桃園市龜山區樂善里2鄰樂善三路66號十八樓,68,6800700,6800700-010,2鄰,樂善三路,,,,,,66號十八樓,121.382517969063,25.0487445036119
桃園市龜山區樂善里2鄰樂善三路66號十九樓,68,6800700,6800700-010,2鄰,樂善三路,,,,,,66號十九樓,121.382517969063,25.0487445036119
桃園市龜山區樂善里2鄰樂善三路66號二十樓,68,6800700,6800700-010,2鄰,樂善三路,,,,,,66號二十樓,121.382517969063,25.0487445036119
桃園市龜山區樂善里2鄰樂善三路66號二十一樓,68,6800700,6800700-010,2鄰,樂善三路,,,,,,66號二十一樓,121.382517969063,25.0487445036119
桃園市龜山區樂善里2鄰樂善三路66號二十二樓,68,6800700,6800700-010,2鄰,樂善三路,,,,,,66號二十二樓,121.382517969063,25.0487445036119
桃園市龜山區樂善里2鄰樂善三路66號二十三樓,68,6800700,6800700-010,2鄰,樂善三路,,,,,,66號二十三樓,121.382517969063,25.0487445036119
桃園市龜山區樂善里2鄰樂善三路66號二十四樓,68,6800700,6800700-010,2鄰,樂善三路,,,,,,66號二十四樓,121.382517969063,25.0487445036119
桃園市龜山區樂善里2鄰樂善三路66號二十五樓,68,6800700,6800700-010,2鄰,樂善三路,,,,,,66號二十五樓,121.382517969063,25.0487445036119
桃園市龜山區樂善里2鄰樂善三路66號二十六樓,68,6800700,6800700-010,2鄰,樂善三路,,,,,,66號二十六樓,121.382517969063,25.0487445036119
桃園市龜山區樂善里2鄰樂善三路66號二十七樓,68,6800700,6800700-010,2鄰,樂善三路,,,,,,66號二十七樓,121.382517969063,25.0487445036119
桃園市龜山區樂善里2鄰樂善三路66號二十八樓,68,6800700,6800700-010,2鄰,樂善三路,,,,,,66號二十八樓,121.382517969063,25.0487445036119
桃園市龜山區樂善里2鄰樂善三路66號二十九樓,68,6800700,6800700-010,2鄰,樂善三路,,,,,,66號二十九樓,121.382517969063,25.0487445036119
桃園市龜山區樂善里2鄰樂善三路68號十樓,68,6800700,6800700-010,2鄰,樂善三路,,,,,,68號十樓,121.382455736628,25.0487785195722
桃園市龜山區樂善里2鄰樂善三路68號三樓,68,6800700,6800700-010,2鄰,樂善三路,,,,,,68號三樓,121.382455736628,25.0487785195722
桃園市龜山區樂善里2鄰樂善三路68號四樓,68,6800700,6800700-010,2鄰,樂善三路,,,,,,68號四樓,121.382455736628,25.0487785195722
桃園市龜山區樂善里2鄰樂善三路68號五樓,68,6800700,6800700-010,2鄰,樂善三路,,,,,,68號五樓,121.382455736628,25.0487785195722
桃園市龜山區樂善里2鄰樂善三路68號六樓,68,6800700,6800700-010,2鄰,樂善三路,,,,,,68號六樓,121.382455736628,25.0487785195722
桃園市龜山區樂善里2鄰樂善三路68號七樓,68,6800700,6800700-010,2鄰,樂善三路,,,,,,68號七樓,121.382455736628,25.0487785195722
桃園市龜山區樂善里2鄰樂善三路68號八樓,68,6800700,6800700-010,2鄰,樂善三路,,,,,,68號八樓,121.382455736628,25.0487785195722
桃園市龜山區樂善里2鄰樂善三路68號九樓,68,6800700,6800700-010,2鄰,樂善三路,,,,,,68號九樓,121.382455736628,25.0487785195722
桃園市龜山區樂善里2鄰樂善三路68號十一樓,68,6800700,6800700-010,2鄰,樂善三路,,,,,,68號十一樓,121.382455736628,25.0487785195722
桃園市龜山區樂善里2鄰樂善三路68號十二樓,68,6800700,6800700-010,2鄰,樂善三路,,,,,,68號十二樓,121.382455736628,25.0487785195722
桃園市龜山區樂善里2鄰樂善三路70號十樓,68,6800700,6800700-010,2鄰,樂善三路,,,,,,70號十樓,121.382370973832,25.048801849951
桃園市龜山區樂善里2鄰樂善三路70號三樓,68,6800700,6800700-010,2鄰,樂善三路,,,,,,70號三樓,121.382370973832,25.048801849951
桃園市龜山區樂善里2鄰樂善三路70號四樓,68,6800700,6800700-010,2鄰,樂善三路,,,,,,70號四樓,121.382370973832,25.048801849951
桃園市龜山區樂善里2鄰樂善三路70號五樓,68,6800700,6800700-010,2鄰,樂善三路,,,,,,70號五樓,121.382370973832,25.048801849951
桃園市龜山區樂善里2鄰樂善三路70號六樓,68,6800700,6800700-010,2鄰,樂善三路,,,,,,70號六樓,121.382370973832,25.048801849951
桃園市龜山區樂善里2鄰樂善三路70號七樓,68,6800700,6800700-010,2鄰,樂善三路,,,,,,70號七樓,121.382370973832,25.048801849951
桃園市龜山區樂善里2鄰樂善三路70號八樓,68,6800700,6800700-010,2鄰,樂善三路,,,,,,70號八樓,121.382370973832,25.048801849951
桃園市龜山區樂善里2鄰樂善三路70號九樓,68,6800700,6800700-010,2鄰,樂善三路,,,,,,70號九樓,121.382370973832,25.048801849951
桃園市龜山區樂善里2鄰樂善三路70號十一樓,68,6800700,6800700-010,2鄰,樂善三路,,,,,,70號十一樓,121.382370973832,25.048801849951
桃園市龜山區樂善里2鄰樂善三路70號十二樓,68,6800700,6800700-010,2鄰,樂善三路,,,,,,70號十二樓,121.382370973832,25.048801849951
桃園市龜山區樂善里2鄰樂善三路72號,68,6800700,6800700-010,2鄰,樂善三路,,,,,,72號,121.382456876231,25.0488902856733
桃園市龜山區樂善里2鄰樂善三路72號十樓,68,6800700,6800700-010,2鄰,樂善三路,,,,,,72號十樓,121.382456876231,25.0488902856733
桃園市龜山區樂善里2鄰樂善三路72號二樓,68,6800700,6800700-010,2鄰,樂善三路,,,,,,72號二樓,121.382456876231,25.0488902856733
桃園市龜山區樂善里2鄰樂善三路72號三樓,68,6800700,6800700-010,2鄰,樂善三路,,,,,,72號三樓,121.382456876231,25.0488902856733
桃園市龜山區樂善里2鄰樂善三路72號四樓,68,6800700,6800700-010,2鄰,樂善三路,,,,,,72號四樓,121.382456876231,25.0488902856733
桃園市龜山區樂善里2鄰樂善三路72號五樓,68,6800700,6800700-010,2鄰,樂善三路,,,,,,72號五樓,121.382456876231,25.0488902856733
桃園市龜山區樂善里2鄰樂善三路72號六樓,68,6800700,6800700-010,2鄰,樂善三路,,,,,,72號六樓,121.382456876231,25.0488902856733
桃園市龜山區樂善里2鄰樂善三路72號七樓,68,6800700,6800700-010,2鄰,樂善三路,,,,,,72號七樓,121.382456876231,25.0488902856733
桃園市龜山區樂善里2鄰樂善三路72號八樓,68,6800700,6800700-010,2鄰,樂善三路,,,,,,72號八樓,121.382456876231,25.0488902856733
桃園市龜山區樂善里2鄰樂善三路72號九樓,68,6800700,6800700-010,2鄰,樂善三路,,,,,,72號九樓,121.382456876231,25.0488902856733
桃園市龜山區樂善里2鄰樂善三路72號十一樓,68,6800700,6800700-010,2鄰,樂善三路,,,,,,72號十一樓,121.382456876231,25.0488902856733
桃園市龜山區樂善里2鄰樂善三路72號十二樓,68,6800700,6800700-010,2鄰,樂善三路,,,,,,72號十二樓,121.382456876231,25.0488902856733
桃園市龜山區樂善里2鄰樂善三路76號,68,6800700,6800700-010,2鄰,樂善三路,,,,,,76號,121.382550219248,25.0488533908597
桃園市龜山區樂善里2鄰樂善三路76號十樓,68,6800700,6800700-010,2鄰,樂善三路,,,,,,76號十樓,121.382550219248,25.0488533908597
桃園市龜山區樂善里2鄰樂善三路76號二樓,68,6800700,6800700-010,2鄰,樂善三路,,,,,,76號二樓,121.382550219248,25.0488533908597
桃園市龜山區樂善里2鄰樂善三路76號三樓,68,6800700,6800700-010,2鄰,樂善三路,,,,,,76號三樓,121.382550219248,25.0488533908597
桃園市龜山區樂善里2鄰樂善三路76號四樓,68,6800700,6800700-010,2鄰,樂善三路,,,,,,76號四樓,121.382550219248,25.0488533908597
桃園市龜山區樂善里2鄰樂善三路76號五樓,68,6800700,6800700-010,2鄰,樂善三路,,,,,,76號五樓,121.382550219248,25.0488533908597
桃園市龜山區樂善里2鄰樂善三路76號六樓,68,6800700,6800700-010,2鄰,樂善三路,,,,,,76號六樓,121.382550219248,25.0488533908597
桃園市龜山區樂善里2鄰樂善三路76號七樓,68,6800700,6800700-010,2鄰,樂善三路,,,,,,76號七樓,121.382550219248,25.0488533908597
桃園市龜山區樂善里2鄰樂善三路76號八樓,68,6800700,6800700-010,2鄰,樂善三路,,,,,,76號八樓,121.382550219248,25.0488533908597
桃園市龜山區樂善里2鄰樂善三路76號九樓,68,6800700,6800700-010,2鄰,樂善三路,,,,,,76號九樓,121.382550219248,25.0488533908597
桃園市龜山區樂善里2鄰樂善三路76號十一樓,68,6800700,6800700-010,2鄰,樂善三路,,,,,,76號十一樓,121.382550219248,25.0488533908597
桃園市龜山區樂善里2鄰樂善三路76號十二樓,68,6800700,6800700-010,2鄰,樂善三路,,,,,,76號十二樓,121.382550219248,25.0488533908597
桃園市龜山區樂善里2鄰樂善三路76號十三樓,68,6800700,6800700-010,2鄰,樂善三路,,,,,,76號十三樓,121.382550219248,25.0488533908597
桃園市龜山區樂善里2鄰樂善三路76號十四樓,68,6800700,6800700-010,2鄰,樂善三路,,,,,,76號十四樓,121.382550219248,25.0488533908597
桃園市龜山區樂善里2鄰樂善三路76號十五樓,68,6800700,6800700-010,2鄰,樂善三路,,,,,,76號十五樓,121.382550219248,25.0488533908597
桃園市龜山區樂善里2鄰樂善三路76號十六樓,68,6800700,6800700-010,2鄰,樂善三路,,,,,,76號十六樓,121.382550219248,25.0488533908597
桃園市龜山區樂善里2鄰樂善三路76號十七樓,68,6800700,6800700-010,2鄰,樂善三路,,,,,,76號十七樓,121.382550219248,25.0488533908597
桃園市龜山區樂善里2鄰樂善三路76號十八樓,68,6800700,6800700-010,2鄰,樂善三路,,,,,,76號十八樓,121.382550219248,25.0488533908597
桃園市龜山區樂善里2鄰樂善三路76號十九樓,68,6800700,6800700-010,2鄰,樂善三路,,,,,,76號十九樓,121.382550219248,25.0488533908597
桃園市龜山區樂善里2鄰樂善三路76號二十樓,68,6800700,6800700-010,2鄰,樂善三路,,,,,,76號二十樓,121.382550219248,25.0488533908597
桃園市龜山區樂善里2鄰樂善三路76號二十一樓,68,6800700,6800700-010,2鄰,樂善三路,,,,,,76號二十一樓,121.382550219248,25.0488533908597
桃園市龜山區樂善里2鄰樂善三路76號二十二樓,68,6800700,6800700-010,2鄰,樂善三路,,,,,,76號二十二樓,121.382550219248,25.0488533908597
桃園市龜山區樂善里2鄰樂善三路76號二十三樓,68,6800700,6800700-010,2鄰,樂善三路,,,,,,76號二十三樓,121.382550219248,25.0488533908597
桃園市龜山區樂善里2鄰樂善三路76號二十四樓,68,6800700,6800700-010,2鄰,樂善三路,,,,,,76號二十四樓,121.382550219248,25.0488533908597
桃園市龜山區樂善里2鄰樂善三路76號二十五樓,68,6800700,6800700-010,2鄰,樂善三路,,,,,,76號二十五樓,121.382550219248,25.0488533908597
桃園市龜山區樂善里2鄰樂善三路76號二十六樓,68,6800700,6800700-010,2鄰,樂善三路,,,,,,76號二十六樓,121.382550219248,25.0488533908597
桃園市龜山區樂善里2鄰樂善三路76號二十七樓,68,6800700,6800700-010,2鄰,樂善三路,,,,,,76號二十七樓,121.382550219248,25.0488533908597
桃園市龜山區樂善里2鄰樂善三路76號二十八樓,68,6800700,6800700-010,2鄰,樂善三路,,,,,,76號二十八樓,121.382550219248,25.0488533908597
桃園市龜山區樂善里2鄰樂善三路76號二十九樓,68,6800700,6800700-010,2鄰,樂善三路,,,,,,76號二十九樓,121.382550219248,25.0488533908597
桃園市龜山區樂善里2鄰樂善三路78號,68,6800700,6800700-010,2鄰,樂善三路,,,,,,78號,121.382638186119,25.0488086553074
桃園市龜山區樂善里2鄰樂善三路78號十樓,68,6800700,6800700-010,2鄰,樂善三路,,,,,,78號十樓,121.382638186119,25.0488086553074
桃園市龜山區樂善里2鄰樂善三路78號二樓,68,6800700,6800700-010,2鄰,樂善三路,,,,,,78號二樓,121.382638186119,25.0488086553074
桃園市龜山區樂善里2鄰樂善三路78號三樓,68,6800700,6800700-010,2鄰,樂善三路,,,,,,78號三樓,121.382638186119,25.0488086553074
桃園市龜山區樂善里2鄰樂善三路78號四樓,68,6800700,6800700-010,2鄰,樂善三路,,,,,,78號四樓,121.382638186119,25.0488086553074
桃園市龜山區樂善里2鄰樂善三路78號五樓,68,6800700,6800700-010,2鄰,樂善三路,,,,,,78號五樓,121.382638186119,25.0488086553074
桃園市龜山區樂善里2鄰樂善三路78號六樓,68,6800700,6800700-010,2鄰,樂善三路,,,,,,78號六樓,121.382638186119,25.0488086553074
桃園市龜山區樂善里2鄰樂善三路78號七樓,68,6800700,6800700-010,2鄰,樂善三路,,,,,,78號七樓,121.382638186119,25.0488086553074
桃園市龜山區樂善里2鄰樂善三路78號八樓,68,6800700,6800700-010,2鄰,樂善三路,,,,,,78號八樓,121.382638186119,25.0488086553074
桃園市龜山區樂善里2鄰樂善三路78號九樓,68,6800700,6800700-010,2鄰,樂善三路,,,,,,78號九樓,121.382638186119,25.0488086553074
桃園市龜山區樂善里2鄰樂善三路78號十一樓,68,6800700,6800700-010,2鄰,樂善三路,,,,,,78號十一樓,121.382638186119,25.0488086553074
桃園市龜山區樂善里2鄰樂善三路78號十二樓,68,6800700,6800700-010,2鄰,樂善三路,,,,,,78號十二樓,121.382638186119,25.0488086553074
桃園市龜山區樂善里2鄰樂善三路78號十三樓,68,6800700,6800700-010,2鄰,樂善三路,,,,,,78號十三樓,121.382638186119,25.0488086553074
桃園市龜山區樂善里2鄰樂善三路78號十四樓,68,6800700,6800700-010,2鄰,樂善三路,,,,,,78號十四樓,121.382638186119,25.0488086553074
桃園市龜山區樂善里2鄰樂善三路78號十五樓,68,6800700,6800700-010,2鄰,樂善三路,,,,,,78號十五樓,121.382638186119,25.0488086553074
桃園市龜山區樂善里2鄰樂善三路78號十六樓,68,6800700,6800700-010,2鄰,樂善三路,,,,,,78號十六樓,121.382638186119,25.0488086553074
桃園市龜山區樂善里2鄰樂善三路78號十七樓,68,6800700,6800700-010,2鄰,樂善三路,,,,,,78號十七樓,121.382638186119,25.0488086553074
桃園市龜山區樂善里2鄰樂善三路78號十八樓,68,6800700,6800700-010,2鄰,樂善三路,,,,,,78號十八樓,121.382638186119,25.0488086553074
桃園市龜山區樂善里2鄰樂善三路78號十九樓,68,6800700,6800700-010,2鄰,樂善三路,,,,,,78號十九樓,121.382638186119,25.0488086553074
桃園市龜山區樂善里2鄰樂善三路78號二十樓,68,6800700,6800700-010,2鄰,樂善三路,,,,,,78號二十樓,121.382638186119,25.0488086553074
桃園市龜山區樂善里2鄰樂善三路78號二十一樓,68,6800700,6800700-010,2鄰,樂善三路,,,,,,78號二十一樓,121.382638186119,25.0488086553074
桃園市龜山區樂善里2鄰樂善三路78號二十二樓,68,6800700,6800700-010,2鄰,樂善三路,,,,,,78號二十二樓,121.382638186119,25.0488086553074
桃園市龜山區樂善里2鄰樂善三路78號二十三樓,68,6800700,6800700-010,2鄰,樂善三路,,,,,,78號二十三樓,121.382638186119,25.0488086553074
桃園市龜山區樂善里2鄰樂善三路78號二十四樓,68,6800700,6800700-010,2鄰,樂善三路,,,,,,78號二十四樓,121.382638186119,25.0488086553074
桃園市龜山區樂善里2鄰樂善三路78號二十五樓,68,6800700,6800700-010,2鄰,樂善三路,,,,,,78號二十五樓,121.382638186119,25.0488086553074
桃園市龜山區樂善里2鄰樂善三路78號二十六樓,68,6800700,6800700-010,2鄰,樂善三路,,,,,,78號二十六樓,121.382638186119,25.0488086553074
桃園市龜山區樂善里2鄰樂善三路78號二十七樓,68,6800700,6800700-010,2鄰,樂善三路,,,,,,78號二十七樓,121.382638186119,25.0488086553074
桃園市龜山區樂善里2鄰樂善三路78號二十八樓,68,6800700,6800700-010,2鄰,樂善三路,,,,,,78號二十八樓,121.382638186119,25.0488086553074
桃園市龜山區樂善里2鄰樂善三路78號二十九樓,68,6800700,6800700-010,2鄰,樂善三路,,,,,,78號二十九樓,121.382638186119,25.0488086553074
桃園市龜山區樂善里2鄰樂善三路80號,68,6800700,6800700-010,2鄰,樂善三路,,,,,,80號,121.382714323191,25.0487523038116
桃園市龜山區樂善里2鄰樂善三路80號十樓,68,6800700,6800700-010,2鄰,樂善三路,,,,,,80號十樓,121.382714323191,25.0487523038116
桃園市龜山區樂善里2鄰樂善三路80號二樓,68,6800700,6800700-010,2鄰,樂善三路,,,,,,80號二樓,121.382714323191,25.0487523038116
桃園市龜山區樂善里2鄰樂善三路80號三樓,68,6800700,6800700-010,2鄰,樂善三路,,,,,,80號三樓,121.382714323191,25.0487523038116
桃園市龜山區樂善里2鄰樂善三路80號四樓,68,6800700,6800700-010,2鄰,樂善三路,,,,,,80號四樓,121.382714323191,25.0487523038116
桃園市龜山區樂善里2鄰樂善三路80號五樓,68,6800700,6800700-010,2鄰,樂善三路,,,,,,80號五樓,121.382714323191,25.0487523038116
桃園市龜山區樂善里2鄰樂善三路80號六樓,68,6800700,6800700-010,2鄰,樂善三路,,,,,,80號六樓,121.382714323191,25.0487523038116
桃園市龜山區樂善里2鄰樂善三路80號七樓,68,6800700,6800700-010,2鄰,樂善三路,,,,,,80號七樓,121.382714323191,25.0487523038116
桃園市龜山區樂善里2鄰樂善三路80號八樓,68,6800700,6800700-010,2鄰,樂善三路,,,,,,80號八樓,121.382714323191,25.0487523038116
桃園市龜山區樂善里2鄰樂善三路80號九樓,68,6800700,6800700-010,2鄰,樂善三路,,,,,,80號九樓,121.382714323191,25.0487523038116
桃園市龜山區樂善里2鄰樂善三路80號十一樓,68,6800700,6800700-010,2鄰,樂善三路,,,,,,80號十一樓,121.382714323191,25.0487523038116
桃園市龜山區樂善里2鄰樂善三路80號十二樓,68,6800700,6800700-010,2鄰,樂善三路,,,,,,80號十二樓,121.382714323191,25.0487523038116
桃園市龜山區樂善里2鄰樂善三路80號十三樓,68,6800700,6800700-010,2鄰,樂善三路,,,,,,80號十三樓,121.382714323191,25.0487523038116
桃園市龜山區樂善里2鄰樂善三路80號十四樓,68,6800700,6800700-010,2鄰,樂善三路,,,,,,80號十四樓,121.382714323191,25.0487523038116
桃園市龜山區樂善里2鄰樂善三路80號十五樓,68,6800700,6800700-010,2鄰,樂善三路,,,,,,80號十五樓,121.382714323191,25.0487523038116
桃園市龜山區樂善里2鄰樂善三路80號十六樓,68,6800700,6800700-010,2鄰,樂善三路,,,,,,80號十六樓,121.382714323191,25.0487523038116
桃園市龜山區樂善里2鄰樂善三路80號十七樓,68,6800700,6800700-010,2鄰,樂善三路,,,,,,80號十七樓,121.382714323191,25.0487523038116
桃園市龜山區樂善里2鄰樂善三路80號十八樓,68,6800700,6800700-010,2鄰,樂善三路,,,,,,80號十八樓,121.382714323191,25.0487523038116
桃園市龜山區樂善里2鄰樂善三路80號十九樓,68,6800700,6800700-010,2鄰,樂善三路,,,,,,80號十九樓,121.382714323191,25.0487523038116
桃園市龜山區樂善里2鄰樂善三路80號二十樓,68,6800700,6800700-010,2鄰,樂善三路,,,,,,80號二十樓,121.382714323191,25.0487523038116
桃園市龜山區樂善里2鄰樂善三路80號二十一樓,68,6800700,6800700-010,2鄰,樂善三路,,,,,,80號二十一樓,121.382714323191,25.0487523038116
桃園市龜山區樂善里2鄰樂善三路80號二十二樓,68,6800700,6800700-010,2鄰,樂善三路,,,,,,80號二十二樓,121.382714323191,25.0487523038116
桃園市龜山區樂善里2鄰樂善三路80號二十三樓,68,6800700,6800700-010,2鄰,樂善三路,,,,,,80號二十三樓,121.382714323191,25.0487523038116
桃園市龜山區樂善里2鄰樂善三路80號二十四樓,68,6800700,6800700-010,2鄰,樂善三路,,,,,,80號二十四樓,121.382714323191,25.0487523038116
桃園市龜山區樂善里2鄰樂善三路80號二十五樓,68,6800700,6800700-010,2鄰,樂善三路,,,,,,80號二十五樓,121.382714323191,25.0487523038116
桃園市龜山區樂善里2鄰樂善三路80號二十六樓,68,6800700,6800700-010,2鄰,樂善三路,,,,,,80號二十六樓,121.382714323191,25.0487523038116
桃園市龜山區樂善里2鄰樂善三路80號二十七樓,68,6800700,6800700-010,2鄰,樂善三路,,,,,,80號二十七樓,121.382714323191,25.0487523038116
桃園市龜山區樂善里2鄰樂善三路80號二十八樓,68,6800700,6800700-010,2鄰,樂善三路,,,,,,80號二十八樓,121.382714323191,25.0487523038116
桃園市龜山區樂善里2鄰樂善三路80號二十九樓,68,6800700,6800700-010,2鄰,樂善三路,,,,,,80號二十九樓,121.382714323191,25.0487523038116
桃園市龜山區樂善里2鄰樂善三路82號十樓,68,6800700,6800700-010,2鄰,樂善三路,,,,,,82號十樓,121.382788337059,25.0487143752626
桃園市龜山區樂善里2鄰樂善三路82號三樓,68,6800700,6800700-010,2鄰,樂善三路,,,,,,82號三樓,121.382788337059,25.0487143752626
桃園市龜山區樂善里2鄰樂善三路82號四樓,68,6800700,6800700-010,2鄰,樂善三路,,,,,,82號四樓,121.382788337059,25.0487143752626
桃園市龜山區樂善里2鄰樂善三路82號五樓,68,6800700,6800700-010,2鄰,樂善三路,,,,,,82號五樓,121.382788337059,25.0487143752626
桃園市龜山區樂善里2鄰樂善三路82號六樓,68,6800700,6800700-010,2鄰,樂善三路,,,,,,82號六樓,121.382788337059,25.0487143752626
桃園市龜山區樂善里2鄰樂善三路82號七樓,68,6800700,6800700-010,2鄰,樂善三路,,,,,,82號七樓,121.382788337059,25.0487143752626
桃園市龜山區樂善里2鄰樂善三路82號八樓,68,6800700,6800700-010,2鄰,樂善三路,,,,,,82號八樓,121.382788337059,25.0487143752626
桃園市龜山區樂善里2鄰樂善三路82號九樓,68,6800700,6800700-010,2鄰,樂善三路,,,,,,82號九樓,121.382788337059,25.0487143752626
桃園市龜山區樂善里2鄰樂善三路82號十一樓,68,6800700,6800700-010,2鄰,樂善三路,,,,,,82號十一樓,121.382788337059,25.0487143752626
桃園市龜山區樂善里2鄰樂善三路82號十二樓,68,6800700,6800700-010,2鄰,樂善三路,,,,,,82號十二樓,121.382788337059,25.0487143752626
桃園市龜山區樂善里2鄰樂善三路82號十三樓,68,6800700,6800700-010,2鄰,樂善三路,,,,,,82號十三樓,121.382788337059,25.0487143752626
桃園市龜山區樂善里2鄰樂善三路82號十四樓,68,6800700,6800700-010,2鄰,樂善三路,,,,,,82號十四樓,121.382788337059,25.0487143752626
桃園市龜山區樂善里2鄰樂善三路82號十五樓,68,6800700,6800700-010,2鄰,樂善三路,,,,,,82號十五樓,121.382788337059,25.0487143752626
桃園市龜山區樂善里2鄰樂善三路82號十六樓,68,6800700,6800700-010,2鄰,樂善三路,,,,,,82號十六樓,121.382788337059,25.0487143752626
桃園市龜山區樂善里2鄰樂善三路82號十七樓,68,6800700,6800700-010,2鄰,樂善三路,,,,,,82號十七樓,121.382788337059,25.0487143752626
桃園市龜山區樂善里2鄰樂善三路82號十八樓,68,6800700,6800700-010,2鄰,樂善三路,,,,,,82號十八樓,121.382788337059,25.0487143752626
桃園市龜山區樂善里2鄰樂善三路82號十九樓,68,6800700,6800700-010,2鄰,樂善三路,,,,,,82號十九樓,121.382788337059,25.0487143752626
桃園市龜山區樂善里2鄰樂善三路82號二十樓,68,6800700,6800700-010,2鄰,樂善三路,,,,,,82號二十樓,121.382788337059,25.0487143752626
桃園市龜山區樂善里2鄰樂善三路82號二十一樓,68,6800700,6800700-010,2鄰,樂善三路,,,,,,82號二十一樓,121.382788337059,25.0487143752626
桃園市龜山區樂善里2鄰樂善三路82號二十二樓,68,6800700,6800700-010,2鄰,樂善三路,,,,,,82號二十二樓,121.382788337059,25.0487143752626
桃園市龜山區樂善里2鄰樂善三路82號二十三樓,68,6800700,6800700-010,2鄰,樂善三路,,,,,,82號二十三樓,121.382788337059,25.0487143752626
桃園市龜山區樂善里2鄰樂善三路82號二十四樓,68,6800700,6800700-010,2鄰,樂善三路,,,,,,82號二十四樓,121.382788337059,25.0487143752626
桃園市龜山區樂善里2鄰樂善三路82號二十五樓,68,6800700,6800700-010,2鄰,樂善三路,,,,,,82號二十五樓,121.382788337059,25.0487143752626
桃園市龜山區樂善里2鄰樂善三路82號二十六樓,68,6800700,6800700-010,2鄰,樂善三路,,,,,,82號二十六樓,121.382788337059,25.0487143752626
桃園市龜山區樂善里2鄰樂善三路82號二十七樓,68,6800700,6800700-010,2鄰,樂善三路,,,,,,82號二十七樓,121.382788337059,25.0487143752626
桃園市龜山區樂善里2鄰樂善三路82號二十八樓,68,6800700,6800700-010,2鄰,樂善三路,,,,,,82號二十八樓,121.382788337059,25.0487143752626
桃園市龜山區樂善里2鄰樂善三路82號二十九樓,68,6800700,6800700-010,2鄰,樂善三路,,,,,,82號二十九樓,121.382788337059,25.0487143752626
桃園市龜山區樂善里2鄰樂善三路86號十樓,68,6800700,6800700-010,2鄰,樂善三路,,,,,,86號十樓,121.382737881271,25.0486151951402
桃園市龜山區樂善里2鄰樂善三路86號三樓,68,6800700,6800700-010,2鄰,樂善三路,,,,,,86號三樓,121.382737881271,25.0486151951402
桃園市龜山區樂善里2鄰樂善三路86號四樓,68,6800700,6800700-010,2鄰,樂善三路,,,,,,86號四樓,121.382737881271,25.0486151951402
桃園市龜山區樂善里2鄰樂善三路86號五樓,68,6800700,6800700-010,2鄰,樂善三路,,,,,,86號五樓,121.382737881271,25.0486151951402
桃園市龜山區樂善里2鄰樂善三路86號六樓,68,6800700,6800700-010,2鄰,樂善三路,,,,,,86號六樓,121.382737881271,25.0486151951402
桃園市龜山區樂善里2鄰樂善三路86號七樓,68,6800700,6800700-010,2鄰,樂善三路,,,,,,86號七樓,121.382737881271,25.0486151951402
桃園市龜山區樂善里2鄰樂善三路86號八樓,68,6800700,6800700-010,2鄰,樂善三路,,,,,,86號八樓,121.382737881271,25.0486151951402
桃園市龜山區樂善里2鄰樂善三路86號九樓,68,6800700,6800700-010,2鄰,樂善三路,,,,,,86號九樓,121.382737881271,25.0486151951402
桃園市龜山區樂善里2鄰樂善三路86號十一樓,68,6800700,6800700-010,2鄰,樂善三路,,,,,,86號十一樓,121.382737881271,25.0486151951402
桃園市龜山區樂善里2鄰樂善三路86號十二樓,68,6800700,6800700-010,2鄰,樂善三路,,,,,,86號十二樓,121.382737881271,25.0486151951402
桃園市龜山區樂善里2鄰樂善三路86號十三樓,68,6800700,6800700-010,2鄰,樂善三路,,,,,,86號十三樓,121.382737881271,25.0486151951402
桃園市龜山區樂善里2鄰樂善三路86號十四樓,68,6800700,6800700-010,2鄰,樂善三路,,,,,,86號十四樓,121.382737881271,25.0486151951402
桃園市龜山區樂善里2鄰樂善三路86號十五樓,68,6800700,6800700-010,2鄰,樂善三路,,,,,,86號十五樓,121.382737881271,25.0486151951402
桃園市龜山區樂善里2鄰樂善三路86號十六樓,68,6800700,6800700-010,2鄰,樂善三路,,,,,,86號十六樓,121.382737881271,25.0486151951402
桃園市龜山區樂善里2鄰樂善三路86號十七樓,68,6800700,6800700-010,2鄰,樂善三路,,,,,,86號十七樓,121.382737881271,25.0486151951402
桃園市龜山區樂善里2鄰樂善三路86號十八樓,68,6800700,6800700-010,2鄰,樂善三路,,,,,,86號十八樓,121.382737881271,25.0486151951402
桃園市龜山區樂善里2鄰樂善三路86號十九樓,68,6800700,6800700-010,2鄰,樂善三路,,,,,,86號十九樓,121.382737881271,25.0486151951402
桃園市龜山區樂善里2鄰樂善三路86號二十樓,68,6800700,6800700-010,2鄰,樂善三路,,,,,,86號二十樓,121.382737881271,25.0486151951402
桃園市龜山區樂善里2鄰樂善三路86號二十一樓,68,6800700,6800700-010,2鄰,樂善三路,,,,,,86號二十一樓,121.382737881271,25.0486151951402
桃園市龜山區樂善里2鄰樂善三路86號二十二樓,68,6800700,6800700-010,2鄰,樂善三路,,,,,,86號二十二樓,121.382737881271,25.0486151951402
桃園市龜山區樂善里2鄰樂善三路86號二十三樓,68,6800700,6800700-010,2鄰,樂善三路,,,,,,86號二十三樓,121.382737881271,25.0486151951402
桃園市龜山區樂善里2鄰樂善三路86號二十四樓,68,6800700,6800700-010,2鄰,樂善三路,,,,,,86號二十四樓,121.382737881271,25.0486151951402
桃園市龜山區樂善里2鄰樂善三路86號二十五樓,68,6800700,6800700-010,2鄰,樂善三路,,,,,,86號二十五樓,121.382737881271,25.0486151951402
桃園市龜山區樂善里2鄰樂善三路86號二十六樓,68,6800700,6800700-010,2鄰,樂善三路,,,,,,86號二十六樓,121.382737881271,25.0486151951402
桃園市龜山區樂善里2鄰樂善三路86號二十七樓,68,6800700,6800700-010,2鄰,樂善三路,,,,,,86號二十七樓,121.382737881271,25.0486151951402
桃園市龜山區樂善里2鄰樂善三路86號二十八樓,68,6800700,6800700-010,2鄰,樂善三路,,,,,,86號二十八樓,121.382737881271,25.0486151951402
桃園市龜山區樂善里2鄰樂善三路86號二十九樓,68,6800700,6800700-010,2鄰,樂善三路,,,,,,86號二十九樓,121.382737881271,25.0486151951402
桃園市龜山區樂善里2鄰樂善三路88號十樓,68,6800700,6800700-010,2鄰,樂善三路,,,,,,88號十樓,121.382674669957,25.0486530958368
桃園市龜山區樂善里2鄰樂善三路88號三樓,68,6800700,6800700-010,2鄰,樂善三路,,,,,,88號三樓,121.382674669957,25.0486530958368
桃園市龜山區樂善里2鄰樂善三路88號四樓,68,6800700,6800700-010,2鄰,樂善三路,,,,,,88號四樓,121.382674669957,25.0486530958368
桃園市龜山區樂善里2鄰樂善三路88號五樓,68,6800700,6800700-010,2鄰,樂善三路,,,,,,88號五樓,121.382674669957,25.0486530958368
桃園市龜山區樂善里2鄰樂善三路88號六樓,68,6800700,6800700-010,2鄰,樂善三路,,,,,,88號六樓,121.382674669957,25.0486530958368
桃園市龜山區樂善里2鄰樂善三路88號七樓,68,6800700,6800700-010,2鄰,樂善三路,,,,,,88號七樓,121.382674669957,25.0486530958368
桃園市龜山區樂善里2鄰樂善三路88號八樓,68,6800700,6800700-010,2鄰,樂善三路,,,,,,88號八樓,121.382674669957,25.0486530958368
桃園市龜山區樂善里2鄰樂善三路88號九樓,68,6800700,6800700-010,2鄰,樂善三路,,,,,,88號九樓,121.382674669957,25.0486530958368
桃園市龜山區樂善里2鄰樂善三路88號十一樓,68,6800700,6800700-010,2鄰,樂善三路,,,,,,88號十一樓,121.382674669957,25.0486530958368
桃園市龜山區樂善里2鄰樂善三路88號十二樓,68,6800700,6800700-010,2鄰,樂善三路,,,,,,88號十二樓,121.382674669957,25.0486530958368
桃園市龜山區樂善里2鄰樂善三路88號十三樓,68,6800700,6800700-010,2鄰,樂善三路,,,,,,88號十三樓,121.382674669957,25.0486530958368
桃園市龜山區樂善里2鄰樂善三路88號十四樓,68,6800700,6800700-010,2鄰,樂善三路,,,,,,88號十四樓,121.382674669957,25.0486530958368
桃園市龜山區樂善里2鄰樂善三路88號十五樓,68,6800700,6800700-010,2鄰,樂善三路,,,,,,88號十五樓,121.382674669957,25.0486530958368
桃園市龜山區樂善里2鄰樂善三路88號十六樓,68,6800700,6800700-010,2鄰,樂善三路,,,,,,88號十六樓,121.382674669957,25.0486530958368
桃園市龜山區樂善里2鄰樂善三路88號十七樓,68,6800700,6800700-010,2鄰,樂善三路,,,,,,88號十七樓,121.382674669957,25.0486530958368
桃園市龜山區樂善里2鄰樂善三路88號十八樓,68,6800700,6800700-010,2鄰,樂善三路,,,,,,88號十八樓,121.382674669957,25.0486530958368
桃園市龜山區樂善里2鄰樂善三路88號十九樓,68,6800700,6800700-010,2鄰,樂善三路,,,,,,88號十九樓,121.382674669957,25.0486530958368
桃園市龜山區樂善里2鄰樂善三路88號二十樓,68,6800700,6800700-010,2鄰,樂善三路,,,,,,88號二十樓,121.382674669957,25.0486530958368
桃園市龜山區樂善里2鄰樂善三路88號二十一樓,68,6800700,6800700-010,2鄰,樂善三路,,,,,,88號二十一樓,121.382674669957,25.0486530958368
桃園市龜山區樂善里2鄰樂善三路88號二十二樓,68,6800700,6800700-010,2鄰,樂善三路,,,,,,88號二十二樓,121.382674669957,25.0486530958368
桃園市龜山區樂善里2鄰樂善三路88號二十三樓,68,6800700,6800700-010,2鄰,樂善三路,,,,,,88號二十三樓,121.382674669957,25.0486530958368
桃園市龜山區樂善里2鄰樂善三路88號二十四樓,68,6800700,6800700-010,2鄰,樂善三路,,,,,,88號二十四樓,121.382674669957,25.0486530958368
桃園市龜山區樂善里2鄰樂善三路88號二十五樓,68,6800700,6800700-010,2鄰,樂善三路,,,,,,88號二十五樓,121.382674669957,25.0486530958368
桃園市龜山區樂善里2鄰樂善三路88號二十六樓,68,6800700,6800700-010,2鄰,樂善三路,,,,,,88號二十六樓,121.382674669957,25.0486530958368
桃園市龜山區樂善里2鄰樂善三路88號二十七樓,68,6800700,6800700-010,2鄰,樂善三路,,,,,,88號二十七樓,121.382674669957,25.0486530958368
桃園市龜山區樂善里2鄰樂善三路88號二十八樓,68,6800700,6800700-010,2鄰,樂善三路,,,,,,88號二十八樓,121.382674669957,25.0486530958368
桃園市龜山區樂善里2鄰樂善三路88號二十九樓,68,6800700,6800700-010,2鄰,樂善三路,,,,,,88號二十九樓,121.382674669957,25.0486530958368
桃園市龜山區樂善里6鄰樂善三路100號,68,6800700,6800700-010,6鄰,樂善三路,,,,,,100號,121.382723246316,25.0478915328155
桃園市龜山區樂善里6鄰樂善三路100號十樓之1,68,6800700,6800700-010,6鄰,樂善三路,,,,,,100號十樓之1,121.382723246316,25.0478915328155
桃園市龜山區樂善里6鄰樂善三路100號十樓之2,68,6800700,6800700-010,6鄰,樂善三路,,,,,,100號十樓之2,121.382723246316,25.0478915328155
桃園市龜山區樂善里6鄰樂善三路100號十樓之3,68,6800700,6800700-010,6鄰,樂善三路,,,,,,100號十樓之3,121.382723246316,25.0478915328155
桃園市龜山區樂善里6鄰樂善三路100號二樓之1,68,6800700,6800700-010,6鄰,樂善三路,,,,,,100號二樓之1,121.382723246316,25.0478915328155
桃園市龜山區樂善里6鄰樂善三路100號二樓之3,68,6800700,6800700-010,6鄰,樂善三路,,,,,,100號二樓之3,121.382723246316,25.0478915328155
桃園市龜山區樂善里6鄰樂善三路100號三樓之1,68,6800700,6800700-010,6鄰,樂善三路,,,,,,100號三樓之1,121.382723246316,25.0478915328155
桃園市龜山區樂善里6鄰樂善三路100號三樓之2,68,6800700,6800700-010,6鄰,樂善三路,,,,,,100號三樓之2,121.382723246316,25.0478915328155
桃園市龜山區樂善里6鄰樂善三路100號三樓之3,68,6800700,6800700-010,6鄰,樂善三路,,,,,,100號三樓之3,121.382723246316,25.0478915328155
桃園市龜山區樂善里6鄰樂善三路100號四樓之1,68,6800700,6800700-010,6鄰,樂善三路,,,,,,100號四樓之1,121.382723246316,25.0478915328155
桃園市龜山區樂善里6鄰樂善三路100號四樓之2,68,6800700,6800700-010,6鄰,樂善三路,,,,,,100號四樓之2,121.382723246316,25.0478915328155
桃園市龜山區樂善里6鄰樂善三路100號四樓之3,68,6800700,6800700-010,6鄰,樂善三路,,,,,,100號四樓之3,121.382723246316,25.0478915328155
桃園市龜山區樂善里6鄰樂善三路100號五樓之1,68,6800700,6800700-010,6鄰,樂善三路,,,,,,100號五樓之1,121.382723246316,25.0478915328155
桃園市龜山區樂善里6鄰樂善三路100號五樓之2,68,6800700,6800700-010,6鄰,樂善三路,,,,,,100號五樓之2,121.382723246316,25.0478915328155
桃園市龜山區樂善里6鄰樂善三路100號五樓之3,68,6800700,6800700-010,6鄰,樂善三路,,,,,,100號五樓之3,121.382723246316,25.0478915328155
桃園市龜山區樂善里6鄰樂善三路100號六樓之1,68,6800700,6800700-010,6鄰,樂善三路,,,,,,100號六樓之1,121.382723246316,25.0478915328155
桃園市龜山區樂善里6鄰樂善三路100號六樓之2,68,6800700,6800700-010,6鄰,樂善三路,,,,,,100號六樓之2,121.382723246316,25.0478915328155
桃園市龜山區樂善里6鄰樂善三路100號六樓之3,68,6800700,6800700-010,6鄰,樂善三路,,,,,,100號六樓之3,121.382723246316,25.0478915328155
桃園市龜山區樂善里6鄰樂善三路100號七樓之1,68,6800700,6800700-010,6鄰,樂善三路,,,,,,100號七樓之1,121.382723246316,25.0478915328155
桃園市龜山區樂善里6鄰樂善三路100號七樓之2,68,6800700,6800700-010,6鄰,樂善三路,,,,,,100號七樓之2,121.382723246316,25.0478915328155
桃園市龜山區樂善里6鄰樂善三路100號七樓之3,68,6800700,6800700-010,6鄰,樂善三路,,,,,,100號七樓之3,121.382723246316,25.0478915328155
桃園市龜山區樂善里6鄰樂善三路100號八樓之1,68,6800700,6800700-010,6鄰,樂善三路,,,,,,100號八樓之1,121.382723246316,25.0478915328155
桃園市龜山區樂善里6鄰樂善三路100號八樓之2,68,6800700,6800700-010,6鄰,樂善三路,,,,,,100號八樓之2,121.382723246316,25.0478915328155
桃園市龜山區樂善里6鄰樂善三路100號八樓之3,68,6800700,6800700-010,6鄰,樂善三路,,,,,,100號八樓之3,121.382723246316,25.0478915328155
桃園市龜山區樂善里6鄰樂善三路100號九樓之1,68,6800700,6800700-010,6鄰,樂善三路,,,,,,100號九樓之1,121.382723246316,25.0478915328155
桃園市龜山區樂善里6鄰樂善三路100號九樓之2,68,6800700,6800700-010,6鄰,樂善三路,,,,,,100號九樓之2,121.382723246316,25.0478915328155
桃園市龜山區樂善里6鄰樂善三路100號九樓之3,68,6800700,6800700-010,6鄰,樂善三路,,,,,,100號九樓之3,121.382723246316,25.0478915328155
桃園市龜山區樂善里6鄰樂善三路100號十一樓之1,68,6800700,6800700-010,6鄰,樂善三路,,,,,,100號十一樓之1,121.382723246316,25.0478915328155
桃園市龜山區樂善里6鄰樂善三路100號十一樓之2,68,6800700,6800700-010,6鄰,樂善三路,,,,,,100號十一樓之2,121.382723246316,25.0478915328155
桃園市龜山區樂善里6鄰樂善三路100號十一樓之3,68,6800700,6800700-010,6鄰,樂善三路,,,,,,100號十一樓之3,121.382723246316,25.0478915328155
桃園市龜山區樂善里6鄰樂善三路100號十二樓之1,68,6800700,6800700-010,6鄰,樂善三路,,,,,,100號十二樓之1,121.382723246316,25.0478915328155
桃園市龜山區樂善里6鄰樂善三路100號十二樓之2,68,6800700,6800700-010,6鄰,樂善三路,,,,,,100號十二樓之2,121.382723246316,25.0478915328155
桃園市龜山區樂善里6鄰樂善三路100號十二樓之3,68,6800700,6800700-010,6鄰,樂善三路,,,,,,100號十二樓之3,121.382723246316,25.0478915328155
桃園市龜山區樂善里6鄰樂善三路100號十三樓之1,68,6800700,6800700-010,6鄰,樂善三路,,,,,,100號十三樓之1,121.382723246316,25.0478915328155
桃園市龜山區樂善里6鄰樂善三路100號十三樓之2,68,6800700,6800700-010,6鄰,樂善三路,,,,,,100號十三樓之2,121.382723246316,25.0478915328155
桃園市龜山區樂善里6鄰樂善三路100號十三樓之3,68,6800700,6800700-010,6鄰,樂善三路,,,,,,100號十三樓之3,121.382723246316,25.0478915328155
桃園市龜山區樂善里6鄰樂善三路100號十四樓之1,68,6800700,6800700-010,6鄰,樂善三路,,,,,,100號十四樓之1,121.382723246316,25.0478915328155
桃園市龜山區樂善里6鄰樂善三路100號十四樓之2,68,6800700,6800700-010,6鄰,樂善三路,,,,,,100號十四樓之2,121.382723246316,25.0478915328155
桃園市龜山區樂善里6鄰樂善三路100號十四樓之3,68,6800700,6800700-010,6鄰,樂善三路,,,,,,100號十四樓之3,121.382723246316,25.0478915328155
桃園市龜山區樂善里6鄰樂善三路100號十五樓之1,68,6800700,6800700-010,6鄰,樂善三路,,,,,,100號十五樓之1,121.382723246316,25.0478915328155
桃園市龜山區樂善里6鄰樂善三路100號十五樓之2,68,6800700,6800700-010,6鄰,樂善三路,,,,,,100號十五樓之2,121.382723246316,25.0478915328155
桃園市龜山區樂善里6鄰樂善三路100號十五樓之3,68,6800700,6800700-010,6鄰,樂善三路,,,,,,100號十五樓之3,121.382723246316,25.0478915328155
桃園市龜山區樂善里6鄰樂善三路102號,68,6800700,6800700-010,6鄰,樂善三路,,,,,,102號,121.382394170594,25.0480688814524
桃園市龜山區樂善里6鄰樂善三路102號十樓之1,68,6800700,6800700-010,6鄰,樂善三路,,,,,,102號十樓之1,121.382394170594,25.0480688814524
桃園市龜山區樂善里6鄰樂善三路102號十樓之2,68,6800700,6800700-010,6鄰,樂善三路,,,,,,102號十樓之2,121.382394170594,25.0480688814524
桃園市龜山區樂善里6鄰樂善三路102號十樓之3,68,6800700,6800700-010,6鄰,樂善三路,,,,,,102號十樓之3,121.382394170594,25.0480688814524
桃園市龜山區樂善里6鄰樂善三路102號十樓之5,68,6800700,6800700-010,6鄰,樂善三路,,,,,,102號十樓之5,121.382394170594,25.0480688814524
桃園市龜山區樂善里6鄰樂善三路102號二樓之1,68,6800700,6800700-010,6鄰,樂善三路,,,,,,102號二樓之1,121.382394170594,25.0480688814524
桃園市龜山區樂善里6鄰樂善三路102號二樓之2,68,6800700,6800700-010,6鄰,樂善三路,,,,,,102號二樓之2,121.382394170594,25.0480688814524
桃園市龜山區樂善里6鄰樂善三路102號二樓之3,68,6800700,6800700-010,6鄰,樂善三路,,,,,,102號二樓之3,121.382394170594,25.0480688814524
桃園市龜山區樂善里6鄰樂善三路102號二樓之5,68,6800700,6800700-010,6鄰,樂善三路,,,,,,102號二樓之5,121.382394170594,25.0480688814524
桃園市龜山區樂善里6鄰樂善三路102號三樓之1,68,6800700,6800700-010,6鄰,樂善三路,,,,,,102號三樓之1,121.382394170594,25.0480688814524
桃園市龜山區樂善里6鄰樂善三路102號三樓之2,68,6800700,6800700-010,6鄰,樂善三路,,,,,,102號三樓之2,121.382394170594,25.0480688814524
桃園市龜山區樂善里6鄰樂善三路102號三樓之3,68,6800700,6800700-010,6鄰,樂善三路,,,,,,102號三樓之3,121.382394170594,25.0480688814524
桃園市龜山區樂善里6鄰樂善三路102號三樓之5,68,6800700,6800700-010,6鄰,樂善三路,,,,,,102號三樓之5,121.382394170594,25.0480688814524
桃園市龜山區樂善里6鄰樂善三路102號四樓之1,68,6800700,6800700-010,6鄰,樂善三路,,,,,,102號四樓之1,121.382394170594,25.0480688814524
桃園市龜山區樂善里6鄰樂善三路102號四樓之2,68,6800700,6800700-010,6鄰,樂善三路,,,,,,102號四樓之2,121.382394170594,25.0480688814524
桃園市龜山區樂善里6鄰樂善三路102號四樓之3,68,6800700,6800700-010,6鄰,樂善三路,,,,,,102號四樓之3,121.382394170594,25.0480688814524
桃園市龜山區樂善里6鄰樂善三路102號四樓之5,68,6800700,6800700-010,6鄰,樂善三路,,,,,,102號四樓之5,121.382394170594,25.0480688814524
桃園市龜山區樂善里6鄰樂善三路102號五樓之1,68,6800700,6800700-010,6鄰,樂善三路,,,,,,102號五樓之1,121.382394170594,25.0480688814524
桃園市龜山區樂善里6鄰樂善三路102號五樓之2,68,6800700,6800700-010,6鄰,樂善三路,,,,,,102號五樓之2,121.382394170594,25.0480688814524
桃園市龜山區樂善里6鄰樂善三路102號五樓之3,68,6800700,6800700-010,6鄰,樂善三路,,,,,,102號五樓之3,121.382394170594,25.0480688814524
桃園市龜山區樂善里6鄰樂善三路102號五樓之5,68,6800700,6800700-010,6鄰,樂善三路,,,,,,102號五樓之5,121.382394170594,25.0480688814524
桃園市龜山區樂善里6鄰樂善三路102號六樓之1,68,6800700,6800700-010,6鄰,樂善三路,,,,,,102號六樓之1,121.382394170594,25.0480688814524
桃園市龜山區樂善里6鄰樂善三路102號六樓之2,68,6800700,6800700-010,6鄰,樂善三路,,,,,,102號六樓之2,121.382394170594,25.0480688814524
桃園市龜山區樂善里6鄰樂善三路102號六樓之3,68,6800700,6800700-010,6鄰,樂善三路,,,,,,102號六樓之3,121.382394170594,25.0480688814524
桃園市龜山區樂善里6鄰樂善三路102號六樓之5,68,6800700,6800700-010,6鄰,樂善三路,,,,,,102號六樓之5,121.382394170594,25.0480688814524
桃園市龜山區樂善里6鄰樂善三路102號七樓之1,68,6800700,6800700-010,6鄰,樂善三路,,,,,,102號七樓之1,121.382394170594,25.0480688814524
桃園市龜山區樂善里6鄰樂善三路102號七樓之2,68,6800700,6800700-010,6鄰,樂善三路,,,,,,102號七樓之2,121.382394170594,25.0480688814524
桃園市龜山區樂善里6鄰樂善三路102號七樓之3,68,6800700,6800700-010,6鄰,樂善三路,,,,,,102號七樓之3,121.382394170594,25.0480688814524
桃園市龜山區樂善里6鄰樂善三路102號七樓之5,68,6800700,6800700-010,6鄰,樂善三路,,,,,,102號七樓之5,121.382394170594,25.0480688814524
桃園市龜山區樂善里6鄰樂善三路102號八樓之1,68,6800700,6800700-010,6鄰,樂善三路,,,,,,102號八樓之1,121.382394170594,25.0480688814524
桃園市龜山區樂善里6鄰樂善三路102號八樓之2,68,6800700,6800700-010,6鄰,樂善三路,,,,,,102號八樓之2,121.382394170594,25.0480688814524
桃園市龜山區樂善里6鄰樂善三路102號八樓之3,68,6800700,6800700-010,6鄰,樂善三路,,,,,,102號八樓之3,121.382394170594,25.0480688814524
桃園市龜山區樂善里6鄰樂善三路102號八樓之5,68,6800700,6800700-010,6鄰,樂善三路,,,,,,102號八樓之5,121.382394170594,25.0480688814524
桃園市龜山區樂善里6鄰樂善三路102號九樓之1,68,6800700,6800700-010,6鄰,樂善三路,,,,,,102號九樓之1,121.382394170594,25.0480688814524
桃園市龜山區樂善里6鄰樂善三路102號九樓之2,68,6800700,6800700-010,6鄰,樂善三路,,,,,,102號九樓之2,121.382394170594,25.0480688814524
桃園市龜山區樂善里6鄰樂善三路102號九樓之3,68,6800700,6800700-010,6鄰,樂善三路,,,,,,102號九樓之3,121.382394170594,25.0480688814524
桃園市龜山區樂善里6鄰樂善三路102號九樓之5,68,6800700,6800700-010,6鄰,樂善三路,,,,,,102號九樓之5,121.382394170594,25.0480688814524
桃園市龜山區樂善里6鄰樂善三路102號十一樓之1,68,6800700,6800700-010,6鄰,樂善三路,,,,,,102號十一樓之1,121.382394170594,25.0480688814524
桃園市龜山區樂善里6鄰樂善三路102號十一樓之2,68,6800700,6800700-010,6鄰,樂善三路,,,,,,102號十一樓之2,121.382394170594,25.0480688814524
桃園市龜山區樂善里6鄰樂善三路102號十一樓之3,68,6800700,6800700-010,6鄰,樂善三路,,,,,,102號十一樓之3,121.382394170594,25.0480688814524
桃園市龜山區樂善里6鄰樂善三路102號十一樓之5,68,6800700,6800700-010,6鄰,樂善三路,,,,,,102號十一樓之5,121.382394170594,25.0480688814524
桃園市龜山區樂善里6鄰樂善三路102號十二樓之1,68,6800700,6800700-010,6鄰,樂善三路,,,,,,102號十二樓之1,121.382394170594,25.0480688814524
桃園市龜山區樂善里6鄰樂善三路102號十二樓之2,68,6800700,6800700-010,6鄰,樂善三路,,,,,,102號十二樓之2,121.382394170594,25.0480688814524
桃園市龜山區樂善里6鄰樂善三路102號十二樓之3,68,6800700,6800700-010,6鄰,樂善三路,,,,,,102號十二樓之3,121.382394170594,25.0480688814524
桃園市龜山區樂善里6鄰樂善三路102號十二樓之5,68,6800700,6800700-010,6鄰,樂善三路,,,,,,102號十二樓之5,121.382394170594,25.0480688814524
桃園市龜山區樂善里6鄰樂善三路102號十三樓之1,68,6800700,6800700-010,6鄰,樂善三路,,,,,,102號十三樓之1,121.382394170594,25.0480688814524
桃園市龜山區樂善里6鄰樂善三路102號十三樓之2,68,6800700,6800700-010,6鄰,樂善三路,,,,,,102號十三樓之2,121.382394170594,25.0480688814524
桃園市龜山區樂善里6鄰樂善三路102號十三樓之3,68,6800700,6800700-010,6鄰,樂善三路,,,,,,102號十三樓之3,121.382394170594,25.0480688814524
桃園市龜山區樂善里6鄰樂善三路102號十三樓之5,68,6800700,6800700-010,6鄰,樂善三路,,,,,,102號十三樓之5,121.382394170594,25.0480688814524
桃園市龜山區樂善里6鄰樂善三路102號十四樓之1,68,6800700,6800700-010,6鄰,樂善三路,,,,,,102號十四樓之1,121.382394170594,25.0480688814524
桃園市龜山區樂善里6鄰樂善三路102號十四樓之2,68,6800700,6800700-010,6鄰,樂善三路,,,,,,102號十四樓之2,121.382394170594,25.0480688814524
桃園市龜山區樂善里6鄰樂善三路102號十四樓之3,68,6800700,6800700-010,6鄰,樂善三路,,,,,,102號十四樓之3,121.382394170594,25.0480688814524
桃園市龜山區樂善里6鄰樂善三路102號十四樓之5,68,6800700,6800700-010,6鄰,樂善三路,,,,,,102號十四樓之5,121.382394170594,25.0480688814524
桃園市龜山區樂善里6鄰樂善三路102號十五樓之1,68,6800700,6800700-010,6鄰,樂善三路,,,,,,102號十五樓之1,121.382394170594,25.0480688814524
桃園市龜山區樂善里6鄰樂善三路102號十五樓之2,68,6800700,6800700-010,6鄰,樂善三路,,,,,,102號十五樓之2,121.382394170594,25.0480688814524
桃園市龜山區樂善里6鄰樂善三路102號十五樓之3,68,6800700,6800700-010,6鄰,樂善三路,,,,,,102號十五樓之3,121.382394170594,25.0480688814524
桃園市龜山區樂善里6鄰樂善三路102號十五樓之5,68,6800700,6800700-010,6鄰,樂善三路,,,,,,102號十五樓之5,121.382394170594,25.0480688814524
桃園市龜山區樂善里6鄰樂善三路106號,68,6800700,6800700-010,6鄰,樂善三路,,,,,,106號,121.382317053588,25.0478730778342
桃園市龜山區樂善里6鄰樂善三路106號十樓之1,68,6800700,6800700-010,6鄰,樂善三路,,,,,,106號十樓之1,121.382317053588,25.0478730778342
桃園市龜山區樂善里6鄰樂善三路106號十樓之2,68,6800700,6800700-010,6鄰,樂善三路,,,,,,106號十樓之2,121.382317053588,25.0478730778342
桃園市龜山區樂善里6鄰樂善三路106號十樓之3,68,6800700,6800700-010,6鄰,樂善三路,,,,,,106號十樓之3,121.382317053588,25.0478730778342
桃園市龜山區樂善里6鄰樂善三路106號十樓之5,68,6800700,6800700-010,6鄰,樂善三路,,,,,,106號十樓之5,121.382317053588,25.0478730778342
桃園市龜山區樂善里6鄰樂善三路106號十樓之6,68,6800700,6800700-010,6鄰,樂善三路,,,,,,106號十樓之6,121.382317053588,25.0478730778342
桃園市龜山區樂善里6鄰樂善三路106號二樓之1,68,6800700,6800700-010,6鄰,樂善三路,,,,,,106號二樓之1,121.382317053588,25.0478730778342
桃園市龜山區樂善里6鄰樂善三路106號二樓之2,68,6800700,6800700-010,6鄰,樂善三路,,,,,,106號二樓之2,121.382317053588,25.0478730778342
桃園市龜山區樂善里6鄰樂善三路106號二樓之3,68,6800700,6800700-010,6鄰,樂善三路,,,,,,106號二樓之3,121.382317053588,25.0478730778342
桃園市龜山區樂善里6鄰樂善三路106號二樓之5,68,6800700,6800700-010,6鄰,樂善三路,,,,,,106號二樓之5,121.382317053588,25.0478730778342
桃園市龜山區樂善里6鄰樂善三路106號二樓之6,68,6800700,6800700-010,6鄰,樂善三路,,,,,,106號二樓之6,121.382317053588,25.0478730778342
桃園市龜山區樂善里6鄰樂善三路106號三樓之1,68,6800700,6800700-010,6鄰,樂善三路,,,,,,106號三樓之1,121.382317053588,25.0478730778342
桃園市龜山區樂善里6鄰樂善三路106號三樓之2,68,6800700,6800700-010,6鄰,樂善三路,,,,,,106號三樓之2,121.382317053588,25.0478730778342
桃園市龜山區樂善里6鄰樂善三路106號三樓之3,68,6800700,6800700-010,6鄰,樂善三路,,,,,,106號三樓之3,121.382317053588,25.0478730778342
桃園市龜山區樂善里6鄰樂善三路106號三樓之5,68,6800700,6800700-010,6鄰,樂善三路,,,,,,106號三樓之5,121.382317053588,25.0478730778342
桃園市龜山區樂善里6鄰樂善三路106號三樓之6,68,6800700,6800700-010,6鄰,樂善三路,,,,,,106號三樓之6,121.382317053588,25.0478730778342
桃園市龜山區樂善里6鄰樂善三路106號四樓之1,68,6800700,6800700-010,6鄰,樂善三路,,,,,,106號四樓之1,121.382317053588,25.0478730778342
桃園市龜山區樂善里6鄰樂善三路106號四樓之2,68,6800700,6800700-010,6鄰,樂善三路,,,,,,106號四樓之2,121.382317053588,25.0478730778342
桃園市龜山區樂善里6鄰樂善三路106號四樓之3,68,6800700,6800700-010,6鄰,樂善三路,,,,,,106號四樓之3,121.382317053588,25.0478730778342
桃園市龜山區樂善里6鄰樂善三路106號四樓之5,68,6800700,6800700-010,6鄰,樂善三路,,,,,,106號四樓之5,121.382317053588,25.0478730778342
桃園市龜山區樂善里6鄰樂善三路106號四樓之6,68,6800700,6800700-010,6鄰,樂善三路,,,,,,106號四樓之6,121.382317053588,25.0478730778342
桃園市龜山區樂善里6鄰樂善三路106號五樓之1,68,6800700,6800700-010,6鄰,樂善三路,,,,,,106號五樓之1,121.382317053588,25.0478730778342
桃園市龜山區樂善里6鄰樂善三路106號五樓之2,68,6800700,6800700-010,6鄰,樂善三路,,,,,,106號五樓之2,121.382317053588,25.0478730778342
桃園市龜山區樂善里6鄰樂善三路106號五樓之3,68,6800700,6800700-010,6鄰,樂善三路,,,,,,106號五樓之3,121.382317053588,25.0478730778342
桃園市龜山區樂善里6鄰樂善三路106號五樓之5,68,6800700,6800700-010,6鄰,樂善三路,,,,,,106號五樓之5,121.382317053588,25.0478730778342
桃園市龜山區樂善里6鄰樂善三路106號五樓之6,68,6800700,6800700-010,6鄰,樂善三路,,,,,,106號五樓之6,121.382317053588,25.0478730778342
桃園市龜山區樂善里6鄰樂善三路106號六樓之1,68,6800700,6800700-010,6鄰,樂善三路,,,,,,106號六樓之1,121.382317053588,25.0478730778342
桃園市龜山區樂善里6鄰樂善三路106號六樓之2,68,6800700,6800700-010,6鄰,樂善三路,,,,,,106號六樓之2,121.382317053588,25.0478730778342
桃園市龜山區樂善里6鄰樂善三路106號六樓之3,68,6800700,6800700-010,6鄰,樂善三路,,,,,,106號六樓之3,121.382317053588,25.0478730778342
桃園市龜山區樂善里6鄰樂善三路106號六樓之5,68,6800700,6800700-010,6鄰,樂善三路,,,,,,106號六樓之5,121.382317053588,25.0478730778342
桃園市龜山區樂善里6鄰樂善三路106號六樓之6,68,6800700,6800700-010,6鄰,樂善三路,,,,,,106號六樓之6,121.382317053588,25.0478730778342
桃園市龜山區樂善里6鄰樂善三路106號七樓之1,68,6800700,6800700-010,6鄰,樂善三路,,,,,,106號七樓之1,121.382317053588,25.0478730778342
桃園市龜山區樂善里6鄰樂善三路106號七樓之2,68,6800700,6800700-010,6鄰,樂善三路,,,,,,106號七樓之2,121.382317053588,25.0478730778342
桃園市龜山區樂善里6鄰樂善三路106號七樓之3,68,6800700,6800700-010,6鄰,樂善三路,,,,,,106號七樓之3,121.382317053588,25.0478730778342
桃園市龜山區樂善里6鄰樂善三路106號七樓之5,68,6800700,6800700-010,6鄰,樂善三路,,,,,,106號七樓之5,121.382317053588,25.0478730778342
桃園市龜山區樂善里6鄰樂善三路106號七樓之6,68,6800700,6800700-010,6鄰,樂善三路,,,,,,106號七樓之6,121.382317053588,25.0478730778342
桃園市龜山區樂善里6鄰樂善三路106號八樓之1,68,6800700,6800700-010,6鄰,樂善三路,,,,,,106號八樓之1,121.382317053588,25.0478730778342
桃園市龜山區樂善里6鄰樂善三路106號八樓之2,68,6800700,6800700-010,6鄰,樂善三路,,,,,,106號八樓之2,121.382317053588,25.0478730778342
桃園市龜山區樂善里6鄰樂善三路106號八樓之3,68,6800700,6800700-010,6鄰,樂善三路,,,,,,106號八樓之3,121.382317053588,25.0478730778342
桃園市龜山區樂善里6鄰樂善三路106號八樓之5,68,6800700,6800700-010,6鄰,樂善三路,,,,,,106號八樓之5,121.382317053588,25.0478730778342
桃園市龜山區樂善里6鄰樂善三路106號八樓之6,68,6800700,6800700-010,6鄰,樂善三路,,,,,,106號八樓之6,121.382317053588,25.0478730778342
桃園市龜山區樂善里6鄰樂善三路106號九樓之1,68,6800700,6800700-010,6鄰,樂善三路,,,,,,106號九樓之1,121.382317053588,25.0478730778342
桃園市龜山區樂善里6鄰樂善三路106號九樓之2,68,6800700,6800700-010,6鄰,樂善三路,,,,,,106號九樓之2,121.382317053588,25.0478730778342
桃園市龜山區樂善里6鄰樂善三路106號九樓之3,68,6800700,6800700-010,6鄰,樂善三路,,,,,,106號九樓之3,121.382317053588,25.0478730778342
桃園市龜山區樂善里6鄰樂善三路106號九樓之5,68,6800700,6800700-010,6鄰,樂善三路,,,,,,106號九樓之5,121.382317053588,25.0478730778342
桃園市龜山區樂善里6鄰樂善三路106號九樓之6,68,6800700,6800700-010,6鄰,樂善三路,,,,,,106號九樓之6,121.382317053588,25.0478730778342
桃園市龜山區樂善里6鄰樂善三路106號十一樓之1,68,6800700,6800700-010,6鄰,樂善三路,,,,,,106號十一樓之1,121.382317053588,25.0478730778342
桃園市龜山區樂善里6鄰樂善三路106號十一樓之2,68,6800700,6800700-010,6鄰,樂善三路,,,,,,106號十一樓之2,121.382317053588,25.0478730778342
桃園市龜山區樂善里6鄰樂善三路106號十一樓之3,68,6800700,6800700-010,6鄰,樂善三路,,,,,,106號十一樓之3,121.382317053588,25.0478730778342
桃園市龜山區樂善里6鄰樂善三路106號十一樓之5,68,6800700,6800700-010,6鄰,樂善三路,,,,,,106號十一樓之5,121.382317053588,25.0478730778342
桃園市龜山區樂善里6鄰樂善三路106號十一樓之6,68,6800700,6800700-010,6鄰,樂善三路,,,,,,106號十一樓之6,121.382317053588,25.0478730778342
桃園市龜山區樂善里6鄰樂善三路106號十二樓之1,68,6800700,6800700-010,6鄰,樂善三路,,,,,,106號十二樓之1,121.382317053588,25.0478730778342
桃園市龜山區樂善里6鄰樂善三路106號十二樓之2,68,6800700,6800700-010,6鄰,樂善三路,,,,,,106號十二樓之2,121.382317053588,25.0478730778342
桃園市龜山區樂善里6鄰樂善三路106號十二樓之3,68,6800700,6800700-010,6鄰,樂善三路,,,,,,106號十二樓之3,121.382317053588,25.0478730778342
桃園市龜山區樂善里6鄰樂善三路106號十二樓之5,68,6800700,6800700-010,6鄰,樂善三路,,,,,,106號十二樓之5,121.382317053588,25.0478730778342
桃園市龜山區樂善里6鄰樂善三路106號十二樓之6,68,6800700,6800700-010,6鄰,樂善三路,,,,,,106號十二樓之6,121.382317053588,25.0478730778342
桃園市龜山區樂善里6鄰樂善三路106號十三樓之1,68,6800700,6800700-010,6鄰,樂善三路,,,,,,106號十三樓之1,121.382317053588,25.0478730778342
桃園市龜山區樂善里6鄰樂善三路106號十三樓之2,68,6800700,6800700-010,6鄰,樂善三路,,,,,,106號十三樓之2,121.382317053588,25.0478730778342
桃園市龜山區樂善里6鄰樂善三路106號十三樓之3,68,6800700,6800700-010,6鄰,樂善三路,,,,,,106號十三樓之3,121.382317053588,25.0478730778342
桃園市龜山區樂善里6鄰樂善三路106號十三樓之5,68,6800700,6800700-010,6鄰,樂善三路,,,,,,106號十三樓之5,121.382317053588,25.0478730778342
桃園市龜山區樂善里6鄰樂善三路106號十三樓之6,68,6800700,6800700-010,6鄰,樂善三路,,,,,,106號十三樓之6,121.382317053588,25.0478730778342
桃園市龜山區樂善里6鄰樂善三路106號十四樓之1,68,6800700,6800700-010,6鄰,樂善三路,,,,,,106號十四樓之1,121.382317053588,25.0478730778342
桃園市龜山區樂善里6鄰樂善三路106號十四樓之2,68,6800700,6800700-010,6鄰,樂善三路,,,,,,106號十四樓之2,121.382317053588,25.0478730778342
桃園市龜山區樂善里6鄰樂善三路106號十四樓之3,68,6800700,6800700-010,6鄰,樂善三路,,,,,,106號十四樓之3,121.382317053588,25.0478730778342
桃園市龜山區樂善里6鄰樂善三路106號十四樓之5,68,6800700,6800700-010,6鄰,樂善三路,,,,,,106號十四樓之5,121.382317053588,25.0478730778342
桃園市龜山區樂善里6鄰樂善三路106號十四樓之6,68,6800700,6800700-010,6鄰,樂善三路,,,,,,106號十四樓之6,121.382317053588,25.0478730778342
桃園市龜山區樂善里6鄰樂善三路106號十五樓之1,68,6800700,6800700-010,6鄰,樂善三路,,,,,,106號十五樓之1,121.382317053588,25.0478730778342
桃園市龜山區樂善里6鄰樂善三路106號十五樓之2,68,6800700,6800700-010,6鄰,樂善三路,,,,,,106號十五樓之2,121.382317053588,25.0478730778342
桃園市龜山區樂善里6鄰樂善三路106號十五樓之3,68,6800700,6800700-010,6鄰,樂善三路,,,,,,106號十五樓之3,121.382317053588,25.0478730778342
桃園市龜山區樂善里6鄰樂善三路106號十五樓之5,68,6800700,6800700-010,6鄰,樂善三路,,,,,,106號十五樓之5,121.382317053588,25.0478730778342
桃園市龜山區樂善里6鄰樂善三路106號十五樓之6,68,6800700,6800700-010,6鄰,樂善三路,,,,,,106號十五樓之6,121.382317053588,25.0478730778342
桃園市龜山區樂善里6鄰樂善三路108號,68,6800700,6800700-010,6鄰,樂善三路,,,,,,108號,121.382642017874,25.0477442213629
桃園市龜山區樂善里6鄰樂善三路108號十樓之1,68,6800700,6800700-010,6鄰,樂善三路,,,,,,108號十樓之1,121.382642017874,25.0477442213629
桃園市龜山區樂善里6鄰樂善三路108號十樓之2,68,6800700,6800700-010,6鄰,樂善三路,,,,,,108號十樓之2,121.382642017874,25.0477442213629
桃園市龜山區樂善里6鄰樂善三路108號十樓之3,68,6800700,6800700-010,6鄰,樂善三路,,,,,,108號十樓之3,121.382642017874,25.0477442213629
桃園市龜山區樂善里6鄰樂善三路108號十樓之5,68,6800700,6800700-010,6鄰,樂善三路,,,,,,108號十樓之5,121.382642017874,25.0477442213629
桃園市龜山區樂善里6鄰樂善三路108號二樓之1,68,6800700,6800700-010,6鄰,樂善三路,,,,,,108號二樓之1,121.382642017874,25.0477442213629
桃園市龜山區樂善里6鄰樂善三路108號二樓之2,68,6800700,6800700-010,6鄰,樂善三路,,,,,,108號二樓之2,121.382642017874,25.0477442213629
桃園市龜山區樂善里6鄰樂善三路108號二樓之3,68,6800700,6800700-010,6鄰,樂善三路,,,,,,108號二樓之3,121.382642017874,25.0477442213629
桃園市龜山區樂善里6鄰樂善三路108號二樓之5,68,6800700,6800700-010,6鄰,樂善三路,,,,,,108號二樓之5,121.382642017874,25.0477442213629
桃園市龜山區樂善里6鄰樂善三路108號三樓之1,68,6800700,6800700-010,6鄰,樂善三路,,,,,,108號三樓之1,121.382642017874,25.0477442213629
桃園市龜山區樂善里6鄰樂善三路108號三樓之2,68,6800700,6800700-010,6鄰,樂善三路,,,,,,108號三樓之2,121.382642017874,25.0477442213629
桃園市龜山區樂善里6鄰樂善三路108號三樓之3,68,6800700,6800700-010,6鄰,樂善三路,,,,,,108號三樓之3,121.382642017874,25.0477442213629
桃園市龜山區樂善里6鄰樂善三路108號三樓之5,68,6800700,6800700-010,6鄰,樂善三路,,,,,,108號三樓之5,121.382642017874,25.0477442213629
桃園市龜山區樂善里6鄰樂善三路108號四樓之1,68,6800700,6800700-010,6鄰,樂善三路,,,,,,108號四樓之1,121.382642017874,25.0477442213629
桃園市龜山區樂善里6鄰樂善三路108號四樓之2,68,6800700,6800700-010,6鄰,樂善三路,,,,,,108號四樓之2,121.382642017874,25.0477442213629
桃園市龜山區樂善里6鄰樂善三路108號四樓之3,68,6800700,6800700-010,6鄰,樂善三路,,,,,,108號四樓之3,121.382642017874,25.0477442213629
桃園市龜山區樂善里6鄰樂善三路108號四樓之5,68,6800700,6800700-010,6鄰,樂善三路,,,,,,108號四樓之5,121.382642017874,25.0477442213629
桃園市龜山區樂善里6鄰樂善三路108號五樓之1,68,6800700,6800700-010,6鄰,樂善三路,,,,,,108號五樓之1,121.382642017874,25.0477442213629
桃園市龜山區樂善里6鄰樂善三路108號五樓之2,68,6800700,6800700-010,6鄰,樂善三路,,,,,,108號五樓之2,121.382642017874,25.0477442213629
桃園市龜山區樂善里6鄰樂善三路108號五樓之3,68,6800700,6800700-010,6鄰,樂善三路,,,,,,108號五樓之3,121.382642017874,25.0477442213629
桃園市龜山區樂善里6鄰樂善三路108號五樓之5,68,6800700,6800700-010,6鄰,樂善三路,,,,,,108號五樓之5,121.382642017874,25.0477442213629
桃園市龜山區樂善里6鄰樂善三路108號六樓之1,68,6800700,6800700-010,6鄰,樂善三路,,,,,,108號六樓之1,121.382642017874,25.0477442213629
桃園市龜山區樂善里6鄰樂善三路108號六樓之2,68,6800700,6800700-010,6鄰,樂善三路,,,,,,108號六樓之2,121.382642017874,25.0477442213629
桃園市龜山區樂善里6鄰樂善三路108號六樓之3,68,6800700,6800700-010,6鄰,樂善三路,,,,,,108號六樓之3,121.382642017874,25.0477442213629
桃園市龜山區樂善里6鄰樂善三路108號六樓之5,68,6800700,6800700-010,6鄰,樂善三路,,,,,,108號六樓之5,121.382642017874,25.0477442213629
桃園市龜山區樂善里6鄰樂善三路108號七樓之1,68,6800700,6800700-010,6鄰,樂善三路,,,,,,108號七樓之1,121.382642017874,25.0477442213629
桃園市龜山區樂善里6鄰樂善三路108號七樓之2,68,6800700,6800700-010,6鄰,樂善三路,,,,,,108號七樓之2,121.382642017874,25.0477442213629
桃園市龜山區樂善里6鄰樂善三路108號七樓之3,68,6800700,6800700-010,6鄰,樂善三路,,,,,,108號七樓之3,121.382642017874,25.0477442213629
桃園市龜山區樂善里6鄰樂善三路108號七樓之5,68,6800700,6800700-010,6鄰,樂善三路,,,,,,108號七樓之5,121.382642017874,25.0477442213629
桃園市龜山區樂善里6鄰樂善三路108號八樓之1,68,6800700,6800700-010,6鄰,樂善三路,,,,,,108號八樓之1,121.382642017874,25.0477442213629
桃園市龜山區樂善里6鄰樂善三路108號八樓之2,68,6800700,6800700-010,6鄰,樂善三路,,,,,,108號八樓之2,121.382642017874,25.0477442213629
桃園市龜山區樂善里6鄰樂善三路108號八樓之3,68,6800700,6800700-010,6鄰,樂善三路,,,,,,108號八樓之3,121.382642017874,25.0477442213629
桃園市龜山區樂善里6鄰樂善三路108號八樓之5,68,6800700,6800700-010,6鄰,樂善三路,,,,,,108號八樓之5,121.382642017874,25.0477442213629
桃園市龜山區樂善里6鄰樂善三路108號九樓之1,68,6800700,6800700-010,6鄰,樂善三路,,,,,,108號九樓之1,121.382642017874,25.0477442213629
桃園市龜山區樂善里6鄰樂善三路108號九樓之2,68,6800700,6800700-010,6鄰,樂善三路,,,,,,108號九樓之2,121.382642017874,25.0477442213629
桃園市龜山區樂善里6鄰樂善三路108號九樓之3,68,6800700,6800700-010,6鄰,樂善三路,,,,,,108號九樓之3,121.382642017874,25.0477442213629
桃園市龜山區樂善里6鄰樂善三路108號九樓之5,68,6800700,6800700-010,6鄰,樂善三路,,,,,,108號九樓之5,121.382642017874,25.0477442213629
桃園市龜山區樂善里6鄰樂善三路108號十一樓之1,68,6800700,6800700-010,6鄰,樂善三路,,,,,,108號十一樓之1,121.382642017874,25.0477442213629
桃園市龜山區樂善里6鄰樂善三路108號十一樓之2,68,6800700,6800700-010,6鄰,樂善三路,,,,,,108號十一樓之2,121.382642017874,25.0477442213629
桃園市龜山區樂善里6鄰樂善三路108號十一樓之3,68,6800700,6800700-010,6鄰,樂善三路,,,,,,108號十一樓之3,121.382642017874,25.0477442213629
桃園市龜山區樂善里6鄰樂善三路108號十一樓之5,68,6800700,6800700-010,6鄰,樂善三路,,,,,,108號十一樓之5,121.382642017874,25.0477442213629
桃園市龜山區樂善里6鄰樂善三路108號十二樓之1,68,6800700,6800700-010,6鄰,樂善三路,,,,,,108號十二樓之1,121.382642017874,25.0477442213629
桃園市龜山區樂善里6鄰樂善三路108號十二樓之2,68,6800700,6800700-010,6鄰,樂善三路,,,,,,108號十二樓之2,121.382642017874,25.0477442213629
桃園市龜山區樂善里6鄰樂善三路108號十二樓之3,68,6800700,6800700-010,6鄰,樂善三路,,,,,,108號十二樓之3,121.382642017874,25.0477442213629
桃園市龜山區樂善里6鄰樂善三路108號十二樓之5,68,6800700,6800700-010,6鄰,樂善三路,,,,,,108號十二樓之5,121.382642017874,25.0477442213629
桃園市龜山區樂善里6鄰樂善三路108號十三樓之1,68,6800700,6800700-010,6鄰,樂善三路,,,,,,108號十三樓之1,121.382642017874,25.0477442213629
桃園市龜山區樂善里6鄰樂善三路108號十三樓之2,68,6800700,6800700-010,6鄰,樂善三路,,,,,,108號十三樓之2,121.382642017874,25.0477442213629
桃園市龜山區樂善里6鄰樂善三路108號十三樓之3,68,6800700,6800700-010,6鄰,樂善三路,,,,,,108號十三樓之3,121.382642017874,25.0477442213629
桃園市龜山區樂善里6鄰樂善三路108號十三樓之5,68,6800700,6800700-010,6鄰,樂善三路,,,,,,108號十三樓之5,121.382642017874,25.0477442213629
桃園市龜山區樂善里6鄰樂善三路108號十四樓之1,68,6800700,6800700-010,6鄰,樂善三路,,,,,,108號十四樓之1,121.382642017874,25.0477442213629
桃園市龜山區樂善里6鄰樂善三路108號十四樓之2,68,6800700,6800700-010,6鄰,樂善三路,,,,,,108號十四樓之2,121.382642017874,25.0477442213629
桃園市龜山區樂善里6鄰樂善三路108號十四樓之3,68,6800700,6800700-010,6鄰,樂善三路,,,,,,108號十四樓之3,121.382642017874,25.0477442213629
桃園市龜山區樂善里6鄰樂善三路108號十四樓之5,68,6800700,6800700-010,6鄰,樂善三路,,,,,,108號十四樓之5,121.382642017874,25.0477442213629
桃園市龜山區樂善里6鄰樂善三路108號十五樓之1,68,6800700,6800700-010,6鄰,樂善三路,,,,,,108號十五樓之1,121.382642017874,25.0477442213629
桃園市龜山區樂善里6鄰樂善三路108號十五樓之2,68,6800700,6800700-010,6鄰,樂善三路,,,,,,108號十五樓之2,121.382642017874,25.0477442213629
桃園市龜山區樂善里6鄰樂善三路108號十五樓之3,68,6800700,6800700-010,6鄰,樂善三路,,,,,,108號十五樓之3,121.382642017874,25.0477442213629
桃園市龜山區樂善里6鄰樂善三路108號十五樓之5,68,6800700,6800700-010,6鄰,樂善三路,,,,,,108號十五樓之5,121.382642017874,25.0477442213629
桃園市龜山區樂善里6鄰樂善三路110號,68,6800700,6800700-010,6鄰,樂善三路,,,,,,110號,121.382598085956,25.0476712964183
桃園市龜山區樂善里6鄰樂善三路112號,68,6800700,6800700-010,6鄰,樂善三路,,,,,,112號,121.382314591285,25.0475264917675
桃園市龜山區樂善里6鄰樂善三路116號,68,6800700,6800700-010,6鄰,樂善三路,,,,,,116號,121.382288760233,25.047474014146
桃園市龜山區樂善里6鄰樂善三路118號,68,6800700,6800700-010,6鄰,樂善三路,,,,,,118號,121.382267307723,25.0474273032976
