FULL_ADDR,COUNTY,TOWN,VILLAGE,NEIGHBORHOOD,ROAD,SECTION,LANE,ALLEY,SUB_ALLEY,TONG,NUMBER,X,Y
桃園市楊梅區楊江里17鄰文華街9號,68,6800400,6800400-002,17鄰,文華街,,,,,,9號,121.144296222248,24.9095915355377
桃園市楊梅區楊江里17鄰文華街17號,68,6800400,6800400-002,17鄰,文華街,,,,,,17號,121.144015878754,24.9094329053378
桃園市楊梅區楊江里17鄰文華街19號,68,6800400,6800400-002,17鄰,文華街,,,,,,19號,121.143912400627,24.9093241218145
