FULL_ADDR,COUNTY,TOWN,VILLAGE,NEIGHBORHOOD,ROAD,SECTION,LANE,ALLEY,SUB_ALLEY,TONG,NUMBER,X,Y
桃園市新屋區永興里1鄰濱海路永興段271巷88號,68,6801100,6801100-015,1鄰,濱海路永興段,,271巷,,,,88號,121.023837283304,24.9992456318935
桃園市新屋區永興里6鄰濱海路永興段607號,68,6801100,6801100-015,6鄰,濱海路永興段,,,,,,607號,121.032909092475,25.0112954285534
桃園市新屋區永興里7鄰濱海路永興段1238號,68,6801100,6801100-015,7鄰,濱海路永興段,,,,,,1238號,121.026978282321,25.005795635838
桃園市新屋區永興里7鄰濱海路永興段1288巷6號,68,6801100,6801100-015,7鄰,濱海路永興段,,1288巷,,,,6號,121.026986205683,25.0053306730721
桃園市新屋區永興里7鄰濱海路永興段1288巷10號,68,6801100,6801100-015,7鄰,濱海路永興段,,1288巷,,,,10號,121.034289379348,25.0107040294333
桃園市新屋區永興里7鄰濱海路永興段1318之1號,68,6801100,6801100-015,7鄰,濱海路永興段,,,,,,1318之1號,121.03659863775,25.0135910216156
桃園市新屋區永興里7鄰濱海路永興段1400巷9號,68,6801100,6801100-015,7鄰,濱海路永興段,,1400巷,,,,9號,121.036128996886,25.0139182341179
