FULL_ADDR,COUNTY,TOWN,VILLAGE,NEIGHBORHOOD,ROAD,SECTION,LANE,ALLEY,SUB_ALLEY,TONG,NUMBER,X,Y
桃園市桃園區大林里28鄰桃鶯路334號,68,6800100,6800100-004,28鄰,桃鶯路,,,,,,334號,121.321816639197,24.9782762887384
桃園市桃園區大林里28鄰桃鶯路336號,68,6800100,6800100-004,28鄰,桃鶯路,,,,,,336號,121.321855984648,24.9782468616426
桃園市桃園區大林里28鄰桃鶯路338巷1號,68,6800100,6800100-004,28鄰,桃鶯路,,338巷,,,,1號,121.321833019054,24.9781000205801
桃園市桃園區大林里28鄰桃鶯路338巷3號,68,6800100,6800100-004,28鄰,桃鶯路,,338巷,,,,3號,121.321796889343,24.9780710275074
桃園市桃園區大林里28鄰桃鶯路338巷4號,68,6800100,6800100-004,28鄰,桃鶯路,,338巷,,,,4號,121.321715535262,24.9781722302206
桃園市桃園區大林里28鄰桃鶯路338巷5號,68,6800100,6800100-004,28鄰,桃鶯路,,338巷,,,,5號,121.321759788649,24.9780495300276
桃園市桃園區大林里28鄰桃鶯路338巷6號,68,6800100,6800100-004,28鄰,桃鶯路,,338巷,,,,6號,121.32167357689,24.9781491181212
桃園市桃園區大林里28鄰桃鶯路338巷7號,68,6800100,6800100-004,28鄰,桃鶯路,,338巷,,,,7號,121.321715442552,24.9780223603576
桃園市桃園區大林里28鄰桃鶯路338巷8號,68,6800100,6800100-004,28鄰,桃鶯路,,338巷,,,,8號,121.321630225029,24.9781233908085
桃園市桃園區大林里28鄰桃鶯路338巷9號,68,6800100,6800100-004,28鄰,桃鶯路,,338巷,,,,9號,121.321682393291,24.9779971524922
桃園市桃園區大林里28鄰桃鶯路338巷11號,68,6800100,6800100-004,28鄰,桃鶯路,,338巷,,,,11號,121.321646288064,24.977977548779
桃園市桃園區大林里28鄰桃鶯路338巷13號,68,6800100,6800100-004,28鄰,桃鶯路,,338巷,,,,13號,121.321613243524,24.977954146551
桃園市桃園區大林里28鄰桃鶯路338巷14號,68,6800100,6800100-004,28鄰,桃鶯路,,338巷,,,,14號,121.321539898302,24.9780499148766
桃園市桃園區大林里28鄰桃鶯路338巷15號,68,6800100,6800100-004,28鄰,桃鶯路,,338巷,,,,15號,121.321579208502,24.9779307464553
桃園市桃園區大林里28鄰桃鶯路338巷16號,68,6800100,6800100-004,28鄰,桃鶯路,,338巷,,,,16號,121.321505475048,24.9780295852309
桃園市桃園區大林里28鄰桃鶯路338巷17號,68,6800100,6800100-004,28鄰,桃鶯路,,338巷,,,,17號,121.321548239331,24.9779055340657
桃園市桃園區大林里28鄰桃鶯路338巷18號,68,6800100,6800100-004,28鄰,桃鶯路,,338巷,,,,18號,121.321476980464,24.9780037355
桃園市桃園區大林里28鄰桃鶯路338巷19號,68,6800100,6800100-004,28鄰,桃鶯路,,338巷,,,,19號,121.321517274868,24.9778821273228
桃園市桃園區大林里28鄰桃鶯路338巷20號,68,6800100,6800100-004,28鄰,桃鶯路,,338巷,,,,20號,121.321442553478,24.9779819613167
桃園市桃園區大林里28鄰桃鶯路338巷21號,68,6800100,6800100-004,28鄰,桃鶯路,,338巷,,,,21號,121.321481157498,24.9778578288699
桃園市桃園區大林里28鄰桃鶯路338巷22號,68,6800100,6800100-004,28鄰,桃鶯路,,338巷,,,,22號,121.321387493703,24.9779484948603
桃園市桃園區大林里28鄰桃鶯路338巷23號,68,6800100,6800100-004,28鄰,桃鶯路,,338巷,,,,23號,121.321450289762,24.9778335190721
桃園市桃園區大林里28鄰桃鶯路338巷25號,68,6800100,6800100-004,28鄰,桃鶯路,,338巷,,,,25號,121.321416163027,24.9778129179147
桃園市桃園區大林里28鄰桃鶯路338巷27號,68,6800100,6800100-004,28鄰,桃鶯路,,338巷,,,,27號,121.321379064822,24.9777923231646
桃園市桃園區大林里28鄰桃鶯路338巷29號,68,6800100,6800100-004,28鄰,桃鶯路,,338巷,,,,29號,121.321347112505,24.9777699116331
桃園市桃園區大林里28鄰桃鶯路338巷31號,68,6800100,6800100-004,28鄰,桃鶯路,,338巷,,,,31號,121.321313087435,24.9777503033471
桃園市桃園區大林里28鄰桃鶯路338巷33號,68,6800100,6800100-004,28鄰,桃鶯路,,338巷,,,,33號,121.321273901958,24.9777269142971
桃園市桃園區大林里28鄰桃鶯路338巷35號,68,6800100,6800100-004,28鄰,桃鶯路,,338巷,,,,35號,121.321240881944,24.9777129013822
桃園市桃園區大林里28鄰桃鶯路338巷37號,68,6800100,6800100-004,28鄰,桃鶯路,,338巷,,,,37號,121.321199284944,24.9776381463876
桃園市桃園區大林里28鄰桃鶯路340號,68,6800100,6800100-004,28鄰,桃鶯路,,,,,,340號,121.321954808672,24.9781979853084
桃園市桃園區大林里28鄰桃鶯路342號,68,6800100,6800100-004,28鄰,桃鶯路,,,,,,342號,121.321983551752,24.9781670462958
桃園市桃園區大林里28鄰桃鶯路344號,68,6800100,6800100-004,28鄰,桃鶯路,,,,,,344號,121.322012293172,24.9781354752991
桃園市桃園區大林里28鄰桃鶯路346號,68,6800100,6800100-004,28鄰,桃鶯路,,,,,,346號,121.322040336763,24.9781021904263
桃園市桃園區大林里28鄰桃鶯路348號,68,6800100,6800100-004,28鄰,桃鶯路,,,,,,348號,121.322066895065,24.978069089328
桃園市桃園區大林里28鄰桃鶯路350號,68,6800100,6800100-004,28鄰,桃鶯路,,,,,,350號,121.322096839614,24.9780431132683
桃園市桃園區大林里26鄰桃鶯路352巷1號,68,6800100,6800100-004,26鄰,桃鶯路,,352巷,,,,1號,121.322024669777,24.9778673977934
桃園市桃園區大林里26鄰桃鶯路352巷2號,68,6800100,6800100-004,26鄰,桃鶯路,,352巷,,,,2號,121.321948702633,24.9779451153563
桃園市桃園區大林里26鄰桃鶯路352巷3號,68,6800100,6800100-004,26鄰,桃鶯路,,352巷,,,,3號,121.321987673561,24.9778479766566
桃園市桃園區大林里26鄰桃鶯路352巷4號,68,6800100,6800100-004,26鄰,桃鶯路,,352巷,,,,4號,121.321917042389,24.9779208073704
桃園市桃園區大林里26鄰桃鶯路352巷5號,68,6800100,6800100-004,26鄰,桃鶯路,,352巷,,,,5號,121.321948673336,24.9778197120938
桃園市桃園區大林里26鄰桃鶯路352巷6號,68,6800100,6800100-004,26鄰,桃鶯路,,352巷,,,,6號,121.321875680947,24.9778986871508
桃園市桃園區大林里26鄰桃鶯路352巷7號,68,6800100,6800100-004,26鄰,桃鶯路,,352巷,,,,7號,121.321911654116,24.9777914432366
桃園市桃園區大林里26鄰桃鶯路352巷8號,68,6800100,6800100-004,26鄰,桃鶯路,,352巷,,,,8號,121.321839056743,24.9778699660059
桃園市桃園區大林里26鄰桃鶯路352巷9號,68,6800100,6800100-004,26鄰,桃鶯路,,352巷,,,,9號,121.321876526015,24.9777666913246
桃園市桃園區大林里26鄰桃鶯路352巷10號,68,6800100,6800100-004,26鄰,桃鶯路,,352巷,,,,10號,121.321804920303,24.9778456633492
桃園市桃園區大林里26鄰桃鶯路352巷11號,68,6800100,6800100-004,26鄰,桃鶯路,,352巷,,,,11號,121.321835544854,24.9777384310148
桃園市桃園區大林里26鄰桃鶯路352巷12號,68,6800100,6800100-004,26鄰,桃鶯路,,352巷,,,,12號,121.321768424072,24.9778280467402
桃園市桃園區大林里26鄰桃鶯路352巷13號,68,6800100,6800100-004,26鄰,桃鶯路,,352巷,,,,13號,121.32180241163,24.9777190014793
桃園市桃園區大林里26鄰桃鶯路352巷14號,68,6800100,6800100-004,26鄰,桃鶯路,,352巷,,,,14號,121.321734281786,24.9778014870002
桃園市桃園區大林里26鄰桃鶯路352巷15號,68,6800100,6800100-004,26鄰,桃鶯路,,352巷,,,,15號,121.321769278416,24.9776995719362
桃園市桃園區大林里26鄰桃鶯路352巷16號,68,6800100,6800100-004,26鄰,桃鶯路,,352巷,,,,16號,121.321702627491,24.9777794360342
桃園市桃園區大林里26鄰桃鶯路352巷17號,68,6800100,6800100-004,26鄰,桃鶯路,,352巷,,,,17號,121.321739994279,24.9776748073592
桃園市桃園區大林里26鄰桃鶯路352巷18號,68,6800100,6800100-004,26鄰,桃鶯路,,352巷,,,,18號,121.321663643319,24.9777573106169
桃園市桃園區大林里26鄰桃鶯路352巷19號,68,6800100,6800100-004,26鄰,桃鶯路,,352巷,,,,19號,121.321708818823,24.9776464355366
桃園市桃園區大林里26鄰桃鶯路352巷20號,68,6800100,6800100-004,26鄰,桃鶯路,,352巷,,,,20號,121.321631895634,24.9777374266336
桃園市桃園區大林里26鄰桃鶯路352巷21號,68,6800100,6800100-004,26鄰,桃鶯路,,352巷,,,,21號,121.321677549263,24.9776199598573
桃園市桃園區大林里26鄰桃鶯路352巷22號,68,6800100,6800100-004,26鄰,桃鶯路,,352巷,,,,22號,121.321600235739,24.9777132088611
桃園市桃園區大林里26鄰桃鶯路352巷23之1號,68,6800100,6800100-004,26鄰,桃鶯路,,352巷,,,,23之1號,121.321683709149,24.9774748614798
桃園市桃園區大林里26鄰桃鶯路352巷23號,68,6800100,6800100-004,26鄰,桃鶯路,,352巷,,,,23號,121.321616062656,24.9775908409632
桃園市桃園區大林里26鄰桃鶯路352巷24號,68,6800100,6800100-004,26鄰,桃鶯路,,352巷,,,,24號,121.321566099389,24.9776889061483
桃園市桃園區大林里26鄰桃鶯路352巷26號,68,6800100,6800100-004,26鄰,桃鶯路,,352巷,,,,26號,121.321531974553,24.9776690272782
桃園市桃園區大林里26鄰桃鶯路352巷27號,68,6800100,6800100-004,26鄰,桃鶯路,,352巷,,,,27號,121.321577757585,24.9775632067813
桃園市桃園區大林里26鄰桃鶯路352巷28號,68,6800100,6800100-004,26鄰,桃鶯路,,352巷,,,,28號,121.32149793141,24.9776424672686
桃園市桃園區大林里26鄰桃鶯路352巷29號,68,6800100,6800100-004,26鄰,桃鶯路,,352巷,,,,29號,121.321537397377,24.9775451470453
桃園市桃園區大林里26鄰桃鶯路352巷30號,68,6800100,6800100-004,26鄰,桃鶯路,,352巷,,,,30號,121.321466183781,24.977622583249
桃園市桃園區大林里26鄰桃鶯路352巷31號,68,6800100,6800100-004,26鄰,桃鶯路,,352巷,,,,31號,121.321501374692,24.9775191330106
桃園市桃園區大林里26鄰桃鶯路352巷32號,68,6800100,6800100-004,26鄰,桃鶯路,,352巷,,,,32號,121.321432047482,24.9775982805045
桃園市桃園區大林里26鄰桃鶯路352巷33號,68,6800100,6800100-004,26鄰,桃鶯路,,352巷,,,,33號,121.321469133021,24.977499701474
桃園市桃園區大林里26鄰桃鶯路352巷34號,68,6800100,6800100-004,26鄰,桃鶯路,,352巷,,,,34號,121.321395528384,24.9775718161004
桃園市桃園區大林里26鄰桃鶯路352巷35號,68,6800100,6800100-004,26鄰,桃鶯路,,352巷,,,,35號,121.321437970342,24.9774762048572
桃園市桃園區大林里26鄰桃鶯路352巷36號,68,6800100,6800100-004,26鄰,桃鶯路,,352巷,,,,36號,121.321366257019,24.9775519267126
桃園市桃園區大林里26鄰桃鶯路352巷37號,68,6800100,6800100-004,26鄰,桃鶯路,,352巷,,,,37號,121.321319436861,24.9773729962349
桃園市桃園區大林里26鄰桃鶯路352巷38號,68,6800100,6800100-004,26鄰,桃鶯路,,352巷,,,,38號,121.321337067354,24.9775253561874
桃園市桃園區大林里26鄰桃鶯路352巷40號,68,6800100,6800100-004,26鄰,桃鶯路,,352巷,,,,40號,121.321290725075,24.9774922320059
桃園市桃園區大林里26鄰桃鶯路354號,68,6800100,6800100-004,26鄰,桃鶯路,,,,,,354號,121.32216510132,24.9779732669433
桃園市桃園區大林里26鄰桃鶯路356號,68,6800100,6800100-004,26鄰,桃鶯路,,,,,,356號,121.322185495678,24.9779314216964
桃園市桃園區大林里26鄰桃鶯路358號,68,6800100,6800100-004,26鄰,桃鶯路,,,,,,358號,121.322209185234,24.9778997713122
桃園市桃園區大林里26鄰桃鶯路360之1號,68,6800100,6800100-004,26鄰,桃鶯路,,,,,,360之1號,121.322254792946,24.9778408982427
桃園市桃園區大林里26鄰桃鶯路360號,68,6800100,6800100-004,26鄰,桃鶯路,,,,,,360號,121.322242765843,24.977862772806
桃園市桃園區大林里22鄰桃鶯路362號,68,6800100,6800100-004,22鄰,桃鶯路,,,,,,362號,121.322265535014,24.9777059919295
桃園市桃園區大林里18鄰桃鶯路366號,68,6800100,6800100-004,18鄰,桃鶯路,,,,,,366號,121.32237147093,24.9776497869863
桃園市桃園區大林里18鄰桃鶯路368號,68,6800100,6800100-004,18鄰,桃鶯路,,,,,,368號,121.322387508176,24.9776084025623
桃園市桃園區大林里18鄰桃鶯路370號,68,6800100,6800100-004,18鄰,桃鶯路,,,,,,370號,121.322408095555,24.9775646609192
桃園市桃園區大林里18鄰桃鶯路372號,68,6800100,6800100-004,18鄰,桃鶯路,,,,,,372號,121.322432261165,24.9775256965309
桃園市桃園區大林里18鄰桃鶯路374號,68,6800100,6800100-004,18鄰,桃鶯路,,,,,,374號,121.322445614868,24.977480796869
桃園市桃園區大林里18鄰桃鶯路376號,68,6800100,6800100-004,18鄰,桃鶯路,,,,,,376號,121.322471151365,24.9774357805321
桃園市桃園區大林里18鄰桃鶯路378號,68,6800100,6800100-004,18鄰,桃鶯路,,,,,,378號,121.322506270413,24.9773810831308
桃園市桃園區大林里22鄰桃鶯路380之2號六樓,68,6800100,6800100-004,22鄰,桃鶯路,,,,,,380之2號六樓,121.321842249934,24.9774603443362
桃園市桃園區大林里22鄰桃鶯路380之2號十一樓,68,6800100,6800100-004,22鄰,桃鶯路,,,,,,380之2號十一樓,121.321842249934,24.9774603443362
桃園市桃園區大林里22鄰桃鶯路380之2號十三樓,68,6800100,6800100-004,22鄰,桃鶯路,,,,,,380之2號十三樓,121.321842249934,24.9774603443362
桃園市桃園區大林里22鄰桃鶯路380之2號十二樓,68,6800100,6800100-004,22鄰,桃鶯路,,,,,,380之2號十二樓,121.321842249934,24.9774603443362
桃園市桃園區大林里22鄰桃鶯路380之2號十樓,68,6800100,6800100-004,22鄰,桃鶯路,,,,,,380之2號十樓,121.321842249934,24.9774603443362
桃園市桃園區大林里22鄰桃鶯路380之2號四樓,68,6800100,6800100-004,22鄰,桃鶯路,,,,,,380之2號四樓,121.321842249934,24.9774603443362
桃園市桃園區大林里22鄰桃鶯路380之3號七樓,68,6800100,6800100-004,22鄰,桃鶯路,,,,,,380之3號七樓,121.321955148102,24.9775293474013
桃園市桃園區大林里22鄰桃鶯路380之3號三樓,68,6800100,6800100-004,22鄰,桃鶯路,,,,,,380之3號三樓,121.321955148102,24.9775293474013
桃園市桃園區大林里22鄰桃鶯路380之3號九樓,68,6800100,6800100-004,22鄰,桃鶯路,,,,,,380之3號九樓,121.321955148102,24.9775293474013
桃園市桃園區大林里22鄰桃鶯路380之3號二樓,68,6800100,6800100-004,22鄰,桃鶯路,,,,,,380之3號二樓,121.321955148102,24.9775293474013
桃園市桃園區大林里22鄰桃鶯路380之3號五樓,68,6800100,6800100-004,22鄰,桃鶯路,,,,,,380之3號五樓,121.321955148102,24.9775293474013
桃園市桃園區大林里22鄰桃鶯路380之3號八樓,68,6800100,6800100-004,22鄰,桃鶯路,,,,,,380之3號八樓,121.321955148102,24.9775293474013
桃園市桃園區大林里22鄰桃鶯路380之3號十一樓,68,6800100,6800100-004,22鄰,桃鶯路,,,,,,380之3號十一樓,121.321955148102,24.9775293474013
桃園市桃園區大林里22鄰桃鶯路380之3號十樓,68,6800100,6800100-004,22鄰,桃鶯路,,,,,,380之3號十樓,121.321955148102,24.9775293474013
桃園市桃園區大林里22鄰桃鶯路380之3號四樓,68,6800100,6800100-004,22鄰,桃鶯路,,,,,,380之3號四樓,121.321955148102,24.9775293474013
桃園市桃園區大林里22鄰桃鶯路380之5號七樓,68,6800100,6800100-004,22鄰,桃鶯路,,,,,,380之5號七樓,121.322054792208,24.9775674119254
桃園市桃園區大林里22鄰桃鶯路380之5號三樓,68,6800100,6800100-004,22鄰,桃鶯路,,,,,,380之5號三樓,121.322054792208,24.9775674119254
桃園市桃園區大林里22鄰桃鶯路380之5號九樓,68,6800100,6800100-004,22鄰,桃鶯路,,,,,,380之5號九樓,121.322054792208,24.9775674119254
桃園市桃園區大林里22鄰桃鶯路380之5號二樓,68,6800100,6800100-004,22鄰,桃鶯路,,,,,,380之5號二樓,121.322054792208,24.9775674119254
桃園市桃園區大林里22鄰桃鶯路380之5號五樓,68,6800100,6800100-004,22鄰,桃鶯路,,,,,,380之5號五樓,121.322054792208,24.9775674119254
桃園市桃園區大林里22鄰桃鶯路380之5號六樓,68,6800100,6800100-004,22鄰,桃鶯路,,,,,,380之5號六樓,121.322054792208,24.9775674119254
桃園市桃園區大林里22鄰桃鶯路380之5號十一樓,68,6800100,6800100-004,22鄰,桃鶯路,,,,,,380之5號十一樓,121.322054792208,24.9775674119254
桃園市桃園區大林里22鄰桃鶯路380之5號十二樓,68,6800100,6800100-004,22鄰,桃鶯路,,,,,,380之5號十二樓,121.322054792208,24.9775674119254
桃園市桃園區大林里22鄰桃鶯路380之5號十樓,68,6800100,6800100-004,22鄰,桃鶯路,,,,,,380之5號十樓,121.322054792208,24.9775674119254
桃園市桃園區大林里22鄰桃鶯路380之5號四樓,68,6800100,6800100-004,22鄰,桃鶯路,,,,,,380之5號四樓,121.322054792208,24.9775674119254
桃園市桃園區大林里22鄰桃鶯路380之6號七樓,68,6800100,6800100-004,22鄰,桃鶯路,,,,,,380之6號七樓,121.322144017392,24.9775982762757
桃園市桃園區大林里22鄰桃鶯路380之3號六樓,68,6800100,6800100-004,22鄰,桃鶯路,,,,,,380之3號六樓,121.321955148102,24.9775293474013
桃園市桃園區大林里22鄰桃鶯路380之6號四樓,68,6800100,6800100-004,22鄰,桃鶯路,,,,,,380之6號四樓,121.322144017392,24.9775982762757
桃園市桃園區大林里22鄰桃鶯路380之10號十一樓,68,6800100,6800100-004,22鄰,桃鶯路,,,,,,380之10號十一樓,121.322274511616,24.9773877243071
桃園市桃園區大林里22鄰桃鶯路380之11號八樓,68,6800100,6800100-004,22鄰,桃鶯路,,,,,,380之11號八樓,121.322303191846,24.9773327700427
桃園市桃園區大林里22鄰桃鶯路380之1號四樓,68,6800100,6800100-004,22鄰,桃鶯路,,,,,,380之1號四樓,121.321881429576,24.9774053674517
桃園市桃園區大林里22鄰桃鶯路380之10號七樓,68,6800100,6800100-004,22鄰,桃鶯路,,,,,,380之10號七樓,121.322274511616,24.9773877243071
桃園市桃園區大林里22鄰桃鶯路380之10號三樓,68,6800100,6800100-004,22鄰,桃鶯路,,,,,,380之10號三樓,121.322274511616,24.9773877243071
桃園市桃園區大林里22鄰桃鶯路380之10號九樓,68,6800100,6800100-004,22鄰,桃鶯路,,,,,,380之10號九樓,121.322274511616,24.9773877243071
桃園市桃園區大林里22鄰桃鶯路380之10號二樓,68,6800100,6800100-004,22鄰,桃鶯路,,,,,,380之10號二樓,121.322274511616,24.9773877243071
桃園市桃園區大林里22鄰桃鶯路380之10號五樓,68,6800100,6800100-004,22鄰,桃鶯路,,,,,,380之10號五樓,121.322274511616,24.9773877243071
桃園市桃園區大林里22鄰桃鶯路380之10號八樓,68,6800100,6800100-004,22鄰,桃鶯路,,,,,,380之10號八樓,121.322274511616,24.9773877243071
桃園市桃園區大林里22鄰桃鶯路380之10號六樓,68,6800100,6800100-004,22鄰,桃鶯路,,,,,,380之10號六樓,121.322274511616,24.9773877243071
桃園市桃園區大林里22鄰桃鶯路380之10號十二樓,68,6800100,6800100-004,22鄰,桃鶯路,,,,,,380之10號十二樓,121.322274511616,24.9773877243071
桃園市桃園區大林里22鄰桃鶯路380之10號十樓,68,6800100,6800100-004,22鄰,桃鶯路,,,,,,380之10號十樓,121.322274511616,24.9773877243071
桃園市桃園區大林里22鄰桃鶯路380之10號四樓,68,6800100,6800100-004,22鄰,桃鶯路,,,,,,380之10號四樓,121.322274511616,24.9773877243071
桃園市桃園區大林里22鄰桃鶯路380之11號七樓,68,6800100,6800100-004,22鄰,桃鶯路,,,,,,380之11號七樓,121.322303191846,24.9773327700427
桃園市桃園區大林里22鄰桃鶯路380之11號三樓,68,6800100,6800100-004,22鄰,桃鶯路,,,,,,380之11號三樓,121.322303191846,24.9773327700427
桃園市桃園區大林里22鄰桃鶯路380之8號十一樓,68,6800100,6800100-004,22鄰,桃鶯路,,,,,,380之8號十一樓,121.322214470873,24.9774953815409
桃園市桃園區大林里22鄰桃鶯路380之11號九樓,68,6800100,6800100-004,22鄰,桃鶯路,,,,,,380之11號九樓,121.322303191846,24.9773327700427
桃園市桃園區大林里22鄰桃鶯路380之8號十三樓,68,6800100,6800100-004,22鄰,桃鶯路,,,,,,380之8號十三樓,121.322214470873,24.9774953815409
桃園市桃園區大林里22鄰桃鶯路380之11號二樓,68,6800100,6800100-004,22鄰,桃鶯路,,,,,,380之11號二樓,121.322303191846,24.9773327700427
桃園市桃園區大林里22鄰桃鶯路380之8號十二樓,68,6800100,6800100-004,22鄰,桃鶯路,,,,,,380之8號十二樓,121.322214470873,24.9774953815409
桃園市桃園區大林里22鄰桃鶯路380之11號五樓,68,6800100,6800100-004,22鄰,桃鶯路,,,,,,380之11號五樓,121.322303191846,24.9773327700427
桃園市桃園區大林里22鄰桃鶯路380之8號十樓,68,6800100,6800100-004,22鄰,桃鶯路,,,,,,380之8號十樓,121.322214470873,24.9774953815409
桃園市桃園區大林里22鄰桃鶯路380之11號六樓,68,6800100,6800100-004,22鄰,桃鶯路,,,,,,380之11號六樓,121.322303191846,24.9773327700427
桃園市桃園區大林里22鄰桃鶯路380之8號四樓,68,6800100,6800100-004,22鄰,桃鶯路,,,,,,380之8號四樓,121.322214470873,24.9774953815409
桃園市桃園區大林里22鄰桃鶯路380之11號十一樓,68,6800100,6800100-004,22鄰,桃鶯路,,,,,,380之11號十一樓,121.322303191846,24.9773327700427
桃園市桃園區大林里22鄰桃鶯路380之9號七樓,68,6800100,6800100-004,22鄰,桃鶯路,,,,,,380之9號七樓,121.322245825244,24.9774403312165
桃園市桃園區大林里22鄰桃鶯路380之11號十二樓,68,6800100,6800100-004,22鄰,桃鶯路,,,,,,380之11號十二樓,121.322303191846,24.9773327700427
桃園市桃園區大林里22鄰桃鶯路380之9號三樓,68,6800100,6800100-004,22鄰,桃鶯路,,,,,,380之9號三樓,121.322245825244,24.9774403312165
桃園市桃園區大林里22鄰桃鶯路380之11號十樓,68,6800100,6800100-004,22鄰,桃鶯路,,,,,,380之11號十樓,121.322303191846,24.9773327700427
桃園市桃園區大林里22鄰桃鶯路380之9號九樓,68,6800100,6800100-004,22鄰,桃鶯路,,,,,,380之9號九樓,121.322245825244,24.9774403312165
桃園市桃園區大林里22鄰桃鶯路380之11號四樓,68,6800100,6800100-004,22鄰,桃鶯路,,,,,,380之11號四樓,121.322303191846,24.9773327700427
桃園市桃園區大林里22鄰桃鶯路380之9號二樓,68,6800100,6800100-004,22鄰,桃鶯路,,,,,,380之9號二樓,121.322245825244,24.9774403312165
桃園市桃園區大林里22鄰桃鶯路380之2號七樓,68,6800100,6800100-004,22鄰,桃鶯路,,,,,,380之2號七樓,121.321842249934,24.9774603443362
桃園市桃園區大林里22鄰桃鶯路380之9號五樓,68,6800100,6800100-004,22鄰,桃鶯路,,,,,,380之9號五樓,121.322245825244,24.9774403312165
桃園市桃園區大林里22鄰桃鶯路380之2號三樓,68,6800100,6800100-004,22鄰,桃鶯路,,,,,,380之2號三樓,121.321842249934,24.9774603443362
桃園市桃園區大林里22鄰桃鶯路380之9號八樓,68,6800100,6800100-004,22鄰,桃鶯路,,,,,,380之9號八樓,121.322245825244,24.9774403312165
桃園市桃園區大林里22鄰桃鶯路380之2號九樓,68,6800100,6800100-004,22鄰,桃鶯路,,,,,,380之2號九樓,121.321842249934,24.9774603443362
桃園市桃園區大林里22鄰桃鶯路380之9號六樓,68,6800100,6800100-004,22鄰,桃鶯路,,,,,,380之9號六樓,121.322245825244,24.9774403312165
桃園市桃園區大林里22鄰桃鶯路380之2號五樓,68,6800100,6800100-004,22鄰,桃鶯路,,,,,,380之2號五樓,121.321842249934,24.9774603443362
桃園市桃園區大林里22鄰桃鶯路380之9號十三樓,68,6800100,6800100-004,22鄰,桃鶯路,,,,,,380之9號十三樓,121.322245825244,24.9774403312165
桃園市桃園區大林里22鄰桃鶯路380之2號八樓,68,6800100,6800100-004,22鄰,桃鶯路,,,,,,380之2號八樓,121.321842249934,24.9774603443362
桃園市桃園區大林里22鄰桃鶯路380之9號十二樓,68,6800100,6800100-004,22鄰,桃鶯路,,,,,,380之9號十二樓,121.322245825244,24.9774403312165
桃園市桃園區大林里22鄰桃鶯路380之9號十樓,68,6800100,6800100-004,22鄰,桃鶯路,,,,,,380之9號十樓,121.322245825244,24.9774403312165
桃園市桃園區大林里22鄰桃鶯路380之9號四樓,68,6800100,6800100-004,22鄰,桃鶯路,,,,,,380之9號四樓,121.322245825244,24.9774403312165
桃園市桃園區大林里22鄰桃鶯路380號七樓,68,6800100,6800100-004,22鄰,桃鶯路,,,,,,380號七樓,121.321912753056,24.977338399883
桃園市桃園區大林里22鄰桃鶯路380號三樓,68,6800100,6800100-004,22鄰,桃鶯路,,,,,,380號三樓,121.321912753056,24.977338399883
桃園市桃園區大林里22鄰桃鶯路380號九樓,68,6800100,6800100-004,22鄰,桃鶯路,,,,,,380號九樓,121.321912753056,24.977338399883
桃園市桃園區大林里22鄰桃鶯路380號二樓,68,6800100,6800100-004,22鄰,桃鶯路,,,,,,380號二樓,121.321912753056,24.977338399883
桃園市桃園區大林里22鄰桃鶯路380之1號十一樓,68,6800100,6800100-004,22鄰,桃鶯路,,,,,,380之1號十一樓,121.321881429576,24.9774053674517
桃園市桃園區大林里22鄰桃鶯路380之3號十二樓,68,6800100,6800100-004,22鄰,桃鶯路,,,,,,380之3號十二樓,121.321955148102,24.9775293474013
桃園市桃園區大林里22鄰桃鶯路380號八樓,68,6800100,6800100-004,22鄰,桃鶯路,,,,,,380號八樓,121.321912753056,24.977338399883
桃園市桃園區大林里22鄰桃鶯路380之5號八樓,68,6800100,6800100-004,22鄰,桃鶯路,,,,,,380之5號八樓,121.322054792208,24.9775674119254
桃園市桃園區大林里22鄰桃鶯路380號六樓,68,6800100,6800100-004,22鄰,桃鶯路,,,,,,380號六樓,121.321912753056,24.977338399883
桃園市桃園區大林里22鄰桃鶯路380號十一樓,68,6800100,6800100-004,22鄰,桃鶯路,,,,,,380號十一樓,121.321912753056,24.977338399883
桃園市桃園區大林里22鄰桃鶯路380號十三樓,68,6800100,6800100-004,22鄰,桃鶯路,,,,,,380號十三樓,121.321912753056,24.977338399883
桃園市桃園區大林里22鄰桃鶯路380號十二樓,68,6800100,6800100-004,22鄰,桃鶯路,,,,,,380號十二樓,121.321912753056,24.977338399883
桃園市桃園區大林里22鄰桃鶯路380號十樓,68,6800100,6800100-004,22鄰,桃鶯路,,,,,,380號十樓,121.321912753056,24.977338399883
桃園市桃園區大林里22鄰桃鶯路380號四樓,68,6800100,6800100-004,22鄰,桃鶯路,,,,,,380號四樓,121.321912753056,24.977338399883
桃園市桃園區大林里22鄰桃鶯路380之9號十一樓,68,6800100,6800100-004,22鄰,桃鶯路,,,,,,380之9號十一樓,121.322245825244,24.9774403312165
桃園市桃園區大林里22鄰桃鶯路380號五樓,68,6800100,6800100-004,22鄰,桃鶯路,,,,,,380號五樓,121.321912753056,24.977338399883
桃園市桃園區大林里22鄰桃鶯路380之2號二樓,68,6800100,6800100-004,22鄰,桃鶯路,,,,,,380之2號二樓,121.321842249934,24.9774603443362
桃園市桃園區大林里22鄰桃鶯路380之6號三樓,68,6800100,6800100-004,22鄰,桃鶯路,,,,,,380之6號三樓,121.322144017392,24.9775982762757
桃園市桃園區大林里22鄰桃鶯路380之1號七樓,68,6800100,6800100-004,22鄰,桃鶯路,,,,,,380之1號七樓,121.321881429576,24.9774053674517
桃園市桃園區大林里22鄰桃鶯路380之6號九樓,68,6800100,6800100-004,22鄰,桃鶯路,,,,,,380之6號九樓,121.322144017392,24.9775982762757
桃園市桃園區大林里22鄰桃鶯路380之1號三樓,68,6800100,6800100-004,22鄰,桃鶯路,,,,,,380之1號三樓,121.321881429576,24.9774053674517
桃園市桃園區大林里22鄰桃鶯路380之6號二樓,68,6800100,6800100-004,22鄰,桃鶯路,,,,,,380之6號二樓,121.322144017392,24.9775982762757
桃園市桃園區大林里22鄰桃鶯路380之1號九樓,68,6800100,6800100-004,22鄰,桃鶯路,,,,,,380之1號九樓,121.321881429576,24.9774053674517
桃園市桃園區大林里22鄰桃鶯路380之6號五樓,68,6800100,6800100-004,22鄰,桃鶯路,,,,,,380之6號五樓,121.322144017392,24.9775982762757
桃園市桃園區大林里22鄰桃鶯路380之1號二樓,68,6800100,6800100-004,22鄰,桃鶯路,,,,,,380之1號二樓,121.321881429576,24.9774053674517
桃園市桃園區大林里22鄰桃鶯路380之6號八樓,68,6800100,6800100-004,22鄰,桃鶯路,,,,,,380之6號八樓,121.322144017392,24.9775982762757
桃園市桃園區大林里22鄰桃鶯路380之1號五樓,68,6800100,6800100-004,22鄰,桃鶯路,,,,,,380之1號五樓,121.321881429576,24.9774053674517
桃園市桃園區大林里22鄰桃鶯路380之6號六樓,68,6800100,6800100-004,22鄰,桃鶯路,,,,,,380之6號六樓,121.322144017392,24.9775982762757
桃園市桃園區大林里22鄰桃鶯路380之1號八樓,68,6800100,6800100-004,22鄰,桃鶯路,,,,,,380之1號八樓,121.321881429576,24.9774053674517
桃園市桃園區大林里22鄰桃鶯路380之6號十三樓,68,6800100,6800100-004,22鄰,桃鶯路,,,,,,380之6號十三樓,121.322144017392,24.9775982762757
桃園市桃園區大林里22鄰桃鶯路380之1號六樓,68,6800100,6800100-004,22鄰,桃鶯路,,,,,,380之1號六樓,121.321881429576,24.9774053674517
桃園市桃園區大林里22鄰桃鶯路380之6號十二樓,68,6800100,6800100-004,22鄰,桃鶯路,,,,,,380之6號十二樓,121.322144017392,24.9775982762757
桃園市桃園區大林里22鄰桃鶯路380之1號十三樓,68,6800100,6800100-004,22鄰,桃鶯路,,,,,,380之1號十三樓,121.321881429576,24.9774053674517
桃園市桃園區大林里22鄰桃鶯路380之6號十樓,68,6800100,6800100-004,22鄰,桃鶯路,,,,,,380之6號十樓,121.322144017392,24.9775982762757
桃園市桃園區大林里22鄰桃鶯路380之6號十一樓,68,6800100,6800100-004,22鄰,桃鶯路,,,,,,380之6號十一樓,121.322144017392,24.9775982762757
桃園市桃園區大林里22鄰桃鶯路380之1號十二樓,68,6800100,6800100-004,22鄰,桃鶯路,,,,,,380之1號十二樓,121.321881429576,24.9774053674517
桃園市桃園區大林里22鄰桃鶯路380之7號七樓,68,6800100,6800100-004,22鄰,桃鶯路,,,,,,380之7號七樓,121.322188440199,24.9775408503197
桃園市桃園區大林里22鄰桃鶯路380之7號五樓,68,6800100,6800100-004,22鄰,桃鶯路,,,,,,380之7號五樓,121.322188440199,24.9775408503197
桃園市桃園區大林里22鄰桃鶯路380之1號十樓,68,6800100,6800100-004,22鄰,桃鶯路,,,,,,380之1號十樓,121.321881429576,24.9774053674517
桃園市桃園區大林里22鄰桃鶯路380之7號三樓,68,6800100,6800100-004,22鄰,桃鶯路,,,,,,380之7號三樓,121.322188440199,24.9775408503197
桃園市桃園區大林里22鄰桃鶯路380之8號七樓,68,6800100,6800100-004,22鄰,桃鶯路,,,,,,380之8號七樓,121.322214470873,24.9774953815409
桃園市桃園區大林里22鄰桃鶯路380之7號九樓,68,6800100,6800100-004,22鄰,桃鶯路,,,,,,380之7號九樓,121.322188440199,24.9775408503197
桃園市桃園區大林里22鄰桃鶯路380之7號二樓,68,6800100,6800100-004,22鄰,桃鶯路,,,,,,380之7號二樓,121.322188440199,24.9775408503197
桃園市桃園區大林里22鄰桃鶯路380之7號八樓,68,6800100,6800100-004,22鄰,桃鶯路,,,,,,380之7號八樓,121.322188440199,24.9775408503197
桃園市桃園區大林里22鄰桃鶯路380之7號六樓,68,6800100,6800100-004,22鄰,桃鶯路,,,,,,380之7號六樓,121.322188440199,24.9775408503197
桃園市桃園區大林里22鄰桃鶯路380之7號十一樓,68,6800100,6800100-004,22鄰,桃鶯路,,,,,,380之7號十一樓,121.322188440199,24.9775408503197
桃園市桃園區大林里22鄰桃鶯路380之7號十三樓,68,6800100,6800100-004,22鄰,桃鶯路,,,,,,380之7號十三樓,121.322188440199,24.9775408503197
桃園市桃園區大林里22鄰桃鶯路380之7號十二樓,68,6800100,6800100-004,22鄰,桃鶯路,,,,,,380之7號十二樓,121.322188440199,24.9775408503197
桃園市桃園區大林里22鄰桃鶯路380之7號十樓,68,6800100,6800100-004,22鄰,桃鶯路,,,,,,380之7號十樓,121.322188440199,24.9775408503197
桃園市桃園區大林里22鄰桃鶯路380之7號四樓,68,6800100,6800100-004,22鄰,桃鶯路,,,,,,380之7號四樓,121.322188440199,24.9775408503197
桃園市桃園區大林里22鄰桃鶯路380之8號三樓,68,6800100,6800100-004,22鄰,桃鶯路,,,,,,380之8號三樓,121.322214470873,24.9774953815409
桃園市桃園區大林里22鄰桃鶯路380之8號九樓,68,6800100,6800100-004,22鄰,桃鶯路,,,,,,380之8號九樓,121.322214470873,24.9774953815409
桃園市桃園區大林里22鄰桃鶯路380之8號二樓,68,6800100,6800100-004,22鄰,桃鶯路,,,,,,380之8號二樓,121.322214470873,24.9774953815409
桃園市桃園區大林里22鄰桃鶯路380之8號五樓,68,6800100,6800100-004,22鄰,桃鶯路,,,,,,380之8號五樓,121.322214470873,24.9774953815409
桃園市桃園區大林里22鄰桃鶯路380之8號八樓,68,6800100,6800100-004,22鄰,桃鶯路,,,,,,380之8號八樓,121.322214470873,24.9774953815409
桃園市桃園區大林里22鄰桃鶯路380之8號六樓,68,6800100,6800100-004,22鄰,桃鶯路,,,,,,380之8號六樓,121.322214470873,24.9774953815409
桃園市桃園區大林里22鄰桃鶯路382之3號,68,6800100,6800100-004,22鄰,桃鶯路,,,,,,382之3號,121.322583045596,24.9770437993984
桃園市桃園區大林里22鄰桃鶯路382之5號,68,6800100,6800100-004,22鄰,桃鶯路,,,,,,382之5號,121.322245221636,24.977208665891
桃園市桃園區大林里22鄰桃鶯路382之2號,68,6800100,6800100-004,22鄰,桃鶯路,,,,,,382之2號,121.322530827957,24.9771126180422
桃園市桃園區大林里22鄰桃鶯路382號,68,6800100,6800100-004,22鄰,桃鶯路,,,,,,382號,121.322478817179,24.9772607951319
桃園市桃園區大林里22鄰桃鶯路382之1號,68,6800100,6800100-004,22鄰,桃鶯路,,,,,,382之1號,121.322504766938,24.9771843593475
桃園市桃園區大林里22鄰桃鶯路382之15號七樓,68,6800100,6800100-004,22鄰,桃鶯路,,,,,,382之15號七樓,121.322484830487,24.9766419811886
桃園市桃園區大林里22鄰桃鶯路382之7號二樓,68,6800100,6800100-004,22鄰,桃鶯路,,,,,,382之7號二樓,121.322292051549,24.9770867725019
桃園市桃園區大林里22鄰桃鶯路382之15號三樓,68,6800100,6800100-004,22鄰,桃鶯路,,,,,,382之15號三樓,121.322484830487,24.9766419811886
桃園市桃園區大林里22鄰桃鶯路382之7號五樓,68,6800100,6800100-004,22鄰,桃鶯路,,,,,,382之7號五樓,121.322292051549,24.9770867725019
桃園市桃園區大林里22鄰桃鶯路382之7號八樓,68,6800100,6800100-004,22鄰,桃鶯路,,,,,,382之7號八樓,121.322292051549,24.9770867725019
桃園市桃園區大林里22鄰桃鶯路382之7號六樓,68,6800100,6800100-004,22鄰,桃鶯路,,,,,,382之7號六樓,121.322292051549,24.9770867725019
桃園市桃園區大林里22鄰桃鶯路382之7號十一樓,68,6800100,6800100-004,22鄰,桃鶯路,,,,,,382之7號十一樓,121.322292051549,24.9770867725019
桃園市桃園區大林里22鄰桃鶯路382之7號十二樓,68,6800100,6800100-004,22鄰,桃鶯路,,,,,,382之7號十二樓,121.322292051549,24.9770867725019
桃園市桃園區大林里22鄰桃鶯路382之7號四樓,68,6800100,6800100-004,22鄰,桃鶯路,,,,,,382之7號四樓,121.322292051549,24.9770867725019
桃園市桃園區大林里22鄰桃鶯路382之8號三樓,68,6800100,6800100-004,22鄰,桃鶯路,,,,,,382之8號三樓,121.322325925055,24.9770102293078
桃園市桃園區大林里22鄰桃鶯路382之8號九樓,68,6800100,6800100-004,22鄰,桃鶯路,,,,,,382之8號九樓,121.322325925055,24.9770102293078
桃園市桃園區大林里22鄰桃鶯路382之8號二樓,68,6800100,6800100-004,22鄰,桃鶯路,,,,,,382之8號二樓,121.322325925055,24.9770102293078
桃園市桃園區大林里22鄰桃鶯路382之8號五樓,68,6800100,6800100-004,22鄰,桃鶯路,,,,,,382之8號五樓,121.322325925055,24.9770102293078
桃園市桃園區大林里22鄰桃鶯路382之8號八樓,68,6800100,6800100-004,22鄰,桃鶯路,,,,,,382之8號八樓,121.322325925055,24.9770102293078
桃園市桃園區大林里22鄰桃鶯路382之8號十一樓,68,6800100,6800100-004,22鄰,桃鶯路,,,,,,382之8號十一樓,121.322325925055,24.9770102293078
桃園市桃園區大林里22鄰桃鶯路382之8號十二樓,68,6800100,6800100-004,22鄰,桃鶯路,,,,,,382之8號十二樓,121.322325925055,24.9770102293078
桃園市桃園區大林里22鄰桃鶯路382之8號十樓,68,6800100,6800100-004,22鄰,桃鶯路,,,,,,382之8號十樓,121.322325925055,24.9770102293078
桃園市桃園區大林里22鄰桃鶯路382之8號四樓,68,6800100,6800100-004,22鄰,桃鶯路,,,,,,382之8號四樓,121.322325925055,24.9770102293078
桃園市桃園區大林里22鄰桃鶯路382之9號七樓,68,6800100,6800100-004,22鄰,桃鶯路,,,,,,382之9號七樓,121.322351986142,24.9769384880315
桃園市桃園區大林里22鄰桃鶯路382之9號三樓,68,6800100,6800100-004,22鄰,桃鶯路,,,,,,382之9號三樓,121.322351986142,24.9769384880315
桃園市桃園區大林里22鄰桃鶯路382之9號九樓,68,6800100,6800100-004,22鄰,桃鶯路,,,,,,382之9號九樓,121.322351986142,24.9769384880315
桃園市桃園區大林里22鄰桃鶯路382之9號二樓,68,6800100,6800100-004,22鄰,桃鶯路,,,,,,382之9號二樓,121.322351986142,24.9769384880315
桃園市桃園區大林里22鄰桃鶯路382之9號八樓,68,6800100,6800100-004,22鄰,桃鶯路,,,,,,382之9號八樓,121.322351986142,24.9769384880315
桃園市桃園區大林里22鄰桃鶯路382之9號六樓,68,6800100,6800100-004,22鄰,桃鶯路,,,,,,382之9號六樓,121.322351986142,24.9769384880315
桃園市桃園區大林里22鄰桃鶯路382之9號十一樓,68,6800100,6800100-004,22鄰,桃鶯路,,,,,,382之9號十一樓,121.322351986142,24.9769384880315
桃園市桃園區大林里22鄰桃鶯路382之9號十二樓,68,6800100,6800100-004,22鄰,桃鶯路,,,,,,382之9號十二樓,121.322351986142,24.9769384880315
桃園市桃園區大林里22鄰桃鶯路382之9號十樓,68,6800100,6800100-004,22鄰,桃鶯路,,,,,,382之9號十樓,121.322351986142,24.9769384880315
桃園市桃園區大林里22鄰桃鶯路382之9號四樓,68,6800100,6800100-004,22鄰,桃鶯路,,,,,,382之9號四樓,121.322351986142,24.9769384880315
桃園市桃園區大林里22鄰桃鶯路382之5號三樓,68,6800100,6800100-004,22鄰,桃鶯路,,,,,,382之5號三樓,121.322245221636,24.977208665891
桃園市桃園區大林里22鄰桃鶯路382之5號四樓,68,6800100,6800100-004,22鄰,桃鶯路,,,,,,382之5號四樓,121.322245221636,24.977208665891
桃園市桃園區大林里22鄰桃鶯路382之6號十一樓,68,6800100,6800100-004,22鄰,桃鶯路,,,,,,382之6號十一樓,121.322266076742,24.9771536382884
桃園市桃園區大林里22鄰桃鶯路382之1號七樓,68,6800100,6800100-004,22鄰,桃鶯路,,,,,,382之1號七樓,121.322504766938,24.9771843593475
桃園市桃園區大林里22鄰桃鶯路382之1號三樓,68,6800100,6800100-004,22鄰,桃鶯路,,,,,,382之1號三樓,121.322504766938,24.9771843593475
桃園市桃園區大林里22鄰桃鶯路382之1號九樓,68,6800100,6800100-004,22鄰,桃鶯路,,,,,,382之1號九樓,121.322504766938,24.9771843593475
桃園市桃園區大林里22鄰桃鶯路382之1號二樓,68,6800100,6800100-004,22鄰,桃鶯路,,,,,,382之1號二樓,121.322504766938,24.9771843593475
桃園市桃園區大林里22鄰桃鶯路382之1號五樓,68,6800100,6800100-004,22鄰,桃鶯路,,,,,,382之1號五樓,121.322504766938,24.9771843593475
桃園市桃園區大林里22鄰桃鶯路382之1號八樓,68,6800100,6800100-004,22鄰,桃鶯路,,,,,,382之1號八樓,121.322504766938,24.9771843593475
桃園市桃園區大林里22鄰桃鶯路382之1號六樓,68,6800100,6800100-004,22鄰,桃鶯路,,,,,,382之1號六樓,121.322504766938,24.9771843593475
桃園市桃園區大林里22鄰桃鶯路382之1號十一樓,68,6800100,6800100-004,22鄰,桃鶯路,,,,,,382之1號十一樓,121.322504766938,24.9771843593475
桃園市桃園區大林里22鄰桃鶯路382之2號九樓,68,6800100,6800100-004,22鄰,桃鶯路,,,,,,382之2號九樓,121.322530827957,24.9771126180422
桃園市桃園區大林里22鄰桃鶯路382之1號十二樓,68,6800100,6800100-004,22鄰,桃鶯路,,,,,,382之1號十二樓,121.322504766938,24.9771843593475
桃園市桃園區大林里22鄰桃鶯路382之1號四樓,68,6800100,6800100-004,22鄰,桃鶯路,,,,,,382之1號四樓,121.322504766938,24.9771843593475
桃園市桃園區大林里22鄰桃鶯路382之10號七樓,68,6800100,6800100-004,22鄰,桃鶯路,,,,,,382之10號七樓,121.322377954505,24.9768691845969
桃園市桃園區大林里22鄰桃鶯路382之10號三樓,68,6800100,6800100-004,22鄰,桃鶯路,,,,,,382之10號三樓,121.322377954505,24.9768691845969
桃園市桃園區大林里22鄰桃鶯路382之10號九樓,68,6800100,6800100-004,22鄰,桃鶯路,,,,,,382之10號九樓,121.322377954505,24.9768691845969
桃園市桃園區大林里22鄰桃鶯路382之10號二樓,68,6800100,6800100-004,22鄰,桃鶯路,,,,,,382之10號二樓,121.322377954505,24.9768691845969
桃園市桃園區大林里22鄰桃鶯路382之10號五樓,68,6800100,6800100-004,22鄰,桃鶯路,,,,,,382之10號五樓,121.322377954505,24.9768691845969
桃園市桃園區大林里22鄰桃鶯路382之10號八樓,68,6800100,6800100-004,22鄰,桃鶯路,,,,,,382之10號八樓,121.322377954505,24.9768691845969
桃園市桃園區大林里22鄰桃鶯路382之10號六樓,68,6800100,6800100-004,22鄰,桃鶯路,,,,,,382之10號六樓,121.322377954505,24.9768691845969
桃園市桃園區大林里22鄰桃鶯路382之3號十一樓,68,6800100,6800100-004,22鄰,桃鶯路,,,,,,382之3號十一樓,121.322583045596,24.9770437993984
桃園市桃園區大林里22鄰桃鶯路382之10號十二樓,68,6800100,6800100-004,22鄰,桃鶯路,,,,,,382之10號十二樓,121.322377954505,24.9768691845969
桃園市桃園區大林里22鄰桃鶯路382之3號十二樓,68,6800100,6800100-004,22鄰,桃鶯路,,,,,,382之3號十二樓,121.322583045596,24.9770437993984
桃園市桃園區大林里22鄰桃鶯路382之10號十樓,68,6800100,6800100-004,22鄰,桃鶯路,,,,,,382之10號十樓,121.322377954505,24.9768691845969
桃園市桃園區大林里22鄰桃鶯路382之3號十樓,68,6800100,6800100-004,22鄰,桃鶯路,,,,,,382之3號十樓,121.322583045596,24.9770437993984
桃園市桃園區大林里22鄰桃鶯路382之10號四樓,68,6800100,6800100-004,22鄰,桃鶯路,,,,,,382之10號四樓,121.322377954505,24.9768691845969
桃園市桃園區大林里22鄰桃鶯路382之3號四樓,68,6800100,6800100-004,22鄰,桃鶯路,,,,,,382之3號四樓,121.322583045596,24.9770437993984
桃園市桃園區大林里22鄰桃鶯路382之11號七樓,68,6800100,6800100-004,22鄰,桃鶯路,,,,,,382之11號七樓,121.32240404048,24.976807013274
桃園市桃園區大林里22鄰桃鶯路382之11號三樓,68,6800100,6800100-004,22鄰,桃鶯路,,,,,,382之11號三樓,121.32240404048,24.976807013274
桃園市桃園區大林里22鄰桃鶯路382之5號七樓,68,6800100,6800100-004,22鄰,桃鶯路,,,,,,382之5號七樓,121.322245221636,24.977208665891
桃園市桃園區大林里22鄰桃鶯路382之11號九樓,68,6800100,6800100-004,22鄰,桃鶯路,,,,,,382之11號九樓,121.32240404048,24.976807013274
桃園市桃園區大林里22鄰桃鶯路382之5號九樓,68,6800100,6800100-004,22鄰,桃鶯路,,,,,,382之5號九樓,121.322245221636,24.977208665891
桃園市桃園區大林里22鄰桃鶯路382之11號二樓,68,6800100,6800100-004,22鄰,桃鶯路,,,,,,382之11號二樓,121.32240404048,24.976807013274
桃園市桃園區大林里22鄰桃鶯路382之5號二樓,68,6800100,6800100-004,22鄰,桃鶯路,,,,,,382之5號二樓,121.322245221636,24.977208665891
桃園市桃園區大林里22鄰桃鶯路382之11號五樓,68,6800100,6800100-004,22鄰,桃鶯路,,,,,,382之11號五樓,121.32240404048,24.976807013274
桃園市桃園區大林里22鄰桃鶯路382之5號五樓,68,6800100,6800100-004,22鄰,桃鶯路,,,,,,382之5號五樓,121.322245221636,24.977208665891
桃園市桃園區大林里22鄰桃鶯路382之11號六樓,68,6800100,6800100-004,22鄰,桃鶯路,,,,,,382之11號六樓,121.32240404048,24.976807013274
桃園市桃園區大林里22鄰桃鶯路382之5號八樓,68,6800100,6800100-004,22鄰,桃鶯路,,,,,,382之5號八樓,121.322245221636,24.977208665891
桃園市桃園區大林里22鄰桃鶯路382之5號六樓,68,6800100,6800100-004,22鄰,桃鶯路,,,,,,382之5號六樓,121.322245221636,24.977208665891
桃園市桃園區大林里22鄰桃鶯路382之5號十一樓,68,6800100,6800100-004,22鄰,桃鶯路,,,,,,382之5號十一樓,121.322245221636,24.977208665891
桃園市桃園區大林里22鄰桃鶯路382之5號十二樓,68,6800100,6800100-004,22鄰,桃鶯路,,,,,,382之5號十二樓,121.322245221636,24.977208665891
桃園市桃園區大林里22鄰桃鶯路382之5號十樓,68,6800100,6800100-004,22鄰,桃鶯路,,,,,,382之5號十樓,121.322245221636,24.977208665891
桃園市桃園區大林里22鄰桃鶯路382之6號三樓,68,6800100,6800100-004,22鄰,桃鶯路,,,,,,382之6號三樓,121.322266076742,24.9771536382884
桃園市桃園區大林里22鄰桃鶯路382之6號九樓,68,6800100,6800100-004,22鄰,桃鶯路,,,,,,382之6號九樓,121.322266076742,24.9771536382884
桃園市桃園區大林里22鄰桃鶯路382之6號二樓,68,6800100,6800100-004,22鄰,桃鶯路,,,,,,382之6號二樓,121.322266076742,24.9771536382884
桃園市桃園區大林里22鄰桃鶯路382之6號五樓,68,6800100,6800100-004,22鄰,桃鶯路,,,,,,382之6號五樓,121.322266076742,24.9771536382884
桃園市桃園區大林里22鄰桃鶯路382之6號八樓,68,6800100,6800100-004,22鄰,桃鶯路,,,,,,382之6號八樓,121.322266076742,24.9771536382884
桃園市桃園區大林里22鄰桃鶯路382之6號六樓,68,6800100,6800100-004,22鄰,桃鶯路,,,,,,382之6號六樓,121.322266076742,24.9771536382884
桃園市桃園區大林里22鄰桃鶯路382之6號十二樓,68,6800100,6800100-004,22鄰,桃鶯路,,,,,,382之6號十二樓,121.322266076742,24.9771536382884
桃園市桃園區大林里22鄰桃鶯路382之6號十樓,68,6800100,6800100-004,22鄰,桃鶯路,,,,,,382之6號十樓,121.322266076742,24.9771536382884
桃園市桃園區大林里22鄰桃鶯路382之6號四樓,68,6800100,6800100-004,22鄰,桃鶯路,,,,,,382之6號四樓,121.322266076742,24.9771536382884
桃園市桃園區大林里22鄰桃鶯路382之7號七樓,68,6800100,6800100-004,22鄰,桃鶯路,,,,,,382之7號七樓,121.322292051549,24.9770867725019
桃園市桃園區大林里22鄰桃鶯路382之7號三樓,68,6800100,6800100-004,22鄰,桃鶯路,,,,,,382之7號三樓,121.322292051549,24.9770867725019
桃園市桃園區大林里22鄰桃鶯路382之7號九樓,68,6800100,6800100-004,22鄰,桃鶯路,,,,,,382之7號九樓,121.322292051549,24.9770867725019
桃園市桃園區大林里22鄰桃鶯路382之12號四樓,68,6800100,6800100-004,22鄰,桃鶯路,,,,,,382之12號四樓,121.32242489545,24.9767519856475
桃園市桃園區大林里22鄰桃鶯路382之13號十二樓,68,6800100,6800100-004,22鄰,桃鶯路,,,,,,382之13號十二樓,121.322448313423,24.9766922577408
桃園市桃園區大林里22鄰桃鶯路382之6號七樓,68,6800100,6800100-004,22鄰,桃鶯路,,,,,,382之6號七樓,121.322266076742,24.9771536382884
桃園市桃園區大林里22鄰桃鶯路382之8號七樓,68,6800100,6800100-004,22鄰,桃鶯路,,,,,,382之8號七樓,121.322325925055,24.9770102293078
桃園市桃園區大林里22鄰桃鶯路382之3號三樓,68,6800100,6800100-004,22鄰,桃鶯路,,,,,,382之3號三樓,121.322583045596,24.9770437993984
桃園市桃園區大林里22鄰桃鶯路382之1號十樓,68,6800100,6800100-004,22鄰,桃鶯路,,,,,,382之1號十樓,121.322504766938,24.9771843593475
桃園市桃園區大林里22鄰桃鶯路382之10號十一樓,68,6800100,6800100-004,22鄰,桃鶯路,,,,,,382之10號十一樓,121.322377954505,24.9768691845969
桃園市桃園區大林里22鄰桃鶯路382之11號八樓,68,6800100,6800100-004,22鄰,桃鶯路,,,,,,382之11號八樓,121.32240404048,24.976807013274
桃園市桃園區大林里22鄰桃鶯路382之15號九樓,68,6800100,6800100-004,22鄰,桃鶯路,,,,,,382之15號九樓,121.322484830487,24.9766419811886
桃園市桃園區大林里22鄰桃鶯路382之15號二樓,68,6800100,6800100-004,22鄰,桃鶯路,,,,,,382之15號二樓,121.322484830487,24.9766419811886
桃園市桃園區大林里22鄰桃鶯路382之15號五樓,68,6800100,6800100-004,22鄰,桃鶯路,,,,,,382之15號五樓,121.322484830487,24.9766419811886
桃園市桃園區大林里22鄰桃鶯路382之15號八樓,68,6800100,6800100-004,22鄰,桃鶯路,,,,,,382之15號八樓,121.322484830487,24.9766419811886
桃園市桃園區大林里22鄰桃鶯路382之15號六樓,68,6800100,6800100-004,22鄰,桃鶯路,,,,,,382之15號六樓,121.322484830487,24.9766419811886
桃園市桃園區大林里22鄰桃鶯路382之15號十一樓,68,6800100,6800100-004,22鄰,桃鶯路,,,,,,382之15號十一樓,121.322484830487,24.9766419811886
桃園市桃園區大林里22鄰桃鶯路382之15號十二樓,68,6800100,6800100-004,22鄰,桃鶯路,,,,,,382之15號十二樓,121.322484830487,24.9766419811886
桃園市桃園區大林里22鄰桃鶯路382之15號十樓,68,6800100,6800100-004,22鄰,桃鶯路,,,,,,382之15號十樓,121.322484830487,24.9766419811886
桃園市桃園區大林里22鄰桃鶯路382之15號四樓,68,6800100,6800100-004,22鄰,桃鶯路,,,,,,382之15號四樓,121.322484830487,24.9766419811886
桃園市桃園區大林里22鄰桃鶯路382之2號七樓,68,6800100,6800100-004,22鄰,桃鶯路,,,,,,382之2號七樓,121.322530827957,24.9771126180422
桃園市桃園區大林里22鄰桃鶯路382之2號三樓,68,6800100,6800100-004,22鄰,桃鶯路,,,,,,382之2號三樓,121.322530827957,24.9771126180422
桃園市桃園區大林里22鄰桃鶯路382之2號二樓,68,6800100,6800100-004,22鄰,桃鶯路,,,,,,382之2號二樓,121.322530827957,24.9771126180422
桃園市桃園區大林里22鄰桃鶯路382之2號五樓,68,6800100,6800100-004,22鄰,桃鶯路,,,,,,382之2號五樓,121.322530827957,24.9771126180422
桃園市桃園區大林里22鄰桃鶯路382之2號八樓,68,6800100,6800100-004,22鄰,桃鶯路,,,,,,382之2號八樓,121.322530827957,24.9771126180422
桃園市桃園區大林里22鄰桃鶯路382之2號六樓,68,6800100,6800100-004,22鄰,桃鶯路,,,,,,382之2號六樓,121.322530827957,24.9771126180422
桃園市桃園區大林里22鄰桃鶯路382之2號十一樓,68,6800100,6800100-004,22鄰,桃鶯路,,,,,,382之2號十一樓,121.322530827957,24.9771126180422
桃園市桃園區大林里22鄰桃鶯路382之2號十二樓,68,6800100,6800100-004,22鄰,桃鶯路,,,,,,382之2號十二樓,121.322530827957,24.9771126180422
桃園市桃園區大林里22鄰桃鶯路382之2號十樓,68,6800100,6800100-004,22鄰,桃鶯路,,,,,,382之2號十樓,121.322530827957,24.9771126180422
桃園市桃園區大林里22鄰桃鶯路382之2號四樓,68,6800100,6800100-004,22鄰,桃鶯路,,,,,,382之2號四樓,121.322530827957,24.9771126180422
桃園市桃園區大林里22鄰桃鶯路382之3號七樓,68,6800100,6800100-004,22鄰,桃鶯路,,,,,,382之3號七樓,121.322583045596,24.9770437993984
桃園市桃園區大林里22鄰桃鶯路382之3號九樓,68,6800100,6800100-004,22鄰,桃鶯路,,,,,,382之3號九樓,121.322583045596,24.9770437993984
桃園市桃園區大林里22鄰桃鶯路382之3號二樓,68,6800100,6800100-004,22鄰,桃鶯路,,,,,,382之3號二樓,121.322583045596,24.9770437993984
桃園市桃園區大林里22鄰桃鶯路382之3號五樓,68,6800100,6800100-004,22鄰,桃鶯路,,,,,,382之3號五樓,121.322583045596,24.9770437993984
桃園市桃園區大林里22鄰桃鶯路382之3號八樓,68,6800100,6800100-004,22鄰,桃鶯路,,,,,,382之3號八樓,121.322583045596,24.9770437993984
桃園市桃園區大林里22鄰桃鶯路382之3號六樓,68,6800100,6800100-004,22鄰,桃鶯路,,,,,,382之3號六樓,121.322583045596,24.9770437993984
桃園市桃園區大林里22鄰桃鶯路382號七樓,68,6800100,6800100-004,22鄰,桃鶯路,,,,,,382號七樓,121.322478817179,24.9772607951319
桃園市桃園區大林里22鄰桃鶯路382號三樓,68,6800100,6800100-004,22鄰,桃鶯路,,,,,,382號三樓,121.322478817179,24.9772607951319
桃園市桃園區大林里22鄰桃鶯路382號九樓,68,6800100,6800100-004,22鄰,桃鶯路,,,,,,382號九樓,121.322478817179,24.9772607951319
桃園市桃園區大林里22鄰桃鶯路382號二樓,68,6800100,6800100-004,22鄰,桃鶯路,,,,,,382號二樓,121.322478817179,24.9772607951319
桃園市桃園區大林里22鄰桃鶯路382號五樓,68,6800100,6800100-004,22鄰,桃鶯路,,,,,,382號五樓,121.322478817179,24.9772607951319
桃園市桃園區大林里22鄰桃鶯路382號八樓,68,6800100,6800100-004,22鄰,桃鶯路,,,,,,382號八樓,121.322478817179,24.9772607951319
桃園市桃園區大林里22鄰桃鶯路382號六樓,68,6800100,6800100-004,22鄰,桃鶯路,,,,,,382號六樓,121.322478817179,24.9772607951319
桃園市桃園區大林里22鄰桃鶯路382號十一樓,68,6800100,6800100-004,22鄰,桃鶯路,,,,,,382號十一樓,121.322478817179,24.9772607951319
桃園市桃園區大林里22鄰桃鶯路382號十二樓,68,6800100,6800100-004,22鄰,桃鶯路,,,,,,382號十二樓,121.322478817179,24.9772607951319
桃園市桃園區大林里22鄰桃鶯路382號十樓,68,6800100,6800100-004,22鄰,桃鶯路,,,,,,382號十樓,121.322478817179,24.9772607951319
桃園市桃園區大林里22鄰桃鶯路382號四樓,68,6800100,6800100-004,22鄰,桃鶯路,,,,,,382號四樓,121.322478817179,24.9772607951319
桃園市桃園區大林里22鄰桃鶯路382之11號十一樓,68,6800100,6800100-004,22鄰,桃鶯路,,,,,,382之11號十一樓,121.32240404048,24.976807013274
桃園市桃園區大林里22鄰桃鶯路382之11號十二樓,68,6800100,6800100-004,22鄰,桃鶯路,,,,,,382之11號十二樓,121.32240404048,24.976807013274
桃園市桃園區大林里22鄰桃鶯路382之11號十樓,68,6800100,6800100-004,22鄰,桃鶯路,,,,,,382之11號十樓,121.32240404048,24.976807013274
桃園市桃園區大林里22鄰桃鶯路382之11號四樓,68,6800100,6800100-004,22鄰,桃鶯路,,,,,,382之11號四樓,121.32240404048,24.976807013274
桃園市桃園區大林里22鄰桃鶯路382之12號七樓,68,6800100,6800100-004,22鄰,桃鶯路,,,,,,382之12號七樓,121.32242489545,24.9767519856475
桃園市桃園區大林里22鄰桃鶯路382之12號三樓,68,6800100,6800100-004,22鄰,桃鶯路,,,,,,382之12號三樓,121.32242489545,24.9767519856475
桃園市桃園區大林里22鄰桃鶯路382之12號九樓,68,6800100,6800100-004,22鄰,桃鶯路,,,,,,382之12號九樓,121.32242489545,24.9767519856475
桃園市桃園區大林里22鄰桃鶯路382之12號二樓,68,6800100,6800100-004,22鄰,桃鶯路,,,,,,382之12號二樓,121.32242489545,24.9767519856475
桃園市桃園區大林里22鄰桃鶯路382之12號五樓,68,6800100,6800100-004,22鄰,桃鶯路,,,,,,382之12號五樓,121.32242489545,24.9767519856475
桃園市桃園區大林里22鄰桃鶯路382之12號八樓,68,6800100,6800100-004,22鄰,桃鶯路,,,,,,382之12號八樓,121.32242489545,24.9767519856475
桃園市桃園區大林里22鄰桃鶯路382之12號六樓,68,6800100,6800100-004,22鄰,桃鶯路,,,,,,382之12號六樓,121.32242489545,24.9767519856475
桃園市桃園區大林里22鄰桃鶯路382之12號十一樓,68,6800100,6800100-004,22鄰,桃鶯路,,,,,,382之12號十一樓,121.32242489545,24.9767519856475
桃園市桃園區大林里22鄰桃鶯路382之12號十二樓,68,6800100,6800100-004,22鄰,桃鶯路,,,,,,382之12號十二樓,121.32242489545,24.9767519856475
桃園市桃園區大林里22鄰桃鶯路382之12號十樓,68,6800100,6800100-004,22鄰,桃鶯路,,,,,,382之12號十樓,121.32242489545,24.9767519856475
桃園市桃園區大林里22鄰桃鶯路382之13號七樓,68,6800100,6800100-004,22鄰,桃鶯路,,,,,,382之13號七樓,121.322448313423,24.9766922577408
桃園市桃園區大林里22鄰桃鶯路382之13號三樓,68,6800100,6800100-004,22鄰,桃鶯路,,,,,,382之13號三樓,121.322448313423,24.9766922577408
桃園市桃園區大林里22鄰桃鶯路382之13號九樓,68,6800100,6800100-004,22鄰,桃鶯路,,,,,,382之13號九樓,121.322448313423,24.9766922577408
桃園市桃園區大林里22鄰桃鶯路382之13號二樓,68,6800100,6800100-004,22鄰,桃鶯路,,,,,,382之13號二樓,121.322448313423,24.9766922577408
桃園市桃園區大林里22鄰桃鶯路382之13號五樓,68,6800100,6800100-004,22鄰,桃鶯路,,,,,,382之13號五樓,121.322448313423,24.9766922577408
桃園市桃園區大林里22鄰桃鶯路382之7號十樓,68,6800100,6800100-004,22鄰,桃鶯路,,,,,,382之7號十樓,121.322292051549,24.9770867725019
桃園市桃園區大林里22鄰桃鶯路382之13號八樓,68,6800100,6800100-004,22鄰,桃鶯路,,,,,,382之13號八樓,121.322448313423,24.9766922577408
桃園市桃園區大林里22鄰桃鶯路382之8號六樓,68,6800100,6800100-004,22鄰,桃鶯路,,,,,,382之8號六樓,121.322325925055,24.9770102293078
桃園市桃園區大林里22鄰桃鶯路382之13號六樓,68,6800100,6800100-004,22鄰,桃鶯路,,,,,,382之13號六樓,121.322448313423,24.9766922577408
桃園市桃園區大林里22鄰桃鶯路382之9號五樓,68,6800100,6800100-004,22鄰,桃鶯路,,,,,,382之9號五樓,121.322351986142,24.9769384880315
桃園市桃園區大林里22鄰桃鶯路382之13號十一樓,68,6800100,6800100-004,22鄰,桃鶯路,,,,,,382之13號十一樓,121.322448313423,24.9766922577408
桃園市桃園區大林里22鄰桃鶯路382之13號十樓,68,6800100,6800100-004,22鄰,桃鶯路,,,,,,382之13號十樓,121.322448313423,24.9766922577408
桃園市桃園區大林里22鄰桃鶯路382之13號四樓,68,6800100,6800100-004,22鄰,桃鶯路,,,,,,382之13號四樓,121.322448313423,24.9766922577408
桃園市桃園區大林里18鄰桃鶯路384之10號,68,6800100,6800100-004,18鄰,桃鶯路,,,,,,384之10號,121.322808766087,24.9766593357345
桃園市桃園區大林里18鄰桃鶯路384之9號,68,6800100,6800100-004,18鄰,桃鶯路,,,,,,384之9號,121.322786980283,24.9766991978578
桃園市桃園區大林里18鄰桃鶯路384之11號,68,6800100,6800100-004,18鄰,桃鶯路,,,,,,384之11號,121.322823800795,24.976613439275
桃園市桃園區大林里18鄰桃鶯路384之3號,68,6800100,6800100-004,18鄰,桃鶯路,,,,,,384之3號,121.32268677994,24.9769412837314
桃園市桃園區大林里18鄰桃鶯路384之4號,68,6800100,6800100-004,18鄰,桃鶯路,,,,,,384之4號,121.322696771253,24.9768984678463
桃園市桃園區大林里18鄰桃鶯路384之5號,68,6800100,6800100-004,18鄰,桃鶯路,,,,,,384之5號,121.322708442145,24.9768540232221
桃園市桃園區大林里18鄰桃鶯路384之6號,68,6800100,6800100-004,18鄰,桃鶯路,,,,,,384之6號,121.322735184437,24.9768156851793
桃園市桃園區大林里18鄰桃鶯路384之7號,68,6800100,6800100-004,18鄰,桃鶯路,,,,,,384之7號,121.322755282447,24.9767742919091
桃園市桃園區大林里18鄰桃鶯路384之8號,68,6800100,6800100-004,18鄰,桃鶯路,,,,,,384之8號,121.322772028815,24.9767390451596
桃園市桃園區大林里22鄰桃鶯路386巷6號,68,6800100,6800100-004,22鄰,桃鶯路,,386巷,,,,6號,121.322566036882,24.9765607309508
桃園市桃園區大林里22鄰桃鶯路386巷8號,68,6800100,6800100-004,22鄰,桃鶯路,,386巷,,,,8號,121.322493410394,24.9765516794174
桃園市桃園區大林里18鄰桃鶯路388之7號,68,6800100,6800100-004,18鄰,桃鶯路,,,,,,388之7號,121.323034745074,24.9762606064154
桃園市桃園區大林里18鄰桃鶯路388之1號,68,6800100,6800100-004,18鄰,桃鶯路,,,,,,388之1號,121.322928295616,24.9764989141258
桃園市桃園區大林里18鄰桃鶯路388之2號,68,6800100,6800100-004,18鄰,桃鶯路,,,,,,388之2號,121.322944140563,24.976459877418
桃園市桃園區大林里18鄰桃鶯路388之3號,68,6800100,6800100-004,18鄰,桃鶯路,,,,,,388之3號,121.322980629301,24.9763988571073
桃園市桃園區大林里18鄰桃鶯路388之5號,68,6800100,6800100-004,18鄰,桃鶯路,,,,,,388之5號,121.323005156039,24.9763466202116
桃園市桃園區大林里18鄰桃鶯路388之6號,68,6800100,6800100-004,18鄰,桃鶯路,,,,,,388之6號,121.323023270563,24.9763043283758
桃園市桃園區大林里18鄰桃鶯路388之8號,68,6800100,6800100-004,18鄰,桃鶯路,,,,,,388之8號,121.323057835563,24.976227332096
桃園市桃園區大林里18鄰桃鶯路388號,68,6800100,6800100-004,18鄰,桃鶯路,,,,,,388號,121.322921335078,24.9765264655956
桃園市桃園區大林里18鄰桃鶯路390號,68,6800100,6800100-004,18鄰,桃鶯路,,,,,,390號,121.323084171278,24.9761851126945
桃園市桃園區大林里15鄰桃鶯路398號,68,6800100,6800100-004,15鄰,桃鶯路,,,,,,398號,121.323172033518,24.975505089565
桃園市桃園區大林里15鄰桃鶯路398之1號,68,6800100,6800100-004,15鄰,桃鶯路,,,,,,398之1號,121.322756683558,24.9754892882497
桃園市桃園區大林里15鄰桃鶯路398之2號,68,6800100,6800100-004,15鄰,桃鶯路,,,,,,398之2號,121.32293517995,24.9751144064518
桃園市桃園區大林里15鄰桃鶯路402號,68,6800100,6800100-004,15鄰,桃鶯路,,,,,,402號,121.32351211901,24.9751846581191
桃園市桃園區大林里3鄰桃鶯路406之1號,68,6800100,6800100-004,3鄰,桃鶯路,,,,,,406之1號,121.323725605666,24.974934470719
桃園市桃園區大林里3鄰桃鶯路406號,68,6800100,6800100-004,3鄰,桃鶯路,,,,,,406號,121.32369746632,24.9749685686712
桃園市桃園區大林里3鄰桃鶯路408號,68,6800100,6800100-004,3鄰,桃鶯路,,,,,,408號,121.323767189196,24.9748524934289
桃園市桃園區大林里3鄰桃鶯路410之1號,68,6800100,6800100-004,3鄰,桃鶯路,,,,,,410之1號,121.323797187701,24.9748097242327
桃園市桃園區大林里3鄰桃鶯路412號,68,6800100,6800100-004,3鄰,桃鶯路,,,,,,412號,121.323820146998,24.9747643521291
桃園市桃園區大林里3鄰桃鶯路414號,68,6800100,6800100-004,3鄰,桃鶯路,,,,,,414號,121.323834303158,24.974723603614
桃園市桃園區大林里3鄰桃鶯路416號,68,6800100,6800100-004,3鄰,桃鶯路,,,,,,416號,121.323845667322,24.9746757287981
桃園市桃園區大林里3鄰桃鶯路416號二樓,68,6800100,6800100-004,3鄰,桃鶯路,,,,,,416號二樓,121.323845667322,24.9746757287981
桃園市桃園區大林里3鄰桃鶯路418號,68,6800100,6800100-004,3鄰,桃鶯路,,,,,,418號,121.323859740964,24.9746413002838
桃園市桃園區大林里3鄰桃鶯路430號,68,6800100,6800100-004,3鄰,桃鶯路,,,,,,430號,121.323903326058,24.9746050921825
桃園市桃園區大林里3鄰桃鶯路432號,68,6800100,6800100-004,3鄰,桃鶯路,,,,,,432號,121.323904807967,24.9745658157661
桃園市桃園區大林里3鄰桃鶯路434號,68,6800100,6800100-004,3鄰,桃鶯路,,,,,,434號,121.323906565029,24.9745181424131
桃園市桃園區大林里3鄰桃鶯路436號,68,6800100,6800100-004,3鄰,桃鶯路,,,,,,436號,121.323963453066,24.9744936421663
桃園市桃園區大林里3鄰桃鶯路438號,68,6800100,6800100-004,3鄰,桃鶯路,,,,,,438號,121.323976618682,24.9744528957924
桃園市桃園區大林里3鄰桃鶯路440號,68,6800100,6800100-004,3鄰,桃鶯路,,,,,,440號,121.323996886089,24.9744008485613
桃園市桃園區大林里3鄰桃鶯路442號,68,6800100,6800100-004,3鄰,桃鶯路,,,,,,442號,121.324015612721,24.9743655973564
桃園市桃園區大林里3鄰桃鶯路442之1號,68,6800100,6800100-004,3鄰,桃鶯路,,,,,,442之1號,121.324015612721,24.9743655973564
桃園市桃園區大林里3鄰桃鶯路442之2號,68,6800100,6800100-004,3鄰,桃鶯路,,,,,,442之2號,121.324015612721,24.9743655973564
桃園市桃園區大林里3鄰桃鶯路442之3號,68,6800100,6800100-004,3鄰,桃鶯路,,,,,,442之3號,121.324015612721,24.9743655973564
桃園市桃園區大林里3鄰桃鶯路442之5號,68,6800100,6800100-004,3鄰,桃鶯路,,,,,,442之5號,121.324034430347,24.9743272763221
桃園市桃園區大林里3鄰桃鶯路442之5號四樓,68,6800100,6800100-004,3鄰,桃鶯路,,,,,,442之5號四樓,121.324034430347,24.9743272763221
桃園市桃園區大林里3鄰桃鶯路442之5號三樓,68,6800100,6800100-004,3鄰,桃鶯路,,,,,,442之5號三樓,121.324034430347,24.9743272763221
桃園市桃園區大林里3鄰桃鶯路442之5號二樓,68,6800100,6800100-004,3鄰,桃鶯路,,,,,,442之5號二樓,121.324034430347,24.9743272763221
桃園市桃園區大林里18鄰桃鶯路445之1號,68,6800100,6800100-004,18鄰,桃鶯路,,,,,,445之1號,121.323306171018,24.9765382699521
桃園市桃園區大林里18鄰桃鶯路445之2號,68,6800100,6800100-004,18鄰,桃鶯路,,,,,,445之2號,121.323558381535,24.9760203993544
桃園市桃園區大林里3鄰桃鶯路446號,68,6800100,6800100-004,3鄰,桃鶯路,,,,,,446號,121.324064154675,24.9742933554215
桃園市桃園區大林里3鄰桃鶯路448號,68,6800100,6800100-004,3鄰,桃鶯路,,,,,,448號,121.324076130968,24.9742523407773
桃園市桃園區大林里3鄰桃鶯路450號,68,6800100,6800100-004,3鄰,桃鶯路,,,,,,450號,121.324087218911,24.9742125017475
桃園市桃園區大林里3鄰桃鶯路452號,68,6800100,6800100-004,3鄰,桃鶯路,,,,,,452號,121.324112272872,24.9741728128789
桃園市桃園區大林里3鄰桃鶯路454號,68,6800100,6800100-004,3鄰,桃鶯路,,,,,,454號,121.324132475671,24.9741339471168
桃園市桃園區大林里18鄰桃鶯路455號,68,6800100,6800100-004,18鄰,桃鶯路,,,,,,455號,121.323671857736,24.9756291361925
桃園市桃園區大林里3鄰桃鶯路456號,68,6800100,6800100-004,3鄰,桃鶯路,,,,,,456號,121.324147515978,24.9740904881488
桃園市桃園區大林里18鄰桃鶯路457號,68,6800100,6800100-004,18鄰,桃鶯路,,,,,,457號,121.323708445156,24.97556820577
桃園市桃園區大林里3鄰桃鶯路458號,68,6800100,6800100-004,3鄰,桃鶯路,,,,,,458號,121.324175333256,24.974047001358
桃園市桃園區大林里18鄰桃鶯路459號,68,6800100,6800100-004,18鄰,桃鶯路,,,,,,459號,121.323742370782,24.9755120661359
桃園市桃園區大林里3鄰桃鶯路460號,68,6800100,6800100-004,3鄰,桃鶯路,,,,,,460號,121.324188411777,24.974010859597
桃園市桃園區大林里18鄰桃鶯路461號,68,6800100,6800100-004,18鄰,桃鶯路,,,,,,461號,121.323784105295,24.9754498605365
桃園市桃園區大林里3鄰桃鶯路462號,68,6800100,6800100-004,3鄰,桃鶯路,,,,,,462號,121.324209600256,24.9739701860135
桃園市桃園區大林里3鄰桃鶯路464號,68,6800100,6800100-004,3鄰,桃鶯路,,,,,,464號,121.324220235153,24.9739086799898
桃園市桃園區大林里18鄰桃鶯路467號,68,6800100,6800100-004,18鄰,桃鶯路,,,,,,467號,121.324023334871,24.9751582670257
桃園市桃園區大林里1鄰桃鶯路472號,68,6800100,6800100-004,1鄰,桃鶯路,,,,,,472號,121.324326321669,24.9737603844599
桃園市桃園區大林里18鄰桃鶯路473號,68,6800100,6800100-004,18鄰,桃鶯路,,,,,,473號,121.324245277547,24.9748470290433
桃園市桃園區大林里18鄰桃鶯路473號三樓,68,6800100,6800100-004,18鄰,桃鶯路,,,,,,473號三樓,121.324245277547,24.9748470290433
桃園市桃園區大林里18鄰桃鶯路473號二樓,68,6800100,6800100-004,18鄰,桃鶯路,,,,,,473號二樓,121.324245277547,24.9748470290433
桃園市桃園區大林里1鄰桃鶯路474號,68,6800100,6800100-004,1鄰,桃鶯路,,,,,,474號,121.32439674584,24.9736478284315
桃園市桃園區大林里1鄰桃鶯路478號,68,6800100,6800100-004,1鄰,桃鶯路,,,,,,478號,121.324436064887,24.9735713631573
桃園市桃園區大林里1鄰桃鶯路480號,68,6800100,6800100-004,1鄰,桃鶯路,,,,,,480號,121.324445552054,24.9735254786119
桃園市桃園區大林里1鄰桃鶯路482號,68,6800100,6800100-004,1鄰,桃鶯路,,,,,,482號,121.324469423843,24.9734883201877
桃園市桃園區大林里1鄰桃鶯路484號,68,6800100,6800100-004,1鄰,桃鶯路,,,,,,484號,121.324489619551,24.9734468361777
桃園市桃園區大林里1鄰桃鶯路486號,68,6800100,6800100-004,1鄰,桃鶯路,,,,,,486號,121.324503875338,24.9734064485104
桃園市桃園區大林里1鄰桃鶯路488號,68,6800100,6800100-004,1鄰,桃鶯路,,,,,,488號,121.324526558536,24.9733692926674
桃園市桃園區大林里1鄰桃鶯路490號,68,6800100,6800100-004,1鄰,桃鶯路,,,,,,490號,121.324546855858,24.9733288015431
桃園市桃園區大林里1鄰桃鶯路492號,68,6800100,6800100-004,1鄰,桃鶯路,,,,,,492號,121.324500201598,24.9732519819416
桃園市桃園區大林里18鄰桃鶯路525巷6號,68,6800100,6800100-004,18鄰,桃鶯路,,525巷,,,,6號,121.325458805061,24.9742811041999
桃園市桃園區大林里18鄰桃鶯路525巷7號,68,6800100,6800100-004,18鄰,桃鶯路,,525巷,,,,7號,121.324696973714,24.9745601176864
桃園市桃園區大林里18鄰桃鶯路525巷17號,68,6800100,6800100-004,18鄰,桃鶯路,,525巷,,,,17號,121.325397497505,24.9748845105014
桃園市桃園區大林里18鄰桃鶯路525巷17號二樓,68,6800100,6800100-004,18鄰,桃鶯路,,525巷,,,,17號二樓,121.325397497505,24.9748845105014
桃園市桃園區大林里18鄰桃鶯路525巷17號三樓,68,6800100,6800100-004,18鄰,桃鶯路,,525巷,,,,17號三樓,121.325397497505,24.9748845105014
桃園市桃園區大林里18鄰桃鶯路525巷17號四樓,68,6800100,6800100-004,18鄰,桃鶯路,,525巷,,,,17號四樓,121.325397497505,24.9748845105014
桃園市桃園區大林里18鄰桃鶯路525巷17號五樓,68,6800100,6800100-004,18鄰,桃鶯路,,525巷,,,,17號五樓,121.325397497505,24.9748845105014
桃園市桃園區大林里18鄰桃鶯路525巷17號六樓,68,6800100,6800100-004,18鄰,桃鶯路,,525巷,,,,17號六樓,121.325397497505,24.9748845105014
桃園市桃園區大林里18鄰桃鶯路525巷19號,68,6800100,6800100-004,18鄰,桃鶯路,,525巷,,,,19號,121.325635686315,24.9749895307362
桃園市桃園區大林里18鄰桃鶯路525巷21號,68,6800100,6800100-004,18鄰,桃鶯路,,525巷,,,,21號,121.325839067389,24.9750784660839
桃園市桃園區大林里18鄰桃鶯路525巷21號二樓,68,6800100,6800100-004,18鄰,桃鶯路,,525巷,,,,21號二樓,121.325839067389,24.9750784660839
桃園市桃園區大林里18鄰桃鶯路525巷21號三樓,68,6800100,6800100-004,18鄰,桃鶯路,,525巷,,,,21號三樓,121.325839067389,24.9750784660839
桃園市桃園區大林里18鄰桃鶯路525巷21號四樓,68,6800100,6800100-004,18鄰,桃鶯路,,525巷,,,,21號四樓,121.325839067389,24.9750784660839
桃園市桃園區大林里18鄰桃鶯路525巷21號五樓,68,6800100,6800100-004,18鄰,桃鶯路,,525巷,,,,21號五樓,121.325839067389,24.9750784660839
桃園市桃園區大林里18鄰桃鶯路525巷23號,68,6800100,6800100-004,18鄰,桃鶯路,,525巷,,,,23號,121.326025266171,24.9751870302305
桃園市桃園區大林里18鄰桃鶯路525巷23號,68,6800100,6800100-004,18鄰,桃鶯路,,525巷,,,,23號,121.326025266171,24.9751870302305
桃園市桃園區大林里18鄰桃鶯路525巷23號二樓,68,6800100,6800100-004,18鄰,桃鶯路,,525巷,,,,23號二樓,121.326025266171,24.9751870302305
桃園市桃園區大林里18鄰桃鶯路525巷23號三樓,68,6800100,6800100-004,18鄰,桃鶯路,,525巷,,,,23號三樓,121.326025266171,24.9751870302305
桃園市桃園區大林里18鄰桃鶯路525巷23號四樓,68,6800100,6800100-004,18鄰,桃鶯路,,525巷,,,,23號四樓,121.326025266171,24.9751870302305
桃園市桃園區大林里18鄰桃鶯路525巷25號,68,6800100,6800100-004,18鄰,桃鶯路,,525巷,,,,25號,121.326400092232,24.9753481769185
桃園市桃園區大樹里21鄰桃鶯路156號,68,6800100,6800100-000,21鄰,桃鶯路,,,,,,156號,121.318646624959,24.9833476321315
桃園市桃園區大樹里21鄰桃鶯路158號,68,6800100,6800100-000,21鄰,桃鶯路,,,,,,158號,121.318591782519,24.9832838290822
桃園市桃園區大樹里21鄰桃鶯路160號,68,6800100,6800100-000,21鄰,桃鶯路,,,,,,160號,121.318674133171,24.983259547189
桃園市桃園區大樹里21鄰桃鶯路162號,68,6800100,6800100-000,21鄰,桃鶯路,,,,,,162號,121.318690376522,24.9832205100991
桃園市桃園區大樹里21鄰桃鶯路164號,68,6800100,6800100-000,21鄰,桃鶯路,,,,,,164號,121.318705628627,24.9831812042804
桃園市桃園區大樹里21鄰桃鶯路166號,68,6800100,6800100-000,21鄰,桃鶯路,,,,,,166號,121.318718899881,24.983141992985
桃園市桃園區大樹里21鄰桃鶯路168之1號,68,6800100,6800100-000,21鄰,桃鶯路,,,,,,168之1號,121.318731117199,24.9830397663222
桃園市桃園區大樹里21鄰桃鶯路168號,68,6800100,6800100-000,21鄰,桃鶯路,,,,,,168號,121.318732164144,24.9831000732095
桃園市桃園區大樹里21鄰桃鶯路172號,68,6800100,6800100-000,21鄰,桃鶯路,,,,,,172號,121.318770152637,24.9829276413614
桃園市桃園區大樹里21鄰桃鶯路174號,68,6800100,6800100-000,21鄰,桃鶯路,,,,,,174號,121.318728795793,24.9828693167459
桃園市桃園區大樹里21鄰桃鶯路176號,68,6800100,6800100-000,21鄰,桃鶯路,,,,,,176號,121.318702298634,24.9828115922822
桃園市桃園區大樹里21鄰桃鶯路178巷1號,68,6800100,6800100-000,21鄰,桃鶯路,,178巷,,,,1號,121.318598138426,24.9826751266181
桃園市桃園區大樹里21鄰桃鶯路178巷2號,68,6800100,6800100-000,21鄰,桃鶯路,,178巷,,,,2號,121.318569762065,24.9827722417243
桃園市桃園區大樹里21鄰桃鶯路178巷3號,68,6800100,6800100-000,21鄰,桃鶯路,,178巷,,,,3號,121.31855343025,24.9826615895586
桃園市桃園區大樹里21鄰桃鶯路178巷4號,68,6800100,6800100-000,21鄰,桃鶯路,,178巷,,,,4號,121.318519314341,24.9827608837348
桃園市桃園區大樹里21鄰桃鶯路178巷5號,68,6800100,6800100-000,21鄰,桃鶯路,,178巷,,,,5號,121.318508722316,24.9826481427683
桃園市桃園區大樹里21鄰桃鶯路178巷6號,68,6800100,6800100-000,21鄰,桃鶯路,,178巷,,,,6號,121.318474512437,24.9827494233646
桃園市桃園區大樹里21鄰桃鶯路178巷7號,68,6800100,6800100-000,21鄰,桃鶯路,,178巷,,,,7號,121.318463907201,24.982631536284
桃園市桃園區大樹里21鄰桃鶯路178巷8號,68,6800100,6800100-000,21鄰,桃鶯路,,178巷,,,,8號,121.31842980169,24.9827348931593
桃園市桃園區大樹里21鄰桃鶯路178巷9號,68,6800100,6800100-000,21鄰,桃鶯路,,178巷,,,,9號,121.318427912954,24.9826168971438
桃園市桃園區大樹里21鄰桃鶯路178巷10號,68,6800100,6800100-000,21鄰,桃鶯路,,178巷,,,,10號,121.318382815515,24.9827214512054
桃園市桃園區大樹里21鄰桃鶯路178巷11號,68,6800100,6800100-000,21鄰,桃鶯路,,178巷,,,,11號,121.318372205022,24.9826014876162
桃園市桃園區大樹里21鄰桃鶯路178巷12號,68,6800100,6800100-000,21鄰,桃鶯路,,178巷,,,,12號,121.318334630018,24.9827038587776
桃園市桃園區大樹里21鄰桃鶯路178巷13號,68,6800100,6800100-000,21鄰,桃鶯路,,178巷,,,,13號,121.318325216115,24.9825869622517
桃園市桃園區大樹里21鄰桃鶯路178巷14號,68,6800100,6800100-000,21鄰,桃鶯路,,178巷,,,,14號,121.318291105155,24.9826882425962
桃園市桃園區大樹里21鄰桃鶯路178巷15號,68,6800100,6800100-000,21鄰,桃鶯路,,178巷,,,,15號,121.318280508232,24.9825735153922
桃園市桃園區大樹里21鄰桃鶯路178巷16號,68,6800100,6800100-000,21鄰,桃鶯路,,178巷,,,,16號,121.318246400027,24.9826758791186
桃園市桃園區大樹里21鄰桃鶯路178巷17號,68,6800100,6800100-000,21鄰,桃鶯路,,178巷,,,,17號,121.318234614276,24.9825610641695
桃園市桃園區大樹里21鄰桃鶯路178巷18號,68,6800100,6800100-000,21鄰,桃鶯路,,178巷,,,,18號,121.318200503249,24.9826623444943
桃園市桃園區大樹里21鄰桃鶯路178巷19號,68,6800100,6800100-000,21鄰,桃鶯路,,178巷,,,,19號,121.318189901069,24.9825455407817
桃園市桃園區大樹里21鄰桃鶯路178巷20號,68,6800100,6800100-000,21鄰,桃鶯路,,178巷,,,,20號,121.318163125762,24.9826490624942
桃園市桃園區大樹里21鄰桃鶯路178巷21號,68,6800100,6800100-000,21鄰,桃鶯路,,178巷,,,,21號,121.318144004345,24.9825320061392
桃園市桃園區大樹里21鄰桃鶯路178巷22號,68,6800100,6800100-000,21鄰,桃鶯路,,178巷,,,,22號,121.318109890696,24.9826322933352
桃園市桃園區大樹里21鄰桃鶯路178巷23號,68,6800100,6800100-000,21鄰,桃鶯路,,178巷,,,,23號,121.318099296501,24.9825185592247
桃園市桃園區大樹里21鄰桃鶯路178巷24號,68,6800100,6800100-000,21鄰,桃鶯路,,178巷,,,,24號,121.318060621026,24.9826167796472
桃園市桃園區大樹里21鄰桃鶯路178巷25號,68,6800100,6800100-000,21鄰,桃鶯路,,178巷,,,,25號,121.318061792844,24.982494714341
桃園市桃園區大樹里21鄰桃鶯路178巷26號,68,6800100,6800100-000,21鄰,桃鶯路,,178巷,,,,26號,121.318021561752,24.9826043137534
桃園市桃園區大樹里21鄰桃鶯路178巷27號,68,6800100,6800100-000,21鄰,桃鶯路,,178巷,,,,27號,121.318015708495,24.9824852428008
桃園市桃園區大樹里21鄰桃鶯路178巷28號,68,6800100,6800100-000,21鄰,桃鶯路,,178巷,,,,28號,121.317972283979,24.9825856401434
桃園市桃園區大樹里16鄰桃鶯路180號,68,6800100,6800100-000,16鄰,桃鶯路,,,,,,180號,121.318833085488,24.9827485653997
桃園市桃園區大樹里16鄰桃鶯路182號,68,6800100,6800100-000,16鄰,桃鶯路,,,,,,182號,121.318845656532,24.9827067373805
桃園市桃園區大樹里16鄰桃鶯路184之1號,68,6800100,6800100-000,16鄰,桃鶯路,,,,,,184之1號,121.318856635031,24.9826619334285
桃園市桃園區大樹里16鄰桃鶯路184號,68,6800100,6800100-000,16鄰,桃鶯路,,,,,,184號,121.318856635031,24.9826619334285
桃園市桃園區大樹里16鄰桃鶯路186之1號,68,6800100,6800100-000,16鄰,桃鶯路,,,,,,186之1號,121.318891960004,24.9825706717844
桃園市桃園區大樹里16鄰桃鶯路186號,68,6800100,6800100-000,16鄰,桃鶯路,,,,,,186號,121.318872372038,24.9826186540941
桃園市桃園區大樹里16鄰桃鶯路188號,68,6800100,6800100-000,16鄰,桃鶯路,,,,,,188號,121.318897513832,24.9825349077644
桃園市桃園區大樹里16鄰桃鶯路190號,68,6800100,6800100-000,16鄰,桃鶯路,,,,,,190號,121.318910081108,24.9824916352169
桃園市桃園區大樹里16鄰桃鶯路192巷2號,68,6800100,6800100-000,16鄰,桃鶯路,,192巷,,,,2號,121.318653525088,24.9824121035621
桃園市桃園區大樹里16鄰桃鶯路192巷4號,68,6800100,6800100-000,16鄰,桃鶯路,,192巷,,,,4號,121.318607027067,24.9823958618554
桃園市桃園區大樹里16鄰桃鶯路192巷6號,68,6800100,6800100-000,16鄰,桃鶯路,,192巷,,,,6號,121.318553377929,24.9823721419388
桃園市桃園區大樹里16鄰桃鶯路192巷8號,68,6800100,6800100-000,16鄰,桃鶯路,,192巷,,,,8號,121.318504488941,24.9823505786119
桃園市桃園區大樹里16鄰桃鶯路192巷10號,68,6800100,6800100-000,16鄰,桃鶯路,,192巷,,,,10號,121.318457982824,24.9823311769656
桃園市桃園區大樹里16鄰桃鶯路192巷12號,68,6800100,6800100-000,16鄰,桃鶯路,,192巷,,,,12號,121.31841523446,24.9823093296209
桃園市桃園區大樹里16鄰桃鶯路192之1號,68,6800100,6800100-000,16鄰,桃鶯路,,,,,,192之1號,121.318968516795,24.9822973109765
桃園市桃園區大樹里16鄰桃鶯路196號一樓,68,6800100,6800100-000,16鄰,桃鶯路,,,,,,196號一樓,121.318908912571,24.9818849350383
桃園市桃園區大樹里16鄰桃鶯路196號一樓之1,68,6800100,6800100-000,16鄰,桃鶯路,,,,,,196號一樓之1,121.318908912571,24.9818849350383
桃園市桃園區大樹里16鄰桃鶯路196號一樓之2,68,6800100,6800100-000,16鄰,桃鶯路,,,,,,196號一樓之2,121.318908912571,24.9818849350383
桃園市桃園區大樹里16鄰桃鶯路196號一樓之3,68,6800100,6800100-000,16鄰,桃鶯路,,,,,,196號一樓之3,121.318908912571,24.9818849350383
桃園市桃園區大樹里16鄰桃鶯路196號一樓之4,68,6800100,6800100-000,16鄰,桃鶯路,,,,,,196號一樓之4,121.318908912571,24.9818849350383
桃園市桃園區大樹里16鄰桃鶯路196號一樓之5,68,6800100,6800100-000,16鄰,桃鶯路,,,,,,196號一樓之5,121.318908912571,24.9818849350383
桃園市桃園區大樹里16鄰桃鶯路196號三樓,68,6800100,6800100-000,16鄰,桃鶯路,,,,,,196號三樓,121.318908912571,24.9818849350383
桃園市桃園區大樹里16鄰桃鶯路196號三樓之2,68,6800100,6800100-000,16鄰,桃鶯路,,,,,,196號三樓之2,121.318908912571,24.9818849350383
桃園市桃園區大樹里16鄰桃鶯路196號二樓,68,6800100,6800100-000,16鄰,桃鶯路,,,,,,196號二樓,121.318908912571,24.9818849350383
桃園市桃園區大樹里16鄰桃鶯路196號二樓之1,68,6800100,6800100-000,16鄰,桃鶯路,,,,,,196號二樓之1,121.318908912571,24.9818849350383
桃園市桃園區大樹里16鄰桃鶯路196號二樓之2,68,6800100,6800100-000,16鄰,桃鶯路,,,,,,196號二樓之2,121.318908912571,24.9818849350383
桃園市桃園區大樹里16鄰桃鶯路196號四樓,68,6800100,6800100-000,16鄰,桃鶯路,,,,,,196號四樓,121.318908912571,24.9818849350383
桃園市桃園區大樹里16鄰桃鶯路196號三樓之1,68,6800100,6800100-000,16鄰,桃鶯路,,,,,,196號三樓之1,121.318908912571,24.9818849350383
桃園市桃園區大樹里16鄰桃鶯路198號,68,6800100,6800100-000,16鄰,桃鶯路,,,,,,198號,121.319256473466,24.9816098194857
桃園市桃園區大樹里16鄰桃鶯路200之1號,68,6800100,6800100-000,16鄰,桃鶯路,,,,,,200之1號,121.319280562969,24.981502330874
桃園市桃園區大樹里16鄰桃鶯路200號,68,6800100,6800100-000,16鄰,桃鶯路,,,,,,200號,121.319272058468,24.9815461364409
桃園市桃園區大樹里16鄰桃鶯路202之1號,68,6800100,6800100-000,16鄰,桃鶯路,,,,,,202之1號,121.31930560102,24.9814169595926
桃園市桃園區大樹里16鄰桃鶯路202之2號,68,6800100,6800100-000,16鄰,桃鶯路,,,,,,202之2號,121.319316486718,24.9813746837283
桃園市桃園區大樹里16鄰桃鶯路202之3號,68,6800100,6800100-000,16鄰,桃鶯路,,,,,,202之3號,121.319329048604,24.9813294249231
桃園市桃園區大樹里16鄰桃鶯路202號,68,6800100,6800100-000,16鄰,桃鶯路,,,,,,202號,121.319295515425,24.9814622130834
桃園市桃園區大樹里16鄰桃鶯路204之1號,68,6800100,6800100-000,16鄰,桃鶯路,,,,,,204之1號,121.31933992193,24.9812823640764
桃園市桃園區大樹里16鄰桃鶯路204之2號,68,6800100,6800100-000,16鄰,桃鶯路,,,,,,204之2號,121.31933992193,24.9812823640764
桃園市桃園區大樹里16鄰桃鶯路204號,68,6800100,6800100-000,16鄰,桃鶯路,,,,,,204號,121.31933992193,24.9812823640764
桃園市桃園區大樹里16鄰桃鶯路206之2號,68,6800100,6800100-000,16鄰,桃鶯路,,,,,,206之2號,121.319289534381,24.9812173780235
桃園市桃園區大樹里16鄰桃鶯路206號,68,6800100,6800100-000,16鄰,桃鶯路,,,,,,206號,121.319289534381,24.9812173780235
桃園市桃園區大樹里16鄰桃鶯路206之1號,68,6800100,6800100-000,16鄰,桃鶯路,,,,,,206之1號,121.319289534381,24.9812173780235
桃園市桃園區大樹里16鄰桃鶯路208之1號,68,6800100,6800100-000,16鄰,桃鶯路,,,,,,208之1號,121.319309904828,24.9811656923651
桃園市桃園區大樹里16鄰桃鶯路208之2號,68,6800100,6800100-000,16鄰,桃鶯路,,,,,,208之2號,121.319309904828,24.9811656923651
桃園市桃園區大樹里16鄰桃鶯路208號,68,6800100,6800100-000,16鄰,桃鶯路,,,,,,208號,121.319309904828,24.9811656923651
桃園市桃園區大樹里16鄰桃鶯路210之1號,68,6800100,6800100-000,16鄰,桃鶯路,,,,,,210之1號,121.31932512688,24.9811149205804
桃園市桃園區大樹里16鄰桃鶯路210之2號,68,6800100,6800100-000,16鄰,桃鶯路,,,,,,210之2號,121.31932512688,24.9811149205804
桃園市桃園區大樹里16鄰桃鶯路210號,68,6800100,6800100-000,16鄰,桃鶯路,,,,,,210號,121.31932512688,24.9811149205804
桃園市桃園區大樹里16鄰桃鶯路212之1號,68,6800100,6800100-000,16鄰,桃鶯路,,,,,,212之1號,121.319344388837,24.9810559243599
桃園市桃園區大樹里16鄰桃鶯路212之2號,68,6800100,6800100-000,16鄰,桃鶯路,,,,,,212之2號,121.319344388837,24.9810559243599
桃園市桃園區大樹里16鄰桃鶯路212號,68,6800100,6800100-000,16鄰,桃鶯路,,,,,,212號,121.319344388837,24.9810559243599
桃園市桃園區大樹里16鄰桃鶯路214之1號,68,6800100,6800100-000,16鄰,桃鶯路,,,,,,214之1號,121.319355356756,24.9810071479279
桃園市桃園區大樹里16鄰桃鶯路214之2號,68,6800100,6800100-000,16鄰,桃鶯路,,,,,,214之2號,121.319355356756,24.9810071479279
桃園市桃園區大樹里16鄰桃鶯路214號,68,6800100,6800100-000,16鄰,桃鶯路,,,,,,214號,121.319355356756,24.9810071479279
桃園市桃園區大樹里16鄰桃鶯路216之1號,68,6800100,6800100-000,16鄰,桃鶯路,,,,,,216之1號,121.31943836319,24.9809689606055
桃園市桃園區大樹里16鄰桃鶯路216號,68,6800100,6800100-000,16鄰,桃鶯路,,,,,,216號,121.31943836319,24.9809689606055
桃園市桃園區大樹里16鄰桃鶯路216之2號,68,6800100,6800100-000,16鄰,桃鶯路,,,,,,216之2號,121.31943836319,24.9809689606055
桃園市桃園區大樹里16鄰桃鶯路218之1號,68,6800100,6800100-000,16鄰,桃鶯路,,,,,,218之1號,121.319487777589,24.9808873288655
桃園市桃園區大樹里16鄰桃鶯路218之2號,68,6800100,6800100-000,16鄰,桃鶯路,,,,,,218之2號,121.319487777589,24.9808873288655
桃園市桃園區大樹里16鄰桃鶯路218號,68,6800100,6800100-000,16鄰,桃鶯路,,,,,,218號,121.319487777589,24.9808873288655
桃園市桃園區大樹里6鄰桃鶯路220號,68,6800100,6800100-000,6鄰,桃鶯路,,,,,,220號,121.319504599178,24.980688940676
桃園市桃園區大樹里6鄰桃鶯路224號,68,6800100,6800100-000,6鄰,桃鶯路,,,,,,224號,121.319591582586,24.9806566131368
桃園市桃園區大樹里6鄰桃鶯路226之1號,68,6800100,6800100-000,6鄰,桃鶯路,,,,,,226之1號,121.319665923098,24.9805231955686
桃園市桃園區大樹里6鄰桃鶯路226號,68,6800100,6800100-000,6鄰,桃鶯路,,,,,,226號,121.319607715062,24.9806132425848
桃園市桃園區大樹里6鄰桃鶯路230之1號,68,6800100,6800100-000,6鄰,桃鶯路,,,,,,230之1號,121.319707990785,24.9804351694268
桃園市桃園區大樹里6鄰桃鶯路230號,68,6800100,6800100-000,6鄰,桃鶯路,,,,,,230號,121.319683157701,24.9804846979313
桃園市桃園區大樹里6鄰桃鶯路232號,68,6800100,6800100-000,6鄰,桃鶯路,,,,,,232號,121.319755097829,24.9803807177807
桃園市桃園區大樹里6鄰桃鶯路234號,68,6800100,6800100-000,6鄰,桃鶯路,,,,,,234號,121.31980783961,24.9802836403642
桃園市桃園區大樹里6鄰桃鶯路236號,68,6800100,6800100-000,6鄰,桃鶯路,,,,,,236號,121.319870398366,24.9801907851408
桃園市桃園區大樹里6鄰桃鶯路236之1號,68,6800100,6800100-000,6鄰,桃鶯路,,,,,,236之1號,121.319919831307,24.9801548364909
桃園市桃園區大樹里6鄰桃鶯路236之2號,68,6800100,6800100-000,6鄰,桃鶯路,,,,,,236之2號,121.319965967728,24.9801081512151
桃園市桃園區大樹里6鄰桃鶯路236號二樓,68,6800100,6800100-000,6鄰,桃鶯路,,,,,,236號二樓,121.319870398366,24.9801907851408
桃園市桃園區大樹里6鄰桃鶯路236號三樓,68,6800100,6800100-000,6鄰,桃鶯路,,,,,,236號三樓,121.319870398366,24.9801907851408
桃園市桃園區大樹里6鄰桃鶯路252號,68,6800100,6800100-000,6鄰,桃鶯路,,,,,,252號,121.320090074456,24.9800296088889
桃園市桃園區大樹里6鄰桃鶯路254號,68,6800100,6800100-000,6鄰,桃鶯路,,,,,,254號,121.320133597854,24.9800066736506
桃園市桃園區大樹里6鄰桃鶯路256號,68,6800100,6800100-000,6鄰,桃鶯路,,,,,,256號,121.32017964584,24.9799641415242
桃園市桃園區大樹里6鄰桃鶯路260號,68,6800100,6800100-000,6鄰,桃鶯路,,,,,,260號,121.320218563985,24.9799223469872
桃園市桃園區大樹里6鄰桃鶯路262號,68,6800100,6800100-000,6鄰,桃鶯路,,,,,,262號,121.320237780291,24.9798842061541
桃園市桃園區大樹里6鄰桃鶯路264號,68,6800100,6800100-000,6鄰,桃鶯路,,,,,,264號,121.320271983457,24.9798576796004
桃園市桃園區大樹里6鄰桃鶯路266號,68,6800100,6800100-000,6鄰,桃鶯路,,,,,,266號,121.320298358535,24.9798299962025
桃園市桃園區大樹里6鄰桃鶯路268號,68,6800100,6800100-000,6鄰,桃鶯路,,,,,,268號,121.320324042116,24.9798030365533
桃園市桃園區大樹里17鄰桃鶯路269號,68,6800100,6800100-000,17鄰,桃鶯路,,,,,,269號,121.318988066258,24.9834630951178
桃園市桃園區大樹里6鄰桃鶯路270號,68,6800100,6800100-000,6鄰,桃鶯路,,,,,,270號,121.32035456749,24.9797715523214
桃園市桃園區大樹里17鄰桃鶯路271號,68,6800100,6800100-000,17鄰,桃鶯路,,,,,,271號,121.319000345282,24.983423253944
桃園市桃園區大樹里6鄰桃鶯路272號,68,6800100,6800100-000,6鄰,桃鶯路,,,,,,272號,121.320387548774,24.9797322081624
桃園市桃園區大樹里17鄰桃鶯路273號,68,6800100,6800100-000,17鄰,桃鶯路,,,,,,273號,121.319017478171,24.9833834926483
桃園市桃園區大樹里20鄰桃鶯路275巷1號,68,6800100,6800100-000,20鄰,桃鶯路,,275巷,,,,1號,121.319160878124,24.9834866496695
桃園市桃園區大樹里19鄰桃鶯路275巷2弄1號,68,6800100,6800100-000,19鄰,桃鶯路,,275巷,2弄,,,1號,121.319355510623,24.9831761096542
桃園市桃園區大樹里19鄰桃鶯路275巷2弄2之2號,68,6800100,6800100-000,19鄰,桃鶯路,,275巷,2弄,,,2之2號,121.319195771451,24.9831514438918
桃園市桃園區大樹里19鄰桃鶯路275巷2弄2之1號,68,6800100,6800100-000,19鄰,桃鶯路,,275巷,2弄,,,2之1號,121.319195771451,24.9831514438918
桃園市桃園區大樹里19鄰桃鶯路275巷2弄2之3號,68,6800100,6800100-000,19鄰,桃鶯路,,275巷,2弄,,,2之3號,121.319195771451,24.9831514438918
桃園市桃園區大樹里19鄰桃鶯路275巷2弄2之4號,68,6800100,6800100-000,19鄰,桃鶯路,,275巷,2弄,,,2之4號,121.319195771451,24.9831514438918
桃園市桃園區大樹里19鄰桃鶯路275巷2弄2號,68,6800100,6800100-000,19鄰,桃鶯路,,275巷,2弄,,,2號,121.319195771451,24.9831514438918
桃園市桃園區大樹里20鄰桃鶯路275巷2之1號,68,6800100,6800100-000,20鄰,桃鶯路,,275巷,,,,2之1號,121.319178053636,24.9833099287695
桃園市桃園區大樹里19鄰桃鶯路275巷2弄3號,68,6800100,6800100-000,19鄰,桃鶯路,,275巷,2弄,,,3號,121.31940139932,24.9831863937439
桃園市桃園區大樹里19鄰桃鶯路275巷2弄4之3號,68,6800100,6800100-000,19鄰,桃鶯路,,275巷,2弄,,,4之3號,121.319211785516,24.983100399582
桃園市桃園區大樹里19鄰桃鶯路275巷2弄4之1號,68,6800100,6800100-000,19鄰,桃鶯路,,275巷,2弄,,,4之1號,121.319211785516,24.983100399582
桃園市桃園區大樹里19鄰桃鶯路275巷2弄4之2號,68,6800100,6800100-000,19鄰,桃鶯路,,275巷,2弄,,,4之2號,121.319211785516,24.983100399582
桃園市桃園區大樹里19鄰桃鶯路275巷2弄4之4號,68,6800100,6800100-000,19鄰,桃鶯路,,275巷,2弄,,,4之4號,121.319211785516,24.983100399582
桃園市桃園區大樹里19鄰桃鶯路275巷2弄4號,68,6800100,6800100-000,19鄰,桃鶯路,,275巷,2弄,,,4號,121.319211785516,24.983100399582
桃園市桃園區大樹里19鄰桃鶯路275巷2弄5號,68,6800100,6800100-000,19鄰,桃鶯路,,275巷,2弄,,,5號,121.319446000558,24.9831967708657
桃園市桃園區大樹里19鄰桃鶯路275巷2弄6之1號,68,6800100,6800100-000,19鄰,桃鶯路,,275巷,2弄,,,6之1號,121.319234653148,24.9830566535036
桃園市桃園區大樹里19鄰桃鶯路275巷2弄6之2號,68,6800100,6800100-000,19鄰,桃鶯路,,275巷,2弄,,,6之2號,121.319234653148,24.9830566535036
桃園市桃園區大樹里19鄰桃鶯路275巷2弄6之3號,68,6800100,6800100-000,19鄰,桃鶯路,,275巷,2弄,,,6之3號,121.319234653148,24.9830566535036
桃園市桃園區大樹里19鄰桃鶯路275巷2弄6之4號,68,6800100,6800100-000,19鄰,桃鶯路,,275巷,2弄,,,6之4號,121.319234653148,24.9830566535036
桃園市桃園區大樹里19鄰桃鶯路275巷2弄6號,68,6800100,6800100-000,19鄰,桃鶯路,,275巷,2弄,,,6號,121.319234653148,24.9830566535036
桃園市桃園區大樹里19鄰桃鶯路275巷2弄7號,68,6800100,6800100-000,19鄰,桃鶯路,,275巷,2弄,,,7號,121.319494178237,24.9832112030374
桃園市桃園區大樹里19鄰桃鶯路275巷2弄8號,68,6800100,6800100-000,19鄰,桃鶯路,,275巷,2弄,,,8號,121.319705046705,24.9830509491107
桃園市桃園區大樹里19鄰桃鶯路275巷2弄9號,68,6800100,6800100-000,19鄰,桃鶯路,,275巷,2弄,,,9號,121.319538406609,24.9832306092439
桃園市桃園區大樹里19鄰桃鶯路275巷2弄10號,68,6800100,6800100-000,19鄰,桃鶯路,,275巷,2弄,,,10號,121.319751539277,24.9830649334036
桃園市桃園區大樹里19鄰桃鶯路275巷2弄11號,68,6800100,6800100-000,19鄰,桃鶯路,,275巷,2弄,,,11號,121.319581728343,24.983244148981
桃園市桃園區大樹里19鄰桃鶯路275巷2弄12號,68,6800100,6800100-000,19鄰,桃鶯路,,275巷,2弄,,,12號,121.319799011888,24.9830748528356
桃園市桃園區大樹里19鄰桃鶯路275巷2弄13號,68,6800100,6800100-000,19鄰,桃鶯路,,275巷,2弄,,,13號,121.319628614622,24.9832571393518
桃園市桃園區大樹里19鄰桃鶯路275巷2弄14號,68,6800100,6800100-000,19鄰,桃鶯路,,275巷,2弄,,,14號,121.319839048943,24.9830822603037
桃園市桃園區大樹里19鄰桃鶯路275巷2弄15號,68,6800100,6800100-000,19鄰,桃鶯路,,275巷,2弄,,,15號,121.319675502545,24.983270761686
桃園市桃園區大樹里19鄰桃鶯路275巷2弄16號,68,6800100,6800100-000,19鄰,桃鶯路,,275巷,2弄,,,16號,121.319882296829,24.9831055506894
桃園市桃園區大樹里19鄰桃鶯路275巷2弄17號,68,6800100,6800100-000,19鄰,桃鶯路,,275巷,2弄,,,17號,121.319719908296,24.9832821322594
桃園市桃園區大樹里19鄰桃鶯路275巷2弄19號,68,6800100,6800100-000,19鄰,桃鶯路,,275巷,2弄,,,19號,121.319766201915,24.9832957558415
桃園市桃園區大樹里19鄰桃鶯路275巷2弄21號,68,6800100,6800100-000,19鄰,桃鶯路,,275巷,2弄,,,21號,121.319811893983,24.983306581925
桃園市桃園區大樹里19鄰桃鶯路275巷2弄23號,68,6800100,6800100-000,19鄰,桃鶯路,,275巷,2弄,,,23號,121.319856394609,24.9833163271574
桃園市桃園區大樹里20鄰桃鶯路275巷3號,68,6800100,6800100-000,20鄰,桃鶯路,,275巷,,,,3號,121.319209852977,24.983502885885
桃園市桃園區大樹里18鄰桃鶯路275巷4弄1號,68,6800100,6800100-000,18鄰,桃鶯路,,275巷,4弄,,,1號,121.319565352507,24.9830785146139
桃園市桃園區大樹里18鄰桃鶯路275巷4弄2之1號,68,6800100,6800100-000,18鄰,桃鶯路,,275巷,4弄,,,2之1號,121.319385057024,24.9829952994406
桃園市桃園區大樹里18鄰桃鶯路275巷4弄2號,68,6800100,6800100-000,18鄰,桃鶯路,,275巷,4弄,,,2號,121.319375724355,24.9830252934643
桃園市桃園區大樹里18鄰桃鶯路275巷4弄3號,68,6800100,6800100-000,18鄰,桃鶯路,,275巷,4弄,,,3號,121.319580204368,24.9830377650366
桃園市桃園區大樹里20鄰桃鶯路275巷4號,68,6800100,6800100-000,20鄰,桃鶯路,,275巷,,,,4號,121.319292878684,24.9832797084873
桃園市桃園區大樹里18鄰桃鶯路275巷4弄5號,68,6800100,6800100-000,18鄰,桃鶯路,,275巷,4弄,,,5號,121.319590692961,24.9829951288811
桃園市桃園區大樹里18鄰桃鶯路275巷4弄6號,68,6800100,6800100-000,18鄰,桃鶯路,,275巷,4弄,,,6號,121.31939681472,24.9829454379247
桃園市桃園區大樹里18鄰桃鶯路275巷4弄7號,68,6800100,6800100-000,18鄰,桃鶯路,,275巷,4弄,,,7號,121.319605440849,24.9829524835786
桃園市桃園區大樹里18鄰桃鶯路275巷4弄8號,68,6800100,6800100-000,18鄰,桃鶯路,,275巷,4弄,,,8號,121.319407397291,24.9829008153507
桃園市桃園區大樹里18鄰桃鶯路275巷4弄9號,68,6800100,6800100-000,18鄰,桃鶯路,,275巷,4弄,,,9號,121.319618113505,24.9829117386765
桃園市桃園區大樹里18鄰桃鶯路275巷4弄10號,68,6800100,6800100-000,18鄰,桃鶯路,,275巷,4弄,,,10號,121.319419961158,24.9828562788069
桃園市桃園區大樹里18鄰桃鶯路275巷4弄11號,68,6800100,6800100-000,18鄰,桃鶯路,,275巷,4弄,,,11號,121.319628696227,24.98286720637
桃園市桃園區大樹里18鄰桃鶯路275巷4弄12之1號,68,6800100,6800100-000,18鄰,桃鶯路,,275巷,4弄,,,12之1號,121.3194572729,24.9827673601313
桃園市桃園區大樹里18鄰桃鶯路275巷4弄12號,68,6800100,6800100-000,18鄰,桃鶯路,,275巷,4弄,,,12號,121.319430543714,24.9828116562309
桃園市桃園區大樹里18鄰桃鶯路275巷4弄13號,68,6800100,6800100-000,18鄰,桃鶯路,,275巷,4弄,,,13號,121.319643459025,24.9828303391513
桃園市桃園區大樹里18鄰桃鶯路275巷4弄15號,68,6800100,6800100-000,18鄰,桃鶯路,,275巷,4弄,,,15號,121.319656121619,24.9827857120927
桃園市桃園區大樹里18鄰桃鶯路275巷4弄16號,68,6800100,6800100-000,18鄰,桃鶯路,,275巷,4弄,,,16號,121.319453705032,24.9827282751949
桃園市桃園區大樹里18鄰桃鶯路275巷4弄17號,68,6800100,6800100-000,18鄰,桃鶯路,,275巷,4弄,,,17號,121.319673048635,24.9827430621026
桃園市桃園區大樹里18鄰桃鶯路275巷4弄18號,68,6800100,6800100-000,18鄰,桃鶯路,,275巷,4弄,,,18號,121.319468452938,24.9826856299043
桃園市桃園區大樹里18鄰桃鶯路275巷4弄19號,68,6800100,6800100-000,18鄰,桃鶯路,,275巷,4弄,,,19號,121.319687796466,24.9827004167911
桃園市桃園區大樹里18鄰桃鶯路275巷4弄20號,68,6800100,6800100-000,18鄰,桃鶯路,,275巷,4弄,,,20號,121.319481125845,24.9826449752949
桃園市桃園區大樹里18鄰桃鶯路275巷4弄21號,68,6800100,6800100-000,18鄰,桃鶯路,,275巷,4弄,,,21號,121.319700464168,24.9826577759459
桃園市桃園區大樹里18鄰桃鶯路275巷4弄22號,68,6800100,6800100-000,18鄰,桃鶯路,,275巷,4弄,,,22號,121.319500132789,24.9826022305757
桃園市桃園區大樹里18鄰桃鶯路275巷4弄23號,68,6800100,6800100-000,18鄰,桃鶯路,,275巷,4弄,,,23號,121.319717401189,24.9826190081033
桃園市桃園區大樹里18鄰桃鶯路275巷4弄24號,68,6800100,6800100-000,18鄰,桃鶯路,,275巷,4弄,,,24號,121.319508551288,24.9825634810418
桃園市桃園區大樹里18鄰桃鶯路275巷4弄25號,68,6800100,6800100-000,18鄰,桃鶯路,,275巷,4弄,,,25號,121.319727884565,24.9825743857188
桃園市桃園區大樹里18鄰桃鶯路275巷4弄26號,68,6800100,6800100-000,18鄰,桃鶯路,,275巷,4弄,,,26號,121.319525473426,24.9825189351318
桃園市桃園區大樹里18鄰桃鶯路275巷4弄27號,68,6800100,6800100-000,18鄰,桃鶯路,,275巷,4弄,,,27號,121.319744821567,24.9825356178729
桃園市桃園區大樹里18鄰桃鶯路275巷4弄28號,68,6800100,6800100-000,18鄰,桃鶯路,,275巷,4弄,,,28號,121.319538146065,24.9824781902343
桃園市桃園區大樹里18鄰桃鶯路275巷4弄30號,68,6800100,6800100-000,18鄰,桃鶯路,,275巷,4弄,,,30號,121.319552908845,24.9824413230228
桃園市桃園區大樹里18鄰桃鶯路275巷4弄32號,68,6800100,6800100-000,18鄰,桃鶯路,,275巷,4弄,,,32號,121.319563491552,24.9823967907184
桃園市桃園區大樹里18鄰桃鶯路275巷4弄34號,68,6800100,6800100-000,18鄰,桃鶯路,,275巷,4弄,,,34號,121.319611417725,24.9823523587946
桃園市桃園區大樹里20鄰桃鶯路275巷5號,68,6800100,6800100-000,20鄰,桃鶯路,,275巷,,,,5號,121.319265067314,24.9835187475676
桃園市桃園區大樹里18鄰桃鶯路275巷6弄1號,68,6800100,6800100-000,18鄰,桃鶯路,,275巷,6弄,,,1號,121.319800796112,24.9829987403302
桃園市桃園區大樹里18鄰桃鶯路275巷6弄3號,68,6800100,6800100-000,18鄰,桃鶯路,,275巷,6弄,,,3號,121.319806929773,24.9829574677639
桃園市桃園區大樹里18鄰桃鶯路275巷6弄5號,68,6800100,6800100-000,18鄰,桃鶯路,,275巷,6弄,,,5號,121.319817418281,24.9829148315928
桃園市桃園區大樹里20鄰桃鶯路275巷6號,68,6800100,6800100-000,20鄰,桃鶯路,,275巷,,,,6號,121.319342857302,24.9833010886445
桃園市桃園區大樹里18鄰桃鶯路275巷6弄7號,68,6800100,6800100-000,18鄰,桃鶯路,,275巷,6弄,,,7號,121.319832166081,24.9828721862683
桃園市桃園區大樹里18鄰桃鶯路275巷6弄9號,68,6800100,6800100-000,18鄰,桃鶯路,,275巷,6弄,,,9號,121.319844838654,24.9828314413472
桃園市桃園區大樹里18鄰桃鶯路275巷6弄11號,68,6800100,6800100-000,18鄰,桃鶯路,,275巷,6弄,,,11號,121.319855421054,24.9827868187425
桃園市桃園區大樹里18鄰桃鶯路275巷6弄13號,68,6800100,6800100-000,18鄰,桃鶯路,,275巷,6弄,,,13號,121.319870184008,24.9827500417842
桃園市桃園區大樹里18鄰桃鶯路275巷6弄15號,68,6800100,6800100-000,18鄰,桃鶯路,,275巷,6弄,,,15號,121.319882846513,24.9827054147067
桃園市桃園區大樹里18鄰桃鶯路275巷6弄17號,68,6800100,6800100-000,18鄰,桃鶯路,,275巷,6弄,,,17號,121.31989977344,24.9826627646913
桃園市桃園區大樹里18鄰桃鶯路275巷6弄19號,68,6800100,6800100-000,18鄰,桃鶯路,,275巷,6弄,,,19號,121.319914521183,24.9826201193577
桃園市桃園區大樹里18鄰桃鶯路275巷6弄21號,68,6800100,6800100-000,18鄰,桃鶯路,,275巷,6弄,,,21號,121.319927188798,24.9825774784937
桃園市桃園區大樹里18鄰桃鶯路275巷6弄23號,68,6800100,6800100-000,18鄰,桃鶯路,,275巷,6弄,,,23號,121.319926208552,24.9825431730125
桃園市桃園區大樹里20鄰桃鶯路275巷7號,68,6800100,6800100-000,20鄰,桃鶯路,,275巷,,,,7號,121.31931146096,24.9835327322083
桃園市桃園區大樹里20鄰桃鶯路275巷8號,68,6800100,6800100-000,20鄰,桃鶯路,,275巷,,,,8號,121.319390149122,24.9833176895451
桃園市桃園區大樹里20鄰桃鶯路275巷9號,68,6800100,6800100-000,20鄰,桃鶯路,,275巷,,,,9號,121.319361031574,24.9835495087942
桃園市桃園區大樹里20鄰桃鶯路275巷10號,68,6800100,6800100-000,20鄰,桃鶯路,,275巷,,,,10號,121.319437422529,24.9833271581035
桃園市桃園區大樹里20鄰桃鶯路275巷11號,68,6800100,6800100-000,20鄰,桃鶯路,,275巷,,,,11號,121.319403957885,24.9835633202796
桃園市桃園區大樹里20鄰桃鶯路275巷12號,68,6800100,6800100-000,20鄰,桃鶯路,,275巷,,,,12號,121.319482040151,24.9833438549971
桃園市桃園區大樹里20鄰桃鶯路275巷13號,68,6800100,6800100-000,20鄰,桃鶯路,,275巷,,,,13號,121.319444614126,24.9835802965338
桃園市桃園區大樹里20鄰桃鶯路275巷14號,68,6800100,6800100-000,20鄰,桃鶯路,,275巷,,,,14號,121.319526638886,24.9833532389852
桃園市桃園區大樹里20鄰桃鶯路275巷15號,68,6800100,6800100-000,20鄰,桃鶯路,,275巷,,,,15號,121.319488043658,24.9835971765407
桃園市桃園區大樹里20鄰桃鶯路275巷16號,68,6800100,6800100-000,20鄰,桃鶯路,,275巷,,,,16號,121.319576605439,24.9833699243669
桃園市桃園區大樹里20鄰桃鶯路275巷17號,68,6800100,6800100-000,20鄰,桃鶯路,,275巷,,,,17號,121.319537500568,24.983608265475
桃園市桃園區大樹里20鄰桃鶯路275巷18號,68,6800100,6800100-000,20鄰,桃鶯路,,275巷,,,,18號,121.319629634741,24.9833835335283
桃園市桃園區大樹里20鄰桃鶯路275巷19號,68,6800100,6800100-000,20鄰,桃鶯路,,275巷,,,,19號,121.319577767626,24.9836279510215
桃園市桃園區大樹里20鄰桃鶯路275巷20號,68,6800100,6800100-000,20鄰,桃鶯路,,275巷,,,,20號,121.319674050566,24.9833987862674
桃園市桃園區大樹里20鄰桃鶯路275巷21號,68,6800100,6800100-000,20鄰,桃鶯路,,275巷,,,,21號,121.319627535955,24.9836445465271
桃園市桃園區大樹里20鄰桃鶯路275巷22號,68,6800100,6800100-000,20鄰,桃鶯路,,275巷,,,,22號,121.319720645821,24.9834141245945
桃園市桃園區大樹里20鄰桃鶯路275巷23號,68,6800100,6800100-000,20鄰,桃鶯路,,275巷,,,,23號,121.31967156196,24.983662237747
桃園市桃園區大樹里20鄰桃鶯路275巷24號,68,6800100,6800100-000,20鄰,桃鶯路,,275巷,,,,24號,121.319767136897,24.9834274769022
桃園市桃園區大樹里20鄰桃鶯路275巷25號,68,6800100,6800100-000,20鄰,桃鶯路,,275巷,,,,25號,121.31971409096,24.9836755985799
桃園市桃園區大樹里20鄰桃鶯路275巷26號,68,6800100,6800100-000,20鄰,桃鶯路,,275巷,,,,26號,121.319811547851,24.9834408336649
桃園市桃園區大樹里20鄰桃鶯路275巷27號,68,6800100,6800100-000,20鄰,桃鶯路,,275巷,,,,27號,121.319762955231,24.9836873206936
桃園市桃園區大樹里20鄰桃鶯路275巷28號,68,6800100,6800100-000,20鄰,桃鶯路,,275巷,,,,28號,121.319851992218,24.9834524835594
桃園市桃園區大樹里20鄰桃鶯路275巷29號,68,6800100,6800100-000,20鄰,桃鶯路,,275巷,,,,29號,121.319811933977,24.9837050012308
桃園市桃園區大樹里20鄰桃鶯路275巷30號,68,6800100,6800100-000,20鄰,桃鶯路,,275巷,,,,30號,121.319900963176,24.9834671847423
桃園市桃園區大樹里20鄰桃鶯路275巷31號,68,6800100,6800100-000,20鄰,桃鶯路,,275巷,,,,31號,121.319851087458,24.9837153899347
桃園市桃園區大樹里17鄰桃鶯路275之1號,68,6800100,6800100-000,17鄰,桃鶯路,,,,,,275之1號,121.319030700944,24.9832871322139
桃園市桃園區大樹里6鄰桃鶯路276之1號,68,6800100,6800100-000,6鄰,桃鶯路,,,,,,276之1號,121.320502477201,24.9795903967538
桃園市桃園區大樹里6鄰桃鶯路276號,68,6800100,6800100-000,6鄰,桃鶯路,,,,,,276號,121.320449278617,24.9796255411552
桃園市桃園區大樹里17鄰桃鶯路277號,68,6800100,6800100-000,17鄰,桃鶯路,,,,,,277號,121.319030592389,24.983245060511
桃園市桃園區大樹里6鄰桃鶯路278之1號,68,6800100,6800100-000,6鄰,桃鶯路,,,,,,278之1號,121.320564308444,24.9795229123714
桃園市桃園區大樹里6鄰桃鶯路278號,68,6800100,6800100-000,6鄰,桃鶯路,,,,,,278號,121.320543718687,24.9795661120619
桃園市桃園區大樹里17鄰桃鶯路279號,68,6800100,6800100-000,17鄰,桃鶯路,,,,,,279號,121.319039200332,24.9832028798407
桃園市桃園區大樹里6鄰桃鶯路280號,68,6800100,6800100-000,6鄰,桃鶯路,,,,,,280號,121.320611179405,24.9794922957161
桃園市桃園區大樹里6鄰桃鶯路280號五樓,68,6800100,6800100-000,6鄰,桃鶯路,,,,,,280號五樓,121.320611179405,24.9794922957161
桃園市桃園區大樹里6鄰桃鶯路280號八樓,68,6800100,6800100-000,6鄰,桃鶯路,,,,,,280號八樓,121.320611179405,24.9794922957161
桃園市桃園區大樹里6鄰桃鶯路280號六樓,68,6800100,6800100-000,6鄰,桃鶯路,,,,,,280號六樓,121.320611179405,24.9794922957161
桃園市桃園區大樹里6鄰桃鶯路280號四樓,68,6800100,6800100-000,6鄰,桃鶯路,,,,,,280號四樓,121.320611179405,24.9794922957161
桃園市桃園區大樹里6鄰桃鶯路280號七樓,68,6800100,6800100-000,6鄰,桃鶯路,,,,,,280號七樓,121.320611179405,24.9794922957161
桃園市桃園區大樹里17鄰桃鶯路281號,68,6800100,6800100-000,17鄰,桃鶯路,,,,,,281號,121.319051372806,24.98316014983
桃園市桃園區大樹里6鄰桃鶯路282號,68,6800100,6800100-000,6鄰,桃鶯路,,,,,,282號,121.320659046,24.9794636631309
桃園市桃園區大樹里6鄰桃鶯路282號七樓,68,6800100,6800100-000,6鄰,桃鶯路,,,,,,282號七樓,121.320659046,24.9794636631309
桃園市桃園區大樹里6鄰桃鶯路282號五樓,68,6800100,6800100-000,6鄰,桃鶯路,,,,,,282號五樓,121.320659046,24.9794636631309
桃園市桃園區大樹里6鄰桃鶯路282號六樓,68,6800100,6800100-000,6鄰,桃鶯路,,,,,,282號六樓,121.320659046,24.9794636631309
桃園市桃園區大樹里6鄰桃鶯路282號四樓,68,6800100,6800100-000,6鄰,桃鶯路,,,,,,282號四樓,121.320659046,24.9794636631309
桃園市桃園區大樹里6鄰桃鶯路282號八樓,68,6800100,6800100-000,6鄰,桃鶯路,,,,,,282號八樓,121.320659046,24.9794636631309
桃園市桃園區大樹里17鄰桃鶯路283號,68,6800100,6800100-000,17鄰,桃鶯路,,,,,,283號,121.319065320549,24.9831144366694
桃園市桃園區大樹里6鄰桃鶯路284號,68,6800100,6800100-000,6鄰,桃鶯路,,,,,,284號,121.320696601465,24.9794312608528
桃園市桃園區大樹里6鄰桃鶯路284號七樓,68,6800100,6800100-000,6鄰,桃鶯路,,,,,,284號七樓,121.320696601465,24.9794312608528
桃園市桃園區大樹里6鄰桃鶯路284號五樓,68,6800100,6800100-000,6鄰,桃鶯路,,,,,,284號五樓,121.320696601465,24.9794312608528
桃園市桃園區大樹里6鄰桃鶯路284號八樓,68,6800100,6800100-000,6鄰,桃鶯路,,,,,,284號八樓,121.320696601465,24.9794312608528
桃園市桃園區大樹里6鄰桃鶯路284號六樓,68,6800100,6800100-000,6鄰,桃鶯路,,,,,,284號六樓,121.320696601465,24.9794312608528
桃園市桃園區大樹里6鄰桃鶯路284號四樓,68,6800100,6800100-000,6鄰,桃鶯路,,,,,,284號四樓,121.320696601465,24.9794312608528
桃園市桃園區大樹里17鄰桃鶯路285之3號,68,6800100,6800100-000,17鄰,桃鶯路,,,,,,285之3號,121.319018735612,24.9830262396301
桃園市桃園區大樹里17鄰桃鶯路285之4號,68,6800100,6800100-000,17鄰,桃鶯路,,,,,,285之4號,121.319018735612,24.9830262396301
桃園市桃園區大樹里17鄰桃鶯路285號,68,6800100,6800100-000,17鄰,桃鶯路,,,,,,285號,121.319018735612,24.9830262396301
桃園市桃園區大樹里17鄰桃鶯路285之1號,68,6800100,6800100-000,17鄰,桃鶯路,,,,,,285之1號,121.319018735612,24.9830262396301
桃園市桃園區大樹里17鄰桃鶯路285之2號,68,6800100,6800100-000,17鄰,桃鶯路,,,,,,285之2號,121.319018735612,24.9830262396301
桃園市桃園區大樹里17鄰桃鶯路285號地下一層,68,6800100,6800100-000,17鄰,桃鶯路,,,,,,285號地下一層,121.319018735612,24.9830262396301
桃園市桃園區大樹里6鄰桃鶯路286號,68,6800100,6800100-000,6鄰,桃鶯路,,,,,,286號,121.32072158239,24.9794007816054
桃園市桃園區大樹里6鄰桃鶯路286號六樓,68,6800100,6800100-000,6鄰,桃鶯路,,,,,,286號六樓,121.32072158239,24.9794007816054
桃園市桃園區大樹里6鄰桃鶯路286號七樓,68,6800100,6800100-000,6鄰,桃鶯路,,,,,,286號七樓,121.32072158239,24.9794007816054
桃園市桃園區大樹里6鄰桃鶯路286號五樓,68,6800100,6800100-000,6鄰,桃鶯路,,,,,,286號五樓,121.32072158239,24.9794007816054
桃園市桃園區大樹里6鄰桃鶯路286號八樓,68,6800100,6800100-000,6鄰,桃鶯路,,,,,,286號八樓,121.32072158239,24.9794007816054
桃園市桃園區大樹里6鄰桃鶯路286號四樓,68,6800100,6800100-000,6鄰,桃鶯路,,,,,,286號四樓,121.32072158239,24.9794007816054
桃園市桃園區大樹里17鄰桃鶯路287之1號,68,6800100,6800100-000,17鄰,桃鶯路,,,,,,287之1號,121.31904821473,24.9829727288305
桃園市桃園區大樹里17鄰桃鶯路287之2號,68,6800100,6800100-000,17鄰,桃鶯路,,,,,,287之2號,121.31904821473,24.9829727288305
桃園市桃園區大樹里17鄰桃鶯路287之4號,68,6800100,6800100-000,17鄰,桃鶯路,,,,,,287之4號,121.31904821473,24.9829727288305
桃園市桃園區大樹里17鄰桃鶯路287號,68,6800100,6800100-000,17鄰,桃鶯路,,,,,,287號,121.31904821473,24.9829727288305
桃園市桃園區大樹里17鄰桃鶯路287之3號,68,6800100,6800100-000,17鄰,桃鶯路,,,,,,287之3號,121.31904821473,24.9829727288305
桃園市桃園區大樹里6鄰桃鶯路288號,68,6800100,6800100-000,6鄰,桃鶯路,,,,,,288號,121.320765860854,24.9793635798166
桃園市桃園區大樹里6鄰桃鶯路288號七樓,68,6800100,6800100-000,6鄰,桃鶯路,,,,,,288號七樓,121.320765860854,24.9793635798166
桃園市桃園區大樹里6鄰桃鶯路288號五樓,68,6800100,6800100-000,6鄰,桃鶯路,,,,,,288號五樓,121.320765860854,24.9793635798166
桃園市桃園區大樹里6鄰桃鶯路288號八樓,68,6800100,6800100-000,6鄰,桃鶯路,,,,,,288號八樓,121.320765860854,24.9793635798166
桃園市桃園區大樹里6鄰桃鶯路288號六樓,68,6800100,6800100-000,6鄰,桃鶯路,,,,,,288號六樓,121.320765860854,24.9793635798166
桃園市桃園區大樹里6鄰桃鶯路288號四樓,68,6800100,6800100-000,6鄰,桃鶯路,,,,,,288號四樓,121.320765860854,24.9793635798166
桃園市桃園區大樹里6鄰桃鶯路290號,68,6800100,6800100-000,6鄰,桃鶯路,,,,,,290號,121.320813387585,24.979318516379
桃園市桃園區大樹里6鄰桃鶯路290號七樓,68,6800100,6800100-000,6鄰,桃鶯路,,,,,,290號七樓,121.320813387585,24.979318516379
桃園市桃園區大樹里6鄰桃鶯路290號五樓,68,6800100,6800100-000,6鄰,桃鶯路,,,,,,290號五樓,121.320813387585,24.979318516379
桃園市桃園區大樹里6鄰桃鶯路290號八樓,68,6800100,6800100-000,6鄰,桃鶯路,,,,,,290號八樓,121.320813387585,24.979318516379
桃園市桃園區大樹里6鄰桃鶯路290號六樓,68,6800100,6800100-000,6鄰,桃鶯路,,,,,,290號六樓,121.320813387585,24.979318516379
桃園市桃園區大樹里6鄰桃鶯路290號四樓,68,6800100,6800100-000,6鄰,桃鶯路,,,,,,290號四樓,121.320813387585,24.979318516379
桃園市桃園區大樹里17鄰桃鶯路291號,68,6800100,6800100-000,17鄰,桃鶯路,,,,,,291號,121.319100476366,24.9829192594653
桃園市桃園區大樹里6鄰桃鶯路292號,68,6800100,6800100-000,6鄰,桃鶯路,,,,,,292號,121.320836808946,24.9792977910549
桃園市桃園區大樹里6鄰桃鶯路292號八樓,68,6800100,6800100-000,6鄰,桃鶯路,,,,,,292號八樓,121.320836808946,24.9792977910549
桃園市桃園區大樹里6鄰桃鶯路292號七樓,68,6800100,6800100-000,6鄰,桃鶯路,,,,,,292號七樓,121.320836808946,24.9792977910549
桃園市桃園區大樹里6鄰桃鶯路292號五樓,68,6800100,6800100-000,6鄰,桃鶯路,,,,,,292號五樓,121.320836808946,24.9792977910549
桃園市桃園區大樹里6鄰桃鶯路292號六樓,68,6800100,6800100-000,6鄰,桃鶯路,,,,,,292號六樓,121.320836808946,24.9792977910549
桃園市桃園區大樹里6鄰桃鶯路292號四樓,68,6800100,6800100-000,6鄰,桃鶯路,,,,,,292號四樓,121.320836808946,24.9792977910549
桃園市桃園區大樹里17鄰桃鶯路293號,68,6800100,6800100-000,17鄰,桃鶯路,,,,,,293號,121.319111351543,24.9828728306215
桃園市桃園區大樹里6鄰桃鶯路294號,68,6800100,6800100-000,6鄰,桃鶯路,,,,,,294號,121.320878415549,24.9792615881063
桃園市桃園區大樹里6鄰桃鶯路294之1號七樓,68,6800100,6800100-000,6鄰,桃鶯路,,,,,,294之1號七樓,121.320878415549,24.9792615881063
桃園市桃園區大樹里6鄰桃鶯路294之1號五樓,68,6800100,6800100-000,6鄰,桃鶯路,,,,,,294之1號五樓,121.320878415549,24.9792615881063
桃園市桃園區大樹里6鄰桃鶯路294之1號八樓,68,6800100,6800100-000,6鄰,桃鶯路,,,,,,294之1號八樓,121.320878415549,24.9792615881063
桃園市桃園區大樹里6鄰桃鶯路294之1號六樓,68,6800100,6800100-000,6鄰,桃鶯路,,,,,,294之1號六樓,121.320878415549,24.9792615881063
桃園市桃園區大樹里6鄰桃鶯路294之1號四樓,68,6800100,6800100-000,6鄰,桃鶯路,,,,,,294之1號四樓,121.320878415549,24.9792615881063
桃園市桃園區大樹里6鄰桃鶯路294之2號五樓,68,6800100,6800100-000,6鄰,桃鶯路,,,,,,294之2號五樓,121.320878415549,24.9792615881063
桃園市桃園區大樹里6鄰桃鶯路294之2號八樓,68,6800100,6800100-000,6鄰,桃鶯路,,,,,,294之2號八樓,121.320878415549,24.9792615881063
桃園市桃園區大樹里6鄰桃鶯路294之2號七樓,68,6800100,6800100-000,6鄰,桃鶯路,,,,,,294之2號七樓,121.320878415549,24.9792615881063
桃園市桃園區大樹里6鄰桃鶯路294號八樓,68,6800100,6800100-000,6鄰,桃鶯路,,,,,,294號八樓,121.320878415549,24.9792615881063
桃園市桃園區大樹里6鄰桃鶯路294之2號六樓,68,6800100,6800100-000,6鄰,桃鶯路,,,,,,294之2號六樓,121.320878415549,24.9792615881063
桃園市桃園區大樹里6鄰桃鶯路294之2號四樓,68,6800100,6800100-000,6鄰,桃鶯路,,,,,,294之2號四樓,121.320878415549,24.9792615881063
桃園市桃園區大樹里6鄰桃鶯路294號七樓,68,6800100,6800100-000,6鄰,桃鶯路,,,,,,294號七樓,121.320878415549,24.9792615881063
桃園市桃園區大樹里6鄰桃鶯路294號五樓,68,6800100,6800100-000,6鄰,桃鶯路,,,,,,294號五樓,121.320878415549,24.9792615881063
桃園市桃園區大樹里6鄰桃鶯路294號六樓,68,6800100,6800100-000,6鄰,桃鶯路,,,,,,294號六樓,121.320878415549,24.9792615881063
桃園市桃園區大樹里6鄰桃鶯路294號四樓,68,6800100,6800100-000,6鄰,桃鶯路,,,,,,294號四樓,121.320878415549,24.9792615881063
桃園市桃園區大樹里17鄰桃鶯路295號,68,6800100,6800100-000,17鄰,桃鶯路,,,,,,295號,121.319114508232,24.9828293976689
桃園市桃園區大樹里9鄰桃鶯路296巷2號,68,6800100,6800100-000,9鄰,桃鶯路,,296巷,,,,2號,121.320751065072,24.9791964975668
桃園市桃園區大樹里9鄰桃鶯路296巷2號七樓,68,6800100,6800100-000,9鄰,桃鶯路,,296巷,,,,2號七樓,121.320751065072,24.9791964975668
桃園市桃園區大樹里9鄰桃鶯路296巷2號三樓,68,6800100,6800100-000,9鄰,桃鶯路,,296巷,,,,2號三樓,121.320751065072,24.9791964975668
桃園市桃園區大樹里9鄰桃鶯路296巷2號二樓,68,6800100,6800100-000,9鄰,桃鶯路,,296巷,,,,2號二樓,121.320751065072,24.9791964975668
桃園市桃園區大樹里9鄰桃鶯路296巷2號五樓,68,6800100,6800100-000,9鄰,桃鶯路,,296巷,,,,2號五樓,121.320751065072,24.9791964975668
桃園市桃園區大樹里9鄰桃鶯路296巷2號八樓,68,6800100,6800100-000,9鄰,桃鶯路,,296巷,,,,2號八樓,121.320751065072,24.9791964975668
桃園市桃園區大樹里9鄰桃鶯路296巷2號六樓,68,6800100,6800100-000,9鄰,桃鶯路,,296巷,,,,2號六樓,121.320751065072,24.9791964975668
桃園市桃園區大樹里9鄰桃鶯路296巷2號四樓,68,6800100,6800100-000,9鄰,桃鶯路,,296巷,,,,2號四樓,121.320751065072,24.9791964975668
桃園市桃園區大樹里7鄰桃鶯路296巷3號,68,6800100,6800100-000,7鄰,桃鶯路,,296巷,,,,3號,121.320974837069,24.9789353677218
桃園市桃園區大樹里7鄰桃鶯路296巷3號七樓,68,6800100,6800100-000,7鄰,桃鶯路,,296巷,,,,3號七樓,121.320974837069,24.9789353677218
桃園市桃園區大樹里7鄰桃鶯路296巷3號二樓,68,6800100,6800100-000,7鄰,桃鶯路,,296巷,,,,3號二樓,121.320974837069,24.9789353677218
桃園市桃園區大樹里7鄰桃鶯路296巷3號五樓,68,6800100,6800100-000,7鄰,桃鶯路,,296巷,,,,3號五樓,121.320974837069,24.9789353677218
桃園市桃園區大樹里7鄰桃鶯路296巷3號八樓,68,6800100,6800100-000,7鄰,桃鶯路,,296巷,,,,3號八樓,121.320974837069,24.9789353677218
桃園市桃園區大樹里7鄰桃鶯路296巷3號六樓,68,6800100,6800100-000,7鄰,桃鶯路,,296巷,,,,3號六樓,121.320974837069,24.9789353677218
桃園市桃園區大樹里7鄰桃鶯路296巷3號四樓,68,6800100,6800100-000,7鄰,桃鶯路,,296巷,,,,3號四樓,121.320974837069,24.9789353677218
桃園市桃園區大樹里7鄰桃鶯路296巷3號三樓,68,6800100,6800100-000,7鄰,桃鶯路,,296巷,,,,3號三樓,121.320974837069,24.9789353677218
桃園市桃園區大樹里9鄰桃鶯路296巷4號,68,6800100,6800100-000,9鄰,桃鶯路,,296巷,,,,4號,121.320666313169,24.979210312924
桃園市桃園區大樹里9鄰桃鶯路296巷4號四樓,68,6800100,6800100-000,9鄰,桃鶯路,,296巷,,,,4號四樓,121.320666313169,24.979210312924
桃園市桃園區大樹里9鄰桃鶯路296巷4號七樓,68,6800100,6800100-000,9鄰,桃鶯路,,296巷,,,,4號七樓,121.320666313169,24.979210312924
桃園市桃園區大樹里9鄰桃鶯路296巷4號三樓,68,6800100,6800100-000,9鄰,桃鶯路,,296巷,,,,4號三樓,121.320666313169,24.979210312924
桃園市桃園區大樹里9鄰桃鶯路296巷4號二樓,68,6800100,6800100-000,9鄰,桃鶯路,,296巷,,,,4號二樓,121.320666313169,24.979210312924
桃園市桃園區大樹里9鄰桃鶯路296巷4號五樓,68,6800100,6800100-000,9鄰,桃鶯路,,296巷,,,,4號五樓,121.320666313169,24.979210312924
桃園市桃園區大樹里9鄰桃鶯路296巷4號八樓,68,6800100,6800100-000,9鄰,桃鶯路,,296巷,,,,4號八樓,121.320666313169,24.979210312924
桃園市桃園區大樹里9鄰桃鶯路296巷4號六樓,68,6800100,6800100-000,9鄰,桃鶯路,,296巷,,,,4號六樓,121.320666313169,24.979210312924
桃園市桃園區大樹里7鄰桃鶯路296巷5號,68,6800100,6800100-000,7鄰,桃鶯路,,296巷,,,,5號,121.321026189962,24.9788762117914
桃園市桃園區大樹里7鄰桃鶯路296巷5號七樓,68,6800100,6800100-000,7鄰,桃鶯路,,296巷,,,,5號七樓,121.321026189962,24.9788762117914
桃園市桃園區大樹里7鄰桃鶯路296巷5號二樓,68,6800100,6800100-000,7鄰,桃鶯路,,296巷,,,,5號二樓,121.321026189962,24.9788762117914
桃園市桃園區大樹里7鄰桃鶯路296巷5號五樓,68,6800100,6800100-000,7鄰,桃鶯路,,296巷,,,,5號五樓,121.321026189962,24.9788762117914
桃園市桃園區大樹里7鄰桃鶯路296巷5號八樓,68,6800100,6800100-000,7鄰,桃鶯路,,296巷,,,,5號八樓,121.321026189962,24.9788762117914
桃園市桃園區大樹里7鄰桃鶯路296巷5號六樓,68,6800100,6800100-000,7鄰,桃鶯路,,296巷,,,,5號六樓,121.321026189962,24.9788762117914
桃園市桃園區大樹里7鄰桃鶯路296巷5號四樓,68,6800100,6800100-000,7鄰,桃鶯路,,296巷,,,,5號四樓,121.321026189962,24.9788762117914
桃園市桃園區大樹里7鄰桃鶯路296巷5號三樓,68,6800100,6800100-000,7鄰,桃鶯路,,296巷,,,,5號三樓,121.321026189962,24.9788762117914
桃園市桃園區大樹里9鄰桃鶯路296巷6號,68,6800100,6800100-000,9鄰,桃鶯路,,296巷,,,,6號,121.32062617203,24.9791240886872
桃園市桃園區大樹里9鄰桃鶯路296巷6號七樓,68,6800100,6800100-000,9鄰,桃鶯路,,296巷,,,,6號七樓,121.32062617203,24.9791240886872
桃園市桃園區大樹里9鄰桃鶯路296巷6號三樓,68,6800100,6800100-000,9鄰,桃鶯路,,296巷,,,,6號三樓,121.32062617203,24.9791240886872
桃園市桃園區大樹里9鄰桃鶯路296巷6號二樓,68,6800100,6800100-000,9鄰,桃鶯路,,296巷,,,,6號二樓,121.32062617203,24.9791240886872
桃園市桃園區大樹里9鄰桃鶯路296巷6號五樓,68,6800100,6800100-000,9鄰,桃鶯路,,296巷,,,,6號五樓,121.32062617203,24.9791240886872
桃園市桃園區大樹里9鄰桃鶯路296巷6號八樓,68,6800100,6800100-000,9鄰,桃鶯路,,296巷,,,,6號八樓,121.32062617203,24.9791240886872
桃園市桃園區大樹里9鄰桃鶯路296巷6號四樓,68,6800100,6800100-000,9鄰,桃鶯路,,296巷,,,,6號四樓,121.32062617203,24.9791240886872
桃園市桃園區大樹里9鄰桃鶯路296巷6號六樓,68,6800100,6800100-000,9鄰,桃鶯路,,296巷,,,,6號六樓,121.32062617203,24.9791240886872
桃園市桃園區大樹里7鄰桃鶯路296巷7號,68,6800100,6800100-000,7鄰,桃鶯路,,296巷,,,,7號,121.320999435928,24.97879591747
桃園市桃園區大樹里7鄰桃鶯路296巷7號八樓,68,6800100,6800100-000,7鄰,桃鶯路,,296巷,,,,7號八樓,121.320999435928,24.97879591747
桃園市桃園區大樹里7鄰桃鶯路296巷7號六樓,68,6800100,6800100-000,7鄰,桃鶯路,,296巷,,,,7號六樓,121.320999435928,24.97879591747
桃園市桃園區大樹里7鄰桃鶯路296巷7號四樓,68,6800100,6800100-000,7鄰,桃鶯路,,296巷,,,,7號四樓,121.320999435928,24.97879591747
桃園市桃園區大樹里7鄰桃鶯路296巷7號七樓,68,6800100,6800100-000,7鄰,桃鶯路,,296巷,,,,7號七樓,121.320999435928,24.97879591747
桃園市桃園區大樹里7鄰桃鶯路296巷7號三樓,68,6800100,6800100-000,7鄰,桃鶯路,,296巷,,,,7號三樓,121.320999435928,24.97879591747
桃園市桃園區大樹里7鄰桃鶯路296巷7號五樓,68,6800100,6800100-000,7鄰,桃鶯路,,296巷,,,,7號五樓,121.320999435928,24.97879591747
桃園市桃園區大樹里7鄰桃鶯路296巷7號二樓,68,6800100,6800100-000,7鄰,桃鶯路,,296巷,,,,7號二樓,121.320999435928,24.97879591747
桃園市桃園區大樹里9鄰桃鶯路296巷8號,68,6800100,6800100-000,9鄰,桃鶯路,,296巷,,,,8號,121.320705912355,24.9790875327932
桃園市桃園區大樹里9鄰桃鶯路296巷8號六樓,68,6800100,6800100-000,9鄰,桃鶯路,,296巷,,,,8號六樓,121.320705912355,24.9790875327932
桃園市桃園區大樹里9鄰桃鶯路296巷8號七樓,68,6800100,6800100-000,9鄰,桃鶯路,,296巷,,,,8號七樓,121.320705912355,24.9790875327932
桃園市桃園區大樹里9鄰桃鶯路296巷8號三樓,68,6800100,6800100-000,9鄰,桃鶯路,,296巷,,,,8號三樓,121.320705912355,24.9790875327932
桃園市桃園區大樹里9鄰桃鶯路296巷8號二樓,68,6800100,6800100-000,9鄰,桃鶯路,,296巷,,,,8號二樓,121.320705912355,24.9790875327932
桃園市桃園區大樹里9鄰桃鶯路296巷8號五樓,68,6800100,6800100-000,9鄰,桃鶯路,,296巷,,,,8號五樓,121.320705912355,24.9790875327932
桃園市桃園區大樹里9鄰桃鶯路296巷8號八樓,68,6800100,6800100-000,9鄰,桃鶯路,,296巷,,,,8號八樓,121.320705912355,24.9790875327932
桃園市桃園區大樹里9鄰桃鶯路296巷8號四樓,68,6800100,6800100-000,9鄰,桃鶯路,,296巷,,,,8號四樓,121.320705912355,24.9790875327932
桃園市桃園區大樹里7鄰桃鶯路296巷9號,68,6800100,6800100-000,7鄰,桃鶯路,,296巷,,,,9號,121.320886379627,24.9788189125849
桃園市桃園區大樹里7鄰桃鶯路296巷9號七樓,68,6800100,6800100-000,7鄰,桃鶯路,,296巷,,,,9號七樓,121.320886379627,24.9788189125849
桃園市桃園區大樹里7鄰桃鶯路296巷9號三樓,68,6800100,6800100-000,7鄰,桃鶯路,,296巷,,,,9號三樓,121.320886379627,24.9788189125849
桃園市桃園區大樹里7鄰桃鶯路296巷9號二樓,68,6800100,6800100-000,7鄰,桃鶯路,,296巷,,,,9號二樓,121.320886379627,24.9788189125849
桃園市桃園區大樹里7鄰桃鶯路296巷9號五樓,68,6800100,6800100-000,7鄰,桃鶯路,,296巷,,,,9號五樓,121.320886379627,24.9788189125849
桃園市桃園區大樹里7鄰桃鶯路296巷9號八樓,68,6800100,6800100-000,7鄰,桃鶯路,,296巷,,,,9號八樓,121.320886379627,24.9788189125849
桃園市桃園區大樹里7鄰桃鶯路296巷9號六樓,68,6800100,6800100-000,7鄰,桃鶯路,,296巷,,,,9號六樓,121.320886379627,24.9788189125849
桃園市桃園區大樹里7鄰桃鶯路296巷9號四樓,68,6800100,6800100-000,7鄰,桃鶯路,,296巷,,,,9號四樓,121.320886379627,24.9788189125849
桃園市桃園區大樹里9鄰桃鶯路296巷10號,68,6800100,6800100-000,9鄰,桃鶯路,,296巷,,,,10號,121.320685695806,24.9790072243313
桃園市桃園區大樹里9鄰桃鶯路296巷10號七樓,68,6800100,6800100-000,9鄰,桃鶯路,,296巷,,,,10號七樓,121.320685695806,24.9790072243313
桃園市桃園區大樹里9鄰桃鶯路296巷10號三樓,68,6800100,6800100-000,9鄰,桃鶯路,,296巷,,,,10號三樓,121.320685695806,24.9790072243313
桃園市桃園區大樹里9鄰桃鶯路296巷10號二樓,68,6800100,6800100-000,9鄰,桃鶯路,,296巷,,,,10號二樓,121.320685695806,24.9790072243313
桃園市桃園區大樹里9鄰桃鶯路296巷10號五樓,68,6800100,6800100-000,9鄰,桃鶯路,,296巷,,,,10號五樓,121.320685695806,24.9790072243313
桃園市桃園區大樹里9鄰桃鶯路296巷10號八樓,68,6800100,6800100-000,9鄰,桃鶯路,,296巷,,,,10號八樓,121.320685695806,24.9790072243313
桃園市桃園區大樹里9鄰桃鶯路296巷10號六樓,68,6800100,6800100-000,9鄰,桃鶯路,,296巷,,,,10號六樓,121.320685695806,24.9790072243313
桃園市桃園區大樹里9鄰桃鶯路296巷10號四樓,68,6800100,6800100-000,9鄰,桃鶯路,,296巷,,,,10號四樓,121.320685695806,24.9790072243313
桃園市桃園區大樹里7鄰桃鶯路296巷11號,68,6800100,6800100-000,7鄰,桃鶯路,,296巷,,,,11號,121.320894479639,24.9787340289464
桃園市桃園區大樹里7鄰桃鶯路296巷11號六樓,68,6800100,6800100-000,7鄰,桃鶯路,,296巷,,,,11號六樓,121.320894479639,24.9787340289464
桃園市桃園區大樹里7鄰桃鶯路296巷11號七樓,68,6800100,6800100-000,7鄰,桃鶯路,,296巷,,,,11號七樓,121.320894479639,24.9787340289464
桃園市桃園區大樹里7鄰桃鶯路296巷11號三樓,68,6800100,6800100-000,7鄰,桃鶯路,,296巷,,,,11號三樓,121.320894479639,24.9787340289464
桃園市桃園區大樹里7鄰桃鶯路296巷11號二樓,68,6800100,6800100-000,7鄰,桃鶯路,,296巷,,,,11號二樓,121.320894479639,24.9787340289464
桃園市桃園區大樹里7鄰桃鶯路296巷11號五樓,68,6800100,6800100-000,7鄰,桃鶯路,,296巷,,,,11號五樓,121.320894479639,24.9787340289464
桃園市桃園區大樹里7鄰桃鶯路296巷11號八樓,68,6800100,6800100-000,7鄰,桃鶯路,,296巷,,,,11號八樓,121.320894479639,24.9787340289464
桃園市桃園區大樹里7鄰桃鶯路296巷11號四樓,68,6800100,6800100-000,7鄰,桃鶯路,,296巷,,,,11號四樓,121.320894479639,24.9787340289464
桃園市桃園區大樹里9鄰桃鶯路296巷12號,68,6800100,6800100-000,9鄰,桃鶯路,,296巷,,,,12號,121.320581062513,24.9790317358831
桃園市桃園區大樹里9鄰桃鶯路296巷12號三樓,68,6800100,6800100-000,9鄰,桃鶯路,,296巷,,,,12號三樓,121.320581062513,24.9790317358831
桃園市桃園區大樹里9鄰桃鶯路296巷12號七樓,68,6800100,6800100-000,9鄰,桃鶯路,,296巷,,,,12號七樓,121.320581062513,24.9790317358831
桃園市桃園區大樹里9鄰桃鶯路296巷12號二樓,68,6800100,6800100-000,9鄰,桃鶯路,,296巷,,,,12號二樓,121.320581062513,24.9790317358831
桃園市桃園區大樹里9鄰桃鶯路296巷12號五樓,68,6800100,6800100-000,9鄰,桃鶯路,,296巷,,,,12號五樓,121.320581062513,24.9790317358831
桃園市桃園區大樹里9鄰桃鶯路296巷12號八樓,68,6800100,6800100-000,9鄰,桃鶯路,,296巷,,,,12號八樓,121.320581062513,24.9790317358831
桃園市桃園區大樹里9鄰桃鶯路296巷12號六樓,68,6800100,6800100-000,9鄰,桃鶯路,,296巷,,,,12號六樓,121.320581062513,24.9790317358831
桃園市桃園區大樹里9鄰桃鶯路296巷12號四樓,68,6800100,6800100-000,9鄰,桃鶯路,,296巷,,,,12號四樓,121.320581062513,24.9790317358831
桃園市桃園區大樹里7鄰桃鶯路296巷13號,68,6800100,6800100-000,7鄰,桃鶯路,,296巷,,,,13號,121.320975883802,24.9786898855356
桃園市桃園區大樹里7鄰桃鶯路296巷13號三樓,68,6800100,6800100-000,7鄰,桃鶯路,,296巷,,,,13號三樓,121.320975883802,24.9786898855356
桃園市桃園區大樹里7鄰桃鶯路296巷13號二樓,68,6800100,6800100-000,7鄰,桃鶯路,,296巷,,,,13號二樓,121.320975883802,24.9786898855356
桃園市桃園區大樹里7鄰桃鶯路296巷13號五樓,68,6800100,6800100-000,7鄰,桃鶯路,,296巷,,,,13號五樓,121.320975883802,24.9786898855356
桃園市桃園區大樹里7鄰桃鶯路296巷13號八樓,68,6800100,6800100-000,7鄰,桃鶯路,,296巷,,,,13號八樓,121.320975883802,24.9786898855356
桃園市桃園區大樹里7鄰桃鶯路296巷13號六樓,68,6800100,6800100-000,7鄰,桃鶯路,,296巷,,,,13號六樓,121.320975883802,24.9786898855356
桃園市桃園區大樹里7鄰桃鶯路296巷13號四樓,68,6800100,6800100-000,7鄰,桃鶯路,,296巷,,,,13號四樓,121.320975883802,24.9786898855356
桃園市桃園區大樹里7鄰桃鶯路296巷13號七樓,68,6800100,6800100-000,7鄰,桃鶯路,,296巷,,,,13號七樓,121.320975883802,24.9786898855356
桃園市桃園區大樹里9鄰桃鶯路296巷14號,68,6800100,6800100-000,9鄰,桃鶯路,,296巷,,,,14號,121.320557549779,24.9789407810876
桃園市桃園區大樹里9鄰桃鶯路296巷14號六樓,68,6800100,6800100-000,9鄰,桃鶯路,,296巷,,,,14號六樓,121.320557549779,24.9789407810876
桃園市桃園區大樹里9鄰桃鶯路296巷14號四樓,68,6800100,6800100-000,9鄰,桃鶯路,,296巷,,,,14號四樓,121.320557549779,24.9789407810876
桃園市桃園區大樹里9鄰桃鶯路296巷14號二樓,68,6800100,6800100-000,9鄰,桃鶯路,,296巷,,,,14號二樓,121.320557549779,24.9789407810876
桃園市桃園區大樹里9鄰桃鶯路296巷14號七樓,68,6800100,6800100-000,9鄰,桃鶯路,,296巷,,,,14號七樓,121.320557549779,24.9789407810876
桃園市桃園區大樹里9鄰桃鶯路296巷14號三樓,68,6800100,6800100-000,9鄰,桃鶯路,,296巷,,,,14號三樓,121.320557549779,24.9789407810876
桃園市桃園區大樹里9鄰桃鶯路296巷14號五樓,68,6800100,6800100-000,9鄰,桃鶯路,,296巷,,,,14號五樓,121.320557549779,24.9789407810876
桃園市桃園區大樹里9鄰桃鶯路296巷14號八樓,68,6800100,6800100-000,9鄰,桃鶯路,,296巷,,,,14號八樓,121.320557549779,24.9789407810876
桃園市桃園區大樹里7鄰桃鶯路296巷15號,68,6800100,6800100-000,7鄰,桃鶯路,,296巷,,,,15號,121.320927453577,24.9786156869093
桃園市桃園區大樹里7鄰桃鶯路296巷15號七樓,68,6800100,6800100-000,7鄰,桃鶯路,,296巷,,,,15號七樓,121.320927453577,24.9786156869093
桃園市桃園區大樹里7鄰桃鶯路296巷15號三樓,68,6800100,6800100-000,7鄰,桃鶯路,,296巷,,,,15號三樓,121.320927453577,24.9786156869093
桃園市桃園區大樹里7鄰桃鶯路296巷15號二樓,68,6800100,6800100-000,7鄰,桃鶯路,,296巷,,,,15號二樓,121.320927453577,24.9786156869093
桃園市桃園區大樹里7鄰桃鶯路296巷15號五樓,68,6800100,6800100-000,7鄰,桃鶯路,,296巷,,,,15號五樓,121.320927453577,24.9786156869093
桃園市桃園區大樹里7鄰桃鶯路296巷15號八樓,68,6800100,6800100-000,7鄰,桃鶯路,,296巷,,,,15號八樓,121.320927453577,24.9786156869093
桃園市桃園區大樹里7鄰桃鶯路296巷15號六樓,68,6800100,6800100-000,7鄰,桃鶯路,,296巷,,,,15號六樓,121.320927453577,24.9786156869093
桃園市桃園區大樹里7鄰桃鶯路296巷15號四樓,68,6800100,6800100-000,7鄰,桃鶯路,,296巷,,,,15號四樓,121.320927453577,24.9786156869093
桃園市桃園區大樹里9鄰桃鶯路296巷16號,68,6800100,6800100-000,9鄰,桃鶯路,,296巷,,,,16號,121.320640546963,24.9788997040565
桃園市桃園區大樹里9鄰桃鶯路296巷16號八樓,68,6800100,6800100-000,9鄰,桃鶯路,,296巷,,,,16號八樓,121.320640546963,24.9788997040565
桃園市桃園區大樹里9鄰桃鶯路296巷16號七樓,68,6800100,6800100-000,9鄰,桃鶯路,,296巷,,,,16號七樓,121.320640546963,24.9788997040565
桃園市桃園區大樹里9鄰桃鶯路296巷16號三樓,68,6800100,6800100-000,9鄰,桃鶯路,,296巷,,,,16號三樓,121.320640546963,24.9788997040565
桃園市桃園區大樹里9鄰桃鶯路296巷16號二樓,68,6800100,6800100-000,9鄰,桃鶯路,,296巷,,,,16號二樓,121.320640546963,24.9788997040565
桃園市桃園區大樹里9鄰桃鶯路296巷16號五樓,68,6800100,6800100-000,9鄰,桃鶯路,,296巷,,,,16號五樓,121.320640546963,24.9788997040565
桃園市桃園區大樹里9鄰桃鶯路296巷16號六樓,68,6800100,6800100-000,9鄰,桃鶯路,,296巷,,,,16號六樓,121.320640546963,24.9788997040565
桃園市桃園區大樹里9鄰桃鶯路296巷16號四樓,68,6800100,6800100-000,9鄰,桃鶯路,,296巷,,,,16號四樓,121.320640546963,24.9788997040565
桃園市桃園區大樹里7鄰桃鶯路296巷17號,68,6800100,6800100-000,7鄰,桃鶯路,,296巷,,,,17號,121.320836034352,24.9786174187905
桃園市桃園區大樹里7鄰桃鶯路296巷17號七樓,68,6800100,6800100-000,7鄰,桃鶯路,,296巷,,,,17號七樓,121.320836034352,24.9786174187905
桃園市桃園區大樹里7鄰桃鶯路296巷17號三樓,68,6800100,6800100-000,7鄰,桃鶯路,,296巷,,,,17號三樓,121.320836034352,24.9786174187905
桃園市桃園區大樹里7鄰桃鶯路296巷17號二樓,68,6800100,6800100-000,7鄰,桃鶯路,,296巷,,,,17號二樓,121.320836034352,24.9786174187905
桃園市桃園區大樹里7鄰桃鶯路296巷17號五樓,68,6800100,6800100-000,7鄰,桃鶯路,,296巷,,,,17號五樓,121.320836034352,24.9786174187905
桃園市桃園區大樹里7鄰桃鶯路296巷17號八樓,68,6800100,6800100-000,7鄰,桃鶯路,,296巷,,,,17號八樓,121.320836034352,24.9786174187905
桃園市桃園區大樹里7鄰桃鶯路296巷17號六樓,68,6800100,6800100-000,7鄰,桃鶯路,,296巷,,,,17號六樓,121.320836034352,24.9786174187905
桃園市桃園區大樹里7鄰桃鶯路296巷17號四樓,68,6800100,6800100-000,7鄰,桃鶯路,,296巷,,,,17號四樓,121.320836034352,24.9786174187905
桃園市桃園區大樹里9鄰桃鶯路296巷18號,68,6800100,6800100-000,9鄰,桃鶯路,,296巷,,,,18號,121.320602117183,24.9788240392531
桃園市桃園區大樹里9鄰桃鶯路296巷18號七樓,68,6800100,6800100-000,9鄰,桃鶯路,,296巷,,,,18號七樓,121.320602117183,24.9788240392531
桃園市桃園區大樹里9鄰桃鶯路296巷18號三樓,68,6800100,6800100-000,9鄰,桃鶯路,,296巷,,,,18號三樓,121.320602117183,24.9788240392531
桃園市桃園區大樹里9鄰桃鶯路296巷18號二樓,68,6800100,6800100-000,9鄰,桃鶯路,,296巷,,,,18號二樓,121.320602117183,24.9788240392531
桃園市桃園區大樹里9鄰桃鶯路296巷18號五樓,68,6800100,6800100-000,9鄰,桃鶯路,,296巷,,,,18號五樓,121.320602117183,24.9788240392531
桃園市桃園區大樹里9鄰桃鶯路296巷18號八樓,68,6800100,6800100-000,9鄰,桃鶯路,,296巷,,,,18號八樓,121.320602117183,24.9788240392531
桃園市桃園區大樹里9鄰桃鶯路296巷18號四樓,68,6800100,6800100-000,9鄰,桃鶯路,,296巷,,,,18號四樓,121.320602117183,24.9788240392531
桃園市桃園區大樹里9鄰桃鶯路296巷18號六樓,68,6800100,6800100-000,9鄰,桃鶯路,,296巷,,,,18號六樓,121.320602117183,24.9788240392531
桃園市桃園區大樹里7鄰桃鶯路296巷19號,68,6800100,6800100-000,7鄰,桃鶯路,,296巷,,,,19號,121.320797647634,24.9785583660455
桃園市桃園區大樹里7鄰桃鶯路296巷19號七樓,68,6800100,6800100-000,7鄰,桃鶯路,,296巷,,,,19號七樓,121.320797647634,24.9785583660455
桃園市桃園區大樹里7鄰桃鶯路296巷19號三樓,68,6800100,6800100-000,7鄰,桃鶯路,,296巷,,,,19號三樓,121.320797647634,24.9785583660455
桃園市桃園區大樹里7鄰桃鶯路296巷19號五樓,68,6800100,6800100-000,7鄰,桃鶯路,,296巷,,,,19號五樓,121.320797647634,24.9785583660455
桃園市桃園區大樹里7鄰桃鶯路296巷19號八樓,68,6800100,6800100-000,7鄰,桃鶯路,,296巷,,,,19號八樓,121.320797647634,24.9785583660455
桃園市桃園區大樹里7鄰桃鶯路296巷19號六樓,68,6800100,6800100-000,7鄰,桃鶯路,,296巷,,,,19號六樓,121.320797647634,24.9785583660455
桃園市桃園區大樹里7鄰桃鶯路296巷19號四樓,68,6800100,6800100-000,7鄰,桃鶯路,,296巷,,,,19號四樓,121.320797647634,24.9785583660455
桃園市桃園區大樹里7鄰桃鶯路296巷19號二樓,68,6800100,6800100-000,7鄰,桃鶯路,,296巷,,,,19號二樓,121.320797647634,24.9785583660455
桃園市桃園區大樹里9鄰桃鶯路296巷20號,68,6800100,6800100-000,9鄰,桃鶯路,,296巷,,,,20號,121.320515662008,24.9788302744056
桃園市桃園區大樹里9鄰桃鶯路296巷20號五樓,68,6800100,6800100-000,9鄰,桃鶯路,,296巷,,,,20號五樓,121.320515662008,24.9788302744056
桃園市桃園區大樹里9鄰桃鶯路296巷20號八樓,68,6800100,6800100-000,9鄰,桃鶯路,,296巷,,,,20號八樓,121.320515662008,24.9788302744056
桃園市桃園區大樹里9鄰桃鶯路296巷20號六樓,68,6800100,6800100-000,9鄰,桃鶯路,,296巷,,,,20號六樓,121.320515662008,24.9788302744056
桃園市桃園區大樹里9鄰桃鶯路296巷20號四樓,68,6800100,6800100-000,9鄰,桃鶯路,,296巷,,,,20號四樓,121.320515662008,24.9788302744056
桃園市桃園區大樹里9鄰桃鶯路296巷20號七樓,68,6800100,6800100-000,9鄰,桃鶯路,,296巷,,,,20號七樓,121.320515662008,24.9788302744056
桃園市桃園區大樹里9鄰桃鶯路296巷20號三樓,68,6800100,6800100-000,9鄰,桃鶯路,,296巷,,,,20號三樓,121.320515662008,24.9788302744056
桃園市桃園區大樹里9鄰桃鶯路296巷20號二樓,68,6800100,6800100-000,9鄰,桃鶯路,,296巷,,,,20號二樓,121.320515662008,24.9788302744056
桃園市桃園區大樹里7鄰桃鶯路296巷21號,68,6800100,6800100-000,7鄰,桃鶯路,,296巷,,,,21號,121.320885604945,24.9785203478165
桃園市桃園區大樹里7鄰桃鶯路296巷21號七樓,68,6800100,6800100-000,7鄰,桃鶯路,,296巷,,,,21號七樓,121.320885604945,24.9785203478165
桃園市桃園區大樹里7鄰桃鶯路296巷21號三樓,68,6800100,6800100-000,7鄰,桃鶯路,,296巷,,,,21號三樓,121.320885604945,24.9785203478165
桃園市桃園區大樹里7鄰桃鶯路296巷21號二樓,68,6800100,6800100-000,7鄰,桃鶯路,,296巷,,,,21號二樓,121.320885604945,24.9785203478165
桃園市桃園區大樹里7鄰桃鶯路296巷21號五樓,68,6800100,6800100-000,7鄰,桃鶯路,,296巷,,,,21號五樓,121.320885604945,24.9785203478165
桃園市桃園區大樹里7鄰桃鶯路296巷21號八樓,68,6800100,6800100-000,7鄰,桃鶯路,,296巷,,,,21號八樓,121.320885604945,24.9785203478165
桃園市桃園區大樹里7鄰桃鶯路296巷21號六樓,68,6800100,6800100-000,7鄰,桃鶯路,,296巷,,,,21號六樓,121.320885604945,24.9785203478165
桃園市桃園區大樹里7鄰桃鶯路296巷21號四樓,68,6800100,6800100-000,7鄰,桃鶯路,,296巷,,,,21號四樓,121.320885604945,24.9785203478165
桃園市桃園區大樹里9鄰桃鶯路296巷22號,68,6800100,6800100-000,9鄰,桃鶯路,,296巷,,,,22號,121.320482184835,24.9787545989058
桃園市桃園區大樹里9鄰桃鶯路296巷22號三樓,68,6800100,6800100-000,9鄰,桃鶯路,,296巷,,,,22號三樓,121.320482184835,24.9787545989058
桃園市桃園區大樹里9鄰桃鶯路296巷22號七樓,68,6800100,6800100-000,9鄰,桃鶯路,,296巷,,,,22號七樓,121.320482184835,24.9787545989058
桃園市桃園區大樹里9鄰桃鶯路296巷22號二樓,68,6800100,6800100-000,9鄰,桃鶯路,,296巷,,,,22號二樓,121.320482184835,24.9787545989058
桃園市桃園區大樹里9鄰桃鶯路296巷22號五樓,68,6800100,6800100-000,9鄰,桃鶯路,,296巷,,,,22號五樓,121.320482184835,24.9787545989058
桃園市桃園區大樹里9鄰桃鶯路296巷22號八樓,68,6800100,6800100-000,9鄰,桃鶯路,,296巷,,,,22號八樓,121.320482184835,24.9787545989058
桃園市桃園區大樹里9鄰桃鶯路296巷22號六樓,68,6800100,6800100-000,9鄰,桃鶯路,,296巷,,,,22號六樓,121.320482184835,24.9787545989058
桃園市桃園區大樹里9鄰桃鶯路296巷22號四樓,68,6800100,6800100-000,9鄰,桃鶯路,,296巷,,,,22號四樓,121.320482184835,24.9787545989058
桃園市桃園區大樹里9鄰桃鶯路296巷24號,68,6800100,6800100-000,9鄰,桃鶯路,,296巷,,,,24號,121.320571897672,24.9787059236677
桃園市桃園區大樹里9鄰桃鶯路296巷24號三樓,68,6800100,6800100-000,9鄰,桃鶯路,,296巷,,,,24號三樓,121.320571897672,24.9787059236677
桃園市桃園區大樹里9鄰桃鶯路296巷24號二樓,68,6800100,6800100-000,9鄰,桃鶯路,,296巷,,,,24號二樓,121.320571897672,24.9787059236677
桃園市桃園區大樹里9鄰桃鶯路296巷24號五樓,68,6800100,6800100-000,9鄰,桃鶯路,,296巷,,,,24號五樓,121.320571897672,24.9787059236677
桃園市桃園區大樹里9鄰桃鶯路296巷24號八樓,68,6800100,6800100-000,9鄰,桃鶯路,,296巷,,,,24號八樓,121.320571897672,24.9787059236677
桃園市桃園區大樹里9鄰桃鶯路296巷24號六樓,68,6800100,6800100-000,9鄰,桃鶯路,,296巷,,,,24號六樓,121.320571897672,24.9787059236677
桃園市桃園區大樹里9鄰桃鶯路296巷24號四樓,68,6800100,6800100-000,9鄰,桃鶯路,,296巷,,,,24號四樓,121.320571897672,24.9787059236677
桃園市桃園區大樹里9鄰桃鶯路296巷24號七樓,68,6800100,6800100-000,9鄰,桃鶯路,,296巷,,,,24號七樓,121.320571897672,24.9787059236677
桃園市桃園區大樹里9鄰桃鶯路296巷26號,68,6800100,6800100-000,9鄰,桃鶯路,,296巷,,,,26號,121.320541807624,24.9786377343888
桃園市桃園區大樹里9鄰桃鶯路296巷26號七樓,68,6800100,6800100-000,9鄰,桃鶯路,,296巷,,,,26號七樓,121.320541807624,24.9786377343888
桃園市桃園區大樹里9鄰桃鶯路296巷26號二樓,68,6800100,6800100-000,9鄰,桃鶯路,,296巷,,,,26號二樓,121.320541807624,24.9786377343888
桃園市桃園區大樹里9鄰桃鶯路296巷26號五樓,68,6800100,6800100-000,9鄰,桃鶯路,,296巷,,,,26號五樓,121.320541807624,24.9786377343888
桃園市桃園區大樹里9鄰桃鶯路296巷26號八樓,68,6800100,6800100-000,9鄰,桃鶯路,,296巷,,,,26號八樓,121.320541807624,24.9786377343888
桃園市桃園區大樹里9鄰桃鶯路296巷26號六樓,68,6800100,6800100-000,9鄰,桃鶯路,,296巷,,,,26號六樓,121.320541807624,24.9786377343888
桃園市桃園區大樹里9鄰桃鶯路296巷26號四樓,68,6800100,6800100-000,9鄰,桃鶯路,,296巷,,,,26號四樓,121.320541807624,24.9786377343888
桃園市桃園區大樹里9鄰桃鶯路296巷26號三樓,68,6800100,6800100-000,9鄰,桃鶯路,,296巷,,,,26號三樓,121.320541807624,24.9786377343888
桃園市桃園區大樹里9鄰桃鶯路296巷28號,68,6800100,6800100-000,9鄰,桃鶯路,,296巷,,,,28號,121.320437055913,24.978654662307
桃園市桃園區大樹里9鄰桃鶯路296巷28號七樓,68,6800100,6800100-000,9鄰,桃鶯路,,296巷,,,,28號七樓,121.320437055913,24.978654662307
桃園市桃園區大樹里9鄰桃鶯路296巷28號三樓,68,6800100,6800100-000,9鄰,桃鶯路,,296巷,,,,28號三樓,121.320437055913,24.978654662307
桃園市桃園區大樹里9鄰桃鶯路296巷28號二樓,68,6800100,6800100-000,9鄰,桃鶯路,,296巷,,,,28號二樓,121.320437055913,24.978654662307
桃園市桃園區大樹里9鄰桃鶯路296巷28號五樓,68,6800100,6800100-000,9鄰,桃鶯路,,296巷,,,,28號五樓,121.320437055913,24.978654662307
桃園市桃園區大樹里9鄰桃鶯路296巷28號八樓,68,6800100,6800100-000,9鄰,桃鶯路,,296巷,,,,28號八樓,121.320437055913,24.978654662307
桃園市桃園區大樹里9鄰桃鶯路296巷28號六樓,68,6800100,6800100-000,9鄰,桃鶯路,,296巷,,,,28號六樓,121.320437055913,24.978654662307
桃園市桃園區大樹里9鄰桃鶯路296巷28號四樓,68,6800100,6800100-000,9鄰,桃鶯路,,296巷,,,,28號四樓,121.320437055913,24.978654662307
桃園市桃園區大樹里9鄰桃鶯路296巷30號,68,6800100,6800100-000,9鄰,桃鶯路,,296巷,,,,30號,121.320484947748,24.9785212109597
桃園市桃園區大樹里9鄰桃鶯路296巷30號六樓,68,6800100,6800100-000,9鄰,桃鶯路,,296巷,,,,30號六樓,121.320484947748,24.9785212109597
桃園市桃園區大樹里9鄰桃鶯路296巷30號七樓,68,6800100,6800100-000,9鄰,桃鶯路,,296巷,,,,30號七樓,121.320484947748,24.9785212109597
桃園市桃園區大樹里9鄰桃鶯路296巷30號三樓,68,6800100,6800100-000,9鄰,桃鶯路,,296巷,,,,30號三樓,121.320484947748,24.9785212109597
桃園市桃園區大樹里9鄰桃鶯路296巷30號二樓,68,6800100,6800100-000,9鄰,桃鶯路,,296巷,,,,30號二樓,121.320484947748,24.9785212109597
桃園市桃園區大樹里9鄰桃鶯路296巷30號五樓,68,6800100,6800100-000,9鄰,桃鶯路,,296巷,,,,30號五樓,121.320484947748,24.9785212109597
桃園市桃園區大樹里9鄰桃鶯路296巷30號八樓,68,6800100,6800100-000,9鄰,桃鶯路,,296巷,,,,30號八樓,121.320484947748,24.9785212109597
桃園市桃園區大樹里9鄰桃鶯路296巷30號四樓,68,6800100,6800100-000,9鄰,桃鶯路,,296巷,,,,30號四樓,121.320484947748,24.9785212109597
桃園市桃園區大樹里9鄰桃鶯路296巷32號,68,6800100,6800100-000,9鄰,桃鶯路,,296巷,,,,32號,121.320420199593,24.9785713672243
桃園市桃園區大樹里9鄰桃鶯路296巷32號四樓,68,6800100,6800100-000,9鄰,桃鶯路,,296巷,,,,32號四樓,121.320420199593,24.9785713672243
桃園市桃園區大樹里9鄰桃鶯路296巷32號七樓,68,6800100,6800100-000,9鄰,桃鶯路,,296巷,,,,32號七樓,121.320420199593,24.9785713672243
桃園市桃園區大樹里9鄰桃鶯路296巷32號三樓,68,6800100,6800100-000,9鄰,桃鶯路,,296巷,,,,32號三樓,121.320420199593,24.9785713672243
桃園市桃園區大樹里9鄰桃鶯路296巷32號二樓,68,6800100,6800100-000,9鄰,桃鶯路,,296巷,,,,32號二樓,121.320420199593,24.9785713672243
桃園市桃園區大樹里9鄰桃鶯路296巷32號五樓,68,6800100,6800100-000,9鄰,桃鶯路,,296巷,,,,32號五樓,121.320420199593,24.9785713672243
桃園市桃園區大樹里9鄰桃鶯路296巷32號八樓,68,6800100,6800100-000,9鄰,桃鶯路,,296巷,,,,32號八樓,121.320420199593,24.9785713672243
桃園市桃園區大樹里9鄰桃鶯路296巷32號六樓,68,6800100,6800100-000,9鄰,桃鶯路,,296巷,,,,32號六樓,121.320420199593,24.9785713672243
桃園市桃園區大樹里9鄰桃鶯路296巷34號,68,6800100,6800100-000,9鄰,桃鶯路,,296巷,,,,34號,121.320335334193,24.9785412147302
桃園市桃園區大樹里9鄰桃鶯路296巷34號六樓,68,6800100,6800100-000,9鄰,桃鶯路,,296巷,,,,34號六樓,121.320335334193,24.9785412147302
桃園市桃園區大樹里9鄰桃鶯路296巷34號四樓,68,6800100,6800100-000,9鄰,桃鶯路,,296巷,,,,34號四樓,121.320335334193,24.9785412147302
桃園市桃園區大樹里9鄰桃鶯路296巷34號七樓,68,6800100,6800100-000,9鄰,桃鶯路,,296巷,,,,34號七樓,121.320335334193,24.9785412147302
桃園市桃園區大樹里9鄰桃鶯路296巷34號三樓,68,6800100,6800100-000,9鄰,桃鶯路,,296巷,,,,34號三樓,121.320335334193,24.9785412147302
桃園市桃園區大樹里9鄰桃鶯路296巷34號二樓,68,6800100,6800100-000,9鄰,桃鶯路,,296巷,,,,34號二樓,121.320335334193,24.9785412147302
桃園市桃園區大樹里9鄰桃鶯路296巷34號五樓,68,6800100,6800100-000,9鄰,桃鶯路,,296巷,,,,34號五樓,121.320335334193,24.9785412147302
桃園市桃園區大樹里9鄰桃鶯路296巷34號八樓,68,6800100,6800100-000,9鄰,桃鶯路,,296巷,,,,34號八樓,121.320335334193,24.9785412147302
桃園市桃園區大樹里9鄰桃鶯路296巷36號,68,6800100,6800100-000,9鄰,桃鶯路,,296巷,,,,36號,121.320257254344,24.9785686482535
桃園市桃園區大樹里9鄰桃鶯路296巷36號八樓,68,6800100,6800100-000,9鄰,桃鶯路,,296巷,,,,36號八樓,121.320257254344,24.9785686482535
桃園市桃園區大樹里9鄰桃鶯路296巷36號七樓,68,6800100,6800100-000,9鄰,桃鶯路,,296巷,,,,36號七樓,121.320257254344,24.9785686482535
桃園市桃園區大樹里9鄰桃鶯路296巷36號三樓,68,6800100,6800100-000,9鄰,桃鶯路,,296巷,,,,36號三樓,121.320257254344,24.9785686482535
桃園市桃園區大樹里9鄰桃鶯路296巷36號二樓,68,6800100,6800100-000,9鄰,桃鶯路,,296巷,,,,36號二樓,121.320257254344,24.9785686482535
桃園市桃園區大樹里9鄰桃鶯路296巷36號五樓,68,6800100,6800100-000,9鄰,桃鶯路,,296巷,,,,36號五樓,121.320257254344,24.9785686482535
桃園市桃園區大樹里9鄰桃鶯路296巷36號六樓,68,6800100,6800100-000,9鄰,桃鶯路,,296巷,,,,36號六樓,121.320257254344,24.9785686482535
桃園市桃園區大樹里9鄰桃鶯路296巷36號四樓,68,6800100,6800100-000,9鄰,桃鶯路,,296巷,,,,36號四樓,121.320257254344,24.9785686482535
桃園市桃園區大樹里9鄰桃鶯路296巷38號,68,6800100,6800100-000,9鄰,桃鶯路,,296巷,,,,38號,121.32018586288,24.9785779204318
桃園市桃園區大樹里9鄰桃鶯路296巷38號六樓,68,6800100,6800100-000,9鄰,桃鶯路,,296巷,,,,38號六樓,121.32018586288,24.9785779204318
桃園市桃園區大樹里9鄰桃鶯路296巷38號七樓,68,6800100,6800100-000,9鄰,桃鶯路,,296巷,,,,38號七樓,121.32018586288,24.9785779204318
桃園市桃園區大樹里9鄰桃鶯路296巷38號三樓,68,6800100,6800100-000,9鄰,桃鶯路,,296巷,,,,38號三樓,121.32018586288,24.9785779204318
桃園市桃園區大樹里9鄰桃鶯路296巷38號二樓,68,6800100,6800100-000,9鄰,桃鶯路,,296巷,,,,38號二樓,121.32018586288,24.9785779204318
桃園市桃園區大樹里9鄰桃鶯路296巷38號五樓,68,6800100,6800100-000,9鄰,桃鶯路,,296巷,,,,38號五樓,121.32018586288,24.9785779204318
桃園市桃園區大樹里9鄰桃鶯路296巷38號八樓,68,6800100,6800100-000,9鄰,桃鶯路,,296巷,,,,38號八樓,121.32018586288,24.9785779204318
桃園市桃園區大樹里9鄰桃鶯路296巷38號四樓,68,6800100,6800100-000,9鄰,桃鶯路,,296巷,,,,38號四樓,121.32018586288,24.9785779204318
桃園市桃園區大樹里9鄰桃鶯路296巷40號,68,6800100,6800100-000,9鄰,桃鶯路,,296巷,,,,40號,121.320116099206,24.9786038011794
桃園市桃園區大樹里9鄰桃鶯路296巷40號五樓,68,6800100,6800100-000,9鄰,桃鶯路,,296巷,,,,40號五樓,121.320116099206,24.9786038011794
桃園市桃園區大樹里9鄰桃鶯路296巷40號八樓,68,6800100,6800100-000,9鄰,桃鶯路,,296巷,,,,40號八樓,121.320116099206,24.9786038011794
桃園市桃園區大樹里9鄰桃鶯路296巷40號六樓,68,6800100,6800100-000,9鄰,桃鶯路,,296巷,,,,40號六樓,121.320116099206,24.9786038011794
桃園市桃園區大樹里9鄰桃鶯路296巷40號四樓,68,6800100,6800100-000,9鄰,桃鶯路,,296巷,,,,40號四樓,121.320116099206,24.9786038011794
桃園市桃園區大樹里9鄰桃鶯路296巷40號七樓,68,6800100,6800100-000,9鄰,桃鶯路,,296巷,,,,40號七樓,121.320116099206,24.9786038011794
桃園市桃園區大樹里9鄰桃鶯路296巷40號三樓,68,6800100,6800100-000,9鄰,桃鶯路,,296巷,,,,40號三樓,121.320116099206,24.9786038011794
桃園市桃園區大樹里9鄰桃鶯路296巷40號二樓,68,6800100,6800100-000,9鄰,桃鶯路,,296巷,,,,40號二樓,121.320116099206,24.9786038011794
桃園市桃園區大樹里17鄰桃鶯路297號,68,6800100,6800100-000,17鄰,桃鶯路,,,,,,297號,121.319143332338,24.9827907849703
桃園市桃園區大樹里7鄰桃鶯路298之5號,68,6800100,6800100-000,7鄰,桃鶯路,,,,,,298之5號,121.320995681297,24.9789903052212
桃園市桃園區大樹里7鄰桃鶯路298號,68,6800100,6800100-000,7鄰,桃鶯路,,,,,,298號,121.320983897168,24.9791440828593
桃園市桃園區大樹里7鄰桃鶯路298之1號,68,6800100,6800100-000,7鄰,桃鶯路,,,,,,298之1號,121.321028771639,24.9791076019725
桃園市桃園區大樹里7鄰桃鶯路298之2號,68,6800100,6800100-000,7鄰,桃鶯路,,,,,,298之2號,121.321061860488,24.9790716881918
桃園市桃園區大樹里7鄰桃鶯路298之3號,68,6800100,6800100-000,7鄰,桃鶯路,,,,,,298之3號,121.321096620517,24.9790308955081
桃園市桃園區大樹里7鄰桃鶯路298之4號,68,6800100,6800100-000,7鄰,桃鶯路,,,,,,298之4號,121.321128921613,24.978996789075
桃園市桃園區大樹里7鄰桃鶯路298之4號七樓,68,6800100,6800100-000,7鄰,桃鶯路,,,,,,298之4號七樓,121.321128921613,24.978996789075
桃園市桃園區大樹里7鄰桃鶯路298之4號五樓,68,6800100,6800100-000,7鄰,桃鶯路,,,,,,298之4號五樓,121.321128921613,24.978996789075
桃園市桃園區大樹里7鄰桃鶯路298之4號八樓,68,6800100,6800100-000,7鄰,桃鶯路,,,,,,298之4號八樓,121.321128921613,24.978996789075
桃園市桃園區大樹里7鄰桃鶯路298之4號六樓,68,6800100,6800100-000,7鄰,桃鶯路,,,,,,298之4號六樓,121.321128921613,24.978996789075
桃園市桃園區大樹里7鄰桃鶯路298之4號四樓,68,6800100,6800100-000,7鄰,桃鶯路,,,,,,298之4號四樓,121.321128921613,24.978996789075
桃園市桃園區大樹里7鄰桃鶯路298之5號三樓,68,6800100,6800100-000,7鄰,桃鶯路,,,,,,298之5號三樓,121.320995681297,24.9789903052212
桃園市桃園區大樹里7鄰桃鶯路298之5號二樓,68,6800100,6800100-000,7鄰,桃鶯路,,,,,,298之5號二樓,121.320995681297,24.9789903052212
桃園市桃園區大樹里7鄰桃鶯路298之5號五樓,68,6800100,6800100-000,7鄰,桃鶯路,,,,,,298之5號五樓,121.320995681297,24.9789903052212
桃園市桃園區大樹里7鄰桃鶯路298之5號八樓,68,6800100,6800100-000,7鄰,桃鶯路,,,,,,298之5號八樓,121.320995681297,24.9789903052212
桃園市桃園區大樹里7鄰桃鶯路298之5號六樓,68,6800100,6800100-000,7鄰,桃鶯路,,,,,,298之5號六樓,121.320995681297,24.9789903052212
桃園市桃園區大樹里7鄰桃鶯路298之5號四樓,68,6800100,6800100-000,7鄰,桃鶯路,,,,,,298之5號四樓,121.320995681297,24.9789903052212
桃園市桃園區大樹里7鄰桃鶯路298號七樓,68,6800100,6800100-000,7鄰,桃鶯路,,,,,,298號七樓,121.320983897168,24.9791440828593
桃園市桃園區大樹里7鄰桃鶯路298號二樓,68,6800100,6800100-000,7鄰,桃鶯路,,,,,,298號二樓,121.320983897168,24.9791440828593
桃園市桃園區大樹里7鄰桃鶯路298號五樓,68,6800100,6800100-000,7鄰,桃鶯路,,,,,,298號五樓,121.320983897168,24.9791440828593
桃園市桃園區大樹里7鄰桃鶯路298號八樓,68,6800100,6800100-000,7鄰,桃鶯路,,,,,,298號八樓,121.320983897168,24.9791440828593
桃園市桃園區大樹里7鄰桃鶯路298號六樓,68,6800100,6800100-000,7鄰,桃鶯路,,,,,,298號六樓,121.320983897168,24.9791440828593
桃園市桃園區大樹里7鄰桃鶯路298號四樓,68,6800100,6800100-000,7鄰,桃鶯路,,,,,,298號四樓,121.320983897168,24.9791440828593
桃園市桃園區大樹里7鄰桃鶯路298之1號七樓,68,6800100,6800100-000,7鄰,桃鶯路,,,,,,298之1號七樓,121.321028771639,24.9791076019725
桃園市桃園區大樹里7鄰桃鶯路298之1號五樓,68,6800100,6800100-000,7鄰,桃鶯路,,,,,,298之1號五樓,121.321028771639,24.9791076019725
桃園市桃園區大樹里7鄰桃鶯路298之1號八樓,68,6800100,6800100-000,7鄰,桃鶯路,,,,,,298之1號八樓,121.321028771639,24.9791076019725
桃園市桃園區大樹里7鄰桃鶯路298之1號六樓,68,6800100,6800100-000,7鄰,桃鶯路,,,,,,298之1號六樓,121.321028771639,24.9791076019725
桃園市桃園區大樹里7鄰桃鶯路298之1號四樓,68,6800100,6800100-000,7鄰,桃鶯路,,,,,,298之1號四樓,121.321028771639,24.9791076019725
桃園市桃園區大樹里7鄰桃鶯路298之2號七樓,68,6800100,6800100-000,7鄰,桃鶯路,,,,,,298之2號七樓,121.321061860488,24.9790716881918
桃園市桃園區大樹里7鄰桃鶯路298之2號八樓,68,6800100,6800100-000,7鄰,桃鶯路,,,,,,298之2號八樓,121.321061860488,24.9790716881918
桃園市桃園區大樹里7鄰桃鶯路298之2號六樓,68,6800100,6800100-000,7鄰,桃鶯路,,,,,,298之2號六樓,121.321061860488,24.9790716881918
桃園市桃園區大樹里7鄰桃鶯路298之2號四樓,68,6800100,6800100-000,7鄰,桃鶯路,,,,,,298之2號四樓,121.321061860488,24.9790716881918
桃園市桃園區大樹里7鄰桃鶯路298之3號七樓,68,6800100,6800100-000,7鄰,桃鶯路,,,,,,298之3號七樓,121.321096620517,24.9790308955081
桃園市桃園區大樹里7鄰桃鶯路298之3號五樓,68,6800100,6800100-000,7鄰,桃鶯路,,,,,,298之3號五樓,121.321096620517,24.9790308955081
桃園市桃園區大樹里7鄰桃鶯路298之3號八樓,68,6800100,6800100-000,7鄰,桃鶯路,,,,,,298之3號八樓,121.321096620517,24.9790308955081
桃園市桃園區大樹里7鄰桃鶯路298之3號四樓,68,6800100,6800100-000,7鄰,桃鶯路,,,,,,298之3號四樓,121.321096620517,24.9790308955081
桃園市桃園區大樹里7鄰桃鶯路298之2號五樓,68,6800100,6800100-000,7鄰,桃鶯路,,,,,,298之2號五樓,121.321061860488,24.9790716881918
桃園市桃園區大樹里7鄰桃鶯路298之3號六樓,68,6800100,6800100-000,7鄰,桃鶯路,,,,,,298之3號六樓,121.321096620517,24.9790308955081
桃園市桃園區大樹里7鄰桃鶯路298之5號七樓,68,6800100,6800100-000,7鄰,桃鶯路,,,,,,298之5號七樓,121.320995681297,24.9789903052212
桃園市桃園區大樹里7鄰桃鶯路298號三樓,68,6800100,6800100-000,7鄰,桃鶯路,,,,,,298號三樓,121.320983897168,24.9791440828593
桃園市桃園區大樹里17鄰桃鶯路299號,68,6800100,6800100-000,17鄰,桃鶯路,,,,,,299號,121.319159661017,24.9827465112239
桃園市桃園區大樹里17鄰桃鶯路301號,68,6800100,6800100-000,17鄰,桃鶯路,,,,,,301號,121.319172732577,24.9827067586167
桃園市桃園區大樹里17鄰桃鶯路303號,68,6800100,6800100-000,17鄰,桃鶯路,,,,,,303號,121.319178753863,24.9826602498926
桃園市桃園區大樹里17鄰桃鶯路305號,68,6800100,6800100-000,17鄰,桃鶯路,,,,,,305號,121.319195191355,24.9826197677999
桃園市桃園區大樹里17鄰桃鶯路307號,68,6800100,6800100-000,17鄰,桃鶯路,,,,,,307號,121.319213221147,24.9825821713504
桃園市桃園區大樹里17鄰桃鶯路309號,68,6800100,6800100-000,17鄰,桃鶯路,,,,,,309號,121.319231240438,24.9825405121803
桃園市桃園區大樹里17鄰桃鶯路311號,68,6800100,6800100-000,17鄰,桃鶯路,,,,,,311號,121.319245984203,24.9824962418227
桃園市桃園區大樹里17鄰桃鶯路313號,68,6800100,6800100-000,17鄰,桃鶯路,,,,,,313號,121.319259840908,24.9824536887458
桃園市桃園區大樹里17鄰桃鶯路315號,68,6800100,6800100-000,17鄰,桃鶯路,,,,,,315號,121.319272116018,24.9824124030239
桃園市桃園區大樹里6鄰桃鶯路316號,68,6800100,6800100-000,6鄰,桃鶯路,,,,,,316號,121.321271233915,24.9789113449699
桃園市桃園區大樹里17鄰桃鶯路317號,68,6800100,6800100-000,17鄰,桃鶯路,,,,,,317號,121.31928924099,24.9823696623669
桃園市桃園區大樹里6鄰桃鶯路318號,68,6800100,6800100-000,6鄰,桃鶯路,,,,,,318號,121.321304422395,24.9788757017698
桃園市桃園區大樹里17鄰桃鶯路319號,68,6800100,6800100-000,17鄰,桃鶯路,,,,,,319號,121.319301615834,24.9823286472777
桃園市桃園區大樹里6鄰桃鶯路320之1號,68,6800100,6800100-000,6鄰,桃鶯路,,,,,,320之1號,121.321385229426,24.9787923765322
桃園市桃園區大樹里6鄰桃鶯路320號,68,6800100,6800100-000,6鄰,桃鶯路,,,,,,320號,121.321340500439,24.9788466429955
桃園市桃園區大樹里17鄰桃鶯路321號,68,6800100,6800100-000,17鄰,桃鶯路,,,,,,321號,121.319317952091,24.9822873528393
桃園市桃園區大樹里6鄰桃鶯路322之2號,68,6800100,6800100-000,6鄰,桃鶯路,,,,,,322之2號,121.321611040427,24.978516254325
桃園市桃園區大樹里6鄰桃鶯路322號,68,6800100,6800100-000,6鄰,桃鶯路,,,,,,322號,121.321522582232,24.9786282159755
桃園市桃園區大樹里17鄰桃鶯路323號,68,6800100,6800100-000,17鄰,桃鶯路,,,,,,323號,121.319331818075,24.9822484110602
桃園市桃園區大樹里17鄰桃鶯路325號,68,6800100,6800100-000,17鄰,桃鶯路,,,,,,325號,121.319348156177,24.9822078388793
桃園市桃園區大樹里17鄰桃鶯路327之1號,68,6800100,6800100-000,17鄰,桃鶯路,,,,,,327之1號,121.31937735244,24.9821216461232
桃園市桃園區大樹里17鄰桃鶯路327號,68,6800100,6800100-000,17鄰,桃鶯路,,,,,,327號,121.319358731945,24.9821605981085
桃園市桃園區大樹里17鄰桃鶯路329號,68,6800100,6800100-000,17鄰,桃鶯路,,,,,,329號,121.319394674044,24.9820783633323
桃園市桃園區大樹里17鄰桃鶯路331號,68,6800100,6800100-000,17鄰,桃鶯路,,,,,,331號,121.319410620789,24.9820396879296
桃園市桃園區大樹里17鄰桃鶯路333號,68,6800100,6800100-000,17鄰,桃鶯路,,,,,,333號,121.319421305134,24.9819961485292
桃園市桃園區大樹里17鄰桃鶯路335號,68,6800100,6800100-000,17鄰,桃鶯路,,,,,,335號,121.319441303928,24.9819539433846
桃園市桃園區大樹里17鄰桃鶯路337號,68,6800100,6800100-000,17鄰,桃鶯路,,,,,,337號,121.319453285269,24.9819140125234
桃園市桃園區大樹里17鄰桃鶯路339號,68,6800100,6800100-000,17鄰,桃鶯路,,,,,,339號,121.319447817004,24.981867799293
桃園市桃園區大樹里17鄰桃鶯路341之2號,68,6800100,6800100-000,17鄰,桃鶯路,,,,,,341之2號,121.319457017631,24.9818250756218
桃園市桃園區大樹里17鄰桃鶯路341之1號,68,6800100,6800100-000,17鄰,桃鶯路,,,,,,341之1號,121.319457017631,24.9818250756218
桃園市桃園區大樹里17鄰桃鶯路341之3號,68,6800100,6800100-000,17鄰,桃鶯路,,,,,,341之3號,121.319457017631,24.9818250756218
桃園市桃園區大樹里17鄰桃鶯路341號,68,6800100,6800100-000,17鄰,桃鶯路,,,,,,341號,121.319452599213,24.981840162389
桃園市桃園區大樹里17鄰桃鶯路343號,68,6800100,6800100-000,17鄰,桃鶯路,,,,,,343號,121.319595401035,24.9814058647779
桃園市桃園區大樹里17鄰桃鶯路343號三樓,68,6800100,6800100-000,17鄰,桃鶯路,,,,,,343號三樓,121.319595401035,24.9814058647779
桃園市桃園區大樹里17鄰桃鶯路343號五樓,68,6800100,6800100-000,17鄰,桃鶯路,,,,,,343號五樓,121.319595401035,24.9814058647779
桃園市桃園區大樹里17鄰桃鶯路343號六樓,68,6800100,6800100-000,17鄰,桃鶯路,,,,,,343號六樓,121.319595401035,24.9814058647779
桃園市桃園區大樹里17鄰桃鶯路343號四樓,68,6800100,6800100-000,17鄰,桃鶯路,,,,,,343號四樓,121.319595401035,24.9814058647779
桃園市桃園區大樹里17鄰桃鶯路345號,68,6800100,6800100-000,17鄰,桃鶯路,,,,,,345號,121.319595401035,24.9814058647779
桃園市桃園區大樹里17鄰桃鶯路347號,68,6800100,6800100-000,17鄰,桃鶯路,,,,,,347號,121.319657018355,24.9812167698422
桃園市桃園區大樹里17鄰桃鶯路347號六樓,68,6800100,6800100-000,17鄰,桃鶯路,,,,,,347號六樓,121.319657018355,24.9812167698422
桃園市桃園區大樹里17鄰桃鶯路347號十樓,68,6800100,6800100-000,17鄰,桃鶯路,,,,,,347號十樓,121.319657018355,24.9812167698422
桃園市桃園區大樹里17鄰桃鶯路347號四樓,68,6800100,6800100-000,17鄰,桃鶯路,,,,,,347號四樓,121.319657018355,24.9812167698422
桃園市桃園區大樹里17鄰桃鶯路347號七樓,68,6800100,6800100-000,17鄰,桃鶯路,,,,,,347號七樓,121.319657018355,24.9812167698422
桃園市桃園區大樹里17鄰桃鶯路347號三樓,68,6800100,6800100-000,17鄰,桃鶯路,,,,,,347號三樓,121.319657018355,24.9812167698422
桃園市桃園區大樹里17鄰桃鶯路347號九樓,68,6800100,6800100-000,17鄰,桃鶯路,,,,,,347號九樓,121.319657018355,24.9812167698422
桃園市桃園區大樹里17鄰桃鶯路347號二樓,68,6800100,6800100-000,17鄰,桃鶯路,,,,,,347號二樓,121.319657018355,24.9812167698422
桃園市桃園區大樹里17鄰桃鶯路347號五樓,68,6800100,6800100-000,17鄰,桃鶯路,,,,,,347號五樓,121.319657018355,24.9812167698422
桃園市桃園區大樹里17鄰桃鶯路347號八樓,68,6800100,6800100-000,17鄰,桃鶯路,,,,,,347號八樓,121.319657018355,24.9812167698422
桃園市桃園區大樹里17鄰桃鶯路347號十三樓,68,6800100,6800100-000,17鄰,桃鶯路,,,,,,347號十三樓,121.319657018355,24.9812167698422
桃園市桃園區大樹里17鄰桃鶯路347號十二樓,68,6800100,6800100-000,17鄰,桃鶯路,,,,,,347號十二樓,121.319657018355,24.9812167698422
桃園市桃園區大樹里17鄰桃鶯路347號十四樓,68,6800100,6800100-000,17鄰,桃鶯路,,,,,,347號十四樓,121.319657018355,24.9812167698422
桃園市桃園區大樹里17鄰桃鶯路347號十一樓,68,6800100,6800100-000,17鄰,桃鶯路,,,,,,347號十一樓,121.319657018355,24.9812167698422
桃園市桃園區大樹里17鄰桃鶯路349號,68,6800100,6800100-000,17鄰,桃鶯路,,,,,,349號,121.319677198478,24.9811681541705
桃園市桃園區大樹里17鄰桃鶯路349號七樓,68,6800100,6800100-000,17鄰,桃鶯路,,,,,,349號七樓,121.31973489576,24.9812252697557
桃園市桃園區大樹里17鄰桃鶯路349號三樓,68,6800100,6800100-000,17鄰,桃鶯路,,,,,,349號三樓,121.31973489576,24.9812252697557
桃園市桃園區大樹里17鄰桃鶯路349號九樓,68,6800100,6800100-000,17鄰,桃鶯路,,,,,,349號九樓,121.31973489576,24.9812252697557
桃園市桃園區大樹里17鄰桃鶯路349號二樓,68,6800100,6800100-000,17鄰,桃鶯路,,,,,,349號二樓,121.31973489576,24.9812252697557
桃園市桃園區大樹里17鄰桃鶯路349號五樓,68,6800100,6800100-000,17鄰,桃鶯路,,,,,,349號五樓,121.31973489576,24.9812252697557
桃園市桃園區大樹里17鄰桃鶯路349號六樓,68,6800100,6800100-000,17鄰,桃鶯路,,,,,,349號六樓,121.31973489576,24.9812252697557
桃園市桃園區大樹里17鄰桃鶯路349號十一樓,68,6800100,6800100-000,17鄰,桃鶯路,,,,,,349號十一樓,121.31973489576,24.9812252697557
桃園市桃園區大樹里17鄰桃鶯路349號十三樓,68,6800100,6800100-000,17鄰,桃鶯路,,,,,,349號十三樓,121.31973489576,24.9812252697557
桃園市桃園區大樹里17鄰桃鶯路349號十二樓,68,6800100,6800100-000,17鄰,桃鶯路,,,,,,349號十二樓,121.31973489576,24.9812252697557
桃園市桃園區大樹里17鄰桃鶯路349號十四樓,68,6800100,6800100-000,17鄰,桃鶯路,,,,,,349號十四樓,121.31973489576,24.9812252697557
桃園市桃園區大樹里17鄰桃鶯路349號十樓,68,6800100,6800100-000,17鄰,桃鶯路,,,,,,349號十樓,121.31973489576,24.9812252697557
桃園市桃園區大樹里17鄰桃鶯路349號四樓,68,6800100,6800100-000,17鄰,桃鶯路,,,,,,349號四樓,121.31973489576,24.9812252697557
桃園市桃園區大樹里17鄰桃鶯路349號八樓,68,6800100,6800100-000,17鄰,桃鶯路,,,,,,349號八樓,121.31973489576,24.9812252697557
桃園市桃園區大樹里17鄰桃鶯路351號,68,6800100,6800100-000,17鄰,桃鶯路,,,,,,351號,121.319689284557,24.9811304801409
桃園市桃園區大樹里17鄰桃鶯路351號六樓,68,6800100,6800100-000,17鄰,桃鶯路,,,,,,351號六樓,121.319765688735,24.9811438584929
桃園市桃園區大樹里17鄰桃鶯路351號七樓,68,6800100,6800100-000,17鄰,桃鶯路,,,,,,351號七樓,121.319765688735,24.9811438584929
桃園市桃園區大樹里17鄰桃鶯路351號三樓,68,6800100,6800100-000,17鄰,桃鶯路,,,,,,351號三樓,121.319765688735,24.9811438584929
桃園市桃園區大樹里17鄰桃鶯路351號九樓,68,6800100,6800100-000,17鄰,桃鶯路,,,,,,351號九樓,121.319765688735,24.9811438584929
桃園市桃園區大樹里17鄰桃鶯路351號五樓,68,6800100,6800100-000,17鄰,桃鶯路,,,,,,351號五樓,121.319765688735,24.9811438584929
桃園市桃園區大樹里17鄰桃鶯路351號八樓,68,6800100,6800100-000,17鄰,桃鶯路,,,,,,351號八樓,121.319765688735,24.9811438584929
桃園市桃園區大樹里17鄰桃鶯路351號十一樓,68,6800100,6800100-000,17鄰,桃鶯路,,,,,,351號十一樓,121.319765688735,24.9811438584929
桃園市桃園區大樹里17鄰桃鶯路351號十二樓,68,6800100,6800100-000,17鄰,桃鶯路,,,,,,351號十二樓,121.319765688735,24.9811438584929
桃園市桃園區大樹里17鄰桃鶯路351號十四樓,68,6800100,6800100-000,17鄰,桃鶯路,,,,,,351號十四樓,121.319765688735,24.9811438584929
桃園市桃園區大樹里17鄰桃鶯路351號十樓,68,6800100,6800100-000,17鄰,桃鶯路,,,,,,351號十樓,121.319765688735,24.9811438584929
桃園市桃園區大樹里17鄰桃鶯路351號四樓,68,6800100,6800100-000,17鄰,桃鶯路,,,,,,351號四樓,121.319765688735,24.9811438584929
桃園市桃園區大樹里17鄰桃鶯路351號十三樓,68,6800100,6800100-000,17鄰,桃鶯路,,,,,,351號十三樓,121.319765688735,24.9811438584929
桃園市桃園區大樹里17鄰桃鶯路353號,68,6800100,6800100-000,17鄰,桃鶯路,,,,,,353號,121.319705339014,24.9810952352316
桃園市桃園區大樹里17鄰桃鶯路353號九樓,68,6800100,6800100-000,17鄰,桃鶯路,,,,,,353號九樓,121.319705339014,24.9810952352316
桃園市桃園區大樹里17鄰桃鶯路353號二樓,68,6800100,6800100-000,17鄰,桃鶯路,,,,,,353號二樓,121.319705339014,24.9810952352316
桃園市桃園區大樹里17鄰桃鶯路353號五樓,68,6800100,6800100-000,17鄰,桃鶯路,,,,,,353號五樓,121.319705339014,24.9810952352316
桃園市桃園區大樹里17鄰桃鶯路353號八樓,68,6800100,6800100-000,17鄰,桃鶯路,,,,,,353號八樓,121.319705339014,24.9810952352316
桃園市桃園區大樹里17鄰桃鶯路353號六樓,68,6800100,6800100-000,17鄰,桃鶯路,,,,,,353號六樓,121.319705339014,24.9810952352316
桃園市桃園區大樹里17鄰桃鶯路353號十一樓,68,6800100,6800100-000,17鄰,桃鶯路,,,,,,353號十一樓,121.319705339014,24.9810952352316
桃園市桃園區大樹里17鄰桃鶯路353號十三樓,68,6800100,6800100-000,17鄰,桃鶯路,,,,,,353號十三樓,121.319705339014,24.9810952352316
桃園市桃園區大樹里17鄰桃鶯路353號十二樓,68,6800100,6800100-000,17鄰,桃鶯路,,,,,,353號十二樓,121.319705339014,24.9810952352316
桃園市桃園區大樹里17鄰桃鶯路353號十樓,68,6800100,6800100-000,17鄰,桃鶯路,,,,,,353號十樓,121.319705339014,24.9810952352316
桃園市桃園區大樹里17鄰桃鶯路353號四樓,68,6800100,6800100-000,17鄰,桃鶯路,,,,,,353號四樓,121.319705339014,24.9810952352316
桃園市桃園區大樹里17鄰桃鶯路353號七樓,68,6800100,6800100-000,17鄰,桃鶯路,,,,,,353號七樓,121.319705339014,24.9810952352316
桃園市桃園區大樹里17鄰桃鶯路353號三樓,68,6800100,6800100-000,17鄰,桃鶯路,,,,,,353號三樓,121.319705339014,24.9810952352316
桃園市桃園區大樹里17鄰桃鶯路353號十四樓,68,6800100,6800100-000,17鄰,桃鶯路,,,,,,353號十四樓,121.319705339014,24.9810952352316
桃園市桃園區大樹里17鄰桃鶯路355號,68,6800100,6800100-000,17鄰,桃鶯路,,,,,,355號,121.319745607749,24.9810392634657
桃園市桃園區大樹里17鄰桃鶯路355號十樓,68,6800100,6800100-000,17鄰,桃鶯路,,,,,,355號十樓,121.319745607749,24.9810392634657
桃園市桃園區大樹里17鄰桃鶯路355之1號十一樓,68,6800100,6800100-000,17鄰,桃鶯路,,,,,,355之1號十一樓,121.319812679038,24.9810441752266
桃園市桃園區大樹里17鄰桃鶯路355號三樓,68,6800100,6800100-000,17鄰,桃鶯路,,,,,,355號三樓,121.319745607749,24.9810392634657
桃園市桃園區大樹里17鄰桃鶯路355之1號七樓,68,6800100,6800100-000,17鄰,桃鶯路,,,,,,355之1號七樓,121.319812679038,24.9810441752266
桃園市桃園區大樹里17鄰桃鶯路355之1號三樓,68,6800100,6800100-000,17鄰,桃鶯路,,,,,,355之1號三樓,121.319812679038,24.9810441752266
桃園市桃園區大樹里17鄰桃鶯路355之1號九樓,68,6800100,6800100-000,17鄰,桃鶯路,,,,,,355之1號九樓,121.319812679038,24.9810441752266
桃園市桃園區大樹里17鄰桃鶯路355之1號五樓,68,6800100,6800100-000,17鄰,桃鶯路,,,,,,355之1號五樓,121.319812679038,24.9810441752266
桃園市桃園區大樹里17鄰桃鶯路355之1號八樓,68,6800100,6800100-000,17鄰,桃鶯路,,,,,,355之1號八樓,121.319812679038,24.9810441752266
桃園市桃園區大樹里17鄰桃鶯路355之1號六樓,68,6800100,6800100-000,17鄰,桃鶯路,,,,,,355之1號六樓,121.319812679038,24.9810441752266
桃園市桃園區大樹里17鄰桃鶯路355之1號十三樓,68,6800100,6800100-000,17鄰,桃鶯路,,,,,,355之1號十三樓,121.319812679038,24.9810441752266
桃園市桃園區大樹里17鄰桃鶯路355之1號十二樓,68,6800100,6800100-000,17鄰,桃鶯路,,,,,,355之1號十二樓,121.319812679038,24.9810441752266
桃園市桃園區大樹里17鄰桃鶯路355之1號十樓,68,6800100,6800100-000,17鄰,桃鶯路,,,,,,355之1號十樓,121.319812679038,24.9810441752266
桃園市桃園區大樹里17鄰桃鶯路355之1號四樓,68,6800100,6800100-000,17鄰,桃鶯路,,,,,,355之1號四樓,121.319812679038,24.9810441752266
桃園市桃園區大樹里17鄰桃鶯路355號七樓,68,6800100,6800100-000,17鄰,桃鶯路,,,,,,355號七樓,121.319745607749,24.9810392634657
桃園市桃園區大樹里17鄰桃鶯路355號九樓,68,6800100,6800100-000,17鄰,桃鶯路,,,,,,355號九樓,121.319745607749,24.9810392634657
桃園市桃園區大樹里17鄰桃鶯路355號二樓,68,6800100,6800100-000,17鄰,桃鶯路,,,,,,355號二樓,121.319745607749,24.9810392634657
桃園市桃園區大樹里17鄰桃鶯路355號五樓,68,6800100,6800100-000,17鄰,桃鶯路,,,,,,355號五樓,121.319745607749,24.9810392634657
桃園市桃園區大樹里17鄰桃鶯路355號八樓,68,6800100,6800100-000,17鄰,桃鶯路,,,,,,355號八樓,121.319745607749,24.9810392634657
桃園市桃園區大樹里17鄰桃鶯路355號六樓,68,6800100,6800100-000,17鄰,桃鶯路,,,,,,355號六樓,121.319745607749,24.9810392634657
桃園市桃園區大樹里17鄰桃鶯路355號十一樓,68,6800100,6800100-000,17鄰,桃鶯路,,,,,,355號十一樓,121.319745607749,24.9810392634657
桃園市桃園區大樹里17鄰桃鶯路355號十三樓,68,6800100,6800100-000,17鄰,桃鶯路,,,,,,355號十三樓,121.319745607749,24.9810392634657
桃園市桃園區大樹里17鄰桃鶯路355號十二樓,68,6800100,6800100-000,17鄰,桃鶯路,,,,,,355號十二樓,121.319745607749,24.9810392634657
桃園市桃園區大樹里17鄰桃鶯路355號十四樓,68,6800100,6800100-000,17鄰,桃鶯路,,,,,,355號十四樓,121.319745607749,24.9810392634657
桃園市桃園區大樹里17鄰桃鶯路355號四樓,68,6800100,6800100-000,17鄰,桃鶯路,,,,,,355號四樓,121.319745607749,24.9810392634657
桃園市桃園區大樹里17鄰桃鶯路355之1號十四樓,68,6800100,6800100-000,17鄰,桃鶯路,,,,,,355之1號十四樓,121.319812679038,24.9810441752266
桃園市桃園區大樹里17鄰桃鶯路357之1號,68,6800100,6800100-000,17鄰,桃鶯路,,,,,,357之1號,121.319725501901,24.9810016585828
桃園市桃園區大樹里17鄰桃鶯路357號,68,6800100,6800100-000,17鄰,桃鶯路,,,,,,357號,121.319760354892,24.9809964375742
桃園市桃園區大樹里17鄰桃鶯路357號十四樓,68,6800100,6800100-000,17鄰,桃鶯路,,,,,,357號十四樓,121.319780427249,24.9809444816426
桃園市桃園區大樹里17鄰桃鶯路357號十樓,68,6800100,6800100-000,17鄰,桃鶯路,,,,,,357號十樓,121.319780427249,24.9809444816426
桃園市桃園區大樹里17鄰桃鶯路357號四樓,68,6800100,6800100-000,17鄰,桃鶯路,,,,,,357號四樓,121.319780427249,24.9809444816426
桃園市桃園區大樹里17鄰桃鶯路357之1號三樓,68,6800100,6800100-000,17鄰,桃鶯路,,,,,,357之1號三樓,121.319835445441,24.9809615172298
桃園市桃園區大樹里17鄰桃鶯路357之1號九樓,68,6800100,6800100-000,17鄰,桃鶯路,,,,,,357之1號九樓,121.319835445441,24.9809615172298
桃園市桃園區大樹里17鄰桃鶯路357之1號二樓,68,6800100,6800100-000,17鄰,桃鶯路,,,,,,357之1號二樓,121.319835445441,24.9809615172298
桃園市桃園區大樹里17鄰桃鶯路357之1號五樓,68,6800100,6800100-000,17鄰,桃鶯路,,,,,,357之1號五樓,121.319835445441,24.9809615172298
桃園市桃園區大樹里17鄰桃鶯路357之1號八樓,68,6800100,6800100-000,17鄰,桃鶯路,,,,,,357之1號八樓,121.319835445441,24.9809615172298
桃園市桃園區大樹里17鄰桃鶯路357之1號六樓,68,6800100,6800100-000,17鄰,桃鶯路,,,,,,357之1號六樓,121.319835445441,24.9809615172298
桃園市桃園區大樹里17鄰桃鶯路357之1號十一樓,68,6800100,6800100-000,17鄰,桃鶯路,,,,,,357之1號十一樓,121.319835445441,24.9809615172298
桃園市桃園區大樹里17鄰桃鶯路357之1號十三樓,68,6800100,6800100-000,17鄰,桃鶯路,,,,,,357之1號十三樓,121.319835445441,24.9809615172298
桃園市桃園區大樹里17鄰桃鶯路357之1號十四樓,68,6800100,6800100-000,17鄰,桃鶯路,,,,,,357之1號十四樓,121.319835445441,24.9809615172298
桃園市桃園區大樹里17鄰桃鶯路357之1號十樓,68,6800100,6800100-000,17鄰,桃鶯路,,,,,,357之1號十樓,121.319835445441,24.9809615172298
桃園市桃園區大樹里17鄰桃鶯路357之1號七樓,68,6800100,6800100-000,17鄰,桃鶯路,,,,,,357之1號七樓,121.319835445441,24.9809615172298
桃園市桃園區大樹里17鄰桃鶯路357之1號四樓,68,6800100,6800100-000,17鄰,桃鶯路,,,,,,357之1號四樓,121.319835445441,24.9809615172298
桃園市桃園區大樹里17鄰桃鶯路357之1號十二樓,68,6800100,6800100-000,17鄰,桃鶯路,,,,,,357之1號十二樓,121.319835445441,24.9809615172298
桃園市桃園區大樹里17鄰桃鶯路357號二樓,68,6800100,6800100-000,17鄰,桃鶯路,,,,,,357號二樓,121.319780427249,24.9809444816426
桃園市桃園區大樹里17鄰桃鶯路357號七樓,68,6800100,6800100-000,17鄰,桃鶯路,,,,,,357號七樓,121.319780427249,24.9809444816426
桃園市桃園區大樹里17鄰桃鶯路357號三樓,68,6800100,6800100-000,17鄰,桃鶯路,,,,,,357號三樓,121.319780427249,24.9809444816426
桃園市桃園區大樹里17鄰桃鶯路357號九樓,68,6800100,6800100-000,17鄰,桃鶯路,,,,,,357號九樓,121.319780427249,24.9809444816426
桃園市桃園區大樹里17鄰桃鶯路357號五樓,68,6800100,6800100-000,17鄰,桃鶯路,,,,,,357號五樓,121.319780427249,24.9809444816426
桃園市桃園區大樹里17鄰桃鶯路357號八樓,68,6800100,6800100-000,17鄰,桃鶯路,,,,,,357號八樓,121.319780427249,24.9809444816426
桃園市桃園區大樹里17鄰桃鶯路357號六樓,68,6800100,6800100-000,17鄰,桃鶯路,,,,,,357號六樓,121.319780427249,24.9809444816426
桃園市桃園區大樹里17鄰桃鶯路357號十一樓,68,6800100,6800100-000,17鄰,桃鶯路,,,,,,357號十一樓,121.319780427249,24.9809444816426
桃園市桃園區大樹里17鄰桃鶯路357號十三樓,68,6800100,6800100-000,17鄰,桃鶯路,,,,,,357號十三樓,121.319780427249,24.9809444816426
桃園市桃園區大樹里17鄰桃鶯路357號十二樓,68,6800100,6800100-000,17鄰,桃鶯路,,,,,,357號十二樓,121.319780427249,24.9809444816426
桃園市桃園區大樹里5鄰桃鶯路359之1號,68,6800100,6800100-000,5鄰,桃鶯路,,,,,,359之1號,121.31980328651,24.980782825695
桃園市桃園區大樹里5鄰桃鶯路359號,68,6800100,6800100-000,5鄰,桃鶯路,,,,,,359號,121.319789046107,24.9808300743772
桃園市桃園區大樹里5鄰桃鶯路361之1號,68,6800100,6800100-000,5鄰,桃鶯路,,,,,,361之1號,121.31982873591,24.9807035024086
桃園市桃園區大樹里5鄰桃鶯路361之2號,68,6800100,6800100-000,5鄰,桃鶯路,,,,,,361之2號,121.319835055418,24.9806575347063
桃園市桃園區大樹里5鄰桃鶯路361之3號,68,6800100,6800100-000,5鄰,桃鶯路,,,,,,361之3號,121.319861405309,24.9806200105774
桃園市桃園區大樹里5鄰桃鶯路361號,68,6800100,6800100-000,5鄰,桃鶯路,,,,,,361號,121.319816650614,24.9807414472987
桃園市桃園區大樹里5鄰桃鶯路361之5號,68,6800100,6800100-000,5鄰,桃鶯路,,,,,,361之5號,121.320007930306,24.9806303490471
桃園市桃園區大樹里5鄰桃鶯路365號,68,6800100,6800100-000,5鄰,桃鶯路,,,,,,365號,121.319924607335,24.9805077430745
桃園市桃園區大樹里5鄰桃鶯路367號,68,6800100,6800100-000,5鄰,桃鶯路,,,,,,367號,121.319954327256,24.980471114517
桃園市桃園區大樹里5鄰桃鶯路369號,68,6800100,6800100-000,5鄰,桃鶯路,,,,,,369號,121.319981782291,24.9804396369621
桃園市桃園區大樹里5鄰桃鶯路371號,68,6800100,6800100-000,5鄰,桃鶯路,,,,,,371號,121.320008057105,24.980411412133
桃園市桃園區大樹里5鄰桃鶯路373號,68,6800100,6800100-000,5鄰,桃鶯路,,,,,,373號,121.320049986714,24.9803849593026
桃園市桃園區大樹里5鄰桃鶯路375號,68,6800100,6800100-000,5鄰,桃鶯路,,,,,,375號,121.320064169511,24.9803537811189
桃園市桃園區大樹里5鄰桃鶯路377號,68,6800100,6800100-000,5鄰,桃鶯路,,,,,,377號,121.320095102276,24.9803265393731
桃園市桃園區大樹里5鄰桃鶯路379號,68,6800100,6800100-000,5鄰,桃鶯路,,,,,,379號,121.320135850466,24.980302887837
桃園市桃園區大樹里5鄰桃鶯路381號,68,6800100,6800100-000,5鄰,桃鶯路,,,,,,381號,121.320150042114,24.9802751403858
桃園市桃園區大樹里5鄰桃鶯路383號,68,6800100,6800100-000,5鄰,桃鶯路,,,,,,383號,121.320198826997,24.9802567079695
桃園市桃園區大樹里5鄰桃鶯路385號,68,6800100,6800100-000,5鄰,桃鶯路,,,,,,385號,121.320224998697,24.9802269485103
桃園市桃園區大樹里5鄰桃鶯路387號,68,6800100,6800100-000,5鄰,桃鶯路,,,,,,387號,121.320270661517,24.9801886604934
桃園市桃園區大樹里5鄰桃鶯路391號,68,6800100,6800100-000,5鄰,桃鶯路,,,,,,391號,121.320286476197,24.9801374359169
桃園市桃園區大樹里5鄰桃鶯路393號,68,6800100,6800100-000,5鄰,桃鶯路,,,,,,393號,121.320316217438,24.9801091132912
桃園市桃園區大樹里5鄰桃鶯路395號,68,6800100,6800100-000,5鄰,桃鶯路,,,,,,395號,121.320353307167,24.9800879974968
桃園市桃園區大樹里5鄰桃鶯路397號,68,6800100,6800100-000,5鄰,桃鶯路,,,,,,397號,121.32039336187,24.9800643473829
桃園市桃園區大樹里5鄰桃鶯路399號,68,6800100,6800100-000,5鄰,桃鶯路,,,,,,399號,121.320415077582,24.9800351391803
桃園市桃園區大樹里5鄰桃鶯路401號,68,6800100,6800100-000,5鄰,桃鶯路,,,,,,401號,121.320442537784,24.9800057380417
桃園市桃園區大樹里5鄰桃鶯路403號,68,6800100,6800100-000,5鄰,桃鶯路,,,,,,403號,121.320478832009,24.9799834502477
桃園市桃園區大樹里5鄰桃鶯路405號,68,6800100,6800100-000,5鄰,桃鶯路,,,,,,405號,121.320515400911,24.9799524946705
桃園市桃園區大樹里5鄰桃鶯路407號,68,6800100,6800100-000,5鄰,桃鶯路,,,,,,407號,121.320554660088,24.9799276725453
桃園市桃園區大樹里5鄰桃鶯路409號,68,6800100,6800100-000,5鄰,桃鶯路,,,,,,409號,121.320584395833,24.9798972733654
桃園市桃園區大樹里5鄰桃鶯路411號,68,6800100,6800100-000,5鄰,桃鶯路,,,,,,411號,121.321236479451,24.9800981920669
桃園市桃園區大樹里5鄰桃鶯路413號,68,6800100,6800100-000,5鄰,桃鶯路,,,,,,413號,121.320655341048,24.9798302207336
桃園市桃園區大樹里5鄰桃鶯路415號,68,6800100,6800100-000,5鄰,桃鶯路,,,,,,415號,121.320685170412,24.9797977448193
桃園市桃園區大樹里5鄰桃鶯路417號,68,6800100,6800100-000,5鄰,桃鶯路,,,,,,417號,121.320722527868,24.9797653429619
桃園市桃園區大樹里5鄰桃鶯路419號,68,6800100,6800100-000,5鄰,桃鶯路,,,,,,419號,121.320760607466,24.9797440443673
桃園市桃園區大樹里5鄰桃鶯路421號,68,6800100,6800100-000,5鄰,桃鶯路,,,,,,421號,121.320793807089,24.9797125542833
桃園市桃園區大樹里5鄰桃鶯路423號,68,6800100,6800100-000,5鄰,桃鶯路,,,,,,423號,121.320828190153,24.9796790754117
桃園市桃園區大樹里5鄰桃鶯路425號,68,6800100,6800100-000,5鄰,桃鶯路,,,,,,425號,121.320860203942,24.9796486712667
桃園市桃園區大樹里5鄰桃鶯路427號,68,6800100,6800100-000,5鄰,桃鶯路,,,,,,427號,121.320883668184,24.9796062778855
桃園市桃園區大樹里5鄰桃鶯路429號,68,6800100,6800100-000,5鄰,桃鶯路,,,,,,429號,121.320916688849,24.9795821913787
桃園市桃園區大樹里5鄰桃鶯路431號,68,6800100,6800100-000,5鄰,桃鶯路,,,,,,431號,121.320948972563,24.9795413137864
桃園市桃園區大樹里5鄰桃鶯路433號,68,6800100,6800100-000,5鄰,桃鶯路,,,,,,433號,121.320980986521,24.9795109998981
桃園市桃園區大樹里5鄰桃鶯路433之1號,68,6800100,6800100-000,5鄰,桃鶯路,,,,,,433之1號,121.321017158251,24.9794797742047
桃園市桃園區大樹里5鄰桃鶯路435號,68,6800100,6800100-000,5鄰,桃鶯路,,,,,,435號,121.321069267754,24.9794449028
桃園市桃園區大樹里5鄰桃鶯路437號,68,6800100,6800100-000,5鄰,桃鶯路,,,,,,437號,121.321830476809,24.9791023497626
桃園市桃園區大樹里5鄰桃鶯路437號三樓,68,6800100,6800100-000,5鄰,桃鶯路,,,,,,437號三樓,121.321830476809,24.9791023497626
桃園市桃園區大樹里5鄰桃鶯路437號二樓,68,6800100,6800100-000,5鄰,桃鶯路,,,,,,437號二樓,121.321830476809,24.9791023497626
桃園市桃園區大樹里5鄰桃鶯路439之1號,68,6800100,6800100-000,5鄰,桃鶯路,,,,,,439之1號,121.322374509736,24.9790055626812
桃園市桃園區大樹里5鄰桃鶯路439之2號,68,6800100,6800100-000,5鄰,桃鶯路,,,,,,439之2號,121.322528446862,24.9790861229269
桃園市桃園區大樹里5鄰桃鶯路439之3號,68,6800100,6800100-000,5鄰,桃鶯路,,,,,,439之3號,121.32216624068,24.9785247140571
桃園市桃園區大樹里5鄰桃鶯路439號,68,6800100,6800100-000,5鄰,桃鶯路,,,,,,439號,121.321983874407,24.9787094668535
桃園市桃園區大樹里5鄰桃鶯路441之1號,68,6800100,6800100-000,5鄰,桃鶯路,,,,,,441之1號,121.322655807273,24.9782055861189
桃園市桃園區大樹里5鄰桃鶯路441號,68,6800100,6800100-000,5鄰,桃鶯路,,,,,,441號,121.322560577169,24.9781891804009
桃園市桃園區大樹里5鄰桃鶯路443之1號,68,6800100,6800100-000,5鄰,桃鶯路,,,,,,443之1號,121.322855254605,24.9776970400181
桃園市桃園區大樹里5鄰桃鶯路445號,68,6800100,6800100-000,5鄰,桃鶯路,,,,,,445號,121.323488572837,24.9771643486554
桃園市桃園區建國里1鄰桃鶯路1巷1號,68,6800100,6800100-042,1鄰,桃鶯路,,1巷,,,,1號,121.318708743046,24.9901528573758
桃園市桃園區建國里1鄰桃鶯路1巷2之4號,68,6800100,6800100-042,1鄰,桃鶯路,,1巷,,,,2之4號,121.318595748749,24.9898197743393
桃園市桃園區建國里1鄰桃鶯路1巷2之6號,68,6800100,6800100-042,1鄰,桃鶯路,,1巷,,,,2之6號,121.318433958937,24.989656076342
桃園市桃園區建國里1鄰桃鶯路1巷2之3號,68,6800100,6800100-042,1鄰,桃鶯路,,1巷,,,,2之3號,121.31859258498,24.9898605890499
桃園市桃園區建國里1鄰桃鶯路1巷2之5號,68,6800100,6800100-042,1鄰,桃鶯路,,1巷,,,,2之5號,121.318609385778,24.9897684643713
桃園市桃園區建國里1鄰桃鶯路1巷2之7號,68,6800100,6800100-042,1鄰,桃鶯路,,1巷,,,,2之7號,121.318682426123,24.989819859588
桃園市桃園區建國里1鄰桃鶯路1巷2之6號四樓之2,68,6800100,6800100-042,1鄰,桃鶯路,,1巷,,,,2之6號四樓之2,121.318433958937,24.989656076342
桃園市桃園區建國里1鄰桃鶯路1巷2之6號一樓之1,68,6800100,6800100-042,1鄰,桃鶯路,,1巷,,,,2之6號一樓之1,121.318546677352,24.9896901426528
桃園市桃園區建國里1鄰桃鶯路1巷2之6號一樓之2,68,6800100,6800100-042,1鄰,桃鶯路,,1巷,,,,2之6號一樓之2,121.318433958937,24.989656076342
桃園市桃園區建國里1鄰桃鶯路1巷2之6號二樓之1,68,6800100,6800100-042,1鄰,桃鶯路,,1巷,,,,2之6號二樓之1,121.318546677352,24.9896901426528
桃園市桃園區建國里1鄰桃鶯路1巷2之6號二樓之2,68,6800100,6800100-042,1鄰,桃鶯路,,1巷,,,,2之6號二樓之2,121.318433958937,24.989656076342
桃園市桃園區建國里1鄰桃鶯路1巷2之6號三樓之1,68,6800100,6800100-042,1鄰,桃鶯路,,1巷,,,,2之6號三樓之1,121.318546677352,24.9896901426528
桃園市桃園區建國里1鄰桃鶯路1巷2之6號三樓之2,68,6800100,6800100-042,1鄰,桃鶯路,,1巷,,,,2之6號三樓之2,121.318433958937,24.989656076342
桃園市桃園區建國里1鄰桃鶯路1巷2之6號四樓之1,68,6800100,6800100-042,1鄰,桃鶯路,,1巷,,,,2之6號四樓之1,121.318546677352,24.9896901426528
桃園市桃園區建國里1鄰桃鶯路1巷3號,68,6800100,6800100-042,1鄰,桃鶯路,,1巷,,,,3號,121.318758378986,24.9901555498331
桃園市桃園區建國里1鄰桃鶯路1巷6之1號,68,6800100,6800100-042,1鄰,桃鶯路,,1巷,,,,6之1號,121.31852957727,24.9899736680246
桃園市桃園區建國里1鄰桃鶯路1巷6號,68,6800100,6800100-042,1鄰,桃鶯路,,1巷,,,,6號,121.318561678324,24.9900143169604
桃園市桃園區建國里1鄰桃鶯路1巷6之2號,68,6800100,6800100-042,1鄰,桃鶯路,,1巷,,,,6之2號,121.31857981188,24.990093366086
桃園市桃園區建國里1鄰桃鶯路1巷8之3號,68,6800100,6800100-042,1鄰,桃鶯路,,1巷,,,,8之3號,121.318427806933,24.9898827902408
桃園市桃園區建國里1鄰桃鶯路1巷8號,68,6800100,6800100-042,1鄰,桃鶯路,,1巷,,,,8號,121.318427806933,24.9898827902408
桃園市桃園區建國里1鄰桃鶯路1巷8之2號,68,6800100,6800100-042,1鄰,桃鶯路,,1巷,,,,8之2號,121.318427806933,24.9898827902408
桃園市桃園區建國里1鄰桃鶯路1巷8之1號,68,6800100,6800100-042,1鄰,桃鶯路,,1巷,,,,8之1號,121.318427806933,24.9898827902408
桃園市桃園區建國里1鄰桃鶯路1巷8號五樓之2,68,6800100,6800100-042,1鄰,桃鶯路,,1巷,,,,8號五樓之2,121.318427806933,24.9898827902408
桃園市桃園區建國里1鄰桃鶯路1巷8號五樓之4,68,6800100,6800100-042,1鄰,桃鶯路,,1巷,,,,8號五樓之4,121.318427806933,24.9898827902408
桃園市桃園區建國里1鄰桃鶯路1巷8號四樓之1,68,6800100,6800100-042,1鄰,桃鶯路,,1巷,,,,8號四樓之1,121.318427806933,24.9898827902408
桃園市桃園區建國里1鄰桃鶯路1巷8號四樓之2,68,6800100,6800100-042,1鄰,桃鶯路,,1巷,,,,8號四樓之2,121.318427806933,24.9898827902408
桃園市桃園區建國里1鄰桃鶯路1巷8號四樓之5,68,6800100,6800100-042,1鄰,桃鶯路,,1巷,,,,8號四樓之5,121.318427806933,24.9898827902408
桃園市桃園區建國里1鄰桃鶯路1巷8號五樓之1,68,6800100,6800100-042,1鄰,桃鶯路,,1巷,,,,8號五樓之1,121.318427806933,24.9898827902408
桃園市桃園區建國里1鄰桃鶯路1巷8號五樓之3,68,6800100,6800100-042,1鄰,桃鶯路,,1巷,,,,8號五樓之3,121.318427806933,24.9898827902408
桃園市桃園區建國里1鄰桃鶯路1巷8號五樓之5,68,6800100,6800100-042,1鄰,桃鶯路,,1巷,,,,8號五樓之5,121.318427806933,24.9898827902408
桃園市桃園區建國里1鄰桃鶯路1巷8號四樓之3,68,6800100,6800100-042,1鄰,桃鶯路,,1巷,,,,8號四樓之3,121.318427806933,24.9898827902408
桃園市桃園區建國里1鄰桃鶯路1巷8號四樓之4,68,6800100,6800100-042,1鄰,桃鶯路,,1巷,,,,8號四樓之4,121.318427806933,24.9898827902408
桃園市桃園區建國里1鄰桃鶯路1巷8號二樓之1,68,6800100,6800100-042,1鄰,桃鶯路,,1巷,,,,8號二樓之1,121.318427806933,24.9898827902408
桃園市桃園區建國里1鄰桃鶯路1巷8號二樓之2,68,6800100,6800100-042,1鄰,桃鶯路,,1巷,,,,8號二樓之2,121.318427806933,24.9898827902408
桃園市桃園區建國里1鄰桃鶯路1巷8號二樓之3,68,6800100,6800100-042,1鄰,桃鶯路,,1巷,,,,8號二樓之3,121.318427806933,24.9898827902408
桃園市桃園區建國里1鄰桃鶯路1巷8號二樓之4,68,6800100,6800100-042,1鄰,桃鶯路,,1巷,,,,8號二樓之4,121.318427806933,24.9898827902408
桃園市桃園區建國里1鄰桃鶯路1巷8號二樓之5,68,6800100,6800100-042,1鄰,桃鶯路,,1巷,,,,8號二樓之5,121.318427806933,24.9898827902408
桃園市桃園區建國里1鄰桃鶯路1巷8號三樓之1,68,6800100,6800100-042,1鄰,桃鶯路,,1巷,,,,8號三樓之1,121.318427806933,24.9898827902408
桃園市桃園區建國里1鄰桃鶯路1巷8號三樓之2,68,6800100,6800100-042,1鄰,桃鶯路,,1巷,,,,8號三樓之2,121.318427806933,24.9898827902408
桃園市桃園區建國里1鄰桃鶯路1巷8號三樓之3,68,6800100,6800100-042,1鄰,桃鶯路,,1巷,,,,8號三樓之3,121.318427806933,24.9898827902408
桃園市桃園區建國里1鄰桃鶯路1巷8號三樓之4,68,6800100,6800100-042,1鄰,桃鶯路,,1巷,,,,8號三樓之4,121.318427806933,24.9898827902408
桃園市桃園區建國里1鄰桃鶯路1巷8號三樓之5,68,6800100,6800100-042,1鄰,桃鶯路,,1巷,,,,8號三樓之5,121.318427806933,24.9898827902408
桃園市桃園區建國里1鄰桃鶯路3號,68,6800100,6800100-042,1鄰,桃鶯路,,,,,,3號,121.318082602301,24.9900438712242
桃園市桃園區建國里1鄰桃鶯路5號,68,6800100,6800100-042,1鄰,桃鶯路,,,,,,5號,121.318089417726,24.9899977220186
桃園市桃園區建國里1鄰桃鶯路7號,68,6800100,6800100-042,1鄰,桃鶯路,,,,,,7號,121.318098114108,24.9899511173764
桃園市桃園區建國里1鄰桃鶯路9號,68,6800100,6800100-042,1鄰,桃鶯路,,,,,,9號,121.318097321485,24.9899125682092
桃園市桃園區建國里1鄰桃鶯路11號,68,6800100,6800100-042,1鄰,桃鶯路,,,,,,11號,121.318097301123,24.9898661627656
桃園市桃園區建國里1鄰桃鶯路11之1號,68,6800100,6800100-042,1鄰,桃鶯路,,,,,,11之1號,121.318097301123,24.9898661627656
桃園市桃園區建國里1鄰桃鶯路12巷1號,68,6800100,6800100-042,1鄰,桃鶯路,,12巷,,,,1號,121.31716399213,24.9897624334613
桃園市桃園區建國里1鄰桃鶯路13號,68,6800100,6800100-042,1鄰,桃鶯路,,,,,,13號,121.318095861174,24.9898070304464
桃園市桃園區建國里1鄰桃鶯路15號,68,6800100,6800100-042,1鄰,桃鶯路,,,,,,15號,121.318095742683,24.9897609863442
桃園市桃園區建國里1鄰桃鶯路17號,68,6800100,6800100-042,1鄰,桃鶯路,,,,,,17號,121.318094339445,24.9897161186676
桃園市桃園區建國里1鄰桃鶯路19號,68,6800100,6800100-042,1鄰,桃鶯路,,,,,,19號,121.318106122666,24.9896757369554
桃園市桃園區建國里1鄰桃鶯路21號,68,6800100,6800100-042,1鄰,桃鶯路,,,,,,21號,121.318057450205,24.9896239282392
桃園市桃園區建國里1鄰桃鶯路23號,68,6800100,6800100-042,1鄰,桃鶯路,,,,,,23號,121.318051696756,24.9895823200491
桃園市桃園區建國里1鄰桃鶯路25號,68,6800100,6800100-042,1鄰,桃鶯路,,,,,,25號,121.318089713612,24.9895352916027
桃園市桃園區建國里15鄰桃鶯路26巷6號,68,6800100,6800100-042,15鄰,桃鶯路,,26巷,,,,6號,121.317395830654,24.9892375751513
桃園市桃園區建國里1鄰桃鶯路27號,68,6800100,6800100-042,1鄰,桃鶯路,,,,,,27號,121.318130433215,24.9894607210372
桃園市桃園區建國里1鄰桃鶯路27之1號五樓,68,6800100,6800100-042,1鄰,桃鶯路,,,,,,27之1號五樓,121.318279238762,24.9895063569144
桃園市桃園區建國里1鄰桃鶯路27號二樓,68,6800100,6800100-042,1鄰,桃鶯路,,,,,,27號二樓,121.318130433215,24.9894607210372
桃園市桃園區建國里1鄰桃鶯路27號五樓,68,6800100,6800100-042,1鄰,桃鶯路,,,,,,27號五樓,121.318130433215,24.9894607210372
桃園市桃園區建國里1鄰桃鶯路27之1號二樓,68,6800100,6800100-042,1鄰,桃鶯路,,,,,,27之1號二樓,121.318279238762,24.9895063569144
桃園市桃園區建國里1鄰桃鶯路27之1號三樓,68,6800100,6800100-042,1鄰,桃鶯路,,,,,,27之1號三樓,121.318279238762,24.9895063569144
桃園市桃園區建國里1鄰桃鶯路27之1號四樓,68,6800100,6800100-042,1鄰,桃鶯路,,,,,,27之1號四樓,121.318279238762,24.9895063569144
桃園市桃園區建國里1鄰桃鶯路27號七樓,68,6800100,6800100-042,1鄰,桃鶯路,,,,,,27號七樓,121.318130433215,24.9894607210372
桃園市桃園區建國里1鄰桃鶯路27號三樓,68,6800100,6800100-042,1鄰,桃鶯路,,,,,,27號三樓,121.318130433215,24.9894607210372
桃園市桃園區建國里1鄰桃鶯路27之1號一樓,68,6800100,6800100-042,1鄰,桃鶯路,,,,,,27之1號一樓,121.318279238762,24.9895063569144
桃園市桃園區建國里1鄰桃鶯路27之1號六樓,68,6800100,6800100-042,1鄰,桃鶯路,,,,,,27之1號六樓,121.318279238762,24.9895063569144
桃園市桃園區建國里1鄰桃鶯路27之1號七樓,68,6800100,6800100-042,1鄰,桃鶯路,,,,,,27之1號七樓,121.318279238762,24.9895063569144
桃園市桃園區建國里1鄰桃鶯路27號四樓,68,6800100,6800100-042,1鄰,桃鶯路,,,,,,27號四樓,121.318130433215,24.9894607210372
桃園市桃園區建國里1鄰桃鶯路27號六樓,68,6800100,6800100-042,1鄰,桃鶯路,,,,,,27號六樓,121.318130433215,24.9894607210372
桃園市桃園區建國里1鄰桃鶯路27號一樓,68,6800100,6800100-042,1鄰,桃鶯路,,,,,,27號一樓,121.318130433215,24.9894607210372
桃園市桃園區建國里2鄰桃鶯路29巷4號,68,6800100,6800100-042,2鄰,桃鶯路,,29巷,,,,4號,121.318716726101,24.9895607640646
桃園市桃園區建國里2鄰桃鶯路29巷6號,68,6800100,6800100-042,2鄰,桃鶯路,,29巷,,,,6號,121.318772504024,24.9895252536346
桃園市桃園區建國里2鄰桃鶯路29巷8號,68,6800100,6800100-042,2鄰,桃鶯路,,29巷,,,,8號,121.31871389374,24.9897685114242
桃園市桃園區建國里2鄰桃鶯路29巷9號,68,6800100,6800100-042,2鄰,桃鶯路,,29巷,,,,9號,121.318743143619,24.9897022713012
桃園市桃園區建國里2鄰桃鶯路29巷11號,68,6800100,6800100-042,2鄰,桃鶯路,,29巷,,,,11號,121.318794006272,24.9897197675403
桃園市桃園區建國里2鄰桃鶯路29巷13號,68,6800100,6800100-042,2鄰,桃鶯路,,29巷,,,,13號,121.318839816931,24.9897372745865
桃園市桃園區建國里2鄰桃鶯路29巷15號,68,6800100,6800100-042,2鄰,桃鶯路,,29巷,,,,15號,121.318879473833,24.989750100087
桃園市桃園區建國里2鄰桃鶯路29巷17號,68,6800100,6800100-042,2鄰,桃鶯路,,29巷,,,,17號,121.318876021611,24.9899094570592
桃園市桃園區建國里1鄰桃鶯路29之1號七樓,68,6800100,6800100-042,1鄰,桃鶯路,,,,,,29之1號七樓,121.318310276988,24.9894420992749
桃園市桃園區建國里1鄰桃鶯路29號七樓,68,6800100,6800100-042,1鄰,桃鶯路,,,,,,29號七樓,121.318209801474,24.9893922070679
桃園市桃園區建國里1鄰桃鶯路29號六樓,68,6800100,6800100-042,1鄰,桃鶯路,,,,,,29號六樓,121.318209801474,24.9893922070679
桃園市桃園區建國里1鄰桃鶯路29號三樓,68,6800100,6800100-042,1鄰,桃鶯路,,,,,,29號三樓,121.318209801474,24.9893922070679
桃園市桃園區建國里1鄰桃鶯路29之1號一樓,68,6800100,6800100-042,1鄰,桃鶯路,,,,,,29之1號一樓,121.318310276988,24.9894420992749
桃園市桃園區建國里1鄰桃鶯路29之1號三樓,68,6800100,6800100-042,1鄰,桃鶯路,,,,,,29之1號三樓,121.318310276988,24.9894420992749
桃園市桃園區建國里1鄰桃鶯路29之1號五樓,68,6800100,6800100-042,1鄰,桃鶯路,,,,,,29之1號五樓,121.318310276988,24.9894420992749
桃園市桃園區建國里1鄰桃鶯路29之1號四樓,68,6800100,6800100-042,1鄰,桃鶯路,,,,,,29之1號四樓,121.318310276988,24.9894420992749
桃園市桃園區建國里1鄰桃鶯路29號一樓,68,6800100,6800100-042,1鄰,桃鶯路,,,,,,29號一樓,121.318209801474,24.9893922070679
桃園市桃園區建國里1鄰桃鶯路29之1號二樓,68,6800100,6800100-042,1鄰,桃鶯路,,,,,,29之1號二樓,121.318310276988,24.9894420992749
桃園市桃園區建國里1鄰桃鶯路29號二樓,68,6800100,6800100-042,1鄰,桃鶯路,,,,,,29號二樓,121.318209801474,24.9893922070679
桃園市桃園區建國里1鄰桃鶯路29號五樓,68,6800100,6800100-042,1鄰,桃鶯路,,,,,,29號五樓,121.318209801474,24.9893922070679
桃園市桃園區建國里1鄰桃鶯路29之1號六樓,68,6800100,6800100-042,1鄰,桃鶯路,,,,,,29之1號六樓,121.318310276988,24.9894420992749
桃園市桃園區建國里1鄰桃鶯路29號四樓,68,6800100,6800100-042,1鄰,桃鶯路,,,,,,29號四樓,121.318209801474,24.9893922070679
桃園市桃園區建國里3鄰桃鶯路33號,68,6800100,6800100-042,3鄰,桃鶯路,,,,,,33號,121.318071601041,24.989117771186
桃園市桃園區建國里3鄰桃鶯路35號,68,6800100,6800100-042,3鄰,桃鶯路,,,,,,35號,121.318072879603,24.9890756965479
桃園市桃園區建國里15鄰桃鶯路36號,68,6800100,6800100-042,15鄰,桃鶯路,,,,,,36號,121.317709789016,24.9887135342718
桃園市桃園區建國里3鄰桃鶯路37號,68,6800100,6800100-042,3鄰,桃鶯路,,,,,,37號,121.318076230028,24.989030367291
桃園市桃園區建國里3鄰桃鶯路39號,68,6800100,6800100-042,3鄰,桃鶯路,,,,,,39號,121.318080277809,24.9889865713552
桃園市桃園區建國里3鄰桃鶯路41號,68,6800100,6800100-042,3鄰,桃鶯路,,,,,,41號,121.31808511271,24.9889406972261
桃園市桃園區建國里3鄰桃鶯路43號,68,6800100,6800100-042,3鄰,桃鶯路,,,,,,43號,121.31813858873,24.9888960733628
桃園市桃園區建國里3鄰桃鶯路45號,68,6800100,6800100-042,3鄰,桃鶯路,,,,,,45號,121.318082122789,24.9888566500875
桃園市桃園區建國里3鄰桃鶯路47號,68,6800100,6800100-042,3鄰,桃鶯路,,,,,,47號,121.318081998268,24.9888082586326
桃園市桃園區建國里10鄰桃鶯路50號,68,6800100,6800100-042,10鄰,桃鶯路,,,,,,50號,121.317762383095,24.9870155584654
桃園市桃園區建國里10鄰桃鶯路50之1號,68,6800100,6800100-042,10鄰,桃鶯路,,,,,,50之1號,121.317699678968,24.9870152409234
桃園市桃園區建國里10鄰桃鶯路50之2號,68,6800100,6800100-042,10鄰,桃鶯路,,,,,,50之2號,121.317609911221,24.9870067653554
桃園市桃園區建國里10鄰桃鶯路50之2號四樓,68,6800100,6800100-042,10鄰,桃鶯路,,,,,,50之2號四樓,121.317609911221,24.9870067653554
桃園市桃園區建國里10鄰桃鶯路50之2號五樓,68,6800100,6800100-042,10鄰,桃鶯路,,,,,,50之2號五樓,121.317609911221,24.9870067653554
桃園市桃園區建國里10鄰桃鶯路50之2號六樓,68,6800100,6800100-042,10鄰,桃鶯路,,,,,,50之2號六樓,121.317609911221,24.9870067653554
桃園市桃園區建國里10鄰桃鶯路50之2號七樓,68,6800100,6800100-042,10鄰,桃鶯路,,,,,,50之2號七樓,121.317609911221,24.9870067653554
桃園市桃園區建國里10鄰桃鶯路50之2號八樓,68,6800100,6800100-042,10鄰,桃鶯路,,,,,,50之2號八樓,121.317609911221,24.9870067653554
桃園市桃園區建國里10鄰桃鶯路50之2號九樓,68,6800100,6800100-042,10鄰,桃鶯路,,,,,,50之2號九樓,121.317609911221,24.9870067653554
桃園市桃園區建國里10鄰桃鶯路50之2號十一樓,68,6800100,6800100-042,10鄰,桃鶯路,,,,,,50之2號十一樓,121.317609911221,24.9870067653554
桃園市桃園區建國里10鄰桃鶯路50之2號十二樓,68,6800100,6800100-042,10鄰,桃鶯路,,,,,,50之2號十二樓,121.317609911221,24.9870067653554
桃園市桃園區建國里10鄰桃鶯路50之2號十三樓,68,6800100,6800100-042,10鄰,桃鶯路,,,,,,50之2號十三樓,121.317609911221,24.9870067653554
桃園市桃園區建國里10鄰桃鶯路50之2號十四樓,68,6800100,6800100-042,10鄰,桃鶯路,,,,,,50之2號十四樓,121.317609911221,24.9870067653554
桃園市桃園區建國里10鄰桃鶯路50之2號十五樓,68,6800100,6800100-042,10鄰,桃鶯路,,,,,,50之2號十五樓,121.317609911221,24.9870067653554
桃園市桃園區建國里10鄰桃鶯路50之2號十六樓,68,6800100,6800100-042,10鄰,桃鶯路,,,,,,50之2號十六樓,121.317609911221,24.9870067653554
桃園市桃園區建國里10鄰桃鶯路50之2號十七樓,68,6800100,6800100-042,10鄰,桃鶯路,,,,,,50之2號十七樓,121.317609911221,24.9870067653554
桃園市桃園區建國里10鄰桃鶯路50之2號十九樓,68,6800100,6800100-042,10鄰,桃鶯路,,,,,,50之2號十九樓,121.317609911221,24.9870067653554
桃園市桃園區建國里10鄰桃鶯路50之2號二十樓,68,6800100,6800100-042,10鄰,桃鶯路,,,,,,50之2號二十樓,121.317609911221,24.9870067653554
桃園市桃園區建國里10鄰桃鶯路50之2號二十一樓,68,6800100,6800100-042,10鄰,桃鶯路,,,,,,50之2號二十一樓,121.317609911221,24.9870067653554
桃園市桃園區建國里10鄰桃鶯路50之3號二樓,68,6800100,6800100-042,10鄰,桃鶯路,,,,,,50之3號二樓,121.317617932989,24.9869289242144
桃園市桃園區建國里10鄰桃鶯路50之3號三樓,68,6800100,6800100-042,10鄰,桃鶯路,,,,,,50之3號三樓,121.317617932989,24.9869289242144
桃園市桃園區建國里10鄰桃鶯路50之3號四樓,68,6800100,6800100-042,10鄰,桃鶯路,,,,,,50之3號四樓,121.317617932989,24.9869289242144
桃園市桃園區建國里10鄰桃鶯路50之3號六樓,68,6800100,6800100-042,10鄰,桃鶯路,,,,,,50之3號六樓,121.317617932989,24.9869289242144
桃園市桃園區建國里10鄰桃鶯路50之3號七樓,68,6800100,6800100-042,10鄰,桃鶯路,,,,,,50之3號七樓,121.317617932989,24.9869289242144
桃園市桃園區建國里10鄰桃鶯路50之3號八樓,68,6800100,6800100-042,10鄰,桃鶯路,,,,,,50之3號八樓,121.317617932989,24.9869289242144
桃園市桃園區建國里10鄰桃鶯路50之3號九樓,68,6800100,6800100-042,10鄰,桃鶯路,,,,,,50之3號九樓,121.317617932989,24.9869289242144
桃園市桃園區建國里10鄰桃鶯路50之3號十樓,68,6800100,6800100-042,10鄰,桃鶯路,,,,,,50之3號十樓,121.317617932989,24.9869289242144
桃園市桃園區建國里10鄰桃鶯路50之3號十一樓,68,6800100,6800100-042,10鄰,桃鶯路,,,,,,50之3號十一樓,121.317617932989,24.9869289242144
桃園市桃園區建國里10鄰桃鶯路50之3號十二樓,68,6800100,6800100-042,10鄰,桃鶯路,,,,,,50之3號十二樓,121.317617932989,24.9869289242144
桃園市桃園區建國里10鄰桃鶯路50之3號十四樓,68,6800100,6800100-042,10鄰,桃鶯路,,,,,,50之3號十四樓,121.317617932989,24.9869289242144
桃園市桃園區建國里10鄰桃鶯路50之3號二十一樓,68,6800100,6800100-042,10鄰,桃鶯路,,,,,,50之3號二十一樓,121.317617932989,24.9869289242144
桃園市桃園區建國里10鄰桃鶯路50號十六樓,68,6800100,6800100-042,10鄰,桃鶯路,,,,,,50號十六樓,121.317762383095,24.9870155584654
桃園市桃園區建國里10鄰桃鶯路50號十七樓,68,6800100,6800100-042,10鄰,桃鶯路,,,,,,50號十七樓,121.317762383095,24.9870155584654
桃園市桃園區建國里10鄰桃鶯路50號十八樓,68,6800100,6800100-042,10鄰,桃鶯路,,,,,,50號十八樓,121.317762383095,24.9870155584654
桃園市桃園區建國里10鄰桃鶯路50號十九樓,68,6800100,6800100-042,10鄰,桃鶯路,,,,,,50號十九樓,121.317762383095,24.9870155584654
桃園市桃園區建國里10鄰桃鶯路50號二十樓,68,6800100,6800100-042,10鄰,桃鶯路,,,,,,50號二十樓,121.317762383095,24.9870155584654
桃園市桃園區建國里10鄰桃鶯路50號九樓,68,6800100,6800100-042,10鄰,桃鶯路,,,,,,50號九樓,121.317762383095,24.9870155584654
桃園市桃園區建國里10鄰桃鶯路50之1號二樓,68,6800100,6800100-042,10鄰,桃鶯路,,,,,,50之1號二樓,121.317699678968,24.9870152409234
桃園市桃園區建國里10鄰桃鶯路50之1號四樓,68,6800100,6800100-042,10鄰,桃鶯路,,,,,,50之1號四樓,121.317699678968,24.9870152409234
桃園市桃園區建國里10鄰桃鶯路50之1號五樓,68,6800100,6800100-042,10鄰,桃鶯路,,,,,,50之1號五樓,121.317699678968,24.9870152409234
桃園市桃園區建國里10鄰桃鶯路50之1號六樓,68,6800100,6800100-042,10鄰,桃鶯路,,,,,,50之1號六樓,121.317699678968,24.9870152409234
桃園市桃園區建國里10鄰桃鶯路50之1號七樓,68,6800100,6800100-042,10鄰,桃鶯路,,,,,,50之1號七樓,121.317699678968,24.9870152409234
桃園市桃園區建國里10鄰桃鶯路50之1號八樓,68,6800100,6800100-042,10鄰,桃鶯路,,,,,,50之1號八樓,121.317699678968,24.9870152409234
桃園市桃園區建國里10鄰桃鶯路50之1號九樓,68,6800100,6800100-042,10鄰,桃鶯路,,,,,,50之1號九樓,121.317699678968,24.9870152409234
桃園市桃園區建國里10鄰桃鶯路50之1號十樓,68,6800100,6800100-042,10鄰,桃鶯路,,,,,,50之1號十樓,121.317762383095,24.9870155584654
桃園市桃園區建國里10鄰桃鶯路50之1號十二樓,68,6800100,6800100-042,10鄰,桃鶯路,,,,,,50之1號十二樓,121.317699678968,24.9870152409234
桃園市桃園區建國里10鄰桃鶯路50之1號三樓,68,6800100,6800100-042,10鄰,桃鶯路,,,,,,50之1號三樓,121.317699678968,24.9870152409234
桃園市桃園區建國里10鄰桃鶯路50之1號十三樓,68,6800100,6800100-042,10鄰,桃鶯路,,,,,,50之1號十三樓,121.317699678968,24.9870152409234
桃園市桃園區建國里10鄰桃鶯路50之1號十四樓,68,6800100,6800100-042,10鄰,桃鶯路,,,,,,50之1號十四樓,121.317699678968,24.9870152409234
桃園市桃園區建國里10鄰桃鶯路50之1號十五樓,68,6800100,6800100-042,10鄰,桃鶯路,,,,,,50之1號十五樓,121.317699678968,24.9870152409234
桃園市桃園區建國里10鄰桃鶯路50之1號十六樓,68,6800100,6800100-042,10鄰,桃鶯路,,,,,,50之1號十六樓,121.317699678968,24.9870152409234
桃園市桃園區建國里10鄰桃鶯路50之1號十七樓,68,6800100,6800100-042,10鄰,桃鶯路,,,,,,50之1號十七樓,121.317699678968,24.9870152409234
桃園市桃園區建國里10鄰桃鶯路50之1號二十樓,68,6800100,6800100-042,10鄰,桃鶯路,,,,,,50之1號二十樓,121.317699678968,24.9870152409234
桃園市桃園區建國里10鄰桃鶯路50之1號二十一樓,68,6800100,6800100-042,10鄰,桃鶯路,,,,,,50之1號二十一樓,121.317699678968,24.9870152409234
桃園市桃園區建國里10鄰桃鶯路50之2號二樓,68,6800100,6800100-042,10鄰,桃鶯路,,,,,,50之2號二樓,121.317609911221,24.9870067653554
桃園市桃園區建國里10鄰桃鶯路50之2號三樓,68,6800100,6800100-042,10鄰,桃鶯路,,,,,,50之2號三樓,121.317609911221,24.9870067653554
桃園市桃園區建國里10鄰桃鶯路50之1號十八樓,68,6800100,6800100-042,10鄰,桃鶯路,,,,,,50之1號十八樓,121.317699678968,24.9870152409234
桃園市桃園區建國里10鄰桃鶯路50號二樓,68,6800100,6800100-042,10鄰,桃鶯路,,,,,,50號二樓,121.317762383095,24.9870155584654
桃園市桃園區建國里10鄰桃鶯路50號三樓,68,6800100,6800100-042,10鄰,桃鶯路,,,,,,50號三樓,121.317762383095,24.9870155584654
桃園市桃園區建國里10鄰桃鶯路50號四樓,68,6800100,6800100-042,10鄰,桃鶯路,,,,,,50號四樓,121.317762383095,24.9870155584654
桃園市桃園區建國里10鄰桃鶯路50號五樓,68,6800100,6800100-042,10鄰,桃鶯路,,,,,,50號五樓,121.317762383095,24.9870155584654
桃園市桃園區建國里10鄰桃鶯路50號六樓,68,6800100,6800100-042,10鄰,桃鶯路,,,,,,50號六樓,121.317762383095,24.9870155584654
桃園市桃園區建國里10鄰桃鶯路50號七樓,68,6800100,6800100-042,10鄰,桃鶯路,,,,,,50號七樓,121.317762383095,24.9870155584654
桃園市桃園區建國里10鄰桃鶯路50號八樓,68,6800100,6800100-042,10鄰,桃鶯路,,,,,,50號八樓,121.317762383095,24.9870155584654
桃園市桃園區建國里10鄰桃鶯路50號十樓,68,6800100,6800100-042,10鄰,桃鶯路,,,,,,50號十樓,121.317762383095,24.9870155584654
桃園市桃園區建國里10鄰桃鶯路50號十一樓,68,6800100,6800100-042,10鄰,桃鶯路,,,,,,50號十一樓,121.317762383095,24.9870155584654
桃園市桃園區建國里10鄰桃鶯路50號十二樓,68,6800100,6800100-042,10鄰,桃鶯路,,,,,,50號十二樓,121.317762383095,24.9870155584654
桃園市桃園區建國里10鄰桃鶯路50號十三樓,68,6800100,6800100-042,10鄰,桃鶯路,,,,,,50號十三樓,121.317762383095,24.9870155584654
桃園市桃園區建國里10鄰桃鶯路50號十四樓,68,6800100,6800100-042,10鄰,桃鶯路,,,,,,50號十四樓,121.317762383095,24.9870155584654
桃園市桃園區建國里10鄰桃鶯路50號十五樓,68,6800100,6800100-042,10鄰,桃鶯路,,,,,,50號十五樓,121.317762383095,24.9870155584654
桃園市桃園區建國里10鄰桃鶯路50號二十一樓,68,6800100,6800100-042,10鄰,桃鶯路,,,,,,50號二十一樓,121.317762383095,24.9870155584654
桃園市桃園區建國里10鄰桃鶯路50之1號十一樓,68,6800100,6800100-042,10鄰,桃鶯路,,,,,,50之1號十一樓,121.317699678968,24.9870152409234
桃園市桃園區建國里10鄰桃鶯路50之1號十九樓,68,6800100,6800100-042,10鄰,桃鶯路,,,,,,50之1號十九樓,121.317699678968,24.9870152409234
桃園市桃園區建國里10鄰桃鶯路50之2號十樓,68,6800100,6800100-042,10鄰,桃鶯路,,,,,,50之2號十樓,121.317609911221,24.9870067653554
桃園市桃園區建國里10鄰桃鶯路50之2號十八樓,68,6800100,6800100-042,10鄰,桃鶯路,,,,,,50之2號十八樓,121.317609911221,24.9870067653554
桃園市桃園區建國里10鄰桃鶯路50之3號五樓,68,6800100,6800100-042,10鄰,桃鶯路,,,,,,50之3號五樓,121.317617932989,24.9869289242144
桃園市桃園區建國里10鄰桃鶯路50之3號十三樓,68,6800100,6800100-042,10鄰,桃鶯路,,,,,,50之3號十三樓,121.317617932989,24.9869289242144
桃園市桃園區建國里10鄰桃鶯路50之3號十五樓,68,6800100,6800100-042,10鄰,桃鶯路,,,,,,50之3號十五樓,121.317617932989,24.9869289242144
桃園市桃園區建國里10鄰桃鶯路50之3號十六樓,68,6800100,6800100-042,10鄰,桃鶯路,,,,,,50之3號十六樓,121.317617932989,24.9869289242144
桃園市桃園區建國里10鄰桃鶯路50之3號十七樓,68,6800100,6800100-042,10鄰,桃鶯路,,,,,,50之3號十七樓,121.317617932989,24.9869289242144
桃園市桃園區建國里10鄰桃鶯路50之3號十八樓,68,6800100,6800100-042,10鄰,桃鶯路,,,,,,50之3號十八樓,121.317617932989,24.9869289242144
桃園市桃園區建國里10鄰桃鶯路50之3號十九樓,68,6800100,6800100-042,10鄰,桃鶯路,,,,,,50之3號十九樓,121.317617932989,24.9869289242144
桃園市桃園區建國里10鄰桃鶯路50之3號二十樓,68,6800100,6800100-042,10鄰,桃鶯路,,,,,,50之3號二十樓,121.317617932989,24.9869289242144
桃園市桃園區建國里10鄰桃鶯路52號,68,6800100,6800100-042,10鄰,桃鶯路,,,,,,52號,121.317780232506,24.9869459120929
桃園市桃園區建國里3鄰桃鶯路53號,68,6800100,6800100-042,3鄰,桃鶯路,,,,,,53號,121.318087251506,24.9886554884616
桃園市桃園區建國里10鄰桃鶯路56號,68,6800100,6800100-042,10鄰,桃鶯路,,,,,,56號,121.317771134796,24.9869134296081
桃園市桃園區建國里10鄰桃鶯路56號九樓,68,6800100,6800100-042,10鄰,桃鶯路,,,,,,56號九樓,121.317771134796,24.9869134296081
桃園市桃園區建國里10鄰桃鶯路56號十樓,68,6800100,6800100-042,10鄰,桃鶯路,,,,,,56號十樓,121.317771134796,24.9869134296081
桃園市桃園區建國里10鄰桃鶯路56號十一樓,68,6800100,6800100-042,10鄰,桃鶯路,,,,,,56號十一樓,121.317771134796,24.9869134296081
桃園市桃園區建國里10鄰桃鶯路56號十二樓,68,6800100,6800100-042,10鄰,桃鶯路,,,,,,56號十二樓,121.317771134796,24.9869134296081
桃園市桃園區建國里10鄰桃鶯路56號十三樓,68,6800100,6800100-042,10鄰,桃鶯路,,,,,,56號十三樓,121.317771134796,24.9869134296081
桃園市桃園區建國里10鄰桃鶯路56號十四樓,68,6800100,6800100-042,10鄰,桃鶯路,,,,,,56號十四樓,121.317771134796,24.9869134296081
桃園市桃園區建國里10鄰桃鶯路56號十五樓,68,6800100,6800100-042,10鄰,桃鶯路,,,,,,56號十五樓,121.317771134796,24.9869134296081
桃園市桃園區建國里10鄰桃鶯路56號十六樓,68,6800100,6800100-042,10鄰,桃鶯路,,,,,,56號十六樓,121.317771134796,24.9869134296081
桃園市桃園區建國里10鄰桃鶯路56號十七樓,68,6800100,6800100-042,10鄰,桃鶯路,,,,,,56號十七樓,121.317771134796,24.9869134296081
桃園市桃園區建國里10鄰桃鶯路56號十九樓,68,6800100,6800100-042,10鄰,桃鶯路,,,,,,56號十九樓,121.317771134796,24.9869134296081
桃園市桃園區建國里10鄰桃鶯路56號二十樓,68,6800100,6800100-042,10鄰,桃鶯路,,,,,,56號二十樓,121.317771134796,24.9869134296081
桃園市桃園區建國里10鄰桃鶯路56號二十一樓,68,6800100,6800100-042,10鄰,桃鶯路,,,,,,56號二十一樓,121.317771134796,24.9869134296081
桃園市桃園區建國里10鄰桃鶯路56號三樓,68,6800100,6800100-042,10鄰,桃鶯路,,,,,,56號三樓,121.317771134796,24.9869134296081
桃園市桃園區建國里10鄰桃鶯路56號十八樓,68,6800100,6800100-042,10鄰,桃鶯路,,,,,,56號十八樓,121.317771134796,24.9869134296081
桃園市桃園區建國里10鄰桃鶯路56號二樓,68,6800100,6800100-042,10鄰,桃鶯路,,,,,,56號二樓,121.317771134796,24.9869134296081
桃園市桃園區建國里10鄰桃鶯路56號四樓,68,6800100,6800100-042,10鄰,桃鶯路,,,,,,56號四樓,121.317771134796,24.9869134296081
桃園市桃園區建國里10鄰桃鶯路56號五樓,68,6800100,6800100-042,10鄰,桃鶯路,,,,,,56號五樓,121.317771134796,24.9869134296081
桃園市桃園區建國里10鄰桃鶯路56號六樓,68,6800100,6800100-042,10鄰,桃鶯路,,,,,,56號六樓,121.317771134796,24.9869134296081
桃園市桃園區建國里10鄰桃鶯路56號七樓,68,6800100,6800100-042,10鄰,桃鶯路,,,,,,56號七樓,121.317771134796,24.9869134296081
桃園市桃園區建國里10鄰桃鶯路56號八樓,68,6800100,6800100-042,10鄰,桃鶯路,,,,,,56號八樓,121.317771134796,24.9869134296081
桃園市桃園區建國里3鄰桃鶯路57巷1號,68,6800100,6800100-042,3鄰,桃鶯路,,57巷,,,,1號,121.318263181534,24.9886561957043
桃園市桃園區建國里3鄰桃鶯路57巷3號,68,6800100,6800100-042,3鄰,桃鶯路,,57巷,,,,3號,121.318382508442,24.9882180675907
桃園市桃園區建國里3鄰桃鶯路57巷5號,68,6800100,6800100-042,3鄰,桃鶯路,,57巷,,,,5號,121.318295328299,24.9882146427604
桃園市桃園區建國里3鄰桃鶯路57號,68,6800100,6800100-042,3鄰,桃鶯路,,,,,,57號,121.318084213271,24.9885526625455
桃園市桃園區建國里10鄰桃鶯路58號,68,6800100,6800100-042,10鄰,桃鶯路,,,,,,58號,121.317775834016,24.9868532910381
桃園市桃園區建國里10鄰桃鶯路58號二樓,68,6800100,6800100-042,10鄰,桃鶯路,,,,,,58號二樓,121.317775834016,24.9868532910381
桃園市桃園區建國里10鄰桃鶯路58號三樓,68,6800100,6800100-042,10鄰,桃鶯路,,,,,,58號三樓,121.317775834016,24.9868532910381
桃園市桃園區建國里10鄰桃鶯路58號四樓,68,6800100,6800100-042,10鄰,桃鶯路,,,,,,58號四樓,121.317775834016,24.9868532910381
桃園市桃園區建國里10鄰桃鶯路58號六樓,68,6800100,6800100-042,10鄰,桃鶯路,,,,,,58號六樓,121.317775834016,24.9868532910381
桃園市桃園區建國里10鄰桃鶯路58號七樓,68,6800100,6800100-042,10鄰,桃鶯路,,,,,,58號七樓,121.317775834016,24.9868532910381
桃園市桃園區建國里10鄰桃鶯路58號八樓,68,6800100,6800100-042,10鄰,桃鶯路,,,,,,58號八樓,121.317775834016,24.9868532910381
桃園市桃園區建國里10鄰桃鶯路58號九樓,68,6800100,6800100-042,10鄰,桃鶯路,,,,,,58號九樓,121.317775834016,24.9868532910381
桃園市桃園區建國里10鄰桃鶯路58號十樓,68,6800100,6800100-042,10鄰,桃鶯路,,,,,,58號十樓,121.317775834016,24.9868532910381
桃園市桃園區建國里10鄰桃鶯路58號十一樓,68,6800100,6800100-042,10鄰,桃鶯路,,,,,,58號十一樓,121.317775834016,24.9868532910381
桃園市桃園區建國里10鄰桃鶯路58號十三樓,68,6800100,6800100-042,10鄰,桃鶯路,,,,,,58號十三樓,121.317775834016,24.9868532910381
桃園市桃園區建國里10鄰桃鶯路58號十四樓,68,6800100,6800100-042,10鄰,桃鶯路,,,,,,58號十四樓,121.317775834016,24.9868532910381
桃園市桃園區建國里10鄰桃鶯路58號十五樓,68,6800100,6800100-042,10鄰,桃鶯路,,,,,,58號十五樓,121.317775834016,24.9868532910381
桃園市桃園區建國里10鄰桃鶯路58號十六樓,68,6800100,6800100-042,10鄰,桃鶯路,,,,,,58號十六樓,121.317775834016,24.9868532910381
桃園市桃園區建國里10鄰桃鶯路58號十七樓,68,6800100,6800100-042,10鄰,桃鶯路,,,,,,58號十七樓,121.317775834016,24.9868532910381
桃園市桃園區建國里10鄰桃鶯路58號十八樓,68,6800100,6800100-042,10鄰,桃鶯路,,,,,,58號十八樓,121.317775834016,24.9868532910381
桃園市桃園區建國里10鄰桃鶯路58號五樓,68,6800100,6800100-042,10鄰,桃鶯路,,,,,,58號五樓,121.317775834016,24.9868532910381
桃園市桃園區建國里10鄰桃鶯路58號十九樓,68,6800100,6800100-042,10鄰,桃鶯路,,,,,,58號十九樓,121.317775834016,24.9868532910381
桃園市桃園區建國里10鄰桃鶯路58號十二樓,68,6800100,6800100-042,10鄰,桃鶯路,,,,,,58號十二樓,121.317775834016,24.9868532910381
桃園市桃園區建國里10鄰桃鶯路58號二十一樓,68,6800100,6800100-042,10鄰,桃鶯路,,,,,,58號二十一樓,121.317775834016,24.9868532910381
桃園市桃園區建國里10鄰桃鶯路58號二十樓,68,6800100,6800100-042,10鄰,桃鶯路,,,,,,58號二十樓,121.317775834016,24.9868532910381
桃園市桃園區建國里3鄰桃鶯路59號,68,6800100,6800100-042,3鄰,桃鶯路,,,,,,59號,121.318082579882,24.9884953362904
桃園市桃園區建國里10鄰桃鶯路60號,68,6800100,6800100-042,10鄰,桃鶯路,,,,,,60號,121.317818092129,24.9867609314832
桃園市桃園區建國里3鄰桃鶯路61號,68,6800100,6800100-042,3鄰,桃鶯路,,,,,,61號,121.318088105151,24.9884482870029
桃園市桃園區建國里10鄰桃鶯路62之2號,68,6800100,6800100-042,10鄰,桃鶯路,,,,,,62之2號,121.317643367628,24.9867271775094
桃園市桃園區建國里10鄰桃鶯路62號,68,6800100,6800100-042,10鄰,桃鶯路,,,,,,62號,121.317790620491,24.9867481699497
桃園市桃園區建國里10鄰桃鶯路62之1號,68,6800100,6800100-042,10鄰,桃鶯路,,,,,,62之1號,121.317723833135,24.9867392842426
桃園市桃園區建國里10鄰桃鶯路62之1號二十一樓,68,6800100,6800100-042,10鄰,桃鶯路,,,,,,62之1號二十一樓,121.317723833135,24.9867392842426
桃園市桃園區建國里10鄰桃鶯路62之2號二樓,68,6800100,6800100-042,10鄰,桃鶯路,,,,,,62之2號二樓,121.317643367628,24.9867271775094
桃園市桃園區建國里10鄰桃鶯路62之2號三樓,68,6800100,6800100-042,10鄰,桃鶯路,,,,,,62之2號三樓,121.317643367628,24.9867271775094
桃園市桃園區建國里10鄰桃鶯路62之1號八樓,68,6800100,6800100-042,10鄰,桃鶯路,,,,,,62之1號八樓,121.317723833135,24.9867392842426
桃園市桃園區建國里10鄰桃鶯路62之1號十六樓,68,6800100,6800100-042,10鄰,桃鶯路,,,,,,62之1號十六樓,121.317723833135,24.9867392842426
桃園市桃園區建國里10鄰桃鶯路62之2號四樓,68,6800100,6800100-042,10鄰,桃鶯路,,,,,,62之2號四樓,121.317643367628,24.9867271775094
桃園市桃園區建國里10鄰桃鶯路62之3號十六樓,68,6800100,6800100-042,10鄰,桃鶯路,,,,,,62之3號十六樓,121.317636651259,24.9867733265033
桃園市桃園區建國里10鄰桃鶯路62之3號十七樓,68,6800100,6800100-042,10鄰,桃鶯路,,,,,,62之3號十七樓,121.317636651259,24.9867733265033
桃園市桃園區建國里10鄰桃鶯路62之3號十八樓,68,6800100,6800100-042,10鄰,桃鶯路,,,,,,62之3號十八樓,121.317636651259,24.9867733265033
桃園市桃園區建國里10鄰桃鶯路62之3號十九樓,68,6800100,6800100-042,10鄰,桃鶯路,,,,,,62之3號十九樓,121.317636651259,24.9867733265033
桃園市桃園區建國里10鄰桃鶯路62之3號二十樓,68,6800100,6800100-042,10鄰,桃鶯路,,,,,,62之3號二十樓,121.317636651259,24.9867733265033
桃園市桃園區建國里10鄰桃鶯路62號十四樓,68,6800100,6800100-042,10鄰,桃鶯路,,,,,,62號十四樓,121.317790620491,24.9867481699497
桃園市桃園區建國里10鄰桃鶯路62號十五樓,68,6800100,6800100-042,10鄰,桃鶯路,,,,,,62號十五樓,121.317790620491,24.9867481699497
桃園市桃園區建國里10鄰桃鶯路62號十六樓,68,6800100,6800100-042,10鄰,桃鶯路,,,,,,62號十六樓,121.317790620491,24.9867481699497
桃園市桃園區建國里10鄰桃鶯路62號十七樓,68,6800100,6800100-042,10鄰,桃鶯路,,,,,,62號十七樓,121.317790620491,24.9867481699497
桃園市桃園區建國里10鄰桃鶯路62號十八樓,68,6800100,6800100-042,10鄰,桃鶯路,,,,,,62號十八樓,121.317790620491,24.9867481699497
桃園市桃園區建國里10鄰桃鶯路62號十九樓,68,6800100,6800100-042,10鄰,桃鶯路,,,,,,62號十九樓,121.317790620491,24.9867481699497
桃園市桃園區建國里10鄰桃鶯路62號八樓,68,6800100,6800100-042,10鄰,桃鶯路,,,,,,62號八樓,121.317790620491,24.9867481699497
桃園市桃園區建國里10鄰桃鶯路62號二十樓,68,6800100,6800100-042,10鄰,桃鶯路,,,,,,62號二十樓,121.317790620491,24.9867481699497
桃園市桃園區建國里10鄰桃鶯路62號二十一樓,68,6800100,6800100-042,10鄰,桃鶯路,,,,,,62號二十一樓,121.317790620491,24.9867481699497
桃園市桃園區建國里10鄰桃鶯路62之2號五樓,68,6800100,6800100-042,10鄰,桃鶯路,,,,,,62之2號五樓,121.317643367628,24.9867271775094
桃園市桃園區建國里10鄰桃鶯路62之2號六樓,68,6800100,6800100-042,10鄰,桃鶯路,,,,,,62之2號六樓,121.317643367628,24.9867271775094
桃園市桃園區建國里10鄰桃鶯路62之2號七樓,68,6800100,6800100-042,10鄰,桃鶯路,,,,,,62之2號七樓,121.317643367628,24.9867271775094
桃園市桃園區建國里10鄰桃鶯路62之2號八樓,68,6800100,6800100-042,10鄰,桃鶯路,,,,,,62之2號八樓,121.317643367628,24.9867271775094
桃園市桃園區建國里10鄰桃鶯路62之2號九樓,68,6800100,6800100-042,10鄰,桃鶯路,,,,,,62之2號九樓,121.317643367628,24.9867271775094
桃園市桃園區建國里10鄰桃鶯路62之2號十樓,68,6800100,6800100-042,10鄰,桃鶯路,,,,,,62之2號十樓,121.317643367628,24.9867271775094
桃園市桃園區建國里10鄰桃鶯路62之2號十二樓,68,6800100,6800100-042,10鄰,桃鶯路,,,,,,62之2號十二樓,121.317643367628,24.9867271775094
桃園市桃園區建國里10鄰桃鶯路62之2號十三樓,68,6800100,6800100-042,10鄰,桃鶯路,,,,,,62之2號十三樓,121.317643367628,24.9867271775094
桃園市桃園區建國里10鄰桃鶯路62之2號十四樓,68,6800100,6800100-042,10鄰,桃鶯路,,,,,,62之2號十四樓,121.317643367628,24.9867271775094
桃園市桃園區建國里10鄰桃鶯路62之2號十一樓,68,6800100,6800100-042,10鄰,桃鶯路,,,,,,62之2號十一樓,121.317643367628,24.9867271775094
桃園市桃園區建國里10鄰桃鶯路62之2號十五樓,68,6800100,6800100-042,10鄰,桃鶯路,,,,,,62之2號十五樓,121.317643367628,24.9867271775094
桃園市桃園區建國里10鄰桃鶯路62之2號十九樓,68,6800100,6800100-042,10鄰,桃鶯路,,,,,,62之2號十九樓,121.317643367628,24.9867271775094
桃園市桃園區建國里10鄰桃鶯路62之2號十六樓,68,6800100,6800100-042,10鄰,桃鶯路,,,,,,62之2號十六樓,121.317643367628,24.9867271775094
桃園市桃園區建國里10鄰桃鶯路62之3號七樓,68,6800100,6800100-042,10鄰,桃鶯路,,,,,,62之3號七樓,121.317636651259,24.9867733265033
桃園市桃園區建國里10鄰桃鶯路62之2號十七樓,68,6800100,6800100-042,10鄰,桃鶯路,,,,,,62之2號十七樓,121.317643367628,24.9867271775094
桃園市桃園區建國里10鄰桃鶯路62之2號十八樓,68,6800100,6800100-042,10鄰,桃鶯路,,,,,,62之2號十八樓,121.317643367628,24.9867271775094
桃園市桃園區建國里10鄰桃鶯路62之2號二十樓,68,6800100,6800100-042,10鄰,桃鶯路,,,,,,62之2號二十樓,121.317643367628,24.9867271775094
桃園市桃園區建國里10鄰桃鶯路62之2號二十一樓,68,6800100,6800100-042,10鄰,桃鶯路,,,,,,62之2號二十一樓,121.317643367628,24.9867271775094
桃園市桃園區建國里10鄰桃鶯路62之3號二樓,68,6800100,6800100-042,10鄰,桃鶯路,,,,,,62之3號二樓,121.317636651259,24.9867733265033
桃園市桃園區建國里10鄰桃鶯路62之3號三樓,68,6800100,6800100-042,10鄰,桃鶯路,,,,,,62之3號三樓,121.317636651259,24.9867733265033
桃園市桃園區建國里10鄰桃鶯路62之3號四樓,68,6800100,6800100-042,10鄰,桃鶯路,,,,,,62之3號四樓,121.317636651259,24.9867733265033
桃園市桃園區建國里10鄰桃鶯路62之3號五樓,68,6800100,6800100-042,10鄰,桃鶯路,,,,,,62之3號五樓,121.317636651259,24.9867733265033
桃園市桃園區建國里10鄰桃鶯路62之3號六樓,68,6800100,6800100-042,10鄰,桃鶯路,,,,,,62之3號六樓,121.317636651259,24.9867733265033
桃園市桃園區建國里10鄰桃鶯路62之3號八樓,68,6800100,6800100-042,10鄰,桃鶯路,,,,,,62之3號八樓,121.317636651259,24.9867733265033
桃園市桃園區建國里10鄰桃鶯路62之3號九樓,68,6800100,6800100-042,10鄰,桃鶯路,,,,,,62之3號九樓,121.317636651259,24.9867733265033
桃園市桃園區建國里10鄰桃鶯路62之3號十樓,68,6800100,6800100-042,10鄰,桃鶯路,,,,,,62之3號十樓,121.317636651259,24.9867733265033
桃園市桃園區建國里10鄰桃鶯路62之3號十一樓,68,6800100,6800100-042,10鄰,桃鶯路,,,,,,62之3號十一樓,121.317636651259,24.9867733265033
桃園市桃園區建國里10鄰桃鶯路62之3號十二樓,68,6800100,6800100-042,10鄰,桃鶯路,,,,,,62之3號十二樓,121.317636651259,24.9867733265033
桃園市桃園區建國里10鄰桃鶯路62之3號十三樓,68,6800100,6800100-042,10鄰,桃鶯路,,,,,,62之3號十三樓,121.317636651259,24.9867733265033
桃園市桃園區建國里10鄰桃鶯路62之3號二十一樓,68,6800100,6800100-042,10鄰,桃鶯路,,,,,,62之3號二十一樓,121.317636651259,24.9867733265033
桃園市桃園區建國里10鄰桃鶯路62之3號十四樓,68,6800100,6800100-042,10鄰,桃鶯路,,,,,,62之3號十四樓,121.317636651259,24.9867733265033
桃園市桃園區建國里10鄰桃鶯路62之3號十五樓,68,6800100,6800100-042,10鄰,桃鶯路,,,,,,62之3號十五樓,121.317636651259,24.9867733265033
桃園市桃園區建國里10鄰桃鶯路62號二樓,68,6800100,6800100-042,10鄰,桃鶯路,,,,,,62號二樓,121.317790620491,24.9867481699497
桃園市桃園區建國里10鄰桃鶯路62號三樓,68,6800100,6800100-042,10鄰,桃鶯路,,,,,,62號三樓,121.317790620491,24.9867481699497
桃園市桃園區建國里10鄰桃鶯路62號四樓,68,6800100,6800100-042,10鄰,桃鶯路,,,,,,62號四樓,121.317790620491,24.9867481699497
桃園市桃園區建國里10鄰桃鶯路62號五樓,68,6800100,6800100-042,10鄰,桃鶯路,,,,,,62號五樓,121.317790620491,24.9867481699497
桃園市桃園區建國里10鄰桃鶯路62號六樓,68,6800100,6800100-042,10鄰,桃鶯路,,,,,,62號六樓,121.317790620491,24.9867481699497
桃園市桃園區建國里10鄰桃鶯路62號七樓,68,6800100,6800100-042,10鄰,桃鶯路,,,,,,62號七樓,121.317790620491,24.9867481699497
桃園市桃園區建國里10鄰桃鶯路62號九樓,68,6800100,6800100-042,10鄰,桃鶯路,,,,,,62號九樓,121.317790620491,24.9867481699497
桃園市桃園區建國里10鄰桃鶯路62號十樓,68,6800100,6800100-042,10鄰,桃鶯路,,,,,,62號十樓,121.317790620491,24.9867481699497
桃園市桃園區建國里10鄰桃鶯路62號十一樓,68,6800100,6800100-042,10鄰,桃鶯路,,,,,,62號十一樓,121.317790620491,24.9867481699497
桃園市桃園區建國里10鄰桃鶯路62號十二樓,68,6800100,6800100-042,10鄰,桃鶯路,,,,,,62號十二樓,121.317790620491,24.9867481699497
桃園市桃園區建國里10鄰桃鶯路62號十三樓,68,6800100,6800100-042,10鄰,桃鶯路,,,,,,62號十三樓,121.317790620491,24.9867481699497
桃園市桃園區建國里10鄰桃鶯路62之1號二樓,68,6800100,6800100-042,10鄰,桃鶯路,,,,,,62之1號二樓,121.317723833135,24.9867392842426
桃園市桃園區建國里10鄰桃鶯路62之1號三樓,68,6800100,6800100-042,10鄰,桃鶯路,,,,,,62之1號三樓,121.317723833135,24.9867392842426
桃園市桃園區建國里10鄰桃鶯路62之1號四樓,68,6800100,6800100-042,10鄰,桃鶯路,,,,,,62之1號四樓,121.317723833135,24.9867392842426
桃園市桃園區建國里10鄰桃鶯路62之1號五樓,68,6800100,6800100-042,10鄰,桃鶯路,,,,,,62之1號五樓,121.317723833135,24.9867392842426
桃園市桃園區建國里10鄰桃鶯路62之1號六樓,68,6800100,6800100-042,10鄰,桃鶯路,,,,,,62之1號六樓,121.317723833135,24.9867392842426
桃園市桃園區建國里10鄰桃鶯路62之1號七樓,68,6800100,6800100-042,10鄰,桃鶯路,,,,,,62之1號七樓,121.317723833135,24.9867392842426
桃園市桃園區建國里10鄰桃鶯路62之1號九樓,68,6800100,6800100-042,10鄰,桃鶯路,,,,,,62之1號九樓,121.317723833135,24.9867392842426
桃園市桃園區建國里10鄰桃鶯路62之1號十樓,68,6800100,6800100-042,10鄰,桃鶯路,,,,,,62之1號十樓,121.317723833135,24.9867392842426
桃園市桃園區建國里10鄰桃鶯路62之1號十一樓,68,6800100,6800100-042,10鄰,桃鶯路,,,,,,62之1號十一樓,121.317723833135,24.9867392842426
桃園市桃園區建國里10鄰桃鶯路62之1號十二樓,68,6800100,6800100-042,10鄰,桃鶯路,,,,,,62之1號十二樓,121.317723833135,24.9867392842426
桃園市桃園區建國里10鄰桃鶯路62之1號十三樓,68,6800100,6800100-042,10鄰,桃鶯路,,,,,,62之1號十三樓,121.317723833135,24.9867392842426
桃園市桃園區建國里10鄰桃鶯路62之1號十四樓,68,6800100,6800100-042,10鄰,桃鶯路,,,,,,62之1號十四樓,121.317723833135,24.9867392842426
桃園市桃園區建國里10鄰桃鶯路62之1號十五樓,68,6800100,6800100-042,10鄰,桃鶯路,,,,,,62之1號十五樓,121.317723833135,24.9867392842426
桃園市桃園區建國里10鄰桃鶯路62之1號十七樓,68,6800100,6800100-042,10鄰,桃鶯路,,,,,,62之1號十七樓,121.317723833135,24.9867392842426
桃園市桃園區建國里10鄰桃鶯路62之1號十八樓,68,6800100,6800100-042,10鄰,桃鶯路,,,,,,62之1號十八樓,121.317723833135,24.9867392842426
桃園市桃園區建國里10鄰桃鶯路62之1號十九樓,68,6800100,6800100-042,10鄰,桃鶯路,,,,,,62之1號十九樓,121.317723833135,24.9867392842426
桃園市桃園區建國里10鄰桃鶯路62之1號二十樓,68,6800100,6800100-042,10鄰,桃鶯路,,,,,,62之1號二十樓,121.317723833135,24.9867392842426
桃園市桃園區建國里3鄰桃鶯路63號,68,6800100,6800100-042,3鄰,桃鶯路,,,,,,63號,121.318090760757,24.9884024175288
桃園市桃園區建國里3鄰桃鶯路63號三樓,68,6800100,6800100-042,3鄰,桃鶯路,,,,,,63號三樓,121.318090760757,24.9884024175288
桃園市桃園區建國里3鄰桃鶯路65號,68,6800100,6800100-042,3鄰,桃鶯路,,,,,,65號,121.318092023045,24.9883540231067
桃園市桃園區建國里9鄰桃鶯路66號,68,6800100,6800100-042,9鄰,桃鶯路,,,,,,66號,121.317788932721,24.9864384122708
桃園市桃園區建國里3鄰桃鶯路67號,68,6800100,6800100-042,3鄰,桃鶯路,,,,,,67號,121.31809331809,24.9883183585268
桃園市桃園區建國里9鄰桃鶯路70之2號,68,6800100,6800100-042,9鄰,桃鶯路,,,,,,70之2號,121.317875943131,24.9861451675258
桃園市桃園區建國里9鄰桃鶯路70之3號,68,6800100,6800100-042,9鄰,桃鶯路,,,,,,70之3號,121.317776530538,24.9862379200027
桃園市桃園區建國里9鄰桃鶯路70之1號,68,6800100,6800100-042,9鄰,桃鶯路,,,,,,70之1號,121.31786801668,24.986221473671
桃園市桃園區建國里9鄰桃鶯路70之2號十一樓,68,6800100,6800100-042,9鄰,桃鶯路,,,,,,70之2號十一樓,121.317875943131,24.9861451675258
桃園市桃園區建國里9鄰桃鶯路70之3號四樓,68,6800100,6800100-042,9鄰,桃鶯路,,,,,,70之3號四樓,121.317776530538,24.9862379200027
桃園市桃園區建國里9鄰桃鶯路70之3號五樓,68,6800100,6800100-042,9鄰,桃鶯路,,,,,,70之3號五樓,121.317776530538,24.9862379200027
桃園市桃園區建國里9鄰桃鶯路70之3號六樓,68,6800100,6800100-042,9鄰,桃鶯路,,,,,,70之3號六樓,121.317776530538,24.9862379200027
桃園市桃園區建國里9鄰桃鶯路70之3號七樓,68,6800100,6800100-042,9鄰,桃鶯路,,,,,,70之3號七樓,121.317776530538,24.9862379200027
桃園市桃園區建國里9鄰桃鶯路70之3號九樓,68,6800100,6800100-042,9鄰,桃鶯路,,,,,,70之3號九樓,121.317776530538,24.9862379200027
桃園市桃園區建國里9鄰桃鶯路70之3號十樓,68,6800100,6800100-042,9鄰,桃鶯路,,,,,,70之3號十樓,121.317776530538,24.9862379200027
桃園市桃園區建國里9鄰桃鶯路70之3號十一樓,68,6800100,6800100-042,9鄰,桃鶯路,,,,,,70之3號十一樓,121.317776530538,24.9862379200027
桃園市桃園區建國里9鄰桃鶯路70之3號十二樓,68,6800100,6800100-042,9鄰,桃鶯路,,,,,,70之3號十二樓,121.317776530538,24.9862379200027
桃園市桃園區建國里9鄰桃鶯路70之2號三樓,68,6800100,6800100-042,9鄰,桃鶯路,,,,,,70之2號三樓,121.317875943131,24.9861451675258
桃園市桃園區建國里9鄰桃鶯路70之2號四樓,68,6800100,6800100-042,9鄰,桃鶯路,,,,,,70之2號四樓,121.317875943131,24.9861451675258
桃園市桃園區建國里9鄰桃鶯路70之2號五樓,68,6800100,6800100-042,9鄰,桃鶯路,,,,,,70之2號五樓,121.317875943131,24.9861451675258
桃園市桃園區建國里9鄰桃鶯路70之2號六樓,68,6800100,6800100-042,9鄰,桃鶯路,,,,,,70之2號六樓,121.317875943131,24.9861451675258
桃園市桃園區建國里9鄰桃鶯路70之2號七樓,68,6800100,6800100-042,9鄰,桃鶯路,,,,,,70之2號七樓,121.317875943131,24.9861451675258
桃園市桃園區建國里9鄰桃鶯路70之1號三樓,68,6800100,6800100-042,9鄰,桃鶯路,,,,,,70之1號三樓,121.31786801668,24.986221473671
桃園市桃園區建國里9鄰桃鶯路70之2號十樓,68,6800100,6800100-042,9鄰,桃鶯路,,,,,,70之2號十樓,121.317875943131,24.9861451675258
桃園市桃園區建國里9鄰桃鶯路70之2號十二樓,68,6800100,6800100-042,9鄰,桃鶯路,,,,,,70之2號十二樓,121.317875943131,24.9861451675258
桃園市桃園區建國里9鄰桃鶯路70之3號二樓,68,6800100,6800100-042,9鄰,桃鶯路,,,,,,70之3號二樓,121.317776530538,24.9862379200027
桃園市桃園區建國里9鄰桃鶯路70之1號十二樓,68,6800100,6800100-042,9鄰,桃鶯路,,,,,,70之1號十二樓,121.31786801668,24.986221473671
桃園市桃園區建國里9鄰桃鶯路70之1號七樓,68,6800100,6800100-042,9鄰,桃鶯路,,,,,,70之1號七樓,121.31786801668,24.986221473671
桃園市桃園區建國里9鄰桃鶯路70之1號二樓,68,6800100,6800100-042,9鄰,桃鶯路,,,,,,70之1號二樓,121.31786801668,24.986221473671
桃園市桃園區建國里9鄰桃鶯路70之1號四樓,68,6800100,6800100-042,9鄰,桃鶯路,,,,,,70之1號四樓,121.31786801668,24.986221473671
桃園市桃園區建國里9鄰桃鶯路70之1號五樓,68,6800100,6800100-042,9鄰,桃鶯路,,,,,,70之1號五樓,121.31786801668,24.986221473671
桃園市桃園區建國里9鄰桃鶯路70之1號八樓,68,6800100,6800100-042,9鄰,桃鶯路,,,,,,70之1號八樓,121.31786801668,24.986221473671
桃園市桃園區建國里9鄰桃鶯路70之1號九樓,68,6800100,6800100-042,9鄰,桃鶯路,,,,,,70之1號九樓,121.31786801668,24.986221473671
桃園市桃園區建國里9鄰桃鶯路70之1號十樓,68,6800100,6800100-042,9鄰,桃鶯路,,,,,,70之1號十樓,121.31786801668,24.986221473671
桃園市桃園區建國里9鄰桃鶯路70之1號十一樓,68,6800100,6800100-042,9鄰,桃鶯路,,,,,,70之1號十一樓,121.31786801668,24.986221473671
桃園市桃園區建國里9鄰桃鶯路70之2號二樓,68,6800100,6800100-042,9鄰,桃鶯路,,,,,,70之2號二樓,121.317875943131,24.9861451675258
桃園市桃園區建國里9鄰桃鶯路70之2號九樓,68,6800100,6800100-042,9鄰,桃鶯路,,,,,,70之2號九樓,121.317875943131,24.9861451675258
桃園市桃園區建國里9鄰桃鶯路70之1號六樓,68,6800100,6800100-042,9鄰,桃鶯路,,,,,,70之1號六樓,121.31786801668,24.986221473671
桃園市桃園區建國里9鄰桃鶯路70之3號三樓,68,6800100,6800100-042,9鄰,桃鶯路,,,,,,70之3號三樓,121.317776530538,24.9862379200027
桃園市桃園區建國里9鄰桃鶯路70之3號八樓,68,6800100,6800100-042,9鄰,桃鶯路,,,,,,70之3號八樓,121.317776530538,24.9862379200027
桃園市桃園區建國里9鄰桃鶯路70之2號八樓,68,6800100,6800100-042,9鄰,桃鶯路,,,,,,70之2號八樓,121.317875943131,24.9861451675258
桃園市桃園區建國里3鄰桃鶯路73號,68,6800100,6800100-042,3鄰,桃鶯路,,,,,,73號,121.318125215427,24.9882030891472
桃園市桃園區建國里3鄰桃鶯路79號,68,6800100,6800100-042,3鄰,桃鶯路,,,,,,79號,121.318112162996,24.9880196618506
桃園市桃園區建國里3鄰桃鶯路79之1號,68,6800100,6800100-042,3鄰,桃鶯路,,,,,,79之1號,121.318112162996,24.9880196618506
桃園市桃園區建國里3鄰桃鶯路81號,68,6800100,6800100-042,3鄰,桃鶯路,,,,,,81號,121.318161444965,24.9879621364626
桃園市桃園區建國里3鄰桃鶯路83號,68,6800100,6800100-042,3鄰,桃鶯路,,,,,,83號,121.318140232857,24.9878798436497
桃園市桃園區建國里3鄰桃鶯路85號,68,6800100,6800100-042,3鄰,桃鶯路,,,,,,85號,121.318135423342,24.987820086537
桃園市桃園區建國里3鄰桃鶯路87巷1之4號,68,6800100,6800100-042,3鄰,桃鶯路,,87巷,,,,1之4號,121.318324973269,24.9878402657427
桃園市桃園區建國里3鄰桃鶯路87巷1之5號,68,6800100,6800100-042,3鄰,桃鶯路,,87巷,,,,1之5號,121.318368263937,24.9878796268381
桃園市桃園區建國里3鄰桃鶯路87巷3號,68,6800100,6800100-042,3鄰,桃鶯路,,87巷,,,,3號,121.318464462242,24.9878461968361
桃園市桃園區建國里3鄰桃鶯路87巷5號,68,6800100,6800100-042,3鄰,桃鶯路,,87巷,,,,5號,121.318578779923,24.987848028665
桃園市桃園區建國里6鄰桃鶯路87巷6號,68,6800100,6800100-042,6鄰,桃鶯路,,87巷,,,,6號,121.318448756934,24.9877482733112
桃園市桃園區建國里6鄰桃鶯路87巷8號,68,6800100,6800100-042,6鄰,桃鶯路,,87巷,,,,8號,121.318490973266,24.9877166741754
桃園市桃園區建國里3鄰桃鶯路87巷9之3號,68,6800100,6800100-042,3鄰,桃鶯路,,87巷,,,,9之3號,121.318379058642,24.9879555318069
桃園市桃園區建國里3鄰桃鶯路87巷9號,68,6800100,6800100-042,3鄰,桃鶯路,,87巷,,,,9號,121.318587170445,24.9879519265163
桃園市桃園區建國里6鄰桃鶯路87巷10號,68,6800100,6800100-042,6鄰,桃鶯路,,87巷,,,,10號,121.318529203364,24.9877142449924
桃園市桃園區建國里3鄰桃鶯路87巷11號,68,6800100,6800100-042,3鄰,桃鶯路,,87巷,,,,11號,121.318394960411,24.9880528229348
桃園市桃園區建國里6鄰桃鶯路87巷12號,68,6800100,6800100-042,6鄰,桃鶯路,,87巷,,,,12號,121.318574766731,24.9877129737812
桃園市桃園區建國里3鄰桃鶯路87巷13號,68,6800100,6800100-042,3鄰,桃鶯路,,87巷,,,,13號,121.31844175308,24.9881057189745
桃園市桃園區建國里3鄰桃鶯路87巷15號,68,6800100,6800100-042,3鄰,桃鶯路,,87巷,,,,15號,121.318539254692,24.9881167054046
桃園市桃園區建國里3鄰桃鶯路87巷17號,68,6800100,6800100-042,3鄰,桃鶯路,,87巷,,,,17號,121.318848344429,24.9878587367341
桃園市桃園區建國里3鄰桃鶯路87巷19號,68,6800100,6800100-042,3鄰,桃鶯路,,87巷,,,,19號,121.318847474943,24.9879056857928
桃園市桃園區建國里3鄰桃鶯路87巷21號,68,6800100,6800100-042,3鄰,桃鶯路,,87巷,,,,21號,121.31883917125,24.9879507548348
桃園市桃園區建國里3鄰桃鶯路87巷23號,68,6800100,6800100-042,3鄰,桃鶯路,,87巷,,,,23號,121.318839285119,24.9879949030109
桃園市桃園區建國里6鄰桃鶯路87巷24號,68,6800100,6800100-042,6鄰,桃鶯路,,87巷,,,,24號,121.319041533642,24.9877536846123
桃園市桃園區建國里3鄰桃鶯路87巷25號,68,6800100,6800100-042,3鄰,桃鶯路,,87巷,,,,25號,121.318839403645,24.9880408568382
桃園市桃園區建國里6鄰桃鶯路87巷26號,68,6800100,6800100-042,6鄰,桃鶯路,,87巷,,,,26號,121.319085713475,24.9877536801736
桃園市桃園區建國里3鄰桃鶯路87巷27號,68,6800100,6800100-042,3鄰,桃鶯路,,87巷,,,,27號,121.318835262924,24.9880869100736
桃園市桃園區建國里3鄰桃鶯路87巷28號,68,6800100,6800100-042,3鄰,桃鶯路,,87巷,,,,28號,121.319004121039,24.9878809736584
桃園市桃園區建國里3鄰桃鶯路87巷29號,68,6800100,6800100-042,3鄰,桃鶯路,,87巷,,,,29號,121.318833276554,24.988123298405
桃園市桃園區建國里3鄰桃鶯路87巷30號,68,6800100,6800100-042,3鄰,桃鶯路,,87巷,,,,30號,121.319016317189,24.9879240125374
桃園市桃園區建國里3鄰桃鶯路87巷31號,68,6800100,6800100-042,3鄰,桃鶯路,,87巷,,,,31號,121.318827048165,24.9881664670545
桃園市桃園區建國里3鄰桃鶯路87巷32號,68,6800100,6800100-042,3鄰,桃鶯路,,87巷,,,,32號,121.318998887214,24.9879640452996
桃園市桃園區建國里3鄰桃鶯路87巷34號,68,6800100,6800100-042,3鄰,桃鶯路,,87巷,,,,34號,121.319001870315,24.9880068330787
桃園市桃園區建國里5鄰桃鶯路87巷35號,68,6800100,6800100-042,5鄰,桃鶯路,,87巷,,,,35號,121.319419194589,24.9878888407808
桃園市桃園區建國里3鄰桃鶯路87巷36號,68,6800100,6800100-042,3鄰,桃鶯路,,87巷,,,,36號,121.318996853746,24.9880589371613
桃園市桃園區建國里5鄰桃鶯路87巷37號,68,6800100,6800100-042,5鄰,桃鶯路,,87巷,,,,37號,121.319493447239,24.9878346921132
桃園市桃園區建國里5鄰桃鶯路87巷39號,68,6800100,6800100-042,5鄰,桃鶯路,,87巷,,,,39號,121.319578521413,24.9876749792656
桃園市桃園區建國里5鄰桃鶯路87巷44號,68,6800100,6800100-042,5鄰,桃鶯路,,87巷,,,,44號,121.319288920679,24.987883974209
桃園市桃園區建國里5鄰桃鶯路87巷45號,68,6800100,6800100-042,5鄰,桃鶯路,,87巷,,,,45號,121.319538977188,24.9880120908627
桃園市桃園區建國里5鄰桃鶯路87巷46號,68,6800100,6800100-042,5鄰,桃鶯路,,87巷,,,,46號,121.31930287934,24.987842323766
桃園市桃園區建國里5鄰桃鶯路87巷47之1號,68,6800100,6800100-042,5鄰,桃鶯路,,87巷,,,,47之1號,121.319656225331,24.9878063548064
桃園市桃園區建國里5鄰桃鶯路87巷47之2號,68,6800100,6800100-042,5鄰,桃鶯路,,87巷,,,,47之2號,121.319728135708,24.9877658437964
桃園市桃園區建國里5鄰桃鶯路87巷47號,68,6800100,6800100-042,5鄰,桃鶯路,,87巷,,,,47號,121.319284183505,24.9877757349754
桃園市桃園區建國里5鄰桃鶯路87巷47之2號一樓之1,68,6800100,6800100-042,5鄰,桃鶯路,,87巷,,,,47之2號一樓之1,121.319728135708,24.9877658437964
桃園市桃園區建國里5鄰桃鶯路87巷47之2號三樓,68,6800100,6800100-042,5鄰,桃鶯路,,87巷,,,,47之2號三樓,121.319728135708,24.9877658437964
桃園市桃園區建國里5鄰桃鶯路87巷47之2號四樓,68,6800100,6800100-042,5鄰,桃鶯路,,87巷,,,,47之2號四樓,121.319728135708,24.9877658437964
桃園市桃園區建國里5鄰桃鶯路87巷47之2號二樓,68,6800100,6800100-042,5鄰,桃鶯路,,87巷,,,,47之2號二樓,121.319728135708,24.9877658437964
桃園市桃園區建國里5鄰桃鶯路87巷47之2號一樓,68,6800100,6800100-042,5鄰,桃鶯路,,87巷,,,,47之2號一樓,121.319728135708,24.9877658437964
桃園市桃園區建國里5鄰桃鶯路87巷48號,68,6800100,6800100-042,5鄰,桃鶯路,,87巷,,,,48號,121.31937381351,24.987807322288
桃園市桃園區建國里5鄰桃鶯路87巷51號,68,6800100,6800100-042,5鄰,桃鶯路,,87巷,,,,51號,121.319808949082,24.9876823388803
桃園市桃園區建國里5鄰桃鶯路87巷52號,68,6800100,6800100-042,5鄰,桃鶯路,,87巷,,,,52號,121.319549923996,24.9874184561931
桃園市桃園區建國里5鄰桃鶯路87巷53號,68,6800100,6800100-042,5鄰,桃鶯路,,87巷,,,,53號,121.319823711216,24.9876450202494
桃園市桃園區建國里5鄰桃鶯路87巷54號,68,6800100,6800100-042,5鄰,桃鶯路,,87巷,,,,54號,121.31946786733,24.9872125161131
桃園市桃園區建國里5鄰桃鶯路87巷55號,68,6800100,6800100-042,5鄰,桃鶯路,,87巷,,,,55號,121.319830744771,24.9876069056794
桃園市桃園區建國里5鄰桃鶯路87巷57號,68,6800100,6800100-042,5鄰,桃鶯路,,87巷,,,,57號,121.319839544301,24.9875621966497
桃園市桃園區建國里5鄰桃鶯路87巷59號,68,6800100,6800100-042,5鄰,桃鶯路,,87巷,,,,59號,121.319847477771,24.9875273303349
桃園市桃園區建國里5鄰桃鶯路87巷61號,68,6800100,6800100-042,5鄰,桃鶯路,,87巷,,,,61號,121.319843813137,24.9874892387566
桃園市桃園區建國里5鄰桃鶯路87巷63號,68,6800100,6800100-042,5鄰,桃鶯路,,87巷,,,,63號,121.319830341614,24.9874510779715
桃園市桃園區建國里6鄰桃鶯路89號二樓,68,6800100,6800100-042,6鄰,桃鶯路,,,,,,89號二樓,121.318174617698,24.987730441934
桃園市桃園區建國里6鄰桃鶯路89號三樓,68,6800100,6800100-042,6鄰,桃鶯路,,,,,,89號三樓,121.318174617698,24.987730441934
桃園市桃園區建國里6鄰桃鶯路89號四樓,68,6800100,6800100-042,6鄰,桃鶯路,,,,,,89號四樓,121.318174617698,24.987730441934
桃園市桃園區建國里6鄰桃鶯路89號一樓,68,6800100,6800100-042,6鄰,桃鶯路,,,,,,89號一樓,121.318174617698,24.987730441934
桃園市桃園區建國里6鄰桃鶯路89號五樓,68,6800100,6800100-042,6鄰,桃鶯路,,,,,,89號五樓,121.318174617698,24.987730441934
桃園市桃園區建國里6鄰桃鶯路91號,68,6800100,6800100-042,6鄰,桃鶯路,,,,,,91號,121.318178472637,24.9876887229116
桃園市桃園區建國里6鄰桃鶯路91號一樓,68,6800100,6800100-042,6鄰,桃鶯路,,,,,,91號一樓,121.318178472637,24.9876887229116
桃園市桃園區建國里6鄰桃鶯路91號三樓,68,6800100,6800100-042,6鄰,桃鶯路,,,,,,91號三樓,121.318178472637,24.9876887229116
桃園市桃園區建國里6鄰桃鶯路91號四樓,68,6800100,6800100-042,6鄰,桃鶯路,,,,,,91號四樓,121.318178472637,24.9876887229116
桃園市桃園區建國里6鄰桃鶯路91號五樓,68,6800100,6800100-042,6鄰,桃鶯路,,,,,,91號五樓,121.318178472637,24.9876887229116
桃園市桃園區建國里6鄰桃鶯路91號二樓,68,6800100,6800100-042,6鄰,桃鶯路,,,,,,91號二樓,121.318178472637,24.9876887229116
桃園市桃園區建國里6鄰桃鶯路93號,68,6800100,6800100-042,6鄰,桃鶯路,,,,,,93號,121.318169745503,24.9876078479348
桃園市桃園區建國里6鄰桃鶯路97號,68,6800100,6800100-042,6鄰,桃鶯路,,,,,,97號,121.318144035218,24.9873942931398
桃園市桃園區建國里6鄰桃鶯路99號,68,6800100,6800100-042,6鄰,桃鶯路,,,,,,99號,121.318155726589,24.9873568006678
桃園市桃園區建國里6鄰桃鶯路101號,68,6800100,6800100-042,6鄰,桃鶯路,,,,,,101號,121.318162938775,24.9873109214446
桃園市桃園區建國里6鄰桃鶯路103號,68,6800100,6800100-042,6鄰,桃鶯路,,,,,,103號,121.318169078524,24.9872717254616
桃園市桃園區建國里6鄰桃鶯路105號,68,6800100,6800100-042,6鄰,桃鶯路,,,,,,105號,121.318171532944,24.9872246827293
桃園市桃園區建國里6鄰桃鶯路107號,68,6800100,6800100-042,6鄰,桃鶯路,,,,,,107號,121.318173898531,24.9871816126422
桃園市桃園區建國里6鄰桃鶯路109號,68,6800100,6800100-042,6鄰,桃鶯路,,,,,,109號,121.318176355737,24.9871356533003
桃園市桃園區建國里6鄰桃鶯路111號,68,6800100,6800100-042,6鄰,桃鶯路,,,,,,111號,121.318175166658,24.9870970146835
桃園市桃園區建國里6鄰桃鶯路113號,68,6800100,6800100-042,6鄰,桃鶯路,,,,,,113號,121.318175171839,24.9870605403072
桃園市桃園區建國里6鄰桃鶯路115號,68,6800100,6800100-042,6鄰,桃鶯路,,,,,,115號,121.318185965152,24.9870205218252
桃園市桃園區建國里6鄰桃鶯路117號,68,6800100,6800100-042,6鄰,桃鶯路,,,,,,117號,121.318184586092,24.986985043522
桃園市桃園區建國里6鄰桃鶯路119號,68,6800100,6800100-042,6鄰,桃鶯路,,,,,,119號,121.31817883831,24.9869456021034
桃園市桃園區建國里6鄰桃鶯路121號,68,6800100,6800100-042,6鄰,桃鶯路,,,,,,121號,121.31818985366,24.9869148823035
桃園市桃園區建國里6鄰桃鶯路123號,68,6800100,6800100-042,6鄰,桃鶯路,,,,,,123號,121.318183890572,24.9868687603968
桃園市桃園區建國里6鄰桃鶯路123號一樓,68,6800100,6800100-042,6鄰,桃鶯路,,,,,,123號一樓,121.318183890572,24.9868687603968
桃園市桃園區建國里6鄰桃鶯路123號二樓,68,6800100,6800100-042,6鄰,桃鶯路,,,,,,123號二樓,121.318183890572,24.9868687603968
桃園市桃園區建國里6鄰桃鶯路123號三樓,68,6800100,6800100-042,6鄰,桃鶯路,,,,,,123號三樓,121.318183890572,24.9868687603968
桃園市桃園區建國里6鄰桃鶯路123號五樓,68,6800100,6800100-042,6鄰,桃鶯路,,,,,,123號五樓,121.318183890572,24.9868687603968
桃園市桃園區建國里6鄰桃鶯路123號四樓,68,6800100,6800100-042,6鄰,桃鶯路,,,,,,123號四樓,121.318183890572,24.9868687603968
桃園市桃園區建國里6鄰桃鶯路125號,68,6800100,6800100-042,6鄰,桃鶯路,,,,,,125號,121.31818121425,24.9868295832599
桃園市桃園區建國里6鄰桃鶯路125號五樓,68,6800100,6800100-042,6鄰,桃鶯路,,,,,,125號五樓,121.31818121425,24.9868295832599
桃園市桃園區建國里6鄰桃鶯路125號三樓,68,6800100,6800100-042,6鄰,桃鶯路,,,,,,125號三樓,121.31818121425,24.9868295832599
桃園市桃園區建國里6鄰桃鶯路125號二樓,68,6800100,6800100-042,6鄰,桃鶯路,,,,,,125號二樓,121.31818121425,24.9868295832599
桃園市桃園區建國里6鄰桃鶯路125號一樓,68,6800100,6800100-042,6鄰,桃鶯路,,,,,,125號一樓,121.31818121425,24.9868295832599
桃園市桃園區建國里6鄰桃鶯路125號四樓,68,6800100,6800100-042,6鄰,桃鶯路,,,,,,125號四樓,121.31818121425,24.9868295832599
桃園市桃園區建國里6鄰桃鶯路127號,68,6800100,6800100-042,6鄰,桃鶯路,,,,,,127號,121.31817824657,24.9867926638229
桃園市桃園區建國里6鄰桃鶯路129號,68,6800100,6800100-042,6鄰,桃鶯路,,,,,,129號,121.318181319718,24.9867550994887
桃園市桃園區建國里6鄰桃鶯路131之1號,68,6800100,6800100-042,6鄰,桃鶯路,,,,,,131之1號,121.318181222821,24.9867174516489
桃園市桃園區建國里6鄰桃鶯路131號,68,6800100,6800100-042,6鄰,桃鶯路,,,,,,131號,121.318181222821,24.9867174516489
桃園市桃園區建國里6鄰桃鶯路133之1號,68,6800100,6800100-042,6鄰,桃鶯路,,,,,,133之1號,121.318540215438,24.9866827372468
桃園市桃園區建國里6鄰桃鶯路133號,68,6800100,6800100-042,6鄰,桃鶯路,,,,,,133號,121.318397833059,24.9864374719391
桃園市桃園區建國里6鄰桃鶯路143號,68,6800100,6800100-042,6鄰,桃鶯路,,,,,,143號,121.318215540276,24.9861571717017
桃園市桃園區雲林里7鄰桃鶯路78之1巷9號,68,6800100,6800100-032,7鄰,桃鶯路,,78之1巷,,,,9號,121.317424831624,24.985524982642
桃園市桃園區雲林里7鄰桃鶯路78之1巷11號,68,6800100,6800100-032,7鄰,桃鶯路,,78之1巷,,,,11號,121.317376893798,24.9855270711069
桃園市桃園區雲林里7鄰桃鶯路78之1巷13號,68,6800100,6800100-032,7鄰,桃鶯路,,78之1巷,,,,13號,121.317322706197,24.9855255615578
桃園市桃園區雲林里7鄰桃鶯路78之1巷15號,68,6800100,6800100-032,7鄰,桃鶯路,,78之1巷,,,,15號,121.317279981478,24.9855132838623
桃園市桃園區雲林里7鄰桃鶯路78之1巷17號,68,6800100,6800100-032,7鄰,桃鶯路,,78之1巷,,,,17號,121.31722797496,24.9855124918936
桃園市桃園區雲林里7鄰桃鶯路78之1巷19號,68,6800100,6800100-032,7鄰,桃鶯路,,78之1巷,,,,19號,121.317187359607,24.9855115853467
桃園市桃園區雲林里7鄰桃鶯路78之1巷21號,68,6800100,6800100-032,7鄰,桃鶯路,,78之1巷,,,,21號,121.317134244025,24.9855032119279
桃園市桃園區雲林里6鄰桃鶯路72號,68,6800100,6800100-032,6鄰,桃鶯路,,,,,,72號,121.317907231651,24.9857932674628
桃園市桃園區雲林里6鄰桃鶯路74號,68,6800100,6800100-032,6鄰,桃鶯路,,,,,,74號,121.317915353224,24.9857543380981
桃園市桃園區雲林里6鄰桃鶯路76號,68,6800100,6800100-032,6鄰,桃鶯路,,,,,,76號,121.317920975878,24.9857066566103
桃園市桃園區雲林里6鄰桃鶯路78號,68,6800100,6800100-032,6鄰,桃鶯路,,,,,,78號,121.317938789347,24.9856616575721
桃園市桃園區雲林里6鄰桃鶯路80號,68,6800100,6800100-032,6鄰,桃鶯路,,,,,,80號,121.317946183382,24.9856094581436
桃園市桃園區雲林里6鄰桃鶯路82號,68,6800100,6800100-032,6鄰,桃鶯路,,,,,,82號,121.317948140029,24.9855614233534
桃園市桃園區雲林里6鄰桃鶯路84號,68,6800100,6800100-032,6鄰,桃鶯路,,,,,,84號,121.317956246018,24.9855164450509
桃園市桃園區雲林里6鄰桃鶯路86號,68,6800100,6800100-032,6鄰,桃鶯路,,,,,,86號,121.317968916453,24.9854745266214
桃園市桃園區雲林里6鄰桃鶯路88號,68,6800100,6800100-032,6鄰,桃鶯路,,,,,,88號,121.317981393413,24.985434414266
桃園市桃園區雲林里6鄰桃鶯路90號,68,6800100,6800100-032,6鄰,桃鶯路,,,,,,90號,121.317984416203,24.985377258603
桃園市桃園區雲林里7鄰桃鶯路92巷2號,68,6800100,6800100-032,7鄰,桃鶯路,,92巷,,,,2號,121.317789289851,24.9853827312363
桃園市桃園區雲林里7鄰桃鶯路92巷2號五樓,68,6800100,6800100-032,7鄰,桃鶯路,,92巷,,,,2號五樓,121.317789289851,24.9853827312363
桃園市桃園區雲林里7鄰桃鶯路92巷2號二樓,68,6800100,6800100-032,7鄰,桃鶯路,,92巷,,,,2號二樓,121.317789289851,24.9853827312363
桃園市桃園區雲林里7鄰桃鶯路92巷2號三樓,68,6800100,6800100-032,7鄰,桃鶯路,,92巷,,,,2號三樓,121.317789289851,24.9853827312363
桃園市桃園區雲林里7鄰桃鶯路92巷2號四樓,68,6800100,6800100-032,7鄰,桃鶯路,,92巷,,,,2號四樓,121.317789289851,24.9853827312363
桃園市桃園區雲林里7鄰桃鶯路92巷3號,68,6800100,6800100-032,7鄰,桃鶯路,,92巷,,,,3號,121.317608523847,24.9851943351377
桃園市桃園區雲林里7鄰桃鶯路92巷4號,68,6800100,6800100-032,7鄰,桃鶯路,,92巷,,,,4號,121.31773716252,24.9853734530913
桃園市桃園區雲林里7鄰桃鶯路92巷4號二樓,68,6800100,6800100-032,7鄰,桃鶯路,,92巷,,,,4號二樓,121.31773716252,24.9853734530913
桃園市桃園區雲林里7鄰桃鶯路92巷4號三樓,68,6800100,6800100-032,7鄰,桃鶯路,,92巷,,,,4號三樓,121.31773716252,24.9853734530913
桃園市桃園區雲林里7鄰桃鶯路92巷5號,68,6800100,6800100-032,7鄰,桃鶯路,,92巷,,,,5號,121.317557580867,24.9851833390222
桃園市桃園區雲林里7鄰桃鶯路92巷6號,68,6800100,6800100-032,7鄰,桃鶯路,,92巷,,,,6號,121.317688013127,24.9853666062151
桃園市桃園區雲林里7鄰桃鶯路92巷7號,68,6800100,6800100-032,7鄰,桃鶯路,,92巷,,,,7號,121.317512002652,24.9851784706955
桃園市桃園區雲林里7鄰桃鶯路92巷8號,68,6800100,6800100-032,7鄰,桃鶯路,,92巷,,,,8號,121.317637673912,24.9853593104465
桃園市桃園區雲林里7鄰桃鶯路92巷9號,68,6800100,6800100-032,7鄰,桃鶯路,,92巷,,,,9號,121.317469077142,24.985165110084
桃園市桃園區雲林里7鄰桃鶯路92巷10號,68,6800100,6800100-032,7鄰,桃鶯路,,92巷,,,,10號,121.317589992968,24.9853456891707
桃園市桃園區雲林里7鄰桃鶯路92巷11號,68,6800100,6800100-032,7鄰,桃鶯路,,92巷,,,,11號,121.317418134419,24.9851542042031
桃園市桃園區雲林里7鄰桃鶯路92巷12號,68,6800100,6800100-032,7鄰,桃鶯路,,92巷,,,,12號,121.317550172895,24.9853458644226
桃園市桃園區雲林里7鄰桃鶯路92巷13號,68,6800100,6800100-032,7鄰,桃鶯路,,92巷,,,,13號,121.317365611685,24.9851451976193
桃園市桃園區雲林里7鄰桃鶯路92巷14號,68,6800100,6800100-032,7鄰,桃鶯路,,92巷,,,,14號,121.31749375787,24.9853641316881
桃園市桃園區雲林里7鄰桃鶯路92巷15號,68,6800100,6800100-032,7鄰,桃鶯路,,92巷,,,,15號,121.317318191991,24.9851561327042
桃園市桃園區雲林里7鄰桃鶯路92巷16號,68,6800100,6800100-032,7鄰,桃鶯路,,92巷,,,,16號,121.317443823235,24.9853600851826
桃園市桃園區雲林里7鄰桃鶯路92巷17號,68,6800100,6800100-032,7鄰,桃鶯路,,92巷,,,,17號,121.317269227378,24.9851440488742
桃園市桃園區雲林里7鄰桃鶯路92巷18號,68,6800100,6800100-032,7鄰,桃鶯路,,92巷,,,,18號,121.317398413402,24.9853436602247
桃園市桃園區雲林里7鄰桃鶯路92巷19號,68,6800100,6800100-032,7鄰,桃鶯路,,92巷,,,,19號,121.317221765978,24.9851387330574
桃園市桃園區雲林里7鄰桃鶯路92巷20號,68,6800100,6800100-032,7鄰,桃鶯路,,92巷,,,,20號,121.317348478777,24.9853396136871
桃園市桃園區雲林里7鄰桃鶯路92巷22號,68,6800100,6800100-032,7鄰,桃鶯路,,92巷,,,,22號,121.317300827762,24.9853376387755
桃園市桃園區雲林里7鄰桃鶯路92巷24號,68,6800100,6800100-032,7鄰,桃鶯路,,92巷,,,,24號,121.317253077691,24.9853356640598
桃園市桃園區雲林里7鄰桃鶯路92巷26號,68,6800100,6800100-032,7鄰,桃鶯路,,92巷,,,,26號,121.317204048935,24.9853372130954
桃園市桃園區雲林里7鄰桃鶯路92巷28號,68,6800100,6800100-032,7鄰,桃鶯路,,92巷,,,,28號,121.317146384286,24.9853317384353
桃園市桃園區雲林里6鄰桃鶯路92巷34號,68,6800100,6800100-032,6鄰,桃鶯路,,92巷,,,,34號,121.317014498519,24.9855084326161
桃園市桃園區雲林里7鄰桃鶯路94號,68,6800100,6800100-032,7鄰,桃鶯路,,,,,,94號,121.317988060992,24.9852538338114
桃園市桃園區雲林里7鄰桃鶯路96號,68,6800100,6800100-032,7鄰,桃鶯路,,,,,,96號,121.317979608214,24.9852024807843
桃園市桃園區雲林里7鄰桃鶯路102號五樓之2,68,6800100,6800100-032,7鄰,桃鶯路,,,,,,102號五樓之2,121.318022233853,24.985137747002
桃園市桃園區雲林里7鄰桃鶯路102號六樓之1,68,6800100,6800100-032,7鄰,桃鶯路,,,,,,102號六樓之1,121.318022233853,24.985137747002
桃園市桃園區雲林里7鄰桃鶯路102號三樓之1,68,6800100,6800100-032,7鄰,桃鶯路,,,,,,102號三樓之1,121.318022233853,24.985137747002
桃園市桃園區雲林里7鄰桃鶯路102號六樓之2,68,6800100,6800100-032,7鄰,桃鶯路,,,,,,102號六樓之2,121.318022233853,24.985137747002
桃園市桃園區雲林里7鄰桃鶯路102號七樓之1,68,6800100,6800100-032,7鄰,桃鶯路,,,,,,102號七樓之1,121.318022233853,24.985137747002
桃園市桃園區雲林里7鄰桃鶯路102號七樓之2,68,6800100,6800100-032,7鄰,桃鶯路,,,,,,102號七樓之2,121.318022233853,24.985137747002
桃園市桃園區雲林里7鄰桃鶯路102號四樓之1,68,6800100,6800100-032,7鄰,桃鶯路,,,,,,102號四樓之1,121.318022233853,24.985137747002
桃園市桃園區雲林里7鄰桃鶯路102號四樓之2,68,6800100,6800100-032,7鄰,桃鶯路,,,,,,102號四樓之2,121.318022233853,24.985137747002
桃園市桃園區雲林里7鄰桃鶯路102號一樓,68,6800100,6800100-032,7鄰,桃鶯路,,,,,,102號一樓,121.318022233853,24.985137747002
桃園市桃園區雲林里7鄰桃鶯路102號二樓,68,6800100,6800100-032,7鄰,桃鶯路,,,,,,102號二樓,121.318022233853,24.985137747002
桃園市桃園區雲林里7鄰桃鶯路102號三樓之2,68,6800100,6800100-032,7鄰,桃鶯路,,,,,,102號三樓之2,121.318022233853,24.985137747002
桃園市桃園區雲林里7鄰桃鶯路102號五樓之1,68,6800100,6800100-032,7鄰,桃鶯路,,,,,,102號五樓之1,121.318022233853,24.985137747002
桃園市桃園區雲林里8鄰桃鶯路104巷1號,68,6800100,6800100-032,8鄰,桃鶯路,,104巷,,,,1號,121.317923702295,24.9849949490725
桃園市桃園區雲林里8鄰桃鶯路104巷1號三樓,68,6800100,6800100-032,8鄰,桃鶯路,,104巷,,,,1號三樓,121.317923702295,24.9849949490725
桃園市桃園區雲林里8鄰桃鶯路104巷1號四樓,68,6800100,6800100-032,8鄰,桃鶯路,,104巷,,,,1號四樓,121.317923702295,24.9849949490725
桃園市桃園區雲林里8鄰桃鶯路104巷2之4號,68,6800100,6800100-032,8鄰,桃鶯路,,104巷,,,,2之4號,121.317737994541,24.9851961352939
桃園市桃園區雲林里8鄰桃鶯路104巷2之6號,68,6800100,6800100-032,8鄰,桃鶯路,,104巷,,,,2之6號,121.317737994541,24.9851961352939
桃園市桃園區雲林里8鄰桃鶯路104巷2之2號,68,6800100,6800100-032,8鄰,桃鶯路,,104巷,,,,2之2號,121.317737994541,24.9851961352939
桃園市桃園區雲林里8鄰桃鶯路104巷2之1號,68,6800100,6800100-032,8鄰,桃鶯路,,104巷,,,,2之1號,121.317737994541,24.9851961352939
桃園市桃園區雲林里8鄰桃鶯路104巷2之3號,68,6800100,6800100-032,8鄰,桃鶯路,,104巷,,,,2之3號,121.317737994541,24.9851961352939
桃園市桃園區雲林里8鄰桃鶯路104巷2之5號,68,6800100,6800100-032,8鄰,桃鶯路,,104巷,,,,2之5號,121.317737994541,24.9851961352939
桃園市桃園區雲林里8鄰桃鶯路104巷2號,68,6800100,6800100-032,8鄰,桃鶯路,,104巷,,,,2號,121.317737994541,24.9851961352939
桃園市桃園區雲林里8鄰桃鶯路104巷3號,68,6800100,6800100-032,8鄰,桃鶯路,,104巷,,,,3號,121.317848904657,24.9849523146403
桃園市桃園區雲林里8鄰桃鶯路104巷4之4號,68,6800100,6800100-032,8鄰,桃鶯路,,104巷,,,,4之4號,121.317709845153,24.9850736812103
桃園市桃園區雲林里8鄰桃鶯路104巷4之6號,68,6800100,6800100-032,8鄰,桃鶯路,,104巷,,,,4之6號,121.317709845153,24.9850736812103
桃園市桃園區雲林里8鄰桃鶯路104巷4號,68,6800100,6800100-032,8鄰,桃鶯路,,104巷,,,,4號,121.317709845153,24.9850736812103
桃園市桃園區雲林里8鄰桃鶯路104巷4之5號,68,6800100,6800100-032,8鄰,桃鶯路,,104巷,,,,4之5號,121.317709845153,24.9850736812103
桃園市桃園區雲林里8鄰桃鶯路104巷4之1號,68,6800100,6800100-032,8鄰,桃鶯路,,104巷,,,,4之1號,121.317709845153,24.9850736812103
桃園市桃園區雲林里8鄰桃鶯路104巷4之2號,68,6800100,6800100-032,8鄰,桃鶯路,,104巷,,,,4之2號,121.317709845153,24.9850736812103
桃園市桃園區雲林里8鄰桃鶯路104巷4之3號,68,6800100,6800100-032,8鄰,桃鶯路,,104巷,,,,4之3號,121.317709845153,24.9850736812103
桃園市桃園區雲林里8鄰桃鶯路104巷5弄1號,68,6800100,6800100-032,8鄰,桃鶯路,,104巷,5弄,,,1號,121.317730970092,24.9849681854404
桃園市桃園區雲林里8鄰桃鶯路104巷5弄2號,68,6800100,6800100-032,8鄰,桃鶯路,,104巷,5弄,,,2號,121.317561432219,24.9849087798659
桃園市桃園區雲林里8鄰桃鶯路104巷5弄3號,68,6800100,6800100-032,8鄰,桃鶯路,,104巷,5弄,,,3號,121.317743734732,24.9849243708804
桃園市桃園區雲林里8鄰桃鶯路104巷5弄4號,68,6800100,6800100-032,8鄰,桃鶯路,,104巷,5弄,,,4號,121.317572024426,24.9848675881655
桃園市桃園區雲林里8鄰桃鶯路104巷5弄5號,68,6800100,6800100-032,8鄰,桃鶯路,,104巷,5弄,,,5號,121.317751077552,24.9848907698863
桃園市桃園區雲林里8鄰桃鶯路104巷5弄6號,68,6800100,6800100-032,8鄰,桃鶯路,,104巷,5弄,,,6號,121.317579846099,24.9848275760565
桃園市桃園區雲林里8鄰桃鶯路104巷5弄7號,68,6800100,6800100-032,8鄰,桃鶯路,,104巷,5弄,,,7號,121.317763855404,24.9848521014334
桃園市桃園區雲林里8鄰桃鶯路104巷5弄8號,68,6800100,6800100-032,8鄰,桃鶯路,,104巷,5弄,,,8號,121.317587767055,24.9847876540182
桃園市桃園區雲林里8鄰桃鶯路104巷5弄9號,68,6800100,6800100-032,8鄰,桃鶯路,,104巷,5弄,,,9號,121.317769302941,24.9848133583474
桃園市桃園區雲林里8鄰桃鶯路104巷5弄10號,68,6800100,6800100-032,8鄰,桃鶯路,,104巷,5弄,,,10號,121.317591635795,24.9847512616679
桃園市桃園區雲林里8鄰桃鶯路104巷5弄11號,68,6800100,6800100-032,8鄰,桃鶯路,,104巷,5弄,,,11號,121.317776637162,24.9847764168949
桃園市桃園區雲林里8鄰桃鶯路104巷5弄12號,68,6800100,6800100-032,8鄰,桃鶯路,,104巷,5弄,,,12號,121.317603518709,24.9847112408907
桃園市桃園區雲林里8鄰桃鶯路104巷5弄13號,68,6800100,6800100-032,8鄰,桃鶯路,,104巷,5弄,,,13號,121.317780207056,24.9847393931963
桃園市桃園區雲林里8鄰桃鶯路104巷5弄14號,68,6800100,6800100-032,8鄰,桃鶯路,,104巷,5弄,,,14號,121.317608780705,24.9846773734936
桃園市桃園區雲林里8鄰桃鶯路104巷5弄15號,68,6800100,6800100-032,8鄰,桃鶯路,,104巷,5弄,,,15號,121.317791201894,24.9847007285475
桃園市桃園區雲林里8鄰桃鶯路104巷5弄16號,68,6800100,6800100-032,8鄰,桃鶯路,,104巷,5弄,,,16號,121.317625916532,24.9846385151849
桃園市桃園區雲林里8鄰桃鶯路104巷5弄18號,68,6800100,6800100-032,8鄰,桃鶯路,,104巷,5弄,,,18號,121.31762309593,24.9845816428418
桃園市桃園區雲林里8鄰桃鶯路104巷5弄20號,68,6800100,6800100-032,8鄰,桃鶯路,,104巷,5弄,,,20號,121.31764298672,24.984535556002
桃園市桃園區雲林里8鄰桃鶯路104巷5弄22號,68,6800100,6800100-032,8鄰,桃鶯路,,104巷,5弄,,,22號,121.317689333245,24.9844925725994
桃園市桃園區雲林里8鄰桃鶯路104巷5弄24號,68,6800100,6800100-032,8鄰,桃鶯路,,104巷,5弄,,,24號,121.31770647227,24.9844549782376
桃園市桃園區雲林里8鄰桃鶯路104巷5弄26號,68,6800100,6800100-032,8鄰,桃鶯路,,104巷,5弄,,,26號,121.317699607095,24.9844046149131
桃園市桃園區雲林里8鄰桃鶯路104巷5弄28號,68,6800100,6800100-032,8鄰,桃鶯路,,104巷,5弄,,,28號,121.31772688495,24.9843807219395
桃園市桃園區雲林里8鄰桃鶯路104巷5弄30號,68,6800100,6800100-032,8鄰,桃鶯路,,104巷,5弄,,,30號,121.317744804784,24.9843386117502
桃園市桃園區雲林里8鄰桃鶯路104巷5弄32號,68,6800100,6800100-032,8鄰,桃鶯路,,104巷,5弄,,,32號,121.317756406457,24.9843048210949
桃園市桃園區雲林里8鄰桃鶯路104巷5弄34號,68,6800100,6800100-032,8鄰,桃鶯路,,104巷,5弄,,,34號,121.3177614262,24.9842538004157
桃園市桃園區雲林里8鄰桃鶯路104巷14號,68,6800100,6800100-032,8鄰,桃鶯路,,104巷,,,,14號,121.317396340364,24.9849605934101
桃園市桃園區雲林里8鄰桃鶯路104巷16號,68,6800100,6800100-032,8鄰,桃鶯路,,104巷,,,,16號,121.317350745088,24.9849490441192
桃園市桃園區雲林里8鄰桃鶯路104巷18號,68,6800100,6800100-032,8鄰,桃鶯路,,104巷,,,,18號,121.317303093064,24.9849466177937
桃園市桃園區雲林里8鄰桃鶯路104巷21號,68,6800100,6800100-032,8鄰,桃鶯路,,104巷,,,,21號,121.317474397657,24.9848454062373
桃園市桃園區雲林里9鄰桃鶯路104巷27號,68,6800100,6800100-032,9鄰,桃鶯路,,104巷,,,,27號,121.317457685119,24.9846247899543
桃園市桃園區雲林里9鄰桃鶯路104巷28弄1號,68,6800100,6800100-032,9鄰,桃鶯路,,104巷,28弄,,,1號,121.317178346944,24.9848171468643
桃園市桃園區雲林里9鄰桃鶯路104巷28弄2號,68,6800100,6800100-032,9鄰,桃鶯路,,104巷,28弄,,,2號,121.317066188324,24.9847677301351
桃園市桃園區雲林里9鄰桃鶯路104巷28弄3號,68,6800100,6800100-032,9鄰,桃鶯路,,104巷,28弄,,,3號,121.317187756634,24.9847783050709
桃園市桃園區雲林里9鄰桃鶯路104巷28弄4號,68,6800100,6800100-032,9鄰,桃鶯路,,104巷,28弄,,,4號,121.317070821178,24.9847202313458
桃園市桃園區雲林里9鄰桃鶯路104巷28弄5號,68,6800100,6800100-032,9鄰,桃鶯路,,104巷,28弄,,,5號,121.317197177204,24.98474370656
桃園市桃園區雲林里9鄰桃鶯路104巷28弄6號,68,6800100,6800100-032,9鄰,桃鶯路,,104巷,28弄,,,6號,121.317080242008,24.9846857231244
桃園市桃園區雲林里9鄰桃鶯路104巷28弄7號,68,6800100,6800100-032,9鄰,桃鶯路,,104巷,28弄,,,7號,121.317206493387,24.9847070317592
桃園市桃園區雲林里9鄰桃鶯路104巷28弄8號,68,6800100,6800100-032,9鄰,桃鶯路,,104巷,28弄,,,8號,121.317091935308,24.9846489529827
桃園市桃園區雲林里9鄰桃鶯路104巷28弄9號,68,6800100,6800100-032,9鄰,桃鶯路,,104巷,28弄,,,9號,121.317220663025,24.9846702563298
桃園市桃園區雲林里9鄰桃鶯路104巷28弄10號,68,6800100,6800100-032,9鄰,桃鶯路,,104巷,28弄,,,10號,121.317103727888,24.9846122729115
桃園市桃園區雲林里9鄰桃鶯路104巷28弄11號,68,6800100,6800100-032,9鄰,桃鶯路,,104巷,28弄,,,11號,121.317227700932,24.9846335863834
桃園市桃園區雲林里9鄰桃鶯路104巷28弄12號,68,6800100,6800100-032,9鄰,桃鶯路,,104巷,28弄,,,12號,121.317110771384,24.984577769753
桃園市桃園區雲林里9鄰桃鶯路104巷29之1號,68,6800100,6800100-032,9鄰,桃鶯路,,104巷,,,,29之1號,121.317488467033,24.9844995918932
桃園市桃園區雲林里9鄰桃鶯路104巷29號,68,6800100,6800100-032,9鄰,桃鶯路,,104巷,,,,29號,121.317460357885,24.9845469602069
桃園市桃園區雲林里9鄰桃鶯路104巷31之1號,68,6800100,6800100-032,9鄰,桃鶯路,,104巷,,,,31之1號,121.317271957652,24.9845481744989
桃園市桃園區雲林里9鄰桃鶯路104巷31號,68,6800100,6800100-032,9鄰,桃鶯路,,104巷,,,,31號,121.317312100122,24.984557929779
桃園市桃園區雲林里9鄰桃鶯路104巷32號,68,6800100,6800100-032,9鄰,桃鶯路,,104巷,,,,32號,121.317124485535,24.9845178828241
桃園市桃園區雲林里9鄰桃鶯路104巷37之1號,68,6800100,6800100-032,9鄰,桃鶯路,,104巷,,,,37之1號,121.317171716903,24.9841633306441
桃園市桃園區雲林里9鄰桃鶯路104巷39之2號,68,6800100,6800100-032,9鄰,桃鶯路,,104巷,,,,39之2號,121.317110143134,24.9841397173876
桃園市桃園區雲林里9鄰桃鶯路104巷39號,68,6800100,6800100-032,9鄰,桃鶯路,,104巷,,,,39號,121.317120134606,24.984250473491
桃園市桃園區雲林里9鄰桃鶯路104巷41號,68,6800100,6800100-032,9鄰,桃鶯路,,104巷,,,,41號,121.317055593529,24.9841899407375
桃園市桃園區雲林里9鄰桃鶯路104巷42號,68,6800100,6800100-032,9鄰,桃鶯路,,104巷,,,,42號,121.316726777569,24.984285618694
桃園市桃園區雲林里9鄰桃鶯路104巷44號,68,6800100,6800100-032,9鄰,桃鶯路,,104巷,,,,44號,121.316544588341,24.9842751723214
桃園市桃園區雲林里9鄰桃鶯路104巷46號,68,6800100,6800100-032,9鄰,桃鶯路,,104巷,,,,46號,121.316406690193,24.9842699582768
桃園市桃園區雲林里9鄰桃鶯路104巷47之1號,68,6800100,6800100-032,9鄰,桃鶯路,,104巷,,,,47之1號,121.316920086207,24.9841126761411
桃園市桃園區雲林里9鄰桃鶯路104巷47之2號,68,6800100,6800100-032,9鄰,桃鶯路,,104巷,,,,47之2號,121.316920086207,24.9841126761411
桃園市桃園區雲林里9鄰桃鶯路104巷47號,68,6800100,6800100-032,9鄰,桃鶯路,,104巷,,,,47號,121.316920086207,24.9841126761411
桃園市桃園區雲林里9鄰桃鶯路104巷48號,68,6800100,6800100-032,9鄰,桃鶯路,,104巷,,,,48號,121.316376567596,24.9842274086765
桃園市桃園區雲林里9鄰桃鶯路104巷50號,68,6800100,6800100-032,9鄰,桃鶯路,,104巷,,,,50號,121.316340897965,24.98418487086
桃園市桃園區雲林里9鄰桃鶯路104巷51號,68,6800100,6800100-032,9鄰,桃鶯路,,104巷,,,,51號,121.316893568789,24.9840468259224
桃園市桃園區雲林里9鄰桃鶯路104巷53號,68,6800100,6800100-032,9鄰,桃鶯路,,104巷,,,,53號,121.316884641433,24.9839646872848
桃園市桃園區雲林里7鄰桃鶯路106號,68,6800100,6800100-032,7鄰,桃鶯路,,,,,,106號,121.317996535964,24.9850057177257
桃園市桃園區雲林里7鄰桃鶯路108號,68,6800100,6800100-032,7鄰,桃鶯路,,,,,,108號,121.318056735167,24.9849568362098
桃園市桃園區雲林里7鄰桃鶯路110號,68,6800100,6800100-032,7鄰,桃鶯路,,,,,,110號,121.318064450201,24.9849139352454
桃園市桃園區雲林里7鄰桃鶯路112號,68,6800100,6800100-032,7鄰,桃鶯路,,,,,,112號,121.318074839485,24.9848709382819
桃園市桃園區雲林里7鄰桃鶯路114號,68,6800100,6800100-032,7鄰,桃鶯路,,,,,,114號,121.318093072695,24.9848351472018
桃園市桃園區雲林里7鄰桃鶯路116號,68,6800100,6800100-032,7鄰,桃鶯路,,,,,,116號,121.31810791642,24.9847909670348
桃園市桃園區雲林里7鄰桃鶯路118號,68,6800100,6800100-032,7鄰,桃鶯路,,,,,,118號,121.318128908281,24.9847493919346
桃園市桃園區雲林里7鄰桃鶯路120號,68,6800100,6800100-032,7鄰,桃鶯路,,,,,,120號,121.318128980248,24.9847003680514
桃園市桃園區雲林里7鄰桃鶯路122之2號,68,6800100,6800100-032,7鄰,桃鶯路,,,,,,122之2號,121.318179577118,24.9845769331598
桃園市桃園區雲林里7鄰桃鶯路122號,68,6800100,6800100-032,7鄰,桃鶯路,,,,,,122號,121.318149881628,24.9846621336165
桃園市桃園區雲林里7鄰桃鶯路122之1號,68,6800100,6800100-032,7鄰,桃鶯路,,,,,,122之1號,121.318165822351,24.9846208401575
桃園市桃園區雲林里7鄰桃鶯路124號,68,6800100,6800100-032,7鄰,桃鶯路,,,,,,124號,121.317955944709,24.9843978379719
桃園市桃園區雲林里7鄰桃鶯路126號,68,6800100,6800100-032,7鄰,桃鶯路,,,,,,126號,121.318283014047,24.9842395948423
桃園市桃園區雲林里7鄰桃鶯路128號,68,6800100,6800100-032,7鄰,桃鶯路,,,,,,128號,121.31828926987,24.984207079542
桃園市桃園區雲林里7鄰桃鶯路130號,68,6800100,6800100-032,7鄰,桃鶯路,,,,,,130號,121.318296908735,24.9841731167537
桃園市桃園區雲林里7鄰桃鶯路132號,68,6800100,6800100-032,7鄰,桃鶯路,,,,,,132號,121.318308501873,24.9841360758819
桃園市桃園區雲林里7鄰桃鶯路134號,68,6800100,6800100-032,7鄰,桃鶯路,,,,,,134號,121.318319094,24.9840949744098
桃園市桃園區雲林里7鄰桃鶯路136號,68,6800100,6800100-032,7鄰,桃鶯路,,,,,,136號,121.318329661249,24.9840442126963
桃園市桃園區雲林里12鄰桃鶯路138號,68,6800100,6800100-032,12鄰,桃鶯路,,,,,,138號,121.318440831239,24.9838252188832
桃園市桃園區雲林里12鄰桃鶯路140號,68,6800100,6800100-032,12鄰,桃鶯路,,,,,,140號,121.318502211601,24.9837737164475
桃園市桃園區雲林里12鄰桃鶯路142號,68,6800100,6800100-032,12鄰,桃鶯路,,,,,,142號,121.318512581105,24.9837231357091
桃園市桃園區雲林里12鄰桃鶯路144號,68,6800100,6800100-032,12鄰,桃鶯路,,,,,,144號,121.318528211867,24.9836769675828
桃園市桃園區雲林里12鄰桃鶯路146號,68,6800100,6800100-032,12鄰,桃鶯路,,,,,,146號,121.318544255116,24.9836371183903
桃園市桃園區雲林里12鄰桃鶯路148號,68,6800100,6800100-032,12鄰,桃鶯路,,,,,,148號,121.318550675222,24.9835915116729
桃園市桃園區雲林里12鄰桃鶯路150號,68,6800100,6800100-032,12鄰,桃鶯路,,,,,,150號,121.318564054229,24.9835556406376
桃園市桃園區雲林里12鄰桃鶯路152號一樓,68,6800100,6800100-032,12鄰,桃鶯路,,,,,,152號一樓,121.318597639266,24.9834809046063
桃園市桃園區雲林里2鄰桃鶯路153號,68,6800100,6800100-032,2鄰,桃鶯路,,,,,,153號,121.318242085256,24.9859639091191
桃園市桃園區雲林里12鄰桃鶯路154號四樓,68,6800100,6800100-032,12鄰,桃鶯路,,,,,,154號四樓,121.318604942922,24.9834322263683
桃園市桃園區雲林里12鄰桃鶯路154號三樓,68,6800100,6800100-032,12鄰,桃鶯路,,,,,,154號三樓,121.318604942922,24.9834322263683
桃園市桃園區雲林里12鄰桃鶯路154號二樓,68,6800100,6800100-032,12鄰,桃鶯路,,,,,,154號二樓,121.318604942922,24.9834322263683
桃園市桃園區雲林里12鄰桃鶯路154號六樓,68,6800100,6800100-032,12鄰,桃鶯路,,,,,,154號六樓,121.318604942922,24.9834322263683
桃園市桃園區雲林里12鄰桃鶯路154號七樓,68,6800100,6800100-032,12鄰,桃鶯路,,,,,,154號七樓,121.318604942922,24.9834322263683
桃園市桃園區雲林里12鄰桃鶯路154號五樓,68,6800100,6800100-032,12鄰,桃鶯路,,,,,,154號五樓,121.318604942922,24.9834322263683
桃園市桃園區雲林里2鄰桃鶯路155號,68,6800100,6800100-032,2鄰,桃鶯路,,,,,,155號,121.318241987182,24.9859258098625
桃園市桃園區雲林里2鄰桃鶯路157號,68,6800100,6800100-032,2鄰,桃鶯路,,,,,,157號,121.318243171723,24.9858857216348
桃園市桃園區雲林里2鄰桃鶯路157號三樓,68,6800100,6800100-032,2鄰,桃鶯路,,,,,,157號三樓,121.318243171723,24.9858857216348
桃園市桃園區雲林里2鄰桃鶯路157號四樓,68,6800100,6800100-032,2鄰,桃鶯路,,,,,,157號四樓,121.318243171723,24.9858857216348
桃園市桃園區雲林里2鄰桃鶯路157號五樓,68,6800100,6800100-032,2鄰,桃鶯路,,,,,,157號五樓,121.318243171723,24.9858857216348
桃園市桃園區雲林里2鄰桃鶯路159號,68,6800100,6800100-032,2鄰,桃鶯路,,,,,,159號,121.318240198007,24.9858464548467
桃園市桃園區雲林里2鄰桃鶯路161號,68,6800100,6800100-032,2鄰,桃鶯路,,,,,,161號,121.318247615165,24.9858032836656
桃園市桃園區雲林里2鄰桃鶯路165號,68,6800100,6800100-032,2鄰,桃鶯路,,,,,,165號,121.318238171503,24.9857133818941
桃園市桃園區雲林里2鄰桃鶯路169號,68,6800100,6800100-032,2鄰,桃鶯路,,,,,,169號,121.318304116648,24.9856646685602
桃園市桃園區雲林里2鄰桃鶯路171號,68,6800100,6800100-032,2鄰,桃鶯路,,,,,,171號,121.318242251311,24.9856051237343
桃園市桃園區雲林里2鄰桃鶯路173號,68,6800100,6800100-032,2鄰,桃鶯路,,,,,,173號,121.318243440265,24.9855667508745
桃園市桃園區雲林里2鄰桃鶯路175號,68,6800100,6800100-032,2鄰,桃鶯路,,,,,,175號,121.318247487888,24.9855229549154
桃園市桃園區雲林里2鄰桃鶯路177號,68,6800100,6800100-032,2鄰,桃鶯路,,,,,,177號,121.318252220065,24.9854757267344
桃園市桃園區雲林里2鄰桃鶯路179號,68,6800100,6800100-032,2鄰,桃鶯路,,,,,,179號,121.318268148305,24.9854295580076
桃園市桃園區雲林里2鄰桃鶯路181號,68,6800100,6800100-032,2鄰,桃鶯路,,,,,,181號,121.318268059987,24.9853952506178
桃園市桃園區雲林里2鄰桃鶯路183號,68,6800100,6800100-032,2鄰,桃鶯路,,,,,,183號,121.318274182648,24.9853494639914
桃園市桃園區雲林里2鄰桃鶯路185號,68,6800100,6800100-032,2鄰,桃鶯路,,,,,,185號,121.318289148898,24.9853144021407
桃園市桃園區雲林里2鄰桃鶯路187號,68,6800100,6800100-032,2鄰,桃鶯路,,,,,,187號,121.318294986468,24.9852733108442
桃園市桃園區雲林里2鄰桃鶯路189號,68,6800100,6800100-032,2鄰,桃鶯路,,,,,,189號,121.318297865854,24.9852374622939
桃園市桃園區雲林里2鄰桃鶯路191號,68,6800100,6800100-032,2鄰,桃鶯路,,,,,,191號,121.318312602128,24.9851900321471
桃園市桃園區雲林里2鄰桃鶯路193號,68,6800100,6800100-032,2鄰,桃鶯路,,,,,,193號,121.318315563362,24.9851475024713
桃園市桃園區雲林里2鄰桃鶯路195號,68,6800100,6800100-032,2鄰,桃鶯路,,,,,,195號,121.318332190968,24.9851036796011
桃園市桃園區雲林里2鄰桃鶯路197號,68,6800100,6800100-032,2鄰,桃鶯路,,,,,,197號,121.318342478794,24.9850597800067
桃園市桃園區雲林里2鄰桃鶯路199號,68,6800100,6800100-032,2鄰,桃鶯路,,,,,,199號,121.318341169946,24.9850131064404
桃園市桃園區雲林里2鄰桃鶯路201號,68,6800100,6800100-032,2鄰,桃鶯路,,,,,,201號,121.318380989456,24.9849742898095
桃園市桃園區雲林里2鄰桃鶯路203號,68,6800100,6800100-032,2鄰,桃鶯路,,,,,,203號,121.318387228084,24.9849350935951
桃園市桃園區雲林里2鄰桃鶯路205號,68,6800100,6800100-032,2鄰,桃鶯路,,,,,,205號,121.318399583944,24.9848864948502
桃園市桃園區雲林里2鄰桃鶯路207號,68,6800100,6800100-032,2鄰,桃鶯路,,,,,,207號,121.318405799311,24.9848382703736
桃園市桃園區雲林里2鄰桃鶯路209號,68,6800100,6800100-032,2鄰,桃鶯路,,,,,,209號,121.318412124888,24.9847943792499
桃園市桃園區雲林里2鄰桃鶯路211號,68,6800100,6800100-032,2鄰,桃鶯路,,,,,,211號,121.318426589016,24.9847567002478
桃園市桃園區雲林里2鄰桃鶯路213號,68,6800100,6800100-032,2鄰,桃鶯路,,,,,,213號,121.318435988309,24.9847139762267
桃園市桃園區雲林里2鄰桃鶯路215號,68,6800100,6800100-032,2鄰,桃鶯路,,,,,,215號,121.318472727688,24.9846715548365
桃園市桃園區雲林里2鄰桃鶯路217號,68,6800100,6800100-032,2鄰,桃鶯路,,,,,,217號,121.318485492035,24.984627740214
桃園市桃園區雲林里2鄰桃鶯路219號,68,6800100,6800100-032,2鄰,桃鶯路,,,,,,219號,121.318493402452,24.9845838456944
桃園市桃園區雲林里2鄰桃鶯路221號,68,6800100,6800100-032,2鄰,桃鶯路,,,,,,221號,121.318498139388,24.9845385134358
桃園市桃園區雲林里2鄰桃鶯路223號,68,6800100,6800100-032,2鄰,桃鶯路,,,,,,223號,121.318496662383,24.9845034867494
桃園市桃園區雲林里2鄰桃鶯路225號,68,6800100,6800100-032,2鄰,桃鶯路,,,,,,225號,121.318503376689,24.9844567057287
桃園市桃園區雲林里2鄰桃鶯路227號,68,6800100,6800100-032,2鄰,桃鶯路,,,,,,227號,121.31851347141,24.9844147927612
桃園市桃園區雲林里2鄰桃鶯路229號,68,6800100,6800100-032,2鄰,桃鶯路,,,,,,229號,121.318560335887,24.984380746009
桃園市桃園區雲林里2鄰桃鶯路229號地下室壹層,68,6800100,6800100-032,2鄰,桃鶯路,,,,,,229號地下室壹層,121.318560335887,24.984380746009
桃園市桃園區雲林里2鄰桃鶯路231巷1號,68,6800100,6800100-032,2鄰,桃鶯路,,231巷,,,,1號,121.318633836866,24.9844199521055
桃園市桃園區雲林里2鄰桃鶯路231巷1號三樓,68,6800100,6800100-032,2鄰,桃鶯路,,231巷,,,,1號三樓,121.318633836866,24.9844199521055
桃園市桃園區雲林里2鄰桃鶯路231巷1號四樓,68,6800100,6800100-032,2鄰,桃鶯路,,231巷,,,,1號四樓,121.318633790331,24.9844018955828
桃園市桃園區雲林里2鄰桃鶯路231巷1號五樓,68,6800100,6800100-032,2鄰,桃鶯路,,231巷,,,,1號五樓,121.318633790331,24.9844018955828
桃園市桃園區雲林里2鄰桃鶯路231巷1號六樓,68,6800100,6800100-032,2鄰,桃鶯路,,231巷,,,,1號六樓,121.318633790331,24.9844018955828
桃園市桃園區雲林里2鄰桃鶯路231巷1號七樓,68,6800100,6800100-032,2鄰,桃鶯路,,231巷,,,,1號七樓,121.318633790331,24.9844018955828
桃園市桃園區雲林里2鄰桃鶯路231巷2號四樓,68,6800100,6800100-032,2鄰,桃鶯路,,231巷,,,,2號四樓,121.318616416496,24.9842713833962
桃園市桃園區雲林里2鄰桃鶯路231巷2號七樓,68,6800100,6800100-032,2鄰,桃鶯路,,231巷,,,,2號七樓,121.318616416496,24.9842713833962
桃園市桃園區雲林里2鄰桃鶯路231巷2號六樓,68,6800100,6800100-032,2鄰,桃鶯路,,231巷,,,,2號六樓,121.318616416496,24.9842713833962
桃園市桃園區雲林里2鄰桃鶯路231巷2號五樓,68,6800100,6800100-032,2鄰,桃鶯路,,231巷,,,,2號五樓,121.318616416496,24.9842713833962
桃園市桃園區雲林里2鄰桃鶯路231巷2號三樓,68,6800100,6800100-032,2鄰,桃鶯路,,231巷,,,,2號三樓,121.318616416496,24.9842713833962
桃園市桃園區雲林里2鄰桃鶯路231巷3號,68,6800100,6800100-032,2鄰,桃鶯路,,231巷,,,,3號,121.318707247127,24.9844239479461
桃園市桃園區雲林里2鄰桃鶯路231巷3號三樓,68,6800100,6800100-032,2鄰,桃鶯路,,231巷,,,,3號三樓,121.318707247127,24.9844239479461
桃園市桃園區雲林里2鄰桃鶯路231巷3號四樓,68,6800100,6800100-032,2鄰,桃鶯路,,231巷,,,,3號四樓,121.318707247127,24.9844239479461
桃園市桃園區雲林里2鄰桃鶯路231巷3號五樓,68,6800100,6800100-032,2鄰,桃鶯路,,231巷,,,,3號五樓,121.318707247127,24.9844239479461
桃園市桃園區雲林里2鄰桃鶯路231巷3號六樓,68,6800100,6800100-032,2鄰,桃鶯路,,231巷,,,,3號六樓,121.318685533974,24.9844546004158
桃園市桃園區雲林里2鄰桃鶯路231巷3號七樓,68,6800100,6800100-032,2鄰,桃鶯路,,231巷,,,,3號七樓,121.318685533974,24.9844546004158
桃園市桃園區雲林里2鄰桃鶯路231巷4號三樓,68,6800100,6800100-032,2鄰,桃鶯路,,231巷,,,,4號三樓,121.318655968372,24.9842825841082
桃園市桃園區雲林里2鄰桃鶯路231巷4號五樓,68,6800100,6800100-032,2鄰,桃鶯路,,231巷,,,,4號五樓,121.318655968372,24.9842825841082
桃園市桃園區雲林里2鄰桃鶯路231巷4號六樓,68,6800100,6800100-032,2鄰,桃鶯路,,231巷,,,,4號六樓,121.318655968372,24.9842825841082
桃園市桃園區雲林里2鄰桃鶯路231巷4號七樓,68,6800100,6800100-032,2鄰,桃鶯路,,231巷,,,,4號七樓,121.318655968372,24.9842825841082
桃園市桃園區雲林里2鄰桃鶯路231巷4號四樓,68,6800100,6800100-032,2鄰,桃鶯路,,231巷,,,,4號四樓,121.318655968372,24.9842825841082
桃園市桃園區雲林里2鄰桃鶯路231巷5號,68,6800100,6800100-032,2鄰,桃鶯路,,231巷,,,,5號,121.318752150344,24.9844360400036
桃園市桃園區雲林里2鄰桃鶯路231巷5號三樓,68,6800100,6800100-032,2鄰,桃鶯路,,231巷,,,,5號三樓,121.318752150344,24.9844360400036
桃園市桃園區雲林里2鄰桃鶯路231巷5號五樓,68,6800100,6800100-032,2鄰,桃鶯路,,231巷,,,,5號五樓,121.318752150344,24.9844360400036
桃園市桃園區雲林里2鄰桃鶯路231巷5號六樓,68,6800100,6800100-032,2鄰,桃鶯路,,231巷,,,,5號六樓,121.318752150344,24.9844360400036
桃園市桃園區雲林里2鄰桃鶯路231巷5號七樓,68,6800100,6800100-032,2鄰,桃鶯路,,231巷,,,,5號七樓,121.318752150344,24.9844360400036
桃園市桃園區雲林里2鄰桃鶯路231巷5號四樓,68,6800100,6800100-032,2鄰,桃鶯路,,231巷,,,,5號四樓,121.318752150344,24.9844360400036
桃園市桃園區雲林里2鄰桃鶯路231巷6號三樓,68,6800100,6800100-032,2鄰,桃鶯路,,231巷,,,,6號三樓,121.318701769541,24.9842972021862
桃園市桃園區雲林里2鄰桃鶯路231巷6號六樓,68,6800100,6800100-032,2鄰,桃鶯路,,231巷,,,,6號六樓,121.318701769541,24.9842972021862
桃園市桃園區雲林里2鄰桃鶯路231巷6號七樓,68,6800100,6800100-032,2鄰,桃鶯路,,231巷,,,,6號七樓,121.318701769541,24.9842972021862
桃園市桃園區雲林里2鄰桃鶯路231巷6號四樓,68,6800100,6800100-032,2鄰,桃鶯路,,231巷,,,,6號四樓,121.318701769541,24.9842972021862
桃園市桃園區雲林里2鄰桃鶯路231巷6號五樓,68,6800100,6800100-032,2鄰,桃鶯路,,231巷,,,,6號五樓,121.318701769541,24.9842972021862
桃園市桃園區雲林里2鄰桃鶯路231巷7號三樓,68,6800100,6800100-032,2鄰,桃鶯路,,231巷,,,,7號三樓,121.318623455258,24.9844658381519
桃園市桃園區雲林里2鄰桃鶯路231巷7號四樓,68,6800100,6800100-032,2鄰,桃鶯路,,231巷,,,,7號四樓,121.318623455258,24.9844658381519
桃園市桃園區雲林里2鄰桃鶯路231巷7號五樓,68,6800100,6800100-032,2鄰,桃鶯路,,231巷,,,,7號五樓,121.318623455258,24.9844658381519
桃園市桃園區雲林里2鄰桃鶯路231巷7號六樓,68,6800100,6800100-032,2鄰,桃鶯路,,231巷,,,,7號六樓,121.318623455258,24.9844658381519
桃園市桃園區雲林里2鄰桃鶯路231巷7號七樓,68,6800100,6800100-032,2鄰,桃鶯路,,231巷,,,,7號七樓,121.318623455258,24.9844658381519
桃園市桃園區雲林里2鄰桃鶯路231巷8號五樓,68,6800100,6800100-032,2鄰,桃鶯路,,231巷,,,,8號五樓,121.318742617755,24.9843117405743
桃園市桃園區雲林里2鄰桃鶯路231巷8號六樓,68,6800100,6800100-032,2鄰,桃鶯路,,231巷,,,,8號六樓,121.318742617755,24.9843117405743
桃園市桃園區雲林里2鄰桃鶯路231巷8號三樓,68,6800100,6800100-032,2鄰,桃鶯路,,231巷,,,,8號三樓,121.318742617755,24.9843117405743
桃園市桃園區雲林里2鄰桃鶯路231巷8號七樓,68,6800100,6800100-032,2鄰,桃鶯路,,231巷,,,,8號七樓,121.318742617755,24.9843117405743
桃園市桃園區雲林里2鄰桃鶯路231巷8號四樓,68,6800100,6800100-032,2鄰,桃鶯路,,231巷,,,,8號四樓,121.318742617755,24.9843117405743
桃園市桃園區雲林里2鄰桃鶯路231巷9號三樓,68,6800100,6800100-032,2鄰,桃鶯路,,231巷,,,,9號三樓,121.31867653659,24.9844994903873
桃園市桃園區雲林里2鄰桃鶯路231巷9號四樓,68,6800100,6800100-032,2鄰,桃鶯路,,231巷,,,,9號四樓,121.31867653659,24.9844994903873
桃園市桃園區雲林里2鄰桃鶯路231巷9號五樓,68,6800100,6800100-032,2鄰,桃鶯路,,231巷,,,,9號五樓,121.31867653659,24.9844994903873
桃園市桃園區雲林里2鄰桃鶯路231巷9號六樓,68,6800100,6800100-032,2鄰,桃鶯路,,231巷,,,,9號六樓,121.31867653659,24.9844994903873
桃園市桃園區雲林里2鄰桃鶯路231巷9號七樓,68,6800100,6800100-032,2鄰,桃鶯路,,231巷,,,,9號七樓,121.31867653659,24.9844994903873
桃園市桃園區雲林里2鄰桃鶯路231巷10號三樓,68,6800100,6800100-032,2鄰,桃鶯路,,231巷,,,,10號三樓,121.318776019422,24.9843195236673
桃園市桃園區雲林里2鄰桃鶯路231巷10號四樓,68,6800100,6800100-032,2鄰,桃鶯路,,231巷,,,,10號四樓,121.318776019422,24.9843195236673
桃園市桃園區雲林里2鄰桃鶯路231巷10號五樓,68,6800100,6800100-032,2鄰,桃鶯路,,231巷,,,,10號五樓,121.318776019422,24.9843195236673
桃園市桃園區雲林里2鄰桃鶯路231巷10號六樓,68,6800100,6800100-032,2鄰,桃鶯路,,231巷,,,,10號六樓,121.318776019422,24.9843195236673
桃園市桃園區雲林里2鄰桃鶯路231巷10號七樓,68,6800100,6800100-032,2鄰,桃鶯路,,231巷,,,,10號七樓,121.318776019422,24.9843195236673
桃園市桃園區雲林里2鄰桃鶯路231巷11號六樓,68,6800100,6800100-032,2鄰,桃鶯路,,231巷,,,,11號六樓,121.318719088117,24.984521518632
桃園市桃園區雲林里2鄰桃鶯路231巷11號三樓,68,6800100,6800100-032,2鄰,桃鶯路,,231巷,,,,11號三樓,121.31871904157,24.9845034621096
桃園市桃園區雲林里2鄰桃鶯路231巷11號四樓,68,6800100,6800100-032,2鄰,桃鶯路,,231巷,,,,11號四樓,121.318719088117,24.984521518632
桃園市桃園區雲林里2鄰桃鶯路231巷11號五樓,68,6800100,6800100-032,2鄰,桃鶯路,,231巷,,,,11號五樓,121.318719088117,24.984521518632
桃園市桃園區雲林里2鄰桃鶯路231巷11號七樓,68,6800100,6800100-032,2鄰,桃鶯路,,231巷,,,,11號七樓,121.318719088117,24.984521518632
桃園市桃園區雲林里2鄰桃鶯路231巷12號七樓,68,6800100,6800100-032,2鄰,桃鶯路,,231巷,,,,12號七樓,121.318791938475,24.9842699241414
桃園市桃園區雲林里2鄰桃鶯路231巷12號五樓,68,6800100,6800100-032,2鄰,桃鶯路,,231巷,,,,12號五樓,121.318791938475,24.9842699241414
桃園市桃園區雲林里2鄰桃鶯路231巷12號三樓,68,6800100,6800100-032,2鄰,桃鶯路,,231巷,,,,12號三樓,121.318791938475,24.9842699241414
桃園市桃園區雲林里2鄰桃鶯路231巷12號六樓,68,6800100,6800100-032,2鄰,桃鶯路,,231巷,,,,12號六樓,121.318791938475,24.9842699241414
桃園市桃園區雲林里2鄰桃鶯路231巷12號四樓,68,6800100,6800100-032,2鄰,桃鶯路,,231巷,,,,12號四樓,121.318791938475,24.9842699241414
桃園市桃園區雲林里2鄰桃鶯路231巷14號三樓,68,6800100,6800100-032,2鄰,桃鶯路,,231巷,,,,14號三樓,121.318756048818,24.9842576322248
桃園市桃園區雲林里2鄰桃鶯路231巷14號四樓,68,6800100,6800100-032,2鄰,桃鶯路,,231巷,,,,14號四樓,121.318756048818,24.9842576322248
桃園市桃園區雲林里2鄰桃鶯路231巷14號五樓,68,6800100,6800100-032,2鄰,桃鶯路,,231巷,,,,14號五樓,121.318756048818,24.9842576322248
桃園市桃園區雲林里2鄰桃鶯路231巷14號六樓,68,6800100,6800100-032,2鄰,桃鶯路,,231巷,,,,14號六樓,121.318756048818,24.9842576322248
桃園市桃園區雲林里2鄰桃鶯路231巷14號七樓,68,6800100,6800100-032,2鄰,桃鶯路,,231巷,,,,14號七樓,121.318756048818,24.9842576322248
桃園市桃園區雲林里2鄰桃鶯路231巷16號六樓,68,6800100,6800100-032,2鄰,桃鶯路,,231巷,,,,16號六樓,121.318716482279,24.9842407437345
桃園市桃園區雲林里2鄰桃鶯路231巷16號四樓,68,6800100,6800100-032,2鄰,桃鶯路,,231巷,,,,16號四樓,121.318716482279,24.9842407437345
桃園市桃園區雲林里2鄰桃鶯路231巷16號三樓,68,6800100,6800100-032,2鄰,桃鶯路,,231巷,,,,16號三樓,121.318716482279,24.9842407437345
桃園市桃園區雲林里2鄰桃鶯路231巷16號五樓,68,6800100,6800100-032,2鄰,桃鶯路,,231巷,,,,16號五樓,121.318716482279,24.9842407437345
桃園市桃園區雲林里2鄰桃鶯路231巷16號七樓,68,6800100,6800100-032,2鄰,桃鶯路,,231巷,,,,16號七樓,121.318716482279,24.9842407437345
桃園市桃園區雲林里2鄰桃鶯路231巷18號三樓,68,6800100,6800100-032,2鄰,桃鶯路,,231巷,,,,18號三樓,121.318675625481,24.9842228648821
桃園市桃園區雲林里2鄰桃鶯路231巷18號四樓,68,6800100,6800100-032,2鄰,桃鶯路,,231巷,,,,18號四樓,121.318675625481,24.9842228648821
桃園市桃園區雲林里2鄰桃鶯路231巷18號五樓,68,6800100,6800100-032,2鄰,桃鶯路,,231巷,,,,18號五樓,121.318675625481,24.9842228648821
桃園市桃園區雲林里2鄰桃鶯路231巷18號六樓,68,6800100,6800100-032,2鄰,桃鶯路,,231巷,,,,18號六樓,121.318675625481,24.9842228648821
桃園市桃園區雲林里2鄰桃鶯路231巷18號七樓,68,6800100,6800100-032,2鄰,桃鶯路,,231巷,,,,18號七樓,121.318675625481,24.9842228648821
桃園市桃園區雲林里2鄰桃鶯路231巷20號五樓,68,6800100,6800100-032,2鄰,桃鶯路,,231巷,,,,20號五樓,121.318634768463,24.9842048957356
桃園市桃園區雲林里2鄰桃鶯路231巷20號四樓,68,6800100,6800100-032,2鄰,桃鶯路,,231巷,,,,20號四樓,121.318634768463,24.9842048957356
桃園市桃園區雲林里2鄰桃鶯路231巷20號六樓,68,6800100,6800100-032,2鄰,桃鶯路,,231巷,,,,20號六樓,121.318634768463,24.9842048957356
桃園市桃園區雲林里2鄰桃鶯路231巷20號七樓,68,6800100,6800100-032,2鄰,桃鶯路,,231巷,,,,20號七樓,121.318634768463,24.9842048957356
桃園市桃園區雲林里2鄰桃鶯路231巷20號三樓,68,6800100,6800100-032,2鄰,桃鶯路,,231巷,,,,20號三樓,121.318634768463,24.9842048957356
桃園市桃園區雲林里2鄰桃鶯路233號,68,6800100,6800100-032,2鄰,桃鶯路,,,,,,233號,121.318552000953,24.9842214141532
桃園市桃園區雲林里2鄰桃鶯路233號二樓,68,6800100,6800100-032,2鄰,桃鶯路,,,,,,233號二樓,121.318552000953,24.9842214141532
桃園市桃園區雲林里2鄰桃鶯路245號四樓,68,6800100,6800100-032,2鄰,桃鶯路,,,,,,245號四樓,121.318701416189,24.9841216925692
桃園市桃園區雲林里2鄰桃鶯路245號五樓,68,6800100,6800100-032,2鄰,桃鶯路,,,,,,245號五樓,121.318701416189,24.9841216925692
桃園市桃園區雲林里2鄰桃鶯路245號六樓,68,6800100,6800100-032,2鄰,桃鶯路,,,,,,245號六樓,121.318701416189,24.9841216925692
桃園市桃園區雲林里2鄰桃鶯路245號七樓,68,6800100,6800100-032,2鄰,桃鶯路,,,,,,245號七樓,121.318701416189,24.9841216925692
桃園市桃園區雲林里2鄰桃鶯路245號一樓,68,6800100,6800100-032,2鄰,桃鶯路,,,,,,245號一樓,121.318701416189,24.9841216925692
桃園市桃園區雲林里2鄰桃鶯路245號二樓,68,6800100,6800100-032,2鄰,桃鶯路,,,,,,245號二樓,121.318701416189,24.9841216925692
桃園市桃園區雲林里2鄰桃鶯路245號三樓,68,6800100,6800100-032,2鄰,桃鶯路,,,,,,245號三樓,121.318701416189,24.9841216925692
桃園市桃園區雲林里21鄰桃鶯路249巷6號,68,6800100,6800100-032,21鄰,桃鶯路,,249巷,,,,6號,121.31895869147,24.9838642859701
桃園市桃園區雲林里21鄰桃鶯路249巷8號一樓,68,6800100,6800100-032,21鄰,桃鶯路,,249巷,,,,8號一樓,121.319055559296,24.9838996498932
桃園市桃園區雲林里21鄰桃鶯路249巷10號一樓,68,6800100,6800100-032,21鄰,桃鶯路,,249巷,,,,10號一樓,121.319128015535,24.9839179123061
桃園市桃園區雲林里21鄰桃鶯路249巷11號,68,6800100,6800100-032,21鄰,桃鶯路,,249巷,,,,11號,121.318942711607,24.9840822636557
桃園市桃園區雲林里21鄰桃鶯路249巷12弄1號一樓,68,6800100,6800100-032,21鄰,桃鶯路,,249巷,12弄,,,1號一樓,121.31923259655,24.9837179817754
桃園市桃園區雲林里21鄰桃鶯路249巷12弄1號二樓,68,6800100,6800100-032,21鄰,桃鶯路,,249巷,12弄,,,1號二樓,121.31923259655,24.9837179817754
桃園市桃園區雲林里21鄰桃鶯路249巷12弄1號五樓,68,6800100,6800100-032,21鄰,桃鶯路,,249巷,12弄,,,1號五樓,121.31923259655,24.9837179817754
桃園市桃園區雲林里21鄰桃鶯路249巷12弄1號六樓,68,6800100,6800100-032,21鄰,桃鶯路,,249巷,12弄,,,1號六樓,121.31923259655,24.9837179817754
桃園市桃園區雲林里21鄰桃鶯路249巷12弄1號四樓,68,6800100,6800100-032,21鄰,桃鶯路,,249巷,12弄,,,1號四樓,121.31923259655,24.9837179817754
桃園市桃園區雲林里21鄰桃鶯路249巷12弄1號三樓,68,6800100,6800100-032,21鄰,桃鶯路,,249巷,12弄,,,1號三樓,121.31923259655,24.9837179817754
桃園市桃園區雲林里21鄰桃鶯路249巷12弄2號四樓,68,6800100,6800100-032,21鄰,桃鶯路,,249巷,12弄,,,2號四樓,121.31916551845,24.9838261042426
桃園市桃園區雲林里21鄰桃鶯路249巷12弄2號五樓,68,6800100,6800100-032,21鄰,桃鶯路,,249巷,12弄,,,2號五樓,121.31916551845,24.9838261042426
桃園市桃園區雲林里21鄰桃鶯路249巷12弄2號二樓,68,6800100,6800100-032,21鄰,桃鶯路,,249巷,12弄,,,2號二樓,121.31916551845,24.9838261042426
桃園市桃園區雲林里21鄰桃鶯路249巷12弄2號三樓,68,6800100,6800100-032,21鄰,桃鶯路,,249巷,12弄,,,2號三樓,121.31916551845,24.9838261042426
桃園市桃園區雲林里21鄰桃鶯路249巷12弄2號六樓,68,6800100,6800100-032,21鄰,桃鶯路,,249巷,12弄,,,2號六樓,121.31916551845,24.9838261042426
桃園市桃園區雲林里21鄰桃鶯路249巷12弄2之1號四樓,68,6800100,6800100-032,21鄰,桃鶯路,,249巷,12弄,,,2之1號四樓,121.319150807828,24.9838832850002
桃園市桃園區雲林里21鄰桃鶯路249巷12弄3號五樓,68,6800100,6800100-032,21鄰,桃鶯路,,249巷,12弄,,,3號五樓,121.319263431022,24.9836522798096
桃園市桃園區雲林里21鄰桃鶯路249巷12弄3號六樓,68,6800100,6800100-032,21鄰,桃鶯路,,249巷,12弄,,,3號六樓,121.319263431022,24.9836522798096
桃園市桃園區雲林里21鄰桃鶯路249巷12弄3號一樓,68,6800100,6800100-032,21鄰,桃鶯路,,249巷,12弄,,,3號一樓,121.319263431022,24.9836522798096
桃園市桃園區雲林里21鄰桃鶯路249巷12弄3號二樓,68,6800100,6800100-032,21鄰,桃鶯路,,249巷,12弄,,,3號二樓,121.319263431022,24.9836522798096
桃園市桃園區雲林里21鄰桃鶯路249巷12弄3號三樓,68,6800100,6800100-032,21鄰,桃鶯路,,249巷,12弄,,,3號三樓,121.319263431022,24.9836522798096
桃園市桃園區雲林里21鄰桃鶯路249巷12弄3號四樓,68,6800100,6800100-032,21鄰,桃鶯路,,249巷,12弄,,,3號四樓,121.319263431022,24.9836522798096
桃園市桃園區雲林里21鄰桃鶯路249巷12弄4號二樓,68,6800100,6800100-032,21鄰,桃鶯路,,249巷,12弄,,,4號二樓,121.319150807828,24.9838832850002
桃園市桃園區雲林里21鄰桃鶯路249巷12弄4號五樓,68,6800100,6800100-032,21鄰,桃鶯路,,249巷,12弄,,,4號五樓,121.319150807828,24.9838832850002
桃園市桃園區雲林里21鄰桃鶯路249巷12弄4號六樓,68,6800100,6800100-032,21鄰,桃鶯路,,249巷,12弄,,,4號六樓,121.319150807828,24.9838832850002
桃園市桃園區雲林里21鄰桃鶯路249巷12弄4號三樓,68,6800100,6800100-032,21鄰,桃鶯路,,249巷,12弄,,,4號三樓,121.319150807828,24.9838832850002
桃園市桃園區雲林里21鄰桃鶯路249巷12弄5號二樓,68,6800100,6800100-032,21鄰,桃鶯路,,249巷,12弄,,,5號二樓,121.319162911149,24.9836218894226
桃園市桃園區雲林里21鄰桃鶯路249巷12弄5號三樓,68,6800100,6800100-032,21鄰,桃鶯路,,249巷,12弄,,,5號三樓,121.319162911149,24.9836218894226
桃園市桃園區雲林里21鄰桃鶯路249巷12弄5號五樓,68,6800100,6800100-032,21鄰,桃鶯路,,249巷,12弄,,,5號五樓,121.319162911149,24.9836218894226
桃園市桃園區雲林里21鄰桃鶯路249巷12弄5號六樓,68,6800100,6800100-032,21鄰,桃鶯路,,249巷,12弄,,,5號六樓,121.319162911149,24.9836218894226
桃園市桃園區雲林里21鄰桃鶯路249巷12弄5號四樓,68,6800100,6800100-032,21鄰,桃鶯路,,249巷,12弄,,,5號四樓,121.319162911149,24.9836218894226
桃園市桃園區雲林里21鄰桃鶯路249巷12弄5號一樓,68,6800100,6800100-032,21鄰,桃鶯路,,249巷,12弄,,,5號一樓,121.319162911149,24.9836218894226
桃園市桃園區雲林里21鄰桃鶯路249巷12弄6號二樓,68,6800100,6800100-032,21鄰,桃鶯路,,249巷,12弄,,,6號二樓,121.319070353372,24.9838747903215
桃園市桃園區雲林里21鄰桃鶯路249巷12弄6號三樓,68,6800100,6800100-032,21鄰,桃鶯路,,249巷,12弄,,,6號三樓,121.319070353372,24.9838747903215
桃園市桃園區雲林里21鄰桃鶯路249巷12弄6號六樓,68,6800100,6800100-032,21鄰,桃鶯路,,249巷,12弄,,,6號六樓,121.319070353372,24.9838747903215
桃園市桃園區雲林里21鄰桃鶯路249巷12弄6號五樓,68,6800100,6800100-032,21鄰,桃鶯路,,249巷,12弄,,,6號五樓,121.319070353372,24.9838747903215
桃園市桃園區雲林里21鄰桃鶯路249巷12弄6號四樓,68,6800100,6800100-032,21鄰,桃鶯路,,249巷,12弄,,,6號四樓,121.319070353372,24.9838747903215
桃園市桃園區雲林里21鄰桃鶯路249巷12弄7號六樓,68,6800100,6800100-032,21鄰,桃鶯路,,249巷,12弄,,,7號六樓,121.319133373655,24.9836911999118
桃園市桃園區雲林里21鄰桃鶯路249巷12弄7號五樓,68,6800100,6800100-032,21鄰,桃鶯路,,249巷,12弄,,,7號五樓,121.319133373655,24.9836911999118
桃園市桃園區雲林里21鄰桃鶯路249巷12弄7號二樓,68,6800100,6800100-032,21鄰,桃鶯路,,249巷,12弄,,,7號二樓,121.319133373655,24.9836911999118
桃園市桃園區雲林里21鄰桃鶯路249巷12弄7號一樓,68,6800100,6800100-032,21鄰,桃鶯路,,249巷,12弄,,,7號一樓,121.319133373655,24.9836911999118
桃園市桃園區雲林里21鄰桃鶯路249巷12弄7號四樓,68,6800100,6800100-032,21鄰,桃鶯路,,249巷,12弄,,,7號四樓,121.319133373655,24.9836911999118
桃園市桃園區雲林里21鄰桃鶯路249巷12弄7號三樓,68,6800100,6800100-032,21鄰,桃鶯路,,249巷,12弄,,,7號三樓,121.319133373655,24.9836911999118
桃園市桃園區雲林里21鄰桃鶯路249巷12弄8號,68,6800100,6800100-032,21鄰,桃鶯路,,249巷,12弄,,,8號,121.319096134572,24.9838084672421
桃園市桃園區雲林里21鄰桃鶯路249巷12弄8號二樓,68,6800100,6800100-032,21鄰,桃鶯路,,249巷,12弄,,,8號二樓,121.319096134572,24.9838084672421
桃園市桃園區雲林里21鄰桃鶯路249巷12弄8號四樓,68,6800100,6800100-032,21鄰,桃鶯路,,249巷,12弄,,,8號四樓,121.319096134572,24.9838084672421
桃園市桃園區雲林里21鄰桃鶯路249巷12弄8號五樓,68,6800100,6800100-032,21鄰,桃鶯路,,249巷,12弄,,,8號五樓,121.319096134572,24.9838084672421
桃園市桃園區雲林里21鄰桃鶯路249巷12弄8號三樓,68,6800100,6800100-032,21鄰,桃鶯路,,249巷,12弄,,,8號三樓,121.319096134572,24.9838084672421
桃園市桃園區雲林里21鄰桃鶯路249巷12弄8號六樓,68,6800100,6800100-032,21鄰,桃鶯路,,249巷,12弄,,,8號六樓,121.319096134572,24.9838084672421
桃園市桃園區雲林里21鄰桃鶯路249巷13號,68,6800100,6800100-032,21鄰,桃鶯路,,249巷,,,,13號,121.31899125691,24.9840855000923
桃園市桃園區雲林里21鄰桃鶯路249巷15號,68,6800100,6800100-032,21鄰,桃鶯路,,249巷,,,,15號,121.319033853123,24.9840864921877
桃園市桃園區雲林里21鄰桃鶯路249巷16號三樓,68,6800100,6800100-032,21鄰,桃鶯路,,249巷,,,,16號三樓,121.319330529208,24.9839355345623
桃園市桃園區雲林里21鄰桃鶯路249巷16號四樓,68,6800100,6800100-032,21鄰,桃鶯路,,249巷,,,,16號四樓,121.319330529208,24.9839355345623
桃園市桃園區雲林里21鄰桃鶯路249巷16號五樓,68,6800100,6800100-032,21鄰,桃鶯路,,249巷,,,,16號五樓,121.319330529208,24.9839355345623
桃園市桃園區雲林里21鄰桃鶯路249巷16號六樓,68,6800100,6800100-032,21鄰,桃鶯路,,249巷,,,,16號六樓,121.319330529208,24.9839355345623
桃園市桃園區雲林里21鄰桃鶯路249巷16號七樓,68,6800100,6800100-032,21鄰,桃鶯路,,249巷,,,,16號七樓,121.319330529208,24.9839355345623
桃園市桃園區雲林里21鄰桃鶯路249巷16號八樓,68,6800100,6800100-032,21鄰,桃鶯路,,249巷,,,,16號八樓,121.319330529208,24.9839355345623
桃園市桃園區雲林里21鄰桃鶯路249巷16號九樓,68,6800100,6800100-032,21鄰,桃鶯路,,249巷,,,,16號九樓,121.319330529208,24.9839355345623
桃園市桃園區雲林里21鄰桃鶯路249巷16號十樓,68,6800100,6800100-032,21鄰,桃鶯路,,249巷,,,,16號十樓,121.319330529208,24.9839355345623
桃園市桃園區雲林里21鄰桃鶯路249巷17號,68,6800100,6800100-032,21鄰,桃鶯路,,249巷,,,,17號,121.319091101709,24.9840844735148
桃園市桃園區雲林里21鄰桃鶯路249巷18號九樓,68,6800100,6800100-032,21鄰,桃鶯路,,249巷,,,,18號九樓,121.319400276522,24.9839404407535
桃園市桃園區雲林里21鄰桃鶯路249巷18號二樓,68,6800100,6800100-032,21鄰,桃鶯路,,249巷,,,,18號二樓,121.319400276522,24.9839404407535
桃園市桃園區雲林里21鄰桃鶯路249巷18號三樓,68,6800100,6800100-032,21鄰,桃鶯路,,249巷,,,,18號三樓,121.319400276522,24.9839404407535
桃園市桃園區雲林里21鄰桃鶯路249巷18號四樓,68,6800100,6800100-032,21鄰,桃鶯路,,249巷,,,,18號四樓,121.319400276522,24.9839404407535
桃園市桃園區雲林里21鄰桃鶯路249巷18號五樓,68,6800100,6800100-032,21鄰,桃鶯路,,249巷,,,,18號五樓,121.319400276522,24.9839404407535
桃園市桃園區雲林里21鄰桃鶯路249巷18號六樓,68,6800100,6800100-032,21鄰,桃鶯路,,249巷,,,,18號六樓,121.319400276522,24.9839404407535
桃園市桃園區雲林里21鄰桃鶯路249巷18號七樓,68,6800100,6800100-032,21鄰,桃鶯路,,249巷,,,,18號七樓,121.319400276522,24.9839404407535
桃園市桃園區雲林里21鄰桃鶯路249巷18號八樓,68,6800100,6800100-032,21鄰,桃鶯路,,249巷,,,,18號八樓,121.319400276522,24.9839404407535
桃園市桃園區雲林里21鄰桃鶯路249巷18號十樓,68,6800100,6800100-032,21鄰,桃鶯路,,249巷,,,,18號十樓,121.319400276522,24.9839404407535
桃園市桃園區雲林里21鄰桃鶯路249巷19號,68,6800100,6800100-032,21鄰,桃鶯路,,249巷,,,,19號,121.319196699821,24.9840865944404
桃園市桃園區雲林里21鄰桃鶯路249巷20號,68,6800100,6800100-032,21鄰,桃鶯路,,249巷,,,,20號,121.319431064157,24.9837799415856
桃園市桃園區雲林里21鄰桃鶯路249巷20號四樓,68,6800100,6800100-032,21鄰,桃鶯路,,249巷,,,,20號四樓,121.319431064157,24.9837799415856
桃園市桃園區雲林里21鄰桃鶯路249巷20號五樓,68,6800100,6800100-032,21鄰,桃鶯路,,249巷,,,,20號五樓,121.319431064157,24.9837799415856
桃園市桃園區雲林里21鄰桃鶯路249巷20號六樓,68,6800100,6800100-032,21鄰,桃鶯路,,249巷,,,,20號六樓,121.319431064157,24.9837799415856
桃園市桃園區雲林里21鄰桃鶯路249巷20號七樓,68,6800100,6800100-032,21鄰,桃鶯路,,249巷,,,,20號七樓,121.319431064157,24.9837799415856
桃園市桃園區雲林里21鄰桃鶯路249巷20號八樓,68,6800100,6800100-032,21鄰,桃鶯路,,249巷,,,,20號八樓,121.319431064157,24.9837799415856
桃園市桃園區雲林里21鄰桃鶯路249巷20號二樓,68,6800100,6800100-032,21鄰,桃鶯路,,249巷,,,,20號二樓,121.319431064157,24.9837799415856
桃園市桃園區雲林里21鄰桃鶯路249巷20號三樓,68,6800100,6800100-032,21鄰,桃鶯路,,249巷,,,,20號三樓,121.319431064157,24.9837799415856
桃園市桃園區雲林里21鄰桃鶯路249巷20號九樓,68,6800100,6800100-032,21鄰,桃鶯路,,249巷,,,,20號九樓,121.319431064157,24.9837799415856
桃園市桃園區雲林里21鄰桃鶯路249巷20號十樓,68,6800100,6800100-032,21鄰,桃鶯路,,249巷,,,,20號十樓,121.319431064157,24.9837799415856
桃園市桃園區雲林里21鄰桃鶯路249巷21號,68,6800100,6800100-032,21鄰,桃鶯路,,249巷,,,,21號,121.319229899616,24.9840929333352
桃園市桃園區雲林里21鄰桃鶯路249巷23號,68,6800100,6800100-032,21鄰,桃鶯路,,249巷,,,,23號,121.319276865187,24.9840981592953
桃園市桃園區雲林里21鄰桃鶯路249巷24號,68,6800100,6800100-032,21鄰,桃鶯路,,249巷,,,,24號,121.31949318119,24.9839753614795
桃園市桃園區雲林里21鄰桃鶯路249巷25號,68,6800100,6800100-032,21鄰,桃鶯路,,249巷,,,,25號,121.319319770927,24.9841039356498
桃園市桃園區雲林里21鄰桃鶯路249巷26號,68,6800100,6800100-032,21鄰,桃鶯路,,249巷,,,,26號,121.319533793481,24.9839752742935
桃園市桃園區雲林里21鄰桃鶯路249巷27號,68,6800100,6800100-032,21鄰,桃鶯路,,249巷,,,,27號,121.31934878969,24.9841022482913
桃園市桃園區雲林里21鄰桃鶯路249巷28號,68,6800100,6800100-032,21鄰,桃鶯路,,249巷,,,,28號,121.319570784163,24.9839919875314
桃園市桃園區雲林里21鄰桃鶯路249巷29號,68,6800100,6800100-032,21鄰,桃鶯路,,249巷,,,,29號,121.319401613944,24.9841130591939
桃園市桃園區雲林里21鄰桃鶯路249巷30弄1號二樓,68,6800100,6800100-032,21鄰,桃鶯路,,249巷,30弄,,,1號二樓,121.319736894855,24.9839902765234
桃園市桃園區雲林里21鄰桃鶯路249巷30弄1號三樓,68,6800100,6800100-032,21鄰,桃鶯路,,249巷,30弄,,,1號三樓,121.319736894855,24.9839902765234
桃園市桃園區雲林里21鄰桃鶯路249巷30弄1號四樓,68,6800100,6800100-032,21鄰,桃鶯路,,249巷,30弄,,,1號四樓,121.319736894855,24.9839902765234
桃園市桃園區雲林里21鄰桃鶯路249巷30弄1號八樓,68,6800100,6800100-032,21鄰,桃鶯路,,249巷,30弄,,,1號八樓,121.319736894855,24.9839902765234
桃園市桃園區雲林里21鄰桃鶯路249巷30弄1號五樓,68,6800100,6800100-032,21鄰,桃鶯路,,249巷,30弄,,,1號五樓,121.319736894855,24.9839902765234
桃園市桃園區雲林里21鄰桃鶯路249巷30弄2號,68,6800100,6800100-032,21鄰,桃鶯路,,249巷,30弄,,,2號,121.319560711068,24.9838888155624
桃園市桃園區雲林里21鄰桃鶯路249巷30弄3號二樓,68,6800100,6800100-032,21鄰,桃鶯路,,249巷,30弄,,,3號二樓,121.319738210935,24.9839246378743
桃園市桃園區雲林里21鄰桃鶯路249巷30弄3號四樓,68,6800100,6800100-032,21鄰,桃鶯路,,249巷,30弄,,,3號四樓,121.319738210935,24.9839246378743
桃園市桃園區雲林里21鄰桃鶯路249巷30弄3號五樓,68,6800100,6800100-032,21鄰,桃鶯路,,249巷,30弄,,,3號五樓,121.319738210935,24.9839246378743
桃園市桃園區雲林里21鄰桃鶯路249巷30弄3號六樓,68,6800100,6800100-032,21鄰,桃鶯路,,249巷,30弄,,,3號六樓,121.319738210935,24.9839246378743
桃園市桃園區雲林里21鄰桃鶯路249巷30弄3號七樓,68,6800100,6800100-032,21鄰,桃鶯路,,249巷,30弄,,,3號七樓,121.319738210935,24.9839246378743
桃園市桃園區雲林里21鄰桃鶯路249巷30弄3號八樓,68,6800100,6800100-032,21鄰,桃鶯路,,249巷,30弄,,,3號八樓,121.319738210935,24.9839246378743
桃園市桃園區雲林里21鄰桃鶯路249巷30弄3號三樓,68,6800100,6800100-032,21鄰,桃鶯路,,249巷,30弄,,,3號三樓,121.319738210935,24.9839246378743
桃園市桃園區雲林里21鄰桃鶯路249巷30弄5號,68,6800100,6800100-032,21鄰,桃鶯路,,249巷,30弄,,,5號,121.319707133933,24.98385816598
桃園市桃園區雲林里21鄰桃鶯路249巷30弄5號二樓,68,6800100,6800100-032,21鄰,桃鶯路,,249巷,30弄,,,5號二樓,121.319707133933,24.98385816598
桃園市桃園區雲林里21鄰桃鶯路249巷30弄5號三樓,68,6800100,6800100-032,21鄰,桃鶯路,,249巷,30弄,,,5號三樓,121.319707133933,24.98385816598
桃園市桃園區雲林里21鄰桃鶯路249巷30弄5號四樓,68,6800100,6800100-032,21鄰,桃鶯路,,249巷,30弄,,,5號四樓,121.319707133933,24.98385816598
桃園市桃園區雲林里21鄰桃鶯路249巷30弄5號五樓,68,6800100,6800100-032,21鄰,桃鶯路,,249巷,30弄,,,5號五樓,121.319707133933,24.98385816598
桃園市桃園區雲林里21鄰桃鶯路249巷30弄5號六樓,68,6800100,6800100-032,21鄰,桃鶯路,,249巷,30弄,,,5號六樓,121.319707133933,24.98385816598
桃園市桃園區雲林里21鄰桃鶯路249巷30弄5號七樓,68,6800100,6800100-032,21鄰,桃鶯路,,249巷,30弄,,,5號七樓,121.319707133933,24.98385816598
桃園市桃園區雲林里21鄰桃鶯路249巷30弄5號八樓,68,6800100,6800100-032,21鄰,桃鶯路,,249巷,30弄,,,5號八樓,121.319707133933,24.98385816598
桃園市桃園區雲林里21鄰桃鶯路249巷30弄6號,68,6800100,6800100-032,21鄰,桃鶯路,,249巷,30弄,,,6號,121.319555619049,24.9838349274767
桃園市桃園區雲林里21鄰桃鶯路249巷30弄8號,68,6800100,6800100-032,21鄰,桃鶯路,,249巷,30弄,,,8號,121.319576426622,24.9837989501208
桃園市桃園區雲林里21鄰桃鶯路249巷30弄10號,68,6800100,6800100-032,21鄰,桃鶯路,,249巷,30弄,,,10號,121.319573950846,24.9837608559625
桃園市桃園區雲林里21鄰桃鶯路249巷31號,68,6800100,6800100-032,21鄰,桃鶯路,,249巷,,,,31號,121.319445203512,24.984115132437
桃園市桃園區雲林里21鄰桃鶯路249巷32號,68,6800100,6800100-032,21鄰,桃鶯路,,249巷,,,,32號,121.319683864969,24.9840148571606
桃園市桃園區雲林里21鄰桃鶯路249巷32號二樓,68,6800100,6800100-032,21鄰,桃鶯路,,249巷,,,,32號二樓,121.319683864969,24.9840148571606
桃園市桃園區雲林里21鄰桃鶯路249巷32號三樓,68,6800100,6800100-032,21鄰,桃鶯路,,249巷,,,,32號三樓,121.319683864969,24.9840148571606
桃園市桃園區雲林里21鄰桃鶯路249巷32號五樓,68,6800100,6800100-032,21鄰,桃鶯路,,249巷,,,,32號五樓,121.319683864969,24.9840148571606
桃園市桃園區雲林里21鄰桃鶯路249巷32號六樓,68,6800100,6800100-032,21鄰,桃鶯路,,249巷,,,,32號六樓,121.319683864969,24.9840148571606
桃園市桃園區雲林里21鄰桃鶯路249巷32號七樓,68,6800100,6800100-032,21鄰,桃鶯路,,249巷,,,,32號七樓,121.319683864969,24.9840148571606
桃園市桃園區雲林里21鄰桃鶯路249巷32號八樓,68,6800100,6800100-032,21鄰,桃鶯路,,249巷,,,,32號八樓,121.319683864969,24.9840148571606
桃園市桃園區雲林里21鄰桃鶯路249巷32號四樓,68,6800100,6800100-032,21鄰,桃鶯路,,249巷,,,,32號四樓,121.319683864969,24.9840148571606
桃園市桃園區雲林里21鄰桃鶯路249巷33號,68,6800100,6800100-032,21鄰,桃鶯路,,249巷,,,,33號,121.319487418218,24.9841218130573
桃園市桃園區雲林里21鄰桃鶯路249巷35號,68,6800100,6800100-032,21鄰,桃鶯路,,249巷,,,,35號,121.319528342186,24.9841273227561
桃園市桃園區雲林里21鄰桃鶯路249巷37號,68,6800100,6800100-032,21鄰,桃鶯路,,249巷,,,,37號,121.319571932695,24.9841297570925
桃園市桃園區雲林里21鄰桃鶯路249巷39號,68,6800100,6800100-032,21鄰,桃鶯路,,249巷,,,,39號,121.319612168655,24.9841373447571
桃園市桃園區雲林里21鄰桃鶯路249巷41號,68,6800100,6800100-032,21鄰,桃鶯路,,249巷,,,,41號,121.319654365171,24.9841369832863
桃園市桃園區雲林里21鄰桃鶯路249巷43號,68,6800100,6800100-032,21鄰,桃鶯路,,249巷,,,,43號,121.319703315833,24.984143739661
桃園市桃園區雲林里21鄰桃鶯路249巷45號,68,6800100,6800100-032,21鄰,桃鶯路,,249巷,,,,45號,121.319742852821,24.984149161997
桃園市桃園區雲林里21鄰桃鶯路249巷47號,68,6800100,6800100-032,21鄰,桃鶯路,,249巷,,,,47號,121.319797224637,24.9841455241367
桃園市桃園區雲林里2鄰桃鶯路251號,68,6800100,6800100-032,2鄰,桃鶯路,,,,,,251號,121.318753907026,24.9838879274545
桃園市桃園區雲林里2鄰桃鶯路253號,68,6800100,6800100-032,2鄰,桃鶯路,,,,,,253號,121.318766253099,24.9838356270875
桃園市桃園區雲林里2鄰桃鶯路255號,68,6800100,6800100-032,2鄰,桃鶯路,,,,,,255號,121.3187663048,24.9837788388952
桃園市桃園區雲林里2鄰桃鶯路257號,68,6800100,6800100-032,2鄰,桃鶯路,,,,,,257號,121.318789208329,24.9837489061273
桃園市桃園區雲林里2鄰桃鶯路259號,68,6800100,6800100-032,2鄰,桃鶯路,,,,,,259號,121.318811081963,24.9837037177148
桃園市桃園區雲林里2鄰桃鶯路263之1號,68,6800100,6800100-032,2鄰,桃鶯路,,,,,,263之1號,121.318847709861,24.9836182314201
桃園市桃園區雲林里2鄰桃鶯路263號,68,6800100,6800100-032,2鄰,桃鶯路,,,,,,263號,121.318832965359,24.983662321169
桃園市桃園區雲林里2鄰桃鶯路265號,68,6800100,6800100-032,2鄰,桃鶯路,,,,,,265號,121.318889133423,24.9835870852796
桃園市八德區大仁里16鄰桃鶯路宏福巷1弄12衖2號三樓,68,6800800,6800800-026,16鄰,桃鶯路,,宏福巷,1弄,,,12衖2號三樓,121.326420265322,24.9705688106303
桃園市八德區大仁里16鄰桃鶯路宏福巷1弄12衖2號四樓,68,6800800,6800800-026,16鄰,桃鶯路,,宏福巷,1弄,,,12衖2號四樓,121.326420265322,24.9705688106303
桃園市八德區大仁里14鄰桃鶯路宏福巷1弄4之1號,68,6800800,6800800-026,14鄰,桃鶯路,,宏福巷,1弄,,,4之1號,121.326494181182,24.9707298944179
桃園市八德區大仁里14鄰桃鶯路宏福巷1弄10之1號,68,6800800,6800800-026,14鄰,桃鶯路,,宏福巷,1弄,,,10之1號,121.326554156967,24.9705627389076
桃園市八德區大明里1鄰桃鶯路1號,68,6800800,6800800-033,1鄰,桃鶯路,,,,,,1號,121.326359054274,24.971882204632
桃園市八德區大明里20鄰桃鶯路2巷1號,68,6800800,6800800-033,20鄰,桃鶯路,,2巷,,,,1號,121.32593411502,24.9714928411197
桃園市八德區大明里20鄰桃鶯路2巷1號三樓,68,6800800,6800800-033,20鄰,桃鶯路,,2巷,,,,1號三樓,121.32593411502,24.9714928411197
桃園市八德區大明里20鄰桃鶯路2巷1號二樓,68,6800800,6800800-033,20鄰,桃鶯路,,2巷,,,,1號二樓,121.32593411502,24.9714928411197
桃園市八德區大明里20鄰桃鶯路2巷1號四樓,68,6800800,6800800-033,20鄰,桃鶯路,,2巷,,,,1號四樓,121.32593411502,24.9714928411197
桃園市八德區大明里20鄰桃鶯路2巷1號五樓,68,6800800,6800800-033,20鄰,桃鶯路,,2巷,,,,1號五樓,121.32593411502,24.9714928411197
桃園市八德區大明里20鄰桃鶯路2巷2號,68,6800800,6800800-033,20鄰,桃鶯路,,2巷,,,,2號,121.325737750398,24.9714333227947
桃園市八德區大明里20鄰桃鶯路2巷2號二樓,68,6800800,6800800-033,20鄰,桃鶯路,,2巷,,,,2號二樓,121.325737750398,24.9714333227947
桃園市八德區大明里20鄰桃鶯路2巷2號三樓,68,6800800,6800800-033,20鄰,桃鶯路,,2巷,,,,2號三樓,121.325737750398,24.9714333227947
桃園市八德區大明里20鄰桃鶯路2巷2號五樓,68,6800800,6800800-033,20鄰,桃鶯路,,2巷,,,,2號五樓,121.325737750398,24.9714333227947
桃園市八德區大明里20鄰桃鶯路2巷2號四樓,68,6800800,6800800-033,20鄰,桃鶯路,,2巷,,,,2號四樓,121.325737750398,24.9714333227947
桃園市八德區大明里20鄰桃鶯路2巷3號,68,6800800,6800800-033,20鄰,桃鶯路,,2巷,,,,3號,121.325992579623,24.9714283411813
桃園市八德區大明里20鄰桃鶯路2巷3號二樓,68,6800800,6800800-033,20鄰,桃鶯路,,2巷,,,,3號二樓,121.325992579623,24.9714283411813
桃園市八德區大明里20鄰桃鶯路2巷3號三樓,68,6800800,6800800-033,20鄰,桃鶯路,,2巷,,,,3號三樓,121.325992579623,24.9714283411813
桃園市八德區大明里20鄰桃鶯路2巷3號五樓,68,6800800,6800800-033,20鄰,桃鶯路,,2巷,,,,3號五樓,121.325992579623,24.9714283411813
桃園市八德區大明里20鄰桃鶯路2巷3號四樓,68,6800800,6800800-033,20鄰,桃鶯路,,2巷,,,,3號四樓,121.325992579623,24.9714283411813
桃園市八德區大明里20鄰桃鶯路2巷4號,68,6800800,6800800-033,20鄰,桃鶯路,,2巷,,,,4號,121.325754327935,24.9713721647798
桃園市八德區大明里20鄰桃鶯路2巷4號四樓,68,6800800,6800800-033,20鄰,桃鶯路,,2巷,,,,4號四樓,121.325754327935,24.9713721647798
桃園市八德區大明里20鄰桃鶯路2巷4號二樓,68,6800800,6800800-033,20鄰,桃鶯路,,2巷,,,,4號二樓,121.325754327935,24.9713721647798
桃園市八德區大明里20鄰桃鶯路2巷4號三樓,68,6800800,6800800-033,20鄰,桃鶯路,,2巷,,,,4號三樓,121.325754327935,24.9713721647798
桃園市八德區大明里20鄰桃鶯路2巷4號五樓,68,6800800,6800800-033,20鄰,桃鶯路,,2巷,,,,4號五樓,121.325754327935,24.9713721647798
桃園市八德區大明里20鄰桃鶯路2巷5號,68,6800800,6800800-033,20鄰,桃鶯路,,2巷,,,,5號,121.326048631355,24.9713878618422
桃園市八德區大明里20鄰桃鶯路2巷5號五樓,68,6800800,6800800-033,20鄰,桃鶯路,,2巷,,,,5號五樓,121.326048631355,24.9713878618422
桃園市八德區大明里20鄰桃鶯路2巷5號二樓,68,6800800,6800800-033,20鄰,桃鶯路,,2巷,,,,5號二樓,121.326048631355,24.9713878618422
桃園市八德區大明里20鄰桃鶯路2巷5號三樓,68,6800800,6800800-033,20鄰,桃鶯路,,2巷,,,,5號三樓,121.326048631355,24.9713878618422
桃園市八德區大明里20鄰桃鶯路2巷5號四樓,68,6800800,6800800-033,20鄰,桃鶯路,,2巷,,,,5號四樓,121.326048631355,24.9713878618422
桃園市八德區大明里20鄰桃鶯路2巷6號,68,6800800,6800800-033,20鄰,桃鶯路,,2巷,,,,6號,121.32576969125,24.9713012588306
桃園市八德區大明里20鄰桃鶯路2巷6號二樓,68,6800800,6800800-033,20鄰,桃鶯路,,2巷,,,,6號二樓,121.32576969125,24.9713012588306
桃園市八德區大明里20鄰桃鶯路2巷6號五樓,68,6800800,6800800-033,20鄰,桃鶯路,,2巷,,,,6號五樓,121.32576969125,24.9713012588306
桃園市八德區大明里20鄰桃鶯路2巷6號四樓,68,6800800,6800800-033,20鄰,桃鶯路,,2巷,,,,6號四樓,121.32576969125,24.9713012588306
桃園市八德區大明里20鄰桃鶯路2巷6號三樓,68,6800800,6800800-033,20鄰,桃鶯路,,2巷,,,,6號三樓,121.32576969125,24.9713012588306
桃園市八德區大明里20鄰桃鶯路2巷7號,68,6800800,6800800-033,20鄰,桃鶯路,,2巷,,,,7號,121.326111913513,24.9713474569285
桃園市八德區大明里20鄰桃鶯路2巷7號五樓,68,6800800,6800800-033,20鄰,桃鶯路,,2巷,,,,7號五樓,121.326111913513,24.9713474569285
桃園市八德區大明里20鄰桃鶯路2巷7號四樓,68,6800800,6800800-033,20鄰,桃鶯路,,2巷,,,,7號四樓,121.326111913513,24.9713474569285
桃園市八德區大明里20鄰桃鶯路2巷7號二樓,68,6800800,6800800-033,20鄰,桃鶯路,,2巷,,,,7號二樓,121.326111913513,24.9713474569285
桃園市八德區大明里20鄰桃鶯路2巷7號三樓,68,6800800,6800800-033,20鄰,桃鶯路,,2巷,,,,7號三樓,121.326111913513,24.9713474569285
桃園市八德區大明里20鄰桃鶯路2巷8號,68,6800800,6800800-033,20鄰,桃鶯路,,2巷,,,,8號,121.325777897458,24.9712205276675
桃園市八德區大明里20鄰桃鶯路2巷8號二樓,68,6800800,6800800-033,20鄰,桃鶯路,,2巷,,,,8號二樓,121.325777897458,24.9712205276675
桃園市八德區大明里20鄰桃鶯路2巷8號三樓,68,6800800,6800800-033,20鄰,桃鶯路,,2巷,,,,8號三樓,121.325777897458,24.9712205276675
桃園市八德區大明里20鄰桃鶯路2巷8號五樓,68,6800800,6800800-033,20鄰,桃鶯路,,2巷,,,,8號五樓,121.325777897458,24.9712205276675
桃園市八德區大明里20鄰桃鶯路2巷8號四樓,68,6800800,6800800-033,20鄰,桃鶯路,,2巷,,,,8號四樓,121.325777897458,24.9712205276675
桃園市八德區大明里20鄰桃鶯路2巷10號,68,6800800,6800800-033,20鄰,桃鶯路,,2巷,,,,10號,121.325862606072,24.9711549772369
桃園市八德區大明里20鄰桃鶯路2巷10號五樓,68,6800800,6800800-033,20鄰,桃鶯路,,2巷,,,,10號五樓,121.325862606072,24.9711549772369
桃園市八德區大明里20鄰桃鶯路2巷10號三樓,68,6800800,6800800-033,20鄰,桃鶯路,,2巷,,,,10號三樓,121.325862606072,24.9711549772369
桃園市八德區大明里20鄰桃鶯路2巷10號二樓,68,6800800,6800800-033,20鄰,桃鶯路,,2巷,,,,10號二樓,121.325862606072,24.9711549772369
桃園市八德區大明里20鄰桃鶯路2巷10號四樓,68,6800800,6800800-033,20鄰,桃鶯路,,2巷,,,,10號四樓,121.325862606072,24.9711549772369
桃園市八德區大明里20鄰桃鶯路2巷12號,68,6800800,6800800-033,20鄰,桃鶯路,,2巷,,,,12號,121.325933241596,24.9711613230178
桃園市八德區大明里20鄰桃鶯路2巷12號二樓,68,6800800,6800800-033,20鄰,桃鶯路,,2巷,,,,12號二樓,121.325933241596,24.9711613230178
桃園市八德區大明里20鄰桃鶯路2巷12號三樓,68,6800800,6800800-033,20鄰,桃鶯路,,2巷,,,,12號三樓,121.325933241596,24.9711613230178
桃園市八德區大明里20鄰桃鶯路2巷12號五樓,68,6800800,6800800-033,20鄰,桃鶯路,,2巷,,,,12號五樓,121.325933241596,24.9711613230178
桃園市八德區大明里20鄰桃鶯路2巷12號四樓,68,6800800,6800800-033,20鄰,桃鶯路,,2巷,,,,12號四樓,121.325933241596,24.9711613230178
桃園市八德區大明里20鄰桃鶯路2巷14號,68,6800800,6800800-033,20鄰,桃鶯路,,2巷,,,,14號,121.326024207091,24.9711774651218
桃園市八德區大明里20鄰桃鶯路2巷14號三樓,68,6800800,6800800-033,20鄰,桃鶯路,,2巷,,,,14號三樓,121.326024207091,24.9711774651218
桃園市八德區大明里20鄰桃鶯路2巷14號四樓,68,6800800,6800800-033,20鄰,桃鶯路,,2巷,,,,14號四樓,121.326024207091,24.9711774651218
桃園市八德區大明里20鄰桃鶯路2巷14號五樓,68,6800800,6800800-033,20鄰,桃鶯路,,2巷,,,,14號五樓,121.326024207091,24.9711774651218
桃園市八德區大明里20鄰桃鶯路2巷14號二樓,68,6800800,6800800-033,20鄰,桃鶯路,,2巷,,,,14號二樓,121.326024207091,24.9711774651218
桃園市八德區大明里20鄰桃鶯路2巷16號,68,6800800,6800800-033,20鄰,桃鶯路,,2巷,,,,16號,121.326099599844,24.9711849740885
桃園市八德區大明里20鄰桃鶯路2巷16號五樓,68,6800800,6800800-033,20鄰,桃鶯路,,2巷,,,,16號五樓,121.326099599844,24.9711849740885
桃園市八德區大明里20鄰桃鶯路2巷16號二樓,68,6800800,6800800-033,20鄰,桃鶯路,,2巷,,,,16號二樓,121.326099599844,24.9711849740885
桃園市八德區大明里20鄰桃鶯路2巷16號三樓,68,6800800,6800800-033,20鄰,桃鶯路,,2巷,,,,16號三樓,121.326099599844,24.9711849740885
桃園市八德區大明里20鄰桃鶯路2巷16號四樓,68,6800800,6800800-033,20鄰,桃鶯路,,2巷,,,,16號四樓,121.326099599844,24.9711849740885
桃園市八德區大明里20鄰桃鶯路2巷18號,68,6800800,6800800-033,20鄰,桃鶯路,,2巷,,,,18號,121.326186900746,24.9712011241189
桃園市八德區大明里20鄰桃鶯路2巷18號二樓,68,6800800,6800800-033,20鄰,桃鶯路,,2巷,,,,18號二樓,121.326186900746,24.9712011241189
桃園市八德區大明里20鄰桃鶯路2巷18號三樓,68,6800800,6800800-033,20鄰,桃鶯路,,2巷,,,,18號三樓,121.326186900746,24.9712011241189
桃園市八德區大明里20鄰桃鶯路2巷18號四樓,68,6800800,6800800-033,20鄰,桃鶯路,,2巷,,,,18號四樓,121.326186900746,24.9712011241189
桃園市八德區大明里20鄰桃鶯路2巷18號五樓,68,6800800,6800800-033,20鄰,桃鶯路,,2巷,,,,18號五樓,121.326186900746,24.9712011241189
桃園市八德區大明里20鄰桃鶯路2巷20號,68,6800800,6800800-033,20鄰,桃鶯路,,2巷,,,,20號,121.326279008875,24.9711998389004
桃園市八德區大明里20鄰桃鶯路2巷20號五樓,68,6800800,6800800-033,20鄰,桃鶯路,,2巷,,,,20號五樓,121.326279008875,24.9711998389004
桃園市八德區大明里20鄰桃鶯路2巷20號二樓,68,6800800,6800800-033,20鄰,桃鶯路,,2巷,,,,20號二樓,121.326279008875,24.9711998389004
桃園市八德區大明里20鄰桃鶯路2巷20號三樓,68,6800800,6800800-033,20鄰,桃鶯路,,2巷,,,,20號三樓,121.326279008875,24.9711998389004
桃園市八德區大明里20鄰桃鶯路2巷20號四樓,68,6800800,6800800-033,20鄰,桃鶯路,,2巷,,,,20號四樓,121.326279008875,24.9711998389004
桃園市八德區大明里1鄰桃鶯路3號,68,6800800,6800800-033,1鄰,桃鶯路,,,,,,3號,121.326403350511,24.9718533974641
桃園市八德區大明里2鄰桃鶯路4號,68,6800800,6800800-033,2鄰,桃鶯路,,,,,,4號,121.326137722824,24.9716698920748
桃園市八德區大明里1鄰桃鶯路5號,68,6800800,6800800-033,1鄰,桃鶯路,,,,,,5號,121.326443258034,24.9718129533703
桃園市八德區大明里2鄰桃鶯路6號,68,6800800,6800800-033,2鄰,桃鶯路,,,,,,6號,121.326170929871,24.9716425537975
桃園市八德區大明里1鄰桃鶯路7號,68,6800800,6800800-033,1鄰,桃鶯路,,,,,,7號,121.326477462167,24.9717881407693
桃園市八德區大明里2鄰桃鶯路8號,68,6800800,6800800-033,2鄰,桃鶯路,,,,,,8號,121.326210653836,24.9716076174436
桃園市八德區大明里1鄰桃鶯路9號,68,6800800,6800800-033,1鄰,桃鶯路,,,,,,9號,121.326506003593,24.9717568401871
桃園市八德區大明里2鄰桃鶯路10號,68,6800800,6800800-033,2鄰,桃鶯路,,,,,,10號,121.326233857369,24.9715803010696
桃園市八德區大明里21鄰桃鶯路11巷1號,68,6800800,6800800-033,21鄰,桃鶯路,,11巷,,,,1號,121.326649677155,24.9718914081711
桃園市八德區大明里21鄰桃鶯路11巷3之2號,68,6800800,6800800-033,21鄰,桃鶯路,,11巷,,,,3之2號,121.326851513183,24.9720345155258
桃園市八德區大明里21鄰桃鶯路11巷3號,68,6800800,6800800-033,21鄰,桃鶯路,,11巷,,,,3號,121.326709595955,24.9719275705525
桃園市八德區大明里4鄰桃鶯路11巷4號,68,6800800,6800800-033,4鄰,桃鶯路,,11巷,,,,4號,121.326820169798,24.9718300025647
桃園市八德區大明里4鄰桃鶯路11巷6號,68,6800800,6800800-033,4鄰,桃鶯路,,11巷,,,,6號,121.326847741638,24.9718441165041
桃園市八德區大明里4鄰桃鶯路11巷8弄1號,68,6800800,6800800-033,4鄰,桃鶯路,,11巷,8弄,,,1號,121.326975959,24.9719016162327
桃園市八德區大明里4鄰桃鶯路11巷8弄2號,68,6800800,6800800-033,4鄰,桃鶯路,,11巷,8弄,,,2號,121.326890777124,24.9718255139632
桃園市八德區大明里4鄰桃鶯路11巷8弄3號,68,6800800,6800800-033,4鄰,桃鶯路,,11巷,8弄,,,3號,121.327005766903,24.9718623678515
桃園市八德區大明里4鄰桃鶯路11巷8弄4號,68,6800800,6800800-033,4鄰,桃鶯路,,11巷,8弄,,,4號,121.326926538922,24.9717904958363
桃園市八德區大明里4鄰桃鶯路11巷8弄5號,68,6800800,6800800-033,4鄰,桃鶯路,,11巷,8弄,,,5號,121.327036794826,24.971835034169
桃園市八德區大明里4鄰桃鶯路11巷8弄6號,68,6800800,6800800-033,4鄰,桃鶯路,,11巷,8弄,,,6號,121.326952812709,24.9717631726101
桃園市八德區大明里4鄰桃鶯路11巷8弄7號,68,6800800,6800800-033,4鄰,桃鶯路,,11巷,8弄,,,7號,121.327058200855,24.9718022143406
桃園市八德區大明里4鄰桃鶯路11巷8弄8號,68,6800800,6800800-033,4鄰,桃鶯路,,11巷,8弄,,,8號,121.326982660915,24.9717391820083
桃園市八德區大明里4鄰桃鶯路11巷8弄9號,68,6800800,6800800-033,4鄰,桃鶯路,,11巷,8弄,,,9號,121.327091591497,24.9717694584635
桃園市八德區大明里4鄰桃鶯路11巷8弄10號,68,6800800,6800800-033,4鄰,桃鶯路,,11巷,8弄,,,10號,121.32701488021,24.9717129291122
桃園市八德區大明里4鄰桃鶯路11巷8弄11號,68,6800800,6800800-033,4鄰,桃鶯路,,11巷,8弄,,,11號,121.327123805048,24.9717410387595
桃園市八德區大明里4鄰桃鶯路11巷8弄12號,68,6800800,6800800-033,4鄰,桃鶯路,,11巷,8弄,,,12號,121.327039933684,24.971673600883
桃園市八德區大明里4鄰桃鶯路11巷8弄13號,68,6800800,6800800-033,4鄰,桃鶯路,,11巷,8弄,,,13號,121.327159671768,24.9717082774268
桃園市八德區大明里4鄰桃鶯路11巷8弄14號,68,6800800,6800800-033,4鄰,桃鶯路,,11巷,8弄,,,14號,121.32706739309,24.9716451916337
桃園市八德區大明里4鄰桃鶯路11巷8弄15號,68,6800800,6800800-033,4鄰,桃鶯路,,11巷,8弄,,,15號,121.327188325418,24.9716820323284
桃園市八德區大明里4鄰桃鶯路11巷8弄16號,68,6800800,6800800-033,4鄰,桃鶯路,,11巷,8弄,,,16號,121.327100795146,24.9716167693236
桃園市八德區大明里4鄰桃鶯路11巷8弄17號,68,6800800,6800800-033,4鄰,桃鶯路,,11巷,8弄,,,17號,121.327219344659,24.9716514484311
桃園市八德區大明里4鄰桃鶯路11巷8弄18號,68,6800800,6800800-033,4鄰,桃鶯路,,11巷,8弄,,,18號,121.327135368531,24.9715818440406
桃園市八德區大明里4鄰桃鶯路11巷8弄19號,68,6800800,6800800-033,4鄰,桃鶯路,,11巷,8弄,,,19號,121.327249177979,24.9716218602494
桃園市八德區大明里4鄰桃鶯路11巷8弄21號,68,6800800,6800800-033,4鄰,桃鶯路,,11巷,8弄,,,21號,121.327278915345,24.9715934459544
桃園市八德區大明里4鄰桃鶯路11巷10弄1號,68,6800800,6800800-033,4鄰,桃鶯路,,11巷,10弄,,,1號,121.327183330509,24.9720778449162
桃園市八德區大明里4鄰桃鶯路11巷10弄2號,68,6800800,6800800-033,4鄰,桃鶯路,,11巷,10弄,,,2號,121.327088625532,24.9719962564149
桃園市八德區大明里4鄰桃鶯路11巷10弄3號,68,6800800,6800800-033,4鄰,桃鶯路,,11巷,10弄,,,3號,121.327207189734,24.972036352488
桃園市八德區大明里4鄰桃鶯路11巷10弄4號,68,6800800,6800800-033,4鄰,桃鶯路,,11巷,10弄,,,4號,121.327117241782,24.9719558369482
桃園市八德區大明里4鄰桃鶯路11巷10弄5號,68,6800800,6800800-033,4鄰,桃鶯路,,11巷,10弄,,,5號,121.327245372041,24.9720177605107
桃園市八德區大明里4鄰桃鶯路11巷10弄6號,68,6800800,6800800-033,4鄰,桃鶯路,,11巷,10弄,,,6號,121.327151823851,24.9719241618389
桃園市八德區大明里4鄰桃鶯路11巷10弄7號,68,6800800,6800800-033,4鄰,桃鶯路,,11巷,10弄,,,7號,121.327277571049,24.9719838335302
桃園市八德區大明里4鄰桃鶯路11巷10弄8號,68,6800800,6800800-033,4鄰,桃鶯路,,11巷,10弄,,,8號,121.327185223097,24.971894656118
桃園市八德區大明里4鄰桃鶯路11巷10弄9號,68,6800800,6800800-033,4鄰,桃鶯路,,11巷,10弄,,,9號,121.327311060727,24.971951077387
桃園市八德區大明里3鄰桃鶯路11巷10之2號,68,6800800,6800800-033,3鄰,桃鶯路,,11巷,,,,10之2號,121.327321894554,24.9721525656972
桃園市八德區大明里3鄰桃鶯路11巷10號,68,6800800,6800800-033,3鄰,桃鶯路,,11巷,,,,10號,121.327321894554,24.9721525656972
桃園市八德區大明里4鄰桃鶯路11巷10弄10號,68,6800800,6800800-033,4鄰,桃鶯路,,11巷,10弄,,,10號,121.327218767461,24.9718825747311
桃園市八德區大明里3鄰桃鶯路11巷10之1號,68,6800800,6800800-033,3鄰,桃鶯路,,11巷,,,,10之1號,121.327321894554,24.9721525656972
桃園市八德區大明里4鄰桃鶯路11巷10弄11號,68,6800800,6800800-033,4鄰,桃鶯路,,11巷,10弄,,,11號,121.327331295605,24.9719248507694
桃園市八德區大明里4鄰桃鶯路11巷10弄12號,68,6800800,6800800-033,4鄰,桃鶯路,,11巷,10弄,,,12號,121.327244936425,24.9718530848873
桃園市八德區大明里4鄰桃鶯路11巷10弄13號,68,6800800,6800800-033,4鄰,桃鶯路,,11巷,10弄,,,13號,121.327367066145,24.9718931729976
桃園市八德區大明里4鄰桃鶯路11巷10弄14號,68,6800800,6800800-033,4鄰,桃鶯路,,11巷,10弄,,,14號,121.327273572893,24.9718203394193
桃園市八德區大明里4鄰桃鶯路11巷10弄15號,68,6800800,6800800-033,4鄰,桃鶯路,,11巷,10弄,,,15號,121.327399273929,24.9718625864503
桃園市八德區大明里4鄰桃鶯路11巷10弄16號,68,6800800,6800800-033,4鄰,桃鶯路,,11巷,10弄,,,16號,121.32730944509,24.9717896545529
桃園市八德區大明里4鄰桃鶯路11巷10弄17號,68,6800800,6800800-033,4鄰,桃鶯路,,11巷,10弄,,,17號,121.327424347381,24.9718308419039
桃園市八德區大明里4鄰桃鶯路11巷10弄18號,68,6800800,6800800-033,4鄰,桃鶯路,,11巷,10弄,,,18號,121.327339179616,24.971760156854
桃園市八德區大明里4鄰桃鶯路11巷10弄19號,68,6800800,6800800-033,4鄰,桃鶯路,,11巷,10弄,,,19號,121.327455357997,24.9717970077815
桃園市八德區大明里4鄰桃鶯路11巷10弄20號,68,6800800,6800800-033,4鄰,桃鶯路,,11巷,10弄,,,20號,121.327373863484,24.9717295648679
桃園市八德區大明里4鄰桃鶯路11巷10弄21號,68,6800800,6800800-033,4鄰,桃鶯路,,11巷,10弄,,,21號,121.327499538409,24.9717619710024
桃園市八德區大明里4鄰桃鶯路11巷10弄22號,68,6800800,6800800-033,4鄰,桃鶯路,,11巷,10弄,,,22號,121.327402502757,24.9716979027674
桃園市八德區大明里21鄰桃鶯路11巷11號,68,6800800,6800800-033,21鄰,桃鶯路,,11巷,,,,11號,121.326817882699,24.9719765372448
桃園市八德區大明里21鄰桃鶯路11巷11號二樓,68,6800800,6800800-033,21鄰,桃鶯路,,11巷,,,,11號二樓,121.326817882699,24.9719765372448
桃園市八德區大明里21鄰桃鶯路11巷11號三樓,68,6800800,6800800-033,21鄰,桃鶯路,,11巷,,,,11號三樓,121.326817882699,24.9719765372448
桃園市八德區大明里21鄰桃鶯路11巷11號四樓,68,6800800,6800800-033,21鄰,桃鶯路,,11巷,,,,11號四樓,121.326817882699,24.9719765372448
桃園市八德區大明里21鄰桃鶯路11巷11號五樓,68,6800800,6800800-033,21鄰,桃鶯路,,11巷,,,,11號五樓,121.326817882699,24.9719765372448
桃園市八德區大明里3鄰桃鶯路11巷12號,68,6800800,6800800-033,3鄰,桃鶯路,,11巷,,,,12號,121.327363674132,24.9721833506969
桃園市八德區大明里3鄰桃鶯路11巷12之2號,68,6800800,6800800-033,3鄰,桃鶯路,,11巷,,,,12之2號,121.327363674132,24.9721833506969
桃園市八德區大明里3鄰桃鶯路11巷12之1號,68,6800800,6800800-033,3鄰,桃鶯路,,11巷,,,,12之1號,121.327363674132,24.9721833506969
桃園市八德區大明里3鄰桃鶯路11巷14弄1之2號,68,6800800,6800800-033,3鄰,桃鶯路,,11巷,14弄,,,1之2號,121.327523348526,24.9721883262323
桃園市八德區大明里3鄰桃鶯路11巷14弄1之1號,68,6800800,6800800-033,3鄰,桃鶯路,,11巷,14弄,,,1之1號,121.327523348526,24.9721883262323
桃園市八德區大明里3鄰桃鶯路11巷14弄1號,68,6800800,6800800-033,3鄰,桃鶯路,,11巷,14弄,,,1號,121.327523348526,24.9721883262323
桃園市八德區大明里3鄰桃鶯路11巷14弄2之2號,68,6800800,6800800-033,3鄰,桃鶯路,,11巷,14弄,,,2之2號,121.327425670225,24.9721061125074
桃園市八德區大明里3鄰桃鶯路11巷14弄2號,68,6800800,6800800-033,3鄰,桃鶯路,,11巷,14弄,,,2號,121.327425670225,24.9721061125074
桃園市八德區大明里3鄰桃鶯路11巷14弄2之1號,68,6800800,6800800-033,3鄰,桃鶯路,,11巷,14弄,,,2之1號,121.327425670225,24.9721061125074
桃園市八德區大明里3鄰桃鶯路11巷14弄3號,68,6800800,6800800-033,3鄰,桃鶯路,,11巷,14弄,,,3號,121.327554278403,24.9721239765434
桃園市八德區大明里3鄰桃鶯路11巷14弄3之1號,68,6800800,6800800-033,3鄰,桃鶯路,,11巷,14弄,,,3之1號,121.327554278403,24.9721239765434
桃園市八德區大明里3鄰桃鶯路11巷14弄3之2號,68,6800800,6800800-033,3鄰,桃鶯路,,11巷,14弄,,,3之2號,121.327554278403,24.9721239765434
桃園市八德區大明里3鄰桃鶯路11巷14弄4之2號,68,6800800,6800800-033,3鄰,桃鶯路,,11巷,14弄,,,4之2號,121.327467928037,24.9720556415373
桃園市八德區大明里3鄰桃鶯路11巷14弄4號,68,6800800,6800800-033,3鄰,桃鶯路,,11巷,14弄,,,4號,121.327467928037,24.9720556415373
桃園市八德區大明里3鄰桃鶯路11巷14弄4之1號,68,6800800,6800800-033,3鄰,桃鶯路,,11巷,14弄,,,4之1號,121.327467928037,24.9720556415373
桃園市八德區大明里3鄰桃鶯路11巷14弄5之2號,68,6800800,6800800-033,3鄰,桃鶯路,,11巷,14弄,,,5之2號,121.327593675825,24.9720780259915
桃園市八德區大明里3鄰桃鶯路11巷14弄5號,68,6800800,6800800-033,3鄰,桃鶯路,,11巷,14弄,,,5號,121.327593675825,24.9720780259915
桃園市八德區大明里3鄰桃鶯路11巷14弄5之1號,68,6800800,6800800-033,3鄰,桃鶯路,,11巷,14弄,,,5之1號,121.327593675825,24.9720780259915
桃園市八德區大明里3鄰桃鶯路11巷14弄6之1號,68,6800800,6800800-033,3鄰,桃鶯路,,11巷,14弄,,,6之1號,121.327509577923,24.9720000257494
桃園市八德區大明里3鄰桃鶯路11巷14弄6之2號,68,6800800,6800800-033,3鄰,桃鶯路,,11巷,14弄,,,6之2號,121.327509577923,24.9720000257494
桃園市八德區大明里3鄰桃鶯路11巷14弄6號,68,6800800,6800800-033,3鄰,桃鶯路,,11巷,14弄,,,6號,121.327509577923,24.9720000257494
桃園市八德區大明里3鄰桃鶯路11巷14弄7之1號,68,6800800,6800800-033,3鄰,桃鶯路,,11巷,14弄,,,7之1號,121.327638955404,24.9720092208328
桃園市八德區大明里3鄰桃鶯路11巷14弄7號,68,6800800,6800800-033,3鄰,桃鶯路,,11巷,14弄,,,7號,121.327638955404,24.9720092208328
桃園市八德區大明里3鄰桃鶯路11巷14弄7之2號,68,6800800,6800800-033,3鄰,桃鶯路,,11巷,14弄,,,7之2號,121.327638955404,24.9720092208328
桃園市八德區大明里3鄰桃鶯路11巷14弄8之1號,68,6800800,6800800-033,3鄰,桃鶯路,,11巷,14弄,,,8之1號,121.327560836536,24.9719449305093
桃園市八德區大明里3鄰桃鶯路11巷14弄8之2號,68,6800800,6800800-033,3鄰,桃鶯路,,11巷,14弄,,,8之2號,121.327560836536,24.9719449305093
桃園市八德區大明里3鄰桃鶯路11巷14弄8號,68,6800800,6800800-033,3鄰,桃鶯路,,11巷,14弄,,,8號,121.327560836536,24.9719449305093
桃園市八德區大明里3鄰桃鶯路11巷14弄9之1號,68,6800800,6800800-033,3鄰,桃鶯路,,11巷,14弄,,,9之1號,121.327679480791,24.9719404261236
桃園市八德區大明里3鄰桃鶯路11巷14弄9號,68,6800800,6800800-033,3鄰,桃鶯路,,11巷,14弄,,,9號,121.327679480791,24.9719404261236
桃園市八德區大明里3鄰桃鶯路11巷14弄9之2號,68,6800800,6800800-033,3鄰,桃鶯路,,11巷,14弄,,,9之2號,121.327679480791,24.9719404261236
桃園市八德區大明里3鄰桃鶯路11巷14弄10之2號,68,6800800,6800800-033,3鄰,桃鶯路,,11巷,14弄,,,10之2號,121.327613873365,24.9718881159576
桃園市八德區大明里3鄰桃鶯路11巷14弄10號,68,6800800,6800800-033,3鄰,桃鶯路,,11巷,14弄,,,10號,121.327613873365,24.9718881159576
桃園市八德區大明里3鄰桃鶯路11巷14弄10之1號,68,6800800,6800800-033,3鄰,桃鶯路,,11巷,14弄,,,10之1號,121.327613873365,24.9718881159576
桃園市八德區大明里21鄰桃鶯路11巷15號,68,6800800,6800800-033,21鄰,桃鶯路,,11巷,,,,15號,121.326899467019,24.972078017036
桃園市八德區大明里3鄰桃鶯路11巷16號,68,6800800,6800800-033,3鄰,桃鶯路,,11巷,,,,16號,121.327463470261,24.9722424473021
桃園市八德區大明里3鄰桃鶯路11巷16之1號,68,6800800,6800800-033,3鄰,桃鶯路,,11巷,,,,16之1號,121.327463470261,24.9722424473021
桃園市八德區大明里3鄰桃鶯路11巷16之2號,68,6800800,6800800-033,3鄰,桃鶯路,,11巷,,,,16之2號,121.327463470261,24.9722424473021
桃園市八德區大明里21鄰桃鶯路11巷17號,68,6800800,6800800-033,21鄰,桃鶯路,,11巷,,,,17號,121.326949877464,24.9720766423788
桃園市八德區大明里21鄰桃鶯路11巷17之1號,68,6800800,6800800-033,21鄰,桃鶯路,,11巷,,,,17之1號,121.326976060122,24.9720897662287
桃園市八德區大明里3鄰桃鶯路11巷18號,68,6800800,6800800-033,3鄰,桃鶯路,,11巷,,,,18號,121.327508401894,24.9722666346533
桃園市八德區大明里3鄰桃鶯路11巷18之1號,68,6800800,6800800-033,3鄰,桃鶯路,,11巷,,,,18之1號,121.327508401894,24.9722666346533
桃園市八德區大明里3鄰桃鶯路11巷18之2號,68,6800800,6800800-033,3鄰,桃鶯路,,11巷,,,,18之2號,121.327508401894,24.9722666346533
桃園市八德區大明里21鄰桃鶯路11巷19號,68,6800800,6800800-033,21鄰,桃鶯路,,11巷,,,,19號,121.327052161128,24.9721401576776
桃園市八德區大明里21鄰桃鶯路11巷21號,68,6800800,6800800-033,21鄰,桃鶯路,,11巷,,,,21號,121.327088676698,24.9721654470424
桃園市八德區大明里21鄰桃鶯路11巷23之1號,68,6800800,6800800-033,21鄰,桃鶯路,,11巷,,,,23之1號,121.327082923781,24.9722372348338
桃園市八德區大明里21鄰桃鶯路11巷23之3號,68,6800800,6800800-033,21鄰,桃鶯路,,11巷,,,,23之3號,121.327082923781,24.9722372348338
桃園市八德區大明里21鄰桃鶯路11巷23之4號,68,6800800,6800800-033,21鄰,桃鶯路,,11巷,,,,23之4號,121.327082923781,24.9722372348338
桃園市八德區大明里21鄰桃鶯路11巷23號,68,6800800,6800800-033,21鄰,桃鶯路,,11巷,,,,23號,121.327082923781,24.9722372348338
桃園市八德區大明里21鄰桃鶯路11巷23之2號,68,6800800,6800800-033,21鄰,桃鶯路,,11巷,,,,23之2號,121.327082923781,24.9722372348338
桃園市八德區大明里21鄰桃鶯路11巷25之2號,68,6800800,6800800-033,21鄰,桃鶯路,,11巷,,,,25之2號,121.327144530697,24.9722749281421
桃園市八德區大明里21鄰桃鶯路11巷25之3號,68,6800800,6800800-033,21鄰,桃鶯路,,11巷,,,,25之3號,121.327144530697,24.9722749281421
桃園市八德區大明里21鄰桃鶯路11巷25之4號,68,6800800,6800800-033,21鄰,桃鶯路,,11巷,,,,25之4號,121.327144530697,24.9722749281421
桃園市八德區大明里21鄰桃鶯路11巷25號,68,6800800,6800800-033,21鄰,桃鶯路,,11巷,,,,25號,121.327144530697,24.9722749281421
桃園市八德區大明里21鄰桃鶯路11巷25之1號,68,6800800,6800800-033,21鄰,桃鶯路,,11巷,,,,25之1號,121.327144530697,24.9722749281421
桃園市八德區大明里21鄰桃鶯路11巷27之1號,68,6800800,6800800-033,21鄰,桃鶯路,,11巷,,,,27之1號,121.327206141949,24.9723142465127
桃園市八德區大明里21鄰桃鶯路11巷27之2號,68,6800800,6800800-033,21鄰,桃鶯路,,11巷,,,,27之2號,121.327206141949,24.9723142465127
桃園市八德區大明里21鄰桃鶯路11巷27之3號,68,6800800,6800800-033,21鄰,桃鶯路,,11巷,,,,27之3號,121.327206141949,24.9723142465127
桃園市八德區大明里21鄰桃鶯路11巷27之4號,68,6800800,6800800-033,21鄰,桃鶯路,,11巷,,,,27之4號,121.327206141949,24.9723142465127
桃園市八德區大明里21鄰桃鶯路11巷27號,68,6800800,6800800-033,21鄰,桃鶯路,,11巷,,,,27號,121.327206141949,24.9723142465127
桃園市八德區大明里21鄰桃鶯路11巷29之1號,68,6800800,6800800-033,21鄰,桃鶯路,,11巷,,,,29之1號,121.327269353723,24.9723595200308
桃園市八德區大明里21鄰桃鶯路11巷29之2號,68,6800800,6800800-033,21鄰,桃鶯路,,11巷,,,,29之2號,121.327269353723,24.9723595200308
桃園市八德區大明里21鄰桃鶯路11巷29之3號,68,6800800,6800800-033,21鄰,桃鶯路,,11巷,,,,29之3號,121.327269353723,24.9723595200308
桃園市八德區大明里21鄰桃鶯路11巷29之4號,68,6800800,6800800-033,21鄰,桃鶯路,,11巷,,,,29之4號,121.327269353723,24.9723595200308
桃園市八德區大明里21鄰桃鶯路11巷29號,68,6800800,6800800-033,21鄰,桃鶯路,,11巷,,,,29號,121.327269353723,24.9723595200308
桃園市八德區大明里21鄰桃鶯路11巷31之1號,68,6800800,6800800-033,21鄰,桃鶯路,,11巷,,,,31之1號,121.327339320673,24.9724123624589
桃園市八德區大明里21鄰桃鶯路11巷31之2號,68,6800800,6800800-033,21鄰,桃鶯路,,11巷,,,,31之2號,121.327339320673,24.9724123624589
桃園市八德區大明里21鄰桃鶯路11巷31之3號,68,6800800,6800800-033,21鄰,桃鶯路,,11巷,,,,31之3號,121.327339320673,24.9724123624589
桃園市八德區大明里21鄰桃鶯路11巷31之4號,68,6800800,6800800-033,21鄰,桃鶯路,,11巷,,,,31之4號,121.327339320673,24.9724123624589
桃園市八德區大明里21鄰桃鶯路11巷31號,68,6800800,6800800-033,21鄰,桃鶯路,,11巷,,,,31號,121.327339320673,24.9724123624589
桃園市八德區大明里21鄰桃鶯路11巷33之2號,68,6800800,6800800-033,21鄰,桃鶯路,,11巷,,,,33之2號,121.32738586502,24.9724471094356
桃園市八德區大明里21鄰桃鶯路11巷33之3號,68,6800800,6800800-033,21鄰,桃鶯路,,11巷,,,,33之3號,121.32738586502,24.9724471094356
桃園市八德區大明里21鄰桃鶯路11巷33之4號,68,6800800,6800800-033,21鄰,桃鶯路,,11巷,,,,33之4號,121.32738586502,24.9724471094356
桃園市八德區大明里21鄰桃鶯路11巷33號,68,6800800,6800800-033,21鄰,桃鶯路,,11巷,,,,33號,121.32738586502,24.9724471094356
桃園市八德區大明里21鄰桃鶯路11巷33之1號,68,6800800,6800800-033,21鄰,桃鶯路,,11巷,,,,33之1號,121.32738586502,24.9724471094356
桃園市八德區大明里2鄰桃鶯路12號,68,6800800,6800800-033,2鄰,桃鶯路,,,,,,12號,121.32626864908,24.9715529592982
桃園市八德區大明里1鄰桃鶯路13號,68,6800800,6800800-033,1鄰,桃鶯路,,,,,,13號,121.326582945955,24.9716758679519
桃園市八德區大明里2鄰桃鶯路14號,68,6800800,6800800-033,2鄰,桃鶯路,,,,,,14號,121.32630678828,24.9715180263916
桃園市八德區大明里1鄰桃鶯路15號,68,6800800,6800800-033,1鄰,桃鶯路,,,,,,15號,121.326614246748,24.9716393248693
桃園市八德區大明里2鄰桃鶯路16號,68,6800800,6800800-033,2鄰,桃鶯路,,,,,,16號,121.326349911587,24.9714951805025
桃園市八德區大明里1鄰桃鶯路17號,68,6800800,6800800-033,1鄰,桃鶯路,,,,,,17號,121.326651295433,24.9716040331347
桃園市八德區大明里2鄰桃鶯路18號,68,6800800,6800800-033,2鄰,桃鶯路,,,,,,18號,121.326379719118,24.9714557516781
桃園市八德區大明里1鄰桃鶯路19號,68,6800800,6800800-033,1鄰,桃鶯路,,,,,,19號,121.326678361359,24.971576617935
桃園市八德區大明里2鄰桃鶯路20號,68,6800800,6800800-033,2鄰,桃鶯路,,,,,,20號,121.326419562019,24.9714283987987
桃園市八德區大明里1鄰桃鶯路21號,68,6800800,6800800-033,1鄰,桃鶯路,,,,,,21號,121.326714023625,24.97154141951
桃園市八德區大明里2鄰桃鶯路22號,68,6800800,6800800-033,2鄰,桃鶯路,,,,,,22號,121.326451077325,24.9713980848215
桃園市八德區大明里1鄰桃鶯路23號,68,6800800,6800800-033,1鄰,桃鶯路,,,,,,23號,121.326745430304,24.9715074943809
桃園市八德區大明里2鄰桃鶯路24號,68,6800800,6800800-033,2鄰,桃鶯路,,,,,,24號,121.326484181135,24.971369211886
桃園市八德區大明里1鄰桃鶯路25號,68,6800800,6800800-033,1鄰,桃鶯路,,,,,,25號,121.3267853822,24.9714839330604
桃園市八德區大明里2鄰桃鶯路26號,68,6800800,6800800-033,2鄰,桃鶯路,,,,,,26號,121.326515700222,24.9713403424185
桃園市八德區大明里1鄰桃鶯路27號,68,6800800,6800800-033,1鄰,桃鶯路,,,,,,27號,121.326812420403,24.9714460450434
桃園市八德區大明里2鄰桃鶯路28號,68,6800800,6800800-033,2鄰,桃鶯路,,,,,,28號,121.326548792087,24.9713069553336
桃園市八德區大明里1鄰桃鶯路29號,68,6800800,6800800-033,1鄰,桃鶯路,,,,,,29號,121.326845237742,24.9714212354022
桃園市八德區大明里2鄰桃鶯路30號,68,6800800,6800800-033,2鄰,桃鶯路,,,,,,30號,121.326580303278,24.9712751065233
桃園市八德區大明里1鄰桃鶯路31號,68,6800800,6800800-033,1鄰,桃鶯路,,,,,,31號,121.326883673154,24.9713860308488
桃園市八德區大明里2鄰桃鶯路32號,68,6800800,6800800-033,2鄰,桃鶯路,,,,,,32號,121.326625086364,24.9712432285916
桃園市八德區大明里1鄰桃鶯路33號,68,6800800,6800800-033,1鄰,桃鶯路,,,,,,33號,121.326913590506,24.9713507547057
桃園市八德區大明里2鄰桃鶯路34號,68,6800800,6800800-033,2鄰,桃鶯路,,,,,,34號,121.326683109147,24.9711991333619
桃園市八德區大明里1鄰桃鶯路35號,68,6800800,6800800-033,1鄰,桃鶯路,,,,,,35號,121.326945017601,24.9713245938467
桃園市八德區大明里1鄰桃鶯路37號,68,6800800,6800800-033,1鄰,桃鶯路,,,,,,37號,121.327079200944,24.9712787061048
桃園市八德區大明里2鄰桃鶯路38號,68,6800800,6800800-033,2鄰,桃鶯路,,,,,,38號,121.326754284083,24.9711096870669
桃園市八德區大明里2鄰桃鶯路40號,68,6800800,6800800-033,2鄰,桃鶯路,,,,,,40號,121.326787490843,24.9710823486529
桃園市八德區大明里2鄰桃鶯路42號,68,6800800,6800800-033,2鄰,桃鶯路,,,,,,42號,121.326822270128,24.9710504023352
桃園市八德區大明里2鄰桃鶯路44號,68,6800800,6800800-033,2鄰,桃鶯路,,,,,,44號,121.326857033652,24.9710124973511
桃園市八德區大明里1鄰桃鶯路45號,68,6800800,6800800-033,1鄰,桃鶯路,,,,,,45號,121.327137456189,24.9711352986435
桃園市八德區大明里2鄰桃鶯路46號,68,6800800,6800800-033,2鄰,桃鶯路,,,,,,46號,121.326890220325,24.9709775751672
桃園市八德區大明里1鄰桃鶯路47號,68,6800800,6800800-033,1鄰,桃鶯路,,,,,,47號,121.327173114616,24.9710987458686
桃園市八德區大明里2鄰桃鶯路48號,68,6800800,6800800-033,2鄰,桃鶯路,,,,,,48號,121.326928367284,24.9709457117142
桃園市八德區大明里1鄰桃鶯路49號,68,6800800,6800800-033,1鄰,桃鶯路,,,,,,49號,121.327211570371,24.9710713055432
桃園市八德區大明里2鄰桃鶯路50號,68,6800800,6800800-033,2鄰,桃鶯路,,,,,,50號,121.326964834296,24.9709152964721
桃園市八德區大明里1鄰桃鶯路51號,68,6800800,6800800-033,1鄰,桃鶯路,,,,,,51號,121.327245743099,24.971034756016
桃園市八德區大明里2鄰桃鶯路52號,68,6800800,6800800-033,2鄰,桃鶯路,,,,,,52號,121.326988017726,24.9708804865167
桃園市八德區大明里1鄰桃鶯路53號,68,6800800,6800800-033,1鄰,桃鶯路,,,,,,53號,121.327290049334,24.9710099210249
桃園市八德區大明里2鄰桃鶯路54號,68,6800800,6800800-033,2鄰,桃鶯路,,,,,,54號,121.327024476829,24.9708470919309
桃園市八德區大明里2鄰桃鶯路56號,68,6800800,6800800-033,2鄰,桃鶯路,,,,,,56號,121.327059264101,24.9708182151701
桃園市八德區大明里22鄰桃鶯路57號,68,6800800,6800800-033,22鄰,桃鶯路,,,,,,57號,121.32737311137,24.9709213511377
桃園市八德區大明里2鄰桃鶯路58號,68,6800800,6800800-033,2鄰,桃鶯路,,,,,,58號,121.327097410967,24.9707863516739
桃園市八德區大明里22鄰桃鶯路59號,68,6800800,6800800-033,22鄰,桃鶯路,,,,,,59號,121.327411546477,24.9708861464489
桃園市八德區大明里2鄰桃鶯路60號,68,6800800,6800800-033,2鄰,桃鶯路,,,,,,60號,121.327132186269,24.9707529607609
桃園市八德區大明里22鄰桃鶯路61號,68,6800800,6800800-033,22鄰,桃鶯路,,,,,,61號,121.327449871765,24.9708468792464
桃園市八德區大明里2鄰桃鶯路62號,68,6800800,6800800-033,2鄰,桃鶯路,,,,,,62號,121.327173609417,24.9707240693934
桃園市八德區大明里22鄰桃鶯路63號,68,6800800,6800800-033,22鄰,桃鶯路,,,,,,63號,121.327490595826,24.9708158225315
桃園市八德區大明里2鄰桃鶯路64號,68,6800800,6800800-033,2鄰,桃鶯路,,,,,,64號,121.327203432498,24.9706906893458
桃園市八德區大明里22鄰桃鶯路65號,68,6800800,6800800-033,22鄰,桃鶯路,,,,,,65號,121.327510812319,24.9707827344026
桃園市八德區大明里2鄰桃鶯路66號,68,6800800,6800800-033,2鄰,桃鶯路,,,,,,66號,121.327239899367,24.9706602740368
桃園市八德區大明里22鄰桃鶯路67號,68,6800800,6800800-033,22鄰,桃鶯路,,,,,,67號,121.327560565814,24.970757887349
桃園市八德區大明里2鄰桃鶯路68號,68,6800800,6800800-033,2鄰,桃鶯路,,,,,,68號,121.327269714534,24.9706239146467
桃園市八德區大明里22鄰桃鶯路69之1號,68,6800800,6800800-033,22鄰,桃鶯路,,,,,,69之1號,121.327726416481,24.9709639098327
桃園市八德區大明里2鄰桃鶯路70號,68,6800800,6800800-033,2鄰,桃鶯路,,,,,,70號,121.327312821347,24.9705950195398
桃園市八德區大明里22鄰桃鶯路71號,68,6800800,6800800-033,22鄰,桃鶯路,,,,,,71號,121.327632858032,24.970679272165
桃園市八德區大明里22鄰桃鶯路73號,68,6800800,6800800-033,22鄰,桃鶯路,,,,,,73號,121.327673461188,24.9706399998926
桃園市八德區大明里23鄰桃鶯路74號,68,6800800,6800800-033,23鄰,桃鶯路,,,,,,74號,121.327408970214,24.9705114767212
桃園市八德區大明里22鄰桃鶯路75號,68,6800800,6800800-033,22鄰,桃鶯路,,,,,,75號,121.327705095117,24.9706172691808
桃園市八德區大明里23鄰桃鶯路76號,68,6800800,6800800-033,23鄰,桃鶯路,,,,,,76號,121.327442140587,24.9704705054738
桃園市八德區大明里22鄰桃鶯路77號,68,6800800,6800800-033,22鄰,桃鶯路,,,,,,77號,121.32773896853,24.9705799979334
桃園市八德區大明里23鄰桃鶯路78號,68,6800800,6800800-033,23鄰,桃鶯路,,,,,,78號,121.327481954974,24.9704325892357
桃園市八德區大明里22鄰桃鶯路79號,68,6800800,6800800-033,22鄰,桃鶯路,,,,,,79號,121.327777304623,24.9705448836513
桃園市八德區大明里23鄰桃鶯路80號,68,6800800,6800800-033,23鄰,桃鶯路,,,,,,80號,121.327511805866,24.970409772203
桃園市八德區大明里22鄰桃鶯路81號,68,6800800,6800800-033,22鄰,桃鶯路,,,,,,81號,121.327813478003,24.9705159133805
桃園市八德區大明里23鄰桃鶯路82號,68,6800800,6800800-033,23鄰,桃鶯路,,,,,,82號,121.327548268751,24.9703779122957
桃園市八德區大明里22鄰桃鶯路83號,68,6800800,6800800-033,22鄰,桃鶯路,,,,,,83號,121.327858664324,24.9704869232547
桃園市八德區大明里23鄰桃鶯路84號,68,6800800,6800800-033,23鄰,桃鶯路,,,,,,84號,121.327579692359,24.970350577628
桃園市八德區大明里22鄰桃鶯路85號,68,6800800,6800800-033,22鄰,桃鶯路,,,,,,85號,121.327883524701,24.9704496718207
桃園市八德區大明里23鄰桃鶯路86號,68,6800800,6800800-033,23鄰,桃鶯路,,,,,,86號,121.327614558562,24.9703142070559
桃園市八德區大明里22鄰桃鶯路87號,68,6800800,6800800-033,22鄰,桃鶯路,,,,,,87號,121.327917431037,24.9704248595455
桃園市八德區大明里23鄰桃鶯路88號,68,6800800,6800800-033,23鄰,桃鶯路,,,,,,88號,121.327651025219,24.9702837916468
桃園市八德區大明里22鄰桃鶯路89號,68,6800800,6800800-033,22鄰,桃鶯路,,,,,,89號,121.327955772296,24.9703917314371
桃園市八德區大明里23鄰桃鶯路90號,68,6800800,6800800-033,23鄰,桃鶯路,,,,,,90號,121.327684120559,24.9702519391168
桃園市八德區大明里22鄰桃鶯路91號,68,6800800,6800800-033,22鄰,桃鶯路,,,,,,91號,121.327987373318,24.9703566319358
桃園市八德區大明里23鄰桃鶯路92號,68,6800800,6800800-033,23鄰,桃鶯路,,,,,,92號,121.327715639082,24.9702230693967
桃園市八德區大明里22鄰桃鶯路93號,68,6800800,6800800-033,22鄰,桃鶯路,,,,,,93號,121.328023551861,24.9703296478337
桃園市八德區大明里23鄰桃鶯路94號,68,6800800,6800800-033,23鄰,桃鶯路,,,,,,94號,121.327748738456,24.9701927516584
桃園市八德區大明里22鄰桃鶯路95號,68,6800800,6800800-033,22鄰,桃鶯路,,,,,,95號,121.328059730627,24.9703027540055
桃園市八德區大明里23鄰桃鶯路96號,68,6800800,6800800-033,23鄰,桃鶯路,,,,,,96號,121.327780252883,24.9701623471187
桃園市八德區大明里22鄰桃鶯路97號,68,6800800,6800800-033,22鄰,桃鶯路,,,,,,97號,121.328086786379,24.970271727243
桃園市八德區大明里22鄰桃鶯路99號,68,6800800,6800800-033,22鄰,桃鶯路,,,,,,99號,121.328129689283,24.9702407558358
桃園市八德區大明里22鄰桃鶯路101號,68,6800800,6800800-033,22鄰,桃鶯路,,,,,,101號,121.328168140487,24.9702117804591
桃園市八德區大明里23鄰桃鶯路102號,68,6800800,6800800-033,23鄰,桃鶯路,,,,,,102號,121.327863089359,24.9700637560133
桃園市八德區大明里22鄰桃鶯路103號,68,6800800,6800800-033,22鄰,桃鶯路,,,,,,103號,121.328197484964,24.9701848113773
桃園市八德區大明里23鄰桃鶯路104號,68,6800800,6800800-033,23鄰,桃鶯路,,,,,,104號,121.327892932195,24.9700379595754
桃園市八德區大明里22鄰桃鶯路105號,68,6800800,6800800-033,22鄰,桃鶯路,,,,,,105號,121.328242682091,24.9701599741401
桃園市八德區大明里23鄰桃鶯路106號,68,6800800,6800800-033,23鄰,桃鶯路,,,,,,106號,121.327926031237,24.9700075515152
桃園市八德區大明里22鄰桃鶯路107號,68,6800800,6800800-033,22鄰,桃鶯路,,,,,,107號,121.328265269804,24.9701248041666
桃園市八德區大明里23鄰桃鶯路108號,68,6800800,6800800-033,23鄰,桃鶯路,,,,,,108號,121.327965853464,24.9699727047604
桃園市八德區大明里22鄰桃鶯路109號,68,6800800,6800800-033,22鄰,桃鶯路,,,,,,109號,121.32829687067,24.9700897046
桃園市八德區大明里23鄰桃鶯路110號,68,6800800,6800800-033,23鄰,桃鶯路,,,,,,110號,121.32800233597,24.9699483382071
桃園市八德區大明里22鄰桃鶯路111號,68,6800800,6800800-033,22鄰,桃鶯路,,,,,,111號,121.328326187777,24.970052443265
桃園市八德區大明里23鄰桃鶯路112號,68,6800800,6800800-033,23鄰,桃鶯路,,,,,,112號,121.32802877921,24.9699104512778
桃園市八德區大明里22鄰桃鶯路113號,68,6800800,6800800-033,22鄰,桃鶯路,,,,,,113號,121.328348759153,24.970011134055
桃園市八德區大明里23鄰桃鶯路114號,68,6800800,6800800-033,23鄰,桃鶯路,,,,,,114號,121.328060293496,24.9698800466791
桃園市八德區大明里22鄰桃鶯路115號,68,6800800,6800800-033,22鄰,桃鶯路,,,,,,115號,121.328380348944,24.9699718814664
桃園市八德區大明里23鄰桃鶯路116號,68,6800800,6800800-033,23鄰,桃鶯路,,,,,,116號,121.328095084325,24.9698527044837
桃園市八德區大明里22鄰桃鶯路117號,68,6800800,6800800-033,22鄰,桃鶯路,,,,,,117號,121.328418728284,24.9699531984718
桃園市八德區大明里23鄰桃鶯路118號,68,6800800,6800800-033,23鄰,桃鶯路,,,,,,118號,121.328123322261,24.9698193277445
桃園市八德區大明里22鄰桃鶯路119號,68,6800800,6800800-033,22鄰,桃鶯路,,,,,,119號,121.328452612565,24.9699201703497
桃園市八德區大明里23鄰桃鶯路120號,68,6800800,6800800-033,23鄰,桃鶯路,,,,,,120號,121.328163073347,24.9697950442321
桃園市八德區大明里22鄰桃鶯路121號,68,6800800,6800800-033,22鄰,桃鶯路,,,,,,121號,121.328491063594,24.9698911948902
桃園市八德區大明里23鄰桃鶯路122號,68,6800800,6800800-033,23鄰,桃鶯路,,,,,,122號,121.328202911246,24.9697661560728
桃園市八德區大明里22鄰桃鶯路123號,68,6800800,6800800-033,22鄰,桃鶯路,,,,,,123號,121.328513530329,24.9698478093716
桃園市八德區大明里22鄰桃鶯路125號,68,6800800,6800800-033,22鄰,桃鶯路,,,,,,125號,121.328528701195,24.9698169893168
桃園市八德區大明里23鄰桃鶯路126號,68,6800800,6800800-033,23鄰,桃鶯路,,,,,,126號,121.328255872359,24.9696812633667
桃園市八德區大明里22鄰桃鶯路127號,68,6800800,6800800-033,22鄰,桃鶯路,,,,,,127號,121.328565159567,24.9697835943564
桃園市八德區大明里23鄰桃鶯路128號,68,6800800,6800800-033,23鄰,桃鶯路,,,,,,128號,121.328275671452,24.9696403214109
桃園市八德區大明里22鄰桃鶯路129號,68,6800800,6800800-033,22鄰,桃鶯路,,,,,,129號,121.328599938027,24.9697516476263
桃園市八德區大明里23鄰桃鶯路130號,68,6800800,6800800-033,23鄰,桃鶯路,,,,,,130號,121.328338705411,24.969618965864
桃園市八德區大明里22鄰桃鶯路131號,68,6800800,6800800-033,22鄰,桃鶯路,,,,,,131號,121.328626397108,24.9697198095333
桃園市八德區大明里23鄰桃鶯路132號,68,6800800,6800800-033,23鄰,桃鶯路,,,,,,132號,121.328363571701,24.9695840616991
