FULL_ADDR,COUNTY,TOWN,VILLAGE,NEIGHBORHOOD,ROAD,SECTION,LANE,ALLEY,SUB_ALLEY,TONG,NUMBER,X,Y
桃園市中壢區過嶺里16鄰松智一街1之1號,68,6800200,6800200-043,16鄰,松智一街,,,,,,1之1號,121.175012126478,24.959972353081
桃園市中壢區過嶺里17鄰松智一街2號,68,6800200,6800200-043,17鄰,松智一街,,,,,,2號,121.174874887951,24.9599206009581
桃園市中壢區過嶺里16鄰松智一街31號,68,6800200,6800200-043,16鄰,松智一街,,,,,,31號,121.174954654519,24.9594600586601
桃園市中壢區過嶺里16鄰松智一街51號,68,6800200,6800200-043,16鄰,松智一街,,,,,,51號,121.17457724386,24.9594008237544
桃園市中壢區過嶺里16鄰松智一街61號,68,6800200,6800200-043,16鄰,松智一街,,,,,,61號,121.174411335905,24.9593846767134
桃園市中壢區過嶺里17鄰松智一街62號,68,6800200,6800200-043,17鄰,松智一街,,,,,,62號,121.174486786334,24.9595848383577
桃園市中壢區過嶺里16鄰松智一街65號,68,6800200,6800200-043,16鄰,松智一街,,,,,,65號,121.174315962038,24.9593127416949
桃園市中壢區過嶺里15鄰松智一街99號,68,6800200,6800200-043,15鄰,松智一街,,,,,,99號,121.173514293013,24.9593315540237
