FULL_ADDR,COUNTY,TOWN,VILLAGE,NEIGHBORHOOD,ROAD,SECTION,LANE,ALLEY,SUB_ALLEY,TONG,NUMBER,X,Y
桃園市龜山區長樂里8鄰文禾路101號,68,6800700,6800700-000,8鄰,文禾路,,,,,,101號,121.386939807094,25.0504512063853
桃園市龜山區長樂里8鄰文禾路103號,68,6800700,6800700-000,8鄰,文禾路,,,,,,103號,121.387011125137,25.0505648660481
桃園市龜山區長樂里7鄰文禾路105號,68,6800700,6800700-000,7鄰,文禾路,,,,,,105號,121.387364754416,25.0511049132992
桃園市龜山區長樂里7鄰文禾路107號,68,6800700,6800700-000,7鄰,文禾路,,,,,,107號,121.38743605706,25.0512134267143
桃園市龜山區長樂里6鄰文禾路169號十樓之1,68,6800700,6800700-000,6鄰,文禾路,,,,,,169號十樓之1,121.387758401813,25.0518575592486
桃園市龜山區長樂里6鄰文禾路169號十樓之2,68,6800700,6800700-000,6鄰,文禾路,,,,,,169號十樓之2,121.387758401813,25.0518575592486
桃園市龜山區長樂里6鄰文禾路169號十樓之3,68,6800700,6800700-000,6鄰,文禾路,,,,,,169號十樓之3,121.387758401813,25.0518575592486
桃園市龜山區長樂里6鄰文禾路169號十樓之5,68,6800700,6800700-000,6鄰,文禾路,,,,,,169號十樓之5,121.387758401813,25.0518575592486
桃園市龜山區長樂里6鄰文禾路169號十樓之6,68,6800700,6800700-000,6鄰,文禾路,,,,,,169號十樓之6,121.387758401813,25.0518575592486
桃園市龜山區長樂里6鄰文禾路169號十樓之7,68,6800700,6800700-000,6鄰,文禾路,,,,,,169號十樓之7,121.387758401813,25.0518575592486
桃園市龜山區長樂里6鄰文禾路169號二樓之1,68,6800700,6800700-000,6鄰,文禾路,,,,,,169號二樓之1,121.387758401813,25.0518575592486
桃園市龜山區長樂里6鄰文禾路169號二樓之2,68,6800700,6800700-000,6鄰,文禾路,,,,,,169號二樓之2,121.387758401813,25.0518575592486
桃園市龜山區長樂里6鄰文禾路169號二樓之3,68,6800700,6800700-000,6鄰,文禾路,,,,,,169號二樓之3,121.387758401813,25.0518575592486
桃園市龜山區長樂里6鄰文禾路169號二樓之5,68,6800700,6800700-000,6鄰,文禾路,,,,,,169號二樓之5,121.387758401813,25.0518575592486
桃園市龜山區長樂里6鄰文禾路169號二樓之6,68,6800700,6800700-000,6鄰,文禾路,,,,,,169號二樓之6,121.387758401813,25.0518575592486
桃園市龜山區長樂里6鄰文禾路169號二樓之7,68,6800700,6800700-000,6鄰,文禾路,,,,,,169號二樓之7,121.387758401813,25.0518575592486
桃園市龜山區長樂里6鄰文禾路169號三樓之1,68,6800700,6800700-000,6鄰,文禾路,,,,,,169號三樓之1,121.387758401813,25.0518575592486
桃園市龜山區長樂里6鄰文禾路169號三樓之2,68,6800700,6800700-000,6鄰,文禾路,,,,,,169號三樓之2,121.387758401813,25.0518575592486
桃園市龜山區長樂里6鄰文禾路169號三樓之3,68,6800700,6800700-000,6鄰,文禾路,,,,,,169號三樓之3,121.387758401813,25.0518575592486
桃園市龜山區長樂里6鄰文禾路169號三樓之5,68,6800700,6800700-000,6鄰,文禾路,,,,,,169號三樓之5,121.387758401813,25.0518575592486
桃園市龜山區長樂里6鄰文禾路169號三樓之6,68,6800700,6800700-000,6鄰,文禾路,,,,,,169號三樓之6,121.387758401813,25.0518575592486
桃園市龜山區長樂里6鄰文禾路169號三樓之7,68,6800700,6800700-000,6鄰,文禾路,,,,,,169號三樓之7,121.387758401813,25.0518575592486
桃園市龜山區長樂里6鄰文禾路169號四樓之1,68,6800700,6800700-000,6鄰,文禾路,,,,,,169號四樓之1,121.387758401813,25.0518575592486
桃園市龜山區長樂里6鄰文禾路169號四樓之2,68,6800700,6800700-000,6鄰,文禾路,,,,,,169號四樓之2,121.387758401813,25.0518575592486
桃園市龜山區長樂里6鄰文禾路169號四樓之3,68,6800700,6800700-000,6鄰,文禾路,,,,,,169號四樓之3,121.387758401813,25.0518575592486
桃園市龜山區長樂里6鄰文禾路169號四樓之5,68,6800700,6800700-000,6鄰,文禾路,,,,,,169號四樓之5,121.387758401813,25.0518575592486
桃園市龜山區長樂里6鄰文禾路169號四樓之6,68,6800700,6800700-000,6鄰,文禾路,,,,,,169號四樓之6,121.387758401813,25.0518575592486
桃園市龜山區長樂里6鄰文禾路169號四樓之7,68,6800700,6800700-000,6鄰,文禾路,,,,,,169號四樓之7,121.387758401813,25.0518575592486
桃園市龜山區長樂里6鄰文禾路169號五樓之1,68,6800700,6800700-000,6鄰,文禾路,,,,,,169號五樓之1,121.387758401813,25.0518575592486
桃園市龜山區長樂里6鄰文禾路169號五樓之2,68,6800700,6800700-000,6鄰,文禾路,,,,,,169號五樓之2,121.387758401813,25.0518575592486
桃園市龜山區長樂里6鄰文禾路169號五樓之3,68,6800700,6800700-000,6鄰,文禾路,,,,,,169號五樓之3,121.387758401813,25.0518575592486
桃園市龜山區長樂里6鄰文禾路169號五樓之5,68,6800700,6800700-000,6鄰,文禾路,,,,,,169號五樓之5,121.387758401813,25.0518575592486
桃園市龜山區長樂里6鄰文禾路169號五樓之6,68,6800700,6800700-000,6鄰,文禾路,,,,,,169號五樓之6,121.387758401813,25.0518575592486
桃園市龜山區長樂里6鄰文禾路169號五樓之7,68,6800700,6800700-000,6鄰,文禾路,,,,,,169號五樓之7,121.387758401813,25.0518575592486
桃園市龜山區長樂里6鄰文禾路169號六樓之1,68,6800700,6800700-000,6鄰,文禾路,,,,,,169號六樓之1,121.387758401813,25.0518575592486
桃園市龜山區長樂里6鄰文禾路169號六樓之2,68,6800700,6800700-000,6鄰,文禾路,,,,,,169號六樓之2,121.387758401813,25.0518575592486
桃園市龜山區長樂里6鄰文禾路169號六樓之3,68,6800700,6800700-000,6鄰,文禾路,,,,,,169號六樓之3,121.387758401813,25.0518575592486
桃園市龜山區長樂里6鄰文禾路169號六樓之5,68,6800700,6800700-000,6鄰,文禾路,,,,,,169號六樓之5,121.387758401813,25.0518575592486
桃園市龜山區長樂里6鄰文禾路169號六樓之6,68,6800700,6800700-000,6鄰,文禾路,,,,,,169號六樓之6,121.387758401813,25.0518575592486
桃園市龜山區長樂里6鄰文禾路169號六樓之7,68,6800700,6800700-000,6鄰,文禾路,,,,,,169號六樓之7,121.387758401813,25.0518575592486
桃園市龜山區長樂里6鄰文禾路169號七樓之1,68,6800700,6800700-000,6鄰,文禾路,,,,,,169號七樓之1,121.387758401813,25.0518575592486
桃園市龜山區長樂里6鄰文禾路169號七樓之2,68,6800700,6800700-000,6鄰,文禾路,,,,,,169號七樓之2,121.387758401813,25.0518575592486
桃園市龜山區長樂里6鄰文禾路169號七樓之3,68,6800700,6800700-000,6鄰,文禾路,,,,,,169號七樓之3,121.387758401813,25.0518575592486
桃園市龜山區長樂里6鄰文禾路169號七樓之5,68,6800700,6800700-000,6鄰,文禾路,,,,,,169號七樓之5,121.387758401813,25.0518575592486
桃園市龜山區長樂里6鄰文禾路169號七樓之6,68,6800700,6800700-000,6鄰,文禾路,,,,,,169號七樓之6,121.387758401813,25.0518575592486
桃園市龜山區長樂里6鄰文禾路169號七樓之7,68,6800700,6800700-000,6鄰,文禾路,,,,,,169號七樓之7,121.387758401813,25.0518575592486
桃園市龜山區長樂里6鄰文禾路169號八樓之1,68,6800700,6800700-000,6鄰,文禾路,,,,,,169號八樓之1,121.387758401813,25.0518575592486
桃園市龜山區長樂里6鄰文禾路169號八樓之2,68,6800700,6800700-000,6鄰,文禾路,,,,,,169號八樓之2,121.387758401813,25.0518575592486
桃園市龜山區長樂里6鄰文禾路169號八樓之3,68,6800700,6800700-000,6鄰,文禾路,,,,,,169號八樓之3,121.387758401813,25.0518575592486
桃園市龜山區長樂里6鄰文禾路169號八樓之5,68,6800700,6800700-000,6鄰,文禾路,,,,,,169號八樓之5,121.387758401813,25.0518575592486
桃園市龜山區長樂里6鄰文禾路169號八樓之6,68,6800700,6800700-000,6鄰,文禾路,,,,,,169號八樓之6,121.387758401813,25.0518575592486
桃園市龜山區長樂里6鄰文禾路169號八樓之7,68,6800700,6800700-000,6鄰,文禾路,,,,,,169號八樓之7,121.387758401813,25.0518575592486
桃園市龜山區長樂里6鄰文禾路169號九樓之1,68,6800700,6800700-000,6鄰,文禾路,,,,,,169號九樓之1,121.387758401813,25.0518575592486
桃園市龜山區長樂里6鄰文禾路169號九樓之2,68,6800700,6800700-000,6鄰,文禾路,,,,,,169號九樓之2,121.387758401813,25.0518575592486
桃園市龜山區長樂里6鄰文禾路169號九樓之3,68,6800700,6800700-000,6鄰,文禾路,,,,,,169號九樓之3,121.387758401813,25.0518575592486
桃園市龜山區長樂里6鄰文禾路169號九樓之5,68,6800700,6800700-000,6鄰,文禾路,,,,,,169號九樓之5,121.387758401813,25.0518575592486
桃園市龜山區長樂里6鄰文禾路169號九樓之6,68,6800700,6800700-000,6鄰,文禾路,,,,,,169號九樓之6,121.387758401813,25.0518575592486
桃園市龜山區長樂里6鄰文禾路169號九樓之7,68,6800700,6800700-000,6鄰,文禾路,,,,,,169號九樓之7,121.387758401813,25.0518575592486
桃園市龜山區長樂里6鄰文禾路169號十一樓之1,68,6800700,6800700-000,6鄰,文禾路,,,,,,169號十一樓之1,121.387758401813,25.0518575592486
桃園市龜山區長樂里6鄰文禾路169號十一樓之2,68,6800700,6800700-000,6鄰,文禾路,,,,,,169號十一樓之2,121.387758401813,25.0518575592486
桃園市龜山區長樂里6鄰文禾路169號十一樓之3,68,6800700,6800700-000,6鄰,文禾路,,,,,,169號十一樓之3,121.387758401813,25.0518575592486
桃園市龜山區長樂里6鄰文禾路169號十一樓之5,68,6800700,6800700-000,6鄰,文禾路,,,,,,169號十一樓之5,121.387758401813,25.0518575592486
桃園市龜山區長樂里6鄰文禾路169號十一樓之6,68,6800700,6800700-000,6鄰,文禾路,,,,,,169號十一樓之6,121.387758401813,25.0518575592486
桃園市龜山區長樂里6鄰文禾路169號十一樓之7,68,6800700,6800700-000,6鄰,文禾路,,,,,,169號十一樓之7,121.387758401813,25.0518575592486
桃園市龜山區長樂里6鄰文禾路169號十二樓之1,68,6800700,6800700-000,6鄰,文禾路,,,,,,169號十二樓之1,121.387758401813,25.0518575592486
桃園市龜山區長樂里6鄰文禾路169號十二樓之2,68,6800700,6800700-000,6鄰,文禾路,,,,,,169號十二樓之2,121.387758401813,25.0518575592486
桃園市龜山區長樂里6鄰文禾路169號十二樓之3,68,6800700,6800700-000,6鄰,文禾路,,,,,,169號十二樓之3,121.387758401813,25.0518575592486
桃園市龜山區長樂里6鄰文禾路169號十二樓之5,68,6800700,6800700-000,6鄰,文禾路,,,,,,169號十二樓之5,121.387758401813,25.0518575592486
桃園市龜山區長樂里6鄰文禾路169號十二樓之6,68,6800700,6800700-000,6鄰,文禾路,,,,,,169號十二樓之6,121.387758401813,25.0518575592486
桃園市龜山區長樂里6鄰文禾路169號十二樓之7,68,6800700,6800700-000,6鄰,文禾路,,,,,,169號十二樓之7,121.387758401813,25.0518575592486
桃園市龜山區長樂里6鄰文禾路169號十三樓之1,68,6800700,6800700-000,6鄰,文禾路,,,,,,169號十三樓之1,121.387758401813,25.0518575592486
桃園市龜山區長樂里6鄰文禾路169號十三樓之2,68,6800700,6800700-000,6鄰,文禾路,,,,,,169號十三樓之2,121.387758401813,25.0518575592486
桃園市龜山區長樂里6鄰文禾路169號十三樓之3,68,6800700,6800700-000,6鄰,文禾路,,,,,,169號十三樓之3,121.387758401813,25.0518575592486
桃園市龜山區長樂里6鄰文禾路169號十三樓之5,68,6800700,6800700-000,6鄰,文禾路,,,,,,169號十三樓之5,121.387758401813,25.0518575592486
桃園市龜山區長樂里6鄰文禾路169號十三樓之6,68,6800700,6800700-000,6鄰,文禾路,,,,,,169號十三樓之6,121.387758401813,25.0518575592486
桃園市龜山區長樂里6鄰文禾路169號十三樓之7,68,6800700,6800700-000,6鄰,文禾路,,,,,,169號十三樓之7,121.387758401813,25.0518575592486
桃園市龜山區長樂里6鄰文禾路169號十四樓之1,68,6800700,6800700-000,6鄰,文禾路,,,,,,169號十四樓之1,121.387758401813,25.0518575592486
桃園市龜山區長樂里6鄰文禾路169號十四樓之2,68,6800700,6800700-000,6鄰,文禾路,,,,,,169號十四樓之2,121.387758401813,25.0518575592486
桃園市龜山區長樂里6鄰文禾路169號十四樓之3,68,6800700,6800700-000,6鄰,文禾路,,,,,,169號十四樓之3,121.387758401813,25.0518575592486
桃園市龜山區長樂里6鄰文禾路169號十四樓之5,68,6800700,6800700-000,6鄰,文禾路,,,,,,169號十四樓之5,121.387758401813,25.0518575592486
桃園市龜山區長樂里6鄰文禾路169號十四樓之6,68,6800700,6800700-000,6鄰,文禾路,,,,,,169號十四樓之6,121.387758401813,25.0518575592486
桃園市龜山區長樂里6鄰文禾路169號十四樓之7,68,6800700,6800700-000,6鄰,文禾路,,,,,,169號十四樓之7,121.387758401813,25.0518575592486
桃園市龜山區長樂里6鄰文禾路169號十五樓之1,68,6800700,6800700-000,6鄰,文禾路,,,,,,169號十五樓之1,121.387758401813,25.0518575592486
桃園市龜山區長樂里6鄰文禾路169號十五樓之2,68,6800700,6800700-000,6鄰,文禾路,,,,,,169號十五樓之2,121.387758401813,25.0518575592486
桃園市龜山區長樂里6鄰文禾路169號十五樓之3,68,6800700,6800700-000,6鄰,文禾路,,,,,,169號十五樓之3,121.387758401813,25.0518575592486
桃園市龜山區長樂里6鄰文禾路169號十五樓之5,68,6800700,6800700-000,6鄰,文禾路,,,,,,169號十五樓之5,121.387758401813,25.0518575592486
桃園市龜山區長樂里6鄰文禾路169號十五樓之6,68,6800700,6800700-000,6鄰,文禾路,,,,,,169號十五樓之6,121.387758401813,25.0518575592486
桃園市龜山區長樂里6鄰文禾路169號十五樓之7,68,6800700,6800700-000,6鄰,文禾路,,,,,,169號十五樓之7,121.387758401813,25.0518575592486
桃園市龜山區長樂里6鄰文禾路169號十六樓之1,68,6800700,6800700-000,6鄰,文禾路,,,,,,169號十六樓之1,121.387758401813,25.0518575592486
桃園市龜山區長樂里6鄰文禾路169號十六樓之2,68,6800700,6800700-000,6鄰,文禾路,,,,,,169號十六樓之2,121.387758401813,25.0518575592486
桃園市龜山區長樂里6鄰文禾路169號十六樓之3,68,6800700,6800700-000,6鄰,文禾路,,,,,,169號十六樓之3,121.387758401813,25.0518575592486
桃園市龜山區長樂里6鄰文禾路169號十六樓之5,68,6800700,6800700-000,6鄰,文禾路,,,,,,169號十六樓之5,121.387758401813,25.0518575592486
桃園市龜山區長樂里6鄰文禾路169號十六樓之6,68,6800700,6800700-000,6鄰,文禾路,,,,,,169號十六樓之6,121.387758401813,25.0518575592486
桃園市龜山區長樂里6鄰文禾路169號十六樓之7,68,6800700,6800700-000,6鄰,文禾路,,,,,,169號十六樓之7,121.387758401813,25.0518575592486
桃園市龜山區長樂里6鄰文禾路169號十七樓之1,68,6800700,6800700-000,6鄰,文禾路,,,,,,169號十七樓之1,121.387758401813,25.0518575592486
桃園市龜山區長樂里6鄰文禾路169號十七樓之2,68,6800700,6800700-000,6鄰,文禾路,,,,,,169號十七樓之2,121.387758401813,25.0518575592486
桃園市龜山區長樂里6鄰文禾路169號十七樓之3,68,6800700,6800700-000,6鄰,文禾路,,,,,,169號十七樓之3,121.387758401813,25.0518575592486
桃園市龜山區長樂里6鄰文禾路169號十七樓之5,68,6800700,6800700-000,6鄰,文禾路,,,,,,169號十七樓之5,121.387758401813,25.0518575592486
桃園市龜山區長樂里6鄰文禾路169號十七樓之6,68,6800700,6800700-000,6鄰,文禾路,,,,,,169號十七樓之6,121.387758401813,25.0518575592486
桃園市龜山區長樂里6鄰文禾路169號十七樓之7,68,6800700,6800700-000,6鄰,文禾路,,,,,,169號十七樓之7,121.387758401813,25.0518575592486
桃園市龜山區長樂里6鄰文禾路169號十八樓之1,68,6800700,6800700-000,6鄰,文禾路,,,,,,169號十八樓之1,121.387758401813,25.0518575592486
桃園市龜山區長樂里6鄰文禾路169號十八樓之2,68,6800700,6800700-000,6鄰,文禾路,,,,,,169號十八樓之2,121.387758401813,25.0518575592486
桃園市龜山區長樂里6鄰文禾路169號十八樓之3,68,6800700,6800700-000,6鄰,文禾路,,,,,,169號十八樓之3,121.387758401813,25.0518575592486
桃園市龜山區長樂里6鄰文禾路169號十八樓之5,68,6800700,6800700-000,6鄰,文禾路,,,,,,169號十八樓之5,121.387758401813,25.0518575592486
桃園市龜山區長樂里6鄰文禾路169號十八樓之6,68,6800700,6800700-000,6鄰,文禾路,,,,,,169號十八樓之6,121.387758401813,25.0518575592486
桃園市龜山區長樂里6鄰文禾路169號十八樓之7,68,6800700,6800700-000,6鄰,文禾路,,,,,,169號十八樓之7,121.387758401813,25.0518575592486
桃園市龜山區長樂里6鄰文禾路169號十九樓之1,68,6800700,6800700-000,6鄰,文禾路,,,,,,169號十九樓之1,121.387758401813,25.0518575592486
桃園市龜山區長樂里6鄰文禾路169號十九樓之2,68,6800700,6800700-000,6鄰,文禾路,,,,,,169號十九樓之2,121.387758401813,25.0518575592486
桃園市龜山區長樂里6鄰文禾路169號十九樓之3,68,6800700,6800700-000,6鄰,文禾路,,,,,,169號十九樓之3,121.387758401813,25.0518575592486
桃園市龜山區長樂里6鄰文禾路169號十九樓之5,68,6800700,6800700-000,6鄰,文禾路,,,,,,169號十九樓之5,121.387758401813,25.0518575592486
桃園市龜山區長樂里6鄰文禾路169號十九樓之6,68,6800700,6800700-000,6鄰,文禾路,,,,,,169號十九樓之6,121.387758401813,25.0518575592486
桃園市龜山區長樂里6鄰文禾路169號十九樓之7,68,6800700,6800700-000,6鄰,文禾路,,,,,,169號十九樓之7,121.387758401813,25.0518575592486
桃園市龜山區長樂里6鄰文禾路169號二十樓之1,68,6800700,6800700-000,6鄰,文禾路,,,,,,169號二十樓之1,121.387758401813,25.0518575592486
桃園市龜山區長樂里6鄰文禾路169號二十樓之2,68,6800700,6800700-000,6鄰,文禾路,,,,,,169號二十樓之2,121.387758401813,25.0518575592486
桃園市龜山區長樂里6鄰文禾路169號二十樓之3,68,6800700,6800700-000,6鄰,文禾路,,,,,,169號二十樓之3,121.387758401813,25.0518575592486
桃園市龜山區長樂里6鄰文禾路169號二十樓之5,68,6800700,6800700-000,6鄰,文禾路,,,,,,169號二十樓之5,121.387758401813,25.0518575592486
桃園市龜山區長樂里6鄰文禾路169號二十樓之6,68,6800700,6800700-000,6鄰,文禾路,,,,,,169號二十樓之6,121.387758401813,25.0518575592486
桃園市龜山區長樂里6鄰文禾路169號二十樓之7,68,6800700,6800700-000,6鄰,文禾路,,,,,,169號二十樓之7,121.387758401813,25.0518575592486
桃園市龜山區長樂里6鄰文禾路169號二十一樓之1,68,6800700,6800700-000,6鄰,文禾路,,,,,,169號二十一樓之1,121.387758401813,25.0518575592486
桃園市龜山區長樂里6鄰文禾路169號二十一樓之2,68,6800700,6800700-000,6鄰,文禾路,,,,,,169號二十一樓之2,121.387758401813,25.0518575592486
桃園市龜山區長樂里6鄰文禾路169號二十一樓之3,68,6800700,6800700-000,6鄰,文禾路,,,,,,169號二十一樓之3,121.387758401813,25.0518575592486
桃園市龜山區長樂里6鄰文禾路169號二十一樓之5,68,6800700,6800700-000,6鄰,文禾路,,,,,,169號二十一樓之5,121.387758401813,25.0518575592486
桃園市龜山區長樂里6鄰文禾路169號二十一樓之6,68,6800700,6800700-000,6鄰,文禾路,,,,,,169號二十一樓之6,121.387758401813,25.0518575592486
桃園市龜山區長樂里6鄰文禾路169號二十一樓之7,68,6800700,6800700-000,6鄰,文禾路,,,,,,169號二十一樓之7,121.387758401813,25.0518575592486
桃園市龜山區長樂里6鄰文禾路169號二十二樓之1,68,6800700,6800700-000,6鄰,文禾路,,,,,,169號二十二樓之1,121.387758401813,25.0518575592486
桃園市龜山區長樂里6鄰文禾路169號二十二樓之2,68,6800700,6800700-000,6鄰,文禾路,,,,,,169號二十二樓之2,121.387758401813,25.0518575592486
桃園市龜山區長樂里6鄰文禾路169號二十二樓之3,68,6800700,6800700-000,6鄰,文禾路,,,,,,169號二十二樓之3,121.387758401813,25.0518575592486
桃園市龜山區長樂里6鄰文禾路169號二十二樓之5,68,6800700,6800700-000,6鄰,文禾路,,,,,,169號二十二樓之5,121.387758401813,25.0518575592486
桃園市龜山區長樂里6鄰文禾路169號二十二樓之6,68,6800700,6800700-000,6鄰,文禾路,,,,,,169號二十二樓之6,121.387758401813,25.0518575592486
桃園市龜山區長樂里6鄰文禾路169號二十二樓之7,68,6800700,6800700-000,6鄰,文禾路,,,,,,169號二十二樓之7,121.387758401813,25.0518575592486
桃園市龜山區長樂里6鄰文禾路169號二十三樓之1,68,6800700,6800700-000,6鄰,文禾路,,,,,,169號二十三樓之1,121.387758401813,25.0518575592486
桃園市龜山區長樂里6鄰文禾路169號二十三樓之2,68,6800700,6800700-000,6鄰,文禾路,,,,,,169號二十三樓之2,121.387758401813,25.0518575592486
桃園市龜山區長樂里6鄰文禾路169號二十三樓之3,68,6800700,6800700-000,6鄰,文禾路,,,,,,169號二十三樓之3,121.387758401813,25.0518575592486
桃園市龜山區長樂里6鄰文禾路169號二十三樓之5,68,6800700,6800700-000,6鄰,文禾路,,,,,,169號二十三樓之5,121.387758401813,25.0518575592486
桃園市龜山區長樂里6鄰文禾路169號二十三樓之6,68,6800700,6800700-000,6鄰,文禾路,,,,,,169號二十三樓之6,121.387758401813,25.0518575592486
桃園市龜山區長樂里6鄰文禾路169號二十三樓之7,68,6800700,6800700-000,6鄰,文禾路,,,,,,169號二十三樓之7,121.387758401813,25.0518575592486
桃園市龜山區長樂里6鄰文禾路171號,68,6800700,6800700-000,6鄰,文禾路,,,,,,171號,121.387430032062,25.0517875448303
桃園市龜山區長樂里6鄰文禾路173號,68,6800700,6800700-000,6鄰,文禾路,,,,,,173號,121.387361379025,25.051828441002
桃園市龜山區長樂里6鄰文禾路175號,68,6800700,6800700-000,6鄰,文禾路,,,,,,175號,121.387275529633,25.0518848201773
桃園市龜山區長樂里6鄰文禾路175號十樓之1,68,6800700,6800700-000,6鄰,文禾路,,,,,,175號十樓之1,121.387275529633,25.0518848201773
桃園市龜山區長樂里6鄰文禾路175號十樓之2,68,6800700,6800700-000,6鄰,文禾路,,,,,,175號十樓之2,121.387275529633,25.0518848201773
桃園市龜山區長樂里6鄰文禾路175號十樓之3,68,6800700,6800700-000,6鄰,文禾路,,,,,,175號十樓之3,121.387275529633,25.0518848201773
桃園市龜山區長樂里6鄰文禾路175號十樓之5,68,6800700,6800700-000,6鄰,文禾路,,,,,,175號十樓之5,121.387275529633,25.0518848201773
桃園市龜山區長樂里6鄰文禾路175號十樓之6,68,6800700,6800700-000,6鄰,文禾路,,,,,,175號十樓之6,121.387275529633,25.0518848201773
桃園市龜山區長樂里6鄰文禾路175號十樓之7,68,6800700,6800700-000,6鄰,文禾路,,,,,,175號十樓之7,121.387275529633,25.0518848201773
桃園市龜山區長樂里6鄰文禾路175號二樓之1,68,6800700,6800700-000,6鄰,文禾路,,,,,,175號二樓之1,121.387275529633,25.0518848201773
桃園市龜山區長樂里6鄰文禾路175號二樓之2,68,6800700,6800700-000,6鄰,文禾路,,,,,,175號二樓之2,121.387275529633,25.0518848201773
桃園市龜山區長樂里6鄰文禾路175號二樓之3,68,6800700,6800700-000,6鄰,文禾路,,,,,,175號二樓之3,121.387275529633,25.0518848201773
桃園市龜山區長樂里6鄰文禾路175號二樓之5,68,6800700,6800700-000,6鄰,文禾路,,,,,,175號二樓之5,121.387275529633,25.0518848201773
桃園市龜山區長樂里6鄰文禾路175號二樓之6,68,6800700,6800700-000,6鄰,文禾路,,,,,,175號二樓之6,121.387275529633,25.0518848201773
桃園市龜山區長樂里6鄰文禾路175號二樓之7,68,6800700,6800700-000,6鄰,文禾路,,,,,,175號二樓之7,121.387275529633,25.0518848201773
桃園市龜山區長樂里6鄰文禾路175號三樓之1,68,6800700,6800700-000,6鄰,文禾路,,,,,,175號三樓之1,121.387275529633,25.0518848201773
桃園市龜山區長樂里6鄰文禾路175號三樓之2,68,6800700,6800700-000,6鄰,文禾路,,,,,,175號三樓之2,121.387275529633,25.0518848201773
桃園市龜山區長樂里6鄰文禾路175號三樓之3,68,6800700,6800700-000,6鄰,文禾路,,,,,,175號三樓之3,121.387275529633,25.0518848201773
桃園市龜山區長樂里6鄰文禾路175號三樓之5,68,6800700,6800700-000,6鄰,文禾路,,,,,,175號三樓之5,121.387275529633,25.0518848201773
桃園市龜山區長樂里6鄰文禾路175號三樓之6,68,6800700,6800700-000,6鄰,文禾路,,,,,,175號三樓之6,121.387275529633,25.0518848201773
桃園市龜山區長樂里6鄰文禾路175號三樓之7,68,6800700,6800700-000,6鄰,文禾路,,,,,,175號三樓之7,121.387275529633,25.0518848201773
桃園市龜山區長樂里6鄰文禾路175號四樓之1,68,6800700,6800700-000,6鄰,文禾路,,,,,,175號四樓之1,121.387275529633,25.0518848201773
桃園市龜山區長樂里6鄰文禾路175號四樓之2,68,6800700,6800700-000,6鄰,文禾路,,,,,,175號四樓之2,121.387275529633,25.0518848201773
桃園市龜山區長樂里6鄰文禾路175號四樓之3,68,6800700,6800700-000,6鄰,文禾路,,,,,,175號四樓之3,121.387275529633,25.0518848201773
桃園市龜山區長樂里6鄰文禾路175號四樓之5,68,6800700,6800700-000,6鄰,文禾路,,,,,,175號四樓之5,121.387275529633,25.0518848201773
桃園市龜山區長樂里6鄰文禾路175號四樓之6,68,6800700,6800700-000,6鄰,文禾路,,,,,,175號四樓之6,121.387275529633,25.0518848201773
桃園市龜山區長樂里6鄰文禾路175號四樓之7,68,6800700,6800700-000,6鄰,文禾路,,,,,,175號四樓之7,121.387275529633,25.0518848201773
桃園市龜山區長樂里6鄰文禾路175號五樓之1,68,6800700,6800700-000,6鄰,文禾路,,,,,,175號五樓之1,121.387275529633,25.0518848201773
桃園市龜山區長樂里6鄰文禾路175號五樓之2,68,6800700,6800700-000,6鄰,文禾路,,,,,,175號五樓之2,121.387275529633,25.0518848201773
桃園市龜山區長樂里6鄰文禾路175號五樓之3,68,6800700,6800700-000,6鄰,文禾路,,,,,,175號五樓之3,121.387275529633,25.0518848201773
桃園市龜山區長樂里6鄰文禾路175號五樓之5,68,6800700,6800700-000,6鄰,文禾路,,,,,,175號五樓之5,121.387275529633,25.0518848201773
桃園市龜山區長樂里6鄰文禾路175號五樓之6,68,6800700,6800700-000,6鄰,文禾路,,,,,,175號五樓之6,121.387275529633,25.0518848201773
桃園市龜山區長樂里6鄰文禾路175號五樓之7,68,6800700,6800700-000,6鄰,文禾路,,,,,,175號五樓之7,121.387275529633,25.0518848201773
桃園市龜山區長樂里6鄰文禾路175號六樓之1,68,6800700,6800700-000,6鄰,文禾路,,,,,,175號六樓之1,121.387275529633,25.0518848201773
桃園市龜山區長樂里6鄰文禾路175號六樓之2,68,6800700,6800700-000,6鄰,文禾路,,,,,,175號六樓之2,121.387275529633,25.0518848201773
桃園市龜山區長樂里6鄰文禾路175號六樓之3,68,6800700,6800700-000,6鄰,文禾路,,,,,,175號六樓之3,121.387275529633,25.0518848201773
桃園市龜山區長樂里6鄰文禾路175號六樓之5,68,6800700,6800700-000,6鄰,文禾路,,,,,,175號六樓之5,121.387275529633,25.0518848201773
桃園市龜山區長樂里6鄰文禾路175號六樓之6,68,6800700,6800700-000,6鄰,文禾路,,,,,,175號六樓之6,121.387275529633,25.0518848201773
桃園市龜山區長樂里6鄰文禾路175號六樓之7,68,6800700,6800700-000,6鄰,文禾路,,,,,,175號六樓之7,121.387275529633,25.0518848201773
桃園市龜山區長樂里6鄰文禾路175號七樓之1,68,6800700,6800700-000,6鄰,文禾路,,,,,,175號七樓之1,121.387275529633,25.0518848201773
桃園市龜山區長樂里6鄰文禾路175號七樓之2,68,6800700,6800700-000,6鄰,文禾路,,,,,,175號七樓之2,121.387275529633,25.0518848201773
桃園市龜山區長樂里6鄰文禾路175號七樓之3,68,6800700,6800700-000,6鄰,文禾路,,,,,,175號七樓之3,121.387275529633,25.0518848201773
桃園市龜山區長樂里6鄰文禾路175號七樓之5,68,6800700,6800700-000,6鄰,文禾路,,,,,,175號七樓之5,121.387275529633,25.0518848201773
桃園市龜山區長樂里6鄰文禾路175號七樓之6,68,6800700,6800700-000,6鄰,文禾路,,,,,,175號七樓之6,121.387275529633,25.0518848201773
桃園市龜山區長樂里6鄰文禾路175號七樓之7,68,6800700,6800700-000,6鄰,文禾路,,,,,,175號七樓之7,121.387275529633,25.0518848201773
桃園市龜山區長樂里6鄰文禾路175號八樓之1,68,6800700,6800700-000,6鄰,文禾路,,,,,,175號八樓之1,121.387275529633,25.0518848201773
桃園市龜山區長樂里6鄰文禾路175號八樓之2,68,6800700,6800700-000,6鄰,文禾路,,,,,,175號八樓之2,121.387275529633,25.0518848201773
桃園市龜山區長樂里6鄰文禾路175號八樓之3,68,6800700,6800700-000,6鄰,文禾路,,,,,,175號八樓之3,121.387275529633,25.0518848201773
桃園市龜山區長樂里6鄰文禾路175號八樓之5,68,6800700,6800700-000,6鄰,文禾路,,,,,,175號八樓之5,121.387275529633,25.0518848201773
桃園市龜山區長樂里6鄰文禾路175號八樓之6,68,6800700,6800700-000,6鄰,文禾路,,,,,,175號八樓之6,121.387275529633,25.0518848201773
桃園市龜山區長樂里6鄰文禾路175號八樓之7,68,6800700,6800700-000,6鄰,文禾路,,,,,,175號八樓之7,121.387275529633,25.0518848201773
桃園市龜山區長樂里6鄰文禾路175號九樓之1,68,6800700,6800700-000,6鄰,文禾路,,,,,,175號九樓之1,121.387275529633,25.0518848201773
桃園市龜山區長樂里6鄰文禾路175號九樓之2,68,6800700,6800700-000,6鄰,文禾路,,,,,,175號九樓之2,121.387275529633,25.0518848201773
桃園市龜山區長樂里6鄰文禾路175號九樓之3,68,6800700,6800700-000,6鄰,文禾路,,,,,,175號九樓之3,121.387275529633,25.0518848201773
桃園市龜山區長樂里6鄰文禾路175號九樓之5,68,6800700,6800700-000,6鄰,文禾路,,,,,,175號九樓之5,121.387275529633,25.0518848201773
桃園市龜山區長樂里6鄰文禾路175號九樓之6,68,6800700,6800700-000,6鄰,文禾路,,,,,,175號九樓之6,121.387275529633,25.0518848201773
桃園市龜山區長樂里6鄰文禾路175號九樓之7,68,6800700,6800700-000,6鄰,文禾路,,,,,,175號九樓之7,121.387275529633,25.0518848201773
桃園市龜山區長樂里6鄰文禾路175號十一樓之1,68,6800700,6800700-000,6鄰,文禾路,,,,,,175號十一樓之1,121.387275529633,25.0518848201773
桃園市龜山區長樂里6鄰文禾路175號十一樓之2,68,6800700,6800700-000,6鄰,文禾路,,,,,,175號十一樓之2,121.387275529633,25.0518848201773
桃園市龜山區長樂里6鄰文禾路175號十一樓之3,68,6800700,6800700-000,6鄰,文禾路,,,,,,175號十一樓之3,121.387275529633,25.0518848201773
桃園市龜山區長樂里6鄰文禾路175號十一樓之5,68,6800700,6800700-000,6鄰,文禾路,,,,,,175號十一樓之5,121.387275529633,25.0518848201773
桃園市龜山區長樂里6鄰文禾路175號十一樓之6,68,6800700,6800700-000,6鄰,文禾路,,,,,,175號十一樓之6,121.387275529633,25.0518848201773
桃園市龜山區長樂里6鄰文禾路175號十一樓之7,68,6800700,6800700-000,6鄰,文禾路,,,,,,175號十一樓之7,121.387275529633,25.0518848201773
桃園市龜山區長樂里6鄰文禾路175號十二樓之1,68,6800700,6800700-000,6鄰,文禾路,,,,,,175號十二樓之1,121.387275529633,25.0518848201773
桃園市龜山區長樂里6鄰文禾路175號十二樓之2,68,6800700,6800700-000,6鄰,文禾路,,,,,,175號十二樓之2,121.387275529633,25.0518848201773
桃園市龜山區長樂里6鄰文禾路175號十二樓之3,68,6800700,6800700-000,6鄰,文禾路,,,,,,175號十二樓之3,121.387275529633,25.0518848201773
桃園市龜山區長樂里6鄰文禾路175號十二樓之5,68,6800700,6800700-000,6鄰,文禾路,,,,,,175號十二樓之5,121.387275529633,25.0518848201773
桃園市龜山區長樂里6鄰文禾路175號十二樓之6,68,6800700,6800700-000,6鄰,文禾路,,,,,,175號十二樓之6,121.387275529633,25.0518848201773
桃園市龜山區長樂里6鄰文禾路175號十二樓之7,68,6800700,6800700-000,6鄰,文禾路,,,,,,175號十二樓之7,121.387275529633,25.0518848201773
桃園市龜山區長樂里6鄰文禾路175號十三樓之1,68,6800700,6800700-000,6鄰,文禾路,,,,,,175號十三樓之1,121.387275529633,25.0518848201773
桃園市龜山區長樂里6鄰文禾路175號十三樓之2,68,6800700,6800700-000,6鄰,文禾路,,,,,,175號十三樓之2,121.387275529633,25.0518848201773
桃園市龜山區長樂里6鄰文禾路175號十三樓之3,68,6800700,6800700-000,6鄰,文禾路,,,,,,175號十三樓之3,121.387275529633,25.0518848201773
桃園市龜山區長樂里6鄰文禾路175號十三樓之5,68,6800700,6800700-000,6鄰,文禾路,,,,,,175號十三樓之5,121.387275529633,25.0518848201773
桃園市龜山區長樂里6鄰文禾路175號十三樓之6,68,6800700,6800700-000,6鄰,文禾路,,,,,,175號十三樓之6,121.387275529633,25.0518848201773
桃園市龜山區長樂里6鄰文禾路175號十三樓之7,68,6800700,6800700-000,6鄰,文禾路,,,,,,175號十三樓之7,121.387275529633,25.0518848201773
桃園市龜山區長樂里6鄰文禾路175號十四樓之1,68,6800700,6800700-000,6鄰,文禾路,,,,,,175號十四樓之1,121.387275529633,25.0518848201773
桃園市龜山區長樂里6鄰文禾路175號十四樓之2,68,6800700,6800700-000,6鄰,文禾路,,,,,,175號十四樓之2,121.387275529633,25.0518848201773
桃園市龜山區長樂里6鄰文禾路175號十四樓之3,68,6800700,6800700-000,6鄰,文禾路,,,,,,175號十四樓之3,121.387275529633,25.0518848201773
桃園市龜山區長樂里6鄰文禾路175號十四樓之5,68,6800700,6800700-000,6鄰,文禾路,,,,,,175號十四樓之5,121.387275529633,25.0518848201773
桃園市龜山區長樂里6鄰文禾路175號十四樓之6,68,6800700,6800700-000,6鄰,文禾路,,,,,,175號十四樓之6,121.387275529633,25.0518848201773
桃園市龜山區長樂里6鄰文禾路175號十四樓之7,68,6800700,6800700-000,6鄰,文禾路,,,,,,175號十四樓之7,121.387275529633,25.0518848201773
桃園市龜山區長樂里6鄰文禾路175號十五樓之1,68,6800700,6800700-000,6鄰,文禾路,,,,,,175號十五樓之1,121.387275529633,25.0518848201773
桃園市龜山區長樂里6鄰文禾路175號十五樓之2,68,6800700,6800700-000,6鄰,文禾路,,,,,,175號十五樓之2,121.387275529633,25.0518848201773
桃園市龜山區長樂里6鄰文禾路175號十五樓之3,68,6800700,6800700-000,6鄰,文禾路,,,,,,175號十五樓之3,121.387275529633,25.0518848201773
桃園市龜山區長樂里6鄰文禾路175號十五樓之5,68,6800700,6800700-000,6鄰,文禾路,,,,,,175號十五樓之5,121.387275529633,25.0518848201773
桃園市龜山區長樂里6鄰文禾路175號十五樓之6,68,6800700,6800700-000,6鄰,文禾路,,,,,,175號十五樓之6,121.387275529633,25.0518848201773
桃園市龜山區長樂里6鄰文禾路175號十五樓之7,68,6800700,6800700-000,6鄰,文禾路,,,,,,175號十五樓之7,121.387275529633,25.0518848201773
桃園市龜山區長樂里6鄰文禾路175號十六樓之1,68,6800700,6800700-000,6鄰,文禾路,,,,,,175號十六樓之1,121.387275529633,25.0518848201773
桃園市龜山區長樂里6鄰文禾路175號十六樓之2,68,6800700,6800700-000,6鄰,文禾路,,,,,,175號十六樓之2,121.387275529633,25.0518848201773
桃園市龜山區長樂里6鄰文禾路175號十六樓之3,68,6800700,6800700-000,6鄰,文禾路,,,,,,175號十六樓之3,121.387275529633,25.0518848201773
桃園市龜山區長樂里6鄰文禾路175號十六樓之5,68,6800700,6800700-000,6鄰,文禾路,,,,,,175號十六樓之5,121.387275529633,25.0518848201773
桃園市龜山區長樂里6鄰文禾路175號十六樓之6,68,6800700,6800700-000,6鄰,文禾路,,,,,,175號十六樓之6,121.387275529633,25.0518848201773
桃園市龜山區長樂里6鄰文禾路175號十六樓之7,68,6800700,6800700-000,6鄰,文禾路,,,,,,175號十六樓之7,121.387275529633,25.0518848201773
桃園市龜山區長樂里6鄰文禾路175號十七樓之1,68,6800700,6800700-000,6鄰,文禾路,,,,,,175號十七樓之1,121.387275529633,25.0518848201773
桃園市龜山區長樂里6鄰文禾路175號十七樓之2,68,6800700,6800700-000,6鄰,文禾路,,,,,,175號十七樓之2,121.387275529633,25.0518848201773
桃園市龜山區長樂里6鄰文禾路175號十七樓之3,68,6800700,6800700-000,6鄰,文禾路,,,,,,175號十七樓之3,121.387275529633,25.0518848201773
桃園市龜山區長樂里6鄰文禾路175號十七樓之5,68,6800700,6800700-000,6鄰,文禾路,,,,,,175號十七樓之5,121.387275529633,25.0518848201773
桃園市龜山區長樂里6鄰文禾路175號十七樓之6,68,6800700,6800700-000,6鄰,文禾路,,,,,,175號十七樓之6,121.387275529633,25.0518848201773
桃園市龜山區長樂里6鄰文禾路175號十七樓之7,68,6800700,6800700-000,6鄰,文禾路,,,,,,175號十七樓之7,121.387275529633,25.0518848201773
桃園市龜山區長樂里6鄰文禾路175號十八樓之1,68,6800700,6800700-000,6鄰,文禾路,,,,,,175號十八樓之1,121.387275529633,25.0518848201773
桃園市龜山區長樂里6鄰文禾路175號十八樓之2,68,6800700,6800700-000,6鄰,文禾路,,,,,,175號十八樓之2,121.387275529633,25.0518848201773
桃園市龜山區長樂里6鄰文禾路175號十八樓之3,68,6800700,6800700-000,6鄰,文禾路,,,,,,175號十八樓之3,121.387275529633,25.0518848201773
桃園市龜山區長樂里6鄰文禾路175號十八樓之5,68,6800700,6800700-000,6鄰,文禾路,,,,,,175號十八樓之5,121.387275529633,25.0518848201773
桃園市龜山區長樂里6鄰文禾路175號十八樓之6,68,6800700,6800700-000,6鄰,文禾路,,,,,,175號十八樓之6,121.387275529633,25.0518848201773
桃園市龜山區長樂里6鄰文禾路175號十八樓之7,68,6800700,6800700-000,6鄰,文禾路,,,,,,175號十八樓之7,121.387275529633,25.0518848201773
桃園市龜山區長樂里6鄰文禾路175號十九樓之1,68,6800700,6800700-000,6鄰,文禾路,,,,,,175號十九樓之1,121.387275529633,25.0518848201773
桃園市龜山區長樂里6鄰文禾路175號十九樓之2,68,6800700,6800700-000,6鄰,文禾路,,,,,,175號十九樓之2,121.387275529633,25.0518848201773
桃園市龜山區長樂里6鄰文禾路175號十九樓之3,68,6800700,6800700-000,6鄰,文禾路,,,,,,175號十九樓之3,121.387275529633,25.0518848201773
桃園市龜山區長樂里6鄰文禾路175號十九樓之5,68,6800700,6800700-000,6鄰,文禾路,,,,,,175號十九樓之5,121.387275529633,25.0518848201773
桃園市龜山區長樂里6鄰文禾路175號十九樓之6,68,6800700,6800700-000,6鄰,文禾路,,,,,,175號十九樓之6,121.387275529633,25.0518848201773
桃園市龜山區長樂里6鄰文禾路175號十九樓之7,68,6800700,6800700-000,6鄰,文禾路,,,,,,175號十九樓之7,121.387275529633,25.0518848201773
桃園市龜山區長樂里6鄰文禾路175號二十樓之1,68,6800700,6800700-000,6鄰,文禾路,,,,,,175號二十樓之1,121.387275529633,25.0518848201773
桃園市龜山區長樂里6鄰文禾路175號二十樓之2,68,6800700,6800700-000,6鄰,文禾路,,,,,,175號二十樓之2,121.387275529633,25.0518848201773
桃園市龜山區長樂里6鄰文禾路175號二十樓之3,68,6800700,6800700-000,6鄰,文禾路,,,,,,175號二十樓之3,121.387275529633,25.0518848201773
桃園市龜山區長樂里6鄰文禾路175號二十樓之5,68,6800700,6800700-000,6鄰,文禾路,,,,,,175號二十樓之5,121.387275529633,25.0518848201773
桃園市龜山區長樂里6鄰文禾路175號二十樓之6,68,6800700,6800700-000,6鄰,文禾路,,,,,,175號二十樓之6,121.387275529633,25.0518848201773
桃園市龜山區長樂里6鄰文禾路175號二十樓之7,68,6800700,6800700-000,6鄰,文禾路,,,,,,175號二十樓之7,121.387275529633,25.0518848201773
桃園市龜山區長樂里6鄰文禾路175號二十一樓之1,68,6800700,6800700-000,6鄰,文禾路,,,,,,175號二十一樓之1,121.387275529633,25.0518848201773
桃園市龜山區長樂里6鄰文禾路175號二十一樓之2,68,6800700,6800700-000,6鄰,文禾路,,,,,,175號二十一樓之2,121.387275529633,25.0518848201773
桃園市龜山區長樂里6鄰文禾路175號二十一樓之3,68,6800700,6800700-000,6鄰,文禾路,,,,,,175號二十一樓之3,121.387275529633,25.0518848201773
桃園市龜山區長樂里6鄰文禾路175號二十一樓之5,68,6800700,6800700-000,6鄰,文禾路,,,,,,175號二十一樓之5,121.387275529633,25.0518848201773
桃園市龜山區長樂里6鄰文禾路175號二十一樓之6,68,6800700,6800700-000,6鄰,文禾路,,,,,,175號二十一樓之6,121.387275529633,25.0518848201773
桃園市龜山區長樂里6鄰文禾路175號二十一樓之7,68,6800700,6800700-000,6鄰,文禾路,,,,,,175號二十一樓之7,121.387275529633,25.0518848201773
桃園市龜山區長樂里6鄰文禾路175號二十二樓之1,68,6800700,6800700-000,6鄰,文禾路,,,,,,175號二十二樓之1,121.387275529633,25.0518848201773
桃園市龜山區長樂里6鄰文禾路175號二十二樓之2,68,6800700,6800700-000,6鄰,文禾路,,,,,,175號二十二樓之2,121.387275529633,25.0518848201773
桃園市龜山區長樂里6鄰文禾路175號二十二樓之3,68,6800700,6800700-000,6鄰,文禾路,,,,,,175號二十二樓之3,121.387275529633,25.0518848201773
桃園市龜山區長樂里6鄰文禾路175號二十二樓之5,68,6800700,6800700-000,6鄰,文禾路,,,,,,175號二十二樓之5,121.387275529633,25.0518848201773
桃園市龜山區長樂里6鄰文禾路175號二十二樓之6,68,6800700,6800700-000,6鄰,文禾路,,,,,,175號二十二樓之6,121.387275529633,25.0518848201773
桃園市龜山區長樂里6鄰文禾路175號二十二樓之7,68,6800700,6800700-000,6鄰,文禾路,,,,,,175號二十二樓之7,121.387275529633,25.0518848201773
桃園市龜山區長樂里6鄰文禾路175號二十三樓之1,68,6800700,6800700-000,6鄰,文禾路,,,,,,175號二十三樓之1,121.387275529633,25.0518848201773
桃園市龜山區長樂里6鄰文禾路175號二十三樓之2,68,6800700,6800700-000,6鄰,文禾路,,,,,,175號二十三樓之2,121.387275529633,25.0518848201773
桃園市龜山區長樂里6鄰文禾路175號二十三樓之3,68,6800700,6800700-000,6鄰,文禾路,,,,,,175號二十三樓之3,121.387275529633,25.0518848201773
桃園市龜山區長樂里6鄰文禾路175號二十三樓之5,68,6800700,6800700-000,6鄰,文禾路,,,,,,175號二十三樓之5,121.387275529633,25.0518848201773
桃園市龜山區長樂里6鄰文禾路175號二十三樓之6,68,6800700,6800700-000,6鄰,文禾路,,,,,,175號二十三樓之6,121.387275529633,25.0518848201773
桃園市龜山區長樂里6鄰文禾路175號二十三樓之7,68,6800700,6800700-000,6鄰,文禾路,,,,,,175號二十三樓之7,121.387275529633,25.0518848201773
桃園市龜山區長樂里6鄰文禾路175號二十四樓之1,68,6800700,6800700-000,6鄰,文禾路,,,,,,175號二十四樓之1,121.387275529633,25.0518848201773
桃園市龜山區長樂里6鄰文禾路175號二十四樓之2,68,6800700,6800700-000,6鄰,文禾路,,,,,,175號二十四樓之2,121.387275529633,25.0518848201773
桃園市龜山區長樂里6鄰文禾路175號二十四樓之3,68,6800700,6800700-000,6鄰,文禾路,,,,,,175號二十四樓之3,121.387275529633,25.0518848201773
桃園市龜山區長樂里6鄰文禾路175號二十四樓之5,68,6800700,6800700-000,6鄰,文禾路,,,,,,175號二十四樓之5,121.387275529633,25.0518848201773
桃園市龜山區長樂里6鄰文禾路175號二十四樓之6,68,6800700,6800700-000,6鄰,文禾路,,,,,,175號二十四樓之6,121.387275529633,25.0518848201773
桃園市龜山區長樂里6鄰文禾路175號二十四樓之7,68,6800700,6800700-000,6鄰,文禾路,,,,,,175號二十四樓之7,121.387275529633,25.0518848201773
桃園市龜山區長樂里6鄰文禾路177號,68,6800700,6800700-000,6鄰,文禾路,,,,,,177號,121.38734848326,25.0519508968393
桃園市龜山區長樂里6鄰文禾路179號,68,6800700,6800700-000,6鄰,文禾路,,,,,,179號,121.387526636668,25.0521258498103
桃園市龜山區長樂里6鄰文禾路181號,68,6800700,6800700-000,6鄰,文禾路,,,,,,181號,121.387578152501,25.0521822318428
桃園市龜山區長樂里6鄰文禾路183號,68,6800700,6800700-000,6鄰,文禾路,,,,,,183號,121.387655349673,25.0522424289546
桃園市龜山區長樂里6鄰文禾路185號,68,6800700,6800700-000,6鄰,文禾路,,,,,,185號,121.38774762441,25.0521491977908
桃園市龜山區長樂里6鄰文禾路185號十樓之1,68,6800700,6800700-000,6鄰,文禾路,,,,,,185號十樓之1,121.38774762441,25.0521491977908
桃園市龜山區長樂里6鄰文禾路185號十樓之2,68,6800700,6800700-000,6鄰,文禾路,,,,,,185號十樓之2,121.38774762441,25.0521491977908
桃園市龜山區長樂里6鄰文禾路185號十樓之3,68,6800700,6800700-000,6鄰,文禾路,,,,,,185號十樓之3,121.38774762441,25.0521491977908
桃園市龜山區長樂里6鄰文禾路185號十樓之5,68,6800700,6800700-000,6鄰,文禾路,,,,,,185號十樓之5,121.38774762441,25.0521491977908
桃園市龜山區長樂里6鄰文禾路185號十樓之6,68,6800700,6800700-000,6鄰,文禾路,,,,,,185號十樓之6,121.38774762441,25.0521491977908
桃園市龜山區長樂里6鄰文禾路185號十樓之7,68,6800700,6800700-000,6鄰,文禾路,,,,,,185號十樓之7,121.38774762441,25.0521491977908
桃園市龜山區長樂里6鄰文禾路185號二樓之1,68,6800700,6800700-000,6鄰,文禾路,,,,,,185號二樓之1,121.38774762441,25.0521491977908
桃園市龜山區長樂里6鄰文禾路185號二樓之2,68,6800700,6800700-000,6鄰,文禾路,,,,,,185號二樓之2,121.38774762441,25.0521491977908
桃園市龜山區長樂里6鄰文禾路185號二樓之3,68,6800700,6800700-000,6鄰,文禾路,,,,,,185號二樓之3,121.38774762441,25.0521491977908
桃園市龜山區長樂里6鄰文禾路185號二樓之5,68,6800700,6800700-000,6鄰,文禾路,,,,,,185號二樓之5,121.38774762441,25.0521491977908
桃園市龜山區長樂里6鄰文禾路185號二樓之6,68,6800700,6800700-000,6鄰,文禾路,,,,,,185號二樓之6,121.38774762441,25.0521491977908
桃園市龜山區長樂里6鄰文禾路185號二樓之7,68,6800700,6800700-000,6鄰,文禾路,,,,,,185號二樓之7,121.38774762441,25.0521491977908
桃園市龜山區長樂里6鄰文禾路185號三樓之1,68,6800700,6800700-000,6鄰,文禾路,,,,,,185號三樓之1,121.38774762441,25.0521491977908
桃園市龜山區長樂里6鄰文禾路185號三樓之2,68,6800700,6800700-000,6鄰,文禾路,,,,,,185號三樓之2,121.38774762441,25.0521491977908
桃園市龜山區長樂里6鄰文禾路185號三樓之3,68,6800700,6800700-000,6鄰,文禾路,,,,,,185號三樓之3,121.38774762441,25.0521491977908
桃園市龜山區長樂里6鄰文禾路185號三樓之5,68,6800700,6800700-000,6鄰,文禾路,,,,,,185號三樓之5,121.38774762441,25.0521491977908
桃園市龜山區長樂里6鄰文禾路185號三樓之6,68,6800700,6800700-000,6鄰,文禾路,,,,,,185號三樓之6,121.38774762441,25.0521491977908
桃園市龜山區長樂里6鄰文禾路185號三樓之7,68,6800700,6800700-000,6鄰,文禾路,,,,,,185號三樓之7,121.38774762441,25.0521491977908
桃園市龜山區長樂里6鄰文禾路185號四樓之1,68,6800700,6800700-000,6鄰,文禾路,,,,,,185號四樓之1,121.38774762441,25.0521491977908
桃園市龜山區長樂里6鄰文禾路185號四樓之2,68,6800700,6800700-000,6鄰,文禾路,,,,,,185號四樓之2,121.38774762441,25.0521491977908
桃園市龜山區長樂里6鄰文禾路185號四樓之3,68,6800700,6800700-000,6鄰,文禾路,,,,,,185號四樓之3,121.38774762441,25.0521491977908
桃園市龜山區長樂里6鄰文禾路185號四樓之5,68,6800700,6800700-000,6鄰,文禾路,,,,,,185號四樓之5,121.38774762441,25.0521491977908
桃園市龜山區長樂里6鄰文禾路185號四樓之6,68,6800700,6800700-000,6鄰,文禾路,,,,,,185號四樓之6,121.38774762441,25.0521491977908
桃園市龜山區長樂里6鄰文禾路185號四樓之7,68,6800700,6800700-000,6鄰,文禾路,,,,,,185號四樓之7,121.38774762441,25.0521491977908
桃園市龜山區長樂里6鄰文禾路185號五樓之1,68,6800700,6800700-000,6鄰,文禾路,,,,,,185號五樓之1,121.38774762441,25.0521491977908
桃園市龜山區長樂里6鄰文禾路185號五樓之2,68,6800700,6800700-000,6鄰,文禾路,,,,,,185號五樓之2,121.38774762441,25.0521491977908
桃園市龜山區長樂里6鄰文禾路185號五樓之3,68,6800700,6800700-000,6鄰,文禾路,,,,,,185號五樓之3,121.38774762441,25.0521491977908
桃園市龜山區長樂里6鄰文禾路185號五樓之5,68,6800700,6800700-000,6鄰,文禾路,,,,,,185號五樓之5,121.38774762441,25.0521491977908
桃園市龜山區長樂里6鄰文禾路185號五樓之6,68,6800700,6800700-000,6鄰,文禾路,,,,,,185號五樓之6,121.38774762441,25.0521491977908
桃園市龜山區長樂里6鄰文禾路185號五樓之7,68,6800700,6800700-000,6鄰,文禾路,,,,,,185號五樓之7,121.38774762441,25.0521491977908
桃園市龜山區長樂里6鄰文禾路185號六樓之1,68,6800700,6800700-000,6鄰,文禾路,,,,,,185號六樓之1,121.38774762441,25.0521491977908
桃園市龜山區長樂里6鄰文禾路185號六樓之2,68,6800700,6800700-000,6鄰,文禾路,,,,,,185號六樓之2,121.38774762441,25.0521491977908
桃園市龜山區長樂里6鄰文禾路185號六樓之3,68,6800700,6800700-000,6鄰,文禾路,,,,,,185號六樓之3,121.38774762441,25.0521491977908
桃園市龜山區長樂里6鄰文禾路185號六樓之5,68,6800700,6800700-000,6鄰,文禾路,,,,,,185號六樓之5,121.38774762441,25.0521491977908
桃園市龜山區長樂里6鄰文禾路185號六樓之6,68,6800700,6800700-000,6鄰,文禾路,,,,,,185號六樓之6,121.38774762441,25.0521491977908
桃園市龜山區長樂里6鄰文禾路185號六樓之7,68,6800700,6800700-000,6鄰,文禾路,,,,,,185號六樓之7,121.38774762441,25.0521491977908
桃園市龜山區長樂里6鄰文禾路185號七樓之1,68,6800700,6800700-000,6鄰,文禾路,,,,,,185號七樓之1,121.38774762441,25.0521491977908
桃園市龜山區長樂里6鄰文禾路185號七樓之2,68,6800700,6800700-000,6鄰,文禾路,,,,,,185號七樓之2,121.38774762441,25.0521491977908
桃園市龜山區長樂里6鄰文禾路185號七樓之3,68,6800700,6800700-000,6鄰,文禾路,,,,,,185號七樓之3,121.38774762441,25.0521491977908
桃園市龜山區長樂里6鄰文禾路185號七樓之5,68,6800700,6800700-000,6鄰,文禾路,,,,,,185號七樓之5,121.38774762441,25.0521491977908
桃園市龜山區長樂里6鄰文禾路185號七樓之6,68,6800700,6800700-000,6鄰,文禾路,,,,,,185號七樓之6,121.38774762441,25.0521491977908
桃園市龜山區長樂里6鄰文禾路185號七樓之7,68,6800700,6800700-000,6鄰,文禾路,,,,,,185號七樓之7,121.38774762441,25.0521491977908
桃園市龜山區長樂里6鄰文禾路185號八樓之1,68,6800700,6800700-000,6鄰,文禾路,,,,,,185號八樓之1,121.38774762441,25.0521491977908
桃園市龜山區長樂里6鄰文禾路185號八樓之2,68,6800700,6800700-000,6鄰,文禾路,,,,,,185號八樓之2,121.38774762441,25.0521491977908
桃園市龜山區長樂里6鄰文禾路185號八樓之3,68,6800700,6800700-000,6鄰,文禾路,,,,,,185號八樓之3,121.38774762441,25.0521491977908
桃園市龜山區長樂里6鄰文禾路185號八樓之5,68,6800700,6800700-000,6鄰,文禾路,,,,,,185號八樓之5,121.38774762441,25.0521491977908
桃園市龜山區長樂里6鄰文禾路185號八樓之6,68,6800700,6800700-000,6鄰,文禾路,,,,,,185號八樓之6,121.38774762441,25.0521491977908
桃園市龜山區長樂里6鄰文禾路185號八樓之7,68,6800700,6800700-000,6鄰,文禾路,,,,,,185號八樓之7,121.38774762441,25.0521491977908
桃園市龜山區長樂里6鄰文禾路185號九樓之1,68,6800700,6800700-000,6鄰,文禾路,,,,,,185號九樓之1,121.38774762441,25.0521491977908
桃園市龜山區長樂里6鄰文禾路185號九樓之2,68,6800700,6800700-000,6鄰,文禾路,,,,,,185號九樓之2,121.38774762441,25.0521491977908
桃園市龜山區長樂里6鄰文禾路185號九樓之3,68,6800700,6800700-000,6鄰,文禾路,,,,,,185號九樓之3,121.38774762441,25.0521491977908
桃園市龜山區長樂里6鄰文禾路185號九樓之5,68,6800700,6800700-000,6鄰,文禾路,,,,,,185號九樓之5,121.38774762441,25.0521491977908
桃園市龜山區長樂里6鄰文禾路185號九樓之6,68,6800700,6800700-000,6鄰,文禾路,,,,,,185號九樓之6,121.38774762441,25.0521491977908
桃園市龜山區長樂里6鄰文禾路185號九樓之7,68,6800700,6800700-000,6鄰,文禾路,,,,,,185號九樓之7,121.38774762441,25.0521491977908
桃園市龜山區長樂里6鄰文禾路185號十一樓之1,68,6800700,6800700-000,6鄰,文禾路,,,,,,185號十一樓之1,121.38774762441,25.0521491977908
桃園市龜山區長樂里6鄰文禾路185號十一樓之2,68,6800700,6800700-000,6鄰,文禾路,,,,,,185號十一樓之2,121.38774762441,25.0521491977908
桃園市龜山區長樂里6鄰文禾路185號十一樓之3,68,6800700,6800700-000,6鄰,文禾路,,,,,,185號十一樓之3,121.38774762441,25.0521491977908
桃園市龜山區長樂里6鄰文禾路185號十一樓之5,68,6800700,6800700-000,6鄰,文禾路,,,,,,185號十一樓之5,121.38774762441,25.0521491977908
桃園市龜山區長樂里6鄰文禾路185號十一樓之6,68,6800700,6800700-000,6鄰,文禾路,,,,,,185號十一樓之6,121.38774762441,25.0521491977908
桃園市龜山區長樂里6鄰文禾路185號十一樓之7,68,6800700,6800700-000,6鄰,文禾路,,,,,,185號十一樓之7,121.38774762441,25.0521491977908
桃園市龜山區長樂里6鄰文禾路185號十二樓之1,68,6800700,6800700-000,6鄰,文禾路,,,,,,185號十二樓之1,121.38774762441,25.0521491977908
桃園市龜山區長樂里6鄰文禾路185號十二樓之2,68,6800700,6800700-000,6鄰,文禾路,,,,,,185號十二樓之2,121.38774762441,25.0521491977908
桃園市龜山區長樂里6鄰文禾路185號十二樓之3,68,6800700,6800700-000,6鄰,文禾路,,,,,,185號十二樓之3,121.38774762441,25.0521491977908
桃園市龜山區長樂里6鄰文禾路185號十二樓之5,68,6800700,6800700-000,6鄰,文禾路,,,,,,185號十二樓之5,121.38774762441,25.0521491977908
桃園市龜山區長樂里6鄰文禾路185號十二樓之6,68,6800700,6800700-000,6鄰,文禾路,,,,,,185號十二樓之6,121.38774762441,25.0521491977908
桃園市龜山區長樂里6鄰文禾路185號十二樓之7,68,6800700,6800700-000,6鄰,文禾路,,,,,,185號十二樓之7,121.38774762441,25.0521491977908
桃園市龜山區長樂里6鄰文禾路185號十三樓之1,68,6800700,6800700-000,6鄰,文禾路,,,,,,185號十三樓之1,121.38774762441,25.0521491977908
桃園市龜山區長樂里6鄰文禾路185號十三樓之2,68,6800700,6800700-000,6鄰,文禾路,,,,,,185號十三樓之2,121.38774762441,25.0521491977908
桃園市龜山區長樂里6鄰文禾路185號十三樓之3,68,6800700,6800700-000,6鄰,文禾路,,,,,,185號十三樓之3,121.38774762441,25.0521491977908
桃園市龜山區長樂里6鄰文禾路185號十三樓之5,68,6800700,6800700-000,6鄰,文禾路,,,,,,185號十三樓之5,121.38774762441,25.0521491977908
桃園市龜山區長樂里6鄰文禾路185號十三樓之6,68,6800700,6800700-000,6鄰,文禾路,,,,,,185號十三樓之6,121.38774762441,25.0521491977908
桃園市龜山區長樂里6鄰文禾路185號十三樓之7,68,6800700,6800700-000,6鄰,文禾路,,,,,,185號十三樓之7,121.38774762441,25.0521491977908
桃園市龜山區長樂里6鄰文禾路185號十四樓之1,68,6800700,6800700-000,6鄰,文禾路,,,,,,185號十四樓之1,121.38774762441,25.0521491977908
桃園市龜山區長樂里6鄰文禾路185號十四樓之2,68,6800700,6800700-000,6鄰,文禾路,,,,,,185號十四樓之2,121.38774762441,25.0521491977908
桃園市龜山區長樂里6鄰文禾路185號十四樓之3,68,6800700,6800700-000,6鄰,文禾路,,,,,,185號十四樓之3,121.38774762441,25.0521491977908
桃園市龜山區長樂里6鄰文禾路185號十四樓之5,68,6800700,6800700-000,6鄰,文禾路,,,,,,185號十四樓之5,121.38774762441,25.0521491977908
桃園市龜山區長樂里6鄰文禾路185號十四樓之6,68,6800700,6800700-000,6鄰,文禾路,,,,,,185號十四樓之6,121.38774762441,25.0521491977908
桃園市龜山區長樂里6鄰文禾路185號十四樓之7,68,6800700,6800700-000,6鄰,文禾路,,,,,,185號十四樓之7,121.38774762441,25.0521491977908
桃園市龜山區長樂里6鄰文禾路185號十五樓之1,68,6800700,6800700-000,6鄰,文禾路,,,,,,185號十五樓之1,121.38774762441,25.0521491977908
桃園市龜山區長樂里6鄰文禾路185號十五樓之2,68,6800700,6800700-000,6鄰,文禾路,,,,,,185號十五樓之2,121.38774762441,25.0521491977908
桃園市龜山區長樂里6鄰文禾路185號十五樓之3,68,6800700,6800700-000,6鄰,文禾路,,,,,,185號十五樓之3,121.38774762441,25.0521491977908
桃園市龜山區長樂里6鄰文禾路185號十五樓之5,68,6800700,6800700-000,6鄰,文禾路,,,,,,185號十五樓之5,121.38774762441,25.0521491977908
桃園市龜山區長樂里6鄰文禾路185號十五樓之6,68,6800700,6800700-000,6鄰,文禾路,,,,,,185號十五樓之6,121.38774762441,25.0521491977908
桃園市龜山區長樂里6鄰文禾路185號十五樓之7,68,6800700,6800700-000,6鄰,文禾路,,,,,,185號十五樓之7,121.38774762441,25.0521491977908
桃園市龜山區長樂里6鄰文禾路185號十六樓之1,68,6800700,6800700-000,6鄰,文禾路,,,,,,185號十六樓之1,121.38774762441,25.0521491977908
桃園市龜山區長樂里6鄰文禾路185號十六樓之2,68,6800700,6800700-000,6鄰,文禾路,,,,,,185號十六樓之2,121.38774762441,25.0521491977908
桃園市龜山區長樂里6鄰文禾路185號十六樓之3,68,6800700,6800700-000,6鄰,文禾路,,,,,,185號十六樓之3,121.38774762441,25.0521491977908
桃園市龜山區長樂里6鄰文禾路185號十六樓之5,68,6800700,6800700-000,6鄰,文禾路,,,,,,185號十六樓之5,121.38774762441,25.0521491977908
桃園市龜山區長樂里6鄰文禾路185號十六樓之6,68,6800700,6800700-000,6鄰,文禾路,,,,,,185號十六樓之6,121.38774762441,25.0521491977908
桃園市龜山區長樂里6鄰文禾路185號十六樓之7,68,6800700,6800700-000,6鄰,文禾路,,,,,,185號十六樓之7,121.38774762441,25.0521491977908
桃園市龜山區長樂里6鄰文禾路185號十七樓之1,68,6800700,6800700-000,6鄰,文禾路,,,,,,185號十七樓之1,121.38774762441,25.0521491977908
桃園市龜山區長樂里6鄰文禾路185號十七樓之2,68,6800700,6800700-000,6鄰,文禾路,,,,,,185號十七樓之2,121.38774762441,25.0521491977908
桃園市龜山區長樂里6鄰文禾路185號十七樓之3,68,6800700,6800700-000,6鄰,文禾路,,,,,,185號十七樓之3,121.38774762441,25.0521491977908
桃園市龜山區長樂里6鄰文禾路185號十七樓之5,68,6800700,6800700-000,6鄰,文禾路,,,,,,185號十七樓之5,121.38774762441,25.0521491977908
桃園市龜山區長樂里6鄰文禾路185號十七樓之6,68,6800700,6800700-000,6鄰,文禾路,,,,,,185號十七樓之6,121.38774762441,25.0521491977908
桃園市龜山區長樂里6鄰文禾路185號十七樓之7,68,6800700,6800700-000,6鄰,文禾路,,,,,,185號十七樓之7,121.38774762441,25.0521491977908
桃園市龜山區長樂里6鄰文禾路185號十八樓之1,68,6800700,6800700-000,6鄰,文禾路,,,,,,185號十八樓之1,121.38774762441,25.0521491977908
桃園市龜山區長樂里6鄰文禾路185號十八樓之2,68,6800700,6800700-000,6鄰,文禾路,,,,,,185號十八樓之2,121.38774762441,25.0521491977908
桃園市龜山區長樂里6鄰文禾路185號十八樓之3,68,6800700,6800700-000,6鄰,文禾路,,,,,,185號十八樓之3,121.38774762441,25.0521491977908
桃園市龜山區長樂里6鄰文禾路185號十八樓之5,68,6800700,6800700-000,6鄰,文禾路,,,,,,185號十八樓之5,121.38774762441,25.0521491977908
桃園市龜山區長樂里6鄰文禾路185號十八樓之6,68,6800700,6800700-000,6鄰,文禾路,,,,,,185號十八樓之6,121.38774762441,25.0521491977908
桃園市龜山區長樂里6鄰文禾路185號十八樓之7,68,6800700,6800700-000,6鄰,文禾路,,,,,,185號十八樓之7,121.38774762441,25.0521491977908
桃園市龜山區長樂里6鄰文禾路185號十九樓之1,68,6800700,6800700-000,6鄰,文禾路,,,,,,185號十九樓之1,121.38774762441,25.0521491977908
桃園市龜山區長樂里6鄰文禾路185號十九樓之2,68,6800700,6800700-000,6鄰,文禾路,,,,,,185號十九樓之2,121.38774762441,25.0521491977908
桃園市龜山區長樂里6鄰文禾路185號十九樓之3,68,6800700,6800700-000,6鄰,文禾路,,,,,,185號十九樓之3,121.38774762441,25.0521491977908
桃園市龜山區長樂里6鄰文禾路185號十九樓之5,68,6800700,6800700-000,6鄰,文禾路,,,,,,185號十九樓之5,121.38774762441,25.0521491977908
桃園市龜山區長樂里6鄰文禾路185號十九樓之6,68,6800700,6800700-000,6鄰,文禾路,,,,,,185號十九樓之6,121.38774762441,25.0521491977908
桃園市龜山區長樂里6鄰文禾路185號十九樓之7,68,6800700,6800700-000,6鄰,文禾路,,,,,,185號十九樓之7,121.38774762441,25.0521491977908
桃園市龜山區長樂里6鄰文禾路185號二十樓之1,68,6800700,6800700-000,6鄰,文禾路,,,,,,185號二十樓之1,121.38774762441,25.0521491977908
桃園市龜山區長樂里6鄰文禾路185號二十樓之2,68,6800700,6800700-000,6鄰,文禾路,,,,,,185號二十樓之2,121.38774762441,25.0521491977908
桃園市龜山區長樂里6鄰文禾路185號二十樓之3,68,6800700,6800700-000,6鄰,文禾路,,,,,,185號二十樓之3,121.38774762441,25.0521491977908
桃園市龜山區長樂里6鄰文禾路185號二十樓之5,68,6800700,6800700-000,6鄰,文禾路,,,,,,185號二十樓之5,121.38774762441,25.0521491977908
桃園市龜山區長樂里6鄰文禾路185號二十樓之6,68,6800700,6800700-000,6鄰,文禾路,,,,,,185號二十樓之6,121.38774762441,25.0521491977908
桃園市龜山區長樂里6鄰文禾路185號二十樓之7,68,6800700,6800700-000,6鄰,文禾路,,,,,,185號二十樓之7,121.38774762441,25.0521491977908
桃園市龜山區長樂里6鄰文禾路185號二十一樓之1,68,6800700,6800700-000,6鄰,文禾路,,,,,,185號二十一樓之1,121.38774762441,25.0521491977908
桃園市龜山區長樂里6鄰文禾路185號二十一樓之2,68,6800700,6800700-000,6鄰,文禾路,,,,,,185號二十一樓之2,121.38774762441,25.0521491977908
桃園市龜山區長樂里6鄰文禾路185號二十一樓之3,68,6800700,6800700-000,6鄰,文禾路,,,,,,185號二十一樓之3,121.38774762441,25.0521491977908
桃園市龜山區長樂里6鄰文禾路185號二十一樓之5,68,6800700,6800700-000,6鄰,文禾路,,,,,,185號二十一樓之5,121.38774762441,25.0521491977908
桃園市龜山區長樂里6鄰文禾路185號二十一樓之6,68,6800700,6800700-000,6鄰,文禾路,,,,,,185號二十一樓之6,121.38774762441,25.0521491977908
桃園市龜山區長樂里6鄰文禾路185號二十一樓之7,68,6800700,6800700-000,6鄰,文禾路,,,,,,185號二十一樓之7,121.38774762441,25.0521491977908
桃園市龜山區長樂里6鄰文禾路185號二十二樓之1,68,6800700,6800700-000,6鄰,文禾路,,,,,,185號二十二樓之1,121.38774762441,25.0521491977908
桃園市龜山區長樂里6鄰文禾路185號二十二樓之2,68,6800700,6800700-000,6鄰,文禾路,,,,,,185號二十二樓之2,121.38774762441,25.0521491977908
桃園市龜山區長樂里6鄰文禾路185號二十二樓之3,68,6800700,6800700-000,6鄰,文禾路,,,,,,185號二十二樓之3,121.38774762441,25.0521491977908
桃園市龜山區長樂里6鄰文禾路185號二十二樓之5,68,6800700,6800700-000,6鄰,文禾路,,,,,,185號二十二樓之5,121.38774762441,25.0521491977908
桃園市龜山區長樂里6鄰文禾路185號二十二樓之6,68,6800700,6800700-000,6鄰,文禾路,,,,,,185號二十二樓之6,121.38774762441,25.0521491977908
桃園市龜山區長樂里6鄰文禾路185號二十二樓之7,68,6800700,6800700-000,6鄰,文禾路,,,,,,185號二十二樓之7,121.38774762441,25.0521491977908
桃園市龜山區長樂里6鄰文禾路185號二十三樓之1,68,6800700,6800700-000,6鄰,文禾路,,,,,,185號二十三樓之1,121.38774762441,25.0521491977908
桃園市龜山區長樂里6鄰文禾路185號二十三樓之2,68,6800700,6800700-000,6鄰,文禾路,,,,,,185號二十三樓之2,121.38774762441,25.0521491977908
桃園市龜山區長樂里6鄰文禾路185號二十三樓之3,68,6800700,6800700-000,6鄰,文禾路,,,,,,185號二十三樓之3,121.38774762441,25.0521491977908
桃園市龜山區長樂里6鄰文禾路185號二十三樓之5,68,6800700,6800700-000,6鄰,文禾路,,,,,,185號二十三樓之5,121.38774762441,25.0521491977908
桃園市龜山區長樂里6鄰文禾路185號二十三樓之6,68,6800700,6800700-000,6鄰,文禾路,,,,,,185號二十三樓之6,121.38774762441,25.0521491977908
桃園市龜山區長樂里6鄰文禾路185號二十三樓之7,68,6800700,6800700-000,6鄰,文禾路,,,,,,185號二十三樓之7,121.38774762441,25.0521491977908
桃園市龜山區長樂里6鄰文禾路185號二十四樓之1,68,6800700,6800700-000,6鄰,文禾路,,,,,,185號二十四樓之1,121.38774762441,25.0521491977908
桃園市龜山區長樂里6鄰文禾路185號二十四樓之2,68,6800700,6800700-000,6鄰,文禾路,,,,,,185號二十四樓之2,121.38774762441,25.0521491977908
桃園市龜山區長樂里6鄰文禾路185號二十四樓之3,68,6800700,6800700-000,6鄰,文禾路,,,,,,185號二十四樓之3,121.38774762441,25.0521491977908
桃園市龜山區長樂里6鄰文禾路185號二十四樓之5,68,6800700,6800700-000,6鄰,文禾路,,,,,,185號二十四樓之5,121.38774762441,25.0521491977908
桃園市龜山區長樂里6鄰文禾路185號二十四樓之6,68,6800700,6800700-000,6鄰,文禾路,,,,,,185號二十四樓之6,121.38774762441,25.0521491977908
桃園市龜山區長樂里6鄰文禾路185號二十四樓之7,68,6800700,6800700-000,6鄰,文禾路,,,,,,185號二十四樓之7,121.38774762441,25.0521491977908
桃園市龜山區長樂里5鄰文禾路187號,68,6800700,6800700-000,5鄰,文禾路,,,,,,187號,121.387919289904,25.052246344255
桃園市龜山區長樂里1鄰文禾路188號,68,6800700,6800700-000,1鄰,文禾路,,,,,,188號,121.388255066035,25.0512690686473
桃園市龜山區長樂里1鄰文禾路188號十樓,68,6800700,6800700-000,1鄰,文禾路,,,,,,188號十樓,121.388255066035,25.0512690686473
桃園市龜山區長樂里1鄰文禾路188號二樓,68,6800700,6800700-000,1鄰,文禾路,,,,,,188號二樓,121.388255066035,25.0512690686473
桃園市龜山區長樂里1鄰文禾路188號三樓,68,6800700,6800700-000,1鄰,文禾路,,,,,,188號三樓,121.388255066035,25.0512690686473
桃園市龜山區長樂里1鄰文禾路188號四樓,68,6800700,6800700-000,1鄰,文禾路,,,,,,188號四樓,121.388255066035,25.0512690686473
桃園市龜山區長樂里1鄰文禾路188號五樓,68,6800700,6800700-000,1鄰,文禾路,,,,,,188號五樓,121.388255066035,25.0512690686473
桃園市龜山區長樂里1鄰文禾路188號六樓,68,6800700,6800700-000,1鄰,文禾路,,,,,,188號六樓,121.388255066035,25.0512690686473
桃園市龜山區長樂里1鄰文禾路188號七樓,68,6800700,6800700-000,1鄰,文禾路,,,,,,188號七樓,121.388255066035,25.0512690686473
桃園市龜山區長樂里1鄰文禾路188號八樓,68,6800700,6800700-000,1鄰,文禾路,,,,,,188號八樓,121.388255066035,25.0512690686473
桃園市龜山區長樂里1鄰文禾路188號九樓,68,6800700,6800700-000,1鄰,文禾路,,,,,,188號九樓,121.388255066035,25.0512690686473
桃園市龜山區長樂里1鄰文禾路188號十一樓,68,6800700,6800700-000,1鄰,文禾路,,,,,,188號十一樓,121.388255066035,25.0512690686473
桃園市龜山區長樂里1鄰文禾路188號十二樓,68,6800700,6800700-000,1鄰,文禾路,,,,,,188號十二樓,121.388255066035,25.0512690686473
桃園市龜山區長樂里1鄰文禾路188號十三樓,68,6800700,6800700-000,1鄰,文禾路,,,,,,188號十三樓,121.388255066035,25.0512690686473
桃園市龜山區長樂里5鄰文禾路189號,68,6800700,6800700-000,5鄰,文禾路,,,,,,189號,121.387848467227,25.0523221853947
桃園市龜山區長樂里5鄰文禾路191號,68,6800700,6800700-000,5鄰,文禾路,,,,,,191號,121.387953595323,25.0523766216573
桃園市龜山區長樂里5鄰文禾路193號,68,6800700,6800700-000,5鄰,文禾路,,,,,,193號,121.388071663811,25.0524173914763
桃園市龜山區長樂里5鄰文禾路195號,68,6800700,6800700-000,5鄰,文禾路,,,,,,195號,121.38815101104,25.0523104709984
桃園市龜山區長樂里5鄰文禾路195號十樓之1,68,6800700,6800700-000,5鄰,文禾路,,,,,,195號十樓之1,121.38815101104,25.0523104709984
桃園市龜山區長樂里5鄰文禾路195號十樓之2,68,6800700,6800700-000,5鄰,文禾路,,,,,,195號十樓之2,121.38815101104,25.0523104709984
桃園市龜山區長樂里5鄰文禾路195號十樓之3,68,6800700,6800700-000,5鄰,文禾路,,,,,,195號十樓之3,121.38815101104,25.0523104709984
桃園市龜山區長樂里5鄰文禾路195號十樓之5,68,6800700,6800700-000,5鄰,文禾路,,,,,,195號十樓之5,121.38815101104,25.0523104709984
桃園市龜山區長樂里5鄰文禾路195號十樓之6,68,6800700,6800700-000,5鄰,文禾路,,,,,,195號十樓之6,121.38815101104,25.0523104709984
桃園市龜山區長樂里5鄰文禾路195號十樓之7,68,6800700,6800700-000,5鄰,文禾路,,,,,,195號十樓之7,121.38815101104,25.0523104709984
桃園市龜山區長樂里5鄰文禾路195號二樓之1,68,6800700,6800700-000,5鄰,文禾路,,,,,,195號二樓之1,121.38815101104,25.0523104709984
桃園市龜山區長樂里5鄰文禾路195號二樓之2,68,6800700,6800700-000,5鄰,文禾路,,,,,,195號二樓之2,121.38815101104,25.0523104709984
桃園市龜山區長樂里5鄰文禾路195號二樓之3,68,6800700,6800700-000,5鄰,文禾路,,,,,,195號二樓之3,121.38815101104,25.0523104709984
桃園市龜山區長樂里5鄰文禾路195號二樓之5,68,6800700,6800700-000,5鄰,文禾路,,,,,,195號二樓之5,121.38815101104,25.0523104709984
桃園市龜山區長樂里5鄰文禾路195號二樓之6,68,6800700,6800700-000,5鄰,文禾路,,,,,,195號二樓之6,121.38815101104,25.0523104709984
桃園市龜山區長樂里5鄰文禾路195號二樓之7,68,6800700,6800700-000,5鄰,文禾路,,,,,,195號二樓之7,121.38815101104,25.0523104709984
桃園市龜山區長樂里5鄰文禾路195號三樓之1,68,6800700,6800700-000,5鄰,文禾路,,,,,,195號三樓之1,121.38815101104,25.0523104709984
桃園市龜山區長樂里5鄰文禾路195號三樓之2,68,6800700,6800700-000,5鄰,文禾路,,,,,,195號三樓之2,121.38815101104,25.0523104709984
桃園市龜山區長樂里5鄰文禾路195號三樓之3,68,6800700,6800700-000,5鄰,文禾路,,,,,,195號三樓之3,121.38815101104,25.0523104709984
桃園市龜山區長樂里5鄰文禾路195號三樓之5,68,6800700,6800700-000,5鄰,文禾路,,,,,,195號三樓之5,121.38815101104,25.0523104709984
桃園市龜山區長樂里5鄰文禾路195號三樓之6,68,6800700,6800700-000,5鄰,文禾路,,,,,,195號三樓之6,121.38815101104,25.0523104709984
桃園市龜山區長樂里5鄰文禾路195號三樓之7,68,6800700,6800700-000,5鄰,文禾路,,,,,,195號三樓之7,121.38815101104,25.0523104709984
桃園市龜山區長樂里5鄰文禾路195號四樓之1,68,6800700,6800700-000,5鄰,文禾路,,,,,,195號四樓之1,121.38815101104,25.0523104709984
桃園市龜山區長樂里5鄰文禾路195號四樓之2,68,6800700,6800700-000,5鄰,文禾路,,,,,,195號四樓之2,121.38815101104,25.0523104709984
桃園市龜山區長樂里5鄰文禾路195號四樓之3,68,6800700,6800700-000,5鄰,文禾路,,,,,,195號四樓之3,121.38815101104,25.0523104709984
桃園市龜山區長樂里5鄰文禾路195號四樓之5,68,6800700,6800700-000,5鄰,文禾路,,,,,,195號四樓之5,121.38815101104,25.0523104709984
桃園市龜山區長樂里5鄰文禾路195號四樓之6,68,6800700,6800700-000,5鄰,文禾路,,,,,,195號四樓之6,121.38815101104,25.0523104709984
桃園市龜山區長樂里5鄰文禾路195號四樓之7,68,6800700,6800700-000,5鄰,文禾路,,,,,,195號四樓之7,121.38815101104,25.0523104709984
桃園市龜山區長樂里5鄰文禾路195號五樓之1,68,6800700,6800700-000,5鄰,文禾路,,,,,,195號五樓之1,121.38815101104,25.0523104709984
桃園市龜山區長樂里5鄰文禾路195號五樓之2,68,6800700,6800700-000,5鄰,文禾路,,,,,,195號五樓之2,121.38815101104,25.0523104709984
桃園市龜山區長樂里5鄰文禾路195號五樓之3,68,6800700,6800700-000,5鄰,文禾路,,,,,,195號五樓之3,121.38815101104,25.0523104709984
桃園市龜山區長樂里5鄰文禾路195號五樓之5,68,6800700,6800700-000,5鄰,文禾路,,,,,,195號五樓之5,121.38815101104,25.0523104709984
桃園市龜山區長樂里5鄰文禾路195號五樓之6,68,6800700,6800700-000,5鄰,文禾路,,,,,,195號五樓之6,121.38815101104,25.0523104709984
桃園市龜山區長樂里5鄰文禾路195號五樓之7,68,6800700,6800700-000,5鄰,文禾路,,,,,,195號五樓之7,121.38815101104,25.0523104709984
桃園市龜山區長樂里5鄰文禾路195號六樓之1,68,6800700,6800700-000,5鄰,文禾路,,,,,,195號六樓之1,121.38815101104,25.0523104709984
桃園市龜山區長樂里5鄰文禾路195號六樓之2,68,6800700,6800700-000,5鄰,文禾路,,,,,,195號六樓之2,121.38815101104,25.0523104709984
桃園市龜山區長樂里5鄰文禾路195號六樓之3,68,6800700,6800700-000,5鄰,文禾路,,,,,,195號六樓之3,121.38815101104,25.0523104709984
桃園市龜山區長樂里5鄰文禾路195號六樓之5,68,6800700,6800700-000,5鄰,文禾路,,,,,,195號六樓之5,121.38815101104,25.0523104709984
桃園市龜山區長樂里5鄰文禾路195號六樓之6,68,6800700,6800700-000,5鄰,文禾路,,,,,,195號六樓之6,121.38815101104,25.0523104709984
桃園市龜山區長樂里5鄰文禾路195號六樓之7,68,6800700,6800700-000,5鄰,文禾路,,,,,,195號六樓之7,121.38815101104,25.0523104709984
桃園市龜山區長樂里5鄰文禾路195號七樓之1,68,6800700,6800700-000,5鄰,文禾路,,,,,,195號七樓之1,121.38815101104,25.0523104709984
桃園市龜山區長樂里5鄰文禾路195號七樓之2,68,6800700,6800700-000,5鄰,文禾路,,,,,,195號七樓之2,121.38815101104,25.0523104709984
桃園市龜山區長樂里5鄰文禾路195號七樓之3,68,6800700,6800700-000,5鄰,文禾路,,,,,,195號七樓之3,121.38815101104,25.0523104709984
桃園市龜山區長樂里5鄰文禾路195號七樓之5,68,6800700,6800700-000,5鄰,文禾路,,,,,,195號七樓之5,121.38815101104,25.0523104709984
桃園市龜山區長樂里5鄰文禾路195號七樓之6,68,6800700,6800700-000,5鄰,文禾路,,,,,,195號七樓之6,121.38815101104,25.0523104709984
桃園市龜山區長樂里5鄰文禾路195號七樓之7,68,6800700,6800700-000,5鄰,文禾路,,,,,,195號七樓之7,121.38815101104,25.0523104709984
桃園市龜山區長樂里5鄰文禾路195號八樓之1,68,6800700,6800700-000,5鄰,文禾路,,,,,,195號八樓之1,121.38815101104,25.0523104709984
桃園市龜山區長樂里5鄰文禾路195號八樓之2,68,6800700,6800700-000,5鄰,文禾路,,,,,,195號八樓之2,121.38815101104,25.0523104709984
桃園市龜山區長樂里5鄰文禾路195號八樓之3,68,6800700,6800700-000,5鄰,文禾路,,,,,,195號八樓之3,121.38815101104,25.0523104709984
桃園市龜山區長樂里5鄰文禾路195號八樓之5,68,6800700,6800700-000,5鄰,文禾路,,,,,,195號八樓之5,121.38815101104,25.0523104709984
桃園市龜山區長樂里5鄰文禾路195號八樓之6,68,6800700,6800700-000,5鄰,文禾路,,,,,,195號八樓之6,121.38815101104,25.0523104709984
桃園市龜山區長樂里5鄰文禾路195號八樓之7,68,6800700,6800700-000,5鄰,文禾路,,,,,,195號八樓之7,121.38815101104,25.0523104709984
桃園市龜山區長樂里5鄰文禾路195號九樓之1,68,6800700,6800700-000,5鄰,文禾路,,,,,,195號九樓之1,121.38815101104,25.0523104709984
桃園市龜山區長樂里5鄰文禾路195號九樓之2,68,6800700,6800700-000,5鄰,文禾路,,,,,,195號九樓之2,121.38815101104,25.0523104709984
桃園市龜山區長樂里5鄰文禾路195號九樓之3,68,6800700,6800700-000,5鄰,文禾路,,,,,,195號九樓之3,121.38815101104,25.0523104709984
桃園市龜山區長樂里5鄰文禾路195號九樓之5,68,6800700,6800700-000,5鄰,文禾路,,,,,,195號九樓之5,121.38815101104,25.0523104709984
桃園市龜山區長樂里5鄰文禾路195號九樓之6,68,6800700,6800700-000,5鄰,文禾路,,,,,,195號九樓之6,121.38815101104,25.0523104709984
桃園市龜山區長樂里5鄰文禾路195號九樓之7,68,6800700,6800700-000,5鄰,文禾路,,,,,,195號九樓之7,121.38815101104,25.0523104709984
桃園市龜山區長樂里5鄰文禾路195號十一樓之1,68,6800700,6800700-000,5鄰,文禾路,,,,,,195號十一樓之1,121.38815101104,25.0523104709984
桃園市龜山區長樂里5鄰文禾路195號十一樓之2,68,6800700,6800700-000,5鄰,文禾路,,,,,,195號十一樓之2,121.38815101104,25.0523104709984
桃園市龜山區長樂里5鄰文禾路195號十一樓之3,68,6800700,6800700-000,5鄰,文禾路,,,,,,195號十一樓之3,121.38815101104,25.0523104709984
桃園市龜山區長樂里5鄰文禾路195號十一樓之5,68,6800700,6800700-000,5鄰,文禾路,,,,,,195號十一樓之5,121.38815101104,25.0523104709984
桃園市龜山區長樂里5鄰文禾路195號十一樓之6,68,6800700,6800700-000,5鄰,文禾路,,,,,,195號十一樓之6,121.38815101104,25.0523104709984
桃園市龜山區長樂里5鄰文禾路195號十一樓之7,68,6800700,6800700-000,5鄰,文禾路,,,,,,195號十一樓之7,121.38815101104,25.0523104709984
桃園市龜山區長樂里5鄰文禾路195號十二樓之1,68,6800700,6800700-000,5鄰,文禾路,,,,,,195號十二樓之1,121.38815101104,25.0523104709984
桃園市龜山區長樂里5鄰文禾路195號十二樓之2,68,6800700,6800700-000,5鄰,文禾路,,,,,,195號十二樓之2,121.38815101104,25.0523104709984
桃園市龜山區長樂里5鄰文禾路195號十二樓之3,68,6800700,6800700-000,5鄰,文禾路,,,,,,195號十二樓之3,121.38815101104,25.0523104709984
桃園市龜山區長樂里5鄰文禾路195號十二樓之5,68,6800700,6800700-000,5鄰,文禾路,,,,,,195號十二樓之5,121.38815101104,25.0523104709984
桃園市龜山區長樂里5鄰文禾路195號十二樓之6,68,6800700,6800700-000,5鄰,文禾路,,,,,,195號十二樓之6,121.38815101104,25.0523104709984
桃園市龜山區長樂里5鄰文禾路195號十二樓之7,68,6800700,6800700-000,5鄰,文禾路,,,,,,195號十二樓之7,121.38815101104,25.0523104709984
桃園市龜山區長樂里5鄰文禾路195號十三樓之1,68,6800700,6800700-000,5鄰,文禾路,,,,,,195號十三樓之1,121.38815101104,25.0523104709984
桃園市龜山區長樂里5鄰文禾路195號十三樓之2,68,6800700,6800700-000,5鄰,文禾路,,,,,,195號十三樓之2,121.38815101104,25.0523104709984
桃園市龜山區長樂里5鄰文禾路195號十三樓之3,68,6800700,6800700-000,5鄰,文禾路,,,,,,195號十三樓之3,121.38815101104,25.0523104709984
桃園市龜山區長樂里5鄰文禾路195號十三樓之5,68,6800700,6800700-000,5鄰,文禾路,,,,,,195號十三樓之5,121.38815101104,25.0523104709984
桃園市龜山區長樂里5鄰文禾路195號十三樓之6,68,6800700,6800700-000,5鄰,文禾路,,,,,,195號十三樓之6,121.38815101104,25.0523104709984
桃園市龜山區長樂里5鄰文禾路195號十三樓之7,68,6800700,6800700-000,5鄰,文禾路,,,,,,195號十三樓之7,121.38815101104,25.0523104709984
桃園市龜山區長樂里5鄰文禾路195號十四樓之1,68,6800700,6800700-000,5鄰,文禾路,,,,,,195號十四樓之1,121.38815101104,25.0523104709984
桃園市龜山區長樂里5鄰文禾路195號十四樓之2,68,6800700,6800700-000,5鄰,文禾路,,,,,,195號十四樓之2,121.38815101104,25.0523104709984
桃園市龜山區長樂里5鄰文禾路195號十四樓之3,68,6800700,6800700-000,5鄰,文禾路,,,,,,195號十四樓之3,121.38815101104,25.0523104709984
桃園市龜山區長樂里5鄰文禾路195號十四樓之5,68,6800700,6800700-000,5鄰,文禾路,,,,,,195號十四樓之5,121.38815101104,25.0523104709984
桃園市龜山區長樂里5鄰文禾路195號十四樓之6,68,6800700,6800700-000,5鄰,文禾路,,,,,,195號十四樓之6,121.38815101104,25.0523104709984
桃園市龜山區長樂里5鄰文禾路195號十四樓之7,68,6800700,6800700-000,5鄰,文禾路,,,,,,195號十四樓之7,121.38815101104,25.0523104709984
桃園市龜山區長樂里5鄰文禾路195號十五樓之1,68,6800700,6800700-000,5鄰,文禾路,,,,,,195號十五樓之1,121.38815101104,25.0523104709984
桃園市龜山區長樂里5鄰文禾路195號十五樓之2,68,6800700,6800700-000,5鄰,文禾路,,,,,,195號十五樓之2,121.38815101104,25.0523104709984
桃園市龜山區長樂里5鄰文禾路195號十五樓之3,68,6800700,6800700-000,5鄰,文禾路,,,,,,195號十五樓之3,121.38815101104,25.0523104709984
桃園市龜山區長樂里5鄰文禾路195號十五樓之5,68,6800700,6800700-000,5鄰,文禾路,,,,,,195號十五樓之5,121.38815101104,25.0523104709984
桃園市龜山區長樂里5鄰文禾路195號十五樓之6,68,6800700,6800700-000,5鄰,文禾路,,,,,,195號十五樓之6,121.38815101104,25.0523104709984
桃園市龜山區長樂里5鄰文禾路195號十五樓之7,68,6800700,6800700-000,5鄰,文禾路,,,,,,195號十五樓之7,121.38815101104,25.0523104709984
桃園市龜山區長樂里5鄰文禾路195號十六樓之1,68,6800700,6800700-000,5鄰,文禾路,,,,,,195號十六樓之1,121.38815101104,25.0523104709984
桃園市龜山區長樂里5鄰文禾路195號十六樓之2,68,6800700,6800700-000,5鄰,文禾路,,,,,,195號十六樓之2,121.38815101104,25.0523104709984
桃園市龜山區長樂里5鄰文禾路195號十六樓之3,68,6800700,6800700-000,5鄰,文禾路,,,,,,195號十六樓之3,121.38815101104,25.0523104709984
桃園市龜山區長樂里5鄰文禾路195號十六樓之5,68,6800700,6800700-000,5鄰,文禾路,,,,,,195號十六樓之5,121.38815101104,25.0523104709984
桃園市龜山區長樂里5鄰文禾路195號十六樓之6,68,6800700,6800700-000,5鄰,文禾路,,,,,,195號十六樓之6,121.38815101104,25.0523104709984
桃園市龜山區長樂里5鄰文禾路195號十六樓之7,68,6800700,6800700-000,5鄰,文禾路,,,,,,195號十六樓之7,121.38815101104,25.0523104709984
桃園市龜山區長樂里5鄰文禾路195號十七樓之1,68,6800700,6800700-000,5鄰,文禾路,,,,,,195號十七樓之1,121.38815101104,25.0523104709984
桃園市龜山區長樂里5鄰文禾路195號十七樓之2,68,6800700,6800700-000,5鄰,文禾路,,,,,,195號十七樓之2,121.38815101104,25.0523104709984
桃園市龜山區長樂里5鄰文禾路195號十七樓之3,68,6800700,6800700-000,5鄰,文禾路,,,,,,195號十七樓之3,121.38815101104,25.0523104709984
桃園市龜山區長樂里5鄰文禾路195號十七樓之5,68,6800700,6800700-000,5鄰,文禾路,,,,,,195號十七樓之5,121.38815101104,25.0523104709984
桃園市龜山區長樂里5鄰文禾路195號十七樓之6,68,6800700,6800700-000,5鄰,文禾路,,,,,,195號十七樓之6,121.38815101104,25.0523104709984
桃園市龜山區長樂里5鄰文禾路195號十七樓之7,68,6800700,6800700-000,5鄰,文禾路,,,,,,195號十七樓之7,121.38815101104,25.0523104709984
桃園市龜山區長樂里5鄰文禾路195號十八樓之1,68,6800700,6800700-000,5鄰,文禾路,,,,,,195號十八樓之1,121.38815101104,25.0523104709984
桃園市龜山區長樂里5鄰文禾路195號十八樓之2,68,6800700,6800700-000,5鄰,文禾路,,,,,,195號十八樓之2,121.38815101104,25.0523104709984
桃園市龜山區長樂里5鄰文禾路195號十八樓之3,68,6800700,6800700-000,5鄰,文禾路,,,,,,195號十八樓之3,121.38815101104,25.0523104709984
桃園市龜山區長樂里5鄰文禾路195號十八樓之5,68,6800700,6800700-000,5鄰,文禾路,,,,,,195號十八樓之5,121.38815101104,25.0523104709984
桃園市龜山區長樂里5鄰文禾路195號十八樓之6,68,6800700,6800700-000,5鄰,文禾路,,,,,,195號十八樓之6,121.38815101104,25.0523104709984
桃園市龜山區長樂里5鄰文禾路195號十八樓之7,68,6800700,6800700-000,5鄰,文禾路,,,,,,195號十八樓之7,121.38815101104,25.0523104709984
桃園市龜山區長樂里5鄰文禾路195號十九樓之1,68,6800700,6800700-000,5鄰,文禾路,,,,,,195號十九樓之1,121.38815101104,25.0523104709984
桃園市龜山區長樂里5鄰文禾路195號十九樓之2,68,6800700,6800700-000,5鄰,文禾路,,,,,,195號十九樓之2,121.38815101104,25.0523104709984
桃園市龜山區長樂里5鄰文禾路195號十九樓之3,68,6800700,6800700-000,5鄰,文禾路,,,,,,195號十九樓之3,121.38815101104,25.0523104709984
桃園市龜山區長樂里5鄰文禾路195號十九樓之5,68,6800700,6800700-000,5鄰,文禾路,,,,,,195號十九樓之5,121.38815101104,25.0523104709984
桃園市龜山區長樂里5鄰文禾路195號十九樓之6,68,6800700,6800700-000,5鄰,文禾路,,,,,,195號十九樓之6,121.38815101104,25.0523104709984
桃園市龜山區長樂里5鄰文禾路195號十九樓之7,68,6800700,6800700-000,5鄰,文禾路,,,,,,195號十九樓之7,121.38815101104,25.0523104709984
桃園市龜山區長樂里5鄰文禾路195號二十樓之1,68,6800700,6800700-000,5鄰,文禾路,,,,,,195號二十樓之1,121.38815101104,25.0523104709984
桃園市龜山區長樂里5鄰文禾路195號二十樓之2,68,6800700,6800700-000,5鄰,文禾路,,,,,,195號二十樓之2,121.38815101104,25.0523104709984
桃園市龜山區長樂里5鄰文禾路195號二十樓之3,68,6800700,6800700-000,5鄰,文禾路,,,,,,195號二十樓之3,121.38815101104,25.0523104709984
桃園市龜山區長樂里5鄰文禾路195號二十樓之5,68,6800700,6800700-000,5鄰,文禾路,,,,,,195號二十樓之5,121.38815101104,25.0523104709984
桃園市龜山區長樂里5鄰文禾路195號二十樓之6,68,6800700,6800700-000,5鄰,文禾路,,,,,,195號二十樓之6,121.38815101104,25.0523104709984
桃園市龜山區長樂里5鄰文禾路195號二十樓之7,68,6800700,6800700-000,5鄰,文禾路,,,,,,195號二十樓之7,121.38815101104,25.0523104709984
桃園市龜山區長樂里5鄰文禾路195號二十一樓之1,68,6800700,6800700-000,5鄰,文禾路,,,,,,195號二十一樓之1,121.38815101104,25.0523104709984
桃園市龜山區長樂里5鄰文禾路195號二十一樓之2,68,6800700,6800700-000,5鄰,文禾路,,,,,,195號二十一樓之2,121.38815101104,25.0523104709984
桃園市龜山區長樂里5鄰文禾路195號二十一樓之3,68,6800700,6800700-000,5鄰,文禾路,,,,,,195號二十一樓之3,121.38815101104,25.0523104709984
桃園市龜山區長樂里5鄰文禾路195號二十一樓之5,68,6800700,6800700-000,5鄰,文禾路,,,,,,195號二十一樓之5,121.38815101104,25.0523104709984
桃園市龜山區長樂里5鄰文禾路195號二十一樓之6,68,6800700,6800700-000,5鄰,文禾路,,,,,,195號二十一樓之6,121.38815101104,25.0523104709984
桃園市龜山區長樂里5鄰文禾路195號二十一樓之7,68,6800700,6800700-000,5鄰,文禾路,,,,,,195號二十一樓之7,121.38815101104,25.0523104709984
桃園市龜山區長樂里5鄰文禾路195號二十二樓之1,68,6800700,6800700-000,5鄰,文禾路,,,,,,195號二十二樓之1,121.38815101104,25.0523104709984
桃園市龜山區長樂里5鄰文禾路195號二十二樓之2,68,6800700,6800700-000,5鄰,文禾路,,,,,,195號二十二樓之2,121.38815101104,25.0523104709984
桃園市龜山區長樂里5鄰文禾路195號二十二樓之3,68,6800700,6800700-000,5鄰,文禾路,,,,,,195號二十二樓之3,121.38815101104,25.0523104709984
桃園市龜山區長樂里5鄰文禾路195號二十二樓之5,68,6800700,6800700-000,5鄰,文禾路,,,,,,195號二十二樓之5,121.38815101104,25.0523104709984
桃園市龜山區長樂里5鄰文禾路195號二十二樓之6,68,6800700,6800700-000,5鄰,文禾路,,,,,,195號二十二樓之6,121.38815101104,25.0523104709984
桃園市龜山區長樂里5鄰文禾路195號二十二樓之7,68,6800700,6800700-000,5鄰,文禾路,,,,,,195號二十二樓之7,121.38815101104,25.0523104709984
桃園市龜山區長樂里5鄰文禾路195號二十三樓之1,68,6800700,6800700-000,5鄰,文禾路,,,,,,195號二十三樓之1,121.38815101104,25.0523104709984
桃園市龜山區長樂里5鄰文禾路195號二十三樓之2,68,6800700,6800700-000,5鄰,文禾路,,,,,,195號二十三樓之2,121.38815101104,25.0523104709984
桃園市龜山區長樂里5鄰文禾路195號二十三樓之3,68,6800700,6800700-000,5鄰,文禾路,,,,,,195號二十三樓之3,121.38815101104,25.0523104709984
桃園市龜山區長樂里5鄰文禾路195號二十三樓之5,68,6800700,6800700-000,5鄰,文禾路,,,,,,195號二十三樓之5,121.38815101104,25.0523104709984
桃園市龜山區長樂里5鄰文禾路195號二十三樓之6,68,6800700,6800700-000,5鄰,文禾路,,,,,,195號二十三樓之6,121.38815101104,25.0523104709984
桃園市龜山區長樂里5鄰文禾路195號二十三樓之7,68,6800700,6800700-000,5鄰,文禾路,,,,,,195號二十三樓之7,121.38815101104,25.0523104709984
桃園市龜山區長樂里5鄰文禾路195號二十四樓之1,68,6800700,6800700-000,5鄰,文禾路,,,,,,195號二十四樓之1,121.38815101104,25.0523104709984
桃園市龜山區長樂里5鄰文禾路195號二十四樓之2,68,6800700,6800700-000,5鄰,文禾路,,,,,,195號二十四樓之2,121.38815101104,25.0523104709984
桃園市龜山區長樂里5鄰文禾路195號二十四樓之3,68,6800700,6800700-000,5鄰,文禾路,,,,,,195號二十四樓之3,121.38815101104,25.0523104709984
桃園市龜山區長樂里5鄰文禾路195號二十四樓之5,68,6800700,6800700-000,5鄰,文禾路,,,,,,195號二十四樓之5,121.38815101104,25.0523104709984
桃園市龜山區長樂里5鄰文禾路195號二十四樓之6,68,6800700,6800700-000,5鄰,文禾路,,,,,,195號二十四樓之6,121.38815101104,25.0523104709984
桃園市龜山區長樂里5鄰文禾路195號二十四樓之7,68,6800700,6800700-000,5鄰,文禾路,,,,,,195號二十四樓之7,121.38815101104,25.0523104709984
桃園市龜山區長樂里1鄰文禾路196號,68,6800700,6800700-000,1鄰,文禾路,,,,,,196號,121.388381132321,25.0515208060442
桃園市龜山區長樂里5鄰文禾路197號十樓之1,68,6800700,6800700-000,5鄰,文禾路,,,,,,197號十樓之1,121.388339817163,25.0524057665397
桃園市龜山區長樂里5鄰文禾路197號十樓之2,68,6800700,6800700-000,5鄰,文禾路,,,,,,197號十樓之2,121.388339817163,25.0524057665397
桃園市龜山區長樂里5鄰文禾路197號十樓之3,68,6800700,6800700-000,5鄰,文禾路,,,,,,197號十樓之3,121.388339817163,25.0524057665397
桃園市龜山區長樂里5鄰文禾路197號十樓之5,68,6800700,6800700-000,5鄰,文禾路,,,,,,197號十樓之5,121.388339817163,25.0524057665397
桃園市龜山區長樂里5鄰文禾路197號十樓之6,68,6800700,6800700-000,5鄰,文禾路,,,,,,197號十樓之6,121.388339817163,25.0524057665397
桃園市龜山區長樂里5鄰文禾路197號十樓之7,68,6800700,6800700-000,5鄰,文禾路,,,,,,197號十樓之7,121.388339817163,25.0524057665397
桃園市龜山區長樂里5鄰文禾路197號二樓之1,68,6800700,6800700-000,5鄰,文禾路,,,,,,197號二樓之1,121.388339817163,25.0524057665397
桃園市龜山區長樂里5鄰文禾路197號二樓之2,68,6800700,6800700-000,5鄰,文禾路,,,,,,197號二樓之2,121.388339817163,25.0524057665397
桃園市龜山區長樂里5鄰文禾路197號二樓之3,68,6800700,6800700-000,5鄰,文禾路,,,,,,197號二樓之3,121.388339817163,25.0524057665397
桃園市龜山區長樂里5鄰文禾路197號二樓之5,68,6800700,6800700-000,5鄰,文禾路,,,,,,197號二樓之5,121.388339817163,25.0524057665397
桃園市龜山區長樂里5鄰文禾路197號二樓之6,68,6800700,6800700-000,5鄰,文禾路,,,,,,197號二樓之6,121.388339817163,25.0524057665397
桃園市龜山區長樂里5鄰文禾路197號二樓之7,68,6800700,6800700-000,5鄰,文禾路,,,,,,197號二樓之7,121.388339817163,25.0524057665397
桃園市龜山區長樂里5鄰文禾路197號三樓之1,68,6800700,6800700-000,5鄰,文禾路,,,,,,197號三樓之1,121.388339817163,25.0524057665397
桃園市龜山區長樂里5鄰文禾路197號三樓之2,68,6800700,6800700-000,5鄰,文禾路,,,,,,197號三樓之2,121.388339817163,25.0524057665397
桃園市龜山區長樂里5鄰文禾路197號三樓之3,68,6800700,6800700-000,5鄰,文禾路,,,,,,197號三樓之3,121.388339817163,25.0524057665397
桃園市龜山區長樂里5鄰文禾路197號三樓之5,68,6800700,6800700-000,5鄰,文禾路,,,,,,197號三樓之5,121.388339817163,25.0524057665397
桃園市龜山區長樂里5鄰文禾路197號三樓之6,68,6800700,6800700-000,5鄰,文禾路,,,,,,197號三樓之6,121.388339817163,25.0524057665397
桃園市龜山區長樂里5鄰文禾路197號三樓之7,68,6800700,6800700-000,5鄰,文禾路,,,,,,197號三樓之7,121.388339817163,25.0524057665397
桃園市龜山區長樂里5鄰文禾路197號四樓之1,68,6800700,6800700-000,5鄰,文禾路,,,,,,197號四樓之1,121.388339817163,25.0524057665397
桃園市龜山區長樂里5鄰文禾路197號四樓之2,68,6800700,6800700-000,5鄰,文禾路,,,,,,197號四樓之2,121.388339817163,25.0524057665397
桃園市龜山區長樂里5鄰文禾路197號四樓之3,68,6800700,6800700-000,5鄰,文禾路,,,,,,197號四樓之3,121.388339817163,25.0524057665397
桃園市龜山區長樂里5鄰文禾路197號四樓之5,68,6800700,6800700-000,5鄰,文禾路,,,,,,197號四樓之5,121.388339817163,25.0524057665397
桃園市龜山區長樂里5鄰文禾路197號四樓之6,68,6800700,6800700-000,5鄰,文禾路,,,,,,197號四樓之6,121.388339817163,25.0524057665397
桃園市龜山區長樂里5鄰文禾路197號四樓之7,68,6800700,6800700-000,5鄰,文禾路,,,,,,197號四樓之7,121.388339817163,25.0524057665397
桃園市龜山區長樂里5鄰文禾路197號五樓之1,68,6800700,6800700-000,5鄰,文禾路,,,,,,197號五樓之1,121.388339817163,25.0524057665397
桃園市龜山區長樂里5鄰文禾路197號五樓之2,68,6800700,6800700-000,5鄰,文禾路,,,,,,197號五樓之2,121.388339817163,25.0524057665397
桃園市龜山區長樂里5鄰文禾路197號五樓之3,68,6800700,6800700-000,5鄰,文禾路,,,,,,197號五樓之3,121.388339817163,25.0524057665397
桃園市龜山區長樂里5鄰文禾路197號五樓之5,68,6800700,6800700-000,5鄰,文禾路,,,,,,197號五樓之5,121.388339817163,25.0524057665397
桃園市龜山區長樂里5鄰文禾路197號五樓之6,68,6800700,6800700-000,5鄰,文禾路,,,,,,197號五樓之6,121.388339817163,25.0524057665397
桃園市龜山區長樂里5鄰文禾路197號五樓之7,68,6800700,6800700-000,5鄰,文禾路,,,,,,197號五樓之7,121.388339817163,25.0524057665397
桃園市龜山區長樂里5鄰文禾路197號六樓之1,68,6800700,6800700-000,5鄰,文禾路,,,,,,197號六樓之1,121.388339817163,25.0524057665397
桃園市龜山區長樂里5鄰文禾路197號六樓之2,68,6800700,6800700-000,5鄰,文禾路,,,,,,197號六樓之2,121.388339817163,25.0524057665397
桃園市龜山區長樂里5鄰文禾路197號六樓之3,68,6800700,6800700-000,5鄰,文禾路,,,,,,197號六樓之3,121.388339817163,25.0524057665397
桃園市龜山區長樂里5鄰文禾路197號六樓之5,68,6800700,6800700-000,5鄰,文禾路,,,,,,197號六樓之5,121.388339817163,25.0524057665397
桃園市龜山區長樂里5鄰文禾路197號六樓之6,68,6800700,6800700-000,5鄰,文禾路,,,,,,197號六樓之6,121.388339817163,25.0524057665397
桃園市龜山區長樂里5鄰文禾路197號六樓之7,68,6800700,6800700-000,5鄰,文禾路,,,,,,197號六樓之7,121.388339817163,25.0524057665397
桃園市龜山區長樂里5鄰文禾路197號七樓之1,68,6800700,6800700-000,5鄰,文禾路,,,,,,197號七樓之1,121.388339817163,25.0524057665397
桃園市龜山區長樂里5鄰文禾路197號七樓之2,68,6800700,6800700-000,5鄰,文禾路,,,,,,197號七樓之2,121.388339817163,25.0524057665397
桃園市龜山區長樂里5鄰文禾路197號七樓之3,68,6800700,6800700-000,5鄰,文禾路,,,,,,197號七樓之3,121.388339817163,25.0524057665397
桃園市龜山區長樂里5鄰文禾路197號七樓之5,68,6800700,6800700-000,5鄰,文禾路,,,,,,197號七樓之5,121.388339817163,25.0524057665397
桃園市龜山區長樂里5鄰文禾路197號七樓之6,68,6800700,6800700-000,5鄰,文禾路,,,,,,197號七樓之6,121.388339817163,25.0524057665397
桃園市龜山區長樂里5鄰文禾路197號七樓之7,68,6800700,6800700-000,5鄰,文禾路,,,,,,197號七樓之7,121.388339817163,25.0524057665397
桃園市龜山區長樂里5鄰文禾路197號八樓之1,68,6800700,6800700-000,5鄰,文禾路,,,,,,197號八樓之1,121.388339817163,25.0524057665397
桃園市龜山區長樂里5鄰文禾路197號八樓之2,68,6800700,6800700-000,5鄰,文禾路,,,,,,197號八樓之2,121.388339817163,25.0524057665397
桃園市龜山區長樂里5鄰文禾路197號八樓之3,68,6800700,6800700-000,5鄰,文禾路,,,,,,197號八樓之3,121.388339817163,25.0524057665397
桃園市龜山區長樂里5鄰文禾路197號八樓之5,68,6800700,6800700-000,5鄰,文禾路,,,,,,197號八樓之5,121.388339817163,25.0524057665397
桃園市龜山區長樂里5鄰文禾路197號八樓之6,68,6800700,6800700-000,5鄰,文禾路,,,,,,197號八樓之6,121.388339817163,25.0524057665397
桃園市龜山區長樂里5鄰文禾路197號八樓之7,68,6800700,6800700-000,5鄰,文禾路,,,,,,197號八樓之7,121.388339817163,25.0524057665397
桃園市龜山區長樂里5鄰文禾路197號九樓之1,68,6800700,6800700-000,5鄰,文禾路,,,,,,197號九樓之1,121.388339817163,25.0524057665397
桃園市龜山區長樂里5鄰文禾路197號九樓之2,68,6800700,6800700-000,5鄰,文禾路,,,,,,197號九樓之2,121.388339817163,25.0524057665397
桃園市龜山區長樂里5鄰文禾路197號九樓之3,68,6800700,6800700-000,5鄰,文禾路,,,,,,197號九樓之3,121.388339817163,25.0524057665397
桃園市龜山區長樂里5鄰文禾路197號九樓之5,68,6800700,6800700-000,5鄰,文禾路,,,,,,197號九樓之5,121.388339817163,25.0524057665397
桃園市龜山區長樂里5鄰文禾路197號九樓之6,68,6800700,6800700-000,5鄰,文禾路,,,,,,197號九樓之6,121.388339817163,25.0524057665397
桃園市龜山區長樂里5鄰文禾路197號九樓之7,68,6800700,6800700-000,5鄰,文禾路,,,,,,197號九樓之7,121.388339817163,25.0524057665397
桃園市龜山區長樂里5鄰文禾路197號十一樓之1,68,6800700,6800700-000,5鄰,文禾路,,,,,,197號十一樓之1,121.388339817163,25.0524057665397
桃園市龜山區長樂里5鄰文禾路197號十一樓之2,68,6800700,6800700-000,5鄰,文禾路,,,,,,197號十一樓之2,121.388339817163,25.0524057665397
桃園市龜山區長樂里5鄰文禾路197號十一樓之3,68,6800700,6800700-000,5鄰,文禾路,,,,,,197號十一樓之3,121.388339817163,25.0524057665397
桃園市龜山區長樂里5鄰文禾路197號十一樓之5,68,6800700,6800700-000,5鄰,文禾路,,,,,,197號十一樓之5,121.388339817163,25.0524057665397
桃園市龜山區長樂里5鄰文禾路197號十一樓之6,68,6800700,6800700-000,5鄰,文禾路,,,,,,197號十一樓之6,121.388339817163,25.0524057665397
桃園市龜山區長樂里5鄰文禾路197號十一樓之7,68,6800700,6800700-000,5鄰,文禾路,,,,,,197號十一樓之7,121.388339817163,25.0524057665397
桃園市龜山區長樂里5鄰文禾路197號十二樓之1,68,6800700,6800700-000,5鄰,文禾路,,,,,,197號十二樓之1,121.388339817163,25.0524057665397
桃園市龜山區長樂里5鄰文禾路197號十二樓之2,68,6800700,6800700-000,5鄰,文禾路,,,,,,197號十二樓之2,121.388339817163,25.0524057665397
桃園市龜山區長樂里5鄰文禾路197號十二樓之3,68,6800700,6800700-000,5鄰,文禾路,,,,,,197號十二樓之3,121.388339817163,25.0524057665397
桃園市龜山區長樂里5鄰文禾路197號十二樓之5,68,6800700,6800700-000,5鄰,文禾路,,,,,,197號十二樓之5,121.388339817163,25.0524057665397
桃園市龜山區長樂里5鄰文禾路197號十二樓之6,68,6800700,6800700-000,5鄰,文禾路,,,,,,197號十二樓之6,121.388339817163,25.0524057665397
桃園市龜山區長樂里5鄰文禾路197號十二樓之7,68,6800700,6800700-000,5鄰,文禾路,,,,,,197號十二樓之7,121.388339817163,25.0524057665397
桃園市龜山區長樂里5鄰文禾路197號十三樓之1,68,6800700,6800700-000,5鄰,文禾路,,,,,,197號十三樓之1,121.388339817163,25.0524057665397
桃園市龜山區長樂里5鄰文禾路197號十三樓之2,68,6800700,6800700-000,5鄰,文禾路,,,,,,197號十三樓之2,121.388339817163,25.0524057665397
桃園市龜山區長樂里5鄰文禾路197號十三樓之3,68,6800700,6800700-000,5鄰,文禾路,,,,,,197號十三樓之3,121.388339817163,25.0524057665397
桃園市龜山區長樂里5鄰文禾路197號十三樓之5,68,6800700,6800700-000,5鄰,文禾路,,,,,,197號十三樓之5,121.388339817163,25.0524057665397
桃園市龜山區長樂里5鄰文禾路197號十三樓之6,68,6800700,6800700-000,5鄰,文禾路,,,,,,197號十三樓之6,121.388339817163,25.0524057665397
桃園市龜山區長樂里5鄰文禾路197號十三樓之7,68,6800700,6800700-000,5鄰,文禾路,,,,,,197號十三樓之7,121.388339817163,25.0524057665397
桃園市龜山區長樂里5鄰文禾路197號十四樓之1,68,6800700,6800700-000,5鄰,文禾路,,,,,,197號十四樓之1,121.388339817163,25.0524057665397
桃園市龜山區長樂里5鄰文禾路197號十四樓之2,68,6800700,6800700-000,5鄰,文禾路,,,,,,197號十四樓之2,121.388339817163,25.0524057665397
桃園市龜山區長樂里5鄰文禾路197號十四樓之3,68,6800700,6800700-000,5鄰,文禾路,,,,,,197號十四樓之3,121.388339817163,25.0524057665397
桃園市龜山區長樂里5鄰文禾路197號十四樓之5,68,6800700,6800700-000,5鄰,文禾路,,,,,,197號十四樓之5,121.388339817163,25.0524057665397
桃園市龜山區長樂里5鄰文禾路197號十四樓之6,68,6800700,6800700-000,5鄰,文禾路,,,,,,197號十四樓之6,121.388339817163,25.0524057665397
桃園市龜山區長樂里5鄰文禾路197號十四樓之7,68,6800700,6800700-000,5鄰,文禾路,,,,,,197號十四樓之7,121.388339817163,25.0524057665397
桃園市龜山區長樂里5鄰文禾路197號十五樓之1,68,6800700,6800700-000,5鄰,文禾路,,,,,,197號十五樓之1,121.388339817163,25.0524057665397
桃園市龜山區長樂里5鄰文禾路197號十五樓之2,68,6800700,6800700-000,5鄰,文禾路,,,,,,197號十五樓之2,121.388339817163,25.0524057665397
桃園市龜山區長樂里5鄰文禾路197號十五樓之3,68,6800700,6800700-000,5鄰,文禾路,,,,,,197號十五樓之3,121.388339817163,25.0524057665397
桃園市龜山區長樂里5鄰文禾路197號十五樓之5,68,6800700,6800700-000,5鄰,文禾路,,,,,,197號十五樓之5,121.388339817163,25.0524057665397
桃園市龜山區長樂里5鄰文禾路197號十五樓之6,68,6800700,6800700-000,5鄰,文禾路,,,,,,197號十五樓之6,121.388339817163,25.0524057665397
桃園市龜山區長樂里5鄰文禾路197號十五樓之7,68,6800700,6800700-000,5鄰,文禾路,,,,,,197號十五樓之7,121.388339817163,25.0524057665397
桃園市龜山區長樂里5鄰文禾路197號十六樓之1,68,6800700,6800700-000,5鄰,文禾路,,,,,,197號十六樓之1,121.388339817163,25.0524057665397
桃園市龜山區長樂里5鄰文禾路197號十六樓之2,68,6800700,6800700-000,5鄰,文禾路,,,,,,197號十六樓之2,121.388339817163,25.0524057665397
桃園市龜山區長樂里5鄰文禾路197號十六樓之3,68,6800700,6800700-000,5鄰,文禾路,,,,,,197號十六樓之3,121.388339817163,25.0524057665397
桃園市龜山區長樂里5鄰文禾路197號十六樓之5,68,6800700,6800700-000,5鄰,文禾路,,,,,,197號十六樓之5,121.388339817163,25.0524057665397
桃園市龜山區長樂里5鄰文禾路197號十六樓之6,68,6800700,6800700-000,5鄰,文禾路,,,,,,197號十六樓之6,121.388339817163,25.0524057665397
桃園市龜山區長樂里5鄰文禾路197號十六樓之7,68,6800700,6800700-000,5鄰,文禾路,,,,,,197號十六樓之7,121.388339817163,25.0524057665397
桃園市龜山區長樂里5鄰文禾路197號十七樓之1,68,6800700,6800700-000,5鄰,文禾路,,,,,,197號十七樓之1,121.388339817163,25.0524057665397
桃園市龜山區長樂里5鄰文禾路197號十七樓之2,68,6800700,6800700-000,5鄰,文禾路,,,,,,197號十七樓之2,121.388339817163,25.0524057665397
桃園市龜山區長樂里5鄰文禾路197號十七樓之3,68,6800700,6800700-000,5鄰,文禾路,,,,,,197號十七樓之3,121.388339817163,25.0524057665397
桃園市龜山區長樂里5鄰文禾路197號十七樓之5,68,6800700,6800700-000,5鄰,文禾路,,,,,,197號十七樓之5,121.388339817163,25.0524057665397
桃園市龜山區長樂里5鄰文禾路197號十七樓之6,68,6800700,6800700-000,5鄰,文禾路,,,,,,197號十七樓之6,121.388339817163,25.0524057665397
桃園市龜山區長樂里5鄰文禾路197號十七樓之7,68,6800700,6800700-000,5鄰,文禾路,,,,,,197號十七樓之7,121.388339817163,25.0524057665397
桃園市龜山區長樂里5鄰文禾路197號十八樓之1,68,6800700,6800700-000,5鄰,文禾路,,,,,,197號十八樓之1,121.388339817163,25.0524057665397
桃園市龜山區長樂里5鄰文禾路197號十八樓之2,68,6800700,6800700-000,5鄰,文禾路,,,,,,197號十八樓之2,121.388339817163,25.0524057665397
桃園市龜山區長樂里5鄰文禾路197號十八樓之3,68,6800700,6800700-000,5鄰,文禾路,,,,,,197號十八樓之3,121.388339817163,25.0524057665397
桃園市龜山區長樂里5鄰文禾路197號十八樓之5,68,6800700,6800700-000,5鄰,文禾路,,,,,,197號十八樓之5,121.388339817163,25.0524057665397
桃園市龜山區長樂里5鄰文禾路197號十八樓之6,68,6800700,6800700-000,5鄰,文禾路,,,,,,197號十八樓之6,121.388339817163,25.0524057665397
桃園市龜山區長樂里5鄰文禾路197號十八樓之7,68,6800700,6800700-000,5鄰,文禾路,,,,,,197號十八樓之7,121.388339817163,25.0524057665397
桃園市龜山區長樂里5鄰文禾路197號十九樓之1,68,6800700,6800700-000,5鄰,文禾路,,,,,,197號十九樓之1,121.388339817163,25.0524057665397
桃園市龜山區長樂里5鄰文禾路197號十九樓之2,68,6800700,6800700-000,5鄰,文禾路,,,,,,197號十九樓之2,121.388339817163,25.0524057665397
桃園市龜山區長樂里5鄰文禾路197號十九樓之3,68,6800700,6800700-000,5鄰,文禾路,,,,,,197號十九樓之3,121.388339817163,25.0524057665397
桃園市龜山區長樂里5鄰文禾路197號十九樓之5,68,6800700,6800700-000,5鄰,文禾路,,,,,,197號十九樓之5,121.388339817163,25.0524057665397
桃園市龜山區長樂里5鄰文禾路197號十九樓之6,68,6800700,6800700-000,5鄰,文禾路,,,,,,197號十九樓之6,121.388339817163,25.0524057665397
桃園市龜山區長樂里5鄰文禾路197號十九樓之7,68,6800700,6800700-000,5鄰,文禾路,,,,,,197號十九樓之7,121.388339817163,25.0524057665397
桃園市龜山區長樂里5鄰文禾路197號二十樓之1,68,6800700,6800700-000,5鄰,文禾路,,,,,,197號二十樓之1,121.388339817163,25.0524057665397
桃園市龜山區長樂里5鄰文禾路197號二十樓之2,68,6800700,6800700-000,5鄰,文禾路,,,,,,197號二十樓之2,121.388339817163,25.0524057665397
桃園市龜山區長樂里5鄰文禾路197號二十樓之3,68,6800700,6800700-000,5鄰,文禾路,,,,,,197號二十樓之3,121.388339817163,25.0524057665397
桃園市龜山區長樂里5鄰文禾路197號二十樓之5,68,6800700,6800700-000,5鄰,文禾路,,,,,,197號二十樓之5,121.388339817163,25.0524057665397
桃園市龜山區長樂里5鄰文禾路197號二十樓之6,68,6800700,6800700-000,5鄰,文禾路,,,,,,197號二十樓之6,121.388339817163,25.0524057665397
桃園市龜山區長樂里5鄰文禾路197號二十樓之7,68,6800700,6800700-000,5鄰,文禾路,,,,,,197號二十樓之7,121.388339817163,25.0524057665397
桃園市龜山區長樂里5鄰文禾路197號二十一樓之1,68,6800700,6800700-000,5鄰,文禾路,,,,,,197號二十一樓之1,121.388339817163,25.0524057665397
桃園市龜山區長樂里5鄰文禾路197號二十一樓之2,68,6800700,6800700-000,5鄰,文禾路,,,,,,197號二十一樓之2,121.388339817163,25.0524057665397
桃園市龜山區長樂里5鄰文禾路197號二十一樓之3,68,6800700,6800700-000,5鄰,文禾路,,,,,,197號二十一樓之3,121.388339817163,25.0524057665397
桃園市龜山區長樂里5鄰文禾路197號二十一樓之5,68,6800700,6800700-000,5鄰,文禾路,,,,,,197號二十一樓之5,121.388339817163,25.0524057665397
桃園市龜山區長樂里5鄰文禾路197號二十一樓之6,68,6800700,6800700-000,5鄰,文禾路,,,,,,197號二十一樓之6,121.388339817163,25.0524057665397
桃園市龜山區長樂里5鄰文禾路197號二十一樓之7,68,6800700,6800700-000,5鄰,文禾路,,,,,,197號二十一樓之7,121.388339817163,25.0524057665397
桃園市龜山區長樂里5鄰文禾路197號二十二樓之1,68,6800700,6800700-000,5鄰,文禾路,,,,,,197號二十二樓之1,121.388339817163,25.0524057665397
桃園市龜山區長樂里5鄰文禾路197號二十二樓之2,68,6800700,6800700-000,5鄰,文禾路,,,,,,197號二十二樓之2,121.388339817163,25.0524057665397
桃園市龜山區長樂里5鄰文禾路197號二十二樓之3,68,6800700,6800700-000,5鄰,文禾路,,,,,,197號二十二樓之3,121.388339817163,25.0524057665397
桃園市龜山區長樂里5鄰文禾路197號二十二樓之5,68,6800700,6800700-000,5鄰,文禾路,,,,,,197號二十二樓之5,121.388339817163,25.0524057665397
桃園市龜山區長樂里5鄰文禾路197號二十二樓之6,68,6800700,6800700-000,5鄰,文禾路,,,,,,197號二十二樓之6,121.388339817163,25.0524057665397
桃園市龜山區長樂里5鄰文禾路197號二十二樓之7,68,6800700,6800700-000,5鄰,文禾路,,,,,,197號二十二樓之7,121.388339817163,25.0524057665397
桃園市龜山區長樂里5鄰文禾路197號二十三樓之1,68,6800700,6800700-000,5鄰,文禾路,,,,,,197號二十三樓之1,121.388339817163,25.0524057665397
桃園市龜山區長樂里5鄰文禾路197號二十三樓之2,68,6800700,6800700-000,5鄰,文禾路,,,,,,197號二十三樓之2,121.388339817163,25.0524057665397
桃園市龜山區長樂里5鄰文禾路197號二十三樓之3,68,6800700,6800700-000,5鄰,文禾路,,,,,,197號二十三樓之3,121.388339817163,25.0524057665397
桃園市龜山區長樂里5鄰文禾路197號二十三樓之5,68,6800700,6800700-000,5鄰,文禾路,,,,,,197號二十三樓之5,121.388339817163,25.0524057665397
桃園市龜山區長樂里5鄰文禾路197號二十三樓之6,68,6800700,6800700-000,5鄰,文禾路,,,,,,197號二十三樓之6,121.388339817163,25.0524057665397
桃園市龜山區長樂里5鄰文禾路197號二十三樓之7,68,6800700,6800700-000,5鄰,文禾路,,,,,,197號二十三樓之7,121.388339817163,25.0524057665397
桃園市龜山區長樂里5鄰文禾路197號二十四樓之1,68,6800700,6800700-000,5鄰,文禾路,,,,,,197號二十四樓之1,121.388339817163,25.0524057665397
桃園市龜山區長樂里5鄰文禾路197號二十四樓之2,68,6800700,6800700-000,5鄰,文禾路,,,,,,197號二十四樓之2,121.388339817163,25.0524057665397
桃園市龜山區長樂里5鄰文禾路197號二十四樓之3,68,6800700,6800700-000,5鄰,文禾路,,,,,,197號二十四樓之3,121.388339817163,25.0524057665397
桃園市龜山區長樂里5鄰文禾路197號二十四樓之5,68,6800700,6800700-000,5鄰,文禾路,,,,,,197號二十四樓之5,121.388339817163,25.0524057665397
桃園市龜山區長樂里5鄰文禾路197號二十四樓之6,68,6800700,6800700-000,5鄰,文禾路,,,,,,197號二十四樓之6,121.388339817163,25.0524057665397
桃園市龜山區長樂里5鄰文禾路197號二十四樓之7,68,6800700,6800700-000,5鄰,文禾路,,,,,,197號二十四樓之7,121.388339817163,25.0524057665397
桃園市龜山區長樂里1鄰文禾路198號,68,6800700,6800700-000,1鄰,文禾路,,,,,,198號,121.388484182504,25.0516393474948
桃園市龜山區長樂里1鄰文禾路198號十樓,68,6800700,6800700-000,1鄰,文禾路,,,,,,198號十樓,121.388484182504,25.0516393474948
桃園市龜山區長樂里1鄰文禾路198號二樓,68,6800700,6800700-000,1鄰,文禾路,,,,,,198號二樓,121.388484182504,25.0516393474948
桃園市龜山區長樂里1鄰文禾路198號三樓,68,6800700,6800700-000,1鄰,文禾路,,,,,,198號三樓,121.388484182504,25.0516393474948
桃園市龜山區長樂里1鄰文禾路198號四樓,68,6800700,6800700-000,1鄰,文禾路,,,,,,198號四樓,121.388484182504,25.0516393474948
桃園市龜山區長樂里1鄰文禾路198號五樓,68,6800700,6800700-000,1鄰,文禾路,,,,,,198號五樓,121.388484182504,25.0516393474948
桃園市龜山區長樂里1鄰文禾路198號六樓,68,6800700,6800700-000,1鄰,文禾路,,,,,,198號六樓,121.388484182504,25.0516393474948
桃園市龜山區長樂里1鄰文禾路198號七樓,68,6800700,6800700-000,1鄰,文禾路,,,,,,198號七樓,121.388484182504,25.0516393474948
桃園市龜山區長樂里1鄰文禾路198號八樓,68,6800700,6800700-000,1鄰,文禾路,,,,,,198號八樓,121.388484182504,25.0516393474948
桃園市龜山區長樂里1鄰文禾路198號九樓,68,6800700,6800700-000,1鄰,文禾路,,,,,,198號九樓,121.388484182504,25.0516393474948
桃園市龜山區長樂里1鄰文禾路198號十一樓,68,6800700,6800700-000,1鄰,文禾路,,,,,,198號十一樓,121.388484182504,25.0516393474948
桃園市龜山區長樂里1鄰文禾路198號十二樓,68,6800700,6800700-000,1鄰,文禾路,,,,,,198號十二樓,121.388484182504,25.0516393474948
桃園市龜山區長樂里1鄰文禾路198號十三樓,68,6800700,6800700-000,1鄰,文禾路,,,,,,198號十三樓,121.388484182504,25.0516393474948
桃園市龜山區長樂里1鄰文禾路198號十四樓,68,6800700,6800700-000,1鄰,文禾路,,,,,,198號十四樓,121.388484182504,25.0516393474948
桃園市龜山區長樂里1鄰文禾路198號十五樓,68,6800700,6800700-000,1鄰,文禾路,,,,,,198號十五樓,121.388484182504,25.0516393474948
桃園市龜山區長樂里4鄰文禾路199號十樓之1,68,6800700,6800700-000,4鄰,文禾路,,,,,,199號十樓之1,121.388264778028,25.0520869066363
桃園市龜山區長樂里4鄰文禾路199號十樓之2,68,6800700,6800700-000,4鄰,文禾路,,,,,,199號十樓之2,121.388264778028,25.0520869066363
桃園市龜山區長樂里4鄰文禾路199號十樓之3,68,6800700,6800700-000,4鄰,文禾路,,,,,,199號十樓之3,121.388264778028,25.0520869066363
桃園市龜山區長樂里4鄰文禾路199號十樓之5,68,6800700,6800700-000,4鄰,文禾路,,,,,,199號十樓之5,121.388264778028,25.0520869066363
桃園市龜山區長樂里4鄰文禾路199號十樓之6,68,6800700,6800700-000,4鄰,文禾路,,,,,,199號十樓之6,121.388264778028,25.0520869066363
桃園市龜山區長樂里4鄰文禾路199號十樓之7,68,6800700,6800700-000,4鄰,文禾路,,,,,,199號十樓之7,121.388264778028,25.0520869066363
桃園市龜山區長樂里4鄰文禾路199號二樓之1,68,6800700,6800700-000,4鄰,文禾路,,,,,,199號二樓之1,121.388264778028,25.0520869066363
桃園市龜山區長樂里4鄰文禾路199號二樓之2,68,6800700,6800700-000,4鄰,文禾路,,,,,,199號二樓之2,121.388264778028,25.0520869066363
桃園市龜山區長樂里4鄰文禾路199號二樓之3,68,6800700,6800700-000,4鄰,文禾路,,,,,,199號二樓之3,121.388264778028,25.0520869066363
桃園市龜山區長樂里4鄰文禾路199號二樓之5,68,6800700,6800700-000,4鄰,文禾路,,,,,,199號二樓之5,121.388264778028,25.0520869066363
桃園市龜山區長樂里4鄰文禾路199號二樓之6,68,6800700,6800700-000,4鄰,文禾路,,,,,,199號二樓之6,121.388264778028,25.0520869066363
桃園市龜山區長樂里4鄰文禾路199號二樓之7,68,6800700,6800700-000,4鄰,文禾路,,,,,,199號二樓之7,121.388264778028,25.0520869066363
桃園市龜山區長樂里4鄰文禾路199號三樓之1,68,6800700,6800700-000,4鄰,文禾路,,,,,,199號三樓之1,121.388264778028,25.0520869066363
桃園市龜山區長樂里4鄰文禾路199號三樓之2,68,6800700,6800700-000,4鄰,文禾路,,,,,,199號三樓之2,121.388264778028,25.0520869066363
桃園市龜山區長樂里4鄰文禾路199號三樓之3,68,6800700,6800700-000,4鄰,文禾路,,,,,,199號三樓之3,121.388264778028,25.0520869066363
桃園市龜山區長樂里4鄰文禾路199號三樓之5,68,6800700,6800700-000,4鄰,文禾路,,,,,,199號三樓之5,121.388264778028,25.0520869066363
桃園市龜山區長樂里4鄰文禾路199號三樓之6,68,6800700,6800700-000,4鄰,文禾路,,,,,,199號三樓之6,121.388264778028,25.0520869066363
桃園市龜山區長樂里4鄰文禾路199號三樓之7,68,6800700,6800700-000,4鄰,文禾路,,,,,,199號三樓之7,121.388264778028,25.0520869066363
桃園市龜山區長樂里4鄰文禾路199號四樓之1,68,6800700,6800700-000,4鄰,文禾路,,,,,,199號四樓之1,121.388264778028,25.0520869066363
桃園市龜山區長樂里4鄰文禾路199號四樓之2,68,6800700,6800700-000,4鄰,文禾路,,,,,,199號四樓之2,121.388264778028,25.0520869066363
桃園市龜山區長樂里4鄰文禾路199號四樓之3,68,6800700,6800700-000,4鄰,文禾路,,,,,,199號四樓之3,121.388264778028,25.0520869066363
桃園市龜山區長樂里4鄰文禾路199號四樓之5,68,6800700,6800700-000,4鄰,文禾路,,,,,,199號四樓之5,121.388264778028,25.0520869066363
桃園市龜山區長樂里4鄰文禾路199號四樓之6,68,6800700,6800700-000,4鄰,文禾路,,,,,,199號四樓之6,121.388264778028,25.0520869066363
桃園市龜山區長樂里4鄰文禾路199號四樓之7,68,6800700,6800700-000,4鄰,文禾路,,,,,,199號四樓之7,121.388264778028,25.0520869066363
桃園市龜山區長樂里4鄰文禾路199號五樓之1,68,6800700,6800700-000,4鄰,文禾路,,,,,,199號五樓之1,121.388264778028,25.0520869066363
桃園市龜山區長樂里4鄰文禾路199號五樓之2,68,6800700,6800700-000,4鄰,文禾路,,,,,,199號五樓之2,121.388264778028,25.0520869066363
桃園市龜山區長樂里4鄰文禾路199號五樓之3,68,6800700,6800700-000,4鄰,文禾路,,,,,,199號五樓之3,121.388264778028,25.0520869066363
桃園市龜山區長樂里4鄰文禾路199號五樓之5,68,6800700,6800700-000,4鄰,文禾路,,,,,,199號五樓之5,121.388264778028,25.0520869066363
桃園市龜山區長樂里4鄰文禾路199號五樓之6,68,6800700,6800700-000,4鄰,文禾路,,,,,,199號五樓之6,121.388264778028,25.0520869066363
桃園市龜山區長樂里4鄰文禾路199號五樓之7,68,6800700,6800700-000,4鄰,文禾路,,,,,,199號五樓之7,121.388264778028,25.0520869066363
桃園市龜山區長樂里4鄰文禾路199號六樓之1,68,6800700,6800700-000,4鄰,文禾路,,,,,,199號六樓之1,121.388264778028,25.0520869066363
桃園市龜山區長樂里4鄰文禾路199號六樓之2,68,6800700,6800700-000,4鄰,文禾路,,,,,,199號六樓之2,121.388264778028,25.0520869066363
桃園市龜山區長樂里4鄰文禾路199號六樓之3,68,6800700,6800700-000,4鄰,文禾路,,,,,,199號六樓之3,121.388264778028,25.0520869066363
桃園市龜山區長樂里4鄰文禾路199號六樓之5,68,6800700,6800700-000,4鄰,文禾路,,,,,,199號六樓之5,121.388264778028,25.0520869066363
桃園市龜山區長樂里4鄰文禾路199號六樓之6,68,6800700,6800700-000,4鄰,文禾路,,,,,,199號六樓之6,121.388264778028,25.0520869066363
桃園市龜山區長樂里4鄰文禾路199號六樓之7,68,6800700,6800700-000,4鄰,文禾路,,,,,,199號六樓之7,121.388264778028,25.0520869066363
桃園市龜山區長樂里4鄰文禾路199號七樓之1,68,6800700,6800700-000,4鄰,文禾路,,,,,,199號七樓之1,121.388264778028,25.0520869066363
桃園市龜山區長樂里4鄰文禾路199號七樓之2,68,6800700,6800700-000,4鄰,文禾路,,,,,,199號七樓之2,121.388264778028,25.0520869066363
桃園市龜山區長樂里4鄰文禾路199號七樓之3,68,6800700,6800700-000,4鄰,文禾路,,,,,,199號七樓之3,121.388264778028,25.0520869066363
桃園市龜山區長樂里4鄰文禾路199號七樓之5,68,6800700,6800700-000,4鄰,文禾路,,,,,,199號七樓之5,121.388264778028,25.0520869066363
桃園市龜山區長樂里4鄰文禾路199號七樓之6,68,6800700,6800700-000,4鄰,文禾路,,,,,,199號七樓之6,121.388264778028,25.0520869066363
桃園市龜山區長樂里4鄰文禾路199號七樓之7,68,6800700,6800700-000,4鄰,文禾路,,,,,,199號七樓之7,121.388264778028,25.0520869066363
桃園市龜山區長樂里4鄰文禾路199號八樓之1,68,6800700,6800700-000,4鄰,文禾路,,,,,,199號八樓之1,121.388264778028,25.0520869066363
桃園市龜山區長樂里4鄰文禾路199號八樓之2,68,6800700,6800700-000,4鄰,文禾路,,,,,,199號八樓之2,121.388264778028,25.0520869066363
桃園市龜山區長樂里4鄰文禾路199號八樓之3,68,6800700,6800700-000,4鄰,文禾路,,,,,,199號八樓之3,121.388264778028,25.0520869066363
桃園市龜山區長樂里4鄰文禾路199號八樓之5,68,6800700,6800700-000,4鄰,文禾路,,,,,,199號八樓之5,121.388264778028,25.0520869066363
桃園市龜山區長樂里4鄰文禾路199號八樓之6,68,6800700,6800700-000,4鄰,文禾路,,,,,,199號八樓之6,121.388264778028,25.0520869066363
桃園市龜山區長樂里4鄰文禾路199號八樓之7,68,6800700,6800700-000,4鄰,文禾路,,,,,,199號八樓之7,121.388264778028,25.0520869066363
桃園市龜山區長樂里4鄰文禾路199號九樓之1,68,6800700,6800700-000,4鄰,文禾路,,,,,,199號九樓之1,121.388264778028,25.0520869066363
桃園市龜山區長樂里4鄰文禾路199號九樓之2,68,6800700,6800700-000,4鄰,文禾路,,,,,,199號九樓之2,121.388264778028,25.0520869066363
桃園市龜山區長樂里4鄰文禾路199號九樓之3,68,6800700,6800700-000,4鄰,文禾路,,,,,,199號九樓之3,121.388264778028,25.0520869066363
桃園市龜山區長樂里4鄰文禾路199號九樓之5,68,6800700,6800700-000,4鄰,文禾路,,,,,,199號九樓之5,121.388264778028,25.0520869066363
桃園市龜山區長樂里4鄰文禾路199號九樓之6,68,6800700,6800700-000,4鄰,文禾路,,,,,,199號九樓之6,121.388264778028,25.0520869066363
桃園市龜山區長樂里4鄰文禾路199號九樓之7,68,6800700,6800700-000,4鄰,文禾路,,,,,,199號九樓之7,121.388264778028,25.0520869066363
桃園市龜山區長樂里4鄰文禾路199號十一樓之1,68,6800700,6800700-000,4鄰,文禾路,,,,,,199號十一樓之1,121.388264778028,25.0520869066363
桃園市龜山區長樂里4鄰文禾路199號十一樓之2,68,6800700,6800700-000,4鄰,文禾路,,,,,,199號十一樓之2,121.388264778028,25.0520869066363
桃園市龜山區長樂里4鄰文禾路199號十一樓之3,68,6800700,6800700-000,4鄰,文禾路,,,,,,199號十一樓之3,121.388264778028,25.0520869066363
桃園市龜山區長樂里4鄰文禾路199號十一樓之5,68,6800700,6800700-000,4鄰,文禾路,,,,,,199號十一樓之5,121.388264778028,25.0520869066363
桃園市龜山區長樂里4鄰文禾路199號十一樓之6,68,6800700,6800700-000,4鄰,文禾路,,,,,,199號十一樓之6,121.388264778028,25.0520869066363
桃園市龜山區長樂里4鄰文禾路199號十一樓之7,68,6800700,6800700-000,4鄰,文禾路,,,,,,199號十一樓之7,121.388264778028,25.0520869066363
桃園市龜山區長樂里4鄰文禾路199號十二樓之1,68,6800700,6800700-000,4鄰,文禾路,,,,,,199號十二樓之1,121.388264778028,25.0520869066363
桃園市龜山區長樂里4鄰文禾路199號十二樓之2,68,6800700,6800700-000,4鄰,文禾路,,,,,,199號十二樓之2,121.388264778028,25.0520869066363
桃園市龜山區長樂里4鄰文禾路199號十二樓之3,68,6800700,6800700-000,4鄰,文禾路,,,,,,199號十二樓之3,121.388264778028,25.0520869066363
桃園市龜山區長樂里4鄰文禾路199號十二樓之5,68,6800700,6800700-000,4鄰,文禾路,,,,,,199號十二樓之5,121.388264778028,25.0520869066363
桃園市龜山區長樂里4鄰文禾路199號十二樓之6,68,6800700,6800700-000,4鄰,文禾路,,,,,,199號十二樓之6,121.388264778028,25.0520869066363
桃園市龜山區長樂里4鄰文禾路199號十二樓之7,68,6800700,6800700-000,4鄰,文禾路,,,,,,199號十二樓之7,121.388264778028,25.0520869066363
桃園市龜山區長樂里4鄰文禾路199號十三樓之1,68,6800700,6800700-000,4鄰,文禾路,,,,,,199號十三樓之1,121.388264778028,25.0520869066363
桃園市龜山區長樂里4鄰文禾路199號十三樓之2,68,6800700,6800700-000,4鄰,文禾路,,,,,,199號十三樓之2,121.388264778028,25.0520869066363
桃園市龜山區長樂里4鄰文禾路199號十三樓之3,68,6800700,6800700-000,4鄰,文禾路,,,,,,199號十三樓之3,121.388264778028,25.0520869066363
桃園市龜山區長樂里4鄰文禾路199號十三樓之5,68,6800700,6800700-000,4鄰,文禾路,,,,,,199號十三樓之5,121.388264778028,25.0520869066363
桃園市龜山區長樂里4鄰文禾路199號十三樓之6,68,6800700,6800700-000,4鄰,文禾路,,,,,,199號十三樓之6,121.388264778028,25.0520869066363
桃園市龜山區長樂里4鄰文禾路199號十三樓之7,68,6800700,6800700-000,4鄰,文禾路,,,,,,199號十三樓之7,121.388264778028,25.0520869066363
桃園市龜山區長樂里4鄰文禾路199號十四樓之1,68,6800700,6800700-000,4鄰,文禾路,,,,,,199號十四樓之1,121.388264778028,25.0520869066363
桃園市龜山區長樂里4鄰文禾路199號十四樓之2,68,6800700,6800700-000,4鄰,文禾路,,,,,,199號十四樓之2,121.388264778028,25.0520869066363
桃園市龜山區長樂里4鄰文禾路199號十四樓之3,68,6800700,6800700-000,4鄰,文禾路,,,,,,199號十四樓之3,121.388264778028,25.0520869066363
桃園市龜山區長樂里4鄰文禾路199號十四樓之5,68,6800700,6800700-000,4鄰,文禾路,,,,,,199號十四樓之5,121.388264778028,25.0520869066363
桃園市龜山區長樂里4鄰文禾路199號十四樓之6,68,6800700,6800700-000,4鄰,文禾路,,,,,,199號十四樓之6,121.388264778028,25.0520869066363
桃園市龜山區長樂里4鄰文禾路199號十四樓之7,68,6800700,6800700-000,4鄰,文禾路,,,,,,199號十四樓之7,121.388264778028,25.0520869066363
桃園市龜山區長樂里4鄰文禾路199號十五樓之1,68,6800700,6800700-000,4鄰,文禾路,,,,,,199號十五樓之1,121.388264778028,25.0520869066363
桃園市龜山區長樂里4鄰文禾路199號十五樓之2,68,6800700,6800700-000,4鄰,文禾路,,,,,,199號十五樓之2,121.388264778028,25.0520869066363
桃園市龜山區長樂里4鄰文禾路199號十五樓之3,68,6800700,6800700-000,4鄰,文禾路,,,,,,199號十五樓之3,121.388264778028,25.0520869066363
桃園市龜山區長樂里4鄰文禾路199號十五樓之5,68,6800700,6800700-000,4鄰,文禾路,,,,,,199號十五樓之5,121.388264778028,25.0520869066363
桃園市龜山區長樂里4鄰文禾路199號十五樓之6,68,6800700,6800700-000,4鄰,文禾路,,,,,,199號十五樓之6,121.388264778028,25.0520869066363
桃園市龜山區長樂里4鄰文禾路199號十五樓之7,68,6800700,6800700-000,4鄰,文禾路,,,,,,199號十五樓之7,121.388264778028,25.0520869066363
桃園市龜山區長樂里4鄰文禾路199號十六樓之1,68,6800700,6800700-000,4鄰,文禾路,,,,,,199號十六樓之1,121.388264778028,25.0520869066363
桃園市龜山區長樂里4鄰文禾路199號十六樓之2,68,6800700,6800700-000,4鄰,文禾路,,,,,,199號十六樓之2,121.388264778028,25.0520869066363
桃園市龜山區長樂里4鄰文禾路199號十六樓之3,68,6800700,6800700-000,4鄰,文禾路,,,,,,199號十六樓之3,121.388264778028,25.0520869066363
桃園市龜山區長樂里4鄰文禾路199號十六樓之5,68,6800700,6800700-000,4鄰,文禾路,,,,,,199號十六樓之5,121.388264778028,25.0520869066363
桃園市龜山區長樂里4鄰文禾路199號十六樓之6,68,6800700,6800700-000,4鄰,文禾路,,,,,,199號十六樓之6,121.388264778028,25.0520869066363
桃園市龜山區長樂里4鄰文禾路199號十六樓之7,68,6800700,6800700-000,4鄰,文禾路,,,,,,199號十六樓之7,121.388264778028,25.0520869066363
桃園市龜山區長樂里4鄰文禾路199號十七樓之1,68,6800700,6800700-000,4鄰,文禾路,,,,,,199號十七樓之1,121.388264778028,25.0520869066363
桃園市龜山區長樂里4鄰文禾路199號十七樓之2,68,6800700,6800700-000,4鄰,文禾路,,,,,,199號十七樓之2,121.388264778028,25.0520869066363
桃園市龜山區長樂里4鄰文禾路199號十七樓之3,68,6800700,6800700-000,4鄰,文禾路,,,,,,199號十七樓之3,121.388264778028,25.0520869066363
桃園市龜山區長樂里4鄰文禾路199號十七樓之5,68,6800700,6800700-000,4鄰,文禾路,,,,,,199號十七樓之5,121.388264778028,25.0520869066363
桃園市龜山區長樂里4鄰文禾路199號十七樓之6,68,6800700,6800700-000,4鄰,文禾路,,,,,,199號十七樓之6,121.388264778028,25.0520869066363
桃園市龜山區長樂里4鄰文禾路199號十七樓之7,68,6800700,6800700-000,4鄰,文禾路,,,,,,199號十七樓之7,121.388264778028,25.0520869066363
桃園市龜山區長樂里4鄰文禾路199號十八樓之1,68,6800700,6800700-000,4鄰,文禾路,,,,,,199號十八樓之1,121.388264778028,25.0520869066363
桃園市龜山區長樂里4鄰文禾路199號十八樓之2,68,6800700,6800700-000,4鄰,文禾路,,,,,,199號十八樓之2,121.388264778028,25.0520869066363
桃園市龜山區長樂里4鄰文禾路199號十八樓之3,68,6800700,6800700-000,4鄰,文禾路,,,,,,199號十八樓之3,121.388264778028,25.0520869066363
桃園市龜山區長樂里4鄰文禾路199號十八樓之5,68,6800700,6800700-000,4鄰,文禾路,,,,,,199號十八樓之5,121.388264778028,25.0520869066363
桃園市龜山區長樂里4鄰文禾路199號十八樓之6,68,6800700,6800700-000,4鄰,文禾路,,,,,,199號十八樓之6,121.388264778028,25.0520869066363
桃園市龜山區長樂里4鄰文禾路199號十八樓之7,68,6800700,6800700-000,4鄰,文禾路,,,,,,199號十八樓之7,121.388264778028,25.0520869066363
桃園市龜山區長樂里4鄰文禾路199號十九樓之1,68,6800700,6800700-000,4鄰,文禾路,,,,,,199號十九樓之1,121.388264778028,25.0520869066363
桃園市龜山區長樂里4鄰文禾路199號十九樓之2,68,6800700,6800700-000,4鄰,文禾路,,,,,,199號十九樓之2,121.388264778028,25.0520869066363
桃園市龜山區長樂里4鄰文禾路199號十九樓之3,68,6800700,6800700-000,4鄰,文禾路,,,,,,199號十九樓之3,121.388264778028,25.0520869066363
桃園市龜山區長樂里4鄰文禾路199號十九樓之5,68,6800700,6800700-000,4鄰,文禾路,,,,,,199號十九樓之5,121.388264778028,25.0520869066363
桃園市龜山區長樂里4鄰文禾路199號十九樓之6,68,6800700,6800700-000,4鄰,文禾路,,,,,,199號十九樓之6,121.388264778028,25.0520869066363
桃園市龜山區長樂里4鄰文禾路199號十九樓之7,68,6800700,6800700-000,4鄰,文禾路,,,,,,199號十九樓之7,121.388264778028,25.0520869066363
桃園市龜山區長樂里4鄰文禾路199號二十樓之1,68,6800700,6800700-000,4鄰,文禾路,,,,,,199號二十樓之1,121.388264778028,25.0520869066363
桃園市龜山區長樂里4鄰文禾路199號二十樓之2,68,6800700,6800700-000,4鄰,文禾路,,,,,,199號二十樓之2,121.388264778028,25.0520869066363
桃園市龜山區長樂里4鄰文禾路199號二十樓之3,68,6800700,6800700-000,4鄰,文禾路,,,,,,199號二十樓之3,121.388264778028,25.0520869066363
桃園市龜山區長樂里4鄰文禾路199號二十樓之5,68,6800700,6800700-000,4鄰,文禾路,,,,,,199號二十樓之5,121.388264778028,25.0520869066363
桃園市龜山區長樂里4鄰文禾路199號二十樓之6,68,6800700,6800700-000,4鄰,文禾路,,,,,,199號二十樓之6,121.388264778028,25.0520869066363
桃園市龜山區長樂里4鄰文禾路199號二十樓之7,68,6800700,6800700-000,4鄰,文禾路,,,,,,199號二十樓之7,121.388264778028,25.0520869066363
桃園市龜山區長樂里4鄰文禾路199號二十一樓之1,68,6800700,6800700-000,4鄰,文禾路,,,,,,199號二十一樓之1,121.388264778028,25.0520869066363
桃園市龜山區長樂里4鄰文禾路199號二十一樓之2,68,6800700,6800700-000,4鄰,文禾路,,,,,,199號二十一樓之2,121.388264778028,25.0520869066363
桃園市龜山區長樂里4鄰文禾路199號二十一樓之3,68,6800700,6800700-000,4鄰,文禾路,,,,,,199號二十一樓之3,121.388264778028,25.0520869066363
桃園市龜山區長樂里4鄰文禾路199號二十一樓之5,68,6800700,6800700-000,4鄰,文禾路,,,,,,199號二十一樓之5,121.388264778028,25.0520869066363
桃園市龜山區長樂里4鄰文禾路199號二十一樓之6,68,6800700,6800700-000,4鄰,文禾路,,,,,,199號二十一樓之6,121.388264778028,25.0520869066363
桃園市龜山區長樂里4鄰文禾路199號二十一樓之7,68,6800700,6800700-000,4鄰,文禾路,,,,,,199號二十一樓之7,121.388264778028,25.0520869066363
桃園市龜山區長樂里4鄰文禾路199號二十二樓之1,68,6800700,6800700-000,4鄰,文禾路,,,,,,199號二十二樓之1,121.388264778028,25.0520869066363
桃園市龜山區長樂里4鄰文禾路199號二十二樓之2,68,6800700,6800700-000,4鄰,文禾路,,,,,,199號二十二樓之2,121.388264778028,25.0520869066363
桃園市龜山區長樂里4鄰文禾路199號二十二樓之3,68,6800700,6800700-000,4鄰,文禾路,,,,,,199號二十二樓之3,121.388264778028,25.0520869066363
桃園市龜山區長樂里4鄰文禾路199號二十二樓之5,68,6800700,6800700-000,4鄰,文禾路,,,,,,199號二十二樓之5,121.388264778028,25.0520869066363
桃園市龜山區長樂里4鄰文禾路199號二十二樓之6,68,6800700,6800700-000,4鄰,文禾路,,,,,,199號二十二樓之6,121.388264778028,25.0520869066363
桃園市龜山區長樂里4鄰文禾路199號二十二樓之7,68,6800700,6800700-000,4鄰,文禾路,,,,,,199號二十二樓之7,121.388264778028,25.0520869066363
桃園市龜山區長樂里4鄰文禾路199號二十三樓之1,68,6800700,6800700-000,4鄰,文禾路,,,,,,199號二十三樓之1,121.388264778028,25.0520869066363
桃園市龜山區長樂里4鄰文禾路199號二十三樓之2,68,6800700,6800700-000,4鄰,文禾路,,,,,,199號二十三樓之2,121.388264778028,25.0520869066363
桃園市龜山區長樂里4鄰文禾路199號二十三樓之3,68,6800700,6800700-000,4鄰,文禾路,,,,,,199號二十三樓之3,121.388264778028,25.0520869066363
桃園市龜山區長樂里4鄰文禾路199號二十三樓之5,68,6800700,6800700-000,4鄰,文禾路,,,,,,199號二十三樓之5,121.388264778028,25.0520869066363
桃園市龜山區長樂里4鄰文禾路199號二十三樓之6,68,6800700,6800700-000,4鄰,文禾路,,,,,,199號二十三樓之6,121.388264778028,25.0520869066363
桃園市龜山區長樂里4鄰文禾路199號二十三樓之7,68,6800700,6800700-000,4鄰,文禾路,,,,,,199號二十三樓之7,121.388264778028,25.0520869066363
桃園市龜山區長樂里1鄰文禾路200號,68,6800700,6800700-000,1鄰,文禾路,,,,,,200號,121.388816769075,25.0515694116655
桃園市龜山區長樂里1鄰文禾路200號十樓,68,6800700,6800700-000,1鄰,文禾路,,,,,,200號十樓,121.388816769075,25.0515694116655
桃園市龜山區長樂里1鄰文禾路200號五樓,68,6800700,6800700-000,1鄰,文禾路,,,,,,200號五樓,121.388816769075,25.0515694116655
桃園市龜山區長樂里1鄰文禾路200號六樓,68,6800700,6800700-000,1鄰,文禾路,,,,,,200號六樓,121.388816769075,25.0515694116655
桃園市龜山區長樂里1鄰文禾路200號七樓,68,6800700,6800700-000,1鄰,文禾路,,,,,,200號七樓,121.388816769075,25.0515694116655
桃園市龜山區長樂里1鄰文禾路200號八樓,68,6800700,6800700-000,1鄰,文禾路,,,,,,200號八樓,121.388816769075,25.0515694116655
桃園市龜山區長樂里1鄰文禾路200號九樓,68,6800700,6800700-000,1鄰,文禾路,,,,,,200號九樓,121.388816769075,25.0515694116655
桃園市龜山區長樂里1鄰文禾路200號十一樓,68,6800700,6800700-000,1鄰,文禾路,,,,,,200號十一樓,121.388816769075,25.0515694116655
桃園市龜山區長樂里1鄰文禾路200號十二樓,68,6800700,6800700-000,1鄰,文禾路,,,,,,200號十二樓,121.388816769075,25.0515694116655
桃園市龜山區長樂里1鄰文禾路200號十三樓,68,6800700,6800700-000,1鄰,文禾路,,,,,,200號十三樓,121.388816769075,25.0515694116655
桃園市龜山區長樂里1鄰文禾路200號十四樓,68,6800700,6800700-000,1鄰,文禾路,,,,,,200號十四樓,121.388816769075,25.0515694116655
桃園市龜山區長樂里1鄰文禾路200號十五樓,68,6800700,6800700-000,1鄰,文禾路,,,,,,200號十五樓,121.388816769075,25.0515694116655
桃園市龜山區長樂里4鄰文禾路201號十樓之1,68,6800700,6800700-000,4鄰,文禾路,,,,,,201號十樓之1,121.388063012677,25.0520305563284
桃園市龜山區長樂里4鄰文禾路201號十樓之2,68,6800700,6800700-000,4鄰,文禾路,,,,,,201號十樓之2,121.388063012677,25.0520305563284
桃園市龜山區長樂里4鄰文禾路201號十樓之3,68,6800700,6800700-000,4鄰,文禾路,,,,,,201號十樓之3,121.388063012677,25.0520305563284
桃園市龜山區長樂里4鄰文禾路201號十樓之5,68,6800700,6800700-000,4鄰,文禾路,,,,,,201號十樓之5,121.388063012677,25.0520305563284
桃園市龜山區長樂里4鄰文禾路201號十樓之6,68,6800700,6800700-000,4鄰,文禾路,,,,,,201號十樓之6,121.388063012677,25.0520305563284
桃園市龜山區長樂里4鄰文禾路201號十樓之7,68,6800700,6800700-000,4鄰,文禾路,,,,,,201號十樓之7,121.388063012677,25.0520305563284
桃園市龜山區長樂里4鄰文禾路201號二樓之1,68,6800700,6800700-000,4鄰,文禾路,,,,,,201號二樓之1,121.388063012677,25.0520305563284
桃園市龜山區長樂里4鄰文禾路201號二樓之2,68,6800700,6800700-000,4鄰,文禾路,,,,,,201號二樓之2,121.388063012677,25.0520305563284
桃園市龜山區長樂里4鄰文禾路201號二樓之3,68,6800700,6800700-000,4鄰,文禾路,,,,,,201號二樓之3,121.388063012677,25.0520305563284
桃園市龜山區長樂里4鄰文禾路201號二樓之5,68,6800700,6800700-000,4鄰,文禾路,,,,,,201號二樓之5,121.388063012677,25.0520305563284
桃園市龜山區長樂里4鄰文禾路201號二樓之6,68,6800700,6800700-000,4鄰,文禾路,,,,,,201號二樓之6,121.388063012677,25.0520305563284
桃園市龜山區長樂里4鄰文禾路201號二樓之7,68,6800700,6800700-000,4鄰,文禾路,,,,,,201號二樓之7,121.388063012677,25.0520305563284
桃園市龜山區長樂里4鄰文禾路201號三樓之1,68,6800700,6800700-000,4鄰,文禾路,,,,,,201號三樓之1,121.388063012677,25.0520305563284
桃園市龜山區長樂里4鄰文禾路201號三樓之2,68,6800700,6800700-000,4鄰,文禾路,,,,,,201號三樓之2,121.388063012677,25.0520305563284
桃園市龜山區長樂里4鄰文禾路201號三樓之3,68,6800700,6800700-000,4鄰,文禾路,,,,,,201號三樓之3,121.388063012677,25.0520305563284
桃園市龜山區長樂里4鄰文禾路201號三樓之5,68,6800700,6800700-000,4鄰,文禾路,,,,,,201號三樓之5,121.388063012677,25.0520305563284
桃園市龜山區長樂里4鄰文禾路201號三樓之6,68,6800700,6800700-000,4鄰,文禾路,,,,,,201號三樓之6,121.388063012677,25.0520305563284
桃園市龜山區長樂里4鄰文禾路201號三樓之7,68,6800700,6800700-000,4鄰,文禾路,,,,,,201號三樓之7,121.388063012677,25.0520305563284
桃園市龜山區長樂里4鄰文禾路201號四樓之1,68,6800700,6800700-000,4鄰,文禾路,,,,,,201號四樓之1,121.388063012677,25.0520305563284
桃園市龜山區長樂里4鄰文禾路201號四樓之2,68,6800700,6800700-000,4鄰,文禾路,,,,,,201號四樓之2,121.388063012677,25.0520305563284
桃園市龜山區長樂里4鄰文禾路201號四樓之3,68,6800700,6800700-000,4鄰,文禾路,,,,,,201號四樓之3,121.388063012677,25.0520305563284
桃園市龜山區長樂里4鄰文禾路201號四樓之5,68,6800700,6800700-000,4鄰,文禾路,,,,,,201號四樓之5,121.388063012677,25.0520305563284
桃園市龜山區長樂里4鄰文禾路201號四樓之6,68,6800700,6800700-000,4鄰,文禾路,,,,,,201號四樓之6,121.388063012677,25.0520305563284
桃園市龜山區長樂里4鄰文禾路201號四樓之7,68,6800700,6800700-000,4鄰,文禾路,,,,,,201號四樓之7,121.388063012677,25.0520305563284
桃園市龜山區長樂里4鄰文禾路201號五樓之1,68,6800700,6800700-000,4鄰,文禾路,,,,,,201號五樓之1,121.388063012677,25.0520305563284
桃園市龜山區長樂里4鄰文禾路201號五樓之2,68,6800700,6800700-000,4鄰,文禾路,,,,,,201號五樓之2,121.388063012677,25.0520305563284
桃園市龜山區長樂里4鄰文禾路201號五樓之3,68,6800700,6800700-000,4鄰,文禾路,,,,,,201號五樓之3,121.388063012677,25.0520305563284
桃園市龜山區長樂里4鄰文禾路201號五樓之5,68,6800700,6800700-000,4鄰,文禾路,,,,,,201號五樓之5,121.388063012677,25.0520305563284
桃園市龜山區長樂里4鄰文禾路201號五樓之6,68,6800700,6800700-000,4鄰,文禾路,,,,,,201號五樓之6,121.388063012677,25.0520305563284
桃園市龜山區長樂里4鄰文禾路201號五樓之7,68,6800700,6800700-000,4鄰,文禾路,,,,,,201號五樓之7,121.388063012677,25.0520305563284
桃園市龜山區長樂里4鄰文禾路201號六樓之1,68,6800700,6800700-000,4鄰,文禾路,,,,,,201號六樓之1,121.388063012677,25.0520305563284
桃園市龜山區長樂里4鄰文禾路201號六樓之2,68,6800700,6800700-000,4鄰,文禾路,,,,,,201號六樓之2,121.388063012677,25.0520305563284
桃園市龜山區長樂里4鄰文禾路201號六樓之3,68,6800700,6800700-000,4鄰,文禾路,,,,,,201號六樓之3,121.388063012677,25.0520305563284
桃園市龜山區長樂里4鄰文禾路201號六樓之5,68,6800700,6800700-000,4鄰,文禾路,,,,,,201號六樓之5,121.388063012677,25.0520305563284
桃園市龜山區長樂里4鄰文禾路201號六樓之6,68,6800700,6800700-000,4鄰,文禾路,,,,,,201號六樓之6,121.388063012677,25.0520305563284
桃園市龜山區長樂里4鄰文禾路201號六樓之7,68,6800700,6800700-000,4鄰,文禾路,,,,,,201號六樓之7,121.388063012677,25.0520305563284
桃園市龜山區長樂里4鄰文禾路201號七樓之1,68,6800700,6800700-000,4鄰,文禾路,,,,,,201號七樓之1,121.388063012677,25.0520305563284
桃園市龜山區長樂里4鄰文禾路201號七樓之2,68,6800700,6800700-000,4鄰,文禾路,,,,,,201號七樓之2,121.388063012677,25.0520305563284
桃園市龜山區長樂里4鄰文禾路201號七樓之3,68,6800700,6800700-000,4鄰,文禾路,,,,,,201號七樓之3,121.388063012677,25.0520305563284
桃園市龜山區長樂里4鄰文禾路201號七樓之5,68,6800700,6800700-000,4鄰,文禾路,,,,,,201號七樓之5,121.388063012677,25.0520305563284
桃園市龜山區長樂里4鄰文禾路201號七樓之6,68,6800700,6800700-000,4鄰,文禾路,,,,,,201號七樓之6,121.388063012677,25.0520305563284
桃園市龜山區長樂里4鄰文禾路201號七樓之7,68,6800700,6800700-000,4鄰,文禾路,,,,,,201號七樓之7,121.388063012677,25.0520305563284
桃園市龜山區長樂里4鄰文禾路201號八樓之1,68,6800700,6800700-000,4鄰,文禾路,,,,,,201號八樓之1,121.388063012677,25.0520305563284
桃園市龜山區長樂里4鄰文禾路201號八樓之2,68,6800700,6800700-000,4鄰,文禾路,,,,,,201號八樓之2,121.388063012677,25.0520305563284
桃園市龜山區長樂里4鄰文禾路201號八樓之3,68,6800700,6800700-000,4鄰,文禾路,,,,,,201號八樓之3,121.388063012677,25.0520305563284
桃園市龜山區長樂里4鄰文禾路201號八樓之5,68,6800700,6800700-000,4鄰,文禾路,,,,,,201號八樓之5,121.388063012677,25.0520305563284
桃園市龜山區長樂里4鄰文禾路201號八樓之6,68,6800700,6800700-000,4鄰,文禾路,,,,,,201號八樓之6,121.388063012677,25.0520305563284
桃園市龜山區長樂里4鄰文禾路201號八樓之7,68,6800700,6800700-000,4鄰,文禾路,,,,,,201號八樓之7,121.388063012677,25.0520305563284
桃園市龜山區長樂里4鄰文禾路201號九樓之1,68,6800700,6800700-000,4鄰,文禾路,,,,,,201號九樓之1,121.388063012677,25.0520305563284
桃園市龜山區長樂里4鄰文禾路201號九樓之2,68,6800700,6800700-000,4鄰,文禾路,,,,,,201號九樓之2,121.388063012677,25.0520305563284
桃園市龜山區長樂里4鄰文禾路201號九樓之3,68,6800700,6800700-000,4鄰,文禾路,,,,,,201號九樓之3,121.388063012677,25.0520305563284
桃園市龜山區長樂里4鄰文禾路201號九樓之5,68,6800700,6800700-000,4鄰,文禾路,,,,,,201號九樓之5,121.388063012677,25.0520305563284
桃園市龜山區長樂里4鄰文禾路201號九樓之6,68,6800700,6800700-000,4鄰,文禾路,,,,,,201號九樓之6,121.388063012677,25.0520305563284
桃園市龜山區長樂里4鄰文禾路201號九樓之7,68,6800700,6800700-000,4鄰,文禾路,,,,,,201號九樓之7,121.388063012677,25.0520305563284
桃園市龜山區長樂里4鄰文禾路201號十一樓之1,68,6800700,6800700-000,4鄰,文禾路,,,,,,201號十一樓之1,121.388063012677,25.0520305563284
桃園市龜山區長樂里4鄰文禾路201號十一樓之2,68,6800700,6800700-000,4鄰,文禾路,,,,,,201號十一樓之2,121.388063012677,25.0520305563284
桃園市龜山區長樂里4鄰文禾路201號十一樓之3,68,6800700,6800700-000,4鄰,文禾路,,,,,,201號十一樓之3,121.388063012677,25.0520305563284
桃園市龜山區長樂里4鄰文禾路201號十一樓之5,68,6800700,6800700-000,4鄰,文禾路,,,,,,201號十一樓之5,121.388063012677,25.0520305563284
桃園市龜山區長樂里4鄰文禾路201號十一樓之6,68,6800700,6800700-000,4鄰,文禾路,,,,,,201號十一樓之6,121.388063012677,25.0520305563284
桃園市龜山區長樂里4鄰文禾路201號十一樓之7,68,6800700,6800700-000,4鄰,文禾路,,,,,,201號十一樓之7,121.388063012677,25.0520305563284
桃園市龜山區長樂里4鄰文禾路201號十二樓之1,68,6800700,6800700-000,4鄰,文禾路,,,,,,201號十二樓之1,121.388063012677,25.0520305563284
桃園市龜山區長樂里4鄰文禾路201號十二樓之2,68,6800700,6800700-000,4鄰,文禾路,,,,,,201號十二樓之2,121.388063012677,25.0520305563284
桃園市龜山區長樂里4鄰文禾路201號十二樓之3,68,6800700,6800700-000,4鄰,文禾路,,,,,,201號十二樓之3,121.388063012677,25.0520305563284
桃園市龜山區長樂里4鄰文禾路201號十二樓之5,68,6800700,6800700-000,4鄰,文禾路,,,,,,201號十二樓之5,121.388063012677,25.0520305563284
桃園市龜山區長樂里4鄰文禾路201號十二樓之6,68,6800700,6800700-000,4鄰,文禾路,,,,,,201號十二樓之6,121.388063012677,25.0520305563284
桃園市龜山區長樂里4鄰文禾路201號十二樓之7,68,6800700,6800700-000,4鄰,文禾路,,,,,,201號十二樓之7,121.388063012677,25.0520305563284
桃園市龜山區長樂里4鄰文禾路201號十三樓之1,68,6800700,6800700-000,4鄰,文禾路,,,,,,201號十三樓之1,121.388063012677,25.0520305563284
桃園市龜山區長樂里4鄰文禾路201號十三樓之2,68,6800700,6800700-000,4鄰,文禾路,,,,,,201號十三樓之2,121.388063012677,25.0520305563284
桃園市龜山區長樂里4鄰文禾路201號十三樓之3,68,6800700,6800700-000,4鄰,文禾路,,,,,,201號十三樓之3,121.388063012677,25.0520305563284
桃園市龜山區長樂里4鄰文禾路201號十三樓之5,68,6800700,6800700-000,4鄰,文禾路,,,,,,201號十三樓之5,121.388063012677,25.0520305563284
桃園市龜山區長樂里4鄰文禾路201號十三樓之6,68,6800700,6800700-000,4鄰,文禾路,,,,,,201號十三樓之6,121.388063012677,25.0520305563284
桃園市龜山區長樂里4鄰文禾路201號十三樓之7,68,6800700,6800700-000,4鄰,文禾路,,,,,,201號十三樓之7,121.388063012677,25.0520305563284
桃園市龜山區長樂里4鄰文禾路201號十四樓之1,68,6800700,6800700-000,4鄰,文禾路,,,,,,201號十四樓之1,121.388063012677,25.0520305563284
桃園市龜山區長樂里4鄰文禾路201號十四樓之2,68,6800700,6800700-000,4鄰,文禾路,,,,,,201號十四樓之2,121.388063012677,25.0520305563284
桃園市龜山區長樂里4鄰文禾路201號十四樓之3,68,6800700,6800700-000,4鄰,文禾路,,,,,,201號十四樓之3,121.388063012677,25.0520305563284
桃園市龜山區長樂里4鄰文禾路201號十四樓之5,68,6800700,6800700-000,4鄰,文禾路,,,,,,201號十四樓之5,121.388063012677,25.0520305563284
桃園市龜山區長樂里4鄰文禾路201號十四樓之6,68,6800700,6800700-000,4鄰,文禾路,,,,,,201號十四樓之6,121.388063012677,25.0520305563284
桃園市龜山區長樂里4鄰文禾路201號十四樓之7,68,6800700,6800700-000,4鄰,文禾路,,,,,,201號十四樓之7,121.388063012677,25.0520305563284
桃園市龜山區長樂里4鄰文禾路201號十五樓之1,68,6800700,6800700-000,4鄰,文禾路,,,,,,201號十五樓之1,121.388063012677,25.0520305563284
桃園市龜山區長樂里4鄰文禾路201號十五樓之2,68,6800700,6800700-000,4鄰,文禾路,,,,,,201號十五樓之2,121.388063012677,25.0520305563284
桃園市龜山區長樂里4鄰文禾路201號十五樓之3,68,6800700,6800700-000,4鄰,文禾路,,,,,,201號十五樓之3,121.388063012677,25.0520305563284
桃園市龜山區長樂里4鄰文禾路201號十五樓之5,68,6800700,6800700-000,4鄰,文禾路,,,,,,201號十五樓之5,121.388063012677,25.0520305563284
桃園市龜山區長樂里4鄰文禾路201號十五樓之6,68,6800700,6800700-000,4鄰,文禾路,,,,,,201號十五樓之6,121.388063012677,25.0520305563284
桃園市龜山區長樂里4鄰文禾路201號十五樓之7,68,6800700,6800700-000,4鄰,文禾路,,,,,,201號十五樓之7,121.388063012677,25.0520305563284
桃園市龜山區長樂里4鄰文禾路201號十六樓之1,68,6800700,6800700-000,4鄰,文禾路,,,,,,201號十六樓之1,121.388063012677,25.0520305563284
桃園市龜山區長樂里4鄰文禾路201號十六樓之2,68,6800700,6800700-000,4鄰,文禾路,,,,,,201號十六樓之2,121.388063012677,25.0520305563284
桃園市龜山區長樂里4鄰文禾路201號十六樓之3,68,6800700,6800700-000,4鄰,文禾路,,,,,,201號十六樓之3,121.388063012677,25.0520305563284
桃園市龜山區長樂里4鄰文禾路201號十六樓之5,68,6800700,6800700-000,4鄰,文禾路,,,,,,201號十六樓之5,121.388063012677,25.0520305563284
桃園市龜山區長樂里4鄰文禾路201號十六樓之6,68,6800700,6800700-000,4鄰,文禾路,,,,,,201號十六樓之6,121.388063012677,25.0520305563284
桃園市龜山區長樂里4鄰文禾路201號十六樓之7,68,6800700,6800700-000,4鄰,文禾路,,,,,,201號十六樓之7,121.388063012677,25.0520305563284
桃園市龜山區長樂里4鄰文禾路201號十七樓之1,68,6800700,6800700-000,4鄰,文禾路,,,,,,201號十七樓之1,121.388063012677,25.0520305563284
桃園市龜山區長樂里4鄰文禾路201號十七樓之2,68,6800700,6800700-000,4鄰,文禾路,,,,,,201號十七樓之2,121.388063012677,25.0520305563284
桃園市龜山區長樂里4鄰文禾路201號十七樓之3,68,6800700,6800700-000,4鄰,文禾路,,,,,,201號十七樓之3,121.388063012677,25.0520305563284
桃園市龜山區長樂里4鄰文禾路201號十七樓之5,68,6800700,6800700-000,4鄰,文禾路,,,,,,201號十七樓之5,121.388063012677,25.0520305563284
桃園市龜山區長樂里4鄰文禾路201號十七樓之6,68,6800700,6800700-000,4鄰,文禾路,,,,,,201號十七樓之6,121.388063012677,25.0520305563284
桃園市龜山區長樂里4鄰文禾路201號十七樓之7,68,6800700,6800700-000,4鄰,文禾路,,,,,,201號十七樓之7,121.388063012677,25.0520305563284
桃園市龜山區長樂里4鄰文禾路201號十八樓之1,68,6800700,6800700-000,4鄰,文禾路,,,,,,201號十八樓之1,121.388063012677,25.0520305563284
桃園市龜山區長樂里4鄰文禾路201號十八樓之2,68,6800700,6800700-000,4鄰,文禾路,,,,,,201號十八樓之2,121.388063012677,25.0520305563284
桃園市龜山區長樂里4鄰文禾路201號十八樓之3,68,6800700,6800700-000,4鄰,文禾路,,,,,,201號十八樓之3,121.388063012677,25.0520305563284
桃園市龜山區長樂里4鄰文禾路201號十八樓之5,68,6800700,6800700-000,4鄰,文禾路,,,,,,201號十八樓之5,121.388063012677,25.0520305563284
桃園市龜山區長樂里4鄰文禾路201號十八樓之6,68,6800700,6800700-000,4鄰,文禾路,,,,,,201號十八樓之6,121.388063012677,25.0520305563284
桃園市龜山區長樂里4鄰文禾路201號十八樓之7,68,6800700,6800700-000,4鄰,文禾路,,,,,,201號十八樓之7,121.388063012677,25.0520305563284
桃園市龜山區長樂里4鄰文禾路201號十九樓之1,68,6800700,6800700-000,4鄰,文禾路,,,,,,201號十九樓之1,121.388063012677,25.0520305563284
桃園市龜山區長樂里4鄰文禾路201號十九樓之2,68,6800700,6800700-000,4鄰,文禾路,,,,,,201號十九樓之2,121.388063012677,25.0520305563284
桃園市龜山區長樂里4鄰文禾路201號十九樓之3,68,6800700,6800700-000,4鄰,文禾路,,,,,,201號十九樓之3,121.388063012677,25.0520305563284
桃園市龜山區長樂里4鄰文禾路201號十九樓之5,68,6800700,6800700-000,4鄰,文禾路,,,,,,201號十九樓之5,121.388063012677,25.0520305563284
桃園市龜山區長樂里4鄰文禾路201號十九樓之6,68,6800700,6800700-000,4鄰,文禾路,,,,,,201號十九樓之6,121.388063012677,25.0520305563284
桃園市龜山區長樂里4鄰文禾路201號十九樓之7,68,6800700,6800700-000,4鄰,文禾路,,,,,,201號十九樓之7,121.388063012677,25.0520305563284
桃園市龜山區長樂里4鄰文禾路201號二十樓之1,68,6800700,6800700-000,4鄰,文禾路,,,,,,201號二十樓之1,121.388063012677,25.0520305563284
桃園市龜山區長樂里4鄰文禾路201號二十樓之2,68,6800700,6800700-000,4鄰,文禾路,,,,,,201號二十樓之2,121.388063012677,25.0520305563284
桃園市龜山區長樂里4鄰文禾路201號二十樓之3,68,6800700,6800700-000,4鄰,文禾路,,,,,,201號二十樓之3,121.388063012677,25.0520305563284
桃園市龜山區長樂里4鄰文禾路201號二十樓之5,68,6800700,6800700-000,4鄰,文禾路,,,,,,201號二十樓之5,121.388063012677,25.0520305563284
桃園市龜山區長樂里4鄰文禾路201號二十樓之6,68,6800700,6800700-000,4鄰,文禾路,,,,,,201號二十樓之6,121.388063012677,25.0520305563284
桃園市龜山區長樂里4鄰文禾路201號二十樓之7,68,6800700,6800700-000,4鄰,文禾路,,,,,,201號二十樓之7,121.388063012677,25.0520305563284
桃園市龜山區長樂里4鄰文禾路201號二十一樓之1,68,6800700,6800700-000,4鄰,文禾路,,,,,,201號二十一樓之1,121.388063012677,25.0520305563284
桃園市龜山區長樂里4鄰文禾路201號二十一樓之2,68,6800700,6800700-000,4鄰,文禾路,,,,,,201號二十一樓之2,121.388063012677,25.0520305563284
桃園市龜山區長樂里4鄰文禾路201號二十一樓之3,68,6800700,6800700-000,4鄰,文禾路,,,,,,201號二十一樓之3,121.388063012677,25.0520305563284
桃園市龜山區長樂里4鄰文禾路201號二十一樓之5,68,6800700,6800700-000,4鄰,文禾路,,,,,,201號二十一樓之5,121.388063012677,25.0520305563284
桃園市龜山區長樂里4鄰文禾路201號二十一樓之6,68,6800700,6800700-000,4鄰,文禾路,,,,,,201號二十一樓之6,121.388063012677,25.0520305563284
桃園市龜山區長樂里4鄰文禾路201號二十一樓之7,68,6800700,6800700-000,4鄰,文禾路,,,,,,201號二十一樓之7,121.388063012677,25.0520305563284
桃園市龜山區長樂里4鄰文禾路201號二十二樓之1,68,6800700,6800700-000,4鄰,文禾路,,,,,,201號二十二樓之1,121.388063012677,25.0520305563284
桃園市龜山區長樂里4鄰文禾路201號二十二樓之2,68,6800700,6800700-000,4鄰,文禾路,,,,,,201號二十二樓之2,121.388063012677,25.0520305563284
桃園市龜山區長樂里4鄰文禾路201號二十二樓之3,68,6800700,6800700-000,4鄰,文禾路,,,,,,201號二十二樓之3,121.388063012677,25.0520305563284
桃園市龜山區長樂里4鄰文禾路201號二十二樓之5,68,6800700,6800700-000,4鄰,文禾路,,,,,,201號二十二樓之5,121.388063012677,25.0520305563284
桃園市龜山區長樂里4鄰文禾路201號二十二樓之6,68,6800700,6800700-000,4鄰,文禾路,,,,,,201號二十二樓之6,121.388063012677,25.0520305563284
桃園市龜山區長樂里4鄰文禾路201號二十二樓之7,68,6800700,6800700-000,4鄰,文禾路,,,,,,201號二十二樓之7,121.388063012677,25.0520305563284
桃園市龜山區長樂里4鄰文禾路201號二十三樓之1,68,6800700,6800700-000,4鄰,文禾路,,,,,,201號二十三樓之1,121.388063012677,25.0520305563284
桃園市龜山區長樂里4鄰文禾路201號二十三樓之2,68,6800700,6800700-000,4鄰,文禾路,,,,,,201號二十三樓之2,121.388063012677,25.0520305563284
桃園市龜山區長樂里4鄰文禾路201號二十三樓之3,68,6800700,6800700-000,4鄰,文禾路,,,,,,201號二十三樓之3,121.388063012677,25.0520305563284
桃園市龜山區長樂里4鄰文禾路201號二十三樓之5,68,6800700,6800700-000,4鄰,文禾路,,,,,,201號二十三樓之5,121.388063012677,25.0520305563284
桃園市龜山區長樂里4鄰文禾路201號二十三樓之6,68,6800700,6800700-000,4鄰,文禾路,,,,,,201號二十三樓之6,121.388063012677,25.0520305563284
桃園市龜山區長樂里4鄰文禾路201號二十三樓之7,68,6800700,6800700-000,4鄰,文禾路,,,,,,201號二十三樓之7,121.388063012677,25.0520305563284
桃園市龜山區長樂里2鄰文禾路239號十樓之1,68,6800700,6800700-000,2鄰,文禾路,,,,,,239號十樓之1,121.388878705206,25.0521012804964
桃園市龜山區長樂里2鄰文禾路239號十樓之2,68,6800700,6800700-000,2鄰,文禾路,,,,,,239號十樓之2,121.388878705206,25.0521012804964
桃園市龜山區長樂里2鄰文禾路239號十樓之3,68,6800700,6800700-000,2鄰,文禾路,,,,,,239號十樓之3,121.388878705206,25.0521012804964
桃園市龜山區長樂里2鄰文禾路239號十樓之5,68,6800700,6800700-000,2鄰,文禾路,,,,,,239號十樓之5,121.388878705206,25.0521012804964
桃園市龜山區長樂里2鄰文禾路239號十樓之6,68,6800700,6800700-000,2鄰,文禾路,,,,,,239號十樓之6,121.388878705206,25.0521012804964
桃園市龜山區長樂里2鄰文禾路239號十樓之7,68,6800700,6800700-000,2鄰,文禾路,,,,,,239號十樓之7,121.388878705206,25.0521012804964
桃園市龜山區長樂里2鄰文禾路239號二樓之1,68,6800700,6800700-000,2鄰,文禾路,,,,,,239號二樓之1,121.388878705206,25.0521012804964
桃園市龜山區長樂里2鄰文禾路239號二樓之2,68,6800700,6800700-000,2鄰,文禾路,,,,,,239號二樓之2,121.388878705206,25.0521012804964
桃園市龜山區長樂里2鄰文禾路239號三樓之1,68,6800700,6800700-000,2鄰,文禾路,,,,,,239號三樓之1,121.388878705206,25.0521012804964
桃園市龜山區長樂里2鄰文禾路239號三樓之2,68,6800700,6800700-000,2鄰,文禾路,,,,,,239號三樓之2,121.388878705206,25.0521012804964
桃園市龜山區長樂里2鄰文禾路239號三樓之3,68,6800700,6800700-000,2鄰,文禾路,,,,,,239號三樓之3,121.388878705206,25.0521012804964
桃園市龜山區長樂里2鄰文禾路239號三樓之5,68,6800700,6800700-000,2鄰,文禾路,,,,,,239號三樓之5,121.388878705206,25.0521012804964
桃園市龜山區長樂里2鄰文禾路239號三樓之6,68,6800700,6800700-000,2鄰,文禾路,,,,,,239號三樓之6,121.388878705206,25.0521012804964
桃園市龜山區長樂里2鄰文禾路239號三樓之7,68,6800700,6800700-000,2鄰,文禾路,,,,,,239號三樓之7,121.388878705206,25.0521012804964
桃園市龜山區長樂里2鄰文禾路239號四樓之1,68,6800700,6800700-000,2鄰,文禾路,,,,,,239號四樓之1,121.388878705206,25.0521012804964
桃園市龜山區長樂里2鄰文禾路239號四樓之2,68,6800700,6800700-000,2鄰,文禾路,,,,,,239號四樓之2,121.388878705206,25.0521012804964
桃園市龜山區長樂里2鄰文禾路239號四樓之3,68,6800700,6800700-000,2鄰,文禾路,,,,,,239號四樓之3,121.388878705206,25.0521012804964
桃園市龜山區長樂里2鄰文禾路239號四樓之5,68,6800700,6800700-000,2鄰,文禾路,,,,,,239號四樓之5,121.388878705206,25.0521012804964
桃園市龜山區長樂里2鄰文禾路239號四樓之6,68,6800700,6800700-000,2鄰,文禾路,,,,,,239號四樓之6,121.388878705206,25.0521012804964
桃園市龜山區長樂里2鄰文禾路239號四樓之7,68,6800700,6800700-000,2鄰,文禾路,,,,,,239號四樓之7,121.388878705206,25.0521012804964
桃園市龜山區長樂里2鄰文禾路239號五樓之1,68,6800700,6800700-000,2鄰,文禾路,,,,,,239號五樓之1,121.388878705206,25.0521012804964
桃園市龜山區長樂里2鄰文禾路239號五樓之2,68,6800700,6800700-000,2鄰,文禾路,,,,,,239號五樓之2,121.388878705206,25.0521012804964
桃園市龜山區長樂里2鄰文禾路239號五樓之3,68,6800700,6800700-000,2鄰,文禾路,,,,,,239號五樓之3,121.388878705206,25.0521012804964
桃園市龜山區長樂里2鄰文禾路239號五樓之5,68,6800700,6800700-000,2鄰,文禾路,,,,,,239號五樓之5,121.388878705206,25.0521012804964
桃園市龜山區長樂里2鄰文禾路239號五樓之6,68,6800700,6800700-000,2鄰,文禾路,,,,,,239號五樓之6,121.388878705206,25.0521012804964
桃園市龜山區長樂里2鄰文禾路239號五樓之7,68,6800700,6800700-000,2鄰,文禾路,,,,,,239號五樓之7,121.388878705206,25.0521012804964
桃園市龜山區長樂里2鄰文禾路239號六樓之1,68,6800700,6800700-000,2鄰,文禾路,,,,,,239號六樓之1,121.388878705206,25.0521012804964
桃園市龜山區長樂里2鄰文禾路239號六樓之2,68,6800700,6800700-000,2鄰,文禾路,,,,,,239號六樓之2,121.388878705206,25.0521012804964
桃園市龜山區長樂里2鄰文禾路239號六樓之3,68,6800700,6800700-000,2鄰,文禾路,,,,,,239號六樓之3,121.388878705206,25.0521012804964
桃園市龜山區長樂里2鄰文禾路239號六樓之5,68,6800700,6800700-000,2鄰,文禾路,,,,,,239號六樓之5,121.388878705206,25.0521012804964
桃園市龜山區長樂里2鄰文禾路239號六樓之6,68,6800700,6800700-000,2鄰,文禾路,,,,,,239號六樓之6,121.388878705206,25.0521012804964
桃園市龜山區長樂里2鄰文禾路239號六樓之7,68,6800700,6800700-000,2鄰,文禾路,,,,,,239號六樓之7,121.388878705206,25.0521012804964
桃園市龜山區長樂里2鄰文禾路239號七樓之1,68,6800700,6800700-000,2鄰,文禾路,,,,,,239號七樓之1,121.388878705206,25.0521012804964
桃園市龜山區長樂里2鄰文禾路239號七樓之2,68,6800700,6800700-000,2鄰,文禾路,,,,,,239號七樓之2,121.388878705206,25.0521012804964
桃園市龜山區長樂里2鄰文禾路239號七樓之3,68,6800700,6800700-000,2鄰,文禾路,,,,,,239號七樓之3,121.388878705206,25.0521012804964
桃園市龜山區長樂里2鄰文禾路239號七樓之5,68,6800700,6800700-000,2鄰,文禾路,,,,,,239號七樓之5,121.388878705206,25.0521012804964
桃園市龜山區長樂里2鄰文禾路239號七樓之6,68,6800700,6800700-000,2鄰,文禾路,,,,,,239號七樓之6,121.388878705206,25.0521012804964
桃園市龜山區長樂里2鄰文禾路239號七樓之7,68,6800700,6800700-000,2鄰,文禾路,,,,,,239號七樓之7,121.388878705206,25.0521012804964
桃園市龜山區長樂里2鄰文禾路239號八樓之1,68,6800700,6800700-000,2鄰,文禾路,,,,,,239號八樓之1,121.388878705206,25.0521012804964
桃園市龜山區長樂里2鄰文禾路239號八樓之2,68,6800700,6800700-000,2鄰,文禾路,,,,,,239號八樓之2,121.388878705206,25.0521012804964
桃園市龜山區長樂里2鄰文禾路239號八樓之3,68,6800700,6800700-000,2鄰,文禾路,,,,,,239號八樓之3,121.388878705206,25.0521012804964
桃園市龜山區長樂里2鄰文禾路239號八樓之5,68,6800700,6800700-000,2鄰,文禾路,,,,,,239號八樓之5,121.388878705206,25.0521012804964
桃園市龜山區長樂里2鄰文禾路239號八樓之6,68,6800700,6800700-000,2鄰,文禾路,,,,,,239號八樓之6,121.388878705206,25.0521012804964
桃園市龜山區長樂里2鄰文禾路239號八樓之7,68,6800700,6800700-000,2鄰,文禾路,,,,,,239號八樓之7,121.388878705206,25.0521012804964
桃園市龜山區長樂里2鄰文禾路239號九樓之1,68,6800700,6800700-000,2鄰,文禾路,,,,,,239號九樓之1,121.388878705206,25.0521012804964
桃園市龜山區長樂里2鄰文禾路239號九樓之2,68,6800700,6800700-000,2鄰,文禾路,,,,,,239號九樓之2,121.388878705206,25.0521012804964
桃園市龜山區長樂里2鄰文禾路239號九樓之3,68,6800700,6800700-000,2鄰,文禾路,,,,,,239號九樓之3,121.388878705206,25.0521012804964
桃園市龜山區長樂里2鄰文禾路239號九樓之5,68,6800700,6800700-000,2鄰,文禾路,,,,,,239號九樓之5,121.388878705206,25.0521012804964
桃園市龜山區長樂里2鄰文禾路239號九樓之6,68,6800700,6800700-000,2鄰,文禾路,,,,,,239號九樓之6,121.388878705206,25.0521012804964
桃園市龜山區長樂里2鄰文禾路239號九樓之7,68,6800700,6800700-000,2鄰,文禾路,,,,,,239號九樓之7,121.388878705206,25.0521012804964
桃園市龜山區長樂里2鄰文禾路239號十一樓之1,68,6800700,6800700-000,2鄰,文禾路,,,,,,239號十一樓之1,121.388878705206,25.0521012804964
桃園市龜山區長樂里2鄰文禾路239號十一樓之2,68,6800700,6800700-000,2鄰,文禾路,,,,,,239號十一樓之2,121.388878705206,25.0521012804964
桃園市龜山區長樂里2鄰文禾路239號十一樓之3,68,6800700,6800700-000,2鄰,文禾路,,,,,,239號十一樓之3,121.388878705206,25.0521012804964
桃園市龜山區長樂里2鄰文禾路239號十一樓之5,68,6800700,6800700-000,2鄰,文禾路,,,,,,239號十一樓之5,121.388878705206,25.0521012804964
桃園市龜山區長樂里2鄰文禾路239號十一樓之6,68,6800700,6800700-000,2鄰,文禾路,,,,,,239號十一樓之6,121.388878705206,25.0521012804964
桃園市龜山區長樂里2鄰文禾路239號十一樓之7,68,6800700,6800700-000,2鄰,文禾路,,,,,,239號十一樓之7,121.388878705206,25.0521012804964
桃園市龜山區長樂里2鄰文禾路239號十二樓之1,68,6800700,6800700-000,2鄰,文禾路,,,,,,239號十二樓之1,121.388878705206,25.0521012804964
桃園市龜山區長樂里2鄰文禾路239號十二樓之2,68,6800700,6800700-000,2鄰,文禾路,,,,,,239號十二樓之2,121.388878705206,25.0521012804964
桃園市龜山區長樂里2鄰文禾路239號十二樓之3,68,6800700,6800700-000,2鄰,文禾路,,,,,,239號十二樓之3,121.388878705206,25.0521012804964
桃園市龜山區長樂里2鄰文禾路239號十二樓之5,68,6800700,6800700-000,2鄰,文禾路,,,,,,239號十二樓之5,121.388878705206,25.0521012804964
桃園市龜山區長樂里2鄰文禾路239號十二樓之6,68,6800700,6800700-000,2鄰,文禾路,,,,,,239號十二樓之6,121.388878705206,25.0521012804964
桃園市龜山區長樂里2鄰文禾路239號十二樓之7,68,6800700,6800700-000,2鄰,文禾路,,,,,,239號十二樓之7,121.388878705206,25.0521012804964
桃園市龜山區長樂里2鄰文禾路239號十三樓之1,68,6800700,6800700-000,2鄰,文禾路,,,,,,239號十三樓之1,121.388878705206,25.0521012804964
桃園市龜山區長樂里2鄰文禾路239號十三樓之2,68,6800700,6800700-000,2鄰,文禾路,,,,,,239號十三樓之2,121.388878705206,25.0521012804964
桃園市龜山區長樂里2鄰文禾路239號十三樓之3,68,6800700,6800700-000,2鄰,文禾路,,,,,,239號十三樓之3,121.388878705206,25.0521012804964
桃園市龜山區長樂里2鄰文禾路239號十三樓之5,68,6800700,6800700-000,2鄰,文禾路,,,,,,239號十三樓之5,121.388878705206,25.0521012804964
桃園市龜山區長樂里2鄰文禾路239號十三樓之6,68,6800700,6800700-000,2鄰,文禾路,,,,,,239號十三樓之6,121.388878705206,25.0521012804964
桃園市龜山區長樂里2鄰文禾路239號十三樓之7,68,6800700,6800700-000,2鄰,文禾路,,,,,,239號十三樓之7,121.388878705206,25.0521012804964
桃園市龜山區長樂里2鄰文禾路239號十四樓之1,68,6800700,6800700-000,2鄰,文禾路,,,,,,239號十四樓之1,121.388878705206,25.0521012804964
桃園市龜山區長樂里2鄰文禾路239號十四樓之2,68,6800700,6800700-000,2鄰,文禾路,,,,,,239號十四樓之2,121.388878705206,25.0521012804964
桃園市龜山區長樂里2鄰文禾路239號十四樓之3,68,6800700,6800700-000,2鄰,文禾路,,,,,,239號十四樓之3,121.388878705206,25.0521012804964
桃園市龜山區長樂里2鄰文禾路239號十四樓之5,68,6800700,6800700-000,2鄰,文禾路,,,,,,239號十四樓之5,121.388878705206,25.0521012804964
桃園市龜山區長樂里2鄰文禾路239號十四樓之6,68,6800700,6800700-000,2鄰,文禾路,,,,,,239號十四樓之6,121.388878705206,25.0521012804964
桃園市龜山區長樂里2鄰文禾路239號十四樓之7,68,6800700,6800700-000,2鄰,文禾路,,,,,,239號十四樓之7,121.388878705206,25.0521012804964
桃園市龜山區長樂里2鄰文禾路239號十五樓之1,68,6800700,6800700-000,2鄰,文禾路,,,,,,239號十五樓之1,121.388878705206,25.0521012804964
桃園市龜山區長樂里2鄰文禾路239號十五樓之2,68,6800700,6800700-000,2鄰,文禾路,,,,,,239號十五樓之2,121.388878705206,25.0521012804964
桃園市龜山區長樂里2鄰文禾路239號十五樓之3,68,6800700,6800700-000,2鄰,文禾路,,,,,,239號十五樓之3,121.388878705206,25.0521012804964
桃園市龜山區長樂里2鄰文禾路239號十五樓之5,68,6800700,6800700-000,2鄰,文禾路,,,,,,239號十五樓之5,121.388878705206,25.0521012804964
桃園市龜山區長樂里2鄰文禾路239號十五樓之6,68,6800700,6800700-000,2鄰,文禾路,,,,,,239號十五樓之6,121.388878705206,25.0521012804964
桃園市龜山區長樂里2鄰文禾路239號十五樓之7,68,6800700,6800700-000,2鄰,文禾路,,,,,,239號十五樓之7,121.388878705206,25.0521012804964
桃園市龜山區長樂里2鄰文禾路239號十六樓之1,68,6800700,6800700-000,2鄰,文禾路,,,,,,239號十六樓之1,121.388878705206,25.0521012804964
桃園市龜山區長樂里2鄰文禾路239號十六樓之2,68,6800700,6800700-000,2鄰,文禾路,,,,,,239號十六樓之2,121.388878705206,25.0521012804964
桃園市龜山區長樂里2鄰文禾路239號十六樓之3,68,6800700,6800700-000,2鄰,文禾路,,,,,,239號十六樓之3,121.388878705206,25.0521012804964
桃園市龜山區長樂里2鄰文禾路239號十六樓之5,68,6800700,6800700-000,2鄰,文禾路,,,,,,239號十六樓之5,121.388878705206,25.0521012804964
桃園市龜山區長樂里2鄰文禾路239號十六樓之6,68,6800700,6800700-000,2鄰,文禾路,,,,,,239號十六樓之6,121.388878705206,25.0521012804964
桃園市龜山區長樂里2鄰文禾路239號十六樓之7,68,6800700,6800700-000,2鄰,文禾路,,,,,,239號十六樓之7,121.388878705206,25.0521012804964
桃園市龜山區長樂里2鄰文禾路239號十七樓之1,68,6800700,6800700-000,2鄰,文禾路,,,,,,239號十七樓之1,121.388878705206,25.0521012804964
桃園市龜山區長樂里2鄰文禾路239號十七樓之2,68,6800700,6800700-000,2鄰,文禾路,,,,,,239號十七樓之2,121.388878705206,25.0521012804964
桃園市龜山區長樂里2鄰文禾路239號十七樓之3,68,6800700,6800700-000,2鄰,文禾路,,,,,,239號十七樓之3,121.388878705206,25.0521012804964
桃園市龜山區長樂里2鄰文禾路239號十七樓之5,68,6800700,6800700-000,2鄰,文禾路,,,,,,239號十七樓之5,121.388878705206,25.0521012804964
桃園市龜山區長樂里2鄰文禾路239號十七樓之6,68,6800700,6800700-000,2鄰,文禾路,,,,,,239號十七樓之6,121.388878705206,25.0521012804964
桃園市龜山區長樂里2鄰文禾路239號十七樓之7,68,6800700,6800700-000,2鄰,文禾路,,,,,,239號十七樓之7,121.388878705206,25.0521012804964
桃園市龜山區長樂里2鄰文禾路239號十八樓之1,68,6800700,6800700-000,2鄰,文禾路,,,,,,239號十八樓之1,121.388878705206,25.0521012804964
桃園市龜山區長樂里2鄰文禾路239號十八樓之2,68,6800700,6800700-000,2鄰,文禾路,,,,,,239號十八樓之2,121.388878705206,25.0521012804964
桃園市龜山區長樂里2鄰文禾路239號十八樓之3,68,6800700,6800700-000,2鄰,文禾路,,,,,,239號十八樓之3,121.388878705206,25.0521012804964
桃園市龜山區長樂里2鄰文禾路239號十八樓之5,68,6800700,6800700-000,2鄰,文禾路,,,,,,239號十八樓之5,121.388878705206,25.0521012804964
桃園市龜山區長樂里2鄰文禾路239號十八樓之6,68,6800700,6800700-000,2鄰,文禾路,,,,,,239號十八樓之6,121.388878705206,25.0521012804964
桃園市龜山區長樂里2鄰文禾路239號十八樓之7,68,6800700,6800700-000,2鄰,文禾路,,,,,,239號十八樓之7,121.388878705206,25.0521012804964
桃園市龜山區長樂里2鄰文禾路239號十九樓之1,68,6800700,6800700-000,2鄰,文禾路,,,,,,239號十九樓之1,121.388878705206,25.0521012804964
桃園市龜山區長樂里2鄰文禾路239號十九樓之2,68,6800700,6800700-000,2鄰,文禾路,,,,,,239號十九樓之2,121.388878705206,25.0521012804964
桃園市龜山區長樂里2鄰文禾路239號十九樓之3,68,6800700,6800700-000,2鄰,文禾路,,,,,,239號十九樓之3,121.388878705206,25.0521012804964
桃園市龜山區長樂里2鄰文禾路239號十九樓之5,68,6800700,6800700-000,2鄰,文禾路,,,,,,239號十九樓之5,121.388878705206,25.0521012804964
桃園市龜山區長樂里2鄰文禾路239號十九樓之6,68,6800700,6800700-000,2鄰,文禾路,,,,,,239號十九樓之6,121.388878705206,25.0521012804964
桃園市龜山區長樂里2鄰文禾路239號十九樓之7,68,6800700,6800700-000,2鄰,文禾路,,,,,,239號十九樓之7,121.388878705206,25.0521012804964
桃園市龜山區長樂里2鄰文禾路239號二十樓之1,68,6800700,6800700-000,2鄰,文禾路,,,,,,239號二十樓之1,121.388878705206,25.0521012804964
桃園市龜山區長樂里2鄰文禾路239號二十樓之2,68,6800700,6800700-000,2鄰,文禾路,,,,,,239號二十樓之2,121.388878705206,25.0521012804964
桃園市龜山區長樂里2鄰文禾路239號二十樓之3,68,6800700,6800700-000,2鄰,文禾路,,,,,,239號二十樓之3,121.388878705206,25.0521012804964
桃園市龜山區長樂里2鄰文禾路239號二十樓之5,68,6800700,6800700-000,2鄰,文禾路,,,,,,239號二十樓之5,121.388878705206,25.0521012804964
桃園市龜山區長樂里2鄰文禾路239號二十樓之6,68,6800700,6800700-000,2鄰,文禾路,,,,,,239號二十樓之6,121.388878705206,25.0521012804964
桃園市龜山區長樂里2鄰文禾路239號二十樓之7,68,6800700,6800700-000,2鄰,文禾路,,,,,,239號二十樓之7,121.388878705206,25.0521012804964
桃園市龜山區長樂里2鄰文禾路239號二十一樓之1,68,6800700,6800700-000,2鄰,文禾路,,,,,,239號二十一樓之1,121.388878705206,25.0521012804964
桃園市龜山區長樂里2鄰文禾路239號二十一樓之2,68,6800700,6800700-000,2鄰,文禾路,,,,,,239號二十一樓之2,121.388878705206,25.0521012804964
桃園市龜山區長樂里2鄰文禾路239號二十一樓之3,68,6800700,6800700-000,2鄰,文禾路,,,,,,239號二十一樓之3,121.388878705206,25.0521012804964
桃園市龜山區長樂里2鄰文禾路239號二十一樓之5,68,6800700,6800700-000,2鄰,文禾路,,,,,,239號二十一樓之5,121.388878705206,25.0521012804964
桃園市龜山區長樂里2鄰文禾路239號二十一樓之6,68,6800700,6800700-000,2鄰,文禾路,,,,,,239號二十一樓之6,121.388878705206,25.0521012804964
桃園市龜山區長樂里2鄰文禾路239號二十一樓之7,68,6800700,6800700-000,2鄰,文禾路,,,,,,239號二十一樓之7,121.388878705206,25.0521012804964
桃園市龜山區長樂里2鄰文禾路239號二十二樓之1,68,6800700,6800700-000,2鄰,文禾路,,,,,,239號二十二樓之1,121.388878705206,25.0521012804964
桃園市龜山區長樂里2鄰文禾路239號二十二樓之2,68,6800700,6800700-000,2鄰,文禾路,,,,,,239號二十二樓之2,121.388878705206,25.0521012804964
桃園市龜山區長樂里2鄰文禾路239號二十二樓之3,68,6800700,6800700-000,2鄰,文禾路,,,,,,239號二十二樓之3,121.388878705206,25.0521012804964
桃園市龜山區長樂里2鄰文禾路239號二十二樓之5,68,6800700,6800700-000,2鄰,文禾路,,,,,,239號二十二樓之5,121.388878705206,25.0521012804964
桃園市龜山區長樂里2鄰文禾路239號二十二樓之6,68,6800700,6800700-000,2鄰,文禾路,,,,,,239號二十二樓之6,121.388878705206,25.0521012804964
桃園市龜山區長樂里2鄰文禾路239號二十二樓之7,68,6800700,6800700-000,2鄰,文禾路,,,,,,239號二十二樓之7,121.388878705206,25.0521012804964
桃園市龜山區長樂里2鄰文禾路239號二十三樓之1,68,6800700,6800700-000,2鄰,文禾路,,,,,,239號二十三樓之1,121.388878705206,25.0521012804964
桃園市龜山區長樂里2鄰文禾路239號二十三樓之2,68,6800700,6800700-000,2鄰,文禾路,,,,,,239號二十三樓之2,121.388878705206,25.0521012804964
桃園市龜山區長樂里2鄰文禾路239號二十三樓之3,68,6800700,6800700-000,2鄰,文禾路,,,,,,239號二十三樓之3,121.388878705206,25.0521012804964
桃園市龜山區長樂里2鄰文禾路239號二十三樓之5,68,6800700,6800700-000,2鄰,文禾路,,,,,,239號二十三樓之5,121.388878705206,25.0521012804964
桃園市龜山區長樂里2鄰文禾路239號二十三樓之6,68,6800700,6800700-000,2鄰,文禾路,,,,,,239號二十三樓之6,121.388878705206,25.0521012804964
桃園市龜山區長樂里2鄰文禾路239號二十三樓之7,68,6800700,6800700-000,2鄰,文禾路,,,,,,239號二十三樓之7,121.388878705206,25.0521012804964
桃園市龜山區長樂里2鄰文禾路239號二十四樓之1,68,6800700,6800700-000,2鄰,文禾路,,,,,,239號二十四樓之1,121.388878705206,25.0521012804964
桃園市龜山區長樂里2鄰文禾路239號二十四樓之2,68,6800700,6800700-000,2鄰,文禾路,,,,,,239號二十四樓之2,121.388878705206,25.0521012804964
桃園市龜山區長樂里2鄰文禾路239號二十四樓之3,68,6800700,6800700-000,2鄰,文禾路,,,,,,239號二十四樓之3,121.388878705206,25.0521012804964
桃園市龜山區長樂里2鄰文禾路239號二十四樓之5,68,6800700,6800700-000,2鄰,文禾路,,,,,,239號二十四樓之5,121.388878705206,25.0521012804964
桃園市龜山區長樂里2鄰文禾路239號二十四樓之6,68,6800700,6800700-000,2鄰,文禾路,,,,,,239號二十四樓之6,121.388878705206,25.0521012804964
桃園市龜山區長樂里2鄰文禾路239號二十四樓之7,68,6800700,6800700-000,2鄰,文禾路,,,,,,239號二十四樓之7,121.388878705206,25.0521012804964
桃園市龜山區長樂里2鄰文禾路241號,68,6800700,6800700-000,2鄰,文禾路,,,,,,241號,121.388831812483,25.052285307386
桃園市龜山區長樂里2鄰文禾路241號十樓之1,68,6800700,6800700-000,2鄰,文禾路,,,,,,241號十樓之1,121.388831812483,25.052285307386
桃園市龜山區長樂里2鄰文禾路241號十樓之2,68,6800700,6800700-000,2鄰,文禾路,,,,,,241號十樓之2,121.388831812483,25.052285307386
桃園市龜山區長樂里2鄰文禾路241號十樓之3,68,6800700,6800700-000,2鄰,文禾路,,,,,,241號十樓之3,121.388831812483,25.052285307386
桃園市龜山區長樂里2鄰文禾路241號十樓之5,68,6800700,6800700-000,2鄰,文禾路,,,,,,241號十樓之5,121.388831812483,25.052285307386
桃園市龜山區長樂里2鄰文禾路241號十樓之6,68,6800700,6800700-000,2鄰,文禾路,,,,,,241號十樓之6,121.388831812483,25.052285307386
桃園市龜山區長樂里2鄰文禾路241號十樓之7,68,6800700,6800700-000,2鄰,文禾路,,,,,,241號十樓之7,121.388831812483,25.052285307386
桃園市龜山區長樂里2鄰文禾路241號二樓之1,68,6800700,6800700-000,2鄰,文禾路,,,,,,241號二樓之1,121.388831812483,25.052285307386
桃園市龜山區長樂里2鄰文禾路241號二樓之2,68,6800700,6800700-000,2鄰,文禾路,,,,,,241號二樓之2,121.388831812483,25.052285307386
桃園市龜山區長樂里2鄰文禾路241號二樓之3,68,6800700,6800700-000,2鄰,文禾路,,,,,,241號二樓之3,121.388831812483,25.052285307386
桃園市龜山區長樂里2鄰文禾路241號二樓之5,68,6800700,6800700-000,2鄰,文禾路,,,,,,241號二樓之5,121.388831812483,25.052285307386
桃園市龜山區長樂里2鄰文禾路241號二樓之6,68,6800700,6800700-000,2鄰,文禾路,,,,,,241號二樓之6,121.388831812483,25.052285307386
桃園市龜山區長樂里2鄰文禾路241號二樓之7,68,6800700,6800700-000,2鄰,文禾路,,,,,,241號二樓之7,121.388831812483,25.052285307386
桃園市龜山區長樂里2鄰文禾路241號三樓之1,68,6800700,6800700-000,2鄰,文禾路,,,,,,241號三樓之1,121.388831812483,25.052285307386
桃園市龜山區長樂里2鄰文禾路241號三樓之2,68,6800700,6800700-000,2鄰,文禾路,,,,,,241號三樓之2,121.388831812483,25.052285307386
桃園市龜山區長樂里2鄰文禾路241號三樓之3,68,6800700,6800700-000,2鄰,文禾路,,,,,,241號三樓之3,121.388831812483,25.052285307386
桃園市龜山區長樂里2鄰文禾路241號三樓之5,68,6800700,6800700-000,2鄰,文禾路,,,,,,241號三樓之5,121.388831812483,25.052285307386
桃園市龜山區長樂里2鄰文禾路241號三樓之6,68,6800700,6800700-000,2鄰,文禾路,,,,,,241號三樓之6,121.388831812483,25.052285307386
桃園市龜山區長樂里2鄰文禾路241號三樓之7,68,6800700,6800700-000,2鄰,文禾路,,,,,,241號三樓之7,121.388831812483,25.052285307386
桃園市龜山區長樂里2鄰文禾路241號四樓之1,68,6800700,6800700-000,2鄰,文禾路,,,,,,241號四樓之1,121.388831812483,25.052285307386
桃園市龜山區長樂里2鄰文禾路241號四樓之2,68,6800700,6800700-000,2鄰,文禾路,,,,,,241號四樓之2,121.388831812483,25.052285307386
桃園市龜山區長樂里2鄰文禾路241號四樓之3,68,6800700,6800700-000,2鄰,文禾路,,,,,,241號四樓之3,121.388831812483,25.052285307386
桃園市龜山區長樂里2鄰文禾路241號四樓之5,68,6800700,6800700-000,2鄰,文禾路,,,,,,241號四樓之5,121.388831812483,25.052285307386
桃園市龜山區長樂里2鄰文禾路241號四樓之6,68,6800700,6800700-000,2鄰,文禾路,,,,,,241號四樓之6,121.388831812483,25.052285307386
桃園市龜山區長樂里2鄰文禾路241號四樓之7,68,6800700,6800700-000,2鄰,文禾路,,,,,,241號四樓之7,121.388831812483,25.052285307386
桃園市龜山區長樂里2鄰文禾路241號五樓之1,68,6800700,6800700-000,2鄰,文禾路,,,,,,241號五樓之1,121.388831812483,25.052285307386
桃園市龜山區長樂里2鄰文禾路241號五樓之2,68,6800700,6800700-000,2鄰,文禾路,,,,,,241號五樓之2,121.388831812483,25.052285307386
桃園市龜山區長樂里2鄰文禾路241號五樓之3,68,6800700,6800700-000,2鄰,文禾路,,,,,,241號五樓之3,121.388831812483,25.052285307386
桃園市龜山區長樂里2鄰文禾路241號五樓之5,68,6800700,6800700-000,2鄰,文禾路,,,,,,241號五樓之5,121.388831812483,25.052285307386
桃園市龜山區長樂里2鄰文禾路241號五樓之6,68,6800700,6800700-000,2鄰,文禾路,,,,,,241號五樓之6,121.388831812483,25.052285307386
桃園市龜山區長樂里2鄰文禾路241號五樓之7,68,6800700,6800700-000,2鄰,文禾路,,,,,,241號五樓之7,121.388831812483,25.052285307386
桃園市龜山區長樂里2鄰文禾路241號六樓之1,68,6800700,6800700-000,2鄰,文禾路,,,,,,241號六樓之1,121.388831812483,25.052285307386
桃園市龜山區長樂里2鄰文禾路241號六樓之2,68,6800700,6800700-000,2鄰,文禾路,,,,,,241號六樓之2,121.388831812483,25.052285307386
桃園市龜山區長樂里2鄰文禾路241號六樓之3,68,6800700,6800700-000,2鄰,文禾路,,,,,,241號六樓之3,121.388831812483,25.052285307386
桃園市龜山區長樂里2鄰文禾路241號六樓之5,68,6800700,6800700-000,2鄰,文禾路,,,,,,241號六樓之5,121.388831812483,25.052285307386
桃園市龜山區長樂里2鄰文禾路241號六樓之6,68,6800700,6800700-000,2鄰,文禾路,,,,,,241號六樓之6,121.388831812483,25.052285307386
桃園市龜山區長樂里2鄰文禾路241號六樓之7,68,6800700,6800700-000,2鄰,文禾路,,,,,,241號六樓之7,121.388831812483,25.052285307386
桃園市龜山區長樂里2鄰文禾路241號七樓之1,68,6800700,6800700-000,2鄰,文禾路,,,,,,241號七樓之1,121.388831812483,25.052285307386
桃園市龜山區長樂里2鄰文禾路241號七樓之2,68,6800700,6800700-000,2鄰,文禾路,,,,,,241號七樓之2,121.388831812483,25.052285307386
桃園市龜山區長樂里2鄰文禾路241號七樓之3,68,6800700,6800700-000,2鄰,文禾路,,,,,,241號七樓之3,121.388831812483,25.052285307386
桃園市龜山區長樂里2鄰文禾路241號七樓之5,68,6800700,6800700-000,2鄰,文禾路,,,,,,241號七樓之5,121.388831812483,25.052285307386
桃園市龜山區長樂里2鄰文禾路241號七樓之6,68,6800700,6800700-000,2鄰,文禾路,,,,,,241號七樓之6,121.388831812483,25.052285307386
桃園市龜山區長樂里2鄰文禾路241號七樓之7,68,6800700,6800700-000,2鄰,文禾路,,,,,,241號七樓之7,121.388831812483,25.052285307386
桃園市龜山區長樂里2鄰文禾路241號八樓之1,68,6800700,6800700-000,2鄰,文禾路,,,,,,241號八樓之1,121.388831812483,25.052285307386
桃園市龜山區長樂里2鄰文禾路241號八樓之2,68,6800700,6800700-000,2鄰,文禾路,,,,,,241號八樓之2,121.388831812483,25.052285307386
桃園市龜山區長樂里2鄰文禾路241號八樓之3,68,6800700,6800700-000,2鄰,文禾路,,,,,,241號八樓之3,121.388831812483,25.052285307386
桃園市龜山區長樂里2鄰文禾路241號八樓之5,68,6800700,6800700-000,2鄰,文禾路,,,,,,241號八樓之5,121.388831812483,25.052285307386
桃園市龜山區長樂里2鄰文禾路241號八樓之6,68,6800700,6800700-000,2鄰,文禾路,,,,,,241號八樓之6,121.388831812483,25.052285307386
桃園市龜山區長樂里2鄰文禾路241號八樓之7,68,6800700,6800700-000,2鄰,文禾路,,,,,,241號八樓之7,121.388831812483,25.052285307386
桃園市龜山區長樂里2鄰文禾路241號九樓之1,68,6800700,6800700-000,2鄰,文禾路,,,,,,241號九樓之1,121.388831812483,25.052285307386
桃園市龜山區長樂里2鄰文禾路241號九樓之2,68,6800700,6800700-000,2鄰,文禾路,,,,,,241號九樓之2,121.388831812483,25.052285307386
桃園市龜山區長樂里2鄰文禾路241號九樓之3,68,6800700,6800700-000,2鄰,文禾路,,,,,,241號九樓之3,121.388831812483,25.052285307386
桃園市龜山區長樂里2鄰文禾路241號九樓之5,68,6800700,6800700-000,2鄰,文禾路,,,,,,241號九樓之5,121.388831812483,25.052285307386
桃園市龜山區長樂里2鄰文禾路241號九樓之6,68,6800700,6800700-000,2鄰,文禾路,,,,,,241號九樓之6,121.388831812483,25.052285307386
桃園市龜山區長樂里2鄰文禾路241號九樓之7,68,6800700,6800700-000,2鄰,文禾路,,,,,,241號九樓之7,121.388831812483,25.052285307386
桃園市龜山區長樂里2鄰文禾路241號十一樓之1,68,6800700,6800700-000,2鄰,文禾路,,,,,,241號十一樓之1,121.388831812483,25.052285307386
桃園市龜山區長樂里2鄰文禾路241號十一樓之2,68,6800700,6800700-000,2鄰,文禾路,,,,,,241號十一樓之2,121.388831812483,25.052285307386
桃園市龜山區長樂里2鄰文禾路241號十一樓之3,68,6800700,6800700-000,2鄰,文禾路,,,,,,241號十一樓之3,121.388831812483,25.052285307386
桃園市龜山區長樂里2鄰文禾路241號十一樓之5,68,6800700,6800700-000,2鄰,文禾路,,,,,,241號十一樓之5,121.388831812483,25.052285307386
桃園市龜山區長樂里2鄰文禾路241號十一樓之6,68,6800700,6800700-000,2鄰,文禾路,,,,,,241號十一樓之6,121.388831812483,25.052285307386
桃園市龜山區長樂里2鄰文禾路241號十一樓之7,68,6800700,6800700-000,2鄰,文禾路,,,,,,241號十一樓之7,121.388831812483,25.052285307386
桃園市龜山區長樂里2鄰文禾路241號十二樓之1,68,6800700,6800700-000,2鄰,文禾路,,,,,,241號十二樓之1,121.388831812483,25.052285307386
桃園市龜山區長樂里2鄰文禾路241號十二樓之2,68,6800700,6800700-000,2鄰,文禾路,,,,,,241號十二樓之2,121.388831812483,25.052285307386
桃園市龜山區長樂里2鄰文禾路241號十二樓之3,68,6800700,6800700-000,2鄰,文禾路,,,,,,241號十二樓之3,121.388831812483,25.052285307386
桃園市龜山區長樂里2鄰文禾路241號十二樓之5,68,6800700,6800700-000,2鄰,文禾路,,,,,,241號十二樓之5,121.388831812483,25.052285307386
桃園市龜山區長樂里2鄰文禾路241號十二樓之6,68,6800700,6800700-000,2鄰,文禾路,,,,,,241號十二樓之6,121.388831812483,25.052285307386
桃園市龜山區長樂里2鄰文禾路241號十二樓之7,68,6800700,6800700-000,2鄰,文禾路,,,,,,241號十二樓之7,121.388831812483,25.052285307386
桃園市龜山區長樂里2鄰文禾路241號十三樓之1,68,6800700,6800700-000,2鄰,文禾路,,,,,,241號十三樓之1,121.388831812483,25.052285307386
桃園市龜山區長樂里2鄰文禾路241號十三樓之2,68,6800700,6800700-000,2鄰,文禾路,,,,,,241號十三樓之2,121.388831812483,25.052285307386
桃園市龜山區長樂里2鄰文禾路241號十三樓之3,68,6800700,6800700-000,2鄰,文禾路,,,,,,241號十三樓之3,121.388831812483,25.052285307386
桃園市龜山區長樂里2鄰文禾路241號十三樓之5,68,6800700,6800700-000,2鄰,文禾路,,,,,,241號十三樓之5,121.388831812483,25.052285307386
桃園市龜山區長樂里2鄰文禾路241號十三樓之6,68,6800700,6800700-000,2鄰,文禾路,,,,,,241號十三樓之6,121.388831812483,25.052285307386
桃園市龜山區長樂里2鄰文禾路241號十三樓之7,68,6800700,6800700-000,2鄰,文禾路,,,,,,241號十三樓之7,121.388831812483,25.052285307386
桃園市龜山區長樂里2鄰文禾路241號十四樓之1,68,6800700,6800700-000,2鄰,文禾路,,,,,,241號十四樓之1,121.388831812483,25.052285307386
桃園市龜山區長樂里2鄰文禾路241號十四樓之2,68,6800700,6800700-000,2鄰,文禾路,,,,,,241號十四樓之2,121.388831812483,25.052285307386
桃園市龜山區長樂里2鄰文禾路241號十四樓之3,68,6800700,6800700-000,2鄰,文禾路,,,,,,241號十四樓之3,121.388831812483,25.052285307386
桃園市龜山區長樂里2鄰文禾路241號十四樓之5,68,6800700,6800700-000,2鄰,文禾路,,,,,,241號十四樓之5,121.388831812483,25.052285307386
桃園市龜山區長樂里2鄰文禾路241號十四樓之6,68,6800700,6800700-000,2鄰,文禾路,,,,,,241號十四樓之6,121.388831812483,25.052285307386
桃園市龜山區長樂里2鄰文禾路241號十四樓之7,68,6800700,6800700-000,2鄰,文禾路,,,,,,241號十四樓之7,121.388831812483,25.052285307386
桃園市龜山區長樂里2鄰文禾路241號十五樓之1,68,6800700,6800700-000,2鄰,文禾路,,,,,,241號十五樓之1,121.388831812483,25.052285307386
桃園市龜山區長樂里2鄰文禾路241號十五樓之2,68,6800700,6800700-000,2鄰,文禾路,,,,,,241號十五樓之2,121.388831812483,25.052285307386
桃園市龜山區長樂里2鄰文禾路241號十五樓之3,68,6800700,6800700-000,2鄰,文禾路,,,,,,241號十五樓之3,121.388831812483,25.052285307386
桃園市龜山區長樂里2鄰文禾路241號十五樓之5,68,6800700,6800700-000,2鄰,文禾路,,,,,,241號十五樓之5,121.388831812483,25.052285307386
桃園市龜山區長樂里2鄰文禾路241號十五樓之6,68,6800700,6800700-000,2鄰,文禾路,,,,,,241號十五樓之6,121.388831812483,25.052285307386
桃園市龜山區長樂里2鄰文禾路241號十五樓之7,68,6800700,6800700-000,2鄰,文禾路,,,,,,241號十五樓之7,121.388831812483,25.052285307386
桃園市龜山區長樂里2鄰文禾路241號十六樓之1,68,6800700,6800700-000,2鄰,文禾路,,,,,,241號十六樓之1,121.388831812483,25.052285307386
桃園市龜山區長樂里2鄰文禾路241號十六樓之2,68,6800700,6800700-000,2鄰,文禾路,,,,,,241號十六樓之2,121.388831812483,25.052285307386
桃園市龜山區長樂里2鄰文禾路241號十六樓之3,68,6800700,6800700-000,2鄰,文禾路,,,,,,241號十六樓之3,121.388831812483,25.052285307386
桃園市龜山區長樂里2鄰文禾路241號十六樓之5,68,6800700,6800700-000,2鄰,文禾路,,,,,,241號十六樓之5,121.388831812483,25.052285307386
桃園市龜山區長樂里2鄰文禾路241號十六樓之6,68,6800700,6800700-000,2鄰,文禾路,,,,,,241號十六樓之6,121.388831812483,25.052285307386
桃園市龜山區長樂里2鄰文禾路241號十六樓之7,68,6800700,6800700-000,2鄰,文禾路,,,,,,241號十六樓之7,121.388831812483,25.052285307386
桃園市龜山區長樂里2鄰文禾路241號十七樓之1,68,6800700,6800700-000,2鄰,文禾路,,,,,,241號十七樓之1,121.388831812483,25.052285307386
桃園市龜山區長樂里2鄰文禾路241號十七樓之2,68,6800700,6800700-000,2鄰,文禾路,,,,,,241號十七樓之2,121.388831812483,25.052285307386
桃園市龜山區長樂里2鄰文禾路241號十七樓之3,68,6800700,6800700-000,2鄰,文禾路,,,,,,241號十七樓之3,121.388831812483,25.052285307386
桃園市龜山區長樂里2鄰文禾路241號十七樓之5,68,6800700,6800700-000,2鄰,文禾路,,,,,,241號十七樓之5,121.388831812483,25.052285307386
桃園市龜山區長樂里2鄰文禾路241號十七樓之6,68,6800700,6800700-000,2鄰,文禾路,,,,,,241號十七樓之6,121.388831812483,25.052285307386
桃園市龜山區長樂里2鄰文禾路241號十七樓之7,68,6800700,6800700-000,2鄰,文禾路,,,,,,241號十七樓之7,121.388831812483,25.052285307386
桃園市龜山區長樂里2鄰文禾路241號十八樓之1,68,6800700,6800700-000,2鄰,文禾路,,,,,,241號十八樓之1,121.388831812483,25.052285307386
桃園市龜山區長樂里2鄰文禾路241號十八樓之2,68,6800700,6800700-000,2鄰,文禾路,,,,,,241號十八樓之2,121.388831812483,25.052285307386
桃園市龜山區長樂里2鄰文禾路241號十八樓之3,68,6800700,6800700-000,2鄰,文禾路,,,,,,241號十八樓之3,121.388831812483,25.052285307386
桃園市龜山區長樂里2鄰文禾路241號十八樓之5,68,6800700,6800700-000,2鄰,文禾路,,,,,,241號十八樓之5,121.388831812483,25.052285307386
桃園市龜山區長樂里2鄰文禾路241號十八樓之6,68,6800700,6800700-000,2鄰,文禾路,,,,,,241號十八樓之6,121.388831812483,25.052285307386
桃園市龜山區長樂里2鄰文禾路241號十八樓之7,68,6800700,6800700-000,2鄰,文禾路,,,,,,241號十八樓之7,121.388831812483,25.052285307386
桃園市龜山區長樂里2鄰文禾路241號十九樓之1,68,6800700,6800700-000,2鄰,文禾路,,,,,,241號十九樓之1,121.388831812483,25.052285307386
桃園市龜山區長樂里2鄰文禾路241號十九樓之2,68,6800700,6800700-000,2鄰,文禾路,,,,,,241號十九樓之2,121.388831812483,25.052285307386
桃園市龜山區長樂里2鄰文禾路241號十九樓之3,68,6800700,6800700-000,2鄰,文禾路,,,,,,241號十九樓之3,121.388831812483,25.052285307386
桃園市龜山區長樂里2鄰文禾路241號十九樓之5,68,6800700,6800700-000,2鄰,文禾路,,,,,,241號十九樓之5,121.388831812483,25.052285307386
桃園市龜山區長樂里2鄰文禾路241號十九樓之6,68,6800700,6800700-000,2鄰,文禾路,,,,,,241號十九樓之6,121.388831812483,25.052285307386
桃園市龜山區長樂里2鄰文禾路241號十九樓之7,68,6800700,6800700-000,2鄰,文禾路,,,,,,241號十九樓之7,121.388831812483,25.052285307386
桃園市龜山區長樂里2鄰文禾路241號二十樓之1,68,6800700,6800700-000,2鄰,文禾路,,,,,,241號二十樓之1,121.388831812483,25.052285307386
桃園市龜山區長樂里2鄰文禾路241號二十樓之2,68,6800700,6800700-000,2鄰,文禾路,,,,,,241號二十樓之2,121.388831812483,25.052285307386
桃園市龜山區長樂里2鄰文禾路241號二十樓之3,68,6800700,6800700-000,2鄰,文禾路,,,,,,241號二十樓之3,121.388831812483,25.052285307386
桃園市龜山區長樂里2鄰文禾路241號二十樓之5,68,6800700,6800700-000,2鄰,文禾路,,,,,,241號二十樓之5,121.388831812483,25.052285307386
桃園市龜山區長樂里2鄰文禾路241號二十樓之6,68,6800700,6800700-000,2鄰,文禾路,,,,,,241號二十樓之6,121.388831812483,25.052285307386
桃園市龜山區長樂里2鄰文禾路241號二十樓之7,68,6800700,6800700-000,2鄰,文禾路,,,,,,241號二十樓之7,121.388831812483,25.052285307386
桃園市龜山區長樂里2鄰文禾路241號二十一樓之1,68,6800700,6800700-000,2鄰,文禾路,,,,,,241號二十一樓之1,121.388831812483,25.052285307386
桃園市龜山區長樂里2鄰文禾路241號二十一樓之2,68,6800700,6800700-000,2鄰,文禾路,,,,,,241號二十一樓之2,121.388831812483,25.052285307386
桃園市龜山區長樂里2鄰文禾路241號二十一樓之3,68,6800700,6800700-000,2鄰,文禾路,,,,,,241號二十一樓之3,121.388831812483,25.052285307386
桃園市龜山區長樂里2鄰文禾路241號二十一樓之5,68,6800700,6800700-000,2鄰,文禾路,,,,,,241號二十一樓之5,121.388831812483,25.052285307386
桃園市龜山區長樂里2鄰文禾路241號二十一樓之6,68,6800700,6800700-000,2鄰,文禾路,,,,,,241號二十一樓之6,121.388831812483,25.052285307386
桃園市龜山區長樂里2鄰文禾路241號二十一樓之7,68,6800700,6800700-000,2鄰,文禾路,,,,,,241號二十一樓之7,121.388831812483,25.052285307386
桃園市龜山區長樂里2鄰文禾路241號二十二樓之1,68,6800700,6800700-000,2鄰,文禾路,,,,,,241號二十二樓之1,121.388831812483,25.052285307386
桃園市龜山區長樂里2鄰文禾路241號二十二樓之2,68,6800700,6800700-000,2鄰,文禾路,,,,,,241號二十二樓之2,121.388831812483,25.052285307386
桃園市龜山區長樂里2鄰文禾路241號二十二樓之3,68,6800700,6800700-000,2鄰,文禾路,,,,,,241號二十二樓之3,121.388831812483,25.052285307386
桃園市龜山區長樂里2鄰文禾路241號二十二樓之5,68,6800700,6800700-000,2鄰,文禾路,,,,,,241號二十二樓之5,121.388831812483,25.052285307386
桃園市龜山區長樂里2鄰文禾路241號二十二樓之6,68,6800700,6800700-000,2鄰,文禾路,,,,,,241號二十二樓之6,121.388831812483,25.052285307386
桃園市龜山區長樂里2鄰文禾路241號二十二樓之7,68,6800700,6800700-000,2鄰,文禾路,,,,,,241號二十二樓之7,121.388831812483,25.052285307386
桃園市龜山區長樂里2鄰文禾路241號二十三樓之1,68,6800700,6800700-000,2鄰,文禾路,,,,,,241號二十三樓之1,121.388831812483,25.052285307386
桃園市龜山區長樂里2鄰文禾路241號二十三樓之2,68,6800700,6800700-000,2鄰,文禾路,,,,,,241號二十三樓之2,121.388831812483,25.052285307386
桃園市龜山區長樂里2鄰文禾路241號二十三樓之3,68,6800700,6800700-000,2鄰,文禾路,,,,,,241號二十三樓之3,121.388831812483,25.052285307386
桃園市龜山區長樂里2鄰文禾路241號二十三樓之5,68,6800700,6800700-000,2鄰,文禾路,,,,,,241號二十三樓之5,121.388831812483,25.052285307386
桃園市龜山區長樂里2鄰文禾路241號二十三樓之6,68,6800700,6800700-000,2鄰,文禾路,,,,,,241號二十三樓之6,121.388831812483,25.052285307386
桃園市龜山區長樂里2鄰文禾路241號二十三樓之7,68,6800700,6800700-000,2鄰,文禾路,,,,,,241號二十三樓之7,121.388831812483,25.052285307386
桃園市龜山區長樂里2鄰文禾路241號二十四樓之1,68,6800700,6800700-000,2鄰,文禾路,,,,,,241號二十四樓之1,121.388831812483,25.052285307386
桃園市龜山區長樂里2鄰文禾路241號二十四樓之2,68,6800700,6800700-000,2鄰,文禾路,,,,,,241號二十四樓之2,121.388831812483,25.052285307386
桃園市龜山區長樂里2鄰文禾路241號二十四樓之3,68,6800700,6800700-000,2鄰,文禾路,,,,,,241號二十四樓之3,121.388831812483,25.052285307386
桃園市龜山區長樂里2鄰文禾路241號二十四樓之5,68,6800700,6800700-000,2鄰,文禾路,,,,,,241號二十四樓之5,121.388831812483,25.052285307386
桃園市龜山區長樂里2鄰文禾路241號二十四樓之6,68,6800700,6800700-000,2鄰,文禾路,,,,,,241號二十四樓之6,121.388831812483,25.052285307386
桃園市龜山區長樂里2鄰文禾路241號二十四樓之7,68,6800700,6800700-000,2鄰,文禾路,,,,,,241號二十四樓之7,121.388831812483,25.052285307386
桃園市龜山區長樂里2鄰文禾路243號,68,6800700,6800700-000,2鄰,文禾路,,,,,,243號,121.388844656732,25.0523668885536
桃園市龜山區長樂里2鄰文禾路245號,68,6800700,6800700-000,2鄰,文禾路,,,,,,245號,121.388853227368,25.0524446890694
桃園市龜山區長樂里3鄰文禾路247號,68,6800700,6800700-000,3鄰,文禾路,,,,,,247號,121.388870212596,25.0525822341362
桃園市龜山區長樂里3鄰文禾路247號十樓之1,68,6800700,6800700-000,3鄰,文禾路,,,,,,247號十樓之1,121.388870212596,25.0525822341362
桃園市龜山區長樂里3鄰文禾路247號十樓之2,68,6800700,6800700-000,3鄰,文禾路,,,,,,247號十樓之2,121.388870212596,25.0525822341362
桃園市龜山區長樂里3鄰文禾路247號十樓之3,68,6800700,6800700-000,3鄰,文禾路,,,,,,247號十樓之3,121.388870212596,25.0525822341362
桃園市龜山區長樂里3鄰文禾路247號十樓之5,68,6800700,6800700-000,3鄰,文禾路,,,,,,247號十樓之5,121.388870212596,25.0525822341362
桃園市龜山區長樂里3鄰文禾路247號十樓之6,68,6800700,6800700-000,3鄰,文禾路,,,,,,247號十樓之6,121.388870212596,25.0525822341362
桃園市龜山區長樂里3鄰文禾路247號十樓之7,68,6800700,6800700-000,3鄰,文禾路,,,,,,247號十樓之7,121.388870212596,25.0525822341362
桃園市龜山區長樂里3鄰文禾路247號二樓之1,68,6800700,6800700-000,3鄰,文禾路,,,,,,247號二樓之1,121.388870212596,25.0525822341362
桃園市龜山區長樂里3鄰文禾路247號二樓之2,68,6800700,6800700-000,3鄰,文禾路,,,,,,247號二樓之2,121.388870212596,25.0525822341362
桃園市龜山區長樂里3鄰文禾路247號二樓之3,68,6800700,6800700-000,3鄰,文禾路,,,,,,247號二樓之3,121.388870212596,25.0525822341362
桃園市龜山區長樂里3鄰文禾路247號二樓之5,68,6800700,6800700-000,3鄰,文禾路,,,,,,247號二樓之5,121.388870212596,25.0525822341362
桃園市龜山區長樂里3鄰文禾路247號二樓之6,68,6800700,6800700-000,3鄰,文禾路,,,,,,247號二樓之6,121.388870212596,25.0525822341362
桃園市龜山區長樂里3鄰文禾路247號二樓之7,68,6800700,6800700-000,3鄰,文禾路,,,,,,247號二樓之7,121.388870212596,25.0525822341362
桃園市龜山區長樂里3鄰文禾路247號三樓之1,68,6800700,6800700-000,3鄰,文禾路,,,,,,247號三樓之1,121.388870212596,25.0525822341362
桃園市龜山區長樂里3鄰文禾路247號三樓之2,68,6800700,6800700-000,3鄰,文禾路,,,,,,247號三樓之2,121.388870212596,25.0525822341362
桃園市龜山區長樂里3鄰文禾路247號三樓之3,68,6800700,6800700-000,3鄰,文禾路,,,,,,247號三樓之3,121.388870212596,25.0525822341362
桃園市龜山區長樂里3鄰文禾路247號三樓之5,68,6800700,6800700-000,3鄰,文禾路,,,,,,247號三樓之5,121.388870212596,25.0525822341362
桃園市龜山區長樂里3鄰文禾路247號三樓之6,68,6800700,6800700-000,3鄰,文禾路,,,,,,247號三樓之6,121.388870212596,25.0525822341362
桃園市龜山區長樂里3鄰文禾路247號三樓之7,68,6800700,6800700-000,3鄰,文禾路,,,,,,247號三樓之7,121.388870212596,25.0525822341362
桃園市龜山區長樂里3鄰文禾路247號四樓之1,68,6800700,6800700-000,3鄰,文禾路,,,,,,247號四樓之1,121.388870212596,25.0525822341362
桃園市龜山區長樂里3鄰文禾路247號四樓之2,68,6800700,6800700-000,3鄰,文禾路,,,,,,247號四樓之2,121.388870212596,25.0525822341362
桃園市龜山區長樂里3鄰文禾路247號四樓之3,68,6800700,6800700-000,3鄰,文禾路,,,,,,247號四樓之3,121.388870212596,25.0525822341362
桃園市龜山區長樂里3鄰文禾路247號四樓之5,68,6800700,6800700-000,3鄰,文禾路,,,,,,247號四樓之5,121.388870212596,25.0525822341362
桃園市龜山區長樂里3鄰文禾路247號四樓之6,68,6800700,6800700-000,3鄰,文禾路,,,,,,247號四樓之6,121.388870212596,25.0525822341362
桃園市龜山區長樂里3鄰文禾路247號四樓之7,68,6800700,6800700-000,3鄰,文禾路,,,,,,247號四樓之7,121.388870212596,25.0525822341362
桃園市龜山區長樂里3鄰文禾路247號五樓之1,68,6800700,6800700-000,3鄰,文禾路,,,,,,247號五樓之1,121.388870212596,25.0525822341362
桃園市龜山區長樂里3鄰文禾路247號五樓之2,68,6800700,6800700-000,3鄰,文禾路,,,,,,247號五樓之2,121.388870212596,25.0525822341362
桃園市龜山區長樂里3鄰文禾路247號五樓之3,68,6800700,6800700-000,3鄰,文禾路,,,,,,247號五樓之3,121.388870212596,25.0525822341362
桃園市龜山區長樂里3鄰文禾路247號五樓之5,68,6800700,6800700-000,3鄰,文禾路,,,,,,247號五樓之5,121.388870212596,25.0525822341362
桃園市龜山區長樂里3鄰文禾路247號五樓之6,68,6800700,6800700-000,3鄰,文禾路,,,,,,247號五樓之6,121.388870212596,25.0525822341362
桃園市龜山區長樂里3鄰文禾路247號五樓之7,68,6800700,6800700-000,3鄰,文禾路,,,,,,247號五樓之7,121.388870212596,25.0525822341362
桃園市龜山區長樂里3鄰文禾路247號六樓之1,68,6800700,6800700-000,3鄰,文禾路,,,,,,247號六樓之1,121.388870212596,25.0525822341362
桃園市龜山區長樂里3鄰文禾路247號六樓之2,68,6800700,6800700-000,3鄰,文禾路,,,,,,247號六樓之2,121.388870212596,25.0525822341362
桃園市龜山區長樂里3鄰文禾路247號六樓之3,68,6800700,6800700-000,3鄰,文禾路,,,,,,247號六樓之3,121.388870212596,25.0525822341362
桃園市龜山區長樂里3鄰文禾路247號六樓之5,68,6800700,6800700-000,3鄰,文禾路,,,,,,247號六樓之5,121.388870212596,25.0525822341362
桃園市龜山區長樂里3鄰文禾路247號六樓之6,68,6800700,6800700-000,3鄰,文禾路,,,,,,247號六樓之6,121.388870212596,25.0525822341362
桃園市龜山區長樂里3鄰文禾路247號六樓之7,68,6800700,6800700-000,3鄰,文禾路,,,,,,247號六樓之7,121.388870212596,25.0525822341362
桃園市龜山區長樂里3鄰文禾路247號七樓之1,68,6800700,6800700-000,3鄰,文禾路,,,,,,247號七樓之1,121.388870212596,25.0525822341362
桃園市龜山區長樂里3鄰文禾路247號七樓之2,68,6800700,6800700-000,3鄰,文禾路,,,,,,247號七樓之2,121.388870212596,25.0525822341362
桃園市龜山區長樂里3鄰文禾路247號七樓之3,68,6800700,6800700-000,3鄰,文禾路,,,,,,247號七樓之3,121.388870212596,25.0525822341362
桃園市龜山區長樂里3鄰文禾路247號七樓之5,68,6800700,6800700-000,3鄰,文禾路,,,,,,247號七樓之5,121.388870212596,25.0525822341362
桃園市龜山區長樂里3鄰文禾路247號七樓之6,68,6800700,6800700-000,3鄰,文禾路,,,,,,247號七樓之6,121.388870212596,25.0525822341362
桃園市龜山區長樂里3鄰文禾路247號七樓之7,68,6800700,6800700-000,3鄰,文禾路,,,,,,247號七樓之7,121.388870212596,25.0525822341362
桃園市龜山區長樂里3鄰文禾路247號八樓之1,68,6800700,6800700-000,3鄰,文禾路,,,,,,247號八樓之1,121.388870212596,25.0525822341362
桃園市龜山區長樂里3鄰文禾路247號八樓之2,68,6800700,6800700-000,3鄰,文禾路,,,,,,247號八樓之2,121.388870212596,25.0525822341362
桃園市龜山區長樂里3鄰文禾路247號八樓之3,68,6800700,6800700-000,3鄰,文禾路,,,,,,247號八樓之3,121.388870212596,25.0525822341362
桃園市龜山區長樂里3鄰文禾路247號八樓之5,68,6800700,6800700-000,3鄰,文禾路,,,,,,247號八樓之5,121.388870212596,25.0525822341362
桃園市龜山區長樂里3鄰文禾路247號八樓之6,68,6800700,6800700-000,3鄰,文禾路,,,,,,247號八樓之6,121.388870212596,25.0525822341362
桃園市龜山區長樂里3鄰文禾路247號八樓之7,68,6800700,6800700-000,3鄰,文禾路,,,,,,247號八樓之7,121.388870212596,25.0525822341362
桃園市龜山區長樂里3鄰文禾路247號九樓之1,68,6800700,6800700-000,3鄰,文禾路,,,,,,247號九樓之1,121.388870212596,25.0525822341362
桃園市龜山區長樂里3鄰文禾路247號九樓之2,68,6800700,6800700-000,3鄰,文禾路,,,,,,247號九樓之2,121.388870212596,25.0525822341362
桃園市龜山區長樂里3鄰文禾路247號九樓之3,68,6800700,6800700-000,3鄰,文禾路,,,,,,247號九樓之3,121.388870212596,25.0525822341362
桃園市龜山區長樂里3鄰文禾路247號九樓之5,68,6800700,6800700-000,3鄰,文禾路,,,,,,247號九樓之5,121.388870212596,25.0525822341362
桃園市龜山區長樂里3鄰文禾路247號九樓之6,68,6800700,6800700-000,3鄰,文禾路,,,,,,247號九樓之6,121.388870212596,25.0525822341362
桃園市龜山區長樂里3鄰文禾路247號九樓之7,68,6800700,6800700-000,3鄰,文禾路,,,,,,247號九樓之7,121.388870212596,25.0525822341362
桃園市龜山區長樂里3鄰文禾路247號十一樓之1,68,6800700,6800700-000,3鄰,文禾路,,,,,,247號十一樓之1,121.388870212596,25.0525822341362
桃園市龜山區長樂里3鄰文禾路247號十一樓之2,68,6800700,6800700-000,3鄰,文禾路,,,,,,247號十一樓之2,121.388870212596,25.0525822341362
桃園市龜山區長樂里3鄰文禾路247號十一樓之3,68,6800700,6800700-000,3鄰,文禾路,,,,,,247號十一樓之3,121.388870212596,25.0525822341362
桃園市龜山區長樂里3鄰文禾路247號十一樓之5,68,6800700,6800700-000,3鄰,文禾路,,,,,,247號十一樓之5,121.388870212596,25.0525822341362
桃園市龜山區長樂里3鄰文禾路247號十一樓之6,68,6800700,6800700-000,3鄰,文禾路,,,,,,247號十一樓之6,121.388870212596,25.0525822341362
桃園市龜山區長樂里3鄰文禾路247號十一樓之7,68,6800700,6800700-000,3鄰,文禾路,,,,,,247號十一樓之7,121.388870212596,25.0525822341362
桃園市龜山區長樂里3鄰文禾路247號十二樓之1,68,6800700,6800700-000,3鄰,文禾路,,,,,,247號十二樓之1,121.388870212596,25.0525822341362
桃園市龜山區長樂里3鄰文禾路247號十二樓之2,68,6800700,6800700-000,3鄰,文禾路,,,,,,247號十二樓之2,121.388870212596,25.0525822341362
桃園市龜山區長樂里3鄰文禾路247號十二樓之3,68,6800700,6800700-000,3鄰,文禾路,,,,,,247號十二樓之3,121.388870212596,25.0525822341362
桃園市龜山區長樂里3鄰文禾路247號十二樓之5,68,6800700,6800700-000,3鄰,文禾路,,,,,,247號十二樓之5,121.388870212596,25.0525822341362
桃園市龜山區長樂里3鄰文禾路247號十二樓之6,68,6800700,6800700-000,3鄰,文禾路,,,,,,247號十二樓之6,121.388870212596,25.0525822341362
桃園市龜山區長樂里3鄰文禾路247號十二樓之7,68,6800700,6800700-000,3鄰,文禾路,,,,,,247號十二樓之7,121.388870212596,25.0525822341362
桃園市龜山區長樂里3鄰文禾路247號十三樓之1,68,6800700,6800700-000,3鄰,文禾路,,,,,,247號十三樓之1,121.388870212596,25.0525822341362
桃園市龜山區長樂里3鄰文禾路247號十三樓之2,68,6800700,6800700-000,3鄰,文禾路,,,,,,247號十三樓之2,121.388870212596,25.0525822341362
桃園市龜山區長樂里3鄰文禾路247號十三樓之3,68,6800700,6800700-000,3鄰,文禾路,,,,,,247號十三樓之3,121.388870212596,25.0525822341362
桃園市龜山區長樂里3鄰文禾路247號十三樓之5,68,6800700,6800700-000,3鄰,文禾路,,,,,,247號十三樓之5,121.388870212596,25.0525822341362
桃園市龜山區長樂里3鄰文禾路247號十三樓之6,68,6800700,6800700-000,3鄰,文禾路,,,,,,247號十三樓之6,121.388870212596,25.0525822341362
桃園市龜山區長樂里3鄰文禾路247號十三樓之7,68,6800700,6800700-000,3鄰,文禾路,,,,,,247號十三樓之7,121.388870212596,25.0525822341362
桃園市龜山區長樂里3鄰文禾路247號十四樓之1,68,6800700,6800700-000,3鄰,文禾路,,,,,,247號十四樓之1,121.388870212596,25.0525822341362
桃園市龜山區長樂里3鄰文禾路247號十四樓之2,68,6800700,6800700-000,3鄰,文禾路,,,,,,247號十四樓之2,121.388870212596,25.0525822341362
桃園市龜山區長樂里3鄰文禾路247號十四樓之3,68,6800700,6800700-000,3鄰,文禾路,,,,,,247號十四樓之3,121.388870212596,25.0525822341362
桃園市龜山區長樂里3鄰文禾路247號十四樓之5,68,6800700,6800700-000,3鄰,文禾路,,,,,,247號十四樓之5,121.388870212596,25.0525822341362
桃園市龜山區長樂里3鄰文禾路247號十四樓之6,68,6800700,6800700-000,3鄰,文禾路,,,,,,247號十四樓之6,121.388870212596,25.0525822341362
桃園市龜山區長樂里3鄰文禾路247號十四樓之7,68,6800700,6800700-000,3鄰,文禾路,,,,,,247號十四樓之7,121.388870212596,25.0525822341362
桃園市龜山區長樂里3鄰文禾路247號十五樓之1,68,6800700,6800700-000,3鄰,文禾路,,,,,,247號十五樓之1,121.388870212596,25.0525822341362
桃園市龜山區長樂里3鄰文禾路247號十五樓之2,68,6800700,6800700-000,3鄰,文禾路,,,,,,247號十五樓之2,121.388870212596,25.0525822341362
桃園市龜山區長樂里3鄰文禾路247號十五樓之3,68,6800700,6800700-000,3鄰,文禾路,,,,,,247號十五樓之3,121.388870212596,25.0525822341362
桃園市龜山區長樂里3鄰文禾路247號十五樓之5,68,6800700,6800700-000,3鄰,文禾路,,,,,,247號十五樓之5,121.388870212596,25.0525822341362
桃園市龜山區長樂里3鄰文禾路247號十五樓之6,68,6800700,6800700-000,3鄰,文禾路,,,,,,247號十五樓之6,121.388870212596,25.0525822341362
桃園市龜山區長樂里3鄰文禾路247號十五樓之7,68,6800700,6800700-000,3鄰,文禾路,,,,,,247號十五樓之7,121.388870212596,25.0525822341362
桃園市龜山區長樂里3鄰文禾路247號十六樓之1,68,6800700,6800700-000,3鄰,文禾路,,,,,,247號十六樓之1,121.388870212596,25.0525822341362
桃園市龜山區長樂里3鄰文禾路247號十六樓之2,68,6800700,6800700-000,3鄰,文禾路,,,,,,247號十六樓之2,121.388870212596,25.0525822341362
桃園市龜山區長樂里3鄰文禾路247號十六樓之3,68,6800700,6800700-000,3鄰,文禾路,,,,,,247號十六樓之3,121.388870212596,25.0525822341362
桃園市龜山區長樂里3鄰文禾路247號十六樓之5,68,6800700,6800700-000,3鄰,文禾路,,,,,,247號十六樓之5,121.388870212596,25.0525822341362
桃園市龜山區長樂里3鄰文禾路247號十六樓之6,68,6800700,6800700-000,3鄰,文禾路,,,,,,247號十六樓之6,121.388870212596,25.0525822341362
桃園市龜山區長樂里3鄰文禾路247號十六樓之7,68,6800700,6800700-000,3鄰,文禾路,,,,,,247號十六樓之7,121.388870212596,25.0525822341362
桃園市龜山區長樂里3鄰文禾路247號十七樓之1,68,6800700,6800700-000,3鄰,文禾路,,,,,,247號十七樓之1,121.388870212596,25.0525822341362
桃園市龜山區長樂里3鄰文禾路247號十七樓之2,68,6800700,6800700-000,3鄰,文禾路,,,,,,247號十七樓之2,121.388870212596,25.0525822341362
桃園市龜山區長樂里3鄰文禾路247號十七樓之3,68,6800700,6800700-000,3鄰,文禾路,,,,,,247號十七樓之3,121.388870212596,25.0525822341362
桃園市龜山區長樂里3鄰文禾路247號十七樓之5,68,6800700,6800700-000,3鄰,文禾路,,,,,,247號十七樓之5,121.388870212596,25.0525822341362
桃園市龜山區長樂里3鄰文禾路247號十七樓之6,68,6800700,6800700-000,3鄰,文禾路,,,,,,247號十七樓之6,121.388870212596,25.0525822341362
桃園市龜山區長樂里3鄰文禾路247號十七樓之7,68,6800700,6800700-000,3鄰,文禾路,,,,,,247號十七樓之7,121.388870212596,25.0525822341362
桃園市龜山區長樂里3鄰文禾路247號十八樓之1,68,6800700,6800700-000,3鄰,文禾路,,,,,,247號十八樓之1,121.388870212596,25.0525822341362
桃園市龜山區長樂里3鄰文禾路247號十八樓之2,68,6800700,6800700-000,3鄰,文禾路,,,,,,247號十八樓之2,121.388870212596,25.0525822341362
桃園市龜山區長樂里3鄰文禾路247號十八樓之3,68,6800700,6800700-000,3鄰,文禾路,,,,,,247號十八樓之3,121.388870212596,25.0525822341362
桃園市龜山區長樂里3鄰文禾路247號十八樓之5,68,6800700,6800700-000,3鄰,文禾路,,,,,,247號十八樓之5,121.388870212596,25.0525822341362
桃園市龜山區長樂里3鄰文禾路247號十八樓之6,68,6800700,6800700-000,3鄰,文禾路,,,,,,247號十八樓之6,121.388870212596,25.0525822341362
桃園市龜山區長樂里3鄰文禾路247號十八樓之7,68,6800700,6800700-000,3鄰,文禾路,,,,,,247號十八樓之7,121.388870212596,25.0525822341362
桃園市龜山區長樂里3鄰文禾路247號十九樓之1,68,6800700,6800700-000,3鄰,文禾路,,,,,,247號十九樓之1,121.388870212596,25.0525822341362
桃園市龜山區長樂里3鄰文禾路247號十九樓之2,68,6800700,6800700-000,3鄰,文禾路,,,,,,247號十九樓之2,121.388870212596,25.0525822341362
桃園市龜山區長樂里3鄰文禾路247號十九樓之3,68,6800700,6800700-000,3鄰,文禾路,,,,,,247號十九樓之3,121.388870212596,25.0525822341362
桃園市龜山區長樂里3鄰文禾路247號十九樓之5,68,6800700,6800700-000,3鄰,文禾路,,,,,,247號十九樓之5,121.388870212596,25.0525822341362
桃園市龜山區長樂里3鄰文禾路247號十九樓之6,68,6800700,6800700-000,3鄰,文禾路,,,,,,247號十九樓之6,121.388870212596,25.0525822341362
桃園市龜山區長樂里3鄰文禾路247號十九樓之7,68,6800700,6800700-000,3鄰,文禾路,,,,,,247號十九樓之7,121.388870212596,25.0525822341362
桃園市龜山區長樂里3鄰文禾路247號二十樓之1,68,6800700,6800700-000,3鄰,文禾路,,,,,,247號二十樓之1,121.388870212596,25.0525822341362
桃園市龜山區長樂里3鄰文禾路247號二十樓之2,68,6800700,6800700-000,3鄰,文禾路,,,,,,247號二十樓之2,121.388870212596,25.0525822341362
桃園市龜山區長樂里3鄰文禾路247號二十樓之3,68,6800700,6800700-000,3鄰,文禾路,,,,,,247號二十樓之3,121.388870212596,25.0525822341362
桃園市龜山區長樂里3鄰文禾路247號二十樓之5,68,6800700,6800700-000,3鄰,文禾路,,,,,,247號二十樓之5,121.388870212596,25.0525822341362
桃園市龜山區長樂里3鄰文禾路247號二十樓之6,68,6800700,6800700-000,3鄰,文禾路,,,,,,247號二十樓之6,121.388870212596,25.0525822341362
桃園市龜山區長樂里3鄰文禾路247號二十樓之7,68,6800700,6800700-000,3鄰,文禾路,,,,,,247號二十樓之7,121.388870212596,25.0525822341362
桃園市龜山區長樂里3鄰文禾路247號二十一樓之1,68,6800700,6800700-000,3鄰,文禾路,,,,,,247號二十一樓之1,121.388870212596,25.0525822341362
桃園市龜山區長樂里3鄰文禾路247號二十一樓之2,68,6800700,6800700-000,3鄰,文禾路,,,,,,247號二十一樓之2,121.388870212596,25.0525822341362
桃園市龜山區長樂里3鄰文禾路247號二十一樓之3,68,6800700,6800700-000,3鄰,文禾路,,,,,,247號二十一樓之3,121.388870212596,25.0525822341362
桃園市龜山區長樂里3鄰文禾路247號二十一樓之5,68,6800700,6800700-000,3鄰,文禾路,,,,,,247號二十一樓之5,121.388870212596,25.0525822341362
桃園市龜山區長樂里3鄰文禾路247號二十一樓之6,68,6800700,6800700-000,3鄰,文禾路,,,,,,247號二十一樓之6,121.388870212596,25.0525822341362
桃園市龜山區長樂里3鄰文禾路247號二十一樓之7,68,6800700,6800700-000,3鄰,文禾路,,,,,,247號二十一樓之7,121.388870212596,25.0525822341362
桃園市龜山區長樂里3鄰文禾路247號二十二樓之1,68,6800700,6800700-000,3鄰,文禾路,,,,,,247號二十二樓之1,121.388870212596,25.0525822341362
桃園市龜山區長樂里3鄰文禾路247號二十二樓之2,68,6800700,6800700-000,3鄰,文禾路,,,,,,247號二十二樓之2,121.388870212596,25.0525822341362
桃園市龜山區長樂里3鄰文禾路247號二十二樓之3,68,6800700,6800700-000,3鄰,文禾路,,,,,,247號二十二樓之3,121.388870212596,25.0525822341362
桃園市龜山區長樂里3鄰文禾路247號二十二樓之5,68,6800700,6800700-000,3鄰,文禾路,,,,,,247號二十二樓之5,121.388870212596,25.0525822341362
桃園市龜山區長樂里3鄰文禾路247號二十二樓之6,68,6800700,6800700-000,3鄰,文禾路,,,,,,247號二十二樓之6,121.388870212596,25.0525822341362
桃園市龜山區長樂里3鄰文禾路247號二十二樓之7,68,6800700,6800700-000,3鄰,文禾路,,,,,,247號二十二樓之7,121.388870212596,25.0525822341362
桃園市龜山區長樂里3鄰文禾路247號二十三樓之1,68,6800700,6800700-000,3鄰,文禾路,,,,,,247號二十三樓之1,121.388870212596,25.0525822341362
桃園市龜山區長樂里3鄰文禾路247號二十三樓之2,68,6800700,6800700-000,3鄰,文禾路,,,,,,247號二十三樓之2,121.388870212596,25.0525822341362
桃園市龜山區長樂里3鄰文禾路247號二十三樓之3,68,6800700,6800700-000,3鄰,文禾路,,,,,,247號二十三樓之3,121.388870212596,25.0525822341362
桃園市龜山區長樂里3鄰文禾路247號二十三樓之5,68,6800700,6800700-000,3鄰,文禾路,,,,,,247號二十三樓之5,121.388870212596,25.0525822341362
桃園市龜山區長樂里3鄰文禾路247號二十三樓之6,68,6800700,6800700-000,3鄰,文禾路,,,,,,247號二十三樓之6,121.388870212596,25.0525822341362
桃園市龜山區長樂里3鄰文禾路247號二十三樓之7,68,6800700,6800700-000,3鄰,文禾路,,,,,,247號二十三樓之7,121.388870212596,25.0525822341362
桃園市龜山區長樂里3鄰文禾路247號二十四樓之1,68,6800700,6800700-000,3鄰,文禾路,,,,,,247號二十四樓之1,121.388870212596,25.0525822341362
桃園市龜山區長樂里3鄰文禾路247號二十四樓之2,68,6800700,6800700-000,3鄰,文禾路,,,,,,247號二十四樓之2,121.388870212596,25.0525822341362
桃園市龜山區長樂里3鄰文禾路247號二十四樓之3,68,6800700,6800700-000,3鄰,文禾路,,,,,,247號二十四樓之3,121.388870212596,25.0525822341362
桃園市龜山區長樂里3鄰文禾路247號二十四樓之5,68,6800700,6800700-000,3鄰,文禾路,,,,,,247號二十四樓之5,121.388870212596,25.0525822341362
桃園市龜山區長樂里3鄰文禾路247號二十四樓之6,68,6800700,6800700-000,3鄰,文禾路,,,,,,247號二十四樓之6,121.388870212596,25.0525822341362
桃園市龜山區長樂里3鄰文禾路247號二十四樓之7,68,6800700,6800700-000,3鄰,文禾路,,,,,,247號二十四樓之7,121.388870212596,25.0525822341362
桃園市龜山區長樂里3鄰文禾路249號,68,6800700,6800700-000,3鄰,文禾路,,,,,,249號,121.38887882001,25.0526716809096
桃園市龜山區長樂里3鄰文禾路251號,68,6800700,6800700-000,3鄰,文禾路,,,,,,251號,121.38898186947,25.0526639176868
桃園市龜山區長樂里3鄰文禾路253號,68,6800700,6800700-000,3鄰,文禾路,,,,,,253號,121.38928213994,25.0525911764082
桃園市龜山區長樂里3鄰文禾路253號十樓之1,68,6800700,6800700-000,3鄰,文禾路,,,,,,253號十樓之1,121.38928213994,25.0525911764082
桃園市龜山區長樂里3鄰文禾路253號十樓之2,68,6800700,6800700-000,3鄰,文禾路,,,,,,253號十樓之2,121.38928213994,25.0525911764082
桃園市龜山區長樂里3鄰文禾路253號十樓之3,68,6800700,6800700-000,3鄰,文禾路,,,,,,253號十樓之3,121.38928213994,25.0525911764082
桃園市龜山區長樂里3鄰文禾路253號十樓之5,68,6800700,6800700-000,3鄰,文禾路,,,,,,253號十樓之5,121.38928213994,25.0525911764082
桃園市龜山區長樂里3鄰文禾路253號十樓之6,68,6800700,6800700-000,3鄰,文禾路,,,,,,253號十樓之6,121.38928213994,25.0525911764082
桃園市龜山區長樂里3鄰文禾路253號十樓之7,68,6800700,6800700-000,3鄰,文禾路,,,,,,253號十樓之7,121.38928213994,25.0525911764082
桃園市龜山區長樂里3鄰文禾路253號二樓之1,68,6800700,6800700-000,3鄰,文禾路,,,,,,253號二樓之1,121.38928213994,25.0525911764082
桃園市龜山區長樂里3鄰文禾路253號二樓之2,68,6800700,6800700-000,3鄰,文禾路,,,,,,253號二樓之2,121.38928213994,25.0525911764082
桃園市龜山區長樂里3鄰文禾路253號二樓之3,68,6800700,6800700-000,3鄰,文禾路,,,,,,253號二樓之3,121.38928213994,25.0525911764082
桃園市龜山區長樂里3鄰文禾路253號二樓之5,68,6800700,6800700-000,3鄰,文禾路,,,,,,253號二樓之5,121.38928213994,25.0525911764082
桃園市龜山區長樂里3鄰文禾路253號二樓之6,68,6800700,6800700-000,3鄰,文禾路,,,,,,253號二樓之6,121.38928213994,25.0525911764082
桃園市龜山區長樂里3鄰文禾路253號二樓之7,68,6800700,6800700-000,3鄰,文禾路,,,,,,253號二樓之7,121.38928213994,25.0525911764082
桃園市龜山區長樂里3鄰文禾路253號三樓之1,68,6800700,6800700-000,3鄰,文禾路,,,,,,253號三樓之1,121.38928213994,25.0525911764082
桃園市龜山區長樂里3鄰文禾路253號三樓之2,68,6800700,6800700-000,3鄰,文禾路,,,,,,253號三樓之2,121.38928213994,25.0525911764082
桃園市龜山區長樂里3鄰文禾路253號三樓之3,68,6800700,6800700-000,3鄰,文禾路,,,,,,253號三樓之3,121.38928213994,25.0525911764082
桃園市龜山區長樂里3鄰文禾路253號三樓之5,68,6800700,6800700-000,3鄰,文禾路,,,,,,253號三樓之5,121.38928213994,25.0525911764082
桃園市龜山區長樂里3鄰文禾路253號三樓之6,68,6800700,6800700-000,3鄰,文禾路,,,,,,253號三樓之6,121.38928213994,25.0525911764082
桃園市龜山區長樂里3鄰文禾路253號三樓之7,68,6800700,6800700-000,3鄰,文禾路,,,,,,253號三樓之7,121.38928213994,25.0525911764082
桃園市龜山區長樂里3鄰文禾路253號四樓之1,68,6800700,6800700-000,3鄰,文禾路,,,,,,253號四樓之1,121.38928213994,25.0525911764082
桃園市龜山區長樂里3鄰文禾路253號四樓之2,68,6800700,6800700-000,3鄰,文禾路,,,,,,253號四樓之2,121.38928213994,25.0525911764082
桃園市龜山區長樂里3鄰文禾路253號四樓之3,68,6800700,6800700-000,3鄰,文禾路,,,,,,253號四樓之3,121.38928213994,25.0525911764082
桃園市龜山區長樂里3鄰文禾路253號四樓之5,68,6800700,6800700-000,3鄰,文禾路,,,,,,253號四樓之5,121.38928213994,25.0525911764082
桃園市龜山區長樂里3鄰文禾路253號四樓之6,68,6800700,6800700-000,3鄰,文禾路,,,,,,253號四樓之6,121.38928213994,25.0525911764082
桃園市龜山區長樂里3鄰文禾路253號四樓之7,68,6800700,6800700-000,3鄰,文禾路,,,,,,253號四樓之7,121.38928213994,25.0525911764082
桃園市龜山區長樂里3鄰文禾路253號五樓之1,68,6800700,6800700-000,3鄰,文禾路,,,,,,253號五樓之1,121.38928213994,25.0525911764082
桃園市龜山區長樂里3鄰文禾路253號五樓之2,68,6800700,6800700-000,3鄰,文禾路,,,,,,253號五樓之2,121.38928213994,25.0525911764082
桃園市龜山區長樂里3鄰文禾路253號五樓之3,68,6800700,6800700-000,3鄰,文禾路,,,,,,253號五樓之3,121.38928213994,25.0525911764082
桃園市龜山區長樂里3鄰文禾路253號五樓之5,68,6800700,6800700-000,3鄰,文禾路,,,,,,253號五樓之5,121.38928213994,25.0525911764082
桃園市龜山區長樂里3鄰文禾路253號五樓之6,68,6800700,6800700-000,3鄰,文禾路,,,,,,253號五樓之6,121.38928213994,25.0525911764082
桃園市龜山區長樂里3鄰文禾路253號五樓之7,68,6800700,6800700-000,3鄰,文禾路,,,,,,253號五樓之7,121.38928213994,25.0525911764082
桃園市龜山區長樂里3鄰文禾路253號六樓之1,68,6800700,6800700-000,3鄰,文禾路,,,,,,253號六樓之1,121.38928213994,25.0525911764082
桃園市龜山區長樂里3鄰文禾路253號六樓之2,68,6800700,6800700-000,3鄰,文禾路,,,,,,253號六樓之2,121.38928213994,25.0525911764082
桃園市龜山區長樂里3鄰文禾路253號六樓之3,68,6800700,6800700-000,3鄰,文禾路,,,,,,253號六樓之3,121.38928213994,25.0525911764082
桃園市龜山區長樂里3鄰文禾路253號六樓之5,68,6800700,6800700-000,3鄰,文禾路,,,,,,253號六樓之5,121.38928213994,25.0525911764082
桃園市龜山區長樂里3鄰文禾路253號六樓之6,68,6800700,6800700-000,3鄰,文禾路,,,,,,253號六樓之6,121.38928213994,25.0525911764082
桃園市龜山區長樂里3鄰文禾路253號六樓之7,68,6800700,6800700-000,3鄰,文禾路,,,,,,253號六樓之7,121.38928213994,25.0525911764082
桃園市龜山區長樂里3鄰文禾路253號七樓之1,68,6800700,6800700-000,3鄰,文禾路,,,,,,253號七樓之1,121.38928213994,25.0525911764082
桃園市龜山區長樂里3鄰文禾路253號七樓之2,68,6800700,6800700-000,3鄰,文禾路,,,,,,253號七樓之2,121.38928213994,25.0525911764082
桃園市龜山區長樂里3鄰文禾路253號七樓之3,68,6800700,6800700-000,3鄰,文禾路,,,,,,253號七樓之3,121.38928213994,25.0525911764082
桃園市龜山區長樂里3鄰文禾路253號七樓之5,68,6800700,6800700-000,3鄰,文禾路,,,,,,253號七樓之5,121.38928213994,25.0525911764082
桃園市龜山區長樂里3鄰文禾路253號七樓之6,68,6800700,6800700-000,3鄰,文禾路,,,,,,253號七樓之6,121.38928213994,25.0525911764082
桃園市龜山區長樂里3鄰文禾路253號七樓之7,68,6800700,6800700-000,3鄰,文禾路,,,,,,253號七樓之7,121.38928213994,25.0525911764082
桃園市龜山區長樂里3鄰文禾路253號八樓之1,68,6800700,6800700-000,3鄰,文禾路,,,,,,253號八樓之1,121.38928213994,25.0525911764082
桃園市龜山區長樂里3鄰文禾路253號八樓之2,68,6800700,6800700-000,3鄰,文禾路,,,,,,253號八樓之2,121.38928213994,25.0525911764082
桃園市龜山區長樂里3鄰文禾路253號八樓之3,68,6800700,6800700-000,3鄰,文禾路,,,,,,253號八樓之3,121.38928213994,25.0525911764082
桃園市龜山區長樂里3鄰文禾路253號八樓之5,68,6800700,6800700-000,3鄰,文禾路,,,,,,253號八樓之5,121.38928213994,25.0525911764082
桃園市龜山區長樂里3鄰文禾路253號八樓之6,68,6800700,6800700-000,3鄰,文禾路,,,,,,253號八樓之6,121.38928213994,25.0525911764082
桃園市龜山區長樂里3鄰文禾路253號八樓之7,68,6800700,6800700-000,3鄰,文禾路,,,,,,253號八樓之7,121.38928213994,25.0525911764082
桃園市龜山區長樂里3鄰文禾路253號九樓之1,68,6800700,6800700-000,3鄰,文禾路,,,,,,253號九樓之1,121.38928213994,25.0525911764082
桃園市龜山區長樂里3鄰文禾路253號九樓之2,68,6800700,6800700-000,3鄰,文禾路,,,,,,253號九樓之2,121.38928213994,25.0525911764082
桃園市龜山區長樂里3鄰文禾路253號九樓之3,68,6800700,6800700-000,3鄰,文禾路,,,,,,253號九樓之3,121.38928213994,25.0525911764082
桃園市龜山區長樂里3鄰文禾路253號九樓之5,68,6800700,6800700-000,3鄰,文禾路,,,,,,253號九樓之5,121.38928213994,25.0525911764082
桃園市龜山區長樂里3鄰文禾路253號九樓之6,68,6800700,6800700-000,3鄰,文禾路,,,,,,253號九樓之6,121.38928213994,25.0525911764082
桃園市龜山區長樂里3鄰文禾路253號九樓之7,68,6800700,6800700-000,3鄰,文禾路,,,,,,253號九樓之7,121.38928213994,25.0525911764082
桃園市龜山區長樂里3鄰文禾路253號十一樓之1,68,6800700,6800700-000,3鄰,文禾路,,,,,,253號十一樓之1,121.38928213994,25.0525911764082
桃園市龜山區長樂里3鄰文禾路253號十一樓之2,68,6800700,6800700-000,3鄰,文禾路,,,,,,253號十一樓之2,121.38928213994,25.0525911764082
桃園市龜山區長樂里3鄰文禾路253號十一樓之3,68,6800700,6800700-000,3鄰,文禾路,,,,,,253號十一樓之3,121.38928213994,25.0525911764082
桃園市龜山區長樂里3鄰文禾路253號十一樓之5,68,6800700,6800700-000,3鄰,文禾路,,,,,,253號十一樓之5,121.38928213994,25.0525911764082
桃園市龜山區長樂里3鄰文禾路253號十一樓之6,68,6800700,6800700-000,3鄰,文禾路,,,,,,253號十一樓之6,121.38928213994,25.0525911764082
桃園市龜山區長樂里3鄰文禾路253號十一樓之7,68,6800700,6800700-000,3鄰,文禾路,,,,,,253號十一樓之7,121.38928213994,25.0525911764082
桃園市龜山區長樂里3鄰文禾路253號十二樓之1,68,6800700,6800700-000,3鄰,文禾路,,,,,,253號十二樓之1,121.38928213994,25.0525911764082
桃園市龜山區長樂里3鄰文禾路253號十二樓之2,68,6800700,6800700-000,3鄰,文禾路,,,,,,253號十二樓之2,121.38928213994,25.0525911764082
桃園市龜山區長樂里3鄰文禾路253號十二樓之3,68,6800700,6800700-000,3鄰,文禾路,,,,,,253號十二樓之3,121.38928213994,25.0525911764082
桃園市龜山區長樂里3鄰文禾路253號十二樓之5,68,6800700,6800700-000,3鄰,文禾路,,,,,,253號十二樓之5,121.38928213994,25.0525911764082
桃園市龜山區長樂里3鄰文禾路253號十二樓之6,68,6800700,6800700-000,3鄰,文禾路,,,,,,253號十二樓之6,121.38928213994,25.0525911764082
桃園市龜山區長樂里3鄰文禾路253號十二樓之7,68,6800700,6800700-000,3鄰,文禾路,,,,,,253號十二樓之7,121.38928213994,25.0525911764082
桃園市龜山區長樂里3鄰文禾路253號十三樓之1,68,6800700,6800700-000,3鄰,文禾路,,,,,,253號十三樓之1,121.38928213994,25.0525911764082
桃園市龜山區長樂里3鄰文禾路253號十三樓之2,68,6800700,6800700-000,3鄰,文禾路,,,,,,253號十三樓之2,121.38928213994,25.0525911764082
桃園市龜山區長樂里3鄰文禾路253號十三樓之3,68,6800700,6800700-000,3鄰,文禾路,,,,,,253號十三樓之3,121.38928213994,25.0525911764082
桃園市龜山區長樂里3鄰文禾路253號十三樓之5,68,6800700,6800700-000,3鄰,文禾路,,,,,,253號十三樓之5,121.38928213994,25.0525911764082
桃園市龜山區長樂里3鄰文禾路253號十三樓之6,68,6800700,6800700-000,3鄰,文禾路,,,,,,253號十三樓之6,121.38928213994,25.0525911764082
桃園市龜山區長樂里3鄰文禾路253號十三樓之7,68,6800700,6800700-000,3鄰,文禾路,,,,,,253號十三樓之7,121.38928213994,25.0525911764082
桃園市龜山區長樂里3鄰文禾路253號十四樓之1,68,6800700,6800700-000,3鄰,文禾路,,,,,,253號十四樓之1,121.38928213994,25.0525911764082
桃園市龜山區長樂里3鄰文禾路253號十四樓之2,68,6800700,6800700-000,3鄰,文禾路,,,,,,253號十四樓之2,121.38928213994,25.0525911764082
桃園市龜山區長樂里3鄰文禾路253號十四樓之3,68,6800700,6800700-000,3鄰,文禾路,,,,,,253號十四樓之3,121.38928213994,25.0525911764082
桃園市龜山區長樂里3鄰文禾路253號十四樓之5,68,6800700,6800700-000,3鄰,文禾路,,,,,,253號十四樓之5,121.38928213994,25.0525911764082
桃園市龜山區長樂里3鄰文禾路253號十四樓之6,68,6800700,6800700-000,3鄰,文禾路,,,,,,253號十四樓之6,121.38928213994,25.0525911764082
桃園市龜山區長樂里3鄰文禾路253號十四樓之7,68,6800700,6800700-000,3鄰,文禾路,,,,,,253號十四樓之7,121.38928213994,25.0525911764082
桃園市龜山區長樂里3鄰文禾路253號十五樓之1,68,6800700,6800700-000,3鄰,文禾路,,,,,,253號十五樓之1,121.38928213994,25.0525911764082
桃園市龜山區長樂里3鄰文禾路253號十五樓之2,68,6800700,6800700-000,3鄰,文禾路,,,,,,253號十五樓之2,121.38928213994,25.0525911764082
桃園市龜山區長樂里3鄰文禾路253號十五樓之3,68,6800700,6800700-000,3鄰,文禾路,,,,,,253號十五樓之3,121.38928213994,25.0525911764082
桃園市龜山區長樂里3鄰文禾路253號十五樓之5,68,6800700,6800700-000,3鄰,文禾路,,,,,,253號十五樓之5,121.38928213994,25.0525911764082
桃園市龜山區長樂里3鄰文禾路253號十五樓之6,68,6800700,6800700-000,3鄰,文禾路,,,,,,253號十五樓之6,121.38928213994,25.0525911764082
桃園市龜山區長樂里3鄰文禾路253號十五樓之7,68,6800700,6800700-000,3鄰,文禾路,,,,,,253號十五樓之7,121.38928213994,25.0525911764082
桃園市龜山區長樂里3鄰文禾路253號十六樓之1,68,6800700,6800700-000,3鄰,文禾路,,,,,,253號十六樓之1,121.38928213994,25.0525911764082
桃園市龜山區長樂里3鄰文禾路253號十六樓之2,68,6800700,6800700-000,3鄰,文禾路,,,,,,253號十六樓之2,121.38928213994,25.0525911764082
桃園市龜山區長樂里3鄰文禾路253號十六樓之3,68,6800700,6800700-000,3鄰,文禾路,,,,,,253號十六樓之3,121.38928213994,25.0525911764082
桃園市龜山區長樂里3鄰文禾路253號十六樓之5,68,6800700,6800700-000,3鄰,文禾路,,,,,,253號十六樓之5,121.38928213994,25.0525911764082
桃園市龜山區長樂里3鄰文禾路253號十六樓之6,68,6800700,6800700-000,3鄰,文禾路,,,,,,253號十六樓之6,121.38928213994,25.0525911764082
桃園市龜山區長樂里3鄰文禾路253號十六樓之7,68,6800700,6800700-000,3鄰,文禾路,,,,,,253號十六樓之7,121.38928213994,25.0525911764082
桃園市龜山區長樂里3鄰文禾路253號十七樓之1,68,6800700,6800700-000,3鄰,文禾路,,,,,,253號十七樓之1,121.38928213994,25.0525911764082
桃園市龜山區長樂里3鄰文禾路253號十七樓之2,68,6800700,6800700-000,3鄰,文禾路,,,,,,253號十七樓之2,121.38928213994,25.0525911764082
桃園市龜山區長樂里3鄰文禾路253號十七樓之3,68,6800700,6800700-000,3鄰,文禾路,,,,,,253號十七樓之3,121.38928213994,25.0525911764082
桃園市龜山區長樂里3鄰文禾路253號十七樓之5,68,6800700,6800700-000,3鄰,文禾路,,,,,,253號十七樓之5,121.38928213994,25.0525911764082
桃園市龜山區長樂里3鄰文禾路253號十七樓之6,68,6800700,6800700-000,3鄰,文禾路,,,,,,253號十七樓之6,121.38928213994,25.0525911764082
桃園市龜山區長樂里3鄰文禾路253號十七樓之7,68,6800700,6800700-000,3鄰,文禾路,,,,,,253號十七樓之7,121.38928213994,25.0525911764082
桃園市龜山區長樂里3鄰文禾路253號十八樓之1,68,6800700,6800700-000,3鄰,文禾路,,,,,,253號十八樓之1,121.38928213994,25.0525911764082
桃園市龜山區長樂里3鄰文禾路253號十八樓之2,68,6800700,6800700-000,3鄰,文禾路,,,,,,253號十八樓之2,121.38928213994,25.0525911764082
桃園市龜山區長樂里3鄰文禾路253號十八樓之3,68,6800700,6800700-000,3鄰,文禾路,,,,,,253號十八樓之3,121.38928213994,25.0525911764082
桃園市龜山區長樂里3鄰文禾路253號十八樓之5,68,6800700,6800700-000,3鄰,文禾路,,,,,,253號十八樓之5,121.38928213994,25.0525911764082
桃園市龜山區長樂里3鄰文禾路253號十八樓之6,68,6800700,6800700-000,3鄰,文禾路,,,,,,253號十八樓之6,121.38928213994,25.0525911764082
桃園市龜山區長樂里3鄰文禾路253號十八樓之7,68,6800700,6800700-000,3鄰,文禾路,,,,,,253號十八樓之7,121.38928213994,25.0525911764082
桃園市龜山區長樂里3鄰文禾路253號十九樓之1,68,6800700,6800700-000,3鄰,文禾路,,,,,,253號十九樓之1,121.38928213994,25.0525911764082
桃園市龜山區長樂里3鄰文禾路253號十九樓之2,68,6800700,6800700-000,3鄰,文禾路,,,,,,253號十九樓之2,121.38928213994,25.0525911764082
桃園市龜山區長樂里3鄰文禾路253號十九樓之3,68,6800700,6800700-000,3鄰,文禾路,,,,,,253號十九樓之3,121.38928213994,25.0525911764082
桃園市龜山區長樂里3鄰文禾路253號十九樓之5,68,6800700,6800700-000,3鄰,文禾路,,,,,,253號十九樓之5,121.38928213994,25.0525911764082
桃園市龜山區長樂里3鄰文禾路253號十九樓之6,68,6800700,6800700-000,3鄰,文禾路,,,,,,253號十九樓之6,121.38928213994,25.0525911764082
桃園市龜山區長樂里3鄰文禾路253號十九樓之7,68,6800700,6800700-000,3鄰,文禾路,,,,,,253號十九樓之7,121.38928213994,25.0525911764082
桃園市龜山區長樂里3鄰文禾路253號二十樓之1,68,6800700,6800700-000,3鄰,文禾路,,,,,,253號二十樓之1,121.38928213994,25.0525911764082
桃園市龜山區長樂里3鄰文禾路253號二十樓之2,68,6800700,6800700-000,3鄰,文禾路,,,,,,253號二十樓之2,121.38928213994,25.0525911764082
桃園市龜山區長樂里3鄰文禾路253號二十樓之3,68,6800700,6800700-000,3鄰,文禾路,,,,,,253號二十樓之3,121.38928213994,25.0525911764082
桃園市龜山區長樂里3鄰文禾路253號二十樓之5,68,6800700,6800700-000,3鄰,文禾路,,,,,,253號二十樓之5,121.38928213994,25.0525911764082
桃園市龜山區長樂里3鄰文禾路253號二十樓之6,68,6800700,6800700-000,3鄰,文禾路,,,,,,253號二十樓之6,121.38928213994,25.0525911764082
桃園市龜山區長樂里3鄰文禾路253號二十樓之7,68,6800700,6800700-000,3鄰,文禾路,,,,,,253號二十樓之7,121.38928213994,25.0525911764082
桃園市龜山區長樂里3鄰文禾路253號二十一樓之1,68,6800700,6800700-000,3鄰,文禾路,,,,,,253號二十一樓之1,121.38928213994,25.0525911764082
桃園市龜山區長樂里3鄰文禾路253號二十一樓之2,68,6800700,6800700-000,3鄰,文禾路,,,,,,253號二十一樓之2,121.38928213994,25.0525911764082
桃園市龜山區長樂里3鄰文禾路253號二十一樓之3,68,6800700,6800700-000,3鄰,文禾路,,,,,,253號二十一樓之3,121.38928213994,25.0525911764082
桃園市龜山區長樂里3鄰文禾路253號二十一樓之5,68,6800700,6800700-000,3鄰,文禾路,,,,,,253號二十一樓之5,121.38928213994,25.0525911764082
桃園市龜山區長樂里3鄰文禾路253號二十一樓之6,68,6800700,6800700-000,3鄰,文禾路,,,,,,253號二十一樓之6,121.38928213994,25.0525911764082
桃園市龜山區長樂里3鄰文禾路253號二十一樓之7,68,6800700,6800700-000,3鄰,文禾路,,,,,,253號二十一樓之7,121.38928213994,25.0525911764082
桃園市龜山區長樂里3鄰文禾路253號二十二樓之1,68,6800700,6800700-000,3鄰,文禾路,,,,,,253號二十二樓之1,121.38928213994,25.0525911764082
桃園市龜山區長樂里3鄰文禾路253號二十二樓之2,68,6800700,6800700-000,3鄰,文禾路,,,,,,253號二十二樓之2,121.38928213994,25.0525911764082
桃園市龜山區長樂里3鄰文禾路253號二十二樓之3,68,6800700,6800700-000,3鄰,文禾路,,,,,,253號二十二樓之3,121.38928213994,25.0525911764082
桃園市龜山區長樂里3鄰文禾路253號二十二樓之5,68,6800700,6800700-000,3鄰,文禾路,,,,,,253號二十二樓之5,121.38928213994,25.0525911764082
桃園市龜山區長樂里3鄰文禾路253號二十二樓之6,68,6800700,6800700-000,3鄰,文禾路,,,,,,253號二十二樓之6,121.38928213994,25.0525911764082
桃園市龜山區長樂里3鄰文禾路253號二十二樓之7,68,6800700,6800700-000,3鄰,文禾路,,,,,,253號二十二樓之7,121.38928213994,25.0525911764082
桃園市龜山區長樂里3鄰文禾路253號二十三樓之1,68,6800700,6800700-000,3鄰,文禾路,,,,,,253號二十三樓之1,121.38928213994,25.0525911764082
桃園市龜山區長樂里3鄰文禾路253號二十三樓之2,68,6800700,6800700-000,3鄰,文禾路,,,,,,253號二十三樓之2,121.38928213994,25.0525911764082
桃園市龜山區長樂里3鄰文禾路253號二十三樓之3,68,6800700,6800700-000,3鄰,文禾路,,,,,,253號二十三樓之3,121.38928213994,25.0525911764082
桃園市龜山區長樂里3鄰文禾路253號二十三樓之5,68,6800700,6800700-000,3鄰,文禾路,,,,,,253號二十三樓之5,121.38928213994,25.0525911764082
桃園市龜山區長樂里3鄰文禾路253號二十三樓之6,68,6800700,6800700-000,3鄰,文禾路,,,,,,253號二十三樓之6,121.38928213994,25.0525911764082
桃園市龜山區長樂里3鄰文禾路253號二十三樓之7,68,6800700,6800700-000,3鄰,文禾路,,,,,,253號二十三樓之7,121.38928213994,25.0525911764082
桃園市龜山區長樂里3鄰文禾路253號二十四樓之1,68,6800700,6800700-000,3鄰,文禾路,,,,,,253號二十四樓之1,121.38928213994,25.0525911764082
桃園市龜山區長樂里3鄰文禾路253號二十四樓之2,68,6800700,6800700-000,3鄰,文禾路,,,,,,253號二十四樓之2,121.38928213994,25.0525911764082
桃園市龜山區長樂里3鄰文禾路253號二十四樓之3,68,6800700,6800700-000,3鄰,文禾路,,,,,,253號二十四樓之3,121.38928213994,25.0525911764082
桃園市龜山區長樂里3鄰文禾路253號二十四樓之5,68,6800700,6800700-000,3鄰,文禾路,,,,,,253號二十四樓之5,121.38928213994,25.0525911764082
桃園市龜山區長樂里3鄰文禾路253號二十四樓之6,68,6800700,6800700-000,3鄰,文禾路,,,,,,253號二十四樓之6,121.38928213994,25.0525911764082
桃園市龜山區長樂里3鄰文禾路253號二十四樓之7,68,6800700,6800700-000,3鄰,文禾路,,,,,,253號二十四樓之7,121.38928213994,25.0525911764082
桃園市龜山區長樂里3鄰文禾路255號,68,6800700,6800700-000,3鄰,文禾路,,,,,,255號,121.389397949794,25.052575615216
桃園市龜山區長樂里3鄰文禾路257號,68,6800700,6800700-000,3鄰,文禾路,,,,,,257號,121.389385154922,25.052478415214
桃園市龜山區長樂里1鄰文禾路259號,68,6800700,6800700-000,1鄰,文禾路,,,,,,259號,121.38936368829,25.0523656191822
桃園市龜山區長樂里1鄰文禾路259號十樓之1,68,6800700,6800700-000,1鄰,文禾路,,,,,,259號十樓之1,121.38936368829,25.0523656191822
桃園市龜山區長樂里1鄰文禾路259號十樓之2,68,6800700,6800700-000,1鄰,文禾路,,,,,,259號十樓之2,121.38936368829,25.0523656191822
桃園市龜山區長樂里1鄰文禾路259號十樓之3,68,6800700,6800700-000,1鄰,文禾路,,,,,,259號十樓之3,121.38936368829,25.0523656191822
桃園市龜山區長樂里1鄰文禾路259號十樓之5,68,6800700,6800700-000,1鄰,文禾路,,,,,,259號十樓之5,121.38936368829,25.0523656191822
桃園市龜山區長樂里1鄰文禾路259號十樓之6,68,6800700,6800700-000,1鄰,文禾路,,,,,,259號十樓之6,121.38936368829,25.0523656191822
桃園市龜山區長樂里1鄰文禾路259號十樓之7,68,6800700,6800700-000,1鄰,文禾路,,,,,,259號十樓之7,121.38936368829,25.0523656191822
桃園市龜山區長樂里1鄰文禾路259號二樓之1,68,6800700,6800700-000,1鄰,文禾路,,,,,,259號二樓之1,121.38936368829,25.0523656191822
桃園市龜山區長樂里1鄰文禾路259號二樓之2,68,6800700,6800700-000,1鄰,文禾路,,,,,,259號二樓之2,121.38936368829,25.0523656191822
桃園市龜山區長樂里1鄰文禾路259號二樓之3,68,6800700,6800700-000,1鄰,文禾路,,,,,,259號二樓之3,121.38936368829,25.0523656191822
桃園市龜山區長樂里1鄰文禾路259號二樓之5,68,6800700,6800700-000,1鄰,文禾路,,,,,,259號二樓之5,121.38936368829,25.0523656191822
桃園市龜山區長樂里1鄰文禾路259號二樓之6,68,6800700,6800700-000,1鄰,文禾路,,,,,,259號二樓之6,121.38936368829,25.0523656191822
桃園市龜山區長樂里1鄰文禾路259號二樓之7,68,6800700,6800700-000,1鄰,文禾路,,,,,,259號二樓之7,121.38936368829,25.0523656191822
桃園市龜山區長樂里1鄰文禾路259號三樓之1,68,6800700,6800700-000,1鄰,文禾路,,,,,,259號三樓之1,121.38936368829,25.0523656191822
桃園市龜山區長樂里1鄰文禾路259號三樓之2,68,6800700,6800700-000,1鄰,文禾路,,,,,,259號三樓之2,121.38936368829,25.0523656191822
桃園市龜山區長樂里1鄰文禾路259號三樓之3,68,6800700,6800700-000,1鄰,文禾路,,,,,,259號三樓之3,121.38936368829,25.0523656191822
桃園市龜山區長樂里1鄰文禾路259號三樓之5,68,6800700,6800700-000,1鄰,文禾路,,,,,,259號三樓之5,121.38936368829,25.0523656191822
桃園市龜山區長樂里1鄰文禾路259號三樓之6,68,6800700,6800700-000,1鄰,文禾路,,,,,,259號三樓之6,121.38936368829,25.0523656191822
桃園市龜山區長樂里1鄰文禾路259號三樓之7,68,6800700,6800700-000,1鄰,文禾路,,,,,,259號三樓之7,121.38936368829,25.0523656191822
桃園市龜山區長樂里1鄰文禾路259號四樓之1,68,6800700,6800700-000,1鄰,文禾路,,,,,,259號四樓之1,121.38936368829,25.0523656191822
桃園市龜山區長樂里1鄰文禾路259號四樓之2,68,6800700,6800700-000,1鄰,文禾路,,,,,,259號四樓之2,121.38936368829,25.0523656191822
桃園市龜山區長樂里1鄰文禾路259號四樓之3,68,6800700,6800700-000,1鄰,文禾路,,,,,,259號四樓之3,121.38936368829,25.0523656191822
桃園市龜山區長樂里1鄰文禾路259號四樓之5,68,6800700,6800700-000,1鄰,文禾路,,,,,,259號四樓之5,121.38936368829,25.0523656191822
桃園市龜山區長樂里1鄰文禾路259號四樓之6,68,6800700,6800700-000,1鄰,文禾路,,,,,,259號四樓之6,121.38936368829,25.0523656191822
桃園市龜山區長樂里1鄰文禾路259號四樓之7,68,6800700,6800700-000,1鄰,文禾路,,,,,,259號四樓之7,121.38936368829,25.0523656191822
桃園市龜山區長樂里1鄰文禾路259號五樓之1,68,6800700,6800700-000,1鄰,文禾路,,,,,,259號五樓之1,121.38936368829,25.0523656191822
桃園市龜山區長樂里1鄰文禾路259號五樓之2,68,6800700,6800700-000,1鄰,文禾路,,,,,,259號五樓之2,121.38936368829,25.0523656191822
桃園市龜山區長樂里1鄰文禾路259號五樓之3,68,6800700,6800700-000,1鄰,文禾路,,,,,,259號五樓之3,121.38936368829,25.0523656191822
桃園市龜山區長樂里1鄰文禾路259號五樓之5,68,6800700,6800700-000,1鄰,文禾路,,,,,,259號五樓之5,121.38936368829,25.0523656191822
桃園市龜山區長樂里1鄰文禾路259號五樓之6,68,6800700,6800700-000,1鄰,文禾路,,,,,,259號五樓之6,121.38936368829,25.0523656191822
桃園市龜山區長樂里1鄰文禾路259號五樓之7,68,6800700,6800700-000,1鄰,文禾路,,,,,,259號五樓之7,121.38936368829,25.0523656191822
桃園市龜山區長樂里1鄰文禾路259號六樓之1,68,6800700,6800700-000,1鄰,文禾路,,,,,,259號六樓之1,121.38936368829,25.0523656191822
桃園市龜山區長樂里1鄰文禾路259號六樓之2,68,6800700,6800700-000,1鄰,文禾路,,,,,,259號六樓之2,121.38936368829,25.0523656191822
桃園市龜山區長樂里1鄰文禾路259號六樓之3,68,6800700,6800700-000,1鄰,文禾路,,,,,,259號六樓之3,121.38936368829,25.0523656191822
桃園市龜山區長樂里1鄰文禾路259號六樓之5,68,6800700,6800700-000,1鄰,文禾路,,,,,,259號六樓之5,121.38936368829,25.0523656191822
桃園市龜山區長樂里1鄰文禾路259號六樓之6,68,6800700,6800700-000,1鄰,文禾路,,,,,,259號六樓之6,121.38936368829,25.0523656191822
桃園市龜山區長樂里1鄰文禾路259號六樓之7,68,6800700,6800700-000,1鄰,文禾路,,,,,,259號六樓之7,121.38936368829,25.0523656191822
桃園市龜山區長樂里1鄰文禾路259號七樓之1,68,6800700,6800700-000,1鄰,文禾路,,,,,,259號七樓之1,121.38936368829,25.0523656191822
桃園市龜山區長樂里1鄰文禾路259號七樓之2,68,6800700,6800700-000,1鄰,文禾路,,,,,,259號七樓之2,121.38936368829,25.0523656191822
桃園市龜山區長樂里1鄰文禾路259號七樓之3,68,6800700,6800700-000,1鄰,文禾路,,,,,,259號七樓之3,121.38936368829,25.0523656191822
桃園市龜山區長樂里1鄰文禾路259號七樓之5,68,6800700,6800700-000,1鄰,文禾路,,,,,,259號七樓之5,121.38936368829,25.0523656191822
桃園市龜山區長樂里1鄰文禾路259號七樓之6,68,6800700,6800700-000,1鄰,文禾路,,,,,,259號七樓之6,121.38936368829,25.0523656191822
桃園市龜山區長樂里1鄰文禾路259號七樓之7,68,6800700,6800700-000,1鄰,文禾路,,,,,,259號七樓之7,121.38936368829,25.0523656191822
桃園市龜山區長樂里1鄰文禾路259號八樓之1,68,6800700,6800700-000,1鄰,文禾路,,,,,,259號八樓之1,121.38936368829,25.0523656191822
桃園市龜山區長樂里1鄰文禾路259號八樓之2,68,6800700,6800700-000,1鄰,文禾路,,,,,,259號八樓之2,121.38936368829,25.0523656191822
桃園市龜山區長樂里1鄰文禾路259號八樓之3,68,6800700,6800700-000,1鄰,文禾路,,,,,,259號八樓之3,121.38936368829,25.0523656191822
桃園市龜山區長樂里1鄰文禾路259號八樓之5,68,6800700,6800700-000,1鄰,文禾路,,,,,,259號八樓之5,121.38936368829,25.0523656191822
桃園市龜山區長樂里1鄰文禾路259號八樓之6,68,6800700,6800700-000,1鄰,文禾路,,,,,,259號八樓之6,121.38936368829,25.0523656191822
桃園市龜山區長樂里1鄰文禾路259號八樓之7,68,6800700,6800700-000,1鄰,文禾路,,,,,,259號八樓之7,121.38936368829,25.0523656191822
桃園市龜山區長樂里1鄰文禾路259號九樓之1,68,6800700,6800700-000,1鄰,文禾路,,,,,,259號九樓之1,121.38936368829,25.0523656191822
桃園市龜山區長樂里1鄰文禾路259號九樓之2,68,6800700,6800700-000,1鄰,文禾路,,,,,,259號九樓之2,121.38936368829,25.0523656191822
桃園市龜山區長樂里1鄰文禾路259號九樓之3,68,6800700,6800700-000,1鄰,文禾路,,,,,,259號九樓之3,121.38936368829,25.0523656191822
桃園市龜山區長樂里1鄰文禾路259號九樓之5,68,6800700,6800700-000,1鄰,文禾路,,,,,,259號九樓之5,121.38936368829,25.0523656191822
桃園市龜山區長樂里1鄰文禾路259號九樓之6,68,6800700,6800700-000,1鄰,文禾路,,,,,,259號九樓之6,121.38936368829,25.0523656191822
桃園市龜山區長樂里1鄰文禾路259號九樓之7,68,6800700,6800700-000,1鄰,文禾路,,,,,,259號九樓之7,121.38936368829,25.0523656191822
桃園市龜山區長樂里1鄰文禾路259號十一樓之1,68,6800700,6800700-000,1鄰,文禾路,,,,,,259號十一樓之1,121.38936368829,25.0523656191822
桃園市龜山區長樂里1鄰文禾路259號十一樓之2,68,6800700,6800700-000,1鄰,文禾路,,,,,,259號十一樓之2,121.38936368829,25.0523656191822
桃園市龜山區長樂里1鄰文禾路259號十一樓之3,68,6800700,6800700-000,1鄰,文禾路,,,,,,259號十一樓之3,121.38936368829,25.0523656191822
桃園市龜山區長樂里1鄰文禾路259號十一樓之5,68,6800700,6800700-000,1鄰,文禾路,,,,,,259號十一樓之5,121.38936368829,25.0523656191822
桃園市龜山區長樂里1鄰文禾路259號十一樓之6,68,6800700,6800700-000,1鄰,文禾路,,,,,,259號十一樓之6,121.38936368829,25.0523656191822
桃園市龜山區長樂里1鄰文禾路259號十一樓之7,68,6800700,6800700-000,1鄰,文禾路,,,,,,259號十一樓之7,121.38936368829,25.0523656191822
桃園市龜山區長樂里1鄰文禾路259號十二樓之1,68,6800700,6800700-000,1鄰,文禾路,,,,,,259號十二樓之1,121.38936368829,25.0523656191822
桃園市龜山區長樂里1鄰文禾路259號十二樓之2,68,6800700,6800700-000,1鄰,文禾路,,,,,,259號十二樓之2,121.38936368829,25.0523656191822
桃園市龜山區長樂里1鄰文禾路259號十二樓之3,68,6800700,6800700-000,1鄰,文禾路,,,,,,259號十二樓之3,121.38936368829,25.0523656191822
桃園市龜山區長樂里1鄰文禾路259號十二樓之5,68,6800700,6800700-000,1鄰,文禾路,,,,,,259號十二樓之5,121.38936368829,25.0523656191822
桃園市龜山區長樂里1鄰文禾路259號十二樓之6,68,6800700,6800700-000,1鄰,文禾路,,,,,,259號十二樓之6,121.38936368829,25.0523656191822
桃園市龜山區長樂里1鄰文禾路259號十二樓之7,68,6800700,6800700-000,1鄰,文禾路,,,,,,259號十二樓之7,121.38936368829,25.0523656191822
桃園市龜山區長樂里1鄰文禾路259號十三樓之1,68,6800700,6800700-000,1鄰,文禾路,,,,,,259號十三樓之1,121.38936368829,25.0523656191822
桃園市龜山區長樂里1鄰文禾路259號十三樓之2,68,6800700,6800700-000,1鄰,文禾路,,,,,,259號十三樓之2,121.38936368829,25.0523656191822
桃園市龜山區長樂里1鄰文禾路259號十三樓之3,68,6800700,6800700-000,1鄰,文禾路,,,,,,259號十三樓之3,121.38936368829,25.0523656191822
桃園市龜山區長樂里1鄰文禾路259號十三樓之5,68,6800700,6800700-000,1鄰,文禾路,,,,,,259號十三樓之5,121.38936368829,25.0523656191822
桃園市龜山區長樂里1鄰文禾路259號十三樓之6,68,6800700,6800700-000,1鄰,文禾路,,,,,,259號十三樓之6,121.38936368829,25.0523656191822
桃園市龜山區長樂里1鄰文禾路259號十三樓之7,68,6800700,6800700-000,1鄰,文禾路,,,,,,259號十三樓之7,121.38936368829,25.0523656191822
桃園市龜山區長樂里1鄰文禾路259號十四樓之1,68,6800700,6800700-000,1鄰,文禾路,,,,,,259號十四樓之1,121.38936368829,25.0523656191822
桃園市龜山區長樂里1鄰文禾路259號十四樓之2,68,6800700,6800700-000,1鄰,文禾路,,,,,,259號十四樓之2,121.38936368829,25.0523656191822
桃園市龜山區長樂里1鄰文禾路259號十四樓之3,68,6800700,6800700-000,1鄰,文禾路,,,,,,259號十四樓之3,121.38936368829,25.0523656191822
桃園市龜山區長樂里1鄰文禾路259號十四樓之5,68,6800700,6800700-000,1鄰,文禾路,,,,,,259號十四樓之5,121.38936368829,25.0523656191822
桃園市龜山區長樂里1鄰文禾路259號十四樓之6,68,6800700,6800700-000,1鄰,文禾路,,,,,,259號十四樓之6,121.38936368829,25.0523656191822
桃園市龜山區長樂里1鄰文禾路259號十四樓之7,68,6800700,6800700-000,1鄰,文禾路,,,,,,259號十四樓之7,121.38936368829,25.0523656191822
桃園市龜山區長樂里1鄰文禾路259號十五樓之1,68,6800700,6800700-000,1鄰,文禾路,,,,,,259號十五樓之1,121.38936368829,25.0523656191822
桃園市龜山區長樂里1鄰文禾路259號十五樓之2,68,6800700,6800700-000,1鄰,文禾路,,,,,,259號十五樓之2,121.38936368829,25.0523656191822
桃園市龜山區長樂里1鄰文禾路259號十五樓之3,68,6800700,6800700-000,1鄰,文禾路,,,,,,259號十五樓之3,121.38936368829,25.0523656191822
桃園市龜山區長樂里1鄰文禾路259號十五樓之5,68,6800700,6800700-000,1鄰,文禾路,,,,,,259號十五樓之5,121.38936368829,25.0523656191822
桃園市龜山區長樂里1鄰文禾路259號十五樓之6,68,6800700,6800700-000,1鄰,文禾路,,,,,,259號十五樓之6,121.38936368829,25.0523656191822
桃園市龜山區長樂里1鄰文禾路259號十五樓之7,68,6800700,6800700-000,1鄰,文禾路,,,,,,259號十五樓之7,121.38936368829,25.0523656191822
桃園市龜山區長樂里1鄰文禾路259號十六樓之1,68,6800700,6800700-000,1鄰,文禾路,,,,,,259號十六樓之1,121.38936368829,25.0523656191822
桃園市龜山區長樂里1鄰文禾路259號十六樓之2,68,6800700,6800700-000,1鄰,文禾路,,,,,,259號十六樓之2,121.38936368829,25.0523656191822
桃園市龜山區長樂里1鄰文禾路259號十六樓之3,68,6800700,6800700-000,1鄰,文禾路,,,,,,259號十六樓之3,121.38936368829,25.0523656191822
桃園市龜山區長樂里1鄰文禾路259號十六樓之5,68,6800700,6800700-000,1鄰,文禾路,,,,,,259號十六樓之5,121.38936368829,25.0523656191822
桃園市龜山區長樂里1鄰文禾路259號十六樓之6,68,6800700,6800700-000,1鄰,文禾路,,,,,,259號十六樓之6,121.38936368829,25.0523656191822
桃園市龜山區長樂里1鄰文禾路259號十六樓之7,68,6800700,6800700-000,1鄰,文禾路,,,,,,259號十六樓之7,121.38936368829,25.0523656191822
桃園市龜山區長樂里1鄰文禾路259號十七樓之1,68,6800700,6800700-000,1鄰,文禾路,,,,,,259號十七樓之1,121.38936368829,25.0523656191822
桃園市龜山區長樂里1鄰文禾路259號十七樓之2,68,6800700,6800700-000,1鄰,文禾路,,,,,,259號十七樓之2,121.38936368829,25.0523656191822
桃園市龜山區長樂里1鄰文禾路259號十七樓之3,68,6800700,6800700-000,1鄰,文禾路,,,,,,259號十七樓之3,121.38936368829,25.0523656191822
桃園市龜山區長樂里1鄰文禾路259號十七樓之5,68,6800700,6800700-000,1鄰,文禾路,,,,,,259號十七樓之5,121.38936368829,25.0523656191822
桃園市龜山區長樂里1鄰文禾路259號十七樓之6,68,6800700,6800700-000,1鄰,文禾路,,,,,,259號十七樓之6,121.38936368829,25.0523656191822
桃園市龜山區長樂里1鄰文禾路259號十七樓之7,68,6800700,6800700-000,1鄰,文禾路,,,,,,259號十七樓之7,121.38936368829,25.0523656191822
桃園市龜山區長樂里1鄰文禾路259號十八樓之1,68,6800700,6800700-000,1鄰,文禾路,,,,,,259號十八樓之1,121.38936368829,25.0523656191822
桃園市龜山區長樂里1鄰文禾路259號十八樓之2,68,6800700,6800700-000,1鄰,文禾路,,,,,,259號十八樓之2,121.38936368829,25.0523656191822
桃園市龜山區長樂里1鄰文禾路259號十八樓之3,68,6800700,6800700-000,1鄰,文禾路,,,,,,259號十八樓之3,121.38936368829,25.0523656191822
桃園市龜山區長樂里1鄰文禾路259號十八樓之5,68,6800700,6800700-000,1鄰,文禾路,,,,,,259號十八樓之5,121.38936368829,25.0523656191822
桃園市龜山區長樂里1鄰文禾路259號十八樓之6,68,6800700,6800700-000,1鄰,文禾路,,,,,,259號十八樓之6,121.38936368829,25.0523656191822
桃園市龜山區長樂里1鄰文禾路259號十八樓之7,68,6800700,6800700-000,1鄰,文禾路,,,,,,259號十八樓之7,121.38936368829,25.0523656191822
桃園市龜山區長樂里1鄰文禾路259號十九樓之1,68,6800700,6800700-000,1鄰,文禾路,,,,,,259號十九樓之1,121.38936368829,25.0523656191822
桃園市龜山區長樂里1鄰文禾路259號十九樓之2,68,6800700,6800700-000,1鄰,文禾路,,,,,,259號十九樓之2,121.38936368829,25.0523656191822
桃園市龜山區長樂里1鄰文禾路259號十九樓之3,68,6800700,6800700-000,1鄰,文禾路,,,,,,259號十九樓之3,121.38936368829,25.0523656191822
桃園市龜山區長樂里1鄰文禾路259號十九樓之5,68,6800700,6800700-000,1鄰,文禾路,,,,,,259號十九樓之5,121.38936368829,25.0523656191822
桃園市龜山區長樂里1鄰文禾路259號十九樓之6,68,6800700,6800700-000,1鄰,文禾路,,,,,,259號十九樓之6,121.38936368829,25.0523656191822
桃園市龜山區長樂里1鄰文禾路259號十九樓之7,68,6800700,6800700-000,1鄰,文禾路,,,,,,259號十九樓之7,121.38936368829,25.0523656191822
桃園市龜山區長樂里1鄰文禾路259號二十樓之1,68,6800700,6800700-000,1鄰,文禾路,,,,,,259號二十樓之1,121.38936368829,25.0523656191822
桃園市龜山區長樂里1鄰文禾路259號二十樓之2,68,6800700,6800700-000,1鄰,文禾路,,,,,,259號二十樓之2,121.38936368829,25.0523656191822
桃園市龜山區長樂里1鄰文禾路259號二十樓之3,68,6800700,6800700-000,1鄰,文禾路,,,,,,259號二十樓之3,121.38936368829,25.0523656191822
桃園市龜山區長樂里1鄰文禾路259號二十樓之5,68,6800700,6800700-000,1鄰,文禾路,,,,,,259號二十樓之5,121.38936368829,25.0523656191822
桃園市龜山區長樂里1鄰文禾路259號二十樓之6,68,6800700,6800700-000,1鄰,文禾路,,,,,,259號二十樓之6,121.38936368829,25.0523656191822
桃園市龜山區長樂里1鄰文禾路259號二十樓之7,68,6800700,6800700-000,1鄰,文禾路,,,,,,259號二十樓之7,121.38936368829,25.0523656191822
桃園市龜山區長樂里1鄰文禾路259號二十一樓之1,68,6800700,6800700-000,1鄰,文禾路,,,,,,259號二十一樓之1,121.38936368829,25.0523656191822
桃園市龜山區長樂里1鄰文禾路259號二十一樓之2,68,6800700,6800700-000,1鄰,文禾路,,,,,,259號二十一樓之2,121.38936368829,25.0523656191822
桃園市龜山區長樂里1鄰文禾路259號二十一樓之3,68,6800700,6800700-000,1鄰,文禾路,,,,,,259號二十一樓之3,121.38936368829,25.0523656191822
桃園市龜山區長樂里1鄰文禾路259號二十一樓之5,68,6800700,6800700-000,1鄰,文禾路,,,,,,259號二十一樓之5,121.38936368829,25.0523656191822
桃園市龜山區長樂里1鄰文禾路259號二十一樓之6,68,6800700,6800700-000,1鄰,文禾路,,,,,,259號二十一樓之6,121.38936368829,25.0523656191822
桃園市龜山區長樂里1鄰文禾路259號二十一樓之7,68,6800700,6800700-000,1鄰,文禾路,,,,,,259號二十一樓之7,121.38936368829,25.0523656191822
桃園市龜山區長樂里1鄰文禾路259號二十二樓之1,68,6800700,6800700-000,1鄰,文禾路,,,,,,259號二十二樓之1,121.38936368829,25.0523656191822
桃園市龜山區長樂里1鄰文禾路259號二十二樓之2,68,6800700,6800700-000,1鄰,文禾路,,,,,,259號二十二樓之2,121.38936368829,25.0523656191822
桃園市龜山區長樂里1鄰文禾路259號二十二樓之3,68,6800700,6800700-000,1鄰,文禾路,,,,,,259號二十二樓之3,121.38936368829,25.0523656191822
桃園市龜山區長樂里1鄰文禾路259號二十二樓之5,68,6800700,6800700-000,1鄰,文禾路,,,,,,259號二十二樓之5,121.38936368829,25.0523656191822
桃園市龜山區長樂里1鄰文禾路259號二十二樓之6,68,6800700,6800700-000,1鄰,文禾路,,,,,,259號二十二樓之6,121.38936368829,25.0523656191822
桃園市龜山區長樂里1鄰文禾路259號二十二樓之7,68,6800700,6800700-000,1鄰,文禾路,,,,,,259號二十二樓之7,121.38936368829,25.0523656191822
桃園市龜山區長樂里1鄰文禾路259號二十三樓之1,68,6800700,6800700-000,1鄰,文禾路,,,,,,259號二十三樓之1,121.38936368829,25.0523656191822
桃園市龜山區長樂里1鄰文禾路259號二十三樓之2,68,6800700,6800700-000,1鄰,文禾路,,,,,,259號二十三樓之2,121.38936368829,25.0523656191822
桃園市龜山區長樂里1鄰文禾路259號二十三樓之3,68,6800700,6800700-000,1鄰,文禾路,,,,,,259號二十三樓之3,121.38936368829,25.0523656191822
桃園市龜山區長樂里1鄰文禾路259號二十三樓之5,68,6800700,6800700-000,1鄰,文禾路,,,,,,259號二十三樓之5,121.38936368829,25.0523656191822
桃園市龜山區長樂里1鄰文禾路259號二十三樓之6,68,6800700,6800700-000,1鄰,文禾路,,,,,,259號二十三樓之6,121.38936368829,25.0523656191822
桃園市龜山區長樂里1鄰文禾路259號二十三樓之7,68,6800700,6800700-000,1鄰,文禾路,,,,,,259號二十三樓之7,121.38936368829,25.0523656191822
桃園市龜山區長樂里1鄰文禾路259號二十四樓之1,68,6800700,6800700-000,1鄰,文禾路,,,,,,259號二十四樓之1,121.38936368829,25.0523656191822
桃園市龜山區長樂里1鄰文禾路259號二十四樓之2,68,6800700,6800700-000,1鄰,文禾路,,,,,,259號二十四樓之2,121.38936368829,25.0523656191822
桃園市龜山區長樂里1鄰文禾路259號二十四樓之3,68,6800700,6800700-000,1鄰,文禾路,,,,,,259號二十四樓之3,121.38936368829,25.0523656191822
桃園市龜山區長樂里1鄰文禾路259號二十四樓之5,68,6800700,6800700-000,1鄰,文禾路,,,,,,259號二十四樓之5,121.38936368829,25.0523656191822
桃園市龜山區長樂里1鄰文禾路259號二十四樓之6,68,6800700,6800700-000,1鄰,文禾路,,,,,,259號二十四樓之6,121.38936368829,25.0523656191822
桃園市龜山區長樂里1鄰文禾路259號二十四樓之7,68,6800700,6800700-000,1鄰,文禾路,,,,,,259號二十四樓之7,121.38936368829,25.0523656191822
桃園市龜山區長樂里1鄰文禾路261號,68,6800700,6800700-000,1鄰,文禾路,,,,,,261號,121.389355117624,25.05228790898
桃園市龜山區長樂里1鄰文禾路263號,68,6800700,6800700-000,1鄰,文禾路,,,,,,263號,121.38933789973,25.0522023669217
桃園市龜山區長樂里1鄰文禾路265號十樓之1,68,6800700,6800700-000,1鄰,文禾路,,,,,,265號十樓之1,121.389192027681,25.0520507145705
桃園市龜山區長樂里1鄰文禾路265號十樓之2,68,6800700,6800700-000,1鄰,文禾路,,,,,,265號十樓之2,121.389192027681,25.0520507145705
桃園市龜山區長樂里1鄰文禾路265號十樓之3,68,6800700,6800700-000,1鄰,文禾路,,,,,,265號十樓之3,121.389192027681,25.0520507145705
桃園市龜山區長樂里1鄰文禾路265號十樓之5,68,6800700,6800700-000,1鄰,文禾路,,,,,,265號十樓之5,121.389192027681,25.0520507145705
桃園市龜山區長樂里1鄰文禾路265號十樓之6,68,6800700,6800700-000,1鄰,文禾路,,,,,,265號十樓之6,121.389192027681,25.0520507145705
桃園市龜山區長樂里1鄰文禾路265號十樓之7,68,6800700,6800700-000,1鄰,文禾路,,,,,,265號十樓之7,121.389192027681,25.0520507145705
桃園市龜山區長樂里1鄰文禾路265號二樓之1,68,6800700,6800700-000,1鄰,文禾路,,,,,,265號二樓之1,121.389192027681,25.0520507145705
桃園市龜山區長樂里1鄰文禾路265號二樓之2,68,6800700,6800700-000,1鄰,文禾路,,,,,,265號二樓之2,121.389192027681,25.0520507145705
桃園市龜山區長樂里1鄰文禾路265號三樓之1,68,6800700,6800700-000,1鄰,文禾路,,,,,,265號三樓之1,121.389192027681,25.0520507145705
桃園市龜山區長樂里1鄰文禾路265號三樓之2,68,6800700,6800700-000,1鄰,文禾路,,,,,,265號三樓之2,121.389192027681,25.0520507145705
桃園市龜山區長樂里1鄰文禾路265號三樓之3,68,6800700,6800700-000,1鄰,文禾路,,,,,,265號三樓之3,121.389192027681,25.0520507145705
桃園市龜山區長樂里1鄰文禾路265號三樓之5,68,6800700,6800700-000,1鄰,文禾路,,,,,,265號三樓之5,121.389192027681,25.0520507145705
桃園市龜山區長樂里1鄰文禾路265號三樓之6,68,6800700,6800700-000,1鄰,文禾路,,,,,,265號三樓之6,121.389192027681,25.0520507145705
桃園市龜山區長樂里1鄰文禾路265號三樓之7,68,6800700,6800700-000,1鄰,文禾路,,,,,,265號三樓之7,121.389192027681,25.0520507145705
桃園市龜山區長樂里1鄰文禾路265號四樓之1,68,6800700,6800700-000,1鄰,文禾路,,,,,,265號四樓之1,121.389192027681,25.0520507145705
桃園市龜山區長樂里1鄰文禾路265號四樓之2,68,6800700,6800700-000,1鄰,文禾路,,,,,,265號四樓之2,121.389192027681,25.0520507145705
桃園市龜山區長樂里1鄰文禾路265號四樓之3,68,6800700,6800700-000,1鄰,文禾路,,,,,,265號四樓之3,121.389192027681,25.0520507145705
桃園市龜山區長樂里1鄰文禾路265號四樓之5,68,6800700,6800700-000,1鄰,文禾路,,,,,,265號四樓之5,121.389192027681,25.0520507145705
桃園市龜山區長樂里1鄰文禾路265號四樓之6,68,6800700,6800700-000,1鄰,文禾路,,,,,,265號四樓之6,121.389192027681,25.0520507145705
桃園市龜山區長樂里1鄰文禾路265號四樓之7,68,6800700,6800700-000,1鄰,文禾路,,,,,,265號四樓之7,121.389192027681,25.0520507145705
桃園市龜山區長樂里1鄰文禾路265號五樓之1,68,6800700,6800700-000,1鄰,文禾路,,,,,,265號五樓之1,121.389192027681,25.0520507145705
桃園市龜山區長樂里1鄰文禾路265號五樓之2,68,6800700,6800700-000,1鄰,文禾路,,,,,,265號五樓之2,121.389192027681,25.0520507145705
桃園市龜山區長樂里1鄰文禾路265號五樓之3,68,6800700,6800700-000,1鄰,文禾路,,,,,,265號五樓之3,121.389192027681,25.0520507145705
桃園市龜山區長樂里1鄰文禾路265號五樓之5,68,6800700,6800700-000,1鄰,文禾路,,,,,,265號五樓之5,121.389192027681,25.0520507145705
桃園市龜山區長樂里1鄰文禾路265號五樓之6,68,6800700,6800700-000,1鄰,文禾路,,,,,,265號五樓之6,121.389192027681,25.0520507145705
桃園市龜山區長樂里1鄰文禾路265號五樓之7,68,6800700,6800700-000,1鄰,文禾路,,,,,,265號五樓之7,121.389192027681,25.0520507145705
桃園市龜山區長樂里1鄰文禾路265號六樓之1,68,6800700,6800700-000,1鄰,文禾路,,,,,,265號六樓之1,121.389192027681,25.0520507145705
桃園市龜山區長樂里1鄰文禾路265號六樓之2,68,6800700,6800700-000,1鄰,文禾路,,,,,,265號六樓之2,121.389192027681,25.0520507145705
桃園市龜山區長樂里1鄰文禾路265號六樓之3,68,6800700,6800700-000,1鄰,文禾路,,,,,,265號六樓之3,121.389192027681,25.0520507145705
桃園市龜山區長樂里1鄰文禾路265號六樓之5,68,6800700,6800700-000,1鄰,文禾路,,,,,,265號六樓之5,121.389192027681,25.0520507145705
桃園市龜山區長樂里1鄰文禾路265號六樓之6,68,6800700,6800700-000,1鄰,文禾路,,,,,,265號六樓之6,121.389192027681,25.0520507145705
桃園市龜山區長樂里1鄰文禾路265號六樓之7,68,6800700,6800700-000,1鄰,文禾路,,,,,,265號六樓之7,121.389192027681,25.0520507145705
桃園市龜山區長樂里1鄰文禾路265號七樓之1,68,6800700,6800700-000,1鄰,文禾路,,,,,,265號七樓之1,121.389192027681,25.0520507145705
桃園市龜山區長樂里1鄰文禾路265號七樓之2,68,6800700,6800700-000,1鄰,文禾路,,,,,,265號七樓之2,121.389192027681,25.0520507145705
桃園市龜山區長樂里1鄰文禾路265號七樓之3,68,6800700,6800700-000,1鄰,文禾路,,,,,,265號七樓之3,121.389192027681,25.0520507145705
桃園市龜山區長樂里1鄰文禾路265號七樓之5,68,6800700,6800700-000,1鄰,文禾路,,,,,,265號七樓之5,121.389192027681,25.0520507145705
桃園市龜山區長樂里1鄰文禾路265號七樓之6,68,6800700,6800700-000,1鄰,文禾路,,,,,,265號七樓之6,121.389192027681,25.0520507145705
桃園市龜山區長樂里1鄰文禾路265號七樓之7,68,6800700,6800700-000,1鄰,文禾路,,,,,,265號七樓之7,121.389192027681,25.0520507145705
桃園市龜山區長樂里1鄰文禾路265號八樓之1,68,6800700,6800700-000,1鄰,文禾路,,,,,,265號八樓之1,121.389192027681,25.0520507145705
桃園市龜山區長樂里1鄰文禾路265號八樓之2,68,6800700,6800700-000,1鄰,文禾路,,,,,,265號八樓之2,121.389192027681,25.0520507145705
桃園市龜山區長樂里1鄰文禾路265號八樓之3,68,6800700,6800700-000,1鄰,文禾路,,,,,,265號八樓之3,121.389192027681,25.0520507145705
桃園市龜山區長樂里1鄰文禾路265號八樓之5,68,6800700,6800700-000,1鄰,文禾路,,,,,,265號八樓之5,121.389192027681,25.0520507145705
桃園市龜山區長樂里1鄰文禾路265號八樓之6,68,6800700,6800700-000,1鄰,文禾路,,,,,,265號八樓之6,121.389192027681,25.0520507145705
桃園市龜山區長樂里1鄰文禾路265號八樓之7,68,6800700,6800700-000,1鄰,文禾路,,,,,,265號八樓之7,121.389192027681,25.0520507145705
桃園市龜山區長樂里1鄰文禾路265號九樓之1,68,6800700,6800700-000,1鄰,文禾路,,,,,,265號九樓之1,121.389192027681,25.0520507145705
桃園市龜山區長樂里1鄰文禾路265號九樓之2,68,6800700,6800700-000,1鄰,文禾路,,,,,,265號九樓之2,121.389192027681,25.0520507145705
桃園市龜山區長樂里1鄰文禾路265號九樓之3,68,6800700,6800700-000,1鄰,文禾路,,,,,,265號九樓之3,121.389192027681,25.0520507145705
桃園市龜山區長樂里1鄰文禾路265號九樓之5,68,6800700,6800700-000,1鄰,文禾路,,,,,,265號九樓之5,121.389192027681,25.0520507145705
桃園市龜山區長樂里1鄰文禾路265號九樓之6,68,6800700,6800700-000,1鄰,文禾路,,,,,,265號九樓之6,121.389192027681,25.0520507145705
桃園市龜山區長樂里1鄰文禾路265號九樓之7,68,6800700,6800700-000,1鄰,文禾路,,,,,,265號九樓之7,121.389192027681,25.0520507145705
桃園市龜山區長樂里1鄰文禾路265號十一樓之1,68,6800700,6800700-000,1鄰,文禾路,,,,,,265號十一樓之1,121.389192027681,25.0520507145705
桃園市龜山區長樂里1鄰文禾路265號十一樓之2,68,6800700,6800700-000,1鄰,文禾路,,,,,,265號十一樓之2,121.389192027681,25.0520507145705
桃園市龜山區長樂里1鄰文禾路265號十一樓之3,68,6800700,6800700-000,1鄰,文禾路,,,,,,265號十一樓之3,121.389192027681,25.0520507145705
桃園市龜山區長樂里1鄰文禾路265號十一樓之5,68,6800700,6800700-000,1鄰,文禾路,,,,,,265號十一樓之5,121.389192027681,25.0520507145705
桃園市龜山區長樂里1鄰文禾路265號十一樓之6,68,6800700,6800700-000,1鄰,文禾路,,,,,,265號十一樓之6,121.389192027681,25.0520507145705
桃園市龜山區長樂里1鄰文禾路265號十一樓之7,68,6800700,6800700-000,1鄰,文禾路,,,,,,265號十一樓之7,121.389192027681,25.0520507145705
桃園市龜山區長樂里1鄰文禾路265號十二樓之1,68,6800700,6800700-000,1鄰,文禾路,,,,,,265號十二樓之1,121.389192027681,25.0520507145705
桃園市龜山區長樂里1鄰文禾路265號十二樓之2,68,6800700,6800700-000,1鄰,文禾路,,,,,,265號十二樓之2,121.389192027681,25.0520507145705
桃園市龜山區長樂里1鄰文禾路265號十二樓之3,68,6800700,6800700-000,1鄰,文禾路,,,,,,265號十二樓之3,121.389192027681,25.0520507145705
桃園市龜山區長樂里1鄰文禾路265號十二樓之5,68,6800700,6800700-000,1鄰,文禾路,,,,,,265號十二樓之5,121.389192027681,25.0520507145705
桃園市龜山區長樂里1鄰文禾路265號十二樓之6,68,6800700,6800700-000,1鄰,文禾路,,,,,,265號十二樓之6,121.389192027681,25.0520507145705
桃園市龜山區長樂里1鄰文禾路265號十二樓之7,68,6800700,6800700-000,1鄰,文禾路,,,,,,265號十二樓之7,121.389192027681,25.0520507145705
桃園市龜山區長樂里1鄰文禾路265號十三樓之1,68,6800700,6800700-000,1鄰,文禾路,,,,,,265號十三樓之1,121.389192027681,25.0520507145705
桃園市龜山區長樂里1鄰文禾路265號十三樓之2,68,6800700,6800700-000,1鄰,文禾路,,,,,,265號十三樓之2,121.389192027681,25.0520507145705
桃園市龜山區長樂里1鄰文禾路265號十三樓之3,68,6800700,6800700-000,1鄰,文禾路,,,,,,265號十三樓之3,121.389192027681,25.0520507145705
桃園市龜山區長樂里1鄰文禾路265號十三樓之5,68,6800700,6800700-000,1鄰,文禾路,,,,,,265號十三樓之5,121.389192027681,25.0520507145705
桃園市龜山區長樂里1鄰文禾路265號十三樓之6,68,6800700,6800700-000,1鄰,文禾路,,,,,,265號十三樓之6,121.389192027681,25.0520507145705
桃園市龜山區長樂里1鄰文禾路265號十三樓之7,68,6800700,6800700-000,1鄰,文禾路,,,,,,265號十三樓之7,121.389192027681,25.0520507145705
桃園市龜山區長樂里1鄰文禾路265號十四樓之1,68,6800700,6800700-000,1鄰,文禾路,,,,,,265號十四樓之1,121.389192027681,25.0520507145705
桃園市龜山區長樂里1鄰文禾路265號十四樓之2,68,6800700,6800700-000,1鄰,文禾路,,,,,,265號十四樓之2,121.389192027681,25.0520507145705
桃園市龜山區長樂里1鄰文禾路265號十四樓之3,68,6800700,6800700-000,1鄰,文禾路,,,,,,265號十四樓之3,121.389192027681,25.0520507145705
桃園市龜山區長樂里1鄰文禾路265號十四樓之5,68,6800700,6800700-000,1鄰,文禾路,,,,,,265號十四樓之5,121.389192027681,25.0520507145705
桃園市龜山區長樂里1鄰文禾路265號十四樓之6,68,6800700,6800700-000,1鄰,文禾路,,,,,,265號十四樓之6,121.389192027681,25.0520507145705
桃園市龜山區長樂里1鄰文禾路265號十四樓之7,68,6800700,6800700-000,1鄰,文禾路,,,,,,265號十四樓之7,121.389192027681,25.0520507145705
桃園市龜山區長樂里1鄰文禾路265號十五樓之1,68,6800700,6800700-000,1鄰,文禾路,,,,,,265號十五樓之1,121.389192027681,25.0520507145705
桃園市龜山區長樂里1鄰文禾路265號十五樓之2,68,6800700,6800700-000,1鄰,文禾路,,,,,,265號十五樓之2,121.389192027681,25.0520507145705
桃園市龜山區長樂里1鄰文禾路265號十五樓之3,68,6800700,6800700-000,1鄰,文禾路,,,,,,265號十五樓之3,121.389192027681,25.0520507145705
桃園市龜山區長樂里1鄰文禾路265號十五樓之5,68,6800700,6800700-000,1鄰,文禾路,,,,,,265號十五樓之5,121.389192027681,25.0520507145705
桃園市龜山區長樂里1鄰文禾路265號十五樓之6,68,6800700,6800700-000,1鄰,文禾路,,,,,,265號十五樓之6,121.389192027681,25.0520507145705
桃園市龜山區長樂里1鄰文禾路265號十五樓之7,68,6800700,6800700-000,1鄰,文禾路,,,,,,265號十五樓之7,121.389192027681,25.0520507145705
桃園市龜山區長樂里1鄰文禾路265號十六樓之1,68,6800700,6800700-000,1鄰,文禾路,,,,,,265號十六樓之1,121.389192027681,25.0520507145705
桃園市龜山區長樂里1鄰文禾路265號十六樓之2,68,6800700,6800700-000,1鄰,文禾路,,,,,,265號十六樓之2,121.389192027681,25.0520507145705
桃園市龜山區長樂里1鄰文禾路265號十六樓之3,68,6800700,6800700-000,1鄰,文禾路,,,,,,265號十六樓之3,121.389192027681,25.0520507145705
桃園市龜山區長樂里1鄰文禾路265號十六樓之5,68,6800700,6800700-000,1鄰,文禾路,,,,,,265號十六樓之5,121.389192027681,25.0520507145705
桃園市龜山區長樂里1鄰文禾路265號十六樓之6,68,6800700,6800700-000,1鄰,文禾路,,,,,,265號十六樓之6,121.389192027681,25.0520507145705
桃園市龜山區長樂里1鄰文禾路265號十六樓之7,68,6800700,6800700-000,1鄰,文禾路,,,,,,265號十六樓之7,121.389192027681,25.0520507145705
桃園市龜山區長樂里1鄰文禾路265號十七樓之1,68,6800700,6800700-000,1鄰,文禾路,,,,,,265號十七樓之1,121.389192027681,25.0520507145705
桃園市龜山區長樂里1鄰文禾路265號十七樓之2,68,6800700,6800700-000,1鄰,文禾路,,,,,,265號十七樓之2,121.389192027681,25.0520507145705
桃園市龜山區長樂里1鄰文禾路265號十七樓之3,68,6800700,6800700-000,1鄰,文禾路,,,,,,265號十七樓之3,121.389192027681,25.0520507145705
桃園市龜山區長樂里1鄰文禾路265號十七樓之5,68,6800700,6800700-000,1鄰,文禾路,,,,,,265號十七樓之5,121.389192027681,25.0520507145705
桃園市龜山區長樂里1鄰文禾路265號十七樓之6,68,6800700,6800700-000,1鄰,文禾路,,,,,,265號十七樓之6,121.389192027681,25.0520507145705
桃園市龜山區長樂里1鄰文禾路265號十七樓之7,68,6800700,6800700-000,1鄰,文禾路,,,,,,265號十七樓之7,121.389192027681,25.0520507145705
桃園市龜山區長樂里1鄰文禾路265號十八樓之1,68,6800700,6800700-000,1鄰,文禾路,,,,,,265號十八樓之1,121.389192027681,25.0520507145705
桃園市龜山區長樂里1鄰文禾路265號十八樓之2,68,6800700,6800700-000,1鄰,文禾路,,,,,,265號十八樓之2,121.389192027681,25.0520507145705
桃園市龜山區長樂里1鄰文禾路265號十八樓之3,68,6800700,6800700-000,1鄰,文禾路,,,,,,265號十八樓之3,121.389192027681,25.0520507145705
桃園市龜山區長樂里1鄰文禾路265號十八樓之5,68,6800700,6800700-000,1鄰,文禾路,,,,,,265號十八樓之5,121.389192027681,25.0520507145705
桃園市龜山區長樂里1鄰文禾路265號十八樓之6,68,6800700,6800700-000,1鄰,文禾路,,,,,,265號十八樓之6,121.389192027681,25.0520507145705
桃園市龜山區長樂里1鄰文禾路265號十八樓之7,68,6800700,6800700-000,1鄰,文禾路,,,,,,265號十八樓之7,121.389192027681,25.0520507145705
桃園市龜山區長樂里1鄰文禾路265號十九樓之1,68,6800700,6800700-000,1鄰,文禾路,,,,,,265號十九樓之1,121.389192027681,25.0520507145705
桃園市龜山區長樂里1鄰文禾路265號十九樓之2,68,6800700,6800700-000,1鄰,文禾路,,,,,,265號十九樓之2,121.389192027681,25.0520507145705
桃園市龜山區長樂里1鄰文禾路265號十九樓之3,68,6800700,6800700-000,1鄰,文禾路,,,,,,265號十九樓之3,121.389192027681,25.0520507145705
桃園市龜山區長樂里1鄰文禾路265號十九樓之5,68,6800700,6800700-000,1鄰,文禾路,,,,,,265號十九樓之5,121.389192027681,25.0520507145705
桃園市龜山區長樂里1鄰文禾路265號十九樓之6,68,6800700,6800700-000,1鄰,文禾路,,,,,,265號十九樓之6,121.389192027681,25.0520507145705
桃園市龜山區長樂里1鄰文禾路265號十九樓之7,68,6800700,6800700-000,1鄰,文禾路,,,,,,265號十九樓之7,121.389192027681,25.0520507145705
桃園市龜山區長樂里1鄰文禾路265號二十樓之1,68,6800700,6800700-000,1鄰,文禾路,,,,,,265號二十樓之1,121.389192027681,25.0520507145705
桃園市龜山區長樂里1鄰文禾路265號二十樓之2,68,6800700,6800700-000,1鄰,文禾路,,,,,,265號二十樓之2,121.389192027681,25.0520507145705
桃園市龜山區長樂里1鄰文禾路265號二十樓之3,68,6800700,6800700-000,1鄰,文禾路,,,,,,265號二十樓之3,121.389192027681,25.0520507145705
桃園市龜山區長樂里1鄰文禾路265號二十樓之5,68,6800700,6800700-000,1鄰,文禾路,,,,,,265號二十樓之5,121.389192027681,25.0520507145705
桃園市龜山區長樂里1鄰文禾路265號二十樓之6,68,6800700,6800700-000,1鄰,文禾路,,,,,,265號二十樓之6,121.389192027681,25.0520507145705
桃園市龜山區長樂里1鄰文禾路265號二十樓之7,68,6800700,6800700-000,1鄰,文禾路,,,,,,265號二十樓之7,121.389192027681,25.0520507145705
桃園市龜山區長樂里1鄰文禾路265號二十一樓之1,68,6800700,6800700-000,1鄰,文禾路,,,,,,265號二十一樓之1,121.389192027681,25.0520507145705
桃園市龜山區長樂里1鄰文禾路265號二十一樓之2,68,6800700,6800700-000,1鄰,文禾路,,,,,,265號二十一樓之2,121.389192027681,25.0520507145705
桃園市龜山區長樂里1鄰文禾路265號二十一樓之3,68,6800700,6800700-000,1鄰,文禾路,,,,,,265號二十一樓之3,121.389192027681,25.0520507145705
桃園市龜山區長樂里1鄰文禾路265號二十一樓之5,68,6800700,6800700-000,1鄰,文禾路,,,,,,265號二十一樓之5,121.389192027681,25.0520507145705
桃園市龜山區長樂里1鄰文禾路265號二十一樓之6,68,6800700,6800700-000,1鄰,文禾路,,,,,,265號二十一樓之6,121.389192027681,25.0520507145705
桃園市龜山區長樂里1鄰文禾路265號二十一樓之7,68,6800700,6800700-000,1鄰,文禾路,,,,,,265號二十一樓之7,121.389192027681,25.0520507145705
桃園市龜山區長樂里1鄰文禾路265號二十二樓之1,68,6800700,6800700-000,1鄰,文禾路,,,,,,265號二十二樓之1,121.389192027681,25.0520507145705
桃園市龜山區長樂里1鄰文禾路265號二十二樓之2,68,6800700,6800700-000,1鄰,文禾路,,,,,,265號二十二樓之2,121.389192027681,25.0520507145705
桃園市龜山區長樂里1鄰文禾路265號二十二樓之3,68,6800700,6800700-000,1鄰,文禾路,,,,,,265號二十二樓之3,121.389192027681,25.0520507145705
桃園市龜山區長樂里1鄰文禾路265號二十二樓之5,68,6800700,6800700-000,1鄰,文禾路,,,,,,265號二十二樓之5,121.389192027681,25.0520507145705
桃園市龜山區長樂里1鄰文禾路265號二十二樓之6,68,6800700,6800700-000,1鄰,文禾路,,,,,,265號二十二樓之6,121.389192027681,25.0520507145705
桃園市龜山區長樂里1鄰文禾路265號二十二樓之7,68,6800700,6800700-000,1鄰,文禾路,,,,,,265號二十二樓之7,121.389192027681,25.0520507145705
桃園市龜山區長樂里1鄰文禾路265號二十三樓之1,68,6800700,6800700-000,1鄰,文禾路,,,,,,265號二十三樓之1,121.389192027681,25.0520507145705
桃園市龜山區長樂里1鄰文禾路265號二十三樓之2,68,6800700,6800700-000,1鄰,文禾路,,,,,,265號二十三樓之2,121.389192027681,25.0520507145705
桃園市龜山區長樂里1鄰文禾路265號二十三樓之3,68,6800700,6800700-000,1鄰,文禾路,,,,,,265號二十三樓之3,121.389192027681,25.0520507145705
桃園市龜山區長樂里1鄰文禾路265號二十三樓之5,68,6800700,6800700-000,1鄰,文禾路,,,,,,265號二十三樓之5,121.389192027681,25.0520507145705
桃園市龜山區長樂里1鄰文禾路265號二十三樓之6,68,6800700,6800700-000,1鄰,文禾路,,,,,,265號二十三樓之6,121.389192027681,25.0520507145705
桃園市龜山區長樂里1鄰文禾路265號二十三樓之7,68,6800700,6800700-000,1鄰,文禾路,,,,,,265號二十三樓之7,121.389192027681,25.0520507145705
桃園市龜山區長樂里1鄰文禾路265號二十四樓之1,68,6800700,6800700-000,1鄰,文禾路,,,,,,265號二十四樓之1,121.389192027681,25.0520507145705
桃園市龜山區長樂里1鄰文禾路265號二十四樓之2,68,6800700,6800700-000,1鄰,文禾路,,,,,,265號二十四樓之2,121.389192027681,25.0520507145705
桃園市龜山區長樂里1鄰文禾路265號二十四樓之3,68,6800700,6800700-000,1鄰,文禾路,,,,,,265號二十四樓之3,121.389192027681,25.0520507145705
桃園市龜山區長樂里1鄰文禾路265號二十四樓之5,68,6800700,6800700-000,1鄰,文禾路,,,,,,265號二十四樓之5,121.389192027681,25.0520507145705
桃園市龜山區長樂里1鄰文禾路265號二十四樓之6,68,6800700,6800700-000,1鄰,文禾路,,,,,,265號二十四樓之6,121.389192027681,25.0520507145705
桃園市龜山區長樂里1鄰文禾路265號二十四樓之7,68,6800700,6800700-000,1鄰,文禾路,,,,,,265號二十四樓之7,121.389192027681,25.0520507145705
桃園市龜山區長樂里1鄰文禾路289號,68,6800700,6800700-000,1鄰,文禾路,,,,,,289號,121.390306714644,25.0519278051566
桃園市龜山區長樂里1鄰文禾路289號五樓,68,6800700,6800700-000,1鄰,文禾路,,,,,,289號五樓,121.390306714644,25.0519278051566
桃園市龜山區長樂里1鄰文禾路289號九樓,68,6800700,6800700-000,1鄰,文禾路,,,,,,289號九樓,121.390306714644,25.0519278051566
桃園市龜山區長樂里1鄰文禾路289號十三樓,68,6800700,6800700-000,1鄰,文禾路,,,,,,289號十三樓,121.390306714644,25.0519278051566
