FULL_ADDR,COUNTY,TOWN,VILLAGE,NEIGHBORHOOD,ROAD,SECTION,LANE,ALLEY,SUB_ALLEY,TONG,NUMBER,X,Y
桃園市桃園區新埔里35鄰新埔一街65巷1號,68,6800100,6800100-022,35鄰,新埔一街,,65巷,,,,1號,121.306579432853,25.0125415241567
桃園市桃園區新埔里35鄰新埔一街65巷2號,68,6800100,6800100-022,35鄰,新埔一街,,65巷,,,,2號,121.306503891633,25.0126835142124
桃園市桃園區新埔里35鄰新埔一街65巷3號,68,6800100,6800100-022,35鄰,新埔一街,,65巷,,,,3號,121.306513097187,25.0125203541496
桃園市桃園區新埔里35鄰新埔一街65巷5號,68,6800100,6800100-022,35鄰,新埔一街,,65巷,,,,5號,121.306450667502,25.0124761539395
桃園市桃園區新埔里35鄰新埔一街65巷6號,68,6800100,6800100-022,35鄰,新埔一街,,65巷,,,,6號,121.306466673258,25.0126576797442
桃園市桃園區新埔里35鄰新埔一街65巷7號,68,6800100,6800100-022,35鄰,新埔一街,,65巷,,,,7號,121.306413667519,25.0124584444624
桃園市桃園區新埔里35鄰新埔一街65巷8號,68,6800100,6800100-022,35鄰,新埔一街,,65巷,,,,8號,121.306362133362,25.0126126634465
桃園市桃園區新埔里35鄰新埔一街65巷10號,68,6800100,6800100-022,35鄰,新埔一街,,65巷,,,,10號,121.306308808417,25.0126041964244
