FULL_ADDR,COUNTY,TOWN,VILLAGE,NEIGHBORHOOD,ROAD,SECTION,LANE,ALLEY,SUB_ALLEY,TONG,NUMBER,X,Y
桃園市觀音區白玉里1鄰桃科十路1號,68,6801200,6801200-002,1鄰,桃科十路,,,,,,1號,121.091402049592,25.0503709974457
桃園市觀音區白玉里1鄰桃科十路8號,68,6801200,6801200-002,1鄰,桃科十路,,,,,,8號,121.092021112339,25.050805689681
桃園市觀音區白玉里1鄰桃科十路8號五樓,68,6801200,6801200-002,1鄰,桃科十路,,,,,,8號五樓,121.092021112339,25.050805689681
桃園市觀音區白玉里1鄰桃科十路8號三樓,68,6801200,6801200-002,1鄰,桃科十路,,,,,,8號三樓,121.092021112339,25.050805689681
桃園市觀音區白玉里1鄰桃科十路100號,68,6801200,6801200-002,1鄰,桃科十路,,,,,,100號,121.091348191706,25.051919657136
桃園市觀音區白玉里1鄰桃科十路280號,68,6801200,6801200-002,1鄰,桃科十路,,,,,,280號,121.090617693228,25.0548104279346
