FULL_ADDR,COUNTY,TOWN,VILLAGE,NEIGHBORHOOD,ROAD,SECTION,LANE,ALLEY,SUB_ALLEY,TONG,NUMBER,X,Y
桃園市桃園區汴洲里1鄰水岸街86號,68,6800100,6800100-010,1鄰,水岸街,,,,,,86號,121.295965010217,25.029109878197
桃園市桃園區汴洲里1鄰水岸街88號,68,6800100,6800100-010,1鄰,水岸街,,,,,,88號,121.29597594428,25.0292479889467
