FULL_ADDR,COUNTY,TOWN,VILLAGE,NEIGHBORHOOD,ROAD,SECTION,LANE,ALLEY,SUB_ALLEY,TONG,NUMBER,X,Y
桃園市蘆竹區南崁里1鄰新南路一段1號,68,6800500,6800500-007,1鄰,新南路,一段,,,,,1號,121.293901290171,25.0471810554364
桃園市蘆竹區南崁里1鄰新南路一段2號,68,6800500,6800500-007,1鄰,新南路,一段,,,,,2號,121.293873697786,25.047163866066
桃園市蘆竹區南崁里1鄰新南路一段4號,68,6800500,6800500-007,1鄰,新南路,一段,,,,,4號,121.293879362178,25.0471287349733
桃園市蘆竹區南崁里1鄰新南路一段6號,68,6800500,6800500-007,1鄰,新南路,一段,,,,,6號,121.293883598418,25.0470765433151
桃園市蘆竹區南崁里1鄰新南路一段8號,68,6800500,6800500-007,1鄰,新南路,一段,,,,,8號,121.293884288173,25.0470332966387
桃園市蘆竹區南崁里1鄰新南路一段10號,68,6800500,6800500-007,1鄰,新南路,一段,,,,,10號,121.293891413308,25.0469873287566
桃園市蘆竹區南崁里18鄰新南路一段11號,68,6800500,6800500-007,18鄰,新南路,一段,,,,,11號,121.294414008911,25.0464941641548
桃園市蘆竹區南崁里18鄰新南路一段11號二樓,68,6800500,6800500-007,18鄰,新南路,一段,,,,,11號二樓,121.294414008911,25.0464941641548
桃園市蘆竹區南崁里18鄰新南路一段11號三樓,68,6800500,6800500-007,18鄰,新南路,一段,,,,,11號三樓,121.294414008911,25.0464941641548
桃園市蘆竹區南崁里1鄰新南路一段12號,68,6800500,6800500-007,1鄰,新南路,一段,,,,,12號,121.293888833667,25.0469445399598
桃園市蘆竹區南崁里1鄰新南路一段14巷2號,68,6800500,6800500-007,1鄰,新南路,一段,14巷,,,,2號,121.293626433382,25.0465415863566
桃園市蘆竹區南崁里1鄰新南路一段14巷7號,68,6800500,6800500-007,1鄰,新南路,一段,14巷,,,,7號,121.293811809384,25.0466037856223
桃園市蘆竹區南崁里1鄰新南路一段14巷13號,68,6800500,6800500-007,1鄰,新南路,一段,14巷,,,,13號,121.293792227489,25.0464962076142
桃園市蘆竹區南崁里18鄰新南路一段15號,68,6800500,6800500-007,18鄰,新南路,一段,,,,,15號,121.294414784648,25.0464455003539
桃園市蘆竹區南崁里1鄰新南路一段16號,68,6800500,6800500-007,1鄰,新南路,一段,,,,,16號,121.293894603817,25.0468290572397
桃園市蘆竹區南崁里1鄰新南路一段16之1號,68,6800500,6800500-007,1鄰,新南路,一段,,,,,16之1號,121.293901017123,25.0467755070349
桃園市蘆竹區南崁里1鄰新南路一段16之2號,68,6800500,6800500-007,1鄰,新南路,一段,,,,,16之2號,121.293901017123,25.0467755070349
桃園市蘆竹區南崁里1鄰新南路一段16之4號,68,6800500,6800500-007,1鄰,新南路,一段,,,,,16之4號,121.293901017123,25.0467755070349
桃園市蘆竹區南崁里1鄰新南路一段16之3號,68,6800500,6800500-007,1鄰,新南路,一段,,,,,16之3號,121.293901017123,25.0467755070349
桃園市蘆竹區南崁里18鄰新南路一段17號,68,6800500,6800500-007,18鄰,新南路,一段,,,,,17號,121.294428929601,25.0463926570628
桃園市蘆竹區南崁里1鄰新南路一段18之1號,68,6800500,6800500-007,1鄰,新南路,一段,,,,,18之1號,121.293911321345,25.0467327830308
桃園市蘆竹區南崁里1鄰新南路一段18之3號,68,6800500,6800500-007,1鄰,新南路,一段,,,,,18之3號,121.293911321345,25.0467327830308
桃園市蘆竹區南崁里1鄰新南路一段18之4號,68,6800500,6800500-007,1鄰,新南路,一段,,,,,18之4號,121.293911321345,25.0467327830308
桃園市蘆竹區南崁里1鄰新南路一段18之2號,68,6800500,6800500-007,1鄰,新南路,一段,,,,,18之2號,121.293911321345,25.0467327830308
桃園市蘆竹區南崁里1鄰新南路一段18號,68,6800500,6800500-007,1鄰,新南路,一段,,,,,18號,121.293911321345,25.0467327830308
桃園市蘆竹區南崁里18鄰新南路一段19號,68,6800500,6800500-007,18鄰,新南路,一段,,,,,19號,121.294436752543,25.0463484934192
桃園市蘆竹區南崁里18鄰新南路一段21號,68,6800500,6800500-007,18鄰,新南路,一段,,,,,21號,121.294444272775,25.0463020733126
桃園市蘆竹區南崁里18鄰新南路一段23號,68,6800500,6800500-007,18鄰,新南路,一段,,,,,23號,121.294457447353,25.0462578990607
桃園市蘆竹區南崁里18鄰新南路一段25之1號,68,6800500,6800500-007,18鄰,新南路,一段,,,,,25之1號,121.294460516062,25.0462149185107
桃園市蘆竹區南崁里18鄰新南路一段25之2號,68,6800500,6800500-007,18鄰,新南路,一段,,,,,25之2號,121.294460516062,25.0462149185107
桃園市蘆竹區南崁里18鄰新南路一段25之3號,68,6800500,6800500-007,18鄰,新南路,一段,,,,,25之3號,121.294460516062,25.0462149185107
桃園市蘆竹區南崁里18鄰新南路一段25之4號,68,6800500,6800500-007,18鄰,新南路,一段,,,,,25之4號,121.294460516062,25.0462149185107
桃園市蘆竹區南崁里18鄰新南路一段25號,68,6800500,6800500-007,18鄰,新南路,一段,,,,,25號,121.294460516062,25.0462149185107
桃園市蘆竹區南崁里18鄰新南路一段27之1號,68,6800500,6800500-007,18鄰,新南路,一段,,,,,27之1號,121.294487142315,25.0461596128463
桃園市蘆竹區南崁里18鄰新南路一段27號,68,6800500,6800500-007,18鄰,新南路,一段,,,,,27號,121.294502683725,25.0461105586433
桃園市蘆竹區南崁里1鄰新南路一段28號,68,6800500,6800500-007,1鄰,新南路,一段,,,,,28號,121.293870108653,25.0466144139287
桃園市蘆竹區南崁里18鄰新南路一段29之1號,68,6800500,6800500-007,18鄰,新南路,一段,,,,,29之1號,121.294491665353,25.0460616473716
桃園市蘆竹區南崁里18鄰新南路一段29之2號,68,6800500,6800500-007,18鄰,新南路,一段,,,,,29之2號,121.294491665353,25.0460616473716
桃園市蘆竹區南崁里18鄰新南路一段29之3號,68,6800500,6800500-007,18鄰,新南路,一段,,,,,29之3號,121.294491665353,25.0460616473716
桃園市蘆竹區南崁里18鄰新南路一段29之4號,68,6800500,6800500-007,18鄰,新南路,一段,,,,,29之4號,121.294491665353,25.0460616473716
桃園市蘆竹區南崁里18鄰新南路一段29號,68,6800500,6800500-007,18鄰,新南路,一段,,,,,29號,121.294491665353,25.0460616473716
桃園市蘆竹區南崁里1鄰新南路一段30號,68,6800500,6800500-007,1鄰,新南路,一段,,,,,30號,121.293938115566,25.0465815068435
桃園市蘆竹區南崁里18鄰新南路一段31之2號,68,6800500,6800500-007,18鄰,新南路,一段,,,,,31之2號,121.29449553141,25.0460205611717
桃園市蘆竹區南崁里18鄰新南路一段31之3號,68,6800500,6800500-007,18鄰,新南路,一段,,,,,31之3號,121.29449553141,25.0460205611717
桃園市蘆竹區南崁里18鄰新南路一段31之4號,68,6800500,6800500-007,18鄰,新南路,一段,,,,,31之4號,121.29449553141,25.0460205611717
桃園市蘆竹區南崁里18鄰新南路一段31號,68,6800500,6800500-007,18鄰,新南路,一段,,,,,31號,121.29449553141,25.0460205611717
桃園市蘆竹區南崁里18鄰新南路一段31之1號,68,6800500,6800500-007,18鄰,新南路,一段,,,,,31之1號,121.29449553141,25.0460205611717
桃園市蘆竹區南崁里1鄰新南路一段32號,68,6800500,6800500-007,1鄰,新南路,一段,,,,,32號,121.29396130683,25.0465402018567
桃園市蘆竹區南崁里18鄰新南路一段37號,68,6800500,6800500-007,18鄰,新南路,一段,,,,,37號,121.29451807493,25.0458741685524
桃園市蘆竹區南崁里7鄰新南路一段38號,68,6800500,6800500-007,7鄰,新南路,一段,,,,,38號,121.294051764555,25.0458647097556
桃園市蘆竹區南崁里7鄰新南路一段38號六樓之2,68,6800500,6800500-007,7鄰,新南路,一段,,,,,38號六樓之2,121.294051764555,25.0458647097556
桃園市蘆竹區南崁里7鄰新南路一段38號八樓之2,68,6800500,6800500-007,7鄰,新南路,一段,,,,,38號八樓之2,121.294051764555,25.0458647097556
桃園市蘆竹區南崁里7鄰新南路一段38號十樓,68,6800500,6800500-007,7鄰,新南路,一段,,,,,38號十樓,121.294051764555,25.0458647097556
桃園市蘆竹區南崁里7鄰新南路一段38號二樓,68,6800500,6800500-007,7鄰,新南路,一段,,,,,38號二樓,121.294051764555,25.0458647097556
桃園市蘆竹區南崁里7鄰新南路一段38號三樓,68,6800500,6800500-007,7鄰,新南路,一段,,,,,38號三樓,121.294051764555,25.0458647097556
桃園市蘆竹區南崁里7鄰新南路一段38號四樓之1,68,6800500,6800500-007,7鄰,新南路,一段,,,,,38號四樓之1,121.294051764555,25.0458647097556
桃園市蘆竹區南崁里7鄰新南路一段38號五樓之1,68,6800500,6800500-007,7鄰,新南路,一段,,,,,38號五樓之1,121.294051764555,25.0458647097556
桃園市蘆竹區南崁里7鄰新南路一段38號七樓,68,6800500,6800500-007,7鄰,新南路,一段,,,,,38號七樓,121.294051764555,25.0458647097556
桃園市蘆竹區南崁里7鄰新南路一段38號八樓之1,68,6800500,6800500-007,7鄰,新南路,一段,,,,,38號八樓之1,121.294051764555,25.0458647097556
桃園市蘆竹區南崁里7鄰新南路一段38號五樓之2,68,6800500,6800500-007,7鄰,新南路,一段,,,,,38號五樓之2,121.294051764555,25.0458647097556
桃園市蘆竹區南崁里7鄰新南路一段38號六樓之1,68,6800500,6800500-007,7鄰,新南路,一段,,,,,38號六樓之1,121.294051764555,25.0458647097556
桃園市蘆竹區南崁里7鄰新南路一段38號九樓,68,6800500,6800500-007,7鄰,新南路,一段,,,,,38號九樓,121.294051764555,25.0458647097556
桃園市蘆竹區南崁里7鄰新南路一段38號四樓之2,68,6800500,6800500-007,7鄰,新南路,一段,,,,,38號四樓之2,121.294051764555,25.0458647097556
桃園市蘆竹區南崁里7鄰新南路一段38號十二樓,68,6800500,6800500-007,7鄰,新南路,一段,,,,,38號十二樓,121.294051764555,25.0458647097556
桃園市蘆竹區南崁里7鄰新南路一段38號地下一層,68,6800500,6800500-007,7鄰,新南路,一段,,,,,38號地下一層,121.294051764555,25.0458647097556
桃園市蘆竹區南崁里7鄰新南路一段38號十一樓,68,6800500,6800500-007,7鄰,新南路,一段,,,,,38號十一樓,121.294051764555,25.0458647097556
桃園市蘆竹區南崁里18鄰新南路一段39號,68,6800500,6800500-007,18鄰,新南路,一段,,,,,39號,121.294526704877,25.0458359619467
桃園市蘆竹區南崁里7鄰新南路一段40號,68,6800500,6800500-007,7鄰,新南路,一段,,,,,40號,121.294064811056,25.0458083476509
桃園市蘆竹區南崁里7鄰新南路一段40號二樓,68,6800500,6800500-007,7鄰,新南路,一段,,,,,40號二樓,121.294064811056,25.0458083476509
桃園市蘆竹區南崁里7鄰新南路一段40號三樓,68,6800500,6800500-007,7鄰,新南路,一段,,,,,40號三樓,121.294064811056,25.0458083476509
桃園市蘆竹區南崁里7鄰新南路一段40號八樓之2,68,6800500,6800500-007,7鄰,新南路,一段,,,,,40號八樓之2,121.294064811056,25.0458083476509
桃園市蘆竹區南崁里7鄰新南路一段40號五樓之1,68,6800500,6800500-007,7鄰,新南路,一段,,,,,40號五樓之1,121.294064811056,25.0458083476509
桃園市蘆竹區南崁里7鄰新南路一段40號五樓之2,68,6800500,6800500-007,7鄰,新南路,一段,,,,,40號五樓之2,121.294064811056,25.0458083476509
桃園市蘆竹區南崁里7鄰新南路一段40號九樓之1,68,6800500,6800500-007,7鄰,新南路,一段,,,,,40號九樓之1,121.294064811056,25.0458083476509
桃園市蘆竹區南崁里7鄰新南路一段40號十二樓,68,6800500,6800500-007,7鄰,新南路,一段,,,,,40號十二樓,121.294064811056,25.0458083476509
桃園市蘆竹區南崁里7鄰新南路一段40號十樓,68,6800500,6800500-007,7鄰,新南路,一段,,,,,40號十樓,121.294064811056,25.0458083476509
桃園市蘆竹區南崁里7鄰新南路一段40號七樓之1,68,6800500,6800500-007,7鄰,新南路,一段,,,,,40號七樓之1,121.294064811056,25.0458083476509
桃園市蘆竹區南崁里7鄰新南路一段40號七樓之2,68,6800500,6800500-007,7鄰,新南路,一段,,,,,40號七樓之2,121.294064811056,25.0458083476509
桃園市蘆竹區南崁里7鄰新南路一段40號九樓之2,68,6800500,6800500-007,7鄰,新南路,一段,,,,,40號九樓之2,121.294064811056,25.0458083476509
桃園市蘆竹區南崁里7鄰新南路一段40號八樓之1,68,6800500,6800500-007,7鄰,新南路,一段,,,,,40號八樓之1,121.294064811056,25.0458083476509
桃園市蘆竹區南崁里7鄰新南路一段40號六樓之1,68,6800500,6800500-007,7鄰,新南路,一段,,,,,40號六樓之1,121.294064811056,25.0458083476509
桃園市蘆竹區南崁里7鄰新南路一段40號四樓之2,68,6800500,6800500-007,7鄰,新南路,一段,,,,,40號四樓之2,121.294064811056,25.0458083476509
桃園市蘆竹區南崁里7鄰新南路一段40號十一樓,68,6800500,6800500-007,7鄰,新南路,一段,,,,,40號十一樓,121.294064811056,25.0458083476509
桃園市蘆竹區南崁里7鄰新南路一段40號四樓之1,68,6800500,6800500-007,7鄰,新南路,一段,,,,,40號四樓之1,121.294064811056,25.0458083476509
桃園市蘆竹區南崁里7鄰新南路一段40號六樓之2,68,6800500,6800500-007,7鄰,新南路,一段,,,,,40號六樓之2,121.294064811056,25.0458083476509
桃園市蘆竹區南崁里18鄰新南路一段41號,68,6800500,6800500-007,18鄰,新南路,一段,,,,,41號,121.294537114597,25.0457960364443
桃園市蘆竹區南崁里18鄰新南路一段43號,68,6800500,6800500-007,18鄰,新南路,一段,,,,,43號,121.294554431838,25.0457436382608
桃園市蘆竹區南崁里18鄰新南路一段45號,68,6800500,6800500-007,18鄰,新南路,一段,,,,,45號,121.294573245764,25.0456954803851
桃園市蘆竹區南崁里18鄰新南路一段47號,68,6800500,6800500-007,18鄰,新南路,一段,,,,,47號,121.294612608954,25.0456618172408
桃園市蘆竹區南崁里18鄰新南路一段49號,68,6800500,6800500-007,18鄰,新南路,一段,,,,,49號,121.294629850341,25.0456191697086
桃園市蘆竹區南崁里23鄰新南路一段50號十樓,68,6800500,6800500-007,23鄰,新南路,一段,,,,,50號十樓,121.293934651528,25.0455857880057
桃園市蘆竹區南崁里23鄰新南路一段50號三樓,68,6800500,6800500-007,23鄰,新南路,一段,,,,,50號三樓,121.293934651528,25.0455857880057
桃園市蘆竹區南崁里23鄰新南路一段50號四樓,68,6800500,6800500-007,23鄰,新南路,一段,,,,,50號四樓,121.293934651528,25.0455857880057
桃園市蘆竹區南崁里23鄰新南路一段50號五樓,68,6800500,6800500-007,23鄰,新南路,一段,,,,,50號五樓,121.293934651528,25.0455857880057
桃園市蘆竹區南崁里23鄰新南路一段50號六樓,68,6800500,6800500-007,23鄰,新南路,一段,,,,,50號六樓,121.293934651528,25.0455857880057
桃園市蘆竹區南崁里23鄰新南路一段50號七樓,68,6800500,6800500-007,23鄰,新南路,一段,,,,,50號七樓,121.293934651528,25.0455857880057
桃園市蘆竹區南崁里23鄰新南路一段50號八樓,68,6800500,6800500-007,23鄰,新南路,一段,,,,,50號八樓,121.293934651528,25.0455857880057
桃園市蘆竹區南崁里23鄰新南路一段50號九樓,68,6800500,6800500-007,23鄰,新南路,一段,,,,,50號九樓,121.293934651528,25.0455857880057
桃園市蘆竹區南崁里23鄰新南路一段50號十一樓,68,6800500,6800500-007,23鄰,新南路,一段,,,,,50號十一樓,121.293934651528,25.0455857880057
桃園市蘆竹區南崁里23鄰新南路一段50號十二樓,68,6800500,6800500-007,23鄰,新南路,一段,,,,,50號十二樓,121.293934651528,25.0455857880057
桃園市蘆竹區南崁里23鄰新南路一段50號十三樓,68,6800500,6800500-007,23鄰,新南路,一段,,,,,50號十三樓,121.293934651528,25.0455857880057
桃園市蘆竹區南崁里23鄰新南路一段50號十四樓,68,6800500,6800500-007,23鄰,新南路,一段,,,,,50號十四樓,121.293934651528,25.0455857880057
桃園市蘆竹區南崁里23鄰新南路一段50號十五樓,68,6800500,6800500-007,23鄰,新南路,一段,,,,,50號十五樓,121.293934651528,25.0455857880057
桃園市蘆竹區南崁里23鄰新南路一段50號十六樓,68,6800500,6800500-007,23鄰,新南路,一段,,,,,50號十六樓,121.293934651528,25.0455857880057
桃園市蘆竹區南崁里23鄰新南路一段50號十七樓,68,6800500,6800500-007,23鄰,新南路,一段,,,,,50號十七樓,121.293934651528,25.0455857880057
桃園市蘆竹區南崁里23鄰新南路一段50號十八樓,68,6800500,6800500-007,23鄰,新南路,一段,,,,,50號十八樓,121.293934651528,25.0455857880057
桃園市蘆竹區南崁里23鄰新南路一段50號十九樓,68,6800500,6800500-007,23鄰,新南路,一段,,,,,50號十九樓,121.293934651528,25.0455857880057
桃園市蘆竹區南崁里23鄰新南路一段50號二十樓,68,6800500,6800500-007,23鄰,新南路,一段,,,,,50號二十樓,121.293934651528,25.0455857880057
桃園市蘆竹區南崁里23鄰新南路一段50號二十一樓,68,6800500,6800500-007,23鄰,新南路,一段,,,,,50號二十一樓,121.293934651528,25.0455857880057
桃園市蘆竹區南崁里23鄰新南路一段50號二十二樓,68,6800500,6800500-007,23鄰,新南路,一段,,,,,50號二十二樓,121.293934651528,25.0455857880057
桃園市蘆竹區南崁里23鄰新南路一段50號二十三樓,68,6800500,6800500-007,23鄰,新南路,一段,,,,,50號二十三樓,121.293934651528,25.0455857880057
桃園市蘆竹區南崁里23鄰新南路一段50號二十四樓,68,6800500,6800500-007,23鄰,新南路,一段,,,,,50號二十四樓,121.293934651528,25.0455857880057
桃園市蘆竹區南崁里23鄰新南路一段50號二十五樓,68,6800500,6800500-007,23鄰,新南路,一段,,,,,50號二十五樓,121.293934651528,25.0455857880057
桃園市蘆竹區南崁里23鄰新南路一段50號二十六樓,68,6800500,6800500-007,23鄰,新南路,一段,,,,,50號二十六樓,121.293934651528,25.0455857880057
桃園市蘆竹區南崁里18鄰新南路一段51號,68,6800500,6800500-007,18鄰,新南路,一段,,,,,51號,121.294657265987,25.0455625082077
桃園市蘆竹區南崁里23鄰新南路一段52號十樓,68,6800500,6800500-007,23鄰,新南路,一段,,,,,52號十樓,121.293507096438,25.0456197669782
桃園市蘆竹區南崁里23鄰新南路一段52號三樓,68,6800500,6800500-007,23鄰,新南路,一段,,,,,52號三樓,121.293507096438,25.0456197669782
桃園市蘆竹區南崁里23鄰新南路一段52號四樓,68,6800500,6800500-007,23鄰,新南路,一段,,,,,52號四樓,121.293507096438,25.0456197669782
桃園市蘆竹區南崁里23鄰新南路一段52號五樓,68,6800500,6800500-007,23鄰,新南路,一段,,,,,52號五樓,121.293507096438,25.0456197669782
桃園市蘆竹區南崁里23鄰新南路一段52號六樓,68,6800500,6800500-007,23鄰,新南路,一段,,,,,52號六樓,121.293507096438,25.0456197669782
桃園市蘆竹區南崁里23鄰新南路一段52號七樓,68,6800500,6800500-007,23鄰,新南路,一段,,,,,52號七樓,121.293507096438,25.0456197669782
桃園市蘆竹區南崁里23鄰新南路一段52號八樓,68,6800500,6800500-007,23鄰,新南路,一段,,,,,52號八樓,121.293507096438,25.0456197669782
桃園市蘆竹區南崁里23鄰新南路一段52號九樓,68,6800500,6800500-007,23鄰,新南路,一段,,,,,52號九樓,121.293507096438,25.0456197669782
桃園市蘆竹區南崁里23鄰新南路一段52號十一樓,68,6800500,6800500-007,23鄰,新南路,一段,,,,,52號十一樓,121.293507096438,25.0456197669782
桃園市蘆竹區南崁里23鄰新南路一段52號十二樓,68,6800500,6800500-007,23鄰,新南路,一段,,,,,52號十二樓,121.293507096438,25.0456197669782
桃園市蘆竹區南崁里23鄰新南路一段52號十三樓,68,6800500,6800500-007,23鄰,新南路,一段,,,,,52號十三樓,121.293507096438,25.0456197669782
桃園市蘆竹區南崁里23鄰新南路一段52號十四樓,68,6800500,6800500-007,23鄰,新南路,一段,,,,,52號十四樓,121.293507096438,25.0456197669782
桃園市蘆竹區南崁里23鄰新南路一段52號十五樓,68,6800500,6800500-007,23鄰,新南路,一段,,,,,52號十五樓,121.293507096438,25.0456197669782
桃園市蘆竹區南崁里23鄰新南路一段52號十六樓,68,6800500,6800500-007,23鄰,新南路,一段,,,,,52號十六樓,121.293507096438,25.0456197669782
桃園市蘆竹區南崁里23鄰新南路一段52號十七樓,68,6800500,6800500-007,23鄰,新南路,一段,,,,,52號十七樓,121.293507096438,25.0456197669782
桃園市蘆竹區南崁里23鄰新南路一段52號十八樓,68,6800500,6800500-007,23鄰,新南路,一段,,,,,52號十八樓,121.293507096438,25.0456197669782
桃園市蘆竹區南崁里23鄰新南路一段52號十九樓,68,6800500,6800500-007,23鄰,新南路,一段,,,,,52號十九樓,121.293507096438,25.0456197669782
桃園市蘆竹區南崁里23鄰新南路一段52號二十樓,68,6800500,6800500-007,23鄰,新南路,一段,,,,,52號二十樓,121.293507096438,25.0456197669782
桃園市蘆竹區南崁里23鄰新南路一段52號二十一樓,68,6800500,6800500-007,23鄰,新南路,一段,,,,,52號二十一樓,121.293507096438,25.0456197669782
桃園市蘆竹區南崁里23鄰新南路一段52號二十二樓,68,6800500,6800500-007,23鄰,新南路,一段,,,,,52號二十二樓,121.293507096438,25.0456197669782
桃園市蘆竹區南崁里23鄰新南路一段52號二十三樓,68,6800500,6800500-007,23鄰,新南路,一段,,,,,52號二十三樓,121.293507096438,25.0456197669782
桃園市蘆竹區南崁里23鄰新南路一段52號二十四樓,68,6800500,6800500-007,23鄰,新南路,一段,,,,,52號二十四樓,121.293507096438,25.0456197669782
桃園市蘆竹區南崁里23鄰新南路一段52號二十五樓,68,6800500,6800500-007,23鄰,新南路,一段,,,,,52號二十五樓,121.293507096438,25.0456197669782
桃園市蘆竹區南崁里23鄰新南路一段52號二十六樓,68,6800500,6800500-007,23鄰,新南路,一段,,,,,52號二十六樓,121.293507096438,25.0456197669782
桃園市蘆竹區南崁里18鄰新南路一段53號,68,6800500,6800500-007,18鄰,新南路,一段,,,,,53號,121.294675199778,25.0455193176016
桃園市蘆竹區南崁里18鄰新南路一段55號,68,6800500,6800500-007,18鄰,新南路,一段,,,,,55號,121.294689167888,25.0454755028819
桃園市蘆竹區南崁里23鄰新南路一段56號十樓,68,6800500,6800500-007,23鄰,新南路,一段,,,,,56號十樓,121.293561462027,25.0455185431545
桃園市蘆竹區南崁里23鄰新南路一段56號三樓,68,6800500,6800500-007,23鄰,新南路,一段,,,,,56號三樓,121.293561462027,25.0455185431545
桃園市蘆竹區南崁里23鄰新南路一段56號四樓,68,6800500,6800500-007,23鄰,新南路,一段,,,,,56號四樓,121.293561462027,25.0455185431545
桃園市蘆竹區南崁里23鄰新南路一段56號五樓,68,6800500,6800500-007,23鄰,新南路,一段,,,,,56號五樓,121.293561462027,25.0455185431545
桃園市蘆竹區南崁里23鄰新南路一段56號六樓,68,6800500,6800500-007,23鄰,新南路,一段,,,,,56號六樓,121.293561462027,25.0455185431545
桃園市蘆竹區南崁里23鄰新南路一段56號七樓,68,6800500,6800500-007,23鄰,新南路,一段,,,,,56號七樓,121.293561462027,25.0455185431545
桃園市蘆竹區南崁里23鄰新南路一段56號八樓,68,6800500,6800500-007,23鄰,新南路,一段,,,,,56號八樓,121.293561462027,25.0455185431545
桃園市蘆竹區南崁里23鄰新南路一段56號九樓,68,6800500,6800500-007,23鄰,新南路,一段,,,,,56號九樓,121.293561462027,25.0455185431545
桃園市蘆竹區南崁里23鄰新南路一段56號十一樓,68,6800500,6800500-007,23鄰,新南路,一段,,,,,56號十一樓,121.293561462027,25.0455185431545
桃園市蘆竹區南崁里23鄰新南路一段56號十二樓,68,6800500,6800500-007,23鄰,新南路,一段,,,,,56號十二樓,121.293561462027,25.0455185431545
桃園市蘆竹區南崁里23鄰新南路一段56號十三樓,68,6800500,6800500-007,23鄰,新南路,一段,,,,,56號十三樓,121.293561462027,25.0455185431545
桃園市蘆竹區南崁里23鄰新南路一段56號十四樓,68,6800500,6800500-007,23鄰,新南路,一段,,,,,56號十四樓,121.293561462027,25.0455185431545
桃園市蘆竹區南崁里23鄰新南路一段56號十五樓,68,6800500,6800500-007,23鄰,新南路,一段,,,,,56號十五樓,121.293561462027,25.0455185431545
桃園市蘆竹區南崁里23鄰新南路一段56號十六樓,68,6800500,6800500-007,23鄰,新南路,一段,,,,,56號十六樓,121.293561462027,25.0455185431545
桃園市蘆竹區南崁里23鄰新南路一段56號十七樓,68,6800500,6800500-007,23鄰,新南路,一段,,,,,56號十七樓,121.293561462027,25.0455185431545
桃園市蘆竹區南崁里23鄰新南路一段56號十八樓,68,6800500,6800500-007,23鄰,新南路,一段,,,,,56號十八樓,121.293561462027,25.0455185431545
桃園市蘆竹區南崁里23鄰新南路一段56號十九樓,68,6800500,6800500-007,23鄰,新南路,一段,,,,,56號十九樓,121.293561462027,25.0455185431545
桃園市蘆竹區南崁里23鄰新南路一段56號二十樓,68,6800500,6800500-007,23鄰,新南路,一段,,,,,56號二十樓,121.293561462027,25.0455185431545
桃園市蘆竹區南崁里23鄰新南路一段56號二十一樓,68,6800500,6800500-007,23鄰,新南路,一段,,,,,56號二十一樓,121.293561462027,25.0455185431545
桃園市蘆竹區南崁里23鄰新南路一段56號二十二樓,68,6800500,6800500-007,23鄰,新南路,一段,,,,,56號二十二樓,121.293561462027,25.0455185431545
桃園市蘆竹區南崁里23鄰新南路一段56號二十三樓,68,6800500,6800500-007,23鄰,新南路,一段,,,,,56號二十三樓,121.293561462027,25.0455185431545
桃園市蘆竹區南崁里23鄰新南路一段56號二十四樓,68,6800500,6800500-007,23鄰,新南路,一段,,,,,56號二十四樓,121.293561462027,25.0455185431545
桃園市蘆竹區南崁里23鄰新南路一段56號二十五樓,68,6800500,6800500-007,23鄰,新南路,一段,,,,,56號二十五樓,121.293561462027,25.0455185431545
桃園市蘆竹區南崁里23鄰新南路一段56號二十六樓,68,6800500,6800500-007,23鄰,新南路,一段,,,,,56號二十六樓,121.293561462027,25.0455185431545
桃園市蘆竹區南崁里18鄰新南路一段57號,68,6800500,6800500-007,18鄰,新南路,一段,,,,,57號,121.294695122813,25.0454376627009
桃園市蘆竹區南崁里23鄰新南路一段58號十樓,68,6800500,6800500-007,23鄰,新南路,一段,,,,,58號十樓,121.293626271696,25.0453917487188
桃園市蘆竹區南崁里23鄰新南路一段58號三樓,68,6800500,6800500-007,23鄰,新南路,一段,,,,,58號三樓,121.293626271696,25.0453917487188
桃園市蘆竹區南崁里23鄰新南路一段58號四樓,68,6800500,6800500-007,23鄰,新南路,一段,,,,,58號四樓,121.293626271696,25.0453917487188
桃園市蘆竹區南崁里23鄰新南路一段58號五樓,68,6800500,6800500-007,23鄰,新南路,一段,,,,,58號五樓,121.293626271696,25.0453917487188
桃園市蘆竹區南崁里23鄰新南路一段58號六樓,68,6800500,6800500-007,23鄰,新南路,一段,,,,,58號六樓,121.293626271696,25.0453917487188
桃園市蘆竹區南崁里23鄰新南路一段58號七樓,68,6800500,6800500-007,23鄰,新南路,一段,,,,,58號七樓,121.293626271696,25.0453917487188
桃園市蘆竹區南崁里23鄰新南路一段58號八樓,68,6800500,6800500-007,23鄰,新南路,一段,,,,,58號八樓,121.293626271696,25.0453917487188
桃園市蘆竹區南崁里23鄰新南路一段58號九樓,68,6800500,6800500-007,23鄰,新南路,一段,,,,,58號九樓,121.293626271696,25.0453917487188
桃園市蘆竹區南崁里23鄰新南路一段58號十一樓,68,6800500,6800500-007,23鄰,新南路,一段,,,,,58號十一樓,121.293626271696,25.0453917487188
桃園市蘆竹區南崁里23鄰新南路一段58號十二樓,68,6800500,6800500-007,23鄰,新南路,一段,,,,,58號十二樓,121.293626271696,25.0453917487188
桃園市蘆竹區南崁里23鄰新南路一段58號十四樓,68,6800500,6800500-007,23鄰,新南路,一段,,,,,58號十四樓,121.293626271696,25.0453917487188
桃園市蘆竹區南崁里23鄰新南路一段58號十五樓,68,6800500,6800500-007,23鄰,新南路,一段,,,,,58號十五樓,121.293626271696,25.0453917487188
桃園市蘆竹區南崁里23鄰新南路一段58號十六樓,68,6800500,6800500-007,23鄰,新南路,一段,,,,,58號十六樓,121.293626271696,25.0453917487188
桃園市蘆竹區南崁里23鄰新南路一段58號十七樓,68,6800500,6800500-007,23鄰,新南路,一段,,,,,58號十七樓,121.293626271696,25.0453917487188
桃園市蘆竹區南崁里23鄰新南路一段58號十八樓,68,6800500,6800500-007,23鄰,新南路,一段,,,,,58號十八樓,121.293626271696,25.0453917487188
桃園市蘆竹區南崁里23鄰新南路一段58號十九樓,68,6800500,6800500-007,23鄰,新南路,一段,,,,,58號十九樓,121.293626271696,25.0453917487188
桃園市蘆竹區南崁里23鄰新南路一段58號二十樓,68,6800500,6800500-007,23鄰,新南路,一段,,,,,58號二十樓,121.293626271696,25.0453917487188
桃園市蘆竹區南崁里23鄰新南路一段58號二十一樓,68,6800500,6800500-007,23鄰,新南路,一段,,,,,58號二十一樓,121.293626271696,25.0453917487188
桃園市蘆竹區南崁里23鄰新南路一段58號二十二樓,68,6800500,6800500-007,23鄰,新南路,一段,,,,,58號二十二樓,121.293626271696,25.0453917487188
桃園市蘆竹區南崁里23鄰新南路一段58號二十三樓,68,6800500,6800500-007,23鄰,新南路,一段,,,,,58號二十三樓,121.293626271696,25.0453917487188
桃園市蘆竹區南崁里23鄰新南路一段58號二十四樓,68,6800500,6800500-007,23鄰,新南路,一段,,,,,58號二十四樓,121.293626271696,25.0453917487188
桃園市蘆竹區南崁里23鄰新南路一段58號二十五樓,68,6800500,6800500-007,23鄰,新南路,一段,,,,,58號二十五樓,121.293626271696,25.0453917487188
桃園市蘆竹區南崁里23鄰新南路一段58號二十六樓,68,6800500,6800500-007,23鄰,新南路,一段,,,,,58號二十六樓,121.293626271696,25.0453917487188
桃園市蘆竹區南崁里23鄰新南路一段58號二十七樓,68,6800500,6800500-007,23鄰,新南路,一段,,,,,58號二十七樓,121.293626271696,25.0453917487188
桃園市蘆竹區南崁里23鄰新南路一段58號二十八樓,68,6800500,6800500-007,23鄰,新南路,一段,,,,,58號二十八樓,121.293626271696,25.0453917487188
桃園市蘆竹區南崁里23鄰新南路一段58號二十九樓,68,6800500,6800500-007,23鄰,新南路,一段,,,,,58號二十九樓,121.293626271696,25.0453917487188
桃園市蘆竹區南崁里18鄰新南路一段59號,68,6800500,6800500-007,18鄰,新南路,一段,,,,,59號,121.294706414022,25.0453934018764
桃園市蘆竹區南崁里23鄰新南路一段60號十樓,68,6800500,6800500-007,23鄰,新南路,一段,,,,,60號十樓,121.293699907922,25.0452676452801
桃園市蘆竹區南崁里23鄰新南路一段60號三樓,68,6800500,6800500-007,23鄰,新南路,一段,,,,,60號三樓,121.293699907922,25.0452676452801
桃園市蘆竹區南崁里23鄰新南路一段60號四樓,68,6800500,6800500-007,23鄰,新南路,一段,,,,,60號四樓,121.293699907922,25.0452676452801
桃園市蘆竹區南崁里23鄰新南路一段60號五樓,68,6800500,6800500-007,23鄰,新南路,一段,,,,,60號五樓,121.293699907922,25.0452676452801
桃園市蘆竹區南崁里23鄰新南路一段60號六樓,68,6800500,6800500-007,23鄰,新南路,一段,,,,,60號六樓,121.293699907922,25.0452676452801
桃園市蘆竹區南崁里23鄰新南路一段60號七樓,68,6800500,6800500-007,23鄰,新南路,一段,,,,,60號七樓,121.293699907922,25.0452676452801
桃園市蘆竹區南崁里23鄰新南路一段60號八樓,68,6800500,6800500-007,23鄰,新南路,一段,,,,,60號八樓,121.293699907922,25.0452676452801
桃園市蘆竹區南崁里23鄰新南路一段60號九樓,68,6800500,6800500-007,23鄰,新南路,一段,,,,,60號九樓,121.293699907922,25.0452676452801
桃園市蘆竹區南崁里23鄰新南路一段60號十一樓,68,6800500,6800500-007,23鄰,新南路,一段,,,,,60號十一樓,121.293699907922,25.0452676452801
桃園市蘆竹區南崁里23鄰新南路一段60號十二樓,68,6800500,6800500-007,23鄰,新南路,一段,,,,,60號十二樓,121.293699907922,25.0452676452801
桃園市蘆竹區南崁里23鄰新南路一段60號十三樓,68,6800500,6800500-007,23鄰,新南路,一段,,,,,60號十三樓,121.293699907922,25.0452676452801
桃園市蘆竹區南崁里23鄰新南路一段60號十四樓,68,6800500,6800500-007,23鄰,新南路,一段,,,,,60號十四樓,121.293699907922,25.0452676452801
桃園市蘆竹區南崁里23鄰新南路一段60號十五樓,68,6800500,6800500-007,23鄰,新南路,一段,,,,,60號十五樓,121.293699907922,25.0452676452801
桃園市蘆竹區南崁里23鄰新南路一段60號十六樓,68,6800500,6800500-007,23鄰,新南路,一段,,,,,60號十六樓,121.293699907922,25.0452676452801
桃園市蘆竹區南崁里23鄰新南路一段60號十七樓,68,6800500,6800500-007,23鄰,新南路,一段,,,,,60號十七樓,121.293699907922,25.0452676452801
桃園市蘆竹區南崁里23鄰新南路一段60號十八樓,68,6800500,6800500-007,23鄰,新南路,一段,,,,,60號十八樓,121.293699907922,25.0452676452801
桃園市蘆竹區南崁里23鄰新南路一段60號十九樓,68,6800500,6800500-007,23鄰,新南路,一段,,,,,60號十九樓,121.293699907922,25.0452676452801
桃園市蘆竹區南崁里23鄰新南路一段60號二十樓,68,6800500,6800500-007,23鄰,新南路,一段,,,,,60號二十樓,121.293699907922,25.0452676452801
桃園市蘆竹區南崁里23鄰新南路一段60號二十一樓,68,6800500,6800500-007,23鄰,新南路,一段,,,,,60號二十一樓,121.293699907922,25.0452676452801
桃園市蘆竹區南崁里23鄰新南路一段60號二十二樓,68,6800500,6800500-007,23鄰,新南路,一段,,,,,60號二十二樓,121.293699907922,25.0452676452801
桃園市蘆竹區南崁里23鄰新南路一段60號二十三樓,68,6800500,6800500-007,23鄰,新南路,一段,,,,,60號二十三樓,121.293699907922,25.0452676452801
桃園市蘆竹區南崁里23鄰新南路一段60號二十四樓,68,6800500,6800500-007,23鄰,新南路,一段,,,,,60號二十四樓,121.293699907922,25.0452676452801
桃園市蘆竹區南崁里23鄰新南路一段60號二十五樓,68,6800500,6800500-007,23鄰,新南路,一段,,,,,60號二十五樓,121.293699907922,25.0452676452801
桃園市蘆竹區南崁里23鄰新南路一段60號二十六樓,68,6800500,6800500-007,23鄰,新南路,一段,,,,,60號二十六樓,121.293699907922,25.0452676452801
桃園市蘆竹區南崁里23鄰新南路一段60號二十七樓,68,6800500,6800500-007,23鄰,新南路,一段,,,,,60號二十七樓,121.293699907922,25.0452676452801
桃園市蘆竹區南崁里23鄰新南路一段60號二十八樓,68,6800500,6800500-007,23鄰,新南路,一段,,,,,60號二十八樓,121.293699907922,25.0452676452801
桃園市蘆竹區南崁里23鄰新南路一段60號二十九樓,68,6800500,6800500-007,23鄰,新南路,一段,,,,,60號二十九樓,121.293699907922,25.0452676452801
桃園市蘆竹區南崁里23鄰新南路一段62號十樓,68,6800500,6800500-007,23鄰,新南路,一段,,,,,62號十樓,121.293767597779,25.045143553562
桃園市蘆竹區南崁里23鄰新南路一段62號三樓,68,6800500,6800500-007,23鄰,新南路,一段,,,,,62號三樓,121.293767597779,25.045143553562
桃園市蘆竹區南崁里23鄰新南路一段62號四樓,68,6800500,6800500-007,23鄰,新南路,一段,,,,,62號四樓,121.293767597779,25.045143553562
桃園市蘆竹區南崁里23鄰新南路一段62號五樓,68,6800500,6800500-007,23鄰,新南路,一段,,,,,62號五樓,121.293767597779,25.045143553562
桃園市蘆竹區南崁里23鄰新南路一段62號六樓,68,6800500,6800500-007,23鄰,新南路,一段,,,,,62號六樓,121.293767597779,25.045143553562
桃園市蘆竹區南崁里23鄰新南路一段62號七樓,68,6800500,6800500-007,23鄰,新南路,一段,,,,,62號七樓,121.293767597779,25.045143553562
桃園市蘆竹區南崁里23鄰新南路一段62號八樓,68,6800500,6800500-007,23鄰,新南路,一段,,,,,62號八樓,121.293767597779,25.045143553562
桃園市蘆竹區南崁里23鄰新南路一段62號九樓,68,6800500,6800500-007,23鄰,新南路,一段,,,,,62號九樓,121.293767597779,25.045143553562
桃園市蘆竹區南崁里23鄰新南路一段62號十一樓,68,6800500,6800500-007,23鄰,新南路,一段,,,,,62號十一樓,121.293767597779,25.045143553562
桃園市蘆竹區南崁里23鄰新南路一段62號十二樓,68,6800500,6800500-007,23鄰,新南路,一段,,,,,62號十二樓,121.293767597779,25.045143553562
桃園市蘆竹區南崁里23鄰新南路一段62號十三樓,68,6800500,6800500-007,23鄰,新南路,一段,,,,,62號十三樓,121.293767597779,25.045143553562
桃園市蘆竹區南崁里23鄰新南路一段62號十四樓,68,6800500,6800500-007,23鄰,新南路,一段,,,,,62號十四樓,121.293767597779,25.045143553562
桃園市蘆竹區南崁里23鄰新南路一段62號十五樓,68,6800500,6800500-007,23鄰,新南路,一段,,,,,62號十五樓,121.293767597779,25.045143553562
桃園市蘆竹區南崁里23鄰新南路一段62號十六樓,68,6800500,6800500-007,23鄰,新南路,一段,,,,,62號十六樓,121.293767597779,25.045143553562
桃園市蘆竹區南崁里23鄰新南路一段62號十七樓,68,6800500,6800500-007,23鄰,新南路,一段,,,,,62號十七樓,121.293767597779,25.045143553562
桃園市蘆竹區南崁里23鄰新南路一段62號十八樓,68,6800500,6800500-007,23鄰,新南路,一段,,,,,62號十八樓,121.293767597779,25.045143553562
桃園市蘆竹區南崁里23鄰新南路一段62號十九樓,68,6800500,6800500-007,23鄰,新南路,一段,,,,,62號十九樓,121.293767597779,25.045143553562
桃園市蘆竹區南崁里23鄰新南路一段62號二十樓,68,6800500,6800500-007,23鄰,新南路,一段,,,,,62號二十樓,121.293767597779,25.045143553562
桃園市蘆竹區南崁里23鄰新南路一段62號二十一樓,68,6800500,6800500-007,23鄰,新南路,一段,,,,,62號二十一樓,121.293767597779,25.045143553562
桃園市蘆竹區南崁里23鄰新南路一段62號二十二樓,68,6800500,6800500-007,23鄰,新南路,一段,,,,,62號二十二樓,121.293767597779,25.045143553562
桃園市蘆竹區南崁里23鄰新南路一段62號二十三樓,68,6800500,6800500-007,23鄰,新南路,一段,,,,,62號二十三樓,121.293767597779,25.045143553562
桃園市蘆竹區南崁里23鄰新南路一段62號二十四樓,68,6800500,6800500-007,23鄰,新南路,一段,,,,,62號二十四樓,121.293767597779,25.045143553562
桃園市蘆竹區南崁里23鄰新南路一段62號二十五樓,68,6800500,6800500-007,23鄰,新南路,一段,,,,,62號二十五樓,121.293767597779,25.045143553562
桃園市蘆竹區南崁里23鄰新南路一段62號二十六樓,68,6800500,6800500-007,23鄰,新南路,一段,,,,,62號二十六樓,121.293767597779,25.045143553562
桃園市蘆竹區南崁里23鄰新南路一段66號十樓,68,6800500,6800500-007,23鄰,新南路,一段,,,,,66號十樓,121.29384533763,25.0450365053299
桃園市蘆竹區南崁里23鄰新南路一段66號三樓,68,6800500,6800500-007,23鄰,新南路,一段,,,,,66號三樓,121.29384533763,25.0450365053299
桃園市蘆竹區南崁里23鄰新南路一段66號四樓,68,6800500,6800500-007,23鄰,新南路,一段,,,,,66號四樓,121.29401691828,25.045423748686
桃園市蘆竹區南崁里23鄰新南路一段66號五樓,68,6800500,6800500-007,23鄰,新南路,一段,,,,,66號五樓,121.29384533763,25.0450365053299
桃園市蘆竹區南崁里23鄰新南路一段66號六樓,68,6800500,6800500-007,23鄰,新南路,一段,,,,,66號六樓,121.29384533763,25.0450365053299
桃園市蘆竹區南崁里23鄰新南路一段66號七樓,68,6800500,6800500-007,23鄰,新南路,一段,,,,,66號七樓,121.29384533763,25.0450365053299
桃園市蘆竹區南崁里23鄰新南路一段66號八樓,68,6800500,6800500-007,23鄰,新南路,一段,,,,,66號八樓,121.29384533763,25.0450365053299
桃園市蘆竹區南崁里23鄰新南路一段66號九樓,68,6800500,6800500-007,23鄰,新南路,一段,,,,,66號九樓,121.29384533763,25.0450365053299
桃園市蘆竹區南崁里23鄰新南路一段66號十一樓,68,6800500,6800500-007,23鄰,新南路,一段,,,,,66號十一樓,121.29384533763,25.0450365053299
桃園市蘆竹區南崁里23鄰新南路一段66號十二樓,68,6800500,6800500-007,23鄰,新南路,一段,,,,,66號十二樓,121.29384533763,25.0450365053299
桃園市蘆竹區南崁里23鄰新南路一段66號十三樓,68,6800500,6800500-007,23鄰,新南路,一段,,,,,66號十三樓,121.29384533763,25.0450365053299
桃園市蘆竹區南崁里23鄰新南路一段66號十四樓,68,6800500,6800500-007,23鄰,新南路,一段,,,,,66號十四樓,121.29384533763,25.0450365053299
桃園市蘆竹區南崁里23鄰新南路一段66號十五樓,68,6800500,6800500-007,23鄰,新南路,一段,,,,,66號十五樓,121.29384533763,25.0450365053299
桃園市蘆竹區南崁里23鄰新南路一段66號十六樓,68,6800500,6800500-007,23鄰,新南路,一段,,,,,66號十六樓,121.29384533763,25.0450365053299
桃園市蘆竹區南崁里23鄰新南路一段66號十七樓,68,6800500,6800500-007,23鄰,新南路,一段,,,,,66號十七樓,121.29384533763,25.0450365053299
桃園市蘆竹區南崁里23鄰新南路一段66號十八樓,68,6800500,6800500-007,23鄰,新南路,一段,,,,,66號十八樓,121.29384533763,25.0450365053299
桃園市蘆竹區南崁里23鄰新南路一段66號十九樓,68,6800500,6800500-007,23鄰,新南路,一段,,,,,66號十九樓,121.29384533763,25.0450365053299
桃園市蘆竹區南崁里23鄰新南路一段66號二十樓,68,6800500,6800500-007,23鄰,新南路,一段,,,,,66號二十樓,121.29384533763,25.0450365053299
桃園市蘆竹區南崁里23鄰新南路一段66號二十一樓,68,6800500,6800500-007,23鄰,新南路,一段,,,,,66號二十一樓,121.29384533763,25.0450365053299
桃園市蘆竹區南崁里23鄰新南路一段66號二十二樓,68,6800500,6800500-007,23鄰,新南路,一段,,,,,66號二十二樓,121.29384533763,25.0450365053299
桃園市蘆竹區南崁里23鄰新南路一段66號二十三樓,68,6800500,6800500-007,23鄰,新南路,一段,,,,,66號二十三樓,121.29384533763,25.0450365053299
桃園市蘆竹區南崁里23鄰新南路一段66號二十四樓,68,6800500,6800500-007,23鄰,新南路,一段,,,,,66號二十四樓,121.29384533763,25.0450365053299
桃園市蘆竹區南崁里23鄰新南路一段66號二十五樓,68,6800500,6800500-007,23鄰,新南路,一段,,,,,66號二十五樓,121.29384533763,25.0450365053299
桃園市蘆竹區南崁里23鄰新南路一段66號二十六樓,68,6800500,6800500-007,23鄰,新南路,一段,,,,,66號二十六樓,121.29384533763,25.0450365053299
桃園市蘆竹區南崁里23鄰新南路一段68號十樓,68,6800500,6800500-007,23鄰,新南路,一段,,,,,68號十樓,121.29401691828,25.045423748686
桃園市蘆竹區南崁里23鄰新南路一段68號三樓,68,6800500,6800500-007,23鄰,新南路,一段,,,,,68號三樓,121.29401691828,25.045423748686
桃園市蘆竹區南崁里23鄰新南路一段68號四樓,68,6800500,6800500-007,23鄰,新南路,一段,,,,,68號四樓,121.29401691828,25.045423748686
桃園市蘆竹區南崁里23鄰新南路一段68號五樓,68,6800500,6800500-007,23鄰,新南路,一段,,,,,68號五樓,121.29401691828,25.045423748686
桃園市蘆竹區南崁里23鄰新南路一段68號六樓,68,6800500,6800500-007,23鄰,新南路,一段,,,,,68號六樓,121.29401691828,25.045423748686
桃園市蘆竹區南崁里23鄰新南路一段68號七樓,68,6800500,6800500-007,23鄰,新南路,一段,,,,,68號七樓,121.29401691828,25.045423748686
桃園市蘆竹區南崁里23鄰新南路一段68號八樓,68,6800500,6800500-007,23鄰,新南路,一段,,,,,68號八樓,121.29401691828,25.045423748686
桃園市蘆竹區南崁里23鄰新南路一段68號九樓,68,6800500,6800500-007,23鄰,新南路,一段,,,,,68號九樓,121.29401691828,25.045423748686
桃園市蘆竹區南崁里23鄰新南路一段68號十一樓,68,6800500,6800500-007,23鄰,新南路,一段,,,,,68號十一樓,121.29401691828,25.045423748686
桃園市蘆竹區南崁里23鄰新南路一段68號十二樓,68,6800500,6800500-007,23鄰,新南路,一段,,,,,68號十二樓,121.29401691828,25.045423748686
桃園市蘆竹區南崁里23鄰新南路一段68號十四樓,68,6800500,6800500-007,23鄰,新南路,一段,,,,,68號十四樓,121.29401691828,25.045423748686
桃園市蘆竹區南崁里23鄰新南路一段68號十五樓,68,6800500,6800500-007,23鄰,新南路,一段,,,,,68號十五樓,121.29401691828,25.045423748686
桃園市蘆竹區南崁里23鄰新南路一段68號十六樓,68,6800500,6800500-007,23鄰,新南路,一段,,,,,68號十六樓,121.29401691828,25.045423748686
桃園市蘆竹區南崁里23鄰新南路一段68號十七樓,68,6800500,6800500-007,23鄰,新南路,一段,,,,,68號十七樓,121.29401691828,25.045423748686
桃園市蘆竹區南崁里23鄰新南路一段68號十八樓,68,6800500,6800500-007,23鄰,新南路,一段,,,,,68號十八樓,121.29401691828,25.045423748686
桃園市蘆竹區南崁里23鄰新南路一段68號十九樓,68,6800500,6800500-007,23鄰,新南路,一段,,,,,68號十九樓,121.29401691828,25.045423748686
桃園市蘆竹區南崁里23鄰新南路一段68號二十樓,68,6800500,6800500-007,23鄰,新南路,一段,,,,,68號二十樓,121.29401691828,25.045423748686
桃園市蘆竹區南崁里23鄰新南路一段68號二十一樓,68,6800500,6800500-007,23鄰,新南路,一段,,,,,68號二十一樓,121.29401691828,25.045423748686
桃園市蘆竹區南崁里23鄰新南路一段68號二十二樓,68,6800500,6800500-007,23鄰,新南路,一段,,,,,68號二十二樓,121.29401691828,25.045423748686
桃園市蘆竹區南崁里23鄰新南路一段68號二十三樓,68,6800500,6800500-007,23鄰,新南路,一段,,,,,68號二十三樓,121.29401691828,25.045423748686
桃園市蘆竹區南崁里23鄰新南路一段68號二十四樓,68,6800500,6800500-007,23鄰,新南路,一段,,,,,68號二十四樓,121.29401691828,25.045423748686
桃園市蘆竹區南崁里23鄰新南路一段68號二十五樓,68,6800500,6800500-007,23鄰,新南路,一段,,,,,68號二十五樓,121.29401691828,25.045423748686
桃園市蘆竹區南崁里23鄰新南路一段68號二十六樓,68,6800500,6800500-007,23鄰,新南路,一段,,,,,68號二十六樓,121.29401691828,25.045423748686
桃園市蘆竹區南崁里23鄰新南路一段70號十樓,68,6800500,6800500-007,23鄰,新南路,一段,,,,,70號十樓,121.294113787494,25.0453176555669
桃園市蘆竹區南崁里23鄰新南路一段70號三樓,68,6800500,6800500-007,23鄰,新南路,一段,,,,,70號三樓,121.294113787494,25.0453176555669
桃園市蘆竹區南崁里23鄰新南路一段70號四樓,68,6800500,6800500-007,23鄰,新南路,一段,,,,,70號四樓,121.294113787494,25.0453176555669
桃園市蘆竹區南崁里23鄰新南路一段70號五樓,68,6800500,6800500-007,23鄰,新南路,一段,,,,,70號五樓,121.294113787494,25.0453176555669
桃園市蘆竹區南崁里23鄰新南路一段70號六樓,68,6800500,6800500-007,23鄰,新南路,一段,,,,,70號六樓,121.294113787494,25.0453176555669
桃園市蘆竹區南崁里23鄰新南路一段70號七樓,68,6800500,6800500-007,23鄰,新南路,一段,,,,,70號七樓,121.294113787494,25.0453176555669
桃園市蘆竹區南崁里23鄰新南路一段70號八樓,68,6800500,6800500-007,23鄰,新南路,一段,,,,,70號八樓,121.294113787494,25.0453176555669
桃園市蘆竹區南崁里23鄰新南路一段70號九樓,68,6800500,6800500-007,23鄰,新南路,一段,,,,,70號九樓,121.294113787494,25.0453176555669
桃園市蘆竹區南崁里23鄰新南路一段70號十一樓,68,6800500,6800500-007,23鄰,新南路,一段,,,,,70號十一樓,121.294113787494,25.0453176555669
桃園市蘆竹區南崁里23鄰新南路一段70號十二樓,68,6800500,6800500-007,23鄰,新南路,一段,,,,,70號十二樓,121.294113787494,25.0453176555669
桃園市蘆竹區南崁里23鄰新南路一段70號十三樓,68,6800500,6800500-007,23鄰,新南路,一段,,,,,70號十三樓,121.294113787494,25.0453176555669
桃園市蘆竹區南崁里23鄰新南路一段70號十四樓,68,6800500,6800500-007,23鄰,新南路,一段,,,,,70號十四樓,121.294113787494,25.0453176555669
桃園市蘆竹區南崁里23鄰新南路一段70號十五樓,68,6800500,6800500-007,23鄰,新南路,一段,,,,,70號十五樓,121.294113787494,25.0453176555669
桃園市蘆竹區南崁里23鄰新南路一段70號十六樓,68,6800500,6800500-007,23鄰,新南路,一段,,,,,70號十六樓,121.294113787494,25.0453176555669
桃園市蘆竹區南崁里23鄰新南路一段70號十七樓,68,6800500,6800500-007,23鄰,新南路,一段,,,,,70號十七樓,121.294113787494,25.0453176555669
桃園市蘆竹區南崁里23鄰新南路一段70號十八樓,68,6800500,6800500-007,23鄰,新南路,一段,,,,,70號十八樓,121.294113787494,25.0453176555669
桃園市蘆竹區南崁里23鄰新南路一段70號十九樓,68,6800500,6800500-007,23鄰,新南路,一段,,,,,70號十九樓,121.294113787494,25.0453176555669
桃園市蘆竹區南崁里23鄰新南路一段70號二十樓,68,6800500,6800500-007,23鄰,新南路,一段,,,,,70號二十樓,121.294113787494,25.0453176555669
桃園市蘆竹區南崁里23鄰新南路一段70號二十一樓,68,6800500,6800500-007,23鄰,新南路,一段,,,,,70號二十一樓,121.294113787494,25.0453176555669
桃園市蘆竹區南崁里23鄰新南路一段70號二十二樓,68,6800500,6800500-007,23鄰,新南路,一段,,,,,70號二十二樓,121.294113787494,25.0453176555669
桃園市蘆竹區南崁里23鄰新南路一段70號二十三樓,68,6800500,6800500-007,23鄰,新南路,一段,,,,,70號二十三樓,121.294113787494,25.0453176555669
桃園市蘆竹區南崁里23鄰新南路一段70號二十四樓,68,6800500,6800500-007,23鄰,新南路,一段,,,,,70號二十四樓,121.294113787494,25.0453176555669
桃園市蘆竹區南崁里23鄰新南路一段70號二十五樓,68,6800500,6800500-007,23鄰,新南路,一段,,,,,70號二十五樓,121.294113787494,25.0453176555669
桃園市蘆竹區南崁里23鄰新南路一段70號二十六樓,68,6800500,6800500-007,23鄰,新南路,一段,,,,,70號二十六樓,121.294113787494,25.0453176555669
桃園市蘆竹區南崁里23鄰新南路一段72號十樓,68,6800500,6800500-007,23鄰,新南路,一段,,,,,72號十樓,121.294145946348,25.0451720564952
桃園市蘆竹區南崁里23鄰新南路一段72號三樓,68,6800500,6800500-007,23鄰,新南路,一段,,,,,72號三樓,121.294145946348,25.0451720564952
桃園市蘆竹區南崁里23鄰新南路一段72號四樓,68,6800500,6800500-007,23鄰,新南路,一段,,,,,72號四樓,121.294145946348,25.0451720564952
桃園市蘆竹區南崁里23鄰新南路一段72號五樓,68,6800500,6800500-007,23鄰,新南路,一段,,,,,72號五樓,121.294145946348,25.0451720564952
桃園市蘆竹區南崁里23鄰新南路一段72號六樓,68,6800500,6800500-007,23鄰,新南路,一段,,,,,72號六樓,121.294145946348,25.0451720564952
桃園市蘆竹區南崁里23鄰新南路一段72號七樓,68,6800500,6800500-007,23鄰,新南路,一段,,,,,72號七樓,121.294145946348,25.0451720564952
桃園市蘆竹區南崁里23鄰新南路一段72號八樓,68,6800500,6800500-007,23鄰,新南路,一段,,,,,72號八樓,121.294145946348,25.0451720564952
桃園市蘆竹區南崁里23鄰新南路一段72號九樓,68,6800500,6800500-007,23鄰,新南路,一段,,,,,72號九樓,121.294145946348,25.0451720564952
桃園市蘆竹區南崁里23鄰新南路一段72號十一樓,68,6800500,6800500-007,23鄰,新南路,一段,,,,,72號十一樓,121.294145946348,25.0451720564952
桃園市蘆竹區南崁里23鄰新南路一段72號十二樓,68,6800500,6800500-007,23鄰,新南路,一段,,,,,72號十二樓,121.294145946348,25.0451720564952
桃園市蘆竹區南崁里23鄰新南路一段72號十三樓,68,6800500,6800500-007,23鄰,新南路,一段,,,,,72號十三樓,121.294145946348,25.0451720564952
桃園市蘆竹區南崁里23鄰新南路一段72號十四樓,68,6800500,6800500-007,23鄰,新南路,一段,,,,,72號十四樓,121.294145946348,25.0451720564952
桃園市蘆竹區南崁里23鄰新南路一段72號十五樓,68,6800500,6800500-007,23鄰,新南路,一段,,,,,72號十五樓,121.294145946348,25.0451720564952
桃園市蘆竹區南崁里23鄰新南路一段72號十六樓,68,6800500,6800500-007,23鄰,新南路,一段,,,,,72號十六樓,121.294145946348,25.0451720564952
桃園市蘆竹區南崁里23鄰新南路一段72號十七樓,68,6800500,6800500-007,23鄰,新南路,一段,,,,,72號十七樓,121.294145946348,25.0451720564952
桃園市蘆竹區南崁里23鄰新南路一段72號十八樓,68,6800500,6800500-007,23鄰,新南路,一段,,,,,72號十八樓,121.294145946348,25.0451720564952
桃園市蘆竹區南崁里23鄰新南路一段72號十九樓,68,6800500,6800500-007,23鄰,新南路,一段,,,,,72號十九樓,121.294145946348,25.0451720564952
桃園市蘆竹區南崁里23鄰新南路一段72號二十樓,68,6800500,6800500-007,23鄰,新南路,一段,,,,,72號二十樓,121.294145946348,25.0451720564952
桃園市蘆竹區南崁里23鄰新南路一段72號二十一樓,68,6800500,6800500-007,23鄰,新南路,一段,,,,,72號二十一樓,121.294145946348,25.0451720564952
桃園市蘆竹區南崁里23鄰新南路一段72號二十二樓,68,6800500,6800500-007,23鄰,新南路,一段,,,,,72號二十二樓,121.294145946348,25.0451720564952
桃園市蘆竹區南崁里23鄰新南路一段72號二十三樓,68,6800500,6800500-007,23鄰,新南路,一段,,,,,72號二十三樓,121.294145946348,25.0451720564952
桃園市蘆竹區南崁里23鄰新南路一段72號二十四樓,68,6800500,6800500-007,23鄰,新南路,一段,,,,,72號二十四樓,121.294145946348,25.0451720564952
桃園市蘆竹區南崁里23鄰新南路一段72號二十五樓,68,6800500,6800500-007,23鄰,新南路,一段,,,,,72號二十五樓,121.294145946348,25.0451720564952
桃園市蘆竹區南崁里23鄰新南路一段72號二十六樓,68,6800500,6800500-007,23鄰,新南路,一段,,,,,72號二十六樓,121.294145946348,25.0451720564952
桃園市蘆竹區南崁里12鄰新南路一段79號,68,6800500,6800500-007,12鄰,新南路,一段,,,,,79號,121.294842562542,25.0449702484832
桃園市蘆竹區南崁里12鄰新南路一段79號二樓,68,6800500,6800500-007,12鄰,新南路,一段,,,,,79號二樓,121.294842562542,25.0449702484832
桃園市蘆竹區南崁里12鄰新南路一段81號,68,6800500,6800500-007,12鄰,新南路,一段,,,,,81號,121.294825880994,25.0449153898222
桃園市蘆竹區南崁里12鄰新南路一段83號,68,6800500,6800500-007,12鄰,新南路,一段,,,,,83號,121.294846594928,25.0448744507384
桃園市蘆竹區南崁里12鄰新南路一段83號三樓,68,6800500,6800500-007,12鄰,新南路,一段,,,,,83號三樓,121.294846594928,25.0448744507384
桃園市蘆竹區南崁里12鄰新南路一段85號,68,6800500,6800500-007,12鄰,新南路,一段,,,,,85號,121.294856804749,25.044833893629
桃園市蘆竹區南崁里12鄰新南路一段87號,68,6800500,6800500-007,12鄰,新南路,一段,,,,,87號,121.294870572137,25.0447890861798
桃園市蘆竹區南崁里12鄰新南路一段89號,68,6800500,6800500-007,12鄰,新南路,一段,,,,,89號,121.294883846805,25.0447454533799
桃園市蘆竹區南崁里12鄰新南路一段91號,68,6800500,6800500-007,12鄰,新南路,一段,,,,,91號,121.294893957715,25.0447049867461
桃園市蘆竹區南崁里12鄰新南路一段93號,68,6800500,6800500-007,12鄰,新南路,一段,,,,,93號,121.294898117023,25.0446622748622
桃園市蘆竹區南崁里12鄰新南路一段95號,68,6800500,6800500-007,12鄰,新南路,一段,,,,,95號,121.29491149617,25.0446208989146
桃園市蘆竹區南崁里12鄰新南路一段97號,68,6800500,6800500-007,12鄰,新南路,一段,,,,,97號,121.294878452031,25.0445616488923
桃園市蘆竹區南崁里12鄰新南路一段99號,68,6800500,6800500-007,12鄰,新南路,一段,,,,,99號,121.294897871286,25.0445180941768
桃園市蘆竹區南崁里12鄰新南路一段101號,68,6800500,6800500-007,12鄰,新南路,一段,,,,,101號,121.294908565996,25.0444731122565
桃園市蘆竹區南崁里7鄰新南路一段102號,68,6800500,6800500-007,7鄰,新南路,一段,,,,,102號,121.294283405806,25.0447576583982
桃園市蘆竹區南崁里12鄰新南路一段103號,68,6800500,6800500-007,12鄰,新南路,一段,,,,,103號,121.294920344354,25.0444254197087
桃園市蘆竹區南崁里12鄰新南路一段105號,68,6800500,6800500-007,12鄰,新南路,一段,,,,,105號,121.29494114281,25.0443784315136
桃園市蘆竹區南崁里7鄰新南路一段106號,68,6800500,6800500-007,7鄰,新南路,一段,,,,,106號,121.294355789551,25.0446905253791
桃園市蘆竹區南崁里12鄰新南路一段107號,68,6800500,6800500-007,12鄰,新南路,一段,,,,,107號,121.294959633588,25.0443196208873
桃園市蘆竹區南崁里7鄰新南路一段108號,68,6800500,6800500-007,7鄰,新南路,一段,,,,,108號,121.294363135653,25.0446542172535
桃園市蘆竹區南崁里12鄰新南路一段109號,68,6800500,6800500-007,12鄰,新南路,一段,,,,,109號,121.294972817928,25.0442796898397
桃園市蘆竹區南崁里7鄰新南路一段110號,68,6800500,6800500-007,7鄰,新南路,一段,,,,,110號,121.294377994846,25.0446100396622
桃園市蘆竹區南崁里12鄰新南路一段111號,68,6800500,6800500-007,12鄰,新南路,一段,,,,,111號,121.294983716845,25.0442372354179
桃園市蘆竹區南崁里7鄰新南路一段112號,68,6800500,6800500-007,7鄰,新南路,一段,,,,,112號,121.294382447329,25.0445655215598
桃園市蘆竹區南崁里12鄰新南路一段113之4號,68,6800500,6800500-007,12鄰,新南路,一段,,,,,113之4號,121.295085277645,25.04406314961
桃園市蘆竹區南崁里12鄰新南路一段113號,68,6800500,6800500-007,12鄰,新南路,一段,,,,,113號,121.295007750733,25.044051386276
桃園市蘆竹區南崁里12鄰新南路一段113之1號,68,6800500,6800500-007,12鄰,新南路,一段,,,,,113之1號,121.295015431979,25.0440724068508
桃園市蘆竹區南崁里12鄰新南路一段113之2號,68,6800500,6800500-007,12鄰,新南路,一段,,,,,113之2號,121.295042330698,25.0440484285691
桃園市蘆竹區南崁里12鄰新南路一段113之3號,68,6800500,6800500-007,12鄰,新南路,一段,,,,,113之3號,121.295051346735,25.0440888572327
桃園市蘆竹區南崁里12鄰新南路一段113之5號,68,6800500,6800500-007,12鄰,新南路,一段,,,,,113之5號,121.295094293696,25.0441035782708
桃園市蘆竹區南崁里12鄰新南路一段113之6號,68,6800500,6800500-007,12鄰,新南路,一段,,,,,113之6號,121.295126731792,25.0440752554108
桃園市蘆竹區南崁里7鄰新南路一段114號,68,6800500,6800500-007,7鄰,新南路,一段,,,,,114號,121.294398512557,25.0445283836126
桃園市蘆竹區南崁里12鄰新南路一段115號,68,6800500,6800500-007,12鄰,新南路,一段,,,,,115號,121.295026226959,25.0439865267395
桃園市蘆竹區南崁里12鄰新南路一段115之1號,68,6800500,6800500-007,12鄰,新南路,一段,,,,,115之1號,121.295047689697,25.0439686984624
桃園市蘆竹區南崁里12鄰新南路一段115之2號,68,6800500,6800500-007,12鄰,新南路,一段,,,,,115之2號,121.295049647397,25.0439999323264
桃園市蘆竹區南崁里12鄰新南路一段115之3號,68,6800500,6800500-007,12鄰,新南路,一段,,,,,115之3號,121.295093997035,25.043979620962
桃園市蘆竹區南崁里12鄰新南路一段115之4號,68,6800500,6800500-007,12鄰,新南路,一段,,,,,115之4號,121.295110324,25.0440105554367
桃園市蘆竹區南崁里12鄰新南路一段115之5號,68,6800500,6800500-007,12鄰,新南路,一段,,,,,115之5號,121.29513544143,25.0439876640666
桃園市蘆竹區南崁里12鄰新南路一段115之6號,68,6800500,6800500-007,12鄰,新南路,一段,,,,,115之6號,121.295145825482,25.0440199645804
桃園市蘆竹區南崁里7鄰新南路一段116號,68,6800500,6800500-007,7鄰,新南路,一段,,,,,116號,121.294411298964,25.0444877311429
桃園市蘆竹區南崁里21鄰新南路一段117號,68,6800500,6800500-007,21鄰,新南路,一段,,,,,117號,121.295201486983,25.0437985715407
桃園市蘆竹區南崁里21鄰新南路一段117號十六樓之8,68,6800500,6800500-007,21鄰,新南路,一段,,,,,117號十六樓之8,121.295201486983,25.0437985715407
桃園市蘆竹區南崁里21鄰新南路一段117號十四樓之1,68,6800500,6800500-007,21鄰,新南路,一段,,,,,117號十四樓之1,121.295201486983,25.0437985715407
桃園市蘆竹區南崁里21鄰新南路一段117號十四樓之2,68,6800500,6800500-007,21鄰,新南路,一段,,,,,117號十四樓之2,121.295201486983,25.0437985715407
桃園市蘆竹區南崁里21鄰新南路一段117號十四樓之3,68,6800500,6800500-007,21鄰,新南路,一段,,,,,117號十四樓之3,121.295201486983,25.0437985715407
桃園市蘆竹區南崁里21鄰新南路一段117號十四樓之4,68,6800500,6800500-007,21鄰,新南路,一段,,,,,117號十四樓之4,121.295201486983,25.0437985715407
桃園市蘆竹區南崁里21鄰新南路一段117號十四樓之5,68,6800500,6800500-007,21鄰,新南路,一段,,,,,117號十四樓之5,121.295201486983,25.0437985715407
桃園市蘆竹區南崁里21鄰新南路一段117號十四樓之6,68,6800500,6800500-007,21鄰,新南路,一段,,,,,117號十四樓之6,121.295201486983,25.0437985715407
桃園市蘆竹區南崁里21鄰新南路一段117號十四樓之7,68,6800500,6800500-007,21鄰,新南路,一段,,,,,117號十四樓之7,121.295201486983,25.0437985715407
桃園市蘆竹區南崁里21鄰新南路一段117號十四樓之8,68,6800500,6800500-007,21鄰,新南路,一段,,,,,117號十四樓之8,121.295201486983,25.0437985715407
桃園市蘆竹區南崁里21鄰新南路一段117號十樓之1,68,6800500,6800500-007,21鄰,新南路,一段,,,,,117號十樓之1,121.295201486983,25.0437985715407
桃園市蘆竹區南崁里21鄰新南路一段117號十樓之2,68,6800500,6800500-007,21鄰,新南路,一段,,,,,117號十樓之2,121.295201486983,25.0437985715407
桃園市蘆竹區南崁里21鄰新南路一段117號十樓之3,68,6800500,6800500-007,21鄰,新南路,一段,,,,,117號十樓之3,121.295201486983,25.0437985715407
桃園市蘆竹區南崁里21鄰新南路一段117號十樓之4,68,6800500,6800500-007,21鄰,新南路,一段,,,,,117號十樓之4,121.295201486983,25.0437985715407
桃園市蘆竹區南崁里21鄰新南路一段117號十樓之6,68,6800500,6800500-007,21鄰,新南路,一段,,,,,117號十樓之6,121.295201486983,25.0437985715407
桃園市蘆竹區南崁里21鄰新南路一段117號十樓之7,68,6800500,6800500-007,21鄰,新南路,一段,,,,,117號十樓之7,121.295201486983,25.0437985715407
桃園市蘆竹區南崁里21鄰新南路一段117號三樓之1,68,6800500,6800500-007,21鄰,新南路,一段,,,,,117號三樓之1,121.295201486983,25.0437985715407
桃園市蘆竹區南崁里21鄰新南路一段117號三樓之2,68,6800500,6800500-007,21鄰,新南路,一段,,,,,117號三樓之2,121.295201486983,25.0437985715407
桃園市蘆竹區南崁里21鄰新南路一段117號三樓之3,68,6800500,6800500-007,21鄰,新南路,一段,,,,,117號三樓之3,121.295201486983,25.0437985715407
桃園市蘆竹區南崁里21鄰新南路一段117號三樓之4,68,6800500,6800500-007,21鄰,新南路,一段,,,,,117號三樓之4,121.295201486983,25.0437985715407
桃園市蘆竹區南崁里21鄰新南路一段117號三樓之5,68,6800500,6800500-007,21鄰,新南路,一段,,,,,117號三樓之5,121.295201486983,25.0437985715407
桃園市蘆竹區南崁里21鄰新南路一段117號三樓之6,68,6800500,6800500-007,21鄰,新南路,一段,,,,,117號三樓之6,121.295201486983,25.0437985715407
桃園市蘆竹區南崁里21鄰新南路一段117號三樓之8,68,6800500,6800500-007,21鄰,新南路,一段,,,,,117號三樓之8,121.295201486983,25.0437985715407
桃園市蘆竹區南崁里21鄰新南路一段117號五樓之1,68,6800500,6800500-007,21鄰,新南路,一段,,,,,117號五樓之1,121.295201486983,25.0437985715407
桃園市蘆竹區南崁里21鄰新南路一段117號五樓之2,68,6800500,6800500-007,21鄰,新南路,一段,,,,,117號五樓之2,121.295201486983,25.0437985715407
桃園市蘆竹區南崁里21鄰新南路一段117號五樓之3,68,6800500,6800500-007,21鄰,新南路,一段,,,,,117號五樓之3,121.295201486983,25.0437985715407
桃園市蘆竹區南崁里21鄰新南路一段117號十三樓之7,68,6800500,6800500-007,21鄰,新南路,一段,,,,,117號十三樓之7,121.295201486983,25.0437985715407
桃園市蘆竹區南崁里21鄰新南路一段117號二十一樓之2,68,6800500,6800500-007,21鄰,新南路,一段,,,,,117號二十一樓之2,121.295201486983,25.0437985715407
桃園市蘆竹區南崁里21鄰新南路一段117號二十一樓之3,68,6800500,6800500-007,21鄰,新南路,一段,,,,,117號二十一樓之3,121.295201486983,25.0437985715407
桃園市蘆竹區南崁里21鄰新南路一段117號二十一樓之4,68,6800500,6800500-007,21鄰,新南路,一段,,,,,117號二十一樓之4,121.295201486983,25.0437985715407
桃園市蘆竹區南崁里21鄰新南路一段117號二十一樓之5,68,6800500,6800500-007,21鄰,新南路,一段,,,,,117號二十一樓之5,121.295201486983,25.0437985715407
桃園市蘆竹區南崁里21鄰新南路一段117號二十一樓之6,68,6800500,6800500-007,21鄰,新南路,一段,,,,,117號二十一樓之6,121.295201486983,25.0437985715407
桃園市蘆竹區南崁里21鄰新南路一段117號二十一樓之7,68,6800500,6800500-007,21鄰,新南路,一段,,,,,117號二十一樓之7,121.295201486983,25.0437985715407
桃園市蘆竹區南崁里21鄰新南路一段117號二十一樓之8,68,6800500,6800500-007,21鄰,新南路,一段,,,,,117號二十一樓之8,121.295201486983,25.0437985715407
桃園市蘆竹區南崁里21鄰新南路一段117號二十二樓之2,68,6800500,6800500-007,21鄰,新南路,一段,,,,,117號二十二樓之2,121.295201486983,25.0437985715407
桃園市蘆竹區南崁里21鄰新南路一段117號二十二樓之3,68,6800500,6800500-007,21鄰,新南路,一段,,,,,117號二十二樓之3,121.295201486983,25.0437985715407
桃園市蘆竹區南崁里21鄰新南路一段117號二十二樓之4,68,6800500,6800500-007,21鄰,新南路,一段,,,,,117號二十二樓之4,121.295201486983,25.0437985715407
桃園市蘆竹區南崁里21鄰新南路一段117號二十二樓之5,68,6800500,6800500-007,21鄰,新南路,一段,,,,,117號二十二樓之5,121.295201486983,25.0437985715407
桃園市蘆竹區南崁里21鄰新南路一段117號二十二樓之6,68,6800500,6800500-007,21鄰,新南路,一段,,,,,117號二十二樓之6,121.295201486983,25.0437985715407
桃園市蘆竹區南崁里21鄰新南路一段117號二十二樓之7,68,6800500,6800500-007,21鄰,新南路,一段,,,,,117號二十二樓之7,121.295201486983,25.0437985715407
桃園市蘆竹區南崁里21鄰新南路一段117號二十二樓之8,68,6800500,6800500-007,21鄰,新南路,一段,,,,,117號二十二樓之8,121.295201486983,25.0437985715407
桃園市蘆竹區南崁里21鄰新南路一段117號二十三樓之1,68,6800500,6800500-007,21鄰,新南路,一段,,,,,117號二十三樓之1,121.295201486983,25.0437985715407
桃園市蘆竹區南崁里21鄰新南路一段117號二十三樓之3,68,6800500,6800500-007,21鄰,新南路,一段,,,,,117號二十三樓之3,121.295201486983,25.0437985715407
桃園市蘆竹區南崁里21鄰新南路一段117號二十三樓之4,68,6800500,6800500-007,21鄰,新南路,一段,,,,,117號二十三樓之4,121.295201486983,25.0437985715407
桃園市蘆竹區南崁里21鄰新南路一段117號二十三樓之5,68,6800500,6800500-007,21鄰,新南路,一段,,,,,117號二十三樓之5,121.295201486983,25.0437985715407
桃園市蘆竹區南崁里21鄰新南路一段117號二十三樓之6,68,6800500,6800500-007,21鄰,新南路,一段,,,,,117號二十三樓之6,121.295201486983,25.0437985715407
桃園市蘆竹區南崁里21鄰新南路一段117號二十三樓之7,68,6800500,6800500-007,21鄰,新南路,一段,,,,,117號二十三樓之7,121.295201486983,25.0437985715407
桃園市蘆竹區南崁里21鄰新南路一段117號二十五樓之1,68,6800500,6800500-007,21鄰,新南路,一段,,,,,117號二十五樓之1,121.295201486983,25.0437985715407
桃園市蘆竹區南崁里21鄰新南路一段117號二十五樓之2,68,6800500,6800500-007,21鄰,新南路,一段,,,,,117號二十五樓之2,121.295201486983,25.0437985715407
桃園市蘆竹區南崁里21鄰新南路一段117號二十五樓之3,68,6800500,6800500-007,21鄰,新南路,一段,,,,,117號二十五樓之3,121.295201486983,25.0437985715407
桃園市蘆竹區南崁里21鄰新南路一段117號二十五樓之4,68,6800500,6800500-007,21鄰,新南路,一段,,,,,117號二十五樓之4,121.295201486983,25.0437985715407
桃園市蘆竹區南崁里21鄰新南路一段117號二十五樓之6,68,6800500,6800500-007,21鄰,新南路,一段,,,,,117號二十五樓之6,121.295201486983,25.0437985715407
桃園市蘆竹區南崁里21鄰新南路一段117號六樓之6,68,6800500,6800500-007,21鄰,新南路,一段,,,,,117號六樓之6,121.295201486983,25.0437985715407
桃園市蘆竹區南崁里21鄰新南路一段117號十二樓之5,68,6800500,6800500-007,21鄰,新南路,一段,,,,,117號十二樓之5,121.295201486983,25.0437985715407
桃園市蘆竹區南崁里21鄰新南路一段117號十二樓之6,68,6800500,6800500-007,21鄰,新南路,一段,,,,,117號十二樓之6,121.295201486983,25.0437985715407
桃園市蘆竹區南崁里21鄰新南路一段117號十一樓之8,68,6800500,6800500-007,21鄰,新南路,一段,,,,,117號十一樓之8,121.295201486983,25.0437985715407
桃園市蘆竹區南崁里21鄰新南路一段117號十二樓之7,68,6800500,6800500-007,21鄰,新南路,一段,,,,,117號十二樓之7,121.295201486983,25.0437985715407
桃園市蘆竹區南崁里21鄰新南路一段117號十九樓之2,68,6800500,6800500-007,21鄰,新南路,一段,,,,,117號十九樓之2,121.295201486983,25.0437985715407
桃園市蘆竹區南崁里21鄰新南路一段117號十八樓之2,68,6800500,6800500-007,21鄰,新南路,一段,,,,,117號十八樓之2,121.295201486983,25.0437985715407
桃園市蘆竹區南崁里21鄰新南路一段117號十八樓之3,68,6800500,6800500-007,21鄰,新南路,一段,,,,,117號十八樓之3,121.295201486983,25.0437985715407
桃園市蘆竹區南崁里21鄰新南路一段117號十八樓之4,68,6800500,6800500-007,21鄰,新南路,一段,,,,,117號十八樓之4,121.295201486983,25.0437985715407
桃園市蘆竹區南崁里21鄰新南路一段117號十三樓之1,68,6800500,6800500-007,21鄰,新南路,一段,,,,,117號十三樓之1,121.295201486983,25.0437985715407
桃園市蘆竹區南崁里21鄰新南路一段117號十三樓之3,68,6800500,6800500-007,21鄰,新南路,一段,,,,,117號十三樓之3,121.295201486983,25.0437985715407
桃園市蘆竹區南崁里21鄰新南路一段117號十三樓之4,68,6800500,6800500-007,21鄰,新南路,一段,,,,,117號十三樓之4,121.295201486983,25.0437985715407
桃園市蘆竹區南崁里21鄰新南路一段117號十三樓之5,68,6800500,6800500-007,21鄰,新南路,一段,,,,,117號十三樓之5,121.295201486983,25.0437985715407
桃園市蘆竹區南崁里21鄰新南路一段117號十三樓之6,68,6800500,6800500-007,21鄰,新南路,一段,,,,,117號十三樓之6,121.295201486983,25.0437985715407
桃園市蘆竹區南崁里21鄰新南路一段117號十三樓之8,68,6800500,6800500-007,21鄰,新南路,一段,,,,,117號十三樓之8,121.295201486983,25.0437985715407
桃園市蘆竹區南崁里21鄰新南路一段117號十五樓之1,68,6800500,6800500-007,21鄰,新南路,一段,,,,,117號十五樓之1,121.295201486983,25.0437985715407
桃園市蘆竹區南崁里21鄰新南路一段117號十五樓之2,68,6800500,6800500-007,21鄰,新南路,一段,,,,,117號十五樓之2,121.295201486983,25.0437985715407
桃園市蘆竹區南崁里21鄰新南路一段117號十五樓之3,68,6800500,6800500-007,21鄰,新南路,一段,,,,,117號十五樓之3,121.295201486983,25.0437985715407
桃園市蘆竹區南崁里21鄰新南路一段117號十五樓之4,68,6800500,6800500-007,21鄰,新南路,一段,,,,,117號十五樓之4,121.295201486983,25.0437985715407
桃園市蘆竹區南崁里21鄰新南路一段117號十五樓之5,68,6800500,6800500-007,21鄰,新南路,一段,,,,,117號十五樓之5,121.295201486983,25.0437985715407
桃園市蘆竹區南崁里21鄰新南路一段117號十五樓之6,68,6800500,6800500-007,21鄰,新南路,一段,,,,,117號十五樓之6,121.295201486983,25.0437985715407
桃園市蘆竹區南崁里21鄰新南路一段117號十五樓之7,68,6800500,6800500-007,21鄰,新南路,一段,,,,,117號十五樓之7,121.295201486983,25.0437985715407
桃園市蘆竹區南崁里21鄰新南路一段117號十六樓之1,68,6800500,6800500-007,21鄰,新南路,一段,,,,,117號十六樓之1,121.295201486983,25.0437985715407
桃園市蘆竹區南崁里21鄰新南路一段117號十六樓之2,68,6800500,6800500-007,21鄰,新南路,一段,,,,,117號十六樓之2,121.295201486983,25.0437985715407
桃園市蘆竹區南崁里21鄰新南路一段117號十六樓之3,68,6800500,6800500-007,21鄰,新南路,一段,,,,,117號十六樓之3,121.295201486983,25.0437985715407
桃園市蘆竹區南崁里21鄰新南路一段117號十六樓之4,68,6800500,6800500-007,21鄰,新南路,一段,,,,,117號十六樓之4,121.295201486983,25.0437985715407
桃園市蘆竹區南崁里21鄰新南路一段117號十六樓之5,68,6800500,6800500-007,21鄰,新南路,一段,,,,,117號十六樓之5,121.295201486983,25.0437985715407
桃園市蘆竹區南崁里21鄰新南路一段117號十六樓之6,68,6800500,6800500-007,21鄰,新南路,一段,,,,,117號十六樓之6,121.295201486983,25.0437985715407
桃園市蘆竹區南崁里21鄰新南路一段117號七樓之1,68,6800500,6800500-007,21鄰,新南路,一段,,,,,117號七樓之1,121.295201486983,25.0437985715407
桃園市蘆竹區南崁里21鄰新南路一段117號二十樓之3,68,6800500,6800500-007,21鄰,新南路,一段,,,,,117號二十樓之3,121.295201486983,25.0437985715407
桃園市蘆竹區南崁里21鄰新南路一段117號七樓之2,68,6800500,6800500-007,21鄰,新南路,一段,,,,,117號七樓之2,121.295201486983,25.0437985715407
桃園市蘆竹區南崁里21鄰新南路一段117號二樓之4,68,6800500,6800500-007,21鄰,新南路,一段,,,,,117號二樓之4,121.295201486983,25.0437985715407
桃園市蘆竹區南崁里21鄰新南路一段117號七樓之4,68,6800500,6800500-007,21鄰,新南路,一段,,,,,117號七樓之4,121.295201486983,25.0437985715407
桃園市蘆竹區南崁里21鄰新南路一段117號七樓之5,68,6800500,6800500-007,21鄰,新南路,一段,,,,,117號七樓之5,121.295201486983,25.0437985715407
桃園市蘆竹區南崁里21鄰新南路一段117號十五樓之8,68,6800500,6800500-007,21鄰,新南路,一段,,,,,117號十五樓之8,121.295201486983,25.0437985715407
桃園市蘆竹區南崁里21鄰新南路一段117號七樓之6,68,6800500,6800500-007,21鄰,新南路,一段,,,,,117號七樓之6,121.295201486983,25.0437985715407
桃園市蘆竹區南崁里21鄰新南路一段117號七樓之7,68,6800500,6800500-007,21鄰,新南路,一段,,,,,117號七樓之7,121.295201486983,25.0437985715407
桃園市蘆竹區南崁里21鄰新南路一段117號七樓之8,68,6800500,6800500-007,21鄰,新南路,一段,,,,,117號七樓之8,121.295201486983,25.0437985715407
桃園市蘆竹區南崁里21鄰新南路一段117號九樓之2,68,6800500,6800500-007,21鄰,新南路,一段,,,,,117號九樓之2,121.295201486983,25.0437985715407
桃園市蘆竹區南崁里21鄰新南路一段117號九樓之3,68,6800500,6800500-007,21鄰,新南路,一段,,,,,117號九樓之3,121.295201486983,25.0437985715407
桃園市蘆竹區南崁里21鄰新南路一段117號十七樓之1,68,6800500,6800500-007,21鄰,新南路,一段,,,,,117號十七樓之1,121.295201486983,25.0437985715407
桃園市蘆竹區南崁里21鄰新南路一段117號九樓之5,68,6800500,6800500-007,21鄰,新南路,一段,,,,,117號九樓之5,121.295201486983,25.0437985715407
桃園市蘆竹區南崁里21鄰新南路一段117號九樓之6,68,6800500,6800500-007,21鄰,新南路,一段,,,,,117號九樓之6,121.295201486983,25.0437985715407
桃園市蘆竹區南崁里21鄰新南路一段117號九樓之7,68,6800500,6800500-007,21鄰,新南路,一段,,,,,117號九樓之7,121.295201486983,25.0437985715407
桃園市蘆竹區南崁里21鄰新南路一段117號九樓之8,68,6800500,6800500-007,21鄰,新南路,一段,,,,,117號九樓之8,121.295201486983,25.0437985715407
桃園市蘆竹區南崁里21鄰新南路一段117號二十一樓之1,68,6800500,6800500-007,21鄰,新南路,一段,,,,,117號二十一樓之1,121.295201486983,25.0437985715407
桃園市蘆竹區南崁里21鄰新南路一段117號八樓之5,68,6800500,6800500-007,21鄰,新南路,一段,,,,,117號八樓之5,121.295201486983,25.0437985715407
桃園市蘆竹區南崁里21鄰新南路一段117號八樓之6,68,6800500,6800500-007,21鄰,新南路,一段,,,,,117號八樓之6,121.295201486983,25.0437985715407
桃園市蘆竹區南崁里21鄰新南路一段117號四樓之7,68,6800500,6800500-007,21鄰,新南路,一段,,,,,117號四樓之7,121.295201486983,25.0437985715407
桃園市蘆竹區南崁里21鄰新南路一段117號八樓之7,68,6800500,6800500-007,21鄰,新南路,一段,,,,,117號八樓之7,121.295201486983,25.0437985715407
桃園市蘆竹區南崁里21鄰新南路一段117號八樓之8,68,6800500,6800500-007,21鄰,新南路,一段,,,,,117號八樓之8,121.295201486983,25.0437985715407
桃園市蘆竹區南崁里21鄰新南路一段117號八樓之9,68,6800500,6800500-007,21鄰,新南路,一段,,,,,117號八樓之9,121.295201486983,25.0437985715407
桃園市蘆竹區南崁里21鄰新南路一段117號十一樓之1,68,6800500,6800500-007,21鄰,新南路,一段,,,,,117號十一樓之1,121.295201486983,25.0437985715407
桃園市蘆竹區南崁里21鄰新南路一段117號十一樓之2,68,6800500,6800500-007,21鄰,新南路,一段,,,,,117號十一樓之2,121.295201486983,25.0437985715407
桃園市蘆竹區南崁里21鄰新南路一段117號十一樓之3,68,6800500,6800500-007,21鄰,新南路,一段,,,,,117號十一樓之3,121.295201486983,25.0437985715407
桃園市蘆竹區南崁里21鄰新南路一段117號十一樓之4,68,6800500,6800500-007,21鄰,新南路,一段,,,,,117號十一樓之4,121.295201486983,25.0437985715407
桃園市蘆竹區南崁里21鄰新南路一段117號十一樓之5,68,6800500,6800500-007,21鄰,新南路,一段,,,,,117號十一樓之5,121.295201486983,25.0437985715407
桃園市蘆竹區南崁里21鄰新南路一段117號十一樓之6,68,6800500,6800500-007,21鄰,新南路,一段,,,,,117號十一樓之6,121.295201486983,25.0437985715407
桃園市蘆竹區南崁里21鄰新南路一段117號十一樓之7,68,6800500,6800500-007,21鄰,新南路,一段,,,,,117號十一樓之7,121.295201486983,25.0437985715407
桃園市蘆竹區南崁里21鄰新南路一段117號二十二樓之1,68,6800500,6800500-007,21鄰,新南路,一段,,,,,117號二十二樓之1,121.295201486983,25.0437985715407
桃園市蘆竹區南崁里21鄰新南路一段117號十七樓之2,68,6800500,6800500-007,21鄰,新南路,一段,,,,,117號十七樓之2,121.295201486983,25.0437985715407
桃園市蘆竹區南崁里21鄰新南路一段117號二十三樓之2,68,6800500,6800500-007,21鄰,新南路,一段,,,,,117號二十三樓之2,121.295201486983,25.0437985715407
桃園市蘆竹區南崁里21鄰新南路一段117號十七樓之3,68,6800500,6800500-007,21鄰,新南路,一段,,,,,117號十七樓之3,121.295201486983,25.0437985715407
桃園市蘆竹區南崁里21鄰新南路一段117號二十五樓之5,68,6800500,6800500-007,21鄰,新南路,一段,,,,,117號二十五樓之5,121.295201486983,25.0437985715407
桃園市蘆竹區南崁里21鄰新南路一段117號十七樓之4,68,6800500,6800500-007,21鄰,新南路,一段,,,,,117號十七樓之4,121.295201486983,25.0437985715407
桃園市蘆竹區南崁里21鄰新南路一段117號十七樓之5,68,6800500,6800500-007,21鄰,新南路,一段,,,,,117號十七樓之5,121.295201486983,25.0437985715407
桃園市蘆竹區南崁里21鄰新南路一段117號十七樓之6,68,6800500,6800500-007,21鄰,新南路,一段,,,,,117號十七樓之6,121.295201486983,25.0437985715407
桃園市蘆竹區南崁里21鄰新南路一段117號十七樓之7,68,6800500,6800500-007,21鄰,新南路,一段,,,,,117號十七樓之7,121.295201486983,25.0437985715407
桃園市蘆竹區南崁里21鄰新南路一段117號十七樓之8,68,6800500,6800500-007,21鄰,新南路,一段,,,,,117號十七樓之8,121.295201486983,25.0437985715407
桃園市蘆竹區南崁里21鄰新南路一段117號十九樓之3,68,6800500,6800500-007,21鄰,新南路,一段,,,,,117號十九樓之3,121.295201486983,25.0437985715407
桃園市蘆竹區南崁里21鄰新南路一段117號十九樓之4,68,6800500,6800500-007,21鄰,新南路,一段,,,,,117號十九樓之4,121.295201486983,25.0437985715407
桃園市蘆竹區南崁里21鄰新南路一段117號十二樓之1,68,6800500,6800500-007,21鄰,新南路,一段,,,,,117號十二樓之1,121.295201486983,25.0437985715407
桃園市蘆竹區南崁里21鄰新南路一段117號十二樓之2,68,6800500,6800500-007,21鄰,新南路,一段,,,,,117號十二樓之2,121.295201486983,25.0437985715407
桃園市蘆竹區南崁里21鄰新南路一段117號十二樓之3,68,6800500,6800500-007,21鄰,新南路,一段,,,,,117號十二樓之3,121.295201486983,25.0437985715407
桃園市蘆竹區南崁里21鄰新南路一段117號十二樓之4,68,6800500,6800500-007,21鄰,新南路,一段,,,,,117號十二樓之4,121.295201486983,25.0437985715407
桃園市蘆竹區南崁里21鄰新南路一段117號五樓之4,68,6800500,6800500-007,21鄰,新南路,一段,,,,,117號五樓之4,121.295201486983,25.0437985715407
桃園市蘆竹區南崁里21鄰新南路一段117號五樓之5,68,6800500,6800500-007,21鄰,新南路,一段,,,,,117號五樓之5,121.295201486983,25.0437985715407
桃園市蘆竹區南崁里21鄰新南路一段117號五樓之6,68,6800500,6800500-007,21鄰,新南路,一段,,,,,117號五樓之6,121.295201486983,25.0437985715407
桃園市蘆竹區南崁里21鄰新南路一段117號五樓之7,68,6800500,6800500-007,21鄰,新南路,一段,,,,,117號五樓之7,121.295201486983,25.0437985715407
桃園市蘆竹區南崁里21鄰新南路一段117號六樓之1,68,6800500,6800500-007,21鄰,新南路,一段,,,,,117號六樓之1,121.295201486983,25.0437985715407
桃園市蘆竹區南崁里21鄰新南路一段117號六樓之2,68,6800500,6800500-007,21鄰,新南路,一段,,,,,117號六樓之2,121.295201486983,25.0437985715407
桃園市蘆竹區南崁里21鄰新南路一段117號六樓之3,68,6800500,6800500-007,21鄰,新南路,一段,,,,,117號六樓之3,121.295201486983,25.0437985715407
桃園市蘆竹區南崁里21鄰新南路一段117號六樓之4,68,6800500,6800500-007,21鄰,新南路,一段,,,,,117號六樓之4,121.295201486983,25.0437985715407
桃園市蘆竹區南崁里21鄰新南路一段117號六樓之5,68,6800500,6800500-007,21鄰,新南路,一段,,,,,117號六樓之5,121.295201486983,25.0437985715407
桃園市蘆竹區南崁里21鄰新南路一段117號六樓之7,68,6800500,6800500-007,21鄰,新南路,一段,,,,,117號六樓之7,121.295201486983,25.0437985715407
桃園市蘆竹區南崁里21鄰新南路一段117號六樓之8,68,6800500,6800500-007,21鄰,新南路,一段,,,,,117號六樓之8,121.295201486983,25.0437985715407
桃園市蘆竹區南崁里21鄰新南路一段117號四樓之1,68,6800500,6800500-007,21鄰,新南路,一段,,,,,117號四樓之1,121.295201486983,25.0437985715407
桃園市蘆竹區南崁里21鄰新南路一段117號四樓之2,68,6800500,6800500-007,21鄰,新南路,一段,,,,,117號四樓之2,121.295201486983,25.0437985715407
桃園市蘆竹區南崁里21鄰新南路一段117號四樓之3,68,6800500,6800500-007,21鄰,新南路,一段,,,,,117號四樓之3,121.295201486983,25.0437985715407
桃園市蘆竹區南崁里21鄰新南路一段117號四樓之4,68,6800500,6800500-007,21鄰,新南路,一段,,,,,117號四樓之4,121.295201486983,25.0437985715407
桃園市蘆竹區南崁里21鄰新南路一段117號四樓之5,68,6800500,6800500-007,21鄰,新南路,一段,,,,,117號四樓之5,121.295201486983,25.0437985715407
桃園市蘆竹區南崁里21鄰新南路一段117號四樓之6,68,6800500,6800500-007,21鄰,新南路,一段,,,,,117號四樓之6,121.295201486983,25.0437985715407
桃園市蘆竹區南崁里21鄰新南路一段117號四樓之8,68,6800500,6800500-007,21鄰,新南路,一段,,,,,117號四樓之8,121.295201486983,25.0437985715407
桃園市蘆竹區南崁里21鄰新南路一段117號三樓之7,68,6800500,6800500-007,21鄰,新南路,一段,,,,,117號三樓之7,121.295201486983,25.0437985715407
桃園市蘆竹區南崁里21鄰新南路一段117號七樓之3,68,6800500,6800500-007,21鄰,新南路,一段,,,,,117號七樓之3,121.295201486983,25.0437985715407
桃園市蘆竹區南崁里21鄰新南路一段117號九樓之4,68,6800500,6800500-007,21鄰,新南路,一段,,,,,117號九樓之4,121.295201486983,25.0437985715407
桃園市蘆竹區南崁里21鄰新南路一段117號二十四樓之4,68,6800500,6800500-007,21鄰,新南路,一段,,,,,117號二十四樓之4,121.295201486983,25.0437985715407
桃園市蘆竹區南崁里21鄰新南路一段117號十九樓之1,68,6800500,6800500-007,21鄰,新南路,一段,,,,,117號十九樓之1,121.295201486983,25.0437985715407
桃園市蘆竹區南崁里21鄰新南路一段117號十三樓之2,68,6800500,6800500-007,21鄰,新南路,一段,,,,,117號十三樓之2,121.295201486983,25.0437985715407
桃園市蘆竹區南崁里21鄰新南路一段117號二十五樓之7,68,6800500,6800500-007,21鄰,新南路,一段,,,,,117號二十五樓之7,121.295201486983,25.0437985715407
桃園市蘆竹區南崁里21鄰新南路一段117號二十五樓之8,68,6800500,6800500-007,21鄰,新南路,一段,,,,,117號二十五樓之8,121.295201486983,25.0437985715407
桃園市蘆竹區南崁里21鄰新南路一段117號二十四樓之1,68,6800500,6800500-007,21鄰,新南路,一段,,,,,117號二十四樓之1,121.295201486983,25.0437985715407
桃園市蘆竹區南崁里21鄰新南路一段117號二十四樓之2,68,6800500,6800500-007,21鄰,新南路,一段,,,,,117號二十四樓之2,121.295201486983,25.0437985715407
桃園市蘆竹區南崁里21鄰新南路一段117號二十四樓之3,68,6800500,6800500-007,21鄰,新南路,一段,,,,,117號二十四樓之3,121.295201486983,25.0437985715407
桃園市蘆竹區南崁里21鄰新南路一段117號二十四樓之5,68,6800500,6800500-007,21鄰,新南路,一段,,,,,117號二十四樓之5,121.295201486983,25.0437985715407
桃園市蘆竹區南崁里21鄰新南路一段117號二十四樓之6,68,6800500,6800500-007,21鄰,新南路,一段,,,,,117號二十四樓之6,121.295201486983,25.0437985715407
桃園市蘆竹區南崁里21鄰新南路一段117號二十四樓之7,68,6800500,6800500-007,21鄰,新南路,一段,,,,,117號二十四樓之7,121.295201486983,25.0437985715407
桃園市蘆竹區南崁里21鄰新南路一段117號二十四樓之8,68,6800500,6800500-007,21鄰,新南路,一段,,,,,117號二十四樓之8,121.295201486983,25.0437985715407
桃園市蘆竹區南崁里21鄰新南路一段117號二十樓之1,68,6800500,6800500-007,21鄰,新南路,一段,,,,,117號二十樓之1,121.295201486983,25.0437985715407
桃園市蘆竹區南崁里21鄰新南路一段117號二十樓之2,68,6800500,6800500-007,21鄰,新南路,一段,,,,,117號二十樓之2,121.295201486983,25.0437985715407
桃園市蘆竹區南崁里21鄰新南路一段117號二十樓之4,68,6800500,6800500-007,21鄰,新南路,一段,,,,,117號二十樓之4,121.295201486983,25.0437985715407
桃園市蘆竹區南崁里21鄰新南路一段117號二十樓之5,68,6800500,6800500-007,21鄰,新南路,一段,,,,,117號二十樓之5,121.295201486983,25.0437985715407
桃園市蘆竹區南崁里21鄰新南路一段117號二十樓之6,68,6800500,6800500-007,21鄰,新南路,一段,,,,,117號二十樓之6,121.295201486983,25.0437985715407
桃園市蘆竹區南崁里21鄰新南路一段117號二十樓之7,68,6800500,6800500-007,21鄰,新南路,一段,,,,,117號二十樓之7,121.295201486983,25.0437985715407
桃園市蘆竹區南崁里21鄰新南路一段117號二十樓之8,68,6800500,6800500-007,21鄰,新南路,一段,,,,,117號二十樓之8,121.295201486983,25.0437985715407
桃園市蘆竹區南崁里21鄰新南路一段117號二樓之1,68,6800500,6800500-007,21鄰,新南路,一段,,,,,117號二樓之1,121.295201486983,25.0437985715407
桃園市蘆竹區南崁里21鄰新南路一段117號二樓之2,68,6800500,6800500-007,21鄰,新南路,一段,,,,,117號二樓之2,121.295201486983,25.0437985715407
桃園市蘆竹區南崁里21鄰新南路一段117號二樓之3,68,6800500,6800500-007,21鄰,新南路,一段,,,,,117號二樓之3,121.295201486983,25.0437985715407
桃園市蘆竹區南崁里21鄰新南路一段117號二樓之5,68,6800500,6800500-007,21鄰,新南路,一段,,,,,117號二樓之5,121.295201486983,25.0437985715407
桃園市蘆竹區南崁里21鄰新南路一段117號二樓之6,68,6800500,6800500-007,21鄰,新南路,一段,,,,,117號二樓之6,121.295201486983,25.0437985715407
桃園市蘆竹區南崁里21鄰新南路一段117號八樓之1,68,6800500,6800500-007,21鄰,新南路,一段,,,,,117號八樓之1,121.295201486983,25.0437985715407
桃園市蘆竹區南崁里21鄰新南路一段117號八樓之2,68,6800500,6800500-007,21鄰,新南路,一段,,,,,117號八樓之2,121.295201486983,25.0437985715407
桃園市蘆竹區南崁里21鄰新南路一段117號八樓之3,68,6800500,6800500-007,21鄰,新南路,一段,,,,,117號八樓之3,121.295201486983,25.0437985715407
桃園市蘆竹區南崁里21鄰新南路一段117號八樓之4,68,6800500,6800500-007,21鄰,新南路,一段,,,,,117號八樓之4,121.295201486983,25.0437985715407
桃園市蘆竹區南崁里21鄰新南路一段117號十樓之5,68,6800500,6800500-007,21鄰,新南路,一段,,,,,117號十樓之5,121.295201486983,25.0437985715407
桃園市蘆竹區南崁里21鄰新南路一段117號十六樓之7,68,6800500,6800500-007,21鄰,新南路,一段,,,,,117號十六樓之7,121.295201486983,25.0437985715407
桃園市蘆竹區南崁里7鄰新南路一段118號,68,6800500,6800500-007,7鄰,新南路,一段,,,,,118號,121.294422875861,25.0444385945122
桃園市蘆竹區南崁里21鄰新南路一段119號,68,6800500,6800500-007,21鄰,新南路,一段,,,,,119號,121.295247561446,25.0437122601805
桃園市蘆竹區南崁里7鄰新南路一段120號,68,6800500,6800500-007,7鄰,新南路,一段,,,,,120號,121.294438527832,25.0443944153429
桃園市蘆竹區南崁里21鄰新南路一段121號,68,6800500,6800500-007,21鄰,新南路,一段,,,,,121號,121.295285643571,25.0436405904587
桃園市蘆竹區南崁里21鄰新南路一段121號十樓之6,68,6800500,6800500-007,21鄰,新南路,一段,,,,,121號十樓之6,121.295285643571,25.0436405904587
桃園市蘆竹區南崁里21鄰新南路一段121號十樓之7,68,6800500,6800500-007,21鄰,新南路,一段,,,,,121號十樓之7,121.295285643571,25.0436405904587
桃園市蘆竹區南崁里21鄰新南路一段121號十樓之8,68,6800500,6800500-007,21鄰,新南路,一段,,,,,121號十樓之8,121.295285643571,25.0436405904587
桃園市蘆竹區南崁里21鄰新南路一段121號三樓之1,68,6800500,6800500-007,21鄰,新南路,一段,,,,,121號三樓之1,121.295285643571,25.0436405904587
桃園市蘆竹區南崁里21鄰新南路一段121號三樓之2,68,6800500,6800500-007,21鄰,新南路,一段,,,,,121號三樓之2,121.295285643571,25.0436405904587
桃園市蘆竹區南崁里21鄰新南路一段121號十一樓之4,68,6800500,6800500-007,21鄰,新南路,一段,,,,,121號十一樓之4,121.295285643571,25.0436405904587
桃園市蘆竹區南崁里21鄰新南路一段121號十七樓之5,68,6800500,6800500-007,21鄰,新南路,一段,,,,,121號十七樓之5,121.295285643571,25.0436405904587
桃園市蘆竹區南崁里21鄰新南路一段121號十四樓之4,68,6800500,6800500-007,21鄰,新南路,一段,,,,,121號十四樓之4,121.295285643571,25.0436405904587
桃園市蘆竹區南崁里21鄰新南路一段121號十樓之5,68,6800500,6800500-007,21鄰,新南路,一段,,,,,121號十樓之5,121.295285643571,25.0436405904587
桃園市蘆竹區南崁里21鄰新南路一段121號二十三樓之5,68,6800500,6800500-007,21鄰,新南路,一段,,,,,121號二十三樓之5,121.295285643571,25.0436405904587
桃園市蘆竹區南崁里21鄰新南路一段121號二十三樓之6,68,6800500,6800500-007,21鄰,新南路,一段,,,,,121號二十三樓之6,121.295285643571,25.0436405904587
桃園市蘆竹區南崁里21鄰新南路一段121號二十三樓之7,68,6800500,6800500-007,21鄰,新南路,一段,,,,,121號二十三樓之7,121.295285643571,25.0436405904587
桃園市蘆竹區南崁里21鄰新南路一段121號二十三樓之8,68,6800500,6800500-007,21鄰,新南路,一段,,,,,121號二十三樓之8,121.295285643571,25.0436405904587
桃園市蘆竹區南崁里21鄰新南路一段121號二十五樓之1,68,6800500,6800500-007,21鄰,新南路,一段,,,,,121號二十五樓之1,121.295285643571,25.0436405904587
桃園市蘆竹區南崁里21鄰新南路一段121號二十五樓之2,68,6800500,6800500-007,21鄰,新南路,一段,,,,,121號二十五樓之2,121.295285643571,25.0436405904587
桃園市蘆竹區南崁里21鄰新南路一段121號二十五樓之3,68,6800500,6800500-007,21鄰,新南路,一段,,,,,121號二十五樓之3,121.295285643571,25.0436405904587
桃園市蘆竹區南崁里21鄰新南路一段121號二十五樓之4,68,6800500,6800500-007,21鄰,新南路,一段,,,,,121號二十五樓之4,121.295285643571,25.0436405904587
桃園市蘆竹區南崁里21鄰新南路一段121號二十五樓之5,68,6800500,6800500-007,21鄰,新南路,一段,,,,,121號二十五樓之5,121.295285643571,25.0436405904587
桃園市蘆竹區南崁里21鄰新南路一段121號二十五樓之7,68,6800500,6800500-007,21鄰,新南路,一段,,,,,121號二十五樓之7,121.295285643571,25.0436405904587
桃園市蘆竹區南崁里21鄰新南路一段121號二十五樓之8,68,6800500,6800500-007,21鄰,新南路,一段,,,,,121號二十五樓之8,121.295285643571,25.0436405904587
桃園市蘆竹區南崁里21鄰新南路一段121號二十四樓之1,68,6800500,6800500-007,21鄰,新南路,一段,,,,,121號二十四樓之1,121.295285643571,25.0436405904587
桃園市蘆竹區南崁里21鄰新南路一段121號二十四樓之2,68,6800500,6800500-007,21鄰,新南路,一段,,,,,121號二十四樓之2,121.295285643571,25.0436405904587
桃園市蘆竹區南崁里21鄰新南路一段121號二十四樓之3,68,6800500,6800500-007,21鄰,新南路,一段,,,,,121號二十四樓之3,121.295285643571,25.0436405904587
桃園市蘆竹區南崁里21鄰新南路一段121號二十四樓之4,68,6800500,6800500-007,21鄰,新南路,一段,,,,,121號二十四樓之4,121.295285643571,25.0436405904587
桃園市蘆竹區南崁里21鄰新南路一段121號二十四樓之5,68,6800500,6800500-007,21鄰,新南路,一段,,,,,121號二十四樓之5,121.295285643571,25.0436405904587
桃園市蘆竹區南崁里21鄰新南路一段121號二十四樓之6,68,6800500,6800500-007,21鄰,新南路,一段,,,,,121號二十四樓之6,121.295285643571,25.0436405904587
桃園市蘆竹區南崁里21鄰新南路一段121號二十四樓之8,68,6800500,6800500-007,21鄰,新南路,一段,,,,,121號二十四樓之8,121.295285643571,25.0436405904587
桃園市蘆竹區南崁里21鄰新南路一段121號二十樓之1,68,6800500,6800500-007,21鄰,新南路,一段,,,,,121號二十樓之1,121.295285643571,25.0436405904587
桃園市蘆竹區南崁里21鄰新南路一段121號二十樓之2,68,6800500,6800500-007,21鄰,新南路,一段,,,,,121號二十樓之2,121.295285643571,25.0436405904587
桃園市蘆竹區南崁里21鄰新南路一段121號二十樓之3,68,6800500,6800500-007,21鄰,新南路,一段,,,,,121號二十樓之3,121.295285643571,25.0436405904587
桃園市蘆竹區南崁里21鄰新南路一段121號二十樓之4,68,6800500,6800500-007,21鄰,新南路,一段,,,,,121號二十樓之4,121.295285643571,25.0436405904587
桃園市蘆竹區南崁里21鄰新南路一段121號二十樓之6,68,6800500,6800500-007,21鄰,新南路,一段,,,,,121號二十樓之6,121.295285643571,25.0436405904587
桃園市蘆竹區南崁里21鄰新南路一段121號二十樓之7,68,6800500,6800500-007,21鄰,新南路,一段,,,,,121號二十樓之7,121.295285643571,25.0436405904587
桃園市蘆竹區南崁里21鄰新南路一段121號二十樓之8,68,6800500,6800500-007,21鄰,新南路,一段,,,,,121號二十樓之8,121.295285643571,25.0436405904587
桃園市蘆竹區南崁里21鄰新南路一段121號二十五樓之6,68,6800500,6800500-007,21鄰,新南路,一段,,,,,121號二十五樓之6,121.295285643571,25.0436405904587
桃園市蘆竹區南崁里21鄰新南路一段121號二十四樓之7,68,6800500,6800500-007,21鄰,新南路,一段,,,,,121號二十四樓之7,121.295285643571,25.0436405904587
桃園市蘆竹區南崁里21鄰新南路一段121號二樓之1,68,6800500,6800500-007,21鄰,新南路,一段,,,,,121號二樓之1,121.295285643571,25.0436405904587
桃園市蘆竹區南崁里21鄰新南路一段121號七樓之8,68,6800500,6800500-007,21鄰,新南路,一段,,,,,121號七樓之8,121.295285643571,25.0436405904587
桃園市蘆竹區南崁里21鄰新南路一段121號九樓之1,68,6800500,6800500-007,21鄰,新南路,一段,,,,,121號九樓之1,121.295285643571,25.0436405904587
桃園市蘆竹區南崁里21鄰新南路一段121號九樓之2,68,6800500,6800500-007,21鄰,新南路,一段,,,,,121號九樓之2,121.295285643571,25.0436405904587
桃園市蘆竹區南崁里21鄰新南路一段121號九樓之3,68,6800500,6800500-007,21鄰,新南路,一段,,,,,121號九樓之3,121.295285643571,25.0436405904587
桃園市蘆竹區南崁里21鄰新南路一段121號九樓之4,68,6800500,6800500-007,21鄰,新南路,一段,,,,,121號九樓之4,121.295285643571,25.0436405904587
桃園市蘆竹區南崁里21鄰新南路一段121號二十一樓之3,68,6800500,6800500-007,21鄰,新南路,一段,,,,,121號二十一樓之3,121.295285643571,25.0436405904587
桃園市蘆竹區南崁里21鄰新南路一段121號九樓之5,68,6800500,6800500-007,21鄰,新南路,一段,,,,,121號九樓之5,121.295285643571,25.0436405904587
桃園市蘆竹區南崁里21鄰新南路一段121號二十二樓之4,68,6800500,6800500-007,21鄰,新南路,一段,,,,,121號二十二樓之4,121.295285643571,25.0436405904587
桃園市蘆竹區南崁里21鄰新南路一段121號九樓之6,68,6800500,6800500-007,21鄰,新南路,一段,,,,,121號九樓之6,121.295285643571,25.0436405904587
桃園市蘆竹區南崁里21鄰新南路一段121號九樓之7,68,6800500,6800500-007,21鄰,新南路,一段,,,,,121號九樓之7,121.295285643571,25.0436405904587
桃園市蘆竹區南崁里21鄰新南路一段121號二十一樓之1,68,6800500,6800500-007,21鄰,新南路,一段,,,,,121號二十一樓之1,121.295285643571,25.0436405904587
桃園市蘆竹區南崁里21鄰新南路一段121號二十一樓之2,68,6800500,6800500-007,21鄰,新南路,一段,,,,,121號二十一樓之2,121.295285643571,25.0436405904587
桃園市蘆竹區南崁里21鄰新南路一段121號二十一樓之4,68,6800500,6800500-007,21鄰,新南路,一段,,,,,121號二十一樓之4,121.295285643571,25.0436405904587
桃園市蘆竹區南崁里21鄰新南路一段121號二十一樓之5,68,6800500,6800500-007,21鄰,新南路,一段,,,,,121號二十一樓之5,121.295285643571,25.0436405904587
桃園市蘆竹區南崁里21鄰新南路一段121號二十一樓之6,68,6800500,6800500-007,21鄰,新南路,一段,,,,,121號二十一樓之6,121.295285643571,25.0436405904587
桃園市蘆竹區南崁里21鄰新南路一段121號二十一樓之7,68,6800500,6800500-007,21鄰,新南路,一段,,,,,121號二十一樓之7,121.295285643571,25.0436405904587
桃園市蘆竹區南崁里21鄰新南路一段121號二十一樓之8,68,6800500,6800500-007,21鄰,新南路,一段,,,,,121號二十一樓之8,121.295285643571,25.0436405904587
桃園市蘆竹區南崁里21鄰新南路一段121號二十二樓之1,68,6800500,6800500-007,21鄰,新南路,一段,,,,,121號二十二樓之1,121.295285643571,25.0436405904587
桃園市蘆竹區南崁里21鄰新南路一段121號十二樓之6,68,6800500,6800500-007,21鄰,新南路,一段,,,,,121號十二樓之6,121.295285643571,25.0436405904587
桃園市蘆竹區南崁里21鄰新南路一段121號二十二樓之2,68,6800500,6800500-007,21鄰,新南路,一段,,,,,121號二十二樓之2,121.295285643571,25.0436405904587
桃園市蘆竹區南崁里21鄰新南路一段121號二十二樓之5,68,6800500,6800500-007,21鄰,新南路,一段,,,,,121號二十二樓之5,121.295285643571,25.0436405904587
桃園市蘆竹區南崁里21鄰新南路一段121號二十二樓之6,68,6800500,6800500-007,21鄰,新南路,一段,,,,,121號二十二樓之6,121.295285643571,25.0436405904587
桃園市蘆竹區南崁里21鄰新南路一段121號二十二樓之7,68,6800500,6800500-007,21鄰,新南路,一段,,,,,121號二十二樓之7,121.295285643571,25.0436405904587
桃園市蘆竹區南崁里21鄰新南路一段121號二十二樓之8,68,6800500,6800500-007,21鄰,新南路,一段,,,,,121號二十二樓之8,121.295285643571,25.0436405904587
桃園市蘆竹區南崁里21鄰新南路一段121號二十三樓之1,68,6800500,6800500-007,21鄰,新南路,一段,,,,,121號二十三樓之1,121.295285643571,25.0436405904587
桃園市蘆竹區南崁里21鄰新南路一段121號二十三樓之2,68,6800500,6800500-007,21鄰,新南路,一段,,,,,121號二十三樓之2,121.295285643571,25.0436405904587
桃園市蘆竹區南崁里21鄰新南路一段121號二十三樓之3,68,6800500,6800500-007,21鄰,新南路,一段,,,,,121號二十三樓之3,121.295285643571,25.0436405904587
桃園市蘆竹區南崁里21鄰新南路一段121號二十三樓之4,68,6800500,6800500-007,21鄰,新南路,一段,,,,,121號二十三樓之4,121.295285643571,25.0436405904587
桃園市蘆竹區南崁里21鄰新南路一段121號十九樓之3,68,6800500,6800500-007,21鄰,新南路,一段,,,,,121號十九樓之3,121.295285643571,25.0436405904587
桃園市蘆竹區南崁里21鄰新南路一段121號七樓之6,68,6800500,6800500-007,21鄰,新南路,一段,,,,,121號七樓之6,121.295285643571,25.0436405904587
桃園市蘆竹區南崁里21鄰新南路一段121號十九樓之4,68,6800500,6800500-007,21鄰,新南路,一段,,,,,121號十九樓之4,121.295285643571,25.0436405904587
桃園市蘆竹區南崁里21鄰新南路一段121號十二樓之1,68,6800500,6800500-007,21鄰,新南路,一段,,,,,121號十二樓之1,121.295285643571,25.0436405904587
桃園市蘆竹區南崁里21鄰新南路一段121號十二樓之2,68,6800500,6800500-007,21鄰,新南路,一段,,,,,121號十二樓之2,121.295285643571,25.0436405904587
桃園市蘆竹區南崁里21鄰新南路一段121號十二樓之3,68,6800500,6800500-007,21鄰,新南路,一段,,,,,121號十二樓之3,121.295285643571,25.0436405904587
桃園市蘆竹區南崁里21鄰新南路一段121號十二樓之4,68,6800500,6800500-007,21鄰,新南路,一段,,,,,121號十二樓之4,121.295285643571,25.0436405904587
桃園市蘆竹區南崁里21鄰新南路一段121號十二樓之5,68,6800500,6800500-007,21鄰,新南路,一段,,,,,121號十二樓之5,121.295285643571,25.0436405904587
桃園市蘆竹區南崁里21鄰新南路一段121號十二樓之7,68,6800500,6800500-007,21鄰,新南路,一段,,,,,121號十二樓之7,121.295285643571,25.0436405904587
桃園市蘆竹區南崁里21鄰新南路一段121號十八樓之1,68,6800500,6800500-007,21鄰,新南路,一段,,,,,121號十八樓之1,121.295285643571,25.0436405904587
桃園市蘆竹區南崁里21鄰新南路一段121號十八樓之2,68,6800500,6800500-007,21鄰,新南路,一段,,,,,121號十八樓之2,121.295285643571,25.0436405904587
桃園市蘆竹區南崁里21鄰新南路一段121號十八樓之3,68,6800500,6800500-007,21鄰,新南路,一段,,,,,121號十八樓之3,121.295285643571,25.0436405904587
桃園市蘆竹區南崁里21鄰新南路一段121號二十二樓之3,68,6800500,6800500-007,21鄰,新南路,一段,,,,,121號二十二樓之3,121.295285643571,25.0436405904587
桃園市蘆竹區南崁里21鄰新南路一段121號三樓之3,68,6800500,6800500-007,21鄰,新南路,一段,,,,,121號三樓之3,121.295285643571,25.0436405904587
桃園市蘆竹區南崁里21鄰新南路一段121號十八樓之7,68,6800500,6800500-007,21鄰,新南路,一段,,,,,121號十八樓之7,121.295285643571,25.0436405904587
桃園市蘆竹區南崁里21鄰新南路一段121號三樓之4,68,6800500,6800500-007,21鄰,新南路,一段,,,,,121號三樓之4,121.295285643571,25.0436405904587
桃園市蘆竹區南崁里21鄰新南路一段121號十三樓之1,68,6800500,6800500-007,21鄰,新南路,一段,,,,,121號十三樓之1,121.295285643571,25.0436405904587
桃園市蘆竹區南崁里21鄰新南路一段121號三樓之5,68,6800500,6800500-007,21鄰,新南路,一段,,,,,121號三樓之5,121.295285643571,25.0436405904587
桃園市蘆竹區南崁里21鄰新南路一段121號十三樓之2,68,6800500,6800500-007,21鄰,新南路,一段,,,,,121號十三樓之2,121.295285643571,25.0436405904587
桃園市蘆竹區南崁里21鄰新南路一段121號三樓之6,68,6800500,6800500-007,21鄰,新南路,一段,,,,,121號三樓之6,121.295285643571,25.0436405904587
桃園市蘆竹區南崁里21鄰新南路一段121號十三樓之3,68,6800500,6800500-007,21鄰,新南路,一段,,,,,121號十三樓之3,121.295285643571,25.0436405904587
桃園市蘆竹區南崁里21鄰新南路一段121號五樓之1,68,6800500,6800500-007,21鄰,新南路,一段,,,,,121號五樓之1,121.295285643571,25.0436405904587
桃園市蘆竹區南崁里21鄰新南路一段121號十三樓之4,68,6800500,6800500-007,21鄰,新南路,一段,,,,,121號十三樓之4,121.295285643571,25.0436405904587
桃園市蘆竹區南崁里21鄰新南路一段121號五樓之2,68,6800500,6800500-007,21鄰,新南路,一段,,,,,121號五樓之2,121.295285643571,25.0436405904587
桃園市蘆竹區南崁里21鄰新南路一段121號十三樓之5,68,6800500,6800500-007,21鄰,新南路,一段,,,,,121號十三樓之5,121.295285643571,25.0436405904587
桃園市蘆竹區南崁里21鄰新南路一段121號五樓之3,68,6800500,6800500-007,21鄰,新南路,一段,,,,,121號五樓之3,121.295285643571,25.0436405904587
桃園市蘆竹區南崁里21鄰新南路一段121號十三樓之6,68,6800500,6800500-007,21鄰,新南路,一段,,,,,121號十三樓之6,121.295285643571,25.0436405904587
桃園市蘆竹區南崁里21鄰新南路一段121號五樓之4,68,6800500,6800500-007,21鄰,新南路,一段,,,,,121號五樓之4,121.295285643571,25.0436405904587
桃園市蘆竹區南崁里21鄰新南路一段121號十三樓之7,68,6800500,6800500-007,21鄰,新南路,一段,,,,,121號十三樓之7,121.295285643571,25.0436405904587
桃園市蘆竹區南崁里21鄰新南路一段121號五樓之5,68,6800500,6800500-007,21鄰,新南路,一段,,,,,121號五樓之5,121.295285643571,25.0436405904587
桃園市蘆竹區南崁里21鄰新南路一段121號十五樓之1,68,6800500,6800500-007,21鄰,新南路,一段,,,,,121號十五樓之1,121.295285643571,25.0436405904587
桃園市蘆竹區南崁里21鄰新南路一段121號五樓之6,68,6800500,6800500-007,21鄰,新南路,一段,,,,,121號五樓之6,121.295285643571,25.0436405904587
桃園市蘆竹區南崁里21鄰新南路一段121號十五樓之2,68,6800500,6800500-007,21鄰,新南路,一段,,,,,121號十五樓之2,121.295285643571,25.0436405904587
桃園市蘆竹區南崁里21鄰新南路一段121號五樓之8,68,6800500,6800500-007,21鄰,新南路,一段,,,,,121號五樓之8,121.295285643571,25.0436405904587
桃園市蘆竹區南崁里21鄰新南路一段121號十五樓之3,68,6800500,6800500-007,21鄰,新南路,一段,,,,,121號十五樓之3,121.295285643571,25.0436405904587
桃園市蘆竹區南崁里21鄰新南路一段121號六樓之1,68,6800500,6800500-007,21鄰,新南路,一段,,,,,121號六樓之1,121.295285643571,25.0436405904587
桃園市蘆竹區南崁里21鄰新南路一段121號十五樓之4,68,6800500,6800500-007,21鄰,新南路,一段,,,,,121號十五樓之4,121.295285643571,25.0436405904587
桃園市蘆竹區南崁里21鄰新南路一段121號六樓之2,68,6800500,6800500-007,21鄰,新南路,一段,,,,,121號六樓之2,121.295285643571,25.0436405904587
桃園市蘆竹區南崁里21鄰新南路一段121號十五樓之5,68,6800500,6800500-007,21鄰,新南路,一段,,,,,121號十五樓之5,121.295285643571,25.0436405904587
桃園市蘆竹區南崁里21鄰新南路一段121號六樓之3,68,6800500,6800500-007,21鄰,新南路,一段,,,,,121號六樓之3,121.295285643571,25.0436405904587
桃園市蘆竹區南崁里21鄰新南路一段121號十五樓之6,68,6800500,6800500-007,21鄰,新南路,一段,,,,,121號十五樓之6,121.295285643571,25.0436405904587
桃園市蘆竹區南崁里21鄰新南路一段121號六樓之4,68,6800500,6800500-007,21鄰,新南路,一段,,,,,121號六樓之4,121.295285643571,25.0436405904587
桃園市蘆竹區南崁里21鄰新南路一段121號四樓之1,68,6800500,6800500-007,21鄰,新南路,一段,,,,,121號四樓之1,121.295285643571,25.0436405904587
桃園市蘆竹區南崁里21鄰新南路一段121號四樓之2,68,6800500,6800500-007,21鄰,新南路,一段,,,,,121號四樓之2,121.295285643571,25.0436405904587
桃園市蘆竹區南崁里21鄰新南路一段121號四樓之3,68,6800500,6800500-007,21鄰,新南路,一段,,,,,121號四樓之3,121.295285643571,25.0436405904587
桃園市蘆竹區南崁里21鄰新南路一段121號四樓之5,68,6800500,6800500-007,21鄰,新南路,一段,,,,,121號四樓之5,121.295285643571,25.0436405904587
桃園市蘆竹區南崁里21鄰新南路一段121號四樓之6,68,6800500,6800500-007,21鄰,新南路,一段,,,,,121號四樓之6,121.295285643571,25.0436405904587
桃園市蘆竹區南崁里21鄰新南路一段121號四樓之7,68,6800500,6800500-007,21鄰,新南路,一段,,,,,121號四樓之7,121.295285643571,25.0436405904587
桃園市蘆竹區南崁里21鄰新南路一段121號四樓之8,68,6800500,6800500-007,21鄰,新南路,一段,,,,,121號四樓之8,121.295285643571,25.0436405904587
桃園市蘆竹區南崁里21鄰新南路一段121號七樓之1,68,6800500,6800500-007,21鄰,新南路,一段,,,,,121號七樓之1,121.295285643571,25.0436405904587
桃園市蘆竹區南崁里21鄰新南路一段121號七樓之2,68,6800500,6800500-007,21鄰,新南路,一段,,,,,121號七樓之2,121.295285643571,25.0436405904587
桃園市蘆竹區南崁里21鄰新南路一段121號七樓之3,68,6800500,6800500-007,21鄰,新南路,一段,,,,,121號七樓之3,121.295285643571,25.0436405904587
桃園市蘆竹區南崁里21鄰新南路一段121號七樓之4,68,6800500,6800500-007,21鄰,新南路,一段,,,,,121號七樓之4,121.295285643571,25.0436405904587
桃園市蘆竹區南崁里21鄰新南路一段121號七樓之5,68,6800500,6800500-007,21鄰,新南路,一段,,,,,121號七樓之5,121.295285643571,25.0436405904587
桃園市蘆竹區南崁里21鄰新南路一段121號七樓之7,68,6800500,6800500-007,21鄰,新南路,一段,,,,,121號七樓之7,121.295285643571,25.0436405904587
桃園市蘆竹區南崁里21鄰新南路一段121號九樓之8,68,6800500,6800500-007,21鄰,新南路,一段,,,,,121號九樓之8,121.295201486983,25.0437985715407
桃園市蘆竹區南崁里21鄰新南路一段121號二樓之2,68,6800500,6800500-007,21鄰,新南路,一段,,,,,121號二樓之2,121.295285643571,25.0436405904587
桃園市蘆竹區南崁里21鄰新南路一段121號二樓之3,68,6800500,6800500-007,21鄰,新南路,一段,,,,,121號二樓之3,121.295285643571,25.0436405904587
桃園市蘆竹區南崁里21鄰新南路一段121號二樓之4,68,6800500,6800500-007,21鄰,新南路,一段,,,,,121號二樓之4,121.295285643571,25.0436405904587
桃園市蘆竹區南崁里21鄰新南路一段121號八樓之1,68,6800500,6800500-007,21鄰,新南路,一段,,,,,121號八樓之1,121.295285643571,25.0436405904587
桃園市蘆竹區南崁里21鄰新南路一段121號八樓之2,68,6800500,6800500-007,21鄰,新南路,一段,,,,,121號八樓之2,121.295285643571,25.0436405904587
桃園市蘆竹區南崁里21鄰新南路一段121號八樓之3,68,6800500,6800500-007,21鄰,新南路,一段,,,,,121號八樓之3,121.295285643571,25.0436405904587
桃園市蘆竹區南崁里21鄰新南路一段121號八樓之4,68,6800500,6800500-007,21鄰,新南路,一段,,,,,121號八樓之4,121.295285643571,25.0436405904587
桃園市蘆竹區南崁里21鄰新南路一段121號八樓之5,68,6800500,6800500-007,21鄰,新南路,一段,,,,,121號八樓之5,121.295285643571,25.0436405904587
桃園市蘆竹區南崁里21鄰新南路一段121號八樓之6,68,6800500,6800500-007,21鄰,新南路,一段,,,,,121號八樓之6,121.295285643571,25.0436405904587
桃園市蘆竹區南崁里21鄰新南路一段121號八樓之7,68,6800500,6800500-007,21鄰,新南路,一段,,,,,121號八樓之7,121.295285643571,25.0436405904587
桃園市蘆竹區南崁里21鄰新南路一段121號十五樓之7,68,6800500,6800500-007,21鄰,新南路,一段,,,,,121號十五樓之7,121.295285643571,25.0436405904587
桃園市蘆竹區南崁里21鄰新南路一段121號十一樓之1,68,6800500,6800500-007,21鄰,新南路,一段,,,,,121號十一樓之1,121.295285643571,25.0436405904587
桃園市蘆竹區南崁里21鄰新南路一段121號十五樓之8,68,6800500,6800500-007,21鄰,新南路,一段,,,,,121號十五樓之8,121.295285643571,25.0436405904587
桃園市蘆竹區南崁里21鄰新南路一段121號十一樓之2,68,6800500,6800500-007,21鄰,新南路,一段,,,,,121號十一樓之2,121.295285643571,25.0436405904587
桃園市蘆竹區南崁里21鄰新南路一段121號十六樓之1,68,6800500,6800500-007,21鄰,新南路,一段,,,,,121號十六樓之1,121.295285643571,25.0436405904587
桃園市蘆竹區南崁里21鄰新南路一段121號十一樓之3,68,6800500,6800500-007,21鄰,新南路,一段,,,,,121號十一樓之3,121.295285643571,25.0436405904587
桃園市蘆竹區南崁里21鄰新南路一段121號十六樓之2,68,6800500,6800500-007,21鄰,新南路,一段,,,,,121號十六樓之2,121.295285643571,25.0436405904587
桃園市蘆竹區南崁里21鄰新南路一段121號十一樓之5,68,6800500,6800500-007,21鄰,新南路,一段,,,,,121號十一樓之5,121.295285643571,25.0436405904587
桃園市蘆竹區南崁里21鄰新南路一段121號十六樓之3,68,6800500,6800500-007,21鄰,新南路,一段,,,,,121號十六樓之3,121.295285643571,25.0436405904587
桃園市蘆竹區南崁里21鄰新南路一段121號十一樓之6,68,6800500,6800500-007,21鄰,新南路,一段,,,,,121號十一樓之6,121.295285643571,25.0436405904587
桃園市蘆竹區南崁里21鄰新南路一段121號十六樓之4,68,6800500,6800500-007,21鄰,新南路,一段,,,,,121號十六樓之4,121.295285643571,25.0436405904587
桃園市蘆竹區南崁里21鄰新南路一段121號十一樓之7,68,6800500,6800500-007,21鄰,新南路,一段,,,,,121號十一樓之7,121.295285643571,25.0436405904587
桃園市蘆竹區南崁里21鄰新南路一段121號十六樓之5,68,6800500,6800500-007,21鄰,新南路,一段,,,,,121號十六樓之5,121.295285643571,25.0436405904587
桃園市蘆竹區南崁里21鄰新南路一段121號十一樓之8,68,6800500,6800500-007,21鄰,新南路,一段,,,,,121號十一樓之8,121.295285643571,25.0436405904587
桃園市蘆竹區南崁里21鄰新南路一段121號十六樓之6,68,6800500,6800500-007,21鄰,新南路,一段,,,,,121號十六樓之6,121.295285643571,25.0436405904587
桃園市蘆竹區南崁里21鄰新南路一段121號十七樓之1,68,6800500,6800500-007,21鄰,新南路,一段,,,,,121號十七樓之1,121.295285643571,25.0436405904587
桃園市蘆竹區南崁里21鄰新南路一段121號十六樓之7,68,6800500,6800500-007,21鄰,新南路,一段,,,,,121號十六樓之7,121.295285643571,25.0436405904587
桃園市蘆竹區南崁里21鄰新南路一段121號十七樓之2,68,6800500,6800500-007,21鄰,新南路,一段,,,,,121號十七樓之2,121.295285643571,25.0436405904587
桃園市蘆竹區南崁里21鄰新南路一段121號十六樓之8,68,6800500,6800500-007,21鄰,新南路,一段,,,,,121號十六樓之8,121.295285643571,25.0436405904587
桃園市蘆竹區南崁里21鄰新南路一段121號十七樓之3,68,6800500,6800500-007,21鄰,新南路,一段,,,,,121號十七樓之3,121.295285643571,25.0436405904587
桃園市蘆竹區南崁里21鄰新南路一段121號十四樓之1,68,6800500,6800500-007,21鄰,新南路,一段,,,,,121號十四樓之1,121.295285643571,25.0436405904587
桃園市蘆竹區南崁里21鄰新南路一段121號十七樓之4,68,6800500,6800500-007,21鄰,新南路,一段,,,,,121號十七樓之4,121.295285643571,25.0436405904587
桃園市蘆竹區南崁里21鄰新南路一段121號十四樓之2,68,6800500,6800500-007,21鄰,新南路,一段,,,,,121號十四樓之2,121.295285643571,25.0436405904587
桃園市蘆竹區南崁里21鄰新南路一段121號十七樓之6,68,6800500,6800500-007,21鄰,新南路,一段,,,,,121號十七樓之6,121.295285643571,25.0436405904587
桃園市蘆竹區南崁里21鄰新南路一段121號十四樓之3,68,6800500,6800500-007,21鄰,新南路,一段,,,,,121號十四樓之3,121.295285643571,25.0436405904587
桃園市蘆竹區南崁里21鄰新南路一段121號十七樓之7,68,6800500,6800500-007,21鄰,新南路,一段,,,,,121號十七樓之7,121.295285643571,25.0436405904587
桃園市蘆竹區南崁里21鄰新南路一段121號五樓之7,68,6800500,6800500-007,21鄰,新南路,一段,,,,,121號五樓之7,121.295285643571,25.0436405904587
桃園市蘆竹區南崁里21鄰新南路一段121號十四樓之5,68,6800500,6800500-007,21鄰,新南路,一段,,,,,121號十四樓之5,121.295285643571,25.0436405904587
桃園市蘆竹區南崁里21鄰新南路一段121號十七樓之8,68,6800500,6800500-007,21鄰,新南路,一段,,,,,121號十七樓之8,121.295285643571,25.0436405904587
桃園市蘆竹區南崁里21鄰新南路一段121號十八樓之4,68,6800500,6800500-007,21鄰,新南路,一段,,,,,121號十八樓之4,121.295285643571,25.0436405904587
桃園市蘆竹區南崁里21鄰新南路一段121號四樓之4,68,6800500,6800500-007,21鄰,新南路,一段,,,,,121號四樓之4,121.295285643571,25.0436405904587
桃園市蘆竹區南崁里21鄰新南路一段121號十四樓之6,68,6800500,6800500-007,21鄰,新南路,一段,,,,,121號十四樓之6,121.295285643571,25.0436405904587
桃園市蘆竹區南崁里21鄰新南路一段121號十九樓之1,68,6800500,6800500-007,21鄰,新南路,一段,,,,,121號十九樓之1,121.295285643571,25.0436405904587
桃園市蘆竹區南崁里21鄰新南路一段121號十三樓之8,68,6800500,6800500-007,21鄰,新南路,一段,,,,,121號十三樓之8,121.295285643571,25.0436405904587
桃園市蘆竹區南崁里21鄰新南路一段121號十四樓之7,68,6800500,6800500-007,21鄰,新南路,一段,,,,,121號十四樓之7,121.295285643571,25.0436405904587
桃園市蘆竹區南崁里21鄰新南路一段121號十九樓之2,68,6800500,6800500-007,21鄰,新南路,一段,,,,,121號十九樓之2,121.295285643571,25.0436405904587
桃園市蘆竹區南崁里21鄰新南路一段121號十四樓之8,68,6800500,6800500-007,21鄰,新南路,一段,,,,,121號十四樓之8,121.295285643571,25.0436405904587
桃園市蘆竹區南崁里21鄰新南路一段121號十樓之1,68,6800500,6800500-007,21鄰,新南路,一段,,,,,121號十樓之1,121.295285643571,25.0436405904587
桃園市蘆竹區南崁里21鄰新南路一段121號十樓之2,68,6800500,6800500-007,21鄰,新南路,一段,,,,,121號十樓之2,121.295285643571,25.0436405904587
桃園市蘆竹區南崁里21鄰新南路一段121號十樓之3,68,6800500,6800500-007,21鄰,新南路,一段,,,,,121號十樓之3,121.295285643571,25.0436405904587
桃園市蘆竹區南崁里21鄰新南路一段121號十樓之4,68,6800500,6800500-007,21鄰,新南路,一段,,,,,121號十樓之4,121.295285643571,25.0436405904587
桃園市蘆竹區南崁里21鄰新南路一段121號二十樓之5,68,6800500,6800500-007,21鄰,新南路,一段,,,,,121號二十樓之5,121.295285643571,25.0436405904587
桃園市蘆竹區南崁里7鄰新南路一段122號,68,6800500,6800500-007,7鄰,新南路,一段,,,,,122號,121.294441907831,25.0443573025295
桃園市蘆竹區南崁里21鄰新南路一段123號,68,6800500,6800500-007,21鄰,新南路,一段,,,,,123號,121.295317819077,25.043585454169
桃園市蘆竹區南崁里7鄰新南路一段124號,68,6800500,6800500-007,7鄰,新南路,一段,,,,,124號,121.294452014975,25.044315210845
桃園市蘆竹區南崁里21鄰新南路一段125號,68,6800500,6800500-007,21鄰,新南路,一段,,,,,125號,121.295343867723,25.0435376429358
桃園市蘆竹區南崁里21鄰新南路一段125號地下一層,68,6800500,6800500-007,21鄰,新南路,一段,,,,,125號地下一層,121.295343867723,25.0435376429358
桃園市蘆竹區南崁里7鄰新南路一段126號,68,6800500,6800500-007,7鄰,新南路,一段,,,,,126號,121.294467375003,25.0442732893137
桃園市蘆竹區南崁里15鄰新南路一段127號,68,6800500,6800500-007,15鄰,新南路,一段,,,,,127號,121.295446964927,25.0432193726243
桃園市蘆竹區南崁里15鄰新南路一段127號十樓,68,6800500,6800500-007,15鄰,新南路,一段,,,,,127號十樓,121.295446964927,25.0432193726243
桃園市蘆竹區南崁里15鄰新南路一段127號十樓之1,68,6800500,6800500-007,15鄰,新南路,一段,,,,,127號十樓之1,121.295446964927,25.0432193726243
桃園市蘆竹區南崁里15鄰新南路一段127號三樓,68,6800500,6800500-007,15鄰,新南路,一段,,,,,127號三樓,121.295446964927,25.0432193726243
桃園市蘆竹區南崁里15鄰新南路一段127號三樓之1,68,6800500,6800500-007,15鄰,新南路,一段,,,,,127號三樓之1,121.295446964927,25.0432193726243
桃園市蘆竹區南崁里15鄰新南路一段127號五樓,68,6800500,6800500-007,15鄰,新南路,一段,,,,,127號五樓,121.295446964927,25.0432193726243
桃園市蘆竹區南崁里15鄰新南路一段127號五樓之1,68,6800500,6800500-007,15鄰,新南路,一段,,,,,127號五樓之1,121.295446964927,25.0432193726243
桃園市蘆竹區南崁里15鄰新南路一段127號六樓,68,6800500,6800500-007,15鄰,新南路,一段,,,,,127號六樓,121.295446964927,25.0432193726243
桃園市蘆竹區南崁里15鄰新南路一段127號六樓之1,68,6800500,6800500-007,15鄰,新南路,一段,,,,,127號六樓之1,121.295446964927,25.0432193726243
桃園市蘆竹區南崁里15鄰新南路一段127號四樓,68,6800500,6800500-007,15鄰,新南路,一段,,,,,127號四樓,121.295446964927,25.0432193726243
桃園市蘆竹區南崁里15鄰新南路一段127號四樓之1,68,6800500,6800500-007,15鄰,新南路,一段,,,,,127號四樓之1,121.295446964927,25.0432193726243
桃園市蘆竹區南崁里15鄰新南路一段127號七樓之1,68,6800500,6800500-007,15鄰,新南路,一段,,,,,127號七樓之1,121.295446964927,25.0432193726243
桃園市蘆竹區南崁里15鄰新南路一段127號九樓,68,6800500,6800500-007,15鄰,新南路,一段,,,,,127號九樓,121.295446964927,25.0432193726243
桃園市蘆竹區南崁里15鄰新南路一段127號九樓之1,68,6800500,6800500-007,15鄰,新南路,一段,,,,,127號九樓之1,121.295446964927,25.0432193726243
桃園市蘆竹區南崁里15鄰新南路一段127號二十一樓,68,6800500,6800500-007,15鄰,新南路,一段,,,,,127號二十一樓,121.295446964927,25.0432193726243
桃園市蘆竹區南崁里15鄰新南路一段127號二十一樓之1,68,6800500,6800500-007,15鄰,新南路,一段,,,,,127號二十一樓之1,121.295446964927,25.0432193726243
桃園市蘆竹區南崁里15鄰新南路一段127號二十樓,68,6800500,6800500-007,15鄰,新南路,一段,,,,,127號二十樓,121.295446964927,25.0432193726243
桃園市蘆竹區南崁里15鄰新南路一段127號二十樓之1,68,6800500,6800500-007,15鄰,新南路,一段,,,,,127號二十樓之1,121.295446964927,25.0432193726243
桃園市蘆竹區南崁里15鄰新南路一段127號二樓,68,6800500,6800500-007,15鄰,新南路,一段,,,,,127號二樓,121.295446964927,25.0432193726243
桃園市蘆竹區南崁里15鄰新南路一段127號八樓之1,68,6800500,6800500-007,15鄰,新南路,一段,,,,,127號八樓之1,121.295446964927,25.0432193726243
桃園市蘆竹區南崁里15鄰新南路一段127號十一樓,68,6800500,6800500-007,15鄰,新南路,一段,,,,,127號十一樓,121.295446964927,25.0432193726243
桃園市蘆竹區南崁里15鄰新南路一段127號十一樓之1,68,6800500,6800500-007,15鄰,新南路,一段,,,,,127號十一樓之1,121.295446964927,25.0432193726243
桃園市蘆竹區南崁里15鄰新南路一段127號十七樓,68,6800500,6800500-007,15鄰,新南路,一段,,,,,127號十七樓,121.295446964927,25.0432193726243
桃園市蘆竹區南崁里15鄰新南路一段127號十七樓之1,68,6800500,6800500-007,15鄰,新南路,一段,,,,,127號十七樓之1,121.295446964927,25.0432193726243
桃園市蘆竹區南崁里15鄰新南路一段127號十九樓,68,6800500,6800500-007,15鄰,新南路,一段,,,,,127號十九樓,121.295446964927,25.0432193726243
桃園市蘆竹區南崁里15鄰新南路一段127號十九樓之1,68,6800500,6800500-007,15鄰,新南路,一段,,,,,127號十九樓之1,121.295446964927,25.0432193726243
桃園市蘆竹區南崁里15鄰新南路一段127號十二樓,68,6800500,6800500-007,15鄰,新南路,一段,,,,,127號十二樓,121.295446964927,25.0432193726243
桃園市蘆竹區南崁里15鄰新南路一段127號十八樓,68,6800500,6800500-007,15鄰,新南路,一段,,,,,127號十八樓,121.295446964927,25.0432193726243
桃園市蘆竹區南崁里15鄰新南路一段127號十八樓之1,68,6800500,6800500-007,15鄰,新南路,一段,,,,,127號十八樓之1,121.295446964927,25.0432193726243
桃園市蘆竹區南崁里15鄰新南路一段127號十三樓,68,6800500,6800500-007,15鄰,新南路,一段,,,,,127號十三樓,121.295446964927,25.0432193726243
桃園市蘆竹區南崁里15鄰新南路一段127號十三樓之1,68,6800500,6800500-007,15鄰,新南路,一段,,,,,127號十三樓之1,121.295446964927,25.0432193726243
桃園市蘆竹區南崁里15鄰新南路一段127號十五樓,68,6800500,6800500-007,15鄰,新南路,一段,,,,,127號十五樓,121.295446964927,25.0432193726243
桃園市蘆竹區南崁里15鄰新南路一段127號十五樓之1,68,6800500,6800500-007,15鄰,新南路,一段,,,,,127號十五樓之1,121.295446964927,25.0432193726243
桃園市蘆竹區南崁里15鄰新南路一段127號十六樓,68,6800500,6800500-007,15鄰,新南路,一段,,,,,127號十六樓,121.295446964927,25.0432193726243
桃園市蘆竹區南崁里15鄰新南路一段127號十六樓之1,68,6800500,6800500-007,15鄰,新南路,一段,,,,,127號十六樓之1,121.295446964927,25.0432193726243
桃園市蘆竹區南崁里15鄰新南路一段127號十四樓之1,68,6800500,6800500-007,15鄰,新南路,一段,,,,,127號十四樓之1,121.295446964927,25.0432193726243
桃園市蘆竹區南崁里15鄰新南路一段127號七樓,68,6800500,6800500-007,15鄰,新南路,一段,,,,,127號七樓,121.295446964927,25.0432193726243
桃園市蘆竹區南崁里15鄰新南路一段127號八樓,68,6800500,6800500-007,15鄰,新南路,一段,,,,,127號八樓,121.295446964927,25.0432193726243
桃園市蘆竹區南崁里15鄰新南路一段127號十二樓之1,68,6800500,6800500-007,15鄰,新南路,一段,,,,,127號十二樓之1,121.295446964927,25.0432193726243
桃園市蘆竹區南崁里15鄰新南路一段127號十四樓,68,6800500,6800500-007,15鄰,新南路,一段,,,,,127號十四樓,121.295446964927,25.0432193726243
桃園市蘆竹區南崁里7鄰新南路一段128號,68,6800500,6800500-007,7鄰,新南路,一段,,,,,128號,121.29448193314,25.0442275775042
桃園市蘆竹區南崁里15鄰新南路一段129號,68,6800500,6800500-007,15鄰,新南路,一段,,,,,129號,121.295490052775,25.0430448610939
桃園市蘆竹區南崁里15鄰新南路一段129號七樓之1,68,6800500,6800500-007,15鄰,新南路,一段,,,,,129號七樓之1,121.295490052775,25.0430448610939
桃園市蘆竹區南崁里15鄰新南路一段129號九樓,68,6800500,6800500-007,15鄰,新南路,一段,,,,,129號九樓,121.295490052775,25.0430448610939
桃園市蘆竹區南崁里15鄰新南路一段129號九樓之1,68,6800500,6800500-007,15鄰,新南路,一段,,,,,129號九樓之1,121.295490052775,25.0430448610939
桃園市蘆竹區南崁里15鄰新南路一段129號二十一樓,68,6800500,6800500-007,15鄰,新南路,一段,,,,,129號二十一樓,121.295490052775,25.0430448610939
桃園市蘆竹區南崁里15鄰新南路一段129號七樓,68,6800500,6800500-007,15鄰,新南路,一段,,,,,129號七樓,121.295490052775,25.0430448610939
桃園市蘆竹區南崁里15鄰新南路一段129號二十一樓之1,68,6800500,6800500-007,15鄰,新南路,一段,,,,,129號二十一樓之1,121.295490052775,25.0430448610939
桃園市蘆竹區南崁里15鄰新南路一段129號二樓,68,6800500,6800500-007,15鄰,新南路,一段,,,,,129號二樓,121.295490052775,25.0430448610939
桃園市蘆竹區南崁里15鄰新南路一段129號二十樓,68,6800500,6800500-007,15鄰,新南路,一段,,,,,129號二十樓,121.295490052775,25.0430448610939
桃園市蘆竹區南崁里15鄰新南路一段129號十二樓,68,6800500,6800500-007,15鄰,新南路,一段,,,,,129號十二樓,121.295490052775,25.0430448610939
桃園市蘆竹區南崁里15鄰新南路一段129號二十樓之1,68,6800500,6800500-007,15鄰,新南路,一段,,,,,129號二十樓之1,121.295490052775,25.0430448610939
桃園市蘆竹區南崁里15鄰新南路一段129號八樓,68,6800500,6800500-007,15鄰,新南路,一段,,,,,129號八樓,121.295490052775,25.0430448610939
桃園市蘆竹區南崁里15鄰新南路一段129號八樓之1,68,6800500,6800500-007,15鄰,新南路,一段,,,,,129號八樓之1,121.295490052775,25.0430448610939
桃園市蘆竹區南崁里15鄰新南路一段129號十一樓,68,6800500,6800500-007,15鄰,新南路,一段,,,,,129號十一樓,121.295490052775,25.0430448610939
桃園市蘆竹區南崁里15鄰新南路一段129號十一樓之1,68,6800500,6800500-007,15鄰,新南路,一段,,,,,129號十一樓之1,121.295490052775,25.0430448610939
桃園市蘆竹區南崁里15鄰新南路一段129號十七樓,68,6800500,6800500-007,15鄰,新南路,一段,,,,,129號十七樓,121.295490052775,25.0430448610939
桃園市蘆竹區南崁里15鄰新南路一段129號十七樓之1,68,6800500,6800500-007,15鄰,新南路,一段,,,,,129號十七樓之1,121.295490052775,25.0430448610939
桃園市蘆竹區南崁里15鄰新南路一段129號十九樓,68,6800500,6800500-007,15鄰,新南路,一段,,,,,129號十九樓,121.295490052775,25.0430448610939
桃園市蘆竹區南崁里15鄰新南路一段129號十九樓之1,68,6800500,6800500-007,15鄰,新南路,一段,,,,,129號十九樓之1,121.295490052775,25.0430448610939
桃園市蘆竹區南崁里15鄰新南路一段129號十二樓之1,68,6800500,6800500-007,15鄰,新南路,一段,,,,,129號十二樓之1,121.295490052775,25.0430448610939
桃園市蘆竹區南崁里15鄰新南路一段129號十八樓,68,6800500,6800500-007,15鄰,新南路,一段,,,,,129號十八樓,121.295490052775,25.0430448610939
桃園市蘆竹區南崁里15鄰新南路一段129號十八樓之1,68,6800500,6800500-007,15鄰,新南路,一段,,,,,129號十八樓之1,121.295490052775,25.0430448610939
桃園市蘆竹區南崁里15鄰新南路一段129號十三樓,68,6800500,6800500-007,15鄰,新南路,一段,,,,,129號十三樓,121.295490052775,25.0430448610939
桃園市蘆竹區南崁里15鄰新南路一段129號十三樓之1,68,6800500,6800500-007,15鄰,新南路,一段,,,,,129號十三樓之1,121.295490052775,25.0430448610939
桃園市蘆竹區南崁里15鄰新南路一段129號十五樓,68,6800500,6800500-007,15鄰,新南路,一段,,,,,129號十五樓,121.295490052775,25.0430448610939
桃園市蘆竹區南崁里15鄰新南路一段129號十五樓之1,68,6800500,6800500-007,15鄰,新南路,一段,,,,,129號十五樓之1,121.295490052775,25.0430448610939
桃園市蘆竹區南崁里15鄰新南路一段129號十六樓,68,6800500,6800500-007,15鄰,新南路,一段,,,,,129號十六樓,121.295490052775,25.0430448610939
桃園市蘆竹區南崁里15鄰新南路一段129號十四樓,68,6800500,6800500-007,15鄰,新南路,一段,,,,,129號十四樓,121.295490052775,25.0430448610939
桃園市蘆竹區南崁里15鄰新南路一段129號十四樓之1,68,6800500,6800500-007,15鄰,新南路,一段,,,,,129號十四樓之1,121.295490052775,25.0430448610939
桃園市蘆竹區南崁里15鄰新南路一段129號十樓,68,6800500,6800500-007,15鄰,新南路,一段,,,,,129號十樓,121.295490052775,25.0430448610939
桃園市蘆竹區南崁里15鄰新南路一段129號十樓之1,68,6800500,6800500-007,15鄰,新南路,一段,,,,,129號十樓之1,121.295490052775,25.0430448610939
桃園市蘆竹區南崁里15鄰新南路一段129號三樓,68,6800500,6800500-007,15鄰,新南路,一段,,,,,129號三樓,121.295490052775,25.0430448610939
桃園市蘆竹區南崁里15鄰新南路一段129號三樓之1,68,6800500,6800500-007,15鄰,新南路,一段,,,,,129號三樓之1,121.295490052775,25.0430448610939
桃園市蘆竹區南崁里15鄰新南路一段129號五樓,68,6800500,6800500-007,15鄰,新南路,一段,,,,,129號五樓,121.295490052775,25.0430448610939
桃園市蘆竹區南崁里15鄰新南路一段129號五樓之1,68,6800500,6800500-007,15鄰,新南路,一段,,,,,129號五樓之1,121.295490052775,25.0430448610939
桃園市蘆竹區南崁里15鄰新南路一段129號六樓之1,68,6800500,6800500-007,15鄰,新南路,一段,,,,,129號六樓之1,121.295490052775,25.0430448610939
桃園市蘆竹區南崁里15鄰新南路一段129號四樓,68,6800500,6800500-007,15鄰,新南路,一段,,,,,129號四樓,121.295490052775,25.0430448610939
桃園市蘆竹區南崁里15鄰新南路一段129號四樓之1,68,6800500,6800500-007,15鄰,新南路,一段,,,,,129號四樓之1,121.295490052775,25.0430448610939
桃園市蘆竹區南崁里15鄰新南路一段129號十六樓之1,68,6800500,6800500-007,15鄰,新南路,一段,,,,,129號十六樓之1,121.295490052775,25.0430448610939
桃園市蘆竹區南崁里15鄰新南路一段129號六樓,68,6800500,6800500-007,15鄰,新南路,一段,,,,,129號六樓,121.295490052775,25.0430448610939
桃園市蘆竹區南崁里7鄰新南路一段130號,68,6800500,6800500-007,7鄰,新南路,一段,,,,,130號,121.29449490907,25.0441833133496
桃園市蘆竹區南崁里15鄰新南路一段131號地下一層,68,6800500,6800500-007,15鄰,新南路,一段,,,,,131號地下一層,121.295525193742,25.0429452998544
桃園市蘆竹區南崁里7鄰新南路一段132號,68,6800500,6800500-007,7鄰,新南路,一段,,,,,132號,121.294507887794,25.0441402228609
桃園市蘆竹區南崁里7鄰新南路一段144號,68,6800500,6800500-007,7鄰,新南路,一段,,,,,144號,121.294587464325,25.0438898922317
桃園市蘆竹區南崁里7鄰新南路一段146號,68,6800500,6800500-007,7鄰,新南路,一段,,,,,146號,121.294598075956,25.0438515914011
桃園市蘆竹區南崁里7鄰新南路一段148號,68,6800500,6800500-007,7鄰,新南路,一段,,,,,148號,121.294601931777,25.0438062619286
桃園市蘆竹區南崁里22鄰新南路一段152號,68,6800500,6800500-007,22鄰,新南路,一段,,,,,152號,121.294650360963,25.0437098344387
桃園市蘆竹區南崁里22鄰新南路一段152號七樓,68,6800500,6800500-007,22鄰,新南路,一段,,,,,152號七樓,121.294650360963,25.0437098344387
桃園市蘆竹區南崁里22鄰新南路一段152號六樓,68,6800500,6800500-007,22鄰,新南路,一段,,,,,152號六樓,121.294650360963,25.0437098344387
桃園市蘆竹區南崁里22鄰新南路一段152號九樓,68,6800500,6800500-007,22鄰,新南路,一段,,,,,152號九樓,121.294650360963,25.0437098344387
桃園市蘆竹區南崁里22鄰新南路一段152號二樓,68,6800500,6800500-007,22鄰,新南路,一段,,,,,152號二樓,121.294650360963,25.0437098344387
桃園市蘆竹區南崁里22鄰新南路一段152號八樓,68,6800500,6800500-007,22鄰,新南路,一段,,,,,152號八樓,121.294650360963,25.0437098344387
桃園市蘆竹區南崁里22鄰新南路一段152號十一樓,68,6800500,6800500-007,22鄰,新南路,一段,,,,,152號十一樓,121.294650360963,25.0437098344387
桃園市蘆竹區南崁里22鄰新南路一段152號十二樓,68,6800500,6800500-007,22鄰,新南路,一段,,,,,152號十二樓,121.294650360963,25.0437098344387
桃園市蘆竹區南崁里22鄰新南路一段152號十樓,68,6800500,6800500-007,22鄰,新南路,一段,,,,,152號十樓,121.294650360963,25.0437098344387
桃園市蘆竹區南崁里22鄰新南路一段152號三樓,68,6800500,6800500-007,22鄰,新南路,一段,,,,,152號三樓,121.294650360963,25.0437098344387
桃園市蘆竹區南崁里22鄰新南路一段152號五樓,68,6800500,6800500-007,22鄰,新南路,一段,,,,,152號五樓,121.294650360963,25.0437098344387
桃園市蘆竹區南崁里22鄰新南路一段152號四樓,68,6800500,6800500-007,22鄰,新南路,一段,,,,,152號四樓,121.294650360963,25.0437098344387
桃園市蘆竹區南崁里22鄰新南路一段154號,68,6800500,6800500-007,22鄰,新南路,一段,,,,,154號,121.29465934075,25.0436522163788
桃園市蘆竹區南崁里22鄰新南路一段154號三樓,68,6800500,6800500-007,22鄰,新南路,一段,,,,,154號三樓,121.29465934075,25.0436522163788
桃園市蘆竹區南崁里22鄰新南路一段154號五樓,68,6800500,6800500-007,22鄰,新南路,一段,,,,,154號五樓,121.29465934075,25.0436522163788
桃園市蘆竹區南崁里22鄰新南路一段154號六樓,68,6800500,6800500-007,22鄰,新南路,一段,,,,,154號六樓,121.29465934075,25.0436522163788
桃園市蘆竹區南崁里22鄰新南路一段154號四樓,68,6800500,6800500-007,22鄰,新南路,一段,,,,,154號四樓,121.29465934075,25.0436522163788
桃園市蘆竹區南崁里22鄰新南路一段154號十二樓,68,6800500,6800500-007,22鄰,新南路,一段,,,,,154號十二樓,121.29465934075,25.0436522163788
桃園市蘆竹區南崁里22鄰新南路一段154號七樓,68,6800500,6800500-007,22鄰,新南路,一段,,,,,154號七樓,121.29465934075,25.0436522163788
桃園市蘆竹區南崁里22鄰新南路一段154號九樓,68,6800500,6800500-007,22鄰,新南路,一段,,,,,154號九樓,121.29465934075,25.0436522163788
桃園市蘆竹區南崁里22鄰新南路一段154號二樓,68,6800500,6800500-007,22鄰,新南路,一段,,,,,154號二樓,121.29465934075,25.0436522163788
桃園市蘆竹區南崁里22鄰新南路一段154號八樓,68,6800500,6800500-007,22鄰,新南路,一段,,,,,154號八樓,121.29465934075,25.0436522163788
桃園市蘆竹區南崁里22鄰新南路一段154號十一樓,68,6800500,6800500-007,22鄰,新南路,一段,,,,,154號十一樓,121.29465934075,25.0436522163788
桃園市蘆竹區南崁里22鄰新南路一段154號十樓,68,6800500,6800500-007,22鄰,新南路,一段,,,,,154號十樓,121.29465934075,25.0436522163788
桃園市蘆竹區南崁里22鄰新南路一段156號,68,6800500,6800500-007,22鄰,新南路,一段,,,,,156號,121.294680436701,25.043605317908
桃園市蘆竹區南崁里22鄰新南路一段156號十二樓,68,6800500,6800500-007,22鄰,新南路,一段,,,,,156號十二樓,121.294680436701,25.043605317908
桃園市蘆竹區南崁里22鄰新南路一段156號七樓,68,6800500,6800500-007,22鄰,新南路,一段,,,,,156號七樓,121.294680436701,25.043605317908
桃園市蘆竹區南崁里22鄰新南路一段156號九樓,68,6800500,6800500-007,22鄰,新南路,一段,,,,,156號九樓,121.294680436701,25.043605317908
桃園市蘆竹區南崁里22鄰新南路一段156號二樓,68,6800500,6800500-007,22鄰,新南路,一段,,,,,156號二樓,121.294680436701,25.043605317908
桃園市蘆竹區南崁里22鄰新南路一段156號八樓,68,6800500,6800500-007,22鄰,新南路,一段,,,,,156號八樓,121.294680436701,25.043605317908
桃園市蘆竹區南崁里22鄰新南路一段156號十一樓,68,6800500,6800500-007,22鄰,新南路,一段,,,,,156號十一樓,121.294680436701,25.043605317908
桃園市蘆竹區南崁里22鄰新南路一段156號十樓,68,6800500,6800500-007,22鄰,新南路,一段,,,,,156號十樓,121.294680436701,25.043605317908
桃園市蘆竹區南崁里22鄰新南路一段156號三樓,68,6800500,6800500-007,22鄰,新南路,一段,,,,,156號三樓,121.294680436701,25.043605317908
桃園市蘆竹區南崁里22鄰新南路一段156號五樓,68,6800500,6800500-007,22鄰,新南路,一段,,,,,156號五樓,121.294680436701,25.043605317908
桃園市蘆竹區南崁里22鄰新南路一段156號六樓,68,6800500,6800500-007,22鄰,新南路,一段,,,,,156號六樓,121.294680436701,25.043605317908
桃園市蘆竹區南崁里22鄰新南路一段156號四樓,68,6800500,6800500-007,22鄰,新南路,一段,,,,,156號四樓,121.294680436701,25.043605317908
桃園市蘆竹區南崁里22鄰新南路一段158號,68,6800500,6800500-007,22鄰,新南路,一段,,,,,158號,121.294699205164,25.0435382910473
桃園市蘆竹區南崁里22鄰新南路一段158號二樓,68,6800500,6800500-007,22鄰,新南路,一段,,,,,158號二樓,121.294699205164,25.0435382910473
桃園市蘆竹區南崁里22鄰新南路一段158號四樓,68,6800500,6800500-007,22鄰,新南路,一段,,,,,158號四樓,121.294699205164,25.0435382910473
桃園市蘆竹區南崁里22鄰新南路一段158號七樓,68,6800500,6800500-007,22鄰,新南路,一段,,,,,158號七樓,121.294699205164,25.0435382910473
桃園市蘆竹區南崁里22鄰新南路一段158號九樓,68,6800500,6800500-007,22鄰,新南路,一段,,,,,158號九樓,121.294699205164,25.0435382910473
桃園市蘆竹區南崁里22鄰新南路一段158號八樓,68,6800500,6800500-007,22鄰,新南路,一段,,,,,158號八樓,121.294699205164,25.0435382910473
桃園市蘆竹區南崁里22鄰新南路一段158號十一樓,68,6800500,6800500-007,22鄰,新南路,一段,,,,,158號十一樓,121.294699205164,25.0435382910473
桃園市蘆竹區南崁里22鄰新南路一段158號十二樓,68,6800500,6800500-007,22鄰,新南路,一段,,,,,158號十二樓,121.294699205164,25.0435382910473
桃園市蘆竹區南崁里22鄰新南路一段158號十樓,68,6800500,6800500-007,22鄰,新南路,一段,,,,,158號十樓,121.294699205164,25.0435382910473
桃園市蘆竹區南崁里22鄰新南路一段158號三樓,68,6800500,6800500-007,22鄰,新南路,一段,,,,,158號三樓,121.294699205164,25.0435382910473
桃園市蘆竹區南崁里22鄰新南路一段158號五樓,68,6800500,6800500-007,22鄰,新南路,一段,,,,,158號五樓,121.294699205164,25.0435382910473
桃園市蘆竹區南崁里22鄰新南路一段158號六樓,68,6800500,6800500-007,22鄰,新南路,一段,,,,,158號六樓,121.294699205164,25.0435382910473
桃園市蘆竹區南崁里12鄰新南路一段163號,68,6800500,6800500-007,12鄰,新南路,一段,,,,,163號,121.295706034553,25.0422753145016
桃園市蘆竹區南崁里16鄰新南路一段328之1號,68,6800500,6800500-007,16鄰,新南路,一段,,,,,328之1號,121.295813570875,25.0416188366584
桃園市蘆竹區南崁里16鄰新南路一段332號,68,6800500,6800500-007,16鄰,新南路,一段,,,,,332號,121.295845771735,25.0415332749768
桃園市蘆竹區南崁里16鄰新南路一段334號,68,6800500,6800500-007,16鄰,新南路,一段,,,,,334號,121.295873616885,25.0414497081771
桃園市蘆竹區南崁里16鄰新南路一段338之1號,68,6800500,6800500-007,16鄰,新南路,一段,,,,,338之1號,121.295959480233,25.0413019252104
桃園市蘆竹區南崁里16鄰新南路一段362號,68,6800500,6800500-007,16鄰,新南路,一段,,,,,362號,121.296056052126,25.0411152993603
桃園市蘆竹區南崁里16鄰新南路一段368號,68,6800500,6800500-007,16鄰,新南路,一段,,,,,368號,121.296152577115,25.0409092627899
桃園市蘆竹區南崁里16鄰新南路一段370之6號,68,6800500,6800500-007,16鄰,新南路,一段,,,,,370之6號,121.297410594457,25.0410871345896
桃園市蘆竹區南崁里16鄰新南路一段370之2號,68,6800500,6800500-007,16鄰,新南路,一段,,,,,370之2號,121.296801004683,25.0409551867447
桃園市蘆竹區南崁里16鄰新南路一段376之1號,68,6800500,6800500-007,16鄰,新南路,一段,,,,,376之1號,121.298714743569,25.0400976400089
桃園市蘆竹區南崁里16鄰新南路一段376之2號,68,6800500,6800500-007,16鄰,新南路,一段,,,,,376之2號,121.296437990529,25.0404983594501
桃園市蘆竹區南崁里16鄰新南路一段376號,68,6800500,6800500-007,16鄰,新南路,一段,,,,,376號,121.297156088719,25.0401762414602
桃園市蘆竹區南崁里16鄰新南路一段376之5號,68,6800500,6800500-007,16鄰,新南路,一段,,,,,376之5號,121.297932096775,25.0400344787362
桃園市蘆竹區南崁里16鄰新南路一段376之3號,68,6800500,6800500-007,16鄰,新南路,一段,,,,,376之3號,121.297532203137,25.0403937920229
桃園市蘆竹區南崁里17鄰新南路二段17號,68,6800500,6800500-007,17鄰,新南路,二段,,,,,17號,121.298717053728,25.0356913943426
桃園市蘆竹區南崁里17鄰新南路二段86號,68,6800500,6800500-007,17鄰,新南路,二段,,,,,86號,121.299952707947,25.0356179433133
桃園市蘆竹區南崁里17鄰新南路二段90號,68,6800500,6800500-007,17鄰,新南路,二段,,,,,90號,121.300467277651,25.0355615605867
桃園市蘆竹區南崁里17鄰新南路二段100號,68,6800500,6800500-007,17鄰,新南路,二段,,,,,100號,121.300261163275,25.0353198392566
桃園市蘆竹區南崁里17鄰新南路二段101號,68,6800500,6800500-007,17鄰,新南路,二段,,,,,101號,121.30053828453,25.0341194232966
桃園市蘆竹區南崁里17鄰新南路二段103號,68,6800500,6800500-007,17鄰,新南路,二段,,,,,103號,121.30061681991,25.0340594070873
桃園市蘆竹區南崁里17鄰新南路二段104號,68,6800500,6800500-007,17鄰,新南路,二段,,,,,104號,121.300542542925,25.0350131221876
桃園市蘆竹區南崁里17鄰新南路二段106號,68,6800500,6800500-007,17鄰,新南路,二段,,,,,106號,121.300569232491,25.0349858931477
桃園市蘆竹區南崁里17鄰新南路二段108號,68,6800500,6800500-007,17鄰,新南路,二段,,,,,108號,121.300600167089,25.0349520648868
桃園市蘆竹區南崁里17鄰新南路二段110號,68,6800500,6800500-007,17鄰,新南路,二段,,,,,110號,121.300620028287,25.0349286415186
桃園市蘆竹區南崁里17鄰新南路二段112號,68,6800500,6800500-007,17鄰,新南路,二段,,,,,112號,121.300999882122,25.0346522398707
桃園市蘆竹區南崁里17鄰新南路二段114號,68,6800500,6800500-007,17鄰,新南路,二段,,,,,114號,121.300788606668,25.0347727434951
桃園市蘆竹區南崁里17鄰新南路二段114之1號,68,6800500,6800500-007,17鄰,新南路,二段,,,,,114之1號,121.300730467174,25.0348255861953
桃園市蘆竹區南崁里17鄰新南路二段124之7號,68,6800500,6800500-007,17鄰,新南路,二段,,,,,124之7號,121.301745147361,25.0351247121707
桃園市蘆竹區南崁里17鄰新南路二段124號,68,6800500,6800500-007,17鄰,新南路,二段,,,,,124號,121.301351855922,25.0343625319648
桃園市蘆竹區南崁里17鄰新南路二段131號,68,6800500,6800500-007,17鄰,新南路,二段,,,,,131號,121.301677256428,25.0343912136266
桃園市蘆竹區南崁里17鄰新南路二段138號,68,6800500,6800500-007,17鄰,新南路,二段,,,,,138號,121.301552178085,25.0335317964953
桃園市蘆竹區南崁里17鄰新南路二段140號,68,6800500,6800500-007,17鄰,新南路,二段,,,,,140號,121.301601314273,25.033485201243
桃園市蘆竹區南崁里17鄰新南路二段140之1號,68,6800500,6800500-007,17鄰,新南路,二段,,,,,140之1號,121.301624567207,25.0334711602476
桃園市蘆竹區南崁里17鄰新南路二段141號,68,6800500,6800500-007,17鄰,新南路,二段,,,,,141號,121.301895342042,25.0339361978659
桃園市蘆竹區南崁里17鄰新南路二段142號,68,6800500,6800500-007,17鄰,新南路,二段,,,,,142號,121.301622626141,25.0334473295774
桃園市蘆竹區南崁里17鄰新南路二段144號,68,6800500,6800500-007,17鄰,新南路,二段,,,,,144號,121.301662986157,25.0334184475077
桃園市蘆竹區南崁里17鄰新南路二段146號,68,6800500,6800500-007,17鄰,新南路,二段,,,,,146號,121.301690186501,25.0333977175763
桃園市蘆竹區南崁里17鄰新南路二段148號,68,6800500,6800500-007,17鄰,新南路,二段,,,,,148號,121.301728758816,25.0333672140307
桃園市蘆竹區南崁里17鄰新南路二段150號,68,6800500,6800500-007,17鄰,新南路,二段,,,,,150號,121.301777052496,25.033340843736
桃園市蘆竹區南崁里17鄰新南路二段152號,68,6800500,6800500-007,17鄰,新南路,二段,,,,,152號,121.301817404489,25.0333087114666
桃園市蘆竹區南崁里17鄰新南路二段160號,68,6800500,6800500-007,17鄰,新南路,二段,,,,,160號,121.301891652939,25.0332385916386
桃園市蘆竹區南崁里17鄰新南路二段162巷5號,68,6800500,6800500-007,17鄰,新南路,二段,162巷,,,,5號,121.301822115999,25.0332093007409
桃園市蘆竹區南崁里17鄰新南路二段166號,68,6800500,6800500-007,17鄰,新南路,二段,,,,,166號,121.301647833415,25.0331788682061
桃園市蘆竹區南崁里17鄰新南路二段181號,68,6800500,6800500-007,17鄰,新南路,二段,,,,,181號,121.302033302407,25.0337419905169
桃園市蘆竹區南崁里17鄰新南路二段183之1號,68,6800500,6800500-007,17鄰,新南路,二段,,,,,183之1號,121.302147992369,25.0336357656095
桃園市蘆竹區南崁里17鄰新南路二段183之2號,68,6800500,6800500-007,17鄰,新南路,二段,,,,,183之2號,121.302251505499,25.0335785868007
桃園市蘆竹區南崁里17鄰新南路二段183號,68,6800500,6800500-007,17鄰,新南路,二段,,,,,183號,121.302084592705,25.033684827664
桃園市蘆竹區南崁里17鄰新南路二段187號,68,6800500,6800500-007,17鄰,新南路,二段,,,,,187號,121.302007400811,25.0341717883496
桃園市蘆竹區南榮里1鄰新南路一段305巷1弄1號,68,6800500,6800500-017,1鄰,新南路,一段,305巷,1弄,,,1號,121.294471186715,25.0372371103144
桃園市蘆竹區南榮里1鄰新南路一段305巷1弄2號,68,6800500,6800500-017,1鄰,新南路,一段,305巷,1弄,,,2號,121.294491443831,25.0374618738525
桃園市蘆竹區南榮里1鄰新南路一段305巷1弄3號,68,6800500,6800500-017,1鄰,新南路,一段,305巷,1弄,,,3號,121.294522484926,25.0372641837165
桃園市蘆竹區南榮里1鄰新南路一段305巷1弄4號,68,6800500,6800500-017,1鄰,新南路,一段,305巷,1弄,,,4號,121.294526601674,25.0374526856313
桃園市蘆竹區南榮里1鄰新南路一段305巷1弄5號,68,6800500,6800500-017,1鄰,新南路,一段,305巷,1弄,,,5號,121.294563542193,25.0372355730345
桃園市蘆竹區南榮里1鄰新南路一段305巷1弄6號,68,6800500,6800500-017,1鄰,新南路,一段,305巷,1弄,,,6號,121.294567720885,25.0374499859323
桃園市蘆竹區南榮里1鄰新南路一段305巷1弄7號,68,6800500,6800500-017,1鄰,新南路,一段,305巷,1弄,,,7號,121.294606936688,25.0372312437281
桃園市蘆竹區南榮里1鄰新南路一段305巷1弄8號,68,6800500,6800500-017,1鄰,新南路,一段,305巷,1弄,,,8號,121.294611249488,25.0374602821397
桃園市蘆竹區南榮里1鄰新南路一段305巷1弄9號,68,6800500,6800500-017,1鄰,新南路,一段,305巷,1弄,,,9號,121.294648844834,25.0372684473536
桃園市蘆竹區南榮里1鄰新南路一段305巷1弄10號,68,6800500,6800500-017,1鄰,新南路,一段,305巷,1弄,,,10號,121.294653040383,25.0374483722602
桃園市蘆竹區南榮里1鄰新南路一段305巷1弄11號,68,6800500,6800500-017,1鄰,新南路,一段,305巷,1弄,,,11號,121.294692363976,25.0372333314074
桃園市蘆竹區南榮里1鄰新南路一段305巷1弄12號,68,6800500,6800500-017,1鄰,新南路,一段,305巷,1弄,,,12號,121.294695731344,25.0374398913228
桃園市蘆竹區南榮里1鄰新南路一段305巷1弄13號,68,6800500,6800500-017,1鄰,新南路,一段,305巷,1弄,,,13號,121.294731694537,25.037270088708
桃園市蘆竹區南榮里1鄰新南路一段305巷1弄14號,68,6800500,6800500-017,1鄰,新南路,一段,305巷,1弄,,,14號,121.294740897363,25.0374304123555
桃園市蘆竹區南榮里1鄰新南路一段305巷1弄15號,68,6800500,6800500-017,1鄰,新南路,一段,305巷,1弄,,,15號,121.294772841793,25.0372376859207
桃園市蘆竹區南榮里1鄰新南路一段305巷1弄16號,68,6800500,6800500-017,1鄰,新南路,一段,305巷,1弄,,,16號,121.294777525398,25.0374558896776
桃園市蘆竹區南榮里1鄰新南路一段305巷1弄17號,68,6800500,6800500-017,1鄰,新南路,一段,305巷,1弄,,,17號,121.294817493857,25.0372619736432
桃園市蘆竹區南榮里1鄰新南路一段305巷1弄18號,68,6800500,6800500-017,1鄰,新南路,一段,305巷,1弄,,,18號,121.294819101895,25.0374372089818
桃園市蘆竹區南榮里1鄰新南路一段305巷1弄19號,68,6800500,6800500-017,1鄰,新南路,一段,305巷,1弄,,,19號,121.294855076173,25.0372306612972
桃園市蘆竹區南榮里1鄰新南路一段305巷1弄20號,68,6800500,6800500-017,1鄰,新南路,一段,305巷,1弄,,,20號,121.294862978773,25.0374273714046
桃園市蘆竹區南榮里1鄰新南路一段305巷1弄21號,68,6800500,6800500-017,1鄰,新南路,一段,305巷,1弄,,,21號,121.294898581822,25.0372728272251
桃園市蘆竹區南榮里1鄰新南路一段305巷1弄22號,68,6800500,6800500-017,1鄰,新南路,一段,305巷,1弄,,,22號,121.294903210407,25.037426479026
桃園市蘆竹區南榮里1鄰新南路一段305巷1弄23號,68,6800500,6800500-017,1鄰,新南路,一段,305巷,1弄,,,23號,121.294942098303,25.0372366278203
桃園市蘆竹區南榮里1鄰新南路一段305巷1弄24號,68,6800500,6800500-017,1鄰,新南路,一段,305巷,1弄,,,24號,121.294948419584,25.03743505643
桃園市蘆竹區南榮里1鄰新南路一段305巷1弄25號,68,6800500,6800500-017,1鄰,新南路,一段,305巷,1弄,,,25號,121.294981983363,25.0372565913897
桃園市蘆竹區南榮里1鄰新南路一段305巷1弄26號,68,6800500,6800500-017,1鄰,新南路,一段,305巷,1弄,,,26號,121.294987195419,25.0374469870473
桃園市蘆竹區南榮里1鄰新南路一段305巷1弄27號,68,6800500,6800500-017,1鄰,新南路,一段,305巷,1弄,,,27號,121.295024338095,25.0372732998714
桃園市蘆竹區南榮里1鄰新南路一段305巷1弄28號,68,6800500,6800500-017,1鄰,新南路,一段,305巷,1弄,,,28號,121.295027698005,25.03743507962
桃園市蘆竹區南榮里1鄰新南路一段305巷1弄29號,68,6800500,6800500-017,1鄰,新南路,一段,305巷,1弄,,,29號,121.295066027412,25.0372603969692
桃園市蘆竹區南榮里1鄰新南路一段305巷1弄30號,68,6800500,6800500-017,1鄰,新南路,一段,305巷,1弄,,,30號,121.295068112284,25.0374276864871
桃園市蘆竹區南榮里1鄰新南路一段305巷1弄31號,68,6800500,6800500-017,1鄰,新南路,一段,305巷,1弄,,,31號,121.295108364012,25.0372695217245
桃園市蘆竹區南榮里1鄰新南路一段305巷1弄32號,68,6800500,6800500-017,1鄰,新南路,一段,305巷,1弄,,,32號,121.295114706029,25.0374350874174
桃園市蘆竹區南榮里1鄰新南路一段305巷1弄33號,68,6800500,6800500-017,1鄰,新南路,一段,305巷,1弄,,,33號,121.295151058983,25.0372627560182
桃園市蘆竹區南榮里1鄰新南路一段305巷1弄34號,68,6800500,6800500-017,1鄰,新南路,一段,305巷,1弄,,,34號,121.29515581485,25.0374280540117
桃園市蘆竹區南榮里1鄰新南路一段305巷1弄35號,68,6800500,6800500-017,1鄰,新南路,一段,305巷,1弄,,,35號,121.295195783217,25.037275758158
桃園市蘆竹區南榮里1鄰新南路一段305巷1弄36號,68,6800500,6800500-017,1鄰,新南路,一段,305巷,1弄,,,36號,121.295197133096,25.0374257148737
桃園市蘆竹區南榮里1鄰新南路一段305巷1弄37號,68,6800500,6800500-017,1鄰,新南路,一段,305巷,1弄,,,37號,121.2952347073,25.0372668331361
桃園市蘆竹區南榮里1鄰新南路一段305巷1弄38號,68,6800500,6800500-017,1鄰,新南路,一段,305巷,1弄,,,38號,121.295239706857,25.0374510899873
桃園市蘆竹區南榮里1鄰新南路一段305巷1弄39號,68,6800500,6800500-017,1鄰,新南路,一段,305巷,1弄,,,39號,121.295275864039,25.0372798423394
桃園市蘆竹區南榮里1鄰新南路一段305巷1弄40號,68,6800500,6800500-017,1鄰,新南路,一段,305巷,1弄,,,40號,121.295279620021,25.037441350445
桃園市蘆竹區南榮里1鄰新南路一段305巷1弄41號,68,6800500,6800500-017,1鄰,新南路,一段,305巷,1弄,,,41號,121.295317601847,25.0372458131421
桃園市蘆竹區南榮里1鄰新南路一段305巷1弄42號,68,6800500,6800500-017,1鄰,新南路,一段,305巷,1弄,,,42號,121.295321406952,25.0374278152991
桃園市蘆竹區南榮里1鄰新南路一段305巷1弄43號,68,6800500,6800500-017,1鄰,新南路,一段,305巷,1弄,,,43號,121.295359354252,25.0372592725516
桃園市蘆竹區南榮里1鄰新南路一段305巷1弄44號,68,6800500,6800500-017,1鄰,新南路,一段,305巷,1弄,,,44號,121.295357104312,25.0374370434596
桃園市蘆竹區南榮里1鄰新南路一段305巷1弄45號,68,6800500,6800500-017,1鄰,新南路,一段,305巷,1弄,,,45號,121.295401610154,25.0372760714044
桃園市蘆竹區南榮里2鄰新南路一段305巷2弄1號,68,6800500,6800500-017,2鄰,新南路,一段,305巷,2弄,,,1號,121.294523100495,25.0376879690262
桃園市蘆竹區南榮里2鄰新南路一段305巷2弄2號,68,6800500,6800500-017,2鄰,新南路,一段,305巷,2弄,,,2號,121.294528793776,25.0378726759365
桃園市蘆竹區南榮里2鄰新南路一段305巷2弄3號,68,6800500,6800500-017,2鄰,新南路,一段,305巷,2弄,,,3號,121.294574561954,25.0377003260202
桃園市蘆竹區南榮里2鄰新南路一段305巷2弄4號,68,6800500,6800500-017,2鄰,新南路,一段,305巷,2弄,,,4號,121.294569126597,25.0378725959901
桃園市蘆竹區南榮里2鄰新南路一段305巷2弄5號,68,6800500,6800500-017,2鄰,新南路,一段,305巷,2弄,,,5號,121.29461588203,25.0376987093004
桃園市蘆竹區南榮里2鄰新南路一段305巷2弄6號,68,6800500,6800500-017,2鄰,新南路,一段,305巷,2弄,,,6號,121.294611647766,25.0378759424329
桃園市蘆竹區南榮里2鄰新南路一段305巷2弄7號,68,6800500,6800500-017,2鄰,新南路,一段,305巷,2弄,,,7號,121.294657202105,25.0376970925691
桃園市蘆竹區南榮里2鄰新南路一段305巷2弄8號,68,6800500,6800500-017,2鄰,新南路,一段,305巷,2弄,,,8號,121.294652046039,25.0378617782494
桃園市蘆竹區南榮里2鄰新南路一段305巷2弄9號,68,6800500,6800500-017,2鄰,新南路,一段,305巷,2弄,,,9號,121.294694567977,25.0376995463849
桃園市蘆竹區南榮里2鄰新南路一段305巷2弄10號,68,6800500,6800500-017,2鄰,新南路,一段,305巷,2弄,,,10號,121.294697354457,25.0378703555315
桃園市蘆竹區南榮里2鄰新南路一段305巷2弄11號,68,6800500,6800500-017,2鄰,新南路,一段,305巷,2弄,,,11號,121.294731902785,25.037688999559
桃園市蘆竹區南榮里2鄰新南路一段305巷2弄12號,68,6800500,6800500-017,2鄰,新南路,一段,305巷,2弄,,,12號,121.294734989846,25.0378611623475
桃園市蘆竹區南榮里2鄰新南路一段305巷2弄13號,68,6800500,6800500-017,2鄰,新南路,一段,305巷,2弄,,,13號,121.294775379916,25.0376777182786
桃園市蘆竹區南榮里2鄰新南路一段305巷2弄14號,68,6800500,6800500-017,2鄰,新南路,一段,305巷,2弄,,,14號,121.294777823628,25.0378709181869
桃園市蘆竹區南榮里2鄰新南路一段305巷2弄15號,68,6800500,6800500-017,2鄰,新南路,一段,305巷,2弄,,,15號,121.294821514937,25.0377004682515
桃園市蘆竹區南榮里2鄰新南路一段305巷2弄16號,68,6800500,6800500-017,2鄰,新南路,一段,305巷,2弄,,,16號,121.294822599234,25.0378638775988
桃園市蘆竹區南榮里2鄰新南路一段305巷2弄17號,68,6800500,6800500-017,2鄰,新南路,一段,305巷,2弄,,,17號,121.294860955391,25.0377002094316
桃園市蘆竹區南榮里2鄰新南路一段305巷2弄18號,68,6800500,6800500-017,2鄰,新南路,一段,305巷,2弄,,,18號,121.294860687767,25.0378784278063
桃園市蘆竹區南榮里2鄰新南路一段305巷2弄19號,68,6800500,6800500-017,2鄰,新南路,一段,305巷,2弄,,,19號,121.294898775095,25.0376852377544
桃園市蘆竹區南榮里2鄰新南路一段305巷2弄20號,68,6800500,6800500-017,2鄰,新南路,一段,305巷,2弄,,,20號,121.294901667431,25.0378587551632
桃園市蘆竹區南榮里2鄰新南路一段305巷2弄21號,68,6800500,6800500-017,2鄰,新南路,一段,305巷,2弄,,,21號,121.294946977592,25.0377022957816
桃園市蘆竹區南榮里2鄰新南路一段305巷2弄22號,68,6800500,6800500-017,2鄰,新南路,一段,305巷,2弄,,,22號,121.294944008542,25.0378696856061
桃園市蘆竹區南榮里2鄰新南路一段305巷2弄23號,68,6800500,6800500-017,2鄰,新南路,一段,305巷,2弄,,,23號,121.294984011198,25.0376901244036
桃園市蘆竹區南榮里2鄰新南路一段305巷2弄24號,68,6800500,6800500-017,2鄰,新南路,一段,305巷,2弄,,,24號,121.294984315018,25.037858591123
桃園市蘆竹區南榮里2鄰新南路一段305巷2弄25號,68,6800500,6800500-017,2鄰,新南路,一段,305巷,2弄,,,25號,121.295027545966,25.0377029483883
桃園市蘆竹區南榮里2鄰新南路一段305巷2弄26號,68,6800500,6800500-017,2鄰,新南路,一段,305巷,2弄,,,26號,121.295029002523,25.0378561550599
桃園市蘆竹區南榮里2鄰新南路一段305巷2弄27號,68,6800500,6800500-017,2鄰,新南路,一段,305巷,2弄,,,27號,121.295064454332,25.0376798530448
桃園市蘆竹區南榮里2鄰新南路一段305巷2弄28號,68,6800500,6800500-017,2鄰,新南路,一段,305巷,2弄,,,28號,121.295067581815,25.0378687180229
桃園市蘆竹區南榮里2鄰新南路一段305巷2弄29號,68,6800500,6800500-017,2鄰,新南路,一段,305巷,2弄,,,29號,121.295107981761,25.0376896074123
桃園市蘆竹區南榮里2鄰新南路一段305巷2弄30號,68,6800500,6800500-017,2鄰,新南路,一段,305巷,2弄,,,30號,121.295111061354,25.0378584297481
桃園市蘆竹區南榮里2鄰新南路一段305巷2弄31號,68,6800500,6800500-017,2鄰,新南路,一段,305巷,2弄,,,31號,121.295149676178,25.037678780976
桃園市蘆竹區南榮里2鄰新南路一段305巷2弄32號,68,6800500,6800500-017,2鄰,新南路,一段,305巷,2弄,,,32號,121.295149379157,25.0378445404092
桃園市蘆竹區南榮里2鄰新南路一段305巷2弄33號,68,6800500,6800500-017,2鄰,新南路,一段,305巷,2弄,,,33號,121.295192613996,25.0376906129893
桃園市蘆竹區南榮里2鄰新南路一段305巷2弄34號,68,6800500,6800500-017,2鄰,新南路,一段,305巷,2弄,,,34號,121.295190702945,25.037844458326
桃園市蘆竹區南榮里2鄰新南路一段305巷2弄35號,68,6800500,6800500-017,2鄰,新南路,一段,305巷,2弄,,,35號,121.295232024189,25.0376777145678
桃園市蘆竹區南榮里2鄰新南路一段305巷2弄36號,68,6800500,6800500-017,2鄰,新南路,一段,305巷,2弄,,,36號,121.295233864953,25.0378671237925
桃園市蘆竹區南榮里2鄰新南路一段305巷2弄37號,68,6800500,6800500-017,2鄰,新南路,一段,305巷,2弄,,,37號,121.295272479385,25.0376873847082
桃園市蘆竹區南榮里2鄰新南路一段305巷2弄38號,68,6800500,6800500-017,2鄰,新南路,一段,305巷,2弄,,,38號,121.295278410129,25.0378466314187
桃園市蘆竹區南榮里2鄰新南路一段305巷2弄39號,68,6800500,6800500-017,2鄰,新南路,一段,305巷,2弄,,,39號,121.295317772432,25.0376895517678
桃園市蘆竹區南榮里2鄰新南路一段305巷2弄40號,68,6800500,6800500-017,2鄰,新南路,一段,305巷,2弄,,,40號,121.295319728297,25.0378442019634
桃園市蘆竹區南榮里2鄰新南路一段305巷2弄41號,68,6800500,6800500-017,2鄰,新南路,一段,305巷,2弄,,,41號,121.295357788007,25.0376811662396
桃園市蘆竹區南榮里2鄰新南路一段305巷2弄42號,68,6800500,6800500-017,2鄰,新南路,一段,305巷,2弄,,,42號,121.295361052085,25.0378441198328
桃園市蘆竹區南榮里2鄰新南路一段305巷2弄43號,68,6800500,6800500-017,2鄰,新南路,一段,305巷,2弄,,,43號,121.29540012088,25.0376886658308
桃園市蘆竹區南榮里2鄰新南路一段305巷2弄44號,68,6800500,6800500-017,2鄰,新南路,一段,305巷,2弄,,,44號,121.29541024136,25.0378593700952
桃園市蘆竹區南榮里2鄰新南路一段305巷2弄45號,68,6800500,6800500-017,2鄰,新南路,一段,305巷,2弄,,,45號,121.295676687152,25.037681705728
桃園市蘆竹區南榮里2鄰新南路一段305巷5弄1之3號,68,6800500,6800500-017,2鄰,新南路,一段,305巷,5弄,,,1之3號,121.294801004921,25.0382822899739
桃園市蘆竹區南榮里2鄰新南路一段305巷5弄1之2號,68,6800500,6800500-017,2鄰,新南路,一段,305巷,5弄,,,1之2號,121.294647098716,25.0384871755742
桃園市蘆竹區南榮里2鄰新南路一段305巷5弄1之5號,68,6800500,6800500-017,2鄰,新南路,一段,305巷,5弄,,,1之5號,121.294809581924,25.0381392653341
桃園市蘆竹區南榮里2鄰新南路一段305巷5弄1之1號,68,6800500,6800500-017,2鄰,新南路,一段,305巷,5弄,,,1之1號,121.294631452219,25.0388236897973
桃園市蘆竹區南榮里2鄰新南路一段305巷5弄1號,68,6800500,6800500-017,2鄰,新南路,一段,305巷,5弄,,,1號,121.294771897875,25.0386256923982
桃園市蘆竹區南榮里2鄰新南路一段305巷5弄3之1號,68,6800500,6800500-017,2鄰,新南路,一段,305巷,5弄,,,3之1號,121.294630822063,25.0389747338086
桃園市蘆竹區南榮里2鄰新南路一段305巷5弄3之2號,68,6800500,6800500-017,2鄰,新南路,一段,305巷,5弄,,,3之2號,121.294630822063,25.0389747338086
桃園市蘆竹區南榮里2鄰新南路一段305巷5弄3之4號,68,6800500,6800500-017,2鄰,新南路,一段,305巷,5弄,,,3之4號,121.294630822063,25.0389747338086
桃園市蘆竹區南榮里2鄰新南路一段305巷5弄3之5號,68,6800500,6800500-017,2鄰,新南路,一段,305巷,5弄,,,3之5號,121.294630822063,25.0389747338086
桃園市蘆竹區南榮里2鄰新南路一段305巷5弄3號,68,6800500,6800500-017,2鄰,新南路,一段,305巷,5弄,,,3號,121.294630822063,25.0389747338086
桃園市蘆竹區南榮里2鄰新南路一段305巷5弄3之3號,68,6800500,6800500-017,2鄰,新南路,一段,305巷,5弄,,,3之3號,121.294630822063,25.0389747338086
桃園市蘆竹區南榮里2鄰新南路一段305巷5弄5之1號,68,6800500,6800500-017,2鄰,新南路,一段,305巷,5弄,,,5之1號,121.294639119431,25.0391293714186
桃園市蘆竹區南榮里2鄰新南路一段305巷5弄5之2號,68,6800500,6800500-017,2鄰,新南路,一段,305巷,5弄,,,5之2號,121.294639119431,25.0391293714186
桃園市蘆竹區南榮里2鄰新南路一段305巷5弄5之3號,68,6800500,6800500-017,2鄰,新南路,一段,305巷,5弄,,,5之3號,121.294639119431,25.0391293714186
桃園市蘆竹區南榮里2鄰新南路一段305巷5弄5之4號,68,6800500,6800500-017,2鄰,新南路,一段,305巷,5弄,,,5之4號,121.294639119431,25.0391293714186
桃園市蘆竹區南榮里2鄰新南路一段305巷5弄5之5號,68,6800500,6800500-017,2鄰,新南路,一段,305巷,5弄,,,5之5號,121.294639119431,25.0391293714186
桃園市蘆竹區南榮里2鄰新南路一段305巷5弄5號,68,6800500,6800500-017,2鄰,新南路,一段,305巷,5弄,,,5號,121.294639119431,25.0391293714186
桃園市蘆竹區南榮里2鄰新南路一段305巷5弄7號,68,6800500,6800500-017,2鄰,新南路,一段,305巷,5弄,,,7號,121.294635923813,25.0392435852184
桃園市蘆竹區南榮里1鄰新南路一段305巷6弄4號,68,6800500,6800500-017,1鄰,新南路,一段,305巷,6弄,,,4號,121.295581449707,25.0381761923764
桃園市蘆竹區南榮里1鄰新南路一段305巷6弄6號,68,6800500,6800500-017,1鄰,新南路,一段,305巷,6弄,,,6號,121.295639952132,25.0374876712397
桃園市蘆竹區南榮里1鄰新南路一段305巷10號,68,6800500,6800500-017,1鄰,新南路,一段,305巷,,,,10號,121.295595293362,25.0397348032585
桃園市蘆竹區南榮里1鄰新南路一段305巷36號,68,6800500,6800500-017,1鄰,新南路,一段,305巷,,,,36號,121.295529996277,25.0384154532853
桃園市蘆竹區南榮里1鄰新南路一段305巷38號,68,6800500,6800500-017,1鄰,新南路,一段,305巷,,,,38號,121.295931282604,25.0382650564252
桃園市蘆竹區南榮里1鄰新南路一段305巷38號四樓,68,6800500,6800500-017,1鄰,新南路,一段,305巷,,,,38號四樓,121.295931282604,25.0382650564252
桃園市蘆竹區南榮里1鄰新南路一段305巷38號二樓,68,6800500,6800500-017,1鄰,新南路,一段,305巷,,,,38號二樓,121.295931282604,25.0382650564252
桃園市蘆竹區南榮里1鄰新南路一段305巷38號三樓,68,6800500,6800500-017,1鄰,新南路,一段,305巷,,,,38號三樓,121.295931282604,25.0382650564252
桃園市蘆竹區南榮里1鄰新南路一段305巷38號五樓,68,6800500,6800500-017,1鄰,新南路,一段,305巷,,,,38號五樓,121.295931282604,25.0382650564252
桃園市蘆竹區南榮里1鄰新南路一段307號,68,6800500,6800500-017,1鄰,新南路,一段,,,,,307號,121.294728298807,25.036844322677
