FULL_ADDR,COUNTY,TOWN,VILLAGE,NEIGHBORHOOD,ROAD,SECTION,LANE,ALLEY,SUB_ALLEY,TONG,NUMBER,X,Y
桃園市八德區大和里24鄰桃拾街15號地下一層,68,6800800,6800800-017,24鄰,桃拾街,,,,,,15號地下一層,121.297019484053,24.9555488686259
桃園市八德區大和里24鄰桃拾街17號,68,6800800,6800800-017,24鄰,桃拾街,,,,,,17號,121.297009026486,24.955606761252
桃園市八德區大和里24鄰桃拾街18號,68,6800800,6800800-017,24鄰,桃拾街,,,,,,18號,121.297232243474,24.9556472144677
桃園市八德區大和里24鄰桃拾街20號,68,6800800,6800800-017,24鄰,桃拾街,,,,,,20號,121.297205862682,24.9557550656967
