FULL_ADDR,COUNTY,TOWN,VILLAGE,NEIGHBORHOOD,ROAD,SECTION,LANE,ALLEY,SUB_ALLEY,TONG,NUMBER,X,Y
桃園市觀音區保障里15鄰成功南路151號,68,6801200,6801200-020,15鄰,成功南路,,,,,,151號,121.148711548059,25.0483023394838
桃園市觀音區保障里15鄰成功南路153號,68,6801200,6801200-020,15鄰,成功南路,,,,,,153號,121.148677209493,25.0482630104471
桃園市觀音區保障里15鄰成功南路155號,68,6801200,6801200-020,15鄰,成功南路,,,,,,155號,121.148623048868,25.0482231595363
