FULL_ADDR,COUNTY,TOWN,VILLAGE,NEIGHBORHOOD,ROAD,SECTION,LANE,ALLEY,SUB_ALLEY,TONG,NUMBER,X,Y
桃園市中壢區洽溪里3鄰民溪五路51號,68,6800200,6800200-022,3鄰,民溪五路,,,,,,51號,121.201262675136,25.022860161588
桃園市中壢區洽溪里3鄰民溪五路53號,68,6800200,6800200-022,3鄰,民溪五路,,,,,,53號,121.201262675136,25.022860161588
桃園市中壢區洽溪里3鄰民溪五路55號,68,6800200,6800200-022,3鄰,民溪五路,,,,,,55號,121.201262675136,25.022860161588
桃園市中壢區洽溪里3鄰民溪五路56號,68,6800200,6800200-022,3鄰,民溪五路,,,,,,56號,121.201457439117,25.0229567716503
桃園市中壢區洽溪里3鄰民溪五路57號,68,6800200,6800200-022,3鄰,民溪五路,,,,,,57號,121.201262675136,25.022860161588
桃園市中壢區洽溪里3鄰民溪五路58號,68,6800200,6800200-022,3鄰,民溪五路,,,,,,58號,121.201457439117,25.0229567716503
桃園市中壢區洽溪里3鄰民溪五路60巷22號,68,6800200,6800200-022,3鄰,民溪五路,,60巷,,,,22號,121.201262675136,25.022860161588
桃園市中壢區洽溪里3鄰民溪五路60巷28號,68,6800200,6800200-022,3鄰,民溪五路,,60巷,,,,28號,121.201262675136,25.022860161588
