FULL_ADDR,COUNTY,TOWN,VILLAGE,NEIGHBORHOOD,ROAD,SECTION,LANE,ALLEY,SUB_ALLEY,TONG,NUMBER,X,Y
桃園市中壢區過嶺里20鄰松平一街6號,68,6800200,6800200-043,20鄰,松平一街,,,,,,6號,121.164173359147,24.9637620892335
桃園市中壢區過嶺里20鄰松平一街8號,68,6800200,6800200-043,20鄰,松平一街,,,,,,8號,121.164227978934,24.9637990454608
桃園市中壢區過嶺里20鄰松平一街10號,68,6800200,6800200-043,20鄰,松平一街,,,,,,10號,121.164267954349,24.9638461296327
桃園市中壢區過嶺里20鄰松平一街12號,68,6800200,6800200-043,20鄰,松平一街,,,,,,12號,121.164312287408,24.9638931187015
