FULL_ADDR,COUNTY,TOWN,VILLAGE,NEIGHBORHOOD,ROAD,SECTION,LANE,ALLEY,SUB_ALLEY,TONG,NUMBER,X,Y
桃園市桃園區福林里3鄰樹林二街8號,68,6800100,6800100-033,3鄰,樹林二街,,,,,,8號,121.312076757989,24.9792336248707
桃園市桃園區福林里3鄰樹林二街10號,68,6800100,6800100-033,3鄰,樹林二街,,,,,,10號,121.312054198688,24.9793217885791
桃園市桃園區福林里3鄰樹林二街12號,68,6800100,6800100-033,3鄰,樹林二街,,,,,,12號,121.312104723958,24.9793646574581
桃園市桃園區福林里3鄰樹林二街14號,68,6800100,6800100-033,3鄰,樹林二街,,,,,,14號,121.312059649642,24.9794800436179
桃園市桃園區福林里3鄰樹林二街16號,68,6800100,6800100-033,3鄰,樹林二街,,,,,,16號,121.312059785878,24.9795340326908
桃園市桃園區福林里3鄰樹林二街18號,68,6800100,6800100-033,3鄰,樹林二街,,,,,,18號,121.31206080064,24.9796221469738
桃園市桃園區福林里3鄰樹林二街20號,68,6800100,6800100-033,3鄰,樹林二街,,,,,,20號,121.312062614821,24.9796737851645
桃園市桃園區福林里3鄰樹林二街22號,68,6800100,6800100-033,3鄰,樹林二街,,,,,,22號,121.312091717088,24.9797840502267
