FULL_ADDR,COUNTY,TOWN,VILLAGE,NEIGHBORHOOD,ROAD,SECTION,LANE,ALLEY,SUB_ALLEY,TONG,NUMBER,X,Y
桃園市八德區大興里17鄰榮興南路50號,68,6800800,6800800-016,17鄰,榮興南路,,,,,,50號,121.306920363218,24.9480897018908
桃園市八德區大興里17鄰榮興南路55之1號,68,6800800,6800800-016,17鄰,榮興南路,,,,,,55之1號,121.30613290061,24.9478871004378
桃園市八德區大興里17鄰榮興南路88巷30號,68,6800800,6800800-016,17鄰,榮興南路,,88巷,,,,30號,121.306164394931,24.9489301726286
桃園市八德區大興里17鄰榮興南路88巷40號,68,6800800,6800800-016,17鄰,榮興南路,,88巷,,,,40號,121.306280897761,24.9495498204093
桃園市八德區大興里17鄰榮興南路88巷83號,68,6800800,6800800-016,17鄰,榮興南路,,88巷,,,,83號,121.306053379957,24.9504905013543
桃園市八德區大興里14鄰榮興南路88巷100弄13號,68,6800800,6800800-016,14鄰,榮興南路,,88巷,100弄,,,13號,121.306805747756,24.9508306772115
桃園市八德區大興里17鄰榮興南路92之1號,68,6800800,6800800-016,17鄰,榮興南路,,,,,,92之1號,121.305985897118,24.948508644005
桃園市八德區大興里17鄰榮興南路100號,68,6800800,6800800-016,17鄰,榮興南路,,,,,,100號,121.305531204538,24.9484837560268
桃園市八德區大順里27鄰榮興南路139號,68,6800800,6800800-048,27鄰,榮興南路,,,,,,139號,121.304600676965,24.9467627787641
