FULL_ADDR,COUNTY,TOWN,VILLAGE,NEIGHBORHOOD,ROAD,SECTION,LANE,ALLEY,SUB_ALLEY,TONG,NUMBER,X,Y
桃園市中壢區文化里21鄰文林街66號,68,6800200,6800200-034,21鄰,文林街,,,,,,66號,121.244813426306,24.978516469665
桃園市中壢區文化里21鄰文林街86號,68,6800200,6800200-034,21鄰,文林街,,,,,,86號,121.244829027572,24.9789421309497
桃園市中壢區文化里21鄰文林街86號二樓,68,6800200,6800200-034,21鄰,文林街,,,,,,86號二樓,121.244829027572,24.9789421309497
桃園市中壢區文化里21鄰文林街86號三樓,68,6800200,6800200-034,21鄰,文林街,,,,,,86號三樓,121.244829027572,24.9789421309497
桃園市中壢區文化里21鄰文林街86號四樓,68,6800200,6800200-034,21鄰,文林街,,,,,,86號四樓,121.244829027572,24.9789421309497
桃園市中壢區文化里21鄰文林街88號,68,6800200,6800200-034,21鄰,文林街,,,,,,88號,121.244826242818,24.9790364818375
桃園市中壢區文化里21鄰文林街88號二樓,68,6800200,6800200-034,21鄰,文林街,,,,,,88號二樓,121.244826242818,24.9790364818375
桃園市中壢區文化里21鄰文林街88號三樓,68,6800200,6800200-034,21鄰,文林街,,,,,,88號三樓,121.244826242818,24.9790364818375
桃園市中壢區文化里21鄰文林街88號四樓,68,6800200,6800200-034,21鄰,文林街,,,,,,88號四樓,121.244826242818,24.9790364818375
