FULL_ADDR,COUNTY,TOWN,VILLAGE,NEIGHBORHOOD,ROAD,SECTION,LANE,ALLEY,SUB_ALLEY,TONG,NUMBER,X,Y
桃園市龜山區樂善里9鄰文信路289號,68,6800700,6800700-010,9鄰,文信路,,,,,,289號,121.390805379824,25.0529119202153
桃園市龜山區樂善里9鄰文信路289號二樓,68,6800700,6800700-010,9鄰,文信路,,,,,,289號二樓,121.390805379824,25.0529119202153
桃園市龜山區樂善里9鄰文信路299之9號,68,6800700,6800700-010,9鄰,文信路,,,,,,299之9號,121.389985970855,25.0529215672874
桃園市龜山區樂善里9鄰文信路325號,68,6800700,6800700-010,9鄰,文信路,,,,,,325號,121.391351150384,25.0536213622904
桃園市龜山區樂善里9鄰文信路329號,68,6800700,6800700-010,9鄰,文信路,,,,,,329號,121.391723371554,25.0538279389734
桃園市龜山區樂善里9鄰文信路389號,68,6800700,6800700-010,9鄰,文信路,,,,,,389號,121.393908650447,25.0532982542918
