FULL_ADDR,COUNTY,TOWN,VILLAGE,NEIGHBORHOOD,ROAD,SECTION,LANE,ALLEY,SUB_ALLEY,TONG,NUMBER,X,Y
桃園市新屋區深圳里5鄰濱海路深圳段459號,68,6801100,6801100-018,5鄰,濱海路深圳段,,,,,,459號,121.007674604062,24.957622045372
桃園市新屋區深圳里5鄰濱海路深圳段500巷26號,68,6801100,6801100-018,5鄰,濱海路深圳段,,500巷,,,,26號,121.007317698883,24.9562223850699
桃園市新屋區深圳里5鄰濱海路深圳段500巷28號,68,6801100,6801100-018,5鄰,濱海路深圳段,,500巷,,,,28號,121.007334531685,24.9561729986982
桃園市新屋區深圳里5鄰濱海路深圳段500巷28號二樓,68,6801100,6801100-018,5鄰,濱海路深圳段,,500巷,,,,28號二樓,121.007334531685,24.9561729986982
桃園市新屋區深圳里5鄰濱海路深圳段500巷30號,68,6801100,6801100-018,5鄰,濱海路深圳段,,500巷,,,,30號,121.007355523881,24.9561235218346
桃園市新屋區深圳里5鄰濱海路深圳段500巷32號,68,6801100,6801100-018,5鄰,濱海路深圳段,,500巷,,,,32號,121.007372257621,24.956074135463
