FULL_ADDR,COUNTY,TOWN,VILLAGE,NEIGHBORHOOD,ROAD,SECTION,LANE,ALLEY,SUB_ALLEY,TONG,NUMBER,X,Y
桃園市中壢區月眉里9鄰月眉三路27號,68,6800200,6800200-047,9鄰,月眉三路,,,,,,27號,121.184029121736,25.0162194964699
桃園市中壢區月眉里9鄰月眉三路188巷33號,68,6800200,6800200-047,9鄰,月眉三路,,188巷,,,,33號,121.180759628066,25.016081310703
桃園市中壢區月眉里9鄰月眉三路188巷35號,68,6800200,6800200-047,9鄰,月眉三路,,188巷,,,,35號,121.180786657597,25.0161355381302
桃園市中壢區月眉里9鄰月眉三路188巷60號,68,6800200,6800200-047,9鄰,月眉三路,,188巷,,,,60號,121.180929814046,25.0165301730437
桃園市中壢區月眉里9鄰月眉三路238號,68,6800200,6800200-047,9鄰,月眉三路,,,,,,238號,121.180529199669,25.0151564571797
