FULL_ADDR,COUNTY,TOWN,VILLAGE,NEIGHBORHOOD,ROAD,SECTION,LANE,ALLEY,SUB_ALLEY,TONG,NUMBER,X,Y
桃園市蘆竹區坑口里19鄰源福三街8號,68,6800500,6800500-015,19鄰,源福三街,,,,,,8號,121.264076950618,25.095297244377
桃園市蘆竹區坑口里19鄰源福三街61號,68,6800500,6800500-015,19鄰,源福三街,,,,,,61號,121.263570768842,25.0938402698158
桃園市蘆竹區坑口里19鄰源福三街92號,68,6800500,6800500-015,19鄰,源福三街,,,,,,92號,121.263208128632,25.0934357276804
桃園市蘆竹區坑口里19鄰源福三街98號,68,6800500,6800500-015,19鄰,源福三街,,,,,,98號,121.26301709265,25.0934881592365
桃園市蘆竹區坑口里19鄰源福三街100號,68,6800500,6800500-015,19鄰,源福三街,,,,,,100號,121.262967781644,25.0935173174775
桃園市蘆竹區坑口里19鄰源福三街106號,68,6800500,6800500-015,19鄰,源福三街,,,,,,106號,121.262879846759,25.0936125403436
桃園市蘆竹區坑口里19鄰源福三街135巷35弄36號,68,6800500,6800500-015,19鄰,源福三街,,135巷,35弄,,,36號,121.263245234023,25.0927064534729
