FULL_ADDR,COUNTY,TOWN,VILLAGE,NEIGHBORHOOD,ROAD,SECTION,LANE,ALLEY,SUB_ALLEY,TONG,NUMBER,X,Y
桃園市新屋區槺榔里11鄰槺榔二路185巷58弄68號,68,6801100,6801100-020,11鄰,槺榔二路,,185巷,58弄,,,68號,121.060378330427,24.9705710291008
桃園市新屋區槺榔里10鄰槺榔二路276巷37號,68,6801100,6801100-020,10鄰,槺榔二路,,276巷,,,,37號,121.058420632082,24.9729374351251
桃園市新屋區槺榔里10鄰槺榔二路408之1號,68,6801100,6801100-020,10鄰,槺榔二路,,,,,,408之1號,121.056193352754,24.9720465560564
桃園市新屋區槺榔里7鄰槺榔二路515號,68,6801100,6801100-020,7鄰,槺榔二路,,,,,,515號,121.052336361239,24.9729161340744
桃園市新屋區槺榔里7鄰槺榔二路642號,68,6801100,6801100-020,7鄰,槺榔二路,,,,,,642號,121.052503207097,24.9737355843431
桃園市新屋區槺榔里7鄰槺榔二路712巷27號,68,6801100,6801100-020,7鄰,槺榔二路,,712巷,,,,27號,121.051251054421,24.9749506128554
桃園市新屋區槺榔里7鄰槺榔二路712巷80號,68,6801100,6801100-020,7鄰,槺榔二路,,712巷,,,,80號,121.051387885023,24.9752959023906
桃園市新屋區槺榔里7鄰槺榔二路727號,68,6801100,6801100-020,7鄰,槺榔二路,,,,,,727號,121.048507721662,24.9744914441543
桃園市新屋區槺榔里7鄰槺榔二路729號,68,6801100,6801100-020,7鄰,槺榔二路,,,,,,729號,121.048275499069,24.9746084375665
桃園市新屋區槺榔里7鄰槺榔二路781之1號,68,6801100,6801100-020,7鄰,槺榔二路,,,,,,781之1號,121.047216065556,24.9748366544402
桃園市新屋區槺榔里7鄰槺榔二路910號,68,6801100,6801100-020,7鄰,槺榔二路,,,,,,910號,121.048438181546,24.9747234066856
