FULL_ADDR,COUNTY,TOWN,VILLAGE,NEIGHBORHOOD,ROAD,SECTION,LANE,ALLEY,SUB_ALLEY,TONG,NUMBER,X,Y
桃園市八德區瑞興里20鄰溝後街89號,68,6800800,6800800-040,20鄰,溝後街,,,,,,89號,121.292459717389,24.9370876485637
桃園市八德區瑞興里20鄰溝後街95之1號,68,6800800,6800800-040,20鄰,溝後街,,,,,,95之1號,121.292748350071,24.9373376195057
桃園市八德區瑞興里20鄰溝後街95號,68,6800800,6800800-040,20鄰,溝後街,,,,,,95號,121.292839745414,24.9372127579941
