FULL_ADDR,COUNTY,TOWN,VILLAGE,NEIGHBORHOOD,ROAD,SECTION,LANE,ALLEY,SUB_ALLEY,TONG,NUMBER,X,Y
桃園市桃園區大有里16鄰民富十二街60號,68,6800100,6800100-057,16鄰,民富十二街,,,,,,60號,121.319894917452,25.0112086198608
桃園市桃園區大有里16鄰民富十二街62號,68,6800100,6800100-057,16鄰,民富十二街,,,,,,62號,121.319841967736,25.0111921217178
桃園市桃園區大有里16鄰民富十二街64號,68,6800100,6800100-057,16鄰,民富十二街,,,,,,64號,121.319790003652,25.0111736352151
桃園市桃園區大有里16鄰民富十二街66號,68,6800100,6800100-057,16鄰,民富十二街,,,,,,66號,121.319740915831,25.0111563161863
桃園市桃園區大有里16鄰民富十二街68號,68,6800100,6800100-057,16鄰,民富十二街,,,,,,68號,121.319686478613,25.0111392794889
