FULL_ADDR,COUNTY,TOWN,VILLAGE,NEIGHBORHOOD,ROAD,SECTION,LANE,ALLEY,SUB_ALLEY,TONG,NUMBER,X,Y
桃園市中壢區芝芭里13鄰文平路70號,68,6800200,6800200-046,13鄰,文平路,,,,,,70號,121.204275533003,25.0043115031542
桃園市中壢區芝芭里13鄰文平路70號四樓,68,6800200,6800200-046,13鄰,文平路,,,,,,70號四樓,121.204275533003,25.0043115031542
桃園市中壢區芝芭里13鄰文平路70號五樓,68,6800200,6800200-046,13鄰,文平路,,,,,,70號五樓,121.204275533003,25.0043115031542
桃園市中壢區芝芭里13鄰文平路70號六樓,68,6800200,6800200-046,13鄰,文平路,,,,,,70號六樓,121.204275533003,25.0043115031542
桃園市中壢區芝芭里13鄰文平路70號八樓,68,6800200,6800200-046,13鄰,文平路,,,,,,70號八樓,121.204275533003,25.0043115031542
桃園市中壢區芝芭里13鄰文平路70號九樓,68,6800200,6800200-046,13鄰,文平路,,,,,,70號九樓,121.204275533003,25.0043115031542
桃園市中壢區芝芭里13鄰文平路70號十一樓,68,6800200,6800200-046,13鄰,文平路,,,,,,70號十一樓,121.204275533003,25.0043115031542
桃園市中壢區芝芭里13鄰文平路70號七樓,68,6800200,6800200-046,13鄰,文平路,,,,,,70號七樓,121.204275533003,25.0043115031542
桃園市中壢區芝芭里13鄰文平路70號十樓,68,6800200,6800200-046,13鄰,文平路,,,,,,70號十樓,121.204275533003,25.0043115031542
桃園市中壢區芝芭里13鄰文平路70號二樓,68,6800200,6800200-046,13鄰,文平路,,,,,,70號二樓,121.204275533003,25.0043115031542
桃園市中壢區芝芭里13鄰文平路70號三樓,68,6800200,6800200-046,13鄰,文平路,,,,,,70號三樓,121.204275533003,25.0043115031542
桃園市中壢區芝芭里13鄰文平路70號十二樓,68,6800200,6800200-046,13鄰,文平路,,,,,,70號十二樓,121.204275533003,25.0043115031542
桃園市中壢區芝芭里13鄰文平路70號十三樓,68,6800200,6800200-046,13鄰,文平路,,,,,,70號十三樓,121.204275533003,25.0043115031542
桃園市中壢區芝芭里13鄰文平路70號十四樓,68,6800200,6800200-046,13鄰,文平路,,,,,,70號十四樓,121.204275533003,25.0043115031542
