FULL_ADDR,COUNTY,TOWN,VILLAGE,NEIGHBORHOOD,ROAD,SECTION,LANE,ALLEY,SUB_ALLEY,TONG,NUMBER,X,Y
桃園市桃園區同安里19鄰新埔二街8號,68,6800100,6800100-050,19鄰,新埔二街,,,,,,8號,121.305406500079,25.0106791452554
桃園市桃園區同安里19鄰新埔二街8號五樓,68,6800100,6800100-050,19鄰,新埔二街,,,,,,8號五樓,121.305406500079,25.0106791452554
桃園市桃園區同安里19鄰新埔二街8號二樓,68,6800100,6800100-050,19鄰,新埔二街,,,,,,8號二樓,121.305406500079,25.0106791452554
桃園市桃園區同安里19鄰新埔二街8號三樓,68,6800100,6800100-050,19鄰,新埔二街,,,,,,8號三樓,121.305406500079,25.0106791452554
桃園市桃園區同安里19鄰新埔二街8號四樓,68,6800100,6800100-050,19鄰,新埔二街,,,,,,8號四樓,121.305406500079,25.0106791452554
桃園市桃園區同安里19鄰新埔二街10號,68,6800100,6800100-050,19鄰,新埔二街,,,,,,10號,121.305371190976,25.0107439505781
