FULL_ADDR,COUNTY,TOWN,VILLAGE,NEIGHBORHOOD,ROAD,SECTION,LANE,ALLEY,SUB_ALLEY,TONG,NUMBER,X,Y
桃園市觀音區白玉里13鄰桃科六路200巷60號,68,6801200,6801200-002,13鄰,桃科六路,,200巷,,,,60號,121.083476369702,25.050192117093
桃園市觀音區白玉里11鄰桃科六路286巷6號,68,6801200,6801200-002,11鄰,桃科六路,,286巷,,,,6號,121.085522385405,25.0460631160759
