FULL_ADDR,COUNTY,TOWN,VILLAGE,NEIGHBORHOOD,ROAD,SECTION,LANE,ALLEY,SUB_ALLEY,TONG,NUMBER,X,Y
桃園市新屋區永興里2鄰永成路51號,68,6801100,6801100-015,2鄰,永成路,,,,,,51號,121.029874570494,25.0007822560375
桃園市新屋區永興里2鄰永成路75號,68,6801100,6801100-015,2鄰,永成路,,,,,,75號,121.029982448407,25.0007466625131
桃園市新屋區永興里4鄰永成路183號,68,6801100,6801100-015,4鄰,永成路,,,,,,183號,121.034008256395,24.9983216760179
桃園市新屋區永興里4鄰永成路265號,68,6801100,6801100-015,4鄰,永成路,,,,,,265號,121.034625587644,24.9977654754481
