FULL_ADDR,COUNTY,TOWN,VILLAGE,NEIGHBORHOOD,ROAD,SECTION,LANE,ALLEY,SUB_ALLEY,TONG,NUMBER,X,Y
桃園市龜山區樂善里8鄰文茂路86號,68,6800700,6800700-010,8鄰,文茂路,,,,,,86號,121.388786207093,25.0501124326092
桃園市龜山區樂善里8鄰文茂路88號,68,6800700,6800700-010,8鄰,文茂路,,,,,,88號,121.389356609316,25.0506266286441
桃園市龜山區樂善里8鄰文茂路90號,68,6800700,6800700-010,8鄰,文茂路,,,,,,90號,121.389042863661,25.0506989539303
