FULL_ADDR,COUNTY,TOWN,VILLAGE,NEIGHBORHOOD,ROAD,SECTION,LANE,ALLEY,SUB_ALLEY,TONG,NUMBER,X,Y
桃園市新屋區笨港里1鄰文源路107巷8號,68,6801100,6801100-017,1鄰,文源路,,107巷,,,,8號,121.029702275444,24.9788772392324
桃園市新屋區笨港里1鄰文源路107巷10號,68,6801100,6801100-017,1鄰,文源路,,107巷,,,,10號,121.029441171048,24.9788613108216
桃園市新屋區笨港里1鄰文源路232號,68,6801100,6801100-017,1鄰,文源路,,,,,,232號,121.031025808117,24.9780964633887
桃園市新屋區笨港里11鄰文源路267號,68,6801100,6801100-017,11鄰,文源路,,,,,,267號,121.032614841803,24.9786783657486
桃園市新屋區笨港里11鄰文源路286號,68,6801100,6801100-017,11鄰,文源路,,,,,,286號,121.03309066108,24.9782151034113
