FULL_ADDR,COUNTY,TOWN,VILLAGE,NEIGHBORHOOD,ROAD,SECTION,LANE,ALLEY,SUB_ALLEY,TONG,NUMBER,X,Y
桃園市觀音區白玉里14鄰桃科五路31號,68,6801200,6801200-002,14鄰,桃科五路,,,,,,31號,121.084106104855,25.0451026792693
桃園市觀音區白玉里14鄰桃科五路33號,68,6801200,6801200-002,14鄰,桃科五路,,,,,,33號,121.08406587653,25.0451147999884
桃園市觀音區白玉里14鄰桃科五路35號,68,6801200,6801200-002,14鄰,桃科五路,,,,,,35號,121.0840122691,25.0451270185459
桃園市觀音區白玉里14鄰桃科五路37號,68,6801200,6801200-002,14鄰,桃科五路,,,,,,37號,121.083972040758,25.0451391392396
桃園市觀音區白玉里14鄰桃科五路39號,68,6801200,6801200-002,14鄰,桃科五路,,,,,,39號,121.083927754884,25.0451597488369
桃園市觀音區白玉里14鄰桃科五路41號,68,6801200,6801200-002,14鄰,桃科五路,,,,,,41號,121.083887525725,25.0451706958263
桃園市觀音區白玉里14鄰桃科五路43號,68,6801200,6801200-002,14鄰,桃科五路,,,,,,43號,121.083839277347,25.0451938355645
桃園市觀音區白玉里14鄰桃科五路45號,68,6801200,6801200-002,14鄰,桃科五路,,,,,,45號,121.083781619686,25.0452253769325
桃園市觀音區白玉里14鄰桃科五路47號,68,6801200,6801200-002,14鄰,桃科五路,,,,,,47號,121.083750713779,25.045247242896
