FULL_ADDR,COUNTY,TOWN,VILLAGE,NEIGHBORHOOD,ROAD,SECTION,LANE,ALLEY,SUB_ALLEY,TONG,NUMBER,X,Y
桃園市大溪區仁善里7鄰新光路16號,68,6800300,6800300-017,7鄰,新光路,,,,,,16號,121.281718015189,24.9161854727184
桃園市大溪區仁善里7鄰新光路18號,68,6800300,6800300-017,7鄰,新光路,,,,,,18號,121.281900718427,24.9162495000516
桃園市大溪區仁善里7鄰新光路20號,68,6800300,6800300-017,7鄰,新光路,,,,,,20號,121.281944179668,24.91624941789
桃園市大溪區仁善里7鄰新光路22號,68,6800300,6800300-017,7鄰,新光路,,,,,,22號,121.281996922123,24.9162383937857
桃園市大溪區仁善里7鄰新光路26號,68,6800300,6800300-017,7鄰,新光路,,,,,,26號,121.282046620394,24.9162382998001
桃園市大溪區仁善里7鄰新光路28巷1號,68,6800300,6800300-017,7鄰,新光路,,28巷,,,,1號,121.282221194846,24.9161234892483
桃園市大溪區仁善里7鄰新光路28巷2號,68,6800300,6800300-017,7鄰,新光路,,28巷,,,,2號,121.281981994982,24.9161174412734
桃園市大溪區仁善里7鄰新光路28巷3號,68,6800300,6800300-017,7鄰,新光路,,28巷,,,,3號,121.28222108514,24.9160752777291
桃園市大溪區仁善里7鄰新光路28巷6號,68,6800300,6800300-017,7鄰,新光路,,28巷,,,,6號,121.281978816562,24.91606932584
桃園市大溪區仁善里7鄰新光路30號,68,6800300,6800300-017,7鄰,新光路,,,,,,30號,121.282149594717,24.9162441540472
桃園市大溪區仁善里7鄰新光路32號,68,6800300,6800300-017,7鄰,新光路,,,,,,32號,121.282193154957,24.9162440716257
桃園市大溪區仁善里7鄰新光路36號,68,6800300,6800300-017,7鄰,新光路,,,,,,36號,121.282242859599,24.9162467763708
桃園市大溪區仁善里7鄰新光路38號,68,6800300,6800300-017,7鄰,新光路,,,,,,38號,121.282292551502,24.9162438835073
桃園市平鎮區宋屋里8鄰新光路二段8巷2號,68,6801000,6801000-006,8鄰,新光路,二段,8巷,,,,2號,121.204361672485,24.933041867373
桃園市平鎮區宋屋里8鄰新光路二段8巷4號,68,6801000,6801000-006,8鄰,新光路,二段,8巷,,,,4號,121.204296778526,24.9330180310003
桃園市平鎮區宋屋里8鄰新光路二段8巷6號,68,6801000,6801000-006,8鄰,新光路,二段,8巷,,,,6號,121.204256250341,24.9329991268466
桃園市平鎮區宋屋里8鄰新光路二段8巷8號,68,6801000,6801000-006,8鄰,新光路,二段,8巷,,,,8號,121.204215127189,24.9329796817914
桃園市平鎮區宋屋里8鄰新光路二段8巷10號,68,6801000,6801000-006,8鄰,新光路,二段,8巷,,,,10號,121.204170938171,24.9329624077467
桃園市平鎮區宋屋里8鄰新光路二段8巷12號,68,6801000,6801000-006,8鄰,新光路,二段,8巷,,,,12號,121.204055694702,24.9329081241434
桃園市平鎮區宋屋里8鄰新光路二段8巷14號,68,6801000,6801000-006,8鄰,新光路,二段,8巷,,,,14號,121.204013387006,24.932890847476
桃園市平鎮區宋屋里8鄰新光路二段8巷15號,68,6801000,6801000-006,8鄰,新光路,二段,8巷,,,,15號,121.204379655618,24.93265885685
桃園市平鎮區宋屋里8鄰新光路二段8巷16號,68,6801000,6801000-006,8鄰,新光路,二段,8巷,,,,16號,121.203920479248,24.9328713829228
桃園市平鎮區宋屋里8鄰新光路二段8巷17號,68,6801000,6801000-006,8鄰,新光路,二段,8巷,,,,17號,121.203821387194,24.9324630724054
桃園市平鎮區宋屋里8鄰新光路二段8巷18號,68,6801000,6801000-006,8鄰,新光路,二段,8巷,,,,18號,121.203802518489,24.932790288411
桃園市平鎮區宋屋里8鄰新光路二段8巷20號,68,6801000,6801000-006,8鄰,新光路,二段,8巷,,,,20號,121.203714688794,24.9327277511878
桃園市平鎮區宋屋里8鄰新光路二段8巷21號,68,6801000,6801000-006,8鄰,新光路,二段,8巷,,,,21號,121.203475691696,24.9322598633744
桃園市平鎮區宋屋里8鄰新光路二段8巷69弄3號,68,6801000,6801000-006,8鄰,新光路,二段,8巷,69弄,,,3號,121.203400804828,24.9320592636257
桃園市平鎮區宋屋里8鄰新光路二段8巷69弄7號,68,6801000,6801000-006,8鄰,新光路,二段,8巷,69弄,,,7號,121.203489009331,24.9320489411163
桃園市平鎮區宋屋里8鄰新光路二段8巷69弄9號,68,6801000,6801000-006,8鄰,新光路,二段,8巷,69弄,,,9號,121.203748354649,24.9321862703737
桃園市平鎮區宋屋里8鄰新光路二段8巷70號,68,6801000,6801000-006,8鄰,新光路,二段,8巷,,,,70號,121.202793864999,24.9323109906104
桃園市平鎮區宋屋里8鄰新光路二段8巷76號,68,6801000,6801000-006,8鄰,新光路,二段,8巷,,,,76號,121.202685176108,24.9322679825543
桃園市平鎮區宋屋里8鄰新光路二段8巷78號,68,6801000,6801000-006,8鄰,新光路,二段,8巷,,,,78號,121.202595109431,24.9322295536076
桃園市平鎮區宋屋里8鄰新光路二段8巷84號,68,6801000,6801000-006,8鄰,新光路,二段,8巷,,,,84號,121.202476222252,24.9321865592586
桃園市平鎮區宋屋里8鄰新光路二段8巷86號,68,6801000,6801000-006,8鄰,新光路,二段,8巷,,,,86號,121.202443427427,24.9321736028652
桃園市平鎮區宋屋里8鄰新光路二段8巷88號,68,6801000,6801000-006,8鄰,新光路,二段,8巷,,,,88號,121.202403993227,24.9321573149614
桃園市平鎮區宋屋里8鄰新光路二段8巷90號,68,6801000,6801000-006,8鄰,新光路,二段,8巷,,,,90號,121.202351579381,24.9321356276108
桃園市平鎮區宋屋里8鄰新光路二段8巷124號,68,6801000,6801000-006,8鄰,新光路,二段,8巷,,,,124號,121.201518285402,24.9317144065823
桃園市平鎮區宋屋里8鄰新光路二段8巷126號,68,6801000,6801000-006,8鄰,新光路,二段,8巷,,,,126號,121.201481820698,24.9316973921434
桃園市平鎮區宋屋里8鄰新光路二段8巷128號,68,6801000,6801000-006,8鄰,新光路,二段,8巷,,,,128號,121.201447935637,24.9316836244439
桃園市平鎮區宋屋里8鄰新光路二段8巷130號,68,6801000,6801000-006,8鄰,新光路,二段,8巷,,,,130號,121.201399087668,24.9316625639261
桃園市平鎮區宋屋里8鄰新光路二段8巷136號,68,6801000,6801000-006,8鄰,新光路,二段,8巷,,,,136號,121.201309706853,24.9316191676325
桃園市平鎮區宋屋里7鄰新光路二段8巷137號,68,6801000,6801000-006,7鄰,新光路,二段,8巷,,,,137號,121.201158250686,24.9313355182692
桃園市平鎮區宋屋里7鄰新光路二段8巷138號,68,6801000,6801000-006,7鄰,新光路,二段,8巷,,,,138號,121.201220726991,24.9315787501252
桃園市平鎮區宋屋里7鄰新光路二段8巷143號,68,6801000,6801000-006,7鄰,新光路,二段,8巷,,,,143號,121.201072461323,24.9313085487256
桃園市平鎮區宋屋里7鄰新光路二段8巷144號,68,6801000,6801000-006,7鄰,新光路,二段,8巷,,,,144號,121.201101527752,24.9315258238193
桃園市平鎮區宋屋里7鄰新光路二段8巷146號,68,6801000,6801000-006,7鄰,新光路,二段,8巷,,,,146號,121.200908977254,24.931422707945
桃園市平鎮區宋屋里7鄰新光路二段8巷147號,68,6801000,6801000-006,7鄰,新光路,二段,8巷,,,,147號,121.200960982211,24.9312536256354
桃園市平鎮區宋屋里7鄰新光路二段8巷149號,68,6801000,6801000-006,7鄰,新光路,二段,8巷,,,,149號,121.200895393375,24.9312277121661
桃園市平鎮區宋屋里7鄰新光路二段8巷153號,68,6801000,6801000-006,7鄰,新光路,二段,8巷,,,,153號,121.200643619838,24.9311160987364
桃園市平鎮區宋屋里7鄰新光路二段8巷154號,68,6801000,6801000-006,7鄰,新光路,二段,8巷,,,,154號,121.200730124816,24.9313405193312
桃園市平鎮區宋屋里7鄰新光路二段8巷155號,68,6801000,6801000-006,7鄰,新光路,二段,8巷,,,,155號,121.20070296694,24.9311396733297
桃園市平鎮區宋屋里7鄰新光路二段8巷157號,68,6801000,6801000-006,7鄰,新光路,二段,8巷,,,,157號,121.20076587751,24.9311626111096
桃園市平鎮區宋屋里7鄰新光路二段8巷158號,68,6801000,6801000-006,7鄰,新光路,二段,8巷,,,,158號,121.200657398264,24.931309198311
桃園市平鎮區宋屋里7鄰新光路二段8巷159號,68,6801000,6801000-006,7鄰,新光路,二段,8巷,,,,159號,121.200583588143,24.9310977615301
桃園市平鎮區宋屋里7鄰新光路二段8巷160號,68,6801000,6801000-006,7鄰,新光路,二段,8巷,,,,160號,121.200569513678,24.9312723000245
桃園市平鎮區宋屋里7鄰新光路二段8巷170號,68,6801000,6801000-006,7鄰,新光路,二段,8巷,,,,170號,121.199910237653,24.9309374183066
桃園市平鎮區宋屋里7鄰新光路二段8巷171號,68,6801000,6801000-006,7鄰,新光路,二段,8巷,,,,171號,121.200301320281,24.9306192731208
桃園市平鎮區宋屋里7鄰新光路二段8巷173弄19號,68,6801000,6801000-006,7鄰,新光路,二段,8巷,173弄,,,19號,121.200612554739,24.9300304717252
桃園市平鎮區宋屋里7鄰新光路二段8巷173弄21號,68,6801000,6801000-006,7鄰,新光路,二段,8巷,173弄,,,21號,121.200893430821,24.9298336347951
桃園市平鎮區宋屋里7鄰新光路二段8巷173弄21之1號,68,6801000,6801000-006,7鄰,新光路,二段,8巷,173弄,,,21之1號,121.200953555691,24.9298487215215
桃園市平鎮區宋屋里7鄰新光路二段8巷173弄21之2號,68,6801000,6801000-006,7鄰,新光路,二段,8巷,173弄,,,21之2號,121.201047166112,24.9298757708803
桃園市平鎮區宋屋里7鄰新光路二段8巷173弄21之3號,68,6801000,6801000-006,7鄰,新光路,二段,8巷,173弄,,,21之3號,121.201097884144,24.9298904188131
桃園市平鎮區宋屋里7鄰新光路二段8巷180號,68,6801000,6801000-006,7鄰,新光路,二段,8巷,,,,180號,121.199804109279,24.9308844734232
桃園市平鎮區宋屋里7鄰新光路二段8巷182號,68,6801000,6801000-006,7鄰,新光路,二段,8巷,,,,182號,121.199760605101,24.9308612383771
桃園市平鎮區宋屋里7鄰新光路二段8巷184號,68,6801000,6801000-006,7鄰,新光路,二段,8巷,,,,184號,121.199668836181,24.9308098089859
桃園市平鎮區宋屋里7鄰新光路二段8巷188號,68,6801000,6801000-006,7鄰,新光路,二段,8巷,,,,188號,121.199487546889,24.930750464061
桃園市平鎮區宋屋里7鄰新光路二段8巷196號,68,6801000,6801000-006,7鄰,新光路,二段,8巷,,,,196號,121.199322193286,24.9306260929016
桃園市平鎮區宋屋里7鄰新光路二段8巷198號,68,6801000,6801000-006,7鄰,新光路,二段,8巷,,,,198號,121.199265514514,24.9305990833836
桃園市平鎮區宋屋里7鄰新光路二段8巷200號,68,6801000,6801000-006,7鄰,新光路,二段,8巷,,,,200號,121.199222610562,24.9305795490332
桃園市平鎮區宋屋里8鄰新光路二段16號,68,6801000,6801000-006,8鄰,新光路,二段,,,,,16號,121.20462193796,24.9328351204793
桃園市平鎮區宋屋里8鄰新光路二段16之1號,68,6801000,6801000-006,8鄰,新光路,二段,,,,,16之1號,121.20465775,24.9328162019012
桃園市平鎮區宋屋里8鄰新光路二段102巷38號,68,6801000,6801000-006,8鄰,新光路,二段,102巷,,,,38號,121.203987277166,24.9308637302361
桃園市平鎮區宋屋里8鄰新光路二段102巷66號,68,6801000,6801000-006,8鄰,新光路,二段,102巷,,,,66號,121.2037846241,24.9308798974522
桃園市平鎮區宋屋里8鄰新光路二段102巷88號,68,6801000,6801000-006,8鄰,新光路,二段,102巷,,,,88號,121.203229603184,24.9306665008219
桃園市平鎮區平南里32鄰新光路五段1號,68,6801000,6801000-046,32鄰,新光路,五段,,,,,1號,121.202606629473,24.9129773288767
桃園市平鎮區平南里32鄰新光路五段3號,68,6801000,6801000-046,32鄰,新光路,五段,,,,,3號,121.20260410305,24.9129397649219
桃園市平鎮區平南里32鄰新光路五段5號,68,6801000,6801000-046,32鄰,新光路,五段,,,,,5號,121.202601566714,24.9129021919519
桃園市平鎮區平南里32鄰新光路五段7號,68,6801000,6801000-046,32鄰,新光路,五段,,,,,7號,121.202599030379,24.9128646189816
桃園市平鎮區平南里32鄰新光路五段9號,68,6801000,6801000-046,32鄰,新光路,五段,,,,,9號,121.202596503946,24.9128270459976
桃園市平鎮區平南里32鄰新光路五段11巷1號,68,6801000,6801000-046,32鄰,新光路,五段,11巷,,,,1號,121.202715490878,24.9128394609529
桃園市平鎮區平南里32鄰新光路五段11巷2號,68,6801000,6801000-046,32鄰,新光路,五段,11巷,,,,2號,121.202722868528,24.9126893980574
桃園市平鎮區平南里32鄰新光路五段11巷3號,68,6801000,6801000-046,32鄰,新光路,五段,11巷,,,,3號,121.202758455597,24.9128390414116
桃園市平鎮區平南里32鄰新光路五段11巷5號,68,6801000,6801000-046,32鄰,新光路,五段,11巷,,,,5號,121.20279914232,24.9128379929639
桃園市平鎮區平南里32鄰新光路五段11巷6號,68,6801000,6801000-046,32鄰,新光路,五段,11巷,,,,6號,121.202766328925,24.912689429263
桃園市平鎮區平南里32鄰新光路五段11巷7號,68,6801000,6801000-046,32鄰,新光路,五段,11巷,,,,7號,121.202841011708,24.912833692654
桃園市平鎮區平南里32鄰新光路五段11巷8號,68,6801000,6801000-046,32鄰,新光路,五段,11巷,,,,8號,121.202807113859,24.9126879292571
桃園市平鎮區平南里32鄰新光路五段11巷10號,68,6801000,6801000-046,32鄰,新光路,五段,11巷,,,,10號,121.202847307312,24.9126879648814
桃園市平鎮區平南里32鄰新光路五段11巷12號,68,6801000,6801000-046,32鄰,新光路,五段,11巷,,,,12號,121.202899393998,24.9126962002067
桃園市平鎮區平南里32鄰新光路五段11巷16號,68,6801000,6801000-046,32鄰,新光路,五段,11巷,,,,16號,121.202950365239,24.9127487667294
桃園市平鎮區平南里32鄰新光路五段13號,68,6801000,6801000-046,32鄰,新光路,五段,,,,,13號,121.202591209658,24.9127313696575
桃園市平鎮區平南里32鄰新光路五段15號,68,6801000,6801000-046,32鄰,新光路,五段,,,,,15號,121.202588226511,24.9126929847324
桃園市平鎮區平南里32鄰新光路五段17號,68,6801000,6801000-046,32鄰,新光路,五段,,,,,17號,121.202585253266,24.9126545997936
桃園市平鎮區平南里32鄰新光路五段19號,68,6801000,6801000-046,32鄰,新光路,五段,,,,,19號,121.202582270138,24.9126162238964
桃園市平鎮區平南里32鄰新光路五段21號,68,6801000,6801000-046,32鄰,新光路,五段,,,,,21號,121.202604238153,24.9125497085355
桃園市平鎮區平南里32鄰新光路五段23巷1號,68,6801000,6801000-046,32鄰,新光路,五段,23巷,,,,1號,121.202710631098,24.9125311459282
桃園市平鎮區平南里32鄰新光路五段23巷2號,68,6801000,6801000-046,32鄰,新光路,五段,23巷,,,,2號,121.202714427254,24.9124309249507
桃園市平鎮區平南里32鄰新光路五段23巷3號,68,6801000,6801000-046,32鄰,新光路,五段,23巷,,,,3號,121.202772406838,24.9125316036606
桃園市平鎮區平南里32鄰新光路五段23巷5號,68,6801000,6801000-046,32鄰,新光路,五段,23巷,,,,5號,121.202831409449,24.9125313428626
桃園市平鎮區平南里32鄰新光路五段23巷6號,68,6801000,6801000-046,32鄰,新光路,五段,23巷,,,,6號,121.20277124994,24.9124294934408
桃園市平鎮區平南里32鄰新光路五段23巷7號,68,6801000,6801000-046,32鄰,新光路,五段,23巷,,,,7號,121.20289308752,24.9125326132385
桃園市平鎮區平南里32鄰新光路五段23巷8號,68,6801000,6801000-046,32鄰,新光路,五段,23巷,,,,8號,121.202834013248,24.9124285052529
桃園市平鎮區平南里32鄰新光路五段23巷9號,68,6801000,6801000-046,32鄰,新光路,五段,23巷,,,,9號,121.202957484509,24.9125014677465
桃園市平鎮區平南里32鄰新光路五段23巷10號,68,6801000,6801000-046,32鄰,新光路,五段,23巷,,,,10號,121.202892222791,24.9124276135179
桃園市平鎮區平南里32鄰新光路五段23巷12號,68,6801000,6801000-046,32鄰,新光路,五段,23巷,,,,12號,121.202957420104,24.9124621037835
桃園市平鎮區平南里32鄰新光路五段25號,68,6801000,6801000-046,32鄰,新光路,五段,,,,,25號,121.202607278884,24.9124112079494
桃園市平鎮區平南里39鄰新光路五段115號,68,6801000,6801000-046,39鄰,新光路,五段,,,,,115號,121.202736891881,24.9107905147688
桃園市平鎮區平南里39鄰新光路五段117號,68,6801000,6801000-046,39鄰,新光路,五段,,,,,117號,121.202737887153,24.9107331827322
桃園市平鎮區平南里39鄰新光路五段145號,68,6801000,6801000-046,39鄰,新光路,五段,,,,,145號,121.202707455447,24.909921295164
桃園市平鎮區平南里39鄰新光路五段147號,68,6801000,6801000-046,39鄰,新光路,五段,,,,,147號,121.20270885425,24.9098806923
桃園市平鎮區平南里39鄰新光路五段149號,68,6801000,6801000-046,39鄰,新光路,五段,,,,,149號,121.202710193536,24.909840017289
桃園市平鎮區平南里39鄰新光路五段151號,68,6801000,6801000-046,39鄰,新光路,五段,,,,,151號,121.202711532806,24.9097993332493
桃園市平鎮區平南里39鄰新光路五段153號,68,6801000,6801000-046,39鄰,新光路,五段,,,,,153號,121.20271288199,24.9097586582244
桃園市平鎮區平南里39鄰新光路五段155巷1號,68,6801000,6801000-046,39鄰,新光路,五段,155巷,,,,1號,121.202835142236,24.9097707526594
桃園市平鎮區平南里39鄰新光路五段155巷2號,68,6801000,6801000-046,39鄰,新光路,五段,155巷,,,,2號,121.202834923592,24.9096672958867
桃園市平鎮區平南里39鄰新光路五段155巷3號,68,6801000,6801000-046,39鄰,新光路,五段,155巷,,,,3號,121.202876414184,24.9097710215538
桃園市平鎮區平南里39鄰新光路五段155巷4號,68,6801000,6801000-046,39鄰,新光路,五段,155巷,,,,4號,121.202876938638,24.909667970051
桃園市平鎮區平南里39鄰新光路五段155巷5號,68,6801000,6801000-046,39鄰,新光路,五段,155巷,,,,5號,121.202917696031,24.9097712904233
桃園市平鎮區平南里39鄰新光路五段155巷6號,68,6801000,6801000-046,39鄰,新光路,五段,155巷,,,,6號,121.202918963585,24.9096686441901
桃園市平鎮區平南里39鄰新光路五段155巷7號,68,6801000,6801000-046,39鄰,新光路,五段,155巷,,,,7號,121.202958967979,24.9097715592948
桃園市平鎮區平南里39鄰新光路五段155巷8號,68,6801000,6801000-046,39鄰,新光路,五段,155巷,,,,8號,121.202960978632,24.9096693183308
桃園市平鎮區平南里39鄰新光路五段155巷9號,68,6801000,6801000-046,39鄰,新光路,五段,155巷,,,,9號,121.203000249841,24.9097718371699
桃園市平鎮區平南里39鄰新光路五段155巷10號,68,6801000,6801000-046,39鄰,新光路,五段,155巷,,,,10號,121.203003003594,24.9096700014747
桃園市平鎮區平南里39鄰新光路五段157號,68,6801000,6801000-046,39鄰,新光路,五段,,,,,157號,121.202717871455,24.9096617580598
桃園市平鎮區平南里39鄰新光路五段159號,68,6801000,6801000-046,39鄰,新光路,五段,,,,,159號,121.202720102569,24.9096216145144
桃園市平鎮區平南里39鄰新光路五段161號,68,6801000,6801000-046,39鄰,新光路,五段,,,,,161號,121.202722343582,24.9095814709552
桃園市平鎮區平南里39鄰新光路五段163號,68,6801000,6801000-046,39鄰,新光路,五段,,,,,163號,121.202724574708,24.9095413364378
桃園市平鎮區平南里39鄰新光路五段165號,68,6801000,6801000-046,39鄰,新光路,五段,,,,,165號,121.202726815717,24.9095011928781
桃園市平鎮區平南里39鄰新光路五段167巷1號,68,6801000,6801000-046,39鄰,新光路,五段,167巷,,,,1號,121.202837973298,24.909510250784
桃園市平鎮區平南里39鄰新光路五段167巷2號,68,6801000,6801000-046,39鄰,新光路,五段,167巷,,,,2號,121.202879993639,24.9094173359693
桃園市平鎮區平南里39鄰新光路五段167巷3號,68,6801000,6801000-046,39鄰,新光路,五段,167巷,,,,3號,121.202879254837,24.9095103842382
桃園市平鎮區平南里39鄰新光路五段167巷4號,68,6801000,6801000-046,39鄰,新光路,五段,167巷,,,,4號,121.202920722322,24.9094184181519
桃園市平鎮區平南里39鄰新光路五段167巷5號,68,6801000,6801000-046,39鄰,新光路,五段,167巷,,,,5號,121.202920526476,24.9095105176944
桃園市平鎮區平南里39鄰新光路五段167巷6號,68,6801000,6801000-046,39鄰,新光路,五段,167巷,,,,6號,121.202961451005,24.9094195003234
桃園市平鎮區平南里39鄰新光路五段167巷7號,68,6801000,6801000-046,39鄰,新光路,五段,167巷,,,,7號,121.20296179813,24.9095106601676
桃園市平鎮區平南里39鄰新光路五段167巷8號,68,6801000,6801000-046,39鄰,新光路,五段,167巷,,,,8號,121.203002179689,24.9094205824838
桃園市平鎮區平南里39鄰新光路五段167巷9號,68,6801000,6801000-046,39鄰,新光路,五段,167巷,,,,9號,121.203003079669,24.9095107935875
桃園市平鎮區平南里39鄰新光路五段169號,68,6801000,6801000-046,39鄰,新光路,五段,,,,,169號,121.202735028276,24.9094078094269
桃園市平鎮區平南里39鄰新光路五段171號,68,6801000,6801000-046,39鄰,新光路,五段,,,,,171號,121.202736819197,24.9093527334122
桃園市平鎮區平南里39鄰新光路五段173號,68,6801000,6801000-046,39鄰,新光路,五段,,,,,173號,121.202741877413,24.9092979238099
桃園市平鎮區平南里39鄰新光路五段175號,68,6801000,6801000-046,39鄰,新光路,五段,,,,,175號,121.2027514763,24.9092169074557
桃園市平鎮區平南里39鄰新光路五段177號,68,6801000,6801000-046,39鄰,新光路,五段,,,,,177號,121.202753260115,24.9091696049498
桃園市平鎮區平南里39鄰新光路五段179號,68,6801000,6801000-046,39鄰,新光路,五段,,,,,179號,121.20275504393,24.9091223024436
桃園市平鎮區平南里39鄰新光路五段185號,68,6801000,6801000-046,39鄰,新光路,五段,,,,,185號,121.202797657376,24.9090228412106
桃園市平鎮區平南里39鄰新光路五段189號,68,6801000,6801000-046,39鄰,新光路,五段,,,,,189號,121.202770276502,24.9089267253752
桃園市平鎮區平安里30鄰新光路三段1號,68,6801000,6801000-045,30鄰,新光路,三段,,,,,1號,121.206127676868,24.9282057953953
桃園市平鎮區平安里30鄰新光路三段129號,68,6801000,6801000-045,30鄰,新光路,三段,,,,,129號,121.206082352046,24.9273853541286
桃園市平鎮區平安里30鄰新光路三段135巷1號,68,6801000,6801000-045,30鄰,新光路,三段,135巷,,,,1號,121.206242956123,24.9267364391087
桃園市平鎮區平安里30鄰新光路三段135巷2弄1號,68,6801000,6801000-045,30鄰,新光路,三段,135巷,2弄,,,1號,121.206348623779,24.9265131100107
桃園市平鎮區平安里30鄰新光路三段135巷2弄2號,68,6801000,6801000-045,30鄰,新光路,三段,135巷,2弄,,,2號,121.206306277259,24.926649859103
桃園市平鎮區平安里30鄰新光路三段135巷2弄3號,68,6801000,6801000-045,30鄰,新光路,三段,135巷,2弄,,,3號,121.206310488218,24.9265029606591
桃園市平鎮區平安里30鄰新光路三段135巷3弄1號,68,6801000,6801000-045,30鄰,新光路,三段,135巷,3弄,,,1號,121.206481609821,24.9268200731944
桃園市平鎮區平安里30鄰新光路三段135巷3弄2號,68,6801000,6801000-045,30鄰,新光路,三段,135巷,3弄,,,2號,121.20652769559,24.9268478169328
桃園市平鎮區平安里30鄰新光路三段135巷3弄3號,68,6801000,6801000-045,30鄰,新光路,三段,135巷,3弄,,,3號,121.206576044005,24.9268667999414
桃園市平鎮區平安里30鄰新光路三段135巷3弄5號,68,6801000,6801000-045,30鄰,新光路,三段,135巷,3弄,,,5號,121.20661676057,24.9268809181574
桃園市平鎮區平安里30鄰新光路三段135巷3弄6號,68,6801000,6801000-045,30鄰,新光路,三段,135巷,3弄,,,6號,121.20666074687,24.9268964763791
桃園市平鎮區平安里30鄰新光路三段135巷3弄7號,68,6801000,6801000-045,30鄰,新光路,三段,135巷,3弄,,,7號,121.206713842065,24.9269120219579
桃園市平鎮區平安里30鄰新光路三段135巷5弄1號,68,6801000,6801000-045,30鄰,新光路,三段,135巷,5弄,,,1號,121.206400889123,24.9266844876161
桃園市平鎮區平安里30鄰新光路三段135巷5弄2號,68,6801000,6801000-045,30鄰,新光路,三段,135巷,5弄,,,2號,121.206448981098,24.9265495362287
桃園市平鎮區平安里30鄰新光路三段135巷5弄3號,68,6801000,6801000-045,30鄰,新光路,三段,135巷,5弄,,,3號,121.206444872169,24.9266981499359
桃園市平鎮區平安里30鄰新光路三段135巷5弄5號,68,6801000,6801000-045,30鄰,新光路,三段,135巷,5弄,,,5號,121.206487267764,24.9267098281859
桃園市平鎮區平安里30鄰新光路三段135巷5弄6號,68,6801000,6801000-045,30鄰,新光路,三段,135巷,5弄,,,6號,121.206493551841,24.9265594057786
桃園市平鎮區平安里30鄰新光路三段135巷5弄7號,68,6801000,6801000-045,30鄰,新光路,三段,135巷,5弄,,,7號,121.206525305296,24.9267205193334
桃園市平鎮區平安里30鄰新光路三段135巷5弄8號,68,6801000,6801000-045,30鄰,新光路,三段,135巷,5弄,,,8號,121.206530112911,24.9265753354618
桃園市平鎮區平安里30鄰新光路三段135巷5弄9號,68,6801000,6801000-045,30鄰,新光路,三段,135巷,5弄,,,9號,121.20655562837,24.9267361867981
桃園市平鎮區平安里30鄰新光路三段135巷5弄10號,68,6801000,6801000-045,30鄰,新光路,三段,135巷,5弄,,,10號,121.206572016584,24.9265889103407
桃園市平鎮區平安里30鄰新光路三段135巷5弄11號,68,6801000,6801000-045,30鄰,新光路,三段,135巷,5弄,,,11號,121.206604367818,24.9267521898731
桃園市平鎮區平安里30鄰新光路三段135巷5弄12號,68,6801000,6801000-045,30鄰,新光路,三段,135巷,5弄,,,12號,121.206615302185,24.926599955331
桃園市平鎮區平安里30鄰新光路三段135巷5弄13號,68,6801000,6801000-045,30鄰,新光路,三段,135巷,5弄,,,13號,121.206632703044,24.9267632555757
桃園市平鎮區平安里30鄰新光路三段135巷5弄14號,68,6801000,6801000-045,30鄰,新光路,三段,135巷,5弄,,,14號,121.206657298564,24.9266097381151
桃園市平鎮區平安里30鄰新光路三段135巷5弄15號,68,6801000,6801000-045,30鄰,新光路,三段,135巷,5弄,,,15號,121.206678663924,24.9267754705354
桃園市平鎮區平安里30鄰新光路三段135巷5弄16號,68,6801000,6801000-045,30鄰,新光路,三段,135巷,5弄,,,16號,121.206696530967,24.9266244903579
桃園市平鎮區平安里30鄰新光路三段135巷5弄17號,68,6801000,6801000-045,30鄰,新光路,三段,135巷,5弄,,,17號,121.206727397231,24.9267877719209
桃園市平鎮區平安里30鄰新光路三段135巷5弄18號,68,6801000,6801000-045,30鄰,新光路,三段,135巷,5弄,,,18號,121.206724855783,24.9266293264387
桃園市平鎮區平安里30鄰新光路三段135巷5弄19號,68,6801000,6801000-045,30鄰,新光路,三段,135巷,5弄,,,19號,121.206774756763,24.926807478511
桃園市平鎮區平安里30鄰新光路三段135巷5弄20號,68,6801000,6801000-045,30鄰,新光路,三段,135巷,5弄,,,20號,121.206768147585,24.9266440730336
桃園市平鎮區平安里30鄰新光路三段135巷5弄22號,68,6801000,6801000-045,30鄰,新光路,三段,135巷,5弄,,,22號,121.206811431113,24.9266538539889
桃園市平鎮區平安里30鄰新光路三段135巷5弄24號,68,6801000,6801000-045,30鄰,新光路,三段,135巷,5弄,,,24號,121.206854821943,24.9266686004212
桃園市平鎮區平安里30鄰新光路三段135巷5弄26號,68,6801000,6801000-045,30鄰,新光路,三段,135巷,5弄,,,26號,121.206898109706,24.9266809093067
桃園市平鎮區平安里30鄰新光路三段135巷6弄1號,68,6801000,6801000-045,30鄰,新光路,三段,135巷,6弄,,,1號,121.206419670485,24.926309420474
桃園市平鎮區平安里30鄰新光路三段135巷6弄2號,68,6801000,6801000-045,30鄰,新光路,三段,135巷,6弄,,,2號,121.206384870265,24.9263995724242
桃園市平鎮區平安里30鄰新光路三段135巷6弄6號,68,6801000,6801000-045,30鄰,新光路,三段,135巷,6弄,,,6號,121.206347034468,24.9263910477847
桃園市平鎮區平安里30鄰新光路三段135巷7弄1號,68,6801000,6801000-045,30鄰,新光路,三段,135巷,7弄,,,1號,121.206485028281,24.9264352766201
桃園市平鎮區平安里30鄰新光路三段135巷7弄2號,68,6801000,6801000-045,30鄰,新光路,三段,135巷,7弄,,,2號,121.206535013878,24.9263079064633
桃園市平鎮區平安里30鄰新光路三段135巷7弄3號,68,6801000,6801000-045,30鄰,新光路,三段,135巷,7弄,,,3號,121.206536512786,24.9264350247358
桃園市平鎮區平安里30鄰新光路三段135巷7弄5號,68,6801000,6801000-045,30鄰,新光路,三段,135巷,7弄,,,5號,121.20657573895,24.9264460753619
桃園市平鎮區平安里30鄰新光路三段135巷7弄6號,68,6801000,6801000-045,30鄰,新光路,三段,135巷,7弄,,,6號,121.206578299377,24.9263189514654
桃園市平鎮區平安里30鄰新光路三段135巷7弄7號,68,6801000,6801000-045,30鄰,新光路,三段,135巷,7弄,,,7號,121.206613680108,24.9264583917392
桃園市平鎮區平安里30鄰新光路三段135巷7弄8號,68,6801000,6801000-045,30鄰,新光路,三段,135巷,7弄,,,8號,121.206617525508,24.9263300020809
桃園市平鎮區平安里30鄰新光路三段135巷7弄9號,68,6801000,6801000-045,30鄰,新光路,三段,135巷,7弄,,,9號,121.206644715456,24.9264856145946
桃園市平鎮區平安里30鄰新光路三段135巷7弄10號,68,6801000,6801000-045,30鄰,新光路,三段,135巷,7弄,,,10號,121.206659523903,24.9263410488432
桃園市平鎮區平安里30鄰新光路三段135巷7弄11號,68,6801000,6801000-045,30鄰,新光路,三段,135巷,7弄,,,11號,121.206686711799,24.9264953973709
桃園市平鎮區平安里30鄰新光路三段135巷7弄12號,68,6801000,6801000-045,30鄰,新光路,三段,135巷,7弄,,,12號,121.206690540566,24.9263570764575
桃園市平鎮區平安里30鄰新光路三段135巷7弄13號,68,6801000,6801000-045,30鄰,新光路,三段,135巷,7弄,,,13號,121.206724551865,24.9265064498792
桃園市平鎮區平安里30鄰新光路三段135巷7弄14號,68,6801000,6801000-045,30鄰,新光路,三段,135巷,7弄,,,14號,121.206729863621,24.9263668629282
桃園市平鎮區平安里30鄰新光路三段135巷7弄15號,68,6801000,6801000-045,30鄰,新光路,三段,135巷,7弄,,,15號,121.20676655033,24.9265174966106
桃園市平鎮區平安里30鄰新光路三段135巷7弄16號,68,6801000,6801000-045,30鄰,新光路,三段,135巷,7弄,,,16號,121.206770473951,24.9263767378874
桃園市平鎮區平安里30鄰新光路三段135巷7弄17號,68,6801000,6801000-045,30鄰,新光路,三段,135巷,7弄,,,17號,121.206808561302,24.9265360369126
桃園市平鎮區平安里30鄰新光路三段135巷7弄18號,68,6801000,6801000-045,30鄰,新光路,三段,135巷,7弄,,,18號,121.206813763562,24.9263902204923
桃園市平鎮區平安里30鄰新光路三段135巷7弄19號,68,6801000,6801000-045,30鄰,新光路,三段,135巷,7弄,,,19號,121.206850462733,24.9265482574512
桃園市平鎮區平安里30鄰新光路三段135巷7弄20號,68,6801000,6801000-045,30鄰,新光路,三段,135巷,7弄,,,20號,121.206847560801,24.926411209855
桃園市平鎮區平安里30鄰新光路三段135巷7弄21號,68,6801000,6801000-045,30鄰,新光路,三段,135巷,7弄,,,21號,121.20688968896,24.9265593079941
桃園市平鎮區平安里30鄰新光路三段135巷7弄22號,68,6801000,6801000-045,30鄰,新光路,三段,135巷,7弄,,,22號,121.206884115694,24.9264234378024
桃園市平鎮區平安里30鄰新光路三段135巷7弄23號,68,6801000,6801000-045,30鄰,新光路,三段,135巷,7弄,,,23號,121.206929014204,24.9265703583892
桃園市平鎮區平安里30鄰新光路三段135巷7弄24號,68,6801000,6801000-045,30鄰,新光路,三段,135巷,7弄,,,24號,121.206926013176,24.9264333109329
桃園市平鎮區平安里30鄰新光路三段135巷7弄25號,68,6801000,6801000-045,30鄰,新光路,三段,135巷,7弄,,,25號,121.206983112501,24.9265937572181
桃園市平鎮區平安里30鄰新光路三段135巷7弄26號,68,6801000,6801000-045,30鄰,新光路,三段,135巷,7弄,,,26號,121.206970682772,24.9264430899187
桃園市平鎮區平安里6鄰新光路三段153巷23之1號,68,6801000,6801000-045,6鄰,新光路,三段,153巷,,,,23之1號,121.206889916701,24.9258652016765
桃園市平鎮區平安里6鄰新光路三段157之1號,68,6801000,6801000-045,6鄰,新光路,三段,,,,,157之1號,121.206286156067,24.9253869895418
桃園市平鎮區平安里6鄰新光路三段163號,68,6801000,6801000-045,6鄰,新光路,三段,,,,,163號,121.206376818466,24.9251313593518
桃園市平鎮區平安里6鄰新光路三段167號,68,6801000,6801000-045,6鄰,新光路,三段,,,,,167號,121.206399357326,24.9249318900097
桃園市平鎮區平安里6鄰新光路三段169號,68,6801000,6801000-045,6鄰,新光路,三段,,,,,169號,121.206332819101,24.9248695956179
桃園市平鎮區平安里6鄰新光路三段171巷1號,68,6801000,6801000-045,6鄰,新光路,三段,171巷,,,,1號,121.206479792889,24.924837521766
桃園市平鎮區平安里6鄰新光路三段171巷1號二樓,68,6801000,6801000-045,6鄰,新光路,三段,171巷,,,,1號二樓,121.206479792889,24.924837521766
桃園市平鎮區平安里6鄰新光路三段171巷1號三樓,68,6801000,6801000-045,6鄰,新光路,三段,171巷,,,,1號三樓,121.206479792889,24.924837521766
桃園市平鎮區平安里6鄰新光路三段171巷1號四樓,68,6801000,6801000-045,6鄰,新光路,三段,171巷,,,,1號四樓,121.206479792889,24.924837521766
桃園市平鎮區平安里6鄰新光路三段171巷2號,68,6801000,6801000-045,6鄰,新光路,三段,171巷,,,,2號,121.206503769074,24.9246689276618
桃園市平鎮區平安里6鄰新光路三段171巷5號,68,6801000,6801000-045,6鄰,新光路,三段,171巷,,,,5號,121.206734815894,24.925002388734
桃園市平鎮區平安里6鄰新光路三段171巷7號,68,6801000,6801000-045,6鄰,新光路,三段,171巷,,,,7號,121.206823232029,24.9250627566244
桃園市平鎮區平安里6鄰新光路三段171巷9號,68,6801000,6801000-045,6鄰,新光路,三段,171巷,,,,9號,121.20684559423,24.9251732336492
桃園市平鎮區平安里6鄰新光路三段171巷15號,68,6801000,6801000-045,6鄰,新光路,三段,171巷,,,,15號,121.207020218753,24.9252760057206
桃園市平鎮區平安里6鄰新光路三段171巷17號,68,6801000,6801000-045,6鄰,新光路,三段,171巷,,,,17號,121.207122202443,24.9252789337436
桃園市平鎮區平安里6鄰新光路三段171巷19號,68,6801000,6801000-045,6鄰,新光路,三段,171巷,,,,19號,121.207210149742,24.9252955141424
桃園市平鎮區平安里6鄰新光路三段171巷21號,68,6801000,6801000-045,6鄰,新光路,三段,171巷,,,,21號,121.207313182114,24.9253334709044
桃園市平鎮區平安里6鄰新光路三段171巷25號,68,6801000,6801000-045,6鄰,新光路,三段,171巷,,,,25號,121.207443136832,24.9258399658866
桃園市平鎮區平安里6鄰新光路三段171巷29號,68,6801000,6801000-045,6鄰,新光路,三段,171巷,,,,29號,121.2075885477,24.9262339449126
桃園市平鎮區平安里6鄰新光路三段171巷88號,68,6801000,6801000-045,6鄰,新光路,三段,171巷,,,,88號,121.207977559409,24.9255872377278
桃園市平鎮區平安里6鄰新光路三段173號,68,6801000,6801000-045,6鄰,新光路,三段,,,,,173號,121.206343109868,24.9246874778242
桃園市平鎮區平安里6鄰新光路三段177號,68,6801000,6801000-045,6鄰,新光路,三段,,,,,177號,121.206281046231,24.9246366433275
桃園市平鎮區平安里6鄰新光路三段179號,68,6801000,6801000-045,6鄰,新光路,三段,,,,,179號,121.206292817501,24.924570719457
桃園市平鎮區平安里6鄰新光路三段181號,68,6801000,6801000-045,6鄰,新光路,三段,,,,,181號,121.206281076301,24.9245357053699
桃園市平鎮區平安里6鄰新光路三段183號,68,6801000,6801000-045,6鄰,新光路,三段,,,,,183號,121.206270418634,24.9244973492611
桃園市平鎮區平安里6鄰新光路三段185號,68,6801000,6801000-045,6鄰,新光路,三段,,,,,185號,121.206260036668,24.9244461723905
桃園市平鎮區平安里6鄰新光路三段187號,68,6801000,6801000-045,6鄰,新光路,三段,,,,,187號,121.206257181843,24.92439651994
桃園市平鎮區平安里6鄰新光路三段233號,68,6801000,6801000-045,6鄰,新光路,三段,,,,,233號,121.206051324614,24.9233122184319
桃園市平鎮區平安里6鄰新光路三段245號,68,6801000,6801000-045,6鄰,新光路,三段,,,,,245號,121.206198696011,24.9229249655606
桃園市平鎮區平安里6鄰新光路三段247號,68,6801000,6801000-045,6鄰,新光路,三段,,,,,247號,121.2061715813,24.9228137726972
桃園市平鎮區平安里6鄰新光路三段249號,68,6801000,6801000-045,6鄰,新光路,三段,,,,,249號,121.206033773598,24.922759882843
桃園市平鎮區平安里6鄰新光路三段251號,68,6801000,6801000-045,6鄰,新光路,三段,,,,,251號,121.206015579236,24.9227140435161
桃園市平鎮區平安里6鄰新光路三段263號,68,6801000,6801000-045,6鄰,新光路,三段,,,,,263號,121.205950136868,24.9226549976518
桃園市平鎮區平安里34鄰新光路三段273巷1號,68,6801000,6801000-045,34鄰,新光路,三段,273巷,,,,1號,121.206481546346,24.9222639632815
桃園市平鎮區平安里34鄰新光路三段273巷2號,68,6801000,6801000-045,34鄰,新光路,三段,273巷,,,,2號,121.206273328503,24.9222591955547
桃園市平鎮區平安里34鄰新光路三段273巷3號,68,6801000,6801000-045,34鄰,新光路,三段,273巷,,,,3號,121.206469483342,24.9222139624346
桃園市平鎮區平安里34鄰新光路三段273巷5號,68,6801000,6801000-045,34鄰,新光路,三段,273巷,,,,5號,121.206459211171,24.9221691956013
桃園市平鎮區平安里34鄰新光路三段273巷6號,68,6801000,6801000-045,34鄰,新光路,三段,273巷,,,,6號,121.206256029686,24.9222160635469
桃園市平鎮區平安里34鄰新光路三段273巷7號,68,6801000,6801000-045,34鄰,新光路,三段,273巷,,,,7號,121.206443799426,24.9221296723777
桃園市平鎮區平安里34鄰新光路三段273巷8號,68,6801000,6801000-045,34鄰,新光路,三段,273巷,,,,8號,121.206237954603,24.9221824124716
桃園市平鎮區平安里34鄰新光路三段273巷9號,68,6801000,6801000-045,34鄰,新光路,三段,273巷,,,,9號,121.206430970258,24.9220952015027
桃園市平鎮區平安里34鄰新光路三段273巷10號,68,6801000,6801000-045,34鄰,新光路,三段,273巷,,,,10號,121.206220663017,24.9221436140999
桃園市平鎮區平安里34鄰新光路三段273巷11號,68,6801000,6801000-045,34鄰,新光路,三段,273巷,,,,11號,121.205903184343,24.9215080895696
桃園市平鎮區平安里34鄰新光路三段273巷12號,68,6801000,6801000-045,34鄰,新光路,三段,273巷,,,,12號,121.206176862512,24.9221196590244
桃園市平鎮區平安里34鄰新光路三段273巷13號,68,6801000,6801000-045,34鄰,新光路,三段,273巷,,,,13號,121.205878025819,24.9214417652748
桃園市平鎮區平安里34鄰新光路三段273巷15號,68,6801000,6801000-045,34鄰,新光路,三段,273巷,,,,15號,121.205858070602,24.9214085681669
桃園市平鎮區平安里34鄰新光路三段273巷16號,68,6801000,6801000-045,34鄰,新光路,三段,273巷,,,,16號,121.206156514985,24.922088809897
桃園市平鎮區平安里34鄰新光路三段273巷17號,68,6801000,6801000-045,34鄰,新光路,三段,273巷,,,,17號,121.205838209006,24.9213721206883
桃園市平鎮區平安里34鄰新光路三段273巷18號,68,6801000,6801000-045,34鄰,新光路,三段,273巷,,,,18號,121.206141499369,24.9220492860935
桃園市平鎮區平安里34鄰新光路三段273巷19號,68,6801000,6801000-045,34鄰,新光路,三段,273巷,,,,19號,121.205811294977,24.9213217791434
桃園市平鎮區平安里34鄰新光路三段273巷20號,68,6801000,6801000-045,34鄰,新光路,三段,273巷,,,,20號,121.20612203571,24.9220141020881
桃園市平鎮區平安里34鄰新光路三段273巷22號,68,6801000,6801000-045,34鄰,新光路,三段,273巷,,,,22號,121.206106621991,24.9219733148494
桃園市平鎮區平安里34鄰新光路三段273巷26號,68,6801000,6801000-045,34鄰,新光路,三段,273巷,,,,26號,121.206085475257,24.9219381331653
桃園市平鎮區平安里34鄰新光路三段273巷28號,68,6801000,6801000-045,34鄰,新光路,三段,273巷,,,,28號,121.206053444519,24.9219069390327
桃園市平鎮區平安里34鄰新光路三段273巷30號,68,6801000,6801000-045,34鄰,新光路,三段,273巷,,,,30號,121.20602041249,24.9218689749469
桃園市平鎮區平安里34鄰新光路三段273巷32號,68,6801000,6801000-045,34鄰,新光路,三段,273巷,,,,32號,121.205998879076,24.9218393914166
桃園市平鎮區平安里34鄰新光路三段273巷36號,68,6801000,6801000-045,34鄰,新光路,三段,273巷,,,,36號,121.205974667724,24.9218069224817
桃園市平鎮區平安里34鄰新光路三段273巷38號,68,6801000,6801000-045,34鄰,新光路,三段,273巷,,,,38號,121.205939169305,24.9217741982792
桃園市平鎮區平安里34鄰新光路三段273巷40號,68,6801000,6801000-045,34鄰,新光路,三段,273巷,,,,40號,121.205919312423,24.9217406399078
桃園市平鎮區平安里34鄰新光路三段273巷42號,68,6801000,6801000-045,34鄰,新光路,三段,273巷,,,,42號,121.20589163592,24.9217081757443
桃園市平鎮區平安里34鄰新光路三段273巷46號,68,6801000,6801000-045,34鄰,新光路,三段,273巷,,,,46號,121.205864348407,24.9216714676715
桃園市平鎮區平安里34鄰新光路三段273巷48號,68,6801000,6801000-045,34鄰,新光路,三段,273巷,,,,48號,121.205847262366,24.9216370929047
桃園市平鎮區平安里34鄰新光路三段273巷50號,68,6801000,6801000-045,34鄰,新光路,三段,273巷,,,,50號,121.205819580809,24.9216015590645
桃園市平鎮區平安里34鄰新光路三段273巷52號,68,6801000,6801000-045,34鄰,新光路,三段,273巷,,,,52號,121.205796653473,24.9215671923544
桃園市平鎮區平安里34鄰新光路三段273巷56號,68,6801000,6801000-045,34鄰,新光路,三段,273巷,,,,56號,121.205776793967,24.9215320088472
桃園市平鎮區平安里34鄰新光路三段273巷58號,68,6801000,6801000-045,34鄰,新光路,三段,273巷,,,,58號,121.2057600953,24.9214923970397
桃園市平鎮區平安里34鄰新光路三段273巷60號,68,6801000,6801000-045,34鄰,新光路,三段,273巷,,,,60號,121.205734094344,24.9214553260286
桃園市平鎮區平安里34鄰新光路三段273巷62號,68,6801000,6801000-045,34鄰,新光路,三段,273巷,,,,62號,121.205722155293,24.9214201315848
桃園市平鎮區平安里34鄰新光路三段273巷66號,68,6801000,6801000-045,34鄰,新光路,三段,273巷,,,,66號,121.205701908348,24.9213900948121
桃園市平鎮區平安里34鄰新光路三段273巷68號,68,6801000,6801000-045,34鄰,新光路,三段,273巷,,,,68號,121.205684704665,24.9213444346369
桃園市平鎮區平安里6鄰新光路三段281號,68,6801000,6801000-045,6鄰,新光路,三段,,,,,281號,121.20577409594,24.9222925683187
桃園市平鎮區平安里6鄰新光路三段283號,68,6801000,6801000-045,6鄰,新光路,三段,,,,,283號,121.205761340027,24.9222424780851
桃園市平鎮區平安里6鄰新光路三段285號,68,6801000,6801000-045,6鄰,新光路,三段,,,,,285號,121.205745335807,24.9222037681658
桃園市平鎮區平安里6鄰新光路三段287號,68,6801000,6801000-045,6鄰,新光路,三段,,,,,287號,121.205811842969,24.922129101471
桃園市平鎮區平安里6鄰新光路三段289號,68,6801000,6801000-045,6鄰,新光路,三段,,,,,289號,121.205732231949,24.9220633037314
桃園市平鎮區平安里6鄰新光路三段291號,68,6801000,6801000-045,6鄰,新光路,三段,,,,,291號,121.205692019592,24.9219940207955
桃園市平鎮區平安里6鄰新光路三段317號,68,6801000,6801000-045,6鄰,新光路,三段,,,,,317號,121.205534336097,24.9217152594517
桃園市平鎮區平安里6鄰新光路三段319號,68,6801000,6801000-045,6鄰,新光路,三段,,,,,319號,121.205458219194,24.9215471645179
桃園市平鎮區平安里6鄰新光路三段323號,68,6801000,6801000-045,6鄰,新光路,三段,,,,,323號,121.205434719589,24.9214063532296
桃園市平鎮區平安里6鄰新光路三段327號,68,6801000,6801000-045,6鄰,新光路,三段,,,,,327號,121.205360617675,24.9211993428824
桃園市平鎮區平安里6鄰新光路三段329號,68,6801000,6801000-045,6鄰,新光路,三段,,,,,329號,121.205148214254,24.9210572567554
桃園市平鎮區平安里6鄰新光路三段345號,68,6801000,6801000-045,6鄰,新光路,三段,,,,,345號,121.204955791728,24.9209638061548
桃園市平鎮區平鎮里5鄰新光路三段安居巷11號,68,6801000,6801000-012,5鄰,新光路,三段,安居巷,,,,11號,121.205772682953,24.9250801003191
桃園市平鎮區平鎮里5鄰新光路三段安居巷13號,68,6801000,6801000-012,5鄰,新光路,三段,安居巷,,,,13號,121.205724913375,24.9250514558163
桃園市平鎮區平鎮里5鄰新光路三段安居巷15號,68,6801000,6801000-012,5鄰,新光路,三段,安居巷,,,,15號,121.205673971366,24.9250202877125
桃園市平鎮區平鎮里6鄰新光路三段安居巷16號,68,6801000,6801000-012,6鄰,新光路,三段,安居巷,,,,16號,121.205407466909,24.925394522644
桃園市平鎮區平鎮里5鄰新光路三段安居巷17號,68,6801000,6801000-012,5鄰,新光路,三段,安居巷,,,,17號,121.205624616807,24.9249911036575
桃園市平鎮區平鎮里7鄰新光路三段安居巷18弄37號,68,6801000,6801000-012,7鄰,新光路,三段,安居巷,18弄,,,37號,121.204543455827,24.925357159105
桃園市平鎮區平鎮里7鄰新光路三段安居巷18弄39號,68,6801000,6801000-012,7鄰,新光路,三段,安居巷,18弄,,,39號,121.204469384878,24.9252895474387
桃園市平鎮區平鎮里7鄰新光路三段安居巷18弄81之1號,68,6801000,6801000-012,7鄰,新光路,三段,安居巷,18弄,,,81之1號,121.204015847429,24.9253021765715
桃園市平鎮區平鎮里7鄰新光路三段安居巷18弄81號,68,6801000,6801000-012,7鄰,新光路,三段,安居巷,18弄,,,81號,121.204045385416,24.9254427991816
桃園市平鎮區平鎮里5鄰新光路三段安居巷19號,68,6801000,6801000-012,5鄰,新光路,三段,安居巷,,,,19號,121.205572585609,24.9249598467364
桃園市平鎮區平鎮里6鄰新光路三段安居巷20號,68,6801000,6801000-012,6鄰,新光路,三段,安居巷,,,,20號,121.205404908438,24.9250454868451
桃園市平鎮區平鎮里5鄰新光路三段安居巷21號,68,6801000,6801000-012,5鄰,新光路,三段,安居巷,,,,21號,121.205528583219,24.9249340860749
桃園市平鎮區平鎮里6鄰新光路三段安居巷22號,68,6801000,6801000-012,6鄰,新光路,三段,安居巷,,,,22號,121.205353967259,24.9250147700521
桃園市平鎮區平鎮里5鄰新光路三段安居巷23號,68,6801000,6801000-012,5鄰,新光路,三段,安居巷,,,,23號,121.205491021159,24.9249112056234
桃園市平鎮區平鎮里6鄰新光路三段安居巷24號,68,6801000,6801000-012,6鄰,新光路,三段,安居巷,,,,24號,121.20531590867,24.924990987397
桃園市平鎮區平鎮里5鄰新光路三段安居巷25號,68,6801000,6801000-012,5鄰,新光路,三段,安居巷,,,,25號,121.20545217096,24.9248876949469
桃園市平鎮區平鎮里6鄰新光路三段安居巷26號,68,6801000,6801000-012,6鄰,新光路,三段,安居巷,,,,26號,121.205278842418,24.9249685576311
桃園市平鎮區平鎮里5鄰新光路三段安居巷27號,68,6801000,6801000-012,5鄰,新光路,三段,安居巷,,,,27號,121.20541084423,24.9248633751128
桃園市平鎮區平鎮里6鄰新光路三段安居巷28號,68,6801000,6801000-012,6鄰,新光路,三段,安居巷,,,,28號,121.205240289565,24.9249452270587
桃園市平鎮區平鎮里5鄰新光路三段安居巷29號,68,6801000,6801000-012,5鄰,新光路,三段,安居巷,,,,29號,121.205373877157,24.9248410355178
桃園市平鎮區平鎮里6鄰新光路三段安居巷30號,68,6801000,6801000-012,6鄰,新光路,三段,安居巷,,,,30號,121.205200051945,24.924920905667
桃園市平鎮區平鎮里5鄰新光路三段安居巷31號,68,6801000,6801000-012,5鄰,新光路,三段,安居巷,,,,31號,121.205334729381,24.9248171640826
桃園市平鎮區平鎮里6鄰新光路三段安居巷32號,68,6801000,6801000-012,6鄰,新光路,三段,安居巷,,,,32號,121.205161398469,24.9248965820844
桃園市平鎮區平鎮里5鄰新光路三段安居巷33號,68,6801000,6801000-012,5鄰,新光路,三段,安居巷,,,,33號,121.205296078304,24.9247942850811
桃園市平鎮區平鎮里6鄰新光路三段安居巷34號,68,6801000,6801000-012,6鄰,新光路,三段,安居巷,,,,34號,121.2051233407,24.9248732508001
桃園市平鎮區平鎮里5鄰新光路三段安居巷35號,68,6801000,6801000-012,5鄰,新光路,三段,安居巷,,,,35號,121.205256931454,24.9247709553301
桃園市平鎮區平鎮里6鄰新光路三段安居巷36弄11衖10號,68,6801000,6801000-012,6鄰,新光路,三段,安居巷,36弄,,,11衖10號,121.204450755645,24.9247997803199
桃園市平鎮區平鎮里6鄰新光路三段安居巷36弄11衖12號,68,6801000,6801000-012,6鄰,新光路,三段,安居巷,36弄,,,11衖12號,121.204412103097,24.9247759079623
桃園市平鎮區平鎮里6鄰新光路三段安居巷36弄11衖13號,68,6801000,6801000-012,6鄰,新光路,三段,安居巷,36弄,,,11衖13號,121.20445238011,24.9246441278446
桃園市平鎮區平鎮里6鄰新光路三段安居巷36弄11衖14號,68,6801000,6801000-012,6鄰,新光路,三段,安居巷,36弄,,,11衖14號,121.204374043867,24.9247515833594
桃園市平鎮區平鎮里6鄰新光路三段安居巷36弄11衖17號,68,6801000,6801000-012,6鄰,新光路,三段,安居巷,36弄,,,11衖17號,121.204375076019,24.9245969248234
桃園市平鎮區平鎮里6鄰新光路三段安居巷36弄11衖18號,68,6801000,6801000-012,6鄰,新光路,三段,安居巷,36弄,,,11衖18號,121.204295747279,24.9247029371085
桃園市平鎮區平鎮里6鄰新光路三段安居巷36弄11衖1號,68,6801000,6801000-012,6鄰,新光路,三段,安居巷,36弄,,,11衖1號,121.204684787924,24.9247858262681
桃園市平鎮區平鎮里6鄰新光路三段安居巷36弄11衖6號,68,6801000,6801000-012,6鄰,新光路,三段,安居巷,36弄,,,11衖6號,121.204526376756,24.9248469856085
桃園市平鎮區平鎮里7鄰新光路三段安居巷36弄11衖80號,68,6801000,6801000-012,7鄰,新光路,三段,安居巷,36弄,,,11衖80號,121.204218703197,24.9252944052426
桃園市平鎮區平鎮里6鄰新光路三段安居巷36弄11衖16號,68,6801000,6801000-012,6鄰,新光路,三段,安居巷,36弄,,,11衖16號,121.204334895566,24.9247272602392
桃園市平鎮區平鎮里6鄰新光路三段安居巷36弄11衖22號,68,6801000,6801000-012,6鄰,新光路,三段,安居巷,36弄,,,11衖22號,121.204200799889,24.9246436600667
桃園市平鎮區平鎮里7鄰新光路三段安居巷36弄12衖2號,68,6801000,6801000-012,7鄰,新光路,三段,安居巷,36弄,,,12衖2號,121.205033643903,24.9249957997739
桃園市平鎮區平鎮里7鄰新光路三段安居巷36弄12衖3號,68,6801000,6801000-012,7鄰,新光路,三段,安居巷,36弄,,,12衖3號,121.204984269988,24.9251344541588
桃園市平鎮區平鎮里6鄰新光路三段安居巷36弄11衖19號,68,6801000,6801000-012,6鄰,新光路,三段,安居巷,36弄,,,11衖19號,121.20433652345,24.9245735940143
桃園市平鎮區平鎮里6鄰新光路三段安居巷36弄11衖1之1號,68,6801000,6801000-012,6鄰,新光路,三段,安居巷,36弄,,,11衖1之1號,121.204684787924,24.9247858262681
桃園市平鎮區平鎮里6鄰新光路三段安居巷36弄11衖20號,68,6801000,6801000-012,6鄰,新光路,三段,安居巷,36弄,,,11衖20號,121.204257688987,24.9246791541804
桃園市平鎮區平鎮里6鄰新光路三段安居巷36弄11衖21號,68,6801000,6801000-012,6鄰,新光路,三段,安居巷,36弄,,,11衖21號,121.204298366926,24.9245502626524
桃園市平鎮區平鎮里6鄰新光路三段安居巷36弄11衖22之1號,68,6801000,6801000-012,6鄰,新光路,三段,安居巷,36弄,,,11衖22之1號,121.204200799889,24.9246436600667
桃園市平鎮區平鎮里6鄰新光路三段安居巷36弄11衖23號,68,6801000,6801000-012,6鄰,新光路,三段,安居巷,36弄,,,11衖23號,121.204259219447,24.924526390932
桃園市平鎮區平鎮里6鄰新光路三段安居巷36弄11衖25號,68,6801000,6801000-012,6鄰,新光路,三段,安居巷,36弄,,,11衖25號,121.204220071983,24.9245025192012
桃園市平鎮區平鎮里6鄰新光路三段安居巷36弄11衖2之1號,68,6801000,6801000-012,6鄰,新光路,三段,安居巷,36弄,,,11衖2之1號,121.204605267573,24.9248956309209
桃園市平鎮區平鎮里6鄰新光路三段安居巷36弄11衖2號,68,6801000,6801000-012,6鄰,新光路,三段,安居巷,36弄,,,11衖2號,121.204605267573,24.9248956309209
桃園市平鎮區平鎮里6鄰新光路三段安居巷36弄11衖3號,68,6801000,6801000-012,6鄰,新光路,三段,安居巷,36弄,,,11衖3號,121.204645046249,24.9247619554663
桃園市平鎮區平鎮里6鄰新光路三段安居巷36弄11衖4之1號,68,6801000,6801000-012,6鄰,新光路,三段,安居巷,36弄,,,11衖4之1號,121.204563940111,24.9248707691461
桃園市平鎮區平鎮里6鄰新光路三段安居巷36弄11衖4號,68,6801000,6801000-012,6鄰,新光路,三段,安居巷,36弄,,,11衖4號,121.204563940111,24.9248707691461
桃園市平鎮區平鎮里6鄰新光路三段安居巷36弄11衖5號,68,6801000,6801000-012,6鄰,新光路,三段,安居巷,36弄,,,11衖5號,121.204606988617,24.9247386240488
桃園市平鎮區平鎮里6鄰新光路三段安居巷36弄11衖6之1號,68,6801000,6801000-012,6鄰,新光路,三段,安居巷,36弄,,,11衖6之1號,121.204526376756,24.9248469856085
桃園市平鎮區平鎮里6鄰新光路三段安居巷36弄11衖8號,68,6801000,6801000-012,6鄰,新光路,三段,安居巷,36弄,,,11衖8號,121.204489903992,24.9248241034091
桃園市平鎮區平鎮里6鄰新光路三段安居巷36弄11衖9號,68,6801000,6801000-012,6鄰,新光路,三段,安居巷,36弄,,,11衖9號,121.204530179299,24.9246913301459
桃園市平鎮區平鎮里7鄰新光路三段安居巷36弄12衖4號,68,6801000,6801000-012,7鄰,新光路,三段,安居巷,36弄,,,12衖4號,121.20507170259,24.9250196727856
桃園市平鎮區平鎮里7鄰新光路三段安居巷36弄11衖72號,68,6801000,6801000-012,7鄰,新光路,三段,安居巷,36弄,,,11衖72號,121.204252252964,24.9250454452983
桃園市平鎮區平鎮里7鄰新光路三段安居巷36弄11衖76號,68,6801000,6801000-012,7鄰,新光路,三段,安居巷,36弄,,,11衖76號,121.204377047102,24.9251319472682
桃園市平鎮區平鎮里7鄰新光路三段安居巷36弄11衖78號,68,6801000,6801000-012,7鄰,新光路,三段,安居巷,36弄,,,11衖78號,121.204285809804,24.9252214538282
桃園市平鎮區平鎮里7鄰新光路三段安居巷36弄11衖68號,68,6801000,6801000-012,7鄰,新光路,三段,安居巷,36弄,,,11衖68號,121.204082447972,24.9252224546135
桃園市平鎮區平鎮里6鄰新光路三段安居巷36弄11衖15號,68,6801000,6801000-012,6鄰,新光路,三段,安居巷,36弄,,,11衖15號,121.204413728504,24.9246207971916
桃園市平鎮區平鎮里6鄰新光路三段安居巷36弄11衖7號,68,6801000,6801000-012,6鄰,新光路,三段,安居巷,36弄,,,11衖7號,121.204568336953,24.9247152934366
桃園市平鎮區平鎮里6鄰新光路三段安居巷36弄11衖27號,68,6801000,6801000-012,6鄰,新光路,三段,安居巷,36弄,,,11衖27號,121.204181420464,24.924479188487
桃園市平鎮區平鎮里6鄰新光路三段安居巷36弄11衖11號,68,6801000,6801000-012,6鄰,新光路,三段,安居巷,36弄,,,11衖11號,121.204491527515,24.9246679092292
桃園市平鎮區平鎮里7鄰新光路三段安居巷36弄12衖10號,68,6801000,6801000-012,7鄰,新光路,三段,安居巷,36弄,,,12衖10號,121.20519133121,24.9250955276221
桃園市平鎮區平鎮里7鄰新光路三段安居巷36弄12衖1號,68,6801000,6801000-012,7鄰,新光路,三段,安居巷,36弄,,,12衖1號,121.204945122342,24.9251106729066
桃園市平鎮區平鎮里7鄰新光路三段安居巷36弄12衖2之1號,68,6801000,6801000-012,7鄰,新光路,三段,安居巷,36弄,,,12衖2之1號,121.205033643903,24.9249957997739
桃園市平鎮區平鎮里7鄰新光路三段安居巷36弄12衖3之1號,68,6801000,6801000-012,7鄰,新光路,三段,安居巷,36弄,,,12衖3之1號,121.204984269988,24.9251344541588
桃園市平鎮區平鎮里7鄰新光路三段安居巷36弄12衖5號,68,6801000,6801000-012,7鄰,新光路,三段,安居巷,36弄,,,12衖5號,121.205035211872,24.9251656224987
桃園市平鎮區平鎮里7鄰新光路三段安居巷36弄12衖6號,68,6801000,6801000-012,7鄰,新光路,三段,安居巷,36弄,,,12衖6號,121.205108672201,24.9250435472857
桃園市平鎮區平鎮里7鄰新光路三段安居巷36弄12衖8號,68,6801000,6801000-012,7鄰,新光路,三段,安居巷,36弄,,,12衖8號,121.205147324816,24.9250673291763
桃園市平鎮區平鎮里7鄰新光路三段安居巷36弄11衖70號,68,6801000,6801000-012,7鄰,新光路,三段,安居巷,36弄,,,11衖70號,121.204182774101,24.9251207473412
桃園市平鎮區平鎮里6鄰新光路三段安居巷36弄1號,68,6801000,6801000-012,6鄰,新光路,三段,安居巷,36弄,,,1號,121.204897232621,24.9247096955913
桃園市平鎮區平鎮里6鄰新光路三段安居巷36弄2號,68,6801000,6801000-012,6鄰,新光路,三段,安居巷,36弄,,,2號,121.20503440032,24.9247946451747
桃園市平鎮區平鎮里6鄰新光路三段安居巷36弄3號,68,6801000,6801000-012,6鄰,新光路,三段,安居巷,36弄,,,3號,121.204869077143,24.9247471120096
桃園市平鎮區平鎮里6鄰新光路三段安居巷36弄4號,68,6801000,6801000-012,6鄰,新光路,三段,安居巷,36弄,,,4號,121.205006542784,24.9248326029149
桃園市平鎮區平鎮里6鄰新光路三段安居巷36弄5號,68,6801000,6801000-012,6鄰,新光路,三段,安居巷,36弄,,,5號,121.204839241795,24.9247865169864
桃園市平鎮區平鎮里6鄰新光路三段安居巷36弄6號,68,6801000,6801000-012,6鄰,新光路,三段,安居巷,36弄,,,6號,121.204978092825,24.9248715545921
桃園市平鎮區平鎮里6鄰新光路三段安居巷36弄7號,68,6801000,6801000-012,6鄰,新光路,三段,安居巷,36弄,,,7號,121.204811086431,24.9248240236777
桃園市平鎮區平鎮里6鄰新光路三段安居巷36弄8號,68,6801000,6801000-012,6鄰,新光路,三段,安居巷,36弄,,,8號,121.204949740513,24.9249096935704
桃園市平鎮區平鎮里6鄰新光路三段安居巷36弄9號,68,6801000,6801000-012,6鄰,新光路,三段,安居巷,36弄,,,9號,121.204782635517,24.9248624336132
桃園市平鎮區平鎮里6鄰新光路三段安居巷36弄10號,68,6801000,6801000-012,6鄰,新光路,三段,安居巷,36弄,,,10號,121.20492188382,24.9249481929994
桃園市平鎮區平鎮里6鄰新光路三段安居巷36弄13號,68,6801000,6801000-012,6鄰,新光路,三段,安居巷,36弄,,,13號,121.204722075856,24.9249425990117
桃園市平鎮區平鎮里7鄰新光路三段安居巷36弄14號,68,6801000,6801000-012,7鄰,新光路,三段,安居巷,36弄,,,14號,121.204859649872,24.9250336875312
桃園市平鎮區平鎮里7鄰新光路三段安居巷36弄15號,68,6801000,6801000-012,7鄰,新光路,三段,安居巷,36弄,,,15號,121.204695798295,24.9249781168463
桃園市平鎮區平鎮里7鄰新光路三段安居巷36弄16號,68,6801000,6801000-012,7鄰,新光路,三段,安居巷,36弄,,,16號,121.204830707017,24.9250739941224
桃園市平鎮區平鎮里5鄰新光路三段安居巷37號,68,6801000,6801000-012,5鄰,新光路,三段,安居巷,,,,37號,121.205217188927,24.9247466332607
桃園市平鎮區平鎮里6鄰新光路三段安居巷38號,68,6801000,6801000-012,6鄰,新光路,三段,安居巷,,,,38號,121.204778932366,24.9246584863196
桃園市平鎮區平鎮里4鄰新光路三段安居巷39弄24衖1之1號,68,6801000,6801000-012,4鄰,新光路,三段,安居巷,39弄,,,24衖1之1號,121.205213282742,24.9240615608568
桃園市平鎮區平鎮里4鄰新光路三段安居巷39弄24衖2號,68,6801000,6801000-012,4鄰,新光路,三段,安居巷,39弄,,,24衖2號,121.205145046434,24.9241690931625
桃園市平鎮區平鎮里4鄰新光路三段安居巷39弄24衖3號,68,6801000,6801000-012,4鄰,新光路,三段,安居巷,39弄,,,24衖3號,121.205156494159,24.9240269698102
桃園市平鎮區平鎮里4鄰新光路三段安居巷39弄24衖4號,68,6801000,6801000-012,4鄰,新光路,三段,安居巷,39弄,,,24衖4號,121.205106987996,24.9241452201653
桃園市平鎮區平鎮里4鄰新光路三段安居巷39弄24衖5之1號,68,6801000,6801000-012,4鄰,新光路,三段,安居巷,39弄,,,24衖5之1號,121.20510396576,24.9239940882843
桃園市平鎮區平鎮里4鄰新光路三段安居巷39弄24衖5號,68,6801000,6801000-012,4鄰,新光路,三段,安居巷,39弄,,,24衖5號,121.20510396576,24.9239940882843
桃園市平鎮區平鎮里4鄰新光路三段安居巷39弄24衖6號,68,6801000,6801000-012,4鄰,新光路,三段,安居巷,39弄,,,24衖6號,121.205069426252,24.9241223396031
桃園市平鎮區平鎮里4鄰新光路三段安居巷39弄24衖7號,68,6801000,6801000-012,4鄰,新光路,三段,安居巷,39弄,,,24衖7號,121.20501934022,24.9239498750482
桃園市平鎮區平鎮里4鄰新光路三段安居巷39弄24衖8號,68,6801000,6801000-012,4鄰,新光路,三段,安居巷,39弄,,,24衖8號,121.205029683971,24.92409801748
桃園市平鎮區平鎮里5鄰新光路三段安居巷39弄11衖13號,68,6801000,6801000-012,5鄰,新光路,三段,安居巷,39弄,,,11衖13號,121.205544732805,24.9247617109663
桃園市平鎮區平鎮里5鄰新光路三段安居巷39弄11衖10號,68,6801000,6801000-012,5鄰,新光路,三段,安居巷,39弄,,,11衖10號,121.205550606795,24.9246021703989
桃園市平鎮區平鎮里5鄰新光路三段安居巷39弄11衖17號,68,6801000,6801000-012,5鄰,新光路,三段,安居巷,39弄,,,11衖17號,121.205621940079,24.9248099066387
桃園市平鎮區平鎮里5鄰新光路三段安居巷39弄11衖11號,68,6801000,6801000-012,5鄰,新光路,三段,安居巷,39弄,,,11衖11號,121.205504989478,24.9247369375531
桃園市平鎮區平鎮里5鄰新光路三段安居巷39弄11衖19號,68,6801000,6801000-012,5鄰,新光路,三段,安居巷,39弄,,,11衖19號,121.205659503631,24.9248336898992
桃園市平鎮區平鎮里5鄰新光路三段安居巷39弄11衖12號,68,6801000,6801000-012,5鄰,新光路,三段,安居巷,39弄,,,11衖12號,121.205589259356,24.9246259521767
桃園市平鎮區平鎮里5鄰新光路三段安居巷39弄11衖14之1號,68,6801000,6801000-012,5鄰,新光路,三段,安居巷,39弄,,,11衖14之1號,121.205627318034,24.9246498250477
桃園市平鎮區平鎮里5鄰新光路三段安居巷39弄11衖13之1號,68,6801000,6801000-012,5鄰,新光路,三段,安居巷,39弄,,,11衖13之1號,121.205544732805,24.9247617109663
桃園市平鎮區平鎮里5鄰新光路三段安居巷39弄11衖14號,68,6801000,6801000-012,5鄰,新光路,三段,安居巷,39弄,,,11衖14號,121.205627318034,24.9246498250477
桃園市平鎮區平鎮里5鄰新光路三段安居巷39弄12衖2號,68,6801000,6801000-012,5鄰,新光路,三段,安居巷,39弄,,,12衖2號,121.204968706831,24.9244044361888
桃園市平鎮區平鎮里5鄰新光路三段安居巷39弄11衖19之1號,68,6801000,6801000-012,5鄰,新光路,三段,安居巷,39弄,,,11衖19之1號,121.205659503631,24.9248336898992
桃園市平鎮區平鎮里5鄰新光路三段安居巷39弄11衖23號,68,6801000,6801000-012,5鄰,新光路,三段,安居巷,39弄,,,11衖23號,121.205736710095,24.9248813438062
桃園市平鎮區平鎮里5鄰新光路三段安居巷39弄11衖5之1號,68,6801000,6801000-012,5鄰,新光路,三段,安居巷,39弄,,,11衖5之1號,121.205390219578,24.92466540992
桃園市平鎮區平鎮里4鄰新光路三段安居巷39弄23衖2號,68,6801000,6801000-012,4鄰,新光路,三段,安居巷,39弄,,,23衖2號,121.205582876241,24.9242993121444
桃園市平鎮區平鎮里5鄰新光路三段安居巷39弄11衖7之1號,68,6801000,6801000-012,5鄰,新光路,三段,安居巷,39弄,,,11衖7之1號,121.205428872128,24.9246891917392
桃園市平鎮區平鎮里5鄰新光路三段安居巷39弄11衖9號,68,6801000,6801000-012,5鄰,新光路,三段,安居巷,39弄,,,11衖9號,121.205466930048,24.9247126132303
桃園市平鎮區平鎮里4鄰新光路三段安居巷39弄24衖1號,68,6801000,6801000-012,4鄰,新光路,三段,安居巷,39弄,,,24衖1號,121.205213282742,24.9240615608568
桃園市平鎮區平鎮里5鄰新光路三段安居巷39弄11衖15號,68,6801000,6801000-012,5鄰,新光路,三段,安居巷,39弄,,,11衖15號,121.205581205743,24.9247845929067
桃園市平鎮區平鎮里5鄰新光路三段安居巷39弄11衖16號,68,6801000,6801000-012,5鄰,新光路,三段,安居巷,39弄,,,11衖16號,121.205666465813,24.9246736964066
桃園市平鎮區平鎮里5鄰新光路三段安居巷39弄11衖18號,68,6801000,6801000-012,5鄰,新光路,三段,安居巷,39弄,,,11衖18號,121.205717407528,24.9247047742312
桃園市平鎮區平鎮里5鄰新光路三段安居巷39弄11衖1之1號,68,6801000,6801000-012,5鄰,新光路,三段,安居巷,39弄,,,11衖1之1號,121.205314002562,24.9246172127621
桃園市平鎮區平鎮里5鄰新光路三段安居巷39弄11衖2號,68,6801000,6801000-012,5鄰,新光路,三段,安居巷,39弄,,,11衖2號,121.205396689306,24.9245067713786
桃園市平鎮區平鎮里5鄰新光路三段安居巷39弄11衖1號,68,6801000,6801000-012,5鄰,新光路,三段,安居巷,39弄,,,11衖1號,121.205314002562,24.9246172127621
桃園市平鎮區平鎮里5鄰新光路三段安居巷39弄11衖3號,68,6801000,6801000-012,5鄰,新光路,三段,安居巷,39弄,,,11衖3號,121.205352161838,24.9246420786932
桃園市平鎮區平鎮里5鄰新光路三段安居巷39弄11衖21號,68,6801000,6801000-012,5鄰,新光路,三段,安居巷,39弄,,,11衖21號,121.205696471651,24.924856571128
桃園市平鎮區平鎮里5鄰新光路三段安居巷39弄11衖5號,68,6801000,6801000-012,5鄰,新光路,三段,安居巷,39弄,,,11衖5號,121.205390219578,24.92466540992
桃園市平鎮區平鎮里5鄰新光路三段安居巷39弄11衖25號,68,6801000,6801000-012,5鄰,新光路,三段,安居巷,39弄,,,11衖25號,121.205787553654,24.9249128731627
桃園市平鎮區平鎮里5鄰新光路三段安居巷39弄11衖7號,68,6801000,6801000-012,5鄰,新光路,三段,安居巷,39弄,,,11衖7號,121.205428872128,24.9246891917392
桃園市平鎮區平鎮里5鄰新光路三段安居巷39弄11衖4號,68,6801000,6801000-012,5鄰,新光路,三段,安居巷,39弄,,,11衖4號,121.205436332782,24.9245310935377
桃園市平鎮區平鎮里5鄰新光路三段安居巷39弄11衖6號,68,6801000,6801000-012,5鄰,新光路,三段,安居巷,39弄,,,11衖6號,121.205473896363,24.9245549671307
桃園市平鎮區平鎮里5鄰新光路三段安居巷39弄11衖8號,68,6801000,6801000-012,5鄰,新光路,三段,安居巷,39弄,,,11衖8號,121.205512549044,24.9245788392129
桃園市平鎮區平鎮里5鄰新光路三段安居巷39弄11衖9之1號,68,6801000,6801000-012,5鄰,新光路,三段,安居巷,39弄,,,11衖9之1號,121.205466930048,24.9247126132303
桃園市平鎮區平鎮里5鄰新光路三段安居巷39弄12衖1號,68,6801000,6801000-012,5鄰,新光路,三段,安居巷,39弄,,,12衖1號,121.20504872711,24.9242979711723
桃園市平鎮區平鎮里5鄰新光路三段安居巷39弄12衖3號,68,6801000,6801000-012,5鄰,新光路,三段,安居巷,39弄,,,12衖3號,121.205011164584,24.9242746391753
桃園市平鎮區平鎮里5鄰新光路三段安居巷39弄12衖4號,68,6801000,6801000-012,5鄰,新光路,三段,安居巷,39弄,,,12衖4號,121.204931640072,24.9243815549125
桃園市平鎮區平鎮里5鄰新光路三段安居巷39弄12衖5號,68,6801000,6801000-012,5鄰,新光路,三段,安居巷,39弄,,,12衖5號,121.204971818295,24.9242503164929
桃園市平鎮區平鎮里5鄰新光路三段安居巷39弄12衖6之1號,68,6801000,6801000-012,5鄰,新光路,三段,安居巷,39弄,,,12衖6之1號,121.204891997487,24.9243576840386
桃園市平鎮區平鎮里5鄰新光路三段安居巷39弄11衖11之1號,68,6801000,6801000-012,5鄰,新光路,三段,安居巷,39弄,,,11衖11之1號,121.205504989478,24.9247369375531
桃園市平鎮區平鎮里5鄰新光路三段安居巷39弄11衖3之1號,68,6801000,6801000-012,5鄰,新光路,三段,安居巷,39弄,,,11衖3之1號,121.205352161838,24.9246420786932
桃園市平鎮區平鎮里4鄰新光路三段安居巷39弄23衖9號,68,6801000,6801000-012,4鄰,新光路,三段,安居巷,39弄,,,23衖9號,121.205646932418,24.924477264575
桃園市平鎮區平鎮里4鄰新光路三段安居巷39弄23衖1號,68,6801000,6801000-012,4鄰,新光路,三段,安居巷,39弄,,,23衖1號,121.205490739482,24.9243828619163
桃園市平鎮區平鎮里4鄰新光路三段安居巷39弄23衖3號,68,6801000,6801000-012,4鄰,新光路,三段,安居巷,39弄,,,23衖3號,121.205529392112,24.924406733995
桃園市平鎮區平鎮里4鄰新光路三段安居巷39弄23衖5號,68,6801000,6801000-012,4鄰,新光路,三段,安居巷,39弄,,,23衖5號,121.205566953129,24.9244290727344
桃園市平鎮區平鎮里4鄰新光路三段安居巷39弄23衖7號,68,6801000,6801000-012,4鄰,新光路,三段,安居巷,39弄,,,23衖7號,121.205606694872,24.9244529432911
桃園市平鎮區平鎮里4鄰新光路三段安居巷39弄24衖10號,68,6801000,6801000-012,4鄰,新光路,三段,安居巷,39弄,,,24衖10號,121.204988950885,24.9240732452865
桃園市平鎮區平鎮里4鄰新光路三段安居巷39弄24衖12號,68,6801000,6801000-012,4鄰,新光路,三段,安居巷,39弄,,,24衖12號,121.204942767486,24.9240455011893
桃園市平鎮區平鎮里5鄰新光路三段安居巷39弄12衖3之1號,68,6801000,6801000-012,5鄰,新光路,三段,安居巷,39弄,,,12衖3之1號,121.205011164584,24.9242746391753
桃園市平鎮區平鎮里5鄰新光路三段安居巷39弄12衖6號,68,6801000,6801000-012,5鄰,新光路,三段,安居巷,39弄,,,12衖6號,121.204891997487,24.9243576840386
桃園市平鎮區平鎮里4鄰新光路三段安居巷39弄24衖3之1號,68,6801000,6801000-012,4鄰,新光路,三段,安居巷,39弄,,,24衖3之1號,121.205156494159,24.9240269698102
桃園市平鎮區平鎮里5鄰新光路三段安居巷39弄1號,68,6801000,6801000-012,5鄰,新光路,三段,安居巷,39弄,,,1號,121.20511007057,24.9246918877709
桃園市平鎮區平鎮里5鄰新光路三段安居巷39弄2號,68,6801000,6801000-012,5鄰,新光路,三段,安居巷,39弄,,,2號,121.204971326422,24.9246115449256
桃園市平鎮區平鎮里5鄰新光路三段安居巷39弄3號,68,6801000,6801000-012,5鄰,新光路,三段,安居巷,39弄,,,3號,121.205135753904,24.9246563706804
桃園市平鎮區平鎮里5鄰新光路三段安居巷39弄4號,68,6801000,6801000-012,5鄰,新光路,三段,安居巷,39弄,,,4號,121.205000369624,24.924572141011
桃園市平鎮區平鎮里5鄰新光路三段安居巷39弄5號,68,6801000,6801000-012,5鄰,新光路,三段,安居巷,39弄,,,5號,121.205163707978,24.9246169682329
桃園市平鎮區平鎮里5鄰新光路三段安居巷39弄6號,68,6801000,6801000-012,5鄰,新光路,三段,安居巷,39弄,,,6號,121.205028822793,24.9245351755799
桃園市平鎮區平鎮里5鄰新光路三段安居巷39弄7號,68,6801000,6801000-012,5鄰,新光路,三段,安居巷,39弄,,,7號,121.205191566314,24.9245795521679
桃園市平鎮區平鎮里5鄰新光路三段安居巷39弄8號,68,6801000,6801000-012,5鄰,新光路,三段,安居巷,39弄,,,8號,121.205057174398,24.9244966754488
桃園市平鎮區平鎮里5鄰新光路三段安居巷39弄9號,68,6801000,6801000-012,5鄰,新光路,三段,安居巷,39弄,,,9號,121.205221597872,24.9245391537222
桃園市平鎮區平鎮里5鄰新光路三段安居巷39弄10號,68,6801000,6801000-012,5鄰,新光路,三段,安居巷,39弄,,,10號,121.20508562589,24.9244587168809
桃園市平鎮區平鎮里5鄰新光路三段安居巷39弄13號,68,6801000,6801000-012,5鄰,新光路,三段,安居巷,39弄,,,13號,121.205278882885,24.9244548395469
桃園市平鎮區平鎮里5鄰新光路三段安居巷39弄14號,68,6801000,6801000-012,5鄰,新光路,三段,安居巷,39弄,,,14號,121.205150634747,24.924375114404
桃園市平鎮區平鎮里5鄰新光路三段安居巷39弄15號,68,6801000,6801000-012,5鄰,新光路,三段,安居巷,39弄,,,15號,121.205307335943,24.9244178740628
桃園市平鎮區平鎮里5鄰新光路三段安居巷39弄16號,68,6801000,6801000-012,5鄰,新光路,三段,安居巷,39弄,,,16號,121.205177502808,24.9243376094189
桃園市平鎮區平鎮里5鄰新光路三段安居巷39弄17號,68,6801000,6801000-012,5鄰,新光路,三段,安居巷,39弄,,,17號,121.20533578734,24.9243799154475
桃園市平鎮區平鎮里5鄰新光路三段安居巷39弄18號,68,6801000,6801000-012,5鄰,新光路,三段,安居巷,39弄,,,18號,121.205205360181,24.9242996516454
桃園市平鎮區平鎮里5鄰新光路三段安居巷39弄19號,68,6801000,6801000-012,5鄰,新光路,三段,安居巷,39弄,,,19號,121.205365818952,24.9243396072564
桃園市平鎮區平鎮里5鄰新光路三段安居巷39弄20號,68,6801000,6801000-012,5鄰,新光路,三段,安居巷,39弄,,,20號,121.205233316545,24.9242616937303
桃園市平鎮區平鎮里5鄰新光路三段安居巷39弄21號,68,6801000,6801000-012,5鄰,新光路,三段,安居巷,39弄,,,21號,121.205394271959,24.9243026417554
桃園市平鎮區平鎮里5鄰新光路三段安居巷39弄22號,68,6801000,6801000-012,5鄰,新光路,三段,安居巷,39弄,,,22號,121.205261765538,24.9242222905817
桃園市平鎮區平鎮里4鄰新光路三段安居巷39弄25號,68,6801000,6801000-012,4鄰,新光路,三段,安居巷,39弄,,,25號,121.205455918161,24.9242213911711
桃園市平鎮區平鎮里4鄰新光路三段安居巷39弄26號,68,6801000,6801000-012,4鄰,新光路,三段,安居巷,39弄,,,26號,121.205322615841,24.9241386937534
桃園市平鎮區平鎮里4鄰新光路三段安居巷39弄27號,68,6801000,6801000-012,4鄰,新光路,三段,安居巷,39弄,,,27號,121.205479528727,24.9241898493886
桃園市平鎮區平鎮里4鄰新光路三段安居巷39弄28號,68,6801000,6801000-012,4鄰,新光路,三段,安居巷,39弄,,,28號,121.205349980481,24.9241021811808
桃園市平鎮區平鎮里6鄰新光路三段安居巷40號,68,6801000,6801000-012,6鄰,新光路,三段,安居巷,,,,40號,121.204739784761,24.9246346147265
桃園市平鎮區平鎮里5鄰新光路三段安居巷41號,68,6801000,6801000-012,5鄰,新光路,三段,安居巷,,,,41號,121.20486754561,24.9245392795039
桃園市平鎮區平鎮里6鄰新光路三段安居巷42之1號,68,6801000,6801000-012,6鄰,新光路,三段,安居巷,,,,42之1號,121.204702717229,24.9246112819734
桃園市平鎮區平鎮里6鄰新光路三段安居巷42號,68,6801000,6801000-012,6鄰,新光路,三段,安居巷,,,,42號,121.204702717229,24.9246112819734
桃園市平鎮區平鎮里5鄰新光路三段安居巷43號,68,6801000,6801000-012,5鄰,新光路,三段,安居巷,,,,43號,121.204830576195,24.9245154049411
桃園市平鎮區平鎮里6鄰新光路三段安居巷44號,68,6801000,6801000-012,6鄰,新光路,三段,安居巷,,,,44號,121.204662480568,24.924587411855
桃園市平鎮區平鎮里5鄰新光路三段安居巷45號,68,6801000,6801000-012,5鄰,新光路,三段,安居巷,,,,45號,121.204793011257,24.9244906283434
桃園市平鎮區平鎮里6鄰新光路三段安居巷46號,68,6801000,6801000-012,6鄰,新光路,三段,安居巷,,,,46號,121.204625016288,24.924563628205
桃園市平鎮區平鎮里6鄰新光路三段安居巷48號,68,6801000,6801000-012,6鄰,新光路,三段,安居巷,,,,48號,121.204585570974,24.9245393055576
桃園市平鎮區平鎮里6鄰新光路三段安居巷50號,68,6801000,6801000-012,6鄰,新光路,三段,安居巷,,,,50號,121.204547414266,24.9245158839754
桃園市平鎮區平鎮里5鄰新光路三段安居巷51號,68,6801000,6801000-012,5鄰,新光路,三段,安居巷,,,,51號,121.204626600151,24.9243835087154
桃園市平鎮區平鎮里6鄰新光路三段安居巷52號,68,6801000,6801000-012,6鄰,新光路,三段,安居巷,,,,52號,121.20450985266,24.9244930935576
桃園市平鎮區平鎮里6鄰新光路三段安居巷54號,68,6801000,6801000-012,6鄰,新光路,三段,安居巷,,,,54號,121.204471299949,24.9244696724988
桃園市平鎮區平鎮里6鄰新光路三段安居巷56號,68,6801000,6801000-012,6鄰,新光路,三段,安居巷,,,,56號,121.20443264765,24.924445890429
桃園市平鎮區平鎮里7鄰新光路三段126號,68,6801000,6801000-012,7鄰,新光路,三段,,,,,126號,121.205694850924,24.9276390465436
桃園市平鎮區平鎮里7鄰新光路三段132號,68,6801000,6801000-012,7鄰,新光路,三段,,,,,132號,121.205767816095,24.9273374864795
桃園市平鎮區平鎮里7鄰新光路三段136號,68,6801000,6801000-012,7鄰,新光路,三段,,,,,136號,121.205400720042,24.9277163743308
桃園市平鎮區平鎮里7鄰新光路三段138巷9號,68,6801000,6801000-012,7鄰,新光路,三段,138巷,,,,9號,121.20585773642,24.9266335056738
桃園市平鎮區平鎮里7鄰新光路三段138巷11號,68,6801000,6801000-012,7鄰,新光路,三段,138巷,,,,11號,121.20571020971,24.9266320841897
桃園市平鎮區平鎮里7鄰新光路三段138巷15號,68,6801000,6801000-012,7鄰,新光路,三段,138巷,,,,15號,121.205594393784,24.9265279655379
桃園市平鎮區平鎮里7鄰新光路三段138巷19號,68,6801000,6801000-012,7鄰,新光路,三段,138巷,,,,19號,121.205532110999,24.9264647620925
桃園市平鎮區平鎮里7鄰新光路三段138巷21號,68,6801000,6801000-012,7鄰,新光路,三段,138巷,,,,21號,121.205381919745,24.9263489536936
桃園市平鎮區平鎮里7鄰新光路三段142號,68,6801000,6801000-012,7鄰,新光路,三段,,,,,142號,121.205880298664,24.9265070764435
桃園市平鎮區平鎮里7鄰新光路三段146巷1號,68,6801000,6801000-012,7鄰,新光路,三段,146巷,,,,1號,121.205741603423,24.9262787582433
桃園市平鎮區平鎮里7鄰新光路三段146巷2號,68,6801000,6801000-012,7鄰,新光路,三段,146巷,,,,2號,121.205615064674,24.926275863148
桃園市平鎮區平鎮里7鄰新光路三段146巷3號,68,6801000,6801000-012,7鄰,新光路,三段,146巷,,,,3號,121.20574588805,24.92623550613
桃園市平鎮區平鎮里7鄰新光路三段146巷5號,68,6801000,6801000-012,7鄰,新光路,三段,146巷,,,,5號,121.205749583415,24.9261951439286
桃園市平鎮區平鎮里7鄰新光路三段146巷6號,68,6801000,6801000-012,7鄰,新光路,三段,146巷,,,,6號,121.205619442663,24.9262291801043
桃園市平鎮區平鎮里7鄰新光路三段146巷7號,68,6801000,6801000-012,7鄰,新光路,三段,146巷,,,,7號,121.205753869535,24.926152794656
桃園市平鎮區平鎮里7鄰新光路三段146巷8號,68,6801000,6801000-012,7鄰,新光路,三段,146巷,,,,8號,121.205623132379,24.9261853871084
桃園市平鎮區平鎮里7鄰新光路三段146巷9號,68,6801000,6801000-012,7鄰,新光路,三段,146巷,,,,9號,121.205757956285,24.9261096330991
桃園市平鎮區平鎮里7鄰新光路三段146巷10號,68,6801000,6801000-012,7鄰,新光路,三段,146巷,,,,10號,121.205627319233,24.9261428574074
桃園市平鎮區平鎮里7鄰新光路三段146巷11號,68,6801000,6801000-012,7鄰,新光路,三段,146巷,,,,11號,121.205761649994,24.9260682777713
桃園市平鎮區平鎮里7鄰新光路三段146巷12號,68,6801000,6801000-012,7鄰,新光路,三段,146巷,,,,12號,121.205631603746,24.9260995150123
桃園市平鎮區平鎮里7鄰新光路三段146巷13號,68,6801000,6801000-012,7鄰,新光路,三段,146巷,,,,13號,121.205765937006,24.9260264702025
桃園市平鎮區平鎮里7鄰新光路三段146巷15號,68,6801000,6801000-012,7鄰,新光路,三段,146巷,,,,15號,121.205770320475,24.9259831276664
桃園市平鎮區平鎮里7鄰新光路三段146巷16號,68,6801000,6801000-012,7鄰,新光路,三段,146巷,,,,16號,121.205634803351,24.9260587020749
桃園市平鎮區平鎮里7鄰新光路三段146巷18號,68,6801000,6801000-012,7鄰,新光路,三段,146巷,,,,18號,121.205640164077,24.9260075937408
桃園市平鎮區平鎮里7鄰新光路三段148號,68,6801000,6801000-012,7鄰,新光路,三段,,,,,148號,121.205935210325,24.926364622198
桃園市平鎮區平鎮里7鄰新光路三段148之1號,68,6801000,6801000-012,7鄰,新光路,三段,,,,,148之1號,121.20593792034,24.9263271504529
桃園市平鎮區平鎮里7鄰新光路三段148之2號,68,6801000,6801000-012,7鄰,新光路,三段,,,,,148之2號,121.205941616545,24.9262873299524
桃園市平鎮區平鎮里7鄰新光路三段148之3號,68,6801000,6801000-012,7鄰,新光路,三段,,,,,148之3號,121.205944918211,24.9262484128401
桃園市平鎮區平鎮里7鄰新光路三段150之1號,68,6801000,6801000-012,7鄰,新光路,三段,,,,,150之1號,121.20595221415,24.9261703068048
桃園市平鎮區平鎮里7鄰新光路三段150之2號,68,6801000,6801000-012,7鄰,新光路,三段,,,,,150之2號,121.205955120824,24.9261320222277
桃園市平鎮區平鎮里7鄰新光路三段150之3號,68,6801000,6801000-012,7鄰,新光路,三段,,,,,150之3號,121.205958326622,24.926095001218
桃園市平鎮區平鎮里7鄰新光路三段150號,68,6801000,6801000-012,7鄰,新光路,三段,,,,,150號,121.205948514802,24.9262082313393
桃園市平鎮區平鎮里7鄰新光路三段152號,68,6801000,6801000-012,7鄰,新光路,三段,,,,,152號,121.20596152762,24.9260550911156
桃園市平鎮區平鎮里7鄰新光路三段152之1號,68,6801000,6801000-012,7鄰,新光路,三段,,,,,152之1號,121.205965226209,24.9260167151594
桃園市平鎮區平鎮里7鄰新光路三段152之2號,68,6801000,6801000-012,7鄰,新光路,三段,,,,,152之2號,121.205968531011,24.9259796940121
桃園市平鎮區平鎮里7鄰新光路三段158巷2之1號,68,6801000,6801000-012,7鄰,新光路,三段,158巷,,,,2之1號,121.205834878827,24.9256876281626
桃園市平鎮區平鎮里7鄰新光路三段158巷6之1號,68,6801000,6801000-012,7鄰,新光路,三段,158巷,,,,6之1號,121.205643318312,24.9258797467543
桃園市平鎮區平鎮里7鄰新光路三段158巷18號,68,6801000,6801000-012,7鄰,新光路,三段,158巷,,,,18號,121.20529159827,24.9260349788559
桃園市平鎮區平鎮里7鄰新光路三段158巷56之1號,68,6801000,6801000-012,7鄰,新光路,三段,158巷,,,,56之1號,121.204668042156,24.926456922379
桃園市平鎮區平鎮里7鄰新光路三段158巷66之1號,68,6801000,6801000-012,7鄰,新光路,三段,158巷,,,,66之1號,121.20474856595,24.9268342003619
桃園市平鎮區平鎮里7鄰新光路三段158巷67之1號,68,6801000,6801000-012,7鄰,新光路,三段,158巷,,,,67之1號,121.204164153153,24.9263186656692
桃園市平鎮區平鎮里7鄰新光路三段158巷68號,68,6801000,6801000-012,7鄰,新光路,三段,158巷,,,,68號,121.204459002681,24.9267386255067
桃園市平鎮區平鎮里4鄰新光路三段166號,68,6801000,6801000-012,4鄰,新光路,三段,,,,,166號,121.206037454143,24.9249746436605
桃園市平鎮區平鎮里4鄰新光路三段176號,68,6801000,6801000-012,4鄰,新光路,三段,,,,,176號,121.206071752507,24.9245230841728
桃園市平鎮區平鎮里4鄰新光路三段180號,68,6801000,6801000-012,4鄰,新光路,三段,,,,,180號,121.206083326229,24.9243382560825
桃園市平鎮區平鎮里4鄰新光路三段180之1號,68,6801000,6801000-012,4鄰,新光路,三段,,,,,180之1號,121.206081134747,24.9243898114839
桃園市平鎮區平鎮里4鄰新光路三段186號,68,6801000,6801000-012,4鄰,新光路,三段,,,,,186號,121.205960254006,24.9242157296926
桃園市平鎮區平鎮里4鄰新光路三段188之2號,68,6801000,6801000-012,4鄰,新光路,三段,,,,,188之2號,121.205625854257,24.9241851334358
桃園市平鎮區平鎮里4鄰新光路三段188之38號,68,6801000,6801000-012,4鄰,新光路,三段,,,,,188之38號,121.204557741726,24.9239943872756
桃園市平鎮區平鎮里2鄰新光路三段228巷18之2號,68,6801000,6801000-012,2鄰,新光路,三段,228巷,,,,18之2號,121.205386352187,24.923167597504
桃園市平鎮區平鎮里2鄰新光路三段228巷18之1號,68,6801000,6801000-012,2鄰,新光路,三段,228巷,,,,18之1號,121.20544974127,24.9231824973786
桃園市平鎮區平鎮里2鄰新光路三段228巷68號,68,6801000,6801000-012,2鄰,新光路,三段,228巷,,,,68號,121.204749493163,24.9231392212841
桃園市平鎮區平鎮里2鄰新光路三段228巷68之6號,68,6801000,6801000-012,2鄰,新光路,三段,228巷,,,,68之6號,121.204470282425,24.9230722522939
桃園市平鎮區平鎮里2鄰新光路三段262之1號,68,6801000,6801000-012,2鄰,新光路,三段,,,,,262之1號,121.205517704679,24.9223135067792
桃園市平鎮區平鎮里2鄰新光路三段266號,68,6801000,6801000-012,2鄰,新光路,三段,,,,,266號,121.205501663116,24.9222522257872
桃園市平鎮區平鎮里2鄰新光路三段268號,68,6801000,6801000-012,2鄰,新光路,三段,,,,,268號,121.205451669263,24.922135286109
桃園市平鎮區平鎮里2鄰新光路三段270號,68,6801000,6801000-012,2鄰,新光路,三段,,,,,270號,121.205285402775,24.9221139371459
桃園市平鎮區平鎮里2鄰新光路三段330號,68,6801000,6801000-012,2鄰,新光路,三段,,,,,330號,121.204906322651,24.9212237126716
桃園市平鎮區平鎮里8鄰新光路二段87巷1號,68,6801000,6801000-012,8鄰,新光路,二段,87巷,,,,1號,121.205034293567,24.9311350426179
桃園市平鎮區平鎮里8鄰新光路二段87巷2號,68,6801000,6801000-012,8鄰,新光路,二段,87巷,,,,2號,121.205081483364,24.9311710011325
桃園市平鎮區平鎮里8鄰新光路二段87巷3號,68,6801000,6801000-012,8鄰,新光路,二段,87巷,,,,3號,121.205130259191,24.9312080408606
桃園市平鎮區平鎮里8鄰新光路二段87巷4號,68,6801000,6801000-012,8鄰,新光路,二段,87巷,,,,4號,121.205178540579,24.9312454423902
桃園市平鎮區平鎮里8鄰新光路二段87巷5號,68,6801000,6801000-012,8鄰,新光路,二段,87巷,,,,5號,121.205227117691,24.9312820309381
桃園市平鎮區平鎮里8鄰新光路二段87巷6號,68,6801000,6801000-012,8鄰,新光路,二段,87巷,,,,6號,121.205278670758,24.9313219558901
桃園市平鎮區平鎮里8鄰新光路二段87巷7號,68,6801000,6801000-012,8鄰,新光路,二段,87巷,,,,7號,121.20532903241,24.9313598962108
桃園市平鎮區平鎮里8鄰新光路二段87巷8號,68,6801000,6801000-012,8鄰,新光路,二段,87巷,,,,8號,121.205377908146,24.93139738714
桃園市平鎮區平鎮里8鄰新光路二段87巷9號,68,6801000,6801000-012,8鄰,新光路,二段,87巷,,,,9號,121.205426188934,24.9314343371671
桃園市平鎮區平鎮里8鄰新光路二段87巷10號,68,6801000,6801000-012,8鄰,新光路,二段,87巷,,,,10號,121.205474867002,24.9314720089048
桃園市平鎮區平鎮里8鄰新光路二段87巷11號,68,6801000,6801000-012,8鄰,新光路,二段,87巷,,,,11號,121.205524137981,24.9315089575346
桃園市平鎮區平鎮里8鄰新光路二段87巷12號,68,6801000,6801000-012,8鄰,新光路,二段,87巷,,,,12號,121.205574105378,24.9315478914414
桃園市平鎮區平鎮里8鄰新光路二段87巷13號,68,6801000,6801000-012,8鄰,新光路,二段,87巷,,,,13號,121.205622386283,24.9315848414035
桃園市平鎮區平鎮里8鄰新光路二段87巷15之1號,68,6801000,6801000-012,8鄰,新光路,二段,87巷,,,,15之1號,121.205258047315,24.931603580965
桃園市平鎮區平鎮里8鄰新光路二段87巷53號,68,6801000,6801000-012,8鄰,新光路,二段,87巷,,,,53號,121.206412610911,24.931523710201
桃園市平鎮區平鎮里8鄰新光路二段89號,68,6801000,6801000-012,8鄰,新光路,二段,,,,,89號,121.204854133774,24.9310420266444
桃園市平鎮區平鎮里8鄰新光路二段91號,68,6801000,6801000-012,8鄰,新光路,二段,,,,,91號,121.204877733541,24.9310030816819
桃園市平鎮區平鎮里8鄰新光路二段93號,68,6801000,6801000-012,8鄰,新光路,二段,,,,,93號,121.2049035068,24.9309612446307
桃園市平鎮區平鎮里8鄰新光路二段95號,68,6801000,6801000-012,8鄰,新光路,二段,,,,,95號,121.204923948575,24.9309286239018
桃園市平鎮區平鎮里8鄰新光路二段97號,68,6801000,6801000-012,8鄰,新光路,二段,,,,,97號,121.204949130115,24.9308882322045
桃園市平鎮區平鎮里8鄰新光路二段99號,68,6801000,6801000-012,8鄰,新光路,二段,,,,,99號,121.204973817471,24.930848382888
桃園市平鎮區平鎮里8鄰新光路二段101巷1號,68,6801000,6801000-012,8鄰,新光路,二段,101巷,,,,1號,121.205109762301,24.9310278616292
桃園市平鎮區平鎮里8鄰新光路二段101巷3號,68,6801000,6801000-012,8鄰,新光路,二段,101巷,,,,3號,121.205172518185,24.9310765287806
桃園市平鎮區平鎮里8鄰新光路二段101巷4號,68,6801000,6801000-012,8鄰,新光路,二段,101巷,,,,4號,121.205222439499,24.9309682092001
桃園市平鎮區平鎮里8鄰新光路二段101巷5號,68,6801000,6801000-012,8鄰,新光路,二段,101巷,,,,5號,121.205220798039,24.9311130274566
桃園市平鎮區平鎮里8鄰新光路二段101巷6號,68,6801000,6801000-012,8鄰,新光路,二段,101巷,,,,6號,121.205270819833,24.9310056105651
桃園市平鎮區平鎮里8鄰新光路二段101巷7號,68,6801000,6801000-012,8鄰,新光路,二段,101巷,,,,7號,121.205271259348,24.9311514190826
桃園市平鎮區平鎮里8鄰新光路二段101巷8號,68,6801000,6801000-012,8鄰,新光路,二段,101巷,,,,8號,121.205322868611,24.9310459862426
桃園市平鎮區平鎮里8鄰新光路二段101巷9號,68,6801000,6801000-012,8鄰,新光路,二段,101巷,,,,9號,121.205318945183,24.9311879185442
桃園市平鎮區平鎮里8鄰新光路二段101巷10號,68,6801000,6801000-012,8鄰,新光路,二段,101巷,,,,10號,121.205384534697,24.9310942033839
桃園市平鎮區平鎮里8鄰新光路二段101巷11號,68,6801000,6801000-012,8鄰,新光路,二段,101巷,,,,11號,121.205367820848,24.931225409478
桃園市平鎮區平鎮里8鄰新光路二段101巷13號,68,6801000,6801000-012,8鄰,新光路,二段,101巷,,,,13號,121.205418183235,24.9312638011896
桃園市平鎮區平鎮里8鄰新光路二段101巷15號,68,6801000,6801000-012,8鄰,新光路,二段,101巷,,,,15號,121.205466366916,24.931301925034
桃園市平鎮區平鎮里8鄰新光路二段101巷17號,68,6801000,6801000-012,8鄰,新光路,二段,101巷,,,,17號,121.205516234299,24.931340317394
桃園市平鎮區平鎮里8鄰新光路二段101巷19號,68,6801000,6801000-012,8鄰,新光路,二段,101巷,,,,19號,121.205565307211,24.9313772662841
桃園市平鎮區平鎮里8鄰新光路二段101巷20號,68,6801000,6801000-012,8鄰,新光路,二段,101巷,,,,20號,121.205591243615,24.9312548050273
桃園市平鎮區平鎮里8鄰新光路二段101巷21號,68,6801000,6801000-012,8鄰,新光路,二段,101巷,,,,21號,121.205614182126,24.9314142154308
桃園市平鎮區平鎮里8鄰新光路二段101巷22號,68,6801000,6801000-012,8鄰,新光路,二段,101巷,,,,22號,121.205648646651,24.9312995971338
桃園市平鎮區平鎮里8鄰新光路二段101巷23號,68,6801000,6801000-012,8鄰,新光路,二段,101巷,,,,23號,121.20566147211,24.9314507153265
桃園市平鎮區平鎮里8鄰新光路二段103號,68,6801000,6801000-012,8鄰,新光路,二段,,,,,103號,121.205016276628,24.9307779930359
桃園市平鎮區平鎮里8鄰新光路二段105號,68,6801000,6801000-012,8鄰,新光路,二段,,,,,105號,121.205039381978,24.9307395001484
桃園市平鎮區平鎮里9鄰新光路二段106號,68,6801000,6801000-012,9鄰,新光路,二段,,,,,106號,121.204694692838,24.9309640594776
桃園市平鎮區平鎮里8鄰新光路二段107號,68,6801000,6801000-012,8鄰,新光路,二段,,,,,107號,121.205062982526,24.9307010968602
桃園市平鎮區平鎮里9鄰新光路二段108號,68,6801000,6801000-012,9鄰,新光路,二段,,,,,108號,121.204717204245,24.9309255674559
桃園市平鎮區平鎮里8鄰新光路二段109號,68,6801000,6801000-012,8鄰,新光路,二段,,,,,109號,121.20508608964,24.9306636873743
桃園市平鎮區平鎮里9鄰新光路二段110號,68,6801000,6801000-012,9鄰,新光路,二段,,,,,110號,121.204739719069,24.9308891519647
桃園市平鎮區平鎮里8鄰新光路二段111號,68,6801000,6801000-012,8鄰,新光路,二段,,,,,111號,121.205110182682,24.9306237485679
桃園市平鎮區平鎮里9鄰新光路二段112號,68,6801000,6801000-012,9鄰,新光路,二段,,,,,112號,121.204762823779,24.9308502076995
桃園市平鎮區平鎮里8鄰新光路二段113號,68,6801000,6801000-012,8鄰,新光路,二段,,,,,113號,121.205133782589,24.9305849841319
桃園市平鎮區平鎮里9鄰新光路二段114號,68,6801000,6801000-012,9鄰,新光路,二段,,,,,114號,121.204785633824,24.9308127083841
桃園市平鎮區平鎮里8鄰新光路二段115號,68,6801000,6801000-012,8鄰,新光路,二段,,,,,115號,121.205155802764,24.930548930395
桃園市平鎮區平鎮里9鄰新光路二段116號,68,6801000,6801000-012,9鄰,新光路,二段,,,,,116號,121.204810321964,24.9307733105146
桃園市平鎮區平鎮里8鄰新光路二段117號,68,6801000,6801000-012,8鄰,新光路,二段,,,,,117號,121.205184241999,24.9305027559784
桃園市平鎮區平鎮里9鄰新光路二段118巷1弄1號,68,6801000,6801000-012,9鄰,新光路,二段,118巷,1弄,,,1號,121.204753571673,24.9306438305158
桃園市平鎮區平鎮里9鄰新光路二段118巷1弄2之1號,68,6801000,6801000-012,9鄰,新光路,二段,118巷,1弄,,,2之1號,121.204688655052,24.9305456000724
桃園市平鎮區平鎮里9鄰新光路二段118巷1弄2號,68,6801000,6801000-012,9鄰,新光路,二段,118巷,1弄,,,2號,121.204659128868,24.9305932204362
桃園市平鎮區平鎮里9鄰新光路二段118巷1弄3號,68,6801000,6801000-012,9鄰,新光路,二段,118巷,1弄,,,3號,121.204780925074,24.9305995536375
桃園市平鎮區平鎮里9鄰新光路二段118巷1弄5號,68,6801000,6801000-012,9鄰,新光路,二段,118巷,1弄,,,5號,121.204810451212,24.9305519332499
桃園市平鎮區平鎮里9鄰新光路二段118巷1弄6號,68,6801000,6801000-012,9鄰,新光路,二段,118巷,1弄,,,6號,121.2047203574,24.9304967127338
桃園市平鎮區平鎮里9鄰新光路二段118巷1弄7號,68,6801000,6801000-012,9鄰,新光路,二段,118巷,1弄,,,7號,121.204836225148,24.9305105476287
桃園市平鎮區平鎮里9鄰新光路二段118巷1弄8號,68,6801000,6801000-012,9鄰,新光路,二段,118巷,1弄,,,8號,121.204749287374,24.9304478291963
桃園市平鎮區平鎮里9鄰新光路二段118巷1弄9號,68,6801000,6801000-012,9鄰,新光路,二段,118巷,1弄,,,9號,121.204865156273,24.9304623863418
桃園市平鎮區平鎮里9鄰新光路二段118巷1弄10號,68,6801000,6801000-012,9鄰,新光路,二段,118巷,1弄,,,10號,121.204778811698,24.9303991254051
桃園市平鎮區平鎮里9鄰新光路二段118巷1弄11號,68,6801000,6801000-012,9鄰,新光路,二段,118巷,1弄,,,11號,121.204895177259,24.9304146749725
桃園市平鎮區平鎮里9鄰新光路二段118巷2弄1號,68,6801000,6801000-012,9鄰,新光路,二段,118巷,2弄,,,1號,121.204515413261,24.9306241143391
桃園市平鎮區平鎮里9鄰新光路二段118巷2弄2號,68,6801000,6801000-012,9鄰,新光路,二段,118巷,2弄,,,2號,121.204630860872,24.9306832726849
桃園市平鎮區平鎮里9鄰新光路二段118巷2弄3號,68,6801000,6801000-012,9鄰,新光路,二段,118巷,2弄,,,3號,121.204491811812,24.9306620661215
桃園市平鎮區平鎮里9鄰新光路二段118巷2弄4號,68,6801000,6801000-012,9鄰,新光路,二段,118巷,2弄,,,4號,121.204608842011,24.9307202291857
桃園市平鎮區平鎮里9鄰新光路二段118巷2弄5號,68,6801000,6801000-012,9鄰,新光路,二段,118巷,2弄,,,5號,121.204469298744,24.9306995649857
桃園市平鎮區平鎮里9鄰新光路二段118巷2弄6號,68,6801000,6801000-012,9鄰,新光路,二段,118巷,2弄,,,6號,121.204585242063,24.9307590838232
桃園市平鎮區平鎮里9鄰新光路二段118巷2弄7號,68,6801000,6801000-012,9鄰,新光路,二段,118巷,2弄,,,7號,121.204445698756,24.9307384196015
桃園市平鎮區平鎮里9鄰新光路二段118巷2弄8號,68,6801000,6801000-012,9鄰,新光路,二段,118巷,2弄,,,8號,121.204561642249,24.9307980287409
桃園市平鎮區平鎮里9鄰新光路二段118巷2弄9號,68,6801000,6801000-012,9鄰,新光路,二段,118巷,2弄,,,9號,121.204423086647,24.9307759185943
桃園市平鎮區平鎮里9鄰新光路二段118巷2弄10號,68,6801000,6801000-012,9鄰,新光路,二段,118巷,2弄,,,10號,121.204539720721,24.9308339919703
桃園市平鎮區平鎮里9鄰新光路二段118巷2弄11號,68,6801000,6801000-012,9鄰,新光路,二段,118巷,2弄,,,11號,121.204401167464,24.930813326349
桃園市平鎮區平鎮里9鄰新光路二段118巷2弄12號,68,6801000,6801000-012,9鄰,新光路,二段,118巷,2弄,,,12號,121.204510197839,24.9308836888376
桃園市平鎮區平鎮里9鄰新光路二段118巷2弄13號,68,6801000,6801000-012,9鄰,新光路,二段,118巷,2弄,,,13號,121.20437697425,24.9308527234727
桃園市平鎮區平鎮里9鄰新光路二段120號,68,6801000,6801000-012,9鄰,新光路,二段,,,,,120號,121.20485781815,24.9306952396209
桃園市平鎮區平鎮里9鄰新光路二段122號,68,6801000,6801000-012,9鄰,新光路,二段,,,,,122號,121.204886255888,24.9306480721362
桃園市平鎮區平鎮里9鄰新光路二段124號,68,6801000,6801000-012,9鄰,新光路,二段,,,,,124號,121.204915678954,24.9305980141939
桃園市平鎮區平鎮里9鄰新光路二段126號,68,6801000,6801000-012,9鄰,新光路,二段,,,,,126號,121.204944708185,24.9305493110516
桃園市平鎮區平鎮里9鄰新光路二段128號,68,6801000,6801000-012,9鄰,新光路,二段,,,,,128號,121.204974232606,24.9305006975067
桃園市平鎮區平鎮里9鄰新光路二段130號,68,6801000,6801000-012,9鄰,新光路,二段,,,,,130號,121.205005832233,24.9304496434259
桃園市平鎮區平鎮里9鄰新光路二段132號,68,6801000,6801000-012,9鄰,新光路,二段,,,,,132號,121.20514024973,24.9302449645771
桃園市平鎮區平鎮里9鄰新光路二段136之1號,68,6801000,6801000-012,9鄰,新光路,二段,,,,,136之1號,121.204911170314,24.930146689194
桃園市平鎮區平鎮里9鄰新光路二段158號,68,6801000,6801000-012,9鄰,新光路,二段,,,,,158號,121.205288300359,24.9297231883647
桃園市平鎮區廣仁里31鄰新光路1巷1號,68,6801000,6801000-034,31鄰,新光路,,1巷,,,,1號,121.206208200616,24.9408968495198
桃園市平鎮區廣仁里31鄰新光路1巷2號,68,6801000,6801000-034,31鄰,新光路,,1巷,,,,2號,121.206257538377,24.9409120392646
桃園市平鎮區廣仁里31鄰新光路1巷3號,68,6801000,6801000-034,31鄰,新光路,,1巷,,,,3號,121.206299859804,24.9409357254176
桃園市平鎮區廣仁里31鄰新光路1巷5號,68,6801000,6801000-034,31鄰,新光路,,1巷,,,,5號,121.206348357683,24.9409817031943
桃園市平鎮區廣仁里30鄰新光路2號,68,6801000,6801000-034,30鄰,新光路,,,,,,2號,121.205926001084,24.9412009556705
桃園市平鎮區廣仁里31鄰新光路3號,68,6801000,6801000-034,31鄰,新光路,,,,,,3號,121.206046599875,24.9408977953195
桃園市平鎮區廣仁里31鄰新光路7號,68,6801000,6801000-034,31鄰,新光路,,,,,,7號,121.206095169606,24.9407489398513
桃園市平鎮區廣仁里22鄰新光路17巷2弄1號,68,6801000,6801000-034,22鄰,新光路,,17巷,2弄,,,1號,121.206274106113,24.9405144951484
桃園市平鎮區廣仁里22鄰新光路17巷2弄2號,68,6801000,6801000-034,22鄰,新光路,,17巷,2弄,,,2號,121.206167075954,24.940342742198
桃園市平鎮區廣仁里22鄰新光路17巷2弄3號,68,6801000,6801000-034,22鄰,新光路,,17巷,2弄,,,3號,121.206320197939,24.9404833735883
桃園市平鎮區廣仁里22鄰新光路17巷2弄4號,68,6801000,6801000-034,22鄰,新光路,,17巷,2弄,,,4號,121.206203260151,24.9403082938655
桃園市平鎮區廣仁里22鄰新光路17巷2弄5號,68,6801000,6801000-034,22鄰,新光路,,17巷,2弄,,,5號,121.206375993745,24.9404522385757
桃園市平鎮區廣仁里22鄰新光路17巷2弄6號,68,6801000,6801000-034,22鄰,新光路,,17巷,2弄,,,6號,121.206247175877,24.9402786198852
桃園市平鎮區廣仁里22鄰新光路17巷2弄7號,68,6801000,6801000-034,22鄰,新光路,,17巷,2弄,,,7號,121.206423958937,24.9404163293282
桃園市平鎮區廣仁里22鄰新光路17巷2弄8號,68,6801000,6801000-034,22鄰,新光路,,17巷,2弄,,,8號,121.206292693045,24.9402592360707
桃園市平鎮區廣仁里31鄰新光路17巷7號,68,6801000,6801000-034,31鄰,新光路,,17巷,,,,7號,121.206303249131,24.94071145486
桃園市平鎮區廣仁里31鄰新光路17巷9號,68,6801000,6801000-034,31鄰,新光路,,17巷,,,,9號,121.206359056257,24.9407464981321
桃園市平鎮區廣仁里31鄰新光路17巷11號,68,6801000,6801000-034,31鄰,新光路,,17巷,,,,11號,121.206406334548,24.9407736984739
桃園市平鎮區廣仁里31鄰新光路17巷15號,68,6801000,6801000-034,31鄰,新光路,,17巷,,,,15號,121.206459956805,24.9408048625148
桃園市平鎮區廣仁里32鄰新光路17巷16號,68,6801000,6801000-034,32鄰,新光路,,17巷,,,,16號,121.206528017574,24.9407060876137
桃園市平鎮區廣仁里31鄰新光路17巷17號,68,6801000,6801000-034,31鄰,新光路,,17巷,,,,17號,121.20650069661,24.9408301759172
桃園市平鎮區廣仁里32鄰新光路17巷18號,68,6801000,6801000-034,32鄰,新光路,,17巷,,,,18號,121.206565590355,24.9407323985137
桃園市平鎮區廣仁里32鄰新光路17巷20號,68,6801000,6801000-034,32鄰,新光路,,17巷,,,,20號,121.206603171132,24.9407634944537
桃園市平鎮區廣仁里32鄰新光路17巷22號,68,6801000,6801000-034,32鄰,新光路,,17巷,,,,22號,121.206632124175,24.9407868379093
桃園市平鎮區廣仁里22鄰新光路23號,68,6801000,6801000-034,22鄰,新光路,,,,,,23號,121.206004535186,24.9404329802943
桃園市平鎮區廣仁里22鄰新光路25號,68,6801000,6801000-034,22鄰,新光路,,,,,,25號,121.205998105704,24.940377554701
桃園市平鎮區廣仁里22鄰新光路27號,68,6801000,6801000-034,22鄰,新光路,,,,,,27號,121.205995955118,24.9403347629764
桃園市平鎮區廣仁里22鄰新光路29號,68,6801000,6801000-034,22鄰,新光路,,,,,,29號,121.205991617982,24.9402870989286
桃園市平鎮區廣仁里22鄰新光路33號,68,6801000,6801000-034,22鄰,新光路,,,,,,33號,121.205992654156,24.9401956396291
桃園市平鎮區廣仁里22鄰新光路35號,68,6801000,6801000-034,22鄰,新光路,,,,,,35號,121.205998102162,24.9401372182378
桃園市平鎮區廣仁里22鄰新光路35號三樓,68,6801000,6801000-034,22鄰,新光路,,,,,,35號三樓,121.205998102162,24.9401372182378
桃園市平鎮區廣仁里22鄰新光路35號四樓,68,6801000,6801000-034,22鄰,新光路,,,,,,35號四樓,121.205998102162,24.9401372182378
桃園市平鎮區廣仁里22鄰新光路35號五樓,68,6801000,6801000-034,22鄰,新光路,,,,,,35號五樓,121.205998102162,24.9401372182378
桃園市平鎮區廣仁里22鄰新光路35號二樓,68,6801000,6801000-034,22鄰,新光路,,,,,,35號二樓,121.205998102162,24.9401372182378
桃園市平鎮區廣仁里23鄰新光路38號,68,6801000,6801000-034,23鄰,新光路,,,,,,38號,121.205815157607,24.9403432286422
桃園市平鎮區廣仁里23鄰新光路38號二樓,68,6801000,6801000-034,23鄰,新光路,,,,,,38號二樓,121.205815157607,24.9403432286422
桃園市平鎮區廣仁里23鄰新光路38號三樓,68,6801000,6801000-034,23鄰,新光路,,,,,,38號三樓,121.205815157607,24.9403432286422
桃園市平鎮區廣仁里23鄰新光路38號四樓,68,6801000,6801000-034,23鄰,新光路,,,,,,38號四樓,121.205815157607,24.9403432286422
桃園市平鎮區廣仁里23鄰新光路38號五樓,68,6801000,6801000-034,23鄰,新光路,,,,,,38號五樓,121.205815157607,24.9403432286422
桃園市平鎮區廣仁里22鄰新光路39號,68,6801000,6801000-034,22鄰,新光路,,,,,,39號,121.205988963878,24.940060579605
桃園市平鎮區廣仁里23鄰新光路40號,68,6801000,6801000-034,23鄰,新光路,,,,,,40號,121.205807616343,24.9402741716648
桃園市平鎮區廣仁里23鄰新光路40號二樓,68,6801000,6801000-034,23鄰,新光路,,,,,,40號二樓,121.205807616343,24.9402741716648
桃園市平鎮區廣仁里23鄰新光路40號三樓,68,6801000,6801000-034,23鄰,新光路,,,,,,40號三樓,121.205807616343,24.9402741716648
桃園市平鎮區廣仁里23鄰新光路40號四樓,68,6801000,6801000-034,23鄰,新光路,,,,,,40號四樓,121.205807616343,24.9402741716648
桃園市平鎮區廣仁里23鄰新光路40號五樓,68,6801000,6801000-034,23鄰,新光路,,,,,,40號五樓,121.205807616343,24.9402741716648
桃園市平鎮區廣仁里22鄰新光路41號,68,6801000,6801000-034,22鄰,新光路,,,,,,41號,121.205981251965,24.9400080448743
桃園市平鎮區廣仁里23鄰新光路42之1號,68,6801000,6801000-034,23鄰,新光路,,,,,,42之1號,121.205773247398,24.940149626965
桃園市平鎮區廣仁里23鄰新光路42號,68,6801000,6801000-034,23鄰,新光路,,,,,,42號,121.205788291679,24.9402051309586
桃園市平鎮區廣仁里23鄰新光路42之1號四樓,68,6801000,6801000-034,23鄰,新光路,,,,,,42之1號四樓,121.205773247398,24.940149626965
桃園市平鎮區廣仁里23鄰新光路42號二樓,68,6801000,6801000-034,23鄰,新光路,,,,,,42號二樓,121.205788291679,24.9402051309586
桃園市平鎮區廣仁里23鄰新光路42號三樓,68,6801000,6801000-034,23鄰,新光路,,,,,,42號三樓,121.205788291679,24.9402051309586
桃園市平鎮區廣仁里23鄰新光路42號四樓,68,6801000,6801000-034,23鄰,新光路,,,,,,42號四樓,121.205788291679,24.9402051309586
桃園市平鎮區廣仁里23鄰新光路42號五樓,68,6801000,6801000-034,23鄰,新光路,,,,,,42號五樓,121.205788291679,24.9402051309586
桃園市平鎮區廣仁里23鄰新光路42之1號二樓,68,6801000,6801000-034,23鄰,新光路,,,,,,42之1號二樓,121.205773247398,24.940149626965
桃園市平鎮區廣仁里23鄰新光路42之1號三樓,68,6801000,6801000-034,23鄰,新光路,,,,,,42之1號三樓,121.205773247398,24.940149626965
桃園市平鎮區廣仁里23鄰新光路42之1號五樓,68,6801000,6801000-034,23鄰,新光路,,,,,,42之1號五樓,121.205773247398,24.940149626965
桃園市平鎮區廣仁里22鄰新光路43號,68,6801000,6801000-034,22鄰,新光路,,,,,,43號,121.205996020912,24.9399574653215
桃園市平鎮區廣仁里22鄰新光路45號,68,6801000,6801000-034,22鄰,新光路,,,,,,45號,121.20598373737,24.9398353278085
桃園市平鎮區廣仁里23鄰新光路46號,68,6801000,6801000-034,23鄰,新光路,,,,,,46號,121.205748683251,24.9400857396848
桃園市平鎮區廣仁里23鄰新光路46號五樓,68,6801000,6801000-034,23鄰,新光路,,,,,,46號五樓,121.205748683251,24.9400857396848
桃園市平鎮區廣仁里23鄰新光路46號三樓,68,6801000,6801000-034,23鄰,新光路,,,,,,46號三樓,121.205748683251,24.9400857396848
桃園市平鎮區廣仁里23鄰新光路46號四樓,68,6801000,6801000-034,23鄰,新光路,,,,,,46號四樓,121.205748683251,24.9400857396848
桃園市平鎮區廣仁里23鄰新光路46號二樓,68,6801000,6801000-034,23鄰,新光路,,,,,,46號二樓,121.205748683251,24.9400857396848
桃園市平鎮區廣仁里23鄰新光路48號,68,6801000,6801000-034,23鄰,新光路,,,,,,48號,121.205728869396,24.9400202207271
桃園市平鎮區廣仁里23鄰新光路48號二樓,68,6801000,6801000-034,23鄰,新光路,,,,,,48號二樓,121.205728869396,24.9400202207271
桃園市平鎮區廣仁里23鄰新光路48號五樓,68,6801000,6801000-034,23鄰,新光路,,,,,,48號五樓,121.205728869396,24.9400202207271
桃園市平鎮區廣仁里23鄰新光路48號四樓,68,6801000,6801000-034,23鄰,新光路,,,,,,48號四樓,121.205728869396,24.9400202207271
桃園市平鎮區廣仁里23鄰新光路48號三樓,68,6801000,6801000-034,23鄰,新光路,,,,,,48號三樓,121.205728869396,24.9400202207271
桃園市平鎮區廣仁里23鄰新光路50號,68,6801000,6801000-034,23鄰,新光路,,,,,,50號,121.205763321697,24.9399565228172
桃園市平鎮區廣仁里23鄰新光路52號,68,6801000,6801000-034,23鄰,新光路,,,,,,52號,121.205753733455,24.939906970042
桃園市平鎮區廣仁里23鄰新光路54號,68,6801000,6801000-034,23鄰,新光路,,,,,,54號,121.205749407673,24.9398660772817
桃園市平鎮區廣仁里23鄰新光路56號,68,6801000,6801000-034,23鄰,新光路,,,,,,56號,121.205718337963,24.9398200752427
桃園市平鎮區廣仁里23鄰新光路58號,68,6801000,6801000-034,23鄰,新光路,,,,,,58號,121.205716097761,24.9397828812532
桃園市平鎮區廣仁里23鄰新光路60號,68,6801000,6801000-034,23鄰,新光路,,,,,,60號,121.205722554818,24.9397357439979
桃園市平鎮區廣仁里23鄰新光路62號,68,6801000,6801000-034,23鄰,新光路,,,,,,62號,121.2057054444,24.9396881878537
桃園市平鎮區廣仁里24鄰新光路64號,68,6801000,6801000-034,24鄰,新光路,,,,,,64號,121.205625680753,24.9394775746501
桃園市平鎮區廣仁里33鄰新光路65巷1號,68,6801000,6801000-034,33鄰,新光路,,65巷,,,,1號,121.205792303816,24.939520681062
桃園市平鎮區廣仁里33鄰新光路65巷1號二樓,68,6801000,6801000-034,33鄰,新光路,,65巷,,,,1號二樓,121.205792303816,24.939520681062
桃園市平鎮區廣仁里33鄰新光路65巷1號三樓,68,6801000,6801000-034,33鄰,新光路,,65巷,,,,1號三樓,121.205792303816,24.939520681062
桃園市平鎮區廣仁里33鄰新光路65巷1號四樓,68,6801000,6801000-034,33鄰,新光路,,65巷,,,,1號四樓,121.205792303816,24.939520681062
桃園市平鎮區廣仁里33鄰新光路65巷1號五樓,68,6801000,6801000-034,33鄰,新光路,,65巷,,,,1號五樓,121.205792303816,24.939520681062
桃園市平鎮區廣仁里21鄰新光路65巷2號,68,6801000,6801000-034,21鄰,新光路,,65巷,,,,2號,121.205756267271,24.9393458503566
桃園市平鎮區廣仁里33鄰新光路65巷3號,68,6801000,6801000-034,33鄰,新光路,,65巷,,,,3號,121.205882441149,24.9395382522641
桃園市平鎮區廣仁里33鄰新光路65巷3號二樓,68,6801000,6801000-034,33鄰,新光路,,65巷,,,,3號二樓,121.205882441149,24.9395382522641
桃園市平鎮區廣仁里33鄰新光路65巷3號三樓,68,6801000,6801000-034,33鄰,新光路,,65巷,,,,3號三樓,121.205882441149,24.9395382522641
桃園市平鎮區廣仁里33鄰新光路65巷3號四樓,68,6801000,6801000-034,33鄰,新光路,,65巷,,,,3號四樓,121.205882441149,24.9395382522641
桃園市平鎮區廣仁里33鄰新光路65巷3號五樓,68,6801000,6801000-034,33鄰,新光路,,65巷,,,,3號五樓,121.205882441149,24.9395382522641
桃園市平鎮區廣仁里20鄰新光路65巷4號,68,6801000,6801000-034,20鄰,新光路,,65巷,,,,4號,121.205798487696,24.9393687242419
桃園市平鎮區廣仁里20鄰新光路65巷6號,68,6801000,6801000-034,20鄰,新光路,,65巷,,,,6號,121.205842560559,24.939374170709
桃園市平鎮區廣仁里20鄰新光路65巷8號,68,6801000,6801000-034,20鄰,新光路,,65巷,,,,8號,121.205897239474,24.9393861932555
桃園市平鎮區廣仁里33鄰新光路65巷9號,68,6801000,6801000-034,33鄰,新光路,,65巷,,,,9號,121.206037973569,24.9395810125847
桃園市平鎮區廣仁里20鄰新光路65巷10號,68,6801000,6801000-034,20鄰,新光路,,65巷,,,,10號,121.205936075264,24.9393982376757
桃園市平鎮區廣仁里33鄰新光路65巷11號,68,6801000,6801000-034,33鄰,新光路,,65巷,,,,11號,121.206118502759,24.9395966106749
桃園市平鎮區廣仁里20鄰新光路65巷12號,68,6801000,6801000-034,20鄰,新光路,,65巷,,,,12號,121.205993929882,24.9394144991548
桃園市平鎮區廣仁里20鄰新光路65巷14號,68,6801000,6801000-034,20鄰,新光路,,65巷,,,,14號,121.206032380271,24.9394329542595
桃園市平鎮區廣仁里20鄰新光路65巷16號,68,6801000,6801000-034,20鄰,新光路,,65巷,,,,16號,121.20607745012,24.9394424620667
桃園市平鎮區廣仁里20鄰新光路65巷18號,68,6801000,6801000-034,20鄰,新光路,,65巷,,,,18號,121.206123626016,24.9394620801589
桃園市平鎮區廣仁里20鄰新光路65巷20號,68,6801000,6801000-034,20鄰,新光路,,65巷,,,,20號,121.206174012595,24.9394533431784
桃園市平鎮區廣仁里25鄰新光路66巷1號,68,6801000,6801000-034,25鄰,新光路,,66巷,,,,1號,121.205534846551,24.9391592676297
桃園市平鎮區廣仁里24鄰新光路66巷2號,68,6801000,6801000-034,24鄰,新光路,,66巷,,,,2號,121.205567853117,24.9395372419892
桃園市平鎮區廣仁里25鄰新光路66巷3號,68,6801000,6801000-034,25鄰,新光路,,66巷,,,,3號,121.205517377624,24.9391939608491
桃園市平鎮區廣仁里24鄰新光路66巷4號,68,6801000,6801000-034,24鄰,新光路,,66巷,,,,4號,121.205560304397,24.9395829361982
桃園市平鎮區廣仁里25鄰新光路66巷5號,68,6801000,6801000-034,25鄰,新光路,,66巷,,,,5號,121.205495468385,24.9392380497446
桃園市平鎮區廣仁里24鄰新光路66巷6號,68,6801000,6801000-034,24鄰,新光路,,66巷,,,,6號,121.20555384339,24.9396277260645
桃園市平鎮區廣仁里25鄰新光路66巷7號,68,6801000,6801000-034,25鄰,新光路,,66巷,,,,7號,121.205488200691,24.9392740831563
桃園市平鎮區廣仁里24鄰新光路66巷8號,68,6801000,6801000-034,24鄰,新光路,,66巷,,,,8號,121.205503425515,24.9396773616133
桃園市平鎮區廣仁里25鄰新光路66巷9號,68,6801000,6801000-034,25鄰,新光路,,66巷,,,,9號,121.205470172804,24.9393299939243
桃園市平鎮區廣仁里24鄰新光路66巷10號,68,6801000,6801000-034,24鄰,新光路,,66巷,,,,10號,121.205504502872,24.9397299055212
桃園市平鎮區廣仁里25鄰新光路66巷11號,68,6801000,6801000-034,25鄰,新光路,,66巷,,,,11號,121.205449048944,24.9393700189411
桃園市平鎮區廣仁里24鄰新光路66巷12號,68,6801000,6801000-034,24鄰,新光路,,66巷,,,,12號,121.205499127763,24.9397727076349
桃園市平鎮區廣仁里25鄰新光路66巷13號,68,6801000,6801000-034,25鄰,新光路,,66巷,,,,13號,121.205432963993,24.9394033559792
桃園市平鎮區廣仁里24鄰新光路66巷14號,68,6801000,6801000-034,24鄰,新光路,,66巷,,,,14號,121.205503458251,24.9398164894908
桃園市平鎮區廣仁里25鄰新光路66巷15號,68,6801000,6801000-034,25鄰,新光路,,66巷,,,,15號,121.205418388728,24.9394514072567
桃園市平鎮區廣仁里24鄰新光路66巷16號,68,6801000,6801000-034,24鄰,新光路,,66巷,,,,16號,121.205494826711,24.9398660674078
桃園市平鎮區廣仁里25鄰新光路66巷17號,68,6801000,6801000-034,25鄰,新光路,,66巷,,,,17號,121.205417580181,24.9395012452409
桃園市平鎮區廣仁里24鄰新光路66巷18號,68,6801000,6801000-034,24鄰,新光路,,66巷,,,,18號,121.205507765502,24.939905955173
桃園市平鎮區廣仁里25鄰新光路66巷19號,68,6801000,6801000-034,25鄰,新光路,,66巷,,,,19號,121.205382194143,24.9395393036537
桃園市平鎮區廣仁里24鄰新光路66巷20號,68,6801000,6801000-034,24鄰,新光路,,66巷,,,,20號,121.205509914263,24.9399477537845
桃園市平鎮區廣仁里25鄰新光路66巷21號,68,6801000,6801000-034,25鄰,新光路,,66巷,,,,21號,121.205367618843,24.9395873549255
桃園市平鎮區廣仁里24鄰新光路66巷22號,68,6801000,6801000-034,24鄰,新光路,,66巷,,,,22號,121.205514142597,24.9399896398121
桃園市平鎮區廣仁里25鄰新光路66巷23號,68,6801000,6801000-034,25鄰,新光路,,66巷,,,,23號,121.205362753157,24.9396388236149
桃園市平鎮區廣仁里24鄰新光路66巷24號,68,6801000,6801000-034,24鄰,新光路,,66巷,,,,24號,121.205530258139,24.9400343985392
桃園市平鎮區廣仁里25鄰新光路66巷25號,68,6801000,6801000-034,25鄰,新光路,,66巷,,,,25號,121.205351044924,24.9396841624081
桃園市平鎮區廣仁里24鄰新光路66巷26號,68,6801000,6801000-034,24鄰,新光路,,66巷,,,,26號,121.205580041451,24.9401393303689
桃園市平鎮區廣仁里24鄰新光路66巷26號三樓,68,6801000,6801000-034,24鄰,新光路,,66巷,,,,26號三樓,121.205580041451,24.9401393303689
桃園市平鎮區廣仁里24鄰新光路66巷26號二樓,68,6801000,6801000-034,24鄰,新光路,,66巷,,,,26號二樓,121.205580041451,24.9401393303689
桃園市平鎮區廣仁里24鄰新光路66巷26號四樓,68,6801000,6801000-034,24鄰,新光路,,66巷,,,,26號四樓,121.205580041451,24.9401393303689
桃園市平鎮區廣仁里24鄰新光路66巷26號五樓,68,6801000,6801000-034,24鄰,新光路,,66巷,,,,26號五樓,121.205580041451,24.9401393303689
桃園市平鎮區廣仁里25鄰新光路66巷27號,68,6801000,6801000-034,25鄰,新光路,,66巷,,,,27號,121.205337946064,24.9397268848751
桃園市平鎮區廣仁里24鄰新光路66巷28號,68,6801000,6801000-034,24鄰,新光路,,66巷,,,,28號,121.205603503114,24.9401952741905
桃園市平鎮區廣仁里24鄰新光路66巷28號二樓,68,6801000,6801000-034,24鄰,新光路,,66巷,,,,28號二樓,121.205603503114,24.9401952741905
桃園市平鎮區廣仁里24鄰新光路66巷28號三樓,68,6801000,6801000-034,24鄰,新光路,,66巷,,,,28號三樓,121.205603503114,24.9401952741905
桃園市平鎮區廣仁里24鄰新光路66巷28號四樓,68,6801000,6801000-034,24鄰,新光路,,66巷,,,,28號四樓,121.205603503114,24.9401952741905
桃園市平鎮區廣仁里24鄰新光路66巷28號五樓,68,6801000,6801000-034,24鄰,新光路,,66巷,,,,28號五樓,121.205603503114,24.9401952741905
桃園市平鎮區廣仁里25鄰新光路66巷29號,68,6801000,6801000-034,25鄰,新光路,,66巷,,,,29號,121.205338521518,24.9397753666876
桃園市平鎮區廣仁里24鄰新光路66巷30號,68,6801000,6801000-034,24鄰,新光路,,66巷,,,,30號,121.205629944398,24.940256630947
桃園市平鎮區廣仁里24鄰新光路66巷30號二樓,68,6801000,6801000-034,24鄰,新光路,,66巷,,,,30號二樓,121.205629944398,24.940256630947
桃園市平鎮區廣仁里24鄰新光路66巷30號三樓,68,6801000,6801000-034,24鄰,新光路,,66巷,,,,30號三樓,121.205629944398,24.940256630947
桃園市平鎮區廣仁里24鄰新光路66巷30號四樓,68,6801000,6801000-034,24鄰,新光路,,66巷,,,,30號四樓,121.205629944398,24.940256630947
桃園市平鎮區廣仁里24鄰新光路66巷30號五樓,68,6801000,6801000-034,24鄰,新光路,,66巷,,,,30號五樓,121.205629944398,24.940256630947
桃園市平鎮區廣仁里25鄰新光路66巷31號,68,6801000,6801000-034,25鄰,新光路,,66巷,,,,31號,121.205347308296,24.9398194132606
桃園市平鎮區廣仁里24鄰新光路66巷32號,68,6801000,6801000-034,24鄰,新光路,,66巷,,,,32號,121.205666692666,24.9403233002401
桃園市平鎮區廣仁里24鄰新光路66巷32號四樓,68,6801000,6801000-034,24鄰,新光路,,66巷,,,,32號四樓,121.205666692666,24.9403233002401
桃園市平鎮區廣仁里24鄰新光路66巷32號五樓,68,6801000,6801000-034,24鄰,新光路,,66巷,,,,32號五樓,121.205666692666,24.9403233002401
桃園市平鎮區廣仁里24鄰新光路66巷32號二樓,68,6801000,6801000-034,24鄰,新光路,,66巷,,,,32號二樓,121.205666692666,24.9403233002401
桃園市平鎮區廣仁里24鄰新光路66巷32號三樓,68,6801000,6801000-034,24鄰,新光路,,66巷,,,,32號三樓,121.205666692666,24.9403233002401
桃園市平鎮區廣仁里25鄰新光路66巷33號,68,6801000,6801000-034,25鄰,新光路,,66巷,,,,33號,121.205315913318,24.9398757938457
桃園市平鎮區廣仁里24鄰新光路66巷34號,68,6801000,6801000-034,24鄰,新光路,,66巷,,,,34號,121.205694506954,24.9403766197976
桃園市平鎮區廣仁里24鄰新光路66巷34號二樓,68,6801000,6801000-034,24鄰,新光路,,66巷,,,,34號二樓,121.205694506954,24.9403766197976
桃園市平鎮區廣仁里24鄰新光路66巷34號三樓,68,6801000,6801000-034,24鄰,新光路,,66巷,,,,34號三樓,121.205694506954,24.9403766197976
桃園市平鎮區廣仁里24鄰新光路66巷34號四樓,68,6801000,6801000-034,24鄰,新光路,,66巷,,,,34號四樓,121.205694506954,24.9403766197976
桃園市平鎮區廣仁里24鄰新光路66巷34號五樓,68,6801000,6801000-034,24鄰,新光路,,66巷,,,,34號五樓,121.205694506954,24.9403766197976
桃園市平鎮區廣仁里25鄰新光路66巷35號,68,6801000,6801000-034,25鄰,新光路,,66巷,,,,35號,121.20533659013,24.9399244285303
桃園市平鎮區廣仁里24鄰新光路66巷36號,68,6801000,6801000-034,24鄰,新光路,,66巷,,,,36號,121.205727680662,24.9404373352528
桃園市平鎮區廣仁里24鄰新光路66巷36號三樓,68,6801000,6801000-034,24鄰,新光路,,66巷,,,,36號三樓,121.205727680662,24.9404373352528
桃園市平鎮區廣仁里24鄰新光路66巷36號四樓,68,6801000,6801000-034,24鄰,新光路,,66巷,,,,36號四樓,121.205727680662,24.9404373352528
桃園市平鎮區廣仁里24鄰新光路66巷36號五樓,68,6801000,6801000-034,24鄰,新光路,,66巷,,,,36號五樓,121.205727680662,24.9404373352528
桃園市平鎮區廣仁里24鄰新光路66巷36號二樓,68,6801000,6801000-034,24鄰,新光路,,66巷,,,,36號二樓,121.205727680662,24.9404373352528
桃園市平鎮區廣仁里25鄰新光路66巷37號,68,6801000,6801000-034,25鄰,新光路,,66巷,,,,37號,121.205345178429,24.9399682045234
桃園市平鎮區廣仁里24鄰新光路66巷38號,68,6801000,6801000-034,24鄰,新光路,,66巷,,,,38號,121.205778955656,24.9404862887637
桃園市平鎮區廣仁里24鄰新光路66巷38號二樓,68,6801000,6801000-034,24鄰,新光路,,66巷,,,,38號二樓,121.205778955656,24.9404862887637
桃園市平鎮區廣仁里24鄰新光路66巷38號三樓,68,6801000,6801000-034,24鄰,新光路,,66巷,,,,38號三樓,121.205778955656,24.9404862887637
桃園市平鎮區廣仁里24鄰新光路66巷38號四樓,68,6801000,6801000-034,24鄰,新光路,,66巷,,,,38號四樓,121.205778955656,24.9404862887637
桃園市平鎮區廣仁里24鄰新光路66巷38號五樓,68,6801000,6801000-034,24鄰,新光路,,66巷,,,,38號五樓,121.205778955656,24.9404862887637
桃園市平鎮區廣仁里25鄰新光路66巷39號,68,6801000,6801000-034,25鄰,新光路,,66巷,,,,39號,121.205343069272,24.9400100090043
桃園市平鎮區廣仁里24鄰新光路66巷40號,68,6801000,6801000-034,24鄰,新光路,,66巷,,,,40號,121.205839024031,24.9404639056163
桃園市平鎮區廣仁里24鄰新光路66巷40號三樓,68,6801000,6801000-034,24鄰,新光路,,66巷,,,,40號三樓,121.205839024031,24.9404639056163
桃園市平鎮區廣仁里24鄰新光路66巷40號五樓,68,6801000,6801000-034,24鄰,新光路,,66巷,,,,40號五樓,121.205839024031,24.9404639056163
桃園市平鎮區廣仁里24鄰新光路66巷40號四樓,68,6801000,6801000-034,24鄰,新光路,,66巷,,,,40號四樓,121.205839024031,24.9404639056163
桃園市平鎮區廣仁里24鄰新光路66巷40號二樓,68,6801000,6801000-034,24鄰,新光路,,66巷,,,,40號二樓,121.205839024031,24.9404639056163
桃園市平鎮區廣仁里25鄰新光路66巷41弄1之2號,68,6801000,6801000-034,25鄰,新光路,,66巷,41弄,,,1之2號,121.205198060488,24.9399840263298
桃園市平鎮區廣仁里25鄰新光路66巷41弄1號,68,6801000,6801000-034,25鄰,新光路,,66巷,41弄,,,1號,121.205118249027,24.9399235555184
桃園市平鎮區廣仁里25鄰新光路66巷41弄1之1號,68,6801000,6801000-034,25鄰,新光路,,66巷,41弄,,,1之1號,121.205156319064,24.9399514912101
桃園市平鎮區廣仁里25鄰新光路66巷41弄2號,68,6801000,6801000-034,25鄰,新光路,,66巷,41弄,,,2號,121.205240348179,24.9401072059999
桃園市平鎮區廣仁里25鄰新光路66巷41弄3號,68,6801000,6801000-034,25鄰,新光路,,66巷,41弄,,,3號,121.205083270149,24.939908616485
桃園市平鎮區廣仁里25鄰新光路66巷41弄4號,68,6801000,6801000-034,25鄰,新光路,,66巷,41弄,,,4號,121.20519636139,24.9400940850828
桃園市平鎮區廣仁里25鄰新光路66巷41弄6號,68,6801000,6801000-034,25鄰,新光路,,66巷,41弄,,,6號,121.205156634121,24.9400819514148
桃園市平鎮區廣仁里25鄰新光路66巷41弄8號,68,6801000,6801000-034,25鄰,新光路,,66巷,41弄,,,8號,121.205114231672,24.9400688282922
桃園市平鎮區廣仁里25鄰新光路66巷41弄10號,68,6801000,6801000-034,25鄰,新光路,,66巷,41弄,,,10號,121.205068846224,24.9400482156755
桃園市平鎮區廣仁里25鄰新光路66巷41弄12號,68,6801000,6801000-034,25鄰,新光路,,66巷,41弄,,,12號,121.205024841844,24.9400244411986
桃園市平鎮區廣仁里27鄰新光路66巷43號,68,6801000,6801000-034,27鄰,新光路,,66巷,,,,43號,121.205344198193,24.9400937008815
桃園市平鎮區廣仁里27鄰新光路66巷45號,68,6801000,6801000-034,27鄰,新光路,,66巷,,,,45號,121.205353873634,24.9401362113966
桃園市平鎮區廣仁里27鄰新光路66巷47號,68,6801000,6801000-034,27鄰,新光路,,66巷,,,,47號,121.205367236776,24.940193162297
桃園市平鎮區廣仁里27鄰新光路66巷47號四樓,68,6801000,6801000-034,27鄰,新光路,,66巷,,,,47號四樓,121.205367236776,24.940193162297
桃園市平鎮區廣仁里27鄰新光路66巷47號二樓,68,6801000,6801000-034,27鄰,新光路,,66巷,,,,47號二樓,121.205367236776,24.940193162297
桃園市平鎮區廣仁里27鄰新光路66巷47號五樓,68,6801000,6801000-034,27鄰,新光路,,66巷,,,,47號五樓,121.205367236776,24.940193162297
桃園市平鎮區廣仁里27鄰新光路66巷47號三樓,68,6801000,6801000-034,27鄰,新光路,,66巷,,,,47號三樓,121.205367236776,24.940193162297
桃園市平鎮區廣仁里27鄰新光路66巷49號,68,6801000,6801000-034,27鄰,新光路,,66巷,,,,49號,121.205398711213,24.9402444003314
桃園市平鎮區廣仁里27鄰新光路66巷49號五樓,68,6801000,6801000-034,27鄰,新光路,,66巷,,,,49號五樓,121.205398711213,24.9402444003314
桃園市平鎮區廣仁里27鄰新光路66巷49號二樓,68,6801000,6801000-034,27鄰,新光路,,66巷,,,,49號二樓,121.205398711213,24.9402444003314
桃園市平鎮區廣仁里27鄰新光路66巷49號四樓,68,6801000,6801000-034,27鄰,新光路,,66巷,,,,49號四樓,121.205398711213,24.9402444003314
桃園市平鎮區廣仁里27鄰新光路66巷49號三樓,68,6801000,6801000-034,27鄰,新光路,,66巷,,,,49號三樓,121.205398711213,24.9402444003314
桃園市平鎮區廣仁里27鄰新光路66巷51號,68,6801000,6801000-034,27鄰,新光路,,66巷,,,,51號,121.20542366276,24.9403031409367
桃園市平鎮區廣仁里27鄰新光路66巷51號四樓,68,6801000,6801000-034,27鄰,新光路,,66巷,,,,51號四樓,121.20542366276,24.9403031409367
桃園市平鎮區廣仁里27鄰新光路66巷51號二樓,68,6801000,6801000-034,27鄰,新光路,,66巷,,,,51號二樓,121.20542366276,24.9403031409367
桃園市平鎮區廣仁里27鄰新光路66巷51號五樓,68,6801000,6801000-034,27鄰,新光路,,66巷,,,,51號五樓,121.20542366276,24.9403031409367
桃園市平鎮區廣仁里27鄰新光路66巷51號三樓,68,6801000,6801000-034,27鄰,新光路,,66巷,,,,51號三樓,121.20542366276,24.9403031409367
桃園市平鎮區廣仁里27鄰新光路66巷53號,68,6801000,6801000-034,27鄰,新光路,,66巷,,,,53號,121.205442899296,24.9403788628406
桃園市平鎮區廣仁里27鄰新光路66巷53號二樓,68,6801000,6801000-034,27鄰,新光路,,66巷,,,,53號二樓,121.205442899296,24.9403788628406
桃園市平鎮區廣仁里27鄰新光路66巷53號三樓,68,6801000,6801000-034,27鄰,新光路,,66巷,,,,53號三樓,121.205442899296,24.9403788628406
桃園市平鎮區廣仁里27鄰新光路66巷53號四樓,68,6801000,6801000-034,27鄰,新光路,,66巷,,,,53號四樓,121.205442899296,24.9403788628406
桃園市平鎮區廣仁里27鄰新光路66巷53號五樓,68,6801000,6801000-034,27鄰,新光路,,66巷,,,,53號五樓,121.205442899296,24.9403788628406
桃園市平鎮區廣仁里27鄰新光路66巷55號,68,6801000,6801000-034,27鄰,新光路,,66巷,,,,55號,121.205499818169,24.9404277183839
桃園市平鎮區廣仁里27鄰新光路66巷55號三樓,68,6801000,6801000-034,27鄰,新光路,,66巷,,,,55號三樓,121.205499818169,24.9404277183839
桃園市平鎮區廣仁里27鄰新光路66巷55號四樓,68,6801000,6801000-034,27鄰,新光路,,66巷,,,,55號四樓,121.205499818169,24.9404277183839
桃園市平鎮區廣仁里27鄰新光路66巷55號五樓,68,6801000,6801000-034,27鄰,新光路,,66巷,,,,55號五樓,121.205499818169,24.9404277183839
桃園市平鎮區廣仁里27鄰新光路66巷55號二樓,68,6801000,6801000-034,27鄰,新光路,,66巷,,,,55號二樓,121.205499818169,24.9404277183839
桃園市平鎮區廣仁里27鄰新光路66巷57號,68,6801000,6801000-034,27鄰,新光路,,66巷,,,,57號,121.205519705079,24.9404776181063
桃園市平鎮區廣仁里27鄰新光路66巷57號四樓,68,6801000,6801000-034,27鄰,新光路,,66巷,,,,57號四樓,121.205519705079,24.9404776181063
桃園市平鎮區廣仁里27鄰新光路66巷57號五樓,68,6801000,6801000-034,27鄰,新光路,,66巷,,,,57號五樓,121.205519705079,24.9404776181063
桃園市平鎮區廣仁里27鄰新光路66巷57號二樓,68,6801000,6801000-034,27鄰,新光路,,66巷,,,,57號二樓,121.205519705079,24.9404776181063
桃園市平鎮區廣仁里27鄰新光路66巷57號三樓,68,6801000,6801000-034,27鄰,新光路,,66巷,,,,57號三樓,121.205519705079,24.9404776181063
桃園市平鎮區廣仁里28鄰新光路66巷61號,68,6801000,6801000-034,28鄰,新光路,,66巷,,,,61號,121.205627129163,24.9405888805852
桃園市平鎮區廣仁里28鄰新光路66巷61號四樓,68,6801000,6801000-034,28鄰,新光路,,66巷,,,,61號四樓,121.205627129163,24.9405888805852
桃園市平鎮區廣仁里28鄰新光路66巷61號五樓,68,6801000,6801000-034,28鄰,新光路,,66巷,,,,61號五樓,121.205627129163,24.9405888805852
桃園市平鎮區廣仁里28鄰新光路66巷61號三樓,68,6801000,6801000-034,28鄰,新光路,,66巷,,,,61號三樓,121.205627129163,24.9405888805852
桃園市平鎮區廣仁里28鄰新光路66巷61號二樓,68,6801000,6801000-034,28鄰,新光路,,66巷,,,,61號二樓,121.205627129163,24.9405888805852
桃園市平鎮區廣仁里28鄰新光路66巷63號二樓,68,6801000,6801000-034,28鄰,新光路,,66巷,,,,63號二樓,121.205667908298,24.9406380291838
桃園市平鎮區廣仁里28鄰新光路66巷63號四樓,68,6801000,6801000-034,28鄰,新光路,,66巷,,,,63號四樓,121.205667908298,24.9406380291838
桃園市平鎮區廣仁里28鄰新光路66巷63號三樓,68,6801000,6801000-034,28鄰,新光路,,66巷,,,,63號三樓,121.205667908298,24.9406380291838
桃園市平鎮區廣仁里28鄰新光路66巷63號五樓,68,6801000,6801000-034,28鄰,新光路,,66巷,,,,63號五樓,121.205667908298,24.9406380291838
桃園市平鎮區廣仁里28鄰新光路66巷65號,68,6801000,6801000-034,28鄰,新光路,,66巷,,,,65號,121.205706515457,24.9406910629881
桃園市平鎮區廣仁里21鄰新光路67號,68,6801000,6801000-034,21鄰,新光路,,,,,,67號,121.205701350711,24.9392503152144
桃園市平鎮區廣仁里25鄰新光路68號,68,6801000,6801000-034,25鄰,新光路,,,,,,68號,121.205528441612,24.93911846801
桃園市平鎮區廣仁里21鄰新光路69號,68,6801000,6801000-034,21鄰,新光路,,,,,,69號,121.205709892702,24.9392065155935
桃園市平鎮區廣仁里25鄰新光路70號,68,6801000,6801000-034,25鄰,新光路,,,,,,70號,121.205490868382,24.9390317567172
桃園市平鎮區廣仁里21鄰新光路71號,68,6801000,6801000-034,21鄰,新光路,,,,,,71號,121.205726057684,24.9391618026071
桃園市平鎮區廣仁里26鄰新光路72巷2號,68,6801000,6801000-034,26鄰,新光路,,72巷,,,,2號,121.205425159141,24.9388765584982
桃園市平鎮區廣仁里26鄰新光路72巷4號,68,6801000,6801000-034,26鄰,新光路,,72巷,,,,4號,121.20540174907,24.9389112598945
桃園市平鎮區廣仁里26鄰新光路72巷6號,68,6801000,6801000-034,26鄰,新光路,,72巷,,,,6號,121.205382808171,24.9389539904211
桃園市平鎮區廣仁里26鄰新光路72巷8號,68,6801000,6801000-034,26鄰,新光路,,72巷,,,,8號,121.205354773348,24.9390063036003
桃園市平鎮區廣仁里26鄰新光路72巷10號,68,6801000,6801000-034,26鄰,新光路,,72巷,,,,10號,121.205341663486,24.9390423450562
桃園市平鎮區廣仁里26鄰新光路72巷12號,68,6801000,6801000-034,26鄰,新光路,,72巷,,,,12號,121.205341244554,24.939088300286
桃園市平鎮區廣仁里26鄰新光路72巷14號,68,6801000,6801000-034,26鄰,新光路,,72巷,,,,14號,121.205314973928,24.9391296866394
桃園市平鎮區廣仁里26鄰新光路72巷16號,68,6801000,6801000-034,26鄰,新光路,,72巷,,,,16號,121.205293066872,24.9391751297656
桃園市平鎮區廣仁里26鄰新光路72巷18號,68,6801000,6801000-034,26鄰,新光路,,72巷,,,,18號,121.205272625048,24.939208472789
桃園市平鎮區廣仁里26鄰新光路72巷20號,68,6801000,6801000-034,26鄰,新光路,,72巷,,,,20號,121.205249311797,24.9392419100484
桃園市平鎮區廣仁里26鄰新光路72巷22號,68,6801000,6801000-034,26鄰,新光路,,72巷,,,,22號,121.205225905945,24.9392792296516
桃園市平鎮區廣仁里26鄰新光路72巷24號,68,6801000,6801000-034,26鄰,新光路,,72巷,,,,24號,121.20519497564,24.9393171916008
桃園市平鎮區廣仁里26鄰新光路72巷26號,68,6801000,6801000-034,26鄰,新光路,,72巷,,,,26號,121.205186549674,24.9393713737142
桃園市平鎮區廣仁里21鄰新光路73號,68,6801000,6801000-034,21鄰,新光路,,,,,,73號,121.205743711093,24.9391189835319
桃園市平鎮區廣仁里21鄰新光路75巷1號,68,6801000,6801000-034,21鄰,新光路,,75巷,,,,1號,121.205867667747,24.9391690103593
桃園市平鎮區廣仁里21鄰新光路75巷2弄1號,68,6801000,6801000-034,21鄰,新光路,,75巷,2弄,,,1號,121.206086004716,24.9391086696074
桃園市平鎮區廣仁里21鄰新光路75巷2弄2號,68,6801000,6801000-034,21鄰,新光路,,75巷,2弄,,,2號,121.205956225856,24.9390706588046
桃園市平鎮區廣仁里21鄰新光路75巷2弄3號,68,6801000,6801000-034,21鄰,新光路,,75巷,2弄,,,3號,121.20609325886,24.9390646008928
桃園市平鎮區廣仁里21鄰新光路75巷2弄4號,68,6801000,6801000-034,21鄰,新光路,,75巷,2弄,,,4號,121.205965655767,24.9390249619735
桃園市平鎮區廣仁里21鄰新光路75巷2弄6號,68,6801000,6801000-034,21鄰,新光路,,75巷,2弄,,,6號,121.205975575815,24.9389762850858
桃園市平鎮區廣仁里21鄰新光路75巷2弄8號,68,6801000,6801000-034,21鄰,新光路,,75巷,2弄,,,8號,121.205985205402,24.938931581103
桃園市平鎮區廣仁里21鄰新光路75巷3號,68,6801000,6801000-034,21鄰,新光路,,75巷,,,,3號,121.205910162533,24.9391782509226
桃園市平鎮區廣仁里21鄰新光路75巷5號,68,6801000,6801000-034,21鄰,新光路,,75巷,,,,5號,121.205966724538,24.9391913542527
桃園市平鎮區廣仁里21鄰新光路75巷7號,68,6801000,6801000-034,21鄰,新光路,,75巷,,,,7號,121.206017143297,24.9392020283809
桃園市平鎮區廣仁里21鄰新光路75巷9號,68,6801000,6801000-034,21鄰,新光路,,75巷,,,,9號,121.206065482805,24.9392127956511
桃園市平鎮區廣仁里21鄰新光路75巷11號,68,6801000,6801000-034,21鄰,新光路,,75巷,,,,11號,121.206112637993,24.9392259119323
桃園市平鎮區廣仁里21鄰新光路75巷13號,68,6801000,6801000-034,21鄰,新光路,,75巷,,,,13號,121.20616147487,24.9392380327461
桃園市平鎮區廣仁里21鄰新光路77巷1號,68,6801000,6801000-034,21鄰,新光路,,77巷,,,,1號,121.205796242286,24.9390303422121
桃園市平鎮區廣仁里21鄰新光路77巷3號,68,6801000,6801000-034,21鄰,新光路,,77巷,,,,3號,121.20580635924,24.93898094279
桃園市平鎮區廣仁里21鄰新光路77巷5號,68,6801000,6801000-034,21鄰,新光路,,77巷,,,,5號,121.205816482934,24.9389356061462
桃園市平鎮區廣仁里21鄰新光路77巷7號,68,6801000,6801000-034,21鄰,新光路,,77巷,,,,7號,121.205829579298,24.9388915293745
桃園市平鎮區廣仁里21鄰新光路77巷9號,68,6801000,6801000-034,21鄰,新光路,,77巷,,,,9號,121.205842680151,24.9388501611209
桃園市平鎮區廣仁里21鄰新光路77巷11號,68,6801000,6801000-034,21鄰,新光路,,77巷,,,,11號,121.205866328489,24.938780158208
桃園市平鎮區廣仁里21鄰新光路77巷11號二樓,68,6801000,6801000-034,21鄰,新光路,,77巷,,,,11號二樓,121.205866328489,24.938780158208
桃園市平鎮區廣仁里21鄰新光路77巷11號三樓,68,6801000,6801000-034,21鄰,新光路,,77巷,,,,11號三樓,121.205866328489,24.938780158208
桃園市平鎮區廣仁里21鄰新光路77巷11號五樓,68,6801000,6801000-034,21鄰,新光路,,77巷,,,,11號五樓,121.205866328489,24.938780158208
桃園市平鎮區廣仁里21鄰新光路77巷11號六樓,68,6801000,6801000-034,21鄰,新光路,,77巷,,,,11號六樓,121.205866328489,24.938780158208
桃園市平鎮區廣仁里21鄰新光路77巷11號四樓,68,6801000,6801000-034,21鄰,新光路,,77巷,,,,11號四樓,121.205866328489,24.938780158208
桃園市平鎮區廣仁里21鄰新光路77巷13號,68,6801000,6801000-034,21鄰,新光路,,77巷,,,,13號,121.205911603766,24.9387346827112
桃園市平鎮區廣仁里21鄰新光路77巷13號四樓,68,6801000,6801000-034,21鄰,新光路,,77巷,,,,13號四樓,121.205911603766,24.9387346827112
桃園市平鎮區廣仁里21鄰新光路77巷13號六樓,68,6801000,6801000-034,21鄰,新光路,,77巷,,,,13號六樓,121.205911603766,24.9387346827112
桃園市平鎮區廣仁里21鄰新光路77巷13號三樓,68,6801000,6801000-034,21鄰,新光路,,77巷,,,,13號三樓,121.205911603766,24.9387346827112
桃園市平鎮區廣仁里21鄰新光路77巷13號五樓,68,6801000,6801000-034,21鄰,新光路,,77巷,,,,13號五樓,121.205911603766,24.9387346827112
桃園市平鎮區廣仁里21鄰新光路77巷13號二樓,68,6801000,6801000-034,21鄰,新光路,,77巷,,,,13號二樓,121.205911603766,24.9387346827112
桃園市平鎮區廣仁里4鄰新光路175號,68,6801000,6801000-034,4鄰,新光路,,,,,,175號,121.205301344502,24.9365215753072
桃園市平鎮區廣仁里4鄰新光路177號,68,6801000,6801000-034,4鄰,新光路,,,,,,177號,121.205297898484,24.9364736391327
桃園市平鎮區廣仁里4鄰新光路183號,68,6801000,6801000-034,4鄰,新光路,,,,,,183號,121.205249500007,24.9363668092728
桃園市平鎮區廣仁里4鄰新光路189號,68,6801000,6801000-034,4鄰,新光路,,,,,,189號,121.205242052262,24.9361147459751
桃園市平鎮區廣仁里4鄰新光路191號,68,6801000,6801000-034,4鄰,新光路,,,,,,191號,121.205238761545,24.9360409882938
桃園市平鎮區廣仁里4鄰新光路213號,68,6801000,6801000-034,4鄰,新光路,,,,,,213號,121.205261931275,24.9356821668614
桃園市平鎮區廣仁里4鄰新光路215號,68,6801000,6801000-034,4鄰,新光路,,,,,,215號,121.2052434104,24.9356195351103
桃園市平鎮區廣仁里4鄰新光路217號,68,6801000,6801000-034,4鄰,新光路,,,,,,217號,121.205243540392,24.9355784556058
桃園市平鎮區廣仁里4鄰新光路223號,68,6801000,6801000-034,4鄰,新光路,,,,,,223號,121.205360045584,24.9354960461905
桃園市平鎮區廣仁里4鄰新光路235巷21號,68,6801000,6801000-034,4鄰,新光路,,235巷,,,,21號,121.206077355061,24.9352773808492
桃園市平鎮區廣仁里4鄰新光路235巷23號,68,6801000,6801000-034,4鄰,新光路,,235巷,,,,23號,121.206060563963,24.9351238305826
桃園市平鎮區廣仁里4鄰新光路235巷30號,68,6801000,6801000-034,4鄰,新光路,,235巷,,,,30號,121.206132941174,24.9349429814626
桃園市平鎮區廣仁里3鄰新光路二段9巷1號,68,6801000,6801000-034,3鄰,新光路,二段,9巷,,,,1號,121.204497468003,24.9331899278932
桃園市平鎮區廣仁里3鄰新光路二段9巷3號,68,6801000,6801000-034,3鄰,新光路,二段,9巷,,,,3號,121.204609090493,24.9331497787818
桃園市平鎮區廣仁里3鄰新光路二段9巷9號,68,6801000,6801000-034,3鄰,新光路,二段,9巷,,,,9號,121.204817823726,24.9332756192219
桃園市平鎮區廣仁里3鄰新光路二段9巷11號,68,6801000,6801000-034,3鄰,新光路,二段,9巷,,,,11號,121.204860237395,24.9332969583049
桃園市平鎮區廣仁里3鄰新光路二段9巷13號,68,6801000,6801000-034,3鄰,新光路,二段,9巷,,,,13號,121.204911459063,24.9333156670237
桃園市平鎮區廣仁里3鄰新光路二段9巷16號,68,6801000,6801000-034,3鄰,新光路,二段,9巷,,,,16號,121.205185277432,24.9330419998848
桃園市平鎮區廣仁里3鄰新光路二段9巷17號,68,6801000,6801000-034,3鄰,新光路,二段,9巷,,,,17號,121.204998849958,24.9333517508471
桃園市平鎮區廣仁里3鄰新光路二段9巷19號,68,6801000,6801000-034,3鄰,新光路,二段,9巷,,,,19號,121.205047105557,24.9333730818417
桃園市平鎮區廣仁里3鄰新光路二段9巷21號,68,6801000,6801000-034,3鄰,新光路,二段,9巷,,,,21號,121.20507189033,24.9333918268705
桃園市平鎮區廣仁里3鄰新光路二段9巷23號,68,6801000,6801000-034,3鄰,新光路,二段,9巷,,,,23號,121.205128167503,24.9334139593606
桃園市平鎮區廣仁里3鄰新光路二段9巷25號,68,6801000,6801000-034,3鄰,新光路,二段,9巷,,,,25號,121.205155419597,24.9334278256297
桃園市平鎮區廣仁里3鄰新光路二段9巷27號,68,6801000,6801000-034,3鄰,新光路,二段,9巷,,,,27號,121.205198224951,24.9334464555487
桃園市平鎮區廣仁里3鄰新光路二段9巷29號,68,6801000,6801000-034,3鄰,新光路,二段,9巷,,,,29號,121.205244106656,24.9334692342952
桃園市平鎮區廣仁里3鄰新光路二段9巷31號,68,6801000,6801000-034,3鄰,新光路,二段,9巷,,,,31號,121.205297218709,24.9334933573328
桃園市平鎮區廣仁里3鄰新光路二段9巷33號,68,6801000,6801000-034,3鄰,新光路,二段,9巷,,,,33號,121.205338537836,24.9335113572683
桃園市平鎮區廣仁里3鄰新光路二段9巷35號,68,6801000,6801000-034,3鄰,新光路,二段,9巷,,,,35號,121.205382039342,24.9335317918601
桃園市平鎮區廣仁里3鄰新光路二段9巷37號,68,6801000,6801000-034,3鄰,新光路,二段,9巷,,,,37號,121.205424448407,24.9335502416911
桃園市平鎮區廣仁里3鄰新光路二段9巷41號,68,6801000,6801000-034,3鄰,新光路,二段,9巷,,,,41號,121.205525832018,24.9336051753268
桃園市平鎮區廣仁里3鄰新光路二段9巷43號,68,6801000,6801000-034,3鄰,新光路,二段,9巷,,,,43號,121.205560426432,24.9336281501066
桃園市平鎮區廣仁里3鄰新光路二段9巷45號,68,6801000,6801000-034,3鄰,新光路,二段,9巷,,,,45號,121.205628489881,24.9336522524047
桃園市平鎮區廣仁里3鄰新光路二段9巷47號,68,6801000,6801000-034,3鄰,新光路,二段,9巷,,,,47號,121.205684279238,24.9336786287158
桃園市平鎮區廣仁里3鄰新光路二段9巷49弄1之1號,68,6801000,6801000-034,3鄰,新光路,二段,9巷,49弄,,,1之1號,121.205422888079,24.9336841353921
桃園市平鎮區廣仁里3鄰新光路二段9巷49弄1號,68,6801000,6801000-034,3鄰,新光路,二段,9巷,49弄,,,1號,121.205506033711,24.9337274475052
桃園市平鎮區廣仁里3鄰新光路二段9巷49弄2號,68,6801000,6801000-034,3鄰,新光路,二段,9巷,49弄,,,2號,121.205563502888,24.9337517450074
桃園市平鎮區廣仁里3鄰新光路二段9巷49弄3號,68,6801000,6801000-034,3鄰,新光路,二段,9巷,49弄,,,3號,121.205614935312,24.9337779467841
桃園市平鎮區廣仁里3鄰新光路二段9巷49弄4號,68,6801000,6801000-034,3鄰,新光路,二段,9巷,49弄,,,4號,121.205669049257,24.9338090201925
桃園市平鎮區廣仁里3鄰新光路二段9巷49弄5號,68,6801000,6801000-034,3鄰,新光路,二段,9巷,49弄,,,5號,121.205722963701,24.9338391910139
桃園市平鎮區廣仁里3鄰新光路二段9巷49弄6號,68,6801000,6801000-034,3鄰,新光路,二段,9巷,49弄,,,6號,121.205776581874,24.9338698136457
桃園市平鎮區廣仁里3鄰新光路二段9巷49弄7號,68,6801000,6801000-034,3鄰,新光路,二段,9巷,49弄,,,7號,121.205829704248,24.9338999855214
桃園市平鎮區廣仁里3鄰新光路二段9巷49弄8號,68,6801000,6801000-034,3鄰,新光路,二段,9巷,49弄,,,8號,121.205884901168,24.9339272654164
桃園市平鎮區廣仁里3鄰新光路二段9巷51號,68,6801000,6801000-034,3鄰,新光路,二段,9巷,,,,51號,121.205795365946,24.9337331876392
桃園市平鎮區廣仁里3鄰新光路二段9巷53號,68,6801000,6801000-034,3鄰,新光路,二段,9巷,,,,53號,121.205850071608,24.9337628156169
桃園市平鎮區廣仁里3鄰新光路二段9巷55號,68,6801000,6801000-034,3鄰,新光路,二段,9巷,,,,55號,121.205890315837,24.9337893036021
桃園市平鎮區廣仁里3鄰新光路二段9巷56弄1號,68,6801000,6801000-034,3鄰,新光路,二段,9巷,56弄,,,1號,121.205879818243,24.9334901160868
桃園市平鎮區廣仁里3鄰新光路二段9巷56弄3號,68,6801000,6801000-034,3鄰,新光路,二段,9巷,56弄,,,3號,121.205894971735,24.9334330355059
桃園市平鎮區廣仁里3鄰新光路二段9巷56弄5號,68,6801000,6801000-034,3鄰,新光路,二段,9巷,56弄,,,5號,121.205917756402,24.9333801877411
桃園市平鎮區廣仁里3鄰新光路二段9巷56弄7號,68,6801000,6801000-034,3鄰,新光路,二段,9巷,56弄,,,7號,121.205943509093,24.9333258913236
桃園市平鎮區廣仁里2鄰新光路二段9巷56弄20號,68,6801000,6801000-034,2鄰,新光路,二段,9巷,56弄,,,20號,121.205737012389,24.9329972709311
桃園市平鎮區廣仁里3鄰新光路二段9巷57號,68,6801000,6801000-034,3鄰,新光路,二段,9巷,,,,57號,121.205943235072,24.9338164060538
桃園市平鎮區廣仁里3鄰新光路二段9巷58號,68,6801000,6801000-034,3鄰,新光路,二段,9巷,,,,58號,121.205850973048,24.9335901908802
桃園市平鎮區廣仁里3鄰新光路二段9巷59號,68,6801000,6801000-034,3鄰,新光路,二段,9巷,,,,59號,121.206012102376,24.9338474589518
桃園市平鎮區廣仁里3鄰新光路二段9巷60號,68,6801000,6801000-034,3鄰,新光路,二段,9巷,,,,60號,121.205939008157,24.9336561573467
桃園市平鎮區廣仁里3鄰新光路二段9巷61號,68,6801000,6801000-034,3鄰,新光路,二段,9巷,,,,61號,121.206069084588,24.9338765419961
桃園市平鎮區廣仁里3鄰新光路二段9巷62弄1號,68,6801000,6801000-034,3鄰,新光路,二段,9巷,62弄,,,1號,121.206099467348,24.9336293919927
桃園市平鎮區廣仁里3鄰新光路二段9巷62弄2號,68,6801000,6801000-034,3鄰,新光路,二段,9巷,62弄,,,2號,121.205977678884,24.9335699727349
桃園市平鎮區廣仁里3鄰新光路二段9巷62弄3號,68,6801000,6801000-034,3鄰,新光路,二段,9巷,62弄,,,3號,121.206123728929,24.9335715765219
桃園市平鎮區廣仁里3鄰新光路二段9巷62弄4號,68,6801000,6801000-034,3鄰,新光路,二段,9巷,62弄,,,4號,121.205989466734,24.9335134385018
桃園市平鎮區廣仁里3鄰新光路二段9巷62弄5號,68,6801000,6801000-034,3鄰,新光路,二段,9巷,62弄,,,5號,121.206126758951,24.9334883302498
桃園市平鎮區廣仁里3鄰新光路二段9巷62弄6號,68,6801000,6801000-034,3鄰,新光路,二段,9巷,62弄,,,6號,121.206012256028,24.9334633895287
桃園市平鎮區廣仁里3鄰新光路二段9巷62弄7號,68,6801000,6801000-034,3鄰,新光路,二段,9巷,62弄,,,7號,121.206148062963,24.9334382833101
桃園市平鎮區廣仁里3鄰新光路二段9巷62弄8號,68,6801000,6801000-034,3鄰,新光路,二段,9巷,62弄,,,8號,121.206053470767,24.9334185515684
桃園市平鎮區廣仁里3鄰新光路二段9巷62弄10號,68,6801000,6801000-034,3鄰,新光路,二段,9巷,62弄,,,10號,121.206077858067,24.9333768065273
桃園市平鎮區廣仁里3鄰新光路二段9巷64號,68,6801000,6801000-034,3鄰,新光路,二段,9巷,,,,64號,121.206084425704,24.9336941465992
桃園市平鎮區廣仁里3鄰新光路二段9巷72弄198號,68,6801000,6801000-034,3鄰,新光路,二段,9巷,72弄,,,198號,121.208919085935,24.9366023180248
桃園市平鎮區廣仁里3鄰新光路二段9巷72弄202號,68,6801000,6801000-034,3鄰,新光路,二段,9巷,72弄,,,202號,121.209199230735,24.9364992719243
桃園市平鎮區廣仁里3鄰新光路二段9巷72弄208號,68,6801000,6801000-034,3鄰,新光路,二段,9巷,72弄,,,208號,121.209511149062,24.9365656440904
桃園市平鎮區廣仁里3鄰新光路二段9巷72弄210號,68,6801000,6801000-034,3鄰,新光路,二段,9巷,72弄,,,210號,121.209647358514,24.9366012953834
桃園市平鎮區廣仁里3鄰新光路二段9巷74號,68,6801000,6801000-034,3鄰,新光路,二段,9巷,,,,74號,121.206438461221,24.9338465982009
桃園市平鎮區廣仁里3鄰新光路二段9巷85號,68,6801000,6801000-034,3鄰,新光路,二段,9巷,,,,85號,121.206533626187,24.9342097701736
桃園市平鎮區廣仁里2鄰新光路二段31巷2弄1號,68,6801000,6801000-034,2鄰,新光路,二段,31巷,2弄,,,1號,121.205153653763,24.9326003727847
桃園市平鎮區廣仁里2鄰新光路二段31巷2弄2號,68,6801000,6801000-034,2鄰,新光路,二段,31巷,2弄,,,2號,121.205145147292,24.9325458527938
桃園市平鎮區廣仁里2鄰新光路二段31巷2弄3號,68,6801000,6801000-034,2鄰,新光路,二段,31巷,2弄,,,3號,121.205135641722,24.9324859171207
桃園市平鎮區廣仁里2鄰新光路二段31巷2弄4號,68,6801000,6801000-034,2鄰,新光路,二段,31巷,2弄,,,4號,121.205117316739,24.9324216599379
桃園市平鎮區廣仁里2鄰新光路二段31巷2弄5號,68,6801000,6801000-034,2鄰,新光路,二段,31巷,2弄,,,5號,121.205112156899,24.9323551275303
桃園市平鎮區廣仁里2鄰新光路二段31巷2弄6號,68,6801000,6801000-034,2鄰,新光路,二段,31巷,2弄,,,6號,121.205107797096,24.9322933790874
桃園市平鎮區廣仁里2鄰新光路二段31巷2弄7號,68,6801000,6801000-034,2鄰,新光路,二段,31巷,2弄,,,7號,121.20510265176,24.9322356042327
桃園市平鎮區廣仁里2鄰新光路二段31巷2弄8號,68,6801000,6801000-034,2鄰,新光路,二段,31巷,2弄,,,8號,121.205096714169,24.9321777401833
桃園市平鎮區廣仁里2鄰新光路二段31巷2弄9號,68,6801000,6801000-034,2鄰,新光路,二段,31巷,2弄,,,9號,121.205092362,24.9321205962259
桃園市平鎮區廣仁里2鄰新光路二段31巷2弄10號,68,6801000,6801000-034,2鄰,新光路,二段,31巷,2弄,,,10號,121.205085434283,24.9320627335373
桃園市平鎮區廣仁里2鄰新光路二段31巷2弄11號,68,6801000,6801000-034,2鄰,新光路,二段,31巷,2弄,,,11號,121.205080580183,24.9320014371926
桃園市平鎮區廣仁里2鄰新光路二段31巷2弄12號,68,6801000,6801000-034,2鄰,新光路,二段,31巷,2弄,,,12號,121.205071477763,24.931945744317
桃園市平鎮區廣仁里2鄰新光路二段31巷2弄13號,68,6801000,6801000-034,2鄰,新光路,二段,31巷,2弄,,,13號,121.205139075245,24.9319282264388
桃園市平鎮區廣仁里2鄰新光路二段31巷4號,68,6801000,6801000-034,2鄰,新光路,二段,31巷,,,,4號,121.205159594468,24.9327199009788
桃園市平鎮區廣仁里2鄰新光路二段31巷6號,68,6801000,6801000-034,2鄰,新光路,二段,31巷,,,,6號,121.20522879423,24.9327130343978
桃園市平鎮區廣仁里2鄰新光路二段31巷8號,68,6801000,6801000-034,2鄰,新光路,二段,31巷,,,,8號,121.205321054882,24.9327004481122
桃園市平鎮區廣仁里2鄰新光路二段31巷10弄2號,68,6801000,6801000-034,2鄰,新光路,二段,31巷,10弄,,,2號,121.205320573413,24.9325891282737
桃園市平鎮區廣仁里2鄰新光路二段31巷10弄2之1號,68,6801000,6801000-034,2鄰,新光路,二段,31巷,10弄,,,2之1號,121.205313340292,24.9325263003859
桃園市平鎮區廣仁里2鄰新光路二段31巷10弄6號,68,6801000,6801000-034,2鄰,新光路,二段,31巷,10弄,,,6號,121.205306107329,24.9324635627813
桃園市平鎮區廣仁里2鄰新光路二段31巷10弄7號,68,6801000,6801000-034,2鄰,新光路,二段,31巷,10弄,,,7號,121.205429663319,24.9325149448678
桃園市平鎮區廣仁里2鄰新光路二段31巷10弄9號,68,6801000,6801000-034,2鄰,新光路,二段,31巷,10弄,,,9號,121.205427001107,24.932461951671
桃園市平鎮區廣仁里1鄰新光路二段33號,68,6801000,6801000-034,1鄰,新光路,二段,,,,,33號,121.205020372488,24.9327153074695
桃園市平鎮區廣仁里1鄰新光路二段35號,68,6801000,6801000-034,1鄰,新光路,二段,,,,,35號,121.205012173714,24.9326671972314
桃園市平鎮區廣仁里1鄰新光路二段37號,68,6801000,6801000-034,1鄰,新光路,二段,,,,,37號,121.205001283194,24.9326079857294
桃園市平鎮區廣仁里1鄰新光路二段39號,68,6801000,6801000-034,1鄰,新光路,二段,,,,,39號,121.204993068157,24.9325500345264
桃園市平鎮區廣仁里1鄰新光路二段41號,68,6801000,6801000-034,1鄰,新光路,二段,,,,,41號,121.20498613613,24.9324895535985
桃園市平鎮區廣仁里1鄰新光路二段43號,68,6801000,6801000-034,1鄰,新光路,二段,,,,,43號,121.204980699623,24.932435300228
桃園市平鎮區廣仁里1鄰新光路二段45號,68,6801000,6801000-034,1鄰,新光路,二段,,,,,45號,121.204979215619,24.9323761660708
桃園市平鎮區廣仁里1鄰新光路二段47號,68,6801000,6801000-034,1鄰,新光路,二段,,,,,47號,121.204972384713,24.9323169489816
桃園市平鎮區廣仁里1鄰新光路二段49號,68,6801000,6801000-034,1鄰,新光路,二段,,,,,49號,121.204968225248,24.9322565545226
桃園市平鎮區廣仁里1鄰新光路二段51號,68,6801000,6801000-034,1鄰,新光路,二段,,,,,51號,121.204958628089,24.9322010428907
桃園市平鎮區廣仁里1鄰新光路二段53號,68,6801000,6801000-034,1鄰,新光路,二段,,,,,53號,121.204953090504,24.932145525676
桃園市平鎮區廣仁里1鄰新光路二段55號,68,6801000,6801000-034,1鄰,新光路,二段,,,,,55號,121.204943586253,24.9320863122592
桃園市平鎮區廣仁里1鄰新光路二段57號,68,6801000,6801000-034,1鄰,新光路,二段,,,,,57號,121.204935371279,24.9320283610487
桃園市平鎮區廣仁里1鄰新光路二段59號,68,6801000,6801000-034,1鄰,新光路,二段,,,,,59號,121.204929827592,24.9319691421848
桃園市平鎮區廣仁里1鄰新光路二段61號,68,6801000,6801000-034,1鄰,新光路,二段,,,,,61號,121.20494858814,24.9318178902261
桃園市平鎮區廣仁里1鄰新光路二段65號,68,6801000,6801000-034,1鄰,新光路,二段,,,,,65號,121.204929797436,24.9317113806109
桃園市平鎮區廣仁里1鄰新光路二段67號,68,6801000,6801000-034,1鄰,新光路,二段,,,,,67號,121.204922794989,24.9316681440673
桃園市平鎮區廣仁里1鄰新光路二段69號,68,6801000,6801000-034,1鄰,新光路,二段,,,,,69號,121.204914803159,24.9316253603047
桃園市平鎮區廣仁里1鄰新光路二段69之1號,68,6801000,6801000-034,1鄰,新光路,二段,,,,,69之1號,121.204907306401,24.9315825758608
桃園市平鎮區廣仁里1鄰新光路二段71號,68,6801000,6801000-034,1鄰,新光路,二段,,,,,71號,121.204899806365,24.9315378051665
桃園市平鎮區廣仁里1鄰新光路二段73號,68,6801000,6801000-034,1鄰,新光路,二段,,,,,73號,121.20489141626,24.931493667685
桃園市平鎮區廣仁里1鄰新光路二段75號,68,6801000,6801000-034,1鄰,新光路,二段,,,,,75號,121.204883428482,24.9314533215896
桃園市平鎮區廣仁里1鄰新光路二段79號,68,6801000,6801000-034,1鄰,新光路,二段,,,,,79號,121.204868335107,24.9313672111273
桃園市平鎮區廣仁里1鄰新光路二段81號,68,6801000,6801000-034,1鄰,新光路,二段,,,,,81號,121.204860433226,24.9313189198948
桃園市平鎮區廣仁里1鄰新光路二段83號,68,6801000,6801000-034,1鄰,新光路,二段,,,,,83號,121.204851343343,24.9312707205785
桃園市平鎮區廣仁里1鄰新光路二段85號,68,6801000,6801000-034,1鄰,新光路,二段,,,,,85號,121.204837945172,24.9311918305241
桃園市平鎮區金星里29鄰新光路四段1號,68,6801000,6801000-033,29鄰,新光路,四段,,,,,1號,121.204734151316,24.9204435307116
桃園市平鎮區金星里29鄰新光路四段3號,68,6801000,6801000-033,29鄰,新光路,四段,,,,,3號,121.204713889866,24.920404465377
桃園市平鎮區金星里29鄰新光路四段5號,68,6801000,6801000-033,29鄰,新光路,四段,,,,,5號,121.204699788014,24.9203783022554
桃園市平鎮區金星里29鄰新光路四段7號,68,6801000,6801000-033,29鄰,新光路,四段,,,,,7號,121.204683210909,24.9203520522458
桃園市平鎮區金星里29鄰新光路四段9號,68,6801000,6801000-033,29鄰,新光路,四段,,,,,9號,121.204655736625,24.920321754392
桃園市平鎮區金星里29鄰新光路四段11號,68,6801000,6801000-033,29鄰,新光路,四段,,,,,11號,121.204634061894,24.9202661689366
桃園市平鎮區金星里29鄰新光路四段13號,68,6801000,6801000-033,29鄰,新光路,四段,,,,,13號,121.204618967797,24.9202386529022
桃園市平鎮區金星里29鄰新光路四段15號,68,6801000,6801000-033,29鄰,新光路,四段,,,,,15號,121.204601392939,24.9202077094621
桃園市平鎮區金星里29鄰新光路四段17號,68,6801000,6801000-033,29鄰,新光路,四段,,,,,17號,121.204577871132,24.9201727113799
桃園市平鎮區金星里29鄰新光路四段19號,68,6801000,6801000-033,29鄰,新光路,四段,,,,,19號,121.204557116988,24.9201350009644
桃園市平鎮區金星里29鄰新光路四段21號,68,6801000,6801000-033,29鄰,新光路,四段,,,,,21號,121.204546972986,24.9201073878468
桃園市平鎮區金星里29鄰新光路四段23號,68,6801000,6801000-033,29鄰,新光路,四段,,,,,23號,121.204534342566,24.9200729165229
桃園市平鎮區金星里29鄰新光路四段25號,68,6801000,6801000-033,29鄰,新光路,四段,,,,,25號,121.204516657581,24.9200352018912
桃園市平鎮區金星里29鄰新光路四段27號,68,6801000,6801000-033,29鄰,新光路,四段,,,,,27號,121.204489170604,24.9199971395619
桃園市平鎮區金星里29鄰新光路四段29號,68,6801000,6801000-033,29鄰,新光路,四段,,,,,29號,121.204469511815,24.9199632195767
桃園市平鎮區金星里29鄰新光路四段31號,68,6801000,6801000-033,29鄰,新光路,四段,,,,,31號,121.204451444544,24.9199338116278
桃園市平鎮區金星里29鄰新光路四段33號,68,6801000,6801000-033,29鄰,新光路,四段,,,,,33號,121.20443891094,24.9198979858957
桃園市平鎮區金星里29鄰新光路四段35號,68,6801000,6801000-033,29鄰,新光路,四段,,,,,35號,121.20441943471,24.9198546760728
桃園市平鎮區金星里29鄰新光路四段37號,68,6801000,6801000-033,29鄰,新光路,四段,,,,,37號,121.204404237838,24.9198248127604
桃園市平鎮區金星里29鄰新光路四段39號,68,6801000,6801000-033,29鄰,新光路,四段,,,,,39號,121.204385552472,24.919780779573
桃園市平鎮區金星里29鄰新光路四段41號,68,6801000,6801000-033,29鄰,新光路,四段,,,,,41號,121.204358468601,24.9197469600334
桃園市平鎮區金星里29鄰新光路四段43之1號,68,6801000,6801000-033,29鄰,新光路,四段,,,,,43之1號,121.204325196073,24.9196825425478
桃園市平鎮區金星里29鄰新光路四段43之2號,68,6801000,6801000-033,29鄰,新光路,四段,,,,,43之2號,121.204307508977,24.9196434736252
桃園市平鎮區金星里29鄰新光路四段43之3號,68,6801000,6801000-033,29鄰,新光路,四段,,,,,43之3號,121.204279723505,24.9196044185348
桃園市平鎮區金星里29鄰新光路四段43之5號,68,6801000,6801000-033,29鄰,新光路,四段,,,,,43之5號,121.204275112517,24.9195699361996
桃園市平鎮區金星里29鄰新光路四段43號,68,6801000,6801000-033,29鄰,新光路,四段,,,,,43號,121.204338211104,24.9197101517482
桃園市平鎮區金星里29鄰新光路四段43之6號,68,6801000,6801000-033,29鄰,新光路,四段,,,,,43之6號,121.204247330937,24.9195332284925
桃園市平鎮區金星里29鄰新光路四段45巷1之3號,68,6801000,6801000-033,29鄰,新光路,四段,45巷,,,,1之3號,121.204882572275,24.919013221556
桃園市平鎮區金星里29鄰新光路四段45巷1之1號,68,6801000,6801000-033,29鄰,新光路,四段,45巷,,,,1之1號,121.204525105136,24.9192743634348
桃園市平鎮區金星里29鄰新光路四段45巷1之2號,68,6801000,6801000-033,29鄰,新光路,四段,45巷,,,,1之2號,121.204624503428,24.9192134656464
桃園市平鎮區金星里29鄰新光路四段45巷1弄1號,68,6801000,6801000-033,29鄰,新光路,四段,45巷,1弄,,,1號,121.204385842133,24.9194759789462
桃園市平鎮區金星里29鄰新光路四段45巷1弄2號,68,6801000,6801000-033,29鄰,新光路,四段,45巷,1弄,,,2號,121.204609244407,24.9193859298487
桃園市平鎮區金星里29鄰新光路四段45巷1弄3號,68,6801000,6801000-033,29鄰,新光路,四段,45巷,1弄,,,3號,121.204411046072,24.9195105233348
桃園市平鎮區金星里29鄰新光路四段45巷1弄5號,68,6801000,6801000-033,29鄰,新光路,四段,45巷,1弄,,,5號,121.2044363526,24.9195472344046
桃園市平鎮區金星里29鄰新光路四段45巷1弄6號,68,6801000,6801000-033,29鄰,新光路,四段,45巷,1弄,,,6號,121.20463178408,24.9194258046373
桃園市平鎮區金星里29鄰新光路四段45巷1弄7號,68,6801000,6801000-033,29鄰,新光路,四段,45巷,1弄,,,7號,121.204461655423,24.9195816883642
桃園市平鎮區金星里29鄰新光路四段45巷1弄8號,68,6801000,6801000-033,29鄰,新光路,四段,45巷,1弄,,,8號,121.204645896982,24.9194587390863
桃園市平鎮區金星里29鄰新光路四段45巷1弄9號,68,6801000,6801000-033,29鄰,新光路,四段,45巷,1弄,,,9號,121.20447656673,24.9196185039643
桃園市平鎮區金星里29鄰新光路四段45巷1弄10號,68,6801000,6801000-033,29鄰,新光路,四段,45巷,1弄,,,10號,121.204678727852,24.9194954397883
桃園市平鎮區金星里29鄰新光路四段45巷1弄11號,68,6801000,6801000-033,29鄰,新光路,四段,45巷,1弄,,,11號,121.20450433708,24.9196483500268
桃園市平鎮區金星里29鄰新光路四段45巷1弄12號,68,6801000,6801000-033,29鄰,新光路,四段,45巷,1弄,,,12號,121.204698970213,24.919523039037
桃園市平鎮區金星里29鄰新光路四段45巷1弄13號,68,6801000,6801000-033,29鄰,新光路,四段,45巷,1弄,,,13號,121.204519530231,24.9196759562241
桃園市平鎮區金星里29鄰新光路四段45巷1弄15號,68,6801000,6801000-033,29鄰,新光路,四段,45巷,1弄,,,15號,121.204537202209,24.9197058161302
桃園市平鎮區金星里29鄰新光路四段45巷1弄16號,68,6801000,6801000-033,29鄰,新光路,四段,45巷,1弄,,,16號,121.204712197178,24.9195590443659
桃園市平鎮區金星里29鄰新光路四段45巷1弄17號,68,6801000,6801000-033,29鄰,新光路,四段,45巷,1弄,,,17號,121.204559554932,24.9197523722318
桃園市平鎮區金星里29鄰新光路四段45巷1弄18號,68,6801000,6801000-033,29鄰,新光路,四段,45巷,1弄,,,18號,121.204731065279,24.9195937779664
桃園市平鎮區金星里29鄰新光路四段45巷1弄19號,68,6801000,6801000-033,29鄰,新光路,四段,45巷,1弄,,,19號,121.204571292056,24.9197854905143
桃園市平鎮區金星里29鄰新光路四段45巷1弄20號,68,6801000,6801000-033,29鄰,新光路,四段,45巷,1弄,,,20號,121.204748748775,24.9196305897326
桃園市平鎮區金星里29鄰新光路四段45巷1弄21號,68,6801000,6801000-033,29鄰,新光路,四段,45巷,1弄,,,21號,121.204586490155,24.9198160760834
桃園市平鎮區金星里29鄰新光路四段45巷1弄22號,68,6801000,6801000-033,29鄰,新光路,四段,45巷,1弄,,,22號,121.204769002504,24.919665050572
桃園市平鎮區金星里29鄰新光路四段45巷1弄23號,68,6801000,6801000-033,29鄰,新光路,四段,45巷,1弄,,,23號,121.204606641142,24.9198482799743
桃園市平鎮區金星里29鄰新光路四段45巷1弄25號,68,6801000,6801000-033,29鄰,新光路,四段,45巷,1弄,,,25號,121.204617123712,24.9199010819786
桃園市平鎮區金星里29鄰新光路四段45巷1弄26號,68,6801000,6801000-033,29鄰,新光路,四段,45巷,1弄,,,26號,121.204772130662,24.919700798909
桃園市平鎮區金星里29鄰新光路四段45巷1弄27號,68,6801000,6801000-033,29鄰,新光路,四段,45巷,1弄,,,27號,121.204634902349,24.9199355462312
桃園市平鎮區金星里29鄰新光路四段45巷1弄28號,68,6801000,6801000-033,29鄰,新光路,四段,45巷,1弄,,,28號,121.204792388138,24.9197375168503
桃園市平鎮區金星里29鄰新光路四段45巷1弄29號,68,6801000,6801000-033,29鄰,新光路,四段,45巷,1弄,,,29號,121.204652581991,24.9199700106174
桃園市平鎮區金星里29鄰新光路四段45巷1弄30號,68,6801000,6801000-033,29鄰,新光路,四段,45巷,1弄,,,30號,121.204809304394,24.9197893168767
桃園市平鎮區金星里29鄰新光路四段45巷1弄31號,68,6801000,6801000-033,29鄰,新光路,四段,45巷,1弄,,,31號,121.204670265518,24.9200068223909
桃園市平鎮區金星里29鄰新光路四段45巷1弄32號,68,6801000,6801000-033,29鄰,新光路,四段,45巷,1弄,,,32號,121.204831588652,24.9198542910529
桃園市平鎮區金星里29鄰新光路四段45巷1弄33號,68,6801000,6801000-033,29鄰,新光路,四段,45巷,1弄,,,33號,121.204681619048,24.9200474347969
桃園市平鎮區金星里29鄰新光路四段45巷1弄35號,68,6801000,6801000-033,29鄰,新光路,四段,45巷,1弄,,,35號,121.204701785151,24.9200887573795
桃園市平鎮區金星里29鄰新光路四段45巷1弄36號,68,6801000,6801000-033,29鄰,新光路,四段,45巷,1弄,,,36號,121.204854095403,24.9199340715649
桃園市平鎮區金星里29鄰新光路四段45巷1弄37號,68,6801000,6801000-033,29鄰,新光路,四段,45巷,1弄,,,37號,121.204724609327,24.9201209575832
桃園市平鎮區金星里29鄰新光路四段45巷1弄38號,68,6801000,6801000-033,29鄰,新光路,四段,45巷,1弄,,,38號,121.204894342271,24.920024932681
桃園市平鎮區金星里29鄰新光路四段45巷1弄39號,68,6801000,6801000-033,29鄰,新光路,四段,45巷,1弄,,,39號,121.204737239804,24.9201554288904
桃園市平鎮區金星里29鄰新光路四段45巷1弄41號,68,6801000,6801000-033,29鄰,新光路,四段,45巷,1弄,,,41號,121.204745131948,24.9201983031536
桃園市平鎮區金星里29鄰新光路四段45巷1弄43號,68,6801000,6801000-033,29鄰,新光路,四段,45巷,1弄,,,43號,121.204767948552,24.9202258988551
桃園市平鎮區金星里29鄰新光路四段45巷1弄45號,68,6801000,6801000-033,29鄰,新光路,四段,45巷,1弄,,,45號,121.204785516893,24.9202528697698
桃園市平鎮區金星里29鄰新光路四段45巷1弄47號,68,6801000,6801000-033,29鄰,新光路,四段,45巷,1弄,,,47號,121.204803289066,24.9202833614947
桃園市平鎮區金星里29鄰新光路四段45巷1弄49號,68,6801000,6801000-033,29鄰,新光路,四段,45巷,1弄,,,49號,121.204836362505,24.9203468762956
桃園市平鎮區金星里29鄰新光路四段45巷1弄51號,68,6801000,6801000-033,29鄰,新光路,四段,45巷,1弄,,,51號,121.204850284271,24.9203838737818
桃園市平鎮區金星里15鄰新光路四段45巷2弄1號,68,6801000,6801000-033,15鄰,新光路,四段,45巷,2弄,,,1號,121.204411693441,24.9191825191075
桃園市平鎮區金星里15鄰新光路四段45巷2弄2號,68,6801000,6801000-033,15鄰,新光路,四段,45巷,2弄,,,2號,121.204295556689,24.9192994160364
桃園市平鎮區金星里15鄰新光路四段45巷2弄3號,68,6801000,6801000-033,15鄰,新光路,四段,45巷,2弄,,,3號,121.204389248124,24.9191397550525
桃園市平鎮區金星里15鄰新光路四段45巷2弄4號,68,6801000,6801000-033,15鄰,新光路,四段,45巷,2弄,,,4號,121.204268351489,24.9192519636944
桃園市平鎮區金星里15鄰新光路四段45巷2弄5號,68,6801000,6801000-033,15鄰,新光路,四段,45巷,2弄,,,5號,121.204367700103,24.9191007817103
桃園市平鎮區金星里15鄰新光路四段45巷2弄6號,68,6801000,6801000-033,15鄰,新光路,四段,45巷,2弄,,,6號,121.20423905995,24.9192000902674
桃園市平鎮區金星里15鄰新光路四段45巷2弄7號,68,6801000,6801000-033,15鄰,新光路,四段,45巷,2弄,,,7號,121.204351098544,24.9190595444753
桃園市平鎮區金星里15鄰新光路四段45巷2弄8號,68,6801000,6801000-033,15鄰,新光路,四段,45巷,2弄,,,8號,121.204222472545,24.9191674300203
桃園市平鎮區金星里15鄰新光路四段45巷2弄9號,68,6801000,6801000-033,15鄰,新光路,四段,45巷,2弄,,,9號,121.204329652081,24.9190221058233
桃園市平鎮區金星里15鄰新光路四段45巷2弄10號,68,6801000,6801000-033,15鄰,新光路,四段,45巷,2弄,,,10號,121.204211030205,24.9191328667522
桃園市平鎮區金星里15鄰新光路四段45巷2弄11號,68,6801000,6801000-033,15鄰,新光路,四段,45巷,2弄,,,11號,121.204312460394,24.9189832167874
桃園市平鎮區金星里15鄰新光路四段45巷2弄12號,68,6801000,6801000-033,15鄰,新光路,四段,45巷,2弄,,,12號,121.204184721902,24.9190889342583
桃園市平鎮區金星里15鄰新光路四段45巷2弄13號,68,6801000,6801000-033,15鄰,新光路,四段,45巷,2弄,,,13號,121.204289429011,24.918945238594
桃園市平鎮區金星里15鄰新光路四段45巷2弄14號,68,6801000,6801000-033,15鄰,新光路,四段,45巷,2弄,,,14號,121.204157128655,24.9190462675007
桃園市平鎮區金星里15鄰新光路四段45巷2弄15號,68,6801000,6801000-033,15鄰,新光路,四段,45巷,2弄,,,15號,121.204268766136,24.9189026526461
桃園市平鎮區金星里15鄰新光路四段45巷2弄16號,68,6801000,6801000-033,15鄰,新光路,四段,45巷,2弄,,,16號,121.204134999484,24.9190150593811
桃園市平鎮區金星里15鄰新光路四段45巷2弄17號,68,6801000,6801000-033,15鄰,新光路,四段,45巷,2弄,,,17號,121.204248903033,24.9188647603903
桃園市平鎮區金星里15鄰新光路四段45巷2弄18號,68,6801000,6801000-033,15鄰,新光路,四段,45巷,2弄,,,18號,121.204112851452,24.9189723851604
桃園市平鎮區金星里15鄰新光路四段45巷2弄19號,68,6801000,6801000-033,15鄰,新光路,四段,45巷,2弄,,,19號,121.204226959983,24.9188263292735
桃園市平鎮區金星里15鄰新光路四段45巷2弄20號,68,6801000,6801000-033,15鄰,新光路,四段,45巷,2弄,,,20號,121.204093081891,24.9189311522318
桃園市平鎮區金星里15鄰新光路四段45巷2弄21號,68,6801000,6801000-033,15鄰,新光路,四段,45巷,2弄,,,21號,121.204209274083,24.9187878923235
桃園市平鎮區金星里15鄰新光路四段45巷2弄22號,68,6801000,6801000-033,15鄰,新光路,四段,45巷,2弄,,,22號,121.204072734072,24.918899490242
桃園市平鎮區金星里15鄰新光路四段45巷2弄23號,68,6801000,6801000-033,15鄰,新光路,四段,45巷,2弄,,,23號,121.20418673377,24.9187474757606
桃園市平鎮區金星里15鄰新光路四段45巷2弄24號,68,6801000,6801000-033,15鄰,新光路,四段,45巷,2弄,,,24號,121.204045641121,24.918859982733
桃園市平鎮區金星里15鄰新光路四段45巷2弄25號,68,6801000,6801000-033,15鄰,新光路,四段,45巷,2弄,,,25號,121.204165285777,24.9187090439561
桃園市平鎮區金星里15鄰新光路四段45巷2弄26號,68,6801000,6801000-033,15鄰,新光路,四段,45巷,2弄,,,26號,121.204026277566,24.9188247982966
桃園市平鎮區金星里15鄰新光路四段45巷2弄27號,68,6801000,6801000-033,15鄰,新光路,四段,45巷,2弄,,,27號,121.204145023603,24.9186692562583
桃園市平鎮區金星里15鄰新光路四段45巷2弄28號,68,6801000,6801000-033,15鄰,新光路,四段,45巷,2弄,,,28號,121.204000080724,24.9187883592236
桃園市平鎮區金星里15鄰新光路四段45巷2弄29號,68,6801000,6801000-033,15鄰,新光路,四段,45巷,2弄,,,29號,121.204122978497,24.9186289292913
桃園市平鎮區金星里15鄰新光路四段45巷2弄30號,68,6801000,6801000-033,15鄰,新光路,四段,45巷,2弄,,,30號,121.203990985448,24.9187360969751
桃園市平鎮區金星里15鄰新光路四段45巷2弄31號,68,6801000,6801000-033,15鄰,新光路,四段,45巷,2弄,,,31號,121.20410370861,24.9185904944957
桃園市平鎮區金星里15鄰新光路四段45巷2弄32號,68,6801000,6801000-033,15鄰,新光路,四段,45巷,2弄,,,32號,121.203964698988,24.9187053459377
桃園市平鎮區金星里15鄰新光路四段45巷2弄33號,68,6801000,6801000-033,15鄰,新光路,四段,45巷,2弄,,,33號,121.204078499299,24.918552519248
桃園市平鎮區金星里15鄰新光路四段45巷2弄34號,68,6801000,6801000-033,15鄰,新光路,四段,45巷,2弄,,,34號,121.203938479622,24.9186551836488
桃園市平鎮區金星里15鄰新光路四段45巷2弄35號,68,6801000,6801000-033,15鄰,新光路,四段,45巷,2弄,,,35號,121.204056648676,24.9185100251777
桃園市平鎮區金星里15鄰新光路四段45巷2弄36號,68,6801000,6801000-033,15鄰,新光路,四段,45巷,2弄,,,36號,121.203919120285,24.9186225271558
桃園市平鎮區金星里15鄰新光路四段45巷2弄38號,68,6801000,6801000-033,15鄰,新光路,四段,45巷,2弄,,,38號,121.203896971359,24.9185792209102
桃園市平鎮區金星里15鄰新光路四段45巷2弄40號,68,6801000,6801000-033,15鄰,新光路,四段,45巷,2弄,,,40號,121.203885823057,24.9185427612383
桃園市平鎮區金星里15鄰新光路四段45巷2弄42號,68,6801000,6801000-033,15鄰,新光路,四段,45巷,2弄,,,42號,121.203856856313,24.9185075899076
桃園市平鎮區金星里15鄰新光路四段45巷2弄44號,68,6801000,6801000-033,15鄰,新光路,四段,45巷,2弄,,,44號,121.203837183837,24.9184650928268
桃園市平鎮區金星里29鄰新光路四段45巷3號,68,6801000,6801000-033,29鄰,新光路,四段,45巷,,,,3號,121.204688020145,24.91936695229
桃園市平鎮區金星里14鄰新光路四段45巷4弄1號,68,6801000,6801000-033,14鄰,新光路,四段,45巷,4弄,,,1號,121.204699780737,24.9189344737126
桃園市平鎮區金星里14鄰新光路四段45巷4弄2號,68,6801000,6801000-033,14鄰,新光路,四段,45巷,4弄,,,2號,121.204571542588,24.9190971616776
桃園市平鎮區金星里14鄰新光路四段45巷4弄2之1號,68,6801000,6801000-033,14鄰,新光路,四段,45巷,4弄,,,2之1號,121.204559579078,24.9190467993753
桃園市平鎮區金星里14鄰新光路四段45巷4弄3號,68,6801000,6801000-033,14鄰,新光路,四段,45巷,4弄,,,3號,121.204670423767,24.918903004741
桃園市平鎮區金星里14鄰新光路四段45巷4弄5號,68,6801000,6801000-033,14鄰,新光路,四段,45巷,4弄,,,5號,121.204648965465,24.9188584336802
桃園市平鎮區金星里14鄰新光路四段45巷4弄6號,68,6801000,6801000-033,14鄰,新光路,四段,45巷,4弄,,,6號,121.204532692435,24.9190124378862
桃園市平鎮區金星里14鄰新光路四段45巷4弄7號,68,6801000,6801000-033,14鄰,新光路,四段,45巷,4弄,,,7號,121.204631280919,24.9188208996236
桃園市平鎮區金星里14鄰新光路四段45巷4弄8號,68,6801000,6801000-033,14鄰,新光路,四段,45巷,4弄,,,8號,121.204518266077,24.9189694822817
桃園市平鎮區金星里14鄰新光路四段45巷4弄9號,68,6801000,6801000-033,14鄰,新光路,四段,45巷,4弄,,,9號,121.204606374815,24.9187868062821
桃園市平鎮區金星里14鄰新光路四段45巷4弄10號,68,6801000,6801000-033,14鄰,新光路,四段,45巷,4弄,,,10號,121.204491676323,24.9189350300932
桃園市平鎮區金星里14鄰新光路四段45巷4弄11號,68,6801000,6801000-033,14鄰,新光路,四段,45巷,4弄,,,11號,121.204584324623,24.9187435000054
桃園市平鎮區金星里14鄰新光路四段45巷4弄12號,68,6801000,6801000-033,14鄰,新光路,四段,45巷,4弄,,,12號,121.204462400694,24.9188928171208
桃園市平鎮區金星里14鄰新光路四段45巷4弄13號,68,6801000,6801000-033,14鄰,新光路,四段,45巷,4弄,,,13號,121.204558605823,24.9186968582335
桃園市平鎮區金星里14鄰新光路四段45巷4弄14號,68,6801000,6801000-033,14鄰,新光路,四段,45巷,4弄,,,14號,121.204442838265,24.9188571815897
桃園市平鎮區金星里14鄰新光路四段45巷4弄16號,68,6801000,6801000-033,14鄰,新光路,四段,45巷,4弄,,,16號,121.204419504796,24.9188161341592
桃園市平鎮區金星里14鄰新光路四段45巷4弄18號,68,6801000,6801000-033,14鄰,新光路,四段,45巷,4弄,,,18號,121.204392122482,24.9187813219006
桃園市平鎮區金星里14鄰新光路四段45巷4弄20號,68,6801000,6801000-033,14鄰,新光路,四段,45巷,4弄,,,20號,121.204371763602,24.918742978918
桃園市平鎮區金星里14鄰新光路四段45巷4弄21號,68,6801000,6801000-033,14鄰,新光路,四段,45巷,4弄,,,21號,121.204475973865,24.918478392933
桃園市平鎮區金星里14鄰新光路四段45巷4弄22號,68,6801000,6801000-033,14鄰,新光路,四段,45巷,4弄,,,22號,121.204344774057,24.9187061798542
桃園市平鎮區金星里14鄰新光路四段45巷4弄23號,68,6801000,6801000-033,14鄰,新光路,四段,45巷,4弄,,,23號,121.204462551611,24.9184439226803
桃園市平鎮區金星里14鄰新光路四段45巷4弄24號,68,6801000,6801000-033,14鄰,新光路,四段,45巷,4弄,,,24號,121.204329950003,24.9186621413609
桃園市平鎮區金星里14鄰新光路四段45巷4弄26號,68,6801000,6801000-033,14鄰,新光路,四段,45巷,4弄,,,26號,121.204304157152,24.9186305771471
桃園市平鎮區金星里14鄰新光路四段45巷4弄46號,68,6801000,6801000-033,14鄰,新光路,四段,45巷,4弄,,,46號,121.204162928497,24.9183596463919
桃園市平鎮區金星里14鄰新光路四段45巷4弄48號,68,6801000,6801000-033,14鄰,新光路,四段,45巷,4弄,,,48號,121.204097940307,24.9183340042871
桃園市平鎮區金星里14鄰新光路四段45巷6號,68,6801000,6801000-033,14鄰,新光路,四段,45巷,,,,6號,121.204774808971,24.918864580831
桃園市平鎮區金星里14鄰新光路四段45巷8號,68,6801000,6801000-033,14鄰,新光路,四段,45巷,,,,8號,121.204806605398,24.9188145195859
桃園市平鎮區金星里14鄰新光路四段45巷10號,68,6801000,6801000-033,14鄰,新光路,四段,45巷,,,,10號,121.204837730402,24.9187775504995
桃園市平鎮區金星里14鄰新光路四段45巷31號,68,6801000,6801000-033,14鄰,新光路,四段,45巷,,,,31號,121.204942852854,24.9188258888027
桃園市平鎮區金星里14鄰新光路四段45巷33號,68,6801000,6801000-033,14鄰,新光路,四段,45巷,,,,33號,121.204972872817,24.9187792607724
桃園市平鎮區金星里14鄰新光路四段45巷35弄2衖16號,68,6801000,6801000-033,14鄰,新光路,四段,45巷,35弄,,,2衖16號,121.205515087865,24.9185841320889
桃園市平鎮區金星里14鄰新光路四段45巷35弄2衖1號,68,6801000,6801000-033,14鄰,新光路,四段,45巷,35弄,,,2衖1號,121.205330511611,24.9188026038378
桃園市平鎮區金星里14鄰新光路四段45巷35弄2衖2號,68,6801000,6801000-033,14鄰,新光路,四段,45巷,35弄,,,2衖2號,121.205273693055,24.9186886528217
桃園市平鎮區金星里14鄰新光路四段45巷35弄2衖3號,68,6801000,6801000-033,14鄰,新光路,四段,45巷,35弄,,,2衖3號,121.205371271904,24.9187850325266
桃園市平鎮區金星里14鄰新光路四段45巷35弄2衖5號,68,6801000,6801000-033,14鄰,新光路,四段,45巷,35弄,,,2衖5號,121.205415308261,24.9187728737575
桃園市平鎮區金星里14鄰新光路四段45巷35弄2衖6號,68,6801000,6801000-033,14鄰,新光路,四段,45巷,35弄,,,2衖6號,121.205314945195,24.9186691848755
桃園市平鎮區金星里14鄰新光路四段45巷35弄2衖7號,68,6801000,6801000-033,14鄰,新光路,四段,45巷,35弄,,,2衖7號,121.205452308957,24.9187568424384
桃園市平鎮區金星里14鄰新光路四段45巷35弄2衖8號,68,6801000,6801000-033,14鄰,新光路,四段,45巷,35弄,,,2衖8號,121.205355202657,24.9186469194702
桃園市平鎮區金星里14鄰新光路四段45巷35弄2衖9號,68,6801000,6801000-033,14鄰,新光路,四段,45巷,35弄,,,2衖9號,121.20549841703,24.9187402568532
桃園市平鎮區金星里14鄰新光路四段45巷35弄6衖10號,68,6801000,6801000-033,14鄰,新光路,四段,45巷,35弄,,,6衖10號,121.205537409912,24.9189107504079
桃園市平鎮區金星里14鄰新光路四段45巷35弄6衖11號,68,6801000,6801000-033,14鄰,新光路,四段,45巷,35弄,,,6衖11號,121.205668540483,24.9190005831845
桃園市平鎮區金星里14鄰新光路四段45巷35弄6衖12號,68,6801000,6801000-033,14鄰,新光路,四段,45巷,35弄,,,6衖12號,121.205575798324,24.9188957102744
桃園市平鎮區金星里14鄰新光路四段45巷35弄6衖13號,68,6801000,6801000-033,14鄰,新光路,四段,45巷,35弄,,,6衖13號,121.205702670866,24.9189850071846
桃園市平鎮區金星里14鄰新光路四段45巷35弄6衖14號,68,6801000,6801000-033,14鄰,新光路,四段,45巷,35弄,,,6衖14號,121.205610315422,24.9188745361276
桃園市平鎮區金星里14鄰新光路四段45巷35弄6衖16號,68,6801000,6801000-033,14鄰,新光路,四段,45巷,35弄,,,6衖16號,121.205652556554,24.9188544347337
桃園市平鎮區金星里14鄰新光路四段45巷35弄6衖1號,68,6801000,6801000-033,14鄰,新光路,四段,45巷,35弄,,,6衖1號,121.205474230671,24.9190809333475
桃園市平鎮區金星里14鄰新光路四段45巷35弄6衖2號,68,6801000,6801000-033,14鄰,新光路,四段,45巷,35弄,,,6衖2號,121.205409077035,24.9189557986038
桃園市平鎮區金星里14鄰新光路四段45巷35弄6衖5號,68,6801000,6801000-033,14鄰,新光路,四段,45巷,35弄,,,6衖5號,121.205547815705,24.9190365022784
桃園市平鎮區金星里14鄰新光路四段45巷35弄6衖6號,68,6801000,6801000-033,14鄰,新光路,四段,45巷,35弄,,,6衖6號,121.205444798072,24.9189441929867
桃園市平鎮區金星里14鄰新光路四段45巷35弄6衖7號,68,6801000,6801000-033,14鄰,新光路,四段,45巷,35弄,,,6衖7號,121.205589665978,24.9190194711119
桃園市平鎮區金星里14鄰新光路四段45巷35弄6衖8號,68,6801000,6801000-033,14鄰,新光路,四段,45巷,35弄,,,6衖8號,121.205486245434,24.9189230093203
桃園市平鎮區金星里14鄰新光路四段45巷35弄6衖9號,68,6801000,6801000-033,14鄰,新光路,四段,45巷,35弄,,,6衖9號,121.205631422027,24.9190053291654
桃園市平鎮區金星里14鄰新光路四段45巷35弄6衖3號,68,6801000,6801000-033,14鄰,新光路,四段,45巷,35弄,,,6衖3號,121.205508636865,24.9190525366227
桃園市平鎮區金星里14鄰新光路四段45巷35弄17衖1號,68,6801000,6801000-033,14鄰,新光路,四段,45巷,35弄,,,17衖1號,121.205260633764,24.9190530587747
桃園市平鎮區金星里14鄰新光路四段45巷35弄17衖3號,68,6801000,6801000-033,14鄰,新光路,四段,45巷,35弄,,,17衖3號,121.205104853702,24.9190243821064
桃園市平鎮區金星里14鄰新光路四段45巷35弄2衖11號,68,6801000,6801000-033,14鄰,新光路,四段,45巷,35弄,,,2衖11號,121.20553809004,24.918723770408
桃園市平鎮區金星里14鄰新光路四段45巷35弄2衖12號,68,6801000,6801000-033,14鄰,新光路,四段,45巷,35弄,,,2衖12號,121.205421591366,24.9186212775346
桃園市平鎮區金星里14鄰新光路四段45巷35弄2衖13號,68,6801000,6801000-033,14鄰,新光路,四段,45巷,35弄,,,2衖13號,121.205585880394,24.9187067310548
桃園市平鎮區金星里14鄰新光路四段45巷35弄2衖14號,68,6801000,6801000-033,14鄰,新光路,四段,45巷,35弄,,,2衖14號,121.205471655475,24.918602248828
桃園市平鎮區金星里14鄰新光路四段45巷35弄2衖10號,68,6801000,6801000-033,14鄰,新光路,四段,45巷,35弄,,,2衖10號,121.205389937917,24.9186379334723
桃園市平鎮區金星里14鄰新光路四段45巷35弄8衖2號,68,6801000,6801000-033,14鄰,新光路,四段,45巷,35弄,,,8衖2號,121.205728527505,24.9191144393872
桃園市平鎮區金星里14鄰新光路四段45巷35弄8衖6號,68,6801000,6801000-033,14鄰,新光路,四段,45巷,35弄,,,8衖6號,121.205784259078,24.9191099385501
桃園市平鎮區金星里14鄰新光路四段45巷35弄1號,68,6801000,6801000-033,14鄰,新光路,四段,45巷,35弄,,,1號,121.205091971069,24.9186578450185
桃園市平鎮區金星里14鄰新光路四段45巷35弄3號,68,6801000,6801000-033,14鄰,新光路,四段,45巷,35弄,,,3號,121.205103541431,24.9187098329404
桃園市平鎮區金星里14鄰新光路四段45巷35弄5號,68,6801000,6801000-033,14鄰,新光路,四段,45巷,35弄,,,5號,121.205113292414,24.9187392522546
桃園市平鎮區金星里14鄰新光路四段45巷35弄5之1號,68,6801000,6801000-033,14鄰,新光路,四段,45巷,35弄,,,5之1號,121.20512850784,24.9187803107433
桃園市平鎮區金星里14鄰新光路四段45巷35弄7之1號,68,6801000,6801000-033,14鄰,新光路,四段,45巷,35弄,,,7之1號,121.205166458483,24.9188597088364
桃園市平鎮區金星里14鄰新光路四段45巷35弄7號,68,6801000,6801000-033,14鄰,新光路,四段,45巷,35弄,,,7號,121.205148084045,24.9188241620486
桃園市平鎮區金星里14鄰新光路四段45巷35弄9號,68,6801000,6801000-033,14鄰,新光路,四段,45巷,35弄,,,9號,121.205189678563,24.91889190843
桃園市平鎮區金星里14鄰新光路四段45巷35弄11號,68,6801000,6801000-033,14鄰,新光路,四段,45巷,35弄,,,11號,121.205201313482,24.9189230405494
桃園市平鎮區金星里14鄰新光路四段45巷35弄13號,68,6801000,6801000-033,14鄰,新光路,四段,45巷,35弄,,,13號,121.205233549306,24.9189591099596
桃園市平鎮區金星里14鄰新光路四段45巷35弄15號,68,6801000,6801000-033,14鄰,新光路,四段,45巷,35弄,,,15號,121.205249155581,24.9189970079414
桃園市平鎮區金星里14鄰新光路四段45巷37號,68,6801000,6801000-033,14鄰,新光路,四段,45巷,,,,37號,121.205274695698,24.9185168401571
桃園市平鎮區金星里14鄰新光路四段45巷39號,68,6801000,6801000-033,14鄰,新光路,四段,45巷,,,,39號,121.205310667295,24.9184772460511
桃園市平鎮區金星里14鄰新光路四段45巷41號,68,6801000,6801000-033,14鄰,新光路,四段,45巷,,,,41號,121.205354488948,24.9184550660228
桃園市平鎮區金星里14鄰新光路四段45巷43號,68,6801000,6801000-033,14鄰,新光路,四段,45巷,,,,43號,121.205379409264,24.9184378776594
桃園市平鎮區金星里14鄰新光路四段45巷45號,68,6801000,6801000-033,14鄰,新光路,四段,45巷,,,,45號,121.205423929296,24.9184189468887
桃園市平鎮區金星里13鄰新光路四段45巷50號,68,6801000,6801000-033,13鄰,新光路,四段,45巷,,,,50號,121.205375537543,24.9180130044097
桃園市平鎮區金星里13鄰新光路四段45巷51號,68,6801000,6801000-033,13鄰,新光路,四段,45巷,,,,51號,121.205535693753,24.9180544951644
桃園市平鎮區金星里13鄰新光路四段45巷52號,68,6801000,6801000-033,13鄰,新光路,四段,45巷,,,,52號,121.205402692806,24.9179704430348
桃園市平鎮區金星里13鄰新光路四段45巷53號,68,6801000,6801000-033,13鄰,新光路,四段,45巷,,,,53號,121.205560871762,24.9180136518909
桃園市平鎮區金星里13鄰新光路四段45巷54號,68,6801000,6801000-033,13鄰,新光路,四段,45巷,,,,54號,121.205435698019,24.9179332003782
桃園市平鎮區金星里13鄰新光路四段45巷55號,68,6801000,6801000-033,13鄰,新光路,四段,45巷,,,,55號,121.205582191801,24.9179747099051
桃園市平鎮區金星里13鄰新光路四段45巷56弄1號,68,6801000,6801000-033,13鄰,新光路,四段,45巷,56弄,,,1號,121.205388400165,24.9177692186912
桃園市平鎮區金星里13鄰新光路四段45巷56弄2號,68,6801000,6801000-033,13鄰,新光路,四段,45巷,56弄,,,2號,121.205320081282,24.9178845157255
桃園市平鎮區金星里13鄰新光路四段45巷56弄3號,68,6801000,6801000-033,13鄰,新光路,四段,45巷,56弄,,,3號,121.205355295265,24.9177462417491
桃園市平鎮區金星里13鄰新光路四段45巷56弄4號,68,6801000,6801000-033,13鄰,新光路,四段,45巷,56弄,,,4號,121.205271412513,24.9178491912244
桃園市平鎮區金星里13鄰新光路四段45巷56弄5號,68,6801000,6801000-033,13鄰,新光路,四段,45巷,56弄,,,5號,121.205308711417,24.9177144354816
桃園市平鎮區金星里13鄰新光路四段45巷56弄7號,68,6801000,6801000-033,13鄰,新光路,四段,45巷,56弄,,,7號,121.205419708684,24.917663994185
桃園市平鎮區金星里13鄰新光路四段45巷56弄9號,68,6801000,6801000-033,13鄰,新光路,四段,45巷,56弄,,,9號,121.205444287106,24.9176198112307
桃園市平鎮區金星里13鄰新光路四段45巷56弄11號,68,6801000,6801000-033,13鄰,新光路,四段,45巷,56弄,,,11號,121.205475306187,24.9175789599223
桃園市平鎮區金星里13鄰新光路四段45巷56弄13號,68,6801000,6801000-033,13鄰,新光路,四段,45巷,56弄,,,13號,121.205494853416,24.9175456180255
桃園市平鎮區金星里13鄰新光路四段45巷56弄15號,68,6801000,6801000-033,13鄰,新光路,四段,45巷,56弄,,,15號,121.205520031337,24.9175047747568
桃園市平鎮區金星里13鄰新光路四段45巷56弄17號,68,6801000,6801000-033,13鄰,新光路,四段,45巷,56弄,,,17號,121.205545224055,24.9174728696237
桃園市平鎮區金星里13鄰新光路四段45巷56弄19號,68,6801000,6801000-033,13鄰,新光路,四段,45巷,56弄,,,19號,121.20558041133,24.9174381518905
桃園市平鎮區金星里13鄰新光路四段45巷56弄21號,68,6801000,6801000-033,13鄰,新光路,四段,45巷,56弄,,,21號,121.205619233967,24.9173867265129
桃園市平鎮區金星里13鄰新光路四段45巷57號,68,6801000,6801000-033,13鄰,新光路,四段,45巷,,,,57號,121.205610633567,24.9179318758657
桃園市平鎮區金星里13鄰新光路四段45巷58號,68,6801000,6801000-033,13鄰,新光路,四段,45巷,,,,58號,121.205489780824,24.9178302015946
桃園市平鎮區金星里13鄰新光路四段45巷59號,68,6801000,6801000-033,13鄰,新光路,四段,45巷,,,,59號,121.205635232034,24.9178997909694
桃園市平鎮區金星里13鄰新光路四段45巷60號,68,6801000,6801000-033,13鄰,新光路,四段,45巷,,,,60號,121.205512467587,24.9177796110409
桃園市平鎮區金星里13鄰新光路四段45巷61號,68,6801000,6801000-033,13鄰,新光路,四段,45巷,,,,61號,121.205662393171,24.917860840917
桃園市平鎮區金星里13鄰新光路四段45巷62號,68,6801000,6801000-033,13鄰,新光路,四段,45巷,,,,62號,121.205549324978,24.9177370362674
桃園市平鎮區金星里13鄰新光路四段45巷63號,68,6801000,6801000-033,13鄰,新光路,四段,45巷,,,,63號,121.205685600037,24.917825417407
桃園市平鎮區金星里13鄰新光路四段45巷64號,68,6801000,6801000-033,13鄰,新光路,四段,45巷,,,,64號,121.205578343653,24.9176839090108
桃園市平鎮區金星里13鄰新光路四段45巷65號,68,6801000,6801000-033,13鄰,新光路,四段,45巷,,,,65號,121.205716622084,24.9177863717345
桃園市平鎮區金星里13鄰新光路四段45巷66號,68,6801000,6801000-033,13鄰,新光路,四段,45巷,,,,66號,121.2056059875,24.9176375549774
桃園市平鎮區金星里13鄰新光路四段45巷67號,68,6801000,6801000-033,13鄰,新光路,四段,45巷,,,,67號,121.205740112897,24.9177430930774
桃園市平鎮區金星里13鄰新光路四段45巷68號,68,6801000,6801000-033,13鄰,新光路,四段,45巷,,,,68號,121.205629173682,24.9175896722499
桃園市平鎮區金星里13鄰新光路四段45巷69號,68,6801000,6801000-033,13鄰,新光路,四段,45巷,,,,69號,121.205772992431,24.9176898701721
桃園市平鎮區金星里13鄰新光路四段45巷70號,68,6801000,6801000-033,13鄰,新光路,四段,45巷,,,,70號,121.205658215646,24.917550629319
桃園市平鎮區金星里13鄰新光路四段45巷71號,68,6801000,6801000-033,13鄰,新光路,四段,45巷,,,,71號,121.205805988618,24.9176473006632
桃園市平鎮區金星里13鄰新光路四段45巷72號,68,6801000,6801000-033,13鄰,新光路,四段,45巷,,,,72號,121.205702394583,24.9175053358761
桃園市平鎮區金星里13鄰新光路四段45巷73號,68,6801000,6801000-033,13鄰,新光路,四段,45巷,,,,73號,121.205860641535,24.9175898043182
桃園市平鎮區金星里13鄰新光路四段45巷74號,68,6801000,6801000-033,13鄰,新光路,四段,45巷,,,,74號,121.205734008761,24.9174652059686
桃園市平鎮區金星里13鄰新光路四段45巷75號,68,6801000,6801000-033,13鄰,新光路,四段,45巷,,,,75號,121.205878024703,24.9175649520972
桃園市平鎮區金星里13鄰新光路四段45巷76弄1號,68,6801000,6801000-033,13鄰,新光路,四段,45巷,76弄,,,1號,121.205911342746,24.9172392500855
桃園市平鎮區金星里13鄰新光路四段45巷76弄2號,68,6801000,6801000-033,13鄰,新光路,四段,45巷,76弄,,,2號,121.205832111239,24.9174002463582
桃園市平鎮區金星里13鄰新光路四段45巷76弄3號,68,6801000,6801000-033,13鄰,新光路,四段,45巷,76弄,,,3號,121.20587438701,24.9172224179167
桃園市平鎮區金星里13鄰新光路四段45巷76弄5號,68,6801000,6801000-033,13鄰,新光路,四段,45巷,76弄,,,5號,121.205833664717,24.9172028824039
桃園市平鎮區金星里13鄰新光路四段45巷76弄6號,68,6801000,6801000-033,13鄰,新光路,四段,45巷,76弄,,,6號,121.205796642893,24.9173848566688
桃園市平鎮區金星里13鄰新光路四段45巷76弄7號,68,6801000,6801000-033,13鄰,新光路,四段,45巷,76弄,,,7號,121.205793039342,24.9171820827638
桃園市平鎮區金星里13鄰新光路四段45巷76弄8號,68,6801000,6801000-033,13鄰,新光路,四段,45巷,76弄,,,8號,121.205758192063,24.9173619774767
桃園市平鎮區金星里13鄰新光路四段45巷76弄9號,68,6801000,6801000-033,13鄰,新光路,四段,45巷,76弄,,,9號,121.205748647417,24.9171585797757
桃園市平鎮區金星里13鄰新光路四段45巷76弄10號,68,6801000,6801000-033,13鄰,新光路,四段,45巷,76弄,,,10號,121.205718949231,24.9173390993671
桃園市平鎮區金星里13鄰新光路四段45巷76弄12號,68,6801000,6801000-033,13鄰,新光路,四段,45巷,76弄,,,12號,121.205671682912,24.9173136140641
桃園市平鎮區金星里13鄰新光路四段45巷77弄1號,68,6801000,6801000-033,13鄰,新光路,四段,45巷,77弄,,,1號,121.206152384355,24.9176389674525
桃園市平鎮區金星里13鄰新光路四段45巷77弄2號,68,6801000,6801000-033,13鄰,新光路,四段,45巷,77弄,,,2號,121.206034328425,24.917492689236
桃園市平鎮區金星里13鄰新光路四段45巷77弄4號,68,6801000,6801000-033,13鄰,新光路,四段,45巷,77弄,,,4號,121.206079585739,24.9175006620162
桃園市平鎮區金星里13鄰新光路四段45巷77弄6號,68,6801000,6801000-033,13鄰,新光路,四段,45巷,77弄,,,6號,121.206114445885,24.9175074754558
桃園市平鎮區金星里13鄰新光路四段45巷77弄8號,68,6801000,6801000-033,13鄰,新光路,四段,45巷,77弄,,,8號,121.206178145522,24.9175322156218
桃園市平鎮區金星里13鄰新光路四段45巷77弄10號,68,6801000,6801000-033,13鄰,新光路,四段,45巷,77弄,,,10號,121.206212915988,24.9175446267979
桃園市平鎮區金星里13鄰新光路四段45巷79號,68,6801000,6801000-033,13鄰,新光路,四段,45巷,,,,79號,121.205909630661,24.9174602687837
桃園市平鎮區金星里13鄰新光路四段45巷81號,68,6801000,6801000-033,13鄰,新光路,四段,45巷,,,,81號,121.2059358991,24.9174204170682
桃園市平鎮區金星里13鄰新光路四段45巷83號,68,6801000,6801000-033,13鄰,新光路,四段,45巷,,,,83號,121.205967000027,24.9173693634017
桃園市平鎮區金星里13鄰新光路四段45巷85號,68,6801000,6801000-033,13鄰,新光路,四段,45巷,,,,85號,121.206040063207,24.9173690819022
桃園市平鎮區金星里17鄰新光路四段45巷86號,68,6801000,6801000-033,17鄰,新光路,四段,45巷,,,,86號,121.206035951193,24.9172180416979
桃園市平鎮區金星里13鄰新光路四段45巷87號,68,6801000,6801000-033,13鄰,新光路,四段,45巷,,,,87號,121.2060888907,24.9173807514095
桃園市平鎮區金星里17鄰新光路四段45巷88弄1號,68,6801000,6801000-033,17鄰,新光路,四段,45巷,88弄,,,1號,121.206239922609,24.9171747843474
桃園市平鎮區金星里17鄰新光路四段45巷88弄2號,68,6801000,6801000-033,17鄰,新光路,四段,45巷,88弄,,,2號,121.206104710364,24.9171300096267
桃園市平鎮區金星里17鄰新光路四段45巷88弄3號,68,6801000,6801000-033,17鄰,新光路,四段,45巷,88弄,,,3號,121.206256016517,24.9171486698824
桃園市平鎮區金星里17鄰新光路四段45巷88弄4號,68,6801000,6801000-033,17鄰,新光路,四段,45巷,88弄,,,4號,121.206120770383,24.9170834909365
桃園市平鎮區金星里17鄰新光路四段45巷88弄5號,68,6801000,6801000-033,17鄰,新光路,四段,45巷,88弄,,,5號,121.206295440453,24.917101848004
桃園市平鎮區金星里17鄰新光路四段45巷88弄6號,68,6801000,6801000-033,17鄰,新光路,四段,45巷,88弄,,,6號,121.206176764204,24.9169990878528
桃園市平鎮區金星里17鄰新光路四段45巷88弄7號,68,6801000,6801000-033,17鄰,新光路,四段,45巷,88弄,,,7號,121.206321516546,24.9170655175794
桃園市平鎮區金星里17鄰新光路四段45巷88弄8號,68,6801000,6801000-033,17鄰,新光路,四段,45巷,88弄,,,8號,121.20620221838,24.9169459653999
桃園市平鎮區金星里17鄰新光路四段45巷88弄9號,68,6801000,6801000-033,17鄰,新光路,四段,45巷,88弄,,,9號,121.206351253885,24.9170280986705
桃園市平鎮區金星里17鄰新光路四段45巷88弄10號,68,6801000,6801000-033,17鄰,新光路,四段,45巷,88弄,,,10號,121.206244448851,24.9169199050778
桃園市平鎮區金星里17鄰新光路四段45巷88弄11號,68,6801000,6801000-033,17鄰,新光路,四段,45巷,88弄,,,11號,121.206378033175,24.9169979066055
桃園市平鎮區金星里17鄰新光路四段45巷88弄12號,68,6801000,6801000-033,17鄰,新光路,四段,45巷,88弄,,,12號,121.206262511045,24.9168867457017
桃園市平鎮區金星里17鄰新光路四段45巷88弄13號,68,6801000,6801000-033,17鄰,新光路,四段,45巷,88弄,,,13號,121.206397778824,24.9169650157371
桃園市平鎮區金星里17鄰新光路四段45巷88弄14號,68,6801000,6801000-033,17鄰,新光路,四段,45巷,88弄,,,14號,121.206279859797,24.9168413086243
桃園市平鎮區金星里17鄰新光路四段45巷88弄15號,68,6801000,6801000-033,17鄰,新光路,四段,45巷,88弄,,,15號,121.206427609407,24.9169241658745
桃園市平鎮區金星里17鄰新光路四段45巷88弄16號,68,6801000,6801000-033,17鄰,新光路,四段,45巷,88弄,,,16號,121.206323265618,24.9168076627597
桃園市平鎮區金星里17鄰新光路四段45巷88弄17號,68,6801000,6801000-033,17鄰,新光路,四段,45巷,88弄,,,17號,121.206454958318,24.9168793469255
桃園市平鎮區金星里17鄰新光路四段45巷88弄18號,68,6801000,6801000-033,17鄰,新光路,四段,45巷,88弄,,,18號,121.206361110054,24.916763641866
桃園市平鎮區金星里17鄰新光路四段45巷88弄19號,68,6801000,6801000-033,17鄰,新光路,四段,45巷,88弄,,,19號,121.206481028756,24.9168396759554
桃園市平鎮區金星里17鄰新光路四段45巷88弄20號,68,6801000,6801000-033,17鄰,新光路,四段,45巷,88弄,,,20號,121.206410900285,24.9166995612793
桃園市平鎮區金星里17鄰新光路四段45巷88弄21號,68,6801000,6801000-033,17鄰,新光路,四段,45巷,88弄,,,21號,121.206514527902,24.9168021615202
桃園市平鎮區金星里17鄰新光路四段45巷88弄22號,68,6801000,6801000-033,17鄰,新光路,四段,45巷,88弄,,,22號,121.206443698439,24.9166572627535
桃園市平鎮區金星里17鄰新光路四段45巷88弄23號,68,6801000,6801000-033,17鄰,新光路,四段,45巷,88弄,,,23號,121.206545354287,24.9167648313483
桃園市平鎮區金星里17鄰新光路四段45巷88弄24號,68,6801000,6801000-033,17鄰,新光路,四段,45巷,88弄,,,24號,121.20647917487,24.9166181204681
桃園市平鎮區金星里17鄰新光路四段45巷88弄25號,68,6801000,6801000-033,17鄰,新光路,四段,45巷,88弄,,,25號,121.206577648533,24.9167172067086
桃園市平鎮區金星里17鄰新光路四段45巷88弄26號,68,6801000,6801000-033,17鄰,新光路,四段,45巷,88弄,,,26號,121.206502739996,24.9165603057859
桃園市平鎮區金星里17鄰新光路四段45巷88弄27號,68,6801000,6801000-033,17鄰,新光路,四段,45巷,88弄,,,27號,121.206609868268,24.9166842985313
桃園市平鎮區金星里13鄰新光路四段45巷89號,68,6801000,6801000-033,13鄰,新光路,四段,45巷,,,,89號,121.206139303134,24.9173929604166
桃園市平鎮區金星里17鄰新光路四段45巷90號,68,6801000,6801000-033,17鄰,新光路,四段,45巷,,,,90號,121.206145233711,24.9172680888248
桃園市平鎮區金星里13鄰新光路四段45巷91號,68,6801000,6801000-033,13鄰,新光路,四段,45巷,,,,91號,121.206188132146,24.9174055327338
桃園市平鎮區金星里17鄰新光路四段45巷92號,68,6801000,6801000-033,17鄰,新光路,四段,45巷,,,,92號,121.206199998737,24.9172782152525
桃園市平鎮區金星里13鄰新光路四段45巷93號,68,6801000,6801000-033,13鄰,新光路,四段,45巷,,,,93號,121.20623646796,24.9174191891303
桃園市平鎮區金星里17鄰新光路四段45巷94號,68,6801000,6801000-033,17鄰,新光路,四段,45巷,,,,94號,121.206270512589,24.9172928340995
桃園市平鎮區金星里17鄰新光路四段45巷96號,68,6801000,6801000-033,17鄰,新光路,四段,45巷,,,,96號,121.20631775529,24.9173040543019
桃園市平鎮區金星里17鄰新光路四段45巷98弄1號,68,6801000,6801000-033,17鄰,新光路,四段,45巷,98弄,,,1號,121.206458979267,24.9173322081657
桃園市平鎮區金星里17鄰新光路四段45巷98弄2號,68,6801000,6801000-033,17鄰,新光路,四段,45巷,98弄,,,2號,121.206374251296,24.9172239841056
桃園市平鎮區金星里17鄰新光路四段45巷98弄3號,68,6801000,6801000-033,17鄰,新光路,四段,45巷,98弄,,,3號,121.206489994182,24.9172890995413
桃園市平鎮區金星里17鄰新光路四段45巷98弄4號,68,6801000,6801000-033,17鄰,新光路,四段,45巷,98弄,,,4號,121.206394080808,24.9171819743929
桃園市平鎮區金星里17鄰新光路四段45巷98弄5號,68,6801000,6801000-033,17鄰,新光路,四段,45巷,98弄,,,5號,121.20651972581,24.9172482497988
桃園市平鎮區金星里17鄰新光路四段45巷98弄6號,68,6801000,6801000-033,17鄰,新光路,四段,45巷,98弄,,,6號,121.206410154098,24.9171434909702
桃園市平鎮區金星里17鄰新光路四段45巷98弄7號,68,6801000,6801000-033,17鄰,新光路,四段,45巷,98弄,,,7號,121.206554509522,24.9172091987416
桃園市平鎮區金星里17鄰新光路四段45巷98弄8號,68,6801000,6801000-033,17鄰,新光路,四段,45巷,98弄,,,8號,121.206431285636,24.9171105078952
桃園市平鎮區金星里17鄰新光路四段45巷98弄9號,68,6801000,6801000-033,17鄰,新光路,四段,45巷,98弄,,,9號,121.206579302297,24.9171751271615
桃園市平鎮區金星里17鄰新光路四段45巷98弄10號,68,6801000,6801000-033,17鄰,新光路,四段,45巷,98弄,,,10號,121.206474193044,24.9170747861352
桃園市平鎮區金星里17鄰新光路四段45巷98弄11號,68,6801000,6801000-033,17鄰,新光路,四段,45巷,98弄,,,11號,121.206609035823,24.917135451096
桃園市平鎮區金星里17鄰新光路四段45巷98弄12號,68,6801000,6801000-033,17鄰,新光路,四段,45巷,98弄,,,12號,121.206498974539,24.9170339432495
桃園市平鎮區金星里17鄰新光路四段45巷98弄13號,68,6801000,6801000-033,17鄰,新光路,四段,45巷,98弄,,,13號,121.206634523236,24.9171023716731
桃園市平鎮區金星里17鄰新光路四段45巷98弄14號,68,6801000,6801000-033,17鄰,新光路,四段,45巷,98弄,,,14號,121.206522562436,24.9169897614879
桃園市平鎮區金星里17鄰新光路四段45巷98弄15號,68,6801000,6801000-033,17鄰,新光路,四段,45巷,98弄,,,15號,121.206670492033,24.9170616035418
桃園市平鎮區金星里17鄰新光路四段45巷98弄16號,68,6801000,6801000-033,17鄰,新光路,四段,45巷,98弄,,,16號,121.206557247825,24.9169511619875
桃園市平鎮區金星里17鄰新光路四段45巷98弄17號,68,6801000,6801000-033,17鄰,新光路,四段,45巷,98弄,,,17號,121.206696569813,24.917026356463
桃園市平鎮區金星里17鄰新光路四段45巷98弄18號,68,6801000,6801000-033,17鄰,新光路,四段,45巷,98弄,,,18號,121.206592527051,24.9169124713719
桃園市平鎮區金星里17鄰新光路四段45巷98弄19號,68,6801000,6801000-033,17鄰,新光路,四段,45巷,98弄,,,19號,121.206729868381,24.9169873074229
桃園市平鎮區金星里17鄰新光路四段45巷98弄20號,68,6801000,6801000-033,17鄰,新光路,四段,45巷,98弄,,,20號,121.206616032736,24.9168784015677
桃園市平鎮區金星里17鄰新光路四段45巷98弄21號,68,6801000,6801000-033,17鄰,新光路,四段,45巷,98弄,,,21號,121.206764559274,24.9169520483917
桃園市平鎮區金星里17鄰新光路四段45巷98弄22號,68,6801000,6801000-033,17鄰,新光路,四段,45巷,98弄,,,22號,121.206637154999,24.9168399111241
桃園市平鎮區金星里17鄰新光路四段45巷98弄23號,68,6801000,6801000-033,17鄰,新光路,四段,45巷,98弄,,,23號,121.206800533555,24.9169146207459
桃園市平鎮區金星里17鄰新光路四段45巷98弄24號,68,6801000,6801000-033,17鄰,新光路,四段,45巷,98弄,,,24號,121.206666882711,24.9167968042446
桃園市平鎮區金星里17鄰新光路四段45巷98弄25號,68,6801000,6801000-033,17鄰,新光路,四段,45巷,98弄,,,25號,121.206807775668,24.9168642319783
桃園市平鎮區金星里17鄰新光路四段45巷98弄26號,68,6801000,6801000-033,17鄰,新光路,四段,45巷,98弄,,,26號,121.206684250259,24.9167627429357
桃園市平鎮區金星里16鄰新光路四段47號,68,6801000,6801000-033,16鄰,新光路,四段,,,,,47號,121.204128310205,24.9194020276235
桃園市平鎮區金星里16鄰新光路四段49號,68,6801000,6801000-033,16鄰,新光路,四段,,,,,49號,121.204104884568,24.9193651333568
桃園市平鎮區金星里16鄰新光路四段51號,68,6801000,6801000-033,16鄰,新光路,四段,,,,,51號,121.204091736299,24.9193166686127
桃園市平鎮區金星里16鄰新光路四段53號,68,6801000,6801000-033,16鄰,新光路,四段,,,,,53號,121.204075539582,24.9192807575753
桃園市平鎮區金星里16鄰新光路四段55號,68,6801000,6801000-033,16鄰,新光路,四段,,,,,55號,121.204047752927,24.9192408898808
桃園市平鎮區金星里16鄰新光路四段57號,68,6801000,6801000-033,16鄰,新光路,四段,,,,,57號,121.204025821013,24.9192092300538
桃園市平鎮區金星里16鄰新光路四段59號,68,6801000,6801000-033,16鄰,新光路,四段,,,,,59號,121.204005347427,24.9191613170299
桃園市平鎮區金星里16鄰新光路四段61號,68,6801000,6801000-033,16鄰,新光路,四段,,,,,61號,121.203981625309,24.9191246940011
桃園市平鎮區金星里16鄰新光路四段63號,68,6801000,6801000-033,16鄰,新光路,四段,,,,,63號,121.20395412682,24.9190794088276
桃園市平鎮區金星里16鄰新光路四段65號,68,6801000,6801000-033,16鄰,新光路,四段,,,,,65號,121.203935061305,24.9190448559638
桃園市平鎮區金星里16鄰新光路四段67號,68,6801000,6801000-033,16鄰,新光路,四段,,,,,67號,121.203920047365,24.9190056930505
桃園市平鎮區金星里16鄰新光路四段69號,68,6801000,6801000-033,16鄰,新光路,四段,,,,,69號,121.203898500256,24.9189671710599
桃園市平鎮區金星里16鄰新光路四段71號,68,6801000,6801000-033,16鄰,新光路,四段,,,,,71號,121.203876558781,24.9189296427339
桃園市平鎮區金星里16鄰新光路四段73號,68,6801000,6801000-033,16鄰,新光路,四段,,,,,73號,121.203847683828,24.9188901376252
桃園市平鎮區金星里16鄰新光路四段75號,68,6801000,6801000-033,16鄰,新光路,四段,,,,,75號,121.203826830823,24.9188522466656
桃園市平鎮區金星里16鄰新光路四段77號,68,6801000,6801000-033,16鄰,新光路,四段,,,,,77號,121.203805971154,24.9188102929122
桃園市平鎮區金星里16鄰新光路四段79號,68,6801000,6801000-033,16鄰,新光路,四段,,,,,79號,121.203786702968,24.9187728512027
桃園市平鎮區金星里16鄰新光路四段81號,68,6801000,6801000-033,16鄰,新光路,四段,,,,,81號,121.203767329263,24.9187314371192
桃園市平鎮區金星里16鄰新光路四段83號,68,6801000,6801000-033,16鄰,新光路,四段,,,,,83號,121.203750531431,24.9186911029267
桃園市平鎮區金星里16鄰新光路四段85號,68,6801000,6801000-033,16鄰,新光路,四段,,,,,85號,121.203727200596,24.918651499933
桃園市平鎮區金星里16鄰新光路四段87號,68,6801000,6801000-033,16鄰,新光路,四段,,,,,87號,121.203704069561,24.9186129800758
桃園市平鎮區金星里16鄰新光路四段89號,68,6801000,6801000-033,16鄰,新光路,四段,,,,,89號,121.203677769852,24.918574103405
桃園市平鎮區金星里16鄰新光路四段91號,68,6801000,6801000-033,16鄰,新光路,四段,,,,,91號,121.203663051133,24.9185337663617
桃園市平鎮區金星里16鄰新光路四段93號,68,6801000,6801000-033,16鄰,新光路,四段,,,,,93號,121.20363952917,24.9184983166988
桃園市平鎮區金星里16鄰新光路四段95號,68,6801000,6801000-033,16鄰,新光路,四段,,,,,95號,121.203620062632,24.9184606043832
桃園市平鎮區金星里16鄰新光路四段97號,68,6801000,6801000-033,16鄰,新光路,四段,,,,,97號,121.203595342581,24.9184190170064
桃園市平鎮區金星里16鄰新光路四段99號,68,6801000,6801000-033,16鄰,新光路,四段,,,,,99號,121.203610096659,24.9183603119719
桃園市平鎮區金星里16鄰新光路四段101號,68,6801000,6801000-033,16鄰,新光路,四段,,,,,101號,121.203580754769,24.918217160899
桃園市平鎮區金星里16鄰新光路四段101號四樓,68,6801000,6801000-033,16鄰,新光路,四段,,,,,101號四樓,121.203580754769,24.918217160899
桃園市平鎮區金星里16鄰新光路四段101號二樓,68,6801000,6801000-033,16鄰,新光路,四段,,,,,101號二樓,121.203580754769,24.918217160899
桃園市平鎮區金星里16鄰新光路四段101號三樓,68,6801000,6801000-033,16鄰,新光路,四段,,,,,101號三樓,121.203580754769,24.918217160899
桃園市平鎮區金星里16鄰新光路四段101號五樓,68,6801000,6801000-033,16鄰,新光路,四段,,,,,101號五樓,121.203580754769,24.918217160899
桃園市平鎮區金星里16鄰新光路四段101號六樓,68,6801000,6801000-033,16鄰,新光路,四段,,,,,101號六樓,121.203580754769,24.918217160899
桃園市平鎮區金星里16鄰新光路四段103號二樓,68,6801000,6801000-033,16鄰,新光路,四段,,,,,103號二樓,121.203562971932,24.9181798074135
桃園市平鎮區金星里16鄰新光路四段103號三樓,68,6801000,6801000-033,16鄰,新光路,四段,,,,,103號三樓,121.203562971932,24.9181798074135
桃園市平鎮區金星里16鄰新光路四段103號四樓,68,6801000,6801000-033,16鄰,新光路,四段,,,,,103號四樓,121.203562971932,24.9181798074135
桃園市平鎮區金星里16鄰新光路四段103號五樓,68,6801000,6801000-033,16鄰,新光路,四段,,,,,103號五樓,121.203562971932,24.9181798074135
桃園市平鎮區金星里16鄰新光路四段103號六樓,68,6801000,6801000-033,16鄰,新光路,四段,,,,,103號六樓,121.203562971932,24.9181798074135
桃園市平鎮區金星里16鄰新光路四段105號二樓,68,6801000,6801000-033,16鄰,新光路,四段,,,,,105號二樓,121.203538847159,24.9181389414884
桃園市平鎮區金星里16鄰新光路四段105號三樓,68,6801000,6801000-033,16鄰,新光路,四段,,,,,105號三樓,121.203538847159,24.9181389414884
桃園市平鎮區金星里16鄰新光路四段105號四樓,68,6801000,6801000-033,16鄰,新光路,四段,,,,,105號四樓,121.203538847159,24.9181389414884
桃園市平鎮區金星里16鄰新光路四段105號五樓,68,6801000,6801000-033,16鄰,新光路,四段,,,,,105號五樓,121.203538847159,24.9181389414884
桃園市平鎮區金星里16鄰新光路四段105號六樓,68,6801000,6801000-033,16鄰,新光路,四段,,,,,105號六樓,121.203538847159,24.9181389414884
桃園市平鎮區金星里16鄰新光路四段105號七樓,68,6801000,6801000-033,16鄰,新光路,四段,,,,,105號七樓,121.203538847159,24.9181389414884
桃園市平鎮區金星里16鄰新光路四段107號,68,6801000,6801000-033,16鄰,新光路,四段,,,,,107號,121.203513240621,24.9181000638392
桃園市平鎮區金星里16鄰新光路四段109之1號,68,6801000,6801000-033,16鄰,新光路,四段,,,,,109之1號,121.203573876162,24.9180073492288
桃園市平鎮區金星里16鄰新光路四段117之1號,68,6801000,6801000-033,16鄰,新光路,四段,,,,,117之1號,121.203409478585,24.9179146708642
桃園市平鎮區金星里16鄰新光路四段117號,68,6801000,6801000-033,16鄰,新光路,四段,,,,,117號,121.203409478585,24.9179146708642
桃園市平鎮區金星里16鄰新光路四段121號,68,6801000,6801000-033,16鄰,新光路,四段,,,,,121號,121.203358455079,24.917771278457
桃園市平鎮區金星里22鄰新光路四段145巷16號,68,6801000,6801000-033,22鄰,新光路,四段,145巷,,,,16號,121.203278758338,24.9171070740702
桃園市平鎮區金星里22鄰新光路四段145巷18號,68,6801000,6801000-033,22鄰,新光路,四段,145巷,,,,18號,121.203333840622,24.9170693503546
桃園市平鎮區金星里22鄰新光路四段145巷20號,68,6801000,6801000-033,22鄰,新光路,四段,145巷,,,,20號,121.203415257043,24.917031410131
桃園市平鎮區金星里22鄰新光路四段145巷22號,68,6801000,6801000-033,22鄰,新光路,四段,145巷,,,,22號,121.203463523537,24.9170030852485
桃園市平鎮區金星里33鄰新光路四段147號,68,6801000,6801000-033,33鄰,新光路,四段,,,,,147號,121.203053850644,24.9171827680066
桃園市平鎮區金星里33鄰新光路四段147號二樓,68,6801000,6801000-033,33鄰,新光路,四段,,,,,147號二樓,121.203053850644,24.9171827680066
桃園市平鎮區金星里33鄰新光路四段147號三樓,68,6801000,6801000-033,33鄰,新光路,四段,,,,,147號三樓,121.203053850644,24.9171827680066
桃園市平鎮區金星里33鄰新光路四段147號四樓,68,6801000,6801000-033,33鄰,新光路,四段,,,,,147號四樓,121.203053850644,24.9171827680066
桃園市平鎮區金星里33鄰新光路四段147號五樓,68,6801000,6801000-033,33鄰,新光路,四段,,,,,147號五樓,121.203053850644,24.9171827680066
桃園市平鎮區金星里33鄰新光路四段147號八樓,68,6801000,6801000-033,33鄰,新光路,四段,,,,,147號八樓,121.203053850644,24.9171827680066
桃園市平鎮區金星里33鄰新光路四段147號九樓,68,6801000,6801000-033,33鄰,新光路,四段,,,,,147號九樓,121.203053850644,24.9171827680066
桃園市平鎮區金星里33鄰新光路四段147號十樓,68,6801000,6801000-033,33鄰,新光路,四段,,,,,147號十樓,121.203053850644,24.9171827680066
桃園市平鎮區金星里33鄰新光路四段147號十一樓,68,6801000,6801000-033,33鄰,新光路,四段,,,,,147號十一樓,121.203053850644,24.9171827680066
桃園市平鎮區金星里33鄰新光路四段147號十二樓,68,6801000,6801000-033,33鄰,新光路,四段,,,,,147號十二樓,121.203053850644,24.9171827680066
桃園市平鎮區金星里33鄰新光路四段147號六樓,68,6801000,6801000-033,33鄰,新光路,四段,,,,,147號六樓,121.203053850644,24.9171827680066
桃園市平鎮區金星里33鄰新光路四段147號七樓,68,6801000,6801000-033,33鄰,新光路,四段,,,,,147號七樓,121.203053850644,24.9171827680066
桃園市平鎮區金星里33鄰新光路四段149號,68,6801000,6801000-033,33鄰,新光路,四段,,,,,149號,121.203157144563,24.9171435341506
桃園市平鎮區金星里33鄰新光路四段149號二樓,68,6801000,6801000-033,33鄰,新光路,四段,,,,,149號二樓,121.203157144563,24.9171435341506
桃園市平鎮區金星里33鄰新光路四段149號三樓,68,6801000,6801000-033,33鄰,新光路,四段,,,,,149號三樓,121.203157144563,24.9171435341506
桃園市平鎮區金星里33鄰新光路四段149號五樓,68,6801000,6801000-033,33鄰,新光路,四段,,,,,149號五樓,121.203157144563,24.9171435341506
桃園市平鎮區金星里33鄰新光路四段149號六樓,68,6801000,6801000-033,33鄰,新光路,四段,,,,,149號六樓,121.203157144563,24.9171435341506
桃園市平鎮區金星里33鄰新光路四段149號七樓,68,6801000,6801000-033,33鄰,新光路,四段,,,,,149號七樓,121.203157144563,24.9171435341506
桃園市平鎮區金星里33鄰新光路四段149號八樓,68,6801000,6801000-033,33鄰,新光路,四段,,,,,149號八樓,121.203157144563,24.9171435341506
桃園市平鎮區金星里33鄰新光路四段149號九樓,68,6801000,6801000-033,33鄰,新光路,四段,,,,,149號九樓,121.203157144563,24.9171435341506
桃園市平鎮區金星里33鄰新光路四段149號十樓,68,6801000,6801000-033,33鄰,新光路,四段,,,,,149號十樓,121.203157144563,24.9171435341506
桃園市平鎮區金星里33鄰新光路四段149號十一樓,68,6801000,6801000-033,33鄰,新光路,四段,,,,,149號十一樓,121.203157144563,24.9171435341506
桃園市平鎮區金星里33鄰新光路四段149號四樓,68,6801000,6801000-033,33鄰,新光路,四段,,,,,149號四樓,121.203157144563,24.9171435341506
桃園市平鎮區金星里33鄰新光路四段149號十二樓,68,6801000,6801000-033,33鄰,新光路,四段,,,,,149號十二樓,121.203157144563,24.9171435341506
桃園市平鎮區金星里33鄰新光路四段151號二樓,68,6801000,6801000-033,33鄰,新光路,四段,,,,,151號二樓,121.203109673822,24.9170533143498
桃園市平鎮區金星里33鄰新光路四段151號三樓,68,6801000,6801000-033,33鄰,新光路,四段,,,,,151號三樓,121.203109673822,24.9170533143498
桃園市平鎮區金星里33鄰新光路四段151號四樓,68,6801000,6801000-033,33鄰,新光路,四段,,,,,151號四樓,121.203109673822,24.9170533143498
桃園市平鎮區金星里33鄰新光路四段151號五樓,68,6801000,6801000-033,33鄰,新光路,四段,,,,,151號五樓,121.203109673822,24.9170533143498
桃園市平鎮區金星里33鄰新光路四段151號六樓,68,6801000,6801000-033,33鄰,新光路,四段,,,,,151號六樓,121.203109673822,24.9170533143498
桃園市平鎮區金星里33鄰新光路四段151號七樓,68,6801000,6801000-033,33鄰,新光路,四段,,,,,151號七樓,121.203109673822,24.9170533143498
桃園市平鎮區金星里33鄰新光路四段151號八樓,68,6801000,6801000-033,33鄰,新光路,四段,,,,,151號八樓,121.203109673822,24.9170533143498
桃園市平鎮區金星里33鄰新光路四段151號九樓,68,6801000,6801000-033,33鄰,新光路,四段,,,,,151號九樓,121.203109673822,24.9170533143498
桃園市平鎮區金星里33鄰新光路四段151號十樓,68,6801000,6801000-033,33鄰,新光路,四段,,,,,151號十樓,121.203109673822,24.9170533143498
桃園市平鎮區金星里33鄰新光路四段151號十一樓,68,6801000,6801000-033,33鄰,新光路,四段,,,,,151號十一樓,121.203109673822,24.9170533143498
桃園市平鎮區金星里33鄰新光路四段151號十二樓,68,6801000,6801000-033,33鄰,新光路,四段,,,,,151號十二樓,121.203109673822,24.9170533143498
桃園市平鎮區金星里33鄰新光路四段153號六樓,68,6801000,6801000-033,33鄰,新光路,四段,,,,,153號六樓,121.203065195227,24.9169765428435
桃園市平鎮區金星里33鄰新光路四段153號三樓,68,6801000,6801000-033,33鄰,新光路,四段,,,,,153號三樓,121.203065195227,24.9169765428435
桃園市平鎮區金星里33鄰新光路四段153號十一樓,68,6801000,6801000-033,33鄰,新光路,四段,,,,,153號十一樓,121.203065195227,24.9169765428435
桃園市平鎮區金星里33鄰新光路四段153號二樓,68,6801000,6801000-033,33鄰,新光路,四段,,,,,153號二樓,121.203065195227,24.9169765428435
桃園市平鎮區金星里33鄰新光路四段153號四樓,68,6801000,6801000-033,33鄰,新光路,四段,,,,,153號四樓,121.203065195227,24.9169765428435
桃園市平鎮區金星里33鄰新光路四段153號五樓,68,6801000,6801000-033,33鄰,新光路,四段,,,,,153號五樓,121.203065195227,24.9169765428435
桃園市平鎮區金星里33鄰新光路四段153號七樓,68,6801000,6801000-033,33鄰,新光路,四段,,,,,153號七樓,121.203065195227,24.9169765428435
桃園市平鎮區金星里33鄰新光路四段153號八樓,68,6801000,6801000-033,33鄰,新光路,四段,,,,,153號八樓,121.203065195227,24.9169765428435
桃園市平鎮區金星里33鄰新光路四段153號九樓,68,6801000,6801000-033,33鄰,新光路,四段,,,,,153號九樓,121.203065195227,24.9169765428435
桃園市平鎮區金星里33鄰新光路四段153號十樓,68,6801000,6801000-033,33鄰,新光路,四段,,,,,153號十樓,121.203065195227,24.9169765428435
桃園市平鎮區金星里33鄰新光路四段153號十二樓,68,6801000,6801000-033,33鄰,新光路,四段,,,,,153號十二樓,121.203065195227,24.9169765428435
桃園市平鎮區金星里33鄰新光路四段155號八樓,68,6801000,6801000-033,33鄰,新光路,四段,,,,,155號八樓,121.203029602769,24.9169455334493
桃園市平鎮區金星里33鄰新光路四段155號二樓,68,6801000,6801000-033,33鄰,新光路,四段,,,,,155號二樓,121.203029602769,24.9169455334493
桃園市平鎮區金星里33鄰新光路四段155號三樓,68,6801000,6801000-033,33鄰,新光路,四段,,,,,155號三樓,121.203029602769,24.9169455334493
桃園市平鎮區金星里33鄰新光路四段155號四樓,68,6801000,6801000-033,33鄰,新光路,四段,,,,,155號四樓,121.203029602769,24.9169455334493
桃園市平鎮區金星里33鄰新光路四段155號五樓,68,6801000,6801000-033,33鄰,新光路,四段,,,,,155號五樓,121.203029602769,24.9169455334493
桃園市平鎮區金星里33鄰新光路四段155號六樓,68,6801000,6801000-033,33鄰,新光路,四段,,,,,155號六樓,121.203029602769,24.9169455334493
桃園市平鎮區金星里33鄰新光路四段155號七樓,68,6801000,6801000-033,33鄰,新光路,四段,,,,,155號七樓,121.203029602769,24.9169455334493
桃園市平鎮區金星里33鄰新光路四段155號九樓,68,6801000,6801000-033,33鄰,新光路,四段,,,,,155號九樓,121.203029602769,24.9169455334493
桃園市平鎮區金星里33鄰新光路四段155號十樓,68,6801000,6801000-033,33鄰,新光路,四段,,,,,155號十樓,121.203029602769,24.9169455334493
桃園市平鎮區金星里33鄰新光路四段155號十一樓,68,6801000,6801000-033,33鄰,新光路,四段,,,,,155號十一樓,121.203029602769,24.9169455334493
桃園市平鎮區金星里33鄰新光路四段155號十二樓,68,6801000,6801000-033,33鄰,新光路,四段,,,,,155號十二樓,121.203029602769,24.9169455334493
桃園市平鎮區金星里33鄰新光路四段157號十二樓,68,6801000,6801000-033,33鄰,新光路,四段,,,,,157號十二樓,121.202993997178,24.9169064887467
桃園市平鎮區金星里33鄰新光路四段157號六樓,68,6801000,6801000-033,33鄰,新光路,四段,,,,,157號六樓,121.202993997178,24.9169064887467
桃園市平鎮區金星里33鄰新光路四段157號七樓,68,6801000,6801000-033,33鄰,新光路,四段,,,,,157號七樓,121.202993997178,24.9169064887467
桃園市平鎮區金星里33鄰新光路四段157號八樓,68,6801000,6801000-033,33鄰,新光路,四段,,,,,157號八樓,121.202993997178,24.9169064887467
桃園市平鎮區金星里33鄰新光路四段157號九樓,68,6801000,6801000-033,33鄰,新光路,四段,,,,,157號九樓,121.202993997178,24.9169064887467
桃園市平鎮區金星里33鄰新光路四段157號十樓,68,6801000,6801000-033,33鄰,新光路,四段,,,,,157號十樓,121.202993997178,24.9169064887467
桃園市平鎮區金星里33鄰新光路四段157號十一樓,68,6801000,6801000-033,33鄰,新光路,四段,,,,,157號十一樓,121.202993997178,24.9169064887467
桃園市平鎮區金星里33鄰新光路四段157號二樓,68,6801000,6801000-033,33鄰,新光路,四段,,,,,157號二樓,121.202993997178,24.9169064887467
桃園市平鎮區金星里33鄰新光路四段157號三樓,68,6801000,6801000-033,33鄰,新光路,四段,,,,,157號三樓,121.202993997178,24.9169064887467
桃園市平鎮區金星里33鄰新光路四段157號四樓,68,6801000,6801000-033,33鄰,新光路,四段,,,,,157號四樓,121.202993997178,24.9169064887467
桃園市平鎮區金星里33鄰新光路四段157號五樓,68,6801000,6801000-033,33鄰,新光路,四段,,,,,157號五樓,121.202993997178,24.9169064887467
桃園市平鎮區金星里33鄰新光路四段159號九樓,68,6801000,6801000-033,33鄰,新光路,四段,,,,,159號九樓,121.202975441019,24.9168198409164
桃園市平鎮區金星里33鄰新光路四段159號六樓,68,6801000,6801000-033,33鄰,新光路,四段,,,,,159號六樓,121.202975441019,24.9168198409164
桃園市平鎮區金星里33鄰新光路四段159號二樓,68,6801000,6801000-033,33鄰,新光路,四段,,,,,159號二樓,121.202975441019,24.9168198409164
桃園市平鎮區金星里33鄰新光路四段159號三樓,68,6801000,6801000-033,33鄰,新光路,四段,,,,,159號三樓,121.202975441019,24.9168198409164
桃園市平鎮區金星里33鄰新光路四段159號四樓,68,6801000,6801000-033,33鄰,新光路,四段,,,,,159號四樓,121.202975441019,24.9168198409164
桃園市平鎮區金星里33鄰新光路四段159號五樓,68,6801000,6801000-033,33鄰,新光路,四段,,,,,159號五樓,121.202975441019,24.9168198409164
桃園市平鎮區金星里33鄰新光路四段159號七樓,68,6801000,6801000-033,33鄰,新光路,四段,,,,,159號七樓,121.202975441019,24.9168198409164
桃園市平鎮區金星里33鄰新光路四段159號八樓,68,6801000,6801000-033,33鄰,新光路,四段,,,,,159號八樓,121.202975441019,24.9168198409164
桃園市平鎮區金星里33鄰新光路四段159號十樓,68,6801000,6801000-033,33鄰,新光路,四段,,,,,159號十樓,121.202975441019,24.9168198409164
桃園市平鎮區金星里33鄰新光路四段159號十一樓,68,6801000,6801000-033,33鄰,新光路,四段,,,,,159號十一樓,121.202975441019,24.9168198409164
桃園市平鎮區金星里33鄰新光路四段159號十二樓,68,6801000,6801000-033,33鄰,新光路,四段,,,,,159號十二樓,121.202975441019,24.9168198409164
桃園市平鎮區金星里33鄰新光路四段161號,68,6801000,6801000-033,33鄰,新光路,四段,,,,,161號,121.202888571536,24.9168529129587
桃園市平鎮區金星里33鄰新光路四段161號五樓,68,6801000,6801000-033,33鄰,新光路,四段,,,,,161號五樓,121.202888571536,24.9168529129587
桃園市平鎮區金星里33鄰新光路四段161號二樓,68,6801000,6801000-033,33鄰,新光路,四段,,,,,161號二樓,121.202888571536,24.9168529129587
桃園市平鎮區金星里33鄰新光路四段161號三樓,68,6801000,6801000-033,33鄰,新光路,四段,,,,,161號三樓,121.202888571536,24.9168529129587
桃園市平鎮區金星里33鄰新光路四段161號四樓,68,6801000,6801000-033,33鄰,新光路,四段,,,,,161號四樓,121.202888571536,24.9168529129587
桃園市平鎮區金星里33鄰新光路四段161號六樓,68,6801000,6801000-033,33鄰,新光路,四段,,,,,161號六樓,121.202888571536,24.9168529129587
桃園市平鎮區金星里33鄰新光路四段161號七樓,68,6801000,6801000-033,33鄰,新光路,四段,,,,,161號七樓,121.202888571536,24.9168529129587
桃園市平鎮區金星里33鄰新光路四段161號八樓,68,6801000,6801000-033,33鄰,新光路,四段,,,,,161號八樓,121.202888571536,24.9168529129587
桃園市平鎮區金星里33鄰新光路四段161號九樓,68,6801000,6801000-033,33鄰,新光路,四段,,,,,161號九樓,121.202888571536,24.9168529129587
桃園市平鎮區金星里33鄰新光路四段161號十樓,68,6801000,6801000-033,33鄰,新光路,四段,,,,,161號十樓,121.202888571536,24.9168529129587
桃園市平鎮區金星里33鄰新光路四段161號十一樓,68,6801000,6801000-033,33鄰,新光路,四段,,,,,161號十一樓,121.202888571536,24.9168529129587
桃園市平鎮區金星里33鄰新光路四段161號十二樓,68,6801000,6801000-033,33鄰,新光路,四段,,,,,161號十二樓,121.202888571536,24.9168529129587
桃園市平鎮區金星里16鄰新光路四段177號,68,6801000,6801000-033,16鄰,新光路,四段,,,,,177號,121.203121951181,24.9166308566087
桃園市平鎮區鎮興里23鄰新光路五段18號,68,6801000,6801000-027,23鄰,新光路,五段,,,,,18號,121.20225878713,24.9126431704625
桃園市平鎮區鎮興里23鄰新光路五段20之1號,68,6801000,6801000-027,23鄰,新光路,五段,,,,,20之1號,121.202295491446,24.9125069716248
桃園市平鎮區鎮興里23鄰新光路五段136號,68,6801000,6801000-027,23鄰,新光路,五段,,,,,136號,121.202248717391,24.9105958920512
桃園市平鎮區鎮興里23鄰新光路五段168之1號,68,6801000,6801000-027,23鄰,新光路,五段,,,,,168之1號,121.202405649556,24.9098206766023
桃園市平鎮區鎮興里23鄰新光路五段180號,68,6801000,6801000-027,23鄰,新光路,五段,,,,,180號,121.202428209158,24.9095102476846
桃園市平鎮區鎮興里23鄰新光路五段198號,68,6801000,6801000-027,23鄰,新光路,五段,,,,,198號,121.202419620114,24.9093426911997
桃園市平鎮區鎮興里23鄰新光路五段226號(農業資材室),68,6801000,6801000-027,23鄰,新光路,五段,,,,,226號(農業資材室),121.202391669008,24.9089575751863
桃園市平鎮區鎮興里22鄰新光路五段352號,68,6801000,6801000-027,22鄰,新光路,五段,,,,,352號,121.200125991298,24.9073210641677
桃園市平鎮區鎮興里25鄰新光路四段16之1號,68,6801000,6801000-027,25鄰,新光路,四段,,,,,16之1號,121.204408856084,24.9205243301279
桃園市平鎮區鎮興里25鄰新光路四段18之1號,68,6801000,6801000-027,25鄰,新光路,四段,,,,,18之1號,121.204348727661,24.9204445108329
桃園市平鎮區鎮興里25鄰新光路四段26號,68,6801000,6801000-027,25鄰,新光路,四段,,,,,26號,121.204145282117,24.9203297671535
桃園市平鎮區鎮興里25鄰新光路四段28之1號,68,6801000,6801000-027,25鄰,新光路,四段,,,,,28之1號,121.204235007951,24.9201662294827
桃園市平鎮區鎮興里25鄰新光路四段46號,68,6801000,6801000-027,25鄰,新光路,四段,,,,,46號,121.203967791577,24.9197428904308
桃園市平鎮區鎮興里25鄰新光路四段52號,68,6801000,6801000-027,25鄰,新光路,四段,,,,,52號,121.203898269413,24.9195493254092
桃園市平鎮區鎮興里25鄰新光路四段80號,68,6801000,6801000-027,25鄰,新光路,四段,,,,,80號,121.203686234098,24.9191464049095
桃園市平鎮區鎮興里25鄰新光路四段118號,68,6801000,6801000-027,25鄰,新光路,四段,,,,,118號,121.203096940515,24.9180437521973
桃園市平鎮區鎮興里25鄰新光路四段138號,68,6801000,6801000-027,25鄰,新光路,四段,,,,,138號,121.20283188537,24.9176654599483
桃園市平鎮區鎮興里24鄰新光路四段198巷28號,68,6801000,6801000-027,24鄰,新光路,四段,198巷,,,,28號,121.20223905377,24.9171161618816
桃園市平鎮區鎮興里24鄰新光路四段198巷36弄58號,68,6801000,6801000-027,24鄰,新光路,四段,198巷,36弄,,,58號,121.202304539014,24.9177505922601
桃園市平鎮區鎮興里24鄰新光路四段198巷36弄62號,68,6801000,6801000-027,24鄰,新光路,四段,198巷,36弄,,,62號,121.202461883392,24.9178291970509
桃園市平鎮區鎮興里24鄰新光路四段198巷36弄66號,68,6801000,6801000-027,24鄰,新光路,四段,198巷,36弄,,,66號,121.20255620003,24.9178696969742
桃園市平鎮區鎮興里24鄰新光路四段198巷38號,68,6801000,6801000-027,24鄰,新光路,四段,198巷,,,,38號,121.20184160567,24.9169005593367
桃園市平鎮區鎮興里24鄰新光路四段198巷69號,68,6801000,6801000-027,24鄰,新光路,四段,198巷,,,,69號,121.201936791611,24.9158338096671
桃園市平鎮區鎮興里24鄰新光路四段198巷85號,68,6801000,6801000-027,24鄰,新光路,四段,198巷,,,,85號,121.200952772641,24.9159876293612
桃園市平鎮區鎮興里24鄰新光路四段198巷87號,68,6801000,6801000-027,24鄰,新光路,四段,198巷,,,,87號,121.201218208752,24.9152640024176
桃園市平鎮區鎮興里24鄰新光路四段198巷89弄16號,68,6801000,6801000-027,24鄰,新光路,四段,198巷,89弄,,,16號,121.200566037104,24.9163320435822
桃園市平鎮區鎮興里24鄰新光路四段198巷89弄76號,68,6801000,6801000-027,24鄰,新光路,四段,198巷,89弄,,,76號,121.199847915611,24.917090945872
桃園市平鎮區鎮興里24鄰新光路四段198巷89弄107號,68,6801000,6801000-027,24鄰,新光路,四段,198巷,89弄,,,107號,121.198811208017,24.9170552246667
桃園市平鎮區鎮興里24鄰新光路四段198巷89弄109號,68,6801000,6801000-027,24鄰,新光路,四段,198巷,89弄,,,109號,121.198663773866,24.9171044456215
桃園市平鎮區鎮興里24鄰新光路四段198巷89弄125號,68,6801000,6801000-027,24鄰,新光路,四段,198巷,89弄,,,125號,121.198147077392,24.9172253919903
桃園市平鎮區鎮興里24鄰新光路四段198巷89弄139號,68,6801000,6801000-027,24鄰,新光路,四段,198巷,89弄,,,139號,121.198164112526,24.9176633393524
桃園市平鎮區鎮興里24鄰新光路四段198巷120號,68,6801000,6801000-027,24鄰,新光路,四段,198巷,,,,120號,121.200669563586,24.9167424278386
桃園市平鎮區鎮興里24鄰新光路四段198巷150號,68,6801000,6801000-027,24鄰,新光路,四段,198巷,,,,150號,121.200821530078,24.9173530880116
桃園市平鎮區鎮興里24鄰新光路四段198巷152號,68,6801000,6801000-027,24鄰,新光路,四段,198巷,,,,152號,121.200668101687,24.9172462171681
桃園市平鎮區鎮興里24鄰新光路四段198巷156號,68,6801000,6801000-027,24鄰,新光路,四段,198巷,,,,156號,121.200643983368,24.917331026738
桃園市平鎮區鎮興里24鄰新光路四段198巷158號,68,6801000,6801000-027,24鄰,新光路,四段,198巷,,,,158號,121.200617546491,24.9173901986332
桃園市平鎮區鎮興里24鄰新光路四段198巷160號,68,6801000,6801000-027,24鄰,新光路,四段,198巷,,,,160號,121.200608772125,24.9174741749927
桃園市平鎮區鎮興里24鄰新光路四段198巷162號,68,6801000,6801000-027,24鄰,新光路,四段,198巷,,,,162號,121.200716212661,24.9174883856507
桃園市平鎮區鎮興里24鄰新光路四段198巷166號,68,6801000,6801000-027,24鄰,新光路,四段,198巷,,,,166號,121.200758202661,24.9175575773138
桃園市平鎮區鎮興里24鄰新光路四段198巷170號,68,6801000,6801000-027,24鄰,新光路,四段,198巷,,,,170號,121.20085227358,24.9176913425032
桃園市平鎮區鎮興里24鄰新光路四段198巷172號,68,6801000,6801000-027,24鄰,新光路,四段,198巷,,,,172號,121.200903585157,24.9177699111515
桃園市平鎮區鎮興里24鄰新光路四段296號,68,6801000,6801000-027,24鄰,新光路,四段,,,,,296號,121.202224350805,24.9151421117
桃園市平鎮區鎮興里23鄰新光路四段360巷69弄99號,68,6801000,6801000-027,23鄰,新光路,四段,360巷,69弄,,,99號,121.200068176546,24.9122307259708
桃園市平鎮區鎮興里23鄰新光路四段360巷69弄100號,68,6801000,6801000-027,23鄰,新光路,四段,360巷,69弄,,,100號,121.200295499816,24.912490530597
桃園市平鎮區鎮興里23鄰新光路四段360巷69弄102號,68,6801000,6801000-027,23鄰,新光路,四段,360巷,69弄,,,102號,121.200337944512,24.9125359769925
桃園市平鎮區鎮興里23鄰新光路四段360巷69弄115號,68,6801000,6801000-027,23鄰,新光路,四段,360巷,69弄,,,115號,121.199958477812,24.9124709396528
桃園市平鎮區鎮興里23鄰新光路四段360巷69弄132號,68,6801000,6801000-027,23鄰,新光路,四段,360巷,69弄,,,132號,121.200126301889,24.9127913149188
桃園市平鎮區鎮興里23鄰新光路四段360巷69弄136號,68,6801000,6801000-027,23鄰,新光路,四段,360巷,69弄,,,136號,121.200102672626,24.9128721512739
桃園市平鎮區鎮興里23鄰新光路四段360巷69弄138號,68,6801000,6801000-027,23鄰,新光路,四段,360巷,69弄,,,138號,121.200122301461,24.9129503113358
桃園市平鎮區鎮興里23鄰新光路四段360巷69弄142號,68,6801000,6801000-027,23鄰,新光路,四段,360巷,69弄,,,142號,121.200064823409,24.9130980036452
桃園市平鎮區鎮興里23鄰新光路四段360巷69弄146號,68,6801000,6801000-027,23鄰,新光路,四段,360巷,69弄,,,146號,121.199974545511,24.9131650255501
桃園市平鎮區鎮興里23鄰新光路四段360巷69弄148號,68,6801000,6801000-027,23鄰,新光路,四段,360巷,69弄,,,148號,121.199991603838,24.9132453559014
桃園市平鎮區鎮興里23鄰新光路四段360巷69弄152號,68,6801000,6801000-027,23鄰,新光路,四段,360巷,69弄,,,152號,121.199799948108,24.9133107079168
桃園市平鎮區鎮興里23鄰新光路四段360巷81弄19號,68,6801000,6801000-027,23鄰,新光路,四段,360巷,81弄,,,19號,121.200410678277,24.9136815898537
桃園市平鎮區鎮興里23鄰新光路四段360巷81弄21號,68,6801000,6801000-027,23鄰,新光路,四段,360巷,81弄,,,21號,121.200328406812,24.9136184109394
桃園市平鎮區鎮興里23鄰新光路四段360巷81弄29號,68,6801000,6801000-027,23鄰,新光路,四段,360巷,81弄,,,29號,121.200135506676,24.9134036121994
桃園市平鎮區鎮興里23鄰新光路四段360巷168號,68,6801000,6801000-027,23鄰,新光路,四段,360巷,,,,168號,121.199721102196,24.9153131433712
