FULL_ADDR,COUNTY,TOWN,VILLAGE,NEIGHBORHOOD,ROAD,SECTION,LANE,ALLEY,SUB_ALLEY,TONG,NUMBER,X,Y
桃園市新屋區永安里12鄰永一路120號,68,6801100,6801100-016,12鄰,永一路,,,,,,120號,121.036857328926,24.9833493945412
桃園市新屋區永安里12鄰永一路125號,68,6801100,6801100-016,12鄰,永一路,,,,,,125號,121.034995257165,24.9856990337904
桃園市新屋區永安里12鄰永一路135號,68,6801100,6801100-016,12鄰,永一路,,,,,,135號,121.036946095798,24.9830621790694
桃園市新屋區永安里12鄰永一路168號,68,6801100,6801100-016,12鄰,永一路,,,,,,168號,121.036635724761,24.9836255377725
桃園市新屋區永安里12鄰永一路350號,68,6801100,6801100-016,12鄰,永一路,,,,,,350號,121.034568069475,24.9858648950301
