FULL_ADDR,COUNTY,TOWN,VILLAGE,NEIGHBORHOOD,ROAD,SECTION,LANE,ALLEY,SUB_ALLEY,TONG,NUMBER,X,Y
桃園市桃園區西門里4鄰汕頭街15號,68,6800100,6800100-019,4鄰,汕頭街,,,,,,15號,121.306299024899,24.995713722717
桃園市桃園區西門里4鄰汕頭街17號,68,6800100,6800100-019,4鄰,汕頭街,,,,,,17號,121.306216858107,24.9956166570122
