FULL_ADDR,COUNTY,TOWN,VILLAGE,NEIGHBORHOOD,ROAD,SECTION,LANE,ALLEY,SUB_ALLEY,TONG,NUMBER,X,Y
桃園市新屋區下田里3鄰田心南路89號,68,6801100,6801100-012,3鄰,田心南路,,,,,,89號,121.059055926441,24.9814563895835
桃園市新屋區下田里3鄰田心南路123之1號,68,6801100,6801100-012,3鄰,田心南路,,,,,,123之1號,121.059001332622,24.9808018520524
桃園市新屋區下田里3鄰田心南路219號,68,6801100,6801100-012,3鄰,田心南路,,,,,,219號,121.058123745491,24.9791700424555
桃園市新屋區下田里2鄰田心南路299號,68,6801100,6801100-012,2鄰,田心南路,,,,,,299號,121.05720681387,24.9776560631302
桃園市新屋區下田里2鄰田心南路349號,68,6801100,6801100-012,2鄰,田心南路,,,,,,349號,121.05701520681,24.9767038202171
