FULL_ADDR,COUNTY,TOWN,VILLAGE,NEIGHBORHOOD,ROAD,SECTION,LANE,ALLEY,SUB_ALLEY,TONG,NUMBER,X,Y
桃園市龍潭區佳安里38鄰禮賢路1之1號,68,6800900,6800900-015,38鄰,禮賢路,,,,,,1之1號,121.235131746606,24.8310139071574
桃園市龍潭區佳安里38鄰禮賢路1之3號,68,6800900,6800900-015,38鄰,禮賢路,,,,,,1之3號,121.235131746606,24.8310139071574
桃園市龍潭區佳安里38鄰禮賢路1號,68,6800900,6800900-015,38鄰,禮賢路,,,,,,1號,121.235131746606,24.8310139071574
桃園市龍潭區佳安里38鄰禮賢路1之2號,68,6800900,6800900-015,38鄰,禮賢路,,,,,,1之2號,121.235131746606,24.8310139071574
桃園市龍潭區佳安里38鄰禮賢路3之1號,68,6800900,6800900-015,38鄰,禮賢路,,,,,,3之1號,121.235148198064,24.8311337802625
桃園市龍潭區佳安里38鄰禮賢路3之2號,68,6800900,6800900-015,38鄰,禮賢路,,,,,,3之2號,121.235148198064,24.8311337802625
桃園市龍潭區佳安里38鄰禮賢路3之3號,68,6800900,6800900-015,38鄰,禮賢路,,,,,,3之3號,121.235148198064,24.8311337802625
桃園市龍潭區佳安里38鄰禮賢路3號,68,6800900,6800900-015,38鄰,禮賢路,,,,,,3號,121.235148198064,24.8311337802625
