FULL_ADDR,COUNTY,TOWN,VILLAGE,NEIGHBORHOOD,ROAD,SECTION,LANE,ALLEY,SUB_ALLEY,TONG,NUMBER,X,Y
桃園市新屋區石牌里5鄰石安路11號,68,6801100,6801100-013,5鄰,石安路,,,,,,11號,121.060032806973,25.0108441115512
桃園市新屋區石牌里5鄰石安路21號,68,6801100,6801100-013,5鄰,石安路,,,,,,21號,121.060166789108,25.0107012286498
桃園市新屋區石牌里5鄰石安路35號,68,6801100,6801100-013,5鄰,石安路,,,,,,35號,121.060552445675,25.0105964333574
桃園市新屋區石牌里5鄰石安路116號,68,6801100,6801100-013,5鄰,石安路,,,,,,116號,121.060931645798,25.0094556345617
桃園市新屋區石牌里5鄰石安路190號,68,6801100,6801100-013,5鄰,石安路,,,,,,190號,121.06172652324,25.0084409695826
桃園市新屋區石牌里7鄰石安路350號,68,6801100,6801100-013,7鄰,石安路,,,,,,350號,121.063856922206,25.0064835320797
桃園市新屋區石牌里7鄰石安路363號,68,6801100,6801100-013,7鄰,石安路,,,,,,363號,121.06505219803,25.0056342568981
桃園市新屋區石牌里7鄰石安路410號,68,6801100,6801100-013,7鄰,石安路,,,,,,410號,121.064465745223,25.0059404837558
