FULL_ADDR,COUNTY,TOWN,VILLAGE,NEIGHBORHOOD,ROAD,SECTION,LANE,ALLEY,SUB_ALLEY,TONG,NUMBER,X,Y
桃園市觀音區白玉里18鄰白玉北路299巷36號,68,6801200,6801200-002,18鄰,白玉北路,,299巷,,,,36號,121.078966308985,25.0463133991879
桃園市觀音區白玉里1鄰白玉北路1589號,68,6801200,6801200-002,1鄰,白玉北路,,,,,,1589號,121.088748692568,25.0520123286872
桃園市觀音區白玉里1鄰白玉北路1601號,68,6801200,6801200-002,1鄰,白玉北路,,,,,,1601號,121.089115535653,25.0521982728559
桃園市觀音區白玉里1鄰白玉北路1609號,68,6801200,6801200-002,1鄰,白玉北路,,,,,,1609號,121.089610928328,25.0525230843349
桃園市觀音區白玉里1鄰白玉北路1801號,68,6801200,6801200-002,1鄰,白玉北路,,,,,,1801號,121.097449860629,25.0566064370676
