FULL_ADDR,COUNTY,TOWN,VILLAGE,NEIGHBORHOOD,ROAD,SECTION,LANE,ALLEY,SUB_ALLEY,TONG,NUMBER,X,Y
桃園市觀音區白玉里11鄰白玉三路225之1號,68,6801200,6801200-002,11鄰,白玉三路,,,,,,225之1號,121.084055017337,25.0482295764489
桃園市觀音區白玉里11鄰白玉三路275之1號,68,6801200,6801200-002,11鄰,白玉三路,,,,,,275之1號,121.084838813226,25.0485967639884
桃園市觀音區白玉里11鄰白玉三路396之1號,68,6801200,6801200-002,11鄰,白玉三路,,,,,,396之1號,121.086300884892,25.048646480386
桃園市觀音區白玉里1鄰白玉三路789號,68,6801200,6801200-002,1鄰,白玉三路,,,,,,789號,121.094079313716,25.0530066765004
桃園市觀音區白玉里1鄰白玉三路1680號,68,6801200,6801200-002,1鄰,白玉三路,,,,,,1680號,121.092565858498,25.0511235992614
桃園市觀音區白玉里1鄰白玉三路1682號,68,6801200,6801200-002,1鄰,白玉三路,,,,,,1682號,121.092565862566,25.0511290162466
桃園市觀音區白玉里1鄰白玉三路1688號,68,6801200,6801200-002,1鄰,白玉三路,,,,,,1688號,121.093991398402,25.0522220816521
桃園市觀音區白玉里3鄰白玉三路1690號,68,6801200,6801200-002,3鄰,白玉三路,,,,,,1690號,121.094759608797,25.0528719930809
