FULL_ADDR,COUNTY,TOWN,VILLAGE,NEIGHBORHOOD,ROAD,SECTION,LANE,ALLEY,SUB_ALLEY,TONG,NUMBER,X,Y
桃園市觀音區草漯里11鄰瑞豐街6號,68,6801200,6801200-021,11鄰,瑞豐街,,,,,,6號,121.139027396189,25.0458615255555
桃園市觀音區草漯里11鄰瑞豐街7號,68,6801200,6801200-021,11鄰,瑞豐街,,,,,,7號,121.139031903971,25.0457283537657
桃園市觀音區草漯里11鄰瑞豐街8號,68,6801200,6801200-021,11鄰,瑞豐街,,,,,,8號,121.13899089654,25.0458359193072
桃園市觀音區草漯里11鄰瑞豐街11號,68,6801200,6801200-021,11鄰,瑞豐街,,,,,,11號,121.139006619594,25.0456293368637
桃園市觀音區草漯里11鄰瑞豐街13號,68,6801200,6801200-021,11鄰,瑞豐街,,,,,,13號,121.138975261269,25.0455928918277
桃園市觀音區草漯里11鄰瑞豐街16號,68,6801200,6801200-021,11鄰,瑞豐街,,,,,,16號,121.138742887821,25.0456179368698
桃園市觀音區草漯里11鄰瑞豐街18號,68,6801200,6801200-021,11鄰,瑞豐街,,,,,,18號,121.13869933935,25.0455812323094
桃園市觀音區草漯里11鄰瑞豐街29號,68,6801200,6801200-021,11鄰,瑞豐街,,,,,,29號,121.138844617382,25.0454842228404
