FULL_ADDR,COUNTY,TOWN,VILLAGE,NEIGHBORHOOD,ROAD,SECTION,LANE,ALLEY,SUB_ALLEY,TONG,NUMBER,X,Y
桃園市觀音區樹林里21鄰經建七路1號,68,6801200,6801200-022,21鄰,經建七路,,,,,,1號,121.112652162948,25.0634165637365
桃園市觀音區樹林里21鄰經建七路3號,68,6801200,6801200-022,21鄰,經建七路,,,,,,3號,121.113378510523,25.0639543680843
桃園市觀音區樹林里21鄰經建七路5號,68,6801200,6801200-022,21鄰,經建七路,,,,,,5號,121.114587315199,25.0643130370935
桃園市觀音區樹林里21鄰經建七路5之1號,68,6801200,6801200-022,21鄰,經建七路,,,,,,5之1號,121.115468299887,25.0651628197511
