FULL_ADDR,COUNTY,TOWN,VILLAGE,NEIGHBORHOOD,ROAD,SECTION,LANE,ALLEY,SUB_ALLEY,TONG,NUMBER,X,Y
桃園市中壢區莊敬里1鄰精忠街21號,68,6800200,6800200-077,1鄰,精忠街,,,,,,21號,121.256739809188,24.9717678161008
桃園市中壢區莊敬里1鄰精忠街23號,68,6800200,6800200-077,1鄰,精忠街,,,,,,23號,121.256763411456,24.9717342801903
桃園市中壢區莊敬里1鄰精忠街25號,68,6800200,6800200-077,1鄰,精忠街,,,,,,25號,121.256789504831,24.9717079626661
桃園市中壢區莊敬里3鄰精忠街75號,68,6800200,6800200-077,3鄰,精忠街,,,,,,75號,121.255508029574,24.9710723137641
桃園市中壢區莊敬里3鄰精忠街115號,68,6800200,6800200-077,3鄰,精忠街,,,,,,115號,121.254526597455,24.9704003887768
