FULL_ADDR,COUNTY,TOWN,VILLAGE,NEIGHBORHOOD,ROAD,SECTION,LANE,ALLEY,SUB_ALLEY,TONG,NUMBER,X,Y
桃園市中壢區幸福里5鄰福壽五街15號,68,6800200,6800200-073,5鄰,福壽五街,,,,,,15號,121.232439698744,24.9650842165131
桃園市中壢區幸福里5鄰福壽五街16號,68,6800200,6800200-073,5鄰,福壽五街,,,,,,16號,121.232257370308,24.9650339420822
桃園市中壢區幸福里5鄰福壽五街17號,68,6800200,6800200-073,5鄰,福壽五街,,,,,,17號,121.232480032083,24.9650442481263
桃園市中壢區幸福里5鄰福壽五街18號,68,6800200,6800200-073,5鄰,福壽五街,,,,,,18號,121.232287888403,24.964988481745
桃園市中壢區幸福里5鄰福壽五街19號,68,6800200,6800200-073,5鄰,福壽五街,,,,,,19號,121.232499575327,24.9650087360938
桃園市中壢區幸福里5鄰福壽五街20號,68,6800200,6800200-073,5鄰,福壽五街,,,,,,20號,121.232214247548,24.9649597057888
桃園市中壢區幸福里5鄰福壽五街22號,68,6800200,6800200-073,5鄰,福壽五街,,,,,,22號,121.232163170367,24.964921595392
桃園市中壢區幸福里5鄰福壽五街26號,68,6800200,6800200-073,5鄰,福壽五街,,,,,,26號,121.232114479825,24.9648886274324
