FULL_ADDR,COUNTY,TOWN,VILLAGE,NEIGHBORHOOD,ROAD,SECTION,LANE,ALLEY,SUB_ALLEY,TONG,NUMBER,X,Y
桃園市大園區南港里6鄰科九街5號,68,6800600,6800600-019,6鄰,科九街,,,,,,5號,121.167639086096,25.053277542496
桃園市大園區南港里6鄰科九街7號,68,6800600,6800600-019,6鄰,科九街,,,,,,7號,121.167621174512,25.0532249277617
桃園市大園區南港里6鄰科九街13號,68,6800600,6800600-019,6鄰,科九街,,,,,,13號,121.167475716851,25.0531067309156
桃園市大園區南港里6鄰科九街15號,68,6800600,6800600-019,6鄰,科九街,,,,,,15號,121.167445915729,25.0530568380518
