FULL_ADDR,COUNTY,TOWN,VILLAGE,NEIGHBORHOOD,ROAD,SECTION,LANE,ALLEY,SUB_ALLEY,TONG,NUMBER,X,Y
桃園市龜山區文化里19鄰科技六路59號,68,6800700,6800700-020,19鄰,科技六路,,,,,,59號,121.375449702482,25.0445492553589
桃園市龜山區文化里19鄰科技六路60號,68,6800700,6800700-020,19鄰,科技六路,,,,,,60號,121.375116869751,25.0440460514614
