FULL_ADDR,COUNTY,TOWN,VILLAGE,NEIGHBORHOOD,ROAD,SECTION,LANE,ALLEY,SUB_ALLEY,TONG,NUMBER,X,Y
桃園市龜山區文化里19鄰科技三路80號,68,6800700,6800700-020,19鄰,科技三路,,,,,,80號,121.375786355671,25.0513442907661
桃園市龜山區文化里19鄰科技三路88號,68,6800700,6800700-020,19鄰,科技三路,,,,,,88號,121.374721939755,25.0517715758018
桃園市龜山區文化里19鄰科技三路88號五樓,68,6800700,6800700-020,19鄰,科技三路,,,,,,88號五樓,121.374721939755,25.0517715758018
