FULL_ADDR,COUNTY,TOWN,VILLAGE,NEIGHBORHOOD,ROAD,SECTION,LANE,ALLEY,SUB_ALLEY,TONG,NUMBER,X,Y
桃園市觀音區白玉里1鄰白玉一路999號,68,6801200,6801200-002,1鄰,白玉一路,,,,,,999號,121.088639532503,25.0479603958
桃園市觀音區白玉里1鄰白玉一路1599號,68,6801200,6801200-002,1鄰,白玉一路,,,,,,1599號,121.095492787068,25.0526849083565
