FULL_ADDR,COUNTY,TOWN,VILLAGE,NEIGHBORHOOD,ROAD,SECTION,LANE,ALLEY,SUB_ALLEY,TONG,NUMBER,X,Y
桃園市龜山區福源里13鄰綠野五街1號,68,6800700,6800700-023,13鄰,綠野五街,,,,,,1號,121.348700460474,24.984563265649
桃園市龜山區福源里13鄰綠野五街3號,68,6800700,6800700-023,13鄰,綠野五街,,,,,,3號,121.348812199176,24.9846701696481
桃園市龜山區福源里13鄰綠野五街5號,68,6800700,6800700-023,13鄰,綠野五街,,,,,,5號,121.34891725325,24.9847600257584
桃園市龜山區福源里13鄰綠野五街7號,68,6800700,6800700-023,13鄰,綠野五街,,,,,,7號,121.349048199004,24.9848633635097
