FULL_ADDR,COUNTY,TOWN,VILLAGE,NEIGHBORHOOD,ROAD,SECTION,LANE,ALLEY,SUB_ALLEY,TONG,NUMBER,X,Y
桃園市觀音區大潭里1鄰科技路101號,68,6801200,6801200-004,1鄰,科技路,,,,,,101號,121.069168526843,25.0378756241691
桃園市觀音區大潭里1鄰科技路111號,68,6801200,6801200-004,1鄰,科技路,,,,,,111號,121.069647681744,25.0380700512109
