FULL_ADDR,COUNTY,TOWN,VILLAGE,NEIGHBORHOOD,ROAD,SECTION,LANE,ALLEY,SUB_ALLEY,TONG,NUMBER,X,Y
桃園市楊梅區青山里2鄰獅五路1號,68,6800400,6800400-031,2鄰,獅五路,,,,,,1號,121.173298776425,24.9254162526175
桃園市楊梅區青山里2鄰獅五路2之1號,68,6800400,6800400-031,2鄰,獅五路,,,,,,2之1號,121.173123523621,24.9256237493501
桃園市楊梅區青山里2鄰獅五路2號,68,6800400,6800400-031,2鄰,獅五路,,,,,,2號,121.173123523621,24.9256237493501
桃園市楊梅區青山里2鄰獅五路3號,68,6800400,6800400-031,2鄰,獅五路,,,,,,3號,121.172960571274,24.9258483856511
桃園市楊梅區青山里2鄰獅五路4號,68,6800400,6800400-031,2鄰,獅五路,,,,,,4號,121.1733872822,24.9260475992204
