FULL_ADDR,COUNTY,TOWN,VILLAGE,NEIGHBORHOOD,ROAD,SECTION,LANE,ALLEY,SUB_ALLEY,TONG,NUMBER,X,Y
桃園市中壢區幸福里8鄰福壽十街1號,68,6800200,6800200-073,8鄰,福壽十街,,,,,,1號,121.234118490922,24.9669480226442
桃園市中壢區幸福里8鄰福壽十街2號,68,6800200,6800200-073,8鄰,福壽十街,,,,,,2號,121.234291577764,24.9669278879879
桃園市中壢區幸福里8鄰福壽十街6號,68,6800200,6800200-073,8鄰,福壽十街,,,,,,6號,121.234288894009,24.9669751106058
桃園市中壢區幸福里8鄰福壽十街8號,68,6800200,6800200-073,8鄰,福壽十街,,,,,,8號,121.234286285874,24.9670099642324
桃園市中壢區幸福里13鄰福壽十街26號,68,6800200,6800200-073,13鄰,福壽十街,,,,,,26號,121.234250637234,24.9674841904942
