FULL_ADDR,COUNTY,TOWN,VILLAGE,NEIGHBORHOOD,ROAD,SECTION,LANE,ALLEY,SUB_ALLEY,TONG,NUMBER,X,Y
桃園市中壢區林森里3鄰英士一街6號,68,6800200,6800200-084,3鄰,英士一街,,,,,,6號,121.226975082486,24.9471673192417
桃園市中壢區林森里3鄰英士一街8號,68,6800200,6800200-084,3鄰,英士一街,,,,,,8號,121.226963303149,24.9471158753007
桃園市中壢區林森里3鄰英士一街10號,68,6800200,6800200-084,3鄰,英士一街,,,,,,10號,121.226949950662,24.9470705730673
桃園市中壢區林森里3鄰英士一街12號,68,6800200,6800200-084,3鄰,英士一街,,,,,,12號,121.226946133757,24.9470411462941
桃園市中壢區林森里3鄰英士一街14號,68,6800200,6800200-084,3鄰,英士一街,,,,,,14號,121.226929521713,24.9470003632237
