FULL_ADDR,COUNTY,TOWN,VILLAGE,NEIGHBORHOOD,ROAD,SECTION,LANE,ALLEY,SUB_ALLEY,TONG,NUMBER,X,Y
桃園市八德區大義里19鄰聖王街11號,68,6800800,6800800-020,19鄰,聖王街,,,,,,11號,121.30143676004,24.9642272543961
桃園市八德區大義里19鄰聖王街13號,68,6800800,6800800-020,19鄰,聖王街,,,,,,13號,121.301490323274,24.9642202844236
桃園市八德區大義里19鄰聖王街15號,68,6800800,6800800-020,19鄰,聖王街,,,,,,15號,121.301546368189,24.9642156567765
桃園市八德區大義里19鄰聖王街17號,68,6800800,6800800-020,19鄰,聖王街,,,,,,17號,121.301599920409,24.9642041726145
桃園市八德區大義里19鄰聖王街19號,68,6800800,6800800-020,19鄰,聖王街,,,,,,19號,121.301650914339,24.9641995551576
桃園市八德區大義里19鄰聖王街21號,68,6800800,6800800-020,19鄰,聖王街,,,,,,21號,121.301703291945,24.9641937611951
桃園市八德區大義里19鄰聖王街23號,68,6800800,6800800-020,19鄰,聖王街,,,,,,23號,121.301759317466,24.9641811885637
桃園市八德區大義里19鄰聖王街25號,68,6800800,6800800-020,19鄰,聖王街,,,,,,25號,121.301812784484,24.9641753923553
桃園市八德區大義里19鄰聖王街27號,68,6800800,6800800-020,19鄰,聖王街,,,,,,27號,121.301866328293,24.9641604773437
