FULL_ADDR,COUNTY,TOWN,VILLAGE,NEIGHBORHOOD,ROAD,SECTION,LANE,ALLEY,SUB_ALLEY,TONG,NUMBER,X,Y
桃園市龜山區文化里19鄰華亞三路18號,68,6800700,6800700-020,19鄰,華亞三路,,,,,,18號,121.380684345821,25.0492082975338
桃園市龜山區文化里19鄰華亞三路26號,68,6800700,6800700-020,19鄰,華亞三路,,,,,,26號,121.380538219729,25.0490339763734
桃園市龜山區文化里19鄰華亞三路26號三樓,68,6800700,6800700-020,19鄰,華亞三路,,,,,,26號三樓,121.380538219729,25.0490339763734
桃園市龜山區文化里19鄰華亞三路28號,68,6800700,6800700-020,19鄰,華亞三路,,,,,,28號,121.380341015849,25.0488472366555
桃園市龜山區文化里19鄰華亞三路28號二樓,68,6800700,6800700-020,19鄰,華亞三路,,,,,,28號二樓,121.380341015849,25.0488472366555
桃園市龜山區文化里19鄰華亞三路28號三樓,68,6800700,6800700-020,19鄰,華亞三路,,,,,,28號三樓,121.380341015849,25.0488472366555
桃園市龜山區文化里19鄰華亞三路28號四樓,68,6800700,6800700-020,19鄰,華亞三路,,,,,,28號四樓,121.380341015849,25.0488472366555
桃園市龜山區文化里19鄰華亞三路36號,68,6800700,6800700-020,19鄰,華亞三路,,,,,,36號,121.379956049213,25.0486102385727
桃園市龜山區文化里19鄰華亞三路50號,68,6800700,6800700-020,19鄰,華亞三路,,,,,,50號,121.378791817006,25.048020059283
桃園市龜山區文化里19鄰華亞三路50號六樓之1,68,6800700,6800700-020,19鄰,華亞三路,,,,,,50號六樓之1,121.378791817006,25.048020059283
桃園市龜山區文化里19鄰華亞三路50號(新建廠房),68,6800700,6800700-020,19鄰,華亞三路,,,,,,50號(新建廠房),121.378791817006,25.048020059283
桃園市龜山區文化里19鄰華亞三路50號六樓之2,68,6800700,6800700-020,19鄰,華亞三路,,,,,,50號六樓之2,121.378791817006,25.048020059283
桃園市龜山區文化里19鄰華亞三路50號四樓,68,6800700,6800700-020,19鄰,華亞三路,,,,,,50號四樓,121.378791817006,25.048020059283
桃園市龜山區文化里19鄰華亞三路195號,68,6800700,6800700-020,19鄰,華亞三路,,,,,,195號,121.379417167847,25.0475024116885
桃園市龜山區文化里19鄰華亞三路197號,68,6800700,6800700-020,19鄰,華亞三路,,,,,,197號,121.379349491409,25.0474420955985
桃園市龜山區文化里19鄰華亞三路199巷1號四樓,68,6800700,6800700-020,19鄰,華亞三路,,199巷,,,,1號四樓,121.379464433747,25.0474678032501
桃園市龜山區文化里19鄰華亞三路199巷1號十二樓,68,6800700,6800700-020,19鄰,華亞三路,,199巷,,,,1號十二樓,121.379464433747,25.0474678032501
桃園市龜山區文化里19鄰華亞三路199巷1號二樓,68,6800700,6800700-020,19鄰,華亞三路,,199巷,,,,1號二樓,121.379464433747,25.0474678032501
桃園市龜山區文化里19鄰華亞三路199巷1號三樓,68,6800700,6800700-020,19鄰,華亞三路,,199巷,,,,1號三樓,121.379464433747,25.0474678032501
桃園市龜山區文化里19鄰華亞三路199巷1號五樓,68,6800700,6800700-020,19鄰,華亞三路,,199巷,,,,1號五樓,121.379464433747,25.0474678032501
桃園市龜山區文化里19鄰華亞三路199巷1號六樓,68,6800700,6800700-020,19鄰,華亞三路,,199巷,,,,1號六樓,121.379464433747,25.0474678032501
桃園市龜山區文化里19鄰華亞三路199巷1號七樓,68,6800700,6800700-020,19鄰,華亞三路,,199巷,,,,1號七樓,121.379464433747,25.0474678032501
桃園市龜山區文化里19鄰華亞三路199巷1號八樓,68,6800700,6800700-020,19鄰,華亞三路,,199巷,,,,1號八樓,121.379464433747,25.0474678032501
桃園市龜山區文化里19鄰華亞三路199巷1號九樓,68,6800700,6800700-020,19鄰,華亞三路,,199巷,,,,1號九樓,121.379464433747,25.0474678032501
桃園市龜山區文化里19鄰華亞三路199巷1號十樓,68,6800700,6800700-020,19鄰,華亞三路,,199巷,,,,1號十樓,121.379464433747,25.0474678032501
桃園市龜山區文化里19鄰華亞三路199巷1號十一樓,68,6800700,6800700-020,19鄰,華亞三路,,199巷,,,,1號十一樓,121.379464433747,25.0474678032501
桃園市龜山區文化里19鄰華亞三路199巷1號十三樓,68,6800700,6800700-020,19鄰,華亞三路,,199巷,,,,1號十三樓,121.379464433747,25.0474678032501
桃園市龜山區文化里19鄰華亞三路199巷1號十四樓,68,6800700,6800700-020,19鄰,華亞三路,,199巷,,,,1號十四樓,121.379464433747,25.0474678032501
桃園市龜山區文化里19鄰華亞三路199巷1號十五樓,68,6800700,6800700-020,19鄰,華亞三路,,199巷,,,,1號十五樓,121.379464433747,25.0474678032501
桃園市龜山區文化里19鄰華亞三路199巷2號十樓,68,6800700,6800700-020,19鄰,華亞三路,,199巷,,,,2號十樓,121.379207958195,25.0470842180646
桃園市龜山區文化里19鄰華亞三路199巷2號三樓,68,6800700,6800700-020,19鄰,華亞三路,,199巷,,,,2號三樓,121.379207958195,25.0470842180646
桃園市龜山區文化里19鄰華亞三路199巷2號四樓,68,6800700,6800700-020,19鄰,華亞三路,,199巷,,,,2號四樓,121.379207958195,25.0470842180646
桃園市龜山區文化里19鄰華亞三路199巷2號五樓,68,6800700,6800700-020,19鄰,華亞三路,,199巷,,,,2號五樓,121.379207958195,25.0470842180646
桃園市龜山區文化里19鄰華亞三路199巷2號六樓,68,6800700,6800700-020,19鄰,華亞三路,,199巷,,,,2號六樓,121.379207958195,25.0470842180646
桃園市龜山區文化里19鄰華亞三路199巷2號七樓,68,6800700,6800700-020,19鄰,華亞三路,,199巷,,,,2號七樓,121.379207958195,25.0470842180646
桃園市龜山區文化里19鄰華亞三路199巷2號八樓,68,6800700,6800700-020,19鄰,華亞三路,,199巷,,,,2號八樓,121.379207958195,25.0470842180646
桃園市龜山區文化里19鄰華亞三路199巷2號九樓,68,6800700,6800700-020,19鄰,華亞三路,,199巷,,,,2號九樓,121.379207958195,25.0470842180646
桃園市龜山區文化里19鄰華亞三路199巷2號十一樓,68,6800700,6800700-020,19鄰,華亞三路,,199巷,,,,2號十一樓,121.379207958195,25.0470842180646
桃園市龜山區文化里19鄰華亞三路199巷2號十二樓,68,6800700,6800700-020,19鄰,華亞三路,,199巷,,,,2號十二樓,121.379207958195,25.0470842180646
桃園市龜山區文化里19鄰華亞三路199巷2號十三樓,68,6800700,6800700-020,19鄰,華亞三路,,199巷,,,,2號十三樓,121.379207958195,25.0470842180646
桃園市龜山區文化里19鄰華亞三路199巷2號十四樓,68,6800700,6800700-020,19鄰,華亞三路,,199巷,,,,2號十四樓,121.379207958195,25.0470842180646
桃園市龜山區文化里19鄰華亞三路199巷2號十五樓,68,6800700,6800700-020,19鄰,華亞三路,,199巷,,,,2號十五樓,121.379207958195,25.0470842180646
桃園市龜山區文化里19鄰華亞三路199巷2號十六樓,68,6800700,6800700-020,19鄰,華亞三路,,199巷,,,,2號十六樓,121.379207958195,25.0470842180646
桃園市龜山區文化里19鄰華亞三路199巷2號十七樓,68,6800700,6800700-020,19鄰,華亞三路,,199巷,,,,2號十七樓,121.379207958195,25.0470842180646
桃園市龜山區文化里19鄰華亞三路199巷2號十八樓,68,6800700,6800700-020,19鄰,華亞三路,,199巷,,,,2號十八樓,121.379207958195,25.0470842180646
桃園市龜山區文化里19鄰華亞三路199巷2號十九樓,68,6800700,6800700-020,19鄰,華亞三路,,199巷,,,,2號十九樓,121.379207958195,25.0470842180646
桃園市龜山區文化里19鄰華亞三路199巷2號二十樓,68,6800700,6800700-020,19鄰,華亞三路,,199巷,,,,2號二十樓,121.379207958195,25.0470842180646
桃園市龜山區文化里19鄰華亞三路199巷2號二十一樓,68,6800700,6800700-020,19鄰,華亞三路,,199巷,,,,2號二十一樓,121.379207958195,25.0470842180646
桃園市龜山區文化里19鄰華亞三路199巷2號二十二樓,68,6800700,6800700-020,19鄰,華亞三路,,199巷,,,,2號二十二樓,121.379207958195,25.0470842180646
桃園市龜山區文化里19鄰華亞三路199巷3號十二樓,68,6800700,6800700-020,19鄰,華亞三路,,199巷,,,,3號十二樓,121.379379024521,25.0474097895169
桃園市龜山區文化里19鄰華亞三路199巷3號七樓,68,6800700,6800700-020,19鄰,華亞三路,,199巷,,,,3號七樓,121.379379024521,25.0474097895169
桃園市龜山區文化里19鄰華亞三路199巷3號十三樓,68,6800700,6800700-020,19鄰,華亞三路,,199巷,,,,3號十三樓,121.379379024521,25.0474097895169
桃園市龜山區文化里19鄰華亞三路199巷3號二樓,68,6800700,6800700-020,19鄰,華亞三路,,199巷,,,,3號二樓,121.379379024521,25.0474097895169
桃園市龜山區文化里19鄰華亞三路199巷3號三樓,68,6800700,6800700-020,19鄰,華亞三路,,199巷,,,,3號三樓,121.379379024521,25.0474097895169
桃園市龜山區文化里19鄰華亞三路199巷3號四樓,68,6800700,6800700-020,19鄰,華亞三路,,199巷,,,,3號四樓,121.379379024521,25.0474097895169
桃園市龜山區文化里19鄰華亞三路199巷3號五樓,68,6800700,6800700-020,19鄰,華亞三路,,199巷,,,,3號五樓,121.379379024521,25.0474097895169
桃園市龜山區文化里19鄰華亞三路199巷3號六樓,68,6800700,6800700-020,19鄰,華亞三路,,199巷,,,,3號六樓,121.379379024521,25.0474097895169
桃園市龜山區文化里19鄰華亞三路199巷3號八樓,68,6800700,6800700-020,19鄰,華亞三路,,199巷,,,,3號八樓,121.379379024521,25.0474097895169
桃園市龜山區文化里19鄰華亞三路199巷3號十五樓,68,6800700,6800700-020,19鄰,華亞三路,,199巷,,,,3號十五樓,121.379379024521,25.0474097895169
桃園市龜山區文化里19鄰華亞三路199巷3號十一樓,68,6800700,6800700-020,19鄰,華亞三路,,199巷,,,,3號十一樓,121.379379024521,25.0474097895169
桃園市龜山區文化里19鄰華亞三路199巷3號十樓,68,6800700,6800700-020,19鄰,華亞三路,,199巷,,,,3號十樓,121.379379024521,25.0474097895169
桃園市龜山區文化里19鄰華亞三路199巷3號九樓,68,6800700,6800700-020,19鄰,華亞三路,,199巷,,,,3號九樓,121.379379024521,25.0474097895169
桃園市龜山區文化里19鄰華亞三路199巷3號十四樓,68,6800700,6800700-020,19鄰,華亞三路,,199巷,,,,3號十四樓,121.379379024521,25.0474097895169
桃園市龜山區文化里19鄰華亞三路199巷5號,68,6800700,6800700-020,19鄰,華亞三路,,199巷,,,,5號,121.379419101795,25.0473579555936
桃園市龜山區文化里19鄰華亞三路199巷5號五樓,68,6800700,6800700-020,19鄰,華亞三路,,199巷,,,,5號五樓,121.379419101795,25.0473579555936
桃園市龜山區文化里19鄰華亞三路199巷5號八樓,68,6800700,6800700-020,19鄰,華亞三路,,199巷,,,,5號八樓,121.379419101795,25.0473579555936
桃園市龜山區文化里19鄰華亞三路199巷5號十三樓,68,6800700,6800700-020,19鄰,華亞三路,,199巷,,,,5號十三樓,121.379419101795,25.0473579555936
桃園市龜山區文化里19鄰華亞三路199巷5號九樓,68,6800700,6800700-020,19鄰,華亞三路,,199巷,,,,5號九樓,121.379419101795,25.0473579555936
桃園市龜山區文化里19鄰華亞三路199巷5號十二樓,68,6800700,6800700-020,19鄰,華亞三路,,199巷,,,,5號十二樓,121.379419101795,25.0473579555936
桃園市龜山區文化里19鄰華亞三路199巷5號十四樓,68,6800700,6800700-020,19鄰,華亞三路,,199巷,,,,5號十四樓,121.379419101795,25.0473579555936
桃園市龜山區文化里19鄰華亞三路199巷5號三樓,68,6800700,6800700-020,19鄰,華亞三路,,199巷,,,,5號三樓,121.379419101795,25.0473579555936
桃園市龜山區文化里19鄰華亞三路199巷5號十樓,68,6800700,6800700-020,19鄰,華亞三路,,199巷,,,,5號十樓,121.379419101795,25.0473579555936
桃園市龜山區文化里19鄰華亞三路199巷5號四樓,68,6800700,6800700-020,19鄰,華亞三路,,199巷,,,,5號四樓,121.379419101795,25.0473579555936
桃園市龜山區文化里19鄰華亞三路199巷5號十五樓,68,6800700,6800700-020,19鄰,華亞三路,,199巷,,,,5號十五樓,121.379419101795,25.0473579555936
桃園市龜山區文化里19鄰華亞三路199巷5號六樓,68,6800700,6800700-020,19鄰,華亞三路,,199巷,,,,5號六樓,121.379419101795,25.0473579555936
桃園市龜山區文化里19鄰華亞三路199巷5號七樓,68,6800700,6800700-020,19鄰,華亞三路,,199巷,,,,5號七樓,121.379419101795,25.0473579555936
桃園市龜山區文化里19鄰華亞三路199巷5號十一樓,68,6800700,6800700-020,19鄰,華亞三路,,199巷,,,,5號十一樓,121.379419101795,25.0473579555936
桃園市龜山區文化里19鄰華亞三路199巷5號二樓,68,6800700,6800700-020,19鄰,華亞三路,,199巷,,,,5號二樓,121.379419101795,25.0473579555936
桃園市龜山區文化里19鄰華亞三路199巷6號十樓,68,6800700,6800700-020,19鄰,華亞三路,,199巷,,,,6號十樓,121.379143584232,25.0471308775888
桃園市龜山區文化里19鄰華亞三路199巷6號三樓,68,6800700,6800700-020,19鄰,華亞三路,,199巷,,,,6號三樓,121.379143584232,25.0471308775888
桃園市龜山區文化里19鄰華亞三路199巷6號四樓,68,6800700,6800700-020,19鄰,華亞三路,,199巷,,,,6號四樓,121.379143584232,25.0471308775888
桃園市龜山區文化里19鄰華亞三路199巷6號五樓,68,6800700,6800700-020,19鄰,華亞三路,,199巷,,,,6號五樓,121.379143584232,25.0471308775888
桃園市龜山區文化里19鄰華亞三路199巷6號六樓,68,6800700,6800700-020,19鄰,華亞三路,,199巷,,,,6號六樓,121.379143584232,25.0471308775888
桃園市龜山區文化里19鄰華亞三路199巷6號七樓,68,6800700,6800700-020,19鄰,華亞三路,,199巷,,,,6號七樓,121.379143584232,25.0471308775888
桃園市龜山區文化里19鄰華亞三路199巷6號八樓,68,6800700,6800700-020,19鄰,華亞三路,,199巷,,,,6號八樓,121.379143584232,25.0471308775888
桃園市龜山區文化里19鄰華亞三路199巷6號九樓,68,6800700,6800700-020,19鄰,華亞三路,,199巷,,,,6號九樓,121.379143584232,25.0471308775888
桃園市龜山區文化里19鄰華亞三路199巷6號十一樓,68,6800700,6800700-020,19鄰,華亞三路,,199巷,,,,6號十一樓,121.379143584232,25.0471308775888
桃園市龜山區文化里19鄰華亞三路199巷6號十二樓,68,6800700,6800700-020,19鄰,華亞三路,,199巷,,,,6號十二樓,121.379143584232,25.0471308775888
桃園市龜山區文化里19鄰華亞三路199巷6號十三樓,68,6800700,6800700-020,19鄰,華亞三路,,199巷,,,,6號十三樓,121.379143584232,25.0471308775888
桃園市龜山區文化里19鄰華亞三路199巷6號十四樓,68,6800700,6800700-020,19鄰,華亞三路,,199巷,,,,6號十四樓,121.379143584232,25.0471308775888
桃園市龜山區文化里19鄰華亞三路199巷6號十五樓,68,6800700,6800700-020,19鄰,華亞三路,,199巷,,,,6號十五樓,121.379143584232,25.0471308775888
桃園市龜山區文化里19鄰華亞三路199巷6號十六樓,68,6800700,6800700-020,19鄰,華亞三路,,199巷,,,,6號十六樓,121.379143584232,25.0471308775888
桃園市龜山區文化里19鄰華亞三路199巷6號十七樓,68,6800700,6800700-020,19鄰,華亞三路,,199巷,,,,6號十七樓,121.379143584232,25.0471308775888
桃園市龜山區文化里19鄰華亞三路199巷6號十八樓,68,6800700,6800700-020,19鄰,華亞三路,,199巷,,,,6號十八樓,121.379143584232,25.0471308775888
桃園市龜山區文化里19鄰華亞三路199巷6號十九樓,68,6800700,6800700-020,19鄰,華亞三路,,199巷,,,,6號十九樓,121.379143584232,25.0471308775888
桃園市龜山區文化里19鄰華亞三路199巷6號二十樓,68,6800700,6800700-020,19鄰,華亞三路,,199巷,,,,6號二十樓,121.379143584232,25.0471308775888
桃園市龜山區文化里19鄰華亞三路199巷6號二十一樓,68,6800700,6800700-020,19鄰,華亞三路,,199巷,,,,6號二十一樓,121.379143584232,25.0471308775888
桃園市龜山區文化里19鄰華亞三路199巷6號二十二樓,68,6800700,6800700-020,19鄰,華亞三路,,199巷,,,,6號二十二樓,121.379143584232,25.0471308775888
桃園市龜山區文化里19鄰華亞三路199巷7號八樓,68,6800700,6800700-020,19鄰,華亞三路,,199巷,,,,7號八樓,121.379473416744,25.0472952514549
桃園市龜山區文化里19鄰華亞三路199巷7號七樓,68,6800700,6800700-020,19鄰,華亞三路,,199巷,,,,7號七樓,121.379473416744,25.0472952514549
桃園市龜山區文化里19鄰華亞三路199巷7號十樓,68,6800700,6800700-020,19鄰,華亞三路,,199巷,,,,7號十樓,121.379473416744,25.0472952514549
桃園市龜山區文化里19鄰華亞三路199巷7號五樓,68,6800700,6800700-020,19鄰,華亞三路,,199巷,,,,7號五樓,121.379473416744,25.0472952514549
桃園市龜山區文化里19鄰華亞三路199巷7號十五樓,68,6800700,6800700-020,19鄰,華亞三路,,199巷,,,,7號十五樓,121.379473416744,25.0472952514549
桃園市龜山區文化里19鄰華亞三路199巷7號九樓,68,6800700,6800700-020,19鄰,華亞三路,,199巷,,,,7號九樓,121.379473416744,25.0472952514549
桃園市龜山區文化里19鄰華亞三路199巷7號十二樓,68,6800700,6800700-020,19鄰,華亞三路,,199巷,,,,7號十二樓,121.379473416744,25.0472952514549
桃園市龜山區文化里19鄰華亞三路199巷7號六樓,68,6800700,6800700-020,19鄰,華亞三路,,199巷,,,,7號六樓,121.379473416744,25.0472952514549
桃園市龜山區文化里19鄰華亞三路199巷7號二樓,68,6800700,6800700-020,19鄰,華亞三路,,199巷,,,,7號二樓,121.379473416744,25.0472952514549
桃園市龜山區文化里19鄰華亞三路199巷7號三樓,68,6800700,6800700-020,19鄰,華亞三路,,199巷,,,,7號三樓,121.379473416744,25.0472952514549
桃園市龜山區文化里19鄰華亞三路199巷7號十三樓,68,6800700,6800700-020,19鄰,華亞三路,,199巷,,,,7號十三樓,121.379473416744,25.0472952514549
桃園市龜山區文化里19鄰華亞三路199巷7號四樓,68,6800700,6800700-020,19鄰,華亞三路,,199巷,,,,7號四樓,121.379473416744,25.0472952514549
桃園市龜山區文化里19鄰華亞三路199巷7號十四樓,68,6800700,6800700-020,19鄰,華亞三路,,199巷,,,,7號十四樓,121.379473416744,25.0472952514549
桃園市龜山區文化里19鄰華亞三路199巷7號十一樓,68,6800700,6800700-020,19鄰,華亞三路,,199巷,,,,7號十一樓,121.379473416744,25.0472952514549
桃園市龜山區文化里19鄰華亞三路199巷8號十樓,68,6800700,6800700-020,19鄰,華亞三路,,199巷,,,,8號十樓,121.379079204112,25.0471755508975
桃園市龜山區文化里19鄰華亞三路199巷8號二樓,68,6800700,6800700-020,19鄰,華亞三路,,199巷,,,,8號二樓,121.379079204112,25.0471755508975
桃園市龜山區文化里19鄰華亞三路199巷8號三樓,68,6800700,6800700-020,19鄰,華亞三路,,199巷,,,,8號三樓,121.379079204112,25.0471755508975
桃園市龜山區文化里19鄰華亞三路199巷8號四樓,68,6800700,6800700-020,19鄰,華亞三路,,199巷,,,,8號四樓,121.379079204112,25.0471755508975
桃園市龜山區文化里19鄰華亞三路199巷8號五樓,68,6800700,6800700-020,19鄰,華亞三路,,199巷,,,,8號五樓,121.379079204112,25.0471755508975
桃園市龜山區文化里19鄰華亞三路199巷8號六樓,68,6800700,6800700-020,19鄰,華亞三路,,199巷,,,,8號六樓,121.379079204112,25.0471755508975
桃園市龜山區文化里19鄰華亞三路199巷8號七樓,68,6800700,6800700-020,19鄰,華亞三路,,199巷,,,,8號七樓,121.379079204112,25.0471755508975
桃園市龜山區文化里19鄰華亞三路199巷8號八樓,68,6800700,6800700-020,19鄰,華亞三路,,199巷,,,,8號八樓,121.379079204112,25.0471755508975
桃園市龜山區文化里19鄰華亞三路199巷8號九樓,68,6800700,6800700-020,19鄰,華亞三路,,199巷,,,,8號九樓,121.379079204112,25.0471755508975
桃園市龜山區文化里19鄰華亞三路199巷8號十一樓,68,6800700,6800700-020,19鄰,華亞三路,,199巷,,,,8號十一樓,121.379079204112,25.0471755508975
桃園市龜山區文化里19鄰華亞三路199巷8號十二樓,68,6800700,6800700-020,19鄰,華亞三路,,199巷,,,,8號十二樓,121.379079204112,25.0471755508975
桃園市龜山區文化里19鄰華亞三路199巷8號十三樓,68,6800700,6800700-020,19鄰,華亞三路,,199巷,,,,8號十三樓,121.379079204112,25.0471755508975
桃園市龜山區文化里19鄰華亞三路199巷8號十四樓,68,6800700,6800700-020,19鄰,華亞三路,,199巷,,,,8號十四樓,121.379079204112,25.0471755508975
桃園市龜山區文化里19鄰華亞三路199巷8號十五樓,68,6800700,6800700-020,19鄰,華亞三路,,199巷,,,,8號十五樓,121.379079204112,25.0471755508975
桃園市龜山區文化里19鄰華亞三路199巷8號十六樓,68,6800700,6800700-020,19鄰,華亞三路,,199巷,,,,8號十六樓,121.379079204112,25.0471755508975
桃園市龜山區文化里19鄰華亞三路199巷8號十七樓,68,6800700,6800700-020,19鄰,華亞三路,,199巷,,,,8號十七樓,121.379079204112,25.0471755508975
桃園市龜山區文化里19鄰華亞三路199巷8號十八樓,68,6800700,6800700-020,19鄰,華亞三路,,199巷,,,,8號十八樓,121.379079204112,25.0471755508975
桃園市龜山區文化里19鄰華亞三路199巷8號十九樓,68,6800700,6800700-020,19鄰,華亞三路,,199巷,,,,8號十九樓,121.379079204112,25.0471755508975
桃園市龜山區文化里19鄰華亞三路199巷8號二十樓,68,6800700,6800700-020,19鄰,華亞三路,,199巷,,,,8號二十樓,121.379079204112,25.0471755508975
桃園市龜山區文化里19鄰華亞三路199巷8號二十一樓,68,6800700,6800700-020,19鄰,華亞三路,,199巷,,,,8號二十一樓,121.379079204112,25.0471755508975
桃園市龜山區文化里19鄰華亞三路199巷8號二十二樓,68,6800700,6800700-020,19鄰,華亞三路,,199巷,,,,8號二十二樓,121.379079204112,25.0471755508975
桃園市龜山區文化里19鄰華亞三路199巷9號六樓,68,6800700,6800700-020,19鄰,華亞三路,,199巷,,,,9號六樓,121.379534778619,25.0472359600081
桃園市龜山區文化里19鄰華亞三路199巷9號九樓,68,6800700,6800700-020,19鄰,華亞三路,,199巷,,,,9號九樓,121.379534778619,25.0472359600081
桃園市龜山區文化里19鄰華亞三路199巷9號十四樓,68,6800700,6800700-020,19鄰,華亞三路,,199巷,,,,9號十四樓,121.379534778619,25.0472359600081
桃園市龜山區文化里19鄰華亞三路199巷9號七樓,68,6800700,6800700-020,19鄰,華亞三路,,199巷,,,,9號七樓,121.379534778619,25.0472359600081
桃園市龜山區文化里19鄰華亞三路199巷9號十五樓,68,6800700,6800700-020,19鄰,華亞三路,,199巷,,,,9號十五樓,121.379534778619,25.0472359600081
桃園市龜山區文化里19鄰華亞三路199巷9號三樓,68,6800700,6800700-020,19鄰,華亞三路,,199巷,,,,9號三樓,121.379534778619,25.0472359600081
桃園市龜山區文化里19鄰華亞三路199巷9號八樓,68,6800700,6800700-020,19鄰,華亞三路,,199巷,,,,9號八樓,121.379534778619,25.0472359600081
桃園市龜山區文化里19鄰華亞三路199巷9號十三樓,68,6800700,6800700-020,19鄰,華亞三路,,199巷,,,,9號十三樓,121.379534778619,25.0472359600081
桃園市龜山區文化里19鄰華亞三路199巷9號五樓,68,6800700,6800700-020,19鄰,華亞三路,,199巷,,,,9號五樓,121.379534778619,25.0472359600081
桃園市龜山區文化里19鄰華亞三路199巷9號二樓,68,6800700,6800700-020,19鄰,華亞三路,,199巷,,,,9號二樓,121.379534778619,25.0472359600081
桃園市龜山區文化里19鄰華亞三路199巷9號十二樓,68,6800700,6800700-020,19鄰,華亞三路,,199巷,,,,9號十二樓,121.379534778619,25.0472359600081
桃園市龜山區文化里19鄰華亞三路199巷9號四樓,68,6800700,6800700-020,19鄰,華亞三路,,199巷,,,,9號四樓,121.379534778619,25.0472359600081
桃園市龜山區文化里19鄰華亞三路199巷9號十樓,68,6800700,6800700-020,19鄰,華亞三路,,199巷,,,,9號十樓,121.379534778619,25.0472359600081
桃園市龜山區文化里19鄰華亞三路199巷9號十一樓,68,6800700,6800700-020,19鄰,華亞三路,,199巷,,,,9號十一樓,121.379534778619,25.0472359600081
桃園市龜山區文化里19鄰華亞三路199巷10號十樓,68,6800700,6800700-020,19鄰,華亞三路,,199巷,,,,10號十樓,121.379014897847,25.0471153163314
桃園市龜山區文化里19鄰華亞三路199巷10號二樓,68,6800700,6800700-020,19鄰,華亞三路,,199巷,,,,10號二樓,121.379014897847,25.0471153163314
桃園市龜山區文化里19鄰華亞三路199巷10號三樓,68,6800700,6800700-020,19鄰,華亞三路,,199巷,,,,10號三樓,121.379014897847,25.0471153163314
桃園市龜山區文化里19鄰華亞三路199巷10號四樓,68,6800700,6800700-020,19鄰,華亞三路,,199巷,,,,10號四樓,121.379014897847,25.0471153163314
桃園市龜山區文化里19鄰華亞三路199巷10號五樓,68,6800700,6800700-020,19鄰,華亞三路,,199巷,,,,10號五樓,121.379014897847,25.0471153163314
桃園市龜山區文化里19鄰華亞三路199巷10號六樓,68,6800700,6800700-020,19鄰,華亞三路,,199巷,,,,10號六樓,121.379014897847,25.0471153163314
桃園市龜山區文化里19鄰華亞三路199巷10號七樓,68,6800700,6800700-020,19鄰,華亞三路,,199巷,,,,10號七樓,121.379014897847,25.0471153163314
桃園市龜山區文化里19鄰華亞三路199巷10號八樓,68,6800700,6800700-020,19鄰,華亞三路,,199巷,,,,10號八樓,121.379014897847,25.0471153163314
桃園市龜山區文化里19鄰華亞三路199巷10號九樓,68,6800700,6800700-020,19鄰,華亞三路,,199巷,,,,10號九樓,121.379014897847,25.0471153163314
桃園市龜山區文化里19鄰華亞三路199巷10號十一樓,68,6800700,6800700-020,19鄰,華亞三路,,199巷,,,,10號十一樓,121.379014897847,25.0471153163314
桃園市龜山區文化里19鄰華亞三路199巷10號十二樓,68,6800700,6800700-020,19鄰,華亞三路,,199巷,,,,10號十二樓,121.379014897847,25.0471153163314
桃園市龜山區文化里19鄰華亞三路199巷10號十三樓,68,6800700,6800700-020,19鄰,華亞三路,,199巷,,,,10號十三樓,121.379014897847,25.0471153163314
桃園市龜山區文化里19鄰華亞三路199巷10號十四樓,68,6800700,6800700-020,19鄰,華亞三路,,199巷,,,,10號十四樓,121.379014897847,25.0471153163314
桃園市龜山區文化里19鄰華亞三路199巷10號十五樓,68,6800700,6800700-020,19鄰,華亞三路,,199巷,,,,10號十五樓,121.379014897847,25.0471153163314
桃園市龜山區文化里19鄰華亞三路199巷10號十六樓,68,6800700,6800700-020,19鄰,華亞三路,,199巷,,,,10號十六樓,121.379014897847,25.0471153163314
桃園市龜山區文化里19鄰華亞三路199巷10號十七樓,68,6800700,6800700-020,19鄰,華亞三路,,199巷,,,,10號十七樓,121.379014897847,25.0471153163314
桃園市龜山區文化里19鄰華亞三路199巷10號十八樓,68,6800700,6800700-020,19鄰,華亞三路,,199巷,,,,10號十八樓,121.379014897847,25.0471153163314
桃園市龜山區文化里19鄰華亞三路199巷10號十九樓,68,6800700,6800700-020,19鄰,華亞三路,,199巷,,,,10號十九樓,121.379014897847,25.0471153163314
桃園市龜山區文化里19鄰華亞三路199巷10號二十樓,68,6800700,6800700-020,19鄰,華亞三路,,199巷,,,,10號二十樓,121.379014897847,25.0471153163314
桃園市龜山區文化里19鄰華亞三路199巷10號二十一樓,68,6800700,6800700-020,19鄰,華亞三路,,199巷,,,,10號二十一樓,121.379014897847,25.0471153163314
桃園市龜山區文化里19鄰華亞三路199巷10號二十二樓,68,6800700,6800700-020,19鄰,華亞三路,,199巷,,,,10號二十二樓,121.379014897847,25.0471153163314
桃園市龜山區文化里19鄰華亞三路199巷11號六樓,68,6800700,6800700-020,19鄰,華亞三路,,199巷,,,,11號六樓,121.379603258999,25.0471711431463
桃園市龜山區文化里19鄰華亞三路199巷11號七樓,68,6800700,6800700-020,19鄰,華亞三路,,199巷,,,,11號七樓,121.379603258999,25.0471711431463
桃園市龜山區文化里19鄰華亞三路199巷11號十一樓,68,6800700,6800700-020,19鄰,華亞三路,,199巷,,,,11號十一樓,121.379603258999,25.0471711431463
桃園市龜山區文化里19鄰華亞三路199巷11號十五樓,68,6800700,6800700-020,19鄰,華亞三路,,199巷,,,,11號十五樓,121.379603258999,25.0471711431463
桃園市龜山區文化里19鄰華亞三路199巷11號九樓,68,6800700,6800700-020,19鄰,華亞三路,,199巷,,,,11號九樓,121.379603258999,25.0471711431463
桃園市龜山區文化里19鄰華亞三路199巷11號十樓,68,6800700,6800700-020,19鄰,華亞三路,,199巷,,,,11號十樓,121.379603258999,25.0471711431463
桃園市龜山區文化里19鄰華亞三路199巷11號二樓,68,6800700,6800700-020,19鄰,華亞三路,,199巷,,,,11號二樓,121.379603258999,25.0471711431463
桃園市龜山區文化里19鄰華亞三路199巷11號十三樓,68,6800700,6800700-020,19鄰,華亞三路,,199巷,,,,11號十三樓,121.379603258999,25.0471711431463
桃園市龜山區文化里19鄰華亞三路199巷11號十四樓,68,6800700,6800700-020,19鄰,華亞三路,,199巷,,,,11號十四樓,121.379603258999,25.0471711431463
桃園市龜山區文化里19鄰華亞三路199巷11號四樓,68,6800700,6800700-020,19鄰,華亞三路,,199巷,,,,11號四樓,121.379603258999,25.0471711431463
桃園市龜山區文化里19鄰華亞三路199巷11號三樓,68,6800700,6800700-020,19鄰,華亞三路,,199巷,,,,11號三樓,121.379603258999,25.0471711431463
桃園市龜山區文化里19鄰華亞三路199巷11號八樓,68,6800700,6800700-020,19鄰,華亞三路,,199巷,,,,11號八樓,121.379603258999,25.0471711431463
桃園市龜山區文化里19鄰華亞三路199巷11號五樓,68,6800700,6800700-020,19鄰,華亞三路,,199巷,,,,11號五樓,121.379603258999,25.0471711431463
桃園市龜山區文化里19鄰華亞三路199巷11號十二樓,68,6800700,6800700-020,19鄰,華亞三路,,199巷,,,,11號十二樓,121.379603258999,25.0471711431463
桃園市龜山區文化里19鄰華亞三路199巷12號十樓,68,6800700,6800700-020,19鄰,華亞三路,,199巷,,,,12號十樓,121.379092086296,25.0470783746168
桃園市龜山區文化里19鄰華亞三路199巷12號二樓,68,6800700,6800700-020,19鄰,華亞三路,,199巷,,,,12號二樓,121.379092086296,25.0470783746168
桃園市龜山區文化里19鄰華亞三路199巷12號三樓,68,6800700,6800700-020,19鄰,華亞三路,,199巷,,,,12號三樓,121.379092086296,25.0470783746168
桃園市龜山區文化里19鄰華亞三路199巷12號四樓,68,6800700,6800700-020,19鄰,華亞三路,,199巷,,,,12號四樓,121.379092086296,25.0470783746168
桃園市龜山區文化里19鄰華亞三路199巷12號五樓,68,6800700,6800700-020,19鄰,華亞三路,,199巷,,,,12號五樓,121.379092086296,25.0470783746168
桃園市龜山區文化里19鄰華亞三路199巷12號六樓,68,6800700,6800700-020,19鄰,華亞三路,,199巷,,,,12號六樓,121.379092086296,25.0470783746168
桃園市龜山區文化里19鄰華亞三路199巷12號七樓,68,6800700,6800700-020,19鄰,華亞三路,,199巷,,,,12號七樓,121.379092086296,25.0470783746168
桃園市龜山區文化里19鄰華亞三路199巷12號八樓,68,6800700,6800700-020,19鄰,華亞三路,,199巷,,,,12號八樓,121.379092086296,25.0470783746168
桃園市龜山區文化里19鄰華亞三路199巷12號九樓,68,6800700,6800700-020,19鄰,華亞三路,,199巷,,,,12號九樓,121.379092086296,25.0470783746168
桃園市龜山區文化里19鄰華亞三路199巷12號十一樓,68,6800700,6800700-020,19鄰,華亞三路,,199巷,,,,12號十一樓,121.379092086296,25.0470783746168
桃園市龜山區文化里19鄰華亞三路199巷12號十二樓,68,6800700,6800700-020,19鄰,華亞三路,,199巷,,,,12號十二樓,121.379092086296,25.0470783746168
桃園市龜山區文化里19鄰華亞三路199巷12號十三樓,68,6800700,6800700-020,19鄰,華亞三路,,199巷,,,,12號十三樓,121.379092086296,25.0470783746168
桃園市龜山區文化里19鄰華亞三路199巷12號十四樓,68,6800700,6800700-020,19鄰,華亞三路,,199巷,,,,12號十四樓,121.379092086296,25.0470783746168
桃園市龜山區文化里19鄰華亞三路199巷12號十五樓,68,6800700,6800700-020,19鄰,華亞三路,,199巷,,,,12號十五樓,121.379092086296,25.0470783746168
桃園市龜山區文化里19鄰華亞三路199巷12號十六樓,68,6800700,6800700-020,19鄰,華亞三路,,199巷,,,,12號十六樓,121.379092086296,25.0470783746168
桃園市龜山區文化里19鄰華亞三路199巷12號十七樓,68,6800700,6800700-020,19鄰,華亞三路,,199巷,,,,12號十七樓,121.379092086296,25.0470783746168
桃園市龜山區文化里19鄰華亞三路199巷12號十八樓,68,6800700,6800700-020,19鄰,華亞三路,,199巷,,,,12號十八樓,121.379092086296,25.0470783746168
桃園市龜山區文化里19鄰華亞三路199巷12號十九樓,68,6800700,6800700-020,19鄰,華亞三路,,199巷,,,,12號十九樓,121.379092086296,25.0470783746168
桃園市龜山區文化里19鄰華亞三路199巷12號二十樓,68,6800700,6800700-020,19鄰,華亞三路,,199巷,,,,12號二十樓,121.379092086296,25.0470783746168
桃園市龜山區文化里19鄰華亞三路199巷12號二十一樓,68,6800700,6800700-020,19鄰,華亞三路,,199巷,,,,12號二十一樓,121.379092086296,25.0470783746168
桃園市龜山區文化里19鄰華亞三路199巷12號二十二樓,68,6800700,6800700-020,19鄰,華亞三路,,199巷,,,,12號二十二樓,121.379092086296,25.0470783746168
桃園市龜山區文化里19鄰華亞三路199巷13號,68,6800700,6800700-020,19鄰,華亞三路,,199巷,,,,13號,121.37967548025,25.0470981913147
桃園市龜山區文化里19鄰華亞三路199巷13號十三樓,68,6800700,6800700-020,19鄰,華亞三路,,199巷,,,,13號十三樓,121.37967548025,25.0470981913147
桃園市龜山區文化里19鄰華亞三路199巷13號九樓,68,6800700,6800700-020,19鄰,華亞三路,,199巷,,,,13號九樓,121.37967548025,25.0470981913147
桃園市龜山區文化里19鄰華亞三路199巷13號十樓,68,6800700,6800700-020,19鄰,華亞三路,,199巷,,,,13號十樓,121.37967548025,25.0470981913147
桃園市龜山區文化里19鄰華亞三路199巷13號四樓,68,6800700,6800700-020,19鄰,華亞三路,,199巷,,,,13號四樓,121.37967548025,25.0470981913147
桃園市龜山區文化里19鄰華亞三路199巷13號八樓,68,6800700,6800700-020,19鄰,華亞三路,,199巷,,,,13號八樓,121.37967548025,25.0470981913147
桃園市龜山區文化里19鄰華亞三路199巷13號五樓,68,6800700,6800700-020,19鄰,華亞三路,,199巷,,,,13號五樓,121.37967548025,25.0470981913147
桃園市龜山區文化里19鄰華亞三路199巷13號十二樓,68,6800700,6800700-020,19鄰,華亞三路,,199巷,,,,13號十二樓,121.37967548025,25.0470981913147
桃園市龜山區文化里19鄰華亞三路199巷13號十五樓,68,6800700,6800700-020,19鄰,華亞三路,,199巷,,,,13號十五樓,121.37967548025,25.0470981913147
桃園市龜山區文化里19鄰華亞三路199巷13號二樓,68,6800700,6800700-020,19鄰,華亞三路,,199巷,,,,13號二樓,121.37967548025,25.0470981913147
桃園市龜山區文化里19鄰華亞三路199巷13號三樓,68,6800700,6800700-020,19鄰,華亞三路,,199巷,,,,13號三樓,121.37967548025,25.0470981913147
桃園市龜山區文化里19鄰華亞三路199巷13號七樓,68,6800700,6800700-020,19鄰,華亞三路,,199巷,,,,13號七樓,121.37967548025,25.0470981913147
桃園市龜山區文化里19鄰華亞三路199巷13號十四樓,68,6800700,6800700-020,19鄰,華亞三路,,199巷,,,,13號十四樓,121.37967548025,25.0470981913147
桃園市龜山區文化里19鄰華亞三路199巷13號十一樓,68,6800700,6800700-020,19鄰,華亞三路,,199巷,,,,13號十一樓,121.37967548025,25.0470981913147
桃園市龜山區文化里19鄰華亞三路199巷13號六樓,68,6800700,6800700-020,19鄰,華亞三路,,199巷,,,,13號六樓,121.37967548025,25.0470981913147
桃園市龜山區文化里19鄰華亞三路199巷15號九樓,68,6800700,6800700-020,19鄰,華亞三路,,199巷,,,,15號九樓,121.379761752969,25.0471469939119
桃園市龜山區文化里19鄰華亞三路199巷15號三樓,68,6800700,6800700-020,19鄰,華亞三路,,199巷,,,,15號三樓,121.379761752969,25.0471469939119
桃園市龜山區文化里19鄰華亞三路199巷15號十五樓,68,6800700,6800700-020,19鄰,華亞三路,,199巷,,,,15號十五樓,121.379761752969,25.0471469939119
桃園市龜山區文化里19鄰華亞三路199巷15號八樓,68,6800700,6800700-020,19鄰,華亞三路,,199巷,,,,15號八樓,121.379761752969,25.0471469939119
桃園市龜山區文化里19鄰華亞三路199巷15號十一樓,68,6800700,6800700-020,19鄰,華亞三路,,199巷,,,,15號十一樓,121.379761752969,25.0471469939119
桃園市龜山區文化里19鄰華亞三路199巷15號十四樓,68,6800700,6800700-020,19鄰,華亞三路,,199巷,,,,15號十四樓,121.379761752969,25.0471469939119
桃園市龜山區文化里19鄰華亞三路199巷15號七樓,68,6800700,6800700-020,19鄰,華亞三路,,199巷,,,,15號七樓,121.379761752969,25.0471469939119
桃園市龜山區文化里19鄰華亞三路199巷15號十樓,68,6800700,6800700-020,19鄰,華亞三路,,199巷,,,,15號十樓,121.379761752969,25.0471469939119
桃園市龜山區文化里19鄰華亞三路199巷15號十三樓,68,6800700,6800700-020,19鄰,華亞三路,,199巷,,,,15號十三樓,121.379761752969,25.0471469939119
桃園市龜山區文化里19鄰華亞三路199巷15號四樓,68,6800700,6800700-020,19鄰,華亞三路,,199巷,,,,15號四樓,121.379761752969,25.0471469939119
桃園市龜山區文化里19鄰華亞三路199巷15號五樓,68,6800700,6800700-020,19鄰,華亞三路,,199巷,,,,15號五樓,121.379761752969,25.0471469939119
桃園市龜山區文化里19鄰華亞三路199巷15號六樓,68,6800700,6800700-020,19鄰,華亞三路,,199巷,,,,15號六樓,121.379761752969,25.0471469939119
桃園市龜山區文化里19鄰華亞三路199巷15號十二樓,68,6800700,6800700-020,19鄰,華亞三路,,199巷,,,,15號十二樓,121.379761752969,25.0471469939119
桃園市龜山區文化里19鄰華亞三路199巷15號二樓,68,6800700,6800700-020,19鄰,華亞三路,,199巷,,,,15號二樓,121.379761752969,25.0471469939119
桃園市龜山區文化里19鄰華亞三路199巷16號十樓,68,6800700,6800700-020,19鄰,華亞三路,,199巷,,,,16號十樓,121.379169401271,25.0470181397889
桃園市龜山區文化里19鄰華亞三路199巷16號二樓,68,6800700,6800700-020,19鄰,華亞三路,,199巷,,,,16號二樓,121.379169401271,25.0470181397889
桃園市龜山區文化里19鄰華亞三路199巷16號三樓,68,6800700,6800700-020,19鄰,華亞三路,,199巷,,,,16號三樓,121.379169401271,25.0470181397889
桃園市龜山區文化里19鄰華亞三路199巷16號四樓,68,6800700,6800700-020,19鄰,華亞三路,,199巷,,,,16號四樓,121.379169401271,25.0470181397889
桃園市龜山區文化里19鄰華亞三路199巷16號五樓,68,6800700,6800700-020,19鄰,華亞三路,,199巷,,,,16號五樓,121.379169401271,25.0470181397889
桃園市龜山區文化里19鄰華亞三路199巷16號六樓,68,6800700,6800700-020,19鄰,華亞三路,,199巷,,,,16號六樓,121.379169401271,25.0470181397889
桃園市龜山區文化里19鄰華亞三路199巷16號七樓,68,6800700,6800700-020,19鄰,華亞三路,,199巷,,,,16號七樓,121.379169401271,25.0470181397889
桃園市龜山區文化里19鄰華亞三路199巷16號八樓,68,6800700,6800700-020,19鄰,華亞三路,,199巷,,,,16號八樓,121.379169401271,25.0470181397889
桃園市龜山區文化里19鄰華亞三路199巷16號九樓,68,6800700,6800700-020,19鄰,華亞三路,,199巷,,,,16號九樓,121.379169401271,25.0470181397889
桃園市龜山區文化里19鄰華亞三路199巷16號十一樓,68,6800700,6800700-020,19鄰,華亞三路,,199巷,,,,16號十一樓,121.379169401271,25.0470181397889
桃園市龜山區文化里19鄰華亞三路199巷16號十二樓,68,6800700,6800700-020,19鄰,華亞三路,,199巷,,,,16號十二樓,121.379169401271,25.0470181397889
桃園市龜山區文化里19鄰華亞三路199巷16號十三樓,68,6800700,6800700-020,19鄰,華亞三路,,199巷,,,,16號十三樓,121.379169401271,25.0470181397889
桃園市龜山區文化里19鄰華亞三路199巷16號十四樓,68,6800700,6800700-020,19鄰,華亞三路,,199巷,,,,16號十四樓,121.379169401271,25.0470181397889
桃園市龜山區文化里19鄰華亞三路199巷16號十五樓,68,6800700,6800700-020,19鄰,華亞三路,,199巷,,,,16號十五樓,121.379169401271,25.0470181397889
桃園市龜山區文化里19鄰華亞三路199巷16號十六樓,68,6800700,6800700-020,19鄰,華亞三路,,199巷,,,,16號十六樓,121.379169401271,25.0470181397889
桃園市龜山區文化里19鄰華亞三路199巷16號十七樓,68,6800700,6800700-020,19鄰,華亞三路,,199巷,,,,16號十七樓,121.379169401271,25.0470181397889
桃園市龜山區文化里19鄰華亞三路199巷16號十八樓,68,6800700,6800700-020,19鄰,華亞三路,,199巷,,,,16號十八樓,121.379169401271,25.0470181397889
桃園市龜山區文化里19鄰華亞三路199巷16號十九樓,68,6800700,6800700-020,19鄰,華亞三路,,199巷,,,,16號十九樓,121.379169401271,25.0470181397889
桃園市龜山區文化里19鄰華亞三路199巷16號二十樓,68,6800700,6800700-020,19鄰,華亞三路,,199巷,,,,16號二十樓,121.379169401271,25.0470181397889
桃園市龜山區文化里19鄰華亞三路199巷16號二十一樓,68,6800700,6800700-020,19鄰,華亞三路,,199巷,,,,16號二十一樓,121.379169401271,25.0470181397889
桃園市龜山區文化里19鄰華亞三路199巷16號二十二樓,68,6800700,6800700-020,19鄰,華亞三路,,199巷,,,,16號二十二樓,121.379169401271,25.0470181397889
桃園市龜山區文化里19鄰華亞三路199巷17號十樓,68,6800700,6800700-020,19鄰,華亞三路,,199巷,,,,17號十樓,121.379903349391,25.0470745868659
桃園市龜山區文化里19鄰華亞三路199巷17號二樓,68,6800700,6800700-020,19鄰,華亞三路,,199巷,,,,17號二樓,121.379903349391,25.0470745868659
桃園市龜山區文化里19鄰華亞三路199巷17號三樓,68,6800700,6800700-020,19鄰,華亞三路,,199巷,,,,17號三樓,121.379903349391,25.0470745868659
桃園市龜山區文化里19鄰華亞三路199巷17號四樓,68,6800700,6800700-020,19鄰,華亞三路,,199巷,,,,17號四樓,121.379903349391,25.0470745868659
桃園市龜山區文化里19鄰華亞三路199巷17號五樓,68,6800700,6800700-020,19鄰,華亞三路,,199巷,,,,17號五樓,121.379903349391,25.0470745868659
桃園市龜山區文化里19鄰華亞三路199巷17號六樓,68,6800700,6800700-020,19鄰,華亞三路,,199巷,,,,17號六樓,121.379903349391,25.0470745868659
桃園市龜山區文化里19鄰華亞三路199巷17號七樓,68,6800700,6800700-020,19鄰,華亞三路,,199巷,,,,17號七樓,121.379903349391,25.0470745868659
桃園市龜山區文化里19鄰華亞三路199巷17號八樓,68,6800700,6800700-020,19鄰,華亞三路,,199巷,,,,17號八樓,121.379903349391,25.0470745868659
桃園市龜山區文化里19鄰華亞三路199巷17號九樓,68,6800700,6800700-020,19鄰,華亞三路,,199巷,,,,17號九樓,121.379903349391,25.0470745868659
桃園市龜山區文化里19鄰華亞三路199巷17號十一樓,68,6800700,6800700-020,19鄰,華亞三路,,199巷,,,,17號十一樓,121.379903349391,25.0470745868659
桃園市龜山區文化里19鄰華亞三路199巷17號十二樓,68,6800700,6800700-020,19鄰,華亞三路,,199巷,,,,17號十二樓,121.379903349391,25.0470745868659
桃園市龜山區文化里19鄰華亞三路199巷17號十三樓,68,6800700,6800700-020,19鄰,華亞三路,,199巷,,,,17號十三樓,121.379903349391,25.0470745868659
桃園市龜山區文化里19鄰華亞三路199巷17號十四樓,68,6800700,6800700-020,19鄰,華亞三路,,199巷,,,,17號十四樓,121.379903349391,25.0470745868659
桃園市龜山區文化里19鄰華亞三路199巷18號十樓,68,6800700,6800700-020,19鄰,華亞三路,,199巷,,,,18號十樓,121.379265942399,25.0469578558386
桃園市龜山區文化里19鄰華亞三路199巷18號二樓,68,6800700,6800700-020,19鄰,華亞三路,,199巷,,,,18號二樓,121.379265942399,25.0469578558386
桃園市龜山區文化里19鄰華亞三路199巷18號三樓,68,6800700,6800700-020,19鄰,華亞三路,,199巷,,,,18號三樓,121.379265942399,25.0469578558386
桃園市龜山區文化里19鄰華亞三路199巷18號四樓,68,6800700,6800700-020,19鄰,華亞三路,,199巷,,,,18號四樓,121.379265942399,25.0469578558386
桃園市龜山區文化里19鄰華亞三路199巷18號五樓,68,6800700,6800700-020,19鄰,華亞三路,,199巷,,,,18號五樓,121.379265942399,25.0469578558386
桃園市龜山區文化里19鄰華亞三路199巷18號六樓,68,6800700,6800700-020,19鄰,華亞三路,,199巷,,,,18號六樓,121.379265942399,25.0469578558386
桃園市龜山區文化里19鄰華亞三路199巷18號七樓,68,6800700,6800700-020,19鄰,華亞三路,,199巷,,,,18號七樓,121.379265942399,25.0469578558386
桃園市龜山區文化里19鄰華亞三路199巷18號八樓,68,6800700,6800700-020,19鄰,華亞三路,,199巷,,,,18號八樓,121.379265942399,25.0469578558386
桃園市龜山區文化里19鄰華亞三路199巷18號九樓,68,6800700,6800700-020,19鄰,華亞三路,,199巷,,,,18號九樓,121.379265942399,25.0469578558386
桃園市龜山區文化里19鄰華亞三路199巷18號十一樓,68,6800700,6800700-020,19鄰,華亞三路,,199巷,,,,18號十一樓,121.379265942399,25.0469578558386
桃園市龜山區文化里19鄰華亞三路199巷18號十二樓,68,6800700,6800700-020,19鄰,華亞三路,,199巷,,,,18號十二樓,121.379265942399,25.0469578558386
桃園市龜山區文化里19鄰華亞三路199巷18號十三樓,68,6800700,6800700-020,19鄰,華亞三路,,199巷,,,,18號十三樓,121.379265942399,25.0469578558386
桃園市龜山區文化里19鄰華亞三路199巷18號十四樓,68,6800700,6800700-020,19鄰,華亞三路,,199巷,,,,18號十四樓,121.379265942399,25.0469578558386
桃園市龜山區文化里19鄰華亞三路199巷18號十五樓,68,6800700,6800700-020,19鄰,華亞三路,,199巷,,,,18號十五樓,121.379265942399,25.0469578558386
桃園市龜山區文化里19鄰華亞三路199巷18號十六樓,68,6800700,6800700-020,19鄰,華亞三路,,199巷,,,,18號十六樓,121.379265942399,25.0469578558386
桃園市龜山區文化里19鄰華亞三路199巷18號十七樓,68,6800700,6800700-020,19鄰,華亞三路,,199巷,,,,18號十七樓,121.379265942399,25.0469578558386
桃園市龜山區文化里19鄰華亞三路199巷18號十八樓,68,6800700,6800700-020,19鄰,華亞三路,,199巷,,,,18號十八樓,121.379265942399,25.0469578558386
桃園市龜山區文化里19鄰華亞三路199巷18號十九樓,68,6800700,6800700-020,19鄰,華亞三路,,199巷,,,,18號十九樓,121.379265942399,25.0469578558386
桃園市龜山區文化里19鄰華亞三路199巷18號二十樓,68,6800700,6800700-020,19鄰,華亞三路,,199巷,,,,18號二十樓,121.379265942399,25.0469578558386
桃園市龜山區文化里19鄰華亞三路199巷18號二十一樓,68,6800700,6800700-020,19鄰,華亞三路,,199巷,,,,18號二十一樓,121.379265942399,25.0469578558386
桃園市龜山區文化里19鄰華亞三路199巷18號二十二樓,68,6800700,6800700-020,19鄰,華亞三路,,199巷,,,,18號二十二樓,121.379265942399,25.0469578558386
桃園市龜山區文化里19鄰華亞三路199巷19號十樓,68,6800700,6800700-020,19鄰,華亞三路,,199巷,,,,19號十樓,121.379862560547,25.0470240429805
桃園市龜山區文化里19鄰華亞三路199巷19號二樓,68,6800700,6800700-020,19鄰,華亞三路,,199巷,,,,19號二樓,121.379862560547,25.0470240429805
桃園市龜山區文化里19鄰華亞三路199巷19號三樓,68,6800700,6800700-020,19鄰,華亞三路,,199巷,,,,19號三樓,121.379862560547,25.0470240429805
桃園市龜山區文化里19鄰華亞三路199巷19號四樓,68,6800700,6800700-020,19鄰,華亞三路,,199巷,,,,19號四樓,121.379862560547,25.0470240429805
桃園市龜山區文化里19鄰華亞三路199巷19號五樓,68,6800700,6800700-020,19鄰,華亞三路,,199巷,,,,19號五樓,121.379862560547,25.0470240429805
桃園市龜山區文化里19鄰華亞三路199巷19號六樓,68,6800700,6800700-020,19鄰,華亞三路,,199巷,,,,19號六樓,121.379862560547,25.0470240429805
桃園市龜山區文化里19鄰華亞三路199巷19號七樓,68,6800700,6800700-020,19鄰,華亞三路,,199巷,,,,19號七樓,121.379862560547,25.0470240429805
桃園市龜山區文化里19鄰華亞三路199巷19號八樓,68,6800700,6800700-020,19鄰,華亞三路,,199巷,,,,19號八樓,121.379862560547,25.0470240429805
桃園市龜山區文化里19鄰華亞三路199巷19號九樓,68,6800700,6800700-020,19鄰,華亞三路,,199巷,,,,19號九樓,121.379862560547,25.0470240429805
桃園市龜山區文化里19鄰華亞三路199巷19號十一樓,68,6800700,6800700-020,19鄰,華亞三路,,199巷,,,,19號十一樓,121.379862560547,25.0470240429805
桃園市龜山區文化里19鄰華亞三路199巷19號十二樓,68,6800700,6800700-020,19鄰,華亞三路,,199巷,,,,19號十二樓,121.379862560547,25.0470240429805
桃園市龜山區文化里19鄰華亞三路199巷19號十三樓,68,6800700,6800700-020,19鄰,華亞三路,,199巷,,,,19號十三樓,121.379862560547,25.0470240429805
桃園市龜山區文化里19鄰華亞三路199巷20號十樓,68,6800700,6800700-020,19鄰,華亞三路,,199巷,,,,20號十樓,121.379366768806,25.0469053251332
桃園市龜山區文化里19鄰華亞三路199巷20號二樓,68,6800700,6800700-020,19鄰,華亞三路,,199巷,,,,20號二樓,121.379366768806,25.0469053251332
桃園市龜山區文化里19鄰華亞三路199巷20號三樓,68,6800700,6800700-020,19鄰,華亞三路,,199巷,,,,20號三樓,121.379366768806,25.0469053251332
桃園市龜山區文化里19鄰華亞三路199巷20號四樓,68,6800700,6800700-020,19鄰,華亞三路,,199巷,,,,20號四樓,121.379366768806,25.0469053251332
桃園市龜山區文化里19鄰華亞三路199巷20號五樓,68,6800700,6800700-020,19鄰,華亞三路,,199巷,,,,20號五樓,121.379366768806,25.0469053251332
桃園市龜山區文化里19鄰華亞三路199巷20號六樓,68,6800700,6800700-020,19鄰,華亞三路,,199巷,,,,20號六樓,121.379366768806,25.0469053251332
桃園市龜山區文化里19鄰華亞三路199巷20號七樓,68,6800700,6800700-020,19鄰,華亞三路,,199巷,,,,20號七樓,121.379366768806,25.0469053251332
桃園市龜山區文化里19鄰華亞三路199巷20號八樓,68,6800700,6800700-020,19鄰,華亞三路,,199巷,,,,20號八樓,121.379366768806,25.0469053251332
桃園市龜山區文化里19鄰華亞三路199巷20號九樓,68,6800700,6800700-020,19鄰,華亞三路,,199巷,,,,20號九樓,121.379366768806,25.0469053251332
桃園市龜山區文化里19鄰華亞三路199巷20號十一樓,68,6800700,6800700-020,19鄰,華亞三路,,199巷,,,,20號十一樓,121.379366768806,25.0469053251332
桃園市龜山區文化里19鄰華亞三路199巷20號十二樓,68,6800700,6800700-020,19鄰,華亞三路,,199巷,,,,20號十二樓,121.379366768806,25.0469053251332
桃園市龜山區文化里19鄰華亞三路199巷20號十三樓,68,6800700,6800700-020,19鄰,華亞三路,,199巷,,,,20號十三樓,121.379366768806,25.0469053251332
桃園市龜山區文化里19鄰華亞三路199巷20號十四樓,68,6800700,6800700-020,19鄰,華亞三路,,199巷,,,,20號十四樓,121.379366768806,25.0469053251332
桃園市龜山區文化里19鄰華亞三路199巷20號十五樓,68,6800700,6800700-020,19鄰,華亞三路,,199巷,,,,20號十五樓,121.379366768806,25.0469053251332
桃園市龜山區文化里19鄰華亞三路199巷20號十六樓,68,6800700,6800700-020,19鄰,華亞三路,,199巷,,,,20號十六樓,121.379366768806,25.0469053251332
桃園市龜山區文化里19鄰華亞三路199巷20號十七樓,68,6800700,6800700-020,19鄰,華亞三路,,199巷,,,,20號十七樓,121.379366768806,25.0469053251332
桃園市龜山區文化里19鄰華亞三路199巷20號十八樓,68,6800700,6800700-020,19鄰,華亞三路,,199巷,,,,20號十八樓,121.379366768806,25.0469053251332
桃園市龜山區文化里19鄰華亞三路199巷20號十九樓,68,6800700,6800700-020,19鄰,華亞三路,,199巷,,,,20號十九樓,121.379366768806,25.0469053251332
桃園市龜山區文化里19鄰華亞三路199巷20號二十樓,68,6800700,6800700-020,19鄰,華亞三路,,199巷,,,,20號二十樓,121.379366768806,25.0469053251332
桃園市龜山區文化里19鄰華亞三路199巷20號二十一樓,68,6800700,6800700-020,19鄰,華亞三路,,199巷,,,,20號二十一樓,121.379366768806,25.0469053251332
桃園市龜山區文化里19鄰華亞三路199巷20號二十二樓,68,6800700,6800700-020,19鄰,華亞三路,,199巷,,,,20號二十二樓,121.379366768806,25.0469053251332
桃園市龜山區文化里19鄰華亞三路199巷21號十樓,68,6800700,6800700-020,19鄰,華亞三路,,199巷,,,,21號十樓,121.379827135327,25.0469773674949
桃園市龜山區文化里19鄰華亞三路199巷21號二樓,68,6800700,6800700-020,19鄰,華亞三路,,199巷,,,,21號二樓,121.379827135327,25.0469773674949
桃園市龜山區文化里19鄰華亞三路199巷21號三樓,68,6800700,6800700-020,19鄰,華亞三路,,199巷,,,,21號三樓,121.379827135327,25.0469773674949
桃園市龜山區文化里19鄰華亞三路199巷21號四樓,68,6800700,6800700-020,19鄰,華亞三路,,199巷,,,,21號四樓,121.379827135327,25.0469773674949
桃園市龜山區文化里19鄰華亞三路199巷21號五樓,68,6800700,6800700-020,19鄰,華亞三路,,199巷,,,,21號五樓,121.379827135327,25.0469773674949
桃園市龜山區文化里19鄰華亞三路199巷21號六樓,68,6800700,6800700-020,19鄰,華亞三路,,199巷,,,,21號六樓,121.379827135327,25.0469773674949
桃園市龜山區文化里19鄰華亞三路199巷21號七樓,68,6800700,6800700-020,19鄰,華亞三路,,199巷,,,,21號七樓,121.379827135327,25.0469773674949
桃園市龜山區文化里19鄰華亞三路199巷21號八樓,68,6800700,6800700-020,19鄰,華亞三路,,199巷,,,,21號八樓,121.379827135327,25.0469773674949
桃園市龜山區文化里19鄰華亞三路199巷21號九樓,68,6800700,6800700-020,19鄰,華亞三路,,199巷,,,,21號九樓,121.379827135327,25.0469773674949
桃園市龜山區文化里19鄰華亞三路199巷21號十一樓,68,6800700,6800700-020,19鄰,華亞三路,,199巷,,,,21號十一樓,121.379827135327,25.0469773674949
桃園市龜山區文化里19鄰華亞三路199巷21號十二樓,68,6800700,6800700-020,19鄰,華亞三路,,199巷,,,,21號十二樓,121.379827135327,25.0469773674949
桃園市龜山區文化里19鄰華亞三路199巷21號十三樓,68,6800700,6800700-020,19鄰,華亞三路,,199巷,,,,21號十三樓,121.379827135327,25.0469773674949
桃園市龜山區文化里19鄰華亞三路199巷21號十四樓,68,6800700,6800700-020,19鄰,華亞三路,,199巷,,,,21號十四樓,121.379827135327,25.0469773674949
桃園市龜山區文化里19鄰華亞三路199巷22號十樓,68,6800700,6800700-020,19鄰,華亞三路,,199巷,,,,22號十樓,121.379446184458,25.0469480965352
桃園市龜山區文化里19鄰華亞三路199巷22號三樓,68,6800700,6800700-020,19鄰,華亞三路,,199巷,,,,22號三樓,121.379446184458,25.0469480965352
桃園市龜山區文化里19鄰華亞三路199巷22號四樓,68,6800700,6800700-020,19鄰,華亞三路,,199巷,,,,22號四樓,121.379446184458,25.0469480965352
桃園市龜山區文化里19鄰華亞三路199巷22號五樓,68,6800700,6800700-020,19鄰,華亞三路,,199巷,,,,22號五樓,121.379446184458,25.0469480965352
桃園市龜山區文化里19鄰華亞三路199巷22號六樓,68,6800700,6800700-020,19鄰,華亞三路,,199巷,,,,22號六樓,121.379446184458,25.0469480965352
桃園市龜山區文化里19鄰華亞三路199巷22號七樓,68,6800700,6800700-020,19鄰,華亞三路,,199巷,,,,22號七樓,121.379446184458,25.0469480965352
桃園市龜山區文化里19鄰華亞三路199巷22號八樓,68,6800700,6800700-020,19鄰,華亞三路,,199巷,,,,22號八樓,121.379446184458,25.0469480965352
桃園市龜山區文化里19鄰華亞三路199巷22號九樓,68,6800700,6800700-020,19鄰,華亞三路,,199巷,,,,22號九樓,121.379446184458,25.0469480965352
桃園市龜山區文化里19鄰華亞三路199巷22號十一樓,68,6800700,6800700-020,19鄰,華亞三路,,199巷,,,,22號十一樓,121.379446184458,25.0469480965352
桃園市龜山區文化里19鄰華亞三路199巷22號十二樓,68,6800700,6800700-020,19鄰,華亞三路,,199巷,,,,22號十二樓,121.379446184458,25.0469480965352
桃園市龜山區文化里19鄰華亞三路199巷22號十三樓,68,6800700,6800700-020,19鄰,華亞三路,,199巷,,,,22號十三樓,121.379446184458,25.0469480965352
桃園市龜山區文化里19鄰華亞三路199巷22號十四樓,68,6800700,6800700-020,19鄰,華亞三路,,199巷,,,,22號十四樓,121.379446184458,25.0469480965352
桃園市龜山區文化里19鄰華亞三路199巷22號十五樓,68,6800700,6800700-020,19鄰,華亞三路,,199巷,,,,22號十五樓,121.379446184458,25.0469480965352
桃園市龜山區文化里19鄰華亞三路199巷22號十六樓,68,6800700,6800700-020,19鄰,華亞三路,,199巷,,,,22號十六樓,121.379446184458,25.0469480965352
桃園市龜山區文化里19鄰華亞三路199巷22號十七樓,68,6800700,6800700-020,19鄰,華亞三路,,199巷,,,,22號十七樓,121.379446184458,25.0469480965352
桃園市龜山區文化里19鄰華亞三路199巷22號十八樓,68,6800700,6800700-020,19鄰,華亞三路,,199巷,,,,22號十八樓,121.379446184458,25.0469480965352
桃園市龜山區文化里19鄰華亞三路199巷22號十九樓,68,6800700,6800700-020,19鄰,華亞三路,,199巷,,,,22號十九樓,121.379446184458,25.0469480965352
桃園市龜山區文化里19鄰華亞三路199巷22號二十樓,68,6800700,6800700-020,19鄰,華亞三路,,199巷,,,,22號二十樓,121.379446184458,25.0469480965352
桃園市龜山區文化里19鄰華亞三路199巷22號二十一樓,68,6800700,6800700-020,19鄰,華亞三路,,199巷,,,,22號二十一樓,121.379446184458,25.0469480965352
桃園市龜山區文化里19鄰華亞三路199巷22號二十二樓,68,6800700,6800700-020,19鄰,華亞三路,,199巷,,,,22號二十二樓,121.379446184458,25.0469480965352
桃園市龜山區文化里19鄰華亞三路199巷23號十樓,68,6800700,6800700-020,19鄰,華亞三路,,199巷,,,,23號十樓,121.379920495858,25.0469142022309
桃園市龜山區文化里19鄰華亞三路199巷23號二樓,68,6800700,6800700-020,19鄰,華亞三路,,199巷,,,,23號二樓,121.379920495858,25.0469142022309
桃園市龜山區文化里19鄰華亞三路199巷23號三樓,68,6800700,6800700-020,19鄰,華亞三路,,199巷,,,,23號三樓,121.379920495858,25.0469142022309
桃園市龜山區文化里19鄰華亞三路199巷23號四樓,68,6800700,6800700-020,19鄰,華亞三路,,199巷,,,,23號四樓,121.379920495858,25.0469142022309
桃園市龜山區文化里19鄰華亞三路199巷23號五樓,68,6800700,6800700-020,19鄰,華亞三路,,199巷,,,,23號五樓,121.379920495858,25.0469142022309
桃園市龜山區文化里19鄰華亞三路199巷23號六樓,68,6800700,6800700-020,19鄰,華亞三路,,199巷,,,,23號六樓,121.379920495858,25.0469142022309
桃園市龜山區文化里19鄰華亞三路199巷23號七樓,68,6800700,6800700-020,19鄰,華亞三路,,199巷,,,,23號七樓,121.379920495858,25.0469142022309
桃園市龜山區文化里19鄰華亞三路199巷23號八樓,68,6800700,6800700-020,19鄰,華亞三路,,199巷,,,,23號八樓,121.379920495858,25.0469142022309
桃園市龜山區文化里19鄰華亞三路199巷23號九樓,68,6800700,6800700-020,19鄰,華亞三路,,199巷,,,,23號九樓,121.379920495858,25.0469142022309
桃園市龜山區文化里19鄰華亞三路199巷23號十一樓,68,6800700,6800700-020,19鄰,華亞三路,,199巷,,,,23號十一樓,121.379920495858,25.0469142022309
桃園市龜山區文化里19鄰華亞三路199巷23號十二樓,68,6800700,6800700-020,19鄰,華亞三路,,199巷,,,,23號十二樓,121.379920495858,25.0469142022309
桃園市龜山區文化里19鄰華亞三路199巷23號十三樓,68,6800700,6800700-020,19鄰,華亞三路,,199巷,,,,23號十三樓,121.379920495858,25.0469142022309
桃園市龜山區文化里19鄰華亞三路199巷23號十四樓,68,6800700,6800700-020,19鄰,華亞三路,,199巷,,,,23號十四樓,121.379920495858,25.0469142022309
桃園市龜山區文化里19鄰華亞三路199巷25號,68,6800700,6800700-020,19鄰,華亞三路,,199巷,,,,25號,121.380012771991,25.0468529356039
桃園市龜山區文化里19鄰華亞三路199巷25號十樓,68,6800700,6800700-020,19鄰,華亞三路,,199巷,,,,25號十樓,121.380012771991,25.0468529356039
桃園市龜山區文化里19鄰華亞三路199巷25號二樓,68,6800700,6800700-020,19鄰,華亞三路,,199巷,,,,25號二樓,121.380012771991,25.0468529356039
桃園市龜山區文化里19鄰華亞三路199巷25號三樓,68,6800700,6800700-020,19鄰,華亞三路,,199巷,,,,25號三樓,121.380012771991,25.0468529356039
桃園市龜山區文化里19鄰華亞三路199巷25號四樓,68,6800700,6800700-020,19鄰,華亞三路,,199巷,,,,25號四樓,121.380012771991,25.0468529356039
桃園市龜山區文化里19鄰華亞三路199巷25號五樓,68,6800700,6800700-020,19鄰,華亞三路,,199巷,,,,25號五樓,121.380012771991,25.0468529356039
桃園市龜山區文化里19鄰華亞三路199巷25號六樓,68,6800700,6800700-020,19鄰,華亞三路,,199巷,,,,25號六樓,121.380012771991,25.0468529356039
桃園市龜山區文化里19鄰華亞三路199巷25號七樓,68,6800700,6800700-020,19鄰,華亞三路,,199巷,,,,25號七樓,121.380012771991,25.0468529356039
桃園市龜山區文化里19鄰華亞三路199巷25號八樓,68,6800700,6800700-020,19鄰,華亞三路,,199巷,,,,25號八樓,121.380012771991,25.0468529356039
桃園市龜山區文化里19鄰華亞三路199巷25號九樓,68,6800700,6800700-020,19鄰,華亞三路,,199巷,,,,25號九樓,121.380012771991,25.0468529356039
桃園市龜山區文化里19鄰華亞三路199巷25號十一樓,68,6800700,6800700-020,19鄰,華亞三路,,199巷,,,,25號十一樓,121.380012771991,25.0468529356039
桃園市龜山區文化里19鄰華亞三路199巷25號十二樓,68,6800700,6800700-020,19鄰,華亞三路,,199巷,,,,25號十二樓,121.380012771991,25.0468529356039
桃園市龜山區文化里19鄰華亞三路199巷25號十三樓,68,6800700,6800700-020,19鄰,華亞三路,,199巷,,,,25號十三樓,121.380012771991,25.0468529356039
桃園市龜山區文化里19鄰華亞三路199巷25號十四樓,68,6800700,6800700-020,19鄰,華亞三路,,199巷,,,,25號十四樓,121.380012771991,25.0468529356039
桃園市龜山區文化里19鄰華亞三路199巷26號十樓,68,6800700,6800700-020,19鄰,華亞三路,,199巷,,,,26號十樓,121.379401088486,25.0469792687115
桃園市龜山區文化里19鄰華亞三路199巷26號三樓,68,6800700,6800700-020,19鄰,華亞三路,,199巷,,,,26號三樓,121.379401088486,25.0469792687115
桃園市龜山區文化里19鄰華亞三路199巷26號四樓,68,6800700,6800700-020,19鄰,華亞三路,,199巷,,,,26號四樓,121.379401088486,25.0469792687115
桃園市龜山區文化里19鄰華亞三路199巷26號五樓,68,6800700,6800700-020,19鄰,華亞三路,,199巷,,,,26號五樓,121.379401088486,25.0469792687115
桃園市龜山區文化里19鄰華亞三路199巷26號六樓,68,6800700,6800700-020,19鄰,華亞三路,,199巷,,,,26號六樓,121.379401088486,25.0469792687115
桃園市龜山區文化里19鄰華亞三路199巷26號七樓,68,6800700,6800700-020,19鄰,華亞三路,,199巷,,,,26號七樓,121.379401088486,25.0469792687115
桃園市龜山區文化里19鄰華亞三路199巷26號八樓,68,6800700,6800700-020,19鄰,華亞三路,,199巷,,,,26號八樓,121.379401088486,25.0469792687115
桃園市龜山區文化里19鄰華亞三路199巷26號九樓,68,6800700,6800700-020,19鄰,華亞三路,,199巷,,,,26號九樓,121.379401088486,25.0469792687115
桃園市龜山區文化里19鄰華亞三路199巷26號十一樓,68,6800700,6800700-020,19鄰,華亞三路,,199巷,,,,26號十一樓,121.379401088486,25.0469792687115
桃園市龜山區文化里19鄰華亞三路199巷26號十二樓,68,6800700,6800700-020,19鄰,華亞三路,,199巷,,,,26號十二樓,121.379401088486,25.0469792687115
桃園市龜山區文化里19鄰華亞三路199巷26號十三樓,68,6800700,6800700-020,19鄰,華亞三路,,199巷,,,,26號十三樓,121.379401088486,25.0469792687115
桃園市龜山區文化里19鄰華亞三路199巷26號十四樓,68,6800700,6800700-020,19鄰,華亞三路,,199巷,,,,26號十四樓,121.379401088486,25.0469792687115
桃園市龜山區文化里19鄰華亞三路199巷26號十五樓,68,6800700,6800700-020,19鄰,華亞三路,,199巷,,,,26號十五樓,121.379401088486,25.0469792687115
桃園市龜山區文化里19鄰華亞三路199巷26號十六樓,68,6800700,6800700-020,19鄰,華亞三路,,199巷,,,,26號十六樓,121.379401088486,25.0469792687115
桃園市龜山區文化里19鄰華亞三路199巷26號十七樓,68,6800700,6800700-020,19鄰,華亞三路,,199巷,,,,26號十七樓,121.379401088486,25.0469792687115
桃園市龜山區文化里19鄰華亞三路199巷26號十八樓,68,6800700,6800700-020,19鄰,華亞三路,,199巷,,,,26號十八樓,121.379401088486,25.0469792687115
桃園市龜山區文化里19鄰華亞三路199巷26號十九樓,68,6800700,6800700-020,19鄰,華亞三路,,199巷,,,,26號十九樓,121.379401088486,25.0469792687115
桃園市龜山區文化里19鄰華亞三路199巷26號二十樓,68,6800700,6800700-020,19鄰,華亞三路,,199巷,,,,26號二十樓,121.379401088486,25.0469792687115
桃園市龜山區文化里19鄰華亞三路199巷26號二十一樓,68,6800700,6800700-020,19鄰,華亞三路,,199巷,,,,26號二十一樓,121.379401088486,25.0469792687115
桃園市龜山區文化里19鄰華亞三路199巷26號二十二樓,68,6800700,6800700-020,19鄰,華亞三路,,199巷,,,,26號二十二樓,121.379401088486,25.0469792687115
桃園市龜山區文化里19鄰華亞三路199巷27號十樓,68,6800700,6800700-020,19鄰,華亞三路,,199巷,,,,27號十樓,121.380078142026,25.0469044999458
桃園市龜山區文化里19鄰華亞三路199巷27號二樓,68,6800700,6800700-020,19鄰,華亞三路,,199巷,,,,27號二樓,121.380078142026,25.0469044999458
桃園市龜山區文化里19鄰華亞三路199巷27號三樓,68,6800700,6800700-020,19鄰,華亞三路,,199巷,,,,27號三樓,121.380078142026,25.0469044999458
桃園市龜山區文化里19鄰華亞三路199巷27號四樓,68,6800700,6800700-020,19鄰,華亞三路,,199巷,,,,27號四樓,121.380078142026,25.0469044999458
桃園市龜山區文化里19鄰華亞三路199巷27號五樓,68,6800700,6800700-020,19鄰,華亞三路,,199巷,,,,27號五樓,121.380078142026,25.0469044999458
桃園市龜山區文化里19鄰華亞三路199巷27號六樓,68,6800700,6800700-020,19鄰,華亞三路,,199巷,,,,27號六樓,121.380078142026,25.0469044999458
桃園市龜山區文化里19鄰華亞三路199巷27號七樓,68,6800700,6800700-020,19鄰,華亞三路,,199巷,,,,27號七樓,121.380078142026,25.0469044999458
桃園市龜山區文化里19鄰華亞三路199巷27號八樓,68,6800700,6800700-020,19鄰,華亞三路,,199巷,,,,27號八樓,121.380078142026,25.0469044999458
桃園市龜山區文化里19鄰華亞三路199巷27號九樓,68,6800700,6800700-020,19鄰,華亞三路,,199巷,,,,27號九樓,121.380078142026,25.0469044999458
桃園市龜山區文化里19鄰華亞三路199巷27號十一樓,68,6800700,6800700-020,19鄰,華亞三路,,199巷,,,,27號十一樓,121.380078142026,25.0469044999458
桃園市龜山區文化里19鄰華亞三路199巷27號十二樓,68,6800700,6800700-020,19鄰,華亞三路,,199巷,,,,27號十二樓,121.380078142026,25.0469044999458
桃園市龜山區文化里19鄰華亞三路199巷27號十三樓,68,6800700,6800700-020,19鄰,華亞三路,,199巷,,,,27號十三樓,121.380078142026,25.0469044999458
桃園市龜山區文化里19鄰華亞三路199巷28號十樓,68,6800700,6800700-020,19鄰,華亞三路,,199巷,,,,28號十樓,121.379330260648,25.0470219723913
桃園市龜山區文化里19鄰華亞三路199巷28號三樓,68,6800700,6800700-020,19鄰,華亞三路,,199巷,,,,28號三樓,121.379330260648,25.0470219723913
桃園市龜山區文化里19鄰華亞三路199巷28號四樓,68,6800700,6800700-020,19鄰,華亞三路,,199巷,,,,28號四樓,121.379330260648,25.0470219723913
桃園市龜山區文化里19鄰華亞三路199巷28號五樓,68,6800700,6800700-020,19鄰,華亞三路,,199巷,,,,28號五樓,121.379330260648,25.0470219723913
桃園市龜山區文化里19鄰華亞三路199巷28號六樓,68,6800700,6800700-020,19鄰,華亞三路,,199巷,,,,28號六樓,121.379330260648,25.0470219723913
桃園市龜山區文化里19鄰華亞三路199巷28號七樓,68,6800700,6800700-020,19鄰,華亞三路,,199巷,,,,28號七樓,121.379330260648,25.0470219723913
桃園市龜山區文化里19鄰華亞三路199巷28號八樓,68,6800700,6800700-020,19鄰,華亞三路,,199巷,,,,28號八樓,121.379330260648,25.0470219723913
桃園市龜山區文化里19鄰華亞三路199巷28號九樓,68,6800700,6800700-020,19鄰,華亞三路,,199巷,,,,28號九樓,121.379330260648,25.0470219723913
桃園市龜山區文化里19鄰華亞三路199巷28號十一樓,68,6800700,6800700-020,19鄰,華亞三路,,199巷,,,,28號十一樓,121.379330260648,25.0470219723913
桃園市龜山區文化里19鄰華亞三路199巷28號十二樓,68,6800700,6800700-020,19鄰,華亞三路,,199巷,,,,28號十二樓,121.379330260648,25.0470219723913
桃園市龜山區文化里19鄰華亞三路199巷28號十三樓,68,6800700,6800700-020,19鄰,華亞三路,,199巷,,,,28號十三樓,121.379330260648,25.0470219723913
桃園市龜山區文化里19鄰華亞三路199巷28號十四樓,68,6800700,6800700-020,19鄰,華亞三路,,199巷,,,,28號十四樓,121.379330260648,25.0470219723913
桃園市龜山區文化里19鄰華亞三路199巷28號十五樓,68,6800700,6800700-020,19鄰,華亞三路,,199巷,,,,28號十五樓,121.379330260648,25.0470219723913
桃園市龜山區文化里19鄰華亞三路199巷28號十六樓,68,6800700,6800700-020,19鄰,華亞三路,,199巷,,,,28號十六樓,121.379330260648,25.0470219723913
桃園市龜山區文化里19鄰華亞三路199巷28號十七樓,68,6800700,6800700-020,19鄰,華亞三路,,199巷,,,,28號十七樓,121.379330260648,25.0470219723913
桃園市龜山區文化里19鄰華亞三路199巷28號十八樓,68,6800700,6800700-020,19鄰,華亞三路,,199巷,,,,28號十八樓,121.379330260648,25.0470219723913
桃園市龜山區文化里19鄰華亞三路199巷28號十九樓,68,6800700,6800700-020,19鄰,華亞三路,,199巷,,,,28號十九樓,121.379330260648,25.0470219723913
桃園市龜山區文化里19鄰華亞三路199巷28號二十樓,68,6800700,6800700-020,19鄰,華亞三路,,199巷,,,,28號二十樓,121.379330260648,25.0470219723913
桃園市龜山區文化里19鄰華亞三路199巷28號二十一樓,68,6800700,6800700-020,19鄰,華亞三路,,199巷,,,,28號二十一樓,121.379330260648,25.0470219723913
桃園市龜山區文化里19鄰華亞三路199巷28號二十二樓,68,6800700,6800700-020,19鄰,華亞三路,,199巷,,,,28號二十二樓,121.379330260648,25.0470219723913
桃園市龜山區文化里19鄰華亞三路199巷29號十樓,68,6800700,6800700-020,19鄰,華亞三路,,199巷,,,,29號十樓,121.380117909813,25.0469452959318
桃園市龜山區文化里19鄰華亞三路199巷29號二樓,68,6800700,6800700-020,19鄰,華亞三路,,199巷,,,,29號二樓,121.380117909813,25.0469452959318
桃園市龜山區文化里19鄰華亞三路199巷29號三樓,68,6800700,6800700-020,19鄰,華亞三路,,199巷,,,,29號三樓,121.380117909813,25.0469452959318
桃園市龜山區文化里19鄰華亞三路199巷29號四樓,68,6800700,6800700-020,19鄰,華亞三路,,199巷,,,,29號四樓,121.380117909813,25.0469452959318
桃園市龜山區文化里19鄰華亞三路199巷29號五樓,68,6800700,6800700-020,19鄰,華亞三路,,199巷,,,,29號五樓,121.380117909813,25.0469452959318
桃園市龜山區文化里19鄰華亞三路199巷29號六樓,68,6800700,6800700-020,19鄰,華亞三路,,199巷,,,,29號六樓,121.380117909813,25.0469452959318
桃園市龜山區文化里19鄰華亞三路199巷29號七樓,68,6800700,6800700-020,19鄰,華亞三路,,199巷,,,,29號七樓,121.380117909813,25.0469452959318
桃園市龜山區文化里19鄰華亞三路199巷29號八樓,68,6800700,6800700-020,19鄰,華亞三路,,199巷,,,,29號八樓,121.380117909813,25.0469452959318
桃園市龜山區文化里19鄰華亞三路199巷29號九樓,68,6800700,6800700-020,19鄰,華亞三路,,199巷,,,,29號九樓,121.380117909813,25.0469452959318
桃園市龜山區文化里19鄰華亞三路199巷29號十一樓,68,6800700,6800700-020,19鄰,華亞三路,,199巷,,,,29號十一樓,121.380117909813,25.0469452959318
桃園市龜山區文化里19鄰華亞三路199巷29號十二樓,68,6800700,6800700-020,19鄰,華亞三路,,199巷,,,,29號十二樓,121.380117909813,25.0469452959318
桃園市龜山區文化里19鄰華亞三路199巷29號十三樓,68,6800700,6800700-020,19鄰,華亞三路,,199巷,,,,29號十三樓,121.380117909813,25.0469452959318
桃園市龜山區文化里19鄰華亞三路199巷29號十四樓,68,6800700,6800700-020,19鄰,華亞三路,,199巷,,,,29號十四樓,121.380117909813,25.0469452959318
桃園市龜山區文化里19鄰華亞三路199巷30號十樓,68,6800700,6800700-020,19鄰,華亞三路,,199巷,,,,30號十樓,121.378926400911,25.046923151185
桃園市龜山區文化里19鄰華亞三路199巷30號二樓,68,6800700,6800700-020,19鄰,華亞三路,,199巷,,,,30號二樓,121.378926400911,25.046923151185
桃園市龜山區文化里19鄰華亞三路199巷30號三樓,68,6800700,6800700-020,19鄰,華亞三路,,199巷,,,,30號三樓,121.378926400911,25.046923151185
桃園市龜山區文化里19鄰華亞三路199巷30號四樓,68,6800700,6800700-020,19鄰,華亞三路,,199巷,,,,30號四樓,121.378926400911,25.046923151185
桃園市龜山區文化里19鄰華亞三路199巷30號五樓,68,6800700,6800700-020,19鄰,華亞三路,,199巷,,,,30號五樓,121.378926400911,25.046923151185
桃園市龜山區文化里19鄰華亞三路199巷30號六樓,68,6800700,6800700-020,19鄰,華亞三路,,199巷,,,,30號六樓,121.378926400911,25.046923151185
桃園市龜山區文化里19鄰華亞三路199巷30號七樓,68,6800700,6800700-020,19鄰,華亞三路,,199巷,,,,30號七樓,121.378926400911,25.046923151185
桃園市龜山區文化里19鄰華亞三路199巷30號八樓,68,6800700,6800700-020,19鄰,華亞三路,,199巷,,,,30號八樓,121.378926400911,25.046923151185
桃園市龜山區文化里19鄰華亞三路199巷30號九樓,68,6800700,6800700-020,19鄰,華亞三路,,199巷,,,,30號九樓,121.378926400911,25.046923151185
桃園市龜山區文化里19鄰華亞三路199巷30號十一樓,68,6800700,6800700-020,19鄰,華亞三路,,199巷,,,,30號十一樓,121.378926400911,25.046923151185
桃園市龜山區文化里19鄰華亞三路199巷30號十二樓,68,6800700,6800700-020,19鄰,華亞三路,,199巷,,,,30號十二樓,121.378926400911,25.046923151185
桃園市龜山區文化里19鄰華亞三路199巷30號十三樓,68,6800700,6800700-020,19鄰,華亞三路,,199巷,,,,30號十三樓,121.378926400911,25.046923151185
桃園市龜山區文化里19鄰華亞三路199巷30號十四樓,68,6800700,6800700-020,19鄰,華亞三路,,199巷,,,,30號十四樓,121.378926400911,25.046923151185
桃園市龜山區文化里19鄰華亞三路199巷30號十五樓,68,6800700,6800700-020,19鄰,華亞三路,,199巷,,,,30號十五樓,121.378926400911,25.046923151185
桃園市龜山區文化里19鄰華亞三路199巷30號十六樓,68,6800700,6800700-020,19鄰,華亞三路,,199巷,,,,30號十六樓,121.378926400911,25.046923151185
桃園市龜山區文化里19鄰華亞三路199巷30號十七樓,68,6800700,6800700-020,19鄰,華亞三路,,199巷,,,,30號十七樓,121.378926400911,25.046923151185
桃園市龜山區文化里19鄰華亞三路199巷30號十八樓,68,6800700,6800700-020,19鄰,華亞三路,,199巷,,,,30號十八樓,121.378926400911,25.046923151185
桃園市龜山區文化里19鄰華亞三路199巷30號十九樓,68,6800700,6800700-020,19鄰,華亞三路,,199巷,,,,30號十九樓,121.378926400911,25.046923151185
桃園市龜山區文化里19鄰華亞三路199巷30號二十樓,68,6800700,6800700-020,19鄰,華亞三路,,199巷,,,,30號二十樓,121.378926400911,25.046923151185
桃園市龜山區文化里19鄰華亞三路199巷30號二十一樓,68,6800700,6800700-020,19鄰,華亞三路,,199巷,,,,30號二十一樓,121.378926400911,25.046923151185
桃園市龜山區文化里19鄰華亞三路199巷30號二十二樓,68,6800700,6800700-020,19鄰,華亞三路,,199巷,,,,30號二十二樓,121.378926400911,25.046923151185
桃園市龜山區文化里19鄰華亞三路199巷32號十樓,68,6800700,6800700-020,19鄰,華亞三路,,199巷,,,,32號十樓,121.378975700377,25.0469697914964
桃園市龜山區文化里19鄰華亞三路199巷32號二樓,68,6800700,6800700-020,19鄰,華亞三路,,199巷,,,,32號二樓,121.378975700377,25.0469697914964
桃園市龜山區文化里19鄰華亞三路199巷32號三樓,68,6800700,6800700-020,19鄰,華亞三路,,199巷,,,,32號三樓,121.378975700377,25.0469697914964
桃園市龜山區文化里19鄰華亞三路199巷32號四樓,68,6800700,6800700-020,19鄰,華亞三路,,199巷,,,,32號四樓,121.378975700377,25.0469697914964
桃園市龜山區文化里19鄰華亞三路199巷32號五樓,68,6800700,6800700-020,19鄰,華亞三路,,199巷,,,,32號五樓,121.378975700377,25.0469697914964
桃園市龜山區文化里19鄰華亞三路199巷32號六樓,68,6800700,6800700-020,19鄰,華亞三路,,199巷,,,,32號六樓,121.378975700377,25.0469697914964
桃園市龜山區文化里19鄰華亞三路199巷32號七樓,68,6800700,6800700-020,19鄰,華亞三路,,199巷,,,,32號七樓,121.378975700377,25.0469697914964
桃園市龜山區文化里19鄰華亞三路199巷32號八樓,68,6800700,6800700-020,19鄰,華亞三路,,199巷,,,,32號八樓,121.378975700377,25.0469697914964
桃園市龜山區文化里19鄰華亞三路199巷32號九樓,68,6800700,6800700-020,19鄰,華亞三路,,199巷,,,,32號九樓,121.378975700377,25.0469697914964
桃園市龜山區文化里19鄰華亞三路199巷32號十一樓,68,6800700,6800700-020,19鄰,華亞三路,,199巷,,,,32號十一樓,121.378975700377,25.0469697914964
桃園市龜山區文化里19鄰華亞三路199巷32號十二樓,68,6800700,6800700-020,19鄰,華亞三路,,199巷,,,,32號十二樓,121.378975700377,25.0469697914964
桃園市龜山區文化里19鄰華亞三路199巷32號十三樓,68,6800700,6800700-020,19鄰,華亞三路,,199巷,,,,32號十三樓,121.378975700377,25.0469697914964
桃園市龜山區文化里19鄰華亞三路199巷32號十四樓,68,6800700,6800700-020,19鄰,華亞三路,,199巷,,,,32號十四樓,121.378975700377,25.0469697914964
桃園市龜山區文化里19鄰華亞三路199巷32號十五樓,68,6800700,6800700-020,19鄰,華亞三路,,199巷,,,,32號十五樓,121.378975700377,25.0469697914964
桃園市龜山區文化里19鄰華亞三路199巷32號十六樓,68,6800700,6800700-020,19鄰,華亞三路,,199巷,,,,32號十六樓,121.378975700377,25.0469697914964
桃園市龜山區文化里19鄰華亞三路199巷32號十七樓,68,6800700,6800700-020,19鄰,華亞三路,,199巷,,,,32號十七樓,121.378975700377,25.0469697914964
桃園市龜山區文化里19鄰華亞三路199巷32號十八樓,68,6800700,6800700-020,19鄰,華亞三路,,199巷,,,,32號十八樓,121.378975700377,25.0469697914964
桃園市龜山區文化里19鄰華亞三路199巷32號十九樓,68,6800700,6800700-020,19鄰,華亞三路,,199巷,,,,32號十九樓,121.378975700377,25.0469697914964
桃園市龜山區文化里19鄰華亞三路199巷32號二十樓,68,6800700,6800700-020,19鄰,華亞三路,,199巷,,,,32號二十樓,121.378975700377,25.0469697914964
桃園市龜山區文化里19鄰華亞三路199巷32號二十一樓,68,6800700,6800700-020,19鄰,華亞三路,,199巷,,,,32號二十一樓,121.378975700377,25.0469697914964
桃園市龜山區文化里19鄰華亞三路199巷32號二十二樓,68,6800700,6800700-020,19鄰,華亞三路,,199巷,,,,32號二十二樓,121.378975700377,25.0469697914964
桃園市龜山區文化里19鄰華亞三路199巷36號十樓,68,6800700,6800700-020,19鄰,華亞三路,,199巷,,,,36號十樓,121.379025075115,25.0470086673484
桃園市龜山區文化里19鄰華亞三路199巷36號二樓,68,6800700,6800700-020,19鄰,華亞三路,,199巷,,,,36號二樓,121.379025075115,25.0470086673484
桃園市龜山區文化里19鄰華亞三路199巷36號三樓,68,6800700,6800700-020,19鄰,華亞三路,,199巷,,,,36號三樓,121.379025075115,25.0470086673484
桃園市龜山區文化里19鄰華亞三路199巷36號四樓,68,6800700,6800700-020,19鄰,華亞三路,,199巷,,,,36號四樓,121.379025075115,25.0470086673484
桃園市龜山區文化里19鄰華亞三路199巷36號五樓,68,6800700,6800700-020,19鄰,華亞三路,,199巷,,,,36號五樓,121.379025075115,25.0470086673484
桃園市龜山區文化里19鄰華亞三路199巷36號六樓,68,6800700,6800700-020,19鄰,華亞三路,,199巷,,,,36號六樓,121.379025075115,25.0470086673484
桃園市龜山區文化里19鄰華亞三路199巷36號七樓,68,6800700,6800700-020,19鄰,華亞三路,,199巷,,,,36號七樓,121.379025075115,25.0470086673484
桃園市龜山區文化里19鄰華亞三路199巷36號八樓,68,6800700,6800700-020,19鄰,華亞三路,,199巷,,,,36號八樓,121.379025075115,25.0470086673484
桃園市龜山區文化里19鄰華亞三路199巷36號九樓,68,6800700,6800700-020,19鄰,華亞三路,,199巷,,,,36號九樓,121.379025075115,25.0470086673484
桃園市龜山區文化里19鄰華亞三路199巷36號十一樓,68,6800700,6800700-020,19鄰,華亞三路,,199巷,,,,36號十一樓,121.379025075115,25.0470086673484
桃園市龜山區文化里19鄰華亞三路199巷36號十二樓,68,6800700,6800700-020,19鄰,華亞三路,,199巷,,,,36號十二樓,121.379025075115,25.0470086673484
桃園市龜山區文化里19鄰華亞三路199巷36號十三樓,68,6800700,6800700-020,19鄰,華亞三路,,199巷,,,,36號十三樓,121.379025075115,25.0470086673484
桃園市龜山區文化里19鄰華亞三路199巷36號十四樓,68,6800700,6800700-020,19鄰,華亞三路,,199巷,,,,36號十四樓,121.379025075115,25.0470086673484
桃園市龜山區文化里19鄰華亞三路199巷36號十五樓,68,6800700,6800700-020,19鄰,華亞三路,,199巷,,,,36號十五樓,121.379025075115,25.0470086673484
桃園市龜山區文化里19鄰華亞三路199巷36號十六樓,68,6800700,6800700-020,19鄰,華亞三路,,199巷,,,,36號十六樓,121.379025075115,25.0470086673484
桃園市龜山區文化里19鄰華亞三路199巷36號十七樓,68,6800700,6800700-020,19鄰,華亞三路,,199巷,,,,36號十七樓,121.379025075115,25.0470086673484
桃園市龜山區文化里19鄰華亞三路199巷36號十八樓,68,6800700,6800700-020,19鄰,華亞三路,,199巷,,,,36號十八樓,121.379025075115,25.0470086673484
桃園市龜山區文化里19鄰華亞三路199巷36號十九樓,68,6800700,6800700-020,19鄰,華亞三路,,199巷,,,,36號十九樓,121.379025075115,25.0470086673484
桃園市龜山區文化里19鄰華亞三路199巷36號二十樓,68,6800700,6800700-020,19鄰,華亞三路,,199巷,,,,36號二十樓,121.379025075115,25.0470086673484
桃園市龜山區文化里19鄰華亞三路199巷36號二十一樓,68,6800700,6800700-020,19鄰,華亞三路,,199巷,,,,36號二十一樓,121.379025075115,25.0470086673484
桃園市龜山區文化里19鄰華亞三路199巷36號二十二樓,68,6800700,6800700-020,19鄰,華亞三路,,199巷,,,,36號二十二樓,121.379025075115,25.0470086673484
桃園市龜山區文化里19鄰華亞三路199巷38號十樓,68,6800700,6800700-020,19鄰,華亞三路,,199巷,,,,38號十樓,121.378939213234,25.047061159653
桃園市龜山區文化里19鄰華亞三路199巷38號二樓,68,6800700,6800700-020,19鄰,華亞三路,,199巷,,,,38號二樓,121.378939213234,25.047061159653
桃園市龜山區文化里19鄰華亞三路199巷38號三樓,68,6800700,6800700-020,19鄰,華亞三路,,199巷,,,,38號三樓,121.378939213234,25.047061159653
桃園市龜山區文化里19鄰華亞三路199巷38號四樓,68,6800700,6800700-020,19鄰,華亞三路,,199巷,,,,38號四樓,121.378939213234,25.047061159653
桃園市龜山區文化里19鄰華亞三路199巷38號五樓,68,6800700,6800700-020,19鄰,華亞三路,,199巷,,,,38號五樓,121.378939213234,25.047061159653
桃園市龜山區文化里19鄰華亞三路199巷38號六樓,68,6800700,6800700-020,19鄰,華亞三路,,199巷,,,,38號六樓,121.378939213234,25.047061159653
桃園市龜山區文化里19鄰華亞三路199巷38號七樓,68,6800700,6800700-020,19鄰,華亞三路,,199巷,,,,38號七樓,121.378939213234,25.047061159653
桃園市龜山區文化里19鄰華亞三路199巷38號八樓,68,6800700,6800700-020,19鄰,華亞三路,,199巷,,,,38號八樓,121.378939213234,25.047061159653
桃園市龜山區文化里19鄰華亞三路199巷38號九樓,68,6800700,6800700-020,19鄰,華亞三路,,199巷,,,,38號九樓,121.378939213234,25.047061159653
桃園市龜山區文化里19鄰華亞三路199巷38號十一樓,68,6800700,6800700-020,19鄰,華亞三路,,199巷,,,,38號十一樓,121.378939213234,25.047061159653
桃園市龜山區文化里19鄰華亞三路199巷38號十二樓,68,6800700,6800700-020,19鄰,華亞三路,,199巷,,,,38號十二樓,121.378939213234,25.047061159653
桃園市龜山區文化里19鄰華亞三路199巷38號十三樓,68,6800700,6800700-020,19鄰,華亞三路,,199巷,,,,38號十三樓,121.378939213234,25.047061159653
桃園市龜山區文化里19鄰華亞三路199巷38號十四樓,68,6800700,6800700-020,19鄰,華亞三路,,199巷,,,,38號十四樓,121.378939213234,25.047061159653
桃園市龜山區文化里19鄰華亞三路199巷38號十五樓,68,6800700,6800700-020,19鄰,華亞三路,,199巷,,,,38號十五樓,121.378939213234,25.047061159653
桃園市龜山區文化里19鄰華亞三路199巷38號十六樓,68,6800700,6800700-020,19鄰,華亞三路,,199巷,,,,38號十六樓,121.378939213234,25.047061159653
桃園市龜山區文化里19鄰華亞三路199巷38號十七樓,68,6800700,6800700-020,19鄰,華亞三路,,199巷,,,,38號十七樓,121.378939213234,25.047061159653
桃園市龜山區文化里19鄰華亞三路199巷38號十八樓,68,6800700,6800700-020,19鄰,華亞三路,,199巷,,,,38號十八樓,121.378939213234,25.047061159653
桃園市龜山區文化里19鄰華亞三路199巷38號十九樓,68,6800700,6800700-020,19鄰,華亞三路,,199巷,,,,38號十九樓,121.378939213234,25.047061159653
桃園市龜山區文化里19鄰華亞三路199巷38號二十樓,68,6800700,6800700-020,19鄰,華亞三路,,199巷,,,,38號二十樓,121.378939213234,25.047061159653
桃園市龜山區文化里19鄰華亞三路199巷38號二十一樓,68,6800700,6800700-020,19鄰,華亞三路,,199巷,,,,38號二十一樓,121.378939213234,25.047061159653
桃園市龜山區文化里19鄰華亞三路199巷38號二十二樓,68,6800700,6800700-020,19鄰,華亞三路,,199巷,,,,38號二十二樓,121.378939213234,25.047061159653
桃園市龜山區文化里19鄰華亞三路199巷40號十樓,68,6800700,6800700-020,19鄰,華亞三路,,199巷,,,,40號十樓,121.378894199093,25.0470222726512
桃園市龜山區文化里19鄰華亞三路199巷40號二樓,68,6800700,6800700-020,19鄰,華亞三路,,199巷,,,,40號二樓,121.378894199093,25.0470222726512
桃園市龜山區文化里19鄰華亞三路199巷40號三樓,68,6800700,6800700-020,19鄰,華亞三路,,199巷,,,,40號三樓,121.378894199093,25.0470222726512
桃園市龜山區文化里19鄰華亞三路199巷40號四樓,68,6800700,6800700-020,19鄰,華亞三路,,199巷,,,,40號四樓,121.378894199093,25.0470222726512
桃園市龜山區文化里19鄰華亞三路199巷40號五樓,68,6800700,6800700-020,19鄰,華亞三路,,199巷,,,,40號五樓,121.378894199093,25.0470222726512
桃園市龜山區文化里19鄰華亞三路199巷40號六樓,68,6800700,6800700-020,19鄰,華亞三路,,199巷,,,,40號六樓,121.378894199093,25.0470222726512
桃園市龜山區文化里19鄰華亞三路199巷40號七樓,68,6800700,6800700-020,19鄰,華亞三路,,199巷,,,,40號七樓,121.378894199093,25.0470222726512
桃園市龜山區文化里19鄰華亞三路199巷40號八樓,68,6800700,6800700-020,19鄰,華亞三路,,199巷,,,,40號八樓,121.378894199093,25.0470222726512
桃園市龜山區文化里19鄰華亞三路199巷40號九樓,68,6800700,6800700-020,19鄰,華亞三路,,199巷,,,,40號九樓,121.378894199093,25.0470222726512
桃園市龜山區文化里19鄰華亞三路199巷40號十一樓,68,6800700,6800700-020,19鄰,華亞三路,,199巷,,,,40號十一樓,121.378894199093,25.0470222726512
桃園市龜山區文化里19鄰華亞三路199巷40號十二樓,68,6800700,6800700-020,19鄰,華亞三路,,199巷,,,,40號十二樓,121.378894199093,25.0470222726512
桃園市龜山區文化里19鄰華亞三路199巷40號十三樓,68,6800700,6800700-020,19鄰,華亞三路,,199巷,,,,40號十三樓,121.378894199093,25.0470222726512
桃園市龜山區文化里19鄰華亞三路199巷40號十四樓,68,6800700,6800700-020,19鄰,華亞三路,,199巷,,,,40號十四樓,121.378894199093,25.0470222726512
桃園市龜山區文化里19鄰華亞三路199巷40號十五樓,68,6800700,6800700-020,19鄰,華亞三路,,199巷,,,,40號十五樓,121.378894199093,25.0470222726512
桃園市龜山區文化里19鄰華亞三路199巷40號十六樓,68,6800700,6800700-020,19鄰,華亞三路,,199巷,,,,40號十六樓,121.378894199093,25.0470222726512
桃園市龜山區文化里19鄰華亞三路199巷40號十七樓,68,6800700,6800700-020,19鄰,華亞三路,,199巷,,,,40號十七樓,121.378894199093,25.0470222726512
桃園市龜山區文化里19鄰華亞三路199巷40號十八樓,68,6800700,6800700-020,19鄰,華亞三路,,199巷,,,,40號十八樓,121.378894199093,25.0470222726512
桃園市龜山區文化里19鄰華亞三路199巷40號十九樓,68,6800700,6800700-020,19鄰,華亞三路,,199巷,,,,40號十九樓,121.378894199093,25.0470222726512
桃園市龜山區文化里19鄰華亞三路199巷40號二十樓,68,6800700,6800700-020,19鄰,華亞三路,,199巷,,,,40號二十樓,121.378894199093,25.0470222726512
桃園市龜山區文化里19鄰華亞三路199巷40號二十一樓,68,6800700,6800700-020,19鄰,華亞三路,,199巷,,,,40號二十一樓,121.378894199093,25.0470222726512
桃園市龜山區文化里19鄰華亞三路199巷40號二十二樓,68,6800700,6800700-020,19鄰,華亞三路,,199巷,,,,40號二十二樓,121.378894199093,25.0470222726512
桃園市龜山區文化里19鄰華亞三路199巷42號十樓,68,6800700,6800700-020,19鄰,華亞三路,,199巷,,,,42號十樓,121.378853446465,25.0469833747677
桃園市龜山區文化里19鄰華亞三路199巷42號二樓,68,6800700,6800700-020,19鄰,華亞三路,,199巷,,,,42號二樓,121.378853446465,25.0469833747677
桃園市龜山區文化里19鄰華亞三路199巷42號三樓,68,6800700,6800700-020,19鄰,華亞三路,,199巷,,,,42號三樓,121.378853446465,25.0469833747677
桃園市龜山區文化里19鄰華亞三路199巷42號四樓,68,6800700,6800700-020,19鄰,華亞三路,,199巷,,,,42號四樓,121.378853446465,25.0469833747677
桃園市龜山區文化里19鄰華亞三路199巷42號五樓,68,6800700,6800700-020,19鄰,華亞三路,,199巷,,,,42號五樓,121.378853446465,25.0469833747677
桃園市龜山區文化里19鄰華亞三路199巷42號六樓,68,6800700,6800700-020,19鄰,華亞三路,,199巷,,,,42號六樓,121.378853446465,25.0469833747677
桃園市龜山區文化里19鄰華亞三路199巷42號七樓,68,6800700,6800700-020,19鄰,華亞三路,,199巷,,,,42號七樓,121.378853446465,25.0469833747677
桃園市龜山區文化里19鄰華亞三路199巷42號八樓,68,6800700,6800700-020,19鄰,華亞三路,,199巷,,,,42號八樓,121.378853446465,25.0469833747677
桃園市龜山區文化里19鄰華亞三路199巷42號九樓,68,6800700,6800700-020,19鄰,華亞三路,,199巷,,,,42號九樓,121.378853446465,25.0469833747677
桃園市龜山區文化里19鄰華亞三路199巷42號十一樓,68,6800700,6800700-020,19鄰,華亞三路,,199巷,,,,42號十一樓,121.378853446465,25.0469833747677
桃園市龜山區文化里19鄰華亞三路199巷42號十二樓,68,6800700,6800700-020,19鄰,華亞三路,,199巷,,,,42號十二樓,121.378853446465,25.0469833747677
桃園市龜山區文化里19鄰華亞三路199巷42號十三樓,68,6800700,6800700-020,19鄰,華亞三路,,199巷,,,,42號十三樓,121.378853446465,25.0469833747677
桃園市龜山區文化里19鄰華亞三路199巷42號十四樓,68,6800700,6800700-020,19鄰,華亞三路,,199巷,,,,42號十四樓,121.378853446465,25.0469833747677
桃園市龜山區文化里19鄰華亞三路199巷42號十五樓,68,6800700,6800700-020,19鄰,華亞三路,,199巷,,,,42號十五樓,121.378853446465,25.0469833747677
桃園市龜山區文化里19鄰華亞三路199巷42號十六樓,68,6800700,6800700-020,19鄰,華亞三路,,199巷,,,,42號十六樓,121.378853446465,25.0469833747677
桃園市龜山區文化里19鄰華亞三路199巷42號十七樓,68,6800700,6800700-020,19鄰,華亞三路,,199巷,,,,42號十七樓,121.378853446465,25.0469833747677
桃園市龜山區文化里19鄰華亞三路199巷42號十八樓,68,6800700,6800700-020,19鄰,華亞三路,,199巷,,,,42號十八樓,121.378853446465,25.0469833747677
桃園市龜山區文化里19鄰華亞三路199巷42號十九樓,68,6800700,6800700-020,19鄰,華亞三路,,199巷,,,,42號十九樓,121.378853446465,25.0469833747677
桃園市龜山區文化里19鄰華亞三路199巷42號二十樓,68,6800700,6800700-020,19鄰,華亞三路,,199巷,,,,42號二十樓,121.378853446465,25.0469833747677
桃園市龜山區文化里19鄰華亞三路199巷42號二十一樓,68,6800700,6800700-020,19鄰,華亞三路,,199巷,,,,42號二十一樓,121.378853446465,25.0469833747677
桃園市龜山區文化里19鄰華亞三路199巷42號二十二樓,68,6800700,6800700-020,19鄰,華亞三路,,199巷,,,,42號二十二樓,121.378853446465,25.0469833747677
桃園市龜山區文化里19鄰華亞三路199巷46號十樓,68,6800700,6800700-020,19鄰,華亞三路,,199巷,,,,46號十樓,121.378791227424,25.0469250307001
桃園市龜山區文化里19鄰華亞三路199巷46號二樓,68,6800700,6800700-020,19鄰,華亞三路,,199巷,,,,46號二樓,121.378791227424,25.0469250307001
桃園市龜山區文化里19鄰華亞三路199巷46號三樓,68,6800700,6800700-020,19鄰,華亞三路,,199巷,,,,46號三樓,121.378791227424,25.0469250307001
桃園市龜山區文化里19鄰華亞三路199巷46號四樓,68,6800700,6800700-020,19鄰,華亞三路,,199巷,,,,46號四樓,121.378791227424,25.0469250307001
桃園市龜山區文化里19鄰華亞三路199巷46號五樓,68,6800700,6800700-020,19鄰,華亞三路,,199巷,,,,46號五樓,121.378791227424,25.0469250307001
桃園市龜山區文化里19鄰華亞三路199巷46號六樓,68,6800700,6800700-020,19鄰,華亞三路,,199巷,,,,46號六樓,121.378791227424,25.0469250307001
桃園市龜山區文化里19鄰華亞三路199巷46號七樓,68,6800700,6800700-020,19鄰,華亞三路,,199巷,,,,46號七樓,121.378791227424,25.0469250307001
桃園市龜山區文化里19鄰華亞三路199巷46號八樓,68,6800700,6800700-020,19鄰,華亞三路,,199巷,,,,46號八樓,121.378791227424,25.0469250307001
桃園市龜山區文化里19鄰華亞三路199巷46號九樓,68,6800700,6800700-020,19鄰,華亞三路,,199巷,,,,46號九樓,121.378791227424,25.0469250307001
桃園市龜山區文化里19鄰華亞三路199巷46號十一樓,68,6800700,6800700-020,19鄰,華亞三路,,199巷,,,,46號十一樓,121.378791227424,25.0469250307001
桃園市龜山區文化里19鄰華亞三路199巷46號十二樓,68,6800700,6800700-020,19鄰,華亞三路,,199巷,,,,46號十二樓,121.378791227424,25.0469250307001
桃園市龜山區文化里19鄰華亞三路199巷46號十三樓,68,6800700,6800700-020,19鄰,華亞三路,,199巷,,,,46號十三樓,121.378791227424,25.0469250307001
桃園市龜山區文化里19鄰華亞三路199巷46號十四樓,68,6800700,6800700-020,19鄰,華亞三路,,199巷,,,,46號十四樓,121.378791227424,25.0469250307001
桃園市龜山區文化里19鄰華亞三路199巷46號十五樓,68,6800700,6800700-020,19鄰,華亞三路,,199巷,,,,46號十五樓,121.378791227424,25.0469250307001
桃園市龜山區文化里19鄰華亞三路199巷46號十六樓,68,6800700,6800700-020,19鄰,華亞三路,,199巷,,,,46號十六樓,121.378791227424,25.0469250307001
桃園市龜山區文化里19鄰華亞三路199巷46號十七樓,68,6800700,6800700-020,19鄰,華亞三路,,199巷,,,,46號十七樓,121.378791227424,25.0469250307001
桃園市龜山區文化里19鄰華亞三路199巷46號十八樓,68,6800700,6800700-020,19鄰,華亞三路,,199巷,,,,46號十八樓,121.378791227424,25.0469250307001
桃園市龜山區文化里19鄰華亞三路199巷46號十九樓,68,6800700,6800700-020,19鄰,華亞三路,,199巷,,,,46號十九樓,121.378791227424,25.0469250307001
桃園市龜山區文化里19鄰華亞三路199巷46號二十樓,68,6800700,6800700-020,19鄰,華亞三路,,199巷,,,,46號二十樓,121.378791227424,25.0469250307001
桃園市龜山區文化里19鄰華亞三路199巷46號二十一樓,68,6800700,6800700-020,19鄰,華亞三路,,199巷,,,,46號二十一樓,121.378791227424,25.0469250307001
桃園市龜山區文化里19鄰華亞三路199巷46號二十二樓,68,6800700,6800700-020,19鄰,華亞三路,,199巷,,,,46號二十二樓,121.378791227424,25.0469250307001
桃園市龜山區文化里19鄰華亞三路199巷48號十樓,68,6800700,6800700-020,19鄰,華亞三路,,199巷,,,,48號十樓,121.378735363314,25.0468706428118
桃園市龜山區文化里19鄰華亞三路199巷48號二樓,68,6800700,6800700-020,19鄰,華亞三路,,199巷,,,,48號二樓,121.378735363314,25.0468706428118
桃園市龜山區文化里19鄰華亞三路199巷48號三樓,68,6800700,6800700-020,19鄰,華亞三路,,199巷,,,,48號三樓,121.378735363314,25.0468706428118
桃園市龜山區文化里19鄰華亞三路199巷48號四樓,68,6800700,6800700-020,19鄰,華亞三路,,199巷,,,,48號四樓,121.378735363314,25.0468706428118
桃園市龜山區文化里19鄰華亞三路199巷48號五樓,68,6800700,6800700-020,19鄰,華亞三路,,199巷,,,,48號五樓,121.378735363314,25.0468706428118
桃園市龜山區文化里19鄰華亞三路199巷48號六樓,68,6800700,6800700-020,19鄰,華亞三路,,199巷,,,,48號六樓,121.378735363314,25.0468706428118
桃園市龜山區文化里19鄰華亞三路199巷48號七樓,68,6800700,6800700-020,19鄰,華亞三路,,199巷,,,,48號七樓,121.378735363314,25.0468706428118
桃園市龜山區文化里19鄰華亞三路199巷48號八樓,68,6800700,6800700-020,19鄰,華亞三路,,199巷,,,,48號八樓,121.378735363314,25.0468706428118
桃園市龜山區文化里19鄰華亞三路199巷48號九樓,68,6800700,6800700-020,19鄰,華亞三路,,199巷,,,,48號九樓,121.378735363314,25.0468706428118
桃園市龜山區文化里19鄰華亞三路199巷48號十一樓,68,6800700,6800700-020,19鄰,華亞三路,,199巷,,,,48號十一樓,121.378735363314,25.0468706428118
桃園市龜山區文化里19鄰華亞三路199巷48號十二樓,68,6800700,6800700-020,19鄰,華亞三路,,199巷,,,,48號十二樓,121.378735363314,25.0468706428118
桃園市龜山區文化里19鄰華亞三路199巷48號十三樓,68,6800700,6800700-020,19鄰,華亞三路,,199巷,,,,48號十三樓,121.378735363314,25.0468706428118
桃園市龜山區文化里19鄰華亞三路199巷48號十四樓,68,6800700,6800700-020,19鄰,華亞三路,,199巷,,,,48號十四樓,121.378735363314,25.0468706428118
桃園市龜山區文化里19鄰華亞三路199巷48號十五樓,68,6800700,6800700-020,19鄰,華亞三路,,199巷,,,,48號十五樓,121.378735363314,25.0468706428118
桃園市龜山區文化里19鄰華亞三路199巷48號十六樓,68,6800700,6800700-020,19鄰,華亞三路,,199巷,,,,48號十六樓,121.378735363314,25.0468706428118
桃園市龜山區文化里19鄰華亞三路199巷48號十七樓,68,6800700,6800700-020,19鄰,華亞三路,,199巷,,,,48號十七樓,121.378735363314,25.0468706428118
桃園市龜山區文化里19鄰華亞三路199巷48號十八樓,68,6800700,6800700-020,19鄰,華亞三路,,199巷,,,,48號十八樓,121.378735363314,25.0468706428118
桃園市龜山區文化里19鄰華亞三路199巷48號十九樓,68,6800700,6800700-020,19鄰,華亞三路,,199巷,,,,48號十九樓,121.378735363314,25.0468706428118
桃園市龜山區文化里19鄰華亞三路199巷48號二十樓,68,6800700,6800700-020,19鄰,華亞三路,,199巷,,,,48號二十樓,121.378735363314,25.0468706428118
桃園市龜山區文化里19鄰華亞三路199巷48號二十一樓,68,6800700,6800700-020,19鄰,華亞三路,,199巷,,,,48號二十一樓,121.378735363314,25.0468706428118
桃園市龜山區文化里19鄰華亞三路199巷48號二十二樓,68,6800700,6800700-020,19鄰,華亞三路,,199巷,,,,48號二十二樓,121.378735363314,25.0468706428118
桃園市龜山區文化里19鄰華亞三路199巷50號十樓,68,6800700,6800700-020,19鄰,華亞三路,,199巷,,,,50號十樓,121.378686081726,25.0468297804203
桃園市龜山區文化里19鄰華亞三路199巷50號二樓,68,6800700,6800700-020,19鄰,華亞三路,,199巷,,,,50號二樓,121.378686081726,25.0468297804203
桃園市龜山區文化里19鄰華亞三路199巷50號三樓,68,6800700,6800700-020,19鄰,華亞三路,,199巷,,,,50號三樓,121.378686081726,25.0468297804203
桃園市龜山區文化里19鄰華亞三路199巷50號四樓,68,6800700,6800700-020,19鄰,華亞三路,,199巷,,,,50號四樓,121.378686081726,25.0468297804203
桃園市龜山區文化里19鄰華亞三路199巷50號五樓,68,6800700,6800700-020,19鄰,華亞三路,,199巷,,,,50號五樓,121.378686081726,25.0468297804203
桃園市龜山區文化里19鄰華亞三路199巷50號六樓,68,6800700,6800700-020,19鄰,華亞三路,,199巷,,,,50號六樓,121.378686081726,25.0468297804203
桃園市龜山區文化里19鄰華亞三路199巷50號七樓,68,6800700,6800700-020,19鄰,華亞三路,,199巷,,,,50號七樓,121.378686081726,25.0468297804203
桃園市龜山區文化里19鄰華亞三路199巷50號八樓,68,6800700,6800700-020,19鄰,華亞三路,,199巷,,,,50號八樓,121.378686081726,25.0468297804203
桃園市龜山區文化里19鄰華亞三路199巷50號九樓,68,6800700,6800700-020,19鄰,華亞三路,,199巷,,,,50號九樓,121.378686081726,25.0468297804203
桃園市龜山區文化里19鄰華亞三路199巷50號十一樓,68,6800700,6800700-020,19鄰,華亞三路,,199巷,,,,50號十一樓,121.378686081726,25.0468297804203
桃園市龜山區文化里19鄰華亞三路199巷50號十二樓,68,6800700,6800700-020,19鄰,華亞三路,,199巷,,,,50號十二樓,121.378686081726,25.0468297804203
桃園市龜山區文化里19鄰華亞三路199巷50號十三樓,68,6800700,6800700-020,19鄰,華亞三路,,199巷,,,,50號十三樓,121.378686081726,25.0468297804203
桃園市龜山區文化里19鄰華亞三路199巷50號十四樓,68,6800700,6800700-020,19鄰,華亞三路,,199巷,,,,50號十四樓,121.378686081726,25.0468297804203
桃園市龜山區文化里19鄰華亞三路199巷50號十五樓,68,6800700,6800700-020,19鄰,華亞三路,,199巷,,,,50號十五樓,121.378686081726,25.0468297804203
桃園市龜山區文化里19鄰華亞三路199巷50號十六樓,68,6800700,6800700-020,19鄰,華亞三路,,199巷,,,,50號十六樓,121.378686081726,25.0468297804203
桃園市龜山區文化里19鄰華亞三路199巷50號十七樓,68,6800700,6800700-020,19鄰,華亞三路,,199巷,,,,50號十七樓,121.378686081726,25.0468297804203
桃園市龜山區文化里19鄰華亞三路199巷50號十八樓,68,6800700,6800700-020,19鄰,華亞三路,,199巷,,,,50號十八樓,121.378686081726,25.0468297804203
桃園市龜山區文化里19鄰華亞三路199巷50號十九樓,68,6800700,6800700-020,19鄰,華亞三路,,199巷,,,,50號十九樓,121.378686081726,25.0468297804203
桃園市龜山區文化里19鄰華亞三路199巷50號二十樓,68,6800700,6800700-020,19鄰,華亞三路,,199巷,,,,50號二十樓,121.378686081726,25.0468297804203
桃園市龜山區文化里19鄰華亞三路199巷50號二十一樓,68,6800700,6800700-020,19鄰,華亞三路,,199巷,,,,50號二十一樓,121.378686081726,25.0468297804203
桃園市龜山區文化里19鄰華亞三路199巷50號二十二樓,68,6800700,6800700-020,19鄰,華亞三路,,199巷,,,,50號二十二樓,121.378686081726,25.0468297804203
桃園市龜山區文化里19鄰華亞三路199巷52號十樓,68,6800700,6800700-020,19鄰,華亞三路,,199巷,,,,52號十樓,121.378754735216,25.0467889785107
桃園市龜山區文化里19鄰華亞三路199巷52號二樓,68,6800700,6800700-020,19鄰,華亞三路,,199巷,,,,52號二樓,121.378754735216,25.0467889785107
桃園市龜山區文化里19鄰華亞三路199巷52號三樓,68,6800700,6800700-020,19鄰,華亞三路,,199巷,,,,52號三樓,121.378754735216,25.0467889785107
桃園市龜山區文化里19鄰華亞三路199巷52號四樓,68,6800700,6800700-020,19鄰,華亞三路,,199巷,,,,52號四樓,121.378754735216,25.0467889785107
桃園市龜山區文化里19鄰華亞三路199巷52號五樓,68,6800700,6800700-020,19鄰,華亞三路,,199巷,,,,52號五樓,121.378754735216,25.0467889785107
桃園市龜山區文化里19鄰華亞三路199巷52號六樓,68,6800700,6800700-020,19鄰,華亞三路,,199巷,,,,52號六樓,121.378754735216,25.0467889785107
桃園市龜山區文化里19鄰華亞三路199巷52號七樓,68,6800700,6800700-020,19鄰,華亞三路,,199巷,,,,52號七樓,121.378754735216,25.0467889785107
桃園市龜山區文化里19鄰華亞三路199巷52號八樓,68,6800700,6800700-020,19鄰,華亞三路,,199巷,,,,52號八樓,121.378754735216,25.0467889785107
桃園市龜山區文化里19鄰華亞三路199巷52號九樓,68,6800700,6800700-020,19鄰,華亞三路,,199巷,,,,52號九樓,121.378754735216,25.0467889785107
桃園市龜山區文化里19鄰華亞三路199巷52號十一樓,68,6800700,6800700-020,19鄰,華亞三路,,199巷,,,,52號十一樓,121.378754735216,25.0467889785107
桃園市龜山區文化里19鄰華亞三路199巷52號十二樓,68,6800700,6800700-020,19鄰,華亞三路,,199巷,,,,52號十二樓,121.378754735216,25.0467889785107
桃園市龜山區文化里19鄰華亞三路199巷52號十三樓,68,6800700,6800700-020,19鄰,華亞三路,,199巷,,,,52號十三樓,121.378754735216,25.0467889785107
桃園市龜山區文化里19鄰華亞三路199巷52號十四樓,68,6800700,6800700-020,19鄰,華亞三路,,199巷,,,,52號十四樓,121.378754735216,25.0467889785107
桃園市龜山區文化里19鄰華亞三路199巷52號十五樓,68,6800700,6800700-020,19鄰,華亞三路,,199巷,,,,52號十五樓,121.378754735216,25.0467889785107
桃園市龜山區文化里19鄰華亞三路199巷52號十六樓,68,6800700,6800700-020,19鄰,華亞三路,,199巷,,,,52號十六樓,121.378754735216,25.0467889785107
桃園市龜山區文化里19鄰華亞三路199巷52號十七樓,68,6800700,6800700-020,19鄰,華亞三路,,199巷,,,,52號十七樓,121.378754735216,25.0467889785107
桃園市龜山區文化里19鄰華亞三路199巷52號十八樓,68,6800700,6800700-020,19鄰,華亞三路,,199巷,,,,52號十八樓,121.378754735216,25.0467889785107
桃園市龜山區文化里19鄰華亞三路199巷52號十九樓,68,6800700,6800700-020,19鄰,華亞三路,,199巷,,,,52號十九樓,121.378754735216,25.0467889785107
桃園市龜山區文化里19鄰華亞三路199巷52號二十樓,68,6800700,6800700-020,19鄰,華亞三路,,199巷,,,,52號二十樓,121.378754735216,25.0467889785107
桃園市龜山區文化里19鄰華亞三路199巷52號二十一樓,68,6800700,6800700-020,19鄰,華亞三路,,199巷,,,,52號二十一樓,121.378754735216,25.0467889785107
桃園市龜山區文化里19鄰華亞三路199巷52號二十二樓,68,6800700,6800700-020,19鄰,華亞三路,,199巷,,,,52號二十二樓,121.378754735216,25.0467889785107
桃園市龜山區文化里19鄰華亞三路199巷56號十樓,68,6800700,6800700-020,19鄰,華亞三路,,199巷,,,,56號十樓,121.37882118569,25.0468375613513
桃園市龜山區文化里19鄰華亞三路199巷56號二樓,68,6800700,6800700-020,19鄰,華亞三路,,199巷,,,,56號二樓,121.37882118569,25.0468375613513
桃園市龜山區文化里19鄰華亞三路199巷56號三樓,68,6800700,6800700-020,19鄰,華亞三路,,199巷,,,,56號三樓,121.37882118569,25.0468375613513
桃園市龜山區文化里19鄰華亞三路199巷56號四樓,68,6800700,6800700-020,19鄰,華亞三路,,199巷,,,,56號四樓,121.37882118569,25.0468375613513
桃園市龜山區文化里19鄰華亞三路199巷56號五樓,68,6800700,6800700-020,19鄰,華亞三路,,199巷,,,,56號五樓,121.37882118569,25.0468375613513
桃園市龜山區文化里19鄰華亞三路199巷56號六樓,68,6800700,6800700-020,19鄰,華亞三路,,199巷,,,,56號六樓,121.37882118569,25.0468375613513
桃園市龜山區文化里19鄰華亞三路199巷56號七樓,68,6800700,6800700-020,19鄰,華亞三路,,199巷,,,,56號七樓,121.37882118569,25.0468375613513
桃園市龜山區文化里19鄰華亞三路199巷56號八樓,68,6800700,6800700-020,19鄰,華亞三路,,199巷,,,,56號八樓,121.37882118569,25.0468375613513
桃園市龜山區文化里19鄰華亞三路199巷56號九樓,68,6800700,6800700-020,19鄰,華亞三路,,199巷,,,,56號九樓,121.37882118569,25.0468375613513
桃園市龜山區文化里19鄰華亞三路199巷56號十一樓,68,6800700,6800700-020,19鄰,華亞三路,,199巷,,,,56號十一樓,121.37882118569,25.0468375613513
桃園市龜山區文化里19鄰華亞三路199巷56號十二樓,68,6800700,6800700-020,19鄰,華亞三路,,199巷,,,,56號十二樓,121.37882118569,25.0468375613513
桃園市龜山區文化里19鄰華亞三路199巷56號十三樓,68,6800700,6800700-020,19鄰,華亞三路,,199巷,,,,56號十三樓,121.37882118569,25.0468375613513
桃園市龜山區文化里19鄰華亞三路199巷56號十四樓,68,6800700,6800700-020,19鄰,華亞三路,,199巷,,,,56號十四樓,121.37882118569,25.0468375613513
桃園市龜山區文化里19鄰華亞三路199巷56號十五樓,68,6800700,6800700-020,19鄰,華亞三路,,199巷,,,,56號十五樓,121.37882118569,25.0468375613513
桃園市龜山區文化里19鄰華亞三路199巷56號十六樓,68,6800700,6800700-020,19鄰,華亞三路,,199巷,,,,56號十六樓,121.37882118569,25.0468375613513
桃園市龜山區文化里19鄰華亞三路199巷56號十七樓,68,6800700,6800700-020,19鄰,華亞三路,,199巷,,,,56號十七樓,121.37882118569,25.0468375613513
桃園市龜山區文化里19鄰華亞三路199巷56號十八樓,68,6800700,6800700-020,19鄰,華亞三路,,199巷,,,,56號十八樓,121.37882118569,25.0468375613513
桃園市龜山區文化里19鄰華亞三路199巷56號十九樓,68,6800700,6800700-020,19鄰,華亞三路,,199巷,,,,56號十九樓,121.37882118569,25.0468375613513
桃園市龜山區文化里19鄰華亞三路199巷56號二十樓,68,6800700,6800700-020,19鄰,華亞三路,,199巷,,,,56號二十樓,121.37882118569,25.0468375613513
桃園市龜山區文化里19鄰華亞三路199巷56號二十一樓,68,6800700,6800700-020,19鄰,華亞三路,,199巷,,,,56號二十一樓,121.37882118569,25.0468375613513
桃園市龜山區文化里19鄰華亞三路199巷56號二十二樓,68,6800700,6800700-020,19鄰,華亞三路,,199巷,,,,56號二十二樓,121.37882118569,25.0468375613513
桃園市龜山區文化里19鄰華亞三路199巷58號十樓,68,6800700,6800700-020,19鄰,華亞三路,,199巷,,,,58號十樓,121.378872752549,25.046880313791
桃園市龜山區文化里19鄰華亞三路199巷58號二樓,68,6800700,6800700-020,19鄰,華亞三路,,199巷,,,,58號二樓,121.378872752549,25.046880313791
桃園市龜山區文化里19鄰華亞三路199巷58號三樓,68,6800700,6800700-020,19鄰,華亞三路,,199巷,,,,58號三樓,121.378872752549,25.046880313791
桃園市龜山區文化里19鄰華亞三路199巷58號四樓,68,6800700,6800700-020,19鄰,華亞三路,,199巷,,,,58號四樓,121.378872752549,25.046880313791
桃園市龜山區文化里19鄰華亞三路199巷58號五樓,68,6800700,6800700-020,19鄰,華亞三路,,199巷,,,,58號五樓,121.378872752549,25.046880313791
桃園市龜山區文化里19鄰華亞三路199巷58號六樓,68,6800700,6800700-020,19鄰,華亞三路,,199巷,,,,58號六樓,121.378872752549,25.046880313791
桃園市龜山區文化里19鄰華亞三路199巷58號七樓,68,6800700,6800700-020,19鄰,華亞三路,,199巷,,,,58號七樓,121.378872752549,25.046880313791
桃園市龜山區文化里19鄰華亞三路199巷58號八樓,68,6800700,6800700-020,19鄰,華亞三路,,199巷,,,,58號八樓,121.378872752549,25.046880313791
桃園市龜山區文化里19鄰華亞三路199巷58號九樓,68,6800700,6800700-020,19鄰,華亞三路,,199巷,,,,58號九樓,121.378872752549,25.046880313791
桃園市龜山區文化里19鄰華亞三路199巷58號十一樓,68,6800700,6800700-020,19鄰,華亞三路,,199巷,,,,58號十一樓,121.378872752549,25.046880313791
桃園市龜山區文化里19鄰華亞三路199巷58號十二樓,68,6800700,6800700-020,19鄰,華亞三路,,199巷,,,,58號十二樓,121.378872752549,25.046880313791
桃園市龜山區文化里19鄰華亞三路199巷58號十三樓,68,6800700,6800700-020,19鄰,華亞三路,,199巷,,,,58號十三樓,121.378872752549,25.046880313791
桃園市龜山區文化里19鄰華亞三路199巷58號十四樓,68,6800700,6800700-020,19鄰,華亞三路,,199巷,,,,58號十四樓,121.378872752549,25.046880313791
桃園市龜山區文化里19鄰華亞三路199巷58號十五樓,68,6800700,6800700-020,19鄰,華亞三路,,199巷,,,,58號十五樓,121.378872752549,25.046880313791
桃園市龜山區文化里19鄰華亞三路199巷58號十六樓,68,6800700,6800700-020,19鄰,華亞三路,,199巷,,,,58號十六樓,121.378872752549,25.046880313791
桃園市龜山區文化里19鄰華亞三路199巷58號十七樓,68,6800700,6800700-020,19鄰,華亞三路,,199巷,,,,58號十七樓,121.378872752549,25.046880313791
桃園市龜山區文化里19鄰華亞三路199巷58號十八樓,68,6800700,6800700-020,19鄰,華亞三路,,199巷,,,,58號十八樓,121.378872752549,25.046880313791
桃園市龜山區文化里19鄰華亞三路199巷58號十九樓,68,6800700,6800700-020,19鄰,華亞三路,,199巷,,,,58號十九樓,121.378872752549,25.046880313791
桃園市龜山區文化里19鄰華亞三路199巷58號二十樓,68,6800700,6800700-020,19鄰,華亞三路,,199巷,,,,58號二十樓,121.378872752549,25.046880313791
桃園市龜山區文化里19鄰華亞三路199巷58號二十一樓,68,6800700,6800700-020,19鄰,華亞三路,,199巷,,,,58號二十一樓,121.378872752549,25.046880313791
桃園市龜山區文化里19鄰華亞三路199巷58號二十二樓,68,6800700,6800700-020,19鄰,華亞三路,,199巷,,,,58號二十二樓,121.378872752549,25.046880313791
桃園市龜山區文化里19鄰華亞三路201號,68,6800700,6800700-020,19鄰,華亞三路,,,,,,201號,121.3790288471,25.0472040279268
桃園市龜山區文化里19鄰華亞三路203號,68,6800700,6800700-020,19鄰,華亞三路,,,,,,203號,121.378973024387,25.0471631823232
桃園市龜山區文化里19鄰華亞三路205號,68,6800700,6800700-020,19鄰,華亞三路,,,,,,205號,121.378919400045,25.0471281994194
桃園市龜山區文化里19鄰華亞三路207號,68,6800700,6800700-020,19鄰,華亞三路,,,,,,207號,121.378874373955,25.0470854303174
桃園市龜山區文化里19鄰華亞三路209號,68,6800700,6800700-020,19鄰,華亞三路,,,,,,209號,121.378809944874,25.0470174317234
桃園市龜山區文化里19鄰華亞三路211號,68,6800700,6800700-020,19鄰,華亞三路,,,,,,211號,121.3787520231,25.0469707230577
桃園市龜山區文化里19鄰華亞三路213號,68,6800700,6800700-020,19鄰,華亞三路,,,,,,213號,121.378702693766,25.0469143322933
桃園市龜山區文化里19鄰華亞三路215號,68,6800700,6800700-020,19鄰,華亞三路,,,,,,215號,121.378649057685,25.0468754671937
桃園市龜山區文化里19鄰華亞三路501號,68,6800700,6800700-020,19鄰,華亞三路,,,,,,501號,121.37639403107,25.0384370272455
桃園市龜山區樂善里3鄰華亞三路35號,68,6800700,6800700-010,3鄰,華亞三路,,,,,,35號,121.38153747028,25.0493724984114
桃園市龜山區樂善里3鄰華亞三路37號,68,6800700,6800700-010,3鄰,華亞三路,,,,,,37號,121.381453787638,25.0492966959311
桃園市龜山區樂善里3鄰華亞三路39巷1號十樓,68,6800700,6800700-010,3鄰,華亞三路,,39巷,,,,1號十樓,121.381449558557,25.049211119515
桃園市龜山區樂善里3鄰華亞三路39巷1號二樓,68,6800700,6800700-010,3鄰,華亞三路,,39巷,,,,1號二樓,121.381449558557,25.049211119515
桃園市龜山區樂善里3鄰華亞三路39巷1號三樓,68,6800700,6800700-010,3鄰,華亞三路,,39巷,,,,1號三樓,121.381449558557,25.049211119515
桃園市龜山區樂善里3鄰華亞三路39巷1號四樓,68,6800700,6800700-010,3鄰,華亞三路,,39巷,,,,1號四樓,121.381449558557,25.049211119515
桃園市龜山區樂善里3鄰華亞三路39巷1號五樓,68,6800700,6800700-010,3鄰,華亞三路,,39巷,,,,1號五樓,121.381449558557,25.049211119515
桃園市龜山區樂善里3鄰華亞三路39巷1號六樓,68,6800700,6800700-010,3鄰,華亞三路,,39巷,,,,1號六樓,121.381449558557,25.049211119515
桃園市龜山區樂善里3鄰華亞三路39巷1號七樓,68,6800700,6800700-010,3鄰,華亞三路,,39巷,,,,1號七樓,121.381449558557,25.049211119515
桃園市龜山區樂善里3鄰華亞三路39巷1號八樓,68,6800700,6800700-010,3鄰,華亞三路,,39巷,,,,1號八樓,121.381449558557,25.049211119515
桃園市龜山區樂善里3鄰華亞三路39巷1號九樓,68,6800700,6800700-010,3鄰,華亞三路,,39巷,,,,1號九樓,121.381449558557,25.049211119515
桃園市龜山區樂善里3鄰華亞三路39巷1號十一樓,68,6800700,6800700-010,3鄰,華亞三路,,39巷,,,,1號十一樓,121.381449558557,25.049211119515
桃園市龜山區樂善里3鄰華亞三路39巷1號十二樓,68,6800700,6800700-010,3鄰,華亞三路,,39巷,,,,1號十二樓,121.381449558557,25.049211119515
桃園市龜山區樂善里3鄰華亞三路39巷1號十三樓,68,6800700,6800700-010,3鄰,華亞三路,,39巷,,,,1號十三樓,121.381449558557,25.049211119515
桃園市龜山區樂善里3鄰華亞三路39巷1號十四樓,68,6800700,6800700-010,3鄰,華亞三路,,39巷,,,,1號十四樓,121.381449558557,25.049211119515
桃園市龜山區樂善里3鄰華亞三路39巷1號十五樓,68,6800700,6800700-010,3鄰,華亞三路,,39巷,,,,1號十五樓,121.381449558557,25.049211119515
桃園市龜山區樂善里3鄰華亞三路39巷1號十六樓,68,6800700,6800700-010,3鄰,華亞三路,,39巷,,,,1號十六樓,121.381449558557,25.049211119515
桃園市龜山區樂善里3鄰華亞三路39巷1號十七樓,68,6800700,6800700-010,3鄰,華亞三路,,39巷,,,,1號十七樓,121.381449558557,25.049211119515
桃園市龜山區樂善里3鄰華亞三路39巷1號十八樓,68,6800700,6800700-010,3鄰,華亞三路,,39巷,,,,1號十八樓,121.381449558557,25.049211119515
桃園市龜山區樂善里3鄰華亞三路39巷1號十九樓,68,6800700,6800700-010,3鄰,華亞三路,,39巷,,,,1號十九樓,121.381449558557,25.049211119515
桃園市龜山區樂善里3鄰華亞三路39巷1號二十樓,68,6800700,6800700-010,3鄰,華亞三路,,39巷,,,,1號二十樓,121.381449558557,25.049211119515
桃園市龜山區樂善里3鄰華亞三路39巷1號二十一樓,68,6800700,6800700-010,3鄰,華亞三路,,39巷,,,,1號二十一樓,121.381449558557,25.049211119515
桃園市龜山區樂善里3鄰華亞三路39巷1號二十二樓,68,6800700,6800700-010,3鄰,華亞三路,,39巷,,,,1號二十二樓,121.381449558557,25.049211119515
桃園市龜山區樂善里3鄰華亞三路39巷1號二十三樓,68,6800700,6800700-010,3鄰,華亞三路,,39巷,,,,1號二十三樓,121.381449558557,25.049211119515
桃園市龜山區樂善里3鄰華亞三路39巷1號二十四樓,68,6800700,6800700-010,3鄰,華亞三路,,39巷,,,,1號二十四樓,121.381449558557,25.049211119515
桃園市龜山區樂善里29鄰華亞三路39巷2號,68,6800700,6800700-010,29鄰,華亞三路,,39巷,,,,2號,121.381255906337,25.0490517273395
桃園市龜山區樂善里29鄰華亞三路39巷2號十樓之1,68,6800700,6800700-010,29鄰,華亞三路,,39巷,,,,2號十樓之1,121.381255906337,25.0490517273395
桃園市龜山區樂善里29鄰華亞三路39巷2號十樓之2,68,6800700,6800700-010,29鄰,華亞三路,,39巷,,,,2號十樓之2,121.381255906337,25.0490517273395
桃園市龜山區樂善里29鄰華亞三路39巷2號十樓之3,68,6800700,6800700-010,29鄰,華亞三路,,39巷,,,,2號十樓之3,121.381255906337,25.0490517273395
桃園市龜山區樂善里29鄰華亞三路39巷2號十樓之5,68,6800700,6800700-010,29鄰,華亞三路,,39巷,,,,2號十樓之5,121.381255906337,25.0490517273395
桃園市龜山區樂善里29鄰華亞三路39巷2號十樓之6,68,6800700,6800700-010,29鄰,華亞三路,,39巷,,,,2號十樓之6,121.381255906337,25.0490517273395
桃園市龜山區樂善里29鄰華亞三路39巷2號十樓之7,68,6800700,6800700-010,29鄰,華亞三路,,39巷,,,,2號十樓之7,121.381255906337,25.0490517273395
桃園市龜山區樂善里29鄰華亞三路39巷2號十樓之8,68,6800700,6800700-010,29鄰,華亞三路,,39巷,,,,2號十樓之8,121.381255906337,25.0490517273395
桃園市龜山區樂善里29鄰華亞三路39巷2號二樓之1,68,6800700,6800700-010,29鄰,華亞三路,,39巷,,,,2號二樓之1,121.381255906337,25.0490517273395
桃園市龜山區樂善里29鄰華亞三路39巷2號二樓之2,68,6800700,6800700-010,29鄰,華亞三路,,39巷,,,,2號二樓之2,121.381255906337,25.0490517273395
桃園市龜山區樂善里29鄰華亞三路39巷2號二樓之3,68,6800700,6800700-010,29鄰,華亞三路,,39巷,,,,2號二樓之3,121.381255906337,25.0490517273395
桃園市龜山區樂善里29鄰華亞三路39巷2號二樓之5,68,6800700,6800700-010,29鄰,華亞三路,,39巷,,,,2號二樓之5,121.381255906337,25.0490517273395
桃園市龜山區樂善里29鄰華亞三路39巷2號二樓之6,68,6800700,6800700-010,29鄰,華亞三路,,39巷,,,,2號二樓之6,121.381255906337,25.0490517273395
桃園市龜山區樂善里29鄰華亞三路39巷2號二樓之7,68,6800700,6800700-010,29鄰,華亞三路,,39巷,,,,2號二樓之7,121.381255906337,25.0490517273395
桃園市龜山區樂善里29鄰華亞三路39巷2號二樓之8,68,6800700,6800700-010,29鄰,華亞三路,,39巷,,,,2號二樓之8,121.381255906337,25.0490517273395
桃園市龜山區樂善里29鄰華亞三路39巷2號三樓之1,68,6800700,6800700-010,29鄰,華亞三路,,39巷,,,,2號三樓之1,121.381255906337,25.0490517273395
桃園市龜山區樂善里29鄰華亞三路39巷2號三樓之2,68,6800700,6800700-010,29鄰,華亞三路,,39巷,,,,2號三樓之2,121.381255906337,25.0490517273395
桃園市龜山區樂善里29鄰華亞三路39巷2號三樓之3,68,6800700,6800700-010,29鄰,華亞三路,,39巷,,,,2號三樓之3,121.381255906337,25.0490517273395
桃園市龜山區樂善里29鄰華亞三路39巷2號三樓之5,68,6800700,6800700-010,29鄰,華亞三路,,39巷,,,,2號三樓之5,121.381255906337,25.0490517273395
桃園市龜山區樂善里29鄰華亞三路39巷2號三樓之6,68,6800700,6800700-010,29鄰,華亞三路,,39巷,,,,2號三樓之6,121.381255906337,25.0490517273395
桃園市龜山區樂善里29鄰華亞三路39巷2號三樓之7,68,6800700,6800700-010,29鄰,華亞三路,,39巷,,,,2號三樓之7,121.381255906337,25.0490517273395
桃園市龜山區樂善里29鄰華亞三路39巷2號三樓之8,68,6800700,6800700-010,29鄰,華亞三路,,39巷,,,,2號三樓之8,121.381255906337,25.0490517273395
桃園市龜山區樂善里29鄰華亞三路39巷2號四樓之1,68,6800700,6800700-010,29鄰,華亞三路,,39巷,,,,2號四樓之1,121.381255906337,25.0490517273395
桃園市龜山區樂善里29鄰華亞三路39巷2號四樓之2,68,6800700,6800700-010,29鄰,華亞三路,,39巷,,,,2號四樓之2,121.381255906337,25.0490517273395
桃園市龜山區樂善里29鄰華亞三路39巷2號四樓之3,68,6800700,6800700-010,29鄰,華亞三路,,39巷,,,,2號四樓之3,121.381255906337,25.0490517273395
桃園市龜山區樂善里29鄰華亞三路39巷2號四樓之5,68,6800700,6800700-010,29鄰,華亞三路,,39巷,,,,2號四樓之5,121.381255906337,25.0490517273395
桃園市龜山區樂善里29鄰華亞三路39巷2號四樓之6,68,6800700,6800700-010,29鄰,華亞三路,,39巷,,,,2號四樓之6,121.381255906337,25.0490517273395
桃園市龜山區樂善里29鄰華亞三路39巷2號四樓之7,68,6800700,6800700-010,29鄰,華亞三路,,39巷,,,,2號四樓之7,121.381255906337,25.0490517273395
桃園市龜山區樂善里29鄰華亞三路39巷2號四樓之8,68,6800700,6800700-010,29鄰,華亞三路,,39巷,,,,2號四樓之8,121.381255906337,25.0490517273395
桃園市龜山區樂善里29鄰華亞三路39巷2號五樓之1,68,6800700,6800700-010,29鄰,華亞三路,,39巷,,,,2號五樓之1,121.381255906337,25.0490517273395
桃園市龜山區樂善里29鄰華亞三路39巷2號五樓之2,68,6800700,6800700-010,29鄰,華亞三路,,39巷,,,,2號五樓之2,121.381255906337,25.0490517273395
桃園市龜山區樂善里29鄰華亞三路39巷2號五樓之3,68,6800700,6800700-010,29鄰,華亞三路,,39巷,,,,2號五樓之3,121.381255906337,25.0490517273395
桃園市龜山區樂善里29鄰華亞三路39巷2號五樓之5,68,6800700,6800700-010,29鄰,華亞三路,,39巷,,,,2號五樓之5,121.381255906337,25.0490517273395
桃園市龜山區樂善里29鄰華亞三路39巷2號五樓之6,68,6800700,6800700-010,29鄰,華亞三路,,39巷,,,,2號五樓之6,121.381255906337,25.0490517273395
桃園市龜山區樂善里29鄰華亞三路39巷2號五樓之7,68,6800700,6800700-010,29鄰,華亞三路,,39巷,,,,2號五樓之7,121.381255906337,25.0490517273395
桃園市龜山區樂善里29鄰華亞三路39巷2號五樓之8,68,6800700,6800700-010,29鄰,華亞三路,,39巷,,,,2號五樓之8,121.381255906337,25.0490517273395
桃園市龜山區樂善里29鄰華亞三路39巷2號六樓之1,68,6800700,6800700-010,29鄰,華亞三路,,39巷,,,,2號六樓之1,121.381255906337,25.0490517273395
桃園市龜山區樂善里29鄰華亞三路39巷2號六樓之2,68,6800700,6800700-010,29鄰,華亞三路,,39巷,,,,2號六樓之2,121.381255906337,25.0490517273395
桃園市龜山區樂善里29鄰華亞三路39巷2號六樓之3,68,6800700,6800700-010,29鄰,華亞三路,,39巷,,,,2號六樓之3,121.381255906337,25.0490517273395
桃園市龜山區樂善里29鄰華亞三路39巷2號六樓之5,68,6800700,6800700-010,29鄰,華亞三路,,39巷,,,,2號六樓之5,121.381255906337,25.0490517273395
桃園市龜山區樂善里29鄰華亞三路39巷2號六樓之6,68,6800700,6800700-010,29鄰,華亞三路,,39巷,,,,2號六樓之6,121.381255906337,25.0490517273395
桃園市龜山區樂善里29鄰華亞三路39巷2號六樓之7,68,6800700,6800700-010,29鄰,華亞三路,,39巷,,,,2號六樓之7,121.381255906337,25.0490517273395
桃園市龜山區樂善里29鄰華亞三路39巷2號六樓之8,68,6800700,6800700-010,29鄰,華亞三路,,39巷,,,,2號六樓之8,121.381255906337,25.0490517273395
桃園市龜山區樂善里29鄰華亞三路39巷2號七樓之1,68,6800700,6800700-010,29鄰,華亞三路,,39巷,,,,2號七樓之1,121.381255906337,25.0490517273395
桃園市龜山區樂善里29鄰華亞三路39巷2號七樓之2,68,6800700,6800700-010,29鄰,華亞三路,,39巷,,,,2號七樓之2,121.381255906337,25.0490517273395
桃園市龜山區樂善里29鄰華亞三路39巷2號七樓之3,68,6800700,6800700-010,29鄰,華亞三路,,39巷,,,,2號七樓之3,121.381255906337,25.0490517273395
桃園市龜山區樂善里29鄰華亞三路39巷2號七樓之5,68,6800700,6800700-010,29鄰,華亞三路,,39巷,,,,2號七樓之5,121.381255906337,25.0490517273395
桃園市龜山區樂善里29鄰華亞三路39巷2號七樓之6,68,6800700,6800700-010,29鄰,華亞三路,,39巷,,,,2號七樓之6,121.381255906337,25.0490517273395
桃園市龜山區樂善里29鄰華亞三路39巷2號七樓之7,68,6800700,6800700-010,29鄰,華亞三路,,39巷,,,,2號七樓之7,121.381255906337,25.0490517273395
桃園市龜山區樂善里29鄰華亞三路39巷2號七樓之8,68,6800700,6800700-010,29鄰,華亞三路,,39巷,,,,2號七樓之8,121.381255906337,25.0490517273395
桃園市龜山區樂善里29鄰華亞三路39巷2號八樓之1,68,6800700,6800700-010,29鄰,華亞三路,,39巷,,,,2號八樓之1,121.381255906337,25.0490517273395
桃園市龜山區樂善里29鄰華亞三路39巷2號八樓之2,68,6800700,6800700-010,29鄰,華亞三路,,39巷,,,,2號八樓之2,121.381255906337,25.0490517273395
桃園市龜山區樂善里29鄰華亞三路39巷2號八樓之3,68,6800700,6800700-010,29鄰,華亞三路,,39巷,,,,2號八樓之3,121.381255906337,25.0490517273395
桃園市龜山區樂善里29鄰華亞三路39巷2號八樓之5,68,6800700,6800700-010,29鄰,華亞三路,,39巷,,,,2號八樓之5,121.381255906337,25.0490517273395
桃園市龜山區樂善里29鄰華亞三路39巷2號八樓之6,68,6800700,6800700-010,29鄰,華亞三路,,39巷,,,,2號八樓之6,121.381255906337,25.0490517273395
桃園市龜山區樂善里29鄰華亞三路39巷2號八樓之7,68,6800700,6800700-010,29鄰,華亞三路,,39巷,,,,2號八樓之7,121.381255906337,25.0490517273395
桃園市龜山區樂善里29鄰華亞三路39巷2號八樓之8,68,6800700,6800700-010,29鄰,華亞三路,,39巷,,,,2號八樓之8,121.381255906337,25.0490517273395
桃園市龜山區樂善里29鄰華亞三路39巷2號九樓之1,68,6800700,6800700-010,29鄰,華亞三路,,39巷,,,,2號九樓之1,121.381255906337,25.0490517273395
桃園市龜山區樂善里29鄰華亞三路39巷2號九樓之2,68,6800700,6800700-010,29鄰,華亞三路,,39巷,,,,2號九樓之2,121.381255906337,25.0490517273395
桃園市龜山區樂善里29鄰華亞三路39巷2號九樓之3,68,6800700,6800700-010,29鄰,華亞三路,,39巷,,,,2號九樓之3,121.381255906337,25.0490517273395
桃園市龜山區樂善里29鄰華亞三路39巷2號九樓之5,68,6800700,6800700-010,29鄰,華亞三路,,39巷,,,,2號九樓之5,121.381255906337,25.0490517273395
桃園市龜山區樂善里29鄰華亞三路39巷2號九樓之6,68,6800700,6800700-010,29鄰,華亞三路,,39巷,,,,2號九樓之6,121.381255906337,25.0490517273395
桃園市龜山區樂善里29鄰華亞三路39巷2號九樓之7,68,6800700,6800700-010,29鄰,華亞三路,,39巷,,,,2號九樓之7,121.381255906337,25.0490517273395
桃園市龜山區樂善里29鄰華亞三路39巷2號九樓之8,68,6800700,6800700-010,29鄰,華亞三路,,39巷,,,,2號九樓之8,121.381255906337,25.0490517273395
桃園市龜山區樂善里29鄰華亞三路39巷2號十一樓之1,68,6800700,6800700-010,29鄰,華亞三路,,39巷,,,,2號十一樓之1,121.381255906337,25.0490517273395
桃園市龜山區樂善里29鄰華亞三路39巷2號十一樓之2,68,6800700,6800700-010,29鄰,華亞三路,,39巷,,,,2號十一樓之2,121.381255906337,25.0490517273395
桃園市龜山區樂善里29鄰華亞三路39巷2號十一樓之3,68,6800700,6800700-010,29鄰,華亞三路,,39巷,,,,2號十一樓之3,121.381255906337,25.0490517273395
桃園市龜山區樂善里29鄰華亞三路39巷2號十一樓之5,68,6800700,6800700-010,29鄰,華亞三路,,39巷,,,,2號十一樓之5,121.381255906337,25.0490517273395
桃園市龜山區樂善里29鄰華亞三路39巷2號十一樓之6,68,6800700,6800700-010,29鄰,華亞三路,,39巷,,,,2號十一樓之6,121.381255906337,25.0490517273395
桃園市龜山區樂善里29鄰華亞三路39巷2號十一樓之7,68,6800700,6800700-010,29鄰,華亞三路,,39巷,,,,2號十一樓之7,121.381255906337,25.0490517273395
桃園市龜山區樂善里29鄰華亞三路39巷2號十一樓之8,68,6800700,6800700-010,29鄰,華亞三路,,39巷,,,,2號十一樓之8,121.381255906337,25.0490517273395
桃園市龜山區樂善里29鄰華亞三路39巷2號十二樓之1,68,6800700,6800700-010,29鄰,華亞三路,,39巷,,,,2號十二樓之1,121.381255906337,25.0490517273395
桃園市龜山區樂善里29鄰華亞三路39巷2號十二樓之2,68,6800700,6800700-010,29鄰,華亞三路,,39巷,,,,2號十二樓之2,121.381255906337,25.0490517273395
桃園市龜山區樂善里29鄰華亞三路39巷2號十二樓之3,68,6800700,6800700-010,29鄰,華亞三路,,39巷,,,,2號十二樓之3,121.381255906337,25.0490517273395
桃園市龜山區樂善里29鄰華亞三路39巷2號十二樓之5,68,6800700,6800700-010,29鄰,華亞三路,,39巷,,,,2號十二樓之5,121.381255906337,25.0490517273395
桃園市龜山區樂善里29鄰華亞三路39巷2號十二樓之6,68,6800700,6800700-010,29鄰,華亞三路,,39巷,,,,2號十二樓之6,121.381255906337,25.0490517273395
桃園市龜山區樂善里29鄰華亞三路39巷2號十二樓之7,68,6800700,6800700-010,29鄰,華亞三路,,39巷,,,,2號十二樓之7,121.381255906337,25.0490517273395
桃園市龜山區樂善里29鄰華亞三路39巷2號十二樓之8,68,6800700,6800700-010,29鄰,華亞三路,,39巷,,,,2號十二樓之8,121.381255906337,25.0490517273395
桃園市龜山區樂善里29鄰華亞三路39巷2號十三樓之1,68,6800700,6800700-010,29鄰,華亞三路,,39巷,,,,2號十三樓之1,121.381255906337,25.0490517273395
桃園市龜山區樂善里29鄰華亞三路39巷2號十三樓之2,68,6800700,6800700-010,29鄰,華亞三路,,39巷,,,,2號十三樓之2,121.381255906337,25.0490517273395
桃園市龜山區樂善里29鄰華亞三路39巷2號十三樓之3,68,6800700,6800700-010,29鄰,華亞三路,,39巷,,,,2號十三樓之3,121.381255906337,25.0490517273395
桃園市龜山區樂善里29鄰華亞三路39巷2號十三樓之5,68,6800700,6800700-010,29鄰,華亞三路,,39巷,,,,2號十三樓之5,121.381255906337,25.0490517273395
桃園市龜山區樂善里29鄰華亞三路39巷2號十三樓之6,68,6800700,6800700-010,29鄰,華亞三路,,39巷,,,,2號十三樓之6,121.381255906337,25.0490517273395
桃園市龜山區樂善里29鄰華亞三路39巷2號十三樓之7,68,6800700,6800700-010,29鄰,華亞三路,,39巷,,,,2號十三樓之7,121.381255906337,25.0490517273395
桃園市龜山區樂善里29鄰華亞三路39巷2號十三樓之8,68,6800700,6800700-010,29鄰,華亞三路,,39巷,,,,2號十三樓之8,121.381255906337,25.0490517273395
桃園市龜山區樂善里29鄰華亞三路39巷2號十四樓之1,68,6800700,6800700-010,29鄰,華亞三路,,39巷,,,,2號十四樓之1,121.381255906337,25.0490517273395
桃園市龜山區樂善里29鄰華亞三路39巷2號十四樓之2,68,6800700,6800700-010,29鄰,華亞三路,,39巷,,,,2號十四樓之2,121.381255906337,25.0490517273395
桃園市龜山區樂善里29鄰華亞三路39巷2號十四樓之3,68,6800700,6800700-010,29鄰,華亞三路,,39巷,,,,2號十四樓之3,121.381255906337,25.0490517273395
桃園市龜山區樂善里29鄰華亞三路39巷2號十四樓之5,68,6800700,6800700-010,29鄰,華亞三路,,39巷,,,,2號十四樓之5,121.381255906337,25.0490517273395
桃園市龜山區樂善里29鄰華亞三路39巷2號十四樓之6,68,6800700,6800700-010,29鄰,華亞三路,,39巷,,,,2號十四樓之6,121.381255906337,25.0490517273395
桃園市龜山區樂善里29鄰華亞三路39巷2號十四樓之7,68,6800700,6800700-010,29鄰,華亞三路,,39巷,,,,2號十四樓之7,121.381255906337,25.0490517273395
桃園市龜山區樂善里29鄰華亞三路39巷2號十四樓之8,68,6800700,6800700-010,29鄰,華亞三路,,39巷,,,,2號十四樓之8,121.381255906337,25.0490517273395
桃園市龜山區樂善里29鄰華亞三路39巷2號十五樓之1,68,6800700,6800700-010,29鄰,華亞三路,,39巷,,,,2號十五樓之1,121.381255906337,25.0490517273395
桃園市龜山區樂善里29鄰華亞三路39巷2號十五樓之2,68,6800700,6800700-010,29鄰,華亞三路,,39巷,,,,2號十五樓之2,121.381255906337,25.0490517273395
桃園市龜山區樂善里29鄰華亞三路39巷2號十五樓之3,68,6800700,6800700-010,29鄰,華亞三路,,39巷,,,,2號十五樓之3,121.381255906337,25.0490517273395
桃園市龜山區樂善里29鄰華亞三路39巷2號十五樓之5,68,6800700,6800700-010,29鄰,華亞三路,,39巷,,,,2號十五樓之5,121.381255906337,25.0490517273395
桃園市龜山區樂善里29鄰華亞三路39巷2號十五樓之6,68,6800700,6800700-010,29鄰,華亞三路,,39巷,,,,2號十五樓之6,121.381255906337,25.0490517273395
桃園市龜山區樂善里29鄰華亞三路39巷2號十五樓之7,68,6800700,6800700-010,29鄰,華亞三路,,39巷,,,,2號十五樓之7,121.381255906337,25.0490517273395
桃園市龜山區樂善里29鄰華亞三路39巷2號十五樓之8,68,6800700,6800700-010,29鄰,華亞三路,,39巷,,,,2號十五樓之8,121.381255906337,25.0490517273395
桃園市龜山區樂善里3鄰華亞三路39巷3號,68,6800700,6800700-010,3鄰,華亞三路,,39巷,,,,3號,121.381507430827,25.0491771151716
桃園市龜山區樂善里3鄰華亞三路39巷3號十樓,68,6800700,6800700-010,3鄰,華亞三路,,39巷,,,,3號十樓,121.381507430827,25.0491771151716
桃園市龜山區樂善里3鄰華亞三路39巷3號二樓,68,6800700,6800700-010,3鄰,華亞三路,,39巷,,,,3號二樓,121.381507430827,25.0491771151716
桃園市龜山區樂善里3鄰華亞三路39巷3號四樓,68,6800700,6800700-010,3鄰,華亞三路,,39巷,,,,3號四樓,121.381507430827,25.0491771151716
桃園市龜山區樂善里3鄰華亞三路39巷3號五樓,68,6800700,6800700-010,3鄰,華亞三路,,39巷,,,,3號五樓,121.381507430827,25.0491771151716
桃園市龜山區樂善里3鄰華亞三路39巷3號六樓,68,6800700,6800700-010,3鄰,華亞三路,,39巷,,,,3號六樓,121.381507430827,25.0491771151716
桃園市龜山區樂善里3鄰華亞三路39巷3號七樓,68,6800700,6800700-010,3鄰,華亞三路,,39巷,,,,3號七樓,121.381507430827,25.0491771151716
桃園市龜山區樂善里3鄰華亞三路39巷3號八樓,68,6800700,6800700-010,3鄰,華亞三路,,39巷,,,,3號八樓,121.381507430827,25.0491771151716
桃園市龜山區樂善里3鄰華亞三路39巷3號九樓,68,6800700,6800700-010,3鄰,華亞三路,,39巷,,,,3號九樓,121.381507430827,25.0491771151716
桃園市龜山區樂善里3鄰華亞三路39巷3號十一樓,68,6800700,6800700-010,3鄰,華亞三路,,39巷,,,,3號十一樓,121.381507430827,25.0491771151716
桃園市龜山區樂善里3鄰華亞三路39巷3號十二樓,68,6800700,6800700-010,3鄰,華亞三路,,39巷,,,,3號十二樓,121.381507430827,25.0491771151716
桃園市龜山區樂善里3鄰華亞三路39巷3號十三樓,68,6800700,6800700-010,3鄰,華亞三路,,39巷,,,,3號十三樓,121.381507430827,25.0491771151716
桃園市龜山區樂善里3鄰華亞三路39巷3號十四樓,68,6800700,6800700-010,3鄰,華亞三路,,39巷,,,,3號十四樓,121.381507430827,25.0491771151716
桃園市龜山區樂善里3鄰華亞三路39巷3號十五樓,68,6800700,6800700-010,3鄰,華亞三路,,39巷,,,,3號十五樓,121.381507430827,25.0491771151716
桃園市龜山區樂善里3鄰華亞三路39巷3號十六樓,68,6800700,6800700-010,3鄰,華亞三路,,39巷,,,,3號十六樓,121.381507430827,25.0491771151716
桃園市龜山區樂善里3鄰華亞三路39巷3號十七樓,68,6800700,6800700-010,3鄰,華亞三路,,39巷,,,,3號十七樓,121.381507430827,25.0491771151716
桃園市龜山區樂善里3鄰華亞三路39巷3號十八樓,68,6800700,6800700-010,3鄰,華亞三路,,39巷,,,,3號十八樓,121.381507430827,25.0491771151716
桃園市龜山區樂善里3鄰華亞三路39巷3號十九樓,68,6800700,6800700-010,3鄰,華亞三路,,39巷,,,,3號十九樓,121.381507430827,25.0491771151716
桃園市龜山區樂善里3鄰華亞三路39巷3號二十樓,68,6800700,6800700-010,3鄰,華亞三路,,39巷,,,,3號二十樓,121.381507430827,25.0491771151716
桃園市龜山區樂善里3鄰華亞三路39巷3號二十一樓,68,6800700,6800700-010,3鄰,華亞三路,,39巷,,,,3號二十一樓,121.381507430827,25.0491771151716
桃園市龜山區樂善里3鄰華亞三路39巷3號二十二樓,68,6800700,6800700-010,3鄰,華亞三路,,39巷,,,,3號二十二樓,121.381507430827,25.0491771151716
桃園市龜山區樂善里3鄰華亞三路39巷3號二十三樓,68,6800700,6800700-010,3鄰,華亞三路,,39巷,,,,3號二十三樓,121.381507430827,25.0491771151716
桃園市龜山區樂善里3鄰華亞三路39巷3號二十四樓,68,6800700,6800700-010,3鄰,華亞三路,,39巷,,,,3號二十四樓,121.381507430827,25.0491771151716
桃園市龜山區樂善里3鄰華亞三路39巷5號,68,6800700,6800700-010,3鄰,華亞三路,,39巷,,,,5號,121.381561149555,25.0491460104965
桃園市龜山區樂善里3鄰華亞三路39巷5號十樓,68,6800700,6800700-010,3鄰,華亞三路,,39巷,,,,5號十樓,121.381561149555,25.0491460104965
桃園市龜山區樂善里3鄰華亞三路39巷5號二樓,68,6800700,6800700-010,3鄰,華亞三路,,39巷,,,,5號二樓,121.381561149555,25.0491460104965
桃園市龜山區樂善里3鄰華亞三路39巷5號三樓,68,6800700,6800700-010,3鄰,華亞三路,,39巷,,,,5號三樓,121.381561149555,25.0491460104965
桃園市龜山區樂善里3鄰華亞三路39巷5號四樓,68,6800700,6800700-010,3鄰,華亞三路,,39巷,,,,5號四樓,121.381561149555,25.0491460104965
桃園市龜山區樂善里3鄰華亞三路39巷5號五樓,68,6800700,6800700-010,3鄰,華亞三路,,39巷,,,,5號五樓,121.381561149555,25.0491460104965
桃園市龜山區樂善里3鄰華亞三路39巷5號六樓,68,6800700,6800700-010,3鄰,華亞三路,,39巷,,,,5號六樓,121.381561149555,25.0491460104965
桃園市龜山區樂善里3鄰華亞三路39巷5號七樓,68,6800700,6800700-010,3鄰,華亞三路,,39巷,,,,5號七樓,121.381561149555,25.0491460104965
桃園市龜山區樂善里3鄰華亞三路39巷5號八樓,68,6800700,6800700-010,3鄰,華亞三路,,39巷,,,,5號八樓,121.381561149555,25.0491460104965
桃園市龜山區樂善里3鄰華亞三路39巷5號九樓,68,6800700,6800700-010,3鄰,華亞三路,,39巷,,,,5號九樓,121.381561149555,25.0491460104965
桃園市龜山區樂善里3鄰華亞三路39巷5號十一樓,68,6800700,6800700-010,3鄰,華亞三路,,39巷,,,,5號十一樓,121.381561149555,25.0491460104965
桃園市龜山區樂善里3鄰華亞三路39巷5號十二樓,68,6800700,6800700-010,3鄰,華亞三路,,39巷,,,,5號十二樓,121.381561149555,25.0491460104965
桃園市龜山區樂善里3鄰華亞三路39巷5號十三樓,68,6800700,6800700-010,3鄰,華亞三路,,39巷,,,,5號十三樓,121.381561149555,25.0491460104965
桃園市龜山區樂善里3鄰華亞三路39巷5號十四樓,68,6800700,6800700-010,3鄰,華亞三路,,39巷,,,,5號十四樓,121.381561149555,25.0491460104965
桃園市龜山區樂善里3鄰華亞三路39巷5號十五樓,68,6800700,6800700-010,3鄰,華亞三路,,39巷,,,,5號十五樓,121.381561149555,25.0491460104965
桃園市龜山區樂善里3鄰華亞三路39巷5號十六樓,68,6800700,6800700-010,3鄰,華亞三路,,39巷,,,,5號十六樓,121.381561149555,25.0491460104965
桃園市龜山區樂善里3鄰華亞三路39巷5號十七樓,68,6800700,6800700-010,3鄰,華亞三路,,39巷,,,,5號十七樓,121.381561149555,25.0491460104965
桃園市龜山區樂善里3鄰華亞三路39巷5號十八樓,68,6800700,6800700-010,3鄰,華亞三路,,39巷,,,,5號十八樓,121.381561149555,25.0491460104965
桃園市龜山區樂善里3鄰華亞三路39巷5號十九樓,68,6800700,6800700-010,3鄰,華亞三路,,39巷,,,,5號十九樓,121.381561149555,25.0491460104965
桃園市龜山區樂善里3鄰華亞三路39巷5號二十樓,68,6800700,6800700-010,3鄰,華亞三路,,39巷,,,,5號二十樓,121.381561149555,25.0491460104965
桃園市龜山區樂善里3鄰華亞三路39巷5號二十一樓,68,6800700,6800700-010,3鄰,華亞三路,,39巷,,,,5號二十一樓,121.381561149555,25.0491460104965
桃園市龜山區樂善里3鄰華亞三路39巷5號二十二樓,68,6800700,6800700-010,3鄰,華亞三路,,39巷,,,,5號二十二樓,121.381561149555,25.0491460104965
桃園市龜山區樂善里3鄰華亞三路39巷5號二十三樓,68,6800700,6800700-010,3鄰,華亞三路,,39巷,,,,5號二十三樓,121.381561149555,25.0491460104965
桃園市龜山區樂善里3鄰華亞三路39巷5號二十四樓,68,6800700,6800700-010,3鄰,華亞三路,,39巷,,,,5號二十四樓,121.381561149555,25.0491460104965
桃園市龜山區樂善里29鄰華亞三路39巷6號,68,6800700,6800700-010,29鄰,華亞三路,,39巷,,,,6號,121.381315980141,25.0490245788473
桃園市龜山區樂善里3鄰華亞三路39巷7號,68,6800700,6800700-010,3鄰,華亞三路,,39巷,,,,7號,121.381634049818,25.0491003211329
桃園市龜山區樂善里3鄰華亞三路39巷7號二樓,68,6800700,6800700-010,3鄰,華亞三路,,39巷,,,,7號二樓,121.381634049818,25.0491003211329
桃園市龜山區樂善里29鄰華亞三路39巷8號,68,6800700,6800700-010,29鄰,華亞三路,,39巷,,,,8號,121.381391093714,25.0489895371896
桃園市龜山區樂善里3鄰華亞三路39巷9號十樓,68,6800700,6800700-010,3鄰,華亞三路,,39巷,,,,9號十樓,121.381737046368,25.0491722820417
桃園市龜山區樂善里3鄰華亞三路39巷9號三樓,68,6800700,6800700-010,3鄰,華亞三路,,39巷,,,,9號三樓,121.381737046368,25.0491722820417
桃園市龜山區樂善里3鄰華亞三路39巷9號四樓,68,6800700,6800700-010,3鄰,華亞三路,,39巷,,,,9號四樓,121.381737046368,25.0491722820417
桃園市龜山區樂善里3鄰華亞三路39巷9號五樓,68,6800700,6800700-010,3鄰,華亞三路,,39巷,,,,9號五樓,121.381737046368,25.0491722820417
桃園市龜山區樂善里3鄰華亞三路39巷9號六樓,68,6800700,6800700-010,3鄰,華亞三路,,39巷,,,,9號六樓,121.381737046368,25.0491722820417
桃園市龜山區樂善里3鄰華亞三路39巷9號七樓,68,6800700,6800700-010,3鄰,華亞三路,,39巷,,,,9號七樓,121.381737046368,25.0491722820417
桃園市龜山區樂善里3鄰華亞三路39巷9號八樓,68,6800700,6800700-010,3鄰,華亞三路,,39巷,,,,9號八樓,121.381737046368,25.0491722820417
桃園市龜山區樂善里3鄰華亞三路39巷9號九樓,68,6800700,6800700-010,3鄰,華亞三路,,39巷,,,,9號九樓,121.381737046368,25.0491722820417
桃園市龜山區樂善里3鄰華亞三路39巷9號十一樓,68,6800700,6800700-010,3鄰,華亞三路,,39巷,,,,9號十一樓,121.381737046368,25.0491722820417
桃園市龜山區樂善里3鄰華亞三路39巷9號十二樓,68,6800700,6800700-010,3鄰,華亞三路,,39巷,,,,9號十二樓,121.381737046368,25.0491722820417
桃園市龜山區樂善里3鄰華亞三路39巷9號十三樓,68,6800700,6800700-010,3鄰,華亞三路,,39巷,,,,9號十三樓,121.381737046368,25.0491722820417
桃園市龜山區樂善里3鄰華亞三路39巷9號十四樓,68,6800700,6800700-010,3鄰,華亞三路,,39巷,,,,9號十四樓,121.381737046368,25.0491722820417
桃園市龜山區樂善里3鄰華亞三路39巷9號十五樓,68,6800700,6800700-010,3鄰,華亞三路,,39巷,,,,9號十五樓,121.381737046368,25.0491722820417
桃園市龜山區樂善里3鄰華亞三路39巷9號十六樓,68,6800700,6800700-010,3鄰,華亞三路,,39巷,,,,9號十六樓,121.381737046368,25.0491722820417
桃園市龜山區樂善里3鄰華亞三路39巷9號十七樓,68,6800700,6800700-010,3鄰,華亞三路,,39巷,,,,9號十七樓,121.381737046368,25.0491722820417
桃園市龜山區樂善里3鄰華亞三路39巷9號十八樓,68,6800700,6800700-010,3鄰,華亞三路,,39巷,,,,9號十八樓,121.381737046368,25.0491722820417
桃園市龜山區樂善里3鄰華亞三路39巷9號十九樓,68,6800700,6800700-010,3鄰,華亞三路,,39巷,,,,9號十九樓,121.381737046368,25.0491722820417
桃園市龜山區樂善里3鄰華亞三路39巷9號二十樓,68,6800700,6800700-010,3鄰,華亞三路,,39巷,,,,9號二十樓,121.381737046368,25.0491722820417
桃園市龜山區樂善里3鄰華亞三路39巷9號二十一樓,68,6800700,6800700-010,3鄰,華亞三路,,39巷,,,,9號二十一樓,121.381737046368,25.0491722820417
桃園市龜山區樂善里3鄰華亞三路39巷9號二十二樓,68,6800700,6800700-010,3鄰,華亞三路,,39巷,,,,9號二十二樓,121.381737046368,25.0491722820417
桃園市龜山區樂善里3鄰華亞三路39巷9號二十三樓,68,6800700,6800700-010,3鄰,華亞三路,,39巷,,,,9號二十三樓,121.381737046368,25.0491722820417
桃園市龜山區樂善里3鄰華亞三路39巷9號二十四樓,68,6800700,6800700-010,3鄰,華亞三路,,39巷,,,,9號二十四樓,121.381737046368,25.0491722820417
桃園市龜山區樂善里29鄰華亞三路39巷10號,68,6800700,6800700-010,29鄰,華亞三路,,39巷,,,,10號,121.3814511493,25.0489565203637
桃園市龜山區樂善里3鄰華亞三路39巷11號,68,6800700,6800700-010,3鄰,華亞三路,,39巷,,,,11號,121.381788573583,25.0492655914226
桃園市龜山區樂善里3鄰華亞三路39巷11號十樓,68,6800700,6800700-010,3鄰,華亞三路,,39巷,,,,11號十樓,121.381788573583,25.0492655914226
桃園市龜山區樂善里3鄰華亞三路39巷11號二樓,68,6800700,6800700-010,3鄰,華亞三路,,39巷,,,,11號二樓,121.381788573583,25.0492655914226
桃園市龜山區樂善里3鄰華亞三路39巷11號三樓,68,6800700,6800700-010,3鄰,華亞三路,,39巷,,,,11號三樓,121.381788573583,25.0492655914226
桃園市龜山區樂善里3鄰華亞三路39巷11號四樓,68,6800700,6800700-010,3鄰,華亞三路,,39巷,,,,11號四樓,121.381788573583,25.0492655914226
桃園市龜山區樂善里3鄰華亞三路39巷11號五樓,68,6800700,6800700-010,3鄰,華亞三路,,39巷,,,,11號五樓,121.381788573583,25.0492655914226
桃園市龜山區樂善里3鄰華亞三路39巷11號六樓,68,6800700,6800700-010,3鄰,華亞三路,,39巷,,,,11號六樓,121.381788573583,25.0492655914226
桃園市龜山區樂善里3鄰華亞三路39巷11號七樓,68,6800700,6800700-010,3鄰,華亞三路,,39巷,,,,11號七樓,121.381788573583,25.0492655914226
桃園市龜山區樂善里3鄰華亞三路39巷11號八樓,68,6800700,6800700-010,3鄰,華亞三路,,39巷,,,,11號八樓,121.381788573583,25.0492655914226
桃園市龜山區樂善里3鄰華亞三路39巷11號九樓,68,6800700,6800700-010,3鄰,華亞三路,,39巷,,,,11號九樓,121.381788573583,25.0492655914226
桃園市龜山區樂善里3鄰華亞三路39巷11號十一樓,68,6800700,6800700-010,3鄰,華亞三路,,39巷,,,,11號十一樓,121.381788573583,25.0492655914226
桃園市龜山區樂善里3鄰華亞三路39巷11號十二樓,68,6800700,6800700-010,3鄰,華亞三路,,39巷,,,,11號十二樓,121.381788573583,25.0492655914226
桃園市龜山區樂善里3鄰華亞三路39巷11號十三樓,68,6800700,6800700-010,3鄰,華亞三路,,39巷,,,,11號十三樓,121.381788573583,25.0492655914226
桃園市龜山區樂善里3鄰華亞三路39巷11號十四樓,68,6800700,6800700-010,3鄰,華亞三路,,39巷,,,,11號十四樓,121.381788573583,25.0492655914226
桃園市龜山區樂善里3鄰華亞三路39巷11號十五樓,68,6800700,6800700-010,3鄰,華亞三路,,39巷,,,,11號十五樓,121.381788573583,25.0492655914226
桃園市龜山區樂善里3鄰華亞三路39巷11號十六樓,68,6800700,6800700-010,3鄰,華亞三路,,39巷,,,,11號十六樓,121.381788573583,25.0492655914226
桃園市龜山區樂善里3鄰華亞三路39巷11號十七樓,68,6800700,6800700-010,3鄰,華亞三路,,39巷,,,,11號十七樓,121.381788573583,25.0492655914226
桃園市龜山區樂善里3鄰華亞三路39巷11號十八樓,68,6800700,6800700-010,3鄰,華亞三路,,39巷,,,,11號十八樓,121.381788573583,25.0492655914226
桃園市龜山區樂善里3鄰華亞三路39巷11號十九樓,68,6800700,6800700-010,3鄰,華亞三路,,39巷,,,,11號十九樓,121.381788573583,25.0492655914226
桃園市龜山區樂善里3鄰華亞三路39巷11號二十樓,68,6800700,6800700-010,3鄰,華亞三路,,39巷,,,,11號二十樓,121.381788573583,25.0492655914226
桃園市龜山區樂善里3鄰華亞三路39巷11號二十一樓,68,6800700,6800700-010,3鄰,華亞三路,,39巷,,,,11號二十一樓,121.381788573583,25.0492655914226
桃園市龜山區樂善里3鄰華亞三路39巷11號二十二樓,68,6800700,6800700-010,3鄰,華亞三路,,39巷,,,,11號二十二樓,121.381788573583,25.0492655914226
桃園市龜山區樂善里3鄰華亞三路39巷11號二十三樓,68,6800700,6800700-010,3鄰,華亞三路,,39巷,,,,11號二十三樓,121.381788573583,25.0492655914226
桃園市龜山區樂善里3鄰華亞三路39巷11號二十四樓,68,6800700,6800700-010,3鄰,華亞三路,,39巷,,,,11號二十四樓,121.381788573583,25.0492655914226
桃園市龜山區樂善里29鄰華亞三路39巷12號十樓之1,68,6800700,6800700-010,29鄰,華亞三路,,39巷,,,,12號十樓之1,121.381633505515,25.0487324236287
桃園市龜山區樂善里29鄰華亞三路39巷12號十樓之2,68,6800700,6800700-010,29鄰,華亞三路,,39巷,,,,12號十樓之2,121.381633505515,25.0487324236287
桃園市龜山區樂善里29鄰華亞三路39巷12號十樓之3,68,6800700,6800700-010,29鄰,華亞三路,,39巷,,,,12號十樓之3,121.381633505515,25.0487324236287
桃園市龜山區樂善里29鄰華亞三路39巷12號十樓之5,68,6800700,6800700-010,29鄰,華亞三路,,39巷,,,,12號十樓之5,121.381633505515,25.0487324236287
桃園市龜山區樂善里29鄰華亞三路39巷12號十樓之6,68,6800700,6800700-010,29鄰,華亞三路,,39巷,,,,12號十樓之6,121.381633505515,25.0487324236287
桃園市龜山區樂善里29鄰華亞三路39巷12號十樓之7,68,6800700,6800700-010,29鄰,華亞三路,,39巷,,,,12號十樓之7,121.381633505515,25.0487324236287
桃園市龜山區樂善里29鄰華亞三路39巷12號二樓之1,68,6800700,6800700-010,29鄰,華亞三路,,39巷,,,,12號二樓之1,121.381633505515,25.0487324236287
桃園市龜山區樂善里29鄰華亞三路39巷12號二樓之2,68,6800700,6800700-010,29鄰,華亞三路,,39巷,,,,12號二樓之2,121.381633505515,25.0487324236287
桃園市龜山區樂善里29鄰華亞三路39巷12號二樓之3,68,6800700,6800700-010,29鄰,華亞三路,,39巷,,,,12號二樓之3,121.381633505515,25.0487324236287
桃園市龜山區樂善里29鄰華亞三路39巷12號二樓之5,68,6800700,6800700-010,29鄰,華亞三路,,39巷,,,,12號二樓之5,121.381633505515,25.0487324236287
桃園市龜山區樂善里29鄰華亞三路39巷12號二樓之6,68,6800700,6800700-010,29鄰,華亞三路,,39巷,,,,12號二樓之6,121.381633505515,25.0487324236287
桃園市龜山區樂善里29鄰華亞三路39巷12號二樓之7,68,6800700,6800700-010,29鄰,華亞三路,,39巷,,,,12號二樓之7,121.381633505515,25.0487324236287
桃園市龜山區樂善里29鄰華亞三路39巷12號三樓之1,68,6800700,6800700-010,29鄰,華亞三路,,39巷,,,,12號三樓之1,121.381633505515,25.0487324236287
桃園市龜山區樂善里29鄰華亞三路39巷12號三樓之2,68,6800700,6800700-010,29鄰,華亞三路,,39巷,,,,12號三樓之2,121.381633505515,25.0487324236287
桃園市龜山區樂善里29鄰華亞三路39巷12號三樓之3,68,6800700,6800700-010,29鄰,華亞三路,,39巷,,,,12號三樓之3,121.381633505515,25.0487324236287
桃園市龜山區樂善里29鄰華亞三路39巷12號三樓之5,68,6800700,6800700-010,29鄰,華亞三路,,39巷,,,,12號三樓之5,121.381633505515,25.0487324236287
桃園市龜山區樂善里29鄰華亞三路39巷12號三樓之6,68,6800700,6800700-010,29鄰,華亞三路,,39巷,,,,12號三樓之6,121.381633505515,25.0487324236287
桃園市龜山區樂善里29鄰華亞三路39巷12號三樓之7,68,6800700,6800700-010,29鄰,華亞三路,,39巷,,,,12號三樓之7,121.381633505515,25.0487324236287
桃園市龜山區樂善里29鄰華亞三路39巷12號四樓之1,68,6800700,6800700-010,29鄰,華亞三路,,39巷,,,,12號四樓之1,121.381633505515,25.0487324236287
桃園市龜山區樂善里29鄰華亞三路39巷12號四樓之2,68,6800700,6800700-010,29鄰,華亞三路,,39巷,,,,12號四樓之2,121.381633505515,25.0487324236287
桃園市龜山區樂善里29鄰華亞三路39巷12號四樓之3,68,6800700,6800700-010,29鄰,華亞三路,,39巷,,,,12號四樓之3,121.381633505515,25.0487324236287
桃園市龜山區樂善里29鄰華亞三路39巷12號四樓之5,68,6800700,6800700-010,29鄰,華亞三路,,39巷,,,,12號四樓之5,121.381633505515,25.0487324236287
桃園市龜山區樂善里29鄰華亞三路39巷12號四樓之6,68,6800700,6800700-010,29鄰,華亞三路,,39巷,,,,12號四樓之6,121.381633505515,25.0487324236287
桃園市龜山區樂善里29鄰華亞三路39巷12號四樓之7,68,6800700,6800700-010,29鄰,華亞三路,,39巷,,,,12號四樓之7,121.381633505515,25.0487324236287
桃園市龜山區樂善里29鄰華亞三路39巷12號五樓之1,68,6800700,6800700-010,29鄰,華亞三路,,39巷,,,,12號五樓之1,121.381633505515,25.0487324236287
桃園市龜山區樂善里29鄰華亞三路39巷12號五樓之2,68,6800700,6800700-010,29鄰,華亞三路,,39巷,,,,12號五樓之2,121.381633505515,25.0487324236287
桃園市龜山區樂善里29鄰華亞三路39巷12號五樓之3,68,6800700,6800700-010,29鄰,華亞三路,,39巷,,,,12號五樓之3,121.381633505515,25.0487324236287
桃園市龜山區樂善里29鄰華亞三路39巷12號五樓之5,68,6800700,6800700-010,29鄰,華亞三路,,39巷,,,,12號五樓之5,121.381633505515,25.0487324236287
桃園市龜山區樂善里29鄰華亞三路39巷12號五樓之6,68,6800700,6800700-010,29鄰,華亞三路,,39巷,,,,12號五樓之6,121.381633505515,25.0487324236287
桃園市龜山區樂善里29鄰華亞三路39巷12號五樓之7,68,6800700,6800700-010,29鄰,華亞三路,,39巷,,,,12號五樓之7,121.381633505515,25.0487324236287
桃園市龜山區樂善里29鄰華亞三路39巷12號六樓之1,68,6800700,6800700-010,29鄰,華亞三路,,39巷,,,,12號六樓之1,121.381633505515,25.0487324236287
桃園市龜山區樂善里29鄰華亞三路39巷12號六樓之2,68,6800700,6800700-010,29鄰,華亞三路,,39巷,,,,12號六樓之2,121.381633505515,25.0487324236287
桃園市龜山區樂善里29鄰華亞三路39巷12號六樓之3,68,6800700,6800700-010,29鄰,華亞三路,,39巷,,,,12號六樓之3,121.381633505515,25.0487324236287
桃園市龜山區樂善里29鄰華亞三路39巷12號六樓之5,68,6800700,6800700-010,29鄰,華亞三路,,39巷,,,,12號六樓之5,121.381633505515,25.0487324236287
桃園市龜山區樂善里29鄰華亞三路39巷12號六樓之6,68,6800700,6800700-010,29鄰,華亞三路,,39巷,,,,12號六樓之6,121.381633505515,25.0487324236287
桃園市龜山區樂善里29鄰華亞三路39巷12號六樓之7,68,6800700,6800700-010,29鄰,華亞三路,,39巷,,,,12號六樓之7,121.381633505515,25.0487324236287
桃園市龜山區樂善里29鄰華亞三路39巷12號七樓之1,68,6800700,6800700-010,29鄰,華亞三路,,39巷,,,,12號七樓之1,121.381633505515,25.0487324236287
桃園市龜山區樂善里29鄰華亞三路39巷12號七樓之2,68,6800700,6800700-010,29鄰,華亞三路,,39巷,,,,12號七樓之2,121.381633505515,25.0487324236287
桃園市龜山區樂善里29鄰華亞三路39巷12號七樓之3,68,6800700,6800700-010,29鄰,華亞三路,,39巷,,,,12號七樓之3,121.381633505515,25.0487324236287
桃園市龜山區樂善里29鄰華亞三路39巷12號七樓之5,68,6800700,6800700-010,29鄰,華亞三路,,39巷,,,,12號七樓之5,121.381633505515,25.0487324236287
桃園市龜山區樂善里29鄰華亞三路39巷12號七樓之6,68,6800700,6800700-010,29鄰,華亞三路,,39巷,,,,12號七樓之6,121.381633505515,25.0487324236287
桃園市龜山區樂善里29鄰華亞三路39巷12號七樓之7,68,6800700,6800700-010,29鄰,華亞三路,,39巷,,,,12號七樓之7,121.381633505515,25.0487324236287
桃園市龜山區樂善里29鄰華亞三路39巷12號八樓之1,68,6800700,6800700-010,29鄰,華亞三路,,39巷,,,,12號八樓之1,121.381633505515,25.0487324236287
桃園市龜山區樂善里29鄰華亞三路39巷12號八樓之2,68,6800700,6800700-010,29鄰,華亞三路,,39巷,,,,12號八樓之2,121.381633505515,25.0487324236287
桃園市龜山區樂善里29鄰華亞三路39巷12號八樓之3,68,6800700,6800700-010,29鄰,華亞三路,,39巷,,,,12號八樓之3,121.381633505515,25.0487324236287
桃園市龜山區樂善里29鄰華亞三路39巷12號八樓之5,68,6800700,6800700-010,29鄰,華亞三路,,39巷,,,,12號八樓之5,121.381633505515,25.0487324236287
桃園市龜山區樂善里29鄰華亞三路39巷12號八樓之6,68,6800700,6800700-010,29鄰,華亞三路,,39巷,,,,12號八樓之6,121.381633505515,25.0487324236287
桃園市龜山區樂善里29鄰華亞三路39巷12號八樓之7,68,6800700,6800700-010,29鄰,華亞三路,,39巷,,,,12號八樓之7,121.381633505515,25.0487324236287
桃園市龜山區樂善里29鄰華亞三路39巷12號九樓之1,68,6800700,6800700-010,29鄰,華亞三路,,39巷,,,,12號九樓之1,121.381633505515,25.0487324236287
桃園市龜山區樂善里29鄰華亞三路39巷12號九樓之2,68,6800700,6800700-010,29鄰,華亞三路,,39巷,,,,12號九樓之2,121.381633505515,25.0487324236287
桃園市龜山區樂善里29鄰華亞三路39巷12號九樓之3,68,6800700,6800700-010,29鄰,華亞三路,,39巷,,,,12號九樓之3,121.381633505515,25.0487324236287
桃園市龜山區樂善里29鄰華亞三路39巷12號九樓之5,68,6800700,6800700-010,29鄰,華亞三路,,39巷,,,,12號九樓之5,121.381633505515,25.0487324236287
桃園市龜山區樂善里29鄰華亞三路39巷12號九樓之6,68,6800700,6800700-010,29鄰,華亞三路,,39巷,,,,12號九樓之6,121.381633505515,25.0487324236287
桃園市龜山區樂善里29鄰華亞三路39巷12號九樓之7,68,6800700,6800700-010,29鄰,華亞三路,,39巷,,,,12號九樓之7,121.381633505515,25.0487324236287
桃園市龜山區樂善里29鄰華亞三路39巷12號十一樓之1,68,6800700,6800700-010,29鄰,華亞三路,,39巷,,,,12號十一樓之1,121.381633505515,25.0487324236287
桃園市龜山區樂善里29鄰華亞三路39巷12號十一樓之2,68,6800700,6800700-010,29鄰,華亞三路,,39巷,,,,12號十一樓之2,121.381633505515,25.0487324236287
桃園市龜山區樂善里29鄰華亞三路39巷12號十一樓之3,68,6800700,6800700-010,29鄰,華亞三路,,39巷,,,,12號十一樓之3,121.381633505515,25.0487324236287
桃園市龜山區樂善里29鄰華亞三路39巷12號十一樓之5,68,6800700,6800700-010,29鄰,華亞三路,,39巷,,,,12號十一樓之5,121.381633505515,25.0487324236287
桃園市龜山區樂善里29鄰華亞三路39巷12號十一樓之6,68,6800700,6800700-010,29鄰,華亞三路,,39巷,,,,12號十一樓之6,121.381633505515,25.0487324236287
桃園市龜山區樂善里29鄰華亞三路39巷12號十一樓之7,68,6800700,6800700-010,29鄰,華亞三路,,39巷,,,,12號十一樓之7,121.381633505515,25.0487324236287
桃園市龜山區樂善里29鄰華亞三路39巷12號十二樓之1,68,6800700,6800700-010,29鄰,華亞三路,,39巷,,,,12號十二樓之1,121.381633505515,25.0487324236287
桃園市龜山區樂善里29鄰華亞三路39巷12號十二樓之2,68,6800700,6800700-010,29鄰,華亞三路,,39巷,,,,12號十二樓之2,121.381633505515,25.0487324236287
桃園市龜山區樂善里29鄰華亞三路39巷12號十二樓之3,68,6800700,6800700-010,29鄰,華亞三路,,39巷,,,,12號十二樓之3,121.381633505515,25.0487324236287
桃園市龜山區樂善里29鄰華亞三路39巷12號十二樓之5,68,6800700,6800700-010,29鄰,華亞三路,,39巷,,,,12號十二樓之5,121.381633505515,25.0487324236287
桃園市龜山區樂善里29鄰華亞三路39巷12號十二樓之6,68,6800700,6800700-010,29鄰,華亞三路,,39巷,,,,12號十二樓之6,121.381633505515,25.0487324236287
桃園市龜山區樂善里29鄰華亞三路39巷12號十二樓之7,68,6800700,6800700-010,29鄰,華亞三路,,39巷,,,,12號十二樓之7,121.381633505515,25.0487324236287
桃園市龜山區樂善里29鄰華亞三路39巷12號十三樓之1,68,6800700,6800700-010,29鄰,華亞三路,,39巷,,,,12號十三樓之1,121.381633505515,25.0487324236287
桃園市龜山區樂善里29鄰華亞三路39巷12號十三樓之2,68,6800700,6800700-010,29鄰,華亞三路,,39巷,,,,12號十三樓之2,121.381633505515,25.0487324236287
桃園市龜山區樂善里29鄰華亞三路39巷12號十三樓之3,68,6800700,6800700-010,29鄰,華亞三路,,39巷,,,,12號十三樓之3,121.381633505515,25.0487324236287
桃園市龜山區樂善里29鄰華亞三路39巷12號十三樓之5,68,6800700,6800700-010,29鄰,華亞三路,,39巷,,,,12號十三樓之5,121.381633505515,25.0487324236287
桃園市龜山區樂善里29鄰華亞三路39巷12號十三樓之6,68,6800700,6800700-010,29鄰,華亞三路,,39巷,,,,12號十三樓之6,121.381633505515,25.0487324236287
桃園市龜山區樂善里29鄰華亞三路39巷12號十三樓之7,68,6800700,6800700-010,29鄰,華亞三路,,39巷,,,,12號十三樓之7,121.381633505515,25.0487324236287
桃園市龜山區樂善里29鄰華亞三路39巷12號十四樓之1,68,6800700,6800700-010,29鄰,華亞三路,,39巷,,,,12號十四樓之1,121.381633505515,25.0487324236287
桃園市龜山區樂善里29鄰華亞三路39巷12號十四樓之2,68,6800700,6800700-010,29鄰,華亞三路,,39巷,,,,12號十四樓之2,121.381633505515,25.0487324236287
桃園市龜山區樂善里29鄰華亞三路39巷12號十四樓之3,68,6800700,6800700-010,29鄰,華亞三路,,39巷,,,,12號十四樓之3,121.381633505515,25.0487324236287
桃園市龜山區樂善里29鄰華亞三路39巷12號十四樓之5,68,6800700,6800700-010,29鄰,華亞三路,,39巷,,,,12號十四樓之5,121.381633505515,25.0487324236287
桃園市龜山區樂善里29鄰華亞三路39巷12號十四樓之6,68,6800700,6800700-010,29鄰,華亞三路,,39巷,,,,12號十四樓之6,121.381633505515,25.0487324236287
桃園市龜山區樂善里29鄰華亞三路39巷12號十四樓之7,68,6800700,6800700-010,29鄰,華亞三路,,39巷,,,,12號十四樓之7,121.381633505515,25.0487324236287
桃園市龜山區樂善里29鄰華亞三路39巷12號十五樓之1,68,6800700,6800700-010,29鄰,華亞三路,,39巷,,,,12號十五樓之1,121.381633505515,25.0487324236287
桃園市龜山區樂善里29鄰華亞三路39巷12號十五樓之2,68,6800700,6800700-010,29鄰,華亞三路,,39巷,,,,12號十五樓之2,121.381633505515,25.0487324236287
桃園市龜山區樂善里29鄰華亞三路39巷12號十五樓之3,68,6800700,6800700-010,29鄰,華亞三路,,39巷,,,,12號十五樓之3,121.381633505515,25.0487324236287
桃園市龜山區樂善里29鄰華亞三路39巷12號十五樓之5,68,6800700,6800700-010,29鄰,華亞三路,,39巷,,,,12號十五樓之5,121.381633505515,25.0487324236287
桃園市龜山區樂善里29鄰華亞三路39巷12號十五樓之6,68,6800700,6800700-010,29鄰,華亞三路,,39巷,,,,12號十五樓之6,121.381633505515,25.0487324236287
桃園市龜山區樂善里29鄰華亞三路39巷12號十五樓之7,68,6800700,6800700-010,29鄰,華亞三路,,39巷,,,,12號十五樓之7,121.381633505515,25.0487324236287
桃園市龜山區樂善里3鄰華亞三路39巷13號十樓,68,6800700,6800700-010,3鄰,華亞三路,,39巷,,,,13號十樓,121.381719889836,25.049296734635
桃園市龜山區樂善里3鄰華亞三路39巷13號二樓,68,6800700,6800700-010,3鄰,華亞三路,,39巷,,,,13號二樓,121.381719889836,25.049296734635
桃園市龜山區樂善里3鄰華亞三路39巷13號三樓,68,6800700,6800700-010,3鄰,華亞三路,,39巷,,,,13號三樓,121.381719889836,25.049296734635
桃園市龜山區樂善里3鄰華亞三路39巷13號四樓,68,6800700,6800700-010,3鄰,華亞三路,,39巷,,,,13號四樓,121.381719889836,25.049296734635
桃園市龜山區樂善里3鄰華亞三路39巷13號五樓,68,6800700,6800700-010,3鄰,華亞三路,,39巷,,,,13號五樓,121.381719889836,25.049296734635
桃園市龜山區樂善里3鄰華亞三路39巷13號六樓,68,6800700,6800700-010,3鄰,華亞三路,,39巷,,,,13號六樓,121.381719889836,25.049296734635
桃園市龜山區樂善里3鄰華亞三路39巷13號七樓,68,6800700,6800700-010,3鄰,華亞三路,,39巷,,,,13號七樓,121.381719889836,25.049296734635
桃園市龜山區樂善里3鄰華亞三路39巷13號八樓,68,6800700,6800700-010,3鄰,華亞三路,,39巷,,,,13號八樓,121.381719889836,25.049296734635
桃園市龜山區樂善里3鄰華亞三路39巷13號九樓,68,6800700,6800700-010,3鄰,華亞三路,,39巷,,,,13號九樓,121.381719889836,25.049296734635
桃園市龜山區樂善里3鄰華亞三路39巷13號十一樓,68,6800700,6800700-010,3鄰,華亞三路,,39巷,,,,13號十一樓,121.381719889836,25.049296734635
桃園市龜山區樂善里3鄰華亞三路39巷13號十二樓,68,6800700,6800700-010,3鄰,華亞三路,,39巷,,,,13號十二樓,121.381719889836,25.049296734635
桃園市龜山區樂善里3鄰華亞三路39巷13號十三樓,68,6800700,6800700-010,3鄰,華亞三路,,39巷,,,,13號十三樓,121.381719889836,25.049296734635
桃園市龜山區樂善里3鄰華亞三路39巷13號十四樓,68,6800700,6800700-010,3鄰,華亞三路,,39巷,,,,13號十四樓,121.381719889836,25.049296734635
桃園市龜山區樂善里3鄰華亞三路39巷13號十五樓,68,6800700,6800700-010,3鄰,華亞三路,,39巷,,,,13號十五樓,121.381719889836,25.049296734635
桃園市龜山區樂善里3鄰華亞三路39巷13號十六樓,68,6800700,6800700-010,3鄰,華亞三路,,39巷,,,,13號十六樓,121.381719889836,25.049296734635
桃園市龜山區樂善里3鄰華亞三路39巷13號十七樓,68,6800700,6800700-010,3鄰,華亞三路,,39巷,,,,13號十七樓,121.381719889836,25.049296734635
桃園市龜山區樂善里3鄰華亞三路39巷13號十八樓,68,6800700,6800700-010,3鄰,華亞三路,,39巷,,,,13號十八樓,121.381719889836,25.049296734635
桃園市龜山區樂善里3鄰華亞三路39巷13號十九樓,68,6800700,6800700-010,3鄰,華亞三路,,39巷,,,,13號十九樓,121.381719889836,25.049296734635
桃園市龜山區樂善里3鄰華亞三路39巷13號二十樓,68,6800700,6800700-010,3鄰,華亞三路,,39巷,,,,13號二十樓,121.381719889836,25.049296734635
桃園市龜山區樂善里3鄰華亞三路39巷13號二十一樓,68,6800700,6800700-010,3鄰,華亞三路,,39巷,,,,13號二十一樓,121.381719889836,25.049296734635
桃園市龜山區樂善里3鄰華亞三路39巷13號二十二樓,68,6800700,6800700-010,3鄰,華亞三路,,39巷,,,,13號二十二樓,121.381719889836,25.049296734635
桃園市龜山區樂善里3鄰華亞三路39巷13號二十三樓,68,6800700,6800700-010,3鄰,華亞三路,,39巷,,,,13號二十三樓,121.381719889836,25.049296734635
桃園市龜山區樂善里3鄰華亞三路39巷13號二十四樓,68,6800700,6800700-010,3鄰,華亞三路,,39巷,,,,13號二十四樓,121.381719889836,25.049296734635
桃園市龜山區樂善里3鄰華亞三路39巷15號十樓,68,6800700,6800700-010,3鄰,華亞三路,,39巷,,,,15號十樓,121.381653404279,25.0493336502122
桃園市龜山區樂善里3鄰華亞三路39巷15號二樓,68,6800700,6800700-010,3鄰,華亞三路,,39巷,,,,15號二樓,121.381653404279,25.0493336502122
桃園市龜山區樂善里3鄰華亞三路39巷15號三樓,68,6800700,6800700-010,3鄰,華亞三路,,39巷,,,,15號三樓,121.381653404279,25.0493336502122
桃園市龜山區樂善里3鄰華亞三路39巷15號四樓,68,6800700,6800700-010,3鄰,華亞三路,,39巷,,,,15號四樓,121.381653404279,25.0493336502122
桃園市龜山區樂善里3鄰華亞三路39巷15號五樓,68,6800700,6800700-010,3鄰,華亞三路,,39巷,,,,15號五樓,121.381653404279,25.0493336502122
桃園市龜山區樂善里3鄰華亞三路39巷15號六樓,68,6800700,6800700-010,3鄰,華亞三路,,39巷,,,,15號六樓,121.381653404279,25.0493336502122
桃園市龜山區樂善里3鄰華亞三路39巷15號七樓,68,6800700,6800700-010,3鄰,華亞三路,,39巷,,,,15號七樓,121.381653404279,25.0493336502122
桃園市龜山區樂善里3鄰華亞三路39巷15號八樓,68,6800700,6800700-010,3鄰,華亞三路,,39巷,,,,15號八樓,121.381653404279,25.0493336502122
桃園市龜山區樂善里3鄰華亞三路39巷15號九樓,68,6800700,6800700-010,3鄰,華亞三路,,39巷,,,,15號九樓,121.381653404279,25.0493336502122
桃園市龜山區樂善里3鄰華亞三路39巷15號十一樓,68,6800700,6800700-010,3鄰,華亞三路,,39巷,,,,15號十一樓,121.381653404279,25.0493336502122
桃園市龜山區樂善里3鄰華亞三路39巷15號十二樓,68,6800700,6800700-010,3鄰,華亞三路,,39巷,,,,15號十二樓,121.381653404279,25.0493336502122
桃園市龜山區樂善里3鄰華亞三路39巷15號十三樓,68,6800700,6800700-010,3鄰,華亞三路,,39巷,,,,15號十三樓,121.381653404279,25.0493336502122
桃園市龜山區樂善里3鄰華亞三路39巷15號十四樓,68,6800700,6800700-010,3鄰,華亞三路,,39巷,,,,15號十四樓,121.381653404279,25.0493336502122
桃園市龜山區樂善里3鄰華亞三路39巷15號十五樓,68,6800700,6800700-010,3鄰,華亞三路,,39巷,,,,15號十五樓,121.381653404279,25.0493336502122
桃園市龜山區樂善里3鄰華亞三路39巷15號十六樓,68,6800700,6800700-010,3鄰,華亞三路,,39巷,,,,15號十六樓,121.381653404279,25.0493336502122
桃園市龜山區樂善里3鄰華亞三路39巷15號十七樓,68,6800700,6800700-010,3鄰,華亞三路,,39巷,,,,15號十七樓,121.381653404279,25.0493336502122
桃園市龜山區樂善里3鄰華亞三路39巷15號十八樓,68,6800700,6800700-010,3鄰,華亞三路,,39巷,,,,15號十八樓,121.381653404279,25.0493336502122
桃園市龜山區樂善里3鄰華亞三路39巷15號十九樓,68,6800700,6800700-010,3鄰,華亞三路,,39巷,,,,15號十九樓,121.381653404279,25.0493336502122
桃園市龜山區樂善里3鄰華亞三路39巷15號二十樓,68,6800700,6800700-010,3鄰,華亞三路,,39巷,,,,15號二十樓,121.381653404279,25.0493336502122
桃園市龜山區樂善里3鄰華亞三路39巷15號二十一樓,68,6800700,6800700-010,3鄰,華亞三路,,39巷,,,,15號二十一樓,121.381653404279,25.0493336502122
桃園市龜山區樂善里3鄰華亞三路39巷15號二十二樓,68,6800700,6800700-010,3鄰,華亞三路,,39巷,,,,15號二十二樓,121.381653404279,25.0493336502122
桃園市龜山區樂善里3鄰華亞三路39巷15號二十三樓,68,6800700,6800700-010,3鄰,華亞三路,,39巷,,,,15號二十三樓,121.381653404279,25.0493336502122
桃園市龜山區樂善里3鄰華亞三路39巷15號二十四樓,68,6800700,6800700-010,3鄰,華亞三路,,39巷,,,,15號二十四樓,121.381653404279,25.0493336502122
桃園市龜山區樂善里29鄰華亞三路39巷16號,68,6800700,6800700-010,29鄰,華亞三路,,39巷,,,,16號,121.381546934275,25.0489079735368
桃園市龜山區樂善里29鄰華亞三路39巷16號十樓之1,68,6800700,6800700-010,29鄰,華亞三路,,39巷,,,,16號十樓之1,121.381546934275,25.0489079735368
桃園市龜山區樂善里29鄰華亞三路39巷16號十樓之2,68,6800700,6800700-010,29鄰,華亞三路,,39巷,,,,16號十樓之2,121.381546934275,25.0489079735368
桃園市龜山區樂善里29鄰華亞三路39巷16號十樓之3,68,6800700,6800700-010,29鄰,華亞三路,,39巷,,,,16號十樓之3,121.381546934275,25.0489079735368
桃園市龜山區樂善里29鄰華亞三路39巷16號十樓之5,68,6800700,6800700-010,29鄰,華亞三路,,39巷,,,,16號十樓之5,121.381546934275,25.0489079735368
桃園市龜山區樂善里29鄰華亞三路39巷16號十樓之6,68,6800700,6800700-010,29鄰,華亞三路,,39巷,,,,16號十樓之6,121.381546934275,25.0489079735368
桃園市龜山區樂善里29鄰華亞三路39巷16號十樓之7,68,6800700,6800700-010,29鄰,華亞三路,,39巷,,,,16號十樓之7,121.381546934275,25.0489079735368
桃園市龜山區樂善里29鄰華亞三路39巷16號二樓之1,68,6800700,6800700-010,29鄰,華亞三路,,39巷,,,,16號二樓之1,121.381546934275,25.0489079735368
桃園市龜山區樂善里29鄰華亞三路39巷16號二樓之2,68,6800700,6800700-010,29鄰,華亞三路,,39巷,,,,16號二樓之2,121.381546934275,25.0489079735368
桃園市龜山區樂善里29鄰華亞三路39巷16號二樓之3,68,6800700,6800700-010,29鄰,華亞三路,,39巷,,,,16號二樓之3,121.381546934275,25.0489079735368
桃園市龜山區樂善里29鄰華亞三路39巷16號二樓之5,68,6800700,6800700-010,29鄰,華亞三路,,39巷,,,,16號二樓之5,121.381546934275,25.0489079735368
桃園市龜山區樂善里29鄰華亞三路39巷16號二樓之6,68,6800700,6800700-010,29鄰,華亞三路,,39巷,,,,16號二樓之6,121.381546934275,25.0489079735368
桃園市龜山區樂善里29鄰華亞三路39巷16號二樓之7,68,6800700,6800700-010,29鄰,華亞三路,,39巷,,,,16號二樓之7,121.381546934275,25.0489079735368
桃園市龜山區樂善里29鄰華亞三路39巷16號三樓之1,68,6800700,6800700-010,29鄰,華亞三路,,39巷,,,,16號三樓之1,121.381546934275,25.0489079735368
桃園市龜山區樂善里29鄰華亞三路39巷16號三樓之2,68,6800700,6800700-010,29鄰,華亞三路,,39巷,,,,16號三樓之2,121.381546934275,25.0489079735368
桃園市龜山區樂善里29鄰華亞三路39巷16號三樓之3,68,6800700,6800700-010,29鄰,華亞三路,,39巷,,,,16號三樓之3,121.381546934275,25.0489079735368
桃園市龜山區樂善里29鄰華亞三路39巷16號三樓之5,68,6800700,6800700-010,29鄰,華亞三路,,39巷,,,,16號三樓之5,121.381546934275,25.0489079735368
桃園市龜山區樂善里29鄰華亞三路39巷16號三樓之6,68,6800700,6800700-010,29鄰,華亞三路,,39巷,,,,16號三樓之6,121.381546934275,25.0489079735368
桃園市龜山區樂善里29鄰華亞三路39巷16號三樓之7,68,6800700,6800700-010,29鄰,華亞三路,,39巷,,,,16號三樓之7,121.381546934275,25.0489079735368
桃園市龜山區樂善里29鄰華亞三路39巷16號四樓之1,68,6800700,6800700-010,29鄰,華亞三路,,39巷,,,,16號四樓之1,121.381546934275,25.0489079735368
桃園市龜山區樂善里29鄰華亞三路39巷16號四樓之2,68,6800700,6800700-010,29鄰,華亞三路,,39巷,,,,16號四樓之2,121.381546934275,25.0489079735368
桃園市龜山區樂善里29鄰華亞三路39巷16號四樓之3,68,6800700,6800700-010,29鄰,華亞三路,,39巷,,,,16號四樓之3,121.381546934275,25.0489079735368
桃園市龜山區樂善里29鄰華亞三路39巷16號四樓之5,68,6800700,6800700-010,29鄰,華亞三路,,39巷,,,,16號四樓之5,121.381546934275,25.0489079735368
桃園市龜山區樂善里29鄰華亞三路39巷16號四樓之6,68,6800700,6800700-010,29鄰,華亞三路,,39巷,,,,16號四樓之6,121.381546934275,25.0489079735368
桃園市龜山區樂善里29鄰華亞三路39巷16號四樓之7,68,6800700,6800700-010,29鄰,華亞三路,,39巷,,,,16號四樓之7,121.381546934275,25.0489079735368
桃園市龜山區樂善里29鄰華亞三路39巷16號五樓之1,68,6800700,6800700-010,29鄰,華亞三路,,39巷,,,,16號五樓之1,121.381546934275,25.0489079735368
桃園市龜山區樂善里29鄰華亞三路39巷16號五樓之2,68,6800700,6800700-010,29鄰,華亞三路,,39巷,,,,16號五樓之2,121.381546934275,25.0489079735368
桃園市龜山區樂善里29鄰華亞三路39巷16號五樓之3,68,6800700,6800700-010,29鄰,華亞三路,,39巷,,,,16號五樓之3,121.381546934275,25.0489079735368
桃園市龜山區樂善里29鄰華亞三路39巷16號五樓之5,68,6800700,6800700-010,29鄰,華亞三路,,39巷,,,,16號五樓之5,121.381546934275,25.0489079735368
桃園市龜山區樂善里29鄰華亞三路39巷16號五樓之6,68,6800700,6800700-010,29鄰,華亞三路,,39巷,,,,16號五樓之6,121.381546934275,25.0489079735368
桃園市龜山區樂善里29鄰華亞三路39巷16號五樓之7,68,6800700,6800700-010,29鄰,華亞三路,,39巷,,,,16號五樓之7,121.381546934275,25.0489079735368
桃園市龜山區樂善里29鄰華亞三路39巷16號六樓之1,68,6800700,6800700-010,29鄰,華亞三路,,39巷,,,,16號六樓之1,121.381546934275,25.0489079735368
桃園市龜山區樂善里29鄰華亞三路39巷16號六樓之2,68,6800700,6800700-010,29鄰,華亞三路,,39巷,,,,16號六樓之2,121.381546934275,25.0489079735368
桃園市龜山區樂善里29鄰華亞三路39巷16號六樓之3,68,6800700,6800700-010,29鄰,華亞三路,,39巷,,,,16號六樓之3,121.381546934275,25.0489079735368
桃園市龜山區樂善里29鄰華亞三路39巷16號六樓之5,68,6800700,6800700-010,29鄰,華亞三路,,39巷,,,,16號六樓之5,121.381546934275,25.0489079735368
桃園市龜山區樂善里29鄰華亞三路39巷16號六樓之6,68,6800700,6800700-010,29鄰,華亞三路,,39巷,,,,16號六樓之6,121.381546934275,25.0489079735368
桃園市龜山區樂善里29鄰華亞三路39巷16號六樓之7,68,6800700,6800700-010,29鄰,華亞三路,,39巷,,,,16號六樓之7,121.381546934275,25.0489079735368
桃園市龜山區樂善里29鄰華亞三路39巷16號七樓之1,68,6800700,6800700-010,29鄰,華亞三路,,39巷,,,,16號七樓之1,121.381546934275,25.0489079735368
桃園市龜山區樂善里29鄰華亞三路39巷16號七樓之2,68,6800700,6800700-010,29鄰,華亞三路,,39巷,,,,16號七樓之2,121.381546934275,25.0489079735368
桃園市龜山區樂善里29鄰華亞三路39巷16號七樓之3,68,6800700,6800700-010,29鄰,華亞三路,,39巷,,,,16號七樓之3,121.381546934275,25.0489079735368
桃園市龜山區樂善里29鄰華亞三路39巷16號七樓之5,68,6800700,6800700-010,29鄰,華亞三路,,39巷,,,,16號七樓之5,121.381546934275,25.0489079735368
桃園市龜山區樂善里29鄰華亞三路39巷16號七樓之6,68,6800700,6800700-010,29鄰,華亞三路,,39巷,,,,16號七樓之6,121.381546934275,25.0489079735368
桃園市龜山區樂善里29鄰華亞三路39巷16號七樓之7,68,6800700,6800700-010,29鄰,華亞三路,,39巷,,,,16號七樓之7,121.381546934275,25.0489079735368
桃園市龜山區樂善里29鄰華亞三路39巷16號八樓之1,68,6800700,6800700-010,29鄰,華亞三路,,39巷,,,,16號八樓之1,121.381546934275,25.0489079735368
桃園市龜山區樂善里29鄰華亞三路39巷16號八樓之2,68,6800700,6800700-010,29鄰,華亞三路,,39巷,,,,16號八樓之2,121.381546934275,25.0489079735368
桃園市龜山區樂善里29鄰華亞三路39巷16號八樓之3,68,6800700,6800700-010,29鄰,華亞三路,,39巷,,,,16號八樓之3,121.381546934275,25.0489079735368
桃園市龜山區樂善里29鄰華亞三路39巷16號八樓之5,68,6800700,6800700-010,29鄰,華亞三路,,39巷,,,,16號八樓之5,121.381546934275,25.0489079735368
桃園市龜山區樂善里29鄰華亞三路39巷16號八樓之6,68,6800700,6800700-010,29鄰,華亞三路,,39巷,,,,16號八樓之6,121.381546934275,25.0489079735368
桃園市龜山區樂善里29鄰華亞三路39巷16號八樓之7,68,6800700,6800700-010,29鄰,華亞三路,,39巷,,,,16號八樓之7,121.381546934275,25.0489079735368
桃園市龜山區樂善里29鄰華亞三路39巷16號九樓之1,68,6800700,6800700-010,29鄰,華亞三路,,39巷,,,,16號九樓之1,121.381546934275,25.0489079735368
桃園市龜山區樂善里29鄰華亞三路39巷16號九樓之2,68,6800700,6800700-010,29鄰,華亞三路,,39巷,,,,16號九樓之2,121.381546934275,25.0489079735368
桃園市龜山區樂善里29鄰華亞三路39巷16號九樓之3,68,6800700,6800700-010,29鄰,華亞三路,,39巷,,,,16號九樓之3,121.381546934275,25.0489079735368
桃園市龜山區樂善里29鄰華亞三路39巷16號九樓之5,68,6800700,6800700-010,29鄰,華亞三路,,39巷,,,,16號九樓之5,121.381546934275,25.0489079735368
桃園市龜山區樂善里29鄰華亞三路39巷16號九樓之6,68,6800700,6800700-010,29鄰,華亞三路,,39巷,,,,16號九樓之6,121.381546934275,25.0489079735368
桃園市龜山區樂善里29鄰華亞三路39巷16號九樓之7,68,6800700,6800700-010,29鄰,華亞三路,,39巷,,,,16號九樓之7,121.381546934275,25.0489079735368
桃園市龜山區樂善里29鄰華亞三路39巷16號十一樓之1,68,6800700,6800700-010,29鄰,華亞三路,,39巷,,,,16號十一樓之1,121.381546934275,25.0489079735368
桃園市龜山區樂善里29鄰華亞三路39巷16號十一樓之2,68,6800700,6800700-010,29鄰,華亞三路,,39巷,,,,16號十一樓之2,121.381546934275,25.0489079735368
桃園市龜山區樂善里29鄰華亞三路39巷16號十一樓之3,68,6800700,6800700-010,29鄰,華亞三路,,39巷,,,,16號十一樓之3,121.381546934275,25.0489079735368
桃園市龜山區樂善里29鄰華亞三路39巷16號十一樓之5,68,6800700,6800700-010,29鄰,華亞三路,,39巷,,,,16號十一樓之5,121.381546934275,25.0489079735368
桃園市龜山區樂善里29鄰華亞三路39巷16號十一樓之6,68,6800700,6800700-010,29鄰,華亞三路,,39巷,,,,16號十一樓之6,121.381546934275,25.0489079735368
桃園市龜山區樂善里29鄰華亞三路39巷16號十一樓之7,68,6800700,6800700-010,29鄰,華亞三路,,39巷,,,,16號十一樓之7,121.381546934275,25.0489079735368
桃園市龜山區樂善里29鄰華亞三路39巷16號十二樓之1,68,6800700,6800700-010,29鄰,華亞三路,,39巷,,,,16號十二樓之1,121.381546934275,25.0489079735368
桃園市龜山區樂善里29鄰華亞三路39巷16號十二樓之2,68,6800700,6800700-010,29鄰,華亞三路,,39巷,,,,16號十二樓之2,121.381546934275,25.0489079735368
桃園市龜山區樂善里29鄰華亞三路39巷16號十二樓之3,68,6800700,6800700-010,29鄰,華亞三路,,39巷,,,,16號十二樓之3,121.381546934275,25.0489079735368
桃園市龜山區樂善里29鄰華亞三路39巷16號十二樓之5,68,6800700,6800700-010,29鄰,華亞三路,,39巷,,,,16號十二樓之5,121.381546934275,25.0489079735368
桃園市龜山區樂善里29鄰華亞三路39巷16號十二樓之6,68,6800700,6800700-010,29鄰,華亞三路,,39巷,,,,16號十二樓之6,121.381546934275,25.0489079735368
桃園市龜山區樂善里29鄰華亞三路39巷16號十二樓之7,68,6800700,6800700-010,29鄰,華亞三路,,39巷,,,,16號十二樓之7,121.381546934275,25.0489079735368
桃園市龜山區樂善里29鄰華亞三路39巷16號十三樓之1,68,6800700,6800700-010,29鄰,華亞三路,,39巷,,,,16號十三樓之1,121.381546934275,25.0489079735368
桃園市龜山區樂善里29鄰華亞三路39巷16號十三樓之2,68,6800700,6800700-010,29鄰,華亞三路,,39巷,,,,16號十三樓之2,121.381546934275,25.0489079735368
桃園市龜山區樂善里29鄰華亞三路39巷16號十三樓之3,68,6800700,6800700-010,29鄰,華亞三路,,39巷,,,,16號十三樓之3,121.381546934275,25.0489079735368
桃園市龜山區樂善里29鄰華亞三路39巷16號十三樓之5,68,6800700,6800700-010,29鄰,華亞三路,,39巷,,,,16號十三樓之5,121.381546934275,25.0489079735368
桃園市龜山區樂善里29鄰華亞三路39巷16號十三樓之6,68,6800700,6800700-010,29鄰,華亞三路,,39巷,,,,16號十三樓之6,121.381546934275,25.0489079735368
桃園市龜山區樂善里29鄰華亞三路39巷16號十三樓之7,68,6800700,6800700-010,29鄰,華亞三路,,39巷,,,,16號十三樓之7,121.381546934275,25.0489079735368
桃園市龜山區樂善里29鄰華亞三路39巷16號十四樓之1,68,6800700,6800700-010,29鄰,華亞三路,,39巷,,,,16號十四樓之1,121.381546934275,25.0489079735368
桃園市龜山區樂善里29鄰華亞三路39巷16號十四樓之2,68,6800700,6800700-010,29鄰,華亞三路,,39巷,,,,16號十四樓之2,121.381546934275,25.0489079735368
桃園市龜山區樂善里29鄰華亞三路39巷16號十四樓之3,68,6800700,6800700-010,29鄰,華亞三路,,39巷,,,,16號十四樓之3,121.381546934275,25.0489079735368
桃園市龜山區樂善里29鄰華亞三路39巷16號十四樓之5,68,6800700,6800700-010,29鄰,華亞三路,,39巷,,,,16號十四樓之5,121.381546934275,25.0489079735368
桃園市龜山區樂善里29鄰華亞三路39巷16號十四樓之6,68,6800700,6800700-010,29鄰,華亞三路,,39巷,,,,16號十四樓之6,121.381546934275,25.0489079735368
桃園市龜山區樂善里29鄰華亞三路39巷16號十四樓之7,68,6800700,6800700-010,29鄰,華亞三路,,39巷,,,,16號十四樓之7,121.381546934275,25.0489079735368
桃園市龜山區樂善里29鄰華亞三路39巷16號十五樓之1,68,6800700,6800700-010,29鄰,華亞三路,,39巷,,,,16號十五樓之1,121.381546934275,25.0489079735368
桃園市龜山區樂善里29鄰華亞三路39巷16號十五樓之2,68,6800700,6800700-010,29鄰,華亞三路,,39巷,,,,16號十五樓之2,121.381546934275,25.0489079735368
桃園市龜山區樂善里29鄰華亞三路39巷16號十五樓之3,68,6800700,6800700-010,29鄰,華亞三路,,39巷,,,,16號十五樓之3,121.381546934275,25.0489079735368
桃園市龜山區樂善里29鄰華亞三路39巷16號十五樓之5,68,6800700,6800700-010,29鄰,華亞三路,,39巷,,,,16號十五樓之5,121.381546934275,25.0489079735368
桃園市龜山區樂善里29鄰華亞三路39巷16號十五樓之6,68,6800700,6800700-010,29鄰,華亞三路,,39巷,,,,16號十五樓之6,121.381546934275,25.0489079735368
桃園市龜山區樂善里29鄰華亞三路39巷16號十五樓之7,68,6800700,6800700-010,29鄰,華亞三路,,39巷,,,,16號十五樓之7,121.381546934275,25.0489079735368
桃園市龜山區樂善里3鄰華亞三路39巷17號十樓,68,6800700,6800700-010,3鄰,華亞三路,,39巷,,,,17號十樓,121.381567517423,25.0493141893866
桃園市龜山區樂善里3鄰華亞三路39巷17號二樓,68,6800700,6800700-010,3鄰,華亞三路,,39巷,,,,17號二樓,121.381567517423,25.0493141893866
桃園市龜山區樂善里3鄰華亞三路39巷17號三樓,68,6800700,6800700-010,3鄰,華亞三路,,39巷,,,,17號三樓,121.381567517423,25.0493141893866
桃園市龜山區樂善里3鄰華亞三路39巷17號四樓,68,6800700,6800700-010,3鄰,華亞三路,,39巷,,,,17號四樓,121.381567517423,25.0493141893866
桃園市龜山區樂善里3鄰華亞三路39巷17號五樓,68,6800700,6800700-010,3鄰,華亞三路,,39巷,,,,17號五樓,121.381567517423,25.0493141893866
桃園市龜山區樂善里3鄰華亞三路39巷17號六樓,68,6800700,6800700-010,3鄰,華亞三路,,39巷,,,,17號六樓,121.381567517423,25.0493141893866
桃園市龜山區樂善里3鄰華亞三路39巷17號七樓,68,6800700,6800700-010,3鄰,華亞三路,,39巷,,,,17號七樓,121.381567517423,25.0493141893866
桃園市龜山區樂善里3鄰華亞三路39巷17號八樓,68,6800700,6800700-010,3鄰,華亞三路,,39巷,,,,17號八樓,121.381567517423,25.0493141893866
桃園市龜山區樂善里3鄰華亞三路39巷17號九樓,68,6800700,6800700-010,3鄰,華亞三路,,39巷,,,,17號九樓,121.381567517423,25.0493141893866
桃園市龜山區樂善里3鄰華亞三路39巷17號十一樓,68,6800700,6800700-010,3鄰,華亞三路,,39巷,,,,17號十一樓,121.381567517423,25.0493141893866
桃園市龜山區樂善里3鄰華亞三路39巷17號十二樓,68,6800700,6800700-010,3鄰,華亞三路,,39巷,,,,17號十二樓,121.381567517423,25.0493141893866
桃園市龜山區樂善里3鄰華亞三路39巷17號十三樓,68,6800700,6800700-010,3鄰,華亞三路,,39巷,,,,17號十三樓,121.381567517423,25.0493141893866
桃園市龜山區樂善里3鄰華亞三路39巷17號十四樓,68,6800700,6800700-010,3鄰,華亞三路,,39巷,,,,17號十四樓,121.381567517423,25.0493141893866
桃園市龜山區樂善里3鄰華亞三路39巷17號十五樓,68,6800700,6800700-010,3鄰,華亞三路,,39巷,,,,17號十五樓,121.381567517423,25.0493141893866
桃園市龜山區樂善里3鄰華亞三路39巷17號十六樓,68,6800700,6800700-010,3鄰,華亞三路,,39巷,,,,17號十六樓,121.381567517423,25.0493141893866
桃園市龜山區樂善里3鄰華亞三路39巷17號十七樓,68,6800700,6800700-010,3鄰,華亞三路,,39巷,,,,17號十七樓,121.381567517423,25.0493141893866
桃園市龜山區樂善里3鄰華亞三路39巷17號十八樓,68,6800700,6800700-010,3鄰,華亞三路,,39巷,,,,17號十八樓,121.381567517423,25.0493141893866
桃園市龜山區樂善里3鄰華亞三路39巷17號十九樓,68,6800700,6800700-010,3鄰,華亞三路,,39巷,,,,17號十九樓,121.381567517423,25.0493141893866
桃園市龜山區樂善里3鄰華亞三路39巷17號二十樓,68,6800700,6800700-010,3鄰,華亞三路,,39巷,,,,17號二十樓,121.381567517423,25.0493141893866
桃園市龜山區樂善里3鄰華亞三路39巷17號二十一樓,68,6800700,6800700-010,3鄰,華亞三路,,39巷,,,,17號二十一樓,121.381567517423,25.0493141893866
桃園市龜山區樂善里3鄰華亞三路39巷17號二十二樓,68,6800700,6800700-010,3鄰,華亞三路,,39巷,,,,17號二十二樓,121.381567517423,25.0493141893866
桃園市龜山區樂善里3鄰華亞三路39巷17號二十三樓,68,6800700,6800700-010,3鄰,華亞三路,,39巷,,,,17號二十三樓,121.381567517423,25.0493141893866
桃園市龜山區樂善里3鄰華亞三路39巷17號二十四樓,68,6800700,6800700-010,3鄰,華亞三路,,39巷,,,,17號二十四樓,121.381567517423,25.0493141893866
桃園市龜山區樂善里29鄰華亞三路39巷18號,68,6800700,6800700-010,29鄰,華亞三路,,39巷,,,,18號,121.381604920295,25.0488787538063
桃園市龜山區樂善里3鄰華亞三路39巷19號二樓,68,6800700,6800700-010,3鄰,華亞三路,,39巷,,,,19號二樓,121.381522465586,25.0492636569353
桃園市龜山區樂善里29鄰華亞三路39巷20號,68,6800700,6800700-010,29鄰,華亞三路,,39巷,,,,20號,121.381664999806,25.0488535010798
桃園市龜山區樂善里3鄰華亞三路39巷21號,68,6800700,6800700-010,3鄰,華亞三路,,39巷,,,,21號,121.381788544812,25.0490323029754
桃園市龜山區樂善里29鄰華亞三路39巷22號,68,6800700,6800700-010,29鄰,華亞三路,,39巷,,,,22號,121.381718625398,25.0488243827901
桃園市龜山區樂善里3鄰華亞三路39巷23號,68,6800700,6800700-010,3鄰,華亞三路,,39巷,,,,23號,121.381870064337,25.0489856885248
桃園市龜山區樂善里3鄰華亞三路39巷23號十樓,68,6800700,6800700-010,3鄰,華亞三路,,39巷,,,,23號十樓,121.381870064337,25.0489856885248
桃園市龜山區樂善里3鄰華亞三路39巷23號二樓,68,6800700,6800700-010,3鄰,華亞三路,,39巷,,,,23號二樓,121.381870064337,25.0489856885248
桃園市龜山區樂善里3鄰華亞三路39巷23號三樓,68,6800700,6800700-010,3鄰,華亞三路,,39巷,,,,23號三樓,121.381870064337,25.0489856885248
桃園市龜山區樂善里3鄰華亞三路39巷23號四樓,68,6800700,6800700-010,3鄰,華亞三路,,39巷,,,,23號四樓,121.381870064337,25.0489856885248
桃園市龜山區樂善里3鄰華亞三路39巷23號五樓,68,6800700,6800700-010,3鄰,華亞三路,,39巷,,,,23號五樓,121.381870064337,25.0489856885248
桃園市龜山區樂善里3鄰華亞三路39巷23號六樓,68,6800700,6800700-010,3鄰,華亞三路,,39巷,,,,23號六樓,121.381870064337,25.0489856885248
桃園市龜山區樂善里3鄰華亞三路39巷23號七樓,68,6800700,6800700-010,3鄰,華亞三路,,39巷,,,,23號七樓,121.381870064337,25.0489856885248
桃園市龜山區樂善里3鄰華亞三路39巷23號八樓,68,6800700,6800700-010,3鄰,華亞三路,,39巷,,,,23號八樓,121.381870064337,25.0489856885248
桃園市龜山區樂善里3鄰華亞三路39巷23號九樓,68,6800700,6800700-010,3鄰,華亞三路,,39巷,,,,23號九樓,121.381870064337,25.0489856885248
桃園市龜山區樂善里3鄰華亞三路39巷23號十一樓,68,6800700,6800700-010,3鄰,華亞三路,,39巷,,,,23號十一樓,121.381870064337,25.0489856885248
桃園市龜山區樂善里3鄰華亞三路39巷23號十二樓,68,6800700,6800700-010,3鄰,華亞三路,,39巷,,,,23號十二樓,121.381870064337,25.0489856885248
桃園市龜山區樂善里3鄰華亞三路39巷23號十三樓,68,6800700,6800700-010,3鄰,華亞三路,,39巷,,,,23號十三樓,121.381870064337,25.0489856885248
桃園市龜山區樂善里3鄰華亞三路39巷23號十四樓,68,6800700,6800700-010,3鄰,華亞三路,,39巷,,,,23號十四樓,121.381870064337,25.0489856885248
桃園市龜山區樂善里3鄰華亞三路39巷23號十五樓,68,6800700,6800700-010,3鄰,華亞三路,,39巷,,,,23號十五樓,121.381870064337,25.0489856885248
桃園市龜山區樂善里3鄰華亞三路39巷23號十六樓,68,6800700,6800700-010,3鄰,華亞三路,,39巷,,,,23號十六樓,121.381870064337,25.0489856885248
桃園市龜山區樂善里3鄰華亞三路39巷23號十七樓,68,6800700,6800700-010,3鄰,華亞三路,,39巷,,,,23號十七樓,121.381870064337,25.0489856885248
桃園市龜山區樂善里3鄰華亞三路39巷23號十八樓,68,6800700,6800700-010,3鄰,華亞三路,,39巷,,,,23號十八樓,121.381870064337,25.0489856885248
桃園市龜山區樂善里3鄰華亞三路39巷23號十九樓,68,6800700,6800700-010,3鄰,華亞三路,,39巷,,,,23號十九樓,121.381870064337,25.0489856885248
桃園市龜山區樂善里3鄰華亞三路39巷23號二十樓,68,6800700,6800700-010,3鄰,華亞三路,,39巷,,,,23號二十樓,121.381870064337,25.0489856885248
桃園市龜山區樂善里3鄰華亞三路39巷23號二十一樓,68,6800700,6800700-010,3鄰,華亞三路,,39巷,,,,23號二十一樓,121.381870064337,25.0489856885248
桃園市龜山區樂善里3鄰華亞三路39巷23號二十二樓,68,6800700,6800700-010,3鄰,華亞三路,,39巷,,,,23號二十二樓,121.381870064337,25.0489856885248
桃園市龜山區樂善里3鄰華亞三路39巷23號二十三樓,68,6800700,6800700-010,3鄰,華亞三路,,39巷,,,,23號二十三樓,121.381870064337,25.0489856885248
桃園市龜山區樂善里3鄰華亞三路39巷23號二十四樓,68,6800700,6800700-010,3鄰,華亞三路,,39巷,,,,23號二十四樓,121.381870064337,25.0489856885248
桃園市龜山區樂善里3鄰華亞三路39巷25號十樓,68,6800700,6800700-010,3鄰,華亞三路,,39巷,,,,25號十樓,121.38195168878,25.0489409696807
桃園市龜山區樂善里3鄰華亞三路39巷25號四樓,68,6800700,6800700-010,3鄰,華亞三路,,39巷,,,,25號四樓,121.38195168878,25.0489409696807
桃園市龜山區樂善里3鄰華亞三路39巷25號五樓,68,6800700,6800700-010,3鄰,華亞三路,,39巷,,,,25號五樓,121.38195168878,25.0489409696807
桃園市龜山區樂善里3鄰華亞三路39巷25號六樓,68,6800700,6800700-010,3鄰,華亞三路,,39巷,,,,25號六樓,121.38195168878,25.0489409696807
桃園市龜山區樂善里3鄰華亞三路39巷25號七樓,68,6800700,6800700-010,3鄰,華亞三路,,39巷,,,,25號七樓,121.38195168878,25.0489409696807
桃園市龜山區樂善里3鄰華亞三路39巷25號八樓,68,6800700,6800700-010,3鄰,華亞三路,,39巷,,,,25號八樓,121.38195168878,25.0489409696807
桃園市龜山區樂善里3鄰華亞三路39巷25號九樓,68,6800700,6800700-010,3鄰,華亞三路,,39巷,,,,25號九樓,121.38195168878,25.0489409696807
桃園市龜山區樂善里3鄰華亞三路39巷25號十一樓,68,6800700,6800700-010,3鄰,華亞三路,,39巷,,,,25號十一樓,121.38195168878,25.0489409696807
桃園市龜山區樂善里3鄰華亞三路39巷25號十二樓,68,6800700,6800700-010,3鄰,華亞三路,,39巷,,,,25號十二樓,121.38195168878,25.0489409696807
桃園市龜山區樂善里3鄰華亞三路39巷25號十三樓,68,6800700,6800700-010,3鄰,華亞三路,,39巷,,,,25號十三樓,121.38195168878,25.0489409696807
桃園市龜山區樂善里3鄰華亞三路39巷25號十四樓,68,6800700,6800700-010,3鄰,華亞三路,,39巷,,,,25號十四樓,121.38195168878,25.0489409696807
桃園市龜山區樂善里3鄰華亞三路39巷25號十五樓,68,6800700,6800700-010,3鄰,華亞三路,,39巷,,,,25號十五樓,121.38195168878,25.0489409696807
桃園市龜山區樂善里3鄰華亞三路39巷25號十六樓,68,6800700,6800700-010,3鄰,華亞三路,,39巷,,,,25號十六樓,121.38195168878,25.0489409696807
桃園市龜山區樂善里3鄰華亞三路39巷25號十七樓,68,6800700,6800700-010,3鄰,華亞三路,,39巷,,,,25號十七樓,121.38195168878,25.0489409696807
桃園市龜山區樂善里3鄰華亞三路39巷25號十八樓,68,6800700,6800700-010,3鄰,華亞三路,,39巷,,,,25號十八樓,121.38195168878,25.0489409696807
桃園市龜山區樂善里3鄰華亞三路39巷25號十九樓,68,6800700,6800700-010,3鄰,華亞三路,,39巷,,,,25號十九樓,121.38195168878,25.0489409696807
桃園市龜山區樂善里3鄰華亞三路39巷25號二十樓,68,6800700,6800700-010,3鄰,華亞三路,,39巷,,,,25號二十樓,121.38195168878,25.0489409696807
桃園市龜山區樂善里3鄰華亞三路39巷25號二十一樓,68,6800700,6800700-010,3鄰,華亞三路,,39巷,,,,25號二十一樓,121.38195168878,25.0489409696807
桃園市龜山區樂善里3鄰華亞三路39巷25號二十二樓,68,6800700,6800700-010,3鄰,華亞三路,,39巷,,,,25號二十二樓,121.38195168878,25.0489409696807
桃園市龜山區樂善里3鄰華亞三路39巷25號二十三樓,68,6800700,6800700-010,3鄰,華亞三路,,39巷,,,,25號二十三樓,121.38195168878,25.0489409696807
桃園市龜山區樂善里3鄰華亞三路39巷25號二十四樓,68,6800700,6800700-010,3鄰,華亞三路,,39巷,,,,25號二十四樓,121.38195168878,25.0489409696807
桃園市龜山區樂善里29鄰華亞三路39巷26號,68,6800700,6800700-010,29鄰,華亞三路,,39巷,,,,26號,121.381778686686,25.0487932617387
桃園市龜山區樂善里3鄰華亞三路39巷27號十樓,68,6800700,6800700-010,3鄰,華亞三路,,39巷,,,,27號十樓,121.382041737156,25.0488962291276
桃園市龜山區樂善里3鄰華亞三路39巷27號四樓,68,6800700,6800700-010,3鄰,華亞三路,,39巷,,,,27號四樓,121.382041737156,25.0488962291276
桃園市龜山區樂善里3鄰華亞三路39巷27號五樓,68,6800700,6800700-010,3鄰,華亞三路,,39巷,,,,27號五樓,121.382041737156,25.0488962291276
桃園市龜山區樂善里3鄰華亞三路39巷27號六樓,68,6800700,6800700-010,3鄰,華亞三路,,39巷,,,,27號六樓,121.382041737156,25.0488962291276
桃園市龜山區樂善里3鄰華亞三路39巷27號七樓,68,6800700,6800700-010,3鄰,華亞三路,,39巷,,,,27號七樓,121.382041737156,25.0488962291276
桃園市龜山區樂善里3鄰華亞三路39巷27號八樓,68,6800700,6800700-010,3鄰,華亞三路,,39巷,,,,27號八樓,121.382041737156,25.0488962291276
桃園市龜山區樂善里3鄰華亞三路39巷27號九樓,68,6800700,6800700-010,3鄰,華亞三路,,39巷,,,,27號九樓,121.382041737156,25.0488962291276
桃園市龜山區樂善里3鄰華亞三路39巷27號十一樓,68,6800700,6800700-010,3鄰,華亞三路,,39巷,,,,27號十一樓,121.382041737156,25.0488962291276
桃園市龜山區樂善里3鄰華亞三路39巷27號十二樓,68,6800700,6800700-010,3鄰,華亞三路,,39巷,,,,27號十二樓,121.382041737156,25.0488962291276
桃園市龜山區樂善里3鄰華亞三路39巷27號十三樓,68,6800700,6800700-010,3鄰,華亞三路,,39巷,,,,27號十三樓,121.382041737156,25.0488962291276
桃園市龜山區樂善里3鄰華亞三路39巷27號十四樓,68,6800700,6800700-010,3鄰,華亞三路,,39巷,,,,27號十四樓,121.382041737156,25.0488962291276
桃園市龜山區樂善里3鄰華亞三路39巷27號十五樓,68,6800700,6800700-010,3鄰,華亞三路,,39巷,,,,27號十五樓,121.382041737156,25.0488962291276
桃園市龜山區樂善里3鄰華亞三路39巷27號十六樓,68,6800700,6800700-010,3鄰,華亞三路,,39巷,,,,27號十六樓,121.382041737156,25.0488962291276
桃園市龜山區樂善里3鄰華亞三路39巷27號十七樓,68,6800700,6800700-010,3鄰,華亞三路,,39巷,,,,27號十七樓,121.382041737156,25.0488962291276
桃園市龜山區樂善里3鄰華亞三路39巷27號十八樓,68,6800700,6800700-010,3鄰,華亞三路,,39巷,,,,27號十八樓,121.382041737156,25.0488962291276
桃園市龜山區樂善里3鄰華亞三路39巷27號十九樓,68,6800700,6800700-010,3鄰,華亞三路,,39巷,,,,27號十九樓,121.382041737156,25.0488962291276
桃園市龜山區樂善里3鄰華亞三路39巷27號二十樓,68,6800700,6800700-010,3鄰,華亞三路,,39巷,,,,27號二十樓,121.382041737156,25.0488962291276
桃園市龜山區樂善里3鄰華亞三路39巷27號二十一樓,68,6800700,6800700-010,3鄰,華亞三路,,39巷,,,,27號二十一樓,121.382041737156,25.0488962291276
桃園市龜山區樂善里3鄰華亞三路39巷27號二十二樓,68,6800700,6800700-010,3鄰,華亞三路,,39巷,,,,27號二十二樓,121.382041737156,25.0488962291276
桃園市龜山區樂善里3鄰華亞三路39巷27號二十三樓,68,6800700,6800700-010,3鄰,華亞三路,,39巷,,,,27號二十三樓,121.382041737156,25.0488962291276
桃園市龜山區樂善里3鄰華亞三路39巷27號二十四樓,68,6800700,6800700-010,3鄰,華亞三路,,39巷,,,,27號二十四樓,121.382041737156,25.0488962291276
桃園市龜山區樂善里29鄰華亞三路39巷28號,68,6800700,6800700-010,29鄰,華亞三路,,39巷,,,,28號,121.381830947116,25.0487713694722
桃園市龜山區樂善里3鄰華亞三路39巷29號,68,6800700,6800700-010,3鄰,華亞三路,,39巷,,,,29號,121.382144780637,25.0488554274965
桃園市龜山區樂善里3鄰華亞三路39巷29號十樓,68,6800700,6800700-010,3鄰,華亞三路,,39巷,,,,29號十樓,121.382144780637,25.0488554274965
桃園市龜山區樂善里3鄰華亞三路39巷29號二樓,68,6800700,6800700-010,3鄰,華亞三路,,39巷,,,,29號二樓,121.382144780637,25.0488554274965
桃園市龜山區樂善里3鄰華亞三路39巷29號三樓,68,6800700,6800700-010,3鄰,華亞三路,,39巷,,,,29號三樓,121.382144780637,25.0488554274965
桃園市龜山區樂善里3鄰華亞三路39巷29號四樓,68,6800700,6800700-010,3鄰,華亞三路,,39巷,,,,29號四樓,121.382144780637,25.0488554274965
桃園市龜山區樂善里3鄰華亞三路39巷29號五樓,68,6800700,6800700-010,3鄰,華亞三路,,39巷,,,,29號五樓,121.382144780637,25.0488554274965
桃園市龜山區樂善里3鄰華亞三路39巷29號六樓,68,6800700,6800700-010,3鄰,華亞三路,,39巷,,,,29號六樓,121.382144780637,25.0488554274965
桃園市龜山區樂善里3鄰華亞三路39巷29號七樓,68,6800700,6800700-010,3鄰,華亞三路,,39巷,,,,29號七樓,121.382144780637,25.0488554274965
桃園市龜山區樂善里3鄰華亞三路39巷29號八樓,68,6800700,6800700-010,3鄰,華亞三路,,39巷,,,,29號八樓,121.382144780637,25.0488554274965
桃園市龜山區樂善里3鄰華亞三路39巷29號九樓,68,6800700,6800700-010,3鄰,華亞三路,,39巷,,,,29號九樓,121.382144780637,25.0488554274965
桃園市龜山區樂善里3鄰華亞三路39巷29號十一樓,68,6800700,6800700-010,3鄰,華亞三路,,39巷,,,,29號十一樓,121.382144780637,25.0488554274965
桃園市龜山區樂善里3鄰華亞三路39巷29號十二樓,68,6800700,6800700-010,3鄰,華亞三路,,39巷,,,,29號十二樓,121.382144780637,25.0488554274965
桃園市龜山區樂善里3鄰華亞三路39巷29號十三樓,68,6800700,6800700-010,3鄰,華亞三路,,39巷,,,,29號十三樓,121.382144780637,25.0488554274965
桃園市龜山區樂善里3鄰華亞三路39巷29號十四樓,68,6800700,6800700-010,3鄰,華亞三路,,39巷,,,,29號十四樓,121.382144780637,25.0488554274965
桃園市龜山區樂善里3鄰華亞三路39巷29號十五樓,68,6800700,6800700-010,3鄰,華亞三路,,39巷,,,,29號十五樓,121.382144780637,25.0488554274965
桃園市龜山區樂善里3鄰華亞三路39巷29號十六樓,68,6800700,6800700-010,3鄰,華亞三路,,39巷,,,,29號十六樓,121.382144780637,25.0488554274965
桃園市龜山區樂善里3鄰華亞三路39巷29號十七樓,68,6800700,6800700-010,3鄰,華亞三路,,39巷,,,,29號十七樓,121.382144780637,25.0488554274965
桃園市龜山區樂善里3鄰華亞三路39巷29號十八樓,68,6800700,6800700-010,3鄰,華亞三路,,39巷,,,,29號十八樓,121.382144780637,25.0488554274965
桃園市龜山區樂善里3鄰華亞三路39巷29號十九樓,68,6800700,6800700-010,3鄰,華亞三路,,39巷,,,,29號十九樓,121.382144780637,25.0488554274965
桃園市龜山區樂善里3鄰華亞三路39巷29號二十樓,68,6800700,6800700-010,3鄰,華亞三路,,39巷,,,,29號二十樓,121.382144780637,25.0488554274965
桃園市龜山區樂善里3鄰華亞三路39巷29號二十一樓,68,6800700,6800700-010,3鄰,華亞三路,,39巷,,,,29號二十一樓,121.382144780637,25.0488554274965
桃園市龜山區樂善里3鄰華亞三路39巷29號二十二樓,68,6800700,6800700-010,3鄰,華亞三路,,39巷,,,,29號二十二樓,121.382144780637,25.0488554274965
桃園市龜山區樂善里3鄰華亞三路39巷29號二十三樓,68,6800700,6800700-010,3鄰,華亞三路,,39巷,,,,29號二十三樓,121.382144780637,25.0488554274965
桃園市龜山區樂善里3鄰華亞三路39巷29號二十四樓,68,6800700,6800700-010,3鄰,華亞三路,,39巷,,,,29號二十四樓,121.382144780637,25.0488554274965
桃園市龜山區樂善里29鄰華亞三路39巷30號,68,6800700,6800700-010,29鄰,華亞三路,,39巷,,,,30號,121.381878148662,25.0487480456813
桃園市龜山區樂善里3鄰華亞三路39巷31號,68,6800700,6800700-010,3鄰,華亞三路,,39巷,,,,31號,121.382221981245,25.0488223662547
桃園市龜山區樂善里29鄰華亞三路39巷32號,68,6800700,6800700-010,29鄰,華亞三路,,39巷,,,,32號,121.381933966229,25.0487227135209
桃園市龜山區樂善里3鄰華亞三路39巷33號十樓,68,6800700,6800700-010,3鄰,華亞三路,,39巷,,,,33號十樓,121.382269213529,25.0488728928847
桃園市龜山區樂善里3鄰華亞三路39巷33號四樓,68,6800700,6800700-010,3鄰,華亞三路,,39巷,,,,33號四樓,121.382269213529,25.0488728928847
桃園市龜山區樂善里3鄰華亞三路39巷33號五樓,68,6800700,6800700-010,3鄰,華亞三路,,39巷,,,,33號五樓,121.382269213529,25.0488728928847
桃園市龜山區樂善里3鄰華亞三路39巷33號六樓,68,6800700,6800700-010,3鄰,華亞三路,,39巷,,,,33號六樓,121.382269213529,25.0488728928847
桃園市龜山區樂善里3鄰華亞三路39巷33號七樓,68,6800700,6800700-010,3鄰,華亞三路,,39巷,,,,33號七樓,121.382269213529,25.0488728928847
桃園市龜山區樂善里3鄰華亞三路39巷33號八樓,68,6800700,6800700-010,3鄰,華亞三路,,39巷,,,,33號八樓,121.382269213529,25.0488728928847
桃園市龜山區樂善里3鄰華亞三路39巷33號九樓,68,6800700,6800700-010,3鄰,華亞三路,,39巷,,,,33號九樓,121.382269213529,25.0488728928847
桃園市龜山區樂善里3鄰華亞三路39巷33號十一樓,68,6800700,6800700-010,3鄰,華亞三路,,39巷,,,,33號十一樓,121.382269213529,25.0488728928847
桃園市龜山區樂善里3鄰華亞三路39巷33號十二樓,68,6800700,6800700-010,3鄰,華亞三路,,39巷,,,,33號十二樓,121.382269213529,25.0488728928847
桃園市龜山區樂善里3鄰華亞三路39巷33號十三樓,68,6800700,6800700-010,3鄰,華亞三路,,39巷,,,,33號十三樓,121.382269213529,25.0488728928847
桃園市龜山區樂善里3鄰華亞三路39巷33號十四樓,68,6800700,6800700-010,3鄰,華亞三路,,39巷,,,,33號十四樓,121.382269213529,25.0488728928847
桃園市龜山區樂善里3鄰華亞三路39巷33號十五樓,68,6800700,6800700-010,3鄰,華亞三路,,39巷,,,,33號十五樓,121.382269213529,25.0488728928847
桃園市龜山區樂善里3鄰華亞三路39巷33號十六樓,68,6800700,6800700-010,3鄰,華亞三路,,39巷,,,,33號十六樓,121.382269213529,25.0488728928847
桃園市龜山區樂善里3鄰華亞三路39巷33號十七樓,68,6800700,6800700-010,3鄰,華亞三路,,39巷,,,,33號十七樓,121.382269213529,25.0488728928847
桃園市龜山區樂善里3鄰華亞三路39巷33號十八樓,68,6800700,6800700-010,3鄰,華亞三路,,39巷,,,,33號十八樓,121.382269213529,25.0488728928847
桃園市龜山區樂善里3鄰華亞三路39巷33號十九樓,68,6800700,6800700-010,3鄰,華亞三路,,39巷,,,,33號十九樓,121.382269213529,25.0488728928847
桃園市龜山區樂善里3鄰華亞三路39巷33號二十樓,68,6800700,6800700-010,3鄰,華亞三路,,39巷,,,,33號二十樓,121.382269213529,25.0488728928847
桃園市龜山區樂善里3鄰華亞三路39巷33號二十一樓,68,6800700,6800700-010,3鄰,華亞三路,,39巷,,,,33號二十一樓,121.382269213529,25.0488728928847
桃園市龜山區樂善里3鄰華亞三路39巷33號二十二樓,68,6800700,6800700-010,3鄰,華亞三路,,39巷,,,,33號二十二樓,121.382269213529,25.0488728928847
桃園市龜山區樂善里3鄰華亞三路39巷33號二十三樓,68,6800700,6800700-010,3鄰,華亞三路,,39巷,,,,33號二十三樓,121.382269213529,25.0488728928847
桃園市龜山區樂善里3鄰華亞三路39巷33號二十四樓,68,6800700,6800700-010,3鄰,華亞三路,,39巷,,,,33號二十四樓,121.382269213529,25.0488728928847
桃園市龜山區樂善里3鄰華亞三路39巷35號十樓,68,6800700,6800700-010,3鄰,華亞三路,,39巷,,,,35號十樓,121.382297114057,25.0489214830481
桃園市龜山區樂善里3鄰華亞三路39巷35號四樓,68,6800700,6800700-010,3鄰,華亞三路,,39巷,,,,35號四樓,121.382297114057,25.0489214830481
桃園市龜山區樂善里3鄰華亞三路39巷35號五樓,68,6800700,6800700-010,3鄰,華亞三路,,39巷,,,,35號五樓,121.382297114057,25.0489214830481
桃園市龜山區樂善里3鄰華亞三路39巷35號六樓,68,6800700,6800700-010,3鄰,華亞三路,,39巷,,,,35號六樓,121.382297114057,25.0489214830481
桃園市龜山區樂善里3鄰華亞三路39巷35號七樓,68,6800700,6800700-010,3鄰,華亞三路,,39巷,,,,35號七樓,121.382297114057,25.0489214830481
桃園市龜山區樂善里3鄰華亞三路39巷35號八樓,68,6800700,6800700-010,3鄰,華亞三路,,39巷,,,,35號八樓,121.382297114057,25.0489214830481
桃園市龜山區樂善里3鄰華亞三路39巷35號九樓,68,6800700,6800700-010,3鄰,華亞三路,,39巷,,,,35號九樓,121.382297114057,25.0489214830481
桃園市龜山區樂善里3鄰華亞三路39巷35號十一樓,68,6800700,6800700-010,3鄰,華亞三路,,39巷,,,,35號十一樓,121.382297114057,25.0489214830481
桃園市龜山區樂善里3鄰華亞三路39巷35號十二樓,68,6800700,6800700-010,3鄰,華亞三路,,39巷,,,,35號十二樓,121.382297114057,25.0489214830481
桃園市龜山區樂善里3鄰華亞三路39巷35號十三樓,68,6800700,6800700-010,3鄰,華亞三路,,39巷,,,,35號十三樓,121.382297114057,25.0489214830481
桃園市龜山區樂善里3鄰華亞三路39巷35號十四樓,68,6800700,6800700-010,3鄰,華亞三路,,39巷,,,,35號十四樓,121.382297114057,25.0489214830481
桃園市龜山區樂善里3鄰華亞三路39巷35號十五樓,68,6800700,6800700-010,3鄰,華亞三路,,39巷,,,,35號十五樓,121.382297114057,25.0489214830481
桃園市龜山區樂善里3鄰華亞三路39巷35號十六樓,68,6800700,6800700-010,3鄰,華亞三路,,39巷,,,,35號十六樓,121.382297114057,25.0489214830481
桃園市龜山區樂善里3鄰華亞三路39巷35號十七樓,68,6800700,6800700-010,3鄰,華亞三路,,39巷,,,,35號十七樓,121.382297114057,25.0489214830481
桃園市龜山區樂善里3鄰華亞三路39巷35號十八樓,68,6800700,6800700-010,3鄰,華亞三路,,39巷,,,,35號十八樓,121.382297114057,25.0489214830481
桃園市龜山區樂善里3鄰華亞三路39巷35號十九樓,68,6800700,6800700-010,3鄰,華亞三路,,39巷,,,,35號十九樓,121.382297114057,25.0489214830481
桃園市龜山區樂善里3鄰華亞三路39巷35號二十樓,68,6800700,6800700-010,3鄰,華亞三路,,39巷,,,,35號二十樓,121.382297114057,25.0489214830481
桃園市龜山區樂善里3鄰華亞三路39巷35號二十一樓,68,6800700,6800700-010,3鄰,華亞三路,,39巷,,,,35號二十一樓,121.382297114057,25.0489214830481
桃園市龜山區樂善里3鄰華亞三路39巷35號二十二樓,68,6800700,6800700-010,3鄰,華亞三路,,39巷,,,,35號二十二樓,121.382297114057,25.0489214830481
桃園市龜山區樂善里3鄰華亞三路39巷35號二十三樓,68,6800700,6800700-010,3鄰,華亞三路,,39巷,,,,35號二十三樓,121.382297114057,25.0489214830481
桃園市龜山區樂善里3鄰華亞三路39巷35號二十四樓,68,6800700,6800700-010,3鄰,華亞三路,,39巷,,,,35號二十四樓,121.382297114057,25.0489214830481
桃園市龜山區樂善里4鄰華亞三路39巷36號,68,6800700,6800700-010,4鄰,華亞三路,,39巷,,,,36號,121.382143669751,25.04859298076
桃園市龜山區樂善里3鄰華亞三路39巷37號十樓,68,6800700,6800700-010,3鄰,華亞三路,,39巷,,,,37號十樓,121.382320690069,25.0489817307052
桃園市龜山區樂善里3鄰華亞三路39巷37號四樓,68,6800700,6800700-010,3鄰,華亞三路,,39巷,,,,37號四樓,121.382320690069,25.0489817307052
桃園市龜山區樂善里3鄰華亞三路39巷37號五樓,68,6800700,6800700-010,3鄰,華亞三路,,39巷,,,,37號五樓,121.382320690069,25.0489817307052
桃園市龜山區樂善里3鄰華亞三路39巷37號六樓,68,6800700,6800700-010,3鄰,華亞三路,,39巷,,,,37號六樓,121.382320690069,25.0489817307052
桃園市龜山區樂善里3鄰華亞三路39巷37號七樓,68,6800700,6800700-010,3鄰,華亞三路,,39巷,,,,37號七樓,121.382320690069,25.0489817307052
桃園市龜山區樂善里3鄰華亞三路39巷37號八樓,68,6800700,6800700-010,3鄰,華亞三路,,39巷,,,,37號八樓,121.382320690069,25.0489817307052
桃園市龜山區樂善里3鄰華亞三路39巷37號九樓,68,6800700,6800700-010,3鄰,華亞三路,,39巷,,,,37號九樓,121.382320690069,25.0489817307052
桃園市龜山區樂善里3鄰華亞三路39巷37號十一樓,68,6800700,6800700-010,3鄰,華亞三路,,39巷,,,,37號十一樓,121.382320690069,25.0489817307052
桃園市龜山區樂善里3鄰華亞三路39巷37號十二樓,68,6800700,6800700-010,3鄰,華亞三路,,39巷,,,,37號十二樓,121.382320690069,25.0489817307052
桃園市龜山區樂善里3鄰華亞三路39巷37號十三樓,68,6800700,6800700-010,3鄰,華亞三路,,39巷,,,,37號十三樓,121.382320690069,25.0489817307052
桃園市龜山區樂善里3鄰華亞三路39巷37號十四樓,68,6800700,6800700-010,3鄰,華亞三路,,39巷,,,,37號十四樓,121.382320690069,25.0489817307052
桃園市龜山區樂善里3鄰華亞三路39巷37號十五樓,68,6800700,6800700-010,3鄰,華亞三路,,39巷,,,,37號十五樓,121.382320690069,25.0489817307052
桃園市龜山區樂善里3鄰華亞三路39巷37號十六樓,68,6800700,6800700-010,3鄰,華亞三路,,39巷,,,,37號十六樓,121.382320690069,25.0489817307052
桃園市龜山區樂善里3鄰華亞三路39巷37號十七樓,68,6800700,6800700-010,3鄰,華亞三路,,39巷,,,,37號十七樓,121.382320690069,25.0489817307052
桃園市龜山區樂善里3鄰華亞三路39巷37號十八樓,68,6800700,6800700-010,3鄰,華亞三路,,39巷,,,,37號十八樓,121.382320690069,25.0489817307052
桃園市龜山區樂善里3鄰華亞三路39巷37號十九樓,68,6800700,6800700-010,3鄰,華亞三路,,39巷,,,,37號十九樓,121.382320690069,25.0489817307052
桃園市龜山區樂善里3鄰華亞三路39巷37號二十樓,68,6800700,6800700-010,3鄰,華亞三路,,39巷,,,,37號二十樓,121.382320690069,25.0489817307052
桃園市龜山區樂善里3鄰華亞三路39巷37號二十一樓,68,6800700,6800700-010,3鄰,華亞三路,,39巷,,,,37號二十一樓,121.382320690069,25.0489817307052
桃園市龜山區樂善里3鄰華亞三路39巷37號二十二樓,68,6800700,6800700-010,3鄰,華亞三路,,39巷,,,,37號二十二樓,121.382320690069,25.0489817307052
桃園市龜山區樂善里3鄰華亞三路39巷37號二十三樓,68,6800700,6800700-010,3鄰,華亞三路,,39巷,,,,37號二十三樓,121.382320690069,25.0489817307052
桃園市龜山區樂善里3鄰華亞三路39巷37號二十四樓,68,6800700,6800700-010,3鄰,華亞三路,,39巷,,,,37號二十四樓,121.382320690069,25.0489817307052
桃園市龜山區樂善里4鄰華亞三路39巷38號,68,6800700,6800700-010,4鄰,華亞三路,,39巷,,,,38號,121.382205905261,25.0485599580232
桃園市龜山區樂善里4鄰華亞三路39巷38號十樓,68,6800700,6800700-010,4鄰,華亞三路,,39巷,,,,38號十樓,121.382205905261,25.0485599580232
桃園市龜山區樂善里4鄰華亞三路39巷38號二樓,68,6800700,6800700-010,4鄰,華亞三路,,39巷,,,,38號二樓,121.382205905261,25.0485599580232
桃園市龜山區樂善里4鄰華亞三路39巷38號三樓,68,6800700,6800700-010,4鄰,華亞三路,,39巷,,,,38號三樓,121.382205905261,25.0485599580232
桃園市龜山區樂善里4鄰華亞三路39巷38號四樓,68,6800700,6800700-010,4鄰,華亞三路,,39巷,,,,38號四樓,121.382205905261,25.0485599580232
桃園市龜山區樂善里4鄰華亞三路39巷38號五樓,68,6800700,6800700-010,4鄰,華亞三路,,39巷,,,,38號五樓,121.382205905261,25.0485599580232
桃園市龜山區樂善里4鄰華亞三路39巷38號六樓,68,6800700,6800700-010,4鄰,華亞三路,,39巷,,,,38號六樓,121.382205905261,25.0485599580232
桃園市龜山區樂善里4鄰華亞三路39巷38號七樓,68,6800700,6800700-010,4鄰,華亞三路,,39巷,,,,38號七樓,121.382205905261,25.0485599580232
桃園市龜山區樂善里4鄰華亞三路39巷38號八樓,68,6800700,6800700-010,4鄰,華亞三路,,39巷,,,,38號八樓,121.382205905261,25.0485599580232
桃園市龜山區樂善里4鄰華亞三路39巷38號九樓,68,6800700,6800700-010,4鄰,華亞三路,,39巷,,,,38號九樓,121.382205905261,25.0485599580232
桃園市龜山區樂善里4鄰華亞三路39巷38號十一樓,68,6800700,6800700-010,4鄰,華亞三路,,39巷,,,,38號十一樓,121.382205905261,25.0485599580232
桃園市龜山區樂善里4鄰華亞三路39巷38號十二樓,68,6800700,6800700-010,4鄰,華亞三路,,39巷,,,,38號十二樓,121.382205905261,25.0485599580232
桃園市龜山區樂善里4鄰華亞三路39巷38號十三樓,68,6800700,6800700-010,4鄰,華亞三路,,39巷,,,,38號十三樓,121.382205905261,25.0485599580232
桃園市龜山區樂善里3鄰華亞三路39巷39號十樓,68,6800700,6800700-010,3鄰,華亞三路,,39巷,,,,39號十樓,121.382243438713,25.0490304109034
桃園市龜山區樂善里3鄰華亞三路39巷39號四樓,68,6800700,6800700-010,3鄰,華亞三路,,39巷,,,,39號四樓,121.382243438713,25.0490304109034
桃園市龜山區樂善里3鄰華亞三路39巷39號五樓,68,6800700,6800700-010,3鄰,華亞三路,,39巷,,,,39號五樓,121.382243438713,25.0490304109034
桃園市龜山區樂善里3鄰華亞三路39巷39號六樓,68,6800700,6800700-010,3鄰,華亞三路,,39巷,,,,39號六樓,121.382243438713,25.0490304109034
桃園市龜山區樂善里3鄰華亞三路39巷39號七樓,68,6800700,6800700-010,3鄰,華亞三路,,39巷,,,,39號七樓,121.382243438713,25.0490304109034
桃園市龜山區樂善里3鄰華亞三路39巷39號八樓,68,6800700,6800700-010,3鄰,華亞三路,,39巷,,,,39號八樓,121.382243438713,25.0490304109034
桃園市龜山區樂善里3鄰華亞三路39巷39號九樓,68,6800700,6800700-010,3鄰,華亞三路,,39巷,,,,39號九樓,121.382243438713,25.0490304109034
桃園市龜山區樂善里3鄰華亞三路39巷39號十一樓,68,6800700,6800700-010,3鄰,華亞三路,,39巷,,,,39號十一樓,121.382243438713,25.0490304109034
桃園市龜山區樂善里3鄰華亞三路39巷39號十二樓,68,6800700,6800700-010,3鄰,華亞三路,,39巷,,,,39號十二樓,121.382243438713,25.0490304109034
桃園市龜山區樂善里3鄰華亞三路39巷39號十三樓,68,6800700,6800700-010,3鄰,華亞三路,,39巷,,,,39號十三樓,121.382243438713,25.0490304109034
桃園市龜山區樂善里3鄰華亞三路39巷39號十四樓,68,6800700,6800700-010,3鄰,華亞三路,,39巷,,,,39號十四樓,121.382243438713,25.0490304109034
桃園市龜山區樂善里3鄰華亞三路39巷39號十五樓,68,6800700,6800700-010,3鄰,華亞三路,,39巷,,,,39號十五樓,121.382243438713,25.0490304109034
桃園市龜山區樂善里3鄰華亞三路39巷39號十六樓,68,6800700,6800700-010,3鄰,華亞三路,,39巷,,,,39號十六樓,121.382243438713,25.0490304109034
桃園市龜山區樂善里3鄰華亞三路39巷39號十七樓,68,6800700,6800700-010,3鄰,華亞三路,,39巷,,,,39號十七樓,121.382243438713,25.0490304109034
桃園市龜山區樂善里3鄰華亞三路39巷39號十八樓,68,6800700,6800700-010,3鄰,華亞三路,,39巷,,,,39號十八樓,121.382243438713,25.0490304109034
桃園市龜山區樂善里3鄰華亞三路39巷39號十九樓,68,6800700,6800700-010,3鄰,華亞三路,,39巷,,,,39號十九樓,121.382243438713,25.0490304109034
桃園市龜山區樂善里3鄰華亞三路39巷39號二十樓,68,6800700,6800700-010,3鄰,華亞三路,,39巷,,,,39號二十樓,121.382243438713,25.0490304109034
桃園市龜山區樂善里3鄰華亞三路39巷39號二十一樓,68,6800700,6800700-010,3鄰,華亞三路,,39巷,,,,39號二十一樓,121.382243438713,25.0490304109034
桃園市龜山區樂善里3鄰華亞三路39巷39號二十二樓,68,6800700,6800700-010,3鄰,華亞三路,,39巷,,,,39號二十二樓,121.382243438713,25.0490304109034
桃園市龜山區樂善里3鄰華亞三路39巷39號二十三樓,68,6800700,6800700-010,3鄰,華亞三路,,39巷,,,,39號二十三樓,121.382243438713,25.0490304109034
桃園市龜山區樂善里3鄰華亞三路39巷39號二十四樓,68,6800700,6800700-010,3鄰,華亞三路,,39巷,,,,39號二十四樓,121.382243438713,25.0490304109034
桃園市龜山區樂善里4鄰華亞三路39巷40號十樓,68,6800700,6800700-010,4鄰,華亞三路,,39巷,,,,40號十樓,121.382124394378,25.0485133113904
桃園市龜山區樂善里4鄰華亞三路39巷40號二樓,68,6800700,6800700-010,4鄰,華亞三路,,39巷,,,,40號二樓,121.382124394378,25.0485133113904
桃園市龜山區樂善里4鄰華亞三路39巷40號三樓,68,6800700,6800700-010,4鄰,華亞三路,,39巷,,,,40號三樓,121.382124394378,25.0485133113904
桃園市龜山區樂善里4鄰華亞三路39巷40號四樓,68,6800700,6800700-010,4鄰,華亞三路,,39巷,,,,40號四樓,121.382124394378,25.0485133113904
桃園市龜山區樂善里4鄰華亞三路39巷40號五樓,68,6800700,6800700-010,4鄰,華亞三路,,39巷,,,,40號五樓,121.382124394378,25.0485133113904
桃園市龜山區樂善里4鄰華亞三路39巷40號六樓,68,6800700,6800700-010,4鄰,華亞三路,,39巷,,,,40號六樓,121.382124394378,25.0485133113904
桃園市龜山區樂善里4鄰華亞三路39巷40號七樓,68,6800700,6800700-010,4鄰,華亞三路,,39巷,,,,40號七樓,121.382124394378,25.0485133113904
桃園市龜山區樂善里4鄰華亞三路39巷40號八樓,68,6800700,6800700-010,4鄰,華亞三路,,39巷,,,,40號八樓,121.382124394378,25.0485133113904
桃園市龜山區樂善里4鄰華亞三路39巷40號九樓,68,6800700,6800700-010,4鄰,華亞三路,,39巷,,,,40號九樓,121.382124394378,25.0485133113904
桃園市龜山區樂善里4鄰華亞三路39巷40號十一樓,68,6800700,6800700-010,4鄰,華亞三路,,39巷,,,,40號十一樓,121.382124394378,25.0485133113904
桃園市龜山區樂善里4鄰華亞三路39巷40號十二樓,68,6800700,6800700-010,4鄰,華亞三路,,39巷,,,,40號十二樓,121.382124394378,25.0485133113904
桃園市龜山區樂善里4鄰華亞三路39巷40號十三樓,68,6800700,6800700-010,4鄰,華亞三路,,39巷,,,,40號十三樓,121.382124394378,25.0485133113904
桃園市龜山區樂善里3鄰華亞三路39巷41號十樓,68,6800700,6800700-010,3鄰,華亞三路,,39巷,,,,41號十樓,121.382140449415,25.0490887271589
桃園市龜山區樂善里3鄰華亞三路39巷41號四樓,68,6800700,6800700-010,3鄰,華亞三路,,39巷,,,,41號四樓,121.382140449415,25.0490887271589
桃園市龜山區樂善里3鄰華亞三路39巷41號五樓,68,6800700,6800700-010,3鄰,華亞三路,,39巷,,,,41號五樓,121.382140449415,25.0490887271589
桃園市龜山區樂善里3鄰華亞三路39巷41號六樓,68,6800700,6800700-010,3鄰,華亞三路,,39巷,,,,41號六樓,121.382140449415,25.0490887271589
桃園市龜山區樂善里3鄰華亞三路39巷41號七樓,68,6800700,6800700-010,3鄰,華亞三路,,39巷,,,,41號七樓,121.382140449415,25.0490887271589
桃園市龜山區樂善里3鄰華亞三路39巷41號八樓,68,6800700,6800700-010,3鄰,華亞三路,,39巷,,,,41號八樓,121.382140449415,25.0490887271589
桃園市龜山區樂善里3鄰華亞三路39巷41號九樓,68,6800700,6800700-010,3鄰,華亞三路,,39巷,,,,41號九樓,121.382140449415,25.0490887271589
桃園市龜山區樂善里3鄰華亞三路39巷41號十一樓,68,6800700,6800700-010,3鄰,華亞三路,,39巷,,,,41號十一樓,121.382140449415,25.0490887271589
桃園市龜山區樂善里3鄰華亞三路39巷41號十二樓,68,6800700,6800700-010,3鄰,華亞三路,,39巷,,,,41號十二樓,121.382140449415,25.0490887271589
桃園市龜山區樂善里3鄰華亞三路39巷41號十三樓,68,6800700,6800700-010,3鄰,華亞三路,,39巷,,,,41號十三樓,121.382140449415,25.0490887271589
桃園市龜山區樂善里3鄰華亞三路39巷41號十四樓,68,6800700,6800700-010,3鄰,華亞三路,,39巷,,,,41號十四樓,121.382140449415,25.0490887271589
桃園市龜山區樂善里3鄰華亞三路39巷41號十五樓,68,6800700,6800700-010,3鄰,華亞三路,,39巷,,,,41號十五樓,121.382140449415,25.0490887271589
桃園市龜山區樂善里3鄰華亞三路39巷41號十六樓,68,6800700,6800700-010,3鄰,華亞三路,,39巷,,,,41號十六樓,121.382140449415,25.0490887271589
桃園市龜山區樂善里3鄰華亞三路39巷41號十七樓,68,6800700,6800700-010,3鄰,華亞三路,,39巷,,,,41號十七樓,121.382140449415,25.0490887271589
桃園市龜山區樂善里3鄰華亞三路39巷41號十八樓,68,6800700,6800700-010,3鄰,華亞三路,,39巷,,,,41號十八樓,121.382140449415,25.0490887271589
桃園市龜山區樂善里3鄰華亞三路39巷41號十九樓,68,6800700,6800700-010,3鄰,華亞三路,,39巷,,,,41號十九樓,121.382140449415,25.0490887271589
桃園市龜山區樂善里3鄰華亞三路39巷41號二十樓,68,6800700,6800700-010,3鄰,華亞三路,,39巷,,,,41號二十樓,121.382140449415,25.0490887271589
桃園市龜山區樂善里3鄰華亞三路39巷41號二十一樓,68,6800700,6800700-010,3鄰,華亞三路,,39巷,,,,41號二十一樓,121.382140449415,25.0490887271589
桃園市龜山區樂善里3鄰華亞三路39巷41號二十二樓,68,6800700,6800700-010,3鄰,華亞三路,,39巷,,,,41號二十二樓,121.382140449415,25.0490887271589
桃園市龜山區樂善里3鄰華亞三路39巷41號二十三樓,68,6800700,6800700-010,3鄰,華亞三路,,39巷,,,,41號二十三樓,121.382140449415,25.0490887271589
桃園市龜山區樂善里3鄰華亞三路39巷41號二十四樓,68,6800700,6800700-010,3鄰,華亞三路,,39巷,,,,41號二十四樓,121.382140449415,25.0490887271589
桃園市龜山區樂善里4鄰華亞三路39巷42號十樓,68,6800700,6800700-010,4鄰,華亞三路,,39巷,,,,42號十樓,121.382081504744,25.0484569052146
桃園市龜山區樂善里4鄰華亞三路39巷42號二樓,68,6800700,6800700-010,4鄰,華亞三路,,39巷,,,,42號二樓,121.382081504744,25.0484569052146
桃園市龜山區樂善里4鄰華亞三路39巷42號三樓,68,6800700,6800700-010,4鄰,華亞三路,,39巷,,,,42號三樓,121.382081504744,25.0484569052146
桃園市龜山區樂善里4鄰華亞三路39巷42號四樓,68,6800700,6800700-010,4鄰,華亞三路,,39巷,,,,42號四樓,121.382081504744,25.0484569052146
桃園市龜山區樂善里4鄰華亞三路39巷42號五樓,68,6800700,6800700-010,4鄰,華亞三路,,39巷,,,,42號五樓,121.382081504744,25.0484569052146
桃園市龜山區樂善里4鄰華亞三路39巷42號六樓,68,6800700,6800700-010,4鄰,華亞三路,,39巷,,,,42號六樓,121.382081504744,25.0484569052146
桃園市龜山區樂善里4鄰華亞三路39巷42號七樓,68,6800700,6800700-010,4鄰,華亞三路,,39巷,,,,42號七樓,121.382081504744,25.0484569052146
桃園市龜山區樂善里4鄰華亞三路39巷42號八樓,68,6800700,6800700-010,4鄰,華亞三路,,39巷,,,,42號八樓,121.382081504744,25.0484569052146
桃園市龜山區樂善里4鄰華亞三路39巷42號九樓,68,6800700,6800700-010,4鄰,華亞三路,,39巷,,,,42號九樓,121.382081504744,25.0484569052146
桃園市龜山區樂善里4鄰華亞三路39巷42號十一樓,68,6800700,6800700-010,4鄰,華亞三路,,39巷,,,,42號十一樓,121.382081504744,25.0484569052146
桃園市龜山區樂善里4鄰華亞三路39巷42號十二樓,68,6800700,6800700-010,4鄰,華亞三路,,39巷,,,,42號十二樓,121.382081504744,25.0484569052146
桃園市龜山區樂善里4鄰華亞三路39巷42號十三樓,68,6800700,6800700-010,4鄰,華亞三路,,39巷,,,,42號十三樓,121.382081504744,25.0484569052146
桃園市龜山區樂善里3鄰華亞三路39巷43號十樓,68,6800700,6800700-010,3鄰,華亞三路,,39巷,,,,43號十樓,121.382048220324,25.0491333830981
桃園市龜山區樂善里3鄰華亞三路39巷43號四樓,68,6800700,6800700-010,3鄰,華亞三路,,39巷,,,,43號四樓,121.382048220324,25.0491333830981
桃園市龜山區樂善里3鄰華亞三路39巷43號五樓,68,6800700,6800700-010,3鄰,華亞三路,,39巷,,,,43號五樓,121.382048220324,25.0491333830981
桃園市龜山區樂善里3鄰華亞三路39巷43號六樓,68,6800700,6800700-010,3鄰,華亞三路,,39巷,,,,43號六樓,121.382048220324,25.0491333830981
桃園市龜山區樂善里3鄰華亞三路39巷43號七樓,68,6800700,6800700-010,3鄰,華亞三路,,39巷,,,,43號七樓,121.382048220324,25.0491333830981
桃園市龜山區樂善里3鄰華亞三路39巷43號八樓,68,6800700,6800700-010,3鄰,華亞三路,,39巷,,,,43號八樓,121.382048220324,25.0491333830981
桃園市龜山區樂善里3鄰華亞三路39巷43號九樓,68,6800700,6800700-010,3鄰,華亞三路,,39巷,,,,43號九樓,121.382048220324,25.0491333830981
桃園市龜山區樂善里3鄰華亞三路39巷43號十一樓,68,6800700,6800700-010,3鄰,華亞三路,,39巷,,,,43號十一樓,121.382048220324,25.0491333830981
桃園市龜山區樂善里3鄰華亞三路39巷43號十二樓,68,6800700,6800700-010,3鄰,華亞三路,,39巷,,,,43號十二樓,121.382048220324,25.0491333830981
桃園市龜山區樂善里3鄰華亞三路39巷43號十三樓,68,6800700,6800700-010,3鄰,華亞三路,,39巷,,,,43號十三樓,121.382048220324,25.0491333830981
桃園市龜山區樂善里3鄰華亞三路39巷43號十四樓,68,6800700,6800700-010,3鄰,華亞三路,,39巷,,,,43號十四樓,121.382048220324,25.0491333830981
桃園市龜山區樂善里3鄰華亞三路39巷43號十五樓,68,6800700,6800700-010,3鄰,華亞三路,,39巷,,,,43號十五樓,121.382048220324,25.0491333830981
桃園市龜山區樂善里3鄰華亞三路39巷43號十六樓,68,6800700,6800700-010,3鄰,華亞三路,,39巷,,,,43號十六樓,121.382048220324,25.0491333830981
桃園市龜山區樂善里3鄰華亞三路39巷43號十七樓,68,6800700,6800700-010,3鄰,華亞三路,,39巷,,,,43號十七樓,121.382048220324,25.0491333830981
桃園市龜山區樂善里3鄰華亞三路39巷43號十八樓,68,6800700,6800700-010,3鄰,華亞三路,,39巷,,,,43號十八樓,121.382048220324,25.0491333830981
桃園市龜山區樂善里3鄰華亞三路39巷43號十九樓,68,6800700,6800700-010,3鄰,華亞三路,,39巷,,,,43號十九樓,121.382048220324,25.0491333830981
桃園市龜山區樂善里3鄰華亞三路39巷43號二十樓,68,6800700,6800700-010,3鄰,華亞三路,,39巷,,,,43號二十樓,121.382048220324,25.0491333830981
桃園市龜山區樂善里3鄰華亞三路39巷43號二十一樓,68,6800700,6800700-010,3鄰,華亞三路,,39巷,,,,43號二十一樓,121.382048220324,25.0491333830981
桃園市龜山區樂善里3鄰華亞三路39巷43號二十二樓,68,6800700,6800700-010,3鄰,華亞三路,,39巷,,,,43號二十二樓,121.382048220324,25.0491333830981
桃園市龜山區樂善里3鄰華亞三路39巷43號二十三樓,68,6800700,6800700-010,3鄰,華亞三路,,39巷,,,,43號二十三樓,121.382048220324,25.0491333830981
桃園市龜山區樂善里3鄰華亞三路39巷43號二十四樓,68,6800700,6800700-010,3鄰,華亞三路,,39巷,,,,43號二十四樓,121.382048220324,25.0491333830981
桃園市龜山區樂善里3鄰華亞三路39巷45號十樓,68,6800700,6800700-010,3鄰,華亞三路,,39巷,,,,45號十樓,121.381977436898,25.0490945633299
桃園市龜山區樂善里3鄰華亞三路39巷45號四樓,68,6800700,6800700-010,3鄰,華亞三路,,39巷,,,,45號四樓,121.381977436898,25.0490945633299
桃園市龜山區樂善里3鄰華亞三路39巷45號五樓,68,6800700,6800700-010,3鄰,華亞三路,,39巷,,,,45號五樓,121.381977436898,25.0490945633299
桃園市龜山區樂善里3鄰華亞三路39巷45號六樓,68,6800700,6800700-010,3鄰,華亞三路,,39巷,,,,45號六樓,121.381977436898,25.0490945633299
桃園市龜山區樂善里3鄰華亞三路39巷45號七樓,68,6800700,6800700-010,3鄰,華亞三路,,39巷,,,,45號七樓,121.381977436898,25.0490945633299
桃園市龜山區樂善里3鄰華亞三路39巷45號八樓,68,6800700,6800700-010,3鄰,華亞三路,,39巷,,,,45號八樓,121.381977436898,25.0490945633299
桃園市龜山區樂善里3鄰華亞三路39巷45號九樓,68,6800700,6800700-010,3鄰,華亞三路,,39巷,,,,45號九樓,121.381977436898,25.0490945633299
桃園市龜山區樂善里3鄰華亞三路39巷45號十一樓,68,6800700,6800700-010,3鄰,華亞三路,,39巷,,,,45號十一樓,121.381977436898,25.0490945633299
桃園市龜山區樂善里3鄰華亞三路39巷45號十二樓,68,6800700,6800700-010,3鄰,華亞三路,,39巷,,,,45號十二樓,121.381977436898,25.0490945633299
桃園市龜山區樂善里3鄰華亞三路39巷45號十三樓,68,6800700,6800700-010,3鄰,華亞三路,,39巷,,,,45號十三樓,121.381977436898,25.0490945633299
桃園市龜山區樂善里3鄰華亞三路39巷45號十四樓,68,6800700,6800700-010,3鄰,華亞三路,,39巷,,,,45號十四樓,121.381977436898,25.0490945633299
桃園市龜山區樂善里3鄰華亞三路39巷45號十五樓,68,6800700,6800700-010,3鄰,華亞三路,,39巷,,,,45號十五樓,121.381977436898,25.0490945633299
桃園市龜山區樂善里3鄰華亞三路39巷45號十六樓,68,6800700,6800700-010,3鄰,華亞三路,,39巷,,,,45號十六樓,121.381977436898,25.0490945633299
桃園市龜山區樂善里3鄰華亞三路39巷45號十七樓,68,6800700,6800700-010,3鄰,華亞三路,,39巷,,,,45號十七樓,121.381977436898,25.0490945633299
桃園市龜山區樂善里3鄰華亞三路39巷45號十八樓,68,6800700,6800700-010,3鄰,華亞三路,,39巷,,,,45號十八樓,121.381977436898,25.0490945633299
桃園市龜山區樂善里3鄰華亞三路39巷45號十九樓,68,6800700,6800700-010,3鄰,華亞三路,,39巷,,,,45號十九樓,121.381977436898,25.0490945633299
桃園市龜山區樂善里3鄰華亞三路39巷45號二十樓,68,6800700,6800700-010,3鄰,華亞三路,,39巷,,,,45號二十樓,121.381977436898,25.0490945633299
桃園市龜山區樂善里3鄰華亞三路39巷45號二十一樓,68,6800700,6800700-010,3鄰,華亞三路,,39巷,,,,45號二十一樓,121.381977436898,25.0490945633299
桃園市龜山區樂善里3鄰華亞三路39巷45號二十二樓,68,6800700,6800700-010,3鄰,華亞三路,,39巷,,,,45號二十二樓,121.381977436898,25.0490945633299
桃園市龜山區樂善里3鄰華亞三路39巷45號二十三樓,68,6800700,6800700-010,3鄰,華亞三路,,39巷,,,,45號二十三樓,121.381977436898,25.0490945633299
桃園市龜山區樂善里3鄰華亞三路39巷45號二十四樓,68,6800700,6800700-010,3鄰,華亞三路,,39巷,,,,45號二十四樓,121.381977436898,25.0490945633299
桃園市龜山區樂善里4鄰華亞三路39巷46號十樓,68,6800700,6800700-010,4鄰,華亞三路,,39巷,,,,46號十樓,121.382154425397,25.0484179866902
桃園市龜山區樂善里4鄰華亞三路39巷46號二樓,68,6800700,6800700-010,4鄰,華亞三路,,39巷,,,,46號二樓,121.382154425397,25.0484179866902
桃園市龜山區樂善里4鄰華亞三路39巷46號三樓,68,6800700,6800700-010,4鄰,華亞三路,,39巷,,,,46號三樓,121.382154425397,25.0484179866902
桃園市龜山區樂善里4鄰華亞三路39巷46號四樓,68,6800700,6800700-010,4鄰,華亞三路,,39巷,,,,46號四樓,121.382154425397,25.0484179866902
桃園市龜山區樂善里4鄰華亞三路39巷46號五樓,68,6800700,6800700-010,4鄰,華亞三路,,39巷,,,,46號五樓,121.382154425397,25.0484179866902
桃園市龜山區樂善里4鄰華亞三路39巷46號六樓,68,6800700,6800700-010,4鄰,華亞三路,,39巷,,,,46號六樓,121.382154425397,25.0484179866902
桃園市龜山區樂善里4鄰華亞三路39巷46號七樓,68,6800700,6800700-010,4鄰,華亞三路,,39巷,,,,46號七樓,121.382154425397,25.0484179866902
桃園市龜山區樂善里4鄰華亞三路39巷46號八樓,68,6800700,6800700-010,4鄰,華亞三路,,39巷,,,,46號八樓,121.382154425397,25.0484179866902
桃園市龜山區樂善里4鄰華亞三路39巷46號九樓,68,6800700,6800700-010,4鄰,華亞三路,,39巷,,,,46號九樓,121.382154425397,25.0484179866902
桃園市龜山區樂善里4鄰華亞三路39巷46號十一樓,68,6800700,6800700-010,4鄰,華亞三路,,39巷,,,,46號十一樓,121.382154425397,25.0484179866902
桃園市龜山區樂善里4鄰華亞三路39巷46號十二樓,68,6800700,6800700-010,4鄰,華亞三路,,39巷,,,,46號十二樓,121.382154425397,25.0484179866902
桃園市龜山區樂善里4鄰華亞三路39巷46號十三樓,68,6800700,6800700-010,4鄰,華亞三路,,39巷,,,,46號十三樓,121.382154425397,25.0484179866902
桃園市龜山區樂善里3鄰華亞三路39巷47號十樓,68,6800700,6800700-010,3鄰,華亞三路,,39巷,,,,47號十樓,121.381945181669,25.049047880224
桃園市龜山區樂善里3鄰華亞三路39巷47號四樓,68,6800700,6800700-010,3鄰,華亞三路,,39巷,,,,47號四樓,121.381945181669,25.049047880224
桃園市龜山區樂善里3鄰華亞三路39巷47號五樓,68,6800700,6800700-010,3鄰,華亞三路,,39巷,,,,47號五樓,121.381945181669,25.049047880224
桃園市龜山區樂善里3鄰華亞三路39巷47號六樓,68,6800700,6800700-010,3鄰,華亞三路,,39巷,,,,47號六樓,121.381945181669,25.049047880224
桃園市龜山區樂善里3鄰華亞三路39巷47號七樓,68,6800700,6800700-010,3鄰,華亞三路,,39巷,,,,47號七樓,121.381945181669,25.049047880224
桃園市龜山區樂善里3鄰華亞三路39巷47號八樓,68,6800700,6800700-010,3鄰,華亞三路,,39巷,,,,47號八樓,121.381945181669,25.049047880224
桃園市龜山區樂善里3鄰華亞三路39巷47號九樓,68,6800700,6800700-010,3鄰,華亞三路,,39巷,,,,47號九樓,121.381945181669,25.049047880224
桃園市龜山區樂善里3鄰華亞三路39巷47號十一樓,68,6800700,6800700-010,3鄰,華亞三路,,39巷,,,,47號十一樓,121.381945181669,25.049047880224
桃園市龜山區樂善里3鄰華亞三路39巷47號十二樓,68,6800700,6800700-010,3鄰,華亞三路,,39巷,,,,47號十二樓,121.381945181669,25.049047880224
桃園市龜山區樂善里3鄰華亞三路39巷47號十三樓,68,6800700,6800700-010,3鄰,華亞三路,,39巷,,,,47號十三樓,121.381945181669,25.049047880224
桃園市龜山區樂善里3鄰華亞三路39巷47號十四樓,68,6800700,6800700-010,3鄰,華亞三路,,39巷,,,,47號十四樓,121.381945181669,25.049047880224
桃園市龜山區樂善里3鄰華亞三路39巷47號十五樓,68,6800700,6800700-010,3鄰,華亞三路,,39巷,,,,47號十五樓,121.381945181669,25.049047880224
桃園市龜山區樂善里3鄰華亞三路39巷47號十六樓,68,6800700,6800700-010,3鄰,華亞三路,,39巷,,,,47號十六樓,121.381945181669,25.049047880224
桃園市龜山區樂善里3鄰華亞三路39巷47號十七樓,68,6800700,6800700-010,3鄰,華亞三路,,39巷,,,,47號十七樓,121.381945181669,25.049047880224
桃園市龜山區樂善里3鄰華亞三路39巷47號十八樓,68,6800700,6800700-010,3鄰,華亞三路,,39巷,,,,47號十八樓,121.381945181669,25.049047880224
桃園市龜山區樂善里3鄰華亞三路39巷47號十九樓,68,6800700,6800700-010,3鄰,華亞三路,,39巷,,,,47號十九樓,121.381945181669,25.049047880224
桃園市龜山區樂善里3鄰華亞三路39巷47號二十樓,68,6800700,6800700-010,3鄰,華亞三路,,39巷,,,,47號二十樓,121.381945181669,25.049047880224
桃園市龜山區樂善里3鄰華亞三路39巷47號二十一樓,68,6800700,6800700-010,3鄰,華亞三路,,39巷,,,,47號二十一樓,121.381945181669,25.049047880224
桃園市龜山區樂善里3鄰華亞三路39巷47號二十二樓,68,6800700,6800700-010,3鄰,華亞三路,,39巷,,,,47號二十二樓,121.381945181669,25.049047880224
桃園市龜山區樂善里3鄰華亞三路39巷47號二十三樓,68,6800700,6800700-010,3鄰,華亞三路,,39巷,,,,47號二十三樓,121.381945181669,25.049047880224
桃園市龜山區樂善里3鄰華亞三路39巷47號二十四樓,68,6800700,6800700-010,3鄰,華亞三路,,39巷,,,,47號二十四樓,121.381945181669,25.049047880224
桃園市龜山區樂善里4鄰華亞三路39巷48號十樓,68,6800700,6800700-010,4鄰,華亞三路,,39巷,,,,48號十樓,121.382227358319,25.048383040504
桃園市龜山區樂善里4鄰華亞三路39巷48號二樓,68,6800700,6800700-010,4鄰,華亞三路,,39巷,,,,48號二樓,121.382227358319,25.048383040504
桃園市龜山區樂善里4鄰華亞三路39巷48號三樓,68,6800700,6800700-010,4鄰,華亞三路,,39巷,,,,48號三樓,121.382227358319,25.048383040504
桃園市龜山區樂善里4鄰華亞三路39巷48號四樓,68,6800700,6800700-010,4鄰,華亞三路,,39巷,,,,48號四樓,121.382227358319,25.048383040504
桃園市龜山區樂善里4鄰華亞三路39巷48號五樓,68,6800700,6800700-010,4鄰,華亞三路,,39巷,,,,48號五樓,121.382227358319,25.048383040504
桃園市龜山區樂善里4鄰華亞三路39巷48號六樓,68,6800700,6800700-010,4鄰,華亞三路,,39巷,,,,48號六樓,121.382227358319,25.048383040504
桃園市龜山區樂善里4鄰華亞三路39巷48號七樓,68,6800700,6800700-010,4鄰,華亞三路,,39巷,,,,48號七樓,121.382227358319,25.048383040504
桃園市龜山區樂善里4鄰華亞三路39巷48號八樓,68,6800700,6800700-010,4鄰,華亞三路,,39巷,,,,48號八樓,121.382227358319,25.048383040504
桃園市龜山區樂善里4鄰華亞三路39巷48號九樓,68,6800700,6800700-010,4鄰,華亞三路,,39巷,,,,48號九樓,121.382227358319,25.048383040504
桃園市龜山區樂善里4鄰華亞三路39巷48號十一樓,68,6800700,6800700-010,4鄰,華亞三路,,39巷,,,,48號十一樓,121.382227358319,25.048383040504
桃園市龜山區樂善里4鄰華亞三路39巷48號十二樓,68,6800700,6800700-010,4鄰,華亞三路,,39巷,,,,48號十二樓,121.382227358319,25.048383040504
桃園市龜山區樂善里4鄰華亞三路39巷48號十三樓,68,6800700,6800700-010,4鄰,華亞三路,,39巷,,,,48號十三樓,121.382227358319,25.048383040504
桃園市龜山區樂善里4鄰華亞三路39巷48號十四樓,68,6800700,6800700-010,4鄰,華亞三路,,39巷,,,,48號十四樓,121.382227358319,25.048383040504
桃園市龜山區樂善里2鄰華亞三路39巷49號,68,6800700,6800700-010,2鄰,華亞三路,,39巷,,,,49號,121.382347439834,25.0487551444827
桃園市龜山區樂善里4鄰華亞三路39巷50號十樓,68,6800700,6800700-010,4鄰,華亞三路,,39巷,,,,50號十樓,121.382306743151,25.0484472072495
桃園市龜山區樂善里4鄰華亞三路39巷50號二樓,68,6800700,6800700-010,4鄰,華亞三路,,39巷,,,,50號二樓,121.382306743151,25.0484472072495
桃園市龜山區樂善里4鄰華亞三路39巷50號三樓,68,6800700,6800700-010,4鄰,華亞三路,,39巷,,,,50號三樓,121.382306743151,25.0484472072495
桃園市龜山區樂善里4鄰華亞三路39巷50號四樓,68,6800700,6800700-010,4鄰,華亞三路,,39巷,,,,50號四樓,121.382306743151,25.0484472072495
桃園市龜山區樂善里4鄰華亞三路39巷50號五樓,68,6800700,6800700-010,4鄰,華亞三路,,39巷,,,,50號五樓,121.382306743151,25.0484472072495
桃園市龜山區樂善里4鄰華亞三路39巷50號六樓,68,6800700,6800700-010,4鄰,華亞三路,,39巷,,,,50號六樓,121.382306743151,25.0484472072495
桃園市龜山區樂善里4鄰華亞三路39巷50號七樓,68,6800700,6800700-010,4鄰,華亞三路,,39巷,,,,50號七樓,121.382306743151,25.0484472072495
桃園市龜山區樂善里4鄰華亞三路39巷50號八樓,68,6800700,6800700-010,4鄰,華亞三路,,39巷,,,,50號八樓,121.382306743151,25.0484472072495
桃園市龜山區樂善里4鄰華亞三路39巷50號九樓,68,6800700,6800700-010,4鄰,華亞三路,,39巷,,,,50號九樓,121.382306743151,25.0484472072495
桃園市龜山區樂善里4鄰華亞三路39巷50號十一樓,68,6800700,6800700-010,4鄰,華亞三路,,39巷,,,,50號十一樓,121.382306743151,25.0484472072495
桃園市龜山區樂善里4鄰華亞三路39巷50號十二樓,68,6800700,6800700-010,4鄰,華亞三路,,39巷,,,,50號十二樓,121.382306743151,25.0484472072495
桃園市龜山區樂善里4鄰華亞三路39巷50號十三樓,68,6800700,6800700-010,4鄰,華亞三路,,39巷,,,,50號十三樓,121.382306743151,25.0484472072495
桃園市龜山區樂善里4鄰華亞三路39巷50號十四樓,68,6800700,6800700-010,4鄰,華亞三路,,39巷,,,,50號十四樓,121.382306743151,25.0484472072495
桃園市龜山區樂善里2鄰華亞三路39巷51號,68,6800700,6800700-010,2鄰,華亞三路,,39巷,,,,51號,121.382405338804,25.0487298970707
桃園市龜山區樂善里4鄰華亞三路39巷52號十樓,68,6800700,6800700-010,4鄰,華亞三路,,39巷,,,,52號十樓,121.382349422351,25.0484996414957
桃園市龜山區樂善里4鄰華亞三路39巷52號二樓,68,6800700,6800700-010,4鄰,華亞三路,,39巷,,,,52號二樓,121.382349422351,25.0484996414957
桃園市龜山區樂善里4鄰華亞三路39巷52號三樓,68,6800700,6800700-010,4鄰,華亞三路,,39巷,,,,52號三樓,121.382349422351,25.0484996414957
桃園市龜山區樂善里4鄰華亞三路39巷52號四樓,68,6800700,6800700-010,4鄰,華亞三路,,39巷,,,,52號四樓,121.382349422351,25.0484996414957
桃園市龜山區樂善里4鄰華亞三路39巷52號五樓,68,6800700,6800700-010,4鄰,華亞三路,,39巷,,,,52號五樓,121.382349422351,25.0484996414957
桃園市龜山區樂善里4鄰華亞三路39巷52號六樓,68,6800700,6800700-010,4鄰,華亞三路,,39巷,,,,52號六樓,121.382349422351,25.0484996414957
桃園市龜山區樂善里4鄰華亞三路39巷52號七樓,68,6800700,6800700-010,4鄰,華亞三路,,39巷,,,,52號七樓,121.382349422351,25.0484996414957
桃園市龜山區樂善里4鄰華亞三路39巷52號八樓,68,6800700,6800700-010,4鄰,華亞三路,,39巷,,,,52號八樓,121.382349422351,25.0484996414957
桃園市龜山區樂善里4鄰華亞三路39巷52號九樓,68,6800700,6800700-010,4鄰,華亞三路,,39巷,,,,52號九樓,121.382349422351,25.0484996414957
桃園市龜山區樂善里4鄰華亞三路39巷52號十一樓,68,6800700,6800700-010,4鄰,華亞三路,,39巷,,,,52號十一樓,121.382349422351,25.0484996414957
桃園市龜山區樂善里4鄰華亞三路39巷52號十二樓,68,6800700,6800700-010,4鄰,華亞三路,,39巷,,,,52號十二樓,121.382349422351,25.0484996414957
桃園市龜山區樂善里4鄰華亞三路39巷52號十三樓,68,6800700,6800700-010,4鄰,華亞三路,,39巷,,,,52號十三樓,121.382349422351,25.0484996414957
桃園市龜山區樂善里4鄰華亞三路39巷52號十四樓,68,6800700,6800700-010,4鄰,華亞三路,,39巷,,,,52號十四樓,121.382349422351,25.0484996414957
桃園市龜山區樂善里2鄰華亞三路39巷53號,68,6800700,6800700-010,2鄰,華亞三路,,39巷,,,,53號,121.382469679618,25.0487046330509
桃園市龜山區樂善里2鄰華亞三路39巷55號,68,6800700,6800700-010,2鄰,華亞三路,,39巷,,,,55號,121.3825276684,25.0486764060565
桃園市龜山區樂善里4鄰華亞三路39巷56號十樓,68,6800700,6800700-010,4鄰,華亞三路,,39巷,,,,56號十樓,121.382429076232,25.0484588095862
桃園市龜山區樂善里4鄰華亞三路39巷56號二樓,68,6800700,6800700-010,4鄰,華亞三路,,39巷,,,,56號二樓,121.382429076232,25.0484588095862
桃園市龜山區樂善里4鄰華亞三路39巷56號三樓,68,6800700,6800700-010,4鄰,華亞三路,,39巷,,,,56號三樓,121.382429076232,25.0484588095862
桃園市龜山區樂善里4鄰華亞三路39巷56號四樓,68,6800700,6800700-010,4鄰,華亞三路,,39巷,,,,56號四樓,121.382429076232,25.0484588095862
桃園市龜山區樂善里4鄰華亞三路39巷56號五樓,68,6800700,6800700-010,4鄰,華亞三路,,39巷,,,,56號五樓,121.382429076232,25.0484588095862
桃園市龜山區樂善里4鄰華亞三路39巷56號六樓,68,6800700,6800700-010,4鄰,華亞三路,,39巷,,,,56號六樓,121.382429076232,25.0484588095862
桃園市龜山區樂善里4鄰華亞三路39巷56號七樓,68,6800700,6800700-010,4鄰,華亞三路,,39巷,,,,56號七樓,121.382429076232,25.0484588095862
桃園市龜山區樂善里4鄰華亞三路39巷56號八樓,68,6800700,6800700-010,4鄰,華亞三路,,39巷,,,,56號八樓,121.382429076232,25.0484588095862
桃園市龜山區樂善里4鄰華亞三路39巷56號九樓,68,6800700,6800700-010,4鄰,華亞三路,,39巷,,,,56號九樓,121.382429076232,25.0484588095862
桃園市龜山區樂善里4鄰華亞三路39巷56號十一樓,68,6800700,6800700-010,4鄰,華亞三路,,39巷,,,,56號十一樓,121.382429076232,25.0484588095862
桃園市龜山區樂善里4鄰華亞三路39巷56號十二樓,68,6800700,6800700-010,4鄰,華亞三路,,39巷,,,,56號十二樓,121.382429076232,25.0484588095862
桃園市龜山區樂善里4鄰華亞三路39巷56號十三樓,68,6800700,6800700-010,4鄰,華亞三路,,39巷,,,,56號十三樓,121.382429076232,25.0484588095862
桃園市龜山區樂善里4鄰華亞三路39巷56號十四樓,68,6800700,6800700-010,4鄰,華亞三路,,39巷,,,,56號十四樓,121.382429076232,25.0484588095862
桃園市龜山區樂善里4鄰華亞三路39巷58號十樓,68,6800700,6800700-010,4鄰,華亞三路,,39巷,,,,58號十樓,121.382489125394,25.0484238964391
桃園市龜山區樂善里4鄰華亞三路39巷58號二樓,68,6800700,6800700-010,4鄰,華亞三路,,39巷,,,,58號二樓,121.382489125394,25.0484238964391
桃園市龜山區樂善里4鄰華亞三路39巷58號三樓,68,6800700,6800700-010,4鄰,華亞三路,,39巷,,,,58號三樓,121.382489125394,25.0484238964391
桃園市龜山區樂善里4鄰華亞三路39巷58號四樓,68,6800700,6800700-010,4鄰,華亞三路,,39巷,,,,58號四樓,121.382489125394,25.0484238964391
桃園市龜山區樂善里4鄰華亞三路39巷58號五樓,68,6800700,6800700-010,4鄰,華亞三路,,39巷,,,,58號五樓,121.382489125394,25.0484238964391
桃園市龜山區樂善里4鄰華亞三路39巷58號六樓,68,6800700,6800700-010,4鄰,華亞三路,,39巷,,,,58號六樓,121.382489125394,25.0484238964391
桃園市龜山區樂善里4鄰華亞三路39巷58號七樓,68,6800700,6800700-010,4鄰,華亞三路,,39巷,,,,58號七樓,121.382489125394,25.0484238964391
桃園市龜山區樂善里4鄰華亞三路39巷58號八樓,68,6800700,6800700-010,4鄰,華亞三路,,39巷,,,,58號八樓,121.382489125394,25.0484238964391
桃園市龜山區樂善里4鄰華亞三路39巷58號九樓,68,6800700,6800700-010,4鄰,華亞三路,,39巷,,,,58號九樓,121.382489125394,25.0484238964391
桃園市龜山區樂善里4鄰華亞三路39巷58號十一樓,68,6800700,6800700-010,4鄰,華亞三路,,39巷,,,,58號十一樓,121.382489125394,25.0484238964391
桃園市龜山區樂善里4鄰華亞三路39巷58號十二樓,68,6800700,6800700-010,4鄰,華亞三路,,39巷,,,,58號十二樓,121.382489125394,25.0484238964391
桃園市龜山區樂善里4鄰華亞三路39巷58號十三樓,68,6800700,6800700-010,4鄰,華亞三路,,39巷,,,,58號十三樓,121.382489125394,25.0484238964391
桃園市龜山區樂善里4鄰華亞三路39巷58號十四樓,68,6800700,6800700-010,4鄰,華亞三路,,39巷,,,,58號十四樓,121.382489125394,25.0484238964391
桃園市龜山區樂善里4鄰華亞三路39巷60號,68,6800700,6800700-010,4鄰,華亞三路,,39巷,,,,60號,121.38256856892,25.0483791828735
桃園市龜山區樂善里4鄰華亞三路39巷60號十樓,68,6800700,6800700-010,4鄰,華亞三路,,39巷,,,,60號十樓,121.38256856892,25.0483791828735
桃園市龜山區樂善里4鄰華亞三路39巷60號二樓,68,6800700,6800700-010,4鄰,華亞三路,,39巷,,,,60號二樓,121.38256856892,25.0483791828735
桃園市龜山區樂善里4鄰華亞三路39巷60號三樓,68,6800700,6800700-010,4鄰,華亞三路,,39巷,,,,60號三樓,121.38256856892,25.0483791828735
桃園市龜山區樂善里4鄰華亞三路39巷60號四樓,68,6800700,6800700-010,4鄰,華亞三路,,39巷,,,,60號四樓,121.38256856892,25.0483791828735
桃園市龜山區樂善里4鄰華亞三路39巷60號五樓,68,6800700,6800700-010,4鄰,華亞三路,,39巷,,,,60號五樓,121.38256856892,25.0483791828735
桃園市龜山區樂善里4鄰華亞三路39巷60號六樓,68,6800700,6800700-010,4鄰,華亞三路,,39巷,,,,60號六樓,121.38256856892,25.0483791828735
桃園市龜山區樂善里4鄰華亞三路39巷60號七樓,68,6800700,6800700-010,4鄰,華亞三路,,39巷,,,,60號七樓,121.38256856892,25.0483791828735
桃園市龜山區樂善里4鄰華亞三路39巷60號八樓,68,6800700,6800700-010,4鄰,華亞三路,,39巷,,,,60號八樓,121.38256856892,25.0483791828735
桃園市龜山區樂善里4鄰華亞三路39巷60號九樓,68,6800700,6800700-010,4鄰,華亞三路,,39巷,,,,60號九樓,121.38256856892,25.0483791828735
桃園市龜山區樂善里4鄰華亞三路39巷60號十一樓,68,6800700,6800700-010,4鄰,華亞三路,,39巷,,,,60號十一樓,121.38256856892,25.0483791828735
桃園市龜山區樂善里4鄰華亞三路39巷60號十二樓,68,6800700,6800700-010,4鄰,華亞三路,,39巷,,,,60號十二樓,121.38256856892,25.0483791828735
桃園市龜山區樂善里4鄰華亞三路39巷60號十三樓,68,6800700,6800700-010,4鄰,華亞三路,,39巷,,,,60號十三樓,121.38256856892,25.0483791828735
桃園市龜山區樂善里4鄰華亞三路39巷60號十四樓,68,6800700,6800700-010,4鄰,華亞三路,,39巷,,,,60號十四樓,121.38256856892,25.0483791828735
桃園市龜山區樂善里4鄰華亞三路39巷62號十樓,68,6800700,6800700-010,4鄰,華亞三路,,39巷,,,,62號十樓,121.382562107872,25.0483091407271
桃園市龜山區樂善里4鄰華亞三路39巷62號二樓,68,6800700,6800700-010,4鄰,華亞三路,,39巷,,,,62號二樓,121.382562107872,25.0483091407271
桃園市龜山區樂善里4鄰華亞三路39巷62號三樓,68,6800700,6800700-010,4鄰,華亞三路,,39巷,,,,62號三樓,121.382562107872,25.0483091407271
桃園市龜山區樂善里4鄰華亞三路39巷62號四樓,68,6800700,6800700-010,4鄰,華亞三路,,39巷,,,,62號四樓,121.382562107872,25.0483091407271
桃園市龜山區樂善里4鄰華亞三路39巷62號五樓,68,6800700,6800700-010,4鄰,華亞三路,,39巷,,,,62號五樓,121.382562107872,25.0483091407271
桃園市龜山區樂善里4鄰華亞三路39巷62號六樓,68,6800700,6800700-010,4鄰,華亞三路,,39巷,,,,62號六樓,121.382562107872,25.0483091407271
桃園市龜山區樂善里4鄰華亞三路39巷62號七樓,68,6800700,6800700-010,4鄰,華亞三路,,39巷,,,,62號七樓,121.382562107872,25.0483091407271
桃園市龜山區樂善里4鄰華亞三路39巷62號八樓,68,6800700,6800700-010,4鄰,華亞三路,,39巷,,,,62號八樓,121.382562107872,25.0483091407271
桃園市龜山區樂善里4鄰華亞三路39巷62號九樓,68,6800700,6800700-010,4鄰,華亞三路,,39巷,,,,62號九樓,121.382562107872,25.0483091407271
桃園市龜山區樂善里4鄰華亞三路39巷62號十一樓,68,6800700,6800700-010,4鄰,華亞三路,,39巷,,,,62號十一樓,121.382562107872,25.0483091407271
桃園市龜山區樂善里4鄰華亞三路39巷62號十二樓,68,6800700,6800700-010,4鄰,華亞三路,,39巷,,,,62號十二樓,121.382562107872,25.0483091407271
桃園市龜山區樂善里4鄰華亞三路39巷62號十三樓,68,6800700,6800700-010,4鄰,華亞三路,,39巷,,,,62號十三樓,121.382562107872,25.0483091407271
桃園市龜山區樂善里4鄰華亞三路39巷62號十四樓,68,6800700,6800700-010,4鄰,華亞三路,,39巷,,,,62號十四樓,121.382562107872,25.0483091407271
桃園市龜山區樂善里4鄰華亞三路39巷66號十樓,68,6800700,6800700-010,4鄰,華亞三路,,39巷,,,,66號十樓,121.382534240093,25.0482391537047
桃園市龜山區樂善里4鄰華亞三路39巷66號二樓,68,6800700,6800700-010,4鄰,華亞三路,,39巷,,,,66號二樓,121.382534240093,25.0482391537047
桃園市龜山區樂善里4鄰華亞三路39巷66號三樓,68,6800700,6800700-010,4鄰,華亞三路,,39巷,,,,66號三樓,121.382534240093,25.0482391537047
桃園市龜山區樂善里4鄰華亞三路39巷66號四樓,68,6800700,6800700-010,4鄰,華亞三路,,39巷,,,,66號四樓,121.382534240093,25.0482391537047
桃園市龜山區樂善里4鄰華亞三路39巷66號五樓,68,6800700,6800700-010,4鄰,華亞三路,,39巷,,,,66號五樓,121.382534240093,25.0482391537047
桃園市龜山區樂善里4鄰華亞三路39巷66號六樓,68,6800700,6800700-010,4鄰,華亞三路,,39巷,,,,66號六樓,121.382534240093,25.0482391537047
桃園市龜山區樂善里4鄰華亞三路39巷66號七樓,68,6800700,6800700-010,4鄰,華亞三路,,39巷,,,,66號七樓,121.382534240093,25.0482391537047
桃園市龜山區樂善里4鄰華亞三路39巷66號八樓,68,6800700,6800700-010,4鄰,華亞三路,,39巷,,,,66號八樓,121.382534240093,25.0482391537047
桃園市龜山區樂善里4鄰華亞三路39巷66號九樓,68,6800700,6800700-010,4鄰,華亞三路,,39巷,,,,66號九樓,121.382534240093,25.0482391537047
桃園市龜山區樂善里4鄰華亞三路39巷66號十一樓,68,6800700,6800700-010,4鄰,華亞三路,,39巷,,,,66號十一樓,121.382534240093,25.0482391537047
桃園市龜山區樂善里4鄰華亞三路39巷66號十二樓,68,6800700,6800700-010,4鄰,華亞三路,,39巷,,,,66號十二樓,121.382534240093,25.0482391537047
桃園市龜山區樂善里4鄰華亞三路39巷66號十三樓,68,6800700,6800700-010,4鄰,華亞三路,,39巷,,,,66號十三樓,121.382534240093,25.0482391537047
桃園市龜山區樂善里4鄰華亞三路39巷66號十四樓,68,6800700,6800700-010,4鄰,華亞三路,,39巷,,,,66號十四樓,121.382534240093,25.0482391537047
桃園市龜山區樂善里4鄰華亞三路39巷68號十樓,68,6800700,6800700-010,4鄰,華亞三路,,39巷,,,,68號十樓,121.382635090495,25.0481944752603
桃園市龜山區樂善里4鄰華亞三路39巷68號二樓,68,6800700,6800700-010,4鄰,華亞三路,,39巷,,,,68號二樓,121.382635090495,25.0481944752603
桃園市龜山區樂善里4鄰華亞三路39巷68號三樓,68,6800700,6800700-010,4鄰,華亞三路,,39巷,,,,68號三樓,121.382635090495,25.0481944752603
桃園市龜山區樂善里4鄰華亞三路39巷68號四樓,68,6800700,6800700-010,4鄰,華亞三路,,39巷,,,,68號四樓,121.382635090495,25.0481944752603
桃園市龜山區樂善里4鄰華亞三路39巷68號五樓,68,6800700,6800700-010,4鄰,華亞三路,,39巷,,,,68號五樓,121.382635090495,25.0481944752603
桃園市龜山區樂善里4鄰華亞三路39巷68號六樓,68,6800700,6800700-010,4鄰,華亞三路,,39巷,,,,68號六樓,121.382635090495,25.0481944752603
桃園市龜山區樂善里4鄰華亞三路39巷68號七樓,68,6800700,6800700-010,4鄰,華亞三路,,39巷,,,,68號七樓,121.382635090495,25.0481944752603
桃園市龜山區樂善里4鄰華亞三路39巷68號八樓,68,6800700,6800700-010,4鄰,華亞三路,,39巷,,,,68號八樓,121.382635090495,25.0481944752603
桃園市龜山區樂善里4鄰華亞三路39巷68號九樓,68,6800700,6800700-010,4鄰,華亞三路,,39巷,,,,68號九樓,121.382635090495,25.0481944752603
桃園市龜山區樂善里4鄰華亞三路39巷68號十一樓,68,6800700,6800700-010,4鄰,華亞三路,,39巷,,,,68號十一樓,121.382635090495,25.0481944752603
桃園市龜山區樂善里4鄰華亞三路39巷68號十二樓,68,6800700,6800700-010,4鄰,華亞三路,,39巷,,,,68號十二樓,121.382635090495,25.0481944752603
桃園市龜山區樂善里4鄰華亞三路39巷68號十三樓,68,6800700,6800700-010,4鄰,華亞三路,,39巷,,,,68號十三樓,121.382635090495,25.0481944752603
桃園市龜山區樂善里4鄰華亞三路39巷68號十四樓,68,6800700,6800700-010,4鄰,華亞三路,,39巷,,,,68號十四樓,121.382635090495,25.0481944752603
桃園市龜山區樂善里4鄰華亞三路39巷70號十樓,68,6800700,6800700-010,4鄰,華亞三路,,39巷,,,,70號十樓,121.382733754342,25.0481478161785
桃園市龜山區樂善里4鄰華亞三路39巷70號二樓,68,6800700,6800700-010,4鄰,華亞三路,,39巷,,,,70號二樓,121.382733754342,25.0481478161785
桃園市龜山區樂善里4鄰華亞三路39巷70號三樓,68,6800700,6800700-010,4鄰,華亞三路,,39巷,,,,70號三樓,121.382733754342,25.0481478161785
桃園市龜山區樂善里4鄰華亞三路39巷70號四樓,68,6800700,6800700-010,4鄰,華亞三路,,39巷,,,,70號四樓,121.382733754342,25.0481478161785
桃園市龜山區樂善里4鄰華亞三路39巷70號五樓,68,6800700,6800700-010,4鄰,華亞三路,,39巷,,,,70號五樓,121.382733754342,25.0481478161785
桃園市龜山區樂善里4鄰華亞三路39巷70號六樓,68,6800700,6800700-010,4鄰,華亞三路,,39巷,,,,70號六樓,121.382733754342,25.0481478161785
桃園市龜山區樂善里4鄰華亞三路39巷70號七樓,68,6800700,6800700-010,4鄰,華亞三路,,39巷,,,,70號七樓,121.382733754342,25.0481478161785
桃園市龜山區樂善里4鄰華亞三路39巷70號八樓,68,6800700,6800700-010,4鄰,華亞三路,,39巷,,,,70號八樓,121.382733754342,25.0481478161785
桃園市龜山區樂善里4鄰華亞三路39巷70號九樓,68,6800700,6800700-010,4鄰,華亞三路,,39巷,,,,70號九樓,121.382733754342,25.0481478161785
桃園市龜山區樂善里4鄰華亞三路39巷70號十一樓,68,6800700,6800700-010,4鄰,華亞三路,,39巷,,,,70號十一樓,121.382733754342,25.0481478161785
桃園市龜山區樂善里4鄰華亞三路39巷70號十二樓,68,6800700,6800700-010,4鄰,華亞三路,,39巷,,,,70號十二樓,121.382733754342,25.0481478161785
桃園市龜山區樂善里4鄰華亞三路39巷70號十三樓,68,6800700,6800700-010,4鄰,華亞三路,,39巷,,,,70號十三樓,121.382733754342,25.0481478161785
桃園市龜山區樂善里4鄰華亞三路39巷70號十四樓,68,6800700,6800700-010,4鄰,華亞三路,,39巷,,,,70號十四樓,121.382733754342,25.0481478161785
桃園市龜山區樂善里4鄰華亞三路39巷72號十樓,68,6800700,6800700-010,4鄰,華亞三路,,39巷,,,,72號十樓,121.382761163843,25.0481978520354
桃園市龜山區樂善里4鄰華亞三路39巷72號二樓,68,6800700,6800700-010,4鄰,華亞三路,,39巷,,,,72號二樓,121.382761163843,25.0481978520354
桃園市龜山區樂善里4鄰華亞三路39巷72號三樓,68,6800700,6800700-010,4鄰,華亞三路,,39巷,,,,72號三樓,121.382761163843,25.0481978520354
桃園市龜山區樂善里4鄰華亞三路39巷72號四樓,68,6800700,6800700-010,4鄰,華亞三路,,39巷,,,,72號四樓,121.382761163843,25.0481978520354
桃園市龜山區樂善里4鄰華亞三路39巷72號五樓,68,6800700,6800700-010,4鄰,華亞三路,,39巷,,,,72號五樓,121.382761163843,25.0481978520354
桃園市龜山區樂善里4鄰華亞三路39巷72號六樓,68,6800700,6800700-010,4鄰,華亞三路,,39巷,,,,72號六樓,121.382761163843,25.0481978520354
桃園市龜山區樂善里4鄰華亞三路39巷72號七樓,68,6800700,6800700-010,4鄰,華亞三路,,39巷,,,,72號七樓,121.382761163843,25.0481978520354
桃園市龜山區樂善里4鄰華亞三路39巷72號八樓,68,6800700,6800700-010,4鄰,華亞三路,,39巷,,,,72號八樓,121.382761163843,25.0481978520354
桃園市龜山區樂善里4鄰華亞三路39巷72號九樓,68,6800700,6800700-010,4鄰,華亞三路,,39巷,,,,72號九樓,121.382761163843,25.0481978520354
桃園市龜山區樂善里4鄰華亞三路39巷72號十一樓,68,6800700,6800700-010,4鄰,華亞三路,,39巷,,,,72號十一樓,121.382761163843,25.0481978520354
桃園市龜山區樂善里4鄰華亞三路39巷72號十二樓,68,6800700,6800700-010,4鄰,華亞三路,,39巷,,,,72號十二樓,121.382761163843,25.0481978520354
桃園市龜山區樂善里4鄰華亞三路39巷72號十三樓,68,6800700,6800700-010,4鄰,華亞三路,,39巷,,,,72號十三樓,121.382761163843,25.0481978520354
桃園市龜山區樂善里4鄰華亞三路39巷72號十四樓,68,6800700,6800700-010,4鄰,華亞三路,,39巷,,,,72號十四樓,121.382761163843,25.0481978520354
桃園市龜山區樂善里4鄰華亞三路39巷76號,68,6800700,6800700-010,4鄰,華亞三路,,39巷,,,,76號,121.382747161217,25.0482843782121
桃園市龜山區樂善里4鄰華亞三路39巷76號十樓,68,6800700,6800700-010,4鄰,華亞三路,,39巷,,,,76號十樓,121.382747161217,25.0482843782121
桃園市龜山區樂善里4鄰華亞三路39巷76號二樓,68,6800700,6800700-010,4鄰,華亞三路,,39巷,,,,76號二樓,121.382747161217,25.0482843782121
桃園市龜山區樂善里4鄰華亞三路39巷76號三樓,68,6800700,6800700-010,4鄰,華亞三路,,39巷,,,,76號三樓,121.382747161217,25.0482843782121
桃園市龜山區樂善里4鄰華亞三路39巷76號四樓,68,6800700,6800700-010,4鄰,華亞三路,,39巷,,,,76號四樓,121.382747161217,25.0482843782121
桃園市龜山區樂善里4鄰華亞三路39巷76號五樓,68,6800700,6800700-010,4鄰,華亞三路,,39巷,,,,76號五樓,121.382747161217,25.0482843782121
桃園市龜山區樂善里4鄰華亞三路39巷76號六樓,68,6800700,6800700-010,4鄰,華亞三路,,39巷,,,,76號六樓,121.382747161217,25.0482843782121
桃園市龜山區樂善里4鄰華亞三路39巷76號七樓,68,6800700,6800700-010,4鄰,華亞三路,,39巷,,,,76號七樓,121.382747161217,25.0482843782121
桃園市龜山區樂善里4鄰華亞三路39巷76號八樓,68,6800700,6800700-010,4鄰,華亞三路,,39巷,,,,76號八樓,121.382747161217,25.0482843782121
桃園市龜山區樂善里4鄰華亞三路39巷76號九樓,68,6800700,6800700-010,4鄰,華亞三路,,39巷,,,,76號九樓,121.382747161217,25.0482843782121
桃園市龜山區樂善里4鄰華亞三路39巷76號十一樓,68,6800700,6800700-010,4鄰,華亞三路,,39巷,,,,76號十一樓,121.382747161217,25.0482843782121
桃園市龜山區樂善里4鄰華亞三路39巷76號十二樓,68,6800700,6800700-010,4鄰,華亞三路,,39巷,,,,76號十二樓,121.382747161217,25.0482843782121
桃園市龜山區樂善里4鄰華亞三路39巷76號十三樓,68,6800700,6800700-010,4鄰,華亞三路,,39巷,,,,76號十三樓,121.382747161217,25.0482843782121
桃園市龜山區樂善里4鄰華亞三路39巷76號十四樓,68,6800700,6800700-010,4鄰,華亞三路,,39巷,,,,76號十四樓,121.382747161217,25.0482843782121
桃園市龜山區樂善里4鄰華亞三路39巷78號,68,6800700,6800700-010,4鄰,華亞三路,,39巷,,,,78號,121.382804074718,25.0482610291057
桃園市龜山區樂善里29鄰華亞三路41號,68,6800700,6800700-010,29鄰,華亞三路,,,,,,41號,121.381011521003,25.0487669731322
桃園市龜山區舊路里15鄰華亞三路607之1號,68,6800700,6800700-018,15鄰,華亞三路,,,,,,607之1號,121.378847584252,25.0363013083047
桃園市龜山區舊路里15鄰華亞三路609之1號,68,6800700,6800700-018,15鄰,華亞三路,,,,,,609之1號,121.378895631621,25.0362643507063
桃園市龜山區舊路里15鄰華亞三路625號,68,6800700,6800700-018,15鄰,華亞三路,,,,,,625號,121.379034068169,25.0360059713995
桃園市龜山區舊路里15鄰華亞三路627號,68,6800700,6800700-018,15鄰,華亞三路,,,,,,627號,121.37903931846,25.0360698777439
