FULL_ADDR,COUNTY,TOWN,VILLAGE,NEIGHBORHOOD,ROAD,SECTION,LANE,ALLEY,SUB_ALLEY,TONG,NUMBER,X,Y
桃園市觀音區觀音里19鄰觀新路52號,68,6801200,6801200-001,19鄰,觀新路,,,,,,52號,121.083479803394,25.0275932138263
桃園市觀音區觀音里19鄰觀新路56號,68,6801200,6801200-001,19鄰,觀新路,,,,,,56號,121.083528099774,25.0280901969611
桃園市觀音區觀音里19鄰觀新路58號,68,6801200,6801200-001,19鄰,觀新路,,,,,,58號,121.083750775343,25.0278240966936
