FULL_ADDR,COUNTY,TOWN,VILLAGE,NEIGHBORHOOD,ROAD,SECTION,LANE,ALLEY,SUB_ALLEY,TONG,NUMBER,X,Y
桃園市大園區北港里14鄰許厝港路600號,68,6800600,6800600-018,14鄰,許厝港路,,,,,,600號,121.171689006115,25.0757058404357
桃園市大園區北港里14鄰許厝港路632號,68,6800600,6800600-018,14鄰,許厝港路,,,,,,632號,121.171299356071,25.0761529188524
桃園市大園區南港里1鄰許厝港路501號,68,6800600,6800600-019,1鄰,許厝港路,,,,,,501號,121.172375777312,25.0732299454064
