FULL_ADDR,COUNTY,TOWN,VILLAGE,NEIGHBORHOOD,ROAD,SECTION,LANE,ALLEY,SUB_ALLEY,TONG,NUMBER,X,Y
桃園市新屋區永興里3鄰藻礁路1582號,68,6801100,6801100-015,3鄰,藻礁路,,,,,,1582號,121.027718013802,25.0064576408196
桃園市新屋區永興里3鄰藻礁路1668號,68,6801100,6801100-015,3鄰,藻礁路,,,,,,1668號,121.028245595987,25.0078164020375
桃園市新屋區永興里3鄰藻礁路1950號,68,6801100,6801100-015,3鄰,藻礁路,,,,,,1950號,121.02988956174,25.009511608895
