FULL_ADDR,COUNTY,TOWN,VILLAGE,NEIGHBORHOOD,ROAD,SECTION,LANE,ALLEY,SUB_ALLEY,TONG,NUMBER,X,Y
桃園市大溪區瑞源里7鄰落羽松路25號,68,6800300,6800300-022,7鄰,落羽松路,,,,,,25號,121.256268955684,24.8696391383966
桃園市大溪區瑞源里7鄰落羽松路46號,68,6800300,6800300-022,7鄰,落羽松路,,,,,,46號,121.256588396568,24.86958405784
桃園市大溪區瑞源里7鄰落羽松路91號,68,6800300,6800300-022,7鄰,落羽松路,,,,,,91號,121.255906632082,24.8709768777974
桃園市大溪區瑞源里7鄰落羽松路116號,68,6800300,6800300-022,7鄰,落羽松路,,,,,,116號,121.256147365855,24.8709535327134
桃園市大溪區瑞源里7鄰落羽松路120號,68,6800300,6800300-022,7鄰,落羽松路,,,,,,120號,121.256085792581,24.8712814624329
