FULL_ADDR,COUNTY,TOWN,VILLAGE,NEIGHBORHOOD,ROAD,SECTION,LANE,ALLEY,SUB_ALLEY,TONG,NUMBER,X,Y
桃園市中壢區復華里11鄰自強三路4號,68,6800200,6800200-056,11鄰,自強三路,,,,,,4號,121.242792680086,24.9684199308866
桃園市中壢區忠義里2鄰自強三路2號,68,6800200,6800200-018,2鄰,自強三路,,,,,,2號,121.243230167035,24.9685784773112
桃園市中壢區忠義里2鄰自強三路2之1號,68,6800200,6800200-018,2鄰,自強三路,,,,,,2之1號,121.243437937099,24.9685672134478
桃園市中壢區忠義里2鄰自強三路3號,68,6800200,6800200-018,2鄰,自強三路,,,,,,3號,121.242961106225,24.9677409033953
桃園市中壢區忠義里2鄰自強三路6號,68,6800200,6800200-018,2鄰,自強三路,,,,,,6號,121.242153787452,24.9692970841196
