FULL_ADDR,COUNTY,TOWN,VILLAGE,NEIGHBORHOOD,ROAD,SECTION,LANE,ALLEY,SUB_ALLEY,TONG,NUMBER,X,Y
桃園市中壢區忠義里2鄰自強七路6號,68,6800200,6800200-018,2鄰,自強七路,,,,,,6號,121.242245678506,24.9678697301529
桃園市中壢區忠義里2鄰自強七路6之1號,68,6800200,6800200-018,2鄰,自強七路,,,,,,6之1號,121.24222274444,24.9683980173359
桃園市中壢區忠義里2鄰自強七路10號,68,6800200,6800200-018,2鄰,自強七路,,,,,,10號,121.242112862451,24.9687807280197
