FULL_ADDR,COUNTY,TOWN,VILLAGE,NEIGHBORHOOD,ROAD,SECTION,LANE,ALLEY,SUB_ALLEY,TONG,NUMBER,X,Y
桃園市觀音區白玉里14鄰自強五街2號,68,6801200,6801200-002,14鄰,自強五街,,,,,,2號,121.084333469297,25.0448389233869
桃園市觀音區白玉里14鄰自強五街8號,68,6801200,6801200-002,14鄰,自強五街,,,,,,8號,121.084044430702,25.0449119457314
桃園市觀音區白玉里14鄰自強五街10號,68,6801200,6801200-002,14鄰,自強五街,,,,,,10號,121.083982799135,25.044928953828
桃園市觀音區白玉里14鄰自強五街12號,68,6801200,6801200-002,14鄰,自強五街,,,,,,12號,121.08390224598,25.0449568968553
桃園市觀音區白玉里14鄰自強五街16號,68,6801200,6801200-002,14鄰,自強五街,,,,,,16號,121.083856671,25.0449763334779
