FULL_ADDR,COUNTY,TOWN,VILLAGE,NEIGHBORHOOD,ROAD,SECTION,LANE,ALLEY,SUB_ALLEY,TONG,NUMBER,X,Y
桃園市中壢區月眉里7鄰聖溪三路51號,68,6800200,6800200-047,7鄰,聖溪三路,,,,,,51號,121.192325460173,25.0176525367524
桃園市大園區溪海里23鄰聖溪三路62號,68,6800600,6800600-003,23鄰,聖溪三路,,,,,,62號,121.192533047456,25.018293821079
桃園市大園區溪海里23鄰聖溪三路66之1號,68,6800600,6800600-003,23鄰,聖溪三路,,,,,,66之1號,121.192346423715,25.0183251200686
桃園市大園區溪海里23鄰聖溪三路68巷10號,68,6800600,6800600-003,23鄰,聖溪三路,,68巷,,,,10號,121.192135780254,25.0187117145477
桃園市大園區溪海里23鄰聖溪三路68巷15號,68,6800600,6800600-003,23鄰,聖溪三路,,68巷,,,,15號,121.191798800392,25.0190323843891
桃園市大園區溪海里23鄰聖溪三路68巷19號,68,6800600,6800600-003,23鄰,聖溪三路,,68巷,,,,19號,121.192046721676,25.0193597926213
桃園市大園區溪海里23鄰聖溪三路68巷19之1號,68,6800600,6800600-003,23鄰,聖溪三路,,68巷,,,,19之1號,121.192046721676,25.0193597926213
桃園市大園區溪海里23鄰聖溪三路76號,68,6800600,6800600-003,23鄰,聖溪三路,,,,,,76號,121.191967570022,25.018605758693
