FULL_ADDR,COUNTY,TOWN,VILLAGE,NEIGHBORHOOD,ROAD,SECTION,LANE,ALLEY,SUB_ALLEY,TONG,NUMBER,X,Y
桃園市中壢區龍興里15鄰興元路51號,68,6800200,6800200-011,15鄰,興元路,,,,,,51號,121.232123451716,24.9392465334039
桃園市中壢區龍興里15鄰興元路53號,68,6800200,6800200-011,15鄰,興元路,,,,,,53號,121.232123451716,24.9392465334039
桃園市中壢區龍興里15鄰興元路55號,68,6800200,6800200-011,15鄰,興元路,,,,,,55號,121.232123451716,24.9392465334039
桃園市中壢區龍興里15鄰興元路151號,68,6800200,6800200-011,15鄰,興元路,,,,,,151號,121.233552330038,24.9403106461302
桃園市中壢區龍興里15鄰興元路163之2號,68,6800200,6800200-011,15鄰,興元路,,,,,,163之2號,121.234593522803,24.9416141569803
