FULL_ADDR,COUNTY,TOWN,VILLAGE,NEIGHBORHOOD,ROAD,SECTION,LANE,ALLEY,SUB_ALLEY,TONG,NUMBER,X,Y
桃園市桃園區大樹里5鄰興中街1號,68,6800100,6800100-000,5鄰,興中街,,,,,,1號,121.320475380375,24.9839640409216
桃園市桃園區大樹里5鄰興中街2號,68,6800100,6800100-000,5鄰,興中街,,,,,,2號,121.320337435298,24.9828701065432
桃園市桃園區大樹里5鄰興中街3號,68,6800100,6800100-000,5鄰,興中街,,,,,,3號,121.320605187678,24.9836759388094
桃園市桃園區大樹里5鄰興中街5號,68,6800100,6800100-000,5鄰,興中街,,,,,,5號,121.321432081511,24.980964939393
桃園市桃園區大樹里5鄰興中街7號,68,6800100,6800100-000,5鄰,興中街,,,,,,7號,121.321906699989,24.9806447628137
桃園市桃園區大樹里5鄰興中街9號,68,6800100,6800100-000,5鄰,興中街,,,,,,9號,121.32289757495,24.9808556847829
桃園市蘆竹區中興里1鄰興中街1巷1號,68,6800500,6800500-036,1鄰,興中街,,1巷,,,,1號,121.259577170681,25.019874313452
桃園市蘆竹區中興里1鄰興中街1巷2號,68,6800500,6800500-036,1鄰,興中街,,1巷,,,,2號,121.259631103754,25.0197007856615
桃園市蘆竹區中興里1鄰興中街1巷3號,68,6800500,6800500-036,1鄰,興中街,,1巷,,,,3號,121.259620168062,25.0198718910189
桃園市蘆竹區中興里1鄰興中街1巷5號,68,6800500,6800500-036,1鄰,興中街,,1巷,,,,5號,121.259676053346,25.0198727865348
桃園市蘆竹區中興里1鄰興中街1巷6號,68,6800500,6800500-036,1鄰,興中街,,1巷,,,,6號,121.259683618221,25.0197007842315
桃園市蘆竹區中興里1鄰興中街1巷7號,68,6800500,6800500-036,1鄰,興中街,,1巷,,,,7號,121.259730945704,25.0198726906514
桃園市蘆竹區中興里1鄰興中街1巷8號,68,6800500,6800500-036,1鄰,興中街,,1巷,,,,8號,121.259741188038,25.0197017670641
桃園市蘆竹區中興里1鄰興中街1巷9號,68,6800500,6800500-036,1鄰,興中街,,1巷,,,,9號,121.259777802594,25.0198680043556
桃園市蘆竹區中興里1鄰興中街1巷10號,68,6800500,6800500-036,1鄰,興中街,,1巷,,,,10號,121.259784780806,25.0196997949585
桃園市蘆竹區中興里1鄰興中街1巷11號,68,6800500,6800500-036,1鄰,興中街,,1巷,,,,11號,121.259831310249,25.0198690845334
桃園市蘆竹區中興里1鄰興中街1巷12號,68,6800500,6800500-036,1鄰,興中街,,1巷,,,,12號,121.259832833092,25.0196981761786
桃園市蘆竹區中興里1鄰興中街2號,68,6800500,6800500-036,1鄰,興中街,,,,,,2號,121.259458383389,25.0198812017368
桃園市蘆竹區中興里1鄰興中街6號,68,6800500,6800500-036,1鄰,興中街,,,,,,6號,121.259458992908,25.0198412053097
桃園市蘆竹區中興里2鄰興中街7號,68,6800500,6800500-036,2鄰,興中街,,,,,,7號,121.259628514855,25.0194591929014
桃園市蘆竹區中興里2鄰興中街9號,68,6800500,6800500-036,2鄰,興中街,,,,,,9號,121.259617948187,25.0193817485458
桃園市蘆竹區中興里2鄰興中街11號,68,6800500,6800500-036,2鄰,興中街,,,,,,11號,121.259618585151,25.0193077153794
桃園市蘆竹區中興里2鄰興中街15巷1號,68,6800500,6800500-036,2鄰,興中街,,15巷,,,,1號,121.259713346135,25.0193253356316
桃園市蘆竹區中興里2鄰興中街15巷3號,68,6800500,6800500-036,2鄰,興中街,,15巷,,,,3號,121.259772597913,25.0193252321193
桃園市蘆竹區中興里2鄰興中街15巷8號,68,6800500,6800500-036,2鄰,興中街,,15巷,,,,8號,121.259668481918,25.0191467439484
桃園市蘆竹區中興里2鄰興中街15巷10號,68,6800500,6800500-036,2鄰,興中街,,15巷,,,,10號,121.259745739757,25.0191337888137
桃園市蘆竹區中興里2鄰興中街15巷11號,68,6800500,6800500-036,2鄰,興中街,,15巷,,,,11號,121.259838297131,25.0193284577865
桃園市蘆竹區中興里2鄰興中街15巷12號,68,6800500,6800500-036,2鄰,興中街,,15巷,,,,12號,121.259796180268,25.0191371314394
桃園市蘆竹區中興里2鄰興中街15巷13號,68,6800500,6800500-036,2鄰,興中街,,15巷,,,,13號,121.259886255701,25.0193294573607
桃園市蘆竹區中興里2鄰興中街15巷15號,68,6800500,6800500-036,2鄰,興中街,,15巷,,,,15號,121.259931633544,25.0193282946395
桃園市蘆竹區中興里2鄰興中街15巷16號,68,6800500,6800500-036,2鄰,興中街,,15巷,,,,16號,121.259847894418,25.0191336103145
桃園市蘆竹區中興里2鄰興中街15巷17號,68,6800500,6800500-036,2鄰,興中街,,15巷,,,,17號,121.259974538869,25.0193293030195
桃園市蘆竹區中興里2鄰興中街15巷18號,68,6800500,6800500-036,2鄰,興中街,,15巷,,,,18號,121.259896156814,25.0191377692598
桃園市蘆竹區中興里2鄰興中街15巷19號,68,6800500,6800500-036,2鄰,興中街,,15巷,,,,19號,121.260019918993,25.0193292236633
桃園市蘆竹區中興里2鄰興中街15巷20號,68,6800500,6800500-036,2鄰,興中街,,15巷,,,,20號,121.259947784046,25.0191400263637
桃園市蘆竹區中興里2鄰興中街15巷21號,68,6800500,6800500-036,2鄰,興中街,,15巷,,,,21號,121.260064001335,25.0193245421306
桃園市蘆竹區中興里2鄰興中街15巷22號,68,6800500,6800500-036,2鄰,興中街,,15巷,,,,22號,121.259996116817,25.0191305524215
桃園市蘆竹區中興里2鄰興中街15巷23號,68,6800500,6800500-036,2鄰,興中街,,15巷,,,,23號,121.260108095848,25.019325638675
桃園市蘆竹區中興里2鄰興中街15巷25號,68,6800500,6800500-036,2鄰,興中街,,15巷,,,,25號,121.260148521808,25.0193255679465
桃園市蘆竹區中興里2鄰興中街15巷26號,68,6800500,6800500-036,2鄰,興中街,,15巷,,,,26號,121.260042688337,25.0191316446543
桃園市蘆竹區中興里2鄰興中街15巷27號,68,6800500,6800500-036,2鄰,興中街,,15巷,,,,27號,121.260195088455,25.0193243127818
桃園市蘆竹區中興里2鄰興中街15巷28號,68,6800500,6800500-036,2鄰,興中街,,15巷,,,,28號,121.260100147203,25.0191271202811
桃園市蘆竹區中興里2鄰興中街15巷29號,68,6800500,6800500-036,2鄰,興中街,,15巷,,,,29號,121.260237989212,25.0193231543021
桃園市蘆竹區中興里2鄰興中街15巷30號,68,6800500,6800500-036,2鄰,興中街,,15巷,,,,30號,121.260149175251,25.0191184576199
桃園市蘆竹區中興里2鄰興中街15巷31號,68,6800500,6800500-036,2鄰,興中街,,15巷,,,,31號,121.260283369333,25.0193230748654
桃園市蘆竹區中興里2鄰興中街15巷32號,68,6800500,6800500-036,2鄰,興中街,,15巷,,,,32號,121.260187797668,25.0191089103225
桃園市蘆竹區中興里2鄰興中街15巷33號,68,6800500,6800500-036,2鄰,興中街,,15巷,,,,33號,121.260318350094,25.0193250901318
桃園市蘆竹區中興里2鄰興中街15巷35號,68,6800500,6800500-036,2鄰,興中街,,15巷,,,,35號,121.260370369173,25.0193251796106
桃園市蘆竹區中興里2鄰興中街15巷36號,68,6800500,6800500-036,2鄰,興中街,,15巷,,,,36號,121.260234670237,25.0191118076282
桃園市蘆竹區中興里2鄰興中街15巷37號,68,6800500,6800500-036,2鄰,興中街,,15巷,,,,37號,121.260417027662,25.0193204934619
桃園市蘆竹區中興里2鄰興中街15巷38號,68,6800500,6800500-036,2鄰,興中街,,15巷,,,,38號,121.260273708964,25.0191117392941
桃園市蘆竹區中興里2鄰興中街15巷40號,68,6800500,6800500-036,2鄰,興中街,,15巷,,,,40號,121.260329582673,25.0191073078903
桃園市蘆竹區中興里2鄰興中街15巷42號,68,6800500,6800500-036,2鄰,興中街,,15巷,,,,42號,121.260386453493,25.019105854058
桃園市蘆竹區中興里2鄰興中街22巷1號,68,6800500,6800500-036,2鄰,興中街,,22巷,,,,1號,121.25942420034,25.0191273081215
桃園市蘆竹區中興里2鄰興中街22巷2號,68,6800500,6800500-036,2鄰,興中街,,22巷,,,,2號,121.259441887846,25.0193399839948
桃園市蘆竹區中興里2鄰興中街22巷3號,68,6800500,6800500-036,2鄰,興中街,,22巷,,,,3號,121.25937882522,25.0191297346447
桃園市蘆竹區中興里2鄰興中街22巷5號,68,6800500,6800500-036,2鄰,興中街,,22巷,,,,5號,121.259328389463,25.019128648944
桃園市蘆竹區中興里2鄰興中街22巷6號,68,6800500,6800500-036,2鄰,興中街,,22巷,,,,6號,121.259361851719,25.0193511381589
桃園市蘆竹區中興里2鄰興中街22巷7號,68,6800500,6800500-036,2鄰,興中街,,22巷,,,,7號,121.259280449369,25.0191364066077
桃園市蘆竹區中興里2鄰興中街22巷8號,68,6800500,6800500-036,2鄰,興中街,,22巷,,,,8號,121.259309042236,25.0193521331018
桃園市蘆竹區中興里2鄰興中街22巷9號,68,6800500,6800500-036,2鄰,興中街,,22巷,,,,9號,121.2592325947,25.0191376637313
桃園市蘆竹區中興里2鄰興中街22巷10號,68,6800500,6800500-036,2鄰,興中街,,22巷,,,,10號,121.259257025987,25.0193533974918
桃園市蘆竹區中興里2鄰興中街22巷11號,68,6800500,6800500-036,2鄰,興中街,,22巷,,,,11號,121.259180870861,25.0191365802264
桃園市蘆竹區中興里2鄰興中街22巷12號,68,6800500,6800500-036,2鄰,興中街,,22巷,,,,12號,121.259216704027,25.0193558151546
桃園市蘆竹區中興里2鄰興中街22巷13號,68,6800500,6800500-036,2鄰,興中街,,22巷,,,,13號,121.259143831411,25.0191450411077
桃園市蘆竹區中興里2鄰興中街22巷15號,68,6800500,6800500-036,2鄰,興中街,,22巷,,,,15號,121.259097172936,25.0191497268567
桃園市蘆竹區中興里2鄰興中街22巷16號,68,6800500,6800500-036,2鄰,興中街,,22巷,,,,16號,121.25915646576,25.0193579966738
桃園市蘆竹區中興里2鄰興中街22巷17號,68,6800500,6800500-036,2鄰,興中街,,22巷,,,,17號,121.259048025253,25.0191486388163
桃園市蘆竹區中興里2鄰興中街22巷18號,68,6800500,6800500-036,2鄰,興中街,,22巷,,,,18號,121.259104647673,25.0193592606651
桃園市蘆竹區中興里2鄰興中街22巷19號,68,6800500,6800500-036,2鄰,興中街,,22巷,,,,19號,121.258995015793,25.0191487311656
桃園市蘆竹區中興里2鄰興中街22巷20號,68,6800500,6800500-036,2鄰,興中街,,22巷,,,,20號,121.259052847773,25.0193691917742
桃園市蘆竹區中興里2鄰興中街22巷21號,68,6800500,6800500-036,2鄰,興中街,,22巷,,,,21號,121.258943508108,25.0191562240864
桃園市蘆竹區中興里2鄰興中街22巷22號,68,6800500,6800500-036,2鄰,興中街,,22巷,,,,22號,121.259006868585,25.0193671050871
桃園市蘆竹區中興里2鄰興中街22巷23號,68,6800500,6800500-036,2鄰,興中街,,22巷,,,,23號,121.2589007114,25.0191597293691
桃園市蘆竹區中興里2鄰興中街22巷25號,68,6800500,6800500-036,2鄰,興中街,,22巷,,,,25號,121.258837798545,25.019162186265
桃園市蘆竹區中興里2鄰興中街22巷26號,68,6800500,6800500-036,2鄰,興中街,,22巷,,,,26號,121.258961986322,25.0193683569461
桃園市蘆竹區中興里2鄰興中街22巷28號,68,6800500,6800500-036,2鄰,興中街,,22巷,,,,28號,121.258917007057,25.0193706020733
桃園市蘆竹區中興里2鄰興中街22巷30號,68,6800500,6800500-036,2鄰,興中街,,22巷,,,,30號,121.258868938601,25.0193644562471
桃園市蘆竹區中興里2鄰興中街22巷32號,68,6800500,6800500-036,2鄰,興中街,,22巷,,,,32號,121.258808801866,25.0193678111277
桃園市蘆竹區中興里2鄰興中街22巷36號,68,6800500,6800500-036,2鄰,興中街,,22巷,,,,36號,121.258762530352,25.0193680722317
桃園市蘆竹區中興里2鄰興中街22巷38號,68,6800500,6800500-036,2鄰,興中街,,22巷,,,,38號,121.258713196149,25.0193725819516
桃園市蘆竹區中興里2鄰興中街22巷40號,68,6800500,6800500-036,2鄰,興中街,,22巷,,,,40號,121.258663258552,25.0193728494039
桃園市蘆竹區中興里2鄰興中街22巷42號,68,6800500,6800500-036,2鄰,興中街,,22巷,,,,42號,121.258621657001,25.0193793318664
桃園市蘆竹區中興里2鄰興中街22巷46號,68,6800500,6800500-036,2鄰,興中街,,22巷,,,,46號,121.258568946959,25.0193805069396
桃園市蘆竹區中興里2鄰興中街22巷48號,68,6800500,6800500-036,2鄰,興中街,,22巷,,,,48號,121.258508918365,25.0193881950948
桃園市蘆竹區中興里2鄰興中街22巷50號,68,6800500,6800500-036,2鄰,興中街,,22巷,,,,50號,121.258456888291,25.0193828685702
桃園市蘆竹區中興里2鄰興中街22巷52號,68,6800500,6800500-036,2鄰,興中街,,22巷,,,,52號,121.258405070184,25.0193841323178
桃園市蘆竹區中興里6鄰興中街25號,68,6800500,6800500-036,6鄰,興中街,,,,,,25號,121.259652117533,25.0184327242854
桃園市蘆竹區中興里6鄰興中街25號十樓之2,68,6800500,6800500-036,6鄰,興中街,,,,,,25號十樓之2,121.259652117533,25.0184327242854
桃園市蘆竹區中興里6鄰興中街25號六樓之1,68,6800500,6800500-036,6鄰,興中街,,,,,,25號六樓之1,121.259655589219,25.0184345238827
桃園市蘆竹區中興里6鄰興中街25號八樓之2,68,6800500,6800500-036,6鄰,興中街,,,,,,25號八樓之2,121.259652117533,25.0184327242854
桃園市蘆竹區中興里6鄰興中街25號七樓之3,68,6800500,6800500-036,6鄰,興中街,,,,,,25號七樓之3,121.259652117533,25.0184327242854
桃園市蘆竹區中興里6鄰興中街25號八樓之3,68,6800500,6800500-036,6鄰,興中街,,,,,,25號八樓之3,121.259652117533,25.0184327242854
桃園市蘆竹區中興里6鄰興中街25號十一樓之1,68,6800500,6800500-036,6鄰,興中街,,,,,,25號十一樓之1,121.259655589219,25.0184345238827
桃園市蘆竹區中興里6鄰興中街25號十一樓之2,68,6800500,6800500-036,6鄰,興中街,,,,,,25號十一樓之2,121.259652117533,25.0184327242854
桃園市蘆竹區中興里6鄰興中街25號十一樓之3,68,6800500,6800500-036,6鄰,興中街,,,,,,25號十一樓之3,121.259652117533,25.0184327242854
桃園市蘆竹區中興里6鄰興中街25號十二樓之1,68,6800500,6800500-036,6鄰,興中街,,,,,,25號十二樓之1,121.259655589219,25.0184345238827
桃園市蘆竹區中興里6鄰興中街25號十二樓之2,68,6800500,6800500-036,6鄰,興中街,,,,,,25號十二樓之2,121.259652117533,25.0184327242854
桃園市蘆竹區中興里6鄰興中街25號十二樓之3,68,6800500,6800500-036,6鄰,興中街,,,,,,25號十二樓之3,121.259652117533,25.0184327242854
桃園市蘆竹區中興里6鄰興中街25號十樓之1,68,6800500,6800500-036,6鄰,興中街,,,,,,25號十樓之1,121.259655589219,25.0184345238827
桃園市蘆竹區中興里6鄰興中街25號十樓之3,68,6800500,6800500-036,6鄰,興中街,,,,,,25號十樓之3,121.259652117533,25.0184327242854
桃園市蘆竹區中興里6鄰興中街25號三樓之1,68,6800500,6800500-036,6鄰,興中街,,,,,,25號三樓之1,121.259655589219,25.0184345238827
桃園市蘆竹區中興里6鄰興中街25號三樓之2,68,6800500,6800500-036,6鄰,興中街,,,,,,25號三樓之2,121.259652117533,25.0184327242854
桃園市蘆竹區中興里6鄰興中街25號三樓之3,68,6800500,6800500-036,6鄰,興中街,,,,,,25號三樓之3,121.259652117533,25.0184327242854
桃園市蘆竹區中興里6鄰興中街25號五樓之1,68,6800500,6800500-036,6鄰,興中街,,,,,,25號五樓之1,121.259655589219,25.0184345238827
桃園市蘆竹區中興里6鄰興中街25號五樓之2,68,6800500,6800500-036,6鄰,興中街,,,,,,25號五樓之2,121.259652117533,25.0184327242854
桃園市蘆竹區中興里6鄰興中街25號五樓之3,68,6800500,6800500-036,6鄰,興中街,,,,,,25號五樓之3,121.259652117533,25.0184327242854
桃園市蘆竹區中興里6鄰興中街25號六樓之2,68,6800500,6800500-036,6鄰,興中街,,,,,,25號六樓之2,121.259652117533,25.0184327242854
桃園市蘆竹區中興里6鄰興中街25號六樓之3,68,6800500,6800500-036,6鄰,興中街,,,,,,25號六樓之3,121.259652117533,25.0184327242854
桃園市蘆竹區中興里6鄰興中街25號四樓之1,68,6800500,6800500-036,6鄰,興中街,,,,,,25號四樓之1,121.259655589219,25.0184345238827
桃園市蘆竹區中興里6鄰興中街25號四樓之2,68,6800500,6800500-036,6鄰,興中街,,,,,,25號四樓之2,121.259652117533,25.0184327242854
桃園市蘆竹區中興里6鄰興中街25號四樓之3,68,6800500,6800500-036,6鄰,興中街,,,,,,25號四樓之3,121.259652117533,25.0184327242854
桃園市蘆竹區中興里6鄰興中街25號七樓之1,68,6800500,6800500-036,6鄰,興中街,,,,,,25號七樓之1,121.259655589219,25.0184345238827
桃園市蘆竹區中興里6鄰興中街25號七樓之2,68,6800500,6800500-036,6鄰,興中街,,,,,,25號七樓之2,121.259652117533,25.0184327242854
桃園市蘆竹區中興里6鄰興中街25號九樓之1,68,6800500,6800500-036,6鄰,興中街,,,,,,25號九樓之1,121.259655589219,25.0184345238827
桃園市蘆竹區中興里6鄰興中街25號九樓之2,68,6800500,6800500-036,6鄰,興中街,,,,,,25號九樓之2,121.259652117533,25.0184327242854
桃園市蘆竹區中興里6鄰興中街25號九樓之3,68,6800500,6800500-036,6鄰,興中街,,,,,,25號九樓之3,121.259652117533,25.0184327242854
桃園市蘆竹區中興里6鄰興中街25號二樓,68,6800500,6800500-036,6鄰,興中街,,,,,,25號二樓,121.259652117533,25.0184327242854
桃園市蘆竹區中興里6鄰興中街25號八樓之1,68,6800500,6800500-036,6鄰,興中街,,,,,,25號八樓之1,121.259655589219,25.0184345238827
桃園市蘆竹區中興里6鄰興中街27號九樓之1,68,6800500,6800500-036,6鄰,興中街,,,,,,27號九樓之1,121.25970305437,25.0186250284019
桃園市蘆竹區中興里6鄰興中街27號十一樓之2,68,6800500,6800500-036,6鄰,興中街,,,,,,27號十一樓之2,121.25966312837,25.0185800469169
桃園市蘆竹區中興里6鄰興中街27號十二樓之1,68,6800500,6800500-036,6鄰,興中街,,,,,,27號十二樓之1,121.25970305437,25.0186250284019
桃園市蘆竹區中興里6鄰興中街27號十二樓之2,68,6800500,6800500-036,6鄰,興中街,,,,,,27號十二樓之2,121.25966312837,25.0185800469169
桃園市蘆竹區中興里6鄰興中街27號十樓之1,68,6800500,6800500-036,6鄰,興中街,,,,,,27號十樓之1,121.25970305437,25.0186250284019
桃園市蘆竹區中興里6鄰興中街27號十樓之2,68,6800500,6800500-036,6鄰,興中街,,,,,,27號十樓之2,121.25966312837,25.0185800469169
桃園市蘆竹區中興里6鄰興中街27號三樓之1,68,6800500,6800500-036,6鄰,興中街,,,,,,27號三樓之1,121.25970305437,25.0186250284019
桃園市蘆竹區中興里6鄰興中街27號三樓之2,68,6800500,6800500-036,6鄰,興中街,,,,,,27號三樓之2,121.25966312837,25.0185800469169
桃園市蘆竹區中興里6鄰興中街27號五樓之1,68,6800500,6800500-036,6鄰,興中街,,,,,,27號五樓之1,121.25970305437,25.0186250284019
桃園市蘆竹區中興里6鄰興中街27號五樓之2,68,6800500,6800500-036,6鄰,興中街,,,,,,27號五樓之2,121.25966312837,25.0185800469169
桃園市蘆竹區中興里6鄰興中街27號六樓之2,68,6800500,6800500-036,6鄰,興中街,,,,,,27號六樓之2,121.25966312837,25.0185800469169
桃園市蘆竹區中興里6鄰興中街27號四樓之1,68,6800500,6800500-036,6鄰,興中街,,,,,,27號四樓之1,121.25970305437,25.0186250284019
桃園市蘆竹區中興里6鄰興中街27號四樓之2,68,6800500,6800500-036,6鄰,興中街,,,,,,27號四樓之2,121.25966312837,25.0185800469169
桃園市蘆竹區中興里6鄰興中街27號七樓之1,68,6800500,6800500-036,6鄰,興中街,,,,,,27號七樓之1,121.25970305437,25.0186250284019
桃園市蘆竹區中興里6鄰興中街27號七樓之2,68,6800500,6800500-036,6鄰,興中街,,,,,,27號七樓之2,121.25966312837,25.0185800469169
桃園市蘆竹區中興里6鄰興中街27號九樓之2,68,6800500,6800500-036,6鄰,興中街,,,,,,27號九樓之2,121.25966312837,25.0185800469169
桃園市蘆竹區中興里6鄰興中街27號二樓之1,68,6800500,6800500-036,6鄰,興中街,,,,,,27號二樓之1,121.25970305437,25.0186250284019
桃園市蘆竹區中興里6鄰興中街27號二樓之2,68,6800500,6800500-036,6鄰,興中街,,,,,,27號二樓之2,121.25966312837,25.0185800469169
桃園市蘆竹區中興里6鄰興中街27號八樓之1,68,6800500,6800500-036,6鄰,興中街,,,,,,27號八樓之1,121.25970305437,25.0186250284019
桃園市蘆竹區中興里6鄰興中街27號八樓之2,68,6800500,6800500-036,6鄰,興中街,,,,,,27號八樓之2,121.25966312837,25.0185800469169
桃園市蘆竹區中興里6鄰興中街27號十一樓之1,68,6800500,6800500-036,6鄰,興中街,,,,,,27號十一樓之1,121.25970305437,25.0186250284019
桃園市蘆竹區中興里6鄰興中街27號六樓之1,68,6800500,6800500-036,6鄰,興中街,,,,,,27號六樓之1,121.25970305437,25.0186250284019
桃園市蘆竹區中興里6鄰興中街29號七樓之1,68,6800500,6800500-036,6鄰,興中街,,,,,,29號七樓之1,121.259838909453,25.0186308400046
桃園市蘆竹區中興里6鄰興中街29號七樓之2,68,6800500,6800500-036,6鄰,興中街,,,,,,29號七樓之2,121.259781171135,25.0185966333566
桃園市蘆竹區中興里6鄰興中街29號九樓之1,68,6800500,6800500-036,6鄰,興中街,,,,,,29號九樓之1,121.259838909453,25.0186308400046
桃園市蘆竹區中興里6鄰興中街29號九樓之2,68,6800500,6800500-036,6鄰,興中街,,,,,,29號九樓之2,121.259781171135,25.0185966333566
桃園市蘆竹區中興里6鄰興中街29號二樓之2,68,6800500,6800500-036,6鄰,興中街,,,,,,29號二樓之2,121.259781171135,25.0185966333566
桃園市蘆竹區中興里6鄰興中街29號八樓之1,68,6800500,6800500-036,6鄰,興中街,,,,,,29號八樓之1,121.259838909453,25.0186308400046
桃園市蘆竹區中興里6鄰興中街29號八樓之2,68,6800500,6800500-036,6鄰,興中街,,,,,,29號八樓之2,121.259781171135,25.0185966333566
桃園市蘆竹區中興里6鄰興中街29號十一樓之1,68,6800500,6800500-036,6鄰,興中街,,,,,,29號十一樓之1,121.259838909453,25.0186308400046
桃園市蘆竹區中興里6鄰興中街29號十一樓之2,68,6800500,6800500-036,6鄰,興中街,,,,,,29號十一樓之2,121.259781171135,25.0185966333566
桃園市蘆竹區中興里6鄰興中街29號十二樓之1,68,6800500,6800500-036,6鄰,興中街,,,,,,29號十二樓之1,121.259838909453,25.0186308400046
桃園市蘆竹區中興里6鄰興中街29號十二樓之2,68,6800500,6800500-036,6鄰,興中街,,,,,,29號十二樓之2,121.259781171135,25.0185966333566
桃園市蘆竹區中興里6鄰興中街29號十樓之2,68,6800500,6800500-036,6鄰,興中街,,,,,,29號十樓之2,121.259781171135,25.0185966333566
桃園市蘆竹區中興里6鄰興中街29號三樓之1,68,6800500,6800500-036,6鄰,興中街,,,,,,29號三樓之1,121.259838909453,25.0186308400046
桃園市蘆竹區中興里6鄰興中街29號三樓之2,68,6800500,6800500-036,6鄰,興中街,,,,,,29號三樓之2,121.259781171135,25.0185966333566
桃園市蘆竹區中興里6鄰興中街29號五樓之1,68,6800500,6800500-036,6鄰,興中街,,,,,,29號五樓之1,121.259838909453,25.0186308400046
桃園市蘆竹區中興里6鄰興中街29號五樓之2,68,6800500,6800500-036,6鄰,興中街,,,,,,29號五樓之2,121.259781171135,25.0185966333566
桃園市蘆竹區中興里6鄰興中街29號四樓之2,68,6800500,6800500-036,6鄰,興中街,,,,,,29號四樓之2,121.259781171135,25.0185966333566
桃園市蘆竹區中興里6鄰興中街29號六樓之1,68,6800500,6800500-036,6鄰,興中街,,,,,,29號六樓之1,121.259838909453,25.0186308400046
桃園市蘆竹區中興里6鄰興中街29號六樓之2,68,6800500,6800500-036,6鄰,興中街,,,,,,29號六樓之2,121.259781171135,25.0185966333566
桃園市蘆竹區中興里6鄰興中街29號四樓之1,68,6800500,6800500-036,6鄰,興中街,,,,,,29號四樓之1,121.259838909453,25.0186308400046
桃園市蘆竹區中興里6鄰興中街29號二樓之1,68,6800500,6800500-036,6鄰,興中街,,,,,,29號二樓之1,121.259781171135,25.0185966333566
桃園市蘆竹區中興里6鄰興中街29號十樓之1,68,6800500,6800500-036,6鄰,興中街,,,,,,29號十樓之1,121.259838909453,25.0186308400046
桃園市蘆竹區中興里6鄰興中街31號八樓之2,68,6800500,6800500-036,6鄰,興中街,,,,,,31號八樓之2,121.259914173892,25.0186124712873
桃園市蘆竹區中興里6鄰興中街31號三樓之2,68,6800500,6800500-036,6鄰,興中街,,,,,,31號三樓之2,121.259914173892,25.0186124712873
桃園市蘆竹區中興里6鄰興中街31號七樓之1,68,6800500,6800500-036,6鄰,興中街,,,,,,31號七樓之1,121.259973377389,25.0186366539085
桃園市蘆竹區中興里6鄰興中街31號七樓之2,68,6800500,6800500-036,6鄰,興中街,,,,,,31號七樓之2,121.259914173892,25.0186124712873
桃園市蘆竹區中興里6鄰興中街31號九樓之1,68,6800500,6800500-036,6鄰,興中街,,,,,,31號九樓之1,121.259973377389,25.0186366539085
桃園市蘆竹區中興里6鄰興中街31號九樓之2,68,6800500,6800500-036,6鄰,興中街,,,,,,31號九樓之2,121.259914173892,25.0186124712873
桃園市蘆竹區中興里6鄰興中街31號二樓之1,68,6800500,6800500-036,6鄰,興中街,,,,,,31號二樓之1,121.259973377389,25.0186366539085
桃園市蘆竹區中興里6鄰興中街31號二樓之2,68,6800500,6800500-036,6鄰,興中街,,,,,,31號二樓之2,121.259914173892,25.0186124712873
桃園市蘆竹區中興里6鄰興中街31號八樓之1,68,6800500,6800500-036,6鄰,興中街,,,,,,31號八樓之1,121.259973377389,25.0186366539085
桃園市蘆竹區中興里6鄰興中街31號十一樓之1,68,6800500,6800500-036,6鄰,興中街,,,,,,31號十一樓之1,121.259973377389,25.0186366539085
桃園市蘆竹區中興里6鄰興中街31號十一樓之2,68,6800500,6800500-036,6鄰,興中街,,,,,,31號十一樓之2,121.259914173892,25.0186124712873
桃園市蘆竹區中興里6鄰興中街31號十二樓之1,68,6800500,6800500-036,6鄰,興中街,,,,,,31號十二樓之1,121.259973377389,25.0186366539085
桃園市蘆竹區中興里6鄰興中街31號十二樓之2,68,6800500,6800500-036,6鄰,興中街,,,,,,31號十二樓之2,121.259914173892,25.0186124712873
桃園市蘆竹區中興里6鄰興中街31號十樓之1,68,6800500,6800500-036,6鄰,興中街,,,,,,31號十樓之1,121.259973377389,25.0186366539085
桃園市蘆竹區中興里6鄰興中街31號十樓之2,68,6800500,6800500-036,6鄰,興中街,,,,,,31號十樓之2,121.259914173892,25.0186124712873
桃園市蘆竹區中興里6鄰興中街31號三樓之1,68,6800500,6800500-036,6鄰,興中街,,,,,,31號三樓之1,121.259973377389,25.0186366539085
桃園市蘆竹區中興里6鄰興中街31號五樓之1,68,6800500,6800500-036,6鄰,興中街,,,,,,31號五樓之1,121.259973377389,25.0186366539085
桃園市蘆竹區中興里6鄰興中街31號五樓之2,68,6800500,6800500-036,6鄰,興中街,,,,,,31號五樓之2,121.259914173892,25.0186124712873
桃園市蘆竹區中興里6鄰興中街31號六樓之1,68,6800500,6800500-036,6鄰,興中街,,,,,,31號六樓之1,121.259973377389,25.0186366539085
桃園市蘆竹區中興里6鄰興中街31號六樓之2,68,6800500,6800500-036,6鄰,興中街,,,,,,31號六樓之2,121.259914173892,25.0186124712873
桃園市蘆竹區中興里6鄰興中街31號四樓之1,68,6800500,6800500-036,6鄰,興中街,,,,,,31號四樓之1,121.259973377389,25.0186366539085
桃園市蘆竹區中興里6鄰興中街31號四樓之2,68,6800500,6800500-036,6鄰,興中街,,,,,,31號四樓之2,121.259914173892,25.0186124712873
桃園市蘆竹區中興里6鄰興中街33號十一樓之2,68,6800500,6800500-036,6鄰,興中街,,,,,,33號十一樓之2,121.259847836158,25.0185410831011
桃園市蘆竹區中興里6鄰興中街33號十二樓之1,68,6800500,6800500-036,6鄰,興中街,,,,,,33號十二樓之1,121.25979010928,25.018512293416
桃園市蘆竹區中興里6鄰興中街33號十二樓之2,68,6800500,6800500-036,6鄰,興中街,,,,,,33號十二樓之2,121.259847836158,25.0185410831011
桃園市蘆竹區中興里6鄰興中街33號十樓之1,68,6800500,6800500-036,6鄰,興中街,,,,,,33號十樓之1,121.25979010928,25.018512293416
桃園市蘆竹區中興里6鄰興中街33號十樓之2,68,6800500,6800500-036,6鄰,興中街,,,,,,33號十樓之2,121.259847836158,25.0185410831011
桃園市蘆竹區中興里6鄰興中街33號三樓之1,68,6800500,6800500-036,6鄰,興中街,,,,,,33號三樓之1,121.25979010928,25.018512293416
桃園市蘆竹區中興里6鄰興中街33號三樓之2,68,6800500,6800500-036,6鄰,興中街,,,,,,33號三樓之2,121.259847836158,25.0185410831011
桃園市蘆竹區中興里6鄰興中街33號五樓之1,68,6800500,6800500-036,6鄰,興中街,,,,,,33號五樓之1,121.25979010928,25.018512293416
桃園市蘆竹區中興里6鄰興中街33號五樓之2,68,6800500,6800500-036,6鄰,興中街,,,,,,33號五樓之2,121.259847836158,25.0185410831011
桃園市蘆竹區中興里6鄰興中街33號六樓之2,68,6800500,6800500-036,6鄰,興中街,,,,,,33號六樓之2,121.259847836158,25.0185410831011
桃園市蘆竹區中興里6鄰興中街33號四樓之1,68,6800500,6800500-036,6鄰,興中街,,,,,,33號四樓之1,121.25979010928,25.018512293416
桃園市蘆竹區中興里6鄰興中街33號四樓之2,68,6800500,6800500-036,6鄰,興中街,,,,,,33號四樓之2,121.259847836158,25.0185410831011
桃園市蘆竹區中興里6鄰興中街33號六樓之1,68,6800500,6800500-036,6鄰,興中街,,,,,,33號六樓之1,121.25979010928,25.018512293416
桃園市蘆竹區中興里6鄰興中街33號七樓之2,68,6800500,6800500-036,6鄰,興中街,,,,,,33號七樓之2,121.259847836158,25.0185410831011
桃園市蘆竹區中興里6鄰興中街33號七樓之1,68,6800500,6800500-036,6鄰,興中街,,,,,,33號七樓之1,121.25979010928,25.018512293416
桃園市蘆竹區中興里6鄰興中街33號九樓之1,68,6800500,6800500-036,6鄰,興中街,,,,,,33號九樓之1,121.25979010928,25.018512293416
桃園市蘆竹區中興里6鄰興中街33號九樓之2,68,6800500,6800500-036,6鄰,興中街,,,,,,33號九樓之2,121.259847836158,25.0185410831011
桃園市蘆竹區中興里6鄰興中街33號八樓之1,68,6800500,6800500-036,6鄰,興中街,,,,,,33號八樓之1,121.25979010928,25.018512293416
桃園市蘆竹區中興里6鄰興中街33號八樓之2,68,6800500,6800500-036,6鄰,興中街,,,,,,33號八樓之2,121.259847836158,25.0185410831011
桃園市蘆竹區中興里6鄰興中街33號十一樓之1,68,6800500,6800500-036,6鄰,興中街,,,,,,33號十一樓之1,121.25979010928,25.018512293416
桃園市蘆竹區中興里6鄰興中街35號三樓之1,68,6800500,6800500-036,6鄰,興中街,,,,,,35號三樓之1,121.259912536722,25.0185407894467
桃園市蘆竹區中興里6鄰興中街35號三樓之2,68,6800500,6800500-036,6鄰,興中街,,,,,,35號三樓之2,121.259973166722,25.0185366207125
桃園市蘆竹區中興里6鄰興中街35號三樓之3,68,6800500,6800500-036,6鄰,興中街,,,,,,35號三樓之3,121.259940476189,25.0184457628856
桃園市蘆竹區中興里6鄰興中街35號五樓之1,68,6800500,6800500-036,6鄰,興中街,,,,,,35號五樓之1,121.259912536722,25.0185407894467
桃園市蘆竹區中興里6鄰興中街35號五樓之2,68,6800500,6800500-036,6鄰,興中街,,,,,,35號五樓之2,121.259973166722,25.0185366207125
桃園市蘆竹區中興里6鄰興中街35號五樓之3,68,6800500,6800500-036,6鄰,興中街,,,,,,35號五樓之3,121.259940476189,25.0184457628856
桃園市蘆竹區中興里6鄰興中街35號六樓之1,68,6800500,6800500-036,6鄰,興中街,,,,,,35號六樓之1,121.259912536722,25.0185407894467
桃園市蘆竹區中興里6鄰興中街35號六樓之2,68,6800500,6800500-036,6鄰,興中街,,,,,,35號六樓之2,121.259973166722,25.0185366207125
桃園市蘆竹區中興里6鄰興中街35號四樓之1,68,6800500,6800500-036,6鄰,興中街,,,,,,35號四樓之1,121.259912536722,25.0185407894467
桃園市蘆竹區中興里6鄰興中街35號四樓之3,68,6800500,6800500-036,6鄰,興中街,,,,,,35號四樓之3,121.259940476189,25.0184457628856
桃園市蘆竹區中興里6鄰興中街35號四樓之2,68,6800500,6800500-036,6鄰,興中街,,,,,,35號四樓之2,121.259973166722,25.0185366207125
桃園市蘆竹區中興里6鄰興中街35號六樓之3,68,6800500,6800500-036,6鄰,興中街,,,,,,35號六樓之3,121.259940476189,25.0184457628856
桃園市蘆竹區中興里6鄰興中街35號七樓之1,68,6800500,6800500-036,6鄰,興中街,,,,,,35號七樓之1,121.259912536722,25.0185407894467
桃園市蘆竹區中興里6鄰興中街35號七樓之2,68,6800500,6800500-036,6鄰,興中街,,,,,,35號七樓之2,121.259973166722,25.0185366207125
桃園市蘆竹區中興里6鄰興中街35號七樓之3,68,6800500,6800500-036,6鄰,興中街,,,,,,35號七樓之3,121.259940476189,25.0184457628856
桃園市蘆竹區中興里6鄰興中街35號九樓之1,68,6800500,6800500-036,6鄰,興中街,,,,,,35號九樓之1,121.259912536722,25.0185407894467
桃園市蘆竹區中興里6鄰興中街35號九樓之3,68,6800500,6800500-036,6鄰,興中街,,,,,,35號九樓之3,121.259940476189,25.0184457628856
桃園市蘆竹區中興里6鄰興中街35號二樓,68,6800500,6800500-036,6鄰,興中街,,,,,,35號二樓,121.259940476189,25.0184457628856
桃園市蘆竹區中興里6鄰興中街35號八樓之1,68,6800500,6800500-036,6鄰,興中街,,,,,,35號八樓之1,121.259912536722,25.0185407894467
桃園市蘆竹區中興里6鄰興中街35號八樓之2,68,6800500,6800500-036,6鄰,興中街,,,,,,35號八樓之2,121.259973166722,25.0185366207125
桃園市蘆竹區中興里6鄰興中街35號八樓之3,68,6800500,6800500-036,6鄰,興中街,,,,,,35號八樓之3,121.259940476189,25.0184457628856
桃園市蘆竹區中興里6鄰興中街35號十一樓之1,68,6800500,6800500-036,6鄰,興中街,,,,,,35號十一樓之1,121.259912536722,25.0185407894467
桃園市蘆竹區中興里6鄰興中街35號十一樓之2,68,6800500,6800500-036,6鄰,興中街,,,,,,35號十一樓之2,121.259973166722,25.0185366207125
桃園市蘆竹區中興里6鄰興中街35號十二樓之1,68,6800500,6800500-036,6鄰,興中街,,,,,,35號十二樓之1,121.259912536722,25.0185407894467
桃園市蘆竹區中興里6鄰興中街35號九樓之2,68,6800500,6800500-036,6鄰,興中街,,,,,,35號九樓之2,121.259973166722,25.0185366207125
桃園市蘆竹區中興里6鄰興中街35號十二樓之2,68,6800500,6800500-036,6鄰,興中街,,,,,,35號十二樓之2,121.259940476189,25.0184457628856
桃園市蘆竹區中興里6鄰興中街35號十一樓之3,68,6800500,6800500-036,6鄰,興中街,,,,,,35號十一樓之3,121.259940476189,25.0184457628856
桃園市蘆竹區中興里6鄰興中街35號十二樓之3,68,6800500,6800500-036,6鄰,興中街,,,,,,35號十二樓之3,121.259940476189,25.0184457628856
桃園市蘆竹區中興里6鄰興中街35號十樓之1,68,6800500,6800500-036,6鄰,興中街,,,,,,35號十樓之1,121.259912536722,25.0185407894467
桃園市蘆竹區中興里6鄰興中街35號十樓之2,68,6800500,6800500-036,6鄰,興中街,,,,,,35號十樓之2,121.259973166722,25.0185366207125
桃園市蘆竹區中興里6鄰興中街35號十樓之3,68,6800500,6800500-036,6鄰,興中街,,,,,,35號十樓之3,121.259940476189,25.0184457628856
桃園市蘆竹區中興里6鄰興中街37號七樓之1,68,6800500,6800500-036,6鄰,興中街,,,,,,37號七樓之1,121.259935608066,25.0183925044248
桃園市蘆竹區中興里6鄰興中街37號七樓之2,68,6800500,6800500-036,6鄰,興中街,,,,,,37號七樓之2,121.259938462866,25.0183366142549
桃園市蘆竹區中興里6鄰興中街37號九樓之1,68,6800500,6800500-036,6鄰,興中街,,,,,,37號九樓之1,121.259935608066,25.0183925044248
桃園市蘆竹區中興里6鄰興中街37號九樓之2,68,6800500,6800500-036,6鄰,興中街,,,,,,37號九樓之2,121.259938462866,25.0183366142549
桃園市蘆竹區中興里6鄰興中街37號八樓之1,68,6800500,6800500-036,6鄰,興中街,,,,,,37號八樓之1,121.259935608066,25.0183925044248
桃園市蘆竹區中興里6鄰興中街37號八樓之2,68,6800500,6800500-036,6鄰,興中街,,,,,,37號八樓之2,121.259938462866,25.0183366142549
桃園市蘆竹區中興里6鄰興中街37號十一樓之2,68,6800500,6800500-036,6鄰,興中街,,,,,,37號十一樓之2,121.259938462866,25.0183366142549
桃園市蘆竹區中興里6鄰興中街37號十二樓之1,68,6800500,6800500-036,6鄰,興中街,,,,,,37號十二樓之1,121.259935608066,25.0183925044248
桃園市蘆竹區中興里6鄰興中街37號十二樓之2,68,6800500,6800500-036,6鄰,興中街,,,,,,37號十二樓之2,121.259938462866,25.0183366142549
桃園市蘆竹區中興里6鄰興中街37號十樓之1,68,6800500,6800500-036,6鄰,興中街,,,,,,37號十樓之1,121.259935608066,25.0183925044248
桃園市蘆竹區中興里6鄰興中街37號十樓之2,68,6800500,6800500-036,6鄰,興中街,,,,,,37號十樓之2,121.259938462866,25.0183366142549
桃園市蘆竹區中興里6鄰興中街37號三樓之1,68,6800500,6800500-036,6鄰,興中街,,,,,,37號三樓之1,121.259935608066,25.0183925044248
桃園市蘆竹區中興里6鄰興中街37號三樓之2,68,6800500,6800500-036,6鄰,興中街,,,,,,37號三樓之2,121.259938462866,25.0183366142549
桃園市蘆竹區中興里6鄰興中街37號五樓之2,68,6800500,6800500-036,6鄰,興中街,,,,,,37號五樓之2,121.259938462866,25.0183366142549
桃園市蘆竹區中興里6鄰興中街37號六樓之1,68,6800500,6800500-036,6鄰,興中街,,,,,,37號六樓之1,121.259935608066,25.0183925044248
桃園市蘆竹區中興里6鄰興中街37號六樓之2,68,6800500,6800500-036,6鄰,興中街,,,,,,37號六樓之2,121.259938462866,25.0183366142549
桃園市蘆竹區中興里6鄰興中街37號四樓之1,68,6800500,6800500-036,6鄰,興中街,,,,,,37號四樓之1,121.259935608066,25.0183925044248
桃園市蘆竹區中興里6鄰興中街37號四樓之2,68,6800500,6800500-036,6鄰,興中街,,,,,,37號四樓之2,121.259938462866,25.0183366142549
桃園市蘆竹區中興里6鄰興中街37號十一樓之1,68,6800500,6800500-036,6鄰,興中街,,,,,,37號十一樓之1,121.259935608066,25.0183925044248
桃園市蘆竹區中興里6鄰興中街37號五樓之1,68,6800500,6800500-036,6鄰,興中街,,,,,,37號五樓之1,121.259935608066,25.0183925044248
桃園市蘆竹區中興里6鄰興中街39號四樓之2,68,6800500,6800500-036,6鄰,興中街,,,,,,39號四樓之2,121.259936339819,25.0182224099662
桃園市蘆竹區中興里6鄰興中街39號四樓之3,68,6800500,6800500-036,6鄰,興中街,,,,,,39號四樓之3,121.259866773934,25.0182177465681
桃園市蘆竹區中興里6鄰興中街39號七樓之3,68,6800500,6800500-036,6鄰,興中街,,,,,,39號七樓之3,121.259866773934,25.0182177465681
桃園市蘆竹區中興里6鄰興中街39號十一樓之1,68,6800500,6800500-036,6鄰,興中街,,,,,,39號十一樓之1,121.259934979811,25.0182823602588
桃園市蘆竹區中興里6鄰興中街39號三樓之1,68,6800500,6800500-036,6鄰,興中街,,,,,,39號三樓之1,121.259934979811,25.0182823602588
桃園市蘆竹區中興里6鄰興中街39號六樓之3,68,6800500,6800500-036,6鄰,興中街,,,,,,39號六樓之3,121.259866773934,25.0182177465681
桃園市蘆竹區中興里6鄰興中街39號七樓之1,68,6800500,6800500-036,6鄰,興中街,,,,,,39號七樓之1,121.259934979811,25.0182823602588
桃園市蘆竹區中興里6鄰興中街39號七樓之2,68,6800500,6800500-036,6鄰,興中街,,,,,,39號七樓之2,121.259936339819,25.0182224099662
桃園市蘆竹區中興里6鄰興中街39號九樓之1,68,6800500,6800500-036,6鄰,興中街,,,,,,39號九樓之1,121.259934979811,25.0182823602588
桃園市蘆竹區中興里6鄰興中街39號九樓之2,68,6800500,6800500-036,6鄰,興中街,,,,,,39號九樓之2,121.259936339819,25.0182224099662
桃園市蘆竹區中興里6鄰興中街39號九樓之3,68,6800500,6800500-036,6鄰,興中街,,,,,,39號九樓之3,121.259866773934,25.0182177465681
桃園市蘆竹區中興里6鄰興中街39號八樓之1,68,6800500,6800500-036,6鄰,興中街,,,,,,39號八樓之1,121.259934979811,25.0182823602588
桃園市蘆竹區中興里6鄰興中街39號八樓之2,68,6800500,6800500-036,6鄰,興中街,,,,,,39號八樓之2,121.259866773934,25.0182177465681
桃園市蘆竹區中興里6鄰興中街39號八樓之3,68,6800500,6800500-036,6鄰,興中街,,,,,,39號八樓之3,121.259936339819,25.0182224099662
桃園市蘆竹區中興里6鄰興中街39號十一樓之2,68,6800500,6800500-036,6鄰,興中街,,,,,,39號十一樓之2,121.259936339819,25.0182224099662
桃園市蘆竹區中興里6鄰興中街39號十一樓之3,68,6800500,6800500-036,6鄰,興中街,,,,,,39號十一樓之3,121.259866773934,25.0182177465681
桃園市蘆竹區中興里6鄰興中街39號十二樓之1,68,6800500,6800500-036,6鄰,興中街,,,,,,39號十二樓之1,121.259934979811,25.0182823602588
桃園市蘆竹區中興里6鄰興中街39號十二樓之2,68,6800500,6800500-036,6鄰,興中街,,,,,,39號十二樓之2,121.259936339819,25.0182224099662
桃園市蘆竹區中興里6鄰興中街39號十二樓之3,68,6800500,6800500-036,6鄰,興中街,,,,,,39號十二樓之3,121.259866773934,25.0182177465681
桃園市蘆竹區中興里6鄰興中街39號十樓之1,68,6800500,6800500-036,6鄰,興中街,,,,,,39號十樓之1,121.259934979811,25.0182823602588
桃園市蘆竹區中興里6鄰興中街39號十樓之2,68,6800500,6800500-036,6鄰,興中街,,,,,,39號十樓之2,121.259936339819,25.0182224099662
桃園市蘆竹區中興里6鄰興中街39號十樓之3,68,6800500,6800500-036,6鄰,興中街,,,,,,39號十樓之3,121.259866773934,25.0182177465681
桃園市蘆竹區中興里6鄰興中街39號三樓之2,68,6800500,6800500-036,6鄰,興中街,,,,,,39號三樓之2,121.259936339819,25.0182224099662
桃園市蘆竹區中興里6鄰興中街39號三樓之3,68,6800500,6800500-036,6鄰,興中街,,,,,,39號三樓之3,121.259866773934,25.0182177465681
桃園市蘆竹區中興里6鄰興中街39號五樓之1,68,6800500,6800500-036,6鄰,興中街,,,,,,39號五樓之1,121.259934979811,25.0182823602588
桃園市蘆竹區中興里6鄰興中街39號五樓之2,68,6800500,6800500-036,6鄰,興中街,,,,,,39號五樓之2,121.259936339819,25.0182224099662
桃園市蘆竹區中興里6鄰興中街39號五樓之3,68,6800500,6800500-036,6鄰,興中街,,,,,,39號五樓之3,121.259866773934,25.0182177465681
桃園市蘆竹區中興里6鄰興中街39號六樓之1,68,6800500,6800500-036,6鄰,興中街,,,,,,39號六樓之1,121.259934979811,25.0182823602588
桃園市蘆竹區中興里6鄰興中街39號六樓之2,68,6800500,6800500-036,6鄰,興中街,,,,,,39號六樓之2,121.259936339819,25.0182224099662
桃園市蘆竹區中興里6鄰興中街39號四樓之1,68,6800500,6800500-036,6鄰,興中街,,,,,,39號四樓之1,121.259934979811,25.0182823602588
桃園市蘆竹區中興里6鄰興中街41號七樓之1,68,6800500,6800500-036,6鄰,興中街,,,,,,41號七樓之1,121.259796684333,25.0181996318847
桃園市蘆竹區中興里6鄰興中街41號七樓之2,68,6800500,6800500-036,6鄰,興中街,,,,,,41號七樓之2,121.259749366858,25.0182205699291
桃園市蘆竹區中興里6鄰興中街41號十樓之2,68,6800500,6800500-036,6鄰,興中街,,,,,,41號十樓之2,121.259749366858,25.0182205699291
桃園市蘆竹區中興里6鄰興中街41號五樓之2,68,6800500,6800500-036,6鄰,興中街,,,,,,41號五樓之2,121.259749366858,25.0182205699291
桃園市蘆竹區中興里6鄰興中街41號九樓之1,68,6800500,6800500-036,6鄰,興中街,,,,,,41號九樓之1,121.259796684333,25.0181996318847
桃園市蘆竹區中興里6鄰興中街41號九樓之2,68,6800500,6800500-036,6鄰,興中街,,,,,,41號九樓之2,121.259749366858,25.0182205699291
桃園市蘆竹區中興里6鄰興中街41號八樓之1,68,6800500,6800500-036,6鄰,興中街,,,,,,41號八樓之1,121.259796684333,25.0181996318847
桃園市蘆竹區中興里6鄰興中街41號八樓之2,68,6800500,6800500-036,6鄰,興中街,,,,,,41號八樓之2,121.259749366858,25.0182205699291
桃園市蘆竹區中興里6鄰興中街41號十一樓之1,68,6800500,6800500-036,6鄰,興中街,,,,,,41號十一樓之1,121.259796684333,25.0181996318847
桃園市蘆竹區中興里6鄰興中街41號十一樓之2,68,6800500,6800500-036,6鄰,興中街,,,,,,41號十一樓之2,121.259749366858,25.0182205699291
桃園市蘆竹區中興里6鄰興中街41號十二樓之1,68,6800500,6800500-036,6鄰,興中街,,,,,,41號十二樓之1,121.259796684333,25.0181996318847
桃園市蘆竹區中興里6鄰興中街41號十二樓之2,68,6800500,6800500-036,6鄰,興中街,,,,,,41號十二樓之2,121.259749366858,25.0182205699291
桃園市蘆竹區中興里6鄰興中街41號十樓之1,68,6800500,6800500-036,6鄰,興中街,,,,,,41號十樓之1,121.259796684333,25.0181996318847
桃園市蘆竹區中興里6鄰興中街41號三樓之1,68,6800500,6800500-036,6鄰,興中街,,,,,,41號三樓之1,121.259796684333,25.0181996318847
桃園市蘆竹區中興里6鄰興中街41號三樓之2,68,6800500,6800500-036,6鄰,興中街,,,,,,41號三樓之2,121.259749366858,25.0182205699291
桃園市蘆竹區中興里6鄰興中街41號五樓之1,68,6800500,6800500-036,6鄰,興中街,,,,,,41號五樓之1,121.259796684333,25.0181996318847
桃園市蘆竹區中興里6鄰興中街41號六樓之1,68,6800500,6800500-036,6鄰,興中街,,,,,,41號六樓之1,121.259796684333,25.0181996318847
桃園市蘆竹區中興里6鄰興中街41號六樓之2,68,6800500,6800500-036,6鄰,興中街,,,,,,41號六樓之2,121.259749366858,25.0182205699291
桃園市蘆竹區中興里6鄰興中街41號四樓之1,68,6800500,6800500-036,6鄰,興中街,,,,,,41號四樓之1,121.259796684333,25.0181996318847
桃園市蘆竹區中興里6鄰興中街41號四樓之2,68,6800500,6800500-036,6鄰,興中街,,,,,,41號四樓之2,121.259749366858,25.0182205699291
桃園市蘆竹區中興里6鄰興中街43號六樓之2,68,6800500,6800500-036,6鄰,興中街,,,,,,43號六樓之2,121.259663403018,25.0183808821325
桃園市蘆竹區中興里6鄰興中街43號七樓之1,68,6800500,6800500-036,6鄰,興中街,,,,,,43號七樓之1,121.259666255092,25.0183236377267
桃園市蘆竹區中興里6鄰興中街43號十二樓之1,68,6800500,6800500-036,6鄰,興中街,,,,,,43號十二樓之1,121.259666255092,25.0183236377267
桃園市蘆竹區中興里6鄰興中街43號三樓之2,68,6800500,6800500-036,6鄰,興中街,,,,,,43號三樓之2,121.259663403018,25.0183808821325
桃園市蘆竹區中興里6鄰興中街43號五樓之2,68,6800500,6800500-036,6鄰,興中街,,,,,,43號五樓之2,121.259663403018,25.0183808821325
桃園市蘆竹區中興里6鄰興中街43號六樓之1,68,6800500,6800500-036,6鄰,興中街,,,,,,43號六樓之1,121.259666255092,25.0183236377267
桃園市蘆竹區中興里6鄰興中街43號四樓之1,68,6800500,6800500-036,6鄰,興中街,,,,,,43號四樓之1,121.259666255092,25.0183236377267
桃園市蘆竹區中興里6鄰興中街43號四樓之2,68,6800500,6800500-036,6鄰,興中街,,,,,,43號四樓之2,121.259663403018,25.0183808821325
桃園市蘆竹區中興里6鄰興中街43號七樓之2,68,6800500,6800500-036,6鄰,興中街,,,,,,43號七樓之2,121.259663403018,25.0183808821325
桃園市蘆竹區中興里6鄰興中街43號九樓之1,68,6800500,6800500-036,6鄰,興中街,,,,,,43號九樓之1,121.259666255092,25.0183236377267
桃園市蘆竹區中興里6鄰興中街43號九樓之2,68,6800500,6800500-036,6鄰,興中街,,,,,,43號九樓之2,121.259663403018,25.0183808821325
桃園市蘆竹區中興里6鄰興中街43號八樓之1,68,6800500,6800500-036,6鄰,興中街,,,,,,43號八樓之1,121.259666255092,25.0183236377267
桃園市蘆竹區中興里6鄰興中街43號八樓之2,68,6800500,6800500-036,6鄰,興中街,,,,,,43號八樓之2,121.259663403018,25.0183808821325
桃園市蘆竹區中興里6鄰興中街43號十一樓之1,68,6800500,6800500-036,6鄰,興中街,,,,,,43號十一樓之1,121.259666255092,25.0183236377267
桃園市蘆竹區中興里6鄰興中街43號十一樓之2,68,6800500,6800500-036,6鄰,興中街,,,,,,43號十一樓之2,121.259663403018,25.0183808821325
桃園市蘆竹區中興里6鄰興中街43號十二樓之2,68,6800500,6800500-036,6鄰,興中街,,,,,,43號十二樓之2,121.259663403018,25.0183808821325
桃園市蘆竹區中興里6鄰興中街43號十樓之1,68,6800500,6800500-036,6鄰,興中街,,,,,,43號十樓之1,121.259666255092,25.0183236377267
桃園市蘆竹區中興里6鄰興中街43號十樓之2,68,6800500,6800500-036,6鄰,興中街,,,,,,43號十樓之2,121.259663403018,25.0183808821325
桃園市蘆竹區中興里6鄰興中街43號三樓之1,68,6800500,6800500-036,6鄰,興中街,,,,,,43號三樓之1,121.259666255092,25.0183236377267
桃園市蘆竹區中興里6鄰興中街43號五樓之1,68,6800500,6800500-036,6鄰,興中街,,,,,,43號五樓之1,121.259666255092,25.0183236377267
桃園市蘆竹區中興里6鄰興中街45號四樓之1,68,6800500,6800500-036,6鄰,興中街,,,,,,45號四樓之1,121.259701523885,25.0181801164322
桃園市蘆竹區中興里6鄰興中街45號七樓之1,68,6800500,6800500-036,6鄰,興中街,,,,,,45號七樓之1,121.259701523885,25.0181801164322
桃園市蘆竹區中興里6鄰興中街45號七樓之2,68,6800500,6800500-036,6鄰,興中街,,,,,,45號七樓之2,121.259658778432,25.0182078176876
桃園市蘆竹區中興里6鄰興中街45號七樓之3,68,6800500,6800500-036,6鄰,興中街,,,,,,45號七樓之3,121.259654434424,25.0182623562094
桃園市蘆竹區中興里6鄰興中街45號九樓之1,68,6800500,6800500-036,6鄰,興中街,,,,,,45號九樓之1,121.259701523885,25.0181801164322
桃園市蘆竹區中興里6鄰興中街45號九樓之3,68,6800500,6800500-036,6鄰,興中街,,,,,,45號九樓之3,121.259654434424,25.0182623562094
桃園市蘆竹區中興里6鄰興中街45號二樓之1,68,6800500,6800500-036,6鄰,興中街,,,,,,45號二樓之1,121.259701523885,25.0181801164322
桃園市蘆竹區中興里6鄰興中街45號二樓之2,68,6800500,6800500-036,6鄰,興中街,,,,,,45號二樓之2,121.259658778432,25.0182078176876
桃園市蘆竹區中興里6鄰興中街45號八樓之1,68,6800500,6800500-036,6鄰,興中街,,,,,,45號八樓之1,121.259701523885,25.0181801164322
桃園市蘆竹區中興里6鄰興中街45號八樓之2,68,6800500,6800500-036,6鄰,興中街,,,,,,45號八樓之2,121.259658778432,25.0182078176876
桃園市蘆竹區中興里6鄰興中街45號八樓之3,68,6800500,6800500-036,6鄰,興中街,,,,,,45號八樓之3,121.259654434424,25.0182623562094
桃園市蘆竹區中興里6鄰興中街45號十一樓之1,68,6800500,6800500-036,6鄰,興中街,,,,,,45號十一樓之1,121.259701523885,25.0181801164322
桃園市蘆竹區中興里6鄰興中街45號十一樓之3,68,6800500,6800500-036,6鄰,興中街,,,,,,45號十一樓之3,121.259654434424,25.0182623562094
桃園市蘆竹區中興里6鄰興中街45號十二樓之1,68,6800500,6800500-036,6鄰,興中街,,,,,,45號十二樓之1,121.259701523885,25.0181801164322
桃園市蘆竹區中興里6鄰興中街45號十二樓之2,68,6800500,6800500-036,6鄰,興中街,,,,,,45號十二樓之2,121.259658778432,25.0182078176876
桃園市蘆竹區中興里6鄰興中街45號十二樓之3,68,6800500,6800500-036,6鄰,興中街,,,,,,45號十二樓之3,121.259654434424,25.0182623562094
桃園市蘆竹區中興里6鄰興中街45號十樓之1,68,6800500,6800500-036,6鄰,興中街,,,,,,45號十樓之1,121.259701523885,25.0181801164322
桃園市蘆竹區中興里6鄰興中街45號十樓之2,68,6800500,6800500-036,6鄰,興中街,,,,,,45號十樓之2,121.259658778432,25.0182078176876
桃園市蘆竹區中興里6鄰興中街45號十樓之3,68,6800500,6800500-036,6鄰,興中街,,,,,,45號十樓之3,121.259654434424,25.0182623562094
桃園市蘆竹區中興里6鄰興中街45號三樓之1,68,6800500,6800500-036,6鄰,興中街,,,,,,45號三樓之1,121.259701523885,25.0181801164322
桃園市蘆竹區中興里6鄰興中街45號三樓之3,68,6800500,6800500-036,6鄰,興中街,,,,,,45號三樓之3,121.259654434424,25.0182623562094
桃園市蘆竹區中興里6鄰興中街45號五樓之1,68,6800500,6800500-036,6鄰,興中街,,,,,,45號五樓之1,121.259701523885,25.0181801164322
桃園市蘆竹區中興里6鄰興中街45號五樓之2,68,6800500,6800500-036,6鄰,興中街,,,,,,45號五樓之2,121.259658778432,25.0182078176876
桃園市蘆竹區中興里6鄰興中街45號五樓之3,68,6800500,6800500-036,6鄰,興中街,,,,,,45號五樓之3,121.259658778432,25.0182078176876
桃園市蘆竹區中興里6鄰興中街45號六樓之1,68,6800500,6800500-036,6鄰,興中街,,,,,,45號六樓之1,121.259701523885,25.0181801164322
桃園市蘆竹區中興里6鄰興中街45號六樓之2,68,6800500,6800500-036,6鄰,興中街,,,,,,45號六樓之2,121.259658778432,25.0182078176876
桃園市蘆竹區中興里6鄰興中街45號六樓之3,68,6800500,6800500-036,6鄰,興中街,,,,,,45號六樓之3,121.259654434424,25.0182623562094
桃園市蘆竹區中興里6鄰興中街45號四樓之2,68,6800500,6800500-036,6鄰,興中街,,,,,,45號四樓之2,121.259658778432,25.0182078176876
桃園市蘆竹區中興里6鄰興中街45號四樓之3,68,6800500,6800500-036,6鄰,興中街,,,,,,45號四樓之3,121.259654434424,25.0182623562094
桃園市蘆竹區中興里6鄰興中街45號九樓之2,68,6800500,6800500-036,6鄰,興中街,,,,,,45號九樓之2,121.259658778432,25.0182078176876
桃園市蘆竹區中興里6鄰興中街45號十一樓之2,68,6800500,6800500-036,6鄰,興中街,,,,,,45號十一樓之2,121.259658778432,25.0182078176876
桃園市蘆竹區中興里6鄰興中街45號三樓之2,68,6800500,6800500-036,6鄰,興中街,,,,,,45號三樓之2,121.259658778432,25.0182078176876
桃園市蘆竹區中興里9鄰興中街47號八樓之1,68,6800500,6800500-036,9鄰,興中街,,,,,,47號八樓之1,121.259637076368,25.0179708626899
桃園市蘆竹區中興里9鄰興中街47號三樓之1,68,6800500,6800500-036,9鄰,興中街,,,,,,47號三樓之1,121.259637076368,25.0179708626899
桃園市蘆竹區中興里9鄰興中街47號七樓之1,68,6800500,6800500-036,9鄰,興中街,,,,,,47號七樓之1,121.259637076368,25.0179708626899
桃園市蘆竹區中興里9鄰興中街47號七樓之2,68,6800500,6800500-036,9鄰,興中街,,,,,,47號七樓之2,121.259637076368,25.0179708626899
桃園市蘆竹區中興里9鄰興中街47號九樓之1,68,6800500,6800500-036,9鄰,興中街,,,,,,47號九樓之1,121.259637076368,25.0179708626899
桃園市蘆竹區中興里9鄰興中街47號九樓之2,68,6800500,6800500-036,9鄰,興中街,,,,,,47號九樓之2,121.259637076368,25.0179708626899
桃園市蘆竹區中興里9鄰興中街47號二樓,68,6800500,6800500-036,9鄰,興中街,,,,,,47號二樓,121.259632716788,25.0180179980334
桃園市蘆竹區中興里9鄰興中街47號八樓之2,68,6800500,6800500-036,9鄰,興中街,,,,,,47號八樓之2,121.259637076368,25.0179708626899
桃園市蘆竹區中興里9鄰興中街47號十一樓之1,68,6800500,6800500-036,9鄰,興中街,,,,,,47號十一樓之1,121.259637076368,25.0179708626899
桃園市蘆竹區中興里9鄰興中街47號十一樓之2,68,6800500,6800500-036,9鄰,興中街,,,,,,47號十一樓之2,121.259637076368,25.0179708626899
桃園市蘆竹區中興里9鄰興中街47號十二樓之1,68,6800500,6800500-036,9鄰,興中街,,,,,,47號十二樓之1,121.259637076368,25.0179708626899
桃園市蘆竹區中興里9鄰興中街47號十二樓之2,68,6800500,6800500-036,9鄰,興中街,,,,,,47號十二樓之2,121.259637076368,25.0179708626899
桃園市蘆竹區中興里9鄰興中街47號十樓之1,68,6800500,6800500-036,9鄰,興中街,,,,,,47號十樓之1,121.259637076368,25.0179708626899
桃園市蘆竹區中興里9鄰興中街47號十樓之2,68,6800500,6800500-036,9鄰,興中街,,,,,,47號十樓之2,121.259637076368,25.0179708626899
桃園市蘆竹區中興里9鄰興中街47號三樓之2,68,6800500,6800500-036,9鄰,興中街,,,,,,47號三樓之2,121.259637076368,25.0179708626899
桃園市蘆竹區中興里9鄰興中街47號五樓之1,68,6800500,6800500-036,9鄰,興中街,,,,,,47號五樓之1,121.259637076368,25.0179708626899
桃園市蘆竹區中興里9鄰興中街47號五樓之2,68,6800500,6800500-036,9鄰,興中街,,,,,,47號五樓之2,121.259637076368,25.0179708626899
桃園市蘆竹區中興里9鄰興中街47號六樓之1,68,6800500,6800500-036,9鄰,興中街,,,,,,47號六樓之1,121.259637076368,25.0179708626899
桃園市蘆竹區中興里9鄰興中街47號六樓之2,68,6800500,6800500-036,9鄰,興中街,,,,,,47號六樓之2,121.259637076368,25.0179708626899
桃園市蘆竹區中興里9鄰興中街47號四樓之1,68,6800500,6800500-036,9鄰,興中街,,,,,,47號四樓之1,121.259637076368,25.0179708626899
桃園市蘆竹區中興里9鄰興中街47號四樓之2,68,6800500,6800500-036,9鄰,興中街,,,,,,47號四樓之2,121.259637076368,25.0179708626899
桃園市蘆竹區中興里9鄰興中街49號十二樓之2,68,6800500,6800500-036,9鄰,興中街,,,,,,49號十二樓之2,121.259741184927,25.0179579509539
桃園市蘆竹區中興里9鄰興中街49號七樓之1,68,6800500,6800500-036,9鄰,興中街,,,,,,49號七樓之1,121.259741184927,25.0179579509539
桃園市蘆竹區中興里9鄰興中街49號八樓之2,68,6800500,6800500-036,9鄰,興中街,,,,,,49號八樓之2,121.259741184927,25.0179579509539
桃園市蘆竹區中興里9鄰興中街49號十一樓之1,68,6800500,6800500-036,9鄰,興中街,,,,,,49號十一樓之1,121.259741184927,25.0179579509539
桃園市蘆竹區中興里9鄰興中街49號十一樓之2,68,6800500,6800500-036,9鄰,興中街,,,,,,49號十一樓之2,121.259741184927,25.0179579509539
桃園市蘆竹區中興里9鄰興中街49號十二樓之1,68,6800500,6800500-036,9鄰,興中街,,,,,,49號十二樓之1,121.259741184927,25.0179579509539
桃園市蘆竹區中興里9鄰興中街49號十樓之1,68,6800500,6800500-036,9鄰,興中街,,,,,,49號十樓之1,121.259741184927,25.0179579509539
桃園市蘆竹區中興里9鄰興中街49號十樓之2,68,6800500,6800500-036,9鄰,興中街,,,,,,49號十樓之2,121.259741184927,25.0179579509539
桃園市蘆竹區中興里9鄰興中街49號三樓之1,68,6800500,6800500-036,9鄰,興中街,,,,,,49號三樓之1,121.259741184927,25.0179579509539
桃園市蘆竹區中興里9鄰興中街49號三樓之2,68,6800500,6800500-036,9鄰,興中街,,,,,,49號三樓之2,121.259741184927,25.0179579509539
桃園市蘆竹區中興里9鄰興中街49號五樓之2,68,6800500,6800500-036,9鄰,興中街,,,,,,49號五樓之2,121.259741184927,25.0179579509539
桃園市蘆竹區中興里9鄰興中街49號六樓之1,68,6800500,6800500-036,9鄰,興中街,,,,,,49號六樓之1,121.259741184927,25.0179579509539
桃園市蘆竹區中興里9鄰興中街49號六樓之2,68,6800500,6800500-036,9鄰,興中街,,,,,,49號六樓之2,121.259741184927,25.0179579509539
桃園市蘆竹區中興里9鄰興中街49號四樓之1,68,6800500,6800500-036,9鄰,興中街,,,,,,49號四樓之1,121.259741184927,25.0179579509539
桃園市蘆竹區中興里9鄰興中街49號四樓之2,68,6800500,6800500-036,9鄰,興中街,,,,,,49號四樓之2,121.259741184927,25.0179579509539
桃園市蘆竹區中興里9鄰興中街49號七樓之2,68,6800500,6800500-036,9鄰,興中街,,,,,,49號七樓之2,121.259741184927,25.0179579509539
桃園市蘆竹區中興里9鄰興中街49號九樓之1,68,6800500,6800500-036,9鄰,興中街,,,,,,49號九樓之1,121.259741184927,25.0179579509539
桃園市蘆竹區中興里9鄰興中街49號九樓之2,68,6800500,6800500-036,9鄰,興中街,,,,,,49號九樓之2,121.259741184927,25.0179579509539
桃園市蘆竹區中興里9鄰興中街49號八樓之1,68,6800500,6800500-036,9鄰,興中街,,,,,,49號八樓之1,121.259741184927,25.0179579509539
桃園市蘆竹區中興里9鄰興中街49號五樓之1,68,6800500,6800500-036,9鄰,興中街,,,,,,49號五樓之1,121.259741184927,25.0179579509539
桃園市蘆竹區中興里9鄰興中街51號六樓之1,68,6800500,6800500-036,9鄰,興中街,,,,,,51號六樓之1,121.259875550763,25.0179626817337
桃園市蘆竹區中興里9鄰興中街51號六樓之2,68,6800500,6800500-036,9鄰,興中街,,,,,,51號六樓之2,121.259875550763,25.0179626817337
桃園市蘆竹區中興里9鄰興中街51號四樓之1,68,6800500,6800500-036,9鄰,興中街,,,,,,51號四樓之1,121.259875550763,25.0179626817337
桃園市蘆竹區中興里9鄰興中街51號四樓之2,68,6800500,6800500-036,9鄰,興中街,,,,,,51號四樓之2,121.259875550763,25.0179626817337
桃園市蘆竹區中興里9鄰興中街51號七樓之1,68,6800500,6800500-036,9鄰,興中街,,,,,,51號七樓之1,121.259875550763,25.0179626817337
桃園市蘆竹區中興里9鄰興中街51號七樓之2,68,6800500,6800500-036,9鄰,興中街,,,,,,51號七樓之2,121.259875550763,25.0179626817337
桃園市蘆竹區中興里9鄰興中街51號九樓之2,68,6800500,6800500-036,9鄰,興中街,,,,,,51號九樓之2,121.259875550763,25.0179626817337
桃園市蘆竹區中興里9鄰興中街51號二樓,68,6800500,6800500-036,9鄰,興中街,,,,,,51號二樓,121.259875550763,25.0179626817337
桃園市蘆竹區中興里9鄰興中街51號八樓之1,68,6800500,6800500-036,9鄰,興中街,,,,,,51號八樓之1,121.259875550763,25.0179626817337
桃園市蘆竹區中興里9鄰興中街51號八樓之2,68,6800500,6800500-036,9鄰,興中街,,,,,,51號八樓之2,121.259875550763,25.0179626817337
桃園市蘆竹區中興里9鄰興中街51號十一樓之1,68,6800500,6800500-036,9鄰,興中街,,,,,,51號十一樓之1,121.259875550763,25.0179626817337
桃園市蘆竹區中興里9鄰興中街51號十一樓之2,68,6800500,6800500-036,9鄰,興中街,,,,,,51號十一樓之2,121.259875550763,25.0179626817337
桃園市蘆竹區中興里9鄰興中街51號十二樓之1,68,6800500,6800500-036,9鄰,興中街,,,,,,51號十二樓之1,121.259875550763,25.0179626817337
桃園市蘆竹區中興里9鄰興中街51號十樓之1,68,6800500,6800500-036,9鄰,興中街,,,,,,51號十樓之1,121.259875550763,25.0179626817337
桃園市蘆竹區中興里9鄰興中街51號十樓之2,68,6800500,6800500-036,9鄰,興中街,,,,,,51號十樓之2,121.259875550763,25.0179626817337
桃園市蘆竹區中興里9鄰興中街51號三樓之1,68,6800500,6800500-036,9鄰,興中街,,,,,,51號三樓之1,121.259875550763,25.0179626817337
桃園市蘆竹區中興里9鄰興中街51號三樓之2,68,6800500,6800500-036,9鄰,興中街,,,,,,51號三樓之2,121.259875550763,25.0179626817337
桃園市蘆竹區中興里9鄰興中街51號五樓之1,68,6800500,6800500-036,9鄰,興中街,,,,,,51號五樓之1,121.259875550763,25.0179626817337
桃園市蘆竹區中興里9鄰興中街51號五樓之2,68,6800500,6800500-036,9鄰,興中街,,,,,,51號五樓之2,121.259875550763,25.0179626817337
桃園市蘆竹區中興里9鄰興中街51號九樓之1,68,6800500,6800500-036,9鄰,興中街,,,,,,51號九樓之1,121.259875550763,25.0179626817337
桃園市蘆竹區中興里9鄰興中街51號十二樓之2,68,6800500,6800500-036,9鄰,興中街,,,,,,51號十二樓之2,121.259875550763,25.0179626817337
桃園市蘆竹區中興里9鄰興中街53號七樓之1,68,6800500,6800500-036,9鄰,興中街,,,,,,53號七樓之1,121.259878872038,25.0177989025498
桃園市蘆竹區中興里9鄰興中街53號七樓之2,68,6800500,6800500-036,9鄰,興中街,,,,,,53號七樓之2,121.259878872038,25.0177989025498
桃園市蘆竹區中興里9鄰興中街53號七樓之3,68,6800500,6800500-036,9鄰,興中街,,,,,,53號七樓之3,121.259878872038,25.0177989025498
桃園市蘆竹區中興里9鄰興中街53號七樓之5,68,6800500,6800500-036,9鄰,興中街,,,,,,53號七樓之5,121.259878872038,25.0177989025498
桃園市蘆竹區中興里9鄰興中街53號九樓之1,68,6800500,6800500-036,9鄰,興中街,,,,,,53號九樓之1,121.259878872038,25.0177989025498
桃園市蘆竹區中興里9鄰興中街53號九樓之3,68,6800500,6800500-036,9鄰,興中街,,,,,,53號九樓之3,121.259878872038,25.0177989025498
桃園市蘆竹區中興里9鄰興中街53號九樓之5,68,6800500,6800500-036,9鄰,興中街,,,,,,53號九樓之5,121.259878872038,25.0177989025498
桃園市蘆竹區中興里9鄰興中街53號二樓之1,68,6800500,6800500-036,9鄰,興中街,,,,,,53號二樓之1,121.259878872038,25.0177989025498
桃園市蘆竹區中興里9鄰興中街53號二樓之2,68,6800500,6800500-036,9鄰,興中街,,,,,,53號二樓之2,121.259878872038,25.0177989025498
桃園市蘆竹區中興里9鄰興中街53號八樓之1,68,6800500,6800500-036,9鄰,興中街,,,,,,53號八樓之1,121.259878872038,25.0177989025498
桃園市蘆竹區中興里9鄰興中街53號八樓之2,68,6800500,6800500-036,9鄰,興中街,,,,,,53號八樓之2,121.259878872038,25.0177989025498
桃園市蘆竹區中興里9鄰興中街53號八樓之3,68,6800500,6800500-036,9鄰,興中街,,,,,,53號八樓之3,121.259878872038,25.0177989025498
桃園市蘆竹區中興里9鄰興中街53號十一樓之1,68,6800500,6800500-036,9鄰,興中街,,,,,,53號十一樓之1,121.259878872038,25.0177989025498
桃園市蘆竹區中興里9鄰興中街53號四樓之1,68,6800500,6800500-036,9鄰,興中街,,,,,,53號四樓之1,121.259878872038,25.0177989025498
桃園市蘆竹區中興里9鄰興中街53號十一樓之2,68,6800500,6800500-036,9鄰,興中街,,,,,,53號十一樓之2,121.259878872038,25.0177989025498
桃園市蘆竹區中興里9鄰興中街53號十一樓之3,68,6800500,6800500-036,9鄰,興中街,,,,,,53號十一樓之3,121.259878872038,25.0177989025498
桃園市蘆竹區中興里9鄰興中街53號十一樓之5,68,6800500,6800500-036,9鄰,興中街,,,,,,53號十一樓之5,121.259878872038,25.0177989025498
桃園市蘆竹區中興里9鄰興中街53號十二樓之1,68,6800500,6800500-036,9鄰,興中街,,,,,,53號十二樓之1,121.259878872038,25.0177989025498
桃園市蘆竹區中興里9鄰興中街53號十二樓之2,68,6800500,6800500-036,9鄰,興中街,,,,,,53號十二樓之2,121.259878872038,25.0177989025498
桃園市蘆竹區中興里9鄰興中街53號十二樓之3,68,6800500,6800500-036,9鄰,興中街,,,,,,53號十二樓之3,121.259878872038,25.0177989025498
桃園市蘆竹區中興里9鄰興中街53號五樓之5,68,6800500,6800500-036,9鄰,興中街,,,,,,53號五樓之5,121.259878872038,25.0177989025498
桃園市蘆竹區中興里9鄰興中街53號十樓之1,68,6800500,6800500-036,9鄰,興中街,,,,,,53號十樓之1,121.259878872038,25.0177989025498
桃園市蘆竹區中興里9鄰興中街53號十樓之2,68,6800500,6800500-036,9鄰,興中街,,,,,,53號十樓之2,121.259878872038,25.0177989025498
桃園市蘆竹區中興里9鄰興中街53號十樓之3,68,6800500,6800500-036,9鄰,興中街,,,,,,53號十樓之3,121.259878872038,25.0177989025498
桃園市蘆竹區中興里9鄰興中街53號十樓之5,68,6800500,6800500-036,9鄰,興中街,,,,,,53號十樓之5,121.259878872038,25.0177989025498
桃園市蘆竹區中興里9鄰興中街53號三樓之2,68,6800500,6800500-036,9鄰,興中街,,,,,,53號三樓之2,121.259878872038,25.0177989025498
桃園市蘆竹區中興里9鄰興中街53號三樓之1,68,6800500,6800500-036,9鄰,興中街,,,,,,53號三樓之1,121.259878872038,25.0177989025498
桃園市蘆竹區中興里9鄰興中街53號九樓之2,68,6800500,6800500-036,9鄰,興中街,,,,,,53號九樓之2,121.259878872038,25.0177989025498
桃園市蘆竹區中興里9鄰興中街53號八樓之5,68,6800500,6800500-036,9鄰,興中街,,,,,,53號八樓之5,121.259878872038,25.0177989025498
桃園市蘆竹區中興里9鄰興中街53號十二樓之5,68,6800500,6800500-036,9鄰,興中街,,,,,,53號十二樓之5,121.259878872038,25.0177989025498
桃園市蘆竹區中興里9鄰興中街53號三樓之3,68,6800500,6800500-036,9鄰,興中街,,,,,,53號三樓之3,121.259878872038,25.0177989025498
桃園市蘆竹區中興里9鄰興中街53號三樓之5,68,6800500,6800500-036,9鄰,興中街,,,,,,53號三樓之5,121.259878872038,25.0177989025498
桃園市蘆竹區中興里9鄰興中街53號五樓之1,68,6800500,6800500-036,9鄰,興中街,,,,,,53號五樓之1,121.259878872038,25.0177989025498
桃園市蘆竹區中興里9鄰興中街53號五樓之2,68,6800500,6800500-036,9鄰,興中街,,,,,,53號五樓之2,121.259878872038,25.0177989025498
桃園市蘆竹區中興里9鄰興中街53號五樓之3,68,6800500,6800500-036,9鄰,興中街,,,,,,53號五樓之3,121.259878872038,25.0177989025498
桃園市蘆竹區中興里9鄰興中街53號六樓之1,68,6800500,6800500-036,9鄰,興中街,,,,,,53號六樓之1,121.259878872038,25.0177989025498
桃園市蘆竹區中興里9鄰興中街53號六樓之2,68,6800500,6800500-036,9鄰,興中街,,,,,,53號六樓之2,121.259878872038,25.0177989025498
桃園市蘆竹區中興里9鄰興中街53號六樓之3,68,6800500,6800500-036,9鄰,興中街,,,,,,53號六樓之3,121.259878872038,25.0177989025498
桃園市蘆竹區中興里9鄰興中街53號六樓之5,68,6800500,6800500-036,9鄰,興中街,,,,,,53號六樓之5,121.259878872038,25.0177989025498
桃園市蘆竹區中興里9鄰興中街53號四樓之2,68,6800500,6800500-036,9鄰,興中街,,,,,,53號四樓之2,121.259878872038,25.0177989025498
桃園市蘆竹區中興里9鄰興中街53號四樓之3,68,6800500,6800500-036,9鄰,興中街,,,,,,53號四樓之3,121.259878872038,25.0177989025498
桃園市蘆竹區中興里9鄰興中街53號四樓之5,68,6800500,6800500-036,9鄰,興中街,,,,,,53號四樓之5,121.259878872038,25.0177989025498
桃園市蘆竹區中興里9鄰興中街55號二樓之1,68,6800500,6800500-036,9鄰,興中街,,,,,,55號二樓之1,121.259875322888,25.0177132301757
桃園市蘆竹區中興里9鄰興中街55號十樓之1,68,6800500,6800500-036,9鄰,興中街,,,,,,55號十樓之1,121.259875322888,25.0177132301757
桃園市蘆竹區中興里9鄰興中街55號六樓之1,68,6800500,6800500-036,9鄰,興中街,,,,,,55號六樓之1,121.259876682921,25.0176532798788
桃園市蘆竹區中興里9鄰興中街55號六樓之2,68,6800500,6800500-036,9鄰,興中街,,,,,,55號六樓之2,121.259876682921,25.0176532798788
桃園市蘆竹區中興里9鄰興中街55號四樓之1,68,6800500,6800500-036,9鄰,興中街,,,,,,55號四樓之1,121.259875322888,25.0177132301757
桃園市蘆竹區中興里9鄰興中街55號四樓之2,68,6800500,6800500-036,9鄰,興中街,,,,,,55號四樓之2,121.259876682921,25.0176532798788
桃園市蘆竹區中興里9鄰興中街55號七樓之1,68,6800500,6800500-036,9鄰,興中街,,,,,,55號七樓之1,121.259875322888,25.0177132301757
桃園市蘆竹區中興里9鄰興中街55號七樓之2,68,6800500,6800500-036,9鄰,興中街,,,,,,55號七樓之2,121.259876682921,25.0176532798788
桃園市蘆竹區中興里9鄰興中街55號九樓之1,68,6800500,6800500-036,9鄰,興中街,,,,,,55號九樓之1,121.259875322888,25.0177132301757
桃園市蘆竹區中興里9鄰興中街55號九樓之2,68,6800500,6800500-036,9鄰,興中街,,,,,,55號九樓之2,121.259876682921,25.0176532798788
桃園市蘆竹區中興里9鄰興中街55號二樓之2,68,6800500,6800500-036,9鄰,興中街,,,,,,55號二樓之2,121.259876682921,25.0176532798788
桃園市蘆竹區中興里9鄰興中街55號八樓之1,68,6800500,6800500-036,9鄰,興中街,,,,,,55號八樓之1,121.259875322888,25.0177132301757
桃園市蘆竹區中興里9鄰興中街55號八樓之2,68,6800500,6800500-036,9鄰,興中街,,,,,,55號八樓之2,121.259876682921,25.0176532798788
桃園市蘆竹區中興里9鄰興中街55號十一樓之1,68,6800500,6800500-036,9鄰,興中街,,,,,,55號十一樓之1,121.259875322888,25.0177132301757
桃園市蘆竹區中興里9鄰興中街55號十一樓之2,68,6800500,6800500-036,9鄰,興中街,,,,,,55號十一樓之2,121.259876682921,25.0176532798788
桃園市蘆竹區中興里9鄰興中街55號十二樓之1,68,6800500,6800500-036,9鄰,興中街,,,,,,55號十二樓之1,121.259875322888,25.0177132301757
桃園市蘆竹區中興里9鄰興中街55號十二樓之2,68,6800500,6800500-036,9鄰,興中街,,,,,,55號十二樓之2,121.259876682921,25.0176532798788
桃園市蘆竹區中興里9鄰興中街55號十樓之2,68,6800500,6800500-036,9鄰,興中街,,,,,,55號十樓之2,121.259876682921,25.0176532798788
桃園市蘆竹區中興里9鄰興中街55號三樓之1,68,6800500,6800500-036,9鄰,興中街,,,,,,55號三樓之1,121.259875322888,25.0177132301757
桃園市蘆竹區中興里9鄰興中街55號三樓之2,68,6800500,6800500-036,9鄰,興中街,,,,,,55號三樓之2,121.259876682921,25.0176532798788
桃園市蘆竹區中興里9鄰興中街55號五樓之1,68,6800500,6800500-036,9鄰,興中街,,,,,,55號五樓之1,121.259875322888,25.0177132301757
桃園市蘆竹區中興里9鄰興中街55號五樓之2,68,6800500,6800500-036,9鄰,興中街,,,,,,55號五樓之2,121.259876682921,25.0176532798788
桃園市蘆竹區中興里9鄰興中街57號八樓之2,68,6800500,6800500-036,9鄰,興中街,,,,,,57號八樓之2,121.259870947963,25.0175176848168
桃園市蘆竹區中興里9鄰興中街57號三樓之2,68,6800500,6800500-036,9鄰,興中街,,,,,,57號三樓之2,121.259870947963,25.0175176848168
桃園市蘆竹區中興里9鄰興中街57號二樓,68,6800500,6800500-036,9鄰,興中街,,,,,,57號二樓,121.259870947963,25.0175176848168
桃園市蘆竹區中興里9鄰興中街57號七樓之1,68,6800500,6800500-036,9鄰,興中街,,,,,,57號七樓之1,121.259912345852,25.0175559827382
桃園市蘆竹區中興里9鄰興中街57號七樓之2,68,6800500,6800500-036,9鄰,興中街,,,,,,57號七樓之2,121.259870947963,25.0175176848168
桃園市蘆竹區中興里9鄰興中街57號九樓之1,68,6800500,6800500-036,9鄰,興中街,,,,,,57號九樓之1,121.259912345852,25.0175559827382
桃園市蘆竹區中興里9鄰興中街57號九樓之2,68,6800500,6800500-036,9鄰,興中街,,,,,,57號九樓之2,121.259870947963,25.0175176848168
桃園市蘆竹區中興里9鄰興中街57號八樓之1,68,6800500,6800500-036,9鄰,興中街,,,,,,57號八樓之1,121.259912345852,25.0175559827382
桃園市蘆竹區中興里9鄰興中街57號十一樓之1,68,6800500,6800500-036,9鄰,興中街,,,,,,57號十一樓之1,121.259912345852,25.0175559827382
桃園市蘆竹區中興里9鄰興中街57號十一樓之2,68,6800500,6800500-036,9鄰,興中街,,,,,,57號十一樓之2,121.259870947963,25.0175176848168
桃園市蘆竹區中興里9鄰興中街57號十二樓之1,68,6800500,6800500-036,9鄰,興中街,,,,,,57號十二樓之1,121.259912345852,25.0175559827382
桃園市蘆竹區中興里9鄰興中街57號十二樓之2,68,6800500,6800500-036,9鄰,興中街,,,,,,57號十二樓之2,121.259870947963,25.0175176848168
桃園市蘆竹區中興里9鄰興中街57號十樓之1,68,6800500,6800500-036,9鄰,興中街,,,,,,57號十樓之1,121.259912345852,25.0175559827382
桃園市蘆竹區中興里9鄰興中街57號十樓之2,68,6800500,6800500-036,9鄰,興中街,,,,,,57號十樓之2,121.259870947963,25.0175176848168
桃園市蘆竹區中興里9鄰興中街57號三樓之1,68,6800500,6800500-036,9鄰,興中街,,,,,,57號三樓之1,121.259912345852,25.0175559827382
桃園市蘆竹區中興里9鄰興中街57號五樓之1,68,6800500,6800500-036,9鄰,興中街,,,,,,57號五樓之1,121.259912345852,25.0175559827382
桃園市蘆竹區中興里9鄰興中街57號五樓之2,68,6800500,6800500-036,9鄰,興中街,,,,,,57號五樓之2,121.259870947963,25.0175176848168
桃園市蘆竹區中興里9鄰興中街57號六樓之1,68,6800500,6800500-036,9鄰,興中街,,,,,,57號六樓之1,121.259912345852,25.0175559827382
桃園市蘆竹區中興里9鄰興中街57號六樓之2,68,6800500,6800500-036,9鄰,興中街,,,,,,57號六樓之2,121.259870947963,25.0175176848168
桃園市蘆竹區中興里9鄰興中街57號四樓之1,68,6800500,6800500-036,9鄰,興中街,,,,,,57號四樓之1,121.259912345852,25.0175559827382
桃園市蘆竹區中興里9鄰興中街57號四樓之2,68,6800500,6800500-036,9鄰,興中街,,,,,,57號四樓之2,121.259870947963,25.0175176848168
桃園市蘆竹區中興里9鄰興中街59號六樓之2,68,6800500,6800500-036,9鄰,興中街,,,,,,59號六樓之2,121.259740265923,25.0175211633487
桃園市蘆竹區中興里9鄰興中街59號十一樓之2,68,6800500,6800500-036,9鄰,興中街,,,,,,59號十一樓之2,121.259740265923,25.0175211633487
桃園市蘆竹區中興里9鄰興中街59號十二樓之1,68,6800500,6800500-036,9鄰,興中街,,,,,,59號十二樓之1,121.259793519583,25.0175432799328
桃園市蘆竹區中興里9鄰興中街59號十二樓之2,68,6800500,6800500-036,9鄰,興中街,,,,,,59號十二樓之2,121.259740265923,25.0175211633487
桃園市蘆竹區中興里9鄰興中街59號十樓之1,68,6800500,6800500-036,9鄰,興中街,,,,,,59號十樓之1,121.259793519583,25.0175432799328
桃園市蘆竹區中興里9鄰興中街59號十樓之2,68,6800500,6800500-036,9鄰,興中街,,,,,,59號十樓之2,121.259740265923,25.0175211633487
桃園市蘆竹區中興里9鄰興中街59號三樓之1,68,6800500,6800500-036,9鄰,興中街,,,,,,59號三樓之1,121.259793519583,25.0175432799328
桃園市蘆竹區中興里9鄰興中街59號三樓之2,68,6800500,6800500-036,9鄰,興中街,,,,,,59號三樓之2,121.259740265923,25.0175211633487
桃園市蘆竹區中興里9鄰興中街59號五樓之1,68,6800500,6800500-036,9鄰,興中街,,,,,,59號五樓之1,121.259793519583,25.0175432799328
桃園市蘆竹區中興里9鄰興中街59號五樓之2,68,6800500,6800500-036,9鄰,興中街,,,,,,59號五樓之2,121.259740265923,25.0175211633487
桃園市蘆竹區中興里9鄰興中街59號六樓之1,68,6800500,6800500-036,9鄰,興中街,,,,,,59號六樓之1,121.259793519583,25.0175432799328
桃園市蘆竹區中興里9鄰興中街59號四樓之1,68,6800500,6800500-036,9鄰,興中街,,,,,,59號四樓之1,121.259793519583,25.0175432799328
桃園市蘆竹區中興里9鄰興中街59號四樓之2,68,6800500,6800500-036,9鄰,興中街,,,,,,59號四樓之2,121.259740265923,25.0175211633487
桃園市蘆竹區中興里9鄰興中街59號七樓之2,68,6800500,6800500-036,9鄰,興中街,,,,,,59號七樓之2,121.259740265923,25.0175211633487
桃園市蘆竹區中興里9鄰興中街59號七樓之1,68,6800500,6800500-036,9鄰,興中街,,,,,,59號七樓之1,121.259793519583,25.0175432799328
桃園市蘆竹區中興里9鄰興中街59號九樓之1,68,6800500,6800500-036,9鄰,興中街,,,,,,59號九樓之1,121.259793519583,25.0175432799328
桃園市蘆竹區中興里9鄰興中街59號九樓之2,68,6800500,6800500-036,9鄰,興中街,,,,,,59號九樓之2,121.259740265923,25.0175211633487
桃園市蘆竹區中興里9鄰興中街59號八樓之1,68,6800500,6800500-036,9鄰,興中街,,,,,,59號八樓之1,121.259793519583,25.0175432799328
桃園市蘆竹區中興里9鄰興中街59號八樓之2,68,6800500,6800500-036,9鄰,興中街,,,,,,59號八樓之2,121.259740265923,25.0175211633487
桃園市蘆竹區中興里9鄰興中街59號十一樓之1,68,6800500,6800500-036,9鄰,興中街,,,,,,59號十一樓之1,121.259793519583,25.0175432799328
桃園市蘆竹區中興里9鄰興中街61號,68,6800500,6800500-036,9鄰,興中街,,,,,,61號,121.259633192884,25.0178203676931
桃園市蘆竹區中興里9鄰興中街61號四樓之5,68,6800500,6800500-036,9鄰,興中街,,,,,,61號四樓之5,121.259714444329,25.0178222120178
桃園市蘆竹區中興里9鄰興中街61號九樓之1,68,6800500,6800500-036,9鄰,興中街,,,,,,61號九樓之1,121.259633192884,25.0178203676931
桃園市蘆竹區中興里9鄰興中街61號八樓之5,68,6800500,6800500-036,9鄰,興中街,,,,,,61號八樓之5,121.259714444329,25.0178222120178
桃園市蘆竹區中興里9鄰興中街61號七樓之1,68,6800500,6800500-036,9鄰,興中街,,,,,,61號七樓之1,121.259633192884,25.0178203676931
桃園市蘆竹區中興里9鄰興中街61號七樓之2,68,6800500,6800500-036,9鄰,興中街,,,,,,61號七樓之2,121.259628848876,25.017874906217
桃園市蘆竹區中興里9鄰興中街61號七樓之3,68,6800500,6800500-036,9鄰,興中街,,,,,,61號七樓之3,121.259716043952,25.017876108181
桃園市蘆竹區中興里9鄰興中街61號七樓之5,68,6800500,6800500-036,9鄰,興中街,,,,,,61號七樓之5,121.259714444329,25.0178222120178
桃園市蘆竹區中興里9鄰興中街61號九樓之2,68,6800500,6800500-036,9鄰,興中街,,,,,,61號九樓之2,121.259628848876,25.017874906217
桃園市蘆竹區中興里9鄰興中街61號九樓之3,68,6800500,6800500-036,9鄰,興中街,,,,,,61號九樓之3,121.259716043952,25.017876108181
桃園市蘆竹區中興里9鄰興中街61號九樓之5,68,6800500,6800500-036,9鄰,興中街,,,,,,61號九樓之5,121.259714444329,25.0178222120178
桃園市蘆竹區中興里9鄰興中街61號二樓,68,6800500,6800500-036,9鄰,興中街,,,,,,61號二樓,121.259633192884,25.0178203676931
桃園市蘆竹區中興里9鄰興中街61號八樓之1,68,6800500,6800500-036,9鄰,興中街,,,,,,61號八樓之1,121.259633192884,25.0178203676931
桃園市蘆竹區中興里9鄰興中街61號八樓之2,68,6800500,6800500-036,9鄰,興中街,,,,,,61號八樓之2,121.259628848876,25.017874906217
桃園市蘆竹區中興里9鄰興中街61號八樓之3,68,6800500,6800500-036,9鄰,興中街,,,,,,61號八樓之3,121.259716043952,25.017876108181
桃園市蘆竹區中興里9鄰興中街61號十一樓之1,68,6800500,6800500-036,9鄰,興中街,,,,,,61號十一樓之1,121.259633192884,25.0178203676931
桃園市蘆竹區中興里9鄰興中街61號十一樓之2,68,6800500,6800500-036,9鄰,興中街,,,,,,61號十一樓之2,121.259628848876,25.017874906217
桃園市蘆竹區中興里9鄰興中街61號十一樓之3,68,6800500,6800500-036,9鄰,興中街,,,,,,61號十一樓之3,121.259716043952,25.017876108181
桃園市蘆竹區中興里9鄰興中街61號十一樓之5,68,6800500,6800500-036,9鄰,興中街,,,,,,61號十一樓之5,121.259714444329,25.0178222120178
桃園市蘆竹區中興里9鄰興中街61號十二樓之1,68,6800500,6800500-036,9鄰,興中街,,,,,,61號十二樓之1,121.259633192884,25.0178203676931
桃園市蘆竹區中興里9鄰興中街61號十二樓之2,68,6800500,6800500-036,9鄰,興中街,,,,,,61號十二樓之2,121.259628848876,25.017874906217
桃園市蘆竹區中興里9鄰興中街61號十二樓之3,68,6800500,6800500-036,9鄰,興中街,,,,,,61號十二樓之3,121.259716043952,25.017876108181
桃園市蘆竹區中興里9鄰興中街61號十二樓之5,68,6800500,6800500-036,9鄰,興中街,,,,,,61號十二樓之5,121.259714444329,25.0178222120178
桃園市蘆竹區中興里9鄰興中街61號十樓之1,68,6800500,6800500-036,9鄰,興中街,,,,,,61號十樓之1,121.259633192884,25.0178203676931
桃園市蘆竹區中興里9鄰興中街61號十樓之2,68,6800500,6800500-036,9鄰,興中街,,,,,,61號十樓之2,121.259628848876,25.017874906217
桃園市蘆竹區中興里9鄰興中街61號十樓之3,68,6800500,6800500-036,9鄰,興中街,,,,,,61號十樓之3,121.259716043952,25.017876108181
桃園市蘆竹區中興里9鄰興中街61號十樓之5,68,6800500,6800500-036,9鄰,興中街,,,,,,61號十樓之5,121.259714444329,25.0178222120178
桃園市蘆竹區中興里9鄰興中街61號三樓之1,68,6800500,6800500-036,9鄰,興中街,,,,,,61號三樓之1,121.259633192884,25.0178203676931
桃園市蘆竹區中興里9鄰興中街61號三樓之2,68,6800500,6800500-036,9鄰,興中街,,,,,,61號三樓之2,121.259628848876,25.017874906217
桃園市蘆竹區中興里9鄰興中街61號三樓之3,68,6800500,6800500-036,9鄰,興中街,,,,,,61號三樓之3,121.259716043952,25.017876108181
桃園市蘆竹區中興里9鄰興中街61號三樓之5,68,6800500,6800500-036,9鄰,興中街,,,,,,61號三樓之5,121.259714444329,25.0178222120178
桃園市蘆竹區中興里9鄰興中街61號五樓之2,68,6800500,6800500-036,9鄰,興中街,,,,,,61號五樓之2,121.259628848876,25.017874906217
桃園市蘆竹區中興里9鄰興中街61號五樓之3,68,6800500,6800500-036,9鄰,興中街,,,,,,61號五樓之3,121.259716043952,25.017876108181
桃園市蘆竹區中興里9鄰興中街61號五樓之1,68,6800500,6800500-036,9鄰,興中街,,,,,,61號五樓之1,121.259633192884,25.0178203676931
桃園市蘆竹區中興里9鄰興中街61號五樓之5,68,6800500,6800500-036,9鄰,興中街,,,,,,61號五樓之5,121.259714444329,25.0178222120178
桃園市蘆竹區中興里9鄰興中街61號四樓之1,68,6800500,6800500-036,9鄰,興中街,,,,,,61號四樓之1,121.259633192884,25.0178203676931
桃園市蘆竹區中興里9鄰興中街61號六樓之1,68,6800500,6800500-036,9鄰,興中街,,,,,,61號六樓之1,121.259633192884,25.0178203676931
桃園市蘆竹區中興里9鄰興中街61號六樓之2,68,6800500,6800500-036,9鄰,興中街,,,,,,61號六樓之2,121.259628848876,25.017874906217
桃園市蘆竹區中興里9鄰興中街61號六樓之3,68,6800500,6800500-036,9鄰,興中街,,,,,,61號六樓之3,121.259716043952,25.017876108181
桃園市蘆竹區中興里9鄰興中街61號六樓之5,68,6800500,6800500-036,9鄰,興中街,,,,,,61號六樓之5,121.259714444329,25.0178222120178
桃園市蘆竹區中興里9鄰興中街61號四樓之2,68,6800500,6800500-036,9鄰,興中街,,,,,,61號四樓之2,121.259628848876,25.017874906217
桃園市蘆竹區中興里9鄰興中街61號四樓之3,68,6800500,6800500-036,9鄰,興中街,,,,,,61號四樓之3,121.259716043952,25.017876108181
桃園市蘆竹區中興里9鄰興中街63號,68,6800500,6800500-036,9鄰,興中街,,,,,,63號,121.259625625912,25.0176615730877
桃園市蘆竹區中興里9鄰興中街63號七樓之1,68,6800500,6800500-036,9鄰,興中街,,,,,,63號七樓之1,121.259625625912,25.0176615730877
桃園市蘆竹區中興里9鄰興中街63號七樓之2,68,6800500,6800500-036,9鄰,興中街,,,,,,63號七樓之2,121.259625791669,25.0177403898683
桃園市蘆竹區中興里9鄰興中街63號二樓,68,6800500,6800500-036,9鄰,興中街,,,,,,63號二樓,121.259625625912,25.0176615730877
桃園市蘆竹區中興里9鄰興中街63號八樓之1,68,6800500,6800500-036,9鄰,興中街,,,,,,63號八樓之1,121.259625625912,25.0176615730877
桃園市蘆竹區中興里9鄰興中街63號八樓之2,68,6800500,6800500-036,9鄰,興中街,,,,,,63號八樓之2,121.259625791669,25.0177403898683
桃園市蘆竹區中興里9鄰興中街63號十一樓之1,68,6800500,6800500-036,9鄰,興中街,,,,,,63號十一樓之1,121.259625625912,25.0176615730877
桃園市蘆竹區中興里9鄰興中街63號十一樓之2,68,6800500,6800500-036,9鄰,興中街,,,,,,63號十一樓之2,121.259625791669,25.0177403898683
桃園市蘆竹區中興里9鄰興中街63號十二樓之1,68,6800500,6800500-036,9鄰,興中街,,,,,,63號十二樓之1,121.259625625912,25.0176615730877
桃園市蘆竹區中興里9鄰興中街63號十二樓之2,68,6800500,6800500-036,9鄰,興中街,,,,,,63號十二樓之2,121.259625791669,25.0177403898683
桃園市蘆竹區中興里9鄰興中街63號十樓之1,68,6800500,6800500-036,9鄰,興中街,,,,,,63號十樓之1,121.259625625912,25.0176615730877
桃園市蘆竹區中興里9鄰興中街63號十樓之2,68,6800500,6800500-036,9鄰,興中街,,,,,,63號十樓之2,121.259625791669,25.0177403898683
桃園市蘆竹區中興里9鄰興中街63號三樓之1,68,6800500,6800500-036,9鄰,興中街,,,,,,63號三樓之1,121.259625625912,25.0176615730877
桃園市蘆竹區中興里9鄰興中街63號三樓之2,68,6800500,6800500-036,9鄰,興中街,,,,,,63號三樓之2,121.259625791669,25.0177403898683
桃園市蘆竹區中興里9鄰興中街63號五樓之1,68,6800500,6800500-036,9鄰,興中街,,,,,,63號五樓之1,121.259625625912,25.0176615730877
桃園市蘆竹區中興里9鄰興中街63號五樓之2,68,6800500,6800500-036,9鄰,興中街,,,,,,63號五樓之2,121.259625791669,25.0177403898683
桃園市蘆竹區中興里9鄰興中街63號六樓之1,68,6800500,6800500-036,9鄰,興中街,,,,,,63號六樓之1,121.259625625912,25.0176615730877
桃園市蘆竹區中興里9鄰興中街63號六樓之2,68,6800500,6800500-036,9鄰,興中街,,,,,,63號六樓之2,121.259625791669,25.0177403898683
桃園市蘆竹區中興里9鄰興中街63號四樓之2,68,6800500,6800500-036,9鄰,興中街,,,,,,63號四樓之2,121.259625791669,25.0177403898683
桃園市蘆竹區中興里9鄰興中街63號四樓之1,68,6800500,6800500-036,9鄰,興中街,,,,,,63號四樓之1,121.259625625912,25.0176615730877
桃園市蘆竹區中興里9鄰興中街63號九樓之1,68,6800500,6800500-036,9鄰,興中街,,,,,,63號九樓之1,121.259625625912,25.0176615730877
桃園市蘆竹區中興里9鄰興中街63號九樓之2,68,6800500,6800500-036,9鄰,興中街,,,,,,63號九樓之2,121.259625791669,25.0177403898683
桃園市蘆竹區中興里9鄰興中街65號,68,6800500,6800500-036,9鄰,興中街,,,,,,65號,121.259615996523,25.017605704716
桃園市蘆竹區中興里9鄰興中街65號四樓之1,68,6800500,6800500-036,9鄰,興中街,,,,,,65號四樓之1,121.259615996523,25.017605704716
桃園市蘆竹區中興里9鄰興中街65號四樓之2,68,6800500,6800500-036,9鄰,興中街,,,,,,65號四樓之2,121.259615996523,25.017605704716
桃園市蘆竹區中興里9鄰興中街65號七樓之1,68,6800500,6800500-036,9鄰,興中街,,,,,,65號七樓之1,121.259615996523,25.017605704716
桃園市蘆竹區中興里9鄰興中街65號七樓之2,68,6800500,6800500-036,9鄰,興中街,,,,,,65號七樓之2,121.259615996523,25.017605704716
桃園市蘆竹區中興里9鄰興中街65號九樓之1,68,6800500,6800500-036,9鄰,興中街,,,,,,65號九樓之1,121.259615996523,25.017605704716
桃園市蘆竹區中興里9鄰興中街65號九樓之2,68,6800500,6800500-036,9鄰,興中街,,,,,,65號九樓之2,121.259615996523,25.017605704716
桃園市蘆竹區中興里9鄰興中街65號二樓,68,6800500,6800500-036,9鄰,興中街,,,,,,65號二樓,121.259615996523,25.017605704716
桃園市蘆竹區中興里9鄰興中街65號八樓之2,68,6800500,6800500-036,9鄰,興中街,,,,,,65號八樓之2,121.259615996523,25.017605704716
桃園市蘆竹區中興里9鄰興中街65號十一樓之1,68,6800500,6800500-036,9鄰,興中街,,,,,,65號十一樓之1,121.259615996523,25.017605704716
桃園市蘆竹區中興里9鄰興中街65號十一樓之2,68,6800500,6800500-036,9鄰,興中街,,,,,,65號十一樓之2,121.259615996523,25.017605704716
桃園市蘆竹區中興里9鄰興中街65號十樓之2,68,6800500,6800500-036,9鄰,興中街,,,,,,65號十樓之2,121.259615996523,25.017605704716
桃園市蘆竹區中興里9鄰興中街65號三樓之1,68,6800500,6800500-036,9鄰,興中街,,,,,,65號三樓之1,121.259615996523,25.017605704716
桃園市蘆竹區中興里9鄰興中街65號五樓之1,68,6800500,6800500-036,9鄰,興中街,,,,,,65號五樓之1,121.259615996523,25.017605704716
桃園市蘆竹區中興里9鄰興中街65號五樓之2,68,6800500,6800500-036,9鄰,興中街,,,,,,65號五樓之2,121.259615996523,25.017605704716
桃園市蘆竹區中興里9鄰興中街65號六樓之1,68,6800500,6800500-036,9鄰,興中街,,,,,,65號六樓之1,121.259615996523,25.017605704716
桃園市蘆竹區中興里9鄰興中街65號六樓之2,68,6800500,6800500-036,9鄰,興中街,,,,,,65號六樓之2,121.259615996523,25.017605704716
桃園市蘆竹區中興里9鄰興中街65號八樓之1,68,6800500,6800500-036,9鄰,興中街,,,,,,65號八樓之1,121.259615996523,25.017605704716
桃園市蘆竹區中興里9鄰興中街65號三樓之2,68,6800500,6800500-036,9鄰,興中街,,,,,,65號三樓之2,121.259615996523,25.017605704716
桃園市蘆竹區中興里9鄰興中街65號十樓之1,68,6800500,6800500-036,9鄰,興中街,,,,,,65號十樓之1,121.259615996523,25.017605704716
桃園市蘆竹區中興里9鄰興中街67號,68,6800500,6800500-036,9鄰,興中街,,,,,,67號,121.259634395336,25.017544099574
桃園市蘆竹區中興里9鄰興中街67號七樓之1,68,6800500,6800500-036,9鄰,興中街,,,,,,67號七樓之1,121.25967569384,25.0175351797186
桃園市蘆竹區中興里9鄰興中街67號七樓之2,68,6800500,6800500-036,9鄰,興中街,,,,,,67號七樓之2,121.259634395336,25.017544099574
桃園市蘆竹區中興里9鄰興中街67號九樓之1,68,6800500,6800500-036,9鄰,興中街,,,,,,67號九樓之1,121.25967569384,25.0175351797186
桃園市蘆竹區中興里9鄰興中街67號九樓之2,68,6800500,6800500-036,9鄰,興中街,,,,,,67號九樓之2,121.259634395336,25.017544099574
桃園市蘆竹區中興里9鄰興中街67號八樓之1,68,6800500,6800500-036,9鄰,興中街,,,,,,67號八樓之1,121.25967569384,25.0175351797186
桃園市蘆竹區中興里9鄰興中街67號八樓之2,68,6800500,6800500-036,9鄰,興中街,,,,,,67號八樓之2,121.259634395336,25.017544099574
桃園市蘆竹區中興里9鄰興中街67號十一樓之1,68,6800500,6800500-036,9鄰,興中街,,,,,,67號十一樓之1,121.25967569384,25.0175351797186
桃園市蘆竹區中興里9鄰興中街67號十一樓之2,68,6800500,6800500-036,9鄰,興中街,,,,,,67號十一樓之2,121.259634395336,25.017544099574
桃園市蘆竹區中興里9鄰興中街67號十二樓之2,68,6800500,6800500-036,9鄰,興中街,,,,,,67號十二樓之2,121.259634395336,25.017544099574
桃園市蘆竹區中興里9鄰興中街67號十樓之1,68,6800500,6800500-036,9鄰,興中街,,,,,,67號十樓之1,121.25967569384,25.0175351797186
桃園市蘆竹區中興里9鄰興中街67號三樓之1,68,6800500,6800500-036,9鄰,興中街,,,,,,67號三樓之1,121.25967569384,25.0175351797186
桃園市蘆竹區中興里9鄰興中街67號三樓之2,68,6800500,6800500-036,9鄰,興中街,,,,,,67號三樓之2,121.259634395336,25.017544099574
桃園市蘆竹區中興里9鄰興中街67號五樓之1,68,6800500,6800500-036,9鄰,興中街,,,,,,67號五樓之1,121.25967569384,25.0175351797186
桃園市蘆竹區中興里9鄰興中街67號五樓之2,68,6800500,6800500-036,9鄰,興中街,,,,,,67號五樓之2,121.259634395336,25.017544099574
桃園市蘆竹區中興里9鄰興中街67號六樓之1,68,6800500,6800500-036,9鄰,興中街,,,,,,67號六樓之1,121.25967569384,25.0175351797186
桃園市蘆竹區中興里9鄰興中街67號六樓之2,68,6800500,6800500-036,9鄰,興中街,,,,,,67號六樓之2,121.259634395336,25.017544099574
桃園市蘆竹區中興里9鄰興中街67號四樓之1,68,6800500,6800500-036,9鄰,興中街,,,,,,67號四樓之1,121.25967569384,25.0175351797186
桃園市蘆竹區中興里9鄰興中街67號十二樓之1,68,6800500,6800500-036,9鄰,興中街,,,,,,67號十二樓之1,121.25967569384,25.0175351797186
桃園市蘆竹區中興里9鄰興中街67號二樓,68,6800500,6800500-036,9鄰,興中街,,,,,,67號二樓,121.259634395336,25.017544099574
桃園市蘆竹區中興里9鄰興中街67號十樓之2,68,6800500,6800500-036,9鄰,興中街,,,,,,67號十樓之2,121.259634395336,25.017544099574
桃園市蘆竹區中興里9鄰興中街67號四樓之2,68,6800500,6800500-036,9鄰,興中街,,,,,,67號四樓之2,121.259634395336,25.017544099574
桃園市蘆竹區中興里7鄰興中街88巷1號十樓,68,6800500,6800500-036,7鄰,興中街,,88巷,,,,1號十樓,121.259310146917,25.0182271147002
桃園市蘆竹區中興里7鄰興中街88巷1號三樓,68,6800500,6800500-036,7鄰,興中街,,88巷,,,,1號三樓,121.259310146917,25.0182271147002
桃園市蘆竹區中興里7鄰興中街88巷1號四樓,68,6800500,6800500-036,7鄰,興中街,,88巷,,,,1號四樓,121.259310146917,25.0182271147002
桃園市蘆竹區中興里7鄰興中街88巷1號五樓,68,6800500,6800500-036,7鄰,興中街,,88巷,,,,1號五樓,121.259310146917,25.0182271147002
桃園市蘆竹區中興里7鄰興中街88巷1號六樓,68,6800500,6800500-036,7鄰,興中街,,88巷,,,,1號六樓,121.259310146917,25.0182271147002
桃園市蘆竹區中興里7鄰興中街88巷1號七樓,68,6800500,6800500-036,7鄰,興中街,,88巷,,,,1號七樓,121.259310146917,25.0182271147002
桃園市蘆竹區中興里7鄰興中街88巷1號八樓,68,6800500,6800500-036,7鄰,興中街,,88巷,,,,1號八樓,121.259310146917,25.0182271147002
桃園市蘆竹區中興里7鄰興中街88巷1號九樓,68,6800500,6800500-036,7鄰,興中街,,88巷,,,,1號九樓,121.259310146917,25.0182271147002
桃園市蘆竹區中興里7鄰興中街88巷1號十一樓,68,6800500,6800500-036,7鄰,興中街,,88巷,,,,1號十一樓,121.259310146917,25.0182271147002
桃園市蘆竹區中興里7鄰興中街88巷1號十二樓,68,6800500,6800500-036,7鄰,興中街,,88巷,,,,1號十二樓,121.259310146917,25.0182271147002
桃園市蘆竹區中興里7鄰興中街88巷1號十三樓,68,6800500,6800500-036,7鄰,興中街,,88巷,,,,1號十三樓,121.259310146917,25.0182271147002
桃園市蘆竹區中興里7鄰興中街88巷1號十四樓,68,6800500,6800500-036,7鄰,興中街,,88巷,,,,1號十四樓,121.259310146917,25.0182271147002
桃園市蘆竹區中興里7鄰興中街88巷1號十五樓,68,6800500,6800500-036,7鄰,興中街,,88巷,,,,1號十五樓,121.259310146917,25.0182271147002
桃園市蘆竹區中興里7鄰興中街88巷1號十六樓,68,6800500,6800500-036,7鄰,興中街,,88巷,,,,1號十六樓,121.259310146917,25.0182271147002
桃園市蘆竹區中興里7鄰興中街88巷1號十七樓,68,6800500,6800500-036,7鄰,興中街,,88巷,,,,1號十七樓,121.259310146917,25.0182271147002
桃園市蘆竹區中興里7鄰興中街88巷1號十八樓,68,6800500,6800500-036,7鄰,興中街,,88巷,,,,1號十八樓,121.259310146917,25.0182271147002
桃園市蘆竹區中興里7鄰興中街88巷1號十九樓,68,6800500,6800500-036,7鄰,興中街,,88巷,,,,1號十九樓,121.259310146917,25.0182271147002
桃園市蘆竹區中興里7鄰興中街88巷1號二十樓,68,6800500,6800500-036,7鄰,興中街,,88巷,,,,1號二十樓,121.259310146917,25.0182271147002
桃園市蘆竹區中興里7鄰興中街88巷3號,68,6800500,6800500-036,7鄰,興中街,,88巷,,,,3號,121.259221970061,25.0182303380789
桃園市蘆竹區中興里7鄰興中街88巷3號十樓,68,6800500,6800500-036,7鄰,興中街,,88巷,,,,3號十樓,121.259221970061,25.0182303380789
桃園市蘆竹區中興里7鄰興中街88巷3號三樓,68,6800500,6800500-036,7鄰,興中街,,88巷,,,,3號三樓,121.259221970061,25.0182303380789
桃園市蘆竹區中興里7鄰興中街88巷3號四樓,68,6800500,6800500-036,7鄰,興中街,,88巷,,,,3號四樓,121.259221970061,25.0182303380789
桃園市蘆竹區中興里7鄰興中街88巷3號五樓,68,6800500,6800500-036,7鄰,興中街,,88巷,,,,3號五樓,121.259221970061,25.0182303380789
桃園市蘆竹區中興里7鄰興中街88巷3號六樓,68,6800500,6800500-036,7鄰,興中街,,88巷,,,,3號六樓,121.259221970061,25.0182303380789
桃園市蘆竹區中興里7鄰興中街88巷3號七樓,68,6800500,6800500-036,7鄰,興中街,,88巷,,,,3號七樓,121.259221970061,25.0182303380789
桃園市蘆竹區中興里7鄰興中街88巷3號八樓,68,6800500,6800500-036,7鄰,興中街,,88巷,,,,3號八樓,121.259221970061,25.0182303380789
桃園市蘆竹區中興里7鄰興中街88巷3號九樓,68,6800500,6800500-036,7鄰,興中街,,88巷,,,,3號九樓,121.259221970061,25.0182303380789
桃園市蘆竹區中興里7鄰興中街88巷3號十一樓,68,6800500,6800500-036,7鄰,興中街,,88巷,,,,3號十一樓,121.259221970061,25.0182303380789
桃園市蘆竹區中興里7鄰興中街88巷3號十二樓,68,6800500,6800500-036,7鄰,興中街,,88巷,,,,3號十二樓,121.259221970061,25.0182303380789
桃園市蘆竹區中興里7鄰興中街88巷3號十三樓,68,6800500,6800500-036,7鄰,興中街,,88巷,,,,3號十三樓,121.259221970061,25.0182303380789
桃園市蘆竹區中興里7鄰興中街88巷3號十四樓,68,6800500,6800500-036,7鄰,興中街,,88巷,,,,3號十四樓,121.259221970061,25.0182303380789
桃園市蘆竹區中興里7鄰興中街88巷3號十五樓,68,6800500,6800500-036,7鄰,興中街,,88巷,,,,3號十五樓,121.259221970061,25.0182303380789
桃園市蘆竹區中興里7鄰興中街88巷3號十六樓,68,6800500,6800500-036,7鄰,興中街,,88巷,,,,3號十六樓,121.259221970061,25.0182303380789
桃園市蘆竹區中興里7鄰興中街88巷3號十七樓,68,6800500,6800500-036,7鄰,興中街,,88巷,,,,3號十七樓,121.259221970061,25.0182303380789
桃園市蘆竹區中興里7鄰興中街88巷3號十八樓,68,6800500,6800500-036,7鄰,興中街,,88巷,,,,3號十八樓,121.259221970061,25.0182303380789
桃園市蘆竹區中興里7鄰興中街88巷3號十九樓,68,6800500,6800500-036,7鄰,興中街,,88巷,,,,3號十九樓,121.259221970061,25.0182303380789
桃園市蘆竹區中興里7鄰興中街88巷3號二十樓,68,6800500,6800500-036,7鄰,興中街,,88巷,,,,3號二十樓,121.259221970061,25.0182303380789
桃園市蘆竹區中興里7鄰興中街88巷5號,68,6800500,6800500-036,7鄰,興中街,,88巷,,,,5號,121.259127848257,25.0182335717662
桃園市蘆竹區中興里7鄰興中街88巷5號十樓,68,6800500,6800500-036,7鄰,興中街,,88巷,,,,5號十樓,121.259127848257,25.0182335717662
桃園市蘆竹區中興里7鄰興中街88巷5號三樓,68,6800500,6800500-036,7鄰,興中街,,88巷,,,,5號三樓,121.259127848257,25.0182335717662
桃園市蘆竹區中興里7鄰興中街88巷5號四樓,68,6800500,6800500-036,7鄰,興中街,,88巷,,,,5號四樓,121.259127848257,25.0182335717662
桃園市蘆竹區中興里7鄰興中街88巷5號五樓,68,6800500,6800500-036,7鄰,興中街,,88巷,,,,5號五樓,121.259127848257,25.0182335717662
桃園市蘆竹區中興里7鄰興中街88巷5號六樓,68,6800500,6800500-036,7鄰,興中街,,88巷,,,,5號六樓,121.259127848257,25.0182335717662
桃園市蘆竹區中興里7鄰興中街88巷5號七樓,68,6800500,6800500-036,7鄰,興中街,,88巷,,,,5號七樓,121.259127848257,25.0182335717662
桃園市蘆竹區中興里7鄰興中街88巷5號八樓,68,6800500,6800500-036,7鄰,興中街,,88巷,,,,5號八樓,121.259127848257,25.0182335717662
桃園市蘆竹區中興里7鄰興中街88巷5號九樓,68,6800500,6800500-036,7鄰,興中街,,88巷,,,,5號九樓,121.259127848257,25.0182335717662
桃園市蘆竹區中興里7鄰興中街88巷5號十一樓,68,6800500,6800500-036,7鄰,興中街,,88巷,,,,5號十一樓,121.259127848257,25.0182335717662
桃園市蘆竹區中興里7鄰興中街88巷5號十二樓,68,6800500,6800500-036,7鄰,興中街,,88巷,,,,5號十二樓,121.259127848257,25.0182335717662
桃園市蘆竹區中興里7鄰興中街88巷5號十三樓,68,6800500,6800500-036,7鄰,興中街,,88巷,,,,5號十三樓,121.259127848257,25.0182335717662
桃園市蘆竹區中興里7鄰興中街88巷5號十四樓,68,6800500,6800500-036,7鄰,興中街,,88巷,,,,5號十四樓,121.259127848257,25.0182335717662
桃園市蘆竹區中興里7鄰興中街88巷5號十五樓,68,6800500,6800500-036,7鄰,興中街,,88巷,,,,5號十五樓,121.259127848257,25.0182335717662
桃園市蘆竹區中興里7鄰興中街88巷5號十六樓,68,6800500,6800500-036,7鄰,興中街,,88巷,,,,5號十六樓,121.259127848257,25.0182335717662
桃園市蘆竹區中興里7鄰興中街88巷5號十七樓,68,6800500,6800500-036,7鄰,興中街,,88巷,,,,5號十七樓,121.259127848257,25.0182335717662
桃園市蘆竹區中興里7鄰興中街88巷5號十八樓,68,6800500,6800500-036,7鄰,興中街,,88巷,,,,5號十八樓,121.259127848257,25.0182335717662
桃園市蘆竹區中興里7鄰興中街88巷5號十九樓,68,6800500,6800500-036,7鄰,興中街,,88巷,,,,5號十九樓,121.259127848257,25.0182335717662
桃園市蘆竹區中興里7鄰興中街88巷5號二十樓,68,6800500,6800500-036,7鄰,興中街,,88巷,,,,5號二十樓,121.259127848257,25.0182335717662
桃園市蘆竹區中興里7鄰興中街88巷7號,68,6800500,6800500-036,7鄰,興中街,,88巷,,,,7號,121.259047795577,25.0182365100336
桃園市蘆竹區中興里7鄰興中街88巷9號十樓,68,6800500,6800500-036,7鄰,興中街,,88巷,,,,9號十樓,121.259224357932,25.0179991191284
桃園市蘆竹區中興里7鄰興中街88巷9號三樓,68,6800500,6800500-036,7鄰,興中街,,88巷,,,,9號三樓,121.259224357932,25.0179991191284
桃園市蘆竹區中興里7鄰興中街88巷9號四樓,68,6800500,6800500-036,7鄰,興中街,,88巷,,,,9號四樓,121.259224357932,25.0179991191284
桃園市蘆竹區中興里7鄰興中街88巷9號五樓,68,6800500,6800500-036,7鄰,興中街,,88巷,,,,9號五樓,121.259224357932,25.0179991191284
桃園市蘆竹區中興里7鄰興中街88巷9號六樓,68,6800500,6800500-036,7鄰,興中街,,88巷,,,,9號六樓,121.259224357932,25.0179991191284
桃園市蘆竹區中興里7鄰興中街88巷9號七樓,68,6800500,6800500-036,7鄰,興中街,,88巷,,,,9號七樓,121.259224357932,25.0179991191284
桃園市蘆竹區中興里7鄰興中街88巷9號八樓,68,6800500,6800500-036,7鄰,興中街,,88巷,,,,9號八樓,121.259224357932,25.0179991191284
桃園市蘆竹區中興里7鄰興中街88巷9號九樓,68,6800500,6800500-036,7鄰,興中街,,88巷,,,,9號九樓,121.259224357932,25.0179991191284
桃園市蘆竹區中興里7鄰興中街88巷9號十一樓,68,6800500,6800500-036,7鄰,興中街,,88巷,,,,9號十一樓,121.259224357932,25.0179991191284
桃園市蘆竹區中興里7鄰興中街88巷9號十二樓,68,6800500,6800500-036,7鄰,興中街,,88巷,,,,9號十二樓,121.259224357932,25.0179991191284
桃園市蘆竹區中興里7鄰興中街88巷9號十三樓,68,6800500,6800500-036,7鄰,興中街,,88巷,,,,9號十三樓,121.259224357932,25.0179991191284
桃園市蘆竹區中興里7鄰興中街88巷9號十四樓,68,6800500,6800500-036,7鄰,興中街,,88巷,,,,9號十四樓,121.259224357932,25.0179991191284
桃園市蘆竹區中興里7鄰興中街88巷9號十五樓,68,6800500,6800500-036,7鄰,興中街,,88巷,,,,9號十五樓,121.259224357932,25.0179991191284
桃園市蘆竹區中興里7鄰興中街88巷9號十六樓,68,6800500,6800500-036,7鄰,興中街,,88巷,,,,9號十六樓,121.259224357932,25.0179991191284
桃園市蘆竹區中興里7鄰興中街88巷9號十七樓,68,6800500,6800500-036,7鄰,興中街,,88巷,,,,9號十七樓,121.259224357932,25.0179991191284
桃園市蘆竹區中興里7鄰興中街88巷9號十八樓,68,6800500,6800500-036,7鄰,興中街,,88巷,,,,9號十八樓,121.259224357932,25.0179991191284
桃園市蘆竹區中興里7鄰興中街88巷9號十九樓,68,6800500,6800500-036,7鄰,興中街,,88巷,,,,9號十九樓,121.259224357932,25.0179991191284
桃園市蘆竹區中興里7鄰興中街88巷9號二十樓,68,6800500,6800500-036,7鄰,興中街,,88巷,,,,9號二十樓,121.259224357932,25.0179991191284
桃園市蘆竹區中興里7鄰興中街88巷11號十樓,68,6800500,6800500-036,7鄰,興中街,,88巷,,,,11號十樓,121.259306591968,25.0179969895097
桃園市蘆竹區中興里7鄰興中街88巷11號三樓,68,6800500,6800500-036,7鄰,興中街,,88巷,,,,11號三樓,121.259306591968,25.0179969895097
桃園市蘆竹區中興里7鄰興中街88巷11號四樓,68,6800500,6800500-036,7鄰,興中街,,88巷,,,,11號四樓,121.259306591968,25.0179969895097
桃園市蘆竹區中興里7鄰興中街88巷11號五樓,68,6800500,6800500-036,7鄰,興中街,,88巷,,,,11號五樓,121.259306591968,25.0179969895097
桃園市蘆竹區中興里7鄰興中街88巷11號六樓,68,6800500,6800500-036,7鄰,興中街,,88巷,,,,11號六樓,121.259306591968,25.0179969895097
桃園市蘆竹區中興里7鄰興中街88巷11號七樓,68,6800500,6800500-036,7鄰,興中街,,88巷,,,,11號七樓,121.259306591968,25.0179969895097
桃園市蘆竹區中興里7鄰興中街88巷11號八樓,68,6800500,6800500-036,7鄰,興中街,,88巷,,,,11號八樓,121.259306591968,25.0179969895097
桃園市蘆竹區中興里7鄰興中街88巷11號九樓,68,6800500,6800500-036,7鄰,興中街,,88巷,,,,11號九樓,121.259306591968,25.0179969895097
桃園市蘆竹區中興里7鄰興中街88巷11號十一樓,68,6800500,6800500-036,7鄰,興中街,,88巷,,,,11號十一樓,121.259306591968,25.0179969895097
桃園市蘆竹區中興里7鄰興中街88巷11號十二樓,68,6800500,6800500-036,7鄰,興中街,,88巷,,,,11號十二樓,121.259306591968,25.0179969895097
桃園市蘆竹區中興里7鄰興中街88巷11號十三樓,68,6800500,6800500-036,7鄰,興中街,,88巷,,,,11號十三樓,121.259306591968,25.0179969895097
桃園市蘆竹區中興里7鄰興中街88巷11號十四樓,68,6800500,6800500-036,7鄰,興中街,,88巷,,,,11號十四樓,121.259306591968,25.0179969895097
桃園市蘆竹區中興里7鄰興中街88巷11號十五樓,68,6800500,6800500-036,7鄰,興中街,,88巷,,,,11號十五樓,121.259306591968,25.0179969895097
桃園市蘆竹區中興里7鄰興中街88巷11號十六樓,68,6800500,6800500-036,7鄰,興中街,,88巷,,,,11號十六樓,121.259306591968,25.0179969895097
桃園市蘆竹區中興里7鄰興中街88巷11號十七樓,68,6800500,6800500-036,7鄰,興中街,,88巷,,,,11號十七樓,121.259306591968,25.0179969895097
桃園市蘆竹區中興里7鄰興中街88巷11號十八樓,68,6800500,6800500-036,7鄰,興中街,,88巷,,,,11號十八樓,121.259306591968,25.0179969895097
桃園市蘆竹區中興里7鄰興中街88巷11號十九樓,68,6800500,6800500-036,7鄰,興中街,,88巷,,,,11號十九樓,121.259306591968,25.0179969895097
桃園市蘆竹區中興里7鄰興中街88巷11號二十樓,68,6800500,6800500-036,7鄰,興中街,,88巷,,,,11號二十樓,121.259306591968,25.0179969895097
桃園市蘆竹區中興里7鄰興中街88巷13號十樓,68,6800500,6800500-036,7鄰,興中街,,88巷,,,,13號十樓,121.259320881822,25.0181017831621
桃園市蘆竹區中興里7鄰興中街88巷13號三樓,68,6800500,6800500-036,7鄰,興中街,,88巷,,,,13號三樓,121.259320881822,25.0181017831621
桃園市蘆竹區中興里7鄰興中街88巷13號四樓,68,6800500,6800500-036,7鄰,興中街,,88巷,,,,13號四樓,121.259320881822,25.0181017831621
桃園市蘆竹區中興里7鄰興中街88巷13號五樓,68,6800500,6800500-036,7鄰,興中街,,88巷,,,,13號五樓,121.259320881822,25.0181017831621
桃園市蘆竹區中興里7鄰興中街88巷13號六樓,68,6800500,6800500-036,7鄰,興中街,,88巷,,,,13號六樓,121.259320881822,25.0181017831621
桃園市蘆竹區中興里7鄰興中街88巷13號七樓,68,6800500,6800500-036,7鄰,興中街,,88巷,,,,13號七樓,121.259320881822,25.0181017831621
桃園市蘆竹區中興里7鄰興中街88巷13號八樓,68,6800500,6800500-036,7鄰,興中街,,88巷,,,,13號八樓,121.259320881822,25.0181017831621
桃園市蘆竹區中興里7鄰興中街88巷13號九樓,68,6800500,6800500-036,7鄰,興中街,,88巷,,,,13號九樓,121.259320881822,25.0181017831621
桃園市蘆竹區中興里7鄰興中街88巷13號十一樓,68,6800500,6800500-036,7鄰,興中街,,88巷,,,,13號十一樓,121.259320881822,25.0181017831621
桃園市蘆竹區中興里7鄰興中街88巷13號十二樓,68,6800500,6800500-036,7鄰,興中街,,88巷,,,,13號十二樓,121.259320881822,25.0181017831621
桃園市蘆竹區中興里7鄰興中街88巷13號十三樓,68,6800500,6800500-036,7鄰,興中街,,88巷,,,,13號十三樓,121.259320881822,25.0181017831621
桃園市蘆竹區中興里7鄰興中街88巷13號十四樓,68,6800500,6800500-036,7鄰,興中街,,88巷,,,,13號十四樓,121.259320881822,25.0181017831621
桃園市蘆竹區中興里7鄰興中街88巷13號十五樓,68,6800500,6800500-036,7鄰,興中街,,88巷,,,,13號十五樓,121.259320881822,25.0181017831621
桃園市蘆竹區中興里7鄰興中街88巷13號十六樓,68,6800500,6800500-036,7鄰,興中街,,88巷,,,,13號十六樓,121.259320881822,25.0181017831621
桃園市蘆竹區中興里7鄰興中街88巷13號十七樓,68,6800500,6800500-036,7鄰,興中街,,88巷,,,,13號十七樓,121.259320881822,25.0181017831621
桃園市蘆竹區中興里7鄰興中街88巷13號十八樓,68,6800500,6800500-036,7鄰,興中街,,88巷,,,,13號十八樓,121.259320881822,25.0181017831621
桃園市蘆竹區中興里7鄰興中街88巷13號十九樓,68,6800500,6800500-036,7鄰,興中街,,88巷,,,,13號十九樓,121.259320881822,25.0181017831621
桃園市蘆竹區中興里7鄰興中街88巷13號二十樓,68,6800500,6800500-036,7鄰,興中街,,88巷,,,,13號二十樓,121.259320881822,25.0181017831621
桃園市蘆竹區中興里7鄰興中街88巷15號十樓,68,6800500,6800500-036,7鄰,興中街,,88巷,,,,15號十樓,121.258971606157,25.0182389901141
桃園市蘆竹區中興里7鄰興中街88巷15號三樓,68,6800500,6800500-036,7鄰,興中街,,88巷,,,,15號三樓,121.258971606157,25.0182389901141
桃園市蘆竹區中興里7鄰興中街88巷15號四樓,68,6800500,6800500-036,7鄰,興中街,,88巷,,,,15號四樓,121.258971606157,25.0182389901141
桃園市蘆竹區中興里7鄰興中街88巷15號五樓,68,6800500,6800500-036,7鄰,興中街,,88巷,,,,15號五樓,121.258971606157,25.0182389901141
桃園市蘆竹區中興里7鄰興中街88巷15號六樓,68,6800500,6800500-036,7鄰,興中街,,88巷,,,,15號六樓,121.258971606157,25.0182389901141
桃園市蘆竹區中興里7鄰興中街88巷15號七樓,68,6800500,6800500-036,7鄰,興中街,,88巷,,,,15號七樓,121.258971606157,25.0182389901141
桃園市蘆竹區中興里7鄰興中街88巷15號八樓,68,6800500,6800500-036,7鄰,興中街,,88巷,,,,15號八樓,121.258971606157,25.0182389901141
桃園市蘆竹區中興里7鄰興中街88巷15號九樓,68,6800500,6800500-036,7鄰,興中街,,88巷,,,,15號九樓,121.258971606157,25.0182389901141
桃園市蘆竹區中興里7鄰興中街88巷15號十一樓,68,6800500,6800500-036,7鄰,興中街,,88巷,,,,15號十一樓,121.258971606157,25.0182389901141
桃園市蘆竹區中興里7鄰興中街88巷15號十二樓,68,6800500,6800500-036,7鄰,興中街,,88巷,,,,15號十二樓,121.258971606157,25.0182389901141
桃園市蘆竹區中興里7鄰興中街88巷15號十三樓,68,6800500,6800500-036,7鄰,興中街,,88巷,,,,15號十三樓,121.258971606157,25.0182389901141
桃園市蘆竹區中興里7鄰興中街88巷15號十四樓,68,6800500,6800500-036,7鄰,興中街,,88巷,,,,15號十四樓,121.258971606157,25.0182389901141
桃園市蘆竹區中興里7鄰興中街88巷15號十五樓,68,6800500,6800500-036,7鄰,興中街,,88巷,,,,15號十五樓,121.258971606157,25.0182389901141
桃園市蘆竹區中興里7鄰興中街88巷15號十六樓,68,6800500,6800500-036,7鄰,興中街,,88巷,,,,15號十六樓,121.258971606157,25.0182389901141
桃園市蘆竹區中興里7鄰興中街88巷15號十七樓,68,6800500,6800500-036,7鄰,興中街,,88巷,,,,15號十七樓,121.258971606157,25.0182389901141
桃園市蘆竹區中興里7鄰興中街88巷15號十八樓,68,6800500,6800500-036,7鄰,興中街,,88巷,,,,15號十八樓,121.258971606157,25.0182389901141
桃園市蘆竹區中興里7鄰興中街88巷15號十九樓,68,6800500,6800500-036,7鄰,興中街,,88巷,,,,15號十九樓,121.258971606157,25.0182389901141
桃園市蘆竹區中興里7鄰興中街88巷15號二十樓,68,6800500,6800500-036,7鄰,興中街,,88巷,,,,15號二十樓,121.258971606157,25.0182389901141
桃園市蘆竹區中興里7鄰興中街88巷17號十樓,68,6800500,6800500-036,7鄰,興中街,,88巷,,,,17號十樓,121.258894127906,25.0182411112677
桃園市蘆竹區中興里7鄰興中街88巷17號三樓,68,6800500,6800500-036,7鄰,興中街,,88巷,,,,17號三樓,121.258894127906,25.0182411112677
桃園市蘆竹區中興里7鄰興中街88巷17號四樓,68,6800500,6800500-036,7鄰,興中街,,88巷,,,,17號四樓,121.258894127906,25.0182411112677
桃園市蘆竹區中興里7鄰興中街88巷17號五樓,68,6800500,6800500-036,7鄰,興中街,,88巷,,,,17號五樓,121.258894127906,25.0182411112677
桃園市蘆竹區中興里7鄰興中街88巷17號六樓,68,6800500,6800500-036,7鄰,興中街,,88巷,,,,17號六樓,121.258894127906,25.0182411112677
桃園市蘆竹區中興里7鄰興中街88巷17號七樓,68,6800500,6800500-036,7鄰,興中街,,88巷,,,,17號七樓,121.258894127906,25.0182411112677
桃園市蘆竹區中興里7鄰興中街88巷17號八樓,68,6800500,6800500-036,7鄰,興中街,,88巷,,,,17號八樓,121.258894127906,25.0182411112677
桃園市蘆竹區中興里7鄰興中街88巷17號九樓,68,6800500,6800500-036,7鄰,興中街,,88巷,,,,17號九樓,121.258894127906,25.0182411112677
桃園市蘆竹區中興里7鄰興中街88巷17號十一樓,68,6800500,6800500-036,7鄰,興中街,,88巷,,,,17號十一樓,121.258894127906,25.0182411112677
桃園市蘆竹區中興里7鄰興中街88巷17號十二樓,68,6800500,6800500-036,7鄰,興中街,,88巷,,,,17號十二樓,121.258894127906,25.0182411112677
桃園市蘆竹區中興里7鄰興中街88巷17號十三樓,68,6800500,6800500-036,7鄰,興中街,,88巷,,,,17號十三樓,121.258894127906,25.0182411112677
桃園市蘆竹區中興里7鄰興中街88巷17號十四樓,68,6800500,6800500-036,7鄰,興中街,,88巷,,,,17號十四樓,121.258894127906,25.0182411112677
桃園市蘆竹區中興里7鄰興中街88巷17號十五樓,68,6800500,6800500-036,7鄰,興中街,,88巷,,,,17號十五樓,121.258894127906,25.0182411112677
桃園市蘆竹區中興里7鄰興中街88巷17號十六樓,68,6800500,6800500-036,7鄰,興中街,,88巷,,,,17號十六樓,121.258894127906,25.0182411112677
桃園市蘆竹區中興里7鄰興中街88巷17號十七樓,68,6800500,6800500-036,7鄰,興中街,,88巷,,,,17號十七樓,121.258894127906,25.0182411112677
桃園市蘆竹區中興里7鄰興中街88巷17號十八樓,68,6800500,6800500-036,7鄰,興中街,,88巷,,,,17號十八樓,121.258894127906,25.0182411112677
桃園市蘆竹區中興里7鄰興中街88巷17號十九樓,68,6800500,6800500-036,7鄰,興中街,,88巷,,,,17號十九樓,121.258894127906,25.0182411112677
桃園市蘆竹區中興里7鄰興中街88巷17號二十樓,68,6800500,6800500-036,7鄰,興中街,,88巷,,,,17號二十樓,121.258894127906,25.0182411112677
桃園市蘆竹區中興里7鄰興中街88巷19號十樓,68,6800500,6800500-036,7鄰,興中街,,88巷,,,,19號十樓,121.258813085147,25.0182444122647
桃園市蘆竹區中興里7鄰興中街88巷19號三樓,68,6800500,6800500-036,7鄰,興中街,,88巷,,,,19號三樓,121.258813085147,25.0182444122647
桃園市蘆竹區中興里7鄰興中街88巷19號四樓,68,6800500,6800500-036,7鄰,興中街,,88巷,,,,19號四樓,121.258813085147,25.0182444122647
桃園市蘆竹區中興里7鄰興中街88巷19號五樓,68,6800500,6800500-036,7鄰,興中街,,88巷,,,,19號五樓,121.258813085147,25.0182444122647
桃園市蘆竹區中興里7鄰興中街88巷19號六樓,68,6800500,6800500-036,7鄰,興中街,,88巷,,,,19號六樓,121.258813085147,25.0182444122647
桃園市蘆竹區中興里7鄰興中街88巷19號七樓,68,6800500,6800500-036,7鄰,興中街,,88巷,,,,19號七樓,121.258813085147,25.0182444122647
桃園市蘆竹區中興里7鄰興中街88巷19號八樓,68,6800500,6800500-036,7鄰,興中街,,88巷,,,,19號八樓,121.258813085147,25.0182444122647
桃園市蘆竹區中興里7鄰興中街88巷19號九樓,68,6800500,6800500-036,7鄰,興中街,,88巷,,,,19號九樓,121.258813085147,25.0182444122647
桃園市蘆竹區中興里7鄰興中街88巷19號十一樓,68,6800500,6800500-036,7鄰,興中街,,88巷,,,,19號十一樓,121.258813085147,25.0182444122647
桃園市蘆竹區中興里7鄰興中街88巷19號十二樓,68,6800500,6800500-036,7鄰,興中街,,88巷,,,,19號十二樓,121.258813085147,25.0182444122647
桃園市蘆竹區中興里7鄰興中街88巷19號十三樓,68,6800500,6800500-036,7鄰,興中街,,88巷,,,,19號十三樓,121.258813085147,25.0182444122647
桃園市蘆竹區中興里7鄰興中街88巷19號十四樓,68,6800500,6800500-036,7鄰,興中街,,88巷,,,,19號十四樓,121.258813085147,25.0182444122647
桃園市蘆竹區中興里7鄰興中街88巷19號十五樓,68,6800500,6800500-036,7鄰,興中街,,88巷,,,,19號十五樓,121.258813085147,25.0182444122647
桃園市蘆竹區中興里7鄰興中街88巷19號十六樓,68,6800500,6800500-036,7鄰,興中街,,88巷,,,,19號十六樓,121.258813085147,25.0182444122647
桃園市蘆竹區中興里7鄰興中街88巷19號十七樓,68,6800500,6800500-036,7鄰,興中街,,88巷,,,,19號十七樓,121.258813085147,25.0182444122647
桃園市蘆竹區中興里7鄰興中街88巷19號十八樓,68,6800500,6800500-036,7鄰,興中街,,88巷,,,,19號十八樓,121.258813085147,25.0182444122647
桃園市蘆竹區中興里7鄰興中街88巷19號十九樓,68,6800500,6800500-036,7鄰,興中街,,88巷,,,,19號十九樓,121.258813085147,25.0182444122647
桃園市蘆竹區中興里7鄰興中街88巷19號二十樓,68,6800500,6800500-036,7鄰,興中街,,88巷,,,,19號二十樓,121.258813085147,25.0182444122647
桃園市蘆竹區中興里7鄰興中街88巷21號十樓,68,6800500,6800500-036,7鄰,興中街,,88巷,,,,21號十樓,121.258799825044,25.0180161998932
桃園市蘆竹區中興里7鄰興中街88巷21號三樓,68,6800500,6800500-036,7鄰,興中街,,88巷,,,,21號三樓,121.258799825044,25.0180161998932
桃園市蘆竹區中興里7鄰興中街88巷21號四樓,68,6800500,6800500-036,7鄰,興中街,,88巷,,,,21號四樓,121.258799825044,25.0180161998932
桃園市蘆竹區中興里7鄰興中街88巷21號五樓,68,6800500,6800500-036,7鄰,興中街,,88巷,,,,21號五樓,121.258799825044,25.0180161998932
桃園市蘆竹區中興里7鄰興中街88巷21號六樓,68,6800500,6800500-036,7鄰,興中街,,88巷,,,,21號六樓,121.258799825044,25.0180161998932
桃園市蘆竹區中興里7鄰興中街88巷21號七樓,68,6800500,6800500-036,7鄰,興中街,,88巷,,,,21號七樓,121.258799825044,25.0180161998932
桃園市蘆竹區中興里7鄰興中街88巷21號八樓,68,6800500,6800500-036,7鄰,興中街,,88巷,,,,21號八樓,121.258799825044,25.0180161998932
桃園市蘆竹區中興里7鄰興中街88巷21號九樓,68,6800500,6800500-036,7鄰,興中街,,88巷,,,,21號九樓,121.258799825044,25.0180161998932
桃園市蘆竹區中興里7鄰興中街88巷21號十一樓,68,6800500,6800500-036,7鄰,興中街,,88巷,,,,21號十一樓,121.258799825044,25.0180161998932
桃園市蘆竹區中興里7鄰興中街88巷21號十二樓,68,6800500,6800500-036,7鄰,興中街,,88巷,,,,21號十二樓,121.258799825044,25.0180161998932
桃園市蘆竹區中興里7鄰興中街88巷21號十三樓,68,6800500,6800500-036,7鄰,興中街,,88巷,,,,21號十三樓,121.258799825044,25.0180161998932
桃園市蘆竹區中興里7鄰興中街88巷21號十四樓,68,6800500,6800500-036,7鄰,興中街,,88巷,,,,21號十四樓,121.258799825044,25.0180161998932
桃園市蘆竹區中興里7鄰興中街88巷21號十五樓,68,6800500,6800500-036,7鄰,興中街,,88巷,,,,21號十五樓,121.258799825044,25.0180161998932
桃園市蘆竹區中興里7鄰興中街88巷21號十六樓,68,6800500,6800500-036,7鄰,興中街,,88巷,,,,21號十六樓,121.258799825044,25.0180161998932
桃園市蘆竹區中興里7鄰興中街88巷21號十七樓,68,6800500,6800500-036,7鄰,興中街,,88巷,,,,21號十七樓,121.258799825044,25.0180161998932
桃園市蘆竹區中興里7鄰興中街88巷21號十八樓,68,6800500,6800500-036,7鄰,興中街,,88巷,,,,21號十八樓,121.258799825044,25.0180161998932
桃園市蘆竹區中興里7鄰興中街88巷21號十九樓,68,6800500,6800500-036,7鄰,興中街,,88巷,,,,21號十九樓,121.258799825044,25.0180161998932
桃園市蘆竹區中興里7鄰興中街88巷21號二十樓,68,6800500,6800500-036,7鄰,興中街,,88巷,,,,21號二十樓,121.258799825044,25.0180161998932
桃園市蘆竹區中興里7鄰興中街88巷23號十樓,68,6800500,6800500-036,7鄰,興中街,,88巷,,,,23號十樓,121.258882052853,25.0180110911806
桃園市蘆竹區中興里7鄰興中街88巷23號三樓,68,6800500,6800500-036,7鄰,興中街,,88巷,,,,23號三樓,121.258882052853,25.0180110911806
桃園市蘆竹區中興里7鄰興中街88巷23號四樓,68,6800500,6800500-036,7鄰,興中街,,88巷,,,,23號四樓,121.258882052853,25.0180110911806
桃園市蘆竹區中興里7鄰興中街88巷23號五樓,68,6800500,6800500-036,7鄰,興中街,,88巷,,,,23號五樓,121.258882052853,25.0180110911806
桃園市蘆竹區中興里7鄰興中街88巷23號六樓,68,6800500,6800500-036,7鄰,興中街,,88巷,,,,23號六樓,121.258882052853,25.0180110911806
桃園市蘆竹區中興里7鄰興中街88巷23號七樓,68,6800500,6800500-036,7鄰,興中街,,88巷,,,,23號七樓,121.258882052853,25.0180110911806
桃園市蘆竹區中興里7鄰興中街88巷23號八樓,68,6800500,6800500-036,7鄰,興中街,,88巷,,,,23號八樓,121.258882052853,25.0180110911806
桃園市蘆竹區中興里7鄰興中街88巷23號九樓,68,6800500,6800500-036,7鄰,興中街,,88巷,,,,23號九樓,121.258882052853,25.0180110911806
桃園市蘆竹區中興里7鄰興中街88巷23號十一樓,68,6800500,6800500-036,7鄰,興中街,,88巷,,,,23號十一樓,121.258882052853,25.0180110911806
桃園市蘆竹區中興里7鄰興中街88巷23號十二樓,68,6800500,6800500-036,7鄰,興中街,,88巷,,,,23號十二樓,121.258882052853,25.0180110911806
桃園市蘆竹區中興里7鄰興中街88巷23號十三樓,68,6800500,6800500-036,7鄰,興中街,,88巷,,,,23號十三樓,121.258882052853,25.0180110911806
桃園市蘆竹區中興里7鄰興中街88巷23號十四樓,68,6800500,6800500-036,7鄰,興中街,,88巷,,,,23號十四樓,121.258882052853,25.0180110911806
桃園市蘆竹區中興里7鄰興中街88巷23號十五樓,68,6800500,6800500-036,7鄰,興中街,,88巷,,,,23號十五樓,121.258882052853,25.0180110911806
桃園市蘆竹區中興里7鄰興中街88巷23號十六樓,68,6800500,6800500-036,7鄰,興中街,,88巷,,,,23號十六樓,121.258882052853,25.0180110911806
桃園市蘆竹區中興里7鄰興中街88巷23號十七樓,68,6800500,6800500-036,7鄰,興中街,,88巷,,,,23號十七樓,121.258882052853,25.0180110911806
桃園市蘆竹區中興里7鄰興中街88巷23號十八樓,68,6800500,6800500-036,7鄰,興中街,,88巷,,,,23號十八樓,121.258882052853,25.0180110911806
桃園市蘆竹區中興里7鄰興中街88巷23號十九樓,68,6800500,6800500-036,7鄰,興中街,,88巷,,,,23號十九樓,121.258882052853,25.0180110911806
桃園市蘆竹區中興里7鄰興中街88巷23號二十樓,68,6800500,6800500-036,7鄰,興中街,,88巷,,,,23號二十樓,121.258882052853,25.0180110911806
桃園市蘆竹區中興里7鄰興中街88巷25號十樓,68,6800500,6800500-036,7鄰,興中街,,88巷,,,,25號十樓,121.258964482039,25.0180075168831
桃園市蘆竹區中興里7鄰興中街88巷25號三樓,68,6800500,6800500-036,7鄰,興中街,,88巷,,,,25號三樓,121.258964482039,25.0180075168831
桃園市蘆竹區中興里7鄰興中街88巷25號四樓,68,6800500,6800500-036,7鄰,興中街,,88巷,,,,25號四樓,121.258964482039,25.0180075168831
桃園市蘆竹區中興里7鄰興中街88巷25號五樓,68,6800500,6800500-036,7鄰,興中街,,88巷,,,,25號五樓,121.258964482039,25.0180075168831
桃園市蘆竹區中興里7鄰興中街88巷25號六樓,68,6800500,6800500-036,7鄰,興中街,,88巷,,,,25號六樓,121.258964482039,25.0180075168831
桃園市蘆竹區中興里7鄰興中街88巷25號七樓,68,6800500,6800500-036,7鄰,興中街,,88巷,,,,25號七樓,121.258964482039,25.0180075168831
桃園市蘆竹區中興里7鄰興中街88巷25號八樓,68,6800500,6800500-036,7鄰,興中街,,88巷,,,,25號八樓,121.258964482039,25.0180075168831
桃園市蘆竹區中興里7鄰興中街88巷25號九樓,68,6800500,6800500-036,7鄰,興中街,,88巷,,,,25號九樓,121.258964482039,25.0180075168831
桃園市蘆竹區中興里7鄰興中街88巷25號十一樓,68,6800500,6800500-036,7鄰,興中街,,88巷,,,,25號十一樓,121.258964482039,25.0180075168831
桃園市蘆竹區中興里7鄰興中街88巷25號十二樓,68,6800500,6800500-036,7鄰,興中街,,88巷,,,,25號十二樓,121.258964482039,25.0180075168831
桃園市蘆竹區中興里7鄰興中街88巷25號十三樓,68,6800500,6800500-036,7鄰,興中街,,88巷,,,,25號十三樓,121.258964482039,25.0180075168831
桃園市蘆竹區中興里7鄰興中街88巷25號十四樓,68,6800500,6800500-036,7鄰,興中街,,88巷,,,,25號十四樓,121.258964482039,25.0180075168831
桃園市蘆竹區中興里7鄰興中街88巷25號十五樓,68,6800500,6800500-036,7鄰,興中街,,88巷,,,,25號十五樓,121.258964482039,25.0180075168831
桃園市蘆竹區中興里7鄰興中街88巷25號十六樓,68,6800500,6800500-036,7鄰,興中街,,88巷,,,,25號十六樓,121.258964482039,25.0180075168831
桃園市蘆竹區中興里7鄰興中街88巷25號十七樓,68,6800500,6800500-036,7鄰,興中街,,88巷,,,,25號十七樓,121.258964482039,25.0180075168831
桃園市蘆竹區中興里7鄰興中街88巷25號十八樓,68,6800500,6800500-036,7鄰,興中街,,88巷,,,,25號十八樓,121.258964482039,25.0180075168831
桃園市蘆竹區中興里7鄰興中街88巷25號十九樓,68,6800500,6800500-036,7鄰,興中街,,88巷,,,,25號十九樓,121.258964482039,25.0180075168831
桃園市蘆竹區中興里7鄰興中街88巷25號二十樓,68,6800500,6800500-036,7鄰,興中街,,88巷,,,,25號二十樓,121.258964482039,25.0180075168831
桃園市蘆竹區中興里7鄰興中街88巷27號,68,6800500,6800500-036,7鄰,興中街,,88巷,,,,27號,121.258647231269,25.0182494858705
桃園市蘆竹區中興里7鄰興中街88巷27號十樓,68,6800500,6800500-036,7鄰,興中街,,88巷,,,,27號十樓,121.258647231269,25.0182494858705
桃園市蘆竹區中興里7鄰興中街88巷27號三樓,68,6800500,6800500-036,7鄰,興中街,,88巷,,,,27號三樓,121.258647231269,25.0182494858705
桃園市蘆竹區中興里7鄰興中街88巷27號四樓,68,6800500,6800500-036,7鄰,興中街,,88巷,,,,27號四樓,121.258647231269,25.0182494858705
桃園市蘆竹區中興里7鄰興中街88巷27號五樓,68,6800500,6800500-036,7鄰,興中街,,88巷,,,,27號五樓,121.258647231269,25.0182494858705
桃園市蘆竹區中興里7鄰興中街88巷27號六樓,68,6800500,6800500-036,7鄰,興中街,,88巷,,,,27號六樓,121.258647231269,25.0182494858705
桃園市蘆竹區中興里7鄰興中街88巷27號七樓,68,6800500,6800500-036,7鄰,興中街,,88巷,,,,27號七樓,121.258647231269,25.0182494858705
桃園市蘆竹區中興里7鄰興中街88巷27號八樓,68,6800500,6800500-036,7鄰,興中街,,88巷,,,,27號八樓,121.258647231269,25.0182494858705
桃園市蘆竹區中興里7鄰興中街88巷27號九樓,68,6800500,6800500-036,7鄰,興中街,,88巷,,,,27號九樓,121.258647231269,25.0182494858705
桃園市蘆竹區中興里7鄰興中街88巷27號十一樓,68,6800500,6800500-036,7鄰,興中街,,88巷,,,,27號十一樓,121.258647231269,25.0182494858705
桃園市蘆竹區中興里7鄰興中街88巷27號十二樓,68,6800500,6800500-036,7鄰,興中街,,88巷,,,,27號十二樓,121.258647231269,25.0182494858705
桃園市蘆竹區中興里7鄰興中街88巷27號十三樓,68,6800500,6800500-036,7鄰,興中街,,88巷,,,,27號十三樓,121.258647231269,25.0182494858705
桃園市蘆竹區中興里7鄰興中街88巷27號十四樓,68,6800500,6800500-036,7鄰,興中街,,88巷,,,,27號十四樓,121.258647231269,25.0182494858705
桃園市蘆竹區中興里7鄰興中街88巷27號十五樓,68,6800500,6800500-036,7鄰,興中街,,88巷,,,,27號十五樓,121.258647231269,25.0182494858705
桃園市蘆竹區中興里7鄰興中街88巷27號十六樓,68,6800500,6800500-036,7鄰,興中街,,88巷,,,,27號十六樓,121.258647231269,25.0182494858705
桃園市蘆竹區中興里7鄰興中街88巷27號十七樓,68,6800500,6800500-036,7鄰,興中街,,88巷,,,,27號十七樓,121.258647231269,25.0182494858705
桃園市蘆竹區中興里7鄰興中街88巷27號十八樓,68,6800500,6800500-036,7鄰,興中街,,88巷,,,,27號十八樓,121.258647231269,25.0182494858705
桃園市蘆竹區中興里7鄰興中街88巷27號十九樓,68,6800500,6800500-036,7鄰,興中街,,88巷,,,,27號十九樓,121.258647231269,25.0182494858705
桃園市蘆竹區中興里7鄰興中街88巷27號二十樓,68,6800500,6800500-036,7鄰,興中街,,88巷,,,,27號二十樓,121.258647231269,25.0182494858705
桃園市蘆竹區中興里7鄰興中街88巷29號十樓,68,6800500,6800500-036,7鄰,興中街,,88巷,,,,29號十樓,121.258500597846,25.0182538036123
桃園市蘆竹區中興里7鄰興中街88巷29號三樓,68,6800500,6800500-036,7鄰,興中街,,88巷,,,,29號三樓,121.258500597846,25.0182538036123
桃園市蘆竹區中興里7鄰興中街88巷29號四樓,68,6800500,6800500-036,7鄰,興中街,,88巷,,,,29號四樓,121.258500597846,25.0182538036123
桃園市蘆竹區中興里7鄰興中街88巷29號五樓,68,6800500,6800500-036,7鄰,興中街,,88巷,,,,29號五樓,121.258500597846,25.0182538036123
桃園市蘆竹區中興里7鄰興中街88巷29號六樓,68,6800500,6800500-036,7鄰,興中街,,88巷,,,,29號六樓,121.258500597846,25.0182538036123
桃園市蘆竹區中興里7鄰興中街88巷29號七樓,68,6800500,6800500-036,7鄰,興中街,,88巷,,,,29號七樓,121.258500597846,25.0182538036123
桃園市蘆竹區中興里7鄰興中街88巷29號八樓,68,6800500,6800500-036,7鄰,興中街,,88巷,,,,29號八樓,121.258500597846,25.0182538036123
桃園市蘆竹區中興里7鄰興中街88巷29號九樓,68,6800500,6800500-036,7鄰,興中街,,88巷,,,,29號九樓,121.258500597846,25.0182538036123
桃園市蘆竹區中興里7鄰興中街88巷29號十一樓,68,6800500,6800500-036,7鄰,興中街,,88巷,,,,29號十一樓,121.258500597846,25.0182538036123
桃園市蘆竹區中興里7鄰興中街88巷29號十二樓,68,6800500,6800500-036,7鄰,興中街,,88巷,,,,29號十二樓,121.258500597846,25.0182538036123
桃園市蘆竹區中興里7鄰興中街88巷29號十三樓,68,6800500,6800500-036,7鄰,興中街,,88巷,,,,29號十三樓,121.258500597846,25.0182538036123
桃園市蘆竹區中興里7鄰興中街88巷29號十四樓,68,6800500,6800500-036,7鄰,興中街,,88巷,,,,29號十四樓,121.258500597846,25.0182538036123
桃園市蘆竹區中興里7鄰興中街88巷29號十五樓,68,6800500,6800500-036,7鄰,興中街,,88巷,,,,29號十五樓,121.258500597846,25.0182538036123
桃園市蘆竹區中興里7鄰興中街88巷29號十六樓,68,6800500,6800500-036,7鄰,興中街,,88巷,,,,29號十六樓,121.258500597846,25.0182538036123
桃園市蘆竹區中興里7鄰興中街88巷29號十七樓,68,6800500,6800500-036,7鄰,興中街,,88巷,,,,29號十七樓,121.258500597846,25.0182538036123
桃園市蘆竹區中興里7鄰興中街88巷29號十八樓,68,6800500,6800500-036,7鄰,興中街,,88巷,,,,29號十八樓,121.258500597846,25.0182538036123
桃園市蘆竹區中興里7鄰興中街88巷29號十九樓,68,6800500,6800500-036,7鄰,興中街,,88巷,,,,29號十九樓,121.258500597846,25.0182538036123
桃園市蘆竹區中興里7鄰興中街88巷29號二十樓,68,6800500,6800500-036,7鄰,興中街,,88巷,,,,29號二十樓,121.258500597846,25.0182538036123
桃園市蘆竹區中興里7鄰興中街88巷31號十樓,68,6800500,6800500-036,7鄰,興中街,,88巷,,,,31號十樓,121.258492306607,25.0180323537972
桃園市蘆竹區中興里7鄰興中街88巷31號三樓,68,6800500,6800500-036,7鄰,興中街,,88巷,,,,31號三樓,121.258492306607,25.0180323537972
桃園市蘆竹區中興里7鄰興中街88巷31號四樓,68,6800500,6800500-036,7鄰,興中街,,88巷,,,,31號四樓,121.258492306607,25.0180323537972
桃園市蘆竹區中興里7鄰興中街88巷31號五樓,68,6800500,6800500-036,7鄰,興中街,,88巷,,,,31號五樓,121.258492306607,25.0180323537972
桃園市蘆竹區中興里7鄰興中街88巷31號六樓,68,6800500,6800500-036,7鄰,興中街,,88巷,,,,31號六樓,121.258492306607,25.0180323537972
桃園市蘆竹區中興里7鄰興中街88巷31號七樓,68,6800500,6800500-036,7鄰,興中街,,88巷,,,,31號七樓,121.258492306607,25.0180323537972
桃園市蘆竹區中興里7鄰興中街88巷31號八樓,68,6800500,6800500-036,7鄰,興中街,,88巷,,,,31號八樓,121.258492306607,25.0180323537972
桃園市蘆竹區中興里7鄰興中街88巷31號九樓,68,6800500,6800500-036,7鄰,興中街,,88巷,,,,31號九樓,121.258492306607,25.0180323537972
桃園市蘆竹區中興里7鄰興中街88巷31號十一樓,68,6800500,6800500-036,7鄰,興中街,,88巷,,,,31號十一樓,121.258492306607,25.0180323537972
桃園市蘆竹區中興里7鄰興中街88巷31號十二樓,68,6800500,6800500-036,7鄰,興中街,,88巷,,,,31號十二樓,121.258492306607,25.0180323537972
桃園市蘆竹區中興里7鄰興中街88巷31號十三樓,68,6800500,6800500-036,7鄰,興中街,,88巷,,,,31號十三樓,121.258492306607,25.0180323537972
桃園市蘆竹區中興里7鄰興中街88巷31號十四樓,68,6800500,6800500-036,7鄰,興中街,,88巷,,,,31號十四樓,121.258492306607,25.0180323537972
桃園市蘆竹區中興里7鄰興中街88巷31號十五樓,68,6800500,6800500-036,7鄰,興中街,,88巷,,,,31號十五樓,121.258492306607,25.0180323537972
桃園市蘆竹區中興里7鄰興中街88巷31號十六樓,68,6800500,6800500-036,7鄰,興中街,,88巷,,,,31號十六樓,121.258492306607,25.0180323537972
桃園市蘆竹區中興里7鄰興中街88巷31號十七樓,68,6800500,6800500-036,7鄰,興中街,,88巷,,,,31號十七樓,121.258492306607,25.0180323537972
桃園市蘆竹區中興里7鄰興中街88巷31號十八樓,68,6800500,6800500-036,7鄰,興中街,,88巷,,,,31號十八樓,121.258492306607,25.0180323537972
桃園市蘆竹區中興里7鄰興中街88巷31號十九樓,68,6800500,6800500-036,7鄰,興中街,,88巷,,,,31號十九樓,121.258492306607,25.0180323537972
桃園市蘆竹區中興里7鄰興中街88巷31號二十樓,68,6800500,6800500-036,7鄰,興中街,,88巷,,,,31號二十樓,121.258492306607,25.0180323537972
桃園市蘆竹區中興里7鄰興中街88巷33號十樓,68,6800500,6800500-036,7鄰,興中街,,88巷,,,,33號十樓,121.258637750781,25.0180280381339
桃園市蘆竹區中興里7鄰興中街88巷33號三樓,68,6800500,6800500-036,7鄰,興中街,,88巷,,,,33號三樓,121.258637750781,25.0180280381339
桃園市蘆竹區中興里7鄰興中街88巷33號四樓,68,6800500,6800500-036,7鄰,興中街,,88巷,,,,33號四樓,121.258637750781,25.0180280381339
桃園市蘆竹區中興里7鄰興中街88巷33號五樓,68,6800500,6800500-036,7鄰,興中街,,88巷,,,,33號五樓,121.258637750781,25.0180280381339
桃園市蘆竹區中興里7鄰興中街88巷33號六樓,68,6800500,6800500-036,7鄰,興中街,,88巷,,,,33號六樓,121.258637750781,25.0180280381339
桃園市蘆竹區中興里7鄰興中街88巷33號七樓,68,6800500,6800500-036,7鄰,興中街,,88巷,,,,33號七樓,121.258637750781,25.0180280381339
桃園市蘆竹區中興里7鄰興中街88巷33號八樓,68,6800500,6800500-036,7鄰,興中街,,88巷,,,,33號八樓,121.258637750781,25.0180280381339
桃園市蘆竹區中興里7鄰興中街88巷33號九樓,68,6800500,6800500-036,7鄰,興中街,,88巷,,,,33號九樓,121.258637750781,25.0180280381339
桃園市蘆竹區中興里7鄰興中街88巷33號十一樓,68,6800500,6800500-036,7鄰,興中街,,88巷,,,,33號十一樓,121.258637750781,25.0180280381339
桃園市蘆竹區中興里7鄰興中街88巷33號十二樓,68,6800500,6800500-036,7鄰,興中街,,88巷,,,,33號十二樓,121.258637750781,25.0180280381339
桃園市蘆竹區中興里7鄰興中街88巷33號十三樓,68,6800500,6800500-036,7鄰,興中街,,88巷,,,,33號十三樓,121.258637750781,25.0180280381339
桃園市蘆竹區中興里7鄰興中街88巷33號十四樓,68,6800500,6800500-036,7鄰,興中街,,88巷,,,,33號十四樓,121.258637750781,25.0180280381339
桃園市蘆竹區中興里7鄰興中街88巷33號十五樓,68,6800500,6800500-036,7鄰,興中街,,88巷,,,,33號十五樓,121.258637750781,25.0180280381339
桃園市蘆竹區中興里7鄰興中街88巷33號十六樓,68,6800500,6800500-036,7鄰,興中街,,88巷,,,,33號十六樓,121.258637750781,25.0180280381339
桃園市蘆竹區中興里7鄰興中街88巷33號十七樓,68,6800500,6800500-036,7鄰,興中街,,88巷,,,,33號十七樓,121.258637750781,25.0180280381339
桃園市蘆竹區中興里7鄰興中街88巷33號十八樓,68,6800500,6800500-036,7鄰,興中街,,88巷,,,,33號十八樓,121.258637750781,25.0180280381339
桃園市蘆竹區中興里7鄰興中街88巷33號十九樓,68,6800500,6800500-036,7鄰,興中街,,88巷,,,,33號十九樓,121.258637750781,25.0180280381339
桃園市蘆竹區中興里7鄰興中街88巷33號二十樓,68,6800500,6800500-036,7鄰,興中街,,88巷,,,,33號二十樓,121.258637750781,25.0180280381339
桃園市蘆竹區中興里7鄰興中街90號,68,6800500,6800500-036,7鄰,興中街,,,,,,90號,121.259339742765,25.0182128886492
桃園市蘆竹區中興里7鄰興中街92號,68,6800500,6800500-036,7鄰,興中街,,,,,,92號,121.259337305122,25.0181373260231
桃園市蘆竹區中興里7鄰興中街96號,68,6800500,6800500-036,7鄰,興中街,,,,,,96號,121.259334970927,25.0180638397249
桃園市蘆竹區中興里7鄰興中街98號,68,6800500,6800500-036,7鄰,興中街,,,,,,98號,121.25933148606,25.0180085926009
桃園市蘆竹區中興里7鄰興中街100巷1號,68,6800500,6800500-036,7鄰,興中街,,100巷,,,,1號,121.259159257125,25.0177614271578
桃園市蘆竹區中興里7鄰興中街100巷1號七樓之10,68,6800500,6800500-036,7鄰,興中街,,100巷,,,,1號七樓之10,121.259159257125,25.0177614271578
桃園市蘆竹區中興里7鄰興中街100巷1號七樓之11,68,6800500,6800500-036,7鄰,興中街,,100巷,,,,1號七樓之11,121.259159257125,25.0177614271578
桃園市蘆竹區中興里7鄰興中街100巷1號七樓之12,68,6800500,6800500-036,7鄰,興中街,,100巷,,,,1號七樓之12,121.259159257125,25.0177614271578
桃園市蘆竹區中興里7鄰興中街100巷1號七樓之13,68,6800500,6800500-036,7鄰,興中街,,100巷,,,,1號七樓之13,121.259159257125,25.0177614271578
桃園市蘆竹區中興里7鄰興中街100巷1號七樓之14,68,6800500,6800500-036,7鄰,興中街,,100巷,,,,1號七樓之14,121.259159257125,25.0177614271578
桃園市蘆竹區中興里7鄰興中街100巷1號七樓之15,68,6800500,6800500-036,7鄰,興中街,,100巷,,,,1號七樓之15,121.259159257125,25.0177614271578
桃園市蘆竹區中興里7鄰興中街100巷1號七樓之2,68,6800500,6800500-036,7鄰,興中街,,100巷,,,,1號七樓之2,121.259159257125,25.0177614271578
桃園市蘆竹區中興里7鄰興中街100巷1號七樓之3,68,6800500,6800500-036,7鄰,興中街,,100巷,,,,1號七樓之3,121.259159257125,25.0177614271578
桃園市蘆竹區中興里7鄰興中街100巷1號三樓之8,68,6800500,6800500-036,7鄰,興中街,,100巷,,,,1號三樓之8,121.259159257125,25.0177614271578
桃園市蘆竹區中興里7鄰興中街100巷1號七樓之5,68,6800500,6800500-036,7鄰,興中街,,100巷,,,,1號七樓之5,121.259159257125,25.0177614271578
桃園市蘆竹區中興里7鄰興中街100巷1號三樓之9,68,6800500,6800500-036,7鄰,興中街,,100巷,,,,1號三樓之9,121.259159257125,25.0177614271578
桃園市蘆竹區中興里7鄰興中街100巷1號七樓之6,68,6800500,6800500-036,7鄰,興中街,,100巷,,,,1號七樓之6,121.259159257125,25.0177614271578
桃園市蘆竹區中興里7鄰興中街100巷1號五樓之1,68,6800500,6800500-036,7鄰,興中街,,100巷,,,,1號五樓之1,121.259159257125,25.0177614271578
桃園市蘆竹區中興里7鄰興中街100巷1號七樓之8,68,6800500,6800500-036,7鄰,興中街,,100巷,,,,1號七樓之8,121.259159257125,25.0177614271578
桃園市蘆竹區中興里7鄰興中街100巷1號五樓之10,68,6800500,6800500-036,7鄰,興中街,,100巷,,,,1號五樓之10,121.259159257125,25.0177614271578
桃園市蘆竹區中興里7鄰興中街100巷1號七樓之9,68,6800500,6800500-036,7鄰,興中街,,100巷,,,,1號七樓之9,121.259159257125,25.0177614271578
桃園市蘆竹區中興里7鄰興中街100巷1號五樓之11,68,6800500,6800500-036,7鄰,興中街,,100巷,,,,1號五樓之11,121.259159257125,25.0177614271578
桃園市蘆竹區中興里7鄰興中街100巷1號九樓之1,68,6800500,6800500-036,7鄰,興中街,,100巷,,,,1號九樓之1,121.259159257125,25.0177614271578
桃園市蘆竹區中興里7鄰興中街100巷1號五樓之12,68,6800500,6800500-036,7鄰,興中街,,100巷,,,,1號五樓之12,121.259159257125,25.0177614271578
桃園市蘆竹區中興里7鄰興中街100巷1號九樓之10,68,6800500,6800500-036,7鄰,興中街,,100巷,,,,1號九樓之10,121.259159257125,25.0177614271578
桃園市蘆竹區中興里7鄰興中街100巷1號五樓之13,68,6800500,6800500-036,7鄰,興中街,,100巷,,,,1號五樓之13,121.259159257125,25.0177614271578
桃園市蘆竹區中興里7鄰興中街100巷1號九樓之11,68,6800500,6800500-036,7鄰,興中街,,100巷,,,,1號九樓之11,121.259159257125,25.0177614271578
桃園市蘆竹區中興里7鄰興中街100巷1號五樓之14,68,6800500,6800500-036,7鄰,興中街,,100巷,,,,1號五樓之14,121.259159257125,25.0177614271578
桃園市蘆竹區中興里7鄰興中街100巷1號九樓之12,68,6800500,6800500-036,7鄰,興中街,,100巷,,,,1號九樓之12,121.259159257125,25.0177614271578
桃園市蘆竹區中興里7鄰興中街100巷1號五樓之15,68,6800500,6800500-036,7鄰,興中街,,100巷,,,,1號五樓之15,121.259159257125,25.0177614271578
桃園市蘆竹區中興里7鄰興中街100巷1號九樓之13,68,6800500,6800500-036,7鄰,興中街,,100巷,,,,1號九樓之13,121.259159257125,25.0177614271578
桃園市蘆竹區中興里7鄰興中街100巷1號五樓之2,68,6800500,6800500-036,7鄰,興中街,,100巷,,,,1號五樓之2,121.259159257125,25.0177614271578
桃園市蘆竹區中興里7鄰興中街100巷1號九樓之14,68,6800500,6800500-036,7鄰,興中街,,100巷,,,,1號九樓之14,121.259159257125,25.0177614271578
桃園市蘆竹區中興里7鄰興中街100巷1號五樓之5,68,6800500,6800500-036,7鄰,興中街,,100巷,,,,1號五樓之5,121.259159257125,25.0177614271578
桃園市蘆竹區中興里7鄰興中街100巷1號九樓之2,68,6800500,6800500-036,7鄰,興中街,,100巷,,,,1號九樓之2,121.259159257125,25.0177614271578
桃園市蘆竹區中興里7鄰興中街100巷1號五樓之6,68,6800500,6800500-036,7鄰,興中街,,100巷,,,,1號五樓之6,121.259159257125,25.0177614271578
桃園市蘆竹區中興里7鄰興中街100巷1號九樓之3,68,6800500,6800500-036,7鄰,興中街,,100巷,,,,1號九樓之3,121.259159257125,25.0177614271578
桃園市蘆竹區中興里7鄰興中街100巷1號五樓之7,68,6800500,6800500-036,7鄰,興中街,,100巷,,,,1號五樓之7,121.259159257125,25.0177614271578
桃園市蘆竹區中興里7鄰興中街100巷1號七樓之7,68,6800500,6800500-036,7鄰,興中街,,100巷,,,,1號七樓之7,121.259159257125,25.0177614271578
桃園市蘆竹區中興里7鄰興中街100巷1號九樓之5,68,6800500,6800500-036,7鄰,興中街,,100巷,,,,1號九樓之5,121.259159257125,25.0177614271578
桃園市蘆竹區中興里7鄰興中街100巷1號五樓之8,68,6800500,6800500-036,7鄰,興中街,,100巷,,,,1號五樓之8,121.259159257125,25.0177614271578
桃園市蘆竹區中興里7鄰興中街100巷1號九樓之15,68,6800500,6800500-036,7鄰,興中街,,100巷,,,,1號九樓之15,121.259159257125,25.0177614271578
桃園市蘆竹區中興里7鄰興中街100巷1號九樓之6,68,6800500,6800500-036,7鄰,興中街,,100巷,,,,1號九樓之6,121.259159257125,25.0177614271578
桃園市蘆竹區中興里7鄰興中街100巷1號五樓之9,68,6800500,6800500-036,7鄰,興中街,,100巷,,,,1號五樓之9,121.259159257125,25.0177614271578
桃園市蘆竹區中興里7鄰興中街100巷1號二樓之10,68,6800500,6800500-036,7鄰,興中街,,100巷,,,,1號二樓之10,121.259159257125,25.0177614271578
桃園市蘆竹區中興里7鄰興中街100巷1號九樓之7,68,6800500,6800500-036,7鄰,興中街,,100巷,,,,1號九樓之7,121.259159257125,25.0177614271578
桃園市蘆竹區中興里7鄰興中街100巷1號六樓之1,68,6800500,6800500-036,7鄰,興中街,,100巷,,,,1號六樓之1,121.259159257125,25.0177614271578
桃園市蘆竹區中興里7鄰興中街100巷1號九樓之8,68,6800500,6800500-036,7鄰,興中街,,100巷,,,,1號九樓之8,121.259159257125,25.0177614271578
桃園市蘆竹區中興里7鄰興中街100巷1號六樓之10,68,6800500,6800500-036,7鄰,興中街,,100巷,,,,1號六樓之10,121.259159257125,25.0177614271578
桃園市蘆竹區中興里7鄰興中街100巷1號九樓之9,68,6800500,6800500-036,7鄰,興中街,,100巷,,,,1號九樓之9,121.259159257125,25.0177614271578
桃園市蘆竹區中興里7鄰興中街100巷1號六樓之11,68,6800500,6800500-036,7鄰,興中街,,100巷,,,,1號六樓之11,121.259159257125,25.0177614271578
桃園市蘆竹區中興里7鄰興中街100巷1號二樓之1,68,6800500,6800500-036,7鄰,興中街,,100巷,,,,1號二樓之1,121.259159257125,25.0177614271578
桃園市蘆竹區中興里7鄰興中街100巷1號六樓之13,68,6800500,6800500-036,7鄰,興中街,,100巷,,,,1號六樓之13,121.259159257125,25.0177614271578
桃園市蘆竹區中興里7鄰興中街100巷1號六樓之14,68,6800500,6800500-036,7鄰,興中街,,100巷,,,,1號六樓之14,121.259159257125,25.0177614271578
桃園市蘆竹區中興里7鄰興中街100巷1號六樓之15,68,6800500,6800500-036,7鄰,興中街,,100巷,,,,1號六樓之15,121.259159257125,25.0177614271578
桃園市蘆竹區中興里7鄰興中街100巷1號六樓之2,68,6800500,6800500-036,7鄰,興中街,,100巷,,,,1號六樓之2,121.259159257125,25.0177614271578
桃園市蘆竹區中興里7鄰興中街100巷1號六樓之3,68,6800500,6800500-036,7鄰,興中街,,100巷,,,,1號六樓之3,121.259159257125,25.0177614271578
桃園市蘆竹區中興里7鄰興中街100巷1號六樓之5,68,6800500,6800500-036,7鄰,興中街,,100巷,,,,1號六樓之5,121.259159257125,25.0177614271578
桃園市蘆竹區中興里7鄰興中街100巷1號六樓之6,68,6800500,6800500-036,7鄰,興中街,,100巷,,,,1號六樓之6,121.259159257125,25.0177614271578
桃園市蘆竹區中興里7鄰興中街100巷1號六樓之7,68,6800500,6800500-036,7鄰,興中街,,100巷,,,,1號六樓之7,121.259159257125,25.0177614271578
桃園市蘆竹區中興里7鄰興中街100巷1號十一樓之14,68,6800500,6800500-036,7鄰,興中街,,100巷,,,,1號十一樓之14,121.259159257125,25.0177614271578
桃園市蘆竹區中興里7鄰興中街100巷1號十一樓之15,68,6800500,6800500-036,7鄰,興中街,,100巷,,,,1號十一樓之15,121.259159257125,25.0177614271578
桃園市蘆竹區中興里7鄰興中街100巷1號十一樓之9,68,6800500,6800500-036,7鄰,興中街,,100巷,,,,1號十一樓之9,121.259159257125,25.0177614271578
桃園市蘆竹區中興里7鄰興中街100巷1號十樓之1,68,6800500,6800500-036,7鄰,興中街,,100巷,,,,1號十樓之1,121.259159257125,25.0177614271578
桃園市蘆竹區中興里7鄰興中街100巷1號十樓之10,68,6800500,6800500-036,7鄰,興中街,,100巷,,,,1號十樓之10,121.259159257125,25.0177614271578
桃園市蘆竹區中興里7鄰興中街100巷1號十樓之11,68,6800500,6800500-036,7鄰,興中街,,100巷,,,,1號十樓之11,121.259159257125,25.0177614271578
桃園市蘆竹區中興里7鄰興中街100巷1號十樓之12,68,6800500,6800500-036,7鄰,興中街,,100巷,,,,1號十樓之12,121.259159257125,25.0177614271578
桃園市蘆竹區中興里7鄰興中街100巷1號十樓之13,68,6800500,6800500-036,7鄰,興中街,,100巷,,,,1號十樓之13,121.259159257125,25.0177614271578
桃園市蘆竹區中興里7鄰興中街100巷1號十樓之14,68,6800500,6800500-036,7鄰,興中街,,100巷,,,,1號十樓之14,121.259159257125,25.0177614271578
桃園市蘆竹區中興里7鄰興中街100巷1號十樓之15,68,6800500,6800500-036,7鄰,興中街,,100巷,,,,1號十樓之15,121.259159257125,25.0177614271578
桃園市蘆竹區中興里7鄰興中街100巷1號十樓之3,68,6800500,6800500-036,7鄰,興中街,,100巷,,,,1號十樓之3,121.259159257125,25.0177614271578
桃園市蘆竹區中興里7鄰興中街100巷1號十樓之5,68,6800500,6800500-036,7鄰,興中街,,100巷,,,,1號十樓之5,121.259159257125,25.0177614271578
桃園市蘆竹區中興里7鄰興中街100巷1號十樓之6,68,6800500,6800500-036,7鄰,興中街,,100巷,,,,1號十樓之6,121.259159257125,25.0177614271578
桃園市蘆竹區中興里7鄰興中街100巷1號十樓之7,68,6800500,6800500-036,7鄰,興中街,,100巷,,,,1號十樓之7,121.259159257125,25.0177614271578
桃園市蘆竹區中興里7鄰興中街100巷1號十樓之8,68,6800500,6800500-036,7鄰,興中街,,100巷,,,,1號十樓之8,121.259159257125,25.0177614271578
桃園市蘆竹區中興里7鄰興中街100巷1號十樓之9,68,6800500,6800500-036,7鄰,興中街,,100巷,,,,1號十樓之9,121.259159257125,25.0177614271578
桃園市蘆竹區中興里7鄰興中街100巷1號三樓之1,68,6800500,6800500-036,7鄰,興中街,,100巷,,,,1號三樓之1,121.259159257125,25.0177614271578
桃園市蘆竹區中興里7鄰興中街100巷1號三樓之11,68,6800500,6800500-036,7鄰,興中街,,100巷,,,,1號三樓之11,121.259159257125,25.0177614271578
桃園市蘆竹區中興里7鄰興中街100巷1號三樓之12,68,6800500,6800500-036,7鄰,興中街,,100巷,,,,1號三樓之12,121.259159257125,25.0177614271578
桃園市蘆竹區中興里7鄰興中街100巷1號三樓之13,68,6800500,6800500-036,7鄰,興中街,,100巷,,,,1號三樓之13,121.259159257125,25.0177614271578
桃園市蘆竹區中興里7鄰興中街100巷1號三樓之14,68,6800500,6800500-036,7鄰,興中街,,100巷,,,,1號三樓之14,121.259159257125,25.0177614271578
桃園市蘆竹區中興里7鄰興中街100巷1號三樓之15,68,6800500,6800500-036,7鄰,興中街,,100巷,,,,1號三樓之15,121.259159257125,25.0177614271578
桃園市蘆竹區中興里7鄰興中街100巷1號三樓之2,68,6800500,6800500-036,7鄰,興中街,,100巷,,,,1號三樓之2,121.259159257125,25.0177614271578
桃園市蘆竹區中興里7鄰興中街100巷1號三樓之3,68,6800500,6800500-036,7鄰,興中街,,100巷,,,,1號三樓之3,121.259159257125,25.0177614271578
桃園市蘆竹區中興里7鄰興中街100巷1號四樓之2,68,6800500,6800500-036,7鄰,興中街,,100巷,,,,1號四樓之2,121.259159257125,25.0177614271578
桃園市蘆竹區中興里7鄰興中街100巷1號三樓之5,68,6800500,6800500-036,7鄰,興中街,,100巷,,,,1號三樓之5,121.259159257125,25.0177614271578
桃園市蘆竹區中興里7鄰興中街100巷1號三樓之7,68,6800500,6800500-036,7鄰,興中街,,100巷,,,,1號三樓之7,121.259159257125,25.0177614271578
桃園市蘆竹區中興里7鄰興中街100巷1號七樓之1,68,6800500,6800500-036,7鄰,興中街,,100巷,,,,1號七樓之1,121.259159257125,25.0177614271578
桃園市蘆竹區中興里7鄰興中街100巷1號五樓之3,68,6800500,6800500-036,7鄰,興中街,,100巷,,,,1號五樓之3,121.259159257125,25.0177614271578
桃園市蘆竹區中興里7鄰興中街100巷1號六樓之12,68,6800500,6800500-036,7鄰,興中街,,100巷,,,,1號六樓之12,121.259159257125,25.0177614271578
桃園市蘆竹區中興里7鄰興中街100巷1號六樓之8,68,6800500,6800500-036,7鄰,興中街,,100巷,,,,1號六樓之8,121.259159257125,25.0177614271578
桃園市蘆竹區中興里7鄰興中街100巷1號二樓之11,68,6800500,6800500-036,7鄰,興中街,,100巷,,,,1號二樓之11,121.259159257125,25.0177614271578
桃園市蘆竹區中興里7鄰興中街100巷1號二樓之12,68,6800500,6800500-036,7鄰,興中街,,100巷,,,,1號二樓之12,121.259159257125,25.0177614271578
桃園市蘆竹區中興里7鄰興中街100巷1號二樓之13,68,6800500,6800500-036,7鄰,興中街,,100巷,,,,1號二樓之13,121.259159257125,25.0177614271578
桃園市蘆竹區中興里7鄰興中街100巷1號二樓之14,68,6800500,6800500-036,7鄰,興中街,,100巷,,,,1號二樓之14,121.259159257125,25.0177614271578
桃園市蘆竹區中興里7鄰興中街100巷1號二樓之2,68,6800500,6800500-036,7鄰,興中街,,100巷,,,,1號二樓之2,121.259159257125,25.0177614271578
桃園市蘆竹區中興里7鄰興中街100巷1號二樓之3,68,6800500,6800500-036,7鄰,興中街,,100巷,,,,1號二樓之3,121.259159257125,25.0177614271578
桃園市蘆竹區中興里7鄰興中街100巷1號二樓之5,68,6800500,6800500-036,7鄰,興中街,,100巷,,,,1號二樓之5,121.259159257125,25.0177614271578
桃園市蘆竹區中興里7鄰興中街100巷1號二樓之6,68,6800500,6800500-036,7鄰,興中街,,100巷,,,,1號二樓之6,121.259159257125,25.0177614271578
桃園市蘆竹區中興里7鄰興中街100巷1號二樓之7,68,6800500,6800500-036,7鄰,興中街,,100巷,,,,1號二樓之7,121.259159257125,25.0177614271578
桃園市蘆竹區中興里7鄰興中街100巷1號二樓之9,68,6800500,6800500-036,7鄰,興中街,,100巷,,,,1號二樓之9,121.259159257125,25.0177614271578
桃園市蘆竹區中興里7鄰興中街100巷1號八樓之1,68,6800500,6800500-036,7鄰,興中街,,100巷,,,,1號八樓之1,121.259159257125,25.0177614271578
桃園市蘆竹區中興里7鄰興中街100巷1號八樓之10,68,6800500,6800500-036,7鄰,興中街,,100巷,,,,1號八樓之10,121.259159257125,25.0177614271578
桃園市蘆竹區中興里7鄰興中街100巷1號八樓之11,68,6800500,6800500-036,7鄰,興中街,,100巷,,,,1號八樓之11,121.259159257125,25.0177614271578
桃園市蘆竹區中興里7鄰興中街100巷1號八樓之12,68,6800500,6800500-036,7鄰,興中街,,100巷,,,,1號八樓之12,121.259159257125,25.0177614271578
桃園市蘆竹區中興里7鄰興中街100巷1號八樓之13,68,6800500,6800500-036,7鄰,興中街,,100巷,,,,1號八樓之13,121.259159257125,25.0177614271578
桃園市蘆竹區中興里7鄰興中街100巷1號六樓之9,68,6800500,6800500-036,7鄰,興中街,,100巷,,,,1號六樓之9,121.259159257125,25.0177614271578
桃園市蘆竹區中興里7鄰興中街100巷1號八樓之14,68,6800500,6800500-036,7鄰,興中街,,100巷,,,,1號八樓之14,121.259159257125,25.0177614271578
桃園市蘆竹區中興里7鄰興中街100巷1號四樓之1,68,6800500,6800500-036,7鄰,興中街,,100巷,,,,1號四樓之1,121.259159257125,25.0177614271578
桃園市蘆竹區中興里7鄰興中街100巷1號八樓之15,68,6800500,6800500-036,7鄰,興中街,,100巷,,,,1號八樓之15,121.259159257125,25.0177614271578
桃園市蘆竹區中興里7鄰興中街100巷1號四樓之10,68,6800500,6800500-036,7鄰,興中街,,100巷,,,,1號四樓之10,121.259159257125,25.0177614271578
桃園市蘆竹區中興里7鄰興中街100巷1號八樓之3,68,6800500,6800500-036,7鄰,興中街,,100巷,,,,1號八樓之3,121.259159257125,25.0177614271578
桃園市蘆竹區中興里7鄰興中街100巷1號四樓之11,68,6800500,6800500-036,7鄰,興中街,,100巷,,,,1號四樓之11,121.259159257125,25.0177614271578
桃園市蘆竹區中興里7鄰興中街100巷1號八樓之5,68,6800500,6800500-036,7鄰,興中街,,100巷,,,,1號八樓之5,121.259159257125,25.0177614271578
桃園市蘆竹區中興里7鄰興中街100巷1號四樓之12,68,6800500,6800500-036,7鄰,興中街,,100巷,,,,1號四樓之12,121.259159257125,25.0177614271578
桃園市蘆竹區中興里7鄰興中街100巷1號八樓之6,68,6800500,6800500-036,7鄰,興中街,,100巷,,,,1號八樓之6,121.259159257125,25.0177614271578
桃園市蘆竹區中興里7鄰興中街100巷1號四樓之13,68,6800500,6800500-036,7鄰,興中街,,100巷,,,,1號四樓之13,121.259159257125,25.0177614271578
桃園市蘆竹區中興里7鄰興中街100巷1號八樓之7,68,6800500,6800500-036,7鄰,興中街,,100巷,,,,1號八樓之7,121.259159257125,25.0177614271578
桃園市蘆竹區中興里7鄰興中街100巷1號四樓之15,68,6800500,6800500-036,7鄰,興中街,,100巷,,,,1號四樓之15,121.259159257125,25.0177614271578
桃園市蘆竹區中興里7鄰興中街100巷1號八樓之8,68,6800500,6800500-036,7鄰,興中街,,100巷,,,,1號八樓之8,121.259159257125,25.0177614271578
桃園市蘆竹區中興里7鄰興中街100巷1號四樓之3,68,6800500,6800500-036,7鄰,興中街,,100巷,,,,1號四樓之3,121.259159257125,25.0177614271578
桃園市蘆竹區中興里7鄰興中街100巷1號八樓之9,68,6800500,6800500-036,7鄰,興中街,,100巷,,,,1號八樓之9,121.259159257125,25.0177614271578
桃園市蘆竹區中興里7鄰興中街100巷1號四樓之5,68,6800500,6800500-036,7鄰,興中街,,100巷,,,,1號四樓之5,121.259159257125,25.0177614271578
桃園市蘆竹區中興里7鄰興中街100巷1號十一樓之10,68,6800500,6800500-036,7鄰,興中街,,100巷,,,,1號十一樓之10,121.259159257125,25.0177614271578
桃園市蘆竹區中興里7鄰興中街100巷1號四樓之6,68,6800500,6800500-036,7鄰,興中街,,100巷,,,,1號四樓之6,121.259159257125,25.0177614271578
桃園市蘆竹區中興里7鄰興中街100巷1號十樓之2,68,6800500,6800500-036,7鄰,興中街,,100巷,,,,1號十樓之2,121.259159257125,25.0177614271578
桃園市蘆竹區中興里7鄰興中街100巷1號十一樓之11,68,6800500,6800500-036,7鄰,興中街,,100巷,,,,1號十一樓之11,121.259159257125,25.0177614271578
桃園市蘆竹區中興里7鄰興中街100巷1號四樓之7,68,6800500,6800500-036,7鄰,興中街,,100巷,,,,1號四樓之7,121.259159257125,25.0177614271578
桃園市蘆竹區中興里7鄰興中街100巷1號三樓之10,68,6800500,6800500-036,7鄰,興中街,,100巷,,,,1號三樓之10,121.259159257125,25.0177614271578
桃園市蘆竹區中興里7鄰興中街100巷1號十一樓之13,68,6800500,6800500-036,7鄰,興中街,,100巷,,,,1號十一樓之13,121.259159257125,25.0177614271578
桃園市蘆竹區中興里7鄰興中街100巷1號四樓之8,68,6800500,6800500-036,7鄰,興中街,,100巷,,,,1號四樓之8,121.259159257125,25.0177614271578
桃園市蘆竹區中興里7鄰興中街100巷1號三樓之6,68,6800500,6800500-036,7鄰,興中街,,100巷,,,,1號三樓之6,121.259159257125,25.0177614271578
桃園市蘆竹區中興里7鄰興中街100巷1號四樓之9,68,6800500,6800500-036,7鄰,興中街,,100巷,,,,1號四樓之9,121.259159257125,25.0177614271578
桃園市蘆竹區中興里7鄰興中街100巷1號四樓之14,68,6800500,6800500-036,7鄰,興中街,,100巷,,,,1號四樓之14,121.259159257125,25.0177614271578
桃園市蘆竹區中興里7鄰興中街100巷1號二樓之8,68,6800500,6800500-036,7鄰,興中街,,100巷,,,,1號二樓之8,121.259159257125,25.0177614271578
桃園市蘆竹區中興里7鄰興中街100巷1號八樓之2,68,6800500,6800500-036,7鄰,興中街,,100巷,,,,1號八樓之2,121.259159257125,25.0177614271578
桃園市蘆竹區中興里7鄰興中街100巷1號十一樓之12,68,6800500,6800500-036,7鄰,興中街,,100巷,,,,1號十一樓之12,121.259159257125,25.0177614271578
桃園市蘆竹區中興里7鄰興中街100巷3號,68,6800500,6800500-036,7鄰,興中街,,100巷,,,,3號,121.259073061668,25.0177643761436
桃園市蘆竹區中興里7鄰興中街100巷5號,68,6800500,6800500-036,7鄰,興中街,,100巷,,,,5號,121.258999146502,25.0177645049155
桃園市蘆竹區中興里7鄰興中街100巷7號,68,6800500,6800500-036,7鄰,興中街,,100巷,,,,7號,121.258909879496,25.0177674591571
桃園市蘆竹區中興里7鄰興中街100巷8號,68,6800500,6800500-036,7鄰,興中街,,100巷,,,,8號,121.259239687989,25.017985911081
桃園市蘆竹區中興里7鄰興中街100巷10號,68,6800500,6800500-036,7鄰,興中街,,100巷,,,,10號,121.259113045439,25.0179787286262
桃園市蘆竹區中興里7鄰興中街100巷12號,68,6800500,6800500-036,7鄰,興中街,,100巷,,,,12號,121.259064215931,25.0179873905988
桃園市蘆竹區中興里7鄰興中街140號,68,6800500,6800500-036,7鄰,興中街,,,,,,140號,121.259339236561,25.0177361049526
桃園市蘆竹區中興里7鄰興中街142號,68,6800500,6800500-036,7鄰,興中街,,,,,,142號,121.259333245447,25.0176669586134
桃園市蘆竹區中興里7鄰興中街146號,68,6800500,6800500-036,7鄰,興中街,,,,,,146號,121.259324970907,25.0175956494634
桃園市蘆竹區中興里7鄰興中街148號,68,6800500,6800500-036,7鄰,興中街,,,,,,148號,121.259320182445,25.0175330014019
桃園市蘆竹區中興里10鄰興中街150號,68,6800500,6800500-036,10鄰,興中街,,,,,,150號,121.259285172572,25.0171866465154
桃園市蘆竹區中興里10鄰興中街152號,68,6800500,6800500-036,10鄰,興中街,,,,,,152號,121.259282796234,25.0171402451865
桃園市蘆竹區中興里11鄰興中街155號,68,6800500,6800500-036,11鄰,興中街,,,,,,155號,121.259522157014,25.0170360021266
桃園市蘆竹區中興里10鄰興中街156號,68,6800500,6800500-036,10鄰,興中街,,,,,,156號,121.259313094492,25.017036005743
桃園市蘆竹區中興里10鄰興中街156號二樓,68,6800500,6800500-036,10鄰,興中街,,,,,,156號二樓,121.259313094492,25.017036005743
桃園市蘆竹區中興里10鄰興中街156號三樓,68,6800500,6800500-036,10鄰,興中街,,,,,,156號三樓,121.259313094492,25.017036005743
桃園市蘆竹區中興里10鄰興中街156號五樓,68,6800500,6800500-036,10鄰,興中街,,,,,,156號五樓,121.259313094492,25.017036005743
桃園市蘆竹區中興里10鄰興中街156號六樓,68,6800500,6800500-036,10鄰,興中街,,,,,,156號六樓,121.259313094492,25.017036005743
桃園市蘆竹區中興里10鄰興中街156號四樓,68,6800500,6800500-036,10鄰,興中街,,,,,,156號四樓,121.259313094492,25.017036005743
桃園市蘆竹區中興里11鄰興中街157號,68,6800500,6800500-036,11鄰,興中街,,,,,,157號,121.259519368526,25.0169349802921
桃園市蘆竹區中興里10鄰興中街158號二樓,68,6800500,6800500-036,10鄰,興中街,,,,,,158號二樓,121.259305997797,25.016959367833
桃園市蘆竹區中興里10鄰興中街158號三樓,68,6800500,6800500-036,10鄰,興中街,,,,,,158號三樓,121.259305997797,25.016959367833
桃園市蘆竹區中興里10鄰興中街158號四樓,68,6800500,6800500-036,10鄰,興中街,,,,,,158號四樓,121.259305997797,25.016959367833
桃園市蘆竹區中興里10鄰興中街158號五樓,68,6800500,6800500-036,10鄰,興中街,,,,,,158號五樓,121.259305997797,25.016959367833
桃園市蘆竹區中興里10鄰興中街158號六樓,68,6800500,6800500-036,10鄰,興中街,,,,,,158號六樓,121.259305997797,25.016959367833
桃園市蘆竹區中興里10鄰興中街160巷1號,68,6800500,6800500-036,10鄰,興中街,,160巷,,,,1號,121.259336455715,25.0166953271494
桃園市蘆竹區中興里10鄰興中街160巷2號,68,6800500,6800500-036,10鄰,興中街,,160巷,,,,2號,121.259314783411,25.0168494780713
桃園市蘆竹區中興里10鄰興中街160巷3號,68,6800500,6800500-036,10鄰,興中街,,160巷,,,,3號,121.259304906955,25.0166758810373
桃園市蘆竹區中興里10鄰興中街160巷5號,68,6800500,6800500-036,10鄰,興中街,,160巷,,,,5號,121.259278307331,25.0166540789297
桃園市蘆竹區中興里10鄰興中街160巷6號,68,6800500,6800500-036,10鄰,興中街,,160巷,,,,6號,121.259261948264,25.0168377431294
桃園市蘆竹區中興里10鄰興中街160巷8號,68,6800500,6800500-036,10鄰,興中街,,160巷,,,,8號,121.259228902645,25.0168132437622
桃園市蘆竹區中興里10鄰興中街160巷10號,68,6800500,6800500-036,10鄰,興中街,,160巷,,,,10號,121.259205111532,25.0167605599508
桃園市蘆竹區中興里10鄰興中街162號,68,6800500,6800500-036,10鄰,興中街,,,,,,162號,121.259372211605,25.0167365241253
桃園市蘆竹區中興里10鄰興中街164號,68,6800500,6800500-036,10鄰,興中街,,,,,,164號,121.259402351686,25.0166985526761
桃園市蘆竹區中興里10鄰興中街166號,68,6800500,6800500-036,10鄰,興中街,,,,,,166號,121.259457112094,25.016636342411
桃園市蘆竹區中興里10鄰興中街168號,68,6800500,6800500-036,10鄰,興中街,,,,,,168號,121.259484806599,25.0166133621947
桃園市蘆竹區中興里11鄰興中街177號,68,6800500,6800500-036,11鄰,興中街,,,,,,177號,121.259766167915,25.0166933130953
桃園市蘆竹區中興里11鄰興中街181號,68,6800500,6800500-036,11鄰,興中街,,,,,,181號,121.259885635239,25.0165402551757
桃園市蘆竹區中興里11鄰興中街186號,68,6800500,6800500-036,11鄰,興中街,,,,,,186號,121.25968201656,25.0163487594889
桃園市蘆竹區中興里11鄰興中街188號,68,6800500,6800500-036,11鄰,興中街,,,,,,188號,121.25971732081,25.0163165570701
桃園市蘆竹區中興里11鄰興中街190號,68,6800500,6800500-036,11鄰,興中街,,,,,,190號,121.259751242659,25.0162866141335
桃園市蘆竹區中興里11鄰興中街192號,68,6800500,6800500-036,11鄰,興中街,,,,,,192號,121.259778922403,25.0162566820947
桃園市龜山區山福里1鄰興中街1號,68,6800700,6800700-005,1鄰,興中街,,,,,,1號,121.329363893532,24.9924862210312
桃園市龜山區山福里1鄰興中街1號二樓,68,6800700,6800700-005,1鄰,興中街,,,,,,1號二樓,121.329363893532,24.9924862210312
桃園市龜山區山福里1鄰興中街3號,68,6800700,6800700-005,1鄰,興中街,,,,,,3號,121.329408147293,24.9924389953667
桃園市龜山區山福里1鄰興中街5號,68,6800700,6800700-005,1鄰,興中街,,,,,,5號,121.329430816788,24.9923959704933
桃園市龜山區山福里1鄰興中街7號,68,6800700,6800700-005,1鄰,興中街,,,,,,7號,121.329450437518,24.9923612583983
桃園市龜山區山福里1鄰興中街9號,68,6800700,6800700-005,1鄰,興中街,,,,,,9號,121.329464991929,24.9923212308242
桃園市龜山區山福里1鄰興中街11號,68,6800700,6800700-005,1鄰,興中街,,,,,,11號,121.329482823043,24.9922840850476
桃園市龜山區山福里1鄰興中街13號,68,6800700,6800700-005,1鄰,興中街,,,,,,13號,121.329510341654,24.992239243765
桃園市龜山區山福里1鄰興中街14號,68,6800700,6800700-005,1鄰,興中街,,,,,,14號,121.329130338721,24.9925728677646
桃園市龜山區山福里1鄰興中街15號,68,6800700,6800700-005,1鄰,興中街,,,,,,15號,121.329533026725,24.992202087233
桃園市龜山區山福里1鄰興中街16號,68,6800700,6800700-005,1鄰,興中街,,,,,,16號,121.329152813341,24.9925310170428
桃園市龜山區山福里1鄰興中街17號,68,6800700,6800700-005,1鄰,興中街,,,,,,17號,121.329550838061,24.9921575382894
桃園市龜山區山福里1鄰興中街18號,68,6800700,6800700-005,1鄰,興中街,,,,,,18號,121.329171919869,24.9924891737685
桃園市龜山區山福里1鄰興中街19號,68,6800700,6800700-005,1鄰,興中街,,,,,,19號,121.329568570306,24.9921204830039
桃園市龜山區山福里1鄰興中街20號,68,6800700,6800700-005,1鄰,興中街,,,,,,20號,121.329188824437,24.9924388487655
桃園市龜山區山福里1鄰興中街21號,68,6800700,6800700-005,1鄰,興中街,,,,,,21號,121.329586801455,24.9920847808556
桃園市龜山區山福里1鄰興中街22巷1號,68,6800700,6800700-005,1鄰,興中街,,22巷,,,,1號,121.329059093663,24.9924166552624
桃園市龜山區山福里1鄰興中街22巷2號,68,6800700,6800700-005,1鄰,興中街,,22巷,,,,2號,121.329149609487,24.992257918192
桃園市龜山區山福里1鄰興中街22巷3號,68,6800700,6800700-005,1鄰,興中街,,22巷,,,,3號,121.32901673139,24.9923930045221
桃園市龜山區山福里1鄰興中街22巷4號,68,6800700,6800700-005,1鄰,興中街,,22巷,,,,4號,121.329108943067,24.9922386875907
桃園市龜山區山福里1鄰興中街22巷5號,68,6800700,6800700-005,1鄰,興中街,,22巷,,,,5號,121.328975184451,24.9923779288477
桃園市龜山區山福里1鄰興中街22巷6號,68,6800700,6800700-005,1鄰,興中街,,22巷,,,,6號,121.329066489718,24.9922180164025
桃園市龜山區山福里1鄰興中街22巷7號,68,6800700,6800700-005,1鄰,興中街,,22巷,,,,7號,121.328866309368,24.9923010678751
桃園市龜山區山福里1鄰興中街22巷8號,68,6800700,6800700-005,1鄰,興中街,,22巷,,,,8號,121.329020870761,24.9921989772952
桃園市龜山區山福里1鄰興中街22巷9號,68,6800700,6800700-005,1鄰,興中街,,22巷,,,,9號,121.328806689329,24.9923067068939
桃園市龜山區山福里1鄰興中街22巷10號,68,6800700,6800700-005,1鄰,興中街,,22巷,,,,10號,121.328925702893,24.9921730959251
桃園市龜山區山福里1鄰興中街22巷11號,68,6800700,6800700-005,1鄰,興中街,,22巷,,,,11號,121.328764406153,24.9923127589991
桃園市龜山區山福里1鄰興中街22巷12號,68,6800700,6800700-005,1鄰,興中街,,22巷,,,,12號,121.328883348657,24.992152424465
桃園市龜山區山福里1鄰興中街22巷13號,68,6800700,6800700-005,1鄰,興中街,,22巷,,,,13號,121.328712323621,24.9923217217955
桃園市龜山區山福里1鄰興中街22巷14號,68,6800700,6800700-005,1鄰,興中街,,22巷,,,,14號,121.328836171923,24.992143590718
桃園市龜山區山福里1鄰興中街22巷15號,68,6800700,6800700-005,1鄰,興中街,,22巷,,,,15號,121.328675885752,24.9923280318113
桃園市龜山區山福里1鄰興中街22巷16號,68,6800700,6800700-005,1鄰,興中街,,22巷,,,,16號,121.32876304006,24.9921343628904
桃園市龜山區山福里1鄰興中街22巷17號,68,6800700,6800700-005,1鄰,興中街,,22巷,,,,17號,121.328625491324,24.9923385256588
桃園市龜山區山福里1鄰興中街22巷18號,68,6800700,6800700-005,1鄰,興中街,,22巷,,,,18號,121.328715918808,24.9921463843464
桃園市龜山區山福里1鄰興中街22巷19號,68,6800700,6800700-005,1鄰,興中街,,22巷,,,,19號,121.328571831955,24.9923505615092
桃園市龜山區山福里1鄰興中街22巷20號,68,6800700,6800700-005,1鄰,興中街,,22巷,,,,20號,121.328670362593,24.9921509088449
桃園市龜山區山福里1鄰興中街22巷21號,68,6800700,6800700-005,1鄰,興中街,,22巷,,,,21號,121.328527678111,24.9923609512602
桃園市龜山區山福里1鄰興中街22巷22號,68,6800700,6800700-005,1鄰,興中街,,22巷,,,,22號,121.328618280361,24.9921599618903
桃園市龜山區山福里1鄰興中街22巷23號,68,6800700,6800700-005,1鄰,興中街,,22巷,,,,23號,121.328485398741,24.9923684478053
桃園市龜山區山福里1鄰興中街22巷24號,68,6800700,6800700-005,1鄰,興中街,,22巷,,,,24號,121.328581977839,24.9921799043111
桃園市龜山區山福里1鄰興中街22巷25號,68,6800700,6800700-005,1鄰,興中街,,22巷,,,,25號,121.328430059146,24.9923819318414
桃園市龜山區山福里1鄰興中街22巷26號,68,6800700,6800700-005,1鄰,興中街,,22巷,,,,26號,121.328536437445,24.9921903874092
桃園市龜山區山福里1鄰興中街22巷28號,68,6800700,6800700-005,1鄰,興中街,,22巷,,,,28號,121.328484438171,24.9921933912664
桃園市龜山區山福里1鄰興中街22巷30號,68,6800700,6800700-005,1鄰,興中街,,22巷,,,,30號,121.328438505599,24.9922054100107
桃園市龜山區山福里1鄰興中街22巷32號,68,6800700,6800700-005,1鄰,興中街,,22巷,,,,32號,121.328388204503,24.9922137367807
桃園市龜山區山福里1鄰興中街23號,68,6800700,6800700-005,1鄰,興中街,,,,,,23號,121.329602932816,24.9920417704367
桃園市龜山區山福里1鄰興中街24號,68,6800700,6800700-005,1鄰,興中街,,,,,,24號,121.329229179012,24.9923409830423
桃園市龜山區山福里1鄰興中街25號,68,6800700,6800700-005,1鄰,興中街,,,,,,25號,121.32966186546,24.9919641771065
桃園市龜山區山福里1鄰興中街26號,68,6800700,6800700-005,1鄰,興中街,,,,,,26號,121.3292470102,24.9923038372932
桃園市龜山區山福里1鄰興中街27號,68,6800700,6800700-005,1鄰,興中街,,,,,,27號,121.329678012674,24.9919271253192
桃園市龜山區山福里1鄰興中街28號,68,6800700,6800700-005,1鄰,興中街,,,,,,28號,121.329261564429,24.9922637194557
桃園市龜山區山福里1鄰興中街29號,68,6800700,6800700-005,1鄰,興中街,,,,,,29號,121.329697428638,24.9918899760044
桃園市龜山區山福里1鄰興中街30號,68,6800700,6800700-005,1鄰,興中街,,,,,,30號,121.329288594548,24.9922214072171
桃園市龜山區山福里1鄰興中街31號,68,6800700,6800700-005,1鄰,興中街,,,,,,31號,121.329723370786,24.9918483883609
桃園市龜山區山福里1鄰興中街32號,68,6800700,6800700-005,1鄰,興中街,,,,,,32號,121.329299883836,24.9921828314112
桃園市龜山區山福里1鄰興中街33號,68,6800700,6800700-005,1鄰,興中街,,,,,,33號,121.329741197901,24.9918097980336
桃園市龜山區山福里1鄰興中街34號,68,6800700,6800700-005,1鄰,興中街,,,,,,34號,121.32932096811,24.9921397197784
桃園市龜山區山福里1鄰興中街35號,68,6800700,6800700-005,1鄰,興中街,,,,,,35號,121.329763864277,24.9917656897191
桃園市龜山區山福里1鄰興中街36號,68,6800700,6800700-005,1鄰,興中街,,,,,,36號,121.3294981856,24.9919155160019
桃園市龜山區山福里1鄰興中街37號,68,6800700,6800700-005,1鄰,興中街,,,,,,37號,121.329783272241,24.9917255610728
桃園市龜山區山福里1鄰興中街38號,68,6800700,6800700-005,1鄰,興中街,,,,,,38號,121.329522369764,24.9918833217135
桃園市龜山區山福里1鄰興中街39號,68,6800700,6800700-005,1鄰,興中街,,,,,,39號,121.329807654414,24.9916933662993
桃園市龜山區山福里1鄰興中街40號,68,6800700,6800700-005,1鄰,興中街,,,,,,40號,121.329549904643,24.9918446196272
桃園市龜山區山福里1鄰興中街41號,68,6800700,6800700-005,1鄰,興中街,,,,,,41號,121.329827177313,24.9916591960677
桃園市龜山區山福里1鄰興中街42號,68,6800700,6800700-005,1鄰,興中街,,,,,,42號,121.329591584087,24.9917608350092
桃園市龜山區山福里1鄰興中街43號,68,6800700,6800700-005,1鄰,興中街,,,,,,43號,121.329849630813,24.991609580951
桃園市龜山區山福里1鄰興中街45號,68,6800700,6800700-005,1鄰,興中街,,,,,,45號,121.329870726606,24.9915708930788
桃園市龜山區山福里1鄰興中街46號,68,6800700,6800700-005,1鄰,興中街,,,,,,46號,121.329702715425,24.9914580506087
桃園市龜山區山福里1鄰興中街47號,68,6800700,6800700-005,1鄰,興中街,,,,,,47號,121.32989339964,24.991529312652
桃園市龜山區山福里1鄰興中街48號,68,6800700,6800700-005,1鄰,興中街,,,,,,48號,121.329721717968,24.9914144921147
桃園市龜山區山福里1鄰興中街49號,68,6800700,6800700-005,1鄰,興中街,,,,,,49號,121.329911246659,24.9914982157451
桃園市龜山區山福里1鄰興中街50號,68,6800700,6800700-005,1鄰,興中街,,,,,,50號,121.32974283376,24.9913832977012
桃園市龜山區山福里1鄰興中街51號,68,6800700,6800700-005,1鄰,興中街,,,,,,51號,121.329932231544,24.9914551042447
桃園市龜山區山福里1鄰興中街52號,68,6800700,6800700-005,1鄰,興中街,,,,,,52號,121.329762261424,24.9913505722154
桃園市龜山區山福里1鄰興中街53號,68,6800700,6800700-005,1鄰,興中街,,,,,,53號,121.329963688118,24.9914012258483
桃園市龜山區山福里1鄰興中街53號五樓,68,6800700,6800700-005,1鄰,興中街,,,,,,53號五樓,121.329963688118,24.9914012258483
桃園市龜山區山福里1鄰興中街53號二樓,68,6800700,6800700-005,1鄰,興中街,,,,,,53號二樓,121.329963688118,24.9914012258483
桃園市龜山區山福里1鄰興中街53號三樓,68,6800700,6800700-005,1鄰,興中街,,,,,,53號三樓,121.329963688118,24.9914012258483
桃園市龜山區山福里1鄰興中街53號四樓,68,6800700,6800700-005,1鄰,興中街,,,,,,53號四樓,121.329963688118,24.9914012258483
