FULL_ADDR,COUNTY,TOWN,VILLAGE,NEIGHBORHOOD,ROAD,SECTION,LANE,ALLEY,SUB_ALLEY,TONG,NUMBER,X,Y
桃園市龜山區龍華里12鄰萬壽一段402之1號七樓,68,6800700,6800700-024,12鄰,萬壽,一段,,,,,402之1號七樓,121.399858447839,25.0168972737557
桃園市龜山區龜山里25鄰萬壽二段758之1號,68,6800700,6800700-002,25鄰,萬壽,二段,,,,,758之1號,121.342891276776,24.9973498055217
