FULL_ADDR,COUNTY,TOWN,VILLAGE,NEIGHBORHOOD,ROAD,SECTION,LANE,ALLEY,SUB_ALLEY,TONG,NUMBER,X,Y
桃園市大溪區仁文里5鄰自強街1號,68,6800300,6800300-026,5鄰,自強街,,,,,,1號,121.284129250295,24.9007396791645
桃園市大溪區仁文里8鄰自強街2巷1號,68,6800300,6800300-026,8鄰,自強街,,2巷,,,,1號,121.284263583779,24.9006990661954
桃園市大溪區仁文里8鄰自強街2巷2號,68,6800300,6800300-026,8鄰,自強街,,2巷,,,,2號,121.284122221894,24.9006098637125
桃園市大溪區仁文里8鄰自強街2巷3號,68,6800300,6800300-026,8鄰,自強街,,2巷,,,,3號,121.284285080883,24.9006630920811
桃園市大溪區仁文里8鄰自強街2巷4號,68,6800300,6800300-026,8鄰,自強街,,2巷,,,,4號,121.284141148023,24.9005750682102
桃園市大溪區仁文里8鄰自強街2巷5號,68,6800300,6800300-026,8鄰,自強街,,2巷,,,,5號,121.284313017577,24.9006294530843
桃園市大溪區仁文里8鄰自強街2巷6號,68,6800300,6800300-026,8鄰,自強街,,2巷,,,,6號,121.284168977687,24.9005379083557
桃園市大溪區仁文里8鄰自強街2巷7號,68,6800300,6800300-026,8鄰,自強街,,2巷,,,,7號,121.284333907697,24.900587792208
桃園市大溪區仁文里8鄰自強街2巷8號,68,6800300,6800300-026,8鄰,自強街,,2巷,,,,8號,121.284195616998,24.9004996673515
桃園市大溪區仁文里8鄰自強街2巷9號,68,6800300,6800300-026,8鄰,自強街,,2巷,,,,9號,121.284359279568,24.9005580403156
桃園市大溪區仁文里8鄰自強街2巷10號,68,6800300,6800300-026,8鄰,自強街,,2巷,,,,10號,121.284219687775,24.9004636883433
桃園市大溪區仁文里8鄰自強街2巷11號,68,6800300,6800300-026,8鄰,自強街,,2巷,,,,11號,121.28438968016,24.9005197018243
桃園市大溪區仁文里8鄰自強街2巷12號,68,6800300,6800300-026,8鄰,自強街,,2巷,,,,12號,121.284245649233,24.9004320393761
桃園市大溪區仁文里8鄰自強街2巷13號,68,6800300,6800300-026,8鄰,自強街,,2巷,,,,13號,121.284415040417,24.9004848940231
桃園市大溪區仁文里8鄰自強街2巷14號,68,6800300,6800300-026,8鄰,自強街,,2巷,,,,14號,121.284274153965,24.9003871137647
桃園市大溪區仁文里8鄰自強街2巷15號,68,6800300,6800300-026,8鄰,自強街,,2巷,,,,15號,121.284431965169,24.900440712731
桃園市大溪區仁文里8鄰自強街2巷16號,68,6800300,6800300-026,8鄰,自強街,,2巷,,,,16號,121.284302881677,24.9003531121246
桃園市大溪區仁文里8鄰自強街2巷17號,68,6800300,6800300-026,8鄰,自強街,,2巷,,,,17號,121.28446020391,24.9004093302383
桃園市大溪區仁文里8鄰自強街2巷19號,68,6800300,6800300-026,8鄰,自強街,,2巷,,,,19號,121.284482573381,24.9003653191279
桃園市大溪區仁文里5鄰自強街3號,68,6800300,6800300-026,5鄰,自強街,,,,,,3號,121.284171563096,24.9007591902734
桃園市大溪區仁文里8鄰自強街4巷1號,68,6800300,6800300-026,8鄰,自強街,,4巷,,,,1號,121.284484022049,24.9008245926422
桃園市大溪區仁文里8鄰自強街4巷2號,68,6800300,6800300-026,8鄰,自強街,,4巷,,,,2號,121.284341004369,24.9007473110559
桃園市大溪區仁文里8鄰自強街4巷3號,68,6800300,6800300-026,8鄰,自強街,,4巷,,,,3號,121.284506800576,24.9007862686614
桃園市大溪區仁文里8鄰自強街4巷4號,68,6800300,6800300-026,8鄰,自強街,,4巷,,,,4號,121.28436507515,24.9007113320254
桃園市大溪區仁文里8鄰自強街4巷5號,68,6800300,6800300-026,8鄰,自強街,,4巷,,,,5號,121.284534625002,24.9007468516425
桃園市大溪區仁文里8鄰自強街4巷6號,68,6800300,6800300-026,8鄰,自強街,,4巷,,,,6號,121.284390331086,24.9006741770358
桃園市大溪區仁文里8鄰自強街4巷7號,68,6800300,6800300-026,8鄰,自強街,,4巷,,,,7號,121.284558695728,24.9007108725812
桃園市大溪區仁文里8鄰自強街4巷8號,68,6800300,6800300-026,8鄰,自強街,,4巷,,,,8號,121.284413117685,24.9006393741412
桃園市大溪區仁文里8鄰自強街4巷9號,68,6800300,6800300-026,8鄰,自強街,,4巷,,,,9號,121.284580399419,24.9006786899718
桃園市大溪區仁文里8鄰自強街4巷10號,68,6800300,6800300-026,8鄰,自強街,,4巷,,,,10號,121.284439754251,24.9005999594036
桃園市大溪區仁文里8鄰自強街4巷11號,68,6800300,6800300-026,8鄰,自強街,,4巷,,,,11號,121.28460833086,24.9006427938227
桃園市大溪區仁文里8鄰自強街4巷12號,68,6800300,6800300-026,8鄰,自強街,,4巷,,,,12號,121.284475715954,24.9005693747435
桃園市大溪區仁文里8鄰自強街4巷13號,68,6800300,6800300-026,8鄰,自強街,,4巷,,,,13號,121.284631018403,24.9006079910841
桃園市大溪區仁文里8鄰自強街4巷14號,68,6800300,6800300-026,8鄰,自強街,,4巷,,,,14號,121.284497201386,24.9005283446994
桃園市大溪區仁文里8鄰自強街4巷15號,68,6800300,6800300-026,8鄰,自強街,,4巷,,,,15號,121.284658941531,24.900568483569
桃園市大溪區仁文里8鄰自強街4巷16號,68,6800300,6800300-026,8鄰,自強街,,4巷,,,,16號,121.284519489676,24.9004920981896
桃園市大溪區仁文里8鄰自強街4巷17號,68,6800300,6800300-026,8鄰,自強街,,4巷,,,,17號,121.284682412253,24.9005298873872
桃園市大溪區仁文里8鄰自強街4巷18號,68,6800300,6800300-026,8鄰,自強街,,4巷,,,,18號,121.284548608742,24.9004561095018
桃園市大溪區仁文里8鄰自強街4巷19號,68,6800300,6800300-026,8鄰,自強街,,4巷,,,,19號,121.284709054095,24.9004928199836
桃園市大溪區仁文里8鄰自強街4巷20號,68,6800300,6800300-026,8鄰,自強街,,4巷,,,,20號,121.28457396625,24.900420127983
桃園市大溪區仁文里8鄰自強街4巷21號,68,6800300,6800300-026,8鄰,自強街,,4巷,,,,21號,121.284732540114,24.9004609048035
桃園市大溪區仁文里8鄰自強街4巷22號,68,6800300,6800300-026,8鄰,自強街,,4巷,,,,22號,121.284593985645,24.9003873165931
桃園市大溪區仁文里8鄰自強街4巷23號,68,6800300,6800300-026,8鄰,自強街,,4巷,,,,23號,121.28475909516,24.9004291643307
桃園市大溪區仁文里8鄰自強街4巷24號,68,6800300,6800300-026,8鄰,自強街,,4巷,,,,24號,121.284618763278,24.9003574755058
桃園市大溪區仁文里8鄰自強街4巷25號,68,6800300,6800300-026,8鄰,自強街,,4巷,,,,25號,121.284781381285,24.9003920149429
桃園市大溪區仁文里5鄰自強街5號,68,6800300,6800300-026,5鄰,自強街,,,,,,5號,121.284212705211,24.9007861971978
桃園市大溪區仁文里9鄰自強街6巷1號,68,6800300,6800300-026,9鄰,自強街,,6巷,,,,1號,121.28469403696,24.9009370474241
桃園市大溪區仁文里9鄰自強街6巷2號,68,6800300,6800300-026,9鄰,自強街,,6巷,,,,2號,121.284580074539,24.9008823719849
桃園市大溪區仁文里9鄰自強街6巷3號,68,6800300,6800300-026,9鄰,自強街,,6巷,,,,3號,121.284716630929,24.9009045922441
桃園市大溪區仁文里9鄰自強街6巷4號,68,6800300,6800300-026,9鄰,自強街,,6巷,,,,4號,121.284599091701,24.9008441454492
桃園市大溪區仁文里9鄰自強街6巷5號,68,6800300,6800300-026,9鄰,自強街,,6巷,,,,5號,121.284740494334,24.9008645507564
桃園市大溪區仁文里9鄰自強街6巷6號,68,6800300,6800300-026,9鄰,自強街,,6巷,,,,6號,121.284626915903,24.9008046381296
桃園市大溪區仁文里9鄰自強街6巷7號,68,6800300,6800300-026,9鄰,自強街,,6巷,,,,7號,121.284764771491,24.9008322729252
桃園市大溪區仁文里9鄰自強街6巷8號,68,6800300,6800300-026,9鄰,自強街,,6巷,,,,8號,121.284649699973,24.9007687517929
桃園市大溪區仁文里9鄰自強街6巷9號,68,6800300,6800300-026,9鄰,自強街,,6巷,,,,9號,121.284785574105,24.9007956680756
桃園市大溪區仁文里9鄰自強街6巷10號,68,6800300,6800300-026,9鄰,自強街,,6巷,,,,10號,121.284672467878,24.9007258233077
桃園市大溪區仁文里9鄰自強街6巷11號,68,6800300,6800300-026,9鄰,自強街,,6巷,,,,11號,121.284822016215,24.9007587625147
桃園市大溪區仁文里9鄰自強街6巷12號,68,6800300,6800300-026,9鄰,自強街,,6巷,,,,12號,121.284695257098,24.9006921940617
桃園市大溪區仁文里9鄰自強街6巷13號,68,6800300,6800300-026,9鄰,自強街,,6巷,,,,13號,121.284836287655,24.900723072969
桃園市大溪區仁文里9鄰自強街6巷14號,68,6800300,6800300-026,9鄰,自強街,,6巷,,,,14號,121.284745358318,24.9006547207486
桃園市大溪區仁文里9鄰自強街6巷15號,68,6800300,6800300-026,9鄰,自強街,,6巷,,,,15號,121.284863731965,24.9006906085063
桃園市大溪區仁文里9鄰自強街6巷16號,68,6800300,6800300-026,9鄰,自強街,,6巷,,,,16號,121.284773278727,24.9006140395217
桃園市大溪區仁文里9鄰自強街6巷17號,68,6800300,6800300-026,9鄰,自強街,,6巷,,,,17號,121.284887600463,24.9006528240925
桃園市大溪區仁文里9鄰自強街6巷18號,68,6800300,6800300-026,9鄰,自強街,,6巷,,,,18號,121.284797258449,24.9005815816836
桃園市大溪區仁文里9鄰自強街6巷19號,68,6800300,6800300-026,9鄰,自強街,,6巷,,,,19號,121.284919788709,24.9006171003259
桃園市大溪區仁文里9鄰自強街6巷20號,68,6800300,6800300-026,9鄰,自強街,,6巷,,,,20號,121.284824089127,24.9005405413899
桃園市大溪區仁文里9鄰自強街6巷21號,68,6800300,6800300-026,9鄰,自強街,,6巷,,,,21號,121.284938818992,24.9005846519172
桃園市大溪區仁文里9鄰自強街6巷22號,68,6800300,6800300-026,9鄰,自強街,,6巷,,,,22號,121.284844403781,24.9005070071292
桃園市大溪區仁文里9鄰自強街6巷23號,68,6800300,6800300-026,9鄰,自強街,,6巷,,,,23號,121.284960306553,24.9005446149309
桃園市大溪區仁文里9鄰自強街6巷24號,68,6800300,6800300-026,9鄰,自強街,,6巷,,,,24號,121.284875090812,24.9004641537775
桃園市大溪區仁文里9鄰自強街6巷25號,68,6800300,6800300-026,9鄰,自強街,,6巷,,,,25號,121.284986558168,24.9005100761843
桃園市大溪區仁文里9鄰自強街6巷26號,68,6800300,6800300-026,9鄰,自強街,,6巷,,,,26號,121.284905493916,24.900426988873
桃園市大溪區仁文里9鄰自強街6巷27號,68,6800300,6800300-026,9鄰,自強街,,6巷,,,,27號,121.285010426386,24.9004722014666
桃園市大溪區仁文里5鄰自強街7號,68,6800300,6800300-026,5鄰,自強街,,,,,,7號,121.284252647079,24.9008077893389
桃園市大溪區仁文里9鄰自強街8巷1號,68,6800300,6800300-026,9鄰,自強街,,8巷,,,,1號,121.284912590745,24.9010605905689
桃園市大溪區仁文里9鄰自強街8巷2號,68,6800300,6800300-026,9鄰,自強街,,8巷,,,,2號,121.284846586555,24.9010267697024
桃園市大溪區仁文里9鄰自強街8巷3號,68,6800300,6800300-026,9鄰,自強街,,8巷,,,,3號,121.284935179703,24.9010259685429
桃園市大溪區仁文里9鄰自強街8巷4號,68,6800300,6800300-026,9鄰,自強街,,8巷,,,,4號,121.284866103779,24.9009907992866
桃園市大溪區仁文里9鄰自強街8巷5號,68,6800300,6800300-026,9鄰,自強街,,8巷,,,,5號,121.284958653948,24.9009889071465
桃園市大溪區仁文里9鄰自強街8巷6號,68,6800300,6800300-026,9鄰,自強街,,8巷,,,,6號,121.284896711621,24.9009565230924
桃園市大溪區仁文里9鄰自強街8巷7號,68,6800300,6800300-026,9鄰,自強街,,8巷,,,,7號,121.284983720076,24.9009553637933
桃園市大溪區仁文里9鄰自強街8巷8號,68,6800300,6800300-026,9鄰,自強街,,8巷,,,,8號,121.284920475989,24.9009164817656
桃園市大溪區仁文里9鄰自強街8巷9號,68,6800300,6800300-026,9鄰,自強街,,8巷,,,,9號,121.2850027506,24.9009230056615
桃園市大溪區仁文里9鄰自強街8巷10號,68,6800300,6800300-026,9鄰,自強街,,8巷,,,,10號,121.284945537139,24.9008807716048
桃園市大溪區仁文里9鄰自強街8巷11號,68,6800300,6800300-026,9鄰,自強街,,8巷,,,,11號,121.285031367841,24.9008840384585
桃園市大溪區仁文里9鄰自強街8巷12號,68,6800300,6800300-026,9鄰,自強街,,8巷,,,,12號,121.28496704216,24.9008483184669
桃園市大溪區仁文里9鄰自強街8巷13號,68,6800300,6800300-026,9鄰,自強街,,8巷,,,,13號,121.285057421945,24.9008496806466
桃園市大溪區仁文里9鄰自強街8巷14號,68,6800300,6800300-026,9鄰,自強街,,8巷,,,,14號,121.284995654627,24.9008072747406
桃園市大溪區仁文里9鄰自強街8巷15號,68,6800300,6800300-026,9鄰,自強街,,8巷,,,,15號,121.285081497722,24.9008159586003
桃園市大溪區仁文里9鄰自強街8巷16號,68,6800300,6800300-026,9鄰,自強街,,8巷,,,,16號,121.285017060634,24.9007748217845
桃園市大溪區仁文里9鄰自強街8巷17號,68,6800300,6800300-026,9鄰,自強街,,8巷,,,,17號,121.285108919588,24.9007737434314
桃園市大溪區仁文里9鄰自強街8巷18號,68,6800300,6800300-026,9鄰,自強街,,8巷,,,,18號,121.285043309586,24.9007391093379
桃園市大溪區仁文里9鄰自強街8巷19號,68,6800300,6800300-026,9鄰,自強街,,8巷,,,,19號,121.28512914517,24.90074454295
桃園市大溪區仁文里9鄰自強街8巷20號,68,6800300,6800300-026,9鄰,自強街,,8巷,,,,20號,121.285066974462,24.9006988876087
桃園市大溪區仁文里9鄰自強街8巷21號,68,6800300,6800300-026,9鄰,自強街,,8巷,,,,21號,121.285154189008,24.9007013391898
桃園市大溪區仁文里9鄰自強街8巷22號,68,6800300,6800300-026,9鄰,自強街,,8巷,,,,22號,121.285089672255,24.9006685989971
桃園市大溪區仁文里9鄰自強街8巷23號,68,6800300,6800300-026,9鄰,自強街,,8巷,,,,23號,121.28518163074,24.9006677912625
桃園市大溪區仁文里9鄰自強街8巷24號,68,6800300,6800300-026,9鄰,自強街,,8巷,,,,24號,121.285118291899,24.9006307151838
桃園市大溪區仁文里9鄰自強街8巷26號,68,6800300,6800300-026,9鄰,自強街,,8巷,,,,26號,121.285138507707,24.9005972713571
桃園市大溪區仁文里9鄰自強街8巷28號,68,6800300,6800300-026,9鄰,自強街,,8巷,,,,28號,121.285169505521,24.9005604664004
桃園市大溪區仁文里5鄰自強街9號,68,6800300,6800300-026,5鄰,自強街,,,,,,9號,121.284292591649,24.90083055516
桃園市大溪區仁文里10鄰自強街10號,68,6800300,6800300-026,10鄰,自強街,,,,,,10號,121.285083037513,24.9010984552356
桃園市大溪區仁文里5鄰自強街11號,68,6800300,6800300-026,5鄰,自強街,,,,,,11號,121.284331348168,24.9008532329501
桃園市大溪區仁文里10鄰自強街12號,68,6800300,6800300-026,10鄰,自強街,,,,,,12號,121.285141786192,24.901119469493
桃園市大溪區仁文里5鄰自強街13號,68,6800300,6800300-026,5鄰,自強街,,,,,,13號,121.284381391846,24.9008769726277
桃園市大溪區仁文里10鄰自強街14號,68,6800300,6800300-026,10鄰,自強街,,,,,,14號,121.285202426668,24.9011452651785
桃園市大溪區仁文里5鄰自強街15號,68,6800300,6800300-026,5鄰,自強街,,,,,,15號,121.284422920481,24.9008998256784
桃園市大溪區仁文里10鄰自強街16號,68,6800300,6800300-026,10鄰,自強街,,,,,,16號,121.285262979593,24.9011760266428
桃園市大溪區仁文里5鄰自強街17號,68,6800300,6800300-026,5鄰,自強街,,,,,,17號,121.284469403099,24.9009246555264
桃園市大溪區仁文里10鄰自強街18號,68,6800300,6800300-026,10鄰,自強街,,,,,,18號,121.285323532341,24.9012066977983
桃園市大溪區仁文里5鄰自強街19號,68,6800300,6800300-026,5鄰,自強街,,,,,,19號,121.284530752819,24.9009576728792
桃園市大溪區仁文里10鄰自強街20號,68,6800300,6800300-026,10鄰,自強街,,,,,,20號,121.285393001769,24.9012406923914
桃園市大溪區仁文里5鄰自強街21號,68,6800300,6800300-026,5鄰,自強街,,,,,,21號,121.284568914249,24.9009798100357
桃園市大溪區仁文里10鄰自強街22號,68,6800300,6800300-026,10鄰,自強街,,,,,,22號,121.285420841843,24.9012512023966
桃園市大溪區仁文里5鄰自強街23號,68,6800300,6800300-026,5鄰,自強街,,,,,,23號,121.284608264795,24.9010024866197
桃園市大溪區仁文里10鄰自強街24號,68,6800300,6800300-026,10鄰,自強街,,,,,,24號,121.285455409406,24.9012600744076
桃園市大溪區仁文里5鄰自強街25號,68,6800300,6800300-026,5鄰,自強街,,,,,,25號,121.284648211977,24.9010263357507
桃園市大溪區仁文里10鄰自強街26號,68,6800300,6800300-026,10鄰,自強街,,,,,,26號,121.285523078204,24.9012858565138
桃園市大溪區仁文里5鄰自強街27號,68,6800300,6800300-026,5鄰,自強街,,,,,,27號,121.284687562552,24.9010490123134
桃園市大溪區仁文里10鄰自強街28巷1弄1號,68,6800300,6800300-026,10鄰,自強街,,28巷,1弄,,,1號,121.285717066151,24.9012295991633
桃園市大溪區仁文里10鄰自強街28巷1弄2號,68,6800300,6800300-026,10鄰,自強街,,28巷,1弄,,,2號,121.285730729785,24.9011449766118
桃園市大溪區仁文里10鄰自強街28巷1弄3號,68,6800300,6800300-026,10鄰,自強街,,28巷,1弄,,,3號,121.285775519487,24.9012512457252
桃園市大溪區仁文里10鄰自強街28巷1弄4號,68,6800300,6800300-026,10鄰,自強街,,28巷,1弄,,,4號,121.285788000211,24.9011687922578
桃園市大溪區仁文里10鄰自強街28巷1弄5號,68,6800300,6800300-026,10鄰,自強街,,28巷,1弄,,,5號,121.285831795302,24.9012729867201
桃園市大溪區仁文里10鄰自強街28巷1弄6號,68,6800300,6800300-026,10鄰,自強街,,28巷,1弄,,,6號,121.285844581274,24.9011941440354
桃園市大溪區仁文里10鄰自強街28巷1弄7號,68,6800300,6800300-026,10鄰,自強街,,28巷,1弄,,,7號,121.28588600839,24.9013016835367
桃園市大溪區仁文里10鄰自強街28巷1弄8號,68,6800300,6800300-026,10鄰,自強街,,28巷,1弄,,,8號,121.285901270291,24.901223377809
桃園市大溪區仁文里10鄰自強街28巷1弄9號,68,6800300,6800300-026,10鄰,自強街,,28巷,1弄,,,9號,121.285943866609,24.9013227894666
桃園市大溪區仁文里10鄰自強街28巷1弄10號,68,6800300,6800300-026,10鄰,自強街,,28巷,1弄,,,10號,121.285956661667,24.9012479192648
桃園市大溪區仁文里10鄰自強街28巷1弄11號,68,6800300,6800300-026,10鄰,自強街,,28巷,1弄,,,11號,121.286002828494,24.9013503034428
桃園市大溪區仁文里10鄰自強街28巷1弄12號,68,6800300,6800300-026,10鄰,自強街,,28巷,1弄,,,12號,121.286025832034,24.9012809210077
桃園市大溪區仁文里10鄰自強街28巷2弄1號,68,6800300,6800300-026,10鄰,自強街,,28巷,2弄,,,1號,121.285669979823,24.9011146671366
桃園市大溪區仁文里10鄰自強街28巷2弄2號,68,6800300,6800300-026,10鄰,自強街,,28巷,2弄,,,2號,121.285614498744,24.9011801391881
桃園市大溪區仁文里10鄰自強街28巷2弄3號,68,6800300,6800300-026,10鄰,自強街,,28巷,2弄,,,3號,121.285614289727,24.9010893135864
桃園市大溪區仁文里10鄰自強街28巷2弄4號,68,6800300,6800300-026,10鄰,自強街,,28巷,2弄,,,4號,121.285557907762,24.9011504536956
桃園市大溪區仁文里10鄰自強街28巷2弄5號,68,6800300,6800300-026,10鄰,自強街,,28巷,2弄,,,5號,121.285557711251,24.9010650451271
桃園市大溪區仁文里10鄰自強街28巷2弄6號,68,6800300,6800300-026,10鄰,自強街,,28巷,2弄,,,6號,121.285499745454,24.901126188246
桃園市大溪區仁文里10鄰自強街28巷2弄7號,68,6800300,6800300-026,10鄰,自強街,,28巷,2弄,,,7號,121.285499245579,24.9010379814441
桃園市大溪區仁文里10鄰自強街28巷2弄8號,68,6800300,6800300-026,10鄰,自強街,,28巷,2弄,,,8號,121.285440487235,24.9010988552041
桃園市大溪區仁文里10鄰自強街28巷2弄9號,68,6800300,6800300-026,10鄰,自強街,,28巷,2弄,,,9號,121.28544980054,24.9010164078217
桃園市大溪區仁文里10鄰自強街28巷2弄10號,68,6800300,6800300-026,10鄰,自強街,,28巷,2弄,,,10號,121.285384502511,24.9010744952586
桃園市大溪區仁文里10鄰自強街28巷2弄11號,68,6800300,6800300-026,10鄰,自強街,,28巷,2弄,,,11號,121.285324850845,24.9009621151131
桃園市大溪區仁文里10鄰自強街28巷2弄12號,68,6800300,6800300-026,10鄰,自強街,,28巷,2弄,,,12號,121.285327818663,24.9010474281
桃園市大溪區仁文里10鄰自強街28巷2弄13號,68,6800300,6800300-026,10鄰,自強街,,28巷,2弄,,,13號,121.285343303334,24.9009367099349
桃園市大溪區仁文里10鄰自強街28巷2弄14號,68,6800300,6800300-026,10鄰,自強街,,28巷,2弄,,,14號,121.285271245241,24.9010253263449
桃園市大溪區仁文里10鄰自強街28巷2弄15號,68,6800300,6800300-026,10鄰,自強街,,28巷,2弄,,,15號,121.285360065542,24.9009080577526
桃園市大溪區仁文里10鄰自強街28巷2弄16號,68,6800300,6800300-026,10鄰,自強街,,28巷,2弄,,,16號,121.285210994124,24.9009966408447
桃園市大溪區仁文里10鄰自強街28巷2弄17號,68,6800300,6800300-026,10鄰,自強街,,28巷,2弄,,,17號,121.285380272401,24.9008707316867
桃園市大溪區仁文里10鄰自強街28巷2弄18號,68,6800300,6800300-026,10鄰,自強街,,28巷,2弄,,,18號,121.285160368551,24.9009782293331
桃園市大溪區仁文里10鄰自強街28巷2弄19號,68,6800300,6800300-026,10鄰,自強街,,28巷,2弄,,,19號,121.28533384108,24.9008252269204
桃園市大溪區仁文里10鄰自強街28巷2弄21號,68,6800300,6800300-026,10鄰,自強街,,28巷,2弄,,,21號,121.285316489929,24.9008560470495
桃園市大溪區仁文里10鄰自強街28巷2弄23號,68,6800300,6800300-026,10鄰,自強街,,28巷,2弄,,,23號,121.285302197444,24.9008825276812
桃園市大溪區仁文里10鄰自強街28巷2弄25號,68,6800300,6800300-026,10鄰,自強街,,28巷,2弄,,,25號,121.2852837462,24.9009084745579
桃園市大溪區仁文里10鄰自強街28巷2弄27號,68,6800300,6800300-026,10鄰,自強街,,28巷,2弄,,,27號,121.285268275803,24.900939291085
桃園市大溪區仁文里5鄰自強街29號,68,6800300,6800300-026,5鄰,自強街,,,,,,29號,121.284730179345,24.9010715020636
桃園市大溪區仁文里10鄰自強街30號,68,6800300,6800300-026,10鄰,自強街,,,,,,30號,121.285642449752,24.901367877009
桃園市大溪區仁文里5鄰自強街31號,68,6800300,6800300-026,5鄰,自強街,,,,,,31號,121.284770720297,24.9010952597438
桃園市大溪區仁文里10鄰自強街32號,68,6800300,6800300-026,10鄰,自強街,,,,,,32號,121.285696151685,24.901389532698
桃園市大溪區仁文里5鄰自強街33號,68,6800300,6800300-026,5鄰,自強街,,,,,,33號,121.284811257741,24.9011174825865
桃園市大溪區仁文里10鄰自強街34號,68,6800300,6800300-026,10鄰,自強街,,,,,,34號,121.285755103778,24.9014128034292
桃園市大溪區仁文里5鄰自強街35號,68,6800300,6800300-026,5鄰,自強街,,,,,,35號,121.284850607131,24.9011396174019
桃園市大溪區仁文里10鄰自強街36號,68,6800300,6800300-026,10鄰,自強街,,,,,,36號,121.28580286622,24.901434380171
桃園市大溪區仁文里5鄰自強街37號,68,6800300,6800300-026,5鄰,自強街,,,,,,37號,121.284889855267,24.9011607592729
桃園市大溪區仁文里10鄰自強街38號,68,6800300,6800300-026,10鄰,自強街,,,,,,38號,121.285870350931,24.9014661212338
桃園市大溪區仁文里5鄰自強街39號,68,6800300,6800300-026,5鄰,自強街,,,,,,39號,121.284932769515,24.9011834289649
桃園市大溪區仁文里11鄰自強街40號,68,6800300,6800300-026,11鄰,自強街,,,,,,40號,121.285931088634,24.9014910135905
桃園市大溪區仁文里5鄰自強街41號,68,6800300,6800300-026,5鄰,自強街,,,,,,41號,121.284973309297,24.9012066448857
桃園市大溪區仁文里11鄰自強街42之1號,68,6800300,6800300-026,11鄰,自強街,,,,,,42之1號,121.28606525944,24.9015515177175
桃園市大溪區仁文里11鄰自強街42號,68,6800300,6800300-026,11鄰,自強街,,,,,,42號,121.286007987536,24.9015271604778
桃園市大溪區仁文里5鄰自強街43號,68,6800300,6800300-026,5鄰,自強街,,,,,,43號,121.285013254127,24.9012294105103
桃園市大溪區仁文里5鄰自強街45號,68,6800300,6800300-026,5鄰,自強街,,,,,,45號,121.285088405093,24.9012373925143
桃園市大溪區仁文里11鄰自強街46號,68,6800300,6800300-026,11鄰,自強街,,,,,,46號,121.286120552839,24.9015764204351
桃園市大溪區仁文里5鄰自強街47號,68,6800300,6800300-026,5鄰,自強街,,,,,,47號,121.285125959294,24.9012536622072
桃園市大溪區仁文里11鄰自強街48號,68,6800300,6800300-026,11鄰,自強街,,,,,,48號,121.286174264936,24.9016024095765
桃園市大溪區仁文里5鄰自強街49號,68,6800300,6800300-026,5鄰,自強街,,,,,,49號,121.285167669572,24.9012692919566
桃園市大溪區仁文里11鄰自強街50號,68,6800300,6800300-026,11鄰,自強街,,,,,,50號,121.2862338149,24.9016273040868
桃園市大溪區仁文里5鄰自強街51號,68,6800300,6800300-026,5鄰,自強街,,,,,,51號,121.28520641539,24.9012871844687
桃園市大溪區仁文里11鄰自強街52號,68,6800300,6800300-026,11鄰,自強街,,,,,,52號,121.286293468666,24.9016542749125
桃園市大溪區仁文里5鄰自強街53號,68,6800300,6800300-026,5鄰,自強街,,,,,,53號,121.28525169426,24.9013049741957
桃園市大溪區仁文里11鄰自強街54巷1號,68,6800300,6800300-026,11鄰,自強街,,54巷,,,,1號,121.286440586125,24.9016626598211
桃園市大溪區仁文里11鄰自強街54巷2弄1號,68,6800300,6800300-026,11鄰,自強街,,54巷,2弄,,,1號,121.286396432842,24.9014464234342
桃園市大溪區仁文里11鄰自強街54巷2弄2號,68,6800300,6800300-026,11鄰,自強街,,54巷,2弄,,,2號,121.286369557252,24.9015107574359
桃園市大溪區仁文里11鄰自強街54巷2弄3號,68,6800300,6800300-026,11鄰,自強街,,54巷,2弄,,,3號,121.2863564954,24.9014269986874
桃園市大溪區仁文里11鄰自強街54巷2弄4號,68,6800300,6800300-026,11鄰,自強街,,54巷,2弄,,,4號,121.286309408596,24.9014837875895
桃園市大溪區仁文里11鄰自強街54巷2弄5號,68,6800300,6800300-026,11鄰,自強街,,54巷,2弄,,,5號,121.286321319216,24.9014118081539
桃園市大溪區仁文里11鄰自強街54巷2弄6號,68,6800300,6800300-026,11鄰,自強街,,54巷,2弄,,,6號,121.286253324541,24.9014594281643
桃園市大溪區仁文里11鄰自強街54巷2弄7號,68,6800300,6800300-026,11鄰,自強街,,54巷,2弄,,,7號,121.286294464544,24.9013994004569
桃園市大溪區仁文里11鄰自強街54巷2弄8號,68,6800300,6800300-026,11鄰,自強街,,54巷,2弄,,,8號,121.286197340746,24.9014356102313
桃園市大溪區仁文里11鄰自強街54巷2弄9號,68,6800300,6800300-026,11鄰,自強街,,54巷,2弄,,,9號,121.286260475198,24.90138375621
桃園市大溪區仁文里11鄰自強街54巷2弄10號,68,6800300,6800300-026,11鄰,自強街,,54巷,2弄,,,10號,121.286136502781,24.9014101764696
桃園市大溪區仁文里11鄰自強街54巷2弄11號,68,6800300,6800300-026,11鄰,自強街,,54巷,2弄,,,11號,121.286228961618,24.901368558627
桃園市大溪區仁文里11鄰自強街54巷2弄12號,68,6800300,6800300-026,11鄰,自強街,,54巷,2弄,,,12號,121.286080516741,24.9013853653693
桃園市大溪區仁文里11鄰自強街54巷2弄13號,68,6800300,6800300-026,11鄰,自強街,,54巷,2弄,,,13號,121.286199729989,24.9013556137671
桃園市大溪區仁文里11鄰自強街54巷2弄15號,68,6800300,6800300-026,11鄰,自強街,,54巷,2弄,,,15號,121.286167527458,24.9013421328942
桃園市大溪區仁文里11鄰自強街54巷2弄17號,68,6800300,6800300-026,11鄰,自強街,,54巷,2弄,,,17號,121.286113925703,24.9013210188887
桃園市大溪區仁文里11鄰自強街54巷3號,68,6800300,6800300-026,11鄰,自強街,,54巷,,,,3號,121.286444127854,24.9016102881355
桃園市大溪區仁文里11鄰自強街54巷5號,68,6800300,6800300-026,11鄰,自強街,,54巷,,,,5號,121.286447782114,24.901563784712
桃園市大溪區仁文里11鄰自強街54巷7號,68,6800300,6800300-026,11鄰,自強街,,54巷,,,,7號,121.286462686079,24.901502091928
桃園市大溪區仁文里5鄰自強街55號,68,6800300,6800300-026,5鄰,自強街,,,,,,55號,121.285296973349,24.9013228541926
桃園市大溪區仁文里11鄰自強街56號,68,6800300,6800300-026,11鄰,自強街,,,,,,56號,121.286432285633,24.9017118806927
桃園市大溪區仁文里5鄰自強街57號,68,6800300,6800300-026,5鄰,自強街,,,,,,57號,121.285339280095,24.9013395661646
桃園市大溪區仁文里11鄰自強街58號,68,6800300,6800300-026,11鄰,自強街,,,,,,58號,121.286426062235,24.9017603753016
桃園市大溪區仁文里5鄰自強街59號,68,6800300,6800300-026,5鄰,自強街,,,,,,59號,121.285380402932,24.9013579957906
桃園市大溪區仁文里11鄰自強街60號,68,6800300,6800300-026,11鄰,自強街,,,,,,60號,121.286418354207,24.9018089630444
桃園市大溪區仁文里5鄰自強街61號,68,6800300,6800300-026,5鄰,自強街,,,,,,61號,121.285419146109,24.901374714556
桃園市大溪區仁文里11鄰自強街62號,68,6800300,6800300-026,11鄰,自強街,,,,,,62號,121.286414709931,24.9018598000922
桃園市大溪區仁文里5鄰自強街63號,68,6800300,6800300-026,5鄰,自強街,,,,,,63號,121.285465115677,24.901391509769
桃園市大溪區仁文里11鄰自強街64號,68,6800300,6800300-026,11鄰,自強街,,,,,,64號,121.286408297709,24.9019122675705
桃園市大溪區仁文里5鄰自強街65號,68,6800300,6800300-026,5鄰,自強街,,,,,,65號,121.285508222478,24.9014117412492
桃園市大溪區仁文里11鄰自強街66號,68,6800300,6800300-026,11鄰,自強街,,,,,,66號,121.286404245595,24.9019579591963
桃園市大溪區仁文里5鄰自強街67號,68,6800300,6800300-026,5鄰,自強街,,,,,,67號,121.285549346402,24.9014306222475
桃園市大溪區仁文里11鄰自強街68號,68,6800300,6800300-026,11鄰,自強街,,,,,,68號,121.286397331542,24.9020074482555
桃園市大溪區仁文里5鄰自強街69號,68,6800300,6800300-026,5鄰,自強街,,,,,,69號,121.285590469301,24.9014490518149
桃園市大溪區仁文里11鄰自強街70號,68,6800300,6800300-026,11鄰,自強街,,,,,,70號,121.286393702046,24.9020646954571
桃園市大溪區仁文里5鄰自強街71號,68,6800300,6800300-026,5鄰,自強街,,,,,,71號,121.285632777375,24.901466305406
桃園市大溪區仁文里11鄰自強街72號,68,6800300,6800300-026,11鄰,自強街,,,,,,72號,121.286393744107,24.9021258178342
桃園市大溪區仁文里5鄰自強街73號,68,6800300,6800300-026,5鄰,自強街,,,,,,73號,121.285677465139,24.9014852698298
桃園市大溪區仁文里11鄰自強街74號,68,6800300,6800300-026,11鄰,自強街,,,,,,74號,121.286397328531,24.9021777244142
桃園市大溪區仁文里5鄰自強街75號,68,6800300,6800300-026,5鄰,自強街,,,,,,75號,121.285717996428,24.9015046936217
桃園市大溪區仁文里11鄰自強街76號,68,6800300,6800300-026,11鄰,自強街,,,,,,76號,121.286400110835,24.902225208604
桃園市大溪區仁文里5鄰自強街77號,68,6800300,6800300-026,5鄰,自強街,,,,,,77號,121.28576218678,24.901522575561
桃園市大溪區仁文里11鄰自強街78號,68,6800300,6800300-026,11鄰,自強街,,,,,,78號,121.286412598891,24.9022747506991
桃園市大溪區仁文里5鄰自強街79號,68,6800300,6800300-026,5鄰,自強街,,,,,,79號,121.285800337374,24.9015398370671
桃園市大溪區仁文里11鄰自強街80號,68,6800300,6800300-026,11鄰,自強街,,,,,,80號,121.286423305564,24.9023244767814
桃園市大溪區仁文里5鄰自強街81號,68,6800300,6800300-026,5鄰,自強街,,,,,,81號,121.285840775949,24.9015619695315
桃園市大溪區仁文里11鄰自強街82號,68,6800300,6800300-026,11鄰,自強街,,,,,,82號,121.286427373494,24.9023714167957
桃園市大溪區仁文里6鄰自強街83巷1弄1號,68,6800300,6800300-026,6鄰,自強街,,83巷,1弄,,,1號,121.285768648976,24.9017066528495
桃園市大溪區仁文里6鄰自強街83巷1弄2號,68,6800300,6800300-026,6鄰,自強街,,83巷,1弄,,,2號,121.285710602027,24.9018186262559
桃園市大溪區仁文里6鄰自強街83巷1弄3號,68,6800300,6800300-026,6鄰,自強街,,83巷,1弄,,,3號,121.285709101975,24.9016830221278
桃園市大溪區仁文里6鄰自強街83巷1弄4號,68,6800300,6800300-026,6鄰,自強街,,83巷,1弄,,,4號,121.285671249775,24.9017954082659
桃園市大溪區仁文里6鄰自強街83巷1弄5號,68,6800300,6800300-026,6鄰,自強街,,83巷,1弄,,,5號,121.285672535172,24.9016657575663
桃園市大溪區仁文里6鄰自強街83巷1弄6號,68,6800300,6800300-026,6鄰,自強街,,83巷,1弄,,,6號,121.285626564601,24.9017776175325
桃園市大溪區仁文里6鄰自強街83巷1弄7號,68,6800300,6800300-026,6鄰,自強街,,83巷,1弄,,,7號,121.285639145789,24.901652730274
桃園市大溪區仁文里6鄰自強街83巷1弄8號,68,6800300,6800300-026,6鄰,自強街,,83巷,1弄,,,8號,121.285584847655,24.9017591891139
桃園市大溪區仁文里6鄰自強街83巷1弄9號,68,6800300,6800300-026,6鄰,自強街,,83巷,1弄,,,9號,121.285586221743,24.9016250240294
桃園市大溪區仁文里6鄰自強街83巷1弄10號,68,6800300,6800300-026,6鄰,自強街,,83巷,1弄,,,10號,121.285537685082,24.9017402294
桃園市大溪區仁文里6鄰自強街83巷1弄11號,68,6800300,6800300-026,6鄰,自強街,,83巷,1弄,,,11號,121.285534396568,24.9016016493087
桃園市大溪區仁文里6鄰自強街83巷1弄13號,68,6800300,6800300-026,6鄰,自強街,,83巷,1弄,,,13號,121.285472364558,24.9015735090328
桃園市大溪區仁文里6鄰自強街83巷1弄15號,68,6800300,6800300-026,6鄰,自強街,,83巷,1弄,,,15號,121.285416098426,24.9015560112469
桃園市大溪區仁文里6鄰自強街83巷2弄1號,68,6800300,6800300-026,6鄰,自強街,,83巷,2弄,,,1號,121.28585867689,24.9018128352706
桃園市大溪區仁文里6鄰自強街83巷2弄2號,68,6800300,6800300-026,6鄰,自強街,,83巷,2弄,,,2號,121.285886632952,24.9017447073508
桃園市大溪區仁文里6鄰自強街83巷2弄3號,68,6800300,6800300-026,6鄰,自強街,,83巷,2弄,,,3號,121.285916536591,24.9018344829109
桃園市大溪區仁文里6鄰自強街83巷2弄4號,68,6800300,6800300-026,6鄰,自強街,,83巷,2弄,,,4號,121.285951028186,24.9017673355816
桃園市大溪區仁文里6鄰自強街83巷2弄5號,68,6800300,6800300-026,6鄰,自強街,,83巷,2弄,,,5號,121.285970144777,24.9018583055008
桃園市大溪區仁文里6鄰自強街83巷2弄6號,68,6800300,6800300-026,6鄰,自強街,,83巷,2弄,,,6號,121.28600879139,24.9017900667826
桃園市大溪區仁文里6鄰自強街83巷2弄7號,68,6800300,6800300-026,6鄰,自強街,,83巷,2弄,,,7號,121.286029794853,24.9018836513206
桃園市大溪區仁文里6鄰自強街83巷2弄8號,68,6800300,6800300-026,6鄰,自強街,,83巷,2弄,,,8號,121.286065076231,24.9018155996086
桃園市大溪區仁文里6鄰自強街83巷2弄9號,68,6800300,6800300-026,6鄰,自強街,,83巷,2弄,,,9號,121.286085685658,24.9019099974522
桃園市大溪區仁文里6鄰自強街83巷2弄10號,68,6800300,6800300-026,6鄰,自強街,,83巷,2弄,,,10號,121.286124133828,24.901841578517
桃園市大溪區仁文里6鄰自強街83巷2弄11號,68,6800300,6800300-026,6鄰,自強街,,83巷,2弄,,,11號,121.286142866259,24.9019376050688
桃園市大溪區仁文里6鄰自強街83巷2弄12號,68,6800300,6800300-026,6鄰,自強街,,83巷,2弄,,,12號,121.286183681399,24.9018653896389
桃園市大溪區仁文里6鄰自強街83巷2弄13號,68,6800300,6800300-026,6鄰,自強街,,83巷,2弄,,,13號,121.286198845274,24.9019592562055
桃園市大溪區仁文里6鄰自強街83巷2弄14號,68,6800300,6800300-026,6鄰,自強街,,83巷,2弄,,,14號,121.286237383432,24.9018869548451
桃園市大溪區仁文里6鄰自強街83巷2弄15號,68,6800300,6800300-026,6鄰,自強街,,83巷,2弄,,,15號,121.28626027121,24.9019819802814
桃園市大溪區仁文里6鄰自強街83巷2弄16號,68,6800300,6800300-026,6鄰,自強街,,83巷,2弄,,,16號,121.286280285886,24.9019042973937
桃園市大溪區仁文里6鄰自強街83巷2弄17號,68,6800300,6800300-026,6鄰,自強街,,83巷,2弄,,,17號,121.286303771176,24.9020008565091
桃園市大溪區仁文里6鄰自強街83巷3弄1號,68,6800300,6800300-026,6鄰,自強街,,83巷,3弄,,,1號,121.285621207969,24.9019878096077
桃園市大溪區仁文里6鄰自強街83巷3弄2號,68,6800300,6800300-026,6鄰,自強街,,83巷,3弄,,,2號,121.285587307784,24.9020539626013
桃園市大溪區仁文里6鄰自強街83巷3弄4號,68,6800300,6800300-026,6鄰,自強街,,83巷,3弄,,,4號,121.285546773842,24.9020334553702
桃園市大溪區仁文里6鄰自強街83巷3弄6號,68,6800300,6800300-026,6鄰,自強街,,83巷,3弄,,,6號,121.285497919632,24.9020107069429
桃園市大溪區仁文里6鄰自強街83巷3弄8號,68,6800300,6800300-026,6鄰,自強街,,83巷,3弄,,,8號,121.28545738821,24.9019912830937
桃園市大溪區仁文里6鄰自強街83巷3弄24號,68,6800300,6800300-026,6鄰,自強街,,83巷,3弄,,,24號,121.285342871444,24.9019543953194
桃園市大溪區仁文里7鄰自強街83巷4弄1號,68,6800300,6800300-026,7鄰,自強街,,83巷,4弄,,,1號,121.285746509676,24.9020225096886
桃園市大溪區仁文里7鄰自強街83巷4弄2號,68,6800300,6800300-026,7鄰,自強街,,83巷,4弄,,,2號,121.285779421747,24.9019571711105
桃園市大溪區仁文里7鄰自強街83巷4弄3號,68,6800300,6800300-026,7鄰,自強街,,83巷,4弄,,,3號,121.285807934315,24.9020446922476
桃園市大溪區仁文里7鄰自強街83巷4弄4號,68,6800300,6800300-026,7鄰,自強街,,83巷,4弄,,,4號,121.285836096129,24.9019799044631
桃園市大溪區仁文里7鄰自強街83巷4弄5號,68,6800300,6800300-026,7鄰,自強街,,83巷,4弄,,,5號,121.28586214129,24.9020705902665
桃園市大溪區仁文里7鄰自強街83巷4弄6號,68,6800300,6800300-026,7鄰,自強街,,83巷,4弄,,,6號,121.285892671541,24.9020026379837
桃園市大溪區仁文里7鄰自強街83巷4弄7號,68,6800300,6800300-026,7鄰,自強街,,83巷,4弄,,,7號,121.285919314429,24.9020949477481
桃園市大溪區仁文里7鄰自強街83巷4弄8號,68,6800300,6800300-026,7鄰,自強街,,83巷,4弄,,,8號,121.285951722744,24.9020258181587
桃園市大溪區仁文里7鄰自強街83巷4弄9號,68,6800300,6800300-026,7鄰,自強街,,83巷,4弄,,,9號,121.285976583874,24.9021181313273
桃園市大溪區仁文里7鄰自強街83巷4弄10號,68,6800300,6800300-026,7鄰,自強街,,83巷,4弄,,,10號,121.286007016124,24.9020506306312
桃園市大溪區仁文里7鄰自強街83巷4弄11號,68,6800300,6800300-026,7鄰,自強街,,83巷,4弄,,,11號,121.286035543857,24.9021446521616
桃園市大溪區仁文里7鄰自強街83巷4弄12號,68,6800300,6800300-026,7鄰,自強街,,83巷,4弄,,,12號,121.286066567311,24.9020759766245
桃園市大溪區仁文里7鄰自強街83巷4弄13號,68,6800300,6800300-026,7鄰,自強街,,83巷,4弄,,,13號,121.2860891522,24.9021684747062
桃園市大溪區仁文里7鄰自強街83巷4弄14號,68,6800300,6800300-026,7鄰,自強街,,83巷,4弄,,,14號,121.286125026103,24.9020997898561
桃園市大溪區仁文里7鄰自強街83巷4弄15號,68,6800300,6800300-026,7鄰,自強街,,83巷,4弄,,,15號,121.286145728785,24.9021916595485
桃園市大溪區仁文里7鄰自強街83巷4弄16號,68,6800300,6800300-026,7鄰,自強街,,83巷,4弄,,,16號,121.28616684931,24.9021212875833
桃園市大溪區仁文里7鄰自強街83巷4弄17號,68,6800300,6800300-026,7鄰,自強街,,83巷,4弄,,,17號,121.286204786579,24.9022176384218
桃園市大溪區仁文里7鄰自強街83巷4弄18號,68,6800300,6800300-026,7鄰,自強街,,83巷,4弄,,,18號,121.286202019223,24.9021336793497
桃園市大溪區仁文里7鄰自強街83巷4弄19號,68,6800300,6800300-026,7鄰,自強街,,83巷,4弄,,,19號,121.286261363416,24.9022409135035
桃園市大溪區仁文里7鄰自強街83巷4弄20號,68,6800300,6800300-026,7鄰,自強街,,83巷,4弄,,,20號,121.286232440366,24.9021472539144
桃園市大溪區仁文里7鄰自強街83巷4弄21號,68,6800300,6800300-026,7鄰,自強街,,83巷,4弄,,,21號,121.286308531078,24.9022619495138
桃園市大溪區仁文里7鄰自強街83巷4弄22號,68,6800300,6800300-026,7鄰,自強街,,83巷,4弄,,,22號,121.286263456492,24.9021612787525
桃園市大溪區仁文里7鄰自強街83巷5號,68,6800300,6800300-026,7鄰,自強街,,83巷,,,,5號,121.285526133775,24.9021837279228
桃園市大溪區仁文里7鄰自強街83巷6弄1號,68,6800300,6800300-026,7鄰,自強街,,83巷,6弄,,,1號,121.285617937493,24.902244223236
桃園市大溪區仁文里7鄰自強街83巷6弄2號,68,6800300,6800300-026,7鄰,自強街,,83巷,6弄,,,2號,121.285679620866,24.9021637521218
桃園市大溪區仁文里7鄰自強街83巷6弄3號,68,6800300,6800300-026,7鄰,自強街,,83巷,6弄,,,3號,121.285655475027,24.9022530895115
桃園市大溪區仁文里7鄰自強街83巷6弄4號,68,6800300,6800300-026,7鄰,自強街,,83巷,6弄,,,4號,121.285731440899,24.902184779407
桃園市大溪區仁文里7鄰自強街83巷6弄5號,68,6800300,6800300-026,7鄰,自強街,,83巷,6弄,,,5號,121.285685206748,24.9022682003405
桃園市大溪區仁文里7鄰自強街83巷6弄6號,68,6800300,6800300-026,7鄰,自強街,,83巷,6弄,,,6號,121.285789302,24.9022069687975
桃園市大溪區仁文里7鄰自強街83巷6弄7號,68,6800300,6800300-026,7鄰,自強街,,83巷,6弄,,,7號,121.285715027489,24.9022789773476
桃園市大溪區仁文里7鄰自強街83巷6弄8號,68,6800300,6800300-026,7鄰,自強街,,83巷,6弄,,,8號,121.285845884995,24.902232952554
桃園市大溪區仁文里7鄰自強街83巷6弄9號,68,6800300,6800300-026,7鄰,自強街,,83巷,6弄,,,9號,121.285746048787,24.9022952593903
桃園市大溪區仁文里7鄰自強街83巷6弄10號,68,6800300,6800300-026,7鄰,自強街,,83巷,6弄,,,10號,121.285900992116,24.9022628213412
桃園市大溪區仁文里7鄰自強街83巷6弄11號,68,6800300,6800300-026,7鄰,自強街,,83巷,6弄,,,11號,121.285774684162,24.902307122067
桃園市大溪區仁文里7鄰自強街83巷6弄12號,68,6800300,6800300-026,7鄰,自強街,,83巷,6弄,,,12號,121.285957077508,24.902287632313
桃園市大溪區仁文里7鄰自強街83巷6弄13號,68,6800300,6800300-026,7鄰,自強街,,83巷,6弄,,,13號,121.285806890645,24.9023222281311
桃園市大溪區仁文里7鄰自強街83巷6弄14號,68,6800300,6800300-026,7鄰,自強街,,83巷,6弄,,,14號,121.286015639113,24.9023130705062
桃園市大溪區仁文里7鄰自強街83巷6弄15號,68,6800300,6800300-026,7鄰,自強街,,83巷,6弄,,,15號,121.285840183732,24.9023363389792
桃園市大溪區仁文里7鄰自強街83巷6弄16號,68,6800300,6800300-026,7鄰,自強街,,83巷,6弄,,,16號,121.286073305467,24.9023366144229
桃園市大溪區仁文里7鄰自強街83巷6弄17號,68,6800300,6800300-026,7鄰,自強街,,83巷,6弄,,,17號,121.285868322722,24.9023475705988
桃園市大溪區仁文里7鄰自強街83巷6弄18號,68,6800300,6800300-026,7鄰,自強街,,83巷,6弄,,,18號,121.286132853059,24.9023603352777
桃園市大溪區仁文里7鄰自強街83巷6弄19號,68,6800300,6800300-026,7鄰,自強街,,83巷,6弄,,,19號,121.285901114428,24.9023588835811
桃園市大溪區仁文里7鄰自強街83巷6弄20號,68,6800300,6800300-026,7鄰,自強街,,83巷,6弄,,,20號,121.286193682747,24.9023819771106
桃園市大溪區仁文里7鄰自強街83巷6弄21號,68,6800300,6800300-026,7鄰,自強街,,83巷,6弄,,,21號,121.285950559041,24.9023800056252
桃園市大溪區仁文里7鄰自強街83巷6弄22號,68,6800300,6800300-026,7鄰,自強街,,83巷,6弄,,,22號,121.286248484094,24.9024079641304
桃園市大溪區仁文里7鄰自強街83巷6弄23號,68,6800300,6800300-026,7鄰,自強街,,83巷,6弄,,,23號,121.28604001123,24.9024079125572
桃園市大溪區仁文里7鄰自強街83巷6弄24號,68,6800300,6800300-026,7鄰,自強街,,83巷,6弄,,,24號,121.286293863759,24.9024262950467
桃園市大溪區仁文里7鄰自強街83巷6弄25號,68,6800300,6800300-026,7鄰,自強街,,83巷,6弄,,,25號,121.286091335437,24.9024284892448
桃園市大溪區仁文里7鄰自強街83巷6弄27號,68,6800300,6800300-026,7鄰,自強街,,83巷,6弄,,,27號,121.286152072407,24.9024528398004
桃園市大溪區仁文里7鄰自強街83巷6弄29號,68,6800300,6800300-026,7鄰,自強街,,83巷,6弄,,,29號,121.28621171427,24.9024744839037
桃園市大溪區仁文里7鄰自強街83巷6弄31號,68,6800300,6800300-026,7鄰,自強街,,83巷,6弄,,,31號,121.286270670515,24.9024992892481
桃園市大溪區仁文里7鄰自強街83巷6弄33號,68,6800300,6800300-026,7鄰,自強街,,83巷,6弄,,,33號,121.286328539357,24.9025247286459
桃園市大溪區仁文里7鄰自強街83巷7號,68,6800300,6800300-026,7鄰,自強街,,83巷,,,,7號,121.285568385898,24.9022195801982
桃園市大溪區仁文里11鄰自強街84號,68,6800300,6800300-026,11鄰,自強街,,,,,,84號,121.286435107997,24.9024200651713
桃園市大溪區仁文里6鄰自強街85號,68,6800300,6800300-026,6鄰,自強街,,,,,,85號,121.285967168242,24.901597570185
桃園市大溪區仁文里11鄰自強街86號,68,6800300,6800300-026,11鄰,自強街,,,,,,86號,121.286444036632,24.9024714197816
桃園市大溪區仁文里6鄰自強街87號,68,6800300,6800300-026,6鄰,自強街,,,,,,87號,121.286027409836,24.9016219217466
桃園市大溪區仁文里11鄰自強街88號,68,6800300,6800300-026,11鄰,自強街,,,,,,88號,121.286449098222,24.9025199830034
桃園市大溪區仁文里6鄰自強街89號,68,6800300,6800300-026,6鄰,自強街,,,,,,89號,121.286084582798,24.9016462791679
桃園市大溪區仁文里11鄰自強街90號,68,6800300,6800300-026,11鄰,自強街,,,,,,90號,121.286453271619,24.9025697216257
桃園市大溪區仁文里6鄰自強街91號,68,6800300,6800300-026,6鄰,自強街,,,,,,91號,121.286143046385,24.9016722592089
桃園市大溪區仁文里11鄰自強街92號,68,6800300,6800300-026,11鄰,自強街,,,,,,92號,121.286455069268,24.9026194648091
桃園市大溪區仁文里6鄰自強街93號,68,6800300,6800300-026,6鄰,自強街,,,,,,93號,121.286201405803,24.9016959823194
桃園市大溪區仁文里6鄰自強街95號,68,6800300,6800300-026,6鄰,自強街,,,,,,95號,121.286257491204,24.9017208834658
桃園市大溪區仁文里6鄰自強街97號,68,6800300,6800300-026,6鄰,自強街,,,,,,97號,121.286315266938,24.9017490315811
桃園市楊梅區中山里23鄰自強街2號,68,6800400,6800400-026,23鄰,自強街,,,,,,2號,121.154335357447,24.9097726186008
桃園市楊梅區中山里23鄰自強街2號四樓,68,6800400,6800400-026,23鄰,自強街,,,,,,2號四樓,121.154335357447,24.9097726186008
桃園市楊梅區中山里23鄰自強街2號五樓,68,6800400,6800400-026,23鄰,自強街,,,,,,2號五樓,121.154335357447,24.9097726186008
桃園市楊梅區中山里23鄰自強街2號七樓,68,6800400,6800400-026,23鄰,自強街,,,,,,2號七樓,121.154335357447,24.9097726186008
桃園市楊梅區中山里23鄰自強街2號八樓,68,6800400,6800400-026,23鄰,自強街,,,,,,2號八樓,121.154335357447,24.9097726186008
桃園市楊梅區中山里23鄰自強街2號二樓,68,6800400,6800400-026,23鄰,自強街,,,,,,2號二樓,121.154335357447,24.9097726186008
桃園市楊梅區中山里23鄰自強街2號三樓,68,6800400,6800400-026,23鄰,自強街,,,,,,2號三樓,121.154335357447,24.9097726186008
桃園市楊梅區中山里23鄰自強街2號六樓,68,6800400,6800400-026,23鄰,自強街,,,,,,2號六樓,121.154335357447,24.9097726186008
桃園市楊梅區中山里23鄰自強街6號,68,6800400,6800400-026,23鄰,自強街,,,,,,6號,121.154287715561,24.9097528052528
桃園市楊梅區中山里23鄰自強街6號二樓,68,6800400,6800400-026,23鄰,自強街,,,,,,6號二樓,121.154287715561,24.9097528052528
桃園市楊梅區中山里23鄰自強街6號三樓,68,6800400,6800400-026,23鄰,自強街,,,,,,6號三樓,121.154287715561,24.9097528052528
桃園市楊梅區中山里23鄰自強街6號四樓,68,6800400,6800400-026,23鄰,自強街,,,,,,6號四樓,121.154287715561,24.9097528052528
桃園市楊梅區中山里23鄰自強街6號五樓,68,6800400,6800400-026,23鄰,自強街,,,,,,6號五樓,121.154287715561,24.9097528052528
桃園市楊梅區中山里23鄰自強街6號六樓,68,6800400,6800400-026,23鄰,自強街,,,,,,6號六樓,121.154287715561,24.9097528052528
桃園市楊梅區中山里23鄰自強街6號七樓,68,6800400,6800400-026,23鄰,自強街,,,,,,6號七樓,121.154287715561,24.9097528052528
桃園市楊梅區中山里23鄰自強街6號八樓,68,6800400,6800400-026,23鄰,自強街,,,,,,6號八樓,121.154287715561,24.9097528052528
桃園市楊梅區中山里23鄰自強街8號,68,6800400,6800400-026,23鄰,自強街,,,,,,8號,121.154246024574,24.9097419239219
桃園市楊梅區中山里23鄰自強街8號二樓,68,6800400,6800400-026,23鄰,自強街,,,,,,8號二樓,121.154246024574,24.9097419239219
桃園市楊梅區中山里23鄰自強街8號三樓,68,6800400,6800400-026,23鄰,自強街,,,,,,8號三樓,121.154246024574,24.9097419239219
桃園市楊梅區中山里23鄰自強街8號四樓,68,6800400,6800400-026,23鄰,自強街,,,,,,8號四樓,121.154246024574,24.9097419239219
桃園市楊梅區中山里23鄰自強街8號六樓,68,6800400,6800400-026,23鄰,自強街,,,,,,8號六樓,121.154246024574,24.9097419239219
桃園市楊梅區中山里23鄰自強街8號七樓,68,6800400,6800400-026,23鄰,自強街,,,,,,8號七樓,121.154246024574,24.9097419239219
桃園市楊梅區中山里23鄰自強街8號八樓,68,6800400,6800400-026,23鄰,自強街,,,,,,8號八樓,121.154246024574,24.9097419239219
桃園市楊梅區中山里23鄰自強街8號五樓,68,6800400,6800400-026,23鄰,自強街,,,,,,8號五樓,121.154246024574,24.9097419239219
桃園市楊梅區中山里23鄰自強街10號,68,6800400,6800400-026,23鄰,自強街,,,,,,10號,121.154192440699,24.9097203109937
桃園市楊梅區中山里23鄰自強街10號二樓,68,6800400,6800400-026,23鄰,自強街,,,,,,10號二樓,121.154192440699,24.9097203109937
桃園市楊梅區中山里23鄰自強街10號三樓,68,6800400,6800400-026,23鄰,自強街,,,,,,10號三樓,121.154192440699,24.9097203109937
桃園市楊梅區中山里23鄰自強街10號四樓,68,6800400,6800400-026,23鄰,自強街,,,,,,10號四樓,121.154192440699,24.9097203109937
桃園市楊梅區中山里23鄰自強街10號六樓,68,6800400,6800400-026,23鄰,自強街,,,,,,10號六樓,121.154192440699,24.9097203109937
桃園市楊梅區中山里23鄰自強街10號七樓,68,6800400,6800400-026,23鄰,自強街,,,,,,10號七樓,121.154192440699,24.9097203109937
桃園市楊梅區中山里23鄰自強街10號八樓,68,6800400,6800400-026,23鄰,自強街,,,,,,10號八樓,121.154192440699,24.9097203109937
桃園市楊梅區中山里23鄰自強街10號五樓,68,6800400,6800400-026,23鄰,自強街,,,,,,10號五樓,121.154192440699,24.9097203109937
桃園市楊梅區中山里23鄰自強街12號八樓之2,68,6800400,6800400-026,23鄰,自強街,,,,,,12號八樓之2,121.15435292942,24.9095737934887
桃園市楊梅區中山里23鄰自強街12號二樓之1,68,6800400,6800400-026,23鄰,自強街,,,,,,12號二樓之1,121.15435292942,24.9095737934887
桃園市楊梅區中山里23鄰自強街12號三樓之1,68,6800400,6800400-026,23鄰,自強街,,,,,,12號三樓之1,121.15435292942,24.9095737934887
桃園市楊梅區中山里23鄰自強街12號二樓之2,68,6800400,6800400-026,23鄰,自強街,,,,,,12號二樓之2,121.15435292942,24.9095737934887
桃園市楊梅區中山里23鄰自強街12號三樓之2,68,6800400,6800400-026,23鄰,自強街,,,,,,12號三樓之2,121.15435292942,24.9095737934887
桃園市楊梅區中山里23鄰自強街12號四樓之1,68,6800400,6800400-026,23鄰,自強街,,,,,,12號四樓之1,121.15435292942,24.9095737934887
桃園市楊梅區中山里23鄰自強街12號四樓之2,68,6800400,6800400-026,23鄰,自強街,,,,,,12號四樓之2,121.15435292942,24.9095737934887
桃園市楊梅區中山里23鄰自強街12號五樓之1,68,6800400,6800400-026,23鄰,自強街,,,,,,12號五樓之1,121.15435292942,24.9095737934887
桃園市楊梅區中山里23鄰自強街12號五樓之2,68,6800400,6800400-026,23鄰,自強街,,,,,,12號五樓之2,121.15435292942,24.9095737934887
桃園市楊梅區中山里23鄰自強街12號六樓之1,68,6800400,6800400-026,23鄰,自強街,,,,,,12號六樓之1,121.15435292942,24.9095737934887
桃園市楊梅區中山里23鄰自強街12號六樓之2,68,6800400,6800400-026,23鄰,自強街,,,,,,12號六樓之2,121.15435292942,24.9095737934887
桃園市楊梅區中山里23鄰自強街12號七樓之1,68,6800400,6800400-026,23鄰,自強街,,,,,,12號七樓之1,121.15435292942,24.9095737934887
桃園市楊梅區中山里23鄰自強街12號七樓之2,68,6800400,6800400-026,23鄰,自強街,,,,,,12號七樓之2,121.15435292942,24.9095737934887
桃園市楊梅區中山里23鄰自強街12號八樓之1,68,6800400,6800400-026,23鄰,自強街,,,,,,12號八樓之1,121.15435292942,24.9095737934887
桃園市楊梅區中山里23鄰自強街14號,68,6800400,6800400-026,23鄰,自強街,,,,,,14號,121.154427643817,24.9096310469448
桃園市楊梅區中山里23鄰自強街14號八樓,68,6800400,6800400-026,23鄰,自強街,,,,,,14號八樓,121.154427643817,24.9096310469448
桃園市楊梅區中山里23鄰自強街14號二樓,68,6800400,6800400-026,23鄰,自強街,,,,,,14號二樓,121.154427643817,24.9096310469448
桃園市楊梅區中山里23鄰自強街14號三樓,68,6800400,6800400-026,23鄰,自強街,,,,,,14號三樓,121.154427643817,24.9096310469448
桃園市楊梅區中山里23鄰自強街14號四樓,68,6800400,6800400-026,23鄰,自強街,,,,,,14號四樓,121.154427643817,24.9096310469448
桃園市楊梅區中山里23鄰自強街14號五樓,68,6800400,6800400-026,23鄰,自強街,,,,,,14號五樓,121.154427643817,24.9096310469448
桃園市楊梅區中山里23鄰自強街14號六樓,68,6800400,6800400-026,23鄰,自強街,,,,,,14號六樓,121.154427643817,24.9096310469448
桃園市楊梅區中山里23鄰自強街14號七樓,68,6800400,6800400-026,23鄰,自強街,,,,,,14號七樓,121.154427643817,24.9096310469448
桃園市楊梅區中山里23鄰自強街16號,68,6800400,6800400-026,23鄰,自強街,,,,,,16號,121.154473177377,24.9095477572937
桃園市楊梅區中山里23鄰自強街16號七樓,68,6800400,6800400-026,23鄰,自強街,,,,,,16號七樓,121.154473177377,24.9095477572937
桃園市楊梅區中山里23鄰自強街16號二樓,68,6800400,6800400-026,23鄰,自強街,,,,,,16號二樓,121.154473177377,24.9095477572937
桃園市楊梅區中山里23鄰自強街16號三樓,68,6800400,6800400-026,23鄰,自強街,,,,,,16號三樓,121.154473177377,24.9095477572937
桃園市楊梅區中山里23鄰自強街16號四樓,68,6800400,6800400-026,23鄰,自強街,,,,,,16號四樓,121.154473177377,24.9095477572937
桃園市楊梅區中山里23鄰自強街16號五樓,68,6800400,6800400-026,23鄰,自強街,,,,,,16號五樓,121.154473177377,24.9095477572937
桃園市楊梅區中山里23鄰自強街16號六樓,68,6800400,6800400-026,23鄰,自強街,,,,,,16號六樓,121.154473177377,24.9095477572937
桃園市楊梅區中山里23鄰自強街16號八樓,68,6800400,6800400-026,23鄰,自強街,,,,,,16號八樓,121.154473177377,24.9095477572937
桃園市楊梅區中山里23鄰自強街18號,68,6800400,6800400-026,23鄰,自強街,,,,,,18號,121.154490931232,24.9094951932048
桃園市楊梅區中山里23鄰自強街18號六樓,68,6800400,6800400-026,23鄰,自強街,,,,,,18號六樓,121.154490931232,24.9094951932048
桃園市楊梅區中山里23鄰自強街18號七樓,68,6800400,6800400-026,23鄰,自強街,,,,,,18號七樓,121.154490931232,24.9094951932048
桃園市楊梅區中山里23鄰自強街18號八樓,68,6800400,6800400-026,23鄰,自強街,,,,,,18號八樓,121.154490931232,24.9094951932048
桃園市楊梅區中山里23鄰自強街18號二樓,68,6800400,6800400-026,23鄰,自強街,,,,,,18號二樓,121.154490931232,24.9094951932048
桃園市楊梅區中山里23鄰自強街18號三樓,68,6800400,6800400-026,23鄰,自強街,,,,,,18號三樓,121.154490931232,24.9094951932048
桃園市楊梅區中山里23鄰自強街18號四樓,68,6800400,6800400-026,23鄰,自強街,,,,,,18號四樓,121.154490931232,24.9094951932048
桃園市楊梅區中山里23鄰自強街18號五樓,68,6800400,6800400-026,23鄰,自強街,,,,,,18號五樓,121.154490931232,24.9094951932048
桃園市楊梅區中山里23鄰自強街20號,68,6800400,6800400-026,23鄰,自強街,,,,,,20號,121.154433564895,24.9094569718929
桃園市楊梅區中山里23鄰自強街20號三樓,68,6800400,6800400-026,23鄰,自強街,,,,,,20號三樓,121.154433564895,24.9094569718929
桃園市楊梅區中山里23鄰自強街20號四樓,68,6800400,6800400-026,23鄰,自強街,,,,,,20號四樓,121.154433564895,24.9094569718929
桃園市楊梅區中山里23鄰自強街20號五樓,68,6800400,6800400-026,23鄰,自強街,,,,,,20號五樓,121.154433564895,24.9094569718929
桃園市楊梅區中山里23鄰自強街20號六樓,68,6800400,6800400-026,23鄰,自強街,,,,,,20號六樓,121.154433564895,24.9094569718929
桃園市楊梅區中山里23鄰自強街20號七樓,68,6800400,6800400-026,23鄰,自強街,,,,,,20號七樓,121.154433564895,24.9094569718929
桃園市楊梅區中山里23鄰自強街20號八樓,68,6800400,6800400-026,23鄰,自強街,,,,,,20號八樓,121.154433564895,24.9094569718929
桃園市楊梅區中山里23鄰自強街20號二樓,68,6800400,6800400-026,23鄰,自強街,,,,,,20號二樓,121.154433564895,24.9094569718929
桃園市楊梅區中山里23鄰自強街22號,68,6800400,6800400-026,23鄰,自強街,,,,,,22號,121.154523473405,24.9093935891958
桃園市楊梅區中山里23鄰自強街24號,68,6800400,6800400-026,23鄰,自強街,,,,,,24號,121.154545184803,24.9093392153054
桃園市楊梅區中山里17鄰自強街65號,68,6800400,6800400-026,17鄰,自強街,,,,,,65號,121.155127601217,24.9090408517439
桃園市大園區菓林里20鄰自強街9號,68,6800600,6800600-011,20鄰,自強街,,,,,,9號,121.255177753158,25.0867558770883
桃園市大園區菓林里20鄰自強街11號,68,6800600,6800600-011,20鄰,自強街,,,,,,11號,121.255218737762,25.0867754881218
桃園市大園區菓林里20鄰自強街13號,68,6800600,6800600-011,20鄰,自強街,,,,,,13號,121.255243209667,25.0868159827352
桃園市大園區菓林里20鄰自強街15號,68,6800600,6800600-011,20鄰,自強街,,,,,,15號,121.255273004116,25.0868415716259
桃園市大園區菓林里20鄰自強街17號,68,6800600,6800600-011,20鄰,自強街,,,,,,17號,121.255305784131,25.0868726625876
桃園市大園區菓林里20鄰自強街19號,68,6800600,6800600-011,20鄰,自強街,,,,,,19號,121.255332608788,25.086900333066
桃園市大園區菓林里20鄰自強街20號,68,6800600,6800600-011,20鄰,自強街,,,,,,20號,121.255390122,25.0867156070051
桃園市大園區菓林里20鄰自強街21號,68,6800600,6800600-011,20鄰,自強街,,,,,,21號,121.255362367086,25.086956256817
桃園市大園區菓林里20鄰自強街22號,68,6800600,6800600-011,20鄰,自強街,,,,,,22號,121.255417266164,25.0867539302179
桃園市大園區菓林里20鄰自強街23號,68,6800600,6800600-011,20鄰,自強街,,,,,,23號,121.255393002849,25.0870050467582
桃園市大園區菓林里20鄰自強街24號,68,6800600,6800600-011,20鄰,自強街,,,,,,24號,121.255450457547,25.0867921527331
桃園市大園區菓林里20鄰自強街25號,68,6800600,6800600-011,20鄰,自強街,,,,,,25號,121.25542081968,25.087033076641
桃園市大園區菓林里20鄰自強街26號,68,6800600,6800600-011,20鄰,自強街,,,,,,26號,121.255480587119,25.086835887726
桃園市大園區菓林里20鄰自強街27號,68,6800600,6800600-011,20鄰,自強街,,,,,,27號,121.255454016763,25.0870740076094
桃園市大園區菓林里20鄰自強街28號,68,6800600,6800600-011,20鄰,自強街,,,,,,28號,121.255510711089,25.0868769142561
桃園市大園區菓林里20鄰自強街29號,68,6800600,6800600-011,20鄰,自強街,,,,,,29號,121.255475130678,25.0871205568696
桃園市大園區菓林里20鄰自強街30號,68,6800600,6800600-011,20鄰,自強街,,,,,,30號,121.255535976961,25.0869177685816
桃園市大園區菓林里20鄰自強街31號,68,6800600,6800600-011,20鄰,自強街,,,,,,31號,121.255511290689,25.0871560657919
桃園市大園區菓林里20鄰自強街32號,68,6800600,6800600-011,20鄰,自強街,,,,,,32號,121.255577000675,25.0869561581434
桃園市大園區菓林里20鄰自強街33號,68,6800600,6800600-011,20鄰,自強街,,,,,,33號,121.255618259468,25.0872986177001
桃園市大園區菓林里20鄰自強街34號,68,6800600,6800600-011,20鄰,自強街,,,,,,34號,121.255592049965,25.0869944118714
桃園市大園區菓林里20鄰自強街35號,68,6800600,6800600-011,20鄰,自強街,,,,,,35號,121.25565767462,25.0873261761454
桃園市大園區菓林里20鄰自強街36號,68,6800600,6800600-011,20鄰,自強街,,,,,,36號,121.255619188628,25.0870300265888
桃園市大園區菓林里20鄰自強街37號,68,6800600,6800600-011,20鄰,自強街,,,,,,37號,121.255697557064,25.0873877701588
桃園市大園區菓林里20鄰自強街38號,68,6800600,6800600-011,20鄰,自強街,,,,,,38號,121.255652374522,25.0870655406004
桃園市大園區菓林里20鄰自強街39號,68,6800600,6800600-011,20鄰,自強街,,,,,,39號,121.255728214081,25.0874466715945
桃園市大園區菓林里20鄰自強街40巷2之1號,68,6800600,6800600-011,20鄰,自強街,,40巷,,,,2之1號,121.255761281748,25.0869959259238
桃園市大園區菓林里20鄰自強街41號,68,6800600,6800600-011,20鄰,自強街,,,,,,41號,121.25576882553,25.087477387824
桃園市大園區菓林里20鄰自強街42號,68,6800600,6800600-011,20鄰,自強街,,,,,,42號,121.255711176727,25.0871673678712
桃園市大園區菓林里20鄰自強街43號,68,6800600,6800600-011,20鄰,自強街,,,,,,43號,121.255809071976,25.0875232720781
桃園市大園區菓林里20鄰自強街44號,68,6800600,6800600-011,20鄰,自強街,,,,,,44號,121.255762456999,25.0872274977115
桃園市大園區菓林里20鄰自強街45號,68,6800600,6800600-011,20鄰,自強街,,,,,,45號,121.255849431668,25.0875759272894
桃園市大園區菓林里20鄰自強街46巷1號,68,6800600,6800600-011,20鄰,自強街,,46巷,,,,1號,121.255867446374,25.0873714973633
桃園市大園區菓林里20鄰自強街46巷2號,68,6800600,6800600-011,20鄰,自強街,,46巷,,,,2號,121.255875712499,25.0871035255802
桃園市大園區菓林里20鄰自強街46巷3號,68,6800600,6800600-011,20鄰,自強街,,46巷,,,,3號,121.255915408701,25.0873139049006
桃園市大園區菓林里20鄰自強街46巷4號,68,6800600,6800600-011,20鄰,自強街,,46巷,,,,4號,121.255914103231,25.0870675270643
桃園市大園區菓林里20鄰自強街46巷5號,68,6800600,6800600-011,20鄰,自強街,,46巷,,,,5號,121.255967326733,25.0872516109251
桃園市大園區菓林里20鄰自強街46巷7號,68,6800600,6800600-011,20鄰,自強街,,46巷,,,,7號,121.25600817959,25.0872077535881
桃園市大園區菓林里20鄰自強街46巷9號,68,6800600,6800600-011,20鄰,自強街,,46巷,,,,9號,121.256045281336,25.0871716669804
桃園市大園區菓林里20鄰自強街47號,68,6800600,6800600-011,20鄰,自強街,,,,,,47號,121.255893835786,25.0876188250387
桃園市大園區菓林里20鄰自強街48巷1號,68,6800600,6800600-011,20鄰,自強街,,48巷,,,,1號,121.256040890921,25.0875868823201
桃園市大園區菓林里20鄰自強街48巷2號,68,6800600,6800600-011,20鄰,自強街,,48巷,,,,2號,121.255940387344,25.0874548825909
桃園市大園區菓林里20鄰自強街48巷3號,68,6800600,6800600-011,20鄰,自強街,,48巷,,,,3號,121.256105023095,25.0875342274157
桃園市大園區菓林里20鄰自強街48巷4號,68,6800600,6800600-011,20鄰,自強街,,48巷,,,,4號,121.256000920287,25.0873876985071
桃園市大園區菓林里20鄰自強街48巷5號,68,6800600,6800600-011,20鄰,自強街,,48巷,,,,5號,121.256161644589,25.0874930512867
桃園市大園區菓林里20鄰自強街48巷6號,68,6800600,6800600-011,20鄰,自強街,,48巷,,,,6號,121.256047099953,25.0873310118997
桃園市大園區菓林里20鄰自強街48巷7號,68,6800600,6800600-011,20鄰,自強街,,48巷,,,,7號,121.256210096875,25.087432749419
桃園市大園區菓林里20鄰自強街48巷8號,68,6800600,6800600-011,20鄰,自強街,,48巷,,,,8號,121.256097574446,25.0872896658369
桃園市大園區菓林里20鄰自強街48巷9號,68,6800600,6800600-011,20鄰,自強街,,48巷,,,,9號,121.256207769413,25.0873624236172
桃園市大園區菓林里20鄰自強街48巷10號,68,6800600,6800600-011,20鄰,自強街,,48巷,,,,10號,121.256130398603,25.0872465445805
桃園市大園區菓林里20鄰自強街48巷11號,68,6800600,6800600-011,20鄰,自強街,,48巷,,,,11號,121.256288837579,25.0873494635505
桃園市大園區菓林里20鄰自強街48巷12號,68,6800600,6800600-011,20鄰,自強街,,48巷,,,,12號,121.25614522523,25.0871777239622
桃園市大園區菓林里20鄰自強街48巷13號,68,6800600,6800600-011,20鄰,自強街,,48巷,,,,13號,121.256336323944,25.0873014416865
桃園市大園區菓林里20鄰自強街48巷14號,68,6800600,6800600-011,20鄰,自強街,,48巷,,,,14號,121.256219609318,25.0871447328264
桃園市大園區菓林里20鄰自強街48巷15號,68,6800600,6800600-011,20鄰,自強街,,48巷,,,,15號,121.256381519002,25.0872480971172
桃園市大園區菓林里20鄰自強街48巷16號,68,6800600,6800600-011,20鄰,自強街,,48巷,,,,16號,121.256253914821,25.0870989005189
桃園市大園區菓林里20鄰自強街48巷17號,68,6800600,6800600-011,20鄰,自強街,,48巷,,,,17號,121.256419088685,25.0871987381273
桃園市大園區菓林里20鄰自強街48巷18號,68,6800600,6800600-011,20鄰,自強街,,48巷,,,,18號,121.256298337236,25.0870553980664
桃園市大園區菓林里20鄰自強街48巷19號,68,6800600,6800600-011,20鄰,自強街,,48巷,,,,19號,121.256459552338,25.0871584926267
桃園市大園區菓林里20鄰自強街48巷20號,68,6800600,6800600-011,20鄰,自強街,,48巷,,,,20號,121.25635931599,25.0870120475626
桃園市大園區菓林里20鄰自強街48巷21號,68,6800600,6800600-011,20鄰,自強街,,48巷,,,,21號,121.256507209927,25.0870975600592
桃園市大園區菓林里20鄰自強街48巷22號,68,6800600,6800600-011,20鄰,自強街,,48巷,,,,22號,121.256400360507,25.086965120192
桃園市大園區菓林里20鄰自強街48巷23號,68,6800600,6800600-011,20鄰,自強街,,48巷,,,,23號,121.256553121011,25.0870548674973
桃園市大園區菓林里20鄰自強街48巷24號,68,6800600,6800600-011,20鄰,自強街,,48巷,,,,24號,121.256430102741,25.0869179414954
桃園市大園區菓林里20鄰自強街48巷25號,68,6800600,6800600-011,20鄰,自強街,,48巷,,,,25號,121.256629891373,25.0870253027537
桃園市大園區菓林里20鄰自強街48巷26號,68,6800600,6800600-011,20鄰,自強街,,48巷,,,,26號,121.256478590233,25.0868747028103
桃園市大園區菓林里20鄰自強街48巷27號,68,6800600,6800600-011,20鄰,自強街,,48巷,,,,27號,121.256637829647,25.0869812313179
桃園市大園區菓林里20鄰自強街48巷28號,68,6800600,6800600-011,20鄰,自強街,,48巷,,,,28號,121.256502393947,25.086832229037
桃園市大園區菓林里20鄰自強街48巷29號,68,6800600,6800600-011,20鄰,自強街,,48巷,,,,29號,121.256710691841,25.0868841422163
桃園市大園區菓林里20鄰自強街48巷30號,68,6800600,6800600-011,20鄰,自強街,,48巷,,,,30號,121.256572018317,25.08675130611
桃園市大園區菓林里20鄰自強街48巷31號,68,6800600,6800600-011,20鄰,自強街,,48巷,,,,31號,121.256776399579,25.0868266993392
桃園市大園區菓林里20鄰自強街48巷32號,68,6800600,6800600-011,20鄰,自強街,,48巷,,,,32號,121.256639553452,25.086714444472
桃園市大園區菓林里20鄰自強街48巷33號,68,6800600,6800600-011,20鄰,自強街,,48巷,,,,33號,121.256814780163,25.0867860059349
桃園市大園區菓林里20鄰自強街48巷34號,68,6800600,6800600-011,20鄰,自強街,,48巷,,,,34號,121.256673560513,25.086668251454
桃園市大園區菓林里20鄰自強街48巷35號,68,6800600,6800600-011,20鄰,自強街,,48巷,,,,35號,121.256862063308,25.0867358174807
桃園市大園區菓林里20鄰自強街48巷36號,68,6800600,6800600-011,20鄰,自強街,,48巷,,,,36號,121.256721958666,25.0866297977996
桃園市大園區菓林里20鄰自強街48巷37號,68,6800600,6800600-011,20鄰,自強街,,48巷,,,,37號,121.256903242488,25.0867060433538
桃園市大園區菓林里20鄰自強街48巷38號,68,6800600,6800600-011,20鄰,自強街,,48巷,,,,38號,121.256771155539,25.0865940512131
桃園市大園區菓林里20鄰自強街48巷42號,68,6800600,6800600-011,20鄰,自強街,,48巷,,,,42號,121.256860901453,25.0865116488157
桃園市大園區菓林里20鄰自強街48巷44號,68,6800600,6800600-011,20鄰,自強街,,48巷,,,,44號,121.256872970211,25.0864516805495
桃園市大園區菓林里20鄰自強街49號,68,6800600,6800600-011,20鄰,自強街,,,,,,49號,121.25593232694,25.0876787060231
桃園市大園區菓林里20鄰自強街50巷1號,68,6800600,6800600-011,20鄰,自強街,,50巷,,,,1號,121.256281676199,25.0878142485839
桃園市大園區菓林里20鄰自強街50巷2號,68,6800600,6800600-011,20鄰,自強街,,50巷,,,,2號,121.256130321027,25.0876855869679
桃園市大園區菓林里20鄰自強街50巷3號,68,6800600,6800600-011,20鄰,自強街,,50巷,,,,3號,121.256320704396,25.0877510739291
桃園市大園區菓林里20鄰自強街50巷4號,68,6800600,6800600-011,20鄰,自強街,,50巷,,,,4號,121.256213709786,25.0875966956224
桃園市大園區菓林里20鄰自強街50巷5號,68,6800600,6800600-011,20鄰,自強街,,50巷,,,,5號,121.256356900614,25.0877085787753
桃園市大園區菓林里20鄰自強街50巷6號,68,6800600,6800600-011,20鄰,自強街,,50巷,,,,6號,121.256263689016,25.0875555309237
桃園市大園區菓林里20鄰自強街50巷7號,68,6800600,6800600-011,20鄰,自強街,,50巷,,,,7號,121.256395497003,25.0876761007871
桃園市大園區菓林里20鄰自強街50巷8號,68,6800600,6800600-011,20鄰,自強街,,50巷,,,,8號,121.256293522119,25.0875042894019
桃園市大園區菓林里20鄰自強街50巷9號,68,6800600,6800600-011,20鄰,自強街,,50巷,,,,9號,121.25643732787,25.0876258316099
桃園市大園區菓林里20鄰自強街50巷10號,68,6800600,6800600-011,20鄰,自強街,,50巷,,,,10號,121.256307629333,25.0874232819181
桃園市大園區菓林里20鄰自強街50巷11號,68,6800600,6800600-011,20鄰,自強街,,50巷,,,,11號,121.256484003865,25.08756950514
桃園市大園區菓林里20鄰自強街50巷12號,68,6800600,6800600-011,20鄰,自強街,,50巷,,,,12號,121.256349107043,25.0873938685585
桃園市大園區菓林里20鄰自強街50巷13號,68,6800600,6800600-011,20鄰,自強街,,50巷,,,,13號,121.256515849376,25.0875325246801
桃園市大園區菓林里20鄰自強街50巷14號,68,6800600,6800600-011,20鄰,自強街,,50巷,,,,14號,121.256405921963,25.0873504349477
桃園市大園區菓林里20鄰自強街50巷15號,68,6800600,6800600-011,20鄰,自強街,,50巷,,,,15號,121.256557690121,25.0874870404071
桃園市大園區菓林里20鄰自強街50巷16號,68,6800600,6800600-011,20鄰,自強街,,50巷,,,,16號,121.256444592156,25.087305859006
桃園市大園區菓林里20鄰自強街50巷17號,68,6800600,6800600-011,20鄰,自強街,,50巷,,,,17號,121.256612731256,25.087448755869
桃園市大園區菓林里20鄰自強街50巷18號,68,6800600,6800600-011,20鄰,自強街,,50巷,,,,18號,121.256493762658,25.0872572924881
桃園市大園區菓林里20鄰自強街50巷19號,68,6800600,6800600-011,20鄰,自強街,,50巷,,,,19號,121.256709347042,25.087380064579
桃園市大園區菓林里20鄰自強街50巷20號,68,6800600,6800600-011,20鄰,自強街,,50巷,,,,20號,121.25653401636,25.0872114498351
桃園市大園區菓林里20鄰自強街50巷22號,68,6800600,6800600-011,20鄰,自強街,,50巷,,,,22號,121.256565136742,25.0871595740568
桃園市大園區菓林里20鄰自強街50巷24號,68,6800600,6800600-011,20鄰,自強街,,50巷,,,,24號,121.256660075366,25.0871424368245
桃園市大園區菓林里20鄰自強街50巷26號,68,6800600,6800600-011,20鄰,自強街,,50巷,,,,26號,121.256700328969,25.0870965941265
桃園市大園區菓林里20鄰自強街50巷28號,68,6800600,6800600-011,20鄰,自強街,,50巷,,,,28號,121.256805366841,25.0869783232834
桃園市大園區菓林里20鄰自強街50巷30號,68,6800600,6800600-011,20鄰,自強街,,50巷,,,,30號,121.256848590131,25.0869303989151
桃園市大園區菓林里20鄰自強街50巷32號,68,6800600,6800600-011,20鄰,自強街,,50巷,,,,32號,121.256902196071,25.0868696364887
桃園市大園區菓林里20鄰自強街51號,68,6800600,6800600-011,20鄰,自強街,,,,,,51號,121.255964269748,25.0877360703918
桃園市大園區菓林里20鄰自強街53號,68,6800600,6800600-011,20鄰,自強街,,,,,,53號,121.255996684989,25.0877822389478
桃園市大園區菓林里20鄰自強街55號,68,6800600,6800600-011,20鄰,自強街,,,,,,55號,121.256033912242,25.0878540393319
桃園市八德區大勇里7鄰自強街7號之2,68,6800800,6800800-023,7鄰,自強街,,,,,,7號之2,121.301656699393,24.9680758623655
桃園市八德區大勇里7鄰自強街7號之1,68,6800800,6800800-023,7鄰,自強街,,,,,,7號之1,121.301523472766,24.9680698123668
桃園市八德區大勇里7鄰自強街7號,68,6800800,6800800-023,7鄰,自強街,,,,,,7號,121.301457678216,24.9680573059076
桃園市八德區大勇里7鄰自強街7號之1三樓,68,6800800,6800800-023,7鄰,自強街,,,,,,7號之1三樓,121.301523472766,24.9680698123668
桃園市八德區大勇里7鄰自強街7號之1四樓,68,6800800,6800800-023,7鄰,自強街,,,,,,7號之1四樓,121.301523472766,24.9680698123668
桃園市八德區大勇里7鄰自強街7號之1六樓,68,6800800,6800800-023,7鄰,自強街,,,,,,7號之1六樓,121.301523472766,24.9680698123668
桃園市八德區大勇里7鄰自強街7號之1七樓,68,6800800,6800800-023,7鄰,自強街,,,,,,7號之1七樓,121.301523472766,24.9680698123668
桃園市八德區大勇里7鄰自強街7號之2二樓,68,6800800,6800800-023,7鄰,自強街,,,,,,7號之2二樓,121.301656699393,24.9680758623655
桃園市八德區大勇里7鄰自強街7號之2三樓,68,6800800,6800800-023,7鄰,自強街,,,,,,7號之2三樓,121.301656699393,24.9680758623655
桃園市八德區大勇里7鄰自強街7號六樓,68,6800800,6800800-023,7鄰,自強街,,,,,,7號六樓,121.301457678216,24.9680573059076
桃園市八德區大勇里7鄰自強街7號二樓,68,6800800,6800800-023,7鄰,自強街,,,,,,7號二樓,121.301457678216,24.9680573059076
桃園市八德區大勇里7鄰自強街7號之2四樓,68,6800800,6800800-023,7鄰,自強街,,,,,,7號之2四樓,121.301656699393,24.9680758623655
桃園市八德區大勇里7鄰自強街7號之2五樓,68,6800800,6800800-023,7鄰,自強街,,,,,,7號之2五樓,121.301656699393,24.9680758623655
桃園市八德區大勇里7鄰自強街7號之2六樓,68,6800800,6800800-023,7鄰,自強街,,,,,,7號之2六樓,121.301656699393,24.9680758623655
桃園市八德區大勇里7鄰自強街7號之2七樓,68,6800800,6800800-023,7鄰,自強街,,,,,,7號之2七樓,121.301656699393,24.9680758623655
桃園市八德區大勇里7鄰自強街7號之1五樓,68,6800800,6800800-023,7鄰,自強街,,,,,,7號之1五樓,121.301523472766,24.9680698123668
桃園市八德區大勇里7鄰自強街7號三樓,68,6800800,6800800-023,7鄰,自強街,,,,,,7號三樓,121.301457678216,24.9680573059076
桃園市八德區大勇里7鄰自強街7號四樓,68,6800800,6800800-023,7鄰,自強街,,,,,,7號四樓,121.301457678216,24.9680573059076
桃園市八德區大勇里7鄰自強街7號五樓,68,6800800,6800800-023,7鄰,自強街,,,,,,7號五樓,121.301457678216,24.9680573059076
桃園市八德區大勇里7鄰自強街7號七樓,68,6800800,6800800-023,7鄰,自強街,,,,,,7號七樓,121.301457678216,24.9680573059076
桃園市八德區大勇里7鄰自強街7號之1二樓,68,6800800,6800800-023,7鄰,自強街,,,,,,7號之1二樓,121.301523472766,24.9680698123668
桃園市八德區大勇里7鄰自強街9巷1號,68,6800800,6800800-023,7鄰,自強街,,9巷,,,,1號,121.301682997033,24.9682188179969
桃園市八德區大勇里7鄰自強街9巷2號,68,6800800,6800800-023,7鄰,自強街,,9巷,,,,2號,121.301814537031,24.9682236073025
桃園市八德區大勇里7鄰自強街9巷3號,68,6800800,6800800-023,7鄰,自強街,,9巷,,,,3號,121.301687278088,24.9682685554772
桃園市八德區大勇里7鄰自強街9巷5號,68,6800800,6800800-023,7鄰,自強街,,9巷,,,,5號,121.301690150765,24.9683093577539
桃園市八德區大勇里7鄰自強街9巷6號,68,6800800,6800800-023,7鄰,自強街,,9巷,,,,6號,121.301821582064,24.9682695472733
桃園市八德區大勇里7鄰自強街9巷7號,68,6800800,6800800-023,7鄰,自強街,,9巷,,,,7號,121.301694512156,24.9683514209816
桃園市八德區大勇里7鄰自強街9巷8號,68,6800800,6800800-023,7鄰,自強街,,9巷,,,,8號,121.301820304272,24.9683141498629
桃園市八德區大勇里7鄰自強街9巷9號,68,6800800,6800800-023,7鄰,自強街,,9巷,,,,9號,121.301697412796,24.9684036891928
桃園市八德區大勇里7鄰自強街9巷10號,68,6800800,6800800-023,7鄰,自強街,,9巷,,,,10號,121.301820419454,24.9683613678472
桃園市八德區大勇里7鄰自強街9巷12號,68,6800800,6800800-023,7鄰,自強街,,9巷,,,,12號,121.301823292177,24.9684021701204
桃園市八德區大勇里7鄰自強街9巷14號,68,6800800,6800800-023,7鄰,自強街,,9巷,,,,14號,121.301831819552,24.9684467528338
桃園市八德區大勇里7鄰自強街11號,68,6800800,6800800-023,7鄰,自強街,,,,,,11號,121.301800074707,24.9680603139423
桃園市八德區大勇里7鄰自強街13號,68,6800800,6800800-023,7鄰,自強街,,,,,,13號,121.301849601769,24.9680627414865
桃園市八德區大勇里7鄰自強街15號,68,6800800,6800800-023,7鄰,自強街,,,,,,15號,121.30189636205,24.9680677928425
桃園市八德區大勇里7鄰自強街17號,68,6800800,6800800-023,7鄰,自強街,,,,,,17號,121.301944387847,24.9680638132774
桃園市八德區大勇里7鄰自強街19號,68,6800800,6800800-023,7鄰,自強街,,,,,,19號,121.301986883165,24.9680663453181
桃園市八德區大勇里7鄰自強街21號,68,6800800,6800800-023,7鄰,自強街,,,,,,21號,121.302037793732,24.9680675060262
桃園市八德區大勇里7鄰自強街23巷1號,68,6800800,6800800-023,7鄰,自強街,,23巷,,,,1號,121.302001441032,24.9682281036467
桃園市八德區大勇里6鄰自強街23巷2號,68,6800800,6800800-023,6鄰,自強街,,23巷,,,,2號,121.302141600783,24.9682341391481
桃園市八德區大勇里7鄰自強街23巷3號,68,6800800,6800800-023,7鄰,自強街,,23巷,,,,3號,121.302001552537,24.9682737868206
桃園市八德區大勇里7鄰自強街23巷5號,68,6800800,6800800-023,7鄰,自強街,,23巷,,,,5號,121.302001652803,24.9683148655637
桃園市八德區大勇里6鄰自強街23巷6號,68,6800800,6800800-023,6鄰,自強街,,23巷,,,,6號,121.302145171092,24.9682766553841
桃園市八德區大勇里7鄰自強街23巷7號,68,6800800,6800800-023,7鄰,自強街,,23巷,,,,7號,121.302005131737,24.9683605419072
桃園市八德區大勇里6鄰自強街23巷8號,68,6800800,6800800-023,6鄰,自強街,,23巷,,,,8號,121.302148642581,24.9683192621037
桃園市八德區大勇里7鄰自強街23巷9號,68,6800800,6800800-023,7鄰,自強街,,23巷,,,,9號,121.302000089309,24.9684047007157
桃園市八德區大勇里6鄰自強街23巷10號,68,6800800,6800800-023,6鄰,自強街,,23巷,,,,10號,121.302150533149,24.9683634068487
桃園市八德區大勇里7鄰自強街23巷11號,68,6800800,6800800-023,7鄰,自強街,,23巷,,,,11號,121.302008920706,24.9684520815872
桃園市八德區大勇里6鄰自強街23巷12號,68,6800800,6800800-023,6鄰,自強街,,23巷,,,,12號,121.302159249904,24.9684043778226
桃園市八德區大勇里6鄰自強街23巷14號,68,6800800,6800800-023,6鄰,自強街,,23巷,,,,14號,121.302154219215,24.9684533216319
桃園市八德區大勇里6鄰自強街25號,68,6800800,6800800-023,6鄰,自強街,,,,,,25號,121.302128330496,24.9680724685056
桃園市八德區大勇里6鄰自強街27號,68,6800800,6800800-023,6鄰,自強街,,,,,,27號,121.302176471203,24.9680749890373
桃園市八德區大勇里6鄰自強街29號,68,6800800,6800800-023,6鄰,自強街,,,,,,29號,121.302223116582,24.9680735401189
桃園市八德區大勇里6鄰自強街31號,68,6800800,6800800-023,6鄰,自強街,,,,,,31號,121.30227263748,24.9680734395996
桃園市八德區大勇里6鄰自強街33號,68,6800800,6800800-023,6鄰,自強街,,,,,,33號,121.302316420351,24.9680759689325
桃園市八德區大勇里6鄰自強街35號,68,6800800,6800800-023,6鄰,自強街,,,,,,35號,121.30236168885,24.9680784952357
桃園市八德區大勇里5鄰自強街37巷1號,68,6800800,6800800-023,5鄰,自強街,,37巷,,,,1號,121.302336733229,24.9682418685766
桃園市八德區大勇里5鄰自強街37巷2號,68,6800800,6800800-023,5鄰,自強街,,37巷,,,,2號,121.30243647088,24.968242659149
桃園市八德區大勇里5鄰自強街37巷3號,68,6800800,6800800-023,5鄰,自強街,,37巷,,,,3號,121.302342378412,24.9682823040763
桃園市八德區大勇里5鄰自強街37巷5號,68,6800800,6800800-023,5鄰,自強街,,37巷,,,,5號,121.302346633702,24.9683213881468
桃園市八德區大勇里5鄰自強街37巷6號,68,6800800,6800800-023,5鄰,自強街,,37巷,,,,6號,121.302478115118,24.9683021616008
桃園市八德區大勇里5鄰自強街37巷7號,68,6800800,6800800-023,5鄰,自強街,,37巷,,,,7號,121.302349524026,24.9683693227613
桃園市八德區大勇里5鄰自強街37巷8號,68,6800800,6800800-023,5鄰,自強街,,37巷,,,,8號,121.302476879718,24.9683640082364
桃園市八德區大勇里5鄰自強街37巷9號,68,6800800,6800800-023,5鄰,自強街,,37巷,,,,9號,121.302349622643,24.968409679239
桃園市八德區大勇里5鄰自強街37巷10號,68,6800800,6800800-023,5鄰,自強街,,37巷,,,,10號,121.302478392776,24.9684157375482
桃園市八德區大勇里5鄰自強街37巷11號,68,6800800,6800800-023,5鄰,自強街,,37巷,,,,11號,121.302352519149,24.9684601417754
桃園市八德區大勇里5鄰自強街37巷12號,68,6800800,6800800-023,5鄰,自強街,,37巷,,,,12號,121.302482558341,24.9684586136985
桃園市八德區大勇里5鄰自強街37巷13號,68,6800800,6800800-023,5鄰,自強街,,37巷,,,,13號,121.302354001489,24.9684993217587
桃園市八德區大勇里5鄰自強街37巷14號,68,6800800,6800800-023,5鄰,自強街,,37巷,,,,14號,121.302475884894,24.9685242632824
桃園市八德區大勇里5鄰自強街39號,68,6800800,6800800-023,5鄰,自強街,,,,,,39號,121.30246361544,24.9680834343824
桃園市八德區大勇里5鄰自強街41號,68,6800800,6800800-023,5鄰,自強街,,,,,,41號,121.302525813692,24.968083308027
桃園市八德區大勇里5鄰自強街43號,68,6800800,6800800-023,5鄰,自強街,,,,,,43號,121.302585254448,24.9680895973705
桃園市八德區大勇里5鄰自強街45號,68,6800800,6800800-023,5鄰,自強街,,,,,,45號,121.302643296038,24.9680907433803
桃園市八德區大勇里5鄰自強街47號,68,6800800,6800800-023,5鄰,自強街,,,,,,47號,121.302708369817,24.9680919653551
桃園市八德區大勇里5鄰自強街49號,68,6800800,6800800-023,5鄰,自強街,,,,,,49號,121.302760654392,24.968087976869
桃園市八德區大勇里4鄰自強街51巷1之1號,68,6800800,6800800-023,4鄰,自強街,,51巷,,,,1之1號,121.302652723462,24.9682197391931
桃園市八德區大勇里4鄰自強街51巷1號,68,6800800,6800800-023,4鄰,自強街,,51巷,,,,1號,121.302646585401,24.9681802978247
桃園市八德區大勇里4鄰自強街51巷2號,68,6800800,6800800-023,4鄰,自強街,,51巷,,,,2號,121.302898993194,24.9681593805396
桃園市八德區大勇里4鄰自強街51巷5號,68,6800800,6800800-023,4鄰,自強街,,51巷,,,,5號,121.302617010287,24.9682770514512
桃園市八德區大勇里4鄰自強街51巷5之1號,68,6800800,6800800-023,4鄰,自強街,,51巷,,,,5之1號,121.302617010287,24.9682770514512
桃園市八德區大勇里4鄰自強街51巷6號,68,6800800,6800800-023,4鄰,自強街,,51巷,,,,6號,121.302863273299,24.9682138940847
桃園市八德區大勇里4鄰自強街51巷6號三樓,68,6800800,6800800-023,4鄰,自強街,,51巷,,,,6號三樓,121.302863273299,24.9682138940847
桃園市八德區大勇里4鄰自強街51巷6號二樓,68,6800800,6800800-023,4鄰,自強街,,51巷,,,,6號二樓,121.302863273299,24.9682138940847
桃園市八德區大勇里4鄰自強街51巷6號五樓,68,6800800,6800800-023,4鄰,自強街,,51巷,,,,6號五樓,121.302863273299,24.9682138940847
桃園市八德區大勇里4鄰自強街51巷6號四樓,68,6800800,6800800-023,4鄰,自強街,,51巷,,,,6號四樓,121.302863273299,24.9682138940847
桃園市八德區大勇里4鄰自強街51巷7號,68,6800800,6800800-023,4鄰,自強街,,51巷,,,,7號,121.302609696179,24.968364189792
桃園市八德區大勇里4鄰自強街51巷8號,68,6800800,6800800-023,4鄰,自強街,,51巷,,,,8號,121.302831966951,24.9682507030996
桃園市八德區大勇里4鄰自強街51巷10號,68,6800800,6800800-023,4鄰,自強街,,51巷,,,,10號,121.30280926906,24.9682841541162
桃園市八德區大勇里4鄰自強街51巷12號,68,6800800,6800800-023,4鄰,自強街,,51巷,,,,12號,121.302786964673,24.9683165209283
桃園市八德區大勇里4鄰自強街51巷14號,68,6800800,6800800-023,4鄰,自強街,,51巷,,,,14號,121.302764660274,24.9683488877371
桃園市八德區大勇里4鄰自強街51巷16號,68,6800800,6800800-023,4鄰,自強街,,51巷,,,,16號,121.302742360061,24.9683829699185
桃園市八德區大勇里4鄰自強街51巷18號,68,6800800,6800800-023,4鄰,自強街,,51巷,,,,18號,121.302722837431,24.9684188521174
桃園市八德區大勇里4鄰自強街51巷20號,68,6800800,6800800-023,4鄰,自強街,,51巷,,,,20號,121.302693499905,24.9684507817969
桃園市八德區大勇里4鄰自強街51巷22號,68,6800800,6800800-023,4鄰,自強街,,51巷,,,,22號,121.302669737212,24.9684943466965
桃園市八德區大勇里4鄰自強街51巷24號,68,6800800,6800800-023,4鄰,自強街,,51巷,,,,24號,121.302642297796,24.9685329534785
桃園市八德區大勇里4鄰自強街51巷26號,68,6800800,6800800-023,4鄰,自強街,,51巷,,,,26號,121.302625843656,24.9685681071605
桃園市八德區大勇里4鄰自強街51巷28號,68,6800800,6800800-023,4鄰,自強街,,51巷,,,,28號,121.302607503729,24.9686016395719
桃園市八德區大勇里4鄰自強街51巷30號,68,6800800,6800800-023,4鄰,自強街,,51巷,,,,30號,121.302585594077,24.9686334638508
桃園市八德區大勇里4鄰自強街51巷32號,68,6800800,6800800-023,4鄰,自強街,,51巷,,,,32號,121.302558138267,24.9686653896794
桃園市八德區大勇里4鄰自強街51巷34號,68,6800800,6800800-023,4鄰,自強街,,51巷,,,,34號,121.302538011352,24.9686972103288
桃園市八德區大勇里4鄰自強街51巷36號,68,6800800,6800800-023,4鄰,自強街,,51巷,,,,36號,121.302519659021,24.9687256868844
桃園市八德區大勇里4鄰自強街51巷38之1號,68,6800800,6800800-023,4鄰,自強街,,51巷,,,,38之1號,121.302486917132,24.9687830833556
桃園市八德區大勇里4鄰自強街51巷40號,68,6800800,6800800-023,4鄰,自強街,,51巷,,,,40號,121.302463877616,24.9688389252932
桃園市八德區大勇里4鄰自強街52巷1號,68,6800800,6800800-023,4鄰,自強街,,52巷,,,,1號,121.302997176372,24.9680107548787
桃園市八德區大勇里4鄰自強街52巷3號,68,6800800,6800800-023,4鄰,自強街,,52巷,,,,3號,121.303015006305,24.9679712647517
桃園市八德區大勇里4鄰自強街52巷5號,68,6800800,6800800-023,4鄰,自強街,,52巷,,,,5號,121.303032846399,24.967935927638
桃園市八德區大勇里4鄰自強街52巷7號,68,6800800,6800800-023,4鄰,自強街,,52巷,,,,7號,121.303047688034,24.9678894917666
桃園市八德區大勇里4鄰自強街53號,68,6800800,6800800-023,4鄰,自強街,,,,,,53號,121.302917002476,24.9681122159712
桃園市八德區大勇里4鄰自強街53號二樓,68,6800800,6800800-023,4鄰,自強街,,,,,,53號二樓,121.302917002476,24.9681122159712
桃園市八德區大勇里4鄰自強街53號三樓,68,6800800,6800800-023,4鄰,自強街,,,,,,53號三樓,121.302917002476,24.9681122159712
桃園市八德區大勇里4鄰自強街53號五樓,68,6800800,6800800-023,4鄰,自強街,,,,,,53號五樓,121.302917002476,24.9681122159712
桃園市八德區大勇里4鄰自強街53號四樓,68,6800800,6800800-023,4鄰,自強街,,,,,,53號四樓,121.302917002476,24.9681122159712
桃園市八德區大勇里28鄰自強街59巷1號,68,6800800,6800800-023,28鄰,自強街,,59巷,,,,1號,121.303097662875,24.9682768863828
桃園市八德區大勇里28鄰自強街59巷1號七樓,68,6800800,6800800-023,28鄰,自強街,,59巷,,,,1號七樓,121.303097662875,24.9682768863828
桃園市八德區大勇里28鄰自強街59巷1號五樓,68,6800800,6800800-023,28鄰,自強街,,59巷,,,,1號五樓,121.303097662875,24.9682768863828
桃園市八德區大勇里28鄰自強街59巷1號二樓,68,6800800,6800800-023,28鄰,自強街,,59巷,,,,1號二樓,121.303097662875,24.9682768863828
桃園市八德區大勇里28鄰自強街59巷1號三樓,68,6800800,6800800-023,28鄰,自強街,,59巷,,,,1號三樓,121.303097662875,24.9682768863828
桃園市八德區大勇里28鄰自強街59巷1號六樓,68,6800800,6800800-023,28鄰,自強街,,59巷,,,,1號六樓,121.303097662875,24.9682768863828
桃園市八德區大勇里28鄰自強街59巷1號四樓,68,6800800,6800800-023,28鄰,自強街,,59巷,,,,1號四樓,121.303097662875,24.9682768863828
桃園市八德區大勇里28鄰自強街59巷3號,68,6800800,6800800-023,28鄰,自強街,,59巷,,,,3號,121.303107858575,24.9683958591396
桃園市八德區大勇里28鄰自強街59巷3號二樓,68,6800800,6800800-023,28鄰,自強街,,59巷,,,,3號二樓,121.303107858575,24.9683958591396
桃園市八德區大勇里28鄰自強街59巷3號三樓,68,6800800,6800800-023,28鄰,自強街,,59巷,,,,3號三樓,121.303107858575,24.9683958591396
桃園市八德區大勇里28鄰自強街59巷3號五樓,68,6800800,6800800-023,28鄰,自強街,,59巷,,,,3號五樓,121.303107858575,24.9683958591396
桃園市八德區大勇里28鄰自強街59巷3號六樓,68,6800800,6800800-023,28鄰,自強街,,59巷,,,,3號六樓,121.303107858575,24.9683958591396
桃園市八德區大勇里28鄰自強街59巷3號四樓,68,6800800,6800800-023,28鄰,自強街,,59巷,,,,3號四樓,121.303107858575,24.9683958591396
桃園市八德區大勇里28鄰自強街59巷3號七樓,68,6800800,6800800-023,28鄰,自強街,,59巷,,,,3號七樓,121.303107858575,24.9683958591396
桃園市八德區大勇里28鄰自強街59巷5號,68,6800800,6800800-023,28鄰,自強街,,59巷,,,,5號,121.302993159041,24.9683924812456
桃園市八德區大勇里28鄰自強街59巷5號七樓,68,6800800,6800800-023,28鄰,自強街,,59巷,,,,5號七樓,121.302993159041,24.9683924812456
桃園市八德區大勇里28鄰自強街59巷5號二樓,68,6800800,6800800-023,28鄰,自強街,,59巷,,,,5號二樓,121.302993159041,24.9683924812456
桃園市八德區大勇里28鄰自強街59巷5號三樓,68,6800800,6800800-023,28鄰,自強街,,59巷,,,,5號三樓,121.302993159041,24.9683924812456
桃園市八德區大勇里28鄰自強街59巷5號五樓,68,6800800,6800800-023,28鄰,自強街,,59巷,,,,5號五樓,121.302993159041,24.9683924812456
桃園市八德區大勇里28鄰自強街59巷5號六樓,68,6800800,6800800-023,28鄰,自強街,,59巷,,,,5號六樓,121.302993159041,24.9683924812456
桃園市八德區大勇里28鄰自強街59巷5號四樓,68,6800800,6800800-023,28鄰,自強街,,59巷,,,,5號四樓,121.302993159041,24.9683924812456
桃園市八德區大勇里4鄰自強街60號,68,6800800,6800800-023,4鄰,自強街,,,,,,60號,121.304039184242,24.9680044778524
桃園市八德區大榮里15鄰自強街4號,68,6800800,6800800-037,15鄰,自強街,,,,,,4號,121.301618897795,24.9679267004741
桃園市八德區大榮里15鄰自強街6號,68,6800800,6800800-037,15鄰,自強街,,,,,,6號,121.301665063106,24.9679314822583
桃園市八德區大榮里15鄰自強街8號,68,6800800,6800800-037,15鄰,自強街,,,,,,8號,121.301708641448,24.967931393966
桃園市八德區大榮里15鄰自強街10巷1號,68,6800800,6800800-037,15鄰,自強街,,10巷,,,,1號,121.301835028133,24.9678132277003
桃園市八德區大榮里15鄰自強街10巷2號,68,6800800,6800800-037,15鄰,自強街,,10巷,,,,2號,121.301680633957,24.9678183256051
桃園市八德區大榮里15鄰自強街10巷3號,68,6800800,6800800-037,15鄰,自強街,,10巷,,,,3號,121.301834898853,24.9677602316031
桃園市八德區大榮里15鄰自強街10巷4號,68,6800800,6800800-037,15鄰,自強街,,10巷,,,,4號,121.301677854175,24.9677749952018
桃園市八德區大榮里15鄰自強街10巷5號,68,6800800,6800800-037,15鄰,自強街,,10巷,,,,5號,121.301836051387,24.9677048855387
桃園市八德區大榮里15鄰自強街10巷6號,68,6800800,6800800-037,15鄰,自強街,,10巷,,,,6號,121.301673787074,24.9677317576896
桃園市八德區大榮里15鄰自強街10巷7號,68,6800800,6800800-037,15鄰,自強街,,10巷,,,,7號,121.301833358922,24.9676567699404
桃園市八德區大榮里15鄰自強街10巷8號,68,6800800,6800800-037,15鄰,自強街,,10巷,,,,8號,121.301671103477,24.9676872534065
桃園市八德區大榮里15鄰自強街12號,68,6800800,6800800-037,15鄰,自強街,,,,,,12號,121.301807525294,24.9679070879052
桃園市八德區大榮里15鄰自強街14號,68,6800800,6800800-037,15鄰,自強街,,,,,,14號,121.301855076968,24.967911776537
桃園市八德區大榮里15鄰自強街16號,68,6800800,6800800-037,15鄰,自強街,,,,,,16號,121.301902643404,24.9679225141118
桃園市八德區大榮里15鄰自強街18號,68,6800800,6800800-037,15鄰,自強街,,,,,,18號,121.301947515233,24.9679248607789
桃園市八德區大榮里15鄰自強街20號,68,6800800,6800800-037,15鄰,自強街,,,,,,20號,121.301992392792,24.9679295547894
桃園市八德區大榮里15鄰自強街22號,68,6800800,6800800-037,15鄰,自強街,,,,,,22號,121.302045152697,24.9679174400845
桃園市八德區大榮里15鄰自強街24巷1號,68,6800800,6800800-037,15鄰,自強街,,24巷,,,,1號,121.302162383957,24.9678221338154
桃園市八德區大榮里15鄰自強街24巷2號,68,6800800,6800800-037,15鄰,自強街,,24巷,,,,2號,121.302011930957,24.9678188277094
桃園市八德區大榮里15鄰自強街24巷3號,68,6800800,6800800-037,15鄰,自強街,,24巷,,,,3號,121.302159604006,24.9677788034227
桃園市八德區大榮里15鄰自強街24巷4號,68,6800800,6800800-037,15鄰,自強街,,24巷,,,,4號,121.30200913365,24.9677683649597
桃園市八德區大榮里15鄰自強街24巷5號,68,6800800,6800800-037,15鄰,自強街,,24巷,,,,5號,121.302160779985,24.9677331176337
桃園市八德區大榮里15鄰自強街24巷6號,68,6800800,6800800-037,15鄰,自強街,,24巷,,,,6號,121.302007740335,24.9677250317511
桃園市八德區大榮里15鄰自強街24巷8號,68,6800800,6800800-037,15鄰,自強街,,24巷,,,,8號,121.302006236301,24.9676769137462
桃園市八德區大榮里15鄰自強街26號,68,6800800,6800800-037,15鄰,自強街,,,,,,26號,121.302141514292,24.9679148069353
桃園市八德區大榮里15鄰自強街28號,68,6800800,6800800-037,15鄰,自強街,,,,,,28號,121.302186389208,24.9679184174918
桃園市八德區大榮里15鄰自強街30號,68,6800800,6800800-037,15鄰,自強街,,,,,,30號,121.302236512895,24.9679218368144
桃園市八德區大榮里15鄰自強街32號,68,6800800,6800800-037,15鄰,自強街,,,,,,32號,121.302278812513,24.9679253622868
桃園市八德區大榮里15鄰自強街34號,68,6800800,6800800-037,15鄰,自強街,,,,,,34號,121.302326241784,24.9679204809759
桃園市八德區大榮里15鄰自強街36號,68,6800800,6800800-037,15鄰,自強街,,,,,,36號,121.302376438261,24.9679131563787
桃園市八德區大榮里15鄰自強街38巷1號,68,6800800,6800800-037,15鄰,自強街,,38巷,,,,1號,121.302492300334,24.9678250753043
桃園市八德區大榮里15鄰自強街38巷2號,68,6800800,6800800-037,15鄰,自強街,,38巷,,,,2號,121.302347120136,24.9678314191496
桃園市八德區大榮里15鄰自強街38巷3號,68,6800800,6800800-037,15鄰,自強街,,38巷,,,,3號,121.302489587085,24.9677685634064
桃園市八德區大榮里15鄰自強街38巷4號,68,6800800,6800800-037,15鄰,自強街,,38巷,,,,4號,121.302341762171,24.9677869203112
桃園市八德區大榮里15鄰自強街38巷6號,68,6800800,6800800-037,15鄰,自強街,,38巷,,,,6號,121.302345629633,24.9677483614453
桃園市八德區大榮里15鄰自強街40號,68,6800800,6800800-037,15鄰,自強街,,,,,,40號,121.302501767244,24.9679297848177
桃園市八德區大榮里15鄰自強街40之1號,68,6800800,6800800-037,15鄰,自強街,,,,,,40之1號,121.30259161571,24.9679368249325
桃園市八德區大榮里15鄰自強街42之1號,68,6800800,6800800-037,15鄰,自強街,,,,,,42之1號,121.302713058262,24.9679437104837
桃園市八德區大榮里15鄰自強街42號,68,6800800,6800800-037,15鄰,自強街,,,,,,42號,121.302652331132,24.9679378752223
桃園市八德區大榮里15鄰自強街46號,68,6800800,6800800-037,15鄰,自強街,,,,,,46號,121.302771099784,24.9679448564444
桃園市八德區大榮里15鄰自強街48號,68,6800800,6800800-037,15鄰,自強街,,,,,,48號,121.302838453877,24.9679470668436
桃園市八德區大榮里15鄰自強街50號,68,6800800,6800800-037,15鄰,自強街,,,,,,50號,121.302884675153,24.9679746898351
桃園市八德區大榮里15鄰自強街52巷2弄2之1號,68,6800800,6800800-037,15鄰,自強街,,52巷,2弄,,,2之1號,121.302863249331,24.9678399403015
桃園市八德區大榮里15鄰自強街52巷2弄2之2號,68,6800800,6800800-037,15鄰,自強街,,52巷,2弄,,,2之2號,121.302863249331,24.9678399403015
桃園市八德區大榮里15鄰自強街52巷2弄2之3號,68,6800800,6800800-037,15鄰,自強街,,52巷,2弄,,,2之3號,121.302863249331,24.9678399403015
桃園市八德區大榮里15鄰自強街52巷2弄2號,68,6800800,6800800-037,15鄰,自強街,,52巷,2弄,,,2號,121.302863249331,24.9678399403015
桃園市八德區大榮里15鄰自強街52巷2弄2之4號,68,6800800,6800800-037,15鄰,自強街,,52巷,2弄,,,2之4號,121.302863249331,24.9678399403015
桃園市八德區大榮里15鄰自強街52巷2弄6號,68,6800800,6800800-037,15鄰,自強街,,52巷,2弄,,,6號,121.302783986664,24.9678280938048
桃園市八德區大榮里15鄰自強街52巷2弄8號,68,6800800,6800800-037,15鄰,自強街,,52巷,2弄,,,8號,121.302712766922,24.9678246272715
桃園市八德區大榮里15鄰自強街52巷2弄10號,68,6800800,6800800-037,15鄰,自強街,,52巷,2弄,,,10號,121.302650670935,24.9678260174638
桃園市八德區大榮里15鄰自強街52巷2弄12號,68,6800800,6800800-037,15鄰,自強街,,52巷,2弄,,,12號,121.302589949606,24.967822529533
桃園市平鎮區福林里8鄰自強街122巷35號,68,6801000,6801000-032,8鄰,自強街,,122巷,,,,35號,121.215618776566,24.9064061991664
桃園市平鎮區福林里8鄰自強街122巷37號,68,6801000,6801000-032,8鄰,自強街,,122巷,,,,37號,121.215646633632,24.9063152423602
桃園市平鎮區福林里8鄰自強街122巷39號,68,6801000,6801000-032,8鄰,自強街,,122巷,,,,39號,121.215693478138,24.9061562738299
桃園市平鎮區莊敬里20鄰自強街11號,68,6801000,6801000-014,20鄰,自強街,,,,,,11號,121.212555047897,24.9043949930853
桃園市平鎮區莊敬里20鄰自強街13號,68,6801000,6801000-014,20鄰,自強街,,,,,,13號,121.212593383636,24.9044101062691
桃園市平鎮區莊敬里20鄰自強街15號,68,6801000,6801000-014,20鄰,自強街,,,,,,15號,121.212630036526,24.9044252218416
桃園市平鎮區莊敬里20鄰自強街17巷1號,68,6801000,6801000-014,20鄰,自強街,,17巷,,,,1號,121.212586716236,24.9045052757189
桃園市平鎮區莊敬里20鄰自強街17巷2號,68,6801000,6801000-014,20鄰,自強街,,17巷,,,,2號,121.212530235003,24.9047616741156
桃園市平鎮區莊敬里20鄰自強街17巷3號,68,6801000,6801000-014,20鄰,自強街,,17巷,,,,3號,121.212568465253,24.9045417766963
桃園市平鎮區莊敬里20鄰自強街17巷4號,68,6801000,6801000-014,20鄰,自強街,,17巷,,,,4號,121.212486790853,24.9047695004759
桃園市平鎮區莊敬里20鄰自強街17巷5號,68,6801000,6801000-014,20鄰,自強街,,17巷,,,,5號,121.212549130299,24.9045811683224
桃園市平鎮區莊敬里20鄰自強街17巷6號,68,6801000,6801000-014,20鄰,自強街,,17巷,,,,6號,121.212443841503,24.9047772358343
桃園市平鎮區莊敬里20鄰自強街17巷7號,68,6801000,6801000-014,20鄰,自強街,,17巷,,,,7號,121.212527131677,24.9046258905307
桃園市平鎮區莊敬里20鄰自強街17巷8號,68,6801000,6801000-014,20鄰,自強街,,17巷,,,,8號,121.212398321756,24.9047869611008
桃園市平鎮區莊敬里20鄰自強街17巷9號,68,6801000,6801000-014,20鄰,自強街,,17巷,,,,9號,121.212509473837,24.9046619392326
桃園市平鎮區莊敬里20鄰自強街17巷11號,68,6801000,6801000-014,20鄰,自強街,,17巷,,,,11號,121.212462765464,24.904671214789
桃園市平鎮區莊敬里20鄰自強街17巷13號,68,6801000,6801000-014,20鄰,自強街,,17巷,,,,13號,121.21241773979,24.9046803976502
桃園市平鎮區莊敬里20鄰自強街17巷15號,68,6801000,6801000-014,20鄰,自強街,,17巷,,,,15號,121.212372617744,24.9046911154729
桃園市平鎮區莊敬里17鄰自強街18號,68,6801000,6801000-014,17鄰,自強街,,,,,,18號,121.212618594764,24.9042759977347
桃園市平鎮區莊敬里20鄰自強街19號,68,6801000,6801000-014,20鄰,自強街,,,,,,19號,121.212711068325,24.9044581504807
桃園市平鎮區莊敬里17鄰自強街20號,68,6801000,6801000-014,17鄰,自強街,,,,,,20號,121.212662104646,24.9043066324751
桃園市平鎮區莊敬里20鄰自強街21號,68,6801000,6801000-014,20鄰,自強街,,,,,,21號,121.212751781604,24.9044742533639
桃園市平鎮區莊敬里17鄰自強街22號,68,6801000,6801000-014,17鄰,自強街,,,,,,22號,121.212704996457,24.904323183689
桃園市平鎮區莊敬里20鄰自強街23號,68,6801000,6801000-014,20鄰,自強街,,,,,,23號,121.212793587054,24.9044922506541
桃園市平鎮區莊敬里17鄰自強街24號,68,6801000,6801000-014,17鄰,自強街,,,,,,24號,121.212749473847,24.9043407257596
桃園市平鎮區莊敬里20鄰自強街25號,68,6801000,6801000-014,20鄰,自強街,,,,,,25號,121.212835489804,24.9045092546633
桃園市平鎮區莊敬里17鄰自強街26號,68,6801000,6801000-014,17鄰,自強街,,,,,,26號,121.212795139923,24.9043587175442
桃園市平鎮區莊敬里20鄰自強街27號,68,6801000,6801000-014,20鄰,自強街,,,,,,27號,121.212876202187,24.9045248158059
桃園市平鎮區莊敬里17鄰自強街28號,68,6801000,6801000-014,17鄰,自強街,,,,,,28號,121.212838033319,24.9043761715631
桃園市平鎮區莊敬里20鄰自強街29號,68,6801000,6801000-014,20鄰,自強街,,,,,,29號,121.212915927297,24.9045419131843
桃園市平鎮區莊敬里17鄰自強街30號,68,6801000,6801000-014,17鄰,自強街,,,,,,30號,121.212880926107,24.904393264432
桃園市平鎮區莊敬里20鄰自強街31號,68,6801000,6801000-014,20鄰,自強街,,,,,,31號,121.212957234426,24.9045579248788
桃園市平鎮區莊敬里17鄰自強街32號,68,6801000,6801000-014,17鄰,自強街,,,,,,32號,121.212925206338,24.9044112581541
桃園市平鎮區莊敬里20鄰自強街33號,68,6801000,6801000-014,20鄰,自強街,,,,,,33號,121.212995373984,24.9045740313688
桃園市平鎮區莊敬里17鄰自強街34號,68,6801000,6801000-014,17鄰,自強街,,,,,,34號,121.212970277741,24.9044287993105
桃園市平鎮區莊敬里20鄰自強街35號,68,6801000,6801000-014,20鄰,自強街,,,,,,35號,121.213044705357,24.9045934623959
桃園市平鎮區莊敬里17鄰自強街36號,68,6801000,6801000-014,17鄰,自強街,,,,,,36號,121.213013665368,24.90444580115
桃園市平鎮區莊敬里20鄰自強街37巷1弄1號,68,6801000,6801000-014,20鄰,自強街,,37巷,1弄,,,1號,121.212985234451,24.9047223834058
桃園市平鎮區莊敬里20鄰自強街37巷1弄2號,68,6801000,6801000-014,20鄰,自強街,,37巷,1弄,,,2號,121.212939157543,24.9048111989211
桃園市平鎮區莊敬里20鄰自強街37巷1弄3號,68,6801000,6801000-014,20鄰,自強街,,37巷,1弄,,,3號,121.212933820799,24.9047009690712
桃園市平鎮區莊敬里20鄰自強街37巷1弄4號,68,6801000,6801000-014,20鄰,自強街,,37巷,1弄,,,4號,121.212890914082,24.9047912246001
桃園市平鎮區莊敬里20鄰自強街37巷1弄5號,68,6801000,6801000-014,20鄰,自強街,,37巷,1弄,,,5號,121.212893007655,24.9046844149584
桃園市平鎮區莊敬里20鄰自強街37巷1弄6號,68,6801000,6801000-014,20鄰,自強街,,37巷,1弄,,,6號,121.212850595873,24.9047746697697
桃園市平鎮區莊敬里20鄰自強街37巷1弄7號,68,6801000,6801000-014,20鄰,自強街,,37巷,1弄,,,7號,121.212853878313,24.9046684001393
桃園市平鎮區莊敬里20鄰自強街37巷1弄8號,68,6801000,6801000-014,20鄰,自強街,,37巷,1弄,,,8號,121.212809881708,24.9047581154932
桃園市平鎮區莊敬里20鄰自強街37巷1弄9號,68,6801000,6801000-014,20鄰,自強街,,37巷,1弄,,,9號,121.212813064416,24.9046513945826
桃園市平鎮區莊敬里20鄰自強街37巷1弄10號,68,6801000,6801000-014,20鄰,自強街,,37巷,1弄,,,10號,121.212769662668,24.9047416507838
桃園市平鎮區莊敬里20鄰自強街37巷1弄11號,68,6801000,6801000-014,20鄰,自強街,,37巷,1弄,,,11號,121.212772846029,24.9046352910111
桃園市平鎮區莊敬里20鄰自強街37巷1弄12號,68,6801000,6801000-014,20鄰,自強街,,37巷,1弄,,,12號,121.212728353644,24.9047245556258
桃園市平鎮區莊敬里20鄰自強街37巷1弄13號,68,6801000,6801000-014,20鄰,自強街,,37巷,1弄,,,13號,121.212732032928,24.9046187368538
桃園市平鎮區莊敬里20鄰自強街37巷1弄14號,68,6801000,6801000-014,20鄰,自強街,,37巷,1弄,,,14號,121.212690214228,24.9047085393522
桃園市平鎮區莊敬里20鄰自強街37巷1弄15號,68,6801000,6801000-014,20鄰,自強街,,37巷,1弄,,,15號,121.212691318056,24.9046017311224
桃園市平鎮區莊敬里20鄰自強街37巷1弄16號,68,6801000,6801000-014,20鄰,自強街,,37巷,1弄,,,16號,121.212648906155,24.9046919858782
桃園市平鎮區莊敬里20鄰自強街37巷1弄17號,68,6801000,6801000-014,20鄰,自強街,,37巷,1弄,,,17號,121.212650010018,24.9045851776481
桃園市平鎮區莊敬里20鄰自強街37巷1弄18號,68,6801000,6801000-014,20鄰,自強街,,37巷,1弄,,,18號,121.212604922064,24.9046735402301
桃園市平鎮區莊敬里23鄰自強街37巷2號,68,6801000,6801000-014,23鄰,自強街,,37巷,,,,2號,121.213122025242,24.9047128887351
桃園市平鎮區莊敬里23鄰自強街37巷3號,68,6801000,6801000-014,23鄰,自強街,,37巷,,,,3號,121.212921192441,24.9049565827286
桃園市平鎮區莊敬里23鄰自強街37巷4號,68,6801000,6801000-014,23鄰,自強街,,37巷,,,,4號,121.213104366633,24.9047483957998
桃園市平鎮區莊敬里23鄰自強街37巷5號,68,6801000,6801000-014,23鄰,自強街,,37巷,,,,5號,121.212958746378,24.9049774751448
桃園市平鎮區莊敬里23鄰自強街37巷6號,68,6801000,6801000-014,23鄰,自強街,,37巷,,,,6號,121.213086711425,24.9047858891181
桃園市平鎮區莊敬里23鄰自強街37巷7號,68,6801000,6801000-014,23鄰,自強街,,37巷,,,,7號,121.212996796217,24.9049989085508
桃園市平鎮區莊敬里23鄰自強街37巷8號,68,6801000,6801000-014,23鄰,自強街,,37巷,,,,8號,121.213068955509,24.9048223894477
桃園市平鎮區莊敬里23鄰自強街37巷9號,68,6801000,6801000-014,23鄰,自強街,,37巷,,,,9號,121.21303326049,24.9050193510809
桃園市平鎮區莊敬里23鄰自強街37巷10號,68,6801000,6801000-014,23鄰,自強街,,37巷,,,,10號,121.21305129935,24.9048593410554
桃園市平鎮區莊敬里23鄰自強街37巷11號,68,6801000,6801000-014,23鄰,自強街,,37巷,,,,11號,121.213073488957,24.9050412327788
桃園市平鎮區莊敬里23鄰自強街37巷12號,68,6801000,6801000-014,23鄰,自強街,,37巷,,,,12號,121.213032461166,24.9048997251627
桃園市平鎮區莊敬里23鄰自強街37巷13號,68,6801000,6801000-014,23鄰,自強街,,37巷,,,,13號,121.213113222477,24.9050631151727
桃園市平鎮區莊敬里23鄰自強街37巷14號,68,6801000,6801000-014,23鄰,自強街,,37巷,,,,14號,121.213167630196,24.9049833161602
桃園市平鎮區莊敬里23鄰自強街37巷15號,68,6801000,6801000-014,23鄰,自強街,,37巷,,,,15號,121.213218321845,24.9051605626143
桃園市平鎮區莊敬里23鄰自強街37巷16號,68,6801000,6801000-014,23鄰,自強街,,37巷,,,,16號,121.213272721159,24.9050758882098
桃園市平鎮區莊敬里23鄰自強街37巷17號,68,6801000,6801000-014,23鄰,自強街,,37巷,,,,17號,121.213256467364,24.9051800095558
桃園市平鎮區莊敬里23鄰自強街37巷18號,68,6801000,6801000-014,23鄰,自強街,,37巷,,,,18號,121.213311859064,24.9050967782717
桃園市平鎮區莊敬里23鄰自強街37巷19號,68,6801000,6801000-014,23鄰,自強街,,37巷,,,,19號,121.213295607007,24.9052018927493
桃園市平鎮區莊敬里23鄰自強街37巷20號,68,6801000,6801000-014,23鄰,自強街,,37巷,,,,20號,121.213349906517,24.9051167670371
桃園市平鎮區莊敬里23鄰自強街37巷21號,68,6801000,6801000-014,23鄰,自強街,,37巷,,,,21號,121.213335833095,24.9052223298257
桃園市平鎮區莊敬里23鄰自強街37巷22號,68,6801000,6801000-014,23鄰,自強街,,37巷,,,,22號,121.213390132586,24.9051372040992
桃園市平鎮區莊敬里23鄰自強街37巷23號,68,6801000,6801000-014,23鄰,自強街,,37巷,,,,23號,121.213373385629,24.9052423192923
桃園市平鎮區莊敬里23鄰自強街37巷24號,68,6801000,6801000-014,23鄰,自強街,,37巷,,,,24號,121.213427685879,24.9051576449742
桃園市平鎮區莊敬里23鄰自強街37巷25號,68,6801000,6801000-014,23鄰,自強街,,37巷,,,,25號,121.21341252438,24.9052636607486
桃園市平鎮區莊敬里23鄰自強街37巷26號,68,6801000,6801000-014,23鄰,自強街,,37巷,,,,26號,121.213466328099,24.9051780842814
桃園市平鎮區莊敬里23鄰自強街37巷27號,68,6801000,6801000-014,23鄰,自強街,,37巷,,,,27號,121.213451760584,24.9052840992094
桃園市平鎮區莊敬里23鄰自強街37巷28號,68,6801000,6801000-014,23鄰,自強街,,37巷,,,,28號,121.213505465292,24.9051985228701
桃園市平鎮區莊敬里23鄰自強街37巷29號,68,6801000,6801000-014,23鄰,自強街,,37巷,,,,29號,121.213489313155,24.9053040886464
桃園市平鎮區莊敬里23鄰自強街37巷30號,68,6801000,6801000-014,23鄰,自強街,,37巷,,,,30號,121.213542125517,24.9052177010102
桃園市平鎮區莊敬里23鄰自強街37巷31號,68,6801000,6801000-014,23鄰,自強街,,37巷,,,,31號,121.213527262484,24.9053245289288
桃園市平鎮區莊敬里23鄰自強街37巷32號,68,6801000,6801000-014,23鄰,自強街,,37巷,,,,32號,121.213581262736,24.9052381395787
桃園市平鎮區莊敬里23鄰自強街37巷33號,68,6801000,6801000-014,23鄰,自強街,,37巷,,,,33號,121.213570658892,24.9053464059562
桃園市平鎮區莊敬里23鄰自強街37巷34號,68,6801000,6801000-014,23鄰,自強街,,37巷,,,,34號,121.213624165093,24.9052605590057
桃園市平鎮區莊敬里23鄰自強街37巷35號,68,6801000,6801000-014,23鄰,自強街,,37巷,,,,35號,121.213627551852,24.9053877651102
桃園市平鎮區莊敬里23鄰自強街37巷36號,68,6801000,6801000-014,23鄰,自強街,,37巷,,,,36號,121.213683335166,24.9053020954472
桃園市平鎮區莊敬里23鄰自強街37巷37號,68,6801000,6801000-014,23鄰,自強街,,37巷,,,,37號,121.213665402704,24.9054084763517
桃園市平鎮區莊敬里23鄰自強街37巷38號,68,6801000,6801000-014,23鄰,自強街,,37巷,,,,38號,121.213719501731,24.9053219965268
桃園市平鎮區莊敬里23鄰自強街37巷39號,68,6801000,6801000-014,23鄰,自強街,,37巷,,,,39號,121.213702855421,24.9054279241698
桃園市平鎮區莊敬里23鄰自強街37巷40號,68,6801000,6801000-014,23鄰,自強街,,37巷,,,,40號,121.213756558461,24.9053414448991
桃園市平鎮區莊敬里23鄰自強街37巷41號,68,6801000,6801000-014,23鄰,自強街,,37巷,,,,41號,121.213738824041,24.9054478255277
桃園市平鎮區莊敬里23鄰自強街37巷42號,68,6801000,6801000-014,23鄰,自強街,,37巷,,,,42號,121.213792525353,24.9053603531166
桃園市平鎮區莊敬里23鄰自強街37巷43號,68,6801000,6801000-014,23鄰,自強街,,37巷,,,,43號,121.213773700489,24.905465832466
桃園市平鎮區莊敬里23鄰自強街37巷44號,68,6801000,6801000-014,23鄰,自強街,,37巷,,,,44號,121.213830175749,24.9053796200505
桃園市平鎮區莊敬里23鄰自強街37巷45號,68,6801000,6801000-014,23鄰,自強街,,37巷,,,,45號,121.213813432712,24.9054868118271
桃園市平鎮區莊敬里23鄰自強街37巷46號,68,6801000,6801000-014,23鄰,自強街,,37巷,,,,46號,121.213869907798,24.9054005091125
桃園市平鎮區莊敬里23鄰自強街37巷47號,68,6801000,6801000-014,23鄰,自強街,,37巷,,,,47號,121.213852570837,24.9055077017446
桃園市平鎮區莊敬里23鄰自強街37巷48號,68,6801000,6801000-014,23鄰,自強街,,37巷,,,,48號,121.213906865583,24.9054199575889
桃園市平鎮區莊敬里23鄰自強街37巷49號,68,6801000,6801000-014,23鄰,自強街,,37巷,,,,49號,121.213890124318,24.9055281425009
桃園市平鎮區莊敬里23鄰自強街37巷50號,68,6801000,6801000-014,23鄰,自強街,,37巷,,,,50號,121.213945013934,24.9054409391861
桃園市平鎮區莊敬里23鄰自強街37巷51號,68,6801000,6801000-014,23鄰,自強街,,37巷,,,,51號,121.213933028388,24.9055514646805
桃園市平鎮區莊敬里23鄰自強街37巷52號,68,6801000,6801000-014,23鄰,自強街,,37巷,,,,52號,121.213986925568,24.9054628182209
桃園市平鎮區莊敬里27鄰自強街37巷53弄10衖6號,68,6801000,6801000-014,27鄰,自強街,,37巷,53弄,,,10衖6號,121.214254397865,24.9058606795006
桃園市平鎮區莊敬里27鄰自強街37巷53弄10衖4號,68,6801000,6801000-014,27鄰,自強街,,37巷,53弄,,,10衖4號,121.214219619138,24.9058420405443
桃園市平鎮區莊敬里27鄰自強街37巷53弄10衖3號,68,6801000,6801000-014,27鄰,自強街,,37巷,53弄,,,10衖3號,121.214174873248,24.9059561341901
桃園市平鎮區莊敬里27鄰自強街37巷53弄10衖2號,68,6801000,6801000-014,27鄰,自強街,,37巷,53弄,,,10衖2號,121.214180382944,24.9058217828577
桃園市平鎮區莊敬里27鄰自強街37巷53弄10衖1號,68,6801000,6801000-014,27鄰,自強街,,37巷,53弄,,,10衖1號,121.214118000098,24.9059265122144
桃園市平鎮區莊敬里27鄰自強街37巷53弄1號,68,6801000,6801000-014,27鄰,自強街,,37巷,53弄,,,1號,121.214038857213,24.9056120743849
桃園市平鎮區莊敬里27鄰自強街37巷53弄2號,68,6801000,6801000-014,27鄰,自強街,,37巷,53弄,,,2號,121.214143984311,24.9056675388006
桃園市平鎮區莊敬里27鄰自強街37巷53弄3號,68,6801000,6801000-014,27鄰,自強街,,37巷,53弄,,,3號,121.21401684478,24.9056485809297
桃園市平鎮區莊敬里27鄰自強街37巷53弄4號,68,6801000,6801000-014,27鄰,自強街,,37巷,53弄,,,4號,121.214121974392,24.9057054899098
桃園市平鎮區莊敬里27鄰自強街37巷53弄5號,68,6801000,6801000-014,27鄰,自強街,,37巷,53弄,,,5號,121.213994830621,24.9056840943433
桃園市平鎮區莊敬里27鄰自強街37巷53弄6號,68,6801000,6801000-014,27鄰,自強街,,37巷,53弄,,,6號,121.214101045746,24.9057390155204
桃園市平鎮區莊敬里27鄰自強街37巷53弄7號,68,6801000,6801000-014,27鄰,自強街,,37巷,53弄,,,7號,121.213973114518,24.9057202393181
桃園市平鎮區莊敬里27鄰自強街37巷53弄8號,68,6801000,6801000-014,27鄰,自強街,,37巷,53弄,,,8號,121.214076362998,24.9057769704587
桃園市平鎮區莊敬里27鄰自強街37巷53弄9號,68,6801000,6801000-014,27鄰,自強街,,37巷,53弄,,,9號,121.213951101112,24.9057562041468
桃園市平鎮區莊敬里27鄰自強街37巷53弄11號,68,6801000,6801000-014,27鄰,自強街,,37巷,53弄,,,11號,121.213930173345,24.9057902714395
桃園市平鎮區莊敬里27鄰自強街37巷53弄12號,68,6801000,6801000-014,27鄰,自強街,,37巷,53弄,,,12號,121.214032730005,24.9058476355937
桃園市平鎮區莊敬里27鄰自強街37巷53弄13號,68,6801000,6801000-014,27鄰,自強街,,37巷,53弄,,,13號,121.21390984139,24.9058254212896
桃園市平鎮區莊敬里27鄰自強街37巷53弄14號,68,6801000,6801000-014,27鄰,自強街,,37巷,53弄,,,14號,121.214009040569,24.9058875753557
桃園市平鎮區莊敬里27鄰自強街37巷53弄15號,68,6801000,6801000-014,27鄰,自強街,,37巷,53弄,,,15號,121.213886739961,24.905861929376
桃園市平鎮區莊敬里27鄰自強街37巷53弄16號,68,6801000,6801000-014,27鄰,自強街,,37巷,53弄,,,16號,121.213987121933,24.90592110237
桃園市平鎮區莊敬里27鄰自強街37巷53弄17號,68,6801000,6801000-014,27鄰,自強街,,37巷,53弄,,,17號,121.21386561604,24.9058970803554
桃園市平鎮區莊敬里27鄰自強街37巷53弄18號,68,6801000,6801000-014,27鄰,自強街,,37巷,53弄,,,18號,121.213965108808,24.9059572477687
桃園市平鎮區莊敬里27鄰自強街37巷53弄19號,68,6801000,6801000-014,27鄰,自強街,,37巷,53弄,,,19號,121.213843600861,24.9059320520401
桃園市平鎮區莊敬里27鄰自強街37巷53弄20號,68,6801000,6801000-014,27鄰,自強街,,37巷,53弄,,,20號,121.213943093024,24.9059918583304
桃園市平鎮區莊敬里27鄰自強街37巷53弄21號,68,6801000,6801000-014,27鄰,自強街,,37巷,53弄,,,21號,121.213821588314,24.9059685585552
桃園市平鎮區莊敬里27鄰自強街37巷53弄22號,68,6801000,6801000-014,27鄰,自強街,,37巷,53弄,,,22號,121.21392127817,24.9060281840072
桃園市平鎮區莊敬里27鄰自強街37巷53弄22之1號,68,6801000,6801000-014,27鄰,自強街,,37巷,53弄,,,22之1號,121.213899263917,24.9060636974056
桃園市平鎮區莊敬里27鄰自強街37巷53弄23號,68,6801000,6801000-014,27鄰,自強街,,37巷,53弄,,,23號,121.213800166445,24.9060031682447
桃園市平鎮區莊敬里27鄰自強街37巷53弄25號,68,6801000,6801000-014,27鄰,自強街,,37巷,53弄,,,25號,121.21377924015,24.9060381383591
桃園市平鎮區莊敬里27鄰自強街37巷53弄26號,68,6801000,6801000-014,27鄰,自強街,,37巷,53弄,,,26號,121.213876756399,24.906100204638
桃園市平鎮區莊敬里27鄰自強街37巷53弄27號,68,6801000,6801000-014,27鄰,自強街,,37巷,53弄,,,27號,121.213757225544,24.9060734711681
桃園市平鎮區莊敬里27鄰自強街37巷53弄28號,68,6801000,6801000-014,27鄰,自強街,,37巷,53弄,,,28號,121.213853063441,24.9061381581192
桃園市平鎮區莊敬里27鄰自強街37巷53弄29號,68,6801000,6801000-014,27鄰,自強街,,37巷,53弄,,,29號,121.213735806749,24.9061098865347
桃園市平鎮區莊敬里27鄰自強街37巷53弄30號,68,6801000,6801000-014,27鄰,自強街,,37巷,53弄,,,30號,121.213811403989,24.9062052992605
桃園市平鎮區莊敬里27鄰自強街37巷53弄31號,68,6801000,6801000-014,27鄰,自強街,,37巷,53弄,,,31號,121.213713493584,24.9061443169193
桃園市平鎮區莊敬里27鄰自強街37巷53弄32號,68,6801000,6801000-014,27鄰,自強街,,37巷,53弄,,,32號,121.213792257051,24.9062388222726
桃園市平鎮區莊敬里27鄰自強街37巷53弄33號,68,6801000,6801000-014,27鄰,自強街,,37巷,53弄,,,33號,121.213692568174,24.9061798287271
桃園市平鎮區莊敬里31鄰自強街37巷53弄34號,68,6801000,6801000-014,31鄰,自強街,,37巷,53弄,,,34號,121.213772418083,24.9062728879812
桃園市平鎮區莊敬里31鄰自強街37巷53弄35號,68,6801000,6801000-014,31鄰,自強街,,37巷,53弄,,,35號,121.213670951823,24.9062165152208
桃園市平鎮區莊敬里31鄰自強街37巷53弄36號,68,6801000,6801000-014,31鄰,自強街,,37巷,53弄,,,36號,121.213753570748,24.9063079453963
桃園市平鎮區莊敬里31鄰自強街37巷53弄37號,68,6801000,6801000-014,31鄰,自強街,,37巷,53弄,,,37號,121.213651118577,24.9062539214339
桃園市平鎮區莊敬里31鄰自強街37巷53弄38號,68,6801000,6801000-014,31鄰,自強街,,37巷,53弄,,,38號,121.21373304425,24.906345172044
桃園市平鎮區莊敬里31鄰自強街37巷53弄39號,68,6801000,6801000-014,31鄰,自強街,,37巷,53弄,,,39號,121.213632074312,24.9062896111078
桃園市平鎮區莊敬里31鄰自強街37巷53弄40號,68,6801000,6801000-014,31鄰,自強街,,37巷,53弄,,,40號,121.213713211159,24.906382668549
桃園市平鎮區莊敬里31鄰自強街37巷53弄41號,68,6801000,6801000-014,31鄰,自強街,,37巷,53弄,,,41號,121.213612734766,24.9063262943321
桃園市平鎮區莊敬里31鄰自強街37巷53弄42之1號,68,6801000,6801000-014,31鄰,自強街,,37巷,53弄,,,42之1號,121.213673935783,24.9064546816008
桃園市平鎮區莊敬里31鄰自強街37巷53弄42號,68,6801000,6801000-014,31鄰,自強街,,37巷,53弄,,,42號,121.21369268417,24.906419624338
桃園市平鎮區莊敬里31鄰自強街37巷53弄43號,68,6801000,6801000-014,31鄰,自強街,,37巷,53弄,,,43號,121.213591811939,24.9063633409589
桃園市平鎮區莊敬里31鄰自強街37巷53弄45號,68,6801000,6801000-014,31鄰,自強街,,37巷,53弄,,,45號,121.213572866322,24.9063988499145
桃園市平鎮區莊敬里31鄰自強街37巷53弄46號,68,6801000,6801000-014,31鄰,自強街,,37巷,53弄,,,46號,121.213654101724,24.9064916363917
桃園市平鎮區莊敬里31鄰自強街37巷53弄47號,68,6801000,6801000-014,31鄰,自強街,,37巷,53弄,,,47號,121.213552835343,24.9064364369662
桃園市平鎮區莊敬里31鄰自強街37巷53弄48號,68,6801000,6801000-014,31鄰,自強街,,37巷,53弄,,,48號,121.213634759355,24.9065266945001
桃園市平鎮區莊敬里31鄰自強街37巷53弄49號,68,6801000,6801000-014,31鄰,自強街,,37巷,53弄,,,49號,121.213533099778,24.9064731207466
桃園市平鎮區莊敬里31鄰自強街37巷53弄50號,68,6801000,6801000-014,31鄰,自強街,,37巷,53弄,,,50號,121.213613542319,24.9065653666724
桃園市平鎮區莊敬里31鄰自強街37巷53弄51號,68,6801000,6801000-014,31鄰,自強街,,37巷,53弄,,,51號,121.213513857147,24.9065086301195
桃園市平鎮區莊敬里31鄰自強街37巷53弄52號,68,6801000,6801000-014,31鄰,自強街,,37巷,53弄,,,52號,121.213594301408,24.9066018691828
桃園市平鎮區莊敬里31鄰自強街37巷53弄53號,68,6801000,6801000-014,31鄰,自強街,,37巷,53弄,,,53號,121.213493430004,24.9065461274453
桃園市平鎮區莊敬里31鄰自強街37巷53弄54號,68,6801000,6801000-014,31鄰,自強街,,37巷,53弄,,,54號,121.213575256763,24.9066373782796
桃園市平鎮區莊敬里31鄰自強街37巷53弄55號,68,6801000,6801000-014,31鄰,自強街,,37巷,53弄,,,55號,121.213474090843,24.9065830815038
桃園市平鎮區莊敬里31鄰自強街37巷53弄56號,68,6801000,6801000-014,31鄰,自強街,,37巷,53弄,,,56號,121.213554831171,24.9066757784564
桃園市平鎮區莊敬里31鄰自強街37巷53弄57號,68,6801000,6801000-014,31鄰,自強街,,37巷,53弄,,,57號,121.213454255772,24.9066194945621
桃園市平鎮區莊敬里31鄰自強街37巷53弄58號,68,6801000,6801000-014,31鄰,自強街,,37巷,53弄,,,58號,121.213533908113,24.9067127347896
桃園市平鎮區莊敬里31鄰自強街37巷53弄59號,68,6801000,6801000-014,31鄰,自強街,,37巷,53弄,,,59號,121.213434419913,24.9066554561959
桃園市平鎮區莊敬里31鄰自強街37巷53弄60號,68,6801000,6801000-014,31鄰,自強街,,37巷,53弄,,,60號,121.21351357916,24.906749780554
桃園市平鎮區莊敬里31鄰自強街37巷53弄61號,68,6801000,6801000-014,31鄰,自強街,,37巷,53弄,,,61號,121.21341399443,24.906693946638
桃園市平鎮區莊敬里31鄰自強街37巷53弄62號,68,6801000,6801000-014,31鄰,自強街,,37巷,53弄,,,62號,121.213492658563,24.9067881814304
桃園市平鎮區莊敬里27鄰自強街37巷54號,68,6801000,6801000-014,27鄰,自強街,,37巷,,,,54號,121.214058858725,24.9055001831128
桃園市平鎮區莊敬里27鄰自強街37巷55號,68,6801000,6801000-014,27鄰,自強街,,37巷,,,,55號,121.214239117765,24.9057256357463
桃園市平鎮區莊敬里27鄰自強街37巷56號,68,6801000,6801000-014,27鄰,自強街,,37巷,,,,56號,121.214103347476,24.9055239543923
桃園市平鎮區莊敬里27鄰自強街37巷57號,68,6801000,6801000-014,27鄰,自強街,,37巷,,,,57號,121.214278751157,24.9057466151238
桃園市平鎮區莊敬里27鄰自強街37巷58弄1號,68,6801000,6801000-014,27鄰,自強街,,37巷,58弄,,,1號,121.214208071855,24.9055755371056
桃園市平鎮區莊敬里27鄰自強街37巷58弄2號,68,6801000,6801000-014,27鄰,自強街,,37巷,58弄,,,2號,121.214231664826,24.905537132287
桃園市平鎮區莊敬里27鄰自強街37巷58弄3號,68,6801000,6801000-014,27鄰,自強街,,37巷,58弄,,,3號,121.214253184708,24.9055020709709
桃園市平鎮區莊敬里27鄰自強街37巷58弄4號,68,6801000,6801000-014,27鄰,自強街,,37巷,58弄,,,4號,121.214274608236,24.9054685446275
桃園市平鎮區莊敬里27鄰自強街37巷58弄5號,68,6801000,6801000-014,27鄰,自強街,,37巷,58弄,,,5號,121.214299879827,24.9054276997036
桃園市平鎮區莊敬里27鄰自強街37巷59號,68,6801000,6801000-014,27鄰,自強街,,37巷,,,,59號,121.214316899515,24.9057675063395
桃園市平鎮區莊敬里27鄰自強街37巷60號,68,6801000,6801000-014,27鄰,自強街,,37巷,,,,60號,121.214310789338,24.9056114131142
桃園市平鎮區莊敬里27鄰自強街37巷62號,68,6801000,6801000-014,27鄰,自強街,,37巷,,,,62號,121.214350520761,24.9056318506248
桃園市平鎮區莊敬里27鄰自強街37巷64號,68,6801000,6801000-014,27鄰,自強街,,37巷,,,,64號,121.214389657462,24.9056518375567
桃園市平鎮區莊敬里17鄰自強街38號,68,6801000,6801000-014,17鄰,自強街,,,,,,38號,121.213057153704,24.9044637959633
桃園市平鎮區莊敬里20鄰自強街39之2號,68,6801000,6801000-014,20鄰,自強街,,,,,,39之2號,121.213266264137,24.9046595952723
桃園市平鎮區莊敬里20鄰自強街39之1號,68,6801000,6801000-014,20鄰,自強街,,,,,,39之1號,121.213167518114,24.9046299424951
桃園市平鎮區莊敬里20鄰自強街39號,68,6801000,6801000-014,20鄰,自強街,,,,,,39號,121.213213671869,24.9046435997935
桃園市平鎮區莊敬里17鄰自強街40號,68,6801000,6801000-014,17鄰,自強街,,,,,,40號,121.213100638642,24.9044798045079
桃園市平鎮區莊敬里19鄰自強街41號,68,6801000,6801000-014,19鄰,自強街,,,,,,41號,121.213579478457,24.9044890510361
桃園市平鎮區莊敬里17鄰自強街42號,68,6801000,6801000-014,17鄰,自強街,,,,,,42號,121.213146203346,24.9044963517757
桃園市平鎮區莊敬里19鄰自強街43號,68,6801000,6801000-014,19鄰,自強街,,,,,,43號,121.213621253723,24.9044894426444
桃園市平鎮區莊敬里17鄰自強街44號,68,6801000,6801000-014,17鄰,自強街,,,,,,44號,121.213191762324,24.9045095585083
桃園市平鎮區莊敬里19鄰自強街45號,68,6801000,6801000-014,19鄰,自強街,,,,,,45號,121.213662037517,24.9044889328153
桃園市平鎮區莊敬里17鄰自強街46號,68,6801000,6801000-014,17鄰,自強街,,,,,,46號,121.213239995328,24.9045234836814
桃園市平鎮區莊敬里19鄰自強街47號,68,6801000,6801000-014,19鄰,自強街,,,,,,47號,121.213705989978,24.9044889601434
桃園市平鎮區莊敬里17鄰自強街48號,68,6801000,6801000-014,17鄰,自強街,,,,,,48號,121.213283377283,24.9045371449205
桃園市平鎮區莊敬里19鄰自強街49號,68,6801000,6801000-014,19鄰,自強街,,,,,,49號,121.213748359349,24.9044894411496
桃園市平鎮區莊敬里17鄰自強街50號,68,6801000,6801000-014,17鄰,自強街,,,,,,50號,121.213327951184,24.9045531518416
桃園市平鎮區莊敬里19鄰自強街51號,68,6801000,6801000-014,19鄰,自強街,,,,,,51號,121.213791321893,24.9044894698709
桃園市平鎮區莊敬里19鄰自強街52號,68,6801000,6801000-014,19鄰,自強街,,,,,,52號,121.213450477102,24.9045955006155
桃園市平鎮區莊敬里19鄰自強街53號,68,6801000,6801000-014,19鄰,自強街,,,,,,53號,121.213834185445,24.9044894987217
桃園市平鎮區莊敬里19鄰自強街54號,68,6801000,6801000-014,19鄰,自強街,,,,,,54號,121.213464462801,24.9045541302679
桃園市平鎮區莊敬里19鄰自強街55號,68,6801000,6801000-014,19鄰,自強街,,,,,,55號,121.213876553105,24.9044889865636
桃園市平鎮區莊敬里19鄰自強街56號,68,6801000,6801000-014,19鄰,自強街,,,,,,56號,121.213475194345,24.9045200776262
桃園市平鎮區莊敬里19鄰自強街57號,68,6801000,6801000-014,19鄰,自強街,,,,,,57號,121.213919516426,24.9044894666697
桃園市平鎮區莊敬里19鄰自強街58號,68,6801000,6801000-014,19鄰,自強街,,,,,,58號,121.213484837907,24.904486568248
桃園市平鎮區莊敬里19鄰自強街59號,68,6801000,6801000-014,19鄰,自強街,,,,,,59號,121.213963467174,24.904488500794
桃園市平鎮區莊敬里19鄰自強街60號,68,6801000,6801000-014,19鄰,自強街,,,,,,60號,121.213500398284,24.9044398688531
桃園市平鎮區莊敬里15鄰自強街61號,68,6801000,6801000-014,15鄰,自強街,,,,,,61號,121.214136168111,24.9045800724096
桃園市平鎮區莊敬里15鄰自強街63號,68,6801000,6801000-014,15鄰,自強街,,,,,,63號,121.214174864691,24.9045746900692
桃園市平鎮區莊敬里15鄰自強街64號,68,6801000,6801000-014,15鄰,自強街,,,,,,64號,121.214077438367,24.9045067553405
桃園市平鎮區莊敬里15鄰自強街65號,68,6801000,6801000-014,15鄰,自強街,,,,,,65號,121.214212968252,24.9045698502777
桃園市平鎮區莊敬里15鄰自強街66號,68,6801000,6801000-014,15鄰,自強街,,,,,,66號,121.214118212973,24.9045009186099
桃園市平鎮區莊敬里15鄰自強街67號,68,6801000,6801000-014,15鄰,自強街,,,,,,67號,121.214252652248,24.9045630219461
桃園市平鎮區莊敬里15鄰自強街68號,68,6801000,6801000-014,15鄰,自強街,,,,,,68號,121.214157897732,24.9044945417253
桃園市平鎮區莊敬里15鄰自強街69號,68,6801000,6801000-014,15鄰,自強街,,,,,,69號,121.214298176908,24.9045562754986
桃園市平鎮區莊敬里15鄰自強街69之1號,68,6801000,6801000-014,15鄰,自強街,,,,,,69之1號,121.214308375726,24.9046151263892
桃園市平鎮區莊敬里15鄰自強街70號,68,6801000,6801000-014,15鄰,自強街,,,,,,70號,121.21419659444,24.9044892496638
桃園市平鎮區莊敬里15鄰自強街71號,68,6801000,6801000-014,15鄰,自強街,,,,,,71號,121.214349738186,24.9045484369487
桃園市平鎮區莊敬里15鄰自強街72號,68,6801000,6801000-014,15鄰,自強街,,,,,,72號,121.214234003473,24.9044835080185
桃園市平鎮區莊敬里15鄰自強街73號,68,6801000,6801000-014,15鄰,自強街,,,,,,73號,121.214399023584,24.9045411433593
桃園市平鎮區莊敬里15鄰自強街73之1號,68,6801000,6801000-014,15鄰,自強街,,,,,,73之1號,121.214409818115,24.9046009865171
桃園市平鎮區莊敬里15鄰自強街74號,68,6801000,6801000-014,15鄰,自強街,,,,,,74號,121.214272600247,24.9044776743733
桃園市平鎮區莊敬里15鄰自強街75之1號,68,6801000,6801000-014,15鄰,自強街,,,,,,75之1號,121.214457522159,24.9045951397343
桃園市平鎮區莊敬里15鄰自強街75號,68,6801000,6801000-014,15鄰,自強街,,,,,,75號,121.214448408748,24.9045343010332
桃園市平鎮區莊敬里15鄰自強街76號,68,6801000,6801000-014,15鄰,自強街,,,,,,76號,121.214310702839,24.9044722928509
桃園市平鎮區莊敬里15鄰自強街77號,68,6801000,6801000-014,15鄰,自強街,,,,,,77號,121.214500465122,24.9045265520041
桃園市平鎮區莊敬里15鄰自強街78號,68,6801000,6801000-014,15鄰,自強街,,,,,,78號,121.214350882692,24.9044660054884
桃園市平鎮區莊敬里15鄰自強街80號,68,6801000,6801000-014,15鄰,自強街,,,,,,80號,121.214391161377,24.9044596276884
桃園市平鎮區莊敬里15鄰自強街82號,68,6801000,6801000-014,15鄰,自強街,,,,,,82號,121.214429758136,24.9044537940027
桃園市平鎮區莊敬里15鄰自強街84號,68,6801000,6801000-014,15鄰,自強街,,,,,,84號,121.214469444111,24.9044481393101
桃園市平鎮區莊敬里15鄰自強街86號,68,6801000,6801000-014,15鄰,自強街,,,,,,86號,121.214507546685,24.9044427577376
桃園市平鎮區莊敬里21鄰自強街87號,68,6801000,6801000-014,21鄰,自強街,,,,,,87號,121.214838132285,24.9046441583253
桃園市平鎮區莊敬里15鄰自強街88巷1號,68,6801000,6801000-014,15鄰,自強街,,88巷,,,,1號,121.214595365869,24.9042215245128
桃園市平鎮區莊敬里15鄰自強街88巷2號,68,6801000,6801000-014,15鄰,自強街,,88巷,,,,2號,121.214524338659,24.9043070358758
桃園市平鎮區莊敬里15鄰自強街88巷3號,68,6801000,6801000-014,15鄰,自強街,,88巷,,,,3號,121.214550930255,24.9042282694844
桃園市平鎮區莊敬里15鄰自強街88巷4號,68,6801000,6801000-014,15鄰,自強街,,88巷,,,,4號,121.214484653824,24.9043133225731
桃園市平鎮區莊敬里15鄰自強街88巷5號,68,6801000,6801000-014,15鄰,自強街,,88巷,,,,5號,121.214512235517,24.9042346450497
桃園市平鎮區莊敬里15鄰自強街88巷6號,68,6801000,6801000-014,15鄰,自強街,,88巷,,,,6號,121.214444969921,24.9043201509661
桃園市平鎮區莊敬里15鄰自強街88巷7號,68,6801000,6801000-014,15鄰,自強街,,88巷,,,,7號,121.214471461798,24.9042409333092
桃園市平鎮區莊敬里15鄰自強街88巷8號,68,6801000,6801000-014,15鄰,自強街,,88巷,,,,8號,121.214406273277,24.9043254430918
桃園市平鎮區莊敬里15鄰自強街88巷9號,68,6801000,6801000-014,15鄰,自強街,,88巷,,,,9號,121.214432865107,24.9042467670055
桃園市平鎮區莊敬里15鄰自強街88巷10號,68,6801000,6801000-014,15鄰,自強街,,88巷,,,,10號,121.214366092692,24.9043312790472
桃園市平鎮區莊敬里15鄰自強街88巷11號,68,6801000,6801000-014,15鄰,自強街,,88巷,,,,11號,121.214393180442,24.9042531439628
桃園市平鎮區莊敬里15鄰自強街88巷12號,68,6801000,6801000-014,15鄰,自強街,,88巷,,,,12號,121.214327496124,24.9043372030008
桃園市平鎮區莊敬里15鄰自強街88巷13號,68,6801000,6801000-014,15鄰,自強街,,88巷,,,,13號,121.214353890803,24.9042589786345
桃園市平鎮區莊敬里15鄰自強街88巷14號,68,6801000,6801000-014,15鄰,自強街,,88巷,,,,14號,121.214289889312,24.904343035238
桃園市平鎮區莊敬里15鄰自強街88巷15號,68,6801000,6801000-014,15鄰,自強街,,88巷,,,,15號,121.214315789059,24.9042648115894
桃園市平鎮區莊敬里15鄰自強街88巷16號,68,6801000,6801000-014,15鄰,自強街,,88巷,,,,16號,121.21425129336,24.9043493203093
桃園市平鎮區莊敬里15鄰自強街88巷17號,68,6801000,6801000-014,15鄰,自強街,,88巷,,,,17號,121.214276598404,24.9042706460986
桃園市平鎮區莊敬里15鄰自強街88巷18號,68,6801000,6801000-014,15鄰,自強街,,88巷,,,,18號,121.214212695845,24.9043547025271
桃園市平鎮區莊敬里15鄰自強街88巷19號,68,6801000,6801000-014,15鄰,自強街,,88巷,,,,19號,121.214237507516,24.9042769318771
桃園市平鎮區莊敬里15鄰自強街88巷20號,68,6801000,6801000-014,15鄰,自強街,,88巷,,,,20號,121.214173504222,24.9043599953032
桃園市平鎮區莊敬里15鄰自強街88巷21號,68,6801000,6801000-014,15鄰,自強街,,88巷,,,,21號,121.214197722905,24.9042827672186
桃園市平鎮區莊敬里15鄰自強街88巷22號,68,6801000,6801000-014,15鄰,自強街,,88巷,,,,22號,121.21413490748,24.9043658289226
桃園市平鎮區莊敬里15鄰自強街88巷23號,68,6801000,6801000-014,15鄰,自強街,,88巷,,,,23號,121.214159721072,24.9042891416977
桃園市平鎮區莊敬里15鄰自強街88巷24號,68,6801000,6801000-014,15鄰,自強街,,88巷,,,,24號,121.214094628812,24.9043722066534
桃園市平鎮區莊敬里15鄰自強街88巷25號,68,6801000,6801000-014,15鄰,自強街,,88巷,,,,25號,121.214120530402,24.904294976166
桃園市平鎮區莊敬里15鄰自強街88巷26號,68,6801000,6801000-014,15鄰,自強街,,88巷,,,,26號,121.214052270381,24.9043780456499
桃園市平鎮區莊敬里15鄰自強街88巷27號,68,6801000,6801000-014,15鄰,自強街,,88巷,,,,27號,121.214079756642,24.9043012643186
桃園市平鎮區莊敬里15鄰自強街88巷29號,68,6801000,6801000-014,15鄰,自強街,,88巷,,,,29號,121.21403947877,24.9043080934562
桃園市平鎮區莊敬里21鄰自強街89號,68,6801000,6801000-014,21鄰,自強街,,,,,,89號,121.214868731849,24.9046505244596
桃園市平鎮區莊敬里14鄰自強街90巷1之1號,68,6801000,6801000-014,14鄰,自強街,,90巷,,,,1之1號,121.214707890386,24.9039758788409
桃園市平鎮區莊敬里14鄰自強街90巷1號,68,6801000,6801000-014,14鄰,自強街,,90巷,,,,1號,121.214666621025,24.9039817164439
桃園市平鎮區莊敬里15鄰自強街90巷2號,68,6801000,6801000-014,15鄰,自強街,,90巷,,,,2號,121.214588386836,24.9040783432125
桃園市平鎮區莊敬里14鄰自強街90巷3號,68,6801000,6801000-014,14鄰,自強街,,90巷,,,,3號,121.214628025361,24.9039880918964
桃園市平鎮區莊敬里15鄰自強街90巷4號,68,6801000,6801000-014,15鄰,自強街,,90巷,,,,4號,121.214542269357,24.904085632308
桃園市平鎮區莊敬里14鄰自強街90巷5號,68,6801000,6801000-014,14鄰,自強街,,90巷,,,,5號,121.214589329765,24.9039939257752
桃園市平鎮區莊敬里15鄰自強街90巷6號,68,6801000,6801000-014,15鄰,自強街,,90巷,,,,6號,121.21449506203,24.9040923812489
桃園市平鎮區莊敬里14鄰自強街90巷7號,68,6801000,6801000-014,14鄰,自強街,,90巷,,,,7號,121.214550239762,24.904000663057
桃園市平鎮區莊敬里15鄰自強街90巷8號,68,6801000,6801000-014,15鄰,自強街,,90巷,,,,8號,121.214448449739,24.9040997613115
桃園市平鎮區莊敬里14鄰自強街90巷9號,68,6801000,6801000-014,14鄰,自強街,,90巷,,,,9號,121.214512136545,24.9040055932181
桃園市平鎮區莊敬里15鄰自強街90巷10號,68,6801000,6801000-014,15鄰,自強街,,90巷,,,,10號,121.214401738295,24.9041070512175
桃園市平鎮區莊敬里14鄰自強街90巷11號,68,6801000,6801000-014,14鄰,自強街,,90巷,,,,11號,121.214471364618,24.9040128746052
桃園市平鎮區莊敬里15鄰自強街90巷12號,68,6801000,6801000-014,15鄰,自強街,,90巷,,,,12號,121.214352553308,24.9041150669396
桃園市平鎮區莊敬里14鄰自強街90巷13號,68,6801000,6801000-014,14鄰,自強街,,90巷,,,,13號,121.214432767998,24.9040187083011
桃園市平鎮區莊敬里15鄰自強街90巷14號,68,6801000,6801000-014,15鄰,自強街,,90巷,,,,14號,121.214306435021,24.9041219045406
桃園市平鎮區莊敬里14鄰自強街90巷15號,68,6801000,6801000-014,14鄰,自強街,,90巷,,,,15號,121.214394071759,24.904024180992
桃園市平鎮區莊敬里15鄰自強街90巷16號,68,6801000,6801000-014,15鄰,自強街,,90巷,,,,16號,121.214258634654,24.9041291959661
桃園市平鎮區莊敬里14鄰自強街90巷17號,68,6801000,6801000-014,14鄰,自強街,,90巷,,,,17號,121.214353299039,24.9040310109251
桃園市平鎮區莊敬里15鄰自強街90巷18號,68,6801000,6801000-014,15鄰,自強街,,90巷,,,,18號,121.21421033839,24.904135946381
桃園市平鎮區莊敬里14鄰自強街90巷19號,68,6801000,6801000-014,14鄰,自強街,,90巷,,,,19號,121.214315790532,24.9040363916044
桃園市平鎮區莊敬里15鄰自強街90巷20號,68,6801000,6801000-014,15鄰,自強街,,90巷,,,,20號,121.214162241661,24.9041435993395
桃園市平鎮區莊敬里14鄰自強街90巷21號,68,6801000,6801000-014,14鄰,自強街,,90巷,,,,21號,121.2142771953,24.9040430378194
桃園市平鎮區莊敬里15鄰自強街90巷22號,68,6801000,6801000-014,15鄰,自強街,,90巷,,,,22號,121.214116123352,24.9041504368818
桃園市平鎮區莊敬里14鄰自強街90巷23號,68,6801000,6801000-014,14鄰,自強街,,90巷,,,,23號,121.214236916589,24.9040493253037
桃園市平鎮區莊敬里15鄰自強街90巷24號,68,6801000,6801000-014,15鄰,自強街,,90巷,,,,24號,121.214070501708,24.9041582668275
桃園市平鎮區莊敬里14鄰自強街90巷25號,68,6801000,6801000-014,14鄰,自強街,,90巷,,,,25號,121.214198814903,24.9040551582285
桃園市平鎮區莊敬里15鄰自強街90巷26號,68,6801000,6801000-014,15鄰,自強街,,90巷,,,,26號,121.214021116516,24.9041650187437
桃園市平鎮區莊敬里14鄰自強街90巷27號,68,6801000,6801000-014,14鄰,自強街,,90巷,,,,27號,121.214159723455,24.904061082849
桃園市平鎮區莊敬里14鄰自強街90巷29號,68,6801000,6801000-014,14鄰,自強街,,90巷,,,,29號,121.214119938909,24.9040669181694
桃園市平鎮區莊敬里14鄰自強街90巷31號,68,6801000,6801000-014,14鄰,自強街,,90巷,,,,31號,121.214081343034,24.9040732031964
桃園市平鎮區莊敬里14鄰自強街90巷33號,68,6801000,6801000-014,14鄰,自強街,,90巷,,,,33號,121.21404057028,24.9040800330442
桃園市平鎮區莊敬里14鄰自強街90巷35號,68,6801000,6801000-014,14鄰,自強街,,90巷,,,,35號,121.214001972683,24.9040853249228
桃園市平鎮區莊敬里21鄰自強街91號,68,6801000,6801000-014,21鄰,自強街,,,,,,91號,121.214899329696,24.9046558974597
桃園市平鎮區莊敬里14鄰自強街92巷1號,68,6801000,6801000-014,14鄰,自強街,,92巷,,,,1號,121.214794876328,24.9037311726966
桃園市平鎮區莊敬里14鄰自強街92巷2之1號,68,6801000,6801000-014,14鄰,自強街,,92巷,,,,2之1號,121.214691002909,24.903827385011
桃園市平鎮區莊敬里14鄰自強街92巷2號,68,6801000,6801000-014,14鄰,自強街,,92巷,,,,2號,121.214643795846,24.9038342242828
桃園市平鎮區莊敬里14鄰自強街92巷3號,68,6801000,6801000-014,14鄰,自強街,,92巷,,,,3號,121.214745988959,24.9037394589731
桃園市平鎮區莊敬里14鄰自強街92巷4號,68,6801000,6801000-014,14鄰,自強街,,92巷,,,,4號,121.214596094602,24.9038415156734
桃園市平鎮區莊敬里14鄰自強街92巷5號,68,6801000,6801000-014,14鄰,自強街,,92巷,,,,5號,121.214699869896,24.9037457549889
桃園市平鎮區莊敬里14鄰自強街92巷6號,68,6801000,6801000-014,14鄰,自強街,,92巷,,,,6號,121.214548887371,24.9038482646308
桃園市平鎮區莊敬里14鄰自強街92巷7號,68,6801000,6801000-014,14鄰,自強街,,92巷,,,,7號,121.214649991042,24.9037531398151
桃園市平鎮區莊敬里14鄰自強街92巷8號,68,6801000,6801000-014,14鄰,自強街,,92巷,,,,8號,121.214502176028,24.9038555545679
桃園市平鎮區莊敬里14鄰自強街92巷9號,68,6801000,6801000-014,14鄰,自強街,,92巷,,,,9號,121.214601695883,24.903760432062
桃園市平鎮區莊敬里14鄰自強街92巷10號,68,6801000,6801000-014,14鄰,自強街,,92巷,,,,10號,121.214454474611,24.9038627556289
桃園市平鎮區莊敬里14鄰自強街92巷11號,68,6801000,6801000-014,14鄰,自強街,,92巷,,,,11號,121.214557161599,24.9037672674615
桃園市平鎮區莊敬里14鄰自強街92巷12號,68,6801000,6801000-014,14鄰,自強街,,92巷,,,,12號,121.214406674353,24.9038700471014
桃園市平鎮區莊敬里14鄰自強街92巷13號,68,6801000,6801000-014,14鄰,自強街,,92巷,,,,13號,121.214511043453,24.9037741051252
桃園市平鎮區莊敬里14鄰自強街92巷14號,68,6801000,6801000-014,14鄰,自強街,,92巷,,,,14號,121.214358477345,24.9038768877058
桃園市平鎮區莊敬里14鄰自強街92巷15號,68,6801000,6801000-014,14鄰,自強街,,92巷,,,,15號,121.214461661091,24.9037823920205
桃園市平鎮區莊敬里14鄰自強街92巷16號,68,6801000,6801000-014,14鄰,自強街,,92巷,,,,16號,121.21431285379,24.9038835440285
桃園市平鎮區莊敬里14鄰自強街92巷17號,68,6801000,6801000-014,14鄰,自強街,,92巷,,,,17號,121.214414749913,24.9037885988023
桃園市平鎮區莊敬里14鄰自強街92巷18號,68,6801000,6801000-014,14鄰,自強街,,92巷,,,,18號,121.214265646683,24.9038903831808
桃園市平鎮區莊敬里14鄰自強街92巷19號,68,6801000,6801000-014,14鄰,自強街,,92巷,,,,19號,121.214367543628,24.9037958894085
桃園市平鎮區莊敬里14鄰自強街92巷20號,68,6801000,6801000-014,14鄰,自強街,,92巷,,,,20號,121.214217747568,24.9038977650194
桃園市平鎮區莊敬里14鄰自強街92巷21號,68,6801000,6801000-014,14鄰,自強街,,92巷,,,,21號,121.214320437575,24.9038039021325
桃園市平鎮區莊敬里14鄰自強街92巷22號,68,6801000,6801000-014,14鄰,自強街,,92巷,,,,22號,121.214170045494,24.9039046048523
桃園市平鎮區莊敬里14鄰自強街92巷23號,68,6801000,6801000-014,14鄰,自強街,,92巷,,,,23號,121.214272239653,24.9038102010027
桃園市平鎮區莊敬里14鄰自強街92巷24號,68,6801000,6801000-014,14鄰,自強街,,92巷,,,,24號,121.214121749468,24.9039114455225
桃園市平鎮區莊敬里14鄰自強街92巷25號,68,6801000,6801000-014,14鄰,自強街,,92巷,,,,25號,121.214225032571,24.9038170401421
桃園市平鎮區莊敬里14鄰自強街92巷26號,68,6801000,6801000-014,14鄰,自強街,,92巷,,,,26號,121.214074543897,24.903919187458
桃園市平鎮區莊敬里14鄰自強街92巷27號,68,6801000,6801000-014,14鄰,自強街,,92巷,,,,27號,121.214179409343,24.9038238769927
桃園市平鎮區莊敬里14鄰自強街92巷28號,68,6801000,6801000-014,14鄰,自強街,,92巷,,,,28號,121.214027832498,24.9039264772468
桃園市平鎮區莊敬里14鄰自強街92巷29號,68,6801000,6801000-014,14鄰,自強街,,92巷,,,,29號,121.214131114907,24.9038316205093
桃園市平鎮區莊敬里14鄰自強街92巷30號,68,6801000,6801000-014,14鄰,自強街,,92巷,,,,30號,121.213980625358,24.9039333163091
桃園市平鎮區莊敬里14鄰自強街92巷37號,68,6801000,6801000-014,14鄰,自強街,,92巷,,,,37號,121.214050924599,24.9038274019287
桃園市平鎮區莊敬里21鄰自強街93號,68,6801000,6801000-014,21鄰,自強街,,,,,,93號,121.214977653484,24.9046680633127
桃園市平鎮區莊敬里21鄰自強街95號,68,6801000,6801000-014,21鄰,自強街,,,,,,95號,121.214968522945,24.9047117742016
桃園市平鎮區莊敬里21鄰自強街97巷1號,68,6801000,6801000-014,21鄰,自強街,,97巷,,,,1號,121.214954737366,24.9048341025705
桃園市平鎮區莊敬里21鄰自強街97巷2號,68,6801000,6801000-014,21鄰,自強街,,97巷,,,,2號,121.21493046561,24.9049604907932
桃園市平鎮區莊敬里21鄰自強街97巷3號,68,6801000,6801000-014,21鄰,自強街,,97巷,,,,3號,121.214912256578,24.9048265166726
桃園市平鎮區莊敬里21鄰自強街97巷4號,68,6801000,6801000-014,21鄰,自強街,,97巷,,,,4號,121.214889608468,24.9049530289483
桃園市平鎮區莊敬里21鄰自強街97巷5號,68,6801000,6801000-014,21鄰,自強街,,97巷,,,,5號,121.214869765879,24.9048189217483
桃園市平鎮區莊敬里21鄰自強街97巷6號,68,6801000,6801000-014,21鄰,自強街,,97巷,,,,6號,121.214848751331,24.9049455670922
桃園市平鎮區莊敬里21鄰自強街97巷7號,68,6801000,6801000-014,21鄰,自強街,,97巷,,,,7號,121.214827285101,24.9048113358261
桃園市平鎮區莊敬里21鄰自強街97巷8號,68,6801000,6801000-014,21鄰,自強街,,97巷,,,,8號,121.214807894198,24.9049381052248
桃園市平鎮區莊敬里21鄰自強街97巷9號,68,6801000,6801000-014,21鄰,自強街,,97巷,,,,9號,121.214784794412,24.9048037408776
桃園市平鎮區莊敬里21鄰自強街97巷10號,68,6801000,6801000-014,21鄰,自強街,,97巷,,,,10號,121.214767027171,24.9049306433605
桃園市平鎮區莊敬里21鄰自強街97巷11號,68,6801000,6801000-014,21鄰,自強街,,97巷,,,,11號,121.214742313644,24.9047961549311
桃園市平鎮區莊敬里21鄰自強街97巷12號,68,6801000,6801000-014,21鄰,自強街,,97巷,,,,12號,121.214726170064,24.904923190499
桃園市平鎮區莊敬里21鄰自強街97巷14號,68,6801000,6801000-014,21鄰,自強街,,97巷,,,,14號,121.214685312946,24.904915728598
桃園市平鎮區莊敬里21鄰自強街99巷1號,68,6801000,6801000-014,21鄰,自強街,,99巷,,,,1號,121.214897745955,24.9051018332753
桃園市平鎮區莊敬里21鄰自強街99巷2號,68,6801000,6801000-014,21鄰,自強街,,99巷,,,,2號,121.214873471892,24.9052155184501
桃園市平鎮區莊敬里21鄰自強街99巷3號,68,6801000,6801000-014,21鄰,自強街,,99巷,,,,3號,121.214857515014,24.9050958692437
桃園市平鎮區莊敬里21鄰自強街99巷4號,68,6801000,6801000-014,21鄰,自強街,,99巷,,,,4號,121.214830500815,24.9052107049723
桃園市平鎮區莊敬里21鄰自強街99巷5號,68,6801000,6801000-014,21鄰,自強街,,99巷,,,,5號,121.214817274192,24.9050899142439
桃園市平鎮區莊敬里21鄰自強街99巷6號,68,6801000,6801000-014,21鄰,自強街,,99巷,,,,6號,121.214788220811,24.9052048070722
桃園市平鎮區莊敬里21鄰自強街99巷7號,68,6801000,6801000-014,21鄰,自強街,,99巷,,,,7號,121.214777043259,24.9050839501905
桃園市平鎮區莊敬里21鄰自強街99巷9號,68,6801000,6801000-014,21鄰,自強街,,99巷,,,,9號,121.214736812344,24.9050779951547
桃園市平鎮區莊敬里15鄰自強街100號,68,6801000,6801000-014,15鄰,自強街,,,,,,100號,121.21493391494,24.9041628938676
桃園市平鎮區莊敬里21鄰自強街101號,68,6801000,6801000-014,21鄰,自強街,,,,,,101號,121.214844079706,24.9053348266904
桃園市平鎮區莊敬里21鄰自強街103號,68,6801000,6801000-014,21鄰,自強街,,,,,,103號,121.214834974551,24.9053932539146
桃園市平鎮區莊敬里21鄰自強街105號,68,6801000,6801000-014,21鄰,自強街,,,,,,105號,121.214746655145,24.9058404702153
桃園市平鎮區莊敬里21鄰自強街107號,68,6801000,6801000-014,21鄰,自強街,,,,,,107號,121.214731235151,24.905910914366
桃園市平鎮區莊敬里21鄰自強街109號,68,6801000,6801000-014,21鄰,自強街,,,,,,109號,121.214709232454,24.906010168762
桃園市平鎮區莊敬里21鄰自強街111號,68,6801000,6801000-014,21鄰,自強街,,,,,,111號,121.214700104381,24.9060554144615
桃園市平鎮區莊敬里21鄰自強街113巷1號,68,6801000,6801000-014,21鄰,自強街,,113巷,,,,1號,121.214676732484,24.9061529102729
桃園市平鎮區莊敬里21鄰自強街113巷2號,68,6801000,6801000-014,21鄰,自強街,,113巷,,,,2號,121.214635963495,24.9061451232105
桃園市平鎮區莊敬里21鄰自強街113巷3號,68,6801000,6801000-014,21鄰,自強街,,113巷,,,,3號,121.214595194526,24.9061373451653
桃園市平鎮區莊敬里21鄰自強街113巷5號,68,6801000,6801000-014,21鄰,自強街,,113巷,,,,5號,121.214554425547,24.9061295580805
桃園市平鎮區莊敬里21鄰自強街115巷1號,68,6801000,6801000-014,21鄰,自強街,,115巷,,,,1號,121.214639175252,24.9062964445268
桃園市平鎮區莊敬里21鄰自強街115巷2號,68,6801000,6801000-014,21鄰,自強街,,115巷,,,,2號,121.214621608141,24.9064076191124
桃園市平鎮區莊敬里21鄰自強街115巷2之1號,68,6801000,6801000-014,21鄰,自強街,,115巷,,,,2之1號,121.214583700693,24.9064002432282
桃園市平鎮區莊敬里21鄰自強街115巷3號,68,6801000,6801000-014,21鄰,自強街,,115巷,,,,3號,121.214598673718,24.9062887834681
桃園市平鎮區莊敬里21鄰自強街115巷5號,68,6801000,6801000-014,21鄰,自強街,,115巷,,,,5號,121.214558172189,24.9062811223983
桃園市平鎮區莊敬里21鄰自強街115巷6號,68,6801000,6801000-014,21鄰,自強街,,115巷,,,,6號,121.214545793249,24.9063928673344
桃園市平鎮區莊敬里21鄰自強街115巷7號,68,6801000,6801000-014,21鄰,自強街,,115巷,,,,7號,121.214517670649,24.9062734522891
桃園市平鎮區莊敬里21鄰自強街115巷8號,68,6801000,6801000-014,21鄰,自強街,,115巷,,,,8號,121.214507885794,24.9063854824024
桃園市平鎮區莊敬里21鄰自強街115巷9號,68,6801000,6801000-014,21鄰,自強街,,115巷,,,,9號,121.214477169129,24.9062657911973
桃園市平鎮區莊敬里21鄰自強街115巷10號,68,6801000,6801000-014,21鄰,自強街,,115巷,,,,10號,121.214469978359,24.9063781064893
桃園市平鎮區莊敬里21鄰自強街115巷12號,68,6801000,6801000-014,21鄰,自強街,,115巷,,,,12號,121.214432070913,24.906370721538
桃園市平鎮區莊敬里21鄰自強街115巷14號,68,6801000,6801000-014,21鄰,自強街,,115巷,,,,14號,121.214394163487,24.9063633456055
桃園市平鎮區莊敬里21鄰自強街117號,68,6801000,6801000-014,21鄰,自強街,,,,,,117號,121.214490042904,24.9065147233067
