FULL_ADDR,COUNTY,TOWN,VILLAGE,NEIGHBORHOOD,ROAD,SECTION,LANE,ALLEY,SUB_ALLEY,TONG,NUMBER,X,Y
桃園市平鎮區北勢里11鄰萬興街32號,68,6801000,6801000-009,11鄰,萬興街,,,,,,32號,121.221823224303,24.9478679180115
桃園市平鎮區北勢里11鄰萬興街36號,68,6801000,6801000-009,11鄰,萬興街,,,,,,36號,121.221845779924,24.9479106790538
桃園市平鎮區北勢里11鄰萬興街38號,68,6801000,6801000-009,11鄰,萬興街,,,,,,38號,121.221891874684,24.9479924077335
桃園市平鎮區北勢里11鄰萬興街43號,68,6801000,6801000-009,11鄰,萬興街,,,,,,43號,121.221807022566,24.9482212234958
桃園市平鎮區北勢里11鄰萬興街45號,68,6801000,6801000-009,11鄰,萬興街,,,,,,45號,121.221869630439,24.9482892947076
桃園市平鎮區北勢里11鄰萬興街46號,68,6801000,6801000-009,11鄰,萬興街,,,,,,46號,121.221954006124,24.9480709525678
桃園市平鎮區北勢里11鄰萬興街47號,68,6801000,6801000-009,11鄰,萬興街,,,,,,47號,121.221872707507,24.9483486067229
桃園市平鎮區北勢里11鄰萬興街48號,68,6801000,6801000-009,11鄰,萬興街,,,,,,48號,121.221975476098,24.9481157014545
桃園市平鎮區北勢里11鄰萬興街49號,68,6801000,6801000-009,11鄰,萬興街,,,,,,49號,121.221863920621,24.9484186802028
桃園市平鎮區北勢里11鄰萬興街51號,68,6801000,6801000-009,11鄰,萬興街,,,,,,51號,121.221852247554,24.9484807227021
桃園市平鎮區北勢里11鄰萬興街53號,68,6801000,6801000-009,11鄰,萬興街,,,,,,53號,121.222008932003,24.948493941626
桃園市平鎮區北勢里11鄰萬興街55號,68,6801000,6801000-009,11鄰,萬興街,,,,,,55號,121.222005811491,24.9484104335642
桃園市平鎮區北勢里11鄰萬興街57號,68,6801000,6801000-009,11鄰,萬興街,,,,,,57號,121.221976038254,24.9483188396519
桃園市平鎮區北勢里11鄰萬興街59號,68,6801000,6801000-009,11鄰,萬興街,,,,,,59號,121.222061795315,24.9483187118597
