FULL_ADDR,COUNTY,TOWN,VILLAGE,NEIGHBORHOOD,ROAD,SECTION,LANE,ALLEY,SUB_ALLEY,TONG,NUMBER,X,Y
桃園市楊梅區瑞坪里7鄰褔羚路200巷6弄11號三樓,68,6800400,6800400-034,7鄰,褔羚路,,200巷,6弄,,,11號三樓,121.181625693295,24.907151347316
桃園市楊梅區瑞坪里2鄰褔羚路232巷14號六樓,68,6800400,6800400-034,2鄰,褔羚路,,232巷,,,,14號六樓,121.182356368056,24.9074873079151
