FULL_ADDR,COUNTY,TOWN,VILLAGE,NEIGHBORHOOD,ROAD,SECTION,LANE,ALLEY,SUB_ALLEY,TONG,NUMBER,X,Y
桃園市中壢區復華里11鄰自強二路1號,68,6800200,6800200-056,11鄰,自強二路,,,,,,1號,121.245532974725,24.9698553716231
桃園市中壢區復華里11鄰自強二路2號,68,6800200,6800200-056,11鄰,自強二路,,,,,,2號,121.245979757029,24.9700519942591
桃園市中壢區復華里11鄰自強二路3號,68,6800200,6800200-056,11鄰,自強二路,,,,,,3號,121.245563434583,24.9710798385077
桃園市中壢區復華里11鄰自強二路3之1號,68,6800200,6800200-056,11鄰,自強二路,,,,,,3之1號,121.245605494747,24.9714618494883
桃園市中壢區復華里11鄰自強二路6號,68,6800200,6800200-056,11鄰,自強二路,,,,,,6號,121.245892967132,24.9709851288108
桃園市中壢區復華里11鄰自強二路8號,68,6800200,6800200-056,11鄰,自強二路,,,,,,8號,121.245913105022,24.9712004220303
桃園市中壢區復華里11鄰自強二路9之1號,68,6800200,6800200-056,11鄰,自強二路,,,,,,9之1號,121.245490609881,24.9717152845528
