FULL_ADDR,COUNTY,TOWN,VILLAGE,NEIGHBORHOOD,ROAD,SECTION,LANE,ALLEY,SUB_ALLEY,TONG,NUMBER,X,Y
桃園市新屋區下田里8鄰鑫田三路65號,68,6801100,6801100-012,8鄰,鑫田三路,,,,,,65號,121.067842318407,24.9955673622377
桃園市新屋區下田里8鄰鑫田三路67號,68,6801100,6801100-012,8鄰,鑫田三路,,,,,,67號,121.067803791233,24.9955840823106
桃園市新屋區下田里8鄰鑫田三路69號,68,6801100,6801100-012,8鄰,鑫田三路,,,,,,69號,121.067754070231,24.9956018005937
桃園市新屋區下田里8鄰鑫田三路166號,68,6801100,6801100-012,8鄰,鑫田三路,,,,,,166號,121.066924145652,24.9960480880897
桃園市新屋區下田里8鄰鑫田三路168號,68,6801100,6801100-012,8鄰,鑫田三路,,,,,,168號,121.066879476434,24.9960653523882
桃園市新屋區下田里8鄰鑫田三路170號,68,6801100,6801100-012,8鄰,鑫田三路,,,,,,170號,121.066832528647,24.9960825274131
桃園市新屋區下田里8鄰鑫田三路180號,68,6801100,6801100-012,8鄰,鑫田三路,,,,,,180號,121.066496354389,24.9961834348015
桃園市新屋區下田里8鄰鑫田三路182號,68,6801100,6801100-012,8鄰,鑫田三路,,,,,,182號,121.066455862376,24.996231483893
桃園市新屋區下田里8鄰鑫田三路200號,68,6801100,6801100-012,8鄰,鑫田三路,,,,,,200號,121.066592465802,24.9964001632966
