FULL_ADDR,COUNTY,TOWN,VILLAGE,NEIGHBORHOOD,ROAD,SECTION,LANE,ALLEY,SUB_ALLEY,TONG,NUMBER,X,Y
桃園市中壢區青園里2鄰青峰路二段2號,68,6800200,6800200-000,2鄰,青峰路,二段,,,,,2號,121.22006667392,25.0158711490094
桃園市中壢區青園里2鄰青峰路二段11號,68,6800200,6800200-000,2鄰,青峰路,二段,,,,,11號,121.220055908992,25.0162242625422
桃園市中壢區青園里2鄰青峰路二段12號,68,6800200,6800200-000,2鄰,青峰路,二段,,,,,12號,121.22023462652,25.015987997661
桃園市中壢區青園里2鄰青峰路二段13號,68,6800200,6800200-000,2鄰,青峰路,二段,,,,,13號,121.22009046303,25.0162600718875
桃園市中壢區青園里2鄰青峰路二段14號,68,6800200,6800200-000,2鄰,青峰路,二段,,,,,14號,121.220247986783,25.0160347445706
桃園市中壢區青園里2鄰青峰路二段15號,68,6800200,6800200-000,2鄰,青峰路,二段,,,,,15號,121.220124957527,25.0162958181144
桃園市中壢區青園里2鄰青峰路二段17號,68,6800200,6800200-000,2鄰,青峰路,二段,,,,,17號,121.220159461951,25.0163315643183
桃園市中壢區青園里2鄰青峰路二段19號,68,6800200,6800200-000,2鄰,青峰路,二段,,,,,19號,121.220193956504,25.0163673195568
桃園市中壢區青園里2鄰青峰路二段20號,68,6800200,6800200-000,2鄰,青峰路,二段,,,,,20號,121.220357225484,25.0160634733493
桃園市中壢區青園里2鄰青峰路二段21號,68,6800200,6800200-000,2鄰,青峰路,二段,,,,,21號,121.220228451061,25.0164030657587
桃園市中壢區青園里2鄰青峰路二段22號,68,6800200,6800200-000,2鄰,青峰路,二段,,,,,22號,121.220378691101,25.0160993742504
桃園市中壢區青園里2鄰青峰路二段23號,68,6800200,6800200-000,2鄰,青峰路,二段,,,,,23號,121.220262955546,25.0164388119377
桃園市中壢區青園里2鄰青峰路二段25號,68,6800200,6800200-000,2鄰,青峰路,二段,,,,,25號,121.220297450142,25.016474558123
桃園市中壢區青園里2鄰青峰路二段25號十樓之1,68,6800200,6800200-000,2鄰,青峰路,二段,,,,,25號十樓之1,121.220040891115,25.0164148725985
桃園市中壢區青園里2鄰青峰路二段25號十樓之10,68,6800200,6800200-000,2鄰,青峰路,二段,,,,,25號十樓之10,121.220143860474,25.0165393109959
桃園市中壢區青園里2鄰青峰路二段25號十樓之11,68,6800200,6800200-000,2鄰,青峰路,二段,,,,,25號十樓之11,121.220084859727,25.0164572406283
桃園市中壢區青園里2鄰青峰路二段25號十樓之2,68,6800200,6800200-000,2鄰,青峰路,二段,,,,,25號十樓之2,121.219948669044,25.0163720342409
桃園市中壢區青園里2鄰青峰路二段25號十樓之3,68,6800200,6800200-000,2鄰,青峰路,二段,,,,,25號十樓之3,121.219879979238,25.016412853554
桃園市中壢區青園里2鄰青峰路二段25號十樓之5,68,6800200,6800200-000,2鄰,青峰路,二段,,,,,25號十樓之5,121.219839183298,25.0164828833535
桃園市中壢區青園里2鄰青峰路二段25號十樓之6,68,6800200,6800200-000,2鄰,青峰路,二段,,,,,25號十樓之6,121.219849906215,25.0165509410299
桃園市中壢區青園里2鄰青峰路二段25號十樓之7,68,6800200,6800200-000,2鄰,青峰路,二段,,,,,25號十樓之7,121.219890736047,25.0166111898299
桃園市中壢區青園里2鄰青峰路二段25號十樓之8,68,6800200,6800200-000,2鄰,青峰路,二段,,,,,25號十樓之8,121.219976511071,25.0166501555818
桃園市中壢區青園里2鄰青峰路二段25號十樓之9,68,6800200,6800200-000,2鄰,青峰路,二段,,,,,25號十樓之9,121.220107368691,25.0165781867926
桃園市中壢區青園里2鄰青峰路二段25號二樓之1,68,6800200,6800200-000,2鄰,青峰路,二段,,,,,25號二樓之1,121.220040891115,25.0164148725985
桃園市中壢區青園里2鄰青峰路二段25號二樓之10,68,6800200,6800200-000,2鄰,青峰路,二段,,,,,25號二樓之10,121.220143860474,25.0165393109959
桃園市中壢區青園里2鄰青峰路二段25號二樓之11,68,6800200,6800200-000,2鄰,青峰路,二段,,,,,25號二樓之11,121.220084859727,25.0164572406283
桃園市中壢區青園里2鄰青峰路二段25號二樓之2,68,6800200,6800200-000,2鄰,青峰路,二段,,,,,25號二樓之2,121.219948669044,25.0163720342409
桃園市中壢區青園里2鄰青峰路二段25號二樓之3,68,6800200,6800200-000,2鄰,青峰路,二段,,,,,25號二樓之3,121.219879979238,25.016412853554
桃園市中壢區青園里2鄰青峰路二段25號二樓之5,68,6800200,6800200-000,2鄰,青峰路,二段,,,,,25號二樓之5,121.219839183298,25.0164828833535
桃園市中壢區青園里2鄰青峰路二段25號二樓之6,68,6800200,6800200-000,2鄰,青峰路,二段,,,,,25號二樓之6,121.219849906215,25.0165509410299
桃園市中壢區青園里2鄰青峰路二段25號二樓之7,68,6800200,6800200-000,2鄰,青峰路,二段,,,,,25號二樓之7,121.219890736047,25.0166111898299
桃園市中壢區青園里2鄰青峰路二段25號二樓之8,68,6800200,6800200-000,2鄰,青峰路,二段,,,,,25號二樓之8,121.219976511071,25.0166501555818
桃園市中壢區青園里2鄰青峰路二段25號三樓之1,68,6800200,6800200-000,2鄰,青峰路,二段,,,,,25號三樓之1,121.220040891115,25.0164148725985
桃園市中壢區青園里2鄰青峰路二段25號三樓之10,68,6800200,6800200-000,2鄰,青峰路,二段,,,,,25號三樓之10,121.220143860474,25.0165393109959
桃園市中壢區青園里2鄰青峰路二段25號三樓之11,68,6800200,6800200-000,2鄰,青峰路,二段,,,,,25號三樓之11,121.220084859727,25.0164572406283
桃園市中壢區青園里2鄰青峰路二段25號三樓之2,68,6800200,6800200-000,2鄰,青峰路,二段,,,,,25號三樓之2,121.219948669044,25.0163720342409
桃園市中壢區青園里2鄰青峰路二段25號三樓之3,68,6800200,6800200-000,2鄰,青峰路,二段,,,,,25號三樓之3,121.219879979238,25.016412853554
桃園市中壢區青園里2鄰青峰路二段25號三樓之5,68,6800200,6800200-000,2鄰,青峰路,二段,,,,,25號三樓之5,121.219839183298,25.0164828833535
桃園市中壢區青園里2鄰青峰路二段25號三樓之6,68,6800200,6800200-000,2鄰,青峰路,二段,,,,,25號三樓之6,121.219849906215,25.0165509410299
桃園市中壢區青園里2鄰青峰路二段25號三樓之7,68,6800200,6800200-000,2鄰,青峰路,二段,,,,,25號三樓之7,121.219890736047,25.0166111898299
桃園市中壢區青園里2鄰青峰路二段25號三樓之8,68,6800200,6800200-000,2鄰,青峰路,二段,,,,,25號三樓之8,121.219976511071,25.0166501555818
桃園市中壢區青園里2鄰青峰路二段25號三樓之9,68,6800200,6800200-000,2鄰,青峰路,二段,,,,,25號三樓之9,121.220107368691,25.0165781867926
桃園市中壢區青園里2鄰青峰路二段25號四樓之1,68,6800200,6800200-000,2鄰,青峰路,二段,,,,,25號四樓之1,121.220040891115,25.0164148725985
桃園市中壢區青園里2鄰青峰路二段25號四樓之10,68,6800200,6800200-000,2鄰,青峰路,二段,,,,,25號四樓之10,121.220143860474,25.0165393109959
桃園市中壢區青園里2鄰青峰路二段25號四樓之11,68,6800200,6800200-000,2鄰,青峰路,二段,,,,,25號四樓之11,121.220084859727,25.0164572406283
桃園市中壢區青園里2鄰青峰路二段25號四樓之2,68,6800200,6800200-000,2鄰,青峰路,二段,,,,,25號四樓之2,121.219948669044,25.0163720342409
桃園市中壢區青園里2鄰青峰路二段25號四樓之3,68,6800200,6800200-000,2鄰,青峰路,二段,,,,,25號四樓之3,121.219879979238,25.016412853554
桃園市中壢區青園里2鄰青峰路二段25號四樓之5,68,6800200,6800200-000,2鄰,青峰路,二段,,,,,25號四樓之5,121.219839183298,25.0164828833535
桃園市中壢區青園里2鄰青峰路二段25號四樓之6,68,6800200,6800200-000,2鄰,青峰路,二段,,,,,25號四樓之6,121.219849906215,25.0165509410299
桃園市中壢區青園里2鄰青峰路二段25號四樓之7,68,6800200,6800200-000,2鄰,青峰路,二段,,,,,25號四樓之7,121.219890736047,25.0166111898299
桃園市中壢區青園里2鄰青峰路二段25號四樓之8,68,6800200,6800200-000,2鄰,青峰路,二段,,,,,25號四樓之8,121.219976511071,25.0166501555818
桃園市中壢區青園里2鄰青峰路二段25號四樓之9,68,6800200,6800200-000,2鄰,青峰路,二段,,,,,25號四樓之9,121.220107368691,25.0165781867926
桃園市中壢區青園里2鄰青峰路二段25號五樓之1,68,6800200,6800200-000,2鄰,青峰路,二段,,,,,25號五樓之1,121.220040891115,25.0164148725985
桃園市中壢區青園里2鄰青峰路二段25號五樓之10,68,6800200,6800200-000,2鄰,青峰路,二段,,,,,25號五樓之10,121.220143860474,25.0165393109959
桃園市中壢區青園里2鄰青峰路二段25號五樓之11,68,6800200,6800200-000,2鄰,青峰路,二段,,,,,25號五樓之11,121.220084859727,25.0164572406283
桃園市中壢區青園里2鄰青峰路二段25號五樓之2,68,6800200,6800200-000,2鄰,青峰路,二段,,,,,25號五樓之2,121.219948669044,25.0163720342409
桃園市中壢區青園里2鄰青峰路二段25號五樓之3,68,6800200,6800200-000,2鄰,青峰路,二段,,,,,25號五樓之3,121.219879979238,25.016412853554
桃園市中壢區青園里2鄰青峰路二段25號五樓之5,68,6800200,6800200-000,2鄰,青峰路,二段,,,,,25號五樓之5,121.219839183298,25.0164828833535
桃園市中壢區青園里2鄰青峰路二段25號五樓之6,68,6800200,6800200-000,2鄰,青峰路,二段,,,,,25號五樓之6,121.219849906215,25.0165509410299
桃園市中壢區青園里2鄰青峰路二段25號五樓之7,68,6800200,6800200-000,2鄰,青峰路,二段,,,,,25號五樓之7,121.219890736047,25.0166111898299
桃園市中壢區青園里2鄰青峰路二段25號五樓之8,68,6800200,6800200-000,2鄰,青峰路,二段,,,,,25號五樓之8,121.219976511071,25.0166501555818
桃園市中壢區青園里2鄰青峰路二段25號五樓之9,68,6800200,6800200-000,2鄰,青峰路,二段,,,,,25號五樓之9,121.220107368691,25.0165781867926
桃園市中壢區青園里2鄰青峰路二段25號六樓之1,68,6800200,6800200-000,2鄰,青峰路,二段,,,,,25號六樓之1,121.220040891115,25.0164148725985
桃園市中壢區青園里2鄰青峰路二段25號六樓之10,68,6800200,6800200-000,2鄰,青峰路,二段,,,,,25號六樓之10,121.220143860474,25.0165393109959
桃園市中壢區青園里2鄰青峰路二段25號六樓之11,68,6800200,6800200-000,2鄰,青峰路,二段,,,,,25號六樓之11,121.220084859727,25.0164572406283
桃園市中壢區青園里2鄰青峰路二段25號六樓之2,68,6800200,6800200-000,2鄰,青峰路,二段,,,,,25號六樓之2,121.219948669044,25.0163720342409
桃園市中壢區青園里2鄰青峰路二段25號六樓之3,68,6800200,6800200-000,2鄰,青峰路,二段,,,,,25號六樓之3,121.219879979238,25.016412853554
桃園市中壢區青園里2鄰青峰路二段25號六樓之5,68,6800200,6800200-000,2鄰,青峰路,二段,,,,,25號六樓之5,121.219839183298,25.0164828833535
桃園市中壢區青園里2鄰青峰路二段25號六樓之6,68,6800200,6800200-000,2鄰,青峰路,二段,,,,,25號六樓之6,121.219849906215,25.0165509410299
桃園市中壢區青園里2鄰青峰路二段25號六樓之7,68,6800200,6800200-000,2鄰,青峰路,二段,,,,,25號六樓之7,121.219890736047,25.0166111898299
桃園市中壢區青園里2鄰青峰路二段25號六樓之8,68,6800200,6800200-000,2鄰,青峰路,二段,,,,,25號六樓之8,121.219976511071,25.0166501555818
桃園市中壢區青園里2鄰青峰路二段25號六樓之9,68,6800200,6800200-000,2鄰,青峰路,二段,,,,,25號六樓之9,121.220107368691,25.0165781867926
桃園市中壢區青園里2鄰青峰路二段25號七樓之1,68,6800200,6800200-000,2鄰,青峰路,二段,,,,,25號七樓之1,121.220040891115,25.0164148725985
桃園市中壢區青園里2鄰青峰路二段25號七樓之10,68,6800200,6800200-000,2鄰,青峰路,二段,,,,,25號七樓之10,121.220143860474,25.0165393109959
桃園市中壢區青園里2鄰青峰路二段25號七樓之11,68,6800200,6800200-000,2鄰,青峰路,二段,,,,,25號七樓之11,121.220084859727,25.0164572406283
桃園市中壢區青園里2鄰青峰路二段25號七樓之2,68,6800200,6800200-000,2鄰,青峰路,二段,,,,,25號七樓之2,121.219948669044,25.0163720342409
桃園市中壢區青園里2鄰青峰路二段25號七樓之3,68,6800200,6800200-000,2鄰,青峰路,二段,,,,,25號七樓之3,121.219879979238,25.016412853554
桃園市中壢區青園里2鄰青峰路二段25號七樓之5,68,6800200,6800200-000,2鄰,青峰路,二段,,,,,25號七樓之5,121.219839183298,25.0164828833535
桃園市中壢區青園里2鄰青峰路二段25號七樓之6,68,6800200,6800200-000,2鄰,青峰路,二段,,,,,25號七樓之6,121.219849906215,25.0165509410299
桃園市中壢區青園里2鄰青峰路二段25號七樓之7,68,6800200,6800200-000,2鄰,青峰路,二段,,,,,25號七樓之7,121.219890736047,25.0166111898299
桃園市中壢區青園里2鄰青峰路二段25號七樓之8,68,6800200,6800200-000,2鄰,青峰路,二段,,,,,25號七樓之8,121.219976511071,25.0166501555818
桃園市中壢區青園里2鄰青峰路二段25號七樓之9,68,6800200,6800200-000,2鄰,青峰路,二段,,,,,25號七樓之9,121.220107368691,25.0165781867926
桃園市中壢區青園里2鄰青峰路二段25號八樓之1,68,6800200,6800200-000,2鄰,青峰路,二段,,,,,25號八樓之1,121.220040891115,25.0164148725985
桃園市中壢區青園里2鄰青峰路二段25號八樓之10,68,6800200,6800200-000,2鄰,青峰路,二段,,,,,25號八樓之10,121.220143860474,25.0165393109959
桃園市中壢區青園里2鄰青峰路二段25號八樓之11,68,6800200,6800200-000,2鄰,青峰路,二段,,,,,25號八樓之11,121.220084859727,25.0164572406283
桃園市中壢區青園里2鄰青峰路二段25號八樓之2,68,6800200,6800200-000,2鄰,青峰路,二段,,,,,25號八樓之2,121.219948669044,25.0163720342409
桃園市中壢區青園里2鄰青峰路二段25號八樓之3,68,6800200,6800200-000,2鄰,青峰路,二段,,,,,25號八樓之3,121.219879979238,25.016412853554
桃園市中壢區青園里2鄰青峰路二段25號八樓之5,68,6800200,6800200-000,2鄰,青峰路,二段,,,,,25號八樓之5,121.219839183298,25.0164828833535
桃園市中壢區青園里2鄰青峰路二段25號八樓之6,68,6800200,6800200-000,2鄰,青峰路,二段,,,,,25號八樓之6,121.219849906215,25.0165509410299
桃園市中壢區青園里2鄰青峰路二段25號八樓之7,68,6800200,6800200-000,2鄰,青峰路,二段,,,,,25號八樓之7,121.219890736047,25.0166111898299
桃園市中壢區青園里2鄰青峰路二段25號八樓之8,68,6800200,6800200-000,2鄰,青峰路,二段,,,,,25號八樓之8,121.219976511071,25.0166501555818
桃園市中壢區青園里2鄰青峰路二段25號八樓之9,68,6800200,6800200-000,2鄰,青峰路,二段,,,,,25號八樓之9,121.220107368691,25.0165781867926
桃園市中壢區青園里2鄰青峰路二段25號九樓之1,68,6800200,6800200-000,2鄰,青峰路,二段,,,,,25號九樓之1,121.220040891115,25.0164148725985
桃園市中壢區青園里2鄰青峰路二段25號九樓之10,68,6800200,6800200-000,2鄰,青峰路,二段,,,,,25號九樓之10,121.220143860474,25.0165393109959
桃園市中壢區青園里2鄰青峰路二段25號九樓之11,68,6800200,6800200-000,2鄰,青峰路,二段,,,,,25號九樓之11,121.220084859727,25.0164572406283
桃園市中壢區青園里2鄰青峰路二段25號九樓之2,68,6800200,6800200-000,2鄰,青峰路,二段,,,,,25號九樓之2,121.219948669044,25.0163720342409
桃園市中壢區青園里2鄰青峰路二段25號九樓之3,68,6800200,6800200-000,2鄰,青峰路,二段,,,,,25號九樓之3,121.219879979238,25.016412853554
桃園市中壢區青園里2鄰青峰路二段25號九樓之5,68,6800200,6800200-000,2鄰,青峰路,二段,,,,,25號九樓之5,121.219839183298,25.0164828833535
桃園市中壢區青園里2鄰青峰路二段25號九樓之6,68,6800200,6800200-000,2鄰,青峰路,二段,,,,,25號九樓之6,121.219849906215,25.0165509410299
桃園市中壢區青園里2鄰青峰路二段25號九樓之7,68,6800200,6800200-000,2鄰,青峰路,二段,,,,,25號九樓之7,121.219890736047,25.0166111898299
桃園市中壢區青園里2鄰青峰路二段25號九樓之8,68,6800200,6800200-000,2鄰,青峰路,二段,,,,,25號九樓之8,121.219976511071,25.0166501555818
桃園市中壢區青園里2鄰青峰路二段25號九樓之9,68,6800200,6800200-000,2鄰,青峰路,二段,,,,,25號九樓之9,121.220107368691,25.0165781867926
桃園市中壢區青園里2鄰青峰路二段25號十一樓之1,68,6800200,6800200-000,2鄰,青峰路,二段,,,,,25號十一樓之1,121.220040891115,25.0164148725985
桃園市中壢區青園里2鄰青峰路二段25號十一樓之10,68,6800200,6800200-000,2鄰,青峰路,二段,,,,,25號十一樓之10,121.220143860474,25.0165393109959
桃園市中壢區青園里2鄰青峰路二段25號十一樓之11,68,6800200,6800200-000,2鄰,青峰路,二段,,,,,25號十一樓之11,121.220084859727,25.0164572406283
桃園市中壢區青園里2鄰青峰路二段25號十一樓之2,68,6800200,6800200-000,2鄰,青峰路,二段,,,,,25號十一樓之2,121.219948669044,25.0163720342409
桃園市中壢區青園里2鄰青峰路二段25號十一樓之3,68,6800200,6800200-000,2鄰,青峰路,二段,,,,,25號十一樓之3,121.219879979238,25.016412853554
桃園市中壢區青園里2鄰青峰路二段25號十一樓之5,68,6800200,6800200-000,2鄰,青峰路,二段,,,,,25號十一樓之5,121.219839183298,25.0164828833535
桃園市中壢區青園里2鄰青峰路二段25號十一樓之6,68,6800200,6800200-000,2鄰,青峰路,二段,,,,,25號十一樓之6,121.219849906215,25.0165509410299
桃園市中壢區青園里2鄰青峰路二段25號十一樓之7,68,6800200,6800200-000,2鄰,青峰路,二段,,,,,25號十一樓之7,121.219890736047,25.0166111898299
桃園市中壢區青園里2鄰青峰路二段25號十一樓之8,68,6800200,6800200-000,2鄰,青峰路,二段,,,,,25號十一樓之8,121.219976511071,25.0166501555818
桃園市中壢區青園里2鄰青峰路二段25號十一樓之9,68,6800200,6800200-000,2鄰,青峰路,二段,,,,,25號十一樓之9,121.220107368691,25.0165781867926
桃園市中壢區青園里2鄰青峰路二段27號,68,6800200,6800200-000,2鄰,青峰路,二段,,,,,27號,121.220331944775,25.0165103133283
桃園市中壢區青園里2鄰青峰路二段27號十樓之1,68,6800200,6800200-000,2鄰,青峰路,二段,,,,,27號十樓之1,121.220360617376,25.0166870543602
桃園市中壢區青園里2鄰青峰路二段27號十樓之10,68,6800200,6800200-000,2鄰,青峰路,二段,,,,,27號十樓之10,121.220272510178,25.0166182988319
桃園市中壢區青園里2鄰青峰路二段27號十樓之11,68,6800200,6800200-000,2鄰,青峰路,二段,,,,,27號十樓之11,121.220320797599,25.016637728461
桃園市中壢區青園里2鄰青峰路二段27號十樓之2,68,6800200,6800200-000,2鄰,青峰路,二段,,,,,27號十樓之2,121.220358435675,25.0167414983584
桃園市中壢區青園里2鄰青峰路二段27號十樓之3,68,6800200,6800200-000,2鄰,青峰路,二段,,,,,27號十樓之3,121.220330598793,25.0167998625514
桃園市中壢區青園里2鄰青峰路二段27號十樓之5,68,6800200,6800200-000,2鄰,青峰路,二段,,,,,27號十樓之5,121.220274817184,25.0168561916262
桃園市中壢區青園里2鄰青峰路二段27號十樓之6,68,6800200,6800200-000,2鄰,青峰路,二段,,,,,27號十樓之6,121.220191054955,25.0168348282904
桃園市中壢區青園里2鄰青峰路二段27號十樓之7,68,6800200,6800200-000,2鄰,青峰路,二段,,,,,27號十樓之7,121.220167321399,25.0167495458181
桃園市中壢區青園里2鄰青峰路二段27號十樓之8,68,6800200,6800200-000,2鄰,青峰路,二段,,,,,27號十樓之8,121.220180200435,25.016693099752
桃園市中壢區青園里2鄰青峰路二段27號十樓之9,68,6800200,6800200-000,2鄰,青峰路,二段,,,,,27號十樓之9,121.220215689336,25.0166474541838
桃園市中壢區青園里2鄰青峰路二段27號二樓之1,68,6800200,6800200-000,2鄰,青峰路,二段,,,,,27號二樓之1,121.220360617376,25.0166870543602
桃園市中壢區青園里2鄰青峰路二段27號二樓之10,68,6800200,6800200-000,2鄰,青峰路,二段,,,,,27號二樓之10,121.220272510178,25.0166182988319
桃園市中壢區青園里2鄰青峰路二段27號二樓之11,68,6800200,6800200-000,2鄰,青峰路,二段,,,,,27號二樓之11,121.220320797599,25.016637728461
桃園市中壢區青園里2鄰青峰路二段27號二樓之2,68,6800200,6800200-000,2鄰,青峰路,二段,,,,,27號二樓之2,121.220358435675,25.0167414983584
桃園市中壢區青園里2鄰青峰路二段27號二樓之3,68,6800200,6800200-000,2鄰,青峰路,二段,,,,,27號二樓之3,121.220330598793,25.0167998625514
桃園市中壢區青園里2鄰青峰路二段27號二樓之5,68,6800200,6800200-000,2鄰,青峰路,二段,,,,,27號二樓之5,121.220274817184,25.0168561916262
桃園市中壢區青園里2鄰青峰路二段27號二樓之6,68,6800200,6800200-000,2鄰,青峰路,二段,,,,,27號二樓之6,121.220191054955,25.0168348282904
桃園市中壢區青園里2鄰青峰路二段27號二樓之7,68,6800200,6800200-000,2鄰,青峰路,二段,,,,,27號二樓之7,121.220167321399,25.0167495458181
桃園市中壢區青園里2鄰青峰路二段27號二樓之8,68,6800200,6800200-000,2鄰,青峰路,二段,,,,,27號二樓之8,121.220180200435,25.016693099752
桃園市中壢區青園里2鄰青峰路二段27號三樓之1,68,6800200,6800200-000,2鄰,青峰路,二段,,,,,27號三樓之1,121.220360617376,25.0166870543602
桃園市中壢區青園里2鄰青峰路二段27號三樓之10,68,6800200,6800200-000,2鄰,青峰路,二段,,,,,27號三樓之10,121.220272510178,25.0166182988319
桃園市中壢區青園里2鄰青峰路二段27號三樓之11,68,6800200,6800200-000,2鄰,青峰路,二段,,,,,27號三樓之11,121.220320797599,25.016637728461
桃園市中壢區青園里2鄰青峰路二段27號三樓之2,68,6800200,6800200-000,2鄰,青峰路,二段,,,,,27號三樓之2,121.220358435675,25.0167414983584
桃園市中壢區青園里2鄰青峰路二段27號三樓之3,68,6800200,6800200-000,2鄰,青峰路,二段,,,,,27號三樓之3,121.220330598793,25.0167998625514
桃園市中壢區青園里2鄰青峰路二段27號三樓之5,68,6800200,6800200-000,2鄰,青峰路,二段,,,,,27號三樓之5,121.220274817184,25.0168561916262
桃園市中壢區青園里2鄰青峰路二段27號三樓之6,68,6800200,6800200-000,2鄰,青峰路,二段,,,,,27號三樓之6,121.220191054955,25.0168348282904
桃園市中壢區青園里2鄰青峰路二段27號三樓之7,68,6800200,6800200-000,2鄰,青峰路,二段,,,,,27號三樓之7,121.220167321399,25.0167495458181
桃園市中壢區青園里2鄰青峰路二段27號三樓之8,68,6800200,6800200-000,2鄰,青峰路,二段,,,,,27號三樓之8,121.220180200435,25.016693099752
桃園市中壢區青園里2鄰青峰路二段27號三樓之9,68,6800200,6800200-000,2鄰,青峰路,二段,,,,,27號三樓之9,121.220215689336,25.0166474541838
桃園市中壢區青園里2鄰青峰路二段27號四樓之1,68,6800200,6800200-000,2鄰,青峰路,二段,,,,,27號四樓之1,121.220360617376,25.0166870543602
桃園市中壢區青園里2鄰青峰路二段27號四樓之10,68,6800200,6800200-000,2鄰,青峰路,二段,,,,,27號四樓之10,121.220272510178,25.0166182988319
桃園市中壢區青園里2鄰青峰路二段27號四樓之11,68,6800200,6800200-000,2鄰,青峰路,二段,,,,,27號四樓之11,121.220320797599,25.016637728461
桃園市中壢區青園里2鄰青峰路二段27號四樓之2,68,6800200,6800200-000,2鄰,青峰路,二段,,,,,27號四樓之2,121.220358435675,25.0167414983584
桃園市中壢區青園里2鄰青峰路二段27號四樓之3,68,6800200,6800200-000,2鄰,青峰路,二段,,,,,27號四樓之3,121.220330598793,25.0167998625514
桃園市中壢區青園里2鄰青峰路二段27號四樓之5,68,6800200,6800200-000,2鄰,青峰路,二段,,,,,27號四樓之5,121.220274817184,25.0168561916262
桃園市中壢區青園里2鄰青峰路二段27號四樓之6,68,6800200,6800200-000,2鄰,青峰路,二段,,,,,27號四樓之6,121.220191054955,25.0168348282904
桃園市中壢區青園里2鄰青峰路二段27號四樓之7,68,6800200,6800200-000,2鄰,青峰路,二段,,,,,27號四樓之7,121.220167321399,25.0167495458181
桃園市中壢區青園里2鄰青峰路二段27號四樓之8,68,6800200,6800200-000,2鄰,青峰路,二段,,,,,27號四樓之8,121.220180200435,25.016693099752
桃園市中壢區青園里2鄰青峰路二段27號四樓之9,68,6800200,6800200-000,2鄰,青峰路,二段,,,,,27號四樓之9,121.220215689336,25.0166474541838
桃園市中壢區青園里2鄰青峰路二段27號五樓之1,68,6800200,6800200-000,2鄰,青峰路,二段,,,,,27號五樓之1,121.220360617376,25.0166870543602
桃園市中壢區青園里2鄰青峰路二段27號五樓之10,68,6800200,6800200-000,2鄰,青峰路,二段,,,,,27號五樓之10,121.220272510178,25.0166182988319
桃園市中壢區青園里2鄰青峰路二段27號五樓之11,68,6800200,6800200-000,2鄰,青峰路,二段,,,,,27號五樓之11,121.220320797599,25.016637728461
桃園市中壢區青園里2鄰青峰路二段27號五樓之2,68,6800200,6800200-000,2鄰,青峰路,二段,,,,,27號五樓之2,121.220358435675,25.0167414983584
桃園市中壢區青園里2鄰青峰路二段27號五樓之3,68,6800200,6800200-000,2鄰,青峰路,二段,,,,,27號五樓之3,121.220330598793,25.0167998625514
桃園市中壢區青園里2鄰青峰路二段27號五樓之5,68,6800200,6800200-000,2鄰,青峰路,二段,,,,,27號五樓之5,121.220274817184,25.0168561916262
桃園市中壢區青園里2鄰青峰路二段27號五樓之6,68,6800200,6800200-000,2鄰,青峰路,二段,,,,,27號五樓之6,121.220191054955,25.0168348282904
桃園市中壢區青園里2鄰青峰路二段27號五樓之7,68,6800200,6800200-000,2鄰,青峰路,二段,,,,,27號五樓之7,121.220167321399,25.0167495458181
桃園市中壢區青園里2鄰青峰路二段27號五樓之8,68,6800200,6800200-000,2鄰,青峰路,二段,,,,,27號五樓之8,121.220180200435,25.016693099752
桃園市中壢區青園里2鄰青峰路二段27號五樓之9,68,6800200,6800200-000,2鄰,青峰路,二段,,,,,27號五樓之9,121.220215689336,25.0166474541838
桃園市中壢區青園里2鄰青峰路二段27號六樓之1,68,6800200,6800200-000,2鄰,青峰路,二段,,,,,27號六樓之1,121.220360617376,25.0166870543602
桃園市中壢區青園里2鄰青峰路二段27號六樓之10,68,6800200,6800200-000,2鄰,青峰路,二段,,,,,27號六樓之10,121.220272510178,25.0166182988319
桃園市中壢區青園里2鄰青峰路二段27號六樓之11,68,6800200,6800200-000,2鄰,青峰路,二段,,,,,27號六樓之11,121.220320797599,25.016637728461
桃園市中壢區青園里2鄰青峰路二段27號六樓之2,68,6800200,6800200-000,2鄰,青峰路,二段,,,,,27號六樓之2,121.220358435675,25.0167414983584
桃園市中壢區青園里2鄰青峰路二段27號六樓之3,68,6800200,6800200-000,2鄰,青峰路,二段,,,,,27號六樓之3,121.220330598793,25.0167998625514
桃園市中壢區青園里2鄰青峰路二段27號六樓之5,68,6800200,6800200-000,2鄰,青峰路,二段,,,,,27號六樓之5,121.220274817184,25.0168561916262
桃園市中壢區青園里2鄰青峰路二段27號六樓之6,68,6800200,6800200-000,2鄰,青峰路,二段,,,,,27號六樓之6,121.220191054955,25.0168348282904
桃園市中壢區青園里2鄰青峰路二段27號六樓之7,68,6800200,6800200-000,2鄰,青峰路,二段,,,,,27號六樓之7,121.220167321399,25.0167495458181
桃園市中壢區青園里2鄰青峰路二段27號六樓之8,68,6800200,6800200-000,2鄰,青峰路,二段,,,,,27號六樓之8,121.220180200435,25.016693099752
桃園市中壢區青園里2鄰青峰路二段27號六樓之9,68,6800200,6800200-000,2鄰,青峰路,二段,,,,,27號六樓之9,121.220215689336,25.0166474541838
桃園市中壢區青園里2鄰青峰路二段27號七樓之1,68,6800200,6800200-000,2鄰,青峰路,二段,,,,,27號七樓之1,121.220360617376,25.0166870543602
桃園市中壢區青園里2鄰青峰路二段27號七樓之10,68,6800200,6800200-000,2鄰,青峰路,二段,,,,,27號七樓之10,121.220272510178,25.0166182988319
桃園市中壢區青園里2鄰青峰路二段27號七樓之11,68,6800200,6800200-000,2鄰,青峰路,二段,,,,,27號七樓之11,121.220320797599,25.016637728461
桃園市中壢區青園里2鄰青峰路二段27號七樓之2,68,6800200,6800200-000,2鄰,青峰路,二段,,,,,27號七樓之2,121.220358435675,25.0167414983584
桃園市中壢區青園里2鄰青峰路二段27號七樓之3,68,6800200,6800200-000,2鄰,青峰路,二段,,,,,27號七樓之3,121.220330598793,25.0167998625514
桃園市中壢區青園里2鄰青峰路二段27號七樓之5,68,6800200,6800200-000,2鄰,青峰路,二段,,,,,27號七樓之5,121.220274817184,25.0168561916262
桃園市中壢區青園里2鄰青峰路二段27號七樓之6,68,6800200,6800200-000,2鄰,青峰路,二段,,,,,27號七樓之6,121.220191054955,25.0168348282904
桃園市中壢區青園里2鄰青峰路二段27號七樓之7,68,6800200,6800200-000,2鄰,青峰路,二段,,,,,27號七樓之7,121.220167321399,25.0167495458181
桃園市中壢區青園里2鄰青峰路二段27號七樓之8,68,6800200,6800200-000,2鄰,青峰路,二段,,,,,27號七樓之8,121.220180200435,25.016693099752
桃園市中壢區青園里2鄰青峰路二段27號七樓之9,68,6800200,6800200-000,2鄰,青峰路,二段,,,,,27號七樓之9,121.220215689336,25.0166474541838
桃園市中壢區青園里2鄰青峰路二段27號八樓之1,68,6800200,6800200-000,2鄰,青峰路,二段,,,,,27號八樓之1,121.220360617376,25.0166870543602
桃園市中壢區青園里2鄰青峰路二段27號八樓之10,68,6800200,6800200-000,2鄰,青峰路,二段,,,,,27號八樓之10,121.220272510178,25.0166182988319
桃園市中壢區青園里2鄰青峰路二段27號八樓之11,68,6800200,6800200-000,2鄰,青峰路,二段,,,,,27號八樓之11,121.220320797599,25.016637728461
桃園市中壢區青園里2鄰青峰路二段27號八樓之2,68,6800200,6800200-000,2鄰,青峰路,二段,,,,,27號八樓之2,121.220358435675,25.0167414983584
桃園市中壢區青園里2鄰青峰路二段27號八樓之3,68,6800200,6800200-000,2鄰,青峰路,二段,,,,,27號八樓之3,121.220330598793,25.0167998625514
桃園市中壢區青園里2鄰青峰路二段27號八樓之5,68,6800200,6800200-000,2鄰,青峰路,二段,,,,,27號八樓之5,121.220274817184,25.0168561916262
桃園市中壢區青園里2鄰青峰路二段27號八樓之6,68,6800200,6800200-000,2鄰,青峰路,二段,,,,,27號八樓之6,121.220191054955,25.0168348282904
桃園市中壢區青園里2鄰青峰路二段27號八樓之7,68,6800200,6800200-000,2鄰,青峰路,二段,,,,,27號八樓之7,121.220167321399,25.0167495458181
桃園市中壢區青園里2鄰青峰路二段27號八樓之8,68,6800200,6800200-000,2鄰,青峰路,二段,,,,,27號八樓之8,121.220180200435,25.016693099752
桃園市中壢區青園里2鄰青峰路二段27號八樓之9,68,6800200,6800200-000,2鄰,青峰路,二段,,,,,27號八樓之9,121.220215689336,25.0166474541838
桃園市中壢區青園里2鄰青峰路二段27號九樓之1,68,6800200,6800200-000,2鄰,青峰路,二段,,,,,27號九樓之1,121.220360617376,25.0166870543602
桃園市中壢區青園里2鄰青峰路二段27號九樓之10,68,6800200,6800200-000,2鄰,青峰路,二段,,,,,27號九樓之10,121.220272510178,25.0166182988319
桃園市中壢區青園里2鄰青峰路二段27號九樓之11,68,6800200,6800200-000,2鄰,青峰路,二段,,,,,27號九樓之11,121.220320797599,25.016637728461
桃園市中壢區青園里2鄰青峰路二段27號九樓之2,68,6800200,6800200-000,2鄰,青峰路,二段,,,,,27號九樓之2,121.220358435675,25.0167414983584
桃園市中壢區青園里2鄰青峰路二段27號九樓之3,68,6800200,6800200-000,2鄰,青峰路,二段,,,,,27號九樓之3,121.220330598793,25.0167998625514
桃園市中壢區青園里2鄰青峰路二段27號九樓之5,68,6800200,6800200-000,2鄰,青峰路,二段,,,,,27號九樓之5,121.220274817184,25.0168561916262
桃園市中壢區青園里2鄰青峰路二段27號九樓之6,68,6800200,6800200-000,2鄰,青峰路,二段,,,,,27號九樓之6,121.220191054955,25.0168348282904
桃園市中壢區青園里2鄰青峰路二段27號九樓之7,68,6800200,6800200-000,2鄰,青峰路,二段,,,,,27號九樓之7,121.220167321399,25.0167495458181
桃園市中壢區青園里2鄰青峰路二段27號九樓之8,68,6800200,6800200-000,2鄰,青峰路,二段,,,,,27號九樓之8,121.220180200435,25.016693099752
桃園市中壢區青園里2鄰青峰路二段27號九樓之9,68,6800200,6800200-000,2鄰,青峰路,二段,,,,,27號九樓之9,121.220215689336,25.0166474541838
桃園市中壢區青園里2鄰青峰路二段27號十一樓之1,68,6800200,6800200-000,2鄰,青峰路,二段,,,,,27號十一樓之1,121.220360617376,25.0166870543602
桃園市中壢區青園里2鄰青峰路二段27號十一樓之10,68,6800200,6800200-000,2鄰,青峰路,二段,,,,,27號十一樓之10,121.220272510178,25.0166182988319
桃園市中壢區青園里2鄰青峰路二段27號十一樓之11,68,6800200,6800200-000,2鄰,青峰路,二段,,,,,27號十一樓之11,121.220320797599,25.016637728461
桃園市中壢區青園里2鄰青峰路二段27號十一樓之2,68,6800200,6800200-000,2鄰,青峰路,二段,,,,,27號十一樓之2,121.220358435675,25.0167414983584
桃園市中壢區青園里2鄰青峰路二段27號十一樓之3,68,6800200,6800200-000,2鄰,青峰路,二段,,,,,27號十一樓之3,121.220330598793,25.0167998625514
桃園市中壢區青園里2鄰青峰路二段27號十一樓之5,68,6800200,6800200-000,2鄰,青峰路,二段,,,,,27號十一樓之5,121.220274817184,25.0168561916262
桃園市中壢區青園里2鄰青峰路二段27號十一樓之6,68,6800200,6800200-000,2鄰,青峰路,二段,,,,,27號十一樓之6,121.220191054955,25.0168348282904
桃園市中壢區青園里2鄰青峰路二段27號十一樓之7,68,6800200,6800200-000,2鄰,青峰路,二段,,,,,27號十一樓之7,121.220167321399,25.0167495458181
桃園市中壢區青園里2鄰青峰路二段27號十一樓之8,68,6800200,6800200-000,2鄰,青峰路,二段,,,,,27號十一樓之8,121.220180200435,25.016693099752
桃園市中壢區青園里2鄰青峰路二段27號十一樓之9,68,6800200,6800200-000,2鄰,青峰路,二段,,,,,27號十一樓之9,121.220215689336,25.0166474541838
桃園市中壢區青園里2鄰青峰路二段29號,68,6800200,6800200-000,2鄰,青峰路,二段,,,,,29號,121.220366439412,25.016546059497
桃園市中壢區青園里2鄰青峰路二段31號,68,6800200,6800200-000,2鄰,青峰路,二段,,,,,31號,121.220400943976,25.0165818056427
桃園市中壢區青園里2鄰青峰路二段33號,68,6800200,6800200-000,2鄰,青峰路,二段,,,,,33號,121.220435438653,25.0166175517948
桃園市中壢區青園里2鄰青峰路二段35號,68,6800200,6800200-000,2鄰,青峰路,二段,,,,,35號,121.22046993335,25.0166532979385
桃園市中壢區青園里2鄰青峰路二段37號,68,6800200,6800200-000,2鄰,青峰路,二段,,,,,37號,121.220504428082,25.0166890531023
桃園市中壢區青園里2鄰青峰路二段39號十樓,68,6800200,6800200-000,2鄰,青峰路,二段,,,,,39號十樓,121.220296504917,25.017016502441
桃園市中壢區青園里2鄰青峰路二段39號二樓,68,6800200,6800200-000,2鄰,青峰路,二段,,,,,39號二樓,121.220296504917,25.017016502441
桃園市中壢區青園里2鄰青峰路二段39號三樓,68,6800200,6800200-000,2鄰,青峰路,二段,,,,,39號三樓,121.220296504917,25.017016502441
桃園市中壢區青園里2鄰青峰路二段39號四樓,68,6800200,6800200-000,2鄰,青峰路,二段,,,,,39號四樓,121.220296504917,25.017016502441
桃園市中壢區青園里2鄰青峰路二段39號五樓,68,6800200,6800200-000,2鄰,青峰路,二段,,,,,39號五樓,121.220296504917,25.017016502441
桃園市中壢區青園里2鄰青峰路二段39號六樓,68,6800200,6800200-000,2鄰,青峰路,二段,,,,,39號六樓,121.220296504917,25.017016502441
桃園市中壢區青園里2鄰青峰路二段39號七樓,68,6800200,6800200-000,2鄰,青峰路,二段,,,,,39號七樓,121.220296504917,25.017016502441
桃園市中壢區青園里2鄰青峰路二段39號八樓,68,6800200,6800200-000,2鄰,青峰路,二段,,,,,39號八樓,121.220296504917,25.017016502441
桃園市中壢區青園里2鄰青峰路二段39號九樓,68,6800200,6800200-000,2鄰,青峰路,二段,,,,,39號九樓,121.220296504917,25.017016502441
桃園市中壢區青園里2鄰青峰路二段39號十一樓,68,6800200,6800200-000,2鄰,青峰路,二段,,,,,39號十一樓,121.220296504917,25.017016502441
桃園市中壢區青園里2鄰青峰路二段39號十二樓,68,6800200,6800200-000,2鄰,青峰路,二段,,,,,39號十二樓,121.220296504917,25.017016502441
桃園市中壢區青園里2鄰青峰路二段39號十三樓,68,6800200,6800200-000,2鄰,青峰路,二段,,,,,39號十三樓,121.220296504917,25.017016502441
桃園市中壢區青園里2鄰青峰路二段40號,68,6800200,6800200-000,2鄰,青峰路,二段,,,,,40號,121.22091992684,25.0165726481605
桃園市中壢區青園里2鄰青峰路二段41號十樓,68,6800200,6800200-000,2鄰,青峰路,二段,,,,,41號十樓,121.22040978417,25.0170880194172
桃園市中壢區青園里2鄰青峰路二段41號二樓,68,6800200,6800200-000,2鄰,青峰路,二段,,,,,41號二樓,121.22040978417,25.0170880194172
桃園市中壢區青園里2鄰青峰路二段41號三樓,68,6800200,6800200-000,2鄰,青峰路,二段,,,,,41號三樓,121.22040978417,25.0170880194172
桃園市中壢區青園里2鄰青峰路二段41號四樓,68,6800200,6800200-000,2鄰,青峰路,二段,,,,,41號四樓,121.22040978417,25.0170880194172
桃園市中壢區青園里2鄰青峰路二段41號五樓,68,6800200,6800200-000,2鄰,青峰路,二段,,,,,41號五樓,121.22040978417,25.0170880194172
桃園市中壢區青園里2鄰青峰路二段41號六樓,68,6800200,6800200-000,2鄰,青峰路,二段,,,,,41號六樓,121.22040978417,25.0170880194172
桃園市中壢區青園里2鄰青峰路二段41號七樓,68,6800200,6800200-000,2鄰,青峰路,二段,,,,,41號七樓,121.22040978417,25.0170880194172
桃園市中壢區青園里2鄰青峰路二段41號八樓,68,6800200,6800200-000,2鄰,青峰路,二段,,,,,41號八樓,121.22040978417,25.0170880194172
桃園市中壢區青園里2鄰青峰路二段41號九樓,68,6800200,6800200-000,2鄰,青峰路,二段,,,,,41號九樓,121.22040978417,25.0170880194172
桃園市中壢區青園里2鄰青峰路二段41號十一樓,68,6800200,6800200-000,2鄰,青峰路,二段,,,,,41號十一樓,121.22040978417,25.0170880194172
桃園市中壢區青園里2鄰青峰路二段41號十二樓,68,6800200,6800200-000,2鄰,青峰路,二段,,,,,41號十二樓,121.22040978417,25.0170880194172
桃園市中壢區青園里2鄰青峰路二段41號十三樓,68,6800200,6800200-000,2鄰,青峰路,二段,,,,,41號十三樓,121.22040978417,25.0170880194172
桃園市中壢區青園里2鄰青峰路二段42號,68,6800200,6800200-000,2鄰,青峰路,二段,,,,,42號,121.220964563685,25.0166006599071
桃園市中壢區青園里2鄰青峰路二段43號十樓,68,6800200,6800200-000,2鄰,青峰路,二段,,,,,43號十樓,121.220562552801,25.0169682579428
桃園市中壢區青園里2鄰青峰路二段43號二樓,68,6800200,6800200-000,2鄰,青峰路,二段,,,,,43號二樓,121.220562552801,25.0169682579428
桃園市中壢區青園里2鄰青峰路二段43號三樓,68,6800200,6800200-000,2鄰,青峰路,二段,,,,,43號三樓,121.220562552801,25.0169682579428
桃園市中壢區青園里2鄰青峰路二段43號四樓,68,6800200,6800200-000,2鄰,青峰路,二段,,,,,43號四樓,121.220562552801,25.0169682579428
桃園市中壢區青園里2鄰青峰路二段43號五樓,68,6800200,6800200-000,2鄰,青峰路,二段,,,,,43號五樓,121.220562552801,25.0169682579428
桃園市中壢區青園里2鄰青峰路二段43號六樓,68,6800200,6800200-000,2鄰,青峰路,二段,,,,,43號六樓,121.220562552801,25.0169682579428
桃園市中壢區青園里2鄰青峰路二段43號七樓,68,6800200,6800200-000,2鄰,青峰路,二段,,,,,43號七樓,121.220562552801,25.0169682579428
桃園市中壢區青園里2鄰青峰路二段43號八樓,68,6800200,6800200-000,2鄰,青峰路,二段,,,,,43號八樓,121.220562552801,25.0169682579428
桃園市中壢區青園里2鄰青峰路二段43號九樓,68,6800200,6800200-000,2鄰,青峰路,二段,,,,,43號九樓,121.220562552801,25.0169682579428
桃園市中壢區青園里2鄰青峰路二段43號十一樓,68,6800200,6800200-000,2鄰,青峰路,二段,,,,,43號十一樓,121.220562552801,25.0169682579428
桃園市中壢區青園里2鄰青峰路二段43號十二樓,68,6800200,6800200-000,2鄰,青峰路,二段,,,,,43號十二樓,121.220562552801,25.0169682579428
桃園市中壢區青園里2鄰青峰路二段43號十三樓,68,6800200,6800200-000,2鄰,青峰路,二段,,,,,43號十三樓,121.220562552801,25.0169682579428
桃園市中壢區青園里2鄰青峰路二段45號十樓,68,6800200,6800200-000,2鄰,青峰路,二段,,,,,45號十樓,121.220488793253,25.0168889181303
桃園市中壢區青園里2鄰青峰路二段45號二樓,68,6800200,6800200-000,2鄰,青峰路,二段,,,,,45號二樓,121.220488793253,25.0168889181303
桃園市中壢區青園里2鄰青峰路二段45號三樓,68,6800200,6800200-000,2鄰,青峰路,二段,,,,,45號三樓,121.220488793253,25.0168889181303
桃園市中壢區青園里2鄰青峰路二段45號四樓,68,6800200,6800200-000,2鄰,青峰路,二段,,,,,45號四樓,121.220488793253,25.0168889181303
桃園市中壢區青園里2鄰青峰路二段45號五樓,68,6800200,6800200-000,2鄰,青峰路,二段,,,,,45號五樓,121.220488793253,25.0168889181303
桃園市中壢區青園里2鄰青峰路二段45號六樓,68,6800200,6800200-000,2鄰,青峰路,二段,,,,,45號六樓,121.220488793253,25.0168889181303
桃園市中壢區青園里2鄰青峰路二段45號七樓,68,6800200,6800200-000,2鄰,青峰路,二段,,,,,45號七樓,121.220488793253,25.0168889181303
桃園市中壢區青園里2鄰青峰路二段45號八樓,68,6800200,6800200-000,2鄰,青峰路,二段,,,,,45號八樓,121.220488793253,25.0168889181303
桃園市中壢區青園里2鄰青峰路二段45號九樓,68,6800200,6800200-000,2鄰,青峰路,二段,,,,,45號九樓,121.220488793253,25.0168889181303
桃園市中壢區青園里2鄰青峰路二段45號十一樓,68,6800200,6800200-000,2鄰,青峰路,二段,,,,,45號十一樓,121.220488793253,25.0168889181303
桃園市中壢區青園里2鄰青峰路二段45號十二樓,68,6800200,6800200-000,2鄰,青峰路,二段,,,,,45號十二樓,121.220488793253,25.0168889181303
桃園市中壢區青園里2鄰青峰路二段45號十三樓,68,6800200,6800200-000,2鄰,青峰路,二段,,,,,45號十三樓,121.220488793253,25.0168889181303
桃園市中壢區青園里2鄰青峰路二段46號,68,6800200,6800200-000,2鄰,青峰路,二段,,,,,46號,121.220978277449,25.0166786442039
桃園市中壢區青園里2鄰青峰路二段46號二樓,68,6800200,6800200-000,2鄰,青峰路,二段,,,,,46號二樓,121.220978277449,25.0166786442039
桃園市中壢區青園里2鄰青峰路二段46號三樓,68,6800200,6800200-000,2鄰,青峰路,二段,,,,,46號三樓,121.220978277449,25.0166786442039
桃園市中壢區青園里2鄰青峰路二段46號四樓,68,6800200,6800200-000,2鄰,青峰路,二段,,,,,46號四樓,121.220978277449,25.0166786442039
桃園市中壢區青園里2鄰青峰路二段46號五樓,68,6800200,6800200-000,2鄰,青峰路,二段,,,,,46號五樓,121.220978277449,25.0166786442039
桃園市中壢區青園里2鄰青峰路二段47號十樓,68,6800200,6800200-000,2鄰,青峰路,二段,,,,,47號十樓,121.220538534343,25.017167367997
桃園市中壢區青園里2鄰青峰路二段47號二樓,68,6800200,6800200-000,2鄰,青峰路,二段,,,,,47號二樓,121.220538534343,25.017167367997
桃園市中壢區青園里2鄰青峰路二段47號三樓,68,6800200,6800200-000,2鄰,青峰路,二段,,,,,47號三樓,121.220538534343,25.017167367997
桃園市中壢區青園里2鄰青峰路二段47號四樓,68,6800200,6800200-000,2鄰,青峰路,二段,,,,,47號四樓,121.220538534343,25.017167367997
桃園市中壢區青園里2鄰青峰路二段47號五樓,68,6800200,6800200-000,2鄰,青峰路,二段,,,,,47號五樓,121.220538534343,25.017167367997
桃園市中壢區青園里2鄰青峰路二段47號六樓,68,6800200,6800200-000,2鄰,青峰路,二段,,,,,47號六樓,121.220538534343,25.017167367997
桃園市中壢區青園里2鄰青峰路二段47號七樓,68,6800200,6800200-000,2鄰,青峰路,二段,,,,,47號七樓,121.220538534343,25.017167367997
桃園市中壢區青園里2鄰青峰路二段47號八樓,68,6800200,6800200-000,2鄰,青峰路,二段,,,,,47號八樓,121.220538534343,25.017167367997
桃園市中壢區青園里2鄰青峰路二段47號九樓,68,6800200,6800200-000,2鄰,青峰路,二段,,,,,47號九樓,121.220538534343,25.017167367997
桃園市中壢區青園里2鄰青峰路二段47號十一樓,68,6800200,6800200-000,2鄰,青峰路,二段,,,,,47號十一樓,121.220538534343,25.017167367997
桃園市中壢區青園里2鄰青峰路二段47號十二樓,68,6800200,6800200-000,2鄰,青峰路,二段,,,,,47號十二樓,121.220538534343,25.017167367997
桃園市中壢區青園里2鄰青峰路二段47號十三樓,68,6800200,6800200-000,2鄰,青峰路,二段,,,,,47號十三樓,121.220538534343,25.017167367997
桃園市中壢區青園里2鄰青峰路二段49號十樓,68,6800200,6800200-000,2鄰,青峰路,二段,,,,,49號十樓,121.220581443499,25.0172265301172
桃園市中壢區青園里2鄰青峰路二段49號二樓,68,6800200,6800200-000,2鄰,青峰路,二段,,,,,49號二樓,121.220581443499,25.0172265301172
桃園市中壢區青園里2鄰青峰路二段49號三樓,68,6800200,6800200-000,2鄰,青峰路,二段,,,,,49號三樓,121.220581443499,25.0172265301172
桃園市中壢區青園里2鄰青峰路二段49號四樓,68,6800200,6800200-000,2鄰,青峰路,二段,,,,,49號四樓,121.220581443499,25.0172265301172
桃園市中壢區青園里2鄰青峰路二段49號五樓,68,6800200,6800200-000,2鄰,青峰路,二段,,,,,49號五樓,121.220581443499,25.0172265301172
桃園市中壢區青園里2鄰青峰路二段49號六樓,68,6800200,6800200-000,2鄰,青峰路,二段,,,,,49號六樓,121.220581443499,25.0172265301172
桃園市中壢區青園里2鄰青峰路二段49號七樓,68,6800200,6800200-000,2鄰,青峰路,二段,,,,,49號七樓,121.220581443499,25.0172265301172
桃園市中壢區青園里2鄰青峰路二段49號八樓,68,6800200,6800200-000,2鄰,青峰路,二段,,,,,49號八樓,121.220581443499,25.0172265301172
桃園市中壢區青園里2鄰青峰路二段49號九樓,68,6800200,6800200-000,2鄰,青峰路,二段,,,,,49號九樓,121.220581443499,25.0172265301172
桃園市中壢區青園里2鄰青峰路二段49號十一樓,68,6800200,6800200-000,2鄰,青峰路,二段,,,,,49號十一樓,121.220581443499,25.0172265301172
桃園市中壢區青園里2鄰青峰路二段49號十二樓,68,6800200,6800200-000,2鄰,青峰路,二段,,,,,49號十二樓,121.220581443499,25.0172265301172
桃園市中壢區青園里2鄰青峰路二段49號十三樓,68,6800200,6800200-000,2鄰,青峰路,二段,,,,,49號十三樓,121.220581443499,25.0172265301172
桃園市中壢區青園里2鄰青峰路二段51號十樓,68,6800200,6800200-000,2鄰,青峰路,二段,,,,,51號十樓,121.2207394244,25.0170849121997
桃園市中壢區青園里2鄰青峰路二段51號二樓,68,6800200,6800200-000,2鄰,青峰路,二段,,,,,51號二樓,121.2207394244,25.0170849121997
桃園市中壢區青園里2鄰青峰路二段51號三樓,68,6800200,6800200-000,2鄰,青峰路,二段,,,,,51號三樓,121.2207394244,25.0170849121997
桃園市中壢區青園里2鄰青峰路二段51號四樓,68,6800200,6800200-000,2鄰,青峰路,二段,,,,,51號四樓,121.2207394244,25.0170849121997
桃園市中壢區青園里2鄰青峰路二段51號五樓,68,6800200,6800200-000,2鄰,青峰路,二段,,,,,51號五樓,121.2207394244,25.0170849121997
桃園市中壢區青園里2鄰青峰路二段51號六樓,68,6800200,6800200-000,2鄰,青峰路,二段,,,,,51號六樓,121.2207394244,25.0170849121997
桃園市中壢區青園里2鄰青峰路二段51號七樓,68,6800200,6800200-000,2鄰,青峰路,二段,,,,,51號七樓,121.2207394244,25.0170849121997
桃園市中壢區青園里2鄰青峰路二段51號八樓,68,6800200,6800200-000,2鄰,青峰路,二段,,,,,51號八樓,121.2207394244,25.0170849121997
桃園市中壢區青園里2鄰青峰路二段51號九樓,68,6800200,6800200-000,2鄰,青峰路,二段,,,,,51號九樓,121.2207394244,25.0170849121997
桃園市中壢區青園里2鄰青峰路二段51號十一樓,68,6800200,6800200-000,2鄰,青峰路,二段,,,,,51號十一樓,121.2207394244,25.0170849121997
桃園市中壢區青園里2鄰青峰路二段51號十二樓,68,6800200,6800200-000,2鄰,青峰路,二段,,,,,51號十二樓,121.2207394244,25.0170849121997
桃園市中壢區青園里2鄰青峰路二段51號十三樓,68,6800200,6800200-000,2鄰,青峰路,二段,,,,,51號十三樓,121.2207394244,25.0170849121997
桃園市中壢區青園里2鄰青峰路二段53號十樓,68,6800200,6800200-000,2鄰,青峰路,二段,,,,,53號十樓,121.220693019761,25.0170103168873
桃園市中壢區青園里2鄰青峰路二段53號二樓,68,6800200,6800200-000,2鄰,青峰路,二段,,,,,53號二樓,121.220693019761,25.0170103168873
桃園市中壢區青園里2鄰青峰路二段53號三樓,68,6800200,6800200-000,2鄰,青峰路,二段,,,,,53號三樓,121.220693019761,25.0170103168873
桃園市中壢區青園里2鄰青峰路二段53號四樓,68,6800200,6800200-000,2鄰,青峰路,二段,,,,,53號四樓,121.220693019761,25.0170103168873
桃園市中壢區青園里2鄰青峰路二段53號五樓,68,6800200,6800200-000,2鄰,青峰路,二段,,,,,53號五樓,121.220693019761,25.0170103168873
桃園市中壢區青園里2鄰青峰路二段53號六樓,68,6800200,6800200-000,2鄰,青峰路,二段,,,,,53號六樓,121.220693019761,25.0170103168873
桃園市中壢區青園里2鄰青峰路二段53號七樓,68,6800200,6800200-000,2鄰,青峰路,二段,,,,,53號七樓,121.220693019761,25.0170103168873
桃園市中壢區青園里2鄰青峰路二段53號八樓,68,6800200,6800200-000,2鄰,青峰路,二段,,,,,53號八樓,121.220693019761,25.0170103168873
桃園市中壢區青園里2鄰青峰路二段53號九樓,68,6800200,6800200-000,2鄰,青峰路,二段,,,,,53號九樓,121.220693019761,25.0170103168873
桃園市中壢區青園里2鄰青峰路二段53號十一樓,68,6800200,6800200-000,2鄰,青峰路,二段,,,,,53號十一樓,121.220693019761,25.0170103168873
桃園市中壢區青園里2鄰青峰路二段53號十二樓,68,6800200,6800200-000,2鄰,青峰路,二段,,,,,53號十二樓,121.220693019761,25.0170103168873
桃園市中壢區青園里2鄰青峰路二段53號十三樓,68,6800200,6800200-000,2鄰,青峰路,二段,,,,,53號十三樓,121.220693019761,25.0170103168873
桃園市中壢區青園里2鄰青峰路二段55號,68,6800200,6800200-000,2鄰,青峰路,二段,,,,,55號,121.220921767893,25.0171031494413
桃園市中壢區青園里2鄰青峰路二段55號十樓,68,6800200,6800200-000,2鄰,青峰路,二段,,,,,55號十樓,121.220921767893,25.0171031494413
桃園市中壢區青園里2鄰青峰路二段55號三樓,68,6800200,6800200-000,2鄰,青峰路,二段,,,,,55號三樓,121.220921767893,25.0171031494413
桃園市中壢區青園里2鄰青峰路二段55號四樓,68,6800200,6800200-000,2鄰,青峰路,二段,,,,,55號四樓,121.220921767893,25.0171031494413
桃園市中壢區青園里2鄰青峰路二段55號五樓,68,6800200,6800200-000,2鄰,青峰路,二段,,,,,55號五樓,121.220921767893,25.0171031494413
桃園市中壢區青園里2鄰青峰路二段55號六樓,68,6800200,6800200-000,2鄰,青峰路,二段,,,,,55號六樓,121.220921767893,25.0171031494413
桃園市中壢區青園里2鄰青峰路二段55號七樓,68,6800200,6800200-000,2鄰,青峰路,二段,,,,,55號七樓,121.220921767893,25.0171031494413
桃園市中壢區青園里2鄰青峰路二段55號八樓,68,6800200,6800200-000,2鄰,青峰路,二段,,,,,55號八樓,121.220921767893,25.0171031494413
桃園市中壢區青園里2鄰青峰路二段55號九樓,68,6800200,6800200-000,2鄰,青峰路,二段,,,,,55號九樓,121.220921767893,25.0171031494413
桃園市中壢區青園里2鄰青峰路二段55號十一樓,68,6800200,6800200-000,2鄰,青峰路,二段,,,,,55號十一樓,121.220921767893,25.0171031494413
桃園市中壢區青園里2鄰青峰路二段55號十二樓,68,6800200,6800200-000,2鄰,青峰路,二段,,,,,55號十二樓,121.220921767893,25.0171031494413
桃園市中壢區青園里2鄰青峰路二段55號十三樓,68,6800200,6800200-000,2鄰,青峰路,二段,,,,,55號十三樓,121.220921767893,25.0171031494413
桃園市中壢區青園里2鄰青峰路二段55號十四樓,68,6800200,6800200-000,2鄰,青峰路,二段,,,,,55號十四樓,121.220921767893,25.0171031494413
桃園市中壢區青園里2鄰青峰路二段56號,68,6800200,6800200-000,2鄰,青峰路,二段,,,,,56號,121.221128456527,25.0168285618827
桃園市中壢區青園里2鄰青峰路二段57號,68,6800200,6800200-000,2鄰,青峰路,二段,,,,,57號,121.221005394975,25.0171595424394
桃園市中壢區青園里2鄰青峰路二段57號十樓,68,6800200,6800200-000,2鄰,青峰路,二段,,,,,57號十樓,121.221005394975,25.0171595424394
桃園市中壢區青園里2鄰青峰路二段57號三樓,68,6800200,6800200-000,2鄰,青峰路,二段,,,,,57號三樓,121.221005394975,25.0171595424394
桃園市中壢區青園里2鄰青峰路二段57號四樓,68,6800200,6800200-000,2鄰,青峰路,二段,,,,,57號四樓,121.221005394975,25.0171595424394
桃園市中壢區青園里2鄰青峰路二段57號五樓,68,6800200,6800200-000,2鄰,青峰路,二段,,,,,57號五樓,121.221005394975,25.0171595424394
桃園市中壢區青園里2鄰青峰路二段57號六樓,68,6800200,6800200-000,2鄰,青峰路,二段,,,,,57號六樓,121.221005394975,25.0171595424394
桃園市中壢區青園里2鄰青峰路二段57號七樓,68,6800200,6800200-000,2鄰,青峰路,二段,,,,,57號七樓,121.221005394975,25.0171595424394
桃園市中壢區青園里2鄰青峰路二段57號八樓,68,6800200,6800200-000,2鄰,青峰路,二段,,,,,57號八樓,121.221005394975,25.0171595424394
桃園市中壢區青園里2鄰青峰路二段57號九樓,68,6800200,6800200-000,2鄰,青峰路,二段,,,,,57號九樓,121.221005394975,25.0171595424394
桃園市中壢區青園里2鄰青峰路二段57號十一樓,68,6800200,6800200-000,2鄰,青峰路,二段,,,,,57號十一樓,121.221005394975,25.0171595424394
桃園市中壢區青園里2鄰青峰路二段57號十二樓,68,6800200,6800200-000,2鄰,青峰路,二段,,,,,57號十二樓,121.221005394975,25.0171595424394
桃園市中壢區青園里2鄰青峰路二段57號十三樓,68,6800200,6800200-000,2鄰,青峰路,二段,,,,,57號十三樓,121.221005394975,25.0171595424394
桃園市中壢區青園里2鄰青峰路二段57號十四樓,68,6800200,6800200-000,2鄰,青峰路,二段,,,,,57號十四樓,121.221005394975,25.0171595424394
桃園市中壢區青園里2鄰青峰路二段59號十樓,68,6800200,6800200-000,2鄰,青峰路,二段,,,,,59號十樓,121.220859485481,25.0172917532558
桃園市中壢區青園里2鄰青峰路二段59號三樓,68,6800200,6800200-000,2鄰,青峰路,二段,,,,,59號三樓,121.220859485481,25.0172917532558
桃園市中壢區青園里2鄰青峰路二段59號四樓,68,6800200,6800200-000,2鄰,青峰路,二段,,,,,59號四樓,121.220859485481,25.0172917532558
桃園市中壢區青園里2鄰青峰路二段59號五樓,68,6800200,6800200-000,2鄰,青峰路,二段,,,,,59號五樓,121.220859485481,25.0172917532558
桃園市中壢區青園里2鄰青峰路二段59號六樓,68,6800200,6800200-000,2鄰,青峰路,二段,,,,,59號六樓,121.220859485481,25.0172917532558
桃園市中壢區青園里2鄰青峰路二段59號七樓,68,6800200,6800200-000,2鄰,青峰路,二段,,,,,59號七樓,121.220859485481,25.0172917532558
桃園市中壢區青園里2鄰青峰路二段59號八樓,68,6800200,6800200-000,2鄰,青峰路,二段,,,,,59號八樓,121.220859485481,25.0172917532558
桃園市中壢區青園里2鄰青峰路二段59號九樓,68,6800200,6800200-000,2鄰,青峰路,二段,,,,,59號九樓,121.220859485481,25.0172917532558
桃園市中壢區青園里2鄰青峰路二段59號十一樓,68,6800200,6800200-000,2鄰,青峰路,二段,,,,,59號十一樓,121.220859485481,25.0172917532558
桃園市中壢區青園里2鄰青峰路二段59號十二樓,68,6800200,6800200-000,2鄰,青峰路,二段,,,,,59號十二樓,121.220859485481,25.0172917532558
桃園市中壢區青園里2鄰青峰路二段59號十三樓,68,6800200,6800200-000,2鄰,青峰路,二段,,,,,59號十三樓,121.220859485481,25.0172917532558
桃園市中壢區青園里2鄰青峰路二段59號十四樓,68,6800200,6800200-000,2鄰,青峰路,二段,,,,,59號十四樓,121.220859485481,25.0172917532558
桃園市中壢區青園里2鄰青峰路二段61號十樓,68,6800200,6800200-000,2鄰,青峰路,二段,,,,,61號十樓,121.220799422577,25.0172256648858
桃園市中壢區青園里2鄰青峰路二段61號二樓,68,6800200,6800200-000,2鄰,青峰路,二段,,,,,61號二樓,121.220799422577,25.0172256648858
桃園市中壢區青園里2鄰青峰路二段61號三樓,68,6800200,6800200-000,2鄰,青峰路,二段,,,,,61號三樓,121.220799422577,25.0172256648858
桃園市中壢區青園里2鄰青峰路二段61號四樓,68,6800200,6800200-000,2鄰,青峰路,二段,,,,,61號四樓,121.220799422577,25.0172256648858
桃園市中壢區青園里2鄰青峰路二段61號五樓,68,6800200,6800200-000,2鄰,青峰路,二段,,,,,61號五樓,121.220799422577,25.0172256648858
桃園市中壢區青園里2鄰青峰路二段61號六樓,68,6800200,6800200-000,2鄰,青峰路,二段,,,,,61號六樓,121.220799422577,25.0172256648858
桃園市中壢區青園里2鄰青峰路二段61號七樓,68,6800200,6800200-000,2鄰,青峰路,二段,,,,,61號七樓,121.220799422577,25.0172256648858
桃園市中壢區青園里2鄰青峰路二段61號八樓,68,6800200,6800200-000,2鄰,青峰路,二段,,,,,61號八樓,121.220799422577,25.0172256648858
桃園市中壢區青園里2鄰青峰路二段61號九樓,68,6800200,6800200-000,2鄰,青峰路,二段,,,,,61號九樓,121.220799422577,25.0172256648858
桃園市中壢區青園里2鄰青峰路二段61號十一樓,68,6800200,6800200-000,2鄰,青峰路,二段,,,,,61號十一樓,121.220799422577,25.0172256648858
桃園市中壢區青園里2鄰青峰路二段61號十二樓,68,6800200,6800200-000,2鄰,青峰路,二段,,,,,61號十二樓,121.220799422577,25.0172256648858
桃園市中壢區青園里2鄰青峰路二段61號十三樓,68,6800200,6800200-000,2鄰,青峰路,二段,,,,,61號十三樓,121.220799422577,25.0172256648858
桃園市中壢區青園里2鄰青峰路二段61號十四樓,68,6800200,6800200-000,2鄰,青峰路,二段,,,,,61號十四樓,121.220799422577,25.0172256648858
桃園市中壢區青園里2鄰青峰路二段63號,68,6800200,6800200-000,2鄰,青峰路,二段,,,,,63號,121.221035432603,25.0172236891337
桃園市中壢區青園里2鄰青峰路二段63號十樓,68,6800200,6800200-000,2鄰,青峰路,二段,,,,,63號十樓,121.221035432603,25.0172236891337
桃園市中壢區青園里2鄰青峰路二段63號三樓,68,6800200,6800200-000,2鄰,青峰路,二段,,,,,63號三樓,121.221035432603,25.0172236891337
桃園市中壢區青園里2鄰青峰路二段63號四樓,68,6800200,6800200-000,2鄰,青峰路,二段,,,,,63號四樓,121.221035432603,25.0172236891337
桃園市中壢區青園里2鄰青峰路二段63號五樓,68,6800200,6800200-000,2鄰,青峰路,二段,,,,,63號五樓,121.221035432603,25.0172236891337
桃園市中壢區青園里2鄰青峰路二段63號六樓,68,6800200,6800200-000,2鄰,青峰路,二段,,,,,63號六樓,121.221035432603,25.0172236891337
桃園市中壢區青園里2鄰青峰路二段63號七樓,68,6800200,6800200-000,2鄰,青峰路,二段,,,,,63號七樓,121.221035432603,25.0172236891337
桃園市中壢區青園里2鄰青峰路二段63號八樓,68,6800200,6800200-000,2鄰,青峰路,二段,,,,,63號八樓,121.221035432603,25.0172236891337
桃園市中壢區青園里2鄰青峰路二段63號九樓,68,6800200,6800200-000,2鄰,青峰路,二段,,,,,63號九樓,121.221035432603,25.0172236891337
桃園市中壢區青園里2鄰青峰路二段63號十一樓,68,6800200,6800200-000,2鄰,青峰路,二段,,,,,63號十一樓,121.221035432603,25.0172236891337
桃園市中壢區青園里2鄰青峰路二段63號十二樓,68,6800200,6800200-000,2鄰,青峰路,二段,,,,,63號十二樓,121.221035432603,25.0172236891337
桃園市中壢區青園里2鄰青峰路二段63號十三樓,68,6800200,6800200-000,2鄰,青峰路,二段,,,,,63號十三樓,121.221035432603,25.0172236891337
桃園市中壢區青園里2鄰青峰路二段63號十四樓,68,6800200,6800200-000,2鄰,青峰路,二段,,,,,63號十四樓,121.221035432603,25.0172236891337
桃園市中壢區青園里2鄰青峰路二段65號十樓,68,6800200,6800200-000,2鄰,青峰路,二段,,,,,65號十樓,121.221114894983,25.0172781923128
桃園市中壢區青園里2鄰青峰路二段65號三樓,68,6800200,6800200-000,2鄰,青峰路,二段,,,,,65號三樓,121.221114894983,25.0172781923128
桃園市中壢區青園里2鄰青峰路二段65號四樓,68,6800200,6800200-000,2鄰,青峰路,二段,,,,,65號四樓,121.221114894983,25.0172781923128
桃園市中壢區青園里2鄰青峰路二段65號五樓,68,6800200,6800200-000,2鄰,青峰路,二段,,,,,65號五樓,121.221114894983,25.0172781923128
桃園市中壢區青園里2鄰青峰路二段65號六樓,68,6800200,6800200-000,2鄰,青峰路,二段,,,,,65號六樓,121.221114894983,25.0172781923128
桃園市中壢區青園里2鄰青峰路二段65號七樓,68,6800200,6800200-000,2鄰,青峰路,二段,,,,,65號七樓,121.221114894983,25.0172781923128
桃園市中壢區青園里2鄰青峰路二段65號八樓,68,6800200,6800200-000,2鄰,青峰路,二段,,,,,65號八樓,121.221114894983,25.0172781923128
桃園市中壢區青園里2鄰青峰路二段65號九樓,68,6800200,6800200-000,2鄰,青峰路,二段,,,,,65號九樓,121.221114894983,25.0172781923128
桃園市中壢區青園里2鄰青峰路二段65號十一樓,68,6800200,6800200-000,2鄰,青峰路,二段,,,,,65號十一樓,121.221114894983,25.0172781923128
桃園市中壢區青園里2鄰青峰路二段65號十二樓,68,6800200,6800200-000,2鄰,青峰路,二段,,,,,65號十二樓,121.221114894983,25.0172781923128
桃園市中壢區青園里2鄰青峰路二段65號十三樓,68,6800200,6800200-000,2鄰,青峰路,二段,,,,,65號十三樓,121.221114894983,25.0172781923128
桃園市中壢區青園里2鄰青峰路二段65號十四樓,68,6800200,6800200-000,2鄰,青峰路,二段,,,,,65號十四樓,121.221114894983,25.0172781923128
桃園市中壢區青園里2鄰青峰路二段67號十樓,68,6800200,6800200-000,2鄰,青峰路,二段,,,,,67號十樓,121.220975422404,25.0174084977216
桃園市中壢區青園里2鄰青峰路二段67號二樓,68,6800200,6800200-000,2鄰,青峰路,二段,,,,,67號二樓,121.220975422404,25.0174084977216
桃園市中壢區青園里2鄰青峰路二段67號三樓,68,6800200,6800200-000,2鄰,青峰路,二段,,,,,67號三樓,121.220975422404,25.0174084977216
桃園市中壢區青園里2鄰青峰路二段67號四樓,68,6800200,6800200-000,2鄰,青峰路,二段,,,,,67號四樓,121.220975422404,25.0174084977216
桃園市中壢區青園里2鄰青峰路二段67號五樓,68,6800200,6800200-000,2鄰,青峰路,二段,,,,,67號五樓,121.220975422404,25.0174084977216
桃園市中壢區青園里2鄰青峰路二段67號六樓,68,6800200,6800200-000,2鄰,青峰路,二段,,,,,67號六樓,121.220975422404,25.0174084977216
桃園市中壢區青園里2鄰青峰路二段67號七樓,68,6800200,6800200-000,2鄰,青峰路,二段,,,,,67號七樓,121.220975422404,25.0174084977216
桃園市中壢區青園里2鄰青峰路二段67號八樓,68,6800200,6800200-000,2鄰,青峰路,二段,,,,,67號八樓,121.220975422404,25.0174084977216
桃園市中壢區青園里2鄰青峰路二段67號九樓,68,6800200,6800200-000,2鄰,青峰路,二段,,,,,67號九樓,121.220975422404,25.0174084977216
桃園市中壢區青園里2鄰青峰路二段67號十一樓,68,6800200,6800200-000,2鄰,青峰路,二段,,,,,67號十一樓,121.220975422404,25.0174084977216
桃園市中壢區青園里2鄰青峰路二段67號十二樓,68,6800200,6800200-000,2鄰,青峰路,二段,,,,,67號十二樓,121.220975422404,25.0174084977216
桃園市中壢區青園里2鄰青峰路二段67號十三樓,68,6800200,6800200-000,2鄰,青峰路,二段,,,,,67號十三樓,121.220975422404,25.0174084977216
桃園市中壢區青園里2鄰青峰路二段67號十四樓,68,6800200,6800200-000,2鄰,青峰路,二段,,,,,67號十四樓,121.220975422404,25.0174084977216
桃園市中壢區青園里2鄰青峰路二段69號十樓,68,6800200,6800200-000,2鄰,青峰路,二段,,,,,69號十樓,121.220923911609,25.0173598213477
桃園市中壢區青園里2鄰青峰路二段69號三樓,68,6800200,6800200-000,2鄰,青峰路,二段,,,,,69號三樓,121.220923911609,25.0173598213477
桃園市中壢區青園里2鄰青峰路二段69號四樓,68,6800200,6800200-000,2鄰,青峰路,二段,,,,,69號四樓,121.220923911609,25.0173598213477
桃園市中壢區青園里2鄰青峰路二段69號五樓,68,6800200,6800200-000,2鄰,青峰路,二段,,,,,69號五樓,121.220923911609,25.0173598213477
桃園市中壢區青園里2鄰青峰路二段69號六樓,68,6800200,6800200-000,2鄰,青峰路,二段,,,,,69號六樓,121.220923911609,25.0173598213477
桃園市中壢區青園里2鄰青峰路二段69號七樓,68,6800200,6800200-000,2鄰,青峰路,二段,,,,,69號七樓,121.220923911609,25.0173598213477
桃園市中壢區青園里2鄰青峰路二段69號八樓,68,6800200,6800200-000,2鄰,青峰路,二段,,,,,69號八樓,121.220923911609,25.0173598213477
桃園市中壢區青園里2鄰青峰路二段69號九樓,68,6800200,6800200-000,2鄰,青峰路,二段,,,,,69號九樓,121.220923911609,25.0173598213477
桃園市中壢區青園里2鄰青峰路二段69號十一樓,68,6800200,6800200-000,2鄰,青峰路,二段,,,,,69號十一樓,121.220923911609,25.0173598213477
桃園市中壢區青園里2鄰青峰路二段69號十二樓,68,6800200,6800200-000,2鄰,青峰路,二段,,,,,69號十二樓,121.220923911609,25.0173598213477
桃園市中壢區青園里2鄰青峰路二段69號十三樓,68,6800200,6800200-000,2鄰,青峰路,二段,,,,,69號十三樓,121.220923911609,25.0173598213477
桃園市中壢區青園里2鄰青峰路二段69號十四樓,68,6800200,6800200-000,2鄰,青峰路,二段,,,,,69號十四樓,121.220923911609,25.0173598213477
桃園市中壢區青園里2鄰青峰路二段76號,68,6800200,6800200-000,2鄰,青峰路,二段,,,,,76號,121.221620820332,25.017284842315
桃園市中壢區青園里2鄰青峰路二段76號二樓,68,6800200,6800200-000,2鄰,青峰路,二段,,,,,76號二樓,121.221620820332,25.017284842315
桃園市中壢區青園里2鄰青峰路二段76號三樓,68,6800200,6800200-000,2鄰,青峰路,二段,,,,,76號三樓,121.221620820332,25.017284842315
桃園市中壢區青園里2鄰青峰路二段76號四樓,68,6800200,6800200-000,2鄰,青峰路,二段,,,,,76號四樓,121.221620820332,25.017284842315
桃園市中壢區青園里2鄰青峰路二段76號五樓,68,6800200,6800200-000,2鄰,青峰路,二段,,,,,76號五樓,121.221620820332,25.017284842315
桃園市中壢區青園里2鄰青峰路二段78號,68,6800200,6800200-000,2鄰,青峰路,二段,,,,,78號,121.221646993629,25.0173487237929
桃園市中壢區青園里2鄰青峰路二段98號,68,6800200,6800200-000,2鄰,青峰路,二段,,,,,98號,121.22189550833,25.0176335576863
桃園市中壢區青園里2鄰青峰路二段110號,68,6800200,6800200-000,2鄰,青峰路,二段,,,,,110號,121.222095056052,25.0177413287147
桃園市中壢區青園里2鄰青峰路二段112號,68,6800200,6800200-000,2鄰,青峰路,二段,,,,,112號,121.222155690045,25.0178489459574
桃園市中壢區青園里2鄰青峰路二段116巷2號三樓,68,6800200,6800200-000,2鄰,青峰路,二段,116巷,,,,2號三樓,121.222250305964,25.0177894885163
桃園市中壢區青園里2鄰青峰路二段116巷2號四樓,68,6800200,6800200-000,2鄰,青峰路,二段,116巷,,,,2號四樓,121.222250305964,25.0177894885163
桃園市中壢區青園里2鄰青峰路二段116巷2號五樓,68,6800200,6800200-000,2鄰,青峰路,二段,116巷,,,,2號五樓,121.222250305964,25.0177894885163
桃園市中壢區青園里2鄰青峰路二段116巷2號六樓,68,6800200,6800200-000,2鄰,青峰路,二段,116巷,,,,2號六樓,121.222250305964,25.0177894885163
桃園市中壢區青園里2鄰青峰路二段116巷2號七樓,68,6800200,6800200-000,2鄰,青峰路,二段,116巷,,,,2號七樓,121.222250305964,25.0177894885163
桃園市中壢區青園里2鄰青峰路二段116巷6號,68,6800200,6800200-000,2鄰,青峰路,二段,116巷,,,,6號,121.222313778591,25.0177126529307
桃園市中壢區青園里2鄰青峰路二段116巷6號三樓,68,6800200,6800200-000,2鄰,青峰路,二段,116巷,,,,6號三樓,121.222313778591,25.0177126529307
桃園市中壢區青園里2鄰青峰路二段116巷6號四樓,68,6800200,6800200-000,2鄰,青峰路,二段,116巷,,,,6號四樓,121.222313778591,25.0177126529307
桃園市中壢區青園里2鄰青峰路二段116巷6號五樓,68,6800200,6800200-000,2鄰,青峰路,二段,116巷,,,,6號五樓,121.222313778591,25.0177126529307
桃園市中壢區青園里2鄰青峰路二段116巷6號六樓,68,6800200,6800200-000,2鄰,青峰路,二段,116巷,,,,6號六樓,121.222313778591,25.0177126529307
桃園市中壢區青園里2鄰青峰路二段116巷6號七樓,68,6800200,6800200-000,2鄰,青峰路,二段,116巷,,,,6號七樓,121.222313778591,25.0177126529307
桃園市中壢區青園里2鄰青峰路二段128號二樓,68,6800200,6800200-000,2鄰,青峰路,二段,,,,,128號二樓,121.222505086804,25.0181413021051
桃園市中壢區青園里2鄰青峰路二段128號三樓,68,6800200,6800200-000,2鄰,青峰路,二段,,,,,128號三樓,121.222465706448,25.0181716058926
桃園市中壢區青園里2鄰青峰路二段128號四樓,68,6800200,6800200-000,2鄰,青峰路,二段,,,,,128號四樓,121.222465706448,25.0181716058926
桃園市中壢區青園里2鄰青峰路二段128號五樓,68,6800200,6800200-000,2鄰,青峰路,二段,,,,,128號五樓,121.222465706448,25.0181716058926
桃園市中壢區青園里2鄰青峰路二段130號,68,6800200,6800200-000,2鄰,青峰路,二段,,,,,130號,121.222514626254,25.0182115281324
桃園市中壢區青園里2鄰青峰路二段130號二樓,68,6800200,6800200-000,2鄰,青峰路,二段,,,,,130號二樓,121.222514626254,25.0182115281324
桃園市中壢區青園里2鄰青峰路二段130號三樓,68,6800200,6800200-000,2鄰,青峰路,二段,,,,,130號三樓,121.222514626254,25.0182115281324
桃園市中壢區青園里2鄰青峰路二段130號四樓,68,6800200,6800200-000,2鄰,青峰路,二段,,,,,130號四樓,121.222514626254,25.0182115281324
桃園市中壢區青園里2鄰青峰路二段130號五樓,68,6800200,6800200-000,2鄰,青峰路,二段,,,,,130號五樓,121.222514626254,25.0182115281324
桃園市中壢區青園里2鄰青峰路二段162號,68,6800200,6800200-000,2鄰,青峰路,二段,,,,,162號,121.222831712311,25.0185524138968
桃園市中壢區青航里9鄰青峰路一段35號,68,6800200,6800200-000,9鄰,青峰路,一段,,,,,35號,121.218296909404,25.0145379271944
桃園市中壢區青航里9鄰青峰路一段35號十樓,68,6800200,6800200-000,9鄰,青峰路,一段,,,,,35號十樓,121.218296909404,25.0145379271944
桃園市中壢區青航里9鄰青峰路一段35號四樓,68,6800200,6800200-000,9鄰,青峰路,一段,,,,,35號四樓,121.218296909404,25.0145379271944
桃園市中壢區青航里9鄰青峰路一段35號五樓,68,6800200,6800200-000,9鄰,青峰路,一段,,,,,35號五樓,121.218296909404,25.0145379271944
桃園市中壢區青航里9鄰青峰路一段35號六樓,68,6800200,6800200-000,9鄰,青峰路,一段,,,,,35號六樓,121.218296909404,25.0145379271944
桃園市中壢區青航里9鄰青峰路一段35號七樓,68,6800200,6800200-000,9鄰,青峰路,一段,,,,,35號七樓,121.218296909404,25.0145379271944
桃園市中壢區青航里9鄰青峰路一段35號八樓,68,6800200,6800200-000,9鄰,青峰路,一段,,,,,35號八樓,121.218296909404,25.0145379271944
桃園市中壢區青航里9鄰青峰路一段35號九樓,68,6800200,6800200-000,9鄰,青峰路,一段,,,,,35號九樓,121.218296909404,25.0145379271944
桃園市中壢區青航里9鄰青峰路一段35號十一樓,68,6800200,6800200-000,9鄰,青峰路,一段,,,,,35號十一樓,121.218296909404,25.0145379271944
桃園市中壢區青航里9鄰青峰路一段35號十二樓,68,6800200,6800200-000,9鄰,青峰路,一段,,,,,35號十二樓,121.218296909404,25.0145379271944
桃園市中壢區青航里9鄰青峰路一段35號十三樓,68,6800200,6800200-000,9鄰,青峰路,一段,,,,,35號十三樓,121.218296909404,25.0145379271944
桃園市中壢區青航里9鄰青峰路一段35號十四樓,68,6800200,6800200-000,9鄰,青峰路,一段,,,,,35號十四樓,121.218296909404,25.0145379271944
桃園市中壢區青航里9鄰青峰路一段37號,68,6800200,6800200-000,9鄰,青峰路,一段,,,,,37號,121.218282283117,25.0145591652237
桃園市中壢區青航里9鄰青峰路一段37號十樓,68,6800200,6800200-000,9鄰,青峰路,一段,,,,,37號十樓,121.218282283117,25.0145591652237
桃園市中壢區青航里9鄰青峰路一段37號三樓,68,6800200,6800200-000,9鄰,青峰路,一段,,,,,37號三樓,121.218282283117,25.0145591652237
桃園市中壢區青航里9鄰青峰路一段37號四樓,68,6800200,6800200-000,9鄰,青峰路,一段,,,,,37號四樓,121.218282283117,25.0145591652237
桃園市中壢區青航里9鄰青峰路一段37號五樓,68,6800200,6800200-000,9鄰,青峰路,一段,,,,,37號五樓,121.218282283117,25.0145591652237
桃園市中壢區青航里9鄰青峰路一段37號六樓,68,6800200,6800200-000,9鄰,青峰路,一段,,,,,37號六樓,121.218282283117,25.0145591652237
桃園市中壢區青航里9鄰青峰路一段37號七樓,68,6800200,6800200-000,9鄰,青峰路,一段,,,,,37號七樓,121.218282283117,25.0145591652237
桃園市中壢區青航里9鄰青峰路一段37號八樓,68,6800200,6800200-000,9鄰,青峰路,一段,,,,,37號八樓,121.218282283117,25.0145591652237
桃園市中壢區青航里9鄰青峰路一段37號九樓,68,6800200,6800200-000,9鄰,青峰路,一段,,,,,37號九樓,121.218282283117,25.0145591652237
桃園市中壢區青航里9鄰青峰路一段37號十一樓,68,6800200,6800200-000,9鄰,青峰路,一段,,,,,37號十一樓,121.218282283117,25.0145591652237
桃園市中壢區青航里9鄰青峰路一段37號十二樓,68,6800200,6800200-000,9鄰,青峰路,一段,,,,,37號十二樓,121.218282283117,25.0145591652237
桃園市中壢區青航里9鄰青峰路一段37號十三樓,68,6800200,6800200-000,9鄰,青峰路,一段,,,,,37號十三樓,121.218282283117,25.0145591652237
桃園市中壢區青航里9鄰青峰路一段37號十四樓,68,6800200,6800200-000,9鄰,青峰路,一段,,,,,37號十四樓,121.218282283117,25.0145591652237
桃園市中壢區青航里9鄰青峰路一段39號十樓,68,6800200,6800200-000,9鄰,青峰路,一段,,,,,39號十樓,121.218347393727,25.0146237124217
桃園市中壢區青航里9鄰青峰路一段39號三樓,68,6800200,6800200-000,9鄰,青峰路,一段,,,,,39號三樓,121.218347393727,25.0146237124217
桃園市中壢區青航里9鄰青峰路一段39號四樓,68,6800200,6800200-000,9鄰,青峰路,一段,,,,,39號四樓,121.218347393727,25.0146237124217
桃園市中壢區青航里9鄰青峰路一段39號五樓,68,6800200,6800200-000,9鄰,青峰路,一段,,,,,39號五樓,121.218347393727,25.0146237124217
桃園市中壢區青航里9鄰青峰路一段39號六樓,68,6800200,6800200-000,9鄰,青峰路,一段,,,,,39號六樓,121.218347393727,25.0146237124217
桃園市中壢區青航里9鄰青峰路一段39號七樓,68,6800200,6800200-000,9鄰,青峰路,一段,,,,,39號七樓,121.218347393727,25.0146237124217
桃園市中壢區青航里9鄰青峰路一段39號八樓,68,6800200,6800200-000,9鄰,青峰路,一段,,,,,39號八樓,121.218347393727,25.0146237124217
桃園市中壢區青航里9鄰青峰路一段39號九樓,68,6800200,6800200-000,9鄰,青峰路,一段,,,,,39號九樓,121.218347393727,25.0146237124217
桃園市中壢區青航里9鄰青峰路一段39號十一樓,68,6800200,6800200-000,9鄰,青峰路,一段,,,,,39號十一樓,121.218347393727,25.0146237124217
桃園市中壢區青航里9鄰青峰路一段39號十二樓,68,6800200,6800200-000,9鄰,青峰路,一段,,,,,39號十二樓,121.218347393727,25.0146237124217
桃園市中壢區青航里9鄰青峰路一段39號十三樓,68,6800200,6800200-000,9鄰,青峰路,一段,,,,,39號十三樓,121.218347393727,25.0146237124217
桃園市中壢區青航里9鄰青峰路一段39號十四樓,68,6800200,6800200-000,9鄰,青峰路,一段,,,,,39號十四樓,121.218347393727,25.0146237124217
桃園市中壢區青航里9鄰青峰路一段41號,68,6800200,6800200-000,9鄰,青峰路,一段,,,,,41號,121.218424538582,25.0147139726326
桃園市中壢區青航里9鄰青峰路一段41號十樓,68,6800200,6800200-000,9鄰,青峰路,一段,,,,,41號十樓,121.218424538582,25.0147139726326
桃園市中壢區青航里9鄰青峰路一段41號三樓,68,6800200,6800200-000,9鄰,青峰路,一段,,,,,41號三樓,121.218424538582,25.0147139726326
桃園市中壢區青航里9鄰青峰路一段41號四樓,68,6800200,6800200-000,9鄰,青峰路,一段,,,,,41號四樓,121.218424538582,25.0147139726326
桃園市中壢區青航里9鄰青峰路一段41號五樓,68,6800200,6800200-000,9鄰,青峰路,一段,,,,,41號五樓,121.218424538582,25.0147139726326
桃園市中壢區青航里9鄰青峰路一段41號六樓,68,6800200,6800200-000,9鄰,青峰路,一段,,,,,41號六樓,121.218424538582,25.0147139726326
桃園市中壢區青航里9鄰青峰路一段41號七樓,68,6800200,6800200-000,9鄰,青峰路,一段,,,,,41號七樓,121.218424538582,25.0147139726326
桃園市中壢區青航里9鄰青峰路一段41號八樓,68,6800200,6800200-000,9鄰,青峰路,一段,,,,,41號八樓,121.218424538582,25.0147139726326
桃園市中壢區青航里9鄰青峰路一段41號九樓,68,6800200,6800200-000,9鄰,青峰路,一段,,,,,41號九樓,121.218424538582,25.0147139726326
桃園市中壢區青航里9鄰青峰路一段41號十一樓,68,6800200,6800200-000,9鄰,青峰路,一段,,,,,41號十一樓,121.218424538582,25.0147139726326
桃園市中壢區青航里9鄰青峰路一段41號十二樓,68,6800200,6800200-000,9鄰,青峰路,一段,,,,,41號十二樓,121.218424538582,25.0147139726326
桃園市中壢區青航里9鄰青峰路一段41號十三樓,68,6800200,6800200-000,9鄰,青峰路,一段,,,,,41號十三樓,121.218424538582,25.0147139726326
桃園市中壢區青航里9鄰青峰路一段41號十四樓,68,6800200,6800200-000,9鄰,青峰路,一段,,,,,41號十四樓,121.218424538582,25.0147139726326
桃園市中壢區青航里9鄰青峰路一段43號,68,6800200,6800200-000,9鄰,青峰路,一段,,,,,43號,121.218501746841,25.0147840092668
桃園市中壢區青航里9鄰青峰路一段43號十樓,68,6800200,6800200-000,9鄰,青峰路,一段,,,,,43號十樓,121.218501746841,25.0147840092668
桃園市中壢區青航里9鄰青峰路一段43號三樓,68,6800200,6800200-000,9鄰,青峰路,一段,,,,,43號三樓,121.218501746841,25.0147840092668
桃園市中壢區青航里9鄰青峰路一段43號四樓,68,6800200,6800200-000,9鄰,青峰路,一段,,,,,43號四樓,121.218501746841,25.0147840092668
桃園市中壢區青航里9鄰青峰路一段43號五樓,68,6800200,6800200-000,9鄰,青峰路,一段,,,,,43號五樓,121.218501746841,25.0147840092668
桃園市中壢區青航里9鄰青峰路一段43號六樓,68,6800200,6800200-000,9鄰,青峰路,一段,,,,,43號六樓,121.218501746841,25.0147840092668
桃園市中壢區青航里9鄰青峰路一段43號七樓,68,6800200,6800200-000,9鄰,青峰路,一段,,,,,43號七樓,121.218501746841,25.0147840092668
桃園市中壢區青航里9鄰青峰路一段43號八樓,68,6800200,6800200-000,9鄰,青峰路,一段,,,,,43號八樓,121.218501746841,25.0147840092668
桃園市中壢區青航里9鄰青峰路一段43號九樓,68,6800200,6800200-000,9鄰,青峰路,一段,,,,,43號九樓,121.218501746841,25.0147840092668
桃園市中壢區青航里9鄰青峰路一段43號十一樓,68,6800200,6800200-000,9鄰,青峰路,一段,,,,,43號十一樓,121.218501746841,25.0147840092668
桃園市中壢區青航里9鄰青峰路一段43號十二樓,68,6800200,6800200-000,9鄰,青峰路,一段,,,,,43號十二樓,121.218501746841,25.0147840092668
桃園市中壢區青航里9鄰青峰路一段43號十三樓,68,6800200,6800200-000,9鄰,青峰路,一段,,,,,43號十三樓,121.218501746841,25.0147840092668
桃園市中壢區青航里9鄰青峰路一段43號十四樓,68,6800200,6800200-000,9鄰,青峰路,一段,,,,,43號十四樓,121.218501746841,25.0147840092668
桃園市中壢區青航里9鄰青峰路一段45號,68,6800200,6800200-000,9鄰,青峰路,一段,,,,,45號,121.218566881658,25.0148620988132
桃園市中壢區青航里9鄰青峰路一段45號十樓,68,6800200,6800200-000,9鄰,青峰路,一段,,,,,45號十樓,121.218566881658,25.0148620988132
桃園市中壢區青航里9鄰青峰路一段45號三樓,68,6800200,6800200-000,9鄰,青峰路,一段,,,,,45號三樓,121.218566881658,25.0148620988132
桃園市中壢區青航里9鄰青峰路一段45號四樓,68,6800200,6800200-000,9鄰,青峰路,一段,,,,,45號四樓,121.218566881658,25.0148620988132
桃園市中壢區青航里9鄰青峰路一段45號五樓,68,6800200,6800200-000,9鄰,青峰路,一段,,,,,45號五樓,121.218566881658,25.0148620988132
桃園市中壢區青航里9鄰青峰路一段45號六樓,68,6800200,6800200-000,9鄰,青峰路,一段,,,,,45號六樓,121.218566881658,25.0148620988132
桃園市中壢區青航里9鄰青峰路一段45號七樓,68,6800200,6800200-000,9鄰,青峰路,一段,,,,,45號七樓,121.218566881658,25.0148620988132
桃園市中壢區青航里9鄰青峰路一段45號八樓,68,6800200,6800200-000,9鄰,青峰路,一段,,,,,45號八樓,121.218566881658,25.0148620988132
桃園市中壢區青航里9鄰青峰路一段45號九樓,68,6800200,6800200-000,9鄰,青峰路,一段,,,,,45號九樓,121.218566881658,25.0148620988132
桃園市中壢區青航里9鄰青峰路一段45號十一樓,68,6800200,6800200-000,9鄰,青峰路,一段,,,,,45號十一樓,121.218566881658,25.0148620988132
桃園市中壢區青航里9鄰青峰路一段45號十二樓,68,6800200,6800200-000,9鄰,青峰路,一段,,,,,45號十二樓,121.218566881658,25.0148620988132
桃園市中壢區青航里9鄰青峰路一段45號十三樓,68,6800200,6800200-000,9鄰,青峰路,一段,,,,,45號十三樓,121.218566881658,25.0148620988132
桃園市中壢區青航里9鄰青峰路一段45號十四樓,68,6800200,6800200-000,9鄰,青峰路,一段,,,,,45號十四樓,121.218566881658,25.0148620988132
桃園市中壢區青航里9鄰青峰路一段47號十樓,68,6800200,6800200-000,9鄰,青峰路,一段,,,,,47號十樓,121.218638065074,25.0149427976498
桃園市中壢區青航里9鄰青峰路一段47號三樓,68,6800200,6800200-000,9鄰,青峰路,一段,,,,,47號三樓,121.218638065074,25.0149427976498
桃園市中壢區青航里9鄰青峰路一段47號四樓,68,6800200,6800200-000,9鄰,青峰路,一段,,,,,47號四樓,121.218638065074,25.0149427976498
桃園市中壢區青航里9鄰青峰路一段47號五樓,68,6800200,6800200-000,9鄰,青峰路,一段,,,,,47號五樓,121.218638065074,25.0149427976498
桃園市中壢區青航里9鄰青峰路一段47號六樓,68,6800200,6800200-000,9鄰,青峰路,一段,,,,,47號六樓,121.218638065074,25.0149427976498
桃園市中壢區青航里9鄰青峰路一段47號七樓,68,6800200,6800200-000,9鄰,青峰路,一段,,,,,47號七樓,121.218638065074,25.0149427976498
桃園市中壢區青航里9鄰青峰路一段47號八樓,68,6800200,6800200-000,9鄰,青峰路,一段,,,,,47號八樓,121.218638065074,25.0149427976498
桃園市中壢區青航里9鄰青峰路一段47號九樓,68,6800200,6800200-000,9鄰,青峰路,一段,,,,,47號九樓,121.218638065074,25.0149427976498
桃園市中壢區青航里9鄰青峰路一段47號十一樓,68,6800200,6800200-000,9鄰,青峰路,一段,,,,,47號十一樓,121.218638065074,25.0149427976498
桃園市中壢區青航里9鄰青峰路一段47號十二樓,68,6800200,6800200-000,9鄰,青峰路,一段,,,,,47號十二樓,121.218638065074,25.0149427976498
桃園市中壢區青航里9鄰青峰路一段47號十三樓,68,6800200,6800200-000,9鄰,青峰路,一段,,,,,47號十三樓,121.218638065074,25.0149427976498
桃園市中壢區青航里9鄰青峰路一段47號十四樓,68,6800200,6800200-000,9鄰,青峰路,一段,,,,,47號十四樓,121.218638065074,25.0149427976498
桃園市中壢區青航里9鄰青峰路一段49號,68,6800200,6800200-000,9鄰,青峰路,一段,,,,,49號,121.218721039274,25.0150235693917
桃園市中壢區青航里9鄰青峰路一段49號十樓,68,6800200,6800200-000,9鄰,青峰路,一段,,,,,49號十樓,121.218721039274,25.0150235693917
桃園市中壢區青航里9鄰青峰路一段49號三樓,68,6800200,6800200-000,9鄰,青峰路,一段,,,,,49號三樓,121.218721039274,25.0150235693917
桃園市中壢區青航里9鄰青峰路一段49號四樓,68,6800200,6800200-000,9鄰,青峰路,一段,,,,,49號四樓,121.218721039274,25.0150235693917
桃園市中壢區青航里9鄰青峰路一段49號五樓,68,6800200,6800200-000,9鄰,青峰路,一段,,,,,49號五樓,121.218721039274,25.0150235693917
桃園市中壢區青航里9鄰青峰路一段49號六樓,68,6800200,6800200-000,9鄰,青峰路,一段,,,,,49號六樓,121.218721039274,25.0150235693917
桃園市中壢區青航里9鄰青峰路一段49號七樓,68,6800200,6800200-000,9鄰,青峰路,一段,,,,,49號七樓,121.218721039274,25.0150235693917
桃園市中壢區青航里9鄰青峰路一段49號八樓,68,6800200,6800200-000,9鄰,青峰路,一段,,,,,49號八樓,121.218721039274,25.0150235693917
桃園市中壢區青航里9鄰青峰路一段49號九樓,68,6800200,6800200-000,9鄰,青峰路,一段,,,,,49號九樓,121.218721039274,25.0150235693917
桃園市中壢區青航里9鄰青峰路一段49號十一樓,68,6800200,6800200-000,9鄰,青峰路,一段,,,,,49號十一樓,121.218721039274,25.0150235693917
桃園市中壢區青航里9鄰青峰路一段49號十二樓,68,6800200,6800200-000,9鄰,青峰路,一段,,,,,49號十二樓,121.218721039274,25.0150235693917
桃園市中壢區青航里9鄰青峰路一段49號十三樓,68,6800200,6800200-000,9鄰,青峰路,一段,,,,,49號十三樓,121.218721039274,25.0150235693917
桃園市中壢區青航里9鄰青峰路一段49號十四樓,68,6800200,6800200-000,9鄰,青峰路,一段,,,,,49號十四樓,121.218721039274,25.0150235693917
桃園市中壢區青航里9鄰青峰路一段51號,68,6800200,6800200-000,9鄰,青峰路,一段,,,,,51號,121.218641191163,25.0150855308236
桃園市中壢區青航里9鄰青峰路一段51號十樓,68,6800200,6800200-000,9鄰,青峰路,一段,,,,,51號十樓,121.218641191163,25.0150855308236
桃園市中壢區青航里9鄰青峰路一段51號三樓,68,6800200,6800200-000,9鄰,青峰路,一段,,,,,51號三樓,121.218641191163,25.0150855308236
桃園市中壢區青航里9鄰青峰路一段51號四樓,68,6800200,6800200-000,9鄰,青峰路,一段,,,,,51號四樓,121.218641191163,25.0150855308236
桃園市中壢區青航里9鄰青峰路一段51號五樓,68,6800200,6800200-000,9鄰,青峰路,一段,,,,,51號五樓,121.218641191163,25.0150855308236
桃園市中壢區青航里9鄰青峰路一段51號六樓,68,6800200,6800200-000,9鄰,青峰路,一段,,,,,51號六樓,121.218641191163,25.0150855308236
桃園市中壢區青航里9鄰青峰路一段51號七樓,68,6800200,6800200-000,9鄰,青峰路,一段,,,,,51號七樓,121.218641191163,25.0150855308236
桃園市中壢區青航里9鄰青峰路一段51號八樓,68,6800200,6800200-000,9鄰,青峰路,一段,,,,,51號八樓,121.218641191163,25.0150855308236
桃園市中壢區青航里9鄰青峰路一段51號九樓,68,6800200,6800200-000,9鄰,青峰路,一段,,,,,51號九樓,121.218641191163,25.0150855308236
桃園市中壢區青航里9鄰青峰路一段51號十一樓,68,6800200,6800200-000,9鄰,青峰路,一段,,,,,51號十一樓,121.218641191163,25.0150855308236
桃園市中壢區青航里9鄰青峰路一段51號十二樓,68,6800200,6800200-000,9鄰,青峰路,一段,,,,,51號十二樓,121.218641191163,25.0150855308236
桃園市中壢區青航里9鄰青峰路一段51號十三樓,68,6800200,6800200-000,9鄰,青峰路,一段,,,,,51號十三樓,121.218641191163,25.0150855308236
桃園市中壢區青航里9鄰青峰路一段51號十四樓,68,6800200,6800200-000,9鄰,青峰路,一段,,,,,51號十四樓,121.218641191163,25.0150855308236
桃園市中壢區青航里9鄰青峰路一段53號,68,6800200,6800200-000,9鄰,青峰路,一段,,,,,53號,121.218567044688,25.0150101630558
桃園市中壢區青航里9鄰青峰路一段53號十樓,68,6800200,6800200-000,9鄰,青峰路,一段,,,,,53號十樓,121.218567044688,25.0150101630558
桃園市中壢區青航里9鄰青峰路一段53號三樓,68,6800200,6800200-000,9鄰,青峰路,一段,,,,,53號三樓,121.218567044688,25.0150101630558
桃園市中壢區青航里9鄰青峰路一段53號四樓,68,6800200,6800200-000,9鄰,青峰路,一段,,,,,53號四樓,121.218567044688,25.0150101630558
桃園市中壢區青航里9鄰青峰路一段53號五樓,68,6800200,6800200-000,9鄰,青峰路,一段,,,,,53號五樓,121.218567044688,25.0150101630558
桃園市中壢區青航里9鄰青峰路一段53號六樓,68,6800200,6800200-000,9鄰,青峰路,一段,,,,,53號六樓,121.218567044688,25.0150101630558
桃園市中壢區青航里9鄰青峰路一段53號七樓,68,6800200,6800200-000,9鄰,青峰路,一段,,,,,53號七樓,121.218567044688,25.0150101630558
桃園市中壢區青航里9鄰青峰路一段53號八樓,68,6800200,6800200-000,9鄰,青峰路,一段,,,,,53號八樓,121.218567044688,25.0150101630558
桃園市中壢區青航里9鄰青峰路一段53號九樓,68,6800200,6800200-000,9鄰,青峰路,一段,,,,,53號九樓,121.218567044688,25.0150101630558
桃園市中壢區青航里9鄰青峰路一段53號十一樓,68,6800200,6800200-000,9鄰,青峰路,一段,,,,,53號十一樓,121.218567044688,25.0150101630558
桃園市中壢區青航里9鄰青峰路一段53號十二樓,68,6800200,6800200-000,9鄰,青峰路,一段,,,,,53號十二樓,121.218567044688,25.0150101630558
桃園市中壢區青航里9鄰青峰路一段53號十三樓,68,6800200,6800200-000,9鄰,青峰路,一段,,,,,53號十三樓,121.218567044688,25.0150101630558
桃園市中壢區青航里9鄰青峰路一段53號十四樓,68,6800200,6800200-000,9鄰,青峰路,一段,,,,,53號十四樓,121.218567044688,25.0150101630558
桃園市中壢區青航里9鄰青峰路一段55號,68,6800200,6800200-000,9鄰,青峰路,一段,,,,,55號,121.218501928966,25.0149429074699
桃園市中壢區青航里9鄰青峰路一段55號十樓,68,6800200,6800200-000,9鄰,青峰路,一段,,,,,55號十樓,121.218501928966,25.0149429074699
桃園市中壢區青航里9鄰青峰路一段55號三樓,68,6800200,6800200-000,9鄰,青峰路,一段,,,,,55號三樓,121.218501928966,25.0149429074699
桃園市中壢區青航里9鄰青峰路一段55號四樓,68,6800200,6800200-000,9鄰,青峰路,一段,,,,,55號四樓,121.218501928966,25.0149429074699
桃園市中壢區青航里9鄰青峰路一段55號五樓,68,6800200,6800200-000,9鄰,青峰路,一段,,,,,55號五樓,121.218501928966,25.0149429074699
桃園市中壢區青航里9鄰青峰路一段55號六樓,68,6800200,6800200-000,9鄰,青峰路,一段,,,,,55號六樓,121.218501928966,25.0149429074699
桃園市中壢區青航里9鄰青峰路一段55號七樓,68,6800200,6800200-000,9鄰,青峰路,一段,,,,,55號七樓,121.218501928966,25.0149429074699
桃園市中壢區青航里9鄰青峰路一段55號八樓,68,6800200,6800200-000,9鄰,青峰路,一段,,,,,55號八樓,121.218501928966,25.0149429074699
桃園市中壢區青航里9鄰青峰路一段55號九樓,68,6800200,6800200-000,9鄰,青峰路,一段,,,,,55號九樓,121.218501928966,25.0149429074699
桃園市中壢區青航里9鄰青峰路一段55號十一樓,68,6800200,6800200-000,9鄰,青峰路,一段,,,,,55號十一樓,121.218501928966,25.0149429074699
桃園市中壢區青航里9鄰青峰路一段55號十二樓,68,6800200,6800200-000,9鄰,青峰路,一段,,,,,55號十二樓,121.218501928966,25.0149429074699
桃園市中壢區青航里9鄰青峰路一段55號十三樓,68,6800200,6800200-000,9鄰,青峰路,一段,,,,,55號十三樓,121.218501928966,25.0149429074699
桃園市中壢區青航里9鄰青峰路一段55號十四樓,68,6800200,6800200-000,9鄰,青峰路,一段,,,,,55號十四樓,121.218501928966,25.0149429074699
桃園市中壢區青航里9鄰青峰路一段57號,68,6800200,6800200-000,9鄰,青峰路,一段,,,,,57號,121.218448476158,25.0148594740248
桃園市中壢區青航里9鄰青峰路一段57號十樓,68,6800200,6800200-000,9鄰,青峰路,一段,,,,,57號十樓,121.218448476158,25.0148594740248
桃園市中壢區青航里9鄰青峰路一段57號三樓,68,6800200,6800200-000,9鄰,青峰路,一段,,,,,57號三樓,121.218448476158,25.0148594740248
桃園市中壢區青航里9鄰青峰路一段57號四樓,68,6800200,6800200-000,9鄰,青峰路,一段,,,,,57號四樓,121.218448476158,25.0148594740248
桃園市中壢區青航里9鄰青峰路一段57號五樓,68,6800200,6800200-000,9鄰,青峰路,一段,,,,,57號五樓,121.218448476158,25.0148594740248
桃園市中壢區青航里9鄰青峰路一段57號六樓,68,6800200,6800200-000,9鄰,青峰路,一段,,,,,57號六樓,121.218448476158,25.0148594740248
桃園市中壢區青航里9鄰青峰路一段57號七樓,68,6800200,6800200-000,9鄰,青峰路,一段,,,,,57號七樓,121.218448476158,25.0148594740248
桃園市中壢區青航里9鄰青峰路一段57號八樓,68,6800200,6800200-000,9鄰,青峰路,一段,,,,,57號八樓,121.218448476158,25.0148594740248
桃園市中壢區青航里9鄰青峰路一段57號九樓,68,6800200,6800200-000,9鄰,青峰路,一段,,,,,57號九樓,121.218448476158,25.0148594740248
桃園市中壢區青航里9鄰青峰路一段57號十一樓,68,6800200,6800200-000,9鄰,青峰路,一段,,,,,57號十一樓,121.218448476158,25.0148594740248
桃園市中壢區青航里9鄰青峰路一段57號十二樓,68,6800200,6800200-000,9鄰,青峰路,一段,,,,,57號十二樓,121.218448476158,25.0148594740248
桃園市中壢區青航里9鄰青峰路一段57號十三樓,68,6800200,6800200-000,9鄰,青峰路,一段,,,,,57號十三樓,121.218448476158,25.0148594740248
桃園市中壢區青航里9鄰青峰路一段57號十四樓,68,6800200,6800200-000,9鄰,青峰路,一段,,,,,57號十四樓,121.218448476158,25.0148594740248
桃園市中壢區青航里9鄰青峰路一段59號,68,6800200,6800200-000,9鄰,青峰路,一段,,,,,59號,121.218374433808,25.014786814501
桃園市中壢區青航里9鄰青峰路一段59號十樓,68,6800200,6800200-000,9鄰,青峰路,一段,,,,,59號十樓,121.218374433808,25.014786814501
桃園市中壢區青航里9鄰青峰路一段59號三樓,68,6800200,6800200-000,9鄰,青峰路,一段,,,,,59號三樓,121.218374433808,25.014786814501
桃園市中壢區青航里9鄰青峰路一段59號四樓,68,6800200,6800200-000,9鄰,青峰路,一段,,,,,59號四樓,121.218374433808,25.014786814501
桃園市中壢區青航里9鄰青峰路一段59號五樓,68,6800200,6800200-000,9鄰,青峰路,一段,,,,,59號五樓,121.218374433808,25.014786814501
桃園市中壢區青航里9鄰青峰路一段59號六樓,68,6800200,6800200-000,9鄰,青峰路,一段,,,,,59號六樓,121.218374433808,25.014786814501
桃園市中壢區青航里9鄰青峰路一段59號七樓,68,6800200,6800200-000,9鄰,青峰路,一段,,,,,59號七樓,121.218374433808,25.014786814501
桃園市中壢區青航里9鄰青峰路一段59號八樓,68,6800200,6800200-000,9鄰,青峰路,一段,,,,,59號八樓,121.218374433808,25.014786814501
桃園市中壢區青航里9鄰青峰路一段59號九樓,68,6800200,6800200-000,9鄰,青峰路,一段,,,,,59號九樓,121.218374433808,25.014786814501
桃園市中壢區青航里9鄰青峰路一段59號十一樓,68,6800200,6800200-000,9鄰,青峰路,一段,,,,,59號十一樓,121.218374433808,25.014786814501
桃園市中壢區青航里9鄰青峰路一段59號十二樓,68,6800200,6800200-000,9鄰,青峰路,一段,,,,,59號十二樓,121.218374433808,25.014786814501
桃園市中壢區青航里9鄰青峰路一段59號十三樓,68,6800200,6800200-000,9鄰,青峰路,一段,,,,,59號十三樓,121.218374433808,25.014786814501
桃園市中壢區青航里9鄰青峰路一段59號十四樓,68,6800200,6800200-000,9鄰,青峰路,一段,,,,,59號十四樓,121.218374433808,25.014786814501
桃園市中壢區青航里9鄰青峰路一段61號,68,6800200,6800200-000,9鄰,青峰路,一段,,,,,61號,121.218303349733,25.0147061153892
桃園市中壢區青航里9鄰青峰路一段61號十樓,68,6800200,6800200-000,9鄰,青峰路,一段,,,,,61號十樓,121.218303349733,25.0147061153892
桃園市中壢區青航里9鄰青峰路一段61號三樓,68,6800200,6800200-000,9鄰,青峰路,一段,,,,,61號三樓,121.218303349733,25.0147061153892
桃園市中壢區青航里9鄰青峰路一段61號四樓,68,6800200,6800200-000,9鄰,青峰路,一段,,,,,61號四樓,121.218303349733,25.0147061153892
桃園市中壢區青航里9鄰青峰路一段61號五樓,68,6800200,6800200-000,9鄰,青峰路,一段,,,,,61號五樓,121.218303349733,25.0147061153892
桃園市中壢區青航里9鄰青峰路一段61號七樓,68,6800200,6800200-000,9鄰,青峰路,一段,,,,,61號七樓,121.218303349733,25.0147061153892
桃園市中壢區青航里9鄰青峰路一段61號八樓,68,6800200,6800200-000,9鄰,青峰路,一段,,,,,61號八樓,121.218303349733,25.0147061153892
桃園市中壢區青航里9鄰青峰路一段61號九樓,68,6800200,6800200-000,9鄰,青峰路,一段,,,,,61號九樓,121.218303349733,25.0147061153892
桃園市中壢區青航里9鄰青峰路一段61號十一樓,68,6800200,6800200-000,9鄰,青峰路,一段,,,,,61號十一樓,121.218303349733,25.0147061153892
桃園市中壢區青航里9鄰青峰路一段61號十二樓,68,6800200,6800200-000,9鄰,青峰路,一段,,,,,61號十二樓,121.218303349733,25.0147061153892
桃園市中壢區青航里9鄰青峰路一段61號十三樓,68,6800200,6800200-000,9鄰,青峰路,一段,,,,,61號十三樓,121.218303349733,25.0147061153892
桃園市中壢區青航里9鄰青峰路一段61號十四樓,68,6800200,6800200-000,9鄰,青峰路,一段,,,,,61號十四樓,121.218303349733,25.0147061153892
桃園市中壢區青航里9鄰青峰路一段63號,68,6800200,6800200-000,9鄰,青峰路,一段,,,,,63號,121.21822930756,25.0146334557905
桃園市中壢區青航里9鄰青峰路一段63號十樓,68,6800200,6800200-000,9鄰,青峰路,一段,,,,,63號十樓,121.21822930756,25.0146334557905
桃園市中壢區青航里9鄰青峰路一段63號三樓,68,6800200,6800200-000,9鄰,青峰路,一段,,,,,63號三樓,121.21822930756,25.0146334557905
桃園市中壢區青航里9鄰青峰路一段63號四樓,68,6800200,6800200-000,9鄰,青峰路,一段,,,,,63號四樓,121.21822930756,25.0146334557905
桃園市中壢區青航里9鄰青峰路一段63號五樓,68,6800200,6800200-000,9鄰,青峰路,一段,,,,,63號五樓,121.21822930756,25.0146334557905
桃園市中壢區青航里9鄰青峰路一段63號七樓,68,6800200,6800200-000,9鄰,青峰路,一段,,,,,63號七樓,121.21822930756,25.0146334557905
桃園市中壢區青航里9鄰青峰路一段63號八樓,68,6800200,6800200-000,9鄰,青峰路,一段,,,,,63號八樓,121.21822930756,25.0146334557905
桃園市中壢區青航里9鄰青峰路一段63號九樓,68,6800200,6800200-000,9鄰,青峰路,一段,,,,,63號九樓,121.21822930756,25.0146334557905
桃園市中壢區青航里9鄰青峰路一段63號十一樓,68,6800200,6800200-000,9鄰,青峰路,一段,,,,,63號十一樓,121.21822930756,25.0146334557905
桃園市中壢區青航里9鄰青峰路一段63號十二樓,68,6800200,6800200-000,9鄰,青峰路,一段,,,,,63號十二樓,121.21822930756,25.0146334557905
桃園市中壢區青航里9鄰青峰路一段63號十三樓,68,6800200,6800200-000,9鄰,青峰路,一段,,,,,63號十三樓,121.21822930756,25.0146334557905
桃園市中壢區青航里9鄰青峰路一段63號十四樓,68,6800200,6800200-000,9鄰,青峰路,一段,,,,,63號十四樓,121.21822930756,25.0146334557905
桃園市中壢區青航里9鄰青峰路一段65號十樓,68,6800200,6800200-000,9鄰,青峰路,一段,,,,,65號十樓,121.218202509112,25.0146069518482
桃園市中壢區青航里9鄰青峰路一段65號四樓,68,6800200,6800200-000,9鄰,青峰路,一段,,,,,65號四樓,121.218202509112,25.0146069518482
桃園市中壢區青航里9鄰青峰路一段65號五樓,68,6800200,6800200-000,9鄰,青峰路,一段,,,,,65號五樓,121.218202509112,25.0146069518482
桃園市中壢區青航里9鄰青峰路一段65號六樓,68,6800200,6800200-000,9鄰,青峰路,一段,,,,,65號六樓,121.218202509112,25.0146069518482
桃園市中壢區青航里9鄰青峰路一段65號七樓,68,6800200,6800200-000,9鄰,青峰路,一段,,,,,65號七樓,121.218202509112,25.0146069518482
桃園市中壢區青航里9鄰青峰路一段65號八樓,68,6800200,6800200-000,9鄰,青峰路,一段,,,,,65號八樓,121.218202509112,25.0146069518482
桃園市中壢區青航里9鄰青峰路一段65號九樓,68,6800200,6800200-000,9鄰,青峰路,一段,,,,,65號九樓,121.218202509112,25.0146069518482
桃園市中壢區青航里9鄰青峰路一段65號十一樓,68,6800200,6800200-000,9鄰,青峰路,一段,,,,,65號十一樓,121.218202509112,25.0146069518482
桃園市中壢區青航里9鄰青峰路一段65號十二樓,68,6800200,6800200-000,9鄰,青峰路,一段,,,,,65號十二樓,121.218202509112,25.0146069518482
桃園市中壢區青航里9鄰青峰路一段65號十三樓,68,6800200,6800200-000,9鄰,青峰路,一段,,,,,65號十三樓,121.218202509112,25.0146069518482
桃園市中壢區青航里9鄰青峰路一段65號十四樓,68,6800200,6800200-000,9鄰,青峰路,一段,,,,,65號十四樓,121.218202509112,25.0146069518482
桃園市中壢區青航里10鄰青峰路一段67號,68,6800200,6800200-000,10鄰,青峰路,一段,,,,,67號,121.218949316449,25.0150772228088
桃園市中壢區青航里10鄰青峰路一段69號,68,6800200,6800200-000,10鄰,青峰路,一段,,,,,69號,121.219025433268,25.0151460870901
桃園市中壢區青航里10鄰青峰路一段71號十樓,68,6800200,6800200-000,10鄰,青峰路,一段,,,,,71號十樓,121.218626807471,25.0153556793579
桃園市中壢區青航里10鄰青峰路一段71號三樓,68,6800200,6800200-000,10鄰,青峰路,一段,,,,,71號三樓,121.218626807471,25.0153556793579
桃園市中壢區青航里10鄰青峰路一段71號四樓,68,6800200,6800200-000,10鄰,青峰路,一段,,,,,71號四樓,121.218626807471,25.0153556793579
桃園市中壢區青航里10鄰青峰路一段71號五樓,68,6800200,6800200-000,10鄰,青峰路,一段,,,,,71號五樓,121.218626807471,25.0153556793579
桃園市中壢區青航里10鄰青峰路一段71號六樓,68,6800200,6800200-000,10鄰,青峰路,一段,,,,,71號六樓,121.218626807471,25.0153556793579
桃園市中壢區青航里10鄰青峰路一段71號七樓,68,6800200,6800200-000,10鄰,青峰路,一段,,,,,71號七樓,121.218626807471,25.0153556793579
桃園市中壢區青航里10鄰青峰路一段71號八樓,68,6800200,6800200-000,10鄰,青峰路,一段,,,,,71號八樓,121.218626807471,25.0153556793579
桃園市中壢區青航里10鄰青峰路一段71號九樓,68,6800200,6800200-000,10鄰,青峰路,一段,,,,,71號九樓,121.218626807471,25.0153556793579
桃園市中壢區青航里10鄰青峰路一段71號十一樓,68,6800200,6800200-000,10鄰,青峰路,一段,,,,,71號十一樓,121.218626807471,25.0153556793579
桃園市中壢區青航里10鄰青峰路一段71號十二樓,68,6800200,6800200-000,10鄰,青峰路,一段,,,,,71號十二樓,121.218626807471,25.0153556793579
桃園市中壢區青航里10鄰青峰路一段71號十三樓,68,6800200,6800200-000,10鄰,青峰路,一段,,,,,71號十三樓,121.218626807471,25.0153556793579
桃園市中壢區青航里10鄰青峰路一段71號十四樓,68,6800200,6800200-000,10鄰,青峰路,一段,,,,,71號十四樓,121.218626807471,25.0153556793579
桃園市中壢區青航里10鄰青峰路一段71號十五樓,68,6800200,6800200-000,10鄰,青峰路,一段,,,,,71號十五樓,121.218626807471,25.0153556793579
桃園市中壢區青航里10鄰青峰路一段71號十六樓,68,6800200,6800200-000,10鄰,青峰路,一段,,,,,71號十六樓,121.218626807471,25.0153556793579
桃園市中壢區青航里10鄰青峰路一段71號十七樓,68,6800200,6800200-000,10鄰,青峰路,一段,,,,,71號十七樓,121.218626807471,25.0153556793579
桃園市中壢區青航里10鄰青峰路一段73號十樓,68,6800200,6800200-000,10鄰,青峰路,一段,,,,,73號十樓,121.218702915009,25.015419307389
桃園市中壢區青航里10鄰青峰路一段73號三樓,68,6800200,6800200-000,10鄰,青峰路,一段,,,,,73號三樓,121.218702915009,25.015419307389
桃園市中壢區青航里10鄰青峰路一段73號四樓,68,6800200,6800200-000,10鄰,青峰路,一段,,,,,73號四樓,121.218702915009,25.015419307389
桃園市中壢區青航里10鄰青峰路一段73號五樓,68,6800200,6800200-000,10鄰,青峰路,一段,,,,,73號五樓,121.218702915009,25.015419307389
桃園市中壢區青航里10鄰青峰路一段73號六樓,68,6800200,6800200-000,10鄰,青峰路,一段,,,,,73號六樓,121.218702915009,25.015419307389
桃園市中壢區青航里10鄰青峰路一段73號七樓,68,6800200,6800200-000,10鄰,青峰路,一段,,,,,73號七樓,121.218702915009,25.015419307389
桃園市中壢區青航里10鄰青峰路一段73號八樓,68,6800200,6800200-000,10鄰,青峰路,一段,,,,,73號八樓,121.218702915009,25.015419307389
桃園市中壢區青航里10鄰青峰路一段73號九樓,68,6800200,6800200-000,10鄰,青峰路,一段,,,,,73號九樓,121.218702915009,25.015419307389
桃園市中壢區青航里10鄰青峰路一段73號十一樓,68,6800200,6800200-000,10鄰,青峰路,一段,,,,,73號十一樓,121.218702915009,25.015419307389
桃園市中壢區青航里10鄰青峰路一段73號十二樓,68,6800200,6800200-000,10鄰,青峰路,一段,,,,,73號十二樓,121.218702915009,25.015419307389
桃園市中壢區青航里10鄰青峰路一段73號十三樓,68,6800200,6800200-000,10鄰,青峰路,一段,,,,,73號十三樓,121.218702915009,25.015419307389
桃園市中壢區青航里10鄰青峰路一段73號十四樓,68,6800200,6800200-000,10鄰,青峰路,一段,,,,,73號十四樓,121.218702915009,25.015419307389
桃園市中壢區青航里10鄰青峰路一段73號十五樓,68,6800200,6800200-000,10鄰,青峰路,一段,,,,,73號十五樓,121.218702915009,25.015419307389
桃園市中壢區青航里10鄰青峰路一段73號十六樓,68,6800200,6800200-000,10鄰,青峰路,一段,,,,,73號十六樓,121.218702915009,25.015419307389
桃園市中壢區青航里10鄰青峰路一段73號十七樓,68,6800200,6800200-000,10鄰,青峰路,一段,,,,,73號十七樓,121.218702915009,25.015419307389
桃園市中壢區青航里10鄰青峰路一段75號十樓,68,6800200,6800200-000,10鄰,青峰路,一段,,,,,75號十樓,121.218753632914,25.0154687982694
桃園市中壢區青航里10鄰青峰路一段75號三樓,68,6800200,6800200-000,10鄰,青峰路,一段,,,,,75號三樓,121.218753632914,25.0154687982694
桃園市中壢區青航里10鄰青峰路一段75號四樓,68,6800200,6800200-000,10鄰,青峰路,一段,,,,,75號四樓,121.218753632914,25.0154687982694
桃園市中壢區青航里10鄰青峰路一段75號五樓,68,6800200,6800200-000,10鄰,青峰路,一段,,,,,75號五樓,121.218753632914,25.0154687982694
桃園市中壢區青航里10鄰青峰路一段75號六樓,68,6800200,6800200-000,10鄰,青峰路,一段,,,,,75號六樓,121.218753632914,25.0154687982694
桃園市中壢區青航里10鄰青峰路一段75號七樓,68,6800200,6800200-000,10鄰,青峰路,一段,,,,,75號七樓,121.218753632914,25.0154687982694
桃園市中壢區青航里10鄰青峰路一段75號八樓,68,6800200,6800200-000,10鄰,青峰路,一段,,,,,75號八樓,121.218753632914,25.0154687982694
桃園市中壢區青航里10鄰青峰路一段75號九樓,68,6800200,6800200-000,10鄰,青峰路,一段,,,,,75號九樓,121.218753632914,25.0154687982694
桃園市中壢區青航里10鄰青峰路一段75號十一樓,68,6800200,6800200-000,10鄰,青峰路,一段,,,,,75號十一樓,121.218753632914,25.0154687982694
桃園市中壢區青航里10鄰青峰路一段75號十二樓,68,6800200,6800200-000,10鄰,青峰路,一段,,,,,75號十二樓,121.218753632914,25.0154687982694
桃園市中壢區青航里10鄰青峰路一段75號十三樓,68,6800200,6800200-000,10鄰,青峰路,一段,,,,,75號十三樓,121.218753632914,25.0154687982694
桃園市中壢區青航里10鄰青峰路一段75號十四樓,68,6800200,6800200-000,10鄰,青峰路,一段,,,,,75號十四樓,121.218753632914,25.0154687982694
桃園市中壢區青航里10鄰青峰路一段75號十五樓,68,6800200,6800200-000,10鄰,青峰路,一段,,,,,75號十五樓,121.218753632914,25.0154687982694
桃園市中壢區青航里10鄰青峰路一段75號十六樓,68,6800200,6800200-000,10鄰,青峰路,一段,,,,,75號十六樓,121.218753632914,25.0154687982694
桃園市中壢區青航里10鄰青峰路一段75號十七樓,68,6800200,6800200-000,10鄰,青峰路,一段,,,,,75號十七樓,121.218753632914,25.0154687982694
桃園市中壢區青航里10鄰青峰路一段77號十樓,68,6800200,6800200-000,10鄰,青峰路,一段,,,,,77號十樓,121.218792621766,25.0154970898354
桃園市中壢區青航里10鄰青峰路一段77號三樓,68,6800200,6800200-000,10鄰,青峰路,一段,,,,,77號三樓,121.218792621766,25.0154970898354
桃園市中壢區青航里10鄰青峰路一段77號四樓,68,6800200,6800200-000,10鄰,青峰路,一段,,,,,77號四樓,121.218792621766,25.0154970898354
桃園市中壢區青航里10鄰青峰路一段77號五樓,68,6800200,6800200-000,10鄰,青峰路,一段,,,,,77號五樓,121.218792621766,25.0154970898354
桃園市中壢區青航里10鄰青峰路一段77號六樓,68,6800200,6800200-000,10鄰,青峰路,一段,,,,,77號六樓,121.218792621766,25.0154970898354
桃園市中壢區青航里10鄰青峰路一段77號七樓,68,6800200,6800200-000,10鄰,青峰路,一段,,,,,77號七樓,121.218792621766,25.0154970898354
桃園市中壢區青航里10鄰青峰路一段77號八樓,68,6800200,6800200-000,10鄰,青峰路,一段,,,,,77號八樓,121.218792621766,25.0154970898354
桃園市中壢區青航里10鄰青峰路一段77號九樓,68,6800200,6800200-000,10鄰,青峰路,一段,,,,,77號九樓,121.218792621766,25.0154970898354
桃園市中壢區青航里10鄰青峰路一段77號十一樓,68,6800200,6800200-000,10鄰,青峰路,一段,,,,,77號十一樓,121.218792621766,25.0154970898354
桃園市中壢區青航里10鄰青峰路一段77號十二樓,68,6800200,6800200-000,10鄰,青峰路,一段,,,,,77號十二樓,121.218792621766,25.0154970898354
桃園市中壢區青航里10鄰青峰路一段77號十三樓,68,6800200,6800200-000,10鄰,青峰路,一段,,,,,77號十三樓,121.218792621766,25.0154970898354
桃園市中壢區青航里10鄰青峰路一段77號十四樓,68,6800200,6800200-000,10鄰,青峰路,一段,,,,,77號十四樓,121.218792621766,25.0154970898354
桃園市中壢區青航里10鄰青峰路一段77號十五樓,68,6800200,6800200-000,10鄰,青峰路,一段,,,,,77號十五樓,121.218792621766,25.0154970898354
桃園市中壢區青航里10鄰青峰路一段77號十六樓,68,6800200,6800200-000,10鄰,青峰路,一段,,,,,77號十六樓,121.218792621766,25.0154970898354
桃園市中壢區青航里10鄰青峰路一段77號十七樓,68,6800200,6800200-000,10鄰,青峰路,一段,,,,,77號十七樓,121.218792621766,25.0154970898354
桃園市中壢區青航里10鄰青峰路一段79號十樓,68,6800200,6800200-000,10鄰,青峰路,一段,,,,,79號十樓,121.218835490456,25.015534223436
桃園市中壢區青航里10鄰青峰路一段79號三樓,68,6800200,6800200-000,10鄰,青峰路,一段,,,,,79號三樓,121.218835490456,25.015534223436
桃園市中壢區青航里10鄰青峰路一段79號四樓,68,6800200,6800200-000,10鄰,青峰路,一段,,,,,79號四樓,121.218835490456,25.015534223436
桃園市中壢區青航里10鄰青峰路一段79號五樓,68,6800200,6800200-000,10鄰,青峰路,一段,,,,,79號五樓,121.218835490456,25.015534223436
桃園市中壢區青航里10鄰青峰路一段79號六樓,68,6800200,6800200-000,10鄰,青峰路,一段,,,,,79號六樓,121.218835490456,25.015534223436
桃園市中壢區青航里10鄰青峰路一段79號七樓,68,6800200,6800200-000,10鄰,青峰路,一段,,,,,79號七樓,121.218835490456,25.015534223436
桃園市中壢區青航里10鄰青峰路一段79號八樓,68,6800200,6800200-000,10鄰,青峰路,一段,,,,,79號八樓,121.218835490456,25.015534223436
桃園市中壢區青航里10鄰青峰路一段79號九樓,68,6800200,6800200-000,10鄰,青峰路,一段,,,,,79號九樓,121.218835490456,25.015534223436
桃園市中壢區青航里10鄰青峰路一段79號十一樓,68,6800200,6800200-000,10鄰,青峰路,一段,,,,,79號十一樓,121.218835490456,25.015534223436
桃園市中壢區青航里10鄰青峰路一段79號十二樓,68,6800200,6800200-000,10鄰,青峰路,一段,,,,,79號十二樓,121.218835490456,25.015534223436
桃園市中壢區青航里10鄰青峰路一段79號十三樓,68,6800200,6800200-000,10鄰,青峰路,一段,,,,,79號十三樓,121.218835490456,25.015534223436
桃園市中壢區青航里10鄰青峰路一段79號十四樓,68,6800200,6800200-000,10鄰,青峰路,一段,,,,,79號十四樓,121.218835490456,25.015534223436
桃園市中壢區青航里10鄰青峰路一段79號十五樓,68,6800200,6800200-000,10鄰,青峰路,一段,,,,,79號十五樓,121.218835490456,25.015534223436
桃園市中壢區青航里10鄰青峰路一段79號十六樓,68,6800200,6800200-000,10鄰,青峰路,一段,,,,,79號十六樓,121.218835490456,25.015534223436
桃園市中壢區青航里10鄰青峰路一段79號十七樓,68,6800200,6800200-000,10鄰,青峰路,一段,,,,,79號十七樓,121.218835490456,25.015534223436
桃園市中壢區青航里10鄰青峰路一段81號十樓,68,6800200,6800200-000,10鄰,青峰路,一段,,,,,81號十樓,121.218872535188,25.0155836441134
桃園市中壢區青航里10鄰青峰路一段81號三樓,68,6800200,6800200-000,10鄰,青峰路,一段,,,,,81號三樓,121.218872535188,25.0155836441134
桃園市中壢區青航里10鄰青峰路一段81號四樓,68,6800200,6800200-000,10鄰,青峰路,一段,,,,,81號四樓,121.218872535188,25.0155836441134
桃園市中壢區青航里10鄰青峰路一段81號五樓,68,6800200,6800200-000,10鄰,青峰路,一段,,,,,81號五樓,121.218872535188,25.0155836441134
桃園市中壢區青航里10鄰青峰路一段81號六樓,68,6800200,6800200-000,10鄰,青峰路,一段,,,,,81號六樓,121.218872535188,25.0155836441134
桃園市中壢區青航里10鄰青峰路一段81號七樓,68,6800200,6800200-000,10鄰,青峰路,一段,,,,,81號七樓,121.218872535188,25.0155836441134
桃園市中壢區青航里10鄰青峰路一段81號八樓,68,6800200,6800200-000,10鄰,青峰路,一段,,,,,81號八樓,121.218872535188,25.0155836441134
桃園市中壢區青航里10鄰青峰路一段81號九樓,68,6800200,6800200-000,10鄰,青峰路,一段,,,,,81號九樓,121.218872535188,25.0155836441134
桃園市中壢區青航里10鄰青峰路一段81號十一樓,68,6800200,6800200-000,10鄰,青峰路,一段,,,,,81號十一樓,121.218872535188,25.0155836441134
桃園市中壢區青航里10鄰青峰路一段81號十二樓,68,6800200,6800200-000,10鄰,青峰路,一段,,,,,81號十二樓,121.218872535188,25.0155836441134
桃園市中壢區青航里10鄰青峰路一段81號十三樓,68,6800200,6800200-000,10鄰,青峰路,一段,,,,,81號十三樓,121.218872535188,25.0155836441134
桃園市中壢區青航里10鄰青峰路一段81號十四樓,68,6800200,6800200-000,10鄰,青峰路,一段,,,,,81號十四樓,121.218872535188,25.0155836441134
桃園市中壢區青航里10鄰青峰路一段81號十五樓,68,6800200,6800200-000,10鄰,青峰路,一段,,,,,81號十五樓,121.218872535188,25.0155836441134
桃園市中壢區青航里10鄰青峰路一段81號十六樓,68,6800200,6800200-000,10鄰,青峰路,一段,,,,,81號十六樓,121.218872535188,25.0155836441134
桃園市中壢區青航里10鄰青峰路一段81號十七樓,68,6800200,6800200-000,10鄰,青峰路,一段,,,,,81號十七樓,121.218872535188,25.0155836441134
桃園市中壢區青航里10鄰青峰路一段83號十樓,68,6800200,6800200-000,10鄰,青峰路,一段,,,,,83號十樓,121.218905709725,25.0156296397166
桃園市中壢區青航里10鄰青峰路一段83號三樓,68,6800200,6800200-000,10鄰,青峰路,一段,,,,,83號三樓,121.218905709725,25.0156296397166
桃園市中壢區青航里10鄰青峰路一段83號四樓,68,6800200,6800200-000,10鄰,青峰路,一段,,,,,83號四樓,121.218905709725,25.0156296397166
桃園市中壢區青航里10鄰青峰路一段83號五樓,68,6800200,6800200-000,10鄰,青峰路,一段,,,,,83號五樓,121.218905709725,25.0156296397166
桃園市中壢區青航里10鄰青峰路一段83號六樓,68,6800200,6800200-000,10鄰,青峰路,一段,,,,,83號六樓,121.218905709725,25.0156296397166
桃園市中壢區青航里10鄰青峰路一段83號七樓,68,6800200,6800200-000,10鄰,青峰路,一段,,,,,83號七樓,121.218905709725,25.0156296397166
桃園市中壢區青航里10鄰青峰路一段83號八樓,68,6800200,6800200-000,10鄰,青峰路,一段,,,,,83號八樓,121.218905709725,25.0156296397166
桃園市中壢區青航里10鄰青峰路一段83號九樓,68,6800200,6800200-000,10鄰,青峰路,一段,,,,,83號九樓,121.218905709725,25.0156296397166
桃園市中壢區青航里10鄰青峰路一段83號十一樓,68,6800200,6800200-000,10鄰,青峰路,一段,,,,,83號十一樓,121.218905709725,25.0156296397166
桃園市中壢區青航里10鄰青峰路一段83號十二樓,68,6800200,6800200-000,10鄰,青峰路,一段,,,,,83號十二樓,121.218905709725,25.0156296397166
桃園市中壢區青航里10鄰青峰路一段83號十三樓,68,6800200,6800200-000,10鄰,青峰路,一段,,,,,83號十三樓,121.218905709725,25.0156296397166
桃園市中壢區青航里10鄰青峰路一段83號十四樓,68,6800200,6800200-000,10鄰,青峰路,一段,,,,,83號十四樓,121.218905709725,25.0156296397166
桃園市中壢區青航里10鄰青峰路一段83號十五樓,68,6800200,6800200-000,10鄰,青峰路,一段,,,,,83號十五樓,121.218905709725,25.0156296397166
桃園市中壢區青航里10鄰青峰路一段83號十六樓,68,6800200,6800200-000,10鄰,青峰路,一段,,,,,83號十六樓,121.218905709725,25.0156296397166
桃園市中壢區青航里10鄰青峰路一段83號十七樓,68,6800200,6800200-000,10鄰,青峰路,一段,,,,,83號十七樓,121.218905709725,25.0156296397166
桃園市中壢區青航里10鄰青峰路一段85號十樓,68,6800200,6800200-000,10鄰,青峰路,一段,,,,,85號十樓,121.218972108241,25.0155818724168
桃園市中壢區青航里10鄰青峰路一段85號三樓,68,6800200,6800200-000,10鄰,青峰路,一段,,,,,85號三樓,121.218972108241,25.0155818724168
桃園市中壢區青航里10鄰青峰路一段85號四樓,68,6800200,6800200-000,10鄰,青峰路,一段,,,,,85號四樓,121.218972108241,25.0155818724168
桃園市中壢區青航里10鄰青峰路一段85號五樓,68,6800200,6800200-000,10鄰,青峰路,一段,,,,,85號五樓,121.218972108241,25.0155818724168
桃園市中壢區青航里10鄰青峰路一段85號六樓,68,6800200,6800200-000,10鄰,青峰路,一段,,,,,85號六樓,121.218972108241,25.0155818724168
桃園市中壢區青航里10鄰青峰路一段85號七樓,68,6800200,6800200-000,10鄰,青峰路,一段,,,,,85號七樓,121.218972108241,25.0155818724168
桃園市中壢區青航里10鄰青峰路一段85號八樓,68,6800200,6800200-000,10鄰,青峰路,一段,,,,,85號八樓,121.218972108241,25.0155818724168
桃園市中壢區青航里10鄰青峰路一段85號九樓,68,6800200,6800200-000,10鄰,青峰路,一段,,,,,85號九樓,121.218972108241,25.0155818724168
桃園市中壢區青航里10鄰青峰路一段85號十一樓,68,6800200,6800200-000,10鄰,青峰路,一段,,,,,85號十一樓,121.218972108241,25.0155818724168
桃園市中壢區青航里10鄰青峰路一段85號十二樓,68,6800200,6800200-000,10鄰,青峰路,一段,,,,,85號十二樓,121.218972108241,25.0155818724168
桃園市中壢區青航里10鄰青峰路一段85號十三樓,68,6800200,6800200-000,10鄰,青峰路,一段,,,,,85號十三樓,121.218972108241,25.0155818724168
桃園市中壢區青航里10鄰青峰路一段85號十四樓,68,6800200,6800200-000,10鄰,青峰路,一段,,,,,85號十四樓,121.218972108241,25.0155818724168
桃園市中壢區青航里10鄰青峰路一段85號十五樓,68,6800200,6800200-000,10鄰,青峰路,一段,,,,,85號十五樓,121.218972108241,25.0155818724168
桃園市中壢區青航里10鄰青峰路一段85號十六樓,68,6800200,6800200-000,10鄰,青峰路,一段,,,,,85號十六樓,121.218972108241,25.0155818724168
桃園市中壢區青航里10鄰青峰路一段85號十七樓,68,6800200,6800200-000,10鄰,青峰路,一段,,,,,85號十七樓,121.218972108241,25.0155818724168
桃園市中壢區青航里10鄰青峰路一段87號十樓,68,6800200,6800200-000,10鄰,青峰路,一段,,,,,87號十樓,121.218931417824,25.0155439231001
桃園市中壢區青航里10鄰青峰路一段87號三樓,68,6800200,6800200-000,10鄰,青峰路,一段,,,,,87號三樓,121.218931417824,25.0155439231001
桃園市中壢區青航里10鄰青峰路一段87號四樓,68,6800200,6800200-000,10鄰,青峰路,一段,,,,,87號四樓,121.218931417824,25.0155439231001
桃園市中壢區青航里10鄰青峰路一段87號五樓,68,6800200,6800200-000,10鄰,青峰路,一段,,,,,87號五樓,121.218931417824,25.0155439231001
桃園市中壢區青航里10鄰青峰路一段87號六樓,68,6800200,6800200-000,10鄰,青峰路,一段,,,,,87號六樓,121.218931417824,25.0155439231001
桃園市中壢區青航里10鄰青峰路一段87號七樓,68,6800200,6800200-000,10鄰,青峰路,一段,,,,,87號七樓,121.218931417824,25.0155439231001
桃園市中壢區青航里10鄰青峰路一段87號八樓,68,6800200,6800200-000,10鄰,青峰路,一段,,,,,87號八樓,121.218931417824,25.0155439231001
桃園市中壢區青航里10鄰青峰路一段87號九樓,68,6800200,6800200-000,10鄰,青峰路,一段,,,,,87號九樓,121.218931417824,25.0155439231001
桃園市中壢區青航里10鄰青峰路一段87號十一樓,68,6800200,6800200-000,10鄰,青峰路,一段,,,,,87號十一樓,121.218931417824,25.0155439231001
桃園市中壢區青航里10鄰青峰路一段87號十二樓,68,6800200,6800200-000,10鄰,青峰路,一段,,,,,87號十二樓,121.218931417824,25.0155439231001
桃園市中壢區青航里10鄰青峰路一段87號十三樓,68,6800200,6800200-000,10鄰,青峰路,一段,,,,,87號十三樓,121.218931417824,25.0155439231001
桃園市中壢區青航里10鄰青峰路一段87號十四樓,68,6800200,6800200-000,10鄰,青峰路,一段,,,,,87號十四樓,121.218931417824,25.0155439231001
桃園市中壢區青航里10鄰青峰路一段87號十五樓,68,6800200,6800200-000,10鄰,青峰路,一段,,,,,87號十五樓,121.218931417824,25.0155439231001
桃園市中壢區青航里10鄰青峰路一段87號十六樓,68,6800200,6800200-000,10鄰,青峰路,一段,,,,,87號十六樓,121.218931417824,25.0155439231001
桃園市中壢區青航里10鄰青峰路一段87號十七樓,68,6800200,6800200-000,10鄰,青峰路,一段,,,,,87號十七樓,121.218931417824,25.0155439231001
桃園市中壢區青航里10鄰青峰路一段89號十樓,68,6800200,6800200-000,10鄰,青峰路,一段,,,,,89號十樓,121.218870967524,25.0154818069572
桃園市中壢區青航里10鄰青峰路一段89號三樓,68,6800200,6800200-000,10鄰,青峰路,一段,,,,,89號三樓,121.218870967524,25.0154818069572
桃園市中壢區青航里10鄰青峰路一段89號四樓,68,6800200,6800200-000,10鄰,青峰路,一段,,,,,89號四樓,121.218870967524,25.0154818069572
桃園市中壢區青航里10鄰青峰路一段89號五樓,68,6800200,6800200-000,10鄰,青峰路,一段,,,,,89號五樓,121.218870967524,25.0154818069572
桃園市中壢區青航里10鄰青峰路一段89號六樓,68,6800200,6800200-000,10鄰,青峰路,一段,,,,,89號六樓,121.218870967524,25.0154818069572
桃園市中壢區青航里10鄰青峰路一段89號七樓,68,6800200,6800200-000,10鄰,青峰路,一段,,,,,89號七樓,121.218870967524,25.0154818069572
桃園市中壢區青航里10鄰青峰路一段89號八樓,68,6800200,6800200-000,10鄰,青峰路,一段,,,,,89號八樓,121.218870967524,25.0154818069572
桃園市中壢區青航里10鄰青峰路一段89號九樓,68,6800200,6800200-000,10鄰,青峰路,一段,,,,,89號九樓,121.218870967524,25.0154818069572
桃園市中壢區青航里10鄰青峰路一段89號十一樓,68,6800200,6800200-000,10鄰,青峰路,一段,,,,,89號十一樓,121.218870967524,25.0154818069572
桃園市中壢區青航里10鄰青峰路一段89號十二樓,68,6800200,6800200-000,10鄰,青峰路,一段,,,,,89號十二樓,121.218870967524,25.0154818069572
桃園市中壢區青航里10鄰青峰路一段89號十三樓,68,6800200,6800200-000,10鄰,青峰路,一段,,,,,89號十三樓,121.218870967524,25.0154818069572
桃園市中壢區青航里10鄰青峰路一段89號十四樓,68,6800200,6800200-000,10鄰,青峰路,一段,,,,,89號十四樓,121.218870967524,25.0154818069572
桃園市中壢區青航里10鄰青峰路一段89號十五樓,68,6800200,6800200-000,10鄰,青峰路,一段,,,,,89號十五樓,121.218870967524,25.0154818069572
桃園市中壢區青航里10鄰青峰路一段89號十六樓,68,6800200,6800200-000,10鄰,青峰路,一段,,,,,89號十六樓,121.218870967524,25.0154818069572
桃園市中壢區青航里10鄰青峰路一段89號十七樓,68,6800200,6800200-000,10鄰,青峰路,一段,,,,,89號十七樓,121.218870967524,25.0154818069572
桃園市中壢區青航里10鄰青峰路一段91號十樓,68,6800200,6800200-000,10鄰,青峰路,一段,,,,,91號十樓,121.218871866008,25.0152620562909
桃園市中壢區青航里10鄰青峰路一段91號三樓,68,6800200,6800200-000,10鄰,青峰路,一段,,,,,91號三樓,121.218871866008,25.0152620562909
桃園市中壢區青航里10鄰青峰路一段91號四樓,68,6800200,6800200-000,10鄰,青峰路,一段,,,,,91號四樓,121.218871866008,25.0152620562909
桃園市中壢區青航里10鄰青峰路一段91號五樓,68,6800200,6800200-000,10鄰,青峰路,一段,,,,,91號五樓,121.218871866008,25.0152620562909
桃園市中壢區青航里10鄰青峰路一段91號六樓,68,6800200,6800200-000,10鄰,青峰路,一段,,,,,91號六樓,121.218871866008,25.0152620562909
桃園市中壢區青航里10鄰青峰路一段91號七樓,68,6800200,6800200-000,10鄰,青峰路,一段,,,,,91號七樓,121.218871866008,25.0152620562909
桃園市中壢區青航里10鄰青峰路一段91號八樓,68,6800200,6800200-000,10鄰,青峰路,一段,,,,,91號八樓,121.218871866008,25.0152620562909
桃園市中壢區青航里10鄰青峰路一段91號九樓,68,6800200,6800200-000,10鄰,青峰路,一段,,,,,91號九樓,121.218871866008,25.0152620562909
桃園市中壢區青航里10鄰青峰路一段91號十一樓,68,6800200,6800200-000,10鄰,青峰路,一段,,,,,91號十一樓,121.218871866008,25.0152620562909
桃園市中壢區青航里10鄰青峰路一段91號十二樓,68,6800200,6800200-000,10鄰,青峰路,一段,,,,,91號十二樓,121.218871866008,25.0152620562909
桃園市中壢區青航里10鄰青峰路一段91號十三樓,68,6800200,6800200-000,10鄰,青峰路,一段,,,,,91號十三樓,121.218871866008,25.0152620562909
桃園市中壢區青航里10鄰青峰路一段91號十四樓,68,6800200,6800200-000,10鄰,青峰路,一段,,,,,91號十四樓,121.218871866008,25.0152620562909
桃園市中壢區青航里10鄰青峰路一段91號十五樓,68,6800200,6800200-000,10鄰,青峰路,一段,,,,,91號十五樓,121.218871866008,25.0152620562909
桃園市中壢區青航里10鄰青峰路一段91號十六樓,68,6800200,6800200-000,10鄰,青峰路,一段,,,,,91號十六樓,121.218871866008,25.0152620562909
桃園市中壢區青航里10鄰青峰路一段91號十七樓,68,6800200,6800200-000,10鄰,青峰路,一段,,,,,91號十七樓,121.218871866008,25.0152620562909
桃園市中壢區青航里10鄰青峰路一段93號十樓,68,6800200,6800200-000,10鄰,青峰路,一段,,,,,93號十樓,121.218931407473,25.0152028331323
桃園市中壢區青航里10鄰青峰路一段93號三樓,68,6800200,6800200-000,10鄰,青峰路,一段,,,,,93號三樓,121.218931407473,25.0152028331323
桃園市中壢區青航里10鄰青峰路一段93號四樓,68,6800200,6800200-000,10鄰,青峰路,一段,,,,,93號四樓,121.218931407473,25.0152028331323
桃園市中壢區青航里10鄰青峰路一段93號五樓,68,6800200,6800200-000,10鄰,青峰路,一段,,,,,93號五樓,121.218931407473,25.0152028331323
桃園市中壢區青航里10鄰青峰路一段93號六樓,68,6800200,6800200-000,10鄰,青峰路,一段,,,,,93號六樓,121.218931407473,25.0152028331323
桃園市中壢區青航里10鄰青峰路一段93號七樓,68,6800200,6800200-000,10鄰,青峰路,一段,,,,,93號七樓,121.218931407473,25.0152028331323
桃園市中壢區青航里10鄰青峰路一段93號八樓,68,6800200,6800200-000,10鄰,青峰路,一段,,,,,93號八樓,121.218931407473,25.0152028331323
桃園市中壢區青航里10鄰青峰路一段93號九樓,68,6800200,6800200-000,10鄰,青峰路,一段,,,,,93號九樓,121.218931407473,25.0152028331323
桃園市中壢區青航里10鄰青峰路一段93號十一樓,68,6800200,6800200-000,10鄰,青峰路,一段,,,,,93號十一樓,121.218931407473,25.0152028331323
桃園市中壢區青航里10鄰青峰路一段93號十二樓,68,6800200,6800200-000,10鄰,青峰路,一段,,,,,93號十二樓,121.218931407473,25.0152028331323
桃園市中壢區青航里10鄰青峰路一段93號十三樓,68,6800200,6800200-000,10鄰,青峰路,一段,,,,,93號十三樓,121.218931407473,25.0152028331323
桃園市中壢區青航里10鄰青峰路一段93號十四樓,68,6800200,6800200-000,10鄰,青峰路,一段,,,,,93號十四樓,121.218931407473,25.0152028331323
桃園市中壢區青航里10鄰青峰路一段93號十五樓,68,6800200,6800200-000,10鄰,青峰路,一段,,,,,93號十五樓,121.218931407473,25.0152028331323
桃園市中壢區青航里10鄰青峰路一段93號十六樓,68,6800200,6800200-000,10鄰,青峰路,一段,,,,,93號十六樓,121.218931407473,25.0152028331323
桃園市中壢區青航里10鄰青峰路一段93號十七樓,68,6800200,6800200-000,10鄰,青峰路,一段,,,,,93號十七樓,121.218931407473,25.0152028331323
桃園市中壢區青航里10鄰青峰路一段95號十樓,68,6800200,6800200-000,10鄰,青峰路,一段,,,,,95號十樓,121.219007523457,25.0151594753853
桃園市中壢區青航里10鄰青峰路一段95號三樓,68,6800200,6800200-000,10鄰,青峰路,一段,,,,,95號三樓,121.219007523457,25.0151594753853
桃園市中壢區青航里10鄰青峰路一段95號四樓,68,6800200,6800200-000,10鄰,青峰路,一段,,,,,95號四樓,121.219007523457,25.0151594753853
桃園市中壢區青航里10鄰青峰路一段95號五樓,68,6800200,6800200-000,10鄰,青峰路,一段,,,,,95號五樓,121.219007523457,25.0151594753853
桃園市中壢區青航里10鄰青峰路一段95號六樓,68,6800200,6800200-000,10鄰,青峰路,一段,,,,,95號六樓,121.219007523457,25.0151594753853
桃園市中壢區青航里10鄰青峰路一段95號七樓,68,6800200,6800200-000,10鄰,青峰路,一段,,,,,95號七樓,121.219007523457,25.0151594753853
桃園市中壢區青航里10鄰青峰路一段95號八樓,68,6800200,6800200-000,10鄰,青峰路,一段,,,,,95號八樓,121.219007523457,25.0151594753853
桃園市中壢區青航里10鄰青峰路一段95號九樓,68,6800200,6800200-000,10鄰,青峰路,一段,,,,,95號九樓,121.219007523457,25.0151594753853
桃園市中壢區青航里10鄰青峰路一段95號十一樓,68,6800200,6800200-000,10鄰,青峰路,一段,,,,,95號十一樓,121.219007523457,25.0151594753853
桃園市中壢區青航里10鄰青峰路一段95號十二樓,68,6800200,6800200-000,10鄰,青峰路,一段,,,,,95號十二樓,121.219007523457,25.0151594753853
桃園市中壢區青航里10鄰青峰路一段95號十三樓,68,6800200,6800200-000,10鄰,青峰路,一段,,,,,95號十三樓,121.219007523457,25.0151594753853
桃園市中壢區青航里10鄰青峰路一段95號十四樓,68,6800200,6800200-000,10鄰,青峰路,一段,,,,,95號十四樓,121.219007523457,25.0151594753853
桃園市中壢區青航里10鄰青峰路一段95號十五樓,68,6800200,6800200-000,10鄰,青峰路,一段,,,,,95號十五樓,121.219007523457,25.0151594753853
桃園市中壢區青航里10鄰青峰路一段95號十六樓,68,6800200,6800200-000,10鄰,青峰路,一段,,,,,95號十六樓,121.219007523457,25.0151594753853
桃園市中壢區青航里10鄰青峰路一段95號十七樓,68,6800200,6800200-000,10鄰,青峰路,一段,,,,,95號十七樓,121.219007523457,25.0151594753853
桃園市中壢區青航里10鄰青峰路一段97號十樓,68,6800200,6800200-000,10鄰,青峰路,一段,,,,,97號十樓,121.218911889293,25.0150914523783
桃園市中壢區青航里10鄰青峰路一段97號三樓,68,6800200,6800200-000,10鄰,青峰路,一段,,,,,97號三樓,121.218911889293,25.0150914523783
桃園市中壢區青航里10鄰青峰路一段97號四樓,68,6800200,6800200-000,10鄰,青峰路,一段,,,,,97號四樓,121.218911889293,25.0150914523783
桃園市中壢區青航里10鄰青峰路一段97號五樓,68,6800200,6800200-000,10鄰,青峰路,一段,,,,,97號五樓,121.218911889293,25.0150914523783
桃園市中壢區青航里10鄰青峰路一段97號六樓,68,6800200,6800200-000,10鄰,青峰路,一段,,,,,97號六樓,121.218911889293,25.0150914523783
桃園市中壢區青航里10鄰青峰路一段97號七樓,68,6800200,6800200-000,10鄰,青峰路,一段,,,,,97號七樓,121.218911889293,25.0150914523783
桃園市中壢區青航里10鄰青峰路一段97號八樓,68,6800200,6800200-000,10鄰,青峰路,一段,,,,,97號八樓,121.218911889293,25.0150914523783
桃園市中壢區青航里10鄰青峰路一段97號九樓,68,6800200,6800200-000,10鄰,青峰路,一段,,,,,97號九樓,121.218911889293,25.0150914523783
桃園市中壢區青航里10鄰青峰路一段97號十一樓,68,6800200,6800200-000,10鄰,青峰路,一段,,,,,97號十一樓,121.218911889293,25.0150914523783
桃園市中壢區青航里10鄰青峰路一段97號十二樓,68,6800200,6800200-000,10鄰,青峰路,一段,,,,,97號十二樓,121.218911889293,25.0150914523783
桃園市中壢區青航里10鄰青峰路一段97號十三樓,68,6800200,6800200-000,10鄰,青峰路,一段,,,,,97號十三樓,121.218911889293,25.0150914523783
桃園市中壢區青航里10鄰青峰路一段97號十四樓,68,6800200,6800200-000,10鄰,青峰路,一段,,,,,97號十四樓,121.218911889293,25.0150914523783
桃園市中壢區青航里10鄰青峰路一段97號十五樓,68,6800200,6800200-000,10鄰,青峰路,一段,,,,,97號十五樓,121.218911889293,25.0150914523783
桃園市中壢區青航里10鄰青峰路一段97號十六樓,68,6800200,6800200-000,10鄰,青峰路,一段,,,,,97號十六樓,121.218911889293,25.0150914523783
桃園市中壢區青航里10鄰青峰路一段97號十七樓,68,6800200,6800200-000,10鄰,青峰路,一段,,,,,97號十七樓,121.218911889293,25.0150914523783
桃園市中壢區青航里10鄰青峰路一段99號十樓,68,6800200,6800200-000,10鄰,青峰路,一段,,,,,99號十樓,121.21883579204,25.0151453731855
桃園市中壢區青航里10鄰青峰路一段99號三樓,68,6800200,6800200-000,10鄰,青峰路,一段,,,,,99號三樓,121.21883579204,25.0151453731855
桃園市中壢區青航里10鄰青峰路一段99號四樓,68,6800200,6800200-000,10鄰,青峰路,一段,,,,,99號四樓,121.21883579204,25.0151453731855
桃園市中壢區青航里10鄰青峰路一段99號五樓,68,6800200,6800200-000,10鄰,青峰路,一段,,,,,99號五樓,121.21883579204,25.0151453731855
桃園市中壢區青航里10鄰青峰路一段99號六樓,68,6800200,6800200-000,10鄰,青峰路,一段,,,,,99號六樓,121.21883579204,25.0151453731855
桃園市中壢區青航里10鄰青峰路一段99號七樓,68,6800200,6800200-000,10鄰,青峰路,一段,,,,,99號七樓,121.21883579204,25.0151453731855
桃園市中壢區青航里10鄰青峰路一段99號八樓,68,6800200,6800200-000,10鄰,青峰路,一段,,,,,99號八樓,121.21883579204,25.0151453731855
桃園市中壢區青航里10鄰青峰路一段99號九樓,68,6800200,6800200-000,10鄰,青峰路,一段,,,,,99號九樓,121.21883579204,25.0151453731855
桃園市中壢區青航里10鄰青峰路一段99號十一樓,68,6800200,6800200-000,10鄰,青峰路,一段,,,,,99號十一樓,121.21883579204,25.0151453731855
桃園市中壢區青航里10鄰青峰路一段99號十二樓,68,6800200,6800200-000,10鄰,青峰路,一段,,,,,99號十二樓,121.21883579204,25.0151453731855
桃園市中壢區青航里10鄰青峰路一段99號十三樓,68,6800200,6800200-000,10鄰,青峰路,一段,,,,,99號十三樓,121.21883579204,25.0151453731855
桃園市中壢區青航里10鄰青峰路一段99號十四樓,68,6800200,6800200-000,10鄰,青峰路,一段,,,,,99號十四樓,121.21883579204,25.0151453731855
桃園市中壢區青航里10鄰青峰路一段99號十五樓,68,6800200,6800200-000,10鄰,青峰路,一段,,,,,99號十五樓,121.21883579204,25.0151453731855
桃園市中壢區青航里10鄰青峰路一段99號十六樓,68,6800200,6800200-000,10鄰,青峰路,一段,,,,,99號十六樓,121.21883579204,25.0151453731855
桃園市中壢區青航里10鄰青峰路一段99號十七樓,68,6800200,6800200-000,10鄰,青峰路,一段,,,,,99號十七樓,121.21883579204,25.0151453731855
桃園市中壢區青航里10鄰青峰路一段101號十樓,68,6800200,6800200-000,10鄰,青峰路,一段,,,,,101號十樓,121.218788044143,25.0152062943355
桃園市中壢區青航里10鄰青峰路一段101號三樓,68,6800200,6800200-000,10鄰,青峰路,一段,,,,,101號三樓,121.218788044143,25.0152062943355
桃園市中壢區青航里10鄰青峰路一段101號四樓,68,6800200,6800200-000,10鄰,青峰路,一段,,,,,101號四樓,121.218788044143,25.0152062943355
桃園市中壢區青航里10鄰青峰路一段101號五樓,68,6800200,6800200-000,10鄰,青峰路,一段,,,,,101號五樓,121.218788044143,25.0152062943355
桃園市中壢區青航里10鄰青峰路一段101號六樓,68,6800200,6800200-000,10鄰,青峰路,一段,,,,,101號六樓,121.218788044143,25.0152062943355
桃園市中壢區青航里10鄰青峰路一段101號七樓,68,6800200,6800200-000,10鄰,青峰路,一段,,,,,101號七樓,121.218788044143,25.0152062943355
桃園市中壢區青航里10鄰青峰路一段101號八樓,68,6800200,6800200-000,10鄰,青峰路,一段,,,,,101號八樓,121.218788044143,25.0152062943355
桃園市中壢區青航里10鄰青峰路一段101號九樓,68,6800200,6800200-000,10鄰,青峰路,一段,,,,,101號九樓,121.218788044143,25.0152062943355
桃園市中壢區青航里10鄰青峰路一段101號十一樓,68,6800200,6800200-000,10鄰,青峰路,一段,,,,,101號十一樓,121.218788044143,25.0152062943355
桃園市中壢區青航里10鄰青峰路一段101號十二樓,68,6800200,6800200-000,10鄰,青峰路,一段,,,,,101號十二樓,121.218788044143,25.0152062943355
桃園市中壢區青航里10鄰青峰路一段101號十三樓,68,6800200,6800200-000,10鄰,青峰路,一段,,,,,101號十三樓,121.218788044143,25.0152062943355
桃園市中壢區青航里10鄰青峰路一段101號十四樓,68,6800200,6800200-000,10鄰,青峰路,一段,,,,,101號十四樓,121.218788044143,25.0152062943355
桃園市中壢區青航里10鄰青峰路一段101號十五樓,68,6800200,6800200-000,10鄰,青峰路,一段,,,,,101號十五樓,121.218788044143,25.0152062943355
桃園市中壢區青航里10鄰青峰路一段101號十六樓,68,6800200,6800200-000,10鄰,青峰路,一段,,,,,101號十六樓,121.218788044143,25.0152062943355
桃園市中壢區青航里10鄰青峰路一段101號十七樓,68,6800200,6800200-000,10鄰,青峰路,一段,,,,,101號十七樓,121.218788044143,25.0152062943355
桃園市中壢區青航里10鄰青峰路一段103號十樓,68,6800200,6800200-000,10鄰,青峰路,一段,,,,,103號十樓,121.218739267968,25.0152460907098
桃園市中壢區青航里10鄰青峰路一段103號三樓,68,6800200,6800200-000,10鄰,青峰路,一段,,,,,103號三樓,121.218739267968,25.0152460907098
桃園市中壢區青航里10鄰青峰路一段103號四樓,68,6800200,6800200-000,10鄰,青峰路,一段,,,,,103號四樓,121.218739267968,25.0152460907098
桃園市中壢區青航里10鄰青峰路一段103號五樓,68,6800200,6800200-000,10鄰,青峰路,一段,,,,,103號五樓,121.218739267968,25.0152460907098
桃園市中壢區青航里10鄰青峰路一段103號六樓,68,6800200,6800200-000,10鄰,青峰路,一段,,,,,103號六樓,121.218739267968,25.0152460907098
桃園市中壢區青航里10鄰青峰路一段103號七樓,68,6800200,6800200-000,10鄰,青峰路,一段,,,,,103號七樓,121.218739267968,25.0152460907098
桃園市中壢區青航里10鄰青峰路一段103號八樓,68,6800200,6800200-000,10鄰,青峰路,一段,,,,,103號八樓,121.218739267968,25.0152460907098
桃園市中壢區青航里10鄰青峰路一段103號九樓,68,6800200,6800200-000,10鄰,青峰路,一段,,,,,103號九樓,121.218739267968,25.0152460907098
桃園市中壢區青航里10鄰青峰路一段103號十一樓,68,6800200,6800200-000,10鄰,青峰路,一段,,,,,103號十一樓,121.218739267968,25.0152460907098
桃園市中壢區青航里10鄰青峰路一段103號十二樓,68,6800200,6800200-000,10鄰,青峰路,一段,,,,,103號十二樓,121.218739267968,25.0152460907098
桃園市中壢區青航里10鄰青峰路一段103號十三樓,68,6800200,6800200-000,10鄰,青峰路,一段,,,,,103號十三樓,121.218739267968,25.0152460907098
桃園市中壢區青航里10鄰青峰路一段103號十四樓,68,6800200,6800200-000,10鄰,青峰路,一段,,,,,103號十四樓,121.218739267968,25.0152460907098
桃園市中壢區青航里10鄰青峰路一段103號十五樓,68,6800200,6800200-000,10鄰,青峰路,一段,,,,,103號十五樓,121.218739267968,25.0152460907098
桃園市中壢區青航里10鄰青峰路一段103號十六樓,68,6800200,6800200-000,10鄰,青峰路,一段,,,,,103號十六樓,121.218739267968,25.0152460907098
桃園市中壢區青航里10鄰青峰路一段103號十七樓,68,6800200,6800200-000,10鄰,青峰路,一段,,,,,103號十七樓,121.218739267968,25.0152460907098
桃園市中壢區青航里10鄰青峰路一段105號十樓,68,6800200,6800200-000,10鄰,青峰路,一段,,,,,105號十樓,121.218677823556,25.0152938506219
桃園市中壢區青航里10鄰青峰路一段105號三樓,68,6800200,6800200-000,10鄰,青峰路,一段,,,,,105號三樓,121.218677823556,25.0152938506219
桃園市中壢區青航里10鄰青峰路一段105號四樓,68,6800200,6800200-000,10鄰,青峰路,一段,,,,,105號四樓,121.218677823556,25.0152938506219
桃園市中壢區青航里10鄰青峰路一段105號五樓,68,6800200,6800200-000,10鄰,青峰路,一段,,,,,105號五樓,121.218677823556,25.0152938506219
桃園市中壢區青航里10鄰青峰路一段105號六樓,68,6800200,6800200-000,10鄰,青峰路,一段,,,,,105號六樓,121.218677823556,25.0152938506219
桃園市中壢區青航里10鄰青峰路一段105號七樓,68,6800200,6800200-000,10鄰,青峰路,一段,,,,,105號七樓,121.218677823556,25.0152938506219
桃園市中壢區青航里10鄰青峰路一段105號八樓,68,6800200,6800200-000,10鄰,青峰路,一段,,,,,105號八樓,121.218677823556,25.0152938506219
桃園市中壢區青航里10鄰青峰路一段105號九樓,68,6800200,6800200-000,10鄰,青峰路,一段,,,,,105號九樓,121.218677823556,25.0152938506219
桃園市中壢區青航里10鄰青峰路一段105號十一樓,68,6800200,6800200-000,10鄰,青峰路,一段,,,,,105號十一樓,121.218677823556,25.0152938506219
桃園市中壢區青航里10鄰青峰路一段105號十二樓,68,6800200,6800200-000,10鄰,青峰路,一段,,,,,105號十二樓,121.218677823556,25.0152938506219
桃園市中壢區青航里10鄰青峰路一段105號十三樓,68,6800200,6800200-000,10鄰,青峰路,一段,,,,,105號十三樓,121.218677823556,25.0152938506219
桃園市中壢區青航里10鄰青峰路一段105號十四樓,68,6800200,6800200-000,10鄰,青峰路,一段,,,,,105號十四樓,121.218677823556,25.0152938506219
桃園市中壢區青航里10鄰青峰路一段105號十五樓,68,6800200,6800200-000,10鄰,青峰路,一段,,,,,105號十五樓,121.218677823556,25.0152938506219
桃園市中壢區青航里10鄰青峰路一段105號十六樓,68,6800200,6800200-000,10鄰,青峰路,一段,,,,,105號十六樓,121.218677823556,25.0152938506219
桃園市中壢區青航里10鄰青峰路一段105號十七樓,68,6800200,6800200-000,10鄰,青峰路,一段,,,,,105號十七樓,121.218677823556,25.0152938506219
桃園市中壢區青航里10鄰青峰路一段107號十樓,68,6800200,6800200-000,10鄰,青峰路,一段,,,,,107號十樓,121.21891407353,25.0159321664377
桃園市中壢區青航里10鄰青峰路一段107號三樓,68,6800200,6800200-000,10鄰,青峰路,一段,,,,,107號三樓,121.21891407353,25.0159321664377
桃園市中壢區青航里10鄰青峰路一段107號四樓,68,6800200,6800200-000,10鄰,青峰路,一段,,,,,107號四樓,121.21891407353,25.0159321664377
桃園市中壢區青航里10鄰青峰路一段107號五樓,68,6800200,6800200-000,10鄰,青峰路,一段,,,,,107號五樓,121.21891407353,25.0159321664377
桃園市中壢區青航里10鄰青峰路一段107號六樓,68,6800200,6800200-000,10鄰,青峰路,一段,,,,,107號六樓,121.21891407353,25.0159321664377
桃園市中壢區青航里10鄰青峰路一段107號七樓,68,6800200,6800200-000,10鄰,青峰路,一段,,,,,107號七樓,121.21891407353,25.0159321664377
桃園市中壢區青航里10鄰青峰路一段107號八樓,68,6800200,6800200-000,10鄰,青峰路,一段,,,,,107號八樓,121.21891407353,25.0159321664377
桃園市中壢區青航里10鄰青峰路一段107號九樓,68,6800200,6800200-000,10鄰,青峰路,一段,,,,,107號九樓,121.21891407353,25.0159321664377
桃園市中壢區青航里10鄰青峰路一段107號十一樓,68,6800200,6800200-000,10鄰,青峰路,一段,,,,,107號十一樓,121.21891407353,25.0159321664377
桃園市中壢區青航里10鄰青峰路一段107號十二樓,68,6800200,6800200-000,10鄰,青峰路,一段,,,,,107號十二樓,121.21891407353,25.0159321664377
桃園市中壢區青航里10鄰青峰路一段107號十三樓,68,6800200,6800200-000,10鄰,青峰路,一段,,,,,107號十三樓,121.21891407353,25.0159321664377
桃園市中壢區青航里10鄰青峰路一段107號十四樓,68,6800200,6800200-000,10鄰,青峰路,一段,,,,,107號十四樓,121.21891407353,25.0159321664377
桃園市中壢區青航里10鄰青峰路一段107號十五樓,68,6800200,6800200-000,10鄰,青峰路,一段,,,,,107號十五樓,121.21891407353,25.0159321664377
桃園市中壢區青航里10鄰青峰路一段107號十六樓,68,6800200,6800200-000,10鄰,青峰路,一段,,,,,107號十六樓,121.21891407353,25.0159321664377
桃園市中壢區青航里10鄰青峰路一段109號十樓,68,6800200,6800200-000,10鄰,青峰路,一段,,,,,109號十樓,121.218957987273,25.0158880435747
桃園市中壢區青航里10鄰青峰路一段109號三樓,68,6800200,6800200-000,10鄰,青峰路,一段,,,,,109號三樓,121.218957987273,25.0158880435747
桃園市中壢區青航里10鄰青峰路一段109號四樓,68,6800200,6800200-000,10鄰,青峰路,一段,,,,,109號四樓,121.218957987273,25.0158880435747
桃園市中壢區青航里10鄰青峰路一段109號五樓,68,6800200,6800200-000,10鄰,青峰路,一段,,,,,109號五樓,121.218957987273,25.0158880435747
桃園市中壢區青航里10鄰青峰路一段109號六樓,68,6800200,6800200-000,10鄰,青峰路,一段,,,,,109號六樓,121.218957987273,25.0158880435747
桃園市中壢區青航里10鄰青峰路一段109號七樓,68,6800200,6800200-000,10鄰,青峰路,一段,,,,,109號七樓,121.218957987273,25.0158880435747
桃園市中壢區青航里10鄰青峰路一段109號八樓,68,6800200,6800200-000,10鄰,青峰路,一段,,,,,109號八樓,121.218957987273,25.0158880435747
桃園市中壢區青航里10鄰青峰路一段109號九樓,68,6800200,6800200-000,10鄰,青峰路,一段,,,,,109號九樓,121.218957987273,25.0158880435747
桃園市中壢區青航里10鄰青峰路一段109號十一樓,68,6800200,6800200-000,10鄰,青峰路,一段,,,,,109號十一樓,121.218957987273,25.0158880435747
桃園市中壢區青航里10鄰青峰路一段109號十二樓,68,6800200,6800200-000,10鄰,青峰路,一段,,,,,109號十二樓,121.218957987273,25.0158880435747
桃園市中壢區青航里10鄰青峰路一段109號十三樓,68,6800200,6800200-000,10鄰,青峰路,一段,,,,,109號十三樓,121.218957987273,25.0158880435747
桃園市中壢區青航里10鄰青峰路一段109號十四樓,68,6800200,6800200-000,10鄰,青峰路,一段,,,,,109號十四樓,121.218957987273,25.0158880435747
桃園市中壢區青航里10鄰青峰路一段109號十五樓,68,6800200,6800200-000,10鄰,青峰路,一段,,,,,109號十五樓,121.218957987273,25.0158880435747
桃園市中壢區青航里10鄰青峰路一段109號十六樓,68,6800200,6800200-000,10鄰,青峰路,一段,,,,,109號十六樓,121.218957987273,25.0158880435747
桃園市中壢區青航里10鄰青峰路一段111號十樓,68,6800200,6800200-000,10鄰,青峰路,一段,,,,,111號十樓,121.219022517948,25.0158484947757
桃園市中壢區青航里10鄰青峰路一段111號三樓,68,6800200,6800200-000,10鄰,青峰路,一段,,,,,111號三樓,121.219022517948,25.0158484947757
桃園市中壢區青航里10鄰青峰路一段111號四樓,68,6800200,6800200-000,10鄰,青峰路,一段,,,,,111號四樓,121.219022517948,25.0158484947757
桃園市中壢區青航里10鄰青峰路一段111號五樓,68,6800200,6800200-000,10鄰,青峰路,一段,,,,,111號五樓,121.219022517948,25.0158484947757
桃園市中壢區青航里10鄰青峰路一段111號六樓,68,6800200,6800200-000,10鄰,青峰路,一段,,,,,111號六樓,121.219022517948,25.0158484947757
桃園市中壢區青航里10鄰青峰路一段111號七樓,68,6800200,6800200-000,10鄰,青峰路,一段,,,,,111號七樓,121.219022517948,25.0158484947757
桃園市中壢區青航里10鄰青峰路一段111號八樓,68,6800200,6800200-000,10鄰,青峰路,一段,,,,,111號八樓,121.219022517948,25.0158484947757
桃園市中壢區青航里10鄰青峰路一段111號九樓,68,6800200,6800200-000,10鄰,青峰路,一段,,,,,111號九樓,121.219022517948,25.0158484947757
桃園市中壢區青航里10鄰青峰路一段111號十一樓,68,6800200,6800200-000,10鄰,青峰路,一段,,,,,111號十一樓,121.219022517948,25.0158484947757
桃園市中壢區青航里10鄰青峰路一段111號十二樓,68,6800200,6800200-000,10鄰,青峰路,一段,,,,,111號十二樓,121.219022517948,25.0158484947757
桃園市中壢區青航里10鄰青峰路一段111號十三樓,68,6800200,6800200-000,10鄰,青峰路,一段,,,,,111號十三樓,121.219022517948,25.0158484947757
桃園市中壢區青航里10鄰青峰路一段111號十四樓,68,6800200,6800200-000,10鄰,青峰路,一段,,,,,111號十四樓,121.219022517948,25.0158484947757
桃園市中壢區青航里10鄰青峰路一段111號十五樓,68,6800200,6800200-000,10鄰,青峰路,一段,,,,,111號十五樓,121.219022517948,25.0158484947757
桃園市中壢區青航里10鄰青峰路一段111號十六樓,68,6800200,6800200-000,10鄰,青峰路,一段,,,,,111號十六樓,121.219022517948,25.0158484947757
桃園市中壢區青航里10鄰青峰路一段113號十樓,68,6800200,6800200-000,10鄰,青峰路,一段,,,,,113號十樓,121.219072184392,25.0158077941672
桃園市中壢區青航里10鄰青峰路一段113號三樓,68,6800200,6800200-000,10鄰,青峰路,一段,,,,,113號三樓,121.219072184392,25.0158077941672
桃園市中壢區青航里10鄰青峰路一段113號四樓,68,6800200,6800200-000,10鄰,青峰路,一段,,,,,113號四樓,121.219072184392,25.0158077941672
桃園市中壢區青航里10鄰青峰路一段113號五樓,68,6800200,6800200-000,10鄰,青峰路,一段,,,,,113號五樓,121.219072184392,25.0158077941672
桃園市中壢區青航里10鄰青峰路一段113號六樓,68,6800200,6800200-000,10鄰,青峰路,一段,,,,,113號六樓,121.219072184392,25.0158077941672
桃園市中壢區青航里10鄰青峰路一段113號七樓,68,6800200,6800200-000,10鄰,青峰路,一段,,,,,113號七樓,121.219072184392,25.0158077941672
桃園市中壢區青航里10鄰青峰路一段113號八樓,68,6800200,6800200-000,10鄰,青峰路,一段,,,,,113號八樓,121.219072184392,25.0158077941672
桃園市中壢區青航里10鄰青峰路一段113號九樓,68,6800200,6800200-000,10鄰,青峰路,一段,,,,,113號九樓,121.219072184392,25.0158077941672
桃園市中壢區青航里10鄰青峰路一段113號十一樓,68,6800200,6800200-000,10鄰,青峰路,一段,,,,,113號十一樓,121.219072184392,25.0158077941672
桃園市中壢區青航里10鄰青峰路一段113號十二樓,68,6800200,6800200-000,10鄰,青峰路,一段,,,,,113號十二樓,121.219072184392,25.0158077941672
桃園市中壢區青航里10鄰青峰路一段113號十三樓,68,6800200,6800200-000,10鄰,青峰路,一段,,,,,113號十三樓,121.219072184392,25.0158077941672
桃園市中壢區青航里10鄰青峰路一段113號十四樓,68,6800200,6800200-000,10鄰,青峰路,一段,,,,,113號十四樓,121.219072184392,25.0158077941672
桃園市中壢區青航里10鄰青峰路一段113號十五樓,68,6800200,6800200-000,10鄰,青峰路,一段,,,,,113號十五樓,121.219072184392,25.0158077941672
桃園市中壢區青航里10鄰青峰路一段113號十六樓,68,6800200,6800200-000,10鄰,青峰路,一段,,,,,113號十六樓,121.219072184392,25.0158077941672
桃園市中壢區青航里10鄰青峰路一段115號十樓,68,6800200,6800200-000,10鄰,青峰路,一段,,,,,115號十樓,121.219138584541,25.0157609296237
桃園市中壢區青航里10鄰青峰路一段115號三樓,68,6800200,6800200-000,10鄰,青峰路,一段,,,,,115號三樓,121.219138584541,25.0157609296237
桃園市中壢區青航里10鄰青峰路一段115號四樓,68,6800200,6800200-000,10鄰,青峰路,一段,,,,,115號四樓,121.219138584541,25.0157609296237
桃園市中壢區青航里10鄰青峰路一段115號五樓,68,6800200,6800200-000,10鄰,青峰路,一段,,,,,115號五樓,121.219138584541,25.0157609296237
桃園市中壢區青航里10鄰青峰路一段115號六樓,68,6800200,6800200-000,10鄰,青峰路,一段,,,,,115號六樓,121.219138584541,25.0157609296237
桃園市中壢區青航里10鄰青峰路一段115號七樓,68,6800200,6800200-000,10鄰,青峰路,一段,,,,,115號七樓,121.219138584541,25.0157609296237
桃園市中壢區青航里10鄰青峰路一段115號八樓,68,6800200,6800200-000,10鄰,青峰路,一段,,,,,115號八樓,121.219138584541,25.0157609296237
桃園市中壢區青航里10鄰青峰路一段115號九樓,68,6800200,6800200-000,10鄰,青峰路,一段,,,,,115號九樓,121.219138584541,25.0157609296237
桃園市中壢區青航里10鄰青峰路一段115號十一樓,68,6800200,6800200-000,10鄰,青峰路,一段,,,,,115號十一樓,121.219138584541,25.0157609296237
桃園市中壢區青航里10鄰青峰路一段115號十二樓,68,6800200,6800200-000,10鄰,青峰路,一段,,,,,115號十二樓,121.219138584541,25.0157609296237
桃園市中壢區青航里10鄰青峰路一段115號十三樓,68,6800200,6800200-000,10鄰,青峰路,一段,,,,,115號十三樓,121.219138584541,25.0157609296237
桃園市中壢區青航里10鄰青峰路一段115號十四樓,68,6800200,6800200-000,10鄰,青峰路,一段,,,,,115號十四樓,121.219138584541,25.0157609296237
桃園市中壢區青航里10鄰青峰路一段115號十五樓,68,6800200,6800200-000,10鄰,青峰路,一段,,,,,115號十五樓,121.219138584541,25.0157609296237
桃園市中壢區青航里10鄰青峰路一段115號十六樓,68,6800200,6800200-000,10鄰,青峰路,一段,,,,,115號十六樓,121.219138584541,25.0157609296237
桃園市中壢區青航里10鄰青峰路一段117號十樓,68,6800200,6800200-000,10鄰,青峰路,一段,,,,,117號十樓,121.219214466243,25.0156970778294
桃園市中壢區青航里10鄰青峰路一段117號三樓,68,6800200,6800200-000,10鄰,青峰路,一段,,,,,117號三樓,121.219214466243,25.0156970778294
桃園市中壢區青航里10鄰青峰路一段117號四樓,68,6800200,6800200-000,10鄰,青峰路,一段,,,,,117號四樓,121.219214466243,25.0156970778294
桃園市中壢區青航里10鄰青峰路一段117號五樓,68,6800200,6800200-000,10鄰,青峰路,一段,,,,,117號五樓,121.219214466243,25.0156970778294
桃園市中壢區青航里10鄰青峰路一段117號六樓,68,6800200,6800200-000,10鄰,青峰路,一段,,,,,117號六樓,121.219214466243,25.0156970778294
桃園市中壢區青航里10鄰青峰路一段117號七樓,68,6800200,6800200-000,10鄰,青峰路,一段,,,,,117號七樓,121.219214466243,25.0156970778294
桃園市中壢區青航里10鄰青峰路一段117號八樓,68,6800200,6800200-000,10鄰,青峰路,一段,,,,,117號八樓,121.219214466243,25.0156970778294
桃園市中壢區青航里10鄰青峰路一段117號九樓,68,6800200,6800200-000,10鄰,青峰路,一段,,,,,117號九樓,121.219214466243,25.0156970778294
桃園市中壢區青航里10鄰青峰路一段117號十一樓,68,6800200,6800200-000,10鄰,青峰路,一段,,,,,117號十一樓,121.219214466243,25.0156970778294
桃園市中壢區青航里10鄰青峰路一段117號十二樓,68,6800200,6800200-000,10鄰,青峰路,一段,,,,,117號十二樓,121.219214466243,25.0156970778294
桃園市中壢區青航里10鄰青峰路一段117號十三樓,68,6800200,6800200-000,10鄰,青峰路,一段,,,,,117號十三樓,121.219214466243,25.0156970778294
桃園市中壢區青航里10鄰青峰路一段117號十四樓,68,6800200,6800200-000,10鄰,青峰路,一段,,,,,117號十四樓,121.219214466243,25.0156970778294
桃園市中壢區青航里10鄰青峰路一段117號十五樓,68,6800200,6800200-000,10鄰,青峰路,一段,,,,,117號十五樓,121.219214466243,25.0156970778294
桃園市中壢區青航里10鄰青峰路一段117號十六樓,68,6800200,6800200-000,10鄰,青峰路,一段,,,,,117號十六樓,121.219214466243,25.0156970778294
桃園市中壢區青航里10鄰青峰路一段119號十樓,68,6800200,6800200-000,10鄰,青峰路,一段,,,,,119號十樓,121.219348202305,25.0156840603941
桃園市中壢區青航里10鄰青峰路一段119號三樓,68,6800200,6800200-000,10鄰,青峰路,一段,,,,,119號三樓,121.219348202305,25.0156840603941
桃園市中壢區青航里10鄰青峰路一段119號四樓,68,6800200,6800200-000,10鄰,青峰路,一段,,,,,119號四樓,121.219348202305,25.0156840603941
桃園市中壢區青航里10鄰青峰路一段119號五樓,68,6800200,6800200-000,10鄰,青峰路,一段,,,,,119號五樓,121.219348202305,25.0156840603941
桃園市中壢區青航里10鄰青峰路一段119號六樓,68,6800200,6800200-000,10鄰,青峰路,一段,,,,,119號六樓,121.219348202305,25.0156840603941
桃園市中壢區青航里10鄰青峰路一段119號七樓,68,6800200,6800200-000,10鄰,青峰路,一段,,,,,119號七樓,121.219348202305,25.0156840603941
桃園市中壢區青航里10鄰青峰路一段119號八樓,68,6800200,6800200-000,10鄰,青峰路,一段,,,,,119號八樓,121.219348202305,25.0156840603941
桃園市中壢區青航里10鄰青峰路一段119號九樓,68,6800200,6800200-000,10鄰,青峰路,一段,,,,,119號九樓,121.219348202305,25.0156840603941
桃園市中壢區青航里10鄰青峰路一段119號十一樓,68,6800200,6800200-000,10鄰,青峰路,一段,,,,,119號十一樓,121.219348202305,25.0156840603941
桃園市中壢區青航里10鄰青峰路一段119號十二樓,68,6800200,6800200-000,10鄰,青峰路,一段,,,,,119號十二樓,121.219348202305,25.0156840603941
桃園市中壢區青航里10鄰青峰路一段119號十三樓,68,6800200,6800200-000,10鄰,青峰路,一段,,,,,119號十三樓,121.219348202305,25.0156840603941
桃園市中壢區青航里10鄰青峰路一段119號十四樓,68,6800200,6800200-000,10鄰,青峰路,一段,,,,,119號十四樓,121.219348202305,25.0156840603941
桃園市中壢區青航里10鄰青峰路一段119號十五樓,68,6800200,6800200-000,10鄰,青峰路,一段,,,,,119號十五樓,121.219348202305,25.0156840603941
桃園市中壢區青航里10鄰青峰路一段119號十六樓,68,6800200,6800200-000,10鄰,青峰路,一段,,,,,119號十六樓,121.219348202305,25.0156840603941
桃園市中壢區青航里10鄰青峰路一段121號十樓,68,6800200,6800200-000,10鄰,青峰路,一段,,,,,121號十樓,121.219414578529,25.0157353336104
桃園市中壢區青航里10鄰青峰路一段121號三樓,68,6800200,6800200-000,10鄰,青峰路,一段,,,,,121號三樓,121.219414578529,25.0157353336104
桃園市中壢區青航里10鄰青峰路一段121號四樓,68,6800200,6800200-000,10鄰,青峰路,一段,,,,,121號四樓,121.219414578529,25.0157353336104
桃園市中壢區青航里10鄰青峰路一段121號五樓,68,6800200,6800200-000,10鄰,青峰路,一段,,,,,121號五樓,121.219414578529,25.0157353336104
桃園市中壢區青航里10鄰青峰路一段121號六樓,68,6800200,6800200-000,10鄰,青峰路,一段,,,,,121號六樓,121.219414578529,25.0157353336104
桃園市中壢區青航里10鄰青峰路一段121號七樓,68,6800200,6800200-000,10鄰,青峰路,一段,,,,,121號七樓,121.219414578529,25.0157353336104
桃園市中壢區青航里10鄰青峰路一段121號八樓,68,6800200,6800200-000,10鄰,青峰路,一段,,,,,121號八樓,121.219414578529,25.0157353336104
桃園市中壢區青航里10鄰青峰路一段121號九樓,68,6800200,6800200-000,10鄰,青峰路,一段,,,,,121號九樓,121.219414578529,25.0157353336104
桃園市中壢區青航里10鄰青峰路一段121號十一樓,68,6800200,6800200-000,10鄰,青峰路,一段,,,,,121號十一樓,121.219414578529,25.0157353336104
桃園市中壢區青航里10鄰青峰路一段121號十二樓,68,6800200,6800200-000,10鄰,青峰路,一段,,,,,121號十二樓,121.219414578529,25.0157353336104
桃園市中壢區青航里10鄰青峰路一段121號十三樓,68,6800200,6800200-000,10鄰,青峰路,一段,,,,,121號十三樓,121.219414578529,25.0157353336104
桃園市中壢區青航里10鄰青峰路一段121號十四樓,68,6800200,6800200-000,10鄰,青峰路,一段,,,,,121號十四樓,121.219414578529,25.0157353336104
桃園市中壢區青航里10鄰青峰路一段121號十五樓,68,6800200,6800200-000,10鄰,青峰路,一段,,,,,121號十五樓,121.219414578529,25.0157353336104
桃園市中壢區青航里10鄰青峰路一段121號十六樓,68,6800200,6800200-000,10鄰,青峰路,一段,,,,,121號十六樓,121.219414578529,25.0157353336104
桃園市中壢區青航里10鄰青峰路一段123號十樓,68,6800200,6800200-000,10鄰,青峰路,一段,,,,,123號十樓,121.219462319613,25.015782120141
桃園市中壢區青航里10鄰青峰路一段123號三樓,68,6800200,6800200-000,10鄰,青峰路,一段,,,,,123號三樓,121.219462319613,25.015782120141
桃園市中壢區青航里10鄰青峰路一段123號四樓,68,6800200,6800200-000,10鄰,青峰路,一段,,,,,123號四樓,121.219462319613,25.015782120141
桃園市中壢區青航里10鄰青峰路一段123號五樓,68,6800200,6800200-000,10鄰,青峰路,一段,,,,,123號五樓,121.219462319613,25.015782120141
桃園市中壢區青航里10鄰青峰路一段123號六樓,68,6800200,6800200-000,10鄰,青峰路,一段,,,,,123號六樓,121.219462319613,25.015782120141
桃園市中壢區青航里10鄰青峰路一段123號七樓,68,6800200,6800200-000,10鄰,青峰路,一段,,,,,123號七樓,121.219462319613,25.015782120141
桃園市中壢區青航里10鄰青峰路一段123號八樓,68,6800200,6800200-000,10鄰,青峰路,一段,,,,,123號八樓,121.219462319613,25.015782120141
桃園市中壢區青航里10鄰青峰路一段123號九樓,68,6800200,6800200-000,10鄰,青峰路,一段,,,,,123號九樓,121.219462319613,25.015782120141
桃園市中壢區青航里10鄰青峰路一段123號十一樓,68,6800200,6800200-000,10鄰,青峰路,一段,,,,,123號十一樓,121.219462319613,25.015782120141
桃園市中壢區青航里10鄰青峰路一段123號十二樓,68,6800200,6800200-000,10鄰,青峰路,一段,,,,,123號十二樓,121.219462319613,25.015782120141
桃園市中壢區青航里10鄰青峰路一段123號十三樓,68,6800200,6800200-000,10鄰,青峰路,一段,,,,,123號十三樓,121.219462319613,25.015782120141
桃園市中壢區青航里10鄰青峰路一段123號十四樓,68,6800200,6800200-000,10鄰,青峰路,一段,,,,,123號十四樓,121.219462319613,25.015782120141
桃園市中壢區青航里10鄰青峰路一段123號十五樓,68,6800200,6800200-000,10鄰,青峰路,一段,,,,,123號十五樓,121.219462319613,25.015782120141
桃園市中壢區青航里10鄰青峰路一段123號十六樓,68,6800200,6800200-000,10鄰,青峰路,一段,,,,,123號十六樓,121.219462319613,25.015782120141
桃園市中壢區青航里10鄰青峰路一段125號十樓,68,6800200,6800200-000,10鄰,青峰路,一段,,,,,125號十樓,121.219540401804,25.0157300017506
桃園市中壢區青航里10鄰青峰路一段125號三樓,68,6800200,6800200-000,10鄰,青峰路,一段,,,,,125號三樓,121.219540401804,25.0157300017506
桃園市中壢區青航里10鄰青峰路一段125號四樓,68,6800200,6800200-000,10鄰,青峰路,一段,,,,,125號四樓,121.219540401804,25.0157300017506
桃園市中壢區青航里10鄰青峰路一段125號五樓,68,6800200,6800200-000,10鄰,青峰路,一段,,,,,125號五樓,121.219540401804,25.0157300017506
桃園市中壢區青航里10鄰青峰路一段125號六樓,68,6800200,6800200-000,10鄰,青峰路,一段,,,,,125號六樓,121.219540401804,25.0157300017506
桃園市中壢區青航里10鄰青峰路一段125號七樓,68,6800200,6800200-000,10鄰,青峰路,一段,,,,,125號七樓,121.219540401804,25.0157300017506
桃園市中壢區青航里10鄰青峰路一段125號八樓,68,6800200,6800200-000,10鄰,青峰路,一段,,,,,125號八樓,121.219540401804,25.0157300017506
桃園市中壢區青航里10鄰青峰路一段125號九樓,68,6800200,6800200-000,10鄰,青峰路,一段,,,,,125號九樓,121.219540401804,25.0157300017506
桃園市中壢區青航里10鄰青峰路一段125號十一樓,68,6800200,6800200-000,10鄰,青峰路,一段,,,,,125號十一樓,121.219540401804,25.0157300017506
桃園市中壢區青航里10鄰青峰路一段125號十二樓,68,6800200,6800200-000,10鄰,青峰路,一段,,,,,125號十二樓,121.219540401804,25.0157300017506
桃園市中壢區青航里10鄰青峰路一段125號十三樓,68,6800200,6800200-000,10鄰,青峰路,一段,,,,,125號十三樓,121.219540401804,25.0157300017506
桃園市中壢區青航里10鄰青峰路一段125號十四樓,68,6800200,6800200-000,10鄰,青峰路,一段,,,,,125號十四樓,121.219540401804,25.0157300017506
桃園市中壢區青航里10鄰青峰路一段125號十五樓,68,6800200,6800200-000,10鄰,青峰路,一段,,,,,125號十五樓,121.219540401804,25.0157300017506
桃園市中壢區青航里10鄰青峰路一段125號十六樓,68,6800200,6800200-000,10鄰,青峰路,一段,,,,,125號十六樓,121.219540401804,25.0157300017506
桃園市中壢區青航里10鄰青峰路一段127號十樓,68,6800200,6800200-000,10鄰,青峰路,一段,,,,,127號十樓,121.219487725459,25.015693785665
桃園市中壢區青航里10鄰青峰路一段127號三樓,68,6800200,6800200-000,10鄰,青峰路,一段,,,,,127號三樓,121.219487725459,25.015693785665
桃園市中壢區青航里10鄰青峰路一段127號四樓,68,6800200,6800200-000,10鄰,青峰路,一段,,,,,127號四樓,121.219487725459,25.015693785665
桃園市中壢區青航里10鄰青峰路一段127號五樓,68,6800200,6800200-000,10鄰,青峰路,一段,,,,,127號五樓,121.219487725459,25.015693785665
桃園市中壢區青航里10鄰青峰路一段127號六樓,68,6800200,6800200-000,10鄰,青峰路,一段,,,,,127號六樓,121.219487725459,25.015693785665
桃園市中壢區青航里10鄰青峰路一段127號七樓,68,6800200,6800200-000,10鄰,青峰路,一段,,,,,127號七樓,121.219487725459,25.015693785665
桃園市中壢區青航里10鄰青峰路一段127號八樓,68,6800200,6800200-000,10鄰,青峰路,一段,,,,,127號八樓,121.219487725459,25.015693785665
桃園市中壢區青航里10鄰青峰路一段127號九樓,68,6800200,6800200-000,10鄰,青峰路,一段,,,,,127號九樓,121.219487725459,25.015693785665
桃園市中壢區青航里10鄰青峰路一段127號十一樓,68,6800200,6800200-000,10鄰,青峰路,一段,,,,,127號十一樓,121.219487725459,25.015693785665
桃園市中壢區青航里10鄰青峰路一段127號十二樓,68,6800200,6800200-000,10鄰,青峰路,一段,,,,,127號十二樓,121.219487725459,25.015693785665
桃園市中壢區青航里10鄰青峰路一段127號十三樓,68,6800200,6800200-000,10鄰,青峰路,一段,,,,,127號十三樓,121.219487725459,25.015693785665
桃園市中壢區青航里10鄰青峰路一段127號十四樓,68,6800200,6800200-000,10鄰,青峰路,一段,,,,,127號十四樓,121.219487725459,25.015693785665
桃園市中壢區青航里10鄰青峰路一段127號十五樓,68,6800200,6800200-000,10鄰,青峰路,一段,,,,,127號十五樓,121.219487725459,25.015693785665
桃園市中壢區青航里10鄰青峰路一段127號十六樓,68,6800200,6800200-000,10鄰,青峰路,一段,,,,,127號十六樓,121.219487725459,25.015693785665
桃園市中壢區青航里10鄰青峰路一段129號十樓,68,6800200,6800200-000,10鄰,青峰路,一段,,,,,129號十樓,121.219430169004,25.0156434022983
桃園市中壢區青航里10鄰青峰路一段129號三樓,68,6800200,6800200-000,10鄰,青峰路,一段,,,,,129號三樓,121.219430169004,25.0156434022983
桃園市中壢區青航里10鄰青峰路一段129號四樓,68,6800200,6800200-000,10鄰,青峰路,一段,,,,,129號四樓,121.219430169004,25.0156434022983
桃園市中壢區青航里10鄰青峰路一段129號五樓,68,6800200,6800200-000,10鄰,青峰路,一段,,,,,129號五樓,121.219430169004,25.0156434022983
桃園市中壢區青航里10鄰青峰路一段129號六樓,68,6800200,6800200-000,10鄰,青峰路,一段,,,,,129號六樓,121.219430169004,25.0156434022983
桃園市中壢區青航里10鄰青峰路一段129號七樓,68,6800200,6800200-000,10鄰,青峰路,一段,,,,,129號七樓,121.219430169004,25.0156434022983
桃園市中壢區青航里10鄰青峰路一段129號八樓,68,6800200,6800200-000,10鄰,青峰路,一段,,,,,129號八樓,121.219430169004,25.0156434022983
桃園市中壢區青航里10鄰青峰路一段129號九樓,68,6800200,6800200-000,10鄰,青峰路,一段,,,,,129號九樓,121.219430169004,25.0156434022983
桃園市中壢區青航里10鄰青峰路一段129號十一樓,68,6800200,6800200-000,10鄰,青峰路,一段,,,,,129號十一樓,121.219430169004,25.0156434022983
桃園市中壢區青航里10鄰青峰路一段129號十二樓,68,6800200,6800200-000,10鄰,青峰路,一段,,,,,129號十二樓,121.219430169004,25.0156434022983
桃園市中壢區青航里10鄰青峰路一段129號十三樓,68,6800200,6800200-000,10鄰,青峰路,一段,,,,,129號十三樓,121.219430169004,25.0156434022983
桃園市中壢區青航里10鄰青峰路一段129號十四樓,68,6800200,6800200-000,10鄰,青峰路,一段,,,,,129號十四樓,121.219430169004,25.0156434022983
桃園市中壢區青航里10鄰青峰路一段129號十五樓,68,6800200,6800200-000,10鄰,青峰路,一段,,,,,129號十五樓,121.219430169004,25.0156434022983
桃園市中壢區青航里10鄰青峰路一段129號十六樓,68,6800200,6800200-000,10鄰,青峰路,一段,,,,,129號十六樓,121.219430169004,25.0156434022983
桃園市中壢區青航里10鄰青峰路一段131號十樓,68,6800200,6800200-000,10鄰,青峰路,一段,,,,,131號十樓,121.219383402909,25.0155876762798
桃園市中壢區青航里10鄰青峰路一段131號三樓,68,6800200,6800200-000,10鄰,青峰路,一段,,,,,131號三樓,121.219383402909,25.0155876762798
桃園市中壢區青航里10鄰青峰路一段131號四樓,68,6800200,6800200-000,10鄰,青峰路,一段,,,,,131號四樓,121.219383402909,25.0155876762798
桃園市中壢區青航里10鄰青峰路一段131號五樓,68,6800200,6800200-000,10鄰,青峰路,一段,,,,,131號五樓,121.219383402909,25.0155876762798
桃園市中壢區青航里10鄰青峰路一段131號六樓,68,6800200,6800200-000,10鄰,青峰路,一段,,,,,131號六樓,121.219383402909,25.0155876762798
桃園市中壢區青航里10鄰青峰路一段131號七樓,68,6800200,6800200-000,10鄰,青峰路,一段,,,,,131號七樓,121.219383402909,25.0155876762798
桃園市中壢區青航里10鄰青峰路一段131號八樓,68,6800200,6800200-000,10鄰,青峰路,一段,,,,,131號八樓,121.219383402909,25.0155876762798
桃園市中壢區青航里10鄰青峰路一段131號九樓,68,6800200,6800200-000,10鄰,青峰路,一段,,,,,131號九樓,121.219383402909,25.0155876762798
桃園市中壢區青航里10鄰青峰路一段131號十一樓,68,6800200,6800200-000,10鄰,青峰路,一段,,,,,131號十一樓,121.219383402909,25.0155876762798
桃園市中壢區青航里10鄰青峰路一段131號十二樓,68,6800200,6800200-000,10鄰,青峰路,一段,,,,,131號十二樓,121.219383402909,25.0155876762798
桃園市中壢區青航里10鄰青峰路一段131號十三樓,68,6800200,6800200-000,10鄰,青峰路,一段,,,,,131號十三樓,121.219383402909,25.0155876762798
桃園市中壢區青航里10鄰青峰路一段131號十四樓,68,6800200,6800200-000,10鄰,青峰路,一段,,,,,131號十四樓,121.219383402909,25.0155876762798
桃園市中壢區青航里10鄰青峰路一段131號十五樓,68,6800200,6800200-000,10鄰,青峰路,一段,,,,,131號十五樓,121.219383402909,25.0155876762798
桃園市中壢區青航里10鄰青峰路一段131號十六樓,68,6800200,6800200-000,10鄰,青峰路,一段,,,,,131號十六樓,121.219383402909,25.0155876762798
桃園市中壢區青航里10鄰青峰路一段133號十樓,68,6800200,6800200-000,10鄰,青峰路,一段,,,,,133號十樓,121.219315109768,25.0155169949851
桃園市中壢區青航里10鄰青峰路一段133號三樓,68,6800200,6800200-000,10鄰,青峰路,一段,,,,,133號三樓,121.219315109768,25.0155169949851
桃園市中壢區青航里10鄰青峰路一段133號四樓,68,6800200,6800200-000,10鄰,青峰路,一段,,,,,133號四樓,121.219315109768,25.0155169949851
桃園市中壢區青航里10鄰青峰路一段133號五樓,68,6800200,6800200-000,10鄰,青峰路,一段,,,,,133號五樓,121.219315109768,25.0155169949851
桃園市中壢區青航里10鄰青峰路一段133號六樓,68,6800200,6800200-000,10鄰,青峰路,一段,,,,,133號六樓,121.219315109768,25.0155169949851
桃園市中壢區青航里10鄰青峰路一段133號七樓,68,6800200,6800200-000,10鄰,青峰路,一段,,,,,133號七樓,121.219315109768,25.0155169949851
桃園市中壢區青航里10鄰青峰路一段133號八樓,68,6800200,6800200-000,10鄰,青峰路,一段,,,,,133號八樓,121.219315109768,25.0155169949851
桃園市中壢區青航里10鄰青峰路一段133號九樓,68,6800200,6800200-000,10鄰,青峰路,一段,,,,,133號九樓,121.219315109768,25.0155169949851
桃園市中壢區青航里10鄰青峰路一段133號十一樓,68,6800200,6800200-000,10鄰,青峰路,一段,,,,,133號十一樓,121.219315109768,25.0155169949851
桃園市中壢區青航里10鄰青峰路一段133號十二樓,68,6800200,6800200-000,10鄰,青峰路,一段,,,,,133號十二樓,121.219315109768,25.0155169949851
桃園市中壢區青航里10鄰青峰路一段133號十三樓,68,6800200,6800200-000,10鄰,青峰路,一段,,,,,133號十三樓,121.219315109768,25.0155169949851
桃園市中壢區青航里10鄰青峰路一段133號十四樓,68,6800200,6800200-000,10鄰,青峰路,一段,,,,,133號十四樓,121.219315109768,25.0155169949851
桃園市中壢區青航里10鄰青峰路一段133號十五樓,68,6800200,6800200-000,10鄰,青峰路,一段,,,,,133號十五樓,121.219315109768,25.0155169949851
桃園市中壢區青航里10鄰青峰路一段133號十六樓,68,6800200,6800200-000,10鄰,青峰路,一段,,,,,133號十六樓,121.219315109768,25.0155169949851
桃園市中壢區青航里10鄰青峰路一段135號十樓,68,6800200,6800200-000,10鄰,青峰路,一段,,,,,135號十樓,121.21926147549,25.0155549930299
桃園市中壢區青航里10鄰青峰路一段135號三樓,68,6800200,6800200-000,10鄰,青峰路,一段,,,,,135號三樓,121.21926147549,25.0155549930299
桃園市中壢區青航里10鄰青峰路一段135號四樓,68,6800200,6800200-000,10鄰,青峰路,一段,,,,,135號四樓,121.21926147549,25.0155549930299
桃園市中壢區青航里10鄰青峰路一段135號五樓,68,6800200,6800200-000,10鄰,青峰路,一段,,,,,135號五樓,121.21926147549,25.0155549930299
桃園市中壢區青航里10鄰青峰路一段135號六樓,68,6800200,6800200-000,10鄰,青峰路,一段,,,,,135號六樓,121.21926147549,25.0155549930299
桃園市中壢區青航里10鄰青峰路一段135號七樓,68,6800200,6800200-000,10鄰,青峰路,一段,,,,,135號七樓,121.21926147549,25.0155549930299
桃園市中壢區青航里10鄰青峰路一段135號八樓,68,6800200,6800200-000,10鄰,青峰路,一段,,,,,135號八樓,121.21926147549,25.0155549930299
桃園市中壢區青航里10鄰青峰路一段135號九樓,68,6800200,6800200-000,10鄰,青峰路,一段,,,,,135號九樓,121.21926147549,25.0155549930299
桃園市中壢區青航里10鄰青峰路一段135號十一樓,68,6800200,6800200-000,10鄰,青峰路,一段,,,,,135號十一樓,121.21926147549,25.0155549930299
桃園市中壢區青航里10鄰青峰路一段135號十二樓,68,6800200,6800200-000,10鄰,青峰路,一段,,,,,135號十二樓,121.21926147549,25.0155549930299
桃園市中壢區青航里10鄰青峰路一段135號十三樓,68,6800200,6800200-000,10鄰,青峰路,一段,,,,,135號十三樓,121.21926147549,25.0155549930299
桃園市中壢區青航里10鄰青峰路一段135號十四樓,68,6800200,6800200-000,10鄰,青峰路,一段,,,,,135號十四樓,121.21926147549,25.0155549930299
桃園市中壢區青航里10鄰青峰路一段135號十五樓,68,6800200,6800200-000,10鄰,青峰路,一段,,,,,135號十五樓,121.21926147549,25.0155549930299
桃園市中壢區青航里10鄰青峰路一段135號十六樓,68,6800200,6800200-000,10鄰,青峰路,一段,,,,,135號十六樓,121.21926147549,25.0155549930299
桃園市中壢區青航里10鄰青峰路一段137號十樓,68,6800200,6800200-000,10鄰,青峰路,一段,,,,,137號十樓,121.219217543378,25.015588643158
桃園市中壢區青航里10鄰青峰路一段137號三樓,68,6800200,6800200-000,10鄰,青峰路,一段,,,,,137號三樓,121.219217543378,25.015588643158
桃園市中壢區青航里10鄰青峰路一段137號四樓,68,6800200,6800200-000,10鄰,青峰路,一段,,,,,137號四樓,121.219217543378,25.015588643158
桃園市中壢區青航里10鄰青峰路一段137號五樓,68,6800200,6800200-000,10鄰,青峰路,一段,,,,,137號五樓,121.219217543378,25.015588643158
桃園市中壢區青航里10鄰青峰路一段137號六樓,68,6800200,6800200-000,10鄰,青峰路,一段,,,,,137號六樓,121.219217543378,25.015588643158
桃園市中壢區青航里10鄰青峰路一段137號七樓,68,6800200,6800200-000,10鄰,青峰路,一段,,,,,137號七樓,121.219217543378,25.015588643158
桃園市中壢區青航里10鄰青峰路一段137號八樓,68,6800200,6800200-000,10鄰,青峰路,一段,,,,,137號八樓,121.219217543378,25.015588643158
桃園市中壢區青航里10鄰青峰路一段137號九樓,68,6800200,6800200-000,10鄰,青峰路,一段,,,,,137號九樓,121.219217543378,25.015588643158
桃園市中壢區青航里10鄰青峰路一段137號十一樓,68,6800200,6800200-000,10鄰,青峰路,一段,,,,,137號十一樓,121.219217543378,25.015588643158
桃園市中壢區青航里10鄰青峰路一段137號十二樓,68,6800200,6800200-000,10鄰,青峰路,一段,,,,,137號十二樓,121.219217543378,25.015588643158
桃園市中壢區青航里10鄰青峰路一段137號十三樓,68,6800200,6800200-000,10鄰,青峰路,一段,,,,,137號十三樓,121.219217543378,25.015588643158
桃園市中壢區青航里10鄰青峰路一段137號十四樓,68,6800200,6800200-000,10鄰,青峰路,一段,,,,,137號十四樓,121.219217543378,25.015588643158
桃園市中壢區青航里10鄰青峰路一段137號十五樓,68,6800200,6800200-000,10鄰,青峰路,一段,,,,,137號十五樓,121.219217543378,25.015588643158
桃園市中壢區青航里10鄰青峰路一段137號十六樓,68,6800200,6800200-000,10鄰,青峰路,一段,,,,,137號十六樓,121.219217543378,25.015588643158
桃園市中壢區青航里10鄰青峰路一段139號十樓,68,6800200,6800200-000,10鄰,青峰路,一段,,,,,139號十樓,121.219179549664,25.0156186731915
桃園市中壢區青航里10鄰青峰路一段139號三樓,68,6800200,6800200-000,10鄰,青峰路,一段,,,,,139號三樓,121.219179549664,25.0156186731915
桃園市中壢區青航里10鄰青峰路一段139號四樓,68,6800200,6800200-000,10鄰,青峰路,一段,,,,,139號四樓,121.219179549664,25.0156186731915
桃園市中壢區青航里10鄰青峰路一段139號五樓,68,6800200,6800200-000,10鄰,青峰路,一段,,,,,139號五樓,121.219179549664,25.0156186731915
桃園市中壢區青航里10鄰青峰路一段139號六樓,68,6800200,6800200-000,10鄰,青峰路,一段,,,,,139號六樓,121.219179549664,25.0156186731915
桃園市中壢區青航里10鄰青峰路一段139號七樓,68,6800200,6800200-000,10鄰,青峰路,一段,,,,,139號七樓,121.219179549664,25.0156186731915
桃園市中壢區青航里10鄰青峰路一段139號八樓,68,6800200,6800200-000,10鄰,青峰路,一段,,,,,139號八樓,121.219179549664,25.0156186731915
桃園市中壢區青航里10鄰青峰路一段139號九樓,68,6800200,6800200-000,10鄰,青峰路,一段,,,,,139號九樓,121.219179549664,25.0156186731915
桃園市中壢區青航里10鄰青峰路一段139號十一樓,68,6800200,6800200-000,10鄰,青峰路,一段,,,,,139號十一樓,121.219179549664,25.0156186731915
桃園市中壢區青航里10鄰青峰路一段139號十二樓,68,6800200,6800200-000,10鄰,青峰路,一段,,,,,139號十二樓,121.219179549664,25.0156186731915
桃園市中壢區青航里10鄰青峰路一段139號十三樓,68,6800200,6800200-000,10鄰,青峰路,一段,,,,,139號十三樓,121.219179549664,25.0156186731915
桃園市中壢區青航里10鄰青峰路一段139號十四樓,68,6800200,6800200-000,10鄰,青峰路,一段,,,,,139號十四樓,121.219179549664,25.0156186731915
桃園市中壢區青航里10鄰青峰路一段139號十五樓,68,6800200,6800200-000,10鄰,青峰路,一段,,,,,139號十五樓,121.219179549664,25.0156186731915
桃園市中壢區青航里10鄰青峰路一段139號十六樓,68,6800200,6800200-000,10鄰,青峰路,一段,,,,,139號十六樓,121.219179549664,25.0156186731915
桃園市中壢區青航里10鄰青峰路一段141號十樓,68,6800200,6800200-000,10鄰,青峰路,一段,,,,,141號十樓,121.219146299301,25.0156416541344
桃園市中壢區青航里10鄰青峰路一段141號三樓,68,6800200,6800200-000,10鄰,青峰路,一段,,,,,141號三樓,121.219146299301,25.0156416541344
桃園市中壢區青航里10鄰青峰路一段141號四樓,68,6800200,6800200-000,10鄰,青峰路,一段,,,,,141號四樓,121.219146299301,25.0156416541344
桃園市中壢區青航里10鄰青峰路一段141號五樓,68,6800200,6800200-000,10鄰,青峰路,一段,,,,,141號五樓,121.219146299301,25.0156416541344
桃園市中壢區青航里10鄰青峰路一段141號六樓,68,6800200,6800200-000,10鄰,青峰路,一段,,,,,141號六樓,121.219146299301,25.0156416541344
桃園市中壢區青航里10鄰青峰路一段141號七樓,68,6800200,6800200-000,10鄰,青峰路,一段,,,,,141號七樓,121.219146299301,25.0156416541344
桃園市中壢區青航里10鄰青峰路一段141號八樓,68,6800200,6800200-000,10鄰,青峰路,一段,,,,,141號八樓,121.219146299301,25.0156416541344
桃園市中壢區青航里10鄰青峰路一段141號九樓,68,6800200,6800200-000,10鄰,青峰路,一段,,,,,141號九樓,121.219146299301,25.0156416541344
桃園市中壢區青航里10鄰青峰路一段141號十一樓,68,6800200,6800200-000,10鄰,青峰路,一段,,,,,141號十一樓,121.219146299301,25.0156416541344
桃園市中壢區青航里10鄰青峰路一段141號十二樓,68,6800200,6800200-000,10鄰,青峰路,一段,,,,,141號十二樓,121.219146299301,25.0156416541344
桃園市中壢區青航里10鄰青峰路一段141號十三樓,68,6800200,6800200-000,10鄰,青峰路,一段,,,,,141號十三樓,121.219146299301,25.0156416541344
桃園市中壢區青航里10鄰青峰路一段141號十四樓,68,6800200,6800200-000,10鄰,青峰路,一段,,,,,141號十四樓,121.219146299301,25.0156416541344
桃園市中壢區青航里10鄰青峰路一段141號十五樓,68,6800200,6800200-000,10鄰,青峰路,一段,,,,,141號十五樓,121.219146299301,25.0156416541344
桃園市中壢區青航里10鄰青峰路一段141號十六樓,68,6800200,6800200-000,10鄰,青峰路,一段,,,,,141號十六樓,121.219146299301,25.0156416541344
桃園市中壢區青航里10鄰青峰路一段143號十樓,68,6800200,6800200-000,10鄰,青峰路,一段,,,,,143號十樓,121.219071252691,25.0156177493839
桃園市中壢區青航里10鄰青峰路一段143號三樓,68,6800200,6800200-000,10鄰,青峰路,一段,,,,,143號三樓,121.219071252691,25.0156177493839
桃園市中壢區青航里10鄰青峰路一段143號四樓,68,6800200,6800200-000,10鄰,青峰路,一段,,,,,143號四樓,121.219071252691,25.0156177493839
桃園市中壢區青航里10鄰青峰路一段143號五樓,68,6800200,6800200-000,10鄰,青峰路,一段,,,,,143號五樓,121.219071252691,25.0156177493839
桃園市中壢區青航里10鄰青峰路一段143號六樓,68,6800200,6800200-000,10鄰,青峰路,一段,,,,,143號六樓,121.219071252691,25.0156177493839
桃園市中壢區青航里10鄰青峰路一段143號七樓,68,6800200,6800200-000,10鄰,青峰路,一段,,,,,143號七樓,121.219071252691,25.0156177493839
桃園市中壢區青航里10鄰青峰路一段143號八樓,68,6800200,6800200-000,10鄰,青峰路,一段,,,,,143號八樓,121.219071252691,25.0156177493839
桃園市中壢區青航里10鄰青峰路一段143號九樓,68,6800200,6800200-000,10鄰,青峰路,一段,,,,,143號九樓,121.219071252691,25.0156177493839
桃園市中壢區青航里10鄰青峰路一段143號十一樓,68,6800200,6800200-000,10鄰,青峰路,一段,,,,,143號十一樓,121.219071252691,25.0156177493839
桃園市中壢區青航里10鄰青峰路一段143號十二樓,68,6800200,6800200-000,10鄰,青峰路,一段,,,,,143號十二樓,121.219071252691,25.0156177493839
桃園市中壢區青航里10鄰青峰路一段143號十三樓,68,6800200,6800200-000,10鄰,青峰路,一段,,,,,143號十三樓,121.219071252691,25.0156177493839
桃園市中壢區青航里10鄰青峰路一段143號十四樓,68,6800200,6800200-000,10鄰,青峰路,一段,,,,,143號十四樓,121.219071252691,25.0156177493839
桃園市中壢區青航里10鄰青峰路一段143號十五樓,68,6800200,6800200-000,10鄰,青峰路,一段,,,,,143號十五樓,121.219071252691,25.0156177493839
桃園市中壢區青航里10鄰青峰路一段143號十六樓,68,6800200,6800200-000,10鄰,青峰路,一段,,,,,143號十六樓,121.219071252691,25.0156177493839
桃園市中壢區青航里10鄰青峰路一段145號十樓,68,6800200,6800200-000,10鄰,青峰路,一段,,,,,145號十樓,121.218963944795,25.015671716233
桃園市中壢區青航里10鄰青峰路一段145號三樓,68,6800200,6800200-000,10鄰,青峰路,一段,,,,,145號三樓,121.218963944795,25.015671716233
桃園市中壢區青航里10鄰青峰路一段145號四樓,68,6800200,6800200-000,10鄰,青峰路,一段,,,,,145號四樓,121.218963944795,25.015671716233
桃園市中壢區青航里10鄰青峰路一段145號五樓,68,6800200,6800200-000,10鄰,青峰路,一段,,,,,145號五樓,121.218963944795,25.015671716233
桃園市中壢區青航里10鄰青峰路一段145號六樓,68,6800200,6800200-000,10鄰,青峰路,一段,,,,,145號六樓,121.218963944795,25.015671716233
桃園市中壢區青航里10鄰青峰路一段145號七樓,68,6800200,6800200-000,10鄰,青峰路,一段,,,,,145號七樓,121.218963944795,25.015671716233
桃園市中壢區青航里10鄰青峰路一段145號八樓,68,6800200,6800200-000,10鄰,青峰路,一段,,,,,145號八樓,121.218963944795,25.015671716233
桃園市中壢區青航里10鄰青峰路一段145號九樓,68,6800200,6800200-000,10鄰,青峰路,一段,,,,,145號九樓,121.218963944795,25.015671716233
桃園市中壢區青航里10鄰青峰路一段145號十一樓,68,6800200,6800200-000,10鄰,青峰路,一段,,,,,145號十一樓,121.218963944795,25.015671716233
桃園市中壢區青航里10鄰青峰路一段145號十二樓,68,6800200,6800200-000,10鄰,青峰路,一段,,,,,145號十二樓,121.218963944795,25.015671716233
桃園市中壢區青航里10鄰青峰路一段145號十三樓,68,6800200,6800200-000,10鄰,青峰路,一段,,,,,145號十三樓,121.218963944795,25.015671716233
桃園市中壢區青航里10鄰青峰路一段145號十四樓,68,6800200,6800200-000,10鄰,青峰路,一段,,,,,145號十四樓,121.218963944795,25.015671716233
桃園市中壢區青航里10鄰青峰路一段145號十五樓,68,6800200,6800200-000,10鄰,青峰路,一段,,,,,145號十五樓,121.218963944795,25.015671716233
桃園市中壢區青航里10鄰青峰路一段145號十六樓,68,6800200,6800200-000,10鄰,青峰路,一段,,,,,145號十六樓,121.218963944795,25.015671716233
桃園市中壢區青航里10鄰青峰路一段147號十樓,68,6800200,6800200-000,10鄰,青峰路,一段,,,,,147號十樓,121.218993212807,25.0156937925178
桃園市中壢區青航里10鄰青峰路一段147號三樓,68,6800200,6800200-000,10鄰,青峰路,一段,,,,,147號三樓,121.218993212807,25.0156937925178
桃園市中壢區青航里10鄰青峰路一段147號四樓,68,6800200,6800200-000,10鄰,青峰路,一段,,,,,147號四樓,121.218993212807,25.0156937925178
桃園市中壢區青航里10鄰青峰路一段147號五樓,68,6800200,6800200-000,10鄰,青峰路,一段,,,,,147號五樓,121.218993212807,25.0156937925178
桃園市中壢區青航里10鄰青峰路一段147號六樓,68,6800200,6800200-000,10鄰,青峰路,一段,,,,,147號六樓,121.218993212807,25.0156937925178
桃園市中壢區青航里10鄰青峰路一段147號七樓,68,6800200,6800200-000,10鄰,青峰路,一段,,,,,147號七樓,121.218993212807,25.0156937925178
桃園市中壢區青航里10鄰青峰路一段147號八樓,68,6800200,6800200-000,10鄰,青峰路,一段,,,,,147號八樓,121.218993212807,25.0156937925178
桃園市中壢區青航里10鄰青峰路一段147號九樓,68,6800200,6800200-000,10鄰,青峰路,一段,,,,,147號九樓,121.218993212807,25.0156937925178
桃園市中壢區青航里10鄰青峰路一段147號十一樓,68,6800200,6800200-000,10鄰,青峰路,一段,,,,,147號十一樓,121.218993212807,25.0156937925178
桃園市中壢區青航里10鄰青峰路一段147號十二樓,68,6800200,6800200-000,10鄰,青峰路,一段,,,,,147號十二樓,121.218993212807,25.0156937925178
桃園市中壢區青航里10鄰青峰路一段147號十三樓,68,6800200,6800200-000,10鄰,青峰路,一段,,,,,147號十三樓,121.218993212807,25.0156937925178
桃園市中壢區青航里10鄰青峰路一段147號十四樓,68,6800200,6800200-000,10鄰,青峰路,一段,,,,,147號十四樓,121.218993212807,25.0156937925178
桃園市中壢區青航里10鄰青峰路一段147號十五樓,68,6800200,6800200-000,10鄰,青峰路,一段,,,,,147號十五樓,121.218993212807,25.0156937925178
桃園市中壢區青航里10鄰青峰路一段147號十六樓,68,6800200,6800200-000,10鄰,青峰路,一段,,,,,147號十六樓,121.218993212807,25.0156937925178
桃園市中壢區青航里10鄰青峰路一段149號十樓,68,6800200,6800200-000,10鄰,青峰路,一段,,,,,149號十樓,121.218984285346,25.0157439128469
桃園市中壢區青航里10鄰青峰路一段149號三樓,68,6800200,6800200-000,10鄰,青峰路,一段,,,,,149號三樓,121.218984285346,25.0157439128469
桃園市中壢區青航里10鄰青峰路一段149號四樓,68,6800200,6800200-000,10鄰,青峰路,一段,,,,,149號四樓,121.218984285346,25.0157439128469
桃園市中壢區青航里10鄰青峰路一段149號五樓,68,6800200,6800200-000,10鄰,青峰路,一段,,,,,149號五樓,121.218984285346,25.0157439128469
桃園市中壢區青航里10鄰青峰路一段149號六樓,68,6800200,6800200-000,10鄰,青峰路,一段,,,,,149號六樓,121.218984285346,25.0157439128469
桃園市中壢區青航里10鄰青峰路一段149號七樓,68,6800200,6800200-000,10鄰,青峰路,一段,,,,,149號七樓,121.218984285346,25.0157439128469
桃園市中壢區青航里10鄰青峰路一段149號八樓,68,6800200,6800200-000,10鄰,青峰路,一段,,,,,149號八樓,121.218984285346,25.0157439128469
桃園市中壢區青航里10鄰青峰路一段149號九樓,68,6800200,6800200-000,10鄰,青峰路,一段,,,,,149號九樓,121.218984285346,25.0157439128469
桃園市中壢區青航里10鄰青峰路一段149號十一樓,68,6800200,6800200-000,10鄰,青峰路,一段,,,,,149號十一樓,121.218984285346,25.0157439128469
桃園市中壢區青航里10鄰青峰路一段149號十二樓,68,6800200,6800200-000,10鄰,青峰路,一段,,,,,149號十二樓,121.218984285346,25.0157439128469
桃園市中壢區青航里10鄰青峰路一段149號十三樓,68,6800200,6800200-000,10鄰,青峰路,一段,,,,,149號十三樓,121.218984285346,25.0157439128469
桃園市中壢區青航里10鄰青峰路一段149號十四樓,68,6800200,6800200-000,10鄰,青峰路,一段,,,,,149號十四樓,121.218984285346,25.0157439128469
桃園市中壢區青航里10鄰青峰路一段149號十五樓,68,6800200,6800200-000,10鄰,青峰路,一段,,,,,149號十五樓,121.218984285346,25.0157439128469
桃園市中壢區青航里10鄰青峰路一段149號十六樓,68,6800200,6800200-000,10鄰,青峰路,一段,,,,,149號十六樓,121.218984285346,25.0157439128469
桃園市中壢區青航里10鄰青峰路一段151號十樓,68,6800200,6800200-000,10鄰,青峰路,一段,,,,,151號十樓,121.218924910911,25.0157857111183
桃園市中壢區青航里10鄰青峰路一段151號三樓,68,6800200,6800200-000,10鄰,青峰路,一段,,,,,151號三樓,121.218924910911,25.0157857111183
桃園市中壢區青航里10鄰青峰路一段151號四樓,68,6800200,6800200-000,10鄰,青峰路,一段,,,,,151號四樓,121.218924910911,25.0157857111183
桃園市中壢區青航里10鄰青峰路一段151號五樓,68,6800200,6800200-000,10鄰,青峰路,一段,,,,,151號五樓,121.218924910911,25.0157857111183
桃園市中壢區青航里10鄰青峰路一段151號六樓,68,6800200,6800200-000,10鄰,青峰路,一段,,,,,151號六樓,121.218924910911,25.0157857111183
桃園市中壢區青航里10鄰青峰路一段151號七樓,68,6800200,6800200-000,10鄰,青峰路,一段,,,,,151號七樓,121.218924910911,25.0157857111183
桃園市中壢區青航里10鄰青峰路一段151號八樓,68,6800200,6800200-000,10鄰,青峰路,一段,,,,,151號八樓,121.218924910911,25.0157857111183
桃園市中壢區青航里10鄰青峰路一段151號九樓,68,6800200,6800200-000,10鄰,青峰路,一段,,,,,151號九樓,121.218924910911,25.0157857111183
桃園市中壢區青航里10鄰青峰路一段151號十一樓,68,6800200,6800200-000,10鄰,青峰路,一段,,,,,151號十一樓,121.218924910911,25.0157857111183
桃園市中壢區青航里10鄰青峰路一段151號十二樓,68,6800200,6800200-000,10鄰,青峰路,一段,,,,,151號十二樓,121.218924910911,25.0157857111183
桃園市中壢區青航里10鄰青峰路一段151號十三樓,68,6800200,6800200-000,10鄰,青峰路,一段,,,,,151號十三樓,121.218924910911,25.0157857111183
桃園市中壢區青航里10鄰青峰路一段151號十四樓,68,6800200,6800200-000,10鄰,青峰路,一段,,,,,151號十四樓,121.218924910911,25.0157857111183
桃園市中壢區青航里10鄰青峰路一段151號十五樓,68,6800200,6800200-000,10鄰,青峰路,一段,,,,,151號十五樓,121.218924910911,25.0157857111183
桃園市中壢區青航里10鄰青峰路一段151號十六樓,68,6800200,6800200-000,10鄰,青峰路,一段,,,,,151號十六樓,121.218924910911,25.0157857111183
桃園市中壢區青航里10鄰青峰路一段153號十樓,68,6800200,6800200-000,10鄰,青峰路,一段,,,,,153號十樓,121.21884676663,25.0158588652657
桃園市中壢區青航里10鄰青峰路一段153號三樓,68,6800200,6800200-000,10鄰,青峰路,一段,,,,,153號三樓,121.21884676663,25.0158588652657
桃園市中壢區青航里10鄰青峰路一段153號四樓,68,6800200,6800200-000,10鄰,青峰路,一段,,,,,153號四樓,121.21884676663,25.0158588652657
桃園市中壢區青航里10鄰青峰路一段153號五樓,68,6800200,6800200-000,10鄰,青峰路,一段,,,,,153號五樓,121.21884676663,25.0158588652657
桃園市中壢區青航里10鄰青峰路一段153號六樓,68,6800200,6800200-000,10鄰,青峰路,一段,,,,,153號六樓,121.21884676663,25.0158588652657
桃園市中壢區青航里10鄰青峰路一段153號七樓,68,6800200,6800200-000,10鄰,青峰路,一段,,,,,153號七樓,121.21884676663,25.0158588652657
桃園市中壢區青航里10鄰青峰路一段153號八樓,68,6800200,6800200-000,10鄰,青峰路,一段,,,,,153號八樓,121.21884676663,25.0158588652657
桃園市中壢區青航里10鄰青峰路一段153號九樓,68,6800200,6800200-000,10鄰,青峰路,一段,,,,,153號九樓,121.21884676663,25.0158588652657
桃園市中壢區青航里10鄰青峰路一段153號十一樓,68,6800200,6800200-000,10鄰,青峰路,一段,,,,,153號十一樓,121.21884676663,25.0158588652657
桃園市中壢區青航里10鄰青峰路一段153號十二樓,68,6800200,6800200-000,10鄰,青峰路,一段,,,,,153號十二樓,121.21884676663,25.0158588652657
桃園市中壢區青航里10鄰青峰路一段153號十三樓,68,6800200,6800200-000,10鄰,青峰路,一段,,,,,153號十三樓,121.21884676663,25.0158588652657
桃園市中壢區青航里10鄰青峰路一段153號十四樓,68,6800200,6800200-000,10鄰,青峰路,一段,,,,,153號十四樓,121.21884676663,25.0158588652657
桃園市中壢區青航里10鄰青峰路一段153號十五樓,68,6800200,6800200-000,10鄰,青峰路,一段,,,,,153號十五樓,121.21884676663,25.0158588652657
桃園市中壢區青航里10鄰青峰路一段153號十六樓,68,6800200,6800200-000,10鄰,青峰路,一段,,,,,153號十六樓,121.21884676663,25.0158588652657
桃園市中壢區青航里10鄰青峰路一段155號十樓,68,6800200,6800200-000,10鄰,青峰路,一段,,,,,155號十樓,121.218808772743,25.0158888952046
桃園市中壢區青航里10鄰青峰路一段155號三樓,68,6800200,6800200-000,10鄰,青峰路,一段,,,,,155號三樓,121.218808772743,25.0158888952046
桃園市中壢區青航里10鄰青峰路一段155號四樓,68,6800200,6800200-000,10鄰,青峰路,一段,,,,,155號四樓,121.218808772743,25.0158888952046
桃園市中壢區青航里10鄰青峰路一段155號五樓,68,6800200,6800200-000,10鄰,青峰路,一段,,,,,155號五樓,121.218808772743,25.0158888952046
桃園市中壢區青航里10鄰青峰路一段155號六樓,68,6800200,6800200-000,10鄰,青峰路,一段,,,,,155號六樓,121.218808772743,25.0158888952046
桃園市中壢區青航里10鄰青峰路一段155號七樓,68,6800200,6800200-000,10鄰,青峰路,一段,,,,,155號七樓,121.218808772743,25.0158888952046
桃園市中壢區青航里10鄰青峰路一段155號八樓,68,6800200,6800200-000,10鄰,青峰路,一段,,,,,155號八樓,121.218808772743,25.0158888952046
桃園市中壢區青航里10鄰青峰路一段155號九樓,68,6800200,6800200-000,10鄰,青峰路,一段,,,,,155號九樓,121.218808772743,25.0158888952046
桃園市中壢區青航里10鄰青峰路一段155號十一樓,68,6800200,6800200-000,10鄰,青峰路,一段,,,,,155號十一樓,121.218808772743,25.0158888952046
桃園市中壢區青航里10鄰青峰路一段155號十二樓,68,6800200,6800200-000,10鄰,青峰路,一段,,,,,155號十二樓,121.218808772743,25.0158888952046
桃園市中壢區青航里10鄰青峰路一段155號十三樓,68,6800200,6800200-000,10鄰,青峰路,一段,,,,,155號十三樓,121.218808772743,25.0158888952046
桃園市中壢區青航里10鄰青峰路一段155號十四樓,68,6800200,6800200-000,10鄰,青峰路,一段,,,,,155號十四樓,121.218808772743,25.0158888952046
桃園市中壢區青航里10鄰青峰路一段155號十五樓,68,6800200,6800200-000,10鄰,青峰路,一段,,,,,155號十五樓,121.218808772743,25.0158888952046
桃園市中壢區青航里10鄰青峰路一段155號十六樓,68,6800200,6800200-000,10鄰,青峰路,一段,,,,,155號十六樓,121.218808772743,25.0158888952046
桃園市中壢區青航里10鄰青峰路一段157號十樓,68,6800200,6800200-000,10鄰,青峰路,一段,,,,,157號十樓,121.218548326789,25.0160783312668
桃園市中壢區青航里10鄰青峰路一段157號三樓,68,6800200,6800200-000,10鄰,青峰路,一段,,,,,157號三樓,121.218548326789,25.0160783312668
桃園市中壢區青航里10鄰青峰路一段157號四樓,68,6800200,6800200-000,10鄰,青峰路,一段,,,,,157號四樓,121.218548326789,25.0160783312668
桃園市中壢區青航里10鄰青峰路一段157號五樓,68,6800200,6800200-000,10鄰,青峰路,一段,,,,,157號五樓,121.218548326789,25.0160783312668
桃園市中壢區青航里10鄰青峰路一段157號六樓,68,6800200,6800200-000,10鄰,青峰路,一段,,,,,157號六樓,121.218548326789,25.0160783312668
桃園市中壢區青航里10鄰青峰路一段157號七樓,68,6800200,6800200-000,10鄰,青峰路,一段,,,,,157號七樓,121.218548326789,25.0160783312668
桃園市中壢區青航里10鄰青峰路一段157號八樓,68,6800200,6800200-000,10鄰,青峰路,一段,,,,,157號八樓,121.218548326789,25.0160783312668
桃園市中壢區青航里10鄰青峰路一段157號九樓,68,6800200,6800200-000,10鄰,青峰路,一段,,,,,157號九樓,121.218548326789,25.0160783312668
桃園市中壢區青航里10鄰青峰路一段157號十一樓,68,6800200,6800200-000,10鄰,青峰路,一段,,,,,157號十一樓,121.218548326789,25.0160783312668
桃園市中壢區青航里10鄰青峰路一段157號十二樓,68,6800200,6800200-000,10鄰,青峰路,一段,,,,,157號十二樓,121.218548326789,25.0160783312668
桃園市中壢區青航里10鄰青峰路一段157號十三樓,68,6800200,6800200-000,10鄰,青峰路,一段,,,,,157號十三樓,121.218548326789,25.0160783312668
桃園市中壢區青航里10鄰青峰路一段157號十四樓,68,6800200,6800200-000,10鄰,青峰路,一段,,,,,157號十四樓,121.218548326789,25.0160783312668
桃園市中壢區青航里10鄰青峰路一段157號十五樓,68,6800200,6800200-000,10鄰,青峰路,一段,,,,,157號十五樓,121.218548326789,25.0160783312668
桃園市中壢區青航里10鄰青峰路一段159號十樓,68,6800200,6800200-000,10鄰,青峰路,一段,,,,,159號十樓,121.218649797228,25.0161406580718
桃園市中壢區青航里10鄰青峰路一段159號三樓,68,6800200,6800200-000,10鄰,青峰路,一段,,,,,159號三樓,121.218649797228,25.0161406580718
桃園市中壢區青航里10鄰青峰路一段159號四樓,68,6800200,6800200-000,10鄰,青峰路,一段,,,,,159號四樓,121.218649797228,25.0161406580718
桃園市中壢區青航里10鄰青峰路一段159號五樓,68,6800200,6800200-000,10鄰,青峰路,一段,,,,,159號五樓,121.218649797228,25.0161406580718
桃園市中壢區青航里10鄰青峰路一段159號六樓,68,6800200,6800200-000,10鄰,青峰路,一段,,,,,159號六樓,121.218649797228,25.0161406580718
桃園市中壢區青航里10鄰青峰路一段159號七樓,68,6800200,6800200-000,10鄰,青峰路,一段,,,,,159號七樓,121.218649797228,25.0161406580718
桃園市中壢區青航里10鄰青峰路一段159號八樓,68,6800200,6800200-000,10鄰,青峰路,一段,,,,,159號八樓,121.218649797228,25.0161406580718
桃園市中壢區青航里10鄰青峰路一段159號九樓,68,6800200,6800200-000,10鄰,青峰路,一段,,,,,159號九樓,121.218649797228,25.0161406580718
桃園市中壢區青航里10鄰青峰路一段159號十一樓,68,6800200,6800200-000,10鄰,青峰路,一段,,,,,159號十一樓,121.218649797228,25.0161406580718
桃園市中壢區青航里10鄰青峰路一段159號十二樓,68,6800200,6800200-000,10鄰,青峰路,一段,,,,,159號十二樓,121.218649797228,25.0161406580718
桃園市中壢區青航里10鄰青峰路一段159號十三樓,68,6800200,6800200-000,10鄰,青峰路,一段,,,,,159號十三樓,121.218649797228,25.0161406580718
桃園市中壢區青航里10鄰青峰路一段159號十四樓,68,6800200,6800200-000,10鄰,青峰路,一段,,,,,159號十四樓,121.218649797228,25.0161406580718
桃園市中壢區青航里10鄰青峰路一段159號十五樓,68,6800200,6800200-000,10鄰,青峰路,一段,,,,,159號十五樓,121.218649797228,25.0161406580718
桃園市中壢區青航里10鄰青峰路一段161號十樓,68,6800200,6800200-000,10鄰,青峰路,一段,,,,,161號十樓,121.218720979363,25.0162201831709
桃園市中壢區青航里10鄰青峰路一段161號三樓,68,6800200,6800200-000,10鄰,青峰路,一段,,,,,161號三樓,121.218720979363,25.0162201831709
桃園市中壢區青航里10鄰青峰路一段161號四樓,68,6800200,6800200-000,10鄰,青峰路,一段,,,,,161號四樓,121.218720979363,25.0162201831709
桃園市中壢區青航里10鄰青峰路一段161號五樓,68,6800200,6800200-000,10鄰,青峰路,一段,,,,,161號五樓,121.218720979363,25.0162201831709
桃園市中壢區青航里10鄰青峰路一段161號六樓,68,6800200,6800200-000,10鄰,青峰路,一段,,,,,161號六樓,121.218720979363,25.0162201831709
桃園市中壢區青航里10鄰青峰路一段161號七樓,68,6800200,6800200-000,10鄰,青峰路,一段,,,,,161號七樓,121.218720979363,25.0162201831709
桃園市中壢區青航里10鄰青峰路一段161號八樓,68,6800200,6800200-000,10鄰,青峰路,一段,,,,,161號八樓,121.218720979363,25.0162201831709
桃園市中壢區青航里10鄰青峰路一段161號九樓,68,6800200,6800200-000,10鄰,青峰路,一段,,,,,161號九樓,121.218720979363,25.0162201831709
桃園市中壢區青航里10鄰青峰路一段161號十一樓,68,6800200,6800200-000,10鄰,青峰路,一段,,,,,161號十一樓,121.218720979363,25.0162201831709
桃園市中壢區青航里10鄰青峰路一段161號十二樓,68,6800200,6800200-000,10鄰,青峰路,一段,,,,,161號十二樓,121.218720979363,25.0162201831709
桃園市中壢區青航里10鄰青峰路一段161號十三樓,68,6800200,6800200-000,10鄰,青峰路,一段,,,,,161號十三樓,121.218720979363,25.0162201831709
桃園市中壢區青航里10鄰青峰路一段161號十四樓,68,6800200,6800200-000,10鄰,青峰路,一段,,,,,161號十四樓,121.218720979363,25.0162201831709
桃園市中壢區青航里10鄰青峰路一段161號十五樓,68,6800200,6800200-000,10鄰,青峰路,一段,,,,,161號十五樓,121.218720979363,25.0162201831709
桃園市中壢區青航里10鄰青峰路一段163號十樓,68,6800200,6800200-000,10鄰,青峰路,一段,,,,,163號十樓,121.218791226181,25.0162750622962
桃園市中壢區青航里10鄰青峰路一段163號三樓,68,6800200,6800200-000,10鄰,青峰路,一段,,,,,163號三樓,121.218791226181,25.0162750622962
桃園市中壢區青航里10鄰青峰路一段163號四樓,68,6800200,6800200-000,10鄰,青峰路,一段,,,,,163號四樓,121.218791226181,25.0162750622962
桃園市中壢區青航里10鄰青峰路一段163號五樓,68,6800200,6800200-000,10鄰,青峰路,一段,,,,,163號五樓,121.218791226181,25.0162750622962
桃園市中壢區青航里10鄰青峰路一段163號六樓,68,6800200,6800200-000,10鄰,青峰路,一段,,,,,163號六樓,121.218791226181,25.0162750622962
桃園市中壢區青航里10鄰青峰路一段163號七樓,68,6800200,6800200-000,10鄰,青峰路,一段,,,,,163號七樓,121.218791226181,25.0162750622962
桃園市中壢區青航里10鄰青峰路一段163號八樓,68,6800200,6800200-000,10鄰,青峰路,一段,,,,,163號八樓,121.218791226181,25.0162750622962
桃園市中壢區青航里10鄰青峰路一段163號九樓,68,6800200,6800200-000,10鄰,青峰路,一段,,,,,163號九樓,121.218791226181,25.0162750622962
桃園市中壢區青航里10鄰青峰路一段163號十一樓,68,6800200,6800200-000,10鄰,青峰路,一段,,,,,163號十一樓,121.218791226181,25.0162750622962
桃園市中壢區青航里10鄰青峰路一段163號十二樓,68,6800200,6800200-000,10鄰,青峰路,一段,,,,,163號十二樓,121.218791226181,25.0162750622962
桃園市中壢區青航里10鄰青峰路一段163號十三樓,68,6800200,6800200-000,10鄰,青峰路,一段,,,,,163號十三樓,121.218791226181,25.0162750622962
桃園市中壢區青航里10鄰青峰路一段163號十四樓,68,6800200,6800200-000,10鄰,青峰路,一段,,,,,163號十四樓,121.218791226181,25.0162750622962
桃園市中壢區青航里10鄰青峰路一段163號十五樓,68,6800200,6800200-000,10鄰,青峰路,一段,,,,,163號十五樓,121.218791226181,25.0162750622962
桃園市中壢區青航里10鄰青峰路一段165號十樓,68,6800200,6800200-000,10鄰,青峰路,一段,,,,,165號十樓,121.218845810081,25.0163253599977
桃園市中壢區青航里10鄰青峰路一段165號三樓,68,6800200,6800200-000,10鄰,青峰路,一段,,,,,165號三樓,121.218845810081,25.0163253599977
桃園市中壢區青航里10鄰青峰路一段165號四樓,68,6800200,6800200-000,10鄰,青峰路,一段,,,,,165號四樓,121.218845810081,25.0163253599977
桃園市中壢區青航里10鄰青峰路一段165號五樓,68,6800200,6800200-000,10鄰,青峰路,一段,,,,,165號五樓,121.218845810081,25.0163253599977
桃園市中壢區青航里10鄰青峰路一段165號六樓,68,6800200,6800200-000,10鄰,青峰路,一段,,,,,165號六樓,121.218845810081,25.0163253599977
桃園市中壢區青航里10鄰青峰路一段165號七樓,68,6800200,6800200-000,10鄰,青峰路,一段,,,,,165號七樓,121.218845810081,25.0163253599977
桃園市中壢區青航里10鄰青峰路一段165號八樓,68,6800200,6800200-000,10鄰,青峰路,一段,,,,,165號八樓,121.218845810081,25.0163253599977
桃園市中壢區青航里10鄰青峰路一段165號九樓,68,6800200,6800200-000,10鄰,青峰路,一段,,,,,165號九樓,121.218845810081,25.0163253599977
桃園市中壢區青航里10鄰青峰路一段165號十一樓,68,6800200,6800200-000,10鄰,青峰路,一段,,,,,165號十一樓,121.218845810081,25.0163253599977
桃園市中壢區青航里10鄰青峰路一段165號十二樓,68,6800200,6800200-000,10鄰,青峰路,一段,,,,,165號十二樓,121.218845810081,25.0163253599977
桃園市中壢區青航里10鄰青峰路一段165號十三樓,68,6800200,6800200-000,10鄰,青峰路,一段,,,,,165號十三樓,121.218845810081,25.0163253599977
桃園市中壢區青航里10鄰青峰路一段165號十四樓,68,6800200,6800200-000,10鄰,青峰路,一段,,,,,165號十四樓,121.218845810081,25.0163253599977
桃園市中壢區青航里10鄰青峰路一段165號十五樓,68,6800200,6800200-000,10鄰,青峰路,一段,,,,,165號十五樓,121.218845810081,25.0163253599977
桃園市中壢區青航里10鄰青峰路一段167號十樓,68,6800200,6800200-000,10鄰,青峰路,一段,,,,,167號十樓,121.218921893965,25.0162634942878
桃園市中壢區青航里10鄰青峰路一段167號三樓,68,6800200,6800200-000,10鄰,青峰路,一段,,,,,167號三樓,121.218921893965,25.0162634942878
桃園市中壢區青航里10鄰青峰路一段167號四樓,68,6800200,6800200-000,10鄰,青峰路,一段,,,,,167號四樓,121.218921893965,25.0162634942878
桃園市中壢區青航里10鄰青峰路一段167號五樓,68,6800200,6800200-000,10鄰,青峰路,一段,,,,,167號五樓,121.218921893965,25.0162634942878
桃園市中壢區青航里10鄰青峰路一段167號六樓,68,6800200,6800200-000,10鄰,青峰路,一段,,,,,167號六樓,121.218921893965,25.0162634942878
桃園市中壢區青航里10鄰青峰路一段167號七樓,68,6800200,6800200-000,10鄰,青峰路,一段,,,,,167號七樓,121.218921893965,25.0162634942878
桃園市中壢區青航里10鄰青峰路一段167號八樓,68,6800200,6800200-000,10鄰,青峰路,一段,,,,,167號八樓,121.218921893965,25.0162634942878
桃園市中壢區青航里10鄰青峰路一段167號九樓,68,6800200,6800200-000,10鄰,青峰路,一段,,,,,167號九樓,121.218921893965,25.0162634942878
桃園市中壢區青航里10鄰青峰路一段167號十一樓,68,6800200,6800200-000,10鄰,青峰路,一段,,,,,167號十一樓,121.218921893965,25.0162634942878
桃園市中壢區青航里10鄰青峰路一段167號十二樓,68,6800200,6800200-000,10鄰,青峰路,一段,,,,,167號十二樓,121.218921893965,25.0162634942878
桃園市中壢區青航里10鄰青峰路一段167號十三樓,68,6800200,6800200-000,10鄰,青峰路,一段,,,,,167號十三樓,121.218921893965,25.0162634942878
桃園市中壢區青航里10鄰青峰路一段167號十四樓,68,6800200,6800200-000,10鄰,青峰路,一段,,,,,167號十四樓,121.218921893965,25.0162634942878
桃園市中壢區青航里10鄰青峰路一段167號十五樓,68,6800200,6800200-000,10鄰,青峰路,一段,,,,,167號十五樓,121.218921893965,25.0162634942878
桃園市中壢區青航里10鄰青峰路一段169號十樓,68,6800200,6800200-000,10鄰,青峰路,一段,,,,,169號十樓,121.218876055763,25.0162281707524
桃園市中壢區青航里10鄰青峰路一段169號三樓,68,6800200,6800200-000,10鄰,青峰路,一段,,,,,169號三樓,121.218876055763,25.0162281707524
桃園市中壢區青航里10鄰青峰路一段169號四樓,68,6800200,6800200-000,10鄰,青峰路,一段,,,,,169號四樓,121.218876055763,25.0162281707524
桃園市中壢區青航里10鄰青峰路一段169號五樓,68,6800200,6800200-000,10鄰,青峰路,一段,,,,,169號五樓,121.218876055763,25.0162281707524
桃園市中壢區青航里10鄰青峰路一段169號六樓,68,6800200,6800200-000,10鄰,青峰路,一段,,,,,169號六樓,121.218876055763,25.0162281707524
桃園市中壢區青航里10鄰青峰路一段169號七樓,68,6800200,6800200-000,10鄰,青峰路,一段,,,,,169號七樓,121.218876055763,25.0162281707524
桃園市中壢區青航里10鄰青峰路一段169號八樓,68,6800200,6800200-000,10鄰,青峰路,一段,,,,,169號八樓,121.218876055763,25.0162281707524
桃園市中壢區青航里10鄰青峰路一段169號九樓,68,6800200,6800200-000,10鄰,青峰路,一段,,,,,169號九樓,121.218876055763,25.0162281707524
桃園市中壢區青航里10鄰青峰路一段169號十一樓,68,6800200,6800200-000,10鄰,青峰路,一段,,,,,169號十一樓,121.218876055763,25.0162281707524
桃園市中壢區青航里10鄰青峰路一段169號十二樓,68,6800200,6800200-000,10鄰,青峰路,一段,,,,,169號十二樓,121.218876055763,25.0162281707524
桃園市中壢區青航里10鄰青峰路一段169號十三樓,68,6800200,6800200-000,10鄰,青峰路,一段,,,,,169號十三樓,121.218876055763,25.0162281707524
桃園市中壢區青航里10鄰青峰路一段169號十四樓,68,6800200,6800200-000,10鄰,青峰路,一段,,,,,169號十四樓,121.218876055763,25.0162281707524
桃園市中壢區青航里10鄰青峰路一段169號十五樓,68,6800200,6800200-000,10鄰,青峰路,一段,,,,,169號十五樓,121.218876055763,25.0162281707524
桃園市中壢區青航里10鄰青峰路一段171號十樓,68,6800200,6800200-000,10鄰,青峰路,一段,,,,,171號十樓,121.218814619464,25.016168945108
桃園市中壢區青航里10鄰青峰路一段171號三樓,68,6800200,6800200-000,10鄰,青峰路,一段,,,,,171號三樓,121.218814619464,25.016168945108
桃園市中壢區青航里10鄰青峰路一段171號四樓,68,6800200,6800200-000,10鄰,青峰路,一段,,,,,171號四樓,121.218814619464,25.016168945108
桃園市中壢區青航里10鄰青峰路一段171號五樓,68,6800200,6800200-000,10鄰,青峰路,一段,,,,,171號五樓,121.218814619464,25.016168945108
桃園市中壢區青航里10鄰青峰路一段171號六樓,68,6800200,6800200-000,10鄰,青峰路,一段,,,,,171號六樓,121.218814619464,25.016168945108
桃園市中壢區青航里10鄰青峰路一段171號七樓,68,6800200,6800200-000,10鄰,青峰路,一段,,,,,171號七樓,121.218814619464,25.016168945108
桃園市中壢區青航里10鄰青峰路一段171號八樓,68,6800200,6800200-000,10鄰,青峰路,一段,,,,,171號八樓,121.218814619464,25.016168945108
桃園市中壢區青航里10鄰青峰路一段171號九樓,68,6800200,6800200-000,10鄰,青峰路,一段,,,,,171號九樓,121.218814619464,25.016168945108
桃園市中壢區青航里10鄰青峰路一段171號十一樓,68,6800200,6800200-000,10鄰,青峰路,一段,,,,,171號十一樓,121.218814619464,25.016168945108
桃園市中壢區青航里10鄰青峰路一段171號十二樓,68,6800200,6800200-000,10鄰,青峰路,一段,,,,,171號十二樓,121.218814619464,25.016168945108
桃園市中壢區青航里10鄰青峰路一段171號十三樓,68,6800200,6800200-000,10鄰,青峰路,一段,,,,,171號十三樓,121.218814619464,25.016168945108
桃園市中壢區青航里10鄰青峰路一段171號十四樓,68,6800200,6800200-000,10鄰,青峰路,一段,,,,,171號十四樓,121.218814619464,25.016168945108
桃園市中壢區青航里10鄰青峰路一段171號十五樓,68,6800200,6800200-000,10鄰,青峰路,一段,,,,,171號十五樓,121.218814619464,25.016168945108
桃園市中壢區青航里10鄰青峰路一段173號十樓,68,6800200,6800200-000,10鄰,青峰路,一段,,,,,173號十樓,121.218773646477,25.0160275316134
桃園市中壢區青航里10鄰青峰路一段173號三樓,68,6800200,6800200-000,10鄰,青峰路,一段,,,,,173號三樓,121.218773646477,25.0160275316134
桃園市中壢區青航里10鄰青峰路一段173號四樓,68,6800200,6800200-000,10鄰,青峰路,一段,,,,,173號四樓,121.218773646477,25.0160275316134
桃園市中壢區青航里10鄰青峰路一段173號五樓,68,6800200,6800200-000,10鄰,青峰路,一段,,,,,173號五樓,121.218773646477,25.0160275316134
桃園市中壢區青航里10鄰青峰路一段173號六樓,68,6800200,6800200-000,10鄰,青峰路,一段,,,,,173號六樓,121.218773646477,25.0160275316134
桃園市中壢區青航里10鄰青峰路一段173號七樓,68,6800200,6800200-000,10鄰,青峰路,一段,,,,,173號七樓,121.218773646477,25.0160275316134
桃園市中壢區青航里10鄰青峰路一段173號八樓,68,6800200,6800200-000,10鄰,青峰路,一段,,,,,173號八樓,121.218773646477,25.0160275316134
桃園市中壢區青航里10鄰青峰路一段173號九樓,68,6800200,6800200-000,10鄰,青峰路,一段,,,,,173號九樓,121.218773646477,25.0160275316134
桃園市中壢區青航里10鄰青峰路一段173號十一樓,68,6800200,6800200-000,10鄰,青峰路,一段,,,,,173號十一樓,121.218773646477,25.0160275316134
桃園市中壢區青航里10鄰青峰路一段173號十二樓,68,6800200,6800200-000,10鄰,青峰路,一段,,,,,173號十二樓,121.218773646477,25.0160275316134
桃園市中壢區青航里10鄰青峰路一段173號十三樓,68,6800200,6800200-000,10鄰,青峰路,一段,,,,,173號十三樓,121.218773646477,25.0160275316134
桃園市中壢區青航里10鄰青峰路一段173號十四樓,68,6800200,6800200-000,10鄰,青峰路,一段,,,,,173號十四樓,121.218773646477,25.0160275316134
桃園市中壢區青航里10鄰青峰路一段173號十五樓,68,6800200,6800200-000,10鄰,青峰路,一段,,,,,173號十五樓,121.218773646477,25.0160275316134
桃園市中壢區青航里10鄰青峰路一段175號十樓,68,6800200,6800200-000,10鄰,青峰路,一段,,,,,175號十樓,121.218840954269,25.0159895136218
桃園市中壢區青航里10鄰青峰路一段175號三樓,68,6800200,6800200-000,10鄰,青峰路,一段,,,,,175號三樓,121.218840954269,25.0159895136218
桃園市中壢區青航里10鄰青峰路一段175號四樓,68,6800200,6800200-000,10鄰,青峰路,一段,,,,,175號四樓,121.218840954269,25.0159895136218
桃園市中壢區青航里10鄰青峰路一段175號五樓,68,6800200,6800200-000,10鄰,青峰路,一段,,,,,175號五樓,121.218840954269,25.0159895136218
桃園市中壢區青航里10鄰青峰路一段175號六樓,68,6800200,6800200-000,10鄰,青峰路,一段,,,,,175號六樓,121.218840954269,25.0159895136218
桃園市中壢區青航里10鄰青峰路一段175號七樓,68,6800200,6800200-000,10鄰,青峰路,一段,,,,,175號七樓,121.218840954269,25.0159895136218
桃園市中壢區青航里10鄰青峰路一段175號八樓,68,6800200,6800200-000,10鄰,青峰路,一段,,,,,175號八樓,121.218840954269,25.0159895136218
桃園市中壢區青航里10鄰青峰路一段175號九樓,68,6800200,6800200-000,10鄰,青峰路,一段,,,,,175號九樓,121.218840954269,25.0159895136218
桃園市中壢區青航里10鄰青峰路一段175號十一樓,68,6800200,6800200-000,10鄰,青峰路,一段,,,,,175號十一樓,121.218840954269,25.0159895136218
桃園市中壢區青航里10鄰青峰路一段175號十二樓,68,6800200,6800200-000,10鄰,青峰路,一段,,,,,175號十二樓,121.218840954269,25.0159895136218
桃園市中壢區青航里10鄰青峰路一段175號十三樓,68,6800200,6800200-000,10鄰,青峰路,一段,,,,,175號十三樓,121.218840954269,25.0159895136218
桃園市中壢區青航里10鄰青峰路一段175號十四樓,68,6800200,6800200-000,10鄰,青峰路,一段,,,,,175號十四樓,121.218840954269,25.0159895136218
桃園市中壢區青航里10鄰青峰路一段175號十五樓,68,6800200,6800200-000,10鄰,青峰路,一段,,,,,175號十五樓,121.218840954269,25.0159895136218
桃園市中壢區青航里10鄰青峰路一段177號十樓,68,6800200,6800200-000,10鄰,青峰路,一段,,,,,177號十樓,121.218767744767,25.0159400558684
桃園市中壢區青航里10鄰青峰路一段177號三樓,68,6800200,6800200-000,10鄰,青峰路,一段,,,,,177號三樓,121.218767744767,25.0159400558684
桃園市中壢區青航里10鄰青峰路一段177號四樓,68,6800200,6800200-000,10鄰,青峰路,一段,,,,,177號四樓,121.218767744767,25.0159400558684
桃園市中壢區青航里10鄰青峰路一段177號五樓,68,6800200,6800200-000,10鄰,青峰路,一段,,,,,177號五樓,121.218767744767,25.0159400558684
桃園市中壢區青航里10鄰青峰路一段177號六樓,68,6800200,6800200-000,10鄰,青峰路,一段,,,,,177號六樓,121.218767744767,25.0159400558684
桃園市中壢區青航里10鄰青峰路一段177號七樓,68,6800200,6800200-000,10鄰,青峰路,一段,,,,,177號七樓,121.218767744767,25.0159400558684
桃園市中壢區青航里10鄰青峰路一段177號八樓,68,6800200,6800200-000,10鄰,青峰路,一段,,,,,177號八樓,121.218767744767,25.0159400558684
桃園市中壢區青航里10鄰青峰路一段177號九樓,68,6800200,6800200-000,10鄰,青峰路,一段,,,,,177號九樓,121.218767744767,25.0159400558684
桃園市中壢區青航里10鄰青峰路一段177號十一樓,68,6800200,6800200-000,10鄰,青峰路,一段,,,,,177號十一樓,121.218767744767,25.0159400558684
桃園市中壢區青航里10鄰青峰路一段177號十二樓,68,6800200,6800200-000,10鄰,青峰路,一段,,,,,177號十二樓,121.218767744767,25.0159400558684
桃園市中壢區青航里10鄰青峰路一段177號十三樓,68,6800200,6800200-000,10鄰,青峰路,一段,,,,,177號十三樓,121.218767744767,25.0159400558684
桃園市中壢區青航里10鄰青峰路一段177號十四樓,68,6800200,6800200-000,10鄰,青峰路,一段,,,,,177號十四樓,121.218767744767,25.0159400558684
桃園市中壢區青航里10鄰青峰路一段177號十五樓,68,6800200,6800200-000,10鄰,青峰路,一段,,,,,177號十五樓,121.218767744767,25.0159400558684
桃園市中壢區青航里10鄰青峰路一段179號十樓,68,6800200,6800200-000,10鄰,青峰路,一段,,,,,179號十樓,121.218724895874,25.0159700929287
桃園市中壢區青航里10鄰青峰路一段179號三樓,68,6800200,6800200-000,10鄰,青峰路,一段,,,,,179號三樓,121.218724895874,25.0159700929287
桃園市中壢區青航里10鄰青峰路一段179號四樓,68,6800200,6800200-000,10鄰,青峰路,一段,,,,,179號四樓,121.218724895874,25.0159700929287
桃園市中壢區青航里10鄰青峰路一段179號五樓,68,6800200,6800200-000,10鄰,青峰路,一段,,,,,179號五樓,121.218724895874,25.0159700929287
桃園市中壢區青航里10鄰青峰路一段179號六樓,68,6800200,6800200-000,10鄰,青峰路,一段,,,,,179號六樓,121.218724895874,25.0159700929287
桃園市中壢區青航里10鄰青峰路一段179號七樓,68,6800200,6800200-000,10鄰,青峰路,一段,,,,,179號七樓,121.218724895874,25.0159700929287
桃園市中壢區青航里10鄰青峰路一段179號八樓,68,6800200,6800200-000,10鄰,青峰路,一段,,,,,179號八樓,121.218724895874,25.0159700929287
桃園市中壢區青航里10鄰青峰路一段179號九樓,68,6800200,6800200-000,10鄰,青峰路,一段,,,,,179號九樓,121.218724895874,25.0159700929287
桃園市中壢區青航里10鄰青峰路一段179號十一樓,68,6800200,6800200-000,10鄰,青峰路,一段,,,,,179號十一樓,121.218724895874,25.0159700929287
桃園市中壢區青航里10鄰青峰路一段179號十二樓,68,6800200,6800200-000,10鄰,青峰路,一段,,,,,179號十二樓,121.218724895874,25.0159700929287
桃園市中壢區青航里10鄰青峰路一段179號十三樓,68,6800200,6800200-000,10鄰,青峰路,一段,,,,,179號十三樓,121.218724895874,25.0159700929287
桃園市中壢區青航里10鄰青峰路一段179號十四樓,68,6800200,6800200-000,10鄰,青峰路,一段,,,,,179號十四樓,121.218724895874,25.0159700929287
桃園市中壢區青航里10鄰青峰路一段179號十五樓,68,6800200,6800200-000,10鄰,青峰路,一段,,,,,179號十五樓,121.218724895874,25.0159700929287
桃園市中壢區青航里10鄰青峰路一段181號十樓,68,6800200,6800200-000,10鄰,青峰路,一段,,,,,181號十樓,121.218670264173,25.016004571182
桃園市中壢區青航里10鄰青峰路一段181號三樓,68,6800200,6800200-000,10鄰,青峰路,一段,,,,,181號三樓,121.218670264173,25.016004571182
桃園市中壢區青航里10鄰青峰路一段181號四樓,68,6800200,6800200-000,10鄰,青峰路,一段,,,,,181號四樓,121.218670264173,25.016004571182
桃園市中壢區青航里10鄰青峰路一段181號五樓,68,6800200,6800200-000,10鄰,青峰路,一段,,,,,181號五樓,121.218670264173,25.016004571182
桃園市中壢區青航里10鄰青峰路一段181號六樓,68,6800200,6800200-000,10鄰,青峰路,一段,,,,,181號六樓,121.218670264173,25.016004571182
桃園市中壢區青航里10鄰青峰路一段181號七樓,68,6800200,6800200-000,10鄰,青峰路,一段,,,,,181號七樓,121.218670264173,25.016004571182
桃園市中壢區青航里10鄰青峰路一段181號八樓,68,6800200,6800200-000,10鄰,青峰路,一段,,,,,181號八樓,121.218670264173,25.016004571182
桃園市中壢區青航里10鄰青峰路一段181號九樓,68,6800200,6800200-000,10鄰,青峰路,一段,,,,,181號九樓,121.218670264173,25.016004571182
桃園市中壢區青航里10鄰青峰路一段181號十一樓,68,6800200,6800200-000,10鄰,青峰路,一段,,,,,181號十一樓,121.218670264173,25.016004571182
桃園市中壢區青航里10鄰青峰路一段181號十二樓,68,6800200,6800200-000,10鄰,青峰路,一段,,,,,181號十二樓,121.218670264173,25.016004571182
桃園市中壢區青航里10鄰青峰路一段181號十三樓,68,6800200,6800200-000,10鄰,青峰路,一段,,,,,181號十三樓,121.218670264173,25.016004571182
桃園市中壢區青航里10鄰青峰路一段181號十四樓,68,6800200,6800200-000,10鄰,青峰路,一段,,,,,181號十四樓,121.218670264173,25.016004571182
桃園市中壢區青航里10鄰青峰路一段181號十五樓,68,6800200,6800200-000,10鄰,青峰路,一段,,,,,181號十五樓,121.218670264173,25.016004571182
桃園市中壢區青航里10鄰青峰路一段183號十樓,68,6800200,6800200-000,10鄰,青峰路,一段,,,,,183號十樓,121.218620492041,25.0160416604835
桃園市中壢區青航里10鄰青峰路一段183號三樓,68,6800200,6800200-000,10鄰,青峰路,一段,,,,,183號三樓,121.218620492041,25.0160416604835
桃園市中壢區青航里10鄰青峰路一段183號四樓,68,6800200,6800200-000,10鄰,青峰路,一段,,,,,183號四樓,121.218620492041,25.0160416604835
桃園市中壢區青航里10鄰青峰路一段183號五樓,68,6800200,6800200-000,10鄰,青峰路,一段,,,,,183號五樓,121.218620492041,25.0160416604835
桃園市中壢區青航里10鄰青峰路一段183號六樓,68,6800200,6800200-000,10鄰,青峰路,一段,,,,,183號六樓,121.218620492041,25.0160416604835
桃園市中壢區青航里10鄰青峰路一段183號七樓,68,6800200,6800200-000,10鄰,青峰路,一段,,,,,183號七樓,121.218620492041,25.0160416604835
桃園市中壢區青航里10鄰青峰路一段183號八樓,68,6800200,6800200-000,10鄰,青峰路,一段,,,,,183號八樓,121.218620492041,25.0160416604835
桃園市中壢區青航里10鄰青峰路一段183號九樓,68,6800200,6800200-000,10鄰,青峰路,一段,,,,,183號九樓,121.218620492041,25.0160416604835
桃園市中壢區青航里10鄰青峰路一段183號十一樓,68,6800200,6800200-000,10鄰,青峰路,一段,,,,,183號十一樓,121.218620492041,25.0160416604835
桃園市中壢區青航里10鄰青峰路一段183號十二樓,68,6800200,6800200-000,10鄰,青峰路,一段,,,,,183號十二樓,121.218620492041,25.0160416604835
桃園市中壢區青航里10鄰青峰路一段183號十三樓,68,6800200,6800200-000,10鄰,青峰路,一段,,,,,183號十三樓,121.218620492041,25.0160416604835
桃園市中壢區青航里10鄰青峰路一段183號十四樓,68,6800200,6800200-000,10鄰,青峰路,一段,,,,,183號十四樓,121.218620492041,25.0160416604835
桃園市中壢區青航里10鄰青峰路一段183號十五樓,68,6800200,6800200-000,10鄰,青峰路,一段,,,,,183號十五樓,121.218620492041,25.0160416604835
桃園市中壢區青航里10鄰青峰路一段185號,68,6800200,6800200-000,10鄰,青峰路,一段,,,,,185號,121.219416764488,25.0155715566439
桃園市中壢區青航里10鄰青峰路一段187號,68,6800200,6800200-000,10鄰,青峰路,一段,,,,,187號,121.219480257874,25.0156175073764
桃園市中壢區青航里10鄰青峰路一段189號,68,6800200,6800200-000,10鄰,青峰路,一段,,,,,189號,121.219528106044,25.0156688078891
桃園市中壢區青航里10鄰青峰路一段191號,68,6800200,6800200-000,10鄰,青峰路,一段,,,,,191號,121.219562167756,25.0157120935379
桃園市大園區青峰里13鄰青峰路二段77號,68,6800600,6800600-000,13鄰,青峰路,二段,,,,,77號,121.221454277206,25.0176792668116
桃園市大園區青峰里13鄰青峰路二段79號,68,6800600,6800600-000,13鄰,青峰路,二段,,,,,79號,121.221508742991,25.0177180074463
桃園市大園區青峰里13鄰青峰路二段117號,68,6800600,6800600-000,13鄰,青峰路,二段,,,,,117號,121.22188717559,25.0183447306582
桃園市大園區青峰里13鄰青峰路二段117號十樓,68,6800600,6800600-000,13鄰,青峰路,二段,,,,,117號十樓,121.22188717559,25.0183447306582
桃園市大園區青峰里13鄰青峰路二段117號二樓,68,6800600,6800600-000,13鄰,青峰路,二段,,,,,117號二樓,121.22188717559,25.0183447306582
桃園市大園區青峰里13鄰青峰路二段117號三樓,68,6800600,6800600-000,13鄰,青峰路,二段,,,,,117號三樓,121.22188717559,25.0183447306582
桃園市大園區青峰里13鄰青峰路二段117號四樓,68,6800600,6800600-000,13鄰,青峰路,二段,,,,,117號四樓,121.22188717559,25.0183447306582
桃園市大園區青峰里13鄰青峰路二段117號五樓,68,6800600,6800600-000,13鄰,青峰路,二段,,,,,117號五樓,121.22188717559,25.0183447306582
桃園市大園區青峰里13鄰青峰路二段117號六樓,68,6800600,6800600-000,13鄰,青峰路,二段,,,,,117號六樓,121.22188717559,25.0183447306582
桃園市大園區青峰里13鄰青峰路二段117號七樓,68,6800600,6800600-000,13鄰,青峰路,二段,,,,,117號七樓,121.22188717559,25.0183447306582
桃園市大園區青峰里13鄰青峰路二段117號八樓,68,6800600,6800600-000,13鄰,青峰路,二段,,,,,117號八樓,121.22188717559,25.0183447306582
桃園市大園區青峰里13鄰青峰路二段117號九樓,68,6800600,6800600-000,13鄰,青峰路,二段,,,,,117號九樓,121.22188717559,25.0183447306582
桃園市大園區青峰里13鄰青峰路二段117號十一樓,68,6800600,6800600-000,13鄰,青峰路,二段,,,,,117號十一樓,121.22188717559,25.0183447306582
桃園市大園區青峰里13鄰青峰路二段117號十二樓,68,6800600,6800600-000,13鄰,青峰路,二段,,,,,117號十二樓,121.22188717559,25.0183447306582
桃園市大園區青峰里13鄰青峰路二段117號十三樓,68,6800600,6800600-000,13鄰,青峰路,二段,,,,,117號十三樓,121.22188717559,25.0183447306582
桃園市大園區青峰里13鄰青峰路二段119號,68,6800600,6800600-000,13鄰,青峰路,二段,,,,,119號,121.221932757305,25.0184018118722
桃園市大園區青峰里13鄰青峰路二段119之1號,68,6800600,6800600-000,13鄰,青峰路,二段,,,,,119之1號,121.221845585281,25.0184686612227
桃園市大園區青峰里13鄰青峰路二段119號十樓,68,6800600,6800600-000,13鄰,青峰路,二段,,,,,119號十樓,121.221932757305,25.0184018118722
桃園市大園區青峰里13鄰青峰路二段119之1號十樓,68,6800600,6800600-000,13鄰,青峰路,二段,,,,,119之1號十樓,121.221845585281,25.0184686612227
桃園市大園區青峰里13鄰青峰路二段119號二樓,68,6800600,6800600-000,13鄰,青峰路,二段,,,,,119號二樓,121.221932757305,25.0184018118722
桃園市大園區青峰里13鄰青峰路二段119之1號二樓,68,6800600,6800600-000,13鄰,青峰路,二段,,,,,119之1號二樓,121.221845585281,25.0184686612227
桃園市大園區青峰里13鄰青峰路二段119號三樓,68,6800600,6800600-000,13鄰,青峰路,二段,,,,,119號三樓,121.221932757305,25.0184018118722
桃園市大園區青峰里13鄰青峰路二段119之1號三樓,68,6800600,6800600-000,13鄰,青峰路,二段,,,,,119之1號三樓,121.221845585281,25.0184686612227
桃園市大園區青峰里13鄰青峰路二段119號四樓,68,6800600,6800600-000,13鄰,青峰路,二段,,,,,119號四樓,121.221932757305,25.0184018118722
桃園市大園區青峰里13鄰青峰路二段119之1號四樓,68,6800600,6800600-000,13鄰,青峰路,二段,,,,,119之1號四樓,121.221845585281,25.0184686612227
桃園市大園區青峰里13鄰青峰路二段119號五樓,68,6800600,6800600-000,13鄰,青峰路,二段,,,,,119號五樓,121.221932757305,25.0184018118722
桃園市大園區青峰里13鄰青峰路二段119之1號五樓,68,6800600,6800600-000,13鄰,青峰路,二段,,,,,119之1號五樓,121.221845585281,25.0184686612227
桃園市大園區青峰里13鄰青峰路二段119號六樓,68,6800600,6800600-000,13鄰,青峰路,二段,,,,,119號六樓,121.221932757305,25.0184018118722
桃園市大園區青峰里13鄰青峰路二段119之1號六樓,68,6800600,6800600-000,13鄰,青峰路,二段,,,,,119之1號六樓,121.221845585281,25.0184686612227
桃園市大園區青峰里13鄰青峰路二段119號七樓,68,6800600,6800600-000,13鄰,青峰路,二段,,,,,119號七樓,121.221932757305,25.0184018118722
桃園市大園區青峰里13鄰青峰路二段119之1號七樓,68,6800600,6800600-000,13鄰,青峰路,二段,,,,,119之1號七樓,121.221845585281,25.0184686612227
桃園市大園區青峰里13鄰青峰路二段119號八樓,68,6800600,6800600-000,13鄰,青峰路,二段,,,,,119號八樓,121.221932757305,25.0184018118722
桃園市大園區青峰里13鄰青峰路二段119之1號八樓,68,6800600,6800600-000,13鄰,青峰路,二段,,,,,119之1號八樓,121.221845585281,25.0184686612227
桃園市大園區青峰里13鄰青峰路二段119號九樓,68,6800600,6800600-000,13鄰,青峰路,二段,,,,,119號九樓,121.221932757305,25.0184018118722
桃園市大園區青峰里13鄰青峰路二段119之1號九樓,68,6800600,6800600-000,13鄰,青峰路,二段,,,,,119之1號九樓,121.221845585281,25.0184686612227
桃園市大園區青峰里13鄰青峰路二段119號十一樓,68,6800600,6800600-000,13鄰,青峰路,二段,,,,,119號十一樓,121.221932757305,25.0184018118722
桃園市大園區青峰里13鄰青峰路二段119之1號十一樓,68,6800600,6800600-000,13鄰,青峰路,二段,,,,,119之1號十一樓,121.221845585281,25.0184686612227
桃園市大園區青峰里13鄰青峰路二段119號十二樓,68,6800600,6800600-000,13鄰,青峰路,二段,,,,,119號十二樓,121.221932757305,25.0184018118722
桃園市大園區青峰里13鄰青峰路二段119之1號十二樓,68,6800600,6800600-000,13鄰,青峰路,二段,,,,,119之1號十二樓,121.221845585281,25.0184686612227
桃園市大園區青峰里13鄰青峰路二段119號十三樓,68,6800600,6800600-000,13鄰,青峰路,二段,,,,,119號十三樓,121.221932757305,25.0184018118722
桃園市大園區青峰里13鄰青峰路二段119之1號十三樓,68,6800600,6800600-000,13鄰,青峰路,二段,,,,,119之1號十三樓,121.221845585281,25.0184686612227
桃園市大園區青峰里13鄰青峰路二段121號,68,6800600,6800600-000,13鄰,青峰路,二段,,,,,121號,121.221993188496,25.0184516482481
桃園市大園區青峰里13鄰青峰路二段121之1號,68,6800600,6800600-000,13鄰,青峰路,二段,,,,,121之1號,121.221907293674,25.0185124467553
桃園市大園區青峰里13鄰青峰路二段121號十樓,68,6800600,6800600-000,13鄰,青峰路,二段,,,,,121號十樓,121.221993188496,25.0184516482481
桃園市大園區青峰里13鄰青峰路二段121之1號十樓,68,6800600,6800600-000,13鄰,青峰路,二段,,,,,121之1號十樓,121.221907293674,25.0185124467553
桃園市大園區青峰里13鄰青峰路二段121號二樓,68,6800600,6800600-000,13鄰,青峰路,二段,,,,,121號二樓,121.221993188496,25.0184516482481
桃園市大園區青峰里13鄰青峰路二段121之1號二樓,68,6800600,6800600-000,13鄰,青峰路,二段,,,,,121之1號二樓,121.221907293674,25.0185124467553
桃園市大園區青峰里13鄰青峰路二段121號三樓,68,6800600,6800600-000,13鄰,青峰路,二段,,,,,121號三樓,121.221993188496,25.0184516482481
桃園市大園區青峰里13鄰青峰路二段121之1號三樓,68,6800600,6800600-000,13鄰,青峰路,二段,,,,,121之1號三樓,121.221907293674,25.0185124467553
桃園市大園區青峰里13鄰青峰路二段121號四樓,68,6800600,6800600-000,13鄰,青峰路,二段,,,,,121號四樓,121.221993188496,25.0184516482481
桃園市大園區青峰里13鄰青峰路二段121之1號四樓,68,6800600,6800600-000,13鄰,青峰路,二段,,,,,121之1號四樓,121.221907293674,25.0185124467553
桃園市大園區青峰里13鄰青峰路二段121號五樓,68,6800600,6800600-000,13鄰,青峰路,二段,,,,,121號五樓,121.221993188496,25.0184516482481
桃園市大園區青峰里13鄰青峰路二段121之1號五樓,68,6800600,6800600-000,13鄰,青峰路,二段,,,,,121之1號五樓,121.221907293674,25.0185124467553
桃園市大園區青峰里13鄰青峰路二段121號六樓,68,6800600,6800600-000,13鄰,青峰路,二段,,,,,121號六樓,121.221993188496,25.0184516482481
桃園市大園區青峰里13鄰青峰路二段121之1號六樓,68,6800600,6800600-000,13鄰,青峰路,二段,,,,,121之1號六樓,121.221907293674,25.0185124467553
桃園市大園區青峰里13鄰青峰路二段121號七樓,68,6800600,6800600-000,13鄰,青峰路,二段,,,,,121號七樓,121.221993188496,25.0184516482481
桃園市大園區青峰里13鄰青峰路二段121之1號七樓,68,6800600,6800600-000,13鄰,青峰路,二段,,,,,121之1號七樓,121.221907293674,25.0185124467553
桃園市大園區青峰里13鄰青峰路二段121號八樓,68,6800600,6800600-000,13鄰,青峰路,二段,,,,,121號八樓,121.221993188496,25.0184516482481
桃園市大園區青峰里13鄰青峰路二段121之1號八樓,68,6800600,6800600-000,13鄰,青峰路,二段,,,,,121之1號八樓,121.221907293674,25.0185124467553
桃園市大園區青峰里13鄰青峰路二段121號九樓,68,6800600,6800600-000,13鄰,青峰路,二段,,,,,121號九樓,121.221993188496,25.0184516482481
桃園市大園區青峰里13鄰青峰路二段121之1號九樓,68,6800600,6800600-000,13鄰,青峰路,二段,,,,,121之1號九樓,121.221907293674,25.0185124467553
桃園市大園區青峰里13鄰青峰路二段121號十一樓,68,6800600,6800600-000,13鄰,青峰路,二段,,,,,121號十一樓,121.221993188496,25.0184516482481
桃園市大園區青峰里13鄰青峰路二段121之1號十一樓,68,6800600,6800600-000,13鄰,青峰路,二段,,,,,121之1號十一樓,121.221907293674,25.0185124467553
桃園市大園區青峰里13鄰青峰路二段121號十二樓,68,6800600,6800600-000,13鄰,青峰路,二段,,,,,121號十二樓,121.221993188496,25.0184516482481
桃園市大園區青峰里13鄰青峰路二段121之1號十二樓,68,6800600,6800600-000,13鄰,青峰路,二段,,,,,121之1號十二樓,121.221907293674,25.0185124467553
桃園市大園區青峰里13鄰青峰路二段121號十三樓,68,6800600,6800600-000,13鄰,青峰路,二段,,,,,121號十三樓,121.221993188496,25.0184516482481
桃園市大園區青峰里13鄰青峰路二段121之1號十三樓,68,6800600,6800600-000,13鄰,青峰路,二段,,,,,121之1號十三樓,121.221907293674,25.0185124467553
桃園市大園區青峰里13鄰青峰路二段125號,68,6800600,6800600-000,13鄰,青峰路,二段,,,,,125號,121.222096418494,25.018553694626
桃園市大園區青峰里13鄰青峰路二段125號十樓,68,6800600,6800600-000,13鄰,青峰路,二段,,,,,125號十樓,121.222096418494,25.018553694626
桃園市大園區青峰里13鄰青峰路二段125之1號十樓,68,6800600,6800600-000,13鄰,青峰路,二段,,,,,125之1號十樓,121.22201861497,25.0186509555079
桃園市大園區青峰里13鄰青峰路二段125號二樓,68,6800600,6800600-000,13鄰,青峰路,二段,,,,,125號二樓,121.222096418494,25.018553694626
桃園市大園區青峰里13鄰青峰路二段125之1號二樓,68,6800600,6800600-000,13鄰,青峰路,二段,,,,,125之1號二樓,121.22201861497,25.0186509555079
桃園市大園區青峰里13鄰青峰路二段125號三樓,68,6800600,6800600-000,13鄰,青峰路,二段,,,,,125號三樓,121.222096418494,25.018553694626
桃園市大園區青峰里13鄰青峰路二段125之1號三樓,68,6800600,6800600-000,13鄰,青峰路,二段,,,,,125之1號三樓,121.22201861497,25.0186509555079
桃園市大園區青峰里13鄰青峰路二段125號四樓,68,6800600,6800600-000,13鄰,青峰路,二段,,,,,125號四樓,121.222096418494,25.018553694626
桃園市大園區青峰里13鄰青峰路二段125之1號四樓,68,6800600,6800600-000,13鄰,青峰路,二段,,,,,125之1號四樓,121.22201861497,25.0186509555079
桃園市大園區青峰里13鄰青峰路二段125號五樓,68,6800600,6800600-000,13鄰,青峰路,二段,,,,,125號五樓,121.222096418494,25.018553694626
桃園市大園區青峰里13鄰青峰路二段125之1號五樓,68,6800600,6800600-000,13鄰,青峰路,二段,,,,,125之1號五樓,121.22201861497,25.0186509555079
桃園市大園區青峰里13鄰青峰路二段125號六樓,68,6800600,6800600-000,13鄰,青峰路,二段,,,,,125號六樓,121.222096418494,25.018553694626
桃園市大園區青峰里13鄰青峰路二段125之1號六樓,68,6800600,6800600-000,13鄰,青峰路,二段,,,,,125之1號六樓,121.22201861497,25.0186509555079
桃園市大園區青峰里13鄰青峰路二段125號七樓,68,6800600,6800600-000,13鄰,青峰路,二段,,,,,125號七樓,121.222096418494,25.018553694626
桃園市大園區青峰里13鄰青峰路二段125之1號七樓,68,6800600,6800600-000,13鄰,青峰路,二段,,,,,125之1號七樓,121.22201861497,25.0186509555079
桃園市大園區青峰里13鄰青峰路二段125號八樓,68,6800600,6800600-000,13鄰,青峰路,二段,,,,,125號八樓,121.222096418494,25.018553694626
桃園市大園區青峰里13鄰青峰路二段125之1號八樓,68,6800600,6800600-000,13鄰,青峰路,二段,,,,,125之1號八樓,121.22201861497,25.0186509555079
桃園市大園區青峰里13鄰青峰路二段125號九樓,68,6800600,6800600-000,13鄰,青峰路,二段,,,,,125號九樓,121.222096418494,25.018553694626
桃園市大園區青峰里13鄰青峰路二段125之1號九樓,68,6800600,6800600-000,13鄰,青峰路,二段,,,,,125之1號九樓,121.22201861497,25.0186509555079
桃園市大園區青峰里13鄰青峰路二段125號十一樓,68,6800600,6800600-000,13鄰,青峰路,二段,,,,,125號十一樓,121.222096418494,25.018553694626
桃園市大園區青峰里13鄰青峰路二段125之1號十一樓,68,6800600,6800600-000,13鄰,青峰路,二段,,,,,125之1號十一樓,121.22201861497,25.0186509555079
桃園市大園區青峰里13鄰青峰路二段125號十二樓,68,6800600,6800600-000,13鄰,青峰路,二段,,,,,125號十二樓,121.222096418494,25.018553694626
桃園市大園區青峰里13鄰青峰路二段125之1號十二樓,68,6800600,6800600-000,13鄰,青峰路,二段,,,,,125之1號十二樓,121.22201861497,25.0186509555079
桃園市大園區青峰里13鄰青峰路二段125號十三樓,68,6800600,6800600-000,13鄰,青峰路,二段,,,,,125號十三樓,121.222096418494,25.018553694626
桃園市大園區青峰里13鄰青峰路二段125之1號十三樓,68,6800600,6800600-000,13鄰,青峰路,二段,,,,,125之1號十三樓,121.22201861497,25.0186509555079
桃園市大園區青峰里13鄰青峰路二段127號,68,6800600,6800600-000,13鄰,青峰路,二段,,,,,127號,121.222147355411,25.0186132957008
桃園市大園區青峰里13鄰青峰路二段127號十樓,68,6800600,6800600-000,13鄰,青峰路,二段,,,,,127號十樓,121.222147355411,25.0186132957008
桃園市大園區青峰里13鄰青峰路二段127之1號十樓,68,6800600,6800600-000,13鄰,青峰路,二段,,,,,127之1號十樓,121.222064183867,25.0187008140445
桃園市大園區青峰里13鄰青峰路二段127號二樓,68,6800600,6800600-000,13鄰,青峰路,二段,,,,,127號二樓,121.222147355411,25.0186132957008
桃園市大園區青峰里13鄰青峰路二段127之1號二樓,68,6800600,6800600-000,13鄰,青峰路,二段,,,,,127之1號二樓,121.222064183867,25.0187008140445
桃園市大園區青峰里13鄰青峰路二段127號三樓,68,6800600,6800600-000,13鄰,青峰路,二段,,,,,127號三樓,121.222147355411,25.0186132957008
桃園市大園區青峰里13鄰青峰路二段127之1號三樓,68,6800600,6800600-000,13鄰,青峰路,二段,,,,,127之1號三樓,121.222064183867,25.0187008140445
桃園市大園區青峰里13鄰青峰路二段127號四樓,68,6800600,6800600-000,13鄰,青峰路,二段,,,,,127號四樓,121.222147355411,25.0186132957008
桃園市大園區青峰里13鄰青峰路二段127之1號四樓,68,6800600,6800600-000,13鄰,青峰路,二段,,,,,127之1號四樓,121.222064183867,25.0187008140445
桃園市大園區青峰里13鄰青峰路二段127號五樓,68,6800600,6800600-000,13鄰,青峰路,二段,,,,,127號五樓,121.222147355411,25.0186132957008
桃園市大園區青峰里13鄰青峰路二段127之1號五樓,68,6800600,6800600-000,13鄰,青峰路,二段,,,,,127之1號五樓,121.222064183867,25.0187008140445
桃園市大園區青峰里13鄰青峰路二段127號六樓,68,6800600,6800600-000,13鄰,青峰路,二段,,,,,127號六樓,121.222147355411,25.0186132957008
桃園市大園區青峰里13鄰青峰路二段127之1號六樓,68,6800600,6800600-000,13鄰,青峰路,二段,,,,,127之1號六樓,121.222064183867,25.0187008140445
桃園市大園區青峰里13鄰青峰路二段127號七樓,68,6800600,6800600-000,13鄰,青峰路,二段,,,,,127號七樓,121.222147355411,25.0186132957008
桃園市大園區青峰里13鄰青峰路二段127之1號七樓,68,6800600,6800600-000,13鄰,青峰路,二段,,,,,127之1號七樓,121.222064183867,25.0187008140445
桃園市大園區青峰里13鄰青峰路二段127號八樓,68,6800600,6800600-000,13鄰,青峰路,二段,,,,,127號八樓,121.222147355411,25.0186132957008
桃園市大園區青峰里13鄰青峰路二段127之1號八樓,68,6800600,6800600-000,13鄰,青峰路,二段,,,,,127之1號八樓,121.222064183867,25.0187008140445
桃園市大園區青峰里13鄰青峰路二段127號九樓,68,6800600,6800600-000,13鄰,青峰路,二段,,,,,127號九樓,121.222147355411,25.0186132957008
桃園市大園區青峰里13鄰青峰路二段127之1號九樓,68,6800600,6800600-000,13鄰,青峰路,二段,,,,,127之1號九樓,121.222064183867,25.0187008140445
桃園市大園區青峰里13鄰青峰路二段127號十一樓,68,6800600,6800600-000,13鄰,青峰路,二段,,,,,127號十一樓,121.222147355411,25.0186132957008
桃園市大園區青峰里13鄰青峰路二段127之1號十一樓,68,6800600,6800600-000,13鄰,青峰路,二段,,,,,127之1號十一樓,121.222064183867,25.0187008140445
桃園市大園區青峰里13鄰青峰路二段127號十二樓,68,6800600,6800600-000,13鄰,青峰路,二段,,,,,127號十二樓,121.222147355411,25.0186132957008
桃園市大園區青峰里13鄰青峰路二段127之1號十二樓,68,6800600,6800600-000,13鄰,青峰路,二段,,,,,127之1號十二樓,121.222064183867,25.0187008140445
桃園市大園區青峰里13鄰青峰路二段127號十三樓,68,6800600,6800600-000,13鄰,青峰路,二段,,,,,127號十三樓,121.222147355411,25.0186132957008
桃園市大園區青峰里13鄰青峰路二段127之1號十三樓,68,6800600,6800600-000,13鄰,青峰路,二段,,,,,127之1號十三樓,121.222064183867,25.0187008140445
桃園市大園區青峰里13鄰青峰路二段129號十樓,68,6800600,6800600-000,13鄰,青峰路,二段,,,,,129號十樓,121.222207676659,25.0186569928963
桃園市大園區青峰里13鄰青峰路二段129之1號十樓,68,6800600,6800600-000,13鄰,青峰路,二段,,,,,129之1號十樓,121.222117844634,25.0187323329968
桃園市大園區青峰里13鄰青峰路二段129號二樓,68,6800600,6800600-000,13鄰,青峰路,二段,,,,,129號二樓,121.222207676659,25.0186569928963
桃園市大園區青峰里13鄰青峰路二段129之1號二樓,68,6800600,6800600-000,13鄰,青峰路,二段,,,,,129之1號二樓,121.222117844634,25.0187323329968
桃園市大園區青峰里13鄰青峰路二段129號三樓,68,6800600,6800600-000,13鄰,青峰路,二段,,,,,129號三樓,121.222207676659,25.0186569928963
桃園市大園區青峰里13鄰青峰路二段129之1號三樓,68,6800600,6800600-000,13鄰,青峰路,二段,,,,,129之1號三樓,121.222117844634,25.0187323329968
桃園市大園區青峰里13鄰青峰路二段129號四樓,68,6800600,6800600-000,13鄰,青峰路,二段,,,,,129號四樓,121.222207676659,25.0186569928963
桃園市大園區青峰里13鄰青峰路二段129之1號四樓,68,6800600,6800600-000,13鄰,青峰路,二段,,,,,129之1號四樓,121.222117844634,25.0187323329968
桃園市大園區青峰里13鄰青峰路二段129號五樓,68,6800600,6800600-000,13鄰,青峰路,二段,,,,,129號五樓,121.222207676659,25.0186569928963
桃園市大園區青峰里13鄰青峰路二段129之1號五樓,68,6800600,6800600-000,13鄰,青峰路,二段,,,,,129之1號五樓,121.222117844634,25.0187323329968
桃園市大園區青峰里13鄰青峰路二段129號六樓,68,6800600,6800600-000,13鄰,青峰路,二段,,,,,129號六樓,121.222207676659,25.0186569928963
桃園市大園區青峰里13鄰青峰路二段129之1號六樓,68,6800600,6800600-000,13鄰,青峰路,二段,,,,,129之1號六樓,121.222117844634,25.0187323329968
桃園市大園區青峰里13鄰青峰路二段129號七樓,68,6800600,6800600-000,13鄰,青峰路,二段,,,,,129號七樓,121.222207676659,25.0186569928963
桃園市大園區青峰里13鄰青峰路二段129之1號七樓,68,6800600,6800600-000,13鄰,青峰路,二段,,,,,129之1號七樓,121.222117844634,25.0187323329968
桃園市大園區青峰里13鄰青峰路二段129號八樓,68,6800600,6800600-000,13鄰,青峰路,二段,,,,,129號八樓,121.222207676659,25.0186569928963
桃園市大園區青峰里13鄰青峰路二段129之1號八樓,68,6800600,6800600-000,13鄰,青峰路,二段,,,,,129之1號八樓,121.222117844634,25.0187323329968
桃園市大園區青峰里13鄰青峰路二段129號九樓,68,6800600,6800600-000,13鄰,青峰路,二段,,,,,129號九樓,121.222207676659,25.0186569928963
桃園市大園區青峰里13鄰青峰路二段129之1號九樓,68,6800600,6800600-000,13鄰,青峰路,二段,,,,,129之1號九樓,121.222117844634,25.0187323329968
桃園市大園區青峰里13鄰青峰路二段129號十一樓,68,6800600,6800600-000,13鄰,青峰路,二段,,,,,129號十一樓,121.222207676659,25.0186569928963
桃園市大園區青峰里13鄰青峰路二段129之1號十一樓,68,6800600,6800600-000,13鄰,青峰路,二段,,,,,129之1號十一樓,121.222117844634,25.0187323329968
桃園市大園區青峰里13鄰青峰路二段129號十二樓,68,6800600,6800600-000,13鄰,青峰路,二段,,,,,129號十二樓,121.222207676659,25.0186569928963
桃園市大園區青峰里13鄰青峰路二段129之1號十二樓,68,6800600,6800600-000,13鄰,青峰路,二段,,,,,129之1號十二樓,121.222117844634,25.0187323329968
桃園市大園區青峰里13鄰青峰路二段129號十三樓,68,6800600,6800600-000,13鄰,青峰路,二段,,,,,129號十三樓,121.222207676659,25.0186569928963
桃園市大園區青峰里13鄰青峰路二段129之1號十三樓,68,6800600,6800600-000,13鄰,青峰路,二段,,,,,129之1號十三樓,121.222117844634,25.0187323329968
桃園市大園區青峰里13鄰青峰路二段131號,68,6800600,6800600-000,13鄰,青峰路,二段,,,,,131號,121.222417885676,25.0186316701544
桃園市大園區青峰里15鄰青峰路二段166號,68,6800600,6800600-000,15鄰,青峰路,二段,,,,,166號,121.223087982778,25.0187398185736
桃園市大園區青峰里15鄰青峰路二段166號十樓,68,6800600,6800600-000,15鄰,青峰路,二段,,,,,166號十樓,121.223087982778,25.0187398185736
桃園市大園區青峰里15鄰青峰路二段166號二樓,68,6800600,6800600-000,15鄰,青峰路,二段,,,,,166號二樓,121.223087982778,25.0187398185736
桃園市大園區青峰里15鄰青峰路二段166號三樓,68,6800600,6800600-000,15鄰,青峰路,二段,,,,,166號三樓,121.223087982778,25.0187398185736
桃園市大園區青峰里15鄰青峰路二段166號四樓,68,6800600,6800600-000,15鄰,青峰路,二段,,,,,166號四樓,121.223087982778,25.0187398185736
桃園市大園區青峰里15鄰青峰路二段166號五樓,68,6800600,6800600-000,15鄰,青峰路,二段,,,,,166號五樓,121.223087982778,25.0187398185736
桃園市大園區青峰里15鄰青峰路二段166號六樓,68,6800600,6800600-000,15鄰,青峰路,二段,,,,,166號六樓,121.223087982778,25.0187398185736
桃園市大園區青峰里15鄰青峰路二段166號七樓,68,6800600,6800600-000,15鄰,青峰路,二段,,,,,166號七樓,121.223087982778,25.0187398185736
桃園市大園區青峰里15鄰青峰路二段166號八樓,68,6800600,6800600-000,15鄰,青峰路,二段,,,,,166號八樓,121.223087982778,25.0187398185736
桃園市大園區青峰里15鄰青峰路二段166號九樓,68,6800600,6800600-000,15鄰,青峰路,二段,,,,,166號九樓,121.223087982778,25.0187398185736
桃園市大園區青峰里15鄰青峰路二段168號,68,6800600,6800600-000,15鄰,青峰路,二段,,,,,168號,121.223123735732,25.0187857190513
桃園市大園區青峰里15鄰青峰路二段170號,68,6800600,6800600-000,15鄰,青峰路,二段,,,,,170號,121.22319229518,25.0188370775492
桃園市大園區青峰里15鄰青峰路二段172號,68,6800600,6800600-000,15鄰,青峰路,二段,,,,,172號,121.223248959644,25.018885655098
桃園市大園區青峰里15鄰青峰路二段172號十樓,68,6800600,6800600-000,15鄰,青峰路,二段,,,,,172號十樓,121.223248959644,25.018885655098
桃園市大園區青峰里15鄰青峰路二段172號三樓,68,6800600,6800600-000,15鄰,青峰路,二段,,,,,172號三樓,121.223248959644,25.018885655098
桃園市大園區青峰里15鄰青峰路二段172號四樓,68,6800600,6800600-000,15鄰,青峰路,二段,,,,,172號四樓,121.223248959644,25.018885655098
桃園市大園區青峰里15鄰青峰路二段172號五樓,68,6800600,6800600-000,15鄰,青峰路,二段,,,,,172號五樓,121.223248959644,25.018885655098
桃園市大園區青峰里15鄰青峰路二段172號六樓,68,6800600,6800600-000,15鄰,青峰路,二段,,,,,172號六樓,121.223248959644,25.018885655098
桃園市大園區青峰里15鄰青峰路二段172號七樓,68,6800600,6800600-000,15鄰,青峰路,二段,,,,,172號七樓,121.223248959644,25.018885655098
桃園市大園區青峰里15鄰青峰路二段172號八樓,68,6800600,6800600-000,15鄰,青峰路,二段,,,,,172號八樓,121.223248959644,25.018885655098
桃園市大園區青峰里15鄰青峰路二段172號九樓,68,6800600,6800600-000,15鄰,青峰路,二段,,,,,172號九樓,121.223248959644,25.018885655098
桃園市大園區青峰里15鄰青峰路二段176號,68,6800600,6800600-000,15鄰,青峰路,二段,,,,,176號,121.223305624154,25.0189342326246
桃園市大園區青峰里15鄰青峰路二段176號十樓,68,6800600,6800600-000,15鄰,青峰路,二段,,,,,176號十樓,121.223305624154,25.0189342326246
桃園市大園區青峰里15鄰青峰路二段176號三樓,68,6800600,6800600-000,15鄰,青峰路,二段,,,,,176號三樓,121.223305624154,25.0189342326246
桃園市大園區青峰里15鄰青峰路二段176號四樓,68,6800600,6800600-000,15鄰,青峰路,二段,,,,,176號四樓,121.223305624154,25.0189342326246
桃園市大園區青峰里15鄰青峰路二段176號五樓,68,6800600,6800600-000,15鄰,青峰路,二段,,,,,176號五樓,121.223305624154,25.0189342326246
桃園市大園區青峰里15鄰青峰路二段176號六樓,68,6800600,6800600-000,15鄰,青峰路,二段,,,,,176號六樓,121.223305624154,25.0189342326246
桃園市大園區青峰里15鄰青峰路二段176號七樓,68,6800600,6800600-000,15鄰,青峰路,二段,,,,,176號七樓,121.223305624154,25.0189342326246
桃園市大園區青峰里15鄰青峰路二段176號八樓,68,6800600,6800600-000,15鄰,青峰路,二段,,,,,176號八樓,121.223305624154,25.0189342326246
桃園市大園區青峰里15鄰青峰路二段176號九樓,68,6800600,6800600-000,15鄰,青峰路,二段,,,,,176號九樓,121.223305624154,25.0189342326246
桃園市大園區青峰里15鄰青峰路二段178號,68,6800600,6800600-000,15鄰,青峰路,二段,,,,,178號,121.22334426046,25.018985545706
桃園市大園區青峰里15鄰青峰路二段180號,68,6800600,6800600-000,15鄰,青峰路,二段,,,,,180號,121.22340924357,25.0190863846408
桃園市大園區青峰里15鄰青峰路二段182號,68,6800600,6800600-000,15鄰,青峰路,二段,,,,,182號,121.223461358572,25.0191394830994
桃園市大園區青峰里15鄰青峰路二段182號十樓,68,6800600,6800600-000,15鄰,青峰路,二段,,,,,182號十樓,121.223461358572,25.0191394830994
桃園市大園區青峰里15鄰青峰路二段182號三樓,68,6800600,6800600-000,15鄰,青峰路,二段,,,,,182號三樓,121.223461358572,25.0191394830994
桃園市大園區青峰里15鄰青峰路二段182號四樓,68,6800600,6800600-000,15鄰,青峰路,二段,,,,,182號四樓,121.223461358572,25.0191394830994
桃園市大園區青峰里15鄰青峰路二段182號五樓,68,6800600,6800600-000,15鄰,青峰路,二段,,,,,182號五樓,121.223461358572,25.0191394830994
桃園市大園區青峰里15鄰青峰路二段182號六樓,68,6800600,6800600-000,15鄰,青峰路,二段,,,,,182號六樓,121.223461358572,25.0191394830994
桃園市大園區青峰里15鄰青峰路二段182號七樓,68,6800600,6800600-000,15鄰,青峰路,二段,,,,,182號七樓,121.223461358572,25.0191394830994
桃園市大園區青峰里15鄰青峰路二段182號八樓,68,6800600,6800600-000,15鄰,青峰路,二段,,,,,182號八樓,121.223461358572,25.0191394830994
桃園市大園區青峰里15鄰青峰路二段182號九樓,68,6800600,6800600-000,15鄰,青峰路,二段,,,,,182號九樓,121.223461358572,25.0191394830994
桃園市大園區青峰里15鄰青峰路二段182號十一樓,68,6800600,6800600-000,15鄰,青峰路,二段,,,,,182號十一樓,121.223461358572,25.0191394830994
桃園市大園區青峰里15鄰青峰路二段186號,68,6800600,6800600-000,15鄰,青峰路,二段,,,,,186號,121.223520004949,25.0191880575629
桃園市大園區青峰里15鄰青峰路二段186號十樓,68,6800600,6800600-000,15鄰,青峰路,二段,,,,,186號十樓,121.223520004949,25.0191880575629
桃園市大園區青峰里15鄰青峰路二段186號三樓,68,6800600,6800600-000,15鄰,青峰路,二段,,,,,186號三樓,121.223520004949,25.0191880575629
桃園市大園區青峰里15鄰青峰路二段186號四樓,68,6800600,6800600-000,15鄰,青峰路,二段,,,,,186號四樓,121.223520004949,25.0191880575629
桃園市大園區青峰里15鄰青峰路二段186號五樓,68,6800600,6800600-000,15鄰,青峰路,二段,,,,,186號五樓,121.223520004949,25.0191880575629
桃園市大園區青峰里15鄰青峰路二段186號六樓,68,6800600,6800600-000,15鄰,青峰路,二段,,,,,186號六樓,121.223520004949,25.0191880575629
桃園市大園區青峰里15鄰青峰路二段186號七樓,68,6800600,6800600-000,15鄰,青峰路,二段,,,,,186號七樓,121.223520004949,25.0191880575629
桃園市大園區青峰里15鄰青峰路二段186號八樓,68,6800600,6800600-000,15鄰,青峰路,二段,,,,,186號八樓,121.223520004949,25.0191880575629
桃園市大園區青峰里15鄰青峰路二段186號九樓,68,6800600,6800600-000,15鄰,青峰路,二段,,,,,186號九樓,121.223520004949,25.0191880575629
桃園市大園區青峰里15鄰青峰路二段186號十一樓,68,6800600,6800600-000,15鄰,青峰路,二段,,,,,186號十一樓,121.223520004949,25.0191880575629
桃園市大園區青峰里15鄰青峰路二段188號,68,6800600,6800600-000,15鄰,青峰路,二段,,,,,188號,121.223579347573,25.0192380754861
桃園市大園區青峰里15鄰青峰路二段190之1號十樓,68,6800600,6800600-000,15鄰,青峰路,二段,,,,,190之1號十樓,121.223641466469,25.0191797494304
桃園市大園區青峰里15鄰青峰路二段190之2號十樓,68,6800600,6800600-000,15鄰,青峰路,二段,,,,,190之2號十樓,121.223675742725,25.0191213749545
桃園市大園區青峰里15鄰青峰路二段190之3號十樓,68,6800600,6800600-000,15鄰,青峰路,二段,,,,,190之3號十樓,121.223623038864,25.0190714373673
桃園市大園區青峰里15鄰青峰路二段190之5號十樓,68,6800600,6800600-000,15鄰,青峰路,二段,,,,,190之5號十樓,121.223544869497,25.0190756176584
桃園市大園區青峰里15鄰青峰路二段190之1號二樓,68,6800600,6800600-000,15鄰,青峰路,二段,,,,,190之1號二樓,121.223641466469,25.0191797494304
桃園市大園區青峰里15鄰青峰路二段190之2號二樓,68,6800600,6800600-000,15鄰,青峰路,二段,,,,,190之2號二樓,121.223675742725,25.0191213749545
桃園市大園區青峰里15鄰青峰路二段190之3號二樓,68,6800600,6800600-000,15鄰,青峰路,二段,,,,,190之3號二樓,121.223623038864,25.0190714373673
桃園市大園區青峰里15鄰青峰路二段190之5號二樓,68,6800600,6800600-000,15鄰,青峰路,二段,,,,,190之5號二樓,121.223544869497,25.0190756176584
桃園市大園區青峰里15鄰青峰路二段190之1號三樓,68,6800600,6800600-000,15鄰,青峰路,二段,,,,,190之1號三樓,121.223641466469,25.0191797494304
桃園市大園區青峰里15鄰青峰路二段190之2號三樓,68,6800600,6800600-000,15鄰,青峰路,二段,,,,,190之2號三樓,121.223675742725,25.0191213749545
桃園市大園區青峰里15鄰青峰路二段190之3號三樓,68,6800600,6800600-000,15鄰,青峰路,二段,,,,,190之3號三樓,121.223623038864,25.0190714373673
桃園市大園區青峰里15鄰青峰路二段190之5號三樓,68,6800600,6800600-000,15鄰,青峰路,二段,,,,,190之5號三樓,121.223544869497,25.0190756176584
桃園市大園區青峰里15鄰青峰路二段190之1號四樓,68,6800600,6800600-000,15鄰,青峰路,二段,,,,,190之1號四樓,121.223641466469,25.0191797494304
桃園市大園區青峰里15鄰青峰路二段190之2號四樓,68,6800600,6800600-000,15鄰,青峰路,二段,,,,,190之2號四樓,121.223675742725,25.0191213749545
桃園市大園區青峰里15鄰青峰路二段190之3號四樓,68,6800600,6800600-000,15鄰,青峰路,二段,,,,,190之3號四樓,121.223623038864,25.0190714373673
桃園市大園區青峰里15鄰青峰路二段190之5號四樓,68,6800600,6800600-000,15鄰,青峰路,二段,,,,,190之5號四樓,121.223544869497,25.0190756176584
桃園市大園區青峰里15鄰青峰路二段190之1號五樓,68,6800600,6800600-000,15鄰,青峰路,二段,,,,,190之1號五樓,121.223641466469,25.0191797494304
桃園市大園區青峰里15鄰青峰路二段190之2號五樓,68,6800600,6800600-000,15鄰,青峰路,二段,,,,,190之2號五樓,121.223675742725,25.0191213749545
桃園市大園區青峰里15鄰青峰路二段190之3號五樓,68,6800600,6800600-000,15鄰,青峰路,二段,,,,,190之3號五樓,121.223623038864,25.0190714373673
桃園市大園區青峰里15鄰青峰路二段190之5號五樓,68,6800600,6800600-000,15鄰,青峰路,二段,,,,,190之5號五樓,121.223544869497,25.0190756176584
桃園市大園區青峰里15鄰青峰路二段190之1號六樓,68,6800600,6800600-000,15鄰,青峰路,二段,,,,,190之1號六樓,121.223641466469,25.0191797494304
桃園市大園區青峰里15鄰青峰路二段190之2號六樓,68,6800600,6800600-000,15鄰,青峰路,二段,,,,,190之2號六樓,121.223675742725,25.0191213749545
桃園市大園區青峰里15鄰青峰路二段190之3號六樓,68,6800600,6800600-000,15鄰,青峰路,二段,,,,,190之3號六樓,121.223623038864,25.0190714373673
桃園市大園區青峰里15鄰青峰路二段190之5號六樓,68,6800600,6800600-000,15鄰,青峰路,二段,,,,,190之5號六樓,121.223544869497,25.0190756176584
桃園市大園區青峰里15鄰青峰路二段190之1號七樓,68,6800600,6800600-000,15鄰,青峰路,二段,,,,,190之1號七樓,121.223641466469,25.0191797494304
桃園市大園區青峰里15鄰青峰路二段190之2號七樓,68,6800600,6800600-000,15鄰,青峰路,二段,,,,,190之2號七樓,121.223675742725,25.0191213749545
桃園市大園區青峰里15鄰青峰路二段190之3號七樓,68,6800600,6800600-000,15鄰,青峰路,二段,,,,,190之3號七樓,121.223623038864,25.0190714373673
桃園市大園區青峰里15鄰青峰路二段190之5號七樓,68,6800600,6800600-000,15鄰,青峰路,二段,,,,,190之5號七樓,121.223544869497,25.0190756176584
桃園市大園區青峰里15鄰青峰路二段190之1號八樓,68,6800600,6800600-000,15鄰,青峰路,二段,,,,,190之1號八樓,121.223641466469,25.0191797494304
桃園市大園區青峰里15鄰青峰路二段190之2號八樓,68,6800600,6800600-000,15鄰,青峰路,二段,,,,,190之2號八樓,121.223675742725,25.0191213749545
桃園市大園區青峰里15鄰青峰路二段190之3號八樓,68,6800600,6800600-000,15鄰,青峰路,二段,,,,,190之3號八樓,121.223623038864,25.0190714373673
桃園市大園區青峰里15鄰青峰路二段190之5號八樓,68,6800600,6800600-000,15鄰,青峰路,二段,,,,,190之5號八樓,121.223544869497,25.0190756176584
桃園市大園區青峰里15鄰青峰路二段190之1號九樓,68,6800600,6800600-000,15鄰,青峰路,二段,,,,,190之1號九樓,121.223641466469,25.0191797494304
桃園市大園區青峰里15鄰青峰路二段190之2號九樓,68,6800600,6800600-000,15鄰,青峰路,二段,,,,,190之2號九樓,121.223675742725,25.0191213749545
桃園市大園區青峰里15鄰青峰路二段190之3號九樓,68,6800600,6800600-000,15鄰,青峰路,二段,,,,,190之3號九樓,121.223623038864,25.0190714373673
桃園市大園區青峰里15鄰青峰路二段190之5號九樓,68,6800600,6800600-000,15鄰,青峰路,二段,,,,,190之5號九樓,121.223544869497,25.0190756176584
桃園市大園區青峰里15鄰青峰路二段190之1號十一樓,68,6800600,6800600-000,15鄰,青峰路,二段,,,,,190之1號十一樓,121.223641466469,25.0191797494304
桃園市大園區青峰里15鄰青峰路二段190之2號十一樓,68,6800600,6800600-000,15鄰,青峰路,二段,,,,,190之2號十一樓,121.223675742725,25.0191213749545
桃園市大園區青峰里15鄰青峰路二段190之3號十一樓,68,6800600,6800600-000,15鄰,青峰路,二段,,,,,190之3號十一樓,121.223623038864,25.0190714373673
桃園市大園區青峰里15鄰青峰路二段190之5號十一樓,68,6800600,6800600-000,15鄰,青峰路,二段,,,,,190之5號十一樓,121.223544869497,25.0190756176584
桃園市大園區青峰里15鄰青峰路二段192之1號十樓,68,6800600,6800600-000,15鄰,青峰路,二段,,,,,192之1號十樓,121.223747249567,25.0192679774796
桃園市大園區青峰里15鄰青峰路二段192之2號十樓,68,6800600,6800600-000,15鄰,青峰路,二段,,,,,192之2號十樓,121.223821937867,25.019256489387
桃園市大園區青峰里15鄰青峰路二段192之3號十樓,68,6800600,6800600-000,15鄰,青峰路,二段,,,,,192之3號十樓,121.223885158165,25.0193138142842
桃園市大園區青峰里15鄰青峰路二段192之5號十樓,68,6800600,6800600-000,15鄰,青峰路,二段,,,,,192之5號十樓,121.223869027343,25.0193793841377
桃園市大園區青峰里15鄰青峰路二段192之1號二樓,68,6800600,6800600-000,15鄰,青峰路,二段,,,,,192之1號二樓,121.223747249567,25.0192679774796
桃園市大園區青峰里15鄰青峰路二段192之2號二樓,68,6800600,6800600-000,15鄰,青峰路,二段,,,,,192之2號二樓,121.223821937867,25.019256489387
桃園市大園區青峰里15鄰青峰路二段192之3號二樓,68,6800600,6800600-000,15鄰,青峰路,二段,,,,,192之3號二樓,121.223885158165,25.0193138142842
桃園市大園區青峰里15鄰青峰路二段192之5號二樓,68,6800600,6800600-000,15鄰,青峰路,二段,,,,,192之5號二樓,121.223869027343,25.0193793841377
桃園市大園區青峰里15鄰青峰路二段192之1號三樓,68,6800600,6800600-000,15鄰,青峰路,二段,,,,,192之1號三樓,121.223747249567,25.0192679774796
桃園市大園區青峰里15鄰青峰路二段192之2號三樓,68,6800600,6800600-000,15鄰,青峰路,二段,,,,,192之2號三樓,121.223821937867,25.019256489387
桃園市大園區青峰里15鄰青峰路二段192之3號三樓,68,6800600,6800600-000,15鄰,青峰路,二段,,,,,192之3號三樓,121.223885158165,25.0193138142842
桃園市大園區青峰里15鄰青峰路二段192之5號三樓,68,6800600,6800600-000,15鄰,青峰路,二段,,,,,192之5號三樓,121.223869027343,25.0193793841377
桃園市大園區青峰里15鄰青峰路二段192之1號四樓,68,6800600,6800600-000,15鄰,青峰路,二段,,,,,192之1號四樓,121.223747249567,25.0192679774796
桃園市大園區青峰里15鄰青峰路二段192之2號四樓,68,6800600,6800600-000,15鄰,青峰路,二段,,,,,192之2號四樓,121.223821937867,25.019256489387
桃園市大園區青峰里15鄰青峰路二段192之3號四樓,68,6800600,6800600-000,15鄰,青峰路,二段,,,,,192之3號四樓,121.223885158165,25.0193138142842
桃園市大園區青峰里15鄰青峰路二段192之5號四樓,68,6800600,6800600-000,15鄰,青峰路,二段,,,,,192之5號四樓,121.223869027343,25.0193793841377
桃園市大園區青峰里15鄰青峰路二段192之1號五樓,68,6800600,6800600-000,15鄰,青峰路,二段,,,,,192之1號五樓,121.223747249567,25.0192679774796
桃園市大園區青峰里15鄰青峰路二段192之2號五樓,68,6800600,6800600-000,15鄰,青峰路,二段,,,,,192之2號五樓,121.223821937867,25.019256489387
桃園市大園區青峰里15鄰青峰路二段192之3號五樓,68,6800600,6800600-000,15鄰,青峰路,二段,,,,,192之3號五樓,121.223885158165,25.0193138142842
桃園市大園區青峰里15鄰青峰路二段192之5號五樓,68,6800600,6800600-000,15鄰,青峰路,二段,,,,,192之5號五樓,121.223869027343,25.0193793841377
桃園市大園區青峰里15鄰青峰路二段192之1號六樓,68,6800600,6800600-000,15鄰,青峰路,二段,,,,,192之1號六樓,121.223747249567,25.0192679774796
桃園市大園區青峰里15鄰青峰路二段192之2號六樓,68,6800600,6800600-000,15鄰,青峰路,二段,,,,,192之2號六樓,121.223821937867,25.019256489387
桃園市大園區青峰里15鄰青峰路二段192之3號六樓,68,6800600,6800600-000,15鄰,青峰路,二段,,,,,192之3號六樓,121.223885158165,25.0193138142842
桃園市大園區青峰里15鄰青峰路二段192之5號六樓,68,6800600,6800600-000,15鄰,青峰路,二段,,,,,192之5號六樓,121.223869027343,25.0193793841377
桃園市大園區青峰里15鄰青峰路二段192之1號七樓,68,6800600,6800600-000,15鄰,青峰路,二段,,,,,192之1號七樓,121.223747249567,25.0192679774796
桃園市大園區青峰里15鄰青峰路二段192之2號七樓,68,6800600,6800600-000,15鄰,青峰路,二段,,,,,192之2號七樓,121.223821937867,25.019256489387
桃園市大園區青峰里15鄰青峰路二段192之3號七樓,68,6800600,6800600-000,15鄰,青峰路,二段,,,,,192之3號七樓,121.223885158165,25.0193138142842
桃園市大園區青峰里15鄰青峰路二段192之5號七樓,68,6800600,6800600-000,15鄰,青峰路,二段,,,,,192之5號七樓,121.223869027343,25.0193793841377
桃園市大園區青峰里15鄰青峰路二段192之1號八樓,68,6800600,6800600-000,15鄰,青峰路,二段,,,,,192之1號八樓,121.223747249567,25.0192679774796
桃園市大園區青峰里15鄰青峰路二段192之2號八樓,68,6800600,6800600-000,15鄰,青峰路,二段,,,,,192之2號八樓,121.223821937867,25.019256489387
桃園市大園區青峰里15鄰青峰路二段192之3號八樓,68,6800600,6800600-000,15鄰,青峰路,二段,,,,,192之3號八樓,121.223885158165,25.0193138142842
桃園市大園區青峰里15鄰青峰路二段192之5號八樓,68,6800600,6800600-000,15鄰,青峰路,二段,,,,,192之5號八樓,121.223869027343,25.0193793841377
桃園市大園區青峰里15鄰青峰路二段192之1號九樓,68,6800600,6800600-000,15鄰,青峰路,二段,,,,,192之1號九樓,121.223747249567,25.0192679774796
桃園市大園區青峰里15鄰青峰路二段192之2號九樓,68,6800600,6800600-000,15鄰,青峰路,二段,,,,,192之2號九樓,121.223821937867,25.019256489387
桃園市大園區青峰里15鄰青峰路二段192之3號九樓,68,6800600,6800600-000,15鄰,青峰路,二段,,,,,192之3號九樓,121.223885158165,25.0193138142842
桃園市大園區青峰里15鄰青峰路二段192之5號九樓,68,6800600,6800600-000,15鄰,青峰路,二段,,,,,192之5號九樓,121.223869027343,25.0193793841377
桃園市大園區青峰里15鄰青峰路二段192之1號十一樓,68,6800600,6800600-000,15鄰,青峰路,二段,,,,,192之1號十一樓,121.223747249567,25.0192679774796
桃園市大園區青峰里15鄰青峰路二段192之2號十一樓,68,6800600,6800600-000,15鄰,青峰路,二段,,,,,192之2號十一樓,121.223821937867,25.019256489387
桃園市大園區青峰里15鄰青峰路二段192之3號十一樓,68,6800600,6800600-000,15鄰,青峰路,二段,,,,,192之3號十一樓,121.223885158165,25.0193138142842
桃園市大園區青峰里15鄰青峰路二段192之5號十一樓,68,6800600,6800600-000,15鄰,青峰路,二段,,,,,192之5號十一樓,121.223869027343,25.0193793841377
桃園市大園區青峰里14鄰青峰路二段193號,68,6800600,6800600-000,14鄰,青峰路,二段,,,,,193號,121.222992928814,25.0192700135627
桃園市大園區青峰里14鄰青峰路二段193號三樓,68,6800600,6800600-000,14鄰,青峰路,二段,,,,,193號三樓,121.222992928814,25.0192700135627
桃園市大園區青峰里14鄰青峰路二段195號,68,6800600,6800600-000,14鄰,青峰路,二段,,,,,195號,121.223025708007,25.0193699981269
桃園市大園區青峰里14鄰青峰路二段195號十樓之1,68,6800600,6800600-000,14鄰,青峰路,二段,,,,,195號十樓之1,121.223025708007,25.0193699981269
桃園市大園區青峰里14鄰青峰路二段195號十樓之2,68,6800600,6800600-000,14鄰,青峰路,二段,,,,,195號十樓之2,121.223025708007,25.0193699981269
桃園市大園區青峰里14鄰青峰路二段195號十樓之3,68,6800600,6800600-000,14鄰,青峰路,二段,,,,,195號十樓之3,121.223025708007,25.0193699981269
桃園市大園區青峰里14鄰青峰路二段195號十樓之5,68,6800600,6800600-000,14鄰,青峰路,二段,,,,,195號十樓之5,121.223025708007,25.0193699981269
桃園市大園區青峰里14鄰青峰路二段195號三樓之1,68,6800600,6800600-000,14鄰,青峰路,二段,,,,,195號三樓之1,121.223025708007,25.0193699981269
桃園市大園區青峰里14鄰青峰路二段195號三樓之2,68,6800600,6800600-000,14鄰,青峰路,二段,,,,,195號三樓之2,121.223025708007,25.0193699981269
桃園市大園區青峰里14鄰青峰路二段195號三樓之3,68,6800600,6800600-000,14鄰,青峰路,二段,,,,,195號三樓之3,121.223025708007,25.0193699981269
桃園市大園區青峰里14鄰青峰路二段195號三樓之5,68,6800600,6800600-000,14鄰,青峰路,二段,,,,,195號三樓之5,121.223025708007,25.0193699981269
桃園市大園區青峰里14鄰青峰路二段195號四樓之1,68,6800600,6800600-000,14鄰,青峰路,二段,,,,,195號四樓之1,121.223025708007,25.0193699981269
桃園市大園區青峰里14鄰青峰路二段195號四樓之2,68,6800600,6800600-000,14鄰,青峰路,二段,,,,,195號四樓之2,121.223025708007,25.0193699981269
桃園市大園區青峰里14鄰青峰路二段195號四樓之3,68,6800600,6800600-000,14鄰,青峰路,二段,,,,,195號四樓之3,121.223025708007,25.0193699981269
桃園市大園區青峰里14鄰青峰路二段195號四樓之5,68,6800600,6800600-000,14鄰,青峰路,二段,,,,,195號四樓之5,121.223025708007,25.0193699981269
桃園市大園區青峰里14鄰青峰路二段195號五樓之1,68,6800600,6800600-000,14鄰,青峰路,二段,,,,,195號五樓之1,121.223025708007,25.0193699981269
桃園市大園區青峰里14鄰青峰路二段195號五樓之2,68,6800600,6800600-000,14鄰,青峰路,二段,,,,,195號五樓之2,121.223025708007,25.0193699981269
桃園市大園區青峰里14鄰青峰路二段195號五樓之3,68,6800600,6800600-000,14鄰,青峰路,二段,,,,,195號五樓之3,121.223025708007,25.0193699981269
桃園市大園區青峰里14鄰青峰路二段195號五樓之5,68,6800600,6800600-000,14鄰,青峰路,二段,,,,,195號五樓之5,121.223025708007,25.0193699981269
桃園市大園區青峰里14鄰青峰路二段195號六樓之1,68,6800600,6800600-000,14鄰,青峰路,二段,,,,,195號六樓之1,121.223025708007,25.0193699981269
桃園市大園區青峰里14鄰青峰路二段195號六樓之2,68,6800600,6800600-000,14鄰,青峰路,二段,,,,,195號六樓之2,121.223025708007,25.0193699981269
桃園市大園區青峰里14鄰青峰路二段195號六樓之3,68,6800600,6800600-000,14鄰,青峰路,二段,,,,,195號六樓之3,121.223025708007,25.0193699981269
桃園市大園區青峰里14鄰青峰路二段195號六樓之5,68,6800600,6800600-000,14鄰,青峰路,二段,,,,,195號六樓之5,121.223025708007,25.0193699981269
桃園市大園區青峰里14鄰青峰路二段195號七樓之1,68,6800600,6800600-000,14鄰,青峰路,二段,,,,,195號七樓之1,121.223025708007,25.0193699981269
桃園市大園區青峰里14鄰青峰路二段195號七樓之2,68,6800600,6800600-000,14鄰,青峰路,二段,,,,,195號七樓之2,121.223025708007,25.0193699981269
桃園市大園區青峰里14鄰青峰路二段195號七樓之3,68,6800600,6800600-000,14鄰,青峰路,二段,,,,,195號七樓之3,121.223025708007,25.0193699981269
桃園市大園區青峰里14鄰青峰路二段195號七樓之5,68,6800600,6800600-000,14鄰,青峰路,二段,,,,,195號七樓之5,121.223025708007,25.0193699981269
桃園市大園區青峰里14鄰青峰路二段195號八樓之1,68,6800600,6800600-000,14鄰,青峰路,二段,,,,,195號八樓之1,121.223025708007,25.0193699981269
桃園市大園區青峰里14鄰青峰路二段195號八樓之2,68,6800600,6800600-000,14鄰,青峰路,二段,,,,,195號八樓之2,121.223025708007,25.0193699981269
桃園市大園區青峰里14鄰青峰路二段195號八樓之3,68,6800600,6800600-000,14鄰,青峰路,二段,,,,,195號八樓之3,121.223025708007,25.0193699981269
桃園市大園區青峰里14鄰青峰路二段195號八樓之5,68,6800600,6800600-000,14鄰,青峰路,二段,,,,,195號八樓之5,121.223025708007,25.0193699981269
桃園市大園區青峰里14鄰青峰路二段195號九樓之1,68,6800600,6800600-000,14鄰,青峰路,二段,,,,,195號九樓之1,121.223025708007,25.0193699981269
桃園市大園區青峰里14鄰青峰路二段195號九樓之2,68,6800600,6800600-000,14鄰,青峰路,二段,,,,,195號九樓之2,121.223025708007,25.0193699981269
桃園市大園區青峰里14鄰青峰路二段195號九樓之3,68,6800600,6800600-000,14鄰,青峰路,二段,,,,,195號九樓之3,121.223025708007,25.0193699981269
桃園市大園區青峰里14鄰青峰路二段195號九樓之5,68,6800600,6800600-000,14鄰,青峰路,二段,,,,,195號九樓之5,121.223025708007,25.0193699981269
桃園市大園區青峰里14鄰青峰路二段195號十一樓之1,68,6800600,6800600-000,14鄰,青峰路,二段,,,,,195號十一樓之1,121.223025708007,25.0193699981269
桃園市大園區青峰里14鄰青峰路二段195號十一樓之2,68,6800600,6800600-000,14鄰,青峰路,二段,,,,,195號十一樓之2,121.223025708007,25.0193699981269
桃園市大園區青峰里14鄰青峰路二段195號十一樓之3,68,6800600,6800600-000,14鄰,青峰路,二段,,,,,195號十一樓之3,121.223025708007,25.0193699981269
桃園市大園區青峰里14鄰青峰路二段195號十一樓之5,68,6800600,6800600-000,14鄰,青峰路,二段,,,,,195號十一樓之5,121.223025708007,25.0193699981269
桃園市大園區青峰里15鄰青峰路二段196號,68,6800600,6800600-000,15鄰,青峰路,二段,,,,,196號,121.223655271209,25.0193068473384
桃園市大園區青峰里14鄰青峰路二段197號,68,6800600,6800600-000,14鄰,青峰路,二段,,,,,197號,121.223091334067,25.0194428484554
桃園市大園區青峰里15鄰青峰路二段198號,68,6800600,6800600-000,15鄰,青峰路,二段,,,,,198號,121.223705803037,25.019361031488
桃園市大園區青峰里14鄰青峰路二段199號十樓之1,68,6800600,6800600-000,14鄰,青峰路,二段,,,,,199號十樓之1,121.223129408909,25.019512399627
桃園市大園區青峰里14鄰青峰路二段199號十樓之2,68,6800600,6800600-000,14鄰,青峰路,二段,,,,,199號十樓之2,121.223129408909,25.019512399627
桃園市大園區青峰里14鄰青峰路二段199號十樓之3,68,6800600,6800600-000,14鄰,青峰路,二段,,,,,199號十樓之3,121.223129408909,25.019512399627
桃園市大園區青峰里14鄰青峰路二段199號二樓之1,68,6800600,6800600-000,14鄰,青峰路,二段,,,,,199號二樓之1,121.223129408909,25.019512399627
桃園市大園區青峰里14鄰青峰路二段199號二樓之2,68,6800600,6800600-000,14鄰,青峰路,二段,,,,,199號二樓之2,121.223129408909,25.019512399627
桃園市大園區青峰里14鄰青峰路二段199號二樓之3,68,6800600,6800600-000,14鄰,青峰路,二段,,,,,199號二樓之3,121.223129408909,25.019512399627
桃園市大園區青峰里14鄰青峰路二段199號三樓之1,68,6800600,6800600-000,14鄰,青峰路,二段,,,,,199號三樓之1,121.223129408909,25.019512399627
桃園市大園區青峰里14鄰青峰路二段199號三樓之2,68,6800600,6800600-000,14鄰,青峰路,二段,,,,,199號三樓之2,121.223129408909,25.019512399627
桃園市大園區青峰里14鄰青峰路二段199號三樓之3,68,6800600,6800600-000,14鄰,青峰路,二段,,,,,199號三樓之3,121.223129408909,25.019512399627
桃園市大園區青峰里14鄰青峰路二段199號四樓之1,68,6800600,6800600-000,14鄰,青峰路,二段,,,,,199號四樓之1,121.223129408909,25.019512399627
桃園市大園區青峰里14鄰青峰路二段199號四樓之2,68,6800600,6800600-000,14鄰,青峰路,二段,,,,,199號四樓之2,121.223129408909,25.019512399627
桃園市大園區青峰里14鄰青峰路二段199號四樓之3,68,6800600,6800600-000,14鄰,青峰路,二段,,,,,199號四樓之3,121.223129408909,25.019512399627
桃園市大園區青峰里14鄰青峰路二段199號五樓之1,68,6800600,6800600-000,14鄰,青峰路,二段,,,,,199號五樓之1,121.223129408909,25.019512399627
桃園市大園區青峰里14鄰青峰路二段199號五樓之2,68,6800600,6800600-000,14鄰,青峰路,二段,,,,,199號五樓之2,121.223129408909,25.019512399627
桃園市大園區青峰里14鄰青峰路二段199號五樓之3,68,6800600,6800600-000,14鄰,青峰路,二段,,,,,199號五樓之3,121.223129408909,25.019512399627
桃園市大園區青峰里14鄰青峰路二段199號六樓之1,68,6800600,6800600-000,14鄰,青峰路,二段,,,,,199號六樓之1,121.223129408909,25.019512399627
桃園市大園區青峰里14鄰青峰路二段199號六樓之2,68,6800600,6800600-000,14鄰,青峰路,二段,,,,,199號六樓之2,121.223129408909,25.019512399627
桃園市大園區青峰里14鄰青峰路二段199號六樓之3,68,6800600,6800600-000,14鄰,青峰路,二段,,,,,199號六樓之3,121.223129408909,25.019512399627
桃園市大園區青峰里14鄰青峰路二段199號七樓之1,68,6800600,6800600-000,14鄰,青峰路,二段,,,,,199號七樓之1,121.223129408909,25.019512399627
桃園市大園區青峰里14鄰青峰路二段199號七樓之2,68,6800600,6800600-000,14鄰,青峰路,二段,,,,,199號七樓之2,121.223129408909,25.019512399627
桃園市大園區青峰里14鄰青峰路二段199號七樓之3,68,6800600,6800600-000,14鄰,青峰路,二段,,,,,199號七樓之3,121.223129408909,25.019512399627
桃園市大園區青峰里14鄰青峰路二段199號八樓之1,68,6800600,6800600-000,14鄰,青峰路,二段,,,,,199號八樓之1,121.223129408909,25.019512399627
桃園市大園區青峰里14鄰青峰路二段199號八樓之2,68,6800600,6800600-000,14鄰,青峰路,二段,,,,,199號八樓之2,121.223129408909,25.019512399627
桃園市大園區青峰里14鄰青峰路二段199號八樓之3,68,6800600,6800600-000,14鄰,青峰路,二段,,,,,199號八樓之3,121.223129408909,25.019512399627
桃園市大園區青峰里14鄰青峰路二段199號九樓之1,68,6800600,6800600-000,14鄰,青峰路,二段,,,,,199號九樓之1,121.223129408909,25.019512399627
桃園市大園區青峰里14鄰青峰路二段199號九樓之2,68,6800600,6800600-000,14鄰,青峰路,二段,,,,,199號九樓之2,121.223129408909,25.019512399627
桃園市大園區青峰里14鄰青峰路二段199號九樓之3,68,6800600,6800600-000,14鄰,青峰路,二段,,,,,199號九樓之3,121.223129408909,25.019512399627
桃園市大園區青峰里14鄰青峰路二段199號十一樓之1,68,6800600,6800600-000,14鄰,青峰路,二段,,,,,199號十一樓之1,121.223129408909,25.019512399627
桃園市大園區青峰里14鄰青峰路二段199號十一樓之2,68,6800600,6800600-000,14鄰,青峰路,二段,,,,,199號十一樓之2,121.223129408909,25.019512399627
桃園市大園區青峰里14鄰青峰路二段199號十一樓之3,68,6800600,6800600-000,14鄰,青峰路,二段,,,,,199號十一樓之3,121.223129408909,25.019512399627
桃園市大園區青峰里15鄰青峰路二段200號,68,6800600,6800600-000,15鄰,青峰路,二段,,,,,200號,121.223751853401,25.0194026730068
桃園市大園區青峰里15鄰青峰路二段200號十樓,68,6800600,6800600-000,15鄰,青峰路,二段,,,,,200號十樓,121.223751853401,25.0194026730068
桃園市大園區青峰里15鄰青峰路二段200號三樓,68,6800600,6800600-000,15鄰,青峰路,二段,,,,,200號三樓,121.223751853401,25.0194026730068
桃園市大園區青峰里15鄰青峰路二段200號四樓,68,6800600,6800600-000,15鄰,青峰路,二段,,,,,200號四樓,121.223751853401,25.0194026730068
桃園市大園區青峰里15鄰青峰路二段200號五樓,68,6800600,6800600-000,15鄰,青峰路,二段,,,,,200號五樓,121.223751853401,25.0194026730068
桃園市大園區青峰里15鄰青峰路二段200號六樓,68,6800600,6800600-000,15鄰,青峰路,二段,,,,,200號六樓,121.223751853401,25.0194026730068
桃園市大園區青峰里15鄰青峰路二段200號七樓,68,6800600,6800600-000,15鄰,青峰路,二段,,,,,200號七樓,121.223751853401,25.0194026730068
桃園市大園區青峰里15鄰青峰路二段200號八樓,68,6800600,6800600-000,15鄰,青峰路,二段,,,,,200號八樓,121.223751853401,25.0194026730068
桃園市大園區青峰里15鄰青峰路二段200號九樓,68,6800600,6800600-000,15鄰,青峰路,二段,,,,,200號九樓,121.223751853401,25.0194026730068
桃園市大園區青峰里15鄰青峰路二段200號十一樓,68,6800600,6800600-000,15鄰,青峰路,二段,,,,,200號十一樓,121.223751853401,25.0194026730068
桃園市大園區青峰里14鄰青峰路二段201號,68,6800600,6800600-000,14鄰,青峰路,二段,,,,,201號,121.223267159886,25.0195806274599
桃園市大園區青峰里14鄰青峰路二段201號三樓,68,6800600,6800600-000,14鄰,青峰路,二段,,,,,201號三樓,121.223267159886,25.0195806274599
桃園市大園區青峰里14鄰青峰路二段201號四樓,68,6800600,6800600-000,14鄰,青峰路,二段,,,,,201號四樓,121.223267159886,25.0195806274599
桃園市大園區青峰里14鄰青峰路二段201號五樓,68,6800600,6800600-000,14鄰,青峰路,二段,,,,,201號五樓,121.223267159886,25.0195806274599
桃園市大園區青峰里14鄰青峰路二段201號六樓,68,6800600,6800600-000,14鄰,青峰路,二段,,,,,201號六樓,121.223267159886,25.0195806274599
桃園市大園區青峰里14鄰青峰路二段201號七樓,68,6800600,6800600-000,14鄰,青峰路,二段,,,,,201號七樓,121.223267159886,25.0195806274599
桃園市大園區青峰里14鄰青峰路二段201號八樓,68,6800600,6800600-000,14鄰,青峰路,二段,,,,,201號八樓,121.223267159886,25.0195806274599
桃園市大園區青峰里14鄰青峰路二段201號九樓,68,6800600,6800600-000,14鄰,青峰路,二段,,,,,201號九樓,121.223267159886,25.0195806274599
桃園市大園區青峰里15鄰青峰路二段202號,68,6800600,6800600-000,15鄰,青峰路,二段,,,,,202號,121.223793151548,25.0194463981763
桃園市大園區青峰里15鄰青峰路二段202號十樓,68,6800600,6800600-000,15鄰,青峰路,二段,,,,,202號十樓,121.223793151548,25.0194463981763
桃園市大園區青峰里15鄰青峰路二段202號三樓,68,6800600,6800600-000,15鄰,青峰路,二段,,,,,202號三樓,121.223793151548,25.0194463981763
桃園市大園區青峰里15鄰青峰路二段202號四樓,68,6800600,6800600-000,15鄰,青峰路,二段,,,,,202號四樓,121.223793151548,25.0194463981763
桃園市大園區青峰里15鄰青峰路二段202號五樓,68,6800600,6800600-000,15鄰,青峰路,二段,,,,,202號五樓,121.223793151548,25.0194463981763
桃園市大園區青峰里15鄰青峰路二段202號六樓,68,6800600,6800600-000,15鄰,青峰路,二段,,,,,202號六樓,121.223793151548,25.0194463981763
桃園市大園區青峰里15鄰青峰路二段202號七樓,68,6800600,6800600-000,15鄰,青峰路,二段,,,,,202號七樓,121.223793151548,25.0194463981763
桃園市大園區青峰里15鄰青峰路二段202號八樓,68,6800600,6800600-000,15鄰,青峰路,二段,,,,,202號八樓,121.223793151548,25.0194463981763
桃園市大園區青峰里15鄰青峰路二段202號九樓,68,6800600,6800600-000,15鄰,青峰路,二段,,,,,202號九樓,121.223793151548,25.0194463981763
桃園市大園區青峰里15鄰青峰路二段202號十一樓,68,6800600,6800600-000,15鄰,青峰路,二段,,,,,202號十一樓,121.223793151548,25.0194463981763
桃園市大園區青峰里14鄰青峰路二段203號三樓,68,6800600,6800600-000,14鄰,青峰路,二段,,,,,203號三樓,121.223362827533,25.0196639053942
桃園市大園區青峰里14鄰青峰路二段203號四樓,68,6800600,6800600-000,14鄰,青峰路,二段,,,,,203號四樓,121.223362827533,25.0196639053942
桃園市大園區青峰里14鄰青峰路二段203號五樓,68,6800600,6800600-000,14鄰,青峰路,二段,,,,,203號五樓,121.223362827533,25.0196639053942
桃園市大園區青峰里14鄰青峰路二段203號六樓,68,6800600,6800600-000,14鄰,青峰路,二段,,,,,203號六樓,121.223362827533,25.0196639053942
桃園市大園區青峰里14鄰青峰路二段203號七樓,68,6800600,6800600-000,14鄰,青峰路,二段,,,,,203號七樓,121.223362827533,25.0196639053942
桃園市大園區青峰里14鄰青峰路二段203號八樓,68,6800600,6800600-000,14鄰,青峰路,二段,,,,,203號八樓,121.223362827533,25.0196639053942
桃園市大園區青峰里14鄰青峰路二段203號九樓,68,6800600,6800600-000,14鄰,青峰路,二段,,,,,203號九樓,121.223362827533,25.0196639053942
桃園市大園區青峰里14鄰青峰路二段205號三樓,68,6800600,6800600-000,14鄰,青峰路,二段,,,,,205號三樓,121.223442995739,25.0197237329422
桃園市大園區青峰里14鄰青峰路二段205號四樓,68,6800600,6800600-000,14鄰,青峰路,二段,,,,,205號四樓,121.223442995739,25.0197237329422
桃園市大園區青峰里14鄰青峰路二段205號五樓,68,6800600,6800600-000,14鄰,青峰路,二段,,,,,205號五樓,121.223442995739,25.0197237329422
桃園市大園區青峰里14鄰青峰路二段205號六樓,68,6800600,6800600-000,14鄰,青峰路,二段,,,,,205號六樓,121.223442995739,25.0197237329422
桃園市大園區青峰里14鄰青峰路二段205號七樓,68,6800600,6800600-000,14鄰,青峰路,二段,,,,,205號七樓,121.223442995739,25.0197237329422
桃園市大園區青峰里14鄰青峰路二段205號八樓,68,6800600,6800600-000,14鄰,青峰路,二段,,,,,205號八樓,121.223442995739,25.0197237329422
桃園市大園區青峰里14鄰青峰路二段205號九樓,68,6800600,6800600-000,14鄰,青峰路,二段,,,,,205號九樓,121.223442995739,25.0197237329422
桃園市大園區青峰里15鄰青峰路二段206號,68,6800600,6800600-000,15鄰,青峰路,二段,,,,,206號,121.223839205903,25.0194902064567
桃園市大園區青峰里14鄰青峰路二段207號三樓,68,6800600,6800600-000,14鄰,青峰路,二段,,,,,207號三樓,121.223532332873,25.0198128886826
桃園市大園區青峰里14鄰青峰路二段207號四樓,68,6800600,6800600-000,14鄰,青峰路,二段,,,,,207號四樓,121.223532332873,25.0198128886826
桃園市大園區青峰里14鄰青峰路二段207號五樓,68,6800600,6800600-000,14鄰,青峰路,二段,,,,,207號五樓,121.223532332873,25.0198128886826
桃園市大園區青峰里14鄰青峰路二段207號六樓,68,6800600,6800600-000,14鄰,青峰路,二段,,,,,207號六樓,121.223532332873,25.0198128886826
桃園市大園區青峰里14鄰青峰路二段207號七樓,68,6800600,6800600-000,14鄰,青峰路,二段,,,,,207號七樓,121.223532332873,25.0198128886826
桃園市大園區青峰里14鄰青峰路二段207號八樓,68,6800600,6800600-000,14鄰,青峰路,二段,,,,,207號八樓,121.223532332873,25.0198128886826
桃園市大園區青峰里14鄰青峰路二段207號九樓,68,6800600,6800600-000,14鄰,青峰路,二段,,,,,207號九樓,121.223532332873,25.0198128886826
桃園市大園區青峰里14鄰青峰路二段209號十樓,68,6800600,6800600-000,14鄰,青峰路,二段,,,,,209號十樓,121.223183687816,25.0197210527921
桃園市大園區青峰里14鄰青峰路二段209號二樓,68,6800600,6800600-000,14鄰,青峰路,二段,,,,,209號二樓,121.223183687816,25.0197210527921
桃園市大園區青峰里14鄰青峰路二段209號三樓,68,6800600,6800600-000,14鄰,青峰路,二段,,,,,209號三樓,121.223183687816,25.0197210527921
桃園市大園區青峰里14鄰青峰路二段209號四樓,68,6800600,6800600-000,14鄰,青峰路,二段,,,,,209號四樓,121.223183687816,25.0197210527921
桃園市大園區青峰里14鄰青峰路二段209號五樓,68,6800600,6800600-000,14鄰,青峰路,二段,,,,,209號五樓,121.223183687816,25.0197210527921
桃園市大園區青峰里14鄰青峰路二段209號六樓,68,6800600,6800600-000,14鄰,青峰路,二段,,,,,209號六樓,121.223183687816,25.0197210527921
桃園市大園區青峰里14鄰青峰路二段209號七樓,68,6800600,6800600-000,14鄰,青峰路,二段,,,,,209號七樓,121.223183687816,25.0197210527921
桃園市大園區青峰里14鄰青峰路二段209號八樓,68,6800600,6800600-000,14鄰,青峰路,二段,,,,,209號八樓,121.223183687816,25.0197210527921
桃園市大園區青峰里14鄰青峰路二段209號九樓,68,6800600,6800600-000,14鄰,青峰路,二段,,,,,209號九樓,121.223183687816,25.0197210527921
桃園市大園區青峰里14鄰青峰路二段211號十樓,68,6800600,6800600-000,14鄰,青峰路,二段,,,,,211號十樓,121.223058497685,25.0198047525728
桃園市大園區青峰里14鄰青峰路二段211號二樓,68,6800600,6800600-000,14鄰,青峰路,二段,,,,,211號二樓,121.223058497685,25.0198047525728
桃園市大園區青峰里14鄰青峰路二段211號三樓,68,6800600,6800600-000,14鄰,青峰路,二段,,,,,211號三樓,121.223058497685,25.0198047525728
桃園市大園區青峰里14鄰青峰路二段211號四樓,68,6800600,6800600-000,14鄰,青峰路,二段,,,,,211號四樓,121.223058497685,25.0198047525728
桃園市大園區青峰里14鄰青峰路二段211號五樓,68,6800600,6800600-000,14鄰,青峰路,二段,,,,,211號五樓,121.223058497685,25.0198047525728
桃園市大園區青峰里14鄰青峰路二段211號六樓,68,6800600,6800600-000,14鄰,青峰路,二段,,,,,211號六樓,121.223058497685,25.0198047525728
桃園市大園區青峰里14鄰青峰路二段211號七樓,68,6800600,6800600-000,14鄰,青峰路,二段,,,,,211號七樓,121.223058497685,25.0198047525728
桃園市大園區青峰里14鄰青峰路二段211號八樓,68,6800600,6800600-000,14鄰,青峰路,二段,,,,,211號八樓,121.223058497685,25.0198047525728
桃園市大園區青峰里14鄰青峰路二段211號九樓,68,6800600,6800600-000,14鄰,青峰路,二段,,,,,211號九樓,121.223058497685,25.0198047525728
桃園市大園區青峰里14鄰青峰路二段213號十樓,68,6800600,6800600-000,14鄰,青峰路,二段,,,,,213號十樓,121.222948194437,25.0199019723969
桃園市大園區青峰里14鄰青峰路二段213號二樓,68,6800600,6800600-000,14鄰,青峰路,二段,,,,,213號二樓,121.222948194437,25.0199019723969
桃園市大園區青峰里14鄰青峰路二段213號三樓,68,6800600,6800600-000,14鄰,青峰路,二段,,,,,213號三樓,121.222948194437,25.0199019723969
桃園市大園區青峰里14鄰青峰路二段213號四樓,68,6800600,6800600-000,14鄰,青峰路,二段,,,,,213號四樓,121.222948194437,25.0199019723969
桃園市大園區青峰里14鄰青峰路二段213號五樓,68,6800600,6800600-000,14鄰,青峰路,二段,,,,,213號五樓,121.222948194437,25.0199019723969
桃園市大園區青峰里14鄰青峰路二段213號六樓,68,6800600,6800600-000,14鄰,青峰路,二段,,,,,213號六樓,121.222948194437,25.0199019723969
桃園市大園區青峰里14鄰青峰路二段213號七樓,68,6800600,6800600-000,14鄰,青峰路,二段,,,,,213號七樓,121.222948194437,25.0199019723969
桃園市大園區青峰里14鄰青峰路二段213號八樓,68,6800600,6800600-000,14鄰,青峰路,二段,,,,,213號八樓,121.222948194437,25.0199019723969
桃園市大園區青峰里14鄰青峰路二段213號九樓,68,6800600,6800600-000,14鄰,青峰路,二段,,,,,213號九樓,121.222948194437,25.0199019723969
桃園市大園區青峰里14鄰青峰路二段215號十樓,68,6800600,6800600-000,14鄰,青峰路,二段,,,,,215號十樓,121.222820046109,25.0199938018954
桃園市大園區青峰里14鄰青峰路二段215號二樓,68,6800600,6800600-000,14鄰,青峰路,二段,,,,,215號二樓,121.222820046109,25.0199938018954
桃園市大園區青峰里14鄰青峰路二段215號三樓,68,6800600,6800600-000,14鄰,青峰路,二段,,,,,215號三樓,121.222820046109,25.0199938018954
桃園市大園區青峰里14鄰青峰路二段215號四樓,68,6800600,6800600-000,14鄰,青峰路,二段,,,,,215號四樓,121.222820046109,25.0199938018954
桃園市大園區青峰里14鄰青峰路二段215號五樓,68,6800600,6800600-000,14鄰,青峰路,二段,,,,,215號五樓,121.222820046109,25.0199938018954
桃園市大園區青峰里14鄰青峰路二段215號六樓,68,6800600,6800600-000,14鄰,青峰路,二段,,,,,215號六樓,121.222820046109,25.0199938018954
桃園市大園區青峰里14鄰青峰路二段215號七樓,68,6800600,6800600-000,14鄰,青峰路,二段,,,,,215號七樓,121.222820046109,25.0199938018954
桃園市大園區青峰里14鄰青峰路二段215號八樓,68,6800600,6800600-000,14鄰,青峰路,二段,,,,,215號八樓,121.222820046109,25.0199938018954
桃園市大園區青峰里14鄰青峰路二段215號九樓,68,6800600,6800600-000,14鄰,青峰路,二段,,,,,215號九樓,121.222820046109,25.0199938018954
桃園市大園區青峰里14鄰青峰路二段217號,68,6800600,6800600-000,14鄰,青峰路,二段,,,,,217號,121.22338390294,25.0205236400672
桃園市大園區青峰里14鄰青峰路二段217號二樓,68,6800600,6800600-000,14鄰,青峰路,二段,,,,,217號二樓,121.22338390294,25.0205236400672
桃園市大園區青峰里14鄰青峰路二段217號三樓,68,6800600,6800600-000,14鄰,青峰路,二段,,,,,217號三樓,121.22338390294,25.0205236400672
桃園市大園區青峰里14鄰青峰路二段217號四樓,68,6800600,6800600-000,14鄰,青峰路,二段,,,,,217號四樓,121.22338390294,25.0205236400672
桃園市大園區青峰里14鄰青峰路二段217號五樓,68,6800600,6800600-000,14鄰,青峰路,二段,,,,,217號五樓,121.22338390294,25.0205236400672
桃園市大園區青峰里14鄰青峰路二段217號六樓,68,6800600,6800600-000,14鄰,青峰路,二段,,,,,217號六樓,121.22338390294,25.0205236400672
桃園市大園區青峰里14鄰青峰路二段217號七樓,68,6800600,6800600-000,14鄰,青峰路,二段,,,,,217號七樓,121.22338390294,25.0205236400672
桃園市大園區青峰里14鄰青峰路二段217號八樓,68,6800600,6800600-000,14鄰,青峰路,二段,,,,,217號八樓,121.22338390294,25.0205236400672
桃園市大園區青峰里14鄰青峰路二段217號九樓,68,6800600,6800600-000,14鄰,青峰路,二段,,,,,217號九樓,121.22338390294,25.0205236400672
桃園市大園區青峰里14鄰青峰路二段219號,68,6800600,6800600-000,14鄰,青峰路,二段,,,,,219號,121.223500161265,25.0204318279629
桃園市大園區青峰里14鄰青峰路二段219號二樓,68,6800600,6800600-000,14鄰,青峰路,二段,,,,,219號二樓,121.223500161265,25.0204318279629
桃園市大園區青峰里14鄰青峰路二段219號三樓,68,6800600,6800600-000,14鄰,青峰路,二段,,,,,219號三樓,121.223500161265,25.0204318279629
桃園市大園區青峰里14鄰青峰路二段219號四樓,68,6800600,6800600-000,14鄰,青峰路,二段,,,,,219號四樓,121.223500161265,25.0204318279629
桃園市大園區青峰里14鄰青峰路二段219號五樓,68,6800600,6800600-000,14鄰,青峰路,二段,,,,,219號五樓,121.223500161265,25.0204318279629
桃園市大園區青峰里14鄰青峰路二段219號六樓,68,6800600,6800600-000,14鄰,青峰路,二段,,,,,219號六樓,121.223500161265,25.0204318279629
桃園市大園區青峰里14鄰青峰路二段219號七樓,68,6800600,6800600-000,14鄰,青峰路,二段,,,,,219號七樓,121.223500161265,25.0204318279629
桃園市大園區青峰里14鄰青峰路二段219號八樓,68,6800600,6800600-000,14鄰,青峰路,二段,,,,,219號八樓,121.223500161265,25.0204318279629
桃園市大園區青峰里14鄰青峰路二段219號九樓,68,6800600,6800600-000,14鄰,青峰路,二段,,,,,219號九樓,121.223500161265,25.0204318279629
桃園市大園區青峰里15鄰青峰路二段220之1號十樓,68,6800600,6800600-000,15鄰,青峰路,二段,,,,,220之1號十樓,121.223977310002,25.0195344177821
桃園市大園區青峰里15鄰青峰路二段220號十樓,68,6800600,6800600-000,15鄰,青峰路,二段,,,,,220號十樓,121.223924375084,25.0195757569128
桃園市大園區青峰里15鄰青峰路二段220之1號二樓,68,6800600,6800600-000,15鄰,青峰路,二段,,,,,220之1號二樓,121.223977310002,25.0195344177821
桃園市大園區青峰里15鄰青峰路二段220號二樓,68,6800600,6800600-000,15鄰,青峰路,二段,,,,,220號二樓,121.223924375084,25.0195757569128
桃園市大園區青峰里15鄰青峰路二段220號三樓,68,6800600,6800600-000,15鄰,青峰路,二段,,,,,220號三樓,121.223924375084,25.0195757569128
桃園市大園區青峰里15鄰青峰路二段220之1號三樓,68,6800600,6800600-000,15鄰,青峰路,二段,,,,,220之1號三樓,121.223977310002,25.0195344177821
桃園市大園區青峰里15鄰青峰路二段220之1號四樓,68,6800600,6800600-000,15鄰,青峰路,二段,,,,,220之1號四樓,121.223977310002,25.0195344177821
桃園市大園區青峰里15鄰青峰路二段220號四樓,68,6800600,6800600-000,15鄰,青峰路,二段,,,,,220號四樓,121.223924375084,25.0195757569128
桃園市大園區青峰里15鄰青峰路二段220之1號五樓,68,6800600,6800600-000,15鄰,青峰路,二段,,,,,220之1號五樓,121.223977310002,25.0195344177821
桃園市大園區青峰里15鄰青峰路二段220號五樓,68,6800600,6800600-000,15鄰,青峰路,二段,,,,,220號五樓,121.223924375084,25.0195757569128
桃園市大園區青峰里15鄰青峰路二段220號六樓,68,6800600,6800600-000,15鄰,青峰路,二段,,,,,220號六樓,121.223924375084,25.0195757569128
桃園市大園區青峰里15鄰青峰路二段220之1號六樓,68,6800600,6800600-000,15鄰,青峰路,二段,,,,,220之1號六樓,121.223977310002,25.0195344177821
桃園市大園區青峰里15鄰青峰路二段220之1號七樓,68,6800600,6800600-000,15鄰,青峰路,二段,,,,,220之1號七樓,121.223977310002,25.0195344177821
桃園市大園區青峰里15鄰青峰路二段220號七樓,68,6800600,6800600-000,15鄰,青峰路,二段,,,,,220號七樓,121.223924375084,25.0195757569128
桃園市大園區青峰里15鄰青峰路二段220號八樓,68,6800600,6800600-000,15鄰,青峰路,二段,,,,,220號八樓,121.223924375084,25.0195757569128
桃園市大園區青峰里15鄰青峰路二段220之1號八樓,68,6800600,6800600-000,15鄰,青峰路,二段,,,,,220之1號八樓,121.223977310002,25.0195344177821
桃園市大園區青峰里15鄰青峰路二段220號九樓,68,6800600,6800600-000,15鄰,青峰路,二段,,,,,220號九樓,121.223924375084,25.0195757569128
桃園市大園區青峰里15鄰青峰路二段220之1號九樓,68,6800600,6800600-000,15鄰,青峰路,二段,,,,,220之1號九樓,121.223977310002,25.0195344177821
桃園市大園區青峰里15鄰青峰路二段222號,68,6800600,6800600-000,15鄰,青峰路,二段,,,,,222號,121.223977305955,25.0196414033128
桃園市大園區青峰里15鄰青峰路二段222之1號十樓,68,6800600,6800600-000,15鄰,青峰路,二段,,,,,222之1號十樓,121.224052387132,25.0195733069816
桃園市大園區青峰里15鄰青峰路二段222號十樓,68,6800600,6800600-000,15鄰,青峰路,二段,,,,,222號十樓,121.223977305955,25.0196414033128
桃園市大園區青峰里15鄰青峰路二段222之1號二樓,68,6800600,6800600-000,15鄰,青峰路,二段,,,,,222之1號二樓,121.224052387132,25.0195733069816
桃園市大園區青峰里15鄰青峰路二段222號二樓,68,6800600,6800600-000,15鄰,青峰路,二段,,,,,222號二樓,121.223977305955,25.0196414033128
桃園市大園區青峰里15鄰青峰路二段222之1號三樓,68,6800600,6800600-000,15鄰,青峰路,二段,,,,,222之1號三樓,121.224052387132,25.0195733069816
桃園市大園區青峰里15鄰青峰路二段222號三樓,68,6800600,6800600-000,15鄰,青峰路,二段,,,,,222號三樓,121.223977305955,25.0196414033128
桃園市大園區青峰里15鄰青峰路二段222之1號四樓,68,6800600,6800600-000,15鄰,青峰路,二段,,,,,222之1號四樓,121.224052387132,25.0195733069816
桃園市大園區青峰里15鄰青峰路二段222號四樓,68,6800600,6800600-000,15鄰,青峰路,二段,,,,,222號四樓,121.223977305955,25.0196414033128
桃園市大園區青峰里15鄰青峰路二段222之1號五樓,68,6800600,6800600-000,15鄰,青峰路,二段,,,,,222之1號五樓,121.224052387132,25.0195733069816
桃園市大園區青峰里15鄰青峰路二段222號五樓,68,6800600,6800600-000,15鄰,青峰路,二段,,,,,222號五樓,121.223977305955,25.0196414033128
桃園市大園區青峰里15鄰青峰路二段222之1號六樓,68,6800600,6800600-000,15鄰,青峰路,二段,,,,,222之1號六樓,121.224052387132,25.0195733069816
桃園市大園區青峰里15鄰青峰路二段222號六樓,68,6800600,6800600-000,15鄰,青峰路,二段,,,,,222號六樓,121.223977305955,25.0196414033128
桃園市大園區青峰里15鄰青峰路二段222之1號七樓,68,6800600,6800600-000,15鄰,青峰路,二段,,,,,222之1號七樓,121.224052387132,25.0195733069816
桃園市大園區青峰里15鄰青峰路二段222號七樓,68,6800600,6800600-000,15鄰,青峰路,二段,,,,,222號七樓,121.223977305955,25.0196414033128
桃園市大園區青峰里15鄰青峰路二段222之1號八樓,68,6800600,6800600-000,15鄰,青峰路,二段,,,,,222之1號八樓,121.224052387132,25.0195733069816
桃園市大園區青峰里15鄰青峰路二段222號八樓,68,6800600,6800600-000,15鄰,青峰路,二段,,,,,222號八樓,121.223977305955,25.0196414033128
桃園市大園區青峰里15鄰青峰路二段222之1號九樓,68,6800600,6800600-000,15鄰,青峰路,二段,,,,,222之1號九樓,121.224052387132,25.0195733069816
桃園市大園區青峰里15鄰青峰路二段222號九樓,68,6800600,6800600-000,15鄰,青峰路,二段,,,,,222號九樓,121.223977305955,25.0196414033128
桃園市大園區青峰里15鄰青峰路二段226號,68,6800600,6800600-000,15鄰,青峰路,二段,,,,,226號,121.224036349109,25.0196899769692
桃園市大園區青峰里15鄰青峰路二段226之1號十樓,68,6800600,6800600-000,15鄰,青峰路,二段,,,,,226之1號十樓,121.224116794245,25.0196292757408
桃園市大園區青峰里15鄰青峰路二段226號十樓,68,6800600,6800600-000,15鄰,青峰路,二段,,,,,226號十樓,121.224036349109,25.0196899769692
桃園市大園區青峰里15鄰青峰路二段226之1號二樓,68,6800600,6800600-000,15鄰,青峰路,二段,,,,,226之1號二樓,121.224116794245,25.0196292757408
桃園市大園區青峰里15鄰青峰路二段226號二樓,68,6800600,6800600-000,15鄰,青峰路,二段,,,,,226號二樓,121.224036349109,25.0196899769692
桃園市大園區青峰里15鄰青峰路二段226之1號三樓,68,6800600,6800600-000,15鄰,青峰路,二段,,,,,226之1號三樓,121.224116794245,25.0196292757408
桃園市大園區青峰里15鄰青峰路二段226號三樓,68,6800600,6800600-000,15鄰,青峰路,二段,,,,,226號三樓,121.224036349109,25.0196899769692
桃園市大園區青峰里15鄰青峰路二段226之1號四樓,68,6800600,6800600-000,15鄰,青峰路,二段,,,,,226之1號四樓,121.224116794245,25.0196292757408
桃園市大園區青峰里15鄰青峰路二段226號四樓,68,6800600,6800600-000,15鄰,青峰路,二段,,,,,226號四樓,121.224036349109,25.0196899769692
桃園市大園區青峰里15鄰青峰路二段226之1號五樓,68,6800600,6800600-000,15鄰,青峰路,二段,,,,,226之1號五樓,121.224116794245,25.0196292757408
桃園市大園區青峰里15鄰青峰路二段226號五樓,68,6800600,6800600-000,15鄰,青峰路,二段,,,,,226號五樓,121.224036349109,25.0196899769692
桃園市大園區青峰里15鄰青峰路二段226之1號六樓,68,6800600,6800600-000,15鄰,青峰路,二段,,,,,226之1號六樓,121.224116794245,25.0196292757408
桃園市大園區青峰里15鄰青峰路二段226號六樓,68,6800600,6800600-000,15鄰,青峰路,二段,,,,,226號六樓,121.224036349109,25.0196899769692
桃園市大園區青峰里15鄰青峰路二段226之1號七樓,68,6800600,6800600-000,15鄰,青峰路,二段,,,,,226之1號七樓,121.224116794245,25.0196292757408
桃園市大園區青峰里15鄰青峰路二段226號七樓,68,6800600,6800600-000,15鄰,青峰路,二段,,,,,226號七樓,121.224036349109,25.0196899769692
桃園市大園區青峰里15鄰青峰路二段226之1號八樓,68,6800600,6800600-000,15鄰,青峰路,二段,,,,,226之1號八樓,121.224116794245,25.0196292757408
桃園市大園區青峰里15鄰青峰路二段226號八樓,68,6800600,6800600-000,15鄰,青峰路,二段,,,,,226號八樓,121.224036349109,25.0196899769692
桃園市大園區青峰里15鄰青峰路二段226之1號九樓,68,6800600,6800600-000,15鄰,青峰路,二段,,,,,226之1號九樓,121.224116794245,25.0196292757408
桃園市大園區青峰里15鄰青峰路二段226號九樓,68,6800600,6800600-000,15鄰,青峰路,二段,,,,,226號九樓,121.224036349109,25.0196899769692
桃園市大園區青峰里15鄰青峰路二段228號,68,6800600,6800600-000,15鄰,青峰路,二段,,,,,228號,121.224100734149,25.0197337575435
桃園市大園區青峰里15鄰青峰路二段228號十樓,68,6800600,6800600-000,15鄰,青峰路,二段,,,,,228號十樓,121.224100734149,25.0197337575435
桃園市大園區青峰里15鄰青峰路二段228號二樓,68,6800600,6800600-000,15鄰,青峰路,二段,,,,,228號二樓,121.224100734149,25.0197337575435
桃園市大園區青峰里15鄰青峰路二段228號三樓,68,6800600,6800600-000,15鄰,青峰路,二段,,,,,228號三樓,121.224100734149,25.0197337575435
桃園市大園區青峰里15鄰青峰路二段228號四樓,68,6800600,6800600-000,15鄰,青峰路,二段,,,,,228號四樓,121.224100734149,25.0197337575435
桃園市大園區青峰里15鄰青峰路二段228號五樓,68,6800600,6800600-000,15鄰,青峰路,二段,,,,,228號五樓,121.224100734149,25.0197337575435
桃園市大園區青峰里15鄰青峰路二段228號六樓,68,6800600,6800600-000,15鄰,青峰路,二段,,,,,228號六樓,121.224100734149,25.0197337575435
桃園市大園區青峰里15鄰青峰路二段228號七樓,68,6800600,6800600-000,15鄰,青峰路,二段,,,,,228號七樓,121.224100734149,25.0197337575435
桃園市大園區青峰里15鄰青峰路二段228號八樓,68,6800600,6800600-000,15鄰,青峰路,二段,,,,,228號八樓,121.224100734149,25.0197337575435
桃園市大園區青峰里15鄰青峰路二段228號九樓,68,6800600,6800600-000,15鄰,青峰路,二段,,,,,228號九樓,121.224100734149,25.0197337575435
桃園市大園區青峰里15鄰青峰路二段230號,68,6800600,6800600-000,15鄰,青峰路,二段,,,,,230號,121.224153709016,25.0197689783939
桃園市大園區青峰里15鄰青峰路二段230號十樓,68,6800600,6800600-000,15鄰,青峰路,二段,,,,,230號十樓,121.224153709016,25.0197689783939
桃園市大園區青峰里15鄰青峰路二段230號二樓,68,6800600,6800600-000,15鄰,青峰路,二段,,,,,230號二樓,121.224153709016,25.0197689783939
桃園市大園區青峰里15鄰青峰路二段230號三樓,68,6800600,6800600-000,15鄰,青峰路,二段,,,,,230號三樓,121.224153709016,25.0197689783939
桃園市大園區青峰里15鄰青峰路二段230號四樓,68,6800600,6800600-000,15鄰,青峰路,二段,,,,,230號四樓,121.224153709016,25.0197689783939
桃園市大園區青峰里15鄰青峰路二段230號五樓,68,6800600,6800600-000,15鄰,青峰路,二段,,,,,230號五樓,121.224153709016,25.0197689783939
桃園市大園區青峰里15鄰青峰路二段230號六樓,68,6800600,6800600-000,15鄰,青峰路,二段,,,,,230號六樓,121.224153709016,25.0197689783939
桃園市大園區青峰里15鄰青峰路二段230號七樓,68,6800600,6800600-000,15鄰,青峰路,二段,,,,,230號七樓,121.224153709016,25.0197689783939
桃園市大園區青峰里15鄰青峰路二段230號八樓,68,6800600,6800600-000,15鄰,青峰路,二段,,,,,230號八樓,121.224153709016,25.0197689783939
桃園市大園區青峰里15鄰青峰路二段230號九樓,68,6800600,6800600-000,15鄰,青峰路,二段,,,,,230號九樓,121.224153709016,25.0197689783939
桃園市大園區青峰里15鄰青峰路二段232號,68,6800600,6800600-000,15鄰,青峰路,二段,,,,,232號,121.224208667887,25.0198054601972
桃園市大園區青峰里15鄰青峰路二段232之1號十樓,68,6800600,6800600-000,15鄰,青峰路,二段,,,,,232之1號十樓,121.224301864153,25.0197823877096
桃園市大園區青峰里15鄰青峰路二段232號十樓,68,6800600,6800600-000,15鄰,青峰路,二段,,,,,232號十樓,121.224208667887,25.0198054601972
桃園市大園區青峰里15鄰青峰路二段232號二樓,68,6800600,6800600-000,15鄰,青峰路,二段,,,,,232號二樓,121.224208667887,25.0198054601972
桃園市大園區青峰里15鄰青峰路二段232之1號二樓,68,6800600,6800600-000,15鄰,青峰路,二段,,,,,232之1號二樓,121.224301864153,25.0197823877096
桃園市大園區青峰里15鄰青峰路二段232之1號三樓,68,6800600,6800600-000,15鄰,青峰路,二段,,,,,232之1號三樓,121.224301864153,25.0197823877096
桃園市大園區青峰里15鄰青峰路二段232號三樓,68,6800600,6800600-000,15鄰,青峰路,二段,,,,,232號三樓,121.224208667887,25.0198054601972
桃園市大園區青峰里15鄰青峰路二段232之1號四樓,68,6800600,6800600-000,15鄰,青峰路,二段,,,,,232之1號四樓,121.224301864153,25.0197823877096
桃園市大園區青峰里15鄰青峰路二段232號四樓,68,6800600,6800600-000,15鄰,青峰路,二段,,,,,232號四樓,121.224208667887,25.0198054601972
桃園市大園區青峰里15鄰青峰路二段232之1號五樓,68,6800600,6800600-000,15鄰,青峰路,二段,,,,,232之1號五樓,121.224301864153,25.0197823877096
桃園市大園區青峰里15鄰青峰路二段232號五樓,68,6800600,6800600-000,15鄰,青峰路,二段,,,,,232號五樓,121.224208667887,25.0198054601972
桃園市大園區青峰里15鄰青峰路二段232之1號六樓,68,6800600,6800600-000,15鄰,青峰路,二段,,,,,232之1號六樓,121.224301864153,25.0197823877096
桃園市大園區青峰里15鄰青峰路二段232號六樓,68,6800600,6800600-000,15鄰,青峰路,二段,,,,,232號六樓,121.224208667887,25.0198054601972
桃園市大園區青峰里15鄰青峰路二段232號七樓,68,6800600,6800600-000,15鄰,青峰路,二段,,,,,232號七樓,121.224208667887,25.0198054601972
桃園市大園區青峰里15鄰青峰路二段232之1號七樓,68,6800600,6800600-000,15鄰,青峰路,二段,,,,,232之1號七樓,121.224301864153,25.0197823877096
桃園市大園區青峰里15鄰青峰路二段232號八樓,68,6800600,6800600-000,15鄰,青峰路,二段,,,,,232號八樓,121.224208667887,25.0198054601972
桃園市大園區青峰里15鄰青峰路二段232之1號八樓,68,6800600,6800600-000,15鄰,青峰路,二段,,,,,232之1號八樓,121.224301864153,25.0197823877096
桃園市大園區青峰里15鄰青峰路二段232號九樓,68,6800600,6800600-000,15鄰,青峰路,二段,,,,,232號九樓,121.224208667887,25.0198054601972
桃園市大園區青峰里15鄰青峰路二段232之1號九樓,68,6800600,6800600-000,15鄰,青峰路,二段,,,,,232之1號九樓,121.224301864153,25.0197823877096
桃園市大園區青峰里15鄰青峰路二段236號,68,6800600,6800600-000,15鄰,青峰路,二段,,,,,236號,121.224251538388,25.0198418699301
桃園市大園區青峰里15鄰青峰路二段236號十樓,68,6800600,6800600-000,15鄰,青峰路,二段,,,,,236號十樓,121.224251538388,25.0198418699301
桃園市大園區青峰里15鄰青峰路二段236號二樓,68,6800600,6800600-000,15鄰,青峰路,二段,,,,,236號二樓,121.224251538388,25.0198418699301
桃園市大園區青峰里15鄰青峰路二段236號三樓,68,6800600,6800600-000,15鄰,青峰路,二段,,,,,236號三樓,121.224251538388,25.0198418699301
桃園市大園區青峰里15鄰青峰路二段236號四樓,68,6800600,6800600-000,15鄰,青峰路,二段,,,,,236號四樓,121.224251538388,25.0198418699301
桃園市大園區青峰里15鄰青峰路二段236號五樓,68,6800600,6800600-000,15鄰,青峰路,二段,,,,,236號五樓,121.224251538388,25.0198418699301
桃園市大園區青峰里15鄰青峰路二段236號六樓,68,6800600,6800600-000,15鄰,青峰路,二段,,,,,236號六樓,121.224251538388,25.0198418699301
桃園市大園區青峰里15鄰青峰路二段236號七樓,68,6800600,6800600-000,15鄰,青峰路,二段,,,,,236號七樓,121.224251538388,25.0198418699301
桃園市大園區青峰里15鄰青峰路二段236號八樓,68,6800600,6800600-000,15鄰,青峰路,二段,,,,,236號八樓,121.224251538388,25.0198418699301
桃園市大園區青峰里15鄰青峰路二段236號九樓,68,6800600,6800600-000,15鄰,青峰路,二段,,,,,236號九樓,121.224251538388,25.0198418699301
桃園市大園區青峰里15鄰青峰路二段238號,68,6800600,6800600-000,15鄰,青峰路,二段,,,,,238號,121.224291839458,25.0198819851352
桃園市大園區青峰里15鄰青峰路二段238號十樓,68,6800600,6800600-000,15鄰,青峰路,二段,,,,,238號十樓,121.224291839458,25.0198819851352
桃園市大園區青峰里15鄰青峰路二段238號二樓,68,6800600,6800600-000,15鄰,青峰路,二段,,,,,238號二樓,121.224291839458,25.0198819851352
桃園市大園區青峰里15鄰青峰路二段238號三樓,68,6800600,6800600-000,15鄰,青峰路,二段,,,,,238號三樓,121.224291839458,25.0198819851352
桃園市大園區青峰里15鄰青峰路二段238號四樓,68,6800600,6800600-000,15鄰,青峰路,二段,,,,,238號四樓,121.224291839458,25.0198819851352
桃園市大園區青峰里15鄰青峰路二段238號五樓,68,6800600,6800600-000,15鄰,青峰路,二段,,,,,238號五樓,121.224291839458,25.0198819851352
桃園市大園區青峰里15鄰青峰路二段238號六樓,68,6800600,6800600-000,15鄰,青峰路,二段,,,,,238號六樓,121.224291839458,25.0198819851352
桃園市大園區青峰里15鄰青峰路二段238號七樓,68,6800600,6800600-000,15鄰,青峰路,二段,,,,,238號七樓,121.224291839458,25.0198819851352
桃園市大園區青峰里15鄰青峰路二段238號八樓,68,6800600,6800600-000,15鄰,青峰路,二段,,,,,238號八樓,121.224291839458,25.0198819851352
桃園市大園區青峰里15鄰青峰路二段238號九樓,68,6800600,6800600-000,15鄰,青峰路,二段,,,,,238號九樓,121.224291839458,25.0198819851352
桃園市大園區青峰里15鄰青峰路二段240號十樓,68,6800600,6800600-000,15鄰,青峰路,二段,,,,,240號十樓,121.22434680285,25.0199209045242
桃園市大園區青峰里15鄰青峰路二段240號二樓,68,6800600,6800600-000,15鄰,青峰路,二段,,,,,240號二樓,121.22434680285,25.0199209045242
桃園市大園區青峰里15鄰青峰路二段240號三樓,68,6800600,6800600-000,15鄰,青峰路,二段,,,,,240號三樓,121.22434680285,25.0199209045242
桃園市大園區青峰里15鄰青峰路二段240號四樓,68,6800600,6800600-000,15鄰,青峰路,二段,,,,,240號四樓,121.22434680285,25.0199209045242
桃園市大園區青峰里15鄰青峰路二段240號五樓,68,6800600,6800600-000,15鄰,青峰路,二段,,,,,240號五樓,121.22434680285,25.0199209045242
桃園市大園區青峰里15鄰青峰路二段240號六樓,68,6800600,6800600-000,15鄰,青峰路,二段,,,,,240號六樓,121.22434680285,25.0199209045242
桃園市大園區青峰里15鄰青峰路二段240號七樓,68,6800600,6800600-000,15鄰,青峰路,二段,,,,,240號七樓,121.22434680285,25.0199209045242
桃園市大園區青峰里15鄰青峰路二段240號八樓,68,6800600,6800600-000,15鄰,青峰路,二段,,,,,240號八樓,121.22434680285,25.0199209045242
桃園市大園區青峰里15鄰青峰路二段240號九樓,68,6800600,6800600-000,15鄰,青峰路,二段,,,,,240號九樓,121.22434680285,25.0199209045242
桃園市大園區青峰里15鄰青峰路二段242之1號十樓,68,6800600,6800600-000,15鄰,青峰路,二段,,,,,242之1號十樓,121.224452763278,25.0198880621022
桃園市大園區青峰里15鄰青峰路二段242號十樓,68,6800600,6800600-000,15鄰,青峰路,二段,,,,,242號十樓,121.224392368723,25.019968324691
桃園市大園區青峰里15鄰青峰路二段242之1號三樓,68,6800600,6800600-000,15鄰,青峰路,二段,,,,,242之1號三樓,121.224452763278,25.0198880621022
桃園市大園區青峰里15鄰青峰路二段242號三樓,68,6800600,6800600-000,15鄰,青峰路,二段,,,,,242號三樓,121.224392368723,25.019968324691
桃園市大園區青峰里15鄰青峰路二段242之1號四樓,68,6800600,6800600-000,15鄰,青峰路,二段,,,,,242之1號四樓,121.224452763278,25.0198880621022
桃園市大園區青峰里15鄰青峰路二段242號四樓,68,6800600,6800600-000,15鄰,青峰路,二段,,,,,242號四樓,121.224392368723,25.019968324691
桃園市大園區青峰里15鄰青峰路二段242之1號五樓,68,6800600,6800600-000,15鄰,青峰路,二段,,,,,242之1號五樓,121.224452763278,25.0198880621022
桃園市大園區青峰里15鄰青峰路二段242號五樓,68,6800600,6800600-000,15鄰,青峰路,二段,,,,,242號五樓,121.224392368723,25.019968324691
桃園市大園區青峰里15鄰青峰路二段242之1號六樓,68,6800600,6800600-000,15鄰,青峰路,二段,,,,,242之1號六樓,121.224452763278,25.0198880621022
桃園市大園區青峰里15鄰青峰路二段242號六樓,68,6800600,6800600-000,15鄰,青峰路,二段,,,,,242號六樓,121.224392368723,25.019968324691
桃園市大園區青峰里15鄰青峰路二段242之1號七樓,68,6800600,6800600-000,15鄰,青峰路,二段,,,,,242之1號七樓,121.224452763278,25.0198880621022
桃園市大園區青峰里15鄰青峰路二段242號七樓,68,6800600,6800600-000,15鄰,青峰路,二段,,,,,242號七樓,121.224392368723,25.019968324691
桃園市大園區青峰里15鄰青峰路二段242之1號八樓,68,6800600,6800600-000,15鄰,青峰路,二段,,,,,242之1號八樓,121.224452763278,25.0198880621022
桃園市大園區青峰里15鄰青峰路二段242號八樓,68,6800600,6800600-000,15鄰,青峰路,二段,,,,,242號八樓,121.224392368723,25.019968324691
桃園市大園區青峰里15鄰青峰路二段242之1號九樓,68,6800600,6800600-000,15鄰,青峰路,二段,,,,,242之1號九樓,121.224452763278,25.0198880621022
桃園市大園區青峰里15鄰青峰路二段242號九樓,68,6800600,6800600-000,15鄰,青峰路,二段,,,,,242號九樓,121.224392368723,25.019968324691
桃園市大園區青峰里14鄰青峰路二段245號,68,6800600,6800600-000,14鄰,青峰路,二段,,,,,245號,121.224116827672,25.0203571383465
桃園市大園區青峰里14鄰青峰路二段245號三樓,68,6800600,6800600-000,14鄰,青峰路,二段,,,,,245號三樓,121.224116827672,25.0203571383465
桃園市大園區青峰里14鄰青峰路二段245號四樓,68,6800600,6800600-000,14鄰,青峰路,二段,,,,,245號四樓,121.224116827672,25.0203571383465
桃園市大園區青峰里14鄰青峰路二段245號五樓,68,6800600,6800600-000,14鄰,青峰路,二段,,,,,245號五樓,121.224116827672,25.0203571383465
桃園市大園區青峰里14鄰青峰路二段245號六樓,68,6800600,6800600-000,14鄰,青峰路,二段,,,,,245號六樓,121.224116827672,25.0203571383465
桃園市大園區青峰里14鄰青峰路二段245號七樓,68,6800600,6800600-000,14鄰,青峰路,二段,,,,,245號七樓,121.224116827672,25.0203571383465
桃園市大園區青峰里14鄰青峰路二段245號八樓,68,6800600,6800600-000,14鄰,青峰路,二段,,,,,245號八樓,121.224116827672,25.0203571383465
桃園市大園區青峰里14鄰青峰路二段245號九樓,68,6800600,6800600-000,14鄰,青峰路,二段,,,,,245號九樓,121.224116827672,25.0203571383465
