FULL_ADDR,COUNTY,TOWN,VILLAGE,NEIGHBORHOOD,ROAD,SECTION,LANE,ALLEY,SUB_ALLEY,TONG,NUMBER,X,Y
桃園市中壢區青埔里19鄰青心路16號,68,6800200,6800200-032,19鄰,青心路,,,,,,16號,121.22049428059,25.0116948259979
桃園市中壢區青埔里19鄰青心路18號,68,6800200,6800200-032,19鄰,青心路,,,,,,18號,121.220448470289,25.0117299238147
桃園市中壢區青埔里19鄰青心路20號,68,6800200,6800200-032,19鄰,青心路,,,,,,20號,121.220493331796,25.0117738252503
桃園市中壢區青埔里19鄰青心路22號,68,6800200,6800200-032,19鄰,青心路,,,,,,22號,121.220530363149,25.0118160229018
桃園市中壢區青埔里19鄰青心路26號,68,6800200,6800200-032,19鄰,青心路,,,,,,26號,121.220569280065,25.0118599331289
桃園市中壢區青埔里19鄰青心路28號,68,6800200,6800200-032,19鄰,青心路,,,,,,28號,121.220604326531,25.011900237757
桃園市中壢區青埔里19鄰青心路30號,68,6800200,6800200-032,19鄰,青心路,,,,,,30號,121.220647190633,25.0119352040658
桃園市中壢區青埔里19鄰青心路32號,68,6800200,6800200-032,19鄰,青心路,,,,,,32號,121.220690057986,25.0119719760221
