FULL_ADDR,COUNTY,TOWN,VILLAGE,NEIGHBORHOOD,ROAD,SECTION,LANE,ALLEY,SUB_ALLEY,TONG,NUMBER,X,Y
桃園市龍潭區八德里40鄰龍園十路20號,68,6800900,6800900-007,40鄰,龍園十路,,,,,,20號,121.186529224531,24.8891380028351
桃園市龍潭區八德里40鄰龍園十路55號,68,6800900,6800900-007,40鄰,龍園十路,,,,,,55號,121.184994958489,24.8876894859689
