FULL_ADDR,COUNTY,TOWN,VILLAGE,NEIGHBORHOOD,ROAD,SECTION,LANE,ALLEY,SUB_ALLEY,TONG,NUMBER,X,Y
桃園市中壢區龍昌里1鄰龍川九街18號,68,6800200,6800200-002,1鄰,龍川九街,,,,,,18號,121.248775974259,24.9331840866098
桃園市中壢區龍昌里1鄰龍川九街28號,68,6800200,6800200-002,1鄰,龍川九街,,,,,,28號,121.248430141051,24.9331965809095
桃園市中壢區龍昌里1鄰龍川九街108之1號,68,6800200,6800200-002,1鄰,龍川九街,,,,,,108之1號,121.246993837596,24.9329003080885
桃園市中壢區龍昌里1鄰龍川九街168號,68,6800200,6800200-002,1鄰,龍川九街,,,,,,168號,121.245903744102,24.9327287649626
桃園市中壢區龍昌里1鄰龍川九街172之1號,68,6800200,6800200-002,1鄰,龍川九街,,,,,,172之1號,121.245744097234,24.9325609192477
桃園市中壢區龍昌里1鄰龍川九街176之1號,68,6800200,6800200-002,1鄰,龍川九街,,,,,,176之1號,121.245562679588,24.9324990124812
