FULL_ADDR,COUNTY,TOWN,VILLAGE,NEIGHBORHOOD,ROAD,SECTION,LANE,ALLEY,SUB_ALLEY,TONG,NUMBER,X,Y
桃園市中壢區內定里1鄰高邊路1號,68,6800200,6800200-027,1鄰,高邊路,,,,,,1號,121.239940718387,24.9888810961559
桃園市中壢區內定里1鄰高邊路3號,68,6800200,6800200-027,1鄰,高邊路,,,,,,3號,121.240216280231,24.9889721990094
桃園市中壢區內定里1鄰高邊路4號,68,6800200,6800200-027,1鄰,高邊路,,,,,,4號,121.240569280785,24.988693555751
桃園市中壢區內定里1鄰高邊路5號,68,6800200,6800200-027,1鄰,高邊路,,,,,,5號,121.240560534016,24.9890855806157
桃園市中壢區內定里1鄰高邊路6號,68,6800200,6800200-027,1鄰,高邊路,,,,,,6號,121.241083152258,24.9888724784878
桃園市中壢區內定里1鄰高邊路7號,68,6800200,6800200-027,1鄰,高邊路,,,,,,7號,121.240834118042,24.9891779494826
桃園市中壢區內定里1鄰高邊路8號,68,6800200,6800200-027,1鄰,高邊路,,,,,,8號,121.241406870227,24.9888685229271
桃園市中壢區內定里1鄰高邊路10號,68,6800200,6800200-027,1鄰,高邊路,,,,,,10號,121.241615284023,24.9889156737785
