FULL_ADDR,COUNTY,TOWN,VILLAGE,NEIGHBORHOOD,ROAD,SECTION,LANE,ALLEY,SUB_ALLEY,TONG,NUMBER,X,Y
桃園市新屋區下田里9鄰鑫田一路57號,68,6801100,6801100-012,9鄰,鑫田一路,,,,,,57號,121.069313552572,24.9973646865334
桃園市新屋區下田里9鄰鑫田一路61號,68,6801100,6801100-012,9鄰,鑫田一路,,,,,,61號,121.069146973018,24.9974548672963
桃園市新屋區下田里9鄰鑫田一路175號,68,6801100,6801100-012,9鄰,鑫田一路,,,,,,175號,121.067288874806,24.9981757326965
桃園市新屋區下田里9鄰鑫田一路185號,68,6801100,6801100-012,9鄰,鑫田一路,,,,,,185號,121.066929520794,24.9979243640984
桃園市新屋區下田里9鄰鑫田一路195號,68,6801100,6801100-012,9鄰,鑫田一路,,,,,,195號,121.067093937466,24.9982254768324
桃園市新屋區下田里9鄰鑫田一路196號,68,6801100,6801100-012,9鄰,鑫田一路,,,,,,196號,121.067746728579,24.9981117845393
