FULL_ADDR,COUNTY,TOWN,VILLAGE,NEIGHBORHOOD,ROAD,SECTION,LANE,ALLEY,SUB_ALLEY,TONG,NUMBER,X,Y
桃園市龍潭區八德里40鄰龍科街228號,68,6800900,6800900-007,40鄰,龍科街,,,,,,228號,121.186447806999,24.8777594047822
桃園市龍潭區八德里40鄰龍科街235號,68,6800900,6800900-007,40鄰,龍科街,,,,,,235號,121.186872125275,24.8768586425365
桃園市龍潭區八德里40鄰龍科街338號,68,6800900,6800900-007,40鄰,龍科街,,,,,,338號,121.185873741372,24.877140314042
桃園市龍潭區八德里40鄰龍科街338號二樓,68,6800900,6800900-007,40鄰,龍科街,,,,,,338號二樓,121.185873741372,24.877140314042
