FULL_ADDR,COUNTY,TOWN,VILLAGE,NEIGHBORHOOD,ROAD,SECTION,LANE,ALLEY,SUB_ALLEY,TONG,NUMBER,X,Y
桃園市新屋區大坡里1鄰香坡五路151號,68,6801100,6801100-022,1鄰,香坡五路,,,,,,151號,121.04589539782,24.9640134388938
桃園市新屋區大坡里9鄰香坡五路420號,68,6801100,6801100-022,9鄰,香坡五路,,,,,,420號,121.042963055536,24.9663860805224
