FULL_ADDR,COUNTY,TOWN,VILLAGE,NEIGHBORHOOD,ROAD,SECTION,LANE,ALLEY,SUB_ALLEY,TONG,NUMBER,X,Y
桃園市龍潭區八德里40鄰龍園七路50號,68,6800900,6800900-007,40鄰,龍園七路,,,,,,50號,121.184326799657,24.8848528387528
桃園市龍潭區八德里40鄰龍園七路68號,68,6800900,6800900-007,40鄰,龍園七路,,,,,,68號,121.184369012186,24.8844855075637
桃園市龍潭區八德里40鄰龍園七路88號,68,6800900,6800900-007,40鄰,龍園七路,,,,,,88號,121.184263082226,24.8842014214221
