FULL_ADDR,COUNTY,TOWN,VILLAGE,NEIGHBORHOOD,ROAD,SECTION,LANE,ALLEY,SUB_ALLEY,TONG,NUMBER,X,Y
桃園市中壢區青埔里5鄰青園路6號,68,6800200,6800200-032,5鄰,青園路,,,,,,6號,121.215752001996,25.008788430214
桃園市中壢區青埔里5鄰青園路6號二樓,68,6800200,6800200-032,5鄰,青園路,,,,,,6號二樓,121.215752001996,25.008788430214
桃園市中壢區青埔里5鄰青園路6號三樓,68,6800200,6800200-032,5鄰,青園路,,,,,,6號三樓,121.215752001996,25.008788430214
桃園市中壢區青埔里5鄰青園路6號四樓,68,6800200,6800200-032,5鄰,青園路,,,,,,6號四樓,121.215752001996,25.008788430214
桃園市中壢區青埔里5鄰青園路6號五樓,68,6800200,6800200-032,5鄰,青園路,,,,,,6號五樓,121.215752001996,25.008788430214
桃園市中壢區青埔里5鄰青園路6號六樓,68,6800200,6800200-032,5鄰,青園路,,,,,,6號六樓,121.215752001996,25.008788430214
桃園市中壢區青埔里5鄰青園路6號七樓,68,6800200,6800200-032,5鄰,青園路,,,,,,6號七樓,121.215752001996,25.008788430214
桃園市中壢區青埔里5鄰青園路6號八樓,68,6800200,6800200-032,5鄰,青園路,,,,,,6號八樓,121.215752001996,25.008788430214
桃園市中壢區青埔里5鄰青園路57號,68,6800200,6800200-032,5鄰,青園路,,,,,,57號,121.215610100553,25.0093980482938
