FULL_ADDR,COUNTY,TOWN,VILLAGE,NEIGHBORHOOD,ROAD,SECTION,LANE,ALLEY,SUB_ALLEY,TONG,NUMBER,X,Y
桃園市中壢區仁美里9鄰金鋒六街10號,68,6800200,6800200-012,9鄰,金鋒六街,,,,,,10號,121.24876503662,24.9447503900104
桃園市中壢區仁美里9鄰金鋒六街12號,68,6800200,6800200-012,9鄰,金鋒六街,,,,,,12號,121.248806471823,24.944771898691
桃園市中壢區仁美里9鄰金鋒六街16號,68,6800200,6800200-012,9鄰,金鋒六街,,,,,,16號,121.248838994732,24.9447933319598
桃園市中壢區仁美里9鄰金鋒六街18號,68,6800200,6800200-012,9鄰,金鋒六街,,,,,,18號,121.248890792248,24.944797308226
桃園市中壢區仁美里9鄰金鋒六街20號,68,6800200,6800200-012,9鄰,金鋒六街,,,,,,20號,121.248930758464,24.9448269448802
桃園市中壢區仁美里9鄰金鋒六街22號,68,6800200,6800200-012,9鄰,金鋒六街,,,,,,22號,121.248969233717,24.9448537852125
桃園市中壢區仁美里9鄰金鋒六街30號,68,6800200,6800200-012,9鄰,金鋒六街,,,,,,30號,121.249084558012,24.944933042343
