FULL_ADDR,COUNTY,TOWN,VILLAGE,NEIGHBORHOOD,ROAD,SECTION,LANE,ALLEY,SUB_ALLEY,TONG,NUMBER,X,Y
桃園市蘆竹區錦中里2鄰錦溪路69號,68,6800500,6800500-020,2鄰,錦溪路,,,,,,69號,121.290390501487,25.0522863010866
桃園市蘆竹區錦中里2鄰錦溪路83之1號,68,6800500,6800500-020,2鄰,錦溪路,,,,,,83之1號,121.289737631789,25.0529048370734
桃園市蘆竹區錦中里2鄰錦溪路99之1號,68,6800500,6800500-020,2鄰,錦溪路,,,,,,99之1號,121.289954568236,25.0534877285583
桃園市蘆竹區錦中里2鄰錦溪路119號,68,6800500,6800500-020,2鄰,錦溪路,,,,,,119號,121.289048769417,25.0549141507319
桃園市蘆竹區錦中里2鄰錦溪路125號,68,6800500,6800500-020,2鄰,錦溪路,,,,,,125號,121.288772979075,25.0552689554019
桃園市蘆竹區錦中里2鄰錦溪路139號,68,6800500,6800500-020,2鄰,錦溪路,,,,,,139號,121.287712484655,25.0549325447104
