FULL_ADDR,COUNTY,TOWN,VILLAGE,NEIGHBORHOOD,ROAD,SECTION,LANE,ALLEY,SUB_ALLEY,TONG,NUMBER,X,Y
桃園市新屋區下田里9鄰鑫田路183號,68,6801100,6801100-012,9鄰,鑫田路,,,,,,183號,121.070016491602,24.9964242319503
桃園市新屋區下田里9鄰鑫田路396號,68,6801100,6801100-012,9鄰,鑫田路,,,,,,396號,121.069533288752,24.9982564074798
桃園市新屋區赤欄里4鄰鑫田路268號,68,6801100,6801100-014,4鄰,鑫田路,,,,,,268號,121.070686954835,24.9965722512427
