FULL_ADDR,COUNTY,TOWN,VILLAGE,NEIGHBORHOOD,ROAD,SECTION,LANE,ALLEY,SUB_ALLEY,TONG,NUMBER,X,Y
桃園市中壢區內定里1鄰高下路1號,68,6800200,6800200-027,1鄰,高下路,,,,,,1號,121.240116113185,24.9876369780765
桃園市中壢區內定里1鄰高下路2號,68,6800200,6800200-027,1鄰,高下路,,,,,,2號,121.240473477244,24.9881265499444
桃園市中壢區內定里1鄰高下路3號,68,6800200,6800200-027,1鄰,高下路,,,,,,3號,121.23991667513,24.9879258456809
桃園市中壢區內定里1鄰高下路5號,68,6800200,6800200-027,1鄰,高下路,,,,,,5號,121.239921969504,24.9883059305064
桃園市中壢區內定里1鄰高下路6號,68,6800200,6800200-027,1鄰,高下路,,,,,,6號,121.240323054473,24.9884056785314
